Using SPARSE 1.3 as Direct Linear Solver
Note: Starting dynamic gmin stepping
Warning: Dynamic gmin stepping failed
Note: Starting true gmin stepping
Note: True gmin stepping completed

Note: No compatibility mode selected!


Circuit: * reference-phase-transfer @ ctl_ss_125c_2.97v_vs1p093 -- generated by sim/harness, do not edit

Doing analysis at TEMP = 125.000000 and TNOM = 27.000000


Initial Transient Solution
--------------------------

Node                                   Voltage
----                                   -------
vdd                                       2.97
vdd_vco                                   2.97
vdd_div                                   2.97
gnd_vco                                      0
vss                                          0
refa                                         0
refb                                         0
gate                                         0
ref                                          0
b0                                           0
b1                                        2.97
b2                                        2.97
cpb0                                         0
cpb1                                         0
ldt0                                         0
ldt1                                         0
ldt2                                         0
ldt3                                      2.97
p0                                           0
p1                                        2.97
p2                                           0
p3                                           0
p4                                           0
p5                                           0
sel0                                         0
sel1                                      2.97
sel2                                         0
sel3                                         0
sel4                                         0
sel5                                         0
ibn                                   0.745522
icn                                   0.874805
ibp                                    2.09235
icp                                     1.9436
xdut.xpfd.xpfd.xed_ref.d1                 2.97
xdut.xpfd.xpfd.xed_ref.d2          1.91615e-08
xdut.xpfd.xpfd.xed_ref.d3                 2.97
xdut.xpfd.xpfd.xed_ref.d4          1.91615e-08
xdut.xpfd.xpfd.xed_ref.d5                 2.97
xdut.xpfd.xpfd.xed_ref.nn                 2.97
xdut.xpfd.xpfd.xed_ref.xnd.ni      2.21249e-08
xdut.xpfd.xpfd.pr                  1.91615e-08
xdut.xpfd.xpfd.xed_fb.d1               2.05858
fb                                     1.43813
xdut.xpfd.xpfd.xed_fb.d2             0.0261726
xdut.xpfd.xpfd.xed_fb.d3                  2.97
xdut.xpfd.xpfd.xed_fb.d4           1.91615e-08
xdut.xpfd.xpfd.xed_fb.d5                  2.97
xdut.xpfd.xpfd.xed_fb.nn              0.544982
xdut.xpfd.xpfd.xed_fb.xnd.ni            0.1069
xdut.xpfd.xpfd.pf                      2.96852
xdut.xpfd.xpfd.sbr                        2.97
xdut.xpfd.xpfd.sbf                 1.92841e-08
xdut.up                            3.94996e-08
xdut.xpfd.xpfd.upb                        2.97
xdut.xpfd.xpfd.xlat_ref.xn1.ni     1.97498e-08
xdut.xpfd.xpfd.rb                         2.97
xdut.xpfd.xpfd.xlat_ref.xn2.ni         2.44101
xdut.dn                                   2.97
xdut.xpfd.xpfd.dnb                 3.94996e-08
xdut.xpfd.xpfd.xlat_fb.xn1.ni        0.0540706
xdut.xpfd.xpfd.xlat_fb.xn2.ni      1.97498e-08
xdut.xpfd.xpfd.nrst                       2.97
xdut.xpfd.xpfd.xnand_rst.ni        2.21249e-08
xdut.xpfd.xpfd.rst_raw             1.91615e-08
xdut.xpfd.xpfd.rd1                        2.97
xdut.xpfd.xpfd.rd2                 1.91615e-08
xdut.xpfd.xpfd.rd3                        2.97
xdut.xpfd.xpfd.rd4                 1.91615e-08
xdut.xpfd.xpfd.rd5                        2.97
xdut.xpfd.xpfd.rd6                 1.91615e-08
xdut.xpfd.xpfd.rd7                        2.97
xdut.xpfd.xpfd.rd8                 1.91615e-08
xdut.xpfd.xpfd.rd9                        2.97
xdut.xpfd.xpfd.rd10                1.91615e-08
xdut.xpfd.xpfd.rd11                       2.97
xdut.xpfd.xpfd.rd12                1.91615e-08
xdut.xpfd.xpfd.rd13                       2.97
xdut.xpfd.xpfd.rd14                1.91615e-08
xdut.xpfd.xpfd.rd15                       2.97
xdut.xpfd.xpfd.rd16                1.91615e-08
xdut.xpfd.xpfd.rd17                       2.97
xdut.xpfd.xpfd.rd18                1.91615e-08
xdut.xpfd.xpfd.rd19                       2.97
xdut.xpfd.xpfd.rd20                1.91615e-08
xdut.xpfd.xpfd.rd21                       2.97
xdut.xpfd.xpfd.rd22                1.91615e-08
xdut.xpfd.xpfd.rd23                       2.97
xdut.xpfd.xpfd.rst_dly             1.91615e-08
xdut.xpfd.xcp.b0b                         2.97
xdut.xpfd.xcp.b1b                         2.97
xdut.xpfd.xcp.upb                         2.97
xdut.xpfd.xcp.dnb                  1.91615e-08
xdut.xpfd.xcp.xn_base.bg              0.745522
xdut.xpfd.xcp.xn_base.mid             0.101042
xdut.xpfd.xcp.dnt                      1.09168
xdut.xpfd.xcp.xn_t0.bg             7.36382e-09
xdut.xpfd.xcp.xn_t0.mid               0.574796
xdut.xpfd.xcp.xn_t1a.bg            7.36382e-09
xdut.xpfd.xcp.xn_t1a.mid              0.574796
xdut.xpfd.xcp.xn_t1b.bg            7.36382e-09
xdut.xpfd.xcp.xn_t1b.mid              0.574796
xdut.xpfd.xcp.xp_base.bg               2.09235
xdut.xpfd.xcp.xp_base.mid              2.86232
xdut.xpfd.xcp.upt                      1.22604
xdut.xpfd.xcp.xp_t0.bg                    2.97
xdut.xpfd.xcp.xp_t0.mid                1.59732
xdut.xpfd.xcp.xp_t1a.bg                   2.97
xdut.xpfd.xcp.xp_t1a.mid               1.59732
xdut.xpfd.xcp.xp_t1b.bg                   2.97
xdut.xpfd.xcp.xp_t1b.mid               1.59732
vctrl                                    1.093
xdut.xpfd.xcp.vdump                    1.10955
xdut.xpfd.xcp.xbuf.nsrc               0.296014
xdut.xpfd.xcp.xbuf.nda                  2.1037
xdut.xpfd.xcp.xbuf.psrc                1.92349
xdut.xpfd.xcp.xbuf.pda                0.704403
xdut.xlf.nr1                             1.093
xdut.xlf.xrf1.11                         1.093
xdut.xlf.xrf1.21                         1.093
xdut.xlf.nr2                             1.093
xdut.xlf.xrf2.11                         1.093
xdut.xlf.xrf2.21                         1.093
xdut.xlf.nr3                             1.093
xdut.xlf.xrf3.11                         1.093
xdut.xlf.xrf3.21                         1.093
xdut.xlf.nz                              1.093
xdut.xlf.xrf4.11                         1.093
xdut.xlf.xrf4.21                         1.093
xdut.xlf.xcf1.c_moscap_int1             -1.093
xdut.xlf.xcf2.c_moscap_int1             -1.093
xdut.xlf.xcf3.c_moscap_int1             -1.093
xdut.xlf.xcf4.c_moscap_int1             -1.093
xdut.xvco.xbias.na                     1.13256
xdut.xvco.xbias.vbpc                    1.8575
xdut.xvco.xbias.nc                    0.184038
xdut.xvco.xbias.xrcg.11               0.183748
xdut.xvco.xbias.xrcg.21            0.000290592
xdut.xvco.xbias.nsu                 0.00601688
xdut.xvco.xbias.vfix                   1.94868
xdut.xvco.xbias.nmd                   0.832844
xdut.xvco.xbias.vbp0                    2.0724
xdut.xvco.xbias.noff                   0.85941
xdut.xvco.xbias.xroff.11              0.859172
xdut.xvco.xbias.xroff.21           0.000237223
xdut.xvco.xbias.nvi                   0.279273
xdut.xvco.xbias.xrdeg.11              0.279195
xdut.xvco.xbias.xrdeg.21           7.70878e-05
xdut.xvco.xbias.b0b                       2.97
xdut.xvco.xbias.b1b                1.13919e-08
xdut.xvco.xbias.b2b                1.13919e-08
xdut.xvco.xbias.vbn1                  0.755172
xdut.xvco.xbias.ga                        2.97
xdut.xvco.xbias.vbp2                   2.00521
xdut.xvco.xbias.gb                    0.755172
xdut.xvco.vbn                          1.01565
xdut.xvco.xbias.gc                     2.00521
xdut.xvco.vbp                          1.79163
xdut.xvco.xs1.nh                       1.47811
xdut.xvco.y1                                 0
xdut.xvco.y5                                 0
xdut.xvco.xs1.nt                             0
xdut.xvco.xs2.nh                          2.97
xdut.xvco.y2                              2.97
xdut.xvco.xs2.nt                   1.63832e-07
xdut.xvco.xs3.nh                          2.97
xdut.xvco.y3                                 0
xdut.xvco.xs3.nt                             0
xdut.xvco.xs4.nh                          2.97
xdut.xvco.y4                              2.97
xdut.xvco.xs4.nt                   1.63832e-07
xdut.xvco.xs5.nh                          2.97
xdut.xvco.xs5.nt                             0
xdut.xvco.nb1                             2.97
xdut.xvco.nb2                      9.42945e-09
clk                                       2.97
xdut.xvco.xcdec1.c_moscap_int1           -2.97
xdut.xvco.xcdec2.c_moscap_int1           -2.97
xdut.xdiv.xd0.sb                          2.97
xdut.xdiv.mi0                      1.21794e-08
xdut.xdiv.mo0                      1.21794e-08
xdut.xdiv.xd0.xn3.nm1                0.0877937
xdut.xdiv.xd0.xn3.nm2                0.0218742
xdut.xdiv.xd0.dqn                      0.41328
xdut.xdiv.xd0.qb                       1.43811
xdut.xdiv.xd0.xn2q.nmid              0.0956873
xdut.xdiv.xd0.dq                        2.9698
xdut.xdiv.xd0.xfq.ckb              1.21794e-08
xdut.xdiv.xd0.xfq.ckbb                    2.97
xdut.xdiv.xd0.xfq.nm                   1.43813
xdut.xdiv.xd0.xfq.nma                  1.43813
xdut.xdiv.xd0.xfq.nmb                  1.43813
xdut.xdiv.xd0.xfq.ns                   1.43813
xdut.xdiv.xd0.q                        1.43813
xdut.xdiv.ck1                          1.42298
xdut.xdiv.xd0.nmo                         2.97
xdut.xdiv.xd0.xn2m.nmid             8.6936e-08
xdut.xdiv.xd0.dmo                  1.98761e-08
xdut.xdiv.xd0.xfmo.ckb             1.21794e-08
xdut.xdiv.xd0.xfmo.ckbb                   2.97
xdut.xdiv.xd0.xfmo.nm              5.05158e-08
xdut.xdiv.xd0.xfmo.nma                    2.97
xdut.xdiv.xd0.xfmo.nmb             3.51714e-08
xdut.xdiv.xd0.xfmo.ns                     2.97
xdut.xdiv.xd0.mob                         2.97
xdut.xdiv.xd1.sb                          2.97
xdut.xdiv.mi1                             2.97
xdut.xdiv.mo1                      4.81192e-08
xdut.xdiv.xd1.xn3.nm1                  2.49148
xdut.xdiv.xd1.xn3.nm2                  2.45839
xdut.xdiv.xd1.dqn                         2.97
xdut.xdiv.xd1.qb                      0.060976
xdut.xdiv.xd1.xn2q.nmid             1.4737e-07
xdut.xdiv.xd1.dq                   3.51223e-08
xdut.xdiv.xd1.xfq.ckb                  1.75372
xdut.xdiv.xd1.xfq.ckbb                0.152727
xdut.xdiv.xd1.xfq.nm               6.00318e-08
xdut.xdiv.xd1.xfq.nma                  2.90349
xdut.xdiv.xd1.xfq.nmb              3.27783e-08
xdut.xdiv.xd1.xfq.ns                  0.172995
xdut.xdiv.xd1.q                           2.97
xdut.xdiv.ck2                             2.97
xdut.xdiv.xd1.nmo                  2.41558e-08
xdut.xdiv.xd1.xn2m.nmid            1.20779e-08
xdut.xdiv.xd1.dmo                         2.97
xdut.xdiv.xd1.xfmo.ckb                 1.75372
xdut.xdiv.xd1.xfmo.ckbb               0.152727
xdut.xdiv.xd1.xfmo.nm                     2.97
xdut.xdiv.xd1.xfmo.nma               0.0477893
xdut.xdiv.xd1.xfmo.nmb                    2.97
xdut.xdiv.xd1.xfmo.ns                  2.86141
xdut.xdiv.xd1.mob                      2.91778
xdut.xdiv.xd2.sb                          2.97
xdut.xdiv.mi2                      1.21794e-08
xdut.xdiv.mo2                      1.21794e-08
xdut.xdiv.xd2.xn3.nm1                0.0877937
xdut.xdiv.xd2.xn3.nm2                0.0218742
xdut.xdiv.xd2.dqn                         2.97
xdut.xdiv.xd2.qb                   1.98761e-08
xdut.xdiv.xd2.xn2q.nmid             4.1656e-08
xdut.xdiv.xd2.dq                   6.21715e-08
xdut.xdiv.xd2.xfq.ckb              1.21794e-08
xdut.xdiv.xd2.xfq.ckbb                    2.97
xdut.xdiv.xd2.xfq.nm                      2.97
xdut.xdiv.xd2.xfq.nma              3.51715e-08
xdut.xdiv.xd2.xfq.nmb                     2.97
xdut.xdiv.xd2.xfq.ns               5.05158e-08
xdut.xdiv.xd2.q                           2.97
xdut.xdiv.ck3                             2.97
xdut.xdiv.xd2.nmo                         2.97
xdut.xdiv.xd2.xn2m.nmid            4.16559e-08
xdut.xdiv.xd2.dmo                  1.98761e-08
xdut.xdiv.xd2.xfmo.ckb             1.21794e-08
xdut.xdiv.xd2.xfmo.ckbb                   2.97
xdut.xdiv.xd2.xfmo.nm              5.05158e-08
xdut.xdiv.xd2.xfmo.nma                    2.97
xdut.xdiv.xd2.xfmo.nmb             3.51714e-08
xdut.xdiv.xd2.xfmo.ns                     2.97
xdut.xdiv.xd2.mob                         2.97
xdut.xdiv.xd3.sb                          2.97
xdut.xdiv.mi3                      1.21794e-08
xdut.xdiv.mo3                      1.21794e-08
xdut.xdiv.xd3.xn3.nm1                0.0877937
xdut.xdiv.xd3.xn3.nm2                0.0218742
xdut.xdiv.xd3.dqn                         2.97
xdut.xdiv.xd3.qb                   1.98761e-08
xdut.xdiv.xd3.xn2q.nmid             4.1656e-08
xdut.xdiv.xd3.dq                   6.21715e-08
xdut.xdiv.xd3.xfq.ckb              1.21794e-08
xdut.xdiv.xd3.xfq.ckbb                    2.97
xdut.xdiv.xd3.xfq.nm                      2.97
xdut.xdiv.xd3.xfq.nma              3.51715e-08
xdut.xdiv.xd3.xfq.nmb                     2.97
xdut.xdiv.xd3.xfq.ns               5.05158e-08
xdut.xdiv.xd3.q                           2.97
xdut.xdiv.ck4                             2.97
xdut.xdiv.xd3.nmo                         2.97
xdut.xdiv.xd3.xn2m.nmid            4.16559e-08
xdut.xdiv.xd3.dmo                  1.98761e-08
xdut.xdiv.xd3.xfmo.ckb             1.21794e-08
xdut.xdiv.xd3.xfmo.ckbb                   2.97
xdut.xdiv.xd3.xfmo.nm              5.05158e-08
xdut.xdiv.xd3.xfmo.nma                    2.97
xdut.xdiv.xd3.xfmo.nmb             3.51714e-08
xdut.xdiv.xd3.xfmo.ns                     2.97
xdut.xdiv.xd3.mob                         2.97
xdut.xdiv.xd4.sb                          2.97
xdut.xdiv.mi4                      1.21794e-08
xdut.xdiv.mo4                      1.21794e-08
xdut.xdiv.xd4.xn3.nm1                0.0877938
xdut.xdiv.xd4.xn3.nm2                0.0218743
xdut.xdiv.xd4.dqn                         2.97
xdut.xdiv.xd4.qb                   1.98761e-08
xdut.xdiv.xd4.xn2q.nmid             4.1656e-08
xdut.xdiv.xd4.dq                   6.21715e-08
xdut.xdiv.xd4.xfq.ckb              1.21794e-08
xdut.xdiv.xd4.xfq.ckbb                    2.97
xdut.xdiv.xd4.xfq.nm                      2.97
xdut.xdiv.xd4.xfq.nma              3.51715e-08
xdut.xdiv.xd4.xfq.nmb                     2.97
xdut.xdiv.xd4.xfq.ns               5.05158e-08
xdut.xdiv.xd4.q                           2.97
xdut.xdiv.ck5                             2.97
xdut.xdiv.xd4.nmo                         2.97
xdut.xdiv.xd4.xn2m.nmid            4.16559e-08
xdut.xdiv.xd4.dmo                  1.98761e-08
xdut.xdiv.xd4.xfmo.ckb             1.21794e-08
xdut.xdiv.xd4.xfmo.ckbb                   2.97
xdut.xdiv.xd4.xfmo.nm              5.05158e-08
xdut.xdiv.xd4.xfmo.nma                    2.97
xdut.xdiv.xd4.xfmo.nmb             3.51714e-08
xdut.xdiv.xd4.xfmo.ns                     2.97
xdut.xdiv.xd4.mob                         2.97
xdut.xdiv.xd5.sb                          2.97
xdut.xdiv.mo5                      1.21794e-08
xdut.xdiv.xd5.xn3.nm1                0.0877937
xdut.xdiv.xd5.xn3.nm2                0.0218742
xdut.xdiv.xd5.dqn                         2.97
xdut.xdiv.xd5.qb                   1.98761e-08
xdut.xdiv.xd5.xn2q.nmid             4.1656e-08
xdut.xdiv.xd5.dq                   6.21715e-08
xdut.xdiv.xd5.xfq.ckb              1.21794e-08
xdut.xdiv.xd5.xfq.ckbb                    2.97
xdut.xdiv.xd5.xfq.nm                      2.97
xdut.xdiv.xd5.xfq.nma              3.51715e-08
xdut.xdiv.xd5.xfq.nmb                     2.97
xdut.xdiv.xd5.xfq.ns               5.05158e-08
xdut.xdiv.xd5.q                           2.97
xdut.xdiv.ck6                             2.97
xdut.xdiv.xd5.nmo                         2.97
xdut.xdiv.xd5.xn2m.nmid            4.16559e-08
xdut.xdiv.xd5.dmo                  1.98761e-08
xdut.xdiv.xd5.xfmo.ckb             1.21794e-08
xdut.xdiv.xd5.xfmo.ckbb                   2.97
xdut.xdiv.xd5.xfmo.nm              5.05158e-08
xdut.xdiv.xd5.xfmo.nma                    2.97
xdut.xdiv.xd5.xfmo.nmb             3.51714e-08
xdut.xdiv.xd5.xfmo.ns                     2.97
xdut.xdiv.xd5.mob                         2.97
xdut.xdiv.xnr0.pmid                       2.97
xdut.xdiv.nmi0                            2.97
xdut.xdiv.xnr1.pmid                       2.97
xdut.xdiv.nmi1                     1.61747e-08
xdut.xdiv.xnr2.pmid                       2.97
xdut.xdiv.nmi2                            2.97
xdut.xdiv.xnr3.pmid                       2.97
xdut.xdiv.nmi3                            2.97
xdut.xdiv.xnr4.pmid                       2.97
xdut.xdiv.nmi4                            2.97
xdut.xdiv.t0                              2.97
xdut.xdiv.xm0.nmid                     1.18014
xdut.xdiv.t1                       2.41556e-08
xdut.xdiv.xm1.nmid                 1.20778e-08
xdut.xdiv.t2                              2.97
xdut.xdiv.xm2.nmid                     2.49391
xdut.xdiv.t3                              2.97
xdut.xdiv.xm3.nmid                     2.49391
xdut.xdiv.t4                              2.97
xdut.xdiv.xm4.nmid                     2.49391
xdut.xdiv.t5                              2.97
xdut.xdiv.xm5.nmid                     2.49391
xdut.xdiv.ma                              2.97
xdut.xdiv.xma.nm1                      2.49845
xdut.xdiv.xma.nm2                  3.39952e-08
xdut.xdiv.mb                       3.59963e-08
xdut.xdiv.xmb.nm1                  2.39976e-08
xdut.xdiv.xmb.nm2                  1.19988e-08
xdut.xdiv.xmno.pmid                   0.649753
xdut.xdiv.divoutb                  2.30429e-08
divout                                    2.97
xdut.xdiv.xfrt.ckb                 1.21794e-08
xdut.xdiv.xfrt.ckbb                       2.97
xdut.xdiv.xfrt.nm                      1.43813
xdut.xdiv.xfrt.nma                     1.43813
xdut.xdiv.xfrt.nmb                     1.43813
xdut.xdiv.xfrt.ns                      1.43813
xdut.xdiv.fbb                          1.43811
xdut.xld.xerr.n1                          2.97
xdut.xld.xerr.xg1.nmid              4.1656e-08
xdut.xld.xerr.n2                          2.97
xdut.xld.xerr.xg2.nmid              4.1656e-08
xdut.xld.xerr.n3                   2.41556e-08
xdut.xld.xerr.xg3.nmid             1.20778e-08
xdut.xld.err                              2.97
xdut.xld.xerr.xg4.nmid                 2.49391
xdut.xld.xdly.t0b                         2.97
xdut.xld.xdly.t1b                         2.97
xdut.xld.xdly.t2b                         2.97
xdut.xld.xdly.t3b                         2.97
xdut.net1                                    0
xdut.xld.xdly.d1                   4.16067e-08
xdut.xld.xdly.s10                  4.28544e-08
xdut.xld.xdly.s11                  2.53782e-08
xdut.xld.xdly.s12                  1.32643e-08
xdut.xld.xdly.s13                  6.62912e-09
xdut.xld.xdly.d2                          2.97
xdut.xld.xdly.s20                  2.09632e-07
xdut.xld.xdly.s21                  1.14201e-07
xdut.xld.xdly.s22                  7.93917e-08
xdut.xld.xdly.s23                  7.26856e-08
xdut.xld.xdly.d3                   4.16067e-08
xdut.xld.xdly.s30                  4.28544e-08
xdut.xld.xdly.s31                  2.53782e-08
xdut.xld.xdly.s32                  1.32643e-08
xdut.xld.xdly.s33                  6.62912e-09
xdut.xld.errd                             2.97
xdut.xld.xdly.s40                  2.09632e-07
xdut.xld.xdly.s41                  1.14201e-07
xdut.xld.xdly.s42                  7.93917e-08
xdut.xld.xdly.s43                  7.26856e-08
xdut.xld.wideb                     2.41557e-08
xdut.xld.xnw.nmid                  1.20778e-08
xdut.xld.wide                             2.97
xdut.vwin                          0.000848026
xdut.xld.xsch.p1                          2.97
xdut.xld.lockb                            2.97
xdut.xld.xsch.n1                       2.46375
lock                               1.21794e-08
e.xdut.xvco.xcdec2.ec_moscap#branch        2.97e-12
e.xdut.xvco.xcdec1.ec_moscap#branch        2.97e-12
e.xdut.xlf.xcf4.ec_moscap#branch       1.093e-12
e.xdut.xlf.xcf3.ec_moscap#branch       1.093e-12
e.xdut.xlf.xcf2.ec_moscap#branch       1.093e-12
e.xdut.xlf.xcf1.ec_moscap#branch       1.093e-12
bref#branch                                  0
vs5#branch                                   0
vs4#branch                                   0
vs3#branch                                   0
vs2#branch                                   0
vs1#branch                           -2.97e-12
vs0#branch                                   0
vp5#branch                                   0
vp4#branch                                   0
vp3#branch                                   0
vp2#branch                                   0
vp1#branch                           -2.97e-12
vp0#branch                                   0
vldt3#branch                         -2.97e-12
vldt2#branch                                 0
vldt1#branch                                 0
vldt0#branch                                 0
vcpb1#branch                                 0
vcpb0#branch                                 0
vb2#branch                           -2.97e-12
vb1#branch                           -2.97e-12
vb0#branch                                   0
vgate#branch                                 0
vrefb#branch                                 0
vrefa#branch                                 0
vvss#branch                         0.00115925
vgndvco#branch                     0.000129461
vvdddiv#branch                     -0.00104446
vvddvco#branch                      -0.0001688
vvdd#branch                          -0.000129

 Reference value :  0.00000e+00
 Reference value :  3.91562e-09
 Reference value :  7.95640e-09
 Reference value :  1.22813e-08
 Reference value :  1.58413e-08
 Reference value :  2.03169e-08
 Reference value :  2.25211e-08
 Reference value :  2.56095e-08
 Reference value :  2.87681e-08
 Reference value :  3.16390e-08
 Reference value :  3.53989e-08
 Reference value :  4.01051e-08
 Reference value :  4.26155e-08
 Reference value :  4.72203e-08
 Reference value :  5.10606e-08
 Reference value :  5.51697e-08
 Reference value :  5.91087e-08
 Reference value :  6.18458e-08
 Reference value :  6.46075e-08
 Reference value :  6.87913e-08
 Reference value :  7.13505e-08
 Reference value :  7.56544e-08
 Reference value :  8.02000e-08
 Reference value :  8.30259e-08
 Reference value :  8.71731e-08
 Reference value :  9.11942e-08
 Reference value :  9.54597e-08
 Reference value :  9.89649e-08
 Reference value :  1.02027e-07
 Reference value :  1.04478e-07
 Reference value :  1.07504e-07
 Reference value :  1.11070e-07
 Reference value :  1.15396e-07
 Reference value :  1.19152e-07
 Reference value :  1.22811e-07
 Reference value :  1.26100e-07
 Reference value :  1.30247e-07
 Reference value :  1.34387e-07
 Reference value :  1.38182e-07
 Reference value :  1.41564e-07
 Reference value :  1.43883e-07
 Reference value :  1.46987e-07
 Reference value :  1.51288e-07
 Reference value :  1.53977e-07
 Reference value :  1.58087e-07
 Reference value :  1.61581e-07
 Reference value :  1.65544e-07
 Reference value :  1.69275e-07
 Reference value :  1.73309e-07
 Reference value :  1.77934e-07
 Reference value :  1.80574e-07
 Reference value :  1.82869e-07
 Reference value :  1.85618e-07
 Reference value :  1.90476e-07
 Reference value :  1.93770e-07
 Reference value :  1.98307e-07
 Reference value :  2.01266e-07
 Reference value :  2.05739e-07
 Reference value :  2.09089e-07
 Reference value :  2.13184e-07
 Reference value :  2.17906e-07
 Reference value :  2.20788e-07
 Reference value :  2.23156e-07
 Reference value :  2.25852e-07
 Reference value :  2.29784e-07
 Reference value :  2.33966e-07
 Reference value :  2.36474e-07
 Reference value :  2.40437e-07
 Reference value :  2.43981e-07
 Reference value :  2.48261e-07
 Reference value :  2.51870e-07
 Reference value :  2.56408e-07
 Reference value :  2.60510e-07
 Reference value :  2.62919e-07
 Reference value :  2.65755e-07
 Reference value :  2.69908e-07
 Reference value :  2.74981e-07
 Reference value :  2.77913e-07
 Reference value :  2.82139e-07
 Reference value :  2.85565e-07
 Reference value :  2.89815e-07
 Reference value :  2.93118e-07
 Reference value :  2.97320e-07
 Reference value :  3.00663e-07
 Reference value :  3.03049e-07
 Reference value :  3.05785e-07
 Reference value :  3.10066e-07
 Reference value :  3.14126e-07
 Reference value :  3.18336e-07
 Reference value :  3.20965e-07
 Reference value :  3.24908e-07
 Reference value :  3.29562e-07
 Reference value :  3.33230e-07
 Reference value :  3.37665e-07
 Reference value :  3.40663e-07
 Reference value :  3.43197e-07
 Reference value :  3.45888e-07
 Reference value :  3.49951e-07
 Reference value :  3.54319e-07
 Reference value :  3.58765e-07
 Reference value :  3.61199e-07
 Reference value :  3.65659e-07
 Reference value :  3.69633e-07
 Reference value :  3.73891e-07
 Reference value :  3.77986e-07
 Reference value :  3.81177e-07
 Reference value :  3.83653e-07
 Reference value :  3.86508e-07
 Reference value :  3.90015e-07
 Reference value :  3.94387e-07
 Reference value :  3.99673e-07
 Reference value :  4.02231e-07
 Reference value :  4.05458e-07
 Reference value :  4.09264e-07
 Reference value :  4.14214e-07
 Reference value :  4.17336e-07
 Reference value :  4.20663e-07
 Reference value :  4.23305e-07
 Reference value :  4.25975e-07
 Reference value :  4.29650e-07
 Reference value :  4.34759e-07
 Reference value :  4.38518e-07
 Reference value :  4.42250e-07
 Reference value :  4.45398e-07
 Reference value :  4.49538e-07
 Reference value :  4.53460e-07
 Reference value :  4.57340e-07
 Reference value :  4.60510e-07
 Reference value :  4.62954e-07
 Reference value :  4.65240e-07
 Reference value :  4.68919e-07
 Reference value :  4.71747e-07
 Reference value :  4.76042e-07
 Reference value :  4.79203e-07
 Reference value :  4.82360e-07
 Reference value :  4.85081e-07
 Reference value :  4.87459e-07
 Reference value :  4.91264e-07
 Reference value :  4.94909e-07
 Reference value :  4.98688e-07
 Reference value :  5.01135e-07
 Reference value :  5.03787e-07
 Reference value :  5.06212e-07
 Reference value :  5.10102e-07
 Reference value :  5.12991e-07
 Reference value :  5.17369e-07
 Reference value :  5.20523e-07
 Reference value :  5.24563e-07
 Reference value :  5.26942e-07
 Reference value :  5.30130e-07
 Reference value :  5.33436e-07
 Reference value :  5.37943e-07
 Reference value :  5.40401e-07
 Reference value :  5.42711e-07
 Reference value :  5.45512e-07
 Reference value :  5.49132e-07
 Reference value :  5.53221e-07
 Reference value :  5.56877e-07
 Reference value :  5.60577e-07
 Reference value :  5.65124e-07
 Reference value :  5.68472e-07
 Reference value :  5.72045e-07
 Reference value :  5.76160e-07
 Reference value :  5.80223e-07
 Reference value :  5.82453e-07
 Reference value :  5.85158e-07
 Reference value :  5.88140e-07
 Reference value :  5.92649e-07
 Reference value :  5.96334e-07
 Reference value :  6.00527e-07
 Reference value :  6.04183e-07
 Reference value :  6.08565e-07
 Reference value :  6.11484e-07
 Reference value :  6.15826e-07
 Reference value :  6.20210e-07
 Reference value :  6.22357e-07
 Reference value :  6.24829e-07
 Reference value :  6.28808e-07
 Reference value :  6.32688e-07
 Reference value :  6.36649e-07
 Reference value :  6.40523e-07
 Reference value :  6.44223e-07
 Reference value :  6.48960e-07
 Reference value :  6.51801e-07
 Reference value :  6.55586e-07
 Reference value :  6.58926e-07
 Reference value :  6.61496e-07
 Reference value :  6.63894e-07
 Reference value :  6.66447e-07
 Reference value :  6.70450e-07
 Reference value :  6.74888e-07
 Reference value :  6.78546e-07
 Reference value :  6.82666e-07
 Reference value :  6.86502e-07
 Reference value :  6.90680e-07
 Reference value :  6.93297e-07
 Reference value :  6.97280e-07
 Reference value :  7.00531e-07
 Reference value :  7.03208e-07
 Reference value :  7.05779e-07
 Reference value :  7.10514e-07
 Reference value :  7.14025e-07
 Reference value :  7.18089e-07
 Reference value :  7.21017e-07
 Reference value :  7.25374e-07
 Reference value :  7.30430e-07
 Reference value :  7.33353e-07
 Reference value :  7.37582e-07
 Reference value :  7.40439e-07
 Reference value :  7.43098e-07
 Reference value :  7.45604e-07
 Reference value :  7.48867e-07
 Reference value :  7.52903e-07
 Reference value :  7.57912e-07
 Reference value :  7.60523e-07
 Reference value :  7.65169e-07
 Reference value :  7.69025e-07
 Reference value :  7.73137e-07
 Reference value :  7.75975e-07
 Reference value :  7.79985e-07
 Reference value :  7.82254e-07
 Reference value :  7.85338e-07
 Reference value :  7.88019e-07
 Reference value :  7.92461e-07
 Reference value :  7.96147e-07
 Reference value :  8.00400e-07
 Reference value :  8.04368e-07
 Reference value :  8.08492e-07
 Reference value :  8.12895e-07
 Reference value :  8.15902e-07
 Reference value :  8.19676e-07
 Reference value :  8.21896e-07
 Reference value :  8.24723e-07
 Reference value :  8.27418e-07
 Reference value :  8.31024e-07
 Reference value :  8.35235e-07
 Reference value :  8.39814e-07
 Reference value :  8.42123e-07
 Reference value :  8.46734e-07
 Reference value :  8.50223e-07
 Reference value :  8.54426e-07
 Reference value :  8.57114e-07
 Reference value :  8.60966e-07
 Reference value :  8.63293e-07
 Reference value :  8.65945e-07
 Reference value :  8.68792e-07
 Reference value :  8.73105e-07
 Reference value :  8.77092e-07
 Reference value :  8.80840e-07
 Reference value :  8.84003e-07
 Reference value :  8.88146e-07
 Reference value :  8.92987e-07
 Reference value :  8.96307e-07
 Reference value :  9.00070e-07
 Reference value :  9.02421e-07
 Reference value :  9.04865e-07
 Reference value :  9.07608e-07
 Reference value :  9.10541e-07
 Reference value :  9.14683e-07
 Reference value :  9.18846e-07
 Reference value :  9.22010e-07
 Reference value :  9.25423e-07
 Reference value :  9.29569e-07
 Reference value :  9.34565e-07
 Reference value :  9.37128e-07
 Reference value :  9.40439e-07
 Reference value :  9.42830e-07
 Reference value :  9.45133e-07
 Reference value :  9.47455e-07
 Reference value :  9.50444e-07
 Reference value :  9.54938e-07
 Reference value :  9.58571e-07
 Reference value :  9.61949e-07
 Reference value :  9.65244e-07
 Reference value :  9.69245e-07
 Reference value :  9.73955e-07
 Reference value :  9.77213e-07
 Reference value :  9.79956e-07
 Reference value :  9.82517e-07
 Reference value :  9.84799e-07
 Reference value :  9.87094e-07
 Reference value :  9.89787e-07
 Reference value :  9.93026e-07
 Reference value :  9.97011e-07
 Reference value :  1.00079e-06
 Reference value :  1.00434e-06
 Reference value :  1.00889e-06
 Reference value :  1.01237e-06
 Reference value :  1.01653e-06
 Reference value :  1.01956e-06
 Reference value :  1.02268e-06
 Reference value :  1.02534e-06
 Reference value :  1.02798e-06
 Reference value :  1.03065e-06
 Reference value :  1.03488e-06
 Reference value :  1.03879e-06
 Reference value :  1.04217e-06
 Reference value :  1.04554e-06
 Reference value :  1.04960e-06
 Reference value :  1.05362e-06
 Reference value :  1.05733e-06
 Reference value :  1.06000e-06
 Reference value :  1.06299e-06
 Reference value :  1.06562e-06
 Reference value :  1.06817e-06
 Reference value :  1.07099e-06
 Reference value :  1.07490e-06
 Reference value :  1.07898e-06
 Reference value :  1.08267e-06
 Reference value :  1.08576e-06
 Reference value :  1.08977e-06
 Reference value :  1.09338e-06
 Reference value :  1.09769e-06
 Reference value :  1.10031e-06
 Reference value :  1.10382e-06
 Reference value :  1.10622e-06
 Reference value :  1.10853e-06
 Reference value :  1.11117e-06
 Reference value :  1.11457e-06
 Reference value :  1.11868e-06
 Reference value :  1.12259e-06
 Reference value :  1.12586e-06
 Reference value :  1.13001e-06
 Reference value :  1.13379e-06
 Reference value :  1.13785e-06
 Reference value :  1.14016e-06
 Reference value :  1.14353e-06
 Reference value :  1.14618e-06
 Reference value :  1.14854e-06
 Reference value :  1.15142e-06
 Reference value :  1.15522e-06
 Reference value :  1.15906e-06
 Reference value :  1.16250e-06
 Reference value :  1.16577e-06
 Reference value :  1.17026e-06
 Reference value :  1.17375e-06
 Reference value :  1.17774e-06
 Reference value :  1.18034e-06
 Reference value :  1.18384e-06
 Reference value :  1.18646e-06
 Reference value :  1.18898e-06
 Reference value :  1.19191e-06
 Reference value :  1.19609e-06
 Reference value :  1.19992e-06
 Reference value :  1.20377e-06
 Reference value :  1.20690e-06
 Reference value :  1.21072e-06
 Reference value :  1.21433e-06
 Reference value :  1.21829e-06
 Reference value :  1.22051e-06
 Reference value :  1.22413e-06
 Reference value :  1.22666e-06
 Reference value :  1.22923e-06
 Reference value :  1.23196e-06
 Reference value :  1.23581e-06
 Reference value :  1.23961e-06
 Reference value :  1.24354e-06
 Reference value :  1.24672e-06
 Reference value :  1.25075e-06
 Reference value :  1.25445e-06
 Reference value :  1.25847e-06
 Reference value :  1.26076e-06
 Reference value :  1.26464e-06
 Reference value :  1.26702e-06
 Reference value :  1.26958e-06
 Reference value :  1.27233e-06
 Reference value :  1.27662e-06
 Reference value :  1.28023e-06
 Reference value :  1.28392e-06
 Reference value :  1.28710e-06
 Reference value :  1.29098e-06
 Reference value :  1.29462e-06
 Reference value :  1.29844e-06
 Reference value :  1.30085e-06
 Reference value :  1.30436e-06
 Reference value :  1.30687e-06
 Reference value :  1.30932e-06
 Reference value :  1.31188e-06
 Reference value :  1.31539e-06
 Reference value :  1.31917e-06
 Reference value :  1.32257e-06
 Reference value :  1.32600e-06
 Reference value :  1.33032e-06
 Reference value :  1.33415e-06
 Reference value :  1.33803e-06
 Reference value :  1.34041e-06
 Reference value :  1.34424e-06
 Reference value :  1.34666e-06
 Reference value :  1.34907e-06
 Reference value :  1.35174e-06
 Reference value :  1.35463e-06
 Reference value :  1.35850e-06
 Reference value :  1.36155e-06
 Reference value :  1.36525e-06
 Reference value :  1.36848e-06
 Reference value :  1.37209e-06
 Reference value :  1.37644e-06
 Reference value :  1.37950e-06
 Reference value :  1.38161e-06
 Reference value :  1.38532e-06
 Reference value :  1.38770e-06
 Reference value :  1.39019e-06
 Reference value :  1.39280e-06
 Reference value :  1.39618e-06
 Reference value :  1.39968e-06
 Reference value :  1.40263e-06
 Reference value :  1.40607e-06
 Reference value :  1.41024e-06
 Reference value :  1.41398e-06
 Reference value :  1.41813e-06
 Reference value :  1.42056e-06
 Reference value :  1.42425e-06
 Reference value :  1.42639e-06
 Reference value :  1.42900e-06
 Reference value :  1.43150e-06
 Reference value :  1.43447e-06
 Reference value :  1.43837e-06
 Reference value :  1.44131e-06
 Reference value :  1.44523e-06
 Reference value :  1.44821e-06
 Reference value :  1.45221e-06
 Reference value :  1.45713e-06
 Reference value :  1.45991e-06
 Reference value :  1.46217e-06
 Reference value :  1.46567e-06
 Reference value :  1.46801e-06
 Reference value :  1.47054e-06
 Reference value :  1.47312e-06
 Reference value :  1.47728e-06
 Reference value :  1.48052e-06
 Reference value :  1.48427e-06
 Reference value :  1.48717e-06
 Reference value :  1.49137e-06
 Reference value :  1.49468e-06
 Reference value :  1.49867e-06
 Reference value :  1.50123e-06
 Reference value :  1.50494e-06
 Reference value :  1.50720e-06
 Reference value :  1.50975e-06
 Reference value :  1.51236e-06
 Reference value :  1.51517e-06
 Reference value :  1.51901e-06
 Reference value :  1.52199e-06
 Reference value :  1.52568e-06
 Reference value :  1.52930e-06
 Reference value :  1.53312e-06
 Reference value :  1.53770e-06
 Reference value :  1.54007e-06
 Reference value :  1.54263e-06
 Reference value :  1.54578e-06
 Reference value :  1.54793e-06
 Reference value :  1.55035e-06
 Reference value :  1.55301e-06
 Reference value :  1.55671e-06
 Reference value :  1.56020e-06
 Reference value :  1.56345e-06
 Reference value :  1.56652e-06
 Reference value :  1.57086e-06
 Reference value :  1.57466e-06
 Reference value :  1.57893e-06
 Reference value :  1.58084e-06
 Reference value :  1.58449e-06
 Reference value :  1.58674e-06
 Reference value :  1.58937e-06
 Reference value :  1.59173e-06
 Reference value :  1.59484e-06
 Reference value :  1.59875e-06
 Reference value :  1.60169e-06
 Reference value :  1.60538e-06
 Reference value :  1.60850e-06
 Reference value :  1.61266e-06
 Reference value :  1.61691e-06
 Reference value :  1.62001e-06
 Reference value :  1.62186e-06
 Reference value :  1.62503e-06
 Reference value :  1.62760e-06
 Reference value :  1.62999e-06
 Reference value :  1.63241e-06
 Reference value :  1.63518e-06
 Reference value :  1.63909e-06
 Reference value :  1.64229e-06
 Reference value :  1.64600e-06
 Reference value :  1.64957e-06
 Reference value :  1.65295e-06
 Reference value :  1.65763e-06
 Reference value :  1.66020e-06
 Reference value :  1.66280e-06
 Reference value :  1.66620e-06
 Reference value :  1.66868e-06
 Reference value :  1.67115e-06
 Reference value :  1.67428e-06
 Reference value :  1.67839e-06
 Reference value :  1.68145e-06
 Reference value :  1.68519e-06
 Reference value :  1.68832e-06
 Reference value :  1.69227e-06
 Reference value :  1.69626e-06
 Reference value :  1.69976e-06
 Reference value :  1.70189e-06
 Reference value :  1.70557e-06
 Reference value :  1.70809e-06
 Reference value :  1.71058e-06
 Reference value :  1.71312e-06
 Reference value :  1.71665e-06
 Reference value :  1.72046e-06
 Reference value :  1.72429e-06
 Reference value :  1.72720e-06
 Reference value :  1.73164e-06
 Reference value :  1.73512e-06
 Reference value :  1.73919e-06
 Reference value :  1.74165e-06
 Reference value :  1.74545e-06
 Reference value :  1.74755e-06
 Reference value :  1.74978e-06
 Reference value :  1.75243e-06
 Reference value :  1.75549e-06
 Reference value :  1.75936e-06
 Reference value :  1.76234e-06
 Reference value :  1.76623e-06
 Reference value :  1.76990e-06
 Reference value :  1.77368e-06
 Reference value :  1.77828e-06
 Reference value :  1.78029e-06
 Reference value :  1.78297e-06
 Reference value :  1.78632e-06
 Reference value :  1.78840e-06
 Reference value :  1.79106e-06
 Reference value :  1.79368e-06
 Reference value :  1.79808e-06
 Reference value :  1.80071e-06
 Reference value :  1.80475e-06
 Reference value :  1.80710e-06
 Reference value :  1.81166e-06
 Reference value :  1.81539e-06
 Reference value :  1.81950e-06
 Reference value :  1.82184e-06
 Reference value :  1.82568e-06
 Reference value :  1.82798e-06
 Reference value :  1.83057e-06
 Reference value :  1.83316e-06
 Reference value :  1.83665e-06
 Reference value :  1.84043e-06
 Reference value :  1.84415e-06
 Reference value :  1.84671e-06
 Reference value :  1.85146e-06
 Reference value :  1.85538e-06
 Reference value :  1.85958e-06
 Reference value :  1.86168e-06
 Reference value :  1.86547e-06
 Reference value :  1.86786e-06
 Reference value :  1.87015e-06
 Reference value :  1.87280e-06
 Reference value :  1.87617e-06
 Reference value :  1.87972e-06
 Reference value :  1.88294e-06
 Reference value :  1.88657e-06
 Reference value :  1.89129e-06
 Reference value :  1.89494e-06
 Reference value :  1.89904e-06
 Reference value :  1.90161e-06
 Reference value :  1.90536e-06
 Reference value :  1.90791e-06
 Reference value :  1.91067e-06
 Reference value :  1.91329e-06
 Reference value :  1.91734e-06
 Reference value :  1.92043e-06
 Reference value :  1.92404e-06
 Reference value :  1.92690e-06
 Reference value :  1.93140e-06
 Reference value :  1.93491e-06
 Reference value :  1.93892e-06
 Reference value :  1.94118e-06
 Reference value :  1.94409e-06
 Reference value :  1.94685e-06
 Reference value :  1.94933e-06
 Reference value :  1.95188e-06
 Reference value :  1.95511e-06
 Reference value :  1.95921e-06
 Reference value :  1.96202e-06
 Reference value :  1.96595e-06
 Reference value :  1.96966e-06
 Reference value :  1.97346e-06
 Reference value :  1.97819e-06
 Reference value :  1.98049e-06
 Reference value :  1.98429e-06
 Reference value :  1.98685e-06
 Reference value :  1.98929e-06
 Reference value :  1.99170e-06
 Reference value :  1.99470e-06
 Reference value :  1.99858e-06
 Reference value :  2.00154e-06
 Reference value :  2.00538e-06
 Reference value :  2.00850e-06
 Reference value :  2.01234e-06
 Reference value :  2.01659e-06
 Reference value :  2.02020e-06
 Reference value :  2.02252e-06
 Reference value :  2.02614e-06
 Reference value :  2.02904e-06
 Reference value :  2.03163e-06
 Reference value :  2.03458e-06
 Reference value :  2.03839e-06
 Reference value :  2.04145e-06
 Reference value :  2.04518e-06
 Reference value :  2.04847e-06
 Reference value :  2.05234e-06
 Reference value :  2.05657e-06
 Reference value :  2.06005e-06
 Reference value :  2.06302e-06
 Reference value :  2.06623e-06
 Reference value :  2.06848e-06
 Reference value :  2.07077e-06
 Reference value :  2.07335e-06
 Reference value :  2.07718e-06
 Reference value :  2.08041e-06
 Reference value :  2.08406e-06
 Reference value :  2.08696e-06
 Reference value :  2.09137e-06
 Reference value :  2.09473e-06
 Reference value :  2.09854e-06
 Reference value :  2.10053e-06
 Reference value :  2.10357e-06
 Reference value :  2.10641e-06
 Reference value :  2.10877e-06
 Reference value :  2.11093e-06
 Reference value :  2.11408e-06
 Reference value :  2.11833e-06
 Reference value :  2.12127e-06
 Reference value :  2.12500e-06
 Reference value :  2.12811e-06
 Reference value :  2.13189e-06
 Reference value :  2.13571e-06
 Reference value :  2.13943e-06
 Reference value :  2.14180e-06
 Reference value :  2.14540e-06
 Reference value :  2.14784e-06
 Reference value :  2.15050e-06
 Reference value :  2.15308e-06
 Reference value :  2.15649e-06
 Reference value :  2.16035e-06
 Reference value :  2.16443e-06
 Reference value :  2.16785e-06
 Reference value :  2.17175e-06
 Reference value :  2.17579e-06
 Reference value :  2.17950e-06
 Reference value :  2.18164e-06
 Reference value :  2.18545e-06
 Reference value :  2.18778e-06
 Reference value :  2.19004e-06
 Reference value :  2.19286e-06
 Reference value :  2.19616e-06
 Reference value :  2.19972e-06
 Reference value :  2.20296e-06
 Reference value :  2.20639e-06
 Reference value :  2.21090e-06
 Reference value :  2.21469e-06
 Reference value :  2.21886e-06
 Reference value :  2.22138e-06
 Reference value :  2.22493e-06
 Reference value :  2.22709e-06
 Reference value :  2.22955e-06
 Reference value :  2.23226e-06
 Reference value :  2.23515e-06
 Reference value :  2.23903e-06
 Reference value :  2.24198e-06
 Reference value :  2.24581e-06
 Reference value :  2.24937e-06
 Reference value :  2.25297e-06
 Reference value :  2.25767e-06
 Reference value :  2.26017e-06
 Reference value :  2.26227e-06
 Reference value :  2.26584e-06
 Reference value :  2.26811e-06
 Reference value :  2.27054e-06
 Reference value :  2.27331e-06
 Reference value :  2.27741e-06
 Reference value :  2.28058e-06
 Reference value :  2.28426e-06
 Reference value :  2.28771e-06
 Reference value :  2.29169e-06
 Reference value :  2.29537e-06
 Reference value :  2.29932e-06
 Reference value :  2.30174e-06
 Reference value :  2.30566e-06
 Reference value :  2.30802e-06
 Reference value :  2.31036e-06
 Reference value :  2.31287e-06
 Reference value :  2.31641e-06
 Reference value :  2.32008e-06
 Reference value :  2.32328e-06
 Reference value :  2.32659e-06
 Reference value :  2.33123e-06
 Reference value :  2.33489e-06
 Reference value :  2.33889e-06
 Reference value :  2.34102e-06
 Reference value :  2.34471e-06
 Reference value :  2.34686e-06
 Reference value :  2.34931e-06
 Reference value :  2.35178e-06
 Reference value :  2.35486e-06
 Reference value :  2.35870e-06
 Reference value :  2.36175e-06
 Reference value :  2.36573e-06
 Reference value :  2.36915e-06
 Reference value :  2.37265e-06
 Reference value :  2.37681e-06
 Reference value :  2.37964e-06
 Reference value :  2.38177e-06
 Reference value :  2.38539e-06
 Reference value :  2.38777e-06
 Reference value :  2.39031e-06
 Reference value :  2.39300e-06
 Reference value :  2.39688e-06
 Reference value :  2.40023e-06
 Reference value :  2.40360e-06
 Reference value :  2.40638e-06
 Reference value :  2.41064e-06
 Reference value :  2.41411e-06
 Reference value :  2.41834e-06
 Reference value :  2.42077e-06
 Reference value :  2.42397e-06
 Reference value :  2.42655e-06
 Reference value :  2.42896e-06
 Reference value :  2.43148e-06
 Reference value :  2.43437e-06
 Reference value :  2.43820e-06
 Reference value :  2.44097e-06
 Reference value :  2.44482e-06
 Reference value :  2.44791e-06
 Reference value :  2.45169e-06
 Reference value :  2.45540e-06
 Reference value :  2.45922e-06
 Reference value :  2.46136e-06
 Reference value :  2.46496e-06
 Reference value :  2.46720e-06
 Reference value :  2.46960e-06
 Reference value :  2.47220e-06
 Reference value :  2.47494e-06
 Reference value :  2.47860e-06
 Reference value :  2.48150e-06
 Reference value :  2.48544e-06
 Reference value :  2.48879e-06
 Reference value :  2.49260e-06
 Reference value :  2.49753e-06
 Reference value :  2.50006e-06
 Reference value :  2.50237e-06
 Reference value :  2.50579e-06
 Reference value :  2.50788e-06
 Reference value :  2.51010e-06
 Reference value :  2.51270e-06
 Reference value :  2.51646e-06
 Reference value :  2.52000e-06
 Reference value :  2.52299e-06
 Reference value :  2.52634e-06
 Reference value :  2.53097e-06
 Reference value :  2.53465e-06
 Reference value :  2.53865e-06
 Reference value :  2.54091e-06
 Reference value :  2.54478e-06
 Reference value :  2.54720e-06
 Reference value :  2.54976e-06
 Reference value :  2.55236e-06
 Reference value :  2.55513e-06
 Reference value :  2.55908e-06
 Reference value :  2.56208e-06
 Reference value :  2.56587e-06
 Reference value :  2.56962e-06
 Reference value :  2.57379e-06
 Reference value :  2.57809e-06
 Reference value :  2.58034e-06
 Reference value :  2.58287e-06
 Reference value :  2.58630e-06
 Reference value :  2.58863e-06
 Reference value :  2.59093e-06
 Reference value :  2.59339e-06
 Reference value :  2.59715e-06
 Reference value :  2.60034e-06
 Reference value :  2.60426e-06
 Reference value :  2.60758e-06
 Reference value :  2.61144e-06
 Reference value :  2.61487e-06
 Reference value :  2.61880e-06
 Reference value :  2.62120e-06
 Reference value :  2.62468e-06
 Reference value :  2.62667e-06
 Reference value :  2.62873e-06
 Reference value :  2.63122e-06
 Reference value :  2.63420e-06
 Reference value :  2.63810e-06
 Reference value :  2.64130e-06
 Reference value :  2.64497e-06
 Reference value :  2.64795e-06
 Reference value :  2.65174e-06
 Reference value :  2.65562e-06
 Reference value :  2.65955e-06
 Reference value :  2.66156e-06
 Reference value :  2.66535e-06
 Reference value :  2.66773e-06
 Reference value :  2.67002e-06
 Reference value :  2.67280e-06
 Reference value :  2.67637e-06
 Reference value :  2.68002e-06
 Reference value :  2.68307e-06
 Reference value :  2.68619e-06
 Reference value :  2.69032e-06
 Reference value :  2.69399e-06
 Reference value :  2.69811e-06
 Reference value :  2.70035e-06
 Reference value :  2.70397e-06
 Reference value :  2.70643e-06
 Reference value :  2.70902e-06
 Reference value :  2.71142e-06
 Reference value :  2.71469e-06
 Reference value :  2.71862e-06
 Reference value :  2.72163e-06
 Reference value :  2.72549e-06
 Reference value :  2.72928e-06
 Reference value :  2.73329e-06
 Reference value :  2.73788e-06
 Reference value :  2.74025e-06
 Reference value :  2.74288e-06
 Reference value :  2.74609e-06
 Reference value :  2.74858e-06
 Reference value :  2.75128e-06
 Reference value :  2.75403e-06
 Reference value :  2.75819e-06
 Reference value :  2.76117e-06
 Reference value :  2.76487e-06
 Reference value :  2.76807e-06
 Reference value :  2.77210e-06
 Reference value :  2.77669e-06
 Reference value :  2.77963e-06
 Reference value :  2.78225e-06
 Reference value :  2.78586e-06
 Reference value :  2.78806e-06
 Reference value :  2.79059e-06
 Reference value :  2.79311e-06
 Reference value :  2.79712e-06
 Reference value :  2.80040e-06
 Reference value :  2.80435e-06
 Reference value :  2.80757e-06
 Reference value :  2.81171e-06
 Reference value :  2.81567e-06
 Reference value :  2.81941e-06
 Reference value :  2.82158e-06
 Reference value :  2.82529e-06
 Reference value :  2.82741e-06
 Reference value :  2.82990e-06
 Reference value :  2.83266e-06
 Reference value :  2.83596e-06
 Reference value :  2.84000e-06
 Reference value :  2.84307e-06
 Reference value :  2.84638e-06
 Reference value :  2.85113e-06
 Reference value :  2.85484e-06
 Reference value :  2.85901e-06
 Reference value :  2.86158e-06
 Reference value :  2.86529e-06
 Reference value :  2.86764e-06
 Reference value :  2.87022e-06
 Reference value :  2.87300e-06
 Reference value :  2.87690e-06
 Reference value :  2.88016e-06
 Reference value :  2.88339e-06
 Reference value :  2.88619e-06
 Reference value :  2.89046e-06
 Reference value :  2.89391e-06
 Reference value :  2.89804e-06
 Reference value :  2.90035e-06
 Reference value :  2.90279e-06
 Reference value :  2.90605e-06
 Reference value :  2.90851e-06
 Reference value :  2.91090e-06
 Reference value :  2.91377e-06
 Reference value :  2.91786e-06
 Reference value :  2.92071e-06
 Reference value :  2.92470e-06
 Reference value :  2.92779e-06
 Reference value :  2.93149e-06
 Reference value :  2.93522e-06
 Reference value :  2.93945e-06
 Reference value :  2.94183e-06
 Reference value :  2.94564e-06
 Reference value :  2.94782e-06
 Reference value :  2.95037e-06
 Reference value :  2.95293e-06
 Reference value :  2.95728e-06
 Reference value :  2.96041e-06
 Reference value :  2.96427e-06
 Reference value :  2.96731e-06
 Reference value :  2.97138e-06
 Reference value :  2.97520e-06
 Reference value :  2.97911e-06
 Reference value :  2.98146e-06
 Reference value :  2.98514e-06
 Reference value :  2.98744e-06
 Reference value :  2.98990e-06
 Reference value :  2.99276e-06
 Reference value :  2.99659e-06
 Reference value :  3.00040e-06
 Reference value :  3.00414e-06
 Reference value :  3.00742e-06
 Reference value :  3.01129e-06
 Reference value :  3.01500e-06
 Reference value :  3.01920e-06
 Reference value :  3.02135e-06
 Reference value :  3.02534e-06
 Reference value :  3.02767e-06
 Reference value :  3.02999e-06
 Reference value :  3.03267e-06
 Reference value :  3.03626e-06
 Reference value :  3.04043e-06
 Reference value :  3.04413e-06
 Reference value :  3.04733e-06
 Reference value :  3.05139e-06
 Reference value :  3.05507e-06
 Reference value :  3.05898e-06
 Reference value :  3.06125e-06
 Reference value :  3.06495e-06
 Reference value :  3.06725e-06
 Reference value :  3.06980e-06
 Reference value :  3.07250e-06
 Reference value :  3.07567e-06
 Reference value :  3.07971e-06
 Reference value :  3.08320e-06
 Reference value :  3.08628e-06
 Reference value :  3.09105e-06
 Reference value :  3.09468e-06
 Reference value :  3.09891e-06
 Reference value :  3.10123e-06
 Reference value :  3.10519e-06
 Reference value :  3.10765e-06
 Reference value :  3.11015e-06
 Reference value :  3.11264e-06
 Reference value :  3.11592e-06
 Reference value :  3.11998e-06
 Reference value :  3.12339e-06
 Reference value :  3.12666e-06
 Reference value :  3.13115e-06
 Reference value :  3.13449e-06
 Reference value :  3.13875e-06
 Reference value :  3.14095e-06
 Reference value :  3.14457e-06
 Reference value :  3.14659e-06
 Reference value :  3.14921e-06
 Reference value :  3.15211e-06
 Reference value :  3.15539e-06
 Reference value :  3.15953e-06
 Reference value :  3.16295e-06
 Reference value :  3.16618e-06
 Reference value :  3.17080e-06
 Reference value :  3.17447e-06
 Reference value :  3.17874e-06
 Reference value :  3.18111e-06
 Reference value :  3.18485e-06
 Reference value :  3.18702e-06
 Reference value :  3.18961e-06
 Reference value :  3.19250e-06
 Reference value :  3.19644e-06
 Reference value :  3.20027e-06
 Reference value :  3.20418e-06
 Reference value :  3.20704e-06
 Reference value :  3.21126e-06
 Reference value :  3.21493e-06
 Reference value :  3.21894e-06
 Reference value :  3.22108e-06
 Reference value :  3.22455e-06
 Reference value :  3.22657e-06
 Reference value :  3.22918e-06
 Reference value :  3.23192e-06
 Reference value :  3.23481e-06
 Reference value :  3.23863e-06
 Reference value :  3.24172e-06
 Reference value :  3.24572e-06
 Reference value :  3.24950e-06
 Reference value :  3.25391e-06
 Reference value :  3.25798e-06
 Reference value :  3.26044e-06
 Reference value :  3.26447e-06
 Reference value :  3.26642e-06
 Reference value :  3.26909e-06
 Reference value :  3.27212e-06
 Reference value :  3.27513e-06
 Reference value :  3.27905e-06
 Reference value :  3.28247e-06
 Reference value :  3.28599e-06
 Reference value :  3.29022e-06
 Reference value :  3.29419e-06
 Reference value :  3.29816e-06
 Reference value :  3.30056e-06
 Reference value :  3.30429e-06
 Reference value :  3.30654e-06
 Reference value :  3.30917e-06
 Reference value :  3.31171e-06
 Reference value :  3.31466e-06
 Reference value :  3.31849e-06
 Reference value :  3.32151e-06
 Reference value :  3.32552e-06
 Reference value :  3.32969e-06
 Reference value :  3.33380e-06
 Reference value :  3.33801e-06
 Reference value :  3.34041e-06
 Reference value :  3.34446e-06
 Reference value :  3.34692e-06
 Reference value :  3.34933e-06
 Reference value :  3.35202e-06
 Reference value :  3.35520e-06
 Reference value :  3.35901e-06
 Reference value :  3.36245e-06
 Reference value :  3.36596e-06
 Reference value :  3.37028e-06
 Reference value :  3.37398e-06
 Reference value :  3.37808e-06
 Reference value :  3.38064e-06
 Reference value :  3.38452e-06
 Reference value :  3.38719e-06
 Reference value :  3.38979e-06
 Reference value :  3.39238e-06
 Reference value :  3.39613e-06
 Reference value :  3.40011e-06
 Reference value :  3.40302e-06
 Reference value :  3.40612e-06
 Reference value :  3.41065e-06
 Reference value :  3.41436e-06
 Reference value :  3.41844e-06
 Reference value :  3.42085e-06
 Reference value :  3.42458e-06
 Reference value :  3.42690e-06
 Reference value :  3.42924e-06
 Reference value :  3.43191e-06
 Reference value :  3.43524e-06
 Reference value :  3.43900e-06
 Reference value :  3.44231e-06
 Reference value :  3.44572e-06
 Reference value :  3.44964e-06
 Reference value :  3.45365e-06
 Reference value :  3.45787e-06
 Reference value :  3.46018e-06
 Reference value :  3.46374e-06
 Reference value :  3.46654e-06
 Reference value :  3.46895e-06
 Reference value :  3.47144e-06
 Reference value :  3.47445e-06
 Reference value :  3.47858e-06
 Reference value :  3.48162e-06
 Reference value :  3.48544e-06
 Reference value :  3.48915e-06
 Reference value :  3.49285e-06
 Reference value :  3.49753e-06
 Reference value :  3.50000e-06
 Reference value :  3.50273e-06
 Reference value :  3.50567e-06
 Reference value :  3.50783e-06
 Reference value :  3.51037e-06
 Reference value :  3.51284e-06
 Reference value :  3.51683e-06
 Reference value :  3.52020e-06
 Reference value :  3.52349e-06
 Reference value :  3.52608e-06
 Reference value :  3.53053e-06
 Reference value :  3.53413e-06
 Reference value :  3.53794e-06
 Reference value :  3.54022e-06
 Reference value :  3.54279e-06
 Reference value :  3.54583e-06
 Reference value :  3.54801e-06
 Reference value :  3.55071e-06
 Reference value :  3.55329e-06
 Reference value :  3.55737e-06
 Reference value :  3.56064e-06
 Reference value :  3.56445e-06
 Reference value :  3.56763e-06
 Reference value :  3.57166e-06
 Reference value :  3.57575e-06
 Reference value :  3.57940e-06
 Reference value :  3.58186e-06
 Reference value :  3.58552e-06
 Reference value :  3.58774e-06
 Reference value :  3.59025e-06
 Reference value :  3.59307e-06
 Reference value :  3.59728e-06
 Reference value :  3.60058e-06
 Reference value :  3.60448e-06
 Reference value :  3.60771e-06
 Reference value :  3.61182e-06
 Reference value :  3.61593e-06
 Reference value :  3.61944e-06
 Reference value :  3.62156e-06
 Reference value :  3.62556e-06
 Reference value :  3.62797e-06
 Reference value :  3.63062e-06
 Reference value :  3.63385e-06
 Reference value :  3.63796e-06
 Reference value :  3.64098e-06
 Reference value :  3.64480e-06
 Reference value :  3.64804e-06
 Reference value :  3.65202e-06
 Reference value :  3.65631e-06
 Reference value :  3.65931e-06
 Reference value :  3.66126e-06
 Reference value :  3.66497e-06
 Reference value :  3.66733e-06
 Reference value :  3.67006e-06
 Reference value :  3.67282e-06
 Reference value :  3.67700e-06
 Reference value :  3.68040e-06
 Reference value :  3.68418e-06
 Reference value :  3.68671e-06
 Reference value :  3.69111e-06
 Reference value :  3.69498e-06
 Reference value :  3.69872e-06
 Reference value :  3.70095e-06
 Reference value :  3.70439e-06
 Reference value :  3.70645e-06
 Reference value :  3.70905e-06
 Reference value :  3.71147e-06
 Reference value :  3.71459e-06
 Reference value :  3.71834e-06
 Reference value :  3.72126e-06
 Reference value :  3.72502e-06
 Reference value :  3.72852e-06
 Reference value :  3.73258e-06
 Reference value :  3.73729e-06
 Reference value :  3.73984e-06
 Reference value :  3.74245e-06
 Reference value :  3.74554e-06
 Reference value :  3.74778e-06
 Reference value :  3.75005e-06
 Reference value :  3.75285e-06
 Reference value :  3.75747e-06
 Reference value :  3.76058e-06
 Reference value :  3.76440e-06
 Reference value :  3.76756e-06
 Reference value :  3.77152e-06
 Reference value :  3.77559e-06
 Reference value :  3.77922e-06
 Reference value :  3.78125e-06
 Reference value :  3.78517e-06
 Reference value :  3.78736e-06
 Reference value :  3.78985e-06
 Reference value :  3.79247e-06
 Reference value :  3.79603e-06
 Reference value :  3.79986e-06
 Reference value :  3.80323e-06
 Reference value :  3.80593e-06
 Reference value :  3.81016e-06
 Reference value :  3.81397e-06
 Reference value :  3.81788e-06
 Reference value :  3.82028e-06
 Reference value :  3.82349e-06
 Reference value :  3.82616e-06
 Reference value :  3.82877e-06
 Reference value :  3.83114e-06
 Reference value :  3.83417e-06
 Reference value :  3.83781e-06
 Reference value :  3.84070e-06
 Reference value :  3.84437e-06
 Reference value :  3.84707e-06
 Reference value :  3.85113e-06
 Reference value :  3.85476e-06
 Reference value :  3.85862e-06
 Reference value :  3.86077e-06
 Reference value :  3.86429e-06
 Reference value :  3.86620e-06
 Reference value :  3.86859e-06
 Reference value :  3.87107e-06
 Reference value :  3.87419e-06
 Reference value :  3.87791e-06
 Reference value :  3.88094e-06
 Reference value :  3.88481e-06
 Reference value :  3.88804e-06
 Reference value :  3.89217e-06
 Reference value :  3.89651e-06
 Reference value :  3.89974e-06
 Reference value :  3.90268e-06
 Reference value :  3.90566e-06
 Reference value :  3.90796e-06
 Reference value :  3.91054e-06
 Reference value :  3.91293e-06
 Reference value :  3.91700e-06
 Reference value :  3.92040e-06
 Reference value :  3.92430e-06
 Reference value :  3.92736e-06
 Reference value :  3.93111e-06
 Reference value :  3.93476e-06
 Reference value :  3.93899e-06
 Reference value :  3.94124e-06
 Reference value :  3.94533e-06
 Reference value :  3.94781e-06
 Reference value :  3.95029e-06
 Reference value :  3.95284e-06
 Reference value :  3.95708e-06
 Reference value :  3.96052e-06
 Reference value :  3.96449e-06
 Reference value :  3.96770e-06
 Reference value :  3.97170e-06
 Reference value :  3.97614e-06
 Reference value :  3.97936e-06
 Reference value :  3.98136e-06
 Reference value :  3.98512e-06
 Reference value :  3.98742e-06
 Reference value :  3.98982e-06
 Reference value :  3.99253e-06
 Reference value :  3.99628e-06
 Reference value :  4.00008e-06
 Reference value :  4.00338e-06
 Reference value :  4.00659e-06
 Reference value :  4.01080e-06
 Reference value :  4.01419e-06
 Reference value :  4.01822e-06
 Reference value :  4.02042e-06
 Reference value :  4.02369e-06
 Reference value :  4.02604e-06
 Reference value :  4.02853e-06
 Reference value :  4.03098e-06
 Reference value :  4.03394e-06
 Reference value :  4.03777e-06
 Reference value :  4.04079e-06
 Reference value :  4.04442e-06
 Reference value :  4.04767e-06
 Reference value :  4.05175e-06
 Reference value :  4.05629e-06
 Reference value :  4.05954e-06
 Reference value :  4.06223e-06
 Reference value :  4.06540e-06
 Reference value :  4.06765e-06
 Reference value :  4.06998e-06
 Reference value :  4.07239e-06
 Reference value :  4.07558e-06
 Reference value :  4.07933e-06
 Reference value :  4.08276e-06
 Reference value :  4.08573e-06
 Reference value :  4.08979e-06
 Reference value :  4.09339e-06
 Reference value :  4.09770e-06
 Reference value :  4.10020e-06
 Reference value :  4.10298e-06
 Reference value :  4.10587e-06
 Reference value :  4.10823e-06
 Reference value :  4.11069e-06
 Reference value :  4.11326e-06
 Reference value :  4.11762e-06
 Reference value :  4.12064e-06
 Reference value :  4.12431e-06
 Reference value :  4.12748e-06
 Reference value :  4.13157e-06
 Reference value :  4.13587e-06
 Reference value :  4.13903e-06
 Reference value :  4.14087e-06
 Reference value :  4.14452e-06
 Reference value :  4.14689e-06
 Reference value :  4.14918e-06
 Reference value :  4.15197e-06
 Reference value :  4.15487e-06
 Reference value :  4.15849e-06
 Reference value :  4.16137e-06
 Reference value :  4.16515e-06
 Reference value :  4.16877e-06
 Reference value :  4.17288e-06
 Reference value :  4.17764e-06
 Reference value :  4.18017e-06
 Reference value :  4.18306e-06
 Reference value :  4.18584e-06
 Reference value :  4.18839e-06
 Reference value :  4.19089e-06
 Reference value :  4.19411e-06
 Reference value :  4.19787e-06
 Reference value :  4.20094e-06
 Reference value :  4.20464e-06
 Reference value :  4.20782e-06
 Reference value :  4.21180e-06
 Reference value :  4.21615e-06
 Reference value :  4.21925e-06
 Reference value :  4.22147e-06
 Reference value :  4.22531e-06
 Reference value :  4.22749e-06
 Reference value :  4.23004e-06
 Reference value :  4.23252e-06
 Reference value :  4.23582e-06
 Reference value :  4.23973e-06
 Reference value :  4.24323e-06
 Reference value :  4.24622e-06
 Reference value :  4.25059e-06
 Reference value :  4.25414e-06
 Reference value :  4.25796e-06
 Reference value :  4.26044e-06
 Reference value :  4.26426e-06
 Reference value :  4.26680e-06
 Reference value :  4.26935e-06
 Reference value :  4.27204e-06
 Reference value :  4.27532e-06
 Reference value :  4.27907e-06
 Reference value :  4.28267e-06
 Reference value :  4.28583e-06
 Reference value :  4.29045e-06
 Reference value :  4.29420e-06
 Reference value :  4.29839e-06
 Reference value :  4.30067e-06
 Reference value :  4.30437e-06
 Reference value :  4.30669e-06
 Reference value :  4.30924e-06
 Reference value :  4.31194e-06
 Reference value :  4.31523e-06
 Reference value :  4.31931e-06
 Reference value :  4.32278e-06
 Reference value :  4.32589e-06
 Reference value :  4.33017e-06
 Reference value :  4.33404e-06
 Reference value :  4.33815e-06
 Reference value :  4.34041e-06
 Reference value :  4.34408e-06
 Reference value :  4.34629e-06
 Reference value :  4.34883e-06
 Reference value :  4.35133e-06
 Reference value :  4.35447e-06
 Reference value :  4.35838e-06
 Reference value :  4.36142e-06
 Reference value :  4.36535e-06
 Reference value :  4.36924e-06
 Reference value :  4.37304e-06
 Reference value :  4.37760e-06
 Reference value :  4.37985e-06
 Reference value :  4.38291e-06
 Reference value :  4.38582e-06
 Reference value :  4.38839e-06
 Reference value :  4.39095e-06
 Reference value :  4.39421e-06
 Reference value :  4.39807e-06
 Reference value :  4.40118e-06
 Reference value :  4.40516e-06
 Reference value :  4.40863e-06
 Reference value :  4.41253e-06
 Reference value :  4.41731e-06
 Reference value :  4.41993e-06
 Reference value :  4.42281e-06
 Reference value :  4.42571e-06
 Reference value :  4.42787e-06
 Reference value :  4.43031e-06
 Reference value :  4.43312e-06
 Reference value :  4.43757e-06
 Reference value :  4.44058e-06
 Reference value :  4.44434e-06
 Reference value :  4.44767e-06
 Reference value :  4.45176e-06
 Reference value :  4.45631e-06
 Reference value :  4.45927e-06
 Reference value :  4.46139e-06
 Reference value :  4.46509e-06
 Reference value :  4.46716e-06
 Reference value :  4.46963e-06
 Reference value :  4.47232e-06
 Reference value :  4.47562e-06
 Reference value :  4.47956e-06
 Reference value :  4.48287e-06
 Reference value :  4.48605e-06
 Reference value :  4.49080e-06
 Reference value :  4.49434e-06
 Reference value :  4.49834e-06
 Reference value :  4.50076e-06
 Reference value :  4.50424e-06
 Reference value :  4.50633e-06
 Reference value :  4.50920e-06
 Reference value :  4.51173e-06
 Reference value :  4.51472e-06
 Reference value :  4.51866e-06
 Reference value :  4.52186e-06
 Reference value :  4.52552e-06
 Reference value :  4.52979e-06
 Reference value :  4.53345e-06
 Reference value :  4.53766e-06
 Reference value :  4.54020e-06
 Reference value :  4.54373e-06
 Reference value :  4.54645e-06
 Reference value :  4.54888e-06
 Reference value :  4.55152e-06
 Reference value :  4.55440e-06
 Reference value :  4.55816e-06
 Reference value :  4.56122e-06
 Reference value :  4.56513e-06
 Reference value :  4.56879e-06
 Reference value :  4.57259e-06
 Reference value :  4.57736e-06
 Reference value :  4.57980e-06
 Reference value :  4.58280e-06
 Reference value :  4.58582e-06
 Reference value :  4.58821e-06
 Reference value :  4.59079e-06
 Reference value :  4.59365e-06
 Reference value :  4.59772e-06
 Reference value :  4.60084e-06
 Reference value :  4.60492e-06
 Reference value :  4.60882e-06
 Reference value :  4.61269e-06
 Reference value :  4.61740e-06
 Reference value :  4.62007e-06
 Reference value :  4.62347e-06
 Reference value :  4.62590e-06
 Reference value :  4.62849e-06
 Reference value :  4.63105e-06
 Reference value :  4.63431e-06
 Reference value :  4.63841e-06
 Reference value :  4.64183e-06
 Reference value :  4.64557e-06
 Reference value :  4.64982e-06
 Reference value :  4.65339e-06
 Reference value :  4.65770e-06
 Reference value :  4.66031e-06
 Reference value :  4.66380e-06
 Reference value :  4.66594e-06
 Reference value :  4.66854e-06
 Reference value :  4.67111e-06
 Reference value :  4.67428e-06
 Reference value :  4.67814e-06
 Reference value :  4.68110e-06
 Reference value :  4.68488e-06
 Reference value :  4.68780e-06
 Reference value :  4.69162e-06
 Reference value :  4.69614e-06
 Reference value :  4.69941e-06
 Reference value :  4.70176e-06
 Reference value :  4.70535e-06
 Reference value :  4.70763e-06
 Reference value :  4.71001e-06
 Reference value :  4.71261e-06
 Reference value :  4.71705e-06
 Reference value :  4.72041e-06
 Reference value :  4.72411e-06
 Reference value :  4.72719e-06
 Reference value :  4.73120e-06
 Reference value :  4.73503e-06
 Reference value :  4.73883e-06
 Reference value :  4.74103e-06
 Reference value :  4.74503e-06
 Reference value :  4.74732e-06
 Reference value :  4.74983e-06
 Reference value :  4.75252e-06
 Reference value :  4.75696e-06
 Reference value :  4.76040e-06
 Reference value :  4.76410e-06
 Reference value :  4.76748e-06
 Reference value :  4.77154e-06
 Reference value :  4.77571e-06
 Reference value :  4.77948e-06
 Reference value :  4.78244e-06
 Reference value :  4.78554e-06
 Reference value :  4.78813e-06
 Reference value :  4.79089e-06
 Reference value :  4.79418e-06
 Reference value :  4.79818e-06
 Reference value :  4.80142e-06
 Reference value :  4.80530e-06
 Reference value :  4.80941e-06
 Reference value :  4.81353e-06
 Reference value :  4.81789e-06
 Reference value :  4.82063e-06
 Reference value :  4.82408e-06
 Reference value :  4.82606e-06
 Reference value :  4.82880e-06
 Reference value :  4.83157e-06
 Reference value :  4.83456e-06
 Reference value :  4.83878e-06
 Reference value :  4.84261e-06
 Reference value :  4.84618e-06
 Reference value :  4.85078e-06
 Reference value :  4.85454e-06
 Reference value :  4.85876e-06
 Reference value :  4.86087e-06
 Reference value :  4.86469e-06
 Reference value :  4.86722e-06
 Reference value :  4.86971e-06
 Reference value :  4.87233e-06
 Reference value :  4.87640e-06
 Reference value :  4.88021e-06
 Reference value :  4.88395e-06
 Reference value :  4.88714e-06
 Reference value :  4.89109e-06
 Reference value :  4.89504e-06
 Reference value :  4.89880e-06
 Reference value :  4.90084e-06
 Reference value :  4.90466e-06
 Reference value :  4.90688e-06
 Reference value :  4.90944e-06
 Reference value :  4.91212e-06
 Reference value :  4.91571e-06
 Reference value :  4.91996e-06
 Reference value :  4.92365e-06
 Reference value :  4.92684e-06
 Reference value :  4.93102e-06
 Reference value :  4.93538e-06
 Reference value :  4.93897e-06
 Reference value :  4.94110e-06
 Reference value :  4.94504e-06
 Reference value :  4.94721e-06
 Reference value :  4.94952e-06
 Reference value :  4.95183e-06
 Reference value :  4.95505e-06
 Reference value :  4.95895e-06
 Reference value :  4.96266e-06
 Reference value :  4.96592e-06
 Reference value :  4.97064e-06
 Reference value :  4.97399e-06
 Reference value :  4.97801e-06
 Reference value :  4.98042e-06
 Reference value :  4.98405e-06
 Reference value :  4.98653e-06
 Reference value :  4.98918e-06
 Reference value :  4.99171e-06
 Reference value :  4.99452e-06
 Reference value :  4.99848e-06
 Reference value :  5.00215e-06
 Reference value :  5.00566e-06
 Reference value :  5.01007e-06
 Reference value :  5.01400e-06
 Reference value :  5.01820e-06
 Reference value :  5.02023e-06
 Reference value :  5.02398e-06
 Reference value :  5.02632e-06
 Reference value :  5.02884e-06
 Reference value :  5.03148e-06
 Reference value :  5.03495e-06
 Reference value :  5.03869e-06
 Reference value :  5.04223e-06
 Reference value :  5.04569e-06
 Reference value :  5.05007e-06
 Reference value :  5.05377e-06
 Reference value :  5.05766e-06
 Reference value :  5.06026e-06
 Reference value :  5.06412e-06
 Reference value :  5.06635e-06
 Reference value :  5.06897e-06
 Reference value :  5.07167e-06
 Reference value :  5.07454e-06
 Reference value :  5.07849e-06
 Reference value :  5.08213e-06
 Reference value :  5.08564e-06
 Reference value :  5.09025e-06
 Reference value :  5.09401e-06
 Reference value :  5.09820e-06
 Reference value :  5.10062e-06
 Reference value :  5.10444e-06
 Reference value :  5.10654e-06
 Reference value :  5.10923e-06
 Reference value :  5.11200e-06
 Reference value :  5.11584e-06
 Reference value :  5.11947e-06
 Reference value :  5.12346e-06
 Reference value :  5.12681e-06
 Reference value :  5.13091e-06
 Reference value :  5.13471e-06
 Reference value :  5.13863e-06
 Reference value :  5.14095e-06
 Reference value :  5.14446e-06
 Reference value :  5.14698e-06
 Reference value :  5.14949e-06
 Reference value :  5.15239e-06
 Reference value :  5.15694e-06
 Reference value :  5.16046e-06
 Reference value :  5.16430e-06
 Reference value :  5.16757e-06
 Reference value :  5.17162e-06
 Reference value :  5.17619e-06
 Reference value :  5.17916e-06
 Reference value :  5.18112e-06
 Reference value :  5.18507e-06
 Reference value :  5.18738e-06
 Reference value :  5.18996e-06
 Reference value :  5.19297e-06
 Reference value :  5.19756e-06
 Reference value :  5.20087e-06
 Reference value :  5.20480e-06
 Reference value :  5.20841e-06
 Reference value :  5.21218e-06
 Reference value :  5.21636e-06
 Reference value :  5.21921e-06
 Reference value :  5.22154e-06
 Reference value :  5.22514e-06
 Reference value :  5.22732e-06
 Reference value :  5.22987e-06
 Reference value :  5.23255e-06
 Reference value :  5.23712e-06
 Reference value :  5.24035e-06
 Reference value :  5.24407e-06
 Reference value :  5.24727e-06
 Reference value :  5.25139e-06
 Reference value :  5.25578e-06
 Reference value :  5.25918e-06
 Reference value :  5.26202e-06
 Reference value :  5.26522e-06
 Reference value :  5.26772e-06
 Reference value :  5.27004e-06
 Reference value :  5.27247e-06
 Reference value :  5.27698e-06
 Reference value :  5.28041e-06
 Reference value :  5.28413e-06
 Reference value :  5.28762e-06
 Reference value :  5.29211e-06
 Reference value :  5.29709e-06
 Reference value :  5.29950e-06
 Reference value :  5.30241e-06
 Reference value :  5.30558e-06
 Reference value :  5.30818e-06
 Reference value :  5.31079e-06
 Reference value :  5.31394e-06
 Reference value :  5.31776e-06
 Reference value :  5.32093e-06
 Reference value :  5.32489e-06
 Reference value :  5.32891e-06
 Reference value :  5.33290e-06
 Reference value :  5.33740e-06
 Reference value :  5.34003e-06
 Reference value :  5.34338e-06
 Reference value :  5.34618e-06
 Reference value :  5.34883e-06
 Reference value :  5.35146e-06
 Reference value :  5.35468e-06
 Reference value :  5.35900e-06
 Reference value :  5.36292e-06
 Reference value :  5.36601e-06
 Reference value :  5.37065e-06
 Reference value :  5.37433e-06
 Reference value :  5.37852e-06
 Reference value :  5.38080e-06
 Reference value :  5.38463e-06
 Reference value :  5.38709e-06
 Reference value :  5.38966e-06
 Reference value :  5.39244e-06
 Reference value :  5.39658e-06
 Reference value :  5.40027e-06
 Reference value :  5.40410e-06
 Reference value :  5.40734e-06
 Reference value :  5.41153e-06
 Reference value :  5.41641e-06
 Reference value :  5.41963e-06
 Reference value :  5.42281e-06
 Reference value :  5.42573e-06
 Reference value :  5.42867e-06
 Reference value :  5.43136e-06
 Reference value :  5.43430e-06
 Reference value :  5.43842e-06
 Reference value :  5.44244e-06
 Reference value :  5.44571e-06
 Reference value :  5.45048e-06
 Reference value :  5.45405e-06
 Reference value :  5.45824e-06
 Reference value :  5.46053e-06
 Reference value :  5.46409e-06
 Reference value :  5.46675e-06
 Reference value :  5.46959e-06
 Reference value :  5.47217e-06
 Reference value :  5.47637e-06
 Reference value :  5.48021e-06
 Reference value :  5.48393e-06
 Reference value :  5.48699e-06
 Reference value :  5.49114e-06
 Reference value :  5.49509e-06
 Reference value :  5.49888e-06
 Reference value :  5.50148e-06
 Reference value :  5.50515e-06
 Reference value :  5.50732e-06
 Reference value :  5.50995e-06
 Reference value :  5.51271e-06
 Reference value :  5.51690e-06
 Reference value :  5.52033e-06
 Reference value :  5.52402e-06
 Reference value :  5.52733e-06
 Reference value :  5.53134e-06
 Reference value :  5.53584e-06
 Reference value :  5.53929e-06
 Reference value :  5.54210e-06
 Reference value :  5.54552e-06
 Reference value :  5.54806e-06
 Reference value :  5.55092e-06
 Reference value :  5.55423e-06
 Reference value :  5.55824e-06
 Reference value :  5.56181e-06
 Reference value :  5.56552e-06
 Reference value :  5.57017e-06
 Reference value :  5.57382e-06
 Reference value :  5.57807e-06
 Reference value :  5.58043e-06
 Reference value :  5.58406e-06
 Reference value :  5.58634e-06
 Reference value :  5.58903e-06
 Reference value :  5.59189e-06
 Reference value :  5.59573e-06
 Reference value :  5.59946e-06
 Reference value :  5.60389e-06
 Reference value :  5.60714e-06
 Reference value :  5.61137e-06
 Reference value :  5.61602e-06
 Reference value :  5.61935e-06
 Reference value :  5.62233e-06
 Reference value :  5.62537e-06
 Reference value :  5.62810e-06
 Reference value :  5.63112e-06
 Reference value :  5.63432e-06
 Reference value :  5.63885e-06
 Reference value :  5.64297e-06
 Reference value :  5.64634e-06
 Reference value :  5.65067e-06
 Reference value :  5.65444e-06
 Reference value :  5.65848e-06
 Reference value :  5.66087e-06
 Reference value :  5.66473e-06
 Reference value :  5.66730e-06
 Reference value :  5.67023e-06
 Reference value :  5.67352e-06
 Reference value :  5.67758e-06
 Reference value :  5.68112e-06
 Reference value :  5.68521e-06
 Reference value :  5.68957e-06
 Reference value :  5.69375e-06
 Reference value :  5.69783e-06
 Reference value :  5.70030e-06
 Reference value :  5.70400e-06
 Reference value :  5.70644e-06
 Reference value :  5.70874e-06
 Reference value :  5.71146e-06
 Reference value :  5.71479e-06
 Reference value :  5.71842e-06
 Reference value :  5.72232e-06
 Reference value :  5.72567e-06
 Reference value :  5.73039e-06
 Reference value :  5.73397e-06
 Reference value :  5.73826e-06
 Reference value :  5.74081e-06
 Reference value :  5.74462e-06
 Reference value :  5.74701e-06
 Reference value :  5.74942e-06
 Reference value :  5.75204e-06
 Reference value :  5.75558e-06
 Reference value :  5.75925e-06
 Reference value :  5.76341e-06
 Reference value :  5.76653e-06
 Reference value :  5.77080e-06
 Reference value :  5.77483e-06
 Reference value :  5.77874e-06
 Reference value :  5.78127e-06
 Reference value :  5.78477e-06
 Reference value :  5.78699e-06
 Reference value :  5.78972e-06
 Reference value :  5.79234e-06
 Reference value :  5.79653e-06
 Reference value :  5.80023e-06
 Reference value :  5.80395e-06
 Reference value :  5.80718e-06
 Reference value :  5.81120e-06
 Reference value :  5.81550e-06
 Reference value :  5.81887e-06
 Reference value :  5.82115e-06
 Reference value :  5.82492e-06
 Reference value :  5.82751e-06
 Reference value :  5.82988e-06
 Reference value :  5.83288e-06
 Reference value :  5.83723e-06
 Reference value :  5.84056e-06
 Reference value :  5.84434e-06
 Reference value :  5.84777e-06
 Reference value :  5.85178e-06
 Reference value :  5.85678e-06
 Reference value :  5.85936e-06
 Reference value :  5.86207e-06
 Reference value :  5.86538e-06
 Reference value :  5.86762e-06
 Reference value :  5.87027e-06
 Reference value :  5.87302e-06
 Reference value :  5.87736e-06
 Reference value :  5.88061e-06
 Reference value :  5.88452e-06
 Reference value :  5.88789e-06
 Reference value :  5.89196e-06
 Reference value :  5.89698e-06
 Reference value :  5.89951e-06
 Reference value :  5.90221e-06
 Reference value :  5.90544e-06
 Reference value :  5.90813e-06
 Reference value :  5.91059e-06
 Reference value :  5.91376e-06
 Reference value :  5.91768e-06
 Reference value :  5.92095e-06
 Reference value :  5.92482e-06
 Reference value :  5.92868e-06
 Reference value :  5.93265e-06
 Reference value :  5.93725e-06
 Reference value :  5.94013e-06
 Reference value :  5.94378e-06
 Reference value :  5.94631e-06
 Reference value :  5.94886e-06
 Reference value :  5.95153e-06
 Reference value :  5.95429e-06
 Reference value :  5.95808e-06
 Reference value :  5.96160e-06
 Reference value :  5.96516e-06
 Reference value :  5.96943e-06
 Reference value :  5.97355e-06
 Reference value :  5.97736e-06
 Reference value :  5.98000e-06
 Reference value :  5.98318e-06
 Reference value :  5.98600e-06
 Reference value :  5.98855e-06
 Reference value :  5.99131e-06
 Reference value :  5.99430e-06
 Reference value :  5.99835e-06
 Reference value :  6.00211e-06
 Reference value :  6.00542e-06
 Reference value :  6.01024e-06
 Reference value :  6.01382e-06
 Reference value :  6.01790e-06
 Reference value :  6.02036e-06
 Reference value :  6.02386e-06
 Reference value :  6.02594e-06
 Reference value :  6.02849e-06
 Reference value :  6.03125e-06
 Reference value :  6.03422e-06
 Reference value :  6.03824e-06
 Reference value :  6.04244e-06
 Reference value :  6.04565e-06
 Reference value :  6.05043e-06
 Reference value :  6.05398e-06
 Reference value :  6.05820e-06
 Reference value :  6.06074e-06
 Reference value :  6.06473e-06
 Reference value :  6.06715e-06
 Reference value :  6.06978e-06
 Reference value :  6.07300e-06
 Reference value :  6.07737e-06
 Reference value :  6.08073e-06
 Reference value :  6.08481e-06
 Reference value :  6.08866e-06
 Reference value :  6.09262e-06
 Reference value :  6.09730e-06
 Reference value :  6.10000e-06
 Reference value :  6.10280e-06
 Reference value :  6.10561e-06
 Reference value :  6.10815e-06
 Reference value :  6.11060e-06
 Reference value :  6.11372e-06
 Reference value :  6.11767e-06
 Reference value :  6.12104e-06
 Reference value :  6.12490e-06
 Reference value :  6.12860e-06
 Reference value :  6.13272e-06
 Reference value :  6.13721e-06
 Reference value :  6.13965e-06
 Reference value :  6.14294e-06
 Reference value :  6.14544e-06
 Reference value :  6.14775e-06
 Reference value :  6.15030e-06
 Reference value :  6.15363e-06
 Reference value :  6.15739e-06
 Reference value :  6.16074e-06
 Reference value :  6.16454e-06
 Reference value :  6.16790e-06
 Reference value :  6.17212e-06
 Reference value :  6.17701e-06
 Reference value :  6.17955e-06
 Reference value :  6.18240e-06
 Reference value :  6.18515e-06
 Reference value :  6.18748e-06
 Reference value :  6.18989e-06
 Reference value :  6.19295e-06
 Reference value :  6.19717e-06
 Reference value :  6.20040e-06
 Reference value :  6.20392e-06
 Reference value :  6.20738e-06
 Reference value :  6.21136e-06
 Reference value :  6.21592e-06
 Reference value :  6.21929e-06
 Reference value :  6.22259e-06
 Reference value :  6.22574e-06
 Reference value :  6.22814e-06
 Reference value :  6.23057e-06
 Reference value :  6.23373e-06
 Reference value :  6.23776e-06
 Reference value :  6.24123e-06
 Reference value :  6.24490e-06
 Reference value :  6.24869e-06
 Reference value :  6.25269e-06
 Reference value :  6.25719e-06
 Reference value :  6.25997e-06
 Reference value :  6.26282e-06
 Reference value :  6.26575e-06
 Reference value :  6.26836e-06
 Reference value :  6.27099e-06
 Reference value :  6.27405e-06
 Reference value :  6.27801e-06
 Reference value :  6.28185e-06
 Reference value :  6.28545e-06
 Reference value :  6.29026e-06
 Reference value :  6.29381e-06
 Reference value :  6.29806e-06
 Reference value :  6.30057e-06
 Reference value :  6.30416e-06
 Reference value :  6.30627e-06
 Reference value :  6.30869e-06
 Reference value :  6.31138e-06
 Reference value :  6.31438e-06
 Reference value :  6.31832e-06
 Reference value :  6.32230e-06
 Reference value :  6.32551e-06
 Reference value :  6.33024e-06
 Reference value :  6.33377e-06
 Reference value :  6.33804e-06
 Reference value :  6.34034e-06
 Reference value :  6.34388e-06
 Reference value :  6.34639e-06
 Reference value :  6.34877e-06
 Reference value :  6.35148e-06
 Reference value :  6.35521e-06
 Reference value :  6.35922e-06
 Reference value :  6.36340e-06
 Reference value :  6.36669e-06
 Reference value :  6.37055e-06
 Reference value :  6.37417e-06
 Reference value :  6.37811e-06
 Reference value :  6.38043e-06
 Reference value :  6.38394e-06
 Reference value :  6.38656e-06
 Reference value :  6.38891e-06
 Reference value :  6.39156e-06
 Reference value :  6.39504e-06
 Reference value :  6.39848e-06
 Reference value :  6.40229e-06
 Reference value :  6.40547e-06
 Reference value :  6.41005e-06
 Reference value :  6.41363e-06
 Reference value :  6.41770e-06
 Reference value :  6.42006e-06
 Reference value :  6.42315e-06
 Reference value :  6.42603e-06
 Reference value :  6.42842e-06
 Reference value :  6.43110e-06
 Reference value :  6.43409e-06
 Reference value :  6.43787e-06
 Reference value :  6.44179e-06
 Reference value :  6.44504e-06
 Reference value :  6.44895e-06
 Reference value :  6.45285e-06
 Reference value :  6.45715e-06
 Reference value :  6.45949e-06
 Reference value :  6.46248e-06
 Reference value :  6.46550e-06
 Reference value :  6.46835e-06
 Reference value :  6.47100e-06
 Reference value :  6.47371e-06
 Reference value :  6.47765e-06
 Reference value :  6.48076e-06
 Reference value :  6.48470e-06
 Reference value :  6.48844e-06
 Reference value :  6.49235e-06
 Reference value :  6.49690e-06
 Reference value :  6.49955e-06
 Reference value :  6.50288e-06
 Reference value :  6.50540e-06
 Reference value :  6.50772e-06
 Reference value :  6.51068e-06
 Reference value :  6.51363e-06
 Reference value :  6.51764e-06
 Reference value :  6.52083e-06
 Reference value :  6.52479e-06
 Reference value :  6.52866e-06
 Reference value :  6.53258e-06
 Reference value :  6.53706e-06
 Reference value :  6.54000e-06
 Reference value :  6.54349e-06
 Reference value :  6.54598e-06
 Reference value :  6.54873e-06
 Reference value :  6.55151e-06
 Reference value :  6.55502e-06
 Reference value :  6.55920e-06
 Reference value :  6.56317e-06
 Reference value :  6.56655e-06
 Reference value :  6.57051e-06
 Reference value :  6.57424e-06
 Reference value :  6.57847e-06
 Reference value :  6.58078e-06
 Reference value :  6.58454e-06
 Reference value :  6.58697e-06
 Reference value :  6.58974e-06
 Reference value :  6.59292e-06
 Reference value :  6.59714e-06
 Reference value :  6.60044e-06
 Reference value :  6.60437e-06
 Reference value :  6.60752e-06
 Reference value :  6.61164e-06
 Reference value :  6.61627e-06
 Reference value :  6.61921e-06
 Reference value :  6.62237e-06
 Reference value :  6.62532e-06
 Reference value :  6.62805e-06
 Reference value :  6.63064e-06
 Reference value :  6.63376e-06
 Reference value :  6.63761e-06
 Reference value :  6.64088e-06
 Reference value :  6.64487e-06
 Reference value :  6.64855e-06
 Reference value :  6.65193e-06
 Reference value :  6.65683e-06
 Reference value :  6.65972e-06
 Reference value :  6.66281e-06
 Reference value :  6.66535e-06
 Reference value :  6.66804e-06
 Reference value :  6.67057e-06
 Reference value :  6.67374e-06
 Reference value :  6.67767e-06
 Reference value :  6.68081e-06
 Reference value :  6.68473e-06
 Reference value :  6.68878e-06
 Reference value :  6.69250e-06
 Reference value :  6.69710e-06
 Reference value :  6.69932e-06
 Reference value :  6.70319e-06
 Reference value :  6.70558e-06
 Reference value :  6.70845e-06
 Reference value :  6.71109e-06
 Reference value :  6.71416e-06
 Reference value :  6.71807e-06
 Reference value :  6.72213e-06
 Reference value :  6.72521e-06
 Reference value :  6.72959e-06
 Reference value :  6.73349e-06
 Reference value :  6.73756e-06
 Reference value :  6.74029e-06
 Reference value :  6.74377e-06
 Reference value :  6.74631e-06
 Reference value :  6.74884e-06
 Reference value :  6.75158e-06
 Reference value :  6.75516e-06
 Reference value :  6.75901e-06
 Reference value :  6.76303e-06
 Reference value :  6.76591e-06
 Reference value :  6.77041e-06
 Reference value :  6.77398e-06
 Reference value :  6.77823e-06
 Reference value :  6.78079e-06
 Reference value :  6.78448e-06
 Reference value :  6.78687e-06
 Reference value :  6.78970e-06
 Reference value :  6.79250e-06
 Reference value :  6.79695e-06
 Reference value :  6.80037e-06
 Reference value :  6.80441e-06
 Reference value :  6.80797e-06
 Reference value :  6.81229e-06
 Reference value :  6.81705e-06
 Reference value :  6.81959e-06
 Reference value :  6.82260e-06
 Reference value :  6.82536e-06
 Reference value :  6.82778e-06
 Reference value :  6.83036e-06
 Reference value :  6.83344e-06
 Reference value :  6.83767e-06
 Reference value :  6.84123e-06
 Reference value :  6.84500e-06
 Reference value :  6.84901e-06
 Reference value :  6.85259e-06
 Reference value :  6.85707e-06
 Reference value :  6.86003e-06
 Reference value :  6.86367e-06
 Reference value :  6.86611e-06
 Reference value :  6.86883e-06
 Reference value :  6.87150e-06
 Reference value :  6.87453e-06
 Reference value :  6.87861e-06
 Reference value :  6.88251e-06
 Reference value :  6.88571e-06
 Reference value :  6.89027e-06
 Reference value :  6.89378e-06
 Reference value :  6.89782e-06
 Reference value :  6.90020e-06
 Reference value :  6.90367e-06
 Reference value :  6.90630e-06
 Reference value :  6.90874e-06
 Reference value :  6.91111e-06
 Reference value :  6.91406e-06
 Reference value :  6.91796e-06
 Reference value :  6.92199e-06
 Reference value :  6.92523e-06
 Reference value :  6.92971e-06
 Reference value :  6.93345e-06
 Reference value :  6.93740e-06
 Reference value :  6.94001e-06
 Reference value :  6.94359e-06
 Reference value :  6.94571e-06
 Reference value :  6.94816e-06
 Reference value :  6.95059e-06
 Reference value :  6.95369e-06
 Reference value :  6.95753e-06
 Reference value :  6.96082e-06
 Reference value :  6.96490e-06
 Reference value :  6.96879e-06
 Reference value :  6.97245e-06
 Reference value :  6.97704e-06
 Reference value :  6.97974e-06
 Reference value :  6.98280e-06
 Reference value :  6.98537e-06
 Reference value :  6.98794e-06
 Reference value :  6.99053e-06
 Reference value :  6.99362e-06
 Reference value :  6.99748e-06
 Reference value :  7.00074e-06
 Reference value :  7.00458e-06
 Reference value :  7.00844e-06
 Reference value :  7.01244e-06
 Reference value :  7.01698e-06
 Reference value :  7.01974e-06
 Reference value :  7.02358e-06
 Reference value :  7.02575e-06
 Reference value :  7.02844e-06
 Reference value :  7.03132e-06
 Reference value :  7.03444e-06
 Reference value :  7.03859e-06
 Reference value :  7.04280e-06
 Reference value :  7.04616e-06
 Reference value :  7.05039e-06
 Reference value :  7.05423e-06
 Reference value :  7.05823e-06
 Reference value :  7.06060e-06
 Reference value :  7.06401e-06
 Reference value :  7.06666e-06
 Reference value :  7.06897e-06
 Reference value :  7.07154e-06
 Reference value :  7.07532e-06
 Reference value :  7.07958e-06
 Reference value :  7.08353e-06
 Reference value :  7.08686e-06
 Reference value :  7.09097e-06
 Reference value :  7.09537e-06
 Reference value :  7.09859e-06
 Reference value :  7.10082e-06
 Reference value :  7.10442e-06
 Reference value :  7.10660e-06
 Reference value :  7.10928e-06
 Reference value :  7.11200e-06
 Reference value :  7.11629e-06
 Reference value :  7.12013e-06
 Reference value :  7.12370e-06
 Reference value :  7.12692e-06
 Reference value :  7.13085e-06
 Reference value :  7.13514e-06
 Reference value :  7.13885e-06
 Reference value :  7.14100e-06
 Reference value :  7.14466e-06
 Reference value :  7.14723e-06
 Reference value :  7.14970e-06
 Reference value :  7.15287e-06
 Reference value :  7.15711e-06
 Reference value :  7.16064e-06
 Reference value :  7.16457e-06
 Reference value :  7.16862e-06
 Reference value :  7.17291e-06
 Reference value :  7.17716e-06
 Reference value :  7.18000e-06
 Reference value :  7.18319e-06
 Reference value :  7.18579e-06
 Reference value :  7.18834e-06
 Reference value :  7.19106e-06
 Reference value :  7.19447e-06
 Reference value :  7.19881e-06
 Reference value :  7.20306e-06
 Reference value :  7.20642e-06
 Reference value :  7.21051e-06
 Reference value :  7.21463e-06
 Reference value :  7.21868e-06
 Reference value :  7.22108e-06
 Reference value :  7.22471e-06
 Reference value :  7.22695e-06
 Reference value :  7.22953e-06
 Reference value :  7.23255e-06
 Reference value :  7.23688e-06
 Reference value :  7.24025e-06
 Reference value :  7.24398e-06
 Reference value :  7.24775e-06
 Reference value :  7.25161e-06
 Reference value :  7.25671e-06
 Reference value :  7.25935e-06
 Reference value :  7.26242e-06
 Reference value :  7.26514e-06
 Reference value :  7.26737e-06
 Reference value :  7.27008e-06
 Reference value :  7.27320e-06
 Reference value :  7.27719e-06
 Reference value :  7.28065e-06
 Reference value :  7.28448e-06
 Reference value :  7.28836e-06
 Reference value :  7.29239e-06
 Reference value :  7.29706e-06
 Reference value :  7.29979e-06
 Reference value :  7.30281e-06
 Reference value :  7.30531e-06
 Reference value :  7.30807e-06
 Reference value :  7.31088e-06
 Reference value :  7.31385e-06
 Reference value :  7.31809e-06
 Reference value :  7.32218e-06
 Reference value :  7.32592e-06
 Reference value :  7.33030e-06
 Reference value :  7.33401e-06
 Reference value :  7.33830e-06
 Reference value :  7.34084e-06
 Reference value :  7.34438e-06
 Reference value :  7.34661e-06
 Reference value :  7.34941e-06
 Reference value :  7.35210e-06
 Reference value :  7.35666e-06
 Reference value :  7.36032e-06
 Reference value :  7.36397e-06
 Reference value :  7.36723e-06
 Reference value :  7.37122e-06
 Reference value :  7.37580e-06
 Reference value :  7.37906e-06
 Reference value :  7.38145e-06
 Reference value :  7.38491e-06
 Reference value :  7.38716e-06
 Reference value :  7.39006e-06
 Reference value :  7.39296e-06
 Reference value :  7.39709e-06
 Reference value :  7.40058e-06
 Reference value :  7.40452e-06
 Reference value :  7.40878e-06
 Reference value :  7.41256e-06
 Reference value :  7.41711e-06
 Reference value :  7.41959e-06
 Reference value :  7.42300e-06
 Reference value :  7.42533e-06
 Reference value :  7.42790e-06
 Reference value :  7.43093e-06
 Reference value :  7.43385e-06
 Reference value :  7.43794e-06
 Reference value :  7.44227e-06
 Reference value :  7.44549e-06
 Reference value :  7.45024e-06
 Reference value :  7.45390e-06
 Reference value :  7.45809e-06
 Reference value :  7.46033e-06
 Reference value :  7.46384e-06
 Reference value :  7.46615e-06
 Reference value :  7.46859e-06
 Reference value :  7.47134e-06
 Reference value :  7.47490e-06
 Reference value :  7.47899e-06
 Reference value :  7.48285e-06
 Reference value :  7.48650e-06
 Reference value :  7.49045e-06
 Reference value :  7.49436e-06
 Reference value :  7.49831e-06
 Reference value :  7.50061e-06
 Reference value :  7.50450e-06
 Reference value :  7.50664e-06
 Reference value :  7.50938e-06
 Reference value :  7.51212e-06
 Reference value :  7.51632e-06
 Reference value :  7.52027e-06
 Reference value :  7.52406e-06
 Reference value :  7.52724e-06
 Reference value :  7.53137e-06
 Reference value :  7.53627e-06
 Reference value :  7.53921e-06
 Reference value :  7.54185e-06
 Reference value :  7.54514e-06
 Reference value :  7.54770e-06
 Reference value :  7.55032e-06
 Reference value :  7.55349e-06
 Reference value :  7.55735e-06
 Reference value :  7.56092e-06
 Reference value :  7.56482e-06
 Reference value :  7.56902e-06
 Reference value :  7.57333e-06
 Reference value :  7.57743e-06
 Reference value :  7.58003e-06
 Reference value :  7.58360e-06
 Reference value :  7.58574e-06
 Reference value :  7.58852e-06
 Reference value :  7.59141e-06
 Reference value :  7.59509e-06
 Reference value :  7.59941e-06
 Reference value :  7.60320e-06
 Reference value :  7.60624e-06
 Reference value :  7.61042e-06
 Reference value :  7.61444e-06
 Reference value :  7.61828e-06
 Reference value :  7.62062e-06
 Reference value :  7.62439e-06
 Reference value :  7.62661e-06
 Reference value :  7.62954e-06
 Reference value :  7.63276e-06
 Reference value :  7.63681e-06
 Reference value :  7.64041e-06
 Reference value :  7.64408e-06
 Reference value :  7.64780e-06
 Reference value :  7.65181e-06
 Reference value :  7.65683e-06
 Reference value :  7.65969e-06
 Reference value :  7.66329e-06
 Reference value :  7.66565e-06
 Reference value :  7.66861e-06
 Reference value :  7.67149e-06
 Reference value :  7.67496e-06
 Reference value :  7.67911e-06
 Reference value :  7.68270e-06
 Reference value :  7.68637e-06
 Reference value :  7.69034e-06
 Reference value :  7.69465e-06
 Reference value :  7.69834e-06
 Reference value :  7.70061e-06
 Reference value :  7.70414e-06
 Reference value :  7.70655e-06
 Reference value :  7.70918e-06
 Reference value :  7.71187e-06
 Reference value :  7.71582e-06
 Reference value :  7.71985e-06
 Reference value :  7.72341e-06
 Reference value :  7.72663e-06
 Reference value :  7.73064e-06
 Reference value :  7.73482e-06
 Reference value :  7.73849e-06
 Reference value :  7.74110e-06
 Reference value :  7.74459e-06
 Reference value :  7.74699e-06
 Reference value :  7.75001e-06
 Reference value :  7.75332e-06
 Reference value :  7.75712e-06
 Reference value :  7.76041e-06
 Reference value :  7.76414e-06
 Reference value :  7.76787e-06
 Reference value :  7.77229e-06
 Reference value :  7.77690e-06
 Reference value :  7.77958e-06
 Reference value :  7.78271e-06
 Reference value :  7.78529e-06
 Reference value :  7.78798e-06
 Reference value :  7.79053e-06
 Reference value :  7.79382e-06
 Reference value :  7.79777e-06
 Reference value :  7.80092e-06
 Reference value :  7.80489e-06
 Reference value :  7.80912e-06
 Reference value :  7.81308e-06
 Reference value :  7.81733e-06
 Reference value :  7.82012e-06
 Reference value :  7.82360e-06
 Reference value :  7.82620e-06
 Reference value :  7.82873e-06
 Reference value :  7.83139e-06
 Reference value :  7.83472e-06
 Reference value :  7.83862e-06
 Reference value :  7.84221e-06
 Reference value :  7.84568e-06
 Reference value :  7.85019e-06
 Reference value :  7.85388e-06
 Reference value :  7.85796e-06
 Reference value :  7.86042e-06
 Reference value :  7.86408e-06
 Reference value :  7.86648e-06
 Reference value :  7.86923e-06
 Reference value :  7.87193e-06
 Reference value :  7.87653e-06
 Reference value :  7.88016e-06
 Reference value :  7.88371e-06
 Reference value :  7.88704e-06
 Reference value :  7.89120e-06
 Reference value :  7.89609e-06
 Reference value :  7.89891e-06
 Reference value :  7.90230e-06
 Reference value :  7.90521e-06
 Reference value :  7.90789e-06
 Reference value :  7.91035e-06
 Reference value :  7.91348e-06
 Reference value :  7.91753e-06
 Reference value :  7.92103e-06
 Reference value :  7.92486e-06
 Reference value :  7.92933e-06
 Reference value :  7.93317e-06
 Reference value :  7.93733e-06
 Reference value :  7.93972e-06
 Reference value :  7.94299e-06
 Reference value :  7.94572e-06
 Reference value :  7.94832e-06
 Reference value :  7.95108e-06
 Reference value :  7.95433e-06
 Reference value :  7.95819e-06
 Reference value :  7.96216e-06
 Reference value :  7.96590e-06
 Reference value :  7.97017e-06
 Reference value :  7.97379e-06
 Reference value :  7.97787e-06
 Reference value :  7.98041e-06
 Reference value :  7.98417e-06
 Reference value :  7.98664e-06
 Reference value :  7.98947e-06
 Reference value :  7.99242e-06
 Reference value :  7.99679e-06
 Reference value :  8.00035e-06
 Reference value :  8.00394e-06
 Reference value :  8.00738e-06
 Reference value :  8.01146e-06
 Reference value :  8.01647e-06
 Reference value :  8.01963e-06
 Reference value :  8.02256e-06
 Reference value :  8.02511e-06
 Reference value :  8.02772e-06
 Reference value :  8.03052e-06
 Reference value :  8.03378e-06
 Reference value :  8.03774e-06
 Reference value :  8.04102e-06
 Reference value :  8.04485e-06
 Reference value :  8.04945e-06
 Reference value :  8.05336e-06
 Reference value :  8.05757e-06
 Reference value :  8.06007e-06
 Reference value :  8.06375e-06
 Reference value :  8.06609e-06
 Reference value :  8.06877e-06
 Reference value :  8.07163e-06
 Reference value :  8.07564e-06
 Reference value :  8.08008e-06
 Reference value :  8.08378e-06
 Reference value :  8.08705e-06
 Reference value :  8.09146e-06
 Reference value :  8.09619e-06
 Reference value :  8.09911e-06
 Reference value :  8.10212e-06
 Reference value :  8.10512e-06
 Reference value :  8.10778e-06
 Reference value :  8.11044e-06
 Reference value :  8.11369e-06
 Reference value :  8.11781e-06
 Reference value :  8.12166e-06
 Reference value :  8.12517e-06
 Reference value :  8.13001e-06
 Reference value :  8.13358e-06
 Reference value :  8.13789e-06
 Reference value :  8.14054e-06
 Reference value :  8.14423e-06
 Reference value :  8.14646e-06
 Reference value :  8.14928e-06
 Reference value :  8.15202e-06
 Reference value :  8.15645e-06
 Reference value :  8.15999e-06
 Reference value :  8.16349e-06
 Reference value :  8.16674e-06
 Reference value :  8.17088e-06
 Reference value :  8.17539e-06
 Reference value :  8.17880e-06
 Reference value :  8.18104e-06
 Reference value :  8.18437e-06
 Reference value :  8.18666e-06
 Reference value :  8.18933e-06
 Reference value :  8.19227e-06
 Reference value :  8.19646e-06
 Reference value :  8.20002e-06
 Reference value :  8.20354e-06
 Reference value :  8.20672e-06
 Reference value :  8.21066e-06
 Reference value :  8.21450e-06
 Reference value :  8.21810e-06
 Reference value :  8.22055e-06
 Reference value :  8.22406e-06
 Reference value :  8.22661e-06
 Reference value :  8.22935e-06
 Reference value :  8.23227e-06
 Reference value :  8.23667e-06
 Reference value :  8.24020e-06
 Reference value :  8.24371e-06
 Reference value :  8.24698e-06
 Reference value :  8.25113e-06
 Reference value :  8.25598e-06
 Reference value :  8.25906e-06
 Reference value :  8.26243e-06
 Reference value :  8.26516e-06
 Reference value :  8.26791e-06
 Reference value :  8.27061e-06
 Reference value :  8.27380e-06
 Reference value :  8.27803e-06
 Reference value :  8.28186e-06
 Reference value :  8.28499e-06
 Reference value :  8.28991e-06
 Reference value :  8.29345e-06
 Reference value :  8.29770e-06
 Reference value :  8.30042e-06
 Reference value :  8.30430e-06
 Reference value :  8.30676e-06
 Reference value :  8.30927e-06
 Reference value :  8.31193e-06
 Reference value :  8.31648e-06
 Reference value :  8.32021e-06
 Reference value :  8.32390e-06
 Reference value :  8.32752e-06
 Reference value :  8.33191e-06
 Reference value :  8.33666e-06
 Reference value :  8.33950e-06
 Reference value :  8.34246e-06
 Reference value :  8.34501e-06
 Reference value :  8.34759e-06
 Reference value :  8.35041e-06
 Reference value :  8.35343e-06
 Reference value :  8.35747e-06
 Reference value :  8.36116e-06
 Reference value :  8.36491e-06
 Reference value :  8.36939e-06
 Reference value :  8.37328e-06
 Reference value :  8.37746e-06
 Reference value :  8.37997e-06
 Reference value :  8.38345e-06
 Reference value :  8.38555e-06
 Reference value :  8.38841e-06
 Reference value :  8.39134e-06
 Reference value :  8.39537e-06
 Reference value :  8.39922e-06
 Reference value :  8.40306e-06
 Reference value :  8.40632e-06
 Reference value :  8.41028e-06
 Reference value :  8.41433e-06
 Reference value :  8.41833e-06
 Reference value :  8.42056e-06
 Reference value :  8.42437e-06
 Reference value :  8.42682e-06
 Reference value :  8.42941e-06
 Reference value :  8.43235e-06
 Reference value :  8.43683e-06
 Reference value :  8.44031e-06
 Reference value :  8.44395e-06
 Reference value :  8.44702e-06
 Reference value :  8.45120e-06
 Reference value :  8.45617e-06
 Reference value :  8.45897e-06
 Reference value :  8.46233e-06
 Reference value :  8.46509e-06
 Reference value :  8.46782e-06
 Reference value :  8.47064e-06
 Reference value :  8.47381e-06
 Reference value :  8.47774e-06
 Reference value :  8.48116e-06
 Reference value :  8.48466e-06
 Reference value :  8.48879e-06
 Reference value :  8.49289e-06
 Reference value :  8.49702e-06
 Reference value :  8.49993e-06
 Reference value :  8.50342e-06
 Reference value :  8.50616e-06
 Reference value :  8.50872e-06
 Reference value :  8.51139e-06
 Reference value :  8.51528e-06
 Reference value :  8.51986e-06
 Reference value :  8.52341e-06
 Reference value :  8.52663e-06
 Reference value :  8.53086e-06
 Reference value :  8.53550e-06
 Reference value :  8.53859e-06
 Reference value :  8.54133e-06
 Reference value :  8.54479e-06
 Reference value :  8.54740e-06
 Reference value :  8.55014e-06
 Reference value :  8.55341e-06
 Reference value :  8.55734e-06
 Reference value :  8.56078e-06
 Reference value :  8.56466e-06
 Reference value :  8.56906e-06
 Reference value :  8.57324e-06
 Reference value :  8.57745e-06
 Reference value :  8.57998e-06
 Reference value :  8.58344e-06
 Reference value :  8.58617e-06
 Reference value :  8.58880e-06
 Reference value :  8.59167e-06
 Reference value :  8.59594e-06
 Reference value :  8.60004e-06
 Reference value :  8.60352e-06
 Reference value :  8.60683e-06
 Reference value :  8.61100e-06
 Reference value :  8.61589e-06
 Reference value :  8.61889e-06
 Reference value :  8.62253e-06
 Reference value :  8.62497e-06
 Reference value :  8.62744e-06
 Reference value :  8.63037e-06
 Reference value :  8.63362e-06
 Reference value :  8.63776e-06
 Reference value :  8.64156e-06
 Reference value :  8.64523e-06
 Reference value :  8.64979e-06
 Reference value :  8.65336e-06
 Reference value :  8.65763e-06
 Reference value :  8.66001e-06
 Reference value :  8.66336e-06
 Reference value :  8.66598e-06
 Reference value :  8.66852e-06
 Reference value :  8.67133e-06
 Reference value :  8.67494e-06
 Reference value :  8.67913e-06
 Reference value :  8.68334e-06
 Reference value :  8.68683e-06
 Reference value :  8.69092e-06
 Reference value :  8.69558e-06
 Reference value :  8.69886e-06
 Reference value :  8.70214e-06
 Reference value :  8.70490e-06
 Reference value :  8.70732e-06
 Reference value :  8.71000e-06
 Reference value :  8.71320e-06
 Reference value :  8.71727e-06
 Reference value :  8.72061e-06
 Reference value :  8.72439e-06
 Reference value :  8.72855e-06
 Reference value :  8.73305e-06
 Reference value :  8.73724e-06
 Reference value :  8.73992e-06
 Reference value :  8.74344e-06
 Reference value :  8.74566e-06
 Reference value :  8.74826e-06
 Reference value :  8.75097e-06
 Reference value :  8.75451e-06
 Reference value :  8.75892e-06
 Reference value :  8.76251e-06
 Reference value :  8.76608e-06
 Reference value :  8.77026e-06
 Reference value :  8.77426e-06
 Reference value :  8.77811e-06
 Reference value :  8.78065e-06
 Reference value :  8.78432e-06
 Reference value :  8.78678e-06
 Reference value :  8.78934e-06
 Reference value :  8.79268e-06
 Reference value :  8.79670e-06
 Reference value :  8.80023e-06
 Reference value :  8.80404e-06
 Reference value :  8.80753e-06
 Reference value :  8.81180e-06
 Reference value :  8.81674e-06
 Reference value :  8.81983e-06
 Reference value :  8.82312e-06
 Reference value :  8.82558e-06
 Reference value :  8.82844e-06
 Reference value :  8.83110e-06
 Reference value :  8.83471e-06
 Reference value :  8.83885e-06
 Reference value :  8.84276e-06
 Reference value :  8.84595e-06
 Reference value :  8.85012e-06
 Reference value :  8.85415e-06
 Reference value :  8.85811e-06
 Reference value :  8.86074e-06
 Reference value :  8.86420e-06
 Reference value :  8.86643e-06
 Reference value :  8.86936e-06
 Reference value :  8.87242e-06
 Reference value :  8.87686e-06
 Reference value :  8.88042e-06
 Reference value :  8.88419e-06
 Reference value :  8.88792e-06
 Reference value :  8.89212e-06
 Reference value :  8.89671e-06
 Reference value :  8.89940e-06
 Reference value :  8.90291e-06
 Reference value :  8.90569e-06
 Reference value :  8.90822e-06
 Reference value :  8.91094e-06
 Reference value :  8.91440e-06
 Reference value :  8.91813e-06
 Reference value :  8.92229e-06
 Reference value :  8.92576e-06
 Reference value :  8.93017e-06
 Reference value :  8.93437e-06
 Reference value :  8.93807e-06
 Reference value :  8.94066e-06
 Reference value :  8.94444e-06
 Reference value :  8.94711e-06
 Reference value :  8.94981e-06
 Reference value :  8.95303e-06
 Reference value :  8.95683e-06
 Reference value :  8.96042e-06
 Reference value :  8.96412e-06
 Reference value :  8.96793e-06
 Reference value :  8.97211e-06
 Reference value :  8.97685e-06
 Reference value :  8.98000e-06
 Reference value :  8.98333e-06
 Reference value :  8.98593e-06
 Reference value :  8.98865e-06
 Reference value :  8.99147e-06
 Reference value :  8.99532e-06
 Reference value :  8.99977e-06
 Reference value :  9.00337e-06
 Reference value :  9.00682e-06
 Reference value :  9.01082e-06
 Reference value :  9.01570e-06
 Reference value :  9.01867e-06
 Reference value :  9.02214e-06
 Reference value :  9.02503e-06
 Reference value :  9.02797e-06
 Reference value :  9.03070e-06
 Reference value :  9.03376e-06
 Reference value :  9.03782e-06
 Reference value :  9.04156e-06
 Reference value :  9.04512e-06
 Reference value :  9.04993e-06
 Reference value :  9.05370e-06
 Reference value :  9.05792e-06
 Reference value :  9.06016e-06
 Reference value :  9.06382e-06
 Reference value :  9.06643e-06
 Reference value :  9.06933e-06
 Reference value :  9.07243e-06
 Reference value :  9.07674e-06
 Reference value :  9.08032e-06
 Reference value :  9.08394e-06
 Reference value :  9.08789e-06
 Reference value :  9.09238e-06
 Reference value :  9.09675e-06
 Reference value :  9.09917e-06
 Reference value :  9.10282e-06
 Reference value :  9.10561e-06
 Reference value :  9.10847e-06
 Reference value :  9.11126e-06
 Reference value :  9.11525e-06
 Reference value :  9.11933e-06
 Reference value :  9.12296e-06
 Reference value :  9.12570e-06
 Reference value :  9.13006e-06
 Reference value :  9.13387e-06
 Reference value :  9.13796e-06
 Reference value :  9.14055e-06
 Reference value :  9.14427e-06
 Reference value :  9.14665e-06
 Reference value :  9.14938e-06
 Reference value :  9.15234e-06
 Reference value :  9.15660e-06
 Reference value :  9.16016e-06
 Reference value :  9.16353e-06
 Reference value :  9.16688e-06
 Reference value :  9.17110e-06
 Reference value :  9.17610e-06
 Reference value :  9.17869e-06
 Reference value :  9.18154e-06
 Reference value :  9.18468e-06
 Reference value :  9.18743e-06
 Reference value :  9.19018e-06
 Reference value :  9.19336e-06
 Reference value :  9.19733e-06
No. of Data Rows : 107942

  Measurements for Transient Analysis

cphi_pre            =  4.969647e-09 targ=  2.625070e-06 trig=  2.620100e-06
cphi_fast           =  4.789116e-09 targ=  3.144889e-06 trig=  3.140100e-06
cphi_mid            =  4.085248e-09 targ=  6.024185e-06 trig=  6.020100e-06
cphi_post           =  3.560114e-09 targ=  9.023660e-06 trig=  9.020100e-06
cdn_lvl             =  2.087044e-01 from=  6.010000e-06 to=  9.010000e-06

ngspice-42 done
