Using SPARSE 1.3 as Direct Linear Solver
Note: Starting dynamic gmin stepping
Warning: Dynamic gmin stepping failed
Note: Starting true gmin stepping
Note: True gmin stepping completed

Note: No compatibility mode selected!


Circuit: * reference-phase-transfer @ ctl_fs_125c_3.63v_vs1p791 -- generated by sim/harness, do not edit

Doing analysis at TEMP = 125.000000 and TNOM = 27.000000


Initial Transient Solution
--------------------------

Node                                   Voltage
----                                   -------
vdd                                       3.63
vdd_vco                                   3.63
vdd_div                                   3.63
gnd_vco                                      0
vss                                          0
refa                                         0
refb                                         0
gate                                         0
ref                                          0
b0                                           0
b1                                        3.63
b2                                        3.63
cpb0                                         0
cpb1                                         0
ldt0                                         0
ldt1                                         0
ldt2                                         0
ldt3                                      3.63
p0                                           0
p1                                        3.63
p2                                           0
p3                                           0
p4                                           0
p5                                           0
sel0                                         0
sel1                                      3.63
sel2                                         0
sel3                                         0
sel4                                         0
sel5                                         0
ibn                                   0.551726
icn                                   0.674056
ibp                                    2.78757
icp                                    2.64105
xdut.xpfd.xpfd.xed_ref.d1                 3.63
xdut.xpfd.xpfd.xed_ref.d2          1.99812e-08
xdut.xpfd.xpfd.xed_ref.d3                 3.63
xdut.xpfd.xpfd.xed_ref.d4          1.99812e-08
xdut.xpfd.xpfd.xed_ref.d5                 3.63
xdut.xpfd.xpfd.xed_ref.nn                 3.63
xdut.xpfd.xpfd.xed_ref.xnd.ni      1.12427e-06
xdut.xpfd.xpfd.pr                  1.99813e-08
xdut.xpfd.xpfd.xed_fb.d1                  3.63
fb                                  1.4857e-08
xdut.xpfd.xpfd.xed_fb.d2           1.99812e-08
xdut.xpfd.xpfd.xed_fb.d3                  3.63
xdut.xpfd.xpfd.xed_fb.d4           1.99812e-08
xdut.xpfd.xpfd.xed_fb.d5                  3.63
xdut.xpfd.xpfd.xed_fb.nn                  3.63
xdut.xpfd.xpfd.xed_fb.xnd.ni       1.12427e-06
xdut.xpfd.xpfd.pf                  1.99813e-08
xdut.xpfd.xpfd.sbr                        3.63
xdut.xpfd.xpfd.sbf                        3.63
xdut.up                            4.24923e-08
xdut.xpfd.xpfd.upb                        3.63
xdut.xpfd.xpfd.xlat_ref.xn1.ni     2.12462e-08
xdut.xpfd.xpfd.rb                         3.63
xdut.xpfd.xpfd.xlat_ref.xn2.ni         3.11254
xdut.dn                                   3.63
xdut.xpfd.xpfd.dnb                 4.24923e-08
xdut.xpfd.xpfd.xlat_fb.xn1.ni          3.11254
xdut.xpfd.xpfd.xlat_fb.xn2.ni      2.12462e-08
xdut.xpfd.xpfd.nrst                       3.63
xdut.xpfd.xpfd.xnand_rst.ni        1.12427e-06
xdut.xpfd.xpfd.rst_raw             1.99813e-08
xdut.xpfd.xpfd.rd1                        3.63
xdut.xpfd.xpfd.rd2                 1.99812e-08
xdut.xpfd.xpfd.rd3                        3.63
xdut.xpfd.xpfd.rd4                 1.99812e-08
xdut.xpfd.xpfd.rd5                        3.63
xdut.xpfd.xpfd.rd6                 1.99812e-08
xdut.xpfd.xpfd.rd7                        3.63
xdut.xpfd.xpfd.rd8                 1.99812e-08
xdut.xpfd.xpfd.rd9                        3.63
xdut.xpfd.xpfd.rd10                1.99812e-08
xdut.xpfd.xpfd.rd11                       3.63
xdut.xpfd.xpfd.rd12                1.99812e-08
xdut.xpfd.xpfd.rd13                       3.63
xdut.xpfd.xpfd.rd14                1.99812e-08
xdut.xpfd.xpfd.rd15                       3.63
xdut.xpfd.xpfd.rd16                1.99812e-08
xdut.xpfd.xpfd.rd17                       3.63
xdut.xpfd.xpfd.rd18                1.99812e-08
xdut.xpfd.xpfd.rd19                       3.63
xdut.xpfd.xpfd.rd20                1.99812e-08
xdut.xpfd.xpfd.rd21                       3.63
xdut.xpfd.xpfd.rd22                1.99812e-08
xdut.xpfd.xpfd.rd23                       3.63
xdut.xpfd.xpfd.rst_dly             1.99812e-08
xdut.xpfd.xcp.b0b                         3.63
xdut.xpfd.xcp.b1b                         3.63
xdut.xpfd.xcp.upb                         3.63
xdut.xpfd.xcp.dnb                  1.99813e-08
xdut.xpfd.xcp.xn_base.bg              0.551725
xdut.xpfd.xcp.xn_base.mid            0.0989469
xdut.xpfd.xcp.dnt                      1.78988
xdut.xpfd.xcp.xn_t0.bg              1.8775e-07
xdut.xpfd.xcp.xn_t0.mid               0.488323
xdut.xpfd.xcp.xn_t1a.bg             1.8775e-07
xdut.xpfd.xcp.xn_t1a.mid              0.488323
xdut.xpfd.xcp.xn_t1b.bg             1.8775e-07
xdut.xpfd.xcp.xn_t1b.mid              0.488323
xdut.xpfd.xcp.xp_base.bg               2.78757
xdut.xpfd.xcp.xp_base.mid              3.52303
xdut.xpfd.xcp.upt                       1.8107
xdut.xpfd.xcp.xp_t0.bg                    3.63
xdut.xpfd.xcp.xp_t0.mid                1.89603
xdut.xpfd.xcp.xp_t1a.bg                   3.63
xdut.xpfd.xcp.xp_t1a.mid               1.89603
xdut.xpfd.xcp.xp_t1b.bg                   3.63
xdut.xpfd.xcp.xp_t1b.mid               1.89603
vctrl                                    1.791
xdut.xpfd.xcp.vdump                    1.80469
xdut.xpfd.xcp.xbuf.nsrc                 0.9876
xdut.xpfd.xcp.xbuf.nda                 2.79403
xdut.xpfd.xcp.xbuf.psrc                  2.585
xdut.xpfd.xcp.xbuf.pda                  0.5116
xdut.xlf.nr1                             1.791
xdut.xlf.xrf1.11                         1.791
xdut.xlf.xrf1.21                         1.791
xdut.xlf.nr2                             1.791
xdut.xlf.xrf2.11                         1.791
xdut.xlf.xrf2.21                         1.791
xdut.xlf.nr3                             1.791
xdut.xlf.xrf3.11                         1.791
xdut.xlf.xrf3.21                         1.791
xdut.xlf.nz                              1.791
xdut.xlf.xrf4.11                         1.791
xdut.xlf.xrf4.21                         1.791
xdut.xlf.xcf1.c_moscap_int1             -1.791
xdut.xlf.xcf2.c_moscap_int1             -1.791
xdut.xlf.xcf3.c_moscap_int1             -1.791
xdut.xlf.xcf4.c_moscap_int1             -1.791
xdut.xvco.xbias.na                    0.896879
xdut.xvco.xbias.vbpc                   2.56956
xdut.xvco.xbias.nc                    0.170271
xdut.xvco.xbias.xrcg.11               0.170002
xdut.xvco.xbias.xrcg.21            0.000268854
xdut.xvco.xbias.nsu                  0.0110834
xdut.xvco.xbias.vfix                   1.46164
xdut.xvco.xbias.nmd                    0.62819
xdut.xvco.xbias.vbp0                   2.73759
xdut.xvco.xbias.noff                  0.666769
xdut.xvco.xbias.xroff.11              0.666585
xdut.xvco.xbias.xroff.21           0.000184049
xdut.xvco.xbias.nvi                   0.903968
xdut.xvco.xbias.xrdeg.11              0.903718
xdut.xvco.xbias.xrdeg.21           0.000249523
xdut.xvco.xbias.b0b                       3.63
xdut.xvco.xbias.b1b                1.35629e-08
xdut.xvco.xbias.b2b                1.35629e-08
xdut.xvco.xbias.vbn1                  0.586758
xdut.xvco.xbias.ga                        3.63
xdut.xvco.xbias.vbp2                   2.65926
xdut.xvco.xbias.gb                    0.586758
xdut.xvco.vbn                         0.870541
xdut.xvco.xbias.gc                     2.65926
xdut.xvco.vbp                          2.40045
xdut.xvco.xs1.nh                       1.60589
xdut.xvco.y1                                 0
xdut.xvco.y5                                 0
xdut.xvco.xs1.nt                             0
xdut.xvco.xs2.nh                          3.63
xdut.xvco.y2                              3.63
xdut.xvco.xs2.nt                   9.88505e-06
xdut.xvco.xs3.nh                          3.63
xdut.xvco.y3                                 0
xdut.xvco.xs3.nt                             0
xdut.xvco.xs4.nh                          3.63
xdut.xvco.y4                              3.63
xdut.xvco.xs4.nt                   9.88505e-06
xdut.xvco.xs5.nh                          3.63
xdut.xvco.xs5.nt                             0
xdut.xvco.nb1                             3.63
xdut.xvco.nb2                      1.22083e-08
clk                                       3.63
xdut.xvco.xcdec1.c_moscap_int1           -3.63
xdut.xvco.xcdec2.c_moscap_int1           -3.63
xdut.xdiv.xd0.sb                          3.63
xdut.xdiv.mi0                             3.63
xdut.xdiv.mo0                          1.66462
xdut.xdiv.xd0.xn3.nm1                  3.14567
xdut.xdiv.xd0.xn3.nm2              3.24275e-06
xdut.xdiv.xd0.dqn                     0.594818
xdut.xdiv.xd0.qb                       1.66461
xdut.xdiv.xd0.xn2q.nmid                0.16317
xdut.xdiv.xd0.dq                       3.59535
xdut.xdiv.xd0.xfq.ckb              1.48571e-08
xdut.xdiv.xd0.xfq.ckbb                    3.63
xdut.xdiv.xd0.xfq.nm                   1.66462
xdut.xdiv.xd0.xfq.nma                  1.66462
xdut.xdiv.xd0.xfq.nmb                  1.66462
xdut.xdiv.xd0.xfq.ns                   1.66462
xdut.xdiv.xd0.q                        1.66462
xdut.xdiv.ck1                          1.71467
xdut.xdiv.xd0.nmo                     0.513679
xdut.xdiv.xd0.xn2m.nmid               0.336007
xdut.xdiv.xd0.dmo                      3.61173
xdut.xdiv.xd0.xfmo.ckb             1.48571e-08
xdut.xdiv.xd0.xfmo.ckbb                   3.63
xdut.xdiv.xd0.xfmo.nm                  1.66462
xdut.xdiv.xd0.xfmo.nma                 1.66462
xdut.xdiv.xd0.xfmo.nmb                 1.66462
xdut.xdiv.xd0.xfmo.ns                  1.66462
xdut.xdiv.xd0.mob                      1.66461
xdut.xdiv.xd1.sb                   4.49355e-08
xdut.xdiv.mi1                             3.63
xdut.xdiv.mo1                             3.63
xdut.xdiv.xd1.xn3.nm1               2.9957e-08
xdut.xdiv.xd1.xn3.nm2              1.49785e-08
xdut.xdiv.xd1.dqn                         3.63
xdut.xdiv.xd1.qb                          3.63
xdut.xdiv.xd1.xn2q.nmid                3.14561
xdut.xdiv.xd1.dq                   2.66211e-08
xdut.xdiv.xd1.xfq.ckb                  1.00001
xdut.xdiv.xd1.xfq.ckbb                 3.43761
xdut.xdiv.xd1.xfq.nm               4.15151e-08
xdut.xdiv.xd1.xfq.nma                     3.63
xdut.xdiv.xd1.xfq.nmb              3.15164e-08
xdut.xdiv.xd1.xfq.ns                      3.63
xdut.xdiv.xd1.q                     1.4857e-08
xdut.xdiv.ck2                      1.08216e-08
xdut.xdiv.xd1.nmo                         3.63
xdut.xdiv.xd1.xn2m.nmid                3.14561
xdut.xdiv.xd1.dmo                     0.086677
xdut.xdiv.xd1.xfmo.ckb                 1.00001
xdut.xdiv.xd1.xfmo.ckbb                3.43761
xdut.xdiv.xd1.xfmo.nm                  3.37494
xdut.xdiv.xd1.xfmo.nma             1.07211e-06
xdut.xdiv.xd1.xfmo.nmb                 3.52462
xdut.xdiv.xd1.xfmo.ns               8.8199e-07
xdut.xdiv.xd1.mob                  2.21237e-07
xdut.xdiv.xd2.sb                          3.63
xdut.xdiv.mi2                             3.63
xdut.xdiv.mo2                       1.4857e-08
xdut.xdiv.xd2.xn3.nm1                   3.2306
xdut.xdiv.xd2.xn3.nm2                0.0901359
xdut.xdiv.xd2.dqn                  2.99753e-08
xdut.xdiv.xd2.qb                       3.62999
xdut.xdiv.xd2.xn2q.nmid            1.49877e-08
xdut.xdiv.xd2.dq                          3.63
xdut.xdiv.xd2.xfq.ckb                     3.63
xdut.xdiv.xd2.xfq.ckbb              1.4857e-08
xdut.xdiv.xd2.xfq.nm                      3.63
xdut.xdiv.xd2.xfq.nma              2.28695e-06
xdut.xdiv.xd2.xfq.nmb                     3.63
xdut.xdiv.xd2.xfq.ns                   3.62999
xdut.xdiv.xd2.q                    1.48579e-08
xdut.xdiv.ck3                       1.0822e-08
xdut.xdiv.xd2.nmo                         3.63
xdut.xdiv.xd2.xn2m.nmid                3.14561
xdut.xdiv.xd2.dmo                  3.62891e-08
xdut.xdiv.xd2.xfmo.ckb                    3.63
xdut.xdiv.xd2.xfmo.ckbb             1.4857e-08
xdut.xdiv.xd2.xfmo.nm              5.07853e-08
xdut.xdiv.xd2.xfmo.nma                    3.63
xdut.xdiv.xd2.xfmo.nmb             2.24177e-08
xdut.xdiv.xd2.xfmo.ns                     3.63
xdut.xdiv.xd2.mob                         3.63
xdut.xdiv.xd3.sb                          3.63
xdut.xdiv.mi3                      1.48574e-08
xdut.xdiv.mo3                             3.63
xdut.xdiv.xd3.xn3.nm1                0.0998188
xdut.xdiv.xd3.xn3.nm2              1.83437e-07
xdut.xdiv.xd3.dqn                      3.62999
xdut.xdiv.xd3.qb                   2.30069e-06
xdut.xdiv.xd3.xn2q.nmid             2.5088e-06
xdut.xdiv.xd3.dq                   3.62894e-08
xdut.xdiv.xd3.xfq.ckb                     3.63
xdut.xdiv.xd3.xfq.ckbb              1.4857e-08
xdut.xdiv.xd3.xfq.nm               5.07856e-08
xdut.xdiv.xd3.xfq.nma                  3.62999
xdut.xdiv.xd3.xfq.nmb              2.24181e-08
xdut.xdiv.xd3.xfq.ns               4.57959e-06
xdut.xdiv.xd3.q                           3.63
xdut.xdiv.ck4                             3.63
xdut.xdiv.xd3.nmo                      3.62999
xdut.xdiv.xd3.xn2m.nmid            2.50868e-06
xdut.xdiv.xd3.dmo                  3.62894e-08
xdut.xdiv.xd3.xfmo.ckb                    3.63
xdut.xdiv.xd3.xfmo.ckbb             1.4857e-08
xdut.xdiv.xd3.xfmo.nm              5.07856e-08
xdut.xdiv.xd3.xfmo.nma                 3.62999
xdut.xdiv.xd3.xfmo.nmb             2.24181e-08
xdut.xdiv.xd3.xfmo.ns              4.57959e-06
xdut.xdiv.xd3.mob                  2.30069e-06
xdut.xdiv.xd4.sb                          3.63
xdut.xdiv.mi4                             3.63
xdut.xdiv.mo4                       1.4857e-08
xdut.xdiv.xd4.xn3.nm1                   3.2306
xdut.xdiv.xd4.xn3.nm2                0.0901359
xdut.xdiv.xd4.dqn                  2.99749e-08
xdut.xdiv.xd4.qb                          3.63
xdut.xdiv.xd4.xn2q.nmid            1.49875e-08
xdut.xdiv.xd4.dq                       3.62999
xdut.xdiv.xd4.xfq.ckb              1.48571e-08
xdut.xdiv.xd4.xfq.ckbb                    3.63
xdut.xdiv.xd4.xfq.nm               4.57959e-06
xdut.xdiv.xd4.xfq.nma                     3.63
xdut.xdiv.xd4.xfq.nmb              2.30069e-06
xdut.xdiv.xd4.xfq.ns                      3.63
xdut.xdiv.xd4.q                     1.4857e-08
xdut.xdiv.ck5                      1.08216e-08
xdut.xdiv.xd4.nmo                         3.63
xdut.xdiv.xd4.xn2m.nmid                3.14561
xdut.xdiv.xd4.dmo                  2.24179e-08
xdut.xdiv.xd4.xfmo.ckb             1.48571e-08
xdut.xdiv.xd4.xfmo.ckbb                   3.63
xdut.xdiv.xd4.xfmo.nm              5.07851e-08
xdut.xdiv.xd4.xfmo.nma                    3.63
xdut.xdiv.xd4.xfmo.nmb             3.62889e-08
xdut.xdiv.xd4.xfmo.ns                     3.63
xdut.xdiv.xd4.mob                         3.63
xdut.xdiv.xd5.sb                          3.63
xdut.xdiv.mo5                             3.63
xdut.xdiv.xd5.xn3.nm1                0.0998188
xdut.xdiv.xd5.xn3.nm2              1.83437e-07
xdut.xdiv.xd5.dqn                      3.62999
xdut.xdiv.xd5.qb                   2.30069e-06
xdut.xdiv.xd5.xn2q.nmid             2.5088e-06
xdut.xdiv.xd5.dq                   3.62894e-08
xdut.xdiv.xd5.xfq.ckb                     3.63
xdut.xdiv.xd5.xfq.ckbb              1.4857e-08
xdut.xdiv.xd5.xfq.nm               5.07856e-08
xdut.xdiv.xd5.xfq.nma                  3.62999
xdut.xdiv.xd5.xfq.nmb              2.24181e-08
xdut.xdiv.xd5.xfq.ns               4.57959e-06
xdut.xdiv.xd5.q                           3.63
xdut.xdiv.ck6                             3.63
xdut.xdiv.xd5.nmo                      3.62999
xdut.xdiv.xd5.xn2m.nmid            2.50868e-06
xdut.xdiv.xd5.dmo                  3.62894e-08
xdut.xdiv.xd5.xfmo.ckb                    3.63
xdut.xdiv.xd5.xfmo.ckbb             1.4857e-08
xdut.xdiv.xd5.xfmo.nm              5.07856e-08
xdut.xdiv.xd5.xfmo.nma                 3.62999
xdut.xdiv.xd5.xfmo.nmb             2.24181e-08
xdut.xdiv.xd5.xfmo.ns              4.57959e-06
xdut.xdiv.xd5.mob                  2.30069e-06
xdut.xdiv.xnr0.pmid                   0.706985
xdut.xdiv.nmi0                     2.58588e-08
xdut.xdiv.xnr1.pmid                       3.63
xdut.xdiv.nmi1                     2.14537e-08
xdut.xdiv.xnr2.pmid                   0.706986
xdut.xdiv.nmi2                     2.58591e-08
xdut.xdiv.xnr3.pmid                       3.63
xdut.xdiv.nmi3                         3.62999
xdut.xdiv.xnr4.pmid                   0.706985
xdut.xdiv.nmi4                     2.58588e-08
xdut.xdiv.t0                              3.63
xdut.xdiv.xm0.nmid                     1.49857
xdut.xdiv.t1                           3.62999
xdut.xdiv.xm1.nmid                 2.50868e-06
xdut.xdiv.t2                              3.63
xdut.xdiv.xm2.nmid                   0.0999867
xdut.xdiv.t3                              3.63
xdut.xdiv.xm3.nmid                     3.14561
xdut.xdiv.t4                              3.63
xdut.xdiv.xm4.nmid                   0.0999867
xdut.xdiv.t5                              3.63
xdut.xdiv.xm5.nmid                     3.14561
xdut.xdiv.ma                       4.49357e-08
xdut.xdiv.xma.nm1                  2.99572e-08
xdut.xdiv.xma.nm2                  1.49786e-08
xdut.xdiv.mb                        4.4936e-08
xdut.xdiv.xmb.nm1                  2.99573e-08
xdut.xdiv.xmb.nm2                  1.49787e-08
xdut.xdiv.xmno.pmid                       3.63
xdut.xdiv.divoutb                      3.62999
divout                             1.46355e-08
xdut.xdiv.xfrt.ckb                 1.48571e-08
xdut.xdiv.xfrt.ckbb                       3.63
xdut.xdiv.xfrt.nm                   5.0785e-08
xdut.xdiv.xfrt.nma                        3.63
xdut.xdiv.xfrt.nmb                 3.62889e-08
xdut.xdiv.xfrt.ns                         3.63
xdut.xdiv.fbb                             3.63
xdut.xld.xerr.n1                       3.62999
xdut.xld.xerr.xg1.nmid             2.50868e-06
xdut.xld.xerr.n2                       3.62999
xdut.xld.xerr.xg2.nmid             2.50868e-06
xdut.xld.xerr.n3                   2.99756e-08
xdut.xld.xerr.xg3.nmid             1.49878e-08
xdut.xld.err                              3.63
xdut.xld.xerr.xg4.nmid                 3.14561
xdut.xld.xdly.t0b                         3.63
xdut.xld.xdly.t1b                         3.63
xdut.xld.xdly.t2b                         3.63
xdut.xld.xdly.t3b                         3.63
xdut.net1                                    0
xdut.xld.xdly.d1                   4.24726e-08
xdut.xld.xdly.s10                  3.62457e-08
xdut.xld.xdly.s11                  2.24388e-08
xdut.xld.xdly.s12                  1.22152e-08
xdut.xld.xdly.s13                  6.38038e-09
xdut.xld.xdly.d2                       3.62998
xdut.xld.xdly.s20                  9.16027e-06
xdut.xld.xdly.s21                  4.89002e-06
xdut.xld.xdly.s22                   3.6623e-06
xdut.xld.xdly.s23                  3.74066e-06
xdut.xld.xdly.d3                   4.24743e-08
xdut.xld.xdly.s30                  3.62457e-08
xdut.xld.xdly.s31                  2.24388e-08
xdut.xld.xdly.s32                  1.22152e-08
xdut.xld.xdly.s33                  6.38038e-09
xdut.xld.errd                          3.62998
xdut.xld.xdly.s40                  9.16027e-06
xdut.xld.xdly.s41                  4.89002e-06
xdut.xld.xdly.s42                   3.6623e-06
xdut.xld.xdly.s43                  3.74066e-06
xdut.xld.wideb                     2.99773e-08
xdut.xld.xnw.nmid                  1.49887e-08
xdut.xld.wide                             3.63
xdut.vwin                           0.00117857
xdut.xld.xsch.p1                          3.63
xdut.xld.lockb                            3.63
xdut.xld.xsch.n1                       3.13381
lock                               1.48566e-08
e.xdut.xvco.xcdec2.ec_moscap#branch        3.63e-12
e.xdut.xvco.xcdec1.ec_moscap#branch        3.63e-12
e.xdut.xlf.xcf4.ec_moscap#branch       1.791e-12
e.xdut.xlf.xcf3.ec_moscap#branch       1.791e-12
e.xdut.xlf.xcf2.ec_moscap#branch       1.791e-12
e.xdut.xlf.xcf1.ec_moscap#branch       1.791e-12
bref#branch                                  0
vs5#branch                                   0
vs4#branch                                   0
vs3#branch                                   0
vs2#branch                                   0
vs1#branch                           -3.63e-12
vs0#branch                                   0
vp5#branch                                   0
vp4#branch                                   0
vp3#branch                                   0
vp2#branch                                   0
vp1#branch                           -3.63e-12
vp0#branch                                   0
vldt3#branch                         -3.63e-12
vldt2#branch                                 0
vldt1#branch                                 0
vldt0#branch                                 0
vcpb1#branch                                 0
vcpb0#branch                                 0
vb2#branch                           -3.63e-12
vb1#branch                           -3.63e-12
vb0#branch                                   0
vgate#branch                                 0
vrefb#branch                                 0
vrefa#branch                                 0
vvss#branch                         0.00247932
vgndvco#branch                     0.000173849
vvdddiv#branch                     -0.00244332
vvddvco#branch                     -0.00023287
vvdd#branch                        -5.0189e-05

 Reference value :  0.00000e+00
 Reference value :  3.83997e-09
 Reference value :  7.78687e-09
 Reference value :  1.18944e-08
 Reference value :  1.48833e-08
 Reference value :  1.95817e-08
 Reference value :  2.14412e-08
 Reference value :  2.34181e-08
 Reference value :  2.72479e-08
 Reference value :  2.91704e-08
 Reference value :  3.27475e-08
 Reference value :  3.61185e-08
 Reference value :  4.03500e-08
 Reference value :  4.18731e-08
 Reference value :  4.61605e-08
 Reference value :  5.00910e-08
 Reference value :  5.41154e-08
 Reference value :  5.73097e-08
 Reference value :  6.06903e-08
 Reference value :  6.22255e-08
 Reference value :  6.41339e-08
 Reference value :  6.81373e-08
 Reference value :  7.07424e-08
 Reference value :  7.46251e-08
 Reference value :  7.78011e-08
 Reference value :  8.12769e-08
 Reference value :  8.42142e-08
 Reference value :  8.80583e-08
 Reference value :  9.14528e-08
 Reference value :  9.53638e-08
 Reference value :  9.89692e-08
 Reference value :  1.01398e-07
 Reference value :  1.03304e-07
 Reference value :  1.05789e-07
 Reference value :  1.09295e-07
 Reference value :  1.11162e-07
 Reference value :  1.14767e-07
 Reference value :  1.17790e-07
 Reference value :  1.20834e-07
 Reference value :  1.23193e-07
 Reference value :  1.26973e-07
 Reference value :  1.30268e-07
 Reference value :  1.34936e-07
 Reference value :  1.37621e-07
 Reference value :  1.40691e-07
 Reference value :  1.42479e-07
 Reference value :  1.44164e-07
 Reference value :  1.48975e-07
 Reference value :  1.50892e-07
 Reference value :  1.54877e-07
 Reference value :  1.57766e-07
 Reference value :  1.61031e-07
 Reference value :  1.64220e-07
 Reference value :  1.67881e-07
 Reference value :  1.71205e-07
 Reference value :  1.76295e-07
 Reference value :  1.78883e-07
 Reference value :  1.81120e-07
 Reference value :  1.83062e-07
 Reference value :  1.84990e-07
 Reference value :  1.89706e-07
 Reference value :  1.92084e-07
 Reference value :  1.94591e-07
 Reference value :  1.98255e-07
 Reference value :  2.01166e-07
 Reference value :  2.05007e-07
 Reference value :  2.08109e-07
 Reference value :  2.11980e-07
 Reference value :  2.16542e-07
 Reference value :  2.19350e-07
 Reference value :  2.21427e-07
 Reference value :  2.23281e-07
 Reference value :  2.25688e-07
 Reference value :  2.30061e-07
 Reference value :  2.33117e-07
 Reference value :  2.35686e-07
 Reference value :  2.39684e-07
 Reference value :  2.42530e-07
 Reference value :  2.46438e-07
 Reference value :  2.49763e-07
 Reference value :  2.53413e-07
 Reference value :  2.57961e-07
 Reference value :  2.60685e-07
 Reference value :  2.62703e-07
 Reference value :  2.65072e-07
 Reference value :  2.68641e-07
 Reference value :  2.73239e-07
 Reference value :  2.75259e-07
 Reference value :  2.77386e-07
 Reference value :  2.81065e-07
 Reference value :  2.84999e-07
 Reference value :  2.88228e-07
 Reference value :  2.91483e-07
 Reference value :  2.95392e-07
 Reference value :  3.00025e-07
 Reference value :  3.01564e-07
 Reference value :  3.03275e-07
 Reference value :  3.06156e-07
 Reference value :  3.09519e-07
 Reference value :  3.14141e-07
 Reference value :  3.16380e-07
 Reference value :  3.20210e-07
 Reference value :  3.22723e-07
 Reference value :  3.26698e-07
 Reference value :  3.29719e-07
 Reference value :  3.33622e-07
 Reference value :  3.37618e-07
 Reference value :  3.40749e-07
 Reference value :  3.42470e-07
 Reference value :  3.44153e-07
 Reference value :  3.48265e-07
 Reference value :  3.51907e-07
 Reference value :  3.56282e-07
 Reference value :  3.58032e-07
 Reference value :  3.60637e-07
 Reference value :  3.64199e-07
 Reference value :  3.68462e-07
 Reference value :  3.71314e-07
 Reference value :  3.75572e-07
 Reference value :  3.79664e-07
 Reference value :  3.81546e-07
 Reference value :  3.83520e-07
 Reference value :  3.85229e-07
 Reference value :  3.89818e-07
 Reference value :  3.93474e-07
 Reference value :  3.97899e-07
 Reference value :  3.99717e-07
 Reference value :  4.03111e-07
 Reference value :  4.06407e-07
 Reference value :  4.10742e-07
 Reference value :  4.12894e-07
 Reference value :  4.16838e-07
 Reference value :  4.20209e-07
 Reference value :  4.21889e-07
 Reference value :  4.23830e-07
 Reference value :  4.26478e-07
 Reference value :  4.30450e-07
 Reference value :  4.34051e-07
 Reference value :  4.38596e-07
 Reference value :  4.40654e-07
 Reference value :  4.42353e-07
 Reference value :  4.46245e-07
 Reference value :  4.49610e-07
 Reference value :  4.53712e-07
 Reference value :  4.56663e-07
 Reference value :  4.60592e-07
 Reference value :  4.62138e-07
 Reference value :  4.64401e-07
 Reference value :  4.67821e-07
 Reference value :  4.71935e-07
 Reference value :  4.75925e-07
 Reference value :  4.80407e-07
 Reference value :  4.82080e-07
 Reference value :  4.85692e-07
 Reference value :  4.88952e-07
 Reference value :  4.93228e-07
 Reference value :  4.95810e-07
 Reference value :  5.00200e-07
 Reference value :  5.01772e-07
 Reference value :  5.03765e-07
 Reference value :  5.07730e-07
 Reference value :  5.10300e-07
 Reference value :  5.14867e-07
 Reference value :  5.18315e-07
 Reference value :  5.21731e-07
 Reference value :  5.23501e-07
 Reference value :  5.26976e-07
 Reference value :  5.30716e-07
 Reference value :  5.35112e-07
 Reference value :  5.37684e-07
 Reference value :  5.40749e-07
 Reference value :  5.42536e-07
 Reference value :  5.44540e-07
 Reference value :  5.49157e-07
 Reference value :  5.52185e-07
 Reference value :  5.56392e-07
 Reference value :  5.59809e-07
 Reference value :  5.63348e-07
 Reference value :  5.65143e-07
 Reference value :  5.69450e-07
 Reference value :  5.72241e-07
 Reference value :  5.76896e-07
 Reference value :  5.79406e-07
 Reference value :  5.81420e-07
 Reference value :  5.83421e-07
 Reference value :  5.86364e-07
 Reference value :  5.90619e-07
 Reference value :  5.93359e-07
 Reference value :  5.97569e-07
 Reference value :  6.00582e-07
 Reference value :  6.04453e-07
 Reference value :  6.06324e-07
 Reference value :  6.09143e-07
 Reference value :  6.12312e-07
 Reference value :  6.16353e-07
 Reference value :  6.19226e-07
 Reference value :  6.21294e-07
 Reference value :  6.23185e-07
 Reference value :  6.25491e-07
 Reference value :  6.29266e-07
 Reference value :  6.32780e-07
 Reference value :  6.37139e-07
 Reference value :  6.40498e-07
 Reference value :  6.44450e-07
 Reference value :  6.46841e-07
 Reference value :  6.50639e-07
 Reference value :  6.53946e-07
 Reference value :  6.58213e-07
 Reference value :  6.60268e-07
 Reference value :  6.61966e-07
 Reference value :  6.63554e-07
 Reference value :  6.66617e-07
 Reference value :  6.70557e-07
 Reference value :  6.73697e-07
 Reference value :  6.77832e-07
 Reference value :  6.80627e-07
 Reference value :  6.85048e-07
 Reference value :  6.87579e-07
 Reference value :  6.90218e-07
 Reference value :  6.94146e-07
 Reference value :  6.97882e-07
 Reference value :  7.00763e-07
 Reference value :  7.02622e-07
 Reference value :  7.04856e-07
 Reference value :  7.08810e-07
 Reference value :  7.13012e-07
 Reference value :  7.15573e-07
 Reference value :  7.20200e-07
 Reference value :  7.23104e-07
 Reference value :  7.27418e-07
 Reference value :  7.29269e-07
 Reference value :  7.33988e-07
 Reference value :  7.37293e-07
 Reference value :  7.40562e-07
 Reference value :  7.42162e-07
 Reference value :  7.43927e-07
 Reference value :  7.47855e-07
 Reference value :  7.51211e-07
 Reference value :  7.54951e-07
 Reference value :  7.58053e-07
 Reference value :  7.61589e-07
 Reference value :  7.65021e-07
 Reference value :  7.68987e-07
 Reference value :  7.70883e-07
 Reference value :  7.74894e-07
 Reference value :  7.78007e-07
 Reference value :  7.80808e-07
 Reference value :  7.82378e-07
 Reference value :  7.84035e-07
 Reference value :  7.88385e-07
 Reference value :  7.91866e-07
 Reference value :  7.95886e-07
 Reference value :  7.98961e-07
 Reference value :  8.02535e-07
 Reference value :  8.05932e-07
 Reference value :  8.09853e-07
 Reference value :  8.12578e-07
 Reference value :  8.16502e-07
 Reference value :  8.20008e-07
 Reference value :  8.21799e-07
 Reference value :  8.23496e-07
 Reference value :  8.26576e-07
 Reference value :  8.30135e-07
 Reference value :  8.33978e-07
 Reference value :  8.37270e-07
 Reference value :  8.40582e-07
 Reference value :  8.44155e-07
 Reference value :  8.48575e-07
 Reference value :  8.51102e-07
 Reference value :  8.53388e-07
 Reference value :  8.57286e-07
 Reference value :  8.60287e-07
 Reference value :  8.62090e-07
 Reference value :  8.63817e-07
 Reference value :  8.66798e-07
 Reference value :  8.70783e-07
 Reference value :  8.74672e-07
 Reference value :  8.77937e-07
 Reference value :  8.81158e-07
 Reference value :  8.84917e-07
 Reference value :  8.89724e-07
 Reference value :  8.91812e-07
 Reference value :  8.95576e-07
 Reference value :  8.98681e-07
 Reference value :  9.01014e-07
 Reference value :  9.02965e-07
 Reference value :  9.04591e-07
 Reference value :  9.07503e-07
 Reference value :  9.11370e-07
 Reference value :  9.14936e-07
 Reference value :  9.18507e-07
 Reference value :  9.21629e-07
 Reference value :  9.25197e-07
 Reference value :  9.30071e-07
 Reference value :  9.32418e-07
 Reference value :  9.34402e-07
 Reference value :  9.38439e-07
 Reference value :  9.41014e-07
 Reference value :  9.42975e-07
 Reference value :  9.44813e-07
 Reference value :  9.47685e-07
 Reference value :  9.51402e-07
 Reference value :  9.54903e-07
 Reference value :  9.58747e-07
 Reference value :  9.61488e-07
 Reference value :  9.65360e-07
 Reference value :  9.69658e-07
 Reference value :  9.72800e-07
 Reference value :  9.76146e-07
 Reference value :  9.79746e-07
 Reference value :  9.81539e-07
 Reference value :  9.83593e-07
 Reference value :  9.85844e-07
 Reference value :  9.88905e-07
 Reference value :  9.92668e-07
 Reference value :  9.97040e-07
 Reference value :  1.00020e-06
 Reference value :  1.00373e-06
 Reference value :  1.00762e-06
 Reference value :  1.01205e-06
 Reference value :  1.01393e-06
 Reference value :  1.01763e-06
 Reference value :  1.02026e-06
 Reference value :  1.02202e-06
 Reference value :  1.02384e-06
 Reference value :  1.02659e-06
 Reference value :  1.03017e-06
 Reference value :  1.03413e-06
 Reference value :  1.03840e-06
 Reference value :  1.04064e-06
 Reference value :  1.04500e-06
 Reference value :  1.04867e-06
 Reference value :  1.05283e-06
 Reference value :  1.05494e-06
 Reference value :  1.05941e-06
 Reference value :  1.06110e-06
 Reference value :  1.06287e-06
 Reference value :  1.06586e-06
 Reference value :  1.06792e-06
 Reference value :  1.07215e-06
 Reference value :  1.07552e-06
 Reference value :  1.07963e-06
 Reference value :  1.08286e-06
 Reference value :  1.08675e-06
 Reference value :  1.09041e-06
 Reference value :  1.09394e-06
 Reference value :  1.09592e-06
 Reference value :  1.09975e-06
 Reference value :  1.10123e-06
 Reference value :  1.10306e-06
 Reference value :  1.10648e-06
 Reference value :  1.10877e-06
 Reference value :  1.11322e-06
 Reference value :  1.11652e-06
 Reference value :  1.12036e-06
 Reference value :  1.12331e-06
 Reference value :  1.12719e-06
 Reference value :  1.13117e-06
 Reference value :  1.13448e-06
 Reference value :  1.13766e-06
 Reference value :  1.14087e-06
 Reference value :  1.14280e-06
 Reference value :  1.14554e-06
 Reference value :  1.14807e-06
 Reference value :  1.15227e-06
 Reference value :  1.15623e-06
 Reference value :  1.16030e-06
 Reference value :  1.16336e-06
 Reference value :  1.16723e-06
 Reference value :  1.17060e-06
 Reference value :  1.17454e-06
 Reference value :  1.17695e-06
 Reference value :  1.18052e-06
 Reference value :  1.18238e-06
 Reference value :  1.18429e-06
 Reference value :  1.18785e-06
 Reference value :  1.19064e-06
 Reference value :  1.19461e-06
 Reference value :  1.19932e-06
 Reference value :  1.20168e-06
 Reference value :  1.20606e-06
 Reference value :  1.20952e-06
 Reference value :  1.21405e-06
 Reference value :  1.21579e-06
 Reference value :  1.22001e-06
 Reference value :  1.22186e-06
 Reference value :  1.22388e-06
 Reference value :  1.22660e-06
 Reference value :  1.22882e-06
 Reference value :  1.23334e-06
 Reference value :  1.23702e-06
 Reference value :  1.24069e-06
 Reference value :  1.24317e-06
 Reference value :  1.24763e-06
 Reference value :  1.25098e-06
 Reference value :  1.25510e-06
 Reference value :  1.25699e-06
 Reference value :  1.26021e-06
 Reference value :  1.26195e-06
 Reference value :  1.26380e-06
 Reference value :  1.26656e-06
 Reference value :  1.26906e-06
 Reference value :  1.27298e-06
 Reference value :  1.27629e-06
 Reference value :  1.28040e-06
 Reference value :  1.28261e-06
 Reference value :  1.28724e-06
 Reference value :  1.29083e-06
 Reference value :  1.29498e-06
 Reference value :  1.29748e-06
 Reference value :  1.30063e-06
 Reference value :  1.30271e-06
 Reference value :  1.30463e-06
 Reference value :  1.30811e-06
 Reference value :  1.31116e-06
 Reference value :  1.31491e-06
 Reference value :  1.31848e-06
 Reference value :  1.32176e-06
 Reference value :  1.32484e-06
 Reference value :  1.32887e-06
 Reference value :  1.33341e-06
 Reference value :  1.33629e-06
 Reference value :  1.33947e-06
 Reference value :  1.34200e-06
 Reference value :  1.34364e-06
 Reference value :  1.34562e-06
 Reference value :  1.34895e-06
 Reference value :  1.35198e-06
 Reference value :  1.35587e-06
 Reference value :  1.36020e-06
 Reference value :  1.36260e-06
 Reference value :  1.36639e-06
 Reference value :  1.37017e-06
 Reference value :  1.37481e-06
 Reference value :  1.37674e-06
 Reference value :  1.38030e-06
 Reference value :  1.38264e-06
 Reference value :  1.38456e-06
 Reference value :  1.38719e-06
 Reference value :  1.38970e-06
 Reference value :  1.39434e-06
 Reference value :  1.39802e-06
 Reference value :  1.40123e-06
 Reference value :  1.40422e-06
 Reference value :  1.40853e-06
 Reference value :  1.41176e-06
 Reference value :  1.41567e-06
 Reference value :  1.41753e-06
 Reference value :  1.42015e-06
 Reference value :  1.42260e-06
 Reference value :  1.42457e-06
 Reference value :  1.42674e-06
 Reference value :  1.42965e-06
 Reference value :  1.43337e-06
 Reference value :  1.43702e-06
 Reference value :  1.44058e-06
 Reference value :  1.44318e-06
 Reference value :  1.44767e-06
 Reference value :  1.45141e-06
 Reference value :  1.45558e-06
 Reference value :  1.45801e-06
 Reference value :  1.46082e-06
 Reference value :  1.46314e-06
 Reference value :  1.46516e-06
 Reference value :  1.46774e-06
 Reference value :  1.47062e-06
 Reference value :  1.47492e-06
 Reference value :  1.47859e-06
 Reference value :  1.48211e-06
 Reference value :  1.48522e-06
 Reference value :  1.48897e-06
 Reference value :  1.49232e-06
 Reference value :  1.49616e-06
 Reference value :  1.49857e-06
 Reference value :  1.50154e-06
 Reference value :  1.50334e-06
 Reference value :  1.50536e-06
 Reference value :  1.50897e-06
 Reference value :  1.51206e-06
 Reference value :  1.51585e-06
 Reference value :  1.51972e-06
 Reference value :  1.52277e-06
 Reference value :  1.52582e-06
 Reference value :  1.52969e-06
 Reference value :  1.53416e-06
 Reference value :  1.53682e-06
 Reference value :  1.53997e-06
 Reference value :  1.54261e-06
 Reference value :  1.54439e-06
 Reference value :  1.54637e-06
 Reference value :  1.54970e-06
 Reference value :  1.55275e-06
 Reference value :  1.55643e-06
 Reference value :  1.56041e-06
 Reference value :  1.56336e-06
 Reference value :  1.56744e-06
 Reference value :  1.57131e-06
 Reference value :  1.57588e-06
 Reference value :  1.57783e-06
 Reference value :  1.58026e-06
 Reference value :  1.58282e-06
 Reference value :  1.58450e-06
 Reference value :  1.58655e-06
 Reference value :  1.58994e-06
 Reference value :  1.59302e-06
 Reference value :  1.59690e-06
 Reference value :  1.60069e-06
 Reference value :  1.60362e-06
 Reference value :  1.60821e-06
 Reference value :  1.61160e-06
 Reference value :  1.61595e-06
 Reference value :  1.61808e-06
 Reference value :  1.62089e-06
 Reference value :  1.62346e-06
 Reference value :  1.62534e-06
 Reference value :  1.62816e-06
 Reference value :  1.63044e-06
 Reference value :  1.63489e-06
 Reference value :  1.63849e-06
 Reference value :  1.64143e-06
 Reference value :  1.64407e-06
 Reference value :  1.64880e-06
 Reference value :  1.65216e-06
 Reference value :  1.65601e-06
 Reference value :  1.65805e-06
 Reference value :  1.66069e-06
 Reference value :  1.66348e-06
 Reference value :  1.66547e-06
 Reference value :  1.66817e-06
 Reference value :  1.67059e-06
 Reference value :  1.67560e-06
 Reference value :  1.67872e-06
 Reference value :  1.68233e-06
 Reference value :  1.68514e-06
 Reference value :  1.68934e-06
 Reference value :  1.69261e-06
 Reference value :  1.69652e-06
 Reference value :  1.69917e-06
 Reference value :  1.70194e-06
 Reference value :  1.70380e-06
 Reference value :  1.70581e-06
 Reference value :  1.70922e-06
 Reference value :  1.71151e-06
 Reference value :  1.71600e-06
 Reference value :  1.71941e-06
 Reference value :  1.72287e-06
 Reference value :  1.72598e-06
 Reference value :  1.72984e-06
 Reference value :  1.73373e-06
 Reference value :  1.73712e-06
 Reference value :  1.73902e-06
 Reference value :  1.74171e-06
 Reference value :  1.74383e-06
 Reference value :  1.74584e-06
 Reference value :  1.74866e-06
 Reference value :  1.75066e-06
 Reference value :  1.75537e-06
 Reference value :  1.75897e-06
 Reference value :  1.76243e-06
 Reference value :  1.76528e-06
 Reference value :  1.76945e-06
 Reference value :  1.77272e-06
 Reference value :  1.77667e-06
 Reference value :  1.77929e-06
 Reference value :  1.78203e-06
 Reference value :  1.78411e-06
 Reference value :  1.78607e-06
 Reference value :  1.78954e-06
 Reference value :  1.79230e-06
 Reference value :  1.79636e-06
 Reference value :  1.79958e-06
 Reference value :  1.80312e-06
 Reference value :  1.80617e-06
 Reference value :  1.80999e-06
 Reference value :  1.81393e-06
 Reference value :  1.81714e-06
 Reference value :  1.81956e-06
 Reference value :  1.82276e-06
 Reference value :  1.82446e-06
 Reference value :  1.82644e-06
 Reference value :  1.82995e-06
 Reference value :  1.83297e-06
 Reference value :  1.83695e-06
 Reference value :  1.84069e-06
 Reference value :  1.84392e-06
 Reference value :  1.84826e-06
 Reference value :  1.85186e-06
 Reference value :  1.85633e-06
 Reference value :  1.85837e-06
 Reference value :  1.86144e-06
 Reference value :  1.86397e-06
 Reference value :  1.86593e-06
 Reference value :  1.86852e-06
 Reference value :  1.87111e-06
 Reference value :  1.87512e-06
 Reference value :  1.87890e-06
 Reference value :  1.88253e-06
 Reference value :  1.88542e-06
 Reference value :  1.88969e-06
 Reference value :  1.89301e-06
 Reference value :  1.89681e-06
 Reference value :  1.89874e-06
 Reference value :  1.90116e-06
 Reference value :  1.90397e-06
 Reference value :  1.90573e-06
 Reference value :  1.90828e-06
 Reference value :  1.91074e-06
 Reference value :  1.91443e-06
 Reference value :  1.91835e-06
 Reference value :  1.92173e-06
 Reference value :  1.92477e-06
 Reference value :  1.92912e-06
 Reference value :  1.93285e-06
 Reference value :  1.93692e-06
 Reference value :  1.93958e-06
 Reference value :  1.94266e-06
 Reference value :  1.94428e-06
 Reference value :  1.94633e-06
 Reference value :  1.94965e-06
 Reference value :  1.95245e-06
 Reference value :  1.95650e-06
 Reference value :  1.95969e-06
 Reference value :  1.96316e-06
 Reference value :  1.96631e-06
 Reference value :  1.97020e-06
 Reference value :  1.97391e-06
 Reference value :  1.97735e-06
 Reference value :  1.97982e-06
 Reference value :  1.98303e-06
 Reference value :  1.98468e-06
 Reference value :  1.98665e-06
 Reference value :  1.99019e-06
 Reference value :  1.99317e-06
 Reference value :  1.99734e-06
 Reference value :  2.00069e-06
 Reference value :  2.00402e-06
 Reference value :  2.00838e-06
 Reference value :  2.01206e-06
 Reference value :  2.01642e-06
 Reference value :  2.01829e-06
 Reference value :  2.02126e-06
 Reference value :  2.02406e-06
 Reference value :  2.02577e-06
 Reference value :  2.02816e-06
 Reference value :  2.03089e-06
 Reference value :  2.03499e-06
 Reference value :  2.03936e-06
 Reference value :  2.04233e-06
 Reference value :  2.04496e-06
 Reference value :  2.04952e-06
 Reference value :  2.05290e-06
 Reference value :  2.05679e-06
 Reference value :  2.05868e-06
 Reference value :  2.06044e-06
 Reference value :  2.06370e-06
 Reference value :  2.06547e-06
 Reference value :  2.06742e-06
 Reference value :  2.07059e-06
 Reference value :  2.07419e-06
 Reference value :  2.07783e-06
 Reference value :  2.08123e-06
 Reference value :  2.08422e-06
 Reference value :  2.08891e-06
 Reference value :  2.09228e-06
 Reference value :  2.09661e-06
 Reference value :  2.09887e-06
 Reference value :  2.10153e-06
 Reference value :  2.10414e-06
 Reference value :  2.10605e-06
 Reference value :  2.10886e-06
 Reference value :  2.11121e-06
 Reference value :  2.11599e-06
 Reference value :  2.11958e-06
 Reference value :  2.12310e-06
 Reference value :  2.12619e-06
 Reference value :  2.13001e-06
 Reference value :  2.13351e-06
 Reference value :  2.13734e-06
 Reference value :  2.13974e-06
 Reference value :  2.14253e-06
 Reference value :  2.14448e-06
 Reference value :  2.14645e-06
 Reference value :  2.14981e-06
 Reference value :  2.15241e-06
 Reference value :  2.15646e-06
 Reference value :  2.15981e-06
 Reference value :  2.16324e-06
 Reference value :  2.16635e-06
 Reference value :  2.17018e-06
 Reference value :  2.17382e-06
 Reference value :  2.17746e-06
 Reference value :  2.18009e-06
 Reference value :  2.18316e-06
 Reference value :  2.18492e-06
 Reference value :  2.18671e-06
 Reference value :  2.19029e-06
 Reference value :  2.19310e-06
 Reference value :  2.19713e-06
 Reference value :  2.20054e-06
 Reference value :  2.20397e-06
 Reference value :  2.20759e-06
 Reference value :  2.21112e-06
 Reference value :  2.21595e-06
 Reference value :  2.21810e-06
 Reference value :  2.22002e-06
 Reference value :  2.22313e-06
 Reference value :  2.22487e-06
 Reference value :  2.22673e-06
 Reference value :  2.23022e-06
 Reference value :  2.23324e-06
 Reference value :  2.23705e-06
 Reference value :  2.24041e-06
 Reference value :  2.24372e-06
 Reference value :  2.24692e-06
 Reference value :  2.25087e-06
 Reference value :  2.25574e-06
 Reference value :  2.25794e-06
 Reference value :  2.26069e-06
 Reference value :  2.26393e-06
 Reference value :  2.26572e-06
 Reference value :  2.26740e-06
 Reference value :  2.27064e-06
 Reference value :  2.27371e-06
 Reference value :  2.27784e-06
 Reference value :  2.28143e-06
 Reference value :  2.28431e-06
 Reference value :  2.28881e-06
 Reference value :  2.29256e-06
 Reference value :  2.29663e-06
 Reference value :  2.29870e-06
 Reference value :  2.30107e-06
 Reference value :  2.30415e-06
 Reference value :  2.30600e-06
 Reference value :  2.30868e-06
 Reference value :  2.31100e-06
 Reference value :  2.31541e-06
 Reference value :  2.31911e-06
 Reference value :  2.32243e-06
 Reference value :  2.32507e-06
 Reference value :  2.32973e-06
 Reference value :  2.33297e-06
 Reference value :  2.33691e-06
 Reference value :  2.33942e-06
 Reference value :  2.34199e-06
 Reference value :  2.34444e-06
 Reference value :  2.34642e-06
 Reference value :  2.34959e-06
 Reference value :  2.35193e-06
 Reference value :  2.35641e-06
 Reference value :  2.35982e-06
 Reference value :  2.36332e-06
 Reference value :  2.36642e-06
 Reference value :  2.37050e-06
 Reference value :  2.37489e-06
 Reference value :  2.37772e-06
 Reference value :  2.37962e-06
 Reference value :  2.38203e-06
 Reference value :  2.38436e-06
 Reference value :  2.38638e-06
 Reference value :  2.38987e-06
 Reference value :  2.39286e-06
 Reference value :  2.39660e-06
 Reference value :  2.40019e-06
 Reference value :  2.40364e-06
 Reference value :  2.40668e-06
 Reference value :  2.41062e-06
 Reference value :  2.41507e-06
 Reference value :  2.41777e-06
 Reference value :  2.42043e-06
 Reference value :  2.42366e-06
 Reference value :  2.42560e-06
 Reference value :  2.42794e-06
 Reference value :  2.43099e-06
 Reference value :  2.43515e-06
 Reference value :  2.43870e-06
 Reference value :  2.44203e-06
 Reference value :  2.44488e-06
 Reference value :  2.44948e-06
 Reference value :  2.45296e-06
 Reference value :  2.45687e-06
 Reference value :  2.45909e-06
 Reference value :  2.46116e-06
 Reference value :  2.46404e-06
 Reference value :  2.46573e-06
 Reference value :  2.46781e-06
 Reference value :  2.47085e-06
 Reference value :  2.47475e-06
 Reference value :  2.47841e-06
 Reference value :  2.48173e-06
 Reference value :  2.48449e-06
 Reference value :  2.48898e-06
 Reference value :  2.49278e-06
 Reference value :  2.49664e-06
 Reference value :  2.49894e-06
 Reference value :  2.50168e-06
 Reference value :  2.50432e-06
 Reference value :  2.50633e-06
 Reference value :  2.50975e-06
 Reference value :  2.51185e-06
 Reference value :  2.51628e-06
 Reference value :  2.51971e-06
 Reference value :  2.52324e-06
 Reference value :  2.52633e-06
 Reference value :  2.53017e-06
 Reference value :  2.53350e-06
 Reference value :  2.53743e-06
 Reference value :  2.53944e-06
 Reference value :  2.54206e-06
 Reference value :  2.54445e-06
 Reference value :  2.54641e-06
 Reference value :  2.54988e-06
 Reference value :  2.55283e-06
 Reference value :  2.55681e-06
 Reference value :  2.56011e-06
 Reference value :  2.56353e-06
 Reference value :  2.56655e-06
 Reference value :  2.57048e-06
 Reference value :  2.57472e-06
 Reference value :  2.57779e-06
 Reference value :  2.58040e-06
 Reference value :  2.58368e-06
 Reference value :  2.58553e-06
 Reference value :  2.58770e-06
 Reference value :  2.59104e-06
 Reference value :  2.59578e-06
 Reference value :  2.59919e-06
 Reference value :  2.60273e-06
 Reference value :  2.60558e-06
 Reference value :  2.60983e-06
 Reference value :  2.61317e-06
 Reference value :  2.61715e-06
 Reference value :  2.61964e-06
 Reference value :  2.62251e-06
 Reference value :  2.62456e-06
 Reference value :  2.62639e-06
 Reference value :  2.62985e-06
 Reference value :  2.63304e-06
 Reference value :  2.63687e-06
 Reference value :  2.64021e-06
 Reference value :  2.64369e-06
 Reference value :  2.64669e-06
 Reference value :  2.65058e-06
 Reference value :  2.65497e-06
 Reference value :  2.65773e-06
 Reference value :  2.66023e-06
 Reference value :  2.66360e-06
 Reference value :  2.66528e-06
 Reference value :  2.66726e-06
 Reference value :  2.67049e-06
 Reference value :  2.67383e-06
 Reference value :  2.67770e-06
 Reference value :  2.68154e-06
 Reference value :  2.68439e-06
 Reference value :  2.68900e-06
 Reference value :  2.69250e-06
 Reference value :  2.69681e-06
 Reference value :  2.69875e-06
 Reference value :  2.70070e-06
 Reference value :  2.70401e-06
 Reference value :  2.70581e-06
 Reference value :  2.70825e-06
 Reference value :  2.71099e-06
 Reference value :  2.71545e-06
 Reference value :  2.71938e-06
 Reference value :  2.72293e-06
 Reference value :  2.72589e-06
 Reference value :  2.72989e-06
 Reference value :  2.73310e-06
 Reference value :  2.73703e-06
 Reference value :  2.73976e-06
 Reference value :  2.74291e-06
 Reference value :  2.74474e-06
 Reference value :  2.74678e-06
 Reference value :  2.75029e-06
 Reference value :  2.75323e-06
 Reference value :  2.75710e-06
 Reference value :  2.76054e-06
 Reference value :  2.76402e-06
 Reference value :  2.76745e-06
 Reference value :  2.77104e-06
 Reference value :  2.77540e-06
 Reference value :  2.77800e-06
 Reference value :  2.78040e-06
 Reference value :  2.78368e-06
 Reference value :  2.78553e-06
 Reference value :  2.78740e-06
 Reference value :  2.79080e-06
 Reference value :  2.79444e-06
 Reference value :  2.79835e-06
 Reference value :  2.80193e-06
 Reference value :  2.80468e-06
 Reference value :  2.80936e-06
 Reference value :  2.81289e-06
 Reference value :  2.81673e-06
 Reference value :  2.81916e-06
 Reference value :  2.82212e-06
 Reference value :  2.82447e-06
 Reference value :  2.82649e-06
 Reference value :  2.82998e-06
 Reference value :  2.83296e-06
 Reference value :  2.83684e-06
 Reference value :  2.84007e-06
 Reference value :  2.84354e-06
 Reference value :  2.84655e-06
 Reference value :  2.85046e-06
 Reference value :  2.85490e-06
 Reference value :  2.85773e-06
 Reference value :  2.85977e-06
 Reference value :  2.86283e-06
 Reference value :  2.86468e-06
 Reference value :  2.86663e-06
 Reference value :  2.87006e-06
 Reference value :  2.87300e-06
 Reference value :  2.87663e-06
 Reference value :  2.88003e-06
 Reference value :  2.88348e-06
 Reference value :  2.88655e-06
 Reference value :  2.89043e-06
 Reference value :  2.89483e-06
 Reference value :  2.89778e-06
 Reference value :  2.90040e-06
 Reference value :  2.90369e-06
 Reference value :  2.90544e-06
 Reference value :  2.90737e-06
 Reference value :  2.91074e-06
 Reference value :  2.91368e-06
 Reference value :  2.91747e-06
 Reference value :  2.92093e-06
 Reference value :  2.92422e-06
 Reference value :  2.92871e-06
 Reference value :  2.93220e-06
 Reference value :  2.93670e-06
 Reference value :  2.93855e-06
 Reference value :  2.94120e-06
 Reference value :  2.94414e-06
 Reference value :  2.94623e-06
 Reference value :  2.94930e-06
 Reference value :  2.95200e-06
 Reference value :  2.95653e-06
 Reference value :  2.95973e-06
 Reference value :  2.96328e-06
 Reference value :  2.96638e-06
 Reference value :  2.97018e-06
 Reference value :  2.97358e-06
 Reference value :  2.97731e-06
 Reference value :  2.97990e-06
 Reference value :  2.98323e-06
 Reference value :  2.98503e-06
 Reference value :  2.98688e-06
 Reference value :  2.99045e-06
 Reference value :  2.99322e-06
 Reference value :  2.99710e-06
 Reference value :  3.00071e-06
 Reference value :  3.00413e-06
 Reference value :  3.00792e-06
 Reference value :  3.01135e-06
 Reference value :  3.01629e-06
 Reference value :  3.01819e-06
 Reference value :  3.02001e-06
 Reference value :  3.02314e-06
 Reference value :  3.02461e-06
 Reference value :  3.02666e-06
 Reference value :  3.02990e-06
 Reference value :  3.03269e-06
 Reference value :  3.03664e-06
 Reference value :  3.03991e-06
 Reference value :  3.04347e-06
 Reference value :  3.04656e-06
 Reference value :  3.05035e-06
 Reference value :  3.05450e-06
 Reference value :  3.05765e-06
 Reference value :  3.06026e-06
 Reference value :  3.06358e-06
 Reference value :  3.06526e-06
 Reference value :  3.06724e-06
 Reference value :  3.07062e-06
 Reference value :  3.07384e-06
 Reference value :  3.07725e-06
 Reference value :  3.08054e-06
 Reference value :  3.08395e-06
 Reference value :  3.08815e-06
 Reference value :  3.09174e-06
 Reference value :  3.09635e-06
 Reference value :  3.09830e-06
 Reference value :  3.10075e-06
 Reference value :  3.10399e-06
 Reference value :  3.10571e-06
 Reference value :  3.10807e-06
 Reference value :  3.11096e-06
 Reference value :  3.11544e-06
 Reference value :  3.11917e-06
 Reference value :  3.12283e-06
 Reference value :  3.12587e-06
 Reference value :  3.12984e-06
 Reference value :  3.13321e-06
 Reference value :  3.13705e-06
 Reference value :  3.13975e-06
 Reference value :  3.14236e-06
 Reference value :  3.14448e-06
 Reference value :  3.14649e-06
 Reference value :  3.14986e-06
 Reference value :  3.15280e-06
 Reference value :  3.15656e-06
 Reference value :  3.15988e-06
 Reference value :  3.16334e-06
 Reference value :  3.16641e-06
 Reference value :  3.17024e-06
 Reference value :  3.17409e-06
 Reference value :  3.17754e-06
 Reference value :  3.17972e-06
 Reference value :  3.18256e-06
 Reference value :  3.18452e-06
 Reference value :  3.18630e-06
 Reference value :  3.18971e-06
 Reference value :  3.19229e-06
 Reference value :  3.19644e-06
 Reference value :  3.19977e-06
 Reference value :  3.20322e-06
 Reference value :  3.20626e-06
 Reference value :  3.20999e-06
 Reference value :  3.21365e-06
 Reference value :  3.21738e-06
 Reference value :  3.22001e-06
 Reference value :  3.22317e-06
 Reference value :  3.22486e-06
 Reference value :  3.22662e-06
 Reference value :  3.23010e-06
 Reference value :  3.23294e-06
 Reference value :  3.23681e-06
 Reference value :  3.24023e-06
 Reference value :  3.24371e-06
 Reference value :  3.24681e-06
 Reference value :  3.25061e-06
 Reference value :  3.25497e-06
 Reference value :  3.25785e-06
 Reference value :  3.26020e-06
 Reference value :  3.26341e-06
 Reference value :  3.26522e-06
 Reference value :  3.26720e-06
 Reference value :  3.27064e-06
 Reference value :  3.27380e-06
 Reference value :  3.27779e-06
 Reference value :  3.28153e-06
 Reference value :  3.28444e-06
 Reference value :  3.28909e-06
 Reference value :  3.29244e-06
 Reference value :  3.29651e-06
 Reference value :  3.29827e-06
 Reference value :  3.30081e-06
 Reference value :  3.30391e-06
 Reference value :  3.30576e-06
 Reference value :  3.30777e-06
 Reference value :  3.31074e-06
 Reference value :  3.31430e-06
 Reference value :  3.31806e-06
 Reference value :  3.32173e-06
 Reference value :  3.32443e-06
 Reference value :  3.32919e-06
 Reference value :  3.33272e-06
 Reference value :  3.33654e-06
 Reference value :  3.33856e-06
 Reference value :  3.34030e-06
 Reference value :  3.34341e-06
 Reference value :  3.34522e-06
 Reference value :  3.34726e-06
 Reference value :  3.35065e-06
 Reference value :  3.35354e-06
 Reference value :  3.35731e-06
 Reference value :  3.36103e-06
 Reference value :  3.36421e-06
 Reference value :  3.36858e-06
 Reference value :  3.37244e-06
 Reference value :  3.37650e-06
 Reference value :  3.37860e-06
 Reference value :  3.38107e-06
 Reference value :  3.38398e-06
 Reference value :  3.38583e-06
 Reference value :  3.38858e-06
 Reference value :  3.39117e-06
 Reference value :  3.39568e-06
 Reference value :  3.39968e-06
 Reference value :  3.40320e-06
 Reference value :  3.40632e-06
 Reference value :  3.41021e-06
 Reference value :  3.41377e-06
 Reference value :  3.41737e-06
 Reference value :  3.41972e-06
 Reference value :  3.42287e-06
 Reference value :  3.42467e-06
 Reference value :  3.42659e-06
 Reference value :  3.43010e-06
 Reference value :  3.43294e-06
 Reference value :  3.43656e-06
 Reference value :  3.44013e-06
 Reference value :  3.44358e-06
 Reference value :  3.44655e-06
 Reference value :  3.45053e-06
 Reference value :  3.45483e-06
 Reference value :  3.45768e-06
 Reference value :  3.46026e-06
 Reference value :  3.46340e-06
 Reference value :  3.46515e-06
 Reference value :  3.46699e-06
 Reference value :  3.47059e-06
 Reference value :  3.47411e-06
 Reference value :  3.47758e-06
 Reference value :  3.48075e-06
 Reference value :  3.48414e-06
 Reference value :  3.48852e-06
 Reference value :  3.49241e-06
 Reference value :  3.49655e-06
 Reference value :  3.49839e-06
 Reference value :  3.50021e-06
 Reference value :  3.50324e-06
 Reference value :  3.50503e-06
 Reference value :  3.50683e-06
 Reference value :  3.51033e-06
 Reference value :  3.51310e-06
 Reference value :  3.51685e-06
 Reference value :  3.52050e-06
 Reference value :  3.52386e-06
 Reference value :  3.52739e-06
 Reference value :  3.53108e-06
 Reference value :  3.53581e-06
 Reference value :  3.53795e-06
 Reference value :  3.54051e-06
 Reference value :  3.54362e-06
 Reference value :  3.54531e-06
 Reference value :  3.54738e-06
 Reference value :  3.55065e-06
 Reference value :  3.55396e-06
 Reference value :  3.55751e-06
 Reference value :  3.56123e-06
 Reference value :  3.56423e-06
 Reference value :  3.56865e-06
 Reference value :  3.57221e-06
 Reference value :  3.57649e-06
 Reference value :  3.57850e-06
 Reference value :  3.58062e-06
 Reference value :  3.58376e-06
 Reference value :  3.58543e-06
 Reference value :  3.58775e-06
 Reference value :  3.59080e-06
 Reference value :  3.59470e-06
 Reference value :  3.59791e-06
 Reference value :  3.60153e-06
 Reference value :  3.60429e-06
 Reference value :  3.60889e-06
 Reference value :  3.61257e-06
 Reference value :  3.61656e-06
 Reference value :  3.61874e-06
 Reference value :  3.62144e-06
 Reference value :  3.62404e-06
 Reference value :  3.62592e-06
 Reference value :  3.62933e-06
 Reference value :  3.63148e-06
 Reference value :  3.63588e-06
 Reference value :  3.63931e-06
 Reference value :  3.64283e-06
 Reference value :  3.64568e-06
 Reference value :  3.64978e-06
 Reference value :  3.65322e-06
 Reference value :  3.65711e-06
 Reference value :  3.65891e-06
 Reference value :  3.66089e-06
 Reference value :  3.66384e-06
 Reference value :  3.66563e-06
 Reference value :  3.66780e-06
 Reference value :  3.67073e-06
 Reference value :  3.67416e-06
 Reference value :  3.67739e-06
 Reference value :  3.68069e-06
 Reference value :  3.68407e-06
 Reference value :  3.68824e-06
 Reference value :  3.69207e-06
 Reference value :  3.69643e-06
 Reference value :  3.69819e-06
 Reference value :  3.70097e-06
 Reference value :  3.70406e-06
 Reference value :  3.70596e-06
 Reference value :  3.70882e-06
 Reference value :  3.71104e-06
 Reference value :  3.71581e-06
 Reference value :  3.71941e-06
 Reference value :  3.72293e-06
 Reference value :  3.72580e-06
 Reference value :  3.72991e-06
 Reference value :  3.73326e-06
 Reference value :  3.73701e-06
 Reference value :  3.73959e-06
 Reference value :  3.74266e-06
 Reference value :  3.74456e-06
 Reference value :  3.74657e-06
 Reference value :  3.74992e-06
 Reference value :  3.75276e-06
 Reference value :  3.75656e-06
 Reference value :  3.75984e-06
 Reference value :  3.76336e-06
 Reference value :  3.76640e-06
 Reference value :  3.77019e-06
 Reference value :  3.77429e-06
 Reference value :  3.77749e-06
 Reference value :  3.78000e-06
 Reference value :  3.78293e-06
 Reference value :  3.78457e-06
 Reference value :  3.78652e-06
 Reference value :  3.79003e-06
 Reference value :  3.79297e-06
 Reference value :  3.79674e-06
 Reference value :  3.80023e-06
 Reference value :  3.80352e-06
 Reference value :  3.80654e-06
 Reference value :  3.81046e-06
 Reference value :  3.81507e-06
 Reference value :  3.81776e-06
 Reference value :  3.81981e-06
 Reference value :  3.82303e-06
 Reference value :  3.82471e-06
 Reference value :  3.82663e-06
 Reference value :  3.83015e-06
 Reference value :  3.83313e-06
 Reference value :  3.83706e-06
 Reference value :  3.84042e-06
 Reference value :  3.84376e-06
 Reference value :  3.84730e-06
 Reference value :  3.85117e-06
 Reference value :  3.85609e-06
 Reference value :  3.85798e-06
 Reference value :  3.86063e-06
 Reference value :  3.86369e-06
 Reference value :  3.86542e-06
 Reference value :  3.86737e-06
 Reference value :  3.87066e-06
 Reference value :  3.87419e-06
 Reference value :  3.87782e-06
 Reference value :  3.88133e-06
 Reference value :  3.88417e-06
 Reference value :  3.88868e-06
 Reference value :  3.89221e-06
 Reference value :  3.89649e-06
 Reference value :  3.89862e-06
 Reference value :  3.90081e-06
 Reference value :  3.90385e-06
 Reference value :  3.90579e-06
 Reference value :  3.90795e-06
 Reference value :  3.91068e-06
 Reference value :  3.91476e-06
 Reference value :  3.91856e-06
 Reference value :  3.92163e-06
 Reference value :  3.92441e-06
 Reference value :  3.92928e-06
 Reference value :  3.93287e-06
 Reference value :  3.93682e-06
 Reference value :  3.93938e-06
 Reference value :  3.94211e-06
 Reference value :  3.94438e-06
 Reference value :  3.94633e-06
 Reference value :  3.94980e-06
 Reference value :  3.95269e-06
 Reference value :  3.95655e-06
 Reference value :  3.96000e-06
 Reference value :  3.96351e-06
 Reference value :  3.96662e-06
 Reference value :  3.97055e-06
 Reference value :  3.97510e-06
 Reference value :  3.97767e-06
 Reference value :  3.97945e-06
 Reference value :  3.98220e-06
 Reference value :  3.98445e-06
 Reference value :  3.98659e-06
 Reference value :  3.99009e-06
 Reference value :  3.99290e-06
 Reference value :  3.99673e-06
 Reference value :  4.00027e-06
 Reference value :  4.00354e-06
 Reference value :  4.00658e-06
 Reference value :  4.01040e-06
 Reference value :  4.01500e-06
 Reference value :  4.01776e-06
 Reference value :  4.02056e-06
 Reference value :  4.02366e-06
 Reference value :  4.02534e-06
 Reference value :  4.02755e-06
 Reference value :  4.03065e-06
 Reference value :  4.03416e-06
 Reference value :  4.03772e-06
 Reference value :  4.04103e-06
 Reference value :  4.04413e-06
 Reference value :  4.04855e-06
 Reference value :  4.05212e-06
 Reference value :  4.05634e-06
 Reference value :  4.05824e-06
 Reference value :  4.06056e-06
 Reference value :  4.06367e-06
 Reference value :  4.06554e-06
 Reference value :  4.06795e-06
 Reference value :  4.07081e-06
 Reference value :  4.07499e-06
 Reference value :  4.07853e-06
 Reference value :  4.08163e-06
 Reference value :  4.08438e-06
 Reference value :  4.08899e-06
 Reference value :  4.09249e-06
 Reference value :  4.09673e-06
 Reference value :  4.09949e-06
 Reference value :  4.10228e-06
 Reference value :  4.10423e-06
 Reference value :  4.10627e-06
 Reference value :  4.10974e-06
 Reference value :  4.11248e-06
 Reference value :  4.11634e-06
 Reference value :  4.11975e-06
 Reference value :  4.12322e-06
 Reference value :  4.12627e-06
 Reference value :  4.13010e-06
 Reference value :  4.13409e-06
 Reference value :  4.13746e-06
 Reference value :  4.13946e-06
 Reference value :  4.14220e-06
 Reference value :  4.14428e-06
 Reference value :  4.14619e-06
 Reference value :  4.14967e-06
 Reference value :  4.15267e-06
 Reference value :  4.15647e-06
 Reference value :  4.16007e-06
 Reference value :  4.16339e-06
 Reference value :  4.16644e-06
 Reference value :  4.17041e-06
 Reference value :  4.17496e-06
 Reference value :  4.17767e-06
 Reference value :  4.18056e-06
 Reference value :  4.18364e-06
 Reference value :  4.18537e-06
 Reference value :  4.18762e-06
 Reference value :  4.19071e-06
 Reference value :  4.19474e-06
 Reference value :  4.19866e-06
 Reference value :  4.20173e-06
 Reference value :  4.20447e-06
 Reference value :  4.20901e-06
 Reference value :  4.21247e-06
 Reference value :  4.21658e-06
 Reference value :  4.21854e-06
 Reference value :  4.22116e-06
 Reference value :  4.22386e-06
 Reference value :  4.22565e-06
 Reference value :  4.22817e-06
 Reference value :  4.23079e-06
 Reference value :  4.23544e-06
 Reference value :  4.23886e-06
 Reference value :  4.24193e-06
 Reference value :  4.24456e-06
 Reference value :  4.24910e-06
 Reference value :  4.25255e-06
 Reference value :  4.25645e-06
 Reference value :  4.25859e-06
 Reference value :  4.26074e-06
 Reference value :  4.26372e-06
 Reference value :  4.26550e-06
 Reference value :  4.26784e-06
 Reference value :  4.27069e-06
 Reference value :  4.27475e-06
 Reference value :  4.27831e-06
 Reference value :  4.28183e-06
 Reference value :  4.28454e-06
 Reference value :  4.28911e-06
 Reference value :  4.29275e-06
 Reference value :  4.29669e-06
 Reference value :  4.29854e-06
 Reference value :  4.30056e-06
 Reference value :  4.30371e-06
 Reference value :  4.30563e-06
 Reference value :  4.30829e-06
 Reference value :  4.31085e-06
 Reference value :  4.31484e-06
 Reference value :  4.31884e-06
 Reference value :  4.32273e-06
 Reference value :  4.32543e-06
 Reference value :  4.32966e-06
 Reference value :  4.33307e-06
 Reference value :  4.33685e-06
 Reference value :  4.33944e-06
 Reference value :  4.34236e-06
 Reference value :  4.34442e-06
 Reference value :  4.34617e-06
 Reference value :  4.34921e-06
 Reference value :  4.35139e-06
 Reference value :  4.35553e-06
 Reference value :  4.35918e-06
 Reference value :  4.36273e-06
 Reference value :  4.36562e-06
 Reference value :  4.36967e-06
 Reference value :  4.37289e-06
 Reference value :  4.37673e-06
 Reference value :  4.37866e-06
 Reference value :  4.38126e-06
 Reference value :  4.38395e-06
 Reference value :  4.38587e-06
 Reference value :  4.38866e-06
 Reference value :  4.39090e-06
 Reference value :  4.39551e-06
 Reference value :  4.39908e-06
 Reference value :  4.40253e-06
 Reference value :  4.40561e-06
 Reference value :  4.40963e-06
 Reference value :  4.41285e-06
 Reference value :  4.41671e-06
 Reference value :  4.41938e-06
 Reference value :  4.42228e-06
 Reference value :  4.42429e-06
 Reference value :  4.42628e-06
 Reference value :  4.42971e-06
 Reference value :  4.43268e-06
 Reference value :  4.43636e-06
 Reference value :  4.43976e-06
 Reference value :  4.44323e-06
 Reference value :  4.44627e-06
 Reference value :  4.45012e-06
 Reference value :  4.45441e-06
 Reference value :  4.45734e-06
 Reference value :  4.45927e-06
 Reference value :  4.46194e-06
 Reference value :  4.46416e-06
 Reference value :  4.46615e-06
 Reference value :  4.46959e-06
 Reference value :  4.47200e-06
 Reference value :  4.47625e-06
 Reference value :  4.47965e-06
 Reference value :  4.48311e-06
 Reference value :  4.48621e-06
 Reference value :  4.49005e-06
 Reference value :  4.49419e-06
 Reference value :  4.49722e-06
 Reference value :  4.50015e-06
 Reference value :  4.50316e-06
 Reference value :  4.50468e-06
 Reference value :  4.50673e-06
 Reference value :  4.51006e-06
 Reference value :  4.51283e-06
 Reference value :  4.51670e-06
 Reference value :  4.52045e-06
 Reference value :  4.52365e-06
 Reference value :  4.52695e-06
 Reference value :  4.53054e-06
 Reference value :  4.53489e-06
 Reference value :  4.53766e-06
 Reference value :  4.54007e-06
 Reference value :  4.54303e-06
 Reference value :  4.54481e-06
 Reference value :  4.54665e-06
 Reference value :  4.55021e-06
 Reference value :  4.55337e-06
 Reference value :  4.55757e-06
 Reference value :  4.56113e-06
 Reference value :  4.56403e-06
 Reference value :  4.56872e-06
 Reference value :  4.57220e-06
 Reference value :  4.57645e-06
 Reference value :  4.57856e-06
 Reference value :  4.58097e-06
 Reference value :  4.58376e-06
 Reference value :  4.58559e-06
 Reference value :  4.58804e-06
 Reference value :  4.59076e-06
 Reference value :  4.59505e-06
 Reference value :  4.59828e-06
 Reference value :  4.60153e-06
 Reference value :  4.60438e-06
 Reference value :  4.60924e-06
 Reference value :  4.61289e-06
 Reference value :  4.61669e-06
 Reference value :  4.61877e-06
 Reference value :  4.62056e-06
 Reference value :  4.62357e-06
 Reference value :  4.62541e-06
 Reference value :  4.62761e-06
 Reference value :  4.63056e-06
 Reference value :  4.63455e-06
 Reference value :  4.63798e-06
 Reference value :  4.64113e-06
 Reference value :  4.64402e-06
 Reference value :  4.64852e-06
 Reference value :  4.65207e-06
 Reference value :  4.65630e-06
 Reference value :  4.65865e-06
 Reference value :  4.66144e-06
 Reference value :  4.66391e-06
 Reference value :  4.66583e-06
 Reference value :  4.66888e-06
 Reference value :  4.67106e-06
 Reference value :  4.67568e-06
 Reference value :  4.67943e-06
 Reference value :  4.68295e-06
 Reference value :  4.68602e-06
 Reference value :  4.68980e-06
 Reference value :  4.69336e-06
 Reference value :  4.69697e-06
 Reference value :  4.69944e-06
 Reference value :  4.70246e-06
 Reference value :  4.70420e-06
 Reference value :  4.70614e-06
 Reference value :  4.70955e-06
 Reference value :  4.71195e-06
 Reference value :  4.71621e-06
 Reference value :  4.71959e-06
 Reference value :  4.72304e-06
 Reference value :  4.72611e-06
 Reference value :  4.72989e-06
 Reference value :  4.73368e-06
 Reference value :  4.73715e-06
 Reference value :  4.73969e-06
 Reference value :  4.74288e-06
 Reference value :  4.74471e-06
 Reference value :  4.74666e-06
 Reference value :  4.75004e-06
 Reference value :  4.75332e-06
 Reference value :  4.75699e-06
 Reference value :  4.76064e-06
 Reference value :  4.76385e-06
 Reference value :  4.76790e-06
 Reference value :  4.77155e-06
 Reference value :  4.77616e-06
 Reference value :  4.77808e-06
 Reference value :  4.78015e-06
 Reference value :  4.78320e-06
 Reference value :  4.78493e-06
 Reference value :  4.78691e-06
 Reference value :  4.79024e-06
 Reference value :  4.79371e-06
 Reference value :  4.79783e-06
 Reference value :  4.80133e-06
 Reference value :  4.80425e-06
 Reference value :  4.80871e-06
 Reference value :  4.81223e-06
 Reference value :  4.81627e-06
 Reference value :  4.81863e-06
 Reference value :  4.82164e-06
 Reference value :  4.82407e-06
 Reference value :  4.82603e-06
 Reference value :  4.82935e-06
 Reference value :  4.83181e-06
 Reference value :  4.83610e-06
 Reference value :  4.83933e-06
 Reference value :  4.84281e-06
 Reference value :  4.84593e-06
 Reference value :  4.84960e-06
 Reference value :  4.85324e-06
 Reference value :  4.85690e-06
 Reference value :  4.85945e-06
 Reference value :  4.86256e-06
 Reference value :  4.86433e-06
 Reference value :  4.86617e-06
 Reference value :  4.86964e-06
 Reference value :  4.87260e-06
 Reference value :  4.87628e-06
 Reference value :  4.87961e-06
 Reference value :  4.88313e-06
 Reference value :  4.88617e-06
 Reference value :  4.89001e-06
 Reference value :  4.89422e-06
 Reference value :  4.89716e-06
 Reference value :  4.90000e-06
 Reference value :  4.90296e-06
 Reference value :  4.90463e-06
 Reference value :  4.90646e-06
 Reference value :  4.90977e-06
 Reference value :  4.91264e-06
 Reference value :  4.91657e-06
 Reference value :  4.91986e-06
 Reference value :  4.92328e-06
 Reference value :  4.92625e-06
 Reference value :  4.93023e-06
 Reference value :  4.93462e-06
 Reference value :  4.93748e-06
 Reference value :  4.93929e-06
 Reference value :  4.94228e-06
 Reference value :  4.94428e-06
 Reference value :  4.94620e-06
 Reference value :  4.94961e-06
 Reference value :  4.95270e-06
 Reference value :  4.95658e-06
 Reference value :  4.95994e-06
 Reference value :  4.96336e-06
 Reference value :  4.96663e-06
 Reference value :  4.97028e-06
 Reference value :  4.97502e-06
 Reference value :  4.97752e-06
 Reference value :  4.98045e-06
 Reference value :  4.98349e-06
 Reference value :  4.98528e-06
 Reference value :  4.98778e-06
 Reference value :  4.99064e-06
 Reference value :  4.99455e-06
 Reference value :  4.99851e-06
 Reference value :  5.00223e-06
 Reference value :  5.00509e-06
 Reference value :  5.00946e-06
 Reference value :  5.01276e-06
 Reference value :  5.01666e-06
 Reference value :  5.01918e-06
 Reference value :  5.02194e-06
 Reference value :  5.02419e-06
 Reference value :  5.02632e-06
 Reference value :  5.02990e-06
 Reference value :  5.03297e-06
 Reference value :  5.03679e-06
 Reference value :  5.04041e-06
 Reference value :  5.04363e-06
 Reference value :  5.04696e-06
 Reference value :  5.05062e-06
 Reference value :  5.05550e-06
 Reference value :  5.05755e-06
 Reference value :  5.06040e-06
 Reference value :  5.06330e-06
 Reference value :  5.06500e-06
 Reference value :  5.06715e-06
 Reference value :  5.07034e-06
 Reference value :  5.07346e-06
 Reference value :  5.07688e-06
 Reference value :  5.08054e-06
 Reference value :  5.08373e-06
 Reference value :  5.08745e-06
 Reference value :  5.09111e-06
 Reference value :  5.09596e-06
 Reference value :  5.09779e-06
 Reference value :  5.09966e-06
 Reference value :  5.10281e-06
 Reference value :  5.10466e-06
 Reference value :  5.10676e-06
 Reference value :  5.11029e-06
 Reference value :  5.11343e-06
 Reference value :  5.11734e-06
 Reference value :  5.12083e-06
 Reference value :  5.12387e-06
 Reference value :  5.12841e-06
 Reference value :  5.13190e-06
 Reference value :  5.13629e-06
 Reference value :  5.13837e-06
 Reference value :  5.14097e-06
 Reference value :  5.14363e-06
 Reference value :  5.14541e-06
 Reference value :  5.14760e-06
 Reference value :  5.15043e-06
 Reference value :  5.15432e-06
 Reference value :  5.15826e-06
 Reference value :  5.16153e-06
 Reference value :  5.16448e-06
 Reference value :  5.16933e-06
 Reference value :  5.17267e-06
 Reference value :  5.17659e-06
 Reference value :  5.17862e-06
 Reference value :  5.18107e-06
 Reference value :  5.18384e-06
 Reference value :  5.18561e-06
 Reference value :  5.18833e-06
 Reference value :  5.19069e-06
 Reference value :  5.19509e-06
 Reference value :  5.19896e-06
 Reference value :  5.20243e-06
 Reference value :  5.20527e-06
 Reference value :  5.20944e-06
 Reference value :  5.21285e-06
 Reference value :  5.21676e-06
 Reference value :  5.21945e-06
 Reference value :  5.22203e-06
 Reference value :  5.22404e-06
 Reference value :  5.22603e-06
 Reference value :  5.22951e-06
 Reference value :  5.23236e-06
 Reference value :  5.23625e-06
 Reference value :  5.23956e-06
 Reference value :  5.24301e-06
 Reference value :  5.24601e-06
 Reference value :  5.24980e-06
 Reference value :  5.25368e-06
 Reference value :  5.25716e-06
 Reference value :  5.25904e-06
 Reference value :  5.26184e-06
 Reference value :  5.26390e-06
 Reference value :  5.26591e-06
 Reference value :  5.26877e-06
 Reference value :  5.27084e-06
 Reference value :  5.27542e-06
 Reference value :  5.27906e-06
 Reference value :  5.28253e-06
 Reference value :  5.28516e-06
 Reference value :  5.28942e-06
 Reference value :  5.29275e-06
 Reference value :  5.29667e-06
 Reference value :  5.29930e-06
 Reference value :  5.30236e-06
 Reference value :  5.30424e-06
 Reference value :  5.30594e-06
 Reference value :  5.30944e-06
 Reference value :  5.31178e-06
 Reference value :  5.31613e-06
 Reference value :  5.31943e-06
 Reference value :  5.32282e-06
 Reference value :  5.32591e-06
 Reference value :  5.32967e-06
 Reference value :  5.33304e-06
 Reference value :  5.33687e-06
 Reference value :  5.33939e-06
 Reference value :  5.34246e-06
 Reference value :  5.34423e-06
 Reference value :  5.34623e-06
 Reference value :  5.34971e-06
 Reference value :  5.35272e-06
 Reference value :  5.35658e-06
 Reference value :  5.36041e-06
 Reference value :  5.36349e-06
 Reference value :  5.36691e-06
 Reference value :  5.37053e-06
 Reference value :  5.37524e-06
 Reference value :  5.37749e-06
 Reference value :  5.38040e-06
 Reference value :  5.38347e-06
 Reference value :  5.38507e-06
 Reference value :  5.38687e-06
 Reference value :  5.39025e-06
 Reference value :  5.39358e-06
 Reference value :  5.39755e-06
 Reference value :  5.40094e-06
 Reference value :  5.40382e-06
 Reference value :  5.40829e-06
 Reference value :  5.41182e-06
 Reference value :  5.41615e-06
 Reference value :  5.41808e-06
 Reference value :  5.42021e-06
 Reference value :  5.42306e-06
 Reference value :  5.42482e-06
 Reference value :  5.42680e-06
 Reference value :  5.43026e-06
 Reference value :  5.43390e-06
 Reference value :  5.43784e-06
 Reference value :  5.44113e-06
 Reference value :  5.44387e-06
 Reference value :  5.44859e-06
 Reference value :  5.45211e-06
 Reference value :  5.45622e-06
 Reference value :  5.45862e-06
 Reference value :  5.46154e-06
 Reference value :  5.46386e-06
 Reference value :  5.46587e-06
 Reference value :  5.46929e-06
 Reference value :  5.47156e-06
 Reference value :  5.47609e-06
 Reference value :  5.47943e-06
 Reference value :  5.48296e-06
 Reference value :  5.48601e-06
 Reference value :  5.48985e-06
 Reference value :  5.49412e-06
 Reference value :  5.49715e-06
 Reference value :  5.49960e-06
 Reference value :  5.50277e-06
 Reference value :  5.50444e-06
 Reference value :  5.50633e-06
 Reference value :  5.50983e-06
 Reference value :  5.51269e-06
 Reference value :  5.51676e-06
 Reference value :  5.52050e-06
 Reference value :  5.52367e-06
 Reference value :  5.52748e-06
 Reference value :  5.53155e-06
 Reference value :  5.53607e-06
 Reference value :  5.53785e-06
 Reference value :  5.54063e-06
 Reference value :  5.54355e-06
 Reference value :  5.54511e-06
 Reference value :  5.54756e-06
 Reference value :  5.55037e-06
 Reference value :  5.55418e-06
 Reference value :  5.55776e-06
 Reference value :  5.56083e-06
 Reference value :  5.56386e-06
 Reference value :  5.56857e-06
 Reference value :  5.57211e-06
 Reference value :  5.57620e-06
 Reference value :  5.57815e-06
 Reference value :  5.58023e-06
 Reference value :  5.58307e-06
 Reference value :  5.58472e-06
 Reference value :  5.58660e-06
 Reference value :  5.58994e-06
 Reference value :  5.59275e-06
 Reference value :  5.59646e-06
 Reference value :  5.60004e-06
 Reference value :  5.60330e-06
 Reference value :  5.60673e-06
 Reference value :  5.61052e-06
 Reference value :  5.61532e-06
 Reference value :  5.61756e-06
 Reference value :  5.62045e-06
 Reference value :  5.62339e-06
 Reference value :  5.62512e-06
 Reference value :  5.62702e-06
 Reference value :  5.63036e-06
 Reference value :  5.63362e-06
 Reference value :  5.63761e-06
 Reference value :  5.64153e-06
 Reference value :  5.64470e-06
 Reference value :  5.64930e-06
 Reference value :  5.65270e-06
 Reference value :  5.65653e-06
 Reference value :  5.65919e-06
 Reference value :  5.66211e-06
 Reference value :  5.66403e-06
 Reference value :  5.66603e-06
 Reference value :  5.66954e-06
 Reference value :  5.67248e-06
 Reference value :  5.67635e-06
 Reference value :  5.68023e-06
 Reference value :  5.68335e-06
 Reference value :  5.68670e-06
 Reference value :  5.69039e-06
 Reference value :  5.69511e-06
 Reference value :  5.69741e-06
 Reference value :  5.70030e-06
 Reference value :  5.70322e-06
 Reference value :  5.70504e-06
 Reference value :  5.70696e-06
 Reference value :  5.71037e-06
 Reference value :  5.71436e-06
 Reference value :  5.71881e-06
 Reference value :  5.72243e-06
 Reference value :  5.72529e-06
 Reference value :  5.72940e-06
 Reference value :  5.73276e-06
 Reference value :  5.73663e-06
 Reference value :  5.73863e-06
 Reference value :  5.74126e-06
 Reference value :  5.74378e-06
 Reference value :  5.74573e-06
 Reference value :  5.74896e-06
 Reference value :  5.75149e-06
 Reference value :  5.75574e-06
 Reference value :  5.75935e-06
 Reference value :  5.76277e-06
 Reference value :  5.76592e-06
 Reference value :  5.76980e-06
 Reference value :  5.77348e-06
 Reference value :  5.77691e-06
 Reference value :  5.77993e-06
 Reference value :  5.78282e-06
 Reference value :  5.78449e-06
 Reference value :  5.78645e-06
 Reference value :  5.78984e-06
 Reference value :  5.79281e-06
 Reference value :  5.79668e-06
 Reference value :  5.80045e-06
 Reference value :  5.80358e-06
 Reference value :  5.80725e-06
 Reference value :  5.81100e-06
 Reference value :  5.81590e-06
 Reference value :  5.81785e-06
 Reference value :  5.82050e-06
 Reference value :  5.82337e-06
 Reference value :  5.82524e-06
 Reference value :  5.82765e-06
 Reference value :  5.83050e-06
 Reference value :  5.83479e-06
 Reference value :  5.83864e-06
 Reference value :  5.84193e-06
 Reference value :  5.84479e-06
 Reference value :  5.84928e-06
 Reference value :  5.85259e-06
 Reference value :  5.85649e-06
 Reference value :  5.85913e-06
 Reference value :  5.86204e-06
 Reference value :  5.86400e-06
 Reference value :  5.86597e-06
 Reference value :  5.86935e-06
 Reference value :  5.87223e-06
 Reference value :  5.87620e-06
 Reference value :  5.87959e-06
 Reference value :  5.88303e-06
 Reference value :  5.88606e-06
 Reference value :  5.88995e-06
 Reference value :  5.89429e-06
 Reference value :  5.89736e-06
 Reference value :  5.89922e-06
 Reference value :  5.90228e-06
 Reference value :  5.90398e-06
 Reference value :  5.90602e-06
 Reference value :  5.90935e-06
 Reference value :  5.91167e-06
 Reference value :  5.91596e-06
 Reference value :  5.91915e-06
 Reference value :  5.92263e-06
 Reference value :  5.92568e-06
 Reference value :  5.92954e-06
 Reference value :  5.93308e-06
 Reference value :  5.93685e-06
 Reference value :  5.93958e-06
 Reference value :  5.94270e-06
 Reference value :  5.94441e-06
 Reference value :  5.94636e-06
 Reference value :  5.94976e-06
 Reference value :  5.95278e-06
 Reference value :  5.95661e-06
 Reference value :  5.96023e-06
 Reference value :  5.96328e-06
 Reference value :  5.96652e-06
 Reference value :  5.97021e-06
 Reference value :  5.97489e-06
 Reference value :  5.97747e-06
 Reference value :  5.98023e-06
 Reference value :  5.98314e-06
 Reference value :  5.98488e-06
 Reference value :  5.98680e-06
 Reference value :  5.99007e-06
 Reference value :  5.99328e-06
 Reference value :  5.99693e-06
 Reference value :  6.00050e-06
 Reference value :  6.00352e-06
 Reference value :  6.00780e-06
 Reference value :  6.01155e-06
 Reference value :  6.01596e-06
 Reference value :  6.01781e-06
 Reference value :  6.02063e-06
 Reference value :  6.02349e-06
 Reference value :  6.02543e-06
 Reference value :  6.02811e-06
 Reference value :  6.03050e-06
 Reference value :  6.03440e-06
 Reference value :  6.03808e-06
 Reference value :  6.04133e-06
 Reference value :  6.04407e-06
 Reference value :  6.04861e-06
 Reference value :  6.05208e-06
 Reference value :  6.05616e-06
 Reference value :  6.05810e-06
 Reference value :  6.06026e-06
 Reference value :  6.06311e-06
 Reference value :  6.06474e-06
 Reference value :  6.06659e-06
 Reference value :  6.06993e-06
 Reference value :  6.07288e-06
 Reference value :  6.07683e-06
 Reference value :  6.08054e-06
 Reference value :  6.08361e-06
 Reference value :  6.08750e-06
 Reference value :  6.09087e-06
 Reference value :  6.09578e-06
 Reference value :  6.09762e-06
 Reference value :  6.10056e-06
 Reference value :  6.10348e-06
 Reference value :  6.10542e-06
 Reference value :  6.10831e-06
 Reference value :  6.11068e-06
 Reference value :  6.11572e-06
 Reference value :  6.11921e-06
 Reference value :  6.12272e-06
 Reference value :  6.12581e-06
 Reference value :  6.12956e-06
 Reference value :  6.13309e-06
 Reference value :  6.13689e-06
 Reference value :  6.13937e-06
 Reference value :  6.14252e-06
 Reference value :  6.14420e-06
 Reference value :  6.14610e-06
 Reference value :  6.14945e-06
 Reference value :  6.15219e-06
 Reference value :  6.15607e-06
 Reference value :  6.15937e-06
 Reference value :  6.16280e-06
 Reference value :  6.16585e-06
 Reference value :  6.16964e-06
 Reference value :  6.17356e-06
 Reference value :  6.17699e-06
 Reference value :  6.17957e-06
 Reference value :  6.18267e-06
 Reference value :  6.18451e-06
 Reference value :  6.18640e-06
 Reference value :  6.18985e-06
 Reference value :  6.19291e-06
 Reference value :  6.19725e-06
 Reference value :  6.20083e-06
 Reference value :  6.20379e-06
 Reference value :  6.20841e-06
 Reference value :  6.21205e-06
 Reference value :  6.21604e-06
 Reference value :  6.21797e-06
 Reference value :  6.22021e-06
 Reference value :  6.22315e-06
 Reference value :  6.22484e-06
 Reference value :  6.22684e-06
 Reference value :  6.23014e-06
 Reference value :  6.23362e-06
 Reference value :  6.23784e-06
 Reference value :  6.24133e-06
 Reference value :  6.24413e-06
 Reference value :  6.24889e-06
 Reference value :  6.25232e-06
 Reference value :  6.25608e-06
 Reference value :  6.25861e-06
 Reference value :  6.26137e-06
 Reference value :  6.26369e-06
 Reference value :  6.26564e-06
 Reference value :  6.26898e-06
 Reference value :  6.27128e-06
 Reference value :  6.27553e-06
 Reference value :  6.27907e-06
 Reference value :  6.28233e-06
 Reference value :  6.28513e-06
 Reference value :  6.28935e-06
 Reference value :  6.29276e-06
 Reference value :  6.29663e-06
 Reference value :  6.29920e-06
 Reference value :  6.30228e-06
 Reference value :  6.30419e-06
 Reference value :  6.30625e-06
 Reference value :  6.30977e-06
 Reference value :  6.31271e-06
 Reference value :  6.31665e-06
 Reference value :  6.32042e-06
 Reference value :  6.32352e-06
 Reference value :  6.32728e-06
 Reference value :  6.33134e-06
 Reference value :  6.33590e-06
 Reference value :  6.33769e-06
 Reference value :  6.34056e-06
 Reference value :  6.34344e-06
 Reference value :  6.34538e-06
 Reference value :  6.34806e-06
 Reference value :  6.35077e-06
 Reference value :  6.35532e-06
 Reference value :  6.35911e-06
 Reference value :  6.36260e-06
 Reference value :  6.36571e-06
 Reference value :  6.36954e-06
 Reference value :  6.37321e-06
 Reference value :  6.37679e-06
 Reference value :  6.37871e-06
 Reference value :  6.38154e-06
 Reference value :  6.38381e-06
 Reference value :  6.38584e-06
 Reference value :  6.38935e-06
 Reference value :  6.39221e-06
 Reference value :  6.39598e-06
 Reference value :  6.39948e-06
 Reference value :  6.40307e-06
 Reference value :  6.40609e-06
 Reference value :  6.40996e-06
 Reference value :  6.41410e-06
 Reference value :  6.41704e-06
 Reference value :  6.42000e-06
 Reference value :  6.42271e-06
 Reference value :  6.42454e-06
 Reference value :  6.42649e-06
 Reference value :  6.43001e-06
 Reference value :  6.43278e-06
 Reference value :  6.43675e-06
 Reference value :  6.44064e-06
 Reference value :  6.44374e-06
 Reference value :  6.44831e-06
 Reference value :  6.45199e-06
 Reference value :  6.45614e-06
 Reference value :  6.45814e-06
 Reference value :  6.46075e-06
 Reference value :  6.46354e-06
 Reference value :  6.46544e-06
 Reference value :  6.46858e-06
 Reference value :  6.47100e-06
 Reference value :  6.47512e-06
 Reference value :  6.47886e-06
 Reference value :  6.48223e-06
 Reference value :  6.48509e-06
 Reference value :  6.48930e-06
 Reference value :  6.49267e-06
 Reference value :  6.49657e-06
 Reference value :  6.49919e-06
 Reference value :  6.50228e-06
 Reference value :  6.50431e-06
 Reference value :  6.50633e-06
 Reference value :  6.50978e-06
 Reference value :  6.51260e-06
 Reference value :  6.51647e-06
 Reference value :  6.52004e-06
 Reference value :  6.52314e-06
 Reference value :  6.52627e-06
 Reference value :  6.53006e-06
 Reference value :  6.53480e-06
 Reference value :  6.53737e-06
 Reference value :  6.53919e-06
 Reference value :  6.54246e-06
 Reference value :  6.54399e-06
 Reference value :  6.54606e-06
 Reference value :  6.54953e-06
 Reference value :  6.55237e-06
 Reference value :  6.55623e-06
 Reference value :  6.55986e-06
 Reference value :  6.56309e-06
 Reference value :  6.56610e-06
 Reference value :  6.57003e-06
 Reference value :  6.57458e-06
 Reference value :  6.57724e-06
 Reference value :  6.58030e-06
 Reference value :  6.58307e-06
 Reference value :  6.58475e-06
 Reference value :  6.58671e-06
 Reference value :  6.59022e-06
 Reference value :  6.59401e-06
 Reference value :  6.59799e-06
 Reference value :  6.60143e-06
 Reference value :  6.60418e-06
 Reference value :  6.60865e-06
 Reference value :  6.61204e-06
 Reference value :  6.61601e-06
 Reference value :  6.61809e-06
 Reference value :  6.62093e-06
 Reference value :  6.62365e-06
 Reference value :  6.62567e-06
 Reference value :  6.62882e-06
 Reference value :  6.63109e-06
 Reference value :  6.63520e-06
 Reference value :  6.63905e-06
 Reference value :  6.64260e-06
 Reference value :  6.64559e-06
 Reference value :  6.64940e-06
 Reference value :  6.65283e-06
 Reference value :  6.65670e-06
 Reference value :  6.65930e-06
 Reference value :  6.66254e-06
 Reference value :  6.66426e-06
 Reference value :  6.66624e-06
 Reference value :  6.66979e-06
 Reference value :  6.67274e-06
 Reference value :  6.67661e-06
 Reference value :  6.68041e-06
 Reference value :  6.68342e-06
 Reference value :  6.68700e-06
 Reference value :  6.69059e-06
 Reference value :  6.69552e-06
 Reference value :  6.69766e-06
 Reference value :  6.70015e-06
 Reference value :  6.70282e-06
 Reference value :  6.70469e-06
 Reference value :  6.70666e-06
 Reference value :  6.71016e-06
 Reference value :  6.71384e-06
 Reference value :  6.71738e-06
 Reference value :  6.72093e-06
 Reference value :  6.72378e-06
 Reference value :  6.72852e-06
 Reference value :  6.73216e-06
 Reference value :  6.73616e-06
 Reference value :  6.73846e-06
 Reference value :  6.74107e-06
 Reference value :  6.74362e-06
 Reference value :  6.74548e-06
 Reference value :  6.74823e-06
 Reference value :  6.75050e-06
 Reference value :  6.75541e-06
 Reference value :  6.75913e-06
 Reference value :  6.76265e-06
 Reference value :  6.76573e-06
 Reference value :  6.76963e-06
 Reference value :  6.77338e-06
 Reference value :  6.77680e-06
 Reference value :  6.77924e-06
 Reference value :  6.78228e-06
 Reference value :  6.78412e-06
 Reference value :  6.78607e-06
 Reference value :  6.78944e-06
 Reference value :  6.79227e-06
 Reference value :  6.79600e-06
 Reference value :  6.79941e-06
 Reference value :  6.80287e-06
 Reference value :  6.80596e-06
 Reference value :  6.80985e-06
 Reference value :  6.81425e-06
 Reference value :  6.81717e-06
 Reference value :  6.82000e-06
 Reference value :  6.82267e-06
 Reference value :  6.82441e-06
 Reference value :  6.82633e-06
 Reference value :  6.82976e-06
 Reference value :  6.83274e-06
 Reference value :  6.83652e-06
 Reference value :  6.84021e-06
 Reference value :  6.84317e-06
 Reference value :  6.84637e-06
 Reference value :  6.84998e-06
 Reference value :  6.85470e-06
 Reference value :  6.85738e-06
 Reference value :  6.85915e-06
 Reference value :  6.86228e-06
 Reference value :  6.86386e-06
 Reference value :  6.86578e-06
 Reference value :  6.86923e-06
 Reference value :  6.87197e-06
 Reference value :  6.87601e-06
 Reference value :  6.87939e-06
 Reference value :  6.88276e-06
 Reference value :  6.88582e-06
 Reference value :  6.88964e-06
 Reference value :  6.89335e-06
 Reference value :  6.89681e-06
 Reference value :  6.89951e-06
 Reference value :  6.90258e-06
 Reference value :  6.90442e-06
 Reference value :  6.90633e-06
 Reference value :  6.90978e-06
 Reference value :  6.91267e-06
 Reference value :  6.91657e-06
 Reference value :  6.92022e-06
 Reference value :  6.92312e-06
 Reference value :  6.92621e-06
 Reference value :  6.92999e-06
 Reference value :  6.93459e-06
 Reference value :  6.93727e-06
 Reference value :  6.94008e-06
 Reference value :  6.94284e-06
 Reference value :  6.94453e-06
 Reference value :  6.94643e-06
 Reference value :  6.94975e-06
 Reference value :  6.95313e-06
 Reference value :  6.95723e-06
 Reference value :  6.96069e-06
 Reference value :  6.96361e-06
 Reference value :  6.96791e-06
 Reference value :  6.97136e-06
 Reference value :  6.97595e-06
 Reference value :  6.97774e-06
 Reference value :  6.98043e-06
 Reference value :  6.98328e-06
 Reference value :  6.98510e-06
 Reference value :  6.98761e-06
 Reference value :  6.99036e-06
 Reference value :  6.99449e-06
 Reference value :  6.99840e-06
 Reference value :  7.00193e-06
 Reference value :  7.00466e-06
 Reference value :  7.00910e-06
 Reference value :  7.01234e-06
 Reference value :  7.01600e-06
 Reference value :  7.01798e-06
 Reference value :  7.02030e-06
 Reference value :  7.02312e-06
 Reference value :  7.02475e-06
 Reference value :  7.02668e-06
 Reference value :  7.03002e-06
 Reference value :  7.03345e-06
 Reference value :  7.03755e-06
 Reference value :  7.04123e-06
 Reference value :  7.04375e-06
 Reference value :  7.04830e-06
 Reference value :  7.05183e-06
 Reference value :  7.05597e-06
 Reference value :  7.05811e-06
 Reference value :  7.06107e-06
 Reference value :  7.06361e-06
 Reference value :  7.06545e-06
 Reference value :  7.06830e-06
 Reference value :  7.07044e-06
 Reference value :  7.07463e-06
 Reference value :  7.07828e-06
 Reference value :  7.08173e-06
 Reference value :  7.08465e-06
 Reference value :  7.08910e-06
 Reference value :  7.09245e-06
 Reference value :  7.09631e-06
 Reference value :  7.09822e-06
 Reference value :  7.10081e-06
 Reference value :  7.10347e-06
 Reference value :  7.10537e-06
 Reference value :  7.10840e-06
 Reference value :  7.11107e-06
 Reference value :  7.11576e-06
 Reference value :  7.11905e-06
 Reference value :  7.12257e-06
 Reference value :  7.12570e-06
 Reference value :  7.12951e-06
 Reference value :  7.13304e-06
 Reference value :  7.13676e-06
 Reference value :  7.13938e-06
 Reference value :  7.14256e-06
 Reference value :  7.14439e-06
 Reference value :  7.14651e-06
 Reference value :  7.14993e-06
 Reference value :  7.15282e-06
 Reference value :  7.15665e-06
 Reference value :  7.16041e-06
 Reference value :  7.16342e-06
 Reference value :  7.16728e-06
 Reference value :  7.17081e-06
 Reference value :  7.17573e-06
 Reference value :  7.17776e-06
 Reference value :  7.17978e-06
 Reference value :  7.18259e-06
 Reference value :  7.18428e-06
 Reference value :  7.18621e-06
 Reference value :  7.18978e-06
 Reference value :  7.19291e-06
 Reference value :  7.19682e-06
 Reference value :  7.20058e-06
 Reference value :  7.20356e-06
 Reference value :  7.20788e-06
 Reference value :  7.21185e-06
 Reference value :  7.21597e-06
 Reference value :  7.21809e-06
 Reference value :  7.22116e-06
 Reference value :  7.22360e-06
 Reference value :  7.22556e-06
 Reference value :  7.22863e-06
 Reference value :  7.23112e-06
 Reference value :  7.23537e-06
 Reference value :  7.23910e-06
 Reference value :  7.24255e-06
 Reference value :  7.24567e-06
 Reference value :  7.24957e-06
 Reference value :  7.25353e-06
 Reference value :  7.25676e-06
 Reference value :  7.25935e-06
 Reference value :  7.26252e-06
 Reference value :  7.26426e-06
 Reference value :  7.26623e-06
 Reference value :  7.26971e-06
 Reference value :  7.27275e-06
 Reference value :  7.27681e-06
 Reference value :  7.28050e-06
 Reference value :  7.28355e-06
 Reference value :  7.28795e-06
 Reference value :  7.29131e-06
 Reference value :  7.29580e-06
 Reference value :  7.29754e-06
 Reference value :  7.30069e-06
 Reference value :  7.30344e-06
 Reference value :  7.30534e-06
 Reference value :  7.30784e-06
 Reference value :  7.31049e-06
 Reference value :  7.31496e-06
 Reference value :  7.31881e-06
 Reference value :  7.32243e-06
 Reference value :  7.32560e-06
 Reference value :  7.32931e-06
 Reference value :  7.33300e-06
 Reference value :  7.33668e-06
 Reference value :  7.33875e-06
 Reference value :  7.34135e-06
 Reference value :  7.34365e-06
 Reference value :  7.34558e-06
 Reference value :  7.34897e-06
 Reference value :  7.35120e-06
 Reference value :  7.35521e-06
 Reference value :  7.35891e-06
 Reference value :  7.36254e-06
 Reference value :  7.36565e-06
 Reference value :  7.36951e-06
 Reference value :  7.37331e-06
 Reference value :  7.37679e-06
 Reference value :  7.37965e-06
 Reference value :  7.38254e-06
 Reference value :  7.38405e-06
 Reference value :  7.38597e-06
 Reference value :  7.38948e-06
 Reference value :  7.39232e-06
 Reference value :  7.39630e-06
 Reference value :  7.39994e-06
 Reference value :  7.40309e-06
 Reference value :  7.40616e-06
 Reference value :  7.40993e-06
 Reference value :  7.41444e-06
 Reference value :  7.41720e-06
 Reference value :  7.41952e-06
 Reference value :  7.42254e-06
 Reference value :  7.42431e-06
 Reference value :  7.42614e-06
 Reference value :  7.42961e-06
 Reference value :  7.43251e-06
 Reference value :  7.43635e-06
 Reference value :  7.44027e-06
 Reference value :  7.44333e-06
 Reference value :  7.44676e-06
 Reference value :  7.45031e-06
 Reference value :  7.45518e-06
 Reference value :  7.45728e-06
 Reference value :  7.46030e-06
 Reference value :  7.46310e-06
 Reference value :  7.46504e-06
 Reference value :  7.46721e-06
 Reference value :  7.47029e-06
 Reference value :  7.47436e-06
 Reference value :  7.47847e-06
 Reference value :  7.48193e-06
 Reference value :  7.48478e-06
 Reference value :  7.48913e-06
 Reference value :  7.49247e-06
 Reference value :  7.49644e-06
 Reference value :  7.49840e-06
 Reference value :  7.50068e-06
 Reference value :  7.50330e-06
 Reference value :  7.50530e-06
 Reference value :  7.50746e-06
 Reference value :  7.51037e-06
 Reference value :  7.51462e-06
 Reference value :  7.51829e-06
 Reference value :  7.52133e-06
 Reference value :  7.52418e-06
 Reference value :  7.52878e-06
 Reference value :  7.53232e-06
 Reference value :  7.53629e-06
 Reference value :  7.53894e-06
 Reference value :  7.54164e-06
 Reference value :  7.54367e-06
 Reference value :  7.54574e-06
 Reference value :  7.54920e-06
 Reference value :  7.55213e-06
 Reference value :  7.55597e-06
 Reference value :  7.55936e-06
 Reference value :  7.56289e-06
 Reference value :  7.56591e-06
 Reference value :  7.56979e-06
 Reference value :  7.57421e-06
 Reference value :  7.57716e-06
 Reference value :  7.57983e-06
 Reference value :  7.58255e-06
 Reference value :  7.58414e-06
 Reference value :  7.58606e-06
 Reference value :  7.58957e-06
 Reference value :  7.59249e-06
 Reference value :  7.59655e-06
 Reference value :  7.60054e-06
 Reference value :  7.60352e-06
 Reference value :  7.60804e-06
 Reference value :  7.61176e-06
 Reference value :  7.61595e-06
 Reference value :  7.61793e-06
 Reference value :  7.62082e-06
 Reference value :  7.62327e-06
 Reference value :  7.62491e-06
 Reference value :  7.62673e-06
 Reference value :  7.63013e-06
 Reference value :  7.63394e-06
 Reference value :  7.63817e-06
 Reference value :  7.64193e-06
 Reference value :  7.64478e-06
 Reference value :  7.64909e-06
 Reference value :  7.65232e-06
 Reference value :  7.65626e-06
 Reference value :  7.65820e-06
 Reference value :  7.66056e-06
 Reference value :  7.66318e-06
 Reference value :  7.66510e-06
 Reference value :  7.66802e-06
 Reference value :  7.67061e-06
 Reference value :  7.67497e-06
 Reference value :  7.67888e-06
 Reference value :  7.68214e-06
 Reference value :  7.68488e-06
 Reference value :  7.68908e-06
 Reference value :  7.69233e-06
 Reference value :  7.69628e-06
 Reference value :  7.69892e-06
 Reference value :  7.70174e-06
 Reference value :  7.70371e-06
 Reference value :  7.70565e-06
 Reference value :  7.70909e-06
 Reference value :  7.71147e-06
 Reference value :  7.71592e-06
 Reference value :  7.71930e-06
 Reference value :  7.72278e-06
 Reference value :  7.72593e-06
 Reference value :  7.72987e-06
 Reference value :  7.73447e-06
 Reference value :  7.73728e-06
 Reference value :  7.74001e-06
 Reference value :  7.74266e-06
 Reference value :  7.74444e-06
 Reference value :  7.74641e-06
 Reference value :  7.74974e-06
 Reference value :  7.75318e-06
 Reference value :  7.75713e-06
 Reference value :  7.76083e-06
 Reference value :  7.76386e-06
 Reference value :  7.76832e-06
 Reference value :  7.77207e-06
 Reference value :  7.77625e-06
 Reference value :  7.77882e-06
 Reference value :  7.78144e-06
 Reference value :  7.78360e-06
 Reference value :  7.78566e-06
 Reference value :  7.78869e-06
 Reference value :  7.79096e-06
 Reference value :  7.79524e-06
 Reference value :  7.79889e-06
 Reference value :  7.80223e-06
 Reference value :  7.80527e-06
 Reference value :  7.80914e-06
 Reference value :  7.81251e-06
 Reference value :  7.81626e-06
 Reference value :  7.81824e-06
 Reference value :  7.82063e-06
 Reference value :  7.82321e-06
 Reference value :  7.82500e-06
 Reference value :  7.82739e-06
 Reference value :  7.83011e-06
 Reference value :  7.83395e-06
 Reference value :  7.83749e-06
 Reference value :  7.84064e-06
 Reference value :  7.84351e-06
 Reference value :  7.84781e-06
 Reference value :  7.85117e-06
 Reference value :  7.85585e-06
 Reference value :  7.85758e-06
 Reference value :  7.86069e-06
 Reference value :  7.86325e-06
 Reference value :  7.86515e-06
 Reference value :  7.86771e-06
 Reference value :  7.87021e-06
 Reference value :  7.87417e-06
 Reference value :  7.87767e-06
 Reference value :  7.88103e-06
 Reference value :  7.88366e-06
 Reference value :  7.88820e-06
 Reference value :  7.89175e-06
 Reference value :  7.89584e-06
 Reference value :  7.89765e-06
 Reference value :  7.90056e-06
 Reference value :  7.90323e-06
 Reference value :  7.90507e-06
 Reference value :  7.90692e-06
 Reference value :  7.91015e-06
 Reference value :  7.91384e-06
 Reference value :  7.91760e-06
 Reference value :  7.92064e-06
 Reference value :  7.92349e-06
 Reference value :  7.92780e-06
 Reference value :  7.93123e-06
 Reference value :  7.93582e-06
 Reference value :  7.93770e-06
 Reference value :  7.94069e-06
 Reference value :  7.94324e-06
 Reference value :  7.94506e-06
 Reference value :  7.94715e-06
 Reference value :  7.95019e-06
 Reference value :  7.95483e-06
 Reference value :  7.95855e-06
 Reference value :  7.96233e-06
 Reference value :  7.96514e-06
 Reference value :  7.96922e-06
 Reference value :  7.97284e-06
 Reference value :  7.97650e-06
 Reference value :  7.97844e-06
 Reference value :  7.98089e-06
 Reference value :  7.98346e-06
 Reference value :  7.98523e-06
 Reference value :  7.98757e-06
 Reference value :  7.99024e-06
 Reference value :  7.99460e-06
 Reference value :  7.99885e-06
 Reference value :  8.00213e-06
 Reference value :  8.00515e-06
 Reference value :  8.00923e-06
 Reference value :  8.01260e-06
 Reference value :  8.01637e-06
 Reference value :  8.01916e-06
 Reference value :  8.02228e-06
 Reference value :  8.02381e-06
 Reference value :  8.02581e-06
 Reference value :  8.02918e-06
 Reference value :  8.03200e-06
 Reference value :  8.03582e-06
 Reference value :  8.03924e-06
 Reference value :  8.04280e-06
 Reference value :  8.04586e-06
 Reference value :  8.04980e-06
 Reference value :  8.05425e-06
 Reference value :  8.05715e-06
 Reference value :  8.06000e-06
 Reference value :  8.06269e-06
 Reference value :  8.06429e-06
 Reference value :  8.06612e-06
 Reference value :  8.06945e-06
 Reference value :  8.07227e-06
 Reference value :  8.07616e-06
 Reference value :  8.07942e-06
 Reference value :  8.08290e-06
 Reference value :  8.08587e-06
 Reference value :  8.08978e-06
 Reference value :  8.09434e-06
 Reference value :  8.09698e-06
 Reference value :  8.10000e-06
 Reference value :  8.10262e-06
 Reference value :  8.10434e-06
 Reference value :  8.10636e-06
 Reference value :  8.10991e-06
 Reference value :  8.11328e-06
 Reference value :  8.11732e-06
 Reference value :  8.12103e-06
 Reference value :  8.12402e-06
 Reference value :  8.12877e-06
 Reference value :  8.13221e-06
 Reference value :  8.13608e-06
 Reference value :  8.13797e-06
 Reference value :  8.14026e-06
 Reference value :  8.14288e-06
 Reference value :  8.14451e-06
 Reference value :  8.14643e-06
 Reference value :  8.14995e-06
 Reference value :  8.15359e-06
 Reference value :  8.15792e-06
 Reference value :  8.16133e-06
 Reference value :  8.16432e-06
 Reference value :  8.16899e-06
 Reference value :  8.17245e-06
 Reference value :  8.17627e-06
 Reference value :  8.17899e-06
 Reference value :  8.18220e-06
 Reference value :  8.18371e-06
 Reference value :  8.18570e-06
 Reference value :  8.18901e-06
 Reference value :  8.19210e-06
 Reference value :  8.19607e-06
 Reference value :  8.19931e-06
 Reference value :  8.20282e-06
 Reference value :  8.20591e-06
 Reference value :  8.20988e-06
 Reference value :  8.21473e-06
 Reference value :  8.21733e-06
 Reference value :  8.22001e-06
 Reference value :  8.22268e-06
 Reference value :  8.22427e-06
 Reference value :  8.22624e-06
 Reference value :  8.22972e-06
 Reference value :  8.23266e-06
 Reference value :  8.23646e-06
 Reference value :  8.24040e-06
 Reference value :  8.24336e-06
 Reference value :  8.24734e-06
 Reference value :  8.25070e-06
 Reference value :  8.25530e-06
 Reference value :  8.25721e-06
 Reference value :  8.26035e-06
 Reference value :  8.26299e-06
 Reference value :  8.26453e-06
 Reference value :  8.26640e-06
 Reference value :  8.26975e-06
 Reference value :  8.27321e-06
 Reference value :  8.27709e-06
 Reference value :  8.28064e-06
 Reference value :  8.28360e-06
 Reference value :  8.28820e-06
 Reference value :  8.29179e-06
 Reference value :  8.29594e-06
 Reference value :  8.29784e-06
 Reference value :  8.30023e-06
 Reference value :  8.30276e-06
 Reference value :  8.30461e-06
 Reference value :  8.30676e-06
 Reference value :  8.30996e-06
 Reference value :  8.31326e-06
 Reference value :  8.31713e-06
 Reference value :  8.32064e-06
 Reference value :  8.32354e-06
 Reference value :  8.32818e-06
 Reference value :  8.33188e-06
 Reference value :  8.33592e-06
 Reference value :  8.33839e-06
 Reference value :  8.34135e-06
 Reference value :  8.34350e-06
 Reference value :  8.34560e-06
 Reference value :  8.34872e-06
 Reference value :  8.35086e-06
 Reference value :  8.35556e-06
 Reference value :  8.35895e-06
 Reference value :  8.36244e-06
 Reference value :  8.36558e-06
 Reference value :  8.36939e-06
 Reference value :  8.37287e-06
 Reference value :  8.37650e-06
 Reference value :  8.37896e-06
 Reference value :  8.38211e-06
 Reference value :  8.38380e-06
 Reference value :  8.38577e-06
 Reference value :  8.38917e-06
 Reference value :  8.39202e-06
 Reference value :  8.39590e-06
 Reference value :  8.39913e-06
 Reference value :  8.40267e-06
 Reference value :  8.40575e-06
 Reference value :  8.40966e-06
 Reference value :  8.41386e-06
 Reference value :  8.41676e-06
 Reference value :  8.41955e-06
 Reference value :  8.42243e-06
 Reference value :  8.42399e-06
 Reference value :  8.42586e-06
 Reference value :  8.42920e-06
 Reference value :  8.43221e-06
 Reference value :  8.43608e-06
 Reference value :  8.43977e-06
 Reference value :  8.44289e-06
 Reference value :  8.44598e-06
 Reference value :  8.44979e-06
 Reference value :  8.45440e-06
 Reference value :  8.45706e-06
 Reference value :  8.45891e-06
 Reference value :  8.46211e-06
 Reference value :  8.46392e-06
 Reference value :  8.46578e-06
 Reference value :  8.46915e-06
 Reference value :  8.47207e-06
 Reference value :  8.47603e-06
 Reference value :  8.47951e-06
 Reference value :  8.48289e-06
 Reference value :  8.48592e-06
 Reference value :  8.48985e-06
 Reference value :  8.49449e-06
 Reference value :  8.49709e-06
 Reference value :  8.50021e-06
 Reference value :  8.50302e-06
 Reference value :  8.50478e-06
 Reference value :  8.50652e-06
 Reference value :  8.50988e-06
 Reference value :  8.51285e-06
 Reference value :  8.51688e-06
 Reference value :  8.52064e-06
 Reference value :  8.52353e-06
 Reference value :  8.52820e-06
 Reference value :  8.53160e-06
 Reference value :  8.53590e-06
 Reference value :  8.53783e-06
 Reference value :  8.54089e-06
 Reference value :  8.54333e-06
 Reference value :  8.54520e-06
 Reference value :  8.54813e-06
 Reference value :  8.55057e-06
 Reference value :  8.55543e-06
 Reference value :  8.55889e-06
 Reference value :  8.56245e-06
 Reference value :  8.56553e-06
 Reference value :  8.56937e-06
 Reference value :  8.57301e-06
 Reference value :  8.57662e-06
 Reference value :  8.57912e-06
 Reference value :  8.58234e-06
 Reference value :  8.58386e-06
 Reference value :  8.58588e-06
 Reference value :  8.58924e-06
 Reference value :  8.59215e-06
 Reference value :  8.59595e-06
 Reference value :  8.59919e-06
 Reference value :  8.60273e-06
 Reference value :  8.60577e-06
 Reference value :  8.60979e-06
 Reference value :  8.61433e-06
 Reference value :  8.61690e-06
 Reference value :  8.61884e-06
 Reference value :  8.62194e-06
 Reference value :  8.62362e-06
 Reference value :  8.62558e-06
 Reference value :  8.62905e-06
 Reference value :  8.63167e-06
 Reference value :  8.63575e-06
 Reference value :  8.63903e-06
 Reference value :  8.64252e-06
 Reference value :  8.64558e-06
 Reference value :  8.64950e-06
 Reference value :  8.65318e-06
 Reference value :  8.65660e-06
 Reference value :  8.65938e-06
 Reference value :  8.66243e-06
 Reference value :  8.66413e-06
 Reference value :  8.66597e-06
 Reference value :  8.66937e-06
 Reference value :  8.67240e-06
 Reference value :  8.67623e-06
 Reference value :  8.68035e-06
 Reference value :  8.68327e-06
 Reference value :  8.68702e-06
 Reference value :  8.69070e-06
 Reference value :  8.69528e-06
 Reference value :  8.69728e-06
 Reference value :  8.70026e-06
 Reference value :  8.70287e-06
 Reference value :  8.70451e-06
 Reference value :  8.70650e-06
 Reference value :  8.70981e-06
 Reference value :  8.71246e-06
 Reference value :  8.71638e-06
 Reference value :  8.72041e-06
 Reference value :  8.72332e-06
 Reference value :  8.72702e-06
 Reference value :  8.73067e-06
 Reference value :  8.73539e-06
 Reference value :  8.73739e-06
 Reference value :  8.74040e-06
 Reference value :  8.74297e-06
 Reference value :  8.74456e-06
 Reference value :  8.74649e-06
 Reference value :  8.74983e-06
 Reference value :  8.75351e-06
 Reference value :  8.75788e-06
 Reference value :  8.76113e-06
 Reference value :  8.76437e-06
 Reference value :  8.76883e-06
 Reference value :  8.77215e-06
 Reference value :  8.77599e-06
 Reference value :  8.77784e-06
 Reference value :  8.78003e-06
 Reference value :  8.78267e-06
 Reference value :  8.78433e-06
 Reference value :  8.78617e-06
 Reference value :  8.78955e-06
 Reference value :  8.79285e-06
 Reference value :  8.79653e-06
 Reference value :  8.80050e-06
 Reference value :  8.80341e-06
 Reference value :  8.80752e-06
 Reference value :  8.81105e-06
 Reference value :  8.81573e-06
 Reference value :  8.81775e-06
 Reference value :  8.82089e-06
 Reference value :  8.82330e-06
 Reference value :  8.82519e-06
 Reference value :  8.82765e-06
 Reference value :  8.83019e-06
 Reference value :  8.83486e-06
 Reference value :  8.83885e-06
 Reference value :  8.84232e-06
 Reference value :  8.84517e-06
 Reference value :  8.84906e-06
 Reference value :  8.85248e-06
 Reference value :  8.85631e-06
 Reference value :  8.85881e-06
 Reference value :  8.86116e-06
 Reference value :  8.86340e-06
 Reference value :  8.86532e-06
 Reference value :  8.86785e-06
 Reference value :  8.87027e-06
 Reference value :  8.87494e-06
 Reference value :  8.87837e-06
 Reference value :  8.88153e-06
 Reference value :  8.88426e-06
 Reference value :  8.88881e-06
 Reference value :  8.89206e-06
 Reference value :  8.89611e-06
 Reference value :  8.89862e-06
 Reference value :  8.90126e-06
 Reference value :  8.90344e-06
 Reference value :  8.90551e-06
 Reference value :  8.90881e-06
 Reference value :  8.91116e-06
 Reference value :  8.91559e-06
 Reference value :  8.91886e-06
 Reference value :  8.92232e-06
 Reference value :  8.92526e-06
 Reference value :  8.92908e-06
 Reference value :  8.93246e-06
 Reference value :  8.93632e-06
 Reference value :  8.93816e-06
 Reference value :  8.94069e-06
 Reference value :  8.94319e-06
 Reference value :  8.94496e-06
 Reference value :  8.94741e-06
 Reference value :  8.95028e-06
 Reference value :  8.95475e-06
 Reference value :  8.95876e-06
 Reference value :  8.96223e-06
 Reference value :  8.96496e-06
 Reference value :  8.96901e-06
 Reference value :  8.97231e-06
 Reference value :  8.97615e-06
 Reference value :  8.97889e-06
 Reference value :  8.98184e-06
 Reference value :  8.98354e-06
 Reference value :  8.98548e-06
 Reference value :  8.98896e-06
 Reference value :  8.99166e-06
 Reference value :  8.99584e-06
 Reference value :  8.99925e-06
 Reference value :  9.00274e-06
 Reference value :  9.00573e-06
 Reference value :  9.00969e-06
 Reference value :  9.01385e-06
 Reference value :  9.01689e-06
 Reference value :  9.01920e-06
 Reference value :  9.02237e-06
 Reference value :  9.02394e-06
 Reference value :  9.02593e-06
 Reference value :  9.02953e-06
 Reference value :  9.03249e-06
 Reference value :  9.03664e-06
 Reference value :  9.04054e-06
 Reference value :  9.04338e-06
 Reference value :  9.04780e-06
 Reference value :  9.05134e-06
 Reference value :  9.05567e-06
 Reference value :  9.05752e-06
 Reference value :  9.06069e-06
 Reference value :  9.06318e-06
 Reference value :  9.06503e-06
 Reference value :  9.06779e-06
 Reference value :  9.07037e-06
 Reference value :  9.07499e-06
 Reference value :  9.07889e-06
 Reference value :  9.08236e-06
 Reference value :  9.08543e-06
 Reference value :  9.08924e-06
 Reference value :  9.09284e-06
 Reference value :  9.09650e-06
 Reference value :  9.09851e-06
 Reference value :  9.10112e-06
 Reference value :  9.10337e-06
 Reference value :  9.10530e-06
 Reference value :  9.10782e-06
 Reference value :  9.11042e-06
 Reference value :  9.11480e-06
 Reference value :  9.11877e-06
 Reference value :  9.12223e-06
 Reference value :  9.12534e-06
 Reference value :  9.12918e-06
 Reference value :  9.13246e-06
 Reference value :  9.13630e-06
 Reference value :  9.13896e-06
 Reference value :  9.14220e-06
 Reference value :  9.14367e-06
 Reference value :  9.14561e-06
 Reference value :  9.14901e-06
 Reference value :  9.15195e-06
 Reference value :  9.15591e-06
 Reference value :  9.15936e-06
 Reference value :  9.16278e-06
 Reference value :  9.16576e-06
 Reference value :  9.16973e-06
 Reference value :  9.17403e-06
 Reference value :  9.17687e-06
 Reference value :  9.17958e-06
 Reference value :  9.18240e-06
 Reference value :  9.18398e-06
 Reference value :  9.18601e-06
 Reference value :  9.18941e-06
 Reference value :  9.19232e-06
 Reference value :  9.19623e-06
No. of Data Rows : 123334

  Measurements for Transient Analysis

cphi_pre            =  3.302922e-09 targ=  2.623403e-06 trig=  2.620100e-06
cphi_fast           =  3.278471e-09 targ=  3.143378e-06 trig=  3.140100e-06
cphi_mid            =  2.783077e-09 targ=  6.022883e-06 trig=  6.020100e-06
cphi_post           =  2.458215e-09 targ=  9.022558e-06 trig=  9.020100e-06
cdn_lvl             =  1.720596e-01 from=  6.010000e-06 to=  9.010028e-06

ngspice-42 done
