
Note: Compatibility modes selected: hs a


Circuit: * divider-ratio-chain @ fs_125c_2.97v_f010n64 -- generated by sim/harness, do not edit

Doing analysis at TEMP = 125.000000 and TNOM = 27.000000

Using SPARSE 1.3 as Direct Linear Solver

Initial Transient Solution
--------------------------

Node                                   Voltage
----                                   -------
vdd_div                                   2.97
vco                                          0
sel0                                         0
sel1                                         0
sel2                                         0
sel3                                         0
sel4                                         0
sel5                                      2.97
pb0                                          0
pb1                                          0
pb2                                          0
pb3                                          0
pb4                                          0
pb5                                          0
xchain.xd0.sb                             2.97
xchain.mi0                         1.30573e-08
xchain.mo0                             1.32669
xchain.xd0.xn3.nm1                   0.0841042
xchain.xd0.xn3.nm2                 3.77229e-07
xchain.xd0.dqn                        0.448348
xchain.xd0.qb                          1.32669
xchain.xd0.xn2q.nmid                  0.109703
xchain.xd0.dq                          2.96176
xchain.xd0.xfq.ckb                        2.97
xchain.xd0.xfq.ckbb                1.30571e-08
xchain.xd0.xfq.nm                      2.96176
xchain.xd0.xfq.nma                 5.16989e-07
xchain.xd0.xfq.nmb                        2.97
xchain.xd0.xfq.ns                      1.32669
xchain.xd0.q                           1.32669
xchain.ck1                              1.3393
xchain.xd0.nmo                            2.97
xchain.xd0.xn2m.nmid               3.44273e-06
xchain.xd0.dmo                     3.23166e-08
xchain.xd0.xfmo.ckb                       2.97
xchain.xd0.xfmo.ckbb               1.30571e-08
xchain.xd0.xfmo.nm                 4.51749e-08
xchain.xd0.xfmo.nma                       2.97
xchain.xd0.xfmo.nmb                1.95146e-08
xchain.xd0.xfmo.ns                     1.32669
xchain.xd0.mob                         1.32669
xchain.xd1.sb                             2.97
xchain.mi1                                2.97
xchain.mo1                         1.30703e-08
xchain.xd1.xn3.nm1                     2.61562
xchain.xd1.xn3.nm2                   0.0760688
xchain.xd1.dqn                            2.97
xchain.xd1.qb                      9.09866e-06
xchain.xd1.xn2q.nmid               1.75389e-06
xchain.xd1.dq                         0.111443
xchain.xd1.xfq.ckb                     1.11201
xchain.xd1.xfq.ckbb                    2.59247
xchain.xd1.xfq.nm                      2.51944
xchain.xd1.xfq.nma                 4.18764e-05
xchain.xd1.xfq.nmb                     2.82991
xchain.xd1.xfq.ns                  3.19978e-05
xchain.xd1.q                              2.97
xchain.ck2                                2.97
xchain.xd1.nmo                     2.61241e-08
xchain.xd1.xn2m.nmid                1.3062e-08
xchain.xd1.dmo                         2.85964
xchain.xd1.xfmo.ckb                    1.11201
xchain.xd1.xfmo.ckbb                   2.59247
xchain.xd1.xfmo.nm                    0.187476
xchain.xd1.xfmo.nma                     2.9699
xchain.xd1.xfmo.nmb                  0.0876409
xchain.xd1.xfmo.ns                      2.9699
xchain.xd1.mob                            2.97
xchain.xd2.sb                             2.97
xchain.mi2                         1.30573e-08
xchain.mo2                                2.97
xchain.xd2.xn3.nm1                    0.084104
xchain.xd2.xn3.nm2                 1.93246e-07
xchain.xd2.dqn                            2.97
xchain.xd2.qb                      1.95146e-08
xchain.xd2.xn2q.nmid               1.75356e-06
xchain.xd2.dq                      1.61469e-06
xchain.xd2.xfq.ckb                 1.30571e-08
xchain.xd2.xfq.ckbb                       2.97
xchain.xd2.xfq.nm                      2.96999
xchain.xd2.xfq.nma                  3.2317e-08
xchain.xd2.xfq.nmb                        2.97
xchain.xd2.xfq.ns                  4.51754e-08
xchain.xd2.q                              2.97
xchain.ck3                                2.97
xchain.xd2.nmo                            2.97
xchain.xd2.xn2m.nmid               1.75356e-06
xchain.xd2.dmo                     1.61469e-06
xchain.xd2.xfmo.ckb                1.30571e-08
xchain.xd2.xfmo.ckbb                      2.97
xchain.xd2.xfmo.nm                     2.96999
xchain.xd2.xfmo.nma                 3.2317e-08
xchain.xd2.xfmo.nmb                       2.97
xchain.xd2.xfmo.ns                 4.51754e-08
xchain.xd2.mob                     1.95146e-08
xchain.xd3.sb                             2.97
xchain.mi3                         1.30573e-08
xchain.mo3                         1.30571e-08
xchain.xd3.xn3.nm1                    0.108659
xchain.xd3.xn3.nm2                   0.0248474
xchain.xd3.dqn                            2.97
xchain.xd3.qb                      1.95146e-08
xchain.xd3.xn2q.nmid               1.75355e-06
xchain.xd3.dq                      1.61469e-06
xchain.xd3.xfq.ckb                 1.30571e-08
xchain.xd3.xfq.ckbb                       2.97
xchain.xd3.xfq.nm                      2.96999
xchain.xd3.xfq.nma                  3.2317e-08
xchain.xd3.xfq.nmb                        2.97
xchain.xd3.xfq.ns                  4.51754e-08
xchain.xd3.q                              2.97
xchain.ck4                                2.97
xchain.xd3.nmo                            2.97
xchain.xd3.xn2m.nmid               1.75356e-06
xchain.xd3.dmo                     1.95149e-08
xchain.xd3.xfmo.ckb                1.30571e-08
xchain.xd3.xfmo.ckbb                      2.97
xchain.xd3.xfmo.nm                 4.51748e-08
xchain.xd3.xfmo.nma                       2.97
xchain.xd3.xfmo.nmb                3.23165e-08
xchain.xd3.xfmo.ns                        2.97
xchain.xd3.mob                            2.97
xchain.xd4.sb                             2.97
xchain.mi4                         1.30573e-08
xchain.mo4                         1.30571e-08
xchain.xd4.xn3.nm1                    0.108659
xchain.xd4.xn3.nm2                   0.0248474
xchain.xd4.dqn                     2.61238e-08
xchain.xd4.qb                             2.97
xchain.xd4.xn2q.nmid               1.30619e-08
xchain.xd4.dq                             2.97
xchain.xd4.xfq.ckb                 1.30571e-08
xchain.xd4.xfq.ckbb                       2.97
xchain.xd4.xfq.nm                  3.23539e-06
xchain.xd4.xfq.nma                        2.97
xchain.xd4.xfq.nmb                 1.62742e-06
xchain.xd4.xfq.ns                         2.97
xchain.xd4.q                       1.30571e-08
xchain.ck5                         9.29382e-09
xchain.xd4.nmo                            2.97
xchain.xd4.xn2m.nmid                 0.0842736
xchain.xd4.dmo                     1.95143e-08
xchain.xd4.xfmo.ckb                1.30571e-08
xchain.xd4.xfmo.ckbb                      2.97
xchain.xd4.xfmo.nm                 4.51748e-08
xchain.xd4.xfmo.nma                       2.97
xchain.xd4.xfmo.nmb                3.23165e-08
xchain.xd4.xfmo.ns                        2.97
xchain.xd4.mob                            2.97
xchain.xd5.sb                             2.97
xchain.mo5                         1.30576e-08
xchain.xd5.xn3.nm1                     2.61562
xchain.xd5.xn3.nm2                   0.0760688
xchain.xd5.dqn                            2.97
xchain.xd5.qb                      1.62742e-06
xchain.xd5.xn2q.nmid               1.75361e-06
xchain.xd5.dq                      3.23168e-08
xchain.xd5.xfq.ckb                        2.97
xchain.xd5.xfq.ckbb                1.30571e-08
xchain.xd5.xfq.nm                  4.51752e-08
xchain.xd5.xfq.nma                        2.97
xchain.xd5.xfq.nmb                 1.95149e-08
xchain.xd5.xfq.ns                  3.23539e-06
xchain.xd5.q                              2.97
xchain.ck6                                2.97
xchain.xd5.nmo                     2.61238e-08
xchain.xd5.xn2m.nmid               1.30619e-08
xchain.xd5.dmo                            2.97
xchain.xd5.xfmo.ckb                       2.97
xchain.xd5.xfmo.ckbb               1.30571e-08
xchain.xd5.xfmo.nm                        2.97
xchain.xd5.xfmo.nma                1.61469e-06
xchain.xd5.xfmo.nmb                       2.97
xchain.xd5.xfmo.ns                     2.96999
xchain.xd5.mob                            2.97
xchain.xnr0.pmid                          2.97
xchain.nmi0                               2.97
xchain.xnr1.pmid                      0.629658
xchain.nmi1                        2.74436e-08
xchain.xnr2.pmid                          2.97
xchain.nmi2                               2.97
xchain.xnr3.pmid                          2.97
xchain.nmi3                               2.97
xchain.xnr4.pmid                          2.97
xchain.nmi4                               2.97
xchain.t0                                 2.97
xchain.xm0.nmid                        1.15799
xchain.t1                                 2.97
xchain.xm1.nmid                        2.54262
xchain.t2                                 2.97
xchain.xm2.nmid                        2.54262
xchain.t3                                 2.97
xchain.xm3.nmid                        2.54262
xchain.t4                                 2.97
xchain.xm4.nmid                      0.0842736
xchain.t5                          2.61238e-08
xchain.xm5.nmid                    1.30619e-08
xchain.ma                          3.90479e-08
xchain.xma.nm1                      2.6032e-08
xchain.xma.nm2                      1.3016e-08
xchain.mb                              2.96999
xchain.xmb.nm1                         2.54352
xchain.xmb.nm2                         2.50477
xchain.xmno.pmid                          2.97
xchain.divoutb                     1.85812e-08
divout                                    2.97
xchain.xfrt.ckb                           2.97
xchain.xfrt.ckbb                   1.30571e-08
xchain.xfrt.nm                            2.97
xchain.xfrt.nma                    5.14946e-07
xchain.xfrt.nmb                           2.97
xchain.xfrt.ns                         1.32669
fb                                     1.32669
xchain.fbb                             1.32669
vq5#branch                                   0
vq4#branch                                   0
vq3#branch                                   0
vq2#branch                                   0
vq1#branch                                   0
vq0#branch                                   0
vs5#branch                                   0
vs4#branch                                   0
vs3#branch                                   0
vs2#branch                                   0
vs1#branch                                   0
vs0#branch                                   0
vvco#branch                                  0
vdiv#branch                        -0.00133096

 Reference value :  0.00000e+00
 Reference value :  2.61400e-09
 Reference value :  5.86400e-09
 Reference value :  9.66400e-09
 Reference value :  1.32640e-08
 Reference value :  1.68140e-08
 Reference value :  2.04640e-08
 Reference value :  2.43140e-08
 Reference value :  2.78640e-08
 Reference value :  3.15140e-08
 Reference value :  3.52140e-08
 Reference value :  3.90640e-08
 Reference value :  4.25640e-08
 Reference value :  4.63140e-08
 Reference value :  4.98640e-08
 Reference value :  5.35640e-08
 Reference value :  5.74640e-08
 Reference value :  6.09140e-08
 Reference value :  6.45140e-08
 Reference value :  6.81640e-08
 Reference value :  7.17140e-08
 Reference value :  7.53140e-08
 Reference value :  7.89140e-08
 Reference value :  8.25640e-08
 Reference value :  8.61140e-08
 Reference value :  8.98140e-08
 Reference value :  9.33640e-08
 Reference value :  9.73140e-08
 Reference value :  1.01175e-07
 Reference value :  1.03825e-07
 Reference value :  1.07425e-07
 Reference value :  1.10925e-07
 Reference value :  1.14825e-07
 Reference value :  1.18325e-07
 Reference value :  1.22025e-07
 Reference value :  1.25575e-07
 Reference value :  1.29225e-07
 Reference value :  1.32875e-07
 Reference value :  1.36575e-07
 Reference value :  1.40525e-07
 Reference value :  1.44075e-07
 Reference value :  1.47825e-07
 Reference value :  1.51425e-07
 Reference value :  1.54275e-07
 Reference value :  1.57925e-07
 Reference value :  1.61975e-07
 Reference value :  1.65525e-07
 Reference value :  1.69175e-07
 Reference value :  1.72775e-07
 Reference value :  1.76275e-07
 Reference value :  1.79925e-07
 Reference value :  1.83425e-07
 Reference value :  1.87225e-07
 Reference value :  1.90825e-07
 Reference value :  1.94275e-07
 Reference value :  1.97975e-07
 Reference value :  2.01075e-07
 Reference value :  2.03325e-07
 Reference value :  2.07025e-07
 Reference value :  2.10575e-07
 Reference value :  2.14375e-07
 Reference value :  2.17825e-07
 Reference value :  2.21375e-07
 Reference value :  2.25025e-07
 Reference value :  2.28475e-07
 Reference value :  2.32025e-07
 Reference value :  2.35825e-07
 Reference value :  2.39375e-07
 Reference value :  2.42775e-07
 Reference value :  2.46675e-07
 Reference value :  2.50035e-07
 Reference value :  2.52825e-07
 Reference value :  2.56425e-07
 Reference value :  2.59975e-07
 Reference value :  2.63825e-07
 Reference value :  2.67475e-07
 Reference value :  2.70975e-07
 Reference value :  2.74525e-07
 Reference value :  2.77925e-07
 Reference value :  2.81475e-07
 Reference value :  2.85175e-07
 Reference value :  2.88575e-07
 Reference value :  2.92125e-07
 Reference value :  2.96125e-07
 Reference value :  2.99525e-07
 Reference value :  3.01963e-07
 Reference value :  3.05325e-07
 Reference value :  3.08775e-07
 Reference value :  3.12375e-07
 Reference value :  3.16125e-07
 Reference value :  3.19625e-07
 Reference value :  3.23325e-07
 Reference value :  3.26725e-07
 Reference value :  3.30275e-07
 Reference value :  3.34025e-07
 Reference value :  3.37425e-07
 Reference value :  3.40725e-07
 Reference value :  3.44125e-07
 Reference value :  3.47525e-07
 Reference value :  3.51025e-07
 Reference value :  3.53875e-07
 Reference value :  3.57475e-07
 Reference value :  3.61025e-07
 Reference value :  3.66775e-07
 Reference value :  3.71575e-07
 Reference value :  3.75175e-07
 Reference value :  3.78675e-07
 Reference value :  3.82325e-07
 Reference value :  3.85925e-07
 Reference value :  3.89375e-07
 Reference value :  3.92825e-07
 Reference value :  3.96325e-07
 Reference value :  3.99625e-07
 Reference value :  4.01963e-07
 Reference value :  4.04425e-07
 Reference value :  4.08075e-07
 Reference value :  4.11575e-07
 Reference value :  4.15175e-07
 Reference value :  4.18625e-07
 Reference value :  4.22175e-07
 Reference value :  4.25575e-07
 Reference value :  4.29025e-07
 Reference value :  4.32775e-07
 Reference value :  4.36425e-07
 Reference value :  4.39975e-07
 Reference value :  4.43475e-07
 Reference value :  4.47225e-07
 Reference value :  4.50425e-07
 Reference value :  4.53125e-07
 Reference value :  4.56625e-07
 Reference value :  4.60175e-07
 Reference value :  4.63825e-07
 Reference value :  4.67475e-07
 Reference value :  4.70975e-07
 Reference value :  4.74475e-07
 Reference value :  4.77925e-07
 Reference value :  4.81475e-07
 Reference value :  4.85275e-07
 Reference value :  4.88925e-07
 Reference value :  4.92675e-07
 Reference value :  4.96325e-07
 Reference value :  4.99925e-07
 Reference value :  5.02175e-07
 Reference value :  5.05825e-07
 Reference value :  5.09475e-07
 Reference value :  5.13025e-07
 Reference value :  5.16525e-07
 Reference value :  5.20175e-07
 Reference value :  5.23775e-07
 Reference value :  5.27325e-07
 Reference value :  5.31175e-07
 Reference value :  5.34625e-07
 Reference value :  5.38225e-07
 Reference value :  5.42175e-07
 Reference value :  5.45625e-07
 Reference value :  5.49225e-07
 Reference value :  5.51925e-07
 Reference value :  5.55225e-07
 Reference value :  5.58775e-07
 Reference value :  5.62225e-07
 Reference value :  5.65875e-07
 Reference value :  5.69575e-07
 Reference value :  5.72975e-07
 Reference value :  5.76525e-07
 Reference value :  5.80075e-07
 Reference value :  5.83525e-07
 Reference value :  5.87125e-07
 Reference value :  5.90675e-07
 Reference value :  5.94275e-07
 Reference value :  5.98075e-07
 Reference value :  6.01275e-07
 Reference value :  6.03275e-07
 Reference value :  6.06975e-07
 Reference value :  6.10575e-07
 Reference value :  6.14025e-07
 Reference value :  6.17625e-07
 Reference value :  6.21125e-07
 Reference value :  6.24725e-07
 Reference value :  6.28325e-07
 Reference value :  6.31925e-07
 Reference value :  6.35625e-07
 Reference value :  6.39475e-07
 Reference value :  6.43375e-07
 Reference value :  6.46825e-07
 Reference value :  6.50425e-07
 Reference value :  6.53275e-07
 Reference value :  6.56725e-07
 Reference value :  6.60375e-07
 Reference value :  6.64025e-07
 Reference value :  6.67675e-07
 Reference value :  6.70975e-07
 Reference value :  6.74125e-07
 Reference value :  6.77275e-07
 Reference value :  6.80425e-07
 Reference value :  6.83725e-07
 Reference value :  6.86975e-07
 Reference value :  6.90325e-07
 Reference value :  6.93725e-07
 Reference value :  6.96825e-07
 Reference value :  6.99875e-07
 Reference value :  7.02035e-07
 Reference value :  7.05075e-07
 Reference value :  7.08175e-07
 Reference value :  7.11425e-07
 Reference value :  7.14875e-07
 Reference value :  7.18325e-07
 Reference value :  7.21775e-07
 Reference value :  7.25175e-07
 Reference value :  7.28575e-07
 Reference value :  7.32025e-07
 Reference value :  7.35375e-07
 Reference value :  7.38825e-07
 Reference value :  7.42275e-07
 Reference value :  7.45725e-07
 Reference value :  7.49375e-07
 Reference value :  7.52005e-07
 Reference value :  7.55475e-07
 Reference value :  7.58925e-07
 Reference value :  7.62425e-07
 Reference value :  7.65975e-07
 Reference value :  7.69675e-07
 Reference value :  7.73175e-07
 Reference value :  7.76575e-07
 Reference value :  7.79975e-07
 Reference value :  7.83575e-07
 Reference value :  7.87075e-07
 Reference value :  7.90525e-07
 Reference value :  7.93975e-07
 Reference value :  7.97475e-07
 Reference value :  8.00875e-07
 Reference value :  8.02775e-07
 Reference value :  8.05275e-07
 Reference value :  8.08725e-07
 Reference value :  8.12275e-07
 Reference value :  8.15725e-07
 Reference value :  8.19175e-07
 Reference value :  8.22725e-07
 Reference value :  8.26225e-07
 Reference value :  8.29725e-07
 Reference value :  8.33425e-07
 Reference value :  8.36575e-07
 Reference value :  8.39575e-07
 Reference value :  8.43275e-07
 Reference value :  8.46875e-07
 Reference value :  8.50325e-07
 Reference value :  8.53075e-07
 Reference value :  8.56675e-07
 Reference value :  8.60125e-07
 Reference value :  8.63675e-07
 Reference value :  8.67225e-07
 Reference value :  8.70825e-07
 Reference value :  8.74375e-07
 Reference value :  8.77825e-07
 Reference value :  8.81275e-07
 Reference value :  8.84725e-07
 Reference value :  8.88275e-07
 Reference value :  8.91625e-07
 Reference value :  8.95025e-07
 Reference value :  8.98425e-07
 Reference value :  9.01425e-07
 Reference value :  9.04175e-07
 Reference value :  9.07625e-07
 Reference value :  9.11025e-07
 Reference value :  9.14625e-07
 Reference value :  9.18025e-07
 Reference value :  9.21525e-07
 Reference value :  9.24925e-07
 Reference value :  9.28325e-07
 Reference value :  9.31725e-07
 Reference value :  9.35175e-07
 Reference value :  9.38625e-07
 Reference value :  9.42025e-07
 Reference value :  9.45475e-07
 Reference value :  9.48775e-07
 Reference value :  9.51725e-07
 Reference value :  9.54775e-07
 Reference value :  9.58225e-07
 Reference value :  9.61675e-07
 Reference value :  9.65125e-07
 Reference value :  9.68475e-07
 Reference value :  9.71875e-07
 Reference value :  9.75525e-07
 Reference value :  9.78975e-07
 Reference value :  9.82575e-07
 Reference value :  9.85925e-07
 Reference value :  9.89325e-07
 Reference value :  9.92925e-07
 Reference value :  9.96425e-07
 Reference value :  9.99925e-07
 Reference value :  1.00208e-06
 Reference value :  1.00502e-06
 Reference value :  1.00832e-06
 Reference value :  1.01167e-06
 Reference value :  1.01532e-06
 Reference value :  1.01882e-06
 Reference value :  1.02217e-06
 Reference value :  1.02562e-06
 Reference value :  1.02922e-06
 Reference value :  1.03262e-06
 Reference value :  1.03612e-06
 Reference value :  1.03947e-06
 Reference value :  1.04307e-06
 Reference value :  1.04652e-06
 Reference value :  1.05001e-06
 Reference value :  1.05242e-06
 Reference value :  1.05577e-06
 Reference value :  1.05917e-06
 Reference value :  1.06257e-06
 Reference value :  1.06592e-06
 Reference value :  1.06932e-06
 Reference value :  1.07272e-06
 Reference value :  1.07607e-06
 Reference value :  1.07952e-06
 Reference value :  1.08297e-06
 Reference value :  1.08647e-06
 Reference value :  1.08987e-06
 Reference value :  1.09332e-06
 Reference value :  1.09667e-06
 Reference value :  1.10000e-06
 Reference value :  1.10222e-06
 Reference value :  1.10562e-06
 Reference value :  1.10907e-06
 Reference value :  1.11267e-06
 Reference value :  1.11617e-06
 Reference value :  1.11967e-06
 Reference value :  1.12317e-06
 Reference value :  1.12662e-06
 Reference value :  1.13012e-06
 Reference value :  1.13357e-06
 Reference value :  1.13697e-06
 Reference value :  1.14032e-06
 Reference value :  1.14377e-06
 Reference value :  1.14722e-06
 Reference value :  1.15047e-06
 Reference value :  1.15337e-06
 Reference value :  1.15677e-06
 Reference value :  1.16012e-06
 Reference value :  1.16362e-06
 Reference value :  1.16707e-06
 Reference value :  1.17062e-06
 Reference value :  1.17412e-06
 Reference value :  1.17772e-06
 Reference value :  1.18122e-06
 Reference value :  1.18467e-06
 Reference value :  1.18812e-06
 Reference value :  1.19162e-06
 Reference value :  1.19507e-06
 Reference value :  1.19847e-06
 Reference value :  1.20137e-06
 Reference value :  1.20312e-06
 Reference value :  1.20627e-06
 Reference value :  1.20967e-06
 Reference value :  1.21317e-06
 Reference value :  1.21732e-06
 Reference value :  1.22232e-06
 Reference value :  1.22582e-06
 Reference value :  1.22937e-06
 Reference value :  1.23292e-06
 Reference value :  1.23652e-06
 Reference value :  1.23997e-06
 Reference value :  1.24357e-06
 Reference value :  1.24707e-06
 Reference value :  1.25032e-06
 Reference value :  1.25297e-06
 Reference value :  1.25682e-06
 Reference value :  1.26047e-06
 Reference value :  1.26392e-06
 Reference value :  1.26737e-06
 Reference value :  1.27077e-06
 Reference value :  1.27427e-06
 Reference value :  1.27767e-06
 Reference value :  1.28117e-06
 Reference value :  1.28452e-06
 Reference value :  1.28802e-06
 Reference value :  1.29137e-06
 Reference value :  1.29482e-06
 Reference value :  1.29837e-06
 Reference value :  1.30132e-06
 Reference value :  1.30407e-06
 Reference value :  1.30752e-06
 Reference value :  1.31117e-06
 Reference value :  1.31457e-06
 Reference value :  1.31807e-06
 Reference value :  1.32157e-06
 Reference value :  1.32492e-06
 Reference value :  1.32827e-06
 Reference value :  1.33172e-06
 Reference value :  1.33527e-06
 Reference value :  1.33862e-06
 Reference value :  1.34202e-06
 Reference value :  1.34547e-06
 Reference value :  1.34892e-06
 Reference value :  1.35172e-06
 Reference value :  1.35472e-06
 Reference value :  1.35802e-06
 Reference value :  1.36137e-06
 Reference value :  1.36477e-06
 Reference value :  1.36812e-06
 Reference value :  1.37157e-06
 Reference value :  1.37497e-06
 Reference value :  1.37832e-06
 Reference value :  1.38172e-06
 Reference value :  1.38517e-06
 Reference value :  1.38867e-06
 Reference value :  1.39207e-06
 Reference value :  1.39547e-06
 Reference value :  1.39897e-06
 Reference value :  1.40162e-06
 Reference value :  1.40392e-06
 Reference value :  1.40732e-06
 Reference value :  1.41087e-06
 Reference value :  1.41447e-06
 Reference value :  1.41792e-06
 Reference value :  1.42132e-06
 Reference value :  1.42487e-06
 Reference value :  1.42817e-06
 Reference value :  1.43162e-06
 Reference value :  1.43507e-06
 Reference value :  1.43847e-06
 Reference value :  1.44187e-06
 Reference value :  1.44542e-06
 Reference value :  1.44882e-06
 Reference value :  1.45167e-06
 Reference value :  1.45482e-06
 Reference value :  1.45832e-06
 Reference value :  1.46182e-06
 Reference value :  1.46522e-06
 Reference value :  1.46862e-06
 Reference value :  1.47212e-06
 Reference value :  1.47552e-06
 Reference value :  1.47892e-06
 Reference value :  1.48237e-06
 Reference value :  1.48577e-06
 Reference value :  1.48917e-06
 Reference value :  1.49272e-06
 Reference value :  1.49627e-06
 Reference value :  1.49992e-06
 Reference value :  1.50237e-06
 Reference value :  1.50592e-06
 Reference value :  1.50952e-06
 Reference value :  1.51307e-06
 Reference value :  1.51662e-06
 Reference value :  1.52012e-06
 Reference value :  1.52377e-06
 Reference value :  1.52737e-06
 Reference value :  1.53077e-06
 Reference value :  1.53437e-06
 Reference value :  1.53777e-06
 Reference value :  1.54122e-06
 Reference value :  1.54457e-06
 Reference value :  1.54802e-06
 Reference value :  1.55117e-06
 Reference value :  1.55397e-06
 Reference value :  1.55747e-06
 Reference value :  1.56092e-06
 Reference value :  1.56437e-06
 Reference value :  1.56777e-06
 Reference value :  1.57117e-06
 Reference value :  1.57467e-06
 Reference value :  1.57807e-06
 Reference value :  1.58157e-06
 Reference value :  1.58507e-06
 Reference value :  1.58852e-06
 Reference value :  1.59197e-06
 Reference value :  1.59547e-06
 Reference value :  1.59917e-06
 Reference value :  1.60177e-06
 Reference value :  1.60367e-06
 Reference value :  1.60592e-06
 Reference value :  1.60952e-06
 Reference value :  1.61317e-06
 Reference value :  1.61662e-06
 Reference value :  1.62037e-06
 Reference value :  1.62387e-06
 Reference value :  1.62727e-06
 Reference value :  1.63072e-06
 Reference value :  1.63432e-06
 Reference value :  1.63777e-06
 Reference value :  1.64117e-06
 Reference value :  1.64462e-06
 Reference value :  1.64797e-06
 Reference value :  1.65112e-06
 Reference value :  1.65372e-06
 Reference value :  1.65712e-06
 Reference value :  1.66052e-06
 Reference value :  1.66392e-06
 Reference value :  1.66732e-06
 Reference value :  1.67077e-06
 Reference value :  1.67412e-06
 Reference value :  1.67752e-06
 Reference value :  1.68087e-06
 Reference value :  1.68417e-06
 Reference value :  1.68757e-06
 Reference value :  1.69122e-06
 Reference value :  1.69462e-06
 Reference value :  1.69802e-06
 Reference value :  1.70112e-06
 Reference value :  1.70337e-06
 Reference value :  1.70682e-06
 Reference value :  1.71032e-06
 Reference value :  1.71377e-06
 Reference value :  1.71712e-06
 Reference value :  1.72052e-06
 Reference value :  1.72387e-06
 Reference value :  1.72722e-06
 Reference value :  1.73067e-06
 Reference value :  1.73412e-06
 Reference value :  1.73767e-06
 Reference value :  1.74112e-06
 Reference value :  1.74462e-06
 Reference value :  1.74822e-06
 Reference value :  1.75137e-06
 Reference value :  1.75407e-06
 Reference value :  1.75757e-06
 Reference value :  1.76102e-06
 Reference value :  1.76442e-06
 Reference value :  1.76772e-06
 Reference value :  1.77117e-06
 Reference value :  1.77447e-06
 Reference value :  1.77782e-06
 Reference value :  1.78127e-06
 Reference value :  1.78477e-06
 Reference value :  1.78822e-06
 Reference value :  1.79162e-06
 Reference value :  1.79497e-06
 Reference value :  1.79837e-06
 Reference value :  1.80142e-06
 Reference value :  1.80352e-06
 Reference value :  1.80712e-06
 Reference value :  1.81062e-06
 Reference value :  1.81407e-06
 Reference value :  1.81757e-06
 Reference value :  1.82107e-06
 Reference value :  1.82457e-06
 Reference value :  1.82807e-06
 Reference value :  1.83152e-06
 Reference value :  1.83502e-06
 Reference value :  1.83847e-06
 Reference value :  1.84202e-06
 Reference value :  1.84547e-06
 Reference value :  1.84892e-06
 Reference value :  1.85177e-06
 Reference value :  1.85492e-06
 Reference value :  1.85832e-06
 Reference value :  1.86167e-06
 Reference value :  1.86507e-06
 Reference value :  1.86852e-06
 Reference value :  1.87212e-06
 Reference value :  1.87557e-06
 Reference value :  1.87897e-06
 Reference value :  1.88257e-06
 Reference value :  1.88602e-06
 Reference value :  1.88957e-06
 Reference value :  1.89302e-06
 Reference value :  1.89647e-06
 Reference value :  1.90000e-06
 Reference value :  1.90217e-06
 Reference value :  1.90562e-06
 Reference value :  1.90902e-06
 Reference value :  1.91253e-06
 Reference value :  1.91593e-06
 Reference value :  1.91938e-06
 Reference value :  1.92283e-06
 Reference value :  1.92628e-06
 Reference value :  1.92973e-06
 Reference value :  1.93323e-06
 Reference value :  1.93668e-06
 Reference value :  1.94013e-06
 Reference value :  1.94348e-06
 Reference value :  1.94683e-06
 Reference value :  1.95008e-06
 Reference value :  1.95263e-06
 Reference value :  1.95613e-06
 Reference value :  1.95953e-06
 Reference value :  1.96288e-06
 Reference value :  1.96638e-06
 Reference value :  1.96988e-06
 Reference value :  1.97333e-06
 Reference value :  1.97668e-06
 Reference value :  1.98008e-06
 Reference value :  1.98423e-06
 Reference value :  1.98933e-06
 Reference value :  1.99528e-06
 Reference value :  1.99883e-06
 Reference value :  2.00168e-06
 Reference value :  2.00358e-06
 Reference value :  2.00703e-06
 Reference value :  2.01048e-06
 Reference value :  2.01388e-06
 Reference value :  2.01738e-06
 Reference value :  2.02083e-06
 Reference value :  2.02418e-06
 Reference value :  2.02763e-06
 Reference value :  2.03118e-06
 Reference value :  2.03463e-06
 Reference value :  2.03803e-06
 Reference value :  2.04138e-06
 Reference value :  2.04478e-06
 Reference value :  2.04818e-06
 Reference value :  2.05128e-06
 Reference value :  2.05403e-06
 Reference value :  2.05758e-06
 Reference value :  2.06103e-06
 Reference value :  2.06453e-06
 Reference value :  2.06793e-06
 Reference value :  2.07128e-06
 Reference value :  2.07468e-06
 Reference value :  2.07813e-06
 Reference value :  2.08163e-06
 Reference value :  2.08513e-06
 Reference value :  2.08933e-06
 Reference value :  2.09348e-06
 Reference value :  2.09688e-06
 Reference value :  2.10013e-06
 Reference value :  2.10243e-06
 Reference value :  2.10583e-06
 Reference value :  2.10923e-06
 Reference value :  2.11258e-06
 Reference value :  2.11603e-06
 Reference value :  2.11938e-06
 Reference value :  2.12283e-06
 Reference value :  2.12613e-06
 Reference value :  2.12948e-06
 Reference value :  2.13298e-06
 Reference value :  2.13643e-06
 Reference value :  2.13973e-06
 Reference value :  2.14338e-06
 Reference value :  2.14683e-06
 Reference value :  2.15001e-06
 Reference value :  2.15233e-06
 Reference value :  2.15543e-06
 Reference value :  2.15833e-06
 Reference value :  2.16123e-06
 Reference value :  2.16413e-06
 Reference value :  2.16703e-06
 Reference value :  2.16998e-06
 Reference value :  2.17283e-06
 Reference value :  2.17563e-06
 Reference value :  2.17853e-06
 Reference value :  2.18148e-06
 Reference value :  2.18448e-06
 Reference value :  2.18733e-06
 Reference value :  2.19043e-06
 Reference value :  2.19343e-06
 Reference value :  2.19638e-06
 Reference value :  2.19933e-06
 Reference value :  2.20168e-06
 Reference value :  2.20358e-06
 Reference value :  2.20653e-06
 Reference value :  2.20943e-06
 Reference value :  2.21233e-06
 Reference value :  2.21523e-06
 Reference value :  2.21823e-06
 Reference value :  2.22118e-06
 Reference value :  2.22418e-06
 Reference value :  2.22703e-06
 Reference value :  2.22993e-06
 Reference value :  2.23293e-06
 Reference value :  2.23578e-06
 Reference value :  2.23858e-06
 Reference value :  2.24138e-06
 Reference value :  2.24438e-06
 Reference value :  2.24728e-06
 Reference value :  2.25001e-06
 Reference value :  2.25213e-06
 Reference value :  2.25488e-06
 Reference value :  2.25778e-06
 Reference value :  2.26068e-06
 Reference value :  2.26353e-06
 Reference value :  2.26643e-06
 Reference value :  2.26928e-06
 Reference value :  2.27218e-06
 Reference value :  2.27508e-06
 Reference value :  2.27798e-06
 Reference value :  2.28083e-06
 Reference value :  2.28363e-06
 Reference value :  2.28643e-06
 Reference value :  2.28933e-06
 Reference value :  2.29218e-06
 Reference value :  2.29508e-06
 Reference value :  2.29793e-06
 Reference value :  2.30073e-06
 Reference value :  2.30253e-06
 Reference value :  2.30538e-06
 Reference value :  2.30823e-06
 Reference value :  2.31143e-06
 Reference value :  2.31423e-06
 Reference value :  2.31718e-06
 Reference value :  2.32008e-06
 Reference value :  2.32298e-06
 Reference value :  2.32588e-06
 Reference value :  2.32873e-06
 Reference value :  2.33158e-06
 Reference value :  2.33438e-06
 Reference value :  2.33733e-06
 Reference value :  2.34013e-06
 Reference value :  2.34298e-06
 Reference value :  2.34583e-06
 Reference value :  2.34863e-06
 Reference value :  2.35123e-06
 Reference value :  2.35328e-06
 Reference value :  2.35613e-06
 Reference value :  2.35888e-06
 Reference value :  2.36178e-06
 Reference value :  2.36458e-06
 Reference value :  2.36753e-06
 Reference value :  2.37043e-06
 Reference value :  2.37338e-06
 Reference value :  2.37628e-06
 Reference value :  2.37908e-06
 Reference value :  2.38208e-06
 Reference value :  2.38508e-06
 Reference value :  2.38798e-06
 Reference value :  2.39093e-06
 Reference value :  2.39378e-06
 Reference value :  2.39668e-06
 Reference value :  2.39963e-06
 Reference value :  2.40173e-06
 Reference value :  2.40328e-06
 Reference value :  2.40553e-06
 Reference value :  2.40843e-06
 Reference value :  2.41138e-06
 Reference value :  2.41428e-06
 Reference value :  2.41723e-06
 Reference value :  2.42013e-06
 Reference value :  2.42313e-06
 Reference value :  2.42633e-06
 Reference value :  2.42963e-06
 Reference value :  2.43303e-06
 Reference value :  2.43618e-06
 Reference value :  2.43923e-06
 Reference value :  2.44218e-06
 Reference value :  2.44508e-06
 Reference value :  2.44798e-06
 Reference value :  2.45083e-06
 Reference value :  2.45293e-06
 Reference value :  2.45593e-06
 Reference value :  2.45903e-06
 Reference value :  2.46198e-06
 Reference value :  2.46493e-06
 Reference value :  2.46783e-06
 Reference value :  2.47083e-06
 Reference value :  2.47378e-06
 Reference value :  2.47668e-06
 Reference value :  2.47963e-06
 Reference value :  2.48258e-06
 Reference value :  2.48553e-06
 Reference value :  2.48853e-06
 Reference value :  2.49148e-06
 Reference value :  2.49438e-06
 Reference value :  2.49723e-06
 Reference value :  2.50000e-06
 Reference value :  2.50200e-06
 Reference value :  2.50468e-06
 Reference value :  2.50753e-06
 Reference value :  2.51048e-06
 Reference value :  2.51333e-06
 Reference value :  2.51623e-06
 Reference value :  2.51913e-06
 Reference value :  2.52203e-06
 Reference value :  2.52488e-06
 Reference value :  2.52773e-06
 Reference value :  2.53063e-06
 Reference value :  2.53348e-06
 Reference value :  2.53633e-06
 Reference value :  2.53923e-06
 Reference value :  2.54213e-06
 Reference value :  2.54498e-06
 Reference value :  2.54788e-06
 Reference value :  2.55053e-06
 Reference value :  2.55253e-06
 Reference value :  2.55538e-06
 Reference value :  2.55833e-06
 Reference value :  2.56123e-06
 Reference value :  2.56408e-06
 Reference value :  2.56698e-06
 Reference value :  2.56988e-06
 Reference value :  2.57273e-06
 Reference value :  2.57563e-06
 Reference value :  2.57863e-06
 Reference value :  2.58148e-06
 Reference value :  2.58438e-06
 Reference value :  2.58738e-06
 Reference value :  2.59028e-06
 Reference value :  2.59313e-06
 Reference value :  2.59603e-06
 Reference value :  2.59888e-06
 Reference value :  2.60133e-06
 Reference value :  2.60293e-06
 Reference value :  2.60578e-06
 Reference value :  2.60858e-06
 Reference value :  2.61143e-06
 Reference value :  2.61433e-06
 Reference value :  2.61728e-06
 Reference value :  2.62013e-06
 Reference value :  2.62298e-06
 Reference value :  2.62598e-06
 Reference value :  2.62883e-06
 Reference value :  2.63168e-06
 Reference value :  2.63463e-06
 Reference value :  2.63758e-06
 Reference value :  2.64048e-06
 Reference value :  2.64333e-06
 Reference value :  2.64623e-06
 Reference value :  2.64908e-06
 Reference value :  2.65158e-06
 Reference value :  2.65393e-06
 Reference value :  2.65673e-06
 Reference value :  2.65968e-06
 Reference value :  2.66248e-06
 Reference value :  2.66543e-06
 Reference value :  2.66828e-06
 Reference value :  2.67118e-06
 Reference value :  2.67418e-06
 Reference value :  2.67718e-06
 Reference value :  2.68003e-06
 Reference value :  2.68308e-06
 Reference value :  2.68598e-06
 Reference value :  2.68893e-06
 Reference value :  2.69183e-06
 Reference value :  2.69478e-06
 Reference value :  2.69763e-06
 Reference value :  2.70033e-06
 Reference value :  2.70223e-06
 Reference value :  2.70513e-06
 Reference value :  2.70798e-06
 Reference value :  2.71083e-06
 Reference value :  2.71363e-06
 Reference value :  2.71658e-06
 Reference value :  2.71938e-06
 Reference value :  2.72228e-06
 Reference value :  2.72513e-06
 Reference value :  2.72798e-06
 Reference value :  2.73093e-06
 Reference value :  2.73378e-06
 Reference value :  2.73668e-06
 Reference value :  2.73953e-06
 Reference value :  2.74248e-06
 Reference value :  2.74538e-06
 Reference value :  2.74828e-06
 Reference value :  2.75088e-06
 Reference value :  2.75293e-06
 Reference value :  2.75568e-06
 Reference value :  2.75848e-06
 Reference value :  2.76133e-06
 Reference value :  2.76418e-06
 Reference value :  2.76743e-06
 Reference value :  2.77033e-06
 Reference value :  2.77328e-06
 Reference value :  2.77613e-06
 Reference value :  2.77908e-06
 Reference value :  2.78203e-06
 Reference value :  2.78483e-06
 Reference value :  2.78763e-06
 Reference value :  2.79043e-06
 Reference value :  2.79323e-06
 Reference value :  2.79603e-06
 Reference value :  2.79888e-06
 Reference value :  2.80133e-06
 Reference value :  2.80283e-06
 Reference value :  2.80518e-06
 Reference value :  2.80803e-06
 Reference value :  2.81088e-06
 Reference value :  2.81378e-06
 Reference value :  2.81668e-06
 Reference value :  2.81958e-06
 Reference value :  2.82263e-06
 Reference value :  2.82573e-06
 Reference value :  2.82878e-06
 Reference value :  2.83178e-06
 Reference value :  2.83488e-06
 Reference value :  2.83793e-06
 Reference value :  2.84093e-06
 Reference value :  2.84398e-06
 Reference value :  2.84703e-06
 Reference value :  2.85002e-06
 Reference value :  2.85223e-06
 Reference value :  2.85518e-06
 Reference value :  2.85843e-06
 Reference value :  2.86153e-06
 Reference value :  2.86463e-06
 Reference value :  2.86773e-06
 Reference value :  2.87123e-06
 Reference value :  2.87438e-06
 Reference value :  2.87748e-06
 Reference value :  2.88063e-06
 Reference value :  2.88373e-06
 Reference value :  2.88678e-06
 Reference value :  2.88983e-06
 Reference value :  2.89298e-06
 Reference value :  2.89608e-06
 Reference value :  2.89913e-06
 Reference value :  2.90168e-06
 Reference value :  2.90413e-06
 Reference value :  2.90738e-06
 Reference value :  2.91053e-06
 Reference value :  2.91363e-06
 Reference value :  2.91683e-06
 Reference value :  2.91988e-06
 Reference value :  2.92298e-06
 Reference value :  2.92613e-06
 Reference value :  2.92933e-06
 Reference value :  2.93243e-06
 Reference value :  2.93548e-06
 Reference value :  2.93843e-06
 Reference value :  2.94148e-06
 Reference value :  2.94453e-06
 Reference value :  2.94788e-06
 Reference value :  2.95098e-06
 Reference value :  2.95323e-06
 Reference value :  2.95623e-06
 Reference value :  2.95928e-06
 Reference value :  2.96228e-06
 Reference value :  2.96543e-06
 Reference value :  2.96868e-06
 Reference value :  2.97188e-06
 Reference value :  2.97503e-06
 Reference value :  2.97818e-06
 Reference value :  2.98138e-06
 Reference value :  2.98473e-06
 Reference value :  2.98778e-06
 Reference value :  2.99093e-06
 Reference value :  2.99398e-06
 Reference value :  2.99728e-06
 Reference value :  3.00028e-06
 Reference value :  3.00218e-06
 Reference value :  3.00488e-06
 Reference value :  3.00798e-06
 Reference value :  3.01108e-06
 Reference value :  3.01423e-06
 Reference value :  3.01743e-06
 Reference value :  3.02073e-06
 Reference value :  3.02393e-06
 Reference value :  3.02708e-06
 Reference value :  3.03023e-06
 Reference value :  3.03348e-06
 Reference value :  3.03678e-06
 Reference value :  3.03993e-06
 Reference value :  3.04323e-06
 Reference value :  3.04628e-06
 Reference value :  3.04943e-06
 Reference value :  3.05188e-06
 Reference value :  3.05468e-06
 Reference value :  3.05773e-06
 Reference value :  3.06083e-06
 Reference value :  3.06383e-06
 Reference value :  3.06693e-06
 Reference value :  3.06998e-06
 Reference value :  3.07308e-06
 Reference value :  3.07628e-06
 Reference value :  3.07953e-06
 Reference value :  3.08273e-06
 Reference value :  3.08598e-06
 Reference value :  3.08923e-06
 Reference value :  3.09238e-06
 Reference value :  3.09558e-06
 Reference value :  3.09878e-06
 Reference value :  3.10143e-06
 Reference value :  3.10373e-06
 Reference value :  3.10698e-06
 Reference value :  3.11008e-06
 Reference value :  3.11338e-06
 Reference value :  3.11663e-06
 Reference value :  3.11988e-06
 Reference value :  3.12293e-06
 Reference value :  3.12603e-06
 Reference value :  3.12908e-06
 Reference value :  3.13228e-06
 Reference value :  3.13538e-06
 Reference value :  3.13853e-06
 Reference value :  3.14163e-06
 Reference value :  3.14488e-06
 Reference value :  3.14808e-06
 Reference value :  3.15103e-06
 Reference value :  3.15328e-06
 Reference value :  3.15658e-06
 Reference value :  3.15968e-06
 Reference value :  3.16278e-06
 Reference value :  3.16603e-06
 Reference value :  3.16933e-06
 Reference value :  3.17233e-06
 Reference value :  3.17543e-06
 Reference value :  3.17843e-06
 Reference value :  3.18148e-06
 Reference value :  3.18448e-06
 Reference value :  3.18743e-06
 Reference value :  3.19058e-06
 Reference value :  3.19373e-06
 Reference value :  3.19678e-06
 Reference value :  3.19993e-06
 Reference value :  3.20204e-06
 Reference value :  3.20368e-06
 Reference value :  3.20598e-06
 Reference value :  3.20898e-06
 Reference value :  3.21198e-06
 Reference value :  3.21503e-06
 Reference value :  3.21808e-06
 Reference value :  3.22108e-06
 Reference value :  3.22428e-06
 Reference value :  3.22733e-06
 Reference value :  3.23048e-06
 Reference value :  3.23353e-06
 Reference value :  3.23603e-06
 Reference value :  3.23858e-06
 Reference value :  3.24168e-06
 Reference value :  3.24478e-06
 Reference value :  3.24778e-06
 Reference value :  3.25083e-06
 Reference value :  3.25313e-06
 Reference value :  3.25618e-06
 Reference value :  3.25923e-06
 Reference value :  3.26233e-06
 Reference value :  3.26543e-06
 Reference value :  3.26863e-06
 Reference value :  3.27178e-06
 Reference value :  3.27488e-06
 Reference value :  3.27798e-06
 Reference value :  3.28093e-06
 Reference value :  3.28393e-06
 Reference value :  3.28703e-06
 Reference value :  3.29013e-06
 Reference value :  3.29313e-06
 Reference value :  3.29628e-06
 Reference value :  3.29938e-06
 Reference value :  3.30173e-06
 Reference value :  3.30423e-06
 Reference value :  3.30728e-06
 Reference value :  3.31043e-06
 Reference value :  3.31343e-06
 Reference value :  3.31638e-06
 Reference value :  3.31948e-06
 Reference value :  3.32248e-06
 Reference value :  3.32543e-06
 Reference value :  3.32848e-06
 Reference value :  3.33158e-06
 Reference value :  3.33468e-06
 Reference value :  3.33773e-06
 Reference value :  3.34088e-06
 Reference value :  3.34393e-06
 Reference value :  3.34698e-06
 Reference value :  3.35000e-06
 Reference value :  3.35218e-06
 Reference value :  3.35533e-06
 Reference value :  3.35843e-06
 Reference value :  3.36153e-06
 Reference value :  3.36463e-06
 Reference value :  3.36768e-06
 Reference value :  3.37073e-06
 Reference value :  3.37378e-06
 Reference value :  3.37668e-06
 Reference value :  3.37968e-06
 Reference value :  3.38263e-06
 Reference value :  3.38568e-06
 Reference value :  3.38873e-06
 Reference value :  3.39168e-06
 Reference value :  3.39478e-06
 Reference value :  3.39778e-06
 Reference value :  3.40058e-06
 Reference value :  3.40233e-06
 Reference value :  3.40498e-06
 Reference value :  3.40818e-06
 Reference value :  3.41118e-06
 Reference value :  3.41428e-06
 Reference value :  3.41723e-06
 Reference value :  3.42028e-06
 Reference value :  3.42333e-06
 Reference value :  3.42643e-06
 Reference value :  3.42938e-06
 Reference value :  3.43233e-06
 Reference value :  3.43543e-06
 Reference value :  3.43838e-06
 Reference value :  3.44143e-06
 Reference value :  3.44453e-06
 Reference value :  3.44768e-06
 Reference value :  3.45083e-06
 Reference value :  3.45318e-06
 Reference value :  3.45623e-06
 Reference value :  3.45928e-06
 Reference value :  3.46233e-06
 Reference value :  3.46543e-06
 Reference value :  3.46853e-06
 Reference value :  3.47168e-06
 Reference value :  3.47473e-06
 Reference value :  3.47773e-06
 Reference value :  3.48068e-06
 Reference value :  3.48363e-06
 Reference value :  3.48663e-06
 Reference value :  3.48958e-06
 Reference value :  3.49278e-06
 Reference value :  3.49593e-06
 Reference value :  3.49903e-06
 Reference value :  3.50148e-06
 Reference value :  3.50378e-06
 Reference value :  3.50683e-06
 Reference value :  3.50988e-06
 Reference value :  3.51288e-06
 Reference value :  3.51588e-06
 Reference value :  3.51898e-06
 Reference value :  3.52203e-06
 Reference value :  3.52498e-06
 Reference value :  3.52793e-06
 Reference value :  3.53098e-06
 Reference value :  3.53403e-06
 Reference value :  3.53708e-06
 Reference value :  3.54008e-06
 Reference value :  3.54303e-06
 Reference value :  3.54603e-06
 Reference value :  3.54908e-06
 Reference value :  3.55168e-06
 Reference value :  3.55423e-06
 Reference value :  3.55733e-06
 Reference value :  3.56038e-06
 Reference value :  3.56348e-06
 Reference value :  3.56648e-06
 Reference value :  3.56953e-06
 Reference value :  3.57253e-06
 Reference value :  3.57553e-06
 Reference value :  3.57868e-06
 Reference value :  3.58168e-06
 Reference value :  3.58468e-06
 Reference value :  3.58778e-06
 Reference value :  3.59078e-06
 Reference value :  3.59383e-06
 Reference value :  3.59693e-06
 Reference value :  3.59996e-06
 Reference value :  3.60201e-06
 Reference value :  3.60378e-06
 Reference value :  3.60678e-06
 Reference value :  3.60978e-06
 Reference value :  3.61283e-06
 Reference value :  3.61593e-06
 Reference value :  3.61903e-06
 Reference value :  3.62213e-06
 Reference value :  3.62528e-06
 Reference value :  3.62823e-06
 Reference value :  3.63143e-06
 Reference value :  3.63453e-06
 Reference value :  3.63758e-06
 Reference value :  3.64078e-06
 Reference value :  3.64393e-06
 Reference value :  3.64713e-06
 Reference value :  3.65007e-06
 Reference value :  3.65243e-06
 Reference value :  3.65548e-06
 Reference value :  3.65853e-06
 Reference value :  3.66158e-06
 Reference value :  3.66468e-06
 Reference value :  3.66778e-06
 Reference value :  3.67078e-06
 Reference value :  3.67403e-06
 Reference value :  3.67718e-06
 Reference value :  3.68033e-06
 Reference value :  3.68338e-06
 Reference value :  3.68648e-06
 Reference value :  3.68953e-06
 Reference value :  3.69273e-06
 Reference value :  3.69588e-06
 Reference value :  3.69903e-06
 Reference value :  3.70168e-06
 Reference value :  3.70433e-06
 Reference value :  3.70748e-06
 Reference value :  3.71063e-06
 Reference value :  3.71368e-06
 Reference value :  3.71683e-06
 Reference value :  3.72003e-06
 Reference value :  3.72313e-06
 Reference value :  3.72623e-06
 Reference value :  3.72933e-06
 Reference value :  3.73243e-06
 Reference value :  3.73553e-06
 Reference value :  3.73868e-06
 Reference value :  3.74183e-06
 Reference value :  3.74493e-06
 Reference value :  3.74813e-06
 Reference value :  3.75103e-06
 Reference value :  3.75338e-06
 Reference value :  3.75653e-06
 Reference value :  3.75968e-06
 Reference value :  3.76293e-06
 Reference value :  3.76628e-06
 Reference value :  3.76943e-06
 Reference value :  3.77278e-06
 Reference value :  3.77593e-06
 Reference value :  3.77913e-06
 Reference value :  3.78233e-06
 Reference value :  3.78553e-06
 Reference value :  3.78858e-06
 Reference value :  3.79178e-06
 Reference value :  3.79488e-06
 Reference value :  3.79803e-06
 Reference value :  3.80083e-06
 Reference value :  3.80253e-06
 Reference value :  3.80548e-06
 Reference value :  3.80858e-06
 Reference value :  3.81173e-06
 Reference value :  3.81488e-06
 Reference value :  3.81808e-06
 Reference value :  3.82118e-06
 Reference value :  3.82428e-06
 Reference value :  3.82738e-06
 Reference value :  3.83058e-06
 Reference value :  3.83368e-06
 Reference value :  3.83683e-06
 Reference value :  3.84018e-06
 Reference value :  3.84343e-06
 Reference value :  3.84653e-06
 Reference value :  3.84958e-06
 Reference value :  3.85201e-06
 Reference value :  3.85498e-06
 Reference value :  3.85818e-06
 Reference value :  3.86128e-06
 Reference value :  3.86433e-06
 Reference value :  3.86763e-06
 Reference value :  3.87068e-06
 Reference value :  3.87368e-06
 Reference value :  3.87663e-06
 Reference value :  3.87968e-06
 Reference value :  3.88273e-06
 Reference value :  3.88568e-06
 Reference value :  3.88878e-06
 Reference value :  3.89183e-06
 Reference value :  3.89488e-06
 Reference value :  3.89788e-06
 Reference value :  3.90078e-06
 Reference value :  3.90283e-06
 Reference value :  3.90588e-06
 Reference value :  3.90898e-06
 Reference value :  3.91198e-06
 Reference value :  3.91498e-06
 Reference value :  3.91793e-06
 Reference value :  3.92098e-06
 Reference value :  3.92393e-06
 Reference value :  3.92708e-06
 Reference value :  3.93008e-06
 Reference value :  3.93313e-06
 Reference value :  3.93608e-06
 Reference value :  3.93908e-06
 Reference value :  3.94208e-06
 Reference value :  3.94513e-06
 Reference value :  3.94808e-06
 Reference value :  3.95093e-06
 Reference value :  3.95318e-06
 Reference value :  3.95628e-06
 Reference value :  3.95933e-06
 Reference value :  3.96238e-06
 Reference value :  3.96543e-06
 Reference value :  3.96843e-06
 Reference value :  3.97158e-06
 Reference value :  3.97453e-06
 Reference value :  3.97753e-06
 Reference value :  3.98053e-06
 Reference value :  3.98358e-06
 Reference value :  3.98653e-06
 Reference value :  3.98963e-06
 Reference value :  3.99263e-06
 Reference value :  3.99568e-06
 Reference value :  3.99878e-06
 Reference value :  4.00138e-06
 Reference value :  4.00303e-06
 Reference value :  4.00513e-06
 Reference value :  4.00818e-06
 Reference value :  4.01123e-06
 Reference value :  4.01433e-06
 Reference value :  4.01738e-06
 Reference value :  4.02038e-06
 Reference value :  4.02343e-06
 Reference value :  4.02643e-06
 Reference value :  4.02948e-06
 Reference value :  4.03263e-06
 Reference value :  4.03568e-06
 Reference value :  4.03888e-06
 Reference value :  4.04203e-06
 Reference value :  4.04508e-06
 Reference value :  4.04813e-06
 Reference value :  4.05098e-06
 Reference value :  4.05323e-06
 Reference value :  4.05628e-06
 Reference value :  4.05938e-06
 Reference value :  4.06253e-06
 Reference value :  4.06558e-06
 Reference value :  4.06863e-06
 Reference value :  4.07173e-06
 Reference value :  4.07473e-06
 Reference value :  4.07773e-06
 Reference value :  4.08078e-06
 Reference value :  4.08383e-06
 Reference value :  4.08683e-06
 Reference value :  4.08993e-06
 Reference value :  4.09293e-06
 Reference value :  4.09598e-06
 Reference value :  4.09903e-06
 Reference value :  4.10153e-06
 Reference value :  4.10388e-06
 Reference value :  4.10698e-06
 Reference value :  4.11013e-06
 Reference value :  4.11318e-06
 Reference value :  4.11613e-06
 Reference value :  4.11938e-06
 Reference value :  4.12233e-06
 Reference value :  4.12533e-06
 Reference value :  4.12833e-06
 Reference value :  4.13133e-06
 Reference value :  4.13433e-06
 Reference value :  4.13733e-06
 Reference value :  4.14043e-06
 Reference value :  4.14348e-06
 Reference value :  4.14648e-06
 Reference value :  4.14948e-06
 Reference value :  4.15188e-06
 Reference value :  4.15463e-06
 Reference value :  4.15773e-06
 Reference value :  4.16063e-06
 Reference value :  4.16363e-06
 Reference value :  4.16668e-06
 Reference value :  4.16968e-06
 Reference value :  4.17273e-06
 Reference value :  4.17583e-06
 Reference value :  4.17893e-06
 Reference value :  4.18188e-06
 Reference value :  4.18503e-06
 Reference value :  4.18803e-06
 Reference value :  4.19108e-06
 Reference value :  4.19418e-06
 Reference value :  4.19723e-06
 Reference value :  4.20002e-06
 Reference value :  4.20202e-06
 Reference value :  4.20448e-06
 Reference value :  4.20753e-06
 Reference value :  4.21053e-06
 Reference value :  4.21338e-06
 Reference value :  4.21633e-06
 Reference value :  4.21928e-06
 Reference value :  4.22223e-06
 Reference value :  4.22518e-06
 Reference value :  4.22808e-06
 Reference value :  4.23098e-06
 Reference value :  4.23383e-06
 Reference value :  4.23678e-06
 Reference value :  4.23983e-06
 Reference value :  4.24288e-06
 Reference value :  4.24583e-06
 Reference value :  4.24893e-06
 Reference value :  4.25148e-06
 Reference value :  4.25378e-06
 Reference value :  4.25668e-06
 Reference value :  4.25968e-06
 Reference value :  4.26273e-06
 Reference value :  4.26568e-06
 Reference value :  4.26863e-06
 Reference value :  4.27153e-06
 Reference value :  4.27453e-06
 Reference value :  4.27733e-06
 Reference value :  4.28023e-06
 Reference value :  4.28328e-06
 Reference value :  4.28638e-06
 Reference value :  4.28933e-06
 Reference value :  4.29233e-06
 Reference value :  4.29518e-06
 Reference value :  4.29813e-06
 Reference value :  4.30088e-06
 Reference value :  4.30273e-06
 Reference value :  4.30563e-06
 Reference value :  4.30873e-06
 Reference value :  4.31163e-06
 Reference value :  4.31463e-06
 Reference value :  4.31743e-06
 Reference value :  4.32028e-06
 Reference value :  4.32318e-06
 Reference value :  4.32623e-06
 Reference value :  4.32923e-06
 Reference value :  4.33213e-06
 Reference value :  4.33508e-06
 Reference value :  4.33793e-06
 Reference value :  4.34073e-06
 Reference value :  4.34378e-06
 Reference value :  4.34673e-06
 Reference value :  4.34973e-06
 Reference value :  4.35196e-06
 Reference value :  4.35458e-06
 Reference value :  4.35758e-06
 Reference value :  4.36063e-06
 Reference value :  4.36373e-06
 Reference value :  4.36683e-06
 Reference value :  4.36998e-06
 Reference value :  4.37323e-06
 Reference value :  4.37628e-06
 Reference value :  4.37948e-06
 Reference value :  4.38268e-06
 Reference value :  4.38583e-06
 Reference value :  4.38903e-06
 Reference value :  4.39218e-06
 Reference value :  4.39523e-06
 Reference value :  4.39833e-06
 Reference value :  4.40113e-06
 Reference value :  4.40273e-06
 Reference value :  4.40503e-06
 Reference value :  4.40823e-06
 Reference value :  4.41138e-06
 Reference value :  4.41448e-06
 Reference value :  4.41768e-06
 Reference value :  4.42073e-06
 Reference value :  4.42383e-06
 Reference value :  4.42693e-06
 Reference value :  4.43003e-06
 Reference value :  4.43318e-06
 Reference value :  4.43628e-06
 Reference value :  4.43943e-06
 Reference value :  4.44258e-06
 Reference value :  4.44573e-06
 Reference value :  4.44888e-06
 Reference value :  4.45153e-06
 Reference value :  4.45423e-06
 Reference value :  4.45733e-06
 Reference value :  4.46048e-06
 Reference value :  4.46358e-06
 Reference value :  4.46673e-06
 Reference value :  4.46983e-06
 Reference value :  4.47293e-06
 Reference value :  4.47603e-06
 Reference value :  4.47923e-06
 Reference value :  4.48228e-06
 Reference value :  4.48538e-06
 Reference value :  4.48853e-06
 Reference value :  4.49168e-06
 Reference value :  4.49483e-06
 Reference value :  4.49808e-06
 Reference value :  4.50098e-06
 Reference value :  4.50313e-06
 Reference value :  4.50633e-06
 Reference value :  4.50953e-06
 Reference value :  4.51263e-06
 Reference value :  4.51578e-06
 Reference value :  4.51893e-06
 Reference value :  4.52223e-06
 Reference value :  4.52533e-06
 Reference value :  4.52848e-06
 Reference value :  4.53163e-06
 Reference value :  4.53493e-06
 Reference value :  4.53808e-06
 Reference value :  4.54108e-06
 Reference value :  4.54418e-06
 Reference value :  4.54723e-06
 Reference value :  4.55018e-06
 Reference value :  4.55248e-06
 Reference value :  4.55558e-06
 Reference value :  4.55873e-06
 Reference value :  4.56193e-06
 Reference value :  4.56508e-06
 Reference value :  4.56818e-06
 Reference value :  4.57133e-06
 Reference value :  4.57438e-06
 Reference value :  4.57743e-06
 Reference value :  4.58043e-06
 Reference value :  4.58363e-06
 Reference value :  4.58678e-06
 Reference value :  4.58993e-06
 Reference value :  4.59303e-06
 Reference value :  4.59623e-06
 Reference value :  4.59943e-06
 Reference value :  4.60173e-06
 Reference value :  4.60368e-06
 Reference value :  4.60678e-06
 Reference value :  4.60998e-06
 Reference value :  4.61303e-06
 Reference value :  4.61618e-06
 Reference value :  4.61923e-06
 Reference value :  4.62253e-06
 Reference value :  4.62558e-06
 Reference value :  4.62873e-06
 Reference value :  4.63188e-06
 Reference value :  4.63503e-06
 Reference value :  4.63823e-06
 Reference value :  4.64148e-06
 Reference value :  4.64468e-06
 Reference value :  4.64793e-06
 Reference value :  4.65113e-06
 Reference value :  4.65338e-06
 Reference value :  4.65648e-06
 Reference value :  4.65958e-06
 Reference value :  4.66273e-06
 Reference value :  4.66583e-06
 Reference value :  4.66908e-06
 Reference value :  4.67218e-06
 Reference value :  4.67543e-06
 Reference value :  4.67858e-06
 Reference value :  4.68183e-06
 Reference value :  4.68488e-06
 Reference value :  4.68798e-06
 Reference value :  4.69098e-06
 Reference value :  4.69403e-06
 Reference value :  4.69723e-06
 Reference value :  4.70018e-06
 Reference value :  4.70223e-06
 Reference value :  4.70528e-06
 Reference value :  4.70833e-06
 Reference value :  4.71138e-06
 Reference value :  4.71458e-06
 Reference value :  4.71768e-06
 Reference value :  4.72073e-06
 Reference value :  4.72398e-06
 Reference value :  4.72718e-06
 Reference value :  4.73048e-06
 Reference value :  4.73363e-06
 Reference value :  4.73673e-06
 Reference value :  4.73978e-06
 Reference value :  4.74303e-06
 Reference value :  4.74618e-06
 Reference value :  4.74943e-06
 Reference value :  4.75183e-06
 Reference value :  4.75463e-06
 Reference value :  4.75778e-06
 Reference value :  4.76088e-06
 Reference value :  4.76398e-06
 Reference value :  4.76723e-06
 Reference value :  4.77038e-06
 Reference value :  4.77353e-06
 Reference value :  4.77658e-06
 Reference value :  4.77963e-06
 Reference value :  4.78268e-06
 Reference value :  4.78583e-06
 Reference value :  4.78888e-06
 Reference value :  4.79193e-06
 Reference value :  4.79493e-06
 Reference value :  4.79803e-06
 Reference value :  4.80083e-06
 Reference value :  4.80243e-06
 Reference value :  4.80398e-06
 Reference value :  4.80603e-06
 Reference value :  4.80913e-06
 Reference value :  4.81213e-06
 Reference value :  4.81523e-06
 Reference value :  4.81828e-06
 Reference value :  4.82138e-06
 Reference value :  4.82453e-06
 Reference value :  4.82763e-06
 Reference value :  4.83073e-06
 Reference value :  4.83373e-06
 Reference value :  4.83698e-06
 Reference value :  4.84008e-06
 Reference value :  4.84318e-06
 Reference value :  4.84623e-06
 Reference value :  4.84928e-06
 Reference value :  4.85183e-06
 Reference value :  4.85448e-06
 Reference value :  4.85758e-06
 Reference value :  4.86058e-06
 Reference value :  4.86368e-06
 Reference value :  4.86673e-06
 Reference value :  4.86983e-06
 Reference value :  4.87288e-06
 Reference value :  4.87598e-06
 Reference value :  4.87903e-06
 Reference value :  4.88208e-06
 Reference value :  4.88528e-06
 Reference value :  4.88833e-06
 Reference value :  4.89133e-06
 Reference value :  4.89438e-06
 Reference value :  4.89743e-06
 Reference value :  4.90048e-06
 Reference value :  4.90238e-06
 Reference value :  4.90543e-06
 Reference value :  4.90853e-06
 Reference value :  4.91148e-06
 Reference value :  4.91458e-06
 Reference value :  4.91758e-06
 Reference value :  4.92068e-06
 Reference value :  4.92373e-06
 Reference value :  4.92673e-06
 Reference value :  4.92983e-06
 Reference value :  4.93288e-06
 Reference value :  4.93588e-06
 Reference value :  4.93878e-06
 Reference value :  4.94178e-06
 Reference value :  4.94478e-06
 Reference value :  4.94793e-06
 Reference value :  4.95083e-06
 Reference value :  4.95293e-06
 Reference value :  4.95583e-06
 Reference value :  4.95873e-06
 Reference value :  4.96163e-06
 Reference value :  4.96453e-06
 Reference value :  4.96733e-06
 Reference value :  4.97023e-06
 Reference value :  4.97308e-06
 Reference value :  4.97588e-06
 Reference value :  4.97908e-06
 Reference value :  4.98243e-06
 Reference value :  4.98578e-06
 Reference value :  4.98918e-06
 Reference value :  4.99258e-06
 Reference value :  4.99593e-06
 Reference value :  4.99923e-06
 Reference value :  5.00178e-06
 Reference value :  5.00413e-06
 Reference value :  5.00753e-06
 Reference value :  5.01093e-06
 Reference value :  5.01438e-06
 Reference value :  5.01778e-06
 Reference value :  5.02118e-06
 Reference value :  5.02453e-06
 Reference value :  5.02798e-06
 Reference value :  5.03138e-06
 Reference value :  5.03478e-06
 Reference value :  5.03823e-06
 Reference value :  5.04158e-06
 Reference value :  5.04498e-06
 Reference value :  5.04838e-06
 Reference value :  5.05138e-06
 Reference value :  5.05408e-06
 Reference value :  5.05743e-06
 Reference value :  5.06078e-06
 Reference value :  5.06418e-06
 Reference value :  5.06758e-06
 Reference value :  5.07093e-06
 Reference value :  5.07428e-06
 Reference value :  5.07773e-06
 Reference value :  5.08113e-06
 Reference value :  5.08453e-06
 Reference value :  5.08788e-06
 Reference value :  5.09123e-06
 Reference value :  5.09463e-06
 Reference value :  5.09808e-06
 Reference value :  5.10123e-06
 Reference value :  5.10373e-06
 Reference value :  5.10718e-06
 Reference value :  5.11063e-06
 Reference value :  5.11403e-06
 Reference value :  5.11738e-06
 Reference value :  5.12078e-06
 Reference value :  5.12423e-06
 Reference value :  5.12778e-06
 Reference value :  5.13123e-06
 Reference value :  5.13458e-06
 Reference value :  5.13798e-06
 Reference value :  5.14133e-06
 Reference value :  5.14473e-06
 Reference value :  5.14818e-06
 Reference value :  5.15128e-06
 Reference value :  5.15398e-06
 Reference value :  5.15743e-06
 Reference value :  5.16083e-06
 Reference value :  5.16438e-06
 Reference value :  5.16803e-06
 Reference value :  5.17148e-06
 Reference value :  5.17488e-06
 Reference value :  5.17838e-06
 Reference value :  5.18173e-06
 Reference value :  5.18528e-06
 Reference value :  5.18873e-06
 Reference value :  5.19218e-06
 Reference value :  5.19563e-06
 Reference value :  5.19913e-06
 Reference value :  5.20173e-06
 Reference value :  5.20353e-06
 Reference value :  5.20698e-06
 Reference value :  5.21048e-06
 Reference value :  5.21403e-06
 Reference value :  5.21758e-06
 Reference value :  5.22098e-06
 Reference value :  5.22448e-06
 Reference value :  5.22798e-06
 Reference value :  5.23148e-06
 Reference value :  5.23483e-06
 Reference value :  5.23828e-06
 Reference value :  5.24168e-06
 Reference value :  5.24513e-06
 Reference value :  5.24858e-06
 Reference value :  5.25158e-06
 Reference value :  5.25448e-06
 Reference value :  5.25798e-06
 Reference value :  5.26153e-06
 Reference value :  5.26488e-06
 Reference value :  5.26828e-06
 Reference value :  5.27193e-06
 Reference value :  5.27543e-06
 Reference value :  5.27888e-06
 Reference value :  5.28233e-06
 Reference value :  5.28578e-06
 Reference value :  5.28928e-06
 Reference value :  5.29273e-06
 Reference value :  5.29618e-06
 Reference value :  5.29963e-06
 Reference value :  5.30202e-06
 Reference value :  5.30533e-06
 Reference value :  5.30883e-06
 Reference value :  5.31233e-06
 Reference value :  5.31578e-06
 Reference value :  5.31913e-06
 Reference value :  5.32268e-06
 Reference value :  5.32613e-06
 Reference value :  5.32958e-06
 Reference value :  5.33298e-06
 Reference value :  5.33643e-06
 Reference value :  5.33988e-06
 Reference value :  5.34328e-06
 Reference value :  5.34663e-06
 Reference value :  5.35001e-06
 Reference value :  5.35248e-06
 Reference value :  5.35603e-06
 Reference value :  5.35958e-06
 Reference value :  5.36308e-06
 Reference value :  5.36663e-06
 Reference value :  5.37008e-06
 Reference value :  5.37368e-06
 Reference value :  5.37718e-06
 Reference value :  5.38073e-06
 Reference value :  5.38418e-06
 Reference value :  5.38758e-06
 Reference value :  5.39108e-06
 Reference value :  5.39448e-06
 Reference value :  5.39803e-06
 Reference value :  5.40123e-06
 Reference value :  5.40328e-06
 Reference value :  5.40673e-06
 Reference value :  5.41018e-06
 Reference value :  5.41368e-06
 Reference value :  5.41718e-06
 Reference value :  5.42068e-06
 Reference value :  5.42433e-06
 Reference value :  5.42793e-06
 Reference value :  5.43143e-06
 Reference value :  5.43498e-06
 Reference value :  5.43848e-06
 Reference value :  5.44193e-06
 Reference value :  5.44533e-06
 Reference value :  5.44878e-06
 Reference value :  5.45173e-06
 Reference value :  5.45483e-06
 Reference value :  5.45838e-06
 Reference value :  5.46188e-06
 Reference value :  5.46548e-06
 Reference value :  5.46898e-06
 Reference value :  5.47248e-06
 Reference value :  5.47598e-06
 Reference value :  5.47943e-06
 Reference value :  5.48298e-06
 Reference value :  5.48663e-06
 Reference value :  5.49008e-06
 Reference value :  5.49353e-06
 Reference value :  5.49693e-06
 Reference value :  5.50028e-06
 Reference value :  5.50268e-06
 Reference value :  5.50613e-06
 Reference value :  5.50958e-06
 Reference value :  5.51308e-06
 Reference value :  5.51653e-06
 Reference value :  5.51998e-06
 Reference value :  5.52343e-06
 Reference value :  5.52703e-06
 Reference value :  5.53053e-06
 Reference value :  5.53408e-06
 Reference value :  5.53753e-06
 Reference value :  5.54103e-06
 Reference value :  5.54448e-06
 Reference value :  5.54793e-06
 Reference value :  5.55118e-06
 Reference value :  5.55378e-06
 Reference value :  5.55723e-06
 Reference value :  5.56063e-06
 Reference value :  5.56403e-06
 Reference value :  5.56753e-06
 Reference value :  5.57098e-06
 Reference value :  5.57438e-06
 Reference value :  5.57793e-06
 Reference value :  5.58158e-06
 Reference value :  5.58508e-06
 Reference value :  5.58863e-06
 Reference value :  5.59213e-06
 Reference value :  5.59578e-06
 Reference value :  5.59973e-06
 Reference value :  5.60213e-06
 Reference value :  5.60428e-06
 Reference value :  5.60793e-06
 Reference value :  5.61183e-06
 Reference value :  5.61588e-06
 Reference value :  5.61993e-06
 Reference value :  5.62373e-06
 Reference value :  5.62778e-06
 Reference value :  5.63143e-06
 Reference value :  5.63493e-06
 Reference value :  5.63858e-06
 Reference value :  5.64233e-06
 Reference value :  5.64613e-06
 Reference value :  5.64973e-06
 Reference value :  5.65223e-06
 Reference value :  5.65568e-06
 Reference value :  5.65928e-06
 Reference value :  5.66283e-06
 Reference value :  5.66633e-06
 Reference value :  5.66993e-06
 Reference value :  5.67358e-06
 Reference value :  5.67713e-06
 Reference value :  5.68058e-06
 Reference value :  5.68413e-06
 Reference value :  5.68758e-06
 Reference value :  5.69113e-06
 Reference value :  5.69463e-06
 Reference value :  5.69813e-06
 Reference value :  5.70123e-06
 Reference value :  5.70388e-06
 Reference value :  5.70738e-06
 Reference value :  5.71108e-06
 Reference value :  5.71473e-06
 Reference value :  5.71848e-06
 Reference value :  5.72228e-06
 Reference value :  5.72618e-06
 Reference value :  5.72993e-06
 Reference value :  5.73358e-06
 Reference value :  5.73743e-06
 Reference value :  5.74108e-06
 Reference value :  5.74478e-06
 Reference value :  5.74823e-06
 Reference value :  5.75133e-06
 Reference value :  5.75423e-06
 Reference value :  5.75763e-06
 Reference value :  5.76123e-06
 Reference value :  5.76463e-06
 Reference value :  5.76808e-06
 Reference value :  5.77148e-06
 Reference value :  5.77493e-06
 Reference value :  5.77833e-06
 Reference value :  5.78178e-06
 Reference value :  5.78523e-06
 Reference value :  5.78868e-06
 Reference value :  5.79218e-06
 Reference value :  5.79563e-06
 Reference value :  5.79903e-06
 Reference value :  5.80168e-06
 Reference value :  5.80408e-06
 Reference value :  5.80763e-06
 Reference value :  5.81108e-06
 Reference value :  5.81453e-06
 Reference value :  5.81788e-06
 Reference value :  5.82138e-06
 Reference value :  5.82483e-06
 Reference value :  5.82828e-06
 Reference value :  5.83173e-06
 Reference value :  5.83513e-06
 Reference value :  5.83863e-06
 Reference value :  5.84198e-06
 Reference value :  5.84558e-06
 Reference value :  5.84908e-06
 Reference value :  5.85183e-06
 Reference value :  5.85493e-06
 Reference value :  5.85833e-06
 Reference value :  5.86173e-06
 Reference value :  5.86523e-06
 Reference value :  5.86873e-06
 Reference value :  5.87218e-06
 Reference value :  5.87563e-06
 Reference value :  5.87918e-06
 Reference value :  5.88268e-06
 Reference value :  5.88613e-06
 Reference value :  5.88958e-06
 Reference value :  5.89308e-06
 Reference value :  5.89658e-06
 Reference value :  5.90000e-06
 Reference value :  5.90228e-06
 Reference value :  5.90578e-06
 Reference value :  5.90918e-06
 Reference value :  5.91268e-06
 Reference value :  5.91608e-06
 Reference value :  5.91948e-06
 Reference value :  5.92303e-06
 Reference value :  5.92648e-06
 Reference value :  5.92993e-06
 Reference value :  5.93343e-06
 Reference value :  5.93688e-06
 Reference value :  5.94033e-06
 Reference value :  5.94373e-06
 Reference value :  5.94723e-06
 Reference value :  5.95053e-06
 Reference value :  5.95308e-06
 Reference value :  5.95653e-06
 Reference value :  5.96003e-06
 Reference value :  5.96348e-06
 Reference value :  5.96698e-06
 Reference value :  5.97038e-06
 Reference value :  5.97383e-06
 Reference value :  5.97723e-06
 Reference value :  5.98073e-06
 Reference value :  5.98413e-06
 Reference value :  5.98748e-06
 Reference value :  5.99098e-06
 Reference value :  5.99438e-06
 Reference value :  5.99778e-06
 Reference value :  6.00093e-06
 Reference value :  6.00273e-06
 Reference value :  6.00558e-06
 Reference value :  6.00898e-06
 Reference value :  6.01233e-06
 Reference value :  6.01578e-06
 Reference value :  6.01923e-06
 Reference value :  6.02278e-06
 Reference value :  6.02618e-06
 Reference value :  6.02963e-06
 Reference value :  6.03313e-06
 Reference value :  6.03648e-06
 Reference value :  6.03998e-06
 Reference value :  6.04353e-06
 Reference value :  6.04703e-06
 Reference value :  6.05033e-06
 Reference value :  6.05288e-06
 Reference value :  6.05638e-06
 Reference value :  6.05993e-06
 Reference value :  6.06338e-06
 Reference value :  6.06688e-06
 Reference value :  6.07048e-06
 Reference value :  6.07393e-06
 Reference value :  6.07733e-06
 Reference value :  6.08078e-06
 Reference value :  6.08423e-06
 Reference value :  6.08763e-06
 Reference value :  6.09108e-06
 Reference value :  6.09458e-06
 Reference value :  6.09793e-06
 Reference value :  6.10118e-06
 Reference value :  6.10368e-06
 Reference value :  6.10713e-06
 Reference value :  6.11063e-06
 Reference value :  6.11408e-06
 Reference value :  6.11748e-06
 Reference value :  6.12098e-06
 Reference value :  6.12448e-06
 Reference value :  6.12793e-06
 Reference value :  6.13138e-06
 Reference value :  6.13478e-06
 Reference value :  6.13828e-06
 Reference value :  6.14168e-06
 Reference value :  6.14508e-06
 Reference value :  6.14858e-06
 Reference value :  6.15163e-06
 Reference value :  6.15453e-06
 Reference value :  6.15798e-06
 Reference value :  6.16148e-06
 Reference value :  6.16478e-06
 Reference value :  6.16823e-06
 Reference value :  6.17168e-06
 Reference value :  6.17503e-06
 Reference value :  6.17848e-06
 Reference value :  6.18188e-06
 Reference value :  6.18538e-06
 Reference value :  6.18878e-06
 Reference value :  6.19203e-06
 Reference value :  6.19533e-06
 Reference value :  6.19868e-06
 Reference value :  6.20143e-06
 Reference value :  6.20358e-06
 Reference value :  6.20688e-06
 Reference value :  6.21028e-06
 Reference value :  6.21348e-06
 Reference value :  6.21678e-06
 Reference value :  6.22008e-06
 Reference value :  6.22348e-06
 Reference value :  6.22678e-06
 Reference value :  6.23018e-06
 Reference value :  6.23358e-06
 Reference value :  6.23693e-06
 Reference value :  6.24023e-06
 Reference value :  6.24358e-06
 Reference value :  6.24688e-06
 Reference value :  6.25004e-06
 Reference value :  6.25263e-06
 Reference value :  6.25613e-06
 Reference value :  6.25948e-06
 Reference value :  6.26293e-06
 Reference value :  6.26633e-06
 Reference value :  6.26963e-06
 Reference value :  6.27298e-06
 Reference value :  6.27628e-06
 Reference value :  6.27973e-06
 Reference value :  6.28308e-06
 Reference value :  6.28643e-06
 Reference value :  6.28983e-06
 Reference value :  6.29318e-06
 Reference value :  6.29653e-06
 Reference value :  6.29973e-06
 Reference value :  6.30200e-06
 Reference value :  6.30508e-06
 Reference value :  6.30813e-06
 Reference value :  6.31138e-06
 Reference value :  6.31443e-06
 Reference value :  6.31758e-06
 Reference value :  6.32058e-06
 Reference value :  6.32363e-06
 Reference value :  6.32658e-06
 Reference value :  6.32953e-06
 Reference value :  6.33283e-06
 Reference value :  6.33623e-06
 Reference value :  6.33968e-06
 Reference value :  6.34308e-06
 Reference value :  6.34648e-06
 Reference value :  6.34988e-06
 Reference value :  6.35223e-06
 Reference value :  6.35528e-06
 Reference value :  6.35858e-06
 Reference value :  6.36208e-06
 Reference value :  6.36553e-06
 Reference value :  6.36898e-06
 Reference value :  6.37238e-06
 Reference value :  6.37588e-06
 Reference value :  6.37933e-06
 Reference value :  6.38273e-06
 Reference value :  6.38613e-06
 Reference value :  6.38928e-06
 Reference value :  6.39228e-06
 Reference value :  6.39528e-06
 Reference value :  6.39833e-06
 Reference value :  6.40108e-06
 Reference value :  6.40263e-06
 Reference value :  6.40428e-06
 Reference value :  6.40708e-06
 Reference value :  6.41008e-06
 Reference value :  6.41318e-06
 Reference value :  6.41623e-06
 Reference value :  6.41928e-06
 Reference value :  6.42228e-06
 Reference value :  6.42523e-06
 Reference value :  6.42818e-06
 Reference value :  6.43118e-06
 Reference value :  6.43413e-06
 Reference value :  6.43713e-06
 Reference value :  6.44003e-06
 Reference value :  6.44303e-06
 Reference value :  6.44593e-06
 Reference value :  6.44893e-06
 Reference value :  6.45153e-06
 Reference value :  6.45398e-06
 Reference value :  6.45693e-06
 Reference value :  6.45983e-06
 Reference value :  6.46278e-06
 Reference value :  6.46578e-06
 Reference value :  6.46878e-06
 Reference value :  6.47168e-06
 Reference value :  6.47458e-06
 Reference value :  6.47743e-06
 Reference value :  6.48033e-06
 Reference value :  6.48323e-06
 Reference value :  6.48618e-06
 Reference value :  6.48923e-06
 Reference value :  6.49233e-06
 Reference value :  6.49533e-06
 Reference value :  6.49828e-06
 Reference value :  6.50098e-06
 Reference value :  6.50293e-06
 Reference value :  6.50593e-06
 Reference value :  6.50893e-06
 Reference value :  6.51198e-06
 Reference value :  6.51488e-06
 Reference value :  6.51778e-06
 Reference value :  6.52068e-06
 Reference value :  6.52363e-06
 Reference value :  6.52668e-06
 Reference value :  6.52963e-06
 Reference value :  6.53258e-06
 Reference value :  6.53563e-06
 Reference value :  6.53858e-06
 Reference value :  6.54153e-06
 Reference value :  6.54458e-06
 Reference value :  6.54753e-06
 Reference value :  6.55028e-06
 Reference value :  6.55233e-06
 Reference value :  6.55533e-06
 Reference value :  6.55828e-06
 Reference value :  6.56123e-06
 Reference value :  6.56433e-06
 Reference value :  6.56728e-06
 Reference value :  6.57028e-06
 Reference value :  6.57318e-06
 Reference value :  6.57618e-06
 Reference value :  6.57913e-06
 Reference value :  6.58213e-06
 Reference value :  6.58508e-06
 Reference value :  6.58828e-06
 Reference value :  6.59123e-06
 Reference value :  6.59428e-06
 Reference value :  6.59733e-06
 Reference value :  6.60008e-06
 Reference value :  6.60204e-06
 Reference value :  6.60443e-06
 Reference value :  6.60733e-06
 Reference value :  6.61028e-06
 Reference value :  6.61323e-06
 Reference value :  6.61608e-06
 Reference value :  6.61893e-06
 Reference value :  6.62198e-06
 Reference value :  6.62493e-06
 Reference value :  6.62778e-06
 Reference value :  6.63073e-06
 Reference value :  6.63353e-06
 Reference value :  6.63638e-06
 Reference value :  6.63923e-06
 Reference value :  6.64208e-06
 Reference value :  6.64503e-06
 Reference value :  6.64798e-06
 Reference value :  6.65058e-06
 Reference value :  6.65278e-06
 Reference value :  6.65568e-06
 Reference value :  6.65848e-06
 Reference value :  6.66133e-06
 Reference value :  6.66418e-06
 Reference value :  6.66713e-06
 Reference value :  6.67013e-06
 Reference value :  6.67303e-06
 Reference value :  6.67593e-06
 Reference value :  6.67883e-06
 Reference value :  6.68178e-06
 Reference value :  6.68468e-06
 Reference value :  6.68758e-06
 Reference value :  6.69043e-06
 Reference value :  6.69328e-06
 Reference value :  6.69623e-06
 Reference value :  6.69913e-06
 Reference value :  6.70148e-06
 Reference value :  6.70378e-06
 Reference value :  6.70673e-06
 Reference value :  6.70968e-06
 Reference value :  6.71258e-06
 Reference value :  6.71543e-06
 Reference value :  6.71848e-06
 Reference value :  6.72138e-06
 Reference value :  6.72418e-06
 Reference value :  6.72708e-06
 Reference value :  6.73008e-06
 Reference value :  6.73293e-06
 Reference value :  6.73573e-06
 Reference value :  6.73858e-06
 Reference value :  6.74183e-06
 Reference value :  6.74523e-06
 Reference value :  6.74818e-06
 Reference value :  6.75093e-06
 Reference value :  6.75293e-06
 Reference value :  6.75588e-06
 Reference value :  6.75873e-06
 Reference value :  6.76163e-06
 Reference value :  6.76453e-06
 Reference value :  6.76748e-06
 Reference value :  6.77038e-06
 Reference value :  6.77323e-06
 Reference value :  6.77608e-06
 Reference value :  6.77893e-06
 Reference value :  6.78178e-06
 Reference value :  6.78478e-06
 Reference value :  6.78778e-06
 Reference value :  6.79058e-06
 Reference value :  6.79343e-06
 Reference value :  6.79628e-06
 Reference value :  6.79918e-06
 Reference value :  6.80148e-06
 Reference value :  6.80293e-06
 Reference value :  6.80543e-06
 Reference value :  6.80833e-06
 Reference value :  6.81123e-06
 Reference value :  6.81408e-06
 Reference value :  6.81693e-06
 Reference value :  6.81978e-06
 Reference value :  6.82268e-06
 Reference value :  6.82563e-06
 Reference value :  6.82863e-06
 Reference value :  6.83208e-06
 Reference value :  6.83548e-06
 Reference value :  6.83888e-06
 Reference value :  6.84228e-06
 Reference value :  6.84573e-06
 Reference value :  6.84913e-06
 Reference value :  6.85188e-06
 Reference value :  6.85488e-06
 Reference value :  6.85823e-06
 Reference value :  6.86168e-06
 Reference value :  6.86518e-06
 Reference value :  6.86868e-06
 Reference value :  6.87208e-06
 Reference value :  6.87543e-06
 Reference value :  6.87878e-06
 Reference value :  6.88218e-06
 Reference value :  6.88558e-06
 Reference value :  6.88898e-06
 Reference value :  6.89233e-06
 Reference value :  6.89573e-06
 Reference value :  6.89923e-06
 Reference value :  6.90188e-06
 Reference value :  6.90488e-06
 Reference value :  6.90818e-06
 Reference value :  6.91153e-06
 Reference value :  6.91483e-06
 Reference value :  6.91818e-06
 Reference value :  6.92163e-06
 Reference value :  6.92498e-06
 Reference value :  6.92838e-06
 Reference value :  6.93173e-06
 Reference value :  6.93513e-06
 Reference value :  6.93868e-06
 Reference value :  6.94213e-06
 Reference value :  6.94563e-06
 Reference value :  6.94908e-06
 Reference value :  6.95178e-06
 Reference value :  6.95498e-06
 Reference value :  6.95843e-06
 Reference value :  6.96188e-06
 Reference value :  6.96533e-06
 Reference value :  6.96873e-06
 Reference value :  6.97228e-06
 Reference value :  6.97568e-06
 Reference value :  6.97918e-06
 Reference value :  6.98273e-06
 Reference value :  6.98618e-06
 Reference value :  6.98963e-06
 Reference value :  6.99303e-06
 Reference value :  6.99648e-06
 Reference value :  6.99993e-06
 Reference value :  7.00213e-06
 Reference value :  7.00518e-06
 Reference value :  7.00873e-06
 Reference value :  7.01223e-06
 Reference value :  7.01573e-06
 Reference value :  7.01923e-06
 Reference value :  7.02268e-06
 Reference value :  7.02603e-06
 Reference value :  7.02953e-06
 Reference value :  7.03298e-06
 Reference value :  7.03648e-06
 Reference value :  7.03998e-06
 Reference value :  7.04348e-06
 Reference value :  7.04693e-06
 Reference value :  7.05013e-06
 Reference value :  7.05288e-06
 Reference value :  7.05653e-06
 Reference value :  7.06008e-06
 Reference value :  7.06343e-06
 Reference value :  7.06688e-06
 Reference value :  7.07028e-06
 Reference value :  7.07388e-06
 Reference value :  7.07723e-06
 Reference value :  7.08068e-06
 Reference value :  7.08413e-06
 Reference value :  7.08753e-06
 Reference value :  7.09098e-06
 Reference value :  7.09443e-06
 Reference value :  7.09793e-06
 Reference value :  7.10118e-06
 Reference value :  7.10383e-06
 Reference value :  7.10728e-06
 Reference value :  7.11068e-06
 Reference value :  7.11413e-06
 Reference value :  7.11758e-06
 Reference value :  7.12108e-06
 Reference value :  7.12448e-06
 Reference value :  7.12783e-06
 Reference value :  7.13123e-06
 Reference value :  7.13458e-06
 Reference value :  7.13813e-06
 Reference value :  7.14158e-06
 Reference value :  7.14508e-06
 Reference value :  7.14858e-06
 Reference value :  7.15163e-06
 Reference value :  7.15463e-06
 Reference value :  7.15798e-06
 Reference value :  7.16148e-06
 Reference value :  7.16478e-06
 Reference value :  7.16828e-06
 Reference value :  7.17168e-06
 Reference value :  7.17513e-06
 Reference value :  7.17863e-06
 Reference value :  7.18198e-06
 Reference value :  7.18538e-06
 Reference value :  7.18873e-06
 Reference value :  7.19218e-06
 Reference value :  7.19558e-06
 Reference value :  7.19898e-06
 Reference value :  7.20173e-06
 Reference value :  7.20348e-06
 Reference value :  7.20638e-06
 Reference value :  7.20993e-06
 Reference value :  7.21338e-06
 Reference value :  7.21683e-06
 Reference value :  7.22033e-06
 Reference value :  7.22388e-06
 Reference value :  7.22733e-06
 Reference value :  7.23078e-06
 Reference value :  7.23423e-06
 Reference value :  7.23693e-06
 Reference value :  7.23993e-06
 Reference value :  7.24338e-06
 Reference value :  7.24678e-06
 Reference value :  7.25004e-06
 Reference value :  7.25268e-06
 Reference value :  7.25613e-06
 Reference value :  7.25963e-06
 Reference value :  7.26303e-06
 Reference value :  7.26643e-06
 Reference value :  7.26983e-06
 Reference value :  7.27323e-06
 Reference value :  7.27663e-06
 Reference value :  7.28008e-06
 Reference value :  7.28353e-06
 Reference value :  7.28708e-06
 Reference value :  7.29053e-06
 Reference value :  7.29403e-06
 Reference value :  7.29748e-06
 Reference value :  7.30078e-06
 Reference value :  7.30308e-06
 Reference value :  7.30648e-06
 Reference value :  7.31003e-06
 Reference value :  7.31343e-06
 Reference value :  7.31688e-06
 Reference value :  7.32028e-06
 Reference value :  7.32363e-06
 Reference value :  7.32708e-06
 Reference value :  7.33053e-06
 Reference value :  7.33393e-06
 Reference value :  7.33728e-06
 Reference value :  7.34068e-06
 Reference value :  7.34413e-06
 Reference value :  7.34758e-06
 Reference value :  7.35078e-06
 Reference value :  7.35333e-06
 Reference value :  7.35678e-06
 Reference value :  7.36028e-06
 Reference value :  7.36373e-06
 Reference value :  7.36718e-06
 Reference value :  7.37063e-06
 Reference value :  7.37413e-06
 Reference value :  7.37753e-06
 Reference value :  7.38093e-06
 Reference value :  7.38428e-06
 Reference value :  7.38773e-06
 Reference value :  7.39133e-06
 Reference value :  7.39488e-06
 Reference value :  7.39843e-06
 Reference value :  7.40153e-06
 Reference value :  7.40403e-06
 Reference value :  7.40773e-06
 Reference value :  7.41168e-06
 Reference value :  7.41523e-06
 Reference value :  7.41868e-06
 Reference value :  7.42213e-06
 Reference value :  7.42578e-06
 Reference value :  7.42928e-06
 Reference value :  7.43273e-06
 Reference value :  7.43618e-06
 Reference value :  7.43958e-06
 Reference value :  7.44298e-06
 Reference value :  7.44653e-06
 Reference value :  7.45001e-06
 Reference value :  7.45258e-06
 Reference value :  7.45598e-06
 Reference value :  7.45943e-06
 Reference value :  7.46283e-06
 Reference value :  7.46638e-06
 Reference value :  7.46988e-06
 Reference value :  7.47343e-06
 Reference value :  7.47693e-06
 Reference value :  7.48063e-06
 Reference value :  7.48428e-06
 Reference value :  7.48808e-06
 Reference value :  7.49158e-06
 Reference value :  7.49498e-06
 Reference value :  7.49858e-06
 Reference value :  7.50148e-06
 Reference value :  7.50448e-06
 Reference value :  7.50798e-06
 Reference value :  7.51148e-06
 Reference value :  7.51498e-06
 Reference value :  7.51838e-06
 Reference value :  7.52198e-06
 Reference value :  7.52538e-06
 Reference value :  7.52878e-06
 Reference value :  7.53218e-06
 Reference value :  7.53568e-06
 Reference value :  7.53908e-06
 Reference value :  7.54253e-06
 Reference value :  7.54588e-06
 Reference value :  7.54928e-06
 Reference value :  7.55196e-06
 Reference value :  7.55523e-06
 Reference value :  7.55858e-06
 Reference value :  7.56203e-06
 Reference value :  7.56543e-06
 Reference value :  7.56883e-06
 Reference value :  7.57233e-06
 Reference value :  7.57578e-06
 Reference value :  7.57923e-06
 Reference value :  7.58273e-06
 Reference value :  7.58628e-06
 Reference value :  7.58963e-06
 Reference value :  7.59303e-06
 Reference value :  7.59653e-06
 Reference value :  7.59993e-06
 Reference value :  7.60208e-06
 Reference value :  7.60433e-06
 Reference value :  7.60778e-06
 Reference value :  7.61118e-06
 Reference value :  7.61463e-06
 Reference value :  7.61808e-06
 Reference value :  7.62148e-06
 Reference value :  7.62518e-06
 Reference value :  7.62863e-06
 Reference value :  7.63223e-06
 Reference value :  7.63573e-06
 Reference value :  7.63913e-06
 Reference value :  7.64263e-06
 Reference value :  7.64623e-06
 Reference value :  7.64968e-06
 Reference value :  7.65248e-06
 Reference value :  7.65593e-06
 Reference value :  7.65948e-06
 Reference value :  7.66298e-06
 Reference value :  7.66633e-06
 Reference value :  7.66968e-06
 Reference value :  7.67293e-06
 Reference value :  7.67638e-06
 Reference value :  7.67978e-06
 Reference value :  7.68328e-06
 Reference value :  7.68663e-06
 Reference value :  7.69013e-06
 Reference value :  7.69358e-06
 Reference value :  7.69698e-06
 Reference value :  7.70028e-06
 Reference value :  7.70263e-06
 Reference value :  7.70598e-06
 Reference value :  7.70943e-06
 Reference value :  7.71293e-06
 Reference value :  7.71648e-06
 Reference value :  7.71998e-06
 Reference value :  7.72343e-06
 Reference value :  7.72688e-06
 Reference value :  7.73033e-06
 Reference value :  7.73378e-06
 Reference value :  7.73728e-06
 Reference value :  7.74063e-06
 Reference value :  7.74403e-06
 Reference value :  7.74743e-06
 Reference value :  7.75073e-06
 Reference value :  7.75328e-06
 Reference value :  7.75673e-06
 Reference value :  7.76028e-06
 Reference value :  7.76373e-06
 Reference value :  7.76733e-06
 Reference value :  7.77073e-06
 Reference value :  7.77433e-06
 Reference value :  7.77778e-06
 Reference value :  7.78118e-06
 Reference value :  7.78458e-06
 Reference value :  7.78808e-06
 Reference value :  7.79143e-06
 Reference value :  7.79493e-06
 Reference value :  7.79848e-06
 Reference value :  7.80148e-06
 Reference value :  7.80373e-06
 Reference value :  7.80718e-06
 Reference value :  7.81073e-06
 Reference value :  7.81433e-06
 Reference value :  7.81773e-06
 Reference value :  7.82108e-06
 Reference value :  7.82448e-06
 Reference value :  7.82788e-06
 Reference value :  7.83138e-06
 Reference value :  7.83488e-06
 Reference value :  7.83833e-06
 Reference value :  7.84183e-06
 Reference value :  7.84528e-06
 Reference value :  7.84873e-06
 Reference value :  7.85168e-06
 Reference value :  7.85478e-06
 Reference value :  7.85813e-06
 Reference value :  7.86143e-06
 Reference value :  7.86478e-06
 Reference value :  7.86813e-06
 Reference value :  7.87153e-06
 Reference value :  7.87498e-06
 Reference value :  7.87838e-06
 Reference value :  7.88163e-06
 Reference value :  7.88488e-06
 Reference value :  7.88858e-06
 Reference value :  7.89208e-06
 Reference value :  7.89543e-06
 Reference value :  7.89868e-06
 Reference value :  7.90148e-06
 Reference value :  7.90418e-06
 Reference value :  7.90758e-06
 Reference value :  7.91098e-06
 Reference value :  7.91438e-06
 Reference value :  7.91778e-06
 Reference value :  7.92113e-06
 Reference value :  7.92448e-06
 Reference value :  7.92793e-06
 Reference value :  7.93133e-06
 Reference value :  7.93478e-06
 Reference value :  7.93823e-06
 Reference value :  7.94158e-06
 Reference value :  7.94498e-06
 Reference value :  7.94803e-06
 Reference value :  7.95088e-06
 Reference value :  7.95308e-06
 Reference value :  7.95608e-06
 Reference value :  7.95898e-06
 Reference value :  7.96188e-06
 Reference value :  7.96508e-06
 Reference value :  7.96808e-06
 Reference value :  7.97138e-06
 Reference value :  7.97473e-06
 Reference value :  7.97803e-06
 Reference value :  7.98133e-06
 Reference value :  7.98463e-06
 Reference value :  7.98763e-06
 Reference value :  7.99098e-06
 Reference value :  7.99433e-06
 Reference value :  7.99778e-06
 Reference value :  8.00093e-06
 Reference value :  8.00273e-06
 Reference value :  8.00448e-06
 Reference value :  8.00698e-06
 Reference value :  8.01053e-06
 Reference value :  8.01383e-06
 Reference value :  8.01728e-06
 Reference value :  8.02073e-06
 Reference value :  8.02418e-06
 Reference value :  8.02773e-06
 Reference value :  8.03113e-06
 Reference value :  8.03458e-06
 Reference value :  8.03808e-06
 Reference value :  8.04153e-06
 Reference value :  8.04503e-06
 Reference value :  8.04858e-06
 Reference value :  8.05163e-06
 Reference value :  8.05458e-06
 Reference value :  8.05818e-06
 Reference value :  8.06168e-06
 Reference value :  8.06508e-06
 Reference value :  8.06863e-06
 Reference value :  8.07208e-06
 Reference value :  8.07558e-06
 Reference value :  8.07913e-06
 Reference value :  8.08258e-06
 Reference value :  8.08603e-06
 Reference value :  8.08943e-06
 Reference value :  8.09283e-06
 Reference value :  8.09638e-06
 Reference value :  8.09983e-06
 Reference value :  8.10202e-06
 Reference value :  8.10543e-06
 Reference value :  8.10883e-06
 Reference value :  8.11228e-06
 Reference value :  8.11568e-06
 Reference value :  8.11923e-06
 Reference value :  8.12288e-06
 Reference value :  8.12638e-06
 Reference value :  8.12988e-06
 Reference value :  8.13343e-06
 Reference value :  8.13683e-06
 Reference value :  8.14048e-06
 Reference value :  8.14418e-06
 Reference value :  8.14778e-06
 Reference value :  8.15118e-06
 Reference value :  8.15373e-06
 Reference value :  8.15713e-06
 Reference value :  8.16053e-06
 Reference value :  8.16408e-06
 Reference value :  8.16758e-06
 Reference value :  8.17098e-06
 Reference value :  8.17443e-06
 Reference value :  8.17788e-06
 Reference value :  8.18123e-06
 Reference value :  8.18463e-06
 Reference value :  8.18808e-06
 Reference value :  8.19148e-06
 Reference value :  8.19498e-06
 Reference value :  8.19848e-06
 Reference value :  8.20143e-06
 Reference value :  8.20353e-06
 Reference value :  8.20703e-06
 Reference value :  8.21048e-06
 Reference value :  8.21398e-06
 Reference value :  8.21738e-06
 Reference value :  8.22083e-06
 Reference value :  8.22423e-06
 Reference value :  8.22768e-06
 Reference value :  8.23113e-06
 Reference value :  8.23463e-06
 Reference value :  8.23803e-06
 Reference value :  8.24138e-06
 Reference value :  8.24478e-06
 Reference value :  8.24828e-06
 Reference value :  8.25133e-06
 Reference value :  8.25508e-06
 Reference value :  8.25853e-06
 Reference value :  8.26193e-06
 Reference value :  8.26528e-06
 Reference value :  8.26868e-06
 Reference value :  8.27203e-06
 Reference value :  8.27538e-06
 Reference value :  8.27878e-06
 Reference value :  8.28218e-06
 Reference value :  8.28553e-06
 Reference value :  8.28888e-06
 Reference value :  8.29238e-06
 Reference value :  8.29573e-06
 Reference value :  8.29913e-06
 Reference value :  8.30178e-06
 Reference value :  8.30473e-06
 Reference value :  8.30818e-06
 Reference value :  8.31168e-06
 Reference value :  8.31513e-06
 Reference value :  8.31868e-06
 Reference value :  8.32213e-06
 Reference value :  8.32558e-06
 Reference value :  8.32903e-06
 Reference value :  8.33268e-06
 Reference value :  8.33603e-06
 Reference value :  8.33998e-06
 Reference value :  8.34448e-06
 Reference value :  8.34788e-06
 Reference value :  8.35108e-06
 Reference value :  8.35378e-06
 Reference value :  8.35728e-06
 Reference value :  8.36078e-06
 Reference value :  8.36428e-06
 Reference value :  8.36768e-06
 Reference value :  8.37108e-06
 Reference value :  8.37463e-06
 Reference value :  8.37818e-06
 Reference value :  8.38158e-06
 Reference value :  8.38503e-06
 Reference value :  8.38853e-06
 Reference value :  8.39198e-06
 Reference value :  8.39543e-06
 Reference value :  8.39888e-06
 Reference value :  8.40163e-06
 Reference value :  8.40343e-06
 Reference value :  8.40683e-06
 Reference value :  8.41028e-06
 Reference value :  8.41373e-06
 Reference value :  8.41733e-06
 Reference value :  8.42088e-06
 Reference value :  8.42433e-06
 Reference value :  8.42783e-06
 Reference value :  8.43133e-06
 Reference value :  8.43478e-06
 Reference value :  8.43828e-06
 Reference value :  8.44178e-06
 Reference value :  8.44538e-06
 Reference value :  8.44903e-06
 Reference value :  8.45193e-06
 Reference value :  8.45523e-06
 Reference value :  8.45868e-06
 Reference value :  8.46223e-06
 Reference value :  8.46578e-06
 Reference value :  8.46938e-06
 Reference value :  8.47283e-06
 Reference value :  8.47643e-06
 Reference value :  8.47983e-06
 Reference value :  8.48333e-06
 Reference value :  8.48678e-06
 Reference value :  8.49028e-06
 Reference value :  8.49373e-06
 Reference value :  8.49718e-06
 Reference value :  8.50053e-06
 Reference value :  8.50298e-06
 Reference value :  8.50643e-06
 Reference value :  8.50993e-06
 Reference value :  8.51338e-06
 Reference value :  8.51688e-06
 Reference value :  8.52028e-06
 Reference value :  8.52368e-06
 Reference value :  8.52708e-06
 Reference value :  8.53043e-06
 Reference value :  8.53383e-06
 Reference value :  8.53723e-06
 Reference value :  8.54058e-06
 Reference value :  8.54403e-06
 Reference value :  8.54758e-06
 Reference value :  8.55073e-06
 Reference value :  8.55338e-06
 Reference value :  8.55708e-06
 Reference value :  8.56053e-06
 Reference value :  8.56398e-06
 Reference value :  8.56768e-06
 Reference value :  8.57143e-06
 Reference value :  8.57483e-06
 Reference value :  8.57833e-06
 Reference value :  8.58173e-06
 Reference value :  8.58538e-06
 Reference value :  8.58918e-06
 Reference value :  8.59263e-06
 Reference value :  8.59598e-06
 Reference value :  8.59943e-06
 Reference value :  8.60193e-06
 Reference value :  8.60443e-06
 Reference value :  8.60788e-06
 Reference value :  8.61143e-06
 Reference value :  8.61488e-06
 Reference value :  8.61828e-06
 Reference value :  8.62173e-06
 Reference value :  8.62513e-06
 Reference value :  8.62863e-06
 Reference value :  8.63208e-06
 Reference value :  8.63553e-06
 Reference value :  8.63893e-06
 Reference value :  8.64238e-06
 Reference value :  8.64578e-06
 Reference value :  8.64928e-06
 Reference value :  8.65208e-06
 Reference value :  8.65553e-06
 Reference value :  8.65918e-06
 Reference value :  8.66273e-06
 Reference value :  8.66633e-06
 Reference value :  8.66993e-06
 Reference value :  8.67353e-06
 Reference value :  8.67728e-06
 Reference value :  8.68083e-06
 Reference value :  8.68433e-06
 Reference value :  8.68808e-06
 Reference value :  8.69188e-06
 Reference value :  8.69528e-06
 Reference value :  8.69863e-06
 Reference value :  8.70163e-06
 Reference value :  8.70463e-06
 Reference value :  8.70803e-06
 Reference value :  8.71133e-06
 Reference value :  8.71468e-06
 Reference value :  8.71813e-06
 Reference value :  8.72158e-06
 Reference value :  8.72498e-06
 Reference value :  8.72838e-06
 Reference value :  8.73173e-06
 Reference value :  8.73518e-06
 Reference value :  8.73868e-06
 Reference value :  8.74208e-06
 Reference value :  8.74548e-06
 Reference value :  8.74888e-06
 Reference value :  8.75173e-06
 Reference value :  8.75483e-06
 Reference value :  8.75818e-06
 Reference value :  8.76158e-06
 Reference value :  8.76503e-06
 Reference value :  8.76838e-06
 Reference value :  8.77173e-06
 Reference value :  8.77513e-06
 Reference value :  8.77848e-06
 Reference value :  8.78193e-06
 Reference value :  8.78538e-06
 Reference value :  8.78878e-06
 Reference value :  8.79213e-06
 Reference value :  8.79558e-06
 Reference value :  8.79913e-06
 Reference value :  8.80173e-06
 Reference value :  8.80358e-06
 Reference value :  8.80658e-06
 Reference value :  8.81008e-06
 Reference value :  8.81358e-06
 Reference value :  8.81703e-06
 Reference value :  8.82048e-06
 Reference value :  8.82393e-06
 Reference value :  8.82743e-06
 Reference value :  8.83083e-06
 Reference value :  8.83423e-06
 Reference value :  8.83773e-06
 Reference value :  8.84128e-06
 Reference value :  8.84473e-06
 Reference value :  8.84818e-06
 Reference value :  8.85128e-06
 Reference value :  8.85398e-06
 Reference value :  8.85733e-06
 Reference value :  8.86073e-06
 Reference value :  8.86423e-06
 Reference value :  8.86763e-06
 Reference value :  8.87103e-06
 Reference value :  8.87463e-06
 Reference value :  8.87803e-06
 Reference value :  8.88138e-06
 Reference value :  8.88478e-06
 Reference value :  8.88828e-06
 Reference value :  8.89168e-06
 Reference value :  8.89528e-06
 Reference value :  8.89883e-06
 Reference value :  8.90158e-06
 Reference value :  8.90438e-06
 Reference value :  8.90778e-06
 Reference value :  8.91118e-06
 Reference value :  8.91453e-06
 Reference value :  8.91803e-06
 Reference value :  8.92148e-06
 Reference value :  8.92498e-06
 Reference value :  8.92843e-06
 Reference value :  8.93188e-06
 Reference value :  8.93528e-06
 Reference value :  8.93868e-06
 Reference value :  8.94223e-06
 Reference value :  8.94563e-06
 Reference value :  8.94908e-06
 Reference value :  8.95178e-06
 Reference value :  8.95488e-06
 Reference value :  8.95823e-06
 Reference value :  8.96153e-06
 Reference value :  8.96483e-06
 Reference value :  8.96813e-06
 Reference value :  8.97148e-06
 Reference value :  8.97498e-06
 Reference value :  8.97833e-06
 Reference value :  8.98183e-06
 Reference value :  8.98538e-06
 Reference value :  8.98883e-06
 Reference value :  8.99228e-06
 Reference value :  8.99578e-06
 Reference value :  8.99933e-06
 Reference value :  9.00183e-06
 Reference value :  9.00423e-06
 Reference value :  9.00763e-06
 Reference value :  9.01113e-06
 Reference value :  9.01448e-06
 Reference value :  9.01793e-06
 Reference value :  9.02148e-06
 Reference value :  9.02493e-06
 Reference value :  9.02833e-06
 Reference value :  9.03168e-06
 Reference value :  9.03508e-06
 Reference value :  9.03853e-06
 Reference value :  9.04193e-06
 Reference value :  9.04538e-06
 Reference value :  9.04873e-06
 Reference value :  9.05158e-06
 Reference value :  9.05448e-06
 Reference value :  9.05788e-06
 Reference value :  9.06138e-06
 Reference value :  9.06488e-06
 Reference value :  9.06833e-06
 Reference value :  9.07173e-06
 Reference value :  9.07528e-06
 Reference value :  9.07933e-06
 Reference value :  9.08378e-06
 Reference value :  9.08898e-06
 Reference value :  9.09383e-06
 Reference value :  9.09738e-06
 Reference value :  9.10058e-06
 Reference value :  9.10308e-06
 Reference value :  9.10643e-06
 Reference value :  9.10988e-06
 Reference value :  9.11343e-06
 Reference value :  9.11683e-06
 Reference value :  9.12023e-06
 Reference value :  9.12358e-06
 Reference value :  9.12698e-06
 Reference value :  9.13043e-06
 Reference value :  9.13398e-06
 Reference value :  9.13748e-06
 Reference value :  9.14103e-06
 Reference value :  9.14443e-06
 Reference value :  9.14788e-06
 Reference value :  9.15113e-06
 Reference value :  9.15378e-06
 Reference value :  9.15718e-06
 Reference value :  9.16068e-06
 Reference value :  9.16423e-06
 Reference value :  9.16758e-06
 Reference value :  9.17098e-06
 Reference value :  9.17443e-06
 Reference value :  9.17793e-06
 Reference value :  9.18148e-06
 Reference value :  9.18483e-06
 Reference value :  9.18813e-06
 Reference value :  9.19148e-06
 Reference value :  9.19493e-06
 Reference value :  9.19838e-06
 Reference value :  9.20133e-06
 Reference value :  9.20313e-06
 Reference value :  9.20623e-06
 Reference value :  9.20968e-06
 Reference value :  9.21308e-06
 Reference value :  9.21648e-06
 Reference value :  9.21998e-06
 Reference value :  9.22333e-06
 Reference value :  9.22643e-06
 Reference value :  9.22923e-06
 Reference value :  9.23218e-06
 Reference value :  9.23513e-06
 Reference value :  9.23808e-06
 Reference value :  9.24093e-06
 Reference value :  9.24378e-06
 Reference value :  9.24658e-06
 Reference value :  9.24948e-06
 Reference value :  9.25178e-06
 Reference value :  9.25428e-06
 Reference value :  9.25718e-06
 Reference value :  9.26013e-06
 Reference value :  9.26308e-06
 Reference value :  9.26588e-06
 Reference value :  9.26888e-06
 Reference value :  9.27173e-06
 Reference value :  9.27468e-06
 Reference value :  9.27758e-06
 Reference value :  9.28038e-06
 Reference value :  9.28328e-06
 Reference value :  9.28633e-06
 Reference value :  9.28913e-06
 Reference value :  9.29203e-06
 Reference value :  9.29493e-06
 Reference value :  9.29788e-06
 Reference value :  9.30058e-06
 Reference value :  9.30243e-06
 Reference value :  9.30533e-06
 Reference value :  9.30818e-06
 Reference value :  9.31103e-06
 Reference value :  9.31423e-06
 Reference value :  9.31838e-06
 Reference value :  9.32133e-06
 Reference value :  9.32418e-06
 Reference value :  9.32733e-06
 Reference value :  9.33018e-06
 Reference value :  9.33303e-06
 Reference value :  9.33588e-06
 Reference value :  9.34088e-06
 Reference value :  9.34588e-06
 Reference value :  9.35088e-06
 Reference value :  9.35518e-06
 Reference value :  9.35998e-06
 Reference value :  9.36418e-06
 Reference value :  9.36853e-06
 Reference value :  9.37143e-06
 Reference value :  9.37443e-06
 Reference value :  9.37743e-06
 Reference value :  9.38138e-06
 Reference value :  9.38513e-06
 Reference value :  9.38838e-06
 Reference value :  9.39198e-06
 Reference value :  9.39528e-06
 Reference value :  9.39858e-06
 Reference value :  9.40143e-06
 Reference value :  9.40348e-06
 Reference value :  9.40673e-06
 Reference value :  9.41013e-06
 Reference value :  9.41353e-06
 Reference value :  9.41688e-06
 Reference value :  9.42013e-06
 Reference value :  9.42333e-06
 Reference value :  9.42668e-06
 Reference value :  9.42988e-06
 Reference value :  9.43293e-06
 Reference value :  9.43628e-06
 Reference value :  9.44023e-06
 Reference value :  9.44363e-06
 Reference value :  9.44653e-06
 Reference value :  9.44943e-06
 Reference value :  9.45178e-06
 Reference value :  9.45738e-06
 Reference value :  9.46288e-06
 Reference value :  9.46768e-06
 Reference value :  9.47188e-06
 Reference value :  9.47598e-06
 Reference value :  9.47893e-06
 Reference value :  9.48203e-06
 Reference value :  9.48498e-06
 Reference value :  9.48788e-06
 Reference value :  9.49128e-06
 Reference value :  9.49463e-06
 Reference value :  9.49798e-06
 Reference value :  9.50083e-06
 Reference value :  9.50293e-06
 Reference value :  9.50593e-06
 Reference value :  9.50883e-06
 Reference value :  9.51178e-06
 Reference value :  9.51463e-06
 Reference value :  9.51743e-06
 Reference value :  9.52028e-06
 Reference value :  9.52313e-06
 Reference value :  9.52613e-06
 Reference value :  9.52923e-06
 Reference value :  9.53208e-06
 Reference value :  9.53483e-06
 Reference value :  9.53773e-06
 Reference value :  9.54058e-06
 Reference value :  9.54353e-06
 Reference value :  9.54638e-06
 Reference value :  9.54918e-06
 Reference value :  9.55163e-06
 Reference value :  9.55393e-06
 Reference value :  9.55678e-06
 Reference value :  9.55968e-06
 Reference value :  9.56248e-06
 Reference value :  9.56543e-06
 Reference value :  9.56838e-06
 Reference value :  9.57138e-06
 Reference value :  9.57423e-06
 Reference value :  9.57708e-06
 Reference value :  9.58003e-06
 Reference value :  9.58293e-06
 Reference value :  9.58583e-06
 Reference value :  9.58888e-06
 Reference value :  9.59188e-06
 Reference value :  9.59478e-06
 Reference value :  9.59778e-06
 Reference value :  9.60053e-06
 Reference value :  9.60228e-06
 Reference value :  9.60388e-06
 Reference value :  9.60608e-06
 Reference value :  9.60903e-06
 Reference value :  9.61203e-06
 Reference value :  9.61503e-06
 Reference value :  9.61793e-06
 Reference value :  9.62088e-06
 Reference value :  9.62388e-06
 Reference value :  9.62683e-06
 Reference value :  9.62943e-06
 Reference value :  9.63178e-06
 Reference value :  9.63473e-06
 Reference value :  9.63763e-06
 Reference value :  9.64053e-06
 Reference value :  9.64343e-06
 Reference value :  9.64638e-06
 Reference value :  9.64928e-06
 Reference value :  9.65168e-06
 Reference value :  9.65418e-06
 Reference value :  9.65708e-06
 Reference value :  9.65998e-06
 Reference value :  9.66288e-06
 Reference value :  9.66578e-06
 Reference value :  9.66878e-06
 Reference value :  9.67153e-06
 Reference value :  9.67433e-06
 Reference value :  9.67718e-06
 Reference value :  9.68008e-06
 Reference value :  9.68303e-06
 Reference value :  9.68603e-06
 Reference value :  9.68893e-06
 Reference value :  9.69178e-06
 Reference value :  9.69468e-06
 Reference value :  9.69753e-06
 Reference value :  9.70033e-06
 Reference value :  9.70223e-06
 Reference value :  9.70518e-06
 Reference value :  9.70798e-06
 Reference value :  9.71083e-06
 Reference value :  9.71373e-06
 Reference value :  9.71663e-06
 Reference value :  9.71948e-06
 Reference value :  9.72238e-06
 Reference value :  9.72528e-06
 Reference value :  9.72823e-06
 Reference value :  9.73113e-06
 Reference value :  9.73408e-06
 Reference value :  9.73688e-06
 Reference value :  9.73973e-06
 Reference value :  9.74253e-06
 Reference value :  9.74548e-06
 Reference value :  9.74828e-06
 Reference value :  9.75083e-06
 Reference value :  9.75273e-06
 Reference value :  9.75543e-06
 Reference value :  9.75813e-06
 Reference value :  9.76088e-06
 Reference value :  9.76368e-06
 Reference value :  9.76638e-06
 Reference value :  9.76908e-06
 Reference value :  9.77178e-06
 Reference value :  9.77448e-06
 Reference value :  9.77723e-06
 Reference value :  9.77993e-06
 Reference value :  9.78263e-06
 Reference value :  9.78548e-06
 Reference value :  9.78818e-06
 Reference value :  9.79083e-06
 Reference value :  9.79363e-06
 Reference value :  9.79638e-06
 Reference value :  9.79923e-06
 Reference value :  9.80158e-06
 Reference value :  9.80318e-06
 Reference value :  9.80583e-06
 Reference value :  9.80858e-06
 Reference value :  9.81138e-06
 Reference value :  9.81418e-06
 Reference value :  9.81688e-06
 Reference value :  9.81958e-06
 Reference value :  9.82233e-06
 Reference value :  9.82503e-06
 Reference value :  9.82783e-06
 Reference value :  9.83053e-06
 Reference value :  9.83323e-06
 Reference value :  9.83603e-06
 Reference value :  9.83943e-06
 Reference value :  9.84278e-06
 Reference value :  9.84613e-06
 Reference value :  9.84953e-06
 Reference value :  9.85204e-06
 Reference value :  9.85523e-06
 Reference value :  9.85853e-06
 Reference value :  9.86188e-06
 Reference value :  9.86518e-06
 Reference value :  9.86848e-06
 Reference value :  9.87173e-06
 Reference value :  9.87508e-06
 Reference value :  9.87843e-06
 Reference value :  9.88168e-06
 Reference value :  9.88503e-06
 Reference value :  9.88828e-06
 Reference value :  9.89148e-06
 Reference value :  9.89478e-06
 Reference value :  9.89808e-06
 Reference value :  9.90118e-06
 Reference value :  9.90363e-06
 Reference value :  9.90688e-06
 Reference value :  9.91018e-06
 Reference value :  9.91348e-06
 Reference value :  9.91683e-06
 Reference value :  9.92013e-06
 Reference value :  9.92348e-06
 Reference value :  9.92683e-06
 Reference value :  9.93018e-06
 Reference value :  9.93353e-06
 Reference value :  9.93683e-06
 Reference value :  9.94013e-06
 Reference value :  9.94353e-06
 Reference value :  9.94683e-06
 Reference value :  9.95001e-06
 Reference value :  9.95233e-06
 Reference value :  9.95573e-06
 Reference value :  9.95903e-06
 Reference value :  9.96233e-06
 Reference value :  9.96578e-06
 Reference value :  9.96903e-06
 Reference value :  9.97233e-06
 Reference value :  9.97573e-06
 Reference value :  9.97908e-06
 Reference value :  9.98243e-06
 Reference value :  9.98573e-06
 Reference value :  9.98908e-06
 Reference value :  9.99263e-06
 Reference value :  9.99623e-06
 Reference value :  9.99958e-06
 Reference value :  1.00019e-05
 Reference value :  1.00038e-05
 Reference value :  1.00072e-05
 Reference value :  1.00106e-05
 Reference value :  1.00139e-05
 Reference value :  1.00173e-05
 Reference value :  1.00207e-05
 Reference value :  1.00242e-05
 Reference value :  1.00276e-05
 Reference value :  1.00309e-05
 Reference value :  1.00343e-05
 Reference value :  1.00377e-05
 Reference value :  1.00410e-05
 Reference value :  1.00443e-05
 Reference value :  1.00477e-05
 Reference value :  1.00509e-05
 Reference value :  1.00534e-05
 Reference value :  1.00567e-05
 Reference value :  1.00601e-05
 Reference value :  1.00635e-05
 Reference value :  1.00669e-05
 Reference value :  1.00703e-05
 Reference value :  1.00736e-05
 Reference value :  1.00769e-05
 Reference value :  1.00802e-05
 Reference value :  1.00835e-05
 Reference value :  1.00869e-05
 Reference value :  1.00902e-05
 Reference value :  1.00936e-05
 Reference value :  1.00970e-05
 Reference value :  1.01002e-05
 Reference value :  1.01024e-05
 Reference value :  1.01057e-05
 Reference value :  1.01091e-05
 Reference value :  1.01125e-05
 Reference value :  1.01158e-05
 Reference value :  1.01191e-05
 Reference value :  1.01224e-05
 Reference value :  1.01258e-05
 Reference value :  1.01291e-05
 Reference value :  1.01327e-05
 Reference value :  1.01362e-05
 Reference value :  1.01395e-05
 Reference value :  1.01428e-05
 Reference value :  1.01462e-05
 Reference value :  1.01496e-05
 Reference value :  1.01520e-05
 Reference value :  1.01552e-05
 Reference value :  1.01586e-05
 Reference value :  1.01619e-05
 Reference value :  1.01653e-05
 Reference value :  1.01686e-05
 Reference value :  1.01720e-05
 Reference value :  1.01754e-05
 Reference value :  1.01788e-05
 Reference value :  1.01821e-05
 Reference value :  1.01855e-05
 Reference value :  1.01891e-05
 Reference value :  1.01926e-05
 Reference value :  1.01961e-05
 Reference value :  1.01997e-05
 Reference value :  1.02022e-05
 Reference value :  1.02051e-05
 Reference value :  1.02085e-05
 Reference value :  1.02119e-05
 Reference value :  1.02153e-05
 Reference value :  1.02187e-05
 Reference value :  1.02222e-05
 Reference value :  1.02257e-05
 Reference value :  1.02291e-05
 Reference value :  1.02325e-05
 Reference value :  1.02359e-05
 Reference value :  1.02395e-05
 Reference value :  1.02430e-05
 Reference value :  1.02468e-05
 Reference value :  1.02503e-05
 Reference value :  1.02531e-05
 Reference value :  1.02567e-05
 Reference value :  1.02602e-05
 Reference value :  1.02637e-05
 Reference value :  1.02672e-05
 Reference value :  1.02706e-05
 Reference value :  1.02740e-05
 Reference value :  1.02774e-05
 Reference value :  1.02808e-05
 Reference value :  1.02845e-05
 Reference value :  1.02880e-05
 Reference value :  1.02913e-05
 Reference value :  1.02947e-05
 Reference value :  1.02983e-05
 Reference value :  1.03018e-05
 Reference value :  1.03047e-05
 Reference value :  1.03087e-05
 Reference value :  1.03121e-05
 Reference value :  1.03155e-05
 Reference value :  1.03188e-05
 Reference value :  1.03222e-05
 Reference value :  1.03256e-05
 Reference value :  1.03291e-05
 Reference value :  1.03326e-05
 Reference value :  1.03360e-05
 Reference value :  1.03394e-05
 Reference value :  1.03427e-05
 Reference value :  1.03460e-05
 Reference value :  1.03495e-05
 Reference value :  1.03522e-05
 Reference value :  1.03556e-05
 Reference value :  1.03591e-05
 Reference value :  1.03625e-05
 Reference value :  1.03658e-05
 Reference value :  1.03691e-05
 Reference value :  1.03725e-05
 Reference value :  1.03760e-05
 Reference value :  1.03793e-05
 Reference value :  1.03825e-05
 Reference value :  1.03859e-05
 Reference value :  1.03892e-05
 Reference value :  1.03924e-05
 Reference value :  1.03968e-05
 Reference value :  1.04000e-05
 Reference value :  1.04022e-05
 Reference value :  1.04040e-05
 Reference value :  1.04073e-05
 Reference value :  1.04106e-05
 Reference value :  1.04151e-05
 Reference value :  1.04203e-05
 Reference value :  1.04257e-05
 Reference value :  1.04308e-05
 Reference value :  1.04342e-05
 Reference value :  1.04377e-05
 Reference value :  1.04411e-05
 Reference value :  1.04449e-05
 Reference value :  1.04500e-05
 Reference value :  1.04541e-05
 Reference value :  1.04591e-05
 Reference value :  1.04644e-05
 Reference value :  1.04693e-05
 Reference value :  1.04747e-05
 Reference value :  1.04796e-05
 Reference value :  1.04846e-05
 Reference value :  1.04893e-05
 Reference value :  1.04941e-05
 Reference value :  1.04992e-05
 Reference value :  1.05033e-05
 Reference value :  1.05083e-05
 Reference value :  1.05129e-05
 Reference value :  1.05163e-05
 Reference value :  1.05196e-05
 Reference value :  1.05230e-05
 Reference value :  1.05262e-05
 Reference value :  1.05296e-05
 Reference value :  1.05328e-05
 Reference value :  1.05360e-05
 Reference value :  1.05393e-05
 Reference value :  1.05426e-05
 Reference value :  1.05459e-05
 Reference value :  1.05491e-05
 Reference value :  1.05518e-05
 Reference value :  1.05549e-05
 Reference value :  1.05582e-05
 Reference value :  1.05615e-05
 Reference value :  1.05646e-05
 Reference value :  1.05679e-05
 Reference value :  1.05710e-05
 Reference value :  1.05738e-05
 Reference value :  1.05766e-05
 Reference value :  1.05794e-05
 Reference value :  1.05823e-05
 Reference value :  1.05854e-05
 Reference value :  1.05886e-05
 Reference value :  1.05919e-05
 Reference value :  1.05951e-05
 Reference value :  1.05983e-05
 Reference value :  1.06012e-05
 Reference value :  1.06031e-05
 Reference value :  1.06064e-05
 Reference value :  1.06097e-05
 Reference value :  1.06131e-05
 Reference value :  1.06164e-05
 Reference value :  1.06196e-05
 Reference value :  1.06230e-05
 Reference value :  1.06264e-05
 Reference value :  1.06298e-05
 Reference value :  1.06331e-05
 Reference value :  1.06364e-05
 Reference value :  1.06399e-05
 Reference value :  1.06432e-05
 Reference value :  1.06466e-05
 Reference value :  1.06499e-05
 Reference value :  1.06525e-05
 Reference value :  1.06560e-05
 Reference value :  1.06594e-05
 Reference value :  1.06628e-05
 Reference value :  1.06663e-05
 Reference value :  1.06695e-05
 Reference value :  1.06728e-05
 Reference value :  1.06760e-05
 Reference value :  1.06793e-05
 Reference value :  1.06826e-05
 Reference value :  1.06859e-05
 Reference value :  1.06892e-05
 Reference value :  1.06925e-05
 Reference value :  1.06959e-05
 Reference value :  1.06992e-05
 Reference value :  1.07017e-05
 Reference value :  1.07045e-05
 Reference value :  1.07079e-05
 Reference value :  1.07112e-05
 Reference value :  1.07145e-05
 Reference value :  1.07179e-05
 Reference value :  1.07211e-05
 Reference value :  1.07244e-05
 Reference value :  1.07278e-05
 Reference value :  1.07310e-05
 Reference value :  1.07344e-05
 Reference value :  1.07377e-05
 Reference value :  1.07411e-05
 Reference value :  1.07444e-05
 Reference value :  1.07477e-05
 Reference value :  1.07508e-05
 Reference value :  1.07533e-05
 Reference value :  1.07565e-05
 Reference value :  1.07598e-05
 Reference value :  1.07632e-05
 Reference value :  1.07664e-05
 Reference value :  1.07697e-05
 Reference value :  1.07730e-05
 Reference value :  1.07764e-05
 Reference value :  1.07797e-05
 Reference value :  1.07830e-05
 Reference value :  1.07862e-05
 Reference value :  1.07894e-05
 Reference value :  1.07927e-05
 Reference value :  1.07960e-05
 Reference value :  1.07994e-05
 Reference value :  1.08018e-05
 Reference value :  1.08035e-05
 Reference value :  1.08067e-05
 Reference value :  1.08102e-05
 Reference value :  1.08136e-05
 Reference value :  1.08169e-05
 Reference value :  1.08202e-05
 Reference value :  1.08236e-05
 Reference value :  1.08269e-05
 Reference value :  1.08302e-05
 Reference value :  1.08336e-05
 Reference value :  1.08369e-05
 Reference value :  1.08402e-05
 Reference value :  1.08435e-05
 Reference value :  1.08468e-05
 Reference value :  1.08500e-05
 Reference value :  1.08524e-05
 Reference value :  1.08557e-05
 Reference value :  1.08591e-05
 Reference value :  1.08624e-05
 Reference value :  1.08656e-05
 Reference value :  1.08690e-05
 Reference value :  1.08724e-05
 Reference value :  1.08756e-05
 Reference value :  1.08789e-05
 Reference value :  1.08822e-05
 Reference value :  1.08857e-05
 Reference value :  1.08898e-05
 Reference value :  1.08933e-05
 Reference value :  1.08965e-05
 Reference value :  1.08999e-05
 Reference value :  1.09020e-05
 Reference value :  1.09052e-05
 Reference value :  1.09085e-05
 Reference value :  1.09119e-05
 Reference value :  1.09152e-05
 Reference value :  1.09185e-05
 Reference value :  1.09218e-05
 Reference value :  1.09250e-05
 Reference value :  1.09283e-05
 Reference value :  1.09316e-05
 Reference value :  1.09348e-05
 Reference value :  1.09381e-05
 Reference value :  1.09414e-05
 Reference value :  1.09448e-05
 Reference value :  1.09480e-05
 Reference value :  1.09512e-05
 Reference value :  1.09537e-05
 Reference value :  1.09570e-05
 Reference value :  1.09603e-05
 Reference value :  1.09636e-05
 Reference value :  1.09669e-05
 Reference value :  1.09703e-05
 Reference value :  1.09735e-05
 Reference value :  1.09768e-05
 Reference value :  1.09802e-05
 Reference value :  1.09837e-05
 Reference value :  1.09875e-05
 Reference value :  1.09909e-05
 Reference value :  1.09942e-05
 Reference value :  1.09978e-05
 Reference value :  1.10009e-05
 Reference value :  1.10027e-05
 Reference value :  1.10058e-05
 Reference value :  1.10091e-05
 Reference value :  1.10125e-05
 Reference value :  1.10161e-05
 Reference value :  1.10197e-05
 Reference value :  1.10231e-05
 Reference value :  1.10264e-05
 Reference value :  1.10298e-05
 Reference value :  1.10331e-05
 Reference value :  1.10366e-05
 Reference value :  1.10401e-05
 Reference value :  1.10436e-05
 Reference value :  1.10471e-05
 Reference value :  1.10505e-05
 Reference value :  1.10529e-05
 Reference value :  1.10564e-05
 Reference value :  1.10597e-05
 Reference value :  1.10631e-05
 Reference value :  1.10663e-05
 Reference value :  1.10697e-05
 Reference value :  1.10729e-05
 Reference value :  1.10763e-05
 Reference value :  1.10796e-05
 Reference value :  1.10829e-05
 Reference value :  1.10862e-05
 Reference value :  1.10895e-05
 Reference value :  1.10928e-05
 Reference value :  1.10960e-05
 Reference value :  1.10993e-05
 Reference value :  1.11018e-05
 Reference value :  1.11047e-05
 Reference value :  1.11080e-05
 Reference value :  1.11114e-05
 Reference value :  1.11146e-05
 Reference value :  1.11179e-05
 Reference value :  1.11217e-05
 Reference value :  1.11250e-05
 Reference value :  1.11283e-05
 Reference value :  1.11317e-05
 Reference value :  1.11350e-05
 Reference value :  1.11383e-05
 Reference value :  1.11417e-05
 Reference value :  1.11450e-05
 Reference value :  1.11483e-05
 Reference value :  1.11514e-05
 Reference value :  1.11539e-05
 Reference value :  1.11573e-05
 Reference value :  1.11606e-05
 Reference value :  1.11640e-05
 Reference value :  1.11673e-05
 Reference value :  1.11707e-05
 Reference value :  1.11740e-05
 Reference value :  1.11773e-05
 Reference value :  1.11806e-05
 Reference value :  1.11838e-05
 Reference value :  1.11871e-05
 Reference value :  1.11905e-05
 Reference value :  1.11938e-05
 Reference value :  1.11971e-05
 Reference value :  1.12003e-05
 Reference value :  1.12023e-05
 Reference value :  1.12040e-05
 Reference value :  1.12064e-05
 Reference value :  1.12098e-05
 Reference value :  1.12132e-05
 Reference value :  1.12166e-05
 Reference value :  1.12199e-05
 Reference value :  1.12233e-05
 Reference value :  1.12266e-05
 Reference value :  1.12299e-05
 Reference value :  1.12333e-05
 Reference value :  1.12366e-05
 Reference value :  1.12400e-05
 Reference value :  1.12434e-05
 Reference value :  1.12467e-05
 Reference value :  1.12500e-05
 Reference value :  1.12523e-05
 Reference value :  1.12556e-05
 Reference value :  1.12589e-05
 Reference value :  1.12622e-05
 Reference value :  1.12655e-05
 Reference value :  1.12689e-05
 Reference value :  1.12723e-05
 Reference value :  1.12756e-05
 Reference value :  1.12789e-05
 Reference value :  1.12823e-05
 Reference value :  1.12856e-05
 Reference value :  1.12889e-05
 Reference value :  1.12921e-05
 Reference value :  1.12954e-05
 Reference value :  1.12987e-05
 Reference value :  1.13014e-05
 Reference value :  1.13040e-05
 Reference value :  1.13073e-05
 Reference value :  1.13105e-05
 Reference value :  1.13138e-05
 Reference value :  1.13171e-05
 Reference value :  1.13203e-05
 Reference value :  1.13241e-05
 Reference value :  1.13268e-05
 Reference value :  1.13294e-05
 Reference value :  1.13321e-05
 Reference value :  1.13347e-05
 Reference value :  1.13374e-05
 Reference value :  1.13401e-05
 Reference value :  1.13427e-05
 Reference value :  1.13453e-05
 Reference value :  1.13480e-05
 Reference value :  1.13504e-05
 Reference value :  1.13523e-05
 Reference value :  1.13550e-05
 Reference value :  1.13576e-05
 Reference value :  1.13602e-05
 Reference value :  1.13628e-05
 Reference value :  1.13654e-05
 Reference value :  1.13681e-05
 Reference value :  1.13708e-05
 Reference value :  1.13735e-05
 Reference value :  1.13762e-05
 Reference value :  1.13789e-05
 Reference value :  1.13815e-05
 Reference value :  1.13842e-05
 Reference value :  1.13868e-05
 Reference value :  1.13894e-05
 Reference value :  1.13921e-05
 Reference value :  1.13949e-05
 Reference value :  1.13976e-05
 Reference value :  1.14001e-05
 Reference value :  1.14020e-05
 Reference value :  1.14040e-05
 Reference value :  1.14066e-05
 Reference value :  1.14092e-05
 Reference value :  1.14119e-05
 Reference value :  1.14147e-05
 Reference value :  1.14175e-05
 Reference value :  1.14202e-05
 Reference value :  1.14229e-05
 Reference value :  1.14256e-05
 Reference value :  1.14283e-05
 Reference value :  1.14310e-05
 Reference value :  1.14337e-05
 Reference value :  1.14364e-05
 Reference value :  1.14392e-05
 Reference value :  1.14420e-05
 Reference value :  1.14446e-05
 Reference value :  1.14476e-05
 Reference value :  1.14507e-05
 Reference value :  1.14526e-05
 Reference value :  1.14553e-05
 Reference value :  1.14580e-05
 Reference value :  1.14607e-05
 Reference value :  1.14634e-05
 Reference value :  1.14662e-05
 Reference value :  1.14690e-05
 Reference value :  1.14716e-05
 Reference value :  1.14742e-05
 Reference value :  1.14769e-05
 Reference value :  1.14795e-05
 Reference value :  1.14821e-05
 Reference value :  1.14848e-05
 Reference value :  1.14876e-05
 Reference value :  1.14903e-05
 Reference value :  1.14930e-05
 Reference value :  1.14958e-05
 Reference value :  1.14985e-05
 Reference value :  1.15010e-05
 Reference value :  1.15027e-05
 Reference value :  1.15055e-05
 Reference value :  1.15082e-05
 Reference value :  1.15110e-05
 Reference value :  1.15137e-05
 Reference value :  1.15164e-05
 Reference value :  1.15191e-05
 Reference value :  1.15218e-05
 Reference value :  1.15245e-05
 Reference value :  1.15272e-05
 Reference value :  1.15300e-05
 Reference value :  1.15327e-05
 Reference value :  1.15354e-05
 Reference value :  1.15381e-05
 Reference value :  1.15407e-05
 Reference value :  1.15435e-05
 Reference value :  1.15468e-05
 Reference value :  1.15500e-05
 Reference value :  1.15524e-05
 Reference value :  1.15557e-05
 Reference value :  1.15594e-05
 Reference value :  1.15634e-05
 Reference value :  1.15671e-05
 Reference value :  1.15705e-05
 Reference value :  1.15739e-05
 Reference value :  1.15772e-05
 Reference value :  1.15805e-05
 Reference value :  1.15845e-05
 Reference value :  1.15879e-05
 Reference value :  1.15912e-05
 Reference value :  1.15942e-05
 Reference value :  1.15970e-05
 Reference value :  1.15998e-05
 Reference value :  1.16019e-05
 Reference value :  1.16033e-05
 Reference value :  1.16060e-05
 Reference value :  1.16088e-05
 Reference value :  1.16116e-05
 Reference value :  1.16143e-05
 Reference value :  1.16172e-05
 Reference value :  1.16200e-05
 Reference value :  1.16227e-05
 Reference value :  1.16255e-05
 Reference value :  1.16281e-05
 Reference value :  1.16308e-05
 Reference value :  1.16336e-05
 Reference value :  1.16363e-05
 Reference value :  1.16390e-05
 Reference value :  1.16417e-05
 Reference value :  1.16445e-05
 Reference value :  1.16472e-05
 Reference value :  1.16504e-05
 Reference value :  1.16523e-05
 Reference value :  1.16551e-05
 Reference value :  1.16578e-05
 Reference value :  1.16605e-05
 Reference value :  1.16632e-05
 Reference value :  1.16660e-05
 Reference value :  1.16687e-05
 Reference value :  1.16713e-05
 Reference value :  1.16741e-05
 Reference value :  1.16769e-05
 Reference value :  1.16796e-05
 Reference value :  1.16824e-05
 Reference value :  1.16851e-05
 Reference value :  1.16879e-05
 Reference value :  1.16905e-05
 Reference value :  1.16932e-05
 Reference value :  1.16962e-05
 Reference value :  1.16988e-05
 Reference value :  1.17012e-05
 Reference value :  1.17030e-05
 Reference value :  1.17060e-05
 Reference value :  1.17087e-05
 Reference value :  1.17115e-05
 Reference value :  1.17142e-05
 Reference value :  1.17169e-05
 Reference value :  1.17196e-05
 Reference value :  1.17224e-05
 Reference value :  1.17251e-05
 Reference value :  1.17279e-05
 Reference value :  1.17305e-05
 Reference value :  1.17333e-05
 Reference value :  1.17360e-05
 Reference value :  1.17386e-05
 Reference value :  1.17413e-05
 Reference value :  1.17440e-05
 Reference value :  1.17467e-05
 Reference value :  1.17494e-05
 Reference value :  1.17516e-05
 Reference value :  1.17538e-05
 Reference value :  1.17564e-05
 Reference value :  1.17591e-05
 Reference value :  1.17618e-05
 Reference value :  1.17646e-05
 Reference value :  1.17674e-05
 Reference value :  1.17701e-05
 Reference value :  1.17728e-05
 Reference value :  1.17756e-05
 Reference value :  1.17784e-05
 Reference value :  1.17811e-05
 Reference value :  1.17839e-05
 Reference value :  1.17867e-05
 Reference value :  1.17895e-05
 Reference value :  1.17923e-05
 Reference value :  1.17950e-05
 Reference value :  1.17978e-05
 Reference value :  1.18006e-05
 Reference value :  1.18023e-05
 Reference value :  1.18047e-05
 Reference value :  1.18075e-05
 Reference value :  1.18103e-05
 Reference value :  1.18130e-05
 Reference value :  1.18157e-05
 Reference value :  1.18185e-05
 Reference value :  1.18213e-05
 Reference value :  1.18241e-05
 Reference value :  1.18269e-05
 Reference value :  1.18296e-05
 Reference value :  1.18324e-05
 Reference value :  1.18352e-05
 Reference value :  1.18381e-05
 Reference value :  1.18408e-05
 Reference value :  1.18436e-05
 Reference value :  1.18464e-05
 Reference value :  1.18490e-05
 Reference value :  1.18515e-05
 Reference value :  1.18537e-05
 Reference value :  1.18565e-05
 Reference value :  1.18592e-05
 Reference value :  1.18619e-05
 Reference value :  1.18645e-05
 Reference value :  1.18672e-05
 Reference value :  1.18700e-05
 Reference value :  1.18728e-05
 Reference value :  1.18755e-05
 Reference value :  1.18782e-05
 Reference value :  1.18809e-05
 Reference value :  1.18837e-05
 Reference value :  1.18864e-05
 Reference value :  1.18893e-05
 Reference value :  1.18920e-05
 Reference value :  1.18948e-05
 Reference value :  1.18976e-05
 Reference value :  1.19003e-05
 Reference value :  1.19021e-05
 Reference value :  1.19048e-05
 Reference value :  1.19076e-05
 Reference value :  1.19104e-05
 Reference value :  1.19133e-05
 Reference value :  1.19160e-05
 Reference value :  1.19188e-05
 Reference value :  1.19215e-05
 Reference value :  1.19242e-05
 Reference value :  1.19270e-05
 Reference value :  1.19297e-05
 Reference value :  1.19323e-05
 Reference value :  1.19351e-05
 Reference value :  1.19379e-05
 Reference value :  1.19407e-05
 Reference value :  1.19435e-05
 Reference value :  1.19463e-05
 Reference value :  1.19491e-05
 Reference value :  1.19514e-05
 Reference value :  1.19534e-05
 Reference value :  1.19562e-05
 Reference value :  1.19589e-05
 Reference value :  1.19616e-05
 Reference value :  1.19644e-05
 Reference value :  1.19671e-05
 Reference value :  1.19699e-05
 Reference value :  1.19726e-05
 Reference value :  1.19753e-05
 Reference value :  1.19780e-05
 Reference value :  1.19806e-05
 Reference value :  1.19833e-05
 Reference value :  1.19860e-05
 Reference value :  1.19887e-05
 Reference value :  1.19913e-05
 Reference value :  1.19940e-05
 Reference value :  1.19967e-05
 Reference value :  1.19994e-05
 Reference value :  1.20015e-05
 Reference value :  1.20029e-05
 Reference value :  1.20048e-05
 Reference value :  1.20077e-05
 Reference value :  1.20104e-05
 Reference value :  1.20131e-05
 Reference value :  1.20158e-05
 Reference value :  1.20187e-05
 Reference value :  1.20225e-05
 Reference value :  1.20253e-05
 Reference value :  1.20280e-05
 Reference value :  1.20309e-05
 Reference value :  1.20335e-05
 Reference value :  1.20362e-05
 Reference value :  1.20389e-05
 Reference value :  1.20416e-05
 Reference value :  1.20443e-05
 Reference value :  1.20469e-05
 Reference value :  1.20496e-05
 Reference value :  1.20517e-05
 Reference value :  1.20539e-05
 Reference value :  1.20565e-05
 Reference value :  1.20592e-05
 Reference value :  1.20619e-05
 Reference value :  1.20646e-05
 Reference value :  1.20672e-05
 Reference value :  1.20699e-05
 Reference value :  1.20726e-05
 Reference value :  1.20753e-05
 Reference value :  1.20780e-05
 Reference value :  1.20807e-05
 Reference value :  1.20834e-05
 Reference value :  1.20861e-05
 Reference value :  1.20888e-05
 Reference value :  1.20915e-05
 Reference value :  1.20942e-05
 Reference value :  1.20969e-05
 Reference value :  1.20996e-05
 Reference value :  1.21016e-05
 Reference value :  1.21038e-05
 Reference value :  1.21066e-05
 Reference value :  1.21093e-05
 Reference value :  1.21121e-05
 Reference value :  1.21147e-05
 Reference value :  1.21173e-05
 Reference value :  1.21199e-05
 Reference value :  1.21226e-05
 Reference value :  1.21252e-05
 Reference value :  1.21278e-05
 Reference value :  1.21304e-05
 Reference value :  1.21330e-05
 Reference value :  1.21356e-05
 Reference value :  1.21383e-05
 Reference value :  1.21409e-05
 Reference value :  1.21436e-05
 Reference value :  1.21463e-05
 Reference value :  1.21489e-05
 Reference value :  1.21513e-05
 Reference value :  1.21532e-05
 Reference value :  1.21559e-05
 Reference value :  1.21587e-05
 Reference value :  1.21614e-05
 Reference value :  1.21642e-05
 Reference value :  1.21670e-05
 Reference value :  1.21698e-05
 Reference value :  1.21725e-05
 Reference value :  1.21755e-05
 Reference value :  1.21782e-05
 Reference value :  1.21809e-05
 Reference value :  1.21836e-05
 Reference value :  1.21862e-05
 Reference value :  1.21889e-05
 Reference value :  1.21916e-05
 Reference value :  1.21945e-05
 Reference value :  1.21972e-05
 Reference value :  1.21999e-05
 Reference value :  1.22018e-05
 Reference value :  1.22035e-05
 Reference value :  1.22062e-05
 Reference value :  1.22089e-05
 Reference value :  1.22115e-05
 Reference value :  1.22142e-05
 Reference value :  1.22169e-05
 Reference value :  1.22197e-05
 Reference value :  1.22224e-05
 Reference value :  1.22251e-05
 Reference value :  1.22278e-05
 Reference value :  1.22304e-05
 Reference value :  1.22332e-05
 Reference value :  1.22359e-05
 Reference value :  1.22385e-05
 Reference value :  1.22412e-05
 Reference value :  1.22439e-05
 Reference value :  1.22466e-05
 Reference value :  1.22492e-05
 Reference value :  1.22515e-05
 Reference value :  1.22536e-05
 Reference value :  1.22563e-05
 Reference value :  1.22590e-05
 Reference value :  1.22617e-05
 Reference value :  1.22644e-05
 Reference value :  1.22670e-05
 Reference value :  1.22697e-05
 Reference value :  1.22723e-05
 Reference value :  1.22750e-05
 Reference value :  1.22777e-05
 Reference value :  1.22803e-05
 Reference value :  1.22830e-05
 Reference value :  1.22857e-05
 Reference value :  1.22883e-05
 Reference value :  1.22910e-05
 Reference value :  1.22938e-05
 Reference value :  1.22966e-05
 Reference value :  1.23000e-05
 Reference value :  1.23019e-05
 Reference value :  1.23041e-05
 Reference value :  1.23069e-05
 Reference value :  1.23095e-05
 Reference value :  1.23121e-05
 Reference value :  1.23148e-05
 Reference value :  1.23173e-05
 Reference value :  1.23200e-05
 Reference value :  1.23227e-05
 Reference value :  1.23253e-05
 Reference value :  1.23281e-05
 Reference value :  1.23307e-05
 Reference value :  1.23334e-05
 Reference value :  1.23360e-05
 Reference value :  1.23386e-05
 Reference value :  1.23413e-05
 Reference value :  1.23439e-05
 Reference value :  1.23467e-05
 Reference value :  1.23494e-05
 Reference value :  1.23516e-05
 Reference value :  1.23536e-05
 Reference value :  1.23563e-05
 Reference value :  1.23590e-05
 Reference value :  1.23616e-05
 Reference value :  1.23643e-05
 Reference value :  1.23670e-05
 Reference value :  1.23697e-05
 Reference value :  1.23724e-05
 Reference value :  1.23752e-05
 Reference value :  1.23779e-05
 Reference value :  1.23806e-05
 Reference value :  1.23836e-05
 Reference value :  1.23863e-05
 Reference value :  1.23889e-05
 Reference value :  1.23916e-05
 Reference value :  1.23942e-05
 Reference value :  1.23969e-05
 Reference value :  1.23995e-05
 Reference value :  1.24017e-05
 Reference value :  1.24031e-05
 Reference value :  1.24054e-05
 Reference value :  1.24081e-05
 Reference value :  1.24109e-05
 Reference value :  1.24136e-05
 Reference value :  1.24163e-05
 Reference value :  1.24189e-05
 Reference value :  1.24215e-05
 Reference value :  1.24243e-05
 Reference value :  1.24270e-05
 Reference value :  1.24297e-05
 Reference value :  1.24325e-05
 Reference value :  1.24352e-05
 Reference value :  1.24379e-05
 Reference value :  1.24406e-05
 Reference value :  1.24433e-05
 Reference value :  1.24460e-05
 Reference value :  1.24487e-05
 Reference value :  1.24511e-05
 Reference value :  1.24531e-05
 Reference value :  1.24559e-05
 Reference value :  1.24585e-05
 Reference value :  1.24614e-05
 Reference value :  1.24640e-05
 Reference value :  1.24667e-05
 Reference value :  1.24694e-05
 Reference value :  1.24721e-05
 Reference value :  1.24748e-05
 Reference value :  1.24775e-05
 Reference value :  1.24802e-05
 Reference value :  1.24829e-05
 Reference value :  1.24856e-05
 Reference value :  1.24883e-05
 Reference value :  1.24910e-05
 Reference value :  1.24937e-05
 Reference value :  1.24963e-05
 Reference value :  1.24990e-05
 Reference value :  1.25012e-05
 Reference value :  1.25031e-05
 Reference value :  1.25057e-05
 Reference value :  1.25083e-05
 Reference value :  1.25112e-05
 Reference value :  1.25139e-05
 Reference value :  1.25168e-05
 Reference value :  1.25195e-05
 Reference value :  1.25223e-05
 Reference value :  1.25251e-05
 Reference value :  1.25279e-05
 Reference value :  1.25307e-05
 Reference value :  1.25335e-05
 Reference value :  1.25362e-05
 Reference value :  1.25390e-05
 Reference value :  1.25418e-05
 Reference value :  1.25446e-05
 Reference value :  1.25474e-05
 Reference value :  1.25500e-05
 Reference value :  1.25521e-05
 Reference value :  1.25548e-05
 Reference value :  1.25576e-05
 Reference value :  1.25604e-05
 Reference value :  1.25633e-05
 Reference value :  1.25661e-05
 Reference value :  1.25688e-05
 Reference value :  1.25716e-05
 Reference value :  1.25749e-05
 Reference value :  1.25778e-05
 Reference value :  1.25805e-05
 Reference value :  1.25833e-05
 Reference value :  1.25861e-05
 Reference value :  1.25889e-05
 Reference value :  1.25917e-05
 Reference value :  1.25945e-05
 Reference value :  1.25972e-05
 Reference value :  1.26000e-05
 Reference value :  1.26019e-05
 Reference value :  1.26038e-05
 Reference value :  1.26067e-05
 Reference value :  1.26095e-05
 Reference value :  1.26123e-05
 Reference value :  1.26151e-05
 Reference value :  1.26178e-05
 Reference value :  1.26205e-05
 Reference value :  1.26233e-05
 Reference value :  1.26262e-05
 Reference value :  1.26290e-05
 Reference value :  1.26317e-05
 Reference value :  1.26345e-05
 Reference value :  1.26373e-05
 Reference value :  1.26401e-05
 Reference value :  1.26428e-05
 Reference value :  1.26456e-05
 Reference value :  1.26483e-05
 Reference value :  1.26510e-05
 Reference value :  1.26531e-05
 Reference value :  1.26558e-05
 Reference value :  1.26585e-05
 Reference value :  1.26612e-05
 Reference value :  1.26639e-05
 Reference value :  1.26667e-05
 Reference value :  1.26695e-05
 Reference value :  1.26721e-05
 Reference value :  1.26748e-05
 Reference value :  1.26776e-05
 Reference value :  1.26803e-05
 Reference value :  1.26831e-05
 Reference value :  1.26858e-05
 Reference value :  1.26886e-05
 Reference value :  1.26913e-05
 Reference value :  1.26941e-05
 Reference value :  1.26969e-05
 Reference value :  1.26997e-05
 Reference value :  1.27017e-05
 Reference value :  1.27040e-05
 Reference value :  1.27068e-05
 Reference value :  1.27096e-05
 Reference value :  1.27123e-05
 Reference value :  1.27152e-05
 Reference value :  1.27180e-05
 Reference value :  1.27206e-05
 Reference value :  1.27234e-05
 Reference value :  1.27262e-05
 Reference value :  1.27289e-05
 Reference value :  1.27316e-05
 Reference value :  1.27344e-05
 Reference value :  1.27372e-05
 Reference value :  1.27401e-05
 Reference value :  1.27429e-05
 Reference value :  1.27458e-05
 Reference value :  1.27485e-05
 Reference value :  1.27512e-05
 Reference value :  1.27532e-05
 Reference value :  1.27559e-05
 Reference value :  1.27588e-05
 Reference value :  1.27616e-05
 Reference value :  1.27645e-05
 Reference value :  1.27673e-05
 Reference value :  1.27701e-05
 Reference value :  1.27728e-05
 Reference value :  1.27757e-05
 Reference value :  1.27785e-05
 Reference value :  1.27813e-05
 Reference value :  1.27841e-05
 Reference value :  1.27869e-05
 Reference value :  1.27896e-05
 Reference value :  1.27924e-05
 Reference value :  1.27953e-05
 Reference value :  1.27983e-05
 Reference value :  1.28008e-05
 Reference value :  1.28024e-05
 Reference value :  1.28041e-05
 Reference value :  1.28065e-05
 Reference value :  1.28095e-05
 Reference value :  1.28124e-05
 Reference value :  1.28152e-05
 Reference value :  1.28180e-05
 Reference value :  1.28208e-05
 Reference value :  1.28237e-05
 Reference value :  1.28265e-05
 Reference value :  1.28293e-05
 Reference value :  1.28322e-05
 Reference value :  1.28350e-05
 Reference value :  1.28382e-05
 Reference value :  1.28411e-05
 Reference value :  1.28440e-05
 Reference value :  1.28473e-05
 Reference value :  1.28500e-05
 Reference value :  1.28522e-05
 Reference value :  1.28550e-05
 Reference value :  1.28578e-05
 Reference value :  1.28606e-05
 Reference value :  1.28633e-05
 Reference value :  1.28661e-05
 Reference value :  1.28688e-05
 Reference value :  1.28716e-05
 Reference value :  1.28744e-05
 Reference value :  1.28772e-05
 Reference value :  1.28800e-05
 Reference value :  1.28827e-05
 Reference value :  1.28855e-05
 Reference value :  1.28885e-05
 Reference value :  1.28914e-05
 Reference value :  1.28945e-05
 Reference value :  1.28973e-05
 Reference value :  1.29000e-05
 Reference value :  1.29020e-05
 Reference value :  1.29047e-05
 Reference value :  1.29076e-05
 Reference value :  1.29105e-05
 Reference value :  1.29132e-05
 Reference value :  1.29160e-05
 Reference value :  1.29188e-05
 Reference value :  1.29218e-05
 Reference value :  1.29251e-05
 Reference value :  1.29285e-05
 Reference value :  1.29312e-05
 Reference value :  1.29340e-05
 Reference value :  1.29369e-05
 Reference value :  1.29397e-05
 Reference value :  1.29424e-05
 Reference value :  1.29453e-05
 Reference value :  1.29481e-05
 Reference value :  1.29506e-05
 Reference value :  1.29526e-05
 Reference value :  1.29554e-05
 Reference value :  1.29581e-05
 Reference value :  1.29610e-05
 Reference value :  1.29638e-05
 Reference value :  1.29667e-05
 Reference value :  1.29695e-05
 Reference value :  1.29723e-05
 Reference value :  1.29751e-05
 Reference value :  1.29779e-05
 Reference value :  1.29808e-05
 Reference value :  1.29838e-05
 Reference value :  1.29869e-05
 Reference value :  1.29897e-05
 Reference value :  1.29924e-05
 Reference value :  1.29954e-05
 Reference value :  1.29990e-05
 Reference value :  1.30018e-05
 Reference value :  1.30039e-05
 Reference value :  1.30074e-05
 Reference value :  1.30109e-05
 Reference value :  1.30140e-05
 Reference value :  1.30169e-05
 Reference value :  1.30197e-05
 Reference value :  1.30226e-05
 Reference value :  1.30253e-05
 Reference value :  1.30281e-05
 Reference value :  1.30310e-05
 Reference value :  1.30337e-05
 Reference value :  1.30365e-05
 Reference value :  1.30392e-05
 Reference value :  1.30420e-05
 Reference value :  1.30446e-05
 Reference value :  1.30473e-05
 Reference value :  1.30500e-05
 Reference value :  1.30521e-05
 Reference value :  1.30547e-05
 Reference value :  1.30574e-05
 Reference value :  1.30601e-05
 Reference value :  1.30628e-05
 Reference value :  1.30655e-05
 Reference value :  1.30682e-05
 Reference value :  1.30710e-05
 Reference value :  1.30737e-05
 Reference value :  1.30766e-05
 Reference value :  1.30794e-05
 Reference value :  1.30821e-05
 Reference value :  1.30848e-05
 Reference value :  1.30875e-05
 Reference value :  1.30902e-05
 Reference value :  1.30929e-05
 Reference value :  1.30957e-05
 Reference value :  1.30984e-05
 Reference value :  1.31010e-05
 Reference value :  1.31027e-05
 Reference value :  1.31054e-05
 Reference value :  1.31083e-05
 Reference value :  1.31110e-05
 Reference value :  1.31137e-05
 Reference value :  1.31164e-05
 Reference value :  1.31191e-05
 Reference value :  1.31219e-05
 Reference value :  1.31247e-05
 Reference value :  1.31275e-05
 Reference value :  1.31302e-05
 Reference value :  1.31329e-05
 Reference value :  1.31356e-05
 Reference value :  1.31383e-05
 Reference value :  1.31410e-05
 Reference value :  1.31436e-05
 Reference value :  1.31463e-05
 Reference value :  1.31490e-05
 Reference value :  1.31513e-05
 Reference value :  1.31533e-05
 Reference value :  1.31561e-05
 Reference value :  1.31588e-05
 Reference value :  1.31615e-05
 Reference value :  1.31643e-05
 Reference value :  1.31670e-05
 Reference value :  1.31699e-05
 Reference value :  1.31726e-05
 Reference value :  1.31753e-05
 Reference value :  1.31780e-05
 Reference value :  1.31807e-05
 Reference value :  1.31835e-05
 Reference value :  1.31862e-05
 Reference value :  1.31891e-05
 Reference value :  1.31918e-05
 Reference value :  1.31946e-05
 Reference value :  1.31974e-05
 Reference value :  1.32000e-05
 Reference value :  1.32019e-05
 Reference value :  1.32033e-05
 Reference value :  1.32059e-05
 Reference value :  1.32087e-05
 Reference value :  1.32115e-05
 Reference value :  1.32143e-05
 Reference value :  1.32171e-05
 Reference value :  1.32199e-05
 Reference value :  1.32227e-05
 Reference value :  1.32255e-05
 Reference value :  1.32285e-05
 Reference value :  1.32313e-05
 Reference value :  1.32341e-05
 Reference value :  1.32371e-05
 Reference value :  1.32399e-05
 Reference value :  1.32426e-05
 Reference value :  1.32454e-05
 Reference value :  1.32482e-05
 Reference value :  1.32511e-05
 Reference value :  1.32543e-05
 Reference value :  1.32571e-05
 Reference value :  1.32607e-05
 Reference value :  1.32645e-05
 Reference value :  1.32674e-05
 Reference value :  1.32720e-05
 Reference value :  1.32749e-05
 Reference value :  1.32777e-05
 Reference value :  1.32806e-05
 Reference value :  1.32834e-05
 Reference value :  1.32863e-05
 Reference value :  1.32892e-05
 Reference value :  1.32921e-05
 Reference value :  1.32950e-05
 Reference value :  1.32978e-05
 Reference value :  1.33006e-05
 Reference value :  1.33025e-05
 Reference value :  1.33054e-05
 Reference value :  1.33082e-05
 Reference value :  1.33110e-05
 Reference value :  1.33139e-05
 Reference value :  1.33172e-05
 Reference value :  1.33203e-05
 Reference value :  1.33235e-05
 Reference value :  1.33265e-05
 Reference value :  1.33294e-05
 Reference value :  1.33323e-05
 Reference value :  1.33351e-05
 Reference value :  1.33380e-05
 Reference value :  1.33409e-05
 Reference value :  1.33438e-05
 Reference value :  1.33467e-05
 Reference value :  1.33496e-05
 Reference value :  1.33518e-05
 Reference value :  1.33545e-05
 Reference value :  1.33576e-05
 Reference value :  1.33605e-05
 Reference value :  1.33635e-05
 Reference value :  1.33664e-05
 Reference value :  1.33693e-05
 Reference value :  1.33721e-05
 Reference value :  1.33750e-05
 Reference value :  1.33780e-05
 Reference value :  1.33808e-05
 Reference value :  1.33837e-05
 Reference value :  1.33865e-05
 Reference value :  1.33893e-05
 Reference value :  1.33922e-05
 Reference value :  1.33950e-05
 Reference value :  1.33979e-05
 Reference value :  1.34007e-05
 Reference value :  1.34023e-05
 Reference value :  1.34049e-05
 Reference value :  1.34079e-05
 Reference value :  1.34108e-05
 Reference value :  1.34138e-05
 Reference value :  1.34167e-05
 Reference value :  1.34197e-05
 Reference value :  1.34226e-05
 Reference value :  1.34256e-05
 Reference value :  1.34286e-05
 Reference value :  1.34317e-05
 Reference value :  1.34347e-05
 Reference value :  1.34378e-05
 Reference value :  1.34413e-05
 Reference value :  1.34445e-05
 Reference value :  1.34475e-05
 Reference value :  1.34504e-05
 Reference value :  1.34525e-05
 Reference value :  1.34555e-05
 Reference value :  1.34585e-05
 Reference value :  1.34615e-05
 Reference value :  1.34645e-05
 Reference value :  1.34675e-05
 Reference value :  1.34705e-05
 Reference value :  1.34735e-05
 Reference value :  1.34765e-05
 Reference value :  1.34796e-05
 Reference value :  1.34825e-05
 Reference value :  1.34855e-05
 Reference value :  1.34884e-05
 Reference value :  1.34914e-05
 Reference value :  1.34943e-05
 Reference value :  1.34972e-05
 Reference value :  1.35000e-05
 Reference value :  1.35020e-05
 Reference value :  1.35048e-05
 Reference value :  1.35078e-05
 Reference value :  1.35108e-05
 Reference value :  1.35138e-05
 Reference value :  1.35167e-05
 Reference value :  1.35198e-05
 Reference value :  1.35227e-05
 Reference value :  1.35257e-05
 Reference value :  1.35286e-05
 Reference value :  1.35315e-05
 Reference value :  1.35345e-05
 Reference value :  1.35378e-05
 Reference value :  1.35407e-05
 Reference value :  1.35438e-05
 Reference value :  1.35467e-05
 Reference value :  1.35496e-05
 Reference value :  1.35518e-05
 Reference value :  1.35544e-05
 Reference value :  1.35574e-05
 Reference value :  1.35603e-05
 Reference value :  1.35633e-05
 Reference value :  1.35665e-05
 Reference value :  1.35695e-05
 Reference value :  1.35726e-05
 Reference value :  1.35755e-05
 Reference value :  1.35785e-05
 Reference value :  1.35817e-05
 Reference value :  1.35846e-05
 Reference value :  1.35875e-05
 Reference value :  1.35905e-05
 Reference value :  1.35934e-05
 Reference value :  1.35964e-05
 Reference value :  1.35996e-05
 Reference value :  1.36018e-05
 Reference value :  1.36033e-05
 Reference value :  1.36057e-05
 Reference value :  1.36088e-05
 Reference value :  1.36118e-05
 Reference value :  1.36149e-05
 Reference value :  1.36178e-05
 Reference value :  1.36208e-05
 Reference value :  1.36238e-05
 Reference value :  1.36270e-05
 Reference value :  1.36300e-05
 Reference value :  1.36331e-05
 Reference value :  1.36357e-05
 Reference value :  1.36382e-05
 Reference value :  1.36409e-05
 Reference value :  1.36439e-05
 Reference value :  1.36470e-05
 Reference value :  1.36499e-05
 Reference value :  1.36521e-05
 Reference value :  1.36551e-05
 Reference value :  1.36579e-05
 Reference value :  1.36609e-05
 Reference value :  1.36638e-05
 Reference value :  1.36667e-05
 Reference value :  1.36696e-05
 Reference value :  1.36725e-05
 Reference value :  1.36755e-05
 Reference value :  1.36785e-05
 Reference value :  1.36814e-05
 Reference value :  1.36844e-05
 Reference value :  1.36874e-05
 Reference value :  1.36903e-05
 Reference value :  1.36933e-05
 Reference value :  1.36963e-05
 Reference value :  1.36994e-05
 Reference value :  1.37018e-05
 Reference value :  1.37045e-05
 Reference value :  1.37075e-05
 Reference value :  1.37105e-05
 Reference value :  1.37136e-05
 Reference value :  1.37165e-05
 Reference value :  1.37195e-05
 Reference value :  1.37224e-05
 Reference value :  1.37254e-05
 Reference value :  1.37288e-05
 Reference value :  1.37320e-05
 Reference value :  1.37350e-05
 Reference value :  1.37380e-05
 Reference value :  1.37413e-05
 Reference value :  1.37445e-05
 Reference value :  1.37475e-05
 Reference value :  1.37503e-05
 Reference value :  1.37524e-05
 Reference value :  1.37555e-05
 Reference value :  1.37584e-05
 Reference value :  1.37613e-05
 Reference value :  1.37642e-05
 Reference value :  1.37672e-05
 Reference value :  1.37701e-05
 Reference value :  1.37730e-05
 Reference value :  1.37760e-05
 Reference value :  1.37789e-05
 Reference value :  1.37819e-05
 Reference value :  1.37849e-05
 Reference value :  1.37879e-05
 Reference value :  1.37909e-05
 Reference value :  1.37939e-05
 Reference value :  1.37968e-05
 Reference value :  1.37997e-05
 Reference value :  1.38018e-05
 Reference value :  1.38038e-05
 Reference value :  1.38068e-05
 Reference value :  1.38098e-05
 Reference value :  1.38127e-05
 Reference value :  1.38157e-05
 Reference value :  1.38187e-05
 Reference value :  1.38216e-05
 Reference value :  1.38246e-05
 Reference value :  1.38276e-05
 Reference value :  1.38305e-05
 Reference value :  1.38335e-05
 Reference value :  1.38365e-05
 Reference value :  1.38395e-05
 Reference value :  1.38425e-05
 Reference value :  1.38455e-05
 Reference value :  1.38485e-05
 Reference value :  1.38512e-05
 Reference value :  1.38535e-05
 Reference value :  1.38565e-05
 Reference value :  1.38594e-05
 Reference value :  1.38623e-05
 Reference value :  1.38653e-05
 Reference value :  1.38682e-05
 Reference value :  1.38711e-05
 Reference value :  1.38740e-05
 Reference value :  1.38770e-05
 Reference value :  1.38800e-05
 Reference value :  1.38830e-05
 Reference value :  1.38859e-05
 Reference value :  1.38889e-05
 Reference value :  1.38919e-05
 Reference value :  1.38948e-05
 Reference value :  1.38978e-05
 Reference value :  1.39006e-05
 Reference value :  1.39025e-05
 Reference value :  1.39054e-05
 Reference value :  1.39085e-05
 Reference value :  1.39114e-05
 Reference value :  1.39144e-05
 Reference value :  1.39173e-05
 Reference value :  1.39202e-05
 Reference value :  1.39231e-05
 Reference value :  1.39262e-05
 Reference value :  1.39291e-05
 Reference value :  1.39320e-05
 Reference value :  1.39350e-05
 Reference value :  1.39380e-05
 Reference value :  1.39410e-05
 Reference value :  1.39439e-05
 Reference value :  1.39469e-05
 Reference value :  1.39498e-05
 Reference value :  1.39520e-05
 Reference value :  1.39546e-05
 Reference value :  1.39576e-05
 Reference value :  1.39606e-05
 Reference value :  1.39637e-05
 Reference value :  1.39667e-05
 Reference value :  1.39697e-05
 Reference value :  1.39725e-05
 Reference value :  1.39754e-05
 Reference value :  1.39785e-05
 Reference value :  1.39814e-05
 Reference value :  1.39843e-05
 Reference value :  1.39873e-05
 Reference value :  1.39903e-05
 Reference value :  1.39933e-05
 Reference value :  1.39963e-05
 Reference value :  1.39994e-05
 Reference value :  1.40016e-05
 Reference value :  1.40031e-05
 Reference value :  1.40058e-05
 Reference value :  1.40088e-05
 Reference value :  1.40117e-05
 Reference value :  1.40146e-05
 Reference value :  1.40176e-05
 Reference value :  1.40204e-05
 Reference value :  1.40234e-05
 Reference value :  1.40270e-05
 Reference value :  1.40301e-05
 Reference value :  1.40331e-05
 Reference value :  1.40361e-05
 Reference value :  1.40390e-05
 Reference value :  1.40420e-05
 Reference value :  1.40449e-05
 Reference value :  1.40478e-05
 Reference value :  1.40507e-05
 Reference value :  1.40529e-05
 Reference value :  1.40558e-05
 Reference value :  1.40588e-05
 Reference value :  1.40617e-05
 Reference value :  1.40647e-05
 Reference value :  1.40676e-05
 Reference value :  1.40705e-05
 Reference value :  1.40735e-05
 Reference value :  1.40765e-05
 Reference value :  1.40794e-05
 Reference value :  1.40824e-05
 Reference value :  1.40852e-05
 Reference value :  1.40881e-05
 Reference value :  1.40911e-05
 Reference value :  1.40941e-05
 Reference value :  1.40970e-05
 Reference value :  1.41000e-05
 Reference value :  1.41020e-05
 Reference value :  1.41045e-05
 Reference value :  1.41075e-05
 Reference value :  1.41104e-05
 Reference value :  1.41134e-05
 Reference value :  1.41164e-05
 Reference value :  1.41193e-05
 Reference value :  1.41223e-05
 Reference value :  1.41252e-05
 Reference value :  1.41284e-05
 Reference value :  1.41314e-05
 Reference value :  1.41344e-05
 Reference value :  1.41374e-05
 Reference value :  1.41403e-05
 Reference value :  1.41432e-05
 Reference value :  1.41462e-05
 Reference value :  1.41491e-05
 Reference value :  1.41517e-05
 Reference value :  1.41542e-05
 Reference value :  1.41571e-05
 Reference value :  1.41601e-05
 Reference value :  1.41632e-05
 Reference value :  1.41661e-05
 Reference value :  1.41691e-05
 Reference value :  1.41721e-05
 Reference value :  1.41750e-05
 Reference value :  1.41779e-05
 Reference value :  1.41812e-05
 Reference value :  1.41841e-05
 Reference value :  1.41871e-05
 Reference value :  1.41901e-05
 Reference value :  1.41930e-05
 Reference value :  1.41960e-05
 Reference value :  1.41990e-05
 Reference value :  1.42015e-05
 Reference value :  1.42034e-05
 Reference value :  1.42063e-05
 Reference value :  1.42093e-05
 Reference value :  1.42123e-05
 Reference value :  1.42153e-05
 Reference value :  1.42183e-05
 Reference value :  1.42213e-05
 Reference value :  1.42242e-05
 Reference value :  1.42276e-05
 Reference value :  1.42310e-05
 Reference value :  1.42344e-05
 Reference value :  1.42379e-05
 Reference value :  1.42413e-05
 Reference value :  1.42447e-05
 Reference value :  1.42481e-05
 Reference value :  1.42513e-05
 Reference value :  1.42541e-05
 Reference value :  1.42575e-05
 Reference value :  1.42610e-05
 Reference value :  1.42644e-05
 Reference value :  1.42677e-05
 Reference value :  1.42711e-05
 Reference value :  1.42746e-05
 Reference value :  1.42780e-05
 Reference value :  1.42813e-05
 Reference value :  1.42848e-05
 Reference value :  1.42883e-05
 Reference value :  1.42917e-05
 Reference value :  1.42951e-05
 Reference value :  1.42986e-05
 Reference value :  1.43015e-05
 Reference value :  1.43043e-05
 Reference value :  1.43078e-05
 Reference value :  1.43114e-05
 Reference value :  1.43148e-05
 Reference value :  1.43182e-05
 Reference value :  1.43218e-05
 Reference value :  1.43253e-05
 Reference value :  1.43288e-05
 Reference value :  1.43323e-05
 Reference value :  1.43357e-05
 Reference value :  1.43391e-05
 Reference value :  1.43426e-05
 Reference value :  1.43460e-05
 Reference value :  1.43495e-05
 Reference value :  1.43520e-05
 Reference value :  1.43554e-05
 Reference value :  1.43589e-05
 Reference value :  1.43624e-05
 Reference value :  1.43658e-05
 Reference value :  1.43692e-05
 Reference value :  1.43727e-05
 Reference value :  1.43762e-05
 Reference value :  1.43796e-05
 Reference value :  1.43829e-05
 Reference value :  1.43863e-05
 Reference value :  1.43896e-05
 Reference value :  1.43931e-05
 Reference value :  1.43965e-05
 Reference value :  1.43998e-05
 Reference value :  1.44020e-05
 Reference value :  1.44039e-05
 Reference value :  1.44058e-05
 Reference value :  1.44092e-05
 Reference value :  1.44126e-05
 Reference value :  1.44160e-05
 Reference value :  1.44195e-05
 Reference value :  1.44228e-05
 Reference value :  1.44262e-05
 Reference value :  1.44296e-05
 Reference value :  1.44330e-05
 Reference value :  1.44364e-05
 Reference value :  1.44397e-05
 Reference value :  1.44431e-05
 Reference value :  1.44465e-05
 Reference value :  1.44499e-05
 Reference value :  1.44523e-05
 Reference value :  1.44556e-05
 Reference value :  1.44590e-05
 Reference value :  1.44623e-05
 Reference value :  1.44657e-05
 Reference value :  1.44690e-05
 Reference value :  1.44723e-05
 Reference value :  1.44757e-05
 Reference value :  1.44790e-05
 Reference value :  1.44824e-05
 Reference value :  1.44857e-05
 Reference value :  1.44891e-05
 Reference value :  1.44924e-05
 Reference value :  1.44957e-05
 Reference value :  1.44991e-05
 Reference value :  1.45017e-05
 Reference value :  1.45047e-05
 Reference value :  1.45082e-05
 Reference value :  1.45119e-05
 Reference value :  1.45154e-05
 Reference value :  1.45188e-05
 Reference value :  1.45222e-05
 Reference value :  1.45256e-05
 Reference value :  1.45289e-05
 Reference value :  1.45322e-05
 Reference value :  1.45356e-05
 Reference value :  1.45392e-05
 Reference value :  1.45427e-05
 Reference value :  1.45462e-05
 Reference value :  1.45499e-05
 Reference value :  1.45523e-05
 Reference value :  1.45556e-05
 Reference value :  1.45589e-05
 Reference value :  1.45631e-05
 Reference value :  1.45664e-05
 Reference value :  1.45698e-05
 Reference value :  1.45732e-05
 Reference value :  1.45766e-05
 Reference value :  1.45799e-05
 Reference value :  1.45832e-05
 Reference value :  1.45865e-05
 Reference value :  1.45898e-05
 Reference value :  1.45931e-05
 Reference value :  1.45965e-05
 Reference value :  1.45998e-05
 Reference value :  1.46020e-05
 Reference value :  1.46047e-05
 Reference value :  1.46080e-05
 Reference value :  1.46115e-05
 Reference value :  1.46148e-05
 Reference value :  1.46182e-05
 Reference value :  1.46216e-05
 Reference value :  1.46250e-05
 Reference value :  1.46284e-05
 Reference value :  1.46318e-05
 Reference value :  1.46352e-05
 Reference value :  1.46385e-05
 Reference value :  1.46418e-05
 Reference value :  1.46452e-05
 Reference value :  1.46485e-05
 Reference value :  1.46515e-05
 Reference value :  1.46543e-05
 Reference value :  1.46576e-05
 Reference value :  1.46609e-05
 Reference value :  1.46642e-05
 Reference value :  1.46675e-05
 Reference value :  1.46708e-05
 Reference value :  1.46742e-05
 Reference value :  1.46776e-05
 Reference value :  1.46809e-05
 Reference value :  1.46843e-05
 Reference value :  1.46876e-05
 Reference value :  1.46910e-05
 Reference value :  1.46943e-05
 Reference value :  1.46977e-05
 Reference value :  1.47009e-05
 Reference value :  1.47032e-05
 Reference value :  1.47065e-05
 Reference value :  1.47100e-05
 Reference value :  1.47133e-05
 Reference value :  1.47166e-05
 Reference value :  1.47199e-05
 Reference value :  1.47233e-05
 Reference value :  1.47266e-05
 Reference value :  1.47299e-05
 Reference value :  1.47332e-05
 Reference value :  1.47366e-05
 Reference value :  1.47398e-05
 Reference value :  1.47431e-05
 Reference value :  1.47464e-05
 Reference value :  1.47494e-05
 Reference value :  1.47519e-05
 Reference value :  1.47548e-05
 Reference value :  1.47579e-05
 Reference value :  1.47612e-05
 Reference value :  1.47646e-05
 Reference value :  1.47679e-05
 Reference value :  1.47712e-05
 Reference value :  1.47745e-05
 Reference value :  1.47774e-05
 Reference value :  1.47802e-05
 Reference value :  1.47829e-05
 Reference value :  1.47857e-05
 Reference value :  1.47886e-05
 Reference value :  1.47914e-05
 Reference value :  1.47942e-05
 Reference value :  1.47969e-05
 Reference value :  1.47996e-05
 Reference value :  1.48017e-05
 Reference value :  1.48031e-05
 Reference value :  1.48056e-05
 Reference value :  1.48085e-05
 Reference value :  1.48113e-05
 Reference value :  1.48142e-05
 Reference value :  1.48170e-05
 Reference value :  1.48201e-05
 Reference value :  1.48229e-05
 Reference value :  1.48257e-05
 Reference value :  1.48286e-05
 Reference value :  1.48314e-05
 Reference value :  1.48342e-05
 Reference value :  1.48370e-05
 Reference value :  1.48398e-05
 Reference value :  1.48425e-05
 Reference value :  1.48453e-05
 Reference value :  1.48480e-05
 Reference value :  1.48508e-05
 Reference value :  1.48528e-05
 Reference value :  1.48556e-05
 Reference value :  1.48583e-05
 Reference value :  1.48612e-05
 Reference value :  1.48648e-05
 Reference value :  1.48676e-05
 Reference value :  1.48704e-05
 Reference value :  1.48732e-05
 Reference value :  1.48759e-05
 Reference value :  1.48786e-05
 Reference value :  1.48814e-05
 Reference value :  1.48841e-05
 Reference value :  1.48870e-05
 Reference value :  1.48897e-05
 Reference value :  1.48925e-05
 Reference value :  1.48954e-05
 Reference value :  1.48981e-05
 Reference value :  1.49010e-05
 Reference value :  1.49030e-05
 Reference value :  1.49058e-05
 Reference value :  1.49086e-05
 Reference value :  1.49113e-05
 Reference value :  1.49142e-05
 Reference value :  1.49170e-05
 Reference value :  1.49198e-05
 Reference value :  1.49226e-05
 Reference value :  1.49254e-05
 Reference value :  1.49282e-05
 Reference value :  1.49311e-05
 Reference value :  1.49339e-05
 Reference value :  1.49365e-05
 Reference value :  1.49393e-05
 Reference value :  1.49420e-05
 Reference value :  1.49448e-05
 Reference value :  1.49476e-05
 Reference value :  1.49507e-05
 Reference value :  1.49532e-05
 Reference value :  1.49566e-05
 Reference value :  1.49599e-05
 Reference value :  1.49631e-05
 Reference value :  1.49664e-05
 Reference value :  1.49696e-05
 Reference value :  1.49729e-05
 Reference value :  1.49762e-05
 Reference value :  1.49795e-05
 Reference value :  1.49827e-05
 Reference value :  1.49861e-05
 Reference value :  1.49894e-05
 Reference value :  1.49928e-05
 Reference value :  1.49961e-05
 Reference value :  1.49995e-05
 Reference value :  1.50019e-05
 Reference value :  1.50045e-05
 Reference value :  1.50078e-05
 Reference value :  1.50113e-05
 Reference value :  1.50147e-05
 Reference value :  1.50181e-05
 Reference value :  1.50215e-05
 Reference value :  1.50249e-05
 Reference value :  1.50283e-05
 Reference value :  1.50317e-05
 Reference value :  1.50351e-05
 Reference value :  1.50385e-05
 Reference value :  1.50419e-05
 Reference value :  1.50453e-05
 Reference value :  1.50488e-05
 Reference value :  1.50517e-05
 Reference value :  1.50555e-05
 Reference value :  1.50589e-05
 Reference value :  1.50622e-05
 Reference value :  1.50655e-05
 Reference value :  1.50689e-05
 Reference value :  1.50722e-05
 Reference value :  1.50756e-05
 Reference value :  1.50789e-05
 Reference value :  1.50823e-05
 Reference value :  1.50856e-05
 Reference value :  1.50890e-05
 Reference value :  1.50924e-05
 Reference value :  1.50959e-05
 Reference value :  1.50994e-05
 Reference value :  1.51020e-05
 Reference value :  1.51052e-05
 Reference value :  1.51086e-05
 Reference value :  1.51120e-05
 Reference value :  1.51153e-05
 Reference value :  1.51189e-05
 Reference value :  1.51223e-05
 Reference value :  1.51259e-05
 Reference value :  1.51293e-05
 Reference value :  1.51330e-05
 Reference value :  1.51364e-05
 Reference value :  1.51399e-05
 Reference value :  1.51434e-05
 Reference value :  1.51469e-05
 Reference value :  1.51500e-05
 Reference value :  1.51526e-05
 Reference value :  1.51559e-05
 Reference value :  1.51596e-05
 Reference value :  1.51630e-05
 Reference value :  1.51663e-05
 Reference value :  1.51698e-05
 Reference value :  1.51733e-05
 Reference value :  1.51766e-05
 Reference value :  1.51799e-05
 Reference value :  1.51835e-05
 Reference value :  1.51869e-05
 Reference value :  1.51904e-05
 Reference value :  1.51938e-05
 Reference value :  1.51972e-05
 Reference value :  1.52004e-05
 Reference value :  1.52024e-05
 Reference value :  1.52045e-05
 Reference value :  1.52083e-05
 Reference value :  1.52120e-05
 Reference value :  1.52156e-05
 Reference value :  1.52190e-05
 Reference value :  1.52223e-05
 Reference value :  1.52256e-05
 Reference value :  1.52290e-05
 Reference value :  1.52324e-05
 Reference value :  1.52360e-05
 Reference value :  1.52394e-05
 Reference value :  1.52428e-05
 Reference value :  1.52465e-05
 Reference value :  1.52500e-05
 Reference value :  1.52526e-05
 Reference value :  1.52563e-05
 Reference value :  1.52598e-05
 Reference value :  1.52633e-05
 Reference value :  1.52667e-05
 Reference value :  1.52701e-05
 Reference value :  1.52734e-05
 Reference value :  1.52768e-05
 Reference value :  1.52801e-05
 Reference value :  1.52835e-05
 Reference value :  1.52869e-05
 Reference value :  1.52902e-05
 Reference value :  1.52936e-05
 Reference value :  1.52971e-05
 Reference value :  1.53003e-05
 Reference value :  1.53029e-05
 Reference value :  1.53062e-05
 Reference value :  1.53096e-05
 Reference value :  1.53129e-05
 Reference value :  1.53164e-05
 Reference value :  1.53199e-05
 Reference value :  1.53235e-05
 Reference value :  1.53269e-05
 Reference value :  1.53304e-05
 Reference value :  1.53338e-05
 Reference value :  1.53374e-05
 Reference value :  1.53407e-05
 Reference value :  1.53441e-05
 Reference value :  1.53475e-05
 Reference value :  1.53508e-05
 Reference value :  1.53532e-05
 Reference value :  1.53565e-05
 Reference value :  1.53600e-05
 Reference value :  1.53643e-05
 Reference value :  1.53678e-05
 Reference value :  1.53712e-05
 Reference value :  1.53746e-05
 Reference value :  1.53780e-05
 Reference value :  1.53814e-05
 Reference value :  1.53847e-05
 Reference value :  1.53882e-05
 Reference value :  1.53916e-05
 Reference value :  1.53951e-05
 Reference value :  1.53985e-05
 Reference value :  1.54014e-05
 Reference value :  1.54037e-05
 Reference value :  1.54071e-05
 Reference value :  1.54106e-05
 Reference value :  1.54141e-05
 Reference value :  1.54175e-05
 Reference value :  1.54208e-05
 Reference value :  1.54242e-05
 Reference value :  1.54275e-05
 Reference value :  1.54310e-05
 Reference value :  1.54344e-05
 Reference value :  1.54378e-05
 Reference value :  1.54412e-05
 Reference value :  1.54447e-05
 Reference value :  1.54480e-05
 Reference value :  1.54511e-05
 Reference value :  1.54536e-05
 Reference value :  1.54569e-05
 Reference value :  1.54602e-05
 Reference value :  1.54635e-05
 Reference value :  1.54668e-05
 Reference value :  1.54702e-05
 Reference value :  1.54735e-05
 Reference value :  1.54768e-05
 Reference value :  1.54803e-05
 Reference value :  1.54836e-05
 Reference value :  1.54868e-05
 Reference value :  1.54902e-05
 Reference value :  1.54936e-05
 Reference value :  1.54971e-05
 Reference value :  1.55002e-05
 Reference value :  1.55024e-05
 Reference value :  1.55052e-05
 Reference value :  1.55082e-05
 Reference value :  1.55111e-05
 Reference value :  1.55141e-05
 Reference value :  1.55174e-05
 Reference value :  1.55207e-05
 Reference value :  1.55240e-05
 Reference value :  1.55272e-05
 Reference value :  1.55305e-05
 Reference value :  1.55338e-05
 Reference value :  1.55371e-05
 Reference value :  1.55405e-05
 Reference value :  1.55440e-05
 Reference value :  1.55474e-05
 Reference value :  1.55505e-05
 Reference value :  1.55531e-05
 Reference value :  1.55564e-05
 Reference value :  1.55598e-05
 Reference value :  1.55633e-05
 Reference value :  1.55666e-05
 Reference value :  1.55701e-05
 Reference value :  1.55735e-05
 Reference value :  1.55770e-05
 Reference value :  1.55803e-05
 Reference value :  1.55837e-05
 Reference value :  1.55870e-05
 Reference value :  1.55905e-05
 Reference value :  1.55938e-05
 Reference value :  1.55972e-05
 Reference value :  1.56004e-05
 Reference value :  1.56024e-05
 Reference value :  1.56048e-05
 Reference value :  1.56083e-05
 Reference value :  1.56117e-05
 Reference value :  1.56150e-05
 Reference value :  1.56184e-05
 Reference value :  1.56218e-05
 Reference value :  1.56252e-05
 Reference value :  1.56286e-05
 Reference value :  1.56319e-05
 Reference value :  1.56353e-05
 Reference value :  1.56387e-05
 Reference value :  1.56421e-05
 Reference value :  1.56456e-05
 Reference value :  1.56490e-05
 Reference value :  1.56518e-05
 Reference value :  1.56549e-05
 Reference value :  1.56583e-05
 Reference value :  1.56617e-05
 Reference value :  1.56651e-05
 Reference value :  1.56685e-05
 Reference value :  1.56719e-05
 Reference value :  1.56754e-05
 Reference value :  1.56788e-05
 Reference value :  1.56822e-05
 Reference value :  1.56855e-05
 Reference value :  1.56890e-05
 Reference value :  1.56924e-05
 Reference value :  1.56958e-05
 Reference value :  1.56992e-05
 Reference value :  1.57018e-05
 Reference value :  1.57048e-05
 Reference value :  1.57083e-05
 Reference value :  1.57117e-05
 Reference value :  1.57150e-05
 Reference value :  1.57184e-05
 Reference value :  1.57218e-05
 Reference value :  1.57252e-05
 Reference value :  1.57286e-05
 Reference value :  1.57321e-05
 Reference value :  1.57356e-05
 Reference value :  1.57389e-05
 Reference value :  1.57423e-05
 Reference value :  1.57457e-05
 Reference value :  1.57490e-05
 Reference value :  1.57517e-05
 Reference value :  1.57548e-05
 Reference value :  1.57589e-05
 Reference value :  1.57630e-05
 Reference value :  1.57664e-05
 Reference value :  1.57701e-05
 Reference value :  1.57734e-05
 Reference value :  1.57769e-05
 Reference value :  1.57803e-05
 Reference value :  1.57837e-05
 Reference value :  1.57871e-05
 Reference value :  1.57907e-05
 Reference value :  1.57940e-05
 Reference value :  1.57973e-05
 Reference value :  1.58005e-05
 Reference value :  1.58025e-05
 Reference value :  1.58058e-05
 Reference value :  1.58092e-05
 Reference value :  1.58128e-05
 Reference value :  1.58163e-05
 Reference value :  1.58197e-05
 Reference value :  1.58232e-05
 Reference value :  1.58267e-05
 Reference value :  1.58301e-05
 Reference value :  1.58335e-05
 Reference value :  1.58369e-05
 Reference value :  1.58404e-05
 Reference value :  1.58440e-05
 Reference value :  1.58475e-05
 Reference value :  1.58509e-05
 Reference value :  1.58536e-05
 Reference value :  1.58571e-05
 Reference value :  1.58604e-05
 Reference value :  1.58639e-05
 Reference value :  1.58673e-05
 Reference value :  1.58707e-05
 Reference value :  1.58741e-05
 Reference value :  1.58776e-05
 Reference value :  1.58811e-05
 Reference value :  1.58845e-05
 Reference value :  1.58879e-05
 Reference value :  1.58913e-05
 Reference value :  1.58949e-05
 Reference value :  1.58982e-05
 Reference value :  1.59013e-05
 Reference value :  1.59040e-05
 Reference value :  1.59074e-05
 Reference value :  1.59108e-05
 Reference value :  1.59143e-05
 Reference value :  1.59177e-05
 Reference value :  1.59212e-05
 Reference value :  1.59246e-05
 Reference value :  1.59281e-05
 Reference value :  1.59316e-05
 Reference value :  1.59350e-05
 Reference value :  1.59384e-05
 Reference value :  1.59419e-05
 Reference value :  1.59454e-05
 Reference value :  1.59489e-05
 Reference value :  1.59517e-05
 Reference value :  1.59547e-05
 Reference value :  1.59581e-05
 Reference value :  1.59614e-05
 Reference value :  1.59648e-05
 Reference value :  1.59684e-05
 Reference value :  1.59717e-05
 Reference value :  1.59751e-05
 Reference value :  1.59785e-05
 Reference value :  1.59818e-05
 Reference value :  1.59852e-05
 Reference value :  1.59885e-05
 Reference value :  1.59920e-05
 Reference value :  1.59953e-05
 Reference value :  1.59987e-05
 Reference value :  1.60015e-05
 Reference value :  1.60033e-05
 Reference value :  1.60055e-05
 Reference value :  1.60089e-05
 Reference value :  1.60123e-05
 Reference value :  1.60158e-05
 Reference value :  1.60191e-05
 Reference value :  1.60226e-05
 Reference value :  1.60261e-05
 Reference value :  1.60293e-05
 Reference value :  1.60320e-05
 Reference value :  1.60354e-05
 Reference value :  1.60387e-05
 Reference value :  1.60422e-05
 Reference value :  1.60456e-05
 Reference value :  1.60490e-05
 Reference value :  1.60518e-05
 Reference value :  1.60549e-05
 Reference value :  1.60584e-05
 Reference value :  1.60618e-05
 Reference value :  1.60653e-05
 Reference value :  1.60687e-05
 Reference value :  1.60722e-05
 Reference value :  1.60757e-05
 Reference value :  1.60790e-05
 Reference value :  1.60825e-05
 Reference value :  1.60859e-05
 Reference value :  1.60893e-05
 Reference value :  1.60927e-05
 Reference value :  1.60961e-05
 Reference value :  1.60995e-05
 Reference value :  1.61020e-05
 Reference value :  1.61052e-05
 Reference value :  1.61086e-05
 Reference value :  1.61120e-05
 Reference value :  1.61154e-05
 Reference value :  1.61188e-05
 Reference value :  1.61222e-05
 Reference value :  1.61258e-05
 Reference value :  1.61292e-05
 Reference value :  1.61326e-05
 Reference value :  1.61361e-05
 Reference value :  1.61397e-05
 Reference value :  1.61433e-05
 Reference value :  1.61469e-05
 Reference value :  1.61504e-05
 Reference value :  1.61531e-05
 Reference value :  1.61567e-05
 Reference value :  1.61600e-05
 Reference value :  1.61633e-05
 Reference value :  1.61667e-05
 Reference value :  1.61700e-05
 Reference value :  1.61733e-05
 Reference value :  1.61767e-05
 Reference value :  1.61802e-05
 Reference value :  1.61835e-05
 Reference value :  1.61869e-05
 Reference value :  1.61904e-05
 Reference value :  1.61937e-05
 Reference value :  1.61971e-05
 Reference value :  1.62004e-05
 Reference value :  1.62024e-05
 Reference value :  1.62058e-05
 Reference value :  1.62095e-05
 Reference value :  1.62132e-05
 Reference value :  1.62167e-05
 Reference value :  1.62202e-05
 Reference value :  1.62238e-05
 Reference value :  1.62271e-05
 Reference value :  1.62306e-05
 Reference value :  1.62340e-05
 Reference value :  1.62374e-05
 Reference value :  1.62408e-05
 Reference value :  1.62441e-05
 Reference value :  1.62475e-05
 Reference value :  1.62507e-05
 Reference value :  1.62533e-05
 Reference value :  1.62577e-05
 Reference value :  1.62610e-05
 Reference value :  1.62644e-05
 Reference value :  1.62677e-05
 Reference value :  1.62712e-05
 Reference value :  1.62745e-05
 Reference value :  1.62779e-05
 Reference value :  1.62812e-05
 Reference value :  1.62845e-05
 Reference value :  1.62878e-05
 Reference value :  1.62912e-05
 Reference value :  1.62945e-05
 Reference value :  1.62979e-05
 Reference value :  1.63010e-05
 Reference value :  1.63035e-05
 Reference value :  1.63068e-05
 Reference value :  1.63101e-05
 Reference value :  1.63134e-05
 Reference value :  1.63167e-05
 Reference value :  1.63200e-05
 Reference value :  1.63234e-05
 Reference value :  1.63267e-05
 Reference value :  1.63300e-05
 Reference value :  1.63334e-05
 Reference value :  1.63367e-05
 Reference value :  1.63402e-05
 Reference value :  1.63436e-05
 Reference value :  1.63470e-05
 Reference value :  1.63503e-05
 Reference value :  1.63528e-05
 Reference value :  1.63562e-05
 Reference value :  1.63596e-05
 Reference value :  1.63630e-05
 Reference value :  1.63663e-05
 Reference value :  1.63696e-05
 Reference value :  1.63729e-05
 Reference value :  1.63763e-05
 Reference value :  1.63797e-05
 Reference value :  1.63830e-05
 Reference value :  1.63864e-05
 Reference value :  1.63897e-05
 Reference value :  1.63930e-05
 Reference value :  1.63964e-05
 Reference value :  1.63998e-05
 Reference value :  1.64021e-05
 Reference value :  1.64047e-05
 Reference value :  1.64080e-05
 Reference value :  1.64115e-05
 Reference value :  1.64148e-05
 Reference value :  1.64182e-05
 Reference value :  1.64217e-05
 Reference value :  1.64251e-05
 Reference value :  1.64285e-05
 Reference value :  1.64319e-05
 Reference value :  1.64353e-05
 Reference value :  1.64387e-05
 Reference value :  1.64421e-05
 Reference value :  1.64454e-05
 Reference value :  1.64488e-05
 Reference value :  1.64516e-05
 Reference value :  1.64544e-05
 Reference value :  1.64578e-05
 Reference value :  1.64611e-05
 Reference value :  1.64645e-05
 Reference value :  1.64678e-05
 Reference value :  1.64712e-05
 Reference value :  1.64746e-05
 Reference value :  1.64781e-05
 Reference value :  1.64815e-05
 Reference value :  1.64848e-05
 Reference value :  1.64882e-05
 Reference value :  1.64916e-05
 Reference value :  1.64949e-05
 Reference value :  1.64983e-05
 Reference value :  1.65013e-05
 Reference value :  1.65039e-05
 Reference value :  1.65073e-05
 Reference value :  1.65107e-05
 Reference value :  1.65140e-05
 Reference value :  1.65173e-05
 Reference value :  1.65206e-05
 Reference value :  1.65240e-05
 Reference value :  1.65272e-05
 Reference value :  1.65305e-05
 Reference value :  1.65339e-05
 Reference value :  1.65375e-05
 Reference value :  1.65408e-05
 Reference value :  1.65438e-05
 Reference value :  1.65469e-05
 Reference value :  1.65497e-05
 Reference value :  1.65518e-05
 Reference value :  1.65544e-05
 Reference value :  1.65573e-05
 Reference value :  1.65603e-05
 Reference value :  1.65631e-05
 Reference value :  1.65660e-05
 Reference value :  1.65688e-05
 Reference value :  1.65717e-05
 Reference value :  1.65747e-05
 Reference value :  1.65775e-05
 Reference value :  1.65804e-05
 Reference value :  1.65835e-05
 Reference value :  1.65864e-05
 Reference value :  1.65893e-05
 Reference value :  1.65922e-05
 Reference value :  1.65950e-05
 Reference value :  1.65980e-05
 Reference value :  1.66006e-05
 Reference value :  1.66023e-05
 Reference value :  1.66049e-05
 Reference value :  1.66077e-05
 Reference value :  1.66108e-05
 Reference value :  1.66137e-05
 Reference value :  1.66167e-05
 Reference value :  1.66196e-05
 Reference value :  1.66225e-05
 Reference value :  1.66256e-05
 Reference value :  1.66285e-05
 Reference value :  1.66314e-05
 Reference value :  1.66342e-05
 Reference value :  1.66371e-05
 Reference value :  1.66399e-05
 Reference value :  1.66427e-05
 Reference value :  1.66455e-05
 Reference value :  1.66484e-05
 Reference value :  1.66510e-05
 Reference value :  1.66532e-05
 Reference value :  1.66560e-05
 Reference value :  1.66588e-05
 Reference value :  1.66617e-05
 Reference value :  1.66645e-05
 Reference value :  1.66672e-05
 Reference value :  1.66700e-05
 Reference value :  1.66728e-05
 Reference value :  1.66756e-05
 Reference value :  1.66784e-05
 Reference value :  1.66813e-05
 Reference value :  1.66841e-05
 Reference value :  1.66870e-05
 Reference value :  1.66898e-05
 Reference value :  1.66926e-05
 Reference value :  1.66954e-05
 Reference value :  1.66981e-05
 Reference value :  1.67008e-05
 Reference value :  1.67026e-05
 Reference value :  1.67055e-05
 Reference value :  1.67083e-05
 Reference value :  1.67112e-05
 Reference value :  1.67140e-05
 Reference value :  1.67168e-05
 Reference value :  1.67196e-05
 Reference value :  1.67227e-05
 Reference value :  1.67256e-05
 Reference value :  1.67285e-05
 Reference value :  1.67313e-05
 Reference value :  1.67342e-05
 Reference value :  1.67370e-05
 Reference value :  1.67400e-05
 Reference value :  1.67429e-05
 Reference value :  1.67458e-05
 Reference value :  1.67487e-05
 Reference value :  1.67513e-05
 Reference value :  1.67534e-05
 Reference value :  1.67563e-05
 Reference value :  1.67591e-05
 Reference value :  1.67620e-05
 Reference value :  1.67649e-05
 Reference value :  1.67678e-05
 Reference value :  1.67706e-05
 Reference value :  1.67736e-05
 Reference value :  1.67764e-05
 Reference value :  1.67793e-05
 Reference value :  1.67821e-05
 Reference value :  1.67851e-05
 Reference value :  1.67884e-05
 Reference value :  1.67914e-05
 Reference value :  1.67942e-05
 Reference value :  1.67970e-05
 Reference value :  1.67999e-05
 Reference value :  1.68019e-05
 Reference value :  1.68033e-05
 Reference value :  1.68055e-05
 Reference value :  1.68083e-05
 Reference value :  1.68112e-05
 Reference value :  1.68140e-05
 Reference value :  1.68169e-05
 Reference value :  1.68197e-05
 Reference value :  1.68226e-05
 Reference value :  1.68254e-05
 Reference value :  1.68284e-05
 Reference value :  1.68313e-05
 Reference value :  1.68341e-05
 Reference value :  1.68370e-05
 Reference value :  1.68399e-05
 Reference value :  1.68427e-05
 Reference value :  1.68456e-05
 Reference value :  1.68484e-05
 Reference value :  1.68510e-05
 Reference value :  1.68531e-05
 Reference value :  1.68558e-05
 Reference value :  1.68587e-05
 Reference value :  1.68615e-05
 Reference value :  1.68643e-05
 Reference value :  1.68671e-05
 Reference value :  1.68699e-05
 Reference value :  1.68727e-05
 Reference value :  1.68756e-05
 Reference value :  1.68783e-05
 Reference value :  1.68811e-05
 Reference value :  1.68840e-05
 Reference value :  1.68869e-05
 Reference value :  1.68897e-05
 Reference value :  1.68926e-05
 Reference value :  1.68954e-05
 Reference value :  1.68983e-05
 Reference value :  1.69010e-05
 Reference value :  1.69029e-05
 Reference value :  1.69057e-05
 Reference value :  1.69091e-05
 Reference value :  1.69119e-05
 Reference value :  1.69153e-05
 Reference value :  1.69181e-05
 Reference value :  1.69210e-05
 Reference value :  1.69237e-05
 Reference value :  1.69266e-05
 Reference value :  1.69294e-05
 Reference value :  1.69322e-05
 Reference value :  1.69350e-05
 Reference value :  1.69378e-05
 Reference value :  1.69406e-05
 Reference value :  1.69434e-05
 Reference value :  1.69462e-05
 Reference value :  1.69491e-05
 Reference value :  1.69516e-05
 Reference value :  1.69539e-05
 Reference value :  1.69567e-05
 Reference value :  1.69596e-05
 Reference value :  1.69624e-05
 Reference value :  1.69653e-05
 Reference value :  1.69681e-05
 Reference value :  1.69709e-05
 Reference value :  1.69738e-05
 Reference value :  1.69767e-05
 Reference value :  1.69795e-05
 Reference value :  1.69823e-05
 Reference value :  1.69851e-05
 Reference value :  1.69880e-05
 Reference value :  1.69907e-05
 Reference value :  1.69935e-05
 Reference value :  1.69964e-05
 Reference value :  1.69992e-05
 Reference value :  1.70015e-05
 Reference value :  1.70032e-05
 Reference value :  1.70061e-05
 Reference value :  1.70090e-05
 Reference value :  1.70119e-05
 Reference value :  1.70146e-05
 Reference value :  1.70177e-05
 Reference value :  1.70205e-05
 Reference value :  1.70234e-05
 Reference value :  1.70263e-05
 Reference value :  1.70292e-05
 Reference value :  1.70319e-05
 Reference value :  1.70348e-05
 Reference value :  1.70376e-05
 Reference value :  1.70405e-05
 Reference value :  1.70433e-05
 Reference value :  1.70468e-05
 Reference value :  1.70497e-05
 Reference value :  1.70520e-05
 Reference value :  1.70545e-05
 Reference value :  1.70574e-05
 Reference value :  1.70602e-05
 Reference value :  1.70630e-05
 Reference value :  1.70658e-05
 Reference value :  1.70687e-05
 Reference value :  1.70715e-05
 Reference value :  1.70744e-05
 Reference value :  1.70773e-05
 Reference value :  1.70801e-05
 Reference value :  1.70830e-05
 Reference value :  1.70858e-05
 Reference value :  1.70886e-05
 Reference value :  1.70914e-05
 Reference value :  1.70943e-05
 Reference value :  1.70971e-05
 Reference value :  1.70999e-05
 Reference value :  1.71019e-05
 Reference value :  1.71044e-05
 Reference value :  1.71073e-05
 Reference value :  1.71101e-05
 Reference value :  1.71129e-05
 Reference value :  1.71157e-05
 Reference value :  1.71186e-05
 Reference value :  1.71214e-05
 Reference value :  1.71241e-05
 Reference value :  1.71270e-05
 Reference value :  1.71298e-05
 Reference value :  1.71326e-05
 Reference value :  1.71354e-05
 Reference value :  1.71382e-05
 Reference value :  1.71411e-05
 Reference value :  1.71438e-05
 Reference value :  1.71466e-05
 Reference value :  1.71494e-05
 Reference value :  1.71516e-05
 Reference value :  1.71539e-05
 Reference value :  1.71567e-05
 Reference value :  1.71595e-05
 Reference value :  1.71623e-05
 Reference value :  1.71651e-05
 Reference value :  1.71680e-05
 Reference value :  1.71707e-05
 Reference value :  1.71735e-05
 Reference value :  1.71763e-05
 Reference value :  1.71791e-05
 Reference value :  1.71818e-05
 Reference value :  1.71846e-05
 Reference value :  1.71874e-05
 Reference value :  1.71902e-05
 Reference value :  1.71930e-05
 Reference value :  1.71958e-05
 Reference value :  1.71986e-05
 Reference value :  1.72011e-05
 Reference value :  1.72026e-05
 Reference value :  1.72045e-05
 Reference value :  1.72073e-05
 Reference value :  1.72101e-05
 Reference value :  1.72129e-05
 Reference value :  1.72157e-05
 Reference value :  1.72185e-05
 Reference value :  1.72213e-05
 Reference value :  1.72243e-05
 Reference value :  1.72272e-05
 Reference value :  1.72301e-05
 Reference value :  1.72329e-05
 Reference value :  1.72357e-05
 Reference value :  1.72385e-05
 Reference value :  1.72413e-05
 Reference value :  1.72442e-05
 Reference value :  1.72470e-05
 Reference value :  1.72499e-05
 Reference value :  1.72520e-05
 Reference value :  1.72545e-05
 Reference value :  1.72573e-05
 Reference value :  1.72601e-05
 Reference value :  1.72630e-05
 Reference value :  1.72658e-05
 Reference value :  1.72685e-05
 Reference value :  1.72712e-05
 Reference value :  1.72740e-05
 Reference value :  1.72768e-05
 Reference value :  1.72797e-05
 Reference value :  1.72824e-05
 Reference value :  1.72851e-05
 Reference value :  1.72879e-05
 Reference value :  1.72912e-05
 Reference value :  1.72940e-05
 Reference value :  1.72968e-05
 Reference value :  1.72996e-05
 Reference value :  1.73017e-05
 Reference value :  1.73040e-05
 Reference value :  1.73067e-05
 Reference value :  1.73096e-05
 Reference value :  1.73123e-05
 Reference value :  1.73152e-05
 Reference value :  1.73179e-05
 Reference value :  1.73207e-05
 Reference value :  1.73235e-05
 Reference value :  1.73265e-05
 Reference value :  1.73294e-05
 Reference value :  1.73323e-05
 Reference value :  1.73351e-05
 Reference value :  1.73379e-05
 Reference value :  1.73407e-05
 Reference value :  1.73435e-05
 Reference value :  1.73463e-05
 Reference value :  1.73490e-05
 Reference value :  1.73515e-05
 Reference value :  1.73536e-05
 Reference value :  1.73564e-05
 Reference value :  1.73592e-05
 Reference value :  1.73619e-05
 Reference value :  1.73647e-05
 Reference value :  1.73675e-05
 Reference value :  1.73704e-05
 Reference value :  1.73732e-05
 Reference value :  1.73760e-05
 Reference value :  1.73787e-05
 Reference value :  1.73815e-05
 Reference value :  1.73842e-05
 Reference value :  1.73871e-05
 Reference value :  1.73900e-05
 Reference value :  1.73928e-05
 Reference value :  1.73956e-05
 Reference value :  1.73984e-05
 Reference value :  1.74010e-05
 Reference value :  1.74025e-05
 Reference value :  1.74049e-05
 Reference value :  1.74077e-05
 Reference value :  1.74105e-05
 Reference value :  1.74133e-05
 Reference value :  1.74161e-05
 Reference value :  1.74189e-05
 Reference value :  1.74217e-05
 Reference value :  1.74245e-05
 Reference value :  1.74273e-05
 Reference value :  1.74301e-05
 Reference value :  1.74330e-05
 Reference value :  1.74357e-05
 Reference value :  1.74385e-05
 Reference value :  1.74413e-05
 Reference value :  1.74441e-05
 Reference value :  1.74470e-05
 Reference value :  1.74498e-05
 Reference value :  1.74518e-05
 Reference value :  1.74542e-05
 Reference value :  1.74570e-05
 Reference value :  1.74598e-05
 Reference value :  1.74626e-05
 Reference value :  1.74654e-05
 Reference value :  1.74683e-05
 Reference value :  1.74711e-05
 Reference value :  1.74739e-05
 Reference value :  1.74766e-05
 Reference value :  1.74795e-05
 Reference value :  1.74825e-05
 Reference value :  1.74854e-05
 Reference value :  1.74882e-05
 Reference value :  1.74910e-05
 Reference value :  1.74939e-05
 Reference value :  1.74966e-05
 Reference value :  1.74996e-05
 Reference value :  1.75017e-05
 Reference value :  1.75039e-05
 Reference value :  1.75068e-05
 Reference value :  1.75097e-05
 Reference value :  1.75126e-05
 Reference value :  1.75154e-05
 Reference value :  1.75183e-05
 Reference value :  1.75212e-05
 Reference value :  1.75240e-05
 Reference value :  1.75270e-05
 Reference value :  1.75298e-05
 Reference value :  1.75334e-05
 Reference value :  1.75362e-05
 Reference value :  1.75390e-05
 Reference value :  1.75420e-05
 Reference value :  1.75450e-05
 Reference value :  1.75479e-05
 Reference value :  1.75506e-05
 Reference value :  1.75525e-05
 Reference value :  1.75554e-05
 Reference value :  1.75584e-05
 Reference value :  1.75614e-05
 Reference value :  1.75643e-05
 Reference value :  1.75673e-05
 Reference value :  1.75701e-05
 Reference value :  1.75729e-05
 Reference value :  1.75758e-05
 Reference value :  1.75786e-05
 Reference value :  1.75814e-05
 Reference value :  1.75843e-05
 Reference value :  1.75872e-05
 Reference value :  1.75901e-05
 Reference value :  1.75930e-05
 Reference value :  1.75959e-05
 Reference value :  1.75987e-05
 Reference value :  1.76012e-05
 Reference value :  1.76026e-05
 Reference value :  1.76041e-05
 Reference value :  1.76067e-05
 Reference value :  1.76101e-05
 Reference value :  1.76135e-05
 Reference value :  1.76169e-05
 Reference value :  1.76206e-05
 Reference value :  1.76241e-05
 Reference value :  1.76275e-05
 Reference value :  1.76311e-05
 Reference value :  1.76347e-05
 Reference value :  1.76381e-05
 Reference value :  1.76415e-05
 Reference value :  1.76448e-05
 Reference value :  1.76482e-05
 Reference value :  1.76513e-05
 Reference value :  1.76539e-05
 Reference value :  1.76572e-05
 Reference value :  1.76606e-05
 Reference value :  1.76639e-05
 Reference value :  1.76673e-05
 Reference value :  1.76706e-05
 Reference value :  1.76741e-05
 Reference value :  1.76774e-05
 Reference value :  1.76808e-05
 Reference value :  1.76843e-05
 Reference value :  1.76877e-05
 Reference value :  1.76912e-05
 Reference value :  1.76947e-05
 Reference value :  1.76982e-05
 Reference value :  1.77012e-05
 Reference value :  1.77036e-05
 Reference value :  1.77071e-05
 Reference value :  1.77104e-05
 Reference value :  1.77139e-05
 Reference value :  1.77172e-05
 Reference value :  1.77206e-05
 Reference value :  1.77241e-05
 Reference value :  1.77275e-05
 Reference value :  1.77309e-05
 Reference value :  1.77344e-05
 Reference value :  1.77378e-05
 Reference value :  1.77411e-05
 Reference value :  1.77445e-05
 Reference value :  1.77480e-05
 Reference value :  1.77512e-05
 Reference value :  1.77537e-05
 Reference value :  1.77571e-05
 Reference value :  1.77605e-05
 Reference value :  1.77639e-05
 Reference value :  1.77673e-05
 Reference value :  1.77707e-05
 Reference value :  1.77742e-05
 Reference value :  1.77777e-05
 Reference value :  1.77811e-05
 Reference value :  1.77845e-05
 Reference value :  1.77879e-05
 Reference value :  1.77914e-05
 Reference value :  1.77948e-05
 Reference value :  1.77984e-05
 Reference value :  1.78013e-05
 Reference value :  1.78033e-05
 Reference value :  1.78068e-05
 Reference value :  1.78103e-05
 Reference value :  1.78137e-05
 Reference value :  1.78171e-05
 Reference value :  1.78206e-05
 Reference value :  1.78241e-05
 Reference value :  1.78275e-05
 Reference value :  1.78310e-05
 Reference value :  1.78344e-05
 Reference value :  1.78377e-05
 Reference value :  1.78411e-05
 Reference value :  1.78446e-05
 Reference value :  1.78480e-05
 Reference value :  1.78513e-05
 Reference value :  1.78540e-05
 Reference value :  1.78575e-05
 Reference value :  1.78610e-05
 Reference value :  1.78644e-05
 Reference value :  1.78678e-05
 Reference value :  1.78713e-05
 Reference value :  1.78747e-05
 Reference value :  1.78780e-05
 Reference value :  1.78814e-05
 Reference value :  1.78848e-05
 Reference value :  1.78882e-05
 Reference value :  1.78917e-05
 Reference value :  1.78950e-05
 Reference value :  1.78983e-05
 Reference value :  1.79013e-05
 Reference value :  1.79038e-05
 Reference value :  1.79072e-05
 Reference value :  1.79106e-05
 Reference value :  1.79142e-05
 Reference value :  1.79176e-05
 Reference value :  1.79210e-05
 Reference value :  1.79257e-05
 Reference value :  1.79291e-05
 Reference value :  1.79326e-05
 Reference value :  1.79360e-05
 Reference value :  1.79394e-05
 Reference value :  1.79428e-05
 Reference value :  1.79463e-05
 Reference value :  1.79497e-05
 Reference value :  1.79521e-05
 Reference value :  1.79555e-05
 Reference value :  1.79588e-05
 Reference value :  1.79622e-05
 Reference value :  1.79655e-05
 Reference value :  1.79689e-05
 Reference value :  1.79723e-05
 Reference value :  1.79757e-05
 Reference value :  1.79790e-05
 Reference value :  1.79824e-05
 Reference value :  1.79858e-05
 Reference value :  1.79892e-05
 Reference value :  1.79926e-05
 Reference value :  1.79960e-05
 Reference value :  1.79993e-05
 Reference value :  1.80019e-05
 Reference value :  1.80039e-05
 Reference value :  1.80074e-05
 Reference value :  1.80109e-05
 Reference value :  1.80150e-05
 Reference value :  1.80185e-05
 Reference value :  1.80219e-05
 Reference value :  1.80254e-05
 Reference value :  1.80288e-05
 Reference value :  1.80322e-05
 Reference value :  1.80358e-05
 Reference value :  1.80393e-05
 Reference value :  1.80428e-05
 Reference value :  1.80462e-05
 Reference value :  1.80496e-05
 Reference value :  1.80522e-05
 Reference value :  1.80559e-05
 Reference value :  1.80595e-05
 Reference value :  1.80631e-05
 Reference value :  1.80666e-05
 Reference value :  1.80701e-05
 Reference value :  1.80736e-05
 Reference value :  1.80770e-05
 Reference value :  1.80804e-05
 Reference value :  1.80840e-05
 Reference value :  1.80873e-05
 Reference value :  1.80907e-05
 Reference value :  1.80940e-05
 Reference value :  1.80973e-05
 Reference value :  1.81005e-05
 Reference value :  1.81029e-05
 Reference value :  1.81063e-05
 Reference value :  1.81097e-05
 Reference value :  1.81131e-05
 Reference value :  1.81165e-05
 Reference value :  1.81198e-05
 Reference value :  1.81233e-05
 Reference value :  1.81267e-05
 Reference value :  1.81301e-05
 Reference value :  1.81334e-05
 Reference value :  1.81368e-05
 Reference value :  1.81401e-05
 Reference value :  1.81435e-05
 Reference value :  1.81469e-05
 Reference value :  1.81503e-05
 Reference value :  1.81527e-05
 Reference value :  1.81563e-05
 Reference value :  1.81597e-05
 Reference value :  1.81631e-05
 Reference value :  1.81666e-05
 Reference value :  1.81700e-05
 Reference value :  1.81733e-05
 Reference value :  1.81767e-05
 Reference value :  1.81801e-05
 Reference value :  1.81835e-05
 Reference value :  1.81869e-05
 Reference value :  1.81903e-05
 Reference value :  1.81937e-05
 Reference value :  1.81970e-05
 Reference value :  1.82002e-05
 Reference value :  1.82023e-05
 Reference value :  1.82054e-05
 Reference value :  1.82089e-05
 Reference value :  1.82125e-05
 Reference value :  1.82158e-05
 Reference value :  1.82192e-05
 Reference value :  1.82226e-05
 Reference value :  1.82261e-05
 Reference value :  1.82296e-05
 Reference value :  1.82330e-05
 Reference value :  1.82365e-05
 Reference value :  1.82399e-05
 Reference value :  1.82432e-05
 Reference value :  1.82466e-05
 Reference value :  1.82500e-05
 Reference value :  1.82525e-05
 Reference value :  1.82558e-05
 Reference value :  1.82593e-05
 Reference value :  1.82627e-05
 Reference value :  1.82661e-05
 Reference value :  1.82695e-05
 Reference value :  1.82728e-05
 Reference value :  1.82764e-05
 Reference value :  1.82799e-05
 Reference value :  1.82833e-05
 Reference value :  1.82867e-05
 Reference value :  1.82901e-05
 Reference value :  1.82935e-05
 Reference value :  1.82968e-05
 Reference value :  1.83001e-05
 Reference value :  1.83025e-05
 Reference value :  1.83059e-05
 Reference value :  1.83092e-05
 Reference value :  1.83125e-05
 Reference value :  1.83159e-05
 Reference value :  1.83191e-05
 Reference value :  1.83225e-05
 Reference value :  1.83258e-05
 Reference value :  1.83291e-05
 Reference value :  1.83324e-05
 Reference value :  1.83358e-05
 Reference value :  1.83391e-05
 Reference value :  1.83425e-05
 Reference value :  1.83460e-05
 Reference value :  1.83495e-05
 Reference value :  1.83520e-05
 Reference value :  1.83554e-05
 Reference value :  1.83584e-05
 Reference value :  1.83614e-05
 Reference value :  1.83644e-05
 Reference value :  1.83675e-05
 Reference value :  1.83704e-05
 Reference value :  1.83736e-05
 Reference value :  1.83769e-05
 Reference value :  1.83801e-05
 Reference value :  1.83832e-05
 Reference value :  1.83865e-05
 Reference value :  1.83898e-05
 Reference value :  1.83932e-05
 Reference value :  1.83965e-05
 Reference value :  1.83996e-05
 Reference value :  1.84017e-05
 Reference value :  1.84032e-05
 Reference value :  1.84054e-05
 Reference value :  1.84083e-05
 Reference value :  1.84111e-05
 Reference value :  1.84140e-05
 Reference value :  1.84168e-05
 Reference value :  1.84197e-05
 Reference value :  1.84225e-05
 Reference value :  1.84253e-05
 Reference value :  1.84280e-05
 Reference value :  1.84308e-05
 Reference value :  1.84337e-05
 Reference value :  1.84365e-05
 Reference value :  1.84393e-05
 Reference value :  1.84421e-05
 Reference value :  1.84451e-05
 Reference value :  1.84479e-05
 Reference value :  1.84505e-05
 Reference value :  1.84525e-05
 Reference value :  1.84553e-05
 Reference value :  1.84581e-05
 Reference value :  1.84609e-05
 Reference value :  1.84636e-05
 Reference value :  1.84665e-05
 Reference value :  1.84693e-05
 Reference value :  1.84722e-05
 Reference value :  1.84750e-05
 Reference value :  1.84778e-05
 Reference value :  1.84807e-05
 Reference value :  1.84835e-05
 Reference value :  1.84863e-05
 Reference value :  1.84891e-05
 Reference value :  1.84920e-05
 Reference value :  1.84948e-05
 Reference value :  1.84976e-05
 Reference value :  1.85002e-05
 Reference value :  1.85021e-05
 Reference value :  1.85049e-05
 Reference value :  1.85077e-05
 Reference value :  1.85105e-05
 Reference value :  1.85133e-05
 Reference value :  1.85167e-05
 Reference value :  1.85199e-05
 Reference value :  1.85227e-05
 Reference value :  1.85255e-05
 Reference value :  1.85284e-05
 Reference value :  1.85312e-05
 Reference value :  1.85341e-05
 Reference value :  1.85368e-05
 Reference value :  1.85396e-05
 Reference value :  1.85424e-05
 Reference value :  1.85452e-05
 Reference value :  1.85481e-05
 Reference value :  1.85508e-05
 Reference value :  1.85527e-05
 Reference value :  1.85555e-05
 Reference value :  1.85583e-05
 Reference value :  1.85611e-05
 Reference value :  1.85640e-05
 Reference value :  1.85669e-05
 Reference value :  1.85697e-05
 Reference value :  1.85724e-05
 Reference value :  1.85752e-05
 Reference value :  1.85780e-05
 Reference value :  1.85808e-05
 Reference value :  1.85835e-05
 Reference value :  1.85863e-05
 Reference value :  1.85891e-05
 Reference value :  1.85919e-05
 Reference value :  1.85948e-05
 Reference value :  1.85976e-05
 Reference value :  1.86002e-05
 Reference value :  1.86021e-05
 Reference value :  1.86048e-05
 Reference value :  1.86081e-05
 Reference value :  1.86115e-05
 Reference value :  1.86148e-05
 Reference value :  1.86181e-05
 Reference value :  1.86215e-05
 Reference value :  1.86248e-05
 Reference value :  1.86281e-05
 Reference value :  1.86314e-05
 Reference value :  1.86347e-05
 Reference value :  1.86380e-05
 Reference value :  1.86413e-05
 Reference value :  1.86446e-05
 Reference value :  1.86480e-05
 Reference value :  1.86511e-05
 Reference value :  1.86537e-05
 Reference value :  1.86570e-05
 Reference value :  1.86603e-05
 Reference value :  1.86637e-05
 Reference value :  1.86670e-05
 Reference value :  1.86704e-05
 Reference value :  1.86738e-05
 Reference value :  1.86771e-05
 Reference value :  1.86806e-05
 Reference value :  1.86840e-05
 Reference value :  1.86873e-05
 Reference value :  1.86907e-05
 Reference value :  1.86941e-05
 Reference value :  1.86974e-05
 Reference value :  1.87006e-05
 Reference value :  1.87028e-05
 Reference value :  1.87062e-05
 Reference value :  1.87096e-05
 Reference value :  1.87129e-05
 Reference value :  1.87163e-05
 Reference value :  1.87197e-05
 Reference value :  1.87231e-05
 Reference value :  1.87265e-05
 Reference value :  1.87299e-05
 Reference value :  1.87332e-05
 Reference value :  1.87366e-05
 Reference value :  1.87400e-05
 Reference value :  1.87434e-05
 Reference value :  1.87468e-05
 Reference value :  1.87500e-05
 Reference value :  1.87525e-05
 Reference value :  1.87559e-05
 Reference value :  1.87603e-05
 Reference value :  1.87637e-05
 Reference value :  1.87669e-05
 Reference value :  1.87703e-05
 Reference value :  1.87736e-05
 Reference value :  1.87770e-05
 Reference value :  1.87803e-05
 Reference value :  1.87837e-05
 Reference value :  1.87870e-05
 Reference value :  1.87904e-05
 Reference value :  1.87937e-05
 Reference value :  1.87971e-05
 Reference value :  1.88003e-05
 Reference value :  1.88023e-05
 Reference value :  1.88047e-05
 Reference value :  1.88081e-05
 Reference value :  1.88114e-05
 Reference value :  1.88148e-05
 Reference value :  1.88182e-05
 Reference value :  1.88216e-05
 Reference value :  1.88250e-05
 Reference value :  1.88284e-05
 Reference value :  1.88317e-05
 Reference value :  1.88351e-05
 Reference value :  1.88384e-05
 Reference value :  1.88418e-05
 Reference value :  1.88451e-05
 Reference value :  1.88485e-05
 Reference value :  1.88515e-05
 Reference value :  1.88543e-05
 Reference value :  1.88577e-05
 Reference value :  1.88611e-05
 Reference value :  1.88645e-05
 Reference value :  1.88678e-05
 Reference value :  1.88712e-05
 Reference value :  1.88745e-05
 Reference value :  1.88780e-05
 Reference value :  1.88814e-05
 Reference value :  1.88848e-05
 Reference value :  1.88881e-05
 Reference value :  1.88915e-05
 Reference value :  1.88949e-05
 Reference value :  1.88983e-05
 Reference value :  1.89013e-05
 Reference value :  1.89042e-05
 Reference value :  1.89078e-05
 Reference value :  1.89115e-05
 Reference value :  1.89151e-05
 Reference value :  1.89189e-05
 Reference value :  1.89223e-05
 Reference value :  1.89256e-05
 Reference value :  1.89290e-05
 Reference value :  1.89324e-05
 Reference value :  1.89357e-05
 Reference value :  1.89392e-05
 Reference value :  1.89426e-05
 Reference value :  1.89460e-05
 Reference value :  1.89495e-05
 Reference value :  1.89521e-05
 Reference value :  1.89556e-05
 Reference value :  1.89595e-05
 Reference value :  1.89632e-05
 Reference value :  1.89667e-05
 Reference value :  1.89701e-05
 Reference value :  1.89736e-05
 Reference value :  1.89770e-05
 Reference value :  1.89804e-05
 Reference value :  1.89837e-05
 Reference value :  1.89871e-05
 Reference value :  1.89906e-05
 Reference value :  1.89940e-05
 Reference value :  1.89973e-05
 Reference value :  1.90006e-05
 Reference value :  1.90026e-05
 Reference value :  1.90058e-05
 Reference value :  1.90092e-05
 Reference value :  1.90126e-05
 Reference value :  1.90160e-05
 Reference value :  1.90194e-05
 Reference value :  1.90227e-05
 Reference value :  1.90261e-05
 Reference value :  1.90295e-05
 Reference value :  1.90330e-05
 Reference value :  1.90363e-05
 Reference value :  1.90397e-05
 Reference value :  1.90431e-05
 Reference value :  1.90464e-05
 Reference value :  1.90497e-05
 Reference value :  1.90522e-05
 Reference value :  1.90557e-05
 Reference value :  1.90597e-05
 Reference value :  1.90630e-05
 Reference value :  1.90664e-05
 Reference value :  1.90698e-05
 Reference value :  1.90732e-05
 Reference value :  1.90766e-05
 Reference value :  1.90801e-05
 Reference value :  1.90834e-05
 Reference value :  1.90867e-05
 Reference value :  1.90901e-05
 Reference value :  1.90935e-05
 Reference value :  1.90969e-05
 Reference value :  1.91001e-05
 Reference value :  1.91024e-05
 Reference value :  1.91057e-05
 Reference value :  1.91091e-05
 Reference value :  1.91125e-05
 Reference value :  1.91159e-05
 Reference value :  1.91193e-05
 Reference value :  1.91226e-05
 Reference value :  1.91260e-05
 Reference value :  1.91294e-05
 Reference value :  1.91328e-05
 Reference value :  1.91361e-05
 Reference value :  1.91395e-05
 Reference value :  1.91429e-05
 Reference value :  1.91463e-05
 Reference value :  1.91497e-05
 Reference value :  1.91522e-05
 Reference value :  1.91555e-05
 Reference value :  1.91590e-05
 Reference value :  1.91622e-05
 Reference value :  1.91656e-05
 Reference value :  1.91689e-05
 Reference value :  1.91722e-05
 Reference value :  1.91755e-05
 Reference value :  1.91788e-05
 Reference value :  1.91821e-05
 Reference value :  1.91854e-05
 Reference value :  1.91887e-05
 Reference value :  1.91920e-05
 Reference value :  1.91953e-05
 Reference value :  1.91986e-05
 Reference value :  1.92014e-05
 Reference value :  1.92030e-05
 Reference value :  1.92046e-05
 Reference value :  1.92076e-05
 Reference value :  1.92104e-05
 Reference value :  1.92136e-05
 Reference value :  1.92170e-05
 Reference value :  1.92203e-05
 Reference value :  1.92234e-05
 Reference value :  1.92268e-05
 Reference value :  1.92302e-05
 Reference value :  1.92336e-05
 Reference value :  1.92370e-05
 Reference value :  1.92404e-05
 Reference value :  1.92437e-05
 Reference value :  1.92471e-05
 Reference value :  1.92503e-05
 Reference value :  1.92528e-05
 Reference value :  1.92562e-05
 Reference value :  1.92595e-05
 Reference value :  1.92629e-05
 Reference value :  1.92662e-05
 Reference value :  1.92697e-05
 Reference value :  1.92731e-05
 Reference value :  1.92765e-05
 Reference value :  1.92798e-05
 Reference value :  1.92832e-05
 Reference value :  1.92865e-05
 Reference value :  1.92900e-05
 Reference value :  1.92933e-05
 Reference value :  1.92966e-05
 Reference value :  1.93000e-05
 Reference value :  1.93021e-05
 Reference value :  1.93054e-05
 Reference value :  1.93087e-05
 Reference value :  1.93121e-05
 Reference value :  1.93154e-05
 Reference value :  1.93189e-05
 Reference value :  1.93223e-05
 Reference value :  1.93256e-05
 Reference value :  1.93290e-05
 Reference value :  1.93323e-05
 Reference value :  1.93355e-05
 Reference value :  1.93390e-05
 Reference value :  1.93424e-05
 Reference value :  1.93462e-05
 Reference value :  1.93500e-05
 Reference value :  1.93523e-05
 Reference value :  1.93556e-05
 Reference value :  1.93589e-05
 Reference value :  1.93623e-05
 Reference value :  1.93656e-05
 Reference value :  1.93690e-05
 Reference value :  1.93723e-05
 Reference value :  1.93756e-05
 Reference value :  1.93790e-05
 Reference value :  1.93823e-05
 Reference value :  1.93856e-05
 Reference value :  1.93889e-05
 Reference value :  1.93922e-05
 Reference value :  1.93955e-05
 Reference value :  1.93989e-05
 Reference value :  1.94016e-05
 Reference value :  1.94039e-05
 Reference value :  1.94072e-05
 Reference value :  1.94107e-05
 Reference value :  1.94140e-05
 Reference value :  1.94173e-05
 Reference value :  1.94208e-05
 Reference value :  1.94247e-05
 Reference value :  1.94281e-05
 Reference value :  1.94314e-05
 Reference value :  1.94350e-05
 Reference value :  1.94387e-05
 Reference value :  1.94427e-05
 Reference value :  1.94460e-05
 Reference value :  1.94494e-05
 Reference value :  1.94520e-05
 Reference value :  1.94555e-05
 Reference value :  1.94589e-05
 Reference value :  1.94624e-05
 Reference value :  1.94658e-05
 Reference value :  1.94693e-05
 Reference value :  1.94728e-05
 Reference value :  1.94762e-05
 Reference value :  1.94796e-05
 Reference value :  1.94830e-05
 Reference value :  1.94864e-05
 Reference value :  1.94898e-05
 Reference value :  1.94933e-05
 Reference value :  1.94969e-05
 Reference value :  1.95003e-05
 Reference value :  1.95031e-05
 Reference value :  1.95068e-05
 Reference value :  1.95105e-05
 Reference value :  1.95142e-05
 Reference value :  1.95182e-05
 Reference value :  1.95219e-05
 Reference value :  1.95258e-05
 Reference value :  1.95296e-05
 Reference value :  1.95334e-05
 Reference value :  1.95371e-05
 Reference value :  1.95408e-05
 Reference value :  1.95447e-05
 Reference value :  1.95484e-05
 Reference value :  1.95516e-05
 Reference value :  1.95546e-05
 Reference value :  1.95580e-05
 Reference value :  1.95614e-05
 Reference value :  1.95646e-05
 Reference value :  1.95680e-05
 Reference value :  1.95713e-05
 Reference value :  1.95746e-05
 Reference value :  1.95780e-05
 Reference value :  1.95815e-05
 Reference value :  1.95848e-05
 Reference value :  1.95883e-05
 Reference value :  1.95917e-05
 Reference value :  1.95952e-05
 Reference value :  1.95985e-05
 Reference value :  1.96014e-05
 Reference value :  1.96034e-05
 Reference value :  1.96069e-05
 Reference value :  1.96108e-05
 Reference value :  1.96142e-05
 Reference value :  1.96180e-05
 Reference value :  1.96218e-05
 Reference value :  1.96256e-05
 Reference value :  1.96295e-05
 Reference value :  1.96333e-05
 Reference value :  1.96371e-05
 Reference value :  1.96407e-05
 Reference value :  1.96443e-05
 Reference value :  1.96478e-05
 Reference value :  1.96511e-05
 Reference value :  1.96544e-05
 Reference value :  1.96581e-05
 Reference value :  1.96623e-05
 Reference value :  1.96660e-05
 Reference value :  1.96697e-05
 Reference value :  1.96735e-05
 Reference value :  1.96774e-05
 Reference value :  1.96811e-05
 Reference value :  1.96850e-05
 Reference value :  1.96888e-05
 Reference value :  1.96924e-05
 Reference value :  1.96958e-05
 Reference value :  1.96994e-05
 Reference value :  1.97019e-05
 Reference value :  1.97050e-05
 Reference value :  1.97086e-05
 Reference value :  1.97119e-05
 Reference value :  1.97153e-05
 Reference value :  1.97185e-05
 Reference value :  1.97218e-05
 Reference value :  1.97252e-05
 Reference value :  1.97285e-05
 Reference value :  1.97319e-05
 Reference value :  1.97354e-05
 Reference value :  1.97387e-05
 Reference value :  1.97422e-05
 Reference value :  1.97456e-05
 Reference value :  1.97489e-05
 Reference value :  1.97517e-05
 Reference value :  1.97547e-05
 Reference value :  1.97580e-05
 Reference value :  1.97613e-05
 Reference value :  1.97647e-05
 Reference value :  1.97682e-05
 Reference value :  1.97716e-05
 Reference value :  1.97752e-05
 Reference value :  1.97788e-05
 Reference value :  1.97822e-05
 Reference value :  1.97855e-05
 Reference value :  1.97890e-05
 Reference value :  1.97924e-05
 Reference value :  1.97958e-05
 Reference value :  1.97994e-05
 Reference value :  1.98019e-05
 Reference value :  1.98044e-05
 Reference value :  1.98078e-05
 Reference value :  1.98111e-05
 Reference value :  1.98145e-05
 Reference value :  1.98179e-05
 Reference value :  1.98214e-05
 Reference value :  1.98248e-05
 Reference value :  1.98283e-05
 Reference value :  1.98319e-05
 Reference value :  1.98352e-05
 Reference value :  1.98388e-05
 Reference value :  1.98422e-05
 Reference value :  1.98457e-05
 Reference value :  1.98493e-05
 Reference value :  1.98520e-05
 Reference value :  1.98555e-05
 Reference value :  1.98592e-05
 Reference value :  1.98628e-05
 Reference value :  1.98662e-05
 Reference value :  1.98696e-05
 Reference value :  1.98733e-05
 Reference value :  1.98769e-05
 Reference value :  1.98804e-05
 Reference value :  1.98841e-05
 Reference value :  1.98877e-05
 Reference value :  1.98913e-05
 Reference value :  1.98951e-05
 Reference value :  1.98988e-05
 Reference value :  1.99015e-05
 Reference value :  1.99043e-05
 Reference value :  1.99076e-05
 Reference value :  1.99115e-05
 Reference value :  1.99150e-05
 Reference value :  1.99184e-05
 Reference value :  1.99218e-05
 Reference value :  1.99251e-05
 Reference value :  1.99285e-05
 Reference value :  1.99319e-05
 Reference value :  1.99352e-05
 Reference value :  1.99385e-05
 Reference value :  1.99418e-05
 Reference value :  1.99452e-05
 Reference value :  1.99485e-05
 Reference value :  1.99515e-05
 Reference value :  1.99542e-05
 Reference value :  1.99575e-05
 Reference value :  1.99609e-05
 Reference value :  1.99642e-05
 Reference value :  1.99675e-05
 Reference value :  1.99709e-05
 Reference value :  1.99742e-05
 Reference value :  1.99776e-05
 Reference value :  1.99810e-05
 Reference value :  1.99843e-05
 Reference value :  1.99876e-05
 Reference value :  1.99909e-05
 Reference value :  1.99943e-05
 Reference value :  1.99976e-05
 Reference value :  2.00008e-05
 Reference value :  2.00026e-05
 Reference value :  2.00047e-05
 Reference value :  2.00081e-05
 Reference value :  2.00114e-05
 Reference value :  2.00148e-05
 Reference value :  2.00182e-05
 Reference value :  2.00216e-05
 Reference value :  2.00249e-05
 Reference value :  2.00283e-05
 Reference value :  2.00317e-05
 Reference value :  2.00348e-05
 Reference value :  2.00375e-05
 Reference value :  2.00406e-05
 Reference value :  2.00443e-05
 Reference value :  2.00477e-05
 Reference value :  2.00510e-05
 Reference value :  2.00535e-05
 Reference value :  2.00569e-05
 Reference value :  2.00603e-05
 Reference value :  2.00636e-05
 Reference value :  2.00670e-05
 Reference value :  2.00705e-05
 Reference value :  2.00738e-05
 Reference value :  2.00772e-05
 Reference value :  2.00805e-05
 Reference value :  2.00840e-05
 Reference value :  2.00874e-05
 Reference value :  2.00908e-05
 Reference value :  2.00942e-05
 Reference value :  2.00976e-05
 Reference value :  2.01009e-05
 Reference value :  2.01032e-05
 Reference value :  2.01065e-05
 Reference value :  2.01099e-05
 Reference value :  2.01140e-05
 Reference value :  2.01174e-05
 Reference value :  2.01213e-05
 Reference value :  2.01246e-05
 Reference value :  2.01282e-05
 Reference value :  2.01315e-05
 Reference value :  2.01349e-05
 Reference value :  2.01384e-05
 Reference value :  2.01418e-05
 Reference value :  2.01452e-05
 Reference value :  2.01490e-05
 Reference value :  2.01521e-05
 Reference value :  2.01553e-05
 Reference value :  2.01593e-05
 Reference value :  2.01627e-05
 Reference value :  2.01662e-05
 Reference value :  2.01696e-05
 Reference value :  2.01731e-05
 Reference value :  2.01769e-05
 Reference value :  2.01808e-05
 Reference value :  2.01844e-05
 Reference value :  2.01879e-05
 Reference value :  2.01914e-05
 Reference value :  2.01952e-05
 Reference value :  2.01986e-05
 Reference value :  2.02014e-05
 Reference value :  2.02035e-05
 Reference value :  2.02069e-05
 Reference value :  2.02103e-05
 Reference value :  2.02143e-05
 Reference value :  2.02178e-05
 Reference value :  2.02216e-05
 Reference value :  2.02250e-05
 Reference value :  2.02292e-05
 Reference value :  2.02326e-05
 Reference value :  2.02358e-05
 Reference value :  2.02392e-05
 Reference value :  2.02426e-05
 Reference value :  2.02461e-05
 Reference value :  2.02495e-05
 Reference value :  2.02526e-05
 Reference value :  2.02562e-05
 Reference value :  2.02597e-05
 Reference value :  2.02641e-05
 Reference value :  2.02675e-05
 Reference value :  2.02709e-05
 Reference value :  2.02743e-05
 Reference value :  2.02777e-05
 Reference value :  2.02811e-05
 Reference value :  2.02846e-05
 Reference value :  2.02887e-05
 Reference value :  2.02927e-05
 Reference value :  2.02959e-05
 Reference value :  2.03000e-05
 Reference value :  2.03022e-05
 Reference value :  2.03055e-05
 Reference value :  2.03089e-05
 Reference value :  2.03124e-05
 Reference value :  2.03158e-05
 Reference value :  2.03193e-05
 Reference value :  2.03243e-05
 Reference value :  2.03283e-05
 Reference value :  2.03320e-05
 Reference value :  2.03354e-05
 Reference value :  2.03396e-05
 Reference value :  2.03431e-05
 Reference value :  2.03465e-05
 Reference value :  2.03499e-05
 Reference value :  2.03522e-05
 Reference value :  2.03556e-05
 Reference value :  2.03590e-05
 Reference value :  2.03624e-05
 Reference value :  2.03658e-05
 Reference value :  2.03693e-05
 Reference value :  2.03727e-05
 Reference value :  2.03761e-05
 Reference value :  2.03795e-05
 Reference value :  2.03829e-05
 Reference value :  2.03862e-05
 Reference value :  2.03897e-05
 Reference value :  2.03931e-05
 Reference value :  2.03965e-05
 Reference value :  2.03999e-05
 Reference value :  2.04021e-05
 Reference value :  2.04044e-05
 Reference value :  2.04079e-05
 Reference value :  2.04113e-05
 Reference value :  2.04147e-05
 Reference value :  2.04181e-05
 Reference value :  2.04215e-05
 Reference value :  2.04249e-05
 Reference value :  2.04283e-05
 Reference value :  2.04317e-05
 Reference value :  2.04351e-05
 Reference value :  2.04385e-05
 Reference value :  2.04420e-05
 Reference value :  2.04454e-05
 Reference value :  2.04488e-05
 Reference value :  2.04516e-05
 Reference value :  2.04545e-05
 Reference value :  2.04580e-05
 Reference value :  2.04614e-05
 Reference value :  2.04648e-05
 Reference value :  2.04682e-05
 Reference value :  2.04716e-05
 Reference value :  2.04763e-05
 Reference value :  2.04806e-05
 Reference value :  2.04838e-05
 Reference value :  2.04873e-05
 Reference value :  2.04914e-05
 Reference value :  2.04949e-05
 Reference value :  2.04983e-05
 Reference value :  2.05013e-05
 Reference value :  2.05038e-05
 Reference value :  2.05072e-05
 Reference value :  2.05117e-05
 Reference value :  2.05156e-05
 Reference value :  2.05192e-05
 Reference value :  2.05226e-05
 Reference value :  2.05268e-05
 Reference value :  2.05304e-05
 Reference value :  2.05337e-05
 Reference value :  2.05372e-05
 Reference value :  2.05405e-05
 Reference value :  2.05440e-05
 Reference value :  2.05480e-05
 Reference value :  2.05517e-05
 Reference value :  2.05547e-05
 Reference value :  2.05584e-05
 Reference value :  2.05621e-05
 Reference value :  2.05655e-05
 Reference value :  2.05689e-05
 Reference value :  2.05725e-05
 Reference value :  2.05759e-05
 Reference value :  2.05800e-05
 Reference value :  2.05838e-05
 Reference value :  2.05876e-05
 Reference value :  2.05910e-05
 Reference value :  2.05950e-05
 Reference value :  2.05984e-05
 Reference value :  2.06014e-05
 Reference value :  2.06035e-05
 Reference value :  2.06070e-05
 Reference value :  2.06111e-05
 Reference value :  2.06146e-05
 Reference value :  2.06188e-05
 Reference value :  2.06222e-05
 Reference value :  2.06264e-05
 Reference value :  2.06298e-05
 Reference value :  2.06331e-05
 Reference value :  2.06367e-05
 Reference value :  2.06401e-05
 Reference value :  2.06439e-05
 Reference value :  2.06480e-05
 Reference value :  2.06517e-05
 Reference value :  2.06547e-05
 Reference value :  2.06591e-05
 Reference value :  2.06625e-05
 Reference value :  2.06659e-05
 Reference value :  2.06693e-05
 Reference value :  2.06727e-05
 Reference value :  2.06761e-05
 Reference value :  2.06795e-05
 Reference value :  2.06830e-05
 Reference value :  2.06869e-05
 Reference value :  2.06912e-05
 Reference value :  2.06945e-05
 Reference value :  2.06987e-05
 Reference value :  2.07015e-05
 Reference value :  2.07042e-05
 Reference value :  2.07076e-05
 Reference value :  2.07110e-05
 Reference value :  2.07145e-05
 Reference value :  2.07178e-05
 Reference value :  2.07212e-05
 Reference value :  2.07242e-05
 Reference value :  2.07271e-05
 Reference value :  2.07302e-05
 Reference value :  2.07337e-05
 Reference value :  2.07366e-05
 Reference value :  2.07395e-05
 Reference value :  2.07425e-05
 Reference value :  2.07456e-05
 Reference value :  2.07489e-05
 Reference value :  2.07518e-05
 Reference value :  2.07548e-05
 Reference value :  2.07584e-05
 Reference value :  2.07620e-05
 Reference value :  2.07654e-05
 Reference value :  2.07690e-05
 Reference value :  2.07724e-05
 Reference value :  2.07757e-05
 Reference value :  2.07791e-05
 Reference value :  2.07825e-05
 Reference value :  2.07859e-05
 Reference value :  2.07894e-05
 Reference value :  2.07925e-05
 Reference value :  2.07955e-05
 Reference value :  2.07983e-05
 Reference value :  2.08010e-05
 Reference value :  2.08025e-05
 Reference value :  2.08042e-05
 Reference value :  2.08061e-05
 Reference value :  2.08093e-05
 Reference value :  2.08124e-05
 Reference value :  2.08155e-05
 Reference value :  2.08184e-05
 Reference value :  2.08214e-05
 Reference value :  2.08244e-05
 Reference value :  2.08274e-05
 Reference value :  2.08304e-05
 Reference value :  2.08344e-05
 Reference value :  2.08375e-05
 Reference value :  2.08404e-05
 Reference value :  2.08434e-05
 Reference value :  2.08463e-05
 Reference value :  2.08491e-05
 Reference value :  2.08517e-05
 Reference value :  2.08541e-05
 Reference value :  2.08570e-05
 Reference value :  2.08599e-05
 Reference value :  2.08629e-05
 Reference value :  2.08659e-05
 Reference value :  2.08689e-05
 Reference value :  2.08718e-05
 Reference value :  2.08747e-05
 Reference value :  2.08775e-05
 Reference value :  2.08803e-05
 Reference value :  2.08833e-05
 Reference value :  2.08862e-05
 Reference value :  2.08892e-05
 Reference value :  2.08921e-05
 Reference value :  2.08951e-05
 Reference value :  2.08980e-05
 Reference value :  2.09008e-05
 Reference value :  2.09025e-05
 Reference value :  2.09054e-05
 Reference value :  2.09083e-05
 Reference value :  2.09112e-05
 Reference value :  2.09143e-05
 Reference value :  2.09172e-05
 Reference value :  2.09202e-05
 Reference value :  2.09231e-05
 Reference value :  2.09259e-05
 Reference value :  2.09288e-05
 Reference value :  2.09316e-05
 Reference value :  2.09347e-05
 Reference value :  2.09376e-05
 Reference value :  2.09406e-05
 Reference value :  2.09435e-05
 Reference value :  2.09465e-05
 Reference value :  2.09493e-05
 Reference value :  2.09517e-05
 Reference value :  2.09541e-05
 Reference value :  2.09575e-05
 Reference value :  2.09605e-05
 Reference value :  2.09634e-05
 Reference value :  2.09664e-05
 Reference value :  2.09692e-05
 Reference value :  2.09720e-05
 Reference value :  2.09748e-05
 Reference value :  2.09776e-05
 Reference value :  2.09805e-05
 Reference value :  2.09833e-05
 Reference value :  2.09864e-05
 Reference value :  2.09893e-05
 Reference value :  2.09926e-05
 Reference value :  2.09955e-05
 Reference value :  2.09984e-05
 Reference value :  2.10011e-05
 Reference value :  2.10027e-05
 Reference value :  2.10056e-05
 Reference value :  2.10085e-05
 Reference value :  2.10114e-05
 Reference value :  2.10145e-05
 Reference value :  2.10174e-05
 Reference value :  2.10203e-05
 Reference value :  2.10233e-05
 Reference value :  2.10262e-05
 Reference value :  2.10293e-05
 Reference value :  2.10323e-05
 Reference value :  2.10351e-05
 Reference value :  2.10381e-05
 Reference value :  2.10411e-05
 Reference value :  2.10442e-05
 Reference value :  2.10471e-05
 Reference value :  2.10500e-05
 Reference value :  2.10521e-05
 Reference value :  2.10552e-05
 Reference value :  2.10581e-05
 Reference value :  2.10610e-05
 Reference value :  2.10640e-05
 Reference value :  2.10670e-05
 Reference value :  2.10702e-05
 Reference value :  2.10731e-05
 Reference value :  2.10765e-05
 Reference value :  2.10793e-05
 Reference value :  2.10823e-05
 Reference value :  2.10852e-05
 Reference value :  2.10882e-05
 Reference value :  2.10911e-05
 Reference value :  2.10944e-05
 Reference value :  2.10974e-05
 Reference value :  2.11002e-05
 Reference value :  2.11023e-05
 Reference value :  2.11054e-05
 Reference value :  2.11083e-05
 Reference value :  2.11111e-05
 Reference value :  2.11139e-05
 Reference value :  2.11168e-05
 Reference value :  2.11197e-05
 Reference value :  2.11226e-05
 Reference value :  2.11254e-05
 Reference value :  2.11283e-05
 Reference value :  2.11312e-05
 Reference value :  2.11341e-05
 Reference value :  2.11370e-05
 Reference value :  2.11399e-05
 Reference value :  2.11428e-05
 Reference value :  2.11458e-05
 Reference value :  2.11488e-05
 Reference value :  2.11513e-05
 Reference value :  2.11534e-05
 Reference value :  2.11563e-05
 Reference value :  2.11592e-05
 Reference value :  2.11620e-05
 Reference value :  2.11649e-05
 Reference value :  2.11678e-05
 Reference value :  2.11707e-05
 Reference value :  2.11738e-05
 Reference value :  2.11769e-05
 Reference value :  2.11798e-05
 Reference value :  2.11831e-05
 Reference value :  2.11861e-05
 Reference value :  2.11893e-05
 Reference value :  2.11923e-05
 Reference value :  2.11952e-05
 Reference value :  2.11988e-05
No. of Data Rows : 426540

  Measurements for Transient Analysis

tfb1                =   1.13014e-05
tfb2                =   1.77014e-05
n_fb                =  6.40000e+01
tdo1                =   1.12049e-05
tdo2                =   1.76049e-05
ndo                 =  6.40000e+01
t_arr               =  3.86618e-09
t_rtcq              =  3.99536e-10
ffb2                =   1.45013e-05
fbpw                =  -3.20006e-06
iavg                =  -1.20066e-05 from=  6.50000e-06 to=  2.12000e-05

ngspice-46 done

Warning: m=xx on .subckt line will override multiplier m hierarchy!

