
Note: No compatibility mode selected!


Circuit: * devchar-cp @ ff_27c_3.30v -- generated by sim/harness, do not edit

Doing analysis at TEMP = 27.000000 and TNOM = 27.000000

 Reference value :  1.10000e-01
 Reference value :  2.50000e-01
 Reference value :  1.29000e+00
No. of Data Rows : 331

  Measurements for DC Analysis

isat_ns             =  2.145286e-05
imid_ns             =  2.043076e-05
gain_ns             =  1.02154e+00
ilo30_ns            =  2.010952e-05
ihi30_ns            =  2.012009e-05
ro30_ns             =  1.89224e+06
ilo50_ns            =  2.042629e-05
ihi50_ns            =  2.043523e-05
ro50_ns             =  2.23839e+06
ilo70_ns            =  2.071809e-05
ihi70_ns            =  2.072733e-05
ro70_ns             =  2.16379e+06
ihd0v20_ns          =  1.866014e-05
chd0v20_ns          =  9.13336e-01
ihd0v40_ns          =  1.969768e-05
chd0v40_ns          =  9.64118e-01
ihd0v60_ns          =  1.987981e-05
chd0v60_ns          =  9.73033e-01
ihd0v80_ns          =  2.000922e-05
chd0v80_ns          =  9.79367e-01
isat_nc             =  2.002138e-05
imid_nc             =  1.999977e-05
gain_nc             =  9.99989e-01
ilo30_nc            =  1.999480e-05
ihi30_nc            =  1.999617e-05
ro30_nc             =  1.45836e+07
ilo50_nc            =  1.999976e-05
ihi50_nc            =  1.999979e-05
ro50_nc             =  6.66002e+08
ilo70_nc            =  2.000062e-05
ihi70_nc            =  2.000065e-05
ro70_nc             =  7.67278e+08
ihd0v20_nc          =  1.793111e-05
chd0v20_nc          =  8.96566e-01
ihd0v40_nc          =  1.964835e-05
chd0v40_nc          =  9.82429e-01
ihd0v60_nc          =  1.983945e-05
chd0v60_nc          =  9.91984e-01
ihd0v80_nc          =  1.994973e-05
chd0v80_nc          =  9.97498e-01
isat_nw             =  2.026872e-05
imid_nw             =  2.004346e-05
gain_nw             =  1.00217e+00
ilo30_nw            =  2.001180e-05
ihi30_nw            =  2.001292e-05
ro30_nw             =  1.77457e+07
ilo50_nw            =  2.004305e-05
ihi50_nw            =  2.004388e-05
ro50_nw             =  2.40186e+07
ilo70_nw            =  2.007097e-05
ihi70_nw            =  2.007201e-05
ro70_nw             =  1.92108e+07
ihd0v20_nw          =  1.623142e-05
chd0v20_nw          =  8.09811e-01
ihd0v40_nw          =  1.984882e-05
chd0v40_nw          =  9.90289e-01
ihd0v60_nw          =  1.998218e-05
chd0v60_nw          =  9.96942e-01
ihd0v80_nw          =  2.000049e-05
chd0v80_nw          =  9.97856e-01
isat_ps             =  2.065811e-05
imid_ps             =  2.026105e-05
gain_ps             =  1.01305e+00
ilo30_ps            =  2.043155e-05
ihi30_ps            =  2.042700e-05
ro30_ps             =  4.39371e+06
ilo50_ps            =  2.026394e-05
ihi50_ps            =  2.025815e-05
ro50_ps             =  3.45057e+06
ilo70_ps            =  2.003361e-05
ihi70_ps            =  2.002485e-05
ro70_ps             =  2.28124e+06
ihd0v20_ps          =  1.818094e-05
chd0v20_ps          =  8.97334e-01
ihd0v40_ps          =  1.962443e-05
chd0v40_ps          =  9.68579e-01
ihd0v60_ps          =  1.981585e-05
chd0v60_ps          =  9.78027e-01
ihd0v80_ps          =  1.993790e-05
chd0v80_ps          =  9.84050e-01
isat_pc             =  2.000081e-05
imid_pc             =  1.999938e-05
gain_pc             =  9.99969e-01
ilo30_pc            =  2.000012e-05
ihi30_pc            =  2.000010e-05
ro30_pc             =  1.17538e+09
ilo50_pc            =  1.999939e-05
ihi50_pc            =  1.999936e-05
ro50_pc             =  6.54943e+08
ilo70_pc            =  1.997135e-05
ihi70_pc            =  1.996590e-05
ro70_pc             =  3.66489e+06
ihd0v20_pc          =  1.730947e-05
chd0v20_pc          =  8.65500e-01
ihd0v40_pc          =  1.956548e-05
chd0v40_pc          =  9.78305e-01
ihd0v60_pc          =  1.977879e-05
chd0v60_pc          =  9.88970e-01
ihd0v80_pc          =  1.989662e-05
chd0v80_pc          =  9.94862e-01
isat_pw             =  2.008988e-05
imid_pw             =  2.003730e-05
gain_pw             =  1.00186e+00
ilo30_pw            =  2.005978e-05
ihi30_pw            =  2.005920e-05
ro30_pw             =  3.43388e+07
ilo50_pw            =  2.003769e-05
ihi50_pw            =  2.003690e-05
ro50_pw             =  2.53309e+07
ilo70_pw            =  2.000434e-05
ihi70_pw            =  2.000296e-05
ro70_pw             =  1.44889e+07
ihd0v20_pw          =  1.546519e-05
chd0v20_pw          =  7.71820e-01
ihd0v40_pw          =  1.968929e-05
chd0v40_pw          =  9.82632e-01
ihd0v60_pw          =  1.996198e-05
chd0v60_pw          =  9.96241e-01
ihd0v80_pw          =  1.998846e-05
chd0v80_pw          =  9.97563e-01

Doing analysis at TEMP = 27.000000 and TNOM = 27.000000


No. of Data Rows : 1

  Measurements for DC Analysis


m_vth_n = 5.7997860257e-01
m_vdsat_n = 2.1596309934e-01
m_gm_n = 1.5999500204e-04
m_gds_n = 5.9608591193e-07
m_vth_p = 6.6386180374e-01
m_vdsat_p = 2.3103759629e-01
m_gm_p = 1.3627317358e-04
m_gds_p = 4.6504350919e-07
Doing analysis at TEMP = 27.000000 and TNOM = 27.000000


  Measurements for DC Analysis


	Node                                  Voltage
	----                                  -------
	----	-------
	c_pw                          3.0866384750e+00
	d_pw                          0.0000000000e+00
	b_pw                          3.0897914745e+00
	a_pw                          2.3611070473e+00
	vb_pw                         2.0749306477e+00
	c_pc                          2.3731195330e+00
	d_pc                          0.0000000000e+00
	b_pc                          2.3748019853e+00
	a_pc                          1.1120734084e+00
	d_ps                          0.0000000000e+00
	g_ps                          2.3748019853e+00
	c_nw                          -6.921503677e-59
	d_nw                          0.0000000000e+00
	b_nw                          2.0569805108e-01
	a_nw                          7.9317675223e-01
	vb_nw                         1.0616695378e+00
	c_nc                          -2.129900342e-33
	d_nc                          0.0000000000e+00
	b_nc                          7.8444441908e-01
	a_nc                          1.8083183433e+00
	d_ns                          0.0000000000e+00
	g_ns                          7.8444441909e-01
	sw                            0.0000000000e+00
	vdd                           3.3000000000e+00

	Source	Current
	------	-------

	vdd#branch                    -2.207524678e-04
	vsw#branch                    6.0752467751e-05
	vam_ns#branch                 0.0000000000e+00
	vam_nc#branch                 4.0326136594e-36
	vam_nw#branch                 6.6435976541e-62
	vam_ps#branch                 2.0661249895e-05
	vam_pc#branch                 2.0000820147e-05
	vam_pw#branch                 2.0090397709e-05

 BSIM4v5 models (Berkeley Short Channel IGFET Model-4)
      model           pfet_03v3.9          pfet_03v3.13           nfet_03v3.9

     capmod                     2                     2                     2
     diomod                     1                     1                     1
     rdsmod                     0                     0                     0
   trnqsmod                     0                     0                     0
   acnqsmod                     0                     0                     0
     mobmod                     0                     0                     0
   rbodymod                     0                     0                     0
   rgatemod                     0                     0                     0
     permod                     1                     1                     1
     geomod                     0                     0                     0
    rgeomod                     0                     0                     0
    fnoimod                     1                     1                     1
    tnoimod                     0                     0                     0
     igcmod                     0                     0                     0
     igbmod                     0                     0                     0
    tempmod                     0                     0                     0
   paramchk                     1                     1                     1
    binunit                     2                     2                     2
    version                   4.5                   4.5                   4.5
       toxe               7.5e-09               7.5e-09               7.6e-09
       toxp               7.5e-09               7.5e-09               7.6e-09
       toxm               7.9e-09               7.9e-09                 8e-09
     toxref               7.9e-09               7.9e-09                 8e-09
       dtox                     0                     0                     0
     epsrox                   3.9                   3.9                   3.9
       cdsc               0.00024               0.00024                     0
      cdscb                     0                     0                     0
      cdscd                     0                     0                     0
        cit                     0                     0                     0
    nfactor                   0.8                   0.8                     1
         xj                 1e-07                 1e-07                 1e-07
       vsat                 94000                 94000                 92500
         at                 12000                 12000                 23000
         a0               1.17227               1.18633              0.573339
        ags              0.209104               0.20848               0.62983
         a1                     0                     0                     0
         a2                  0.99                  0.99                     1
       keta           -0.00715071           -0.00694073             -0.044145
       nsub                 6e+16                 6e+16                 6e+16
       ndep               5.6e+17               5.6e+17                 3e+17
        nsd                 1e+20                 1e+20                 1e+20
       phin                     0                     0                  0.07
      ngate                 6e+19                 6e+19                 6e+19
     gamma1                     0                     0                     0
     gamma2                     0                     0                     0
        vbx                     0                     0                     0
        vbm                    -3                    -3                    -3
         xt              1.55e-07              1.55e-07              1.55e-07
         k1              0.976558              0.976558               0.75941
        kt1             -0.302823             -0.299248             -0.302874
       kt1l                     0                     0                     0
        kt2            -0.0106783            -0.0109711            -0.0218156
         k2            -0.0306119            -0.0299954             0.0163643
         k3                     0                     0                     0
        k3b                     0                     0                     0
         w0               2.5e-06               2.5e-06                 5e-07
      dvtp0                     0                     0                     0
      dvtp1                     0                     0                     0
       lpe0            3.2493e-08            3.2493e-08               1.1e-07
       lpeb                     0                     0                     0
       dvt0                2.8985                2.8985                     0
       dvt1               0.23999               0.23999                  0.53
       dvt2                -0.016                -0.016                     0
      dvt0w                     0                     0                     0
      dvt1w               5.3e+06               5.3e+06                     0
      dvt2w                -0.032                -0.032                     0
      drout                  0.56                  0.56                  0.56
       dsub                0.3659                0.3659                   0.5
       vth0             -0.690659             -0.691543              0.592353
         ua           3.38708e-10           3.32428e-10          -9.18985e-10
        ua1               1.5e-09               1.5e-09             1.675e-09
         ub           9.62442e-19            9.7125e-19           3.46884e-18
        ub1          -2.46525e-18          -2.50437e-18          -3.05095e-18
         uc          -2.63126e-11          -2.38397e-11            1.5731e-10
        uc1          -3.52542e-11           -4.1232e-11           -1.4498e-10
         ud                 1e+14                 1e+14                 1e+14
        ud1                     0                     0                     0
         up                     0                     0                     0
         lp                 1e-08                 1e-08                 1e-08
         u0             0.0101754             0.0101297             0.0385819
         eu                  1.67                  1.67                  1.67
        ute                    -1                    -1              -1.57028
       voff            -0.0942935             -0.097861             -0.102778
       minv                  -0.1                  -0.1                 -0.25
      voffl                     0                     0                     0
       tnom                298.15                298.15                298.15
       cgso             1.116e-10             1.116e-10               7.7e-11
       cgdo             1.116e-10             1.116e-10               7.7e-11
       cgbo                 1e-13                 1e-13                 1e-13
      xpart                     0                     0                     0
      delta                  0.01                  0.01            0.00153571
        rsh                     7                     7                     7
       rdsw                   466                   466                   530
    rdswmin                    20                    20                    50
        rsw                   100                   100                   100
        rdw                   100                   100                   100
     rdwmin                     0                     0                     0
     rswmin                     0                     0                     0
       prwg                     0                     0                     0
       prwb                     0                     0                     0
        prt                     0                     0                     0
       eta0                0.2541                0.2541                  0.75
       etab              -0.15284              -0.15284                 -0.32
       pclm              0.378148              0.392637              0.049285
    pdiblc1                0.1484                0.1484                  0.39
    pdiblc2           0.000251194           0.000251194            0.00138165
    pdiblcb                     0                     0                   0.2
     fprout                     0                     0                     0
      pdits                     0                     0                     0
     pditsl                     0                     0                     0
     pditsd                     0                     0                     0
     pscbe1            6.7448e+08            6.7448e+08            6.6469e+08
     pscbe2                 1e-05                 1e-05             1.638e-05
       pvag                     0                     0                     0
        jss             1.653e-07             1.653e-07            2.2959e-07
       jsws            2.1207e-13            2.1207e-13            2.1207e-13
      jswgs                     0                     0                     0
        pbs               0.69939               0.69939               0.70172
        njs                     1                     1                  1.01
       xtis                     3                     3                     3
        mjs               0.32084               0.32084               0.32071
      pbsws                0.8022                0.8022                0.8062
      mjsws                  0.05                  0.05                   0.1
     pbswgs                  0.65                  0.65               0.74743
     mjswgs               0.21964               0.21964               0.32059
        cjs            0.00094344            0.00094344            0.00096797
      cjsws            1.5078e-10            1.5078e-10            1.5663e-10
     cjswgs             4.794e-10             4.794e-10            5.9903e-10
        jsd             1.653e-07             1.653e-07            2.2959e-07
       jswd            2.1207e-13            2.1207e-13            2.1207e-13
      jswgd                     0                     0                     0
        pbd               0.69939               0.69939               0.70172
        njd                     1                     1                  1.01
       xtid                     3                     3                     3
        mjd               0.32084               0.32084               0.32071
      pbswd                0.8022                0.8022                0.8062
      mjswd                  0.05                  0.05                   0.1
     pbswgd                  0.65                  0.65               0.74743
     mjswgd               0.21964               0.21964               0.32059
        cjd            0.00094344            0.00094344            0.00096797
      cjswd            1.5078e-10            1.5078e-10            1.5663e-10
     cjswgd             4.794e-10             4.794e-10            5.9903e-10
      vfbcv                    -1                    -1                    -1
        vfb                     0                     0                     0
        tpb             0.0016906             0.0016906             0.0018129
        tcj            0.00099187            0.00099187             0.0009438
      tpbsw                0.0052                0.0052                 5e-05
      tcjsw            0.00063483            0.00063483            0.00060474
     tpbswg              0.000744              0.000744             0.0016872
     tcjswg              0.000932              0.000932                 0.001
       acde                     1                     1                   0.6
       moin                    15                    15                    15
       noff                   2.4                   2.4                     2
     voffcv                 -0.16                 -0.16                 0.005
       dmcg               1.5e-07               1.5e-07               1.5e-07
       dmci               1.5e-07               1.5e-07               1.5e-07
       dmdg                     0                     0                     0
      dmcgt                     0                     0                     0
        xgw                     0                     0                     0
        xgl                     0                     0                     0
       rshg                   0.1                   0.1                   0.1
      ngcon                     1                     1                     1
     xrcrg1                    12                    12                    12
     xrcrg2                     1                     1                     1
     lambda                     0                     0                     0
        vtl                200000                200000                200000
         lc                 5e-09                 5e-09                 5e-09
         xn                     3                     3                     3
   vfbsdoff                     0                     0                     0
  tvfbsdoff                     0                     0                     0
      tvoff                0.0032                0.0032                 0.001
    lintnoi <<NAN, error = 7>> <<NAN, error = 7>> <<NAN, error = 7>>
       lint                     0                     0                     0
         ll                     0                     0                     0
        llc                     0                     0                     0
        lln                     1                     1                     1
         lw                     0                     0                     0
        lwc                     0                     0                     0
        lwn                     1                     1                     1
        lwl                     0                     0                     0
       lwlc                     0                     0                     0
       lmin                 5e-07                 5e-07                 5e-07
       lmax               1.2e-06               1.2e-06               1.2e-06
         wr                     1                     1                     1
       wint                -1e-08                -1e-08                 1e-08
        dwg                     0                     0                     0
        dwb                     0                     0                     0
         wl                     0                     0                     0
        wlc                     0                     0                     0
        wln                     1                     1                     1
         ww                     0                     0                     0
        wwc                     0                     0                     0
        wwn                     1                     1                     1
        wwl                     0                     0                     0
       wwlc                     0                     0                     0
       wmin               1.2e-06                 1e-05               1.2e-06
       wmax                 1e-05           0.000100001                 1e-05
         b0                     0                     0                     0
         b1                     0                     0                     0
       cgsl               3.6e-11               3.6e-11                 9e-11
       cgdl               3.6e-11               3.6e-11                 9e-11
    ckappas                   0.6                   0.6                   0.6
    ckappad                   0.6                   0.6                   0.6
         cf                     0                     0                     0
        clc                 1e-07                 1e-07                 1e-07
        cle                   0.6                   0.6                   0.6
        dwc                     0                     0                     0
        dlc                -8e-09                -8e-09                     0
         xw                 1e-08                 1e-08                 1e-08
         xl              -1.2e-08              -1.2e-08              -1.5e-08
      dlcig               1.5e-07               1.5e-07               1.5e-07
        dwj                     0                     0                     0
     alpha0           0.000110027           0.000109496           6.64631e-06
     alpha1                     0                     0                     0
      beta0                43.086               43.0864               21.0445
      agidl            1.5908e-11            1.5908e-11            1.3268e-10
      bgidl            1.3902e+09            1.3902e+09            1.8961e+09
      cgidl                   7.5                   7.5                   0.5
      egidl                0.1009                0.1009                   0.8
       aigc                0.0098                0.0098                0.0136
       bigc              0.000759              0.000759               0.00171
       cigc                  0.03                  0.03                 0.075
      aigsd                0.0098                0.0098                0.0136
      bigsd              0.000759              0.000759               0.00171
      cigsd                  0.03                  0.03                 0.075
    aigbacc                0.0136                0.0136                0.0136
    bigbacc               0.00171               0.00171               0.00171
    cigbacc                 0.075                 0.075                 0.075
    aigbinv                0.0111                0.0111                0.0111
    bigbinv              0.000949              0.000949              0.000949
    cigbinv                 0.006                 0.006                 0.006
       nigc                     1                     1                     1
    nigbinv                     3                     3                     3
    nigbacc                     1                     1                     1
       ntox                     1                     1                     1
    eigbinv                   1.1                   1.1                   1.1
      pigcd                     1                     1                     1
    poxedge                     1                     1                     1
   ijthdfwd                   0.1                   0.1                   0.1
   ijthsfwd                   0.1                   0.1                   0.1
   ijthdrev                   0.1                   0.1                   0.1
   ijthsrev                   0.1                   0.1                   0.1
      xjbvd                     1                     1                     1
      xjbvs                     1                     1                     1
        bvd                    10                    10                    10
        bvs                    10                    10                    10
       jtss                 1e-11                 1e-11                     0
       jtsd                 1e-11                 1e-11                     0
     jtssws                 1e-11                 1e-11                     0
     jtsswd                 1e-11                 1e-11                     0
    jtsswgs                 1e-11                 1e-11                     0
    jtsswgd                 1e-11                 1e-11                     0
       njts                    20                    20                    20
     njtssw                    20                    20                    20
    njtsswg                    20                    20                    20
       xtss                  0.02                  0.02                  0.02
       xtsd                  0.02                  0.02                  0.02
     xtssws                  0.02                  0.02                  0.02
     xtsswd                  0.02                  0.02                  0.02
    xtsswgs                  0.02                  0.02                  0.02
    xtsswgd                  0.02                  0.02                  0.02
      tnjts                     0                     0                     0
    tnjtssw                     0                     0                     0
   tnjtsswg                     0                     0                     0
       vtss                    10                    10                    10
       vtsd                    10                    10                    10
     vtssws                    10                    10                    10
     vtsswd                    10                    10                    10
    vtsswgs                    10                    10                    10
    vtsswgd                    10                    10                    10
      gbmin                 1e-12                 1e-12                 1e-12
       rbdb                    50                    50                    50
       rbpb                    50                    50                    50
       rbsb                    50                    50                    50
       rbps                    50                    50                    50
       rbpd                    50                    50                    50
      rbps0                    50                    50                    50
      rbpsl                     0                     0                     0
      rbpsw                     0                     0                     0
     rbpsnf                     0                     0                     0
      rbpd0                    50                    50                    50
      rbpdl                     0                     0                     0
      rbpdw                     0                     0                     0
     rbpdnf                     0                     0                     0
     rbpbx0                   100                   100                   100
     rbpbxl                     0                     0                     0
     rbpbxw                     0                     0                     0
    rbpbxnf                     0                     0                     0
     rbpby0                   100                   100                   100
     rbpbyl                     0                     0                     0
     rbpbyw                     0                     0                     0
    rbpbynf                     0                     0                     0
     rbsbx0                   100                   100                   100
     rbsby0                   100                   100                   100
     rbdbx0                   100                   100                   100
     rbdby0                   100                   100                   100
    rbsdbxl                     0                     0                     0
    rbsdbxw                     0                     0                     0
   rbsdbxnf                     0                     0                     0
    rbsdbyl                     0                     0                     0
    rbsdbyw                     0                     0                     0
   rbsdbynf                     0                     0                     0
      lcdsc                     0                     0                     0
     lcdscb                     0                     0                     0
     lcdscd                     0                     0                     0
       lcit                     0                     0                     0
   lnfactor                     0                     0                     0
        lxj                     0                     0                     0
      lvsat                     0                     0                     0
        lat                     0                     0                     0
        la0          -2.82429e-07          -2.92887e-07          -2.28595e-07
       lags           5.86555e-08             5.896e-08          -1.42483e-07
        la1                     0                     0                     0
        la2                     0                     0                     0
      lketa          -2.26579e-08          -2.29073e-08          -9.82369e-09
      lnsub                     0                     0                     0
      lndep                     0                     0                     0
       lnsd                     0                     0                     0
      lphin                     0                     0                     0
     lngate                     0                     0                     0
    lgamma1                     0                     0                     0
    lgamma2                     0                     0                     0
       lvbx                     0                     0                     0
       lvbm                     0                     0                     0
        lxt                     0                     0                     0
        lk1          -2.37695e-08          -2.37695e-08                     0
       lkt1          -4.84195e-09          -7.65262e-09           7.59271e-10
      lkt1l                     0                     0                     0
       lkt2          -2.83662e-09          -2.48876e-09          -8.26867e-10
        lk2          -2.65915e-09          -2.96001e-09          -3.05021e-08
        lk3                     0                     0                     0
       lk3b                     0                     0                     0
        lw0                     0                     0                     0
     ldvtp0                     0                     0                     0
     ldvtp1                     0                     0                     0
      llpe0                     0                     0                     0
      llpeb                     0                     0                     0
      ldvt0                     0                     0                     0
      ldvt1                     0                     0                     0
      ldvt2                     0                     0                     0
     ldvt0w                     0                     0                     0
     ldvt1w                     0                     0                     0
     ldvt2w                     0                     0                     0
     ldrout                     0                     0                     0
      ldsub                     0                     0                     0
      lvth0           -6.9146e-09          -5.53241e-09          -9.52408e-09
        lua           6.20163e-16           6.09791e-16           3.71385e-16
       lua1                     0                     0                     0
        lub           1.52711e-26                     0          -1.63005e-25
       lub1          -1.83548e-25          -1.75745e-25           -6.6136e-25
        luc           7.08673e-17           6.79294e-17           4.95178e-19
       luc1          -2.37879e-17          -2.08708e-17           7.26797e-18
        lud                     0                     0                     0
       lud1                     0                     0                     0
        lup                     0                     0                     0
        llp                     0                     0                     0
        lu0           2.32203e-09           2.19226e-09           4.20204e-09
       lute                     0                     0                     0
      lvoff          -1.74092e-09                     0          -9.75493e-09
      lminv                     0                     0                     0
     ldelta                     0                     0           4.10518e-09
      lrdsw                     0                     0                     0
       lrsw                     0                     0                     0
       lrdw                     0                     0                     0
      lprwg                     0                     0                     0
      lprwb                     0                     0                     0
       lprt                     0                     0                     0
      leta0                     0                     0                     0
      letab                    -0                    -0                    -0
      lpclm           2.32885e-08           2.03656e-08           6.58378e-08
   lpdiblc1                     0                     0                     0
   lpdiblc2           2.37049e-10           2.37049e-10           8.67835e-10
   lpdiblcb                     0                     0                     0
    lfprout                     0                     0                     0
     lpdits                     0                     0                     0
    lpditsd                     0                     0                     0
    lpscbe1                     0                     0                     0
    lpscbe2                     0                     0                     0
      lpvag                     0                     0                     0
        lwr                     0                     0                     0
       ldwg                     0                     0                     0
       ldwb                     0                     0                     0
        lb0                     0                     0                     0
        lb1                     0                     0                     0
      lcgsl                     0                     0                     0
      lcgdl                     0                     0                     0
   lckappas                     0                     0                     0
   lckappad                     0                     0                     0
        lcf                     0                     0                     0
       lclc                     0                     0                     0
       lcle                     0                     0                     0
    lalpha0          -5.11767e-11          -5.08785e-11          -2.21146e-12
    lalpha1                     0                     0                     0
     lbeta0           -4.8934e-06          -4.89387e-06           4.68531e-08
     lagidl                     0                     0                     0
     lbgidl                     0                     0                     0
     lcgidl                     0                     0                     0
     legidl                     0                     0                     0
      laigc                     0                     0                     0
      lbigc                     0                     0                     0
      lcigc                     0                     0                     0
     laigsd                     0                     0                     0
     lbigsd                     0                     0                     0
     lcigsd                     0                     0                     0
   laigbacc                     0                     0                     0
   lbigbacc                     0                     0                     0
   lcigbacc                     0                     0                     0
   laigbinv                     0                     0                     0
   lbigbinv                     0                     0                     0
   lcigbinv                     0                     0                     0
      lnigc                     0                     0                     0
   lnigbinv                     0                     0                     0
   lnigbacc                     0                     0                     0
      lntox                     0                     0                     0
   leigbinv                     0                     0                     0
     lpigcd                     0                     0                     0
   lpoxedge                     0                     0                     0
     lvfbcv                     0                     0                     0
       lvfb                     0                     0                     0
      lacde                     0                     0                     0
      lmoin                     0                     0                     0
      lnoff                     0                     0                     0
    lvoffcv                     0                     0                     0
    lxrcrg1                     0                     0                     0
    lxrcrg2                     0                     0                     0
    llambda <<NAN, error = 7>> <<NAN, error = 7>> <<NAN, error = 7>>
       lvtl <<NAN, error = 7>> <<NAN, error = 7>> <<NAN, error = 7>>
        lxn <<NAN, error = 7>> <<NAN, error = 7>> <<NAN, error = 7>>
        leu                     0                     0                     0
  lvfbsdoff                     0                     0                     0
 ltvfbsdoff                     0                     0                     0
     ltvoff                     0                     0                     0
      wcdsc                     0                     0                     0
     wcdscb                     0                     0                     0
     wcdscd                     0                     0                     0
       wcit                     0                     0                     0
   wnfactor                     0                     0                     0
        wxj                     0                     0                     0
      wvsat                     0                     0                     0
        wat                     0                     0                     0
        wa0           1.40991e-07                     0           4.66554e-07
       wags          -6.25745e-09                     0           -1.6507e-07
        wa1                     0                     0                     0
        wa2                     0                     0                     0
      wketa           2.10617e-09                     0                     0
      wnsub                     0                     0                     0
      wndep                     0                     0                     0
       wnsd                     0                     0                     0
      wphin                     0                     0                     0
     wngate                     0                     0                     0
    wgamma1                     0                     0                     0
    wgamma2                     0                     0                     0
       wvbx                     0                     0                     0
       wvbm                     0                     0                     0
        wxt                     0                     0                     0
        wk1                     0                     0                     0
       wkt1           3.58564e-08                     0           -9.3696e-08
      wkt1l                     0                     0                     0
       wkt2           -2.9369e-09                     0          -5.87409e-09
        wk2           6.18369e-09                     0          -5.98382e-09
        wk3                     0                     0                     0
       wk3b                     0                     0                     0
        ww0                     0                     0                     0
     wdvtp0                     0                     0                     0
     wdvtp1                     0                     0                     0
      wlpe0                     0                     0                     0
      wlpeb                     0                     0                     0
      wdvt0                     0                     0                     0
      wdvt1                     0                     0                     0
      wdvt2                     0                     0                     0
     wdvt0w                     0                     0                     0
     wdvt1w                     0                     0                     0
     wdvt2w                     0                     0                     0
     wdrout                     0                     0                     0
      wdsub                     0                     0                     0
      wvth0          -8.86558e-09                     0           3.41966e-09
        wua          -6.29967e-17                     0          -2.83803e-16
       wua1                     0                     0                     0
        wub           8.83449e-26                     0          -6.85586e-25
       wub1           -3.9238e-25                     0           3.40963e-25
        wuc           2.48039e-17                     0          -8.62101e-17
       wuc1          -5.99573e-17                     0           6.20462e-17
        wud                     0                     0                     0
       wud1                     0                     0                     0
        wup                     0                     0                     0
        wlp                     0                     0                     0
        wu0          -4.59133e-10                     0          -8.53302e-09
       wute                     0                     0           2.02638e-07
      wvoff          -3.57817e-08                     0          -1.54439e-08
      wminv                     0                     0                     0
     wdelta                     0                     0                     0
      wrdsw                     0                     0                     0
       wrsw                     0                     0                     0
       wrdw                     0                     0                     0
      wprwg                     0                     0                     0
      wprwb                     0                     0                     0
       wprt                     0                     0                     0
      weta0                     0                     0                     0
      wetab                     0                     0                     0
      wpclm           1.45327e-07                     0           1.80918e-07
   wpdiblc1                     0                     0                     0
   wpdiblc2                     0                     0                     0
   wpdiblcb                     0                     0                     0
    wfprout                     0                     0                     0
     wpdits                     0                     0                     0
    wpditsd                     0                     0                     0
    wpscbe1                     0                     0                     0
    wpscbe2                     0                     0                     0
      wpvag                     0                     0                     0
        wwr                     0                     0                     0
       wdwg                     0                     0                     0
       wdwb                     0                     0                     0
        wb0                     0                     0                     0
        wb1                     0                     0                     0
      wcgsl                     0                     0                     0
      wcgdl                     0                     0                     0
   wckappas                     0                     0                     0
   wckappad                     0                     0                     0
        wcf                     0                     0                     0
       wclc                     0                     0                     0
       wcle                     0                     0                     0
    walpha0          -5.32147e-12                     0                     0
    walpha1                     0                     0                     0
     wbeta0           3.90936e-09                     0            3.9499e-07
     wagidl                     0                     0                     0
     wbgidl                     0                     0                     0
     wcgidl                     0                     0                     0
     wegidl                     0                     0                     0
      waigc                     0                     0                     0
      wbigc                     0                     0                     0
      wcigc                     0                     0                     0
     waigsd                     0                     0                     0
     wbigsd                     0                     0                     0
     wcigsd                     0                     0                     0
   waigbacc                     0                     0                     0
   wbigbacc                     0                     0                     0
   wcigbacc                     0                     0                     0
   waigbinv                     0                     0                     0
   wbigbinv                     0                     0                     0
   wcigbinv                     0                     0                     0
      wnigc                     0                     0                     0
   wnigbinv                     0                     0                     0
   wnigbacc                     0                     0                     0
      wntox                     0                     0                     0
   weigbinv                     0                     0                     0
     wpigcd                     0                     0                     0
   wpoxedge                     0                     0                     0
     wvfbcv                     0                     0                     0
       wvfb                     0                     0                     0
      wacde                     0                     0                     0
      wmoin                     0                     0                     0
      wnoff                     0                     0                     0
    wvoffcv                     0                     0                     0
    wxrcrg1                     0                     0                     0
    wxrcrg2                     0                     0                     0
    wlambda <<NAN, error = 7>> <<NAN, error = 7>> <<NAN, error = 7>>
       wvtl <<NAN, error = 7>> <<NAN, error = 7>> <<NAN, error = 7>>
        wxn <<NAN, error = 7>> <<NAN, error = 7>> <<NAN, error = 7>>
        weu                     0                     0                     0
  wvfbsdoff                     0                     0                     0
 wtvfbsdoff                     0                     0                     0
     wtvoff                     0                     0                     0
      pcdsc                     0                     0                     0
     pcdscb                     0                     0                     0
     pcdscd                     0                     0                     0
       pcit                     0                     0                     0
   pnfactor                     0                     0                     0
        pxj                     0                     0                     0
      pvsat                     0                     0                     0
        pat                     0                     0                     0
        pa0          -1.04892e-13                     0          -2.26278e-13
       pags           3.05364e-15                     0           8.00587e-14
        pa1                     0                     0                     0
        pa2                     0                     0                     0
      pketa          -2.50212e-15                     0                     0
      pnsub                     0                     0                     0
      pndep                     0                     0                     0
       pnsd                     0                     0                     0
      pphin                     0                     0                     0
     pngate                     0                     0                     0
    pgamma1                     0                     0                     0
    pgamma2                     0                     0                     0
       pvbx                     0                     0                     0
       pvbm                     0                     0                     0
        pxt                     0                     0                     0
        pk1                     0                     0                     0
       pkt1           -2.8191e-14                     0           2.06303e-14
      pkt1l                     0                     0                     0
       pkt2           3.48904e-15                     0           4.15933e-15
        pk2          -3.01764e-15                     0           7.09082e-15
        pk3                     0                     0                     0
       pk3b                     0                     0                     0
        pw0                     0                     0                     0
     pdvtp0                     0                     0                     0
     pdvtp1                     0                     0                     0
      plpe0                     0                     0                     0
      plpeb                     0                     0                     0
      pdvt0                     0                     0                     0
      pdvt1                     0                     0                     0
      pdvt2                     0                     0                     0
     pdvt0w                     0                     0                     0
     pdvt1w                     0                     0                     0
     pdvt2w                     0                     0                     0
     pdrout                     0                     0                     0
      pdsub                     0                     0                     0
      pvth0           1.38633e-14                     0          -1.20565e-14
        pua          -1.04033e-22                     0           3.36307e-22
       pua1                     0                     0                     0
        pub          -1.53169e-31                     0           -4.4344e-31
       pub1           7.82567e-32                     0           5.57904e-31
        puc           -2.9467e-23                     0          -4.94683e-24
       puc1           2.92592e-23                     0           1.26133e-23
        pud                     0                     0                     0
       pud1                     0                     0                     0
        pup                     0                     0                     0
        plp                     0                     0                     0
        pu0          -1.30157e-15                     0           2.87271e-16
       pute                     0                     0                     0
      pvoff           1.74615e-14                     0            1.8301e-14
      pminv                     0                     0                     0
     pdelta                     0                     0                     0
      prdsw                     0                     0                     0
       prsw                     0                     0                     0
       prdw                     0                     0                     0
      pprwg                     0                     0                     0
      pprwb                     0                     0                     0
       pprt                     0                     0                     0
      peta0                     0                     0                     0
      petab                     0                     0                     0
      ppclm          -2.93172e-14                     0           -7.8639e-15
   ppdiblc1                     0                     0                     0
   ppdiblc2                     0                     0                     0
   ppdiblcb                     0                     0                     0
    pfprout                     0                     0                     0
     ppdits                     0                     0                     0
    ppditsd                     0                     0                     0
    ppscbe1                     0                     0                     0
    ppscbe2                     0                     0                     0
      ppvag                     0                     0                     0
        pwr                     0                     0                     0
       pdwg                     0                     0                     0
       pdwb                     0                     0                     0
        pb0                     0                     0                     0
        pb1                     0                     0                     0
      pcgsl                     0                     0                     0
      pcgdl                     0                     0                     0
   pckappas                     0                     0                     0
   pckappad                     0                     0                     0
        pcf                     0                     0                     0
       pclc                     0                     0                     0
       pcle                     0                     0                     0
    palpha0           2.99094e-18                     0                     0
    palpha1                     0                     0                     0
     pbeta0          -4.64431e-15                     0          -4.68063e-13
     pagidl                     0                     0                     0
     pbgidl                     0                     0                     0
     pcgidl                     0                     0                     0
     pegidl                     0                     0                     0
      paigc                     0                     0                     0
      pbigc                     0                     0                     0
      pcigc                     0                     0                     0
     paigsd                     0                     0                     0
     pbigsd                     0                     0                     0
     pcigsd                     0                     0                     0
   paigbacc                     0                     0                     0
   pbigbacc                     0                     0                     0
   pcigbacc                     0                     0                     0
   paigbinv                     0                     0                     0
   pbigbinv                     0                     0                     0
   pcigbinv                     0                     0                     0
      pnigc                     0                     0                     0
   pnigbinv                     0                     0                     0
   pnigbacc                     0                     0                     0
      pntox                     0                     0                     0
   peigbinv                     0                     0                     0
     ppigcd                     0                     0                     0
   ppoxedge                     0                     0                     0
     pvfbcv                     0                     0                     0
       pvfb                     0                     0                     0
      pacde                     0                     0                     0
      pmoin                     0                     0                     0
      pnoff                     0                     0                     0
    pvoffcv                     0                     0                     0
    pxrcrg1                     0                     0                     0
    pxrcrg2                     0                     0                     0
    plambda <<NAN, error = 7>> <<NAN, error = 7>> <<NAN, error = 7>>
       pvtl <<NAN, error = 7>> <<NAN, error = 7>> <<NAN, error = 7>>
        pxn <<NAN, error = 7>> <<NAN, error = 7>> <<NAN, error = 7>>
        peu                     0                     0                     0
  pvfbsdoff                     0                     0                     0
 ptvfbsdoff                     0                     0                     0
     ptvoff                     0                     0                     0
      saref               4.4e-07               4.4e-07               4.4e-07
      sbref               4.4e-07               4.4e-07               4.4e-07
       wlod                     0                     0                     0
        ku0                     0                     0                     0
      kvsat                     0                     0                     0
      kvth0                     0                     0                     0
       tku0                     0                     0                     0
    llodku0                     0                     0                     0
    wlodku0                     0                     0                     0
    llodvth                     0                     0                     0
    wlodvth                     0                     0                     0
       lku0                     0                     0                     0
       wku0                     0                     0                     0
       pku0                     0                     0                     0
     lkvth0                     0                     0                     0
     wkvth0                     0                     0                     0
     pkvth0                     0                     0                     0
       stk2                     0                     0                     0
      lodk2                     1                     1                     1
     steta0                     0                     0                     0
    lodeta0                     1                     1                     1
        web                     0                     0                     0
        wec                     0                     0                     0
    kvth0we                     0                     0                     0
       k2we                     0                     0                     0
      ku0we                     0                     0                     0
      scref                 1e-06                 1e-06                 1e-06
     wpemod                     0                     0                     0
   lkvth0we                     0                     0                     0
      lk2we                     0                     0                     0
     lku0we                     0                     0                     0
   wkvth0we                     0                     0                     0
      wk2we                     0                     0                     0
     wku0we                     0                     0                     0
   pkvth0we                     0                     0                     0
      pk2we                     0                     0                     0
     pku0we                     0                     0                     0
       noia               3.2e+41               3.2e+41               3.2e+41
       noib               1.8e+20               1.8e+20               1.2e+20
       noic                 3e+09                 3e+09                 6e+08
      tnoia                   1.5                   1.5                   1.5
      tnoib                   3.5                   3.5                   3.5
      rnoia                 0.577                 0.577                 0.577
      rnoib                0.5164                0.5164                0.5164
      ntnoi                     1                     1                     1
         em               4.1e+07               4.1e+07               4.1e+07
         ef                  1.12                  1.12                  0.95
         af                     1                     1                     1
         kf                     0                     0                     0
    vgs_max                 1e+99                 1e+99                 1e+99
    vgd_max                 1e+99                 1e+99                 1e+99
    vgb_max                 1e+99                 1e+99                 1e+99
    vds_max                 1e+99                 1e+99                 1e+99
    vbs_max                 1e+99                 1e+99                 1e+99
    vbd_max                 1e+99                 1e+99                 1e+99
   vgsr_max                 1e+99                 1e+99                 1e+99
   vgdr_max                 1e+99                 1e+99                 1e+99
   vgbr_max                 1e+99                 1e+99                 1e+99
   vbsr_max                 1e+99                 1e+99                 1e+99
   vbdr_max                 1e+99                 1e+99                 1e+99

 BSIM4v5: Berkeley Short Channel IGFET Model-4
     device            m.xpw_b.m0           m.xpw_b2.m0           m.xpw_c2.m0
      model           pfet_03v3.9          pfet_03v3.13          pfet_03v3.13
          l                 1e-06                 1e-06                 1e-06
          w              3.75e-06               1.5e-05               1.5e-05
          m                     1                     1                     1
         nf                     1                     1                     1
         sa                     0                     0                     0
         sb                     0                     0                     0
         sd                     0                     0                     0
        sca                     0                     0                     0
        scb                     0                     0                     0
        scc                     0                     0                     0
         sc                     0                     0                     0
        min                     0                     0                     0
         ad              1.65e-12               6.6e-12               6.6e-12
         as              1.65e-12               6.6e-12               6.6e-12
         pd              4.63e-06             1.588e-05             1.588e-05
         ps              4.63e-06             1.588e-05             1.588e-05
        nrd                     0                     0                     0
        nrs                     0                     0                     0
        off                     0                     0                     0
       rbdb                    50                    50                    50
       rbsb                    50                    50                    50
       rbpb                    50                    50                    50
       rbps                    50                    50                    50
       rbpd                    50                    50                    50
     delvto                    -0                    -0                    -0
      mulu0                     1                     1                     1
        xgw                     0                     0                     0
      ngcon                     1                     1                     1
   trnqsmod                     0                     0                     0
   acnqsmod                     0                     0                     0
   rbodymod                     0                     0                     0
   rgatemod                     0                     0                     0
     geomod                     0                     0                     0
    rgeomod                     0                     0                     0
       gmbs           2.88813e-05           5.27486e-05           5.54852e-05
         gm           6.52401e-05           0.000116475           0.000138521
        gds           4.04476e-07           2.62814e-05             2.165e-07
      vdsat              0.453462              0.241096              0.235671
        vth              0.663017              0.663864              0.755567
         id                 2e-05           2.00852e-05           2.00852e-05
        ibd          -1.56865e-15          -2.95258e-16          -2.31165e-14
        ibs                     0                     0          -2.95258e-16
        gbd           1.60161e-15           1.44749e-15           2.29759e-14
        gbs           1.11522e-15           1.37944e-15           1.44749e-15
       isub           1.55407e-18           6.27034e-20           5.23921e-09
      igidl                     0                     0           2.28131e-15
      igisl                     0                     0                     0
        igs                     0                     0                     0
        igd                     0                     0                     0
        igb                     0                     0                     0
       igcs                     0                     0                     0
       igcd                     0                     0                     0
        vbs                     0                     0                     0
        vgs                     0                     0                     0
        vds                     0                     0                     0
        cgg           1.28645e-14           5.54749e-14           4.96169e-14
        cgs          -1.11522e-14          -4.01922e-14           -4.1875e-14
        cgd          -5.21646e-18           -8.9798e-15          -2.49473e-19
        cbg          -2.23051e-15            -5.294e-15          -8.33715e-15
        cbd          -3.67397e-18          -6.28518e-15          -1.78862e-19
        cbs          -4.37611e-15          -1.72103e-14          -1.62163e-14
        cdg          -4.25773e-15          -2.30498e-14          -1.65128e-14
        cdd           7.06342e-18           1.12107e-14           3.92608e-19
        cds            6.2142e-15           2.20255e-14           2.32377e-14
        csg          -6.37624e-15          -2.71311e-14          -2.47669e-14
        csd           1.82701e-18           4.05429e-15           3.57277e-20
        css           9.31407e-15           3.53771e-14           3.48536e-14
        cgb          -1.70711e-15          -6.30287e-15          -7.74162e-15
        cdb          -1.96353e-15          -1.01864e-14          -6.72527e-15
        csb          -2.93966e-15          -1.23002e-14          -1.00867e-14
        cbb            6.6103e-15           2.87895e-14           2.45536e-14
      capbd             2.682e-15           1.26285e-14           8.53036e-15
      capbs           3.49701e-15           1.35796e-14           1.26285e-14
         qg           2.14077e-14           7.15154e-14           7.61585e-14
         qb          -1.40011e-14           -5.2846e-14          -5.94668e-14
         qd          -2.96418e-15          -7.88695e-15            -6.677e-15
         qs           -4.4424e-15          -1.07824e-14          -1.00147e-14
       qinv           6.15352e-15           1.23355e-14           1.11349e-14
       qdef                     0                     0                     0
       gcrg                     0                     0                     0
       gtau                     0                     0                     0

 BSIM4v5: Berkeley Short Channel IGFET Model-4
     device           m.xpw_b1.m0           m.xpw_c1.m0           m.xpc_b2.m0
      model          pfet_03v3.13          pfet_03v3.13          pfet_03v3.13
          l                 1e-06                 1e-06                 1e-06
          w               1.5e-05               1.5e-05               1.5e-05
          m                     1                     1                     1
         nf                     1                     1                     1
         sa                     0                     0                     0
         sb                     0                     0                     0
         sd                     0                     0                     0
        sca                     0                     0                     0
        scb                     0                     0                     0
        scc                     0                     0                     0
         sc                     0                     0                     0
        min                     0                     0                     0
         ad               6.6e-12               6.6e-12               6.6e-12
         as               6.6e-12               6.6e-12               6.6e-12
         pd             1.588e-05             1.588e-05             1.588e-05
         ps             1.588e-05             1.588e-05             1.588e-05
        nrd                     0                     0                     0
        nrs                     0                     0                     0
        off                     0                     0                     0
       rbdb                    50                    50                    50
       rbsb                    50                    50                    50
       rbpb                    50                    50                    50
       rbps                    50                    50                    50
       rbpd                    50                    50                    50
     delvto                    -0                     0                    -0
      mulu0                     1                     1                     1
        xgw                     0                     0                     0
      ngcon                     1                     1                     1
   trnqsmod                     0                     0                     0
   acnqsmod                     0                     0                     0
   rbodymod                     0                     0                     0
   rgatemod                     0                     0                     0
     geomod                     0                     0                     0
    rgeomod                     0                     0                     0
       gmbs           5.22419e-05           5.45903e-05           6.08879e-05
         gm           0.000115262           0.000136091           0.000136279
        gds           2.77443e-05           5.84213e-07           4.64298e-07
      vdsat              0.241096              0.238908              0.231038
        vth              0.663864              0.754295              0.663862
         id                 2e-05                 2e-05           2.00008e-05
        ibd          -2.90698e-16          -1.62974e-15          -1.60129e-15
        ibs                     0          -2.90698e-16                     0
        gbd           1.44514e-15           2.38049e-15           2.35673e-15
        gbs           1.37944e-15           1.44514e-15           1.37944e-15
       isub           5.98772e-20            9.9509e-19           1.40683e-18
      igidl                     0                     0                     0
      igisl                     0                     0                     0
        igs                     0                     0                     0
        igd                     0                     0                     0
        igb                     0                     0                     0
       igcs                     0                     0                     0
       igcd                     0                     0                     0
        vbs                     0                     0                     0
        vgs                     0                     0                     0
        vds                     0                     0                     0
        cgg           5.56419e-14           4.97186e-14           5.02755e-14
        cgs          -4.00764e-14          -4.19653e-14          -4.19741e-14
        cgd          -9.32466e-15          -5.39217e-17          -1.98008e-17
        cbg          -5.17711e-15          -8.30182e-15          -8.87934e-15
        cbd          -6.52655e-15          -3.43618e-17          -1.38764e-17
        cbs          -1.71393e-14          -1.62624e-14          -1.83673e-14
        cdg          -2.32514e-14          -1.66086e-14          -1.65776e-14
        cdd           1.16236e-14           6.97045e-17           2.67162e-17
        cds           2.18965e-14           2.33173e-14           2.41527e-14
        csg          -2.72134e-14          -2.48082e-14          -2.48185e-14
        csd           4.22757e-15            1.8579e-17           6.96101e-18
        css           3.53193e-14           3.49104e-14           3.61887e-14
        cgb          -6.24083e-15          -7.69935e-15          -8.28157e-15
        cdb          -1.02687e-14          -6.77845e-15          -7.60176e-15
        csb          -1.23334e-14          -1.01208e-14          -1.13772e-14
        cbb            2.8843e-14           2.45986e-14           2.72605e-14
      capbd           1.26404e-14           1.07925e-14           1.08137e-14
      capbs           1.35796e-14           1.26404e-14           1.35796e-14
         qg           7.15443e-14           7.63045e-14           7.01381e-14
         qb          -5.28258e-14          -5.94068e-14          -5.32062e-14
         qd          -7.92294e-15          -6.76849e-15          -6.77771e-15
         qs          -1.07955e-14          -1.01293e-14          -1.01542e-14
       qinv           1.23522e-14           1.13382e-14           1.13694e-14
       qdef                     0                     0                     0
       gcrg                     0                     0                     0
       gtau                     0                     0                     0

 BSIM4v5: Berkeley Short Channel IGFET Model-4
     device           m.xpc_c2.m0           m.xpc_b1.m0           m.xpc_c1.m0
      model          pfet_03v3.13          pfet_03v3.13          pfet_03v3.13
          l                 1e-06                 1e-06                 1e-06
          w               1.5e-05               1.5e-05               1.5e-05
          m                     1                     1                     1
         nf                     1                     1                     1
         sa                     0                     0                     0
         sb                     0                     0                     0
         sd                     0                     0                     0
        sca                     0                     0                     0
        scb                     0                     0                     0
        scc                     0                     0                     0
         sc                     0                     0                     0
        min                     0                     0                     0
         ad               6.6e-12               6.6e-12               6.6e-12
         as               6.6e-12               6.6e-12               6.6e-12
         pd             1.588e-05             1.588e-05             1.588e-05
         ps             1.588e-05             1.588e-05             1.588e-05
        nrd                     0                     0                     0
        nrs                     0                     0                     0
        off                     0                     0                     0
       rbdb                    50                    50                    50
       rbsb                    50                    50                    50
       rbpb                    50                    50                    50
       rbps                    50                    50                    50
       rbpd                    50                    50                    50
     delvto                     0                     0                    -0
      mulu0                     1                     1                     1
        xgw                     0                     0                     0
      ngcon                     1                     1                     1
   trnqsmod                     0                     0                     0
   acnqsmod                     0                     0                     0
   rbodymod                     0                     0                     0
   rgatemod                     0                     0                     0
     geomod                     0                     0                     0
    rgeomod                     0                     0                     0
       gmbs           4.23936e-05           6.08855e-05            4.2136e-05
         gm           0.000137728           0.000136273           0.000136819
        gds           2.19698e-07           4.65044e-07           3.55002e-07
      vdsat              0.254454              0.231038              0.256202
        vth               1.00511              0.663862                1.0046
         id           2.00008e-05                 2e-05                 2e-05
        ibd          -2.31165e-14          -1.59733e-15          -7.28568e-15
        ibs          -1.60129e-15                     0          -1.59733e-15
        gbd           2.29759e-14           2.35343e-15           7.88566e-15
        gbs           2.35673e-15           1.37944e-15           2.35343e-15
       isub           3.83452e-11           1.40341e-18           2.03046e-18
      igidl             3.443e-22                     0                     0
      igisl                     0                     0                     0
        igs                     0                     0                     0
        igd                     0                     0                     0
        igb                     0                     0                     0
       igcs                     0                     0                     0
       igcd                     0                     0                     0
        vbs                     0                     0                     0
        vgs                     0                     0                     0
        vds                     0                     0                     0
        cgg           4.82069e-14           5.02756e-14           4.82355e-14
        cgs          -4.16301e-14          -4.19742e-14          -4.16615e-14
        cgd          -7.50802e-19          -1.99359e-17          -7.66239e-18
        cbg          -7.06383e-15          -8.87923e-15          -7.06002e-15
        cbd          -4.04562e-19           -1.3971e-17          -3.88459e-18
        cbs           -1.2234e-14          -1.83674e-14          -1.22422e-14
        cdg           -1.6459e-14          -1.65778e-14           -1.6479e-14
        cdd           9.91233e-19           2.68975e-17           9.24161e-18
        cds           2.15475e-14           2.41528e-14           2.15687e-14
        csg          -2.46841e-14          -2.48185e-14          -2.46965e-14
        csd            1.6413e-19           7.00941e-18           2.30537e-18
        css           3.23166e-14           3.61888e-14            3.2335e-14
        cgb          -6.57605e-15           -8.2815e-15          -6.56629e-15
        cdb          -5.08948e-15          -7.60187e-15          -5.09898e-15
        csb          -7.63265e-15          -1.13772e-14          -7.64082e-15
        cbb           1.92982e-14           2.72606e-14           1.93061e-14
      capbd           8.53036e-15           1.08167e-14           9.29048e-15
      capbs           1.08137e-14           1.35796e-14           1.08167e-14
         qg           9.34077e-14           7.01381e-14           9.34807e-14
         qb           -7.6791e-14          -5.32062e-14          -7.67689e-14
         qd          -6.64723e-15          -6.77775e-15          -6.68715e-15
         qs          -9.96942e-15          -1.01542e-14          -1.00246e-14
       qinv           1.10706e-14           1.13694e-14           1.11676e-14
       qdef                     0                     0                     0
       gcrg                     0                     0                     0
       gtau                     0                     0                     0

 BSIM4v5: Berkeley Short Channel IGFET Model-4
     device            m.xps_o.m0            m.xps_d.m0           m.xnw_b2.m0
      model          pfet_03v3.13          pfet_03v3.13           nfet_03v3.9
          l                 1e-06                 1e-06                 1e-06
          w               1.5e-05               1.5e-05                 5e-06
          m                     1                     1                     1
         nf                     1                     1                     1
         sa                     0                     0                     0
         sb                     0                     0                     0
         sd                     0                     0                     0
        sca                     0                     0                     0
        scb                     0                     0                     0
        scc                     0                     0                     0
         sc                     0                     0                     0
        min                     0                     0                     0
         ad               6.6e-12               6.6e-12               2.2e-12
         as               6.6e-12               6.6e-12               2.2e-12
         pd             1.588e-05             1.588e-05              5.88e-06
         ps             1.588e-05             1.588e-05              5.88e-06
        nrd                     0                     0                     0
        nrs                     0                     0                     0
        off                     0                     0                     0
       rbdb                    50                    50                    50
       rbsb                    50                    50                    50
       rbpb                    50                    50                    50
       rbps                    50                    50                    50
       rbpd                    50                    50                    50
     delvto                    -0                    -0                    -0
      mulu0                     1                     1                     1
        xgw                     0                     0                     0
      ngcon                     1                     1                     1
   trnqsmod                     0                     0                     0
   acnqsmod                     0                     0                     0
   rbodymod                     0                     0                     0
   rgatemod                     0                     0                     0
     geomod                     0                     0                     0
    rgeomod                     0                     0                     0
       gmbs           6.26991e-05           6.08855e-05                     0
         gm           0.000140336           0.000136273                     0
        gds           2.50181e-07           4.65044e-07           0.000180211
      vdsat              0.231042              0.231038              0.222665
        vth              0.663855              0.663862               0.57998
         id           2.06463e-05                 2e-05                     0
        ibd          -2.31165e-14          -1.59733e-15                     0
        ibs                     0                     0                     0
        gbd           2.29759e-14           2.35343e-15            1.0366e-15
        gbs           1.37944e-15           1.37944e-15            1.0366e-15
       isub           1.49703e-08           1.40341e-18                     0
      igidl           2.11991e-14                     0                     0
      igisl                     0                     0                     0
        igs                     0                     0                     0
        igd                     0                     0                     0
        igb                     0                     0                     0
       igcs                     0                     0                     0
       igcd                     0                     0                     0
        vbs                     0                     0                     0
        vgs                     0                     0                     0
        vds                     0                     0                     0
        cgg            5.0248e-14           5.02756e-14           1.87787e-14
        cgs           -4.1953e-14          -4.19742e-14          -8.72601e-15
        cgd          -1.89416e-19          -1.99359e-17          -9.39399e-15
        cbg          -8.89859e-15          -8.87923e-15          -3.87276e-16
        cbd          -1.50018e-19           -1.3971e-17          -3.82119e-15
        cbs          -1.83502e-14          -1.83674e-14          -3.32764e-15
        cdg          -1.65405e-14          -1.65778e-14          -9.19572e-15
        cdd           3.15958e-19           2.68975e-17           8.81013e-15
        cds           2.41224e-14           2.41528e-14           3.82429e-15
        csg          -2.48089e-14          -2.48185e-14          -9.19572e-15
        csd           2.34761e-20           7.00941e-18           4.40506e-15
        css           3.61809e-14           3.61888e-14           8.22936e-15
        cgb           -8.2948e-15           -8.2815e-15          -6.58726e-16
        cdb          -7.58212e-15          -7.60187e-15          -3.43869e-15
        csb           -1.1372e-14          -1.13772e-14          -3.43869e-15
        cbb           2.72489e-14           2.72606e-14            7.5361e-15
      capbd           8.53036e-15           1.08167e-14           5.27713e-15
      capbs           1.35796e-14           1.35796e-14           5.27713e-15
         qg           7.01313e-14           7.01381e-14           1.76367e-14
         qb           -5.3211e-14          -5.32062e-14          -1.37406e-14
         qd          -6.76842e-15          -6.77775e-15          -1.94805e-15
         qs          -1.01519e-14          -1.01542e-14          -1.94805e-15
       qinv           1.13631e-14           1.13694e-14           4.54157e-15
       qdef                     0                     0                     0
       gcrg                     0                     0                     0
       gtau                     0                     0                     0

 BSIM4v5: Berkeley Short Channel IGFET Model-4
     device           m.xnw_c2.m0           m.xnw_b1.m0           m.xnw_c1.m0
      model           nfet_03v3.9           nfet_03v3.9           nfet_03v3.9
          l                 1e-06                 1e-06                 1e-06
          w                 5e-06                 5e-06                 5e-06
          m                     1                     1                     1
         nf                     1                     1                     1
         sa                     0                     0                     0
         sb                     0                     0                     0
         sd                     0                     0                     0
        sca                     0                     0                     0
        scb                     0                     0                     0
        scc                     0                     0                     0
         sc                     0                     0                     0
        min                     0                     0                     0
         ad               2.2e-12               2.2e-12               2.2e-12
         as               2.2e-12               2.2e-12               2.2e-12
         pd              5.88e-06              5.88e-06              5.88e-06
         ps              5.88e-06              5.88e-06              5.88e-06
        nrd                     0                     0                     0
        nrs                     0                     0                     0
        off                     0                     0                     0
       rbdb                    50                    50                    50
       rbsb                    50                    50                    50
       rbpb                    50                    50                    50
       rbps                    50                    50                    50
       rbpd                    50                    50                    50
     delvto                     0                    -0                     0
      mulu0                     1                     1                     1
        xgw                     0                     0                     0
      ngcon                     1                     1                     1
   trnqsmod                     0                     0                     0
   acnqsmod                     0                     0                     0
   rbodymod                     0                     0                     0
   rgatemod                     0                     0                     0
     geomod                     0                     0                     0
    rgeomod                     0                     0                     0
       gmbs                     0           5.13723e-05           5.23922e-05
         gm                     0           0.000141234           0.000160188
        gds           0.000389819           2.29993e-05           7.36014e-07
      vdsat              0.428648              0.222665                0.2198
        vth               0.57998               0.57998              0.651071
         id                     0                 2e-05                 2e-05
        ibd            6.9215e-74          -2.06654e-16          -7.94133e-16
        ibs            6.9215e-74                     0          -2.06654e-16
        gbd            1.0366e-15           1.00001e-15                 1e-15
        gbs            1.0366e-15            1.0366e-15           1.00001e-15
       isub                     0           3.78972e-21           5.68239e-20
      igidl                     0                     0                     0
      igisl                     0                     0                     0
        igs                     0                     0                     0
        igd                     0                     0                     0
        igb                     0                     0                     0
       igcs                     0                     0                     0
       igcd                     0                     0                     0
        vbs                     0                     0                     0
        vgs                     0                     0                     0
        vds                     0                     0                     0
        cgg           2.01337e-14           1.49214e-14           1.42215e-14
        cgs          -9.82205e-15          -1.23457e-14           -1.2161e-14
        cgd          -1.01973e-14          -5.82922e-16          -1.15009e-17
        cbg           -7.1724e-17          -1.95631e-15          -2.01673e-15
        cbd          -4.14796e-15          -2.37116e-16          -4.31399e-18
        cbs          -3.38868e-15          -4.65108e-15          -4.13585e-15
        cdg           -1.0031e-14          -5.44211e-15          -4.89318e-15
        cdd           9.56353e-15           6.21697e-16            1.2475e-17
        cds           4.21448e-15           6.85806e-15           6.52791e-15
        csg           -1.0031e-14          -7.52302e-15          -7.31154e-15
        csd           4.78176e-15            1.9834e-16           3.33987e-18
        css           8.99625e-15           1.01387e-14           9.76891e-15
        cgb          -1.14369e-16          -1.99284e-15          -2.04898e-15
        cdb            -3.747e-15          -2.03765e-15           -1.6472e-15
        csb            -3.747e-15          -2.81402e-15          -2.46071e-15
        cbb           7.60836e-15           6.84451e-15           6.15689e-15
      capbd           5.27713e-15           4.87814e-15           4.18297e-15
      capbs           5.27713e-15           5.27713e-15           4.87814e-15
         qg           2.29253e-14           1.67578e-14           1.80499e-14
         qb          -1.37822e-14          -1.40982e-14          -1.55717e-14
         qd          -4.57157e-15          -1.08696e-15          -9.92848e-16
         qs          -4.57157e-15          -1.57267e-15          -1.48536e-15
       qinv           1.01817e-14           3.11939e-15             2.901e-15
       qdef                     0                     0                     0
       gcrg                     0                     0                     0
       gtau                     0                     0                     0

 BSIM4v5: Berkeley Short Channel IGFET Model-4
     device            m.xnw_b.m0           m.xnc_b2.m0           m.xnc_c2.m0
      model           nfet_03v3.9           nfet_03v3.9           nfet_03v3.9
          l                 1e-06                 1e-06                 1e-06
          w              1.25e-06                 5e-06                 5e-06
          m                     1                     1                     1
         nf                     1                     1                     1
         sa                     0                     0                     0
         sb                     0                     0                     0
         sd                     0                     0                     0
        sca                     0                     0                     0
        scb                     0                     0                     0
        scc                     0                     0                     0
         sc                     0                     0                     0
        min                     0                     0                     0
         ad               5.5e-13               2.2e-12               2.2e-12
         as               5.5e-13               2.2e-12               2.2e-12
         pd              2.13e-06              5.88e-06              5.88e-06
         ps              2.13e-06              5.88e-06              5.88e-06
        nrd                     0                     0                     0
        nrs                     0                     0                     0
        off                     0                     0                     0
       rbdb                    50                    50                    50
       rbsb                    50                    50                    50
       rbpb                    50                    50                    50
       rbps                    50                    50                    50
       rbpd                    50                    50                    50
     delvto                    -0                     0                    -0
      mulu0                     1                     1                     1
        xgw                     0                     0                     0
      ngcon                     1                     1                     1
   trnqsmod                     0                     0                     0
   acnqsmod                     0                     0                     0
   rbodymod                     0                     0                     0
   rgatemod                     0                     0                     0
     geomod                     0                     0                     0
    rgeomod                     0                     0                     0
       gmbs           2.57393e-05                     0                     0
         gm           7.33625e-05                     0                     0
        gds           5.05224e-07           0.000173293           0.000860021
      vdsat              0.422311              0.215962              0.955544
        vth              0.574337               0.57998               0.57998
         id                 2e-05                     0                     0
        ibd           -1.0621e-15                     0            2.1299e-48
        ibs                     0                     0            2.1299e-48
        gbd                 1e-15            1.0366e-15            1.0366e-15
        gbs           1.01649e-15            1.0366e-15            1.0366e-15
       isub           3.62003e-19                     0                     0
      igidl                     0                     0                     0
      igisl                     0                     0                     0
        igs                     0                     0                     0
        igd                     0                     0                     0
        igb                     0                     0                     0
       igcs                     0                     0                     0
       igcd                     0                     0                     0
        vbs                     0                     0                     0
        vgs                     0                     0                     0
        vds                     0                     0                     0
        cgg            3.9187e-15           1.86533e-14           2.04994e-14
        cgs          -3.53767e-15          -8.60798e-15          -1.00225e-14
        cgd          -1.58762e-18          -9.33948e-15          -1.06392e-14
        cbg          -5.49914e-16          -4.24905e-16          -3.50224e-17
        cbd          -7.36885e-19          -3.79902e-15           -4.3277e-15
        cbs          -1.08988e-15          -3.30138e-15          -3.22326e-15
        cdg          -1.34889e-15          -9.11421e-15          -1.02322e-14
        cdd           1.84483e-18           8.75901e-15           9.97793e-15
        cds           1.85206e-15           3.76493e-15           4.12837e-15
        csg           -2.0199e-15          -9.11421e-15          -1.02322e-14
        csd           4.79679e-19            4.3795e-15           4.98896e-15
        css           2.77549e-15           8.14444e-15           9.11734e-15
        cgb          -3.79448e-16          -7.05868e-16           1.62209e-16
        cdb          -5.05017e-16          -3.40972e-15           -3.8741e-15
        csb          -7.56069e-16          -3.40972e-15           -3.8741e-15
        cbb           1.64053e-15           7.52531e-15           7.58598e-15
      capbd           1.09113e-15           5.27713e-15           5.27713e-15
      capbs           1.42611e-15           5.27713e-15           5.27713e-15
         qg           5.26458e-15           1.74733e-14           3.81497e-14
         qb          -3.71164e-15          -1.37371e-14          -1.38181e-14
         qd          -6.21552e-16           -1.8681e-15          -1.21658e-14
         qs          -9.31389e-16           -1.8681e-15          -1.21658e-14
       qinv           1.72837e-15           4.36436e-15           2.60061e-14
       qdef                     0                     0                     0
       gcrg                     0                     0                     0
       gtau                     0                     0                     0

 BSIM4v5: Berkeley Short Channel IGFET Model-4
     device           m.xnc_b1.m0           m.xnc_c1.m0            m.xns_o.m0
      model           nfet_03v3.9           nfet_03v3.9           nfet_03v3.9
          l                 1e-06                 1e-06                 1e-06
          w                 5e-06                 5e-06                 5e-06
          m                     1                     1                     1
         nf                     1                     1                     1
         sa                     0                     0                     0
         sb                     0                     0                     0
         sd                     0                     0                     0
        sca                     0                     0                     0
        scb                     0                     0                     0
        scc                     0                     0                     0
         sc                     0                     0                     0
        min                     0                     0                     0
         ad               2.2e-12               2.2e-12               2.2e-12
         as               2.2e-12               2.2e-12               2.2e-12
         pd              5.88e-06              5.88e-06              5.88e-06
         ps              5.88e-06              5.88e-06              5.88e-06
        nrd                     0                     0                     0
        nrs                     0                     0                     0
        off                     0                     0                     0
       rbdb                    50                    50                    50
       rbsb                    50                    50                    50
       rbpb                    50                    50                    50
       rbps                    50                    50                    50
       rbpd                    50                    50                    50
     delvto                     0                    -0                     0
      mulu0                     1                     1                     1
        xgw                     0                     0                     0
      ngcon                     1                     1                     1
   trnqsmod                     0                     0                     0
   acnqsmod                     0                     0                     0
   rbodymod                     0                     0                     0
   rgatemod                     0                     0                     0
     geomod                     0                     0                     0
    rgeomod                     0                     0                     0
       gmbs           5.79088e-05            4.2911e-05                     0
         gm           0.000159995           0.000162194                     0
        gds           5.96086e-07           4.72989e-07           0.000173293
      vdsat              0.215963              0.226255              0.215962
        vth              0.579979              0.820461               0.57998
         id                 2e-05                 2e-05                     0
        ibd          -7.85401e-16          -1.80927e-15                     0
        ibs                     0          -7.85401e-16                     0
        gbd                 1e-15                 1e-15            1.0366e-15
        gbs            1.0366e-15                 1e-15            1.0366e-15
       isub           8.73969e-20           2.51897e-16                     0
      igidl                     0                     0                     0
      igisl                     0                     0                     0
        igs                     0                     0                     0
        igd                     0                     0                     0
        igb                     0                     0                     0
       igcs                     0                     0                     0
       igcd                     0                     0                     0
        vbs                     0                     0                     0
        vgs                     0                     0                     0
        vds                     0                     0                     0
        cgg           1.43437e-14            1.3872e-14           1.86533e-14
        cgs          -1.21281e-14          -1.20951e-14          -8.60798e-15
        cgd          -4.16991e-18          -1.80539e-18          -9.33948e-15
        cbg          -2.17794e-15          -1.70181e-15          -4.24905e-16
        cbd          -1.69659e-18          -5.53583e-19          -3.79902e-15
        cbs          -4.58351e-15          -3.36851e-15          -3.30138e-15
        cdg          -4.87159e-15           -4.8709e-15          -9.11421e-15
        cdd           4.65143e-18           1.88277e-18           8.75901e-15
        cds           6.68977e-15           6.18813e-15           3.76493e-15
        csg          -7.29415e-15           -7.2993e-15          -9.11421e-15
        csd           1.21507e-18           4.76198e-19            4.3795e-15
        css           1.00218e-14           9.27544e-15           8.14444e-15
        cgb          -2.21142e-15          -1.77514e-15          -7.05868e-16
        cdb          -1.82283e-15          -1.31912e-15          -3.40972e-15
        csb           -2.7289e-15          -1.97662e-15          -3.40972e-15
        cbb           6.76315e-15           5.07087e-15           7.52531e-15
      capbd           4.19055e-15           3.56278e-15           5.27713e-15
      capbs           5.27713e-15           4.19055e-15           5.27713e-15
         qg           1.65895e-14           2.15051e-14           1.74733e-14
         qb          -1.40966e-14          -1.91009e-14          -1.37371e-14
         qd          -9.97959e-16          -9.62118e-16           -1.8681e-15
         qs          -1.49491e-15          -1.44208e-15           -1.8681e-15
       qinv           2.91214e-15           2.82493e-15           4.36436e-15
       qdef                     0                     0                     0
       gcrg                     0                     0                     0
       gtau                     0                     0                     0

 BSIM4v5: Berkeley Short Channel IGFET Model-4
     device            m.xns_d.m0
      model           nfet_03v3.9
          l                 1e-06
          w                 5e-06
          m                     1
         nf                     1
         sa                     0
         sb                     0
         sd                     0
        sca                     0
        scb                     0
        scc                     0
         sc                     0
        min                     0
         ad               2.2e-12
         as               2.2e-12
         pd              5.88e-06
         ps              5.88e-06
        nrd                     0
        nrs                     0
        off                     0
       rbdb                    50
       rbsb                    50
       rbpb                    50
       rbps                    50
       rbpd                    50
     delvto                    -0
      mulu0                     1
        xgw                     0
      ngcon                     1
   trnqsmod                     0
   acnqsmod                     0
   rbodymod                     0
   rgatemod                     0
     geomod                     0
    rgeomod                     0
       gmbs           5.79088e-05
         gm           0.000159995
        gds           5.96086e-07
      vdsat              0.215963
        vth              0.579979
         id                 2e-05
        ibd          -7.85401e-16
        ibs                     0
        gbd                 1e-15
        gbs            1.0366e-15
       isub           8.73969e-20
      igidl                     0
      igisl                     0
        igs                     0
        igd                     0
        igb                     0
       igcs                     0
       igcd                     0
        vbs                     0
        vgs                     0
        vds                     0
        cgg           1.43437e-14
        cgs          -1.21281e-14
        cgd          -4.16991e-18
        cbg          -2.17794e-15
        cbd          -1.69659e-18
        cbs          -4.58351e-15
        cdg          -4.87159e-15
        cdd           4.65143e-18
        cds           6.68977e-15
        csg          -7.29415e-15
        csd           1.21507e-18
        css           1.00218e-14
        cgb          -2.21142e-15
        cdb          -1.82283e-15
        csb           -2.7289e-15
        cbb           6.76315e-15
      capbd           4.19055e-15
      capbs           5.27713e-15
         qg           1.65895e-14
         qb          -1.40966e-14
         qd          -9.97959e-16
         qs          -1.49491e-15
       qinv           2.91214e-15
       qdef                     0
       gcrg                     0
       gtau                     0

 Isource: Independent current source
     device               iref_pw              ibias_pw               iref_pc
         dc                 2e-05                 2e-05                 2e-05
          m                     1                     1                     1
      acmag                     0                     0                     0
      pulse         -         -         -
        sin         -         -         -
        exp         -         -         -
        pwl         -         -         -
       sffm         -         -         -
         am         -         -         -
    trnoise         -         -         -
   trrandom         -         -         -
          v                     0                     0                     0
          p                    -0                    -0                    -0
    current                 2e-05                 2e-05                 2e-05

 Isource: Independent current source
     device               iref_ps               iref_nw              ibias_nw
         dc                 2e-05                 2e-05                 2e-05
          m                     1                     1                     1
      acmag                     0                     0                     0
      pulse         -         -         -
        sin         -         -         -
        exp         -         -         -
        pwl         -         -         -
       sffm         -         -         -
         am         -         -         -
    trnoise         -         -         -
   trrandom         -         -         -
          v                     0                     0                     0
          p                    -0                    -0                    -0
    current                 2e-05                 2e-05                 2e-05

 Isource: Independent current source
     device               iref_nc               iref_ns
         dc                 2e-05                 2e-05
          m                     1                     1
      acmag                     0                     0
      pulse         -         -
        sin         -         -
        exp         -         -
        pwl         -         -
       sffm         -         -
         am         -         -
    trnoise         -         -
   trrandom         -         -
          v                     0                     0
          p                    -0                    -0
    current                 2e-05                 2e-05

 Vsource: Independent voltage source
     device                vam_pw                vam_pc                vam_ps
         dc                     0                     0                     0
      acmag                     0                     0                     0
      pulse         -         -         -
        sin         -         -         -
        exp         -         -         -
        pwl         -         -         -
       sffm         -         -         -
         am         -         -         -
    trnoise         -         -         -
   trrandom         -         -         -
    portnum                     0                     0                     0
         z0                     0                     0                     0
        pwr                     0                     0                     0
       freq                     0                     0                     0
      phase                     0                     0                     0
          i                     0                     0                     0
          p                     0                     0                     0

 Vsource: Independent voltage source
     device                vam_nw                vam_nc                vam_ns
         dc                     0                     0                     0
      acmag                     0                     0                     0
      pulse         -         -         -
        sin         -         -         -
        exp         -         -         -
        pwl         -         -         -
       sffm         -         -         -
         am         -         -         -
    trnoise         -         -         -
   trrandom         -         -         -
    portnum                     0                     0                     0
         z0                     0                     0                     0
        pwr                     0                     0                     0
       freq                     0                     0                     0
      phase                     0                     0                     0
          i                     0                     0                     0
          p                     0                     0                     0

 Vsource: Independent voltage source
     device                   vsw                   vdd
         dc                     0                   3.3
      acmag                     0                     0
      pulse         -         -
        sin         -         -
        exp         -         -
        pwl         -         -
       sffm         -         -
         am         -         -
    trnoise         -         -
   trrandom         -         -
    portnum                     0                     0
         z0                     0                     0
        pwr                     0                     0
       freq                     0                     0
      phase                     0                     0
          i                     0                     0
          p                     0                     0


Total analysis time (seconds) = 5.148

Total elapsed time (seconds) = 5.610 

Total DRAM available = 15700.230 MB.
DRAM currently available = 6748.672 MB.
Maximum ngspice program size =   35.227 MB.
Current ngspice program size =   18.984 MB.

Shared ngspice pages =   11.117 MB.
Text (code) pages =    6.156 MB.
Stack = 0 bytes.
Library pages =   15.980 MB.


Using SPARSE 1.3 as Direct Linear Solver
Using SPARSE 1.3 as Direct Linear Solver
Using SPARSE 1.3 as Direct Linear Solver
