
Note: No compatibility mode selected!


Circuit: * devchar-cp @ fs_-40c_3.30v -- generated by sim/harness, do not edit

Doing analysis at TEMP = -40.000000 and TNOM = 27.000000

 Reference value :  1.67000e+00
 Reference value :  3.01000e+00
No. of Data Rows : 331

  Measurements for DC Analysis

isat_ns             =  2.161749e-05
imid_ns             =  2.044482e-05
gain_ns             =  1.02224e+00
ilo30_ns            =  2.007818e-05
ihi30_ns            =  2.009004e-05
ro30_ns             =  1.68693e+06
ilo50_ns            =  2.043965e-05
ihi50_ns            =  2.044999e-05
ro50_ns             =  1.93528e+06
ilo70_ns            =  2.077979e-05
ihi70_ns            =  2.079062e-05
ro70_ns             =  1.84630e+06
ihd0v20_ns          =  1.906142e-05
chd0v20_ns          =  9.32335e-01
ihd0v40_ns          =  1.964462e-05
chd0v40_ns          =  9.60860e-01
ihd0v60_ns          =  1.982701e-05
chd0v60_ns          =  9.69782e-01
ihd0v80_ns          =  1.996675e-05
chd0v80_ns          =  9.76617e-01
isat_nc             =  2.001896e-05
imid_nc             =  1.999956e-05
gain_nc             =  9.99978e-01
ilo30_nc            =  1.999075e-05
ihi30_nc            =  1.999352e-05
ro30_nc             =  7.20162e+06
ilo50_nc            =  1.999955e-05
ihi50_nc            =  1.999958e-05
ro50_nc             =  6.62196e+08
ilo70_nc            =  2.000042e-05
ihi70_nc            =  2.000044e-05
ro70_nc             =  7.79130e+08
ihd0v20_nc          =  1.882033e-05
chd0v20_nc          =  9.41037e-01
ihd0v40_nc          =  1.961537e-05
chd0v40_nc          =  9.80790e-01
ihd0v60_nc          =  1.979986e-05
chd0v60_nc          =  9.90015e-01
ihd0v80_nc          =  1.992597e-05
chd0v80_nc          =  9.96320e-01
isat_nw             =  2.028063e-05
imid_nw             =  2.003189e-05
gain_nw             =  1.00159e+00
ilo30_nw            =  2.000576e-05
ihi30_nw            =  2.000666e-05
ro30_nw             =  2.22153e+07
ilo50_nw            =  2.003154e-05
ihi50_nw            =  2.003224e-05
ro50_nw             =  2.84474e+07
ilo70_nw            =  2.005667e-05
ihi70_nw            =  2.005773e-05
ro70_nw             =  1.89467e+07
ihd0v20_nw          =  1.782054e-05
chd0v20_nw          =  8.89608e-01
ihd0v40_nw          =  1.994828e-05
chd0v40_nw          =  9.95826e-01
ihd0v60_nw          =  1.998418e-05
chd0v60_nw          =  9.97618e-01
ihd0v80_nw          =  1.999695e-05
chd0v80_nw          =  9.98256e-01
isat_ps             =  2.056216e-05
imid_ps             =  2.015602e-05
gain_ps             =  1.00780e+00
ilo30_ps            =  2.033264e-05
ihi30_ps            =  2.032793e-05
ro30_ps             =  4.24394e+06
ilo50_ps            =  2.015902e-05
ihi50_ps            =  2.015301e-05
ro50_ps             =  3.32978e+06
ilo70_ps            =  1.991999e-05
ihi70_ps            =  1.991087e-05
ro70_ps             =  2.19332e+06
ihd0v20_ps          =  1.841316e-05
chd0v20_ps          =  9.13532e-01
ihd0v40_ps          =  1.950009e-05
chd0v40_ps          =  9.67457e-01
ihd0v60_ps          =  1.969331e-05
chd0v60_ps          =  9.77044e-01
ihd0v80_ps          =  1.982035e-05
chd0v80_ps          =  9.83346e-01
isat_pc             =  2.000026e-05
imid_pc             =  1.999879e-05
gain_pc             =  9.99939e-01
ilo30_pc            =  1.999964e-05
ihi30_pc            =  1.999962e-05
ro30_pc             =  1.18898e+09
ilo50_pc            =  1.999881e-05
ihi50_pc            =  1.999876e-05
ro50_pc             =  4.25508e+08
ilo70_pc            =  1.989254e-05
ihi70_pc            =  1.988413e-05
ro70_pc             =  2.37918e+06
ihd0v20_pc          =  1.792079e-05
chd0v20_pc          =  8.96094e-01
ihd0v40_pc          =  1.946376e-05
chd0v40_pc          =  9.73247e-01
ihd0v60_pc          =  1.966961e-05
chd0v60_pc          =  9.83540e-01
ihd0v80_pc          =  1.979724e-05
chd0v80_pc          =  9.89922e-01
isat_pw             =  2.007517e-05
imid_pw             =  2.002086e-05
gain_pw             =  1.00104e+00
ilo30_pw            =  2.004378e-05
ihi30_pw            =  2.004319e-05
ro30_pw             =  3.36339e+07
ilo50_pw            =  2.002126e-05
ihi50_pw            =  2.002046e-05
ro50_pw             =  2.48632e+07
ilo70_pw            =  1.998732e-05
ihi70_pw            =  1.998592e-05
ro70_pw             =  1.42910e+07
ihd0v20_pw          =  1.621890e-05
chd0v20_pw          =  8.10100e-01
ihd0v40_pw          =  1.979927e-05
chd0v40_pw          =  9.88932e-01
ihd0v60_pw          =  1.994653e-05
chd0v60_pw          =  9.96287e-01
ihd0v80_pw          =  1.997133e-05
chd0v80_pw          =  9.97526e-01

Doing analysis at TEMP = -40.000000 and TNOM = 27.000000


No. of Data Rows : 1

  Measurements for DC Analysis


m_vth_n = 6.8000459719e-01
m_vdsat_n = 1.7503839543e-01
m_gm_n = 1.9037382213e-04
m_gds_n = 6.2944616474e-07
m_vth_p = 9.4044152897e-01
m_vdsat_p = 2.0893296717e-01
m_gm_p = 1.4507611318e-04
m_gds_p = 3.8949148960e-07
Doing analysis at TEMP = -40.000000 and TNOM = 27.000000


  Measurements for DC Analysis


	Node                                  Voltage
	----                                  -------
	----	-------
	c_pw                          3.1037213608e+00
	d_pw                          0.0000000000e+00
	b_pw                          3.1061326860e+00
	a_pw                          2.0947283187e+00
	vb_pw                         1.8257961750e+00
	c_pc                          2.1082754128e+00
	d_pc                          0.0000000000e+00
	b_pc                          2.1089438840e+00
	a_pc                          4.6998482186e-01
	d_ps                          0.0000000000e+00
	g_ps                          2.1089438839e+00
	c_nw                          0.0000000000e+00
	d_nw                          0.0000000000e+00
	b_nw                          1.8181348840e-01
	a_nw                          8.5893235314e-01
	vb_nw                         1.0984321875e+00
	c_nc                          0.0000000000e+00
	d_nc                          0.0000000000e+00
	b_nc                          8.5207683397e-01
	a_nc                          1.9648858673e+00
	d_ns                          0.0000000000e+00
	g_ns                          8.5207683405e-01
	sw                            0.0000000000e+00
	vdd                           3.3000000000e+00

	Source	Current
	------	-------

	vdd#branch                    -2.206411996e-04
	vsw#branch                    6.0641199565e-05
	vam_ns#branch                 0.0000000000e+00
	vam_nc#branch                 0.0000000000e+00
	vam_nw#branch                 0.0000000000e+00
	vam_ps#branch                 2.0565210710e-05
	vam_pc#branch                 2.0000263414e-05
	vam_pw#branch                 2.0075725441e-05

 BSIM4v5 models (Berkeley Short Channel IGFET Model-4)
      model           pfet_03v3.9          pfet_03v3.13           nfet_03v3.9

     capmod                     2                     2                     2
     diomod                     1                     1                     1
     rdsmod                     0                     0                     0
   trnqsmod                     0                     0                     0
   acnqsmod                     0                     0                     0
     mobmod                     0                     0                     0
   rbodymod                     0                     0                     0
   rgatemod                     0                     0                     0
     permod                     1                     1                     1
     geomod                     0                     0                     0
    rgeomod                     0                     0                     0
    fnoimod                     1                     1                     1
    tnoimod                     0                     0                     0
     igcmod                     0                     0                     0
     igbmod                     0                     0                     0
    tempmod                     0                     0                     0
   paramchk                     1                     1                     1
    binunit                     2                     2                     2
    version                   4.5                   4.5                   4.5
       toxe               8.1e-09               8.1e-09               7.8e-09
       toxp               8.1e-09               8.1e-09               7.8e-09
       toxm               7.9e-09               7.9e-09                 8e-09
     toxref               7.9e-09               7.9e-09                 8e-09
       dtox                     0                     0                     0
     epsrox                   3.9                   3.9                   3.9
       cdsc               0.00024               0.00024                     0
      cdscb                     0                     0                     0
      cdscd                     0                     0                     0
        cit                     0                     0                     0
    nfactor                   0.8                   0.8                     1
         xj                 1e-07                 1e-07                 1e-07
       vsat                 90000                 90000                 90000
         at                 12000                 12000                 23000
         a0               1.18219               1.19643              0.575525
        ags              0.207073              0.206446              0.630999
         a1                     0                     0                     0
         a2                  0.99                  0.99                     1
       keta            -0.0063664           -0.00615047            -0.0440595
       nsub                 6e+16                 6e+16                 6e+16
       ndep               5.6e+17               5.6e+17                 3e+17
        nsd                 1e+20                 1e+20                 1e+20
       phin                     0                     0                  0.07
      ngate                 6e+19                 6e+19                 6e+19
     gamma1                     0                     0                     0
     gamma2                     0                     0                     0
        vbx                     0                     0                     0
        vbm                    -3                    -3                    -3
         xt              1.55e-07              1.55e-07              1.55e-07
         k1              0.977378              0.977378               0.75941
        kt1             -0.302611             -0.298984             -0.302921
       kt1l                     0                     0                     0
        kt2            -0.0105841            -0.0108852            -0.0218109
         k2            -0.0305126            -0.0298933             0.0166272
         k3                     0                     0                     0
        k3b                     0                     0                     0
         w0               2.5e-06               2.5e-06                 5e-07
      dvtp0                     0                     0                     0
      dvtp1                     0                     0                     0
       lpe0            3.2493e-08            3.2493e-08               1.1e-07
       lpeb                     0                     0                     0
       dvt0                2.8985                2.8985                     0
       dvt1               0.23999               0.23999                  0.53
       dvt2                -0.016                -0.016                     0
      dvt0w                     0                     0                     0
      dvt1w               5.3e+06               5.3e+06                     0
      dvt2w                -0.032                -0.032                     0
      drout                  0.56                  0.56                  0.56
       dsub                0.3659                0.3659                   0.5
       vth0             -0.830432             -0.831352              0.602438
         ua           3.17242e-10           3.11391e-10          -9.22337e-10
        ua1               1.5e-09               1.5e-09             1.675e-09
         ub           9.62029e-19            9.7125e-19           3.46997e-18
        ub1          -2.45939e-18           -2.4983e-18          -3.04505e-18
         uc           -2.8726e-11          -2.61831e-11           1.57269e-10
        uc1          -3.45077e-11           -4.0512e-11          -1.45017e-10
         ud                 1e+14                 1e+14                 1e+14
        ud1                     0                     0                     0
         up                     0                     0                     0
         lp                 1e-08                 1e-08                 1e-08
         u0             0.0100948              0.010054             0.0385417
         eu                  1.67                  1.67                  1.67
        ute                    -1                    -1               -1.5702
       voff            -0.0942777             -0.097861               -0.1027
       minv                  -0.1                  -0.1                 -0.25
      voffl                     0                     0                     0
       tnom                298.15                298.15                298.15
       cgso             1.302e-10             1.302e-10              8.85e-11
       cgdo             1.302e-10             1.302e-10              8.85e-11
       cgbo                 1e-13                 1e-13                 1e-13
      xpart                     0                     0                     0
      delta                  0.01                  0.01                0.0015
        rsh                     7                     7                     7
       rdsw                   466                   466                   530
    rdswmin                    20                    20                    50
        rsw                   100                   100                   100
        rdw                   100                   100                   100
     rdwmin                     0                     0                     0
     rswmin                     0                     0                     0
       prwg                     0                     0                     0
       prwb                     0                     0                     0
        prt                     0                     0                     0
       eta0                0.2541                0.2541                  0.75
       etab              -0.15284              -0.15284                 -0.32
       pclm              0.377523              0.391935             0.0487883
    pdiblc1                0.1484                0.1484                  0.39
    pdiblc2           0.000243016           0.000243016             0.0013741
    pdiblcb                     0                     0                   0.2
     fprout                     0                     0                     0
      pdits                     0                     0                     0
     pditsl                     0                     0                     0
     pditsd                     0                     0                     0
     pscbe1            6.7448e+08            6.7448e+08            6.6469e+08
     pscbe2                 1e-05                 1e-05             1.638e-05
       pvag                     0                     0                     0
        jss             1.653e-07             1.653e-07            2.2959e-07
       jsws            2.1207e-13            2.1207e-13            2.1207e-13
      jswgs                     0                     0                     0
        pbs               0.69939               0.69939               0.70172
        njs                     1                     1                  1.01
       xtis                     3                     3                     3
        mjs               0.32084               0.32084               0.32071
      pbsws                0.8022                0.8022                0.8062
      mjsws                  0.05                  0.05                   0.1
     pbswgs                  0.65                  0.65               0.74743
     mjswgs               0.21964               0.21964               0.32059
        cjs            0.00094344            0.00094344            0.00096797
      cjsws            1.5078e-10            1.5078e-10            1.5663e-10
     cjswgs             4.794e-10             4.794e-10            5.9903e-10
        jsd             1.653e-07             1.653e-07            2.2959e-07
       jswd            2.1207e-13            2.1207e-13            2.1207e-13
      jswgd                     0                     0                     0
        pbd               0.69939               0.69939               0.70172
        njd                     1                     1                  1.01
       xtid                     3                     3                     3
        mjd               0.32084               0.32084               0.32071
      pbswd                0.8022                0.8022                0.8062
      mjswd                  0.05                  0.05                   0.1
     pbswgd                  0.65                  0.65               0.74743
     mjswgd               0.21964               0.21964               0.32059
        cjd            0.00094344            0.00094344            0.00096797
      cjswd            1.5078e-10            1.5078e-10            1.5663e-10
     cjswgd             4.794e-10             4.794e-10            5.9903e-10
      vfbcv                    -1                    -1                    -1
        vfb                     0                     0                     0
        tpb             0.0016906             0.0016906             0.0018129
        tcj            0.00099187            0.00099187             0.0009438
      tpbsw                0.0052                0.0052                 5e-05
      tcjsw            0.00063483            0.00063483            0.00060474
     tpbswg              0.000744              0.000744             0.0016872
     tcjswg              0.000932              0.000932                 0.001
       acde                     1                     1                   0.6
       moin                    15                    15                    15
       noff                   2.4                   2.4                     2
     voffcv                 -0.16                 -0.16                 0.005
       dmcg               1.5e-07               1.5e-07               1.5e-07
       dmci               1.5e-07               1.5e-07               1.5e-07
       dmdg                     0                     0                     0
      dmcgt                     0                     0                     0
        xgw                     0                     0                     0
        xgl                     0                     0                     0
       rshg                   0.1                   0.1                   0.1
      ngcon                     1                     1                     1
     xrcrg1                    12                    12                    12
     xrcrg2                     1                     1                     1
     lambda                     0                     0                     0
        vtl                200000                200000                200000
         lc                 5e-09                 5e-09                 5e-09
         xn                     3                     3                     3
   vfbsdoff                     0                     0                     0
  tvfbsdoff                     0                     0                     0
      tvoff                0.0032                0.0032                 0.001
    lintnoi <<NAN, error = 7>> <<NAN, error = 7>> <<NAN, error = 7>>
       lint                     0                     0                     0
         ll                     0                     0                     0
        llc                     0                     0                     0
        lln                     1                     1                     1
         lw                     0                     0                     0
        lwc                     0                     0                     0
        lwn                     1                     1                     1
        lwl                     0                     0                     0
       lwlc                     0                     0                     0
       lmin                 5e-07                 5e-07                 5e-07
       lmax               1.2e-06               1.2e-06               1.2e-06
         wr                     1                     1                     1
       wint                -1e-08                -1e-08                 1e-08
        dwg                     0                     0                     0
        dwb                     0                     0                     0
         wl                     0                     0                     0
        wlc                     0                     0                     0
        wln                     1                     1                     1
         ww                     0                     0                     0
        wwc                     0                     0                     0
        wwn                     1                     1                     1
        wwl                     0                     0                     0
       wwlc                     0                     0                     0
       wmin               1.2e-06                 1e-05               1.2e-06
       wmax                 1e-05           0.000100001                 1e-05
         b0                     0                     0                     0
         b1                     0                     0                     0
       cgsl               4.2e-11               4.2e-11               9.5e-11
       cgdl               4.2e-11               4.2e-11               9.5e-11
    ckappas                   0.6                   0.6                   0.6
    ckappad                   0.6                   0.6                   0.6
         cf                     0                     0                     0
        clc                 1e-07                 1e-07                 1e-07
        cle                   0.6                   0.6                   0.6
        dwc                     0                     0                     0
        dlc                -8e-09                -8e-09                     0
         xw                -5e-09                -5e-09                 5e-09
         xl                 8e-09                 8e-09                -1e-08
      dlcig               1.5e-07               1.5e-07               1.5e-07
        dwj                     0                     0                     0
     alpha0           0.000111785           0.000111251           6.66555e-06
     alpha1                     0                     0                     0
      beta0               43.2548               43.2552               21.0442
      agidl            1.5908e-11            1.5908e-11            1.3268e-10
      bgidl            1.3902e+09            1.3902e+09            1.8961e+09
      cgidl                   7.5                   7.5                   0.5
      egidl                0.1009                0.1009                   0.8
       aigc                0.0098                0.0098                0.0136
       bigc              0.000759              0.000759               0.00171
       cigc                  0.03                  0.03                 0.075
      aigsd                0.0098                0.0098                0.0136
      bigsd              0.000759              0.000759               0.00171
      cigsd                  0.03                  0.03                 0.075
    aigbacc                0.0136                0.0136                0.0136
    bigbacc               0.00171               0.00171               0.00171
    cigbacc                 0.075                 0.075                 0.075
    aigbinv                0.0111                0.0111                0.0111
    bigbinv              0.000949              0.000949              0.000949
    cigbinv                 0.006                 0.006                 0.006
       nigc                     1                     1                     1
    nigbinv                     3                     3                     3
    nigbacc                     1                     1                     1
       ntox                     1                     1                     1
    eigbinv                   1.1                   1.1                   1.1
      pigcd                     1                     1                     1
    poxedge                     1                     1                     1
   ijthdfwd                   0.1                   0.1                   0.1
   ijthsfwd                   0.1                   0.1                   0.1
   ijthdrev                   0.1                   0.1                   0.1
   ijthsrev                   0.1                   0.1                   0.1
      xjbvd                     1                     1                     1
      xjbvs                     1                     1                     1
        bvd                    10                    10                    10
        bvs                    10                    10                    10
       jtss                 1e-11                 1e-11                     0
       jtsd                 1e-11                 1e-11                     0
     jtssws                 1e-11                 1e-11                     0
     jtsswd                 1e-11                 1e-11                     0
    jtsswgs                 1e-11                 1e-11                     0
    jtsswgd                 1e-11                 1e-11                     0
       njts                    20                    20                    20
     njtssw                    20                    20                    20
    njtsswg                    20                    20                    20
       xtss                  0.02                  0.02                  0.02
       xtsd                  0.02                  0.02                  0.02
     xtssws                  0.02                  0.02                  0.02
     xtsswd                  0.02                  0.02                  0.02
    xtsswgs                  0.02                  0.02                  0.02
    xtsswgd                  0.02                  0.02                  0.02
      tnjts                     0                     0                     0
    tnjtssw                     0                     0                     0
   tnjtsswg                     0                     0                     0
       vtss                    10                    10                    10
       vtsd                    10                    10                    10
     vtssws                    10                    10                    10
     vtsswd                    10                    10                    10
    vtsswgs                    10                    10                    10
    vtsswgd                    10                    10                    10
      gbmin                 1e-12                 1e-12                 1e-12
       rbdb                    50                    50                    50
       rbpb                    50                    50                    50
       rbsb                    50                    50                    50
       rbps                    50                    50                    50
       rbpd                    50                    50                    50
      rbps0                    50                    50                    50
      rbpsl                     0                     0                     0
      rbpsw                     0                     0                     0
     rbpsnf                     0                     0                     0
      rbpd0                    50                    50                    50
      rbpdl                     0                     0                     0
      rbpdw                     0                     0                     0
     rbpdnf                     0                     0                     0
     rbpbx0                   100                   100                   100
     rbpbxl                     0                     0                     0
     rbpbxw                     0                     0                     0
    rbpbxnf                     0                     0                     0
     rbpby0                   100                   100                   100
     rbpbyl                     0                     0                     0
     rbpbyw                     0                     0                     0
    rbpbynf                     0                     0                     0
     rbsbx0                   100                   100                   100
     rbsby0                   100                   100                   100
     rbdbx0                   100                   100                   100
     rbdby0                   100                   100                   100
    rbsdbxl                     0                     0                     0
    rbsdbxw                     0                     0                     0
   rbsdbxnf                     0                     0                     0
    rbsdbyl                     0                     0                     0
    rbsdbyw                     0                     0                     0
   rbsdbynf                     0                     0                     0
      lcdsc                     0                     0                     0
     lcdscb                     0                     0                     0
     lcdscd                     0                     0                     0
       lcit                     0                     0                     0
   lnfactor                     0                     0                     0
        lxj                     0                     0                     0
      lvsat                     0                     0                     0
        lat                     0                     0                     0
        la0          -2.99088e-07          -3.10023e-07          -2.32022e-07
       lags           6.20913e-08           6.24096e-08          -1.44525e-07
        la1                     0                     0                     0
        la2                     0                     0                     0
      lketa          -2.39868e-08          -2.42476e-08          -9.96685e-09
      lnsub                     0                     0                     0
      lndep                     0                     0                     0
       lnsd                     0                     0                     0
      lphin                     0                     0                     0
     lngate                     0                     0                     0
    lgamma1                     0                     0                     0
    lgamma2                     0                     0                     0
       lvbx                     0                     0                     0
       lvbm                     0                     0                     0
        lxt                     0                     0                     0
        lk1          -2.51602e-08          -2.51602e-08                     0
       lkt1          -5.16153e-09          -8.10036e-09           7.79139e-10
      lkt1l                     0                     0                     0
       lkt2          -2.99809e-09          -2.63437e-09          -8.37141e-10
        lk2          -2.81861e-09          -3.13319e-09          -3.09435e-08
        lk3                     0                     0                     0
       lk3b                     0                     0                     0
        lw0                     0                     0                     0
     ldvtp0                     0                     0                     0
     ldvtp1                     0                     0                     0
      llpe0                     0                     0                     0
      llpeb                     0                     0                     0
      ldvt0                     0                     0                     0
      ldvt1                     0                     0                     0
      ldvt2                     0                     0                     0
     ldvt0w                     0                     0                     0
     ldvt1w                     0                     0                     0
     ldvt2w                     0                     0                     0
     ldrout                     0                     0                     0
      ldsub                     0                     0                     0
      lvth0          -7.30132e-09          -5.85611e-09          -9.66801e-09
        lua           6.56314e-16           6.45469e-16           3.76941e-16
       lua1                     0                     0                     0
        lub           1.59675e-26                     0           -1.6557e-25
       lub1          -1.94186e-25          -1.86028e-25           -6.7076e-25
        luc           7.49757e-17           7.19039e-17           5.00283e-19
       luc1          -2.51421e-17          -2.20919e-17           7.37926e-18
        lud                     0                     0                     0
       lud1                     0                     0                     0
        lup                     0                     0                     0
        llp                     0                     0                     0
        lu0           2.45621e-09           2.32053e-09            4.2634e-09
       lute                     0                     0                     0
      lvoff          -1.82031e-09                     0          -9.88927e-09
      lminv                     0                     0                     0
     ldelta                     0                     0             4.165e-09
      lrdsw                     0                     0                     0
       lrsw                     0                     0                     0
       lrdw                     0                     0                     0
      lprwg                     0                     0                     0
      lprwb                     0                     0                     0
       lprt                     0                     0                     0
      leta0                     0                     0                     0
      letab                    -0                    -0                    -0
      lpclm           2.46134e-08           2.15571e-08           6.67939e-08
   lpdiblc1                     0                     0                     0
   lpdiblc2           2.50918e-10           2.50918e-10           8.80481e-10
   lpdiblcb                     0                     0                     0
    lfprout                     0                     0                     0
     lpdits                     0                     0                     0
    lpditsd                     0                     0                     0
    lpscbe1                     0                     0                     0
    lpscbe2                     0                     0                     0
      lpvag                     0                     0                     0
        lwr                     0                     0                     0
       ldwg                     0                     0                     0
       ldwb                     0                     0                     0
        lb0                     0                     0                     0
        lb1                     0                     0                     0
      lcgsl                     0                     0                     0
      lcgdl                     0                     0                     0
   lckappas                     0                     0                     0
   lckappad                     0                     0                     0
        lcf                     0                     0                     0
       lclc                     0                     0                     0
       lcle                     0                     0                     0
    lalpha0          -5.41671e-11          -5.38553e-11          -2.24369e-12
    lalpha1                     0                     0                     0
     lbeta0          -5.17972e-06           -5.1802e-06           4.73362e-08
     lagidl                     0                     0                     0
     lbgidl                     0                     0                     0
     lcgidl                     0                     0                     0
     legidl                     0                     0                     0
      laigc                     0                     0                     0
      lbigc                     0                     0                     0
      lcigc                     0                     0                     0
     laigsd                     0                     0                     0
     lbigsd                     0                     0                     0
     lcigsd                     0                     0                     0
   laigbacc                     0                     0                     0
   lbigbacc                     0                     0                     0
   lcigbacc                     0                     0                     0
   laigbinv                     0                     0                     0
   lbigbinv                     0                     0                     0
   lcigbinv                     0                     0                     0
      lnigc                     0                     0                     0
   lnigbinv                     0                     0                     0
   lnigbacc                     0                     0                     0
      lntox                     0                     0                     0
   leigbinv                     0                     0                     0
     lpigcd                     0                     0                     0
   lpoxedge                     0                     0                     0
     lvfbcv                     0                     0                     0
       lvfb                     0                     0                     0
      lacde                     0                     0                     0
      lmoin                     0                     0                     0
      lnoff                     0                     0                     0
    lvoffcv                     0                     0                     0
    lxrcrg1                     0                     0                     0
    lxrcrg2                     0                     0                     0
    llambda <<NAN, error = 7>> <<NAN, error = 7>> <<NAN, error = 7>>
       lvtl <<NAN, error = 7>> <<NAN, error = 7>> <<NAN, error = 7>>
        lxn <<NAN, error = 7>> <<NAN, error = 7>> <<NAN, error = 7>>
        leu                     0                     0                     0
  lvfbsdoff                     0                     0                     0
 ltvfbsdoff                     0                     0                     0
     ltvoff                     0                     0                     0
      wcdsc                     0                     0                     0
     wcdscb                     0                     0                     0
     wcdscd                     0                     0                     0
       wcit                     0                     0                     0
   wnfactor                     0                     0                     0
        wxj                     0                     0                     0
      wvsat                     0                     0                     0
        wat                     0                     0                     0
        wa0           1.42632e-07                     0            4.6632e-07
       wags           -6.2758e-09                     0          -1.64987e-07
        wa1                     0                     0                     0
        wa2                     0                     0                     0
      wketa           2.16251e-09                     0                     0
      wnsub                     0                     0                     0
      wndep                     0                     0                     0
       wnsd                     0                     0                     0
      wphin                     0                     0                     0
     wngate                     0                     0                     0
    wgamma1                     0                     0                     0
    wgamma2                     0                     0                     0
       wvbx                     0                     0                     0
       wvbm                     0                     0                     0
        wxt                     0                     0                     0
        wk1                     0                     0                     0
       wkt1           3.63254e-08                     0          -9.34342e-08
      wkt1l                     0                     0                     0
       wkt2          -3.01547e-09                     0           -5.8825e-09
        wk2           6.20183e-09                     0          -6.01709e-09
        wk3                     0                     0                     0
       wk3b                     0                     0                     0
        ww0                     0                     0                     0
     wdvtp0                     0                     0                     0
     wdvtp1                     0                     0                     0
      wlpe0                     0                     0                     0
      wlpeb                     0                     0                     0
      wdvt0                     0                     0                     0
      wdvt1                     0                     0                     0
      wdvt2                     0                     0                     0
     wdvt0w                     0                     0                     0
     wdvt1w                     0                     0                     0
     wdvt2w                     0                     0                     0
     wdrout                     0                     0                     0
      wdsub                     0                     0                     0
      wvth0          -9.21609e-09                     0           3.50799e-09
        wua          -5.85955e-17                     0          -2.85381e-16
       wua1                     0                     0                     0
        wub           9.23488e-26                     0          -6.78524e-25
       wub1          -3.89678e-25                     0           3.34529e-25
        wuc           2.54674e-17                     0          -8.57621e-17
       wuc1          -6.01332e-17                     0           6.16454e-17
        wud                     0                     0                     0
       wud1                     0                     0                     0
        wup                     0                     0                     0
        wlp                     0                     0                     0
        wu0          -4.08568e-10                     0           -8.4954e-09
       wute                     0                     0           2.01686e-07
      wvoff          -3.58866e-08                     0          -1.55298e-08
      wminv                     0                     0                     0
     wdelta                     0                     0                     0
      wrdsw                     0                     0                     0
       wrsw                     0                     0                     0
       wrdw                     0                     0                     0
      wprwg                     0                     0                     0
      wprwb                     0                     0                     0
       wprt                     0                     0                     0
      weta0                     0                     0                     0
      wetab                     0                     0                     0
      wpclm           1.44338e-07                     0           1.80136e-07
   wpdiblc1                     0                     0                     0
   wpdiblc2                     0                     0                     0
   wpdiblcb                     0                     0                     0
    wfprout                     0                     0                     0
     wpdits                     0                     0                     0
    wpditsd                     0                     0                     0
    wpscbe1                     0                     0                     0
    wpscbe2                     0                     0                     0
      wpvag                     0                     0                     0
        wwr                     0                     0                     0
       wdwg                     0                     0                     0
       wdwb                     0                     0                     0
        wb0                     0                     0                     0
        wb1                     0                     0                     0
      wcgsl                     0                     0                     0
      wcgdl                     0                     0                     0
   wckappas                     0                     0                     0
   wckappad                     0                     0                     0
        wcf                     0                     0                     0
       wclc                     0                     0                     0
       wcle                     0                     0                     0
    walpha0          -5.35048e-12                     0                     0
    walpha1                     0                     0                     0
     wbeta0           4.01393e-09                     0           3.97186e-07
     wagidl                     0                     0                     0
     wbgidl                     0                     0                     0
     wcgidl                     0                     0                     0
     wegidl                     0                     0                     0
      waigc                     0                     0                     0
      wbigc                     0                     0                     0
      wcigc                     0                     0                     0
     waigsd                     0                     0                     0
     wbigsd                     0                     0                     0
     wcigsd                     0                     0                     0
   waigbacc                     0                     0                     0
   wbigbacc                     0                     0                     0
   wcigbacc                     0                     0                     0
   waigbinv                     0                     0                     0
   wbigbinv                     0                     0                     0
   wcigbinv                     0                     0                     0
      wnigc                     0                     0                     0
   wnigbinv                     0                     0                     0
   wnigbacc                     0                     0                     0
      wntox                     0                     0                     0
   weigbinv                     0                     0                     0
     wpigcd                     0                     0                     0
   wpoxedge                     0                     0                     0
     wvfbcv                     0                     0                     0
       wvfb                     0                     0                     0
      wacde                     0                     0                     0
      wmoin                     0                     0                     0
      wnoff                     0                     0                     0
    wvoffcv                     0                     0                     0
    wxrcrg1                     0                     0                     0
    wxrcrg2                     0                     0                     0
    wlambda <<NAN, error = 7>> <<NAN, error = 7>> <<NAN, error = 7>>
       wvtl <<NAN, error = 7>> <<NAN, error = 7>> <<NAN, error = 7>>
        wxn <<NAN, error = 7>> <<NAN, error = 7>> <<NAN, error = 7>>
        weu                     0                     0                     0
  wvfbsdoff                     0                     0                     0
 wtvfbsdoff                     0                     0                     0
     wtvoff                     0                     0                     0
      pcdsc                     0                     0                     0
     pcdscb                     0                     0                     0
     pcdscd                     0                     0                     0
       pcit                     0                     0                     0
   pnfactor                     0                     0                     0
        pxj                     0                     0                     0
      pvsat                     0                     0                     0
        pat                     0                     0                     0
        pa0          -1.09511e-13                     0          -2.28497e-13
       pags           3.18811e-15                     0           8.08436e-14
        pa1                     0                     0                     0
        pa2                     0                     0                     0
      pketa          -2.61231e-15                     0                     0
      pnsub                     0                     0                     0
      pndep                     0                     0                     0
       pnsd                     0                     0                     0
      pphin                     0                     0                     0
     pngate                     0                     0                     0
    pgamma1                     0                     0                     0
    pgamma2                     0                     0                     0
       pvbx                     0                     0                     0
       pvbm                     0                     0                     0
        pxt                     0                     0                     0
        pk1                     0                     0                     0
       pkt1          -2.94324e-14                     0           2.08325e-14
      pkt1l                     0                     0                     0
       pkt2           3.64269e-15                     0            4.2001e-15
        pk2          -3.15053e-15                     0           7.16034e-15
        pk3                     0                     0                     0
       pk3b                     0                     0                     0
        pw0                     0                     0                     0
     pdvtp0                     0                     0                     0
     pdvtp1                     0                     0                     0
      plpe0                     0                     0                     0
      plpeb                     0                     0                     0
      pdvt0                     0                     0                     0
      pdvt1                     0                     0                     0
      pdvt2                     0                     0                     0
     pdvt0w                     0                     0                     0
     pdvt1w                     0                     0                     0
     pdvt2w                     0                     0                     0
     pdrout                     0                     0                     0
      pdsub                     0                     0                     0
      pvth0           1.44738e-14                     0          -1.21747e-14
        pua          -1.08614e-22                     0           3.39604e-22
       pua1                     0                     0                     0
        pub          -1.59914e-31                     0          -4.47787e-31
       pub1           8.17028e-32                     0           5.63374e-31
        puc          -3.07646e-23                     0          -4.99532e-24
       puc1           3.05476e-23                     0            1.2737e-23
        pud                     0                     0                     0
       pud1                     0                     0                     0
        pup                     0                     0                     0
        plp                     0                     0                     0
        pu0          -1.35889e-15                     0           2.90087e-16
       pute                     0                     0                     0
      pvoff           1.82304e-14                     0           1.84805e-14
      pminv                     0                     0                     0
     pdelta                     0                     0                     0
      prdsw                     0                     0                     0
       prsw                     0                     0                     0
       prdw                     0                     0                     0
      pprwg                     0                     0                     0
      pprwb                     0                     0                     0
       pprt                     0                     0                     0
      peta0                     0                     0                     0
      petab                     0                     0                     0
      ppclm          -3.06083e-14                     0            -7.941e-15
   ppdiblc1                     0                     0                     0
   ppdiblc2                     0                     0                     0
   ppdiblcb                     0                     0                     0
    pfprout                     0                     0                     0
     ppdits                     0                     0                     0
    ppditsd                     0                     0                     0
    ppscbe1                     0                     0                     0
    ppscbe2                     0                     0                     0
      ppvag                     0                     0                     0
        pwr                     0                     0                     0
       pdwg                     0                     0                     0
       pdwb                     0                     0                     0
        pb0                     0                     0                     0
        pb1                     0                     0                     0
      pcgsl                     0                     0                     0
      pcgdl                     0                     0                     0
   pckappas                     0                     0                     0
   pckappad                     0                     0                     0
        pcf                     0                     0                     0
       pclc                     0                     0                     0
       pcle                     0                     0                     0
    palpha0           3.12265e-18                     0                     0
    palpha1                     0                     0                     0
     pbeta0          -4.84883e-15                     0          -4.72652e-13
     pagidl                     0                     0                     0
     pbgidl                     0                     0                     0
     pcgidl                     0                     0                     0
     pegidl                     0                     0                     0
      paigc                     0                     0                     0
      pbigc                     0                     0                     0
      pcigc                     0                     0                     0
     paigsd                     0                     0                     0
     pbigsd                     0                     0                     0
     pcigsd                     0                     0                     0
   paigbacc                     0                     0                     0
   pbigbacc                     0                     0                     0
   pcigbacc                     0                     0                     0
   paigbinv                     0                     0                     0
   pbigbinv                     0                     0                     0
   pcigbinv                     0                     0                     0
      pnigc                     0                     0                     0
   pnigbinv                     0                     0                     0
   pnigbacc                     0                     0                     0
      pntox                     0                     0                     0
   peigbinv                     0                     0                     0
     ppigcd                     0                     0                     0
   ppoxedge                     0                     0                     0
     pvfbcv                     0                     0                     0
       pvfb                     0                     0                     0
      pacde                     0                     0                     0
      pmoin                     0                     0                     0
      pnoff                     0                     0                     0
    pvoffcv                     0                     0                     0
    pxrcrg1                     0                     0                     0
    pxrcrg2                     0                     0                     0
    plambda <<NAN, error = 7>> <<NAN, error = 7>> <<NAN, error = 7>>
       pvtl <<NAN, error = 7>> <<NAN, error = 7>> <<NAN, error = 7>>
        pxn <<NAN, error = 7>> <<NAN, error = 7>> <<NAN, error = 7>>
        peu                     0                     0                     0
  pvfbsdoff                     0                     0                     0
 ptvfbsdoff                     0                     0                     0
     ptvoff                     0                     0                     0
      saref               4.4e-07               4.4e-07               4.4e-07
      sbref               4.4e-07               4.4e-07               4.4e-07
       wlod                     0                     0                     0
        ku0                     0                     0                     0
      kvsat                     0                     0                     0
      kvth0                     0                     0                     0
       tku0                     0                     0                     0
    llodku0                     0                     0                     0
    wlodku0                     0                     0                     0
    llodvth                     0                     0                     0
    wlodvth                     0                     0                     0
       lku0                     0                     0                     0
       wku0                     0                     0                     0
       pku0                     0                     0                     0
     lkvth0                     0                     0                     0
     wkvth0                     0                     0                     0
     pkvth0                     0                     0                     0
       stk2                     0                     0                     0
      lodk2                     1                     1                     1
     steta0                     0                     0                     0
    lodeta0                     1                     1                     1
        web                     0                     0                     0
        wec                     0                     0                     0
    kvth0we                     0                     0                     0
       k2we                     0                     0                     0
      ku0we                     0                     0                     0
      scref                 1e-06                 1e-06                 1e-06
     wpemod                     0                     0                     0
   lkvth0we                     0                     0                     0
      lk2we                     0                     0                     0
     lku0we                     0                     0                     0
   wkvth0we                     0                     0                     0
      wk2we                     0                     0                     0
     wku0we                     0                     0                     0
   pkvth0we                     0                     0                     0
      pk2we                     0                     0                     0
     pku0we                     0                     0                     0
       noia               3.2e+41               3.2e+41               3.2e+41
       noib               1.8e+20               1.8e+20               1.2e+20
       noic                 3e+09                 3e+09                 6e+08
      tnoia                   1.5                   1.5                   1.5
      tnoib                   3.5                   3.5                   3.5
      rnoia                 0.577                 0.577                 0.577
      rnoib                0.5164                0.5164                0.5164
      ntnoi                     1                     1                     1
         em               4.1e+07               4.1e+07               4.1e+07
         ef                  1.12                  1.12                  0.95
         af                     1                     1                     1
         kf                     0                     0                     0
    vgs_max                 1e+99                 1e+99                 1e+99
    vgd_max                 1e+99                 1e+99                 1e+99
    vgb_max                 1e+99                 1e+99                 1e+99
    vds_max                 1e+99                 1e+99                 1e+99
    vbs_max                 1e+99                 1e+99                 1e+99
    vbd_max                 1e+99                 1e+99                 1e+99
   vgsr_max                 1e+99                 1e+99                 1e+99
   vgdr_max                 1e+99                 1e+99                 1e+99
   vgbr_max                 1e+99                 1e+99                 1e+99
   vbsr_max                 1e+99                 1e+99                 1e+99
   vbdr_max                 1e+99                 1e+99                 1e+99

 BSIM4v5: Berkeley Short Channel IGFET Model-4
     device            m.xpw_b.m0           m.xpw_b2.m0           m.xpw_c2.m0
      model           pfet_03v3.9          pfet_03v3.13          pfet_03v3.13
          l                 1e-06                 1e-06                 1e-06
          w              3.75e-06               1.5e-05               1.5e-05
          m                     1                     1                     1
         nf                     1                     1                     1
         sa                     0                     0                     0
         sb                     0                     0                     0
         sd                     0                     0                     0
        sca                     0                     0                     0
        scb                     0                     0                     0
        scc                     0                     0                     0
         sc                     0                     0                     0
        min                     0                     0                     0
         ad              1.65e-12               6.6e-12               6.6e-12
         as              1.65e-12               6.6e-12               6.6e-12
         pd              4.63e-06             1.588e-05             1.588e-05
         ps              4.63e-06             1.588e-05             1.588e-05
        nrd                     0                     0                     0
        nrs                     0                     0                     0
        off                     0                     0                     0
       rbdb                    50                    50                    50
       rbsb                    50                    50                    50
       rbpb                    50                    50                    50
       rbps                    50                    50                    50
       rbpd                    50                    50                    50
     delvto                     0                    -0                    -0
      mulu0                     1                     1                     1
        xgw                     0                     0                     0
      ngcon                     1                     1                     1
   trnqsmod                     0                     0                     0
   acnqsmod                     0                     0                     0
   rbodymod                     0                     0                     0
   rgatemod                     0                     0                     0
     geomod                     0                     0                     0
    rgeomod                     0                     0                     0
       gmbs           3.29976e-05           6.01684e-05           6.40493e-05
         gm           6.91718e-05           0.000123367           0.000147233
        gds           3.39968e-07           2.81677e-05           2.15441e-07
      vdsat               0.41313              0.219126              0.213144
        vth              0.939331              0.940445               1.03136
         id                 2e-05           2.00695e-05           2.00695e-05
        ibd           -1.8808e-15          -2.52928e-16          -1.87641e-14
        ibs                     0                     0          -2.52928e-16
        gbd           1.65474e-15           1.33938e-15           1.81507e-14
        gbs           1.07073e-15           1.24259e-15           1.33938e-15
       isub           2.08048e-18           6.08249e-20            6.2639e-09
      igidl                     0                     0           4.45557e-17
      igisl                     0                     0                     0
        igs                     0                     0                     0
        igd                     0                     0                     0
        igb                     0                     0                     0
       igcs                     0                     0                     0
       igcd                     0                     0                     0
        vbs                     0                     0                     0
        vgs                     0                     0                     0
        vds                     0                     0                     0
        cgg           1.22158e-14           5.35261e-14           4.75454e-14
        cgs          -1.04973e-14          -3.80105e-14          -3.98574e-14
        cgd          -2.09861e-18            -9.609e-15           -1.9958e-19
        cbg          -2.15712e-15          -4.63351e-15          -8.07409e-15
        cbd          -1.55013e-18          -7.03681e-15          -1.55872e-19
        cbs          -4.55048e-15          -1.78216e-14          -1.70617e-14
        cdg          -4.02548e-15           -2.2691e-14          -1.57894e-14
        cdd           2.91345e-18           1.21546e-14           3.43233e-19
        cds           6.02093e-15           2.13355e-14           2.27688e-14
        csg          -6.03316e-15          -2.62016e-14          -2.36819e-14
        csd           7.35295e-19           4.49122e-15           1.22185e-20
        css           9.02686e-15           3.44965e-14           3.41503e-14
        cgb          -1.71636e-15          -5.90664e-15          -7.68783e-15
        cdb          -1.99836e-15          -1.07991e-14          -6.97971e-15
        csb          -2.99443e-15          -1.27861e-14          -1.04684e-14
        cbb           6.70915e-15           2.94919e-14           2.51359e-14
      capbd           2.48124e-15           1.19557e-14            8.1814e-15
      capbs           3.27084e-15           1.27063e-14           1.19557e-14
         qg           2.10005e-14           7.16884e-14           7.59697e-14
         qb          -1.42281e-14          -5.40941e-14          -6.04068e-14
         qd          -2.70979e-15          -7.48886e-15          -6.22547e-15
         qs           -4.0626e-15          -1.01054e-14          -9.33747e-15
       qinv           5.50002e-15           1.12417e-14           1.00784e-14
       qdef                     0                     0                     0
       gcrg                     0                     0                     0
       gtau                     0                     0                     0

 BSIM4v5: Berkeley Short Channel IGFET Model-4
     device           m.xpw_b1.m0           m.xpw_c1.m0           m.xpc_b2.m0
      model          pfet_03v3.13          pfet_03v3.13          pfet_03v3.13
          l                 1e-06                 1e-06                 1e-06
          w               1.5e-05               1.5e-05               1.5e-05
          m                     1                     1                     1
         nf                     1                     1                     1
         sa                     0                     0                     0
         sb                     0                     0                     0
         sd                     0                     0                     0
        sca                     0                     0                     0
        scb                     0                     0                     0
        scc                     0                     0                     0
         sc                     0                     0                     0
        min                     0                     0                     0
         ad               6.6e-12               6.6e-12               6.6e-12
         as               6.6e-12               6.6e-12               6.6e-12
         pd             1.588e-05             1.588e-05             1.588e-05
         ps             1.588e-05             1.588e-05             1.588e-05
        nrd                     0                     0                     0
        nrs                     0                     0                     0
        off                     0                     0                     0
       rbdb                    50                    50                    50
       rbsb                    50                    50                    50
       rbpb                    50                    50                    50
       rbps                    50                    50                    50
       rbpd                    50                    50                    50
     delvto                     0                     0                     0
      mulu0                     1                     1                     1
        xgw                     0                     0                     0
      ngcon                     1                     1                     1
   trnqsmod                     0                     0                     0
   acnqsmod                     0                     0                     0
   rbodymod                     0                     0                     0
   rgatemod                     0                     0                     0
     geomod                     0                     0                     0
    rgeomod                     0                     0                     0
       gmbs            5.9694e-05           6.32275e-05           6.99414e-05
         gm           0.000122323           0.000145179           0.000145078
        gds           2.94514e-05           4.49672e-07            3.8931e-07
      vdsat              0.219126              0.215625              0.208933
        vth              0.940445               1.03031              0.940442
         id                 2e-05                 2e-05           2.00003e-05
        ibd            -2.497e-16          -2.09178e-15           -2.0572e-15
        ibs                     0            -2.497e-16                     0
        gbd           1.33802e-15           2.56729e-15           2.53841e-15
        gbs           1.24259e-15           1.33802e-15           1.24259e-15
       isub           5.85955e-20           1.57002e-18           1.93666e-18
      igidl                     0                     0                     0
      igisl                     0                     0                     0
        igs                     0                     0                     0
        igd                     0                     0                     0
        igb                     0                     0                     0
       igcs                     0                     0                     0
       igcd                     0                     0                     0
        vbs                     0                     0                     0
        vgs                     0                     0                     0
        vds                     0                     0                     0
        cgg           5.36517e-14           4.75881e-14           4.81092e-14
        cgs          -3.79176e-14          -3.99069e-14          -3.99568e-14
        cgd          -9.87826e-15          -1.34821e-17          -7.02292e-18
        cbg          -4.54154e-15          -8.06628e-15          -8.55185e-15
        cbd          -7.23399e-15           -9.0493e-18          -5.16255e-18
        cbs          -1.77623e-14          -1.70874e-14          -1.91153e-14
        cdg          -2.28442e-14           -1.5823e-14          -1.58317e-14
        cdd           1.24799e-14           1.79215e-17           9.72947e-18
        cds           2.12318e-14           2.28102e-14            2.3638e-14
        csg           -2.6266e-14          -2.36989e-14          -2.37256e-14
        csd            4.6323e-15           4.60983e-18             2.456e-18
        css           3.44482e-14            3.4184e-14           3.54342e-14
        cgb          -5.85581e-15          -7.66776e-15          -8.14538e-15
        cdb          -1.08675e-14          -7.00517e-15          -7.81594e-15
        csb          -1.28145e-14          -1.04898e-14           -1.1711e-14
        cbb           2.95379e-14           2.51627e-14           2.76723e-14
      capbd           1.19637e-14           9.88902e-15           9.90698e-15
      capbs           1.27063e-14           1.19637e-14           1.27063e-14
         qg           7.17119e-14           7.60708e-14           7.02663e-14
         qb          -5.40769e-14          -6.03623e-14          -5.45128e-14
         qd          -7.51856e-15          -6.28711e-15          -6.30388e-15
         qs          -1.01164e-14          -9.42143e-15          -9.44966e-15
       qinv           1.12555e-14           1.02252e-14           1.02695e-14
       qdef                     0                     0                     0
       gcrg                     0                     0                     0
       gtau                     0                     0                     0

 BSIM4v5: Berkeley Short Channel IGFET Model-4
     device           m.xpc_c2.m0           m.xpc_b1.m0           m.xpc_c1.m0
      model          pfet_03v3.13          pfet_03v3.13          pfet_03v3.13
          l                 1e-06                 1e-06                 1e-06
          w               1.5e-05               1.5e-05               1.5e-05
          m                     1                     1                     1
         nf                     1                     1                     1
         sa                     0                     0                     0
         sb                     0                     0                     0
         sd                     0                     0                     0
        sca                     0                     0                     0
        scb                     0                     0                     0
        scc                     0                     0                     0
         sc                     0                     0                     0
        min                     0                     0                     0
         ad               6.6e-12               6.6e-12               6.6e-12
         as               6.6e-12               6.6e-12               6.6e-12
         pd             1.588e-05             1.588e-05             1.588e-05
         ps             1.588e-05             1.588e-05             1.588e-05
        nrd                     0                     0                     0
        nrs                     0                     0                     0
        off                     0                     0                     0
       rbdb                    50                    50                    50
       rbsb                    50                    50                    50
       rbpb                    50                    50                    50
       rbps                    50                    50                    50
       rbpd                    50                    50                    50
     delvto                     0                    -0                     0
      mulu0                     1                     1                     1
        xgw                     0                     0                     0
      ngcon                     1                     1                     1
   trnqsmod                     0                     0                     0
   acnqsmod                     0                     0                     0
   rbodymod                     0                     0                     0
   rgatemod                     0                     0                     0
     geomod                     0                     0                     0
    rgeomod                     0                     0                     0
       gmbs           4.48823e-05           6.99405e-05           4.47671e-05
         gm           0.000146336           0.000145076           0.000145933
        gds           2.48748e-07           3.89491e-07           3.00862e-07
      vdsat              0.236925              0.208933              0.237624
        vth               1.38958              0.940442               1.38938
         id           2.00003e-05                 2e-05                 2e-05
        ibd          -1.87641e-14           -2.0555e-15          -1.18259e-14
        ibs           -2.0572e-15                     0           -2.0555e-15
        gbd           1.81507e-14           2.53699e-15            1.1783e-14
        gbs           2.53841e-15           1.24259e-15           2.53699e-15
       isub           3.10632e-12           1.93533e-18           2.55939e-15
      igidl           1.97797e-48                     0                     0
      igisl                     0                     0                     0
        igs                     0                     0                     0
        igd                     0                     0                     0
        igb                     0                     0                     0
       igcs                     0                     0                     0
       igcd                     0                     0                     0
        vbs                     0                     0                     0
        vgs                     0                     0                     0
        vds                     0                     0                     0
        cgg           4.57658e-14           4.81093e-14           4.57739e-14
        cgs          -3.94262e-14          -3.99569e-14          -3.94355e-14
        cgd          -1.05986e-18          -7.03701e-18          -2.73642e-18
        cbg          -6.50243e-15          -8.55184e-15          -6.50185e-15
        cbd          -5.47512e-19          -5.17287e-18          -1.36449e-18
        cbs          -1.19094e-14          -1.91153e-14          -1.19115e-14
        cdg          -1.57075e-14          -1.58318e-14           -1.5713e-14
        cdd           1.37216e-18            9.7488e-18           3.35464e-18
        cds           2.05365e-14            2.3638e-14           2.05427e-14
        csg          -2.35558e-14          -2.37256e-14          -2.35591e-14
        csd           2.35218e-19           2.46108e-18           7.46274e-19
        css           3.07991e-14           3.54342e-14           3.08043e-14
        cgb          -6.33855e-15          -8.14537e-15          -6.33565e-15
        cdb           -4.8303e-15          -7.81596e-15          -4.83306e-15
        csb           -7.2435e-15           -1.1711e-14          -7.24597e-15
        cbb           1.84124e-14           2.76724e-14           1.84147e-14
      capbd            8.1814e-15           9.90787e-15           8.44769e-15
      capbs           9.90698e-15           1.27063e-14           9.90787e-15
         qg           9.96513e-14           7.02663e-14           9.96785e-14
         qb          -8.41543e-14          -5.45128e-14          -8.41459e-14
         qd           -6.1995e-15          -6.30389e-15          -6.21425e-15
         qs          -9.29752e-15          -9.44967e-15          -9.31832e-15
       qinv           1.00154e-14           1.02695e-14           1.00516e-14
       qdef                     0                     0                     0
       gcrg                     0                     0                     0
       gtau                     0                     0                     0

 BSIM4v5: Berkeley Short Channel IGFET Model-4
     device            m.xps_o.m0            m.xps_d.m0           m.xnw_b2.m0
      model          pfet_03v3.13          pfet_03v3.13           nfet_03v3.9
          l                 1e-06                 1e-06                 1e-06
          w               1.5e-05               1.5e-05                 5e-06
          m                     1                     1                     1
         nf                     1                     1                     1
         sa                     0                     0                     0
         sb                     0                     0                     0
         sd                     0                     0                     0
        sca                     0                     0                     0
        scb                     0                     0                     0
        scc                     0                     0                     0
         sc                     0                     0                     0
        min                     0                     0                     0
         ad               6.6e-12               6.6e-12               2.2e-12
         as               6.6e-12               6.6e-12               2.2e-12
         pd             1.588e-05             1.588e-05              5.88e-06
         ps             1.588e-05             1.588e-05              5.88e-06
        nrd                     0                     0                     0
        nrs                     0                     0                     0
        off                     0                     0                     0
       rbdb                    50                    50                    50
       rbsb                    50                    50                    50
       rbpb                    50                    50                    50
       rbps                    50                    50                    50
       rbpd                    50                    50                    50
     delvto                    -0                    -0                     0
      mulu0                     1                     1                     1
        xgw                     0                     0                     0
      ngcon                     1                     1                     1
   trnqsmod                     0                     0                     0
   acnqsmod                     0                     0                     0
   rbodymod                     0                     0                     0
   rgatemod                     0                     0                     0
     geomod                     0                     0                     0
    rgeomod                     0                     0                     0
       gmbs           7.16609e-05           6.99405e-05                     0
         gm           0.000148654           0.000145076                     0
        gds           2.37233e-07           3.89491e-07           0.000218293
      vdsat              0.208938              0.208933              0.180136
        vth              0.940434              0.940442              0.680006
         id           2.05491e-05                 2e-05                     0
        ibd          -1.87641e-14           -2.0555e-15                     0
        ibs                     0                     0                     0
        gbd           1.81507e-14           2.53699e-15                 1e-15
        gbs           1.24259e-15           1.24259e-15                 1e-15
       isub           1.61137e-08           1.93533e-18                     0
      igidl           8.12793e-16                     0                     0
      igisl                     0                     0                     0
        igs                     0                     0                     0
        igd                     0                     0                     0
        igb                     0                     0                     0
       igcs                     0                     0                     0
       igcd                     0                     0                     0
        vbs                     0                     0                     0
        vgs                     0                     0                     0
        vds                     0                     0                     0
        cgg           4.80975e-14           4.81093e-14           1.86045e-14
        cgs          -3.99457e-14          -3.99569e-14          -9.00836e-15
        cgd          -1.52692e-19          -7.03701e-18           -8.9388e-15
        cbg          -8.56046e-15          -8.55184e-15          -3.37439e-16
        cbd          -1.31405e-19          -5.17287e-18          -3.66409e-15
        cbs           -1.9106e-14          -1.91153e-14           -3.5567e-15
        cdg          -1.58156e-14          -1.58318e-14          -9.13355e-15
        cdd           2.80072e-19            9.7488e-18           8.40193e-15
        cds           2.36217e-14            2.3638e-14           4.18204e-15
        csg          -2.37215e-14          -2.37256e-14          -9.13355e-15
        csd           4.02402e-21           2.46108e-18           4.20096e-15
        css             3.543e-14           3.54342e-14           8.38302e-15
        cgb          -8.15168e-15          -8.14537e-15          -6.57378e-16
        cdb          -7.80645e-15          -7.81596e-15          -3.45042e-15
        csb          -1.17085e-14           -1.1711e-14          -3.45042e-15
        cbb           2.76666e-14           2.76724e-14           7.55823e-15
      capbd            8.1814e-15           9.90787e-15           4.93382e-15
      capbs           1.27063e-14           1.27063e-14           4.93382e-15
         qg           7.02633e-14           7.02663e-14           1.70146e-14
         qb           -5.4515e-14          -5.45128e-14          -1.38557e-14
         qd          -6.29956e-15          -6.30389e-15          -1.57947e-15
         qs           -9.4487e-15          -9.44967e-15          -1.57947e-15
       qinv           1.02667e-14           1.02695e-14           3.69264e-15
       qdef                     0                     0                     0
       gcrg                     0                     0                     0
       gtau                     0                     0                     0

 BSIM4v5: Berkeley Short Channel IGFET Model-4
     device           m.xnw_c2.m0           m.xnw_b1.m0           m.xnw_c1.m0
      model           nfet_03v3.9           nfet_03v3.9           nfet_03v3.9
          l                 1e-06                 1e-06                 1e-06
          w                 5e-06                 5e-06                 5e-06
          m                     1                     1                     1
         nf                     1                     1                     1
         sa                     0                     0                     0
         sb                     0                     0                     0
         sd                     0                     0                     0
        sca                     0                     0                     0
        scb                     0                     0                     0
        scc                     0                     0                     0
         sc                     0                     0                     0
        min                     0                     0                     0
         ad               2.2e-12               2.2e-12               2.2e-12
         as               2.2e-12               2.2e-12               2.2e-12
         pd              5.88e-06              5.88e-06              5.88e-06
         ps              5.88e-06              5.88e-06              5.88e-06
        nrd                     0                     0                     0
        nrs                     0                     0                     0
        off                     0                     0                     0
       rbdb                    50                    50                    50
       rbsb                    50                    50                    50
       rbpb                    50                    50                    50
       rbps                    50                    50                    50
       rbpd                    50                    50                    50
     delvto                    -0                    -0                     0
      mulu0                     1                     1                     1
        xgw                     0                     0                     0
      ngcon                     1                     1                     1
   trnqsmod                     0                     0                     0
   acnqsmod                     0                     0                     0
   rbodymod                     0                     0                     0
   rgatemod                     0                     0                     0
     geomod                     0                     0                     0
    rgeomod                     0                     0                     0
       gmbs                     0           6.41142e-05           6.42106e-05
         gm                     0            0.00017357           0.000191167
        gds           0.000489642           1.97542e-05           7.00467e-07
      vdsat              0.357242              0.180136              0.177781
        vth              0.680006              0.680006              0.743933
         id                     0                 2e-05                 2e-05
        ibd                     0          -1.81813e-16          -8.58932e-16
        ibs                     0                     0          -1.81813e-16
        gbd                 1e-15                 1e-15                 1e-15
        gbs                 1e-15                 1e-15                 1e-15
       isub                     0           4.60922e-21           7.63638e-20
      igidl                     0                     0                     0
      igisl                     0                     0                     0
        igs                     0                     0                     0
        igd                     0                     0                     0
        igb                     0                     0                     0
       igcs                     0                     0                     0
       igcd                     0                     0                     0
        vbs                     0                     0                     0
        vgs                     0                     0                     0
        vds                     0                     0                     0
        cgg           1.98534e-14           1.47786e-14           1.41067e-14
        cgs          -9.81809e-15          -1.22288e-14          -1.20123e-14
        cgd          -9.88438e-15          -5.36521e-16          -5.14507e-18
        cbg          -6.35124e-17          -1.90571e-15          -1.98597e-15
        cbd          -4.05169e-15          -2.19925e-16          -1.96175e-18
        cbs          -3.51109e-15          -4.75499e-15          -4.26421e-15
        cdg          -9.89492e-15           -5.4013e-15          -4.85511e-15
        cdd           9.29071e-15           5.72401e-16           5.62615e-18
        cds           4.34191e-15            6.8726e-15           6.51713e-15
        csg          -9.89492e-15          -7.47161e-15          -7.26562e-15
        csd           4.64535e-15           1.84044e-16           1.48067e-18
        css           8.98728e-15           1.01112e-14           9.75938e-15
        cgb           -1.5088e-16           -2.0133e-15          -2.08926e-15
        cdb          -3.73771e-15           -2.0437e-15          -1.66764e-15
        csb          -3.73771e-15          -2.82362e-15          -2.49524e-15
        cbb           7.62629e-15           6.88062e-15           6.25215e-15
      capbd           4.93382e-15           4.63911e-15           3.95473e-15
      capbs           4.93382e-15           4.93382e-15           4.63911e-15
         qg           2.16763e-14           1.63064e-14           1.74777e-14
         qb          -1.38867e-14           -1.4146e-14          -1.54634e-14
         qd          -3.89481e-15          -8.84297e-16          -8.06562e-16
         qs          -3.89481e-15          -1.27607e-15           -1.2077e-15
       qinv           8.61553e-15           2.53994e-15           2.36352e-15
       qdef                     0                     0                     0
       gcrg                     0                     0                     0
       gtau                     0                     0                     0

 BSIM4v5: Berkeley Short Channel IGFET Model-4
     device            m.xnw_b.m0           m.xnc_b2.m0           m.xnc_c2.m0
      model           nfet_03v3.9           nfet_03v3.9           nfet_03v3.9
          l                 1e-06                 1e-06                 1e-06
          w              1.25e-06                 5e-06                 5e-06
          m                     1                     1                     1
         nf                     1                     1                     1
         sa                     0                     0                     0
         sb                     0                     0                     0
         sd                     0                     0                     0
        sca                     0                     0                     0
        scb                     0                     0                     0
        scc                     0                     0                     0
         sc                     0                     0                     0
        min                     0                     0                     0
         ad               5.5e-13               2.2e-12               2.2e-12
         as               5.5e-13               2.2e-12               2.2e-12
         pd              2.13e-06              5.88e-06              5.88e-06
         ps              2.13e-06              5.88e-06              5.88e-06
        nrd                     0                     0                     0
        nrs                     0                     0                     0
        off                     0                     0                     0
       rbdb                    50                    50                    50
       rbsb                    50                    50                    50
       rbpb                    50                    50                    50
       rbps                    50                    50                    50
       rbpd                    50                    50                    50
     delvto                     0                    -0                    -0
      mulu0                     1                     1                     1
        xgw                     0                     0                     0
      ngcon                     1                     1                     1
   trnqsmod                     0                     0                     0
   acnqsmod                     0                     0                     0
   rbodymod                     0                     0                     0
   rgatemod                     0                     0                     0
     geomod                     0                     0                     0
    rgeomod                     0                     0                     0
       gmbs           3.08213e-05                     0                     0
         gm           8.63672e-05                     0                     0
        gds           4.88327e-07           0.000210422            0.00122193
      vdsat              0.346431              0.175037              0.919318
        vth              0.684263              0.680006              0.680006
         id                 2e-05                     0                     0
        ibd          -1.09843e-15                     0                     0
        ibs                     0                     0                     0
        gbd                 1e-15                 1e-15                 1e-15
        gbs                 1e-15                 1e-15                 1e-15
       isub           5.30672e-17                     0                     0
      igidl                     0                     0                     0
      igisl                     0                     0                     0
        igs                     0                     0                     0
        igd                     0                     0                     0
        igb                     0                     0                     0
       igcs                     0                     0                     0
       igcd                     0                     0                     0
        vbs                     0                     0                     0
        vgs                     0                     0                     0
        vds                     0                     0                     0
        cgg           3.85144e-15           1.84945e-14           2.01975e-14
        cgs          -3.45128e-15            -8.915e-15          -9.90169e-15
        cgd          -9.91863e-19          -8.88033e-15          -1.04275e-14
        cbg          -5.42504e-16          -3.70117e-16          -2.96677e-17
        cbd          -4.65187e-19          -3.64012e-15          -4.27431e-15
        cbs          -1.10808e-15          -3.53796e-15           -3.2982e-15
        cdg          -1.32459e-15          -9.06218e-15          -1.00839e-14
        cdd           1.15833e-18           8.34698e-15           9.80121e-15
        cds           1.82463e-15           4.13973e-15           4.14964e-15
        csg          -1.98434e-15          -9.06218e-15          -1.00839e-14
        csd           2.98719e-19           4.17348e-15           4.90059e-15
        css           2.73474e-15           8.31322e-15           9.05025e-15
        cgb          -3.99167e-16          -6.99141e-16           1.31684e-16
        cdb          -5.01193e-16          -3.42453e-15          -3.86693e-15
        csb          -7.50693e-16          -3.42453e-15          -3.86693e-15
        cbb           1.65105e-15           7.54819e-15           7.60218e-15
      capbd           1.04088e-15           4.93382e-15           4.93382e-15
      capbs            1.3343e-15           4.93382e-15           4.93382e-15
         qg           4.97526e-15           1.68874e-14            3.9102e-14
         qb          -3.68725e-15          -1.38533e-14          -1.39233e-14
         qd          -5.15461e-16           -1.5171e-15          -1.25894e-14
         qs          -7.72545e-16           -1.5171e-15          -1.25894e-14
       qinv           1.42541e-15           3.55751e-15           2.65888e-14
       qdef                     0                     0                     0
       gcrg                     0                     0                     0
       gtau                     0                     0                     0

 BSIM4v5: Berkeley Short Channel IGFET Model-4
     device           m.xnc_b1.m0           m.xnc_c1.m0            m.xns_o.m0
      model           nfet_03v3.9           nfet_03v3.9           nfet_03v3.9
          l                 1e-06                 1e-06                 1e-06
          w                 5e-06                 5e-06                 5e-06
          m                     1                     1                     1
         nf                     1                     1                     1
         sa                     0                     0                     0
         sb                     0                     0                     0
         sd                     0                     0                     0
        sca                     0                     0                     0
        scb                     0                     0                     0
        scc                     0                     0                     0
         sc                     0                     0                     0
        min                     0                     0                     0
         ad               2.2e-12               2.2e-12               2.2e-12
         as               2.2e-12               2.2e-12               2.2e-12
         pd              5.88e-06              5.88e-06              5.88e-06
         ps              5.88e-06              5.88e-06              5.88e-06
        nrd                     0                     0                     0
        nrs                     0                     0                     0
        off                     0                     0                     0
       rbdb                    50                    50                    50
       rbsb                    50                    50                    50
       rbpb                    50                    50                    50
       rbps                    50                    50                    50
       rbpd                    50                    50                    50
     delvto                    -0                     0                    -0
      mulu0                     1                     1                     1
        xgw                     0                     0                     0
      ngcon                     1                     1                     1
   trnqsmod                     0                     0                     0
   acnqsmod                     0                     0                     0
   rbodymod                     0                     0                     0
   rgatemod                     0                     0                     0
     geomod                     0                     0                     0
    rgeomod                     0                     0                     0
       gmbs           7.01729e-05            5.0948e-05                     0
         gm           0.000190374           0.000194558                     0
        gds           6.29446e-07            5.0633e-07           0.000210422
      vdsat              0.175038              0.183859              0.175037
        vth              0.680005              0.940515              0.680006
         id                 2e-05                 2e-05                     0
        ibd          -8.52077e-16          -1.96489e-15                     0
        ibs                     0          -8.52077e-16                     0
        gbd                 1e-15                 1e-15                 1e-15
        gbs                 1e-15                 1e-15                 1e-15
       isub           1.94981e-18           1.19105e-14                     0
      igidl                     0                     0                     0
      igisl                     0                     0                     0
        igs                     0                     0                     0
        igd                     0                     0                     0
        igb                     0                     0                     0
       igcs                     0                     0                     0
       igcd                     0                     0                     0
        vbs                     0                     0                     0
        vgs                     0                     0                     0
        vds                     0                     0                     0
        cgg           1.42165e-14           1.37275e-14           1.84945e-14
        cgs          -1.19859e-14          -1.19414e-14            -8.915e-15
        cgd          -2.36295e-18          -1.04198e-18          -8.88033e-15
        cbg           -2.1237e-15          -1.63077e-15          -3.70117e-16
        cbd          -9.68924e-19          -3.14458e-19          -3.64012e-15
        cbs          -4.67355e-15          -3.38019e-15          -3.53796e-15
        cdg          -4.84099e-15          -4.84082e-15          -9.06218e-15
        cdd            2.6491e-18           1.08938e-18           8.34698e-15
        cds           6.66793e-15           6.13081e-15           4.13973e-15
        csg          -7.25178e-15          -7.25591e-15          -9.06218e-15
        csd           6.82775e-19           2.67059e-19           4.17348e-15
        css           9.99154e-15           9.19075e-15           8.31322e-15
        cgb          -2.22819e-15          -1.78508e-15          -6.99141e-16
        cdb          -1.82959e-15          -1.29108e-15          -3.42453e-15
        csb          -2.74044e-15          -1.93511e-15          -3.42453e-15
        cbb           6.79822e-15           5.01127e-15           7.54819e-15
      capbd           3.95975e-15            3.3799e-15           4.93382e-15
      capbs           4.93382e-15           3.95975e-15           4.93382e-15
         qg            1.6171e-14           2.14939e-14           1.68874e-14
         qb          -1.41469e-14           -1.9544e-14          -1.38533e-14
         qd          -8.10173e-16          -7.80238e-16           -1.5171e-15
         qs          -1.21396e-15          -1.16964e-15           -1.5171e-15
       qinv           2.37331e-15           2.29415e-15           3.55751e-15
       qdef                     0                     0                     0
       gcrg                     0                     0                     0
       gtau                     0                     0                     0

 BSIM4v5: Berkeley Short Channel IGFET Model-4
     device            m.xns_d.m0
      model           nfet_03v3.9
          l                 1e-06
          w                 5e-06
          m                     1
         nf                     1
         sa                     0
         sb                     0
         sd                     0
        sca                     0
        scb                     0
        scc                     0
         sc                     0
        min                     0
         ad               2.2e-12
         as               2.2e-12
         pd              5.88e-06
         ps              5.88e-06
        nrd                     0
        nrs                     0
        off                     0
       rbdb                    50
       rbsb                    50
       rbpb                    50
       rbps                    50
       rbpd                    50
     delvto                    -0
      mulu0                     1
        xgw                     0
      ngcon                     1
   trnqsmod                     0
   acnqsmod                     0
   rbodymod                     0
   rgatemod                     0
     geomod                     0
    rgeomod                     0
       gmbs           7.01729e-05
         gm           0.000190374
        gds           6.29446e-07
      vdsat              0.175038
        vth              0.680005
         id                 2e-05
        ibd          -8.52077e-16
        ibs                     0
        gbd                 1e-15
        gbs                 1e-15
       isub           1.94981e-18
      igidl                     0
      igisl                     0
        igs                     0
        igd                     0
        igb                     0
       igcs                     0
       igcd                     0
        vbs                     0
        vgs                     0
        vds                     0
        cgg           1.42165e-14
        cgs          -1.19859e-14
        cgd          -2.36295e-18
        cbg           -2.1237e-15
        cbd          -9.68924e-19
        cbs          -4.67355e-15
        cdg          -4.84099e-15
        cdd            2.6491e-18
        cds           6.66793e-15
        csg          -7.25178e-15
        csd           6.82775e-19
        css           9.99154e-15
        cgb          -2.22819e-15
        cdb          -1.82959e-15
        csb          -2.74044e-15
        cbb           6.79822e-15
      capbd           3.95975e-15
      capbs           4.93382e-15
         qg            1.6171e-14
         qb          -1.41469e-14
         qd          -8.10173e-16
         qs          -1.21396e-15
       qinv           2.37331e-15
       qdef                     0
       gcrg                     0
       gtau                     0

 Isource: Independent current source
     device               iref_pw              ibias_pw               iref_pc
         dc                 2e-05                 2e-05                 2e-05
          m                     1                     1                     1
      acmag                     0                     0                     0
      pulse         -         -         -
        sin         -         -         -
        exp         -         -         -
        pwl         -         -         -
       sffm         -         -         -
         am         -         -         -
    trnoise         -         -         -
   trrandom         -         -         -
          v                     0                     0                     0
          p                    -0                    -0                    -0
    current                 2e-05                 2e-05                 2e-05

 Isource: Independent current source
     device               iref_ps               iref_nw              ibias_nw
         dc                 2e-05                 2e-05                 2e-05
          m                     1                     1                     1
      acmag                     0                     0                     0
      pulse         -         -         -
        sin         -         -         -
        exp         -         -         -
        pwl         -         -         -
       sffm         -         -         -
         am         -         -         -
    trnoise         -         -         -
   trrandom         -         -         -
          v                     0                     0                     0
          p                    -0                    -0                    -0
    current                 2e-05                 2e-05                 2e-05

 Isource: Independent current source
     device               iref_nc               iref_ns
         dc                 2e-05                 2e-05
          m                     1                     1
      acmag                     0                     0
      pulse         -         -
        sin         -         -
        exp         -         -
        pwl         -         -
       sffm         -         -
         am         -         -
    trnoise         -         -
   trrandom         -         -
          v                     0                     0
          p                    -0                    -0
    current                 2e-05                 2e-05

 Vsource: Independent voltage source
     device                vam_pw                vam_pc                vam_ps
         dc                     0                     0                     0
      acmag                     0                     0                     0
      pulse         -         -         -
        sin         -         -         -
        exp         -         -         -
        pwl         -         -         -
       sffm         -         -         -
         am         -         -         -
    trnoise         -         -         -
   trrandom         -         -         -
    portnum                     0                     0                     0
         z0                     0                     0                     0
        pwr                     0                     0                     0
       freq                     0                     0                     0
      phase                     0                     0                     0
          i                     0                     0                     0
          p                     0                     0                     0

 Vsource: Independent voltage source
     device                vam_nw                vam_nc                vam_ns
         dc                     0                     0                     0
      acmag                     0                     0                     0
      pulse         -         -         -
        sin         -         -         -
        exp         -         -         -
        pwl         -         -         -
       sffm         -         -         -
         am         -         -         -
    trnoise         -         -         -
   trrandom         -         -         -
    portnum                     0                     0                     0
         z0                     0                     0                     0
        pwr                     0                     0                     0
       freq                     0                     0                     0
      phase                     0                     0                     0
          i                     0                     0                     0
          p                     0                     0                     0

 Vsource: Independent voltage source
     device                   vsw                   vdd
         dc                     0                   3.3
      acmag                     0                     0
      pulse         -         -
        sin         -         -
        exp         -         -
        pwl         -         -
       sffm         -         -
         am         -         -
    trnoise         -         -
   trrandom         -         -
    portnum                     0                     0
         z0                     0                     0
        pwr                     0                     0
       freq                     0                     0
      phase                     0                     0
          i                     0                     0
          p                     0                     0


Total analysis time (seconds) = 2.928

Total elapsed time (seconds) = 3.392 

Total DRAM available = 15700.230 MB.
DRAM currently available = 6782.859 MB.
Maximum ngspice program size =   35.227 MB.
Current ngspice program size =   19.035 MB.

Shared ngspice pages =   11.168 MB.
Text (code) pages =    6.156 MB.
Stack = 0 bytes.
Library pages =   15.980 MB.


Using SPARSE 1.3 as Direct Linear Solver
Using SPARSE 1.3 as Direct Linear Solver
Using SPARSE 1.3 as Direct Linear Solver
