
Note: No compatibility mode selected!


Circuit: * devchar-cp @ ss_-40c_3.63v -- generated by sim/harness, do not edit

Doing analysis at TEMP = -40.000000 and TNOM = 27.000000

 Reference value :  3.80000e-01
No. of Data Rows : 364

  Measurements for DC Analysis

isat_ns             =  2.196134e-05
imid_ns             =  2.038837e-05
gain_ns             =  1.01942e+00
ilo30_ns            =  2.001502e-05
ihi30_ns            =  2.002597e-05
ro30_ns             =  1.82585e+06
ilo50_ns            =  2.038355e-05
ihi50_ns            =  2.039319e-05
ro50_ns             =  2.07519e+06
ilo70_ns            =  2.074800e-05
ihi70_ns            =  2.075950e-05
ro70_ns             =  1.73872e+06
ihd0v20_ns          =  1.887835e-05
chd0v20_ns          =  9.25937e-01
ihd0v40_ns          =  1.953528e-05
chd0v40_ns          =  9.58158e-01
ihd0v60_ns          =  1.971691e-05
chd0v60_ns          =  9.67066e-01
ihd0v80_ns          =  1.985260e-05
chd0v80_ns          =  9.73722e-01
isat_nc             =  2.002968e-05
imid_nc             =  1.999927e-05
gain_nc             =  9.99963e-01
ilo30_nc            =  1.996404e-05
ihi30_nc            =  1.997063e-05
ro30_nc             =  3.03632e+06
ilo50_nc            =  1.999925e-05
ihi50_nc            =  1.999928e-05
ro50_nc             =  7.21846e+08
ilo70_nc            =  2.000010e-05
ihi70_nc            =  2.000012e-05
ro70_nc             =  8.75322e+08
ihd0v20_nc          =  1.861447e-05
chd0v20_nc          =  9.30757e-01
ihd0v40_nc          =  1.950897e-05
chd0v40_nc          =  9.75484e-01
ihd0v60_nc          =  1.969598e-05
chd0v60_nc          =  9.84835e-01
ihd0v80_nc          =  1.982812e-05
chd0v80_nc          =  9.91442e-01
isat_nw             =  2.049909e-05
imid_nw             =  2.002597e-05
gain_nw             =  1.00130e+00
ilo30_nw            =  2.000078e-05
ihi30_nw            =  2.000156e-05
ro30_nw             =  2.54822e+07
ilo50_nw            =  2.002566e-05
ihi50_nw            =  2.002628e-05
ro50_nw             =  3.18841e+07
ilo70_nw            =  2.005717e-05
ihi70_nw            =  2.005882e-05
ro70_nw             =  1.21546e+07
ihd0v20_nw          =  1.748265e-05
chd0v20_nw          =  8.72999e-01
ihd0v40_nw          =  1.993044e-05
chd0v40_nw          =  9.95230e-01
ihd0v60_nw          =  1.997596e-05
chd0v60_nw          =  9.97503e-01
ihd0v80_nw          =  1.998845e-05
chd0v80_nw          =  9.98126e-01
isat_ps             =  2.067282e-05
imid_ps             =  2.019063e-05
gain_ps             =  1.00953e+00
ilo30_ps            =  2.037279e-05
ihi30_ps            =  2.036832e-05
ro30_ps             =  4.47029e+06
ilo50_ps            =  2.019343e-05
ihi50_ps            =  2.018781e-05
ro50_ps             =  3.56128e+06
ilo70_ps            =  1.994799e-05
ihi70_ps            =  1.993951e-05
ro70_ps             =  2.35695e+06
ihd0v20_ps          =  1.835518e-05
chd0v20_ps          =  9.09094e-01
ihd0v40_ps          =  1.947699e-05
chd0v40_ps          =  9.64655e-01
ihd0v60_ps          =  1.967455e-05
chd0v60_ps          =  9.74440e-01
ihd0v80_ps          =  1.980368e-05
chd0v80_ps          =  9.80836e-01
isat_pc             =  2.000041e-05
imid_pc             =  1.999898e-05
gain_pc             =  9.99949e-01
ilo30_pc            =  1.999975e-05
ihi30_pc            =  1.999974e-05
ro30_pc             =  1.35244e+09
ilo50_pc            =  1.999900e-05
ihi50_pc            =  1.999897e-05
ro50_pc             =  6.07610e+08
ilo70_pc            =  1.991782e-05
ihi70_pc            =  1.991033e-05
ro70_pc             =  2.66999e+06
ihd0v20_pc          =  1.785614e-05
chd0v20_pc          =  8.92852e-01
ihd0v40_pc          =  1.944012e-05
chd0v40_pc          =  9.72056e-01
ihd0v60_pc          =  1.965088e-05
chd0v60_pc          =  9.82594e-01
ihd0v80_pc          =  1.978103e-05
chd0v80_pc          =  9.89102e-01
isat_pw             =  2.010094e-05
imid_pw             =  2.002524e-05
gain_pw             =  1.00126e+00
ilo30_pw            =  2.004840e-05
ihi30_pw            =  2.004785e-05
ro30_pw             =  3.60482e+07
ilo50_pw            =  2.002560e-05
ihi50_pw            =  2.002487e-05
ro50_pw             =  2.71753e+07
ilo70_pw            =  1.999164e-05
ihi70_pw            =  1.999038e-05
ro70_pw             =  1.58736e+07
ihd0v20_pw          =  1.613167e-05
chd0v20_pw          =  8.05567e-01
ihd0v40_pw          =  1.978486e-05
chd0v40_pw          =  9.87996e-01
ihd0v60_pw          =  1.994342e-05
chd0v60_pw          =  9.95914e-01
ihd0v80_pw          =  1.996887e-05
chd0v80_pw          =  9.97185e-01

Doing analysis at TEMP = -40.000000 and TNOM = 27.000000


No. of Data Rows : 1

  Measurements for DC Analysis


m_vth_n = 8.6613200260e-01
m_vdsat_n = 1.8276303398e-01
m_gm_n = 1.7796943287e-04
m_gds_n = 5.5454045111e-07
m_vth_p = 9.7299166242e-01
m_vdsat_p = 2.1084683882e-01
m_gm_p = 1.4245707828e-04
m_gds_p = 3.8296376625e-07
Doing analysis at TEMP = -40.000000 and TNOM = 27.000000


  Measurements for DC Analysis


	Node                                  Voltage
	----                                  -------
	----	-------
	c_pw                          3.4311089543e+00
	d_pw                          0.0000000000e+00
	b_pw                          3.4338029349e+00
	a_pw                          2.3868569203e+00
	vb_pw                         2.1126786985e+00
	c_pc                          2.4004252701e+00
	d_pc                          0.0000000000e+00
	b_pc                          2.4013803748e+00
	a_pc                          7.0212752639e-01
	d_ps                          0.0000000000e+00
	g_ps                          2.4013803746e+00
	c_nw                          0.0000000000e+00
	d_nw                          0.0000000000e+00
	b_nw                          1.9259715003e-01
	a_nw                          1.0593782665e+00
	vb_nw                         1.3179460398e+00
	c_nc                          -2.019407196e-272
	d_nc                          0.0000000000e+00
	b_nc                          1.0517929768e+00
	a_nc                          2.4399344238e+00
	d_ns                          0.0000000000e+00
	g_ns                          1.0517929892e+00
	sw                            0.0000000000e+00
	vdd                           3.6300000000e+00

	Source	Current
	------	-------

	vdd#branch                    -2.207804501e-04
	vsw#branch                    6.0780450110e-05
	vam_ns#branch                 0.0000000000e+00
	vam_nc#branch                 5.4182307529e-275
	vam_nw#branch                 0.0000000000e+00
	vam_ps#branch                 2.0677773847e-05
	vam_pc#branch                 2.0000420074e-05
	vam_pw#branch                 2.0102256188e-05

 BSIM4v5 models (Berkeley Short Channel IGFET Model-4)
      model           pfet_03v3.9          pfet_03v3.13           nfet_03v3.9

     capmod                     2                     2                     2
     diomod                     1                     1                     1
     rdsmod                     0                     0                     0
   trnqsmod                     0                     0                     0
   acnqsmod                     0                     0                     0
     mobmod                     0                     0                     0
   rbodymod                     0                     0                     0
   rgatemod                     0                     0                     0
     permod                     1                     1                     1
     geomod                     0                     0                     0
    rgeomod                     0                     0                     0
    fnoimod                     1                     1                     1
    tnoimod                     0                     0                     0
     igcmod                     0                     0                     0
     igbmod                     0                     0                     0
    tempmod                     0                     0                     0
   paramchk                     1                     1                     1
    binunit                     2                     2                     2
    version                   4.5                   4.5                   4.5
       toxe               8.3e-09               8.3e-09               8.4e-09
       toxp               8.3e-09               8.3e-09               8.4e-09
       toxm               7.9e-09               7.9e-09                 8e-09
     toxref               7.9e-09               7.9e-09                 8e-09
       dtox                     0                     0                     0
     epsrox                   3.9                   3.9                   3.9
       cdsc               0.00024               0.00024                     0
      cdscb                     0                     0                     0
      cdscd                     0                     0                     0
        cit                     0                     0                     0
    nfactor                   0.8                   0.8                     1
         xj                 1e-07                 1e-07                 1e-07
       vsat                 84000                 84000                 75000
         at                 12000                 12000                 23000
         a0                1.1842               1.19845              0.586076
        ags              0.206666               0.20604              0.636982
         a1                     0                     0                     0
         a2                  0.99                  0.99                     1
       keta           -0.00620915           -0.00599242            -0.0436322
       nsub                 6e+16                 6e+16                 6e+16
       ndep               5.6e+17               5.6e+17                 3e+17
        nsd                 1e+20                 1e+20                 1e+20
       phin                     0                     0                  0.07
      ngate                 6e+19                 6e+19                 6e+19
     gamma1                     0                     0                     0
     gamma2                     0                     0                     0
        vbx                     0                     0                     0
        vbm                    -3                    -3                    -3
         xt              1.55e-07              1.55e-07              1.55e-07
         k1              0.977542              0.977542               0.75941
        kt1             -0.302563             -0.298932             -0.303074
       kt1l                     0                     0                     0
        kt2            -0.0105658            -0.0108681            -0.0217827
         k2            -0.0304916            -0.0298729             0.0179458
         k3                     0                     0                     0
        k3b                     0                     0                     0
         w0               2.5e-06               2.5e-06                 5e-07
      dvtp0                     0                     0                     0
      dvtp1                     0                     0                     0
       lpe0            3.2493e-08            3.2493e-08               1.1e-07
       lpeb                     0                     0                     0
       dvt0                2.8985                2.8985                     0
       dvt1               0.23999               0.23999                  0.53
       dvt2                -0.016                -0.016                     0
      dvt0w                     0                     0                     0
      dvt1w               5.3e+06               5.3e+06                     0
      dvt2w                -0.032                -0.032                     0
      drout                  0.56                  0.56                  0.56
       dsub                0.3659                0.3659                   0.5
       vth0             -0.840388             -0.841314              0.732857
         ua            3.1294e-10           3.07184e-10          -9.38878e-10
        ua1               1.5e-09               1.5e-09             1.675e-09
         ub           9.61963e-19            9.7125e-19           3.47624e-18
        ub1          -2.45829e-18          -2.49709e-18           -3.0159e-18
         uc          -2.92042e-11          -2.66518e-11           1.57139e-10
        uc1          -3.43686e-11           -4.0368e-11          -1.45256e-10
         ud                 1e+14                 1e+14                 1e+14
        ud1                     0                     0                     0
         up                     0                     0                     0
         lp                 1e-08                 1e-08                 1e-08
         u0             0.0100787             0.0100389             0.0383481
         eu                  1.67                  1.67                  1.67
        ute                    -1                    -1              -1.56994
       voff            -0.0942806             -0.097861             -0.102296
       minv                  -0.1                  -0.1                 -0.25
      voffl                     0                     0                     0
       tnom                298.15                298.15                298.15
       cgso             1.364e-10             1.364e-10              1.23e-10
       cgdo             1.364e-10             1.364e-10              1.23e-10
       cgbo                 1e-13                 1e-13                 1e-13
      xpart                     0                     0                     0
      delta                  0.01                  0.01            0.00132143
        rsh                     7                     7                     7
       rdsw                   466                   466                   530
    rdswmin                    20                    20                    50
        rsw                   100                   100                   100
        rdw                   100                   100                   100
     rdwmin                     0                     0                     0
     rswmin                     0                     0                     0
       prwg                     0                     0                     0
       prwb                     0                     0                     0
        prt                     0                     0                     0
       eta0                0.2541                0.2541                  0.75
       etab              -0.15284              -0.15284                 -0.32
       pclm              0.377421              0.391794             0.0461534
    pdiblc1                0.1484                0.1484                  0.39
    pdiblc2           0.000241381           0.000241381            0.00133635
    pdiblcb                     0                     0                   0.2
     fprout                     0                     0                     0
      pdits                     0                     0                     0
     pditsl                     0                     0                     0
     pditsd                     0                     0                     0
     pscbe1            6.7448e+08            6.7448e+08            6.6469e+08
     pscbe2                 1e-05                 1e-05             1.638e-05
       pvag                     0                     0                     0
        jss             1.653e-07             1.653e-07            2.2959e-07
       jsws            2.1207e-13            2.1207e-13            2.1207e-13
      jswgs                     0                     0                     0
        pbs               0.69939               0.69939               0.70172
        njs                     1                     1                  1.01
       xtis                     3                     3                     3
        mjs               0.32084               0.32084               0.32071
      pbsws                0.8022                0.8022                0.8062
      mjsws                  0.05                  0.05                   0.1
     pbswgs                  0.65                  0.65               0.74743
     mjswgs               0.21964               0.21964               0.32059
        cjs            0.00094344            0.00094344            0.00096797
      cjsws            1.5078e-10            1.5078e-10            1.5663e-10
     cjswgs             4.794e-10             4.794e-10            5.9903e-10
        jsd             1.653e-07             1.653e-07            2.2959e-07
       jswd            2.1207e-13            2.1207e-13            2.1207e-13
      jswgd                     0                     0                     0
        pbd               0.69939               0.69939               0.70172
        njd                     1                     1                  1.01
       xtid                     3                     3                     3
        mjd               0.32084               0.32084               0.32071
      pbswd                0.8022                0.8022                0.8062
      mjswd                  0.05                  0.05                   0.1
     pbswgd                  0.65                  0.65               0.74743
     mjswgd               0.21964               0.21964               0.32059
        cjd            0.00094344            0.00094344            0.00096797
      cjswd            1.5078e-10            1.5078e-10            1.5663e-10
     cjswgd             4.794e-10             4.794e-10            5.9903e-10
      vfbcv                    -1                    -1                    -1
        vfb                     0                     0                     0
        tpb             0.0016906             0.0016906             0.0018129
        tcj            0.00099187            0.00099187             0.0009438
      tpbsw                0.0052                0.0052                 5e-05
      tcjsw            0.00063483            0.00063483            0.00060474
     tpbswg              0.000744              0.000744             0.0016872
     tcjswg              0.000932              0.000932                 0.001
       acde                     1                     1                   0.6
       moin                    15                    15                    15
       noff                   2.4                   2.4                     2
     voffcv                 -0.16                 -0.16                 0.005
       dmcg               1.5e-07               1.5e-07               1.5e-07
       dmci               1.5e-07               1.5e-07               1.5e-07
       dmdg                     0                     0                     0
      dmcgt                     0                     0                     0
        xgw                     0                     0                     0
        xgl                     0                     0                     0
       rshg                   0.1                   0.1                   0.1
      ngcon                     1                     1                     1
     xrcrg1                    12                    12                    12
     xrcrg2                     1                     1                     1
     lambda                     0                     0                     0
        vtl                200000                200000                200000
         lc                 5e-09                 5e-09                 5e-09
         xn                     3                     3                     3
   vfbsdoff                     0                     0                     0
  tvfbsdoff                     0                     0                     0
      tvoff                0.0032                0.0032                 0.001
    lintnoi <<NAN, error = 7>> <<NAN, error = 7>> <<NAN, error = 7>>
       lint                     0                     0                     0
         ll                     0                     0                     0
        llc                     0                     0                     0
        lln                     1                     1                     1
         lw                     0                     0                     0
        lwc                     0                     0                     0
        lwn                     1                     1                     1
        lwl                     0                     0                     0
       lwlc                     0                     0                     0
       lmin                 5e-07                 5e-07                 5e-07
       lmax               1.2e-06               1.2e-06               1.2e-06
         wr                     1                     1                     1
       wint                -1e-08                -1e-08                 1e-08
        dwg                     0                     0                     0
        dwb                     0                     0                     0
         wl                     0                     0                     0
        wlc                     0                     0                     0
        wln                     1                     1                     1
         ww                     0                     0                     0
        wwc                     0                     0                     0
        wwn                     1                     1                     1
        wwl                     0                     0                     0
       wwlc                     0                     0                     0
       wmin               1.2e-06                 1e-05               1.2e-06
       wmax                 1e-05           0.000100001                 1e-05
         b0                     0                     0                     0
         b1                     0                     0                     0
       cgsl               4.4e-11               4.4e-11               1.1e-10
       cgdl               4.4e-11               4.4e-11               1.1e-10
    ckappas                   0.6                   0.6                   0.6
    ckappad                   0.6                   0.6                   0.6
         cf                     0                     0                     0
        clc                 1e-07                 1e-07                 1e-07
        cle                   0.6                   0.6                   0.6
        dwc                     0                     0                     0
        dlc                -8e-09                -8e-09                     0
         xw                -1e-08                -1e-08                -1e-08
         xl               1.2e-08               1.2e-08               1.5e-08
      dlcig               1.5e-07               1.5e-07               1.5e-07
        dwj                     0                     0                     0
     alpha0           0.000112136           0.000111602           6.76175e-06
     alpha1                     0                     0                     0
      beta0               43.2886                43.289               21.0427
      agidl            1.5908e-11            1.5908e-11            1.3268e-10
      bgidl            1.3902e+09            1.3902e+09            1.8961e+09
      cgidl                   7.5                   7.5                   0.5
      egidl                0.1009                0.1009                   0.8
       aigc                0.0098                0.0098                0.0136
       bigc              0.000759              0.000759               0.00171
       cigc                  0.03                  0.03                 0.075
      aigsd                0.0098                0.0098                0.0136
      bigsd              0.000759              0.000759               0.00171
      cigsd                  0.03                  0.03                 0.075
    aigbacc                0.0136                0.0136                0.0136
    bigbacc               0.00171               0.00171               0.00171
    cigbacc                 0.075                 0.075                 0.075
    aigbinv                0.0111                0.0111                0.0111
    bigbinv              0.000949              0.000949              0.000949
    cigbinv                 0.006                 0.006                 0.006
       nigc                     1                     1                     1
    nigbinv                     3                     3                     3
    nigbacc                     1                     1                     1
       ntox                     1                     1                     1
    eigbinv                   1.1                   1.1                   1.1
      pigcd                     1                     1                     1
    poxedge                     1                     1                     1
   ijthdfwd                   0.1                   0.1                   0.1
   ijthsfwd                   0.1                   0.1                   0.1
   ijthdrev                   0.1                   0.1                   0.1
   ijthsrev                   0.1                   0.1                   0.1
      xjbvd                     1                     1                     1
      xjbvs                     1                     1                     1
        bvd                    10                    10                    10
        bvs                    10                    10                    10
       jtss                 1e-11                 1e-11                     0
       jtsd                 1e-11                 1e-11                     0
     jtssws                 1e-11                 1e-11                     0
     jtsswd                 1e-11                 1e-11                     0
    jtsswgs                 1e-11                 1e-11                     0
    jtsswgd                 1e-11                 1e-11                     0
       njts                    20                    20                    20
     njtssw                    20                    20                    20
    njtsswg                    20                    20                    20
       xtss                  0.02                  0.02                  0.02
       xtsd                  0.02                  0.02                  0.02
     xtssws                  0.02                  0.02                  0.02
     xtsswd                  0.02                  0.02                  0.02
    xtsswgs                  0.02                  0.02                  0.02
    xtsswgd                  0.02                  0.02                  0.02
      tnjts                     0                     0                     0
    tnjtssw                     0                     0                     0
   tnjtsswg                     0                     0                     0
       vtss                    10                    10                    10
       vtsd                    10                    10                    10
     vtssws                    10                    10                    10
     vtsswd                    10                    10                    10
    vtsswgs                    10                    10                    10
    vtsswgd                    10                    10                    10
      gbmin                 1e-12                 1e-12                 1e-12
       rbdb                    50                    50                    50
       rbpb                    50                    50                    50
       rbsb                    50                    50                    50
       rbps                    50                    50                    50
       rbpd                    50                    50                    50
      rbps0                    50                    50                    50
      rbpsl                     0                     0                     0
      rbpsw                     0                     0                     0
     rbpsnf                     0                     0                     0
      rbpd0                    50                    50                    50
      rbpdl                     0                     0                     0
      rbpdw                     0                     0                     0
     rbpdnf                     0                     0                     0
     rbpbx0                   100                   100                   100
     rbpbxl                     0                     0                     0
     rbpbxw                     0                     0                     0
    rbpbxnf                     0                     0                     0
     rbpby0                   100                   100                   100
     rbpbyl                     0                     0                     0
     rbpbyw                     0                     0                     0
    rbpbynf                     0                     0                     0
     rbsbx0                   100                   100                   100
     rbsby0                   100                   100                   100
     rbdbx0                   100                   100                   100
     rbdby0                   100                   100                   100
    rbsdbxl                     0                     0                     0
    rbsdbxw                     0                     0                     0
   rbsdbxnf                     0                     0                     0
    rbsdbyl                     0                     0                     0
    rbsdbyw                     0                     0                     0
   rbsdbynf                     0                     0                     0
      lcdsc                     0                     0                     0
     lcdscb                     0                     0                     0
     lcdscd                     0                     0                     0
       lcit                     0                     0                     0
   lnfactor                     0                     0                     0
        lxj                     0                     0                     0
      lvsat                     0                     0                     0
        lat                     0                     0                     0
        la0          -3.02487e-07          -3.13499e-07          -2.49294e-07
       lags           6.27887e-08           6.31093e-08           -1.5498e-07
        la1                     0                     0                     0
        la2                     0                     0                     0
      lketa          -2.42568e-08          -2.45195e-08          -1.06954e-08
      lnsub                     0                     0                     0
      lndep                     0                     0                     0
       lnsd                     0                     0                     0
      lphin                     0                     0                     0
     lngate                     0                     0                     0
    lgamma1                     0                     0                     0
    lgamma2                     0                     0                     0
       lvbx                     0                     0                     0
       lvbm                     0                     0                     0
        lxt                     0                     0                     0
        lk1          -2.54423e-08          -2.54423e-08                     0
       lkt1          -5.23163e-09          -8.19118e-09           8.64435e-10
      lkt1l                     0                     0                     0
       lkt2          -3.03019e-09          -2.66391e-09          -8.92623e-10
        lk2          -2.85152e-09          -3.16832e-09          -3.31958e-08
        lk3                     0                     0                     0
       lk3b                     0                     0                     0
        lw0                     0                     0                     0
     ldvtp0                     0                     0                     0
     ldvtp1                     0                     0                     0
      llpe0                     0                     0                     0
      llpeb                     0                     0                     0
      ldvt0                     0                     0                     0
      ldvt1                     0                     0                     0
      ldvt2                     0                     0                     0
     ldvt0w                     0                     0                     0
     ldvt1w                     0                     0                     0
     ldvt2w                     0                     0                     0
     ldrout                     0                     0                     0
      ldsub                     0                     0                     0
      lvth0          -7.37716e-09          -5.92176e-09          -1.03913e-08
        lua           6.63627e-16           6.52706e-16           4.04957e-16
       lua1                     0                     0                     0
        lub           1.60801e-26                     0          -1.78282e-25
       lub1          -1.96329e-25          -1.88113e-25          -7.19026e-25
        luc           7.58035e-17             7.271e-17           5.30058e-19
       luc1          -2.54113e-17          -2.23396e-17           7.93602e-18
        lud                     0                     0                     0
       lud1                     0                     0                     0
        lup                     0                     0                     0
        llp                     0                     0                     0
        lu0           2.48318e-09           2.34654e-09           4.57545e-09
       lute                     0                     0                     0
      lvoff          -1.83314e-09                     0           -1.0587e-08
      lminv                     0                     0                     0
     ldelta                     0                     0           4.46946e-09
      lrdsw                     0                     0                     0
       lrsw                     0                     0                     0
       lrdw                     0                     0                     0
      lprwg                     0                     0                     0
      lprwb                     0                     0                     0
       lprt                     0                     0                     0
      leta0                     0                     0                     0
      letab                    -0                    -0                    -0
      lpclm           2.48766e-08           2.17988e-08           7.16658e-08
   lpdiblc1                     0                     0                     0
   lpdiblc2           2.53732e-10           2.53732e-10           9.44845e-10
   lpdiblcb                     0                     0                     0
    lfprout                     0                     0                     0
     lpdits                     0                     0                     0
    lpditsd                     0                     0                     0
    lpscbe1                     0                     0                     0
    lpscbe2                     0                     0                     0
      lpvag                     0                     0                     0
        lwr                     0                     0                     0
       ldwg                     0                     0                     0
       ldwb                     0                     0                     0
        lb0                     0                     0                     0
        lb1                     0                     0                     0
      lcgsl                     0                     0                     0
      lcgdl                     0                     0                     0
   lckappas                     0                     0                     0
   lckappad                     0                     0                     0
        lcf                     0                     0                     0
       lclc                     0                     0                     0
       lcle                     0                     0                     0
    lalpha0          -5.47731e-11          -5.44591e-11           -2.4077e-12
    lalpha1                     0                     0                     0
     lbeta0          -5.23779e-06          -5.23828e-06           5.01535e-08
     lagidl                     0                     0                     0
     lbgidl                     0                     0                     0
     lcgidl                     0                     0                     0
     legidl                     0                     0                     0
      laigc                     0                     0                     0
      lbigc                     0                     0                     0
      lcigc                     0                     0                     0
     laigsd                     0                     0                     0
     lbigsd                     0                     0                     0
     lcigsd                     0                     0                     0
   laigbacc                     0                     0                     0
   lbigbacc                     0                     0                     0
   lcigbacc                     0                     0                     0
   laigbinv                     0                     0                     0
   lbigbinv                     0                     0                     0
   lcigbinv                     0                     0                     0
      lnigc                     0                     0                     0
   lnigbinv                     0                     0                     0
   lnigbacc                     0                     0                     0
      lntox                     0                     0                     0
   leigbinv                     0                     0                     0
     lpigcd                     0                     0                     0
   lpoxedge                     0                     0                     0
     lvfbcv                     0                     0                     0
       lvfb                     0                     0                     0
      lacde                     0                     0                     0
      lmoin                     0                     0                     0
      lnoff                     0                     0                     0
    lvoffcv                     0                     0                     0
    lxrcrg1                     0                     0                     0
    lxrcrg2                     0                     0                     0
    llambda <<NAN, error = 7>> <<NAN, error = 7>> <<NAN, error = 7>>
       lvtl <<NAN, error = 7>> <<NAN, error = 7>> <<NAN, error = 7>>
        lxn <<NAN, error = 7>> <<NAN, error = 7>> <<NAN, error = 7>>
        leu                     0                     0                     0
  lvfbsdoff                     0                     0                     0
 ltvfbsdoff                     0                     0                     0
     ltvoff                     0                     0                     0
      wcdsc                     0                     0                     0
     wcdscb                     0                     0                     0
     wcdscd                     0                     0                     0
       wcit                     0                     0                     0
   wnfactor                     0                     0                     0
        wxj                     0                     0                     0
      wvsat                     0                     0                     0
        wat                     0                     0                     0
        wa0           1.42685e-07                     0           4.69384e-07
       wags          -6.26754e-09                     0          -1.66071e-07
        wa1                     0                     0                     0
        wa2                     0                     0                     0
      wketa           2.16948e-09                     0                     0
      wnsub                     0                     0                     0
      wndep                     0                     0                     0
       wnsd                     0                     0                     0
      wphin                     0                     0                     0
     wngate                     0                     0                     0
    wgamma1                     0                     0                     0
    wgamma2                     0                     0                     0
       wvbx                     0                     0                     0
       wvbm                     0                     0                     0
        wxt                     0                     0                     0
        wk1                     0                     0                     0
       wkt1           3.63488e-08                     0          -9.29935e-08
      wkt1l                     0                     0                     0
       wkt2          -3.02519e-09                     0          -5.97684e-09
        wk2           6.19366e-09                     0          -6.23465e-09
        wk3                     0                     0                     0
       wk3b                     0                     0                     0
        ww0                     0                     0                     0
     wdvtp0                     0                     0                     0
     wdvtp1                     0                     0                     0
      wlpe0                     0                     0                     0
      wlpeb                     0                     0                     0
      wdvt0                     0                     0                     0
      wdvt1                     0                     0                     0
      wdvt2                     0                     0                     0
     wdvt0w                     0                     0                     0
     wdvt1w                     0                     0                     0
     wdvt2w                     0                     0                     0
     wdrout                     0                     0                     0
      wdsub                     0                     0                     0
      wvth0          -9.26749e-09                     0           3.97298e-09
        wua          -5.76206e-17                     0            -2.957e-16
       wua1                     0                     0                     0
        wub           9.29604e-26                     0          -6.50002e-25
       wub1          -3.88411e-25                     0           3.05986e-25
        wuc           2.55495e-17                     0          -8.43382e-17
       wuc1           -6.0054e-17                     0           6.02352e-17
        wud                     0                     0                     0
       wud1                     0                     0                     0
        wup                     0                     0                     0
        wlp                     0                     0                     0
        wu0          -3.97867e-10                     0          -8.38753e-09
       wute                     0                     0           1.98834e-07
      wvoff          -3.58394e-08                     0          -1.60913e-08
      wminv                     0                     0                     0
     wdelta                     0                     0                     0
      wrdsw                     0                     0                     0
       wrsw                     0                     0                     0
       wrdw                     0                     0                     0
      wprwg                     0                     0                     0
      wprwb                     0                     0                     0
       wprt                     0                     0                     0
      weta0                     0                     0                     0
      wetab                     0                     0                     0
      wpclm           1.43871e-07                     0           1.77924e-07
   wpdiblc1                     0                     0                     0
   wpdiblc2                     0                     0                     0
   wpdiblcb                     0                     0                     0
    wfprout                     0                     0                     0
     wpdits                     0                     0                     0
    wpditsd                     0                     0                     0
    wpscbe1                     0                     0                     0
    wpscbe2                     0                     0                     0
      wpvag                     0                     0                     0
        wwr                     0                     0                     0
       wdwg                     0                     0                     0
       wdwb                     0                     0                     0
        wb0                     0                     0                     0
        wb1                     0                     0                     0
      wcgsl                     0                     0                     0
      wcgdl                     0                     0                     0
   wckappas                     0                     0                     0
   wckappad                     0                     0                     0
        wcf                     0                     0                     0
       wclc                     0                     0                     0
       wcle                     0                     0                     0
    walpha0          -5.34606e-12                     0                     0
    walpha1                     0                     0                     0
     wbeta0           4.02688e-09                     0           4.11548e-07
     wagidl                     0                     0                     0
     wbgidl                     0                     0                     0
     wcgidl                     0                     0                     0
     wegidl                     0                     0                     0
      waigc                     0                     0                     0
      wbigc                     0                     0                     0
      wcigc                     0                     0                     0
     waigsd                     0                     0                     0
     wbigsd                     0                     0                     0
     wcigsd                     0                     0                     0
   waigbacc                     0                     0                     0
   wbigbacc                     0                     0                     0
   wcigbacc                     0                     0                     0
   waigbinv                     0                     0                     0
   wbigbinv                     0                     0                     0
   wcigbinv                     0                     0                     0
      wnigc                     0                     0                     0
   wnigbinv                     0                     0                     0
   wnigbacc                     0                     0                     0
      wntox                     0                     0                     0
   weigbinv                     0                     0                     0
     wpigcd                     0                     0                     0
   wpoxedge                     0                     0                     0
     wvfbcv                     0                     0                     0
       wvfb                     0                     0                     0
      wacde                     0                     0                     0
      wmoin                     0                     0                     0
      wnoff                     0                     0                     0
    wvoffcv                     0                     0                     0
    wxrcrg1                     0                     0                     0
    wxrcrg2                     0                     0                     0
    wlambda <<NAN, error = 7>> <<NAN, error = 7>> <<NAN, error = 7>>
       wvtl <<NAN, error = 7>> <<NAN, error = 7>> <<NAN, error = 7>>
        wxn <<NAN, error = 7>> <<NAN, error = 7>> <<NAN, error = 7>>
        weu                     0                     0                     0
  wvfbsdoff                     0                     0                     0
 wtvfbsdoff                     0                     0                     0
     wtvoff                     0                     0                     0
      pcdsc                     0                     0                     0
     pcdscb                     0                     0                     0
     pcdscd                     0                     0                     0
       pcit                     0                     0                     0
   pnfactor                     0                     0                     0
        pxj                     0                     0                     0
      pvsat                     0                     0                     0
        pat                     0                     0                     0
        pa0          -1.10228e-13                     0          -2.41733e-13
       pags           3.20898e-15                     0           8.55265e-14
        pa1                     0                     0                     0
        pa2                     0                     0                     0
      pketa          -2.62941e-15                     0                     0
      pnsub                     0                     0                     0
      pndep                     0                     0                     0
       pnsd                     0                     0                     0
      pphin                     0                     0                     0
     pngate                     0                     0                     0
    pgamma1                     0                     0                     0
    pgamma2                     0                     0                     0
       pvbx                     0                     0                     0
       pvbm                     0                     0                     0
        pxt                     0                     0                     0
        pk1                     0                     0                     0
       pkt1          -2.96251e-14                     0           2.20392e-14
      pkt1l                     0                     0                     0
       pkt2           3.66653e-15                     0            4.4434e-15
        pk2          -3.17116e-15                     0            7.5751e-15
        pk3                     0                     0                     0
       pk3b                     0                     0                     0
        pw0                     0                     0                     0
     pdvtp0                     0                     0                     0
     pdvtp1                     0                     0                     0
      plpe0                     0                     0                     0
      plpeb                     0                     0                     0
      pdvt0                     0                     0                     0
      pdvt1                     0                     0                     0
      pdvt2                     0                     0                     0
     pdvt0w                     0                     0                     0
     pdvt1w                     0                     0                     0
     pdvt2w                     0                     0                     0
     pdrout                     0                     0                     0
      pdsub                     0                     0                     0
      pvth0           1.45685e-14                     0          -1.28799e-14
        pua          -1.09325e-22                     0           3.59275e-22
       pua1                     0                     0                     0
        pub          -1.60961e-31                     0          -4.73725e-31
       pub1           8.22377e-32                     0           5.96008e-31
        puc          -3.09661e-23                     0          -5.28468e-24
       puc1           3.07476e-23                     0           1.34747e-23
        pud                     0                     0                     0
       pud1                     0                     0                     0
        pup                     0                     0                     0
        plp                     0                     0                     0
        pu0          -1.36778e-15                     0           3.06891e-16
       pute                     0                     0                     0
      pvoff           1.83498e-14                     0           1.95509e-14
      pminv                     0                     0                     0
     pdelta                     0                     0                     0
      prdsw                     0                     0                     0
       prsw                     0                     0                     0
       prdw                     0                     0                     0
      pprwg                     0                     0                     0
      pprwb                     0                     0                     0
       pprt                     0                     0                     0
      peta0                     0                     0                     0
      petab                     0                     0                     0
      ppclm          -3.08087e-14                     0          -8.40098e-15
   ppdiblc1                     0                     0                     0
   ppdiblc2                     0                     0                     0
   ppdiblcb                     0                     0                     0
    pfprout                     0                     0                     0
     ppdits                     0                     0                     0
    ppditsd                     0                     0                     0
    ppscbe1                     0                     0                     0
    ppscbe2                     0                     0                     0
      ppvag                     0                     0                     0
        pwr                     0                     0                     0
       pdwg                     0                     0                     0
       pdwb                     0                     0                     0
        pb0                     0                     0                     0
        pb1                     0                     0                     0
      pcgsl                     0                     0                     0
      pcgdl                     0                     0                     0
   pckappas                     0                     0                     0
   pckappad                     0                     0                     0
        pcf                     0                     0                     0
       pclc                     0                     0                     0
       pcle                     0                     0                     0
    palpha0           3.14309e-18                     0                     0
    palpha1                     0                     0                     0
     pbeta0          -4.88058e-15                     0           -5.0003e-13
     pagidl                     0                     0                     0
     pbgidl                     0                     0                     0
     pcgidl                     0                     0                     0
     pegidl                     0                     0                     0
      paigc                     0                     0                     0
      pbigc                     0                     0                     0
      pcigc                     0                     0                     0
     paigsd                     0                     0                     0
     pbigsd                     0                     0                     0
     pcigsd                     0                     0                     0
   paigbacc                     0                     0                     0
   pbigbacc                     0                     0                     0
   pcigbacc                     0                     0                     0
   paigbinv                     0                     0                     0
   pbigbinv                     0                     0                     0
   pcigbinv                     0                     0                     0
      pnigc                     0                     0                     0
   pnigbinv                     0                     0                     0
   pnigbacc                     0                     0                     0
      pntox                     0                     0                     0
   peigbinv                     0                     0                     0
     ppigcd                     0                     0                     0
   ppoxedge                     0                     0                     0
     pvfbcv                     0                     0                     0
       pvfb                     0                     0                     0
      pacde                     0                     0                     0
      pmoin                     0                     0                     0
      pnoff                     0                     0                     0
    pvoffcv                     0                     0                     0
    pxrcrg1                     0                     0                     0
    pxrcrg2                     0                     0                     0
    plambda <<NAN, error = 7>> <<NAN, error = 7>> <<NAN, error = 7>>
       pvtl <<NAN, error = 7>> <<NAN, error = 7>> <<NAN, error = 7>>
        pxn <<NAN, error = 7>> <<NAN, error = 7>> <<NAN, error = 7>>
        peu                     0                     0                     0
  pvfbsdoff                     0                     0                     0
 ptvfbsdoff                     0                     0                     0
     ptvoff                     0                     0                     0
      saref               4.4e-07               4.4e-07               4.4e-07
      sbref               4.4e-07               4.4e-07               4.4e-07
       wlod                     0                     0                     0
        ku0                     0                     0                     0
      kvsat                     0                     0                     0
      kvth0                     0                     0                     0
       tku0                     0                     0                     0
    llodku0                     0                     0                     0
    wlodku0                     0                     0                     0
    llodvth                     0                     0                     0
    wlodvth                     0                     0                     0
       lku0                     0                     0                     0
       wku0                     0                     0                     0
       pku0                     0                     0                     0
     lkvth0                     0                     0                     0
     wkvth0                     0                     0                     0
     pkvth0                     0                     0                     0
       stk2                     0                     0                     0
      lodk2                     1                     1                     1
     steta0                     0                     0                     0
    lodeta0                     1                     1                     1
        web                     0                     0                     0
        wec                     0                     0                     0
    kvth0we                     0                     0                     0
       k2we                     0                     0                     0
      ku0we                     0                     0                     0
      scref                 1e-06                 1e-06                 1e-06
     wpemod                     0                     0                     0
   lkvth0we                     0                     0                     0
      lk2we                     0                     0                     0
     lku0we                     0                     0                     0
   wkvth0we                     0                     0                     0
      wk2we                     0                     0                     0
     wku0we                     0                     0                     0
   pkvth0we                     0                     0                     0
      pk2we                     0                     0                     0
     pku0we                     0                     0                     0
       noia               3.2e+41               3.2e+41               3.2e+41
       noib               1.8e+20               1.8e+20               1.2e+20
       noic                 3e+09                 3e+09                 6e+08
      tnoia                   1.5                   1.5                   1.5
      tnoib                   3.5                   3.5                   3.5
      rnoia                 0.577                 0.577                 0.577
      rnoib                0.5164                0.5164                0.5164
      ntnoi                     1                     1                     1
         em               4.1e+07               4.1e+07               4.1e+07
         ef                  1.12                  1.12                  0.95
         af                     1                     1                     1
         kf                     0                     0                     0
    vgs_max                 1e+99                 1e+99                 1e+99
    vgd_max                 1e+99                 1e+99                 1e+99
    vgb_max                 1e+99                 1e+99                 1e+99
    vds_max                 1e+99                 1e+99                 1e+99
    vbs_max                 1e+99                 1e+99                 1e+99
    vbd_max                 1e+99                 1e+99                 1e+99
   vgsr_max                 1e+99                 1e+99                 1e+99
   vgdr_max                 1e+99                 1e+99                 1e+99
   vgbr_max                 1e+99                 1e+99                 1e+99
   vbsr_max                 1e+99                 1e+99                 1e+99
   vbdr_max                 1e+99                 1e+99                 1e+99

 BSIM4v5: Berkeley Short Channel IGFET Model-4
     device            m.xpw_b.m0           m.xpw_b2.m0           m.xpw_c2.m0
      model           pfet_03v3.9          pfet_03v3.13          pfet_03v3.13
          l                 1e-06                 1e-06                 1e-06
          w              3.75e-06               1.5e-05               1.5e-05
          m                     1                     1                     1
         nf                     1                     1                     1
         sa                     0                     0                     0
         sb                     0                     0                     0
         sd                     0                     0                     0
        sca                     0                     0                     0
        scb                     0                     0                     0
        scc                     0                     0                     0
         sc                     0                     0                     0
        min                     0                     0                     0
         ad              1.65e-12               6.6e-12               6.6e-12
         as              1.65e-12               6.6e-12               6.6e-12
         pd              4.63e-06             1.588e-05             1.588e-05
         ps              4.63e-06             1.588e-05             1.588e-05
        nrd                     0                     0                     0
        nrs                     0                     0                     0
        off                     0                     0                     0
       rbdb                    50                    50                    50
       rbsb                    50                    50                    50
       rbpb                    50                    50                    50
       rbps                    50                    50                    50
       rbpd                    50                    50                    50
     delvto                     0                    -0                    -0
      mulu0                     1                     1                     1
        xgw                     0                     0                     0
      ngcon                     1                     1                     1
   trnqsmod                     0                     0                     0
   acnqsmod                     0                     0                     0
   rbodymod                     0                     0                     0
   rgatemod                     0                     0                     0
     geomod                     0                     0                     0
    rgeomod                     0                     0                     0
       gmbs           3.31489e-05           6.06076e-05           6.44475e-05
         gm           6.78737e-05           0.000121312           0.000144777
        gds           3.34008e-07           2.74805e-05           2.43458e-07
      vdsat              0.417325              0.221179               0.21496
        vth              0.971883              0.972995               1.06733
         id                 2e-05           2.00759e-05           2.00759e-05
        ibd          -1.95295e-15          -2.56429e-16          -2.57216e-14
        ibs                     0                     0          -2.56429e-16
        gbd           1.69245e-15           1.34087e-15            2.4273e-14
        gbs           1.07073e-15           1.24259e-15           1.34087e-15
       isub           2.14657e-18           6.14706e-20            2.6354e-08
      igidl                     0                     0           5.69906e-16
      igisl                     0                     0                     0
        igs                     0                     0                     0
        igd                     0                     0                     0
        igb                     0                     0                     0
       igcs                     0                     0                     0
       igcd                     0                     0                     0
        vbs                     0                     0                     0
        vgs                     0                     0                     0
        vds                     0                     0                     0
        cgg           1.19826e-14           5.24618e-14           4.66869e-14
        cgs          -1.02752e-14          -3.72754e-14          -3.90296e-14
        cgd           -1.8697e-18           -9.2869e-15          -1.07204e-19
        cbg          -2.13013e-15           -4.6234e-15          -7.97587e-15
        cbd          -1.40317e-18          -6.90555e-15          -9.61464e-20
        cbs          -4.58659e-15          -1.80283e-14          -1.71989e-14
        cdg          -3.94284e-15          -2.21749e-14          -1.54851e-14
        cdd           2.61629e-18           1.18326e-14           2.26542e-19
        cds           5.94639e-15           2.11613e-14           2.24923e-14
        csg          -5.90966e-15          -2.56634e-14          -2.32259e-14
        csd           6.56579e-19           4.35985e-15           -2.3192e-20
        css           8.91536e-15           3.41424e-14           3.37362e-14
        cgb           -1.7056e-15          -5.89952e-15          -7.65717e-15
        cdb          -2.00617e-15          -1.08189e-14          -7.00746e-15
        csb          -3.00635e-15          -1.28388e-14          -1.05102e-14
        cbb           6.71813e-15           2.95572e-14           2.51749e-14
      capbd           2.46818e-15           1.19457e-14           8.01599e-15
      capbs           3.26931e-15           1.27048e-14           1.19457e-14
         qg            2.1039e-14             7.189e-14             7.627e-14
         qb          -1.42996e-14          -5.44291e-14           -6.0826e-14
         qd          -2.69656e-15           -7.4245e-15          -6.17782e-15
         qs          -4.04291e-15          -1.00364e-14          -9.26614e-15
       qinv           5.49155e-15           1.12334e-14           1.00571e-14
       qdef                     0                     0                     0
       gcrg                     0                     0                     0
       gtau                     0                     0                     0

 BSIM4v5: Berkeley Short Channel IGFET Model-4
     device           m.xpw_b1.m0           m.xpw_c1.m0           m.xpc_b2.m0
      model          pfet_03v3.13          pfet_03v3.13          pfet_03v3.13
          l                 1e-06                 1e-06                 1e-06
          w               1.5e-05               1.5e-05               1.5e-05
          m                     1                     1                     1
         nf                     1                     1                     1
         sa                     0                     0                     0
         sb                     0                     0                     0
         sd                     0                     0                     0
        sca                     0                     0                     0
        scb                     0                     0                     0
        scc                     0                     0                     0
         sc                     0                     0                     0
        min                     0                     0                     0
         ad               6.6e-12               6.6e-12               6.6e-12
         as               6.6e-12               6.6e-12               6.6e-12
         pd             1.588e-05             1.588e-05             1.588e-05
         ps             1.588e-05             1.588e-05             1.588e-05
        nrd                     0                     0                     0
        nrs                     0                     0                     0
        off                     0                     0                     0
       rbdb                    50                    50                    50
       rbsb                    50                    50                    50
       rbpb                    50                    50                    50
       rbps                    50                    50                    50
       rbpd                    50                    50                    50
     delvto                    -0                    -0                     0
      mulu0                     1                     1                     1
        xgw                     0                     0                     0
      ngcon                     1                     1                     1
   trnqsmod                     0                     0                     0
   acnqsmod                     0                     0                     0
   rbodymod                     0                     0                     0
   rgatemod                     0                     0                     0
     geomod                     0                     0                     0
    rgeomod                     0                     0                     0
       gmbs            6.0083e-05           6.35576e-05           7.03636e-05
         gm           0.000120184             0.0001426            0.00014246
        gds           2.88767e-05           4.41294e-07           3.82715e-07
      vdsat              0.221179               0.21773              0.210847
        vth              0.972995               1.06613              0.972992
         id                 2e-05                 2e-05           2.00004e-05
        ibd          -2.52818e-16          -2.19057e-15          -2.15481e-15
        ibs                     0          -2.52818e-16                     0
        gbd           1.33934e-15           2.65054e-15           2.62029e-15
        gbs           1.24259e-15           1.33934e-15           1.24259e-15
       isub           5.89798e-20           1.62818e-18           1.99811e-18
      igidl                     0                     0                     0
      igisl                     0                     0                     0
        igs                     0                     0                     0
        igd                     0                     0                     0
        igb                     0                     0                     0
       igcs                     0                     0                     0
       igcd                     0                     0                     0
        vbs                     0                     0                     0
        vgs                     0                     0                     0
        vds                     0                     0                     0
        cgg           5.25976e-14           4.67292e-14           4.72477e-14
        cgs          -3.71754e-14          -3.90807e-14          -3.91337e-14
        cgd            -9.579e-15          -1.17892e-17          -6.22015e-18
        cbg          -4.52237e-15          -7.96985e-15          -8.45265e-15
        cbd          -7.12276e-15          -8.02595e-18          -4.64566e-18
        cbs          -1.79636e-14          -1.72255e-14          -1.92818e-14
        cdg          -2.23419e-14          -1.55165e-14           -1.5526e-14
        cdd           1.21883e-14           1.57783e-17           8.68773e-18
        cds           2.10488e-14            2.2534e-14           2.33746e-14
        csg          -2.57333e-14          -2.32429e-14           -2.3269e-14
        csd           4.51347e-15           4.03691e-18           2.17808e-18
        css           3.40902e-14           3.37722e-14           3.50409e-14
        cgb           -5.8432e-15          -7.63671e-15          -8.10775e-15
        cdb          -1.08952e-14          -7.03327e-15          -7.85734e-15
        csb          -1.28704e-14          -1.05334e-14           -1.1774e-14
        cbb           2.96088e-14           2.52034e-14           2.77391e-14
      capbd           1.19545e-14           9.83852e-15           9.85608e-15
      capbs           1.27048e-14           1.19545e-14           1.27048e-14
         qg           7.19154e-14           7.63797e-14            7.0489e-14
         qb          -5.44102e-14          -6.07766e-14          -5.48375e-14
         qd          -7.45685e-15          -6.24463e-15          -6.26288e-15
         qs          -1.00484e-14          -9.35847e-15          -9.38862e-15
       qinv           1.12485e-14           1.02183e-14           1.02659e-14
       qdef                     0                     0                     0
       gcrg                     0                     0                     0
       gtau                     0                     0                     0

 BSIM4v5: Berkeley Short Channel IGFET Model-4
     device           m.xpc_c2.m0           m.xpc_b1.m0           m.xpc_c1.m0
      model          pfet_03v3.13          pfet_03v3.13          pfet_03v3.13
          l                 1e-06                 1e-06                 1e-06
          w               1.5e-05               1.5e-05               1.5e-05
          m                     1                     1                     1
         nf                     1                     1                     1
         sa                     0                     0                     0
         sb                     0                     0                     0
         sd                     0                     0                     0
        sca                     0                     0                     0
        scb                     0                     0                     0
        scc                     0                     0                     0
         sc                     0                     0                     0
        min                     0                     0                     0
         ad               6.6e-12               6.6e-12               6.6e-12
         as               6.6e-12               6.6e-12               6.6e-12
         pd             1.588e-05             1.588e-05             1.588e-05
         ps             1.588e-05             1.588e-05             1.588e-05
        nrd                     0                     0                     0
        nrs                     0                     0                     0
        off                     0                     0                     0
       rbdb                    50                    50                    50
       rbsb                    50                    50                    50
       rbpb                    50                    50                    50
       rbps                    50                    50                    50
       rbpd                    50                    50                    50
     delvto                    -0                    -0                     0
      mulu0                     1                     1                     1
        xgw                     0                     0                     0
      ngcon                     1                     1                     1
   trnqsmod                     0                     0                     0
   acnqsmod                     0                     0                     0
   rbodymod                     0                     0                     0
   rgatemod                     0                     0                     0
     geomod                     0                     0                     0
    rgeomod                     0                     0                     0
       gmbs           4.47984e-05           7.03624e-05           4.46398e-05
         gm            0.00014399           0.000142457           0.000143441
        gds           2.28018e-07           3.82964e-07           2.94628e-07
      vdsat              0.239757              0.210847              0.240755
        vth               1.44498              0.972992               1.44469
         id           2.00004e-05                 2e-05                 2e-05
        ibd          -2.57216e-14          -2.15231e-15          -1.30335e-14
        ibs          -2.15481e-15                     0          -2.15231e-15
        gbd            2.4273e-14           2.61818e-15           1.29126e-14
        gbs           2.62029e-15           1.24259e-15           2.61818e-15
       isub           5.44174e-11           1.99621e-18           7.69162e-15
      igidl           8.66356e-34                     0                     0
      igisl                     0                     0                     0
        igs                     0                     0                     0
        igd                     0                     0                     0
        igb                     0                     0                     0
       igcs                     0                     0                     0
       igcd                     0                     0                     0
        vbs                     0                     0                     0
        vgs                     0                     0                     0
        vds                     0                     0                     0
        cgg           4.48921e-14           4.72477e-14           4.49023e-14
        cgs          -3.85866e-14          -3.91337e-14          -3.85988e-14
        cgd          -6.08137e-19          -6.23742e-18          -2.37432e-18
        cbg          -6.38732e-15          -8.45263e-15          -6.38698e-15
        cbd          -3.30016e-19           -4.6585e-18          -1.19352e-18
        cbs          -1.19306e-14          -1.92818e-14          -1.19331e-14
        cdg          -1.54035e-14           -1.5526e-14          -1.54099e-14
        cdd           8.47601e-19            8.7116e-18           2.93922e-18
        cds           2.02086e-14           2.33747e-14           2.02163e-14
        csg          -2.31013e-14          -2.32691e-14          -2.31054e-14
        csd            9.0551e-20           2.18433e-18           6.28624e-19
        css           3.03086e-14           3.50409e-14           3.03156e-14
        cgb          -6.30484e-15          -8.10774e-15          -6.30109e-15
        cdb          -4.80592e-15          -7.85736e-15           -4.8094e-15
        csb          -7.20745e-15           -1.1774e-14          -7.21079e-15
        cbb           1.83182e-14           2.77391e-14           1.83213e-14
      capbd           8.01599e-15           9.85732e-15           8.38783e-15
      capbs           9.85608e-15           1.27048e-14           9.85732e-15
         qg            1.0074e-13            7.0489e-14           1.00778e-13
         qb          -8.53702e-14          -5.48375e-14          -8.53583e-14
         qd          -6.14836e-15          -6.26289e-15          -6.16881e-15
         qs          -9.22125e-15          -9.38862e-15           -9.2504e-15
       qinv           9.98541e-15           1.02659e-14           1.00361e-14
       qdef                     0                     0                     0
       gcrg                     0                     0                     0
       gtau                     0                     0                     0

 BSIM4v5: Berkeley Short Channel IGFET Model-4
     device            m.xps_o.m0            m.xps_d.m0           m.xnw_b2.m0
      model          pfet_03v3.13          pfet_03v3.13           nfet_03v3.9
          l                 1e-06                 1e-06                 1e-06
          w               1.5e-05               1.5e-05                 5e-06
          m                     1                     1                     1
         nf                     1                     1                     1
         sa                     0                     0                     0
         sb                     0                     0                     0
         sd                     0                     0                     0
        sca                     0                     0                     0
        scb                     0                     0                     0
        scc                     0                     0                     0
         sc                     0                     0                     0
        min                     0                     0                     0
         ad               6.6e-12               6.6e-12               2.2e-12
         as               6.6e-12               6.6e-12               2.2e-12
         pd             1.588e-05             1.588e-05              5.88e-06
         ps             1.588e-05             1.588e-05              5.88e-06
        nrd                     0                     0                     0
        nrs                     0                     0                     0
        off                     0                     0                     0
       rbdb                    50                    50                    50
       rbsb                    50                    50                    50
       rbpb                    50                    50                    50
       rbps                    50                    50                    50
       rbpd                    50                    50                    50
     delvto                    -0                     0                     0
      mulu0                     1                     1                     1
        xgw                     0                     0                     0
      ngcon                     1                     1                     1
   trnqsmod                     0                     0                     0
   acnqsmod                     0                     0                     0
   rbodymod                     0                     0                     0
   rgatemod                     0                     0                     0
     geomod                     0                     0                     0
    rgeomod                     0                     0                     0
       gmbs             7.229e-05           7.03624e-05                     0
         gm           0.000146368           0.000142457                     0
        gds           2.92983e-07           3.82964e-07           0.000208633
      vdsat              0.210853              0.210847              0.188304
        vth              0.972983              0.972992              0.866134
         id           2.06197e-05                 2e-05                     0
        ibd          -2.57216e-14          -2.15231e-15                     0
        ibs                     0                     0                     0
        gbd            2.4273e-14           2.61818e-15                 1e-15
        gbs           1.24259e-15           1.24259e-15                 1e-15
       isub           5.80765e-08           1.99621e-18                     0
      igidl           5.60217e-15                     0                     0
      igisl                     0                     0                     0
        igs                     0                     0                     0
        igd                     0                     0                     0
        igb                     0                     0                     0
       igcs                     0                     0                     0
       igcd                     0                     0                     0
        vbs                     0                     0                     0
        vgs                     0                     0                     0
        vds                     0                     0                     0
        cgg            4.7237e-14           4.72477e-14           1.79258e-14
        cgs          -3.91232e-14          -3.91337e-14          -8.72287e-15
        cgd          -8.19015e-20          -6.23742e-18          -8.60613e-15
        cbg          -8.46061e-15          -8.45263e-15          -2.75177e-16
        cbd          -8.13931e-20           -4.6585e-18          -3.59428e-15
        cbs          -1.92729e-14          -1.92818e-14          -3.89835e-15
        cdg          -1.55112e-14           -1.5526e-14          -8.82529e-15
        cdd            1.8776e-19            8.7116e-18           8.13362e-15
        cds           2.33593e-14           2.33747e-14            4.2772e-15
        csg          -2.32653e-14          -2.32691e-14          -8.82529e-15
        csd          -2.44659e-20           2.18433e-18            4.0668e-15
        css           3.50369e-14           3.50409e-14           8.34402e-15
        cgb          -8.11369e-15          -8.10774e-15          -5.96744e-16
        cdb          -7.84836e-15          -7.85736e-15          -3.58553e-15
        csb          -1.17716e-14           -1.1774e-14          -3.58553e-15
        cbb           2.77336e-14           2.77391e-14           7.76781e-15
      capbd           8.01599e-15           9.85732e-15           4.92768e-15
      capbs           1.27048e-14           1.27048e-14           4.92768e-15
         qg           7.04862e-14            7.0489e-14           1.75835e-14
         qb          -5.48396e-14          -5.48375e-14          -1.43004e-14
         qd          -6.25886e-15          -6.26289e-15          -1.64152e-15
         qs          -9.38776e-15          -9.38862e-15          -1.64152e-15
       qinv           1.02633e-14           1.02659e-14           3.79085e-15
       qdef                     0                     0                     0
       gcrg                     0                     0                     0
       gtau                     0                     0                     0

 BSIM4v5: Berkeley Short Channel IGFET Model-4
     device           m.xnw_c2.m0           m.xnw_b1.m0           m.xnw_c1.m0
      model           nfet_03v3.9           nfet_03v3.9           nfet_03v3.9
          l                 1e-06                 1e-06                 1e-06
          w                 5e-06                 5e-06                 5e-06
          m                     1                     1                     1
         nf                     1                     1                     1
         sa                     0                     0                     0
         sb                     0                     0                     0
         sd                     0                     0                     0
        sca                     0                     0                     0
        scb                     0                     0                     0
        scc                     0                     0                     0
         sc                     0                     0                     0
        min                     0                     0                     0
         ad               2.2e-12               2.2e-12               2.2e-12
         as               2.2e-12               2.2e-12               2.2e-12
         pd              5.88e-06              5.88e-06              5.88e-06
         ps              5.88e-06              5.88e-06              5.88e-06
        nrd                     0                     0                     0
        nrs                     0                     0                     0
        off                     0                     0                     0
       rbdb                    50                    50                    50
       rbsb                    50                    50                    50
       rbpb                    50                    50                    50
       rbps                    50                    50                    50
       rbpd                    50                    50                    50
     delvto                     0                     0                    -0
      mulu0                     1                     1                     1
        xgw                     0                     0                     0
      ngcon                     1                     1                     1
   trnqsmod                     0                     0                     0
   acnqsmod                     0                     0                     0
   rbodymod                     0                     0                     0
   rgatemod                     0                     0                     0
     geomod                     0                     0                     0
    rgeomod                     0                     0                     0
       gmbs                     0           6.49267e-05           6.44935e-05
         gm                     0           0.000162701           0.000178673
        gds           0.000466328           1.76712e-05           5.91232e-07
      vdsat              0.373519              0.188304              0.186051
        vth              0.866134              0.866134              0.938912
         id                     0                 2e-05                 2e-05
        ibd                     0          -1.92597e-16          -1.05938e-15
        ibs                     0                     0          -1.92597e-16
        gbd                 1e-15                 1e-15                 1e-15
        gbs                 1e-15                 1e-15                 1e-15
       isub                     0           4.81751e-21           2.26692e-18
      igidl                     0                     0                     0
      igisl                     0                     0                     0
        igs                     0                     0                     0
        igd                     0                     0                     0
        igb                     0                     0                     0
       igcs                     0                     0                     0
       igcd                     0                     0                     0
        vbs                     0                     0                     0
        vgs                     0                     0                     0
        vds                     0                     0                     0
        cgg            1.8966e-14           1.42449e-14           1.36031e-14
        cgs           -9.3754e-15          -1.17313e-14          -1.15257e-14
        cgd          -9.44741e-15          -5.16975e-16          -2.44037e-18
        cbg           -4.6026e-17          -1.81244e-15          -1.88858e-15
        cbd          -3.94564e-15           -2.1591e-16           -9.4226e-19
        cbs          -3.83991e-15          -5.02322e-15          -4.49028e-15
        cdg          -9.45999e-15           -5.2148e-15          -4.68961e-15
        cdd            8.9287e-15           5.55182e-16           2.69141e-18
        cds           4.37548e-15           6.78123e-15           6.41034e-15
        csg          -9.45999e-15          -7.21769e-15          -7.02492e-15
        csd           4.46434e-15           1.77703e-16           6.91221e-19
        css           8.83984e-15           9.97332e-15           9.60563e-15
        cgb          -1.43202e-16          -1.99661e-15          -2.07499e-15
        cdb          -3.84419e-15          -2.12161e-15          -1.72342e-15
        csb          -3.84419e-15          -2.93334e-15           -2.5814e-15
        cbb           7.83158e-15           7.05157e-15            6.3798e-15
      capbd           4.92768e-15           4.61817e-15           3.81441e-15
      capbs           4.92768e-15           4.92768e-15           4.61817e-15
         qg           2.24036e-14           1.68497e-14           1.81254e-14
         qb          -1.43259e-14          -1.46069e-14          -1.60335e-14
         qd          -4.03889e-15           -9.1723e-16          -8.37314e-16
         qs          -4.03889e-15          -1.32563e-15          -1.25464e-15
       qinv           8.86503e-15           2.60369e-15           2.42389e-15
       qdef                     0                     0                     0
       gcrg                     0                     0                     0
       gtau                     0                     0                     0

 BSIM4v5: Berkeley Short Channel IGFET Model-4
     device            m.xnw_b.m0           m.xnc_b2.m0           m.xnc_c2.m0
      model           nfet_03v3.9           nfet_03v3.9           nfet_03v3.9
          l                 1e-06                 1e-06                 1e-06
          w              1.25e-06                 5e-06                 5e-06
          m                     1                     1                     1
         nf                     1                     1                     1
         sa                     0                     0                     0
         sb                     0                     0                     0
         sd                     0                     0                     0
        sca                     0                     0                     0
        scb                     0                     0                     0
        scc                     0                     0                     0
         sc                     0                     0                     0
        min                     0                     0                     0
         ad               5.5e-13               2.2e-12               2.2e-12
         as               5.5e-13               2.2e-12               2.2e-12
         pd              2.13e-06              5.88e-06              5.88e-06
         ps              2.13e-06              5.88e-06              5.88e-06
        nrd                     0                     0                     0
        nrs                     0                     0                     0
        off                     0                     0                     0
       rbdb                    50                    50                    50
       rbsb                    50                    50                    50
       rbpb                    50                    50                    50
       rbps                    50                    50                    50
       rbpd                    50                    50                    50
     delvto                    -0                    -0                    -0
      mulu0                     1                     1                     1
        xgw                     0                     0                     0
      ngcon                     1                     1                     1
   trnqsmod                     0                     0                     0
   acnqsmod                     0                     0                     0
   rbodymod                     0                     0                     0
   rgatemod                     0                     0                     0
     geomod                     0                     0                     0
    rgeomod                     0                     0                     0
       gmbs           3.05902e-05                     0                     0
         gm           7.91401e-05                     0                     0
        gds            4.0973e-07           0.000200886             0.0012411
      vdsat              0.362437              0.182761               1.05605
        vth              0.870351              0.866134              0.866134
         id                 2e-05                     0                     0
        ibd          -1.31795e-15                     0          2.01941e-287
        ibs                     0                     0          2.01941e-287
        gbd                 1e-15                 1e-15                 1e-15
        gbs                 1e-15                 1e-15                 1e-15
       isub           2.41653e-14                     0                     0
      igidl                     0                     0                     0
      igisl                     0                     0                     0
        igs                     0                     0                     0
        igd                     0                     0                     0
        igb                     0                     0                     0
       igcs                     0                     0                     0
       igcd                     0                     0                     0
        vbs                     0                     0                     0
        vgs                     0                     0                     0
        vds                     0                     0                     0
        cgg           3.65382e-15           1.78294e-14           1.92701e-14
        cgs          -3.25547e-15          -8.64141e-15          -9.45568e-15
        cgd          -5.51262e-19          -8.55208e-15          -9.95871e-15
        cbg          -5.19314e-16          -3.05255e-16          -1.88597e-17
        cbd          -2.65382e-19          -3.57171e-15          -4.15918e-15
        cbs          -1.15404e-15          -3.88077e-15           -3.6339e-15
        cdg          -1.25442e-15          -8.76208e-15           -9.6256e-15
        cdd           6.51512e-19           8.08253e-15           9.41193e-15
        cds           1.76439e-15           4.24045e-15            4.1918e-15
        csg          -1.88008e-15          -8.76208e-15           -9.6256e-15
        csd           1.65132e-19           4.04126e-15           4.70596e-15
        css           2.64512e-15           8.28173e-15           8.89778e-15
        cgb          -3.97803e-16          -6.35921e-16           1.44338e-16
        cdb           -5.1062e-16          -3.56091e-15          -3.97814e-15
        csb          -7.65199e-16          -3.56091e-15          -3.97814e-15
        cbb           1.67362e-15           7.75773e-15           7.81194e-15
      capbd            1.0043e-15           4.92768e-15           4.92768e-15
      capbs           1.32816e-15           4.92768e-15           4.92768e-15
         qg           5.09955e-15           1.74479e-14           4.39544e-14
         qb          -3.77475e-15          -1.42982e-14          -1.43581e-14
         qd          -5.30097e-16          -1.57482e-15          -1.47981e-14
         qs          -7.94701e-16          -1.57482e-15          -1.47981e-14
       qinv           1.45462e-15           3.64733e-15           3.10131e-14
       qdef                     0                     0                     0
       gcrg                     0                     0                     0
       gtau                     0                     0                     0

 BSIM4v5: Berkeley Short Channel IGFET Model-4
     device           m.xnc_b1.m0           m.xnc_c1.m0            m.xns_o.m0
      model           nfet_03v3.9           nfet_03v3.9           nfet_03v3.9
          l                 1e-06                 1e-06                 1e-06
          w                 5e-06                 5e-06                 5e-06
          m                     1                     1                     1
         nf                     1                     1                     1
         sa                     0                     0                     0
         sb                     0                     0                     0
         sd                     0                     0                     0
        sca                     0                     0                     0
        scb                     0                     0                     0
        scc                     0                     0                     0
         sc                     0                     0                     0
        min                     0                     0                     0
         ad               2.2e-12               2.2e-12               2.2e-12
         as               2.2e-12               2.2e-12               2.2e-12
         pd              5.88e-06              5.88e-06              5.88e-06
         ps              5.88e-06              5.88e-06              5.88e-06
        nrd                     0                     0                     0
        nrs                     0                     0                     0
        off                     0                     0                     0
       rbdb                    50                    50                    50
       rbsb                    50                    50                    50
       rbpb                    50                    50                    50
       rbps                    50                    50                    50
       rbpd                    50                    50                    50
     delvto                    -0                    -0                     0
      mulu0                     1                     1                     1
        xgw                     0                     0                     0
      ngcon                     1                     1                     1
   trnqsmod                     0                     0                     0
   acnqsmod                     0                     0                     0
   rbodymod                     0                     0                     0
   rgatemod                     0                     0                     0
     geomod                     0                     0                     0
    rgeomod                     0                     0                     0
       gmbs           7.08622e-05           4.85804e-05                     0
         gm           0.000177969            0.00018193                     0
        gds            5.5454e-07           4.33497e-07           0.000200886
      vdsat              0.182763              0.195258              0.182761
        vth              0.866132               1.20127              0.866134
         id                 2e-05                 2e-05                     0
        ibd          -1.05179e-15          -2.43993e-15                     0
        ibs                     0          -1.05179e-15                     0
        gbd                 1e-15                 1e-15                 1e-15
        gbs                 1e-15                 1e-15                 1e-15
       isub           2.28307e-15            2.2224e-12                     0
      igidl                     0                     0                     0
      igisl                     0                     0                     0
        igs                     0                     0                     0
        igd                     0                     0                     0
        igb                     0                     0                     0
       igcs                     0                     0                     0
       igcd                     0                     0                     0
        vbs                     0                     0                     0
        vgs                     0                     0                     0
        vds                     0                     0                     0
        cgg           1.37132e-14           1.31791e-14           1.78294e-14
        cgs          -1.14969e-14          -1.14544e-14          -8.64141e-15
        cgd          -1.26148e-18          -5.41134e-19          -8.55208e-15
        cbg          -2.02437e-15          -1.47233e-15          -3.05255e-16
        cbd           -5.2662e-19          -1.54159e-19          -3.57171e-15
        cbs          -4.94063e-15          -3.42371e-15          -3.88077e-15
        cdg           -4.6779e-15          -4.68399e-15          -8.76208e-15
        cdd           1.42945e-18           5.67471e-19           8.08253e-15
        cds           6.57772e-15           5.95263e-15           4.24045e-15
        csg          -7.01091e-15          -7.02277e-15          -8.76208e-15
        csd           3.58645e-19           1.27822e-19           4.04126e-15
        css           9.85981e-15           8.92551e-15           8.28173e-15
        cgb          -2.21502e-15          -1.72412e-15          -6.35921e-16
        cdb          -1.90125e-15           -1.2692e-15          -3.56091e-15
        csb          -2.84926e-15          -1.90287e-15          -3.56091e-15
        cbb           6.96553e-15           4.89619e-15           7.75773e-15
      capbd            3.8192e-15           3.21498e-15           4.92768e-15
      capbs           4.92768e-15            3.8192e-15           4.92768e-15
         qg           1.67079e-14           2.32556e-14           1.74479e-14
         qb          -1.46072e-14          -2.12291e-14          -1.42982e-14
         qd          -8.40618e-16          -8.10804e-16          -1.57482e-15
         qs          -1.26005e-15          -1.21573e-15          -1.57482e-15
       qinv           2.43264e-15           2.35346e-15           3.64733e-15
       qdef                     0                     0                     0
       gcrg                     0                     0                     0
       gtau                     0                     0                     0

 BSIM4v5: Berkeley Short Channel IGFET Model-4
     device            m.xns_d.m0
      model           nfet_03v3.9
          l                 1e-06
          w                 5e-06
          m                     1
         nf                     1
         sa                     0
         sb                     0
         sd                     0
        sca                     0
        scb                     0
        scc                     0
         sc                     0
        min                     0
         ad               2.2e-12
         as               2.2e-12
         pd              5.88e-06
         ps              5.88e-06
        nrd                     0
        nrs                     0
        off                     0
       rbdb                    50
       rbsb                    50
       rbpb                    50
       rbps                    50
       rbpd                    50
     delvto                     0
      mulu0                     1
        xgw                     0
      ngcon                     1
   trnqsmod                     0
   acnqsmod                     0
   rbodymod                     0
   rgatemod                     0
     geomod                     0
    rgeomod                     0
       gmbs           7.08622e-05
         gm           0.000177969
        gds            5.5454e-07
      vdsat              0.182763
        vth              0.866132
         id                 2e-05
        ibd          -1.05179e-15
        ibs                     0
        gbd                 1e-15
        gbs                 1e-15
       isub           2.28307e-15
      igidl                     0
      igisl                     0
        igs                     0
        igd                     0
        igb                     0
       igcs                     0
       igcd                     0
        vbs                     0
        vgs                     0
        vds                     0
        cgg           1.37132e-14
        cgs          -1.14969e-14
        cgd          -1.26148e-18
        cbg          -2.02437e-15
        cbd           -5.2662e-19
        cbs          -4.94063e-15
        cdg           -4.6779e-15
        cdd           1.42945e-18
        cds           6.57772e-15
        csg          -7.01091e-15
        csd           3.58645e-19
        css           9.85981e-15
        cgb          -2.21502e-15
        cdb          -1.90125e-15
        csb          -2.84926e-15
        cbb           6.96553e-15
      capbd            3.8192e-15
      capbs           4.92768e-15
         qg           1.67079e-14
         qb          -1.46072e-14
         qd          -8.40618e-16
         qs          -1.26005e-15
       qinv           2.43264e-15
       qdef                     0
       gcrg                     0
       gtau                     0

 Isource: Independent current source
     device               iref_pw              ibias_pw               iref_pc
         dc                 2e-05                 2e-05                 2e-05
          m                     1                     1                     1
      acmag                     0                     0                     0
      pulse         -         -         -
        sin         -         -         -
        exp         -         -         -
        pwl         -         -         -
       sffm         -         -         -
         am         -         -         -
    trnoise         -         -         -
   trrandom         -         -         -
          v                     0                     0                     0
          p                    -0                    -0                    -0
    current                 2e-05                 2e-05                 2e-05

 Isource: Independent current source
     device               iref_ps               iref_nw              ibias_nw
         dc                 2e-05                 2e-05                 2e-05
          m                     1                     1                     1
      acmag                     0                     0                     0
      pulse         -         -         -
        sin         -         -         -
        exp         -         -         -
        pwl         -         -         -
       sffm         -         -         -
         am         -         -         -
    trnoise         -         -         -
   trrandom         -         -         -
          v                     0                     0                     0
          p                    -0                    -0                    -0
    current                 2e-05                 2e-05                 2e-05

 Isource: Independent current source
     device               iref_nc               iref_ns
         dc                 2e-05                 2e-05
          m                     1                     1
      acmag                     0                     0
      pulse         -         -
        sin         -         -
        exp         -         -
        pwl         -         -
       sffm         -         -
         am         -         -
    trnoise         -         -
   trrandom         -         -
          v                     0                     0
          p                    -0                    -0
    current                 2e-05                 2e-05

 Vsource: Independent voltage source
     device                vam_pw                vam_pc                vam_ps
         dc                     0                     0                     0
      acmag                     0                     0                     0
      pulse         -         -         -
        sin         -         -         -
        exp         -         -         -
        pwl         -         -         -
       sffm         -         -         -
         am         -         -         -
    trnoise         -         -         -
   trrandom         -         -         -
    portnum                     0                     0                     0
         z0                     0                     0                     0
        pwr                     0                     0                     0
       freq                     0                     0                     0
      phase                     0                     0                     0
          i                     0                     0                     0
          p                     0                     0                     0

 Vsource: Independent voltage source
     device                vam_nw                vam_nc                vam_ns
         dc                     0                     0                     0
      acmag                     0                     0                     0
      pulse         -         -         -
        sin         -         -         -
        exp         -         -         -
        pwl         -         -         -
       sffm         -         -         -
         am         -         -         -
    trnoise         -         -         -
   trrandom         -         -         -
    portnum                     0                     0                     0
         z0                     0                     0                     0
        pwr                     0                     0                     0
       freq                     0                     0                     0
      phase                     0                     0                     0
          i                     0                     0                     0
          p                     0                     0                     0

 Vsource: Independent voltage source
     device                   vsw                   vdd
         dc                     0                  3.63
      acmag                     0                     0
      pulse         -         -
        sin         -         -
        exp         -         -
        pwl         -         -
       sffm         -         -
         am         -         -
    trnoise         -         -
   trrandom         -         -
    portnum                     0                     0
         z0                     0                     0
        pwr                     0                     0
       freq                     0                     0
      phase                     0                     0
          i                     0                     0
          p                     0                     0


Total analysis time (seconds) = 2.487

Total elapsed time (seconds) = 2.898 

Total DRAM available = 15700.230 MB.
DRAM currently available = 6944.777 MB.
Maximum ngspice program size =   35.230 MB.
Current ngspice program size =   19.352 MB.

Shared ngspice pages =   11.484 MB.
Text (code) pages =    6.156 MB.
Stack = 0 bytes.
Library pages =   15.984 MB.


Using SPARSE 1.3 as Direct Linear Solver
Note: Starting dynamic gmin stepping
Note: Dynamic gmin stepping completed
Using SPARSE 1.3 as Direct Linear Solver
Note: Starting dynamic gmin stepping
Note: Dynamic gmin stepping completed
Using SPARSE 1.3 as Direct Linear Solver
