======== band 0, Vctrl 0.9 V (typical_27c_3.30v) ========
* GENERATED by simenv.sh -- do not edit; edit /Users/rwalters/GitHub/gf180-pll/.loom/worktrees/issue-32/sim/vco-tuning-range/testbench/tb_vco_stages.sp instead
* tag=st_typical_T27_V3p30_B0_C0p9 libs=typical,res_typical,moscap_typical temp=27C
.include "/Users/rwalters/.volare/gf180mcuD/libs.tech/ngspice/design.ngspice"
.lib "/Users/rwalters/.volare/gf180mcuD/libs.tech/ngspice/sm141064.ngspice" typical
.lib "/Users/rwalters/.volare/gf180mcuD/libs.tech/ngspice/sm141064.ngspice" res_typical
.lib "/Users/rwalters/.volare/gf180mcuD/libs.tech/ngspice/sm141064.ngspice" moscap_typical
.temp 27
.param sim_temp=27
.param vsup=3.30
.param vctrl=0.9
.param b0=0
.param b1=0
.param b2=0
.param tsettle=1.24444e-06
.param tstop=3.42222e-06
.param tstep=1.66667e-09
.param tmax=1.66667e-09
.include "/Users/rwalters/GitHub/gf180-pll/.loom/worktrees/issue-32/sim/vco-tuning-range/testbench/tb_vco_stages.sp"
.end

======== ngspice output ========

Note: Compatibility modes selected: hs a

Warning: m=xx on .subckt line will override multiplier m hierarchy!


Circuit: * generated by simenv.sh -- do not edit; edit /users/rwalters/github/gf180-pll/.loom/worktrees/issue-32/sim/vco-tuning-range/testbench/tb_vco_stages.sp instead

Doing analysis at TEMP = 27.000000 and TNOM = 27.000000

Using SPARSE 1.3 as Direct Linear Solver

Initial Transient Solution
--------------------------

Node                                   Voltage
----                                   -------
vctl                                       0.9
q0                                           0
q1                                           0
q2                                           0
q3                                           0
nsup3                                      3.3
nsup5                                      3.3
nsup7                                      3.3
n3                                         3.3
n5                                         3.3
n7                                         3.3
c1                                           0
xb3.na                                0.940667
xb3.vbpc                               2.33139
xb3.nc                                0.120618
xb3.xrcg.11                           0.120389
xb3.xrcg.21                        0.000228576
xb3.nsu                              0.0130128
xb3.vfix                               1.75603
xb3.nmd                               0.755526
xb3.vbp0                               2.45559
xb3.noff                              0.765555
xb3.xroff.11                          0.765302
xb3.xroff.21                       0.000253749
xb3.nvi                               0.178394
xb3.xrdeg.11                          0.178335
xb3.xrdeg.21                       5.91299e-05
xb3.b0b                                    3.3
xb3.b1b                                    3.3
xb3.b2b                                    3.3
xb3.vbn1                              0.707838
xb3.ga                                     3.3
xb3.vbp2                               2.47488
xb3.gb                             1.41614e-11
m3                                    0.675107
xb3.gc                                     3.3
p3                                     2.49676
xa1.nh                                 1.16863
c3                                           0
xa1.nt                            -2.85355e-25
xa2.nh                                     3.3
c2                                         3.3
xa2.nt                             4.54273e-08
xa3.nh                                     3.3
xa3.nt                             2.41448e-34
e1                                           0
xb5.na                                0.940667
xb5.vbpc                               2.33139
xb5.nc                                0.120618
xb5.xrcg.11                           0.120389
xb5.xrcg.21                        0.000228576
xb5.nsu                              0.0130128
xb5.vfix                               1.75603
xb5.nmd                               0.755526
xb5.vbp0                               2.45559
xb5.noff                              0.765555
xb5.xroff.11                          0.765302
xb5.xroff.21                       0.000253749
xb5.nvi                               0.178394
xb5.xrdeg.11                          0.178335
xb5.xrdeg.21                       5.91299e-05
xb5.b0b                                    3.3
xb5.b1b                                    3.3
xb5.b2b                                    3.3
xb5.vbn1                              0.707838
xb5.ga                                     3.3
xb5.vbp2                               2.47488
xb5.gb                             1.41614e-11
m5                                    0.675107
xb5.gc                                     3.3
p5                                     2.49676
xe1.nh                                 1.16863
e5                                           0
xe1.nt                             9.35546e-26
xe2.nh                                     3.3
e2                                         3.3
xe2.nt                             4.54273e-08
xe3.nh                                     3.3
e3                                           0
xe3.nt                             2.41448e-34
xe4.nh                                     3.3
e4                                         3.3
xe4.nt                             4.54273e-08
xe5.nh                                     3.3
xe5.nt                             2.41448e-34
g1                                           0
xb7.na                                0.940667
xb7.vbpc                               2.33139
xb7.nc                                0.120618
xb7.xrcg.11                           0.120389
xb7.xrcg.21                        0.000228576
xb7.nsu                              0.0130128
xb7.vfix                               1.75603
xb7.nmd                               0.755526
xb7.vbp0                               2.45559
xb7.noff                              0.765555
xb7.xroff.11                          0.765302
xb7.xroff.21                       0.000253749
xb7.nvi                               0.178394
xb7.xrdeg.11                          0.178335
xb7.xrdeg.21                       5.91299e-05
xb7.b0b                                    3.3
xb7.b1b                                    3.3
xb7.b2b                                    3.3
xb7.vbn1                              0.707838
xb7.ga                                     3.3
xb7.vbp2                               2.47488
xb7.gb                             1.41614e-11
m7                                    0.675107
xb7.gc                                     3.3
p7                                     2.49676
xg1.nh                                 1.16863
g7                                           0
xg1.nt                             8.76851e-26
xg2.nh                                     3.3
g2                                         3.3
xg2.nt                             4.54273e-08
xg3.nh                                     3.3
g3                                           0
xg3.nt                             2.41448e-34
xg4.nh                                     3.3
g4                                         3.3
xg4.nt                             4.54273e-08
xg5.nh                                     3.3
g5                                           0
xg5.nt                             2.41448e-34
xg6.nh                                     3.3
g6                                         3.3
xg6.nt                             4.54273e-08
xg7.nh                                     3.3
xg7.nt                             2.41448e-34
vam7#branch                        3.65414e-05
vam5#branch                        3.65414e-05
vam3#branch                        3.65414e-05
vs7#branch                        -3.65414e-05
vs5#branch                        -3.65414e-05
vs3#branch                        -3.65414e-05
vq3#branch                                   0
vq2#branch                                   0
vq1#branch                                   0
vq#branch                                    0
vc#branch                                    0


No. of Data Rows : 2086

  Measurements for Transient Analysis

t3a                 =   1.24951e-06
t3b                 =   1.80088e-06
f3                  =  7.25476e+06
i3                  =  3.77523e-05 from=  1.24444e-06 to=  3.42222e-06
s3hi                =  3.24622e+00 at=  2.38767e-06
s3lo                =  -3.16805e-03 at=  1.36433e-06
t5a                 =   1.44474e-06
t5b                 =   2.40183e-06
f5                  =  4.17933e+06
i5                  =  3.76623e-05 from=  1.24444e-06 to=  3.42222e-06
s5hi                =  3.31106e+00 at=  2.71600e-06
s5lo                =  -1.27971e-02 at=  1.89767e-06
t7a                 =   1.34896e-06
t7b                 =   2.68856e-06
f7                  =  2.98598e+06
i7                  =  3.76571e-05 from=  1.24444e-06 to=  3.42222e-06
s7hi                =  3.31087e+00 at=  3.14600e-06
s7lo                =  -1.29187e-02 at=  2.99767e-06


Total analysis time (seconds) = 83.1329

Total elapsed time (seconds) = 88.384 

Total DRAM available = 98304.000 MB.
DRAM currently available = 28499.672 MB.
Maximum ngspice program size =   20.156 MB.
Current ngspice program size =   20.156 MB.


======== band 0, Vctrl 2.7 V (typical_27c_3.30v) ========
* GENERATED by simenv.sh -- do not edit; edit /Users/rwalters/GitHub/gf180-pll/.loom/worktrees/issue-32/sim/vco-tuning-range/testbench/tb_vco_stages.sp instead
* tag=st_typical_T27_V3p30_B0_C2p7 libs=typical,res_typical,moscap_typical temp=27C
.include "/Users/rwalters/.volare/gf180mcuD/libs.tech/ngspice/design.ngspice"
.lib "/Users/rwalters/.volare/gf180mcuD/libs.tech/ngspice/sm141064.ngspice" typical
.lib "/Users/rwalters/.volare/gf180mcuD/libs.tech/ngspice/sm141064.ngspice" res_typical
.lib "/Users/rwalters/.volare/gf180mcuD/libs.tech/ngspice/sm141064.ngspice" moscap_typical
.temp 27
.param sim_temp=27
.param vsup=3.30
.param vctrl=2.7
.param b0=0
.param b1=0
.param b2=0
.param tsettle=5.28791e-07
.param tstop=1.45417e-06
.param tstep=7.08202e-10
.param tmax=7.08202e-10
.include "/Users/rwalters/GitHub/gf180-pll/.loom/worktrees/issue-32/sim/vco-tuning-range/testbench/tb_vco_stages.sp"
.end

======== ngspice output ========

Note: Compatibility modes selected: hs a

Warning: m=xx on .subckt line will override multiplier m hierarchy!


Circuit: * generated by simenv.sh -- do not edit; edit /users/rwalters/github/gf180-pll/.loom/worktrees/issue-32/sim/vco-tuning-range/testbench/tb_vco_stages.sp instead

Doing analysis at TEMP = 27.000000 and TNOM = 27.000000

Using SPARSE 1.3 as Direct Linear Solver

Initial Transient Solution
--------------------------

Node                                   Voltage
----                                   -------
vctl                                       2.7
q0                                           0
q1                                           0
q2                                           0
q3                                           0
nsup3                                      3.3
nsup5                                      3.3
nsup7                                      3.3
n3                                         3.3
n5                                         3.3
n7                                         3.3
c1                                           0
xb3.na                                0.940667
xb3.vbpc                               2.33139
xb3.nc                                0.120618
xb3.xrcg.11                           0.120389
xb3.xrcg.21                        0.000228576
xb3.nsu                              0.0130128
xb3.vfix                               1.75603
xb3.nmd                               0.755526
xb3.vbp0                               2.39099
xb3.noff                              0.765449
xb3.xroff.11                          0.765195
xb3.xroff.21                       0.000253714
xb3.nvi                                1.47658
xb3.xrdeg.11                           1.47609
xb3.xrdeg.21                       0.000489423
xb3.b0b                                    3.3
xb3.b1b                                    3.3
xb3.b2b                                    3.3
xb3.vbn1                              0.763783
xb3.ga                                     3.3
xb3.vbp2                               2.41828
xb3.gb                             1.43112e-11
m3                                    0.719863
xb3.gc                                     3.3
p3                                     2.44926
xa1.nh                                  1.2094
c3                                           0
xa1.nt                            -7.89828e-19
xa2.nh                                     3.3
c2                                         3.3
xa2.nt                             2.42117e-08
xa3.nh                                     3.3
xa3.nt                            -2.20633e-32
e1                                           0
xb5.na                                0.940667
xb5.vbpc                               2.33139
xb5.nc                                0.120618
xb5.xrcg.11                           0.120389
xb5.xrcg.21                        0.000228576
xb5.nsu                              0.0130128
xb5.vfix                               1.75603
xb5.nmd                               0.755526
xb5.vbp0                               2.39099
xb5.noff                              0.765449
xb5.xroff.11                          0.765195
xb5.xroff.21                       0.000253714
xb5.nvi                                1.47658
xb5.xrdeg.11                           1.47609
xb5.xrdeg.21                       0.000489423
xb5.b0b                                    3.3
xb5.b1b                                    3.3
xb5.b2b                                    3.3
xb5.vbn1                              0.763783
xb5.ga                                     3.3
xb5.vbp2                               2.41828
xb5.gb                             1.43112e-11
m5                                    0.719863
xb5.gc                                     3.3
p5                                     2.44926
xe1.nh                                  1.2094
e5                                           0
xe1.nt                            -7.89828e-19
xe2.nh                                     3.3
e2                                         3.3
xe2.nt                             2.42117e-08
xe3.nh                                     3.3
e3                                           0
xe3.nt                            -2.20633e-32
xe4.nh                                     3.3
e4                                         3.3
xe4.nt                             2.42117e-08
xe5.nh                                     3.3
xe5.nt                            -2.20633e-32
g1                                           0
xb7.na                                0.940667
xb7.vbpc                               2.33139
xb7.nc                                0.120618
xb7.xrcg.11                           0.120389
xb7.xrcg.21                        0.000228576
xb7.nsu                              0.0130128
xb7.vfix                               1.75603
xb7.nmd                               0.755526
xb7.vbp0                               2.39099
xb7.noff                              0.765449
xb7.xroff.11                          0.765195
xb7.xroff.21                       0.000253714
xb7.nvi                                1.47658
xb7.xrdeg.11                           1.47609
xb7.xrdeg.21                       0.000489423
xb7.b0b                                    3.3
xb7.b1b                                    3.3
xb7.b2b                                    3.3
xb7.vbn1                              0.763783
xb7.ga                                     3.3
xb7.vbp2                               2.41828
xb7.gb                              1.4311e-11
m7                                    0.719863
xb7.gc                                     3.3
p7                                     2.44926
xg1.nh                                  1.2094
g7                                           0
xg1.nt                              2.4477e-18
xg2.nh                                     3.3
g2                                         3.3
xg2.nt                             2.42117e-08
xg3.nh                                     3.3
g3                                           0
xg3.nt                              3.0249e-32
xg4.nh                                     3.3
g4                                         3.3
xg4.nt                             2.42117e-08
xg5.nh                                     3.3
g5                                           0
xg5.nt                              3.0249e-32
xg6.nh                                     3.3
g6                                         3.3
xg6.nt                             2.42117e-08
xg7.nh                                     3.3
xg7.nt                              3.0249e-32
vam7#branch                        6.36979e-05
vam5#branch                        6.36979e-05
vam3#branch                        6.36979e-05
vs7#branch                        -6.36979e-05
vs5#branch                        -6.36979e-05
vs3#branch                        -6.36979e-05
vq3#branch                                   0
vq2#branch                                   0
vq1#branch                                   0
vq#branch                                    0
vc#branch                                    0


No. of Data Rows : 2085

  Measurements for Transient Analysis

t3a                 =   5.44749e-07
t3b                 =   7.84927e-07
f3                  =  1.66543e+07
i3                  =  6.63682e-05 from=  5.28791e-07 to=  1.45417e-06
s3hi                =  3.23875e+00 at=  1.40094e-06
s3lo                =  -3.23384e-03 at=  1.13465e-06
t5a                 =   5.30410e-07
t5b                 =   9.51201e-07
f5                  =  9.50590e+06
i5                  =  6.61710e-05 from=  5.28791e-07 to=  1.45417e-06
s5hi                =  3.31296e+00 at=  1.08933e-06
s5lo                =  -1.53039e-02 at=  6.24041e-07
t7a                 =   5.93719e-07
t7b                 =   1.18308e-06
f7                  =  6.78702e+06
i7                  =  6.61577e-05 from=  5.28791e-07 to=  1.45417e-06
s7hi                =  3.31273e+00 at=  6.47412e-07
s7lo                =  -1.53842e-02 at=  1.17148e-06


Total analysis time (seconds) = 78.778

Total elapsed time (seconds) = 83.748 

Total DRAM available = 98304.000 MB.
DRAM currently available = 28601.156 MB.
Maximum ngspice program size =   20.125 MB.
Current ngspice program size =   20.125 MB.


======== band 1, Vctrl 0.9 V (typical_27c_3.30v) ========
* GENERATED by simenv.sh -- do not edit; edit /Users/rwalters/GitHub/gf180-pll/.loom/worktrees/issue-32/sim/vco-tuning-range/testbench/tb_vco_stages.sp instead
* tag=st_typical_T27_V3p30_B1_C0p9 libs=typical,res_typical,moscap_typical temp=27C
.include "/Users/rwalters/.volare/gf180mcuD/libs.tech/ngspice/design.ngspice"
.lib "/Users/rwalters/.volare/gf180mcuD/libs.tech/ngspice/sm141064.ngspice" typical
.lib "/Users/rwalters/.volare/gf180mcuD/libs.tech/ngspice/sm141064.ngspice" res_typical
.lib "/Users/rwalters/.volare/gf180mcuD/libs.tech/ngspice/sm141064.ngspice" moscap_typical
.temp 27
.param sim_temp=27
.param vsup=3.30
.param vctrl=0.9
.param b0=1
.param b1=0
.param b2=0
.param tsettle=7.54209e-07
.param tstop=2.07407e-06
.param tstep=1.0101e-09
.param tmax=1.0101e-09
.include "/Users/rwalters/GitHub/gf180-pll/.loom/worktrees/issue-32/sim/vco-tuning-range/testbench/tb_vco_stages.sp"
.end

======== ngspice output ========

Note: Compatibility modes selected: hs a

Warning: m=xx on .subckt line will override multiplier m hierarchy!


Circuit: * generated by simenv.sh -- do not edit; edit /users/rwalters/github/gf180-pll/.loom/worktrees/issue-32/sim/vco-tuning-range/testbench/tb_vco_stages.sp instead

Doing analysis at TEMP = 27.000000 and TNOM = 27.000000

Using SPARSE 1.3 as Direct Linear Solver

Initial Transient Solution
--------------------------

Node                                   Voltage
----                                   -------
vctl                                       0.9
q0                                           0
q1                                         3.3
q2                                           0
q3                                           0
nsup3                                      3.3
nsup5                                      3.3
nsup7                                      3.3
n3                                         3.3
n5                                         3.3
n7                                         3.3
c1                                           0
xb3.na                                0.940667
xb3.vbpc                               2.33139
xb3.nc                                0.120618
xb3.xrcg.11                           0.120389
xb3.xrcg.21                        0.000228576
xb3.nsu                              0.0130128
xb3.vfix                               1.75603
xb3.nmd                               0.755526
xb3.vbp0                               2.45559
xb3.noff                              0.765555
xb3.xroff.11                          0.765302
xb3.xroff.21                       0.000253749
xb3.nvi                               0.178394
xb3.xrdeg.11                          0.178335
xb3.xrdeg.21                       5.91299e-05
xb3.b0b                             5.4347e-09
xb3.b1b                                    3.3
xb3.b2b                                    3.3
xb3.vbn1                              0.738845
xb3.ga                                 2.45559
xb3.vbp2                               2.44351
xb3.gb                             1.42444e-11
m3                                    0.700348
xb3.gc                                     3.3
p3                                     2.47012
xa1.nh                                 1.19144
c3                                           0
xa1.nt                              5.2741e-18
xa2.nh                                     3.3
c2                                         3.3
xa2.nt                             3.12631e-08
xa3.nh                                     3.3
xa3.nt                            -2.00435e-46
e1                                           0
xb5.na                                0.940667
xb5.vbpc                               2.33139
xb5.nc                                0.120618
xb5.xrcg.11                           0.120389
xb5.xrcg.21                        0.000228576
xb5.nsu                              0.0130128
xb5.vfix                               1.75603
xb5.nmd                               0.755526
xb5.vbp0                               2.45559
xb5.noff                              0.765555
xb5.xroff.11                          0.765302
xb5.xroff.21                       0.000253749
xb5.nvi                               0.178394
xb5.xrdeg.11                          0.178335
xb5.xrdeg.21                       5.91299e-05
xb5.b0b                             5.4347e-09
xb5.b1b                                    3.3
xb5.b2b                                    3.3
xb5.vbn1                              0.738845
xb5.ga                                 2.45559
xb5.vbp2                               2.44351
xb5.gb                             1.42444e-11
m5                                    0.700348
xb5.gc                                     3.3
p5                                     2.47012
xe1.nh                                 1.19144
e5                                           0
xe1.nt                              5.2741e-18
xe2.nh                                     3.3
e2                                         3.3
xe2.nt                             3.12631e-08
xe3.nh                                     3.3
e3                                           0
xe3.nt                            -2.00979e-46
xe4.nh                                     3.3
e4                                         3.3
xe4.nt                             3.12631e-08
xe5.nh                                     3.3
xe5.nt                            -2.00979e-46
g1                                           0
xb7.na                                0.940667
xb7.vbpc                               2.33139
xb7.nc                                0.120618
xb7.xrcg.11                           0.120389
xb7.xrcg.21                        0.000228576
xb7.nsu                              0.0130128
xb7.vfix                               1.75603
xb7.nmd                               0.755526
xb7.vbp0                               2.45559
xb7.noff                              0.765555
xb7.xroff.11                          0.765302
xb7.xroff.21                       0.000253749
xb7.nvi                               0.178394
xb7.xrdeg.11                          0.178335
xb7.xrdeg.21                       5.91299e-05
xb7.b0b                             5.4347e-09
xb7.b1b                                    3.3
xb7.b2b                                    3.3
xb7.vbn1                              0.738845
xb7.ga                                 2.45559
xb7.vbp2                               2.44351
xb7.gb                             1.42444e-11
m7                                    0.700348
xb7.gc                                     3.3
p7                                     2.47012
xg1.nh                                 1.19144
g7                                           0
xg1.nt                            -1.02922e-17
xg2.nh                                     3.3
g2                                         3.3
xg2.nt                             3.12631e-08
xg3.nh                                     3.3
g3                                           0
xg3.nt                            -4.89679e-46
xg4.nh                                     3.3
g4                                         3.3
xg4.nt                             3.12631e-08
xg5.nh                                     3.3
g5                                           0
xg5.nt                            -4.89679e-46
xg6.nh                                     3.3
g6                                         3.3
xg6.nt                             3.12631e-08
xg7.nh                                     3.3
xg7.nt                            -4.89679e-46
vam7#branch                        4.36069e-05
vam5#branch                        4.36069e-05
vam3#branch                        4.36069e-05
vs7#branch                        -4.36069e-05
vs5#branch                        -4.36069e-05
vs3#branch                        -4.36069e-05
vq3#branch                                   0
vq2#branch                                   0
vq1#branch                                   0
vq#branch                                    0
vc#branch                                    0


No. of Data Rows : 2085

  Measurements for Transient Analysis

t3a                 =   7.71332e-07
t3b                 =   1.11151e-06
f3                  =  1.17586e+07
i3                  =  4.55377e-05 from=  7.54209e-07 to=  2.07407e-06
s3hi                =  3.24249e+00 at=  1.81367e-06
s3lo                =  -3.31111e-03 at=  1.77731e-06
t5a                 =   8.96273e-07
t5b                 =   1.48976e-06
f5                  =  6.73986e+06
i5                  =  4.53795e-05 from=  7.54209e-07 to=  2.07407e-06
s5hi                =  3.31199e+00 at=  1.83286e-06
s5lo                =  -1.42013e-02 at=  1.91872e-06
t7a                 =   8.36986e-07
t7b                 =   1.66804e-06
f7                  =  4.81316e+06
i7                  =  4.53707e-05 from=  7.54209e-07 to=  2.07407e-06
s7hi                =  3.31200e+00 at=  1.12074e-06
s7lo                =  -1.41702e-02 at=  8.20744e-07


Total analysis time (seconds) = 78.213

Total elapsed time (seconds) = 83.586 

Total DRAM available = 98304.000 MB.
DRAM currently available = 28425.344 MB.
Maximum ngspice program size =   20.234 MB.
Current ngspice program size =   20.234 MB.


======== band 1, Vctrl 2.7 V (typical_27c_3.30v) ========
* GENERATED by simenv.sh -- do not edit; edit /Users/rwalters/GitHub/gf180-pll/.loom/worktrees/issue-32/sim/vco-tuning-range/testbench/tb_vco_stages.sp instead
* tag=st_typical_T27_V3p30_B1_C2p7 libs=typical,res_typical,moscap_typical temp=27C
.include "/Users/rwalters/.volare/gf180mcuD/libs.tech/ngspice/design.ngspice"
.lib "/Users/rwalters/.volare/gf180mcuD/libs.tech/ngspice/sm141064.ngspice" typical
.lib "/Users/rwalters/.volare/gf180mcuD/libs.tech/ngspice/sm141064.ngspice" res_typical
.lib "/Users/rwalters/.volare/gf180mcuD/libs.tech/ngspice/sm141064.ngspice" moscap_typical
.temp 27
.param sim_temp=27
.param vsup=3.30
.param vctrl=2.7
.param b0=1
.param b1=0
.param b2=0
.param tsettle=3.20478e-07
.param tstop=8.81314e-07
.param tstep=4.29212e-10
.param tmax=4.29212e-10
.include "/Users/rwalters/GitHub/gf180-pll/.loom/worktrees/issue-32/sim/vco-tuning-range/testbench/tb_vco_stages.sp"
.end

======== ngspice output ========

Note: Compatibility modes selected: hs a

Warning: m=xx on .subckt line will override multiplier m hierarchy!


Circuit: * generated by simenv.sh -- do not edit; edit /users/rwalters/github/gf180-pll/.loom/worktrees/issue-32/sim/vco-tuning-range/testbench/tb_vco_stages.sp instead

Doing analysis at TEMP = 27.000000 and TNOM = 27.000000

Using SPARSE 1.3 as Direct Linear Solver

Initial Transient Solution
--------------------------

Node                                   Voltage
----                                   -------
vctl                                       2.7
q0                                           0
q1                                         3.3
q2                                           0
q3                                           0
nsup3                                      3.3
nsup5                                      3.3
nsup7                                      3.3
n3                                         3.3
n5                                         3.3
n7                                         3.3
c1                                           0
xb3.na                                0.940667
xb3.vbpc                               2.33139
xb3.nc                                0.120618
xb3.xrcg.11                           0.120389
xb3.xrcg.21                        0.000228576
xb3.nsu                              0.0130128
xb3.vfix                               1.75603
xb3.nmd                               0.755526
xb3.vbp0                               2.39099
xb3.noff                              0.765449
xb3.xroff.11                          0.765195
xb3.xroff.21                       0.000253714
xb3.nvi                                1.47658
xb3.xrdeg.11                           1.47609
xb3.xrdeg.21                       0.000489423
xb3.b0b                             5.4347e-09
xb3.b1b                                    3.3
xb3.b2b                                    3.3
xb3.vbn1                              0.803901
xb3.ga                                 2.39099
xb3.vbp2                                2.3776
xb3.gb                             1.44178e-11
m3                                    0.749945
xb3.gc                                     3.3
p3                                     2.41662
xa1.nh                                 1.23767
c3                                           0
xa1.nt                             4.97307e-18
xa2.nh                                     3.3
c2                                         3.3
xa2.nt                             1.71943e-08
xa3.nh                                     3.3
xa3.nt                             5.75783e-19
e1                                           0
xb5.na                                0.940667
xb5.vbpc                               2.33139
xb5.nc                                0.120618
xb5.xrcg.11                           0.120389
xb5.xrcg.21                        0.000228576
xb5.nsu                              0.0130128
xb5.vfix                               1.75603
xb5.nmd                               0.755526
xb5.vbp0                               2.39099
xb5.noff                              0.765449
xb5.xroff.11                          0.765195
xb5.xroff.21                       0.000253714
xb5.nvi                                1.47658
xb5.xrdeg.11                           1.47609
xb5.xrdeg.21                       0.000489423
xb5.b0b                             5.4347e-09
xb5.b1b                                    3.3
xb5.b2b                                    3.3
xb5.vbn1                              0.803901
xb5.ga                                 2.39099
xb5.vbp2                                2.3776
xb5.gb                             1.44178e-11
m5                                    0.749945
xb5.gc                                     3.3
p5                                     2.41662
xe1.nh                                 1.23767
e5                                           0
xe1.nt                            -1.50356e-17
xe2.nh                                     3.3
e2                                         3.3
xe2.nt                             1.71943e-08
xe3.nh                                     3.3
e3                                           0
xe3.nt                            -3.26449e-19
xe4.nh                                     3.3
e4                                         3.3
xe4.nt                             1.71943e-08
xe5.nh                                     3.3
xe5.nt                            -3.26449e-19
g1                                           0
xb7.na                                0.940667
xb7.vbpc                               2.33139
xb7.nc                                0.120618
xb7.xrcg.11                           0.120389
xb7.xrcg.21                        0.000228576
xb7.nsu                              0.0130128
xb7.vfix                               1.75603
xb7.nmd                               0.755526
xb7.vbp0                               2.39099
xb7.noff                              0.765449
xb7.xroff.11                          0.765195
xb7.xroff.21                       0.000253714
xb7.nvi                                1.47658
xb7.xrdeg.11                           1.47609
xb7.xrdeg.21                       0.000489423
xb7.b0b                             5.4347e-09
xb7.b1b                                    3.3
xb7.b2b                                    3.3
xb7.vbn1                              0.803901
xb7.ga                                 2.39099
xb7.vbp2                                2.3776
xb7.gb                             1.44178e-11
m7                                    0.749945
xb7.gc                                     3.3
p7                                     2.41662
xg1.nh                                 1.23767
g7                                           0
xg1.nt                             -5.1559e-19
xg2.nh                                     3.3
g2                                         3.3
xg2.nt                             1.71943e-08
xg3.nh                                     3.3
g3                                           0
xg3.nt                            -3.26449e-19
xg4.nh                                     3.3
g4                                         3.3
xg4.nt                             1.71943e-08
xg5.nh                                     3.3
g5                                           0
xg5.nt                            -3.26449e-19
xg6.nh                                     3.3
g6                                         3.3
xg6.nt                             1.71943e-08
xg7.nh                                     3.3
xg7.nt                            -3.26449e-19
vam7#branch                        7.98981e-05
vam5#branch                        7.98981e-05
vam3#branch                        7.98981e-05
vs7#branch                        -7.98981e-05
vs5#branch                        -7.98981e-05
vs3#branch                        -7.98981e-05
vq3#branch                                   0
vq2#branch                                   0
vq1#branch                                   0
vq#branch                                    0
vc#branch                                    0


No. of Data Rows : 2084

  Measurements for Transient Analysis

t3a                 =   3.32931e-07
t3b                 =   4.79595e-07
f3                  =  2.72733e+07
i3                  =  8.41518e-05 from=  3.20478e-07 to=  8.81314e-07
s3hi                =  3.23157e+00 at=  6.72653e-07
s3lo                =  -2.77377e-03 at=  7.29738e-07
t5a                 =   3.26300e-07
t5b                 =   5.85136e-07
f5                  =  1.54538e+07
i5                  =  8.38554e-05 from=  3.20478e-07 to=  8.81314e-07
s5hi                =  3.31449e+00 at=  7.34889e-07
s5lo                =  -1.73323e-02 at=  3.83793e-07
t7a                 =   3.65372e-07
t7b                 =   7.27977e-07
f7                  =  1.10313e+07
i7                  =  8.38323e-05 from=  3.20478e-07 to=  8.81314e-07
s7hi                =  3.31445e+00 at=  6.70507e-07
s7lo                =  -1.74166e-02 at=  7.20725e-07


Total analysis time (seconds) = 76.6859

Total elapsed time (seconds) = 82.160 

Total DRAM available = 98304.000 MB.
DRAM currently available = 28518.859 MB.
Maximum ngspice program size =   20.125 MB.
Current ngspice program size =   20.125 MB.


======== band 2, Vctrl 0.9 V (typical_27c_3.30v) ========
* GENERATED by simenv.sh -- do not edit; edit /Users/rwalters/GitHub/gf180-pll/.loom/worktrees/issue-32/sim/vco-tuning-range/testbench/tb_vco_stages.sp instead
* tag=st_typical_T27_V3p30_B2_C0p9 libs=typical,res_typical,moscap_typical temp=27C
.include "/Users/rwalters/.volare/gf180mcuD/libs.tech/ngspice/design.ngspice"
.lib "/Users/rwalters/.volare/gf180mcuD/libs.tech/ngspice/sm141064.ngspice" typical
.lib "/Users/rwalters/.volare/gf180mcuD/libs.tech/ngspice/sm141064.ngspice" res_typical
.lib "/Users/rwalters/.volare/gf180mcuD/libs.tech/ngspice/sm141064.ngspice" moscap_typical
.temp 27
.param sim_temp=27
.param vsup=3.30
.param vctrl=0.9
.param b0=0
.param b1=1
.param b2=0
.param tsettle=4.57098e-07
.param tstop=1.25702e-06
.param tstep=6.12185e-10
.param tmax=6.12185e-10
.include "/Users/rwalters/GitHub/gf180-pll/.loom/worktrees/issue-32/sim/vco-tuning-range/testbench/tb_vco_stages.sp"
.end

======== ngspice output ========

Note: Compatibility modes selected: hs a

Warning: m=xx on .subckt line will override multiplier m hierarchy!


Circuit: * generated by simenv.sh -- do not edit; edit /users/rwalters/github/gf180-pll/.loom/worktrees/issue-32/sim/vco-tuning-range/testbench/tb_vco_stages.sp instead

Doing analysis at TEMP = 27.000000 and TNOM = 27.000000

Using SPARSE 1.3 as Direct Linear Solver

Initial Transient Solution
--------------------------

Node                                   Voltage
----                                   -------
vctl                                       0.9
q0                                           0
q1                                           0
q2                                         3.3
q3                                           0
nsup3                                      3.3
nsup5                                      3.3
nsup7                                      3.3
n3                                         3.3
n5                                         3.3
n7                                         3.3
c1                                           0
xb3.na                                0.940667
xb3.vbpc                               2.33139
xb3.nc                                0.120618
xb3.xrcg.11                           0.120389
xb3.xrcg.21                        0.000228576
xb3.nsu                              0.0130128
xb3.vfix                               1.75603
xb3.nmd                               0.755526
xb3.vbp0                               2.45559
xb3.noff                              0.765555
xb3.xroff.11                          0.765302
xb3.xroff.21                       0.000253749
xb3.nvi                               0.178394
xb3.xrdeg.11                          0.178335
xb3.xrdeg.21                       5.91299e-05
xb3.b0b                                    3.3
xb3.b1b                             5.4347e-09
xb3.b2b                                    3.3
xb3.vbn1                              0.707838
xb3.ga                                     3.3
xb3.vbp2                               2.40499
xb3.gb                                0.707838
m3                                    0.729871
xb3.gc                                     3.3
p3                                     2.43847
xa1.nh                                 1.21872
c3                                           0
xa1.nt                            -3.95913e-18
xa2.nh                                     3.3
c2                                         3.3
xa2.nt                              2.1463e-08
xa3.nh                                     3.3
xa3.nt                            -3.01594e-32
e1                                           0
xb5.na                                0.940667
xb5.vbpc                               2.33139
xb5.nc                                0.120618
xb5.xrcg.11                           0.120389
xb5.xrcg.21                        0.000228576
xb5.nsu                              0.0130128
xb5.vfix                               1.75603
xb5.nmd                               0.755526
xb5.vbp0                               2.45559
xb5.noff                              0.765555
xb5.xroff.11                          0.765302
xb5.xroff.21                       0.000253749
xb5.nvi                               0.178394
xb5.xrdeg.11                          0.178335
xb5.xrdeg.21                       5.91299e-05
xb5.b0b                                    3.3
xb5.b1b                             5.4347e-09
xb5.b2b                                    3.3
xb5.vbn1                              0.707838
xb5.ga                                     3.3
xb5.vbp2                               2.40499
xb5.gb                                0.707838
m5                                    0.729871
xb5.gc                                     3.3
p5                                     2.43847
xe1.nh                                 1.21872
e5                                           0
xe1.nt                            -7.76184e-18
xe2.nh                                     3.3
e2                                         3.3
xe2.nt                              2.1463e-08
xe3.nh                                     3.3
e3                                           0
xe3.nt                            -3.01594e-32
xe4.nh                                     3.3
e4                                         3.3
xe4.nt                              2.1463e-08
xe5.nh                                     3.3
xe5.nt                            -3.01594e-32
g1                                           0
xb7.na                                0.940667
xb7.vbpc                               2.33139
xb7.nc                                0.120618
xb7.xrcg.11                           0.120389
xb7.xrcg.21                        0.000228576
xb7.nsu                              0.0130128
xb7.vfix                               1.75603
xb7.nmd                               0.755526
xb7.vbp0                               2.45559
xb7.noff                              0.765555
xb7.xroff.11                          0.765302
xb7.xroff.21                       0.000253749
xb7.nvi                               0.178394
xb7.xrdeg.11                          0.178335
xb7.xrdeg.21                       5.91299e-05
xb7.b0b                                    3.3
xb7.b1b                             5.4347e-09
xb7.b2b                                    3.3
xb7.vbn1                              0.707838
xb7.ga                                     3.3
xb7.vbp2                               2.40499
xb7.gb                                0.707838
m7                                    0.729871
xb7.gc                                     3.3
p7                                     2.43847
xg1.nh                                 1.21872
g7                                           0
xg1.nt                            -7.65189e-18
xg2.nh                                     3.3
g2                                         3.3
xg2.nt                              2.1463e-08
xg3.nh                                     3.3
g3                                           0
xg3.nt                            -3.01594e-32
xg4.nh                                     3.3
g4                                         3.3
xg4.nt                              2.1463e-08
xg5.nh                                     3.3
g5                                           0
xg5.nt                            -3.01594e-32
xg6.nh                                     3.3
g6                                         3.3
xg6.nt                              2.1463e-08
xg7.nh                                     3.3
xg7.nt                            -3.01594e-32
vam7#branch                        4.84718e-05
vam5#branch                        4.84718e-05
vam3#branch                        4.84718e-05
vs7#branch                        -4.84718e-05
vs5#branch                        -4.84718e-05
vs3#branch                        -4.84718e-05
vq3#branch                                   0
vq2#branch                                   0
vq1#branch                                   0
vq#branch                                    0
vc#branch                                    0


No. of Data Rows : 2084

  Measurements for Transient Analysis

t3a                 =   4.59791e-07
t3b                 =   6.62431e-07
f3                  =  1.97394e+07
i3                  =  5.16200e-05 from=  4.57098e-07 to=  1.25702e-06
s3hi                =  3.23674e+00 at=  1.13162e-06
s3lo                =  -2.89890e-03 at=  6.53499e-07
t5a                 =   5.37607e-07
t5b                 =   8.93464e-07
f5                  =  1.12405e+07
i5                  =  5.13829e-05 from=  4.57098e-07 to=  1.25702e-06
s5hi                =  3.31346e+00 at=  5.65345e-07
s5lo                =  -1.59672e-02 at=  8.83681e-07
t7a                 =   5.02226e-07
t7b                 =   1.00069e-06
f7                  =  8.02470e+06
i7                  =  5.13699e-05 from=  4.57098e-07 to=  1.25702e-06
s7hi                =  3.31343e+00 at=  6.72477e-07
s7lo                =  -1.60047e-02 at=  9.90813e-07


Total analysis time (seconds) = 78.2113

Total elapsed time (seconds) = 83.161 

Total DRAM available = 98304.000 MB.
DRAM currently available = 28601.156 MB.
Maximum ngspice program size =   20.188 MB.
Current ngspice program size =   20.188 MB.


======== band 2, Vctrl 2.7 V (typical_27c_3.30v) ========
* GENERATED by simenv.sh -- do not edit; edit /Users/rwalters/GitHub/gf180-pll/.loom/worktrees/issue-32/sim/vco-tuning-range/testbench/tb_vco_stages.sp instead
* tag=st_typical_T27_V3p30_B2_C2p7 libs=typical,res_typical,moscap_typical temp=27C
.include "/Users/rwalters/.volare/gf180mcuD/libs.tech/ngspice/design.ngspice"
.lib "/Users/rwalters/.volare/gf180mcuD/libs.tech/ngspice/sm141064.ngspice" typical
.lib "/Users/rwalters/.volare/gf180mcuD/libs.tech/ngspice/sm141064.ngspice" res_typical
.lib "/Users/rwalters/.volare/gf180mcuD/libs.tech/ngspice/sm141064.ngspice" moscap_typical
.temp 27
.param sim_temp=27
.param vsup=3.30
.param vctrl=2.7
.param b0=0
.param b1=1
.param b2=0
.param tsettle=1.94229e-07
.param tstop=5.34131e-07
.param tstep=2.60129e-10
.param tmax=2.60129e-10
.include "/Users/rwalters/GitHub/gf180-pll/.loom/worktrees/issue-32/sim/vco-tuning-range/testbench/tb_vco_stages.sp"
.end

======== ngspice output ========

Note: Compatibility modes selected: hs a

Warning: m=xx on .subckt line will override multiplier m hierarchy!


Circuit: * generated by simenv.sh -- do not edit; edit /users/rwalters/github/gf180-pll/.loom/worktrees/issue-32/sim/vco-tuning-range/testbench/tb_vco_stages.sp instead

Doing analysis at TEMP = 27.000000 and TNOM = 27.000000

Using SPARSE 1.3 as Direct Linear Solver

Initial Transient Solution
--------------------------

Node                                   Voltage
----                                   -------
vctl                                       2.7
q0                                           0
q1                                           0
q2                                         3.3
q3                                           0
nsup3                                      3.3
nsup5                                      3.3
nsup7                                      3.3
n3                                         3.3
n5                                         3.3
n7                                         3.3
c1                                           0
xb3.na                                0.940667
xb3.vbpc                               2.33139
xb3.nc                                0.120618
xb3.xrcg.11                           0.120389
xb3.xrcg.21                        0.000228576
xb3.nsu                              0.0130128
xb3.vfix                               1.75603
xb3.nmd                               0.755526
xb3.vbp0                               2.39099
xb3.noff                              0.765449
xb3.xroff.11                          0.765195
xb3.xroff.21                       0.000253714
xb3.nvi                                1.47658
xb3.xrdeg.11                           1.47609
xb3.xrdeg.21                       0.000489423
xb3.b0b                                    3.3
xb3.b1b                             5.4347e-09
xb3.b2b                                    3.3
xb3.vbn1                              0.763783
xb3.ga                                     3.3
xb3.vbp2                               2.32524
xb3.gb                                0.763783
m3                                    0.786538
xb3.gc                                     3.3
p3                                     2.37604
xa1.nh                                 1.27305
c3                                           0
xa1.nt                             -3.4106e-19
xa2.nh                                     3.3
c2                                         3.3
xa2.nt                             1.21907e-08
xa3.nh                                     3.3
xa3.nt                            -6.99466e-19
e1                                           0
xb5.na                                0.940667
xb5.vbpc                               2.33139
xb5.nc                                0.120618
xb5.xrcg.11                           0.120389
xb5.xrcg.21                        0.000228576
xb5.nsu                              0.0130128
xb5.vfix                               1.75603
xb5.nmd                               0.755526
xb5.vbp0                               2.39099
xb5.noff                              0.765449
xb5.xroff.11                          0.765195
xb5.xroff.21                       0.000253714
xb5.nvi                                1.47658
xb5.xrdeg.11                           1.47609
xb5.xrdeg.21                       0.000489423
xb5.b0b                                    3.3
xb5.b1b                             5.4347e-09
xb5.b2b                                    3.3
xb5.vbn1                              0.763783
xb5.ga                                     3.3
xb5.vbp2                               2.32524
xb5.gb                                0.763783
m5                                    0.786538
xb5.gc                                     3.3
p5                                     2.37604
xe1.nh                                 1.27305
e5                                           0
xe1.nt                            -9.10872e-18
xe2.nh                                     3.3
e2                                         3.3
xe2.nt                             1.21907e-08
xe3.nh                                     3.3
e3                                           0
xe3.nt                            -6.99466e-19
xe4.nh                                     3.3
e4                                         3.3
xe4.nt                             1.21907e-08
xe5.nh                                     3.3
xe5.nt                            -6.99466e-19
g1                                           0
xb7.na                                0.940667
xb7.vbpc                               2.33139
xb7.nc                                0.120618
xb7.xrcg.11                           0.120389
xb7.xrcg.21                        0.000228576
xb7.nsu                              0.0130128
xb7.vfix                               1.75603
xb7.nmd                               0.755526
xb7.vbp0                               2.39099
xb7.noff                              0.765449
xb7.xroff.11                          0.765195
xb7.xroff.21                       0.000253714
xb7.nvi                                1.47658
xb7.xrdeg.11                           1.47609
xb7.xrdeg.21                       0.000489423
xb7.b0b                                    3.3
xb7.b1b                             5.4347e-09
xb7.b2b                                    3.3
xb7.vbn1                              0.763783
xb7.ga                                     3.3
xb7.vbp2                               2.32524
xb7.gb                                0.763783
m7                                    0.786538
xb7.gc                                     3.3
p7                                     2.37604
xg1.nh                                 1.27305
g7                                           0
xg1.nt                             3.83557e-18
xg2.nh                                     3.3
g2                                         3.3
xg2.nt                             1.21907e-08
xg3.nh                                     3.3
g3                                           0
xg3.nt                             1.74838e-18
xg4.nh                                     3.3
g4                                         3.3
xg4.nt                             1.21907e-08
xg5.nh                                     3.3
g5                                           0
xg5.nt                             1.74838e-18
xg6.nh                                     3.3
g6                                         3.3
xg6.nt                             1.21907e-08
xg7.nh                                     3.3
xg7.nt                             1.74838e-18
vam7#branch                        9.05413e-05
vam5#branch                        9.05413e-05
vam3#branch                        9.05413e-05
vs7#branch                        -9.05413e-05
vs5#branch                        -9.05413e-05
vs3#branch                        -9.05413e-05
vq3#branch                                   0
vq2#branch                                   0
vq1#branch                                   0
vq#branch                                    0
vc#branch                                    0


No. of Data Rows : 2083

  Measurements for Transient Analysis

t3a                 =   1.95784e-07
t3b                 =   2.81970e-07
f3                  =  4.64113e+07
i3                  =  9.75432e-05 from=  1.94229e-07 to=  5.34131e-07
s3hi                =  3.21586e+00 at=  2.66169e-07
s3lo                =  -1.44774e-03 at=  2.13363e-07
t5a                 =   2.31924e-07
t5b                 =   3.85396e-07
f5                  =  2.60633e+07
i5                  =  9.69874e-05 from=  1.94229e-07 to=  5.34131e-07
s5hi                =  3.31670e+00 at=  2.44058e-07
s5lo                =  -1.99245e-02 at=  4.96123e-07
t7a                 =   2.16789e-07
t7b                 =   4.31858e-07
f7                  =  1.85987e+07
i7                  =  9.69606e-05 from=  1.94229e-07 to=  5.34131e-07
s7hi                =  3.31677e+00 at=  4.51641e-07
s7lo                =  -2.00467e-02 at=  2.66169e-07


Total analysis time (seconds) = 74.1313

Total elapsed time (seconds) = 79.417 

Total DRAM available = 98304.000 MB.
DRAM currently available = 28614.422 MB.
Maximum ngspice program size =   20.203 MB.
Current ngspice program size =   20.203 MB.


======== band 3, Vctrl 0.9 V (typical_27c_3.30v) ========
* GENERATED by simenv.sh -- do not edit; edit /Users/rwalters/GitHub/gf180-pll/.loom/worktrees/issue-32/sim/vco-tuning-range/testbench/tb_vco_stages.sp instead
* tag=st_typical_T27_V3p30_B3_C0p9 libs=typical,res_typical,moscap_typical temp=27C
.include "/Users/rwalters/.volare/gf180mcuD/libs.tech/ngspice/design.ngspice"
.lib "/Users/rwalters/.volare/gf180mcuD/libs.tech/ngspice/sm141064.ngspice" typical
.lib "/Users/rwalters/.volare/gf180mcuD/libs.tech/ngspice/sm141064.ngspice" res_typical
.lib "/Users/rwalters/.volare/gf180mcuD/libs.tech/ngspice/sm141064.ngspice" moscap_typical
.temp 27
.param sim_temp=27
.param vsup=3.30
.param vctrl=0.9
.param b0=1
.param b1=1
.param b2=0
.param tsettle=2.77027e-07
.param tstop=7.61826e-07
.param tstep=3.71019e-10
.param tmax=3.71019e-10
.include "/Users/rwalters/GitHub/gf180-pll/.loom/worktrees/issue-32/sim/vco-tuning-range/testbench/tb_vco_stages.sp"
.end

======== ngspice output ========

Note: Compatibility modes selected: hs a

Warning: m=xx on .subckt line will override multiplier m hierarchy!


Circuit: * generated by simenv.sh -- do not edit; edit /users/rwalters/github/gf180-pll/.loom/worktrees/issue-32/sim/vco-tuning-range/testbench/tb_vco_stages.sp instead

Doing analysis at TEMP = 27.000000 and TNOM = 27.000000

Using SPARSE 1.3 as Direct Linear Solver

Initial Transient Solution
--------------------------

Node                                   Voltage
----                                   -------
vctl                                       0.9
q0                                           0
q1                                         3.3
q2                                         3.3
q3                                           0
nsup3                                      3.3
nsup5                                      3.3
nsup7                                      3.3
n3                                         3.3
n5                                         3.3
n7                                         3.3
c1                                           0
xb3.na                                0.940667
xb3.vbpc                               2.33139
xb3.nc                                0.120618
xb3.xrcg.11                           0.120389
xb3.xrcg.21                        0.000228576
xb3.nsu                              0.0130128
xb3.vfix                               1.75603
xb3.nmd                               0.755526
xb3.vbp0                               2.45559
xb3.noff                              0.765555
xb3.xroff.11                          0.765302
xb3.xroff.21                       0.000253749
xb3.nvi                               0.178394
xb3.xrdeg.11                          0.178335
xb3.xrdeg.21                       5.91299e-05
xb3.b0b                             5.4347e-09
xb3.b1b                             5.4347e-09
xb3.b2b                                    3.3
xb3.vbn1                              0.738845
xb3.ga                                 2.45559
xb3.vbp2                               2.36181
xb3.gb                                0.738845
m3                                    0.761212
xb3.gc                                     3.3
p3                                     2.40423
xa1.nh                                 1.24845
c3                                           0
xa1.nt                              4.3122e-18
xa2.nh                                     3.3
c2                                         3.3
xa2.nt                              1.5347e-08
xa3.nh                                     3.3
xa3.nt                             3.55045e-19
e1                                           0
xb5.na                                0.940667
xb5.vbpc                               2.33139
xb5.nc                                0.120618
xb5.xrcg.11                           0.120389
xb5.xrcg.21                        0.000228576
xb5.nsu                              0.0130128
xb5.vfix                               1.75603
xb5.nmd                               0.755526
xb5.vbp0                               2.45559
xb5.noff                              0.765555
xb5.xroff.11                          0.765302
xb5.xroff.21                       0.000253749
xb5.nvi                               0.178394
xb5.xrdeg.11                          0.178335
xb5.xrdeg.21                       5.91299e-05
xb5.b0b                             5.4347e-09
xb5.b1b                             5.4347e-09
xb5.b2b                                    3.3
xb5.vbn1                              0.738845
xb5.ga                                 2.45559
xb5.vbp2                               2.36181
xb5.gb                                0.738845
m5                                    0.761212
xb5.gc                                     3.3
p5                                     2.40423
xe1.nh                                 1.24845
e5                                           0
xe1.nt                              4.3122e-18
xe2.nh                                     3.3
e2                                         3.3
xe2.nt                              1.5347e-08
xe3.nh                                     3.3
e3                                           0
xe3.nt                             3.55045e-19
xe4.nh                                     3.3
e4                                         3.3
xe4.nt                              1.5347e-08
xe5.nh                                     3.3
xe5.nt                             3.55045e-19
g1                                           0
xb7.na                                0.940667
xb7.vbpc                               2.33139
xb7.nc                                0.120618
xb7.xrcg.11                           0.120389
xb7.xrcg.21                        0.000228576
xb7.nsu                              0.0130128
xb7.vfix                               1.75603
xb7.nmd                               0.755526
xb7.vbp0                               2.45559
xb7.noff                              0.765555
xb7.xroff.11                          0.765302
xb7.xroff.21                       0.000253749
xb7.nvi                               0.178394
xb7.xrdeg.11                          0.178335
xb7.xrdeg.21                       5.91299e-05
xb7.b0b                             5.4347e-09
xb7.b1b                             5.4347e-09
xb7.b2b                                    3.3
xb7.vbn1                              0.738845
xb7.ga                                 2.45559
xb7.vbp2                               2.36181
xb7.gb                                0.738845
m7                                    0.761212
xb7.gc                                     3.3
p7                                     2.40423
xg1.nh                                 1.24845
g7                                           0
xg1.nt                              4.3122e-18
xg2.nh                                     3.3
g2                                         3.3
xg2.nt                              1.5347e-08
xg3.nh                                     3.3
g3                                           0
xg3.nt                             3.55045e-19
xg4.nh                                     3.3
g4                                         3.3
xg4.nt                              1.5347e-08
xg5.nh                                     3.3
g5                                           0
xg5.nt                             3.55045e-19
xg6.nh                                     3.3
g6                                         3.3
xg6.nt                              1.5347e-08
xg7.nh                                     3.3
xg7.nt                             3.55045e-19
vam7#branch                        6.27322e-05
vam5#branch                        6.27322e-05
vam3#branch                        6.27322e-05
vs7#branch                        -6.27322e-05
vs5#branch                        -6.27322e-05
vs3#branch                        -6.27322e-05
vq3#branch                                   0
vq2#branch                                   0
vq1#branch                                   0
vq#branch                                    0
vc#branch                                    0


No. of Data Rows : 2083

  Measurements for Transient Analysis

t3a                 =   2.80556e-07
t3b                 =   4.04129e-07
f3                  =  3.23695e+07
i3                  =  6.77356e-05 from=  2.77027e-07 to=  7.61826e-07
s3hi                =  3.22745e+00 at=  3.19641e-07
s3lo                =  -2.31322e-03 at=  5.53012e-07
t5a                 =   3.30361e-07
t5b                 =   5.49026e-07
f5                  =  1.82928e+07
i5                  =  6.73401e-05 from=  2.77027e-07 to=  7.61826e-07
s5hi                =  3.31514e+00 at=  6.20909e-07
s5lo                =  -1.81122e-02 at=  4.33544e-07
t7a                 =   3.08749e-07
t7b                 =   6.15096e-07
f7                  =  1.30571e+07
i7                  =  6.73209e-05 from=  2.77027e-07 to=  7.61826e-07
s7hi                =  3.31516e+00 at=  6.43170e-07
s7lo                =  -1.82098e-02 at=  3.02575e-07


Total analysis time (seconds) = 75.2393

Total elapsed time (seconds) = 80.295 

Total DRAM available = 98304.000 MB.
DRAM currently available = 28617.812 MB.
Maximum ngspice program size =   20.203 MB.
Current ngspice program size =   20.203 MB.


======== band 3, Vctrl 2.7 V (typical_27c_3.30v) ========
* GENERATED by simenv.sh -- do not edit; edit /Users/rwalters/GitHub/gf180-pll/.loom/worktrees/issue-32/sim/vco-tuning-range/testbench/tb_vco_stages.sp instead
* tag=st_typical_T27_V3p30_B3_C2p7 libs=typical,res_typical,moscap_typical temp=27C
.include "/Users/rwalters/.volare/gf180mcuD/libs.tech/ngspice/design.ngspice"
.lib "/Users/rwalters/.volare/gf180mcuD/libs.tech/ngspice/sm141064.ngspice" typical
.lib "/Users/rwalters/.volare/gf180mcuD/libs.tech/ngspice/sm141064.ngspice" res_typical
.lib "/Users/rwalters/.volare/gf180mcuD/libs.tech/ngspice/sm141064.ngspice" moscap_typical
.temp 27
.param sim_temp=27
.param vsup=3.30
.param vctrl=2.7
.param b0=1
.param b1=1
.param b2=0
.param tsettle=1.17715e-07
.param tstop=3.23716e-07
.param tstep=1.57654e-10
.param tmax=1.57654e-10
.include "/Users/rwalters/GitHub/gf180-pll/.loom/worktrees/issue-32/sim/vco-tuning-range/testbench/tb_vco_stages.sp"
.end

======== ngspice output ========

Note: Compatibility modes selected: hs a

Warning: m=xx on .subckt line will override multiplier m hierarchy!


Circuit: * generated by simenv.sh -- do not edit; edit /users/rwalters/github/gf180-pll/.loom/worktrees/issue-32/sim/vco-tuning-range/testbench/tb_vco_stages.sp instead

Doing analysis at TEMP = 27.000000 and TNOM = 27.000000

Using SPARSE 1.3 as Direct Linear Solver

Initial Transient Solution
--------------------------

Node                                   Voltage
----                                   -------
vctl                                       2.7
q0                                           0
q1                                         3.3
q2                                         3.3
q3                                           0
nsup3                                      3.3
nsup5                                      3.3
nsup7                                      3.3
n3                                         3.3
n5                                         3.3
n7                                         3.3
c1                                           0
xb3.na                                0.940667
xb3.vbpc                               2.33139
xb3.nc                                0.120618
xb3.xrcg.11                           0.120389
xb3.xrcg.21                        0.000228576
xb3.nsu                              0.0130128
xb3.vfix                               1.75603
xb3.nmd                               0.755526
xb3.vbp0                               2.39099
xb3.noff                              0.765449
xb3.xroff.11                          0.765195
xb3.xroff.21                       0.000253714
xb3.nvi                                1.47658
xb3.xrdeg.11                           1.47609
xb3.xrdeg.21                       0.000489423
xb3.b0b                             5.4347e-09
xb3.b1b                             5.4347e-09
xb3.b2b                                    3.3
xb3.vbn1                              0.803901
xb3.ga                                 2.39099
xb3.vbp2                                2.2633
xb3.gb                                0.803901
m3                                    0.827491
xb3.gc                                     3.3
p3                                     2.32953
xa1.nh                                 1.31386
c3                                           0
xa1.nt                            -2.63288e-26
xa2.nh                                     3.3
c2                                         3.3
xa2.nt                             8.93911e-09
xa3.nh                                     3.3
xa3.nt                            -9.05338e-46
e1                                           0
xb5.na                                0.940667
xb5.vbpc                               2.33139
xb5.nc                                0.120618
xb5.xrcg.11                           0.120389
xb5.xrcg.21                        0.000228576
xb5.nsu                              0.0130128
xb5.vfix                               1.75603
xb5.nmd                               0.755526
xb5.vbp0                               2.39099
xb5.noff                              0.765449
xb5.xroff.11                          0.765195
xb5.xroff.21                       0.000253714
xb5.nvi                                1.47658
xb5.xrdeg.11                           1.47609
xb5.xrdeg.21                       0.000489423
xb5.b0b                             5.4347e-09
xb5.b1b                             5.4347e-09
xb5.b2b                                    3.3
xb5.vbn1                              0.803901
xb5.ga                                 2.39099
xb5.vbp2                                2.2633
xb5.gb                                0.803901
m5                                    0.827491
xb5.gc                                     3.3
p5                                     2.32953
xe1.nh                                 1.31386
e5                                           0
xe1.nt                             2.69428e-26
xe2.nh                                     3.3
e2                                         3.3
xe2.nt                             8.93911e-09
xe3.nh                                     3.3
e3                                           0
xe3.nt                            -9.05335e-46
xe4.nh                                     3.3
e4                                         3.3
xe4.nt                             8.93911e-09
xe5.nh                                     3.3
xe5.nt                            -9.05335e-46
g1                                           0
xb7.na                                0.940667
xb7.vbpc                               2.33139
xb7.nc                                0.120618
xb7.xrcg.11                           0.120389
xb7.xrcg.21                        0.000228576
xb7.nsu                              0.0130128
xb7.vfix                               1.75603
xb7.nmd                               0.755526
xb7.vbp0                               2.39099
xb7.noff                              0.765449
xb7.xroff.11                          0.765195
xb7.xroff.21                       0.000253714
xb7.nvi                                1.47658
xb7.xrdeg.11                           1.47609
xb7.xrdeg.21                       0.000489423
xb7.b0b                             5.4347e-09
xb7.b1b                             5.4347e-09
xb7.b2b                                    3.3
xb7.vbn1                              0.803901
xb7.ga                                 2.39099
xb7.vbp2                                2.2633
xb7.gb                                0.803901
m7                                    0.827491
xb7.gc                                     3.3
p7                                     2.32953
xg1.nh                                 1.31386
g7                                           0
xg1.nt                            -5.78012e-26
xg2.nh                                     3.3
g2                                         3.3
xg2.nt                             8.93911e-09
xg3.nh                                     3.3
g3                                           0
xg3.nt                             4.61163e-46
xg4.nh                                     3.3
g4                                         3.3
xg4.nt                             8.93911e-09
xg5.nh                                     3.3
g5                                           0
xg5.nt                             4.61163e-46
xg6.nh                                     3.3
g6                                         3.3
xg6.nt                             8.93911e-09
xg7.nh                                     3.3
xg7.nt                             4.61163e-46
vam7#branch                        0.000123121
vam5#branch                        0.000123121
vam3#branch                        0.000123121
vs7#branch                        -0.000123121
vs5#branch                        -0.000123121
vs3#branch                        -0.000123121
vq3#branch                                   0
vq2#branch                                   0
vq1#branch                                   0
vq#branch                                    0
vc#branch                                    0


No. of Data Rows : 2081

  Measurements for Transient Analysis

t3a                 =   1.29732e-07
t3b                 =   1.81144e-07
f3                  =  7.78022e+07
i3                  =  1.34283e-04 from=  1.17715e-07 to=  3.23716e-07
s3hi                =  3.19002e+00 at=  1.71768e-07
s3lo                =  1.68765e-03 at=  1.78705e-07
t5a                 =   1.39935e-07
t5b                 =   2.32516e-07
f5                  =  4.32052e+07
i5                  =  1.33416e-04 from=  1.17715e-07 to=  3.23716e-07
s5hi                =  3.31958e+00 at=  1.48120e-07
s5lo                =  -2.28073e-02 at=  1.37242e-07
t7a                 =   1.30863e-07
t7b                 =   2.60642e-07
f7                  =  3.08217e+07
i7                  =  1.33350e-04 from=  1.17715e-07 to=  3.23716e-07
s7hi                =  3.31978e+00 at=  2.40190e-07
s7lo                =  -2.30717e-02 at=  1.93052e-07


Total analysis time (seconds) = 69.9076

Total elapsed time (seconds) = 74.741 

Total DRAM available = 98304.000 MB.
DRAM currently available = 28640.578 MB.
Maximum ngspice program size =   20.172 MB.
Current ngspice program size =   20.172 MB.


======== band 4, Vctrl 0.9 V (typical_27c_3.30v) ========
* GENERATED by simenv.sh -- do not edit; edit /Users/rwalters/GitHub/gf180-pll/.loom/worktrees/issue-32/sim/vco-tuning-range/testbench/tb_vco_stages.sp instead
* tag=st_typical_T27_V3p30_B4_C0p9 libs=typical,res_typical,moscap_typical temp=27C
.include "/Users/rwalters/.volare/gf180mcuD/libs.tech/ngspice/design.ngspice"
.lib "/Users/rwalters/.volare/gf180mcuD/libs.tech/ngspice/sm141064.ngspice" typical
.lib "/Users/rwalters/.volare/gf180mcuD/libs.tech/ngspice/sm141064.ngspice" res_typical
.lib "/Users/rwalters/.volare/gf180mcuD/libs.tech/ngspice/sm141064.ngspice" moscap_typical
.temp 27
.param sim_temp=27
.param vsup=3.30
.param vctrl=0.9
.param b0=0
.param b1=0
.param b2=1
.param tsettle=1.67896e-07
.param tstop=4.61714e-07
.param tstep=2.24861e-10
.param tmax=2.24861e-10
.include "/Users/rwalters/GitHub/gf180-pll/.loom/worktrees/issue-32/sim/vco-tuning-range/testbench/tb_vco_stages.sp"
.end

======== ngspice output ========

Note: Compatibility modes selected: hs a

Warning: m=xx on .subckt line will override multiplier m hierarchy!


Circuit: * generated by simenv.sh -- do not edit; edit /users/rwalters/github/gf180-pll/.loom/worktrees/issue-32/sim/vco-tuning-range/testbench/tb_vco_stages.sp instead

Doing analysis at TEMP = 27.000000 and TNOM = 27.000000

Using SPARSE 1.3 as Direct Linear Solver

Initial Transient Solution
--------------------------

Node                                   Voltage
----                                   -------
vctl                                       0.9
q0                                           0
q1                                           0
q2                                           0
q3                                         3.3
nsup3                                      3.3
nsup5                                      3.3
nsup7                                      3.3
n3                                         3.3
n5                                         3.3
n7                                         3.3
c1                                           0
xb3.na                                0.940667
xb3.vbpc                               2.33139
xb3.nc                                0.120618
xb3.xrcg.11                           0.120389
xb3.xrcg.21                        0.000228576
xb3.nsu                              0.0130128
xb3.vfix                               1.75603
xb3.nmd                               0.755526
xb3.vbp0                               2.45559
xb3.noff                              0.765555
xb3.xroff.11                          0.765302
xb3.xroff.21                       0.000253749
xb3.nvi                               0.178394
xb3.xrdeg.11                          0.178335
xb3.xrdeg.21                       5.91299e-05
xb3.b0b                                    3.3
xb3.b1b                                    3.3
xb3.b2b                             5.4347e-09
xb3.vbn1                              0.707838
xb3.ga                                     3.3
xb3.vbp2                               2.47488
xb3.gb                             1.41614e-11
m3                                    0.800444
xb3.gc                                 2.47488
p3                                     2.36037
xa1.nh                                 1.28677
c3                                           0
xa1.nt                            -1.45542e-26
xa2.nh                                     3.3
c2                                         3.3
xa2.nt                             1.08844e-08
xa3.nh                                     3.3
xa3.nt                            -3.56372e-46
e1                                           0
xb5.na                                0.940667
xb5.vbpc                               2.33139
xb5.nc                                0.120618
xb5.xrcg.11                           0.120389
xb5.xrcg.21                        0.000228576
xb5.nsu                              0.0130128
xb5.vfix                               1.75603
xb5.nmd                               0.755526
xb5.vbp0                               2.45559
xb5.noff                              0.765555
xb5.xroff.11                          0.765302
xb5.xroff.21                       0.000253749
xb5.nvi                               0.178394
xb5.xrdeg.11                          0.178335
xb5.xrdeg.21                       5.91299e-05
xb5.b0b                                    3.3
xb5.b1b                                    3.3
xb5.b2b                             5.4347e-09
xb5.vbn1                              0.707838
xb5.ga                                     3.3
xb5.vbp2                               2.47488
xb5.gb                             1.41614e-11
m5                                    0.800444
xb5.gc                                 2.47488
p5                                     2.36037
xe1.nh                                 1.28677
e5                                           0
xe1.nt                            -1.45536e-26
xe2.nh                                     3.3
e2                                         3.3
xe2.nt                             1.08844e-08
xe3.nh                                     3.3
e3                                           0
xe3.nt                            -3.56372e-46
xe4.nh                                     3.3
e4                                         3.3
xe4.nt                             1.08844e-08
xe5.nh                                     3.3
xe5.nt                            -3.56372e-46
g1                                           0
xb7.na                                0.940667
xb7.vbpc                               2.33139
xb7.nc                                0.120618
xb7.xrcg.11                           0.120389
xb7.xrcg.21                        0.000228576
xb7.nsu                              0.0130128
xb7.vfix                               1.75603
xb7.nmd                               0.755526
xb7.vbp0                               2.45559
xb7.noff                              0.765555
xb7.xroff.11                          0.765302
xb7.xroff.21                       0.000253749
xb7.nvi                               0.178394
xb7.xrdeg.11                          0.178335
xb7.xrdeg.21                       5.91299e-05
xb7.b0b                                    3.3
xb7.b1b                                    3.3
xb7.b2b                             5.4347e-09
xb7.vbn1                              0.707838
xb7.ga                                     3.3
xb7.vbp2                               2.47488
xb7.gb                             1.41614e-11
m7                                    0.800444
xb7.gc                                 2.47488
p7                                     2.36037
xg1.nh                                 1.28677
g7                                           0
xg1.nt                            -2.71738e-26
xg2.nh                                     3.3
g2                                         3.3
xg2.nt                             1.08844e-08
xg3.nh                                     3.3
g3                                           0
xg3.nt                            -3.56372e-46
xg4.nh                                     3.3
g4                                         3.3
xg4.nt                             1.08844e-08
xg5.nh                                     3.3
g5                                           0
xg5.nt                            -3.56372e-46
xg6.nh                                     3.3
g6                                         3.3
xg6.nt                             1.08844e-08
xg7.nh                                     3.3
xg7.nt                            -3.56372e-46
vam7#branch                        6.59825e-05
vam5#branch                        6.59825e-05
vam3#branch                        6.59825e-05
vs7#branch                        -6.59825e-05
vs5#branch                        -6.59825e-05
vs3#branch                        -6.59825e-05
vq3#branch                                   0
vq2#branch                                   0
vq1#branch                                   0
vq#branch                                    0
vc#branch                                    0


No. of Data Rows : 2082

  Measurements for Transient Analysis

t3a                 =   1.80833e-07
t3b                 =   2.52536e-07
f3                  =  5.57856e+07
i3                  =  7.42636e-05 from=  1.67896e-07 to=  4.61714e-07
s3hi                =  3.20786e+00 at=  1.85638e-07
s3lo                =  -6.19587e-04 at=  3.56758e-07
t5a                 =   1.93661e-07
t5b                 =   3.21798e-07
f5                  =  3.12165e+07
i5                  =  7.36184e-05 from=  1.67896e-07 to=  4.61714e-07
s5hi                =  3.31768e+00 at=  3.63953e-07
s5lo                =  -2.09089e-02 at=  4.46252e-07
t7a                 =   1.81051e-07
t7b                 =   3.60636e-07
f7                  =  2.22737e+07
i7                  =  7.35762e-05 from=  1.67896e-07 to=  4.61714e-07
s7hi                =  3.31776e+00 at=  1.97556e-07
s7lo                =  -2.09132e-02 at=  3.56982e-07


Total analysis time (seconds) = 74.0195

Total elapsed time (seconds) = 79.114 

Total DRAM available = 98304.000 MB.
DRAM currently available = 28614.422 MB.
Maximum ngspice program size =   20.141 MB.
Current ngspice program size =   20.141 MB.


======== band 4, Vctrl 2.7 V (typical_27c_3.30v) ========
* GENERATED by simenv.sh -- do not edit; edit /Users/rwalters/GitHub/gf180-pll/.loom/worktrees/issue-32/sim/vco-tuning-range/testbench/tb_vco_stages.sp instead
* tag=st_typical_T27_V3p30_B4_C2p7 libs=typical,res_typical,moscap_typical temp=27C
.include "/Users/rwalters/.volare/gf180mcuD/libs.tech/ngspice/design.ngspice"
.lib "/Users/rwalters/.volare/gf180mcuD/libs.tech/ngspice/sm141064.ngspice" typical
.lib "/Users/rwalters/.volare/gf180mcuD/libs.tech/ngspice/sm141064.ngspice" res_typical
.lib "/Users/rwalters/.volare/gf180mcuD/libs.tech/ngspice/sm141064.ngspice" moscap_typical
.temp 27
.param sim_temp=27
.param vsup=3.30
.param vctrl=2.7
.param b0=0
.param b1=0
.param b2=1
.param tsettle=7.13423e-08
.param tstop=1.96191e-07
.param tstep=9.55477e-11
.param tmax=9.55477e-11
.include "/Users/rwalters/GitHub/gf180-pll/.loom/worktrees/issue-32/sim/vco-tuning-range/testbench/tb_vco_stages.sp"
.end

======== ngspice output ========

Note: Compatibility modes selected: hs a

Warning: m=xx on .subckt line will override multiplier m hierarchy!


Circuit: * generated by simenv.sh -- do not edit; edit /users/rwalters/github/gf180-pll/.loom/worktrees/issue-32/sim/vco-tuning-range/testbench/tb_vco_stages.sp instead

Doing analysis at TEMP = 27.000000 and TNOM = 27.000000

Using SPARSE 1.3 as Direct Linear Solver

Initial Transient Solution
--------------------------

Node                                   Voltage
----                                   -------
vctl                                       2.7
q0                                           0
q1                                           0
q2                                           0
q3                                         3.3
nsup3                                      3.3
nsup5                                      3.3
nsup7                                      3.3
n3                                         3.3
n5                                         3.3
n7                                         3.3
c1                                           0
xb3.na                                0.940667
xb3.vbpc                               2.33139
xb3.nc                                0.120618
xb3.xrcg.11                           0.120389
xb3.xrcg.21                        0.000228576
xb3.nsu                              0.0130128
xb3.vfix                               1.75603
xb3.nmd                               0.755526
xb3.vbp0                               2.39099
xb3.noff                              0.765449
xb3.xroff.11                          0.765195
xb3.xroff.21                       0.000253714
xb3.nvi                                1.47658
xb3.xrdeg.11                           1.47609
xb3.xrdeg.21                       0.000489423
xb3.b0b                                    3.3
xb3.b1b                                    3.3
xb3.b2b                             5.4347e-09
xb3.vbn1                              0.763783
xb3.ga                                     3.3
xb3.vbp2                               2.41828
xb3.gb                              1.4311e-11
m3                                     0.88076
xb3.gc                                 2.41828
p3                                     2.26767
xa1.nh                                 1.36852
c3                                           0
xa1.nt                             -4.2223e-42
xa2.nh                                     3.3
c2                                         3.3
xa2.nt                             6.51298e-09
xa3.nh                                     3.3
xa3.nt                            -9.64788e-60
e1                                           0
xb5.na                                0.940667
xb5.vbpc                               2.33139
xb5.nc                                0.120618
xb5.xrcg.11                           0.120389
xb5.xrcg.21                        0.000228576
xb5.nsu                              0.0130128
xb5.vfix                               1.75603
xb5.nmd                               0.755526
xb5.vbp0                               2.39099
xb5.noff                              0.765449
xb5.xroff.11                          0.765195
xb5.xroff.21                       0.000253714
xb5.nvi                                1.47658
xb5.xrdeg.11                           1.47609
xb5.xrdeg.21                       0.000489423
xb5.b0b                                    3.3
xb5.b1b                                    3.3
xb5.b2b                             5.4347e-09
xb5.vbn1                              0.763783
xb5.ga                                     3.3
xb5.vbp2                               2.41828
xb5.gb                              1.4311e-11
m5                                     0.88076
xb5.gc                                 2.41828
p5                                     2.26767
xe1.nh                                 1.36852
e5                                           0
xe1.nt                             1.66647e-42
xe2.nh                                     3.3
e2                                         3.3
xe2.nt                             6.51298e-09
xe3.nh                                     3.3
e3                                           0
xe3.nt                             5.30373e-60
xe4.nh                                     3.3
e4                                         3.3
xe4.nt                             6.51298e-09
xe5.nh                                     3.3
xe5.nt                             5.30373e-60
g1                                           0
xb7.na                                0.940667
xb7.vbpc                               2.33139
xb7.nc                                0.120618
xb7.xrcg.11                           0.120389
xb7.xrcg.21                        0.000228576
xb7.nsu                              0.0130128
xb7.vfix                               1.75603
xb7.nmd                               0.755526
xb7.vbp0                               2.39099
xb7.noff                              0.765449
xb7.xroff.11                          0.765195
xb7.xroff.21                       0.000253714
xb7.nvi                                1.47658
xb7.xrdeg.11                           1.47609
xb7.xrdeg.21                       0.000489423
xb7.b0b                                    3.3
xb7.b1b                                    3.3
xb7.b2b                             5.4347e-09
xb7.vbn1                              0.763783
xb7.ga                                     3.3
xb7.vbp2                               2.41828
xb7.gb                             1.43112e-11
m7                                     0.88076
xb7.gc                                 2.41828
p7                                     2.26767
xg1.nh                                 1.36852
g7                                           0
xg1.nt                            -9.92624e-42
xg2.nh                                     3.3
g2                                         3.3
xg2.nt                             6.51298e-09
xg3.nh                                     3.3
g3                                           0
xg3.nt                             5.30373e-60
xg4.nh                                     3.3
g4                                         3.3
xg4.nt                             6.51298e-09
xg5.nh                                     3.3
g5                                           0
xg5.nt                             5.30373e-60
xg6.nh                                     3.3
g6                                         3.3
xg6.nt                             6.51298e-09
xg7.nh                                     3.3
xg7.nt                             5.30373e-60
vam7#branch                        0.000129314
vam5#branch                        0.000129314
vam3#branch                        0.000129314
vs7#branch                        -0.000129314
vs5#branch                        -0.000129314
vs3#branch                        -0.000129314
vq3#branch                                   0
vq2#branch                                   0
vq1#branch                                   0
vq#branch                                    0
vc#branch                                    0


No. of Data Rows : 2080

  Measurements for Transient Analysis

t3a                 =   7.32360e-08
t3b                 =   1.02218e-07
f3                  =  1.38018e+08
i3                  =  1.47758e-04 from=  7.13423e-08 to=  1.96191e-07
s3hi                =  3.14555e+00 at=  8.97356e-08
s3lo                =  1.10345e-02 at=  8.62959e-08
t5a                 =   8.04364e-08
t5b                 =   1.33621e-07
f5                  =  7.52100e+07
i5                  =  1.46238e-04 from=  7.13423e-08 to=  1.96191e-07
s5hi                =  3.32787e+00 at=  1.78213e-07
s5lo                =  -2.61853e-02 at=  7.88432e-08
t7a                 =   7.52444e-08
t7b                 =   1.49828e-07
f7                  =  5.36307e+07
i7                  =  1.46205e-04 from=  7.13423e-08 to=  1.96191e-07
s7hi                =  3.32800e+00 at=  1.38560e-07
s7lo                =  -2.68165e-02 at=  1.29579e-07


Total analysis time (seconds) = 67.1374

Total elapsed time (seconds) = 72.188 

Total DRAM available = 98304.000 MB.
DRAM currently available = 28605.688 MB.
Maximum ngspice program size =   20.141 MB.
Current ngspice program size =   20.141 MB.


======== band 5, Vctrl 0.9 V (typical_27c_3.30v) ========
* GENERATED by simenv.sh -- do not edit; edit /Users/rwalters/GitHub/gf180-pll/.loom/worktrees/issue-32/sim/vco-tuning-range/testbench/tb_vco_stages.sp instead
* tag=st_typical_T27_V3p30_B5_C0p9 libs=typical,res_typical,moscap_typical temp=27C
.include "/Users/rwalters/.volare/gf180mcuD/libs.tech/ngspice/design.ngspice"
.lib "/Users/rwalters/.volare/gf180mcuD/libs.tech/ngspice/sm141064.ngspice" typical
.lib "/Users/rwalters/.volare/gf180mcuD/libs.tech/ngspice/sm141064.ngspice" res_typical
.lib "/Users/rwalters/.volare/gf180mcuD/libs.tech/ngspice/sm141064.ngspice" moscap_typical
.temp 27
.param sim_temp=27
.param vsup=3.30
.param vctrl=0.9
.param b0=1
.param b1=0
.param b2=1
.param tsettle=1.01755e-07
.param tstop=2.79827e-07
.param tstep=1.36279e-10
.param tmax=1.36279e-10
.include "/Users/rwalters/GitHub/gf180-pll/.loom/worktrees/issue-32/sim/vco-tuning-range/testbench/tb_vco_stages.sp"
.end

======== ngspice output ========

Note: Compatibility modes selected: hs a

Warning: m=xx on .subckt line will override multiplier m hierarchy!


Circuit: * generated by simenv.sh -- do not edit; edit /users/rwalters/github/gf180-pll/.loom/worktrees/issue-32/sim/vco-tuning-range/testbench/tb_vco_stages.sp instead

Doing analysis at TEMP = 27.000000 and TNOM = 27.000000

Using SPARSE 1.3 as Direct Linear Solver

Initial Transient Solution
--------------------------

Node                                   Voltage
----                                   -------
vctl                                       0.9
q0                                           0
q1                                         3.3
q2                                           0
q3                                         3.3
nsup3                                      3.3
nsup5                                      3.3
nsup7                                      3.3
n3                                         3.3
n5                                         3.3
n7                                         3.3
c1                                           0
xb3.na                                0.940667
xb3.vbpc                               2.33139
xb3.nc                                0.120618
xb3.xrcg.11                           0.120389
xb3.xrcg.21                        0.000228576
xb3.nsu                              0.0130128
xb3.vfix                               1.75603
xb3.nmd                               0.755526
xb3.vbp0                               2.45559
xb3.noff                              0.765555
xb3.xroff.11                          0.765302
xb3.xroff.21                       0.000253749
xb3.nvi                               0.178394
xb3.xrdeg.11                          0.178335
xb3.xrdeg.21                       5.91299e-05
xb3.b0b                             5.4347e-09
xb3.b1b                                    3.3
xb3.b2b                             5.4347e-09
xb3.vbn1                              0.738845
xb3.ga                                 2.45559
xb3.vbp2                               2.44351
xb3.gb                             1.42444e-11
m3                                    0.843877
xb3.gc                                 2.44351
p3                                     2.31065
xa1.nh                                 1.33051
c3                                           0
xa1.nt                             8.21599e-27
xa2.nh                                     3.3
c2                                         3.3
xa2.nt                             8.03627e-09
xa3.nh                                     3.3
xa3.nt                             -1.3549e-32
e1                                           0
xb5.na                                0.940667
xb5.vbpc                               2.33139
xb5.nc                                0.120618
xb5.xrcg.11                           0.120389
xb5.xrcg.21                        0.000228576
xb5.nsu                              0.0130128
xb5.vfix                               1.75603
xb5.nmd                               0.755526
xb5.vbp0                               2.45559
xb5.noff                              0.765555
xb5.xroff.11                          0.765302
xb5.xroff.21                       0.000253749
xb5.nvi                               0.178394
xb5.xrdeg.11                          0.178335
xb5.xrdeg.21                       5.91299e-05
xb5.b0b                             5.4347e-09
xb5.b1b                                    3.3
xb5.b2b                             5.4347e-09
xb5.vbn1                              0.738845
xb5.ga                                 2.45559
xb5.vbp2                               2.44351
xb5.gb                             1.42444e-11
m5                                    0.843877
xb5.gc                                 2.44351
p5                                     2.31065
xe1.nh                                 1.33051
e5                                           0
xe1.nt                            -2.57829e-26
xe2.nh                                     3.3
e2                                         3.3
xe2.nt                             8.03627e-09
xe3.nh                                     3.3
e3                                           0
xe3.nt                             -1.3549e-32
xe4.nh                                     3.3
e4                                         3.3
xe4.nt                             8.03627e-09
xe5.nh                                     3.3
xe5.nt                             -1.3549e-32
g1                                           0
xb7.na                                0.940667
xb7.vbpc                               2.33139
xb7.nc                                0.120618
xb7.xrcg.11                           0.120389
xb7.xrcg.21                        0.000228576
xb7.nsu                              0.0130128
xb7.vfix                               1.75603
xb7.nmd                               0.755526
xb7.vbp0                               2.45559
xb7.noff                              0.765555
xb7.xroff.11                          0.765302
xb7.xroff.21                       0.000253749
xb7.nvi                               0.178394
xb7.xrdeg.11                          0.178335
xb7.xrdeg.21                       5.91299e-05
xb7.b0b                             5.4347e-09
xb7.b1b                                    3.3
xb7.b2b                             5.4347e-09
xb7.vbn1                              0.738845
xb7.ga                                 2.45559
xb7.vbp2                               2.44351
xb7.gb                             1.42444e-11
m7                                    0.843877
xb7.gc                                 2.44351
p7                                     2.31065
xg1.nh                                 1.33051
g7                                           0
xg1.nt                             2.02657e-26
xg2.nh                                     3.3
g2                                         3.3
xg2.nt                             8.03627e-09
xg3.nh                                     3.3
g3                                           0
xg3.nt                            -2.64031e-32
xg4.nh                                     3.3
g4                                         3.3
xg4.nt                             8.03627e-09
xg5.nh                                     3.3
g5                                           0
xg5.nt                            -2.64031e-32
xg6.nh                                     3.3
g6                                         3.3
xg6.nt                             8.03627e-09
xg7.nh                                     3.3
xg7.nt                            -2.64031e-32
vam7#branch                        9.05334e-05
vam5#branch                        9.05334e-05
vam3#branch                        9.05334e-05
vs7#branch                        -9.05334e-05
vs5#branch                        -9.05334e-05
vs3#branch                        -9.05334e-05
vq3#branch                                   0
vq2#branch                                   0
vq1#branch                                   0
vq#branch                                    0
vc#branch                                    0


No. of Data Rows : 2081

  Measurements for Transient Analysis

t3a                 =   1.07639e-07
t3b                 =   1.50284e-07
f3                  =  9.37981e+07
i3                  =  1.03695e-04 from=  1.01755e-07 to=  2.79827e-07
s3hi                =  3.17746e+00 at=  1.42537e-07
s3lo                =  3.89918e-03 at=  1.58891e-07
t5a                 =   1.16695e-07
t5b                 =   1.93879e-07
f5                  =  5.18241e+07
i5                  =  1.02684e-04 from=  1.01755e-07 to=  2.79827e-07
s5hi                =  3.32210e+00 at=  2.39296e-07
s5lo                =  -2.38483e-02 at=  1.53031e-07
t7a                 =   1.09132e-07
t7b                 =   2.17347e-07
f7                  =  3.69632e+07
i7                  =  1.02637e-04 from=  1.01755e-07 to=  2.79827e-07
s7hi                =  3.32224e+00 at=  2.01001e-07
s7lo                =  -2.39732e-02 at=  2.42157e-07


Total analysis time (seconds) = 67.9945

Total elapsed time (seconds) = 73.070 

Total DRAM available = 98304.000 MB.
DRAM currently available = 28631.328 MB.
Maximum ngspice program size =   20.281 MB.
Current ngspice program size =   20.281 MB.


======== band 5, Vctrl 2.7 V (typical_27c_3.30v) ========
* GENERATED by simenv.sh -- do not edit; edit /Users/rwalters/GitHub/gf180-pll/.loom/worktrees/issue-32/sim/vco-tuning-range/testbench/tb_vco_stages.sp instead
* tag=st_typical_T27_V3p30_B5_C2p7 libs=typical,res_typical,moscap_typical temp=27C
.include "/Users/rwalters/.volare/gf180mcuD/libs.tech/ngspice/design.ngspice"
.lib "/Users/rwalters/.volare/gf180mcuD/libs.tech/ngspice/sm141064.ngspice" typical
.lib "/Users/rwalters/.volare/gf180mcuD/libs.tech/ngspice/sm141064.ngspice" res_typical
.lib "/Users/rwalters/.volare/gf180mcuD/libs.tech/ngspice/sm141064.ngspice" moscap_typical
.temp 27
.param sim_temp=27
.param vsup=3.30
.param vctrl=2.7
.param b0=1
.param b1=0
.param b2=1
.param tsettle=4.32379e-08
.param tstop=1.18904e-07
.param tstep=5.79079e-11
.param tmax=5.79079e-11
.include "/Users/rwalters/GitHub/gf180-pll/.loom/worktrees/issue-32/sim/vco-tuning-range/testbench/tb_vco_stages.sp"
.end

======== ngspice output ========

Note: Compatibility modes selected: hs a

Warning: m=xx on .subckt line will override multiplier m hierarchy!


Circuit: * generated by simenv.sh -- do not edit; edit /users/rwalters/github/gf180-pll/.loom/worktrees/issue-32/sim/vco-tuning-range/testbench/tb_vco_stages.sp instead

Doing analysis at TEMP = 27.000000 and TNOM = 27.000000

Using SPARSE 1.3 as Direct Linear Solver

Initial Transient Solution
--------------------------

Node                                   Voltage
----                                   -------
vctl                                       2.7
q0                                           0
q1                                         3.3
q2                                           0
q3                                         3.3
nsup3                                      3.3
nsup5                                      3.3
nsup7                                      3.3
n3                                         3.3
n5                                         3.3
n7                                         3.3
c1                                           0
xb3.na                                0.940667
xb3.vbpc                               2.33139
xb3.nc                                0.120618
xb3.xrcg.11                           0.120389
xb3.xrcg.21                        0.000228576
xb3.nsu                              0.0130128
xb3.vfix                               1.75603
xb3.nmd                               0.755526
xb3.vbp0                               2.39099
xb3.noff                              0.765449
xb3.xroff.11                          0.765195
xb3.xroff.21                       0.000253714
xb3.nvi                                1.47658
xb3.xrdeg.11                           1.47609
xb3.xrdeg.21                       0.000489423
xb3.b0b                             5.4347e-09
xb3.b1b                                    3.3
xb3.b2b                             5.4347e-09
xb3.vbn1                              0.803901
xb3.ga                                 2.39099
xb3.vbp2                                2.3776
xb3.gb                             1.44178e-11
m3                                    0.943587
xb3.gc                                  2.3776
p3                                     2.19357
xa1.nh                                 1.43438
c3                                           0
xa1.nt                             1.92037e-17
xa2.nh                                     3.3
c2                                         3.3
xa2.nt                             4.89423e-09
xa3.nh                                     3.3
xa3.nt                             3.55197e-32
e1                                           0
xb5.na                                0.940667
xb5.vbpc                               2.33139
xb5.nc                                0.120618
xb5.xrcg.11                           0.120389
xb5.xrcg.21                        0.000228576
xb5.nsu                              0.0130128
xb5.vfix                               1.75603
xb5.nmd                               0.755526
xb5.vbp0                               2.39099
xb5.noff                              0.765449
xb5.xroff.11                          0.765195
xb5.xroff.21                       0.000253714
xb5.nvi                                1.47658
xb5.xrdeg.11                           1.47609
xb5.xrdeg.21                       0.000489423
xb5.b0b                             5.4347e-09
xb5.b1b                                    3.3
xb5.b2b                             5.4347e-09
xb5.vbn1                              0.803901
xb5.ga                                 2.39099
xb5.vbp2                                2.3776
xb5.gb                             1.44178e-11
m5                                    0.943587
xb5.gc                                  2.3776
p5                                     2.19357
xe1.nh                                 1.43438
e5                                           0
xe1.nt                             1.92036e-17
xe2.nh                                     3.3
e2                                         3.3
xe2.nt                             4.89423e-09
xe3.nh                                     3.3
e3                                           0
xe3.nt                            -4.70036e-32
xe4.nh                                     3.3
e4                                         3.3
xe4.nt                             4.89423e-09
xe5.nh                                     3.3
xe5.nt                            -4.70036e-32
g1                                           0
xb7.na                                0.940667
xb7.vbpc                               2.33139
xb7.nc                                0.120618
xb7.xrcg.11                           0.120389
xb7.xrcg.21                        0.000228576
xb7.nsu                              0.0130128
xb7.vfix                               1.75603
xb7.nmd                               0.755526
xb7.vbp0                               2.39099
xb7.noff                              0.765449
xb7.xroff.11                          0.765195
xb7.xroff.21                       0.000253714
xb7.nvi                                1.47658
xb7.xrdeg.11                           1.47609
xb7.xrdeg.21                       0.000489423
xb7.b0b                             5.4347e-09
xb7.b1b                                    3.3
xb7.b2b                             5.4347e-09
xb7.vbn1                              0.803901
xb7.ga                                 2.39099
xb7.vbp2                                2.3776
xb7.gb                             1.44176e-11
m7                                    0.943587
xb7.gc                                  2.3776
p7                                     2.19357
xg1.nh                                 1.43438
g7                                           0
xg1.nt                             1.00114e-17
xg2.nh                                     3.3
g2                                         3.3
xg2.nt                             4.89423e-09
xg3.nh                                     3.3
g3                                           0
xg3.nt                            -4.70141e-32
xg4.nh                                     3.3
g4                                         3.3
xg4.nt                             4.89423e-09
xg5.nh                                     3.3
g5                                           0
xg5.nt                            -4.70141e-32
xg6.nh                                     3.3
g6                                         3.3
xg6.nt                             4.89423e-09
xg7.nh                                     3.3
xg7.nt                            -4.70141e-32
vam7#branch                         0.00018503
vam5#branch                         0.00018503
vam3#branch                         0.00018503
vs7#branch                         -0.00018503
vs5#branch                         -0.00018503
vs3#branch                         -0.00018503
vq3#branch                                   0
vq2#branch                                   0
vq1#branch                                   0
vq#branch                                    0
vc#branch                                    0


No. of Data Rows : 2078

  Measurements for Transient Analysis

t3a                 =   4.54607e-08
t3b                 =   6.17883e-08
f3                  =  2.44984e+08
i3                  =  2.14906e-04 from=  4.32379e-08 to=  1.18904e-07
s3hi                =  3.08071e+00 at=  4.66352e-08
s3lo                =  3.77364e-02 at=  8.54335e-08
t5a                 =   4.70013e-08
t5b                 =   7.80588e-08
f5                  =  1.28793e+08
i5                  =  2.12006e-04 from=  4.32379e-08 to=  1.18904e-07
s5hi                =  3.33830e+00 at=  6.52816e-08
s5lo                =  -2.94187e-02 at=  7.70948e-08
t7a                 =   4.39919e-08
t7b                 =   8.75696e-08
f7                  =  9.17901e+07
i7                  =  2.11993e-04 from=  4.32379e-08 to=  1.18904e-07
s7hi                =  3.33889e+00 at=  5.92012e-08
s7lo                =  -3.14694e-02 at=  6.48183e-08


Total analysis time (seconds) = 67.0029

Total elapsed time (seconds) = 71.893 

Total DRAM available = 98304.000 MB.
DRAM currently available = 28605.688 MB.
Maximum ngspice program size =   20.219 MB.
Current ngspice program size =   20.219 MB.


======== band 6, Vctrl 0.9 V (typical_27c_3.30v) ========
* GENERATED by simenv.sh -- do not edit; edit /Users/rwalters/GitHub/gf180-pll/.loom/worktrees/issue-32/sim/vco-tuning-range/testbench/tb_vco_stages.sp instead
* tag=st_typical_T27_V3p30_B6_C0p9 libs=typical,res_typical,moscap_typical temp=27C
.include "/Users/rwalters/.volare/gf180mcuD/libs.tech/ngspice/design.ngspice"
.lib "/Users/rwalters/.volare/gf180mcuD/libs.tech/ngspice/sm141064.ngspice" typical
.lib "/Users/rwalters/.volare/gf180mcuD/libs.tech/ngspice/sm141064.ngspice" res_typical
.lib "/Users/rwalters/.volare/gf180mcuD/libs.tech/ngspice/sm141064.ngspice" moscap_typical
.temp 27
.param sim_temp=27
.param vsup=3.30
.param vctrl=0.9
.param b0=0
.param b1=1
.param b2=1
.param tsettle=6.16697e-08
.param tstop=1.69592e-07
.param tstep=8.25934e-11
.param tmax=8.25934e-11
.include "/Users/rwalters/GitHub/gf180-pll/.loom/worktrees/issue-32/sim/vco-tuning-range/testbench/tb_vco_stages.sp"
.end

======== ngspice output ========

Note: Compatibility modes selected: hs a

Warning: m=xx on .subckt line will override multiplier m hierarchy!


Circuit: * generated by simenv.sh -- do not edit; edit /users/rwalters/github/gf180-pll/.loom/worktrees/issue-32/sim/vco-tuning-range/testbench/tb_vco_stages.sp instead

Doing analysis at TEMP = 27.000000 and TNOM = 27.000000

Using SPARSE 1.3 as Direct Linear Solver

Initial Transient Solution
--------------------------

Node                                   Voltage
----                                   -------
vctl                                       0.9
q0                                           0
q1                                           0
q2                                         3.3
q3                                         3.3
nsup3                                      3.3
nsup5                                      3.3
nsup7                                      3.3
n3                                         3.3
n5                                         3.3
n7                                         3.3
c1                                           0
xb3.na                                0.940667
xb3.vbpc                               2.33139
xb3.nc                                0.120618
xb3.xrcg.11                           0.120389
xb3.xrcg.21                        0.000228576
xb3.nsu                              0.0130128
xb3.vfix                               1.75603
xb3.nmd                               0.755526
xb3.vbp0                               2.45559
xb3.noff                              0.765555
xb3.xroff.11                          0.765302
xb3.xroff.21                       0.000253749
xb3.nvi                               0.178394
xb3.xrdeg.11                          0.178335
xb3.xrdeg.21                       5.91299e-05
xb3.b0b                                    3.3
xb3.b1b                             5.4347e-09
xb3.b2b                             5.4347e-09
xb3.vbn1                              0.707838
xb3.ga                                     3.3
xb3.vbp2                               2.40499
xb3.gb                                0.707838
m3                                    0.900846
xb3.gc                                 2.40499
p3                                     2.24406
xa1.nh                                 1.38946
c3                                           0
xa1.nt                             7.87287e-18
xa2.nh                                     3.3
c2                                         3.3
xa2.nt                             5.89318e-09
xa3.nh                                     3.3
xa3.nt                            -4.42855e-32
e1                                           0
xb5.na                                0.940667
xb5.vbpc                               2.33139
xb5.nc                                0.120618
xb5.xrcg.11                           0.120389
xb5.xrcg.21                        0.000228576
xb5.nsu                              0.0130128
xb5.vfix                               1.75603
xb5.nmd                               0.755526
xb5.vbp0                               2.45559
xb5.noff                              0.765555
xb5.xroff.11                          0.765302
xb5.xroff.21                       0.000253749
xb5.nvi                               0.178394
xb5.xrdeg.11                          0.178335
xb5.xrdeg.21                       5.91299e-05
xb5.b0b                                    3.3
xb5.b1b                             5.4347e-09
xb5.b2b                             5.4347e-09
xb5.vbn1                              0.707838
xb5.ga                                     3.3
xb5.vbp2                               2.40499
xb5.gb                                0.707838
m5                                    0.900846
xb5.gc                                 2.40499
p5                                     2.24406
xe1.nh                                 1.38946
e5                                           0
xe1.nt                             1.31512e-17
xe2.nh                                     3.3
e2                                         3.3
xe2.nt                             5.89318e-09
xe3.nh                                     3.3
e3                                           0
xe3.nt                             4.84021e-32
xe4.nh                                     3.3
e4                                         3.3
xe4.nt                             5.89318e-09
xe5.nh                                     3.3
xe5.nt                             4.84021e-32
g1                                           0
xb7.na                                0.940667
xb7.vbpc                               2.33139
xb7.nc                                0.120618
xb7.xrcg.11                           0.120389
xb7.xrcg.21                        0.000228576
xb7.nsu                              0.0130128
xb7.vfix                               1.75603
xb7.nmd                               0.755526
xb7.vbp0                               2.45559
xb7.noff                              0.765555
xb7.xroff.11                          0.765302
xb7.xroff.21                       0.000253749
xb7.nvi                               0.178394
xb7.xrdeg.11                          0.178335
xb7.xrdeg.21                       5.91299e-05
xb7.b0b                                    3.3
xb7.b1b                             5.4347e-09
xb7.b2b                             5.4347e-09
xb7.vbn1                              0.707838
xb7.ga                                     3.3
xb7.vbp2                               2.40499
xb7.gb                                0.707838
m7                                    0.900846
xb7.gc                                 2.40499
p7                                     2.24406
xg1.nh                                 1.38946
g7                                           0
xg1.nt                             1.31512e-17
xg2.nh                                     3.3
g2                                         3.3
xg2.nt                             5.89318e-09
xg3.nh                                     3.3
g3                                           0
xg3.nt                             1.64442e-18
xg4.nh                                     3.3
g4                                         3.3
xg4.nt                             5.89318e-09
xg5.nh                                     3.3
g5                                           0
xg5.nt                             1.64442e-18
xg6.nh                                     3.3
g6                                         3.3
xg6.nt                             5.89318e-09
xg7.nh                                     3.3
xg7.nt                             1.64442e-18
vam7#branch                        0.000125702
vam5#branch                        0.000125702
vam3#branch                        0.000125702
vs7#branch                        -0.000125702
vs5#branch                        -0.000125702
vs3#branch                        -0.000125702
vq3#branch                                   0
vq2#branch                                   0
vq1#branch                                   0
vq#branch                                    0
vc#branch                                    0


No. of Data Rows : 2079

  Measurements for Transient Analysis

t3a                 =   6.63788e-08
t3b                 =   9.02698e-08
f3                  =  1.67427e+08
i3                  =  1.47472e-04 from=  6.16697e-08 to=  1.69592e-07
s3hi                =  3.12634e+00 at=  1.21804e-07
s3lo                =  1.71785e-02 at=  9.50435e-08
t5a                 =   6.69347e-08
t5b                 =   1.11184e-07
f5                  =  9.03976e+07
i5                  =  1.45594e-04 from=  6.16697e-08 to=  1.69592e-07
s5hi                =  3.33103e+00 at=  8.19112e-08
s5lo                =  -2.72802e-02 at=  1.43030e-07
t7a                 =   6.26237e-08
t7b                 =   1.24685e-07
f7                  =  6.44526e+07
i7                  =  1.45584e-04 from=  6.16697e-08 to=  1.69592e-07
s7hi                =  3.33123e+00 at=  1.61862e-07
s7lo                =  -2.82475e-02 at=  7.67904e-08


Total analysis time (seconds) = 66.4088

Total elapsed time (seconds) = 71.248 

Total DRAM available = 98304.000 MB.
DRAM currently available = 28594.344 MB.
Maximum ngspice program size =   20.188 MB.
Current ngspice program size =   20.188 MB.


======== band 6, Vctrl 2.7 V (typical_27c_3.30v) ========
* GENERATED by simenv.sh -- do not edit; edit /Users/rwalters/GitHub/gf180-pll/.loom/worktrees/issue-32/sim/vco-tuning-range/testbench/tb_vco_stages.sp instead
* tag=st_typical_T27_V3p30_B6_C2p7 libs=typical,res_typical,moscap_typical temp=27C
.include "/Users/rwalters/.volare/gf180mcuD/libs.tech/ngspice/design.ngspice"
.lib "/Users/rwalters/.volare/gf180mcuD/libs.tech/ngspice/sm141064.ngspice" typical
.lib "/Users/rwalters/.volare/gf180mcuD/libs.tech/ngspice/sm141064.ngspice" res_typical
.lib "/Users/rwalters/.volare/gf180mcuD/libs.tech/ngspice/sm141064.ngspice" moscap_typical
.temp 27
.param sim_temp=27
.param vsup=3.30
.param vctrl=2.7
.param b0=0
.param b1=1
.param b2=1
.param tsettle=2.62047e-08
.param tstop=7.2063e-08
.param tstep=3.50956e-11
.param tmax=3.50956e-11
.include "/Users/rwalters/GitHub/gf180-pll/.loom/worktrees/issue-32/sim/vco-tuning-range/testbench/tb_vco_stages.sp"
.end

======== ngspice output ========

Note: Compatibility modes selected: hs a

Warning: m=xx on .subckt line will override multiplier m hierarchy!


Circuit: * generated by simenv.sh -- do not edit; edit /users/rwalters/github/gf180-pll/.loom/worktrees/issue-32/sim/vco-tuning-range/testbench/tb_vco_stages.sp instead

Doing analysis at TEMP = 27.000000 and TNOM = 27.000000

Using SPARSE 1.3 as Direct Linear Solver

Initial Transient Solution
--------------------------

Node                                   Voltage
----                                   -------
vctl                                       2.7
q0                                           0
q1                                           0
q2                                         3.3
q3                                         3.3
nsup3                                      3.3
nsup5                                      3.3
nsup7                                      3.3
n3                                         3.3
n5                                         3.3
n7                                         3.3
c1                                           0
xb3.na                                0.940667
xb3.vbpc                               2.33139
xb3.nc                                0.120618
xb3.xrcg.11                           0.120389
xb3.xrcg.21                        0.000228576
xb3.nsu                              0.0130128
xb3.vfix                               1.75603
xb3.nmd                               0.755526
xb3.vbp0                               2.39099
xb3.noff                              0.765449
xb3.xroff.11                          0.765195
xb3.xroff.21                       0.000253714
xb3.nvi                                1.47658
xb3.xrdeg.11                           1.47609
xb3.xrdeg.21                       0.000489423
xb3.b0b                                    3.3
xb3.b1b                             5.4347e-09
xb3.b2b                             5.4347e-09
xb3.vbn1                              0.763783
xb3.ga                                     3.3
xb3.vbp2                               2.32524
xb3.gb                                0.763783
m3                                     1.02992
xb3.gc                                 2.32524
p3                                      2.0916
xa1.nh                                 1.52552
c3                                           0
xa1.nt                             8.44177e-18
xa2.nh                                     3.3
c2                                         3.3
xa2.nt                             3.65228e-09
xa3.nh                                     3.3
xa3.nt                             5.28207e-46
e1                                           0
xb5.na                                0.940667
xb5.vbpc                               2.33139
xb5.nc                                0.120618
xb5.xrcg.11                           0.120389
xb5.xrcg.21                        0.000228576
xb5.nsu                              0.0130128
xb5.vfix                               1.75603
xb5.nmd                               0.755526
xb5.vbp0                               2.39099
xb5.noff                              0.765449
xb5.xroff.11                          0.765195
xb5.xroff.21                       0.000253714
xb5.nvi                                1.47658
xb5.xrdeg.11                           1.47609
xb5.xrdeg.21                       0.000489423
xb5.b0b                                    3.3
xb5.b1b                             5.4347e-09
xb5.b2b                             5.4347e-09
xb5.vbn1                              0.763783
xb5.ga                                     3.3
xb5.vbp2                               2.32524
xb5.gb                                0.763783
m5                                     1.02992
xb5.gc                                 2.32524
p5                                      2.0916
xe1.nh                                 1.52552
e5                                           0
xe1.nt                             8.44177e-18
xe2.nh                                     3.3
e2                                         3.3
xe2.nt                             3.65228e-09
xe3.nh                                     3.3
e3                                           0
xe3.nt                             5.78067e-46
xe4.nh                                     3.3
e4                                         3.3
xe4.nt                             3.65228e-09
xe5.nh                                     3.3
xe5.nt                             5.78067e-46
g1                                           0
xb7.na                                0.940667
xb7.vbpc                               2.33139
xb7.nc                                0.120618
xb7.xrcg.11                           0.120389
xb7.xrcg.21                        0.000228576
xb7.nsu                              0.0130128
xb7.vfix                               1.75603
xb7.nmd                               0.755526
xb7.vbp0                               2.39099
xb7.noff                              0.765449
xb7.xroff.11                          0.765195
xb7.xroff.21                       0.000253714
xb7.nvi                                1.47658
xb7.xrdeg.11                           1.47609
xb7.xrdeg.21                       0.000489423
xb7.b0b                                    3.3
xb7.b1b                             5.4347e-09
xb7.b2b                             5.4347e-09
xb7.vbn1                              0.763783
xb7.ga                                     3.3
xb7.vbp2                               2.32524
xb7.gb                                0.763783
m7                                     1.02992
xb7.gc                                 2.32524
p7                                      2.0916
xg1.nh                                 1.52552
g7                                           0
xg1.nt                             8.44177e-18
xg2.nh                                     3.3
g2                                         3.3
xg2.nt                             3.65228e-09
xg3.nh                                     3.3
g3                                           0
xg3.nt                            -1.45603e-47
xg4.nh                                     3.3
g4                                         3.3
xg4.nt                             3.65228e-09
xg5.nh                                     3.3
g5                                           0
xg5.nt                            -1.45603e-47
xg6.nh                                     3.3
g6                                         3.3
xg6.nt                             3.65228e-09
xg7.nh                                     3.3
xg7.nt                            -1.45603e-47
vam7#branch                        0.000263943
vam5#branch                        0.000263943
vam3#branch                        0.000263943
vs7#branch                        -0.000263943
vs5#branch                        -0.000263943
vs3#branch                        -0.000263943
vq3#branch                                   0
vq2#branch                                   0
vq1#branch                                   0
vq#branch                                    0
vc#branch                                    0


No. of Data Rows : 2076

  Measurements for Transient Analysis

t3a                 =   2.71967e-08
t3b                 =   3.54127e-08
f3                  =  4.86854e+08
i3                  =  3.14761e-04 from=  2.62047e-08 to=  7.20630e-08
s3hi                =  2.95972e+00 at=  6.06636e-08
s3lo                =  1.29696e-01 at=  4.72922e-08
t5a                 =   3.04957e-08
t5b                 =   4.77733e-08
f5                  =  2.31513e+08
i5                  =  3.07081e-04 from=  2.62047e-08 to=  7.20630e-08
s5hi                =  3.35352e+00 at=  3.20256e-08
s5lo                =  -3.27867e-02 at=  5.15388e-08
t7a                 =   3.06111e-08
t7b                 =   5.48961e-08
f7                  =  1.64711e+08
i7                  =  3.06926e-04 from=  2.62047e-08 to=  7.20630e-08
s7hi                =  3.35715e+00 at=  6.94375e-08
s7lo                =  -3.90624e-02 at=  3.00603e-08


Total analysis time (seconds) = 66.6872

Total elapsed time (seconds) = 71.685 

Total DRAM available = 98304.000 MB.
DRAM currently available = 28574.078 MB.
Maximum ngspice program size =   20.234 MB.
Current ngspice program size =   20.234 MB.


======== band 7, Vctrl 0.9 V (typical_27c_3.30v) ========
* GENERATED by simenv.sh -- do not edit; edit /Users/rwalters/GitHub/gf180-pll/.loom/worktrees/issue-32/sim/vco-tuning-range/testbench/tb_vco_stages.sp instead
* tag=st_typical_T27_V3p30_B7_C0p9 libs=typical,res_typical,moscap_typical temp=27C
.include "/Users/rwalters/.volare/gf180mcuD/libs.tech/ngspice/design.ngspice"
.lib "/Users/rwalters/.volare/gf180mcuD/libs.tech/ngspice/sm141064.ngspice" typical
.lib "/Users/rwalters/.volare/gf180mcuD/libs.tech/ngspice/sm141064.ngspice" res_typical
.lib "/Users/rwalters/.volare/gf180mcuD/libs.tech/ngspice/sm141064.ngspice" moscap_typical
.temp 27
.param sim_temp=27
.param vsup=3.30
.param vctrl=0.9
.param b0=1
.param b1=1
.param b2=1
.param tsettle=3.73757e-08
.param tstop=1.02783e-07
.param tstep=5.00567e-11
.param tmax=5.00567e-11
.include "/Users/rwalters/GitHub/gf180-pll/.loom/worktrees/issue-32/sim/vco-tuning-range/testbench/tb_vco_stages.sp"
.end

======== ngspice output ========

Note: Compatibility modes selected: hs a

Warning: m=xx on .subckt line will override multiplier m hierarchy!


Circuit: * generated by simenv.sh -- do not edit; edit /users/rwalters/github/gf180-pll/.loom/worktrees/issue-32/sim/vco-tuning-range/testbench/tb_vco_stages.sp instead

Doing analysis at TEMP = 27.000000 and TNOM = 27.000000

Using SPARSE 1.3 as Direct Linear Solver

Initial Transient Solution
--------------------------

Node                                   Voltage
----                                   -------
vctl                                       0.9
q0                                           0
q1                                         3.3
q2                                         3.3
q3                                         3.3
nsup3                                      3.3
nsup5                                      3.3
nsup7                                      3.3
n3                                         3.3
n5                                         3.3
n7                                         3.3
c1                                           0
xb3.na                                0.940667
xb3.vbpc                               2.33139
xb3.nc                                0.120618
xb3.xrcg.11                           0.120389
xb3.xrcg.21                        0.000228576
xb3.nsu                              0.0130128
xb3.vfix                               1.75603
xb3.nmd                               0.755526
xb3.vbp0                               2.45559
xb3.noff                              0.765555
xb3.xroff.11                          0.765302
xb3.xroff.21                       0.000253749
xb3.nvi                               0.178394
xb3.xrdeg.11                          0.178335
xb3.xrdeg.21                       5.91299e-05
xb3.b0b                             5.4347e-09
xb3.b1b                             5.4347e-09
xb3.b2b                             5.4347e-09
xb3.vbn1                              0.738845
xb3.ga                                 2.45559
xb3.vbp2                               2.36181
xb3.gb                                0.738845
m3                                    0.969017
xb3.gc                                 2.36181
p3                                     2.16347
xa1.nh                                 1.46122
c3                                           0
xa1.nt                             3.83641e-17
xa2.nh                                     3.3
c2                                         3.3
xa2.nt                             4.44576e-09
xa3.nh                                     3.3
xa3.nt                             8.38957e-19
e1                                           0
xb5.na                                0.940667
xb5.vbpc                               2.33139
xb5.nc                                0.120618
xb5.xrcg.11                           0.120389
xb5.xrcg.21                        0.000228576
xb5.nsu                              0.0130128
xb5.vfix                               1.75603
xb5.nmd                               0.755526
xb5.vbp0                               2.45559
xb5.noff                              0.765555
xb5.xroff.11                          0.765302
xb5.xroff.21                       0.000253749
xb5.nvi                               0.178394
xb5.xrdeg.11                          0.178335
xb5.xrdeg.21                       5.91299e-05
xb5.b0b                             5.4347e-09
xb5.b1b                             5.4347e-09
xb5.b2b                             5.4347e-09
xb5.vbn1                              0.738845
xb5.ga                                 2.45559
xb5.vbp2                               2.36181
xb5.gb                                0.738845
m5                                    0.969017
xb5.gc                                 2.36181
p5                                     2.16347
xe1.nh                                 1.46122
e5                                           0
xe1.nt                            -2.78445e-17
xe2.nh                                     3.3
e2                                         3.3
xe2.nt                             4.44576e-09
xe3.nh                                     3.3
e3                                           0
xe3.nt                             8.38957e-19
xe4.nh                                     3.3
e4                                         3.3
xe4.nt                             4.44576e-09
xe5.nh                                     3.3
xe5.nt                             8.38957e-19
g1                                           0
xb7.na                                0.940667
xb7.vbpc                               2.33139
xb7.nc                                0.120618
xb7.xrcg.11                           0.120389
xb7.xrcg.21                        0.000228576
xb7.nsu                              0.0130128
xb7.vfix                               1.75603
xb7.nmd                               0.755526
xb7.vbp0                               2.45559
xb7.noff                              0.765555
xb7.xroff.11                          0.765302
xb7.xroff.21                       0.000253749
xb7.nvi                               0.178394
xb7.xrdeg.11                          0.178335
xb7.xrdeg.21                       5.91299e-05
xb7.b0b                             5.4347e-09
xb7.b1b                             5.4347e-09
xb7.b2b                             5.4347e-09
xb7.vbn1                              0.738845
xb7.ga                                 2.45559
xb7.vbp2                               2.36181
xb7.gb                                0.738845
m7                                    0.969017
xb7.gc                                 2.36181
p7                                     2.16347
xg1.nh                                 1.46122
g7                                           0
xg1.nt                             1.69892e-17
xg2.nh                                     3.3
g2                                         3.3
xg2.nt                             4.44576e-09
xg3.nh                                     3.3
g3                                           0
xg3.nt                             8.38957e-19
xg4.nh                                     3.3
g4                                         3.3
xg4.nt                             4.44576e-09
xg5.nh                                     3.3
g5                                           0
xg5.nt                             8.38957e-19
xg6.nh                                     3.3
g6                                         3.3
xg6.nt                             4.44576e-09
xg7.nh                                     3.3
xg7.nt                             8.38957e-19
vam7#branch                        0.000186402
vam5#branch                        0.000186402
vam3#branch                        0.000186402
vs7#branch                        -0.000186402
vs5#branch                        -0.000186402
vs3#branch                        -0.000186402
vq3#branch                                   0
vq2#branch                                   0
vq1#branch                                   0
vq#branch                                    0
vc#branch                                    0


No. of Data Rows : 2078

  Measurements for Transient Analysis

t3a                 =   4.01672e-08
t3b                 =   5.33830e-08
f3                  =  3.02669e+08
i3                  =  2.21788e-04 from=  3.73757e-08 to=  1.02783e-07
s3hi                =  3.04826e+00 at=  3.78014e-08
s3lo                =  5.87761e-02 at=  3.94532e-08
t5a                 =   3.89022e-08
t5b                 =   6.46036e-08
f5                  =  1.55633e+08
i5                  =  2.17925e-04 from=  3.73757e-08 to=  1.02783e-07
s5hi                =  3.34279e+00 at=  8.61561e-08
s5lo                =  -3.04548e-02 at=  5.73735e-08
t7a                 =   4.54440e-08
t7b                 =   8.15172e-08
f7                  =  1.10886e+08
i7                  =  2.17787e-04 from=  3.73757e-08 to=  1.02783e-07
s7hi                =  3.34390e+00 at=  4.90141e-08
s7lo                =  -3.35570e-02 at=  7.16898e-08


Total analysis time (seconds) = 65.6466

Total elapsed time (seconds) = 70.558 

Total DRAM available = 98304.000 MB.
DRAM currently available = 28613.734 MB.
Maximum ngspice program size =   20.250 MB.
Current ngspice program size =   20.250 MB.


======== band 7, Vctrl 2.7 V (typical_27c_3.30v) ========
* GENERATED by simenv.sh -- do not edit; edit /Users/rwalters/GitHub/gf180-pll/.loom/worktrees/issue-32/sim/vco-tuning-range/testbench/tb_vco_stages.sp instead
* tag=st_typical_T27_V3p30_B7_C2p7 libs=typical,res_typical,moscap_typical temp=27C
.include "/Users/rwalters/.volare/gf180mcuD/libs.tech/ngspice/design.ngspice"
.lib "/Users/rwalters/.volare/gf180mcuD/libs.tech/ngspice/sm141064.ngspice" typical
.lib "/Users/rwalters/.volare/gf180mcuD/libs.tech/ngspice/sm141064.ngspice" res_typical
.lib "/Users/rwalters/.volare/gf180mcuD/libs.tech/ngspice/sm141064.ngspice" moscap_typical
.temp 27
.param sim_temp=27
.param vsup=3.30
.param vctrl=2.7
.param b0=1
.param b1=1
.param b2=1
.param tsettle=1.58816e-08
.param tstop=4.36744e-08
.param tstep=2.127e-11
.param tmax=2.127e-11
.include "/Users/rwalters/GitHub/gf180-pll/.loom/worktrees/issue-32/sim/vco-tuning-range/testbench/tb_vco_stages.sp"
.end

======== ngspice output ========

Note: Compatibility modes selected: hs a

Warning: m=xx on .subckt line will override multiplier m hierarchy!


Circuit: * generated by simenv.sh -- do not edit; edit /users/rwalters/github/gf180-pll/.loom/worktrees/issue-32/sim/vco-tuning-range/testbench/tb_vco_stages.sp instead

Doing analysis at TEMP = 27.000000 and TNOM = 27.000000

Using SPARSE 1.3 as Direct Linear Solver

Initial Transient Solution
--------------------------

Node                                   Voltage
----                                   -------
vctl                                       2.7
q0                                           0
q1                                         3.3
q2                                         3.3
q3                                         3.3
nsup3                                      3.3
nsup5                                      3.3
nsup7                                      3.3
n3                                         3.3
n5                                         3.3
n7                                         3.3
c1                                           0
xb3.na                                0.940667
xb3.vbpc                               2.33139
xb3.nc                                0.120618
xb3.xrcg.11                           0.120389
xb3.xrcg.21                        0.000228576
xb3.nsu                              0.0130128
xb3.vfix                               1.75603
xb3.nmd                               0.755526
xb3.vbp0                               2.39099
xb3.noff                              0.765449
xb3.xroff.11                          0.765195
xb3.xroff.21                       0.000253714
xb3.nvi                                1.47658
xb3.xrdeg.11                           1.47609
xb3.xrdeg.21                       0.000489423
xb3.b0b                             5.4347e-09
xb3.b1b                             5.4347e-09
xb3.b2b                             5.4347e-09
xb3.vbn1                              0.803901
xb3.ga                                 2.39099
xb3.vbp2                                2.2633
xb3.gb                                0.803901
m3                                     1.13891
xb3.gc                                  2.2633
p3                                     1.96498
xa1.nh                                 1.63934
c3                                           0
xa1.nt                             4.71004e-18
xa2.nh                                     3.3
c2                                         3.3
xa2.nt                             2.79184e-09
xa3.nh                                     3.3
xa3.nt                             1.51815e-16
e1                                           0
xb5.na                                0.940667
xb5.vbpc                               2.33139
xb5.nc                                0.120618
xb5.xrcg.11                           0.120389
xb5.xrcg.21                        0.000228576
xb5.nsu                              0.0130128
xb5.vfix                               1.75603
xb5.nmd                               0.755526
xb5.vbp0                               2.39099
xb5.noff                              0.765449
xb5.xroff.11                          0.765195
xb5.xroff.21                       0.000253714
xb5.nvi                                1.47658
xb5.xrdeg.11                           1.47609
xb5.xrdeg.21                       0.000489423
xb5.b0b                             5.4347e-09
xb5.b1b                             5.4347e-09
xb5.b2b                             5.4347e-09
xb5.vbn1                              0.803901
xb5.ga                                 2.39099
xb5.vbp2                                2.2633
xb5.gb                                0.803901
m5                                     1.13891
xb5.gc                                  2.2633
p5                                     1.96498
xe1.nh                                 1.63934
e5                                           0
xe1.nt                            -5.63829e-18
xe2.nh                                     3.3
e2                                         3.3
xe2.nt                             2.79184e-09
xe3.nh                                     3.3
e3                                           0
xe3.nt                             1.51815e-16
xe4.nh                                     3.3
e4                                         3.3
xe4.nt                             2.79184e-09
xe5.nh                                     3.3
xe5.nt                             1.51815e-16
g1                                           0
xb7.na                                0.940667
xb7.vbpc                               2.33139
xb7.nc                                0.120618
xb7.xrcg.11                           0.120389
xb7.xrcg.21                        0.000228576
xb7.nsu                              0.0130128
xb7.vfix                               1.75603
xb7.nmd                               0.755526
xb7.vbp0                               2.39099
xb7.noff                              0.765449
xb7.xroff.11                          0.765195
xb7.xroff.21                       0.000253714
xb7.nvi                                1.47658
xb7.xrdeg.11                           1.47609
xb7.xrdeg.21                       0.000489423
xb7.b0b                             5.4347e-09
xb7.b1b                             5.4347e-09
xb7.b2b                             5.4347e-09
xb7.vbn1                              0.803901
xb7.ga                                 2.39099
xb7.vbp2                                2.2633
xb7.gb                                0.803901
m7                                     1.13891
xb7.gc                                  2.2633
p7                                     1.96498
xg1.nh                                 1.63934
g7                                           0
xg1.nt                             3.47552e-17
xg2.nh                                     3.3
g2                                         3.3
xg2.nt                             2.79184e-09
xg3.nh                                     3.3
g3                                           0
xg3.nt                             1.67785e-16
xg4.nh                                     3.3
g4                                         3.3
xg4.nt                             2.79184e-09
xg5.nh                                     3.3
g5                                           0
xg5.nt                             1.67785e-16
xg6.nh                                     3.3
g6                                         3.3
xg6.nt                             2.79184e-09
xg7.nh                                     3.3
xg7.nt                             1.67785e-16
vam7#branch                        0.000401651
vam5#branch                        0.000401651
vam3#branch                        0.000401651
vs7#branch                        -0.000401651
vs5#branch                        -0.000401651
vs3#branch                        -0.000401651
vq3#branch                                   0
vq2#branch                                   0
vq1#branch                                   0
vq#branch                                    0
vc#branch                                    0


No. of Data Rows : 2074

  Measurements for Transient Analysis

t3a                 =   1.65253e-08
t3b                 =   2.08249e-08
f3                  =  9.30320e+08
i3                  =  4.77779e-04 from=  1.58816e-08 to=  4.36744e-08
s3hi                =  2.86986e+00 at=  2.00653e-08
s3lo                =  2.31527e-01 at=  3.13384e-08
t5a                 =   1.77732e-08
t5b                 =   2.78322e-08
f5                  =  3.97653e+08
i5                  =  4.63787e-04 from=  1.58816e-08 to=  4.36744e-08
s5hi                =  3.36743e+00 at=  3.62731e-08
s5lo                =  -3.83542e-02 at=  1.99590e-08
t7a                 =   1.79123e-08
t7b                 =   3.21113e-08
f7                  =  2.81711e+08
i7                  =  4.63606e-04 from=  1.58816e-08 to=  4.36744e-08
s7hi                =  3.38055e+00 at=  2.28730e-08
s7lo                =  -5.24874e-02 at=  2.11288e-08


Total analysis time (seconds) = 65.4781

Total elapsed time (seconds) = 70.298 

Total DRAM available = 98304.000 MB.
DRAM currently available = 28626.797 MB.
Maximum ngspice program size =   20.141 MB.
Current ngspice program size =   20.141 MB.


