======== band 0 :: generated deck (all-fast_125c_2.97v) ========
* GENERATED by simenv.sh -- do not edit; edit /Users/rwalters/GitHub/gf180-pll/.loom/worktrees/issue-32/sim/vco-tuning-range/testbench/tb_vco_tuning.sp instead
* tag=allmfast_T125_V2p97_B0 libs=ff,res_ff,moscap_ff temp=125C
.include "/Users/rwalters/.volare/gf180mcuD/libs.tech/ngspice/design.ngspice"
.lib "/Users/rwalters/.volare/gf180mcuD/libs.tech/ngspice/sm141064.ngspice" ff
.lib "/Users/rwalters/.volare/gf180mcuD/libs.tech/ngspice/sm141064.ngspice" res_ff
.lib "/Users/rwalters/.volare/gf180mcuD/libs.tech/ngspice/sm141064.ngspice" moscap_ff
.temp 125
.param sim_temp=125
.param vsup=2.97
.param b0v=0*2.97
.param b1v=0*2.97
.param b2v=0*2.97
.param tsettle=4.70816e-07
.param tstop=1.29474e-06
.param tstep=6.25184e-10
.param tmax=6.25184e-10
.include "/Users/rwalters/GitHub/gf180-pll/.loom/worktrees/issue-32/sim/vco-tuning-range/testbench/tb_vco_tuning.sp"
.end

======== band 0 :: ngspice output ========

Note: Compatibility modes selected: hs a

Warning: m=xx on .subckt line will override multiplier m hierarchy!


Circuit: * generated by simenv.sh -- do not edit; edit /users/rwalters/github/gf180-pll/.loom/worktrees/issue-32/sim/vco-tuning-range/testbench/tb_vco_tuning.sp instead

Doing analysis at TEMP = 125.000000 and TNOM = 27.000000

Using SPARSE 1.3 as Direct Linear Solver

Initial Transient Solution
--------------------------

Node                                   Voltage
----                                   -------
vdd                                       2.97
nb0                                          0
nb1                                          0
nb2                                          0
vc1                                        0.9
vc2                                        1.2
vc3                                        1.5
vc4                                        1.8
vc5                                        2.1
vc6                                        2.4
vc7                                        2.7
nv1                                       2.97
nv2                                       2.97
nv3                                       2.97
nv4                                       2.97
nv5                                       2.97
nv6                                       2.97
nv7                                       2.97
x1.xbias.na                             1.0052
x1.xbias.vbpc                          2.04232
x1.xbias.nc                           0.223797
x1.xbias.xrcg.11                      0.223326
x1.xbias.xrcg.21                   0.000470664
x1.xbias.nsu                        0.00673726
x1.xbias.vfix                          1.52011
x1.xbias.nmd                          0.656084
x1.xbias.vbp0                           2.3132
x1.xbias.noff                         0.716915
x1.xbias.xroff.11                     0.716652
x1.xbias.xroff.21                  0.000263806
x1.xbias.nvi                          0.293329
x1.xbias.xrdeg.11                     0.293221
x1.xbias.xrdeg.21                  0.000107937
x1.xbias.b0b                              2.97
x1.xbias.b1b                              2.97
x1.xbias.b2b                              2.97
x1.xbias.vbn1                         0.543263
x1.xbias.ga                               2.97
x1.xbias.vbp2                          2.33862
x1.xbias.gb                        1.24507e-07
x1.vbn                                0.491974
x1.xbias.gc                               2.97
x1.vbp                                  2.3755
x1.xs1.nh                              0.92206
x1.y1                                        0
x1.y5                                        0
x1.xs1.nt                          9.92036e-18
x1.xs2.nh                                 2.97
x1.y2                                     2.97
x1.xs2.nt                          8.09798e-05
x1.xs3.nh                              2.96999
x1.y3                                        0
x1.xs3.nt                           1.3545e-35
x1.xs4.nh                                 2.97
x1.y4                                     2.97
x1.xs4.nt                          8.09798e-05
x1.xs5.nh                              2.96999
x1.xs5.nt                           1.3545e-35
x1.nb1                                    2.97
x1.nb2                             4.47941e-07
clk1                                      2.97
x1.xcdec1.c_moscap_int1                  -2.97
x1.xcdec2.c_moscap_int1                  -2.97
x2.xbias.na                             1.0052
x2.xbias.vbpc                          2.04232
x2.xbias.nc                           0.223797
x2.xbias.xrcg.11                      0.223326
x2.xbias.xrcg.21                   0.000470664
x2.xbias.nsu                        0.00673726
x2.xbias.vfix                          1.52011
x2.xbias.nmd                          0.656084
x2.xbias.vbp0                          2.29665
x2.xbias.noff                         0.716889
x2.xbias.xroff.11                     0.716625
x2.xbias.xroff.21                  0.000263796
x2.xbias.nvi                          0.492849
x2.xbias.xrdeg.11                     0.492668
x2.xbias.xrdeg.21                  0.000181355
x2.xbias.b0b                              2.97
x2.xbias.b1b                              2.97
x2.xbias.b2b                              2.97
x2.xbias.vbn1                         0.557417
x2.xbias.ga                               2.97
x2.xbias.vbp2                          2.32398
x2.xbias.gb                        1.24803e-07
x2.vbn                                0.503244
x2.xbias.gc                               2.97
x2.vbp                                 2.36313
x2.xs1.nh                             0.932573
x2.y1                                        0
x2.y5                                        0
x2.xs1.nt                         -7.03791e-22
x2.xs2.nh                                 2.97
x2.y2                                     2.97
x2.xs2.nt                          7.12625e-05
x2.xs3.nh                              2.96999
x2.y3                                        0
x2.xs3.nt                          1.15734e-43
x2.xs4.nh                                 2.97
x2.y4                                     2.97
x2.xs4.nt                          7.12625e-05
x2.xs5.nh                              2.96999
x2.xs5.nt                          1.15734e-43
x2.nb1                                    2.97
x2.nb2                             4.47941e-07
clk2                                      2.97
x2.xcdec1.c_moscap_int1                  -2.97
x2.xcdec2.c_moscap_int1                  -2.97
x3.xbias.na                             1.0052
x3.xbias.vbpc                          2.04232
x3.xbias.nc                           0.223797
x3.xbias.xrcg.11                      0.223326
x3.xbias.xrcg.21                   0.000470664
x3.xbias.nsu                        0.00673726
x3.xbias.vfix                          1.52011
x3.xbias.nmd                          0.656084
x3.xbias.vbp0                          2.28118
x3.xbias.noff                         0.716864
x3.xbias.xroff.11                     0.716601
x3.xbias.xroff.21                  0.000263787
x3.xbias.nvi                          0.702542
x3.xbias.xrdeg.11                     0.702284
x3.xbias.xrdeg.21                  0.000258517
x3.xbias.b0b                              2.97
x3.xbias.b1b                              2.97
x3.xbias.b2b                              2.97
x3.xbias.vbn1                         0.570602
x3.xbias.ga                               2.97
x3.xbias.vbp2                          2.31039
x3.xbias.gb                        1.25077e-07
x3.vbn                                0.513543
x3.xbias.gc                               2.97
x3.vbp                                 2.35178
x3.xs1.nh                              0.94224
x3.y1                                        0
x3.y5                                        0
x3.xs1.nt                         -2.58506e-21
x3.xs2.nh                                 2.97
x3.y2                                     2.97
x3.xs2.nt                          6.37489e-05
x3.xs3.nh                              2.96999
x3.y3                                        0
x3.xs3.nt                         -2.09203e-35
x3.xs4.nh                                 2.97
x3.y4                                     2.97
x3.xs4.nt                          6.37489e-05
x3.xs5.nh                              2.96999
x3.xs5.nt                         -2.09203e-35
x3.nb1                                    2.97
x3.nb2                             4.47941e-07
clk3                                      2.97
x3.xcdec1.c_moscap_int1                  -2.97
x3.xcdec2.c_moscap_int1                  -2.97
x4.xbias.na                             1.0052
x4.xbias.vbpc                          2.04232
x4.xbias.nc                           0.223797
x4.xbias.xrcg.11                      0.223326
x4.xbias.xrcg.21                   0.000470664
x4.xbias.nsu                        0.00673726
x4.xbias.vfix                          1.52011
x4.xbias.nmd                          0.656084
x4.xbias.vbp0                          2.26676
x4.xbias.noff                         0.716841
x4.xbias.xroff.11                     0.716577
x4.xbias.xroff.21                  0.000263778
x4.xbias.nvi                           0.91899
x4.xbias.xrdeg.11                     0.918652
x4.xbias.xrdeg.21                  0.000338163
x4.xbias.b0b                              2.97
x4.xbias.b1b                              2.97
x4.xbias.b2b                              2.97
x4.xbias.vbn1                          0.58287
x4.xbias.ga                               2.97
x4.xbias.vbp2                          2.29781
x4.xbias.gb                        1.25331e-07
x4.vbn                                0.522956
x4.xbias.gc                               2.97
x4.vbp                                 2.34137
x4.xs1.nh                             0.951125
x4.y1                                        0
x4.y5                                        0
x4.xs1.nt                          6.71015e-22
x4.xs2.nh                                 2.97
x4.y2                                     2.97
x4.xs2.nt                          5.78315e-05
x4.xs3.nh                              2.96999
x4.y3                                        0
x4.xs3.nt                         -3.22678e-35
x4.xs4.nh                                 2.97
x4.y4                                     2.97
x4.xs4.nt                          5.78315e-05
x4.xs5.nh                              2.96999
x4.xs5.nt                         -3.22678e-35
x4.nb1                                    2.97
x4.nb2                             4.47941e-07
clk4                                      2.97
x4.xcdec1.c_moscap_int1                  -2.97
x4.xcdec2.c_moscap_int1                  -2.97
x5.xbias.na                             1.0052
x5.xbias.vbpc                          2.04232
x5.xbias.nc                           0.223797
x5.xbias.xrcg.11                      0.223326
x5.xbias.xrcg.21                   0.000470664
x5.xbias.nsu                        0.00673726
x5.xbias.vfix                          1.52011
x5.xbias.nmd                          0.656084
x5.xbias.vbp0                          2.25324
x5.xbias.noff                          0.71682
x5.xbias.xroff.11                     0.716556
x5.xbias.xroff.21                   0.00026377
x5.xbias.nvi                           1.14054
x5.xbias.xrdeg.11                      1.14012
x5.xbias.xrdeg.21                  0.000419688
x5.xbias.b0b                              2.97
x5.xbias.b1b                              2.97
x5.xbias.b2b                              2.97
x5.xbias.vbn1                         0.594346
x5.xbias.ga                               2.97
x5.xbias.vbp2                          2.28609
x5.xbias.gb                        1.25567e-07
x5.vbn                                0.531621
x5.xbias.gc                               2.97
x5.vbp                                 2.33176
x5.xs1.nh                             0.959342
x5.y1                                        0
x5.y5                                        0
x5.xs1.nt                         -4.12004e-22
x5.xs2.nh                                 2.97
x5.y2                                     2.97
x5.xs2.nt                           5.3065e-05
x5.xs3.nh                              2.96999
x5.y3                                        0
x5.xs3.nt                          3.03774e-35
x5.xs4.nh                                 2.97
x5.y4                                     2.97
x5.xs4.nt                           5.3065e-05
x5.xs5.nh                              2.96999
x5.xs5.nt                          3.03774e-35
x5.nb1                                    2.97
x5.nb2                             4.47941e-07
clk5                                      2.97
x5.xcdec1.c_moscap_int1                  -2.97
x5.xcdec2.c_moscap_int1                  -2.97
x6.xbias.na                             1.0052
x6.xbias.vbpc                          2.04232
x6.xbias.nc                           0.223797
x6.xbias.xrcg.11                      0.223326
x6.xbias.xrcg.21                   0.000470664
x6.xbias.nsu                        0.00673726
x6.xbias.vfix                          1.52011
x6.xbias.nmd                          0.656084
x6.xbias.vbp0                          2.24049
x6.xbias.noff                         0.716799
x6.xbias.xroff.11                     0.716535
x6.xbias.xroff.21                  0.000263763
x6.xbias.nvi                            1.3662
x6.xbias.xrdeg.11                       1.3657
x6.xbias.xrdeg.21                  0.000502725
x6.xbias.b0b                              2.97
x6.xbias.b1b                              2.97
x6.xbias.b2b                              2.97
x6.xbias.vbn1                          0.60515
x6.xbias.ga                               2.97
x6.xbias.vbp2                           2.2751
x6.xbias.gb                        1.25789e-07
x6.vbn                                0.539658
x6.xbias.gc                               2.97
x6.vbp                                 2.32282
x6.xs1.nh                             0.966994
x6.y1                                        0
x6.y5                                        0
x6.xs1.nt                          1.03457e-22
x6.xs2.nh                                 2.97
x6.y2                                     2.97
x6.xs2.nt                          4.91458e-05
x6.xs3.nh                              2.96999
x6.y3                                        0
x6.xs3.nt                          1.45346e-52
x6.xs4.nh                                 2.97
x6.y4                                     2.97
x6.xs4.nt                          4.91458e-05
x6.xs5.nh                              2.96999
x6.xs5.nt                          1.45346e-52
x6.nb1                                    2.97
x6.nb2                             4.47941e-07
clk6                                      2.97
x6.xcdec1.c_moscap_int1                  -2.97
x6.xcdec2.c_moscap_int1                  -2.97
x7.xbias.na                             1.0052
x7.xbias.vbpc                          2.04232
x7.xbias.nc                           0.223797
x7.xbias.xrcg.11                      0.223326
x7.xbias.xrcg.21                   0.000470664
x7.xbias.nsu                        0.00673726
x7.xbias.vfix                          1.52011
x7.xbias.nmd                          0.656084
x7.xbias.vbp0                           2.2284
x7.xbias.noff                          0.71678
x7.xbias.xroff.11                     0.716516
x7.xbias.xroff.21                  0.000263756
x7.xbias.nvi                           1.59526
x7.xbias.xrdeg.11                      1.59467
x7.xbias.xrdeg.21                  0.000587011
x7.xbias.b0b                              2.97
x7.xbias.b1b                              2.97
x7.xbias.b2b                              2.97
x7.xbias.vbn1                         0.615378
x7.xbias.ga                               2.97
x7.xbias.vbp2                          2.26474
x7.xbias.gb                        1.25998e-07
x7.vbn                                0.547163
x7.xbias.gc                               2.97
x7.vbp                                 2.31445
x7.xs1.nh                             0.974167
x7.y1                                        0
x7.y5                                        0
x7.xs1.nt                         -3.43116e-22
x7.xs2.nh                                 2.97
x7.y2                                     2.97
x7.xs2.nt                          4.58659e-05
x7.xs3.nh                              2.96999
x7.y3                                        0
x7.xs3.nt                          2.07467e-27
x7.xs4.nh                                 2.97
x7.y4                                     2.97
x7.xs4.nt                          4.58659e-05
x7.xs5.nh                              2.96999
x7.xs5.nt                          2.07467e-27
x7.nb1                                    2.97
x7.nb2                             4.47941e-07
clk7                                      2.97
x7.xcdec1.c_moscap_int1                  -2.97
x7.xcdec2.c_moscap_int1                  -2.97
e.x7.xcdec2.ec_moscap#branch                 0
e.x7.xcdec1.ec_moscap#branch                 0
e.x6.xcdec2.ec_moscap#branch                 0
e.x6.xcdec1.ec_moscap#branch                 0
e.x5.xcdec2.ec_moscap#branch                 0
e.x5.xcdec1.ec_moscap#branch                 0
e.x4.xcdec2.ec_moscap#branch                 0
e.x4.xcdec1.ec_moscap#branch                 0
e.x3.xcdec2.ec_moscap#branch                 0
e.x3.xcdec1.ec_moscap#branch                 0
e.x2.xcdec2.ec_moscap#branch                 0
e.x2.xcdec1.ec_moscap#branch                 0
e.x1.xcdec2.ec_moscap#branch                 0
e.x1.xcdec1.ec_moscap#branch                 0
vs7#branch                          0.00011814
vs6#branch                         0.000110883
vs5#branch                         0.000103718
vs4#branch                         9.66664e-05
vs3#branch                         8.97582e-05
vs2#branch                         8.30443e-05
vs1#branch                         7.66325e-05
vv7#branch                                   0
vv6#branch                                   0
vv5#branch                                   0
vv4#branch                                   0
vv3#branch                                   0
vv2#branch                                   0
vv1#branch                                   0
vb2#branch                                   0
vb1#branch                                   0
vb0#branch                                   0
vdd#branch                        -0.000678842


No. of Data Rows : 2522

  Measurements for Transient Analysis

tp1                 =  6.20251e-07 targ=  1.24024e-06 trig=  6.19986e-07
tp2                 =  5.20858e-07 targ=  1.04196e-06 trig=  5.21101e-07
tp3                 =  4.46490e-07 targ=  1.00423e-06 trig=  5.57740e-07
tp4                 =  3.88491e-07 targ=  8.74406e-07 trig=  4.85915e-07
tp5                 =  3.43330e-07 targ=  8.58733e-07 trig=  5.15403e-07
tp6                 =  3.06682e-07 targ=  8.44058e-07 trig=  5.37376e-07
tp7                 =  2.76749e-07 targ=  7.61577e-07 trig=  4.84828e-07
f1                  =  6.44900e+06
f2                  =  7.67964e+06
f3                  =  8.95877e+06
f4                  =  1.02962e+07
f5                  =  1.16506e+07
f6                  =  1.30428e+07
f7                  =  1.44535e+07
i1                  =  9.25469e-05 from=  4.70816e-07 to=  1.29474e-06
i2                  =  9.97753e-05 from=  4.70816e-07 to=  1.29474e-06
i3                  =  1.08542e-04 from=  4.70816e-07 to=  1.29474e-06
i4                  =  1.16229e-04 from=  4.70816e-07 to=  1.29474e-06
i5                  =  1.24328e-04 from=  4.70816e-07 to=  1.29474e-06
i6                  =  1.31879e-04 from=  4.70816e-07 to=  1.29474e-06
i7                  =  1.39706e-04 from=  4.70816e-07 to=  1.29474e-06
sw1hi               =  3.03401e+00 at=  6.20813e-07
sw1lo               =  -6.17086e-02 at=  5.37688e-07
sw7hi               =  3.04548e+00 at=  9.00667e-07
sw7lo               =  -6.84042e-02 at=  5.87152e-07


Total analysis time (seconds) = 331.726

Total elapsed time (seconds) = 344.482 

Total DRAM available = 98304.000 MB.
DRAM currently available = 24490.469 MB.
Maximum ngspice program size =   23.781 MB.
Current ngspice program size =   23.781 MB.


======== band 1 :: generated deck (all-fast_125c_2.97v) ========
* GENERATED by simenv.sh -- do not edit; edit /Users/rwalters/GitHub/gf180-pll/.loom/worktrees/issue-32/sim/vco-tuning-range/testbench/tb_vco_tuning.sp instead
* tag=allmfast_T125_V2p97_B1 libs=ff,res_ff,moscap_ff temp=125C
.include "/Users/rwalters/.volare/gf180mcuD/libs.tech/ngspice/design.ngspice"
.lib "/Users/rwalters/.volare/gf180mcuD/libs.tech/ngspice/sm141064.ngspice" ff
.lib "/Users/rwalters/.volare/gf180mcuD/libs.tech/ngspice/sm141064.ngspice" res_ff
.lib "/Users/rwalters/.volare/gf180mcuD/libs.tech/ngspice/sm141064.ngspice" moscap_ff
.temp 125
.param sim_temp=125
.param vsup=2.97
.param b0v=1*2.97
.param b1v=0*2.97
.param b2v=0*2.97
.param tsettle=2.85343e-07
.param tstop=7.84694e-07
.param tstep=3.789e-10
.param tmax=3.789e-10
.include "/Users/rwalters/GitHub/gf180-pll/.loom/worktrees/issue-32/sim/vco-tuning-range/testbench/tb_vco_tuning.sp"
.end

======== band 1 :: ngspice output ========

Note: Compatibility modes selected: hs a

Warning: m=xx on .subckt line will override multiplier m hierarchy!


Circuit: * generated by simenv.sh -- do not edit; edit /users/rwalters/github/gf180-pll/.loom/worktrees/issue-32/sim/vco-tuning-range/testbench/tb_vco_tuning.sp instead

Doing analysis at TEMP = 125.000000 and TNOM = 27.000000

Using SPARSE 1.3 as Direct Linear Solver

Initial Transient Solution
--------------------------

Node                                   Voltage
----                                   -------
vdd                                       2.97
nb0                                       2.97
nb1                                          0
nb2                                          0
vc1                                        0.9
vc2                                        1.2
vc3                                        1.5
vc4                                        1.8
vc5                                        2.1
vc6                                        2.4
vc7                                        2.7
nv1                                       2.97
nv2                                       2.97
nv3                                       2.97
nv4                                       2.97
nv5                                       2.97
nv6                                       2.97
nv7                                       2.97
x1.xbias.na                             1.0052
x1.xbias.vbpc                          2.04232
x1.xbias.nc                           0.223797
x1.xbias.xrcg.11                      0.223326
x1.xbias.xrcg.21                   0.000470664
x1.xbias.nsu                        0.00673726
x1.xbias.vfix                          1.52011
x1.xbias.nmd                          0.656084
x1.xbias.vbp0                           2.3132
x1.xbias.noff                         0.716915
x1.xbias.xroff.11                     0.716652
x1.xbias.xroff.21                  0.000263806
x1.xbias.nvi                          0.293329
x1.xbias.xrdeg.11                     0.293221
x1.xbias.xrdeg.21                  0.000107937
x1.xbias.b0b                       4.14167e-07
x1.xbias.b1b                              2.97
x1.xbias.b2b                              2.97
x1.xbias.vbn1                         0.584821
x1.xbias.ga                             2.3132
x1.xbias.vbp2                          2.29582
x1.xbias.gb                        1.25371e-07
x1.vbn                                0.524439
x1.xbias.gc                               2.97
x1.vbp                                 2.33973
x1.xs1.nh                             0.952529
x1.y1                                        0
x1.y5                                        0
x1.xs1.nt                         -8.87366e-16
x1.xs2.nh                                 2.97
x1.y2                                     2.97
x1.xs2.nt                          5.69724e-05
x1.xs3.nh                              2.96999
x1.y3                                        0
x1.xs3.nt                         -5.69769e-27
x1.xs4.nh                                 2.97
x1.y4                                     2.97
x1.xs4.nt                          5.69724e-05
x1.xs5.nh                              2.96999
x1.xs5.nt                         -5.69769e-27
x1.nb1                                    2.97
x1.nb2                             4.47941e-07
clk1                                      2.97
x1.xcdec1.c_moscap_int1                  -2.97
x1.xcdec2.c_moscap_int1                  -2.97
x2.xbias.na                             1.0052
x2.xbias.vbpc                          2.04232
x2.xbias.nc                           0.223797
x2.xbias.xrcg.11                      0.223326
x2.xbias.xrcg.21                   0.000470664
x2.xbias.nsu                        0.00673726
x2.xbias.vfix                          1.52011
x2.xbias.nmd                          0.656084
x2.xbias.vbp0                          2.29665
x2.xbias.noff                         0.716889
x2.xbias.xroff.11                     0.716625
x2.xbias.xroff.21                  0.000263796
x2.xbias.nvi                          0.492849
x2.xbias.xrdeg.11                     0.492668
x2.xbias.xrdeg.21                  0.000181355
x2.xbias.b0b                       4.14167e-07
x2.xbias.b1b                              2.97
x2.xbias.b2b                              2.97
x2.xbias.vbn1                         0.601361
x2.xbias.ga                            2.29665
x2.xbias.vbp2                          2.27895
x2.xbias.gb                        1.25711e-07
x2.vbn                                0.536852
x2.xbias.gc                               2.97
x2.vbp                                 2.32594
x2.xs1.nh                              0.96432
x2.y1                                        0
x2.y5                                        0
x2.xs1.nt                         -7.90584e-19
x2.xs2.nh                                 2.97
x2.y2                                     2.97
x2.xs2.nt                          5.04633e-05
x2.xs3.nh                              2.96999
x2.y3                                        0
x2.xs3.nt                         -1.17751e-18
x2.xs4.nh                                 2.97
x2.y4                                     2.97
x2.xs4.nt                          5.04633e-05
x2.xs5.nh                              2.96999
x2.xs5.nt                         -1.17751e-18
x2.nb1                                    2.97
x2.nb2                             4.47941e-07
clk2                                      2.97
x2.xcdec1.c_moscap_int1                  -2.97
x2.xcdec2.c_moscap_int1                  -2.97
x3.xbias.na                             1.0052
x3.xbias.vbpc                          2.04232
x3.xbias.nc                           0.223797
x3.xbias.xrcg.11                      0.223326
x3.xbias.xrcg.21                   0.000470664
x3.xbias.nsu                        0.00673726
x3.xbias.vfix                          1.52011
x3.xbias.nmd                          0.656084
x3.xbias.vbp0                          2.28118
x3.xbias.noff                         0.716864
x3.xbias.xroff.11                     0.716601
x3.xbias.xroff.21                  0.000263787
x3.xbias.nvi                          0.702542
x3.xbias.xrdeg.11                     0.702284
x3.xbias.xrdeg.21                  0.000258517
x3.xbias.b0b                       4.14167e-07
x3.xbias.b1b                              2.97
x3.xbias.b2b                              2.97
x3.xbias.vbn1                         0.616949
x3.xbias.ga                            2.28118
x3.xbias.vbp2                          2.26315
x3.xbias.gb                         1.2603e-07
x3.vbn                                0.548308
x3.xbias.gc                               2.97
x3.vbp                                 2.31318
x3.xs1.nh                             0.975263
x3.y1                                        0
x3.y5                                        0
x3.xs1.nt                         -1.24382e-17
x3.xs2.nh                                 2.97
x3.y2                                     2.97
x3.xs2.nt                          4.53951e-05
x3.xs3.nh                              2.96999
x3.y3                                        0
x3.xs3.nt                          5.03679e-19
x3.xs4.nh                                 2.97
x3.y4                                     2.97
x3.xs4.nt                          4.53951e-05
x3.xs5.nh                              2.96999
x3.xs5.nt                          5.03679e-19
x3.nb1                                    2.97
x3.nb2                             4.47941e-07
clk3                                      2.97
x3.xcdec1.c_moscap_int1                  -2.97
x3.xcdec2.c_moscap_int1                  -2.97
x4.xbias.na                             1.0052
x4.xbias.vbpc                          2.04232
x4.xbias.nc                           0.223797
x4.xbias.xrcg.11                      0.223326
x4.xbias.xrcg.21                   0.000470664
x4.xbias.nsu                        0.00673726
x4.xbias.vfix                          1.52011
x4.xbias.nmd                          0.656084
x4.xbias.vbp0                          2.26676
x4.xbias.noff                         0.716841
x4.xbias.xroff.11                     0.716577
x4.xbias.xroff.21                  0.000263778
x4.xbias.nvi                           0.91899
x4.xbias.xrdeg.11                     0.918652
x4.xbias.xrdeg.21                  0.000338163
x4.xbias.b0b                       4.14167e-07
x4.xbias.b1b                              2.97
x4.xbias.b2b                              2.97
x4.xbias.vbn1                         0.631602
x4.xbias.ga                            2.26676
x4.xbias.vbp2                          2.24837
x4.xbias.gb                        1.26328e-07
x4.vbn                                0.558877
x4.xbias.gc                               2.97
x4.vbp                                 2.30136
x4.xs1.nh                             0.985405
x4.y1                                        0
x4.y5                                        0
x4.xs1.nt                          6.40707e-18
x4.xs2.nh                                 2.97
x4.y2                                     2.97
x4.xs2.nt                          4.13788e-05
x4.xs3.nh                              2.96999
x4.y3                                        0
x4.xs3.nt                          5.24165e-19
x4.xs4.nh                                 2.97
x4.y4                                     2.97
x4.xs4.nt                          4.13788e-05
x4.xs5.nh                              2.96999
x4.xs5.nt                          5.24165e-19
x4.nb1                                    2.97
x4.nb2                             4.47941e-07
clk4                                      2.97
x4.xcdec1.c_moscap_int1                  -2.97
x4.xcdec2.c_moscap_int1                  -2.97
x5.xbias.na                             1.0052
x5.xbias.vbpc                          2.04232
x5.xbias.nc                           0.223797
x5.xbias.xrcg.11                      0.223326
x5.xbias.xrcg.21                   0.000470664
x5.xbias.nsu                        0.00673726
x5.xbias.vfix                          1.52011
x5.xbias.nmd                          0.656084
x5.xbias.vbp0                          2.25324
x5.xbias.noff                          0.71682
x5.xbias.xroff.11                     0.716556
x5.xbias.xroff.21                   0.00026377
x5.xbias.nvi                           1.14054
x5.xbias.xrdeg.11                      1.14012
x5.xbias.xrdeg.21                  0.000419688
x5.xbias.b0b                       4.14167e-07
x5.xbias.b1b                              2.97
x5.xbias.b2b                              2.97
x5.xbias.vbn1                         0.645433
x5.xbias.ga                            2.25324
x5.xbias.vbp2                          2.23449
x5.xbias.gb                        1.26608e-07
x5.vbn                                0.568688
x5.xbias.gc                               2.97
x5.vbp                                 2.29037
x5.xs1.nh                             0.994858
x5.y1                                        0
x5.y5                                        0
x5.xs1.nt                          2.89832e-18
x5.xs2.nh                                 2.97
x5.y2                                     2.97
x5.xs2.nt                          3.81259e-05
x5.xs3.nh                              2.96999
x5.y3                                        0
x5.xs3.nt                         -1.59312e-18
x5.xs4.nh                                 2.97
x5.y4                                     2.97
x5.xs4.nt                          3.81259e-05
x5.xs5.nh                              2.96999
x5.xs5.nt                         -1.59312e-18
x5.nb1                                    2.97
x5.nb2                             4.47941e-07
clk5                                      2.97
x5.xcdec1.c_moscap_int1                  -2.97
x5.xcdec2.c_moscap_int1                  -2.97
x6.xbias.na                             1.0052
x6.xbias.vbpc                          2.04232
x6.xbias.nc                           0.223797
x6.xbias.xrcg.11                      0.223326
x6.xbias.xrcg.21                   0.000470664
x6.xbias.nsu                        0.00673726
x6.xbias.vfix                          1.52011
x6.xbias.nmd                          0.656084
x6.xbias.vbp0                          2.24049
x6.xbias.noff                         0.716799
x6.xbias.xroff.11                     0.716535
x6.xbias.xroff.21                  0.000263763
x6.xbias.nvi                            1.3662
x6.xbias.xrdeg.11                       1.3657
x6.xbias.xrdeg.21                  0.000502725
x6.xbias.b0b                       4.14167e-07
x6.xbias.b1b                              2.97
x6.xbias.b2b                              2.97
x6.xbias.vbn1                         0.658556
x6.xbias.ga                            2.24049
x6.xbias.vbp2                          2.22138
x6.xbias.gb                        1.26872e-07
x6.vbn                                0.577859
x6.xbias.gc                               2.97
x6.vbp                                 2.28007
x6.xs1.nh                              1.00372
x6.y1                                        0
x6.y5                                        0
x6.xs1.nt                         -1.83218e-30
x6.xs2.nh                                 2.97
x6.y2                                     2.97
x6.xs2.nt                          3.54381e-05
x6.xs3.nh                                 2.97
x6.y3                                        0
x6.xs3.nt                         -3.75391e-44
x6.xs4.nh                                 2.97
x6.y4                                     2.97
x6.xs4.nt                          3.54381e-05
x6.xs5.nh                                 2.97
x6.xs5.nt                         -3.75391e-44
x6.nb1                                    2.97
x6.nb2                             4.47941e-07
clk6                                      2.97
x6.xcdec1.c_moscap_int1                  -2.97
x6.xcdec2.c_moscap_int1                  -2.97
x7.xbias.na                             1.0052
x7.xbias.vbpc                          2.04232
x7.xbias.nc                           0.223797
x7.xbias.xrcg.11                      0.223326
x7.xbias.xrcg.21                   0.000470664
x7.xbias.nsu                        0.00673726
x7.xbias.vfix                          1.52011
x7.xbias.nmd                          0.656084
x7.xbias.vbp0                           2.2284
x7.xbias.noff                          0.71678
x7.xbias.xroff.11                     0.716516
x7.xbias.xroff.21                  0.000263756
x7.xbias.nvi                           1.59526
x7.xbias.xrdeg.11                      1.59467
x7.xbias.xrdeg.21                  0.000587011
x7.xbias.b0b                       4.14167e-07
x7.xbias.b1b                              2.97
x7.xbias.b2b                              2.97
x7.xbias.vbn1                         0.671066
x7.xbias.ga                             2.2284
x7.xbias.vbp2                          2.20893
x7.xbias.gb                        1.27123e-07
x7.vbn                                0.586487
x7.xbias.gc                               2.97
x7.vbp                                 2.27037
x7.xs1.nh                              1.01209
x7.y1                                        0
x7.y5                                        0
x7.xs1.nt                          4.66233e-18
x7.xs2.nh                                 2.97
x7.y2                                     2.97
x7.xs2.nt                          3.31789e-05
x7.xs3.nh                                 2.97
x7.y3                                        0
x7.xs3.nt                          1.05058e-26
x7.xs4.nh                                 2.97
x7.y4                                     2.97
x7.xs4.nt                          3.31789e-05
x7.xs5.nh                                 2.97
x7.xs5.nt                          1.05058e-26
x7.nb1                                    2.97
x7.nb2                             4.47941e-07
clk7                                      2.97
x7.xcdec1.c_moscap_int1                  -2.97
x7.xcdec2.c_moscap_int1                  -2.97
e.x7.xcdec2.ec_moscap#branch                 0
e.x7.xcdec1.ec_moscap#branch                 0
e.x6.xcdec2.ec_moscap#branch                 0
e.x6.xcdec1.ec_moscap#branch                 0
e.x5.xcdec2.ec_moscap#branch                 0
e.x5.xcdec1.ec_moscap#branch                 0
e.x4.xcdec2.ec_moscap#branch                 0
e.x4.xcdec1.ec_moscap#branch                 0
e.x3.xcdec2.ec_moscap#branch                 0
e.x3.xcdec1.ec_moscap#branch                 0
e.x2.xcdec2.ec_moscap#branch                 0
e.x2.xcdec1.ec_moscap#branch                 0
e.x1.xcdec2.ec_moscap#branch                 0
e.x1.xcdec1.ec_moscap#branch                 0
vs7#branch                         0.000143566
vs6#branch                         0.000133875
vs5#branch                         0.000124305
vs4#branch                         0.000114885
vs3#branch                         0.000105654
vs2#branch                         9.66802e-05
vs1#branch                         8.81067e-05
vv7#branch                                   0
vv6#branch                                   0
vv5#branch                                   0
vv4#branch                                   0
vv3#branch                                   0
vv2#branch                                   0
vv1#branch                                   0
vb2#branch                                   0
vb1#branch                                   0
vb0#branch                                   0
vdd#branch                        -0.000807072


No. of Data Rows : 2519

  Measurements for Transient Analysis

tp1                 =  3.80322e-07 targ=  7.60863e-07 trig=  3.80540e-07
tp2                 =  3.19035e-07 targ=  6.38121e-07 trig=  3.19086e-07
tp3                 =  2.72689e-07 targ=  6.13598e-07 trig=  3.40909e-07
tp4                 =  2.36983e-07 targ=  5.33563e-07 trig=  2.96580e-07
tp5                 =  2.08996e-07 targ=  5.22675e-07 trig=  3.13679e-07
tp6                 =  1.86415e-07 targ=  5.12683e-07 trig=  3.26269e-07
tp7                 =  1.67852e-07 targ=  4.61965e-07 trig=  2.94112e-07
f1                  =  1.05174e+07
f2                  =  1.25378e+07
f3                  =  1.46687e+07
f4                  =  1.68789e+07
f5                  =  1.91391e+07
f6                  =  2.14575e+07
f7                  =  2.38305e+07
i1                  =  1.06646e-04 from=  2.85343e-07 to=  7.84694e-07
i2                  =  1.16827e-04 from=  2.85343e-07 to=  7.84694e-07
i3                  =  1.28716e-04 from=  2.85343e-07 to=  7.84694e-07
i4                  =  1.37815e-04 from=  2.85343e-07 to=  7.84694e-07
i5                  =  1.48175e-04 from=  2.85343e-07 to=  7.84694e-07
i6                  =  1.59871e-04 from=  2.85343e-07 to=  7.84694e-07
i7                  =  1.71393e-04 from=  2.85343e-07 to=  7.84694e-07
sw1hi               =  3.04603e+00 at=  3.80966e-07
sw1lo               =  -7.88178e-02 at=  6.15365e-07
sw7hi               =  3.06617e+00 at=  7.56181e-07
sw7lo               =  -9.91056e-02 at=  6.08003e-07


Total analysis time (seconds) = 320.004

Total elapsed time (seconds) = 332.301 

Total DRAM available = 98304.000 MB.
DRAM currently available = 22690.578 MB.
Maximum ngspice program size =   23.844 MB.
Current ngspice program size =   23.844 MB.


======== band 2 :: generated deck (all-fast_125c_2.97v) ========
* GENERATED by simenv.sh -- do not edit; edit /Users/rwalters/GitHub/gf180-pll/.loom/worktrees/issue-32/sim/vco-tuning-range/testbench/tb_vco_tuning.sp instead
* tag=allmfast_T125_V2p97_B2 libs=ff,res_ff,moscap_ff temp=125C
.include "/Users/rwalters/.volare/gf180mcuD/libs.tech/ngspice/design.ngspice"
.lib "/Users/rwalters/.volare/gf180mcuD/libs.tech/ngspice/sm141064.ngspice" ff
.lib "/Users/rwalters/.volare/gf180mcuD/libs.tech/ngspice/sm141064.ngspice" res_ff
.lib "/Users/rwalters/.volare/gf180mcuD/libs.tech/ngspice/sm141064.ngspice" moscap_ff
.temp 125
.param sim_temp=125
.param vsup=2.97
.param b0v=0*2.97
.param b1v=1*2.97
.param b2v=0*2.97
.param tsettle=1.72935e-07
.param tstop=4.75571e-07
.param tstep=2.29636e-10
.param tmax=2.29636e-10
.include "/Users/rwalters/GitHub/gf180-pll/.loom/worktrees/issue-32/sim/vco-tuning-range/testbench/tb_vco_tuning.sp"
.end

======== band 2 :: ngspice output ========

Note: Compatibility modes selected: hs a

Warning: m=xx on .subckt line will override multiplier m hierarchy!


Circuit: * generated by simenv.sh -- do not edit; edit /users/rwalters/github/gf180-pll/.loom/worktrees/issue-32/sim/vco-tuning-range/testbench/tb_vco_tuning.sp instead

Doing analysis at TEMP = 125.000000 and TNOM = 27.000000

Using SPARSE 1.3 as Direct Linear Solver

Initial Transient Solution
--------------------------

Node                                   Voltage
----                                   -------
vdd                                       2.97
nb0                                          0
nb1                                       2.97
nb2                                          0
vc1                                        0.9
vc2                                        1.2
vc3                                        1.5
vc4                                        1.8
vc5                                        2.1
vc6                                        2.4
vc7                                        2.7
nv1                                       2.97
nv2                                       2.97
nv3                                       2.97
nv4                                       2.97
nv5                                       2.97
nv6                                       2.97
nv7                                       2.97
x1.xbias.na                             1.0052
x1.xbias.vbpc                          2.04232
x1.xbias.nc                           0.223797
x1.xbias.xrcg.11                      0.223326
x1.xbias.xrcg.21                   0.000470664
x1.xbias.nsu                        0.00673726
x1.xbias.vfix                          1.52011
x1.xbias.nmd                          0.656084
x1.xbias.vbp0                           2.3132
x1.xbias.noff                         0.716915
x1.xbias.xroff.11                     0.716652
x1.xbias.xroff.21                  0.000263806
x1.xbias.nvi                          0.293329
x1.xbias.xrdeg.11                     0.293221
x1.xbias.xrdeg.21                  0.000107937
x1.xbias.b0b                              2.97
x1.xbias.b1b                       4.14167e-07
x1.xbias.b2b                              2.97
x1.xbias.vbn1                         0.543263
x1.xbias.ga                               2.97
x1.xbias.vbp2                           2.2442
x1.xbias.gb                           0.543263
x1.vbn                                0.561835
x1.xbias.gc                               2.97
x1.vbp                                 2.29805
x1.xs1.nh                             0.988252
x1.y1                                        0
x1.y5                                        0
x1.xs1.nt                         -2.35659e-13
x1.xs2.nh                                 2.97
x1.y2                                     2.97
x1.xs2.nt                          4.03531e-05
x1.xs3.nh                              2.96999
x1.y3                                        0
x1.xs3.nt                         -5.09428e-17
x1.xs4.nh                                 2.97
x1.y4                                     2.97
x1.xs4.nt                          4.03531e-05
x1.xs5.nh                              2.96999
x1.xs5.nt                         -5.09428e-17
x1.nb1                                    2.97
x1.nb2                             4.47941e-07
clk1                                      2.97
x1.xcdec1.c_moscap_int1                  -2.97
x1.xcdec2.c_moscap_int1                  -2.97
x2.xbias.na                             1.0052
x2.xbias.vbpc                          2.04232
x2.xbias.nc                           0.223797
x2.xbias.xrcg.11                      0.223326
x2.xbias.xrcg.21                   0.000470664
x2.xbias.nsu                        0.00673726
x2.xbias.vfix                          1.52011
x2.xbias.nmd                          0.656084
x2.xbias.vbp0                          2.29665
x2.xbias.noff                         0.716889
x2.xbias.xroff.11                     0.716625
x2.xbias.xroff.21                  0.000263796
x2.xbias.nvi                          0.492849
x2.xbias.xrdeg.11                     0.492668
x2.xbias.xrdeg.21                  0.000181355
x2.xbias.b0b                              2.97
x2.xbias.b1b                       4.14167e-07
x2.xbias.b2b                              2.97
x2.xbias.vbn1                         0.557417
x2.xbias.ga                               2.97
x2.xbias.vbp2                          2.22401
x2.xbias.gb                           0.557417
x2.vbn                                0.576029
x2.xbias.gc                               2.97
x2.vbp                                 2.28213
x2.xs1.nh                              1.00195
x2.y1                                        0
x2.y5                                        0
x2.xs1.nt                         -3.09075e-16
x2.xs2.nh                                 2.97
x2.y2                                     2.97
x2.xs2.nt                          3.59496e-05
x2.xs3.nh                                 2.97
x2.y3                                        0
x2.xs3.nt                         -9.61675e-17
x2.xs4.nh                                 2.97
x2.y4                                     2.97
x2.xs4.nt                          3.59496e-05
x2.xs5.nh                                 2.97
x2.xs5.nt                         -9.61675e-17
x2.nb1                                    2.97
x2.nb2                             4.47941e-07
clk2                                      2.97
x2.xcdec1.c_moscap_int1                  -2.97
x2.xcdec2.c_moscap_int1                  -2.97
x3.xbias.na                             1.0052
x3.xbias.vbpc                          2.04232
x3.xbias.nc                           0.223797
x3.xbias.xrcg.11                      0.223326
x3.xbias.xrcg.21                   0.000470664
x3.xbias.nsu                        0.00673726
x3.xbias.vfix                          1.52011
x3.xbias.nmd                          0.656084
x3.xbias.vbp0                          2.28118
x3.xbias.noff                         0.716864
x3.xbias.xroff.11                     0.716601
x3.xbias.xroff.21                  0.000263787
x3.xbias.nvi                          0.702542
x3.xbias.xrdeg.11                     0.702284
x3.xbias.xrdeg.21                  0.000258517
x3.xbias.b0b                              2.97
x3.xbias.b1b                       4.14167e-07
x3.xbias.b2b                              2.97
x3.xbias.vbn1                         0.570602
x3.xbias.ga                               2.97
x3.xbias.vbp2                          2.20489
x3.xbias.gb                           0.570602
x3.vbn                                0.589275
x3.xbias.gc                               2.97
x3.vbp                                 2.26723
x3.xs1.nh                               1.0148
x3.y1                                        0
x3.y5                                        0
x3.xs1.nt                         -2.47073e-17
x3.xs2.nh                                 2.97
x3.y2                                     2.97
x3.xs2.nt                          3.24991e-05
x3.xs3.nh                                 2.97
x3.y3                                        0
x3.xs3.nt                          2.26722e-17
x3.xs4.nh                                 2.97
x3.y4                                     2.97
x3.xs4.nt                          3.24991e-05
x3.xs5.nh                                 2.97
x3.xs5.nt                          2.26722e-17
x3.nb1                                    2.97
x3.nb2                             4.47941e-07
clk3                                      2.97
x3.xcdec1.c_moscap_int1                  -2.97
x3.xcdec2.c_moscap_int1                  -2.97
x4.xbias.na                             1.0052
x4.xbias.vbpc                          2.04232
x4.xbias.nc                           0.223797
x4.xbias.xrcg.11                      0.223326
x4.xbias.xrcg.21                   0.000470664
x4.xbias.nsu                        0.00673726
x4.xbias.vfix                          1.52011
x4.xbias.nmd                          0.656084
x4.xbias.vbp0                          2.26676
x4.xbias.noff                         0.716841
x4.xbias.xroff.11                     0.716577
x4.xbias.xroff.21                  0.000263778
x4.xbias.nvi                           0.91899
x4.xbias.xrdeg.11                     0.918652
x4.xbias.xrdeg.21                  0.000338163
x4.xbias.b0b                              2.97
x4.xbias.b1b                       4.14167e-07
x4.xbias.b2b                              2.97
x4.xbias.vbn1                          0.58287
x4.xbias.ga                               2.97
x4.xbias.vbp2                          2.18685
x4.xbias.gb                            0.58287
x4.vbn                                0.601619
x4.xbias.gc                               2.97
x4.vbp                                 2.25333
x4.xs1.nh                              1.02681
x4.y1                                        0
x4.y5                                        0
x4.xs1.nt                           1.3147e-17
x4.xs2.nh                                 2.97
x4.y2                                     2.97
x4.xs2.nt                          2.97494e-05
x4.xs3.nh                                 2.97
x4.y3                                        0
x4.xs3.nt                          3.53156e-27
x4.xs4.nh                                 2.97
x4.y4                                     2.97
x4.xs4.nt                          2.97494e-05
x4.xs5.nh                                 2.97
x4.xs5.nt                          3.53156e-27
x4.nb1                                    2.97
x4.nb2                             4.47941e-07
clk4                                      2.97
x4.xcdec1.c_moscap_int1                  -2.97
x4.xcdec2.c_moscap_int1                  -2.97
x5.xbias.na                             1.0052
x5.xbias.vbpc                          2.04232
x5.xbias.nc                           0.223797
x5.xbias.xrcg.11                      0.223326
x5.xbias.xrcg.21                   0.000470664
x5.xbias.nsu                        0.00673726
x5.xbias.vfix                          1.52011
x5.xbias.nmd                          0.656084
x5.xbias.vbp0                          2.25324
x5.xbias.noff                          0.71682
x5.xbias.xroff.11                     0.716556
x5.xbias.xroff.21                   0.00026377
x5.xbias.nvi                           1.14054
x5.xbias.xrdeg.11                      1.14012
x5.xbias.xrdeg.21                  0.000419688
x5.xbias.b0b                              2.97
x5.xbias.b1b                       4.14167e-07
x5.xbias.b2b                              2.97
x5.xbias.vbn1                         0.594346
x5.xbias.ga                               2.97
x5.xbias.vbp2                          2.16977
x5.xbias.gb                           0.594346
x5.vbn                                0.613182
x5.xbias.gc                               2.97
x5.vbp                                 2.24028
x5.xs1.nh                               1.0381
x5.y1                                        0
x5.y5                                        0
x5.xs1.nt                         -4.51159e-22
x5.xs2.nh                                 2.97
x5.y2                                     2.97
x5.xs2.nt                          2.75114e-05
x5.xs3.nh                                 2.97
x5.y3                                        0
x5.xs3.nt                         -2.41061e-27
x5.xs4.nh                                 2.97
x5.y4                                     2.97
x5.xs4.nt                          2.75114e-05
x5.xs5.nh                                 2.97
x5.xs5.nt                         -2.41061e-27
x5.nb1                                    2.97
x5.nb2                             4.47941e-07
clk5                                      2.97
x5.xcdec1.c_moscap_int1                  -2.97
x5.xcdec2.c_moscap_int1                  -2.97
x6.xbias.na                             1.0052
x6.xbias.vbpc                          2.04232
x6.xbias.nc                           0.223797
x6.xbias.xrcg.11                      0.223326
x6.xbias.xrcg.21                   0.000470664
x6.xbias.nsu                        0.00673726
x6.xbias.vfix                          1.52011
x6.xbias.nmd                          0.656084
x6.xbias.vbp0                          2.24049
x6.xbias.noff                         0.716799
x6.xbias.xroff.11                     0.716535
x6.xbias.xroff.21                  0.000263763
x6.xbias.nvi                            1.3662
x6.xbias.xrdeg.11                       1.3657
x6.xbias.xrdeg.21                  0.000502725
x6.xbias.b0b                              2.97
x6.xbias.b1b                       4.14167e-07
x6.xbias.b2b                              2.97
x6.xbias.vbn1                          0.60515
x6.xbias.ga                               2.97
x6.xbias.vbp2                          2.15353
x6.xbias.gb                            0.60515
x6.vbn                                0.624082
x6.xbias.gc                               2.97
x6.vbp                                 2.22797
x6.xs1.nh                              1.04876
x6.y1                                        0
x6.y5                                        0
x6.xs1.nt                         -1.42322e-26
x6.xs2.nh                                 2.97
x6.y2                                     2.97
x6.xs2.nt                          2.56542e-05
x6.xs3.nh                                 2.97
x6.y3                                        0
x6.xs3.nt                           9.6561e-36
x6.xs4.nh                                 2.97
x6.y4                                     2.97
x6.xs4.nt                          2.56542e-05
x6.xs5.nh                                 2.97
x6.xs5.nt                           9.6561e-36
x6.nb1                                    2.97
x6.nb2                             4.47941e-07
clk6                                      2.97
x6.xcdec1.c_moscap_int1                  -2.97
x6.xcdec2.c_moscap_int1                  -2.97
x7.xbias.na                             1.0052
x7.xbias.vbpc                          2.04232
x7.xbias.nc                           0.223797
x7.xbias.xrcg.11                      0.223326
x7.xbias.xrcg.21                   0.000470664
x7.xbias.nsu                        0.00673726
x7.xbias.vfix                          1.52011
x7.xbias.nmd                          0.656084
x7.xbias.vbp0                           2.2284
x7.xbias.noff                          0.71678
x7.xbias.xroff.11                     0.716516
x7.xbias.xroff.21                  0.000263756
x7.xbias.nvi                           1.59526
x7.xbias.xrdeg.11                      1.59467
x7.xbias.xrdeg.21                  0.000587011
x7.xbias.b0b                              2.97
x7.xbias.b1b                       4.14167e-07
x7.xbias.b2b                              2.97
x7.xbias.vbn1                         0.615378
x7.xbias.ga                               2.97
x7.xbias.vbp2                          2.13801
x7.xbias.gb                           0.615378
x7.vbn                                0.634412
x7.xbias.gc                               2.97
x7.vbp                                 2.21629
x7.xs1.nh                              1.05889
x7.y1                                        0
x7.y5                                        0
x7.xs1.nt                          9.04359e-27
x7.xs2.nh                                 2.97
x7.y2                                     2.97
x7.xs2.nt                          2.40871e-05
x7.xs3.nh                                 2.97
x7.y3                                        0
x7.xs3.nt                         -9.68655e-36
x7.xs4.nh                                 2.97
x7.y4                                     2.97
x7.xs4.nt                          2.40871e-05
x7.xs5.nh                                 2.97
x7.xs5.nt                         -9.68655e-36
x7.nb1                                    2.97
x7.nb2                             4.47941e-07
clk7                                      2.97
x7.xcdec1.c_moscap_int1                  -2.97
x7.xcdec2.c_moscap_int1                  -2.97
e.x7.xcdec2.ec_moscap#branch                 0
e.x7.xcdec1.ec_moscap#branch                 0
e.x6.xcdec2.ec_moscap#branch                 0
e.x6.xcdec1.ec_moscap#branch                 0
e.x5.xcdec2.ec_moscap#branch                 0
e.x5.xcdec1.ec_moscap#branch                 0
e.x4.xcdec2.ec_moscap#branch                 0
e.x4.xcdec1.ec_moscap#branch                 0
e.x3.xcdec2.ec_moscap#branch                 0
e.x3.xcdec1.ec_moscap#branch                 0
e.x2.xcdec2.ec_moscap#branch                 0
e.x2.xcdec1.ec_moscap#branch                 0
e.x1.xcdec2.ec_moscap#branch                 0
e.x1.xcdec1.ec_moscap#branch                 0
vs7#branch                         0.000159583
vs6#branch                         0.000148415
vs5#branch                          0.00013738
vs4#branch                         0.000126511
vs3#branch                         0.000115851
vs2#branch                          0.00010548
vs1#branch                         9.55612e-05
vv7#branch                                   0
vv6#branch                                   0
vv5#branch                                   0
vv4#branch                                   0
vv3#branch                                   0
vv2#branch                                   0
vv1#branch                                   0
vb2#branch                                   0
vb1#branch                                   0
vb0#branch                                   0
vdd#branch                         -0.00088878


No. of Data Rows : 2535

  Measurements for Transient Analysis

tp1                 =  2.28054e-07 targ=  4.56420e-07 trig=  2.28366e-07
tp2                 =  1.90695e-07 targ=  3.81550e-07 trig=  1.90855e-07
tp3                 =  1.62280e-07 targ=  3.65609e-07 trig=  2.03329e-07
tp4                 =  1.40633e-07 targ=  3.16881e-07 trig=  1.76248e-07
tp5                 =  1.23656e-07 targ=  3.09443e-07 trig=  1.85787e-07
tp6                 =  1.09981e-07 targ=  3.02720e-07 trig=  1.92740e-07
tp7                 =  9.91498e-08 targ=  2.71983e-07 trig=  1.72833e-07
f1                  =  1.75397e+07
f2                  =  2.09759e+07
f3                  =  2.46487e+07
f4                  =  2.84428e+07
f5                  =  3.23478e+07
f6                  =  3.63701e+07
f7                  =  4.03430e+07
i1                  =  1.17685e-04 from=  1.72935e-07 to=  4.75571e-07
i2                  =  1.29405e-04 from=  1.72935e-07 to=  4.75571e-07
i3                  =  1.43019e-04 from=  1.72935e-07 to=  4.75571e-07
i4                  =  1.56684e-04 from=  1.72935e-07 to=  4.75571e-07
i5                  =  1.68485e-04 from=  1.72935e-07 to=  4.75571e-07
i6                  =  1.82143e-04 from=  1.72935e-07 to=  4.75571e-07
i7                  =  1.94875e-04 from=  1.72935e-07 to=  4.75571e-07
sw1hi               =  3.05124e+00 at=  4.56649e-07
sw1lo               =  -8.17309e-02 at=  3.12216e-07
sw7hi               =  3.08098e+00 at=  2.22874e-07
sw7lo               =  -1.13869e-01 at=  3.82511e-07


Total analysis time (seconds) = 312.782

Total elapsed time (seconds) = 324.447 

Total DRAM available = 98304.000 MB.
DRAM currently available = 22847.000 MB.
Maximum ngspice program size =   23.766 MB.
Current ngspice program size =   23.766 MB.


======== band 3 :: generated deck (all-fast_125c_2.97v) ========
* GENERATED by simenv.sh -- do not edit; edit /Users/rwalters/GitHub/gf180-pll/.loom/worktrees/issue-32/sim/vco-tuning-range/testbench/tb_vco_tuning.sp instead
* tag=allmfast_T125_V2p97_B3 libs=ff,res_ff,moscap_ff temp=125C
.include "/Users/rwalters/.volare/gf180mcuD/libs.tech/ngspice/design.ngspice"
.lib "/Users/rwalters/.volare/gf180mcuD/libs.tech/ngspice/sm141064.ngspice" ff
.lib "/Users/rwalters/.volare/gf180mcuD/libs.tech/ngspice/sm141064.ngspice" res_ff
.lib "/Users/rwalters/.volare/gf180mcuD/libs.tech/ngspice/sm141064.ngspice" moscap_ff
.temp 125
.param sim_temp=125
.param vsup=2.97
.param b0v=1*2.97
.param b1v=1*2.97
.param b2v=0*2.97
.param tsettle=1.04809e-07
.param tstop=2.88225e-07
.param tstep=1.39174e-10
.param tmax=1.39174e-10
.include "/Users/rwalters/GitHub/gf180-pll/.loom/worktrees/issue-32/sim/vco-tuning-range/testbench/tb_vco_tuning.sp"
.end

======== band 3 :: ngspice output ========

Note: Compatibility modes selected: hs a

Warning: m=xx on .subckt line will override multiplier m hierarchy!


Circuit: * generated by simenv.sh -- do not edit; edit /users/rwalters/github/gf180-pll/.loom/worktrees/issue-32/sim/vco-tuning-range/testbench/tb_vco_tuning.sp instead

Doing analysis at TEMP = 125.000000 and TNOM = 27.000000

Using SPARSE 1.3 as Direct Linear Solver

Initial Transient Solution
--------------------------

Node                                   Voltage
----                                   -------
vdd                                       2.97
nb0                                       2.97
nb1                                       2.97
nb2                                          0
vc1                                        0.9
vc2                                        1.2
vc3                                        1.5
vc4                                        1.8
vc5                                        2.1
vc6                                        2.4
vc7                                        2.7
nv1                                       2.97
nv2                                       2.97
nv3                                       2.97
nv4                                       2.97
nv5                                       2.97
nv6                                       2.97
nv7                                       2.97
x1.xbias.na                             1.0052
x1.xbias.vbpc                          2.04232
x1.xbias.nc                           0.223797
x1.xbias.xrcg.11                      0.223326
x1.xbias.xrcg.21                   0.000470664
x1.xbias.nsu                        0.00673726
x1.xbias.vfix                          1.52011
x1.xbias.nmd                          0.656084
x1.xbias.vbp0                           2.3132
x1.xbias.noff                         0.716915
x1.xbias.xroff.11                     0.716652
x1.xbias.xroff.21                  0.000263806
x1.xbias.nvi                          0.293329
x1.xbias.xrdeg.11                     0.293221
x1.xbias.xrdeg.21                  0.000107937
x1.xbias.b0b                       4.14167e-07
x1.xbias.b1b                       4.14167e-07
x1.xbias.b2b                              2.97
x1.xbias.vbn1                         0.584821
x1.xbias.ga                             2.3132
x1.xbias.vbp2                          2.18396
x1.xbias.gb                           0.584821
x1.vbn                                0.603584
x1.xbias.gc                               2.97
x1.vbp                                 2.25111
x1.xs1.nh                              1.02872
x1.y1                                        0
x1.y5                                        0
x1.xs1.nt                         -1.23818e-16
x1.xs2.nh                                 2.97
x1.y2                                     2.97
x1.xs2.nt                          2.93476e-05
x1.xs3.nh                                 2.97
x1.y3                                        0
x1.xs3.nt                         -3.22367e-27
x1.xs4.nh                                 2.97
x1.y4                                     2.97
x1.xs4.nt                          2.93476e-05
x1.xs5.nh                                 2.97
x1.xs5.nt                         -3.22367e-27
x1.nb1                                    2.97
x1.nb2                             4.47941e-07
clk1                                      2.97
x1.xcdec1.c_moscap_int1                  -2.97
x1.xcdec2.c_moscap_int1                  -2.97
x2.xbias.na                             1.0052
x2.xbias.vbpc                          2.04232
x2.xbias.nc                           0.223797
x2.xbias.xrcg.11                      0.223326
x2.xbias.xrcg.21                   0.000470664
x2.xbias.nsu                        0.00673726
x2.xbias.vfix                          1.52011
x2.xbias.nmd                          0.656084
x2.xbias.vbp0                          2.29665
x2.xbias.noff                         0.716889
x2.xbias.xroff.11                     0.716625
x2.xbias.xroff.21                  0.000263796
x2.xbias.nvi                          0.492849
x2.xbias.xrdeg.11                     0.492668
x2.xbias.xrdeg.21                  0.000181355
x2.xbias.b0b                       4.14167e-07
x2.xbias.b1b                       4.14167e-07
x2.xbias.b2b                              2.97
x2.xbias.vbn1                         0.601361
x2.xbias.ga                            2.29665
x2.xbias.vbp2                          2.15924
x2.xbias.gb                           0.601361
x2.vbn                                0.620258
x2.xbias.gc                               2.97
x2.vbp                                 2.23229
x2.xs1.nh                              1.04502
x2.y1                                        0
x2.y5                                        0
x2.xs1.nt                          1.97257e-17
x2.xs2.nh                                 2.97
x2.y2                                     2.97
x2.xs2.nt                          2.62803e-05
x2.xs3.nh                                 2.97
x2.y3                                        0
x2.xs3.nt                          1.22831e-18
x2.xs4.nh                                 2.97
x2.y4                                     2.97
x2.xs4.nt                          2.62803e-05
x2.xs5.nh                                 2.97
x2.xs5.nt                          1.22831e-18
x2.nb1                                    2.97
x2.nb2                             4.47941e-07
clk2                                      2.97
x2.xcdec1.c_moscap_int1                  -2.97
x2.xcdec2.c_moscap_int1                  -2.97
x3.xbias.na                             1.0052
x3.xbias.vbpc                          2.04232
x3.xbias.nc                           0.223797
x3.xbias.xrcg.11                      0.223326
x3.xbias.xrcg.21                   0.000470664
x3.xbias.nsu                        0.00673726
x3.xbias.vfix                          1.52011
x3.xbias.nmd                          0.656084
x3.xbias.vbp0                          2.28118
x3.xbias.noff                         0.716864
x3.xbias.xroff.11                     0.716601
x3.xbias.xroff.21                  0.000263787
x3.xbias.nvi                          0.702542
x3.xbias.xrdeg.11                     0.702284
x3.xbias.xrdeg.21                  0.000258517
x3.xbias.b0b                       4.14167e-07
x3.xbias.b1b                       4.14167e-07
x3.xbias.b2b                              2.97
x3.xbias.vbn1                         0.616949
x3.xbias.ga                            2.28118
x3.xbias.vbp2                          2.13562
x3.xbias.gb                           0.616949
x3.vbn                                0.636001
x3.xbias.gc                               2.97
x3.vbp                                 2.21449
x3.xs1.nh                              1.06045
x3.y1                                        0
x3.y5                                        0
x3.xs1.nt                           1.0204e-17
x3.xs2.nh                                 2.97
x3.y2                                     2.97
x3.xs2.nt                          2.38612e-05
x3.xs3.nh                                 2.97
x3.y3                                        0
x3.xs3.nt                          1.26015e-18
x3.xs4.nh                                 2.97
x3.y4                                     2.97
x3.xs4.nt                          2.38612e-05
x3.xs5.nh                                 2.97
x3.xs5.nt                          1.26015e-18
x3.nb1                                    2.97
x3.nb2                             4.47941e-07
clk3                                      2.97
x3.xcdec1.c_moscap_int1                  -2.97
x3.xcdec2.c_moscap_int1                  -2.97
x4.xbias.na                             1.0052
x4.xbias.vbpc                          2.04232
x4.xbias.nc                           0.223797
x4.xbias.xrcg.11                      0.223326
x4.xbias.xrcg.21                   0.000470664
x4.xbias.nsu                        0.00673726
x4.xbias.vfix                          1.52011
x4.xbias.nmd                          0.656084
x4.xbias.vbp0                          2.26676
x4.xbias.noff                         0.716841
x4.xbias.xroff.11                     0.716577
x4.xbias.xroff.21                  0.000263778
x4.xbias.nvi                           0.91899
x4.xbias.xrdeg.11                     0.918652
x4.xbias.xrdeg.21                  0.000338163
x4.xbias.b0b                       4.14167e-07
x4.xbias.b1b                       4.14167e-07
x4.xbias.b2b                              2.97
x4.xbias.vbn1                         0.631602
x4.xbias.ga                            2.26676
x4.xbias.vbp2                          2.11315
x4.xbias.gb                           0.631602
x4.vbn                                0.650823
x4.xbias.gc                               2.97
x4.vbp                                 2.19772
x4.xs1.nh                              1.07502
x4.y1                                        0
x4.y5                                        0
x4.xs1.nt                         -7.49466e-18
x4.xs2.nh                                 2.97
x4.y2                                     2.97
x4.xs2.nt                          2.19227e-05
x4.xs3.nh                                 2.97
x4.y3                                        0
x4.xs3.nt                         -6.18843e-27
x4.xs4.nh                                 2.97
x4.y4                                     2.97
x4.xs4.nt                          2.19227e-05
x4.xs5.nh                                 2.97
x4.xs5.nt                         -6.18843e-27
x4.nb1                                    2.97
x4.nb2                             4.47941e-07
clk4                                      2.97
x4.xcdec1.c_moscap_int1                  -2.97
x4.xcdec2.c_moscap_int1                  -2.97
x5.xbias.na                             1.0052
x5.xbias.vbpc                          2.04232
x5.xbias.nc                           0.223797
x5.xbias.xrcg.11                      0.223326
x5.xbias.xrcg.21                   0.000470664
x5.xbias.nsu                        0.00673726
x5.xbias.vfix                          1.52011
x5.xbias.nmd                          0.656084
x5.xbias.vbp0                          2.25324
x5.xbias.noff                          0.71682
x5.xbias.xroff.11                     0.716556
x5.xbias.xroff.21                   0.00026377
x5.xbias.nvi                           1.14054
x5.xbias.xrdeg.11                      1.14012
x5.xbias.xrdeg.21                  0.000419688
x5.xbias.b0b                       4.14167e-07
x5.xbias.b1b                       4.14167e-07
x5.xbias.b2b                              2.97
x5.xbias.vbn1                         0.645433
x5.xbias.ga                            2.25324
x5.xbias.vbp2                          2.09172
x5.xbias.gb                           0.645433
x5.vbn                                0.664835
x5.xbias.gc                               2.97
x5.vbp                                 2.18186
x5.xs1.nh                              1.08882
x5.y1                                        0
x5.y5                                        0
x5.xs1.nt                         -1.42294e-17
x5.xs2.nh                                 2.97
x5.y2                                     2.97
x5.xs2.nt                          2.03374e-05
x5.xs3.nh                                 2.97
x5.y3                                        0
x5.xs3.nt                         -6.53148e-19
x5.xs4.nh                                 2.97
x5.y4                                     2.97
x5.xs4.nt                          2.03374e-05
x5.xs5.nh                                 2.97
x5.xs5.nt                         -6.53148e-19
x5.nb1                                    2.97
x5.nb2                             4.47941e-07
clk5                                      2.97
x5.xcdec1.c_moscap_int1                  -2.97
x5.xcdec2.c_moscap_int1                  -2.97
x6.xbias.na                             1.0052
x6.xbias.vbpc                          2.04232
x6.xbias.nc                           0.223797
x6.xbias.xrcg.11                      0.223326
x6.xbias.xrcg.21                   0.000470664
x6.xbias.nsu                        0.00673726
x6.xbias.vfix                          1.52011
x6.xbias.nmd                          0.656084
x6.xbias.vbp0                          2.24049
x6.xbias.noff                         0.716799
x6.xbias.xroff.11                     0.716535
x6.xbias.xroff.21                  0.000263763
x6.xbias.nvi                            1.3662
x6.xbias.xrdeg.11                       1.3657
x6.xbias.xrdeg.21                  0.000502725
x6.xbias.b0b                       4.14167e-07
x6.xbias.b1b                       4.14167e-07
x6.xbias.b2b                              2.97
x6.xbias.vbn1                         0.658556
x6.xbias.ga                            2.24049
x6.xbias.vbp2                          2.07123
x6.xbias.gb                           0.658556
x6.vbn                                 0.67815
x6.xbias.gc                               2.97
x6.vbp                                 2.16678
x6.xs1.nh                              1.10195
x6.y1                                        0
x6.y5                                        0
x6.xs1.nt                         -7.15922e-31
x6.xs2.nh                                 2.97
x6.y2                                     2.97
x6.xs2.nt                          1.90164e-05
x6.xs3.nh                                 2.97
x6.y3                                        0
x6.xs3.nt                         -3.37981e-44
x6.xs4.nh                                 2.97
x6.y4                                     2.97
x6.xs4.nt                          1.90164e-05
x6.xs5.nh                                 2.97
x6.xs5.nt                         -3.37981e-44
x6.nb1                                    2.97
x6.nb2                             4.47941e-07
clk6                                      2.97
x6.xcdec1.c_moscap_int1                  -2.97
x6.xcdec2.c_moscap_int1                  -2.97
x7.xbias.na                             1.0052
x7.xbias.vbpc                          2.04232
x7.xbias.nc                           0.223797
x7.xbias.xrcg.11                      0.223326
x7.xbias.xrcg.21                   0.000470664
x7.xbias.nsu                        0.00673726
x7.xbias.vfix                          1.52011
x7.xbias.nmd                          0.656084
x7.xbias.vbp0                           2.2284
x7.xbias.noff                          0.71678
x7.xbias.xroff.11                     0.716516
x7.xbias.xroff.21                  0.000263756
x7.xbias.nvi                           1.59526
x7.xbias.xrdeg.11                      1.59467
x7.xbias.xrdeg.21                  0.000587011
x7.xbias.b0b                       4.14167e-07
x7.xbias.b1b                       4.14167e-07
x7.xbias.b2b                              2.97
x7.xbias.vbn1                         0.671066
x7.xbias.ga                             2.2284
x7.xbias.vbp2                          2.05155
x7.xbias.gb                           0.671066
x7.vbn                                 0.69086
x7.xbias.gc                               2.97
x7.vbp                                 2.15239
x7.xs1.nh                              1.11451
x7.y1                                        0
x7.y5                                        0
x7.xs1.nt                          9.11727e-17
x7.xs2.nh                                 2.97
x7.y2                                     2.97
x7.xs2.nt                          1.78977e-05
x7.xs3.nh                                 2.97
x7.y3                                        0
x7.xs3.nt                          1.31763e-16
x7.xs4.nh                                 2.97
x7.y4                                     2.97
x7.xs4.nt                          1.78977e-05
x7.xs5.nh                                 2.97
x7.xs5.nt                          1.31763e-16
x7.nb1                                    2.97
x7.nb2                             4.47941e-07
clk7                                      2.97
x7.xcdec1.c_moscap_int1                  -2.97
x7.xcdec2.c_moscap_int1                  -2.97
e.x7.xcdec2.ec_moscap#branch                 0
e.x7.xcdec1.ec_moscap#branch                 0
e.x6.xcdec2.ec_moscap#branch                 0
e.x6.xcdec1.ec_moscap#branch                 0
e.x5.xcdec2.ec_moscap#branch                 0
e.x5.xcdec1.ec_moscap#branch                 0
e.x4.xcdec2.ec_moscap#branch                 0
e.x4.xcdec1.ec_moscap#branch                 0
e.x3.xcdec2.ec_moscap#branch                 0
e.x3.xcdec1.ec_moscap#branch                 0
e.x2.xcdec2.ec_moscap#branch                 0
e.x2.xcdec1.ec_moscap#branch                 0
e.x1.xcdec2.ec_moscap#branch                 0
e.x1.xcdec1.ec_moscap#branch                 0
vs7#branch                          0.00021051
vs6#branch                         0.000194477
vs5#branch                         0.000178634
vs4#branch                         0.000163027
vs3#branch                          0.00014772
vs2#branch                         0.000132825
vs1#branch                         0.000118579
vv7#branch                                   0
vv6#branch                                   0
vv5#branch                                   0
vv4#branch                                   0
vv3#branch                                   0
vv2#branch                                   0
vv1#branch                                   0
vb2#branch                                   0
vb1#branch                                   0
vb0#branch                                   0
vdd#branch                         -0.00114577


No. of Data Rows : 2415

  Measurements for Transient Analysis

tp1                 =  1.37530e-07 targ=  2.75480e-07 trig=  1.37949e-07
tp2                 =  1.14516e-07 targ=  2.29416e-07 trig=  1.14900e-07
tp3                 =  9.71278e-08 targ=  2.18962e-07 trig=  1.21834e-07
tp4                 =  8.38310e-08 targ=  1.89053e-07 trig=  1.05222e-07
tp5                 =  7.33761e-08 targ=  1.83902e-07 trig=  1.10525e-07
tp6                 =  6.50375e-08 targ=  1.79223e-07 trig=  1.14185e-07
tp7                 =  5.82352e-08 targ=  1.75015e-07 trig=  1.16779e-07
f1                  =  2.90845e+07
f2                  =  3.49298e+07
f3                  =  4.11828e+07
f4                  =  4.77150e+07
f5                  =  5.45137e+07
f6                  =  6.15030e+07
f7                  =  6.86870e+07
i1                  =  1.46129e-04 from=  1.04809e-07 to=  2.88225e-07
i2                  =  1.64925e-04 from=  1.04809e-07 to=  2.88225e-07
i3                  =  1.82483e-04 from=  1.04809e-07 to=  2.88225e-07
i4                  =  2.01392e-04 from=  1.04809e-07 to=  2.88225e-07
i5                  =  2.20009e-04 from=  1.04809e-07 to=  2.88225e-07
i6                  =  2.39612e-04 from=  1.04809e-07 to=  2.88225e-07
i7                  =  2.59137e-04 from=  1.04809e-07 to=  2.88225e-07
sw1hi               =  3.05561e+00 at=  1.38095e-07
sw1lo               =  -9.07848e-02 at=  2.57423e-07
sw7hi               =  3.10979e+00 at=  1.60654e-07
sw7lo               =  -1.46005e-01 at=  1.52973e-07


Total analysis time (seconds) = 287.019

Total elapsed time (seconds) = 298.657 

Total DRAM available = 98304.000 MB.
DRAM currently available = 21999.188 MB.
Maximum ngspice program size =   23.984 MB.
Current ngspice program size =   23.984 MB.


======== band 4 :: generated deck (all-fast_125c_2.97v) ========
* GENERATED by simenv.sh -- do not edit; edit /Users/rwalters/GitHub/gf180-pll/.loom/worktrees/issue-32/sim/vco-tuning-range/testbench/tb_vco_tuning.sp instead
* tag=allmfast_T125_V2p97_B4 libs=ff,res_ff,moscap_ff temp=125C
.include "/Users/rwalters/.volare/gf180mcuD/libs.tech/ngspice/design.ngspice"
.lib "/Users/rwalters/.volare/gf180mcuD/libs.tech/ngspice/sm141064.ngspice" ff
.lib "/Users/rwalters/.volare/gf180mcuD/libs.tech/ngspice/sm141064.ngspice" res_ff
.lib "/Users/rwalters/.volare/gf180mcuD/libs.tech/ngspice/sm141064.ngspice" moscap_ff
.temp 125
.param sim_temp=125
.param vsup=2.97
.param b0v=0*2.97
.param b1v=0*2.97
.param b2v=1*2.97
.param tsettle=6.35207e-08
.param tstop=1.74682e-07
.param tstep=8.43478e-11
.param tmax=8.43478e-11
.include "/Users/rwalters/GitHub/gf180-pll/.loom/worktrees/issue-32/sim/vco-tuning-range/testbench/tb_vco_tuning.sp"
.end

======== band 4 :: ngspice output ========

Note: Compatibility modes selected: hs a

Warning: m=xx on .subckt line will override multiplier m hierarchy!


Circuit: * generated by simenv.sh -- do not edit; edit /users/rwalters/github/gf180-pll/.loom/worktrees/issue-32/sim/vco-tuning-range/testbench/tb_vco_tuning.sp instead

Doing analysis at TEMP = 125.000000 and TNOM = 27.000000

Using SPARSE 1.3 as Direct Linear Solver

Initial Transient Solution
--------------------------

Node                                   Voltage
----                                   -------
vdd                                       2.97
nb0                                          0
nb1                                          0
nb2                                       2.97
vc1                                        0.9
vc2                                        1.2
vc3                                        1.5
vc4                                        1.8
vc5                                        2.1
vc6                                        2.4
vc7                                        2.7
nv1                                       2.97
nv2                                       2.97
nv3                                       2.97
nv4                                       2.97
nv5                                       2.97
nv6                                       2.97
nv7                                       2.97
x1.xbias.na                             1.0052
x1.xbias.vbpc                          2.04232
x1.xbias.nc                           0.223797
x1.xbias.xrcg.11                      0.223326
x1.xbias.xrcg.21                   0.000470664
x1.xbias.nsu                        0.00673726
x1.xbias.vfix                          1.52011
x1.xbias.nmd                          0.656084
x1.xbias.vbp0                           2.3132
x1.xbias.noff                         0.716915
x1.xbias.xroff.11                     0.716652
x1.xbias.xroff.21                  0.000263806
x1.xbias.nvi                          0.293329
x1.xbias.xrdeg.11                     0.293221
x1.xbias.xrdeg.21                  0.000107937
x1.xbias.b0b                              2.97
x1.xbias.b1b                              2.97
x1.xbias.b2b                       4.14167e-07
x1.xbias.vbn1                         0.543263
x1.xbias.ga                               2.97
x1.xbias.vbp2                          2.33862
x1.xbias.gb                        1.24507e-07
x1.vbn                                0.658989
x1.xbias.gc                            2.33862
x1.vbp                                 2.18848
x1.xs1.nh                              1.08306
x1.y1                                        0
x1.y5                                        0
x1.xs1.nt                          2.32692e-18
x1.xs2.nh                                 2.97
x1.y2                                     2.97
x1.xs2.nt                          2.09724e-05
x1.xs3.nh                                 2.97
x1.y3                                        0
x1.xs3.nt                         -2.51832e-27
x1.xs4.nh                                 2.97
x1.y4                                     2.97
x1.xs4.nt                          2.09724e-05
x1.xs5.nh                                 2.97
x1.xs5.nt                         -2.51832e-27
x1.nb1                                    2.97
x1.nb2                             4.47941e-07
clk1                                      2.97
x1.xcdec1.c_moscap_int1                  -2.97
x1.xcdec2.c_moscap_int1                  -2.97
x2.xbias.na                             1.0052
x2.xbias.vbpc                          2.04232
x2.xbias.nc                           0.223797
x2.xbias.xrcg.11                      0.223326
x2.xbias.xrcg.21                   0.000470664
x2.xbias.nsu                        0.00673726
x2.xbias.vfix                          1.52011
x2.xbias.nmd                          0.656084
x2.xbias.vbp0                          2.29665
x2.xbias.noff                         0.716889
x2.xbias.xroff.11                     0.716625
x2.xbias.xroff.21                  0.000263796
x2.xbias.nvi                          0.492849
x2.xbias.xrdeg.11                     0.492668
x2.xbias.xrdeg.21                  0.000181355
x2.xbias.b0b                              2.97
x2.xbias.b1b                              2.97
x2.xbias.b2b                       4.14167e-07
x2.xbias.vbn1                         0.557417
x2.xbias.ga                               2.97
x2.xbias.vbp2                          2.32398
x2.xbias.gb                        1.24803e-07
x2.vbn                                0.679496
x2.xbias.gc                            2.32398
x2.vbp                                 2.16526
x2.xs1.nh                              1.10328
x2.y1                                        0
x2.y5                                        0
x2.xs1.nt                          1.25174e-22
x2.xs2.nh                                 2.97
x2.y2                                     2.97
x2.xs2.nt                          1.88917e-05
x2.xs3.nh                                 2.97
x2.y3                                        0
x2.xs3.nt                         -2.71428e-35
x2.xs4.nh                                 2.97
x2.y4                                     2.97
x2.xs4.nt                          1.88917e-05
x2.xs5.nh                                 2.97
x2.xs5.nt                         -2.71428e-35
x2.nb1                                    2.97
x2.nb2                             4.47941e-07
clk2                                      2.97
x2.xcdec1.c_moscap_int1                  -2.97
x2.xcdec2.c_moscap_int1                  -2.97
x3.xbias.na                             1.0052
x3.xbias.vbpc                          2.04232
x3.xbias.nc                           0.223797
x3.xbias.xrcg.11                      0.223326
x3.xbias.xrcg.21                   0.000470664
x3.xbias.nsu                        0.00673726
x3.xbias.vfix                          1.52011
x3.xbias.nmd                          0.656084
x3.xbias.vbp0                          2.28118
x3.xbias.noff                         0.716864
x3.xbias.xroff.11                     0.716601
x3.xbias.xroff.21                  0.000263787
x3.xbias.nvi                          0.702542
x3.xbias.xrdeg.11                     0.702284
x3.xbias.xrdeg.21                  0.000258517
x3.xbias.b0b                              2.97
x3.xbias.b1b                              2.97
x3.xbias.b2b                       4.14167e-07
x3.xbias.vbn1                         0.570602
x3.xbias.ga                               2.97
x3.xbias.vbp2                          2.31039
x3.xbias.gb                        1.25077e-07
x3.vbn                                0.699077
x3.xbias.gc                            2.31039
x3.vbp                                 2.14309
x3.xs1.nh                              1.12263
x3.y1                                        0
x3.y5                                        0
x3.xs1.nt                          1.21934e-22
x3.xs2.nh                                 2.97
x3.y2                                     2.97
x3.xs2.nt                          1.72388e-05
x3.xs3.nh                                 2.97
x3.y3                                        0
x3.xs3.nt                         -7.67096e-36
x3.xs4.nh                                 2.97
x3.y4                                     2.97
x3.xs4.nt                          1.72388e-05
x3.xs5.nh                                 2.97
x3.xs5.nt                         -7.67096e-36
x3.nb1                                    2.97
x3.nb2                             4.47941e-07
clk3                                      2.97
x3.xcdec1.c_moscap_int1                  -2.97
x3.xcdec2.c_moscap_int1                  -2.97
x4.xbias.na                             1.0052
x4.xbias.vbpc                          2.04232
x4.xbias.nc                           0.223797
x4.xbias.xrcg.11                      0.223326
x4.xbias.xrcg.21                   0.000470664
x4.xbias.nsu                        0.00673726
x4.xbias.vfix                          1.52011
x4.xbias.nmd                          0.656084
x4.xbias.vbp0                          2.26676
x4.xbias.noff                         0.716841
x4.xbias.xroff.11                     0.716577
x4.xbias.xroff.21                  0.000263778
x4.xbias.nvi                           0.91899
x4.xbias.xrdeg.11                     0.918652
x4.xbias.xrdeg.21                  0.000338163
x4.xbias.b0b                              2.97
x4.xbias.b1b                              2.97
x4.xbias.b2b                       4.14167e-07
x4.xbias.vbn1                          0.58287
x4.xbias.ga                               2.97
x4.xbias.vbp2                          2.29781
x4.xbias.gb                        1.25331e-07
x4.vbn                                0.717692
x4.xbias.gc                            2.29781
x4.vbp                                 2.12203
x4.xs1.nh                              1.14104
x4.y1                                        0
x4.y5                                        0
x4.xs1.nt                          7.72832e-23
x4.xs2.nh                                 2.97
x4.y2                                     2.97
x4.xs2.nt                          1.59062e-05
x4.xs3.nh                                 2.97
x4.y3                                        0
x4.xs3.nt                          4.91342e-36
x4.xs4.nh                                 2.97
x4.y4                                     2.97
x4.xs4.nt                          1.59062e-05
x4.xs5.nh                                 2.97
x4.xs5.nt                          4.91342e-36
x4.nb1                                    2.97
x4.nb2                             4.47941e-07
clk4                                      2.97
x4.xcdec1.c_moscap_int1                  -2.97
x4.xcdec2.c_moscap_int1                  -2.97
x5.xbias.na                             1.0052
x5.xbias.vbpc                          2.04232
x5.xbias.nc                           0.223797
x5.xbias.xrcg.11                      0.223326
x5.xbias.xrcg.21                   0.000470664
x5.xbias.nsu                        0.00673726
x5.xbias.vfix                          1.52011
x5.xbias.nmd                          0.656084
x5.xbias.vbp0                          2.25324
x5.xbias.noff                          0.71682
x5.xbias.xroff.11                     0.716556
x5.xbias.xroff.21                   0.00026377
x5.xbias.nvi                           1.14054
x5.xbias.xrdeg.11                      1.14012
x5.xbias.xrdeg.21                  0.000419688
x5.xbias.b0b                              2.97
x5.xbias.b1b                              2.97
x5.xbias.b2b                       4.14167e-07
x5.xbias.vbn1                         0.594346
x5.xbias.ga                               2.97
x5.xbias.vbp2                          2.28609
x5.xbias.gb                        1.25567e-07
x5.vbn                                0.735439
x5.xbias.gc                            2.28609
x5.vbp                                 2.10196
x5.xs1.nh                               1.1586
x5.y1                                        0
x5.y5                                        0
x5.xs1.nt                         -2.60792e-22
x5.xs2.nh                                 2.97
x5.y2                                     2.97
x5.xs2.nt                          1.48104e-05
x5.xs3.nh                                 2.97
x5.y3                                        0
x5.xs3.nt                          1.95951e-35
x5.xs4.nh                                 2.97
x5.y4                                     2.97
x5.xs4.nt                          1.48104e-05
x5.xs5.nh                                 2.97
x5.xs5.nt                          1.95951e-35
x5.nb1                                    2.97
x5.nb2                             4.47941e-07
clk5                                      2.97
x5.xcdec1.c_moscap_int1                  -2.97
x5.xcdec2.c_moscap_int1                  -2.97
x6.xbias.na                             1.0052
x6.xbias.vbpc                          2.04232
x6.xbias.nc                           0.223797
x6.xbias.xrcg.11                      0.223326
x6.xbias.xrcg.21                   0.000470664
x6.xbias.nsu                        0.00673726
x6.xbias.vfix                          1.52011
x6.xbias.nmd                          0.656084
x6.xbias.vbp0                          2.24049
x6.xbias.noff                         0.716799
x6.xbias.xroff.11                     0.716535
x6.xbias.xroff.21                  0.000263763
x6.xbias.nvi                            1.3662
x6.xbias.xrdeg.11                       1.3657
x6.xbias.xrdeg.21                  0.000502725
x6.xbias.b0b                              2.97
x6.xbias.b1b                              2.97
x6.xbias.b2b                       4.14167e-07
x6.xbias.vbn1                          0.60515
x6.xbias.ga                               2.97
x6.xbias.vbp2                           2.2751
x6.xbias.gb                        1.25789e-07
x6.vbn                                0.752425
x6.xbias.gc                             2.2751
x6.vbp                                 2.08277
x6.xs1.nh                              1.17541
x6.y1                                        0
x6.y5                                        0
x6.xs1.nt                          3.07859e-36
x6.xs2.nh                                 2.97
x6.y2                                     2.97
x6.xs2.nt                           1.3893e-05
x6.xs3.nh                                 2.97
x6.y3                                        0
x6.xs3.nt                         -5.56336e-61
x6.xs4.nh                                 2.97
x6.y4                                     2.97
x6.xs4.nt                           1.3893e-05
x6.xs5.nh                                 2.97
x6.xs5.nt                         -5.56336e-61
x6.nb1                                    2.97
x6.nb2                             4.47941e-07
clk6                                      2.97
x6.xcdec1.c_moscap_int1                  -2.97
x6.xcdec2.c_moscap_int1                  -2.97
x7.xbias.na                             1.0052
x7.xbias.vbpc                          2.04232
x7.xbias.nc                           0.223797
x7.xbias.xrcg.11                      0.223326
x7.xbias.xrcg.21                   0.000470664
x7.xbias.nsu                        0.00673726
x7.xbias.vfix                          1.52011
x7.xbias.nmd                          0.656084
x7.xbias.vbp0                           2.2284
x7.xbias.noff                          0.71678
x7.xbias.xroff.11                     0.716516
x7.xbias.xroff.21                  0.000263756
x7.xbias.nvi                           1.59526
x7.xbias.xrdeg.11                      1.59467
x7.xbias.xrdeg.21                  0.000587011
x7.xbias.b0b                              2.97
x7.xbias.b1b                              2.97
x7.xbias.b2b                       4.14167e-07
x7.xbias.vbn1                         0.615378
x7.xbias.ga                               2.97
x7.xbias.vbp2                          2.26474
x7.xbias.gb                        1.25998e-07
x7.vbn                                0.768744
x7.xbias.gc                            2.26474
x7.vbp                                 2.06435
x7.xs1.nh                              1.19156
x7.y1                                        0
x7.y5                                        0
x7.xs1.nt                         -1.78515e-27
x7.xs2.nh                                 2.97
x7.y2                                     2.97
x7.xs2.nt                          1.31129e-05
x7.xs3.nh                                 2.97
x7.y3                                        0
x7.xs3.nt                          6.44044e-44
x7.xs4.nh                                 2.97
x7.y4                                     2.97
x7.xs4.nt                          1.31129e-05
x7.xs5.nh                                 2.97
x7.xs5.nt                          6.44044e-44
x7.nb1                                    2.97
x7.nb2                             4.47941e-07
clk7                                      2.97
x7.xcdec1.c_moscap_int1                  -2.97
x7.xcdec2.c_moscap_int1                  -2.97
e.x7.xcdec2.ec_moscap#branch                 0
e.x7.xcdec1.ec_moscap#branch                 0
e.x6.xcdec2.ec_moscap#branch                 0
e.x6.xcdec1.ec_moscap#branch                 0
e.x5.xcdec2.ec_moscap#branch                 0
e.x5.xcdec1.ec_moscap#branch                 0
e.x4.xcdec2.ec_moscap#branch                 0
e.x4.xcdec1.ec_moscap#branch                 0
e.x3.xcdec2.ec_moscap#branch                 0
e.x3.xcdec1.ec_moscap#branch                 0
e.x2.xcdec2.ec_moscap#branch                 0
e.x2.xcdec1.ec_moscap#branch                 0
e.x1.xcdec2.ec_moscap#branch                 0
e.x1.xcdec1.ec_moscap#branch                 0
vs7#branch                         0.000221394
vs6#branch                         0.000204559
vs5#branch                           0.0001879
vs4#branch                         0.000171462
vs3#branch                         0.000155311
vs2#branch                         0.000139563
vs1#branch                         0.000124464
vv7#branch                                   0
vv6#branch                                   0
vv5#branch                                   0
vv4#branch                                   0
vv3#branch                                   0
vv2#branch                                   0
vv1#branch                                   0
vb2#branch                                   0
vb1#branch                                   0
vb0#branch                                   0
vdd#branch                         -0.00120465


No. of Data Rows : 2406

  Measurements for Transient Analysis

tp1                 =  7.75199e-08 targ=  1.55444e-07 trig=  7.79239e-08
tp2                 =  6.42658e-08 targ=  1.28898e-07 trig=  6.46319e-08
tp3                 =  5.43042e-08 targ=  1.22516e-07 trig=  6.82117e-08
tp4                 =  4.66318e-08 targ=  1.16965e-07 trig=  7.03337e-08
tp5                 =  4.06481e-08 targ=  1.12141e-07 trig=  7.14927e-08
tp6                 =  3.58523e-08 targ=  1.07923e-07 trig=  7.20704e-08
tp7                 =  3.19575e-08 targ=  9.62334e-08 trig=  6.42759e-08
f1                  =  5.15996e+07
f2                  =  6.22415e+07
f3                  =  7.36592e+07
f4                  =  8.57784e+07
f5                  =  9.84056e+07
f6                  =  1.11569e+08
f7                  =  1.25166e+08
i1                  =  1.63466e-04 from=  6.35207e-08 to=  1.74682e-07
i2                  =  1.83998e-04 from=  6.35207e-08 to=  1.74682e-07
i3                  =  2.03884e-04 from=  6.35207e-08 to=  1.74682e-07
i4                  =  2.25843e-04 from=  6.35207e-08 to=  1.74682e-07
i5                  =  2.48084e-04 from=  6.35207e-08 to=  1.74682e-07
i6                  =  2.69137e-04 from=  6.35207e-08 to=  1.74682e-07
i7                  =  2.93086e-04 from=  6.35207e-08 to=  1.74682e-07
sw1hi               =  3.04242e+00 at=  7.80288e-08
sw1lo               =  -8.45701e-02 at=  8.71878e-08
sw7hi               =  3.04204e+00 at=  6.43670e-08
sw7lo               =  -1.18403e-01 at=  1.56059e-07


Total analysis time (seconds) = 288.173

Total elapsed time (seconds) = 300.469 

Total DRAM available = 98304.000 MB.
DRAM currently available = 21479.906 MB.
Maximum ngspice program size =   23.812 MB.
Current ngspice program size =   23.812 MB.


======== band 5 :: generated deck (all-fast_125c_2.97v) ========
* GENERATED by simenv.sh -- do not edit; edit /Users/rwalters/GitHub/gf180-pll/.loom/worktrees/issue-32/sim/vco-tuning-range/testbench/tb_vco_tuning.sp instead
* tag=allmfast_T125_V2p97_B5 libs=ff,res_ff,moscap_ff temp=125C
.include "/Users/rwalters/.volare/gf180mcuD/libs.tech/ngspice/design.ngspice"
.lib "/Users/rwalters/.volare/gf180mcuD/libs.tech/ngspice/sm141064.ngspice" ff
.lib "/Users/rwalters/.volare/gf180mcuD/libs.tech/ngspice/sm141064.ngspice" res_ff
.lib "/Users/rwalters/.volare/gf180mcuD/libs.tech/ngspice/sm141064.ngspice" moscap_ff
.temp 125
.param sim_temp=125
.param vsup=2.97
.param b0v=1*2.97
.param b1v=0*2.97
.param b2v=1*2.97
.param tsettle=3.84974e-08
.param tstop=1.05868e-07
.param tstep=5.11197e-11
.param tmax=5.11197e-11
.include "/Users/rwalters/GitHub/gf180-pll/.loom/worktrees/issue-32/sim/vco-tuning-range/testbench/tb_vco_tuning.sp"
.end

======== band 5 :: ngspice output ========

Note: Compatibility modes selected: hs a

Warning: m=xx on .subckt line will override multiplier m hierarchy!


Circuit: * generated by simenv.sh -- do not edit; edit /users/rwalters/github/gf180-pll/.loom/worktrees/issue-32/sim/vco-tuning-range/testbench/tb_vco_tuning.sp instead

Doing analysis at TEMP = 125.000000 and TNOM = 27.000000

Using SPARSE 1.3 as Direct Linear Solver

Initial Transient Solution
--------------------------

Node                                   Voltage
----                                   -------
vdd                                       2.97
nb0                                       2.97
nb1                                          0
nb2                                       2.97
vc1                                        0.9
vc2                                        1.2
vc3                                        1.5
vc4                                        1.8
vc5                                        2.1
vc6                                        2.4
vc7                                        2.7
nv1                                       2.97
nv2                                       2.97
nv3                                       2.97
nv4                                       2.97
nv5                                       2.97
nv6                                       2.97
nv7                                       2.97
x1.xbias.na                             1.0052
x1.xbias.vbpc                          2.04232
x1.xbias.nc                           0.223797
x1.xbias.xrcg.11                      0.223326
x1.xbias.xrcg.21                   0.000470664
x1.xbias.nsu                        0.00673726
x1.xbias.vfix                          1.52011
x1.xbias.nmd                          0.656084
x1.xbias.vbp0                           2.3132
x1.xbias.noff                         0.716915
x1.xbias.xroff.11                     0.716652
x1.xbias.xroff.21                  0.000263806
x1.xbias.nvi                          0.293329
x1.xbias.xrdeg.11                     0.293221
x1.xbias.xrdeg.21                  0.000107937
x1.xbias.b0b                       4.14167e-07
x1.xbias.b1b                              2.97
x1.xbias.b2b                       4.14167e-07
x1.xbias.vbn1                         0.584821
x1.xbias.ga                             2.3132
x1.xbias.vbp2                          2.29582
x1.xbias.gb                        1.25371e-07
x1.vbn                                0.720688
x1.xbias.gc                            2.29582
x1.vbp                                 2.11864
x1.xs1.nh                                1.144
x1.y1                                        0
x1.y5                                        0
x1.xs1.nt                          7.88186e-27
x1.xs2.nh                                 2.97
x1.y2                                     2.97
x1.xs2.nt                          1.57102e-05
x1.xs3.nh                                 2.97
x1.y3                                        0
x1.xs3.nt                         -3.49645e-44
x1.xs4.nh                                 2.97
x1.y4                                     2.97
x1.xs4.nt                          1.57102e-05
x1.xs5.nh                                 2.97
x1.xs5.nt                         -3.49645e-44
x1.nb1                                    2.97
x1.nb2                             4.47941e-07
clk1                                      2.97
x1.xcdec1.c_moscap_int1                  -2.97
x1.xcdec2.c_moscap_int1                  -2.97
x2.xbias.na                             1.0052
x2.xbias.vbpc                          2.04232
x2.xbias.nc                           0.223797
x2.xbias.xrcg.11                      0.223326
x2.xbias.xrcg.21                   0.000470664
x2.xbias.nsu                        0.00673726
x2.xbias.vfix                          1.52011
x2.xbias.nmd                          0.656084
x2.xbias.vbp0                          2.29665
x2.xbias.noff                         0.716889
x2.xbias.xroff.11                     0.716625
x2.xbias.xroff.21                  0.000263796
x2.xbias.nvi                          0.492849
x2.xbias.xrdeg.11                     0.492668
x2.xbias.xrdeg.21                  0.000181355
x2.xbias.b0b                       4.14167e-07
x2.xbias.b1b                              2.97
x2.xbias.b2b                       4.14167e-07
x2.xbias.vbn1                         0.601361
x2.xbias.ga                            2.29665
x2.xbias.vbp2                          2.27895
x2.xbias.gb                        1.25711e-07
x2.vbn                                0.746438
x2.xbias.gc                            2.27895
x2.vbp                                 2.08953
x2.xs1.nh                              1.16949
x2.y1                                        0
x2.y5                                        0
x2.xs1.nt                         -1.39872e-22
x2.xs2.nh                                 2.97
x2.y2                                     2.97
x2.xs2.nt                          1.42032e-05
x2.xs3.nh                                 2.97
x2.y3                                        0
x2.xs3.nt                         -1.06459e-52
x2.xs4.nh                                 2.97
x2.y4                                     2.97
x2.xs4.nt                          1.42032e-05
x2.xs5.nh                                 2.97
x2.xs5.nt                         -1.06459e-52
x2.nb1                                    2.97
x2.nb2                             4.47941e-07
clk2                                      2.97
x2.xcdec1.c_moscap_int1                  -2.97
x2.xcdec2.c_moscap_int1                  -2.97
x3.xbias.na                             1.0052
x3.xbias.vbpc                          2.04232
x3.xbias.nc                           0.223797
x3.xbias.xrcg.11                      0.223326
x3.xbias.xrcg.21                   0.000470664
x3.xbias.nsu                        0.00673726
x3.xbias.vfix                          1.52011
x3.xbias.nmd                          0.656084
x3.xbias.vbp0                          2.28118
x3.xbias.noff                         0.716864
x3.xbias.xroff.11                     0.716601
x3.xbias.xroff.21                  0.000263787
x3.xbias.nvi                          0.702542
x3.xbias.xrdeg.11                     0.702284
x3.xbias.xrdeg.21                  0.000258517
x3.xbias.b0b                       4.14167e-07
x3.xbias.b1b                              2.97
x3.xbias.b2b                       4.14167e-07
x3.xbias.vbn1                         0.616949
x3.xbias.ga                            2.28118
x3.xbias.vbp2                          2.26315
x3.xbias.gb                         1.2603e-07
x3.vbn                                0.771271
x3.xbias.gc                            2.26315
x3.vbp                                  2.0615
x3.xs1.nh                              1.19406
x3.y1                                        0
x3.y5                                        0
x3.xs1.nt                          -1.3001e-31
x3.xs2.nh                                 2.97
x3.y2                                     2.97
x3.xs2.nt                          1.29999e-05
x3.xs3.nh                                 2.97
x3.y3                                        0
x3.xs3.nt                          5.86611e-53
x3.xs4.nh                                 2.97
x3.y4                                     2.97
x3.xs4.nt                          1.29999e-05
x3.xs5.nh                                 2.97
x3.xs5.nt                          5.86611e-53
x3.nb1                                    2.97
x3.nb2                             4.47941e-07
clk3                                      2.97
x3.xcdec1.c_moscap_int1                  -2.97
x3.xcdec2.c_moscap_int1                  -2.97
x4.xbias.na                             1.0052
x4.xbias.vbpc                          2.04232
x4.xbias.nc                           0.223797
x4.xbias.xrcg.11                      0.223326
x4.xbias.xrcg.21                   0.000470664
x4.xbias.nsu                        0.00673726
x4.xbias.vfix                          1.52011
x4.xbias.nmd                          0.656084
x4.xbias.vbp0                          2.26676
x4.xbias.noff                         0.716841
x4.xbias.xroff.11                     0.716577
x4.xbias.xroff.21                  0.000263778
x4.xbias.nvi                           0.91899
x4.xbias.xrdeg.11                     0.918652
x4.xbias.xrdeg.21                  0.000338163
x4.xbias.b0b                       4.14167e-07
x4.xbias.b1b                              2.97
x4.xbias.b2b                       4.14167e-07
x4.xbias.vbn1                         0.631602
x4.xbias.ga                            2.26676
x4.xbias.vbp2                          2.24837
x4.xbias.gb                        1.26328e-07
x4.vbn                                0.795079
x4.xbias.gc                            2.24837
x4.vbp                                 2.03466
x4.xs1.nh                               1.2176
x4.y1                                        0
x4.y5                                        0
x4.xs1.nt                          4.73651e-32
x4.xs2.nh                                 2.97
x4.y2                                     2.97
x4.xs2.nt                          1.20256e-05
x4.xs3.nh                                 2.97
x4.y3                                        0
x4.xs3.nt                          1.08967e-52
x4.xs4.nh                                 2.97
x4.y4                                     2.97
x4.xs4.nt                          1.20256e-05
x4.xs5.nh                                 2.97
x4.xs5.nt                          1.08967e-52
x4.nb1                                    2.97
x4.nb2                             4.47941e-07
clk4                                      2.97
x4.xcdec1.c_moscap_int1                  -2.97
x4.xcdec2.c_moscap_int1                  -2.97
x5.xbias.na                             1.0052
x5.xbias.vbpc                          2.04232
x5.xbias.nc                           0.223797
x5.xbias.xrcg.11                      0.223326
x5.xbias.xrcg.21                   0.000470664
x5.xbias.nsu                        0.00673726
x5.xbias.vfix                          1.52011
x5.xbias.nmd                          0.656084
x5.xbias.vbp0                          2.25324
x5.xbias.noff                          0.71682
x5.xbias.xroff.11                     0.716556
x5.xbias.xroff.21                   0.00026377
x5.xbias.nvi                           1.14054
x5.xbias.xrdeg.11                      1.14012
x5.xbias.xrdeg.21                  0.000419688
x5.xbias.b0b                       4.14167e-07
x5.xbias.b1b                              2.97
x5.xbias.b2b                       4.14167e-07
x5.xbias.vbn1                         0.645433
x5.xbias.ga                            2.25324
x5.xbias.vbp2                          2.23449
x5.xbias.gb                        1.26608e-07
x5.vbn                                0.817938
x5.xbias.gc                            2.23449
x5.vbp                                 2.00895
x5.xs1.nh                              1.24018
x5.y1                                        0
x5.y5                                        0
x5.xs1.nt                         -5.12967e-27
x5.xs2.nh                                 2.97
x5.y2                                     2.97
x5.xs2.nt                          1.12217e-05
x5.xs3.nh                                 2.97
x5.y3                                        0
x5.xs3.nt                          2.85102e-52
x5.xs4.nh                                 2.97
x5.y4                                     2.97
x5.xs4.nt                          1.12217e-05
x5.xs5.nh                                 2.97
x5.xs5.nt                          2.85102e-52
x5.nb1                                    2.97
x5.nb2                             4.47941e-07
clk5                                      2.97
x5.xcdec1.c_moscap_int1                  -2.97
x5.xcdec2.c_moscap_int1                  -2.97
x6.xbias.na                             1.0052
x6.xbias.vbpc                          2.04232
x6.xbias.nc                           0.223797
x6.xbias.xrcg.11                      0.223326
x6.xbias.xrcg.21                   0.000470664
x6.xbias.nsu                        0.00673726
x6.xbias.vfix                          1.52011
x6.xbias.nmd                          0.656084
x6.xbias.vbp0                          2.24049
x6.xbias.noff                         0.716799
x6.xbias.xroff.11                     0.716535
x6.xbias.xroff.21                  0.000263763
x6.xbias.nvi                            1.3662
x6.xbias.xrdeg.11                       1.3657
x6.xbias.xrdeg.21                  0.000502725
x6.xbias.b0b                       4.14167e-07
x6.xbias.b1b                              2.97
x6.xbias.b2b                       4.14167e-07
x6.xbias.vbn1                         0.658556
x6.xbias.ga                            2.24049
x6.xbias.vbp2                          2.22138
x6.xbias.gb                        1.26872e-07
x6.vbn                                 0.83995
x6.xbias.gc                            2.22138
x6.vbp                                 1.98425
x6.xs1.nh                              1.26187
x6.y1                                        0
x6.y5                                        0
x6.xs1.nt                         -2.76173e-46
x6.xs2.nh                                 2.97
x6.y2                                     2.97
x6.xs2.nt                          1.05466e-05
x6.xs3.nh                                 2.97
x6.y3                                        0
x6.xs3.nt                          1.15916e-69
x6.xs4.nh                                 2.97
x6.y4                                     2.97
x6.xs4.nt                          1.05466e-05
x6.xs5.nh                                 2.97
x6.xs5.nt                          1.15916e-69
x6.nb1                                    2.97
x6.nb2                             4.47941e-07
clk6                                      2.97
x6.xcdec1.c_moscap_int1                  -2.97
x6.xcdec2.c_moscap_int1                  -2.97
x7.xbias.na                             1.0052
x7.xbias.vbpc                          2.04232
x7.xbias.nc                           0.223797
x7.xbias.xrcg.11                      0.223326
x7.xbias.xrcg.21                   0.000470664
x7.xbias.nsu                        0.00673726
x7.xbias.vfix                          1.52011
x7.xbias.nmd                          0.656084
x7.xbias.vbp0                           2.2284
x7.xbias.noff                          0.71678
x7.xbias.xroff.11                     0.716516
x7.xbias.xroff.21                  0.000263756
x7.xbias.nvi                           1.59526
x7.xbias.xrdeg.11                      1.59467
x7.xbias.xrdeg.21                  0.000587011
x7.xbias.b0b                       4.14167e-07
x7.xbias.b1b                              2.97
x7.xbias.b2b                       4.14167e-07
x7.xbias.vbn1                         0.671066
x7.xbias.ga                             2.2284
x7.xbias.vbp2                          2.20893
x7.xbias.gb                        1.27123e-07
x7.vbn                                0.861209
x7.xbias.gc                            2.20893
x7.vbp                                 1.96045
x7.xs1.nh                              1.28279
x7.y1                                        0
x7.y5                                        0
x7.xs1.nt                         -6.23501e-17
x7.xs2.nh                                 2.97
x7.y2                                     2.97
x7.xs2.nt                          9.97096e-06
x7.xs3.nh                                 2.97
x7.y3                                        0
x7.xs3.nt                         -6.93929e-19
x7.xs4.nh                                 2.97
x7.y4                                     2.97
x7.xs4.nt                          9.97096e-06
x7.xs5.nh                                 2.97
x7.xs5.nt                         -6.93929e-19
x7.nb1                                    2.97
x7.nb2                             4.47941e-07
clk7                                      2.97
x7.xcdec1.c_moscap_int1                  -2.97
x7.xcdec2.c_moscap_int1                  -2.97
e.x7.xcdec2.ec_moscap#branch                 0
e.x7.xcdec1.ec_moscap#branch                 0
e.x6.xcdec2.ec_moscap#branch                 0
e.x6.xcdec1.ec_moscap#branch                 0
e.x5.xcdec2.ec_moscap#branch                 0
e.x5.xcdec1.ec_moscap#branch                 0
e.x4.xcdec2.ec_moscap#branch                 0
e.x4.xcdec1.ec_moscap#branch                 0
e.x3.xcdec2.ec_moscap#branch                 0
e.x3.xcdec1.ec_moscap#branch                 0
e.x2.xcdec2.ec_moscap#branch                 0
e.x2.xcdec1.ec_moscap#branch                 0
e.x1.xcdec2.ec_moscap#branch                 0
e.x1.xcdec1.ec_moscap#branch                 0
vs7#branch                         0.000308918
vs6#branch                         0.000283833
vs5#branch                         0.000259005
vs4#branch                         0.000234505
vs3#branch                          0.00021043
vs2#branch                         0.000186954
vs1#branch                         0.000164448
vv7#branch                                   0
vv6#branch                                   0
vv5#branch                                   0
vv4#branch                                   0
vv3#branch                                   0
vv2#branch                                   0
vv1#branch                                   0
vb2#branch                                   0
vb1#branch                                   0
vb0#branch                                   0
vdd#branch                         -0.00164809


No. of Data Rows : 2272

  Measurements for Transient Analysis

tp1                 =  4.55506e-08 targ=  9.14606e-08 trig=  4.59100e-08
tp2                 =  3.74569e-08 targ=  8.46312e-08 trig=  4.71743e-08
tp3                 =  3.14002e-08 targ=  7.10133e-08 trig=  3.96131e-08
tp4                 =  2.67993e-08 targ=  6.73510e-08 trig=  4.05517e-08
tp5                 =  2.32338e-08 targ=  6.42474e-08 trig=  4.10136e-08
tp6                 =  2.04066e-08 targ=  6.15798e-08 trig=  4.11731e-08
tp7                 =  1.81429e-08 targ=  5.93180e-08 trig=  4.11750e-08
f1                  =  8.78145e+07
f2                  =  1.06789e+08
f3                  =  1.27388e+08
f4                  =  1.49257e+08
f5                  =  1.72163e+08
f6                  =  1.96015e+08
f7                  =  2.20471e+08
i1                  =  2.20021e-04 from=  3.84974e-08 to=  1.05868e-07
i2                  =  2.48837e-04 from=  3.84974e-08 to=  1.05868e-07
i3                  =  2.81512e-04 from=  3.84974e-08 to=  1.05868e-07
i4                  =  3.14245e-04 from=  3.84974e-08 to=  1.05868e-07
i5                  =  3.47421e-04 from=  3.84974e-08 to=  1.05868e-07
i6                  =  3.81280e-04 from=  3.84974e-08 to=  1.05868e-07
i7                  =  4.16190e-04 from=  3.84974e-08 to=  1.05868e-07
sw1hi               =  2.98400e+00 at=  3.97911e-08
sw1lo               =  -6.78252e-02 at=  9.69785e-08
sw7hi               =  3.02899e+00 at=  6.39373e-08
sw7lo               =  -1.19163e-01 at=  4.79673e-08


Total analysis time (seconds) = 266.502

Total elapsed time (seconds) = 277.911 

Total DRAM available = 98304.000 MB.
DRAM currently available = 22205.828 MB.
Maximum ngspice program size =   23.906 MB.
Current ngspice program size =   23.906 MB.


======== band 6 :: generated deck (all-fast_125c_2.97v) ========
* GENERATED by simenv.sh -- do not edit; edit /Users/rwalters/GitHub/gf180-pll/.loom/worktrees/issue-32/sim/vco-tuning-range/testbench/tb_vco_tuning.sp instead
* tag=allmfast_T125_V2p97_B6 libs=ff,res_ff,moscap_ff temp=125C
.include "/Users/rwalters/.volare/gf180mcuD/libs.tech/ngspice/design.ngspice"
.lib "/Users/rwalters/.volare/gf180mcuD/libs.tech/ngspice/sm141064.ngspice" ff
.lib "/Users/rwalters/.volare/gf180mcuD/libs.tech/ngspice/sm141064.ngspice" res_ff
.lib "/Users/rwalters/.volare/gf180mcuD/libs.tech/ngspice/sm141064.ngspice" moscap_ff
.temp 125
.param sim_temp=125
.param vsup=2.97
.param b0v=0*2.97
.param b1v=1*2.97
.param b2v=1*2.97
.param tsettle=2.33318e-08
.param tstop=6.41624e-08
.param tstep=3.09817e-11
.param tmax=3.09817e-11
.include "/Users/rwalters/GitHub/gf180-pll/.loom/worktrees/issue-32/sim/vco-tuning-range/testbench/tb_vco_tuning.sp"
.end

======== band 6 :: ngspice output ========

Note: Compatibility modes selected: hs a

Warning: m=xx on .subckt line will override multiplier m hierarchy!


Circuit: * generated by simenv.sh -- do not edit; edit /users/rwalters/github/gf180-pll/.loom/worktrees/issue-32/sim/vco-tuning-range/testbench/tb_vco_tuning.sp instead

Doing analysis at TEMP = 125.000000 and TNOM = 27.000000

Using SPARSE 1.3 as Direct Linear Solver

Initial Transient Solution
--------------------------

Node                                   Voltage
----                                   -------
vdd                                       2.97
nb0                                          0
nb1                                       2.97
nb2                                       2.97
vc1                                        0.9
vc2                                        1.2
vc3                                        1.5
vc4                                        1.8
vc5                                        2.1
vc6                                        2.4
vc7                                        2.7
nv1                                       2.97
nv2                                       2.97
nv3                                       2.97
nv4                                       2.97
nv5                                       2.97
nv6                                       2.97
nv7                                       2.97
x1.xbias.na                             1.0052
x1.xbias.vbpc                          2.04232
x1.xbias.nc                           0.223797
x1.xbias.xrcg.11                      0.223326
x1.xbias.xrcg.21                   0.000470664
x1.xbias.nsu                        0.00673726
x1.xbias.vfix                          1.52011
x1.xbias.nmd                          0.656084
x1.xbias.vbp0                           2.3132
x1.xbias.noff                         0.716915
x1.xbias.xroff.11                     0.716652
x1.xbias.xroff.21                  0.000263806
x1.xbias.nvi                          0.293329
x1.xbias.xrdeg.11                     0.293221
x1.xbias.xrdeg.21                  0.000107937
x1.xbias.b0b                              2.97
x1.xbias.b1b                       4.14167e-07
x1.xbias.b2b                       4.14167e-07
x1.xbias.vbn1                         0.543263
x1.xbias.ga                               2.97
x1.xbias.vbp2                           2.2442
x1.xbias.gb                           0.543263
x1.vbn                                0.801897
x1.xbias.gc                             2.2442
x1.vbp                                 2.02699
x1.xs1.nh                              1.22434
x1.y1                                        0
x1.y5                                        0
x1.xs1.nt                          8.81867e-18
x1.xs2.nh                                 2.97
x1.y2                                     2.97
x1.xs2.nt                          1.17736e-05
x1.xs3.nh                                 2.97
x1.y3                                        0
x1.xs3.nt                         -1.34038e-26
x1.xs4.nh                                 2.97
x1.y4                                     2.97
x1.xs4.nt                          1.17736e-05
x1.xs5.nh                                 2.97
x1.xs5.nt                         -1.34038e-26
x1.nb1                                    2.97
x1.nb2                             4.47941e-07
clk1                                      2.97
x1.xcdec1.c_moscap_int1                  -2.97
x1.xcdec2.c_moscap_int1                  -2.97
x2.xbias.na                             1.0052
x2.xbias.vbpc                          2.04232
x2.xbias.nc                           0.223797
x2.xbias.xrcg.11                      0.223326
x2.xbias.xrcg.21                   0.000470664
x2.xbias.nsu                        0.00673726
x2.xbias.vfix                          1.52011
x2.xbias.nmd                          0.656084
x2.xbias.vbp0                          2.29665
x2.xbias.noff                         0.716889
x2.xbias.xroff.11                     0.716625
x2.xbias.xroff.21                  0.000263796
x2.xbias.nvi                          0.492849
x2.xbias.xrdeg.11                     0.492668
x2.xbias.xrdeg.21                  0.000181355
x2.xbias.b0b                              2.97
x2.xbias.b1b                       4.14167e-07
x2.xbias.b2b                       4.14167e-07
x2.xbias.vbn1                         0.557417
x2.xbias.ga                               2.97
x2.xbias.vbp2                          2.22401
x2.xbias.gb                           0.557417
x2.vbn                                0.835508
x2.xbias.gc                            2.22401
x2.vbp                                 1.98923
x2.xs1.nh                               1.2575
x2.y1                                        0
x2.y5                                        0
x2.xs1.nt                          2.41858e-22
x2.xs2.nh                                 2.97
x2.y2                                     2.97
x2.xs2.nt                          1.06758e-05
x2.xs3.nh                                 2.97
x2.y3                                        0
x2.xs3.nt                          -7.3902e-36
x2.xs4.nh                                 2.97
x2.y4                                     2.97
x2.xs4.nt                          1.06758e-05
x2.xs5.nh                                 2.97
x2.xs5.nt                          -7.3902e-36
x2.nb1                                    2.97
x2.nb2                             4.47941e-07
clk2                                      2.97
x2.xcdec1.c_moscap_int1                  -2.97
x2.xcdec2.c_moscap_int1                  -2.97
x3.xbias.na                             1.0052
x3.xbias.vbpc                          2.04232
x3.xbias.nc                           0.223797
x3.xbias.xrcg.11                      0.223326
x3.xbias.xrcg.21                   0.000470664
x3.xbias.nsu                        0.00673726
x3.xbias.vfix                          1.52011
x3.xbias.nmd                          0.656084
x3.xbias.vbp0                          2.28118
x3.xbias.noff                         0.716864
x3.xbias.xroff.11                     0.716601
x3.xbias.xroff.21                  0.000263787
x3.xbias.nvi                          0.702542
x3.xbias.xrdeg.11                     0.702284
x3.xbias.xrdeg.21                  0.000258517
x3.xbias.b0b                              2.97
x3.xbias.b1b                       4.14167e-07
x3.xbias.b2b                       4.14167e-07
x3.xbias.vbn1                         0.570602
x3.xbias.ga                               2.97
x3.xbias.vbp2                          2.20489
x3.xbias.gb                           0.570602
x3.vbn                                0.868188
x3.xbias.gc                            2.20489
x3.vbp                                 1.95265
x3.xs1.nh                              1.28964
x3.y1                                        0
x3.y5                                        0
x3.xs1.nt                         -2.72462e-27
x3.xs2.nh                                 2.97
x3.y2                                     2.97
x3.xs2.nt                          9.79624e-06
x3.xs3.nh                                 2.97
x3.y3                                        0
x3.xs3.nt                         -7.94657e-36
x3.xs4.nh                                 2.97
x3.y4                                     2.97
x3.xs4.nt                          9.79624e-06
x3.xs5.nh                                 2.97
x3.xs5.nt                         -7.94657e-36
x3.nb1                                    2.97
x3.nb2                             4.47941e-07
clk3                                      2.97
x3.xcdec1.c_moscap_int1                  -2.97
x3.xcdec2.c_moscap_int1                  -2.97
x4.xbias.na                             1.0052
x4.xbias.vbpc                          2.04232
x4.xbias.nc                           0.223797
x4.xbias.xrcg.11                      0.223326
x4.xbias.xrcg.21                   0.000470664
x4.xbias.nsu                        0.00673726
x4.xbias.vfix                          1.52011
x4.xbias.nmd                          0.656084
x4.xbias.vbp0                          2.26676
x4.xbias.noff                         0.716841
x4.xbias.xroff.11                     0.716577
x4.xbias.xroff.21                  0.000263778
x4.xbias.nvi                           0.91899
x4.xbias.xrdeg.11                     0.918652
x4.xbias.xrdeg.21                  0.000338163
x4.xbias.b0b                              2.97
x4.xbias.b1b                       4.14167e-07
x4.xbias.b2b                       4.14167e-07
x4.xbias.vbn1                          0.58287
x4.xbias.ga                               2.97
x4.xbias.vbp2                          2.18685
x4.xbias.gb                            0.58287
x4.vbn                                0.899731
x4.xbias.gc                            2.18685
x4.vbp                                 1.91749
x4.xs1.nh                              1.32056
x4.y1                                        0
x4.y5                                        0
x4.xs1.nt                         -1.67895e-13
x4.xs2.nh                                 2.97
x4.y2                                     2.97
x4.xs2.nt                          9.08194e-06
x4.xs3.nh                                 2.97
x4.y3                                        0
x4.xs3.nt                          5.61926e-18
x4.xs4.nh                                 2.97
x4.y4                                     2.97
x4.xs4.nt                          9.08194e-06
x4.xs5.nh                                 2.97
x4.xs5.nt                          5.61926e-18
x4.nb1                                    2.97
x4.nb2                             4.47941e-07
clk4                                      2.97
x4.xcdec1.c_moscap_int1                  -2.97
x4.xcdec2.c_moscap_int1                  -2.97
x5.xbias.na                             1.0052
x5.xbias.vbpc                          2.04232
x5.xbias.nc                           0.223797
x5.xbias.xrcg.11                      0.223326
x5.xbias.xrcg.21                   0.000470664
x5.xbias.nsu                        0.00673726
x5.xbias.vfix                          1.52011
x5.xbias.nmd                          0.656084
x5.xbias.vbp0                          2.25324
x5.xbias.noff                          0.71682
x5.xbias.xroff.11                     0.716556
x5.xbias.xroff.21                   0.00026377
x5.xbias.nvi                           1.14054
x5.xbias.xrdeg.11                      1.14012
x5.xbias.xrdeg.21                  0.000419688
x5.xbias.b0b                              2.97
x5.xbias.b1b                       4.14167e-07
x5.xbias.b2b                       4.14167e-07
x5.xbias.vbn1                         0.594346
x5.xbias.ga                               2.97
x5.xbias.vbp2                          2.16977
x5.xbias.gb                           0.594346
x5.vbn                                0.930187
x5.xbias.gc                            2.16977
x5.vbp                                  1.8837
x5.xs1.nh                              1.35028
x5.y1                                        0
x5.y5                                        0
x5.xs1.nt                          2.65679e-18
x5.xs2.nh                                 2.97
x5.y2                                     2.97
x5.xs2.nt                          8.49116e-06
x5.xs3.nh                                 2.97
x5.y3                                        0
x5.xs3.nt                         -7.57571e-36
x5.xs4.nh                                 2.97
x5.y4                                     2.97
x5.xs4.nt                          8.49116e-06
x5.xs5.nh                                 2.97
x5.xs5.nt                         -7.57571e-36
x5.nb1                                    2.97
x5.nb2                             4.47941e-07
clk5                                      2.97
x5.xcdec1.c_moscap_int1                  -2.97
x5.xcdec2.c_moscap_int1                  -2.97
x6.xbias.na                             1.0052
x6.xbias.vbpc                          2.04232
x6.xbias.nc                           0.223797
x6.xbias.xrcg.11                      0.223326
x6.xbias.xrcg.21                   0.000470664
x6.xbias.nsu                        0.00673726
x6.xbias.vfix                          1.52011
x6.xbias.nmd                          0.656084
x6.xbias.vbp0                          2.24049
x6.xbias.noff                         0.716799
x6.xbias.xroff.11                     0.716535
x6.xbias.xroff.21                  0.000263763
x6.xbias.nvi                            1.3662
x6.xbias.xrdeg.11                       1.3657
x6.xbias.xrdeg.21                  0.000502725
x6.xbias.b0b                              2.97
x6.xbias.b1b                       4.14167e-07
x6.xbias.b2b                       4.14167e-07
x6.xbias.vbn1                          0.60515
x6.xbias.ga                               2.97
x6.xbias.vbp2                          2.15353
x6.xbias.gb                            0.60515
x6.vbn                                0.959656
x6.xbias.gc                            2.15353
x6.vbp                                 1.85115
x6.xs1.nh                              1.37892
x6.y1                                        0
x6.y5                                        0
x6.xs1.nt                         -3.91803e-42
x6.xs2.nh                                 2.97
x6.y2                                     2.97
x6.xs2.nt                          7.99407e-06
x6.xs3.nh                                 2.97
x6.y3                                        0
x6.xs3.nt                         -8.42021e-61
x6.xs4.nh                                 2.97
x6.y4                                     2.97
x6.xs4.nt                          7.99407e-06
x6.xs5.nh                                 2.97
x6.xs5.nt                         -8.42021e-61
x6.nb1                                    2.97
x6.nb2                             4.47941e-07
clk6                                      2.97
x6.xcdec1.c_moscap_int1                  -2.97
x6.xcdec2.c_moscap_int1                  -2.97
x7.xbias.na                             1.0052
x7.xbias.vbpc                          2.04232
x7.xbias.nc                           0.223797
x7.xbias.xrcg.11                      0.223326
x7.xbias.xrcg.21                   0.000470664
x7.xbias.nsu                        0.00673726
x7.xbias.vfix                          1.52011
x7.xbias.nmd                          0.656084
x7.xbias.vbp0                           2.2284
x7.xbias.noff                          0.71678
x7.xbias.xroff.11                     0.716516
x7.xbias.xroff.21                  0.000263756
x7.xbias.nvi                           1.59526
x7.xbias.xrdeg.11                      1.59467
x7.xbias.xrdeg.21                  0.000587011
x7.xbias.b0b                              2.97
x7.xbias.b1b                       4.14167e-07
x7.xbias.b2b                       4.14167e-07
x7.xbias.vbn1                         0.615378
x7.xbias.ga                               2.97
x7.xbias.vbp2                          2.13801
x7.xbias.gb                           0.615378
x7.vbn                                0.988236
x7.xbias.gc                            2.13801
x7.vbp                                 1.81973
x7.xs1.nh                              1.40656
x7.y1                                        0
x7.y5                                        0
x7.xs1.nt                          1.52033e-22
x7.xs2.nh                                 2.97
x7.y2                                     2.97
x7.xs2.nt                          7.56958e-06
x7.xs3.nh                                 2.97
x7.y3                                        0
x7.xs3.nt                          -1.6881e-27
x7.xs4.nh                                 2.97
x7.y4                                     2.97
x7.xs4.nt                          7.56958e-06
x7.xs5.nh                                 2.97
x7.xs5.nt                          -1.6881e-27
x7.nb1                                    2.97
x7.nb2                             4.47941e-07
clk7                                      2.97
x7.xcdec1.c_moscap_int1                  -2.97
x7.xcdec2.c_moscap_int1                  -2.97
e.x7.xcdec2.ec_moscap#branch                 0
e.x7.xcdec1.ec_moscap#branch                 0
e.x6.xcdec2.ec_moscap#branch                 0
e.x6.xcdec1.ec_moscap#branch                 0
e.x5.xcdec2.ec_moscap#branch                 0
e.x5.xcdec1.ec_moscap#branch                 0
e.x4.xcdec2.ec_moscap#branch                 0
e.x4.xcdec1.ec_moscap#branch                 0
e.x3.xcdec2.ec_moscap#branch                 0
e.x3.xcdec1.ec_moscap#branch                 0
e.x2.xcdec2.ec_moscap#branch                 0
e.x2.xcdec1.ec_moscap#branch                 0
e.x1.xcdec2.ec_moscap#branch                 0
e.x1.xcdec1.ec_moscap#branch                 0
vs7#branch                         0.000429109
vs6#branch                         0.000392809
vs5#branch                         0.000356847
vs4#branch                         0.000321327
vs3#branch                         0.000286394
vs2#branch                         0.000252302
vs1#branch                         0.000219595
vv7#branch                                   0
vv6#branch                                   0
vv5#branch                                   0
vv4#branch                                   0
vv3#branch                                   0
vv2#branch                                   0
vv1#branch                                   0
vb2#branch                                   0
vb1#branch                                   0
vb0#branch                                   0
vdd#branch                         -0.00225838


No. of Data Rows : 2140

  Measurements for Transient Analysis

tp1                 =  2.56561e-08 targ=  5.16684e-08 trig=  2.60123e-08
tp2                 =  2.09376e-08 targ=  4.74594e-08 trig=  2.65217e-08
tp3                 =  1.74807e-08 targ=  4.40450e-08 trig=  2.65643e-08
tp4                 =  1.49104e-08 targ=  4.13417e-08 trig=  2.64313e-08
tp5                 =  1.29618e-08 targ=  3.92085e-08 trig=  2.62467e-08
tp6                 =  1.14461e-08 targ=  3.75198e-08 trig=  2.60736e-08
tp7                 =  1.02742e-08 targ=  3.36232e-08 trig=  2.33490e-08
f1                  =  1.55908e+08
f2                  =  1.91044e+08
f3                  =  2.28823e+08
f4                  =  2.68269e+08
f5                  =  3.08599e+08
f6                  =  3.49463e+08
f7                  =  3.89325e+08
i1                  =  2.99059e-04 from=  2.33318e-08 to=  6.41624e-08
i2                  =  3.48906e-04 from=  2.33318e-08 to=  6.41624e-08
i3                  =  3.96371e-04 from=  2.33318e-08 to=  6.41624e-08
i4                  =  4.43939e-04 from=  2.33318e-08 to=  6.41624e-08
i5                  =  4.91650e-04 from=  2.33318e-08 to=  6.41624e-08
i6                  =  5.39277e-04 from=  2.33318e-08 to=  6.41624e-08
i7                  =  5.87990e-04 from=  2.33318e-08 to=  6.41624e-08
sw1hi               =  2.99051e+00 at=  3.53770e-08
sw1lo               =  -2.29629e-02 at=  5.79864e-08
sw7hi               =  3.00446e+00 at=  5.52674e-08
sw7lo               =  -3.28866e-02 at=  4.63476e-08


Total analysis time (seconds) = 237.632

Total elapsed time (seconds) = 248.198 

Total DRAM available = 98304.000 MB.
DRAM currently available = 22626.141 MB.
Maximum ngspice program size =   23.922 MB.
Current ngspice program size =   23.922 MB.


======== band 7 :: generated deck (all-fast_125c_2.97v) ========
* GENERATED by simenv.sh -- do not edit; edit /Users/rwalters/GitHub/gf180-pll/.loom/worktrees/issue-32/sim/vco-tuning-range/testbench/tb_vco_tuning.sp instead
* tag=allmfast_T125_V2p97_B7 libs=ff,res_ff,moscap_ff temp=125C
.include "/Users/rwalters/.volare/gf180mcuD/libs.tech/ngspice/design.ngspice"
.lib "/Users/rwalters/.volare/gf180mcuD/libs.tech/ngspice/sm141064.ngspice" ff
.lib "/Users/rwalters/.volare/gf180mcuD/libs.tech/ngspice/sm141064.ngspice" res_ff
.lib "/Users/rwalters/.volare/gf180mcuD/libs.tech/ngspice/sm141064.ngspice" moscap_ff
.temp 125
.param sim_temp=125
.param vsup=2.97
.param b0v=1*2.97
.param b1v=1*2.97
.param b2v=1*2.97
.param tsettle=1.41405e-08
.param tstop=3.88863e-08
.param tstep=1.87768e-11
.param tmax=1.87768e-11
.include "/Users/rwalters/GitHub/gf180-pll/.loom/worktrees/issue-32/sim/vco-tuning-range/testbench/tb_vco_tuning.sp"
.end

======== band 7 :: ngspice output ========

Note: Compatibility modes selected: hs a

Warning: m=xx on .subckt line will override multiplier m hierarchy!


Circuit: * generated by simenv.sh -- do not edit; edit /users/rwalters/github/gf180-pll/.loom/worktrees/issue-32/sim/vco-tuning-range/testbench/tb_vco_tuning.sp instead

Doing analysis at TEMP = 125.000000 and TNOM = 27.000000

Using SPARSE 1.3 as Direct Linear Solver

Initial Transient Solution
--------------------------

Node                                   Voltage
----                                   -------
vdd                                       2.97
nb0                                       2.97
nb1                                       2.97
nb2                                       2.97
vc1                                        0.9
vc2                                        1.2
vc3                                        1.5
vc4                                        1.8
vc5                                        2.1
vc6                                        2.4
vc7                                        2.7
nv1                                       2.97
nv2                                       2.97
nv3                                       2.97
nv4                                       2.97
nv5                                       2.97
nv6                                       2.97
nv7                                       2.97
x1.xbias.na                             1.0052
x1.xbias.vbpc                          2.04232
x1.xbias.nc                           0.223797
x1.xbias.xrcg.11                      0.223326
x1.xbias.xrcg.21                   0.000470664
x1.xbias.nsu                        0.00673726
x1.xbias.vfix                          1.52011
x1.xbias.nmd                          0.656084
x1.xbias.vbp0                           2.3132
x1.xbias.noff                         0.716915
x1.xbias.xroff.11                     0.716652
x1.xbias.xroff.21                  0.000263806
x1.xbias.nvi                          0.293329
x1.xbias.xrdeg.11                     0.293221
x1.xbias.xrdeg.21                  0.000107937
x1.xbias.b0b                       4.14167e-07
x1.xbias.b1b                       4.14167e-07
x1.xbias.b2b                       4.14167e-07
x1.xbias.vbn1                         0.584821
x1.xbias.ga                             2.3132
x1.xbias.vbp2                          2.18396
x1.xbias.gb                           0.584821
x1.vbn                                0.904846
x1.xbias.gc                            2.18396
x1.vbp                                  1.9118
x1.xs1.nh                              1.32556
x1.y1                                        0
x1.y5                                        0
x1.xs1.nt                          2.07125e-22
x1.xs2.nh                                 2.97
x1.y2                                     2.97
x1.xs2.nt                          8.97652e-06
x1.xs3.nh                                 2.97
x1.y3                                        0
x1.xs3.nt                          2.28601e-27
x1.xs4.nh                                 2.97
x1.y4                                     2.97
x1.xs4.nt                          8.97652e-06
x1.xs5.nh                                 2.97
x1.xs5.nt                          2.28601e-27
x1.nb1                                    2.97
x1.nb2                             4.47941e-07
clk1                                      2.97
x1.xcdec1.c_moscap_int1                  -2.97
x1.xcdec2.c_moscap_int1                  -2.97
x2.xbias.na                             1.0052
x2.xbias.vbpc                          2.04232
x2.xbias.nc                           0.223797
x2.xbias.xrcg.11                      0.223326
x2.xbias.xrcg.21                   0.000470664
x2.xbias.nsu                        0.00673726
x2.xbias.vfix                          1.52011
x2.xbias.nmd                          0.656084
x2.xbias.vbp0                          2.29665
x2.xbias.noff                         0.716889
x2.xbias.xroff.11                     0.716625
x2.xbias.xroff.21                  0.000263796
x2.xbias.nvi                          0.492849
x2.xbias.xrdeg.11                     0.492668
x2.xbias.xrdeg.21                  0.000181355
x2.xbias.b0b                       4.14167e-07
x2.xbias.b1b                       4.14167e-07
x2.xbias.b2b                       4.14167e-07
x2.xbias.vbn1                         0.601361
x2.xbias.ga                            2.29665
x2.xbias.vbp2                          2.15924
x2.xbias.gb                           0.601361
x2.vbn                                0.949235
x2.xbias.gc                            2.15924
x2.vbp                                 1.86264
x2.xs1.nh                              1.36881
x2.y1                                        0
x2.y5                                        0
x2.xs1.nt                          5.75097e-23
x2.xs2.nh                                 2.97
x2.y2                                     2.97
x2.xs2.nt                          8.16237e-06
x2.xs3.nh                                 2.97
x2.y3                                        0
x2.xs3.nt                          1.89925e-37
x2.xs4.nh                                 2.97
x2.y4                                     2.97
x2.xs4.nt                          8.16237e-06
x2.xs5.nh                                 2.97
x2.xs5.nt                          1.89925e-37
x2.nb1                                    2.97
x2.nb2                             4.47941e-07
clk2                                      2.97
x2.xcdec1.c_moscap_int1                  -2.97
x2.xcdec2.c_moscap_int1                  -2.97
x3.xbias.na                             1.0052
x3.xbias.vbpc                          2.04232
x3.xbias.nc                           0.223797
x3.xbias.xrcg.11                      0.223326
x3.xbias.xrcg.21                   0.000470664
x3.xbias.nsu                        0.00673726
x3.xbias.vfix                          1.52011
x3.xbias.nmd                          0.656084
x3.xbias.vbp0                          2.28118
x3.xbias.noff                         0.716864
x3.xbias.xroff.11                     0.716601
x3.xbias.xroff.21                  0.000263787
x3.xbias.nvi                          0.702542
x3.xbias.xrdeg.11                     0.702284
x3.xbias.xrdeg.21                  0.000258517
x3.xbias.b0b                       4.14167e-07
x3.xbias.b1b                       4.14167e-07
x3.xbias.b2b                       4.14167e-07
x3.xbias.vbn1                         0.616949
x3.xbias.ga                            2.28118
x3.xbias.vbp2                          2.13562
x3.xbias.gb                           0.616949
x3.vbn                                0.992684
x3.xbias.gc                            2.13562
x3.vbp                                 1.81486
x3.xs1.nh                              1.41085
x3.y1                                        0
x3.y5                                        0
x3.xs1.nt                         -5.57094e-27
x3.xs2.nh                                 2.97
x3.y2                                     2.97
x3.xs2.nt                          7.50798e-06
x3.xs3.nh                                 2.97
x3.y3                                        0
x3.xs3.nt                          2.12906e-44
x3.xs4.nh                                 2.97
x3.y4                                     2.97
x3.xs4.nt                          7.50798e-06
x3.xs5.nh                                 2.97
x3.xs5.nt                          2.12906e-44
x3.nb1                                    2.97
x3.nb2                             4.47941e-07
clk3                                      2.97
x3.xcdec1.c_moscap_int1                  -2.97
x3.xcdec2.c_moscap_int1                  -2.97
x4.xbias.na                             1.0052
x4.xbias.vbpc                          2.04232
x4.xbias.nc                           0.223797
x4.xbias.xrcg.11                      0.223326
x4.xbias.xrcg.21                   0.000470664
x4.xbias.nsu                        0.00673726
x4.xbias.vfix                          1.52011
x4.xbias.nmd                          0.656084
x4.xbias.vbp0                          2.26676
x4.xbias.noff                         0.716841
x4.xbias.xroff.11                     0.716577
x4.xbias.xroff.21                  0.000263778
x4.xbias.nvi                           0.91899
x4.xbias.xrdeg.11                     0.918652
x4.xbias.xrdeg.21                  0.000338163
x4.xbias.b0b                       4.14167e-07
x4.xbias.b1b                       4.14167e-07
x4.xbias.b2b                       4.14167e-07
x4.xbias.vbn1                         0.631602
x4.xbias.ga                            2.26676
x4.xbias.vbp2                          2.11315
x4.xbias.gb                           0.631602
x4.vbn                                 1.03486
x4.xbias.gc                            2.11315
x4.vbp                                 1.76883
x4.xs1.nh                              1.45134
x4.y1                                        0
x4.y5                                        0
x4.xs1.nt                         -5.35557e-23
x4.xs2.nh                                 2.97
x4.y2                                     2.97
x4.xs2.nt                          6.97527e-06
x4.xs3.nh                                 2.97
x4.y3                                        0
x4.xs3.nt                          1.28358e-35
x4.xs4.nh                                 2.97
x4.y4                                     2.97
x4.xs4.nt                          6.97527e-06
x4.xs5.nh                                 2.97
x4.xs5.nt                          1.28358e-35
x4.nb1                                    2.97
x4.nb2                             4.47941e-07
clk4                                      2.97
x4.xcdec1.c_moscap_int1                  -2.97
x4.xcdec2.c_moscap_int1                  -2.97
x5.xbias.na                             1.0052
x5.xbias.vbpc                          2.04232
x5.xbias.nc                           0.223797
x5.xbias.xrcg.11                      0.223326
x5.xbias.xrcg.21                   0.000470664
x5.xbias.nsu                        0.00673726
x5.xbias.vfix                          1.52011
x5.xbias.nmd                          0.656084
x5.xbias.vbp0                          2.25324
x5.xbias.noff                          0.71682
x5.xbias.xroff.11                     0.716556
x5.xbias.xroff.21                   0.00026377
x5.xbias.nvi                           1.14054
x5.xbias.xrdeg.11                      1.14012
x5.xbias.xrdeg.21                  0.000419688
x5.xbias.b0b                       4.14167e-07
x5.xbias.b1b                       4.14167e-07
x5.xbias.b2b                       4.14167e-07
x5.xbias.vbn1                         0.645433
x5.xbias.ga                            2.25324
x5.xbias.vbp2                          2.09172
x5.xbias.gb                           0.645433
x5.vbn                                 1.07579
x5.xbias.gc                            2.09172
x5.vbp                                 1.72451
x5.xs1.nh                              1.49031
x5.y1                                        0
x5.y5                                        0
x5.xs1.nt                          3.06014e-27
x5.xs2.nh                                 2.97
x5.y2                                     2.97
x5.xs2.nt                          6.53383e-06
x5.xs3.nh                                 2.97
x5.y3                                        0
x5.xs3.nt                          5.20025e-44
x5.xs4.nh                                 2.97
x5.y4                                     2.97
x5.xs4.nt                          6.53383e-06
x5.xs5.nh                                 2.97
x5.xs5.nt                          5.20025e-44
x5.nb1                                    2.97
x5.nb2                             4.47941e-07
clk5                                      2.97
x5.xcdec1.c_moscap_int1                  -2.97
x5.xcdec2.c_moscap_int1                  -2.97
x6.xbias.na                             1.0052
x6.xbias.vbpc                          2.04232
x6.xbias.nc                           0.223797
x6.xbias.xrcg.11                      0.223326
x6.xbias.xrcg.21                   0.000470664
x6.xbias.nsu                        0.00673726
x6.xbias.vfix                          1.52011
x6.xbias.nmd                          0.656084
x6.xbias.vbp0                          2.24049
x6.xbias.noff                         0.716799
x6.xbias.xroff.11                     0.716535
x6.xbias.xroff.21                  0.000263763
x6.xbias.nvi                            1.3662
x6.xbias.xrdeg.11                       1.3657
x6.xbias.xrdeg.21                  0.000502725
x6.xbias.b0b                       4.14167e-07
x6.xbias.b1b                       4.14167e-07
x6.xbias.b2b                       4.14167e-07
x6.xbias.vbn1                         0.658556
x6.xbias.ga                            2.24049
x6.xbias.vbp2                          2.07123
x6.xbias.gb                           0.658556
x6.vbn                                 1.11557
x6.xbias.gc                            2.07123
x6.vbp                                 1.68177
x6.xs1.nh                              1.52785
x6.y1                                        0
x6.y5                                        0
x6.xs1.nt                         -7.73263e-42
x6.xs2.nh                                 2.97
x6.y2                                     2.97
x6.xs2.nt                          6.16187e-06
x6.xs3.nh                                 2.97
x6.y3                                        0
x6.xs3.nt                          5.82691e-61
x6.xs4.nh                                 2.97
x6.y4                                     2.97
x6.xs4.nt                          6.16187e-06
x6.xs5.nh                                 2.97
x6.xs5.nt                          5.82691e-61
x6.nb1                                    2.97
x6.nb2                             4.47941e-07
clk6                                      2.97
x6.xcdec1.c_moscap_int1                  -2.97
x6.xcdec2.c_moscap_int1                  -2.97
x7.xbias.na                             1.0052
x7.xbias.vbpc                          2.04232
x7.xbias.nc                           0.223797
x7.xbias.xrcg.11                      0.223326
x7.xbias.xrcg.21                   0.000470664
x7.xbias.nsu                        0.00673726
x7.xbias.vfix                          1.52011
x7.xbias.nmd                          0.656084
x7.xbias.vbp0                           2.2284
x7.xbias.noff                          0.71678
x7.xbias.xroff.11                     0.716516
x7.xbias.xroff.21                  0.000263756
x7.xbias.nvi                           1.59526
x7.xbias.xrdeg.11                      1.59467
x7.xbias.xrdeg.21                  0.000587011
x7.xbias.b0b                       4.14167e-07
x7.xbias.b1b                       4.14167e-07
x7.xbias.b2b                       4.14167e-07
x7.xbias.vbn1                         0.671066
x7.xbias.ga                             2.2284
x7.xbias.vbp2                          2.05155
x7.xbias.gb                           0.671066
x7.vbn                                  1.1543
x7.xbias.gc                            2.05155
x7.vbp                                 1.64048
x7.xs1.nh                              1.56406
x7.y1                                        0
x7.y5                                        0
x7.xs1.nt                         -9.47447e-12
x7.xs2.nh                                 2.97
x7.y2                                     2.97
x7.xs2.nt                          5.84385e-06
x7.xs3.nh                                 2.97
x7.y3                                        0
x7.xs3.nt                         -7.61607e-18
x7.xs4.nh                                 2.97
x7.y4                                     2.97
x7.xs4.nt                          5.84385e-06
x7.xs5.nh                                 2.97
x7.xs5.nt                         -7.61607e-18
x7.nb1                                    2.97
x7.nb2                             4.47941e-07
clk7                                      2.97
x7.xcdec1.c_moscap_int1                  -2.97
x7.xcdec2.c_moscap_int1                  -2.97
e.x7.xcdec2.ec_moscap#branch                 0
e.x7.xcdec1.ec_moscap#branch                 0
e.x6.xcdec2.ec_moscap#branch                 0
e.x6.xcdec1.ec_moscap#branch                 0
e.x5.xcdec2.ec_moscap#branch                 0
e.x5.xcdec1.ec_moscap#branch                 0
e.x4.xcdec2.ec_moscap#branch                 0
e.x4.xcdec1.ec_moscap#branch                 0
e.x3.xcdec2.ec_moscap#branch                 0
e.x3.xcdec1.ec_moscap#branch                 0
e.x2.xcdec2.ec_moscap#branch                 0
e.x2.xcdec1.ec_moscap#branch                 0
e.x1.xcdec2.ec_moscap#branch                 0
e.x1.xcdec1.ec_moscap#branch                 0
vs7#branch                         0.000642349
vs6#branch                         0.000586208
vs5#branch                         0.000530518
vs4#branch                         0.000475449
vs3#branch                         0.000421238
vs2#branch                         0.000368287
vs1#branch                         0.000317454
vv7#branch                                   0
vv6#branch                                   0
vv5#branch                                   0
vv4#branch                                   0
vv3#branch                                   0
vv2#branch                                   0
vv1#branch                                   0
vb2#branch                                   0
vb1#branch                                   0
vb0#branch                                   0
vdd#branch                          -0.0033415


No. of Data Rows : 2079

  Measurements for Transient Analysis

tp1                 =  1.45501e-08 targ=  2.94335e-08 trig=  1.48834e-08
tp2                 =  1.19427e-08 targ=  2.71922e-08 trig=  1.52495e-08
tp3                 =  1.00805e-08 targ=  2.55102e-08 trig=  1.54298e-08
tp4                 =  8.72445e-09 targ=  2.42888e-08 trig=  1.55644e-08
tp5                 =  7.71015e-09 targ=  2.34198e-08 trig=  1.57097e-08
tp6                 =  6.94528e-09 targ=  2.10856e-08 trig=  1.41403e-08
tp7                 =  6.33105e-09 targ=  2.08462e-08 trig=  1.45152e-08
f1                  =  2.74912e+08
f2                  =  3.34934e+08
f3                  =  3.96807e+08
f4                  =  4.58482e+08
f5                  =  5.18797e+08
f6                  =  5.75931e+08
f7                  =  6.31807e+08
i1                  =  4.43603e-04 from=  1.41405e-08 to=  3.88863e-08
i2                  =  5.08622e-04 from=  1.41405e-08 to=  3.88863e-08
i3                  =  5.80531e-04 from=  1.41405e-08 to=  3.88863e-08
i4                  =  6.55013e-04 from=  1.41405e-08 to=  3.88863e-08
i5                  =  7.24885e-04 from=  1.41405e-08 to=  3.88863e-08
i6                  =  7.92242e-04 from=  1.41405e-08 to=  3.88863e-08
i7                  =  8.59939e-04 from=  1.41405e-08 to=  3.88863e-08
sw1hi               =  2.99960e+00 at=  3.10809e-08
sw1lo               =  -3.13498e-02 at=  2.20680e-08
sw7hi               =  3.01527e+00 at=  1.83690e-08
sw7lo               =  -4.15260e-02 at=  1.75991e-08


Total analysis time (seconds) = 205.014

Total elapsed time (seconds) = 215.247 

Total DRAM available = 98304.000 MB.
DRAM currently available = 20090.047 MB.
Maximum ngspice program size =   23.938 MB.
Current ngspice program size =   23.938 MB.


