======== band 0 :: generated deck (ff_-40c_2.97v) ========
* GENERATED by simenv.sh -- do not edit; edit /Users/rwalters/GitHub/gf180-pll/.loom/worktrees/issue-32/sim/vco-tuning-range/testbench/tb_vco_tuning.sp instead
* tag=ff_Tm40_V2p97_B0 libs=ff,res_typical,moscap_typical temp=-40C
.include "/Users/rwalters/.volare/gf180mcuD/libs.tech/ngspice/design.ngspice"
.lib "/Users/rwalters/.volare/gf180mcuD/libs.tech/ngspice/sm141064.ngspice" ff
.lib "/Users/rwalters/.volare/gf180mcuD/libs.tech/ngspice/sm141064.ngspice" res_typical
.lib "/Users/rwalters/.volare/gf180mcuD/libs.tech/ngspice/sm141064.ngspice" moscap_typical
.temp -40
.param sim_temp=-40
.param vsup=2.97
.param b0v=0*2.97
.param b1v=0*2.97
.param b2v=0*2.97
.param tsettle=1.05934e-06
.param tstop=2.91317e-06
.param tstep=1.40667e-09
.param tmax=1.40667e-09
.include "/Users/rwalters/GitHub/gf180-pll/.loom/worktrees/issue-32/sim/vco-tuning-range/testbench/tb_vco_tuning.sp"
.end

======== band 0 :: ngspice output ========

Note: Compatibility modes selected: hs a

Warning: m=xx on .subckt line will override multiplier m hierarchy!


Circuit: * generated by simenv.sh -- do not edit; edit /users/rwalters/github/gf180-pll/.loom/worktrees/issue-32/sim/vco-tuning-range/testbench/tb_vco_tuning.sp instead

Doing analysis at TEMP = -40.000000 and TNOM = 27.000000

Using SPARSE 1.3 as Direct Linear Solver

Initial Transient Solution
--------------------------

Node                                   Voltage
----                                   -------
vdd                                       2.97
nb0                                          0
nb1                                          0
nb2                                          0
vc1                                        0.9
vc2                                        1.2
vc3                                        1.5
vc4                                        1.8
vc5                                        2.1
vc6                                        2.4
vc7                                        2.7
nv1                                       2.97
nv2                                       2.97
nv3                                       2.97
nv4                                       2.97
nv5                                       2.97
nv6                                       2.97
nv7                                       2.97
x1.xbias.na                           0.817073
x1.xbias.vbpc                          2.11489
x1.xbias.nc                           0.091825
x1.xbias.xrcg.11                     0.0916252
x1.xbias.xrcg.21                   0.000199762
x1.xbias.nsu                         0.0151045
x1.xbias.vfix                          1.58243
x1.xbias.nmd                          0.685138
x1.xbias.vbp0                          2.19175
x1.xbias.noff                          0.69174
x1.xbias.xroff.11                     0.691477
x1.xbias.xroff.21                  0.000263334
x1.xbias.nvi                           0.20976
x1.xbias.xrdeg.11                     0.209681
x1.xbias.xrdeg.21                  7.98523e-05
x1.xbias.b0b                              2.97
x1.xbias.b1b                              2.97
x1.xbias.b2b                              2.97
x1.xbias.vbn1                         0.651989
x1.xbias.ga                               2.97
x1.xbias.vbp2                          2.20752
x1.xbias.gb                        1.76404e-13
x1.vbn                                0.629069
x1.xbias.gc                               2.97
x1.vbp                                 2.21968
x1.xs1.nh                              1.05188
x1.y1                                        0
x1.y5                                        0
x1.xs1.nt                         -1.26603e-27
x1.xs2.nh                                 2.97
x1.y2                                     2.97
x1.xs2.nt                          1.77805e-09
x1.xs3.nh                                 2.97
x1.y3                                        0
x1.xs3.nt                          4.46925e-59
x1.xs4.nh                                 2.97
x1.y4                                     2.97
x1.xs4.nt                          1.77805e-09
x1.xs5.nh                                 2.97
x1.xs5.nt                          4.46925e-59
x1.nb1                                    2.97
x1.nb2                             2.58531e-09
clk1                                      2.97
x1.xcdec1.c_moscap_int1                  -2.97
x1.xcdec2.c_moscap_int1                  -2.97
x2.xbias.na                           0.817073
x2.xbias.vbpc                          2.11489
x2.xbias.nc                           0.091825
x2.xbias.xrcg.11                     0.0916252
x2.xbias.xrcg.21                   0.000199762
x2.xbias.nsu                         0.0151045
x2.xbias.vfix                          1.58243
x2.xbias.nmd                          0.685138
x2.xbias.vbp0                          2.18117
x2.xbias.noff                         0.691721
x2.xbias.xroff.11                     0.691458
x2.xbias.xroff.21                  0.000263327
x2.xbias.nvi                          0.414607
x2.xbias.xrdeg.11                      0.41445
x2.xbias.xrdeg.21                  0.000157834
x2.xbias.b0b                              2.97
x2.xbias.b1b                              2.97
x2.xbias.b2b                              2.97
x2.xbias.vbn1                         0.661776
x2.xbias.ga                               2.97
x2.xbias.vbp2                          2.19811
x2.xbias.gb                         1.7681e-13
x2.vbn                                0.637262
x2.xbias.gc                               2.97
x2.vbp                                  2.2116
x2.xs1.nh                               1.0588
x2.y1                                        0
x2.y5                                        0
x2.xs1.nt                         -2.50832e-16
x2.xs2.nh                                 2.97
x2.y2                                     2.97
x2.xs2.nt                          1.51553e-09
x2.xs3.nh                                 2.97
x2.y3                                        0
x2.xs3.nt                          1.07821e-19
x2.xs4.nh                                 2.97
x2.y4                                     2.97
x2.xs4.nt                          1.51553e-09
x2.xs5.nh                                 2.97
x2.xs5.nt                          1.07821e-19
x2.nb1                                    2.97
x2.nb2                             2.58531e-09
clk2                                      2.97
x2.xcdec1.c_moscap_int1                  -2.97
x2.xcdec2.c_moscap_int1                  -2.97
x3.xbias.na                           0.817073
x3.xbias.vbpc                          2.11489
x3.xbias.nc                           0.091825
x3.xbias.xrcg.11                     0.0916252
x3.xbias.xrcg.21                   0.000199762
x3.xbias.nsu                         0.0151045
x3.xbias.vfix                          1.58243
x3.xbias.nmd                          0.685138
x3.xbias.vbp0                          2.17142
x3.xbias.noff                         0.691703
x3.xbias.xroff.11                      0.69144
x3.xbias.xroff.21                   0.00026332
x3.xbias.nvi                          0.630904
x3.xbias.xrdeg.11                     0.630664
x3.xbias.xrdeg.21                  0.000240175
x3.xbias.b0b                              2.97
x3.xbias.b1b                              2.97
x3.xbias.b2b                              2.97
x3.xbias.vbn1                         0.670678
x3.xbias.ga                               2.97
x3.xbias.vbp2                          2.18952
x3.xbias.gb                        1.77182e-13
x3.vbn                                0.644629
x3.xbias.gc                               2.97
x3.vbp                                  2.2043
x3.xs1.nh                              1.06507
x3.y1                                        0
x3.y5                                        0
x3.xs1.nt                         -3.99655e-15
x3.xs2.nh                                 2.97
x3.y2                                     2.97
x3.xs2.nt                          1.32176e-09
x3.xs3.nh                                 2.97
x3.y3                                        0
x3.xs3.nt                           5.9468e-39
x3.xs4.nh                                 2.97
x3.y4                                     2.97
x3.xs4.nt                          1.32176e-09
x3.xs5.nh                                 2.97
x3.xs5.nt                           5.9468e-39
x3.nb1                                    2.97
x3.nb2                             2.58531e-09
clk3                                      2.97
x3.xcdec1.c_moscap_int1                  -2.97
x3.xcdec2.c_moscap_int1                  -2.97
x4.xbias.na                           0.817073
x4.xbias.vbpc                          2.11489
x4.xbias.nc                           0.091825
x4.xbias.xrcg.11                     0.0916252
x4.xbias.xrcg.21                   0.000199762
x4.xbias.nsu                         0.0151045
x4.xbias.vfix                          1.58243
x4.xbias.nmd                          0.685138
x4.xbias.vbp0                          2.16246
x4.xbias.noff                         0.691687
x4.xbias.xroff.11                     0.691424
x4.xbias.xroff.21                  0.000263314
x4.xbias.nvi                          0.854413
x4.xbias.xrdeg.11                     0.854088
x4.xbias.xrdeg.21                  0.000325261
x4.xbias.b0b                              2.97
x4.xbias.b1b                              2.97
x4.xbias.b2b                              2.97
x4.xbias.vbn1                         0.678772
x4.xbias.ga                               2.97
x4.xbias.vbp2                          2.18166
x4.xbias.gb                        1.77516e-13
x4.vbn                                0.651256
x4.xbias.gc                               2.97
x4.vbp                                  2.1977
x4.xs1.nh                              1.07075
x4.y1                                        0
x4.y5                                        0
x4.xs1.nt                         -1.68318e-16
x4.xs2.nh                                 2.97
x4.y2                                     2.97
x4.xs2.nt                            1.175e-09
x4.xs3.nh                                 2.97
x4.y3                                        0
x4.xs3.nt                         -1.59897e-38
x4.xs4.nh                                 2.97
x4.y4                                     2.97
x4.xs4.nt                            1.175e-09
x4.xs5.nh                                 2.97
x4.xs5.nt                         -1.59905e-38
x4.nb1                                    2.97
x4.nb2                             2.58531e-09
clk4                                      2.97
x4.xcdec1.c_moscap_int1                  -2.97
x4.xcdec2.c_moscap_int1                  -2.97
x5.xbias.na                           0.817073
x5.xbias.vbpc                          2.11489
x5.xbias.nc                           0.091825
x5.xbias.xrcg.11                     0.0916252
x5.xbias.xrcg.21                   0.000199762
x5.xbias.nsu                         0.0151045
x5.xbias.vfix                          1.58243
x5.xbias.nmd                          0.685138
x5.xbias.vbp0                          2.15414
x5.xbias.noff                         0.691672
x5.xbias.xroff.11                     0.691409
x5.xbias.xroff.21                  0.000263308
x5.xbias.nvi                           1.08329
x5.xbias.xrdeg.11                      1.08288
x5.xbias.xrdeg.21                   0.00041239
x5.xbias.b0b                              2.97
x5.xbias.b1b                              2.97
x5.xbias.b2b                              2.97
x5.xbias.vbn1                         0.686193
x5.xbias.ga                               2.97
x5.xbias.vbp2                          2.17443
x5.xbias.gb                        1.77822e-13
x5.vbn                                0.657272
x5.xbias.gc                               2.97
x5.vbp                                 2.19167
x5.xs1.nh                              1.07594
x5.y1                                        0
x5.y5                                        0
x5.xs1.nt                         -1.88793e-17
x5.xs2.nh                                 2.97
x5.y2                                     2.97
x5.xs2.nt                          1.06045e-09
x5.xs3.nh                                 2.97
x5.y3                                        0
x5.xs3.nt                         -1.86642e-38
x5.xs4.nh                                 2.97
x5.y4                                     2.97
x5.xs4.nt                          1.06045e-09
x5.xs5.nh                                 2.97
x5.xs5.nt                         -1.86642e-38
x5.nb1                                    2.97
x5.nb2                             2.58531e-09
clk5                                      2.97
x5.xcdec1.c_moscap_int1                  -2.97
x5.xcdec2.c_moscap_int1                  -2.97
x6.xbias.na                           0.817073
x6.xbias.vbpc                          2.11489
x6.xbias.nc                           0.091825
x6.xbias.xrcg.11                     0.0916252
x6.xbias.xrcg.21                   0.000199762
x6.xbias.nsu                         0.0151045
x6.xbias.vfix                          1.58243
x6.xbias.nmd                          0.685138
x6.xbias.vbp0                          2.14637
x6.xbias.noff                         0.691658
x6.xbias.xroff.11                     0.691395
x6.xbias.xroff.21                  0.000263303
x6.xbias.nvi                           1.31646
x6.xbias.xrdeg.11                      1.31595
x6.xbias.xrdeg.21                  0.000501153
x6.xbias.b0b                              2.97
x6.xbias.b1b                              2.97
x6.xbias.b2b                              2.97
x6.xbias.vbn1                         0.693056
x6.xbias.ga                               2.97
x6.xbias.vbp2                           2.1677
x6.xbias.gb                        1.78104e-13
x6.vbn                                0.662784
x6.xbias.gc                               2.97
x6.vbp                                 2.18612
x6.xs1.nh                              1.08073
x6.y1                                        0
x6.y5                                        0
x6.xs1.nt                          2.45022e-18
x6.xs2.nh                                 2.97
x6.y2                                     2.97
x6.xs2.nt                          9.68661e-10
x6.xs3.nh                                 2.97
x6.y3                                        0
x6.xs3.nt                          1.79677e-38
x6.xs4.nh                                 2.97
x6.y4                                     2.97
x6.xs4.nt                          9.68661e-10
x6.xs5.nh                                 2.97
x6.xs5.nt                          1.79677e-38
x6.nb1                                    2.97
x6.nb2                             2.58531e-09
clk6                                      2.97
x6.xcdec1.c_moscap_int1                  -2.97
x6.xcdec2.c_moscap_int1                  -2.97
x7.xbias.na                           0.817073
x7.xbias.vbpc                          2.11489
x7.xbias.nc                           0.091825
x7.xbias.xrcg.11                     0.0916252
x7.xbias.xrcg.21                   0.000199762
x7.xbias.nsu                         0.0151045
x7.xbias.vfix                          1.58243
x7.xbias.nmd                          0.685138
x7.xbias.vbp0                          2.13905
x7.xbias.noff                         0.691645
x7.xbias.xroff.11                     0.691382
x7.xbias.xroff.21                  0.000263298
x7.xbias.nvi                           1.55318
x7.xbias.xrdeg.11                      1.55259
x7.xbias.xrdeg.21                  0.000591269
x7.xbias.b0b                              2.97
x7.xbias.b1b                              2.97
x7.xbias.b2b                              2.97
x7.xbias.vbn1                         0.699452
x7.xbias.ga                               2.97
x7.xbias.vbp2                           2.1614
x7.xbias.gb                        1.78371e-13
x7.vbn                                0.667877
x7.xbias.gc                               2.97
x7.vbp                                 2.18096
x7.xs1.nh                              1.08518
x7.y1                                        0
x7.y5                                        0
x7.xs1.nt                          4.05536e-18
x7.xs2.nh                                 2.97
x7.y2                                     2.97
x7.xs2.nt                          8.93473e-10
x7.xs3.nh                                 2.97
x7.y3                                        0
x7.xs3.nt                         -1.08478e-58
x7.xs4.nh                                 2.97
x7.y4                                     2.97
x7.xs4.nt                          8.93473e-10
x7.xs5.nh                                 2.97
x7.xs5.nt                         -1.08479e-58
x7.nb1                                    2.97
x7.nb2                             2.58531e-09
clk7                                      2.97
x7.xcdec1.c_moscap_int1                  -2.97
x7.xcdec2.c_moscap_int1                  -2.97
e.x7.xcdec2.ec_moscap#branch                 0
e.x7.xcdec1.ec_moscap#branch                 0
e.x6.xcdec2.ec_moscap#branch                 0
e.x6.xcdec1.ec_moscap#branch                 0
e.x5.xcdec2.ec_moscap#branch                 0
e.x5.xcdec1.ec_moscap#branch                 0
e.x4.xcdec2.ec_moscap#branch                 0
e.x4.xcdec1.ec_moscap#branch                 0
e.x3.xcdec2.ec_moscap#branch                 0
e.x3.xcdec1.ec_moscap#branch                 0
e.x2.xcdec2.ec_moscap#branch                 0
e.x2.xcdec1.ec_moscap#branch                 0
e.x1.xcdec2.ec_moscap#branch                 0
e.x1.xcdec1.ec_moscap#branch                 0
vs7#branch                         5.35168e-05
vs6#branch                          4.9164e-05
vs5#branch                          4.4867e-05
vs4#branch                         4.06381e-05
vs3#branch                         3.64959e-05
vs2#branch                          3.2473e-05
vs1#branch                         2.86467e-05
vv7#branch                                   0
vv6#branch                                   0
vv5#branch                                   0
vv4#branch                                   0
vv3#branch                                   0
vv2#branch                                   0
vv1#branch                                   0
vb2#branch                                   0
vb1#branch                                   0
vb0#branch                                   0
vdd#branch                        -0.000285801


No. of Data Rows : 2919

  Measurements for Transient Analysis

tp1                 =  9.89596e-07 targ=  2.22635e-06 trig=  1.23676e-06
tp2                 =  8.15577e-07 targ=  2.04102e-06 trig=  1.22545e-06
tp3                 =  6.89581e-07 targ=  1.89772e-06 trig=  1.20813e-06
tp4                 =  5.95746e-07 targ=  1.78781e-06 trig=  1.19206e-06
tp5                 =  5.22469e-07 targ=  1.70020e-06 trig=  1.17773e-06
tp6                 =  4.65196e-07 targ=  1.62933e-06 trig=  1.16413e-06
tp7                 =  4.18630e-07 targ=  1.57111e-06 trig=  1.15248e-06
f1                  =  4.04205e+06
f2                  =  4.90450e+06
f3                  =  5.80062e+06
f4                  =  6.71428e+06
f5                  =  7.65595e+06
f6                  =  8.59853e+06
f7                  =  9.55499e+06
i1                  =  4.25782e-05 from=  1.05934e-06 to=  2.91317e-06
i2                  =  4.57695e-05 from=  1.05934e-06 to=  2.91317e-06
i3                  =  5.07614e-05 from=  1.05934e-06 to=  2.91317e-06
i4                  =  5.55270e-05 from=  1.05934e-06 to=  2.91317e-06
i5                  =  5.95071e-05 from=  1.05934e-06 to=  2.91317e-06
i6                  =  6.54415e-05 from=  1.05934e-06 to=  2.91317e-06
i7                  =  7.02782e-05 from=  1.05934e-06 to=  2.91317e-06
sw1hi               =  3.01347e+00 at=  2.22720e-06
sw1lo               =  -5.60303e-02 at=  1.10238e-06
sw7hi               =  3.04632e+00 at=  1.57144e-06
sw7lo               =  -4.37717e-02 at=  1.51470e-06


Total analysis time (seconds) = 393.578

Total elapsed time (seconds) = 401.043 

Total DRAM available = 98304.000 MB.
DRAM currently available = 4599.281 MB.
Maximum ngspice program size =   24.266 MB.
Current ngspice program size =   24.266 MB.


======== band 1 :: generated deck (ff_-40c_2.97v) ========
* GENERATED by simenv.sh -- do not edit; edit /Users/rwalters/GitHub/gf180-pll/.loom/worktrees/issue-32/sim/vco-tuning-range/testbench/tb_vco_tuning.sp instead
* tag=ff_Tm40_V2p97_B1 libs=ff,res_typical,moscap_typical temp=-40C
.include "/Users/rwalters/.volare/gf180mcuD/libs.tech/ngspice/design.ngspice"
.lib "/Users/rwalters/.volare/gf180mcuD/libs.tech/ngspice/sm141064.ngspice" ff
.lib "/Users/rwalters/.volare/gf180mcuD/libs.tech/ngspice/sm141064.ngspice" res_typical
.lib "/Users/rwalters/.volare/gf180mcuD/libs.tech/ngspice/sm141064.ngspice" moscap_typical
.temp -40
.param sim_temp=-40
.param vsup=2.97
.param b0v=1*2.97
.param b1v=0*2.97
.param b2v=0*2.97
.param tsettle=6.42022e-07
.param tstop=1.76556e-06
.param tstep=8.52527e-10
.param tmax=8.52527e-10
.include "/Users/rwalters/GitHub/gf180-pll/.loom/worktrees/issue-32/sim/vco-tuning-range/testbench/tb_vco_tuning.sp"
.end

======== band 1 :: ngspice output ========

Note: Compatibility modes selected: hs a

Warning: m=xx on .subckt line will override multiplier m hierarchy!


Circuit: * generated by simenv.sh -- do not edit; edit /users/rwalters/github/gf180-pll/.loom/worktrees/issue-32/sim/vco-tuning-range/testbench/tb_vco_tuning.sp instead

Doing analysis at TEMP = -40.000000 and TNOM = 27.000000

Using SPARSE 1.3 as Direct Linear Solver

Initial Transient Solution
--------------------------

Node                                   Voltage
----                                   -------
vdd                                       2.97
nb0                                       2.97
nb1                                          0
nb2                                          0
vc1                                        0.9
vc2                                        1.2
vc3                                        1.5
vc4                                        1.8
vc5                                        2.1
vc6                                        2.4
vc7                                        2.7
nv1                                       2.97
nv2                                       2.97
nv3                                       2.97
nv4                                       2.97
nv5                                       2.97
nv6                                       2.97
nv7                                       2.97
x1.xbias.na                           0.817073
x1.xbias.vbpc                          2.11489
x1.xbias.nc                           0.091825
x1.xbias.xrcg.11                     0.0916252
x1.xbias.xrcg.21                   0.000199762
x1.xbias.nsu                         0.0151045
x1.xbias.vfix                          1.58243
x1.xbias.nmd                          0.685138
x1.xbias.vbp0                          2.19175
x1.xbias.noff                          0.69174
x1.xbias.xroff.11                     0.691477
x1.xbias.xroff.21                  0.000263334
x1.xbias.nvi                           0.20976
x1.xbias.xrdeg.11                     0.209681
x1.xbias.xrdeg.21                  7.98523e-05
x1.xbias.b0b                       3.80466e-09
x1.xbias.b1b                              2.97
x1.xbias.b2b                              2.97
x1.xbias.vbn1                         0.676978
x1.xbias.ga                            2.19175
x1.xbias.vbp2                          2.18341
x1.xbias.gb                        1.77441e-13
x1.vbn                                0.649792
x1.xbias.gc                               2.97
x1.vbp                                 2.19916
x1.xs1.nh                              1.06949
x1.y1                                        0
x1.y5                                        0
x1.xs1.nt                         -7.55132e-90
x1.xs2.nh                                 2.97
x1.y2                                     2.97
x1.xs2.nt                          1.20542e-09
x1.xs3.nh                                 2.97
x1.y3                                        0
x1.xs3.nt                         -3.2565e-215
x1.xs4.nh                                 2.97
x1.y4                                     2.97
x1.xs4.nt                          1.20542e-09
x1.xs5.nh                                 2.97
x1.xs5.nt                         -3.2565e-215
x1.nb1                                    2.97
x1.nb2                             2.58531e-09
clk1                                      2.97
x1.xcdec1.c_moscap_int1                  -2.97
x1.xcdec2.c_moscap_int1                  -2.97
x2.xbias.na                           0.817073
x2.xbias.vbpc                          2.11489
x2.xbias.nc                           0.091825
x2.xbias.xrcg.11                     0.0916252
x2.xbias.xrcg.21                   0.000199762
x2.xbias.nsu                         0.0151045
x2.xbias.vfix                          1.58243
x2.xbias.nmd                          0.685138
x2.xbias.vbp0                          2.18117
x2.xbias.noff                         0.691721
x2.xbias.xroff.11                     0.691458
x2.xbias.xroff.21                  0.000263327
x2.xbias.nvi                          0.414607
x2.xbias.xrdeg.11                      0.41445
x2.xbias.xrdeg.21                  0.000157834
x2.xbias.b0b                       3.80466e-09
x2.xbias.b1b                              2.97
x2.xbias.b2b                              2.97
x2.xbias.vbn1                         0.687965
x2.xbias.ga                            2.18117
x2.xbias.vbp2                          2.17269
x2.xbias.gb                        1.77896e-13
x2.vbn                                  0.6587
x2.xbias.gc                               2.97
x2.vbp                                 2.19024
x2.xs1.nh                              1.07718
x2.y1                                        0
x2.y5                                        0
x2.xs1.nt                          4.77736e-28
x2.xs2.nh                                 2.97
x2.y2                                     2.97
x2.xs2.nt                          1.03554e-09
x2.xs3.nh                                 2.97
x2.y3                                        0
x2.xs3.nt                           2.8556e-98
x2.xs4.nh                                 2.97
x2.y4                                     2.97
x2.xs4.nt                          1.03554e-09
x2.xs5.nh                                 2.97
x2.xs5.nt                          2.85559e-98
x2.nb1                                    2.97
x2.nb2                             2.58531e-09
clk2                                      2.97
x2.xcdec1.c_moscap_int1                  -2.97
x2.xcdec2.c_moscap_int1                  -2.97
x3.xbias.na                           0.817073
x3.xbias.vbpc                          2.11489
x3.xbias.nc                           0.091825
x3.xbias.xrcg.11                     0.0916252
x3.xbias.xrcg.21                   0.000199762
x3.xbias.nsu                         0.0151045
x3.xbias.vfix                          1.58243
x3.xbias.nmd                          0.685138
x3.xbias.vbp0                          2.17142
x3.xbias.noff                         0.691703
x3.xbias.xroff.11                      0.69144
x3.xbias.xroff.21                   0.00026332
x3.xbias.nvi                          0.630904
x3.xbias.xrdeg.11                     0.630664
x3.xbias.xrdeg.21                  0.000240175
x3.xbias.b0b                       3.80466e-09
x3.xbias.b1b                              2.97
x3.xbias.b2b                              2.97
x3.xbias.vbn1                          0.69804
x3.xbias.ga                            2.17142
x3.xbias.vbp2                           2.1628
x3.xbias.gb                        1.78312e-13
x3.vbn                                0.666757
x3.xbias.gc                               2.97
x3.vbp                                  2.1821
x3.xs1.nh                               1.0842
x3.y1                                        0
x3.y5                                        0
x3.xs1.nt                         -5.02079e-36
x3.xs2.nh                                 2.97
x3.y2                                     2.97
x3.xs2.nt                          9.09287e-10
x3.xs3.nh                                 2.97
x3.y3                                        0
x3.xs3.nt                          7.04394e-99
x3.xs4.nh                                 2.97
x3.y4                                     2.97
x3.xs4.nt                          9.09287e-10
x3.xs5.nh                                 2.97
x3.xs5.nt                          7.04394e-99
x3.nb1                                    2.97
x3.nb2                             2.58531e-09
clk3                                      2.97
x3.xcdec1.c_moscap_int1                  -2.97
x3.xcdec2.c_moscap_int1                  -2.97
x4.xbias.na                           0.817073
x4.xbias.vbpc                          2.11489
x4.xbias.nc                           0.091825
x4.xbias.xrcg.11                     0.0916252
x4.xbias.xrcg.21                   0.000199762
x4.xbias.nsu                         0.0151045
x4.xbias.vfix                          1.58243
x4.xbias.nmd                          0.685138
x4.xbias.vbp0                          2.16246
x4.xbias.noff                         0.691687
x4.xbias.xroff.11                     0.691424
x4.xbias.xroff.21                  0.000263314
x4.xbias.nvi                          0.854413
x4.xbias.xrdeg.11                     0.854088
x4.xbias.xrdeg.21                  0.000325261
x4.xbias.b0b                       3.80466e-09
x4.xbias.b1b                              2.97
x4.xbias.b2b                              2.97
x4.xbias.vbn1                         0.707268
x4.xbias.ga                            2.16246
x4.xbias.vbp2                          2.15366
x4.xbias.gb                        1.78692e-13
x4.vbn                                0.674045
x4.xbias.gc                               2.97
x4.vbp                                 2.17467
x4.xs1.nh                              1.09062
x4.y1                                        0
x4.y5                                        0
x4.xs1.nt                         -2.26015e-46
x4.xs2.nh                                 2.97
x4.y2                                     2.97
x4.xs2.nt                          8.13073e-10
x4.xs3.nh                                 2.97
x4.y3                                        0
x4.xs3.nt                         7.40631e-100
x4.xs4.nh                                 2.97
x4.y4                                     2.97
x4.xs4.nt                          8.13073e-10
x4.xs5.nh                                 2.97
x4.xs5.nt                          7.4063e-100
x4.nb1                                    2.97
x4.nb2                             2.58531e-09
clk4                                      2.97
x4.xcdec1.c_moscap_int1                  -2.97
x4.xcdec2.c_moscap_int1                  -2.97
x5.xbias.na                           0.817073
x5.xbias.vbpc                          2.11489
x5.xbias.nc                           0.091825
x5.xbias.xrcg.11                     0.0916252
x5.xbias.xrcg.21                   0.000199762
x5.xbias.nsu                         0.0151045
x5.xbias.vfix                          1.58243
x5.xbias.nmd                          0.685138
x5.xbias.vbp0                          2.15414
x5.xbias.noff                         0.691672
x5.xbias.xroff.11                     0.691409
x5.xbias.xroff.21                  0.000263308
x5.xbias.nvi                           1.08329
x5.xbias.xrdeg.11                      1.08288
x5.xbias.xrdeg.21                   0.00041239
x5.xbias.b0b                       3.80466e-09
x5.xbias.b1b                              2.97
x5.xbias.b2b                              2.97
x5.xbias.vbn1                         0.715786
x5.xbias.ga                            2.15414
x5.xbias.vbp2                          2.14518
x5.xbias.gb                        1.79043e-13
x5.vbn                                0.680694
x5.xbias.gc                               2.97
x5.vbp                                 2.16784
x5.xs1.nh                              1.09654
x5.y1                                        0
x5.y5                                        0
x5.xs1.nt                          7.16759e-46
x5.xs2.nh                                 2.97
x5.y2                                     2.97
x5.xs2.nt                          7.37562e-10
x5.xs3.nh                                 2.97
x5.y3                                        0
x5.xs3.nt                         -8.80138e-99
x5.xs4.nh                                 2.97
x5.y4                                     2.97
x5.xs4.nt                          7.37562e-10
x5.xs5.nh                                 2.97
x5.xs5.nt                         -8.80138e-99
x5.nb1                                    2.97
x5.nb2                             2.58531e-09
clk5                                      2.97
x5.xcdec1.c_moscap_int1                  -2.97
x5.xcdec2.c_moscap_int1                  -2.97
x6.xbias.na                           0.817073
x6.xbias.vbpc                          2.11489
x6.xbias.nc                           0.091825
x6.xbias.xrcg.11                     0.0916252
x6.xbias.xrcg.21                   0.000199762
x6.xbias.nsu                         0.0151045
x6.xbias.vfix                          1.58243
x6.xbias.nmd                          0.685138
x6.xbias.vbp0                          2.14637
x6.xbias.noff                         0.691658
x6.xbias.xroff.11                     0.691395
x6.xbias.xroff.21                  0.000263303
x6.xbias.nvi                           1.31646
x6.xbias.xrdeg.11                      1.31595
x6.xbias.xrdeg.21                  0.000501153
x6.xbias.b0b                       3.80466e-09
x6.xbias.b1b                              2.97
x6.xbias.b2b                              2.97
x6.xbias.vbn1                         0.723712
x6.xbias.ga                            2.14637
x6.xbias.vbp2                          2.13722
x6.xbias.gb                        1.79372e-13
x6.vbn                                0.686816
x6.xbias.gc                               2.97
x6.vbp                                 2.16149
x6.xs1.nh                              1.10205
x6.y1                                        0
x6.y5                                        0
x6.xs1.nt                          2.62697e-46
x6.xs2.nh                                 2.97
x6.y2                                     2.97
x6.xs2.nt                          6.76296e-10
x6.xs3.nh                                 2.97
x6.y3                                        0
x6.xs3.nt                         6.94136e-117
x6.xs4.nh                                 2.97
x6.y4                                     2.97
x6.xs4.nt                          6.76296e-10
x6.xs5.nh                                 2.97
x6.xs5.nt                         6.94067e-117
x6.nb1                                    2.97
x6.nb2                             2.58531e-09
clk6                                      2.97
x6.xcdec1.c_moscap_int1                  -2.97
x6.xcdec2.c_moscap_int1                  -2.97
x7.xbias.na                           0.817073
x7.xbias.vbpc                          2.11489
x7.xbias.nc                           0.091825
x7.xbias.xrcg.11                     0.0916252
x7.xbias.xrcg.21                   0.000199762
x7.xbias.nsu                         0.0151045
x7.xbias.vfix                          1.58243
x7.xbias.nmd                          0.685138
x7.xbias.vbp0                          2.13905
x7.xbias.noff                         0.691645
x7.xbias.xroff.11                     0.691382
x7.xbias.xroff.21                  0.000263298
x7.xbias.nvi                           1.55318
x7.xbias.xrdeg.11                      1.55259
x7.xbias.xrdeg.21                  0.000591269
x7.xbias.b0b                       3.80466e-09
x7.xbias.b1b                              2.97
x7.xbias.b2b                              2.97
x7.xbias.vbn1                         0.731142
x7.xbias.ga                            2.13905
x7.xbias.vbp2                          2.12972
x7.xbias.gb                        1.79677e-13
x7.vbn                                0.692497
x7.xbias.gc                               2.97
x7.vbp                                 2.15556
x7.xs1.nh                               1.1072
x7.y1                                        0
x7.y5                                        0
x7.xs1.nt                          3.57759e-46
x7.xs2.nh                                 2.97
x7.y2                                     2.97
x7.xs2.nt                          6.26716e-10
x7.xs3.nh                                 2.97
x7.y3                                        0
x7.xs3.nt                          1.08071e-78
x7.xs4.nh                                 2.97
x7.y4                                     2.97
x7.xs4.nt                          6.26716e-10
x7.xs5.nh                                 2.97
x7.xs5.nt                           1.0807e-78
x7.nb1                                    2.97
x7.nb2                             2.58531e-09
clk7                                      2.97
x7.xcdec1.c_moscap_int1                  -2.97
x7.xcdec2.c_moscap_int1                  -2.97
e.x7.xcdec2.ec_moscap#branch                 0
e.x7.xcdec1.ec_moscap#branch                 0
e.x6.xcdec2.ec_moscap#branch                 0
e.x6.xcdec1.ec_moscap#branch                 0
e.x5.xcdec2.ec_moscap#branch                 0
e.x5.xcdec1.ec_moscap#branch                 0
e.x4.xcdec2.ec_moscap#branch                 0
e.x4.xcdec1.ec_moscap#branch                 0
e.x3.xcdec2.ec_moscap#branch                 0
e.x3.xcdec1.ec_moscap#branch                 0
e.x2.xcdec2.ec_moscap#branch                 0
e.x2.xcdec1.ec_moscap#branch                 0
e.x1.xcdec2.ec_moscap#branch                 0
e.x1.xcdec1.ec_moscap#branch                 0
vs7#branch                         6.78729e-05
vs6#branch                         6.20573e-05
vs5#branch                         5.63151e-05
vs4#branch                         5.06629e-05
vs3#branch                         4.51252e-05
vs2#branch                         3.97452e-05
vs1#branch                          3.4626e-05
vv7#branch                                   0
vv6#branch                                   0
vv5#branch                                   0
vv4#branch                                   0
vv3#branch                                   0
vv2#branch                                   0
vv1#branch                                   0
vb2#branch                                   0
vb1#branch                                   0
vb0#branch                                   0
vdd#branch                        -0.000356405


No. of Data Rows : 2762

  Measurements for Transient Analysis

tp1                 =  6.15186e-07 targ=  1.38466e-06 trig=  7.69470e-07
tp2                 =  5.06674e-07 targ=  1.26809e-06 trig=  7.61413e-07
tp3                 =  4.34085e-07 targ=  1.07084e-06 trig=  6.36758e-07
tp4                 =  3.69326e-07 targ=  1.01571e-06 trig=  6.46384e-07
tp5                 =  3.23381e-07 targ=  9.71269e-07 trig=  6.47888e-07
tp6                 =  2.87908e-07 targ=  9.35423e-07 trig=  6.47516e-07
tp7                 =  2.58704e-07 targ=  9.05076e-07 trig=  6.46372e-07
f1                  =  6.50210e+06
f2                  =  7.89462e+06
f3                  =  9.21478e+06
f4                  =  1.08305e+07
f5                  =  1.23693e+07
f6                  =  1.38934e+07
f7                  =  1.54617e+07
i1                  =  4.87819e-05 from=  6.42022e-07 to=  1.76556e-06
i2                  =  5.47942e-05 from=  6.42022e-07 to=  1.76556e-06
i3                  =  6.13738e-05 from=  6.42022e-07 to=  1.76556e-06
i4                  =  6.91294e-05 from=  6.42022e-07 to=  1.76556e-06
i5                  =  7.34481e-05 from=  6.42022e-07 to=  1.76556e-06
i6                  =  8.10245e-05 from=  6.42022e-07 to=  1.76556e-06
i7                  =  8.80677e-05 from=  6.42022e-07 to=  1.76556e-06
sw1hi               =  3.00899e+00 at=  1.07813e-06
sw1lo               =  -5.47982e-02 at=  6.85941e-07
sw7hi               =  3.06074e+00 at=  1.22823e-06
sw7lo               =  -5.65618e-02 at=  7.41273e-07


Total analysis time (seconds) = 342.145

Total elapsed time (seconds) = 348.876 

Total DRAM available = 98304.000 MB.
DRAM currently available = 3747.125 MB.
Maximum ngspice program size =   24.219 MB.
Current ngspice program size =   24.219 MB.


======== band 2 :: generated deck (ff_-40c_2.97v) ========
* GENERATED by simenv.sh -- do not edit; edit /Users/rwalters/GitHub/gf180-pll/.loom/worktrees/issue-32/sim/vco-tuning-range/testbench/tb_vco_tuning.sp instead
* tag=ff_Tm40_V2p97_B2 libs=ff,res_typical,moscap_typical temp=-40C
.include "/Users/rwalters/.volare/gf180mcuD/libs.tech/ngspice/design.ngspice"
.lib "/Users/rwalters/.volare/gf180mcuD/libs.tech/ngspice/sm141064.ngspice" ff
.lib "/Users/rwalters/.volare/gf180mcuD/libs.tech/ngspice/sm141064.ngspice" res_typical
.lib "/Users/rwalters/.volare/gf180mcuD/libs.tech/ngspice/sm141064.ngspice" moscap_typical
.temp -40
.param sim_temp=-40
.param vsup=2.97
.param b0v=0*2.97
.param b1v=1*2.97
.param b2v=0*2.97
.param tsettle=3.89105e-07
.param tstop=1.07004e-06
.param tstep=5.16683e-10
.param tmax=5.16683e-10
.include "/Users/rwalters/GitHub/gf180-pll/.loom/worktrees/issue-32/sim/vco-tuning-range/testbench/tb_vco_tuning.sp"
.end

======== band 2 :: ngspice output ========

Note: Compatibility modes selected: hs a

Warning: m=xx on .subckt line will override multiplier m hierarchy!


Circuit: * generated by simenv.sh -- do not edit; edit /users/rwalters/github/gf180-pll/.loom/worktrees/issue-32/sim/vco-tuning-range/testbench/tb_vco_tuning.sp instead

Doing analysis at TEMP = -40.000000 and TNOM = 27.000000

Using SPARSE 1.3 as Direct Linear Solver

Initial Transient Solution
--------------------------

Node                                   Voltage
----                                   -------
vdd                                       2.97
nb0                                          0
nb1                                       2.97
nb2                                          0
vc1                                        0.9
vc2                                        1.2
vc3                                        1.5
vc4                                        1.8
vc5                                        2.1
vc6                                        2.4
vc7                                        2.7
nv1                                       2.97
nv2                                       2.97
nv3                                       2.97
nv4                                       2.97
nv5                                       2.97
nv6                                       2.97
nv7                                       2.97
x1.xbias.na                           0.817073
x1.xbias.vbpc                          2.11489
x1.xbias.nc                           0.091825
x1.xbias.xrcg.11                     0.0916252
x1.xbias.xrcg.21                   0.000199762
x1.xbias.nsu                         0.0151045
x1.xbias.vfix                          1.58243
x1.xbias.nmd                          0.685138
x1.xbias.vbp0                          2.19175
x1.xbias.noff                          0.69174
x1.xbias.xroff.11                     0.691477
x1.xbias.xroff.21                  0.000263334
x1.xbias.nvi                           0.20976
x1.xbias.xrdeg.11                     0.209681
x1.xbias.xrdeg.21                  7.98523e-05
x1.xbias.b0b                              2.97
x1.xbias.b1b                       3.80466e-09
x1.xbias.b2b                              2.97
x1.xbias.vbn1                         0.651989
x1.xbias.ga                               2.97
x1.xbias.vbp2                          2.15304
x1.xbias.gb                           0.651989
x1.vbn                                0.674536
x1.xbias.gc                               2.97
x1.vbp                                 2.17417
x1.xs1.nh                              1.09106
x1.y1                                        0
x1.y5                                        0
x1.xs1.nt                          1.67758e-36
x1.xs2.nh                                 2.97
x1.y2                                     2.97
x1.xs2.nt                          8.07119e-10
x1.xs3.nh                                 2.97
x1.y3                                        0
x1.xs3.nt                           2.3639e-60
x1.xs4.nh                                 2.97
x1.y4                                     2.97
x1.xs4.nt                          8.07119e-10
x1.xs5.nh                                 2.97
x1.xs5.nt                           2.3639e-60
x1.nb1                                    2.97
x1.nb2                             2.58531e-09
clk1                                      2.97
x1.xcdec1.c_moscap_int1                  -2.97
x1.xcdec2.c_moscap_int1                  -2.97
x2.xbias.na                           0.817073
x2.xbias.vbpc                          2.11489
x2.xbias.nc                           0.091825
x2.xbias.xrcg.11                     0.0916252
x2.xbias.xrcg.21                   0.000199762
x2.xbias.nsu                         0.0151045
x2.xbias.vfix                          1.58243
x2.xbias.nmd                          0.685138
x2.xbias.vbp0                          2.18117
x2.xbias.noff                         0.691721
x2.xbias.xroff.11                     0.691458
x2.xbias.xroff.21                  0.000263327
x2.xbias.nvi                          0.414607
x2.xbias.xrdeg.11                      0.41445
x2.xbias.xrdeg.21                  0.000157834
x2.xbias.b0b                              2.97
x2.xbias.b1b                       3.80466e-09
x2.xbias.b2b                              2.97
x2.xbias.vbn1                         0.661776
x2.xbias.ga                               2.97
x2.xbias.vbp2                          2.14037
x2.xbias.gb                           0.661776
x2.vbn                                0.684408
x2.xbias.gc                               2.97
x2.vbp                                   2.164
x2.xs1.nh                              1.09988
x2.y1                                        0
x2.y5                                        0
x2.xs1.nt                          9.05079e-18
x2.xs2.nh                                 2.97
x2.y2                                     2.97
x2.xs2.nt                          6.99758e-10
x2.xs3.nh                                 2.97
x2.y3                                        0
x2.xs3.nt                          2.14665e-39
x2.xs4.nh                                 2.97
x2.y4                                     2.97
x2.xs4.nt                          6.99758e-10
x2.xs5.nh                                 2.97
x2.xs5.nt                          2.14665e-39
x2.nb1                                    2.97
x2.nb2                             2.58531e-09
clk2                                      2.97
x2.xcdec1.c_moscap_int1                  -2.97
x2.xcdec2.c_moscap_int1                  -2.97
x3.xbias.na                           0.817073
x3.xbias.vbpc                          2.11489
x3.xbias.nc                           0.091825
x3.xbias.xrcg.11                     0.0916252
x3.xbias.xrcg.21                   0.000199762
x3.xbias.nsu                         0.0151045
x3.xbias.vfix                          1.58243
x3.xbias.nmd                          0.685138
x3.xbias.vbp0                          2.17142
x3.xbias.noff                         0.691703
x3.xbias.xroff.11                      0.69144
x3.xbias.xroff.21                   0.00026332
x3.xbias.nvi                          0.630904
x3.xbias.xrdeg.11                     0.630664
x3.xbias.xrdeg.21                  0.000240175
x3.xbias.b0b                              2.97
x3.xbias.b1b                       3.80466e-09
x3.xbias.b2b                              2.97
x3.xbias.vbn1                         0.670678
x3.xbias.ga                               2.97
x3.xbias.vbp2                          2.12853
x3.xbias.gb                           0.670678
x3.vbn                                0.693397
x3.xbias.gc                               2.97
x3.vbp                                 2.15461
x3.xs1.nh                              1.10802
x3.y1                                        0
x3.y5                                        0
x3.xs1.nt                           7.5626e-28
x3.xs2.nh                                 2.97
x3.y2                                     2.97
x3.xs2.nt                          6.19292e-10
x3.xs3.nh                                 2.97
x3.y3                                        0
x3.xs3.nt                          2.11448e-39
x3.xs4.nh                                 2.97
x3.y4                                     2.97
x3.xs4.nt                          6.19292e-10
x3.xs5.nh                                 2.97
x3.xs5.nt                          2.11448e-39
x3.nb1                                    2.97
x3.nb2                             2.58531e-09
clk3                                      2.97
x3.xcdec1.c_moscap_int1                  -2.97
x3.xcdec2.c_moscap_int1                  -2.97
x4.xbias.na                           0.817073
x4.xbias.vbpc                          2.11489
x4.xbias.nc                           0.091825
x4.xbias.xrcg.11                     0.0916252
x4.xbias.xrcg.21                   0.000199762
x4.xbias.nsu                         0.0151045
x4.xbias.vfix                          1.58243
x4.xbias.nmd                          0.685138
x4.xbias.vbp0                          2.16246
x4.xbias.noff                         0.691687
x4.xbias.xroff.11                     0.691424
x4.xbias.xroff.21                  0.000263314
x4.xbias.nvi                          0.854413
x4.xbias.xrdeg.11                     0.854088
x4.xbias.xrdeg.21                  0.000325261
x4.xbias.b0b                              2.97
x4.xbias.b1b                       3.80466e-09
x4.xbias.b2b                              2.97
x4.xbias.vbn1                         0.678772
x4.xbias.ga                               2.97
x4.xbias.vbp2                          2.11749
x4.xbias.gb                           0.678772
x4.vbn                                0.701578
x4.xbias.gc                               2.97
x4.vbp                                 2.14596
x4.xs1.nh                              1.11555
x4.y1                                        0
x4.y5                                        0
x4.xs1.nt                         -7.65871e-28
x4.xs2.nh                                 2.97
x4.y2                                     2.97
x4.xs2.nt                          5.57505e-10
x4.xs3.nh                                 2.97
x4.y3                                        0
x4.xs3.nt                         -3.18245e-39
x4.xs4.nh                                 2.97
x4.y4                                     2.97
x4.xs4.nt                          5.57505e-10
x4.xs5.nh                                 2.97
x4.xs5.nt                         -3.18245e-39
x4.nb1                                    2.97
x4.nb2                             2.58531e-09
clk4                                      2.97
x4.xcdec1.c_moscap_int1                  -2.97
x4.xcdec2.c_moscap_int1                  -2.97
x5.xbias.na                           0.817073
x5.xbias.vbpc                          2.11489
x5.xbias.nc                           0.091825
x5.xbias.xrcg.11                     0.0916252
x5.xbias.xrcg.21                   0.000199762
x5.xbias.nsu                         0.0151045
x5.xbias.vfix                          1.58243
x5.xbias.nmd                          0.685138
x5.xbias.vbp0                          2.15414
x5.xbias.noff                         0.691672
x5.xbias.xroff.11                     0.691409
x5.xbias.xroff.21                  0.000263308
x5.xbias.nvi                           1.08329
x5.xbias.xrdeg.11                      1.08288
x5.xbias.xrdeg.21                   0.00041239
x5.xbias.b0b                              2.97
x5.xbias.b1b                       3.80466e-09
x5.xbias.b2b                              2.97
x5.xbias.vbn1                         0.686193
x5.xbias.ga                               2.97
x5.xbias.vbp2                          2.10714
x5.xbias.gb                           0.686193
x5.vbn                                0.709086
x5.xbias.gc                               2.97
x5.vbp                                 2.13793
x5.xs1.nh                              1.12254
x5.y1                                        0
x5.y5                                        0
x5.xs1.nt                         -1.10172e-27
x5.xs2.nh                                 2.97
x5.y2                                     2.97
x5.xs2.nt                          5.08682e-10
x5.xs3.nh                                 2.97
x5.y3                                        0
x5.xs3.nt                         -4.25524e-39
x5.xs4.nh                                 2.97
x5.y4                                     2.97
x5.xs4.nt                          5.08682e-10
x5.xs5.nh                                 2.97
x5.xs5.nt                         -4.25524e-39
x5.nb1                                    2.97
x5.nb2                             2.58531e-09
clk5                                      2.97
x5.xcdec1.c_moscap_int1                  -2.97
x5.xcdec2.c_moscap_int1                  -2.97
x6.xbias.na                           0.817073
x6.xbias.vbpc                          2.11489
x6.xbias.nc                           0.091825
x6.xbias.xrcg.11                     0.0916252
x6.xbias.xrcg.21                   0.000199762
x6.xbias.nsu                         0.0151045
x6.xbias.vfix                          1.58243
x6.xbias.nmd                          0.685138
x6.xbias.vbp0                          2.14637
x6.xbias.noff                         0.691658
x6.xbias.xroff.11                     0.691395
x6.xbias.xroff.21                  0.000263303
x6.xbias.nvi                           1.31646
x6.xbias.xrdeg.11                      1.31595
x6.xbias.xrdeg.21                  0.000501153
x6.xbias.b0b                              2.97
x6.xbias.b1b                       3.80466e-09
x6.xbias.b2b                              2.97
x6.xbias.vbn1                         0.693056
x6.xbias.ga                               2.97
x6.xbias.vbp2                          2.09737
x6.xbias.gb                           0.693056
x6.vbn                                0.716036
x6.xbias.gc                               2.97
x6.vbp                                 2.13042
x6.xs1.nh                               1.1291
x6.y1                                        0
x6.y5                                        0
x6.xs1.nt                          1.01846e-27
x6.xs2.nh                                 2.97
x6.y2                                     2.97
x6.xs2.nt                          4.69124e-10
x6.xs3.nh                                 2.97
x6.y3                                        0
x6.xs3.nt                         -5.32008e-39
x6.xs4.nh                                 2.97
x6.y4                                     2.97
x6.xs4.nt                          4.69124e-10
x6.xs5.nh                                 2.97
x6.xs5.nt                         -5.32008e-39
x6.nb1                                    2.97
x6.nb2                             2.58531e-09
clk6                                      2.97
x6.xcdec1.c_moscap_int1                  -2.97
x6.xcdec2.c_moscap_int1                  -2.97
x7.xbias.na                           0.817073
x7.xbias.vbpc                          2.11489
x7.xbias.nc                           0.091825
x7.xbias.xrcg.11                     0.0916252
x7.xbias.xrcg.21                   0.000199762
x7.xbias.nsu                         0.0151045
x7.xbias.vfix                          1.58243
x7.xbias.nmd                          0.685138
x7.xbias.vbp0                          2.13905
x7.xbias.noff                         0.691645
x7.xbias.xroff.11                     0.691382
x7.xbias.xroff.21                  0.000263298
x7.xbias.nvi                           1.55318
x7.xbias.xrdeg.11                      1.55259
x7.xbias.xrdeg.21                  0.000591269
x7.xbias.b0b                              2.97
x7.xbias.b1b                       3.80466e-09
x7.xbias.b2b                              2.97
x7.xbias.vbn1                         0.699452
x7.xbias.ga                               2.97
x7.xbias.vbp2                           2.0881
x7.xbias.gb                           0.699452
x7.vbn                                0.722519
x7.xbias.gc                               2.97
x7.vbp                                 2.12334
x7.xs1.nh                              1.13529
x7.y1                                        0
x7.y5                                        0
x7.xs1.nt                          7.43419e-28
x7.xs2.nh                                 2.97
x7.y2                                     2.97
x7.xs2.nt                          4.36394e-10
x7.xs3.nh                                 2.97
x7.y3                                        0
x7.xs3.nt                           6.3693e-39
x7.xs4.nh                                 2.97
x7.y4                                     2.97
x7.xs4.nt                          4.36394e-10
x7.xs5.nh                                 2.97
x7.xs5.nt                           6.3693e-39
x7.nb1                                    2.97
x7.nb2                             2.58531e-09
clk7                                      2.97
x7.xcdec1.c_moscap_int1                  -2.97
x7.xcdec2.c_moscap_int1                  -2.97
e.x7.xcdec2.ec_moscap#branch                 0
e.x7.xcdec1.ec_moscap#branch                 0
e.x6.xcdec2.ec_moscap#branch                 0
e.x6.xcdec1.ec_moscap#branch                 0
e.x5.xcdec2.ec_moscap#branch                 0
e.x5.xcdec1.ec_moscap#branch                 0
e.x4.xcdec2.ec_moscap#branch                 0
e.x4.xcdec1.ec_moscap#branch                 0
e.x3.xcdec2.ec_moscap#branch                 0
e.x3.xcdec1.ec_moscap#branch                 0
e.x2.xcdec2.ec_moscap#branch                 0
e.x2.xcdec1.ec_moscap#branch                 0
e.x1.xcdec2.ec_moscap#branch                 0
e.x1.xcdec1.ec_moscap#branch                 0
vs7#branch                         7.76199e-05
vs6#branch                         7.08744e-05
vs5#branch                         6.42073e-05
vs4#branch                         5.76367e-05
vs3#branch                           5.119e-05
vs2#branch                         4.49167e-05
vs1#branch                         3.89354e-05
vv7#branch                                   0
vv6#branch                                   0
vv5#branch                                   0
vv4#branch                                   0
vv3#branch                                   0
vv2#branch                                   0
vv1#branch                                   0
vb2#branch                                   0
vb1#branch                                   0
vb0#branch                                   0
vdd#branch                         -0.00040538


No. of Data Rows : 2708

  Measurements for Transient Analysis

tp1                 =  3.65416e-07 targ=  8.22920e-07 trig=  4.57504e-07
tp2                 =  3.00917e-07 targ=  7.53196e-07 trig=  4.52279e-07
tp3                 =  2.54130e-07 targ=  6.98891e-07 trig=  4.44761e-07
tp4                 =  2.18768e-07 targ=  6.56507e-07 trig=  4.37739e-07
tp5                 =  1.91437e-07 targ=  6.22874e-07 trig=  4.31437e-07
tp6                 =  1.69918e-07 targ=  5.95080e-07 trig=  4.25162e-07
tp7                 =  1.52381e-07 targ=  5.72143e-07 trig=  4.19762e-07
f1                  =  1.09464e+07
f2                  =  1.32927e+07
f3                  =  1.57399e+07
f4                  =  1.82842e+07
f5                  =  2.08946e+07
f6                  =  2.35407e+07
f7                  =  2.62500e+07
i1                  =  5.59262e-05 from=  3.89105e-07 to=  1.07004e-06
i2                  =  6.31717e-05 from=  3.89105e-07 to=  1.07004e-06
i3                  =  7.06910e-05 from=  3.89105e-07 to=  1.07004e-06
i4                  =  7.86098e-05 from=  3.89105e-07 to=  1.07004e-06
i5                  =  8.58834e-05 from=  3.89105e-07 to=  1.07004e-06
i6                  =  9.35331e-05 from=  3.89105e-07 to=  1.07004e-06
i7                  =  1.02732e-04 from=  3.89105e-07 to=  1.07004e-06
sw1hi               =  3.03720e+00 at=  4.57898e-07
sw1lo               =  -8.68655e-02 at=  9.56148e-07
sw7hi               =  3.07539e+00 at=  9.15751e-07
sw7lo               =  -8.26513e-02 at=  4.75994e-07


Total analysis time (seconds) = 327.003

Total elapsed time (seconds) = 334.077 

Total DRAM available = 98304.000 MB.
DRAM currently available = 3263.344 MB.
Maximum ngspice program size =   24.219 MB.
Current ngspice program size =   24.219 MB.


======== band 3 :: generated deck (ff_-40c_2.97v) ========
* GENERATED by simenv.sh -- do not edit; edit /Users/rwalters/GitHub/gf180-pll/.loom/worktrees/issue-32/sim/vco-tuning-range/testbench/tb_vco_tuning.sp instead
* tag=ff_Tm40_V2p97_B3 libs=ff,res_typical,moscap_typical temp=-40C
.include "/Users/rwalters/.volare/gf180mcuD/libs.tech/ngspice/design.ngspice"
.lib "/Users/rwalters/.volare/gf180mcuD/libs.tech/ngspice/sm141064.ngspice" ff
.lib "/Users/rwalters/.volare/gf180mcuD/libs.tech/ngspice/sm141064.ngspice" res_typical
.lib "/Users/rwalters/.volare/gf180mcuD/libs.tech/ngspice/sm141064.ngspice" moscap_typical
.temp -40
.param sim_temp=-40
.param vsup=2.97
.param b0v=1*2.97
.param b1v=1*2.97
.param b2v=0*2.97
.param tsettle=2.35821e-07
.param tstop=6.48508e-07
.param tstep=3.1314e-10
.param tmax=3.1314e-10
.include "/Users/rwalters/GitHub/gf180-pll/.loom/worktrees/issue-32/sim/vco-tuning-range/testbench/tb_vco_tuning.sp"
.end

======== band 3 :: ngspice output ========

Note: Compatibility modes selected: hs a

Warning: m=xx on .subckt line will override multiplier m hierarchy!


Circuit: * generated by simenv.sh -- do not edit; edit /users/rwalters/github/gf180-pll/.loom/worktrees/issue-32/sim/vco-tuning-range/testbench/tb_vco_tuning.sp instead

Doing analysis at TEMP = -40.000000 and TNOM = 27.000000

Using SPARSE 1.3 as Direct Linear Solver

Initial Transient Solution
--------------------------

Node                                   Voltage
----                                   -------
vdd                                       2.97
nb0                                       2.97
nb1                                       2.97
nb2                                          0
vc1                                        0.9
vc2                                        1.2
vc3                                        1.5
vc4                                        1.8
vc5                                        2.1
vc6                                        2.4
vc7                                        2.7
nv1                                       2.97
nv2                                       2.97
nv3                                       2.97
nv4                                       2.97
nv5                                       2.97
nv6                                       2.97
nv7                                       2.97
x1.xbias.na                           0.817073
x1.xbias.vbpc                          2.11489
x1.xbias.nc                           0.091825
x1.xbias.xrcg.11                     0.0916252
x1.xbias.xrcg.21                   0.000199762
x1.xbias.nsu                         0.0151045
x1.xbias.vfix                          1.58243
x1.xbias.nmd                          0.685138
x1.xbias.vbp0                          2.19175
x1.xbias.noff                          0.69174
x1.xbias.xroff.11                     0.691477
x1.xbias.xroff.21                  0.000263334
x1.xbias.nvi                           0.20976
x1.xbias.xrdeg.11                     0.209681
x1.xbias.xrdeg.21                  7.98523e-05
x1.xbias.b0b                       3.80466e-09
x1.xbias.b1b                       3.80466e-09
x1.xbias.b2b                              2.97
x1.xbias.vbn1                         0.676978
x1.xbias.ga                            2.19175
x1.xbias.vbp2                          2.11996
x1.xbias.gb                           0.676978
x1.vbn                                0.699764
x1.xbias.gc                               2.97
x1.vbp                                 2.14789
x1.xs1.nh                              1.11387
x1.y1                                        0
x1.y5                                        0
x1.xs1.nt                          4.91653e-74
x1.xs2.nh                                 2.97
x1.y2                                     2.97
x1.xs2.nt                          5.70381e-10
x1.xs3.nh                                 2.97
x1.y3                                        0
x1.xs3.nt                        -2.76447e-195
x1.xs4.nh                                 2.97
x1.y4                                     2.97
x1.xs4.nt                          5.70381e-10
x1.xs5.nh                                 2.97
x1.xs5.nt                        -2.76447e-195
x1.nb1                                    2.97
x1.nb2                             2.58531e-09
clk1                                      2.97
x1.xcdec1.c_moscap_int1                  -2.97
x1.xcdec2.c_moscap_int1                  -2.97
x2.xbias.na                           0.817073
x2.xbias.vbpc                          2.11489
x2.xbias.nc                           0.091825
x2.xbias.xrcg.11                     0.0916252
x2.xbias.xrcg.21                   0.000199762
x2.xbias.nsu                         0.0151045
x2.xbias.vfix                          1.58243
x2.xbias.nmd                          0.685138
x2.xbias.vbp0                          2.18117
x2.xbias.noff                         0.691721
x2.xbias.xroff.11                     0.691458
x2.xbias.xroff.21                  0.000263327
x2.xbias.nvi                          0.414607
x2.xbias.xrdeg.11                      0.41445
x2.xbias.xrdeg.21                  0.000157834
x2.xbias.b0b                       3.80466e-09
x2.xbias.b1b                       3.80466e-09
x2.xbias.b2b                              2.97
x2.xbias.vbn1                         0.687965
x2.xbias.ga                            2.18117
x2.xbias.vbp2                          2.10464
x2.xbias.gb                           0.687965
x2.vbn                                 0.71088
x2.xbias.gc                               2.97
x2.vbp                                   2.136
x2.xs1.nh                              1.12423
x2.y1                                        0
x2.y5                                        0
x2.xs1.nt                          8.53471e-28
x2.xs2.nh                                 2.97
x2.y2                                     2.97
x2.xs2.nt                          4.97988e-10
x2.xs3.nh                                 2.97
x2.y3                                        0
x2.xs3.nt                           4.5238e-39
x2.xs4.nh                                 2.97
x2.y4                                     2.97
x2.xs4.nt                          4.97988e-10
x2.xs5.nh                                 2.97
x2.xs5.nt                           4.5238e-39
x2.nb1                                    2.97
x2.nb2                             2.58531e-09
clk2                                      2.97
x2.xcdec1.c_moscap_int1                  -2.97
x2.xcdec2.c_moscap_int1                  -2.97
x3.xbias.na                           0.817073
x3.xbias.vbpc                          2.11489
x3.xbias.nc                           0.091825
x3.xbias.xrcg.11                     0.0916252
x3.xbias.xrcg.21                   0.000199762
x3.xbias.nsu                         0.0151045
x3.xbias.vfix                          1.58243
x3.xbias.nmd                          0.685138
x3.xbias.vbp0                          2.17142
x3.xbias.noff                         0.691703
x3.xbias.xroff.11                      0.69144
x3.xbias.xroff.21                   0.00026332
x3.xbias.nvi                          0.630904
x3.xbias.xrdeg.11                     0.630664
x3.xbias.xrdeg.21                  0.000240175
x3.xbias.b0b                       3.80466e-09
x3.xbias.b1b                       3.80466e-09
x3.xbias.b2b                              2.97
x3.xbias.vbn1                          0.69804
x3.xbias.ga                            2.17142
x3.xbias.vbp2                          2.09016
x3.xbias.gb                            0.69804
x3.vbn                                0.721088
x3.xbias.gc                               2.97
x3.vbp                                 2.12491
x3.xs1.nh                              1.13392
x3.y1                                        0
x3.y5                                        0
x3.xs1.nt                          2.41945e-37
x3.xs2.nh                                 2.97
x3.y2                                     2.97
x3.xs2.nt                          4.43304e-10
x3.xs3.nh                                 2.97
x3.y3                                        0
x3.xs3.nt                          6.33226e-78
x3.xs4.nh                                 2.97
x3.y4                                     2.97
x3.xs4.nt                          4.43304e-10
x3.xs5.nh                                 2.97
x3.xs5.nt                          6.33226e-78
x3.nb1                                    2.97
x3.nb2                             2.58531e-09
clk3                                      2.97
x3.xcdec1.c_moscap_int1                  -2.97
x3.xcdec2.c_moscap_int1                  -2.97
x4.xbias.na                           0.817073
x4.xbias.vbpc                          2.11489
x4.xbias.nc                           0.091825
x4.xbias.xrcg.11                     0.0916252
x4.xbias.xrcg.21                   0.000199762
x4.xbias.nsu                         0.0151045
x4.xbias.vfix                          1.58243
x4.xbias.nmd                          0.685138
x4.xbias.vbp0                          2.16246
x4.xbias.noff                         0.691687
x4.xbias.xroff.11                     0.691424
x4.xbias.xroff.21                  0.000263314
x4.xbias.nvi                          0.854413
x4.xbias.xrdeg.11                     0.854088
x4.xbias.xrdeg.21                  0.000325261
x4.xbias.b0b                       3.80466e-09
x4.xbias.b1b                       3.80466e-09
x4.xbias.b2b                              2.97
x4.xbias.vbn1                         0.707268
x4.xbias.ga                            2.16246
x4.xbias.vbp2                          2.07654
x4.xbias.gb                           0.707268
x4.vbn                                0.730451
x4.xbias.gc                               2.97
x4.vbp                                 2.11458
x4.xs1.nh                              1.14295
x4.y1                                        0
x4.y5                                        0
x4.xs1.nt                         -2.24495e-17
x4.xs2.nh                                 2.97
x4.y2                                     2.97
x4.xs2.nt                          4.01031e-10
x4.xs3.nh                                 2.97
x4.y3                                        0
x4.xs3.nt                          8.78192e-17
x4.xs4.nh                                 2.97
x4.y4                                     2.97
x4.xs4.nt                          4.01031e-10
x4.xs5.nh                                 2.97
x4.xs5.nt                          8.78192e-17
x4.nb1                                    2.97
x4.nb2                             2.58531e-09
clk4                                      2.97
x4.xcdec1.c_moscap_int1                  -2.97
x4.xcdec2.c_moscap_int1                  -2.97
x5.xbias.na                           0.817073
x5.xbias.vbpc                          2.11489
x5.xbias.nc                           0.091825
x5.xbias.xrcg.11                     0.0916252
x5.xbias.xrcg.21                   0.000199762
x5.xbias.nsu                         0.0151045
x5.xbias.vfix                          1.58243
x5.xbias.nmd                          0.685138
x5.xbias.vbp0                          2.15414
x5.xbias.noff                         0.691672
x5.xbias.xroff.11                     0.691409
x5.xbias.xroff.21                  0.000263308
x5.xbias.nvi                           1.08329
x5.xbias.xrdeg.11                      1.08288
x5.xbias.xrdeg.21                   0.00041239
x5.xbias.b0b                       3.80466e-09
x5.xbias.b1b                       3.80466e-09
x5.xbias.b2b                              2.97
x5.xbias.vbn1                         0.715786
x5.xbias.ga                            2.15414
x5.xbias.vbp2                          2.06367
x5.xbias.gb                           0.715786
x5.vbn                                0.739105
x5.xbias.gc                               2.97
x5.vbp                                 2.10491
x5.xs1.nh                              1.15143
x5.y1                                        0
x5.y5                                        0
x5.xs1.nt                           7.3816e-47
x5.xs2.nh                                 2.97
x5.y2                                     2.97
x5.xs2.nt                          3.67434e-10
x5.xs3.nh                                 2.97
x5.y3                                        0
x5.xs3.nt                         -9.97999e-78
x5.xs4.nh                                 2.97
x5.y4                                     2.97
x5.xs4.nt                          3.67434e-10
x5.xs5.nh                                 2.97
x5.xs5.nt                         -9.97999e-78
x5.nb1                                    2.97
x5.nb2                             2.58531e-09
clk5                                      2.97
x5.xcdec1.c_moscap_int1                  -2.97
x5.xcdec2.c_moscap_int1                  -2.97
x6.xbias.na                           0.817073
x6.xbias.vbpc                          2.11489
x6.xbias.nc                           0.091825
x6.xbias.xrcg.11                     0.0916252
x6.xbias.xrcg.21                   0.000199762
x6.xbias.nsu                         0.0151045
x6.xbias.vfix                          1.58243
x6.xbias.nmd                          0.685138
x6.xbias.vbp0                          2.14637
x6.xbias.noff                         0.691658
x6.xbias.xroff.11                     0.691395
x6.xbias.xroff.21                  0.000263303
x6.xbias.nvi                           1.31646
x6.xbias.xrdeg.11                      1.31595
x6.xbias.xrdeg.21                  0.000501153
x6.xbias.b0b                       3.80466e-09
x6.xbias.b1b                       3.80466e-09
x6.xbias.b2b                              2.97
x6.xbias.vbn1                         0.723712
x6.xbias.ga                            2.14637
x6.xbias.vbp2                          2.05144
x6.xbias.gb                           0.723712
x6.vbn                                0.747171
x6.xbias.gc                               2.97
x6.vbp                                 2.09578
x6.xs1.nh                              1.15944
x6.y1                                        0
x6.y5                                        0
x6.xs1.nt                         -7.43126e-47
x6.xs2.nh                                 2.97
x6.y2                                     2.97
x6.xs2.nt                          3.40076e-10
x6.xs3.nh                                 2.97
x6.y3                                        0
x6.xs3.nt                          4.33588e-78
x6.xs4.nh                                 2.97
x6.y4                                     2.97
x6.xs4.nt                          3.40076e-10
x6.xs5.nh                                 2.97
x6.xs5.nt                          4.33586e-78
x6.nb1                                    2.97
x6.nb2                             2.58531e-09
clk6                                      2.97
x6.xcdec1.c_moscap_int1                  -2.97
x6.xcdec2.c_moscap_int1                  -2.97
x7.xbias.na                           0.817073
x7.xbias.vbpc                          2.11489
x7.xbias.nc                           0.091825
x7.xbias.xrcg.11                     0.0916252
x7.xbias.xrcg.21                   0.000199762
x7.xbias.nsu                         0.0151045
x7.xbias.vfix                          1.58243
x7.xbias.nmd                          0.685138
x7.xbias.vbp0                          2.13905
x7.xbias.noff                         0.691645
x7.xbias.xroff.11                     0.691382
x7.xbias.xroff.21                  0.000263298
x7.xbias.nvi                           1.55318
x7.xbias.xrdeg.11                      1.55259
x7.xbias.xrdeg.21                  0.000591269
x7.xbias.b0b                       3.80466e-09
x7.xbias.b1b                       3.80466e-09
x7.xbias.b2b                              2.97
x7.xbias.vbn1                         0.731142
x7.xbias.ga                            2.13905
x7.xbias.vbp2                          2.03977
x7.xbias.gb                           0.731142
x7.vbn                                0.754742
x7.xbias.gc                               2.97
x7.vbp                                 2.08713
x7.xs1.nh                              1.16705
x7.y1                                        0
x7.y5                                        0
x7.xs1.nt                          7.60782e-48
x7.xs2.nh                                 2.97
x7.y2                                     2.97
x7.xs2.nt                           3.1734e-10
x7.xs3.nh                                 2.97
x7.y3                                        0
x7.xs3.nt                         -5.93451e-78
x7.xs4.nh                                 2.97
x7.y4                                     2.97
x7.xs4.nt                           3.1734e-10
x7.xs5.nh                                 2.97
x7.xs5.nt                         -5.93449e-78
x7.nb1                                    2.97
x7.nb2                             2.58531e-09
clk7                                      2.97
x7.xcdec1.c_moscap_int1                  -2.97
x7.xcdec2.c_moscap_int1                  -2.97
e.x7.xcdec2.ec_moscap#branch                 0
e.x7.xcdec1.ec_moscap#branch                 0
e.x6.xcdec2.ec_moscap#branch                 0
e.x6.xcdec1.ec_moscap#branch                 0
e.x5.xcdec2.ec_moscap#branch                 0
e.x5.xcdec1.ec_moscap#branch                 0
e.x4.xcdec2.ec_moscap#branch                 0
e.x4.xcdec1.ec_moscap#branch                 0
e.x3.xcdec2.ec_moscap#branch                 0
e.x3.xcdec1.ec_moscap#branch                 0
e.x2.xcdec2.ec_moscap#branch                 0
e.x2.xcdec1.ec_moscap#branch                 0
e.x1.xcdec2.ec_moscap#branch                 0
e.x1.xcdec1.ec_moscap#branch                 0
vs7#branch                         0.000106631
vs6#branch                          9.6946e-05
vs5#branch                         8.73735e-05
vs4#branch                         7.79399e-05
vs3#branch                         6.86846e-05
vs2#branch                         5.96784e-05
vs1#branch                         5.10916e-05
vv7#branch                                   0
vv6#branch                                   0
vv5#branch                                   0
vv4#branch                                   0
vv3#branch                                   0
vv2#branch                                   0
vv1#branch                                   0
vb2#branch                                   0
vb1#branch                                   0
vb0#branch                                   0
vdd#branch                        -0.000548345


No. of Data Rows : 2767

  Measurements for Transient Analysis

tp1                 =  2.25994e-07 targ=  5.08921e-07 trig=  2.82926e-07
tp2                 =  1.85686e-07 targ=  4.64459e-07 trig=  2.78773e-07
tp3                 =  1.56059e-07 targ=  4.29730e-07 trig=  2.73671e-07
tp4                 =  1.33874e-07 targ=  4.02389e-07 trig=  2.68516e-07
tp5                 =  1.17125e-07 targ=  3.80768e-07 trig=  2.63643e-07
tp6                 =  1.03437e-07 targ=  3.62678e-07 trig=  2.59241e-07
tp7                 =  9.28573e-08 targ=  3.47949e-07 trig=  2.55092e-07
f1                  =  1.76996e+07
f2                  =  2.15418e+07
f3                  =  2.56313e+07
f4                  =  2.98789e+07
f5                  =  3.41514e+07
f6                  =  3.86709e+07
f7                  =  4.30768e+07
i1                  =  7.11862e-05 from=  2.35821e-07 to=  6.48508e-07
i2                  =  8.25323e-05 from=  2.35821e-07 to=  6.48508e-07
i3                  =  9.28519e-05 from=  2.35821e-07 to=  6.48508e-07
i4                  =  1.04445e-04 from=  2.35821e-07 to=  6.48508e-07
i5                  =  1.15428e-04 from=  2.35821e-07 to=  6.48508e-07
i6                  =  1.26817e-04 from=  2.35821e-07 to=  6.48508e-07
i7                  =  1.37819e-04 from=  2.35821e-07 to=  6.48508e-07
sw1hi               =  3.05778e+00 at=  6.22003e-07
sw1lo               =  -8.82497e-02 at=  4.78616e-07
sw7hi               =  3.05664e+00 at=  4.87111e-07
sw7lo               =  -8.71314e-02 at=  6.36981e-07


Total analysis time (seconds) = 318.537

Total elapsed time (seconds) = 325.587 

Total DRAM available = 98304.000 MB.
DRAM currently available = 4174.156 MB.
Maximum ngspice program size =   24.312 MB.
Current ngspice program size =   24.312 MB.


======== band 4 :: generated deck (ff_-40c_2.97v) ========
* GENERATED by simenv.sh -- do not edit; edit /Users/rwalters/GitHub/gf180-pll/.loom/worktrees/issue-32/sim/vco-tuning-range/testbench/tb_vco_tuning.sp instead
* tag=ff_Tm40_V2p97_B4 libs=ff,res_typical,moscap_typical temp=-40C
.include "/Users/rwalters/.volare/gf180mcuD/libs.tech/ngspice/design.ngspice"
.lib "/Users/rwalters/.volare/gf180mcuD/libs.tech/ngspice/sm141064.ngspice" ff
.lib "/Users/rwalters/.volare/gf180mcuD/libs.tech/ngspice/sm141064.ngspice" res_typical
.lib "/Users/rwalters/.volare/gf180mcuD/libs.tech/ngspice/sm141064.ngspice" moscap_typical
.temp -40
.param sim_temp=-40
.param vsup=2.97
.param b0v=0*2.97
.param b1v=0*2.97
.param b2v=1*2.97
.param tsettle=1.42921e-07
.param tstop=3.93034e-07
.param tstep=1.89782e-10
.param tmax=1.89782e-10
.include "/Users/rwalters/GitHub/gf180-pll/.loom/worktrees/issue-32/sim/vco-tuning-range/testbench/tb_vco_tuning.sp"
.end

======== band 4 :: ngspice output ========

Note: Compatibility modes selected: hs a

Warning: m=xx on .subckt line will override multiplier m hierarchy!


Circuit: * generated by simenv.sh -- do not edit; edit /users/rwalters/github/gf180-pll/.loom/worktrees/issue-32/sim/vco-tuning-range/testbench/tb_vco_tuning.sp instead

Doing analysis at TEMP = -40.000000 and TNOM = 27.000000

Using SPARSE 1.3 as Direct Linear Solver

Initial Transient Solution
--------------------------

Node                                   Voltage
----                                   -------
vdd                                       2.97
nb0                                          0
nb1                                          0
nb2                                       2.97
vc1                                        0.9
vc2                                        1.2
vc3                                        1.5
vc4                                        1.8
vc5                                        2.1
vc6                                        2.4
vc7                                        2.7
nv1                                       2.97
nv2                                       2.97
nv3                                       2.97
nv4                                       2.97
nv5                                       2.97
nv6                                       2.97
nv7                                       2.97
x1.xbias.na                           0.817073
x1.xbias.vbpc                          2.11489
x1.xbias.nc                           0.091825
x1.xbias.xrcg.11                     0.0916252
x1.xbias.xrcg.21                   0.000199762
x1.xbias.nsu                         0.0151045
x1.xbias.vfix                          1.58243
x1.xbias.nmd                          0.685138
x1.xbias.vbp0                          2.19175
x1.xbias.noff                          0.69174
x1.xbias.xroff.11                     0.691477
x1.xbias.xroff.21                  0.000263334
x1.xbias.nvi                           0.20976
x1.xbias.xrdeg.11                     0.209681
x1.xbias.xrdeg.21                  7.98523e-05
x1.xbias.b0b                              2.97
x1.xbias.b1b                              2.97
x1.xbias.b2b                       3.80466e-09
x1.xbias.vbn1                         0.651989
x1.xbias.ga                               2.97
x1.xbias.vbp2                          2.20752
x1.xbias.gb                        1.76404e-13
x1.vbn                                0.729513
x1.xbias.gc                            2.20752
x1.vbp                                 2.11562
x1.xs1.nh                              1.14205
x1.y1                                        0
x1.y5                                        0
x1.xs1.nt                         -9.11487e-18
x1.xs2.nh                                 2.97
x1.y2                                     2.97
x1.xs2.nt                           4.0497e-10
x1.xs3.nh                                 2.97
x1.y3                                        0
x1.xs3.nt                          3.35553e-19
x1.xs4.nh                                 2.97
x1.y4                                     2.97
x1.xs4.nt                           4.0497e-10
x1.xs5.nh                                 2.97
x1.xs5.nt                          3.35553e-19
x1.nb1                                    2.97
x1.nb2                             2.58531e-09
clk1                                      2.97
x1.xcdec1.c_moscap_int1                  -2.97
x1.xcdec2.c_moscap_int1                  -2.97
x2.xbias.na                           0.817073
x2.xbias.vbpc                          2.11489
x2.xbias.nc                           0.091825
x2.xbias.xrcg.11                     0.0916252
x2.xbias.xrcg.21                   0.000199762
x2.xbias.nsu                         0.0151045
x2.xbias.vfix                          1.58243
x2.xbias.nmd                          0.685138
x2.xbias.vbp0                          2.18117
x2.xbias.noff                         0.691721
x2.xbias.xroff.11                     0.691458
x2.xbias.xroff.21                  0.000263327
x2.xbias.nvi                          0.414607
x2.xbias.xrdeg.11                      0.41445
x2.xbias.xrdeg.21                  0.000157834
x2.xbias.b0b                              2.97
x2.xbias.b1b                              2.97
x2.xbias.b2b                       3.80466e-09
x2.xbias.vbn1                         0.661776
x2.xbias.ga                               2.97
x2.xbias.vbp2                          2.19811
x2.xbias.gb                         1.7681e-13
x2.vbn                                0.742353
x2.xbias.gc                            2.19811
x2.vbp                                 2.10125
x2.xs1.nh                              1.15465
x2.y1                                        0
x2.y5                                        0
x2.xs1.nt                          -2.1682e-65
x2.xs2.nh                                 2.97
x2.y2                                     2.97
x2.xs2.nt                          3.55994e-10
x2.xs3.nh                                 2.97
x2.y3                                        0
x2.xs3.nt                         2.94291e-117
x2.xs4.nh                                 2.97
x2.y4                                     2.97
x2.xs4.nt                          3.55994e-10
x2.xs5.nh                                 2.97
x2.xs5.nt                         2.94291e-117
x2.nb1                                    2.97
x2.nb2                             2.58531e-09
clk2                                      2.97
x2.xcdec1.c_moscap_int1                  -2.97
x2.xcdec2.c_moscap_int1                  -2.97
x3.xbias.na                           0.817073
x3.xbias.vbpc                          2.11489
x3.xbias.nc                           0.091825
x3.xbias.xrcg.11                     0.0916252
x3.xbias.xrcg.21                   0.000199762
x3.xbias.nsu                         0.0151045
x3.xbias.vfix                          1.58243
x3.xbias.nmd                          0.685138
x3.xbias.vbp0                          2.17142
x3.xbias.noff                         0.691703
x3.xbias.xroff.11                      0.69144
x3.xbias.xroff.21                   0.00026332
x3.xbias.nvi                          0.630904
x3.xbias.xrdeg.11                     0.630664
x3.xbias.xrdeg.21                  0.000240175
x3.xbias.b0b                              2.97
x3.xbias.b1b                              2.97
x3.xbias.b2b                       3.80466e-09
x3.xbias.vbn1                         0.670678
x3.xbias.ga                               2.97
x3.xbias.vbp2                          2.18952
x3.xbias.gb                        1.77182e-13
x3.vbn                                0.754258
x3.xbias.gc                            2.18952
x3.vbp                                 2.08769
x3.xs1.nh                              1.16656
x3.y1                                        0
x3.y5                                        0
x3.xs1.nt                         -3.64219e-66
x3.xs2.nh                                 2.97
x3.y2                                     2.97
x3.xs2.nt                          3.18716e-10
x3.xs3.nh                                 2.97
x3.y3                                        0
x3.xs3.nt                         6.86203e-137
x3.xs4.nh                                 2.97
x3.y4                                     2.97
x3.xs4.nt                          3.18716e-10
x3.xs5.nh                                 2.97
x3.xs5.nt                         6.86203e-137
x3.nb1                                    2.97
x3.nb2                             2.58531e-09
clk3                                      2.97
x3.xcdec1.c_moscap_int1                  -2.97
x3.xcdec2.c_moscap_int1                  -2.97
x4.xbias.na                           0.817073
x4.xbias.vbpc                          2.11489
x4.xbias.nc                           0.091825
x4.xbias.xrcg.11                     0.0916252
x4.xbias.xrcg.21                   0.000199762
x4.xbias.nsu                         0.0151045
x4.xbias.vfix                          1.58243
x4.xbias.nmd                          0.685138
x4.xbias.vbp0                          2.16246
x4.xbias.noff                         0.691687
x4.xbias.xroff.11                     0.691424
x4.xbias.xroff.21                  0.000263314
x4.xbias.nvi                          0.854413
x4.xbias.xrdeg.11                     0.854088
x4.xbias.xrdeg.21                  0.000325261
x4.xbias.b0b                              2.97
x4.xbias.b1b                              2.97
x4.xbias.b2b                       3.80466e-09
x4.xbias.vbn1                         0.678772
x4.xbias.ga                               2.97
x4.xbias.vbp2                          2.18166
x4.xbias.gb                        1.77516e-13
x4.vbn                                0.765277
x4.xbias.gc                            2.18166
x4.vbp                                 2.07495
x4.xs1.nh                              1.17778
x4.y1                                        0
x4.y5                                        0
x4.xs1.nt                         -9.14054e-66
x4.xs2.nh                                 2.97
x4.y2                                     2.97
x4.xs2.nt                          2.89706e-10
x4.xs3.nh                                 2.97
x4.y3                                        0
x4.xs3.nt                         3.24876e-117
x4.xs4.nh                                 2.97
x4.y4                                     2.97
x4.xs4.nt                          2.89706e-10
x4.xs5.nh                                 2.97
x4.xs5.nt                         3.24878e-117
x4.nb1                                    2.97
x4.nb2                             2.58531e-09
clk4                                      2.97
x4.xcdec1.c_moscap_int1                  -2.97
x4.xcdec2.c_moscap_int1                  -2.97
x5.xbias.na                           0.817073
x5.xbias.vbpc                          2.11489
x5.xbias.nc                           0.091825
x5.xbias.xrcg.11                     0.0916252
x5.xbias.xrcg.21                   0.000199762
x5.xbias.nsu                         0.0151045
x5.xbias.vfix                          1.58243
x5.xbias.nmd                          0.685138
x5.xbias.vbp0                          2.15414
x5.xbias.noff                         0.691672
x5.xbias.xroff.11                     0.691409
x5.xbias.xroff.21                  0.000263308
x5.xbias.nvi                           1.08329
x5.xbias.xrdeg.11                      1.08288
x5.xbias.xrdeg.21                   0.00041239
x5.xbias.b0b                              2.97
x5.xbias.b1b                              2.97
x5.xbias.b2b                       3.80466e-09
x5.xbias.vbn1                         0.686193
x5.xbias.ga                               2.97
x5.xbias.vbp2                          2.17443
x5.xbias.gb                        1.77822e-13
x5.vbn                                 0.77555
x5.xbias.gc                            2.17443
x5.vbp                                 2.06292
x5.xs1.nh                              1.18839
x5.y1                                        0
x5.y5                                        0
x5.xs1.nt                         -8.22368e-67
x5.xs2.nh                                 2.97
x5.y2                                     2.97
x5.xs2.nt                          2.66517e-10
x5.xs3.nh                                 2.97
x5.y3                                        0
x5.xs3.nt                        -6.43605e-137
x5.xs4.nh                                 2.97
x5.y4                                     2.97
x5.xs4.nt                          2.66517e-10
x5.xs5.nh                                 2.97
x5.xs5.nt                        -6.43605e-137
x5.nb1                                    2.97
x5.nb2                             2.58531e-09
clk5                                      2.97
x5.xcdec1.c_moscap_int1                  -2.97
x5.xcdec2.c_moscap_int1                  -2.97
x6.xbias.na                           0.817073
x6.xbias.vbpc                          2.11489
x6.xbias.nc                           0.091825
x6.xbias.xrcg.11                     0.0916252
x6.xbias.xrcg.21                   0.000199762
x6.xbias.nsu                         0.0151045
x6.xbias.vfix                          1.58243
x6.xbias.nmd                          0.685138
x6.xbias.vbp0                          2.14637
x6.xbias.noff                         0.691658
x6.xbias.xroff.11                     0.691395
x6.xbias.xroff.21                  0.000263303
x6.xbias.nvi                           1.31646
x6.xbias.xrdeg.11                      1.31595
x6.xbias.xrdeg.21                  0.000501153
x6.xbias.b0b                              2.97
x6.xbias.b1b                              2.97
x6.xbias.b2b                       3.80466e-09
x6.xbias.vbn1                         0.693056
x6.xbias.ga                               2.97
x6.xbias.vbp2                           2.1677
x6.xbias.gb                        1.78104e-13
x6.vbn                                0.785199
x6.xbias.gc                             2.1677
x6.vbp                                  2.0515
x6.xs1.nh                              1.19848
x6.y1                                        0
x6.y5                                        0
x6.xs1.nt                         -8.61082e-67
x6.xs2.nh                                 2.97
x6.y2                                     2.97
x6.xs2.nt                          2.47539e-10
x6.xs3.nh                                 2.97
x6.y3                                        0
x6.xs3.nt                        -4.64496e-117
x6.xs4.nh                                 2.97
x6.y4                                     2.97
x6.xs4.nt                          2.47539e-10
x6.xs5.nh                                 2.97
x6.xs5.nt                        -4.64496e-117
x6.nb1                                    2.97
x6.nb2                             2.58531e-09
clk6                                      2.97
x6.xcdec1.c_moscap_int1                  -2.97
x6.xcdec2.c_moscap_int1                  -2.97
x7.xbias.na                           0.817073
x7.xbias.vbpc                          2.11489
x7.xbias.nc                           0.091825
x7.xbias.xrcg.11                     0.0916252
x7.xbias.xrcg.21                   0.000199762
x7.xbias.nsu                         0.0151045
x7.xbias.vfix                          1.58243
x7.xbias.nmd                          0.685138
x7.xbias.vbp0                          2.13905
x7.xbias.noff                         0.691645
x7.xbias.xroff.11                     0.691382
x7.xbias.xroff.21                  0.000263298
x7.xbias.nvi                           1.55318
x7.xbias.xrdeg.11                      1.55259
x7.xbias.xrdeg.21                  0.000591269
x7.xbias.b0b                              2.97
x7.xbias.b1b                              2.97
x7.xbias.b2b                       3.80466e-09
x7.xbias.vbn1                         0.699452
x7.xbias.ga                               2.97
x7.xbias.vbp2                           2.1614
x7.xbias.gb                        1.78371e-13
x7.vbn                                0.794325
x7.xbias.gc                             2.1614
x7.vbp                                  2.0406
x7.xs1.nh                              1.20813
x7.y1                                        0
x7.y5                                        0
x7.xs1.nt                          -1.2121e-66
x7.xs2.nh                                 2.97
x7.y2                                     2.97
x7.xs2.nt                          2.31697e-10
x7.xs3.nh                                 2.97
x7.y3                                        0
x7.xs3.nt                        -1.01832e-136
x7.xs4.nh                                 2.97
x7.y4                                     2.97
x7.xs4.nt                          2.31697e-10
x7.xs5.nh                                 2.97
x7.xs5.nt                        -1.01834e-136
x7.nb1                                    2.97
x7.nb2                             2.58531e-09
clk7                                      2.97
x7.xcdec1.c_moscap_int1                  -2.97
x7.xcdec2.c_moscap_int1                  -2.97
e.x7.xcdec2.ec_moscap#branch                 0
e.x7.xcdec1.ec_moscap#branch                 0
e.x6.xcdec2.ec_moscap#branch                 0
e.x6.xcdec1.ec_moscap#branch                 0
e.x5.xcdec2.ec_moscap#branch                 0
e.x5.xcdec1.ec_moscap#branch                 0
e.x4.xcdec2.ec_moscap#branch                 0
e.x4.xcdec1.ec_moscap#branch                 0
e.x3.xcdec2.ec_moscap#branch                 0
e.x3.xcdec1.ec_moscap#branch                 0
e.x2.xcdec2.ec_moscap#branch                 0
e.x2.xcdec1.ec_moscap#branch                 0
e.x1.xcdec2.ec_moscap#branch                 0
e.x1.xcdec1.ec_moscap#branch                 0
vs7#branch                         0.000111214
vs6#branch                         0.000101165
vs5#branch                         9.12226e-05
vs4#branch                         8.14143e-05
vs3#branch                         7.17791e-05
vs2#branch                          6.2389e-05
vs1#branch                         5.34198e-05
vv7#branch                                   0
vv6#branch                                   0
vv5#branch                                   0
vv4#branch                                   0
vv3#branch                                   0
vv2#branch                                   0
vv1#branch                                   0
vb2#branch                                   0
vb1#branch                                   0
vb0#branch                                   0
vdd#branch                        -0.000572604


No. of Data Rows : 2834

  Measurements for Transient Analysis

tp1                 =  1.36030e-07 targ=  3.06579e-07 trig=  1.70549e-07
tp2                 =  1.11349e-07 targ=  2.78797e-07 trig=  1.67448e-07
tp3                 =  9.32443e-08 targ=  2.56972e-07 trig=  1.63728e-07
tp4                 =  7.98557e-08 targ=  2.39967e-07 trig=  1.60111e-07
tp5                 =  6.94554e-08 targ=  2.26223e-07 trig=  1.56767e-07
tp6                 =  6.12164e-08 targ=  2.14841e-07 trig=  1.53625e-07
tp7                 =  5.47687e-08 targ=  2.05474e-07 trig=  1.50705e-07
f1                  =  2.94052e+07
f2                  =  3.59231e+07
f3                  =  4.28981e+07
f4                  =  5.00904e+07
f5                  =  5.75909e+07
f6                  =  6.53419e+07
f7                  =  7.30345e+07
i1                  =  8.00285e-05 from=  1.42921e-07 to=  3.93034e-07
i2                  =  9.13757e-05 from=  1.42921e-07 to=  3.93034e-07
i3                  =  1.03952e-04 from=  1.42921e-07 to=  3.93034e-07
i4                  =  1.16795e-04 from=  1.42921e-07 to=  3.93034e-07
i5                  =  1.30470e-04 from=  1.42921e-07 to=  3.93034e-07
i6                  =  1.43439e-04 from=  1.42921e-07 to=  3.93034e-07
i7                  =  1.57181e-04 from=  1.42921e-07 to=  3.93034e-07
sw1hi               =  3.07176e+00 at=  1.70718e-07
sw1lo               =  -1.28154e-01 at=  3.22432e-07
sw7hi               =  3.09091e+00 at=  2.60322e-07
sw7lo               =  -1.17668e-01 at=  3.62476e-07


Total analysis time (seconds) = 328.603

Total elapsed time (seconds) = 335.493 

Total DRAM available = 98304.000 MB.
DRAM currently available = 3568.391 MB.
Maximum ngspice program size =   24.250 MB.
Current ngspice program size =   24.250 MB.


======== band 5 :: generated deck (ff_-40c_2.97v) ========
* GENERATED by simenv.sh -- do not edit; edit /Users/rwalters/GitHub/gf180-pll/.loom/worktrees/issue-32/sim/vco-tuning-range/testbench/tb_vco_tuning.sp instead
* tag=ff_Tm40_V2p97_B5 libs=ff,res_typical,moscap_typical temp=-40C
.include "/Users/rwalters/.volare/gf180mcuD/libs.tech/ngspice/design.ngspice"
.lib "/Users/rwalters/.volare/gf180mcuD/libs.tech/ngspice/sm141064.ngspice" ff
.lib "/Users/rwalters/.volare/gf180mcuD/libs.tech/ngspice/sm141064.ngspice" res_typical
.lib "/Users/rwalters/.volare/gf180mcuD/libs.tech/ngspice/sm141064.ngspice" moscap_typical
.temp -40
.param sim_temp=-40
.param vsup=2.97
.param b0v=1*2.97
.param b1v=0*2.97
.param b2v=1*2.97
.param tsettle=8.66191e-08
.param tstop=2.38202e-07
.param tstep=1.1502e-10
.param tmax=1.1502e-10
.include "/Users/rwalters/GitHub/gf180-pll/.loom/worktrees/issue-32/sim/vco-tuning-range/testbench/tb_vco_tuning.sp"
.end

======== band 5 :: ngspice output ========

Note: Compatibility modes selected: hs a

Warning: m=xx on .subckt line will override multiplier m hierarchy!


Circuit: * generated by simenv.sh -- do not edit; edit /users/rwalters/github/gf180-pll/.loom/worktrees/issue-32/sim/vco-tuning-range/testbench/tb_vco_tuning.sp instead

Doing analysis at TEMP = -40.000000 and TNOM = 27.000000

Using SPARSE 1.3 as Direct Linear Solver

Initial Transient Solution
--------------------------

Node                                   Voltage
----                                   -------
vdd                                       2.97
nb0                                       2.97
nb1                                          0
nb2                                       2.97
vc1                                        0.9
vc2                                        1.2
vc3                                        1.5
vc4                                        1.8
vc5                                        2.1
vc6                                        2.4
vc7                                        2.7
nv1                                       2.97
nv2                                       2.97
nv3                                       2.97
nv4                                       2.97
nv5                                       2.97
nv6                                       2.97
nv7                                       2.97
x1.xbias.na                           0.817073
x1.xbias.vbpc                          2.11489
x1.xbias.nc                           0.091825
x1.xbias.xrcg.11                     0.0916252
x1.xbias.xrcg.21                   0.000199762
x1.xbias.nsu                         0.0151045
x1.xbias.vfix                          1.58243
x1.xbias.nmd                          0.685138
x1.xbias.vbp0                          2.19175
x1.xbias.noff                          0.69174
x1.xbias.xroff.11                     0.691477
x1.xbias.xroff.21                  0.000263334
x1.xbias.nvi                           0.20976
x1.xbias.xrdeg.11                     0.209681
x1.xbias.xrdeg.21                  7.98523e-05
x1.xbias.b0b                       3.80466e-09
x1.xbias.b1b                              2.97
x1.xbias.b2b                       3.80466e-09
x1.xbias.vbn1                         0.676978
x1.xbias.ga                            2.19175
x1.xbias.vbp2                          2.18341
x1.xbias.gb                        1.77441e-13
x1.vbn                                0.762817
x1.xbias.gc                            2.18341
x1.vbp                                  2.0778
x1.xs1.nh                              1.17526
x1.y1                                        0
x1.y5                                        0
x1.xs1.nt                          1.43154e-56
x1.xs2.nh                                 2.97
x1.y2                                     2.97
x1.xs2.nt                          2.95781e-10
x1.xs3.nh                                 2.97
x1.y3                                        0
x1.xs3.nt                         3.10548e-137
x1.xs4.nh                                 2.97
x1.y4                                     2.97
x1.xs4.nt                          2.95781e-10
x1.xs5.nh                                 2.97
x1.xs5.nt                         3.10548e-137
x1.nb1                                    2.97
x1.nb2                             2.58531e-09
clk1                                      2.97
x1.xcdec1.c_moscap_int1                  -2.97
x1.xcdec2.c_moscap_int1                  -2.97
x2.xbias.na                           0.817073
x2.xbias.vbpc                          2.11489
x2.xbias.nc                           0.091825
x2.xbias.xrcg.11                     0.0916252
x2.xbias.xrcg.21                   0.000199762
x2.xbias.nsu                         0.0151045
x2.xbias.vfix                          1.58243
x2.xbias.nmd                          0.685138
x2.xbias.vbp0                          2.18117
x2.xbias.noff                         0.691721
x2.xbias.xroff.11                     0.691458
x2.xbias.xroff.21                  0.000263327
x2.xbias.nvi                          0.414607
x2.xbias.xrdeg.11                      0.41445
x2.xbias.xrdeg.21                  0.000157834
x2.xbias.b0b                       3.80466e-09
x2.xbias.b1b                              2.97
x2.xbias.b2b                       3.80466e-09
x2.xbias.vbn1                         0.687965
x2.xbias.ga                            2.18117
x2.xbias.vbp2                          2.17269
x2.xbias.gb                        1.77896e-13
x2.vbn                                0.778028
x2.xbias.gc                            2.17269
x2.vbp                                    2.06
x2.xs1.nh                              1.19098
x2.y1                                        0
x2.y5                                        0
x2.xs1.nt                         -1.71442e-17
x2.xs2.nh                                 2.97
x2.y2                                     2.97
x2.xs2.nt                          2.61404e-10
x2.xs3.nh                                 2.97
x2.y3                                        0
x2.xs3.nt                          1.35811e-38
x2.xs4.nh                                 2.97
x2.y4                                     2.97
x2.xs4.nt                          2.61404e-10
x2.xs5.nh                                 2.97
x2.xs5.nt                          1.35813e-38
x2.nb1                                    2.97
x2.nb2                             2.58531e-09
clk2                                      2.97
x2.xcdec1.c_moscap_int1                  -2.97
x2.xcdec2.c_moscap_int1                  -2.97
x3.xbias.na                           0.817073
x3.xbias.vbpc                          2.11489
x3.xbias.nc                           0.091825
x3.xbias.xrcg.11                     0.0916252
x3.xbias.xrcg.21                   0.000199762
x3.xbias.nsu                         0.0151045
x3.xbias.vfix                          1.58243
x3.xbias.nmd                          0.685138
x3.xbias.vbp0                          2.17142
x3.xbias.noff                         0.691703
x3.xbias.xroff.11                      0.69144
x3.xbias.xroff.21                   0.00026332
x3.xbias.nvi                          0.630904
x3.xbias.xrdeg.11                     0.630664
x3.xbias.xrdeg.21                  0.000240175
x3.xbias.b0b                       3.80466e-09
x3.xbias.b1b                              2.97
x3.xbias.b2b                       3.80466e-09
x3.xbias.vbn1                          0.69804
x3.xbias.ga                            2.17142
x3.xbias.vbp2                           2.1628
x3.xbias.gb                        1.78312e-13
x3.vbn                                0.792299
x3.xbias.gc                             2.1628
x3.vbp                                 2.04303
x3.xs1.nh                              1.20598
x3.y1                                        0
x3.y5                                        0
x3.xs1.nt                          3.57882e-28
x3.xs2.nh                                 2.97
x3.y2                                     2.97
x3.xs2.nt                          2.35052e-10
x3.xs3.nh                                 2.97
x3.y3                                        0
x3.xs3.nt                          2.57476e-39
x3.xs4.nh                                 2.97
x3.y4                                     2.97
x3.xs4.nt                          2.35052e-10
x3.xs5.nh                                 2.97
x3.xs5.nt                          2.57476e-39
x3.nb1                                    2.97
x3.nb2                             2.58531e-09
clk3                                      2.97
x3.xcdec1.c_moscap_int1                  -2.97
x3.xcdec2.c_moscap_int1                  -2.97
x4.xbias.na                           0.817073
x4.xbias.vbpc                          2.11489
x4.xbias.nc                           0.091825
x4.xbias.xrcg.11                     0.0916252
x4.xbias.xrcg.21                   0.000199762
x4.xbias.nsu                         0.0151045
x4.xbias.vfix                          1.58243
x4.xbias.nmd                          0.685138
x4.xbias.vbp0                          2.16246
x4.xbias.noff                         0.691687
x4.xbias.xroff.11                     0.691424
x4.xbias.xroff.21                  0.000263314
x4.xbias.nvi                          0.854413
x4.xbias.xrdeg.11                     0.854088
x4.xbias.xrdeg.21                  0.000325261
x4.xbias.b0b                       3.80466e-09
x4.xbias.b1b                              2.97
x4.xbias.b2b                       3.80466e-09
x4.xbias.vbn1                         0.707268
x4.xbias.ga                            2.16246
x4.xbias.vbp2                          2.15366
x4.xbias.gb                        1.78692e-13
x4.vbn                                0.805656
x4.xbias.gc                            2.15366
x4.vbp                                 2.02696
x4.xs1.nh                              1.22022
x4.y1                                        0
x4.y5                                        0
x4.xs1.nt                          1.00367e-27
x4.xs2.nh                                 2.97
x4.y2                                     2.97
x4.xs2.nt                          2.14427e-10
x4.xs3.nh                                 2.97
x4.y3                                        0
x4.xs3.nt                         -2.20144e-38
x4.xs4.nh                                 2.97
x4.y4                                     2.97
x4.xs4.nt                          2.14427e-10
x4.xs5.nh                                 2.97
x4.xs5.nt                         -2.20144e-38
x4.nb1                                    2.97
x4.nb2                             2.58531e-09
clk4                                      2.97
x4.xcdec1.c_moscap_int1                  -2.97
x4.xcdec2.c_moscap_int1                  -2.97
x5.xbias.na                           0.817073
x5.xbias.vbpc                          2.11489
x5.xbias.nc                           0.091825
x5.xbias.xrcg.11                     0.0916252
x5.xbias.xrcg.21                   0.000199762
x5.xbias.nsu                         0.0151045
x5.xbias.vfix                          1.58243
x5.xbias.nmd                          0.685138
x5.xbias.vbp0                          2.15414
x5.xbias.noff                         0.691672
x5.xbias.xroff.11                     0.691409
x5.xbias.xroff.21                  0.000263308
x5.xbias.nvi                           1.08329
x5.xbias.xrdeg.11                      1.08288
x5.xbias.xrdeg.21                   0.00041239
x5.xbias.b0b                       3.80466e-09
x5.xbias.b1b                              2.97
x5.xbias.b2b                       3.80466e-09
x5.xbias.vbn1                         0.715786
x5.xbias.ga                            2.15414
x5.xbias.vbp2                          2.14518
x5.xbias.gb                        1.79043e-13
x5.vbn                                0.818231
x5.xbias.gc                            2.14518
x5.vbp                                 2.01169
x5.xs1.nh                              1.23378
x5.y1                                        0
x5.y5                                        0
x5.xs1.nt                          3.29483e-28
x5.xs2.nh                                 2.97
x5.y2                                     2.97
x5.xs2.nt                          1.97861e-10
x5.xs3.nh                                 2.97
x5.y3                                        0
x5.xs3.nt                           2.2528e-38
x5.xs4.nh                                 2.97
x5.y4                                     2.97
x5.xs4.nt                          1.97861e-10
x5.xs5.nh                                 2.97
x5.xs5.nt                           2.2528e-38
x5.nb1                                    2.97
x5.nb2                             2.58531e-09
clk5                                      2.97
x5.xcdec1.c_moscap_int1                  -2.97
x5.xcdec2.c_moscap_int1                  -2.97
x6.xbias.na                           0.817073
x6.xbias.vbpc                          2.11489
x6.xbias.nc                           0.091825
x6.xbias.xrcg.11                     0.0916252
x6.xbias.xrcg.21                   0.000199762
x6.xbias.nsu                         0.0151045
x6.xbias.vfix                          1.58243
x6.xbias.nmd                          0.685138
x6.xbias.vbp0                          2.14637
x6.xbias.noff                         0.691658
x6.xbias.xroff.11                     0.691395
x6.xbias.xroff.21                  0.000263303
x6.xbias.nvi                           1.31646
x6.xbias.xrdeg.11                      1.31595
x6.xbias.xrdeg.21                  0.000501153
x6.xbias.b0b                       3.80466e-09
x6.xbias.b1b                              2.97
x6.xbias.b2b                       3.80466e-09
x6.xbias.vbn1                         0.723712
x6.xbias.ga                            2.14637
x6.xbias.vbp2                          2.13722
x6.xbias.gb                        1.79372e-13
x6.vbn                                0.830151
x6.xbias.gc                            2.13722
x6.vbp                                 1.99712
x6.xs1.nh                              1.24674
x6.y1                                        0
x6.y5                                        0
x6.xs1.nt                         -5.93009e-29
x6.xs2.nh                                 2.97
x6.y2                                     2.97
x6.xs2.nt                          1.84247e-10
x6.xs3.nh                                 2.97
x6.y3                                        0
x6.xs3.nt                          4.18868e-58
x6.xs4.nh                                 2.97
x6.y4                                     2.97
x6.xs4.nt                          1.84247e-10
x6.xs5.nh                                 2.97
x6.xs5.nt                          4.18877e-58
x6.nb1                                    2.97
x6.nb2                             2.58531e-09
clk6                                      2.97
x6.xcdec1.c_moscap_int1                  -2.97
x6.xcdec2.c_moscap_int1                  -2.97
x7.xbias.na                           0.817073
x7.xbias.vbpc                          2.11489
x7.xbias.nc                           0.091825
x7.xbias.xrcg.11                     0.0916252
x7.xbias.xrcg.21                   0.000199762
x7.xbias.nsu                         0.0151045
x7.xbias.vfix                          1.58243
x7.xbias.nmd                          0.685138
x7.xbias.vbp0                          2.13905
x7.xbias.noff                         0.691645
x7.xbias.xroff.11                     0.691382
x7.xbias.xroff.21                  0.000263298
x7.xbias.nvi                           1.55318
x7.xbias.xrdeg.11                      1.55259
x7.xbias.xrdeg.21                  0.000591269
x7.xbias.b0b                       3.80466e-09
x7.xbias.b1b                              2.97
x7.xbias.b2b                       3.80466e-09
x7.xbias.vbn1                         0.731142
x7.xbias.ga                            2.13905
x7.xbias.vbp2                          2.12972
x7.xbias.gb                        1.79677e-13
x7.vbn                                0.841515
x7.xbias.gc                            2.12972
x7.vbp                                 1.98315
x7.xs1.nh                              1.25919
x7.y1                                        0
x7.y5                                        0
x7.xs1.nt                          -2.9363e-29
x7.xs2.nh                                 2.97
x7.y2                                     2.97
x7.xs2.nt                          1.72844e-10
x7.xs3.nh                                 2.97
x7.y3                                        0
x7.xs3.nt                         -2.56221e-58
x7.xs4.nh                                 2.97
x7.y4                                     2.97
x7.xs4.nt                          1.72844e-10
x7.xs5.nh                                 2.97
x7.xs5.nt                         -2.56222e-58
x7.nb1                                    2.97
x7.nb2                             2.58531e-09
clk7                                      2.97
x7.xcdec1.c_moscap_int1                  -2.97
x7.xcdec2.c_moscap_int1                  -2.97
e.x7.xcdec2.ec_moscap#branch                 0
e.x7.xcdec1.ec_moscap#branch                 0
e.x6.xcdec2.ec_moscap#branch                 0
e.x6.xcdec1.ec_moscap#branch                 0
e.x5.xcdec2.ec_moscap#branch                 0
e.x5.xcdec1.ec_moscap#branch                 0
e.x4.xcdec2.ec_moscap#branch                 0
e.x4.xcdec1.ec_moscap#branch                 0
e.x3.xcdec2.ec_moscap#branch                 0
e.x3.xcdec1.ec_moscap#branch                 0
e.x2.xcdec2.ec_moscap#branch                 0
e.x2.xcdec1.ec_moscap#branch                 0
e.x1.xcdec2.ec_moscap#branch                 0
e.x1.xcdec1.ec_moscap#branch                 0
vs7#branch                         0.000160436
vs6#branch                         0.000145418
vs5#branch                         0.000130565
vs4#branch                         0.000115915
vs3#branch                         0.000101529
vs2#branch                         8.75131e-05
vs1#branch                         7.41319e-05
vv7#branch                                   0
vv6#branch                                   0
vv5#branch                                   0
vv4#branch                                   0
vv3#branch                                   0
vv2#branch                                   0
vv1#branch                                   0
vb2#branch                                   0
vb1#branch                                   0
vb0#branch                                   0
vdd#branch                        -0.000815508


No. of Data Rows : 2565

  Measurements for Transient Analysis

tp1                 =  8.25879e-08 targ=  1.86278e-07 trig=  1.03690e-07
tp2                 =  6.72424e-08 targ=  1.68499e-07 trig=  1.01256e-07
tp3                 =  5.61099e-08 targ=  1.54602e-07 trig=  9.84925e-08
tp4                 =  4.77375e-08 targ=  1.43620e-07 trig=  9.58826e-08
tp5                 =  4.14000e-08 targ=  1.34834e-07 trig=  9.34336e-08
tp6                 =  3.63805e-08 targ=  1.27530e-07 trig=  9.11495e-08
tp7                 =  3.22772e-08 targ=  1.21383e-07 trig=  8.91061e-08
f1                  =  4.84333e+07
f2                  =  5.94863e+07
f3                  =  7.12886e+07
f4                  =  8.37916e+07
f5                  =  9.66183e+07
f6                  =  1.09949e+08
f7                  =  1.23926e+08
i1                  =  1.07803e-04 from=  8.66191e-08 to=  2.38202e-07
i2                  =  1.25158e-04 from=  8.66191e-08 to=  2.38202e-07
i3                  =  1.44256e-04 from=  8.66191e-08 to=  2.38202e-07
i4                  =  1.63126e-04 from=  8.66191e-08 to=  2.38202e-07
i5                  =  1.84441e-04 from=  8.66191e-08 to=  2.38202e-07
i6                  =  2.02754e-04 from=  8.66191e-08 to=  2.38202e-07
i7                  =  2.25034e-04 from=  8.66191e-08 to=  2.38202e-07
sw1hi               =  3.07617e+00 at=  1.24492e-07
sw1lo               =  -1.21640e-01 at=  2.37397e-07
sw7hi               =  3.09308e+00 at=  1.53804e-07
sw7lo               =  -1.56078e-01 at=  2.06068e-07


Total analysis time (seconds) = 261.528

Total elapsed time (seconds) = 268.287 

Total DRAM available = 98304.000 MB.
DRAM currently available = 3290.219 MB.
Maximum ngspice program size =   24.188 MB.
Current ngspice program size =   24.188 MB.


======== band 6 :: generated deck (ff_-40c_2.97v) ========
* GENERATED by simenv.sh -- do not edit; edit /Users/rwalters/GitHub/gf180-pll/.loom/worktrees/issue-32/sim/vco-tuning-range/testbench/tb_vco_tuning.sp instead
* tag=ff_Tm40_V2p97_B6 libs=ff,res_typical,moscap_typical temp=-40C
.include "/Users/rwalters/.volare/gf180mcuD/libs.tech/ngspice/design.ngspice"
.lib "/Users/rwalters/.volare/gf180mcuD/libs.tech/ngspice/sm141064.ngspice" ff
.lib "/Users/rwalters/.volare/gf180mcuD/libs.tech/ngspice/sm141064.ngspice" res_typical
.lib "/Users/rwalters/.volare/gf180mcuD/libs.tech/ngspice/sm141064.ngspice" moscap_typical
.temp -40
.param sim_temp=-40
.param vsup=2.97
.param b0v=0*2.97
.param b1v=1*2.97
.param b2v=1*2.97
.param tsettle=5.24965e-08
.param tstop=1.44365e-07
.param tstep=6.9709e-11
.param tmax=6.9709e-11
.include "/Users/rwalters/GitHub/gf180-pll/.loom/worktrees/issue-32/sim/vco-tuning-range/testbench/tb_vco_tuning.sp"
.end

======== band 6 :: ngspice output ========

Note: Compatibility modes selected: hs a

Warning: m=xx on .subckt line will override multiplier m hierarchy!


Circuit: * generated by simenv.sh -- do not edit; edit /users/rwalters/github/gf180-pll/.loom/worktrees/issue-32/sim/vco-tuning-range/testbench/tb_vco_tuning.sp instead

Doing analysis at TEMP = -40.000000 and TNOM = 27.000000

Using SPARSE 1.3 as Direct Linear Solver

Initial Transient Solution
--------------------------

Node                                   Voltage
----                                   -------
vdd                                       2.97
nb0                                          0
nb1                                       2.97
nb2                                       2.97
vc1                                        0.9
vc2                                        1.2
vc3                                        1.5
vc4                                        1.8
vc5                                        2.1
vc6                                        2.4
vc7                                        2.7
nv1                                       2.97
nv2                                       2.97
nv3                                       2.97
nv4                                       2.97
nv5                                       2.97
nv6                                       2.97
nv7                                       2.97
x1.xbias.na                           0.817073
x1.xbias.vbpc                          2.11489
x1.xbias.nc                           0.091825
x1.xbias.xrcg.11                     0.0916252
x1.xbias.xrcg.21                   0.000199762
x1.xbias.nsu                         0.0151045
x1.xbias.vfix                          1.58243
x1.xbias.nmd                          0.685138
x1.xbias.vbp0                          2.19175
x1.xbias.noff                          0.69174
x1.xbias.xroff.11                     0.691477
x1.xbias.xroff.21                  0.000263334
x1.xbias.nvi                           0.20976
x1.xbias.xrdeg.11                     0.209681
x1.xbias.xrdeg.21                  7.98523e-05
x1.xbias.b0b                              2.97
x1.xbias.b1b                       3.80466e-09
x1.xbias.b2b                       3.80466e-09
x1.xbias.vbn1                         0.651989
x1.xbias.ga                               2.97
x1.xbias.vbp2                          2.15304
x1.xbias.gb                           0.651989
x1.vbn                                0.806572
x1.xbias.gc                            2.15304
x1.vbp                                 2.02585
x1.xs1.nh                              1.22121
x1.y1                                        0
x1.y5                                        0
x1.xs1.nt                          1.19282e-17
x1.xs2.nh                                 2.97
x1.y2                                     2.97
x1.xs2.nt                          2.13134e-10
x1.xs3.nh                                 2.97
x1.y3                                        0
x1.xs3.nt                         -4.15164e-19
x1.xs4.nh                                 2.97
x1.y4                                     2.97
x1.xs4.nt                          2.13134e-10
x1.xs5.nh                                 2.97
x1.xs5.nt                         -4.15164e-19
x1.nb1                                    2.97
x1.nb2                             2.58531e-09
clk1                                      2.97
x1.xcdec1.c_moscap_int1                  -2.97
x1.xcdec2.c_moscap_int1                  -2.97
x2.xbias.na                           0.817073
x2.xbias.vbpc                          2.11489
x2.xbias.nc                           0.091825
x2.xbias.xrcg.11                     0.0916252
x2.xbias.xrcg.21                   0.000199762
x2.xbias.nsu                         0.0151045
x2.xbias.vfix                          1.58243
x2.xbias.nmd                          0.685138
x2.xbias.vbp0                          2.18117
x2.xbias.noff                         0.691721
x2.xbias.xroff.11                     0.691458
x2.xbias.xroff.21                  0.000263327
x2.xbias.nvi                          0.414607
x2.xbias.xrdeg.11                      0.41445
x2.xbias.xrdeg.21                  0.000157834
x2.xbias.b0b                              2.97
x2.xbias.b1b                       3.80466e-09
x2.xbias.b2b                       3.80466e-09
x2.xbias.vbn1                         0.661776
x2.xbias.ga                               2.97
x2.xbias.vbp2                          2.14037
x2.xbias.gb                           0.661776
x2.vbn                                0.825423
x2.xbias.gc                            2.14037
x2.vbp                                 2.00291
x2.xs1.nh                              1.24159
x2.y1                                        0
x2.y5                                        0
x2.xs1.nt                           3.2188e-28
x2.xs2.nh                                 2.97
x2.y2                                     2.97
x2.xs2.nt                          1.89428e-10
x2.xs3.nh                                 2.97
x2.y3                                        0
x2.xs3.nt                           7.3114e-39
x2.xs4.nh                                 2.97
x2.y4                                     2.97
x2.xs4.nt                          1.89428e-10
x2.xs5.nh                                 2.97
x2.xs5.nt                           7.3114e-39
x2.nb1                                    2.97
x2.nb2                             2.58531e-09
clk2                                      2.97
x2.xcdec1.c_moscap_int1                  -2.97
x2.xcdec2.c_moscap_int1                  -2.97
x3.xbias.na                           0.817073
x3.xbias.vbpc                          2.11489
x3.xbias.nc                           0.091825
x3.xbias.xrcg.11                     0.0916252
x3.xbias.xrcg.21                   0.000199762
x3.xbias.nsu                         0.0151045
x3.xbias.vfix                          1.58243
x3.xbias.nmd                          0.685138
x3.xbias.vbp0                          2.17142
x3.xbias.noff                         0.691703
x3.xbias.xroff.11                      0.69144
x3.xbias.xroff.21                   0.00026332
x3.xbias.nvi                          0.630904
x3.xbias.xrdeg.11                     0.630664
x3.xbias.xrdeg.21                  0.000240175
x3.xbias.b0b                              2.97
x3.xbias.b1b                       3.80466e-09
x3.xbias.b2b                       3.80466e-09
x3.xbias.vbn1                         0.670678
x3.xbias.ga                               2.97
x3.xbias.vbp2                          2.12853
x3.xbias.gb                           0.670678
x3.vbn                                0.843344
x3.xbias.gc                            2.12853
x3.vbp                                  1.9809
x3.xs1.nh                              1.26119
x3.y1                                        0
x3.y5                                        0
x3.xs1.nt                          8.91557e-28
x3.xs2.nh                                 2.97
x3.y2                                     2.97
x3.xs2.nt                          1.71136e-10
x3.xs3.nh                                 2.97
x3.y3                                        0
x3.xs3.nt                         -1.07638e-18
x3.xs4.nh                                 2.97
x3.y4                                     2.97
x3.xs4.nt                          1.71136e-10
x3.xs5.nh                                 2.97
x3.xs5.nt                         -1.07638e-18
x3.nb1                                    2.97
x3.nb2                             2.58531e-09
clk3                                      2.97
x3.xcdec1.c_moscap_int1                  -2.97
x3.xcdec2.c_moscap_int1                  -2.97
x4.xbias.na                           0.817073
x4.xbias.vbpc                          2.11489
x4.xbias.nc                           0.091825
x4.xbias.xrcg.11                     0.0916252
x4.xbias.xrcg.21                   0.000199762
x4.xbias.nsu                         0.0151045
x4.xbias.vfix                          1.58243
x4.xbias.nmd                          0.685138
x4.xbias.vbp0                          2.16246
x4.xbias.noff                         0.691687
x4.xbias.xroff.11                     0.691424
x4.xbias.xroff.21                  0.000263314
x4.xbias.nvi                          0.854413
x4.xbias.xrdeg.11                     0.854088
x4.xbias.xrdeg.21                  0.000325261
x4.xbias.b0b                              2.97
x4.xbias.b1b                       3.80466e-09
x4.xbias.b2b                       3.80466e-09
x4.xbias.vbn1                         0.678772
x4.xbias.ga                               2.97
x4.xbias.vbp2                          2.11749
x4.xbias.gb                           0.678772
x4.vbn                                0.860312
x4.xbias.gc                            2.11749
x4.vbp                                 1.95995
x4.xs1.nh                               1.2799
x4.y1                                        0
x4.y5                                        0
x4.xs1.nt                          7.02533e-28
x4.xs2.nh                                 2.97
x4.y2                                     2.97
x4.xs2.nt                          1.56739e-10
x4.xs3.nh                                 2.97
x4.y3                                        0
x4.xs3.nt                         -1.79595e-38
x4.xs4.nh                                 2.97
x4.y4                                     2.97
x4.xs4.nt                          1.56739e-10
x4.xs5.nh                                 2.97
x4.xs5.nt                         -1.79595e-38
x4.nb1                                    2.97
x4.nb2                             2.58531e-09
clk4                                      2.97
x4.xcdec1.c_moscap_int1                  -2.97
x4.xcdec2.c_moscap_int1                  -2.97
x5.xbias.na                           0.817073
x5.xbias.vbpc                          2.11489
x5.xbias.nc                           0.091825
x5.xbias.xrcg.11                     0.0916252
x5.xbias.xrcg.21                   0.000199762
x5.xbias.nsu                         0.0151045
x5.xbias.vfix                          1.58243
x5.xbias.nmd                          0.685138
x5.xbias.vbp0                          2.15414
x5.xbias.noff                         0.691672
x5.xbias.xroff.11                     0.691409
x5.xbias.xroff.21                  0.000263308
x5.xbias.nvi                           1.08329
x5.xbias.xrdeg.11                      1.08288
x5.xbias.xrdeg.21                   0.00041239
x5.xbias.b0b                              2.97
x5.xbias.b1b                       3.80466e-09
x5.xbias.b2b                       3.80466e-09
x5.xbias.vbn1                         0.686193
x5.xbias.ga                               2.97
x5.xbias.vbp2                          2.10714
x5.xbias.gb                           0.686193
x5.vbn                                0.876453
x5.xbias.gc                            2.10714
x5.vbp                                 1.93996
x5.xs1.nh                              1.29778
x5.y1                                        0
x5.y5                                        0
x5.xs1.nt                          1.72861e-28
x5.xs2.nh                                 2.97
x5.y2                                     2.97
x5.xs2.nt                          1.45121e-10
x5.xs3.nh                                 2.97
x5.y3                                        0
x5.xs3.nt                         -2.13827e-38
x5.xs4.nh                                 2.97
x5.y4                                     2.97
x5.xs4.nt                          1.45121e-10
x5.xs5.nh                                 2.97
x5.xs5.nt                         -2.13827e-38
x5.nb1                                    2.97
x5.nb2                             2.58531e-09
clk5                                      2.97
x5.xcdec1.c_moscap_int1                  -2.97
x5.xcdec2.c_moscap_int1                  -2.97
x6.xbias.na                           0.817073
x6.xbias.vbpc                          2.11489
x6.xbias.nc                           0.091825
x6.xbias.xrcg.11                     0.0916252
x6.xbias.xrcg.21                   0.000199762
x6.xbias.nsu                         0.0151045
x6.xbias.vfix                          1.58243
x6.xbias.nmd                          0.685138
x6.xbias.vbp0                          2.14637
x6.xbias.noff                         0.691658
x6.xbias.xroff.11                     0.691395
x6.xbias.xroff.21                  0.000263303
x6.xbias.nvi                           1.31646
x6.xbias.xrdeg.11                      1.31595
x6.xbias.xrdeg.21                  0.000501153
x6.xbias.b0b                              2.97
x6.xbias.b1b                       3.80466e-09
x6.xbias.b2b                       3.80466e-09
x6.xbias.vbn1                         0.693056
x6.xbias.ga                               2.97
x6.xbias.vbp2                          2.09737
x6.xbias.gb                           0.693056
x6.vbn                                0.891891
x6.xbias.gc                            2.09737
x6.vbp                                 1.92083
x6.xs1.nh                              1.31492
x6.y1                                        0
x6.y5                                        0
x6.xs1.nt                          3.02319e-28
x6.xs2.nh                                 2.97
x6.y2                                     2.97
x6.xs2.nt                          1.35535e-10
x6.xs3.nh                                 2.97
x6.y3                                        0
x6.xs3.nt                          5.99735e-59
x6.xs4.nh                                 2.97
x6.y4                                     2.97
x6.xs4.nt                          1.35535e-10
x6.xs5.nh                                 2.97
x6.xs5.nt                          5.99735e-59
x6.nb1                                    2.97
x6.nb2                             2.58531e-09
clk6                                      2.97
x6.xcdec1.c_moscap_int1                  -2.97
x6.xcdec2.c_moscap_int1                  -2.97
x7.xbias.na                           0.817073
x7.xbias.vbpc                          2.11489
x7.xbias.nc                           0.091825
x7.xbias.xrcg.11                     0.0916252
x7.xbias.xrcg.21                   0.000199762
x7.xbias.nsu                         0.0151045
x7.xbias.vfix                          1.58243
x7.xbias.nmd                          0.685138
x7.xbias.vbp0                          2.13905
x7.xbias.noff                         0.691645
x7.xbias.xroff.11                     0.691382
x7.xbias.xroff.21                  0.000263298
x7.xbias.nvi                           1.55318
x7.xbias.xrdeg.11                      1.55259
x7.xbias.xrdeg.21                  0.000591269
x7.xbias.b0b                              2.97
x7.xbias.b1b                       3.80466e-09
x7.xbias.b2b                       3.80466e-09
x7.xbias.vbn1                         0.699452
x7.xbias.ga                               2.97
x7.xbias.vbp2                           2.0881
x7.xbias.gb                           0.699452
x7.vbn                                0.906729
x7.xbias.gc                             2.0881
x7.vbp                                 1.90246
x7.xs1.nh                              1.33142
x7.y1                                        0
x7.y5                                        0
x7.xs1.nt                          -2.3261e-28
x7.xs2.nh                                 2.97
x7.y2                                     2.97
x7.xs2.nt                          1.27478e-10
x7.xs3.nh                                 2.97
x7.y3                                        0
x7.xs3.nt                          -9.6968e-59
x7.xs4.nh                                 2.97
x7.y4                                     2.97
x7.xs4.nt                          1.27478e-10
x7.xs5.nh                                 2.97
x7.xs5.nt                         -9.69546e-59
x7.nb1                                    2.97
x7.nb2                             2.58531e-09
clk7                                      2.97
x7.xcdec1.c_moscap_int1                  -2.97
x7.xcdec2.c_moscap_int1                  -2.97
e.x7.xcdec2.ec_moscap#branch                 0
e.x7.xcdec1.ec_moscap#branch                 0
e.x6.xcdec2.ec_moscap#branch                 0
e.x6.xcdec1.ec_moscap#branch                 0
e.x5.xcdec2.ec_moscap#branch                 0
e.x5.xcdec1.ec_moscap#branch                 0
e.x4.xcdec2.ec_moscap#branch                 0
e.x4.xcdec1.ec_moscap#branch                 0
e.x3.xcdec2.ec_moscap#branch                 0
e.x3.xcdec1.ec_moscap#branch                 0
e.x2.xcdec2.ec_moscap#branch                 0
e.x2.xcdec1.ec_moscap#branch                 0
e.x1.xcdec2.ec_moscap#branch                 0
e.x1.xcdec1.ec_moscap#branch                 0
vs7#branch                         0.000231953
vs6#branch                         0.000209891
vs5#branch                         0.000188049
vs4#branch                         0.000166483
vs3#branch                          0.00014528
vs2#branch                         0.000124597
vs1#branch                         0.000104822
vv7#branch                                   0
vv6#branch                                   0
vv5#branch                                   0
vv4#branch                                   0
vv3#branch                                   0
vv2#branch                                   0
vv1#branch                                   0
vb2#branch                                   0
vb1#branch                                   0
vb0#branch                                   0
vdd#branch                         -0.00117107


No. of Data Rows : 2567

  Measurements for Transient Analysis

tp1                 =  4.72460e-08 targ=  1.06666e-07 trig=  5.94203e-08
tp2                 =  3.82164e-08 targ=  9.58951e-08 trig=  5.76787e-08
tp3                 =  3.17021e-08 targ=  8.74815e-08 trig=  5.57794e-08
tp4                 =  2.68307e-08 targ=  8.08281e-08 trig=  5.39973e-08
tp5                 =  2.31330e-08 targ=  8.12624e-08 trig=  5.81293e-08
tp6                 =  2.02387e-08 targ=  7.61514e-08 trig=  5.59127e-08
tp7                 =  1.79081e-08 targ=  7.19072e-08 trig=  5.39991e-08
f1                  =  8.46632e+07
f2                  =  1.04667e+08
f3                  =  1.26174e+08
f4                  =  1.49083e+08
f5                  =  1.72913e+08
f6                  =  1.97641e+08
f7                  =  2.23363e+08
i1                  =  1.52523e-04 from=  5.24965e-08 to=  1.44365e-07
i2                  =  1.79653e-04 from=  5.24965e-08 to=  1.44365e-07
i3                  =  2.06951e-04 from=  5.24965e-08 to=  1.44365e-07
i4                  =  2.37086e-04 from=  5.24965e-08 to=  1.44365e-07
i5                  =  2.65944e-04 from=  5.24965e-08 to=  1.44365e-07
i6                  =  2.98528e-04 from=  5.24965e-08 to=  1.44365e-07
i7                  =  3.29219e-04 from=  5.24965e-08 to=  1.44365e-07
sw1hi               =  3.06151e+00 at=  5.95102e-08
sw1lo               =  -1.14383e-01 at=  1.35958e-07
sw7hi               =  3.12620e+00 at=  1.43638e-07
sw7lo               =  -1.82084e-01 at=  9.20626e-08


Total analysis time (seconds) = 252.124

Total elapsed time (seconds) = 259.104 

Total DRAM available = 98304.000 MB.
DRAM currently available = 2023.359 MB.
Maximum ngspice program size =   24.203 MB.
Current ngspice program size =   24.203 MB.


======== band 7 :: generated deck (ff_-40c_2.97v) ========
* GENERATED by simenv.sh -- do not edit; edit /Users/rwalters/GitHub/gf180-pll/.loom/worktrees/issue-32/sim/vco-tuning-range/testbench/tb_vco_tuning.sp instead
* tag=ff_Tm40_V2p97_B7 libs=ff,res_typical,moscap_typical temp=-40C
.include "/Users/rwalters/.volare/gf180mcuD/libs.tech/ngspice/design.ngspice"
.lib "/Users/rwalters/.volare/gf180mcuD/libs.tech/ngspice/sm141064.ngspice" ff
.lib "/Users/rwalters/.volare/gf180mcuD/libs.tech/ngspice/sm141064.ngspice" res_typical
.lib "/Users/rwalters/.volare/gf180mcuD/libs.tech/ngspice/sm141064.ngspice" moscap_typical
.temp -40
.param sim_temp=-40
.param vsup=2.97
.param b0v=1*2.97
.param b1v=1*2.97
.param b2v=1*2.97
.param tsettle=3.1816e-08
.param tstop=8.74939e-08
.param tstep=4.22477e-11
.param tmax=4.22477e-11
.include "/Users/rwalters/GitHub/gf180-pll/.loom/worktrees/issue-32/sim/vco-tuning-range/testbench/tb_vco_tuning.sp"
.end

======== band 7 :: ngspice output ========

Note: Compatibility modes selected: hs a

Warning: m=xx on .subckt line will override multiplier m hierarchy!


Circuit: * generated by simenv.sh -- do not edit; edit /users/rwalters/github/gf180-pll/.loom/worktrees/issue-32/sim/vco-tuning-range/testbench/tb_vco_tuning.sp instead

Doing analysis at TEMP = -40.000000 and TNOM = 27.000000

Using SPARSE 1.3 as Direct Linear Solver

Initial Transient Solution
--------------------------

Node                                   Voltage
----                                   -------
vdd                                       2.97
nb0                                       2.97
nb1                                       2.97
nb2                                       2.97
vc1                                        0.9
vc2                                        1.2
vc3                                        1.5
vc4                                        1.8
vc5                                        2.1
vc6                                        2.4
vc7                                        2.7
nv1                                       2.97
nv2                                       2.97
nv3                                       2.97
nv4                                       2.97
nv5                                       2.97
nv6                                       2.97
nv7                                       2.97
x1.xbias.na                           0.817073
x1.xbias.vbpc                          2.11489
x1.xbias.nc                           0.091825
x1.xbias.xrcg.11                     0.0916252
x1.xbias.xrcg.21                   0.000199762
x1.xbias.nsu                         0.0151045
x1.xbias.vfix                          1.58243
x1.xbias.nmd                          0.685138
x1.xbias.vbp0                          2.19175
x1.xbias.noff                          0.69174
x1.xbias.xroff.11                     0.691477
x1.xbias.xroff.21                  0.000263334
x1.xbias.nvi                           0.20976
x1.xbias.xrdeg.11                     0.209681
x1.xbias.xrdeg.21                  7.98523e-05
x1.xbias.b0b                       3.80466e-09
x1.xbias.b1b                       3.80466e-09
x1.xbias.b2b                       3.80466e-09
x1.xbias.vbn1                         0.676978
x1.xbias.ga                            2.19175
x1.xbias.vbp2                          2.11996
x1.xbias.gb                           0.676978
x1.vbn                                0.856493
x1.xbias.gc                            2.11996
x1.vbp                                 1.96467
x1.xs1.nh                              1.27568
x1.y1                                        0
x1.y5                                        0
x1.xs1.nt                        -5.36273e-137
x1.xs2.nh                                 2.97
x1.y2                                     2.97
x1.xs2.nt                          1.59766e-10
x1.xs3.nh                                 2.97
x1.y3                                        0
x1.xs3.nt                         1.19178e-255
x1.xs4.nh                                 2.97
x1.y4                                     2.97
x1.xs4.nt                          1.59766e-10
x1.xs5.nh                                 2.97
x1.xs5.nt                         1.19178e-255
x1.nb1                                    2.97
x1.nb2                             2.58531e-09
clk1                                      2.97
x1.xcdec1.c_moscap_int1                  -2.97
x1.xcdec2.c_moscap_int1                  -2.97
x2.xbias.na                           0.817073
x2.xbias.vbpc                          2.11489
x2.xbias.nc                           0.091825
x2.xbias.xrcg.11                     0.0916252
x2.xbias.xrcg.21                   0.000199762
x2.xbias.nsu                         0.0151045
x2.xbias.vfix                          1.58243
x2.xbias.nmd                          0.685138
x2.xbias.vbp0                          2.18117
x2.xbias.noff                         0.691721
x2.xbias.xroff.11                     0.691458
x2.xbias.xroff.21                  0.000263327
x2.xbias.nvi                          0.414607
x2.xbias.xrdeg.11                      0.41445
x2.xbias.xrdeg.21                  0.000157834
x2.xbias.b0b                       3.80466e-09
x2.xbias.b1b                       3.80466e-09
x2.xbias.b2b                       3.80466e-09
x2.xbias.vbn1                         0.687965
x2.xbias.ga                            2.18117
x2.xbias.vbp2                          2.10464
x2.xbias.gb                           0.687965
x2.vbn                                0.880392
x2.xbias.gc                            2.10464
x2.vbp                                 1.93508
x2.xs1.nh                              1.30215
x2.y1                                        0
x2.y5                                        0
x2.xs1.nt                          9.84078e-88
x2.xs2.nh                                 2.97
x2.y2                                     2.97
x2.xs2.nt                          1.42545e-10
x2.xs3.nh                                 2.97
x2.y3                                        0
x2.xs3.nt                         2.14688e-157
x2.xs4.nh                                 2.97
x2.y4                                     2.97
x2.xs4.nt                          1.42545e-10
x2.xs5.nh                                 2.97
x2.xs5.nt                         2.14627e-157
x2.nb1                                    2.97
x2.nb2                             2.58531e-09
clk2                                      2.97
x2.xcdec1.c_moscap_int1                  -2.97
x2.xcdec2.c_moscap_int1                  -2.97
x3.xbias.na                           0.817073
x3.xbias.vbpc                          2.11489
x3.xbias.nc                           0.091825
x3.xbias.xrcg.11                     0.0916252
x3.xbias.xrcg.21                   0.000199762
x3.xbias.nsu                         0.0151045
x3.xbias.vfix                          1.58243
x3.xbias.nmd                          0.685138
x3.xbias.vbp0                          2.17142
x3.xbias.noff                         0.691703
x3.xbias.xroff.11                      0.69144
x3.xbias.xroff.21                   0.00026332
x3.xbias.nvi                          0.630904
x3.xbias.xrdeg.11                     0.630664
x3.xbias.xrdeg.21                  0.000240175
x3.xbias.b0b                       3.80466e-09
x3.xbias.b1b                       3.80466e-09
x3.xbias.b2b                       3.80466e-09
x3.xbias.vbn1                          0.69804
x3.xbias.ga                            2.17142
x3.xbias.vbp2                          2.09016
x3.xbias.gb                            0.69804
x3.vbn                                0.903416
x3.xbias.gc                            2.09016
x3.vbp                                 1.90656
x3.xs1.nh                              1.32774
x3.y1                                        0
x3.y5                                        0
x3.xs1.nt                           -3.247e-98
x3.xs2.nh                                 2.97
x3.y2                                     2.97
x3.xs2.nt                          1.29189e-10
x3.xs3.nh                                 2.97
x3.y3                                        0
x3.xs3.nt                         -5.9932e-197
x3.xs4.nh                                 2.97
x3.y4                                     2.97
x3.xs4.nt                          1.29189e-10
x3.xs5.nh                                 2.97
x3.xs5.nt                         -5.9932e-197
x3.nb1                                    2.97
x3.nb2                             2.58531e-09
clk3                                      2.97
x3.xcdec1.c_moscap_int1                  -2.97
x3.xcdec2.c_moscap_int1                  -2.97
x4.xbias.na                           0.817073
x4.xbias.vbpc                          2.11489
x4.xbias.nc                           0.091825
x4.xbias.xrcg.11                     0.0916252
x4.xbias.xrcg.21                   0.000199762
x4.xbias.nsu                         0.0151045
x4.xbias.vfix                          1.58243
x4.xbias.nmd                          0.685138
x4.xbias.vbp0                          2.16246
x4.xbias.noff                         0.691687
x4.xbias.xroff.11                     0.691424
x4.xbias.xroff.21                  0.000263314
x4.xbias.nvi                          0.854413
x4.xbias.xrdeg.11                     0.854088
x4.xbias.xrdeg.21                  0.000325261
x4.xbias.b0b                       3.80466e-09
x4.xbias.b1b                       3.80466e-09
x4.xbias.b2b                       3.80466e-09
x4.xbias.vbn1                         0.707268
x4.xbias.ga                            2.16246
x4.xbias.vbp2                          2.07654
x4.xbias.gb                           0.707268
x4.vbn                                0.925464
x4.xbias.gc                            2.07654
x4.vbp                                 1.87931
x4.xs1.nh                              1.35225
x4.y1                                        0
x4.y5                                        0
x4.xs1.nt                         -3.9487e-108
x4.xs2.nh                                 2.97
x4.y2                                     2.97
x4.xs2.nt                          1.18635e-10
x4.xs3.nh                                 2.97
x4.y3                                        0
x4.xs3.nt                        -1.76094e-176
x4.xs4.nh                                 2.97
x4.y4                                     2.97
x4.xs4.nt                          1.18635e-10
x4.xs5.nh                                 2.97
x4.xs5.nt                        -1.76093e-176
x4.nb1                                    2.97
x4.nb2                             2.58531e-09
clk4                                      2.97
x4.xcdec1.c_moscap_int1                  -2.97
x4.xcdec2.c_moscap_int1                  -2.97
x5.xbias.na                           0.817073
x5.xbias.vbpc                          2.11489
x5.xbias.nc                           0.091825
x5.xbias.xrcg.11                     0.0916252
x5.xbias.xrcg.21                   0.000199762
x5.xbias.nsu                         0.0151045
x5.xbias.vfix                          1.58243
x5.xbias.nmd                          0.685138
x5.xbias.vbp0                          2.15414
x5.xbias.noff                         0.691672
x5.xbias.xroff.11                     0.691409
x5.xbias.xroff.21                  0.000263308
x5.xbias.nvi                           1.08329
x5.xbias.xrdeg.11                      1.08288
x5.xbias.xrdeg.21                   0.00041239
x5.xbias.b0b                       3.80466e-09
x5.xbias.b1b                       3.80466e-09
x5.xbias.b2b                       3.80466e-09
x5.xbias.vbn1                         0.715786
x5.xbias.ga                            2.15414
x5.xbias.vbp2                          2.06367
x5.xbias.gb                           0.715786
x5.vbn                                 0.94664
x5.xbias.gc                            2.06367
x5.vbp                                 1.85324
x5.xs1.nh                              1.37575
x5.y1                                        0
x5.y5                                        0
x5.xs1.nt                          2.8081e-108
x5.xs2.nh                                 2.97
x5.y2                                     2.97
x5.xs2.nt                          1.10091e-10
x5.xs3.nh                                 2.97
x5.y3                                        0
x5.xs3.nt                        -2.41341e-196
x5.xs4.nh                                 2.97
x5.y4                                     2.97
x5.xs4.nt                          1.10091e-10
x5.xs5.nh                                 2.97
x5.xs5.nt                        -2.41341e-196
x5.nb1                                    2.97
x5.nb2                             2.58531e-09
clk5                                      2.97
x5.xcdec1.c_moscap_int1                  -2.97
x5.xcdec2.c_moscap_int1                  -2.97
x6.xbias.na                           0.817073
x6.xbias.vbpc                          2.11489
x6.xbias.nc                           0.091825
x6.xbias.xrcg.11                     0.0916252
x6.xbias.xrcg.21                   0.000199762
x6.xbias.nsu                         0.0151045
x6.xbias.vfix                          1.58243
x6.xbias.nmd                          0.685138
x6.xbias.vbp0                          2.14637
x6.xbias.noff                         0.691658
x6.xbias.xroff.11                     0.691395
x6.xbias.xroff.21                  0.000263303
x6.xbias.nvi                           1.31646
x6.xbias.xrdeg.11                      1.31595
x6.xbias.xrdeg.21                  0.000501153
x6.xbias.b0b                       3.80466e-09
x6.xbias.b1b                       3.80466e-09
x6.xbias.b2b                       3.80466e-09
x6.xbias.vbn1                         0.723712
x6.xbias.ga                            2.14637
x6.xbias.vbp2                          2.05144
x6.xbias.gb                           0.723712
x6.vbn                                0.967063
x6.xbias.gc                            2.05144
x6.vbp                                 1.82823
x6.xs1.nh                              1.39834
x6.y1                                        0
x6.y5                                        0
x6.xs1.nt                         4.09284e-108
x6.xs2.nh                                 2.97
x6.y2                                     2.97
x6.xs2.nt                          1.03023e-10
x6.xs3.nh                                 2.97
x6.y3                                        0
x6.xs3.nt                        -1.32818e-176
x6.xs4.nh                                 2.97
x6.y4                                     2.97
x6.xs4.nt                          1.03023e-10
x6.xs5.nh                                 2.97
x6.xs5.nt                        -1.32818e-176
x6.nb1                                    2.97
x6.nb2                             2.58531e-09
clk6                                      2.97
x6.xcdec1.c_moscap_int1                  -2.97
x6.xcdec2.c_moscap_int1                  -2.97
x7.xbias.na                           0.817073
x7.xbias.vbpc                          2.11489
x7.xbias.nc                           0.091825
x7.xbias.xrcg.11                     0.0916252
x7.xbias.xrcg.21                   0.000199762
x7.xbias.nsu                         0.0151045
x7.xbias.vfix                          1.58243
x7.xbias.nmd                          0.685138
x7.xbias.vbp0                          2.13905
x7.xbias.noff                         0.691645
x7.xbias.xroff.11                     0.691382
x7.xbias.xroff.21                  0.000263298
x7.xbias.nvi                           1.55318
x7.xbias.xrdeg.11                      1.55259
x7.xbias.xrdeg.21                  0.000591269
x7.xbias.b0b                       3.80466e-09
x7.xbias.b1b                       3.80466e-09
x7.xbias.b2b                       3.80466e-09
x7.xbias.vbn1                         0.731142
x7.xbias.ga                            2.13905
x7.xbias.vbp2                          2.03977
x7.xbias.gb                           0.731142
x7.vbn                                0.986835
x7.xbias.gc                            2.03977
x7.vbp                                 1.80416
x7.xs1.nh                              1.42013
x7.y1                                        0
x7.y5                                        0
x7.xs1.nt                         2.14734e-108
x7.xs2.nh                                 2.97
x7.y2                                     2.97
x7.xs2.nt                          9.70692e-11
x7.xs3.nh                                 2.97
x7.y3                                        0
x7.xs3.nt                        -1.63239e-196
x7.xs4.nh                                 2.97
x7.y4                                     2.97
x7.xs4.nt                          9.70692e-11
x7.xs5.nh                                 2.97
x7.xs5.nt                        -1.63213e-196
x7.nb1                                    2.97
x7.nb2                             2.58531e-09
clk7                                      2.97
x7.xcdec1.c_moscap_int1                  -2.97
x7.xcdec2.c_moscap_int1                  -2.97
e.x7.xcdec2.ec_moscap#branch                 0
e.x7.xcdec1.ec_moscap#branch                 0
e.x6.xcdec2.ec_moscap#branch                 0
e.x6.xcdec1.ec_moscap#branch                 0
e.x5.xcdec2.ec_moscap#branch                 0
e.x5.xcdec1.ec_moscap#branch                 0
e.x4.xcdec2.ec_moscap#branch                 0
e.x4.xcdec1.ec_moscap#branch                 0
e.x3.xcdec2.ec_moscap#branch                 0
e.x3.xcdec1.ec_moscap#branch                 0
e.x2.xcdec2.ec_moscap#branch                 0
e.x2.xcdec1.ec_moscap#branch                 0
e.x1.xcdec2.ec_moscap#branch                 0
e.x1.xcdec1.ec_moscap#branch                 0
vs7#branch                         0.000354652
vs6#branch                         0.000320255
vs5#branch                         0.000286201
vs4#branch                         0.000252583
vs3#branch                         0.000219538
vs2#branch                         0.000187316
vs1#branch                         0.000156524
vv7#branch                                   0
vv6#branch                                   0
vv5#branch                                   0
vv4#branch                                   0
vv3#branch                                   0
vv2#branch                                   0
vv1#branch                                   0
vb2#branch                                   0
vb1#branch                                   0
vb0#branch                                   0
vdd#branch                         -0.00177707


No. of Data Rows : 2395

  Measurements for Transient Analysis

tp1                 =  2.78439e-08 targ=  6.29493e-08 trig=  3.51054e-08
tp2                 =  2.23388e-08 targ=  5.61445e-08 trig=  3.38057e-08
tp3                 =  1.83951e-08 targ=  5.08652e-08 trig=  3.24702e-08
tp4                 =  1.54869e-08 targ=  5.06279e-08 trig=  3.51409e-08
tp5                 =  1.33203e-08 targ=  4.68781e-08 trig=  3.35578e-08
tp6                 =  1.16369e-08 targ=  4.39043e-08 trig=  3.22674e-08
tp7                 =  1.03194e-08 targ=  4.41025e-08 trig=  3.37831e-08
f1                  =  1.43658e+08
f2                  =  1.79061e+08
f3                  =  2.17450e+08
f4                  =  2.58282e+08
f5                  =  3.00293e+08
f6                  =  3.43734e+08
f7                  =  3.87620e+08
i1                  =  2.24235e-04 from=  3.18160e-08 to=  8.74939e-08
i2                  =  2.67256e-04 from=  3.18160e-08 to=  8.74939e-08
i3                  =  3.12105e-04 from=  3.18160e-08 to=  8.74939e-08
i4                  =  3.58964e-04 from=  3.18160e-08 to=  8.74939e-08
i5                  =  4.05240e-04 from=  3.18160e-08 to=  8.74939e-08
i6                  =  4.53426e-04 from=  3.18160e-08 to=  8.74939e-08
i7                  =  5.00943e-04 from=  3.18160e-08 to=  8.74939e-08
sw1hi               =  3.03125e+00 at=  4.21285e-08
sw1lo               =  -1.03014e-01 at=  3.84778e-08
sw7hi               =  3.06490e+00 at=  5.44742e-08
sw7lo               =  -1.33431e-01 at=  5.82896e-08


Total analysis time (seconds) = 220.521

Total elapsed time (seconds) = 227.389 

Total DRAM available = 98304.000 MB.
DRAM currently available = 1595.188 MB.
Maximum ngspice program size =   23.812 MB.
Current ngspice program size =   23.812 MB.


