======== band 0 :: generated deck (ff_27c_3.30v) ========
* GENERATED by simenv.sh -- do not edit; edit /Users/rwalters/GitHub/gf180-pll/.loom/worktrees/issue-32/sim/vco-tuning-range/testbench/tb_vco_tuning.sp instead
* tag=ff_T27_V3p30_B0 libs=ff,res_typical,moscap_typical temp=27C
.include "/Users/rwalters/.volare/gf180mcuD/libs.tech/ngspice/design.ngspice"
.lib "/Users/rwalters/.volare/gf180mcuD/libs.tech/ngspice/sm141064.ngspice" ff
.lib "/Users/rwalters/.volare/gf180mcuD/libs.tech/ngspice/sm141064.ngspice" res_typical
.lib "/Users/rwalters/.volare/gf180mcuD/libs.tech/ngspice/sm141064.ngspice" moscap_typical
.temp 27
.param sim_temp=27
.param vsup=3.30
.param b0v=0*3.30
.param b1v=0*3.30
.param b2v=0*3.30
.param tsettle=8.88889e-07
.param tstop=2.44444e-06
.param tstep=1.18034e-09
.param tmax=1.18034e-09
.include "/Users/rwalters/GitHub/gf180-pll/.loom/worktrees/issue-32/sim/vco-tuning-range/testbench/tb_vco_tuning.sp"
.end

======== band 0 :: ngspice output ========

Note: Compatibility modes selected: hs a

Warning: m=xx on .subckt line will override multiplier m hierarchy!


Circuit: * generated by simenv.sh -- do not edit; edit /users/rwalters/github/gf180-pll/.loom/worktrees/issue-32/sim/vco-tuning-range/testbench/tb_vco_tuning.sp instead

Doing analysis at TEMP = 27.000000 and TNOM = 27.000000

Using SPARSE 1.3 as Direct Linear Solver

Initial Transient Solution
--------------------------

Node                                   Voltage
----                                   -------
vdd                                        3.3
nb0                                          0
nb1                                          0
nb2                                          0
vc1                                        0.9
vc2                                        1.2
vc3                                        1.5
vc4                                        1.8
vc5                                        2.1
vc6                                        2.4
vc7                                        2.7
nv1                                        3.3
nv2                                        3.3
nv3                                        3.3
nv4                                        3.3
nv5                                        3.3
nv6                                        3.3
nv7                                        3.3
x1.xbias.na                           0.817323
x1.xbias.vbpc                          2.46491
x1.xbias.nc                           0.116926
x1.xbias.xrcg.11                      0.116704
x1.xbias.xrcg.21                   0.000221579
x1.xbias.nsu                         0.0157954
x1.xbias.vfix                           1.4849
x1.xbias.nmd                          0.641668
x1.xbias.vbp0                          2.58349
x1.xbias.noff                         0.658663
x1.xbias.xroff.11                     0.658445
x1.xbias.xroff.21                  0.000218319
x1.xbias.nvi                          0.251121
x1.xbias.xrdeg.11                     0.251038
x1.xbias.xrdeg.21                   8.3236e-05
x1.xbias.b0b                               3.3
x1.xbias.b1b                               3.3
x1.xbias.b2b                               3.3
x1.xbias.vbn1                         0.595052
x1.xbias.ga                                3.3
x1.xbias.vbp2                          2.60075
x1.xbias.gb                        2.24767e-10
x1.vbn                                0.563825
x1.xbias.gc                                3.3
x1.vbp                                 2.61916
x1.xs1.nh                              1.02888
x1.y1                                        0
x1.y5                                        0
x1.xs1.nt                          2.40533e-15
x1.xs2.nh                                  3.3
x1.y2                                      3.3
x1.xs2.nt                          8.74199e-07
x1.xs3.nh                                  3.3
x1.y3                                        0
x1.xs3.nt                         -1.15787e-35
x1.xs4.nh                                  3.3
x1.y4                                      3.3
x1.xs4.nt                          8.74199e-07
x1.xs5.nh                                  3.3
x1.xs5.nt                         -1.15787e-35
x1.nb1                                     3.3
x1.nb2                              4.2703e-09
clk1                                       3.3
x1.xcdec1.c_moscap_int1                   -3.3
x1.xcdec2.c_moscap_int1                   -3.3
x2.xbias.na                           0.817323
x2.xbias.vbpc                          2.46491
x2.xbias.nc                           0.116926
x2.xbias.xrcg.11                      0.116704
x2.xbias.xrcg.21                   0.000221579
x2.xbias.nsu                         0.0157954
x2.xbias.vfix                           1.4849
x2.xbias.nmd                          0.641668
x2.xbias.vbp0                          2.57045
x2.xbias.noff                         0.658642
x2.xbias.xroff.11                     0.658424
x2.xbias.xroff.21                  0.000218312
x2.xbias.nvi                           0.45502
x2.xbias.xrdeg.11                     0.454869
x2.xbias.xrdeg.21                   0.00015082
x2.xbias.b0b                               3.3
x2.xbias.b1b                               3.3
x2.xbias.b2b                               3.3
x2.xbias.vbn1                         0.606609
x2.xbias.ga                                3.3
x2.xbias.vbp2                           2.5891
x2.xbias.gb                        2.25287e-10
x2.vbn                                0.573392
x2.xbias.gc                                3.3
x2.vbp                                 2.60914
x2.xs1.nh                              1.03749
x2.y1                                        0
x2.y5                                        0
x2.xs1.nt                          6.62619e-15
x2.xs2.nh                                  3.3
x2.y2                                      3.3
x2.xs2.nt                          7.50788e-07
x2.xs3.nh                                  3.3
x2.y3                                        0
x2.xs3.nt                          -9.1943e-46
x2.xs4.nh                                  3.3
x2.y4                                      3.3
x2.xs4.nt                          7.50788e-07
x2.xs5.nh                                  3.3
x2.xs5.nt                          -9.1943e-46
x2.nb1                                     3.3
x2.nb2                              4.2703e-09
clk2                                       3.3
x2.xcdec1.c_moscap_int1                   -3.3
x2.xcdec2.c_moscap_int1                   -3.3
x3.xbias.na                           0.817323
x3.xbias.vbpc                          2.46491
x3.xbias.nc                           0.116926
x3.xbias.xrcg.11                      0.116704
x3.xbias.xrcg.21                   0.000221579
x3.xbias.nsu                         0.0157954
x3.xbias.vfix                           1.4849
x3.xbias.nmd                          0.641668
x3.xbias.vbp0                          2.55848
x3.xbias.noff                         0.658622
x3.xbias.xroff.11                     0.658404
x3.xbias.xroff.21                  0.000218305
x3.xbias.nvi                          0.669605
x3.xbias.xrdeg.11                     0.669383
x3.xbias.xrdeg.21                  0.000221945
x3.xbias.b0b                               3.3
x3.xbias.b1b                               3.3
x3.xbias.b2b                               3.3
x3.xbias.vbn1                         0.617141
x3.xbias.ga                                3.3
x3.xbias.vbp2                          2.57849
x3.xbias.gb                         2.2576e-10
x3.vbn                                0.581973
x3.xbias.gc                                3.3
x3.vbp                                 2.60011
x3.xs1.nh                              1.04527
x3.y1                                        0
x3.y5                                        0
x3.xs1.nt                         -5.95218e-16
x3.xs2.nh                                  3.3
x3.y2                                      3.3
x3.xs2.nt                          6.59149e-07
x3.xs3.nh                                  3.3
x3.y3                                        0
x3.xs3.nt                         -2.65782e-32
x3.xs4.nh                                  3.3
x3.y4                                      3.3
x3.xs4.nt                          6.59149e-07
x3.xs5.nh                                  3.3
x3.xs5.nt                         -2.65782e-32
x3.nb1                                     3.3
x3.nb2                              4.2703e-09
clk3                                       3.3
x3.xcdec1.c_moscap_int1                   -3.3
x3.xcdec2.c_moscap_int1                   -3.3
x4.xbias.na                           0.817323
x4.xbias.vbpc                          2.46491
x4.xbias.nc                           0.116926
x4.xbias.xrcg.11                      0.116704
x4.xbias.xrcg.21                   0.000221579
x4.xbias.nsu                         0.0157954
x4.xbias.vfix                           1.4849
x4.xbias.nmd                          0.641668
x4.xbias.vbp0                          2.54748
x4.xbias.noff                         0.658604
x4.xbias.xroff.11                     0.658386
x4.xbias.xroff.21                  0.000218299
x4.xbias.nvi                          0.891105
x4.xbias.xrdeg.11                      0.89081
x4.xbias.xrdeg.21                  0.000295363
x4.xbias.b0b                               3.3
x4.xbias.b1b                               3.3
x4.xbias.b2b                               3.3
x4.xbias.vbn1                         0.626758
x4.xbias.ga                                3.3
x4.xbias.vbp2                           2.5688
x4.xbias.gb                        2.26191e-10
x4.vbn                                0.589697
x4.xbias.gc                                3.3
x4.vbp                                 2.59196
x4.xs1.nh                              1.05231
x4.y1                                        0
x4.y5                                        0
x4.xs1.nt                          4.19656e-18
x4.xs2.nh                                  3.3
x4.y2                                      3.3
x4.xs2.nt                           5.8924e-07
x4.xs3.nh                                  3.3
x4.y3                                        0
x4.xs3.nt                         -5.98504e-20
x4.xs4.nh                                  3.3
x4.y4                                      3.3
x4.xs4.nt                           5.8924e-07
x4.xs5.nh                                  3.3
x4.xs5.nt                         -5.98504e-20
x4.nb1                                     3.3
x4.nb2                              4.2703e-09
clk4                                       3.3
x4.xcdec1.c_moscap_int1                   -3.3
x4.xcdec2.c_moscap_int1                   -3.3
x5.xbias.na                           0.817323
x5.xbias.vbpc                          2.46491
x5.xbias.nc                           0.116926
x5.xbias.xrcg.11                      0.116704
x5.xbias.xrcg.21                   0.000221579
x5.xbias.nsu                         0.0157954
x5.xbias.vfix                           1.4849
x5.xbias.nmd                          0.641668
x5.xbias.vbp0                          2.53729
x5.xbias.noff                         0.658587
x5.xbias.xroff.11                     0.658369
x5.xbias.xroff.21                  0.000218293
x5.xbias.nvi                            1.1178
x5.xbias.xrdeg.11                      1.11743
x5.xbias.xrdeg.21                  0.000370503
x5.xbias.b0b                               3.3
x5.xbias.b1b                               3.3
x5.xbias.b2b                               3.3
x5.xbias.vbn1                         0.635616
x5.xbias.ga                                3.3
x5.xbias.vbp2                          2.55988
x5.xbias.gb                        2.26587e-10
x5.vbn                                0.596717
x5.xbias.gc                                3.3
x5.vbp                                 2.58451
x5.xs1.nh                              1.05875
x5.y1                                        0
x5.y5                                        0
x5.xs1.nt                          1.83217e-31
x5.xs2.nh                                  3.3
x5.y2                                      3.3
x5.xs2.nt                          5.34325e-07
x5.xs3.nh                                  3.3
x5.y3                                        0
x5.xs3.nt                         -1.64507e-60
x5.xs4.nh                                  3.3
x5.y4                                      3.3
x5.xs4.nt                          5.34325e-07
x5.xs5.nh                                  3.3
x5.xs5.nt                         -1.64507e-60
x5.nb1                                     3.3
x5.nb2                              4.2703e-09
clk5                                       3.3
x5.xcdec1.c_moscap_int1                   -3.3
x5.xcdec2.c_moscap_int1                   -3.3
x6.xbias.na                           0.817323
x6.xbias.vbpc                          2.46491
x6.xbias.nc                           0.116926
x6.xbias.xrcg.11                      0.116704
x6.xbias.xrcg.21                   0.000221579
x6.xbias.nsu                         0.0157954
x6.xbias.vfix                           1.4849
x6.xbias.nmd                          0.641668
x6.xbias.vbp0                          2.52777
x6.xbias.noff                         0.658571
x6.xbias.xroff.11                     0.658353
x6.xbias.xroff.21                  0.000218288
x6.xbias.nvi                           1.34868
x6.xbias.xrdeg.11                      1.34824
x6.xbias.xrdeg.21                  0.000447031
x6.xbias.b0b                               3.3
x6.xbias.b1b                               3.3
x6.xbias.b2b                               3.3
x6.xbias.vbn1                         0.643843
x6.xbias.ga                                3.3
x6.xbias.vbp2                          2.55159
x6.xbias.gb                        2.26955e-10
x6.vbn                                 0.60316
x6.xbias.gc                                3.3
x6.vbp                                 2.57766
x6.xs1.nh                              1.06469
x6.y1                                        0
x6.y5                                        0
x6.xs1.nt                            3.117e-24
x6.xs2.nh                                  3.3
x6.y2                                      3.3
x6.xs2.nt                          4.90075e-07
x6.xs3.nh                                  3.3
x6.y3                                        0
x6.xs3.nt                          5.48835e-46
x6.xs4.nh                                  3.3
x6.y4                                      3.3
x6.xs4.nt                          4.90075e-07
x6.xs5.nh                                  3.3
x6.xs5.nt                          5.48835e-46
x6.nb1                                     3.3
x6.nb2                              4.2703e-09
clk6                                       3.3
x6.xcdec1.c_moscap_int1                   -3.3
x6.xcdec2.c_moscap_int1                   -3.3
x7.xbias.na                           0.817323
x7.xbias.vbpc                          2.46491
x7.xbias.nc                           0.116926
x7.xbias.xrcg.11                      0.116704
x7.xbias.xrcg.21                   0.000221579
x7.xbias.nsu                         0.0157954
x7.xbias.vfix                           1.4849
x7.xbias.nmd                          0.641668
x7.xbias.vbp0                          2.51881
x7.xbias.noff                         0.658557
x7.xbias.xroff.11                     0.658338
x7.xbias.xroff.21                  0.000218283
x7.xbias.nvi                           1.58307
x7.xbias.xrdeg.11                      1.58255
x7.xbias.xrdeg.21                   0.00052472
x7.xbias.b0b                               3.3
x7.xbias.b1b                               3.3
x7.xbias.b2b                               3.3
x7.xbias.vbn1                         0.651544
x7.xbias.ga                                3.3
x7.xbias.vbp2                          2.54383
x7.xbias.gb                        2.27298e-10
x7.vbn                                0.609124
x7.xbias.gc                                3.3
x7.vbp                                 2.57128
x7.xs1.nh                              1.07022
x7.y1                                        0
x7.y5                                        0
x7.xs1.nt                          -9.6581e-25
x7.xs2.nh                                  3.3
x7.y2                                      3.3
x7.xs2.nt                          4.53648e-07
x7.xs3.nh                                  3.3
x7.y3                                        0
x7.xs3.nt                          7.74552e-46
x7.xs4.nh                                  3.3
x7.y4                                      3.3
x7.xs4.nt                          4.53648e-07
x7.xs5.nh                                  3.3
x7.xs5.nt                          7.74552e-46
x7.nb1                                     3.3
x7.nb2                              4.2703e-09
clk7                                       3.3
x7.xcdec1.c_moscap_int1                   -3.3
x7.xcdec2.c_moscap_int1                   -3.3
e.x7.xcdec2.ec_moscap#branch                 0
e.x7.xcdec1.ec_moscap#branch                 0
e.x6.xcdec2.ec_moscap#branch                 0
e.x6.xcdec1.ec_moscap#branch                 0
e.x5.xcdec2.ec_moscap#branch                 0
e.x5.xcdec1.ec_moscap#branch                 0
e.x4.xcdec2.ec_moscap#branch                 0
e.x4.xcdec1.ec_moscap#branch                 0
e.x3.xcdec2.ec_moscap#branch                 0
e.x3.xcdec1.ec_moscap#branch                 0
e.x2.xcdec2.ec_moscap#branch                 0
e.x2.xcdec1.ec_moscap#branch                 0
e.x1.xcdec2.ec_moscap#branch                 0
e.x1.xcdec1.ec_moscap#branch                 0
vs7#branch                         6.41993e-05
vs6#branch                         5.92743e-05
vs5#branch                           5.441e-05
vs4#branch                         4.96193e-05
vs3#branch                          4.4922e-05
vs2#branch                         4.03532e-05
vs1#branch                         3.59902e-05
vv7#branch                                   0
vv6#branch                                   0
vv5#branch                                   0
vv4#branch                                   0
vv3#branch                                   0
vv2#branch                                   0
vv1#branch                                   0
vb2#branch                                   0
vb1#branch                                   0
vb0#branch                                   0
vdd#branch                        -0.000348768


No. of Data Rows : 2617

  Measurements for Transient Analysis

tp1                 =  1.02442e-06 targ=  2.04847e-06 trig=  1.02405e-06
tp2                 =  8.48294e-07 targ=  1.90930e-06 trig=  1.06101e-06
tp3                 =  7.19755e-07 targ=  1.62006e-06 trig=  9.00307e-07
tp4                 =  6.23905e-07 targ=  1.55868e-06 trig=  9.34773e-07
tp5                 =  5.48450e-07 targ=  1.50803e-06 trig=  9.59583e-07
tp6                 =  4.88563e-07 targ=  1.46691e-06 trig=  9.78345e-07
tp7                 =  4.40177e-07 targ=  1.43194e-06 trig=  9.91762e-07
f1                  =  3.90464e+06
f2                  =  4.71535e+06
f3                  =  5.55745e+06
f4                  =  6.41123e+06
f5                  =  7.29328e+06
f6                  =  8.18727e+06
f7                  =  9.08725e+06
i1                  =  5.48447e-05 from=  8.88889e-07 to=  2.44444e-06
i2                  =  6.10545e-05 from=  8.88889e-07 to=  2.44444e-06
i3                  =  6.65230e-05 from=  8.88889e-07 to=  2.44444e-06
i4                  =  7.09713e-05 from=  8.88889e-07 to=  2.44444e-06
i5                  =  7.50590e-05 from=  8.88889e-07 to=  2.44444e-06
i6                  =  8.19921e-05 from=  8.88889e-07 to=  2.44444e-06
i7                  =  8.61297e-05 from=  8.88889e-07 to=  2.44444e-06
sw1hi               =  3.34746e+00 at=  1.02464e-06
sw1lo               =  -3.76043e-02 at=  1.65421e-06
sw7hi               =  3.38375e+00 at=  2.42422e-06
sw7lo               =  -5.95407e-02 at=  1.37329e-06


Total analysis time (seconds) = 374.035

Total elapsed time (seconds) = 383.628 

Total DRAM available = 98304.000 MB.
DRAM currently available = 13374.469 MB.
Maximum ngspice program size =   24.219 MB.
Current ngspice program size =   24.219 MB.


======== band 1 :: generated deck (ff_27c_3.30v) ========
* GENERATED by simenv.sh -- do not edit; edit /Users/rwalters/GitHub/gf180-pll/.loom/worktrees/issue-32/sim/vco-tuning-range/testbench/tb_vco_tuning.sp instead
* tag=ff_T27_V3p30_B1 libs=ff,res_typical,moscap_typical temp=27C
.include "/Users/rwalters/.volare/gf180mcuD/libs.tech/ngspice/design.ngspice"
.lib "/Users/rwalters/.volare/gf180mcuD/libs.tech/ngspice/sm141064.ngspice" ff
.lib "/Users/rwalters/.volare/gf180mcuD/libs.tech/ngspice/sm141064.ngspice" res_typical
.lib "/Users/rwalters/.volare/gf180mcuD/libs.tech/ngspice/sm141064.ngspice" moscap_typical
.temp 27
.param sim_temp=27
.param vsup=3.30
.param b0v=1*3.30
.param b1v=0*3.30
.param b2v=0*3.30
.param tsettle=5.38721e-07
.param tstop=1.48148e-06
.param tstep=7.15353e-10
.param tmax=7.15353e-10
.include "/Users/rwalters/GitHub/gf180-pll/.loom/worktrees/issue-32/sim/vco-tuning-range/testbench/tb_vco_tuning.sp"
.end

======== band 1 :: ngspice output ========

Note: Compatibility modes selected: hs a

Warning: m=xx on .subckt line will override multiplier m hierarchy!


Circuit: * generated by simenv.sh -- do not edit; edit /users/rwalters/github/gf180-pll/.loom/worktrees/issue-32/sim/vco-tuning-range/testbench/tb_vco_tuning.sp instead

Doing analysis at TEMP = 27.000000 and TNOM = 27.000000

Using SPARSE 1.3 as Direct Linear Solver

Initial Transient Solution
--------------------------

Node                                   Voltage
----                                   -------
vdd                                        3.3
nb0                                        3.3
nb1                                          0
nb2                                          0
vc1                                        0.9
vc2                                        1.2
vc3                                        1.5
vc4                                        1.8
vc5                                        2.1
vc6                                        2.4
vc7                                        2.7
nv1                                        3.3
nv2                                        3.3
nv3                                        3.3
nv4                                        3.3
nv5                                        3.3
nv6                                        3.3
nv7                                        3.3
x1.xbias.na                           0.817323
x1.xbias.vbpc                          2.46491
x1.xbias.nc                           0.116926
x1.xbias.xrcg.11                      0.116704
x1.xbias.xrcg.21                   0.000221579
x1.xbias.nsu                         0.0157954
x1.xbias.vfix                           1.4849
x1.xbias.nmd                          0.641668
x1.xbias.vbp0                          2.58349
x1.xbias.noff                         0.658663
x1.xbias.xroff.11                     0.658445
x1.xbias.xroff.21                  0.000218319
x1.xbias.nvi                          0.251121
x1.xbias.xrdeg.11                     0.251038
x1.xbias.xrdeg.21                   8.3236e-05
x1.xbias.b0b                       5.72155e-09
x1.xbias.b1b                               3.3
x1.xbias.b2b                               3.3
x1.xbias.vbn1                         0.625036
x1.xbias.ga                            2.58349
x1.xbias.vbp2                          2.57054
x1.xbias.gb                        2.26114e-10
x1.vbn                                0.588322
x1.xbias.gc                                3.3
x1.vbp                                 2.59341
x1.xs1.nh                              1.05105
x1.y1                                        0
x1.y5                                        0
x1.xs1.nt                          9.09582e-18
x1.xs2.nh                                  3.3
x1.y2                                      3.3
x1.xs2.nt                          6.00916e-07
x1.xs3.nh                                  3.3
x1.y3                                        0
x1.xs3.nt                         -2.29291e-59
x1.xs4.nh                                  3.3
x1.y4                                      3.3
x1.xs4.nt                          6.00916e-07
x1.xs5.nh                                  3.3
x1.xs5.nt                         -2.29291e-59
x1.nb1                                     3.3
x1.nb2                              4.2703e-09
clk1                                       3.3
x1.xcdec1.c_moscap_int1                   -3.3
x1.xcdec2.c_moscap_int1                   -3.3
x2.xbias.na                           0.817323
x2.xbias.vbpc                          2.46491
x2.xbias.nc                           0.116926
x2.xbias.xrcg.11                      0.116704
x2.xbias.xrcg.21                   0.000221579
x2.xbias.nsu                         0.0157954
x2.xbias.vfix                           1.4849
x2.xbias.nmd                          0.641668
x2.xbias.vbp0                          2.57045
x2.xbias.noff                         0.658642
x2.xbias.xroff.11                     0.658424
x2.xbias.xroff.21                  0.000218312
x2.xbias.nvi                           0.45502
x2.xbias.xrdeg.11                     0.454869
x2.xbias.xrdeg.21                   0.00015082
x2.xbias.b0b                       5.72155e-09
x2.xbias.b1b                               3.3
x2.xbias.b2b                               3.3
x2.xbias.vbn1                          0.63815
x2.xbias.ga                            2.57045
x2.xbias.vbp2                          2.55733
x2.xbias.gb                        2.26701e-10
x2.vbn                                 0.59871
x2.xbias.gc                                3.3
x2.vbp                                  2.5824
x2.xs1.nh                              1.06058
x2.y1                                        0
x2.y5                                        0
x2.xs1.nt                          6.88662e-18
x2.xs2.nh                                  3.3
x2.y2                                      3.3
x2.xs2.nt                          5.20052e-07
x2.xs3.nh                                  3.3
x2.y3                                        0
x2.xs3.nt                          -4.1083e-47
x2.xs4.nh                                  3.3
x2.y4                                      3.3
x2.xs4.nt                          5.20052e-07
x2.xs5.nh                                  3.3
x2.xs5.nt                          -4.1083e-47
x2.nb1                                     3.3
x2.nb2                              4.2703e-09
clk2                                       3.3
x2.xcdec1.c_moscap_int1                   -3.3
x2.xcdec2.c_moscap_int1                   -3.3
x3.xbias.na                           0.817323
x3.xbias.vbpc                          2.46491
x3.xbias.nc                           0.116926
x3.xbias.xrcg.11                      0.116704
x3.xbias.xrcg.21                   0.000221579
x3.xbias.nsu                         0.0157954
x3.xbias.vfix                           1.4849
x3.xbias.nmd                          0.641668
x3.xbias.vbp0                          2.55848
x3.xbias.noff                         0.658622
x3.xbias.xroff.11                     0.658404
x3.xbias.xroff.21                  0.000218305
x3.xbias.nvi                          0.669605
x3.xbias.xrdeg.11                     0.669383
x3.xbias.xrdeg.21                  0.000221945
x3.xbias.b0b                       5.72155e-09
x3.xbias.b1b                               3.3
x3.xbias.b2b                               3.3
x3.xbias.vbn1                         0.650225
x3.xbias.ga                            2.55848
x3.xbias.vbp2                          2.54516
x3.xbias.gb                        2.27239e-10
x3.vbn                                0.608107
x3.xbias.gc                                3.3
x3.vbp                                 2.57237
x3.xs1.nh                              1.06928
x3.y1                                        0
x3.y5                                        0
x3.xs1.nt                          3.53507e-18
x3.xs2.nh                                  3.3
x3.y2                                      3.3
x3.xs2.nt                          4.59575e-07
x3.xs3.nh                                  3.3
x3.y3                                        0
x3.xs3.nt                          5.66603e-47
x3.xs4.nh                                  3.3
x3.y4                                      3.3
x3.xs4.nt                          4.59575e-07
x3.xs5.nh                                  3.3
x3.xs5.nt                          5.66603e-47
x3.nb1                                     3.3
x3.nb2                              4.2703e-09
clk3                                       3.3
x3.xcdec1.c_moscap_int1                   -3.3
x3.xcdec2.c_moscap_int1                   -3.3
x4.xbias.na                           0.817323
x4.xbias.vbpc                          2.46491
x4.xbias.nc                           0.116926
x4.xbias.xrcg.11                      0.116704
x4.xbias.xrcg.21                   0.000221579
x4.xbias.nsu                         0.0157954
x4.xbias.vfix                           1.4849
x4.xbias.nmd                          0.641668
x4.xbias.vbp0                          2.54748
x4.xbias.noff                         0.658604
x4.xbias.xroff.11                     0.658386
x4.xbias.xroff.21                  0.000218299
x4.xbias.nvi                          0.891105
x4.xbias.xrdeg.11                      0.89081
x4.xbias.xrdeg.21                  0.000295363
x4.xbias.b0b                       5.72155e-09
x4.xbias.b1b                               3.3
x4.xbias.b2b                               3.3
x4.xbias.vbn1                         0.661353
x4.xbias.ga                            2.54748
x4.xbias.vbp2                          2.53394
x4.xbias.gb                        2.27734e-10
x4.vbn                                 0.61663
x4.xbias.gc                                3.3
x4.vbp                                 2.56323
x4.xs1.nh                              1.07722
x4.y1                                        0
x4.y5                                        0
x4.xs1.nt                         -7.35431e-18
x4.xs2.nh                                  3.3
x4.y2                                      3.3
x4.xs2.nt                          4.13143e-07
x4.xs3.nh                                  3.3
x4.y3                                        0
x4.xs3.nt                          7.25128e-47
x4.xs4.nh                                  3.3
x4.y4                                      3.3
x4.xs4.nt                          4.13143e-07
x4.xs5.nh                                  3.3
x4.xs5.nt                          7.25128e-47
x4.nb1                                     3.3
x4.nb2                              4.2703e-09
clk4                                       3.3
x4.xcdec1.c_moscap_int1                   -3.3
x4.xcdec2.c_moscap_int1                   -3.3
x5.xbias.na                           0.817323
x5.xbias.vbpc                          2.46491
x5.xbias.nc                           0.116926
x5.xbias.xrcg.11                      0.116704
x5.xbias.xrcg.21                   0.000221579
x5.xbias.nsu                         0.0157954
x5.xbias.vfix                           1.4849
x5.xbias.nmd                          0.641668
x5.xbias.vbp0                          2.53729
x5.xbias.noff                         0.658587
x5.xbias.xroff.11                     0.658369
x5.xbias.xroff.21                  0.000218293
x5.xbias.nvi                            1.1178
x5.xbias.xrdeg.11                      1.11743
x5.xbias.xrdeg.21                  0.000370503
x5.xbias.b0b                       5.72155e-09
x5.xbias.b1b                               3.3
x5.xbias.b2b                               3.3
x5.xbias.vbn1                         0.671684
x5.xbias.ga                            2.53729
x5.xbias.vbp2                          2.52353
x5.xbias.gb                        2.28193e-10
x5.vbn                                0.624432
x5.xbias.gc                                3.3
x5.vbp                                 2.55482
x5.xs1.nh                              1.08454
x5.y1                                        0
x5.y5                                        0
x5.xs1.nt                            5.683e-18
x5.xs2.nh                                  3.3
x5.y2                                      3.3
x5.xs2.nt                          3.76463e-07
x5.xs3.nh                                  3.3
x5.y3                                        0
x5.xs3.nt                         -1.04346e-59
x5.xs4.nh                                  3.3
x5.y4                                      3.3
x5.xs4.nt                          3.76463e-07
x5.xs5.nh                                  3.3
x5.xs5.nt                         -1.04346e-59
x5.nb1                                     3.3
x5.nb2                              4.2703e-09
clk5                                       3.3
x5.xcdec1.c_moscap_int1                   -3.3
x5.xcdec2.c_moscap_int1                   -3.3
x6.xbias.na                           0.817323
x6.xbias.vbpc                          2.46491
x6.xbias.nc                           0.116926
x6.xbias.xrcg.11                      0.116704
x6.xbias.xrcg.21                   0.000221579
x6.xbias.nsu                         0.0157954
x6.xbias.vfix                           1.4849
x6.xbias.nmd                          0.641668
x6.xbias.vbp0                          2.52777
x6.xbias.noff                         0.658571
x6.xbias.xroff.11                     0.658353
x6.xbias.xroff.21                  0.000218288
x6.xbias.nvi                           1.34868
x6.xbias.xrdeg.11                      1.34824
x6.xbias.xrdeg.21                  0.000447031
x6.xbias.b0b                       5.72155e-09
x6.xbias.b1b                               3.3
x6.xbias.b2b                               3.3
x6.xbias.vbn1                          0.68135
x6.xbias.ga                            2.52777
x6.xbias.vbp2                          2.51377
x6.xbias.gb                        2.28621e-10
x6.vbn                                0.631638
x6.xbias.gc                                3.3
x6.vbp                                 2.54701
x6.xs1.nh                              1.09135
x6.y1                                        0
x6.y5                                        0
x6.xs1.nt                          5.82686e-18
x6.xs2.nh                                  3.3
x6.y2                                      3.3
x6.xs2.nt                          3.46755e-07
x6.xs3.nh                                  3.3
x6.y3                                        0
x6.xs3.nt                          1.27452e-59
x6.xs4.nh                                  3.3
x6.y4                                      3.3
x6.xs4.nt                          3.46755e-07
x6.xs5.nh                                  3.3
x6.xs5.nt                          1.27452e-59
x6.nb1                                     3.3
x6.nb2                              4.2703e-09
clk6                                       3.3
x6.xcdec1.c_moscap_int1                   -3.3
x6.xcdec2.c_moscap_int1                   -3.3
x7.xbias.na                           0.817323
x7.xbias.vbpc                          2.46491
x7.xbias.nc                           0.116926
x7.xbias.xrcg.11                      0.116704
x7.xbias.xrcg.21                   0.000221579
x7.xbias.nsu                         0.0157954
x7.xbias.vfix                           1.4849
x7.xbias.nmd                          0.641668
x7.xbias.vbp0                          2.51881
x7.xbias.noff                         0.658557
x7.xbias.xroff.11                     0.658338
x7.xbias.xroff.21                  0.000218283
x7.xbias.nvi                           1.58307
x7.xbias.xrdeg.11                      1.58255
x7.xbias.xrdeg.21                   0.00052472
x7.xbias.b0b                       5.72155e-09
x7.xbias.b1b                               3.3
x7.xbias.b2b                               3.3
x7.xbias.vbn1                         0.690455
x7.xbias.ga                            2.51881
x7.xbias.vbp2                          2.50458
x7.xbias.gb                        2.29024e-10
x7.vbn                                0.638347
x7.xbias.gc                                3.3
x7.vbp                                 2.53971
x7.xs1.nh                              1.09773
x7.y1                                        0
x7.y5                                        0
x7.xs1.nt                         -3.38392e-18
x7.xs2.nh                                  3.3
x7.y2                                      3.3
x7.xs2.nt                          3.22188e-07
x7.xs3.nh                                  3.3
x7.y3                                        0
x7.xs3.nt                         -8.56426e-60
x7.xs4.nh                                  3.3
x7.y4                                      3.3
x7.xs4.nt                          3.22188e-07
x7.xs5.nh                                  3.3
x7.xs5.nt                         -8.56426e-60
x7.nb1                                     3.3
x7.nb2                              4.2703e-09
clk7                                       3.3
x7.xcdec1.c_moscap_int1                   -3.3
x7.xcdec2.c_moscap_int1                   -3.3
e.x7.xcdec2.ec_moscap#branch                 0
e.x7.xcdec1.ec_moscap#branch                 0
e.x6.xcdec2.ec_moscap#branch                 0
e.x6.xcdec1.ec_moscap#branch                 0
e.x5.xcdec2.ec_moscap#branch                 0
e.x5.xcdec1.ec_moscap#branch                 0
e.x4.xcdec2.ec_moscap#branch                 0
e.x4.xcdec1.ec_moscap#branch                 0
e.x3.xcdec2.ec_moscap#branch                 0
e.x3.xcdec1.ec_moscap#branch                 0
e.x2.xcdec2.ec_moscap#branch                 0
e.x2.xcdec1.ec_moscap#branch                 0
e.x1.xcdec2.ec_moscap#branch                 0
e.x1.xcdec1.ec_moscap#branch                 0
vs7#branch                         8.07247e-05
vs6#branch                         7.41408e-05
vs5#branch                         6.76366e-05
vs4#branch                         6.12292e-05
vs3#branch                         5.49448e-05
vs2#branch                         4.88299e-05
vs1#branch                         4.29874e-05
vv7#branch                                   0
vv6#branch                                   0
vv5#branch                                   0
vv4#branch                                   0
vv3#branch                                   0
vv2#branch                                   0
vv1#branch                                   0
vb2#branch                                   0
vb1#branch                                   0
vb0#branch                                   0
vdd#branch                        -0.000430493


No. of Data Rows : 2574

  Measurements for Transient Analysis

tp1                 =  6.39166e-07 targ=  1.27838e-06 trig=  6.39211e-07
tp2                 =  5.28789e-07 targ=  1.19017e-06 trig=  6.61383e-07
tp3                 =  4.48475e-07 targ=  1.00877e-06 trig=  5.60295e-07
tp4                 =  3.87653e-07 targ=  9.69097e-07 trig=  5.81444e-07
tp5                 =  3.40898e-07 targ=  9.37067e-07 trig=  5.96169e-07
tp6                 =  3.03655e-07 targ=  9.10184e-07 trig=  6.06529e-07
tp7                 =  2.73004e-07 targ=  8.19350e-07 trig=  5.46346e-07
f1                  =  6.25816e+06
f2                  =  7.56446e+06
f3                  =  8.91910e+06
f4                  =  1.03185e+07
f5                  =  1.17337e+07
f6                  =  1.31729e+07
f7                  =  1.46518e+07
i1                  =  6.45361e-05 from=  5.38721e-07 to=  1.48148e-06
i2                  =  6.97656e-05 from=  5.38721e-07 to=  1.48148e-06
i3                  =  7.94543e-05 from=  5.38721e-07 to=  1.48148e-06
i4                  =  8.44074e-05 from=  5.38721e-07 to=  1.48148e-06
i5                  =  9.20569e-05 from=  5.38721e-07 to=  1.48148e-06
i6                  =  9.91437e-05 from=  5.38721e-07 to=  1.48148e-06
i7                  =  1.08485e-04 from=  5.38721e-07 to=  1.48148e-06
sw1hi               =  3.35440e+00 at=  6.39875e-07
sw1lo               =  -5.85882e-02 at=  5.53243e-07
sw7hi               =  3.36743e+00 at=  1.02447e-06
sw7lo               =  -7.76031e-02 at=  9.87484e-07


Total analysis time (seconds) = 346.983

Total elapsed time (seconds) = 356.136 

Total DRAM available = 98304.000 MB.
DRAM currently available = 12708.828 MB.
Maximum ngspice program size =   24.156 MB.
Current ngspice program size =   24.156 MB.


======== band 2 :: generated deck (ff_27c_3.30v) ========
* GENERATED by simenv.sh -- do not edit; edit /Users/rwalters/GitHub/gf180-pll/.loom/worktrees/issue-32/sim/vco-tuning-range/testbench/tb_vco_tuning.sp instead
* tag=ff_T27_V3p30_B2 libs=ff,res_typical,moscap_typical temp=27C
.include "/Users/rwalters/.volare/gf180mcuD/libs.tech/ngspice/design.ngspice"
.lib "/Users/rwalters/.volare/gf180mcuD/libs.tech/ngspice/sm141064.ngspice" ff
.lib "/Users/rwalters/.volare/gf180mcuD/libs.tech/ngspice/sm141064.ngspice" res_typical
.lib "/Users/rwalters/.volare/gf180mcuD/libs.tech/ngspice/sm141064.ngspice" moscap_typical
.temp 27
.param sim_temp=27
.param vsup=3.30
.param b0v=0*3.30
.param b1v=1*3.30
.param b2v=0*3.30
.param tsettle=3.26499e-07
.param tstop=8.97871e-07
.param tstep=4.33548e-10
.param tmax=4.33548e-10
.include "/Users/rwalters/GitHub/gf180-pll/.loom/worktrees/issue-32/sim/vco-tuning-range/testbench/tb_vco_tuning.sp"
.end

======== band 2 :: ngspice output ========

Note: Compatibility modes selected: hs a

Warning: m=xx on .subckt line will override multiplier m hierarchy!


Circuit: * generated by simenv.sh -- do not edit; edit /users/rwalters/github/gf180-pll/.loom/worktrees/issue-32/sim/vco-tuning-range/testbench/tb_vco_tuning.sp instead

Doing analysis at TEMP = 27.000000 and TNOM = 27.000000

Using SPARSE 1.3 as Direct Linear Solver

Initial Transient Solution
--------------------------

Node                                   Voltage
----                                   -------
vdd                                        3.3
nb0                                          0
nb1                                        3.3
nb2                                          0
vc1                                        0.9
vc2                                        1.2
vc3                                        1.5
vc4                                        1.8
vc5                                        2.1
vc6                                        2.4
vc7                                        2.7
nv1                                        3.3
nv2                                        3.3
nv3                                        3.3
nv4                                        3.3
nv5                                        3.3
nv6                                        3.3
nv7                                        3.3
x1.xbias.na                           0.817323
x1.xbias.vbpc                          2.46491
x1.xbias.nc                           0.116926
x1.xbias.xrcg.11                      0.116704
x1.xbias.xrcg.21                   0.000221579
x1.xbias.nsu                         0.0157954
x1.xbias.vfix                           1.4849
x1.xbias.nmd                          0.641668
x1.xbias.vbp0                          2.58349
x1.xbias.noff                         0.658663
x1.xbias.xroff.11                     0.658445
x1.xbias.xroff.21                  0.000218319
x1.xbias.nvi                          0.251121
x1.xbias.xrdeg.11                     0.251038
x1.xbias.xrdeg.21                   8.3236e-05
x1.xbias.b0b                               3.3
x1.xbias.b1b                       5.72155e-09
x1.xbias.b2b                               3.3
x1.xbias.vbn1                         0.595052
x1.xbias.ga                                3.3
x1.xbias.vbp2                          2.53345
x1.xbias.gb                           0.595052
x1.vbn                                0.617004
x1.xbias.gc                                3.3
x1.vbp                                 2.56283
x1.xs1.nh                              1.07757
x1.y1                                        0
x1.y5                                        0
x1.xs1.nt                         -6.31545e-33
x1.xs2.nh                                  3.3
x1.y2                                      3.3
x1.xs2.nt                          4.11266e-07
x1.xs3.nh                                  3.3
x1.y3                                        0
x1.xs3.nt                         -9.56522e-60
x1.xs4.nh                                  3.3
x1.y4                                      3.3
x1.xs4.nt                          4.11266e-07
x1.xs5.nh                                  3.3
x1.xs5.nt                         -9.56522e-60
x1.nb1                                     3.3
x1.nb2                              4.2703e-09
clk1                                       3.3
x1.xcdec1.c_moscap_int1                   -3.3
x1.xcdec2.c_moscap_int1                   -3.3
x2.xbias.na                           0.817323
x2.xbias.vbpc                          2.46491
x2.xbias.nc                           0.116926
x2.xbias.xrcg.11                      0.116704
x2.xbias.xrcg.21                   0.000221579
x2.xbias.nsu                         0.0157954
x2.xbias.vfix                           1.4849
x2.xbias.nmd                          0.641668
x2.xbias.vbp0                          2.57045
x2.xbias.noff                         0.658642
x2.xbias.xroff.11                     0.658424
x2.xbias.xroff.21                  0.000218312
x2.xbias.nvi                           0.45502
x2.xbias.xrdeg.11                     0.454869
x2.xbias.xrdeg.21                   0.00015082
x2.xbias.b0b                               3.3
x2.xbias.b1b                       5.72155e-09
x2.xbias.b2b                               3.3
x2.xbias.vbn1                         0.606609
x2.xbias.ga                                3.3
x2.xbias.vbp2                          2.51789
x2.xbias.gb                           0.606609
x2.vbn                                0.628609
x2.xbias.gc                                3.3
x2.vbp                                  2.5503
x2.xs1.nh                              1.08849
x2.y1                                        0
x2.y5                                        0
x2.xs1.nt                          1.84551e-59
x2.xs2.nh                                  3.3
x2.y2                                      3.3
x2.xs2.nt                          3.58792e-07
x2.xs3.nh                                  3.3
x2.y3                                        0
x2.xs3.nt                          3.9689e-101
x2.xs4.nh                                  3.3
x2.y4                                      3.3
x2.xs4.nt                          3.58792e-07
x2.xs5.nh                                  3.3
x2.xs5.nt                          3.9689e-101
x2.nb1                                     3.3
x2.nb2                              4.2703e-09
clk2                                       3.3
x2.xcdec1.c_moscap_int1                   -3.3
x2.xcdec2.c_moscap_int1                   -3.3
x3.xbias.na                           0.817323
x3.xbias.vbpc                          2.46491
x3.xbias.nc                           0.116926
x3.xbias.xrcg.11                      0.116704
x3.xbias.xrcg.21                   0.000221579
x3.xbias.nsu                         0.0157954
x3.xbias.vfix                           1.4849
x3.xbias.nmd                          0.641668
x3.xbias.vbp0                          2.55848
x3.xbias.noff                         0.658622
x3.xbias.xroff.11                     0.658404
x3.xbias.xroff.21                  0.000218305
x3.xbias.nvi                          0.669605
x3.xbias.xrdeg.11                     0.669383
x3.xbias.xrdeg.21                  0.000221945
x3.xbias.b0b                               3.3
x3.xbias.b1b                       5.72155e-09
x3.xbias.b2b                               3.3
x3.xbias.vbn1                         0.617141
x3.xbias.ga                                3.3
x3.xbias.vbp2                          2.50339
x3.xbias.gb                           0.617141
x3.vbn                                0.639205
x3.xbias.gc                                3.3
x3.vbp                                 2.53877
x3.xs1.nh                              1.09855
x3.y1                                        0
x3.y5                                        0
x3.xs1.nt                          1.12651e-17
x3.xs2.nh                                  3.3
x3.y2                                      3.3
x3.xs2.nt                          3.19241e-07
x3.xs3.nh                                  3.3
x3.y3                                        0
x3.xs3.nt                         -4.66702e-47
x3.xs4.nh                                  3.3
x3.y4                                      3.3
x3.xs4.nt                          3.19241e-07
x3.xs5.nh                                  3.3
x3.xs5.nt                         -4.66702e-47
x3.nb1                                     3.3
x3.nb2                              4.2703e-09
clk3                                       3.3
x3.xcdec1.c_moscap_int1                   -3.3
x3.xcdec2.c_moscap_int1                   -3.3
x4.xbias.na                           0.817323
x4.xbias.vbpc                          2.46491
x4.xbias.nc                           0.116926
x4.xbias.xrcg.11                      0.116704
x4.xbias.xrcg.21                   0.000221579
x4.xbias.nsu                         0.0157954
x4.xbias.vfix                           1.4849
x4.xbias.nmd                          0.641668
x4.xbias.vbp0                          2.54748
x4.xbias.noff                         0.658604
x4.xbias.xroff.11                     0.658386
x4.xbias.xroff.21                  0.000218299
x4.xbias.nvi                          0.891105
x4.xbias.xrdeg.11                      0.89081
x4.xbias.xrdeg.21                  0.000295363
x4.xbias.b0b                               3.3
x4.xbias.b1b                       5.72155e-09
x4.xbias.b2b                               3.3
x4.xbias.vbn1                         0.626758
x4.xbias.ga                                3.3
x4.xbias.vbp2                           2.4899
x4.xbias.gb                           0.626758
x4.vbn                                0.648897
x4.xbias.gc                                3.3
x4.vbp                                 2.52816
x4.xs1.nh                              1.10783
x4.y1                                        0
x4.y5                                        0
x4.xs1.nt                          7.13475e-67
x4.xs2.nh                                  3.3
x4.y2                                      3.3
x4.xs2.nt                          2.88665e-07
x4.xs3.nh                                  3.3
x4.y3                                        0
x4.xs3.nt                        -2.74831e-128
x4.xs4.nh                                  3.3
x4.y4                                      3.3
x4.xs4.nt                          2.88665e-07
x4.xs5.nh                                  3.3
x4.xs5.nt                        -2.74831e-128
x4.nb1                                     3.3
x4.nb2                              4.2703e-09
clk4                                       3.3
x4.xcdec1.c_moscap_int1                   -3.3
x4.xcdec2.c_moscap_int1                   -3.3
x5.xbias.na                           0.817323
x5.xbias.vbpc                          2.46491
x5.xbias.nc                           0.116926
x5.xbias.xrcg.11                      0.116704
x5.xbias.xrcg.21                   0.000221579
x5.xbias.nsu                         0.0157954
x5.xbias.vfix                           1.4849
x5.xbias.nmd                          0.641668
x5.xbias.vbp0                          2.53729
x5.xbias.noff                         0.658587
x5.xbias.xroff.11                     0.658369
x5.xbias.xroff.21                  0.000218293
x5.xbias.nvi                            1.1178
x5.xbias.xrdeg.11                      1.11743
x5.xbias.xrdeg.21                  0.000370503
x5.xbias.b0b                               3.3
x5.xbias.b1b                       5.72155e-09
x5.xbias.b2b                               3.3
x5.xbias.vbn1                         0.635616
x5.xbias.ga                                3.3
x5.xbias.vbp2                          2.47725
x5.xbias.gb                           0.635616
x5.vbn                                0.657837
x5.xbias.gc                                3.3
x5.vbp                                 2.51831
x5.xs1.nh                              1.11647
x5.y1                                        0
x5.y5                                        0
x5.xs1.nt                         -1.66599e-67
x5.xs2.nh                                  3.3
x5.y2                                      3.3
x5.xs2.nt                          2.64361e-07
x5.xs3.nh                                  3.3
x5.y3                                        0
x5.xs3.nt                        -2.30489e-128
x5.xs4.nh                                  3.3
x5.y4                                      3.3
x5.xs4.nt                          2.64361e-07
x5.xs5.nh                                  3.3
x5.xs5.nt                        -2.30489e-128
x5.nb1                                     3.3
x5.nb2                              4.2703e-09
clk5                                       3.3
x5.xcdec1.c_moscap_int1                   -3.3
x5.xcdec2.c_moscap_int1                   -3.3
x6.xbias.na                           0.817323
x6.xbias.vbpc                          2.46491
x6.xbias.nc                           0.116926
x6.xbias.xrcg.11                      0.116704
x6.xbias.xrcg.21                   0.000221579
x6.xbias.nsu                         0.0157954
x6.xbias.vfix                           1.4849
x6.xbias.nmd                          0.641668
x6.xbias.vbp0                          2.52777
x6.xbias.noff                         0.658571
x6.xbias.xroff.11                     0.658353
x6.xbias.xroff.21                  0.000218288
x6.xbias.nvi                           1.34868
x6.xbias.xrdeg.11                      1.34824
x6.xbias.xrdeg.21                  0.000447031
x6.xbias.b0b                               3.3
x6.xbias.b1b                       5.72155e-09
x6.xbias.b2b                               3.3
x6.xbias.vbn1                         0.643843
x6.xbias.ga                                3.3
x6.xbias.vbp2                          2.46533
x6.xbias.gb                           0.643843
x6.vbn                                0.666152
x6.xbias.gc                                3.3
x6.vbp                                 2.50909
x6.xs1.nh                              1.12456
x6.y1                                        0
x6.y5                                        0
x6.xs1.nt                          1.16605e-24
x6.xs2.nh                                  3.3
x6.y2                                      3.3
x6.xs2.nt                          2.44569e-07
x6.xs3.nh                                  3.3
x6.y3                                        0
x6.xs3.nt                         -1.07579e-61
x6.xs4.nh                                  3.3
x6.y4                                      3.3
x6.xs4.nt                          2.44569e-07
x6.xs5.nh                                  3.3
x6.xs5.nt                         -1.07579e-61
x6.nb1                                     3.3
x6.nb2                              4.2703e-09
clk6                                       3.3
x6.xcdec1.c_moscap_int1                   -3.3
x6.xcdec2.c_moscap_int1                   -3.3
x7.xbias.na                           0.817323
x7.xbias.vbpc                          2.46491
x7.xbias.nc                           0.116926
x7.xbias.xrcg.11                      0.116704
x7.xbias.xrcg.21                   0.000221579
x7.xbias.nsu                         0.0157954
x7.xbias.vfix                           1.4849
x7.xbias.nmd                          0.641668
x7.xbias.vbp0                          2.51881
x7.xbias.noff                         0.658557
x7.xbias.xroff.11                     0.658338
x7.xbias.xroff.21                  0.000218283
x7.xbias.nvi                           1.58307
x7.xbias.xrdeg.11                      1.58255
x7.xbias.xrdeg.21                   0.00052472
x7.xbias.b0b                               3.3
x7.xbias.b1b                       5.72155e-09
x7.xbias.b2b                               3.3
x7.xbias.vbn1                         0.651544
x7.xbias.ga                                3.3
x7.xbias.vbp2                          2.45401
x7.xbias.gb                           0.651544
x7.vbn                                0.673944
x7.xbias.gc                                3.3
x7.vbp                                 2.50041
x7.xs1.nh                              1.13219
x7.y1                                        0
x7.y5                                        0
x7.xs1.nt                          2.01999e-24
x7.xs2.nh                                  3.3
x7.y2                                      3.3
x7.xs2.nt                          2.28121e-07
x7.xs3.nh                                  3.3
x7.y3                                        0
x7.xs3.nt                         -7.71055e-60
x7.xs4.nh                                  3.3
x7.y4                                      3.3
x7.xs4.nt                          2.28121e-07
x7.xs5.nh                                  3.3
x7.xs5.nt                         -7.71055e-60
x7.nb1                                     3.3
x7.nb2                              4.2703e-09
clk7                                       3.3
x7.xcdec1.c_moscap_int1                   -3.3
x7.xcdec2.c_moscap_int1                   -3.3
e.x7.xcdec2.ec_moscap#branch                 0
e.x7.xcdec1.ec_moscap#branch                 0
e.x6.xcdec2.ec_moscap#branch                 0
e.x6.xcdec1.ec_moscap#branch                 0
e.x5.xcdec2.ec_moscap#branch                 0
e.x5.xcdec1.ec_moscap#branch                 0
e.x4.xcdec2.ec_moscap#branch                 0
e.x4.xcdec1.ec_moscap#branch                 0
e.x3.xcdec2.ec_moscap#branch                 0
e.x3.xcdec1.ec_moscap#branch                 0
e.x2.xcdec2.ec_moscap#branch                 0
e.x2.xcdec1.ec_moscap#branch                 0
e.x1.xcdec2.ec_moscap#branch                 0
e.x1.xcdec1.ec_moscap#branch                 0
vs7#branch                         9.18766e-05
vs6#branch                         8.42384e-05
vs5#branch                         7.66854e-05
vs4#branch                         6.92367e-05
vs3#branch                         6.19217e-05
vs2#branch                          5.4793e-05
vs1#branch                         4.79694e-05
vv7#branch                                   0
vv6#branch                                   0
vv5#branch                                   0
vv4#branch                                   0
vv3#branch                                   0
vv2#branch                                   0
vv1#branch                                   0
vb2#branch                                   0
vb1#branch                                   0
vb0#branch                                   0
vdd#branch                        -0.000486721


No. of Data Rows : 2693

  Measurements for Transient Analysis

tp1                 =  3.85212e-07 targ=  7.70544e-07 trig=  3.85332e-07
tp2                 =  3.18037e-07 targ=  7.16101e-07 trig=  3.98065e-07
tp3                 =  2.69406e-07 targ=  6.06173e-07 trig=  3.36767e-07
tp4                 =  2.32563e-07 targ=  5.81434e-07 trig=  3.48872e-07
tp5                 =  2.04135e-07 targ=  5.61264e-07 trig=  3.57129e-07
tp6                 =  1.81295e-07 targ=  5.44335e-07 trig=  3.63040e-07
tp7                 =  1.63082e-07 targ=  5.29969e-07 trig=  3.66887e-07
f1                  =  1.03839e+07
f2                  =  1.25772e+07
f3                  =  1.48475e+07
f4                  =  1.71997e+07
f5                  =  1.95949e+07
f6                  =  2.20635e+07
f7                  =  2.45276e+07
i1                  =  7.17575e-05 from=  3.26499e-07 to=  8.97871e-07
i2                  =  7.88574e-05 from=  3.26499e-07 to=  8.97871e-07
i3                  =  8.76027e-05 from=  3.26499e-07 to=  8.97871e-07
i4                  =  9.62403e-05 from=  3.26499e-07 to=  8.97871e-07
i5                  =  1.06264e-04 from=  3.26499e-07 to=  8.97871e-07
i6                  =  1.16054e-04 from=  3.26499e-07 to=  8.97871e-07
i7                  =  1.24896e-04 from=  3.26499e-07 to=  8.97871e-07
sw1hi               =  3.37337e+00 at=  4.82230e-07
sw1lo               =  -8.14260e-02 at=  8.15117e-07
sw7hi               =  3.40991e+00 at=  4.07914e-07
sw7lo               =  -9.36495e-02 at=  8.34289e-07


Total analysis time (seconds) = 349.151

Total elapsed time (seconds) = 358.476 

Total DRAM available = 98304.000 MB.
DRAM currently available = 11954.234 MB.
Maximum ngspice program size =   24.203 MB.
Current ngspice program size =   24.203 MB.


======== band 3 :: generated deck (ff_27c_3.30v) ========
* GENERATED by simenv.sh -- do not edit; edit /Users/rwalters/GitHub/gf180-pll/.loom/worktrees/issue-32/sim/vco-tuning-range/testbench/tb_vco_tuning.sp instead
* tag=ff_T27_V3p30_B3 libs=ff,res_typical,moscap_typical temp=27C
.include "/Users/rwalters/.volare/gf180mcuD/libs.tech/ngspice/design.ngspice"
.lib "/Users/rwalters/.volare/gf180mcuD/libs.tech/ngspice/sm141064.ngspice" ff
.lib "/Users/rwalters/.volare/gf180mcuD/libs.tech/ngspice/sm141064.ngspice" res_typical
.lib "/Users/rwalters/.volare/gf180mcuD/libs.tech/ngspice/sm141064.ngspice" moscap_typical
.temp 27
.param sim_temp=27
.param vsup=3.30
.param b0v=1*3.30
.param b1v=1*3.30
.param b2v=0*3.30
.param tsettle=1.97877e-07
.param tstop=5.44161e-07
.param tstep=2.62756e-10
.param tmax=2.62756e-10
.include "/Users/rwalters/GitHub/gf180-pll/.loom/worktrees/issue-32/sim/vco-tuning-range/testbench/tb_vco_tuning.sp"
.end

======== band 3 :: ngspice output ========

Note: Compatibility modes selected: hs a

Warning: m=xx on .subckt line will override multiplier m hierarchy!


Circuit: * generated by simenv.sh -- do not edit; edit /users/rwalters/github/gf180-pll/.loom/worktrees/issue-32/sim/vco-tuning-range/testbench/tb_vco_tuning.sp instead

Doing analysis at TEMP = 27.000000 and TNOM = 27.000000

Using SPARSE 1.3 as Direct Linear Solver

Initial Transient Solution
--------------------------

Node                                   Voltage
----                                   -------
vdd                                        3.3
nb0                                        3.3
nb1                                        3.3
nb2                                          0
vc1                                        0.9
vc2                                        1.2
vc3                                        1.5
vc4                                        1.8
vc5                                        2.1
vc6                                        2.4
vc7                                        2.7
nv1                                        3.3
nv2                                        3.3
nv3                                        3.3
nv4                                        3.3
nv5                                        3.3
nv6                                        3.3
nv7                                        3.3
x1.xbias.na                           0.817323
x1.xbias.vbpc                          2.46491
x1.xbias.nc                           0.116926
x1.xbias.xrcg.11                      0.116704
x1.xbias.xrcg.21                   0.000221579
x1.xbias.nsu                         0.0157954
x1.xbias.vfix                           1.4849
x1.xbias.nmd                          0.641668
x1.xbias.vbp0                          2.58349
x1.xbias.noff                         0.658663
x1.xbias.xroff.11                     0.658445
x1.xbias.xroff.21                  0.000218319
x1.xbias.nvi                          0.251121
x1.xbias.xrdeg.11                     0.251038
x1.xbias.xrdeg.21                   8.3236e-05
x1.xbias.b0b                       5.72155e-09
x1.xbias.b1b                       5.72155e-09
x1.xbias.b2b                               3.3
x1.xbias.vbn1                         0.625036
x1.xbias.ga                            2.58349
x1.xbias.vbp2                          2.49233
x1.xbias.gb                           0.625036
x1.vbn                                 0.64716
x1.xbias.gc                                3.3
x1.vbp                                 2.53006
x1.xs1.nh                              1.10616
x1.y1                                        0
x1.y5                                        0
x1.xs1.nt                          1.12708e-24
x1.xs2.nh                                  3.3
x1.y2                                      3.3
x1.xs2.nt                          2.93799e-07
x1.xs3.nh                                  3.3
x1.y3                                        0
x1.xs3.nt                          1.32806e-32
x1.xs4.nh                                  3.3
x1.y4                                      3.3
x1.xs4.nt                          2.93799e-07
x1.xs5.nh                                  3.3
x1.xs5.nt                          1.32806e-32
x1.nb1                                     3.3
x1.nb2                              4.2703e-09
clk1                                       3.3
x1.xcdec1.c_moscap_int1                   -3.3
x1.xcdec2.c_moscap_int1                   -3.3
x2.xbias.na                           0.817323
x2.xbias.vbpc                          2.46491
x2.xbias.nc                           0.116926
x2.xbias.xrcg.11                      0.116704
x2.xbias.xrcg.21                   0.000221579
x2.xbias.nsu                         0.0157954
x2.xbias.vfix                           1.4849
x2.xbias.nmd                          0.641668
x2.xbias.vbp0                          2.57045
x2.xbias.noff                         0.658642
x2.xbias.xroff.11                     0.658424
x2.xbias.xroff.21                  0.000218312
x2.xbias.nvi                           0.45502
x2.xbias.xrdeg.11                     0.454869
x2.xbias.xrdeg.21                   0.00015082
x2.xbias.b0b                       5.72155e-09
x2.xbias.b1b                       5.72155e-09
x2.xbias.b2b                               3.3
x2.xbias.vbn1                          0.63815
x2.xbias.ga                            2.57045
x2.xbias.vbp2                           2.4736
x2.xbias.gb                            0.63815
x2.vbn                                0.660397
x2.xbias.gc                                3.3
x2.vbp                                 2.51548
x2.xs1.nh                              1.11895
x2.y1                                        0
x2.y5                                        0
x2.xs1.nt                        -2.19085e-102
x2.xs2.nh                                  3.3
x2.y2                                      3.3
x2.xs2.nt                          2.57999e-07
x2.xs3.nh                                  3.3
x2.y3                                        0
x2.xs3.nt                          -2.678e-183
x2.xs4.nh                                  3.3
x2.y4                                      3.3
x2.xs4.nt                          2.57999e-07
x2.xs5.nh                                  3.3
x2.xs5.nt                          -2.678e-183
x2.nb1                                     3.3
x2.nb2                              4.2703e-09
clk2                                       3.3
x2.xcdec1.c_moscap_int1                   -3.3
x2.xcdec2.c_moscap_int1                   -3.3
x3.xbias.na                           0.817323
x3.xbias.vbpc                          2.46491
x3.xbias.nc                           0.116926
x3.xbias.xrcg.11                      0.116704
x3.xbias.xrcg.21                   0.000221579
x3.xbias.nsu                         0.0157954
x3.xbias.vfix                           1.4849
x3.xbias.nmd                          0.641668
x3.xbias.vbp0                          2.55848
x3.xbias.noff                         0.658622
x3.xbias.xroff.11                     0.658404
x3.xbias.xroff.21                  0.000218305
x3.xbias.nvi                          0.669605
x3.xbias.xrdeg.11                     0.669383
x3.xbias.xrdeg.21                  0.000221945
x3.xbias.b0b                       5.72155e-09
x3.xbias.b1b                       5.72155e-09
x3.xbias.b2b                               3.3
x3.xbias.vbn1                         0.650225
x3.xbias.ga                            2.55848
x3.xbias.vbp2                          2.45596
x3.xbias.gb                           0.650225
x3.vbn                                0.672609
x3.xbias.gc                                3.3
x3.vbp                                  2.5019
x3.xs1.nh                              1.13088
x3.y1                                        0
x3.y5                                        0
x3.xs1.nt                         -1.40784e-95
x3.xs2.nh                                  3.3
x3.y2                                      3.3
x3.xs2.nt                          2.30807e-07
x3.xs3.nh                                  3.3
x3.y3                                        0
x3.xs3.nt                        -4.85128e-169
x3.xs4.nh                                  3.3
x3.y4                                      3.3
x3.xs4.nt                          2.30807e-07
x3.xs5.nh                                  3.3
x3.xs5.nt                        -4.85128e-169
x3.nb1                                     3.3
x3.nb2                              4.2703e-09
clk3                                       3.3
x3.xcdec1.c_moscap_int1                   -3.3
x3.xcdec2.c_moscap_int1                   -3.3
x4.xbias.na                           0.817323
x4.xbias.vbpc                          2.46491
x4.xbias.nc                           0.116926
x4.xbias.xrcg.11                      0.116704
x4.xbias.xrcg.21                   0.000221579
x4.xbias.nsu                         0.0157954
x4.xbias.vfix                           1.4849
x4.xbias.nmd                          0.641668
x4.xbias.vbp0                          2.54748
x4.xbias.noff                         0.658604
x4.xbias.xroff.11                     0.658386
x4.xbias.xroff.21                  0.000218299
x4.xbias.nvi                          0.891105
x4.xbias.xrdeg.11                      0.89081
x4.xbias.xrdeg.21                  0.000295363
x4.xbias.b0b                       5.72155e-09
x4.xbias.b1b                       5.72155e-09
x4.xbias.b2b                               3.3
x4.xbias.vbn1                         0.661353
x4.xbias.ga                            2.54748
x4.xbias.vbp2                          2.43938
x4.xbias.gb                           0.661353
x4.vbn                                0.683882
x4.xbias.gc                                3.3
x4.vbp                                 2.48928
x4.xs1.nh                              1.14199
x4.y1                                        0
x4.y5                                        0
x4.xs1.nt                         5.40821e-110
x4.xs2.nh                                  3.3
x4.y2                                      3.3
x4.xs2.nt                          2.09648e-07
x4.xs3.nh                                  3.3
x4.y3                                        0
x4.xs3.nt                         3.17394e-197
x4.xs4.nh                                  3.3
x4.y4                                      3.3
x4.xs4.nt                          2.09648e-07
x4.xs5.nh                                  3.3
x4.xs5.nt                         3.17394e-197
x4.nb1                                     3.3
x4.nb2                              4.2703e-09
clk4                                       3.3
x4.xcdec1.c_moscap_int1                   -3.3
x4.xcdec2.c_moscap_int1                   -3.3
x5.xbias.na                           0.817323
x5.xbias.vbpc                          2.46491
x5.xbias.nc                           0.116926
x5.xbias.xrcg.11                      0.116704
x5.xbias.xrcg.21                   0.000221579
x5.xbias.nsu                         0.0157954
x5.xbias.vfix                           1.4849
x5.xbias.nmd                          0.641668
x5.xbias.vbp0                          2.53729
x5.xbias.noff                         0.658587
x5.xbias.xroff.11                     0.658369
x5.xbias.xroff.21                  0.000218293
x5.xbias.nvi                            1.1178
x5.xbias.xrdeg.11                      1.11743
x5.xbias.xrdeg.21                  0.000370503
x5.xbias.b0b                       5.72155e-09
x5.xbias.b1b                       5.72155e-09
x5.xbias.b2b                               3.3
x5.xbias.vbn1                         0.671684
x5.xbias.ga                            2.53729
x5.xbias.vbp2                          2.42372
x5.xbias.gb                           0.671684
x5.vbn                                0.694365
x5.xbias.gc                                3.3
x5.vbp                                 2.47746
x5.xs1.nh                              1.15242
x5.y1                                        0
x5.y5                                        0
x5.xs1.nt                          1.67638e-90
x5.xs2.nh                                  3.3
x5.y2                                      3.3
x5.xs2.nt                          1.92736e-07
x5.xs3.nh                                  3.3
x5.y3                                        0
x5.xs3.nt                        -9.50281e-156
x5.xs4.nh                                  3.3
x5.y4                                      3.3
x5.xs4.nt                          1.92736e-07
x5.xs5.nh                                  3.3
x5.xs5.nt                        -9.50281e-156
x5.nb1                                     3.3
x5.nb2                              4.2703e-09
clk5                                       3.3
x5.xcdec1.c_moscap_int1                   -3.3
x5.xcdec2.c_moscap_int1                   -3.3
x6.xbias.na                           0.817323
x6.xbias.vbpc                          2.46491
x6.xbias.nc                           0.116926
x6.xbias.xrcg.11                      0.116704
x6.xbias.xrcg.21                   0.000221579
x6.xbias.nsu                         0.0157954
x6.xbias.vfix                           1.4849
x6.xbias.nmd                          0.641668
x6.xbias.vbp0                          2.52777
x6.xbias.noff                         0.658571
x6.xbias.xroff.11                     0.658353
x6.xbias.xroff.21                  0.000218288
x6.xbias.nvi                           1.34868
x6.xbias.xrdeg.11                      1.34824
x6.xbias.xrdeg.21                  0.000447031
x6.xbias.b0b                       5.72155e-09
x6.xbias.b1b                       5.72155e-09
x6.xbias.b2b                               3.3
x6.xbias.vbn1                          0.68135
x6.xbias.ga                            2.52777
x6.xbias.vbp2                          2.40884
x6.xbias.gb                            0.68135
x6.vbn                                0.704187
x6.xbias.gc                                3.3
x6.vbp                                 2.46633
x6.xs1.nh                              1.16227
x6.y1                                        0
x6.y5                                        0
x6.xs1.nt                          3.76922e-76
x6.xs2.nh                                  3.3
x6.y2                                      3.3
x6.xs2.nt                          1.78896e-07
x6.xs3.nh                                  3.3
x6.y3                                        0
x6.xs3.nt                         1.95394e-142
x6.xs4.nh                                  3.3
x6.y4                                      3.3
x6.xs4.nt                          1.78896e-07
x6.xs5.nh                                  3.3
x6.xs5.nt                         1.95394e-142
x6.nb1                                     3.3
x6.nb2                              4.2703e-09
clk6                                       3.3
x6.xcdec1.c_moscap_int1                   -3.3
x6.xcdec2.c_moscap_int1                   -3.3
x7.xbias.na                           0.817323
x7.xbias.vbpc                          2.46491
x7.xbias.nc                           0.116926
x7.xbias.xrcg.11                      0.116704
x7.xbias.xrcg.21                   0.000221579
x7.xbias.nsu                         0.0157954
x7.xbias.vfix                           1.4849
x7.xbias.nmd                          0.641668
x7.xbias.vbp0                          2.51881
x7.xbias.noff                         0.658557
x7.xbias.xroff.11                     0.658338
x7.xbias.xroff.21                  0.000218283
x7.xbias.nvi                           1.58307
x7.xbias.xrdeg.11                      1.58255
x7.xbias.xrdeg.21                   0.00052472
x7.xbias.b0b                       5.72155e-09
x7.xbias.b1b                       5.72155e-09
x7.xbias.b2b                               3.3
x7.xbias.vbn1                         0.690455
x7.xbias.ga                            2.51881
x7.xbias.vbp2                          2.39464
x7.xbias.gb                           0.690455
x7.vbn                                0.713453
x7.xbias.gc                                3.3
x7.vbp                                 2.45576
x7.xs1.nh                              1.17163
x7.y1                                        0
x7.y5                                        0
x7.xs1.nt                        -6.27326e-112
x7.xs2.nh                                  3.3
x7.y2                                      3.3
x7.xs2.nt                          1.67345e-07
x7.xs3.nh                                  3.3
x7.y3                                        0
x7.xs3.nt                         -6.4644e-197
x7.xs4.nh                                  3.3
x7.y4                                      3.3
x7.xs4.nt                          1.67345e-07
x7.xs5.nh                                  3.3
x7.xs5.nt                         -6.4644e-197
x7.nb1                                     3.3
x7.nb2                              4.2703e-09
clk7                                       3.3
x7.xcdec1.c_moscap_int1                   -3.3
x7.xcdec2.c_moscap_int1                   -3.3
e.x7.xcdec2.ec_moscap#branch                 0
e.x7.xcdec1.ec_moscap#branch                 0
e.x6.xcdec2.ec_moscap#branch                 0
e.x6.xcdec1.ec_moscap#branch                 0
e.x5.xcdec2.ec_moscap#branch                 0
e.x5.xcdec1.ec_moscap#branch                 0
e.x4.xcdec2.ec_moscap#branch                 0
e.x4.xcdec1.ec_moscap#branch                 0
e.x3.xcdec2.ec_moscap#branch                 0
e.x3.xcdec1.ec_moscap#branch                 0
e.x2.xcdec2.ec_moscap#branch                 0
e.x2.xcdec1.ec_moscap#branch                 0
e.x1.xcdec2.ec_moscap#branch                 0
e.x1.xcdec1.ec_moscap#branch                 0
vs7#branch                         0.000125147
vs6#branch                         0.000114181
vs5#branch                         0.000103338
vs4#branch                         9.26447e-05
vs3#branch                         8.21439e-05
vs2#branch                         7.19107e-05
vs1#branch                         6.21158e-05
vv7#branch                                   0
vv6#branch                                   0
vv5#branch                                   0
vv4#branch                                   0
vv3#branch                                   0
vv2#branch                                   0
vv1#branch                                   0
vb2#branch                                   0
vb1#branch                                   0
vb0#branch                                   0
vdd#branch                         -0.00065148


No. of Data Rows : 2674

  Measurements for Transient Analysis

tp1                 =  2.38495e-07 targ=  4.77309e-07 trig=  2.38814e-07
tp2                 =  1.96600e-07 targ=  4.42639e-07 trig=  2.46039e-07
tp3                 =  1.65874e-07 targ=  3.73557e-07 trig=  2.07683e-07
tp4                 =  1.42901e-07 targ=  3.57436e-07 trig=  2.14535e-07
tp5                 =  1.25043e-07 targ=  3.44043e-07 trig=  2.18999e-07
tp6                 =  1.10912e-07 targ=  3.32826e-07 trig=  2.21914e-07
tp7                 =  9.93082e-08 targ=  2.98282e-07 trig=  1.98974e-07
f1                  =  1.67718e+07
f2                  =  2.03459e+07
f3                  =  2.41146e+07
f4                  =  2.79915e+07
f5                  =  3.19889e+07
f6                  =  3.60646e+07
f7                  =  4.02787e+07
i1                  =  9.03904e-05 from=  1.97877e-07 to=  5.44161e-07
i2                  =  1.00485e-04 from=  1.97877e-07 to=  5.44161e-07
i3                  =  1.15491e-04 from=  1.97877e-07 to=  5.44161e-07
i4                  =  1.26322e-04 from=  1.97877e-07 to=  5.44161e-07
i5                  =  1.38834e-04 from=  1.97877e-07 to=  5.44161e-07
i6                  =  1.52476e-04 from=  1.97877e-07 to=  5.44161e-07
i7                  =  1.64959e-04 from=  1.97877e-07 to=  5.44161e-07
sw1hi               =  3.39033e+00 at=  4.18064e-07
sw1lo               =  -8.58534e-02 at=  3.26329e-07
sw7hi               =  3.40652e+00 at=  4.97368e-07
sw7lo               =  -1.09174e-01 at=  5.08969e-07


Total analysis time (seconds) = 340.087

Total elapsed time (seconds) = 349.375 

Total DRAM available = 98304.000 MB.
DRAM currently available = 13390.156 MB.
Maximum ngspice program size =   24.281 MB.
Current ngspice program size =   24.281 MB.


======== band 4 :: generated deck (ff_27c_3.30v) ========
* GENERATED by simenv.sh -- do not edit; edit /Users/rwalters/GitHub/gf180-pll/.loom/worktrees/issue-32/sim/vco-tuning-range/testbench/tb_vco_tuning.sp instead
* tag=ff_T27_V3p30_B4 libs=ff,res_typical,moscap_typical temp=27C
.include "/Users/rwalters/.volare/gf180mcuD/libs.tech/ngspice/design.ngspice"
.lib "/Users/rwalters/.volare/gf180mcuD/libs.tech/ngspice/sm141064.ngspice" ff
.lib "/Users/rwalters/.volare/gf180mcuD/libs.tech/ngspice/sm141064.ngspice" res_typical
.lib "/Users/rwalters/.volare/gf180mcuD/libs.tech/ngspice/sm141064.ngspice" moscap_typical
.temp 27
.param sim_temp=27
.param vsup=3.30
.param b0v=0*3.30
.param b1v=0*3.30
.param b2v=1*3.30
.param tsettle=1.19926e-07
.param tstop=3.29796e-07
.param tstep=1.59246e-10
.param tmax=1.59246e-10
.include "/Users/rwalters/GitHub/gf180-pll/.loom/worktrees/issue-32/sim/vco-tuning-range/testbench/tb_vco_tuning.sp"
.end

======== band 4 :: ngspice output ========

Note: Compatibility modes selected: hs a

Warning: m=xx on .subckt line will override multiplier m hierarchy!


Circuit: * generated by simenv.sh -- do not edit; edit /users/rwalters/github/gf180-pll/.loom/worktrees/issue-32/sim/vco-tuning-range/testbench/tb_vco_tuning.sp instead

Doing analysis at TEMP = 27.000000 and TNOM = 27.000000

Using SPARSE 1.3 as Direct Linear Solver

Initial Transient Solution
--------------------------

Node                                   Voltage
----                                   -------
vdd                                        3.3
nb0                                          0
nb1                                          0
nb2                                        3.3
vc1                                        0.9
vc2                                        1.2
vc3                                        1.5
vc4                                        1.8
vc5                                        2.1
vc6                                        2.4
vc7                                        2.7
nv1                                        3.3
nv2                                        3.3
nv3                                        3.3
nv4                                        3.3
nv5                                        3.3
nv6                                        3.3
nv7                                        3.3
x1.xbias.na                           0.817323
x1.xbias.vbpc                          2.46491
x1.xbias.nc                           0.116926
x1.xbias.xrcg.11                      0.116704
x1.xbias.xrcg.21                   0.000221579
x1.xbias.nsu                         0.0157954
x1.xbias.vfix                           1.4849
x1.xbias.nmd                          0.641668
x1.xbias.vbp0                          2.58349
x1.xbias.noff                         0.658663
x1.xbias.xroff.11                     0.658445
x1.xbias.xroff.21                  0.000218319
x1.xbias.nvi                          0.251121
x1.xbias.xrdeg.11                     0.251038
x1.xbias.xrdeg.21                   8.3236e-05
x1.xbias.b0b                               3.3
x1.xbias.b1b                               3.3
x1.xbias.b2b                       5.72155e-09
x1.xbias.vbn1                         0.595052
x1.xbias.ga                                3.3
x1.xbias.vbp2                          2.60075
x1.xbias.gb                        2.24767e-10
x1.vbn                                0.685127
x1.xbias.gc                            2.60075
x1.vbp                                 2.48788
x1.xs1.nh                              1.14323
x1.y1                                        0
x1.y5                                        0
x1.xs1.nt                         -1.00108e-32
x1.xs2.nh                                  3.3
x1.y2                                      3.3
x1.xs2.nt                           2.0751e-07
x1.xs3.nh                                  3.3
x1.y3                                        0
x1.xs3.nt                         -8.85121e-60
x1.xs4.nh                                  3.3
x1.y4                                      3.3
x1.xs4.nt                           2.0751e-07
x1.xs5.nh                                  3.3
x1.xs5.nt                         -8.85121e-60
x1.nb1                                     3.3
x1.nb2                              4.2703e-09
clk1                                       3.3
x1.xcdec1.c_moscap_int1                   -3.3
x1.xcdec2.c_moscap_int1                   -3.3
x2.xbias.na                           0.817323
x2.xbias.vbpc                          2.46491
x2.xbias.nc                           0.116926
x2.xbias.xrcg.11                      0.116704
x2.xbias.xrcg.21                   0.000221579
x2.xbias.nsu                         0.0157954
x2.xbias.vfix                           1.4849
x2.xbias.nmd                          0.641668
x2.xbias.vbp0                          2.57045
x2.xbias.noff                         0.658642
x2.xbias.xroff.11                     0.658424
x2.xbias.xroff.21                  0.000218312
x2.xbias.nvi                           0.45502
x2.xbias.xrdeg.11                     0.454869
x2.xbias.xrdeg.21                   0.00015082
x2.xbias.b0b                               3.3
x2.xbias.b1b                               3.3
x2.xbias.b2b                       5.72155e-09
x2.xbias.vbn1                         0.606609
x2.xbias.ga                                3.3
x2.xbias.vbp2                           2.5891
x2.xbias.gb                        2.25287e-10
x2.vbn                                0.700768
x2.xbias.gc                             2.5891
x2.vbp                                 2.47021
x2.xs1.nh                              1.15883
x2.y1                                        0
x2.y5                                        0
x2.xs1.nt                         -2.19788e-32
x2.xs2.nh                                  3.3
x2.y2                                      3.3
x2.xs2.nt                          1.83514e-07
x2.xs3.nh                                  3.3
x2.y3                                        0
x2.xs3.nt                         -6.16724e-60
x2.xs4.nh                                  3.3
x2.y4                                      3.3
x2.xs4.nt                          1.83514e-07
x2.xs5.nh                                  3.3
x2.xs5.nt                         -6.16724e-60
x2.nb1                                     3.3
x2.nb2                              4.2703e-09
clk2                                       3.3
x2.xcdec1.c_moscap_int1                   -3.3
x2.xcdec2.c_moscap_int1                   -3.3
x3.xbias.na                           0.817323
x3.xbias.vbpc                          2.46491
x3.xbias.nc                           0.116926
x3.xbias.xrcg.11                      0.116704
x3.xbias.xrcg.21                   0.000221579
x3.xbias.nsu                         0.0157954
x3.xbias.vfix                           1.4849
x3.xbias.nmd                          0.641668
x3.xbias.vbp0                          2.55848
x3.xbias.noff                         0.658622
x3.xbias.xroff.11                     0.658404
x3.xbias.xroff.21                  0.000218305
x3.xbias.nvi                          0.669605
x3.xbias.xrdeg.11                     0.669383
x3.xbias.xrdeg.21                  0.000221945
x3.xbias.b0b                               3.3
x3.xbias.b1b                               3.3
x3.xbias.b2b                       5.72155e-09
x3.xbias.vbn1                         0.617141
x3.xbias.ga                                3.3
x3.xbias.vbp2                          2.57849
x3.xbias.gb                         2.2576e-10
x3.vbn                                0.715349
x3.xbias.gc                            2.57849
x3.vbp                                 2.45359
x3.xs1.nh                              1.17355
x3.y1                                        0
x3.y5                                        0
x3.xs1.nt                           1.2824e-39
x3.xs2.nh                                  3.3
x3.y2                                      3.3
x3.xs2.nt                          1.65141e-07
x3.xs3.nh                                  3.3
x3.y3                                        0
x3.xs3.nt                         -3.59279e-73
x3.xs4.nh                                  3.3
x3.y4                                      3.3
x3.xs4.nt                          1.65141e-07
x3.xs5.nh                                  3.3
x3.xs5.nt                         -3.59279e-73
x3.nb1                                     3.3
x3.nb2                              4.2703e-09
clk3                                       3.3
x3.xcdec1.c_moscap_int1                   -3.3
x3.xcdec2.c_moscap_int1                   -3.3
x4.xbias.na                           0.817323
x4.xbias.vbpc                          2.46491
x4.xbias.nc                           0.116926
x4.xbias.xrcg.11                      0.116704
x4.xbias.xrcg.21                   0.000221579
x4.xbias.nsu                         0.0157954
x4.xbias.vfix                           1.4849
x4.xbias.nmd                          0.641668
x4.xbias.vbp0                          2.54748
x4.xbias.noff                         0.658604
x4.xbias.xroff.11                     0.658386
x4.xbias.xroff.21                  0.000218299
x4.xbias.nvi                          0.891105
x4.xbias.xrdeg.11                      0.89081
x4.xbias.xrdeg.21                  0.000295363
x4.xbias.b0b                               3.3
x4.xbias.b1b                               3.3
x4.xbias.b2b                       5.72155e-09
x4.xbias.vbn1                         0.626758
x4.xbias.ga                                3.3
x4.xbias.vbp2                           2.5688
x4.xbias.gb                        2.26191e-10
x4.vbn                                0.728938
x4.xbias.gc                             2.5688
x4.vbp                                 2.43799
x4.xs1.nh                               1.1874
x4.y1                                        0
x4.y5                                        0
x4.xs1.nt                          8.27034e-40
x4.xs2.nh                                  3.3
x4.y2                                      3.3
x4.xs2.nt                          1.50745e-07
x4.xs3.nh                                  3.3
x4.y3                                        0
x4.xs3.nt                          6.07713e-60
x4.xs4.nh                                  3.3
x4.y4                                      3.3
x4.xs4.nt                          1.50745e-07
x4.xs5.nh                                  3.3
x4.xs5.nt                          6.07713e-60
x4.nb1                                     3.3
x4.nb2                              4.2703e-09
clk4                                       3.3
x4.xcdec1.c_moscap_int1                   -3.3
x4.xcdec2.c_moscap_int1                   -3.3
x5.xbias.na                           0.817323
x5.xbias.vbpc                          2.46491
x5.xbias.nc                           0.116926
x5.xbias.xrcg.11                      0.116704
x5.xbias.xrcg.21                   0.000221579
x5.xbias.nsu                         0.0157954
x5.xbias.vfix                           1.4849
x5.xbias.nmd                          0.641668
x5.xbias.vbp0                          2.53729
x5.xbias.noff                         0.658587
x5.xbias.xroff.11                     0.658369
x5.xbias.xroff.21                  0.000218293
x5.xbias.nvi                            1.1178
x5.xbias.xrdeg.11                      1.11743
x5.xbias.xrdeg.21                  0.000370503
x5.xbias.b0b                               3.3
x5.xbias.b1b                               3.3
x5.xbias.b2b                       5.72155e-09
x5.xbias.vbn1                         0.635616
x5.xbias.ga                                3.3
x5.xbias.vbp2                          2.55988
x5.xbias.gb                        2.26588e-10
x5.vbn                                0.741681
x5.xbias.gc                            2.55988
x5.vbp                                 2.42327
x5.xs1.nh                              1.20049
x5.y1                                        0
x5.y5                                        0
x5.xs1.nt                         -2.67255e-39
x5.xs2.nh                                  3.3
x5.y2                                      3.3
x5.xs2.nt                          1.39169e-07
x5.xs3.nh                                  3.3
x5.y3                                        0
x5.xs3.nt                         -1.31552e-73
x5.xs4.nh                                  3.3
x5.y4                                      3.3
x5.xs4.nt                          1.39169e-07
x5.xs5.nh                                  3.3
x5.xs5.nt                         -1.31552e-73
x5.nb1                                     3.3
x5.nb2                              4.2703e-09
clk5                                       3.3
x5.xcdec1.c_moscap_int1                   -3.3
x5.xcdec2.c_moscap_int1                   -3.3
x6.xbias.na                           0.817323
x6.xbias.vbpc                          2.46491
x6.xbias.nc                           0.116926
x6.xbias.xrcg.11                      0.116704
x6.xbias.xrcg.21                   0.000221579
x6.xbias.nsu                         0.0157954
x6.xbias.vfix                           1.4849
x6.xbias.nmd                          0.641668
x6.xbias.vbp0                          2.52777
x6.xbias.noff                         0.658571
x6.xbias.xroff.11                     0.658353
x6.xbias.xroff.21                  0.000218288
x6.xbias.nvi                           1.34868
x6.xbias.xrdeg.11                      1.34824
x6.xbias.xrdeg.21                  0.000447031
x6.xbias.b0b                               3.3
x6.xbias.b1b                               3.3
x6.xbias.b2b                       5.72155e-09
x6.xbias.vbn1                         0.643843
x6.xbias.ga                                3.3
x6.xbias.vbp2                          2.55159
x6.xbias.gb                        2.26955e-10
x6.vbn                                0.753711
x6.xbias.gc                            2.55159
x6.vbp                                 2.40929
x6.xs1.nh                              1.21294
x6.y1                                        0
x6.y5                                        0
x6.xs1.nt                          4.64701e-32
x6.xs2.nh                                  3.3
x6.y2                                      3.3
x6.xs2.nt                          1.29646e-07
x6.xs3.nh                                  3.3
x6.y3                                        0
x6.xs3.nt                         -1.24219e-59
x6.xs4.nh                                  3.3
x6.y4                                      3.3
x6.xs4.nt                          1.29646e-07
x6.xs5.nh                                  3.3
x6.xs5.nt                         -1.24219e-59
x6.nb1                                     3.3
x6.nb2                              4.2703e-09
clk6                                       3.3
x6.xcdec1.c_moscap_int1                   -3.3
x6.xcdec2.c_moscap_int1                   -3.3
x7.xbias.na                           0.817323
x7.xbias.vbpc                          2.46491
x7.xbias.nc                           0.116926
x7.xbias.xrcg.11                      0.116704
x7.xbias.xrcg.21                   0.000221579
x7.xbias.nsu                         0.0157954
x7.xbias.vfix                           1.4849
x7.xbias.nmd                          0.641668
x7.xbias.vbp0                          2.51881
x7.xbias.noff                         0.658557
x7.xbias.xroff.11                     0.658338
x7.xbias.xroff.21                  0.000218283
x7.xbias.nvi                           1.58307
x7.xbias.xrdeg.11                      1.58255
x7.xbias.xrdeg.21                   0.00052472
x7.xbias.b0b                               3.3
x7.xbias.b1b                               3.3
x7.xbias.b2b                       5.72155e-09
x7.xbias.vbn1                         0.651544
x7.xbias.ga                                3.3
x7.xbias.vbp2                          2.54383
x7.xbias.gb                        2.27298e-10
x7.vbn                                0.765139
x7.xbias.gc                            2.54383
x7.vbp                                 2.39595
x7.xs1.nh                              1.22484
x7.y1                                        0
x7.y5                                        0
x7.xs1.nt                         -4.44669e-16
x7.xs2.nh                                  3.3
x7.y2                                      3.3
x7.xs2.nt                          1.21662e-07
x7.xs3.nh                                  3.3
x7.y3                                        0
x7.xs3.nt                         -9.83324e-61
x7.xs4.nh                                  3.3
x7.y4                                      3.3
x7.xs4.nt                          1.21662e-07
x7.xs5.nh                                  3.3
x7.xs5.nt                         -9.83324e-61
x7.nb1                                     3.3
x7.nb2                              4.2703e-09
clk7                                       3.3
x7.xcdec1.c_moscap_int1                   -3.3
x7.xcdec2.c_moscap_int1                   -3.3
e.x7.xcdec2.ec_moscap#branch                 0
e.x7.xcdec1.ec_moscap#branch                 0
e.x6.xcdec2.ec_moscap#branch                 0
e.x6.xcdec1.ec_moscap#branch                 0
e.x5.xcdec2.ec_moscap#branch                 0
e.x5.xcdec1.ec_moscap#branch                 0
e.x4.xcdec2.ec_moscap#branch                 0
e.x4.xcdec1.ec_moscap#branch                 0
e.x3.xcdec2.ec_moscap#branch                 0
e.x3.xcdec1.ec_moscap#branch                 0
e.x2.xcdec2.ec_moscap#branch                 0
e.x2.xcdec1.ec_moscap#branch                 0
e.x1.xcdec2.ec_moscap#branch                 0
e.x1.xcdec1.ec_moscap#branch                 0
vs7#branch                         0.000132259
vs6#branch                         0.000120737
vs5#branch                          0.00010933
vs4#branch                         9.80628e-05
vs3#branch                         8.69791e-05
vs2#branch                         7.61556e-05
vs1#branch                         6.57699e-05
vv7#branch                                   0
vv6#branch                                   0
vv5#branch                                   0
vv4#branch                                   0
vv3#branch                                   0
vv2#branch                                   0
vv1#branch                                   0
vb2#branch                                   0
vb1#branch                                   0
vb0#branch                                   0
vdd#branch                        -0.000689293


No. of Data Rows : 2605

  Measurements for Transient Analysis

tp1                 =  1.40534e-07 targ=  2.81398e-07 trig=  1.40864e-07
tp2                 =  1.15503e-07 targ=  2.60223e-07 trig=  1.44720e-07
tp3                 =  9.71866e-08 targ=  2.18986e-07 trig=  1.21800e-07
tp4                 =  8.33611e-08 targ=  2.08858e-07 trig=  1.25497e-07
tp5                 =  7.27749e-08 targ=  2.00536e-07 trig=  1.27761e-07
tp6                 =  6.44072e-08 targ=  1.93449e-07 trig=  1.29042e-07
tp7                 =  5.75992e-08 targ=  1.87402e-07 trig=  1.29803e-07
f1                  =  2.84629e+07
f2                  =  3.46312e+07
f3                  =  4.11579e+07
f4                  =  4.79840e+07
f5                  =  5.49640e+07
f6                  =  6.21049e+07
f7                  =  6.94454e+07
i1                  =  9.95424e-05 from=  1.19926e-07 to=  3.29796e-07
i2                  =  1.12449e-04 from=  1.19926e-07 to=  3.29796e-07
i3                  =  1.28502e-04 from=  1.19926e-07 to=  3.29796e-07
i4                  =  1.42695e-04 from=  1.19926e-07 to=  3.29796e-07
i5                  =  1.57399e-04 from=  1.19926e-07 to=  3.29796e-07
i6                  =  1.74289e-04 from=  1.19926e-07 to=  3.29796e-07
i7                  =  1.89999e-04 from=  1.19926e-07 to=  3.29796e-07
sw1hi               =  3.41057e+00 at=  1.76194e-07
sw1lo               =  -1.10972e-01 at=  2.27676e-07
sw7hi               =  3.42005e+00 at=  1.73142e-07
sw7lo               =  -1.11188e-01 at=  1.36740e-07


Total analysis time (seconds) = 315.721

Total elapsed time (seconds) = 325.395 

Total DRAM available = 98304.000 MB.
DRAM currently available = 13730.156 MB.
Maximum ngspice program size =   24.203 MB.
Current ngspice program size =   24.203 MB.


======== band 5 :: generated deck (ff_27c_3.30v) ========
* GENERATED by simenv.sh -- do not edit; edit /Users/rwalters/GitHub/gf180-pll/.loom/worktrees/issue-32/sim/vco-tuning-range/testbench/tb_vco_tuning.sp instead
* tag=ff_T27_V3p30_B5 libs=ff,res_typical,moscap_typical temp=27C
.include "/Users/rwalters/.volare/gf180mcuD/libs.tech/ngspice/design.ngspice"
.lib "/Users/rwalters/.volare/gf180mcuD/libs.tech/ngspice/sm141064.ngspice" ff
.lib "/Users/rwalters/.volare/gf180mcuD/libs.tech/ngspice/sm141064.ngspice" res_typical
.lib "/Users/rwalters/.volare/gf180mcuD/libs.tech/ngspice/sm141064.ngspice" moscap_typical
.temp 27
.param sim_temp=27
.param vsup=3.30
.param b0v=1*3.30
.param b1v=0*3.30
.param b2v=1*3.30
.param tsettle=7.26822e-08
.param tstop=1.99876e-07
.param tstep=9.65132e-11
.param tmax=9.65132e-11
.include "/Users/rwalters/GitHub/gf180-pll/.loom/worktrees/issue-32/sim/vco-tuning-range/testbench/tb_vco_tuning.sp"
.end

======== band 5 :: ngspice output ========

Note: Compatibility modes selected: hs a

Warning: m=xx on .subckt line will override multiplier m hierarchy!


Circuit: * generated by simenv.sh -- do not edit; edit /users/rwalters/github/gf180-pll/.loom/worktrees/issue-32/sim/vco-tuning-range/testbench/tb_vco_tuning.sp instead

Doing analysis at TEMP = 27.000000 and TNOM = 27.000000

Using SPARSE 1.3 as Direct Linear Solver

Initial Transient Solution
--------------------------

Node                                   Voltage
----                                   -------
vdd                                        3.3
nb0                                        3.3
nb1                                          0
nb2                                        3.3
vc1                                        0.9
vc2                                        1.2
vc3                                        1.5
vc4                                        1.8
vc5                                        2.1
vc6                                        2.4
vc7                                        2.7
nv1                                        3.3
nv2                                        3.3
nv3                                        3.3
nv4                                        3.3
nv5                                        3.3
nv6                                        3.3
nv7                                        3.3
x1.xbias.na                           0.817323
x1.xbias.vbpc                          2.46491
x1.xbias.nc                           0.116926
x1.xbias.xrcg.11                      0.116704
x1.xbias.xrcg.21                   0.000221579
x1.xbias.nsu                         0.0157954
x1.xbias.vfix                           1.4849
x1.xbias.nmd                          0.641668
x1.xbias.vbp0                          2.58349
x1.xbias.noff                         0.658663
x1.xbias.xroff.11                     0.658445
x1.xbias.xroff.21                  0.000218319
x1.xbias.nvi                          0.251121
x1.xbias.xrdeg.11                     0.251038
x1.xbias.xrdeg.21                   8.3236e-05
x1.xbias.b0b                       5.72155e-09
x1.xbias.b1b                               3.3
x1.xbias.b2b                       5.72155e-09
x1.xbias.vbn1                         0.625036
x1.xbias.ga                            2.58349
x1.xbias.vbp2                          2.57054
x1.xbias.gb                        2.26114e-10
x1.vbn                                0.726485
x1.xbias.gc                            2.57054
x1.vbp                                 2.44082
x1.xs1.nh                              1.18489
x1.y1                                        0
x1.y5                                        0
x1.xs1.nt                          1.65003e-17
x1.xs2.nh                                  3.3
x1.y2                                      3.3
x1.xs2.nt                          1.53175e-07
x1.xs3.nh                                  3.3
x1.y3                                        0
x1.xs3.nt                         -4.21091e-17
x1.xs4.nh                                  3.3
x1.y4                                      3.3
x1.xs4.nt                          1.53175e-07
x1.xs5.nh                                  3.3
x1.xs5.nt                         -4.21091e-17
x1.nb1                                     3.3
x1.nb2                              4.2703e-09
clk1                                       3.3
x1.xcdec1.c_moscap_int1                   -3.3
x1.xcdec2.c_moscap_int1                   -3.3
x2.xbias.na                           0.817323
x2.xbias.vbpc                          2.46491
x2.xbias.nc                           0.116926
x2.xbias.xrcg.11                      0.116704
x2.xbias.xrcg.21                   0.000221579
x2.xbias.nsu                         0.0157954
x2.xbias.vfix                           1.4849
x2.xbias.nmd                          0.641668
x2.xbias.vbp0                          2.57045
x2.xbias.noff                         0.658642
x2.xbias.xroff.11                     0.658424
x2.xbias.xroff.21                  0.000218312
x2.xbias.nvi                           0.45502
x2.xbias.xrdeg.11                     0.454869
x2.xbias.xrdeg.21                   0.00015082
x2.xbias.b0b                       5.72155e-09
x2.xbias.b1b                               3.3
x2.xbias.b2b                       5.72155e-09
x2.xbias.vbn1                          0.63815
x2.xbias.ga                            2.57045
x2.xbias.vbp2                          2.55733
x2.xbias.gb                        2.26701e-10
x2.vbn                                0.745367
x2.xbias.gc                            2.55733
x2.vbp                                 2.41899
x2.xs1.nh                               1.2043
x2.y1                                        0
x2.y5                                        0
x2.xs1.nt                          2.14282e-18
x2.xs2.nh                                  3.3
x2.y2                                      3.3
x2.xs2.nt                          1.36117e-07
x2.xs3.nh                                  3.3
x2.y3                                        0
x2.xs3.nt                         -1.68965e-17
x2.xs4.nh                                  3.3
x2.y4                                      3.3
x2.xs4.nt                          1.36117e-07
x2.xs5.nh                                  3.3
x2.xs5.nt                         -1.68965e-17
x2.nb1                                     3.3
x2.nb2                              4.2703e-09
clk2                                       3.3
x2.xcdec1.c_moscap_int1                   -3.3
x2.xcdec2.c_moscap_int1                   -3.3
x3.xbias.na                           0.817323
x3.xbias.vbpc                          2.46491
x3.xbias.nc                           0.116926
x3.xbias.xrcg.11                      0.116704
x3.xbias.xrcg.21                   0.000221579
x3.xbias.nsu                         0.0157954
x3.xbias.vfix                           1.4849
x3.xbias.nmd                          0.641668
x3.xbias.vbp0                          2.55848
x3.xbias.noff                         0.658622
x3.xbias.xroff.11                     0.658404
x3.xbias.xroff.21                  0.000218305
x3.xbias.nvi                          0.669605
x3.xbias.xrdeg.11                     0.669383
x3.xbias.xrdeg.21                  0.000221945
x3.xbias.b0b                       5.72155e-09
x3.xbias.b1b                               3.3
x3.xbias.b2b                       5.72155e-09
x3.xbias.vbn1                         0.650225
x3.xbias.ga                            2.55848
x3.xbias.vbp2                          2.54516
x3.xbias.gb                        2.27239e-10
x3.vbn                                0.763171
x3.xbias.gc                            2.54516
x3.vbp                                 2.39825
x3.xs1.nh                              1.22278
x3.y1                                        0
x3.y5                                        0
x3.xs1.nt                          7.00342e-18
x3.xs2.nh                                  3.3
x3.y2                                      3.3
x3.xs2.nt                          1.22971e-07
x3.xs3.nh                                  3.3
x3.y3                                        0
x3.xs3.nt                         -6.98867e-17
x3.xs4.nh                                  3.3
x3.y4                                      3.3
x3.xs4.nt                          1.22971e-07
x3.xs5.nh                                  3.3
x3.xs5.nt                         -6.98867e-17
x3.nb1                                     3.3
x3.nb2                              4.2703e-09
clk3                                       3.3
x3.xcdec1.c_moscap_int1                   -3.3
x3.xcdec2.c_moscap_int1                   -3.3
x4.xbias.na                           0.817323
x4.xbias.vbpc                          2.46491
x4.xbias.nc                           0.116926
x4.xbias.xrcg.11                      0.116704
x4.xbias.xrcg.21                   0.000221579
x4.xbias.nsu                         0.0157954
x4.xbias.vfix                           1.4849
x4.xbias.nmd                          0.641668
x4.xbias.vbp0                          2.54748
x4.xbias.noff                         0.658604
x4.xbias.xroff.11                     0.658386
x4.xbias.xroff.21                  0.000218299
x4.xbias.nvi                          0.891105
x4.xbias.xrdeg.11                      0.89081
x4.xbias.xrdeg.21                  0.000295363
x4.xbias.b0b                       5.72155e-09
x4.xbias.b1b                               3.3
x4.xbias.b2b                       5.72155e-09
x4.xbias.vbn1                         0.661353
x4.xbias.ga                            2.54748
x4.xbias.vbp2                          2.53394
x4.xbias.gb                        2.27734e-10
x4.vbn                                0.779927
x4.xbias.gc                            2.53394
x4.vbp                                 2.37862
x4.xs1.nh                              1.24032
x4.y1                                        0
x4.y5                                        0
x4.xs1.nt                          3.42249e-17
x4.xs2.nh                                  3.3
x4.y2                                      3.3
x4.xs2.nt                          1.12613e-07
x4.xs3.nh                                  3.3
x4.y3                                        0
x4.xs3.nt                          2.61794e-17
x4.xs4.nh                                  3.3
x4.y4                                      3.3
x4.xs4.nt                          1.12613e-07
x4.xs5.nh                                  3.3
x4.xs5.nt                          2.61794e-17
x4.nb1                                     3.3
x4.nb2                              4.2703e-09
clk4                                       3.3
x4.xcdec1.c_moscap_int1                   -3.3
x4.xcdec2.c_moscap_int1                   -3.3
x5.xbias.na                           0.817323
x5.xbias.vbpc                          2.46491
x5.xbias.nc                           0.116926
x5.xbias.xrcg.11                      0.116704
x5.xbias.xrcg.21                   0.000221579
x5.xbias.nsu                         0.0157954
x5.xbias.vfix                           1.4849
x5.xbias.nmd                          0.641668
x5.xbias.vbp0                          2.53729
x5.xbias.noff                         0.658587
x5.xbias.xroff.11                     0.658369
x5.xbias.xroff.21                  0.000218293
x5.xbias.nvi                            1.1178
x5.xbias.xrdeg.11                      1.11743
x5.xbias.xrdeg.21                  0.000370503
x5.xbias.b0b                       5.72155e-09
x5.xbias.b1b                               3.3
x5.xbias.b2b                       5.72155e-09
x5.xbias.vbn1                         0.671684
x5.xbias.ga                            2.53729
x5.xbias.vbp2                          2.52353
x5.xbias.gb                        2.28193e-10
x5.vbn                                0.795778
x5.xbias.gc                            2.52353
x5.vbp                                 2.35996
x5.xs1.nh                              1.25702
x5.y1                                        0
x5.y5                                        0
x5.xs1.nt                          8.66075e-18
x5.xs2.nh                                  3.3
x5.y2                                      3.3
x5.xs2.nt                          1.04248e-07
x5.xs3.nh                                  3.3
x5.y3                                        0
x5.xs3.nt                         -3.50633e-17
x5.xs4.nh                                  3.3
x5.y4                                      3.3
x5.xs4.nt                          1.04248e-07
x5.xs5.nh                                  3.3
x5.xs5.nt                         -3.50633e-17
x5.nb1                                     3.3
x5.nb2                              4.2703e-09
clk5                                       3.3
x5.xcdec1.c_moscap_int1                   -3.3
x5.xcdec2.c_moscap_int1                   -3.3
x6.xbias.na                           0.817323
x6.xbias.vbpc                          2.46491
x6.xbias.nc                           0.116926
x6.xbias.xrcg.11                      0.116704
x6.xbias.xrcg.21                   0.000221579
x6.xbias.nsu                         0.0157954
x6.xbias.vfix                           1.4849
x6.xbias.nmd                          0.641668
x6.xbias.vbp0                          2.52777
x6.xbias.noff                         0.658571
x6.xbias.xroff.11                     0.658353
x6.xbias.xroff.21                  0.000218288
x6.xbias.nvi                           1.34868
x6.xbias.xrdeg.11                      1.34824
x6.xbias.xrdeg.21                  0.000447031
x6.xbias.b0b                       5.72155e-09
x6.xbias.b1b                               3.3
x6.xbias.b2b                       5.72155e-09
x6.xbias.vbn1                          0.68135
x6.xbias.ga                            2.52777
x6.xbias.vbp2                          2.51377
x6.xbias.gb                        2.28621e-10
x6.vbn                                 0.81086
x6.xbias.gc                            2.51377
x6.vbp                                 2.34215
x6.xs1.nh                              1.27298
x6.y1                                        0
x6.y5                                        0
x6.xs1.nt                         -5.74329e-25
x6.xs2.nh                                  3.3
x6.y2                                      3.3
x6.xs2.nt                          9.73398e-08
x6.xs3.nh                                  3.3
x6.y3                                        0
x6.xs3.nt                          4.07628e-47
x6.xs4.nh                                  3.3
x6.y4                                      3.3
x6.xs4.nt                          9.73398e-08
x6.xs5.nh                                  3.3
x6.xs5.nt                          4.07628e-47
x6.nb1                                     3.3
x6.nb2                              4.2703e-09
clk6                                       3.3
x6.xcdec1.c_moscap_int1                   -3.3
x6.xcdec2.c_moscap_int1                   -3.3
x7.xbias.na                           0.817323
x7.xbias.vbpc                          2.46491
x7.xbias.nc                           0.116926
x7.xbias.xrcg.11                      0.116704
x7.xbias.xrcg.21                   0.000221579
x7.xbias.nsu                         0.0157954
x7.xbias.vfix                           1.4849
x7.xbias.nmd                          0.641668
x7.xbias.vbp0                          2.51881
x7.xbias.noff                         0.658557
x7.xbias.xroff.11                     0.658338
x7.xbias.xroff.21                  0.000218283
x7.xbias.nvi                           1.58307
x7.xbias.xrdeg.11                      1.58255
x7.xbias.xrdeg.21                   0.00052472
x7.xbias.b0b                       5.72155e-09
x7.xbias.b1b                               3.3
x7.xbias.b2b                       5.72155e-09
x7.xbias.vbn1                         0.690455
x7.xbias.ga                            2.51881
x7.xbias.vbp2                          2.50458
x7.xbias.gb                        2.29024e-10
x7.vbn                                0.825286
x7.xbias.gc                            2.50458
x7.vbp                                 2.32508
x7.xs1.nh                               1.2883
x7.y1                                        0
x7.y5                                        0
x7.xs1.nt                         -3.58863e-25
x7.xs2.nh                                  3.3
x7.y2                                      3.3
x7.xs2.nt                          9.15291e-08
x7.xs3.nh                                  3.3
x7.y3                                        0
x7.xs3.nt                         -2.84724e-60
x7.xs4.nh                                  3.3
x7.y4                                      3.3
x7.xs4.nt                          9.15291e-08
x7.xs5.nh                                  3.3
x7.xs5.nt                         -2.84724e-60
x7.nb1                                     3.3
x7.nb2                              4.2703e-09
clk7                                       3.3
x7.xcdec1.c_moscap_int1                   -3.3
x7.xcdec2.c_moscap_int1                   -3.3
e.x7.xcdec2.ec_moscap#branch                 0
e.x7.xcdec1.ec_moscap#branch                 0
e.x6.xcdec2.ec_moscap#branch                 0
e.x6.xcdec1.ec_moscap#branch                 0
e.x5.xcdec2.ec_moscap#branch                 0
e.x5.xcdec1.ec_moscap#branch                 0
e.x4.xcdec2.ec_moscap#branch                 0
e.x4.xcdec1.ec_moscap#branch                 0
e.x3.xcdec2.ec_moscap#branch                 0
e.x3.xcdec1.ec_moscap#branch                 0
e.x2.xcdec2.ec_moscap#branch                 0
e.x2.xcdec1.ec_moscap#branch                 0
e.x1.xcdec2.ec_moscap#branch                 0
e.x1.xcdec1.ec_moscap#branch                 0
vs7#branch                         0.000189376
vs6#branch                         0.000172187
vs5#branch                          0.00015517
vs4#branch                         0.000138367
vs3#branch                         0.000121842
vs2#branch                          0.00010571
vs1#branch                         9.02383e-05
vv7#branch                                   0
vv6#branch                                   0
vv5#branch                                   0
vv4#branch                                   0
vv3#branch                                   0
vv2#branch                                   0
vv1#branch                                   0
vb2#branch                                   0
vb1#branch                                   0
vb0#branch                                   0
vdd#branch                         -0.00097289


No. of Data Rows : 2600

  Measurements for Transient Analysis

tp1                 =  8.57498e-08 targ=  1.71768e-07 trig=  8.60179e-08
tp2                 =  7.00665e-08 targ=  1.57989e-07 trig=  8.79226e-08
tp3                 =  5.86586e-08 targ=  1.32300e-07 trig=  7.36413e-08
tp4                 =  5.00823e-08 targ=  1.25573e-07 trig=  7.54908e-08
tp5                 =  4.35053e-08 targ=  1.19988e-07 trig=  7.64826e-08
tp6                 =  3.83261e-08 targ=  1.15236e-07 trig=  7.69095e-08
tp7                 =  3.41198e-08 targ=  1.11125e-07 trig=  7.70053e-08
f1                  =  4.66474e+07
f2                  =  5.70886e+07
f3                  =  6.81913e+07
f4                  =  7.98685e+07
f5                  =  9.19428e+07
f6                  =  1.04368e+08
f7                  =  1.17234e+08
i1                  =  1.33439e-04 from=  7.26822e-08 to=  1.99876e-07
i2                  =  1.52494e-04 from=  7.26822e-08 to=  1.99876e-07
i3                  =  1.77339e-04 from=  7.26822e-08 to=  1.99876e-07
i4                  =  1.97187e-04 from=  7.26822e-08 to=  1.99876e-07
i5                  =  2.19611e-04 from=  7.26822e-08 to=  1.99876e-07
i6                  =  2.42569e-04 from=  7.26822e-08 to=  1.99876e-07
i7                  =  2.65363e-04 from=  7.26822e-08 to=  1.99876e-07
sw1hi               =  3.40312e+00 at=  1.71878e-07
sw1lo               =  -1.19515e-01 at=  7.47869e-08
sw7hi               =  3.43275e+00 at=  1.11262e-07
sw7lo               =  -1.44359e-01 at=  9.82602e-08


Total analysis time (seconds) = 303.692

Total elapsed time (seconds) = 313.556 

Total DRAM available = 98304.000 MB.
DRAM currently available = 12176.578 MB.
Maximum ngspice program size =   24.156 MB.
Current ngspice program size =   24.156 MB.


======== band 6 :: generated deck (ff_27c_3.30v) ========
* GENERATED by simenv.sh -- do not edit; edit /Users/rwalters/GitHub/gf180-pll/.loom/worktrees/issue-32/sim/vco-tuning-range/testbench/tb_vco_tuning.sp instead
* tag=ff_T27_V3p30_B6 libs=ff,res_typical,moscap_typical temp=27C
.include "/Users/rwalters/.volare/gf180mcuD/libs.tech/ngspice/design.ngspice"
.lib "/Users/rwalters/.volare/gf180mcuD/libs.tech/ngspice/sm141064.ngspice" ff
.lib "/Users/rwalters/.volare/gf180mcuD/libs.tech/ngspice/sm141064.ngspice" res_typical
.lib "/Users/rwalters/.volare/gf180mcuD/libs.tech/ngspice/sm141064.ngspice" moscap_typical
.temp 27
.param sim_temp=27
.param vsup=3.30
.param b0v=0*3.30
.param b1v=1*3.30
.param b2v=1*3.30
.param tsettle=4.40498e-08
.param tstop=1.21137e-07
.param tstep=5.84927e-11
.param tmax=5.84927e-11
.include "/Users/rwalters/GitHub/gf180-pll/.loom/worktrees/issue-32/sim/vco-tuning-range/testbench/tb_vco_tuning.sp"
.end

======== band 6 :: ngspice output ========

Note: Compatibility modes selected: hs a

Warning: m=xx on .subckt line will override multiplier m hierarchy!


Circuit: * generated by simenv.sh -- do not edit; edit /users/rwalters/github/gf180-pll/.loom/worktrees/issue-32/sim/vco-tuning-range/testbench/tb_vco_tuning.sp instead

Doing analysis at TEMP = 27.000000 and TNOM = 27.000000

Using SPARSE 1.3 as Direct Linear Solver

Initial Transient Solution
--------------------------

Node                                   Voltage
----                                   -------
vdd                                        3.3
nb0                                          0
nb1                                        3.3
nb2                                        3.3
vc1                                        0.9
vc2                                        1.2
vc3                                        1.5
vc4                                        1.8
vc5                                        2.1
vc6                                        2.4
vc7                                        2.7
nv1                                        3.3
nv2                                        3.3
nv3                                        3.3
nv4                                        3.3
nv5                                        3.3
nv6                                        3.3
nv7                                        3.3
x1.xbias.na                           0.817323
x1.xbias.vbpc                          2.46491
x1.xbias.nc                           0.116926
x1.xbias.xrcg.11                      0.116704
x1.xbias.xrcg.21                   0.000221579
x1.xbias.nsu                         0.0157954
x1.xbias.vfix                           1.4849
x1.xbias.nmd                          0.641668
x1.xbias.vbp0                          2.58349
x1.xbias.noff                         0.658663
x1.xbias.xroff.11                     0.658445
x1.xbias.xroff.21                  0.000218319
x1.xbias.nvi                          0.251121
x1.xbias.xrdeg.11                     0.251038
x1.xbias.xrdeg.21                   8.3236e-05
x1.xbias.b0b                               3.3
x1.xbias.b1b                       5.72155e-09
x1.xbias.b2b                       5.72155e-09
x1.xbias.vbn1                         0.595052
x1.xbias.ga                                3.3
x1.xbias.vbp2                          2.53345
x1.xbias.gb                           0.595052
x1.vbn                                0.780676
x1.xbias.gc                            2.53345
x1.vbp                                 2.37774
x1.xs1.nh                              1.24111
x1.y1                                        0
x1.y5                                        0
x1.xs1.nt                         -3.62986e-33
x1.xs2.nh                                  3.3
x1.y2                                      3.3
x1.xs2.nt                          1.12189e-07
x1.xs3.nh                                  3.3
x1.y3                                        0
x1.xs3.nt                          2.98328e-46
x1.xs4.nh                                  3.3
x1.y4                                      3.3
x1.xs4.nt                          1.12189e-07
x1.xs5.nh                                  3.3
x1.xs5.nt                          2.98328e-46
x1.nb1                                     3.3
x1.nb2                              4.2703e-09
clk1                                       3.3
x1.xcdec1.c_moscap_int1                   -3.3
x1.xcdec2.c_moscap_int1                   -3.3
x2.xbias.na                           0.817323
x2.xbias.vbpc                          2.46491
x2.xbias.nc                           0.116926
x2.xbias.xrcg.11                      0.116704
x2.xbias.xrcg.21                   0.000221579
x2.xbias.nsu                         0.0157954
x2.xbias.vfix                           1.4849
x2.xbias.nmd                          0.641668
x2.xbias.vbp0                          2.57045
x2.xbias.noff                         0.658642
x2.xbias.xroff.11                     0.658424
x2.xbias.xroff.21                  0.000218312
x2.xbias.nvi                           0.45502
x2.xbias.xrdeg.11                     0.454869
x2.xbias.xrdeg.21                   0.00015082
x2.xbias.b0b                               3.3
x2.xbias.b1b                       5.72155e-09
x2.xbias.b2b                       5.72155e-09
x2.xbias.vbn1                         0.606609
x2.xbias.ga                                3.3
x2.xbias.vbp2                          2.51789
x2.xbias.gb                           0.606609
x2.vbn                                 0.80447
x2.xbias.gc                            2.51789
x2.vbp                                  2.3497
x2.xs1.nh                              1.26621
x2.y1                                        0
x2.y5                                        0
x2.xs1.nt                          7.66203e-48
x2.xs2.nh                                  3.3
x2.y2                                      3.3
x2.xs2.nt                          1.00154e-07
x2.xs3.nh                                  3.3
x2.y3                                        0
x2.xs3.nt                          1.02288e-73
x2.xs4.nh                                  3.3
x2.y4                                      3.3
x2.xs4.nt                          1.00154e-07
x2.xs5.nh                                  3.3
x2.xs5.nt                          1.02288e-73
x2.nb1                                     3.3
x2.nb2                              4.2703e-09
clk2                                       3.3
x2.xcdec1.c_moscap_int1                   -3.3
x2.xcdec2.c_moscap_int1                   -3.3
x3.xbias.na                           0.817323
x3.xbias.vbpc                          2.46491
x3.xbias.nc                           0.116926
x3.xbias.xrcg.11                      0.116704
x3.xbias.xrcg.21                   0.000221579
x3.xbias.nsu                         0.0157954
x3.xbias.vfix                           1.4849
x3.xbias.nmd                          0.641668
x3.xbias.vbp0                          2.55848
x3.xbias.noff                         0.658622
x3.xbias.xroff.11                     0.658404
x3.xbias.xroff.21                  0.000218305
x3.xbias.nvi                          0.669605
x3.xbias.xrdeg.11                     0.669383
x3.xbias.xrdeg.21                  0.000221945
x3.xbias.b0b                               3.3
x3.xbias.b1b                       5.72155e-09
x3.xbias.b2b                       5.72155e-09
x3.xbias.vbn1                         0.617141
x3.xbias.ga                                3.3
x3.xbias.vbp2                          2.50339
x3.xbias.gb                           0.617141
x3.vbn                                0.827157
x3.xbias.gc                            2.50339
x3.vbp                                 2.32286
x3.xs1.nh                              1.29029
x3.y1                                        0
x3.y5                                        0
x3.xs1.nt                          -3.6388e-25
x3.xs2.nh                                  3.3
x3.y2                                      3.3
x3.xs2.nt                           9.0826e-08
x3.xs3.nh                                  3.3
x3.y3                                        0
x3.xs3.nt                          2.72946e-32
x3.xs4.nh                                  3.3
x3.y4                                      3.3
x3.xs4.nt                           9.0826e-08
x3.xs5.nh                                  3.3
x3.xs5.nt                          2.72946e-32
x3.nb1                                     3.3
x3.nb2                              4.2703e-09
clk3                                       3.3
x3.xcdec1.c_moscap_int1                   -3.3
x3.xcdec2.c_moscap_int1                   -3.3
x4.xbias.na                           0.817323
x4.xbias.vbpc                          2.46491
x4.xbias.nc                           0.116926
x4.xbias.xrcg.11                      0.116704
x4.xbias.xrcg.21                   0.000221579
x4.xbias.nsu                         0.0157954
x4.xbias.vfix                           1.4849
x4.xbias.nmd                          0.641668
x4.xbias.vbp0                          2.54748
x4.xbias.noff                         0.658604
x4.xbias.xroff.11                     0.658386
x4.xbias.xroff.21                  0.000218299
x4.xbias.nvi                          0.891105
x4.xbias.xrdeg.11                      0.89081
x4.xbias.xrdeg.21                  0.000295363
x4.xbias.b0b                               3.3
x4.xbias.b1b                       5.72155e-09
x4.xbias.b2b                       5.72155e-09
x4.xbias.vbn1                         0.626758
x4.xbias.ga                                3.3
x4.xbias.vbp2                           2.4899
x4.xbias.gb                           0.626758
x4.vbn                                0.848715
x4.xbias.gc                             2.4899
x4.vbp                                 2.29731
x4.xs1.nh                              1.31327
x4.y1                                        0
x4.y5                                        0
x4.xs1.nt                          2.14057e-33
x4.xs2.nh                                  3.3
x4.y2                                      3.3
x4.xs2.nt                          8.34437e-08
x4.xs3.nh                                  3.3
x4.y3                                        0
x4.xs3.nt                          5.01247e-60
x4.xs4.nh                                  3.3
x4.y4                                      3.3
x4.xs4.nt                          8.34437e-08
x4.xs5.nh                                  3.3
x4.xs5.nt                          5.01247e-60
x4.nb1                                     3.3
x4.nb2                              4.2703e-09
clk4                                       3.3
x4.xcdec1.c_moscap_int1                   -3.3
x4.xcdec2.c_moscap_int1                   -3.3
x5.xbias.na                           0.817323
x5.xbias.vbpc                          2.46491
x5.xbias.nc                           0.116926
x5.xbias.xrcg.11                      0.116704
x5.xbias.xrcg.21                   0.000221579
x5.xbias.nsu                         0.0157954
x5.xbias.vfix                           1.4849
x5.xbias.nmd                          0.641668
x5.xbias.vbp0                          2.53729
x5.xbias.noff                         0.658587
x5.xbias.xroff.11                     0.658369
x5.xbias.xroff.21                  0.000218293
x5.xbias.nvi                            1.1178
x5.xbias.xrdeg.11                      1.11743
x5.xbias.xrdeg.21                  0.000370503
x5.xbias.b0b                               3.3
x5.xbias.b1b                       5.72155e-09
x5.xbias.b2b                       5.72155e-09
x5.xbias.vbn1                         0.635616
x5.xbias.ga                                3.3
x5.xbias.vbp2                          2.47725
x5.xbias.gb                           0.635616
x5.vbn                                0.869281
x5.xbias.gc                            2.47725
x5.vbp                                 2.27293
x5.xs1.nh                              1.33524
x5.y1                                        0
x5.y5                                        0
x5.xs1.nt                         -9.72775e-63
x5.xs2.nh                                  3.3
x5.y2                                      3.3
x5.xs2.nt                          7.74576e-08
x5.xs3.nh                                  3.3
x5.y3                                        0
x5.xs3.nt                         1.62135e-114
x5.xs4.nh                                  3.3
x5.y4                                      3.3
x5.xs4.nt                          7.74576e-08
x5.xs5.nh                                  3.3
x5.xs5.nt                         1.62135e-114
x5.nb1                                     3.3
x5.nb2                              4.2703e-09
clk5                                       3.3
x5.xcdec1.c_moscap_int1                   -3.3
x5.xcdec2.c_moscap_int1                   -3.3
x6.xbias.na                           0.817323
x6.xbias.vbpc                          2.46491
x6.xbias.nc                           0.116926
x6.xbias.xrcg.11                      0.116704
x6.xbias.xrcg.21                   0.000221579
x6.xbias.nsu                         0.0157954
x6.xbias.vfix                           1.4849
x6.xbias.nmd                          0.641668
x6.xbias.vbp0                          2.52777
x6.xbias.noff                         0.658571
x6.xbias.xroff.11                     0.658353
x6.xbias.xroff.21                  0.000218288
x6.xbias.nvi                           1.34868
x6.xbias.xrdeg.11                      1.34824
x6.xbias.xrdeg.21                  0.000447031
x6.xbias.b0b                               3.3
x6.xbias.b1b                       5.72155e-09
x6.xbias.b2b                       5.72155e-09
x6.xbias.vbn1                         0.643843
x6.xbias.ga                                3.3
x6.xbias.vbp2                          2.46533
x6.xbias.gb                           0.643843
x6.vbn                                0.888993
x6.xbias.gc                            2.46533
x6.vbp                                 2.24958
x6.xs1.nh                              1.35631
x6.y1                                        0
x6.y5                                        0
x6.xs1.nt                           7.1432e-63
x6.xs2.nh                                  3.3
x6.y2                                      3.3
x6.xs2.nt                          7.24988e-08
x6.xs3.nh                                  3.3
x6.y3                                        0
x6.xs3.nt                        -3.65963e-115
x6.xs4.nh                                  3.3
x6.y4                                      3.3
x6.xs4.nt                          7.24988e-08
x6.xs5.nh                                  3.3
x6.xs5.nt                        -3.65963e-115
x6.nb1                                     3.3
x6.nb2                              4.2703e-09
clk6                                       3.3
x6.xcdec1.c_moscap_int1                   -3.3
x6.xcdec2.c_moscap_int1                   -3.3
x7.xbias.na                           0.817323
x7.xbias.vbpc                          2.46491
x7.xbias.nc                           0.116926
x7.xbias.xrcg.11                      0.116704
x7.xbias.xrcg.21                   0.000221579
x7.xbias.nsu                         0.0157954
x7.xbias.vfix                           1.4849
x7.xbias.nmd                          0.641668
x7.xbias.vbp0                          2.51881
x7.xbias.noff                         0.658557
x7.xbias.xroff.11                     0.658338
x7.xbias.xroff.21                  0.000218283
x7.xbias.nvi                           1.58307
x7.xbias.xrdeg.11                      1.58255
x7.xbias.xrdeg.21                   0.00052472
x7.xbias.b0b                               3.3
x7.xbias.b1b                       5.72155e-09
x7.xbias.b2b                       5.72155e-09
x7.xbias.vbn1                         0.651544
x7.xbias.ga                                3.3
x7.xbias.vbp2                          2.45401
x7.xbias.gb                           0.651544
x7.vbn                                0.907969
x7.xbias.gc                            2.45401
x7.vbp                                 2.22714
x7.xs1.nh                              1.37659
x7.y1                                        0
x7.y5                                        0
x7.xs1.nt                         -5.11818e-71
x7.xs2.nh                                  3.3
x7.y2                                      3.3
x7.xs2.nt                          6.83159e-08
x7.xs3.nh                                  3.3
x7.y3                                        0
x7.xs3.nt                        -5.96529e-115
x7.xs4.nh                                  3.3
x7.y4                                      3.3
x7.xs4.nt                          6.83159e-08
x7.xs5.nh                                  3.3
x7.xs5.nt                        -5.96529e-115
x7.nb1                                     3.3
x7.nb2                              4.2703e-09
clk7                                       3.3
x7.xcdec1.c_moscap_int1                   -3.3
x7.xcdec2.c_moscap_int1                   -3.3
e.x7.xcdec2.ec_moscap#branch                 0
e.x7.xcdec1.ec_moscap#branch                 0
e.x6.xcdec2.ec_moscap#branch                 0
e.x6.xcdec1.ec_moscap#branch                 0
e.x5.xcdec2.ec_moscap#branch                 0
e.x5.xcdec1.ec_moscap#branch                 0
e.x4.xcdec2.ec_moscap#branch                 0
e.x4.xcdec1.ec_moscap#branch                 0
e.x3.xcdec2.ec_moscap#branch                 0
e.x3.xcdec1.ec_moscap#branch                 0
e.x2.xcdec2.ec_moscap#branch                 0
e.x2.xcdec1.ec_moscap#branch                 0
e.x1.xcdec2.ec_moscap#branch                 0
e.x1.xcdec1.ec_moscap#branch                 0
vs7#branch                         0.000270899
vs6#branch                         0.000245751
vs5#branch                         0.000220838
vs4#branch                         0.000196219
vs3#branch                         0.000171987
vs2#branch                         0.000148312
vs1#branch                         0.000125583
vv7#branch                                   0
vv6#branch                                   0
vv5#branch                                   0
vv4#branch                                   0
vv3#branch                                   0
vv2#branch                                   0
vv1#branch                                   0
vb2#branch                                   0
vb1#branch                                   0
vb0#branch                                   0
vdd#branch                         -0.00137959


No. of Data Rows : 2353

  Measurements for Transient Analysis

tp1                 =  4.97827e-08 targ=  9.98461e-08 trig=  5.00634e-08
tp2                 =  4.03941e-08 targ=  9.11994e-08 trig=  5.08053e-08
tp3                 =  3.36027e-08 targ=  8.42833e-08 trig=  5.06805e-08
tp4                 =  2.85203e-08 targ=  7.87017e-08 trig=  5.01814e-08
tp5                 =  2.45955e-08 targ=  7.40972e-08 trig=  4.95017e-08
tp6                 =  2.15369e-08 targ=  7.02745e-08 trig=  4.87376e-08
tp7                 =  1.90789e-08 targ=  6.70082e-08 trig=  4.79293e-08
f1                  =  8.03492e+07
f2                  =  9.90243e+07
f3                  =  1.19038e+08
f4                  =  1.40251e+08
f5                  =  1.62631e+08
f6                  =  1.85728e+08
f7                  =  2.09655e+08
i1                  =  1.83126e-04 from=  4.40498e-08 to=  1.21137e-07
i2                  =  2.15270e-04 from=  4.40498e-08 to=  1.21137e-07
i3                  =  2.47786e-04 from=  4.40498e-08 to=  1.21137e-07
i4                  =  2.80676e-04 from=  4.40498e-08 to=  1.21137e-07
i5                  =  3.16334e-04 from=  4.40498e-08 to=  1.21137e-07
i6                  =  3.50886e-04 from=  4.40498e-08 to=  1.21137e-07
i7                  =  3.85804e-04 from=  4.40498e-08 to=  1.21137e-07
sw1hi               =  3.34756e+00 at=  7.50301e-08
sw1lo               =  -1.17126e-01 at=  5.60577e-08
sw7hi               =  3.44340e+00 at=  9.09250e-08
sw7lo               =  -1.84506e-01 at=  1.12276e-07


Total analysis time (seconds) = 260.083

Total elapsed time (seconds) = 270.110 

Total DRAM available = 98304.000 MB.
DRAM currently available = 13969.984 MB.
Maximum ngspice program size =   23.922 MB.
Current ngspice program size =   23.922 MB.


======== band 7 :: generated deck (ff_27c_3.30v) ========
* GENERATED by simenv.sh -- do not edit; edit /Users/rwalters/GitHub/gf180-pll/.loom/worktrees/issue-32/sim/vco-tuning-range/testbench/tb_vco_tuning.sp instead
* tag=ff_T27_V3p30_B7 libs=ff,res_typical,moscap_typical temp=27C
.include "/Users/rwalters/.volare/gf180mcuD/libs.tech/ngspice/design.ngspice"
.lib "/Users/rwalters/.volare/gf180mcuD/libs.tech/ngspice/sm141064.ngspice" ff
.lib "/Users/rwalters/.volare/gf180mcuD/libs.tech/ngspice/sm141064.ngspice" res_typical
.lib "/Users/rwalters/.volare/gf180mcuD/libs.tech/ngspice/sm141064.ngspice" moscap_typical
.temp 27
.param sim_temp=27
.param vsup=3.30
.param b0v=1*3.30
.param b1v=1*3.30
.param b2v=1*3.30
.param tsettle=2.66969e-08
.param tstop=7.34165e-08
.param tstep=3.545e-11
.param tmax=3.545e-11
.include "/Users/rwalters/GitHub/gf180-pll/.loom/worktrees/issue-32/sim/vco-tuning-range/testbench/tb_vco_tuning.sp"
.end

======== band 7 :: ngspice output ========

Note: Compatibility modes selected: hs a

Warning: m=xx on .subckt line will override multiplier m hierarchy!


Circuit: * generated by simenv.sh -- do not edit; edit /users/rwalters/github/gf180-pll/.loom/worktrees/issue-32/sim/vco-tuning-range/testbench/tb_vco_tuning.sp instead

Doing analysis at TEMP = 27.000000 and TNOM = 27.000000

Using SPARSE 1.3 as Direct Linear Solver

Initial Transient Solution
--------------------------

Node                                   Voltage
----                                   -------
vdd                                        3.3
nb0                                        3.3
nb1                                        3.3
nb2                                        3.3
vc1                                        0.9
vc2                                        1.2
vc3                                        1.5
vc4                                        1.8
vc5                                        2.1
vc6                                        2.4
vc7                                        2.7
nv1                                        3.3
nv2                                        3.3
nv3                                        3.3
nv4                                        3.3
nv5                                        3.3
nv6                                        3.3
nv7                                        3.3
x1.xbias.na                           0.817323
x1.xbias.vbpc                          2.46491
x1.xbias.nc                           0.116926
x1.xbias.xrcg.11                      0.116704
x1.xbias.xrcg.21                   0.000221579
x1.xbias.nsu                         0.0157954
x1.xbias.vfix                           1.4849
x1.xbias.nmd                          0.641668
x1.xbias.vbp0                          2.58349
x1.xbias.noff                         0.658663
x1.xbias.xroff.11                     0.658445
x1.xbias.xroff.21                  0.000218319
x1.xbias.nvi                          0.251121
x1.xbias.xrdeg.11                     0.251038
x1.xbias.xrdeg.21                   8.3236e-05
x1.xbias.b0b                       5.72155e-09
x1.xbias.b1b                       5.72155e-09
x1.xbias.b2b                       5.72155e-09
x1.xbias.vbn1                         0.625036
x1.xbias.ga                            2.58349
x1.xbias.vbp2                          2.49233
x1.xbias.gb                           0.625036
x1.vbn                                0.844795
x1.xbias.gc                            2.49233
x1.vbp                                 2.30196
x1.xs1.nh                              1.30909
x1.y1                                        0
x1.y5                                        0
x1.xs1.nt                          -9.3976e-33
x1.xs2.nh                                  3.3
x1.y2                                      3.3
x1.xs2.nt                          8.46944e-08
x1.xs3.nh                                  3.3
x1.y3                                        0
x1.xs3.nt                         -2.72039e-46
x1.xs4.nh                                  3.3
x1.y4                                      3.3
x1.xs4.nt                          8.46944e-08
x1.xs5.nh                                  3.3
x1.xs5.nt                         -2.72039e-46
x1.nb1                                     3.3
x1.nb2                              4.2703e-09
clk1                                       3.3
x1.xcdec1.c_moscap_int1                   -3.3
x1.xcdec2.c_moscap_int1                   -3.3
x2.xbias.na                           0.817323
x2.xbias.vbpc                          2.46491
x2.xbias.nc                           0.116926
x2.xbias.xrcg.11                      0.116704
x2.xbias.xrcg.21                   0.000221579
x2.xbias.nsu                         0.0157954
x2.xbias.vfix                           1.4849
x2.xbias.nmd                          0.641668
x2.xbias.vbp0                          2.57045
x2.xbias.noff                         0.658642
x2.xbias.xroff.11                     0.658424
x2.xbias.xroff.21                  0.000218312
x2.xbias.nvi                           0.45502
x2.xbias.xrdeg.11                     0.454869
x2.xbias.xrdeg.21                   0.00015082
x2.xbias.b0b                       5.72155e-09
x2.xbias.b1b                       5.72155e-09
x2.xbias.b2b                       5.72155e-09
x2.xbias.vbn1                          0.63815
x2.xbias.ga                            2.57045
x2.xbias.vbp2                           2.4736
x2.xbias.gb                            0.63815
x2.vbn                                0.875291
x2.xbias.gc                             2.4736
x2.vbp                                 2.26581
x2.xs1.nh                              1.34166
x2.y1                                        0
x2.y5                                        0
x2.xs1.nt                         -1.03538e-33
x2.xs2.nh                                  3.3
x2.y2                                      3.3
x2.xs2.nt                          7.58721e-08
x2.xs3.nh                                  3.3
x2.y3                                        0
x2.xs3.nt                         -2.66622e-46
x2.xs4.nh                                  3.3
x2.y4                                      3.3
x2.xs4.nt                          7.58721e-08
x2.xs5.nh                                  3.3
x2.xs5.nt                         -2.66622e-46
x2.nb1                                     3.3
x2.nb2                              4.2703e-09
clk2                                       3.3
x2.xcdec1.c_moscap_int1                   -3.3
x2.xcdec2.c_moscap_int1                   -3.3
x3.xbias.na                           0.817323
x3.xbias.vbpc                          2.46491
x3.xbias.nc                           0.116926
x3.xbias.xrcg.11                      0.116704
x3.xbias.xrcg.21                   0.000221579
x3.xbias.nsu                         0.0157954
x3.xbias.vfix                           1.4849
x3.xbias.nmd                          0.641668
x3.xbias.vbp0                          2.55848
x3.xbias.noff                         0.658622
x3.xbias.xroff.11                     0.658404
x3.xbias.xroff.21                  0.000218305
x3.xbias.nvi                          0.669605
x3.xbias.xrdeg.11                     0.669383
x3.xbias.xrdeg.21                  0.000221945
x3.xbias.b0b                       5.72155e-09
x3.xbias.b1b                       5.72155e-09
x3.xbias.b2b                       5.72155e-09
x3.xbias.vbn1                         0.650225
x3.xbias.ga                            2.55848
x3.xbias.vbp2                          2.45596
x3.xbias.gb                           0.650225
x3.vbn                                0.904684
x3.xbias.gc                            2.45596
x3.vbp                                 2.23102
x3.xs1.nh                              1.37308
x3.y1                                        0
x3.y5                                        0
x3.xs1.nt                          3.03848e-17
x3.xs2.nh                                  3.3
x3.y2                                      3.3
x3.xs2.nt                          6.90031e-08
x3.xs3.nh                                  3.3
x3.y3                                        0
x3.xs3.nt                          -1.5326e-32
x3.xs4.nh                                  3.3
x3.y4                                      3.3
x3.xs4.nt                          6.90031e-08
x3.xs5.nh                                  3.3
x3.xs5.nt                          -1.5326e-32
x3.nb1                                     3.3
x3.nb2                              4.2703e-09
clk3                                       3.3
x3.xcdec1.c_moscap_int1                   -3.3
x3.xcdec2.c_moscap_int1                   -3.3
x4.xbias.na                           0.817323
x4.xbias.vbpc                          2.46491
x4.xbias.nc                           0.116926
x4.xbias.xrcg.11                      0.116704
x4.xbias.xrcg.21                   0.000221579
x4.xbias.nsu                         0.0157954
x4.xbias.vfix                           1.4849
x4.xbias.nmd                          0.641668
x4.xbias.vbp0                          2.54748
x4.xbias.noff                         0.658604
x4.xbias.xroff.11                     0.658386
x4.xbias.xroff.21                  0.000218299
x4.xbias.nvi                          0.891105
x4.xbias.xrdeg.11                      0.89081
x4.xbias.xrdeg.21                  0.000295363
x4.xbias.b0b                       5.72155e-09
x4.xbias.b1b                       5.72155e-09
x4.xbias.b2b                       5.72155e-09
x4.xbias.vbn1                         0.661353
x4.xbias.ga                            2.54748
x4.xbias.vbp2                          2.43938
x4.xbias.gb                           0.661353
x4.vbn                                0.932873
x4.xbias.gc                            2.43938
x4.vbp                                 2.19777
x4.xs1.nh                              1.40318
x4.y1                                        0
x4.y5                                        0
x4.xs1.nt                         -1.76829e-17
x4.xs2.nh                                  3.3
x4.y2                                      3.3
x4.xs2.nt                           6.3547e-08
x4.xs3.nh                                  3.3
x4.y3                                        0
x4.xs3.nt                         -8.39745e-19
x4.xs4.nh                                  3.3
x4.y4                                      3.3
x4.xs4.nt                           6.3547e-08
x4.xs5.nh                                  3.3
x4.xs5.nt                         -8.39745e-19
x4.nb1                                     3.3
x4.nb2                              4.2703e-09
clk4                                       3.3
x4.xcdec1.c_moscap_int1                   -3.3
x4.xcdec2.c_moscap_int1                   -3.3
x5.xbias.na                           0.817323
x5.xbias.vbpc                          2.46491
x5.xbias.nc                           0.116926
x5.xbias.xrcg.11                      0.116704
x5.xbias.xrcg.21                   0.000221579
x5.xbias.nsu                         0.0157954
x5.xbias.vfix                           1.4849
x5.xbias.nmd                          0.641668
x5.xbias.vbp0                          2.53729
x5.xbias.noff                         0.658587
x5.xbias.xroff.11                     0.658369
x5.xbias.xroff.21                  0.000218293
x5.xbias.nvi                            1.1178
x5.xbias.xrdeg.11                      1.11743
x5.xbias.xrdeg.21                  0.000370503
x5.xbias.b0b                       5.72155e-09
x5.xbias.b1b                       5.72155e-09
x5.xbias.b2b                       5.72155e-09
x5.xbias.vbn1                         0.671684
x5.xbias.ga                            2.53729
x5.xbias.vbp2                          2.42372
x5.xbias.gb                           0.671684
x5.vbn                                0.959975
x5.xbias.gc                            2.42372
x5.vbp                                 2.16595
x5.xs1.nh                              1.43205
x5.y1                                        0
x5.y5                                        0
x5.xs1.nt                         -2.36877e-18
x5.xs2.nh                                  3.3
x5.y2                                      3.3
x5.xs2.nt                          5.91101e-08
x5.xs3.nh                                  3.3
x5.y3                                        0
x5.xs3.nt                          1.26934e-16
x5.xs4.nh                                  3.3
x5.y4                                      3.3
x5.xs4.nt                          5.91101e-08
x5.xs5.nh                                  3.3
x5.xs5.nt                          1.26934e-16
x5.nb1                                     3.3
x5.nb2                              4.2703e-09
clk5                                       3.3
x5.xcdec1.c_moscap_int1                   -3.3
x5.xcdec2.c_moscap_int1                   -3.3
x6.xbias.na                           0.817323
x6.xbias.vbpc                          2.46491
x6.xbias.nc                           0.116926
x6.xbias.xrcg.11                      0.116704
x6.xbias.xrcg.21                   0.000221579
x6.xbias.nsu                         0.0157954
x6.xbias.vfix                           1.4849
x6.xbias.nmd                          0.641668
x6.xbias.vbp0                          2.52777
x6.xbias.noff                         0.658571
x6.xbias.xroff.11                     0.658353
x6.xbias.xroff.21                  0.000218288
x6.xbias.nvi                           1.34868
x6.xbias.xrdeg.11                      1.34824
x6.xbias.xrdeg.21                  0.000447031
x6.xbias.b0b                       5.72155e-09
x6.xbias.b1b                       5.72155e-09
x6.xbias.b2b                       5.72155e-09
x6.xbias.vbn1                          0.68135
x6.xbias.ga                            2.52777
x6.xbias.vbp2                          2.40884
x6.xbias.gb                            0.68135
x6.vbn                                0.986128
x6.xbias.gc                            2.40884
x6.vbp                                 2.13541
x6.xs1.nh                              1.45981
x6.y1                                        0
x6.y5                                        0
x6.xs1.nt                          1.70019e-18
x6.xs2.nh                                  3.3
x6.y2                                      3.3
x6.xs2.nt                          5.54262e-08
x6.xs3.nh                                  3.3
x6.y3                                        0
x6.xs3.nt                          1.29379e-17
x6.xs4.nh                                  3.3
x6.y4                                      3.3
x6.xs4.nt                          5.54262e-08
x6.xs5.nh                                  3.3
x6.xs5.nt                          1.29379e-17
x6.nb1                                     3.3
x6.nb2                              4.2703e-09
clk6                                       3.3
x6.xcdec1.c_moscap_int1                   -3.3
x6.xcdec2.c_moscap_int1                   -3.3
x7.xbias.na                           0.817323
x7.xbias.vbpc                          2.46491
x7.xbias.nc                           0.116926
x7.xbias.xrcg.11                      0.116704
x7.xbias.xrcg.21                   0.000221579
x7.xbias.nsu                         0.0157954
x7.xbias.vfix                           1.4849
x7.xbias.nmd                          0.641668
x7.xbias.vbp0                          2.51881
x7.xbias.noff                         0.658557
x7.xbias.xroff.11                     0.658338
x7.xbias.xroff.21                  0.000218283
x7.xbias.nvi                           1.58307
x7.xbias.xrdeg.11                      1.58255
x7.xbias.xrdeg.21                   0.00052472
x7.xbias.b0b                       5.72155e-09
x7.xbias.b1b                       5.72155e-09
x7.xbias.b2b                       5.72155e-09
x7.xbias.vbn1                         0.690455
x7.xbias.ga                            2.51881
x7.xbias.vbp2                          2.39464
x7.xbias.gb                           0.690455
x7.vbn                                 1.01146
x7.xbias.gc                            2.39464
x7.vbp                                 2.10599
x7.xs1.nh                              1.48659
x7.y1                                        0
x7.y5                                        0
x7.xs1.nt                         -1.43725e-40
x7.xs2.nh                                  3.3
x7.y2                                      3.3
x7.xs2.nt                           5.2313e-08
x7.xs3.nh                                  3.3
x7.y3                                        0
x7.xs3.nt                          2.25587e-74
x7.xs4.nh                                  3.3
x7.y4                                      3.3
x7.xs4.nt                           5.2313e-08
x7.xs5.nh                                  3.3
x7.xs5.nt                          2.25587e-74
x7.nb1                                     3.3
x7.nb2                              4.2703e-09
clk7                                       3.3
x7.xcdec1.c_moscap_int1                   -3.3
x7.xcdec2.c_moscap_int1                   -3.3
e.x7.xcdec2.ec_moscap#branch                 0
e.x7.xcdec1.ec_moscap#branch                 0
e.x6.xcdec2.ec_moscap#branch                 0
e.x6.xcdec1.ec_moscap#branch                 0
e.x5.xcdec2.ec_moscap#branch                 0
e.x5.xcdec1.ec_moscap#branch                 0
e.x4.xcdec2.ec_moscap#branch                 0
e.x4.xcdec1.ec_moscap#branch                 0
e.x3.xcdec2.ec_moscap#branch                 0
e.x3.xcdec1.ec_moscap#branch                 0
e.x2.xcdec2.ec_moscap#branch                 0
e.x2.xcdec1.ec_moscap#branch                 0
e.x1.xcdec2.ec_moscap#branch                 0
e.x1.xcdec1.ec_moscap#branch                 0
vs7#branch                         0.000411957
vs6#branch                         0.000372834
vs5#branch                         0.000334074
vs4#branch                         0.000295773
vs3#branch                          0.00025808
vs2#branch                         0.000221265
vs1#branch                         0.000185938
vv7#branch                                   0
vv6#branch                                   0
vv5#branch                                   0
vv4#branch                                   0
vv3#branch                                   0
vv2#branch                                   0
vv1#branch                                   0
vb2#branch                                   0
vb1#branch                                   0
vb0#branch                                   0
vdd#branch                         -0.00207992


No. of Data Rows : 2332

  Measurements for Transient Analysis

tp1                 =  2.93554e-08 targ=  5.89882e-08 trig=  2.96328e-08
tp2                 =  2.36056e-08 targ=  5.33950e-08 trig=  2.97894e-08
tp3                 =  1.94636e-08 targ=  4.89309e-08 trig=  2.94673e-08
tp4                 =  1.63972e-08 targ=  4.53724e-08 trig=  2.89752e-08
tp5                 =  1.40879e-08 targ=  4.25225e-08 trig=  2.84346e-08
tp6                 =  1.22920e-08 targ=  4.02084e-08 trig=  2.79164e-08
tp7                 =  1.08765e-08 targ=  3.83296e-08 trig=  2.74531e-08
f1                  =  1.36261e+08
f2                  =  1.69451e+08
f3                  =  2.05512e+08
f4                  =  2.43943e+08
f5                  =  2.83932e+08
f6                  =  3.25415e+08
f7                  =  3.67766e+08
i1                  =  2.66758e-04 from=  2.66969e-08 to=  7.34165e-08
i2                  =  3.16404e-04 from=  2.66969e-08 to=  7.34165e-08
i3                  =  3.73082e-04 from=  2.66969e-08 to=  7.34165e-08
i4                  =  4.24018e-04 from=  2.66969e-08 to=  7.34165e-08
i5                  =  4.76460e-04 from=  2.66969e-08 to=  7.34165e-08
i6                  =  5.31200e-04 from=  2.66969e-08 to=  7.34165e-08
i7                  =  5.86266e-04 from=  2.66969e-08 to=  7.34165e-08
sw1hi               =  3.32168e+00 at=  3.30370e-08
sw1lo               =  -8.23814e-02 at=  6.25535e-08
sw7hi               =  3.33802e+00 at=  5.31644e-08
sw7lo               =  -8.90751e-02 at=  5.60109e-08


Total analysis time (seconds) = 256.501

Total elapsed time (seconds) = 265.341 

Total DRAM available = 98304.000 MB.
DRAM currently available = 13972.047 MB.
Maximum ngspice program size =   23.891 MB.
Current ngspice program size =   23.891 MB.


