bundle,temp_c,vdd_v,band,vctrl_v,fosc_hz,kvco_hz_per_v,kvco_over_f_per_v,isupply_a,inside_v1_band
all-fast,-40,2.97,0,0.90,5414740,3724533,0.68785,5.48501e-05,0
all-fast,-40,2.97,0,1.20,6532100,3811783,0.58355,5.93219e-05,0
all-fast,-40,2.97,0,1.50,7701810,3950117,0.51288,6.52898e-05,0
all-fast,-40,2.97,0,1.80,8902170,4065817,0.45672,7.18394e-05,0
all-fast,-40,2.97,0,2.10,1.01413e+07,4108217,0.4051,7.81976e-05,1
all-fast,-40,2.97,0,2.40,1.13671e+07,4149500,0.36504,8.64625e-05,1
all-fast,-40,2.97,0,2.70,1.2631e+07,4213000,0.33354,9.20845e-05,1
all-fast,-40,2.97,1,0.90,8717610,6030967,0.69181,6.36183e-05,0
all-fast,-40,2.97,1,1.20,1.05269e+07,6232983,0.5921,7.13008e-05,1
all-fast,-40,2.97,1,1.50,1.24574e+07,6474000,0.51969,8.16073e-05,1
all-fast,-40,2.97,1,1.80,1.44113e+07,6574833,0.45623,8.91666e-05,1
all-fast,-40,2.97,1,2.10,1.64023e+07,6804000,0.41482,9.67807e-05,1
all-fast,-40,2.97,1,2.40,1.84937e+07,6925000,0.37445,0.00010675,1
all-fast,-40,2.97,1,2.70,2.05573e+07,6878667,0.33461,0.000113936,1
all-fast,-40,2.97,2,0.90,1.47e+07,1.018367e+07,0.69277,7.26616e-05,1
all-fast,-40,2.97,2,1.20,1.77551e+07,1.05445e+07,0.59389,8.29458e-05,1
all-fast,-40,2.97,2,1.50,2.10267e+07,1.115483e+07,0.53051,9.19609e-05,1
all-fast,-40,2.97,2,1.80,2.4448e+07,1.14415e+07,0.46799,0.000102252,1
all-fast,-40,2.97,2,2.10,2.78916e+07,1.147067e+07,0.41126,0.000113332,1
all-fast,-40,2.97,2,2.40,3.13304e+07,1.187383e+07,0.37899,0.000123006,1
all-fast,-40,2.97,2,2.70,3.50159e+07,1.2285e+07,0.35084,0.000135086,1
all-fast,-40,2.97,3,0.90,2.38857e+07,1.7051e+07,0.71386,9.39259e-05,1
all-fast,-40,2.97,3,1.20,2.9001e+07,1.753183e+07,0.60453,0.000107348,1
all-fast,-40,2.97,3,1.50,3.44048e+07,1.84925e+07,0.5375,0.000122642,1
all-fast,-40,2.97,3,1.80,4.00965e+07,1.915833e+07,0.47781,0.000136556,1
all-fast,-40,2.97,3,2.10,4.58998e+07,1.958083e+07,0.4266,0.000151864,1
all-fast,-40,2.97,3,2.40,5.1845e+07,2.026233e+07,0.39083,0.000167553,1
all-fast,-40,2.97,3,2.70,5.80572e+07,2.070733e+07,0.35667,0.000182821,1
all-fast,-40,2.97,4,0.90,3.99085e+07,2.8945e+07,0.72528,0.000103623,1
all-fast,-40,2.97,4,1.20,4.8592e+07,3.0071e+07,0.61885,0.000118566,1
all-fast,-40,2.97,4,1.50,5.79511e+07,3.1942e+07,0.55119,0.000135015,1
all-fast,-40,2.97,4,1.80,6.77572e+07,3.326167e+07,0.49089,0.000151674,1
all-fast,-40,2.97,4,2.10,7.79081e+07,3.423333e+07,0.43941,0.000168197,1
all-fast,-40,2.97,4,2.40,8.82972e+07,3.553133e+07,0.40241,0.000185911,1
all-fast,-40,2.97,4,2.70,9.92269e+07,3.643233e+07,0.36716,0.000205366,1
all-fast,-40,2.97,5,0.90,6.61846e+07,5.003167e+07,0.75594,0.000141665,1
all-fast,-40,2.97,5,1.20,8.11941e+07,5.193167e+07,0.6396,0.000163864,1
all-fast,-40,2.97,5,1.50,9.73436e+07,5.544317e+07,0.56956,0.000189333,1
all-fast,-40,2.97,5,1.80,1.1446e+08,5.832233e+07,0.50954,0.000214836,1
all-fast,-40,2.97,5,2.10,1.32337e+08,6.068667e+07,0.45858,0.000241039,1
all-fast,-40,2.97,5,2.40,1.50872e+08,6.2875e+07,0.41674,0.000266944,1
all-fast,-40,2.97,5,2.70,1.70062e+08,6.396667e+07,0.37614,0.000294405,1
all-fast,-40,2.97,6,0.90,1.16894e+08,9.156e+07,0.78327,0.00020107,1
all-fast,-40,2.97,6,1.20,1.44362e+08,9.555167e+07,0.66189,0.000235499,1
all-fast,-40,2.97,6,1.50,1.74225e+08,1.025e+08,0.58832,0.000274355,1
all-fast,-40,2.97,6,1.80,2.05862e+08,1.07885e+08,0.52406,0.000311363,0
all-fast,-40,2.97,6,2.10,2.38956e+08,1.121933e+08,0.46951,0.000352904,0
all-fast,-40,2.97,6,2.40,2.73178e+08,1.152183e+08,0.42177,0.000392444,0
all-fast,-40,2.97,6,2.70,3.08087e+08,1.163633e+08,0.3777,0.00043219,0
all-fast,-40,2.97,7,0.90,2.00941e+08,1.626867e+08,0.80962,0.000298052,0
all-fast,-40,2.97,7,1.20,2.49747e+08,1.69675e+08,0.67939,0.000353824,0
all-fast,-40,2.97,7,1.50,3.02746e+08,1.802633e+08,0.59543,0.000413062,0
all-fast,-40,2.97,7,1.80,3.57905e+08,1.854617e+08,0.51819,0.000471203,0
all-fast,-40,2.97,7,2.10,4.14023e+08,1.883433e+08,0.45491,0.000533426,0
all-fast,-40,2.97,7,2.40,4.70911e+08,1.9014e+08,0.40377,0.000594314,0
all-fast,-40,2.97,7,2.70,5.28107e+08,1.906533e+08,0.36101,0.000654404,0
all-fast,-40,3.30,0,0.90,4970070,3337333,0.67149,6.0568e-05,0
all-fast,-40,3.30,0,1.20,5971270,3405367,0.57029,6.69441e-05,0
all-fast,-40,3.30,0,1.50,7013290,3538300,0.50451,7.3547e-05,0
all-fast,-40,3.30,0,1.80,8094250,3609933,0.44599,7.86779e-05,0
all-fast,-40,3.30,0,2.10,9179250,3641583,0.39672,8.59287e-05,0
all-fast,-40,3.30,0,2.40,1.02792e+07,3631583,0.35329,9.197e-05,1
all-fast,-40,3.30,0,2.70,1.13582e+07,3596667,0.31666,9.89576e-05,1
all-fast,-40,3.30,1,0.90,7940700,5351167,0.67389,7.06008e-05,0
all-fast,-40,3.30,1,1.20,9546050,5473667,0.5734,7.89742e-05,0
all-fast,-40,3.30,1,1.50,1.12249e+07,5672750,0.50537,8.6644e-05,1
all-fast,-40,3.30,1,1.80,1.29497e+07,5842500,0.45117,9.63578e-05,1
all-fast,-40,3.30,1,2.10,1.47304e+07,5942167,0.40339,0.000105775,1
all-fast,-40,3.30,1,2.40,1.6515e+07,5930333,0.35909,0.000113647,1
all-fast,-40,3.30,1,2.70,1.82886e+07,5912000,0.32326,0.000122982,1
all-fast,-40,3.30,2,0.90,1.33099e+07,8991333,0.67554,8.03225e-05,1
all-fast,-40,3.30,2,1.20,1.60073e+07,9210833,0.57541,8.92122e-05,1
all-fast,-40,3.30,2,1.50,1.88364e+07,9617000,0.51055,9.93189e-05,1
all-fast,-40,3.30,2,1.80,2.17775e+07,9908000,0.45496,0.000110534,1
all-fast,-40,3.30,2,2.10,2.47812e+07,1.007183e+07,0.40643,0.000121466,1
all-fast,-40,3.30,2,2.40,2.78206e+07,1.019617e+07,0.3665,0.000131757,1
all-fast,-40,3.30,2,2.70,3.08989e+07,1.0261e+07,0.33208,0.000141513,1
all-fast,-40,3.30,3,0.90,2.13748e+07,1.463767e+07,0.68481,0.000101008,1
all-fast,-40,3.30,3,1.20,2.57661e+07,1.517317e+07,0.58888,0.000116584,1
all-fast,-40,3.30,3,1.50,3.04787e+07,1.584067e+07,0.51973,0.000131543,1
all-fast,-40,3.30,3,1.80,3.52705e+07,1.6415e+07,0.4654,0.000146757,1
all-fast,-40,3.30,3,2.10,4.03277e+07,1.678033e+07,0.4161,0.000161634,1
all-fast,-40,3.30,3,2.40,4.53387e+07,1.707967e+07,0.37671,0.000176163,1
all-fast,-40,3.30,3,2.70,5.05755e+07,1.7456e+07,0.34515,0.000191642,1
all-fast,-40,3.30,4,0.90,3.54568e+07,2.509167e+07,0.70767,0.000114158,1
all-fast,-40,3.30,4,1.20,4.29843e+07,2.582433e+07,0.60079,0.000128747,1
all-fast,-40,3.30,4,1.50,5.09514e+07,2.706183e+07,0.53113,0.00014531,1
all-fast,-40,3.30,4,1.80,5.92214e+07,2.802367e+07,0.4732,0.000163737,1
all-fast,-40,3.30,4,2.10,6.77656e+07,2.9028e+07,0.42836,0.000179778,1
all-fast,-40,3.30,4,2.40,7.66382e+07,2.947317e+07,0.38458,0.000198997,1
all-fast,-40,3.30,4,2.70,8.54495e+07,2.9371e+07,0.34372,0.000217884,1
all-fast,-40,3.30,5,0.90,5.80754e+07,4.199633e+07,0.72313,0.000150456,1
all-fast,-40,3.30,5,1.20,7.06743e+07,4.3631e+07,0.61735,0.000177001,1
all-fast,-40,3.30,5,1.50,8.4254e+07,4.610167e+07,0.54717,0.000200229,1
all-fast,-40,3.30,5,1.80,9.83353e+07,4.839e+07,0.49209,0.00022641,1
all-fast,-40,3.30,5,2.10,1.13288e+08,5.041783e+07,0.44504,0.000255007,1
all-fast,-40,3.30,5,2.40,1.28586e+08,5.2105e+07,0.40522,0.000280906,1
all-fast,-40,3.30,5,2.70,1.44551e+08,5.321667e+07,0.36815,0.000309238,1
all-fast,-40,3.30,6,0.90,1.01226e+08,7.617667e+07,0.75254,0.000215095,1
all-fast,-40,3.30,6,1.20,1.24079e+08,7.926e+07,0.63879,0.000250848,1
all-fast,-40,3.30,6,1.50,1.48782e+08,8.479167e+07,0.56991,0.000289623,1
all-fast,-40,3.30,6,1.80,1.74954e+08,8.911167e+07,0.50934,0.000328968,1
all-fast,-40,3.30,6,2.10,2.02249e+08,9.3755e+07,0.46356,0.000369019,0
all-fast,-40,3.30,6,2.40,2.31207e+08,9.675e+07,0.41846,0.000409148,0
all-fast,-40,3.30,6,2.70,2.60299e+08,9.697333e+07,0.37255,0.000451694,0
all-fast,-40,3.30,7,0.90,1.71225e+08,1.350533e+08,0.78875,0.000313655,1
all-fast,-40,3.30,7,1.20,2.11741e+08,1.41245e+08,0.66706,0.000373194,0
all-fast,-40,3.30,7,1.50,2.55972e+08,1.5177e+08,0.59292,0.000430927,0
all-fast,-40,3.30,7,1.80,3.02803e+08,1.599983e+08,0.52839,0.00049332,0
all-fast,-40,3.30,7,2.10,3.51971e+08,1.659683e+08,0.47154,0.000558,0
all-fast,-40,3.30,7,2.40,4.02384e+08,1.697083e+08,0.42176,0.000620131,0
all-fast,-40,3.30,7,2.70,4.53796e+08,1.713733e+08,0.37764,0.00068491,0
all-fast,-40,3.63,0,0.90,4684390,3057467,0.65269,6.91645e-05,0
all-fast,-40,3.63,0,1.20,5601630,3112617,0.55566,7.42101e-05,0
all-fast,-40,3.63,0,1.50,6551960,3221467,0.49168,8.17941e-05,0
all-fast,-40,3.63,0,1.80,7534510,3278767,0.43517,8.74496e-05,0
all-fast,-40,3.63,0,2.10,8519220,3284350,0.38552,9.35929e-05,0
all-fast,-40,3.63,0,2.40,9505120,3292967,0.34644,0.000102186,0
all-fast,-40,3.63,0,2.70,1.0495e+07,3299600,0.3144,0.000108549,1
all-fast,-40,3.63,1,0.90,7409960,4860200,0.6559,7.99256e-05,0
all-fast,-40,3.63,1,1.20,8868020,4980567,0.56163,8.80669e-05,0
all-fast,-40,3.63,1,1.50,1.03983e+07,5144967,0.49479,9.60455e-05,1
all-fast,-40,3.63,1,1.80,1.1955e+07,5262000,0.44015,0.0001039,1
all-fast,-40,3.63,1,2.10,1.35555e+07,5294167,0.39055,0.000114381,1
all-fast,-40,3.63,1,2.40,1.51315e+07,5297333,0.35009,0.000123514,1
all-fast,-40,3.63,1,2.70,1.67339e+07,5341333,0.31919,0.000131718,1
all-fast,-40,3.63,2,0.90,1.23539e+07,8121333,0.65739,9.14396e-05,1
all-fast,-40,3.63,2,1.20,1.47903e+07,8342667,0.56406,0.000100403,1
all-fast,-40,3.63,2,1.50,1.73595e+07,8669167,0.49939,0.000108841,1
all-fast,-40,3.63,2,1.80,1.99918e+07,8829833,0.44167,0.000122703,1
all-fast,-40,3.63,2,2.10,2.26574e+07,9030667,0.39857,0.000131513,1
all-fast,-40,3.63,2,2.40,2.54102e+07,9074500,0.35712,0.000143131,1
all-fast,-40,3.63,2,2.70,2.81021e+07,8973000,0.3193,0.000151819,1
all-fast,-40,3.63,3,0.90,1.96589e+07,1.315e+07,0.66891,0.00011198,1
all-fast,-40,3.63,3,1.20,2.36039e+07,1.348683e+07,0.57138,0.00012878,1
all-fast,-40,3.63,3,1.50,2.7751e+07,1.41255e+07,0.50901,0.000141322,1
all-fast,-40,3.63,3,1.80,3.20792e+07,1.452867e+07,0.4529,0.000156681,1
all-fast,-40,3.63,3,2.10,3.64682e+07,1.463983e+07,0.40144,0.000172944,1
all-fast,-40,3.63,3,2.40,4.08631e+07,1.494517e+07,0.36574,0.000190442,1
all-fast,-40,3.63,3,2.70,4.54353e+07,1.524067e+07,0.33544,0.00020272,1
all-fast,-40,3.63,4,0.90,3.25682e+07,2.199033e+07,0.67521,0.000124056,1
all-fast,-40,3.63,4,1.20,3.91653e+07,2.272967e+07,0.58035,0.000142031,1
all-fast,-40,3.63,4,1.50,4.6206e+07,2.3828e+07,0.51569,0.000157872,1
all-fast,-40,3.63,4,1.80,5.34621e+07,2.45875e+07,0.45991,0.000176997,1
all-fast,-40,3.63,4,2.10,6.09585e+07,2.542267e+07,0.41705,0.000195755,1
all-fast,-40,3.63,4,2.40,6.87157e+07,2.58715e+07,0.3765,0.000212572,1
all-fast,-40,3.63,4,2.70,7.64814e+07,2.588567e+07,0.33846,0.000231402,1
all-fast,-40,3.63,5,0.90,5.26374e+07,3.686133e+07,0.70029,0.000164836,1
all-fast,-40,3.63,5,1.20,6.36958e+07,3.7996e+07,0.59652,0.000188784,1
all-fast,-40,3.63,5,1.50,7.5435e+07,4.015317e+07,0.53229,0.00021456,1
all-fast,-40,3.63,5,1.80,8.77877e+07,4.175333e+07,0.47562,0.000241619,1
all-fast,-40,3.63,5,2.10,1.00487e+08,4.310383e+07,0.42895,0.000269818,1
all-fast,-40,3.63,5,2.40,1.1365e+08,4.424833e+07,0.38934,0.000296673,1
all-fast,-40,3.63,5,2.70,1.27036e+08,4.462e+07,0.35124,0.000323554,1
all-fast,-40,3.63,6,0.90,9.0917e+07,6.578333e+07,0.72355,0.000229467,1
all-fast,-40,3.63,6,1.20,1.10652e+08,6.771833e+07,0.61199,0.000268004,1
all-fast,-40,3.63,6,1.50,1.31548e+08,7.244e+07,0.55067,0.000306138,1
all-fast,-40,3.63,6,1.80,1.54116e+08,7.667167e+07,0.49749,0.000347745,1
all-fast,-40,3.63,6,2.10,1.77551e+08,7.962167e+07,0.44844,0.000388122,1
all-fast,-40,3.63,6,2.40,2.01889e+08,8.2205e+07,0.40718,0.000430699,0
all-fast,-40,3.63,6,2.70,2.26874e+08,8.328333e+07,0.36709,0.000471523,0
all-fast,-40,3.63,7,0.90,1.51417e+08,1.148567e+08,0.75855,0.000332125,1
all-fast,-40,3.63,7,1.20,1.85874e+08,1.198867e+08,0.64499,0.000392312,1
all-fast,-40,3.63,7,1.50,2.23349e+08,1.288367e+08,0.57684,0.000452141,0
all-fast,-40,3.63,7,1.80,2.63176e+08,1.3644e+08,0.51844,0.000515449,0
all-fast,-40,3.63,7,2.10,3.05213e+08,1.4306e+08,0.46872,0.000581494,0
all-fast,-40,3.63,7,2.40,3.49012e+08,1.479883e+08,0.42402,0.00064522,0
all-fast,-40,3.63,7,2.70,3.94006e+08,1.4998e+08,0.38065,0.000710891,0
all-fast,27,2.97,0,0.90,5796930,3894467,0.67182,6.68853e-05,0
all-fast,27,2.97,0,1.20,6965270,3995750,0.57367,7.42611e-05,0
all-fast,27,2.97,0,1.50,8194380,4178233,0.50989,8.15946e-05,0
all-fast,27,2.97,0,1.80,9472210,4272867,0.4511,8.8221e-05,0
all-fast,27,2.97,0,2.10,1.07581e+07,4351317,0.40447,9.39707e-05,1
all-fast,27,2.97,0,2.40,1.2083e+07,4442000,0.36762,0.000100474,1
all-fast,27,2.97,0,2.70,1.34233e+07,4467667,0.33283,0.000108128,1
all-fast,27,2.97,1,0.90,9387270,6406767,0.6825,7.81569e-05,0
all-fast,27,2.97,1,1.20,1.13093e+07,6547717,0.57897,8.72171e-05,1
all-fast,27,2.97,1,1.50,1.33159e+07,6854000,0.51472,9.66437e-05,1
all-fast,27,2.97,1,1.80,1.54217e+07,7042500,0.45666,0.000106532,1
all-fast,27,2.97,1,2.10,1.75414e+07,7161500,0.40826,0.000115626,1
all-fast,27,2.97,1,2.40,1.97186e+07,7329667,0.37171,0.000123872,1
all-fast,27,2.97,1,2.70,2.19392e+07,7402000,0.33739,0.000133418,1
all-fast,27,2.97,2,0.90,1.57063e+07,1.081633e+07,0.68866,8.82652e-05,1
all-fast,27,2.97,2,1.20,1.89512e+07,1.117517e+07,0.58968,9.94239e-05,1
all-fast,27,2.97,2,1.50,2.24114e+07,1.171783e+07,0.52285,0.000108903,1
all-fast,27,2.97,2,1.80,2.59819e+07,1.211183e+07,0.46616,0.00012081,1
all-fast,27,2.97,2,2.10,2.96785e+07,1.241e+07,0.41815,0.000132768,1
all-fast,27,2.97,2,2.40,3.34279e+07,1.2755e+07,0.38157,0.000144504,1
all-fast,27,2.97,2,2.70,3.73315e+07,1.3012e+07,0.34855,0.000156061,1
all-fast,27,2.97,3,0.90,2.57514e+07,1.816133e+07,0.70526,0.000111981,1
all-fast,27,2.97,3,1.20,3.11998e+07,1.874267e+07,0.60073,0.000127263,1
all-fast,27,2.97,3,1.50,3.6997e+07,1.9812e+07,0.5355,0.000142958,1
all-fast,27,2.97,3,1.80,4.3087e+07,2.057617e+07,0.47755,0.000158646,1
all-fast,27,2.97,3,2.10,4.93427e+07,2.129267e+07,0.43153,0.000176925,1
all-fast,27,2.97,3,2.40,5.58626e+07,2.174767e+07,0.38931,0.000192629,1
all-fast,27,2.97,3,2.70,6.23913e+07,2.176233e+07,0.3488,0.000210576,1
all-fast,27,2.97,4,0.90,4.41776e+07,3.2021e+07,0.72482,0.00012305,1
all-fast,27,2.97,4,1.20,5.37839e+07,3.313867e+07,0.61614,0.000140494,1
all-fast,27,2.97,4,1.50,6.40608e+07,3.5158e+07,0.54882,0.000159071,1
all-fast,27,2.97,4,1.80,7.48787e+07,3.6686e+07,0.48994,0.000178581,1
all-fast,27,2.97,4,2.10,8.60724e+07,3.809067e+07,0.44254,0.000197245,1
all-fast,27,2.97,4,2.40,9.77331e+07,3.942433e+07,0.40339,0.000217689,1
all-fast,27,2.97,4,2.70,1.09727e+08,3.997967e+07,0.36436,0.000237716,1
all-fast,27,2.97,5,0.90,7.40957e+07,5.573133e+07,0.75215,0.000168663,1
all-fast,27,2.97,5,1.20,9.08151e+07,5.79555e+07,0.63817,0.000192955,1
all-fast,27,2.97,5,1.50,1.08869e+08,6.197483e+07,0.56926,0.000221917,1
all-fast,27,2.97,5,1.80,1.28e+08,6.5325e+07,0.51035,0.000249955,1
all-fast,27,2.97,5,2.10,1.48064e+08,6.859167e+07,0.46326,0.000279391,1
all-fast,27,2.97,5,2.40,1.69155e+08,7.093667e+07,0.41936,0.000308912,1
all-fast,27,2.97,5,2.70,1.90626e+08,7.157e+07,0.37545,0.00033993,1
all-fast,27,2.97,6,0.90,1.30699e+08,1.028733e+08,0.7871,0.000233807,1
all-fast,27,2.97,6,1.20,1.61561e+08,1.071783e+08,0.66339,0.000272889,1
all-fast,27,2.97,6,1.50,1.95006e+08,1.149283e+08,0.58936,0.000315969,1
all-fast,27,2.97,6,1.80,2.30518e+08,1.208533e+08,0.52427,0.000359432,0
all-fast,27,2.97,6,2.10,2.67518e+08,1.244067e+08,0.46504,0.000405198,0
all-fast,27,2.97,6,2.40,3.05162e+08,1.273167e+08,0.41721,0.000446579,0
all-fast,27,2.97,6,2.70,3.43908e+08,1.291533e+08,0.37555,0.000492322,0
all-fast,27,2.97,7,0.90,2.28013e+08,1.8245e+08,0.80017,0.000347654,0
all-fast,27,2.97,7,1.20,2.82748e+08,1.881033e+08,0.66527,0.000411945,0
all-fast,27,2.97,7,1.50,3.40875e+08,1.962633e+08,0.57576,0.000477049,0
all-fast,27,2.97,7,1.80,4.00506e+08,1.9938e+08,0.49782,0.000539786,0
all-fast,27,2.97,7,2.10,4.60503e+08,1.989617e+08,0.43205,0.000608855,0
all-fast,27,2.97,7,2.40,5.19883e+08,1.96165e+08,0.37733,0.000674176,0
all-fast,27,2.97,7,2.70,5.78202e+08,1.943967e+08,0.33621,0.000739163,0
all-fast,27,3.30,0,0.90,5297460,3490267,0.65886,7.35862e-05,0
all-fast,27,3.30,0,1.20,6344540,3580333,0.56432,7.78442e-05,0
all-fast,27,3.30,0,1.50,7445660,3713533,0.49875,8.71923e-05,0
all-fast,27,3.30,0,1.80,8572660,3793300,0.44249,9.32334e-05,0
all-fast,27,3.30,0,2.10,9721640,3830733,0.39404,0.000100745,0
all-fast,27,3.30,0,2.40,1.08711e+07,3893433,0.35815,0.000107675,1
all-fast,27,3.30,0,2.70,1.20577e+07,3955333,0.32803,0.000115155,1
all-fast,27,3.30,1,0.90,8513100,5635000,0.66192,8.4449e-05,0
all-fast,27,3.30,1,1.20,1.02036e+07,5794500,0.56789,9.42121e-05,1
all-fast,27,3.30,1,1.50,1.19898e+07,6048167,0.50444,0.000101791,1
all-fast,27,3.30,1,1.80,1.38325e+07,6219167,0.44961,0.000113242,1
all-fast,27,3.30,1,2.10,1.57213e+07,6294833,0.4004,0.000121747,1
all-fast,27,3.30,1,2.40,1.76094e+07,6404333,0.36369,0.000130793,1
all-fast,27,3.30,1,2.70,1.95639e+07,6515000,0.33301,0.000141518,1
all-fast,27,3.30,2,0.90,1.41636e+07,9528000,0.67271,9.5639e-05,1
all-fast,27,3.30,2,1.20,1.7022e+07,9787500,0.57499,0.000106717,1
all-fast,27,3.30,2,1.50,2.00361e+07,1.0221e+07,0.51013,0.000116276,1
all-fast,27,3.30,2,1.80,2.31546e+07,1.052233e+07,0.45444,0.000128763,1
all-fast,27,3.30,2,2.10,2.63495e+07,1.073817e+07,0.40753,0.000141912,1
all-fast,27,3.30,2,2.40,2.95975e+07,1.09335e+07,0.36941,0.000152204,1
all-fast,27,3.30,2,2.70,3.29096e+07,1.104033e+07,0.33547,0.000164195,1
all-fast,27,3.30,3,0.90,2.29687e+07,1.5727e+07,0.68471,0.000118686,1
all-fast,27,3.30,3,1.20,2.76868e+07,1.62085e+07,0.58542,0.000135922,1
all-fast,27,3.30,3,1.50,3.26938e+07,1.69985e+07,0.51993,0.000151646,1
all-fast,27,3.30,3,1.80,3.78859e+07,1.763033e+07,0.46535,0.000169586,1
all-fast,27,3.30,3,2.10,4.3272e+07,1.815433e+07,0.41954,0.000185243,1
all-fast,27,3.30,3,2.40,4.87785e+07,1.84785e+07,0.37882,0.000203893,1
all-fast,27,3.30,3,2.70,5.43591e+07,1.8602e+07,0.34221,0.000220628,1
all-fast,27,3.30,4,0.90,3.91699e+07,2.7375e+07,0.69888,0.000132136,1
all-fast,27,3.30,4,1.20,4.73824e+07,2.829467e+07,0.59716,0.000150206,1
all-fast,27,3.30,4,1.50,5.61467e+07,2.991533e+07,0.53281,0.000170189,1
all-fast,27,3.30,4,1.80,6.53316e+07,3.110217e+07,0.47607,0.000188636,1
all-fast,27,3.30,4,2.10,7.4808e+07,3.2136e+07,0.42958,0.000207677,1
all-fast,27,3.30,4,2.40,8.46132e+07,3.3092e+07,0.3911,0.000227773,1
all-fast,27,3.30,4,2.70,9.46632e+07,3.35e+07,0.35389,0.000246488,1
all-fast,27,3.30,5,0.90,6.47829e+07,4.698567e+07,0.72528,0.000177297,1
all-fast,27,3.30,5,1.20,7.88786e+07,4.864583e+07,0.61672,0.00020524,1
all-fast,27,3.30,5,1.50,9.39704e+07,5.1754e+07,0.55075,0.000234507,1
all-fast,27,3.30,5,1.80,1.09931e+08,5.459267e+07,0.49661,0.000263816,1
all-fast,27,3.30,5,2.10,1.26726e+08,5.663833e+07,0.44694,0.00029256,1
all-fast,27,3.30,5,2.40,1.43914e+08,5.915167e+07,0.41102,0.000322275,1
all-fast,27,3.30,5,2.70,1.62217e+08,6.101e+07,0.3761,0.00035204,1
all-fast,27,3.30,6,0.90,1.12902e+08,8.554667e+07,0.75771,0.000247759,1
all-fast,27,3.30,6,1.20,1.38566e+08,8.924e+07,0.64403,0.000288195,1
all-fast,27,3.30,6,1.50,1.66446e+08,9.5815e+07,0.57565,0.000332748,1
all-fast,27,3.30,6,1.80,1.96055e+08,1.015767e+08,0.5181,0.000375322,1
all-fast,27,3.30,6,2.10,2.27392e+08,1.061433e+08,0.46679,0.000420729,0
all-fast,27,3.30,6,2.40,2.59741e+08,1.094633e+08,0.42143,0.000466423,0
all-fast,27,3.30,6,2.70,2.9307e+08,1.110967e+08,0.37908,0.000512027,0
all-fast,27,3.30,7,0.90,1.94451e+08,1.542867e+08,0.79345,0.000362112,1
all-fast,27,3.30,7,1.20,2.40737e+08,1.609133e+08,0.66842,0.000429091,0
all-fast,27,3.30,7,1.50,2.90999e+08,1.71635e+08,0.58981,0.000497269,0
all-fast,27,3.30,7,1.80,3.43718e+08,1.783883e+08,0.519,0.000566285,0
all-fast,27,3.30,7,2.10,3.98032e+08,1.822967e+08,0.458,0.000635377,0
all-fast,27,3.30,7,2.40,4.53096e+08,1.843767e+08,0.40693,0.000704274,0
all-fast,27,3.30,7,2.70,5.08658e+08,1.852067e+08,0.36411,0.000773186,0
all-fast,27,3.63,0,0.90,4982260,3201133,0.64251,8.14803e-05,0
all-fast,27,3.63,0,1.20,5942600,3257800,0.54821,8.73436e-05,0
all-fast,27,3.63,0,1.50,6936940,3358200,0.4841,9.30259e-05,0
all-fast,27,3.63,0,1.80,7957520,3425133,0.43043,0.000100953,0
all-fast,27,3.63,0,2.10,8992020,3489800,0.3881,0.000107894,0
all-fast,27,3.63,0,2.40,1.00514e+07,3487467,0.34696,0.000113844,1
all-fast,27,3.63,0,2.70,1.10845e+07,3443667,0.31067,0.000124481,1
all-fast,27,3.63,1,0.90,7924710,5129933,0.64733,9.39237e-05,0
all-fast,27,3.63,1,1.20,9463690,5225483,0.55216,0.000100835,0
all-fast,27,3.63,1,1.50,1.106e+07,5403683,0.48858,0.000111737,1
all-fast,27,3.63,1,1.80,1.27059e+07,5596333,0.44045,0.000121715,1
all-fast,27,3.63,1,2.10,1.44178e+07,5692833,0.39485,0.000128874,1
all-fast,27,3.63,1,2.40,1.61216e+07,5707167,0.35401,0.000139865,1
all-fast,27,3.63,1,2.70,1.78421e+07,5735000,0.32143,0.000152569,1
all-fast,27,3.63,2,0.90,1.31093e+07,8564333,0.6533,0.000104036,1
all-fast,27,3.63,2,1.20,1.56786e+07,8746333,0.55785,0.000114854,1
all-fast,27,3.63,2,1.50,1.83571e+07,9101167,0.49578,0.000126647,1
all-fast,27,3.63,2,1.80,2.11393e+07,9421667,0.44569,0.000137568,1
all-fast,27,3.63,2,2.10,2.40101e+07,9635667,0.40132,0.000150703,1
all-fast,27,3.63,2,2.40,2.69207e+07,9737833,0.36172,0.000160953,1
all-fast,27,3.63,2,2.70,2.98528e+07,9773667,0.3274,0.000172912,1
all-fast,27,3.63,3,0.90,2.10681e+07,1.403367e+07,0.66611,0.000128032,1
all-fast,27,3.63,3,1.20,2.52782e+07,1.440067e+07,0.56969,0.00014518,1
all-fast,27,3.63,3,1.50,2.97085e+07,1.50125e+07,0.50533,0.000161859,1
all-fast,27,3.63,3,1.80,3.42857e+07,1.5201e+07,0.44336,0.000177921,1
all-fast,27,3.63,3,2.10,3.88291e+07,1.587583e+07,0.40886,0.00019507,1
all-fast,27,3.63,3,2.40,4.38112e+07,1.652883e+07,0.37727,0.00021337,1
all-fast,27,3.63,3,2.70,4.87464e+07,1.645067e+07,0.33747,0.000231168,1
all-fast,27,3.63,4,0.90,3.57994e+07,2.424167e+07,0.67715,0.000144135,1
all-fast,27,3.63,4,1.20,4.30719e+07,2.498317e+07,0.58003,0.000160115,1
all-fast,27,3.63,4,1.50,5.07893e+07,2.61765e+07,0.51539,0.000179699,1
all-fast,27,3.63,4,1.80,5.87778e+07,2.719817e+07,0.46273,0.00020235,1
all-fast,27,3.63,4,2.10,6.71082e+07,2.790333e+07,0.4158,0.000221511,1
all-fast,27,3.63,4,2.40,7.55198e+07,2.868633e+07,0.37985,0.000241241,1
all-fast,27,3.63,4,2.70,8.432e+07,2.9334e+07,0.34789,0.000262109,1
all-fast,27,3.63,5,0.90,5.85292e+07,4.0839e+07,0.69775,0.000191346,1
all-fast,27,3.63,5,1.20,7.07809e+07,4.228983e+07,0.59748,0.000217254,1
all-fast,27,3.63,5,1.50,8.39031e+07,4.48585e+07,0.53465,0.000245694,1
all-fast,27,3.63,5,1.80,9.7696e+07,4.691317e+07,0.4802,0.000277106,1
all-fast,27,3.63,5,2.10,1.12051e+08,4.852167e+07,0.43303,0.000307181,1
all-fast,27,3.63,5,2.40,1.26809e+08,5.024667e+07,0.39624,0.000338377,1
all-fast,27,3.63,5,2.70,1.42199e+08,5.13e+07,0.36076,0.0003699,1
all-fast,27,3.63,6,0.90,1.00962e+08,7.348e+07,0.7278,0.000262394,1
all-fast,27,3.63,6,1.20,1.23006e+08,7.6505e+07,0.62196,0.000306849,1
all-fast,27,3.63,6,1.50,1.46865e+08,8.1935e+07,0.55789,0.000349364,1
all-fast,27,3.63,6,1.80,1.72167e+08,8.634833e+07,0.50154,0.000392687,1
all-fast,27,3.63,6,2.10,1.98674e+08,8.960667e+07,0.45102,0.000439978,1
all-fast,27,3.63,6,2.40,2.25931e+08,9.403667e+07,0.41622,0.000484991,0
all-fast,27,3.63,6,2.70,2.55096e+08,9.721667e+07,0.3811,0.000531995,0
all-fast,27,3.63,7,0.90,1.71221e+08,1.317567e+08,0.76951,0.000380204,1
all-fast,27,3.63,7,1.20,2.10748e+08,1.376467e+08,0.65313,0.000446841,0
all-fast,27,3.63,7,1.50,2.53809e+08,1.48095e+08,0.58349,0.000515491,0
all-fast,27,3.63,7,1.80,2.99605e+08,1.558933e+08,0.52033,0.000586595,0
all-fast,27,3.63,7,2.10,3.47345e+08,1.62175e+08,0.4669,0.000662105,0
all-fast,27,3.63,7,2.40,3.9691e+08,1.665383e+08,0.41959,0.000730163,0
all-fast,27,3.63,7,2.70,4.47268e+08,1.6786e+08,0.3753,0.00080501,0
all-fast,125,2.97,0,0.90,6449000,4102133,0.63609,9.25469e-05,0
all-fast,125,2.97,0,1.20,7679640,4182950,0.54468,9.97753e-05,0
all-fast,125,2.97,0,1.50,8958770,4360933,0.48678,0.000108542,0
all-fast,125,2.97,0,1.80,1.02962e+07,4486383,0.43573,0.000116229,1
all-fast,125,2.97,0,2.10,1.16506e+07,4577667,0.39291,0.000124328,1
all-fast,125,2.97,0,2.40,1.30428e+07,4671500,0.35817,0.000131879,1
all-fast,125,2.97,0,2.70,1.44535e+07,4702333,0.32534,0.000139706,1
all-fast,125,2.97,1,0.90,1.05174e+07,6734667,0.64034,0.000106646,1
all-fast,125,2.97,1,1.20,1.25378e+07,6918833,0.55184,0.000116827,1
all-fast,125,2.97,1,1.50,1.46687e+07,7235167,0.49324,0.000128716,1
all-fast,125,2.97,1,1.80,1.68789e+07,7450667,0.44142,0.000137815,1
all-fast,125,2.97,1,2.10,1.91391e+07,7631000,0.39871,0.000148175,1
all-fast,125,2.97,1,2.40,2.14575e+07,7819000,0.36439,0.000159871,1
all-fast,125,2.97,1,2.70,2.38305e+07,7910000,0.33193,0.000171393,1
all-fast,125,2.97,2,0.90,1.75397e+07,1.1454e+07,0.65303,0.000117685,1
all-fast,125,2.97,2,1.20,2.09759e+07,1.184833e+07,0.56485,0.000129405,1
all-fast,125,2.97,2,1.50,2.46487e+07,1.244483e+07,0.50489,0.000143019,1
all-fast,125,2.97,2,1.80,2.84428e+07,1.283183e+07,0.45115,0.000156684,1
all-fast,125,2.97,2,2.10,3.23478e+07,1.321217e+07,0.40844,0.000168485,1
all-fast,125,2.97,2,2.40,3.63701e+07,1.332533e+07,0.36638,0.000182143,1
all-fast,125,2.97,2,2.70,4.0343e+07,1.3243e+07,0.32826,0.000194875,1
all-fast,125,2.97,3,0.90,2.90845e+07,1.948433e+07,0.66992,0.000146129,1
all-fast,125,2.97,3,1.20,3.49298e+07,2.016383e+07,0.57727,0.000164925,1
all-fast,125,2.97,3,1.50,4.11828e+07,2.130867e+07,0.51742,0.000182483,1
all-fast,125,2.97,3,1.80,4.7715e+07,2.221817e+07,0.46564,0.000201392,1
all-fast,125,2.97,3,2.10,5.45137e+07,2.298e+07,0.42155,0.000220009,1
all-fast,125,2.97,3,2.40,6.1503e+07,2.362217e+07,0.38408,0.000239612,1
all-fast,125,2.97,3,2.70,6.8687e+07,2.394667e+07,0.34863,0.000259137,1
all-fast,125,2.97,4,0.90,5.15996e+07,3.5473e+07,0.68747,0.000163466,1
all-fast,125,2.97,4,1.20,6.22415e+07,3.6766e+07,0.5907,0.000183998,1
all-fast,125,2.97,4,1.50,7.36592e+07,3.922817e+07,0.53256,0.000203884,1
all-fast,125,2.97,4,1.80,8.57784e+07,4.1244e+07,0.48082,0.000225843,1
all-fast,125,2.97,4,2.10,9.84056e+07,4.298433e+07,0.43681,0.000248084,1
all-fast,125,2.97,4,2.40,1.11569e+08,4.460067e+07,0.39976,0.000269137,1
all-fast,125,2.97,4,2.70,1.25166e+08,4.532333e+07,0.36211,0.000293086,1
all-fast,125,2.97,5,0.90,8.78145e+07,6.324833e+07,0.72025,0.000220021,1
all-fast,125,2.97,5,1.20,1.06789e+08,6.595583e+07,0.61763,0.000248837,1
all-fast,125,2.97,5,1.50,1.27388e+08,7.078e+07,0.55563,0.000281512,1
all-fast,125,2.97,5,1.80,1.49257e+08,7.4625e+07,0.49998,0.000314245,1
all-fast,125,2.97,5,2.10,1.72163e+08,7.793e+07,0.45265,0.000347421,1
all-fast,125,2.97,5,2.40,1.96015e+08,8.051333e+07,0.41075,0.00038128,1
all-fast,125,2.97,5,2.70,2.20471e+08,8.152e+07,0.36975,0.00041619,0
all-fast,125,2.97,6,0.90,1.55908e+08,1.1712e+08,0.75121,0.000299059,1
all-fast,125,2.97,6,1.20,1.91044e+08,1.21525e+08,0.63611,0.000348906,1
all-fast,125,2.97,6,1.50,2.28823e+08,1.287083e+08,0.56248,0.000396371,0
all-fast,125,2.97,6,1.80,2.68269e+08,1.3296e+08,0.49562,0.000443939,0
all-fast,125,2.97,6,2.10,3.08599e+08,1.353233e+08,0.43851,0.00049165,0
all-fast,125,2.97,6,2.40,3.49463e+08,1.345433e+08,0.385,0.000539277,0
all-fast,125,2.97,6,2.70,3.89325e+08,1.328733e+08,0.34129,0.00058799,0
all-fast,125,2.97,7,0.90,2.74912e+08,2.000733e+08,0.72777,0.000443603,0
all-fast,125,2.97,7,1.20,3.34934e+08,2.031583e+08,0.60656,0.000508622,0
all-fast,125,2.97,7,1.50,3.96807e+08,2.059133e+08,0.51893,0.000580531,0
all-fast,125,2.97,7,1.80,4.58482e+08,2.033167e+08,0.44346,0.000655013,0
all-fast,125,2.97,7,2.10,5.18797e+08,1.957483e+08,0.37731,0.000724885,0
all-fast,125,2.97,7,2.40,5.75931e+08,1.8835e+08,0.32704,0.000792242,0
all-fast,125,2.97,7,2.70,6.31807e+08,1.862533e+08,0.29479,0.000859939,0
all-fast,125,3.30,0,0.90,5906890,3648667,0.6177,0.0001002,0
all-fast,125,3.30,0,1.20,7001490,3740283,0.53421,0.000107453,0
all-fast,125,3.30,0,1.50,8151060,3881983,0.47626,0.000115129,0
all-fast,125,3.30,0,1.80,9330680,3974233,0.42593,0.000123502,0
all-fast,125,3.30,0,2.10,1.05356e+07,4024533,0.38199,0.000131122,1
all-fast,125,3.30,0,2.40,1.17454e+07,4107667,0.34973,0.000140313,1
all-fast,125,3.30,0,2.70,1.30002e+07,4182667,0.32174,0.000147756,1
all-fast,125,3.30,1,0.90,9545470,5978100,0.62628,0.000112656,0
all-fast,125,3.30,1,1.20,1.13389e+07,6124883,0.54017,0.00012253,1
all-fast,125,3.30,1,1.50,1.32204e+07,6360000,0.48107,0.000134745,1
all-fast,125,3.30,1,1.80,1.51549e+07,6550333,0.43223,0.000145442,1
all-fast,125,3.30,1,2.10,1.71506e+07,6695667,0.3904,0.000155102,1
all-fast,125,3.30,1,2.40,1.91723e+07,6835667,0.35654,0.00016747,1
all-fast,125,3.30,1,2.70,2.1252e+07,6932333,0.3262,0.000178701,1
all-fast,125,3.30,2,0.90,1.5817e+07,1.008933e+07,0.63788,0.000124651,1
all-fast,125,3.30,2,1.20,1.88438e+07,1.034883e+07,0.54919,0.000138294,1
all-fast,125,3.30,2,1.50,2.20263e+07,1.086117e+07,0.4931,0.000151743,1
all-fast,125,3.30,2,1.80,2.53605e+07,1.12235e+07,0.44256,0.00016449,1
all-fast,125,3.30,2,2.10,2.87604e+07,1.147717e+07,0.39906,0.00017648,1
all-fast,125,3.30,2,2.40,3.22468e+07,1.17e+07,0.36283,0.000190461,1
all-fast,125,3.30,2,2.70,3.57804e+07,1.177867e+07,0.32919,0.000204577,1
all-fast,125,3.30,3,0.90,2.59681e+07,1.6909e+07,0.65115,0.000153872,1
all-fast,125,3.30,3,1.20,3.10408e+07,1.743717e+07,0.56175,0.000172848,1
all-fast,125,3.30,3,1.50,3.64304e+07,1.833667e+07,0.50333,0.000191338,1
all-fast,125,3.30,3,1.80,4.20428e+07,1.899733e+07,0.45186,0.000211441,1
all-fast,125,3.30,3,2.10,4.78288e+07,1.96025e+07,0.40985,0.0002281,1
all-fast,125,3.30,3,2.40,5.38043e+07,2.01945e+07,0.37533,0.000249433,1
all-fast,125,3.30,3,2.70,5.99455e+07,2.047067e+07,0.34149,0.000268633,1
all-fast,125,3.30,4,0.90,4.57308e+07,3.047567e+07,0.66641,0.000172062,1
all-fast,125,3.30,4,1.20,5.48735e+07,3.148617e+07,0.5738,0.000194033,1
all-fast,125,3.30,4,1.50,6.46225e+07,3.324517e+07,0.51445,0.000214588,1
all-fast,125,3.30,4,1.80,7.48206e+07,3.483567e+07,0.46559,0.00023763,1
all-fast,125,3.30,4,2.10,8.55239e+07,3.612067e+07,0.42235,0.000258614,1
all-fast,125,3.30,4,2.40,9.6493e+07,3.73835e+07,0.38742,0.000281732,1
all-fast,125,3.30,4,2.70,1.07954e+08,3.820333e+07,0.35389,0.000305155,1
all-fast,125,3.30,5,0.90,7.67688e+07,5.320267e+07,0.69302,0.000231619,1
all-fast,125,3.30,5,1.20,9.27296e+07,5.535533e+07,0.59695,0.000261029,1
all-fast,125,3.30,5,1.50,1.09982e+08,5.918233e+07,0.53811,0.000292888,1
all-fast,125,3.30,5,1.80,1.28239e+08,6.241833e+07,0.48673,0.000326251,1
all-fast,125,3.30,5,2.10,1.47433e+08,6.542667e+07,0.44377,0.000360185,1
all-fast,125,3.30,5,2.40,1.67495e+08,6.806667e+07,0.40638,0.000394722,1
all-fast,125,3.30,5,2.70,1.88273e+08,6.926e+07,0.36787,0.000429066,1
all-fast,125,3.30,6,0.90,1.3467e+08,9.864e+07,0.73246,0.000315746,1
all-fast,125,3.30,6,1.20,1.64262e+08,1.028967e+08,0.62642,0.000361867,1
all-fast,125,3.30,6,1.50,1.96408e+08,1.102367e+08,0.56126,0.000411069,1
all-fast,125,3.30,6,1.80,2.30404e+08,1.157233e+08,0.50226,0.000461984,0
all-fast,125,3.30,6,2.10,2.65842e+08,1.19855e+08,0.45085,0.000513325,0
all-fast,125,3.30,6,2.40,3.02317e+08,1.224383e+08,0.405,0.000563813,0
all-fast,125,3.30,6,2.70,3.39305e+08,1.232933e+08,0.36337,0.000613336,0
all-fast,125,3.30,7,0.90,2.36861e+08,1.766067e+08,0.74561,0.0004593,0
all-fast,125,3.30,7,1.20,2.89843e+08,1.818767e+08,0.6275,0.000532797,0
all-fast,125,3.30,7,1.50,3.45987e+08,1.895533e+08,0.54786,0.000607418,0
all-fast,125,3.30,7,1.80,4.03575e+08,1.921883e+08,0.47621,0.000682589,0
all-fast,125,3.30,7,2.10,4.613e+08,1.915167e+08,0.41517,0.000756293,0
all-fast,125,3.30,7,2.40,5.18485e+08,1.8832e+08,0.36321,0.000830214,0
all-fast,125,3.30,7,2.70,5.74292e+08,1.860233e+08,0.32392,0.0009065,0
all-fast,125,3.63,0,0.90,5553130,3331300,0.5999,0.000108619,0
all-fast,125,3.63,0,1.20,6552520,3407217,0.51999,0.000115673,0
all-fast,125,3.63,0,1.50,7597460,3512383,0.46231,0.000122626,0
all-fast,125,3.63,0,1.80,8659950,3599400,0.41564,0.000129788,0
all-fast,125,3.63,0,2.10,9757100,3665917,0.37572,0.000139531,0
all-fast,125,3.63,0,2.40,1.08595e+07,3701500,0.34085,0.000145992,1
all-fast,125,3.63,0,2.70,1.1978e+07,3728333,0.31127,0.00015447,1
all-fast,125,3.63,1,0.90,8887830,5371567,0.60437,0.000121801,0
all-fast,125,3.63,1,1.20,1.04993e+07,5519117,0.52567,0.000132195,1
all-fast,125,3.63,1,1.50,1.21993e+07,5742333,0.47071,0.000143658,1
all-fast,125,3.63,1,1.80,1.39447e+07,5894000,0.42267,0.000152109,1
all-fast,125,3.63,1,2.10,1.57357e+07,5994000,0.38092,0.000165468,1
all-fast,125,3.63,1,2.40,1.75411e+07,6094167,0.34742,0.000175602,1
all-fast,125,3.63,1,2.70,1.93922e+07,6170333,0.31819,0.000185585,1
all-fast,125,3.63,2,0.90,1.46381e+07,9043333,0.61779,0.000134038,1
all-fast,125,3.63,2,1.20,1.73511e+07,9290833,0.53546,0.000147178,1
all-fast,125,3.63,2,1.50,2.02126e+07,9694000,0.4796,0.000159487,1
all-fast,125,3.63,2,1.80,2.31675e+07,9970833,0.43038,0.000172343,1
all-fast,125,3.63,2,2.10,2.61951e+07,1.0171e+07,0.38828,0.000186025,1
all-fast,125,3.63,2,2.40,2.92701e+07,1.039817e+07,0.35525,0.000200628,1
all-fast,125,3.63,2,2.70,3.2434e+07,1.054633e+07,0.32516,0.000213425,1
all-fast,125,3.63,3,0.90,2.37867e+07,1.501e+07,0.63102,0.000164881,1
all-fast,125,3.63,3,1.20,2.82897e+07,1.546117e+07,0.54653,0.000182017,1
all-fast,125,3.63,3,1.50,3.30634e+07,1.6175e+07,0.48921,0.000202456,1
all-fast,125,3.63,3,1.80,3.79947e+07,1.675867e+07,0.44108,0.00021918,1
all-fast,125,3.63,3,2.10,4.31186e+07,1.730083e+07,0.40124,0.000240932,1
all-fast,125,3.63,3,2.40,4.83752e+07,1.764517e+07,0.36476,0.000261057,1
all-fast,125,3.63,3,2.70,5.37057e+07,1.776833e+07,0.33085,0.000279716,1
all-fast,125,3.63,4,0.90,4.17072e+07,2.693333e+07,0.64577,0.000184606,1
all-fast,125,3.63,4,1.20,4.97872e+07,2.768567e+07,0.55608,0.000205029,1
all-fast,125,3.63,4,1.50,5.83186e+07,2.910833e+07,0.49913,0.000224992,1
all-fast,125,3.63,4,1.80,6.72522e+07,3.030167e+07,0.45057,0.000248821,1
all-fast,125,3.63,4,2.10,7.64996e+07,3.136233e+07,0.40997,0.000270238,1
all-fast,125,3.63,4,2.40,8.60696e+07,3.23435e+07,0.37578,0.000296204,1
all-fast,125,3.63,4,2.70,9.59057e+07,3.2787e+07,0.34187,0.000317911,1
all-fast,125,3.63,5,0.90,6.91535e+07,4.617633e+07,0.66774,0.000243253,1
all-fast,125,3.63,5,1.20,8.30064e+07,4.790183e+07,0.57709,0.000273357,1
all-fast,125,3.63,5,1.50,9.78946e+07,5.093933e+07,0.52035,0.000307148,1
all-fast,125,3.63,5,1.80,1.1357e+08,5.3549e+07,0.47151,0.000339491,1
all-fast,125,3.63,5,2.10,1.30024e+08,5.593167e+07,0.43016,0.000374886,1
all-fast,125,3.63,5,2.40,1.47129e+08,5.834667e+07,0.39657,0.000409613,1
all-fast,125,3.63,5,2.70,1.65032e+08,5.967667e+07,0.36161,0.000445558,1
all-fast,125,3.63,6,0.90,1.19976e+08,8.472667e+07,0.7062,0.000328465,1
all-fast,125,3.63,6,1.20,1.45394e+08,8.839167e+07,0.60795,0.000378231,1
all-fast,125,3.63,6,1.50,1.73011e+08,9.491e+07,0.54858,0.000428531,1
all-fast,125,3.63,6,1.80,2.0234e+08,1.003333e+08,0.49587,0.00047959,0
all-fast,125,3.63,6,2.10,2.33211e+08,1.04715e+08,0.44901,0.000530809,0
all-fast,125,3.63,6,2.40,2.65169e+08,1.079133e+08,0.40696,0.000585623,0
all-fast,125,3.63,6,2.70,2.97959e+08,1.093e+08,0.36683,0.000637149,0
all-fast,125,3.63,7,0.90,2.08603e+08,1.541767e+08,0.73909,0.000478867,0
all-fast,125,3.63,7,1.20,2.54856e+08,1.59985e+08,0.62775,0.000554422,0
all-fast,125,3.63,7,1.50,3.04594e+08,1.69595e+08,0.55679,0.000631937,0
all-fast,125,3.63,7,1.80,3.56613e+08,1.75525e+08,0.4922,0.000713996,0
all-fast,125,3.63,7,2.10,4.09909e+08,1.7851e+08,0.43549,0.00079137,0
all-fast,125,3.63,7,2.40,4.63719e+08,1.7919e+08,0.38642,0.000867884,0
all-fast,125,3.63,7,2.70,5.17423e+08,1.790133e+08,0.34597,0.000944572,0
all-slow,-40,2.97,0,0.90,3583780,2227667,0.6216,2.81617e-05,0
all-slow,-40,2.97,0,1.20,4252080,2336700,0.54954,3.13217e-05,0
all-slow,-40,2.97,0,1.50,4985800,2525200,0.50648,3.4145e-05,0
all-slow,-40,2.97,0,1.80,5767200,2617000,0.45377,3.73998e-05,0
all-slow,-40,2.97,0,2.10,6556000,2664617,0.40644,4.14867e-05,0
all-slow,-40,2.97,0,2.40,7365970,2768200,0.37581,4.51885e-05,0
all-slow,-40,2.97,0,2.70,8216920,2836500,0.3452,4.86951e-05,0
all-slow,-40,2.97,1,0.90,5868770,3633900,0.61919,3.38061e-05,0
all-slow,-40,2.97,1,1.20,6958940,3866283,0.55559,3.79094e-05,0
all-slow,-40,2.97,1,1.50,8188540,4178500,0.51029,4.25278e-05,0
all-slow,-40,2.97,1,1.80,9466040,4328767,0.45729,4.67334e-05,0
all-slow,-40,2.97,1,2.10,1.07858e+07,4478433,0.41522,5.25625e-05,1
all-slow,-40,2.97,1,2.40,1.21531e+07,4595000,0.37809,5.67488e-05,1
all-slow,-40,2.97,1,2.70,1.35428e+07,4632333,0.34205,6.26132e-05,1
all-slow,-40,2.97,2,0.90,1.00119e+07,6362000,0.63544,3.91664e-05,1
all-slow,-40,2.97,2,1.20,1.19205e+07,6674000,0.55988,4.35326e-05,1
all-slow,-40,2.97,2,1.50,1.40163e+07,7226500,0.51558,4.99335e-05,1
all-slow,-40,2.97,2,1.80,1.62564e+07,7623333,0.46894,5.51553e-05,1
all-slow,-40,2.97,2,2.10,1.85903e+07,7874000,0.42355,6.0494e-05,1
all-slow,-40,2.97,2,2.40,2.09808e+07,8087167,0.38546,6.65516e-05,1
all-slow,-40,2.97,2,2.70,2.34426e+07,8206000,0.35005,7.24261e-05,1
all-slow,-40,2.97,3,0.90,1.65398e+07,1.075933e+07,0.65051,5.12086e-05,1
all-slow,-40,2.97,3,1.20,1.97676e+07,1.133333e+07,0.57333,5.80492e-05,1
all-slow,-40,2.97,3,1.50,2.33398e+07,1.2274e+07,0.52588,6.60623e-05,1
all-slow,-40,2.97,3,1.80,2.7132e+07,1.288917e+07,0.47505,7.4425e-05,1
all-slow,-40,2.97,3,2.10,3.10733e+07,1.340817e+07,0.4315,8.3238e-05,1
all-slow,-40,2.97,3,2.40,3.51769e+07,1.388217e+07,0.39464,9.21986e-05,1
all-slow,-40,2.97,3,2.70,3.94026e+07,1.408567e+07,0.35748,0.000100112,1
all-slow,-40,2.97,4,0.90,2.78875e+07,1.8306e+07,0.65642,5.73029e-05,1
all-slow,-40,2.97,4,1.20,3.33793e+07,1.950283e+07,0.58428,6.49214e-05,1
all-slow,-40,2.97,4,1.50,3.95892e+07,2.1305e+07,0.53815,7.28882e-05,1
all-slow,-40,2.97,4,1.80,4.61623e+07,2.23445e+07,0.48404,8.30931e-05,1
all-slow,-40,2.97,4,2.10,5.29959e+07,2.31825e+07,0.43744,9.32192e-05,1
all-slow,-40,2.97,4,2.40,6.00718e+07,2.386883e+07,0.39734,0.000102396,1
all-slow,-40,2.97,4,2.70,6.73172e+07,2.415133e+07,0.35877,0.000113643,1
all-slow,-40,2.97,5,0.90,4.70321e+07,3.1326e+07,0.66606,7.8274e-05,1
all-slow,-40,2.97,5,1.20,5.64299e+07,3.348167e+07,0.59333,9.1122e-05,1
all-slow,-40,2.97,5,1.50,6.71211e+07,3.674333e+07,0.54742,0.000105202,1
all-slow,-40,2.97,5,1.80,7.84759e+07,3.865733e+07,0.4926,0.000119024,1
all-slow,-40,2.97,5,2.10,9.03155e+07,3.98185e+07,0.44088,0.000134265,1
all-slow,-40,2.97,5,2.40,1.02367e+08,4.076417e+07,0.39822,0.000148916,1
all-slow,-40,2.97,5,2.70,1.14774e+08,4.135667e+07,0.36033,0.000165031,1
all-slow,-40,2.97,6,0.90,8.32361e+07,5.635633e+07,0.67707,0.000114562,1
all-slow,-40,2.97,6,1.20,1.00143e+08,5.937483e+07,0.5929,0.000132943,1
all-slow,-40,2.97,6,1.50,1.18861e+08,6.3975e+07,0.53823,0.000153701,1
all-slow,-40,2.97,6,1.80,1.38528e+08,6.660833e+07,0.48083,0.000174415,1
all-slow,-40,2.97,6,2.10,1.58826e+08,6.816833e+07,0.4292,0.000197692,1
all-slow,-40,2.97,6,2.40,1.79429e+08,6.864667e+07,0.38258,0.000219327,1
all-slow,-40,2.97,6,2.70,2.00014e+08,6.861667e+07,0.34306,0.000240629,0
all-slow,-40,2.97,7,0.90,1.41271e+08,9.286667e+07,0.65737,0.000172249,1
all-slow,-40,2.97,7,1.20,1.69131e+08,9.729833e+07,0.57528,0.000201523,1
all-slow,-40,2.97,7,1.50,1.9965e+08,1.0298e+08,0.5158,0.000234271,1
all-slow,-40,2.97,7,1.80,2.30919e+08,1.049467e+08,0.45447,0.000266435,0
all-slow,-40,2.97,7,2.10,2.62618e+08,1.053183e+08,0.40103,0.000300343,0
all-slow,-40,2.97,7,2.40,2.9411e+08,1.043383e+08,0.35476,0.000332892,0
all-slow,-40,2.97,7,2.70,3.25221e+08,1.037033e+08,0.31887,0.000366074,0
all-slow,-40,3.30,0,0.90,3202060,1907633,0.59575,3.1941e-05,0
all-slow,-40,3.30,0,1.20,3774350,2005350,0.53131,3.39666e-05,0
all-slow,-40,3.30,0,1.50,4405270,2156600,0.48955,3.68996e-05,0
all-slow,-40,3.30,0,1.80,5068310,2233433,0.44067,4.15197e-05,0
all-slow,-40,3.30,0,2.10,5745330,2267850,0.39473,4.50468e-05,0
all-slow,-40,3.30,0,2.40,6429020,2269883,0.35307,4.85835e-05,0
all-slow,-40,3.30,0,2.70,7107260,2260800,0.3181,5.19016e-05,0
all-slow,-40,3.30,1,0.90,5161570,3103200,0.60121,3.73492e-05,0
all-slow,-40,3.30,1,1.20,6092530,3255417,0.53433,4.17082e-05,0
all-slow,-40,3.30,1,1.50,7114820,3512000,0.49362,4.59178e-05,0
all-slow,-40,3.30,1,1.80,8199730,3662433,0.44665,5.09363e-05,0
all-slow,-40,3.30,1,2.10,9312280,3722283,0.39972,5.51564e-05,0
all-slow,-40,3.30,1,2.40,1.04331e+07,3811033,0.36528,6.07003e-05,1
all-slow,-40,3.30,1,2.70,1.15989e+07,3886000,0.33503,6.75915e-05,1
all-slow,-40,3.30,2,0.90,8718210,5276967,0.60528,4.24245e-05,0
all-slow,-40,3.30,2,1.20,1.03013e+07,5576817,0.54137,4.75646e-05,1
all-slow,-40,3.30,2,1.50,1.20643e+07,5999667,0.49731,5.34912e-05,1
all-slow,-40,3.30,2,1.80,1.39011e+07,6212833,0.44693,5.85094e-05,1
all-slow,-40,3.30,2,2.10,1.5792e+07,6436667,0.40759,6.53483e-05,1
all-slow,-40,3.30,2,2.40,1.77631e+07,6559000,0.36925,7.13032e-05,1
all-slow,-40,3.30,2,2.70,1.97274e+07,6547667,0.33191,7.71843e-05,1
all-slow,-40,3.30,3,0.90,1.41736e+07,8717333,0.61504,5.51e-05,1
all-slow,-40,3.30,3,1.20,1.67888e+07,9212333,0.54872,6.30875e-05,1
all-slow,-40,3.30,3,1.50,1.9701e+07,1.003717e+07,0.50947,7.15068e-05,1
all-slow,-40,3.30,3,1.80,2.28111e+07,1.05365e+07,0.4619,7.8466e-05,1
all-slow,-40,3.30,3,2.10,2.60229e+07,1.0789e+07,0.4146,8.8442e-05,1
all-slow,-40,3.30,3,2.40,2.92845e+07,1.11965e+07,0.38234,9.75454e-05,1
all-slow,-40,3.30,3,2.70,3.27408e+07,1.1521e+07,0.35189,0.000106453,1
all-slow,-40,3.30,4,0.90,2.36571e+07,1.495367e+07,0.6321,6.08003e-05,1
all-slow,-40,3.30,4,1.20,2.81432e+07,1.58165e+07,0.562,6.97634e-05,1
all-slow,-40,3.30,4,1.50,3.3147e+07,1.720967e+07,0.51919,7.88112e-05,1
all-slow,-40,3.30,4,1.80,3.8469e+07,1.81295e+07,0.47128,8.91005e-05,1
all-slow,-40,3.30,4,2.10,4.40247e+07,1.876783e+07,0.4263,9.85491e-05,1
all-slow,-40,3.30,4,2.40,4.97297e+07,1.916333e+07,0.38535,0.000108554,1
all-slow,-40,3.30,4,2.70,5.55227e+07,1.931e+07,0.34779,0.000120247,1
all-slow,-40,3.30,5,0.90,3.92213e+07,2.550267e+07,0.65022,8.60095e-05,1
all-slow,-40,3.30,5,1.20,4.68721e+07,2.7099e+07,0.57815,9.79296e-05,1
all-slow,-40,3.30,5,1.50,5.54807e+07,2.970317e+07,0.53538,0.000111115,1
all-slow,-40,3.30,5,1.80,6.4694e+07,3.133417e+07,0.48434,0.000127749,1
all-slow,-40,3.30,5,2.10,7.42812e+07,3.243433e+07,0.43664,0.000142095,1
all-slow,-40,3.30,5,2.40,8.41546e+07,3.3566e+07,0.39886,0.000157453,1
all-slow,-40,3.30,5,2.70,9.44208e+07,3.422067e+07,0.36243,0.000172643,1
all-slow,-40,3.30,6,0.90,6.90234e+07,4.623267e+07,0.66981,0.00012075,1
all-slow,-40,3.30,6,1.20,8.28932e+07,4.903967e+07,0.5916,0.000140736,1
all-slow,-40,3.30,6,1.50,9.84472e+07,5.3758e+07,0.54606,0.000161514,1
all-slow,-40,3.30,6,1.80,1.15148e+08,5.685633e+07,0.49377,0.00018532,1
all-slow,-40,3.30,6,2.10,1.32561e+08,5.914667e+07,0.44618,0.000206129,1
all-slow,-40,3.30,6,2.40,1.50636e+08,6.121167e+07,0.40635,0.000230002,1
all-slow,-40,3.30,6,2.70,1.69288e+08,6.217333e+07,0.36726,0.000253763,1
all-slow,-40,3.30,7,0.90,1.17655e+08,8.055e+07,0.68463,0.000181755,1
all-slow,-40,3.30,7,1.20,1.4182e+08,8.544833e+07,0.60251,0.000212534,1
all-slow,-40,3.30,7,1.50,1.68924e+08,9.280667e+07,0.5494,0.000246532,1
all-slow,-40,3.30,7,1.80,1.97504e+08,9.661167e+07,0.48916,0.000281266,1
all-slow,-40,3.30,7,2.10,2.26891e+08,9.856333e+07,0.43441,0.000315565,0
all-slow,-40,3.30,7,2.40,2.56642e+08,9.965333e+07,0.3883,0.000351362,0
all-slow,-40,3.30,7,2.70,2.86683e+08,1.001367e+08,0.34929,0.000386527,0
all-slow,-40,3.63,0,0.90,2956210,1721800,0.58243,3.57511e-05,0
all-slow,-40,3.63,0,1.20,3472750,1801750,0.51883,3.84865e-05,0
all-slow,-40,3.63,0,1.50,4037260,1921067,0.47583,4.2165e-05,0
all-slow,-40,3.63,0,1.80,4625390,1972150,0.42637,4.63225e-05,0
all-slow,-40,3.63,0,2.10,5220550,2017483,0.38645,4.89127e-05,0
all-slow,-40,3.63,0,2.40,5835880,2052017,0.35162,5.27126e-05,0
all-slow,-40,3.63,0,2.70,6451760,2052933,0.3182,5.78511e-05,0
all-slow,-40,3.63,1,0.90,4724010,2766833,0.5857,4.23941e-05,0
all-slow,-40,3.63,1,1.20,5554060,2902133,0.52252,4.65319e-05,0
all-slow,-40,3.63,1,1.50,6465290,3095233,0.47875,5.07998e-05,0
all-slow,-40,3.63,1,1.80,7411200,3224067,0.43503,5.66934e-05,0
all-slow,-40,3.63,1,2.10,8399730,3260400,0.38816,6.06845e-05,0
all-slow,-40,3.63,1,2.40,9367440,3313450,0.35372,6.65322e-05,0
all-slow,-40,3.63,1,2.70,1.03878e+07,3401200,0.32742,7.0634e-05,1
all-slow,-40,3.63,2,0.90,7915380,4648833,0.58732,4.81868e-05,0
all-slow,-40,3.63,2,1.20,9310030,4888367,0.52506,5.21003e-05,0
all-slow,-40,3.63,2,1.50,1.08484e+07,5231617,0.48225,5.81611e-05,1
all-slow,-40,3.63,2,1.80,1.2449e+07,5384000,0.43248,6.45929e-05,1
all-slow,-40,3.63,2,2.10,1.40788e+07,5547000,0.394,7.04236e-05,1
all-slow,-40,3.63,2,2.40,1.57772e+07,5674167,0.35964,7.67407e-05,1
all-slow,-40,3.63,2,2.70,1.74833e+07,5687000,0.32528,8.3222e-05,1
all-slow,-40,3.63,3,0.90,1.27193e+07,7556000,0.59406,6.04386e-05,1
all-slow,-40,3.63,3,1.20,1.49861e+07,7995500,0.53353,6.74732e-05,1
all-slow,-40,3.63,3,1.50,1.75166e+07,8626000,0.49245,7.69269e-05,1
all-slow,-40,3.63,3,1.80,2.01617e+07,8881833,0.44053,8.46931e-05,1
all-slow,-40,3.63,3,2.10,2.28457e+07,9214500,0.40334,9.38789e-05,1
all-slow,-40,3.63,3,2.40,2.56904e+07,9509333,0.37015,0.000103471,1
all-slow,-40,3.63,3,2.70,2.85513e+07,9536333,0.33401,0.000111818,1
all-slow,-40,3.63,4,0.90,2.105e+07,1.2842e+07,0.61007,6.75001e-05,1
all-slow,-40,3.63,4,1.20,2.49026e+07,1.355933e+07,0.54449,7.69064e-05,1
all-slow,-40,3.63,4,1.50,2.91856e+07,1.46725e+07,0.50273,8.6402e-05,1
all-slow,-40,3.63,4,1.80,3.37061e+07,1.53135e+07,0.45432,9.55042e-05,1
all-slow,-40,3.63,4,2.10,3.83737e+07,1.572533e+07,0.40979,0.000106043,1
all-slow,-40,3.63,4,2.40,4.31413e+07,1.6108e+07,0.37338,0.000115655,1
all-slow,-40,3.63,4,2.70,4.80385e+07,1.6324e+07,0.33981,0.000125304,1
all-slow,-40,3.63,5,0.90,3.44144e+07,2.1419e+07,0.62238,9.17515e-05,1
all-slow,-40,3.63,5,1.20,4.08401e+07,2.273683e+07,0.55673,0.000105129,1
all-slow,-40,3.63,5,1.50,4.80565e+07,2.478367e+07,0.51572,0.000119497,1
all-slow,-40,3.63,5,1.80,5.57103e+07,2.608717e+07,0.46826,0.000135265,1
all-slow,-40,3.63,5,2.10,6.37088e+07,2.690417e+07,0.4223,0.000151089,1
all-slow,-40,3.63,5,2.40,7.18528e+07,2.800683e+07,0.38978,0.000165685,1
all-slow,-40,3.63,5,2.70,8.05129e+07,2.8867e+07,0.35854,0.000182033,1
all-slow,-40,3.63,6,0.90,5.97927e+07,3.850233e+07,0.64393,0.000131304,1
all-slow,-40,3.63,6,1.20,7.13434e+07,4.106567e+07,0.57561,0.000150962,1
all-slow,-40,3.63,6,1.50,8.44321e+07,4.506867e+07,0.53379,0.000171458,1
all-slow,-40,3.63,6,1.80,9.83846e+07,4.75465e+07,0.48327,0.000194504,1
all-slow,-40,3.63,6,2.10,1.1296e+08,4.9449e+07,0.43776,0.000218482,1
all-slow,-40,3.63,6,2.40,1.28054e+08,5.139167e+07,0.40133,0.00024175,1
all-slow,-40,3.63,6,2.70,1.43795e+08,5.247e+07,0.36489,0.000265545,1
all-slow,-40,3.63,7,0.90,1.0056e+08,6.732333e+07,0.66948,0.000190944,1
all-slow,-40,3.63,7,1.20,1.20757e+08,7.199667e+07,0.59621,0.000222876,1
all-slow,-40,3.63,7,1.50,1.43758e+08,7.924833e+07,0.55126,0.000257187,1
all-slow,-40,3.63,7,1.80,1.68306e+08,8.330333e+07,0.49495,0.000293467,1
all-slow,-40,3.63,7,2.10,1.9374e+08,8.713167e+07,0.44974,0.000329305,1
all-slow,-40,3.63,7,2.40,2.20585e+08,9.001833e+07,0.40809,0.000366812,0
all-slow,-40,3.63,7,2.70,2.47751e+08,9.055333e+07,0.3655,0.00040423,0
all-slow,27,2.97,0,0.90,3754370,2370067,0.63128,3.33362e-05,0
all-slow,27,2.97,0,1.20,4465390,2469867,0.55311,3.67371e-05,0
all-slow,27,2.97,0,1.50,5236290,2636233,0.50345,3.96906e-05,0
all-slow,27,2.97,0,1.80,6047130,2738500,0.45286,4.39696e-05,0
all-slow,27,2.97,0,2.10,6879390,2794650,0.40624,4.7783e-05,0
all-slow,27,2.97,0,2.40,7723920,2875933,0.37234,5.2566e-05,0
all-slow,27,2.97,0,2.70,8604950,2936767,0.34129,5.67086e-05,0
all-slow,27,2.97,1,0.90,6153400,3881167,0.63074,4.01828e-05,0
all-slow,27,2.97,1,1.20,7317750,4084517,0.55817,4.45206e-05,0
all-slow,27,2.97,1,1.50,8604110,4416750,0.51333,4.96246e-05,0
all-slow,27,2.97,1,1.80,9967800,4610317,0.46252,5.49129e-05,0
all-slow,27,2.97,1,2.10,1.13703e+07,4689000,0.41239,6.0192e-05,1
all-slow,27,2.97,1,2.40,1.27812e+07,4839333,0.37863,6.54482e-05,1
all-slow,27,2.97,1,2.70,1.42739e+07,4975667,0.34858,7.16941e-05,1
all-slow,27,2.97,2,0.90,1.03936e+07,6670667,0.64181,4.51687e-05,1
all-slow,27,2.97,2,1.20,1.23948e+07,7032167,0.56735,5.06399e-05,1
all-slow,27,2.97,2,1.50,1.46129e+07,7633500,0.52238,5.66764e-05,1
all-slow,27,2.97,2,1.80,1.69749e+07,7936667,0.46755,6.3649e-05,1
all-slow,27,2.97,2,2.10,1.93749e+07,8217333,0.42412,7.00366e-05,1
all-slow,27,2.97,2,2.40,2.19053e+07,8515333,0.38873,7.599e-05,1
all-slow,27,2.97,2,2.70,2.44841e+07,8596000,0.35108,8.33038e-05,1
all-slow,27,2.97,3,0.90,1.72469e+07,1.143467e+07,0.663,5.98048e-05,1
all-slow,27,2.97,3,1.20,2.06773e+07,1.204867e+07,0.5827,6.68424e-05,1
all-slow,27,2.97,3,1.50,2.44761e+07,1.299667e+07,0.53099,7.63508e-05,1
all-slow,27,2.97,3,1.80,2.84753e+07,1.365583e+07,0.47957,8.60218e-05,1
all-slow,27,2.97,3,2.10,3.26696e+07,1.42655e+07,0.43666,9.48481e-05,1
all-slow,27,2.97,3,2.40,3.70346e+07,1.478133e+07,0.39912,0.00010518,1
all-slow,27,2.97,3,2.70,4.15384e+07,1.501267e+07,0.36142,0.000115037,1
all-slow,27,2.97,4,0.90,2.98503e+07,2.020333e+07,0.67682,6.5515e-05,1
all-slow,27,2.97,4,1.20,3.59113e+07,2.136717e+07,0.595,7.4882e-05,1
all-slow,27,2.97,4,1.50,4.26706e+07,2.320283e+07,0.54377,8.54478e-05,1
all-slow,27,2.97,4,1.80,4.9833e+07,2.43855e+07,0.48934,9.54998e-05,1
all-slow,27,2.97,4,2.10,5.73019e+07,2.54855e+07,0.44476,0.000107005,1
all-slow,27,2.97,4,2.40,6.51243e+07,2.639883e+07,0.40536,0.000117767,1
all-slow,27,2.97,4,2.70,7.31412e+07,2.6723e+07,0.36536,0.000128789,1
all-slow,27,2.97,5,0.90,5.07193e+07,3.5181e+07,0.69364,9.09677e-05,1
all-slow,27,2.97,5,1.20,6.12736e+07,3.72485e+07,0.6079,0.000106432,1
all-slow,27,2.97,5,1.50,7.30684e+07,4.06235e+07,0.55597,0.00012168,1
all-slow,27,2.97,5,1.80,8.56477e+07,4.28125e+07,0.49987,0.000138092,1
all-slow,27,2.97,5,2.10,9.87559e+07,4.42655e+07,0.44823,0.000154146,1
all-slow,27,2.97,5,2.40,1.12207e+08,4.512017e+07,0.40212,0.000170586,1
all-slow,27,2.97,5,2.70,1.25828e+08,4.540333e+07,0.36084,0.000187965,1
all-slow,27,2.97,6,0.90,8.95822e+07,6.2746e+07,0.70043,0.000131851,1
all-slow,27,2.97,6,1.20,1.08406e+08,6.591467e+07,0.60804,0.000152656,1
all-slow,27,2.97,6,1.50,1.29131e+08,7.049167e+07,0.54589,0.000175424,1
all-slow,27,2.97,6,1.80,1.50701e+08,7.259e+07,0.48168,0.000199688,1
all-slow,27,2.97,6,2.10,1.72685e+08,7.379333e+07,0.42733,0.000224183,1
all-slow,27,2.97,6,2.40,1.94977e+08,7.423333e+07,0.38073,0.000247896,1
all-slow,27,2.97,6,2.70,2.17225e+08,7.416e+07,0.3414,0.000272376,0
all-slow,27,2.97,7,0.90,1.53422e+08,1.027333e+08,0.66961,0.000197193,1
all-slow,27,2.97,7,1.20,1.84242e+08,1.064367e+08,0.5777,0.000231454,1
all-slow,27,2.97,7,1.50,2.17284e+08,1.1105e+08,0.51108,0.000265901,0
all-slow,27,2.97,7,1.80,2.50872e+08,1.11765e+08,0.44551,0.000301498,0
all-slow,27,2.97,7,2.10,2.84343e+08,1.10765e+08,0.38955,0.000338222,0
all-slow,27,2.97,7,2.40,3.17331e+08,1.085183e+08,0.34197,0.00037361,0
all-slow,27,2.97,7,2.70,3.49454e+08,1.070767e+08,0.30641,0.000410635,0
all-slow,27,3.30,0,0.90,3355580,2054533,0.61227,3.6273e-05,0
all-slow,27,3.30,0,1.20,3971940,2151533,0.54168,3.99769e-05,0
all-slow,27,3.30,0,1.50,4646500,2279000,0.49048,4.30057e-05,0
all-slow,27,3.30,0,1.80,5339340,2336567,0.43761,4.82258e-05,0
all-slow,27,3.30,0,2.10,6048440,2426333,0.40115,5.21862e-05,0
all-slow,27,3.30,0,2.40,6795140,2475450,0.3643,5.58054e-05,0
all-slow,27,3.30,0,2.70,7533710,2461900,0.32678,5.99236e-05,0
all-slow,27,3.30,1,0.90,5437850,3336167,0.61351,4.35548e-05,0
all-slow,27,3.30,1,1.20,6438700,3519933,0.54668,4.82085e-05,0
all-slow,27,3.30,1,1.50,7549810,3748333,0.49648,5.23122e-05,0
all-slow,27,3.30,1,1.80,8687700,3871300,0.44561,5.83315e-05,0
all-slow,27,3.30,1,2.10,9872590,3999500,0.40511,6.44903e-05,0
all-slow,27,3.30,1,2.40,1.10874e+07,4036683,0.36408,6.94997e-05,1
all-slow,27,3.30,1,2.70,1.22946e+07,4024000,0.3273,7.53314e-05,1
all-slow,27,3.30,2,0.90,9099370,5698433,0.62624,4.86488e-05,0
all-slow,27,3.30,2,1.20,1.08089e+07,5963883,0.55176,5.53597e-05,1
all-slow,27,3.30,2,1.50,1.26777e+07,6341167,0.50018,6.13613e-05,1
all-slow,27,3.30,2,1.80,1.46136e+07,6619333,0.45296,6.76517e-05,1
all-slow,27,3.30,2,2.10,1.66493e+07,6891667,0.41393,7.45077e-05,1
all-slow,27,3.30,2,2.40,1.87486e+07,6994833,0.37309,8.06346e-05,1
all-slow,27,3.30,2,2.70,2.08462e+07,6992000,0.33541,8.71599e-05,1
all-slow,27,3.30,3,0.90,1.48976e+07,9447667,0.63417,6.36229e-05,1
all-slow,27,3.30,3,1.20,1.77319e+07,9909667,0.55886,7.24968e-05,1
all-slow,27,3.30,3,1.50,2.08434e+07,1.072333e+07,0.51447,8.08211e-05,1
all-slow,27,3.30,3,1.80,2.41659e+07,1.118233e+07,0.46273,9.04483e-05,1
all-slow,27,3.30,3,2.10,2.75528e+07,1.153383e+07,0.41861,0.00010023,1
all-slow,27,3.30,3,2.40,3.10862e+07,1.199583e+07,0.38589,0.000110238,1
all-slow,27,3.30,3,2.70,3.47503e+07,1.221367e+07,0.35147,0.000120151,1
all-slow,27,3.30,4,0.90,2.54839e+07,1.6548e+07,0.64935,7.11725e-05,1
all-slow,27,3.30,4,1.20,3.04483e+07,1.744017e+07,0.57278,7.99138e-05,1
all-slow,27,3.30,4,1.50,3.5948e+07,1.88385e+07,0.52405,9.06552e-05,1
all-slow,27,3.30,4,1.80,4.17514e+07,1.979383e+07,0.47409,0.00010161,1
all-slow,27,3.30,4,2.10,4.78243e+07,2.0595e+07,0.43064,0.00011274,1
all-slow,27,3.30,4,2.40,5.41084e+07,2.1358e+07,0.39473,0.000123544,1
all-slow,27,3.30,4,2.70,6.06391e+07,2.1769e+07,0.35899,0.00013458,1
all-slow,27,3.30,5,0.90,4.25814e+07,2.8437e+07,0.66783,9.75682e-05,1
all-slow,27,3.30,5,1.20,5.11125e+07,3.01465e+07,0.58981,0.00011138,1
all-slow,27,3.30,5,1.50,6.06693e+07,3.293483e+07,0.54286,0.000127044,1
all-slow,27,3.30,5,1.80,7.08734e+07,3.474183e+07,0.4902,0.000144052,1
all-slow,27,3.30,5,2.10,8.15144e+07,3.627383e+07,0.445,0.000161197,1
all-slow,27,3.30,5,2.40,9.26377e+07,3.752267e+07,0.40505,0.000178101,1
all-slow,27,3.30,5,2.70,1.04028e+08,3.796767e+07,0.36498,0.00019529,1
all-slow,27,3.30,6,0.90,7.45899e+07,5.177633e+07,0.69415,0.000137304,1
all-slow,27,3.30,6,1.20,9.01228e+07,5.485517e+07,0.60867,0.000160698,1
all-slow,27,3.30,6,1.50,1.07503e+08,5.997867e+07,0.55793,0.000184062,1
all-slow,27,3.30,6,1.80,1.2611e+08,6.3145e+07,0.50071,0.000209668,1
all-slow,27,3.30,6,2.10,1.4539e+08,6.531167e+07,0.44922,0.000233899,1
all-slow,27,3.30,6,2.40,1.65297e+08,6.689833e+07,0.40472,0.000258536,1
all-slow,27,3.30,6,2.70,1.85529e+08,6.744e+07,0.3635,0.000285689,1
all-slow,27,3.30,7,0.90,1.28665e+08,9.065e+07,0.70454,0.0002063,1
all-slow,27,3.30,7,1.20,1.5586e+08,9.523e+07,0.611,0.000240423,1
all-slow,27,3.30,7,1.50,1.85803e+08,1.019483e+08,0.54869,0.000276764,1
all-slow,27,3.30,7,1.80,2.17029e+08,1.04985e+08,0.48374,0.000315648,0
all-slow,27,3.30,7,2.10,2.48794e+08,1.061617e+08,0.42671,0.000354917,0
all-slow,27,3.30,7,2.40,2.80726e+08,1.064433e+08,0.37917,0.000394264,0
all-slow,27,3.30,7,2.70,3.1266e+08,1.064467e+08,0.34046,0.0004338,0
all-slow,27,3.63,0,0.90,3094780,1848033,0.59715,4.10457e-05,0
all-slow,27,3.63,0,1.20,3649190,1912083,0.52397,4.44813e-05,0
all-slow,27,3.63,0,1.50,4242030,2026117,0.47763,4.76818e-05,0
all-slow,27,3.63,0,1.80,4864860,2105000,0.43269,5.13351e-05,0
all-slow,27,3.63,0,2.10,5505030,2141783,0.38906,5.65188e-05,0
all-slow,27,3.63,0,2.40,6149930,2183167,0.35499,5.9856e-05,0
all-slow,27,3.63,0,2.70,6814930,2216667,0.32527,6.45981e-05,0
all-slow,27,3.63,1,0.90,4964850,2977800,0.59978,4.70456e-05,0
all-slow,27,3.63,1,1.20,5858190,3103467,0.52977,5.17805e-05,0
all-slow,27,3.63,1,1.50,6826930,3288867,0.48175,5.63159e-05,0
all-slow,27,3.63,1,1.80,7831510,3395983,0.43363,6.23444e-05,0
all-slow,27,3.63,1,2.10,8864520,3517850,0.39685,6.87091e-05,0
all-slow,27,3.63,1,2.40,9942220,3565800,0.35865,7.4312e-05,0
all-slow,27,3.63,1,2.70,1.1004e+07,3539267,0.32163,8.02239e-05,1
all-slow,27,3.63,2,0.90,8250990,4995467,0.60544,5.3355e-05,0
all-slow,27,3.63,2,1.20,9749630,5204850,0.53385,5.8605e-05,0
all-slow,27,3.63,2,1.50,1.13739e+07,5558950,0.48875,6.60985e-05,1
all-slow,27,3.63,2,1.80,1.3085e+07,5780500,0.44177,7.20385e-05,1
all-slow,27,3.63,2,2.10,1.48422e+07,5937500,0.40004,7.8824e-05,1
all-slow,27,3.63,2,2.40,1.66475e+07,6028833,0.36215,8.5963e-05,1
all-slow,27,3.63,2,2.70,1.84595e+07,6040000,0.3272,9.35306e-05,1
all-slow,27,3.63,3,0.90,1.33531e+07,8199333,0.61404,6.91399e-05,1
all-slow,27,3.63,3,1.20,1.58129e+07,8581667,0.5427,7.74643e-05,1
all-slow,27,3.63,3,1.50,1.85021e+07,9229667,0.49884,8.6532e-05,1
all-slow,27,3.63,3,1.80,2.13507e+07,9648500,0.45191,9.68686e-05,1
all-slow,27,3.63,3,2.10,2.42912e+07,9895667,0.40738,0.00010556,1
all-slow,27,3.63,3,2.40,2.72881e+07,1.0198e+07,0.37372,0.000116579,1
all-slow,27,3.63,3,2.70,3.041e+07,1.040633e+07,0.3422,0.000125604,1
all-slow,27,3.63,4,0.90,2.26899e+07,1.420967e+07,0.62626,7.72807e-05,1
all-slow,27,3.63,4,1.20,2.69528e+07,1.49295e+07,0.55391,8.64849e-05,1
all-slow,27,3.63,4,1.50,3.16476e+07,1.604283e+07,0.50692,9.75024e-05,1
all-slow,27,3.63,4,1.80,3.65785e+07,1.681483e+07,0.45969,0.000108264,1
all-slow,27,3.63,4,2.10,4.17365e+07,1.718733e+07,0.41181,0.000119523,1
all-slow,27,3.63,4,2.40,4.68909e+07,1.7808e+07,0.37978,0.000130792,1
all-slow,27,3.63,4,2.70,5.24213e+07,1.843467e+07,0.35166,0.000143733,1
all-slow,27,3.63,5,0.90,3.73497e+07,2.403933e+07,0.64363,0.000104836,1
all-slow,27,3.63,5,1.20,4.45615e+07,2.538683e+07,0.5697,0.000118564,1
all-slow,27,3.63,5,1.50,5.25818e+07,2.757433e+07,0.52441,0.000134976,1
all-slow,27,3.63,5,1.80,6.11061e+07,2.903367e+07,0.47514,0.000151749,1
all-slow,27,3.63,5,2.10,7.0002e+07,3.02505e+07,0.43214,0.00016834,1
all-slow,27,3.63,5,2.40,7.92564e+07,3.13485e+07,0.39553,0.000186175,1
all-slow,27,3.63,5,2.70,8.88111e+07,3.1849e+07,0.35862,0.000205873,1
all-slow,27,3.63,6,0.90,6.46475e+07,4.334133e+07,0.67043,0.000145659,1
all-slow,27,3.63,6,1.20,7.76499e+07,4.5899e+07,0.5911,0.000168355,1
all-slow,27,3.63,6,1.50,9.21869e+07,5.015683e+07,0.54408,0.000192121,1
all-slow,27,3.63,6,1.80,1.07744e+08,5.30585e+07,0.49245,0.000217576,1
all-slow,27,3.63,6,2.10,1.24022e+08,5.55e+07,0.4475,0.000243455,1
all-slow,27,3.63,6,2.40,1.41044e+08,5.801167e+07,0.4113,0.000270482,1
all-slow,27,3.63,6,2.70,1.58829e+08,5.928333e+07,0.37325,0.000298088,1
all-slow,27,3.63,7,0.90,1.10193e+08,7.700667e+07,0.69883,0.000214946,1
all-slow,27,3.63,7,1.20,1.33295e+08,8.164167e+07,0.61249,0.000250649,1
all-slow,27,3.63,7,1.50,1.59178e+08,8.898833e+07,0.55905,0.000291392,1
all-slow,27,3.63,7,1.80,1.86688e+08,9.349333e+07,0.5008,0.000328153,1
all-slow,27,3.63,7,2.10,2.15274e+08,9.6665e+07,0.44903,0.00036891,0
all-slow,27,3.63,7,2.40,2.44687e+08,9.865833e+07,0.4032,0.000409899,0
all-slow,27,3.63,7,2.70,2.74469e+08,9.927333e+07,0.36169,0.000451947,0
all-slow,125,2.97,0,0.90,3990910,2481400,0.62176,4.32108e-05,0
all-slow,125,2.97,0,1.20,4735330,2601000,0.54928,4.67626e-05,0
all-slow,125,2.97,0,1.50,5551510,2768983,0.49878,5.07734e-05,0
all-slow,125,2.97,0,1.80,6396720,2856033,0.44648,5.56874e-05,0
all-slow,125,2.97,0,2.10,7265130,2668817,0.36735,6.03092e-05,0
all-slow,125,2.97,0,2.40,7998010,3023650,0.37805,6.42481e-05,0
all-slow,125,2.97,0,2.70,9079320,3604367,0.39699,6.93015e-05,0
all-slow,125,2.97,1,0.90,6559880,4133733,0.63015,5.15723e-05,0
all-slow,125,2.97,1,1.20,7800000,4322100,0.55412,5.61764e-05,0
all-slow,125,2.97,1,1.50,9153140,4597000,0.50223,6.1678e-05,0
all-slow,125,2.97,1,1.80,1.05582e+07,4797767,0.45441,6.79325e-05,1
all-slow,125,2.97,1,2.10,1.20318e+07,4962667,0.41246,7.4527e-05,1
all-slow,125,2.97,1,2.40,1.35358e+07,5085000,0.37567,8.01526e-05,1
all-slow,125,2.97,1,2.70,1.50828e+07,5156667,0.34189,8.64832e-05,1
all-slow,125,2.97,2,0.90,1.09855e+07,7093333,0.6457,5.73182e-05,1
all-slow,125,2.97,2,1.20,1.31135e+07,7401667,0.56443,6.3352e-05,1
all-slow,125,2.97,2,1.50,1.54265e+07,7949667,0.51533,6.98877e-05,1
all-slow,125,2.97,2,1.80,1.78833e+07,8349333,0.46688,7.74558e-05,1
all-slow,125,2.97,2,2.10,2.04361e+07,8620667,0.42184,8.48324e-05,1
all-slow,125,2.97,2,2.40,2.30557e+07,8846167,0.38369,9.36438e-05,1
all-slow,125,2.97,2,2.70,2.57438e+07,8960333,0.34806,0.000100184,1
all-slow,125,2.97,3,0.90,1.83578e+07,1.2132e+07,0.66086,7.29786e-05,1
all-slow,125,2.97,3,1.20,2.19974e+07,1.270817e+07,0.57771,8.18574e-05,1
all-slow,125,2.97,3,1.50,2.59827e+07,1.373467e+07,0.52861,9.25462e-05,1
all-slow,125,2.97,3,1.80,3.02382e+07,1.443767e+07,0.47746,0.000103319,1
all-slow,125,2.97,3,2.10,3.46453e+07,1.502033e+07,0.43355,0.000113937,1
all-slow,125,2.97,3,2.40,3.92504e+07,1.563167e+07,0.39825,0.000125264,1
all-slow,125,2.97,3,2.70,4.40243e+07,1.5913e+07,0.36146,0.000135651,1
all-slow,125,2.97,4,0.90,3.26927e+07,2.2169e+07,0.6781,8.11979e-05,1
all-slow,125,2.97,4,1.20,3.93434e+07,2.3346e+07,0.59339,9.27395e-05,1
all-slow,125,2.97,4,1.50,4.67003e+07,2.532167e+07,0.54222,0.0001038,1
all-slow,125,2.97,4,1.80,5.45364e+07,2.67045e+07,0.48966,0.00011639,1
all-slow,125,2.97,4,2.10,6.2723e+07,2.7901e+07,0.44483,0.000128994,1
all-slow,125,2.97,4,2.40,7.1277e+07,2.908517e+07,0.40806,0.000140647,1
all-slow,125,2.97,4,2.70,8.01741e+07,2.9657e+07,0.36991,0.000154141,1
all-slow,125,2.97,5,0.90,5.60901e+07,3.925967e+07,0.69994,0.000112915,1
all-slow,125,2.97,5,1.20,6.7868e+07,4.133967e+07,0.60912,0.000128841,1
all-slow,125,2.97,5,1.50,8.08939e+07,4.4746e+07,0.55314,0.000146945,1
all-slow,125,2.97,5,1.80,9.47156e+07,4.710517e+07,0.49733,0.000165549,1
all-slow,125,2.97,5,2.10,1.09157e+08,4.8709e+07,0.44623,0.000183589,1
all-slow,125,2.97,5,2.40,1.23941e+08,4.9745e+07,0.40136,0.000203525,1
all-slow,125,2.97,5,2.70,1.39004e+08,5.021e+07,0.36121,0.000222548,1
all-slow,125,2.97,6,0.90,9.88659e+07,6.963033e+07,0.70429,0.000157019,1
all-slow,125,2.97,6,1.20,1.19755e+08,7.255517e+07,0.60586,0.000182256,1
all-slow,125,2.97,6,1.50,1.42399e+08,7.689e+07,0.53996,0.000208882,1
all-slow,125,2.97,6,1.80,1.65889e+08,7.874667e+07,0.47469,0.000237359,1
all-slow,125,2.97,6,2.10,1.89647e+08,7.926833e+07,0.41798,0.000262951,1
all-slow,125,2.97,6,2.40,2.1345e+08,7.902667e+07,0.37024,0.000290291,0
all-slow,125,2.97,6,2.70,2.37063e+08,7.871e+07,0.33202,0.000317494,0
all-slow,125,2.97,7,0.90,1.70477e+08,1.1189e+08,0.65633,0.000234976,1
all-slow,125,2.97,7,1.20,2.04044e+08,1.144867e+08,0.56109,0.000273176,0
all-slow,125,2.97,7,1.50,2.39169e+08,1.170333e+08,0.48933,0.000310895,0
all-slow,125,2.97,7,1.80,2.74264e+08,1.15665e+08,0.42173,0.00035365,0
all-slow,125,2.97,7,2.10,3.08568e+08,1.125167e+08,0.36464,0.000391816,0
all-slow,125,2.97,7,2.40,3.41774e+08,1.084133e+08,0.31721,0.000431991,0
all-slow,125,2.97,7,2.70,3.73616e+08,1.0614e+08,0.28409,0.000469838,0
all-slow,125,3.30,0,0.90,3581470,2183233,0.60959,4.62573e-05,0
all-slow,125,3.30,0,1.20,4236440,2266033,0.53489,5.0049e-05,0
all-slow,125,3.30,0,1.50,4941090,2395467,0.48481,5.44214e-05,0
all-slow,125,3.30,0,1.80,5673720,2484983,0.43798,5.9032e-05,0
all-slow,125,3.30,0,2.10,6432080,2539633,0.39484,6.42377e-05,0
all-slow,125,3.30,0,2.40,7197500,2581733,0.3587,6.80448e-05,0
all-slow,125,3.30,0,2.70,7981120,2612067,0.32728,7.30446e-05,0
all-slow,125,3.30,1,0.90,5833580,3558933,0.61008,5.45793e-05,0
all-slow,125,3.30,1,1.20,6901260,3726000,0.5399,6.02533e-05,0
all-slow,125,3.30,1,1.50,8069180,3949700,0.48948,6.57673e-05,0
all-slow,125,3.30,1,1.80,9271080,4110867,0.44341,7.17233e-05,0
all-slow,125,3.30,1,2.10,1.05357e+07,4224533,0.40097,7.80905e-05,1
all-slow,125,3.30,1,2.40,1.18058e+07,4282833,0.36277,8.45876e-05,1
all-slow,125,3.30,1,2.70,1.31054e+07,4332000,0.33055,9.05297e-05,1
all-slow,125,3.30,2,0.90,9689840,6030533,0.62236,6.17255e-05,0
all-slow,125,3.30,2,1.20,1.1499e+07,6318600,0.54949,6.72142e-05,1
all-slow,125,3.30,2,1.50,1.3481e+07,6761833,0.50158,7.46819e-05,1
all-slow,125,3.30,2,1.80,1.55561e+07,7011500,0.45072,8.16623e-05,1
all-slow,125,3.30,2,2.10,1.76879e+07,7222333,0.40832,8.91856e-05,1
all-slow,125,3.30,2,2.40,1.98895e+07,7434167,0.37377,9.68091e-05,1
all-slow,125,3.30,2,2.70,2.21484e+07,7529667,0.33996,0.000103996,1
all-slow,125,3.30,3,0.90,1.59803e+07,1.0207e+07,0.63872,7.81774e-05,1
all-slow,125,3.30,3,1.20,1.90424e+07,1.068033e+07,0.56087,8.67574e-05,1
all-slow,125,3.30,3,1.50,2.23885e+07,1.14175e+07,0.50997,9.70163e-05,1
all-slow,125,3.30,3,1.80,2.58929e+07,1.194783e+07,0.46143,0.0001082,1
all-slow,125,3.30,3,2.10,2.95572e+07,1.242533e+07,0.42038,0.000118689,1
all-slow,125,3.30,3,2.40,3.33481e+07,1.286983e+07,0.38592,0.000130403,1
all-slow,125,3.30,3,2.70,3.72791e+07,1.310333e+07,0.35149,0.000141666,1
all-slow,125,3.30,4,0.90,2.81573e+07,1.832833e+07,0.65093,8.63452e-05,1
all-slow,125,3.30,4,1.20,3.36558e+07,1.927133e+07,0.5726,9.73705e-05,1
all-slow,125,3.30,4,1.50,3.97201e+07,2.08015e+07,0.5237,0.000109889,1
all-slow,125,3.30,4,1.80,4.61367e+07,2.187017e+07,0.47403,0.000121891,1
all-slow,125,3.30,4,2.10,5.28422e+07,2.280017e+07,0.43148,0.00013509,1
all-slow,125,3.30,4,2.40,5.98168e+07,2.375617e+07,0.39715,0.000146647,1
all-slow,125,3.30,4,2.70,6.70959e+07,2.426367e+07,0.36163,0.000160207,1
all-slow,125,3.30,5,0.90,4.75101e+07,3.204733e+07,0.67454,0.000117826,1
all-slow,125,3.30,5,1.20,5.71243e+07,3.38155e+07,0.59196,0.000135722,1
all-slow,125,3.30,5,1.50,6.77994e+07,3.675733e+07,0.54215,0.000153205,1
all-slow,125,3.30,5,1.80,7.91787e+07,3.90155e+07,0.49275,0.000172326,1
all-slow,125,3.30,5,2.10,9.12087e+07,4.08355e+07,0.44771,0.000190413,1
all-slow,125,3.30,5,2.40,1.0368e+08,4.22055e+07,0.40707,0.000211561,1
all-slow,125,3.30,5,2.70,1.16532e+08,4.284e+07,0.36762,0.000231359,1
all-slow,125,3.30,6,0.90,8.31234e+07,5.8602e+07,0.705,0.000165394,1
all-slow,125,3.30,6,1.20,1.00704e+08,6.167933e+07,0.61248,0.000189612,1
all-slow,125,3.30,6,1.50,1.20131e+08,6.673833e+07,0.55555,0.000217245,1
all-slow,125,3.30,6,1.80,1.40747e+08,6.993667e+07,0.4969,0.000245408,1
all-slow,125,3.30,6,2.10,1.62093e+08,7.193167e+07,0.44377,0.000274045,1
all-slow,125,3.30,6,2.40,1.83906e+08,7.323167e+07,0.3982,0.000304402,1
all-slow,125,3.30,6,2.70,2.06032e+08,7.375333e+07,0.35797,0.000332482,0
all-slow,125,3.30,7,0.90,1.45159e+08,1.0132e+08,0.69799,0.000244023,1
all-slow,125,3.30,7,1.20,1.75555e+08,1.0516e+08,0.59901,0.000284353,1
all-slow,125,3.30,7,1.50,2.08255e+08,1.105033e+08,0.53062,0.000326556,0
all-slow,125,3.30,7,1.80,2.41857e+08,1.121583e+08,0.46374,0.000369447,0
all-slow,125,3.30,7,2.10,2.7555e+08,1.11775e+08,0.40564,0.000412328,0
all-slow,125,3.30,7,2.40,3.08922e+08,1.099883e+08,0.35604,0.000452415,0
all-slow,125,3.30,7,2.70,3.41543e+08,1.087367e+08,0.31837,0.000497765,0
all-slow,125,3.63,0,0.90,3300780,1958933,0.59348,5.01119e-05,0
all-slow,125,3.63,0,1.20,3888460,2035083,0.52336,5.36058e-05,0
all-slow,125,3.63,0,1.50,4521830,2146300,0.47465,5.89919e-05,0
all-slow,125,3.63,0,1.80,5176240,2213967,0.42772,6.25868e-05,0
all-slow,125,3.63,0,2.10,5850210,2260583,0.38641,6.75354e-05,0
all-slow,125,3.63,0,2.40,6532590,2317617,0.35478,7.1761e-05,0
all-slow,125,3.63,0,2.70,7240780,2360633,0.32602,7.79382e-05,0
all-slow,125,3.63,1,0.90,5329220,3187300,0.59808,5.81153e-05,0
all-slow,125,3.63,1,1.20,6285410,3306967,0.52613,6.33e-05,0
all-slow,125,3.63,1,1.50,7313400,3500633,0.47866,6.94322e-05,0
all-slow,125,3.63,1,1.80,8385790,3630683,0.43296,7.60241e-05,0
all-slow,125,3.63,1,2.10,9491810,3707683,0.39062,8.24405e-05,0
all-slow,125,3.63,1,2.40,1.06104e+07,3760817,0.35445,8.89254e-05,1
all-slow,125,3.63,1,2.70,1.17483e+07,3793000,0.32286,9.57395e-05,1
all-slow,125,3.63,2,0.90,8797590,5328033,0.60562,6.45339e-05,0
all-slow,125,3.63,2,1.20,1.0396e+07,5568350,0.53562,7.17373e-05,1
all-slow,125,3.63,2,1.50,1.21386e+07,5894667,0.48561,7.91497e-05,1
all-slow,125,3.63,2,1.80,1.39328e+07,6134167,0.44027,8.67304e-05,1
all-slow,125,3.63,2,2.10,1.58191e+07,6349833,0.4014,9.40582e-05,1
all-slow,125,3.63,2,2.40,1.77427e+07,6447667,0.3634,0.000102134,1
all-slow,125,3.63,2,2.70,1.96877e+07,6483333,0.32931,0.000109977,1
all-slow,125,3.63,3,0.90,1.43584e+07,8907333,0.62036,8.2893e-05,1
all-slow,125,3.63,3,1.20,1.70306e+07,9255000,0.54343,9.20361e-05,1
all-slow,125,3.63,3,1.50,1.99114e+07,9863333,0.49536,0.000102073,1
all-slow,125,3.63,3,1.80,2.29486e+07,1.035883e+07,0.45139,0.000113402,1
all-slow,125,3.63,3,2.10,2.61267e+07,1.0674e+07,0.40855,0.000124567,1
all-slow,125,3.63,3,2.40,2.9353e+07,1.094767e+07,0.37297,0.000135735,1
all-slow,125,3.63,3,2.70,3.26953e+07,1.1141e+07,0.34075,0.000147624,1
all-slow,125,3.63,4,0.90,2.51161e+07,1.581433e+07,0.62965,9.24023e-05,1
all-slow,125,3.63,4,1.20,2.98604e+07,1.65635e+07,0.5547,0.000102983,1
all-slow,125,3.63,4,1.50,3.50542e+07,1.776833e+07,0.50688,0.000116058,1
all-slow,125,3.63,4,1.80,4.05214e+07,1.862733e+07,0.45969,0.000128695,1
all-slow,125,3.63,4,2.10,4.62306e+07,1.928933e+07,0.41724,0.000141255,1
all-slow,125,3.63,4,2.40,5.2095e+07,2.00545e+07,0.38496,0.000154431,1
all-slow,125,3.63,4,2.70,5.82633e+07,2.0561e+07,0.3529,0.000167939,1
all-slow,125,3.63,5,0.90,4.17946e+07,2.720267e+07,0.65087,0.000124548,1
all-slow,125,3.63,5,1.20,4.99554e+07,2.856467e+07,0.5718,0.000141753,1
all-slow,125,3.63,5,1.50,5.89334e+07,3.09505e+07,0.52518,0.000159124,1
all-slow,125,3.63,5,1.80,6.85257e+07,3.279733e+07,0.47861,0.000178406,1
all-slow,125,3.63,5,2.10,7.86118e+07,3.426667e+07,0.4359,0.000198976,1
all-slow,125,3.63,5,2.40,8.90857e+07,3.55625e+07,0.39919,0.000218963,1
all-slow,125,3.63,5,2.70,9.99493e+07,3.6212e+07,0.3623,0.000237899,1
all-slow,125,3.63,6,0.90,7.22525e+07,4.934867e+07,0.683,0.000173685,1
all-slow,125,3.63,6,1.20,8.70571e+07,5.217583e+07,0.59933,0.00019981,1
all-slow,125,3.63,6,1.50,1.03558e+08,5.691483e+07,0.54959,0.000226952,1
all-slow,125,3.63,6,1.80,1.21206e+08,6.028833e+07,0.4974,0.000253895,1
all-slow,125,3.63,6,2.10,1.39731e+08,6.286e+07,0.44986,0.000285449,1
all-slow,125,3.63,6,2.40,1.58922e+08,6.475e+07,0.40743,0.000315007,1
all-slow,125,3.63,6,2.70,1.78581e+08,6.553e+07,0.36695,0.000344677,1
all-slow,125,3.63,7,0.90,1.25319e+08,8.84e+07,0.7054,0.000257387,1
all-slow,125,3.63,7,1.20,1.51839e+08,9.1675e+07,0.60376,0.000296673,1
all-slow,125,3.63,7,1.50,1.80324e+08,9.954667e+07,0.55204,0.000338084,1
all-slow,125,3.63,7,1.80,2.11567e+08,1.043933e+08,0.49343,0.000384968,0
all-slow,125,3.63,7,2.10,2.4296e+08,1.051983e+08,0.43299,0.000429616,0
all-slow,125,3.63,7,2.40,2.74686e+08,1.056767e+08,0.38472,0.000474337,0
all-slow,125,3.63,7,2.70,3.06366e+08,1.056e+08,0.34469,0.00052057,0
ff,-40,2.97,0,0.90,4042050,2874833,0.71123,4.25782e-05,0
ff,-40,2.97,0,1.20,4904500,2930950,0.5976,4.57695e-05,0
ff,-40,2.97,0,1.50,5800620,3016300,0.52,5.07614e-05,0
ff,-40,2.97,0,1.80,6714280,3092217,0.46054,5.5527e-05,0
ff,-40,2.97,0,2.10,7655950,3140417,0.41019,5.95071e-05,0
ff,-40,2.97,0,2.40,8598530,3165067,0.36809,6.54415e-05,0
ff,-40,2.97,0,2.70,9554990,3188200,0.33367,7.02782e-05,0
ff,-40,2.97,1,0.90,6502100,4641733,0.71388,4.87819e-05,0
ff,-40,2.97,1,1.20,7894620,4521133,0.57269,5.47942e-05,0
ff,-40,2.97,1,1.50,9214780,4893133,0.53101,6.13738e-05,0
ff,-40,2.97,1,1.80,1.08305e+07,5257533,0.48544,6.91294e-05,1
ff,-40,2.97,1,2.10,1.23693e+07,5104833,0.4127,7.34481e-05,1
ff,-40,2.97,1,2.40,1.38934e+07,5154000,0.37097,8.10245e-05,1
ff,-40,2.97,1,2.70,1.54617e+07,5227667,0.3381,8.80677e-05,1
ff,-40,2.97,2,0.90,1.09464e+07,7821000,0.71448,5.59262e-05,1
ff,-40,2.97,2,1.20,1.32927e+07,7989167,0.60102,6.31717e-05,1
ff,-40,2.97,2,1.50,1.57399e+07,8319167,0.52854,7.0691e-05,1
ff,-40,2.97,2,1.80,1.82842e+07,8591167,0.46987,7.86098e-05,1
ff,-40,2.97,2,2.10,2.08946e+07,8760833,0.41929,8.58834e-05,1
ff,-40,2.97,2,2.40,2.35407e+07,8925667,0.37916,9.35331e-05,1
ff,-40,2.97,2,2.70,2.625e+07,9031000,0.34404,0.000102732,1
ff,-40,2.97,3,0.90,1.76996e+07,1.280733e+07,0.72359,7.11862e-05,1
ff,-40,2.97,3,1.20,2.15418e+07,1.32195e+07,0.61367,8.25323e-05,1
ff,-40,2.97,3,1.50,2.56313e+07,1.389517e+07,0.54212,9.28519e-05,1
ff,-40,2.97,3,1.80,2.98789e+07,1.420017e+07,0.47526,0.000104445,1
ff,-40,2.97,3,2.10,3.41514e+07,1.465333e+07,0.42907,0.000115428,1
ff,-40,2.97,3,2.40,3.86709e+07,1.487567e+07,0.38467,0.000126817,1
ff,-40,2.97,3,2.70,4.30768e+07,1.468633e+07,0.34093,0.000137819,1
ff,-40,2.97,4,0.90,2.94052e+07,2.172633e+07,0.73886,8.00285e-05,1
ff,-40,2.97,4,1.20,3.59231e+07,2.248817e+07,0.62601,9.13757e-05,1
ff,-40,2.97,4,1.50,4.28981e+07,2.361217e+07,0.55042,0.000103952,1
ff,-40,2.97,4,1.80,5.00904e+07,2.4488e+07,0.48888,0.000116795,1
ff,-40,2.97,4,2.10,5.75909e+07,2.541917e+07,0.44137,0.00013047,1
ff,-40,2.97,4,2.40,6.53419e+07,2.573933e+07,0.39392,0.000143439,1
ff,-40,2.97,4,2.70,7.30345e+07,2.5642e+07,0.35109,0.000157181,1
ff,-40,2.97,5,0.90,4.84333e+07,3.684333e+07,0.7607,0.000107803,1
ff,-40,2.97,5,1.20,5.94863e+07,3.809217e+07,0.64035,0.000125158,1
ff,-40,2.97,5,1.50,7.12886e+07,4.050883e+07,0.56824,0.000144256,1
ff,-40,2.97,5,1.80,8.37916e+07,4.221617e+07,0.50382,0.000163126,1
ff,-40,2.97,5,2.10,9.66183e+07,4.359567e+07,0.45122,0.000184441,1
ff,-40,2.97,5,2.40,1.09949e+08,4.551283e+07,0.41394,0.000202754,1
ff,-40,2.97,5,2.70,1.23926e+08,4.659e+07,0.37595,0.000225034,1
ff,-40,2.97,6,0.90,8.46632e+07,6.667933e+07,0.78758,0.000152523,1
ff,-40,2.97,6,1.20,1.04667e+08,6.918467e+07,0.661,0.000179653,1
ff,-40,2.97,6,1.50,1.26174e+08,7.402667e+07,0.5867,0.000206951,1
ff,-40,2.97,6,1.80,1.49083e+08,7.789833e+07,0.52252,0.000237086,1
ff,-40,2.97,6,2.10,1.72913e+08,8.093e+07,0.46804,0.000265944,1
ff,-40,2.97,6,2.40,1.97641e+08,8.408333e+07,0.42543,0.000298528,1
ff,-40,2.97,6,2.70,2.23363e+08,8.574e+07,0.38386,0.000329219,0
ff,-40,2.97,7,0.90,1.43658e+08,1.1801e+08,0.82146,0.000224235,1
ff,-40,2.97,7,1.20,1.79061e+08,1.229867e+08,0.68684,0.000267256,1
ff,-40,2.97,7,1.50,2.1745e+08,1.32035e+08,0.6072,0.000312105,0
ff,-40,2.97,7,1.80,2.58282e+08,1.380717e+08,0.53458,0.000358964,0
ff,-40,2.97,7,2.10,3.00293e+08,1.4242e+08,0.47427,0.00040524,0
ff,-40,2.97,7,2.40,3.43734e+08,1.45545e+08,0.42342,0.000453426,0
ff,-40,2.97,7,2.70,3.8762e+08,1.462867e+08,0.3774,0.000500943,0
ff,-40,3.30,0,0.90,3734600,2588300,0.69306,4.92443e-05,0
ff,-40,3.30,0,1.20,4511090,2622550,0.58136,5.299e-05,0
ff,-40,3.30,0,1.50,5308130,2698033,0.50828,5.69383e-05,0
ff,-40,3.30,0,1.80,6129910,2760167,0.45028,6.18839e-05,0
ff,-40,3.30,0,2.10,6964230,2792650,0.401,6.78248e-05,0
ff,-40,3.30,0,2.40,7805500,2829383,0.36249,7.15102e-05,0
ff,-40,3.30,0,2.70,8661860,2854533,0.32955,7.75521e-05,0
ff,-40,3.30,1,0.90,5953080,4134467,0.69451,5.60901e-05,0
ff,-40,3.30,1,1.20,7193420,4207233,0.58487,6.26792e-05,0
ff,-40,3.30,1,1.50,8477420,4370617,0.51556,6.87693e-05,0
ff,-40,3.30,1,1.80,9815790,4426467,0.45095,7.46548e-05,0
ff,-40,3.30,1,2.10,1.11333e+07,4491183,0.4034,8.28878e-05,1
ff,-40,3.30,1,2.40,1.25105e+07,4562833,0.36472,8.91001e-05,1
ff,-40,3.30,1,2.70,1.3871e+07,4535000,0.32694,9.41224e-05,1
ff,-40,3.30,2,0.90,9971350,6894833,0.69146,6.28962e-05,0
ff,-40,3.30,2,1.20,1.20398e+07,7069583,0.58718,7.00088e-05,1
ff,-40,3.30,2,1.50,1.42131e+07,7300167,0.51362,7.85444e-05,1
ff,-40,3.30,2,1.80,1.64199e+07,7517667,0.45784,8.65915e-05,1
ff,-40,3.30,2,2.10,1.87237e+07,7660833,0.40915,9.47719e-05,1
ff,-40,3.30,2,2.40,2.10164e+07,7721833,0.36742,0.000101197,1
ff,-40,3.30,2,2.70,2.33568e+07,7801333,0.33401,0.000111379,1
ff,-40,3.30,3,0.90,1.5944e+07,1.1268e+07,0.70672,8.01699e-05,1
ff,-40,3.30,3,1.20,1.93244e+07,1.150567e+07,0.5954,8.96777e-05,1
ff,-40,3.30,3,1.50,2.28474e+07,1.1967e+07,0.52378,0.00010251,1
ff,-40,3.30,3,1.80,2.65046e+07,1.23725e+07,0.46681,0.000112743,1
ff,-40,3.30,3,2.10,3.02709e+07,1.258333e+07,0.41569,0.000122592,1
ff,-40,3.30,3,2.40,3.40546e+07,1.254367e+07,0.36834,0.000138439,1
ff,-40,3.30,3,2.70,3.77971e+07,1.2475e+07,0.33005,0.000145388,1
ff,-40,3.30,4,0.90,2.63762e+07,1.8899e+07,0.71652,8.76273e-05,1
ff,-40,3.30,4,1.20,3.20459e+07,1.938917e+07,0.60504,0.000101612,1
ff,-40,3.30,4,1.50,3.80097e+07,2.026367e+07,0.53312,0.000112676,1
ff,-40,3.30,4,1.80,4.42041e+07,2.087767e+07,0.4723,0.000126535,1
ff,-40,3.30,4,2.10,5.05363e+07,2.144417e+07,0.42433,0.000138562,1
ff,-40,3.30,4,2.40,5.70706e+07,2.20015e+07,0.38551,0.000153013,1
ff,-40,3.30,4,2.70,6.37372e+07,2.2222e+07,0.34865,0.000166701,1
ff,-40,3.30,5,0.90,4.28648e+07,3.132367e+07,0.73075,0.000116541,1
ff,-40,3.30,5,1.20,5.22619e+07,3.24395e+07,0.62071,0.000135788,1
ff,-40,3.30,5,1.50,6.23285e+07,3.416433e+07,0.54813,0.000156665,1
ff,-40,3.30,5,1.80,7.27605e+07,3.550517e+07,0.48797,0.000174975,1
ff,-40,3.30,5,2.10,8.36316e+07,3.6757e+07,0.43951,0.000196597,1
ff,-40,3.30,5,2.40,9.48147e+07,3.760567e+07,0.39662,0.00021717,1
ff,-40,3.30,5,2.70,1.06195e+08,3.793433e+07,0.35721,0.000237867,1
ff,-40,3.30,6,0.90,7.40637e+07,5.613767e+07,0.75796,0.000163043,1
ff,-40,3.30,6,1.20,9.0905e+07,5.801217e+07,0.63816,0.000192281,1
ff,-40,3.30,6,1.50,1.08871e+08,6.147833e+07,0.56469,0.000223318,1
ff,-40,3.30,6,1.80,1.27792e+08,6.485e+07,0.50747,0.000251677,1
ff,-40,3.30,6,2.10,1.47781e+08,6.741e+07,0.45615,0.00028159,1
ff,-40,3.30,6,2.40,1.68238e+08,6.97e+07,0.41429,0.000313923,1
ff,-40,3.30,6,2.70,1.89601e+08,7.121e+07,0.37558,0.000344909,1
ff,-40,3.30,7,0.90,1.2366e+08,9.764333e+07,0.78961,0.000240081,1
ff,-40,3.30,7,1.20,1.52953e+08,1.0182e+08,0.66569,0.000281735,1
ff,-40,3.30,7,1.50,1.84752e+08,1.0928e+08,0.5915,0.00032819,1
ff,-40,3.30,7,1.80,2.18521e+08,1.150183e+08,0.52635,0.000375076,0
ff,-40,3.30,7,2.10,2.53763e+08,1.206017e+08,0.47525,0.000424147,0
ff,-40,3.30,7,2.40,2.90882e+08,1.246983e+08,0.42869,0.00047225,0
ff,-40,3.30,7,2.70,3.28582e+08,1.256667e+08,0.38245,0.000522891,0
ff,-40,3.63,0,0.90,3540440,2369033,0.66914,5.72709e-05,0
ff,-40,3.63,0,1.20,4251150,2417933,0.56877,6.21566e-05,0
ff,-40,3.63,0,1.50,4991200,2486200,0.49812,6.69287e-05,0
ff,-40,3.63,0,1.80,5742870,2507783,0.43668,6.96094e-05,0
ff,-40,3.63,0,2.10,6495870,2531567,0.38972,7.58263e-05,0
ff,-40,3.63,0,2.40,7261810,2521250,0.34719,8.20081e-05,0
ff,-40,3.63,0,2.70,8008620,2489367,0.31084,8.31306e-05,0
ff,-40,3.63,1,0.90,5592820,3774967,0.67497,6.56626e-05,0
ff,-40,3.63,1,1.20,6725310,3833317,0.56998,7.01338e-05,0
ff,-40,3.63,1,1.50,7892810,3943100,0.49958,7.69631e-05,0
ff,-40,3.63,1,1.80,9091170,4027483,0.44301,8.32043e-05,0
ff,-40,3.63,1,2.10,1.03093e+07,4052383,0.39308,9.23106e-05,1
ff,-40,3.63,1,2.40,1.15226e+07,4064333,0.35273,9.69827e-05,1
ff,-40,3.63,1,2.70,1.27479e+07,4084333,0.32039,0.000103799,1
ff,-40,3.63,2,0.90,9321590,6246700,0.67013,7.13881e-05,0
ff,-40,3.63,2,1.20,1.11956e+07,6401017,0.57174,7.98543e-05,1
ff,-40,3.63,2,1.50,1.31622e+07,6649500,0.5052,8.62318e-05,1
ff,-40,3.63,2,1.80,1.51853e+07,6755167,0.44485,9.54231e-05,1
ff,-40,3.63,2,2.10,1.72153e+07,6788000,0.3943,0.000100589,1
ff,-40,3.63,2,2.40,1.92581e+07,6868833,0.35667,0.000110156,1
ff,-40,3.63,2,2.70,2.13366e+07,6928333,0.32472,0.000118813,1
ff,-40,3.63,3,0.90,1.47759e+07,1.010433e+07,0.68384,8.92443e-05,1
ff,-40,3.63,3,1.20,1.78072e+07,1.032417e+07,0.57977,9.9007e-05,1
ff,-40,3.63,3,1.50,2.09704e+07,1.065067e+07,0.50789,0.000112289,1
ff,-40,3.63,3,1.80,2.41976e+07,1.084733e+07,0.44828,0.000123201,1
ff,-40,3.63,3,2.10,2.74788e+07,1.117767e+07,0.40677,0.000135676,1
ff,-40,3.63,3,2.40,3.09042e+07,1.141433e+07,0.36935,0.000148909,1
ff,-40,3.63,3,2.70,3.43274e+07,1.141067e+07,0.33241,0.000160396,1
ff,-40,3.63,4,0.90,2.43782e+07,1.688867e+07,0.69278,9.89304e-05,1
ff,-40,3.63,4,1.20,2.94448e+07,1.728567e+07,0.58705,0.000112498,1
ff,-40,3.63,4,1.50,3.47496e+07,1.800867e+07,0.51824,0.00012353,1
ff,-40,3.63,4,1.80,4.025e+07,1.8357e+07,0.45607,0.000139551,1
ff,-40,3.63,4,2.10,4.57638e+07,1.889917e+07,0.41297,0.000150412,1
ff,-40,3.63,4,2.40,5.15895e+07,1.944567e+07,0.37693,0.000167276,1
ff,-40,3.63,4,2.70,5.74312e+07,1.947233e+07,0.33905,0.000180061,1
ff,-40,3.63,5,0.90,3.91542e+07,2.772067e+07,0.70799,0.000129071,1
ff,-40,3.63,5,1.20,4.74704e+07,2.86095e+07,0.60268,0.000147249,1
ff,-40,3.63,5,1.50,5.63199e+07,2.993667e+07,0.53155,0.00016885,1
ff,-40,3.63,5,1.80,6.54324e+07,3.087517e+07,0.47186,0.000190709,1
ff,-40,3.63,5,2.10,7.4845e+07,3.192867e+07,0.4266,0.000210687,1
ff,-40,3.63,5,2.40,8.45896e+07,3.25165e+07,0.3844,0.000231788,1
ff,-40,3.63,5,2.70,9.43549e+07,3.2551e+07,0.34498,0.000254907,1
ff,-40,3.63,6,0.90,6.70946e+07,4.893033e+07,0.72927,0.000178269,1
ff,-40,3.63,6,1.20,8.17737e+07,5.0517e+07,0.61777,0.000206716,1
ff,-40,3.63,6,1.50,9.74048e+07,5.32255e+07,0.54644,0.000237042,1
ff,-40,3.63,6,1.80,1.13709e+08,5.561033e+07,0.48906,0.000267186,1
ff,-40,3.63,6,2.10,1.30771e+08,5.749167e+07,0.43964,0.000299497,1
ff,-40,3.63,6,2.40,1.48204e+08,5.9305e+07,0.40016,0.000332769,1
ff,-40,3.63,6,2.70,1.66354e+08,6.05e+07,0.36368,0.000363709,1
ff,-40,3.63,7,0.90,1.10467e+08,8.391e+07,0.75959,0.000255378,1
ff,-40,3.63,7,1.20,1.3564e+08,8.725667e+07,0.6433,0.000302021,1
ff,-40,3.63,7,1.50,1.62821e+08,9.261333e+07,0.5688,0.000346574,1
ff,-40,3.63,7,1.80,1.91208e+08,9.754833e+07,0.51017,0.000395839,1
ff,-40,3.63,7,2.10,2.2135e+08,1.0199e+08,0.46076,0.000446519,0
ff,-40,3.63,7,2.40,2.52402e+08,1.062683e+08,0.42103,0.000495482,0
ff,-40,3.63,7,2.70,2.85111e+08,1.0903e+08,0.38241,0.000547211,0
ff,27,2.97,0,0.90,4242720,3003033,0.70781,4.99123e-05,0
ff,27,2.97,0,1.20,5143630,3061717,0.59524,5.50103e-05,0
ff,27,2.97,0,1.50,6079750,3181717,0.52333,5.86561e-05,0
ff,27,2.97,0,1.80,7052660,3280450,0.46514,6.39355e-05,0
ff,27,2.97,0,2.10,8048020,3300750,0.41013,6.98294e-05,0
ff,27,2.97,0,2.40,9033110,3323967,0.36798,7.49339e-05,0
ff,27,2.97,0,2.70,1.00424e+07,3364300,0.33501,8.01818e-05,1
ff,27,2.97,1,0.90,6856740,4893467,0.71367,5.76417e-05,0
ff,27,2.97,1,1.20,8324780,5000967,0.60073,6.43535e-05,0
ff,27,2.97,1,1.50,9857320,5200200,0.52755,7.19701e-05,0
ff,27,2.97,1,1.80,1.14449e+07,5326133,0.46537,7.77913e-05,1
ff,27,2.97,1,2.10,1.3053e+07,5455167,0.41792,8.56103e-05,1
ff,27,2.97,1,2.40,1.4718e+07,5531667,0.37584,9.22876e-05,1
ff,27,2.97,1,2.70,1.6372e+07,5513333,0.33675,9.91987e-05,1
ff,27,2.97,2,0.90,1.14452e+07,8200667,0.71652,6.51544e-05,1
ff,27,2.97,2,1.20,1.39054e+07,8455667,0.60809,7.36927e-05,1
ff,27,2.97,2,1.50,1.65186e+07,8820500,0.53397,8.14303e-05,1
ff,27,2.97,2,1.80,1.91977e+07,9087000,0.47334,8.90543e-05,1
ff,27,2.97,2,2.10,2.19708e+07,9277500,0.42227,0.000100009,1
ff,27,2.97,2,2.40,2.47642e+07,9448500,0.38154,0.000106693,1
ff,27,2.97,2,2.70,2.76399e+07,9585667,0.34681,0.000116731,1
ff,27,2.97,3,0.90,1.86563e+07,1.364367e+07,0.73132,8.27893e-05,1
ff,27,2.97,3,1.20,2.27494e+07,1.405967e+07,0.61802,9.34184e-05,1
ff,27,2.97,3,1.50,2.70921e+07,1.46945e+07,0.54239,0.000108206,1
ff,27,2.97,3,1.80,3.15661e+07,1.51685e+07,0.48053,0.000118958,1
ff,27,2.97,3,2.10,3.61932e+07,1.577983e+07,0.43599,0.00013306,1
ff,27,2.97,3,2.40,4.1034e+07,1.603667e+07,0.39081,0.000143914,1
ff,27,2.97,3,2.70,4.58152e+07,1.593733e+07,0.34786,0.000157834,1
ff,27,2.97,4,0.90,3.18286e+07,2.380833e+07,0.74802,9.15926e-05,1
ff,27,2.97,4,1.20,3.89711e+07,2.4515e+07,0.62906,0.000104953,1
ff,27,2.97,4,1.50,4.65376e+07,2.586883e+07,0.55587,0.000119492,1
ff,27,2.97,4,1.80,5.44924e+07,2.685467e+07,0.49281,0.000134526,1
ff,27,2.97,4,2.10,6.26504e+07,2.772483e+07,0.44253,0.000147332,1
ff,27,2.97,4,2.40,7.11273e+07,2.8632e+07,0.40255,0.000161552,1
ff,27,2.97,4,2.70,7.98296e+07,2.900767e+07,0.36337,0.0001787,1
ff,27,2.97,5,0.90,5.28673e+07,4.066267e+07,0.76915,0.000123455,1
ff,27,2.97,5,1.20,6.50661e+07,4.221267e+07,0.64877,0.00014418,1
ff,27,2.97,5,1.50,7.81949e+07,4.486583e+07,0.57377,0.000163896,1
ff,27,2.97,5,1.80,9.19856e+07,4.704017e+07,0.51139,0.000186949,1
ff,27,2.97,5,2.10,1.06419e+08,4.921567e+07,0.46247,0.000209063,1
ff,27,2.97,5,2.40,1.21515e+08,5.096667e+07,0.41943,0.0002328,1
ff,27,2.97,5,2.70,1.36999e+08,5.161333e+07,0.37674,0.000254749,1
ff,27,2.97,6,0.90,9.20247e+07,7.400767e+07,0.80422,0.000170952,1
ff,27,2.97,6,1.20,1.14227e+08,7.708717e+07,0.67486,0.000203483,1
ff,27,2.97,6,1.50,1.38277e+08,8.264833e+07,0.5977,0.000235587,1
ff,27,2.97,6,1.80,1.63816e+08,8.7215e+07,0.5324,0.000269483,1
ff,27,2.97,6,2.10,1.90606e+08,9.0835e+07,0.47656,0.000303651,1
ff,27,2.97,6,2.40,2.18317e+08,9.4095e+07,0.431,0.000336358,0
ff,27,2.97,6,2.70,2.47063e+08,9.582e+07,0.38784,0.000370911,0
ff,27,2.97,7,0.90,1.58564e+08,1.328967e+08,0.83813,0.000254976,1
ff,27,2.97,7,1.20,1.98433e+08,1.38265e+08,0.69678,0.000302777,1
ff,27,2.97,7,1.50,2.41523e+08,1.470833e+08,0.60898,0.00035469,0
ff,27,2.97,7,1.80,2.86683e+08,1.526283e+08,0.53239,0.000406852,0
ff,27,2.97,7,2.10,3.331e+08,1.560017e+08,0.46833,0.000459281,0
ff,27,2.97,7,2.40,3.80284e+08,1.571333e+08,0.4132,0.000511067,0
ff,27,2.97,7,2.70,4.2738e+08,1.569867e+08,0.36732,0.000561152,0
ff,27,3.30,0,0.90,3904640,2702367,0.69209,5.48447e-05,0
ff,27,3.30,0,1.20,4715350,2754683,0.58419,6.10545e-05,0
ff,27,3.30,0,1.50,5557450,2826467,0.50859,6.6523e-05,0
ff,27,3.30,0,1.80,6411230,2893050,0.45125,7.09713e-05,0
ff,27,3.30,0,2.10,7293280,2960067,0.40586,7.5059e-05,0
ff,27,3.30,0,2.40,8187270,2989950,0.36519,8.19921e-05,0
ff,27,3.30,0,2.70,9087250,2999933,0.33013,8.61297e-05,0
ff,27,3.30,1,0.90,6258160,4354333,0.69578,6.45361e-05,0
ff,27,3.30,1,1.20,7564460,4434900,0.58628,6.97656e-05,0
ff,27,3.30,1,1.50,8919100,4590067,0.51463,7.94543e-05,0
ff,27,3.30,1,1.80,1.03185e+07,4691000,0.45462,8.44074e-05,1
ff,27,3.30,1,2.10,1.17337e+07,4757333,0.40544,9.20569e-05,1
ff,27,3.30,1,2.40,1.31729e+07,4863500,0.3692,9.91437e-05,1
ff,27,3.30,1,2.70,1.46518e+07,4929667,0.33645,0.000108485,1
ff,27,3.30,2,0.90,1.03839e+07,7311000,0.70407,7.17575e-05,1
ff,27,3.30,2,1.20,1.25772e+07,7439333,0.59149,7.88574e-05,1
ff,27,3.30,2,1.50,1.48475e+07,7704167,0.51889,8.76027e-05,1
ff,27,3.30,2,1.80,1.71997e+07,7912333,0.46003,9.62403e-05,1
ff,27,3.30,2,2.10,1.95949e+07,8106333,0.4137,0.000106264,1
ff,27,3.30,2,2.40,2.20635e+07,8221167,0.37261,0.000116054,1
ff,27,3.30,2,2.70,2.45276e+07,8213667,0.33487,0.000124896,1
ff,27,3.30,3,0.90,1.67718e+07,1.191367e+07,0.71034,9.03904e-05,1
ff,27,3.30,3,1.20,2.03459e+07,1.2238e+07,0.6015,0.000100485,1
ff,27,3.30,3,1.50,2.41146e+07,1.274267e+07,0.52842,0.000115491,1
ff,27,3.30,3,1.80,2.79915e+07,1.312383e+07,0.46885,0.000126322,1
ff,27,3.30,3,2.10,3.19889e+07,1.345517e+07,0.42062,0.000138834,1
ff,27,3.30,3,2.40,3.60646e+07,1.381633e+07,0.3831,0.000152476,1
ff,27,3.30,3,2.70,4.02787e+07,1.4047e+07,0.34875,0.000164959,1
ff,27,3.30,4,0.90,2.84629e+07,2.0561e+07,0.72238,9.95424e-05,1
ff,27,3.30,4,1.20,3.46312e+07,2.115833e+07,0.61096,0.000112449,1
ff,27,3.30,4,1.50,4.11579e+07,2.225467e+07,0.54071,0.000128502,1
ff,27,3.30,4,1.80,4.7984e+07,2.301017e+07,0.47954,0.000142695,1
ff,27,3.30,4,2.10,5.4964e+07,2.353483e+07,0.42819,0.000157399,1
ff,27,3.30,4,2.40,6.21049e+07,2.413567e+07,0.38863,0.000174289,1
ff,27,3.30,4,2.70,6.94454e+07,2.446833e+07,0.35234,0.000189999,1
ff,27,3.30,5,0.90,4.66474e+07,3.4804e+07,0.74611,0.000133439,1
ff,27,3.30,5,1.20,5.70886e+07,3.59065e+07,0.62896,0.000152494,1
ff,27,3.30,5,1.50,6.81913e+07,3.79665e+07,0.55676,0.000177339,1
ff,27,3.30,5,1.80,7.98685e+07,3.958583e+07,0.49564,0.000197187,1
ff,27,3.30,5,2.10,9.19428e+07,4.08325e+07,0.44411,0.000219611,1
ff,27,3.30,5,2.40,1.04368e+08,4.2152e+07,0.40388,0.000242569,1
ff,27,3.30,5,2.70,1.17234e+08,4.288667e+07,0.36582,0.000265363,1
ff,27,3.30,6,0.90,8.03492e+07,6.225033e+07,0.77475,0.000183126,1
ff,27,3.30,6,1.20,9.90243e+07,6.448133e+07,0.65117,0.00021527,1
ff,27,3.30,6,1.50,1.19038e+08,6.871117e+07,0.57722,0.000247786,1
ff,27,3.30,6,1.80,1.40251e+08,7.2655e+07,0.51804,0.000280676,1
ff,27,3.30,6,2.10,1.62631e+08,7.5795e+07,0.46606,0.000316334,1
ff,27,3.30,6,2.40,1.85728e+08,7.837333e+07,0.42198,0.000350886,1
ff,27,3.30,6,2.70,2.09655e+08,7.975667e+07,0.38042,0.000385804,0
ff,27,3.30,7,0.90,1.36261e+08,1.106333e+08,0.81192,0.000266758,1
ff,27,3.30,7,1.20,1.69451e+08,1.154183e+08,0.68113,0.000316404,1
ff,27,3.30,7,1.50,2.05512e+08,1.241533e+08,0.60412,0.000373082,0
ff,27,3.30,7,1.80,2.43943e+08,1.307e+08,0.53578,0.000424018,0
ff,27,3.30,7,2.10,2.83932e+08,1.357867e+08,0.47824,0.00047646,0
ff,27,3.30,7,2.40,3.25415e+08,1.397233e+08,0.42937,0.0005312,0
ff,27,3.30,7,2.70,3.67766e+08,1.4117e+08,0.38386,0.000586266,0
ff,27,3.63,0,0.90,3692480,2487967,0.67379,6.35777e-05,0
ff,27,3.63,0,1.20,4438870,2515733,0.56675,6.64607e-05,0
ff,27,3.63,0,1.50,5201920,2589483,0.49779,7.28791e-05,0
ff,27,3.63,0,1.80,5992560,2656383,0.44328,7.89123e-05,0
ff,27,3.63,0,2.10,6795750,2659650,0.39137,8.56859e-05,0
ff,27,3.63,0,2.40,7588350,2670950,0.35198,8.88176e-05,0
ff,27,3.63,0,2.70,8398320,2699900,0.32148,9.45483e-05,0
ff,27,3.63,1,0.90,5862960,3936233,0.67137,7.16621e-05,0
ff,27,3.63,1,1.20,7043830,4038317,0.57331,7.98464e-05,0
ff,27,3.63,1,1.50,8285950,4168100,0.50303,8.24423e-05,0
ff,27,3.63,1,1.80,9544690,4257417,0.44605,9.23532e-05,0
ff,27,3.63,1,2.10,1.08404e+07,4288017,0.39556,9.91672e-05,1
ff,27,3.63,1,2.40,1.21175e+07,4345000,0.35857,0.00010875,1
ff,27,3.63,1,2.70,1.34474e+07,4433000,0.32965,0.000114597,1
ff,27,3.63,2,0.90,9669820,6606267,0.68318,7.86925e-05,0
ff,27,3.63,2,1.20,1.16517e+07,6765133,0.58061,8.76852e-05,1
ff,27,3.63,2,1.50,1.37289e+07,6963500,0.50721,9.692e-05,1
ff,27,3.63,2,1.80,1.58298e+07,7046500,0.44514,0.000105213,1
ff,27,3.63,2,2.10,1.79568e+07,7240833,0.40324,0.000115528,1
ff,27,3.63,2,2.40,2.01743e+07,7334833,0.36357,0.000124221,1
ff,27,3.63,2,2.70,2.23577e+07,7278000,0.32553,0.000133504,1
ff,27,3.63,3,0.90,1.54835e+07,1.0696e+07,0.6908,9.92788e-05,1
ff,27,3.63,3,1.20,1.86923e+07,1.095933e+07,0.5863,0.000111597,1
ff,27,3.63,3,1.50,2.20591e+07,1.138033e+07,0.5159,0.000124005,1
ff,27,3.63,3,1.80,2.55205e+07,1.164133e+07,0.45616,0.000136125,1
ff,27,3.63,3,2.10,2.90439e+07,1.194883e+07,0.41141,0.000147148,1
ff,27,3.63,3,2.40,3.26898e+07,1.218733e+07,0.37282,0.000162631,1
ff,27,3.63,3,2.70,3.63563e+07,1.222167e+07,0.33616,0.000176377,1
ff,27,3.63,4,0.90,2.61989e+07,1.8355e+07,0.7006,0.000107798,1
ff,27,3.63,4,1.20,3.17054e+07,1.8828e+07,0.59384,0.000124137,1
ff,27,3.63,4,1.50,3.74957e+07,1.9689e+07,0.5251,0.000139198,1
ff,27,3.63,4,1.80,4.35188e+07,2.019017e+07,0.46394,0.000154406,1
ff,27,3.63,4,2.10,4.96098e+07,2.076983e+07,0.41866,0.000169087,1
ff,27,3.63,4,2.40,5.59807e+07,2.1239e+07,0.3794,0.000184283,1
ff,27,3.63,4,2.70,6.23532e+07,2.124167e+07,0.34067,0.000199656,1
ff,27,3.63,5,0.90,4.24992e+07,3.052667e+07,0.71829,0.000143841,1
ff,27,3.63,5,1.20,5.16572e+07,3.144e+07,0.60863,0.000165599,1
ff,27,3.63,5,1.50,6.13632e+07,3.3084e+07,0.53915,0.000186323,1
ff,27,3.63,5,1.80,7.15076e+07,3.442067e+07,0.48136,0.000211836,1
ff,27,3.63,5,2.10,8.20156e+07,3.541583e+07,0.43182,0.000234727,1
ff,27,3.63,5,2.40,9.27571e+07,3.643233e+07,0.39277,0.000258492,1
ff,27,3.63,5,2.70,1.03875e+08,3.705967e+07,0.35677,0.000282188,1
ff,27,3.63,6,0.90,7.25537e+07,5.407e+07,0.74524,0.000195121,1
ff,27,3.63,6,1.20,8.87747e+07,5.59305e+07,0.63003,0.00023168,1
ff,27,3.63,6,1.50,1.06112e+08,5.914217e+07,0.55736,0.000264635,1
ff,27,3.63,6,1.80,1.2426e+08,6.216333e+07,0.50027,0.000297978,1
ff,27,3.63,6,2.10,1.4341e+08,6.508e+07,0.4538,0.000332865,1
ff,27,3.63,6,2.40,1.63308e+08,6.705833e+07,0.41062,0.000367519,1
ff,27,3.63,6,2.70,1.83645e+08,6.779e+07,0.36914,0.000404208,1
ff,27,3.63,7,0.90,1.21243e+08,9.459667e+07,0.78022,0.000285659,1
ff,27,3.63,7,1.20,1.49622e+08,9.848333e+07,0.65821,0.000332759,1
ff,27,3.63,7,1.50,1.80333e+08,1.05735e+08,0.58633,0.000388821,1
ff,27,3.63,7,1.80,2.13063e+08,1.1205e+08,0.5259,0.000444392,0
ff,27,3.63,7,2.10,2.47563e+08,1.1722e+08,0.4735,0.000500682,0
ff,27,3.63,7,2.40,2.83395e+08,1.21585e+08,0.42903,0.000554659,0
ff,27,3.63,7,2.70,3.20514e+08,1.2373e+08,0.38604,0.000611346,0
ff,125,2.97,0,0.90,4543320,3123067,0.6874,6.27091e-05,0
ff,125,2.97,0,1.20,5480240,3204550,0.58475,6.83539e-05,0
ff,125,2.97,0,1.50,6466050,3318700,0.51325,7.44582e-05,0
ff,125,2.97,0,1.80,7471460,3392850,0.45411,8.21086e-05,0
ff,125,2.97,0,2.10,8501760,3457750,0.40671,8.57124e-05,0
ff,125,2.97,0,2.40,9546110,3505233,0.36719,9.17435e-05,0
ff,125,2.97,0,2.70,1.06049e+07,3529300,0.3328,9.77236e-05,1
ff,125,2.97,1,0.90,7382180,5128100,0.69466,7.26774e-05,0
ff,125,2.97,1,1.20,8920610,5250700,0.5886,8.05403e-05,0
ff,125,2.97,1,1.50,1.05326e+07,5447983,0.51725,8.82598e-05,1
ff,125,2.97,1,1.80,1.21894e+07,5628833,0.46178,9.59938e-05,1
ff,125,2.97,1,2.10,1.39099e+07,5767167,0.41461,0.000105385,1
ff,125,2.97,1,2.40,1.56497e+07,5823167,0.37209,0.000112458,1
ff,125,2.97,1,2.70,1.74038e+07,5847000,0.33596,0.000121781,1
ff,125,2.97,2,0.90,1.22441e+07,8652667,0.70668,8.06136e-05,1
ff,125,2.97,2,1.20,1.48399e+07,8876833,0.59817,9.04376e-05,1
ff,125,2.97,2,1.50,1.75702e+07,9271500,0.52768,9.95682e-05,1
ff,125,2.97,2,1.80,2.04028e+07,9607833,0.47091,0.000109973,1
ff,125,2.97,2,2.10,2.33349e+07,9832500,0.42136,0.000119046,1
ff,125,2.97,2,2.40,2.63023e+07,1.001883e+07,0.38091,0.000130193,1
ff,125,2.97,2,2.70,2.93462e+07,1.014633e+07,0.34575,0.000140171,1
ff,125,2.97,3,0.90,2.01589e+07,1.4578e+07,0.72315,0.000100878,1
ff,125,2.97,3,1.20,2.45323e+07,1.4965e+07,0.61001,0.00011443,1
ff,125,2.97,3,1.50,2.91379e+07,1.569333e+07,0.53859,0.000129468,1
ff,125,2.97,3,1.80,3.39483e+07,1.626417e+07,0.47909,0.000143343,1
ff,125,2.97,3,2.10,3.88964e+07,1.6848e+07,0.43315,0.00015759,1
ff,125,2.97,3,2.40,4.40571e+07,1.73105e+07,0.39291,0.000172337,1
ff,125,2.97,3,2.70,4.92827e+07,1.741867e+07,0.35344,0.000187561,1
ff,125,2.97,4,0.90,3.55259e+07,2.607733e+07,0.73404,0.000113743,1
ff,125,2.97,4,1.20,4.33491e+07,2.692783e+07,0.62119,0.000129115,1
ff,125,2.97,4,1.50,5.16826e+07,2.847417e+07,0.55094,0.000144489,1
ff,125,2.97,4,1.80,6.04336e+07,2.977917e+07,0.49276,0.000161915,1
ff,125,2.97,4,2.10,6.95501e+07,3.0884e+07,0.44405,0.000177447,1
ff,125,2.97,4,2.40,7.8964e+07,3.186567e+07,0.40355,0.00019545,1
ff,125,2.97,4,2.70,8.86695e+07,3.235167e+07,0.36486,0.000211979,1
ff,125,2.97,5,0.90,5.96893e+07,4.5435e+07,0.76119,0.000152566,1
ff,125,2.97,5,1.20,7.33198e+07,4.718933e+07,0.64361,0.000175648,1
ff,125,2.97,5,1.50,8.80029e+07,5.046033e+07,0.57339,0.000201238,1
ff,125,2.97,5,1.80,1.03596e+08,5.32035e+07,0.51357,0.000226929,1
ff,125,2.97,5,2.10,1.19925e+08,5.5605e+07,0.46366,0.000250981,1
ff,125,2.97,5,2.40,1.36959e+08,5.779333e+07,0.42198,0.000277216,1
ff,125,2.97,5,2.70,1.54601e+08,5.880667e+07,0.38038,0.000303535,1
ff,125,2.97,6,0.90,1.04015e+08,8.350667e+07,0.80283,0.000209952,1
ff,125,2.97,6,1.20,1.29067e+08,8.705833e+07,0.67452,0.000245558,1
ff,125,2.97,6,1.50,1.5625e+08,9.335667e+07,0.59748,0.000282262,1
ff,125,2.97,6,1.80,1.85081e+08,9.814833e+07,0.5303,0.000321302,1
ff,125,2.97,6,2.10,2.15139e+08,1.017383e+08,0.4729,0.000359348,0
ff,125,2.97,6,2.40,2.46124e+08,1.041483e+08,0.42315,0.000397433,0
ff,125,2.97,6,2.70,2.77628e+08,1.050133e+08,0.37825,0.000435702,0
ff,125,2.97,7,0.90,1.82593e+08,1.5012e+08,0.82216,0.000309383,1
ff,125,2.97,7,1.20,2.27629e+08,1.549117e+08,0.68054,0.000367078,0
ff,125,2.97,7,1.50,2.7554e+08,1.620467e+08,0.58811,0.000422942,0
ff,125,2.97,7,1.80,3.24857e+08,1.653117e+08,0.50888,0.000480353,0
ff,125,2.97,7,2.10,3.74727e+08,1.656167e+08,0.44197,0.000537799,0
ff,125,2.97,7,2.40,4.24227e+08,1.635617e+08,0.38555,0.00059724,0
ff,125,2.97,7,2.70,4.72864e+08,1.621233e+08,0.34285,0.000650431,0
ff,125,3.30,0,0.90,4188480,2806933,0.67016,7.0671e-05,0
ff,125,3.30,0,1.20,5030560,2872067,0.57092,7.53131e-05,0
ff,125,3.30,0,1.50,5911720,2954050,0.49969,8.07826e-05,0
ff,125,3.30,0,1.80,6802990,3012867,0.44287,8.5677e-05,0
ff,125,3.30,0,2.10,7719440,3087183,0.39992,9.22367e-05,0
ff,125,3.30,0,2.40,8655300,3120200,0.3605,9.76635e-05,0
ff,125,3.30,0,2.70,9591560,3120867,0.32538,0.00010489,0
ff,125,3.30,1,0.90,6746390,4570200,0.67743,7.85728e-05,0
ff,125,3.30,1,1.20,8117450,4670267,0.57534,8.5879e-05,0
ff,125,3.30,1,1.50,9548550,4837917,0.50667,9.52533e-05,0
ff,125,3.30,1,1.80,1.10202e+07,4837083,0.43893,0.00010458,1
ff,125,3.30,1,2.10,1.24508e+07,5048167,0.40545,0.000110889,1
ff,125,3.30,1,2.40,1.40491e+07,5281333,0.37592,0.000119362,1
ff,125,3.30,1,2.70,1.56196e+07,5235000,0.33516,0.000128637,1
ff,125,3.30,2,0.90,1.11236e+07,7633667,0.68626,8.71399e-05,1
ff,125,3.30,2,1.20,1.34137e+07,7837833,0.58432,9.64062e-05,1
ff,125,3.30,2,1.50,1.58263e+07,8179167,0.51681,0.000107882,1
ff,125,3.30,2,1.80,1.83212e+07,8371833,0.45695,0.00011755,1
ff,125,3.30,2,2.10,2.08494e+07,8566833,0.41089,0.00012688,1
ff,125,3.30,2,2.40,2.34613e+07,8795833,0.37491,0.000138124,1
ff,125,3.30,2,2.70,2.61269e+07,8885333,0.34008,0.000146931,1
ff,125,3.30,3,0.90,1.81382e+07,1.2739e+07,0.70233,0.000107526,1
ff,125,3.30,3,1.20,2.19599e+07,1.305483e+07,0.59449,0.000121995,1
ff,125,3.30,3,1.50,2.59711e+07,1.361783e+07,0.52435,0.000136481,1
ff,125,3.30,3,1.80,3.01306e+07,1.4106e+07,0.46816,0.000152028,1
ff,125,3.30,3,2.10,3.44347e+07,1.45545e+07,0.42267,0.000164673,1
ff,125,3.30,3,2.40,3.88633e+07,1.48625e+07,0.38243,0.000180656,1
ff,125,3.30,3,2.70,4.33522e+07,1.4963e+07,0.34515,0.000196082,1
ff,125,3.30,4,0.90,3.17752e+07,2.2585e+07,0.71077,0.000121878,1
ff,125,3.30,4,1.20,3.85507e+07,2.327833e+07,0.60384,0.000137074,1
ff,125,3.30,4,1.50,4.57422e+07,2.448633e+07,0.53531,0.000153208,1
ff,125,3.30,4,1.80,5.32425e+07,2.54065e+07,0.47718,0.000170454,1
ff,125,3.30,4,2.10,6.09861e+07,2.633183e+07,0.43177,0.000188542,1
ff,125,3.30,4,2.40,6.90416e+07,2.7182e+07,0.3937,0.000205251,1
ff,125,3.30,4,2.70,7.72953e+07,2.751233e+07,0.35594,0.000222911,1
ff,125,3.30,5,0.90,5.27288e+07,3.8736e+07,0.73463,0.000162305,1
ff,125,3.30,5,1.20,6.43496e+07,4.009067e+07,0.62301,0.000188122,1
ff,125,3.30,5,1.50,7.67832e+07,4.2554e+07,0.55421,0.000209569,1
ff,125,3.30,5,1.80,8.9882e+07,4.467633e+07,0.49706,0.000236418,1
ff,125,3.30,5,2.10,1.03589e+08,4.658833e+07,0.44974,0.000260884,1
ff,125,3.30,5,2.40,1.17835e+08,4.8295e+07,0.40985,0.000288516,1
ff,125,3.30,5,2.70,1.32566e+08,4.910333e+07,0.37041,0.00031557,1
ff,125,3.30,6,0.90,9.08234e+07,7.019533e+07,0.77288,0.000224483,1
ff,125,3.30,6,1.20,1.11882e+08,7.311933e+07,0.65354,0.00025832,1
ff,125,3.30,6,1.50,1.34695e+08,7.8395e+07,0.58202,0.000298155,1
ff,125,3.30,6,1.80,1.58919e+08,8.304167e+07,0.52254,0.000334175,1
ff,125,3.30,6,2.10,1.8452e+08,8.678667e+07,0.47034,0.000376114,1
ff,125,3.30,6,2.40,2.10991e+08,8.969167e+07,0.4251,0.000413051,0
ff,125,3.30,6,2.70,2.38335e+08,9.114667e+07,0.38243,0.00045287,0
ff,125,3.30,7,0.90,1.57275e+08,1.275567e+08,0.81104,0.000324983,1
ff,125,3.30,7,1.20,1.95542e+08,1.327083e+08,0.67867,0.000383715,1
ff,125,3.30,7,1.50,2.369e+08,1.414233e+08,0.59697,0.000438815,0
ff,125,3.30,7,1.80,2.80396e+08,1.472867e+08,0.52528,0.000502056,0
ff,125,3.30,7,2.10,3.25272e+08,1.508733e+08,0.46384,0.00056342,0
ff,125,3.30,7,2.40,3.7092e+08,1.52375e+08,0.4108,0.000622884,0
ff,125,3.30,7,2.70,4.16697e+08,1.5259e+08,0.36619,0.000682142,0
ff,125,3.63,0,0.90,3964530,2584833,0.65199,7.71675e-05,0
ff,125,3.63,0,1.20,4739980,2629200,0.55469,8.0955e-05,0
ff,125,3.63,0,1.50,5542050,2710183,0.48902,8.73237e-05,0
ff,125,3.63,0,1.80,6366090,2776667,0.43617,9.47826e-05,0
ff,125,3.63,0,2.10,7208050,2806233,0.38932,0.000100551,0
ff,125,3.63,0,2.40,8049830,2820250,0.35035,0.000106128,0
ff,125,3.63,0,2.70,8900200,2834567,0.31848,0.0001116,0
ff,125,3.63,1,0.90,6329170,4146567,0.65515,8.70315e-05,0
ff,125,3.63,1,1.20,7573140,4238350,0.55966,9.36773e-05,0
ff,125,3.63,1,1.50,8872180,4382600,0.49397,0.000102691,0
ff,125,3.63,1,1.80,1.02027e+07,4476533,0.43876,0.000110558,1
ff,125,3.63,1,2.10,1.15581e+07,4557000,0.39427,0.000120209,1
ff,125,3.63,1,2.40,1.29369e+07,4631500,0.35801,0.000128368,1
ff,125,3.63,1,2.70,1.4337e+07,4667000,0.32552,0.000134976,1
ff,125,3.63,2,0.90,1.03727e+07,6915000,0.66665,9.58072e-05,1
ff,125,3.63,2,1.20,1.24472e+07,7076167,0.56849,0.000105441,1
ff,125,3.63,2,1.50,1.46184e+07,7336833,0.50189,0.000114385,1
ff,125,3.63,2,1.80,1.68493e+07,7492500,0.44468,0.000123888,1
ff,125,3.63,2,2.10,1.91139e+07,7676667,0.40163,0.000135727,1
ff,125,3.63,2,2.40,2.14553e+07,7851833,0.36596,0.000146663,1
ff,125,3.63,2,2.70,2.3825e+07,7899000,0.33154,0.000157156,1
ff,125,3.63,3,0.90,1.67552e+07,1.1359e+07,0.67794,0.000117898,1
ff,125,3.63,3,1.20,2.01629e+07,1.16545e+07,0.57802,0.000131615,1
ff,125,3.63,3,1.50,2.37479e+07,1.214833e+07,0.51155,0.000145985,1
ff,125,3.63,3,1.80,2.74519e+07,1.252067e+07,0.45609,0.000160361,1
ff,125,3.63,3,2.10,3.12603e+07,1.282417e+07,0.41024,0.000174872,1
ff,125,3.63,3,2.40,3.51464e+07,1.3109e+07,0.37298,0.000191709,1
ff,125,3.63,3,2.70,3.91257e+07,1.326433e+07,0.33902,0.000204572,1
ff,125,3.63,4,0.90,2.92264e+07,2.017333e+07,0.69024,0.000132927,1
ff,125,3.63,4,1.20,3.52784e+07,2.067983e+07,0.58619,0.000146399,1
ff,125,3.63,4,1.50,4.16343e+07,2.165367e+07,0.52009,0.000165485,1
ff,125,3.63,4,1.80,4.82706e+07,2.240517e+07,0.46416,0.000181522,1
ff,125,3.63,4,2.10,5.50774e+07,2.307833e+07,0.41902,0.000198391,1
ff,125,3.63,4,2.40,6.21176e+07,2.374867e+07,0.38232,0.000217521,1
ff,125,3.63,4,2.70,6.93266e+07,2.403e+07,0.34662,0.000235313,1
ff,125,3.63,5,0.90,4.79761e+07,3.4002e+07,0.70873,0.000175413,1
ff,125,3.63,5,1.20,5.81767e+07,3.508783e+07,0.60313,0.000195975,1
ff,125,3.63,5,1.50,6.90288e+07,3.70675e+07,0.53699,0.000223709,1
ff,125,3.63,5,1.80,8.04172e+07,3.8645e+07,0.48056,0.000251029,1
ff,125,3.63,5,2.10,9.22158e+07,4.0213e+07,0.43607,0.00027461,1
ff,125,3.63,5,2.40,1.04545e+08,4.1647e+07,0.39836,0.000303864,1
ff,125,3.63,5,2.70,1.17204e+08,4.219667e+07,0.36003,0.000329481,1
ff,125,3.63,6,0.90,8.18524e+07,6.084867e+07,0.7434,0.000232808,1
ff,125,3.63,6,1.20,1.00107e+08,6.320433e+07,0.63137,0.000272218,1
ff,125,3.63,6,1.50,1.19775e+08,6.745833e+07,0.56321,0.000312291,1
ff,125,3.63,6,1.80,1.40582e+08,7.1175e+07,0.50629,0.000349236,1
ff,125,3.63,6,2.10,1.6248e+08,7.476e+07,0.46012,0.000392503,1
ff,125,3.63,6,2.40,1.85438e+08,7.762833e+07,0.41862,0.000430596,1
ff,125,3.63,6,2.70,2.09057e+08,7.873e+07,0.3766,0.000471318,0
ff,125,3.63,7,0.90,1.39646e+08,1.095467e+08,0.78446,0.000341244,1
ff,125,3.63,7,1.20,1.7251e+08,1.142933e+08,0.66253,0.000401316,1
ff,125,3.63,7,1.50,2.08222e+08,1.227417e+08,0.58948,0.00045754,0
ff,125,3.63,7,1.80,2.46155e+08,1.2925e+08,0.52508,0.000523095,0
ff,125,3.63,7,2.10,2.85772e+08,1.341583e+08,0.46946,0.0005864,0
ff,125,3.63,7,2.40,3.2665e+08,1.376533e+08,0.42141,0.00064799,0
ff,125,3.63,7,2.70,3.68364e+08,1.390467e+08,0.37747,0.000709404,0
fs,-40,2.97,0,0.90,4237750,2992433,0.70614,3.74765e-05,0
fs,-40,2.97,0,1.20,5135480,3059967,0.59585,4.11302e-05,0
fs,-40,2.97,0,1.50,6073730,3214633,0.52927,4.49201e-05,0
fs,-40,2.97,0,1.80,7064260,3278467,0.46409,5.03424e-05,0
fs,-40,2.97,0,2.10,8040810,3306500,0.41121,5.45028e-05,0
fs,-40,2.97,0,2.40,9048160,3438483,0.38002,5.87158e-05,0
fs,-40,2.97,0,2.70,1.01039e+07,3519133,0.34829,6.40955e-05,1
fs,-40,2.97,1,0.90,6867340,4876867,0.71015,4.3326e-05,0
fs,-40,2.97,1,1.20,8330400,5048967,0.60609,4.92727e-05,0
fs,-40,2.97,1,1.50,9896720,5251167,0.5306,5.50396e-05,0
fs,-40,2.97,1,1.80,1.14811e+07,5376633,0.4683,6.07609e-05,1
fs,-40,2.97,1,2.10,1.31227e+07,5530667,0.42146,6.83512e-05,1
fs,-40,2.97,1,2.40,1.47995e+07,5703167,0.38536,7.35465e-05,1
fs,-40,2.97,1,2.70,1.65446e+07,5817000,0.3516,8.10616e-05,1
fs,-40,2.97,2,0.90,1.16469e+07,8363000,0.71805,4.99841e-05,1
fs,-40,2.97,2,1.20,1.41558e+07,8632333,0.60981,5.67235e-05,1
fs,-40,2.97,2,1.50,1.68263e+07,9052667,0.53801,6.37872e-05,1
fs,-40,2.97,2,1.80,1.95874e+07,9320333,0.47583,7.12671e-05,1
fs,-40,2.97,2,2.10,2.24185e+07,9628500,0.42949,7.89651e-05,1
fs,-40,2.97,2,2.40,2.53645e+07,9874167,0.38929,8.69404e-05,1
fs,-40,2.97,2,2.70,2.8343e+07,9928333,0.35029,9.43459e-05,1
fs,-40,2.97,3,0.90,1.90711e+07,1.396467e+07,0.73224,6.48558e-05,1
fs,-40,2.97,3,1.20,2.32605e+07,1.442633e+07,0.62021,7.5395e-05,1
fs,-40,2.97,3,1.50,2.77269e+07,1.519117e+07,0.54789,8.47351e-05,1
fs,-40,2.97,3,1.80,3.23752e+07,1.577683e+07,0.48731,9.58808e-05,1
fs,-40,2.97,3,2.10,3.7193e+07,1.6391e+07,0.4407,0.000108957,1
fs,-40,2.97,3,2.40,4.22098e+07,1.684917e+07,0.39918,0.000119787,1
fs,-40,2.97,3,2.70,4.73025e+07,1.697567e+07,0.35887,0.000129719,1
fs,-40,2.97,4,0.90,3.19429e+07,2.399867e+07,0.7513,7.19971e-05,1
fs,-40,2.97,4,1.20,3.91425e+07,2.47465e+07,0.63222,8.32178e-05,1
fs,-40,2.97,4,1.50,4.67908e+07,2.625333e+07,0.56108,9.54355e-05,1
fs,-40,2.97,4,1.80,5.48945e+07,2.747483e+07,0.5005,0.000108189,1
fs,-40,2.97,4,2.10,6.32757e+07,2.816017e+07,0.44504,0.000121081,1
fs,-40,2.97,4,2.40,7.17906e+07,2.901117e+07,0.40411,0.00013382,1
fs,-40,2.97,4,2.70,8.06824e+07,2.963933e+07,0.36736,0.000147485,1
fs,-40,2.97,5,0.90,5.33387e+07,4.0913e+07,0.76704,9.92289e-05,1
fs,-40,2.97,5,1.20,6.56126e+07,4.2457e+07,0.64709,0.000116031,1
fs,-40,2.97,5,1.50,7.88129e+07,4.538533e+07,0.57586,0.000135402,1
fs,-40,2.97,5,1.80,9.28438e+07,4.757683e+07,0.51244,0.000153314,1
fs,-40,2.97,5,2.10,1.07359e+08,4.897033e+07,0.45614,0.000173747,1
fs,-40,2.97,5,2.40,1.22226e+08,5.058e+07,0.41382,0.000191554,1
fs,-40,2.97,5,2.70,1.37707e+08,5.160333e+07,0.37473,0.000212529,1
fs,-40,2.97,6,0.90,9.40975e+07,7.374833e+07,0.78374,0.000143526,1
fs,-40,2.97,6,1.20,1.16222e+08,7.657417e+07,0.65886,0.000168008,1
fs,-40,2.97,6,1.50,1.40042e+08,8.1065e+07,0.57886,0.00019715,1
fs,-40,2.97,6,1.80,1.64861e+08,8.429e+07,0.51128,0.000223755,1
fs,-40,2.97,6,2.10,1.90616e+08,8.670833e+07,0.45488,0.000253594,1
fs,-40,2.97,6,2.40,2.16886e+08,8.840167e+07,0.4076,0.000282647,0
fs,-40,2.97,6,2.70,2.43657e+08,8.923667e+07,0.36624,0.000311587,0
fs,-40,2.97,7,0.90,1.60223e+08,1.259467e+08,0.78607,0.000211615,1
fs,-40,2.97,7,1.20,1.98007e+08,1.297233e+08,0.65515,0.000254053,1
fs,-40,2.97,7,1.50,2.38057e+08,1.353767e+08,0.56867,0.00029622,0
fs,-40,2.97,7,1.80,2.79233e+08,1.379733e+08,0.49412,0.000340163,0
fs,-40,2.97,7,2.10,3.20841e+08,1.383433e+08,0.43119,0.000383229,0
fs,-40,2.97,7,2.40,3.62239e+08,1.3758e+08,0.3798,0.000428675,0
fs,-40,2.97,7,2.70,4.03389e+08,1.371667e+08,0.34004,0.00047185,0
fs,-40,3.30,0,0.90,3843480,2618167,0.6812,4.09886e-05,0
fs,-40,3.30,0,1.20,4628930,2694900,0.58219,4.53348e-05,0
fs,-40,3.30,0,1.50,5460420,2813167,0.51519,4.90559e-05,0
fs,-40,3.30,0,1.80,6316830,2869400,0.45425,5.38467e-05,0
fs,-40,3.30,0,2.10,7182060,2869800,0.39958,5.80234e-05,0
fs,-40,3.30,0,2.40,8038710,2900367,0.3608,6.28856e-05,0
fs,-40,3.30,0,2.70,8922280,2945233,0.3301,6.84601e-05,0
fs,-40,3.30,1,0.90,6161370,4239800,0.68813,4.86236e-05,0
fs,-40,3.30,1,1.20,7433310,4362983,0.58695,5.35783e-05,0
fs,-40,3.30,1,1.50,8779160,4567483,0.52026,6.01408e-05,0
fs,-40,3.30,1,1.80,1.01738e+07,4684400,0.46044,6.65294e-05,1
fs,-40,3.30,1,2.10,1.15898e+07,4699500,0.40549,7.32029e-05,1
fs,-40,3.30,1,2.40,1.29935e+07,4754333,0.3659,7.99193e-05,1
fs,-40,3.30,1,2.70,1.44424e+07,4829667,0.33441,8.55602e-05,1
fs,-40,3.30,2,0.90,1.03564e+07,7147667,0.69017,5.38074e-05,1
fs,-40,3.30,2,1.20,1.25007e+07,7382833,0.59059,6.10554e-05,1
fs,-40,3.30,2,1.50,1.47861e+07,7737333,0.52328,7.01505e-05,1
fs,-40,3.30,2,1.80,1.71431e+07,7921667,0.46209,7.68625e-05,1
fs,-40,3.30,2,2.10,1.95391e+07,8079167,0.41349,8.48573e-05,1
fs,-40,3.30,2,2.40,2.19906e+07,8213000,0.37348,9.29072e-05,1
fs,-40,3.30,2,2.70,2.44669e+07,8254333,0.33737,0.000100851,1
fs,-40,3.30,3,0.90,1.67189e+07,1.181067e+07,0.70643,7.09291e-05,1
fs,-40,3.30,3,1.20,2.02621e+07,1.2109e+07,0.59762,8.10626e-05,1
fs,-40,3.30,3,1.50,2.39843e+07,1.2703e+07,0.52964,9.20188e-05,1
fs,-40,3.30,3,1.80,2.78839e+07,1.326617e+07,0.47576,0.000102683,1
fs,-40,3.30,3,2.10,3.1944e+07,1.346283e+07,0.42145,0.000113356,1
fs,-40,3.30,3,2.40,3.59616e+07,1.383733e+07,0.38478,0.000125858,1
fs,-40,3.30,3,2.70,4.02464e+07,1.428267e+07,0.35488,0.000137337,1
fs,-40,3.30,4,0.90,2.77849e+07,1.999833e+07,0.71976,7.87382e-05,1
fs,-40,3.30,4,1.20,3.37844e+07,2.062483e+07,0.61048,8.93641e-05,1
fs,-40,3.30,4,1.50,4.01598e+07,2.18615e+07,0.54436,0.000103703,1
fs,-40,3.30,4,1.80,4.69013e+07,2.281233e+07,0.48639,0.00011495,1
fs,-40,3.30,4,2.10,5.38472e+07,2.342467e+07,0.43502,0.000128107,1
fs,-40,3.30,4,2.40,6.09561e+07,2.407417e+07,0.39494,0.000142276,1
fs,-40,3.30,4,2.70,6.82917e+07,2.4452e+07,0.35805,0.000155651,1
fs,-40,3.30,5,0.90,4.57058e+07,3.3786e+07,0.73921,0.000107345,1
fs,-40,3.30,5,1.20,5.58416e+07,3.516833e+07,0.62979,0.000124839,1
fs,-40,3.30,5,1.50,6.68068e+07,3.724617e+07,0.55752,0.000143998,1
fs,-40,3.30,5,1.80,7.81893e+07,3.882733e+07,0.49658,0.000162939,1
fs,-40,3.30,5,2.10,9.01032e+07,4.04695e+07,0.44915,0.000181498,1
fs,-40,3.30,5,2.40,1.02471e+08,4.1483e+07,0.40483,0.000203737,1
fs,-40,3.30,5,2.70,1.14993e+08,4.174e+07,0.36298,0.00022406,1
fs,-40,3.30,6,0.90,7.9881e+07,6.087033e+07,0.76201,0.000150892,1
fs,-40,3.30,6,1.20,9.81421e+07,6.326167e+07,0.64459,0.000178768,1
fs,-40,3.30,6,1.50,1.17838e+08,6.76515e+07,0.57411,0.000208188,1
fs,-40,3.30,6,1.80,1.38733e+08,7.116667e+07,0.51298,0.000234873,1
fs,-40,3.30,6,2.10,1.60538e+08,7.344e+07,0.45746,0.000265762,1
fs,-40,3.30,6,2.40,1.82797e+08,7.5915e+07,0.4153,0.0002965,1
fs,-40,3.30,6,2.70,2.06087e+08,7.763333e+07,0.3767,0.000326235,0
fs,-40,3.30,7,0.90,1.3506e+08,1.062933e+08,0.78701,0.000225286,1
fs,-40,3.30,7,1.20,1.66948e+08,1.107783e+08,0.66355,0.000267572,1
fs,-40,3.30,7,1.50,2.01527e+08,1.179017e+08,0.58504,0.000311313,0
fs,-40,3.30,7,1.80,2.37689e+08,1.225567e+08,0.51562,0.000357672,0
fs,-40,3.30,7,2.10,2.75061e+08,1.258883e+08,0.45767,0.000402763,0
fs,-40,3.30,7,2.40,3.13222e+08,1.2813e+08,0.40907,0.000450043,0
fs,-40,3.30,7,2.70,3.51939e+08,1.290567e+08,0.3667,0.000496608,0
fs,-40,3.63,0,0.90,3578650,2391133,0.66817,4.56041e-05,0
fs,-40,3.63,0,1.20,4295990,2436117,0.56707,5.06296e-05,0
fs,-40,3.63,0,1.50,5040320,2520800,0.50013,5.36856e-05,0
fs,-40,3.63,0,1.80,5808470,2558000,0.44039,5.93916e-05,0
fs,-40,3.63,0,2.10,6575120,2606200,0.39637,6.46699e-05,0
fs,-40,3.63,0,2.40,7372190,2659233,0.36071,7.05024e-05,0
fs,-40,3.63,0,2.70,8170660,2661567,0.32575,7.41677e-05,0
fs,-40,3.63,1,0.90,5693340,3802100,0.66782,5.43257e-05,0
fs,-40,3.63,1,1.20,6833970,3879950,0.56774,5.88777e-05,0
fs,-40,3.63,1,1.50,8021310,4022250,0.50145,6.64492e-05,0
fs,-40,3.63,1,1.80,9247320,4165817,0.45049,7.13666e-05,0
fs,-40,3.63,1,2.10,1.05208e+07,4197300,0.39895,7.93715e-05,1
fs,-40,3.63,1,2.40,1.17657e+07,4220500,0.35871,8.54593e-05,1
fs,-40,3.63,1,2.70,1.30531e+07,4291333,0.32876,9.22891e-05,1
fs,-40,3.63,2,0.90,9518170,6389100,0.67125,5.956e-05,0
fs,-40,3.63,2,1.20,1.14349e+07,6548217,0.57265,6.79373e-05,1
fs,-40,3.63,2,1.50,1.34471e+07,6764000,0.50301,7.56001e-05,1
fs,-40,3.63,2,1.80,1.54933e+07,6944333,0.44822,8.42918e-05,1
fs,-40,3.63,2,2.10,1.76137e+07,7123500,0.40443,9.13869e-05,1
fs,-40,3.63,2,2.40,1.97674e+07,7137333,0.36107,9.98707e-05,1
fs,-40,3.63,2,2.70,2.18961e+07,7095667,0.32406,0.000108531,1
fs,-40,3.63,3,0.90,1.51934e+07,1.032e+07,0.67924,7.66009e-05,1
fs,-40,3.63,3,1.20,1.82894e+07,1.067183e+07,0.5835,8.8713e-05,1
fs,-40,3.63,3,1.50,2.15965e+07,1.112833e+07,0.51528,9.92999e-05,1
fs,-40,3.63,3,1.80,2.49664e+07,1.134633e+07,0.45446,0.000110674,1
fs,-40,3.63,3,2.10,2.84043e+07,1.176267e+07,0.41412,0.000121814,1
fs,-40,3.63,3,2.40,3.2024e+07,1.206867e+07,0.37686,0.000134352,1
fs,-40,3.63,3,2.70,3.56455e+07,1.207167e+07,0.33866,0.000145223,1
fs,-40,3.63,4,0.90,2.51121e+07,1.746967e+07,0.69567,8.67886e-05,1
fs,-40,3.63,4,1.20,3.0353e+07,1.791833e+07,0.59033,9.82357e-05,1
fs,-40,3.63,4,1.50,3.58631e+07,1.886017e+07,0.52589,0.00011034,1
fs,-40,3.63,4,1.80,4.16691e+07,1.953783e+07,0.46888,0.00012371,1
fs,-40,3.63,4,2.10,4.75858e+07,2.001917e+07,0.4207,0.000139231,1
fs,-40,3.63,4,2.40,5.36806e+07,2.063283e+07,0.38436,0.000151086,1
fs,-40,3.63,4,2.70,5.99655e+07,2.094967e+07,0.34936,0.000164748,1
fs,-40,3.63,5,0.90,4.0719e+07,2.907033e+07,0.71393,0.000113917,1
fs,-40,3.63,5,1.20,4.94401e+07,3.0166e+07,0.61015,0.000133427,1
fs,-40,3.63,5,1.50,5.88186e+07,3.18755e+07,0.54193,0.000153788,1
fs,-40,3.63,5,1.80,6.85654e+07,3.295167e+07,0.48059,0.00017226,1
fs,-40,3.63,5,2.10,7.85896e+07,3.418233e+07,0.43495,0.000193096,1
fs,-40,3.63,5,2.40,8.90748e+07,3.530617e+07,0.39637,0.000214449,1
fs,-40,3.63,5,2.70,9.97733e+07,3.566167e+07,0.35743,0.000237234,1
fs,-40,3.63,6,0.90,7.04916e+07,5.1901e+07,0.73627,0.000162308,1
fs,-40,3.63,6,1.20,8.60619e+07,5.384233e+07,0.62562,0.000190356,1
fs,-40,3.63,6,1.50,1.02797e+08,5.60835e+07,0.54558,0.000219557,1
fs,-40,3.63,6,1.80,1.19712e+08,5.988833e+07,0.50027,0.000249837,1
fs,-40,3.63,6,2.10,1.3873e+08,6.3355e+07,0.45668,0.000280183,1
fs,-40,3.63,6,2.40,1.57725e+08,6.459667e+07,0.40955,0.000309973,1
fs,-40,3.63,6,2.70,1.77488e+08,6.587667e+07,0.37116,0.000341768,1
fs,-40,3.63,7,0.90,1.17571e+08,8.978333e+07,0.76365,0.000239411,1
fs,-40,3.63,7,1.20,1.44506e+08,9.381e+07,0.64918,0.000282592,1
fs,-40,3.63,7,1.50,1.73857e+08,1.00385e+08,0.5774,0.000327499,1
fs,-40,3.63,7,1.80,2.04737e+08,1.057033e+08,0.51629,0.000373092,0
fs,-40,3.63,7,2.10,2.37279e+08,1.099867e+08,0.46353,0.000420292,0
fs,-40,3.63,7,2.40,2.70729e+08,1.130867e+08,0.41771,0.000471269,0
fs,-40,3.63,7,2.70,3.05131e+08,1.146733e+08,0.37582,0.000517931,0
fs,27,2.97,0,0.90,4475210,3155167,0.70503,4.37286e-05,0
fs,27,2.97,0,1.20,5421760,3224633,0.59476,4.83628e-05,0
fs,27,2.97,0,1.50,6409990,3375600,0.52662,5.27266e-05,0
fs,27,2.97,0,1.80,7447120,3476917,0.46688,5.83852e-05,0
fs,27,2.97,0,2.10,8496140,3536750,0.41628,6.39499e-05,0
fs,27,2.97,0,2.40,9569170,3589100,0.37507,6.82797e-05,0
fs,27,2.97,0,2.70,1.06496e+07,3601433,0.33818,7.44553e-05,1
fs,27,2.97,1,0.90,7288430,5164200,0.70855,5.13042e-05,0
fs,27,2.97,1,1.20,8837690,5340450,0.60428,5.75888e-05,0
fs,27,2.97,1,1.50,1.04927e+07,5584517,0.53223,6.46723e-05,1
fs,27,2.97,1,1.80,1.21884e+07,5708667,0.46837,7.18483e-05,1
fs,27,2.97,1,2.10,1.39179e+07,5883667,0.42274,7.88682e-05,1
fs,27,2.97,1,2.40,1.57186e+07,6008500,0.38225,8.55659e-05,1
fs,27,2.97,1,2.70,1.7523e+07,6014667,0.34324,9.36447e-05,1
fs,27,2.97,2,0.90,1.22323e+07,8870333,0.72516,5.84892e-05,1
fs,27,2.97,2,1.20,1.48934e+07,9121833,0.61247,6.59653e-05,1
fs,27,2.97,2,1.50,1.77054e+07,9574500,0.54077,7.43885e-05,1
fs,27,2.97,2,1.80,2.06381e+07,9909833,0.48017,8.26721e-05,1
fs,27,2.97,2,2.10,2.36513e+07,1.015417e+07,0.42933,9.00161e-05,1
fs,27,2.97,2,2.40,2.67306e+07,1.034767e+07,0.38711,0.000100383,1
fs,27,2.97,2,2.70,2.98599e+07,1.0431e+07,0.34933,0.000108116,1
fs,27,2.97,3,0.90,2.01624e+07,1.482667e+07,0.73536,7.57524e-05,1
fs,27,2.97,3,1.20,2.46104e+07,1.534933e+07,0.62369,8.66829e-05,1
fs,27,2.97,3,1.50,2.9372e+07,1.625217e+07,0.55332,9.82711e-05,1
fs,27,2.97,3,1.80,3.43617e+07,1.68245e+07,0.48963,0.000110774,1
fs,27,2.97,3,2.10,3.94667e+07,1.740733e+07,0.44106,0.000124016,1
fs,27,2.97,3,2.40,4.48061e+07,1.80515e+07,0.40288,0.000136486,1
fs,27,2.97,3,2.70,5.02976e+07,1.8305e+07,0.36393,0.000148597,1
fs,27,2.97,4,0.90,3.46737e+07,2.621333e+07,0.756,8.36053e-05,1
fs,27,2.97,4,1.20,4.25377e+07,2.712083e+07,0.63757,9.66759e-05,1
fs,27,2.97,4,1.50,5.09462e+07,2.87475e+07,0.56427,0.00011042,1
fs,27,2.97,4,1.80,5.97862e+07,3.00445e+07,0.50253,0.000125036,1
fs,27,2.97,4,2.10,6.89729e+07,3.10305e+07,0.44989,0.000139346,1
fs,27,2.97,4,2.40,7.84045e+07,3.21895e+07,0.41056,0.000153842,1
fs,27,2.97,4,2.70,8.82866e+07,3.294033e+07,0.37311,0.000168255,1
fs,27,2.97,5,0.90,5.8353e+07,4.533867e+07,0.77697,0.000115337,1
fs,27,2.97,5,1.20,7.19546e+07,4.7105e+07,0.65465,0.000134525,1
fs,27,2.97,5,1.50,8.6616e+07,5.025567e+07,0.58021,0.000155009,1
fs,27,2.97,5,1.80,1.02108e+08,5.283e+07,0.51739,0.000176645,1
fs,27,2.97,5,2.10,1.18314e+08,5.480833e+07,0.46324,0.000198907,1
fs,27,2.97,5,2.40,1.34993e+08,5.618833e+07,0.41623,0.000221381,1
fs,27,2.97,5,2.70,1.52027e+08,5.678e+07,0.37349,0.000242899,1
fs,27,2.97,6,0.90,1.02513e+08,8.202e+07,0.80009,0.000164475,1
fs,27,2.97,6,1.20,1.27119e+08,8.494333e+07,0.66822,0.000193984,1
fs,27,2.97,6,1.50,1.53479e+08,8.993833e+07,0.586,0.000225389,1
fs,27,2.97,6,1.80,1.81082e+08,9.299333e+07,0.51354,0.00025603,1
fs,27,2.97,6,2.10,2.09275e+08,9.457167e+07,0.4519,0.000288274,0
fs,27,2.97,6,2.40,2.37825e+08,9.538e+07,0.40105,0.000320574,0
fs,27,2.97,6,2.70,2.66503e+08,9.559333e+07,0.3587,0.00035281,0
fs,27,2.97,7,0.90,1.76699e+08,1.3914e+08,0.78744,0.000245303,1
fs,27,2.97,7,1.20,2.18441e+08,1.423033e+08,0.65145,0.000290024,0
fs,27,2.97,7,1.50,2.62081e+08,1.46425e+08,0.5587,0.000338228,0
fs,27,2.97,7,1.80,3.06296e+08,1.471567e+08,0.48044,0.000385632,0
fs,27,2.97,7,2.10,3.50375e+08,1.457633e+08,0.41602,0.000432957,0
fs,27,2.97,7,2.40,3.93754e+08,1.431117e+08,0.36345,0.000481479,0
fs,27,2.97,7,2.70,4.36242e+08,1.416267e+08,0.32465,0.00052927,0
fs,27,3.30,0,0.90,4045430,2770367,0.68481,4.68399e-05,0
fs,27,3.30,0,1.20,4876540,2844633,0.58333,5.25678e-05,0
fs,27,3.30,0,1.50,5752210,2945533,0.51207,5.73498e-05,0
fs,27,3.30,0,1.80,6643860,3016983,0.4541,6.26986e-05,0
fs,27,3.30,0,2.10,7562400,3077717,0.40698,6.86973e-05,0
fs,27,3.30,0,2.40,8490490,3134067,0.36913,7.24702e-05,0
fs,27,3.30,0,2.70,9442840,3174500,0.33618,7.84263e-05,0
fs,27,3.30,1,0.90,6527400,4492533,0.68826,5.61941e-05,0
fs,27,3.30,1,1.20,7875160,4609117,0.58527,6.19276e-05,0
fs,27,3.30,1,1.50,9292870,4821733,0.51886,6.96382e-05,0
fs,27,3.30,1,1.80,1.07682e+07,4934717,0.45827,7.60874e-05,1
fs,27,3.30,1,2.10,1.22537e+07,5032000,0.41065,8.4137e-05,1
fs,27,3.30,1,2.40,1.37874e+07,5150167,0.37354,9.00433e-05,1
fs,27,3.30,1,2.70,1.53438e+07,5188000,0.33812,9.76678e-05,1
fs,27,3.30,2,0.90,1.08769e+07,7602000,0.69891,6.25077e-05,1
fs,27,3.30,2,1.20,1.31575e+07,7782500,0.59149,7.08057e-05,1
fs,27,3.30,2,1.50,1.55464e+07,8164333,0.52516,7.95184e-05,1
fs,27,3.30,2,1.80,1.80561e+07,8455000,0.46826,8.85448e-05,1
fs,27,3.30,2,2.10,2.06194e+07,8624833,0.41829,9.68823e-05,1
fs,27,3.30,2,2.40,2.3231e+07,8740667,0.37625,0.000105197,1
fs,27,3.30,2,2.70,2.58638e+07,8776000,0.33932,0.000114596,1
fs,27,3.30,3,0.90,1.76992e+07,1.2593e+07,0.7115,8.02464e-05,1
fs,27,3.30,3,1.20,2.14771e+07,1.297133e+07,0.60396,9.22091e-05,1
fs,27,3.30,3,1.50,2.5482e+07,1.362367e+07,0.53464,0.00010455,1
fs,27,3.30,3,1.80,2.96513e+07,1.413767e+07,0.4768,0.000117691,1
fs,27,3.30,3,2.10,3.39646e+07,1.457983e+07,0.42927,0.000129845,1
fs,27,3.30,3,2.40,3.83992e+07,1.49045e+07,0.38815,0.000142315,1
fs,27,3.30,3,2.70,4.29073e+07,1.5027e+07,0.35022,0.000155398,1
fs,27,3.30,4,0.90,3.01917e+07,2.1893e+07,0.72513,8.90447e-05,1
fs,27,3.30,4,1.20,3.67596e+07,2.264683e+07,0.61608,0.000103788,1
fs,27,3.30,4,1.50,4.37798e+07,2.39235e+07,0.54645,0.000116689,1
fs,27,3.30,4,1.80,5.11137e+07,2.496233e+07,0.48837,0.000131079,1
fs,27,3.30,4,2.10,5.87572e+07,2.581817e+07,0.4394,0.000146117,1
fs,27,3.30,4,2.40,6.66046e+07,2.653917e+07,0.39846,0.000160898,1
fs,27,3.30,4,2.70,7.46807e+07,2.692033e+07,0.36047,0.000177009,1
fs,27,3.30,5,0.90,5.00582e+07,3.753033e+07,0.74973,0.000122076,1
fs,27,3.30,5,1.20,6.13173e+07,3.894033e+07,0.63506,0.000143288,1
fs,27,3.30,5,1.50,7.34224e+07,4.138917e+07,0.56371,0.000164439,1
fs,27,3.30,5,1.80,8.61508e+07,4.341933e+07,0.50399,0.00018538,1
fs,27,3.30,5,2.10,9.9474e+07,4.540867e+07,0.45649,0.000206862,1
fs,27,3.30,5,2.40,1.13396e+08,4.6605e+07,0.41099,0.000230424,1
fs,27,3.30,5,2.70,1.27437e+08,4.680333e+07,0.36727,0.000251957,1
fs,27,3.30,6,0.90,8.71619e+07,6.779367e+07,0.77779,0.000174145,1
fs,27,3.30,6,1.20,1.075e+08,7.050683e+07,0.65588,0.000202297,1
fs,27,3.30,6,1.50,1.29466e+08,7.556e+07,0.58363,0.00023473,1
fs,27,3.30,6,1.80,1.52836e+08,7.949667e+07,0.52014,0.000266863,1
fs,27,3.30,6,2.10,1.77164e+08,8.241667e+07,0.4652,0.000300243,1
fs,27,3.30,6,2.40,2.02286e+08,8.440667e+07,0.41726,0.000334061,0
fs,27,3.30,6,2.70,2.27808e+08,8.507333e+07,0.37344,0.000369444,0
fs,27,3.30,7,0.90,1.49434e+08,1.197233e+08,0.80118,0.000256201,1
fs,27,3.30,7,1.20,1.85351e+08,1.242167e+08,0.67017,0.000305909,1
fs,27,3.30,7,1.50,2.23964e+08,1.313383e+08,0.58643,0.000353679,0
fs,27,3.30,7,1.80,2.64154e+08,1.351767e+08,0.51173,0.000404513,0
fs,27,3.30,7,2.10,3.0507e+08,1.36905e+08,0.44877,0.000453414,0
fs,27,3.30,7,2.40,3.46297e+08,1.3751e+08,0.39709,0.000504709,0
fs,27,3.30,7,2.70,3.87576e+08,1.375967e+08,0.35502,0.000555793,0
fs,27,3.63,0,0.90,3753480,2515267,0.67012,5.23972e-05,0
fs,27,3.63,0,1.20,4508060,2577950,0.57185,5.69755e-05,0
fs,27,3.63,0,1.50,5300250,2662450,0.50233,6.33584e-05,0
fs,27,3.63,0,1.80,6105530,2693350,0.44113,6.7286e-05,0
fs,27,3.63,0,2.10,6916260,2741083,0.39632,7.36133e-05,0
fs,27,3.63,0,2.40,7750180,2802167,0.36156,7.86333e-05,0
fs,27,3.63,0,2.70,8597560,2824600,0.32854,8.39979e-05,0
fs,27,3.63,1,0.90,6000880,4023533,0.67049,6.159e-05,0
fs,27,3.63,1,1.20,7207940,4133017,0.5734,6.83679e-05,0
fs,27,3.63,1,1.50,8480690,4300117,0.50705,7.65131e-05,0
fs,27,3.63,1,1.80,9788010,4413683,0.45093,8.24112e-05,0
fs,27,3.63,1,2.10,1.11289e+07,4489817,0.40344,8.9247e-05,1
fs,27,3.63,1,2.40,1.24819e+07,4531500,0.36305,9.80407e-05,1
fs,27,3.63,1,2.70,1.38478e+07,4553000,0.32879,0.000103852,1
fs,27,3.63,2,0.90,9955720,6758933,0.6789,6.85534e-05,0
fs,27,3.63,2,1.20,1.19834e+07,6923967,0.5778,7.79197e-05,1
fs,27,3.63,2,1.50,1.41101e+07,7216667,0.51145,8.62042e-05,1
fs,27,3.63,2,1.80,1.63134e+07,7387833,0.45287,9.46335e-05,1
fs,27,3.63,2,2.10,1.85428e+07,7525500,0.40584,0.00010374,1
fs,27,3.63,2,2.40,2.08287e+07,7730167,0.37113,0.000112964,1
fs,27,3.63,2,2.70,2.31809e+07,7840667,0.33824,0.000121418,1
fs,27,3.63,3,0.90,1.60276e+07,1.106e+07,0.69006,8.61807e-05,1
fs,27,3.63,3,1.20,1.93456e+07,1.1354e+07,0.5869,9.96308e-05,1
fs,27,3.63,3,1.50,2.284e+07,1.194617e+07,0.52304,0.000112211,1
fs,27,3.63,3,1.80,2.65133e+07,1.22915e+07,0.4636,0.000126027,1
fs,27,3.63,3,2.10,3.02149e+07,1.25555e+07,0.41554,0.000137808,1
fs,27,3.63,3,2.40,3.40466e+07,1.294583e+07,0.38024,0.000150202,1
fs,27,3.63,3,2.70,3.79824e+07,1.311933e+07,0.34541,0.000165419,1
fs,27,3.63,4,0.90,2.71858e+07,1.910433e+07,0.70273,9.75222e-05,1
fs,27,3.63,4,1.20,3.29171e+07,1.96765e+07,0.59776,0.00010983,1
fs,27,3.63,4,1.50,3.89917e+07,2.069583e+07,0.53078,0.00012622,1
fs,27,3.63,4,1.80,4.53346e+07,2.14855e+07,0.47393,0.000139248,1
fs,27,3.63,4,2.10,5.1883e+07,2.20395e+07,0.42479,0.000155289,1
fs,27,3.63,4,2.40,5.85583e+07,2.254867e+07,0.38506,0.000170972,1
fs,27,3.63,4,2.70,6.54122e+07,2.284633e+07,0.34927,0.000186101,1
fs,27,3.63,5,0.90,4.45233e+07,3.226367e+07,0.72465,0.000132012,1
fs,27,3.63,5,1.20,5.42024e+07,3.339283e+07,0.61608,0.000152946,1
fs,27,3.63,5,1.50,6.4559e+07,3.537117e+07,0.54789,0.000174354,1
fs,27,3.63,5,1.80,7.54251e+07,3.68215e+07,0.48819,0.000195376,1
fs,27,3.63,5,2.10,8.66519e+07,3.807817e+07,0.43944,0.000218008,1
fs,27,3.63,5,2.40,9.8272e+07,3.965017e+07,0.40347,0.000239815,1
fs,27,3.63,5,2.70,1.10442e+08,4.056667e+07,0.36731,0.000263121,1
fs,27,3.63,6,0.90,7.67547e+07,5.749933e+07,0.74913,0.000185031,1
fs,27,3.63,6,1.20,9.40045e+07,5.990217e+07,0.63723,0.000213166,1
fs,27,3.63,6,1.50,1.12696e+08,6.39975e+07,0.56788,0.000246091,1
fs,27,3.63,6,1.80,1.32403e+08,6.7295e+07,0.50826,0.000279803,1
fs,27,3.63,6,2.10,1.53073e+08,7.014333e+07,0.45823,0.000313926,1
fs,27,3.63,6,2.40,1.74489e+08,7.273667e+07,0.41686,0.000347582,1
fs,27,3.63,6,2.70,1.96715e+08,7.408667e+07,0.37662,0.000383337,1
fs,27,3.63,7,0.90,1.29891e+08,1.0194e+08,0.78481,0.000270093,1
fs,27,3.63,7,1.20,1.60473e+08,1.062517e+08,0.66212,0.000317626,1
fs,27,3.63,7,1.50,1.93642e+08,1.13845e+08,0.58791,0.00037012,1
fs,27,3.63,7,1.80,2.2878e+08,1.19375e+08,0.52179,0.000421528,0
fs,27,3.63,7,2.10,2.65267e+08,1.231283e+08,0.46417,0.000475812,0
fs,27,3.63,7,2.40,3.02657e+08,1.258617e+08,0.41586,0.000527065,0
fs,27,3.63,7,2.70,3.40784e+08,1.2709e+08,0.37293,0.000580312,0
fs,125,2.97,0,0.90,4822690,3294900,0.68321,5.75686e-05,0
fs,125,2.97,0,1.20,5811160,3378000,0.5813,6.29731e-05,0
fs,125,2.97,0,1.50,6849490,3533700,0.51591,6.8259e-05,0
fs,125,2.97,0,1.80,7931380,3621000,0.45654,7.39445e-05,0
fs,125,2.97,0,2.10,9022090,3693200,0.40935,8.04431e-05,0
fs,125,2.97,0,2.40,1.01473e+07,3777017,0.37222,8.69346e-05,1
fs,125,2.97,0,2.70,1.12883e+07,3803333,0.33693,9.19361e-05,1
fs,125,2.97,1,0.90,7884990,5456967,0.69207,6.72956e-05,0
fs,125,2.97,1,1.20,9522080,5608017,0.58895,7.43937e-05,0
fs,125,2.97,1,1.50,1.12498e+07,5868867,0.52169,8.22274e-05,1
fs,125,2.97,1,1.80,1.30434e+07,6019667,0.46151,9.01238e-05,1
fs,125,2.97,1,2.10,1.48616e+07,6216333,0.41828,9.80237e-05,1
fs,125,2.97,1,2.40,1.67732e+07,6370333,0.37979,0.000106421,1
fs,125,2.97,1,2.70,1.86838e+07,6368667,0.34087,0.000113769,1
fs,125,2.97,2,0.90,1.31634e+07,9283333,0.70524,7.50482e-05,1
fs,125,2.97,2,1.20,1.59484e+07,9573667,0.60029,8.4288e-05,1
fs,125,2.97,2,1.50,1.89076e+07,1.005483e+07,0.53179,9.23717e-05,1
fs,125,2.97,2,1.80,2.19813e+07,1.041217e+07,0.47368,0.000102661,1
fs,125,2.97,2,2.10,2.51549e+07,1.07515e+07,0.42741,0.000112072,1
fs,125,2.97,2,2.40,2.84322e+07,1.102367e+07,0.38772,0.00012169,1
fs,125,2.97,2,2.70,3.17691e+07,1.1123e+07,0.35012,0.000131744,1
fs,125,2.97,3,0.90,2.18775e+07,1.575567e+07,0.72018,9.45687e-05,1
fs,125,2.97,3,1.20,2.66042e+07,1.630533e+07,0.61289,0.000107616,1
fs,125,2.97,3,1.50,3.16607e+07,1.724983e+07,0.54483,0.000120561,1
fs,125,2.97,3,1.80,3.69541e+07,1.800383e+07,0.48719,0.000135096,1
fs,125,2.97,3,2.10,4.2463e+07,1.86815e+07,0.43995,0.000149016,1
fs,125,2.97,3,2.40,4.8163e+07,1.915483e+07,0.39771,0.000163975,1
fs,125,2.97,3,2.70,5.39559e+07,1.930967e+07,0.35788,0.000177424,1
fs,125,2.97,4,0.90,3.88346e+07,2.867567e+07,0.73841,0.000105488,1
fs,125,2.97,4,1.20,4.74373e+07,2.9703e+07,0.62615,0.00012093,1
fs,125,2.97,4,1.50,5.66564e+07,3.16265e+07,0.55822,0.00013597,1
fs,125,2.97,4,1.80,6.64132e+07,3.322867e+07,0.50033,0.000153092,1
fs,125,2.97,4,2.10,7.65936e+07,3.451367e+07,0.45061,0.00016842,1
fs,125,2.97,4,2.40,8.71214e+07,3.58245e+07,0.4112,0.000185674,1
fs,125,2.97,4,2.70,9.80883e+07,3.655633e+07,0.37269,0.000202088,1
fs,125,2.97,5,0.90,6.60953e+07,5.057667e+07,0.76521,0.000144444,1
fs,125,2.97,5,1.20,8.12683e+07,5.2598e+07,0.64721,0.000167893,1
fs,125,2.97,5,1.50,9.76541e+07,5.616283e+07,0.57512,0.000190226,1
fs,125,2.97,5,1.80,1.14966e+08,5.89315e+07,0.5126,0.000214908,1
fs,125,2.97,5,2.10,1.33013e+08,6.119e+07,0.46003,0.000240949,1
fs,125,2.97,5,2.40,1.5168e+08,6.273167e+07,0.41358,0.000265058,1
fs,125,2.97,5,2.70,1.70652e+08,6.324e+07,0.37058,0.000290626,1
fs,125,2.97,6,0.90,1.16243e+08,9.128667e+07,0.78531,0.000201858,1
fs,125,2.97,6,1.20,1.43629e+08,9.428167e+07,0.65643,0.000234398,1
fs,125,2.97,6,1.50,1.72812e+08,9.899333e+07,0.57284,0.000270946,1
fs,125,2.97,6,1.80,2.03025e+08,1.014433e+08,0.49966,0.000306713,0
fs,125,2.97,6,2.10,2.33678e+08,1.023183e+08,0.43786,0.000342178,0
fs,125,2.97,6,2.40,2.64416e+08,1.021783e+08,0.38643,0.000377578,0
fs,125,2.97,6,2.70,2.94985e+08,1.018967e+08,0.34543,0.00041298,0
fs,125,2.97,7,0.90,2.02003e+08,1.5157e+08,0.75034,0.000296082,0
fs,125,2.97,7,1.20,2.47474e+08,1.533467e+08,0.61965,0.000348184,0
fs,125,2.97,7,1.50,2.94011e+08,1.547067e+08,0.52619,0.000401104,0
fs,125,2.97,7,1.80,3.40298e+08,1.52465e+08,0.44803,0.000454435,0
fs,125,2.97,7,2.10,3.8549e+08,1.48175e+08,0.38438,0.000506796,0
fs,125,2.97,7,2.40,4.29203e+08,1.427433e+08,0.33258,0.000558316,0
fs,125,2.97,7,2.70,4.71136e+08,1.397767e+08,0.29668,0.000607619,0
fs,125,3.30,0,0.90,4361610,2918367,0.6691,6.12688e-05,0
fs,125,3.30,0,1.20,5237120,2989667,0.57086,6.82188e-05,0
fs,125,3.30,0,1.50,6155410,3078083,0.50006,7.22216e-05,0
fs,125,3.30,0,1.80,7083970,3152767,0.44506,7.84661e-05,0
fs,125,3.30,0,2.10,8047070,3232500,0.4017,8.50274e-05,0
fs,125,3.30,0,2.40,9023470,3302217,0.36596,9.07981e-05,0
fs,125,3.30,0,2.70,1.00284e+07,3349767,0.33403,9.62078e-05,1
fs,125,3.30,1,0.90,7077560,4750433,0.6712,7.23188e-05,0
fs,125,3.30,1,1.20,8502690,4877067,0.57359,7.99929e-05,0
fs,125,3.30,1,1.50,1.00038e+07,5070350,0.50684,8.70469e-05,1
fs,125,3.30,1,1.80,1.15449e+07,5235833,0.45352,9.49566e-05,1
fs,125,3.30,1,2.10,1.31453e+07,5363333,0.408,0.000102782,1
fs,125,3.30,1,2.40,1.47629e+07,5450500,0.3692,0.000112589,1
fs,125,3.30,1,2.70,1.64156e+07,5509000,0.3356,0.000120235,1
fs,125,3.30,2,0.90,1.17291e+07,8041000,0.68556,8.02512e-05,1
fs,125,3.30,2,1.20,1.41414e+07,8262333,0.58427,8.91787e-05,1
fs,125,3.30,2,1.50,1.66865e+07,8626167,0.51695,9.84953e-05,1
fs,125,3.30,2,1.80,1.93171e+07,8895667,0.46051,0.000107716,1
fs,125,3.30,2,2.10,2.20239e+07,8609500,0.39092,0.00011858,1
fs,125,3.30,2,2.40,2.44828e+07,9376000,0.38296,0.000128772,1
fs,125,3.30,2,2.70,2.76495e+07,1.055567e+07,0.38177,0.000137812,1
fs,125,3.30,3,0.90,1.92674e+07,1.347367e+07,0.6993,0.000100861,1
fs,125,3.30,3,1.20,2.33095e+07,1.387633e+07,0.59531,0.000113817,1
fs,125,3.30,3,1.50,2.75932e+07,1.460883e+07,0.52944,0.000127202,1
fs,125,3.30,3,1.80,3.20748e+07,1.519183e+07,0.47364,0.000140575,1
fs,125,3.30,3,2.10,3.67083e+07,1.56745e+07,0.427,0.000156011,1
fs,125,3.30,3,2.40,4.14795e+07,1.607733e+07,0.3876,0.00017045,1
fs,125,3.30,3,2.70,4.63547e+07,1.625067e+07,0.35057,0.000185468,1
fs,125,3.30,4,0.90,3.3835e+07,2.4425e+07,0.72189,0.000112322,1
fs,125,3.30,4,1.20,4.11625e+07,2.514067e+07,0.61077,0.000128056,1
fs,125,3.30,4,1.50,4.89194e+07,2.6464e+07,0.54097,0.00014339,1
fs,125,3.30,4,1.80,5.70409e+07,2.770267e+07,0.48566,0.000158632,1
fs,125,3.30,4,2.10,6.5541e+07,2.873367e+07,0.43841,0.000176365,1
fs,125,3.30,4,2.40,7.42811e+07,2.965817e+07,0.39927,0.000193174,1
fs,125,3.30,4,2.70,8.33359e+07,3.018267e+07,0.36218,0.00021052,1
fs,125,3.30,5,0.90,5.68945e+07,4.209333e+07,0.73985,0.000150547,1
fs,125,3.30,5,1.20,6.95225e+07,4.374233e+07,0.62918,0.000175023,1
fs,125,3.30,5,1.50,8.31399e+07,4.66065e+07,0.56058,0.000199553,1
fs,125,3.30,5,1.80,9.74864e+07,4.905517e+07,0.5032,0.000223256,1
fs,125,3.30,5,2.10,1.12573e+08,5.128267e+07,0.45555,0.000248842,1
fs,125,3.30,5,2.40,1.28256e+08,5.325667e+07,0.41524,0.00027438,1
fs,125,3.30,5,2.70,1.44527e+08,5.423667e+07,0.37527,0.000300128,1
fs,125,3.30,6,0.90,9.91325e+07,7.672167e+07,0.77393,0.000209668,1
fs,125,3.30,6,1.20,1.22149e+08,7.989917e+07,0.65411,0.000245355,1
fs,125,3.30,6,1.50,1.47072e+08,8.531167e+07,0.58007,0.000282077,1
fs,125,3.30,6,1.80,1.73336e+08,8.900667e+07,0.51349,0.000318872,1
fs,125,3.30,6,2.10,2.00476e+08,9.164833e+07,0.45715,0.000354471,0
fs,125,3.30,6,2.40,2.28325e+08,9.336167e+07,0.4089,0.000393594,0
fs,125,3.30,6,2.70,2.56493e+08,9.389333e+07,0.36607,0.000430736,0
fs,125,3.30,7,0.90,1.72828e+08,1.348167e+08,0.78006,0.000310802,1
fs,125,3.30,7,1.20,2.13273e+08,1.385217e+08,0.6495,0.000365425,0
fs,125,3.30,7,1.50,2.55941e+08,1.437667e+08,0.56172,0.000420258,0
fs,125,3.30,7,1.80,2.99533e+08,1.4547e+08,0.48566,0.000477195,0
fs,125,3.30,7,2.10,3.43223e+08,1.448033e+08,0.42189,0.000532872,0
fs,125,3.30,7,2.40,3.86415e+08,1.425083e+08,0.3688,0.000584472,0
fs,125,3.30,7,2.70,4.28728e+08,1.410433e+08,0.32898,0.00064316,0
fs,125,3.63,0,0.90,4042930,2641500,0.65336,6.65411e-05,0
fs,125,3.63,0,1.20,4835380,2686300,0.55555,7.12621e-05,0
fs,125,3.63,0,1.50,5654710,2790250,0.49344,7.87405e-05,0
fs,125,3.63,0,1.80,6509530,2869750,0.44085,8.45649e-05,0
fs,125,3.63,0,2.10,7376560,2880350,0.39047,9.0377e-05,0
fs,125,3.63,0,2.40,8237740,2942850,0.35724,9.6227e-05,0
fs,125,3.63,0,2.70,9142270,3015100,0.3298,0.000103462,0
fs,125,3.63,1,0.90,6502840,4278567,0.65795,7.85133e-05,0
fs,125,3.63,1,1.20,7786410,4365617,0.56067,8.45946e-05,0
fs,125,3.63,1,1.50,9122210,4535983,0.49725,9.24845e-05,0
fs,125,3.63,1,1.80,1.0508e+07,4654650,0.44296,0.000102342,1
fs,125,3.63,1,2.10,1.1915e+07,4744500,0.3982,0.000109829,1
fs,125,3.63,1,2.40,1.33547e+07,4831500,0.36178,0.000116824,1
fs,125,3.63,1,2.70,1.48139e+07,4864000,0.32834,0.000126186,1
fs,125,3.63,2,0.90,1.07277e+07,7140333,0.6656,8.77743e-05,1
fs,125,3.63,2,1.20,1.28698e+07,7317333,0.56857,9.46114e-05,1
fs,125,3.63,2,1.50,1.51181e+07,7640833,0.50541,0.000104703,1
fs,125,3.63,2,1.80,1.74543e+07,7858833,0.45025,0.000115079,1
fs,125,3.63,2,2.10,1.98334e+07,8070833,0.40693,0.000124337,1
fs,125,3.63,2,2.40,2.22968e+07,8223333,0.36881,0.000133972,1
fs,125,3.63,2,2.70,2.47674e+07,8235333,0.33251,0.000144585,1
fs,125,3.63,3,0.90,1.74536e+07,1.183033e+07,0.67782,0.000106968,1
fs,125,3.63,3,1.20,2.10027e+07,1.217333e+07,0.57961,0.000120276,1
fs,125,3.63,3,1.50,2.47576e+07,1.27305e+07,0.51421,0.000134151,1
fs,125,3.63,3,1.80,2.8641e+07,1.319983e+07,0.46087,0.000149475,1
fs,125,3.63,3,2.10,3.26775e+07,1.36665e+07,0.41822,0.00016292,1
fs,125,3.63,3,2.40,3.68409e+07,1.3937e+07,0.3783,0.000178158,1
fs,125,3.63,3,2.70,4.10397e+07,1.3996e+07,0.34104,0.00019275,1
fs,125,3.63,4,0.90,3.05454e+07,2.106267e+07,0.68955,0.00011926,1
fs,125,3.63,4,1.20,3.68642e+07,2.17065e+07,0.58882,0.000135622,1
fs,125,3.63,4,1.50,4.35693e+07,2.28815e+07,0.52517,0.000152842,1
fs,125,3.63,4,1.80,5.05931e+07,2.376733e+07,0.46977,0.000168327,1
fs,125,3.63,4,2.10,5.78297e+07,2.463417e+07,0.42598,0.000186321,1
fs,125,3.63,4,2.40,6.53736e+07,2.5416e+07,0.38878,0.000202911,1
fs,125,3.63,4,2.70,7.30793e+07,2.568567e+07,0.35148,0.000219911,1
fs,125,3.63,5,0.90,5.05932e+07,3.6122e+07,0.71397,0.000161331,1
fs,125,3.63,5,1.20,6.14298e+07,3.746317e+07,0.60985,0.000184039,1
fs,125,3.63,5,1.50,7.30711e+07,3.9773e+07,0.54431,0.00020925,1
fs,125,3.63,5,1.80,8.52936e+07,4.176617e+07,0.48968,0.000233299,1
fs,125,3.63,5,2.10,9.81308e+07,4.359233e+07,0.44423,0.00025963,1
fs,125,3.63,5,2.40,1.11449e+08,4.511533e+07,0.40481,0.000285843,1
fs,125,3.63,5,2.70,1.252e+08,4.583667e+07,0.36611,0.000310674,1
fs,125,3.63,6,0.90,8.72461e+07,6.544633e+07,0.75013,0.000220384,1
fs,125,3.63,6,1.20,1.0688e+08,6.810983e+07,0.63726,0.000257307,1
fs,125,3.63,6,1.50,1.28112e+08,7.301833e+07,0.56996,0.000294186,1
fs,125,3.63,6,1.80,1.50691e+08,7.705e+07,0.51131,0.000329837,1
fs,125,3.63,6,2.10,1.74342e+08,8.015167e+07,0.45974,0.000370804,1
fs,125,3.63,6,2.40,1.98782e+08,8.250667e+07,0.41506,0.000409424,1
fs,125,3.63,6,2.70,2.23846e+08,8.354667e+07,0.37323,0.000447934,0
fs,125,3.63,7,0.90,1.50685e+08,1.173567e+08,0.77882,0.000325036,1
fs,125,3.63,7,1.20,1.85892e+08,1.217917e+08,0.65517,0.000377327,1
fs,125,3.63,7,1.50,2.2376e+08,1.2892e+08,0.57615,0.00043854,0
fs,125,3.63,7,1.80,2.63244e+08,1.331067e+08,0.50564,0.000496902,0
fs,125,3.63,7,2.10,3.03624e+08,1.351883e+08,0.44525,0.000555047,0
fs,125,3.63,7,2.40,3.44357e+08,1.3574e+08,0.39418,0.000612798,0
fs,125,3.63,7,2.70,3.85068e+08,1.357033e+08,0.35241,0.00067024,0
sf,-40,2.97,0,0.90,4236250,2569300,0.6065,3.87118e-05,0
sf,-40,2.97,0,1.20,5007040,2691183,0.53748,4.32276e-05,0
sf,-40,2.97,0,1.50,5850960,2871200,0.49072,4.79114e-05,0
sf,-40,2.97,0,1.80,6729760,2988967,0.44414,5.16925e-05,0
sf,-40,2.97,0,2.10,7644340,3095067,0.40488,5.55737e-05,0
sf,-40,2.97,0,2.40,8586800,3129500,0.36445,6.13949e-05,0
sf,-40,2.97,0,2.70,9522040,3117467,0.32739,6.58835e-05,0
sf,-40,2.97,1,0.90,6850290,4243600,0.61948,4.71373e-05,0
sf,-40,2.97,1,1.20,8123370,4450800,0.5479,5.19371e-05,0
sf,-40,2.97,1,1.50,9520770,4733717,0.4972,5.75549e-05,0
sf,-40,2.97,1,1.80,1.09636e+07,4909383,0.44779,6.42623e-05,1
sf,-40,2.97,1,2.10,1.24664e+07,5041500,0.40441,6.98994e-05,1
sf,-40,2.97,1,2.40,1.39885e+07,5167167,0.36939,7.55239e-05,1
sf,-40,2.97,1,2.70,1.55667e+07,5260667,0.33794,8.21463e-05,1
sf,-40,2.97,2,0.90,1.16031e+07,7119000,0.61354,5.27997e-05,1
sf,-40,2.97,2,1.20,1.37388e+07,7546667,0.5493,5.96873e-05,1
sf,-40,2.97,2,1.50,1.61311e+07,8141833,0.50473,6.54683e-05,1
sf,-40,2.97,2,1.80,1.86239e+07,8428333,0.45255,7.34994e-05,1
sf,-40,2.97,2,2.10,2.11881e+07,8710333,0.4111,8.17981e-05,1
sf,-40,2.97,2,2.40,2.38501e+07,9017167,0.37808,8.90239e-05,1
sf,-40,2.97,2,2.70,2.65984e+07,9161000,0.34442,9.67669e-05,1
sf,-40,2.97,3,0.90,1.89503e+07,1.210233e+07,0.63864,6.89905e-05,1
sf,-40,2.97,3,1.20,2.2581e+07,1.268483e+07,0.56175,7.90279e-05,1
sf,-40,2.97,3,1.50,2.65612e+07,1.36335e+07,0.51329,8.81129e-05,1
sf,-40,2.97,3,1.80,3.07611e+07,1.422033e+07,0.46228,9.94887e-05,1
sf,-40,2.97,3,2.10,3.50934e+07,1.491017e+07,0.42487,0.000109237,1
sf,-40,2.97,3,2.40,3.97072e+07,1.526417e+07,0.38442,0.000120601,1
sf,-40,2.97,3,2.70,4.42519e+07,1.5149e+07,0.34234,0.000131865,1
sf,-40,2.97,4,0.90,3.17459e+07,2.055333e+07,0.64743,7.55483e-05,1
sf,-40,2.97,4,1.20,3.79119e+07,2.1852e+07,0.57639,8.61272e-05,1
sf,-40,2.97,4,1.50,4.48571e+07,2.364133e+07,0.52704,9.85769e-05,1
sf,-40,2.97,4,1.80,5.20967e+07,2.495883e+07,0.47909,0.00010913,1
sf,-40,2.97,4,2.10,5.98324e+07,2.613217e+07,0.43676,0.000121949,1
sf,-40,2.97,4,2.40,6.7776e+07,2.66635e+07,0.39341,0.000135204,1
sf,-40,2.97,4,2.70,7.58305e+07,2.684833e+07,0.35406,0.000147355,1
sf,-40,2.97,5,0.90,5.30698e+07,3.5587e+07,0.67057,0.000104586,1
sf,-40,2.97,5,1.20,6.37459e+07,3.795533e+07,0.59542,0.000120318,1
sf,-40,2.97,5,1.50,7.5843e+07,4.133583e+07,0.54502,0.000138566,1
sf,-40,2.97,5,1.80,8.85474e+07,4.366e+07,0.49307,0.000156256,1
sf,-40,2.97,5,2.10,1.02039e+08,4.614267e+07,0.45221,0.000174582,1
sf,-40,2.97,5,2.40,1.16233e+08,4.772333e+07,0.41058,0.000194584,1
sf,-40,2.97,5,2.70,1.30673e+08,4.813333e+07,0.36835,0.000214627,1
sf,-40,2.97,6,0.90,9.41827e+07,6.537433e+07,0.69412,0.000151333,1
sf,-40,2.97,6,1.20,1.13795e+08,6.98155e+07,0.61352,0.00017423,1
sf,-40,2.97,6,1.50,1.36072e+08,7.643167e+07,0.5617,0.000200895,1
sf,-40,2.97,6,1.80,1.59654e+08,8.0675e+07,0.50531,0.00022829,1
sf,-40,2.97,6,2.10,1.84477e+08,8.420833e+07,0.45647,0.000256628,1
sf,-40,2.97,6,2.40,2.10179e+08,8.620667e+07,0.41016,0.000285916,0
sf,-40,2.97,6,2.70,2.36201e+08,8.674e+07,0.36723,0.000314501,0
sf,-40,2.97,7,0.90,1.62786e+08,1.152833e+08,0.70819,0.000225309,1
sf,-40,2.97,7,1.20,1.97371e+08,1.216417e+08,0.61631,0.000263608,1
sf,-40,2.97,7,1.50,2.35771e+08,1.308133e+08,0.55483,0.000306232,0
sf,-40,2.97,7,1.80,2.75859e+08,1.35535e+08,0.49132,0.000348379,0
sf,-40,2.97,7,2.10,3.17092e+08,1.374267e+08,0.4334,0.000391774,0
sf,-40,2.97,7,2.40,3.58315e+08,1.375883e+08,0.38399,0.00043487,0
sf,-40,2.97,7,2.70,3.99645e+08,1.377667e+08,0.34472,0.000477396,0
sf,-40,3.30,0,0.90,3866780,2277367,0.58896,4.44908e-05,0
sf,-40,3.30,0,1.20,4549990,2395867,0.52657,4.75647e-05,0
sf,-40,3.30,0,1.50,5304300,2540233,0.4789,5.32529e-05,0
sf,-40,3.30,0,1.80,6074130,2638117,0.43432,5.73402e-05,0
sf,-40,3.30,0,2.10,6887170,2680467,0.3892,6.12827e-05,0
sf,-40,3.30,0,2.40,7682410,2717167,0.35369,6.63692e-05,0
sf,-40,3.30,0,2.70,8517470,2783533,0.3268,7.06202e-05,0
sf,-40,3.30,1,0.90,6194530,3682367,0.59445,5.20745e-05,0
sf,-40,3.30,1,1.20,7299240,3872850,0.53058,5.66282e-05,0
sf,-40,3.30,1,1.50,8518240,4115650,0.48316,6.2955e-05,0
sf,-40,3.30,1,1.80,9768630,4257600,0.43584,6.86619e-05,0
sf,-40,3.30,1,2.10,1.10728e+07,4384617,0.39598,7.47694e-05,1
sf,-40,3.30,1,2.40,1.23994e+07,4498000,0.36276,8.26394e-05,1
sf,-40,3.30,1,2.70,1.37716e+07,4574000,0.33213,8.74483e-05,1
sf,-40,3.30,2,0.90,1.04026e+07,6214000,0.59735,5.79778e-05,1
sf,-40,3.30,2,1.20,1.22668e+07,6521833,0.53167,6.63015e-05,1
sf,-40,3.30,2,1.50,1.43157e+07,6982167,0.48773,7.26342e-05,1
sf,-40,3.30,2,1.80,1.64561e+07,7269833,0.44177,7.97933e-05,1
sf,-40,3.30,2,2.10,1.86776e+07,7430000,0.3978,8.71873e-05,1
sf,-40,3.30,2,2.40,2.09141e+07,7676833,0.36706,9.49113e-05,1
sf,-40,3.30,2,2.70,2.32837e+07,7898667,0.33924,0.000102963,1
sf,-40,3.30,3,0.90,1.67886e+07,1.0227e+07,0.60916,7.48415e-05,1
sf,-40,3.30,3,1.20,1.98567e+07,1.0805e+07,0.54415,8.49582e-05,1
sf,-40,3.30,3,1.50,2.32716e+07,1.155117e+07,0.49636,9.5231e-05,1
sf,-40,3.30,3,1.80,2.67874e+07,1.20205e+07,0.44874,0.000105749,1
sf,-40,3.30,3,2.10,3.04839e+07,1.247883e+07,0.40936,0.000115972,1
sf,-40,3.30,3,2.40,3.42747e+07,1.264883e+07,0.36904,0.000127306,1
sf,-40,3.30,3,2.70,3.80732e+07,1.266167e+07,0.33256,0.000139191,1
sf,-40,3.30,4,0.90,2.78912e+07,1.736433e+07,0.62257,8.39547e-05,1
sf,-40,3.30,4,1.20,3.31005e+07,1.8356e+07,0.55455,9.48825e-05,1
sf,-40,3.30,4,1.50,3.89048e+07,1.970517e+07,0.5065,0.000106167,1
sf,-40,3.30,4,1.80,4.49236e+07,2.077e+07,0.46234,0.000117497,1
sf,-40,3.30,4,2.10,5.13668e+07,2.14505e+07,0.41759,0.000131331,1
sf,-40,3.30,4,2.40,5.77939e+07,2.18895e+07,0.37875,0.000142255,1
sf,-40,3.30,4,2.70,6.45005e+07,2.235533e+07,0.34659,0.000156368,1
sf,-40,3.30,5,0.90,4.58633e+07,2.9387e+07,0.64075,0.000114167,1
sf,-40,3.30,5,1.20,5.46794e+07,3.110567e+07,0.56887,0.000129912,1
sf,-40,3.30,5,1.50,6.45267e+07,3.393933e+07,0.52597,0.000148677,1
sf,-40,3.30,5,1.80,7.5043e+07,3.57785e+07,0.47677,0.000166081,1
sf,-40,3.30,5,2.10,8.59938e+07,3.722033e+07,0.43283,0.00018401,1
sf,-40,3.30,5,2.40,9.73752e+07,3.854533e+07,0.39584,0.000204601,1
sf,-40,3.30,5,2.70,1.09121e+08,3.915267e+07,0.3588,0.000223273,1
sf,-40,3.30,6,0.90,8.02136e+07,5.334467e+07,0.66503,0.000158824,1
sf,-40,3.30,6,1.20,9.6217e+07,5.682233e+07,0.59056,0.00018485,1
sf,-40,3.30,6,1.50,1.14307e+08,6.215833e+07,0.54378,0.000210737,1
sf,-40,3.30,6,1.80,1.33512e+08,6.435167e+07,0.48199,0.000240297,1
sf,-40,3.30,6,2.10,1.52918e+08,6.939e+07,0.45377,0.000268289,1
sf,-40,3.30,6,2.40,1.75146e+08,7.375833e+07,0.42112,0.000298561,1
sf,-40,3.30,6,2.70,1.97173e+08,7.342333e+07,0.37238,0.000327048,1
sf,-40,3.30,7,0.90,1.36333e+08,9.521e+07,0.69836,0.00023711,1
sf,-40,3.30,7,1.20,1.64896e+08,1.014483e+08,0.61523,0.00027697,1
sf,-40,3.30,7,1.50,1.97202e+08,1.112017e+08,0.5639,0.000319722,1
sf,-40,3.30,7,1.80,2.31617e+08,1.175183e+08,0.50738,0.000363337,0
sf,-40,3.30,7,2.10,2.67713e+08,1.221983e+08,0.45645,0.00040975,0
sf,-40,3.30,7,2.40,3.04936e+08,1.243867e+08,0.40791,0.00045461,0
sf,-40,3.30,7,2.70,3.42345e+08,1.246967e+08,0.36424,0.000499852,0
sf,-40,3.63,0,0.90,3624970,2077833,0.5732,4.97976e-05,0
sf,-40,3.63,0,1.20,4248320,2180433,0.51325,5.323e-05,0
sf,-40,3.63,0,1.50,4933230,2325033,0.4713,5.8511e-05,0
sf,-40,3.63,0,1.80,5643340,2375100,0.42087,6.20309e-05,0
sf,-40,3.63,0,2.10,6358290,2412883,0.37949,6.73354e-05,0
sf,-40,3.63,0,2.40,7091070,2446483,0.34501,7.18592e-05,0
sf,-40,3.63,0,2.70,7826180,2450367,0.3131,7.52469e-05,0
sf,-40,3.63,1,0.90,5753330,3345900,0.58156,5.72051e-05,0
sf,-40,3.63,1,1.20,6757100,3514883,0.52018,6.17377e-05,0
sf,-40,3.63,1,1.50,7862260,3706817,0.47147,6.79953e-05,0
sf,-40,3.63,1,1.80,8981190,3803900,0.42354,7.48739e-05,0
sf,-40,3.63,1,2.10,1.01446e+07,3928350,0.38724,8.42146e-05,1
sf,-40,3.63,1,2.40,1.13382e+07,3974667,0.35056,8.74319e-05,1
sf,-40,3.63,1,2.70,1.25294e+07,3970667,0.31691,9.46726e-05,1
sf,-40,3.63,2,0.90,9613780,5618733,0.58445,6.53461e-05,0
sf,-40,3.63,2,1.20,1.12994e+07,5852200,0.51792,7.0465e-05,1
sf,-40,3.63,2,1.50,1.31251e+07,6216500,0.47363,7.91935e-05,1
sf,-40,3.63,2,1.80,1.50293e+07,6438667,0.42841,8.757e-05,1
sf,-40,3.63,2,2.10,1.69883e+07,6601167,0.38857,9.57302e-05,1
sf,-40,3.63,2,2.40,1.899e+07,6626500,0.34895,0.000101772,1
sf,-40,3.63,2,2.70,2.09642e+07,6580667,0.3139,0.000110208,1
sf,-40,3.63,3,0.90,1.53408e+07,9115000,0.59417,8.25816e-05,1
sf,-40,3.63,3,1.20,1.80753e+07,9541667,0.52788,9.22833e-05,1
sf,-40,3.63,3,1.50,2.10658e+07,1.019533e+07,0.48398,0.000102258,1
sf,-40,3.63,3,1.80,2.41925e+07,1.061717e+07,0.43886,0.000113342,1
sf,-40,3.63,3,2.10,2.74361e+07,1.0813e+07,0.39412,0.0001246,1
sf,-40,3.63,3,2.40,3.06803e+07,1.0901e+07,0.35531,0.00013718,1
sf,-40,3.63,3,2.70,3.39767e+07,1.0988e+07,0.3234,0.000148079,1
sf,-40,3.63,4,0.90,2.53761e+07,1.535067e+07,0.60493,9.22527e-05,1
sf,-40,3.63,4,1.20,2.99813e+07,1.61095e+07,0.53732,0.000102517,1
sf,-40,3.63,4,1.50,3.50418e+07,1.730633e+07,0.49388,0.000115982,1
sf,-40,3.63,4,1.80,4.03651e+07,1.804933e+07,0.44715,0.000128028,1
sf,-40,3.63,4,2.10,4.58714e+07,1.860733e+07,0.40564,0.000141315,1
sf,-40,3.63,4,2.40,5.15295e+07,1.8834e+07,0.3655,0.000153031,1
sf,-40,3.63,4,2.70,5.71718e+07,1.880767e+07,0.32897,0.000166519,1
sf,-40,3.63,5,0.90,4.11802e+07,2.555167e+07,0.62048,0.000121787,1
sf,-40,3.63,5,1.20,4.88457e+07,2.6942e+07,0.55157,0.000140198,1
sf,-40,3.63,5,1.50,5.73454e+07,2.900283e+07,0.50576,0.000157807,1
sf,-40,3.63,5,1.80,6.62474e+07,3.049183e+07,0.46027,0.000178488,1
sf,-40,3.63,5,2.10,7.56405e+07,3.16955e+07,0.41903,0.000197538,1
sf,-40,3.63,5,2.40,8.52647e+07,3.2588e+07,0.3822,0.000216343,1
sf,-40,3.63,5,2.70,9.51933e+07,3.309533e+07,0.34766,0.000237143,1
sf,-40,3.63,6,0.90,7.12333e+07,4.541767e+07,0.63759,0.000172565,1
sf,-40,3.63,6,1.20,8.48586e+07,4.83595e+07,0.56988,0.000197099,1
sf,-40,3.63,6,1.50,1.00249e+08,5.2499e+07,0.52369,0.000223495,1
sf,-40,3.63,6,1.80,1.16358e+08,5.5595e+07,0.47779,0.0002537,1
sf,-40,3.63,6,2.10,1.33606e+08,5.808167e+07,0.43472,0.000282608,1
sf,-40,3.63,6,2.40,1.51207e+08,6.026e+07,0.39853,0.000313798,1
sf,-40,3.63,6,2.70,1.69762e+08,6.185e+07,0.36433,0.000344763,1
sf,-40,3.63,7,0.90,1.19052e+08,7.986e+07,0.6708,0.00025139,1
sf,-40,3.63,7,1.20,1.4301e+08,8.511667e+07,0.59518,0.000290036,1
sf,-40,3.63,7,1.50,1.70122e+08,9.092e+07,0.53444,0.000333935,1
sf,-40,3.63,7,1.80,1.97562e+08,9.935833e+07,0.50292,0.000379613,1
sf,-40,3.63,7,2.10,2.29737e+08,1.073683e+08,0.46735,0.000425441,0
sf,-40,3.63,7,2.40,2.61983e+08,1.0887e+08,0.41556,0.000473507,0
sf,-40,3.63,7,2.70,2.95059e+08,1.102533e+08,0.37367,0.000521401,0
sf,27,2.97,0,0.90,4487100,2762367,0.61562,4.60724e-05,0
sf,27,2.97,0,1.20,5315810,2878083,0.54142,5.15325e-05,0
sf,27,2.97,0,1.50,6213950,3050983,0.49099,5.66072e-05,0
sf,27,2.97,0,1.80,7146400,3151633,0.44101,6.06182e-05,0
sf,27,2.97,0,2.10,8104930,3252583,0.40131,6.59463e-05,0
sf,27,2.97,0,2.40,9097950,3301950,0.36293,7.08195e-05,0
sf,27,2.97,0,2.70,1.00861e+07,3293833,0.32657,7.63561e-05,1
sf,27,2.97,1,0.90,7297150,4528667,0.62061,5.55501e-05,0
sf,27,2.97,1,1.20,8655750,4708917,0.54402,6.13914e-05,0
sf,27,2.97,1,1.50,1.01225e+07,5039750,0.49788,6.73267e-05,1
sf,27,2.97,1,1.80,1.16796e+07,5256000,0.45002,7.39269e-05,1
sf,27,2.97,1,2.10,1.32761e+07,5370167,0.4045,8.1537e-05,1
sf,27,2.97,1,2.40,1.49017e+07,5448333,0.36562,8.89388e-05,1
sf,27,2.97,1,2.70,1.65451e+07,5478000,0.3311,9.52397e-05,1
sf,27,2.97,2,0.90,1.22373e+07,7681667,0.62773,6.20976e-05,1
sf,27,2.97,2,1.20,1.45418e+07,8065167,0.55462,6.97024e-05,1
sf,27,2.97,2,1.50,1.70764e+07,8627500,0.50523,7.82789e-05,1
sf,27,2.97,2,1.80,1.97183e+07,8998833,0.45637,8.56102e-05,1
sf,27,2.97,2,2.10,2.24757e+07,9290333,0.41335,9.39132e-05,1
sf,27,2.97,2,2.40,2.52925e+07,9505500,0.37582,0.0001025,1
sf,27,2.97,2,2.70,2.8179e+07,9621667,0.34145,0.00011064,1
sf,27,2.97,3,0.90,2.01463e+07,1.291433e+07,0.64103,8.01813e-05,1
sf,27,2.97,3,1.20,2.40206e+07,1.356783e+07,0.56484,9.14479e-05,1
sf,27,2.97,3,1.50,2.8287e+07,1.4627e+07,0.51709,0.000102548,1
sf,27,2.97,3,1.80,3.27968e+07,1.5318e+07,0.46706,0.000114143,1
sf,27,2.97,3,2.10,3.74778e+07,1.5859e+07,0.42316,0.000126327,1
sf,27,2.97,3,2.40,4.23122e+07,1.635317e+07,0.38649,0.000138602,1
sf,27,2.97,3,2.70,4.72897e+07,1.659167e+07,0.35085,0.000150915,1
sf,27,2.97,4,0.90,3.46222e+07,2.282467e+07,0.65925,8.85098e-05,1
sf,27,2.97,4,1.20,4.14696e+07,2.3952e+07,0.57758,0.000101183,1
sf,27,2.97,4,1.50,4.89934e+07,2.595033e+07,0.52967,0.000113201,1
sf,27,2.97,4,1.80,5.70398e+07,2.7366e+07,0.47977,0.000127043,1
sf,27,2.97,4,2.10,6.5413e+07,2.878817e+07,0.4401,0.000142065,1
sf,27,2.97,4,2.40,7.43127e+07,2.984117e+07,0.40156,0.000154931,1
sf,27,2.97,4,2.70,8.33177e+07,3.001667e+07,0.36027,0.000170616,1
sf,27,2.97,5,0.90,5.835e+07,3.981667e+07,0.68238,0.00012191,1
sf,27,2.97,5,1.20,7.0295e+07,4.224517e+07,0.60097,0.000140454,1
sf,27,2.97,5,1.50,8.36971e+07,4.613067e+07,0.55116,0.000160239,1
sf,27,2.97,5,1.80,9.79734e+07,4.897483e+07,0.49988,0.000180356,1
sf,27,2.97,5,2.10,1.13082e+08,5.150267e+07,0.45545,0.00020185,1
sf,27,2.97,5,2.40,1.28875e+08,5.326833e+07,0.41333,0.000222798,1
sf,27,2.97,5,2.70,1.45043e+08,5.389333e+07,0.37157,0.000244813,1
sf,27,2.97,6,0.90,1.03273e+08,7.363667e+07,0.71303,0.000172561,1
sf,27,2.97,6,1.20,1.25364e+08,7.786833e+07,0.62114,0.000201694,1
sf,27,2.97,6,1.50,1.49994e+08,8.4705e+07,0.56472,0.000230783,1
sf,27,2.97,6,1.80,1.76187e+08,8.908167e+07,0.50561,0.000261425,1
sf,27,2.97,6,2.10,2.03443e+08,9.162167e+07,0.45036,0.000292732,0
sf,27,2.97,6,2.40,2.3116e+08,9.337e+07,0.40392,0.000323,0
sf,27,2.97,6,2.70,2.59465e+08,9.435e+07,0.36363,0.000355493,0
sf,27,2.97,7,0.90,1.80305e+08,1.282567e+08,0.71133,0.000259071,1
sf,27,2.97,7,1.20,2.18782e+08,1.339483e+08,0.61225,0.000301493,0
sf,27,2.97,7,1.50,2.60674e+08,1.4189e+08,0.54432,0.000348101,0
sf,27,2.97,7,1.80,3.03916e+08,1.446917e+08,0.47609,0.000394244,0
sf,27,2.97,7,2.10,3.47489e+08,1.448917e+08,0.41697,0.000442435,0
sf,27,2.97,7,2.40,3.90851e+08,1.432667e+08,0.36655,0.000490389,0
sf,27,2.97,7,2.70,4.33449e+08,1.419933e+08,0.32759,0.000536458,0
sf,27,3.30,0,0.90,4083080,2447567,0.59944,5.0342e-05,0
sf,27,3.30,0,1.20,4817350,2554417,0.53025,5.55242e-05,0
sf,27,3.30,0,1.50,5615730,2694850,0.47988,6.0653e-05,0
sf,27,3.30,0,1.80,6434260,2777517,0.43168,6.48884e-05,0
sf,27,3.30,0,2.10,7282240,2841450,0.39019,7.07711e-05,0
sf,27,3.30,0,2.40,8139130,2883783,0.35431,7.57608e-05,0
sf,27,3.30,0,2.70,9012510,2911267,0.32303,8.15037e-05,0
sf,27,3.30,1,0.90,6577840,3964700,0.60274,6.00509e-05,0
sf,27,3.30,1,1.20,7767250,4155400,0.53499,6.64448e-05,0
sf,27,3.30,1,1.50,9071080,4411917,0.48637,7.28389e-05,0
sf,27,3.30,1,1.80,1.04144e+07,4515700,0.4336,7.90834e-05,1
sf,27,3.30,1,2.10,1.17805e+07,4646333,0.39441,8.61793e-05,1
sf,27,3.30,1,2.40,1.32022e+07,4762500,0.36074,9.33247e-05,1
sf,27,3.30,1,2.70,1.4638e+07,4786000,0.32696,0.000101567,1
sf,27,3.30,2,0.90,1.09546e+07,6708000,0.61235,6.76495e-05,1
sf,27,3.30,2,1.20,1.2967e+07,6986833,0.53882,7.49883e-05,1
sf,27,3.30,2,1.50,1.51467e+07,7430667,0.49058,8.43686e-05,1
sf,27,3.30,2,1.80,1.74254e+07,7682833,0.4409,9.05221e-05,1
sf,27,3.30,2,2.10,1.97564e+07,7939500,0.40187,9.94961e-05,1
sf,27,3.30,2,2.40,2.21891e+07,8236167,0.37118,0.000108776,1
sf,27,3.30,2,2.70,2.46981e+07,8363333,0.33862,0.000116351,1
sf,27,3.30,3,0.90,1.78195e+07,1.110633e+07,0.62327,8.59694e-05,1
sf,27,3.30,3,1.20,2.11514e+07,1.16355e+07,0.55011,9.73733e-05,1
sf,27,3.30,3,1.50,2.48008e+07,1.246333e+07,0.50254,0.000108677,1
sf,27,3.30,3,1.80,2.86294e+07,1.289367e+07,0.45036,0.000120485,1
sf,27,3.30,3,2.10,3.2537e+07,1.338883e+07,0.4115,0.000133613,1
sf,27,3.30,3,2.40,3.66627e+07,1.385383e+07,0.37787,0.000145038,1
sf,27,3.30,3,2.70,4.08493e+07,1.395533e+07,0.34163,0.000157429,1
sf,27,3.30,4,0.90,3.03864e+07,1.924633e+07,0.63339,9.6143e-05,1
sf,27,3.30,4,1.20,3.61603e+07,2.0188e+07,0.55829,0.000107925,1
sf,27,3.30,4,1.50,4.24992e+07,2.181183e+07,0.51323,0.000121217,1
sf,27,3.30,4,1.80,4.92474e+07,2.28935e+07,0.46487,0.000134618,1
sf,27,3.30,4,2.10,5.62353e+07,2.368967e+07,0.42126,0.000149605,1
sf,27,3.30,4,2.40,6.34612e+07,2.4569e+07,0.38715,0.000162228,1
sf,27,3.30,4,2.70,7.09767e+07,2.505167e+07,0.35296,0.000177268,1
sf,27,3.30,5,0.90,5.0414e+07,3.3071e+07,0.65599,0.000130226,1
sf,27,3.30,5,1.20,6.03353e+07,3.48865e+07,0.57821,0.000149596,1
sf,27,3.30,5,1.50,7.13459e+07,3.784367e+07,0.53043,0.000168061,1
sf,27,3.30,5,1.80,8.30415e+07,3.993567e+07,0.48091,0.000188825,1
sf,27,3.30,5,2.10,9.53073e+07,4.177417e+07,0.43831,0.00021193,1
sf,27,3.30,5,2.40,1.08106e+08,4.36195e+07,0.40349,0.000232857,1
sf,27,3.30,5,2.70,1.21479e+08,4.457667e+07,0.36695,0.000254553,1
sf,27,3.30,6,0.90,8.79389e+07,6.040033e+07,0.68684,0.00018341,1
sf,27,3.30,6,1.20,1.06059e+08,6.400683e+07,0.6035,0.000209618,1
sf,27,3.30,6,1.50,1.26343e+08,7.012833e+07,0.55506,0.0002398,1
sf,27,3.30,6,1.80,1.48136e+08,7.442667e+07,0.50242,0.000272034,1
sf,27,3.30,6,2.10,1.70999e+08,7.773167e+07,0.45457,0.000305178,1
sf,27,3.30,6,2.40,1.94775e+08,8.076e+07,0.41463,0.000337222,1
sf,27,3.30,6,2.70,2.19455e+08,8.226667e+07,0.37487,0.00037099,0
sf,27,3.30,7,0.90,1.51904e+08,1.0863e+08,0.71512,0.000270914,1
sf,27,3.30,7,1.20,1.84493e+08,1.148533e+08,0.62253,0.00031555,1
sf,27,3.30,7,1.50,2.20816e+08,1.244867e+08,0.56376,0.000364005,0
sf,27,3.30,7,1.80,2.59185e+08,1.300817e+08,0.50189,0.000411732,0
sf,27,3.30,7,2.10,2.98865e+08,1.3344e+08,0.44649,0.000462508,0
sf,27,3.30,7,2.40,3.39249e+08,1.349417e+08,0.39777,0.000513133,0
sf,27,3.30,7,2.70,3.7983e+08,1.3527e+08,0.35613,0.000561754,0
sf,27,3.63,0,0.90,3813850,2225833,0.58362,5.69331e-05,0
sf,27,3.63,0,1.20,4481600,2310167,0.51548,6.01583e-05,0
sf,27,3.63,0,1.50,5199950,2430017,0.46732,6.47056e-05,0
sf,27,3.63,0,1.80,5939610,2511983,0.42292,7.32027e-05,0
sf,27,3.63,0,2.10,6707140,2565867,0.38256,7.59002e-05,0
sf,27,3.63,0,2.40,7479130,2580117,0.34498,8.08202e-05,0
sf,27,3.63,0,2.70,8255210,2586933,0.31337,8.60482e-05,0
sf,27,3.63,1,0.90,6094210,3574700,0.58657,6.58351e-05,0
sf,27,3.63,1,1.20,7166620,3725400,0.51983,7.32213e-05,0
sf,27,3.63,1,1.50,8329450,3922067,0.47087,7.90688e-05,0
sf,27,3.63,1,1.80,9519860,4067250,0.42724,8.63366e-05,0
sf,27,3.63,1,2.10,1.07698e+07,4175900,0.38774,9.16005e-05,1
sf,27,3.63,1,2.40,1.20254e+07,4243167,0.35285,0.000100439,1
sf,27,3.63,1,2.70,1.33157e+07,4301000,0.323,0.000109328,1
sf,27,3.63,2,0.90,1.00881e+07,6019333,0.59668,7.42167e-05,1
sf,27,3.63,2,1.20,1.18939e+07,6246500,0.52519,8.31704e-05,1
sf,27,3.63,2,1.50,1.3836e+07,6596000,0.47673,8.97001e-05,1
sf,27,3.63,2,1.80,1.58515e+07,6842833,0.43168,9.93527e-05,1
sf,27,3.63,2,2.10,1.79417e+07,7045833,0.39271,0.000105619,1
sf,27,3.63,2,2.40,2.0079e+07,7098167,0.35351,0.000115972,1
sf,27,3.63,2,2.70,2.22006e+07,7072000,0.31855,0.000124782,1
sf,27,3.63,3,0.90,1.62477e+07,9820000,0.60439,9.32508e-05,1
sf,27,3.63,3,1.20,1.91937e+07,1.0256e+07,0.53434,0.000104306,1
sf,27,3.63,3,1.50,2.24013e+07,1.090383e+07,0.48675,0.000115631,1
sf,27,3.63,3,1.80,2.5736e+07,1.135933e+07,0.44138,0.000126991,1
sf,27,3.63,3,2.10,2.92169e+07,1.1642e+07,0.39847,0.000140779,1
sf,27,3.63,3,2.40,3.27212e+07,1.188433e+07,0.3632,0.000154007,1
sf,27,3.63,3,2.70,3.63475e+07,1.208767e+07,0.33256,0.000166095,1
sf,27,3.63,4,0.90,2.75837e+07,1.693267e+07,0.61386,0.00010339,1
sf,27,3.63,4,1.20,3.26635e+07,1.76815e+07,0.54132,0.000116623,1
sf,27,3.63,4,1.50,3.81926e+07,1.890117e+07,0.49489,0.000130095,1
sf,27,3.63,4,1.80,4.40042e+07,1.986133e+07,0.45135,0.000143871,1
sf,27,3.63,4,2.10,5.01094e+07,2.0527e+07,0.40964,0.000158445,1
sf,27,3.63,4,2.40,5.63204e+07,2.100867e+07,0.37302,0.000173343,1
sf,27,3.63,4,2.70,6.27146e+07,2.1314e+07,0.33986,0.00018769,1
sf,27,3.63,5,0.90,4.51445e+07,2.868567e+07,0.63542,0.000138695,1
sf,27,3.63,5,1.20,5.37502e+07,3.0082e+07,0.55966,0.000159009,1
sf,27,3.63,5,1.50,6.31937e+07,3.236067e+07,0.51209,0.000177667,1
sf,27,3.63,5,1.80,7.31666e+07,3.409083e+07,0.46593,0.000199608,1
sf,27,3.63,5,2.10,8.36482e+07,3.5325e+07,0.4223,0.00022075,1
sf,27,3.63,5,2.40,9.43616e+07,3.6978e+07,0.39188,0.000242778,1
sf,27,3.63,5,2.70,1.05835e+08,3.824467e+07,0.36136,0.00026591,1
sf,27,3.63,6,0.90,7.78948e+07,5.1374e+07,0.65953,0.000194585,1
sf,27,3.63,6,1.20,9.3307e+07,5.4222e+07,0.58111,0.000220858,1
sf,27,3.63,6,1.50,1.10428e+08,5.914833e+07,0.53563,0.000252619,1
sf,27,3.63,6,1.80,1.28796e+08,6.266667e+07,0.48656,0.000286135,1
sf,27,3.63,6,2.10,1.48028e+08,6.585e+07,0.44485,0.000318105,1
sf,27,3.63,6,2.40,1.68306e+08,6.908333e+07,0.41046,0.000352857,1
sf,27,3.63,6,2.70,1.89478e+08,7.057333e+07,0.37246,0.0003855,1
sf,27,3.63,7,0.90,1.32328e+08,9.192e+07,0.69464,0.000284319,1
sf,27,3.63,7,1.20,1.59904e+08,9.753833e+07,0.60998,0.000329322,1
sf,27,3.63,7,1.50,1.90851e+08,1.068967e+08,0.56011,0.00037744,1
sf,27,3.63,7,1.80,2.24042e+08,1.133283e+08,0.50584,0.000429741,0
sf,27,3.63,7,2.10,2.58848e+08,1.177833e+08,0.45503,0.000480386,0
sf,27,3.63,7,2.40,2.94712e+08,1.214983e+08,0.41226,0.000533181,0
sf,27,3.63,7,2.70,3.31747e+08,1.2345e+08,0.37212,0.000587887,0
sf,125,2.97,0,0.90,4872060,2930000,0.60139,6.26045e-05,0
sf,125,2.97,0,1.20,5751060,3025317,0.52605,6.75233e-05,0
sf,125,2.97,0,1.50,6687250,3190050,0.47703,7.37585e-05,0
sf,125,2.97,0,1.80,7665090,3313617,0.4323,7.77673e-05,0
sf,125,2.97,0,2.10,8675420,3412017,0.3933,8.37426e-05,0
sf,125,2.97,0,2.40,9712300,3457300,0.35597,8.98544e-05,0
sf,125,2.97,0,2.70,1.07498e+07,3458333,0.32171,9.63479e-05,1
sf,125,2.97,1,0.90,7968790,4820867,0.60497,7.23179e-05,0
sf,125,2.97,1,1.20,9415050,4998017,0.53085,7.95017e-05,0
sf,125,2.97,1,1.50,1.09676e+07,5319250,0.485,8.70292e-05,1
sf,125,2.97,1,1.80,1.26066e+07,5533833,0.43896,9.36495e-05,1
sf,125,2.97,1,2.10,1.42879e+07,5639667,0.39472,0.000102082,1
sf,125,2.97,1,2.40,1.59904e+07,5794333,0.36236,0.000110087,1
sf,125,2.97,1,2.70,1.77645e+07,5913667,0.33289,0.000117815,1
sf,125,2.97,2,0.90,1.3289e+07,8191333,0.6164,8.06648e-05,1
sf,125,2.97,2,1.20,1.57464e+07,8550333,0.543,8.87922e-05,1
sf,125,2.97,2,1.50,1.84192e+07,9117667,0.49501,9.7869e-05,1
sf,125,2.97,2,1.80,2.1217e+07,9498833,0.4477,0.000106808,1
sf,125,2.97,2,2.10,2.41185e+07,9855833,0.40864,0.00011574,1
sf,125,2.97,2,2.40,2.71305e+07,1.013583e+07,0.3736,0.000125841,1
sf,125,2.97,2,2.70,3.02e+07,1.023167e+07,0.3388,0.00013479,1
sf,125,2.97,3,0.90,2.20839e+07,1.3901e+07,0.62946,0.000101785,1
sf,125,2.97,3,1.20,2.62542e+07,1.455333e+07,0.55432,0.000113936,1
sf,125,2.97,3,1.50,3.08159e+07,1.56095e+07,0.50654,0.000126232,1
sf,125,2.97,3,1.80,3.56199e+07,1.638783e+07,0.46008,0.000139411,1
sf,125,2.97,3,2.10,4.06486e+07,1.701017e+07,0.41847,0.000154052,1
sf,125,2.97,3,2.40,4.5826e+07,1.776883e+07,0.38775,0.00016805,1
sf,125,2.97,3,2.70,5.13099e+07,1.827967e+07,0.35626,0.000181444,1
sf,125,2.97,4,0.90,3.9127e+07,2.529933e+07,0.6466,0.000113635,1
sf,125,2.97,4,1.20,4.67168e+07,2.659117e+07,0.5692,0.000126967,1
sf,125,2.97,4,1.50,5.50817e+07,2.88265e+07,0.52334,0.000142215,1
sf,125,2.97,4,1.80,6.40127e+07,3.050917e+07,0.47661,0.000156221,1
sf,125,2.97,4,2.10,7.33872e+07,3.190083e+07,0.43469,0.000172619,1
sf,125,2.97,4,2.40,8.31532e+07,3.307033e+07,0.3977,0.000188969,1
sf,125,2.97,4,2.70,9.32294e+07,3.358733e+07,0.36027,0.000205324,1
sf,125,2.97,5,0.90,6.67315e+07,4.5196e+07,0.67728,0.000153807,1
sf,125,2.97,5,1.20,8.02903e+07,4.765683e+07,0.59356,0.000176125,1
sf,125,2.97,5,1.50,9.53256e+07,5.185117e+07,0.54394,0.000197646,1
sf,125,2.97,5,1.80,1.11401e+08,5.498067e+07,0.49354,0.000221749,1
sf,125,2.97,5,2.10,1.28314e+08,5.757667e+07,0.44872,0.000244402,1
sf,125,2.97,5,2.40,1.45947e+08,5.955e+07,0.40802,0.000270238,1
sf,125,2.97,5,2.70,1.64044e+08,6.032333e+07,0.36773,0.000295059,1
sf,125,2.97,6,0.90,1.1835e+08,8.302e+07,0.70148,0.000214367,1
sf,125,2.97,6,1.20,1.43256e+08,8.713e+07,0.60821,0.000244693,1
sf,125,2.97,6,1.50,1.70628e+08,9.353e+07,0.54815,0.000281398,1
sf,125,2.97,6,1.80,1.99374e+08,9.71e+07,0.48702,0.000313739,1
sf,125,2.97,6,2.10,2.28888e+08,9.919e+07,0.43336,0.000348917,0
sf,125,2.97,6,2.40,2.58888e+08,1.000183e+08,0.38634,0.00038599,0
sf,125,2.97,6,2.70,2.88899e+08,1.000367e+08,0.34627,0.000421525,0
sf,125,2.97,7,0.90,2.08132e+08,1.406067e+08,0.67556,0.000317851,0
sf,125,2.97,7,1.20,2.50314e+08,1.44655e+08,0.57789,0.000367905,0
sf,125,2.97,7,1.50,2.94925e+08,1.492883e+08,0.50619,0.000416012,0
sf,125,2.97,7,1.80,3.39887e+08,1.48995e+08,0.43837,0.000468412,0
sf,125,2.97,7,2.10,3.84322e+08,1.4563e+08,0.37893,0.000520183,0
sf,125,2.97,7,2.40,4.27265e+08,1.402633e+08,0.32828,0.000571856,0
sf,125,2.97,7,2.70,4.6848e+08,1.373833e+08,0.29325,0.000620045,0
sf,125,3.30,0,0.90,4440190,2580300,0.58112,6.74363e-05,0
sf,125,3.30,0,1.20,5214280,2674850,0.51299,7.15796e-05,0
sf,125,3.30,0,1.50,6045100,2842150,0.47016,7.67528e-05,0
sf,125,3.30,0,1.80,6919570,2931717,0.42368,8.28473e-05,0
sf,125,3.30,0,2.10,7804130,2983200,0.38226,8.81252e-05,0
sf,125,3.30,0,2.40,8709490,3046050,0.34974,9.39229e-05,0
sf,125,3.30,0,2.70,9631760,3074233,0.31918,9.95542e-05,0
sf,125,3.30,1,0.90,7190820,4245633,0.59042,7.74093e-05,0
sf,125,3.30,1,1.20,8464510,4410233,0.52103,8.44473e-05,0
sf,125,3.30,1,1.50,9836960,4643817,0.47208,9.18623e-05,0
sf,125,3.30,1,1.80,1.12508e+07,4794567,0.42615,9.84581e-05,1
sf,125,3.30,1,2.10,1.27137e+07,4965500,0.39056,0.000107074,1
sf,125,3.30,1,2.40,1.42301e+07,5080500,0.35702,0.000115707,1
sf,125,3.30,1,2.70,1.5762e+07,5106333,0.32396,0.000123183,1
sf,125,3.30,2,0.90,1.19238e+07,7129667,0.59794,8.56998e-05,1
sf,125,3.30,2,1.20,1.40627e+07,7447167,0.52957,9.41692e-05,1
sf,125,3.30,2,1.50,1.63921e+07,7906500,0.48234,0.000103881,1
sf,125,3.30,2,1.80,1.88066e+07,8221333,0.43715,0.000112441,1
sf,125,3.30,2,2.10,2.13249e+07,8491667,0.3982,0.000121799,1
sf,125,3.30,2,2.40,2.39016e+07,8649333,0.36187,0.000131937,1
sf,125,3.30,2,2.70,2.65145e+07,8709667,0.32849,0.000142055,1
sf,125,3.30,3,0.90,1.95883e+07,1.195267e+07,0.61019,0.000107662,1
sf,125,3.30,3,1.20,2.31741e+07,1.249167e+07,0.53904,0.000119924,1
sf,125,3.30,3,1.50,2.70833e+07,1.336e+07,0.49329,0.000133627,1
sf,125,3.30,3,1.80,3.11901e+07,1.396467e+07,0.44773,0.000146296,1
sf,125,3.30,3,2.10,3.54621e+07,1.448667e+07,0.40851,0.000159614,1
sf,125,3.30,3,2.40,3.98821e+07,1.488717e+07,0.37328,0.000175124,1
sf,125,3.30,3,2.70,4.43944e+07,1.5041e+07,0.3388,0.000188301,1
sf,125,3.30,4,0.90,3.44205e+07,2.1516e+07,0.62509,0.000118434,1
sf,125,3.30,4,1.20,4.08753e+07,2.24785e+07,0.54993,0.000132831,1
sf,125,3.30,4,1.50,4.79076e+07,2.417717e+07,0.50466,0.000149503,1
sf,125,3.30,4,1.80,5.53816e+07,2.545367e+07,0.45961,0.000165825,1
sf,125,3.30,4,2.10,6.31798e+07,2.644983e+07,0.41864,0.000179704,1
sf,125,3.30,4,2.40,7.12515e+07,2.74825e+07,0.38571,0.000197029,1
sf,125,3.30,4,2.70,7.96693e+07,2.805933e+07,0.3522,0.00021242,1
sf,125,3.30,5,0.90,5.7818e+07,3.7579e+07,0.64995,0.000162223,1
sf,125,3.30,5,1.20,6.90917e+07,3.950983e+07,0.57185,0.000182951,1
sf,125,3.30,5,1.50,8.15239e+07,4.288167e+07,0.526,0.000207367,1
sf,125,3.30,5,1.80,9.48207e+07,4.544517e+07,0.47927,0.00022933,1
sf,125,3.30,5,2.10,1.08791e+08,4.773383e+07,0.43877,0.000255039,1
sf,125,3.30,5,2.40,1.23461e+08,4.988167e+07,0.40403,0.000278573,1
sf,125,3.30,5,2.70,1.3872e+08,5.086333e+07,0.36666,0.000304942,1
sf,125,3.30,6,0.90,1.01201e+08,6.941667e+07,0.68593,0.000225189,1
sf,125,3.30,6,1.20,1.22026e+08,7.322e+07,0.60004,0.000256369,1
sf,125,3.30,6,1.50,1.45133e+08,7.958667e+07,0.54837,0.000289527,1
sf,125,3.30,6,1.80,1.69778e+08,8.4115e+07,0.49544,0.000327601,1
sf,125,3.30,6,2.10,1.95602e+08,8.7305e+07,0.44634,0.000363202,1
sf,125,3.30,6,2.40,2.22161e+08,8.969e+07,0.40372,0.000399297,0
sf,125,3.30,6,2.70,2.49416e+08,9.085e+07,0.36425,0.000436119,0
sf,125,3.30,7,0.90,1.77835e+08,1.238933e+08,0.69668,0.000333104,1
sf,125,3.30,7,1.20,2.15003e+08,1.291517e+08,0.6007,0.000381786,0
sf,125,3.30,7,1.50,2.55326e+08,1.369733e+08,0.53646,0.000435687,0
sf,125,3.30,7,1.80,2.97187e+08,1.405417e+08,0.47291,0.00049098,0
sf,125,3.30,7,2.10,3.39651e+08,1.411967e+08,0.41571,0.000542251,0
sf,125,3.30,7,2.40,3.81905e+08,1.39845e+08,0.36618,0.000600611,0
sf,125,3.30,7,2.70,4.23558e+08,1.388433e+08,0.3278,0.000651787,0
sf,125,3.63,0,0.90,4144850,2345667,0.56592,7.15186e-05,0
sf,125,3.63,0,1.20,4848550,2440917,0.50343,7.53455e-05,0
sf,125,3.63,0,1.50,5609400,2560467,0.45646,8.36302e-05,0
sf,125,3.63,0,1.80,6384830,2633567,0.41247,8.87639e-05,0
sf,125,3.63,0,2.10,7189540,2697433,0.37519,9.47323e-05,0
sf,125,3.63,0,2.40,8003290,2741167,0.3425,0.000100916,0
sf,125,3.63,0,2.70,8834240,2769833,0.31353,0.00010508,0
sf,125,3.63,1,0.90,6654960,3821667,0.57426,8.17789e-05,0
sf,125,3.63,1,1.20,7801460,3955700,0.50705,9.00108e-05,0
sf,125,3.63,1,1.50,9028380,4168400,0.4617,9.69891e-05,0
sf,125,3.63,1,1.80,1.03025e+07,4315367,0.41887,0.000103717,1
sf,125,3.63,1,2.10,1.16176e+07,4432500,0.38153,0.000112608,1
sf,125,3.63,1,2.40,1.2962e+07,4499333,0.34712,0.000122076,1
sf,125,3.63,1,2.70,1.43172e+07,4517333,0.31552,0.000129607,1
sf,125,3.63,2,0.90,1.09763e+07,6386000,0.5818,9.19259e-05,1
sf,125,3.63,2,1.20,1.28921e+07,6626333,0.51398,9.99831e-05,1
sf,125,3.63,2,1.50,1.49521e+07,7012500,0.469,0.000109112,1
sf,125,3.63,2,1.80,1.70996e+07,7306167,0.42727,0.000118741,1
sf,125,3.63,2,2.10,1.93358e+07,7537500,0.38982,0.000129544,1
sf,125,3.63,2,2.40,2.16221e+07,7636000,0.35316,0.000139727,1
sf,125,3.63,2,2.70,2.39174e+07,7651000,0.31989,0.000149368,1
sf,125,3.63,3,0.90,1.78534e+07,1.0648e+07,0.59641,0.000115541,1
sf,125,3.63,3,1.20,2.10478e+07,1.1054e+07,0.52519,0.000126835,1
sf,125,3.63,3,1.50,2.44858e+07,1.17295e+07,0.47903,0.000139475,1
sf,125,3.63,3,1.80,2.80855e+07,1.216833e+07,0.43326,0.000152556,1
sf,125,3.63,3,2.10,3.17868e+07,1.259467e+07,0.39622,0.000168872,1
sf,125,3.63,3,2.40,3.56423e+07,1.304983e+07,0.36613,0.000182449,1
sf,125,3.63,3,2.70,3.96167e+07,1.3248e+07,0.3344,0.000196627,1
sf,125,3.63,4,0.90,3.12293e+07,1.884767e+07,0.60353,0.000128043,1
sf,125,3.63,4,1.20,3.68836e+07,1.969317e+07,0.53393,0.000141829,1
sf,125,3.63,4,1.50,4.30452e+07,2.1012e+07,0.48814,0.00015749,1
sf,125,3.63,4,1.80,4.94908e+07,2.198767e+07,0.44428,0.00017464,1
sf,125,3.63,4,2.10,5.62378e+07,2.28265e+07,0.40589,0.000189551,1
sf,125,3.63,4,2.40,6.31867e+07,2.360883e+07,0.37364,0.000208062,1
sf,125,3.63,4,2.70,7.04031e+07,2.405467e+07,0.34167,0.000223769,1
sf,125,3.63,5,0.90,5.17636e+07,3.239667e+07,0.62586,0.000170778,1
sf,125,3.63,5,1.20,6.14826e+07,3.3979e+07,0.55266,0.00019192,1
sf,125,3.63,5,1.50,7.2151e+07,3.665283e+07,0.508,0.000217012,1
sf,125,3.63,5,1.80,8.34743e+07,3.875767e+07,0.46431,0.000238799,1
sf,125,3.63,5,2.10,9.54056e+07,4.04495e+07,0.42397,0.000264183,1
sf,125,3.63,5,2.40,1.07744e+08,4.2139e+07,0.3911,0.000289646,1
sf,125,3.63,5,2.70,1.20689e+08,4.315e+07,0.35753,0.000316006,1
sf,125,3.63,6,0.90,8.95156e+07,5.906467e+07,0.65983,0.000236309,1
sf,125,3.63,6,1.20,1.07235e+08,6.2334e+07,0.58128,0.000268052,1
sf,125,3.63,6,1.50,1.26916e+08,6.797667e+07,0.5356,0.000301545,1
sf,125,3.63,6,1.80,1.48021e+08,7.222667e+07,0.48795,0.000341776,1
sf,125,3.63,6,2.10,1.70252e+08,7.568833e+07,0.44457,0.000376984,1
sf,125,3.63,6,2.40,1.93434e+08,7.865833e+07,0.40664,0.00041524,1
sf,125,3.63,6,2.70,2.17447e+08,8.004333e+07,0.36811,0.000455222,0
sf,125,3.63,7,0.90,1.5543e+08,1.074067e+08,0.69103,0.000347719,1
sf,125,3.63,7,1.20,1.87652e+08,1.128867e+08,0.60157,0.000397417,1
sf,125,3.63,7,1.50,2.23162e+08,1.216933e+08,0.54531,0.00045372,0
sf,125,3.63,7,1.80,2.60668e+08,1.272217e+08,0.48806,0.000509607,0
sf,125,3.63,7,2.10,2.99495e+08,1.30555e+08,0.43592,0.000564173,0
sf,125,3.63,7,2.40,3.39001e+08,1.320933e+08,0.38965,0.000622241,0
sf,125,3.63,7,2.70,3.78751e+08,1.325e+08,0.34983,0.000682342,0
ss,-40,2.97,0,0.90,4522980,2721600,0.60173,3.57379e-05,0
ss,-40,2.97,0,1.20,5339460,2903600,0.5438,3.87025e-05,0
ss,-40,2.97,0,1.50,6265140,3152317,0.50315,4.32113e-05,0
ss,-40,2.97,0,1.80,7230850,3230750,0.4468,4.70348e-05,0
ss,-40,2.97,0,2.10,8203590,3332967,0.40628,5.20241e-05,0
ss,-40,2.97,0,2.40,9230630,3471517,0.37609,5.63779e-05,0
ss,-40,2.97,0,2.70,1.02865e+07,3519567,0.34215,6.12228e-05,1
ss,-40,2.97,1,0.90,7413480,4546633,0.61329,4.29524e-05,0
ss,-40,2.97,1,1.20,8777470,4827867,0.55003,4.78787e-05,0
ss,-40,2.97,1,1.50,1.03102e+07,5218883,0.50619,5.27474e-05,1
ss,-40,2.97,1,1.80,1.19088e+07,5458167,0.45833,5.85024e-05,1
ss,-40,2.97,1,2.10,1.35851e+07,5658500,0.41652,6.55336e-05,1
ss,-40,2.97,1,2.40,1.53039e+07,5808833,0.37957,7.17971e-05,1
ss,-40,2.97,1,2.70,1.70704e+07,5888333,0.34494,7.71689e-05,1
ss,-40,2.97,2,0.90,1.26884e+07,7899333,0.62256,4.92175e-05,1
ss,-40,2.97,2,1.20,1.50582e+07,8374333,0.55613,5.55569e-05,1
ss,-40,2.97,2,1.50,1.7713e+07,9060167,0.5115,6.16811e-05,1
ss,-40,2.97,2,1.80,2.04943e+07,9655833,0.47115,6.87153e-05,1
ss,-40,2.97,2,2.10,2.35065e+07,9952500,0.42339,7.61968e-05,1
ss,-40,2.97,2,2.40,2.64658e+07,1.022467e+07,0.38634,8.32127e-05,1
ss,-40,2.97,2,2.70,2.96413e+07,1.0585e+07,0.3571,9.12048e-05,1
ss,-40,2.97,3,0.90,2.10807e+07,1.3356e+07,0.63357,6.45e-05,1
ss,-40,2.97,3,1.20,2.50875e+07,1.42485e+07,0.56795,7.29444e-05,1
ss,-40,2.97,3,1.50,2.96298e+07,1.5498e+07,0.52305,8.28882e-05,1
ss,-40,2.97,3,1.80,3.43863e+07,1.632867e+07,0.47486,9.34543e-05,1
ss,-40,2.97,3,2.10,3.9427e+07,1.713583e+07,0.43462,0.000103645,1
ss,-40,2.97,3,2.40,4.46678e+07,1.755083e+07,0.39292,0.000114319,1
ss,-40,2.97,3,2.70,4.99575e+07,1.763233e+07,0.35295,0.000125325,1
ss,-40,2.97,4,0.90,3.56793e+07,2.299833e+07,0.64458,7.06407e-05,1
ss,-40,2.97,4,1.20,4.25788e+07,2.4534e+07,0.5762,8.01093e-05,1
ss,-40,2.97,4,1.50,5.03997e+07,2.701217e+07,0.53596,9.17456e-05,1
ss,-40,2.97,4,1.80,5.87861e+07,2.850333e+07,0.48487,0.000103554,1
ss,-40,2.97,4,2.10,6.75017e+07,2.949517e+07,0.43695,0.000115692,1
ss,-40,2.97,4,2.40,7.64832e+07,3.03195e+07,0.39642,0.000127634,1
ss,-40,2.97,4,2.70,8.56934e+07,3.070067e+07,0.35826,0.000140749,1
ss,-40,2.97,5,0.90,6.04264e+07,3.984567e+07,0.65941,9.89722e-05,1
ss,-40,2.97,5,1.20,7.23801e+07,4.2453e+07,0.58653,0.000114584,1
ss,-40,2.97,5,1.50,8.58982e+07,4.640483e+07,0.54023,0.000131436,1
ss,-40,2.97,5,1.80,1.00223e+08,4.878633e+07,0.48678,0.000148034,1
ss,-40,2.97,5,2.10,1.1517e+08,4.996833e+07,0.43387,0.000167625,1
ss,-40,2.97,5,2.40,1.30204e+08,5.100833e+07,0.39176,0.000184499,1
ss,-40,2.97,5,2.70,1.45775e+08,5.190333e+07,0.35605,0.00020364,1
ss,-40,2.97,6,0.90,1.07118e+08,6.971333e+07,0.65081,0.000143193,1
ss,-40,2.97,6,1.20,1.28032e+08,7.374333e+07,0.57598,0.000166009,1
ss,-40,2.97,6,1.50,1.51364e+08,7.941e+07,0.52463,0.000192067,1
ss,-40,2.97,6,1.80,1.75678e+08,8.178667e+07,0.46555,0.00021743,1
ss,-40,2.97,6,2.10,2.00436e+08,8.280333e+07,0.41312,0.000244341,0
ss,-40,2.97,6,2.40,2.2536e+08,8.326667e+07,0.36948,0.000270861,0
ss,-40,2.97,6,2.70,2.50396e+08,8.345333e+07,0.33329,0.00029844,0
ss,-40,2.97,7,0.90,1.80597e+08,1.123067e+08,0.62186,0.000216533,1
ss,-40,2.97,7,1.20,2.14289e+08,1.17615e+08,0.54886,0.000252122,0
ss,-40,2.97,7,1.50,2.51166e+08,1.240083e+08,0.49373,0.000290269,0
ss,-40,2.97,7,1.80,2.88694e+08,1.247833e+08,0.43223,0.000329224,0
ss,-40,2.97,7,2.10,3.26036e+08,1.237983e+08,0.37971,0.000368703,0
ss,-40,2.97,7,2.40,3.62973e+08,1.2207e+08,0.33631,0.000409691,0
ss,-40,2.97,7,2.70,3.99278e+08,1.210167e+08,0.30309,0.000447782,0
ss,-40,3.30,0,0.90,4008650,2367000,0.59047,3.9115e-05,0
ss,-40,3.30,0,1.20,4718750,2472450,0.52396,4.23936e-05,0
ss,-40,3.30,0,1.50,5492120,2659517,0.48424,4.64798e-05,0
ss,-40,3.30,0,1.80,6314460,2746683,0.43498,5.24261e-05,0
ss,-40,3.30,0,2.10,7140130,2823500,0.39544,5.51109e-05,0
ss,-40,3.30,0,2.40,8008560,2889383,0.36079,6.06092e-05,0
ss,-40,3.30,0,2.70,8873760,2884000,0.325,6.41043e-05,0
ss,-40,3.30,1,0.90,6487180,3797900,0.58545,4.63956e-05,0
ss,-40,3.30,1,1.20,7626550,4017650,0.5268,5.15042e-05,0
ss,-40,3.30,1,1.50,8897770,4362750,0.49032,5.69709e-05,0
ss,-40,3.30,1,1.80,1.02442e+07,4518217,0.44105,6.38113e-05,1
ss,-40,3.30,1,2.10,1.16087e+07,4686000,0.40366,6.89573e-05,1
ss,-40,3.30,1,2.40,1.30558e+07,4750333,0.36385,7.57612e-05,1
ss,-40,3.30,1,2.70,1.44589e+07,4677000,0.32347,8.13053e-05,1
ss,-40,3.30,2,0.90,1.09696e+07,6506000,0.59309,5.34138e-05,1
ss,-40,3.30,2,1.20,1.29214e+07,6879833,0.53244,5.92234e-05,1
ss,-40,3.30,2,1.50,1.50975e+07,7449333,0.49342,6.57497e-05,1
ss,-40,3.30,2,1.80,1.7391e+07,7831833,0.45034,7.22624e-05,1
ss,-40,3.30,2,2.10,1.97966e+07,8043333,0.4063,8.07998e-05,1
ss,-40,3.30,2,2.40,2.2217e+07,8242667,0.37101,8.73773e-05,1
ss,-40,3.30,2,2.70,2.47422e+07,8417333,0.3402,9.62535e-05,1
ss,-40,3.30,3,0.90,1.7913e+07,1.0864e+07,0.60649,6.81292e-05,1
ss,-40,3.30,3,1.20,2.11722e+07,1.154967e+07,0.54551,7.71283e-05,1
ss,-40,3.30,3,1.50,2.48428e+07,1.2532e+07,0.50445,8.76129e-05,1
ss,-40,3.30,3,1.80,2.86914e+07,1.324283e+07,0.46156,9.84764e-05,1
ss,-40,3.30,3,2.10,3.27885e+07,1.363533e+07,0.41586,0.000108498,1
ss,-40,3.30,3,2.40,3.68726e+07,1.4128e+07,0.38316,0.000121084,1
ss,-40,3.30,3,2.70,4.12653e+07,1.464233e+07,0.35483,0.000131194,1
ss,-40,3.30,4,0.90,3.00037e+07,1.8572e+07,0.61899,7.60296e-05,1
ss,-40,3.30,4,1.20,3.55753e+07,1.986317e+07,0.55834,8.63887e-05,1
ss,-40,3.30,4,1.50,4.19216e+07,2.1861e+07,0.52147,9.70083e-05,1
ss,-40,3.30,4,1.80,4.86919e+07,2.292217e+07,0.47076,0.00011016,1
ss,-40,3.30,4,2.10,5.56749e+07,2.377883e+07,0.4271,0.000121442,1
ss,-40,3.30,4,2.40,6.29592e+07,2.463167e+07,0.39123,0.000133106,1
ss,-40,3.30,4,2.70,7.04539e+07,2.498233e+07,0.35459,0.000147083,1
ss,-40,3.30,5,0.90,5.00663e+07,3.230633e+07,0.64527,0.000105522,1
ss,-40,3.30,5,1.20,5.97582e+07,3.427083e+07,0.57349,0.000120785,1
ss,-40,3.30,5,1.50,7.06288e+07,3.7588e+07,0.53219,0.000138032,1
ss,-40,3.30,5,1.80,8.2311e+07,4.00415e+07,0.48647,0.000156218,1
ss,-40,3.30,5,2.10,9.46537e+07,4.203333e+07,0.44407,0.000174861,1
ss,-40,3.30,5,2.40,1.07531e+08,4.32105e+07,0.40184,0.00019452,1
ss,-40,3.30,5,2.70,1.2058e+08,4.349667e+07,0.36073,0.000214778,1
ss,-40,3.30,6,0.90,8.87382e+07,5.8636e+07,0.66078,0.000151405,1
ss,-40,3.30,6,1.20,1.06329e+08,6.261133e+07,0.58885,0.000175385,1
ss,-40,3.30,6,1.50,1.26305e+08,6.865333e+07,0.54355,0.000201707,1
ss,-40,3.30,6,1.80,1.47521e+08,7.1965e+07,0.48783,0.00022813,1
ss,-40,3.30,6,2.10,1.69484e+08,7.450167e+07,0.43958,0.000256684,1
ss,-40,3.30,6,2.40,1.92222e+08,7.635833e+07,0.39724,0.000284645,1
ss,-40,3.30,6,2.70,2.15299e+08,7.692333e+07,0.35729,0.000313086,0
ss,-40,3.30,7,0.90,1.52077e+08,1.0108e+08,0.66466,0.000228193,1
ss,-40,3.30,7,1.20,1.82401e+08,1.066433e+08,0.58466,0.000265239,1
ss,-40,3.30,7,1.50,2.16063e+08,1.1518e+08,0.53309,0.000305526,0
ss,-40,3.30,7,1.80,2.51509e+08,1.18605e+08,0.47157,0.000348784,0
ss,-40,3.30,7,2.10,2.87226e+08,1.198133e+08,0.41714,0.000390304,0
ss,-40,3.30,7,2.40,3.23397e+08,1.203567e+08,0.37216,0.000433863,0
ss,-40,3.30,7,2.70,3.5944e+08,1.201433e+08,0.33425,0.00047638,0
ss,-40,3.63,0,0.90,3690060,2092333,0.56702,4.31162e-05,0
ss,-40,3.63,0,1.20,4317760,2201867,0.50996,4.6467e-05,0
ss,-40,3.63,0,1.50,5011180,2365817,0.47211,5.19079e-05,0
ss,-40,3.63,0,1.80,5737250,2439817,0.42526,5.54196e-05,0
ss,-40,3.63,0,2.10,6475070,2494783,0.38529,6.03697e-05,0
ss,-40,3.63,0,2.40,7234120,2517433,0.34799,6.38832e-05,0
ss,-40,3.63,0,2.70,7985530,2504700,0.31365,6.86894e-05,0
ss,-40,3.63,1,0.90,5904500,3356600,0.56848,5.08854e-05,0
ss,-40,3.63,1,1.20,6911480,3547900,0.51333,5.54892e-05,0
ss,-40,3.63,1,1.50,8033240,3828183,0.47654,6.14711e-05,0
ss,-40,3.63,1,1.80,9208390,3955433,0.42955,6.7827e-05,0
ss,-40,3.63,1,2.10,1.04065e+07,4002017,0.38457,7.34802e-05,1
ss,-40,3.63,1,2.40,1.16096e+07,4115500,0.35449,8.01323e-05,1
ss,-40,3.63,1,2.70,1.28758e+07,4220667,0.3278,8.73977e-05,1
ss,-40,3.63,2,0.90,9892000,5749667,0.58124,5.7624e-05,0
ss,-40,3.63,2,1.20,1.16169e+07,6027167,0.51883,6.44148e-05,1
ss,-40,3.63,2,1.50,1.35083e+07,6471667,0.47909,7.04508e-05,1
ss,-40,3.63,2,1.80,1.54999e+07,6699667,0.43224,7.89271e-05,1
ss,-40,3.63,2,2.10,1.75281e+07,6930833,0.39541,8.63235e-05,1
ss,-40,3.63,2,2.40,1.96584e+07,7035833,0.3579,9.31158e-05,1
ss,-40,3.63,2,2.70,2.17496e+07,6970667,0.3205,0.000102295,1
ss,-40,3.63,3,0.90,1.59494e+07,9319333,0.58431,7.42804e-05,1
ss,-40,3.63,3,1.20,1.87452e+07,9885500,0.52736,8.28795e-05,1
ss,-40,3.63,3,1.50,2.18807e+07,1.075633e+07,0.49159,9.27423e-05,1
ss,-40,3.63,3,1.80,2.5199e+07,1.120433e+07,0.44463,0.00010435,1
ss,-40,3.63,3,2.10,2.86033e+07,1.15295e+07,0.40308,0.000114953,1
ss,-40,3.63,3,2.40,3.21167e+07,1.176583e+07,0.36635,0.000127075,1
ss,-40,3.63,3,2.70,3.56628e+07,1.182033e+07,0.33145,0.000137943,1
ss,-40,3.63,4,0.90,2.65218e+07,1.591867e+07,0.60021,8.33928e-05,1
ss,-40,3.63,4,1.20,3.12974e+07,1.682233e+07,0.5375,9.35994e-05,1
ss,-40,3.63,4,1.50,3.66152e+07,1.830517e+07,0.49993,0.000104175,1
ss,-40,3.63,4,1.80,4.22805e+07,1.916333e+07,0.45324,0.000116919,1
ss,-40,3.63,4,2.10,4.81132e+07,2.00285e+07,0.41628,0.000129493,1
ss,-40,3.63,4,2.40,5.42976e+07,2.055183e+07,0.3785,0.000142691,1
ss,-40,3.63,4,2.70,6.04443e+07,2.0489e+07,0.33897,0.000155852,1
ss,-40,3.63,5,0.90,4.35795e+07,2.694567e+07,0.61831,0.000113592,1
ss,-40,3.63,5,1.20,5.16632e+07,2.868717e+07,0.55527,0.00012932,1
ss,-40,3.63,5,1.50,6.07918e+07,3.1395e+07,0.51643,0.000145849,1
ss,-40,3.63,5,1.80,7.05002e+07,3.3084e+07,0.46928,0.000164137,1
ss,-40,3.63,5,2.10,8.06422e+07,3.443817e+07,0.42705,0.000184315,1
ss,-40,3.63,5,2.40,9.11631e+07,3.5718e+07,0.3918,0.000202946,1
ss,-40,3.63,5,2.70,1.02073e+08,3.636633e+07,0.35628,0.000223277,1
ss,-40,3.63,6,0.90,7.63112e+07,4.870767e+07,0.63828,0.000159598,1
ss,-40,3.63,6,1.20,9.09235e+07,5.2128e+07,0.57332,0.00018492,1
ss,-40,3.63,6,1.50,1.07588e+08,5.739583e+07,0.53348,0.000211638,1
ss,-40,3.63,6,1.80,1.25361e+08,6.078667e+07,0.48489,0.000239417,1
ss,-40,3.63,6,2.10,1.4406e+08,6.3645e+07,0.4418,0.000268743,1
ss,-40,3.63,6,2.40,1.63548e+08,6.650667e+07,0.40665,0.000296527,1
ss,-40,3.63,6,2.70,1.83964e+08,6.805333e+07,0.36993,0.000328124,1
ss,-40,3.63,7,0.90,1.29464e+08,8.582333e+07,0.66291,0.00023893,1
ss,-40,3.63,7,1.20,1.55211e+08,9.185667e+07,0.59182,0.000277115,1
ss,-40,3.63,7,1.50,1.84578e+08,1.00845e+08,0.54635,0.000318941,1
ss,-40,3.63,7,1.80,2.15718e+08,1.060767e+08,0.49174,0.000361543,0
ss,-40,3.63,7,2.10,2.48224e+08,1.099433e+08,0.44292,0.000408745,0
ss,-40,3.63,7,2.40,2.81684e+08,1.122833e+08,0.39861,0.000453219,0
ss,-40,3.63,7,2.70,3.15594e+08,1.130333e+08,0.35816,0.000497451,0
ss,27,2.97,0,0.90,4788760,2936333,0.61317,4.34747e-05,0
ss,27,2.97,0,1.20,5669660,3068067,0.54114,4.6723e-05,0
ss,27,2.97,0,1.50,6629600,3276933,0.49429,5.20031e-05,0
ss,27,2.97,0,1.80,7635820,3422150,0.44817,5.60269e-05,0
ss,27,2.97,0,2.10,8682890,3559150,0.4099,6.17301e-05,0
ss,27,2.97,0,2.40,9771310,3611683,0.36962,6.65343e-05,0
ss,27,2.97,0,2.70,1.08499e+07,3595300,0.33137,7.18782e-05,1
ss,27,2.97,1,0.90,7870890,4885500,0.6207,5.10089e-05,0
ss,27,2.97,1,1.20,9336540,5108183,0.54712,5.68155e-05,0
ss,27,2.97,1,1.50,1.09358e+07,5508267,0.50369,6.36113e-05,1
ss,27,2.97,1,1.80,1.26415e+07,5762833,0.45587,6.95837e-05,1
ss,27,2.97,1,2.10,1.43935e+07,5939833,0.41267,7.64101e-05,1
ss,27,2.97,1,2.40,1.62054e+07,6114000,0.37728,8.37694e-05,1
ss,27,2.97,1,2.70,1.80619e+07,6188333,0.34262,8.99273e-05,1
ss,27,2.97,2,0.90,1.33459e+07,8360333,0.62643,5.83311e-05,1
ss,27,2.97,2,1.20,1.5854e+07,8871333,0.55956,6.46689e-05,1
ss,27,2.97,2,1.50,1.86687e+07,9590500,0.51372,7.26519e-05,1
ss,27,2.97,2,1.80,2.16083e+07,1.0031e+07,0.46422,8.03524e-05,1
ss,27,2.97,2,2.10,2.46873e+07,1.043767e+07,0.42279,8.84067e-05,1
ss,27,2.97,2,2.40,2.78709e+07,1.0788e+07,0.38707,9.66995e-05,1
ss,27,2.97,2,2.70,3.11601e+07,1.0964e+07,0.35186,0.00010514,1
ss,27,2.97,3,0.90,2.22877e+07,1.4415e+07,0.64677,7.56979e-05,1
ss,27,2.97,3,1.20,2.66122e+07,1.518067e+07,0.57044,8.5302e-05,1
ss,27,2.97,3,1.50,3.13961e+07,1.649867e+07,0.5255,9.64482e-05,1
ss,27,2.97,3,1.80,3.65114e+07,1.74475e+07,0.47786,0.000108254,1
ss,27,2.97,3,2.10,4.18646e+07,1.818633e+07,0.43441,0.000120054,1
ss,27,2.97,3,2.40,4.74232e+07,1.868733e+07,0.39405,0.000132543,1
ss,27,2.97,3,2.70,5.3077e+07,1.8846e+07,0.35507,0.000144109,1
ss,27,2.97,4,0.90,3.87698e+07,2.561133e+07,0.6606,8.33359e-05,1
ss,27,2.97,4,1.20,4.64532e+07,2.711983e+07,0.58381,9.56554e-05,1
ss,27,2.97,4,1.50,5.50417e+07,2.962283e+07,0.53819,0.000108087,1
ss,27,2.97,4,1.80,6.42269e+07,3.118517e+07,0.48555,0.000120742,1
ss,27,2.97,4,2.10,7.37528e+07,3.23425e+07,0.43853,0.000134708,1
ss,27,2.97,4,2.40,8.36324e+07,3.362333e+07,0.40204,0.000148266,1
ss,27,2.97,4,2.70,9.39268e+07,3.431467e+07,0.36533,0.000161478,1
ss,27,2.97,5,0.90,6.62947e+07,4.466467e+07,0.67373,0.000116902,1
ss,27,2.97,5,1.20,7.96941e+07,4.728917e+07,0.59338,0.000134317,1
ss,27,2.97,5,1.50,9.46682e+07,5.141317e+07,0.54309,0.000153192,1
ss,27,2.97,5,1.80,1.10542e+08,5.381467e+07,0.48683,0.00017326,1
ss,27,2.97,5,2.10,1.26957e+08,5.5175e+07,0.4346,0.000194065,1
ss,27,2.97,5,2.40,1.43647e+08,5.6245e+07,0.39155,0.000214637,1
ss,27,2.97,5,2.70,1.60704e+08,5.685667e+07,0.3538,0.000235361,1
ss,27,2.97,6,0.90,1.17217e+08,7.789667e+07,0.66455,0.000166703,1
ss,27,2.97,6,1.20,1.40586e+08,8.150667e+07,0.57976,0.000193382,1
ss,27,2.97,6,1.50,1.66121e+08,8.645e+07,0.5204,0.000220811,1
ss,27,2.97,6,1.80,1.92456e+08,8.835667e+07,0.4591,0.000249522,1
ss,27,2.97,6,2.10,2.19135e+08,8.886167e+07,0.40551,0.00027902,0
ss,27,2.97,6,2.40,2.45773e+08,8.848e+07,0.36001,0.000308957,0
ss,27,2.97,6,2.70,2.72223e+08,8.816667e+07,0.32388,0.000337373,0
ss,27,2.97,7,0.90,1.98456e+08,1.227767e+08,0.61866,0.000248549,1
ss,27,2.97,7,1.20,2.35289e+08,1.265183e+08,0.53771,0.000287857,0
ss,27,2.97,7,1.50,2.74367e+08,1.30475e+08,0.47555,0.000331205,0
ss,27,2.97,7,1.80,3.13574e+08,1.295317e+08,0.41308,0.000374274,0
ss,27,2.97,7,2.10,3.52086e+08,1.268183e+08,0.36019,0.000416908,0
ss,27,2.97,7,2.40,3.89665e+08,1.229017e+08,0.3154,0.000459186,0
ss,27,2.97,7,2.70,4.25827e+08,1.2054e+08,0.28307,0.000501984,0
ss,27,3.30,0,0.90,4262900,2508400,0.58843,4.62162e-05,0
ss,27,3.30,0,1.20,5015420,2633850,0.52515,5.04146e-05,0
ss,27,3.30,0,1.50,5843210,2815183,0.48179,5.46293e-05,0
ss,27,3.30,0,1.80,6704530,2918367,0.43528,6.10617e-05,0
ss,27,3.30,0,2.10,7594230,3004083,0.39557,6.49313e-05,0
ss,27,3.30,0,2.40,8506980,3057800,0.35945,6.9782e-05,0
ss,27,3.30,0,2.70,9428910,3073100,0.32592,7.56797e-05,0
ss,27,3.30,1,0.90,6913800,4144400,0.59944,5.48311e-05,0
ss,27,3.30,1,1.20,8157120,4340533,0.53212,6.12516e-05,0
ss,27,3.30,1,1.50,9518120,4652633,0.48882,6.68732e-05,0
ss,27,3.30,1,1.80,1.09487e+07,4805800,0.43894,7.36987e-05,1
ss,27,3.30,1,2.10,1.24016e+07,4949167,0.39907,7.99698e-05,1
ss,27,3.30,1,2.40,1.39182e+07,5092000,0.36585,8.69878e-05,1
ss,27,3.30,1,2.70,1.54568e+07,5128667,0.33181,9.56304e-05,1
ss,27,3.30,2,0.90,1.16078e+07,7041000,0.60657,6.2629e-05,1
ss,27,3.30,2,1.20,1.37201e+07,7372667,0.53736,6.97001e-05,1
ss,27,3.30,2,1.50,1.60314e+07,7958500,0.49643,7.7044e-05,1
ss,27,3.30,2,1.80,1.84952e+07,8300833,0.44881,8.53679e-05,1
ss,27,3.30,2,2.10,2.10119e+07,8597667,0.40918,9.32736e-05,1
ss,27,3.30,2,2.40,2.36538e+07,8849833,0.37414,0.000101865,1
ss,27,3.30,2,2.70,2.63218e+07,8893333,0.33787,0.000109583,1
ss,27,3.30,3,0.90,1.90737e+07,1.188933e+07,0.62334,8.0614e-05,1
ss,27,3.30,3,1.20,2.26405e+07,1.247217e+07,0.55088,9.07075e-05,1
ss,27,3.30,3,1.50,2.6557e+07,1.345417e+07,0.50661,0.000101325,1
ss,27,3.30,3,1.80,3.0713e+07,1.417917e+07,0.46167,0.000113629,1
ss,27,3.30,3,2.10,3.50645e+07,1.467467e+07,0.4185,0.000126336,1
ss,27,3.30,3,2.40,3.95178e+07,1.522233e+07,0.3852,0.000138852,1
ss,27,3.30,3,2.70,4.41979e+07,1.560033e+07,0.35297,0.000150483,1
ss,27,3.30,4,0.90,3.28189e+07,2.079367e+07,0.63359,8.95115e-05,1
ss,27,3.30,4,1.20,3.9057e+07,2.19975e+07,0.56322,0.000100536,1
ss,27,3.30,4,1.50,4.60174e+07,2.395817e+07,0.52063,0.000113488,1
ss,27,3.30,4,1.80,5.34319e+07,2.53155e+07,0.47379,0.000127646,1
ss,27,3.30,4,2.10,6.12067e+07,2.63255e+07,0.43011,0.000141366,1
ss,27,3.30,4,2.40,6.92272e+07,2.7379e+07,0.39549,0.000154298,1
ss,27,3.30,4,2.70,7.76341e+07,2.8023e+07,0.36096,0.000169193,1
ss,27,3.30,5,0.90,5.52312e+07,3.630533e+07,0.65733,0.000124203,1
ss,27,3.30,5,1.20,6.61228e+07,3.85415e+07,0.58288,0.000141219,1
ss,27,3.30,5,1.50,7.83561e+07,4.212467e+07,0.53761,0.000160232,1
ss,27,3.30,5,1.80,9.13976e+07,4.456317e+07,0.48757,0.000180134,1
ss,27,3.30,5,2.10,1.05094e+08,4.686733e+07,0.44596,0.000200479,1
ss,27,3.30,5,2.40,1.19518e+08,4.8435e+07,0.40525,0.000222303,1
ss,27,3.30,5,2.70,1.34155e+08,4.879e+07,0.36368,0.000243287,1
ss,27,3.30,6,0.90,9.75868e+07,6.611067e+07,0.67746,0.000174704,1
ss,27,3.30,6,1.20,1.1742e+08,7.006033e+07,0.59666,0.000201468,1
ss,27,3.30,6,1.50,1.39623e+08,7.610667e+07,0.54509,0.000229968,1
ss,27,3.30,6,1.80,1.63084e+08,7.969667e+07,0.48868,0.000260956,1
ss,27,3.30,6,2.10,1.87441e+08,8.164833e+07,0.43559,0.000292049,1
ss,27,3.30,6,2.40,2.12073e+08,8.297667e+07,0.39126,0.000323845,0
ss,27,3.30,6,2.70,2.37227e+08,8.384667e+07,0.35344,0.000355624,0
ss,27,3.30,7,0.90,1.68813e+08,1.127033e+08,0.66762,0.000261996,1
ss,27,3.30,7,1.20,2.02624e+08,1.177383e+08,0.58107,0.000303556,0
ss,27,3.30,7,1.50,2.39456e+08,1.244317e+08,0.51964,0.000348703,0
ss,27,3.30,7,1.80,2.77283e+08,1.265583e+08,0.45642,0.000394512,0
ss,27,3.30,7,2.10,3.15391e+08,1.2641e+08,0.4008,0.000441916,0
ss,27,3.30,7,2.40,3.53129e+08,1.246733e+08,0.35305,0.000487096,0
ss,27,3.30,7,2.70,3.90195e+08,1.235533e+08,0.31665,0.000534534,0
ss,27,3.63,0,0.90,3909130,2251600,0.57598,5.0855e-05,0
ss,27,3.63,0,1.20,4584610,2351767,0.51297,5.40454e-05,0
ss,27,3.63,0,1.50,5320190,2508967,0.47159,5.96885e-05,0
ss,27,3.63,0,1.80,6089990,2581117,0.42383,6.44994e-05,0
ss,27,3.63,0,2.10,6868860,2647467,0.38543,6.92277e-05,0
ss,27,3.63,0,2.40,7678470,2716117,0.35373,7.41083e-05,0
ss,27,3.63,0,2.70,8498530,2733533,0.32165,7.95155e-05,0
ss,27,3.63,1,0.90,6286230,3635100,0.57826,6.00384e-05,0
ss,27,3.63,1,1.20,7376760,3805350,0.51586,6.52266e-05,0
ss,27,3.63,1,1.50,8569440,4087767,0.47702,7.16259e-05,0
ss,27,3.63,1,1.80,9829420,4228767,0.43022,7.78587e-05,0
ss,27,3.63,1,2.10,1.11067e+07,4301633,0.3873,8.47135e-05,1
ss,27,3.63,1,2.40,1.24104e+07,4376500,0.35265,9.12483e-05,1
ss,27,3.63,1,2.70,1.37326e+07,4407333,0.32094,9.85799e-05,1
ss,27,3.63,2,0.90,1.04696e+07,6132333,0.58573,6.83195e-05,1
ss,27,3.63,2,1.20,1.23093e+07,6421833,0.52171,7.46309e-05,1
ss,27,3.63,2,1.50,1.43227e+07,6914500,0.48277,8.18931e-05,1
ss,27,3.63,2,1.80,1.6458e+07,7211833,0.4382,9.00811e-05,1
ss,27,3.63,2,2.10,1.86498e+07,7375333,0.39546,9.85234e-05,1
ss,27,3.63,2,2.40,2.08832e+07,7503167,0.35929,0.000106994,1
ss,27,3.63,2,2.70,2.31517e+07,7561667,0.32661,0.000116097,1
ss,27,3.63,3,0.90,1.6997e+07,1.018933e+07,0.59948,8.62557e-05,1
ss,27,3.63,3,1.20,2.00538e+07,1.0671e+07,0.53212,9.49149e-05,1
ss,27,3.63,3,1.50,2.33996e+07,1.150217e+07,0.49155,0.000108168,1
ss,27,3.63,3,1.80,2.69551e+07,1.20565e+07,0.44728,0.000118525,1
ss,27,3.63,3,2.10,3.06335e+07,1.244733e+07,0.40633,0.000131698,1
ss,27,3.63,3,2.40,3.44235e+07,1.28435e+07,0.3731,0.000144306,1
ss,27,3.63,3,2.70,3.83396e+07,1.305367e+07,0.34047,0.000156867,1
ss,27,3.63,4,0.90,2.90014e+07,1.768433e+07,0.60978,9.56736e-05,1
ss,27,3.63,4,1.20,3.43067e+07,1.872167e+07,0.54571,0.000107637,1
ss,27,3.63,4,1.50,4.02344e+07,2.022833e+07,0.50276,0.000121429,1
ss,27,3.63,4,1.80,4.64437e+07,2.119033e+07,0.45626,0.000134081,1
ss,27,3.63,4,2.10,5.29486e+07,2.202883e+07,0.41604,0.000148195,1
ss,27,3.63,4,2.40,5.9661e+07,2.2767e+07,0.38161,0.000162311,1
ss,27,3.63,4,2.70,6.66088e+07,2.315933e+07,0.34769,0.000176821,1
ss,27,3.63,5,0.90,4.8083e+07,3.045333e+07,0.63335,0.000130723,1
ss,27,3.63,5,1.20,5.7219e+07,3.216483e+07,0.56214,0.000147197,1
ss,27,3.63,5,1.50,6.73819e+07,3.509017e+07,0.52077,0.000167586,1
ss,27,3.63,5,1.80,7.82731e+07,3.718583e+07,0.47508,0.00018992,1
ss,27,3.63,5,2.10,8.96934e+07,3.90015e+07,0.43483,0.000209545,1
ss,27,3.63,5,2.40,1.01674e+08,4.040767e+07,0.39742,0.000231773,1
ss,27,3.63,5,2.70,1.13938e+08,4.088e+07,0.35879,0.000252834,1
ss,27,3.63,6,0.90,8.39474e+07,5.5372e+07,0.6596,0.000184291,1
ss,27,3.63,6,1.20,1.00559e+08,5.8871e+07,0.58544,0.000211126,1
ss,27,3.63,6,1.50,1.1927e+08,6.4445e+07,0.54033,0.000241163,1
ss,27,3.63,6,1.80,1.39226e+08,6.841333e+07,0.49138,0.000273197,1
ss,27,3.63,6,2.10,1.60318e+08,7.149333e+07,0.44595,0.00030395,1
ss,27,3.63,6,2.40,1.82122e+08,7.3615e+07,0.40421,0.000334925,1
ss,27,3.63,6,2.70,2.04487e+08,7.455e+07,0.36457,0.000369715,0
ss,27,3.63,7,0.90,1.4457e+08,9.827333e+07,0.67976,0.000272917,1
ss,27,3.63,7,1.20,1.74052e+08,1.03885e+08,0.59686,0.000314885,1
ss,27,3.63,7,1.50,2.06901e+08,1.124233e+08,0.54337,0.000363048,0
ss,27,3.63,7,1.80,2.41506e+08,1.1686e+08,0.48388,0.000412113,0
ss,27,3.63,7,2.10,2.77017e+08,1.1919e+08,0.43026,0.000459935,0
ss,27,3.63,7,2.40,3.1302e+08,1.199783e+08,0.38329,0.000509308,0
ss,27,3.63,7,2.70,3.49004e+08,1.199467e+08,0.34368,0.00055805,0
ss,125,2.97,0,0.90,5224330,3090533,0.59157,5.83062e-05,0
ss,125,2.97,0,1.20,6151490,3228100,0.52477,6.37702e-05,0
ss,125,2.97,0,1.50,7161190,3428450,0.47875,6.90581e-05,0
ss,125,2.97,0,1.80,8208560,3556900,0.43332,7.43144e-05,0
ss,125,2.97,0,2.10,9295330,3704900,0.39858,8.0506e-05,0
ss,125,2.97,0,2.40,1.04315e+07,3799283,0.36421,8.53756e-05,1
ss,125,2.97,0,2.70,1.15749e+07,3811333,0.32928,9.15984e-05,1
ss,125,2.97,1,0.90,8610180,5148067,0.5979,6.84923e-05,0
ss,125,2.97,1,1.20,1.01546e+07,5397700,0.53155,7.55442e-05,1
ss,125,2.97,1,1.50,1.18488e+07,5774500,0.48735,8.24025e-05,1
ss,125,2.97,1,1.80,1.36193e+07,6027167,0.44255,8.98136e-05,1
ss,125,2.97,1,2.10,1.54651e+07,6268833,0.40535,9.73922e-05,1
ss,125,2.97,1,2.40,1.73806e+07,6366167,0.36628,0.000105978,1
ss,125,2.97,1,2.70,1.92848e+07,6347333,0.32914,0.000113349,1
ss,125,2.97,2,0.90,1.44964e+07,8896667,0.61372,7.66346e-05,1
ss,125,2.97,2,1.20,1.71654e+07,9344833,0.5444,8.45316e-05,1
ss,125,2.97,2,1.50,2.01033e+07,1.005983e+07,0.50041,9.32662e-05,1
ss,125,2.97,2,1.80,2.32013e+07,1.053167e+07,0.45393,0.000101822,1
ss,125,2.97,2,2.10,2.64223e+07,1.098467e+07,0.41573,0.000111359,1
ss,125,2.97,2,2.40,2.97921e+07,1.129717e+07,0.3792,0.000120861,1
ss,125,2.97,2,2.70,3.32006e+07,1.136167e+07,0.34221,0.00013,1
ss,125,2.97,3,0.90,2.43891e+07,1.5335e+07,0.62876,9.7392e-05,1
ss,125,2.97,3,1.20,2.89896e+07,1.618033e+07,0.55814,0.000108831,1
ss,125,2.97,3,1.50,3.40973e+07,1.75465e+07,0.5146,0.000121621,1
ss,125,2.97,3,1.80,3.95175e+07,1.8538e+07,0.46911,0.000134602,1
ss,125,2.97,3,2.10,4.52201e+07,1.937217e+07,0.4284,0.00014825,1
ss,125,2.97,3,2.40,5.11408e+07,2.011283e+07,0.39328,0.000161328,1
ss,125,2.97,3,2.70,5.72878e+07,2.049e+07,0.35767,0.000175626,1
ss,125,2.97,4,0.90,4.37339e+07,2.8388e+07,0.64911,0.000109708,1
ss,125,2.97,4,1.20,5.22503e+07,2.990583e+07,0.57236,0.000121594,1
ss,125,2.97,4,1.50,6.16774e+07,3.259967e+07,0.52855,0.000136279,1
ss,125,2.97,4,1.80,7.18101e+07,3.437817e+07,0.47874,0.000151333,1
ss,125,2.97,4,2.10,8.23043e+07,3.575417e+07,0.43441,0.000166111,1
ss,125,2.97,4,2.40,9.32626e+07,3.70295e+07,0.39705,0.000182354,1
ss,125,2.97,4,2.70,1.04522e+08,3.753133e+07,0.35908,0.000197901,1
ss,125,2.97,5,0.90,7.56541e+07,5.028233e+07,0.66463,0.000148247,1
ss,125,2.97,5,1.20,9.07388e+07,5.28115e+07,0.58202,0.000169252,1
ss,125,2.97,5,1.50,1.07341e+08,5.6667e+07,0.52792,0.000191249,1
ss,125,2.97,5,1.80,1.24739e+08,5.902333e+07,0.47317,0.00021404,1
ss,125,2.97,5,2.10,1.42755e+08,6.048667e+07,0.42371,0.000236727,1
ss,125,2.97,5,2.40,1.61031e+08,6.1025e+07,0.37896,0.000259815,1
ss,125,2.97,5,2.70,1.7937e+08,6.113e+07,0.3408,0.000282942,1
ss,125,2.97,6,0.90,1.33368e+08,8.59e+07,0.64408,0.000208874,1
ss,125,2.97,6,1.20,1.59138e+08,8.8875e+07,0.55848,0.000237223,1
ss,125,2.97,6,1.50,1.86693e+08,9.274833e+07,0.4968,0.000269083,1
ss,125,2.97,6,1.80,2.14787e+08,9.364667e+07,0.436,0.000301637,0
ss,125,2.97,6,2.10,2.42881e+08,9.302667e+07,0.38301,0.000333904,0
ss,125,2.97,6,2.40,2.70603e+08,9.128333e+07,0.33733,0.000366981,0
ss,125,2.97,6,2.70,2.97651e+08,9.016e+07,0.30291,0.000397642,0
ss,125,2.97,7,0.90,2.25349e+08,1.299333e+08,0.57659,0.000306187,0
ss,125,2.97,7,1.20,2.64329e+08,1.317317e+08,0.49836,0.000348673,0
ss,125,2.97,7,1.50,3.04388e+08,1.321983e+08,0.43431,0.000396349,0
ss,125,2.97,7,1.80,3.43648e+08,1.283333e+08,0.37344,0.000444518,0
ss,125,2.97,7,2.10,3.81388e+08,1.22665e+08,0.32163,0.000486768,0
ss,125,2.97,7,2.40,4.17247e+08,1.159533e+08,0.2779,0.000534798,0
ss,125,2.97,7,2.70,4.5096e+08,1.123767e+08,0.24919,0.00057964,0
ss,125,3.30,0,0.90,4668120,2668333,0.57161,6.20604e-05,0
ss,125,3.30,0,1.20,5468620,2792033,0.51056,6.70223e-05,0
ss,125,3.30,0,1.50,6343340,2969067,0.46806,7.26776e-05,0
ss,125,3.30,0,1.80,7250060,3080967,0.42496,7.85498e-05,0
ss,125,3.30,0,2.10,8191920,3180783,0.38828,8.37526e-05,0
ss,125,3.30,0,2.40,9158530,3201800,0.3496,8.99409e-05,0
ss,125,3.30,0,2.70,1.0113e+07,3181567,0.3146,9.52075e-05,1
ss,125,3.30,1,0.90,7614760,4412933,0.57952,7.27527e-05,0
ss,125,3.30,1,1.20,8938640,4617233,0.51655,7.8567e-05,0
ss,125,3.30,1,1.50,1.03851e+07,4915933,0.47336,8.62275e-05,1
ss,125,3.30,1,1.80,1.18882e+07,5129833,0.43151,9.42024e-05,1
ss,125,3.30,1,2.10,1.3463e+07,5279000,0.39211,0.000101989,1
ss,125,3.30,1,2.40,1.50556e+07,5367000,0.35648,0.000110385,1
ss,125,3.30,1,2.70,1.66832e+07,5425333,0.3252,0.000118338,1
ss,125,3.30,2,0.90,1.27034e+07,7536667,0.59328,8.10074e-05,1
ss,125,3.30,2,1.20,1.49644e+07,7887833,0.52711,8.85789e-05,1
ss,125,3.30,2,1.50,1.74361e+07,8473667,0.48598,9.76386e-05,1
ss,125,3.30,2,1.80,2.00486e+07,8830167,0.44044,0.000107443,1
ss,125,3.30,2,2.10,2.27342e+07,9122000,0.40125,0.000116133,1
ss,125,3.30,2,2.40,2.55218e+07,9432167,0.36957,0.000125435,1
ss,125,3.30,2,2.70,2.83935e+07,9572333,0.33713,0.000135823,1
ss,125,3.30,3,0.90,2.10762e+07,1.276733e+07,0.60577,0.000102626,1
ss,125,3.30,3,1.20,2.49064e+07,1.3445e+07,0.53982,0.000114375,1
ss,125,3.30,3,1.50,2.91432e+07,1.4461e+07,0.4962,0.000126672,1
ss,125,3.30,3,1.80,3.3583e+07,1.520717e+07,0.45282,0.000140591,1
ss,125,3.30,3,2.10,3.82675e+07,1.594283e+07,0.41662,0.000152831,1
ss,125,3.30,3,2.40,4.31487e+07,1.638017e+07,0.37962,0.000166965,1
ss,125,3.30,3,2.70,4.80956e+07,1.648967e+07,0.34285,0.000180555,1
ss,125,3.30,4,0.90,3.73396e+07,2.324e+07,0.6224,0.000114747,1
ss,125,3.30,4,1.20,4.43116e+07,2.450567e+07,0.55303,0.000127869,1
ss,125,3.30,4,1.50,5.2043e+07,2.665017e+07,0.51208,0.000142118,1
ss,125,3.30,4,1.80,6.03017e+07,2.809167e+07,0.46585,0.000157591,1
ss,125,3.30,4,2.10,6.8898e+07,2.931967e+07,0.42555,0.000172378,1
ss,125,3.30,4,2.40,7.78935e+07,3.0812e+07,0.39557,0.000189061,1
ss,125,3.30,4,2.70,8.73852e+07,3.1639e+07,0.36206,0.000204655,1
ss,125,3.30,5,0.90,6.36149e+07,4.1261e+07,0.64861,0.000155587,1
ss,125,3.30,5,1.20,7.59932e+07,4.363067e+07,0.57414,0.0001754,1
ss,125,3.30,5,1.50,8.97933e+07,4.750633e+07,0.52906,0.00019853,1
ss,125,3.30,5,1.80,1.04497e+08,5.020117e+07,0.48041,0.00022027,1
ss,125,3.30,5,2.10,1.19914e+08,5.2285e+07,0.43602,0.000245627,1
ss,125,3.30,5,2.40,1.35868e+08,5.384e+07,0.39627,0.00026951,1
ss,125,3.30,5,2.70,1.52218e+08,5.45e+07,0.35804,0.000292749,1
ss,125,3.30,6,0.90,1.12501e+08,7.485667e+07,0.66539,0.000216914,1
ss,125,3.30,6,1.20,1.34958e+08,7.8445e+07,0.58125,0.000248893,1
ss,125,3.30,6,1.50,1.59568e+08,8.3915e+07,0.52589,0.000279925,1
ss,125,3.30,6,1.80,1.85307e+08,8.679167e+07,0.46837,0.00031601,1
ss,125,3.30,6,2.10,2.11643e+08,8.812e+07,0.41636,0.0003483,0
ss,125,3.30,6,2.40,2.38179e+08,8.846167e+07,0.37141,0.000382917,0
ss,125,3.30,6,2.70,2.6472e+08,8.847e+07,0.3342,0.000417546,0
ss,125,3.30,7,0.90,1.95552e+08,1.233533e+08,0.6308,0.000321765,1
ss,125,3.30,7,1.20,2.32558e+08,1.2687e+08,0.54554,0.000366873,0
ss,125,3.30,7,1.50,2.71674e+08,1.307567e+08,0.4813,0.000417036,0
ss,125,3.30,7,1.80,3.11012e+08,1.300933e+08,0.41829,0.000464933,0
ss,125,3.30,7,2.10,3.4973e+08,1.274267e+08,0.36436,0.000515935,0
ss,125,3.30,7,2.40,3.87468e+08,1.23125e+08,0.31777,0.000564058,0
ss,125,3.30,7,2.70,4.23605e+08,1.204567e+08,0.28436,0.000614554,0
ss,125,3.63,0,0.90,4278220,2414200,0.5643,6.62934e-05,0
ss,125,3.63,0,1.20,5002480,2499117,0.49958,7.12671e-05,0
ss,125,3.63,0,1.50,5777690,2637150,0.45644,7.74549e-05,0
ss,125,3.63,0,1.80,6584770,2734883,0.41533,8.26755e-05,0
ss,125,3.63,0,2.10,7418620,2795050,0.37676,8.85402e-05,0
ss,125,3.63,0,2.40,8261800,2820867,0.34143,9.36516e-05,0
ss,125,3.63,0,2.70,9111140,2831133,0.31073,9.94373e-05,0
ss,125,3.63,1,0.90,6920170,3912933,0.56544,7.80473e-05,0
ss,125,3.63,1,1.20,8094050,4075650,0.50354,8.45281e-05,0
ss,125,3.63,1,1.50,9365560,4337083,0.46309,9.16709e-05,0
ss,125,3.63,1,1.80,1.06963e+07,4495733,0.42031,9.90254e-05,1
ss,125,3.63,1,2.10,1.2063e+07,4580833,0.37974,0.000107685,1
ss,125,3.63,1,2.40,1.34448e+07,4685500,0.3485,0.000113683,1
ss,125,3.63,1,2.70,1.48743e+07,4765000,0.32035,0.000122478,1
ss,125,3.63,2,0.90,1.14678e+07,6610000,0.5764,8.65277e-05,1
ss,125,3.63,2,1.20,1.34508e+07,6893000,0.51246,9.41918e-05,1
ss,125,3.63,2,1.50,1.56036e+07,7361833,0.4718,0.000103011,1
ss,125,3.63,2,1.80,1.78679e+07,7652833,0.4283,0.000113095,1
ss,125,3.63,2,2.10,2.01953e+07,7908667,0.39161,0.000120908,1
ss,125,3.63,2,2.40,2.26131e+07,8152833,0.36054,0.000130548,1
ss,125,3.63,2,2.70,2.5087e+07,8246333,0.32871,0.000140693,1
ss,125,3.63,3,0.90,1.88097e+07,1.107033e+07,0.58854,0.000108033,1
ss,125,3.63,3,1.20,2.21308e+07,1.159967e+07,0.52414,0.000119716,1
ss,125,3.63,3,1.50,2.57695e+07,1.24455e+07,0.48295,0.000133306,1
ss,125,3.63,3,1.80,2.95981e+07,1.3009e+07,0.43952,0.000147047,1
ss,125,3.63,3,2.10,3.35749e+07,1.348383e+07,0.4016,0.000159339,1
ss,125,3.63,3,2.40,3.76884e+07,1.3875e+07,0.36815,0.000173747,1
ss,125,3.63,3,2.70,4.18999e+07,1.403833e+07,0.33504,0.000188876,1
ss,125,3.63,4,0.90,3.30687e+07,1.977567e+07,0.59802,0.000121174,1
ss,125,3.63,4,1.20,3.90014e+07,2.085417e+07,0.5347,0.000134462,1
ss,125,3.63,4,1.50,4.55812e+07,2.255083e+07,0.49474,0.000148811,1
ss,125,3.63,4,1.80,5.25319e+07,2.373067e+07,0.45174,0.000164898,1
ss,125,3.63,4,2.10,5.98196e+07,2.467917e+07,0.41256,0.000179878,1
ss,125,3.63,4,2.40,6.73394e+07,2.5649e+07,0.38089,0.000196511,1
ss,125,3.63,4,2.70,7.5209e+07,2.6232e+07,0.34879,0.000212168,1
ss,125,3.63,5,0.90,5.54787e+07,3.4729e+07,0.62599,0.000163024,1
ss,125,3.63,5,1.20,6.58974e+07,3.659167e+07,0.55528,0.000183928,1
ss,125,3.63,5,1.50,7.74337e+07,3.987717e+07,0.51498,0.000205184,1
ss,125,3.63,5,1.80,8.98237e+07,4.239217e+07,0.47195,0.000230551,1
ss,125,3.63,5,2.10,1.02869e+08,4.43105e+07,0.43075,0.000253331,1
ss,125,3.63,5,2.40,1.1641e+08,4.607e+07,0.39576,0.000278044,1
ss,125,3.63,5,2.70,1.30511e+08,4.700333e+07,0.36015,0.000303016,1
ss,125,3.63,6,0.90,9.72038e+07,6.383067e+07,0.65667,0.000223869,1
ss,125,3.63,6,1.20,1.16353e+08,6.7427e+07,0.5795,0.000256804,1
ss,125,3.63,6,1.50,1.3766e+08,7.315833e+07,0.53144,0.000288932,1
ss,125,3.63,6,1.80,1.60248e+08,7.702333e+07,0.48065,0.000326738,1
ss,125,3.63,6,2.10,1.83874e+08,7.963833e+07,0.43311,0.000362414,1
ss,125,3.63,6,2.40,2.08031e+08,8.119833e+07,0.39032,0.000398173,0
ss,125,3.63,6,2.70,2.32593e+08,8.187333e+07,0.352,0.000434274,0
ss,125,3.63,7,0.90,1.69797e+08,1.1158e+08,0.65714,0.000331758,1
ss,125,3.63,7,1.20,2.03271e+08,1.162667e+08,0.57198,0.000381003,0
ss,125,3.63,7,1.50,2.39557e+08,1.2275e+08,0.5124,0.000434478,0
ss,125,3.63,7,1.80,2.76921e+08,1.250933e+08,0.45173,0.00048542,0
ss,125,3.63,7,2.10,3.14613e+08,1.251983e+08,0.39794,0.000541244,0
ss,125,3.63,7,2.40,3.5204e+08,1.2363e+08,0.35118,0.00059504,0
ss,125,3.63,7,2.70,3.88791e+08,1.225033e+08,0.31509,0.000644757,0
typical,-40,2.97,0,0.90,4218750,2808900,0.66581,3.73518e-05,0
typical,-40,2.97,0,1.20,5061420,2890383,0.57106,4.15497e-05,0
typical,-40,2.97,0,1.50,5952980,3034133,0.50968,4.56046e-05,0
typical,-40,2.97,0,1.80,6881900,3146233,0.45718,4.98934e-05,0
typical,-40,2.97,0,2.10,7840720,3192383,0.40715,5.51812e-05,0
typical,-40,2.97,0,2.40,8797330,3242417,0.36857,5.93315e-05,0
typical,-40,2.97,0,2.70,9786170,3296133,0.33682,6.5914e-05,0
typical,-40,2.97,1,0.90,6841340,4584800,0.67016,4.55569e-05,0
typical,-40,2.97,1,1.20,8216780,4737617,0.57658,5.03086e-05,0
typical,-40,2.97,1,1.50,9683910,4988367,0.51512,5.6257e-05,0
typical,-40,2.97,1,1.80,1.12098e+07,5161150,0.46041,6.23169e-05,1
typical,-40,2.97,1,2.10,1.27806e+07,5251333,0.41088,6.97732e-05,1
typical,-40,2.97,1,2.40,1.43606e+07,5363833,0.37351,7.62521e-05,1
typical,-40,2.97,1,2.70,1.59989e+07,5461000,0.34134,8.13977e-05,1
typical,-40,2.97,2,0.90,1.15916e+07,7797333,0.67267,5.07769e-05,1
typical,-40,2.97,2,1.20,1.39308e+07,8086667,0.58049,5.77194e-05,1
typical,-40,2.97,2,1.50,1.64436e+07,8576333,0.52156,6.52901e-05,1
typical,-40,2.97,2,1.80,1.90766e+07,8838500,0.46332,7.2228e-05,1
typical,-40,2.97,2,2.10,2.17467e+07,9146500,0.42059,8.00191e-05,1
typical,-40,2.97,2,2.40,2.45645e+07,9532333,0.38805,8.85805e-05,1
typical,-40,2.97,2,2.70,2.74661e+07,9672000,0.35214,9.51907e-05,1
typical,-40,2.97,3,0.90,1.89559e+07,1.299133e+07,0.68535,6.69487e-05,1
typical,-40,2.97,3,1.20,2.28533e+07,1.354817e+07,0.59283,7.63893e-05,1
typical,-40,2.97,3,1.50,2.70848e+07,1.446833e+07,0.53419,8.71172e-05,1
typical,-40,2.97,3,1.80,3.15343e+07,1.5144e+07,0.48024,9.75352e-05,1
typical,-40,2.97,3,2.10,3.61712e+07,1.547983e+07,0.42796,0.000107349,1
typical,-40,2.97,3,2.40,4.08222e+07,1.611533e+07,0.39477,0.000120419,1
typical,-40,2.97,3,2.70,4.58404e+07,1.672733e+07,0.3649,0.000132247,1
typical,-40,2.97,4,0.90,3.17462e+07,2.232067e+07,0.7031,7.28917e-05,1
typical,-40,2.97,4,1.20,3.84424e+07,2.3359e+07,0.60764,8.51114e-05,1
typical,-40,2.97,4,1.50,4.57616e+07,2.503317e+07,0.54703,9.62045e-05,1
typical,-40,2.97,4,1.80,5.34623e+07,2.5973e+07,0.48582,0.000108416,1
typical,-40,2.97,4,2.10,6.13454e+07,2.71375e+07,0.44237,0.000121267,1
typical,-40,2.97,4,2.40,6.97448e+07,2.8184e+07,0.4041,0.000134421,1
typical,-40,2.97,4,2.70,7.82558e+07,2.837e+07,0.36253,0.000146961,1
typical,-40,2.97,5,0.90,5.31151e+07,3.833467e+07,0.72173,0.000101491,1
typical,-40,2.97,5,1.20,6.46155e+07,4.033217e+07,0.62419,0.00011798,1
typical,-40,2.97,5,1.50,7.73144e+07,4.36555e+07,0.56465,0.000135581,1
typical,-40,2.97,5,1.80,9.08088e+07,4.568933e+07,0.50314,0.000155777,1
typical,-40,2.97,5,2.10,1.04728e+08,4.7497e+07,0.45353,0.000172721,1
typical,-40,2.97,5,2.40,1.19307e+08,4.989833e+07,0.41823,0.000193664,1
typical,-40,2.97,5,2.70,1.34667e+08,5.12e+07,0.3802,0.000213143,1
typical,-40,2.97,6,0.90,9.4072e+07,7.015333e+07,0.74574,0.000146568,1
typical,-40,2.97,6,1.20,1.15118e+08,7.359333e+07,0.63929,0.000171202,1
typical,-40,2.97,6,1.50,1.38228e+08,7.941333e+07,0.57451,0.000197499,1
typical,-40,2.97,6,1.80,1.62766e+08,8.364667e+07,0.51391,0.000224771,1
typical,-40,2.97,6,2.10,1.88416e+08,8.599e+07,0.45638,0.000255632,1
typical,-40,2.97,6,2.40,2.1436e+08,8.739833e+07,0.40772,0.000283968,0
typical,-40,2.97,6,2.70,2.40855e+08,8.831667e+07,0.36668,0.00031307,0
typical,-40,2.97,7,0.90,1.61692e+08,1.2226e+08,0.75613,0.000218906,1
typical,-40,2.97,7,1.20,1.9837e+08,1.270817e+08,0.64063,0.000258427,1
typical,-40,2.97,7,1.50,2.37941e+08,1.344017e+08,0.56485,0.000300201,0
typical,-40,2.97,7,1.80,2.79011e+08,1.376883e+08,0.49349,0.000343971,0
typical,-40,2.97,7,2.10,3.20554e+08,1.388667e+08,0.43321,0.000386589,0
typical,-40,2.97,7,2.40,3.62331e+08,1.393383e+08,0.38456,0.000432788,0
typical,-40,2.97,7,2.70,4.04157e+08,1.3942e+08,0.34496,0.00047559,0
typical,-40,3.30,0,0.90,3842450,2471567,0.64323,4.27848e-05,0
typical,-40,3.30,0,1.20,4583920,2536150,0.55327,4.55362e-05,0
typical,-40,3.30,0,1.50,5364140,2666850,0.49716,5.09889e-05,0
typical,-40,3.30,0,1.80,6184030,2761533,0.44656,5.57141e-05,0
typical,-40,3.30,0,2.10,7021060,2793150,0.39782,6.07879e-05,0
typical,-40,3.30,0,2.40,7859920,2788767,0.35481,6.41782e-05,0
typical,-40,3.30,0,2.70,8694320,2781333,0.3199,7.09213e-05,0
typical,-40,3.30,1,0.90,6164730,3975000,0.6448,4.9865e-05,0
typical,-40,3.30,1,1.20,7357230,4108317,0.55841,5.53798e-05,0
typical,-40,3.30,1,1.50,8629720,4306517,0.49903,6.14281e-05,0
typical,-40,3.30,1,1.80,9941140,4469300,0.44958,6.69584e-05,0
typical,-40,3.30,1,2.10,1.13113e+07,4523433,0.3999,7.35626e-05,1
typical,-40,3.30,1,2.40,1.26552e+07,4612333,0.36446,8.02035e-05,1
typical,-40,3.30,1,2.70,1.40787e+07,4745000,0.33703,8.73057e-05,1
typical,-40,3.30,2,0.90,1.0358e+07,6707000,0.64752,5.53529e-05,1
typical,-40,3.30,2,1.20,1.23701e+07,6947667,0.56165,6.41345e-05,1
typical,-40,3.30,2,1.50,1.45266e+07,7350500,0.506,7.10075e-05,1
typical,-40,3.30,2,1.80,1.67804e+07,7594333,0.45257,7.84782e-05,1
typical,-40,3.30,2,2.10,1.90832e+07,7737000,0.40544,8.57463e-05,1
typical,-40,3.30,2,2.40,2.14226e+07,7831000,0.36555,9.27632e-05,1
typical,-40,3.30,2,2.70,2.37818e+07,7864000,0.33067,0.000101102,1
typical,-40,3.30,3,0.90,1.67054e+07,1.107867e+07,0.66318,7.38896e-05,1
typical,-40,3.30,3,1.20,2.0029e+07,1.14685e+07,0.57259,8.30703e-05,1
typical,-40,3.30,3,1.50,2.35865e+07,1.215433e+07,0.51531,9.32395e-05,1
typical,-40,3.30,3,1.80,2.73216e+07,1.263383e+07,0.46241,0.000103425,1
typical,-40,3.30,3,2.10,3.11668e+07,1.282633e+07,0.41154,0.000116146,1
typical,-40,3.30,3,2.40,3.50174e+07,1.30925e+07,0.37389,0.000126631,1
typical,-40,3.30,3,2.70,3.90223e+07,1.334967e+07,0.3421,0.000138738,1
typical,-40,3.30,4,0.90,2.77518e+07,1.881433e+07,0.67795,8.09798e-05,1
typical,-40,3.30,4,1.20,3.33961e+07,1.9533e+07,0.58489,9.2917e-05,1
typical,-40,3.30,4,1.50,3.94716e+07,2.08165e+07,0.52738,0.00010377,1
typical,-40,3.30,4,1.80,4.5886e+07,2.168433e+07,0.47257,0.000117527,1
typical,-40,3.30,4,2.10,5.24822e+07,2.22635e+07,0.42421,0.000129029,1
typical,-40,3.30,4,2.40,5.92441e+07,2.294483e+07,0.38729,0.000143062,1
typical,-40,3.30,4,2.70,6.62491e+07,2.335e+07,0.35246,0.000155453,1
typical,-40,3.30,5,0.90,4.56146e+07,3.1917e+07,0.69971,0.000111118,1
typical,-40,3.30,5,1.20,5.51897e+07,3.3197e+07,0.60151,0.000127271,1
typical,-40,3.30,5,1.50,6.55328e+07,3.555067e+07,0.54249,0.000144636,1
typical,-40,3.30,5,1.80,7.65201e+07,3.734967e+07,0.4881,0.000164654,1
typical,-40,3.30,5,2.10,8.79426e+07,3.879633e+07,0.44116,0.00018271,1
typical,-40,3.30,5,2.40,9.97979e+07,4.0029e+07,0.4011,0.00020382,1
typical,-40,3.30,5,2.70,1.1196e+08,4.054033e+07,0.3621,0.000223867,1
typical,-40,3.30,6,0.90,7.98306e+07,5.743167e+07,0.71942,0.000154843,1
typical,-40,3.30,6,1.20,9.70601e+07,6.0119e+07,0.6194,0.000181385,1
typical,-40,3.30,6,1.50,1.15902e+08,6.513983e+07,0.56203,0.000209514,1
typical,-40,3.30,6,1.80,1.36144e+08,6.865e+07,0.50425,0.000237726,1
typical,-40,3.30,6,2.10,1.57092e+08,7.138e+07,0.45438,0.000266099,1
typical,-40,3.30,6,2.40,1.78972e+08,7.405e+07,0.41375,0.000297309,1
typical,-40,3.30,6,2.70,2.01522e+08,7.516667e+07,0.37299,0.000327723,0
typical,-40,3.30,7,0.90,1.3541e+08,1.014267e+08,0.74903,0.000230828,1
typical,-40,3.30,7,1.20,1.65838e+08,1.0672e+08,0.64352,0.000271938,1
typical,-40,3.30,7,1.50,1.99442e+08,1.152333e+08,0.57778,0.000313457,1
typical,-40,3.30,7,1.80,2.34978e+08,1.2052e+08,0.5129,0.000359456,0
typical,-40,3.30,7,2.10,2.71754e+08,1.246367e+08,0.45864,0.000406118,0
typical,-40,3.30,7,2.40,3.0976e+08,1.271683e+08,0.41054,0.000453164,0
typical,-40,3.30,7,2.70,3.48055e+08,1.2765e+08,0.36675,0.000498482,0
typical,-40,3.63,0,0.90,3590840,2232633,0.62176,4.79443e-05,0
typical,-40,3.63,0,1.20,4260630,2322550,0.54512,5.25578e-05,0
typical,-40,3.63,0,1.50,4984370,2430733,0.48767,5.62604e-05,0
typical,-40,3.63,0,1.80,5719070,2462167,0.43052,6.12483e-05,0
typical,-40,3.63,0,2.10,6461670,2502183,0.38723,6.66035e-05,0
typical,-40,3.63,0,2.40,7220380,2550883,0.35329,7.13801e-05,0
typical,-40,3.63,0,2.70,7992200,2572733,0.32191,7.50097e-05,0
typical,-40,3.63,1,0.90,5708810,3595700,0.62985,5.44103e-05,0
typical,-40,3.63,1,1.20,6787520,3697650,0.54477,6.10574e-05,0
typical,-40,3.63,1,1.50,7927400,3869600,0.48813,6.73179e-05,0
typical,-40,3.63,1,1.80,9109280,3952833,0.43393,7.45704e-05,0
typical,-40,3.63,1,2.10,1.02991e+07,4052200,0.39345,7.93757e-05,1
typical,-40,3.63,1,2.40,1.15406e+07,4109000,0.35605,8.84954e-05,1
typical,-40,3.63,1,2.70,1.27645e+07,4079667,0.31961,9.5306e-05,1
typical,-40,3.63,2,0.90,9534260,6008133,0.63016,6.24542e-05,0
typical,-40,3.63,2,1.20,1.13367e+07,6194233,0.54639,7.06015e-05,1
typical,-40,3.63,2,1.50,1.32508e+07,6499500,0.4905,7.86814e-05,1
typical,-40,3.63,2,1.80,1.52364e+07,6712333,0.44055,8.46791e-05,1
typical,-40,3.63,2,2.10,1.72782e+07,6806333,0.39393,9.37868e-05,1
typical,-40,3.63,2,2.40,1.93202e+07,6981000,0.36133,0.000100367,1
typical,-40,3.63,2,2.70,2.14668e+07,7155333,0.33332,0.000107789,1
typical,-40,3.63,3,0.90,1.52192e+07,9767333,0.64178,7.9598e-05,1
typical,-40,3.63,3,1.20,1.81494e+07,1.007733e+07,0.55524,9.02628e-05,1
typical,-40,3.63,3,1.50,2.12656e+07,1.060517e+07,0.4987,0.000101638,1
typical,-40,3.63,3,1.80,2.45125e+07,1.09345e+07,0.44608,0.000113253,1
typical,-40,3.63,3,2.10,2.78263e+07,1.12415e+07,0.40399,0.000122672,1
typical,-40,3.63,3,2.40,3.12574e+07,1.149517e+07,0.36776,0.000136239,1
typical,-40,3.63,3,2.70,3.47234e+07,1.155333e+07,0.33272,0.000149363,1
typical,-40,3.63,4,0.90,2.51662e+07,1.650667e+07,0.65591,8.90839e-05,1
typical,-40,3.63,4,1.20,3.01182e+07,1.702617e+07,0.56531,0.000103058,1
typical,-40,3.63,4,1.50,3.53819e+07,1.7981e+07,0.5082,0.000112993,1
typical,-40,3.63,4,1.80,4.09068e+07,1.876367e+07,0.45869,0.000125983,1
typical,-40,3.63,4,2.10,4.66401e+07,1.906433e+07,0.40875,0.000139819,1
typical,-40,3.63,4,2.40,5.23454e+07,1.962117e+07,0.37484,0.000153708,1
typical,-40,3.63,4,2.70,5.84128e+07,2.022467e+07,0.34624,0.00016666,1
typical,-40,3.63,5,0.90,4.08407e+07,2.7336e+07,0.66933,0.00011771,1
typical,-40,3.63,5,1.20,4.90415e+07,2.846833e+07,0.58049,0.000137966,1
typical,-40,3.63,5,1.50,5.79217e+07,3.038283e+07,0.52455,0.000156701,1
typical,-40,3.63,5,1.80,6.72712e+07,3.184583e+07,0.47339,0.000175078,1
typical,-40,3.63,5,2.10,7.70292e+07,3.28105e+07,0.42595,0.000194816,1
typical,-40,3.63,5,2.40,8.69575e+07,3.380683e+07,0.38877,0.000215889,1
typical,-40,3.63,5,2.70,9.73133e+07,3.451933e+07,0.35472,0.000234911,1
typical,-40,3.63,6,0.90,7.06206e+07,4.8901e+07,0.69245,0.000166348,1
typical,-40,3.63,6,1.20,8.52909e+07,5.1084e+07,0.59894,0.000193821,1
typical,-40,3.63,6,1.50,1.01271e+08,5.48635e+07,0.54175,0.000223456,1
typical,-40,3.63,6,1.80,1.18209e+08,5.759333e+07,0.48722,0.000252494,1
typical,-40,3.63,6,2.10,1.35827e+08,6.033333e+07,0.44419,0.000280678,1
typical,-40,3.63,6,2.40,1.54409e+08,6.226667e+07,0.40326,0.000311,1
typical,-40,3.63,6,2.70,1.73187e+08,6.259333e+07,0.36142,0.000344922,1
typical,-40,3.63,7,0.90,1.17975e+08,8.519333e+07,0.72213,0.000245213,1
typical,-40,3.63,7,1.20,1.43533e+08,8.958167e+07,0.62412,0.000284792,1
typical,-40,3.63,7,1.50,1.71724e+08,9.697333e+07,0.5647,0.000332233,1
typical,-40,3.63,7,1.80,2.01717e+08,1.028317e+08,0.50978,0.00037475,0
typical,-40,3.63,7,2.10,2.33423e+08,1.077817e+08,0.46174,0.000424126,0
typical,-40,3.63,7,2.40,2.66386e+08,1.1115e+08,0.41725,0.000472113,0
typical,-40,3.63,7,2.70,3.00113e+08,1.124233e+08,0.3746,0.000519301,0
typical,27,2.97,0,0.90,4469790,2964133,0.66315,4.41464e-05,0
typical,27,2.97,0,1.20,5359030,3055300,0.57012,4.96362e-05,0
typical,27,2.97,0,1.50,6302970,3206717,0.50876,5.43496e-05,0
typical,27,2.97,0,1.80,7283060,3302433,0.45344,5.97329e-05,0
typical,27,2.97,0,2.10,8284430,3354050,0.40486,6.43973e-05,0
typical,27,2.97,0,2.40,9295490,3419617,0.36788,6.97576e-05,0
typical,27,2.97,0,2.70,1.03362e+07,3469033,0.33562,7.59759e-05,1
typical,27,2.97,1,0.90,7271450,4864367,0.66897,5.34268e-05,0
typical,27,2.97,1,1.20,8730760,5017917,0.57474,5.96911e-05,0
typical,27,2.97,1,1.50,1.02822e+07,5310233,0.51645,6.59049e-05,1
typical,27,2.97,1,1.80,1.19169e+07,5468167,0.45886,7.30648e-05,1
typical,27,2.97,1,2.10,1.35631e+07,5635167,0.41548,7.93413e-05,1
typical,27,2.97,1,2.40,1.5298e+07,5760667,0.37656,8.76375e-05,1
typical,27,2.97,1,2.70,1.70195e+07,5738333,0.33716,9.40374e-05,1
typical,27,2.97,2,0.90,1.22051e+07,8300667,0.6801,6.06441e-05,1
typical,27,2.97,2,1.20,1.46953e+07,8569833,0.58317,6.82839e-05,1
typical,27,2.97,2,1.50,1.7347e+07,9043500,0.52133,7.50478e-05,1
typical,27,2.97,2,1.80,2.01214e+07,9428333,0.46857,8.40271e-05,1
typical,27,2.97,2,2.10,2.3004e+07,9773833,0.42488,9.24384e-05,1
typical,27,2.97,2,2.40,2.59857e+07,9995333,0.38465,0.000100335,1
typical,27,2.97,2,2.70,2.90012e+07,1.005167e+07,0.34659,0.000110561,1
typical,27,2.97,3,0.90,2.01005e+07,1.385567e+07,0.68932,7.65882e-05,1
typical,27,2.97,3,1.20,2.42572e+07,1.446017e+07,0.59612,8.88575e-05,1
typical,27,2.97,3,1.50,2.87766e+07,1.54635e+07,0.53736,9.96356e-05,1
typical,27,2.97,3,1.80,3.35353e+07,1.609317e+07,0.47989,0.000112256,1
typical,27,2.97,3,2.10,3.84325e+07,1.6584e+07,0.43151,0.000125598,1
typical,27,2.97,3,2.40,4.34857e+07,1.717683e+07,0.395,0.000137031,1
typical,27,2.97,3,2.70,4.87386e+07,1.750967e+07,0.35926,0.00014965,1
typical,27,2.97,4,0.90,3.45736e+07,2.439267e+07,0.70553,8.595e-05,1
typical,27,2.97,4,1.20,4.18914e+07,2.559467e+07,0.61098,9.85743e-05,1
typical,27,2.97,4,1.50,4.99304e+07,2.73745e+07,0.54825,0.000112232,1
typical,27,2.97,4,1.80,5.83161e+07,2.876483e+07,0.49326,0.000125594,1
typical,27,2.97,4,2.10,6.71893e+07,2.983567e+07,0.44405,0.000139626,1
typical,27,2.97,4,2.40,7.62175e+07,3.10205e+07,0.407,0.000154158,1
typical,27,2.97,4,2.70,8.58016e+07,3.1947e+07,0.37234,0.000168918,1
typical,27,2.97,5,0.90,5.82235e+07,4.2699e+07,0.73336,0.000118433,1
typical,27,2.97,5,1.20,7.10332e+07,4.475467e+07,0.63005,0.000137394,1
typical,27,2.97,5,1.50,8.50763e+07,4.828967e+07,0.5676,0.00015722,1
typical,27,2.97,5,1.80,1.00007e+08,5.11095e+07,0.51106,0.000178771,1
typical,27,2.97,5,2.10,1.15742e+08,5.340167e+07,0.46139,0.00020015,1
typical,27,2.97,5,2.40,1.32048e+08,5.504333e+07,0.41684,0.000221136,1
typical,27,2.97,5,2.70,1.48768e+08,5.573333e+07,0.37463,0.000243669,1
typical,27,2.97,6,0.90,1.02807e+08,7.821667e+07,0.76081,0.000167888,1
typical,27,2.97,6,1.20,1.26272e+08,8.184333e+07,0.64815,0.000197868,1
typical,27,2.97,6,1.50,1.51913e+08,8.773333e+07,0.57752,0.000227233,1
typical,27,2.97,6,1.80,1.78912e+08,9.159333e+07,0.51195,0.000258523,1
typical,27,2.97,6,2.10,2.06869e+08,9.4225e+07,0.45548,0.000289319,0
typical,27,2.97,6,2.40,2.35447e+08,9.560667e+07,0.40606,0.00032161,0
typical,27,2.97,6,2.70,2.64233e+08,9.595333e+07,0.36314,0.000355178,0
typical,27,2.97,7,0.90,1.78592e+08,1.351333e+08,0.75666,0.000251807,1
typical,27,2.97,7,1.20,2.19132e+08,1.394117e+08,0.6362,0.000295305,0
typical,27,2.97,7,1.50,2.62239e+08,1.4537e+08,0.55434,0.000343186,0
typical,27,2.97,7,1.80,3.06354e+08,1.471417e+08,0.4803,0.000390177,0
typical,27,2.97,7,2.10,3.50524e+08,1.4654e+08,0.41806,0.000437504,0
typical,27,2.97,7,2.40,3.94278e+08,1.4441e+08,0.36626,0.000485931,0
typical,27,2.97,7,2.70,4.3717e+08,1.429733e+08,0.32704,0.000534146,0
typical,27,3.30,0,0.90,4054040,2600667,0.6415,4.89798e-05,0
typical,27,3.30,0,1.20,4834240,2704283,0.5594,5.40867e-05,0
typical,27,3.30,0,1.50,5676610,2816750,0.4962,5.85112e-05,0
typical,27,3.30,0,1.80,6524290,2877950,0.44111,6.39126e-05,0
typical,27,3.30,0,2.10,7403380,2967067,0.40077,6.92018e-05,0
typical,27,3.30,0,2.40,8304530,2989383,0.35997,7.54328e-05,0
typical,27,3.30,0,2.70,9197010,2974933,0.32347,7.97192e-05,0
typical,27,3.30,1,0.90,6535660,4222633,0.64609,5.75927e-05,0
typical,27,3.30,1,1.20,7802450,4377883,0.56109,6.51075e-05,0
typical,27,3.30,1,1.50,9162390,4610750,0.50323,7.13063e-05,0
typical,27,3.30,1,1.80,1.05689e+07,4724850,0.44705,7.78314e-05,1
typical,27,3.30,1,2.10,1.19973e+07,4864167,0.40544,8.49854e-05,1
typical,27,3.30,1,2.40,1.34874e+07,4925333,0.36518,9.16656e-05,1
typical,27,3.30,1,2.70,1.49525e+07,4883667,0.32661,9.87206e-05,1
typical,27,3.30,2,0.90,1.08893e+07,7141667,0.65584,6.48945e-05,1
typical,27,3.30,2,1.20,1.30318e+07,7270833,0.55793,7.36381e-05,1
typical,27,3.30,2,1.50,1.52518e+07,7822000,0.51286,8.04231e-05,1
typical,27,3.30,2,1.80,1.7725e+07,8209667,0.46317,9.03495e-05,1
typical,27,3.30,2,2.10,2.01776e+07,8277500,0.41023,9.73967e-05,1
typical,27,3.30,2,2.40,2.26915e+07,8391833,0.36982,0.000106811,1
typical,27,3.30,2,2.70,2.52127e+07,8404000,0.33332,0.000116661,1
typical,27,3.30,3,0.90,1.77096e+07,1.186833e+07,0.67016,8.36628e-05,1
typical,27,3.30,3,1.20,2.12701e+07,1.227467e+07,0.57709,9.53078e-05,1
typical,27,3.30,3,1.50,2.50744e+07,1.301783e+07,0.51917,0.000106818,1
typical,27,3.30,3,1.80,2.90808e+07,1.358e+07,0.46697,0.000118363,1
typical,27,3.30,3,2.10,3.32224e+07,1.393567e+07,0.41947,0.00013121,1
typical,27,3.30,3,2.40,3.74422e+07,1.422017e+07,0.37979,0.000144398,1
typical,27,3.30,3,2.70,4.17545e+07,1.437433e+07,0.34426,0.000157164,1
typical,27,3.30,4,0.90,3.01861e+07,2.070467e+07,0.6859,9.17253e-05,1
typical,27,3.30,4,1.20,3.63975e+07,2.1455e+07,0.58946,0.000105492,1
typical,27,3.30,4,1.50,4.30591e+07,2.28705e+07,0.53114,0.000119644,1
typical,27,3.30,4,1.80,5.01198e+07,2.392683e+07,0.47739,0.000135217,1
typical,27,3.30,4,2.10,5.74152e+07,2.475117e+07,0.43109,0.000148479,1
typical,27,3.30,4,2.40,6.49705e+07,2.545983e+07,0.39187,0.000161357,1
typical,27,3.30,4,2.70,7.26911e+07,2.573533e+07,0.35404,0.000176181,1
typical,27,3.30,5,0.90,5.01145e+07,3.529333e+07,0.70425,0.000125411,1
typical,27,3.30,5,1.20,6.07025e+07,3.689217e+07,0.60775,0.000146817,1
typical,27,3.30,5,1.50,7.22498e+07,3.965867e+07,0.54891,0.000165071,1
typical,27,3.30,5,1.80,8.44977e+07,4.161583e+07,0.49251,0.000186653,1
typical,27,3.30,5,2.10,9.72193e+07,4.15755e+07,0.42765,0.000207508,1
typical,27,3.30,5,2.40,1.09443e+08,4.535783e+07,0.41444,0.000230824,1
typical,27,3.30,5,2.70,1.24434e+08,4.997e+07,0.40158,0.000252955,1
typical,27,3.30,6,0.90,8.73476e+07,6.4108e+07,0.73394,0.000178373,1
typical,27,3.30,6,1.20,1.0658e+08,6.738733e+07,0.63227,0.000205375,1
typical,27,3.30,6,1.50,1.2778e+08,7.299e+07,0.57122,0.000236172,1
typical,27,3.30,6,1.80,1.50374e+08,7.7075e+07,0.51256,0.000269381,1
typical,27,3.30,6,2.10,1.74025e+08,8.015333e+07,0.46059,0.000302563,1
typical,27,3.30,6,2.40,1.98466e+08,8.308667e+07,0.41864,0.000334975,1
typical,27,3.30,6,2.70,2.23877e+08,8.470333e+07,0.37835,0.000370408,0
typical,27,3.30,7,0.90,1.50374e+08,1.1483e+08,0.76363,0.000263481,1
typical,27,3.30,7,1.20,1.84823e+08,1.201533e+08,0.6501,0.000311026,1
typical,27,3.30,7,1.50,2.22466e+08,1.28405e+08,0.57719,0.000358519,0
typical,27,3.30,7,1.80,2.61866e+08,1.33295e+08,0.50902,0.000409351,0
typical,27,3.30,7,2.10,3.02443e+08,1.360033e+08,0.44968,0.000459633,0
typical,27,3.30,7,2.40,3.43468e+08,1.370783e+08,0.3991,0.000508844,0
typical,27,3.30,7,2.70,3.8469e+08,1.374067e+08,0.35719,0.000559866,0
typical,27,3.63,0,0.90,3770840,2373667,0.62948,5.5498e-05,0
typical,27,3.63,0,1.20,4482940,2435950,0.54338,5.79311e-05,0
typical,27,3.63,0,1.50,5232410,2550233,0.48739,6.51367e-05,0
typical,27,3.63,0,1.80,6013080,2623783,0.43635,7.03871e-05,0
typical,27,3.63,0,2.10,6806680,2662883,0.39122,7.37027e-05,0
typical,27,3.63,0,2.40,7610810,2698367,0.35454,8.13063e-05,0
typical,27,3.63,0,2.70,8425700,2716300,0.32238,8.46358e-05,0
typical,27,3.63,1,0.90,6025320,3833967,0.63631,6.32554e-05,0
typical,27,3.63,1,1.20,7175510,3944667,0.54974,7.08483e-05,0
typical,27,3.63,1,1.50,8392120,4120033,0.49094,7.77034e-05,0
typical,27,3.63,1,1.80,9647530,4235800,0.43906,8.52547e-05,0
typical,27,3.63,1,2.10,1.09336e+07,4276950,0.39117,8.9389e-05,1
typical,27,3.63,1,2.40,1.22137e+07,4337667,0.35515,9.91748e-05,1
typical,27,3.63,1,2.70,1.35362e+07,4408333,0.32567,0.000106258,1
typical,27,3.63,2,0.90,9988470,6379767,0.63871,7.2833e-05,0
typical,27,3.63,2,1.20,1.19024e+07,6602883,0.55475,8.10635e-05,1
typical,27,3.63,2,1.50,1.39502e+07,6905833,0.49503,8.65868e-05,1
typical,27,3.63,2,1.80,1.60459e+07,7129833,0.44434,9.72476e-05,1
typical,27,3.63,2,2.10,1.82281e+07,7300167,0.40049,0.00010667,1
typical,27,3.63,2,2.40,2.0426e+07,7394333,0.36201,0.000112746,1
typical,27,3.63,2,2.70,2.26647e+07,7462333,0.32925,0.000122693,1
typical,27,3.63,3,0.90,1.60905e+07,1.0445e+07,0.64914,8.96212e-05,1
typical,27,3.63,3,1.20,1.9224e+07,1.077667e+07,0.56058,0.000101809,1
typical,27,3.63,3,1.50,2.25565e+07,1.141617e+07,0.50611,0.00011327,1
typical,27,3.63,3,1.80,2.60737e+07,1.176167e+07,0.45109,0.000127298,1
typical,27,3.63,3,2.10,2.96135e+07,1.203917e+07,0.40654,0.000138187,1
typical,27,3.63,3,2.40,3.32972e+07,1.24615e+07,0.37425,0.000151275,1
typical,27,3.63,3,2.70,3.70904e+07,1.2644e+07,0.3409,0.000164891,1
typical,27,3.63,4,0.90,2.73044e+07,1.809167e+07,0.66259,0.000100358,1
typical,27,3.63,4,1.20,3.27319e+07,1.87255e+07,0.57209,0.000114307,1
typical,27,3.63,4,1.50,3.85397e+07,1.975117e+07,0.51249,0.000128083,1
typical,27,3.63,4,1.80,4.45826e+07,2.062867e+07,0.46271,0.000141581,1
typical,27,3.63,4,2.10,5.09169e+07,2.11585e+07,0.41555,0.000157709,1
typical,27,3.63,4,2.40,5.72777e+07,2.172917e+07,0.37937,0.000171648,1
typical,27,3.63,4,2.70,6.39544e+07,2.225567e+07,0.34799,0.000185124,1
typical,27,3.63,5,0.90,4.47083e+07,3.0448e+07,0.68104,0.000135537,1
typical,27,3.63,5,1.20,5.38427e+07,3.1688e+07,0.58853,0.000155172,1
typical,27,3.63,5,1.50,6.37211e+07,3.3774e+07,0.53003,0.000175414,1
typical,27,3.63,5,1.80,7.41071e+07,3.540917e+07,0.47781,0.000196637,1
typical,27,3.63,5,2.10,8.49666e+07,3.664633e+07,0.4313,0.000219872,1
typical,27,3.63,5,2.40,9.60949e+07,3.818233e+07,0.39734,0.000242781,1
typical,27,3.63,5,2.70,1.07876e+08,3.927033e+07,0.36403,0.000264128,1
typical,27,3.63,6,0.90,7.70861e+07,5.460567e+07,0.70837,0.000189343,1
typical,27,3.63,6,1.20,9.34678e+07,5.708817e+07,0.61078,0.000217152,1
typical,27,3.63,6,1.50,1.11339e+08,6.1462e+07,0.55203,0.000248187,1
typical,27,3.63,6,1.80,1.30345e+08,6.5015e+07,0.49879,0.000281411,1
typical,27,3.63,6,2.10,1.50348e+08,6.808333e+07,0.45284,0.000316213,1
typical,27,3.63,6,2.40,1.71195e+08,7.078333e+07,0.41347,0.000349251,1
typical,27,3.63,6,2.70,1.92818e+08,7.207667e+07,0.37381,0.000383119,1
typical,27,3.63,7,0.90,1.30767e+08,9.709667e+07,0.74252,0.000276777,1
typical,27,3.63,7,1.20,1.59896e+08,1.021233e+08,0.63869,0.00032309,1
typical,27,3.63,7,1.50,1.92041e+08,1.106417e+08,0.57614,0.000371971,1
typical,27,3.63,7,1.80,2.26281e+08,1.164983e+08,0.51484,0.000424385,0
typical,27,3.63,7,2.10,2.6194e+08,1.2074e+08,0.46095,0.000477639,0
typical,27,3.63,7,2.40,2.98725e+08,1.240717e+08,0.41534,0.000530171,0
typical,27,3.63,7,2.70,3.36383e+08,1.255267e+08,0.37317,0.000581125,0
typical,125,2.97,0,0.90,4835710,3100800,0.64123,5.98565e-05,0
typical,125,2.97,0,1.20,5765950,3195117,0.55414,6.50382e-05,0
typical,125,2.97,0,1.50,6752780,3351950,0.49638,7.01425e-05,0
typical,125,2.97,0,1.80,7777120,3456300,0.44442,7.63501e-05,0
typical,125,2.97,0,2.10,8826560,3566683,0.40409,8.19238e-05,0
typical,125,2.97,0,2.40,9917130,3623733,0.3654,8.79161e-05,0
typical,125,2.97,0,2.70,1.10008e+07,3612233,0.32836,9.37429e-05,1
typical,125,2.97,1,0.90,7908990,5113900,0.64659,6.99893e-05,0
typical,125,2.97,1,1.20,9443160,5290017,0.5602,7.72891e-05,0
typical,125,2.97,1,1.50,1.1083e+07,5570400,0.50261,8.4443e-05,1
typical,125,2.97,1,1.80,1.27854e+07,5789667,0.45283,9.19649e-05,1
typical,125,2.97,1,2.10,1.45568e+07,5910167,0.40601,0.000100064,1
typical,125,2.97,1,2.40,1.63315e+07,6050167,0.37046,0.00010813,1
typical,125,2.97,1,2.70,1.81869e+07,6184667,0.34006,0.000116069,1
typical,125,2.97,2,0.90,1.31879e+07,8731000,0.66205,7.77935e-05,1
typical,125,2.97,2,1.20,1.58072e+07,9043667,0.57212,8.66572e-05,1
typical,125,2.97,2,1.50,1.86141e+07,9566500,0.51394,9.52961e-05,1
typical,125,2.97,2,1.80,2.15471e+07,9952667,0.4619,0.000104378,1
typical,125,2.97,2,2.10,2.45857e+07,1.03105e+07,0.41937,0.000114825,1
typical,125,2.97,2,2.40,2.77334e+07,1.05535e+07,0.38053,0.000124355,1
typical,125,2.97,2,2.70,3.09178e+07,1.061467e+07,0.34332,0.000133325,1
typical,125,2.97,3,0.90,2.19117e+07,1.485167e+07,0.6778,9.81917e-05,1
typical,125,2.97,3,1.20,2.63672e+07,1.542783e+07,0.58511,0.000111228,1
typical,125,2.97,3,1.50,3.11684e+07,1.6417e+07,0.52672,0.000123291,1
typical,125,2.97,3,1.80,3.62174e+07,1.719017e+07,0.47464,0.000137571,1
typical,125,2.97,3,2.10,4.14825e+07,1.779717e+07,0.42903,0.000150764,1
typical,125,2.97,3,2.40,4.68957e+07,1.8387e+07,0.39208,0.000164744,1
typical,125,2.97,3,2.70,5.25147e+07,1.873e+07,0.35666,0.000179698,1
typical,125,2.97,4,0.90,3.88647e+07,2.701133e+07,0.69501,0.000108696,1
typical,125,2.97,4,1.20,4.69681e+07,2.817283e+07,0.59983,0.000123564,1
typical,125,2.97,4,1.50,5.57684e+07,3.0156e+07,0.54074,0.000139551,1
typical,125,2.97,4,1.80,6.50617e+07,3.180133e+07,0.48879,0.000154566,1
typical,125,2.97,4,2.10,7.48492e+07,3.326183e+07,0.44438,0.000170985,1
typical,125,2.97,4,2.40,8.50188e+07,3.44165e+07,0.40481,0.000187556,1
typical,125,2.97,4,2.70,9.54991e+07,3.493433e+07,0.36581,0.000202875,1
typical,125,2.97,5,0.90,6.62356e+07,4.786433e+07,0.72264,0.000148763,1
typical,125,2.97,5,1.20,8.05949e+07,5.017167e+07,0.62252,0.000171694,1
typical,125,2.97,5,1.50,9.63386e+07,5.41235e+07,0.5618,0.000193706,1
typical,125,2.97,5,1.80,1.13069e+08,5.701733e+07,0.50427,0.000217738,1
typical,125,2.97,5,2.10,1.30549e+08,5.946167e+07,0.45547,0.000242316,1
typical,125,2.97,5,2.40,1.48746e+08,6.139833e+07,0.41277,0.000266919,1
typical,125,2.97,5,2.70,1.67388e+08,6.214e+07,0.37123,0.000292618,1
typical,125,2.97,6,0.90,1.17067e+08,8.756e+07,0.74795,0.000207389,1
typical,125,2.97,6,1.20,1.43335e+08,9.1105e+07,0.63561,0.000238868,1
typical,125,2.97,6,1.50,1.7173e+08,9.668833e+07,0.56303,0.000275755,1
typical,125,2.97,6,1.80,2.01348e+08,9.981167e+07,0.49572,0.00031098,0
typical,125,2.97,6,2.10,2.31617e+08,1.014467e+08,0.43799,0.000345528,0
typical,125,2.97,6,2.40,2.62216e+08,1.018567e+08,0.38845,0.000379368,0
typical,125,2.97,6,2.70,2.92731e+08,1.017167e+08,0.34747,0.000416581,0
typical,125,2.97,7,0.90,2.05017e+08,1.472133e+08,0.71805,0.000304202,0
typical,125,2.97,7,1.20,2.49181e+08,1.502e+08,0.60277,0.000358694,0
typical,125,2.97,7,1.50,2.95137e+08,1.531683e+08,0.51897,0.000408005,0
typical,125,2.97,7,1.80,3.41082e+08,1.518617e+08,0.44524,0.000461348,0
typical,125,2.97,7,2.10,3.86254e+08,1.48075e+08,0.38336,0.000513103,0
typical,125,2.97,7,2.40,4.29927e+08,1.427e+08,0.33192,0.000564546,0
typical,125,2.97,7,2.70,4.71874e+08,1.398233e+08,0.29631,0.000613584,0
typical,125,3.30,0,0.90,4387810,2743600,0.62528,6.4443e-05,0
typical,125,3.30,0,1.20,5210890,2831817,0.54344,6.98454e-05,0
typical,125,3.30,0,1.50,6086900,2959133,0.48615,7.46999e-05,0
typical,125,3.30,0,1.80,6986370,3047983,0.43628,8.14759e-05,0
typical,125,3.30,0,2.10,7915690,3088333,0.39015,8.69833e-05,0
typical,125,3.30,0,2.40,8839370,3147233,0.35605,9.26706e-05,0
typical,125,3.30,0,2.70,9804030,3215533,0.32798,9.88765e-05,0
typical,125,3.30,1,0.90,7112540,4491867,0.63154,7.49423e-05,0
typical,125,3.30,1,1.20,8460100,4634167,0.54777,8.25217e-05,0
typical,125,3.30,1,1.50,9893040,4868667,0.49213,8.99702e-05,0
typical,125,3.30,1,1.80,1.13813e+07,5006767,0.43991,9.8399e-05,1
typical,125,3.30,1,2.10,1.28971e+07,5131333,0.39787,0.000105744,1
typical,125,3.30,1,2.40,1.44601e+07,5257500,0.36359,0.000112997,1
typical,125,3.30,1,2.70,1.60516e+07,5305000,0.3305,0.000121425,1
typical,125,3.30,2,0.90,1.17909e+07,7566333,0.64171,8.34546e-05,1
typical,125,3.30,2,1.20,1.40608e+07,7827000,0.55665,9.17264e-05,1
typical,125,3.30,2,1.50,1.64871e+07,8240167,0.49979,0.000100996,1
typical,125,3.30,2,1.80,1.90049e+07,8572167,0.45105,0.000110625,1
typical,125,3.30,2,2.10,2.16304e+07,8787667,0.40626,0.00011978,1
typical,125,3.30,2,2.40,2.42775e+07,8981333,0.36994,0.000130707,1
typical,125,3.30,2,2.70,2.70192e+07,9139000,0.33824,0.000139624,1
typical,125,3.30,3,0.90,1.93693e+07,1.2717e+07,0.65655,0.000104099,1
typical,125,3.30,3,1.20,2.31844e+07,1.31795e+07,0.56846,0.00011712,1
typical,125,3.30,3,1.50,2.7277e+07,1.394017e+07,0.51106,0.000130303,1
typical,125,3.30,3,1.80,3.15485e+07,1.4539e+07,0.46085,0.000143738,1
typical,125,3.30,3,2.10,3.60004e+07,1.504667e+07,0.41796,0.00015882,1
typical,125,3.30,3,2.40,4.05765e+07,1.54575e+07,0.38095,0.000173193,1
typical,125,3.30,3,2.70,4.52749e+07,1.566133e+07,0.34592,0.000186219,1
typical,125,3.30,4,0.90,3.40721e+07,2.2768e+07,0.66823,0.000115084,1
typical,125,3.30,4,1.20,4.09025e+07,2.373467e+07,0.58027,0.000129798,1
typical,125,3.30,4,1.50,4.83129e+07,2.524217e+07,0.52247,0.000146003,1
typical,125,3.30,4,1.80,5.60478e+07,2.640617e+07,0.47114,0.000162857,1
typical,125,3.30,4,2.10,6.41566e+07,2.76525e+07,0.43102,0.000178229,1
typical,125,3.30,4,2.40,7.26393e+07,2.854017e+07,0.3929,0.000195413,1
typical,125,3.30,4,2.70,8.12807e+07,2.880467e+07,0.35439,0.00021155,1
typical,125,3.30,5,0.90,5.71898e+07,3.977067e+07,0.69542,0.000154984,1
typical,125,3.30,5,1.20,6.9121e+07,4.157767e+07,0.60152,0.000178861,1
typical,125,3.30,5,1.50,8.21364e+07,4.4766e+07,0.54502,0.000203367,1
typical,125,3.30,5,1.80,9.59806e+07,4.724433e+07,0.49223,0.000226343,1
typical,125,3.30,5,2.10,1.10483e+08,4.9579e+07,0.44875,0.000251492,1
typical,125,3.30,5,2.40,1.25728e+08,5.160833e+07,0.41048,0.000277063,1
typical,125,3.30,5,2.70,1.41448e+08,5.24e+07,0.37045,0.000301002,1
typical,125,3.30,6,0.90,9.988e+07,7.315667e+07,0.73245,0.000215259,1
typical,125,3.30,6,1.20,1.21827e+08,7.662333e+07,0.62895,0.000250485,1
typical,125,3.30,6,1.50,1.45854e+08,8.251833e+07,0.56576,0.000286712,1
typical,125,3.30,6,1.80,1.71338e+08,8.675667e+07,0.50635,0.000320506,1
typical,125,3.30,6,2.10,1.97908e+08,8.981667e+07,0.45383,0.000360052,1
typical,125,3.30,6,2.40,2.25228e+08,9.190667e+07,0.40806,0.000397157,0
typical,125,3.30,6,2.70,2.53052e+08,9.274667e+07,0.36651,0.00043409,0
typical,125,3.30,7,0.90,1.74958e+08,1.299533e+08,0.74277,0.000319909,1
typical,125,3.30,7,1.20,2.13944e+08,1.34435e+08,0.62837,0.000372855,0
typical,125,3.30,7,1.50,2.55619e+08,1.409667e+08,0.55147,0.000427342,0
typical,125,3.30,7,1.80,2.98524e+08,1.43725e+08,0.48145,0.000483392,0
typical,125,3.30,7,2.10,3.41854e+08,1.4398e+08,0.42117,0.000536699,0
typical,125,3.30,7,2.40,3.84912e+08,1.4203e+08,0.36899,0.000591481,0
typical,125,3.30,7,2.70,4.27072e+08,1.405333e+08,0.32906,0.000648964,0
typical,125,3.63,0,0.90,4079470,2500300,0.6129,6.85719e-05,0
typical,125,3.63,0,1.20,4829560,2561817,0.53045,7.41636e-05,0
typical,125,3.63,0,1.50,5616560,2667833,0.47499,8.11889e-05,0
typical,125,3.63,0,1.80,6430260,2744717,0.42684,8.63034e-05,0
typical,125,3.63,0,2.10,7263390,2795667,0.3849,9.10441e-05,0
typical,125,3.63,0,2.40,8107660,2818200,0.3476,9.75297e-05,0
typical,125,3.63,0,2.70,8954310,2822167,0.31517,0.000104453,0
typical,125,3.63,1,0.90,6560840,4048000,0.61699,8.09468e-05,0
typical,125,3.63,1,1.20,7775240,4153817,0.53424,8.7797e-05,0
typical,125,3.63,1,1.50,9053130,4354933,0.48104,9.4331e-05,0
typical,125,3.63,1,1.80,1.03882e+07,4492617,0.43247,0.000102224,1
typical,125,3.63,1,2.10,1.17487e+07,4552500,0.38749,0.000111004,1
typical,125,3.63,1,2.40,1.31197e+07,4642667,0.35387,0.000119684,1
typical,125,3.63,1,2.70,1.45343e+07,4715333,0.32443,0.000127602,1
typical,125,3.63,2,0.90,1.08145e+07,6751667,0.62432,8.99336e-05,1
typical,125,3.63,2,1.20,1.284e+07,6978667,0.54351,9.75611e-05,1
typical,125,3.63,2,1.50,1.50017e+07,7332333,0.48877,0.000106487,1
typical,125,3.63,2,1.80,1.72394e+07,7553000,0.43812,0.000118124,1
typical,125,3.63,2,2.10,1.95335e+07,7787667,0.39868,0.000128153,1
typical,125,3.63,2,2.40,2.1912e+07,7931333,0.36196,0.000137823,1
typical,125,3.63,2,2.70,2.42923e+07,7934333,0.32662,0.000147048,1
typical,125,3.63,3,0.90,1.75931e+07,1.125467e+07,0.63972,0.000112279,1
typical,125,3.63,3,1.20,2.09695e+07,1.1598e+07,0.55309,0.000123386,1
typical,125,3.63,3,1.50,2.45519e+07,1.220117e+07,0.49695,0.000136211,1
typical,125,3.63,3,1.80,2.82902e+07,1.270267e+07,0.44901,0.000150146,1
typical,125,3.63,3,2.10,3.21735e+07,1.309383e+07,0.40698,0.000165821,1
typical,125,3.63,3,2.40,3.61465e+07,1.345417e+07,0.37221,0.000180073,1
typical,125,3.63,3,2.70,4.0246e+07,1.3665e+07,0.33954,0.00019417,1
typical,125,3.63,4,0.90,3.07858e+07,1.991733e+07,0.64696,0.000124316,1
typical,125,3.63,4,1.20,3.6761e+07,2.065083e+07,0.56176,0.000138882,1
typical,125,3.63,4,1.50,4.31763e+07,2.18865e+07,0.50691,0.000154672,1
typical,125,3.63,4,1.80,4.98929e+07,2.287217e+07,0.45843,0.000170043,1
typical,125,3.63,4,2.10,5.68996e+07,2.375217e+07,0.41744,0.00018718,1
typical,125,3.63,4,2.40,6.41442e+07,2.441033e+07,0.38055,0.000204066,1
typical,125,3.63,4,2.70,7.15458e+07,2.4672e+07,0.34484,0.000221027,1
typical,125,3.63,5,0.90,5.101e+07,3.4238e+07,0.6712,0.000165956,1
typical,125,3.63,5,1.20,6.12814e+07,3.5697e+07,0.58251,0.000187731,1
typical,125,3.63,5,1.50,7.24282e+07,3.815783e+07,0.52684,0.000213087,1
typical,125,3.63,5,1.80,8.41761e+07,4.009433e+07,0.47631,0.000236338,1
typical,125,3.63,5,2.10,9.64848e+07,4.193817e+07,0.43466,0.000262229,1
typical,125,3.63,5,2.40,1.09339e+08,4.374033e+07,0.40004,0.000286326,1
typical,125,3.63,5,2.70,1.22729e+08,4.463333e+07,0.36367,0.000313637,1
typical,125,3.63,6,0.90,8.80897e+07,6.2281e+07,0.70702,0.000226022,1
typical,125,3.63,6,1.20,1.06774e+08,6.516717e+07,0.61033,0.000262326,1
typical,125,3.63,6,1.50,1.2719e+08,7.043333e+07,0.55376,0.000296075,1
typical,125,3.63,6,1.80,1.49034e+08,7.467667e+07,0.50107,0.0003353,1
typical,125,3.63,6,2.10,1.71996e+08,7.808333e+07,0.45398,0.000372726,1
typical,125,3.63,6,2.40,1.95884e+08,8.064167e+07,0.41168,0.000410316,1
typical,125,3.63,6,2.70,2.20381e+08,8.165667e+07,0.37052,0.000448779,0
typical,125,3.63,7,0.90,1.52578e+08,1.126533e+08,0.73833,0.000333326,1
typical,125,3.63,7,1.20,1.86374e+08,1.175283e+08,0.6306,0.000384848,1
typical,125,3.63,7,1.50,2.23095e+08,1.256e+08,0.56299,0.000445327,0
typical,125,3.63,7,1.80,2.61734e+08,1.305417e+08,0.49876,0.000503048,0
typical,125,3.63,7,2.10,3.0142e+08,1.33385e+08,0.44252,0.000560613,0
typical,125,3.63,7,2.40,3.41765e+08,1.34465e+08,0.39344,0.000615769,0
typical,125,3.63,7,2.70,3.82099e+08,1.344467e+08,0.35186,0.000675563,0
