======== band 0 :: generated deck (typical_-40c_3.30v) ========
* GENERATED by simenv.sh -- do not edit; edit /Users/rwalters/GitHub/gf180-pll/.loom/worktrees/issue-32/sim/vco-tuning-range/testbench/tb_vco_tuning.sp instead
* tag=typical_Tm40_V3p30_B0 libs=typical,res_typical,moscap_typical temp=-40C
.include "/Users/rwalters/.volare/gf180mcuD/libs.tech/ngspice/design.ngspice"
.lib "/Users/rwalters/.volare/gf180mcuD/libs.tech/ngspice/sm141064.ngspice" typical
.lib "/Users/rwalters/.volare/gf180mcuD/libs.tech/ngspice/sm141064.ngspice" res_typical
.lib "/Users/rwalters/.volare/gf180mcuD/libs.tech/ngspice/sm141064.ngspice" moscap_typical
.temp -40
.param sim_temp=-40
.param vsup=3.30
.param b0v=0*3.30
.param b1v=0*3.30
.param b2v=0*3.30
.param tsettle=1.18519e-06
.param tstop=3.25926e-06
.param tstep=1.57378e-09
.param tmax=1.57378e-09
.include "/Users/rwalters/GitHub/gf180-pll/.loom/worktrees/issue-32/sim/vco-tuning-range/testbench/tb_vco_tuning.sp"
.end

======== band 0 :: ngspice output ========

Note: Compatibility modes selected: hs a

Warning: m=xx on .subckt line will override multiplier m hierarchy!


Circuit: * generated by simenv.sh -- do not edit; edit /users/rwalters/github/gf180-pll/.loom/worktrees/issue-32/sim/vco-tuning-range/testbench/tb_vco_tuning.sp instead

Doing analysis at TEMP = -40.000000 and TNOM = 27.000000

Using SPARSE 1.3 as Direct Linear Solver

Initial Transient Solution
--------------------------

Node                                   Voltage
----                                   -------
vdd                                        3.3
nb0                                          0
nb1                                          0
nb2                                          0
vc1                                        0.9
vc2                                        1.2
vc3                                        1.5
vc4                                        1.8
vc5                                        2.1
vc6                                        2.4
vc7                                        2.7
nv1                                        3.3
nv2                                        3.3
nv3                                        3.3
nv4                                        3.3
nv5                                        3.3
nv6                                        3.3
nv7                                        3.3
x1.xbias.na                           0.935869
x1.xbias.vbpc                          2.31493
x1.xbias.nc                          0.0947311
x1.xbias.xrcg.11                      0.094525
x1.xbias.xrcg.21                   0.000206084
x1.xbias.nsu                         0.0162007
x1.xbias.vfix                          1.85005
x1.xbias.nmd                          0.797504
x1.xbias.vbp0                          2.39529
x1.xbias.noff                         0.798797
x1.xbias.xroff.11                     0.798493
x1.xbias.xroff.21                  0.000304089
x1.xbias.nvi                          0.138788
x1.xbias.xrdeg.11                     0.138735
x1.xbias.xrdeg.21                  5.28343e-05
x1.xbias.b0b                               3.3
x1.xbias.b1b                               3.3
x1.xbias.b2b                               3.3
x1.xbias.vbn1                         0.764122
x1.xbias.ga                                3.3
x1.xbias.vbp2                          2.41165
x1.xbias.gb                        4.88117e-15
x1.vbn                                0.740926
x1.xbias.gc                                3.3
x1.vbp                                 2.42505
x1.xs1.nh                              1.22822
x1.y1                                        0
x1.y5                                        0
x1.xs1.nt                            2.873e-14
x1.xs2.nh                                  3.3
x1.y2                                      3.3
x1.xs2.nt                          5.94112e-11
x1.xs3.nh                                  3.3
x1.y3                                        0
x1.xs3.nt                          5.02031e-39
x1.xs4.nh                                  3.3
x1.y4                                      3.3
x1.xs4.nt                          5.94112e-11
x1.xs5.nh                                  3.3
x1.xs5.nt                          5.02031e-39
x1.nb1                                     3.3
x1.nb2                             3.06524e-09
clk1                                       3.3
x1.xcdec1.c_moscap_int1                   -3.3
x1.xcdec2.c_moscap_int1                   -3.3
x2.xbias.na                           0.935869
x2.xbias.vbpc                          2.31493
x2.xbias.nc                          0.0947311
x2.xbias.xrcg.11                      0.094525
x2.xbias.xrcg.21                   0.000206084
x2.xbias.nsu                         0.0162007
x2.xbias.vfix                          1.85005
x2.xbias.nmd                          0.797504
x2.xbias.vbp0                          2.38511
x2.xbias.noff                          0.79878
x2.xbias.xroff.11                     0.798476
x2.xbias.xroff.21                  0.000304082
x2.xbias.nvi                          0.333739
x2.xbias.xrdeg.11                     0.333611
x2.xbias.xrdeg.21                  0.000127049
x2.xbias.b0b                               3.3
x2.xbias.b1b                               3.3
x2.xbias.b2b                               3.3
x2.xbias.vbn1                         0.773427
x2.xbias.ga                                3.3
x2.xbias.vbp2                          2.40264
x2.xbias.gb                         4.8915e-15
x2.vbn                                0.748685
x2.xbias.gc                                3.3
x2.vbp                                 2.41734
x2.xs1.nh                              1.23484
x2.y1                                        0
x2.y5                                        0
x2.xs1.nt                          2.17428e-15
x2.xs2.nh                                  3.3
x2.y2                                      3.3
x2.xs2.nt                          5.13237e-11
x2.xs3.nh                                  3.3
x2.y3                                        0
x2.xs3.nt                           4.9213e-38
x2.xs4.nh                                  3.3
x2.y4                                      3.3
x2.xs4.nt                          5.13237e-11
x2.xs5.nh                                  3.3
x2.xs5.nt                          4.92105e-38
x2.nb1                                     3.3
x2.nb2                             3.06524e-09
clk2                                       3.3
x2.xcdec1.c_moscap_int1                   -3.3
x2.xcdec2.c_moscap_int1                   -3.3
x3.xbias.na                           0.935869
x3.xbias.vbpc                          2.31493
x3.xbias.nc                          0.0947311
x3.xbias.xrcg.11                      0.094525
x3.xbias.xrcg.21                   0.000206084
x3.xbias.nsu                         0.0162007
x3.xbias.vfix                          1.85005
x3.xbias.nmd                          0.797504
x3.xbias.vbp0                          2.37546
x3.xbias.noff                         0.798763
x3.xbias.xroff.11                     0.798459
x3.xbias.xroff.21                  0.000304076
x3.xbias.nvi                          0.543545
x3.xbias.xrdeg.11                     0.543338
x3.xbias.xrdeg.21                  0.000206919
x3.xbias.b0b                               3.3
x3.xbias.b1b                               3.3
x3.xbias.b2b                               3.3
x3.xbias.vbn1                         0.782145
x3.xbias.ga                                3.3
x3.xbias.vbp2                          2.39416
x3.xbias.gb                        4.90118e-15
x3.vbn                                0.755875
x3.xbias.gc                                3.3
x3.vbp                                 2.41017
x3.xs1.nh                              1.24102
x3.y1                                        0
x3.y5                                        0
x3.xs1.nt                          1.60308e-16
x3.xs2.nh                                  3.3
x3.y2                                      3.3
x3.xs2.nt                          4.51095e-11
x3.xs3.nh                                  3.3
x3.y3                                        0
x3.xs3.nt                          3.46787e-38
x3.xs4.nh                                  3.3
x3.y4                                      3.3
x3.xs4.nt                          4.51095e-11
x3.xs5.nh                                  3.3
x3.xs5.nt                          3.46787e-38
x3.nb1                                     3.3
x3.nb2                             3.06524e-09
clk3                                       3.3
x3.xcdec1.c_moscap_int1                   -3.3
x3.xcdec2.c_moscap_int1                   -3.3
x4.xbias.na                           0.935869
x4.xbias.vbpc                          2.31493
x4.xbias.nc                          0.0947311
x4.xbias.xrcg.11                      0.094525
x4.xbias.xrcg.21                   0.000206084
x4.xbias.nsu                         0.0162007
x4.xbias.vfix                          1.85005
x4.xbias.nmd                          0.797504
x4.xbias.vbp0                          2.36645
x4.xbias.noff                         0.798748
x4.xbias.xroff.11                     0.798444
x4.xbias.xroff.21                   0.00030407
x4.xbias.nvi                          0.761719
x4.xbias.xrdeg.11                     0.761429
x4.xbias.xrdeg.21                  0.000289974
x4.xbias.b0b                               3.3
x4.xbias.b1b                               3.3
x4.xbias.b2b                               3.3
x4.xbias.vbn1                         0.790176
x4.xbias.ga                                3.3
x4.xbias.vbp2                          2.38632
x4.xbias.gb                        4.91009e-15
x4.vbn                                0.762429
x4.xbias.gc                                3.3
x4.vbp                                 2.40359
x4.xs1.nh                              1.24669
x4.y1                                        0
x4.y5                                        0
x4.xs1.nt                          7.17823e-18
x4.xs2.nh                                  3.3
x4.y2                                      3.3
x4.xs2.nt                          4.03062e-11
x4.xs3.nh                                  3.3
x4.y3                                        0
x4.xs3.nt                         -9.68119e-39
x4.xs4.nh                                  3.3
x4.y4                                      3.3
x4.xs4.nt                          4.03062e-11
x4.xs5.nh                                  3.3
x4.xs5.nt                         -9.68276e-39
x4.nb1                                     3.3
x4.nb2                             3.06524e-09
clk4                                       3.3
x4.xcdec1.c_moscap_int1                   -3.3
x4.xcdec2.c_moscap_int1                   -3.3
x5.xbias.na                           0.935869
x5.xbias.vbpc                          2.31493
x5.xbias.nc                          0.0947311
x5.xbias.xrcg.11                      0.094525
x5.xbias.xrcg.21                   0.000206084
x5.xbias.nsu                         0.0162007
x5.xbias.vfix                          1.85005
x5.xbias.nmd                          0.797504
x5.xbias.vbp0                          2.35803
x5.xbias.noff                         0.798733
x5.xbias.xroff.11                     0.798429
x5.xbias.xroff.21                  0.000304064
x5.xbias.nvi                          0.985885
x5.xbias.xrdeg.11                      0.98551
x5.xbias.xrdeg.21                   0.00037531
x5.xbias.b0b                               3.3
x5.xbias.b1b                               3.3
x5.xbias.b2b                               3.3
x5.xbias.vbn1                         0.797597
x5.xbias.ga                                3.3
x5.xbias.vbp2                          2.37902
x5.xbias.gb                        4.91833e-15
x5.vbn                                0.768427
x5.xbias.gc                                3.3
x5.vbp                                 2.39754
x5.xs1.nh                              1.25192
x5.y1                                        0
x5.y5                                        0
x5.xs1.nt                         -2.65031e-18
x5.xs2.nh                                  3.3
x5.y2                                      3.3
x5.xs2.nt                          3.65083e-11
x5.xs3.nh                                  3.3
x5.y3                                        0
x5.xs3.nt                          5.38275e-38
x5.xs4.nh                                  3.3
x5.y4                                      3.3
x5.xs4.nt                          3.65083e-11
x5.xs5.nh                                  3.3
x5.xs5.nt                          5.38275e-38
x5.nb1                                     3.3
x5.nb2                             3.06524e-09
clk5                                       3.3
x5.xcdec1.c_moscap_int1                   -3.3
x5.xcdec2.c_moscap_int1                   -3.3
x6.xbias.na                           0.935869
x6.xbias.vbpc                          2.31493
x6.xbias.nc                          0.0947311
x6.xbias.xrcg.11                      0.094525
x6.xbias.xrcg.21                   0.000206084
x6.xbias.nsu                         0.0162007
x6.xbias.vfix                          1.85005
x6.xbias.nmd                          0.797504
x6.xbias.vbp0                          2.35012
x6.xbias.noff                         0.798719
x6.xbias.xroff.11                     0.798415
x6.xbias.xroff.21                  0.000304059
x6.xbias.nvi                           1.21477
x6.xbias.xrdeg.11                      1.21431
x6.xbias.xrdeg.21                  0.000462442
x6.xbias.b0b                               3.3
x6.xbias.b1b                               3.3
x6.xbias.b2b                               3.3
x6.xbias.vbn1                         0.804499
x6.xbias.ga                                3.3
x6.xbias.vbp2                          2.37221
x6.xbias.gb                        4.92598e-15
x6.vbn                                0.773954
x6.xbias.gc                                3.3
x6.vbp                                 2.39193
x6.xs1.nh                              1.25678
x6.y1                                        0
x6.y5                                        0
x6.xs1.nt                          3.16104e-19
x6.xs2.nh                                  3.3
x6.y2                                      3.3
x6.xs2.nt                          3.34372e-11
x6.xs3.nh                                  3.3
x6.y3                                        0
x6.xs3.nt                         -2.68119e-38
x6.xs4.nh                                  3.3
x6.y4                                      3.3
x6.xs4.nt                          3.34372e-11
x6.xs5.nh                                  3.3
x6.xs5.nt                         -2.68122e-38
x6.nb1                                     3.3
x6.nb2                             3.06524e-09
clk6                                       3.3
x6.xcdec1.c_moscap_int1                   -3.3
x6.xcdec2.c_moscap_int1                   -3.3
x7.xbias.na                           0.935869
x7.xbias.vbpc                          2.31493
x7.xbias.nc                          0.0947311
x7.xbias.xrcg.11                      0.094525
x7.xbias.xrcg.21                   0.000206084
x7.xbias.nsu                         0.0162007
x7.xbias.vfix                          1.85005
x7.xbias.nmd                          0.797504
x7.xbias.vbp0                          2.34264
x7.xbias.noff                         0.798706
x7.xbias.xroff.11                     0.798402
x7.xbias.xroff.21                  0.000304054
x7.xbias.nvi                           1.44754
x7.xbias.xrdeg.11                      1.44699
x7.xbias.xrdeg.21                  0.000551055
x7.xbias.b0b                               3.3
x7.xbias.b1b                               3.3
x7.xbias.b2b                               3.3
x7.xbias.vbn1                         0.810958
x7.xbias.ga                                3.3
x7.xbias.vbp2                          2.36579
x7.xbias.gb                        4.93313e-15
x7.vbn                                0.779084
x7.xbias.gc                                3.3
x7.vbp                                 2.38668
x7.xs1.nh                              1.26133
x7.y1                                        0
x7.y5                                        0
x7.xs1.nt                         -3.36943e-18
x7.xs2.nh                                  3.3
x7.y2                                      3.3
x7.xs2.nt                          3.09043e-11
x7.xs3.nh                                  3.3
x7.y3                                        0
x7.xs3.nt                          -2.4275e-38
x7.xs4.nh                                  3.3
x7.y4                                      3.3
x7.xs4.nt                          3.09043e-11
x7.xs5.nh                                  3.3
x7.xs5.nt                         -2.42749e-38
x7.nb1                                     3.3
x7.nb2                             3.06524e-09
clk7                                       3.3
x7.xcdec1.c_moscap_int1                   -3.3
x7.xcdec2.c_moscap_int1                   -3.3
e.x7.xcdec2.ec_moscap#branch                 0
e.x7.xcdec1.ec_moscap#branch                 0
e.x6.xcdec2.ec_moscap#branch                 0
e.x6.xcdec1.ec_moscap#branch                 0
e.x5.xcdec2.ec_moscap#branch                 0
e.x5.xcdec1.ec_moscap#branch                 0
e.x4.xcdec2.ec_moscap#branch                 0
e.x4.xcdec1.ec_moscap#branch                 0
e.x3.xcdec2.ec_moscap#branch                 0
e.x3.xcdec1.ec_moscap#branch                 0
e.x2.xcdec2.ec_moscap#branch                 0
e.x2.xcdec1.ec_moscap#branch                 0
e.x1.xcdec2.ec_moscap#branch                 0
e.x1.xcdec1.ec_moscap#branch                 0
vs7#branch                         5.39343e-05
vs6#branch                         4.96559e-05
vs5#branch                         4.54396e-05
vs4#branch                         4.12995e-05
vs3#branch                         3.72584e-05
vs2#branch                          3.3359e-05
vs1#branch                         2.97203e-05
vv7#branch                                   0
vv6#branch                                   0
vv5#branch                                   0
vv4#branch                                   0
vv3#branch                                   0
vv2#branch                                   0
vv1#branch                                   0
vb2#branch                                   0
vb1#branch                                   0
vb0#branch                                   0
vdd#branch                        -0.000290667


No. of Data Rows : 2940

  Measurements for Transient Analysis

tp1                 =  1.04100e-06 targ=  2.34325e-06 trig=  1.30225e-06
tp2                 =  8.72615e-07 targ=  2.18337e-06 trig=  1.31075e-06
tp3                 =  7.45693e-07 targ=  2.04990e-06 trig=  1.30421e-06
tp4                 =  6.46827e-07 targ=  1.94147e-06 trig=  1.29464e-06
tp5                 =  5.69714e-07 targ=  1.85396e-06 trig=  1.28424e-06
tp6                 =  5.08911e-07 targ=  1.78255e-06 trig=  1.27364e-06
tp7                 =  4.60071e-07 targ=  1.72367e-06 trig=  1.26360e-06
f1                  =  3.84245e+06
f2                  =  4.58392e+06
f3                  =  5.36414e+06
f4                  =  6.18403e+06
f5                  =  7.02106e+06
f6                  =  7.85992e+06
f7                  =  8.69432e+06
i1                  =  4.27848e-05 from=  1.18519e-06 to=  3.25926e-06
i2                  =  4.55362e-05 from=  1.18519e-06 to=  3.25926e-06
i3                  =  5.09889e-05 from=  1.18519e-06 to=  3.25926e-06
i4                  =  5.57141e-05 from=  1.18519e-06 to=  3.25926e-06
i5                  =  6.07879e-05 from=  1.18519e-06 to=  3.25926e-06
i6                  =  6.41782e-05 from=  1.18519e-06 to=  3.25926e-06
i7                  =  7.09213e-05 from=  1.18519e-06 to=  3.25926e-06
sw1hi               =  3.35193e+00 at=  2.34382e-06
sw1lo               =  -5.75844e-02 at=  2.98272e-06
sw7hi               =  3.36255e+00 at=  1.49495e-06
sw7lo               =  -5.74531e-02 at=  2.35145e-06


Total analysis time (seconds) = 400.655

Total elapsed time (seconds) = 407.132 

Total DRAM available = 98304.000 MB.
DRAM currently available = 11115.734 MB.
Maximum ngspice program size =   24.156 MB.
Current ngspice program size =   24.156 MB.


======== band 1 :: generated deck (typical_-40c_3.30v) ========
* GENERATED by simenv.sh -- do not edit; edit /Users/rwalters/GitHub/gf180-pll/.loom/worktrees/issue-32/sim/vco-tuning-range/testbench/tb_vco_tuning.sp instead
* tag=typical_Tm40_V3p30_B1 libs=typical,res_typical,moscap_typical temp=-40C
.include "/Users/rwalters/.volare/gf180mcuD/libs.tech/ngspice/design.ngspice"
.lib "/Users/rwalters/.volare/gf180mcuD/libs.tech/ngspice/sm141064.ngspice" typical
.lib "/Users/rwalters/.volare/gf180mcuD/libs.tech/ngspice/sm141064.ngspice" res_typical
.lib "/Users/rwalters/.volare/gf180mcuD/libs.tech/ngspice/sm141064.ngspice" moscap_typical
.temp -40
.param sim_temp=-40
.param vsup=3.30
.param b0v=1*3.30
.param b1v=0*3.30
.param b2v=0*3.30
.param tsettle=7.18294e-07
.param tstop=1.97531e-06
.param tstep=9.53805e-10
.param tmax=9.53805e-10
.include "/Users/rwalters/GitHub/gf180-pll/.loom/worktrees/issue-32/sim/vco-tuning-range/testbench/tb_vco_tuning.sp"
.end

======== band 1 :: ngspice output ========

Note: Compatibility modes selected: hs a

Warning: m=xx on .subckt line will override multiplier m hierarchy!


Circuit: * generated by simenv.sh -- do not edit; edit /users/rwalters/github/gf180-pll/.loom/worktrees/issue-32/sim/vco-tuning-range/testbench/tb_vco_tuning.sp instead

Doing analysis at TEMP = -40.000000 and TNOM = 27.000000

Using SPARSE 1.3 as Direct Linear Solver

Initial Transient Solution
--------------------------

Node                                   Voltage
----                                   -------
vdd                                        3.3
nb0                                        3.3
nb1                                          0
nb2                                          0
vc1                                        0.9
vc2                                        1.2
vc3                                        1.5
vc4                                        1.8
vc5                                        2.1
vc6                                        2.4
vc7                                        2.7
nv1                                        3.3
nv2                                        3.3
nv3                                        3.3
nv4                                        3.3
nv5                                        3.3
nv6                                        3.3
nv7                                        3.3
x1.xbias.na                           0.935869
x1.xbias.vbpc                          2.31493
x1.xbias.nc                          0.0947311
x1.xbias.xrcg.11                      0.094525
x1.xbias.xrcg.21                   0.000206084
x1.xbias.nsu                         0.0162007
x1.xbias.vfix                          1.85005
x1.xbias.nmd                          0.797504
x1.xbias.vbp0                          2.39529
x1.xbias.noff                         0.798797
x1.xbias.xroff.11                     0.798493
x1.xbias.xroff.21                  0.000304089
x1.xbias.nvi                          0.138788
x1.xbias.xrdeg.11                     0.138735
x1.xbias.xrdeg.21                  5.28343e-05
x1.xbias.b0b                       4.45545e-09
x1.xbias.b1b                               3.3
x1.xbias.b2b                               3.3
x1.xbias.vbn1                         0.789945
x1.xbias.ga                            2.39529
x1.xbias.vbp2                          2.38654
x1.xbias.gb                        4.90984e-15
x1.vbn                                0.762241
x1.xbias.gc                                3.3
x1.vbp                                 2.40378
x1.xs1.nh                              1.24653
x1.y1                                        0
x1.y5                                        0
x1.xs1.nt                          -2.0095e-14
x1.xs2.nh                                  3.3
x1.y2                                      3.3
x1.xs2.nt                          4.04185e-11
x1.xs3.nh                                  3.3
x1.y3                                        0
x1.xs3.nt                         -2.86545e-38
x1.xs4.nh                                  3.3
x1.y4                                      3.3
x1.xs4.nt                          4.04185e-11
x1.xs5.nh                                  3.3
x1.xs5.nt                         -2.86545e-38
x1.nb1                                     3.3
x1.nb2                             3.06524e-09
clk1                                       3.3
x1.xcdec1.c_moscap_int1                   -3.3
x1.xcdec2.c_moscap_int1                   -3.3
x2.xbias.na                           0.935869
x2.xbias.vbpc                          2.31493
x2.xbias.nc                          0.0947311
x2.xbias.xrcg.11                      0.094525
x2.xbias.xrcg.21                   0.000206084
x2.xbias.nsu                         0.0162007
x2.xbias.vfix                          1.85005
x2.xbias.nmd                          0.797504
x2.xbias.vbp0                          2.38511
x2.xbias.noff                          0.79878
x2.xbias.xroff.11                     0.798476
x2.xbias.xroff.21                  0.000304082
x2.xbias.nvi                          0.333739
x2.xbias.xrdeg.11                     0.333611
x2.xbias.xrdeg.21                  0.000127049
x2.xbias.b0b                       4.45545e-09
x2.xbias.b1b                               3.3
x2.xbias.b2b                               3.3
x2.xbias.vbn1                         0.800435
x2.xbias.ga                            2.38511
x2.xbias.vbp2                          2.37623
x2.xbias.gb                        4.92147e-15
x2.vbn                                0.770706
x2.xbias.gc                                3.3
x2.vbp                                 2.39523
x2.xs1.nh                              1.25392
x2.y1                                        0
x2.y5                                        0
x2.xs1.nt                          -6.5963e-16
x2.xs2.nh                                  3.3
x2.y2                                      3.3
x2.xs2.nt                          3.51956e-11
x2.xs3.nh                                  3.3
x2.y3                                        0
x2.xs3.nt                         -2.59293e-38
x2.xs4.nh                                  3.3
x2.y4                                      3.3
x2.xs4.nt                          3.51956e-11
x2.xs5.nh                                  3.3
x2.xs5.nt                         -2.59294e-38
x2.nb1                                     3.3
x2.nb2                             3.06524e-09
clk2                                       3.3
x2.xcdec1.c_moscap_int1                   -3.3
x2.xcdec2.c_moscap_int1                   -3.3
x3.xbias.na                           0.935869
x3.xbias.vbpc                          2.31493
x3.xbias.nc                          0.0947311
x3.xbias.xrcg.11                      0.094525
x3.xbias.xrcg.21                   0.000206084
x3.xbias.nsu                         0.0162007
x3.xbias.vfix                          1.85005
x3.xbias.nmd                          0.797504
x3.xbias.vbp0                          2.37546
x3.xbias.noff                         0.798763
x3.xbias.xroff.11                     0.798459
x3.xbias.xroff.21                  0.000304076
x3.xbias.nvi                          0.543545
x3.xbias.xrdeg.11                     0.543338
x3.xbias.xrdeg.21                  0.000206919
x3.xbias.b0b                       4.45545e-09
x3.xbias.b1b                               3.3
x3.xbias.b2b                               3.3
x3.xbias.vbn1                         0.810341
x3.xbias.ga                            2.37546
x3.xbias.vbp2                          2.36641
x3.xbias.gb                        4.93245e-15
x3.vbn                                0.778595
x3.xbias.gc                                3.3
x3.vbp                                 2.38718
x3.xs1.nh                              1.26089
x3.y1                                        0
x3.y5                                        0
x3.xs1.nt                         -1.25708e-17
x3.xs2.nh                                  3.3
x3.y2                                      3.3
x3.xs2.nt                          3.11334e-11
x3.xs3.nh                                  3.3
x3.y3                                        0
x3.xs3.nt                         -2.41207e-38
x3.xs4.nh                                  3.3
x3.y4                                      3.3
x3.xs4.nt                          3.11334e-11
x3.xs5.nh                                  3.3
x3.xs5.nt                         -2.41207e-38
x3.nb1                                     3.3
x3.nb2                             3.06524e-09
clk3                                       3.3
x3.xcdec1.c_moscap_int1                   -3.3
x3.xcdec2.c_moscap_int1                   -3.3
x4.xbias.na                           0.935869
x4.xbias.vbpc                          2.31493
x4.xbias.nc                          0.0947311
x4.xbias.xrcg.11                      0.094525
x4.xbias.xrcg.21                   0.000206084
x4.xbias.nsu                         0.0162007
x4.xbias.vfix                          1.85005
x4.xbias.nmd                          0.797504
x4.xbias.vbp0                          2.36645
x4.xbias.noff                         0.798748
x4.xbias.xroff.11                     0.798444
x4.xbias.xroff.21                   0.00030407
x4.xbias.nvi                          0.761719
x4.xbias.xrdeg.11                     0.761429
x4.xbias.xrdeg.21                  0.000289974
x4.xbias.b0b                       4.45545e-09
x4.xbias.b1b                               3.3
x4.xbias.b2b                               3.3
x4.xbias.vbn1                         0.819531
x4.xbias.ga                            2.36645
x4.xbias.vbp2                          2.35723
x4.xbias.gb                        4.94263e-15
x4.vbn                                0.785827
x4.xbias.gc                                3.3
x4.vbp                                 2.37974
x4.xs1.nh                              1.26735
x4.y1                                        0
x4.y5                                        0
x4.xs1.nt                         -2.14601e-29
x4.xs2.nh                                  3.3
x4.y2                                      3.3
x4.xs2.nt                          2.79736e-11
x4.xs3.nh                                  3.3
x4.y3                                        0
x4.xs3.nt                         -2.03862e-38
x4.xs4.nh                                  3.3
x4.y4                                      3.3
x4.xs4.nt                          2.79736e-11
x4.xs5.nh                                  3.3
x4.xs5.nt                         -2.03862e-38
x4.nb1                                     3.3
x4.nb2                             3.06524e-09
clk4                                       3.3
x4.xcdec1.c_moscap_int1                   -3.3
x4.xcdec2.c_moscap_int1                   -3.3
x5.xbias.na                           0.935869
x5.xbias.vbpc                          2.31493
x5.xbias.nc                          0.0947311
x5.xbias.xrcg.11                      0.094525
x5.xbias.xrcg.21                   0.000206084
x5.xbias.nsu                         0.0162007
x5.xbias.vfix                          1.85005
x5.xbias.nmd                          0.797504
x5.xbias.vbp0                          2.35803
x5.xbias.noff                         0.798733
x5.xbias.xroff.11                     0.798429
x5.xbias.xroff.21                  0.000304064
x5.xbias.nvi                          0.985885
x5.xbias.xrdeg.11                      0.98551
x5.xbias.xrdeg.21                   0.00037531
x5.xbias.b0b                       4.45545e-09
x5.xbias.b1b                               3.3
x5.xbias.b2b                               3.3
x5.xbias.vbn1                          0.82808
x5.xbias.ga                            2.35803
x5.xbias.vbp2                          2.34864
x5.xbias.gb                         4.9521e-15
x5.vbn                                0.792478
x5.xbias.gc                                3.3
x5.vbp                                 2.37284
x5.xs1.nh                              1.27335
x5.y1                                        0
x5.y5                                        0
x5.xs1.nt                         -2.52766e-29
x5.xs2.nh                                  3.3
x5.y2                                      3.3
x5.xs2.nt                          2.54616e-11
x5.xs3.nh                                  3.3
x5.y3                                        0
x5.xs3.nt                          1.12786e-39
x5.xs4.nh                                  3.3
x5.y4                                      3.3
x5.xs4.nt                          2.54616e-11
x5.xs5.nh                                  3.3
x5.xs5.nt                          1.12786e-39
x5.nb1                                     3.3
x5.nb2                             3.06524e-09
clk5                                       3.3
x5.xcdec1.c_moscap_int1                   -3.3
x5.xcdec2.c_moscap_int1                   -3.3
x6.xbias.na                           0.935869
x6.xbias.vbpc                          2.31493
x6.xbias.nc                          0.0947311
x6.xbias.xrcg.11                      0.094525
x6.xbias.xrcg.21                   0.000206084
x6.xbias.nsu                         0.0162007
x6.xbias.vfix                          1.85005
x6.xbias.nmd                          0.797504
x6.xbias.vbp0                          2.35012
x6.xbias.noff                         0.798719
x6.xbias.xroff.11                     0.798415
x6.xbias.xroff.21                  0.000304059
x6.xbias.nvi                           1.21477
x6.xbias.xrdeg.11                      1.21431
x6.xbias.xrdeg.21                  0.000462442
x6.xbias.b0b                       4.45545e-09
x6.xbias.b1b                               3.3
x6.xbias.b2b                               3.3
x6.xbias.vbn1                          0.83608
x6.xbias.ga                            2.35012
x6.xbias.vbp2                          2.34054
x6.xbias.gb                        4.96095e-15
x6.vbn                                0.798637
x6.xbias.gc                                3.3
x6.vbp                                 2.36639
x6.xs1.nh                              1.27897
x6.y1                                        0
x6.y5                                        0
x6.xs1.nt                         -7.30962e-30
x6.xs2.nh                                  3.3
x6.y2                                      3.3
x6.xs2.nt                          2.34204e-11
x6.xs3.nh                                  3.3
x6.y3                                        0
x6.xs3.nt                         -9.82392e-59
x6.xs4.nh                                  3.3
x6.y4                                      3.3
x6.xs4.nt                          2.34204e-11
x6.xs5.nh                                  3.3
x6.xs5.nt                         -9.82459e-59
x6.nb1                                     3.3
x6.nb2                             3.06524e-09
clk6                                       3.3
x6.xcdec1.c_moscap_int1                   -3.3
x6.xcdec2.c_moscap_int1                   -3.3
x7.xbias.na                           0.935869
x7.xbias.vbpc                          2.31493
x7.xbias.nc                          0.0947311
x7.xbias.xrcg.11                      0.094525
x7.xbias.xrcg.21                   0.000206084
x7.xbias.nsu                         0.0162007
x7.xbias.vfix                          1.85005
x7.xbias.nmd                          0.797504
x7.xbias.vbp0                          2.34264
x7.xbias.noff                         0.798706
x7.xbias.xroff.11                     0.798402
x7.xbias.xroff.21                  0.000304054
x7.xbias.nvi                           1.44754
x7.xbias.xrdeg.11                      1.44699
x7.xbias.xrdeg.21                  0.000551055
x7.xbias.b0b                       4.45545e-09
x7.xbias.b1b                               3.3
x7.xbias.b2b                               3.3
x7.xbias.vbn1                         0.843611
x7.xbias.ga                            2.34264
x7.xbias.vbp2                          2.33286
x7.xbias.gb                        4.96928e-15
x7.vbn                                0.804377
x7.xbias.gc                                3.3
x7.vbp                                 2.36032
x7.xs1.nh                              1.28426
x7.y1                                        0
x7.y5                                        0
x7.xs1.nt                         -3.10734e-29
x7.xs2.nh                                  3.3
x7.y2                                      3.3
x7.xs2.nt                          2.17295e-11
x7.xs3.nh                                  3.3
x7.y3                                        0
x7.xs3.nt                         -6.56471e-59
x7.xs4.nh                                  3.3
x7.y4                                      3.3
x7.xs4.nt                          2.17295e-11
x7.xs5.nh                                  3.3
x7.xs5.nt                          3.58928e-58
x7.nb1                                     3.3
x7.nb2                             3.06524e-09
clk7                                       3.3
x7.xcdec1.c_moscap_int1                   -3.3
x7.xcdec2.c_moscap_int1                   -3.3
e.x7.xcdec2.ec_moscap#branch                 0
e.x7.xcdec1.ec_moscap#branch                 0
e.x6.xcdec2.ec_moscap#branch                 0
e.x6.xcdec1.ec_moscap#branch                 0
e.x5.xcdec2.ec_moscap#branch                 0
e.x5.xcdec1.ec_moscap#branch                 0
e.x4.xcdec2.ec_moscap#branch                 0
e.x4.xcdec1.ec_moscap#branch                 0
e.x3.xcdec2.ec_moscap#branch                 0
e.x3.xcdec1.ec_moscap#branch                 0
e.x2.xcdec2.ec_moscap#branch                 0
e.x2.xcdec1.ec_moscap#branch                 0
e.x1.xcdec2.ec_moscap#branch                 0
e.x1.xcdec1.ec_moscap#branch                 0
vs7#branch                         6.82802e-05
vs6#branch                         6.25662e-05
vs5#branch                         5.69342e-05
vs4#branch                         5.14031e-05
vs3#branch                         4.60029e-05
vs2#branch                         4.07905e-05
vs1#branch                         3.59249e-05
vv7#branch                                   0
vv6#branch                                   0
vv5#branch                                   0
vv4#branch                                   0
vv3#branch                                   0
vv2#branch                                   0
vv1#branch                                   0
vb2#branch                                   0
vb1#branch                                   0
vb0#branch                                   0
vdd#branch                        -0.000361902


No. of Data Rows : 2747

  Measurements for Transient Analysis

tp1                 =  6.48852e-07 targ=  1.46145e-06 trig=  8.12599e-07
tp2                 =  5.43683e-07 targ=  1.36048e-06 trig=  8.16799e-07
tp3                 =  4.63515e-07 targ=  1.27539e-06 trig=  8.11874e-07
tp4                 =  4.02368e-07 targ=  1.20697e-06 trig=  8.04603e-07
tp5                 =  3.53628e-07 targ=  1.15087e-06 trig=  7.97239e-07
tp6                 =  3.16075e-07 targ=  1.10509e-06 trig=  7.89019e-07
tp7                 =  2.84117e-07 targ=  1.06560e-06 trig=  7.81487e-07
f1                  =  6.16473e+06
f2                  =  7.35723e+06
f3                  =  8.62972e+06
f4                  =  9.94114e+06
f5                  =  1.13113e+07
f6                  =  1.26552e+07
f7                  =  1.40787e+07
i1                  =  4.98650e-05 from=  7.18294e-07 to=  1.97531e-06
i2                  =  5.53798e-05 from=  7.18294e-07 to=  1.97531e-06
i3                  =  6.14281e-05 from=  7.18294e-07 to=  1.97531e-06
i4                  =  6.69584e-05 from=  7.18294e-07 to=  1.97531e-06
i5                  =  7.35626e-05 from=  7.18294e-07 to=  1.97531e-06
i6                  =  8.02035e-05 from=  7.18294e-07 to=  1.97531e-06
i7                  =  8.73057e-05 from=  7.18294e-07 to=  1.97531e-06
sw1hi               =  3.36199e+00 at=  1.94954e-06
sw1lo               =  -5.79841e-02 at=  1.86150e-06
sw7hi               =  3.37086e+00 at=  1.20878e-06
sw7lo               =  -7.75634e-02 at=  1.02824e-06


Total analysis time (seconds) = 353.089

Total elapsed time (seconds) = 359.442 

Total DRAM available = 98304.000 MB.
DRAM currently available = 1282.297 MB.
Maximum ngspice program size =   24.266 MB.
Current ngspice program size =   24.266 MB.


======== band 2 :: generated deck (typical_-40c_3.30v) ========
* GENERATED by simenv.sh -- do not edit; edit /Users/rwalters/GitHub/gf180-pll/.loom/worktrees/issue-32/sim/vco-tuning-range/testbench/tb_vco_tuning.sp instead
* tag=typical_Tm40_V3p30_B2 libs=typical,res_typical,moscap_typical temp=-40C
.include "/Users/rwalters/.volare/gf180mcuD/libs.tech/ngspice/design.ngspice"
.lib "/Users/rwalters/.volare/gf180mcuD/libs.tech/ngspice/sm141064.ngspice" typical
.lib "/Users/rwalters/.volare/gf180mcuD/libs.tech/ngspice/sm141064.ngspice" res_typical
.lib "/Users/rwalters/.volare/gf180mcuD/libs.tech/ngspice/sm141064.ngspice" moscap_typical
.temp -40
.param sim_temp=-40
.param vsup=3.30
.param b0v=0*3.30
.param b1v=1*3.30
.param b2v=0*3.30
.param tsettle=4.3533e-07
.param tstop=1.19716e-06
.param tstep=5.78064e-10
.param tmax=5.78064e-10
.include "/Users/rwalters/GitHub/gf180-pll/.loom/worktrees/issue-32/sim/vco-tuning-range/testbench/tb_vco_tuning.sp"
.end

======== band 2 :: ngspice output ========

Note: Compatibility modes selected: hs a

Warning: m=xx on .subckt line will override multiplier m hierarchy!


Circuit: * generated by simenv.sh -- do not edit; edit /users/rwalters/github/gf180-pll/.loom/worktrees/issue-32/sim/vco-tuning-range/testbench/tb_vco_tuning.sp instead

Doing analysis at TEMP = -40.000000 and TNOM = 27.000000

Using SPARSE 1.3 as Direct Linear Solver

Initial Transient Solution
--------------------------

Node                                   Voltage
----                                   -------
vdd                                        3.3
nb0                                          0
nb1                                        3.3
nb2                                          0
vc1                                        0.9
vc2                                        1.2
vc3                                        1.5
vc4                                        1.8
vc5                                        2.1
vc6                                        2.4
vc7                                        2.7
nv1                                        3.3
nv2                                        3.3
nv3                                        3.3
nv4                                        3.3
nv5                                        3.3
nv6                                        3.3
nv7                                        3.3
x1.xbias.na                           0.935869
x1.xbias.vbpc                          2.31493
x1.xbias.nc                          0.0947311
x1.xbias.xrcg.11                      0.094525
x1.xbias.xrcg.21                   0.000206084
x1.xbias.nsu                         0.0162007
x1.xbias.vfix                          1.85005
x1.xbias.nmd                          0.797504
x1.xbias.vbp0                          2.39529
x1.xbias.noff                         0.798797
x1.xbias.xroff.11                     0.798493
x1.xbias.xroff.21                  0.000304089
x1.xbias.nvi                          0.138788
x1.xbias.xrdeg.11                     0.138735
x1.xbias.xrdeg.21                  5.28343e-05
x1.xbias.b0b                               3.3
x1.xbias.b1b                       4.45545e-09
x1.xbias.b2b                               3.3
x1.xbias.vbn1                         0.764122
x1.xbias.ga                                3.3
x1.xbias.vbp2                          2.35463
x1.xbias.gb                           0.764122
x1.vbn                                 0.78785
x1.xbias.gc                                3.3
x1.vbp                                 2.37765
x1.xs1.nh                              1.26917
x1.y1                                        0
x1.y5                                        0
x1.xs1.nt                          3.20082e-17
x1.xs2.nh                                  3.3
x1.y2                                      3.3
x1.xs2.nt                          2.71725e-11
x1.xs3.nh                                  3.3
x1.y3                                        0
x1.xs3.nt                         -2.68111e-20
x1.xs4.nh                                  3.3
x1.y4                                      3.3
x1.xs4.nt                          2.71725e-11
x1.xs5.nh                                  3.3
x1.xs5.nt                         -2.68111e-20
x1.nb1                                     3.3
x1.nb2                             3.06524e-09
clk1                                       3.3
x1.xcdec1.c_moscap_int1                   -3.3
x1.xcdec2.c_moscap_int1                   -3.3
x2.xbias.na                           0.935869
x2.xbias.vbpc                          2.31493
x2.xbias.nc                          0.0947311
x2.xbias.xrcg.11                      0.094525
x2.xbias.xrcg.21                   0.000206084
x2.xbias.nsu                         0.0162007
x2.xbias.vfix                          1.85005
x2.xbias.nmd                          0.797504
x2.xbias.vbp0                          2.38511
x2.xbias.noff                          0.79878
x2.xbias.xroff.11                     0.798476
x2.xbias.xroff.21                  0.000304082
x2.xbias.nvi                          0.333739
x2.xbias.xrdeg.11                     0.333611
x2.xbias.xrdeg.21                  0.000127049
x2.xbias.b0b                               3.3
x2.xbias.b1b                       4.45545e-09
x2.xbias.b2b                               3.3
x2.xbias.vbn1                         0.773427
x2.xbias.ga                                3.3
x2.xbias.vbp2                          2.34234
x2.xbias.gb                           0.773427
x2.vbn                                0.797271
x2.xbias.gc                                3.3
x2.vbp                                 2.36782
x2.xs1.nh                              1.27772
x2.y1                                        0
x2.y5                                        0
x2.xs1.nt                          1.09102e-18
x2.xs2.nh                                  3.3
x2.y2                                      3.3
x2.xs2.nt                          2.38514e-11
x2.xs3.nh                                  3.3
x2.y3                                        0
x2.xs3.nt                          6.86301e-20
x2.xs4.nh                                  3.3
x2.y4                                      3.3
x2.xs4.nt                          2.38514e-11
x2.xs5.nh                                  3.3
x2.xs5.nt                          6.86301e-20
x2.nb1                                     3.3
x2.nb2                             3.06524e-09
clk2                                       3.3
x2.xcdec1.c_moscap_int1                   -3.3
x2.xcdec2.c_moscap_int1                   -3.3
x3.xbias.na                           0.935869
x3.xbias.vbpc                          2.31493
x3.xbias.nc                          0.0947311
x3.xbias.xrcg.11                      0.094525
x3.xbias.xrcg.21                   0.000206084
x3.xbias.nsu                         0.0162007
x3.xbias.vfix                          1.85005
x3.xbias.nmd                          0.797504
x3.xbias.vbp0                          2.37546
x3.xbias.noff                         0.798763
x3.xbias.xroff.11                     0.798459
x3.xbias.xroff.21                  0.000304076
x3.xbias.nvi                          0.543545
x3.xbias.xrdeg.11                     0.543338
x3.xbias.xrdeg.21                  0.000206919
x3.xbias.b0b                               3.3
x3.xbias.b1b                       4.45545e-09
x3.xbias.b2b                               3.3
x3.xbias.vbn1                         0.782145
x3.xbias.ga                                3.3
x3.xbias.vbp2                          2.33052
x3.xbias.gb                           0.782145
x3.vbn                                 0.80611
x3.xbias.gc                                3.3
x3.vbp                                 2.35848
x3.xs1.nh                              1.28586
x3.y1                                        0
x3.y5                                        0
x3.xs1.nt                          3.96916e-18
x3.xs2.nh                                  3.3
x3.y2                                      3.3
x3.xs2.nt                          2.12548e-11
x3.xs3.nh                                  3.3
x3.y3                                        0
x3.xs3.nt                          9.66414e-19
x3.xs4.nh                                  3.3
x3.y4                                      3.3
x3.xs4.nt                          2.12548e-11
x3.xs5.nh                                  3.3
x3.xs5.nt                          9.66414e-19
x3.nb1                                     3.3
x3.nb2                             3.06524e-09
clk3                                       3.3
x3.xcdec1.c_moscap_int1                   -3.3
x3.xcdec2.c_moscap_int1                   -3.3
x4.xbias.na                           0.935869
x4.xbias.vbpc                          2.31493
x4.xbias.nc                          0.0947311
x4.xbias.xrcg.11                      0.094525
x4.xbias.xrcg.21                   0.000206084
x4.xbias.nsu                         0.0162007
x4.xbias.vfix                          1.85005
x4.xbias.nmd                          0.797504
x4.xbias.vbp0                          2.36645
x4.xbias.noff                         0.798748
x4.xbias.xroff.11                     0.798444
x4.xbias.xroff.21                   0.00030407
x4.xbias.nvi                          0.761719
x4.xbias.xrdeg.11                     0.761429
x4.xbias.xrdeg.21                  0.000289974
x4.xbias.b0b                               3.3
x4.xbias.b1b                       4.45545e-09
x4.xbias.b2b                               3.3
x4.xbias.vbn1                         0.790176
x4.xbias.ga                                3.3
x4.xbias.vbp2                          2.31937
x4.xbias.gb                           0.790176
x4.vbn                                0.814262
x4.xbias.gc                                3.3
x4.vbp                                 2.34976
x4.xs1.nh                              1.29348
x4.y1                                        0
x4.y5                                        0
x4.xs1.nt                          7.34159e-19
x4.xs2.nh                                  3.3
x4.y2                                      3.3
x4.xs2.nt                          1.92203e-11
x4.xs3.nh                                  3.3
x4.y3                                        0
x4.xs3.nt                          1.61352e-19
x4.xs4.nh                                  3.3
x4.y4                                      3.3
x4.xs4.nt                          1.92203e-11
x4.xs5.nh                                  3.3
x4.xs5.nt                          1.61352e-19
x4.nb1                                     3.3
x4.nb2                             3.06524e-09
clk4                                       3.3
x4.xcdec1.c_moscap_int1                   -3.3
x4.xcdec2.c_moscap_int1                   -3.3
x5.xbias.na                           0.935869
x5.xbias.vbpc                          2.31493
x5.xbias.nc                          0.0947311
x5.xbias.xrcg.11                      0.094525
x5.xbias.xrcg.21                   0.000206084
x5.xbias.nsu                         0.0162007
x5.xbias.vfix                          1.85005
x5.xbias.nmd                          0.797504
x5.xbias.vbp0                          2.35803
x5.xbias.noff                         0.798733
x5.xbias.xroff.11                     0.798429
x5.xbias.xroff.21                  0.000304064
x5.xbias.nvi                          0.985885
x5.xbias.xrdeg.11                      0.98551
x5.xbias.xrdeg.21                   0.00037531
x5.xbias.b0b                               3.3
x5.xbias.b1b                       4.45545e-09
x5.xbias.b2b                               3.3
x5.xbias.vbn1                         0.797597
x5.xbias.ga                                3.3
x5.xbias.vbp2                          2.30883
x5.xbias.gb                           0.797597
x5.vbn                                0.821804
x5.xbias.gc                                3.3
x5.vbp                                  2.3416
x5.xs1.nh                              1.30063
x5.y1                                        0
x5.y5                                        0
x5.xs1.nt                         -1.14065e-17
x5.xs2.nh                                  3.3
x5.y2                                      3.3
x5.xs2.nt                          1.75922e-11
x5.xs3.nh                                  3.3
x5.y3                                        0
x5.xs3.nt                          1.33907e-38
x5.xs4.nh                                  3.3
x5.y4                                      3.3
x5.xs4.nt                          1.75922e-11
x5.xs5.nh                                  3.3
x5.xs5.nt                          1.33907e-38
x5.nb1                                     3.3
x5.nb2                             3.06524e-09
clk5                                       3.3
x5.xcdec1.c_moscap_int1                   -3.3
x5.xcdec2.c_moscap_int1                   -3.3
x6.xbias.na                           0.935869
x6.xbias.vbpc                          2.31493
x6.xbias.nc                          0.0947311
x6.xbias.xrcg.11                      0.094525
x6.xbias.xrcg.21                   0.000206084
x6.xbias.nsu                         0.0162007
x6.xbias.vfix                          1.85005
x6.xbias.nmd                          0.797504
x6.xbias.vbp0                          2.35012
x6.xbias.noff                         0.798719
x6.xbias.xroff.11                     0.798415
x6.xbias.xroff.21                  0.000304059
x6.xbias.nvi                           1.21477
x6.xbias.xrdeg.11                      1.21431
x6.xbias.xrdeg.21                  0.000462442
x6.xbias.b0b                               3.3
x6.xbias.b1b                       4.45545e-09
x6.xbias.b2b                               3.3
x6.xbias.vbn1                         0.804499
x6.xbias.ga                                3.3
x6.xbias.vbp2                          2.29884
x6.xbias.gb                           0.804499
x6.vbn                                0.828826
x6.xbias.gc                                3.3
x6.vbp                                 2.33391
x6.xs1.nh                              1.30736
x6.y1                                        0
x6.y5                                        0
x6.xs1.nt                         -1.60051e-17
x6.xs2.nh                                  3.3
x6.y2                                      3.3
x6.xs2.nt                          1.62613e-11
x6.xs3.nh                                  3.3
x6.y3                                        0
x6.xs3.nt                           2.5705e-19
x6.xs4.nh                                  3.3
x6.y4                                      3.3
x6.xs4.nt                          1.62613e-11
x6.xs5.nh                                  3.3
x6.xs5.nt                           2.5705e-19
x6.nb1                                     3.3
x6.nb2                             3.06524e-09
clk6                                       3.3
x6.xcdec1.c_moscap_int1                   -3.3
x6.xcdec2.c_moscap_int1                   -3.3
x7.xbias.na                           0.935869
x7.xbias.vbpc                          2.31493
x7.xbias.nc                          0.0947311
x7.xbias.xrcg.11                      0.094525
x7.xbias.xrcg.21                   0.000206084
x7.xbias.nsu                         0.0162007
x7.xbias.vfix                          1.85005
x7.xbias.nmd                          0.797504
x7.xbias.vbp0                          2.34264
x7.xbias.noff                         0.798706
x7.xbias.xroff.11                     0.798402
x7.xbias.xroff.21                  0.000304054
x7.xbias.nvi                           1.44754
x7.xbias.xrdeg.11                      1.44699
x7.xbias.xrdeg.21                  0.000551055
x7.xbias.b0b                               3.3
x7.xbias.b1b                       4.45545e-09
x7.xbias.b2b                               3.3
x7.xbias.vbn1                         0.810958
x7.xbias.ga                                3.3
x7.xbias.vbp2                          2.28931
x7.xbias.gb                           0.810958
x7.vbn                                0.835406
x7.xbias.gc                                3.3
x7.vbp                                 2.32664
x7.xs1.nh                              1.31375
x7.y1                                        0
x7.y5                                        0
x7.xs1.nt                         -1.58918e-17
x7.xs2.nh                                  3.3
x7.y2                                      3.3
x7.xs2.nt                          1.51528e-11
x7.xs3.nh                                  3.3
x7.y3                                        0
x7.xs3.nt                         -3.04652e-19
x7.xs4.nh                                  3.3
x7.y4                                      3.3
x7.xs4.nt                          1.51528e-11
x7.xs5.nh                                  3.3
x7.xs5.nt                         -3.04652e-19
x7.nb1                                     3.3
x7.nb2                             3.06524e-09
clk7                                       3.3
x7.xcdec1.c_moscap_int1                   -3.3
x7.xcdec2.c_moscap_int1                   -3.3
e.x7.xcdec2.ec_moscap#branch                 0
e.x7.xcdec1.ec_moscap#branch                 0
e.x6.xcdec2.ec_moscap#branch                 0
e.x6.xcdec1.ec_moscap#branch                 0
e.x5.xcdec2.ec_moscap#branch                 0
e.x5.xcdec1.ec_moscap#branch                 0
e.x4.xcdec2.ec_moscap#branch                 0
e.x4.xcdec1.ec_moscap#branch                 0
e.x3.xcdec2.ec_moscap#branch                 0
e.x3.xcdec1.ec_moscap#branch                 0
e.x2.xcdec2.ec_moscap#branch                 0
e.x2.xcdec1.ec_moscap#branch                 0
e.x1.xcdec2.ec_moscap#branch                 0
e.x1.xcdec1.ec_moscap#branch                 0
vs7#branch                         7.80414e-05
vs6#branch                         7.14147e-05
vs5#branch                         6.48763e-05
vs4#branch                         5.84475e-05
vs3#branch                         5.21621e-05
vs2#branch                         4.60855e-05
vs1#branch                         4.04023e-05
vv7#branch                                   0
vv6#branch                                   0
vv5#branch                                   0
vv4#branch                                   0
vv3#branch                                   0
vv2#branch                                   0
vv1#branch                                   0
vb2#branch                                   0
vb1#branch                                   0
vb0#branch                                   0
vdd#branch                         -0.00041143


No. of Data Rows : 2915

  Measurements for Transient Analysis

tp1                 =  3.86176e-07 targ=  8.70184e-07 trig=  4.84008e-07
tp2                 =  3.23361e-07 targ=  8.09300e-07 trig=  4.85940e-07
tp3                 =  2.75356e-07 targ=  7.57647e-07 trig=  4.82291e-07
tp4                 =  2.38373e-07 targ=  7.15899e-07 trig=  4.77526e-07
tp5                 =  2.09609e-07 targ=  6.82090e-07 trig=  4.72481e-07
tp6                 =  1.86719e-07 targ=  6.53837e-07 trig=  4.67118e-07
tp7                 =  1.68196e-07 targ=  6.30260e-07 trig=  4.62064e-07
f1                  =  1.03580e+07
f2                  =  1.23701e+07
f3                  =  1.45266e+07
f4                  =  1.67804e+07
f5                  =  1.90832e+07
f6                  =  2.14226e+07
f7                  =  2.37818e+07
i1                  =  5.53529e-05 from=  4.35330e-07 to=  1.19716e-06
i2                  =  6.41345e-05 from=  4.35330e-07 to=  1.19716e-06
i3                  =  7.10075e-05 from=  4.35330e-07 to=  1.19716e-06
i4                  =  7.84782e-05 from=  4.35330e-07 to=  1.19716e-06
i5                  =  8.57463e-05 from=  4.35330e-07 to=  1.19716e-06
i6                  =  9.27632e-05 from=  4.35330e-07 to=  1.19716e-06
i7                  =  1.01102e-04 from=  4.35330e-07 to=  1.19716e-06
sw1hi               =  3.37624e+00 at=  6.77348e-07
sw1lo               =  -9.24348e-02 at=  6.25009e-07
sw7hi               =  3.38231e+00 at=  9.24269e-07
sw7lo               =  -1.05791e-01 at=  8.17941e-07


Total analysis time (seconds) = 367.845

Total elapsed time (seconds) = 373.913 

Total DRAM available = 98304.000 MB.
DRAM currently available = 11934.922 MB.
Maximum ngspice program size =   24.250 MB.
Current ngspice program size =   24.250 MB.


======== band 3 :: generated deck (typical_-40c_3.30v) ========
* GENERATED by simenv.sh -- do not edit; edit /Users/rwalters/GitHub/gf180-pll/.loom/worktrees/issue-32/sim/vco-tuning-range/testbench/tb_vco_tuning.sp instead
* tag=typical_Tm40_V3p30_B3 libs=typical,res_typical,moscap_typical temp=-40C
.include "/Users/rwalters/.volare/gf180mcuD/libs.tech/ngspice/design.ngspice"
.lib "/Users/rwalters/.volare/gf180mcuD/libs.tech/ngspice/sm141064.ngspice" typical
.lib "/Users/rwalters/.volare/gf180mcuD/libs.tech/ngspice/sm141064.ngspice" res_typical
.lib "/Users/rwalters/.volare/gf180mcuD/libs.tech/ngspice/sm141064.ngspice" moscap_typical
.temp -40
.param sim_temp=-40
.param vsup=3.30
.param b0v=1*3.30
.param b1v=1*3.30
.param b2v=0*3.30
.param tsettle=2.63837e-07
.param tstop=7.25551e-07
.param tstep=3.50341e-10
.param tmax=3.50341e-10
.include "/Users/rwalters/GitHub/gf180-pll/.loom/worktrees/issue-32/sim/vco-tuning-range/testbench/tb_vco_tuning.sp"
.end

======== band 3 :: ngspice output ========

Note: Compatibility modes selected: hs a

Warning: m=xx on .subckt line will override multiplier m hierarchy!


Circuit: * generated by simenv.sh -- do not edit; edit /users/rwalters/github/gf180-pll/.loom/worktrees/issue-32/sim/vco-tuning-range/testbench/tb_vco_tuning.sp instead

Doing analysis at TEMP = -40.000000 and TNOM = 27.000000

Using SPARSE 1.3 as Direct Linear Solver

Initial Transient Solution
--------------------------

Node                                   Voltage
----                                   -------
vdd                                        3.3
nb0                                        3.3
nb1                                        3.3
nb2                                          0
vc1                                        0.9
vc2                                        1.2
vc3                                        1.5
vc4                                        1.8
vc5                                        2.1
vc6                                        2.4
vc7                                        2.7
nv1                                        3.3
nv2                                        3.3
nv3                                        3.3
nv4                                        3.3
nv5                                        3.3
nv6                                        3.3
nv7                                        3.3
x1.xbias.na                           0.935869
x1.xbias.vbpc                          2.31493
x1.xbias.nc                          0.0947311
x1.xbias.xrcg.11                      0.094525
x1.xbias.xrcg.21                   0.000206084
x1.xbias.nsu                         0.0162007
x1.xbias.vfix                          1.85005
x1.xbias.nmd                          0.797504
x1.xbias.vbp0                          2.39529
x1.xbias.noff                         0.798797
x1.xbias.xroff.11                     0.798493
x1.xbias.xroff.21                  0.000304089
x1.xbias.nvi                          0.138788
x1.xbias.xrdeg.11                     0.138735
x1.xbias.xrdeg.21                  5.28343e-05
x1.xbias.b0b                       4.45545e-09
x1.xbias.b1b                       4.45545e-09
x1.xbias.b2b                               3.3
x1.xbias.vbn1                         0.789945
x1.xbias.ga                            2.39529
x1.xbias.vbp2                           2.3197
x1.xbias.gb                           0.789945
x1.vbn                                0.814027
x1.xbias.gc                                3.3
x1.vbp                                 2.35001
x1.xs1.nh                              1.29326
x1.y1                                        0
x1.y5                                        0
x1.xs1.nt                          3.45784e-96
x1.xs2.nh                                  3.3
x1.y2                                      3.3
x1.xs2.nt                          1.92747e-11
x1.xs3.nh                                  3.3
x1.y3                                        0
x1.xs3.nt                         1.06089e-175
x1.xs4.nh                                  3.3
x1.y4                                      3.3
x1.xs4.nt                          1.92747e-11
x1.xs5.nh                                  3.3
x1.xs5.nt                         1.06089e-175
x1.nb1                                     3.3
x1.nb2                             3.06524e-09
clk1                                       3.3
x1.xcdec1.c_moscap_int1                   -3.3
x1.xcdec2.c_moscap_int1                   -3.3
x2.xbias.na                           0.935869
x2.xbias.vbpc                          2.31493
x2.xbias.nc                          0.0947311
x2.xbias.xrcg.11                      0.094525
x2.xbias.xrcg.21                   0.000206084
x2.xbias.nsu                         0.0162007
x2.xbias.vfix                          1.85005
x2.xbias.nmd                          0.797504
x2.xbias.vbp0                          2.38511
x2.xbias.noff                          0.79878
x2.xbias.xroff.11                     0.798476
x2.xbias.xroff.21                  0.000304082
x2.xbias.nvi                          0.333739
x2.xbias.xrdeg.11                     0.333611
x2.xbias.xrdeg.21                  0.000127049
x2.xbias.b0b                       4.45545e-09
x2.xbias.b1b                       4.45545e-09
x2.xbias.b2b                               3.3
x2.xbias.vbn1                         0.800435
x2.xbias.ga                            2.38511
x2.xbias.vbp2                          2.30475
x2.xbias.gb                           0.800435
x2.vbn                                0.824691
x2.xbias.gc                                3.3
x2.vbp                                 2.33845
x2.xs1.nh                              1.30338
x2.y1                                        0
x2.y5                                        0
x2.xs1.nt                           2.7252e-51
x2.xs2.nh                                  3.3
x2.y2                                      3.3
x2.xs2.nt                          1.70252e-11
x2.xs3.nh                                  3.3
x2.y3                                        0
x2.xs3.nt                          3.06481e-78
x2.xs4.nh                                  3.3
x2.y4                                      3.3
x2.xs4.nt                          1.70252e-11
x2.xs5.nh                                  3.3
x2.xs5.nt                          3.06481e-78
x2.nb1                                     3.3
x2.nb2                             3.06524e-09
clk2                                       3.3
x2.xcdec1.c_moscap_int1                   -3.3
x2.xcdec2.c_moscap_int1                   -3.3
x3.xbias.na                           0.935869
x3.xbias.vbpc                          2.31493
x3.xbias.nc                          0.0947311
x3.xbias.xrcg.11                      0.094525
x3.xbias.xrcg.21                   0.000206084
x3.xbias.nsu                         0.0162007
x3.xbias.vfix                          1.85005
x3.xbias.nmd                          0.797504
x3.xbias.vbp0                          2.37546
x3.xbias.noff                         0.798763
x3.xbias.xroff.11                     0.798459
x3.xbias.xroff.21                  0.000304076
x3.xbias.nvi                          0.543545
x3.xbias.xrdeg.11                     0.543338
x3.xbias.xrdeg.21                  0.000206919
x3.xbias.b0b                       4.45545e-09
x3.xbias.b1b                       4.45545e-09
x3.xbias.b2b                               3.3
x3.xbias.vbn1                          0.81034
x3.xbias.ga                            2.37546
x3.xbias.vbp2                          2.29023
x3.xbias.gb                            0.81034
x3.vbn                                0.834777
x3.xbias.gc                                3.3
x3.vbp                                 2.32734
x3.xs1.nh                              1.31313
x3.y1                                        0
x3.y5                                        0
x3.xs1.nt                          8.12774e-53
x3.xs2.nh                                  3.3
x3.y2                                      3.3
x3.xs2.nt                          1.52535e-11
x3.xs3.nh                                  3.3
x3.y3                                        0
x3.xs3.nt                          9.72291e-98
x3.xs4.nh                                  3.3
x3.y4                                      3.3
x3.xs4.nt                          1.52535e-11
x3.xs5.nh                                  3.3
x3.xs5.nt                          9.72291e-98
x3.nb1                                     3.3
x3.nb2                             3.06524e-09
clk3                                       3.3
x3.xcdec1.c_moscap_int1                   -3.3
x3.xcdec2.c_moscap_int1                   -3.3
x4.xbias.na                           0.935869
x4.xbias.vbpc                          2.31493
x4.xbias.nc                          0.0947311
x4.xbias.xrcg.11                      0.094525
x4.xbias.xrcg.21                   0.000206084
x4.xbias.nsu                         0.0162007
x4.xbias.vfix                          1.85005
x4.xbias.nmd                          0.797504
x4.xbias.vbp0                          2.36645
x4.xbias.noff                         0.798748
x4.xbias.xroff.11                     0.798444
x4.xbias.xroff.21                   0.00030407
x4.xbias.nvi                          0.761719
x4.xbias.xrdeg.11                     0.761429
x4.xbias.xrdeg.21                  0.000289974
x4.xbias.b0b                       4.45545e-09
x4.xbias.b1b                       4.45545e-09
x4.xbias.b2b                               3.3
x4.xbias.vbn1                         0.819531
x4.xbias.ga                            2.36645
x4.xbias.vbp2                          2.27641
x4.xbias.gb                           0.819531
x4.vbn                                0.844151
x4.xbias.gc                                3.3
x4.vbp                                 2.31687
x4.xs1.nh                              1.32234
x4.y1                                        0
x4.y5                                        0
x4.xs1.nt                          3.49119e-97
x4.xs2.nh                                  3.3
x4.y2                                      3.3
x4.xs2.nt                          1.38566e-11
x4.xs3.nh                                  3.3
x4.y3                                        0
x4.xs3.nt                         1.43179e-156
x4.xs4.nh                                  3.3
x4.y4                                      3.3
x4.xs4.nt                          1.38566e-11
x4.xs5.nh                                  3.3
x4.xs5.nt                         1.43179e-156
x4.nb1                                     3.3
x4.nb2                             3.06524e-09
clk4                                       3.3
x4.xcdec1.c_moscap_int1                   -3.3
x4.xcdec2.c_moscap_int1                   -3.3
x5.xbias.na                           0.935869
x5.xbias.vbpc                          2.31493
x5.xbias.nc                          0.0947311
x5.xbias.xrcg.11                      0.094525
x5.xbias.xrcg.21                   0.000206084
x5.xbias.nsu                         0.0162007
x5.xbias.vfix                          1.85005
x5.xbias.nmd                          0.797504
x5.xbias.vbp0                          2.35803
x5.xbias.noff                         0.798733
x5.xbias.xroff.11                     0.798429
x5.xbias.xroff.21                  0.000304064
x5.xbias.nvi                          0.985885
x5.xbias.xrdeg.11                      0.98551
x5.xbias.xrdeg.21                   0.00037531
x5.xbias.b0b                       4.45545e-09
x5.xbias.b1b                       4.45545e-09
x5.xbias.b2b                               3.3
x5.xbias.vbn1                          0.82808
x5.xbias.ga                            2.35803
x5.xbias.vbp2                          2.26326
x5.xbias.gb                            0.82808
x5.vbn                                0.852887
x5.xbias.gc                                3.3
x5.vbp                                 2.30698
x5.xs1.nh                              1.33105
x5.y1                                        0
x5.y5                                        0
x5.xs1.nt                          3.14301e-40
x5.xs2.nh                                  3.3
x5.y2                                      3.3
x5.xs2.nt                          1.27324e-11
x5.xs3.nh                                  3.3
x5.y3                                        0
x5.xs3.nt                          5.54843e-78
x5.xs4.nh                                  3.3
x5.y4                                      3.3
x5.xs4.nt                          1.27324e-11
x5.xs5.nh                                  3.3
x5.xs5.nt                          5.54843e-78
x5.nb1                                     3.3
x5.nb2                             3.06524e-09
clk5                                       3.3
x5.xcdec1.c_moscap_int1                   -3.3
x5.xcdec2.c_moscap_int1                   -3.3
x6.xbias.na                           0.935869
x6.xbias.vbpc                          2.31493
x6.xbias.nc                          0.0947311
x6.xbias.xrcg.11                      0.094525
x6.xbias.xrcg.21                   0.000206084
x6.xbias.nsu                         0.0162007
x6.xbias.vfix                          1.85005
x6.xbias.nmd                          0.797504
x6.xbias.vbp0                          2.35012
x6.xbias.noff                         0.798719
x6.xbias.xroff.11                     0.798415
x6.xbias.xroff.21                  0.000304059
x6.xbias.nvi                           1.21477
x6.xbias.xrdeg.11                      1.21431
x6.xbias.xrdeg.21                  0.000462442
x6.xbias.b0b                       4.45545e-09
x6.xbias.b1b                       4.45545e-09
x6.xbias.b2b                               3.3
x6.xbias.vbn1                          0.83608
x6.xbias.ga                            2.35012
x6.xbias.vbp2                          2.25071
x6.xbias.gb                            0.83608
x6.vbn                                0.861077
x6.xbias.gc                                3.3
x6.vbp                                 2.29761
x6.xs1.nh                              1.33933
x6.y1                                        0
x6.y5                                        0
x6.xs1.nt                          3.65075e-40
x6.xs2.nh                                  3.3
x6.y2                                      3.3
x6.xs2.nt                           1.1809e-11
x6.xs3.nh                                  3.3
x6.y3                                        0
x6.xs3.nt                         -2.72316e-58
x6.xs4.nh                                  3.3
x6.y4                                      3.3
x6.xs4.nt                           1.1809e-11
x6.xs5.nh                                  3.3
x6.xs5.nt                         -2.72316e-58
x6.nb1                                     3.3
x6.nb2                             3.06524e-09
clk6                                       3.3
x6.xcdec1.c_moscap_int1                   -3.3
x6.xcdec2.c_moscap_int1                   -3.3
x7.xbias.na                           0.935869
x7.xbias.vbpc                          2.31493
x7.xbias.nc                          0.0947311
x7.xbias.xrcg.11                      0.094525
x7.xbias.xrcg.21                   0.000206084
x7.xbias.nsu                         0.0162007
x7.xbias.vfix                          1.85005
x7.xbias.nmd                          0.797504
x7.xbias.vbp0                          2.34264
x7.xbias.noff                         0.798706
x7.xbias.xroff.11                     0.798402
x7.xbias.xroff.21                  0.000304054
x7.xbias.nvi                           1.44754
x7.xbias.xrdeg.11                      1.44699
x7.xbias.xrdeg.21                  0.000551055
x7.xbias.b0b                       4.45545e-09
x7.xbias.b1b                       4.45545e-09
x7.xbias.b2b                               3.3
x7.xbias.vbn1                         0.843611
x7.xbias.ga                            2.34264
x7.xbias.vbp2                          2.23869
x7.xbias.gb                           0.843611
x7.vbn                                0.868799
x7.xbias.gc                                3.3
x7.vbp                                 2.28869
x7.xs1.nh                              1.34722
x7.y1                                        0
x7.y5                                        0
x7.xs1.nt                         -2.84745e-41
x7.xs2.nh                                  3.3
x7.y2                                      3.3
x7.xs2.nt                          1.10366e-11
x7.xs3.nh                                  3.3
x7.y3                                        0
x7.xs3.nt                          5.29448e-97
x7.xs4.nh                                  3.3
x7.y4                                      3.3
x7.xs4.nt                          1.10366e-11
x7.xs5.nh                                  3.3
x7.xs5.nt                          5.29436e-97
x7.nb1                                     3.3
x7.nb2                             3.06524e-09
clk7                                       3.3
x7.xcdec1.c_moscap_int1                   -3.3
x7.xcdec2.c_moscap_int1                   -3.3
e.x7.xcdec2.ec_moscap#branch                 0
e.x7.xcdec1.ec_moscap#branch                 0
e.x6.xcdec2.ec_moscap#branch                 0
e.x6.xcdec1.ec_moscap#branch                 0
e.x5.xcdec2.ec_moscap#branch                 0
e.x5.xcdec1.ec_moscap#branch                 0
e.x4.xcdec2.ec_moscap#branch                 0
e.x4.xcdec1.ec_moscap#branch                 0
e.x3.xcdec2.ec_moscap#branch                 0
e.x3.xcdec1.ec_moscap#branch                 0
e.x2.xcdec2.ec_moscap#branch                 0
e.x2.xcdec1.ec_moscap#branch                 0
e.x1.xcdec2.ec_moscap#branch                 0
e.x1.xcdec1.ec_moscap#branch                 0
vs7#branch                         0.000107016
vs6#branch                         9.75055e-05
vs5#branch                         8.81225e-05
vs4#branch                         7.88971e-05
vs3#branch                          6.9878e-05
vs2#branch                         6.11591e-05
vs1#branch                         5.30049e-05
vv7#branch                                   0
vv6#branch                                   0
vv5#branch                                   0
vv4#branch                                   0
vv3#branch                                   0
vv2#branch                                   0
vv1#branch                                   0
vb2#branch                                   0
vb1#branch                                   0
vb0#branch                                   0
vdd#branch                        -0.000555583


No. of Data Rows : 2742

  Measurements for Transient Analysis

tp1                 =  2.39443e-07 targ=  5.39341e-07 trig=  2.99897e-07
tp2                 =  1.99710e-07 targ=  4.99944e-07 trig=  3.00234e-07
tp3                 =  1.69588e-07 targ=  4.66706e-07 trig=  2.97118e-07
tp4                 =  1.46404e-07 targ=  4.39699e-07 trig=  2.93295e-07
tp5                 =  1.28342e-07 targ=  4.17670e-07 trig=  2.89328e-07
tp6                 =  1.14229e-07 targ=  3.99478e-07 trig=  2.85249e-07
tp7                 =  1.02506e-07 targ=  3.83919e-07 trig=  2.81414e-07
f1                  =  1.67054e+07
f2                  =  2.00290e+07
f3                  =  2.35865e+07
f4                  =  2.73216e+07
f5                  =  3.11668e+07
f6                  =  3.50174e+07
f7                  =  3.90223e+07
i1                  =  7.38896e-05 from=  2.63837e-07 to=  7.25551e-07
i2                  =  8.30703e-05 from=  2.63837e-07 to=  7.25551e-07
i3                  =  9.32395e-05 from=  2.63837e-07 to=  7.25551e-07
i4                  =  1.03425e-04 from=  2.63837e-07 to=  7.25551e-07
i5                  =  1.16146e-04 from=  2.63837e-07 to=  7.25551e-07
i6                  =  1.26631e-04 from=  2.63837e-07 to=  7.25551e-07
i7                  =  1.38738e-04 from=  2.63837e-07 to=  7.25551e-07
sw1hi               =  3.39645e+00 at=  5.99542e-07
sw1lo               =  -8.70489e-02 at=  6.87086e-07
sw7hi               =  3.39988e+00 at=  6.39756e-07
sw7lo               =  -1.30903e-01 at=  2.93725e-07


Total analysis time (seconds) = 334.132

Total elapsed time (seconds) = 340.791 

Total DRAM available = 98304.000 MB.
DRAM currently available = 2059.438 MB.
Maximum ngspice program size =   24.141 MB.
Current ngspice program size =   24.141 MB.


======== band 4 :: generated deck (typical_-40c_3.30v) ========
* GENERATED by simenv.sh -- do not edit; edit /Users/rwalters/GitHub/gf180-pll/.loom/worktrees/issue-32/sim/vco-tuning-range/testbench/tb_vco_tuning.sp instead
* tag=typical_Tm40_V3p30_B4 libs=typical,res_typical,moscap_typical temp=-40C
.include "/Users/rwalters/.volare/gf180mcuD/libs.tech/ngspice/design.ngspice"
.lib "/Users/rwalters/.volare/gf180mcuD/libs.tech/ngspice/sm141064.ngspice" typical
.lib "/Users/rwalters/.volare/gf180mcuD/libs.tech/ngspice/sm141064.ngspice" res_typical
.lib "/Users/rwalters/.volare/gf180mcuD/libs.tech/ngspice/sm141064.ngspice" moscap_typical
.temp -40
.param sim_temp=-40
.param vsup=3.30
.param b0v=0*3.30
.param b1v=0*3.30
.param b2v=1*3.30
.param tsettle=1.59901e-07
.param tstop=4.39727e-07
.param tstep=2.12328e-10
.param tmax=2.12328e-10
.include "/Users/rwalters/GitHub/gf180-pll/.loom/worktrees/issue-32/sim/vco-tuning-range/testbench/tb_vco_tuning.sp"
.end

======== band 4 :: ngspice output ========

Note: Compatibility modes selected: hs a

Warning: m=xx on .subckt line will override multiplier m hierarchy!


Circuit: * generated by simenv.sh -- do not edit; edit /users/rwalters/github/gf180-pll/.loom/worktrees/issue-32/sim/vco-tuning-range/testbench/tb_vco_tuning.sp instead

Doing analysis at TEMP = -40.000000 and TNOM = 27.000000

Using SPARSE 1.3 as Direct Linear Solver

Initial Transient Solution
--------------------------

Node                                   Voltage
----                                   -------
vdd                                        3.3
nb0                                          0
nb1                                          0
nb2                                        3.3
vc1                                        0.9
vc2                                        1.2
vc3                                        1.5
vc4                                        1.8
vc5                                        2.1
vc6                                        2.4
vc7                                        2.7
nv1                                        3.3
nv2                                        3.3
nv3                                        3.3
nv4                                        3.3
nv5                                        3.3
nv6                                        3.3
nv7                                        3.3
x1.xbias.na                           0.935869
x1.xbias.vbpc                          2.31493
x1.xbias.nc                          0.0947311
x1.xbias.xrcg.11                      0.094525
x1.xbias.xrcg.21                   0.000206084
x1.xbias.nsu                         0.0162007
x1.xbias.vfix                          1.85005
x1.xbias.nmd                          0.797504
x1.xbias.vbp0                          2.39529
x1.xbias.noff                         0.798797
x1.xbias.xroff.11                     0.798493
x1.xbias.xroff.21                  0.000304089
x1.xbias.nvi                          0.138788
x1.xbias.xrdeg.11                     0.138735
x1.xbias.xrdeg.21                  5.28343e-05
x1.xbias.b0b                               3.3
x1.xbias.b1b                               3.3
x1.xbias.b2b                       4.45545e-09
x1.xbias.vbn1                         0.764122
x1.xbias.ga                                3.3
x1.xbias.vbp2                          2.41165
x1.xbias.gb                        4.88117e-15
x1.vbn                                0.845205
x1.xbias.gc                            2.41165
x1.vbp                                 2.31568
x1.xs1.nh                              1.32339
x1.y1                                        0
x1.y5                                        0
x1.xs1.nt                          1.24012e-40
x1.xs2.nh                                  3.3
x1.y2                                      3.3
x1.xs2.nt                          1.37124e-11
x1.xs3.nh                                  3.3
x1.y3                                        0
x1.xs3.nt                         -1.56924e-98
x1.xs4.nh                                  3.3
x1.y4                                      3.3
x1.xs4.nt                          1.37124e-11
x1.xs5.nh                                  3.3
x1.xs5.nt                         -1.56924e-98
x1.nb1                                     3.3
x1.nb2                             3.06524e-09
clk1                                       3.3
x1.xcdec1.c_moscap_int1                   -3.3
x1.xcdec2.c_moscap_int1                   -3.3
x2.xbias.na                           0.935869
x2.xbias.vbpc                          2.31493
x2.xbias.nc                          0.0947311
x2.xbias.xrcg.11                      0.094525
x2.xbias.xrcg.21                   0.000206084
x2.xbias.nsu                         0.0162007
x2.xbias.vfix                          1.85005
x2.xbias.nmd                          0.797504
x2.xbias.vbp0                          2.38511
x2.xbias.noff                          0.79878
x2.xbias.xroff.11                     0.798476
x2.xbias.xroff.21                  0.000304082
x2.xbias.nvi                          0.333739
x2.xbias.xrdeg.11                     0.333611
x2.xbias.xrdeg.21                  0.000127049
x2.xbias.b0b                               3.3
x2.xbias.b1b                               3.3
x2.xbias.b2b                       4.45545e-09
x2.xbias.vbn1                         0.773427
x2.xbias.ga                                3.3
x2.xbias.vbp2                          2.40264
x2.xbias.gb                         4.8915e-15
x2.vbn                                  0.8576
x2.xbias.gc                            2.40264
x2.vbp                                  2.3016
x2.xs1.nh                               1.3358
x2.y1                                        0
x2.y5                                        0
x2.xs1.nt                          6.75474e-52
x2.xs2.nh                                  3.3
x2.y2                                      3.3
x2.xs2.nt                          1.21869e-11
x2.xs3.nh                                  3.3
x2.y3                                        0
x2.xs3.nt                          2.04409e-97
x2.xs4.nh                                  3.3
x2.y4                                      3.3
x2.xs4.nt                          1.21869e-11
x2.xs5.nh                                  3.3
x2.xs5.nt                          2.04425e-97
x2.nb1                                     3.3
x2.nb2                             3.06524e-09
clk2                                       3.3
x2.xcdec1.c_moscap_int1                   -3.3
x2.xcdec2.c_moscap_int1                   -3.3
x3.xbias.na                           0.935869
x3.xbias.vbpc                          2.31493
x3.xbias.nc                          0.0947311
x3.xbias.xrcg.11                      0.094525
x3.xbias.xrcg.21                   0.000206084
x3.xbias.nsu                         0.0162007
x3.xbias.vfix                          1.85005
x3.xbias.nmd                          0.797504
x3.xbias.vbp0                          2.37546
x3.xbias.noff                         0.798763
x3.xbias.xroff.11                     0.798459
x3.xbias.xroff.21                  0.000304076
x3.xbias.nvi                          0.543545
x3.xbias.xrdeg.11                     0.543338
x3.xbias.xrdeg.21                  0.000206919
x3.xbias.b0b                               3.3
x3.xbias.b1b                               3.3
x3.xbias.b2b                       4.45545e-09
x3.xbias.vbn1                         0.782145
x3.xbias.ga                                3.3
x3.xbias.vbp2                          2.39416
x3.xbias.gb                        4.90118e-15
x3.vbn                                0.869436
x3.xbias.gc                            2.39417
x3.vbp                                 2.28795
x3.xs1.nh                              1.34788
x3.y1                                        0
x3.y5                                        0
x3.xs1.nt                          7.90731e-53
x3.xs2.nh                                  3.3
x3.y2                                      3.3
x3.xs2.nt                          1.09768e-11
x3.xs3.nh                                  3.3
x3.y3                                        0
x3.xs3.nt                         -1.23846e-98
x3.xs4.nh                                  3.3
x3.y4                                      3.3
x3.xs4.nt                          1.09768e-11
x3.xs5.nh                                  3.3
x3.xs5.nt                         -1.23846e-98
x3.nb1                                     3.3
x3.nb2                             3.06524e-09
clk3                                       3.3
x3.xcdec1.c_moscap_int1                   -3.3
x3.xcdec2.c_moscap_int1                   -3.3
x4.xbias.na                           0.935869
x4.xbias.vbpc                          2.31493
x4.xbias.nc                          0.0947311
x4.xbias.xrcg.11                      0.094525
x4.xbias.xrcg.21                   0.000206084
x4.xbias.nsu                         0.0162007
x4.xbias.vfix                          1.85005
x4.xbias.nmd                          0.797504
x4.xbias.vbp0                          2.36645
x4.xbias.noff                         0.798748
x4.xbias.xroff.11                     0.798444
x4.xbias.xroff.21                   0.00030407
x4.xbias.nvi                          0.761719
x4.xbias.xrdeg.11                     0.761429
x4.xbias.xrdeg.21                  0.000289974
x4.xbias.b0b                               3.3
x4.xbias.b1b                               3.3
x4.xbias.b2b                       4.45545e-09
x4.xbias.vbn1                         0.790176
x4.xbias.ga                                3.3
x4.xbias.vbp2                          2.38632
x4.xbias.gb                        4.91009e-15
x4.vbn                                0.880535
x4.xbias.gc                            2.38632
x4.vbp                                 2.27496
x4.xs1.nh                              1.35938
x4.y1                                        0
x4.y5                                        0
x4.xs1.nt                         -1.26011e-52
x4.xs2.nh                                  3.3
x4.y2                                      3.3
x4.xs2.nt                          1.00166e-11
x4.xs3.nh                                  3.3
x4.y3                                        0
x4.xs3.nt                         5.72925e-117
x4.xs4.nh                                  3.3
x4.y4                                      3.3
x4.xs4.nt                          1.00166e-11
x4.xs5.nh                                  3.3
x4.xs5.nt                         5.72911e-117
x4.nb1                                     3.3
x4.nb2                             3.06524e-09
clk4                                       3.3
x4.xcdec1.c_moscap_int1                   -3.3
x4.xcdec2.c_moscap_int1                   -3.3
x5.xbias.na                           0.935869
x5.xbias.vbpc                          2.31493
x5.xbias.nc                          0.0947311
x5.xbias.xrcg.11                      0.094525
x5.xbias.xrcg.21                   0.000206084
x5.xbias.nsu                         0.0162007
x5.xbias.vfix                          1.85005
x5.xbias.nmd                          0.797504
x5.xbias.vbp0                          2.35803
x5.xbias.noff                         0.798733
x5.xbias.xroff.11                     0.798429
x5.xbias.xroff.21                  0.000304064
x5.xbias.nvi                          0.985885
x5.xbias.xrdeg.11                      0.98551
x5.xbias.xrdeg.21                   0.00037531
x5.xbias.b0b                               3.3
x5.xbias.b1b                               3.3
x5.xbias.b2b                       4.45545e-09
x5.xbias.vbn1                         0.797597
x5.xbias.ga                                3.3
x5.xbias.vbp2                          2.37902
x5.xbias.gb                        4.91833e-15
x5.vbn                                0.890968
x5.xbias.gc                            2.37902
x5.vbp                                 2.26262
x5.xs1.nh                              1.37034
x5.y1                                        0
x5.y5                                        0
x5.xs1.nt                         -1.67073e-17
x5.xs2.nh                                  3.3
x5.y2                                      3.3
x5.xs2.nt                          9.18774e-12
x5.xs3.nh                                  3.3
x5.y3                                        0
x5.xs3.nt                          2.17629e-38
x5.xs4.nh                                  3.3
x5.y4                                      3.3
x5.xs4.nt                          9.18774e-12
x5.xs5.nh                                  3.3
x5.xs5.nt                          2.17629e-38
x5.nb1                                     3.3
x5.nb2                             3.06524e-09
clk5                                       3.3
x5.xcdec1.c_moscap_int1                   -3.3
x5.xcdec2.c_moscap_int1                   -3.3
x6.xbias.na                           0.935869
x6.xbias.vbpc                          2.31493
x6.xbias.nc                          0.0947311
x6.xbias.xrcg.11                      0.094525
x6.xbias.xrcg.21                   0.000206084
x6.xbias.nsu                         0.0162007
x6.xbias.vfix                          1.85005
x6.xbias.nmd                          0.797504
x6.xbias.vbp0                          2.35012
x6.xbias.noff                         0.798719
x6.xbias.xroff.11                     0.798415
x6.xbias.xroff.21                  0.000304059
x6.xbias.nvi                           1.21477
x6.xbias.xrdeg.11                      1.21431
x6.xbias.xrdeg.21                  0.000462442
x6.xbias.b0b                               3.3
x6.xbias.b1b                               3.3
x6.xbias.b2b                       4.45545e-09
x6.xbias.vbn1                         0.804499
x6.xbias.ga                                3.3
x6.xbias.vbp2                          2.37221
x6.xbias.gb                        4.92598e-15
x6.vbn                                0.900825
x6.xbias.gc                            2.37221
x6.vbp                                 2.25084
x6.xs1.nh                              1.38081
x6.y1                                        0
x6.y5                                        0
x6.xs1.nt                         -1.43221e-16
x6.xs2.nh                                  3.3
x6.y2                                      3.3
x6.xs2.nt                          8.59216e-12
x6.xs3.nh                                  3.3
x6.y3                                        0
x6.xs3.nt                         -6.46503e-39
x6.xs4.nh                                  3.3
x6.y4                                      3.3
x6.xs4.nt                          8.59216e-12
x6.xs5.nh                                  3.3
x6.xs5.nt                         -6.46503e-39
x6.nb1                                     3.3
x6.nb2                             3.06524e-09
clk6                                       3.3
x6.xcdec1.c_moscap_int1                   -3.3
x6.xcdec2.c_moscap_int1                   -3.3
x7.xbias.na                           0.935869
x7.xbias.vbpc                          2.31493
x7.xbias.nc                          0.0947311
x7.xbias.xrcg.11                      0.094525
x7.xbias.xrcg.21                   0.000206084
x7.xbias.nsu                         0.0162007
x7.xbias.vfix                          1.85005
x7.xbias.nmd                          0.797504
x7.xbias.vbp0                          2.34264
x7.xbias.noff                         0.798706
x7.xbias.xroff.11                     0.798402
x7.xbias.xroff.21                  0.000304054
x7.xbias.nvi                           1.44754
x7.xbias.xrdeg.11                      1.44699
x7.xbias.xrdeg.21                  0.000551055
x7.xbias.b0b                               3.3
x7.xbias.b1b                               3.3
x7.xbias.b2b                       4.45545e-09
x7.xbias.vbn1                         0.810958
x7.xbias.ga                                3.3
x7.xbias.vbp2                          2.36579
x7.xbias.gb                        4.93313e-15
x7.vbn                                0.910189
x7.xbias.gc                            2.36579
x7.vbp                                 2.23957
x7.xs1.nh                              1.39085
x7.y1                                        0
x7.y5                                        0
x7.xs1.nt                         -2.12685e-17
x7.xs2.nh                                  3.3
x7.y2                                      3.3
x7.xs2.nt                          8.05936e-12
x7.xs3.nh                                  3.3
x7.y3                                        0
x7.xs3.nt                          2.84102e-41
x7.xs4.nh                                  3.3
x7.y4                                      3.3
x7.xs4.nt                          8.05936e-12
x7.xs5.nh                                  3.3
x7.xs5.nt                          2.71523e-41
x7.nb1                                     3.3
x7.nb2                             3.06524e-09
clk7                                       3.3
x7.xcdec1.c_moscap_int1                   -3.3
x7.xcdec2.c_moscap_int1                   -3.3
e.x7.xcdec2.ec_moscap#branch                 0
e.x7.xcdec1.ec_moscap#branch                 0
e.x6.xcdec2.ec_moscap#branch                 0
e.x6.xcdec1.ec_moscap#branch                 0
e.x5.xcdec2.ec_moscap#branch                 0
e.x5.xcdec1.ec_moscap#branch                 0
e.x4.xcdec2.ec_moscap#branch                 0
e.x4.xcdec1.ec_moscap#branch                 0
e.x3.xcdec2.ec_moscap#branch                 0
e.x3.xcdec1.ec_moscap#branch                 0
e.x2.xcdec2.ec_moscap#branch                 0
e.x2.xcdec1.ec_moscap#branch                 0
e.x1.xcdec2.ec_moscap#branch                 0
e.x1.xcdec1.ec_moscap#branch                 0
vs7#branch                         0.000111617
vs6#branch                          0.00010175
vs5#branch                         9.20056e-05
vs4#branch                         8.24148e-05
vs3#branch                         7.30268e-05
vs2#branch                         6.39378e-05
vs1#branch                         5.54228e-05
vv7#branch                                   0
vv6#branch                                   0
vv5#branch                                   0
vv4#branch                                   0
vv3#branch                                   0
vv2#branch                                   0
vv1#branch                                   0
vb2#branch                                   0
vb1#branch                                   0
vb0#branch                                   0
vdd#branch                        -0.000580175


No. of Data Rows : 2683

  Measurements for Transient Analysis

tp1                 =  1.44135e-07 targ=  3.24727e-07 trig=  1.80592e-07
tp2                 =  1.19774e-07 targ=  2.99957e-07 trig=  1.80183e-07
tp3                 =  1.01339e-07 targ=  2.79148e-07 trig=  1.77810e-07
tp4                 =  8.71726e-08 targ=  2.62157e-07 trig=  1.74984e-07
tp5                 =  7.62163e-08 targ=  2.48257e-07 trig=  1.72040e-07
tp6                 =  6.75172e-08 targ=  2.36594e-07 trig=  1.69077e-07
tp7                 =  6.03782e-08 targ=  2.26821e-07 trig=  1.66442e-07
f1                  =  2.77518e+07
f2                  =  3.33961e+07
f3                  =  3.94716e+07
f4                  =  4.58860e+07
f5                  =  5.24822e+07
f6                  =  5.92441e+07
f7                  =  6.62491e+07
i1                  =  8.09798e-05 from=  1.59901e-07 to=  4.39727e-07
i2                  =  9.29170e-05 from=  1.59901e-07 to=  4.39727e-07
i3                  =  1.03770e-04 from=  1.59901e-07 to=  4.39727e-07
i4                  =  1.17527e-04 from=  1.59901e-07 to=  4.39727e-07
i5                  =  1.29029e-04 from=  1.59901e-07 to=  4.39727e-07
i6                  =  1.43062e-04 from=  1.59901e-07 to=  4.39727e-07
i7                  =  1.55453e-04 from=  1.59901e-07 to=  4.39727e-07
sw1hi               =  3.39369e+00 at=  3.24828e-07
sw1lo               =  -1.09154e-01 at=  4.13686e-07
sw7hi               =  3.42438e+00 at=  2.12038e-07
sw7lo               =  -1.35887e-01 at=  2.19011e-07


Total analysis time (seconds) = 318.369

Total elapsed time (seconds) = 324.625 

Total DRAM available = 98304.000 MB.
DRAM currently available = 1025.125 MB.
Maximum ngspice program size =   24.188 MB.
Current ngspice program size =   24.188 MB.


======== band 5 :: generated deck (typical_-40c_3.30v) ========
* GENERATED by simenv.sh -- do not edit; edit /Users/rwalters/GitHub/gf180-pll/.loom/worktrees/issue-32/sim/vco-tuning-range/testbench/tb_vco_tuning.sp instead
* tag=typical_Tm40_V3p30_B5 libs=typical,res_typical,moscap_typical temp=-40C
.include "/Users/rwalters/.volare/gf180mcuD/libs.tech/ngspice/design.ngspice"
.lib "/Users/rwalters/.volare/gf180mcuD/libs.tech/ngspice/sm141064.ngspice" typical
.lib "/Users/rwalters/.volare/gf180mcuD/libs.tech/ngspice/sm141064.ngspice" res_typical
.lib "/Users/rwalters/.volare/gf180mcuD/libs.tech/ngspice/sm141064.ngspice" moscap_typical
.temp -40
.param sim_temp=-40
.param vsup=3.30
.param b0v=1*3.30
.param b1v=0*3.30
.param b2v=1*3.30
.param tsettle=9.69096e-08
.param tstop=2.66501e-07
.param tstep=1.28684e-10
.param tmax=1.28684e-10
.include "/Users/rwalters/GitHub/gf180-pll/.loom/worktrees/issue-32/sim/vco-tuning-range/testbench/tb_vco_tuning.sp"
.end

======== band 5 :: ngspice output ========

Note: Compatibility modes selected: hs a

Warning: m=xx on .subckt line will override multiplier m hierarchy!


Circuit: * generated by simenv.sh -- do not edit; edit /users/rwalters/github/gf180-pll/.loom/worktrees/issue-32/sim/vco-tuning-range/testbench/tb_vco_tuning.sp instead

Doing analysis at TEMP = -40.000000 and TNOM = 27.000000

Using SPARSE 1.3 as Direct Linear Solver

Initial Transient Solution
--------------------------

Node                                   Voltage
----                                   -------
vdd                                        3.3
nb0                                        3.3
nb1                                          0
nb2                                        3.3
vc1                                        0.9
vc2                                        1.2
vc3                                        1.5
vc4                                        1.8
vc5                                        2.1
vc6                                        2.4
vc7                                        2.7
nv1                                        3.3
nv2                                        3.3
nv3                                        3.3
nv4                                        3.3
nv5                                        3.3
nv6                                        3.3
nv7                                        3.3
x1.xbias.na                           0.935869
x1.xbias.vbpc                          2.31493
x1.xbias.nc                          0.0947311
x1.xbias.xrcg.11                      0.094525
x1.xbias.xrcg.21                   0.000206084
x1.xbias.nsu                         0.0162007
x1.xbias.vfix                          1.85005
x1.xbias.nmd                          0.797504
x1.xbias.vbp0                          2.39529
x1.xbias.noff                         0.798797
x1.xbias.xroff.11                     0.798493
x1.xbias.xroff.21                  0.000304089
x1.xbias.nvi                          0.138788
x1.xbias.xrdeg.11                     0.138735
x1.xbias.xrdeg.21                  5.28343e-05
x1.xbias.b0b                       4.45545e-09
x1.xbias.b1b                               3.3
x1.xbias.b2b                       4.45545e-09
x1.xbias.vbn1                         0.789945
x1.xbias.ga                            2.39529
x1.xbias.vbp2                          2.38654
x1.xbias.gb                        4.90984e-15
x1.vbn                                0.880213
x1.xbias.gc                            2.38654
x1.vbp                                 2.27534
x1.xs1.nh                              1.35904
x1.y1                                        0
x1.y5                                        0
x1.xs1.nt                          3.31459e-16
x1.xs2.nh                                  3.3
x1.y2                                      3.3
x1.xs2.nt                          1.00427e-11
x1.xs3.nh                                  3.3
x1.y3                                        0
x1.xs3.nt                          -9.5129e-19
x1.xs4.nh                                  3.3
x1.y4                                      3.3
x1.xs4.nt                          1.00427e-11
x1.xs5.nh                                  3.3
x1.xs5.nt                          -9.5129e-19
x1.nb1                                     3.3
x1.nb2                             3.06524e-09
clk1                                       3.3
x1.xcdec1.c_moscap_int1                   -3.3
x1.xcdec2.c_moscap_int1                   -3.3
x2.xbias.na                           0.935869
x2.xbias.vbpc                          2.31493
x2.xbias.nc                          0.0947311
x2.xbias.xrcg.11                      0.094525
x2.xbias.xrcg.21                   0.000206084
x2.xbias.nsu                         0.0162007
x2.xbias.vfix                          1.85005
x2.xbias.nmd                          0.797504
x2.xbias.vbp0                          2.38511
x2.xbias.noff                          0.79878
x2.xbias.xroff.11                     0.798476
x2.xbias.xroff.21                  0.000304082
x2.xbias.nvi                          0.333739
x2.xbias.xrdeg.11                     0.333611
x2.xbias.xrdeg.21                  0.000127049
x2.xbias.b0b                       4.45545e-09
x2.xbias.b1b                               3.3
x2.xbias.b2b                       4.45545e-09
x2.xbias.vbn1                         0.800435
x2.xbias.ga                            2.38511
x2.xbias.vbp2                          2.37623
x2.xbias.gb                        4.92147e-15
x2.vbn                                0.895002
x2.xbias.gc                            2.37623
x2.vbp                                 2.25781
x2.xs1.nh                              1.37461
x2.y1                                        0
x2.y5                                        0
x2.xs1.nt                          1.85498e-15
x2.xs2.nh                                  3.3
x2.y2                                      3.3
x2.xs2.nt                          8.96886e-12
x2.xs3.nh                                  3.3
x2.y3                                        0
x2.xs3.nt                         -6.71351e-41
x2.xs4.nh                                  3.3
x2.y4                                      3.3
x2.xs4.nt                          8.96886e-12
x2.xs5.nh                                  3.3
x2.xs5.nt                         -6.70394e-41
x2.nb1                                     3.3
x2.nb2                             3.06524e-09
clk2                                       3.3
x2.xcdec1.c_moscap_int1                   -3.3
x2.xcdec2.c_moscap_int1                   -3.3
x3.xbias.na                           0.935869
x3.xbias.vbpc                          2.31493
x3.xbias.nc                          0.0947311
x3.xbias.xrcg.11                      0.094525
x3.xbias.xrcg.21                   0.000206084
x3.xbias.nsu                         0.0162007
x3.xbias.vfix                          1.85005
x3.xbias.nmd                          0.797504
x3.xbias.vbp0                          2.37546
x3.xbias.noff                         0.798763
x3.xbias.xroff.11                     0.798459
x3.xbias.xroff.21                  0.000304076
x3.xbias.nvi                          0.543545
x3.xbias.xrdeg.11                     0.543338
x3.xbias.xrdeg.21                  0.000206919
x3.xbias.b0b                       4.45545e-09
x3.xbias.b1b                               3.3
x3.xbias.b2b                       4.45545e-09
x3.xbias.vbn1                         0.810341
x3.xbias.ga                            2.37546
x3.xbias.vbp2                          2.36641
x3.xbias.gb                        4.93245e-15
x3.vbn                                0.909288
x3.xbias.gc                            2.36641
x3.vbp                                 2.24066
x3.xs1.nh                              1.38988
x3.y1                                        0
x3.y5                                        0
x3.xs1.nt                          8.91615e-16
x3.xs2.nh                                  3.3
x3.y2                                      3.3
x3.xs2.nt                          8.10939e-12
x3.xs3.nh                                  3.3
x3.y3                                        0
x3.xs3.nt                         -9.93587e-19
x3.xs4.nh                                  3.3
x3.y4                                      3.3
x3.xs4.nt                          8.10939e-12
x3.xs5.nh                                  3.3
x3.xs5.nt                         -9.93587e-19
x3.nb1                                     3.3
x3.nb2                             3.06524e-09
clk3                                       3.3
x3.xcdec1.c_moscap_int1                   -3.3
x3.xcdec2.c_moscap_int1                   -3.3
x4.xbias.na                           0.935869
x4.xbias.vbpc                          2.31493
x4.xbias.nc                          0.0947311
x4.xbias.xrcg.11                      0.094525
x4.xbias.xrcg.21                   0.000206084
x4.xbias.nsu                         0.0162007
x4.xbias.vfix                          1.85005
x4.xbias.nmd                          0.797504
x4.xbias.vbp0                          2.36645
x4.xbias.noff                         0.798748
x4.xbias.xroff.11                     0.798444
x4.xbias.xroff.21                   0.00030407
x4.xbias.nvi                          0.761719
x4.xbias.xrdeg.11                     0.761429
x4.xbias.xrdeg.21                  0.000289974
x4.xbias.b0b                       4.45545e-09
x4.xbias.b1b                               3.3
x4.xbias.b2b                       4.45545e-09
x4.xbias.vbn1                         0.819531
x4.xbias.ga                            2.36645
x4.xbias.vbp2                          2.35723
x4.xbias.gb                        4.94263e-15
x4.vbn                                 0.92283
x4.xbias.gc                            2.35723
x4.vbp                                 2.22423
x4.xs1.nh                              1.40453
x4.y1                                        0
x4.y5                                        0
x4.xs1.nt                          2.10004e-16
x4.xs2.nh                                  3.3
x4.y2                                      3.3
x4.xs2.nt                           7.4238e-12
x4.xs3.nh                                  3.3
x4.y3                                        0
x4.xs3.nt                          1.80765e-38
x4.xs4.nh                                  3.3
x4.y4                                      3.3
x4.xs4.nt                           7.4238e-12
x4.xs5.nh                                  3.3
x4.xs5.nt                          1.80768e-38
x4.nb1                                     3.3
x4.nb2                             3.06524e-09
clk4                                       3.3
x4.xcdec1.c_moscap_int1                   -3.3
x4.xcdec2.c_moscap_int1                   -3.3
x5.xbias.na                           0.935869
x5.xbias.vbpc                          2.31493
x5.xbias.nc                          0.0947311
x5.xbias.xrcg.11                      0.094525
x5.xbias.xrcg.21                   0.000206084
x5.xbias.nsu                         0.0162007
x5.xbias.vfix                          1.85005
x5.xbias.nmd                          0.797504
x5.xbias.vbp0                          2.35803
x5.xbias.noff                         0.798733
x5.xbias.xroff.11                     0.798429
x5.xbias.xroff.21                  0.000304064
x5.xbias.nvi                          0.985885
x5.xbias.xrdeg.11                      0.98551
x5.xbias.xrdeg.21                   0.00037531
x5.xbias.b0b                       4.45545e-09
x5.xbias.b1b                               3.3
x5.xbias.b2b                       4.45545e-09
x5.xbias.vbn1                          0.82808
x5.xbias.ga                            2.35803
x5.xbias.vbp2                          2.34864
x5.xbias.gb                         4.9521e-15
x5.vbn                                0.935682
x5.xbias.gc                            2.34864
x5.vbp                                 2.20852
x5.xs1.nh                              1.41858
x5.y1                                        0
x5.y5                                        0
x5.xs1.nt                          8.90575e-18
x5.xs2.nh                                  3.3
x5.y2                                      3.3
x5.xs2.nt                          6.86689e-12
x5.xs3.nh                                  3.3
x5.y3                                        0
x5.xs3.nt                         -1.01838e-18
x5.xs4.nh                                  3.3
x5.y4                                      3.3
x5.xs4.nt                          6.86689e-12
x5.xs5.nh                                  3.3
x5.xs5.nt                         -1.01838e-18
x5.nb1                                     3.3
x5.nb2                             3.06524e-09
clk5                                       3.3
x5.xcdec1.c_moscap_int1                   -3.3
x5.xcdec2.c_moscap_int1                   -3.3
x6.xbias.na                           0.935869
x6.xbias.vbpc                          2.31493
x6.xbias.nc                          0.0947311
x6.xbias.xrcg.11                      0.094525
x6.xbias.xrcg.21                   0.000206084
x6.xbias.nsu                         0.0162007
x6.xbias.vfix                          1.85005
x6.xbias.nmd                          0.797504
x6.xbias.vbp0                          2.35012
x6.xbias.noff                         0.798719
x6.xbias.xroff.11                     0.798415
x6.xbias.xroff.21                  0.000304059
x6.xbias.nvi                           1.21477
x6.xbias.xrdeg.11                      1.21431
x6.xbias.xrdeg.21                  0.000462442
x6.xbias.b0b                       4.45545e-09
x6.xbias.b1b                               3.3
x6.xbias.b2b                       4.45545e-09
x6.xbias.vbn1                          0.83608
x6.xbias.ga                            2.35012
x6.xbias.vbp2                          2.34054
x6.xbias.gb                        4.96095e-15
x6.vbn                                0.947934
x6.xbias.gc                            2.34054
x6.vbp                                 2.19346
x6.xs1.nh                              1.43206
x6.y1                                        0
x6.y5                                        0
x6.xs1.nt                         -2.35575e-17
x6.xs2.nh                                  3.3
x6.y2                                      3.3
x6.xs2.nt                          6.40553e-12
x6.xs3.nh                                  3.3
x6.y3                                        0
x6.xs3.nt                          1.02643e-18
x6.xs4.nh                                  3.3
x6.y4                                      3.3
x6.xs4.nt                          6.40553e-12
x6.xs5.nh                                  3.3
x6.xs5.nt                          1.02643e-18
x6.nb1                                     3.3
x6.nb2                             3.06524e-09
clk6                                       3.3
x6.xcdec1.c_moscap_int1                   -3.3
x6.xcdec2.c_moscap_int1                   -3.3
x7.xbias.na                           0.935869
x7.xbias.vbpc                          2.31493
x7.xbias.nc                          0.0947311
x7.xbias.xrcg.11                      0.094525
x7.xbias.xrcg.21                   0.000206084
x7.xbias.nsu                         0.0162007
x7.xbias.vfix                          1.85005
x7.xbias.nmd                          0.797504
x7.xbias.vbp0                          2.34264
x7.xbias.noff                         0.798706
x7.xbias.xroff.11                     0.798402
x7.xbias.xroff.21                  0.000304054
x7.xbias.nvi                           1.44754
x7.xbias.xrdeg.11                      1.44699
x7.xbias.xrdeg.21                  0.000551055
x7.xbias.b0b                       4.45545e-09
x7.xbias.b1b                               3.3
x7.xbias.b2b                       4.45545e-09
x7.xbias.vbn1                         0.843611
x7.xbias.ga                            2.34264
x7.xbias.vbp2                          2.33286
x7.xbias.gb                        4.96928e-15
x7.vbn                                0.959668
x7.xbias.gc                            2.33286
x7.vbp                                 2.17898
x7.xs1.nh                              1.44504
x7.y1                                        0
x7.y5                                        0
x7.xs1.nt                         -2.20289e-17
x7.xs2.nh                                  3.3
x7.y2                                      3.3
x7.xs2.nt                           6.0167e-12
x7.xs3.nh                                  3.3
x7.y3                                        0
x7.xs3.nt                         -1.03251e-18
x7.xs4.nh                                  3.3
x7.y4                                      3.3
x7.xs4.nt                           6.0167e-12
x7.xs5.nh                                  3.3
x7.xs5.nt                         -1.03251e-18
x7.nb1                                     3.3
x7.nb2                             3.06524e-09
clk7                                       3.3
x7.xcdec1.c_moscap_int1                   -3.3
x7.xcdec2.c_moscap_int1                   -3.3
e.x7.xcdec2.ec_moscap#branch                 0
e.x7.xcdec1.ec_moscap#branch                 0
e.x6.xcdec2.ec_moscap#branch                 0
e.x6.xcdec1.ec_moscap#branch                 0
e.x5.xcdec2.ec_moscap#branch                 0
e.x5.xcdec1.ec_moscap#branch                 0
e.x4.xcdec2.ec_moscap#branch                 0
e.x4.xcdec1.ec_moscap#branch                 0
e.x3.xcdec2.ec_moscap#branch                 0
e.x3.xcdec1.ec_moscap#branch                 0
e.x2.xcdec2.ec_moscap#branch                 0
e.x2.xcdec1.ec_moscap#branch                 0
e.x1.xcdec2.ec_moscap#branch                 0
e.x1.xcdec1.ec_moscap#branch                 0
vs7#branch                         0.000160751
vs6#branch                         0.000146013
vs5#branch                         0.000131462
vs4#branch                         0.000117144
vs3#branch                         0.000103134
vs2#branch                          8.9575e-05
vs1#branch                         7.68783e-05
vv7#branch                                   0
vv6#branch                                   0
vv5#branch                                   0
vv4#branch                                   0
vv3#branch                                   0
vv2#branch                                   0
vv1#branch                                   0
vb2#branch                                   0
vb1#branch                                   0
vb0#branch                                   0
vdd#branch                        -0.000824957


No. of Data Rows : 2623

  Measurements for Transient Analysis

tp1                 =  8.76913e-08 targ=  1.97596e-07 trig=  1.09905e-07
tp2                 =  7.24773e-08 targ=  1.81627e-07 trig=  1.09149e-07
tp3                 =  6.10382e-08 targ=  1.68204e-07 trig=  1.07166e-07
tp4                 =  5.22738e-08 targ=  1.57230e-07 trig=  1.04956e-07
tp5                 =  4.54842e-08 targ=  1.48229e-07 trig=  1.02745e-07
tp6                 =  4.00810e-08 targ=  1.40651e-07 trig=  1.00570e-07
tp7                 =  3.57269e-08 targ=  1.34243e-07 trig=  9.85158e-08
f1                  =  4.56146e+07
f2                  =  5.51897e+07
f3                  =  6.55328e+07
f4                  =  7.65201e+07
f5                  =  8.79426e+07
f6                  =  9.97979e+07
f7                  =  1.11960e+08
i1                  =  1.11118e-04 from=  9.69096e-08 to=  2.66501e-07
i2                  =  1.27271e-04 from=  9.69096e-08 to=  2.66501e-07
i3                  =  1.44636e-04 from=  9.69096e-08 to=  2.66501e-07
i4                  =  1.64654e-04 from=  9.69096e-08 to=  2.66501e-07
i5                  =  1.82710e-04 from=  9.69096e-08 to=  2.66501e-07
i6                  =  2.03820e-04 from=  9.69096e-08 to=  2.66501e-07
i7                  =  2.23867e-04 from=  9.69096e-08 to=  2.66501e-07
sw1hi               =  3.41156e+00 at=  1.97716e-07
sw1lo               =  -1.27693e-01 at=  2.29894e-07
sw7hi               =  3.46325e+00 at=  1.61169e-07
sw7lo               =  -1.61616e-01 at=  1.20720e-07


Total analysis time (seconds) = 300.035

Total elapsed time (seconds) = 306.396 

Total DRAM available = 98304.000 MB.
DRAM currently available = 1059.281 MB.
Maximum ngspice program size =   24.156 MB.
Current ngspice program size =   24.156 MB.


======== band 6 :: generated deck (typical_-40c_3.30v) ========
* GENERATED by simenv.sh -- do not edit; edit /Users/rwalters/GitHub/gf180-pll/.loom/worktrees/issue-32/sim/vco-tuning-range/testbench/tb_vco_tuning.sp instead
* tag=typical_Tm40_V3p30_B6 libs=typical,res_typical,moscap_typical temp=-40C
.include "/Users/rwalters/.volare/gf180mcuD/libs.tech/ngspice/design.ngspice"
.lib "/Users/rwalters/.volare/gf180mcuD/libs.tech/ngspice/sm141064.ngspice" typical
.lib "/Users/rwalters/.volare/gf180mcuD/libs.tech/ngspice/sm141064.ngspice" res_typical
.lib "/Users/rwalters/.volare/gf180mcuD/libs.tech/ngspice/sm141064.ngspice" moscap_typical
.temp -40
.param sim_temp=-40
.param vsup=3.30
.param b0v=0*3.30
.param b1v=1*3.30
.param b2v=1*3.30
.param tsettle=5.8733e-08
.param tstop=1.61516e-07
.param tstep=7.799e-11
.param tmax=7.799e-11
.include "/Users/rwalters/GitHub/gf180-pll/.loom/worktrees/issue-32/sim/vco-tuning-range/testbench/tb_vco_tuning.sp"
.end

======== band 6 :: ngspice output ========

Note: Compatibility modes selected: hs a

Warning: m=xx on .subckt line will override multiplier m hierarchy!


Circuit: * generated by simenv.sh -- do not edit; edit /users/rwalters/github/gf180-pll/.loom/worktrees/issue-32/sim/vco-tuning-range/testbench/tb_vco_tuning.sp instead

Doing analysis at TEMP = -40.000000 and TNOM = 27.000000

Using SPARSE 1.3 as Direct Linear Solver

Initial Transient Solution
--------------------------

Node                                   Voltage
----                                   -------
vdd                                        3.3
nb0                                          0
nb1                                        3.3
nb2                                        3.3
vc1                                        0.9
vc2                                        1.2
vc3                                        1.5
vc4                                        1.8
vc5                                        2.1
vc6                                        2.4
vc7                                        2.7
nv1                                        3.3
nv2                                        3.3
nv3                                        3.3
nv4                                        3.3
nv5                                        3.3
nv6                                        3.3
nv7                                        3.3
x1.xbias.na                           0.935869
x1.xbias.vbpc                          2.31493
x1.xbias.nc                          0.0947311
x1.xbias.xrcg.11                      0.094525
x1.xbias.xrcg.21                   0.000206084
x1.xbias.nsu                         0.0162007
x1.xbias.vfix                          1.85005
x1.xbias.nmd                          0.797504
x1.xbias.vbp0                          2.39529
x1.xbias.noff                         0.798797
x1.xbias.xroff.11                     0.798493
x1.xbias.xroff.21                  0.000304089
x1.xbias.nvi                          0.138788
x1.xbias.xrdeg.11                     0.138735
x1.xbias.xrdeg.21                  5.28343e-05
x1.xbias.b0b                               3.3
x1.xbias.b1b                       4.45545e-09
x1.xbias.b2b                       4.45545e-09
x1.xbias.vbn1                         0.764122
x1.xbias.ga                                3.3
x1.xbias.vbp2                          2.35463
x1.xbias.gb                           0.764122
x1.vbn                                0.926699
x1.xbias.gc                            2.35463
x1.vbp                                 2.21951
x1.xs1.nh                              1.40875
x1.y1                                        0
x1.y5                                        0
x1.xs1.nt                         -3.81209e-17
x1.xs2.nh                                  3.3
x1.y2                                      3.3
x1.xs2.nt                          7.24729e-12
x1.xs3.nh                                  3.3
x1.y3                                        0
x1.xs3.nt                         -4.71322e-58
x1.xs4.nh                                  3.3
x1.y4                                      3.3
x1.xs4.nt                          7.24729e-12
x1.xs5.nh                                  3.3
x1.xs5.nt                         -4.71322e-58
x1.nb1                                     3.3
x1.nb2                             3.06524e-09
clk1                                       3.3
x1.xcdec1.c_moscap_int1                   -3.3
x1.xcdec2.c_moscap_int1                   -3.3
x2.xbias.na                           0.935869
x2.xbias.vbpc                          2.31493
x2.xbias.nc                          0.0947311
x2.xbias.xrcg.11                      0.094525
x2.xbias.xrcg.21                   0.000206084
x2.xbias.nsu                         0.0162007
x2.xbias.vfix                          1.85005
x2.xbias.nmd                          0.797504
x2.xbias.vbp0                          2.38511
x2.xbias.noff                          0.79878
x2.xbias.xroff.11                     0.798476
x2.xbias.xroff.21                  0.000304082
x2.xbias.nvi                          0.333739
x2.xbias.xrdeg.11                     0.333611
x2.xbias.xrdeg.21                  0.000127049
x2.xbias.b0b                               3.3
x2.xbias.b1b                       4.45545e-09
x2.xbias.b2b                       4.45545e-09
x2.xbias.vbn1                         0.773427
x2.xbias.ga                                3.3
x2.xbias.vbp2                          2.34234
x2.xbias.gb                           0.773427
x2.vbn                                0.945189
x2.xbias.gc                            2.34234
x2.vbp                                 2.19684
x2.xs1.nh                              1.42903
x2.y1                                        0
x2.y5                                        0
x2.xs1.nt                          1.03083e-17
x2.xs2.nh                                  3.3
x2.y2                                      3.3
x2.xs2.nt                          6.50368e-12
x2.xs3.nh                                  3.3
x2.y3                                        0
x2.xs3.nt                          -1.8915e-77
x2.xs4.nh                                  3.3
x2.y4                                      3.3
x2.xs4.nt                          6.50368e-12
x2.xs5.nh                                  3.3
x2.xs5.nt                         -1.89149e-77
x2.nb1                                     3.3
x2.nb2                             3.06524e-09
clk2                                       3.3
x2.xcdec1.c_moscap_int1                   -3.3
x2.xcdec2.c_moscap_int1                   -3.3
x3.xbias.na                           0.935869
x3.xbias.vbpc                          2.31493
x3.xbias.nc                          0.0947311
x3.xbias.xrcg.11                      0.094525
x3.xbias.xrcg.21                   0.000206084
x3.xbias.nsu                         0.0162007
x3.xbias.vfix                          1.85005
x3.xbias.nmd                          0.797504
x3.xbias.vbp0                          2.37546
x3.xbias.noff                         0.798763
x3.xbias.xroff.11                     0.798459
x3.xbias.xroff.21                  0.000304076
x3.xbias.nvi                          0.543545
x3.xbias.xrdeg.11                     0.543338
x3.xbias.xrdeg.21                  0.000206919
x3.xbias.b0b                               3.3
x3.xbias.b1b                       4.45545e-09
x3.xbias.b2b                       4.45545e-09
x3.xbias.vbn1                         0.782145
x3.xbias.ga                                3.3
x3.xbias.vbp2                          2.33052
x3.xbias.gb                           0.782145
x3.vbn                                0.963273
x3.xbias.gc                            2.33052
x3.vbp                                 2.17452
x3.xs1.nh                              1.44904
x3.y1                                        0
x3.y5                                        0
x3.xs1.nt                          1.95622e-17
x3.xs2.nh                                  3.3
x3.y2                                      3.3
x3.xs2.nt                          5.90641e-12
x3.xs3.nh                                  3.3
x3.y3                                        0
x3.xs3.nt                         -4.59536e-58
x3.xs4.nh                                  3.3
x3.y4                                      3.3
x3.xs4.nt                          5.90641e-12
x3.xs5.nh                                  3.3
x3.xs5.nt                         -4.59536e-58
x3.nb1                                     3.3
x3.nb2                             3.06524e-09
clk3                                       3.3
x3.xcdec1.c_moscap_int1                   -3.3
x3.xcdec2.c_moscap_int1                   -3.3
x4.xbias.na                           0.935869
x4.xbias.vbpc                          2.31493
x4.xbias.nc                          0.0947311
x4.xbias.xrcg.11                      0.094525
x4.xbias.xrcg.21                   0.000206084
x4.xbias.nsu                         0.0162007
x4.xbias.vfix                          1.85005
x4.xbias.nmd                          0.797504
x4.xbias.vbp0                          2.36645
x4.xbias.noff                         0.798748
x4.xbias.xroff.11                     0.798444
x4.xbias.xroff.21                   0.00030407
x4.xbias.nvi                          0.761719
x4.xbias.xrdeg.11                     0.761429
x4.xbias.xrdeg.21                  0.000289974
x4.xbias.b0b                               3.3
x4.xbias.b1b                       4.45545e-09
x4.xbias.b2b                       4.45545e-09
x4.xbias.vbn1                         0.790176
x4.xbias.ga                                3.3
x4.xbias.vbp2                          2.31937
x4.xbias.gb                           0.790176
x4.vbn                                0.980607
x4.xbias.gc                            2.31937
x4.vbp                                 2.15307
x4.xs1.nh                              1.46833
x4.y1                                        0
x4.y5                                        0
x4.xs1.nt                         -2.04702e-42
x4.xs2.nh                                  3.3
x4.y2                                      3.3
x4.xs2.nt                          5.42746e-12
x4.xs3.nh                                  3.3
x4.y3                                        0
x4.xs3.nt                         -4.48375e-58
x4.xs4.nh                                  3.3
x4.y4                                      3.3
x4.xs4.nt                          5.42746e-12
x4.xs5.nh                                  3.3
x4.xs5.nt                         -4.48375e-58
x4.nb1                                     3.3
x4.nb2                             3.06524e-09
clk4                                       3.3
x4.xcdec1.c_moscap_int1                   -3.3
x4.xcdec2.c_moscap_int1                   -3.3
x5.xbias.na                           0.935869
x5.xbias.vbpc                          2.31493
x5.xbias.nc                          0.0947311
x5.xbias.xrcg.11                      0.094525
x5.xbias.xrcg.21                   0.000206084
x5.xbias.nsu                         0.0162007
x5.xbias.vfix                          1.85005
x5.xbias.nmd                          0.797504
x5.xbias.vbp0                          2.35803
x5.xbias.noff                         0.798733
x5.xbias.xroff.11                     0.798429
x5.xbias.xroff.21                  0.000304064
x5.xbias.nvi                          0.985885
x5.xbias.xrdeg.11                      0.98551
x5.xbias.xrdeg.21                   0.00037531
x5.xbias.b0b                               3.3
x5.xbias.b1b                       4.45545e-09
x5.xbias.b2b                       4.45545e-09
x5.xbias.vbn1                         0.797597
x5.xbias.ga                                3.3
x5.xbias.vbp2                          2.30883
x5.xbias.gb                           0.797597
x5.vbn                                0.997223
x5.xbias.gc                            2.30883
x5.vbp                                 2.13248
x5.xs1.nh                              1.48687
x5.y1                                        0
x5.y5                                        0
x5.xs1.nt                         -1.28907e-88
x5.xs2.nh                                  3.3
x5.y2                                      3.3
x5.xs2.nt                          5.03634e-12
x5.xs3.nh                                  3.3
x5.y3                                        0
x5.xs3.nt                          4.5658e-196
x5.xs4.nh                                  3.3
x5.y4                                      3.3
x5.xs4.nt                          5.03634e-12
x5.xs5.nh                                  3.3
x5.xs5.nt                          4.5658e-196
x5.nb1                                     3.3
x5.nb2                             3.06524e-09
clk5                                       3.3
x5.xcdec1.c_moscap_int1                   -3.3
x5.xcdec2.c_moscap_int1                   -3.3
x6.xbias.na                           0.935869
x6.xbias.vbpc                          2.31493
x6.xbias.nc                          0.0947311
x6.xbias.xrcg.11                      0.094525
x6.xbias.xrcg.21                   0.000206084
x6.xbias.nsu                         0.0162007
x6.xbias.vfix                          1.85005
x6.xbias.nmd                          0.797504
x6.xbias.vbp0                          2.35012
x6.xbias.noff                         0.798719
x6.xbias.xroff.11                     0.798415
x6.xbias.xroff.21                  0.000304059
x6.xbias.nvi                           1.21477
x6.xbias.xrdeg.11                      1.21431
x6.xbias.xrdeg.21                  0.000462442
x6.xbias.b0b                               3.3
x6.xbias.b1b                       4.45545e-09
x6.xbias.b2b                       4.45545e-09
x6.xbias.vbn1                         0.804499
x6.xbias.ga                                3.3
x6.xbias.vbp2                          2.29884
x6.xbias.gb                           0.804499
x6.vbn                                  1.0132
x6.xbias.gc                            2.29884
x6.vbp                                 2.11269
x6.xs1.nh                              1.50473
x6.y1                                        0
x6.y5                                        0
x6.xs1.nt                         -5.68445e-18
x6.xs2.nh                                  3.3
x6.y2                                      3.3
x6.xs2.nt                          4.71106e-12
x6.xs3.nh                                  3.3
x6.y3                                        0
x6.xs3.nt                         -8.52232e-58
x6.xs4.nh                                  3.3
x6.y4                                      3.3
x6.xs4.nt                          4.71106e-12
x6.xs5.nh                                  3.3
x6.xs5.nt                         -8.52232e-58
x6.nb1                                     3.3
x6.nb2                             3.06524e-09
clk6                                       3.3
x6.xcdec1.c_moscap_int1                   -3.3
x6.xcdec2.c_moscap_int1                   -3.3
x7.xbias.na                           0.935869
x7.xbias.vbpc                          2.31493
x7.xbias.nc                          0.0947311
x7.xbias.xrcg.11                      0.094525
x7.xbias.xrcg.21                   0.000206084
x7.xbias.nsu                         0.0162007
x7.xbias.vfix                          1.85005
x7.xbias.nmd                          0.797504
x7.xbias.vbp0                          2.34264
x7.xbias.noff                         0.798706
x7.xbias.xroff.11                     0.798402
x7.xbias.xroff.21                  0.000304054
x7.xbias.nvi                           1.44754
x7.xbias.xrdeg.11                      1.44699
x7.xbias.xrdeg.21                  0.000551055
x7.xbias.b0b                               3.3
x7.xbias.b1b                       4.45545e-09
x7.xbias.b2b                       4.45545e-09
x7.xbias.vbn1                         0.810958
x7.xbias.ga                                3.3
x7.xbias.vbp2                          2.28931
x7.xbias.gb                           0.810958
x7.vbn                                 1.02862
x7.xbias.gc                            2.28931
x7.vbp                                 2.09363
x7.xs1.nh                              1.52196
x7.y1                                        0
x7.y5                                        0
x7.xs1.nt                           2.087e-149
x7.xs2.nh                                  3.3
x7.y2                                      3.3
x7.xs2.nt                          4.43602e-12
x7.xs3.nh                                  3.3
x7.y3                                        0
x7.xs3.nt                        -2.59116e-256
x7.xs4.nh                                  3.3
x7.y4                                      3.3
x7.xs4.nt                          4.43602e-12
x7.xs5.nh                                  3.3
x7.xs5.nt                        -2.59145e-256
x7.nb1                                     3.3
x7.nb2                             3.06524e-09
clk7                                       3.3
x7.xcdec1.c_moscap_int1                   -3.3
x7.xcdec2.c_moscap_int1                   -3.3
e.x7.xcdec2.ec_moscap#branch                 0
e.x7.xcdec1.ec_moscap#branch                 0
e.x6.xcdec2.ec_moscap#branch                 0
e.x6.xcdec1.ec_moscap#branch                 0
e.x5.xcdec2.ec_moscap#branch                 0
e.x5.xcdec1.ec_moscap#branch                 0
e.x4.xcdec2.ec_moscap#branch                 0
e.x4.xcdec1.ec_moscap#branch                 0
e.x3.xcdec2.ec_moscap#branch                 0
e.x3.xcdec1.ec_moscap#branch                 0
e.x2.xcdec2.ec_moscap#branch                 0
e.x2.xcdec1.ec_moscap#branch                 0
e.x1.xcdec2.ec_moscap#branch                 0
e.x1.xcdec1.ec_moscap#branch                 0
vs7#branch                         0.000232283
vs6#branch                         0.000210627
vs5#branch                         0.000189227
vs4#branch                         0.000168147
vs3#branch                         0.000147497
vs2#branch                         0.000127489
vs1#branch                         0.000108726
vv7#branch                                   0
vv6#branch                                   0
vv5#branch                                   0
vv4#branch                                   0
vv3#branch                                   0
vv2#branch                                   0
vv1#branch                                   0
vb2#branch                                   0
vb1#branch                                   0
vb0#branch                                   0
vdd#branch                           -0.001184


No. of Data Rows : 2641

  Measurements for Transient Analysis

tp1                 =  5.01061e-08 targ=  1.13083e-07 trig=  6.29766e-08
tp2                 =  4.12116e-08 targ=  1.03396e-07 trig=  6.21846e-08
tp3                 =  3.45119e-08 targ=  9.52162e-08 trig=  6.07043e-08
tp4                 =  2.93807e-08 targ=  8.84998e-08 trig=  5.91191e-08
tp5                 =  2.54629e-08 targ=  8.94097e-08 trig=  6.39469e-08
tp6                 =  2.23498e-08 targ=  8.40976e-08 trig=  6.17478e-08
tp7                 =  1.98490e-08 targ=  7.96477e-08 trig=  5.97987e-08
f1                  =  7.98306e+07
f2                  =  9.70601e+07
f3                  =  1.15902e+08
f4                  =  1.36144e+08
f5                  =  1.57092e+08
f6                  =  1.78972e+08
f7                  =  2.01522e+08
i1                  =  1.54843e-04 from=  5.87330e-08 to=  1.61516e-07
i2                  =  1.81385e-04 from=  5.87330e-08 to=  1.61516e-07
i3                  =  2.09514e-04 from=  5.87330e-08 to=  1.61516e-07
i4                  =  2.37726e-04 from=  5.87330e-08 to=  1.61516e-07
i5                  =  2.66099e-04 from=  5.87330e-08 to=  1.61516e-07
i6                  =  2.97309e-04 from=  5.87330e-08 to=  1.61516e-07
i7                  =  3.27723e-04 from=  5.87330e-08 to=  1.61516e-07
sw1hi               =  3.41985e+00 at=  1.25754e-07
sw1lo               =  -1.48022e-01 at=  1.19119e-07
sw7hi               =  3.47096e+00 at=  1.59108e-07
sw7lo               =  -1.96142e-01 at=  1.21804e-07


Total analysis time (seconds) = 297.475

Total elapsed time (seconds) = 304.133 

Total DRAM available = 98304.000 MB.
DRAM currently available =  864.609 MB.
Maximum ngspice program size =   24.188 MB.
Current ngspice program size =   24.188 MB.


======== band 7 :: generated deck (typical_-40c_3.30v) ========
* GENERATED by simenv.sh -- do not edit; edit /Users/rwalters/GitHub/gf180-pll/.loom/worktrees/issue-32/sim/vco-tuning-range/testbench/tb_vco_tuning.sp instead
* tag=typical_Tm40_V3p30_B7 libs=typical,res_typical,moscap_typical temp=-40C
.include "/Users/rwalters/.volare/gf180mcuD/libs.tech/ngspice/design.ngspice"
.lib "/Users/rwalters/.volare/gf180mcuD/libs.tech/ngspice/sm141064.ngspice" typical
.lib "/Users/rwalters/.volare/gf180mcuD/libs.tech/ngspice/sm141064.ngspice" res_typical
.lib "/Users/rwalters/.volare/gf180mcuD/libs.tech/ngspice/sm141064.ngspice" moscap_typical
.temp -40
.param sim_temp=-40
.param vsup=3.30
.param b0v=1*3.30
.param b1v=1*3.30
.param b2v=1*3.30
.param tsettle=3.55957e-08
.param tstop=9.78883e-08
.param tstep=4.72668e-11
.param tmax=4.72668e-11
.include "/Users/rwalters/GitHub/gf180-pll/.loom/worktrees/issue-32/sim/vco-tuning-range/testbench/tb_vco_tuning.sp"
.end

======== band 7 :: ngspice output ========

Note: Compatibility modes selected: hs a

Warning: m=xx on .subckt line will override multiplier m hierarchy!


Circuit: * generated by simenv.sh -- do not edit; edit /users/rwalters/github/gf180-pll/.loom/worktrees/issue-32/sim/vco-tuning-range/testbench/tb_vco_tuning.sp instead

Doing analysis at TEMP = -40.000000 and TNOM = 27.000000

Using SPARSE 1.3 as Direct Linear Solver

Initial Transient Solution
--------------------------

Node                                   Voltage
----                                   -------
vdd                                        3.3
nb0                                        3.3
nb1                                        3.3
nb2                                        3.3
vc1                                        0.9
vc2                                        1.2
vc3                                        1.5
vc4                                        1.8
vc5                                        2.1
vc6                                        2.4
vc7                                        2.7
nv1                                        3.3
nv2                                        3.3
nv3                                        3.3
nv4                                        3.3
nv5                                        3.3
nv6                                        3.3
nv7                                        3.3
x1.xbias.na                           0.935869
x1.xbias.vbpc                          2.31493
x1.xbias.nc                          0.0947311
x1.xbias.xrcg.11                      0.094525
x1.xbias.xrcg.21                   0.000206084
x1.xbias.nsu                         0.0162007
x1.xbias.vfix                          1.85005
x1.xbias.nmd                          0.797504
x1.xbias.vbp0                          2.39529
x1.xbias.noff                         0.798797
x1.xbias.xroff.11                     0.798493
x1.xbias.xroff.21                  0.000304089
x1.xbias.nvi                          0.138788
x1.xbias.xrdeg.11                     0.138735
x1.xbias.xrdeg.21                  5.28343e-05
x1.xbias.b0b                       4.45545e-09
x1.xbias.b1b                       4.45545e-09
x1.xbias.b2b                       4.45545e-09
x1.xbias.vbn1                         0.789945
x1.xbias.ga                            2.39529
x1.xbias.vbp2                           2.3197
x1.xbias.gb                           0.789945
x1.vbn                                0.980099
x1.xbias.gc                             2.3197
x1.vbp                                  2.1537
x1.xs1.nh                              1.46776
x1.y1                                        0
x1.y5                                        0
x1.xs1.nt                         -2.17151e-65
x1.xs2.nh                                  3.3
x1.y2                                      3.3
x1.xs2.nt                          5.44038e-12
x1.xs3.nh                                  3.3
x1.y3                                        0
x1.xs3.nt                         8.40655e-118
x1.xs4.nh                                  3.3
x1.y4                                      3.3
x1.xs4.nt                          5.44038e-12
x1.xs5.nh                                  3.3
x1.xs5.nt                         8.40655e-118
x1.nb1                                     3.3
x1.nb2                             3.06524e-09
clk1                                       3.3
x1.xcdec1.c_moscap_int1                   -3.3
x1.xcdec2.c_moscap_int1                   -3.3
x2.xbias.na                           0.935869
x2.xbias.vbpc                          2.31493
x2.xbias.nc                          0.0947311
x2.xbias.xrcg.11                      0.094525
x2.xbias.xrcg.21                   0.000206084
x2.xbias.nsu                         0.0162007
x2.xbias.vfix                          1.85005
x2.xbias.nmd                          0.797504
x2.xbias.vbp0                          2.38511
x2.xbias.noff                          0.79878
x2.xbias.xroff.11                     0.798476
x2.xbias.xroff.21                  0.000304082
x2.xbias.nvi                          0.333739
x2.xbias.xrdeg.11                     0.333611
x2.xbias.xrdeg.21                  0.000127049
x2.xbias.b0b                       4.45545e-09
x2.xbias.b1b                       4.45545e-09
x2.xbias.b2b                       4.45545e-09
x2.xbias.vbn1                         0.800435
x2.xbias.ga                            2.38511
x2.xbias.vbp2                          2.30475
x2.xbias.gb                           0.800435
x2.vbn                                 1.00373
x2.xbias.gc                            2.30475
x2.vbp                                 2.12441
x2.xs1.nh                              1.49415
x2.y1                                        0
x2.y5                                        0
x2.xs1.nt                         -2.46226e-88
x2.xs2.nh                                  3.3
x2.y2                                      3.3
x2.xs2.nt                          4.89841e-12
x2.xs3.nh                                  3.3
x2.y3                                        0
x2.xs3.nt                        -1.49322e-136
x2.xs4.nh                                  3.3
x2.y4                                      3.3
x2.xs4.nt                          4.89841e-12
x2.xs5.nh                                  3.3
x2.xs5.nt                        -1.49322e-136
x2.nb1                                     3.3
x2.nb2                             3.06524e-09
clk2                                       3.3
x2.xcdec1.c_moscap_int1                   -3.3
x2.xcdec2.c_moscap_int1                   -3.3
x3.xbias.na                           0.935869
x3.xbias.vbpc                          2.31493
x3.xbias.nc                          0.0947311
x3.xbias.xrcg.11                      0.094525
x3.xbias.xrcg.21                   0.000206084
x3.xbias.nsu                         0.0162007
x3.xbias.vfix                          1.85005
x3.xbias.nmd                          0.797504
x3.xbias.vbp0                          2.37546
x3.xbias.noff                         0.798763
x3.xbias.xroff.11                     0.798459
x3.xbias.xroff.21                  0.000304076
x3.xbias.nvi                          0.543545
x3.xbias.xrdeg.11                     0.543338
x3.xbias.xrdeg.21                  0.000206919
x3.xbias.b0b                       4.45545e-09
x3.xbias.b1b                       4.45545e-09
x3.xbias.b2b                       4.45545e-09
x3.xbias.vbn1                          0.81034
x3.xbias.ga                            2.37546
x3.xbias.vbp2                          2.29023
x3.xbias.gb                            0.81034
x3.vbn                                 1.02713
x3.xbias.gc                            2.29023
x3.vbp                                 2.09547
x3.xs1.nh                              1.52029
x3.y1                                        0
x3.y5                                        0
x3.xs1.nt                         -8.39268e-89
x3.xs2.nh                                  3.3
x3.y2                                      3.3
x3.xs2.nt                          4.46117e-12
x3.xs3.nh                                  3.3
x3.y3                                        0
x3.xs3.nt                        -1.10993e-156
x3.xs4.nh                                  3.3
x3.y4                                      3.3
x3.xs4.nt                          4.46117e-12
x3.xs5.nh                                  3.3
x3.xs5.nt                        -1.10993e-156
x3.nb1                                     3.3
x3.nb2                             3.06524e-09
clk3                                       3.3
x3.xcdec1.c_moscap_int1                   -3.3
x3.xcdec2.c_moscap_int1                   -3.3
x4.xbias.na                           0.935869
x4.xbias.vbpc                          2.31493
x4.xbias.nc                          0.0947311
x4.xbias.xrcg.11                      0.094525
x4.xbias.xrcg.21                   0.000206084
x4.xbias.nsu                         0.0162007
x4.xbias.vfix                          1.85005
x4.xbias.nmd                          0.797504
x4.xbias.vbp0                          2.36645
x4.xbias.noff                         0.798748
x4.xbias.xroff.11                     0.798444
x4.xbias.xroff.21                   0.00030407
x4.xbias.nvi                          0.761719
x4.xbias.xrdeg.11                     0.761429
x4.xbias.xrdeg.21                  0.000289974
x4.xbias.b0b                       4.45545e-09
x4.xbias.b1b                       4.45545e-09
x4.xbias.b2b                       4.45545e-09
x4.xbias.vbn1                         0.819531
x4.xbias.ga                            2.36645
x4.xbias.vbp2                          2.27641
x4.xbias.gb                           0.819531
x4.vbn                                  1.0498
x4.xbias.gc                            2.27641
x4.vbp                                 2.06755
x4.xs1.nh                              1.54557
x4.y1                                        0
x4.y5                                        0
x4.xs1.nt                         1.07799e-100
x4.xs2.nh                                  3.3
x4.y2                                      3.3
x4.xs2.nt                           4.1092e-12
x4.xs3.nh                                  3.3
x4.y3                                        0
x4.xs3.nt                         3.95452e-177
x4.xs4.nh                                  3.3
x4.y4                                      3.3
x4.xs4.nt                           4.1092e-12
x4.xs5.nh                                  3.3
x4.xs5.nt                          3.9544e-177
x4.nb1                                     3.3
x4.nb2                             3.06524e-09
clk4                                       3.3
x4.xcdec1.c_moscap_int1                   -3.3
x4.xcdec2.c_moscap_int1                   -3.3
x5.xbias.na                           0.935869
x5.xbias.vbpc                          2.31493
x5.xbias.nc                          0.0947311
x5.xbias.xrcg.11                      0.094525
x5.xbias.xrcg.21                   0.000206084
x5.xbias.nsu                         0.0162007
x5.xbias.vfix                          1.85005
x5.xbias.nmd                          0.797504
x5.xbias.vbp0                          2.35803
x5.xbias.noff                         0.798733
x5.xbias.xroff.11                     0.798429
x5.xbias.xroff.21                  0.000304064
x5.xbias.nvi                          0.985885
x5.xbias.xrdeg.11                      0.98551
x5.xbias.xrdeg.21                   0.00037531
x5.xbias.b0b                       4.45545e-09
x5.xbias.b1b                       4.45545e-09
x5.xbias.b2b                       4.45545e-09
x5.xbias.vbn1                          0.82808
x5.xbias.ga                            2.35803
x5.xbias.vbp2                          2.26326
x5.xbias.gb                            0.82808
x5.vbn                                 1.07173
x5.xbias.gc                            2.26326
x5.vbp                                 2.04069
x5.xs1.nh                              1.56995
x5.y1                                        0
x5.y5                                        0
x5.xs1.nt                        -7.89218e-101
x5.xs2.nh                                  3.3
x5.y2                                      3.3
x5.xs2.nt                          3.82096e-12
x5.xs3.nh                                  3.3
x5.y3                                        0
x5.xs3.nt                        -1.77487e-156
x5.xs4.nh                                  3.3
x5.y4                                      3.3
x5.xs4.nt                          3.82096e-12
x5.xs5.nh                                  3.3
x5.xs5.nt                        -1.77487e-156
x5.nb1                                     3.3
x5.nb2                             3.06524e-09
clk5                                       3.3
x5.xcdec1.c_moscap_int1                   -3.3
x5.xcdec2.c_moscap_int1                   -3.3
x6.xbias.na                           0.935869
x6.xbias.vbpc                          2.31493
x6.xbias.nc                          0.0947311
x6.xbias.xrcg.11                      0.094525
x6.xbias.xrcg.21                   0.000206084
x6.xbias.nsu                         0.0162007
x6.xbias.vfix                          1.85005
x6.xbias.nmd                          0.797504
x6.xbias.vbp0                          2.35012
x6.xbias.noff                         0.798719
x6.xbias.xroff.11                     0.798415
x6.xbias.xroff.21                  0.000304059
x6.xbias.nvi                           1.21477
x6.xbias.xrdeg.11                      1.21431
x6.xbias.xrdeg.21                  0.000462442
x6.xbias.b0b                       4.45545e-09
x6.xbias.b1b                       4.45545e-09
x6.xbias.b2b                       4.45545e-09
x6.xbias.vbn1                          0.83608
x6.xbias.ga                            2.35012
x6.xbias.vbp2                          2.25071
x6.xbias.gb                            0.83608
x6.vbn                                 1.09299
x6.xbias.gc                            2.25071
x6.vbp                                 2.01482
x6.xs1.nh                              1.59348
x6.y1                                        0
x6.y5                                        0
x6.xs1.nt                          1.53446e-17
x6.xs2.nh                                  3.3
x6.y2                                      3.3
x6.xs2.nt                          3.57376e-12
x6.xs3.nh                                  3.3
x6.y3                                        0
x6.xs3.nt                          6.67388e-17
x6.xs4.nh                                  3.3
x6.y4                                      3.3
x6.xs4.nt                          3.57376e-12
x6.xs5.nh                                  3.3
x6.xs5.nt                          6.67388e-17
x6.nb1                                     3.3
x6.nb2                             3.06524e-09
clk6                                       3.3
x6.xcdec1.c_moscap_int1                   -3.3
x6.xcdec2.c_moscap_int1                   -3.3
x7.xbias.na                           0.935869
x7.xbias.vbpc                          2.31493
x7.xbias.nc                          0.0947311
x7.xbias.xrcg.11                      0.094525
x7.xbias.xrcg.21                   0.000206084
x7.xbias.nsu                         0.0162007
x7.xbias.vfix                          1.85005
x7.xbias.nmd                          0.797504
x7.xbias.vbp0                          2.34264
x7.xbias.noff                         0.798706
x7.xbias.xroff.11                     0.798402
x7.xbias.xroff.21                  0.000304054
x7.xbias.nvi                           1.44754
x7.xbias.xrdeg.11                      1.44699
x7.xbias.xrdeg.21                  0.000551055
x7.xbias.b0b                       4.45545e-09
x7.xbias.b1b                       4.45545e-09
x7.xbias.b2b                       4.45545e-09
x7.xbias.vbn1                         0.843611
x7.xbias.ga                            2.34264
x7.xbias.vbp2                          2.23869
x7.xbias.gb                           0.843611
x7.vbn                                 1.11366
x7.xbias.gc                            2.23869
x7.vbp                                 1.98986
x7.xs1.nh                              1.61623
x7.y1                                        0
x7.y5                                        0
x7.xs1.nt                          8.16334e-42
x7.xs2.nh                                  3.3
x7.y2                                      3.3
x7.xs2.nt                          3.37712e-12
x7.xs3.nh                                  3.3
x7.y3                                        0
x7.xs3.nt                         -4.27917e-78
x7.xs4.nh                                  3.3
x7.y4                                      3.3
x7.xs4.nt                          3.37712e-12
x7.xs5.nh                                  3.3
x7.xs5.nt                         -4.27869e-78
x7.nb1                                     3.3
x7.nb2                             3.06524e-09
clk7                                       3.3
x7.xcdec1.c_moscap_int1                   -3.3
x7.xcdec2.c_moscap_int1                   -3.3
e.x7.xcdec2.ec_moscap#branch                 0
e.x7.xcdec1.ec_moscap#branch                 0
e.x6.xcdec2.ec_moscap#branch                 0
e.x6.xcdec1.ec_moscap#branch                 0
e.x5.xcdec2.ec_moscap#branch                 0
e.x5.xcdec1.ec_moscap#branch                 0
e.x4.xcdec2.ec_moscap#branch                 0
e.x4.xcdec1.ec_moscap#branch                 0
e.x3.xcdec2.ec_moscap#branch                 0
e.x3.xcdec1.ec_moscap#branch                 0
e.x2.xcdec2.ec_moscap#branch                 0
e.x2.xcdec1.ec_moscap#branch                 0
e.x1.xcdec2.ec_moscap#branch                 0
e.x1.xcdec1.ec_moscap#branch                 0
vs7#branch                         0.000354779
vs6#branch                          0.00032102
vs5#branch                         0.000287662
vs4#branch                         0.000254809
vs3#branch                         0.000222636
vs2#branch                         0.000191474
vs1#branch                          0.00016227
vv7#branch                                   0
vv6#branch                                   0
vv5#branch                                   0
vv4#branch                                   0
vv3#branch                                   0
vv2#branch                                   0
vv1#branch                                   0
vb2#branch                                   0
vb1#branch                                   0
vb0#branch                                   0
vdd#branch                         -0.00179465


No. of Data Rows : 2433

  Measurements for Transient Analysis

tp1                 =  2.95400e-08 targ=  6.67880e-08 trig=  3.72480e-08
tp2                 =  2.41200e-08 targ=  6.06196e-08 trig=  3.64996e-08
tp3                 =  2.00559e-08 targ=  6.04916e-08 trig=  4.04357e-08
tp4                 =  1.70229e-08 targ=  5.56340e-08 trig=  3.86112e-08
tp5                 =  1.47192e-08 targ=  5.17878e-08 trig=  3.70687e-08
tp6                 =  1.29132e-08 targ=  4.87117e-08 trig=  3.57985e-08
tp7                 =  1.14924e-08 targ=  4.91059e-08 trig=  3.76135e-08
f1                  =  1.35410e+08
f2                  =  1.65838e+08
f3                  =  1.99442e+08
f4                  =  2.34978e+08
f5                  =  2.71754e+08
f6                  =  3.09760e+08
f7                  =  3.48055e+08
i1                  =  2.30828e-04 from=  3.55957e-08 to=  9.78883e-08
i2                  =  2.71938e-04 from=  3.55957e-08 to=  9.78883e-08
i3                  =  3.13457e-04 from=  3.55957e-08 to=  9.78883e-08
i4                  =  3.59456e-04 from=  3.55957e-08 to=  9.78883e-08
i5                  =  4.06118e-04 from=  3.55957e-08 to=  9.78883e-08
i6                  =  4.53164e-04 from=  3.55957e-08 to=  9.78883e-08
i7                  =  4.98482e-04 from=  3.55957e-08 to=  9.78883e-08
sw1hi               =  3.35146e+00 at=  7.42276e-08
sw1lo               =  -9.88836e-02 at=  7.03685e-08
sw7hi               =  3.38189e+00 at=  8.93686e-08
sw7lo               =  -1.23510e-01 at=  9.36304e-08


Total analysis time (seconds) = 260.038

Total elapsed time (seconds) = 266.478 

Total DRAM available = 98304.000 MB.
DRAM currently available =  184.406 MB.
Maximum ngspice program size =   23.797 MB.
Current ngspice program size =   23.797 MB.


