corner,temp_c,vdd,band,corner_id,tp1,tp2,tp3,tp4,tp5,tp6,tp7,f1,f2,f3,f4,f5,f6,f7,i1,i2,i3,i4,i5,i6,i7,sw1hi,sw1lo,sw7hi,sw7lo,k1,k2,k3,k4,k5,k6,k7,kvco_min,kvco_max,kvco_mean,kvco_over_f_max,fine_ratio,verdict
typical,-40.0,2.97,band0,typical_-40c_2.97v_band0,9.469254e-07,7.906485e-07,6.717566e-07,5.812381e-07,5.101293e-07,4.54059e-07,4.084194e-07,4224200.0,5059140.0,5954540.0,6881860.0,7841150.0,8809430.0,9793850.0,3.797298e-05,4.135616e-05,4.547278e-05,5.040354e-05,5.487631e-05,5.993347e-05,6.457769e-05,3.007222,-0.04627224,3.050781,-0.0415165,2783133.333333334,2883900.0,3037866.666666666,3144349.9999999995,3212616.6666666674,3254499.9999999995,3281399.999999997,2783133.333333334,3281399.999999997,3094249.9999999995,0.6588545365591908,2.3185100137304104,PASS
typical,-40.0,2.97,band1,typical_-40c_2.97v_band1,5.846464e-07,4.871548e-07,4.133305e-07,3.567759e-07,3.131919e-07,2.779564e-07,2.51718e-07,6841740.0,8210940.0,9677490.0,11211500.0,12771700.0,14390700.0,15890800.0,4.49287e-05,4.999134e-05,5.594773e-05,6.200428e-05,6.765072e-05,7.492819e-05,8.075615e-05,3.031555,-0.06223223,3.040106,-0.08979347,4564000.000000001,4726250.0,5000933.333333333,5157016.666666666,5298666.666666668,5198499.999999999,5000333.333333329,4564000.000000001,5298666.666666668,5027255.555555555,0.6670817657496486,2.3226255309321897,PASS
typical,-40.0,2.97,band2,typical_-40c_2.97v_band2,3.451311e-07,2.871321e-07,2.433755e-07,2.09696e-07,1.835775e-07,1.625978e-07,1.459941e-07,11589800.0,13930900.0,16435500.0,19075200.0,21789200.0,24600600.0,27398400.0,5.109712e-05,5.767029e-05,6.506524e-05,7.189358e-05,8.005691e-05,8.749153e-05,9.492672e-05,3.044904,-0.08178363,3.068721,-0.1091273,7803666.666666669,8076166.666666667,8573833.333333332,8922833.333333332,9209000.000000002,9348666.666666666,9325999.999999993,7803666.666666669,9348666.666666666,8782555.555555554,0.6733219440082373,2.3640097326959912,PASS
typical,-40.0,2.97,band3,typical_-40c_2.97v_band3,2.109354e-07,1.749581e-07,1.476e-07,1.268307e-07,1.107278e-07,9.783013e-08,8.749524e-08,18963200.0,22862600.0,27100300.0,31538100.0,36124600.0,40887200.0,45716800.0,6.654668e-05,7.583881e-05,8.63465e-05,9.711882e-05,0.0001079955,0.000118997,0.0001303161,3.083366,-0.1123771,3.090227,-0.1211394,12998000.000000004,13561833.333333334,14459166.666666664,15040499.999999998,15581833.333333338,15986999.999999998,16098666.666666653,12998000.000000004,16098666.666666653,14863111.111111108,0.685432838339521,2.4108167397907527,PASS
typical,-40.0,2.97,band4,typical_-40c_2.97v_band4,1.259535e-07,1.039934e-07,8.741091e-08,7.486505e-08,6.51195e-08,5.737454e-08,5.111888e-08,31757700.0,38464000.0,45760900.0,53429500.0,61425500.0,69717300.0,78249000.0,7.215279e-05,8.366428e-05,9.577345e-05,0.0001072166,0.0001196699,0.0001323231,0.0001443713,3.073791,-0.1279179,3.118827,-0.1510526,22354333.33333334,23338666.666666668,24942499.999999996,26107666.666666664,27146333.33333334,28039166.666666664,28438999.999999974,22354333.33333334,28438999.999999974,25828499.999999996,0.7039027805330152,2.4639378796323412,PASS
typical,-40.0,2.97,band5,typical_-40c_2.97v_band5,7.535367e-08,6.188374e-08,5.176135e-08,4.408736e-08,3.818083e-08,3.352463e-08,2.974672e-08,53083000.0,64637300.0,77277700.0,90728900.0,104765000.0,119315000.0,134469000.0,0.0001018573,0.000117564,0.000135159,0.0001537113,0.0001720649,0.0001914165,0.0002110066,3.056832,-0.1134546,3.070854,-0.1430105,38514333.33333334,40324500.0,43485999.99999999,45812166.66666666,47643500.00000001,49506666.66666666,50513333.33333329,38514333.33333334,50513333.33333329,45214444.44444444,0.7255492970128543,2.533183881845412,PASS
typical,-40.0,2.97,band6,typical_-40c_2.97v_band6,4.252188e-08,3.474711e-08,2.893005e-08,2.45752e-08,2.125381e-08,1.866148e-08,1.659838e-08,94069200.0,115117000.0,138265000.0,162766000.0,188202000.0,214345000.0,240987000.0,0.0001446111,0.0001706279,0.0001981727,0.0002255776,0.000254051,0.0002816921,0.0003113432,3.009961,-0.05668482,3.022143,-0.08543173,70159333.33333334,73659666.66666667,79414999.99999999,83228333.33333333,85965000.00000001,87974999.99999999,88806666.66666658,70159333.33333334,88806666.66666658,81620999.99999999,0.7458268310279385,2.561805564414282,PASS
typical,-40.0,2.97,band7,typical_-40c_2.97v_band7,2.473937e-08,2.017048e-08,1.680675e-08,1.433238e-08,1.246936e-08,1.102757e-08,9.893132e-09,161686000.0,198310000.0,238000000.0,279088000.0,320786000.0,362727000.0,404321000.0,0.0002190372,0.0002568651,0.0003003214,0.0003425734,0.0003869808,0.0004295889,0.0004749337,3.018841,-0.03760162,3.032342,-0.04590843,122080000.00000003,127190000.0,134629999.99999997,137976666.66666666,139398333.33333337,139224999.99999997,138646666.66666654,122080000.00000003,139398333.33333337,134797222.2222222,0.7550437267295872,2.5006555917024356,PASS
typical,-40.0,3.3,band0,typical_-40c_3.30v_band0,1.040744e-06,8.730774e-07,7.446392e-07,6.471808e-07,5.70295e-07,5.096197e-07,4.588558e-07,3843400.0,4581500.0,5371730.0,6180650.0,7013910.0,7848990.0,8717340.0,4.188081e-05,4.597618e-05,5.092031e-05,5.544037e-05,6.028705e-05,6.490655e-05,6.948556e-05,3.346221,-0.04682856,3.367941,-0.05674692,2460333.333333334,2547216.666666667,2665249.9999999995,2736966.666666666,2780566.6666666674,2839049.9999999995,2894499.999999997,2460333.333333334,2894499.999999997,2707744.444444444,0.6401450104941807,2.268132382786075,PASS
typical,-40.0,3.3,band1,typical_-40c_3.30v_band1,6.491281e-07,5.435194e-07,4.630063e-07,4.017866e-07,3.539699e-07,3.152795e-07,2.838809e-07,6162110.0,7359440.0,8639190.0,9955530.0,11300400.0,12687200.0,14090400.0,5.000357e-05,5.469205e-05,6.150485e-05,6.769236e-05,7.355227e-05,8.050393e-05,8.65945e-05,3.364135,-0.0586439,3.37021,-0.0692442,3991100.000000001,4128466.666666667,4326816.666666666,4435349.999999999,4552783.333333334,4649999.999999999,4677333.333333329,3991100.000000001,4677333.333333329,4404605.555555555,0.6476839913601025,2.286619356032268,PASS
typical,-40.0,3.3,band2,typical_-40c_3.30v_band2,3.86553e-07,3.233609e-07,2.753098e-07,2.385225e-07,2.096742e-07,1.867931e-07,1.679971e-07,10347900.0,12370100.0,14529100.0,16769900.0,19077200.0,21414100.0,23809900.0,5.61103e-05,6.332673e-05,7.091958e-05,7.798486e-05,8.587321e-05,9.33232e-05,0.0001006816,3.381063,-0.08155653,3.416038,-0.1117126,6740666.666666668,6968666.666666667,7332999.999999999,7580166.666666665,7740333.333333335,7887833.333333332,7985999.999999993,6740666.666666668,7985999.999999993,7478888.888888888,0.6514043106975007,2.3009402874013083,PASS
typical,-40.0,3.3,band3,typical_-40c_3.30v_band3,2.394766e-07,1.998303e-07,1.695771e-07,1.465e-07,1.28437e-07,1.140681e-07,1.026101e-07,16703100.0,20017000.0,23588100.0,27303800.0,31143700.0,35066800.0,38982500.0,7.302789e-05,8.271666e-05,9.292868e-05,0.0001049704,0.0001151368,0.0001266358,0.0001380705,3.382835,-0.1049914,3.420302,-0.122238,11046333.333333336,11475000.0,12144666.666666664,12592666.666666664,12938333.333333336,13064666.666666664,13052333.33333332,11046333.333333336,13064666.666666664,12377444.444444442,0.6613343231695515,2.3338482078177103,PASS
typical,-40.0,3.3,band4,typical_-40c_3.30v_band4,1.440478e-07,1.19869e-07,1.013411e-07,8.724324e-08,7.63031e-08,6.750084e-08,6.036612e-08,27768600.0,33369800.0,39470700.0,45848800.0,52422500.0,59258500.0,66262300.0,7.939087e-05,9.077983e-05,0.0001028654,0.0001160894,0.0001282353,0.0001414924,0.0001535248,3.401403,-0.1119146,3.451836,-0.1548919,18670666.66666667,19503500.0,20798333.333333332,21586333.33333333,22349500.000000004,23066333.33333333,23345999.999999978,18670666.66666667,23345999.999999978,21385388.888888884,0.6723661497758862,2.3862312107920456,PASS
typical,-40.0,3.3,band5,typical_-40c_3.30v_band5,8.764766e-08,7.251882e-08,6.103903e-08,5.228554e-08,4.547444e-08,4.010957e-08,3.5684e-08,45637300.0,55158100.0,65531800.0,76503000.0,87961500.0,99726800.0,112095000.0,0.0001099755,0.0001259994,0.0001439033,0.0001624929,0.0001814787,0.0002011333,0.0002205245,3.39404,-0.136085,3.448867,-0.1874491,31736000.000000007,33157500.0,35574833.33333333,37382833.33333333,38706333.33333334,40222499.99999999,41227333.3333333,31736000.000000007,41227333.3333333,36920944.44444444,0.6953960904786218,2.456214543805177,PASS
typical,-40.0,3.3,band6,typical_-40c_3.30v_band6,5.009843e-08,4.121421e-08,3.449098e-08,2.939823e-08,2.544965e-08,2.235049e-08,1.98392e-08,79842800.0,97053900.0,115972000.0,136063000.0,157173000.0,178967000.0,201621000.0,0.0001536997,0.0001797351,0.0002085114,0.0002362159,0.0002658834,0.0002955638,0.0003255485,3.349732,-0.09923516,3.345,-0.123909,57370333.33333334,60215333.333333336,65015166.66666666,68668333.33333333,71506666.66666669,74079999.99999999,75513333.33333327,57370333.33333334,75513333.33333327,67654555.55555555,0.7185410999280254,2.5252245662727257,PASS
typical,-40.0,3.3,band7,typical_-40c_3.30v_band7,2.953654e-08,2.411959e-08,2.00606e-08,1.702308e-08,1.470907e-08,1.291001e-08,1.148228e-08,135425000.0,165840000.0,199396000.0,234975000.0,271941000.0,309837000.0,348363000.0,0.0002311893,0.0002696977,0.0003146302,0.0003582648,0.0004056289,0.0004506726,0.0004971424,3.340867,-0.04134716,3.355501,-0.05485815,101383333.33333336,106618333.33333334,115224999.99999999,120908333.33333331,124770000.00000003,127369999.99999999,128419999.99999988,101383333.33333336,128419999.99999988,118298888.88888887,0.7486308534859395,2.572368469632638,PASS
typical,-40.0,3.63,band0,typical_-40c_3.63v_band0,1.11387e-06,9.3785e-07,8.028519e-07,6.997591e-07,6.185443e-07,5.537745e-07,5.008593e-07,3591080.0,4265070.0,4982240.0,5716250.0,6466800.0,7223160.0,7986280.0,4.673016e-05,5.16101e-05,5.597168e-05,6.066338e-05,6.586568e-05,7.029522e-05,7.512872e-05,3.671499,-0.06000404,3.702288,-0.05385015,2246633.333333334,2318600.0,2418633.333333333,2474266.6666666665,2511516.6666666674,2532466.6666666665,2543733.333333331,2246633.333333334,2543733.333333331,2441777.7777777775,0.6256149496344648,2.223921494369382,PASS
typical,-40.0,3.63,band1,typical_-40c_3.63v_band1,7.012509e-07,5.896797e-07,5.039605e-07,4.39272e-07,3.876336e-07,3.467597e-07,3.131755e-07,5704090.0,6783340.0,7937130.0,9105970.0,10319000.0,11535400.0,12772400.0,5.598885e-05,6.188037e-05,6.781943e-05,7.357444e-05,7.98039e-05,8.573722e-05,9.31374e-05,3.691632,-0.05838625,3.706339,-0.09108263,3597500.000000001,3721733.3333333335,3871049.9999999995,3969783.3333333326,4049050.000000001,4088999.9999999995,4123333.3333333298,3597500.000000001,4123333.3333333298,3926838.8888888885,0.630687804715564,2.2391652305626315,PASS
typical,-40.0,3.63,band2,typical_-40c_3.63v_band2,4.196041e-07,3.526377e-07,3.015736e-07,2.623416e-07,2.315366e-07,2.064437e-07,1.864744e-07,9532800.0,11343100.0,13263800.0,15247300.0,17275900.0,19375700.0,21450700.0,6.347189e-05,7.056166e-05,7.722712e-05,8.570311e-05,9.34872e-05,0.0001017568,0.0001090259,3.720199,-0.07750521,3.717517,-0.08688375,6034333.333333335,6218333.333333334,6506999.999999999,6686833.333333332,6880666.666666668,6957999.999999999,6916666.66666666,6034333.333333335,6957999.999999999,6621055.555555555,0.633007440975719,2.250199311849614,PASS
typical,-40.0,3.63,band3,typical_-40c_3.63v_band3,2.627434e-07,2.203649e-07,1.878798e-07,1.630543e-07,1.434436e-07,1.277877e-07,1.150574e-07,15224000.0,18151700.0,21290200.0,24531700.0,27885500.0,31301900.0,34765200.0,8.047146e-05,8.946355e-05,0.0001014596,0.0001124839,0.0001236744,0.0001356666,0.0001467155,3.738263,-0.09620001,3.75151,-0.1260056,9759000.000000002,10110333.333333334,10633333.333333332,10992166.666666664,11283666.66666667,11466166.666666664,11544333.333333323,9759000.000000002,11544333.333333323,10856222.22222222,0.6410273252758804,2.2835785601681557,PASS
typical,-40.0,3.63,band4,typical_-40c_3.63v_band4,1.589267e-07,1.328894e-07,1.12975e-07,9.775087e-08,8.584249e-08,7.622509e-08,6.847471e-08,25168800.0,30100200.0,35406100.0,40920400.0,46597000.0,52476200.0,58415700.0,8.876072e-05,9.969977e-05,0.0001123849,0.0001245777,0.0001377271,0.0001512254,0.0001648217,3.750567,-0.1276331,3.757856,-0.1487293,16438000.000000004,17062166.666666668,18033666.666666664,18651499.999999996,19259666.66666667,19697833.333333332,19798333.333333317,16438000.000000004,19798333.333333317,18470499.999999996,0.6531101999300724,2.3209568990178315,PASS
typical,-40.0,3.63,band5,typical_-40c_3.63v_band5,9.797807e-08,8.157134e-08,6.905729e-08,5.944518e-08,5.19696e-08,4.597004e-08,4.110891e-08,40825500.0,49036800.0,57922900.0,67288900.0,76968100.0,87013200.0,97302500.0,0.0001183538,0.0001350828,0.0001545968,0.0001733002,0.0001926829,0.0002134046,0.0002330047,3.746522,-0.1247545,3.763746,-0.1604706,27371000.000000007,28495666.666666668,30420166.66666666,31741999.999999996,32873833.33333334,33890666.666666664,34297666.666666634,27371000.000000007,34297666.666666634,31376111.11111111,0.670438818875458,2.3833755863369706,PASS
typical,-40.0,3.63,band6,typical_-40c_3.63v_band6,5.662332e-08,4.688476e-08,3.949326e-08,3.384545e-08,2.943502e-08,2.591344e-08,2.306214e-08,70642300.0,85315600.0,101283000.0,118184000.0,135893000.0,154360000.0,173444000.0,0.0001656973,0.0001925107,0.0002201193,0.0002502197,0.0002788381,0.0003104764,0.000340196,3.708211,-0.09370409,3.723961,-0.1784345,48911000.00000001,51067833.333333336,54780666.66666666,57683333.33333333,60293333.33333334,62584999.99999999,63613333.333333276,48911000.00000001,63613333.333333276,57112055.555555545,0.6923755313742617,2.4552428219352995,PASS
typical,-40.0,3.63,band7,typical_-40c_3.63v_band7,3.39084e-08,2.786788e-08,2.329103e-08,1.981849e-08,1.713727e-08,1.502316e-08,1.332648e-08,117965000.0,143534000.0,171740000.0,201832000.0,233409000.0,266256000.0,300154000.0,0.0002434533,0.0002850092,0.0003305534,0.0003753058,0.0004204543,0.0004680204,0.000515912,3.662852,-0.07911169,3.678874,-0.1001032,85230000.00000001,89625000.0,97163333.33333331,102781666.66666666,107373333.33333336,111241666.66666666,112993333.33333324,85230000.00000001,112993333.33333324,101216111.11111109,0.7225024371635655,2.544432670707413,PASS
typical,27.0,2.97,band0,typical_27c_2.97v_band0,8.949255e-07,7.466884e-07,6.347825e-07,5.492897e-07,4.82759e-07,4.299044e-07,3.863421e-07,4469650.0,5356990.0,6301370.0,7282130.0,8285710.0,9304390.0,10353500.0,4.505833e-05,4.960756e-05,5.498462e-05,5.909127e-05,6.411107e-05,6.999145e-05,7.554824e-05,3.024757,-0.05739632,3.026121,-0.07261412,2957800.0000000005,3052866.666666667,3208566.666666666,3307233.333333333,3370433.333333334,3446316.666666666,3497033.33333333,2957800.0000000005,3497033.33333333,3268805.555555555,0.6617520387502378,2.316400613023391,PASS
typical,27.0,2.97,band1,typical_27c_2.97v_band1,5.501135e-07,4.58543e-07,3.888713e-07,3.358057e-07,2.949539e-07,2.61977e-07,2.349868e-07,7271230.0,8723280.0,10286200.0,11911600.0,13561400.0,15268500.0,17022200.0,5.319747e-05,5.941056e-05,6.60355e-05,7.256612e-05,7.973744e-05,8.720347e-05,9.399788e-05,3.041785,-0.08009089,3.046349,-0.08790536,4840166.666666668,5024950.0,5313866.666666666,5458666.666666666,5594833.333333335,5767999.999999999,5845666.666666661,4840166.666666668,5845666.666666661,5417205.555555555,0.6656599594108106,2.341034460469549,PASS
typical,27.0,2.97,band2,typical_27c_2.97v_band2,3.278769e-07,2.722857e-07,2.306809e-07,1.987275e-07,1.738633e-07,1.542493e-07,1.378488e-07,12199700.0,14690500.0,17340000.0,20128100.0,23006600.0,25932100.0,29017300.0,6.006555e-05,6.793117e-05,7.554481e-05,8.391023e-05,9.206073e-05,0.0001004918,0.0001099811,3.061482,-0.08792861,3.079818,-0.1366152,8302666.666666669,8567166.666666668,9062666.666666666,9444333.333333332,9673333.333333336,10017833.333333332,10283999.99999999,8302666.666666669,10283999.99999999,9343111.11111111,0.6805631832476756,2.378525701451675,PASS
typical,27.0,2.97,band3,typical_27c_2.97v_band3,1.990337e-07,1.648075e-07,1.389702e-07,1.193402e-07,1.040665e-07,9.198786e-08,8.213916e-08,20097100.0,24270700.0,28783200.0,33517600.0,38437000.0,43484000.0,48697800.0,7.717358e-05,8.759317e-05,0.0001001072,0.0001115244,0.000123858,0.0001365255,0.0001497824,3.06891,-0.1148718,3.102728,-0.1398088,13912000.000000004,14476833.333333334,15411499.999999998,16089666.666666664,16610666.66666667,17101333.333333332,17379333.333333317,13912000.000000004,17379333.333333317,15889277.777777776,0.6922391787869894,2.423125724607033,PASS
typical,27.0,2.97,band4,typical_27c_2.97v_band4,1.157539e-07,9.547348e-08,8.020723e-08,6.856954e-08,5.955739e-08,5.24449e-08,4.667894e-08,34556100.0,41896500.0,49870800.0,58334900.0,67162100.0,76270500.0,85691800.0,8.56939e-05,9.826955e-05,0.0001117615,0.0001248972,0.0001390543,0.0001534118,0.0001674536,3.054226,-0.09922162,3.121073,-0.1590469,24468000.000000004,25524500.0,27397333.33333333,28818833.33333333,29892666.66666667,30882833.33333333,31404333.333333306,24468000.000000004,31404333.333333306,28408722.222222216,0.7080660143939855,2.4797879390324717,PASS
typical,27.0,2.97,band5,typical_27c_2.97v_band5,6.870154e-08,5.630385e-08,4.701382e-08,3.999322e-08,3.458954e-08,3.031716e-08,2.689109e-08,58222900.0,71043100.0,85081400.0,100017000.0,115642000.0,131938000.0,148748000.0,0.0001175899,0.0001367987,0.0001573368,0.000177569,0.0001989682,0.0002214877,0.0002431397,3.018991,-0.1058225,3.034953,-0.1362715,42734000.00000001,44764166.66666667,48289833.33333333,50934333.33333333,53201666.66666668,55176666.66666666,56033333.33333328,42734000.00000001,56033333.33333328,50291722.22222222,0.7339723716956731,2.5548023200493275,PASS
typical,27.0,2.97,band6,typical_27c_2.97v_band6,3.890957e-08,3.168127e-08,2.633308e-08,2.235326e-08,1.933661e-08,1.699362e-08,1.514181e-08,102802000.0,126258000.0,151900000.0,178945000.0,206862000.0,235382000.0,264169000.0,0.0001676561,0.0001960549,0.0002257704,0.0002586808,0.0002895657,0.0003212238,0.0003531908,3.007345,-0.04790138,3.021697,-0.07033116,78186666.66666669,81830000.0,87811666.66666666,91603333.33333331,94061666.66666669,95511666.66666666,95956666.66666658,78186666.66666669,95956666.66666658,89648333.33333331,0.7605558906117263,2.56968736016809,PASS
typical,27.0,2.97,band7,typical_27c_2.97v_band7,2.239655e-08,1.825522e-08,1.525063e-08,1.305407e-08,1.140828e-08,1.014164e-08,9.146237e-09,178599000.0,219115000.0,262284000.0,306418000.0,350623000.0,394414000.0,437338000.0,0.0002498274,0.0002959932,0.0003439707,0.0003904205,0.0004385303,0.0004842856,0.0005327319,3.017072,-0.03925204,3.031826,-0.04864629,135053333.33333337,139475000.0,145504999.99999997,147231666.66666666,146660000.00000003,144524999.99999997,143079999.99999988,135053333.33333337,147231666.66666666,143743888.88888887,0.7561819121794264,2.4487147184474716,PASS
typical,27.0,3.3,band0,typical_27c_3.30v_band0,9.870994e-07,8.269039e-07,7.052698e-07,6.129056e-07,5.400655e-07,4.818737e-07,4.342591e-07,4052280.0,4837320.0,5671590.0,6526290.0,7406510.0,8300930.0,9211090.0,4.965078e-05,5.416343e-05,5.954343e-05,6.352887e-05,6.943151e-05,7.456841e-05,8.020795e-05,3.347272,-0.04457147,3.363994,-0.07912355,2616800.0000000005,2698850.0,2814949.9999999995,2891533.333333333,2957733.333333334,3007633.333333333,3033866.666666664,2616800.0000000005,3033866.666666664,2866005.555555555,0.6457599178733948,2.2730635592802075,PASS
typical,27.0,3.3,band1,typical_27c_3.30v_band1,6.120313e-07,5.123878e-07,4.367405e-07,3.784171e-07,3.332839e-07,2.967942e-07,2.673555e-07,6535610.0,7806590.0,9158760.0,10570300.0,12001800.0,13477400.0,14961400.0,5.76899e-05,6.470895e-05,7.13434e-05,7.817159e-05,8.459582e-05,9.202364e-05,0.0001001794,3.37036,-0.06953384,3.411012,-0.106621,4236600.000000001,4371916.666666667,4606183.333333333,4738399.999999999,4845166.666666668,4932666.666666666,4946666.666666662,4236600.000000001,4946666.666666662,4680994.444444444,0.6482332942143122,2.289212483609028,PASS
typical,27.0,3.3,band2,typical_27c_3.30v_band2,3.673986e-07,3.068689e-07,2.608212e-07,2.258145e-07,1.984226e-07,1.763423e-07,1.586503e-07,10887400.0,13034900.0,15336200.0,17713700.0,20159000.0,22683200.0,25212700.0,6.55204e-05,7.333638e-05,8.152083e-05,8.940487e-05,9.794936e-05,0.0001073103,0.0001160022,3.392917,-0.1024865,3.405788,-0.1394679,7158333.333333335,7414666.666666667,7797999.999999999,8037999.999999999,8282500.000000002,8422833.333333332,8431666.666666659,7158333.333333335,8431666.666666659,7958499.999999999,0.657487860585019,2.315768686738799,PASS
typical,27.0,3.3,band3,typical_27c_3.30v_band3,2.258147e-07,1.881129e-07,1.594581e-07,1.375103e-07,1.204368e-07,1.067859e-07,9.566125e-08,17713600.0,21263800.0,25085000.0,29088700.0,33212400.0,37458100.0,41814200.0,8.340284e-05,9.418564e-05,0.0001059233,0.0001186053,0.0001307886,0.0001437272,0.0001554278,3.410651,-0.09749909,3.425125,-0.1329689,11834000.000000002,12285666.666666668,13041499.999999998,13545666.666666664,13949000.000000004,14336333.333333332,14520333.33333332,11834000.000000002,14520333.33333332,13389222.22222222,0.6680742480354079,2.3605704091771296,PASS
typical,27.0,3.3,band4,typical_27c_3.30v_band4,1.324037e-07,1.099095e-07,9.286928e-08,7.985775e-08,6.966477e-08,6.161744e-08,5.506848e-08,30210600.0,36393600.0,43071300.0,50089100.0,57417800.0,64916700.0,72636800.0,9.243372e-05,0.0001055368,0.0001189852,0.0001324808,0.0001472731,0.000161474,0.0001759646,3.412415,-0.114616,3.426964,-0.1361393,20610000.000000004,21434500.0,22825833.33333333,23910833.33333333,24712666.66666667,25364999.999999996,25733666.666666646,20610000.000000004,25733666.666666646,23570111.11111111,0.6822108796250324,2.4043481427048783,PASS
typical,27.0,3.3,band5,typical_27c_3.30v_band5,7.984297e-08,6.589179e-08,5.535764e-08,4.73351e-08,4.11041e-08,3.614368e-08,3.214477e-08,50098300.0,60705600.0,72257400.0,84503900.0,97313900.0,110669000.0,124437000.0,0.000125164,0.0001445603,0.0001660445,0.0001855941,0.0002077732,0.0002301097,0.0002524833,3.400472,-0.1211516,3.402617,-0.1286827,35357666.66666667,36931833.333333336,39663833.33333333,41760833.33333333,43608500.00000001,45205166.66666666,45893333.33333329,35357666.66666667,45893333.33333329,41299277.77777777,0.705765797774908,2.4838567376537726,PASS
typical,27.0,3.3,band6,typical_27c_3.30v_band6,4.580144e-08,3.752105e-08,3.130435e-08,2.660554e-08,2.298695e-08,2.015028e-08,1.787361e-08,87333500.0,106607000.0,127778000.0,150345000.0,174012000.0,198508000.0,223794000.0,0.0001770352,0.000206127,0.0002375414,0.0002690503,0.0003019838,0.0003350127,0.0003682709,3.328783,-0.05795447,3.344111,-0.0987093,64245000.000000015,67407500.0,72896666.66666666,77056666.66666666,80271666.66666669,82969999.99999999,84286666.6666666,64245000.000000015,84286666.6666666,75811388.88888888,0.735628367121437,2.562521827248421,PASS
typical,27.0,3.3,band7,typical_27c_3.30v_band7,2.659838e-08,2.164178e-08,1.798075e-08,1.527029e-08,1.322487e-08,1.164034e-08,1.039468e-08,150385000.0,184828000.0,222460000.0,261947000.0,302460000.0,343633000.0,384812000.0,0.0002607826,0.0003089653,0.0003582583,0.0004071912,0.0004580907,0.000506913,0.000559717,3.33876,-0.03572128,3.355172,-0.04683113,114810000.00000003,120125000.0,128531666.66666664,133333333.33333331,136143333.33333337,137253333.3333333,137263333.33333322,114810000.00000003,137263333.33333322,130237222.22222221,0.763440502709712,2.5588456295508197,PASS
typical,27.0,3.63,band0,typical_27c_3.63v_band0,1.06013e-06,8.928413e-07,7.639392e-07,6.656649e-07,5.881065e-07,5.258262e-07,4.760186e-07,3773120.0,4480080.0,5236020.0,6009030.0,6801490.0,7607080.0,8403030.0,5.551475e-05,6.066329e-05,6.510316e-05,6.868819e-05,7.464146e-05,8.002133e-05,8.599724e-05,3.675221,-0.04496144,3.722333,-0.07780167,2356533.333333334,2438166.666666667,2548249.9999999995,2609116.6666666665,2663416.6666666674,2669233.333333333,2653166.666666664,2356533.333333334,2669233.333333333,2572172.222222222,0.6245582789132956,2.227077325926554,PASS
typical,27.0,3.63,band1,typical_27c_3.63v_band1,6.636931e-07,5.572863e-07,4.77101e-07,4.145896e-07,3.663197e-07,3.273256e-07,2.95246e-07,6026880.0,7177640.0,8383970.0,9648100.0,10919400.0,12220200.0,13548000.0,6.462804e-05,6.941548e-05,7.711183e-05,8.307987e-05,9.162916e-05,9.844982e-05,0.000106292,3.714327,-0.06875146,3.730174,-0.09222181,3835866.6666666674,3928483.3333333335,4117433.3333333326,4225716.666666666,4286833.333333334,4380999.999999999,4425999.999999996,3835866.6666666674,4425999.999999996,4178399.9999999995,0.6364597713355281,2.247929276839758,PASS
typical,27.0,3.63,band2,typical_27c_3.63v_band2,4.002209e-07,3.358358e-07,2.869419e-07,2.494232e-07,2.195458e-07,1.958186e-07,1.765587e-07,9994480.0,11910600.0,13940100.0,16037000.0,18219400.0,20427100.0,22655400.0,7.208421e-05,7.983823e-05,8.728205e-05,9.701923e-05,0.0001049857,0.0001125161,0.000123464,3.721522,-0.093641,3.723095,-0.1012151,6387066.666666668,6576033.333333334,6877333.333333332,7132166.666666666,7316833.333333335,7393333.333333332,7427666.66666666,6387066.666666668,7427666.66666666,7033844.444444443,0.6390594274706306,2.266791268780367,PASS
typical,27.0,3.63,band3,typical_27c_3.63v_band3,2.486241e-07,2.079875e-07,1.772576e-07,1.535481e-07,1.349787e-07,1.201e-07,1.077921e-07,16088500.0,19231900.0,22566000.0,26050500.0,29634300.0,33305600.0,37108500.0,9.083128e-05,0.0001013111,0.0001134519,0.0001266036,0.0001385279,0.0001528005,0.0001639315,3.736851,-0.09681012,3.764164,-0.1467941,10478000.000000002,10795833.333333334,11364333.333333332,11780499.999999998,12091833.333333336,12456999.999999998,12676333.333333323,10478000.000000002,12676333.333333323,11677777.777777776,0.6512726481648383,2.306523293035398,PASS
typical,27.0,3.63,band4,typical_27c_3.63v_band4,1.465077e-07,1.222464e-07,1.037766e-07,8.971108e-08,7.858616e-08,6.971982e-08,6.250666e-08,27302300.0,32720800.0,38544300.0,44587600.0,50899500.0,57372500.0,63993200.0,0.0001009003,0.0001140168,0.0001269551,0.0001416197,0.00015663,0.0001716979,0.000185481,3.741041,-0.1152288,3.794296,-0.1795345,18061666.66666667,18736666.666666668,19777999.999999996,20591999.999999996,21308166.66666667,21822833.33333333,22068999.99999998,18061666.66666667,22068999.99999998,20383833.333333332,0.6615437771420969,2.3438757906843013,PASS
typical,27.0,3.63,band5,typical_27c_3.63v_band5,8.94585e-08,7.428506e-08,6.276329e-08,5.393634e-08,4.707705e-08,4.159013e-08,3.71066e-08,44713500.0,53846600.0,63731500.0,74161500.0,84967100.0,96176700.0,107798000.0,0.000134431,0.0001542059,0.0001762578,0.0001963366,0.0002188822,0.0002404708,0.0002632218,3.763183,-0.1413271,3.753234,-0.1693651,30443666.66666667,31696666.666666668,33858166.666666664,35392666.666666664,36692000.00000001,38051499.99999999,38737666.666666634,30443666.66666667,38737666.666666634,35046944.44444444,0.680860739299466,2.4108602547329108,PASS
typical,27.0,3.63,band6,typical_27c_3.63v_band6,5.188694e-08,4.279462e-08,3.591468e-08,3.067868e-08,2.660678e-08,2.33582e-08,2.074306e-08,77090700.0,93469700.0,111375000.0,130384000.0,150338000.0,171246000.0,192836000.0,0.0001886632,0.0002184602,0.000249189,0.0002825727,0.0003145216,0.0003483605,0.0003825433,3.65229,-0.08535401,3.717711,-0.1395143,54596666.66666668,57140500.0,61523833.33333332,64938333.33333332,68103333.33333334,70829999.99999999,71966666.6666666,54596666.66666668,71966666.6666666,64302944.44444443,0.7082133988492345,2.501417161862585,PASS
typical,27.0,3.63,band7,typical_27c_3.63v_band7,3.058888e-08,2.50132e-08,2.083084e-08,1.768248e-08,1.527097e-08,1.338774e-08,1.189012e-08,130766000.0,159916000.0,192023000.0,226213000.0,261935000.0,298781000.0,336414000.0,0.0002746892,0.0003239852,0.0003724676,0.0004226733,0.0004764157,0.0005291862,0.0005822548,3.661338,-0.03216794,3.678291,-0.04417405,97166666.66666669,102095000.0,110494999.99999999,116519999.99999999,120946666.66666669,124131666.66666664,125443333.33333322,97166666.66666669,125443333.33333322,114248888.88888887,0.7430575735792689,2.572641206429806,PASS
typical,125.0,2.97,band0,typical_125c_2.97v_band0,8.275308e-07,6.935281e-07,5.922095e-07,5.143867e-07,4.527077e-07,4.034991e-07,3.636003e-07,4833660.0,5767610.0,6754370.0,7776250.0,8835720.0,9913280.0,11001100.0,5.962036e-05,6.533551e-05,7.082589e-05,7.58427e-05,8.225822e-05,8.778511e-05,9.393493e-05,3.02942,-0.07509312,3.053183,-0.07338069,3113166.6666666674,3201183.3333333335,3347733.333333333,3468916.666666666,3561716.6666666674,3608966.666666666,3626066.6666666633,3113166.6666666674,3626066.6666666633,3426355.555555555,0.6440599187089426,2.275935833302301,PASS
typical,125.0,2.97,band1,typical_125c_2.97v_band1,5.062027e-07,4.235263e-07,3.609614e-07,3.125828e-07,2.750061e-07,2.449324e-07,2.197429e-07,7901970.0,9444510.0,11081500.0,12796600.0,14545100.0,16331000.0,18203100.0,7.004714e-05,7.670222e-05,8.458547e-05,9.213148e-05,0.0001004702,0.0001086327,0.0001168151,3.064183,-0.08511456,3.061926,-0.1036629,5141800.000000001,5299216.666666667,5586816.666666666,5772666.666666666,5890666.666666668,6096666.666666666,6240333.333333327,5141800.000000001,6240333.333333327,5722849.999999999,0.6506984967039866,2.303615427545283,PASS
typical,125.0,2.97,band2,typical_125c_2.97v_band2,3.032388e-07,2.529665e-07,2.147642e-07,1.856612e-07,1.625664e-07,1.44222e-07,1.293306e-07,13190900.0,15812400.0,18625100.0,21544600.0,24605300.0,27735000.0,30928500.0,7.755427e-05,8.654524e-05,9.544541e-05,0.0001044328,0.0001143408,0.0001238652,0.0001333851,3.055775,-0.1108068,3.074417,-0.1117411,8738333.333333336,9057000.0,9553666.666666666,9966999.999999998,10317333.333333336,10538666.666666664,10644999.99999999,8738333.333333336,10644999.99999999,9854222.22222222,0.6624516396404594,2.3446845931665012,PASS
typical,125.0,2.97,band3,typical_125c_2.97v_band3,1.825492e-07,1.516833e-07,1.283665e-07,1.104197e-07,9.647558e-08,8.525095e-08,7.61177e-08,21911900.0,26370700.0,31160800.0,36225400.0,41461300.0,46920300.0,52550200.0,9.812013e-05,0.0001103614,0.0001238375,0.0001368118,0.0001509766,0.0001651783,0.0001793932,3.07889,-0.116557,3.110985,-0.1558093,14862666.66666667,15414833.333333334,16424499.999999998,17167499.999999996,17824833.333333336,18481499.999999996,18766333.333333317,14862666.66666667,18766333.333333317,17021277.777777776,0.6782920087562772,2.3982493530912428,PASS
typical,125.0,2.97,band4,typical_125c_2.97v_band4,1.029292e-07,8.516413e-08,7.173989e-08,6.148289e-08,5.343266e-08,4.705421e-08,4.186851e-08,38861600.0,46968100.0,55757000.0,65058800.0,74860600.0,85008300.0,95537200.0,0.0001097204,0.0001241038,0.0001384476,0.0001544799,0.0001706451,0.0001862062,0.0002028384,3.019961,-0.1001041,3.086774,-0.1607295,27021666.66666667,28159000.0,30151166.66666666,31839333.33333333,33249166.666666675,34460999.99999999,35096333.3333333,27021666.66666667,35096333.3333333,31486444.44444444,0.6953307806849608,2.458395948700002,PASS
typical,125.0,2.97,band5,typical_125c_2.97v_band5,6.039059e-08,4.961242e-08,4.151732e-08,3.536915e-08,3.063368e-08,2.689087e-08,2.390144e-08,66235500.0,80625000.0,96345300.0,113093000.0,130575000.0,148749000.0,167354000.0,0.0001486373,0.0001706551,0.0001933706,0.0002177219,0.000242075,0.0002667264,0.0002914923,2.992502,-0.06777825,3.009246,-0.08786633,47965000.00000001,50183000.0,54113333.33333333,57049499.99999999,59426666.66666668,61298333.33333332,62016666.66666661,47965000.00000001,62016666.66666661,56176944.44444443,0.7241584950668449,2.526651116093334,PASS
typical,125.0,2.97,band6,typical_125c_2.97v_band6,3.416673e-08,2.790648e-08,2.329129e-08,1.986438e-08,1.726514e-08,1.525303e-08,1.366139e-08,117073000.0,143336000.0,171738000.0,201365000.0,231681000.0,262243000.0,292796000.0,0.000206564,0.0002407966,0.0002744566,0.0003099814,0.0003460022,0.0003804486,0.0004161898,3.000876,-0.03078429,3.016496,-0.04167966,87543333.33333336,91108333.33333334,96714999.99999999,99904999.99999999,101463333.33333336,101858333.33333331,101843333.33333324,87543333.33333336,101858333.33333331,97623888.88888888,0.7477670627158556,2.5009694805804927,PASS
typical,125.0,2.97,band7,typical_125c_2.97v_band7,1.950963e-08,1.605161e-08,1.355237e-08,1.172467e-08,1.035354e-08,9.299581e-09,8.472366e-09,205027000.0,249196000.0,295151000.0,341161000.0,386341000.0,430127000.0,472123000.0,0.0003062162,0.0003564228,0.0004103432,0.0004599482,0.0005116484,0.0005631844,0.0006141444,3.01168,-0.03937861,3.027446,-0.04928461,147230000.00000003,150206666.6666667,153274999.99999997,151983333.3333333,148276666.6666667,142969999.99999997,139986666.66666654,139986666.66666654,153274999.99999997,148386666.66666666,0.7181005428553314,2.302735737244363,PASS
typical,125.0,3.3,band0,typical_125c_3.30v_band0,9.115656e-07,7.673146e-07,6.576266e-07,5.726528e-07,5.058166e-07,4.517425e-07,4.078505e-07,4388060.0,5212990.0,6082480.0,6985040.0,7908000.0,8854600.0,9807520.0,6.444657e-05,6.976177e-05,7.534958e-05,8.044183e-05,8.743225e-05,9.268197e-05,9.820036e-05,3.381562,-0.07850407,3.41674,-0.09565735,2749766.6666666674,2824033.3333333335,2953416.666666666,3042533.333333333,3115933.333333334,3165866.666666666,3176399.999999997,2749766.6666666674,3176399.999999997,3010811.1111111105,0.6266474630398553,2.2350469227859238,PASS
typical,125.0,3.3,band1,typical_125c_3.30v_band1,5.627061e-07,4.725829e-07,4.044392e-07,3.516485e-07,3.098675e-07,2.77004e-07,2.490458e-07,7108510.0,8464120.0,9890240.0,11375000.0,12908700.0,14440200.0,16061300.0,7.501129e-05,8.15414e-05,8.915374e-05,9.710187e-05,0.0001051522,0.0001140442,0.0001221197,3.377408,-0.07982493,3.393616,-0.09694367,4518700.000000001,4636216.666666667,4851466.666666666,5030766.666666666,5108666.666666668,5254333.333333332,5403666.666666662,4518700.000000001,5403666.666666662,4973772.222222221,0.6356747053883305,2.259446775765948,PASS
typical,125.0,3.3,band2,typical_125c_3.30v_band2,3.393367e-07,2.843515e-07,2.424833e-07,2.10357e-07,1.849415e-07,1.646076e-07,1.481361e-07,11787700.0,14067100.0,16496000.0,19015300.0,21628500.0,24300200.0,27002200.0,8.382654e-05,9.180428e-05,0.0001011737,0.0001099348,0.000120277,0.0001298997,0.0001397796,3.403293,-0.1002485,3.41664,-0.126532,7598000.000000002,7847166.666666667,8246999.999999999,8554166.666666666,8808166.666666668,8956166.666666666,9006666.666666659,7598000.000000002,9006666.666666659,8452499.999999998,0.6445701875683977,2.2907098076808876,PASS
typical,125.0,3.3,band3,typical_125c_3.30v_band3,2.065093e-07,1.724719e-07,1.466674e-07,1.267991e-07,1.110452e-07,9.856935e-08,8.832262e-08,19369600.0,23192200.0,27272600.0,31546000.0,36021400.0,40580600.0,45288500.0,0.0001040904,0.0001163307,0.0001296191,0.0001445245,0.0001577923,0.0001723964,0.0001865648,3.429412,-0.1372793,3.44738,-0.1831184,12742000.000000004,13171666.666666668,13922999.999999998,14581333.333333332,15057666.66666667,15445166.666666664,15692999.999999987,12742000.000000004,15692999.999999987,14399388.888888886,0.6578349578721298,2.3381226251445564,PASS
typical,125.0,3.3,band4,typical_125c_3.30v_band4,1.174565e-07,9.777767e-08,8.279694e-08,7.133338e-08,6.231625e-08,5.506151e-08,4.917194e-08,34055200.0,40909100.0,48311000.0,56074700.0,64188700.0,72646000.0,81347200.0,0.0001165627,0.0001313434,0.000145583,0.0001621958,0.0001781596,0.0001948158,0.0002117566,3.382068,-0.1267123,3.413568,-0.1263121,22846333.33333334,23759666.666666668,25275999.999999996,26462833.33333333,27618833.33333334,28597499.999999996,29003999.999999974,22846333.33333334,29003999.999999974,26273333.33333333,0.6708618165018364,2.3886866029270126,PASS
typical,125.0,3.3,band5,typical_125c_3.30v_band5,6.995388e-08,5.787326e-08,4.869831e-08,4.167488e-08,3.620438e-08,3.183167e-08,2.828195e-08,57180500.0,69116500.0,82138400.0,95981100.0,110484000.0,125661000.0,141433000.0,0.0001560991,0.000178569,0.0002025394,0.0002267497,0.0002506737,0.0002769028,0.0003018286,3.316583,-0.04269325,3.353718,-0.1049154,39786666.66666668,41596500.0,44774333.33333333,47242666.66666666,49466500.00000001,51581666.66666666,52573333.33333328,39786666.66666668,52573333.33333328,46806944.44444444,0.6958083029471005,2.4734481160535498,PASS
typical,125.0,3.3,band6,typical_125c_3.30v_band6,4.004952e-08,3.283498e-08,2.742481e-08,2.334445e-08,2.021057e-08,1.775822e-08,1.580497e-08,99876400.0,121821000.0,145853000.0,171347000.0,197916000.0,225248000.0,253085000.0,0.0002158399,0.0002510734,0.0002856175,0.0003223256,0.0003596661,0.0003968568,0.0004339743,3.323819,-0.02608287,3.338269,-0.03760828,73148666.66666669,76627666.66666667,82543333.33333333,86771666.66666666,89835000.00000001,91948333.33333331,92789999.99999991,73148666.66666669,92789999.99999991,85115888.88888888,0.7323919030588476,2.5339820017541683,PASS
typical,125.0,3.3,band7,typical_125c_3.30v_band7,2.286172e-08,1.869828e-08,1.56484e-08,1.339622e-08,1.169881e-08,1.03917e-08,9.362521e-09,174965000.0,213923000.0,255617000.0,298592000.0,341915000.0,384923000.0,427235000.0,0.0003184763,0.0003732858,0.0004267041,0.0004833826,0.0005372644,0.0005928544,0.0006470616,3.333788,-0.03547303,3.351267,-0.04747761,129860000.00000003,134420000.0,141114999.99999997,143829999.99999997,143885000.00000003,142199999.99999997,141039999.99999988,129860000.00000003,143885000.00000003,140149999.99999997,0.7422055839739378,2.4418312233875348,PASS
typical,125.0,3.63,band0,typical_125c_3.63v_band0,9.79523e-07,8.282739e-07,7.118884e-07,6.217469e-07,5.501809e-07,4.932418e-07,4.461087e-07,4083620.0,4829320.0,5618860.0,6433490.0,7270340.0,8109610.0,8966430.0,6.871566e-05,7.449033e-05,8.040316e-05,8.625398e-05,9.329328e-05,9.838373e-05,0.0001030588,3.684596,-0.05212913,3.699328,-0.06519933,2485666.6666666674,2558733.3333333335,2673616.666666666,2752466.666666666,2793533.333333334,2826816.666666666,2856066.666666664,2485666.6666666674,2856066.666666664,2712672.222222222,0.6086919612174168,2.1957062606217033,PASS
typical,125.0,3.63,band1,typical_125c_3.63v_band1,6.097673e-07,5.149044e-07,4.41573e-07,3.855631e-07,3.410007e-07,3.047493e-07,2.752039e-07,6559880.0,7768430.0,9058520.0,10374400.0,11730200.0,13125500.0,14534700.0,8.011445e-05,8.804564e-05,9.49807e-05,0.0001028541,0.0001112952,0.0001194601,0.0001277091,3.724315,-0.08256829,3.73117,-0.1108312,4028500.000000001,4164400.0,4343283.333333333,4452799.999999999,4585166.666666668,4674166.666666666,4697333.333333329,4028500.000000001,4697333.333333329,4430455.555555555,0.6141118435093327,2.215696018829613,PASS
typical,125.0,3.63,band2,typical_125c_3.63v_band2,3.698221e-07,3.113453e-07,2.668009e-07,2.320227e-07,2.047872e-07,1.828108e-07,1.646793e-07,10816000.0,12847500.0,14992500.0,17239700.0,19532500.0,21880500.0,24289600.0,8.923412e-05,9.75345e-05,0.0001072105,0.0001167448,0.0001274608,0.0001365563,0.000147647,3.728887,-0.08996342,3.769155,-0.1471956,6771666.666666668,6960833.333333334,7320333.333333332,7566666.666666665,7734666.666666669,7928499.999999999,8030333.3333333265,6771666.666666668,8030333.3333333265,7485333.333333332,0.6260786489151875,2.2457100591715977,PASS
typical,125.0,3.63,band3,typical_125c_3.63v_band3,2.272214e-07,1.908654e-07,1.628607e-07,1.413662e-07,1.243315e-07,1.106966e-07,9.94437e-08,17604000.0,20957200.0,24560900.0,28295300.0,32172100.0,36134800.0,40223800.0,0.0001112024,0.0001234622,0.0001373451,0.0001513543,0.0001652878,0.0001811484,0.0001944418,3.726773,-0.1136718,3.769553,-0.1581894,11177333.333333336,11594833.333333334,12230166.666666664,12685333.333333332,13065833.333333336,13419499.999999998,13629999.999999989,11177333.333333336,13629999.999999989,12566555.555555554,0.6349314549723549,2.2849238809361507,PASS
typical,125.0,3.63,band4,typical_125c_3.63v_band4,1.299322e-07,1.088097e-07,9.259456e-08,8.011269e-08,7.030047e-08,6.236332e-08,5.584496e-08,30785300.0,36761400.0,43199100.0,49929700.0,56898600.0,64140300.0,71626900.0,0.0001232353,0.0001383847,0.0001540647,0.0001710701,0.0001873868,0.000203511,0.0002206344,3.73224,-0.119278,3.795892,-0.1888385,19920333.33333334,20689666.666666668,21947166.666666664,22832499.999999996,23684333.33333334,24547166.666666664,24955333.33333331,19920333.33333334,24955333.33333331,22689777.777777776,0.6470728995115637,2.3266591522577333,PASS
typical,125.0,3.63,band5,typical_125c_3.63v_band5,7.84047e-08,6.526372e-08,5.525485e-08,4.752507e-08,4.14563e-08,3.657527e-08,3.259114e-08,51017400.0,61289800.0,72391800.0,84166100.0,96487100.0,109364000.0,122733000.0,0.0001656883,0.0001876948,0.0002119077,0.0002367465,0.0002616854,0.0002861245,0.0003130235,3.650762,-0.1087371,3.705338,-0.1675014,34241333.33333334,35624000.0,38127166.666666664,40158833.33333333,41996500.00000001,43743166.66666666,44563333.33333329,34241333.33333334,44563333.33333329,39841999.99999999,0.6711697054991698,2.4057086405814485,PASS
typical,125.0,3.63,band6,typical_125c_3.63v_band6,4.540549e-08,3.746301e-08,3.144345e-08,2.684148e-08,2.326038e-08,2.042633e-08,1.814814e-08,88095100.0,106772000.0,127213000.0,149023000.0,171966000.0,195826000.0,220408000.0,0.0002272582,0.0002613874,0.0002983312,0.0003344107,0.0003722493,0.0004105283,0.0004488609,3.648559,-0.02116655,3.660934,-0.07948931,62256333.33333335,65196500.0,70418333.33333333,74588333.33333333,78005000.00000001,80736666.66666666,81939999.99999993,62256333.33333335,81939999.99999993,73507166.66666666,0.7066946213050822,2.5019325705970026,PASS
typical,125.0,3.63,band7,typical_125c_3.63v_band7,2.621612e-08,2.146303e-08,1.79301e-08,1.528305e-08,1.326987e-08,1.170454e-08,1.046719e-08,152578000.0,186367000.0,223089000.0,261728000.0,301435000.0,341748000.0,382146000.0,0.0003330062,0.0003862292,0.0004438545,0.0005018671,0.0005578981,0.0006158872,0.0006743989,3.656757,-0.0309867,3.673719,-0.04414923,112630000.00000003,117518333.33333334,125601666.66666664,130576666.66666664,133366666.6666667,134518333.3333333,134659999.99999988,112630000.00000003,134659999.99999988,127537777.77777776,0.7381798162251441,2.504594371403479,PASS
ff,-40.0,2.97,band0,ff_-40c_2.97v_band0,9.889658e-07,8.156965e-07,6.902726e-07,5.951715e-07,5.222802e-07,4.647537e-07,4.179191e-07,4044630.0,4903780.0,5794810.0,6720750.0,7658720.0,8606710.0,9571230.0,4.195573e-05,4.618599e-05,5.14991e-05,5.544124e-05,6.056869e-05,6.521165e-05,7.080303e-05,3.020113,-0.04745976,3.023159,-0.04487897,2863833.333333334,2916966.666666667,3028283.333333333,3106516.666666666,3143266.6666666674,3187516.666666666,3215066.6666666637,2863833.333333334,3215066.6666666637,3070333.333333333,0.7080581742540935,2.366404343536986,PASS
ff,-40.0,2.97,band1,ff_-40c_2.97v_band1,6.150035e-07,5.068469e-07,4.283052e-07,3.692893e-07,3.232632e-07,2.875617e-07,2.580802e-07,6504030.0,7891930.0,9339130.0,10831600.0,12373800.0,13910100.0,15499100.0,4.922526e-05,5.564159e-05,6.112377e-05,6.693014e-05,7.365286e-05,8.015532e-05,8.72076e-05,3.026264,-0.0510394,3.04647,-0.0887422,4626333.333333334,4725166.666666667,4899449.999999999,5057783.333333333,5130833.333333335,5208833.333333333,5296666.666666662,4626333.333333334,5296666.666666662,4997261.11111111,0.7113025821426614,2.382999463409609,PASS
ff,-40.0,2.97,band2,ff_-40c_2.97v_band2,3.651825e-07,3.008311e-07,2.538942e-07,2.184589e-07,1.91419e-07,1.700487e-07,1.52442e-07,10953400.0,13296500.0,15754600.0,18310100.0,20896600.0,23522700.0,26239500.0,5.733826e-05,6.325883e-05,7.098581e-05,7.85654e-05,8.761386e-05,9.399064e-05,0.0001029709,3.055255,-0.08374805,3.060627,-0.09415168,7810333.333333335,8002000.0,8355999.999999999,8569999.999999998,8687666.666666668,8904833.333333332,9055999.999999993,7810333.333333335,9055999.999999993,8492277.777777776,0.713051046554799,2.395557543776362,PASS
ff,-40.0,2.97,band3,ff_-40c_2.97v_band3,2.259913e-07,1.855512e-07,1.559924e-07,1.339807e-07,1.17055e-07,1.036456e-07,9.268389e-08,17699800.0,21557400.0,25642300.0,29855100.0,34172000.0,38593000.0,43157400.0,7.169364e-05,8.213441e-05,9.366156e-05,0.0001041079,0.0001153485,0.0001277238,0.0001389438,3.067399,-0.08921206,3.083037,-0.1150682,12858666.66666667,13237500.0,13829499.999999998,14216166.666666664,14563166.66666667,14975666.666666664,15214666.666666653,12858666.66666667,15214666.666666653,14143111.111111108,0.7264865516371185,2.4382987378388457,PASS
ff,-40.0,2.97,band4,ff_-40c_2.97v_band4,1.360572e-07,1.112996e-07,9.330245e-08,7.986211e-08,6.953067e-08,6.132615e-08,5.475213e-08,29399400.0,35939000.0,42871300.0,50086300.0,57528600.0,65225000.0,73056500.0,7.773042e-05,9.025135e-05,0.0001033618,0.0001155791,0.0001282168,0.0001418126,0.0001554084,3.062629,-0.1031228,3.1087,-0.1222808,21798666.66666667,22453166.666666668,23578833.33333333,24428833.33333333,25231166.66666667,25879833.33333333,26104999.999999978,21798666.66666667,26104999.999999978,24253944.44444444,0.7414663791324542,2.484965679571692,PASS
ff,-40.0,2.97,band5,ff_-40c_2.97v_band5,8.26178e-08,6.726345e-08,5.609246e-08,4.774187e-08,4.137631e-08,3.635012e-08,3.229492e-08,48415700.0,59467700.0,71310800.0,83783900.0,96673700.0,110041000.0,123858000.0,0.0001056185,0.0001240323,0.0001428234,0.0001629996,0.0001810472,0.0002013432,0.0002215778,3.015663,-0.1168655,3.075424,-0.1364879,36840000.00000001,38158500.0,40526999.99999999,42271499.99999999,43761833.33333334,45307166.66666666,46056666.66666663,36840000.00000001,46056666.66666663,41912388.88888888,0.7609102006167422,2.558219751031174,PASS
ff,-40.0,2.97,band6,ff_-40c_2.97v_band6,4.725393e-08,3.823198e-08,3.169315e-08,2.684465e-08,2.313287e-08,2.023227e-08,1.790101e-08,84649100.0,104624000.0,126210000.0,149005000.0,172914000.0,197704000.0,223451000.0,0.0001509036,0.0001782886,0.0002066098,0.0002353641,0.0002659053,0.0002953967,0.0003261496,2.994506,-0.07622366,3.006288,-0.100104,66583000.000000015,69268166.66666667,73968333.33333333,77839999.99999999,81165000.00000001,84228333.33333331,85823333.33333325,66583000.000000015,85823333.33333325,77112166.66666666,0.786576584984365,2.6397327319487154,PASS
ff,-40.0,2.97,band7,ff_-40c_2.97v_band7,2.784114e-08,2.234078e-08,1.838939e-08,1.549325e-08,1.331326e-08,1.163476e-08,1.031268e-08,143672000.0,179045000.0,217517000.0,258177000.0,300452000.0,343798000.0,387872000.0,0.0002242566,0.0002652633,0.0003121512,0.0003591206,0.0004049465,0.0004505517,0.0004995199,3.002565,-0.0369123,3.017639,-0.04108572,117910000.00000003,123075000.0,131886666.66666664,138224999.99999997,142701666.6666667,145699999.99999997,146913333.3333332,117910000.00000003,146913333.3333332,135666666.66666666,0.8206887911353641,2.699704883345398,PASS
ff,-40.0,3.3,band0,ff_-40c_3.30v_band0,1.070669e-06,8.877589e-07,7.526639e-07,6.518506e-07,5.739132e-07,5.117155e-07,4.61847e-07,3735980.0,4505730.0,5314460.0,6136380.0,6969700.0,7816840.0,8660880.0,4.775922e-05,5.267493e-05,5.738359e-05,6.1785e-05,6.747017e-05,7.236412e-05,7.728983e-05,3.337011,-0.03382447,3.350422,-0.05068408,2565833.333333334,2630800.0,2717749.9999999995,2758733.333333333,2800766.6666666674,2818633.333333333,2813466.666666664,2565833.333333334,2818633.333333333,2736055.555555555,0.686789900731089,2.3182351083249912,PASS
ff,-40.0,3.3,band1,ff_-40c_3.30v_band1,6.716532e-07,5.563677e-07,4.712935e-07,4.076623e-07,3.585843e-07,3.192642e-07,2.87942e-07,5955450.0,7189490.0,8487280.0,9812040.0,11155000.0,12528800.0,13891700.0,5.687847e-05,6.245819e-05,6.83616e-05,7.499609e-05,8.182175e-05,8.901281e-05,9.404986e-05,3.354629,-0.06452306,3.38127,-0.06486791,4113466.6666666674,4219716.666666667,4370916.666666666,4446199.999999999,4527933.333333334,4561166.666666666,4542999.999999996,4113466.6666666674,4561166.666666666,4409027.777777777,0.6907062718462362,2.3326029099396353,PASS
ff,-40.0,3.3,band2,ff_-40c_3.30v_band2,4.013405e-07,3.321166e-07,2.812674e-07,2.433317e-07,2.137008e-07,1.901683e-07,1.712805e-07,9966600.0,12044000.0,14221300.0,16438500.0,18717800.0,21034000.0,23353500.0,6.341873e-05,7.032349e-05,7.850777e-05,8.523256e-05,9.471635e-05,0.0001024557,0.0001105947,3.369947,-0.07117748,3.402619,-0.09098089,6924666.666666668,7091166.666666667,7324166.666666666,7494166.666666665,7659166.666666668,7726166.666666665,7731666.6666666595,6924666.666666668,7731666.6666666595,7437166.666666665,0.6947872561020476,2.3431762085365118,PASS
ff,-40.0,3.3,band3,ff_-40c_3.30v_band3,2.50647e-07,2.070041e-07,1.749788e-07,1.508318e-07,1.323973e-07,1.175094e-07,1.054296e-07,15958700.0,19323300.0,22859900.0,26519600.0,30212100.0,34039800.0,37940000.0,7.930441e-05,9.027493e-05,0.0001010216,0.0001125151,0.0001249929,0.0001364821,0.0001485596,3.403473,-0.0996012,3.396869,-0.1212445,11215333.333333336,11502000.0,11993833.333333332,12253666.666666664,12533666.66666667,12879833.333333332,13000666.666666655,11215333.333333336,13000666.666666655,12211833.333333332,0.702772364499197,2.3773866292367174,PASS
ff,-40.0,3.3,band4,ff_-40c_3.30v_band4,1.516506e-07,1.248995e-07,1.052763e-07,9.056764e-08,7.916986e-08,7.008014e-08,6.271273e-08,26376400.0,32025700.0,37995200.0,44165900.0,50524300.0,57077500.0,63782900.0,8.762781e-05,9.981517e-05,0.0001133849,0.0001252578,0.0001390422,0.0001526466,0.0001668707,3.406299,-0.1106947,3.435965,-0.1449042,18831000.000000004,19364666.666666668,20233666.666666664,20881833.333333332,21519333.33333334,22097666.666666664,22351333.333333313,18831000.000000004,22351333.333333313,20781388.888888884,0.7139336679759181,2.4181806463353603,PASS
ff,-40.0,3.3,band5,ff_-40c_3.30v_band5,9.334492e-08,7.651145e-08,6.418615e-08,5.49806e-08,4.787594e-08,4.219106e-08,3.765814e-08,42851800.0,52279800.0,62318700.0,72752900.0,83549300.0,94806800.0,106219000.0,0.0001165126,0.0001354245,0.0001545507,0.0001740855,0.0001926883,0.0002137192,0.0002342767,3.421196,-0.1006143,3.452635,-0.1727775,31426666.666666675,32444833.333333336,34121833.33333333,35384333.33333333,36756500.00000001,37782833.33333333,38040666.666666634,31426666.666666675,38040666.666666634,35203999.99999999,0.7333803169684044,2.4787523511264404,PASS
ff,-40.0,3.3,band6,ff_-40c_3.30v_band6,5.399685e-08,4.401403e-08,3.672908e-08,3.129117e-08,2.7104e-08,2.380012e-08,2.111818e-08,74078400.0,90880100.0,108906000.0,127832000.0,147580000.0,168066000.0,189410000.0,0.0001619646,0.0001904621,0.0002210238,0.0002489852,0.000280442,0.0003103681,0.0003429653,3.327869,-0.1068012,3.36305,-0.1218872,56005666.66666668,58046000.0,61586499.99999999,64456666.66666666,67056666.66666668,69716666.66666666,71146666.6666666,56005666.66666668,71146666.6666666,64073111.111111104,0.7560323477108939,2.556885677876412,PASS
ff,-40.0,3.3,band7,ff_-40c_3.30v_band7,3.233751e-08,2.614739e-08,2.165216e-08,1.830884e-08,1.575723e-08,1.375867e-08,1.216759e-08,123695000.0,152979000.0,184739000.0,218474000.0,253852000.0,290726000.0,328742000.0,0.0002378022,0.0002802144,0.0003275664,0.0003742801,0.0004230474,0.0004700848,0.0005194951,3.32533,-0.04183836,3.339517,-0.0918485,97613333.33333336,101740000.0,109158333.33333331,115188333.33333331,120420000.00000003,124816666.66666664,126719999.99999988,97613333.33333336,126719999.99999988,113914999.99999999,0.789145344058639,2.657682202190873,PASS
ff,-40.0,3.63,band0,ff_-40c_3.63v_band0,1.12874e-06,9.407403e-07,8.013036e-07,6.962214e-07,6.150135e-07,5.50111e-07,4.977419e-07,3543780.0,4251970.0,4991870.0,5745300.0,6503920.0,7271260.0,8036290.0,5.78281e-05,6.134124e-05,6.54515e-05,7.120784e-05,7.557595e-05,7.921449e-05,8.529428e-05,3.676464,-0.03052975,3.69023,-0.06373415,2360633.333333334,2413483.3333333335,2488883.333333333,2520083.333333333,2543266.6666666674,2553949.9999999995,2550099.9999999977,2360633.333333334,2553949.9999999995,2495838.8888888885,0.6661342784634864,2.267716957598948,PASS
ff,-40.0,3.63,band1,ff_-40c_3.63v_band1,7.147832e-07,5.945059e-07,5.061354e-07,4.397461e-07,3.875188e-07,3.458426e-07,3.125955e-07,5596100.0,6728280.0,7903020.0,9096160.0,10322100.0,11566000.0,12796100.0,6.406317e-05,7.06322e-05,7.744933e-05,8.324e-05,9.043306e-05,9.596212e-05,0.0001029046,3.693854,-0.05675578,3.714664,-0.06501212,3773933.333333334,3844866.666666667,3946466.666666666,4031799.9999999995,4116400.000000001,4123333.3333333326,4100333.3333333298,3773933.333333334,4123333.3333333326,3999999.9999999995,0.6743863285740666,2.286610317899966,PASS
ff,-40.0,3.63,band2,ff_-40c_3.63v_band2,4.291759e-07,3.570553e-07,3.03909e-07,2.634863e-07,2.324176e-07,2.07112e-07,1.869861e-07,9320190.0,11202700.0,13161800.0,15181100.0,17210400.0,19313200.0,21392000.0,7.361844e-05,8.073965e-05,8.662135e-05,9.435521e-05,0.0001055591,0.0001134251,0.0001201386,3.703216,-0.06915205,3.735124,-0.0798567,6275033.333333335,6402683.333333334,6630666.666666666,6747666.666666666,6886833.333333335,6969333.333333332,6929333.333333327,6275033.333333335,6969333.333333332,6706561.11111111,0.6732731128156545,2.295232178743137,PASS
ff,-40.0,3.63,band3,ff_-40c_3.63v_band3,2.706333e-07,2.24665e-07,1.907594e-07,1.651004e-07,1.453365e-07,1.294648e-07,1.166066e-07,14780100.0,17804300.0,20968800.0,24227700.0,27522300.0,30896400.0,34303400.0,8.843886e-05,9.986397e-05,0.0001117542,0.0001230796,0.0001328383,0.0001479652,0.000160774,3.721241,-0.0803348,3.739401,-0.1143556,10080666.66666667,10314500.0,10705666.666666664,10922499.999999998,11114500.000000002,11301833.333333332,11356666.666666657,10080666.66666667,11356666.666666657,10846277.777777776,0.6820431977230648,2.320917991082604,PASS
ff,-40.0,3.63,band4,ff_-40c_3.63v_band4,1.641232e-07,1.35856e-07,1.151213e-07,9.946425e-08,8.725586e-08,7.755953e-08,6.964842e-08,24371900.0,29442900.0,34746000.0,40215500.0,45842200.0,51573300.0,57431300.0,9.707411e-05,0.0001106937,0.0001239847,0.0001374834,0.0001508112,0.0001660826,0.0001801366,3.743973,-0.1080316,3.789742,-0.1474489,16903333.333333336,17290166.666666668,17954333.333333332,18493666.666666664,18929666.66666667,19315166.666666664,19526666.66666665,16903333.333333336,19526666.66666665,18366333.333333332,0.6935582918579731,2.3564555902494266,PASS
ff,-40.0,3.63,band5,ff_-40c_3.63v_band5,1.021574e-07,8.423554e-08,7.108383e-08,6.115508e-08,5.345831e-08,4.734111e-08,4.237741e-08,39155300.0,47485900.0,56271600.0,65407500.0,74824700.0,84493200.0,94389900.0,0.0001299246,0.0001471302,0.0001654212,0.000186896,0.0002079641,0.0002280476,0.000249335,3.755995,-0.135812,3.757418,-0.1502645,27768666.66666667,28527166.666666668,29869333.33333333,30921833.33333333,31809500.000000007,32608666.66666666,32988999.99999997,27768666.66666667,32988999.99999997,30685888.888888884,0.7091930509194585,2.410654496326168,PASS
ff,-40.0,3.63,band6,ff_-40c_3.63v_band6,5.962184e-08,4.892718e-08,4.107798e-08,3.516323e-08,3.061568e-08,2.698804e-08,2.406871e-08,67089500.0,81754100.0,97375800.0,113755000.0,130652000.0,148214000.0,166191000.0,0.000177664,0.0002047148,0.0002343839,0.0002661947,0.0002969315,0.0003275637,0.0003612127,3.686176,-0.1227794,3.745784,-0.1450916,48882000.00000001,50477166.66666667,53334833.33333333,55460333.33333333,57431666.66666668,59231666.66666666,59923333.33333328,48882000.00000001,59923333.33333328,55056388.88888888,0.7286087986942816,2.4771536529561256,PASS
ff,-40.0,3.63,band7,ff_-40c_3.63v_band7,3.621281e-08,2.949466e-08,2.458383e-08,2.09043e-08,1.80689e-08,1.583157e-08,1.402822e-08,110458000.0,135618000.0,162709000.0,191348000.0,221375000.0,252660000.0,285140000.0,0.00025428,0.000299467,0.0003449169,0.0003930298,0.0004429179,0.0004929999,0.0005437675,3.649309,-0.06757446,3.674048,-0.1393668,83866666.66666669,87085000.0,92883333.33333331,97776666.66666666,102186666.66666669,106274999.99999999,108266666.66666657,83866666.66666669,108266666.66666657,97045555.55555554,0.7592629476060284,2.5814336670951854,PASS
ff,27.0,2.97,band0,ff_27c_2.97v_band0,9.428201e-07,7.778004e-07,6.569122e-07,5.67269e-07,4.982653e-07,4.430268e-07,3.980695e-07,4242590.0,5142710.0,6089090.0,7051330.0,8027850.0,9028800.0,10048500.0,4.925153e-05,5.445311e-05,5.957366e-05,6.449013e-05,6.936563e-05,7.417508e-05,8.060338e-05,3.015409,-0.03970955,3.029416,-0.05232273,3000400.0000000005,3077500.0,3181033.333333333,3231266.666666666,3295783.333333334,3367749.9999999995,3398999.999999997,3000400.0000000005,3398999.999999997,3225505.555555555,0.7072095111712422,2.3684824600067413,PASS
ff,27.0,2.97,band1,ff_27c_2.97v_band1,5.834266e-07,4.807274e-07,4.057669e-07,3.495248e-07,3.062573e-07,2.718458e-07,2.443536e-07,6856050.0,8320720.0,9857880.0,11444100.0,13060900.0,14714200.0,16369700.0,5.802561e-05,6.400172e-05,7.081097e-05,7.823015e-05,8.622734e-05,9.207232e-05,0.0001007731,3.039002,-0.06798784,3.05179,-0.07613079,4882233.333333334,5003050.0,5205633.333333333,5338366.666666666,5450166.666666668,5514666.666666666,5518333.333333328,4882233.333333334,5518333.333333328,5285361.11111111,0.7121058529814301,2.3876284449500806,PASS
ff,27.0,2.97,band2,ff_27c_2.97v_band2,3.494744e-07,2.876277e-07,2.422861e-07,2.082177e-07,1.82377e-07,1.615695e-07,1.447639e-07,11445800.0,13906900.0,16509400.0,19210700.0,21932600.0,24757100.0,27631200.0,6.544181e-05,7.291316e-05,8.070973e-05,9.006262e-05,9.922995e-05,0.0001074638,0.0001159958,3.054903,-0.07810941,3.068469,-0.09704848,8203666.666666669,8439333.333333334,8839666.666666666,9038666.666666666,9244000.000000002,9497666.666666666,9580333.333333325,8203666.666666669,9580333.333333325,8991888.888888888,0.7167403472598393,2.4140907581820406,PASS
ff,27.0,2.97,band3,ff_27c_2.97v_band3,2.144271e-07,1.757956e-07,1.477076e-07,1.266264e-07,1.103819e-07,9.757319e-08,8.720849e-08,18654400.0,22753700.0,27080500.0,31589000.0,36237800.0,40994900.0,45867100.0,8.223183e-05,9.344065e-05,0.0001057676,0.000118694,0.0001303459,0.0001449123,0.0001579773,3.063487,-0.1009148,3.111168,-0.1308258,13664333.333333336,14043500.0,14725499.999999998,15262166.666666664,15676500.000000004,16048833.33333333,16240666.666666653,13664333.333333336,16240666.666666653,15118166.666666664,0.7324992137690484,2.4587818423535466,PASS
ff,27.0,2.97,band4,ff_27c_2.97v_band4,1.256598e-07,1.026748e-07,8.591369e-08,7.343671e-08,6.377743e-08,5.619946e-08,5.005761e-08,31832000.0,38957900.0,46558400.0,54468700.0,62718100.0,71175100.0,79907900.0,9.128565e-05,0.0001046564,0.0001186851,0.000132042,0.0001473276,0.000161666,0.0001769823,3.064536,-0.0979364,3.084023,-0.1159073,23753000.000000004,24544000.0,25851333.33333333,26932833.33333333,27844000.000000007,28649666.666666664,29109333.333333306,23753000.000000004,29109333.333333306,26708833.33333333,0.7461987936667506,2.5103009550138227,PASS
ff,27.0,2.97,band5,ff_27c_2.97v_band5,7.568019e-08,6.146674e-08,5.114746e-08,4.347629e-08,3.757452e-08,3.294321e-08,2.917947e-08,52854000.0,65075800.0,78205300.0,92004200.0,106455000.0,121421000.0,137083000.0,0.0001230756,0.0001436519,0.0001646868,0.0001868386,0.0002080431,0.0002309229,0.0002539179,3.028071,-0.09223858,3.078254,-0.1432634,40739333.33333334,42252166.66666667,44880666.66666666,47082833.33333333,49028000.00000001,51046666.66666666,52206666.66666662,40739333.33333334,52206666.66666662,46793888.88888888,0.7707899748994086,2.593616377189995,PASS
ff,27.0,2.97,band6,ff_27c_2.97v_band6,4.346333e-08,3.502149e-08,2.893182e-08,2.441767e-08,2.099112e-08,1.831638e-08,1.619401e-08,92031600.0,114216000.0,138256000.0,163816000.0,190557000.0,218384000.0,247005000.0,0.0001721888,0.0002029249,0.0002364992,0.0002685777,0.0003011948,0.0003368634,0.0003706556,2.991059,-0.0286614,3.005419,-0.08342279,73948000.00000001,77040666.66666667,82666666.66666666,87168333.33333331,90946666.66666669,94079999.99999999,95403333.33333325,73948000.00000001,95403333.33333325,86096333.33333331,0.8035066216386547,2.6839150900342927,PASS
ff,27.0,2.97,band7,ff_27c_2.97v_band7,2.522353e-08,2.015798e-08,1.656232e-08,1.395247e-08,1.200517e-08,1.051695e-08,9.354775e-09,158582000.0,198433000.0,241512000.0,286688000.0,333190000.0,380338000.0,427589000.0,0.000253448,0.0003043223,0.0003542248,0.0004062462,0.0004592908,0.0005100713,0.0005624471,2.999767,-0.02918312,3.015845,-0.04060162,132836666.6666667,138216666.6666667,147091666.66666666,152796666.66666666,156083333.33333337,157331666.66666666,157503333.3333332,132836666.6666667,157503333.3333332,149448333.3333333,0.8376528651843633,2.6963274520437377,PASS
ff,27.0,3.3,band0,ff_27c_3.30v_band0,1.024206e-06,8.481604e-07,7.199897e-07,6.228573e-07,5.479334e-07,4.890103e-07,4.409812e-07,3905460.0,4716090.0,5555640.0,6422020.0,7300160.0,8179790.0,9070680.0,5.440321e-05,6.032809e-05,6.553313e-05,7.111182e-05,7.595448e-05,8.103624e-05,8.717684e-05,3.349988,-0.03839755,3.369094,-0.06854479,2702100.0000000005,2750300.0,2843216.666666666,2907533.333333333,2929616.6666666674,2950866.666666666,2969633.3333333307,2702100.0000000005,2969633.3333333307,2869566.666666666,0.691877525310719,2.3225637953019618,PASS
ff,27.0,3.3,band1,ff_27c_3.30v_band1,6.391234e-07,5.289561e-07,4.478734e-07,3.876072e-07,3.407237e-07,3.028386e-07,2.724868e-07,6258570.0,7562060.0,8931090.0,10319700.0,11739700.0,13208400.0,14679600.0,6.423594e-05,6.995663e-05,7.826673e-05,8.596536e-05,9.309386e-05,9.925346e-05,0.0001068785,3.36266,-0.05591963,3.386359,-0.08639673,4344966.666666668,4454200.0,4596066.666666666,4681016.666666666,4814500.000000001,4899833.333333333,4903999.999999995,4344966.666666668,4903999.999999995,4678349.999999999,0.6942427210475665,2.345519823218403,PASS
ff,27.0,3.3,band2,ff_27c_3.30v_band2,3.849123e-07,3.183024e-07,2.69326e-07,2.325051e-07,2.040421e-07,1.811999e-07,1.630579e-07,10392000.0,12566700.0,14851900.0,17203900.0,19603800.0,22075100.0,24531200.0,7.137656e-05,8.012218e-05,8.809135e-05,9.758654e-05,0.0001070057,0.0001159695,0.0001250153,3.380084,-0.07887379,3.39762,-0.1027769,7249000.000000002,7433166.666666667,7728666.666666665,7919833.333333332,8118666.666666669,8212333.333333332,8186999.999999993,7249000.000000002,8212333.333333332,7855111.11111111,0.6975558121632026,2.36058506543495,PASS
ff,27.0,3.3,band3,ff_27c_3.30v_band3,2.384607e-07,1.964921e-07,1.658485e-07,1.427982e-07,1.249934e-07,1.107502e-07,9.933901e-08,16774300.0,20357100.0,24118400.0,28011600.0,32001700.0,36117300.0,40266200.0,8.91827e-05,0.0001017302,0.0001145536,0.0001262421,0.0001401247,0.0001529915,0.0001662716,3.395837,-0.09458619,3.427185,-0.1287413,11942666.66666667,12240166.666666668,12757499.999999998,13138833.333333332,13509500.000000004,13774166.666666664,13829666.666666655,11942666.66666667,13829666.666666655,13051055.555555554,0.7119621484453402,2.4004697662495604,PASS
ff,27.0,3.3,band4,ff_27c_3.30v_band4,1.405338e-07,1.154556e-07,9.719189e-08,8.340654e-08,7.281592e-08,6.440352e-08,5.754077e-08,28462900.0,34645400.0,41155700.0,47957900.0,54933000.0,62108400.0,69515900.0,9.899044e-05,0.0001129486,0.000126735,0.0001424264,0.00015718,0.0001720077,0.0001881767,3.398233,-0.1029942,3.42302,-0.1469143,20608333.33333334,21154666.666666668,22187499.999999996,22962166.666666664,23584166.66666667,24304833.33333333,24691666.666666646,20608333.33333334,24691666.666666646,22807222.22222222,0.7240419399756645,2.442333704576835,PASS
ff,27.0,3.3,band5,ff_27c_3.30v_band5,8.571004e-08,7.007776e-08,5.866144e-08,5.011638e-08,4.352151e-08,3.829858e-08,3.40993e-08,46669000.0,57079400.0,68187900.0,79814200.0,91908600.0,104443000.0,117304000.0,0.0001317219,0.0001531621,0.0001746654,0.0001968203,0.0002202232,0.0002415073,0.0002659351,3.366961,-0.1275027,3.423395,-0.1719281,34701333.33333334,35864833.333333336,37891333.33333333,39534499.99999999,41048000.00000001,42325666.66666666,42869999.99999996,34701333.33333334,42869999.99999996,39241666.666666664,0.7435628218589073,2.513531466283829,PASS
ff,27.0,3.3,band6,ff_27c_3.30v_band6,4.977326e-08,4.040711e-08,3.359498e-08,2.851327e-08,2.460806e-08,2.153551e-08,1.90636e-08,80364400.0,98992500.0,119065000.0,140286000.0,162548000.0,185740000.0,209824000.0,0.0001828783,0.0002147048,0.0002487083,0.0002818242,0.0003150224,0.0003504315,0.0003853922,3.315629,-0.0870118,3.367926,-0.1322327,62093666.66666668,64501000.0,68822499.99999999,72471666.66666666,75756666.66666669,78793333.33333333,80279999.99999993,62093666.66666668,80279999.99999993,71921999.99999999,0.7726514061781918,2.6109073171702892,PASS
ff,27.0,3.3,band7,ff_27c_3.30v_band7,2.935178e-08,2.360867e-08,1.946166e-08,1.640087e-08,1.408564e-08,1.229193e-08,1.087518e-08,136278000.0,169429000.0,205532000.0,243889000.0,283977000.0,325417000.0,367810000.0,0.0002686298,0.0003182294,0.0003720742,0.0004237135,0.000475738,0.0005325902,0.0005870854,3.322512,-0.02441245,3.338465,-0.03689893,110503333.33333336,115423333.33333334,124099999.99999999,130741666.66666664,135880000.00000003,139721666.66666666,141309999.99999988,110503333.33333336,141309999.99999988,128628888.88888887,0.8108670022551943,2.698968285416575,PASS
ff,27.0,3.63,band0,ff_27c_3.63v_band0,1.083079e-06,9.015896e-07,7.68207e-07,6.676936e-07,5.884576e-07,5.263559e-07,4.757918e-07,3693170.0,4436610.0,5206930.0,5990770.0,6797430.0,7599420.0,8407040.0,6.461434e-05,6.763315e-05,7.291342e-05,7.732045e-05,8.358403e-05,9.013012e-05,9.438522e-05,3.688026,-0.04657914,3.689895,-0.06426819,2478133.333333334,2522933.3333333335,2590266.6666666665,2650833.333333333,2681083.333333334,2682683.333333333,2692066.666666664,2478133.333333334,2692066.666666664,2618816.6666666665,0.6710044036243482,2.276375038246276,PASS
ff,27.0,3.63,band1,ff_27c_3.63v_band1,6.822027e-07,5.669955e-07,4.824981e-07,4.193218e-07,3.690972e-07,3.29506e-07,2.971875e-07,5863360.0,7054730.0,8290190.0,9539210.0,10837300.0,12139400.0,13459500.0,7.12806e-05,7.818946e-05,8.532073e-05,9.362067e-05,9.898353e-05,0.0001078042,0.0001146759,3.698057,-0.06810266,3.727192,-0.07355419,3971233.3333333344,4044716.666666667,4140799.9999999995,4245183.333333333,4333650.000000001,4370333.333333333,4400333.333333329,3971233.3333333344,4400333.333333329,4220077.777777777,0.6772965216758539,2.2955267969219015,PASS
ff,27.0,3.63,band2,ff_27c_3.63v_band2,4.133455e-07,3.431314e-07,2.915405e-07,2.52521e-07,2.224768e-07,1.981919e-07,1.784288e-07,9677130.0,11657300.0,13720200.0,15840300.0,17979400.0,20182500.0,22417900.0,7.865295e-05,8.677987e-05,9.643829e-05,0.0001050691,0.0001149156,0.0001240705,0.0001328213,3.720282,-0.07568488,3.737174,-0.1104486,6600566.666666668,6738450.0,6971666.666666666,7098666.666666666,7237000.000000002,7397499.999999999,7451333.3333333265,6600566.666666668,7451333.3333333265,7078205.555555554,0.6820789497161522,2.316585599242751,PASS
ff,27.0,3.63,band3,ff_27c_3.63v_band3,2.584304e-07,2.140832e-07,1.813937e-07,1.567288e-07,1.377438e-07,1.223897e-07,1.101396e-07,15478100.0,18684300.0,22051500.0,25521800.0,29039400.0,32682500.0,36317500.0,9.637941e-05,0.0001098253,0.0001224953,0.0001364561,0.0001499021,0.0001630923,0.0001770359,3.731627,-0.09807615,3.756493,-0.1232592,10687333.333333336,10955666.666666668,11395833.333333332,11646499.999999998,11934500.000000002,12130166.666666664,12116666.666666657,10687333.333333336,12130166.666666664,11577444.444444442,0.6904809591185828,2.3463797236094868,PASS
ff,27.0,3.63,band4,ff_27c_3.63v_band4,1.525811e-07,1.261084e-07,1.066526e-07,9.198877e-08,8.050804e-08,7.144785e-08,6.407688e-08,26215600.0,31718700.0,37504900.0,43483600.0,49684500.0,55984900.0,62425000.0,0.0001085467,0.0001230536,0.0001382822,0.0001531962,0.000168378,0.000183421,0.0001997217,3.740362,-0.1379572,3.785489,-0.166252,18343666.66666667,18815500.0,19608166.666666664,20299333.333333332,20835500.000000004,21234166.666666664,21466999.99999998,18343666.66666667,21466999.99999998,20116333.333333332,0.699723319957074,2.3812157646592107,PASS
ff,27.0,3.63,band5,ff_27c_3.63v_band5,9.411833e-08,7.744662e-08,6.517935e-08,5.596112e-08,4.878329e-08,4.309366e-08,3.850526e-08,42499700.0,51648500.0,61369100.0,71478200.0,81995300.0,92821100.0,103882000.0,0.0001448166,0.0001645265,0.0001865686,0.0002098193,0.0002315832,0.000256416,0.0002795349,3.729843,-0.09892379,3.793565,-0.1742781,30496000.000000007,31449000.0,33049499.999999996,34376999.99999999,35571500.00000001,36477833.33333333,36869666.666666634,30496000.000000007,36869666.666666634,34101277.777777776,0.7175580062918093,2.444299606820754,PASS
ff,27.0,3.63,band6,ff_27c_3.63v_band6,5.513822e-08,4.505934e-08,3.770174e-08,3.21715e-08,2.788755e-08,2.451403e-08,2.178745e-08,72545000.0,88771800.0,106096000.0,124334000.0,143433000.0,163172000.0,183592000.0,0.0001983562,0.0002285368,0.0002637146,0.0002971339,0.0003325647,0.0003669622,0.0004027185,3.669248,-0.09443944,3.720143,-0.1243753,54089333.33333334,55918333.333333336,59270333.33333332,62228333.33333332,64730000.000000015,66931666.66666666,68066666.66666661,54089333.33333334,68066666.66666661,61692777.77777777,0.745596985778942,2.5307326487008064,PASS
ff,27.0,3.63,band7,ff_27c_3.63v_band7,3.298792e-08,2.673076e-08,2.217363e-08,1.877058e-08,1.616048e-08,1.411318e-08,1.248257e-08,121256000.0,149640000.0,180394000.0,213099000.0,247517000.0,283423000.0,320447000.0,0.0002845587,0.0003358058,0.00038735,0.0004402595,0.0004981754,0.0005539456,0.0006096891,3.64759,-0.02895255,3.660712,-0.06500842,94613333.33333336,98563333.33333334,105764999.99999999,111871666.66666666,117206666.66666669,121549999.99999999,123413333.33333322,94613333.33333336,123413333.33333322,110661666.66666666,0.7802775395306901,2.642731081348552,PASS
ff,125.0,2.97,band0,ff_125c_2.97v_band0,8.800966e-07,7.300868e-07,6.190037e-07,5.356668e-07,4.705247e-07,4.185895e-07,3.774419e-07,4544960.0,5478800.0,6462000.0,7467330.0,8501150.0,9555900.0,10597700.0,6.289916e-05,6.835634e-05,7.433626e-05,8.039973e-05,8.651446e-05,9.231783e-05,9.899235e-05,3.032016,-0.06928223,3.050425,-0.07513158,3112800.0000000005,3195066.666666667,3314216.666666666,3398583.333333333,3480950.000000001,3494249.9999999995,3472666.6666666637,3112800.0000000005,3494249.9999999995,3362633.333333333,0.6848905160881505,2.3317476941491235,PASS
ff,125.0,2.97,band1,ff_125c_2.97v_band1,5.416795e-07,4.482125e-07,3.79883e-07,3.277745e-07,2.880051e-07,2.557741e-07,2.299317e-07,7384440.0,8924340.0,10529600.0,12203500.0,13888600.0,15638800.0,17396500.0,7.376198e-05,8.106662e-05,8.80636e-05,9.635506e-05,0.0001052838,0.0001124951,0.0001218044,3.036785,-0.07266161,3.049812,-0.08971971,5133000.000000001,5241933.333333334,5465266.666666666,5598333.333333332,5725500.000000001,5846499.999999999,5858999.999999994,5133000.000000001,5858999.999999994,5562255.555555555,0.6951102588686483,2.355831992676493,PASS
ff,125.0,2.97,band2,ff_125c_2.97v_band2,3.265019e-07,2.695058e-07,2.275099e-07,1.960048e-07,1.715115e-07,1.521937e-07,1.363339e-07,12251100.0,14842000.0,17581600.0,20407700.0,23322100.0,26282300.0,29339700.0,8.115671e-05,9.061534e-05,9.918766e-05,0.0001091411,0.0001203653,0.0001292638,0.0001398422,3.049955,-0.07656509,3.080837,-0.1152122,8636333.333333336,8884166.666666668,9276166.666666666,9567499.999999998,9791000.000000002,10029333.333333332,10191333.333333325,8636333.333333336,10191333.333333325,9493666.666666666,0.704943501671959,2.3948625021426646,PASS
ff,125.0,2.97,band3,ff_125c_2.97v_band3,1.983499e-07,1.631529e-07,1.37236e-07,1.179094e-07,1.027916e-07,9.082811e-08,8.11546e-08,20166400.0,24516900.0,29146900.0,33924400.0,38913700.0,44039200.0,49288600.0,0.000101457,0.0001147277,0.0001284081,0.000142973,0.0001572212,0.0001719411,0.0001865967,3.062036,-0.09514285,3.103851,-0.1139997,14501666.66666667,14967500.0,15679166.666666664,16277999.999999998,16858000.000000004,17291499.999999996,17497999.999999985,14501666.66666667,17497999.999999985,16178999.999999998,0.7191004178567652,2.444095128530625,PASS
ff,125.0,2.97,band4,ff_125c_2.97v_band4,1.125994e-07,9.228351e-08,7.739884e-08,6.619021e-08,5.749229e-08,5.066802e-08,4.50993e-08,35524200.0,43344700.0,51680400.0,60431900.0,69574500.0,78945300.0,88693200.0,0.0001132021,0.000129079,0.0001440234,0.000161426,0.0001778234,0.0001955125,0.0002119908,3.031428,-0.09421183,3.101853,-0.1586641,26068333.33333334,26927000.0,28478666.666666664,29823499.999999996,30855666.666666675,31864499.999999996,32492999.99999997,26068333.33333334,32492999.99999997,29538333.33333333,0.733819011640891,2.4966980255713005,PASS
ff,125.0,2.97,band5,ff_125c_2.97v_band5,6.701986e-08,5.454606e-08,4.544761e-08,3.86216e-08,3.33598e-08,2.921499e-08,2.5879e-08,59683800.0,73332500.0,88013400.0,103569000.0,119905000.0,136916000.0,154565000.0,0.0001518995,0.0001759292,0.0002015694,0.000224939,0.0002509545,0.0002774339,0.0003027069,2.985766,-0.03979525,3.03111,-0.1202773,45495666.66666668,47216000.0,50394166.66666666,53152666.66666666,55578333.33333334,57766666.66666666,58829999.99999995,45495666.66666668,58829999.99999995,52711777.77777777,0.7622783178461606,2.589731216846112,PASS
ff,125.0,2.97,band6,ff_125c_2.97v_band6,3.845503e-08,3.099052e-08,2.559799e-08,2.161171e-08,1.859081e-08,1.625403e-08,1.440224e-08,104018000.0,129072000.0,156262000.0,185085000.0,215160000.0,246093000.0,277735000.0,0.0002097824,0.0002453421,0.0002832979,0.0003204932,0.000359087,0.0003969244,0.0004362108,2.985889,-0.0180916,2.998472,-0.02982818,83513333.33333336,87073333.33333334,93354999.99999999,98163333.33333331,101680000.00000003,104291666.66666666,105473333.33333324,83513333.33333336,105473333.33333324,96509444.44444443,0.8028738615752404,2.670066719221673,PASS
ff,125.0,2.97,band7,ff_125c_2.97v_band7,2.190511e-08,1.757207e-08,1.451692e-08,1.231045e-08,1.067415e-08,9.426717e-09,8.456083e-09,182606000.0,227634000.0,275541000.0,324927000.0,374737000.0,424326000.0,473032000.0,0.0003095967,0.0003652905,0.0004244774,0.0004809024,0.0005395339,0.0005956283,0.0006511158,2.993403,-0.02637026,3.010035,-0.03866959,150093333.33333337,154891666.6666667,162154999.99999997,165326666.66666666,165665000.00000003,163824999.99999997,162353333.3333332,150093333.33333337,165665000.00000003,161347777.77777776,0.8219518161141111,2.590451573332749,PASS
ff,125.0,3.3,band0,ff_125c_3.30v_band0,9.553029e-07,7.94676e-07,6.774927e-07,5.878324e-07,5.17709e-07,4.620264e-07,4.171394e-07,4187150.0,5033500.0,5904120.0,6804660.0,7726350.0,8657510.0,9589120.0,6.913903e-05,7.490285e-05,8.072633e-05,8.710357e-05,9.241597e-05,9.795746e-05,0.000106611,3.350711,-0.04641862,3.367029,-0.05957469,2821166.6666666674,2861616.666666667,2951933.333333333,3037049.9999999995,3088083.333333334,3104616.666666666,3105366.6666666637,2821166.6666666674,3105366.6666666637,3001094.444444444,0.6737677577031316,2.2901305183716847,PASS
ff,125.0,3.3,band1,ff_125c_3.30v_band1,5.926531e-07,4.929332e-07,4.191067e-07,3.629587e-07,3.194397e-07,2.84508e-07,2.563689e-07,6749310.0,8114690.0,9544110.0,11020500.0,12521900.0,14059400.0,15602500.0,7.84225e-05,8.680816e-05,9.519482e-05,0.0001041186,0.0001119394,0.0001193125,0.0001274445,3.368875,-0.06365979,3.415998,-0.0993211,4551266.666666668,4658000.0,4843016.666666666,4962983.333333333,5064833.333333335,5134333.333333333,5143666.666666662,4551266.666666668,5143666.666666662,4918438.888888888,0.674330659973637,2.311717790411168,PASS
ff,125.0,3.3,band2,ff_125c_3.30v_band2,3.595413e-07,2.981263e-07,2.528237e-07,2.184499e-07,1.917832e-07,1.70586e-07,1.532045e-07,11125300.0,13417100.0,15821300.0,18310800.0,20856900.0,23448600.0,26108900.0,8.794067e-05,9.68877e-05,0.0001068283,0.0001174969,0.0001276861,0.0001371612,0.0001477705,3.398413,-0.0903622,3.421735,-0.1172547,7639333.333333335,7826666.666666667,8156166.666666665,8392666.666666666,8563000.000000002,8753333.333333332,8867666.666666659,7639333.333333335,8867666.666666659,8324222.222222221,0.6866631311814814,2.346804131124554,PASS
ff,125.0,3.3,band3,ff_125c_3.30v_band3,2.204593e-07,1.821428e-07,1.540011e-07,1.326873e-07,1.161685e-07,1.029995e-07,9.22457e-08,18143900.0,21960800.0,25973800.0,30146100.0,34432700.0,38835100.0,43362500.0,0.0001085715,0.0001225404,0.0001369137,0.0001508216,0.000165652,0.00018065,0.000195731,3.372504,-0.08949311,3.433961,-0.1393401,12723000.000000004,13049833.333333334,13642166.666666664,14098166.666666664,14481666.66666667,14882999.999999998,15091333.333333319,12723000.000000004,15091333.333333319,14010333.333333332,0.7012274097630611,2.3899216816671167,PASS
ff,125.0,3.3,band4,ff_125c_3.30v_band4,1.259109e-07,1.037384e-07,8.747111e-08,7.509618e-08,6.559198e-08,5.797856e-08,5.176655e-08,31768500.0,38558500.0,45729400.0,53265000.0,60983100.0,68991000.0,77270000.0,0.0001223815,0.0001372249,0.0001536755,0.0001704517,0.0001872244,0.0002054334,0.000222397,3.367339,-0.1077809,3.441243,-0.1697109,22633333.33333334,23268166.666666668,24510833.33333333,25422833.33333333,26210000.000000007,27144833.33333333,27596666.66666664,22633333.33333334,27596666.66666664,25278611.11111111,0.7124457665087536,2.4322835513165555,PASS
ff,125.0,3.3,band5,ff_125c_3.30v_band5,7.585907e-08,6.215297e-08,5.208963e-08,4.450357e-08,3.861639e-08,3.395505e-08,3.018328e-08,52729400.0,64357300.0,76790700.0,89880400.0,103583000.0,117803000.0,132524000.0,0.0001621783,0.0001864043,0.000210817,0.000236606,0.0002621232,0.0002889644,0.0003145806,3.318655,-0.1006544,3.355593,-0.1073867,38759666.66666667,40102166.66666667,42538499.99999999,44653833.33333333,46537666.66666668,48234999.99999999,49069999.999999955,38759666.66666667,49069999.999999955,44330333.33333333,0.7350674702664296,2.5132848088542636,PASS
ff,125.0,3.3,band6,ff_125c_3.30v_band6,4.403793e-08,3.575031e-08,2.969497e-08,2.51639e-08,2.16825e-08,1.895554e-08,1.677663e-08,90830800.0,111887000.0,134703000.0,158958000.0,184481000.0,211020000.0,238427000.0,0.0002224555,0.000258712,0.0002948166,0.000334176,0.0003733968,0.0004131425,0.0004522443,3.311929,-0.01411735,3.322099,-0.04039132,70187333.33333334,73120333.33333334,78451666.66666666,82963333.33333333,86770000.00000001,89909999.99999999,91356666.66666658,70187333.33333334,91356666.66666658,81997888.88888888,0.7727261384170716,2.6249576134967434,PASS
ff,125.0,3.3,band7,ff_125c_3.30v_band7,2.543111e-08,2.045475e-08,1.688285e-08,1.42638e-08,1.229584e-08,1.078243e-08,9.596014e-09,157288000.0,195554000.0,236927000.0,280430000.0,325313000.0,370974000.0,416840000.0,0.0003228241,0.0003824878,0.0004405418,0.000501823,0.0005602031,0.0006210454,0.0006810709,3.317825,-0.02124886,3.332558,-0.03466809,127553333.33333336,132731666.66666667,141459999.99999997,147309999.99999997,150906666.6666667,152544999.99999997,152886666.66666654,127553333.33333336,152886666.66666654,144195555.55555552,0.8109540036959804,2.6501703880779206,PASS
ff,125.0,3.63,band0,ff_125c_3.63v_band0,1.008225e-06,8.436573e-07,7.221376e-07,6.28093e-07,5.553554e-07,4.970009e-07,4.499118e-07,3967370.0,4741260.0,5539110.0,6368480.0,7202590.0,8048270.0,8890630.0,7.689285e-05,8.243173e-05,8.811303e-05,9.336529e-05,9.947548e-05,0.0001060224,0.0001127125,3.67452,-0.04675745,3.697899,-0.0530316,2579633.333333334,2619566.666666667,2712033.333333333,2772466.666666666,2799650.0000000005,2813399.9999999995,2807866.666666664,2579633.333333334,2813399.9999999995,2735144.444444444,0.6502124413234294,2.24093795133804,PASS
ff,125.0,3.63,band1,ff_125c_3.63v_band1,6.315736e-07,5.282889e-07,4.506951e-07,3.917957e-07,3.460378e-07,3.09239e-07,2.791634e-07,6333390.0,7571620.0,8875180.0,10209400.0,11559400.0,12935000.0,14328500.0,8.634093e-05,9.39915e-05,0.0001034682,0.0001100291,0.0001181535,0.0001276486,0.0001360453,3.701826,-0.07740606,3.714089,-0.08210601,4127433.3333333344,4236316.666666667,4396299.999999999,4473699.999999999,4542666.666666668,4615166.666666666,4644999.999999996,4127433.3333333344,4644999.999999996,4441727.777777777,0.6516941690521718,2.2623744945439963,PASS
ff,125.0,3.63,band2,ff_125c_3.63v_band2,3.856992e-07,3.214602e-07,2.736518e-07,2.375367e-07,2.09099e-07,1.86461e-07,1.683649e-07,10370800.0,12443200.0,14617100.0,16839500.0,19129700.0,21452200.0,23757900.0,9.543685e-05,0.0001051676,0.000115293,0.0001245494,0.0001357346,0.0001460569,0.0001563741,3.723749,-0.08400946,3.7501,-0.1218803,6908000.000000002,7077166.666666667,7327166.666666666,7520999.999999999,7687833.333333335,7713666.666666665,7685666.6666666595,6908000.000000002,7713666.666666665,7437277.777777777,0.6661009758167163,2.2908454506884715,PASS
ff,125.0,3.63,band3,ff_125c_3.63v_band3,2.387483e-07,1.983231e-07,1.684068e-07,1.456937e-07,1.279169e-07,1.137886e-07,1.022282e-07,16754000.0,20169100.0,23752000.0,27454900.0,31270300.0,35152900.0,39128100.0,0.0001160806,0.0001306538,0.0001447701,0.0001600989,0.0001753172,0.0001908086,0.0002067749,3.738138,-0.1087832,3.767031,-0.1431235,11383666.66666667,11663333.333333334,12142999.999999998,12530499.999999998,12830000.000000004,13096333.333333332,13250666.666666655,11383666.66666667,13250666.666666655,12430055.555555554,0.6794596315307789,2.335448251163901,PASS
ff,125.0,3.63,band4,ff_125c_3.63v_band4,1.368609e-07,1.133928e-07,9.604874e-08,8.287275e-08,7.259028e-08,6.442571e-08,5.770617e-08,29226700.0,35275600.0,41645500.0,48266800.0,55103800.0,62087000.0,69316700.0,0.0001306754,0.0001472792,0.0001641888,0.0001808547,0.0001992588,0.0002167232,0.0002347004,3.722355,-0.1131956,3.746287,-0.1736109,20163000.000000004,20698000.0,21651999.999999996,22430499.999999996,23033666.66666667,23688166.666666664,24098999.999999978,20163000.000000004,24098999.999999978,22272222.22222222,0.6898828810642325,2.371690953819624,PASS
ff,125.0,3.63,band5,ff_125c_3.63v_band5,8.338894e-08,6.874306e-08,5.791942e-08,4.972952e-08,4.335306e-08,3.827358e-08,3.413254e-08,47968000.0,58187700.0,69061500.0,80435100.0,92265700.0,104511000.0,117190000.0,0.0001714238,0.0001964219,0.0002233058,0.0002473529,0.0002747447,0.0003009247,0.0003298817,3.693793,-0.09120672,3.75956,-0.1763621,34065666.66666667,35155833.333333336,37078999.99999999,38673666.666666664,40126500.00000001,41540499.99999999,42263333.3333333,34065666.66666667,42263333.3333333,38456666.666666664,0.71017483878141,2.4430870580386923,PASS
ff,125.0,3.63,band6,ff_125c_3.63v_band6,4.885806e-08,3.995148e-08,3.339836e-08,2.844405e-08,2.461317e-08,2.157254e-08,1.91339e-08,81869800.0,100121000.0,119766000.0,140627000.0,162515000.0,185421000.0,209053000.0,0.0002336954,0.0002709241,0.0003108072,0.0003489782,0.0003909195,0.0004302086,0.0004708857,3.639162,-0.02124921,3.647953,-0.09651866,60837333.33333334,63160333.333333336,67509999.99999999,71248333.33333333,74656666.66666669,77563333.33333333,78773333.33333327,60837333.33333334,78773333.33333327,70657333.33333333,0.7430985947606241,2.5534812592677643,PASS
ff,125.0,3.63,band7,ff_125c_3.63v_band7,2.864336e-08,2.318521e-08,1.920782e-08,1.62482e-08,1.399524e-08,1.22431e-08,1.085763e-08,139648000.0,172524000.0,208249000.0,246181000.0,285811000.0,326715000.0,368404000.0,0.0003429934,0.0003972322,0.0004592324,0.000521909,0.0005815348,0.0006439716,0.0007071456,3.643951,-0.01699798,3.656027,-0.02963028,109586666.66666669,114335000.0,122761666.66666664,129269999.99999999,134223333.33333337,137654999.99999997,138963333.33333322,109586666.66666669,138963333.33333322,127086666.66666664,0.7847349526428354,2.638090054995417,PASS
ss,-40.0,2.97,band0,ss_-40c_2.97v_band0,8.844414e-07,7.480508e-07,6.386726e-07,5.537522e-07,4.862181e-07,4.32567e-07,3.892863e-07,4522630.0,5347230.0,6262990.0,7223450.0,8226760.0,9247120.0,10275200.0,3.511649e-05,3.885563e-05,4.26925e-05,4.71407e-05,5.107549e-05,5.575402e-05,6.059694e-05,3.014664,-0.05140082,3.0568,-0.05764592,2748666.6666666674,2900600.0,3127033.333333333,3272949.9999999995,3372783.333333334,3414066.666666666,3426933.33333333,2748666.6666666674,3426933.33333333,3195872.2222222215,0.607758465022933,2.2719523816894154,PASS
ss,-40.0,2.97,band1,ss_-40c_2.97v_band1,5.394176e-07,4.561171e-07,3.878888e-07,3.358345e-07,2.945964e-07,2.614542e-07,2.341627e-07,7415400.0,8769680.0,10312200.0,11910600.0,13577900.0,15299000.0,17082100.0,4.249113e-05,4.742927e-05,5.27776e-05,5.885751e-05,6.406295e-05,7.092359e-05,7.693971e-05,3.036422,-0.08700373,3.065505,-0.08858049,4514266.666666668,4828000.0,5234866.666666666,5442833.333333332,5647333.333333335,5840333.333333332,5943666.666666661,4514266.666666668,5943666.666666661,5370388.888888888,0.6087691380999902,2.3035979178466435,PASS
ss,-40.0,2.97,band2,ss_-40c_2.97v_band2,3.15099e-07,2.657645e-07,2.25974e-07,1.950284e-07,1.705059e-07,1.511638e-07,1.352765e-07,12694400.0,15050900.0,17701200.0,20509800.0,23459600.0,26461400.0,29569100.0,4.867606e-05,5.450304e-05,6.140697e-05,6.822865e-05,7.571203e-05,8.302895e-05,9.059657e-05,3.061819,-0.113972,3.070562,-0.1141823,7855000.000000002,8344666.666666667,9098166.666666666,9597333.333333332,9919333.333333336,10182499.999999998,10358999.99999999,7855000.000000002,10358999.99999999,9374833.333333332,0.6187767834635747,2.329302684648349,PASS
ss,-40.0,2.97,band3,ss_-40c_2.97v_band3,1.897117e-07,1.594502e-07,1.350752e-07,1.162337e-07,1.013779e-07,8.962264e-08,8.005262e-08,21084600.0,25086200.0,29613100.0,34413400.0,39456300.0,44631600.0,49967100.0,6.394148e-05,7.307333e-05,8.203671e-05,9.25444e-05,0.0001031377,0.0001136543,0.0001247322,3.069486,-0.1077753,3.089876,-0.1314479,13338666.66666667,14214166.666666668,15545333.33333333,16405333.33333333,17030333.333333336,17517999.999999996,17784999.999999985,13338666.66666667,17784999.999999985,16045833.33333333,0.6326260240491481,2.3698386500099597,PASS
ss,-40.0,2.97,band4,ss_-40c_2.97v_band4,1.121173e-07,9.38842e-08,7.930479e-08,6.808296e-08,5.928812e-08,5.233274e-08,4.6664e-08,35676900.0,42605700.0,50438300.0,58751800.0,67467100.0,76434000.0,85719200.0,7.030966e-05,8.012399e-05,9.100642e-05,0.0001022605,0.0001146077,0.000126883,0.0001385022,3.054526,-0.1355904,3.10849,-0.1544054,23096000.000000004,24602333.333333336,26910166.666666664,28381333.33333333,29470333.33333334,30420166.66666666,30950666.666666638,23096000.000000004,30950666.666666638,27801277.777777772,0.6473656623753746,2.4026526968430555,PASS
ss,-40.0,2.97,band5,ss_-40c_2.97v_band5,6.617799e-08,5.528328e-08,4.658143e-08,3.993246e-08,3.476392e-08,3.071365e-08,2.745291e-08,60443100.0,72354600.0,85871100.0,100169000.0,115062000.0,130235000.0,145704000.0,9.91576e-05,0.0001143452,0.0001311714,0.0001483679,0.0001663228,0.0001838525,0.0002024491,3.023556,-0.1005957,3.093969,-0.1351842,39705000.00000001,42380000.0,46357333.33333333,48651499.99999999,50110000.00000001,51069999.99999999,51563333.33333329,39705000.00000001,51563333.33333329,47367166.66666666,0.6568988023446847,2.4105977357216952,PASS
ss,-40.0,2.97,band6,ss_-40c_2.97v_band6,3.73409e-08,3.123434e-08,2.641714e-08,2.276072e-08,1.99454e-08,1.77337e-08,1.595897e-08,107121000.0,128064000.0,151417000.0,175741000.0,200548000.0,225559000.0,250643000.0,0.000143059,0.0001668844,0.0001913704,0.0002176775,0.0002435617,0.0002703585,0.0002965928,3.02537,-0.05756886,3.034779,-0.0711933,69810000.00000001,73826666.66666667,79461666.66666666,81884999.99999999,83030000.00000001,83491666.66666666,83613333.33333325,69810000.00000001,83613333.33333325,79734444.44444443,0.6516929453608538,2.3398119883122823,PASS
ss,-40.0,2.97,band7,ss_-40c_2.97v_band7,2.214687e-08,1.865893e-08,1.592123e-08,1.384807e-08,1.225737e-08,1.10079e-08,1.000855e-08,180612000.0,214375000.0,251237000.0,288849000.0,326334000.0,363376000.0,399658000.0,0.0002153935,0.0002509017,0.0002890792,0.0003297961,0.0003675,0.0004078243,0.0004485632,3.032288,-0.04311674,3.042796,-0.05165301,112543333.33333336,117708333.33333334,124123333.33333331,125161666.66666664,124211666.6666667,122206666.66666664,120939999.9999999,112543333.33333336,125161666.66666664,121692222.22222221,0.6231221255139933,2.212798706619715,PASS
ss,-40.0,3.3,band0,ss_-40c_3.30v_band0,9.965346e-07,8.491657e-07,7.279645e-07,6.340417e-07,5.597227e-07,4.997161e-07,4.565001e-07,4013910.0,4710510.0,5494770.0,6308730.0,7146400.0,8004550.0,8762320.0,3.865359e-05,4.220162e-05,4.68627e-05,5.046897e-05,5.524876e-05,6.050577e-05,6.43659e-05,3.365569,-0.05638674,3.392735,-0.05752195,2322000.0000000005,2468100.0,2663699.9999999995,2752716.666666666,2826366.6666666674,2693199.9999999995,2525899.9999999977,2322000.0000000005,2826366.6666666674,2638005.555555555,0.5784883069127111,2.182988656945472,PASS
ss,-40.0,3.3,band1,ss_-40c_3.30v_band1,6.170072e-07,5.246013e-07,4.493506e-07,3.904733e-07,3.438838e-07,3.067258e-07,2.76114e-07,6482910.0,7624840.0,8901740.0,10244000.0,11631800.0,13041000.0,14486800.0,4.625665e-05,5.170355e-05,5.641127e-05,6.225322e-05,6.895054e-05,7.489346e-05,8.117158e-05,3.365176,-0.06882458,3.409523,-0.07168266,3806433.333333334,4031383.3333333335,4365266.666666666,4550099.999999999,4661666.666666668,4758333.333333333,4819333.333333329,3806433.333333334,4819333.333333329,4446605.555555555,0.5871488781015523,2.2346137768378704,PASS
ss,-40.0,3.3,band2,ss_-40c_3.30v_band2,3.649056e-07,3.097589e-07,2.648042e-07,2.297874e-07,2.019033e-07,1.797599e-07,1.614834e-07,10961700.0,12913300.0,15105500.0,17407400.0,19811500.0,22251900.0,24770300.0,5.32953e-05,5.972169e-05,6.605903e-05,7.270287e-05,7.985416e-05,8.808974e-05,9.525656e-05,3.393016,-0.08555203,3.419286,-0.1373292,6505333.333333335,6906333.333333334,7490166.666666665,7843333.333333332,8074166.666666669,8264666.666666665,8394666.666666659,6505333.333333335,8394666.666666659,7671444.444444443,0.5934602601178043,2.259713365627594,PASS
ss,-40.0,3.3,band3,ss_-40c_3.30v_band3,2.234012e-07,1.889332e-07,1.611407e-07,1.392329e-07,1.22124e-07,1.083454e-07,9.712468e-08,17905000.0,21171500.0,24823000.0,28728800.0,32753600.0,36919000.0,41184200.0,6.858214e-05,7.673128e-05,8.69081e-05,9.82607e-05,0.0001091072,0.0001193041,0.0001308958,3.416721,-0.1236428,3.429301,-0.1388379,10888333.333333336,11530000.0,12595499.999999998,13217666.666666664,13650333.333333336,14050999.999999998,14217333.33333332,10888333.333333336,14217333.33333332,12932888.888888886,0.6081169133389185,2.300150795867076,PASS
ss,-40.0,3.3,band4,ss_-40c_3.30v_band4,1.333103e-07,1.123608e-07,9.538363e-08,8.224143e-08,7.184735e-08,6.354433e-08,5.675295e-08,30005200.0,35599600.0,41935900.0,48637300.0,55673600.0,62948200.0,70480900.0,7.55297e-05,8.483156e-05,9.704788e-05,0.0001093854,0.0001207702,0.0001327415,0.0001457882,3.414106,-0.1403552,3.449487,-0.1554111,18648000.000000004,19884500.0,21729499.999999996,22896166.666666664,23851500.000000004,24678833.33333333,25108999.999999978,18648000.000000004,25108999.999999978,22486499.999999996,0.6214922746723902,2.348956180928639,PASS
ss,-40.0,3.3,band5,ss_-40c_3.30v_band5,7.983746e-08,6.69692e-08,5.661164e-08,4.856789e-08,4.225986e-08,3.725577e-08,3.317468e-08,50101800.0,59729000.0,70656800.0,82358900.0,94652500.0,107366000.0,120574000.0,0.0001050922,0.0001206183,0.0001376179,0.0001558616,0.0001732106,0.0001922616,0.0002107525,3.398452,-0.1427971,3.419233,-0.1430721,32090666.666666675,34258333.333333336,37716499.99999999,39992833.33333333,41678500.00000001,43202499.99999999,44026666.66666663,32090666.666666675,44026666.66666663,39151222.22222222,0.6405092564871258,2.406580202707288,PASS
ss,-40.0,3.3,band6,ss_-40c_3.30v_band6,4.507309e-08,3.763315e-08,3.16923e-08,2.712187e-08,2.35886e-08,2.080729e-08,1.857129e-08,88744800.0,106289000.0,126214000.0,147482000.0,169573000.0,192240000.0,215386000.0,0.0001506857,0.0001750601,0.0002015231,0.0002279595,0.0002558271,0.0002837782,0.0003121202,3.346406,-0.0905794,3.358285,-0.09588675,58480666.66666668,62448666.66666667,68654999.99999999,72264999.99999999,74596666.66666669,76354999.99999999,77153333.33333327,58480666.66666668,77153333.33333327,70356222.22222221,0.6589756996090664,2.427026710297392,PASS
ss,-40.0,3.3,band7,ss_-40c_3.30v_band7,2.63049e-08,2.194029e-08,1.850145e-08,1.590401e-08,1.391675e-08,1.236082e-08,1.112091e-08,152063000.0,182313000.0,216199000.0,251509000.0,287424000.0,323603000.0,359683000.0,0.000226557,0.0002633991,0.0003051037,0.0003458514,0.0003890687,0.0004321332,0.0004738372,3.355588,-0.04158764,3.369099,-0.04978221,100833333.33333336,106893333.33333334,115326666.66666666,118708333.33333331,120156666.66666669,120431666.66666664,120266666.66666655,100833333.33333336,120431666.66666664,115344444.44444443,0.6631023545065753,2.365355148852778,PASS
ss,-40.0,3.63,band0,ss_-40c_3.63v_band0,1.08372e-06,9.259765e-07,7.98366e-07,6.972972e-07,6.176441e-07,5.535205e-07,5.002963e-07,3690990.0,4319760.0,5010230.0,5736430.0,6476220.0,7226470.0,7995260.0,4.293327e-05,4.693134e-05,5.032136e-05,5.51508e-05,5.950833e-05,6.503252e-05,6.929614e-05,3.702687,-0.05103289,3.697711,-0.08023224,2095900.0000000005,2198733.3333333335,2361116.6666666665,2443316.6666666665,2483400.0000000005,2531733.333333333,2562633.333333331,2095900.0000000005,2562633.333333331,2391261.1111111105,0.5678422320298891,2.166155963576168,PASS
ss,-40.0,3.63,band1,ss_-40c_3.63v_band1,6.777734e-07,5.788758e-07,4.976051e-07,4.343487e-07,3.848112e-07,3.43737e-07,3.105388e-07,5901680.0,6909950.0,8038500.0,9209190.0,10394700.0,11636800.0,12880800.0,5.11297e-05,5.661304e-05,6.168946e-05,6.734796e-05,7.403816e-05,8.139534e-05,8.661072e-05,3.711688,-0.06355534,3.700335,-0.1142689,3360900.000000001,3561366.666666667,3832066.666666666,3926999.9999999995,4046016.6666666674,4143499.9999999995,4146666.666666663,3360900.000000001,4146666.666666663,3877288.8888888885,0.5694819102357297,2.1825649645524665,PASS
ss,-40.0,3.63,band2,ss_-40c_3.63v_band2,4.042481e-07,3.443205e-07,2.959729e-07,2.58191e-07,2.278624e-07,2.036358e-07,1.836132e-07,9894910.0,11617100.0,13514800.0,15492400.0,17554500.0,19642900.0,21784900.0,5.814227e-05,6.420658e-05,7.102593e-05,7.863673e-05,8.631438e-05,9.391673e-05,0.0001024208,3.732962,-0.0797237,3.72835,-0.1144985,5740633.333333335,6033150.0,6458833.333333332,6732833.333333332,6917500.000000002,7050666.666666666,7139999.9999999935,5740633.333333335,7139999.9999999935,6605549.999999999,0.58016023726677,2.2016268970612165,PASS
ss,-40.0,3.63,band3,ss_-40c_3.63v_band3,2.507776e-07,2.132868e-07,1.827298e-07,1.588498e-07,1.398402e-07,1.245393e-07,1.120276e-07,15950400.0,18754100.0,21890200.0,25181000.0,28604100.0,32118400.0,35705500.0,7.386025e-05,8.336985e-05,9.32343e-05,0.0001054694,0.0001154684,0.0001259533,0.0001374151,3.739824,-0.1054202,3.759985,-0.1522715,9345666.666666668,9899666.666666668,10711499.999999998,11189833.333333332,11562333.333333336,11835666.666666664,11956999.999999989,9345666.666666668,11956999.999999989,10975055.555555554,0.5859205202795333,2.23853320292908,PASS
ss,-40.0,3.63,band4,ss_-40c_3.63v_band4,1.507993e-07,1.278294e-07,1.092177e-07,9.458357e-08,8.306548e-08,7.371681e-08,6.614852e-08,26525300.0,31291700.0,36624100.0,42290600.0,48154800.0,54261700.0,60470000.0,8.132333e-05,9.246748e-05,0.0001039204,0.000115968,0.0001281307,0.0001410098,0.0001532306,3.775726,-0.1362495,3.779129,-0.1634558,15888000.000000004,16831333.333333336,18331499.999999996,19217833.333333332,19951833.33333334,20525333.333333332,20694333.333333313,15888000.000000004,20694333.333333313,18858166.666666664,0.5989753179040389,2.2797103143037023,PASS
ss,-40.0,3.63,band5,ss_-40c_3.63v_band5,9.175918e-08,7.741219e-08,6.579946e-08,5.673233e-08,4.961284e-08,4.388531e-08,3.917764e-08,43592400.0,51671400.0,60790800.0,70506500.0,80624300.0,91146700.0,102099000.0,0.0001133349,0.0001274401,0.000145309,0.0001636702,0.000181847,0.000202566,0.000220952,3.730903,-0.1247035,3.753467,-0.1544092,26930000.000000007,28664000.0,31391833.33333333,33055833.33333333,34400333.33333334,35791166.666666664,36507666.666666634,26930000.000000007,36507666.666666634,32503666.66666666,0.6177682348299246,2.3421284444077406,PASS
ss,-40.0,3.63,band6,ss_-40c_3.63v_band6,5.241767e-08,4.398122e-08,3.719327e-08,3.191297e-08,2.776694e-08,2.445742e-08,2.177761e-08,76310200.0,90947900.0,107546000.0,125341000.0,144056000.0,163550000.0,183675000.0,0.0001606058,0.0001847966,0.0002107518,0.0002388119,0.0002663405,0.0002951385,0.0003255053,3.6757,-0.1135793,3.704496,-0.1275733,48792333.33333334,52059666.66666667,57321833.33333333,60849999.99999999,63681666.66666668,66031666.66666666,67083333.333333276,48792333.33333334,67083333.333333276,59647111.111111104,0.6393946462377682,2.4069521505644067,PASS
ss,-40.0,3.63,band7,ss_-40c_3.63v_band7,3.089557e-08,2.576116e-08,2.166421e-08,1.852843e-08,1.610451e-08,1.41973e-08,1.267778e-08,129468000.0,155273000.0,184636000.0,215884000.0,248378000.0,281744000.0,315513000.0,0.000238987,0.0002771624,0.0003189246,0.0003618725,0.0004062525,0.0004510092,0.0004961544,3.676956,-0.07112851,3.693337,-0.08476167,86016666.66666669,91946666.66666667,101018333.33333331,106236666.66666666,109766666.66666669,111891666.66666666,112563333.33333324,86016666.66666669,112563333.33333324,103358333.33333331,0.6643855367091999,2.4369960144591714,PASS
ss,27.0,2.97,band0,ss_27c_2.97v_band0,8.34788e-07,7.059582e-07,6.03064e-07,5.237511e-07,4.604384e-07,4.098397e-07,3.685838e-07,4791640.0,5666060.0,6632790.0,7637220.0,8687370.0,9759910.0,10852300.0,4.310852e-05,4.676342e-05,5.183672e-05,5.627331e-05,6.128176e-05,6.68269e-05,7.135846e-05,3.028143,-0.06643217,3.067386,-0.07202058,2914733.333333334,3068583.3333333335,3285266.666666666,3424299.9999999995,3537816.6666666674,3608216.666666666,3641299.9999999967,2914733.333333334,3641299.9999999967,3367033.333333333,0.6082955592100687,2.2648404304163083,PASS
ss,27.0,2.97,band1,ss_27c_2.97v_band1,5.080579e-07,4.286317e-07,3.658206e-07,3.168016e-07,2.778908e-07,2.468476e-07,2.217193e-07,7873120.0,9332020.0,10934300.0,12626200.0,14394100.0,16204300.0,18040800.0,5.125187e-05,5.68866e-05,6.307767e-05,6.966936e-05,7.649899e-05,8.310258e-05,9.044014e-05,3.061617,-0.07991948,3.061124,-0.1406017,4863000.000000001,5101966.666666667,5490299.999999999,5766333.333333332,5963500.000000001,6077833.333333332,6121666.666666661,4863000.000000001,6121666.666666661,5648711.11111111,0.6176712662832525,2.291442274473144,PASS
ss,27.0,2.97,band2,ss_27c_2.97v_band2,2.998499e-07,2.521972e-07,2.143346e-07,1.850249e-07,1.618417e-07,1.435324e-07,1.283193e-07,13340000.0,15860600.0,18662400.0,21618700.0,24715500.0,27868300.0,31172200.0,5.791441e-05,6.482863e-05,7.244716e-05,8.043147e-05,8.847295e-05,9.670736e-05,0.0001052831,3.076701,-0.1240843,3.083166,-0.1118609,8402000.000000002,8870666.666666668,9596833.333333332,10088499.999999998,10416000.000000002,10761166.666666664,11012999.99999999,8402000.000000002,11012999.99999999,9906777.777777776,0.6298350824587707,2.3367466266866566,PASS
ss,27.0,2.97,band3,ss_27c_2.97v_band3,1.794101e-07,1.503693e-07,1.273009e-07,1.096083e-07,9.559175e-08,8.437049e-08,7.530192e-08,22295300.0,26601200.0,31421600.0,36493600.0,41844600.0,47409900.0,53119500.0,7.537608e-05,8.552815e-05,9.647208e-05,0.0001078838,0.0001196236,0.0001315876,0.0001435772,3.100739,-0.1437694,3.103365,-0.1343452,14353000.000000004,15210500.0,16487333.33333333,17371666.666666664,18193833.333333336,18791499.999999996,19031999.99999998,14353000.000000004,19031999.99999998,17124555.555555552,0.6437679690338324,2.3825425089592875,PASS
ss,27.0,2.97,band4,ss_27c_2.97v_band4,1.031869e-07,8.614618e-08,7.270264e-08,6.230989e-08,5.425542e-08,4.778716e-08,4.258479e-08,38764600.0,46432700.0,55018600.0,64195300.0,73725300.0,83704500.0,93930200.0,8.336633e-05,9.547472e-05,0.0001075205,0.000120211,0.0001339027,0.0001471966,0.0001614132,3.045634,-0.1133887,3.100457,-0.158903,25560333.33333334,27090000.0,29604333.33333333,31177833.33333333,32515333.33333334,33674833.33333333,34085666.666666634,25560333.33333334,34085666.666666634,30647555.555555552,0.6593730706194141,2.4230922026797646,PASS
ss,27.0,2.97,band5,ss_27c_2.97v_band5,6.034319e-08,5.017294e-08,4.223634e-08,3.618271e-08,3.150166e-08,2.782541e-08,2.488728e-08,66287500.0,79724200.0,94705200.0,110550000.0,126977000.0,143753000.0,160725000.0,0.000116831,0.0001348724,0.0001533873,0.0001725881,0.0001933783,0.0002137402,0.0002345041,3.012179,-0.08475351,3.02418,-0.09819631,44789000.00000001,47362833.333333336,51376333.33333333,53786333.33333333,55338333.33333334,56246666.66666666,56573333.33333328,44789000.00000001,56573333.33333328,52465277.77777777,0.6756779181595325,2.424665283801622,PASS
ss,27.0,2.97,band6,ss_27c_2.97v_band6,3.412539e-08,2.844919e-08,2.407773e-08,2.077777e-08,1.825123e-08,1.62677e-08,1.468868e-08,117215000.0,140602000.0,166129000.0,192513000.0,219163000.0,245886000.0,272319000.0,0.0001673031,0.0001928607,0.000220547,0.0002490459,0.0002795397,0.0003081059,0.0003371223,3.022556,-0.03934375,3.03406,-0.0476617,77956666.66666669,81523333.33333334,86518333.33333331,88389999.99999999,88955000.00000001,88593333.33333331,88109999.99999993,77956666.66666669,88955000.00000001,86168888.88888888,0.6650741514880065,2.3232436121656783,PASS
ss,27.0,2.97,band7,ss_27c_2.97v_band7,2.015265e-08,1.699699e-08,1.457374e-08,1.27503e-08,1.13539e-08,1.025987e-08,9.38578e-09,198485000.0,235336000.0,274466000.0,313718000.0,352302000.0,389869000.0,426177000.0,0.0002499573,0.0002880547,0.000331284,0.0003750878,0.0004181803,0.0004599837,0.0005013557,3.031874,-0.04392457,3.042596,-0.05391309,122836666.66666669,126635000.0,130636666.66666664,129726666.66666664,126918333.33333336,123124999.99999999,121026666.66666655,121026666.66666655,130636666.66666664,126495555.55555554,0.618871283304364,2.147149658664383,PASS
ss,27.0,3.3,band0,ss_27c_3.30v_band0,9.388498e-07,7.973199e-07,6.843262e-07,5.965923e-07,5.265266e-07,4.703964e-07,4.241521e-07,4260530.0,5016810.0,5845170.0,6704750.0,7596960.0,8503470.0,9430580.0,4.603676e-05,5.010949e-05,5.4949e-05,5.983456e-05,6.562093e-05,7.009383e-05,7.500506e-05,3.365901,-0.06225558,3.370136,-0.06539446,2520933.333333334,2641066.666666667,2813233.333333333,2919649.9999999995,2997866.6666666674,3056033.333333333,3090366.6666666637,2520933.333333334,3090366.6666666637,2872249.9999999995,0.5916947734984459,2.2134757882235307,PASS
ss,27.0,3.3,band1,ss_27c_3.30v_band1,5.780442e-07,4.903546e-07,4.202804e-07,3.658479e-07,3.221744e-07,2.869055e-07,2.587513e-07,6919890.0,8157360.0,9517460.0,10933500.0,12415600.0,13941900.0,15458900.0,5.47686e-05,6.0748e-05,6.678394e-05,7.374829e-05,8.120039e-05,8.731735e-05,9.462281e-05,3.384014,-0.08642996,3.410964,-0.1126991,4124900.000000001,4329283.333333334,4626899.999999999,4830233.333333333,5014000.000000001,5072166.666666666,5056666.666666662,4124900.000000001,5072166.666666666,4743894.444444444,0.5960932905002827,2.233980597957482,PASS
ss,27.0,3.3,band2,ss_27c_3.30v_band2,3.445644e-07,2.917951e-07,2.49412e-07,2.163083e-07,1.903372e-07,1.69211e-07,1.520179e-07,11608900.0,13708200.0,16037700.0,18492100.0,21015300.0,23639100.0,26312700.0,6.196773e-05,6.907078e-05,7.701394e-05,8.529499e-05,9.296045e-05,0.0001020902,0.0001102616,3.396965,-0.1018227,3.430068,-0.1445538,6997666.666666668,7381333.333333334,7973166.666666665,8295999.999999999,8578333.333333336,8828999.999999998,8911999.999999993,6997666.666666668,8911999.999999993,8168777.777777776,0.6027846451142371,2.2665971797500193,PASS
ss,27.0,3.3,band3,ss_27c_3.30v_band3,2.095716e-07,1.767043e-07,1.505684e-07,1.301289e-07,1.141758e-07,1.011245e-07,9.059561e-08,19086600.0,22636700.0,26566000.0,30738800.0,35033700.0,39555200.0,44152200.0,8.02748e-05,8.996606e-05,0.0001016245,0.0001126578,0.0001251706,0.0001374822,0.0001493502,3.410836,-0.1223931,3.460547,-0.152207,11833666.66666667,12465666.666666668,13503499.999999998,14112833.333333332,14694000.000000004,15197499.999999998,15323333.333333319,11833666.66666667,15323333.333333319,13925333.333333332,0.6199986727162863,2.313256420734966,PASS
ss,27.0,3.3,band4,ss_27c_3.30v_band4,1.219195e-07,1.024271e-07,8.691899e-08,7.489489e-08,6.538671e-08,5.774962e-08,5.157671e-08,32808500.0,39052100.0,46019900.0,53408200.0,61174500.0,69264500.0,77554400.0,8.892761e-05,0.0001001835,0.0001134469,0.0001266184,0.0001395158,0.000153869,0.000168261,3.417223,-0.1372786,3.465803,-0.1722768,20812000.000000004,22019000.0,23926833.33333333,25257666.666666664,26427166.66666667,27299833.33333333,27632999.999999974,20812000.000000004,27632999.999999974,24858833.33333333,0.634347806208757,2.3638508313394393,PASS
ss,27.0,3.3,band5,ss_27c_3.30v_band5,7.242295e-08,6.050148e-08,5.107585e-08,4.374422e-08,3.803368e-08,3.349223e-08,2.981529e-08,55231100.0,66114100.0,78314900.0,91440700.0,105170000.0,119431000.0,134159000.0,0.000122425,0.0001400918,0.0001601074,0.0001797244,0.0002005735,0.0002217829,0.0002429351,3.350186,-0.1005577,3.373514,-0.1188401,36276666.66666667,38473000.0,42210999.99999999,44758499.99999999,46650500.00000001,48314999.99999999,49093333.33333329,36276666.66666667,49093333.33333329,43848833.33333333,0.6568159364319499,2.4290481268705495,PASS
ss,27.0,3.3,band6,ss_27c_3.30v_band6,4.098955e-08,3.406214e-08,2.864958e-08,2.452465e-08,2.135003e-08,1.885775e-08,1.686654e-08,97585800.0,117432000.0,139618000.0,163101000.0,187353000.0,212114000.0,237156000.0,0.0001743042,0.0002009397,0.000230782,0.0002601418,0.0002921568,0.0003232695,0.000354412,3.344291,-0.04181252,3.358446,-0.0857777,66154000.000000015,70053666.66666667,76114999.99999999,79558333.33333333,81688333.33333336,83004999.99999999,83473333.33333325,66154000.000000015,83473333.33333325,77538999.99999999,0.6779060068165657,2.430230627816752,PASS
ss,27.0,3.3,band7,ss_27c_3.30v_band7,2.369568e-08,1.974044e-08,1.670141e-08,1.442025e-08,1.268004e-08,1.132147e-08,1.024443e-08,168807000.0,202630000.0,239501000.0,277388000.0,315457000.0,353311000.0,390456000.0,0.0002614974,0.000303034,0.0003473176,0.0003941015,0.0004394982,0.0004869005,0.0005322443,3.355012,-0.04426858,3.369237,-0.05334074,112743333.33333336,117823333.33333334,124596666.66666664,126593333.33333331,126538333.33333336,124998333.33333331,123816666.66666655,112743333.33333336,126593333.33333331,123138333.33333331,0.6678830459242411,2.3130320425100854,PASS
ss,27.0,3.63,band0,ss_27c_3.63v_band0,1.022517e-06,8.723905e-07,7.520726e-07,6.565207e-07,5.819165e-07,5.221315e-07,4.710413e-07,3911920.0,4585100.0,5318640.0,6092720.0,6873840.0,7660910.0,8491820.0,5.054398e-05,5.475266e-05,5.918192e-05,6.378432e-05,6.90626e-05,7.520684e-05,7.971144e-05,3.702811,-0.0561455,3.690274,-0.09381651,2243933.333333334,2344533.3333333335,2512699.9999999995,2591999.9999999995,2613650.0000000005,2696633.333333333,2769699.9999999977,2243933.333333334,2769699.9999999977,2544388.8888888885,0.573614320674588,2.1707550256651467,PASS
ss,27.0,3.63,band1,ss_27c_3.63v_band1,6.367334e-07,5.421506e-07,4.669262e-07,4.072501e-07,3.599475e-07,3.221714e-07,2.903744e-07,6282060.0,7378020.0,8566660.0,9821970.0,11112700.0,12415800.0,13775300.0,5.878674e-05,6.485867e-05,7.194779e-05,7.850568e-05,8.574845e-05,9.306046e-05,9.98085e-05,3.713858,-0.0841851,3.719738,-0.09403368,3653200.000000001,3807666.666666667,4073249.9999999995,4243399.999999999,4323050.000000001,4437666.666666666,4531666.666666662,3653200.000000001,4531666.666666662,4162911.1111111105,0.5815289888985462,2.1927998140737275,PASS
ss,27.0,3.63,band2,ss_27c_3.63v_band2,3.821673e-07,3.249883e-07,2.792333e-07,2.431618e-07,2.14636e-07,1.914999e-07,1.725152e-07,10466600.0,12308100.0,14324900.0,16449900.0,18636200.0,20887700.0,23186400.0,6.714679e-05,7.41571e-05,8.202567e-05,9.125794e-05,9.844232e-05,0.0001070564,0.0001157668,3.735677,-0.1089214,3.763807,-0.1277755,6138333.333333335,6430500.0,6902999.999999999,7185499.999999999,7396333.333333335,7583666.666666665,7662333.3333333265,6138333.333333335,7662333.3333333265,7066555.555555554,0.5864687036223162,2.215275256530296,PASS
ss,27.0,3.63,band3,ss_27c_3.63v_band3,2.352862e-07,1.994944e-07,1.707775e-07,1.483786e-07,1.30616e-07,1.161423e-07,1.043265e-07,17000600.0,20050700.0,23422300.0,26958100.0,30624100.0,34440500.0,38341200.0,8.562803e-05,9.604136e-05,0.0001079319,0.0001191477,0.0001313927,0.0001436869,0.000156576,3.761296,-0.1373186,3.770088,-0.1386433,10167000.000000002,10702833.333333334,11512333.333333332,12002999.999999998,12470666.66666667,12861833.333333332,13002333.33333332,10167000.000000002,13002333.33333332,11855888.888888888,0.5980377163158949,2.255285107584438,PASS
ss,27.0,3.63,band4,ss_27c_3.63v_band4,1.379314e-07,1.164965e-07,9.947243e-08,8.606132e-08,7.553863e-08,6.694869e-08,5.995253e-08,28999900.0,34335800.0,40212100.0,46478500.0,52953000.0,59747300.0,66719500.0,9.514947e-05,0.0001076052,0.0001204868,0.0001333916,0.0001478926,0.0001613395,0.0001757568,3.752174,-0.1388279,3.806588,-0.1889596,17786333.333333336,18687000.0,20237833.333333332,21234833.33333333,22114666.66666667,22944166.666666664,23240666.666666646,17786333.333333336,23240666.666666646,20955333.333333332,0.613323953990646,2.300680347173611,PASS
ss,27.0,3.63,band5,ss_27c_3.63v_band5,8.318291e-08,6.993613e-08,5.933954e-08,5.110231e-08,4.458317e-08,3.937629e-08,3.510249e-08,48086800.0,57195000.0,67408700.0,78274400.0,89720000.0,101584000.0,113952000.0,0.0001293975,0.0001476135,0.000167964,0.000188071,0.0002090209,0.0002305771,0.000252492,3.71645,-0.1153852,3.792172,-0.1976277,30360666.66666667,32203166.666666668,35132333.33333333,37185499.99999999,38849333.33333334,40386666.666666664,41226666.66666663,30360666.66666667,41226666.66666663,36591777.77777777,0.6313721575706155,2.3697147657985145,PASS
ss,27.0,3.63,band6,ss_27c_3.63v_band6,4.763608e-08,3.97732e-08,3.353473e-08,2.871543e-08,2.494768e-08,2.196044e-08,1.955381e-08,83970000.0,100570000.0,119279000.0,139298000.0,160336000.0,182146000.0,204564000.0,0.000183032,0.0002111157,0.0002406668,0.0002706817,0.0003033743,0.0003352771,0.0003680344,3.666091,-0.05997642,3.688114,-0.1030477,55333333.33333334,58848333.333333336,64546666.66666666,68428333.33333333,71413333.33333334,73713333.33333333,74726666.6666666,55333333.33333334,74726666.6666666,66996666.66666666,0.6589655035528563,2.436155769917828,PASS
ss,27.0,3.63,band7,ss_27c_3.63v_band7,2.767149e-08,2.298086e-08,1.933042e-08,1.655932e-08,1.443478e-08,1.277621e-08,1.145664e-08,144553000.0,174058000.0,206928000.0,241556000.0,277108000.0,313082000.0,349143000.0,0.0002721731,0.0003170194,0.0003622358,0.0004108456,0.0004583377,0.0005086821,0.0005580744,3.677013,-0.04133937,3.693148,-0.05165613,98350000.00000001,103958333.33333334,112496666.66666666,116966666.66666666,119210000.00000003,120058333.33333331,120203333.33333322,98350000.00000001,120203333.33333322,113661111.11111109,0.6803732886899616,2.4153286337882993,PASS
ss,125.0,2.97,band0,ss_125c_2.97v_band0,7.656079e-07,6.498951e-07,5.606254e-07,4.873199e-07,4.302053e-07,3.843662e-07,3.463791e-07,5224610.0,6154840.0,7134890.0,8208160.0,9297890.0,10406700.0,11548000.0,5.8907e-05,6.371147e-05,6.913999e-05,7.438139e-05,8.024177e-05,8.557024e-05,9.134179e-05,3.047794,-0.08168317,3.053189,-0.09053642,3100766.6666666674,3183800.0,3422199.9999999995,3604999.9999999995,3664233.333333334,3750183.3333333326,3804333.3333333298,3100766.6666666674,3804333.3333333298,3512994.444444444,0.5934924648283159,2.2103085206359903,PASS
ss,125.0,2.97,band1,ss_125c_2.97v_band1,4.645206e-07,3.939572e-07,3.376397e-07,2.93924e-07,2.58695e-07,2.302144e-07,2.072048e-07,8611030.0,10153400.0,11846900.0,13609000.0,15462200.0,17375100.0,19304600.0,6.910733e-05,7.546434e-05,8.269484e-05,9.037971e-05,9.762922e-05,0.0001055617,0.0001135636,3.06466,-0.1079803,3.068847,-0.1252402,5141233.333333335,5393116.666666667,5759333.333333332,6025499.999999999,6276833.333333335,6403999.999999999,6431666.666666661,5141233.333333335,6431666.666666661,5940872.222222221,0.5970520754582593,2.2418456328685417,PASS
ss,125.0,2.97,band2,ss_125c_2.97v_band2,2.758038e-07,2.329998e-07,1.990755e-07,1.724316e-07,1.513539e-07,1.342744e-07,1.204687e-07,14503100.0,17167400.0,20092900.0,23197600.0,26428100.0,29789700.0,33203600.0,7.658064e-05,8.472e-05,9.339109e-05,0.0001021055,0.0001109109,0.0001209812,0.0001299094,3.070718,-0.1278608,3.099727,-0.1391959,8881000.000000002,9316333.333333334,10050333.333333332,10558666.666666664,10986833.333333336,11292499.999999998,11379666.666666657,8881000.000000002,11379666.666666657,10389166.666666666,0.612351842019982,2.2894139873544277,PASS
ss,125.0,2.97,band3,ss_125c_2.97v_band3,1.640337e-07,1.379556e-07,1.173606e-07,1.011874e-07,8.847969e-08,7.824686e-08,6.983992e-08,24385200.0,28994800.0,34083000.0,39530600.0,45208100.0,51120300.0,57273800.0,9.770749e-05,0.0001093163,0.0001215924,0.000134661,0.0001476384,0.0001616912,0.0001750337,3.068587,-0.1245095,3.118644,-0.1528368,15365333.333333336,16163000.0,17559666.666666664,18541833.333333332,19316166.66666667,20109499.999999996,20511666.66666665,15365333.333333336,20511666.66666665,18271444.44444444,0.6301089732023251,2.348711513541,PASS
ss,125.0,2.97,band4,ss_125c_2.97v_band4,9.146925e-08,7.656244e-08,6.483427e-08,5.574455e-08,4.859792e-08,4.289818e-08,3.828845e-08,43730500.0,52244900.0,61695800.0,71755900.0,82308100.0,93244100.0,104470000.0,0.000108746,0.0001220223,0.0001366303,0.0001510519,0.0001663722,0.0001822142,0.0001979669,3.023203,-0.09902414,3.084926,-0.157207,28381333.33333334,29942166.666666668,32518333.33333333,34353833.33333333,35813666.66666667,36936499.99999999,37419666.666666634,28381333.33333334,37419666.666666634,33744166.666666664,0.6490054614818797,2.388950503653057,PASS
ss,125.0,2.97,band5,ss_125c_2.97v_band5,5.286505e-08,4.408551e-08,3.726838e-08,3.205747e-08,2.802665e-08,2.484536e-08,2.230116e-08,75664400.0,90732800.0,107330000.0,124776000.0,142721000.0,160996000.0,179363000.0,0.0001493961,0.0001694541,0.0001916079,0.0002134469,0.0002363764,0.000259495,0.0002826524,3.007359,-0.05806551,3.021076,-0.07447712,50228000.00000001,52776000.0,56738666.66666666,58984999.99999999,60366666.66666668,61069999.99999999,61223333.333333276,50228000.00000001,61223333.333333276,57610333.33333333,0.6638260529390309,2.3705071341344146,PASS
ss,125.0,2.97,band6,ss_125c_2.97v_band6,2.99914e-08,2.513271e-08,2.142304e-08,1.861811e-08,1.646538e-08,1.478103e-08,1.343151e-08,133372000.0,159155000.0,186715000.0,214845000.0,242934000.0,270617000.0,297807000.0,0.000208059,0.0002375019,0.0002691193,0.0003005582,0.0003334109,0.0003652807,0.0003983959,3.01748,-0.04107312,3.030793,-0.05026012,85943333.33333336,88905000.0,92816666.66666666,93698333.33333331,92953333.33333336,91454999.99999999,90633333.33333325,85943333.33333336,93698333.33333331,91352777.77777776,0.6443881274430417,2.232904957562307,PASS
ss,125.0,2.97,band7,ss_125c_2.97v_band7,1.775008e-08,1.513006e-08,1.313862e-08,1.163731e-08,1.048535e-08,9.584129e-09,8.865682e-09,225351000.0,264374000.0,304446000.0,343722000.0,381485000.0,417357000.0,451178000.0,0.0003057011,0.0003485125,0.0003955697,0.0004408585,0.0004882958,0.0005349493,0.0005789744,3.028355,-0.04864723,3.039805,-0.05594635,130076666.6666667,131825000.0,132246666.66666664,128398333.33333331,122725000.00000003,116154999.99999999,112736666.66666657,112736666.66666657,132246666.66666664,125459444.44444443,0.5772180583474966,2.002112260429286,PASS
ss,125.0,3.3,band0,ss_125c_3.30v_band0,8.571827e-07,7.31661e-07,6.306496e-07,5.521831e-07,4.887438e-07,4.372498e-07,3.952136e-07,4666450.0,5467010.0,6342670.0,7243970.0,8184250.0,9148090.0,10121100.0,6.255601e-05,6.757991e-05,7.238231e-05,7.829721e-05,8.343289e-05,8.931791e-05,9.520992e-05,3.375833,-0.07305893,3.378791,-0.08956745,2668533.333333334,2793700.0,2961599.9999999995,3069299.9999999995,3173533.333333334,3228083.333333333,3243366.6666666637,2668533.333333334,3243366.6666666637,3030361.1111111105,0.5718551218449429,2.1689078421498142,PASS
ss,125.0,3.3,band1,ss_125c_3.30v_band1,5.255015e-07,4.475024e-07,3.853399e-07,3.363901e-07,2.973346e-07,2.65472e-07,2.395585e-07,7611780.0,8938500.0,10380400.0,11891000.0,13452900.0,15067500.0,16697400.0,7.287621e-05,7.962648e-05,8.662495e-05,9.411327e-05,0.0001020441,0.0001101485,0.0001180911,3.385444,-0.08994218,3.427941,-0.09836147,4422400.000000001,4614366.666666667,4920833.333333333,5120833.333333333,5294166.666666668,5407499.999999999,5432999.999999995,4422400.000000001,5432999.999999995,5047566.666666666,0.5809941958385556,2.193626195186934,PASS
ss,125.0,3.3,band2,ss_125c_3.30v_band2,3.149261e-07,2.672628e-07,2.293415e-07,1.997304e-07,1.759499e-07,1.567875e-07,1.408402e-07,12701400.0,14966500.0,17441200.0,20027000.0,22733700.0,25512200.0,28401000.0,8.112014e-05,8.910199e-05,9.803867e-05,0.0001070485,0.0001163735,0.0001254281,0.0001355195,3.421048,-0.1221504,3.410005,-0.1467356,7550333.333333335,7899666.666666667,8434166.666666666,8820833.333333332,9142000.000000002,9445499.999999998,9629333.333333325,7550333.333333335,9629333.333333325,8721999.999999998,0.5944489058948883,2.23605271859795,PASS
ss,125.0,3.3,band3,ss_125c_3.30v_band3,1.898106e-07,1.606161e-07,1.373119e-07,1.190009e-07,1.04482e-07,9.268255e-08,8.308802e-08,21073600.0,24904100.0,29130800.0,33613200.0,38284100.0,43158100.0,48141700.0,0.0001020138,0.0001140604,0.0001269311,0.0001402793,0.0001536634,0.0001673934,0.0001811295,3.43476,-0.1230861,3.428364,-0.1640194,12768333.333333336,13428666.666666668,14515166.666666664,15255499.999999998,15908166.66666667,16429333.33333333,16611999.999999985,12768333.333333336,16611999.999999985,15037833.33333333,0.6058923645382533,2.2844554323893402,PASS
ss,125.0,3.3,band4,ss_125c_3.30v_band4,1.071445e-07,9.025018e-08,7.687879e-08,6.636679e-08,5.803116e-08,5.129999e-08,4.580163e-08,37332800.0,44321200.0,52030000.0,60271100.0,68928500.0,77972700.0,87333100.0,0.0001145993,0.000128062,0.0001417216,0.0001572276,0.0001729376,0.0001887129,0.0002047631,3.428073,-0.1618211,3.447857,-0.1773093,23294666.66666667,24495333.333333336,26583166.666666664,28164166.666666664,29502666.66666667,30674333.33333333,31201333.333333306,23294666.66666667,31201333.333333306,27777944.44444444,0.6239731996171375,2.3393128830411865,PASS
ss,125.0,3.3,band5,ss_125c_3.30v_band5,6.288861e-08,5.264077e-08,4.455041e-08,3.828158e-08,3.335851e-08,2.943714e-08,2.627956e-08,63604500.0,75986700.0,89785900.0,104489000.0,119909000.0,135883000.0,152210000.0,0.0001550426,0.0001766573,0.0001983384,0.0002208677,0.0002454953,0.0002693368,0.000293242,3.330405,-0.07708034,3.342895,-0.09607896,41274000.00000001,43635666.66666667,47503833.33333333,50205166.66666666,52323333.33333334,53834999.99999999,54423333.33333328,41274000.00000001,54423333.33333328,49225277.77777777,0.6489163502582366,2.3930696727432808,PASS
ss,125.0,3.3,band6,ss_125c_3.30v_band6,3.555124e-08,2.964116e-08,2.506439e-08,2.158579e-08,1.889871e-08,1.679037e-08,1.511011e-08,112514000.0,134947000.0,159589000.0,185307000.0,211655000.0,238232000.0,264723000.0,0.0002168428,0.0002470571,0.0002811357,0.0003139355,0.0003485463,0.0003831209,0.0004179547,3.339825,-0.0375067,3.354687,-0.04793963,74776666.66666669,78458333.33333334,83933333.33333331,86776666.66666666,88208333.33333336,88446666.66666666,88303333.33333325,74776666.66666669,88446666.66666666,84560555.55555554,0.6645987758560418,2.3528005403771974,PASS
ss,125.0,3.3,band7,ss_125c_3.30v_band7,2.045509e-08,1.719971e-08,1.47231e-08,1.285839e-08,1.143318e-08,1.032167e-08,9.437708e-09,195550000.0,232562000.0,271682000.0,311081000.0,349859000.0,387534000.0,423832000.0,0.000320927,0.0003680858,0.0004148419,0.0004669253,0.000516711,0.0005647186,0.0006141371,3.351638,-0.04655306,3.366582,-0.05563863,123373333.33333336,126886666.66666667,130864999.99999999,130294999.99999999,127421666.6666667,123288333.33333331,120993333.33333322,120993333.33333322,130864999.99999999,126823333.33333331,0.6309042870536096,2.1673843006903604,PASS
ss,125.0,3.63,band0,ss_125c_3.63v_band0,9.348176e-07,8.006155e-07,6.928288e-07,6.073951e-07,5.39535e-07,4.841243e-07,4.38486e-07,4278910.0,4996160.0,5773430.0,6585500.0,7413790.0,8262340.0,9122300.0,6.654801e-05,7.20184e-05,7.686024e-05,8.281592e-05,8.88186e-05,9.423819e-05,9.981597e-05,3.68854,-0.08605191,3.70495,-0.0889901,2390833.333333334,2490866.666666667,2648899.9999999995,2733933.333333333,2794733.333333334,2847516.666666666,2866533.3333333307,2390833.333333334,2866533.3333333307,2690772.222222222,0.5587482170303498,2.131921447284472,PASS
ss,125.0,3.63,band1,ss_125c_3.63v_band1,5.782851e-07,4.942746e-07,4.270574e-07,3.7451e-07,3.318241e-07,2.970445e-07,2.686295e-07,6917000.0,8092670.0,9366420.0,10680600.0,12054600.0,13466000.0,14890400.0,7.710407e-05,8.412637e-05,9.109954e-05,9.910733e-05,0.0001068382,0.0001145345,0.0001229986,3.71504,-0.1035116,3.735338,-0.1148274,3918900.000000001,4082366.666666667,4313216.666666666,4480299.999999999,4642333.333333334,4726333.333333333,4747999.999999995,3918900.000000001,4747999.999999995,4429666.666666666,0.56656064767963,2.1527251698713314,PASS
ss,125.0,3.63,band2,ss_125c_3.63v_band2,3.489158e-07,2.974416e-07,2.562825e-07,2.243525e-07,1.980921e-07,1.769114e-07,1.595795e-07,11464100.0,13448000.0,15607800.0,17829100.0,20192600.0,22610200.0,25065900.0,8.59233e-05,9.406818e-05,0.0001032711,0.0001127506,0.0001215438,0.0001317417,0.000140717,3.740692,-0.1100553,3.759039,-0.1487871,6613000.000000002,6906166.666666667,7301833.333333332,7641333.333333332,7968500.000000002,8122166.666666665,8185666.6666666595,6613000.000000002,8185666.6666666595,7556555.555555554,0.5768442354829426,2.1864690642963684,PASS
ss,125.0,3.63,band3,ss_125c_3.63v_band3,2.126409e-07,1.806663e-07,1.552593e-07,1.351516e-07,1.190481e-07,1.060357e-07,9.543456e-08,18811100.0,22140300.0,25763300.0,29596400.0,33599900.0,37723100.0,41913500.0,0.0001082434,0.0001198131,0.0001323152,0.000146542,0.0001596018,0.0001735345,0.0001876139,3.751732,-0.1256305,3.786763,-0.1823307,11097333.333333336,11587000.0,12426833.333333332,13060999.999999998,13544500.000000004,13855999.999999998,13967999.999999987,11097333.333333336,13967999.999999987,12834666.666666664,0.5899353750356617,2.228125946914322,PASS
ss,125.0,3.63,band4,ss_125c_3.63v_band4,1.209963e-07,1.024867e-07,8.773505e-08,7.611412e-08,6.684717e-08,5.933284e-08,5.316828e-08,33058900.0,39029400.0,45591800.0,52552700.0,59838000.0,67416300.0,75232800.0,0.0001206148,0.000133732,0.0001491106,0.0001641848,0.0001802269,0.0001957536,0.0002121968,3.752173,-0.1708709,3.765758,-0.2017706,19901666.66666667,20888166.666666668,22538833.33333333,23743666.666666664,24772666.66666667,25657999.999999996,26054999.999999978,19901666.66666667,26054999.999999978,23429944.44444444,0.6020063180162277,2.275720002782912,PASS
ss,125.0,3.63,band5,ss_125c_3.63v_band5,7.210913e-08,6.069606e-08,5.164722e-08,4.45298e-08,3.88925e-08,3.435243e-08,3.064644e-08,55471500.0,65902100.0,77448500.0,89827500.0,102848000.0,116440000.0,130521000.0,0.0001630993,0.0001840166,0.0002061139,0.0002294019,0.0002529881,0.000277544,0.0003021242,3.699576,-0.1025152,3.697172,-0.1479799,34768666.66666667,36628333.333333336,39875666.666666664,42332499.99999999,44354166.66666668,46121666.66666666,46936666.66666663,34768666.66666667,46936666.66666663,41694166.666666664,0.6267843246832459,2.3529379951867173,PASS
ss,125.0,3.63,band6,ss_125c_3.63v_band6,4.115198e-08,3.437636e-08,2.905997e-08,2.495575e-08,2.175974e-08,1.922703e-08,1.719477e-08,97200700.0,116359000.0,137646000.0,160284000.0,183826000.0,208040000.0,232629000.0,0.0002255935,0.0002567406,0.0002910279,0.0003264605,0.0003621312,0.0003980208,0.0004339158,3.662686,-0.03313985,3.678135,-0.05386794,63861000.000000015,67408833.33333334,73208333.33333333,76966666.66666666,79593333.33333336,81338333.33333333,81963333.33333325,63861000.000000015,81963333.33333325,75237944.44444443,0.6570014413476448,2.393285233542557,PASS
ss,125.0,3.63,band7,ss_125c_3.63v_band7,2.355567e-08,1.967621e-08,1.669661e-08,1.444218e-08,1.271216e-08,1.135918e-08,1.028609e-08,169811000.0,203291000.0,239570000.0,276966000.0,314659000.0,352138000.0,388875000.0,0.0003343186,0.0003808617,0.0004337141,0.000487533,0.0005397132,0.0005936209,0.0006456076,3.673692,-0.04323138,3.690733,-0.05441889,111600000.00000003,116265000.0,122791666.66666664,125148333.33333331,125286666.6666667,123693333.33333331,122456666.66666655,111600000.00000003,125286666.6666667,121702222.22222221,0.6572012413801228,2.290045992309097,PASS
fs,-40.0,2.97,band0,fs_-40c_2.97v_band0,9.446097e-07,7.790403e-07,6.584801e-07,5.671358e-07,4.96645e-07,4.40607e-07,3.961024e-07,4234550.0,5134520.0,6074590.0,7052980.0,8054040.0,9078390.0,10098400.0,3.654394e-05,4.083133e-05,4.512182e-05,4.978484e-05,5.470613e-05,5.848847e-05,6.349983e-05,3.019556,-0.0510394,3.049036,-0.05371975,2999900.0000000005,3066733.3333333335,3197433.333333333,3299083.333333333,3375683.333333334,3407266.666666666,3400033.33333333,2999900.0000000005,3407266.666666666,3257694.444444444,0.7084341901736904,2.3847634341311355,PASS
fs,-40.0,2.97,band1,fs_-40c_2.97v_band1,5.82445e-07,4.800001e-07,4.044733e-07,3.48049e-07,3.042172e-07,2.698018e-07,2.416963e-07,6867600.0,8333330.0,9889400.0,11492600.0,13148500.0,14825700.0,16549700.0,4.401321e-05,4.924692e-05,5.470406e-05,6.124144e-05,6.822794e-05,7.437471e-05,8.06449e-05,3.029652,-0.08628825,3.052638,-0.07247504,4885766.666666668,5036333.333333334,5265449.999999999,5431833.333333332,5555166.666666668,5668666.666666666,5746666.666666661,4885766.666666668,5746666.666666661,5378944.444444444,0.7114227192420449,2.4098229366882173,PASS
fs,-40.0,2.97,band2,fs_-40c_2.97v_band2,3.432967e-07,2.826026e-07,2.377366e-07,2.040781e-07,1.78351e-07,1.576734e-07,1.409404e-07,11651700.0,14154200.0,16825300.0,19600300.0,22427700.0,25368900.0,28380800.0,4.999579e-05,5.693289e-05,6.327753e-05,7.090729e-05,7.895851e-05,8.697891e-05,9.494667e-05,3.068589,-0.09477428,3.062505,-0.09139096,8341666.666666669,8622666.666666668,9076833.333333332,9337333.333333332,9614333.333333336,9921833.333333332,10039666.666666659,8341666.666666669,10039666.666666659,9293944.444444442,0.7159184210601602,2.43576473819271,PASS
fs,-40.0,2.97,band3,fs_-40c_2.97v_band3,2.096706e-07,1.719518e-07,1.442549e-07,1.235095e-07,1.074209e-07,9.48172e-08,8.457492e-08,19077500.0,23262300.0,27728700.0,32386200.0,37236700.0,42186400.0,47295300.0,6.444168e-05,7.49745e-05,8.532265e-05,9.708347e-05,0.0001069307,0.0001185624,0.0001303341,3.077583,-0.1000307,3.098664,-0.1255262,13949333.333333336,14418666.666666668,15206499.999999998,15846666.666666664,16333666.66666667,16764333.33333333,17029666.666666653,13949333.333333336,17029666.666666653,15676555.555555554,0.7311929410736908,2.479114139693356,PASS
fs,-40.0,2.97,band4,fs_-40c_2.97v_band4,1.252227e-07,1.022498e-07,8.543456e-08,7.288472e-08,6.325882e-08,5.570776e-08,4.961894e-08,31943100.0,39119900.0,46819500.0,54881200.0,63232300.0,71803300.0,80614400.0,7.125646e-05,8.260124e-05,9.486068e-05,0.0001071152,0.0001189196,0.0001326249,0.0001452133,3.115667,-0.1392303,3.127087,-0.1536451,23922666.66666667,24794000.0,26268833.33333333,27354666.666666664,28203500.000000007,28970166.666666664,29370333.333333306,23922666.66666667,29370333.333333306,27039611.11111111,0.7489149978138212,2.5236874317145173,PASS
fs,-40.0,2.97,band5,fs_-40c_2.97v_band5,7.500788e-08,6.096847e-08,5.072428e-08,4.311585e-08,3.729808e-08,3.27441e-08,2.909621e-08,53327700.0,65607700.0,78857700.0,92773300.0,107244000.0,122159000.0,137475000.0,9.927146e-05,0.0001153681,0.0001340832,0.000152238,0.0001719179,0.0001908344,0.0002106492,3.050812,-0.1048195,3.117349,-0.1663322,40933333.33333334,42550000.0,45275999.99999999,47310499.99999999,48976166.66666668,50384999.99999999,51053333.33333329,40933333.33333334,51053333.33333329,46748499.99999999,0.7675810757511264,2.5779285437024284,PASS
fs,-40.0,2.97,band6,fs_-40c_2.97v_band6,4.249502e-08,3.441226e-08,2.856546e-08,2.424493e-08,2.097627e-08,1.843864e-08,1.642417e-08,94128700.0,116238000.0,140029000.0,164983000.0,190692000.0,216936000.0,243543000.0,0.0001417324,0.0001677738,0.0001947625,0.0002243419,0.0002518389,0.0002808125,0.0003098298,3.013167,-0.07122778,3.023398,-0.08729481,73697666.66666669,76500500.0,81241666.66666666,84438333.33333331,86588333.33333336,88084999.99999999,88689999.99999993,73697666.66666669,88689999.99999993,83007944.44444443,0.7829457611405096,2.5873405241971894,PASS
fs,-40.0,2.97,band7,fs_-40c_2.97v_band7,2.496137e-08,2.019669e-08,1.679337e-08,1.432045e-08,1.246473e-08,1.103589e-08,9.907301e-09,160248000.0,198052000.0,238189000.0,279321000.0,320905000.0,362454000.0,403743000.0,0.0002139594,0.0002523775,0.0002962347,0.0003387153,0.0003832728,0.0004258782,0.0004701315,3.021064,-0.03745096,3.032735,-0.04661449,126013333.33333336,129901666.66666667,135448333.3333333,137859999.99999997,138555000.00000003,138063333.3333333,137629999.99999988,126013333.33333336,138555000.00000003,135274999.99999997,0.7863644684073021,2.519488542758724,PASS
fs,-40.0,3.3,band0,fs_-40c_3.30v_band0,1.041643e-06,8.639035e-07,7.325703e-07,6.337661e-07,5.576332e-07,4.965752e-07,4.471985e-07,3840090.0,4630150.0,5460230.0,6311480.0,7173170.0,8055170.0,8944570.0,4.09989e-05,4.451559e-05,4.96022e-05,5.419764e-05,5.889886e-05,6.337453e-05,6.778e-05,3.341288,-0.05827018,3.377072,-0.06281041,2633533.333333334,2700233.3333333335,2802216.666666666,2854899.9999999995,2906150.0000000005,2952333.333333333,2964666.666666664,2633533.333333334,2964666.666666664,2835822.222222222,0.6857998987870946,2.3292605121234136,PASS
fs,-40.0,3.3,band1,fs_-40c_3.30v_band1,6.494111e-07,5.382956e-07,4.561793e-07,3.941677e-07,3.457076e-07,3.075412e-07,2.766977e-07,6159430.0,7430860.0,8768480.0,10148000.0,11570500.0,13006400.0,14456200.0,4.826979e-05,5.459981e-05,6.031648e-05,6.666379e-05,7.310557e-05,7.962463e-05,8.49543e-05,3.356854,-0.05221821,3.370831,-0.07405514,4238100.000000001,4348416.666666667,4528566.666666666,4670033.333333333,4764000.000000001,4809499.999999999,4832666.666666662,4238100.000000001,4832666.666666662,4609316.666666666,0.6880669152827454,2.3470028882542704,PASS
fs,-40.0,3.3,band2,fs_-40c_3.30v_band2,3.859196e-07,3.196607e-07,2.705668e-07,2.333396e-07,2.044745e-07,1.818806e-07,1.633591e-07,10364900.0,12513300.0,14783800.0,17142400.0,19562300.0,21992500.0,24485900.0,5.498856e-05,6.237628e-05,6.889827e-05,7.72649e-05,8.463427e-05,9.210711e-05,0.0001011778,3.387685,-0.09774058,3.40051,-0.1145217,7161333.333333335,7364833.333333334,7715166.666666665,7964166.666666665,8083500.000000002,8205999.999999999,8311333.333333326,7161333.333333335,8311333.333333326,7844999.999999999,0.6909216040032548,2.362386516030063,PASS
fs,-40.0,3.3,band3,fs_-40c_3.30v_band3,2.392371e-07,1.974532e-07,1.664913e-07,1.432631e-07,1.253624e-07,1.109615e-07,9.9416e-08,16719800.0,20258000.0,24025300.0,27920600.0,31907500.0,36048500.0,40235000.0,7.042424e-05,8.082919e-05,9.157127e-05,0.0001024564,0.0001140675,0.0001255757,0.000137971,3.403765,-0.140017,3.427167,-0.1131457,11794000.000000002,12175833.333333334,12770999.999999998,13136999.999999998,13546500.000000004,13879166.666666664,13954999.999999987,11794000.000000002,13954999.999999987,13063999.999999998,0.7053912128135505,2.406428306558691,PASS
fs,-40.0,3.3,band4,fs_-40c_3.30v_band4,1.439128e-07,1.184106e-07,9.955152e-08,8.536356e-08,7.438512e-08,6.571242e-08,5.867174e-08,27794600.0,33780800.0,40180200.0,46858400.0,53774200.0,60871300.0,68175900.0,7.685412e-05,8.978346e-05,0.0001021262,0.0001143762,0.0001271072,0.0001403151,0.0001531562,3.414699,-0.1325803,3.450676,-0.1388174,19954000.000000004,20642666.666666668,21795999.999999996,22656666.666666664,23354833.33333334,24002833.33333333,24348666.666666646,19954000.000000004,24348666.666666646,22434055.555555552,0.7179092341677881,2.452846955883517,PASS
fs,-40.0,3.3,band5,fs_-40c_3.30v_band5,8.752935e-08,7.162084e-08,5.992256e-08,5.115037e-08,4.441881e-08,3.907604e-08,3.478026e-08,45699000.0,55849700.0,66752800.0,78200800.0,90051900.0,102365000.0,115008000.0,0.0001069774,0.000123202,0.0001418915,0.0001611485,0.0001805827,0.0002006482,0.0002202911,3.397476,-0.1200545,3.459534,-0.1831637,33835666.66666667,35089666.66666667,37251833.33333333,38831833.33333333,40273666.66666668,41593499.99999999,42143333.3333333,33835666.66666667,42143333.3333333,38504999.99999999,0.7404027805130675,2.516641502002232,PASS
fs,-40.0,3.3,band6,fs_-40c_3.30v_band6,5.006851e-08,4.074853e-08,3.392801e-08,2.884485e-08,2.49374e-08,2.187677e-08,1.942706e-08,79890500.0,98163000.0,117897000.0,138673000.0,160402000.0,182842000.0,205898000.0,0.0001497567,0.0001780696,0.0002066592,0.0002352453,0.0002638759,0.0002935651,0.0003236373,3.386414,-0.09939158,3.400641,-0.1600229,60908333.33333334,63344166.66666667,67516666.66666666,70841666.66666666,73615000.00000001,75826666.66666666,76853333.33333327,60908333.33333334,76853333.33333327,70004166.66666666,0.7623976985165113,2.577252614516119,PASS
fs,-40.0,3.3,band7,fs_-40c_3.30v_band7,2.962579e-08,2.395996e-08,1.98508e-08,1.682093e-08,1.453445e-08,1.276223e-08,1.136163e-08,135018000.0,166945000.0,201503000.0,237799000.0,275208000.0,313425000.0,352062000.0,0.0002257698,0.000265323,0.0003106693,0.0003567789,0.0004010731,0.0004483813,0.0004958187,3.342159,-0.04506724,3.356342,-0.06871656,106423333.33333336,110808333.33333334,118089999.99999999,122841666.66666664,126043333.33333336,128089999.99999999,128789999.99999988,106423333.33333336,128789999.99999988,120579999.99999999,0.7882158922020276,2.6075189974670043,PASS
fs,-40.0,3.63,band0,fs_-40c_3.63v_band0,1.117319e-06,9.313906e-07,7.932033e-07,6.885254e-07,6.072379e-07,5.422341e-07,4.889437e-07,3580000.0,4294650.0,5042840.0,5809520.0,6587200.0,7376890.0,8180900.0,4.596767e-05,5.089306e-05,5.405194e-05,5.935779e-05,6.407347e-05,6.935031e-05,7.513673e-05,3.691997,-0.05648006,3.722243,-0.06832917,2382166.666666667,2438066.666666667,2524783.333333333,2573933.333333333,2612283.333333334,2656166.666666666,2680033.333333331,2382166.666666667,2680033.333333331,2556055.555555555,0.6654096834264432,2.285167597765363,PASS
fs,-40.0,3.63,band1,fs_-40c_3.63v_band1,7.028559e-07,5.849648e-07,4.974429e-07,4.314556e-07,3.803284e-07,3.390874e-07,3.056555e-07,5691070.0,6838020.0,8041120.0,9270940.0,10517200.0,11796400.0,13086600.0,5.466098e-05,5.877072e-05,6.670782e-05,7.240898e-05,7.96182e-05,8.61411e-05,9.187985e-05,3.689111,-0.06747233,3.709856,-0.06420264,3823166.6666666674,3916750.0,4054866.666666666,4126799.9999999995,4209100.000000001,4282333.333333333,4300666.666666663,3823166.6666666674,4300666.666666663,4108627.777777777,0.6717834548980539,2.2994972825848214,PASS
fs,-40.0,3.63,band2,fs_-40c_3.63v_band2,4.205436e-07,3.49707e-07,2.973062e-07,2.578097e-07,2.270046e-07,2.024557e-07,1.820786e-07,9511500.0,11438100.0,13454100.0,15515300.0,17620800.0,19757400.0,21968500.0,6.143254e-05,6.720903e-05,7.51105e-05,8.328588e-05,9.166885e-05,0.0001002541,0.0001078244,3.722344,-0.08821731,3.772632,-0.1190597,6422000.000000002,6571000.0,6795333.333333332,6944499.999999999,7070166.666666668,7246166.666666666,7370333.3333333265,6422000.000000002,7370333.3333333265,6920555.555555554,0.6751826736056354,2.309677758502865,PASS
fs,-40.0,3.63,band3,fs_-40c_3.63v_band3,2.633516e-07,2.185569e-07,1.85289e-07,1.60246e-07,1.407255e-07,1.249519e-07,1.124255e-07,15188800.0,18301900.0,21587900.0,24961600.0,28424100.0,32012300.0,35579100.0,7.826567e-05,8.864702e-05,9.856539e-05,0.0001092968,0.0001221085,0.0001331962,0.0001474502,3.738647,-0.09268631,3.74764,-0.1386544,10377000.000000002,10665166.666666668,11099499.999999998,11393666.666666664,11751166.66666667,11924999.999999998,11889333.333333323,10377000.000000002,11924999.999999998,11327944.444444442,0.683200779521753,2.342456283577373,PASS
fs,-40.0,3.63,band4,fs_-40c_3.63v_band4,1.592645e-07,1.318148e-07,1.114864e-07,9.605677e-08,8.411162e-08,7.450675e-08,6.679623e-08,25115500.0,30345600.0,35878800.0,41642000.0,47555900.0,53686400.0,59883600.0,8.585657e-05,9.866112e-05,0.0001098382,0.0001243002,0.0001365803,0.000151063,0.0001644099,3.756266,-0.1215369,3.79293,-0.1606117,17433666.66666667,17938833.333333336,18827333.333333332,19461833.333333332,20074000.000000004,20546166.666666664,20657333.333333313,17433666.66666667,20657333.333333313,19315611.11111111,0.6941397410629561,2.3843284027791602,PASS
fs,-40.0,3.63,band5,fs_-40c_3.63v_band5,9.821366e-08,8.090199e-08,6.808371e-08,5.839461e-08,5.089115e-08,4.491699e-08,4.012889e-08,40727500.0,49442500.0,58751200.0,68499500.0,78599100.0,89053200.0,99678800.0,0.0001151869,0.0001337479,0.0001520856,0.0001712345,0.0001917228,0.0002114478,0.0002321633,3.757823,-0.1391024,3.803903,-0.1763246,29050000.000000007,30039500.0,31761666.66666666,33079833.33333333,34256166.66666667,35132833.33333333,35418666.666666634,29050000.000000007,35418666.666666634,32750722.222222216,0.7132772696580936,2.4474568780308146,PASS
fs,-40.0,3.63,band6,fs_-40c_3.63v_band6,5.674872e-08,4.648483e-08,3.890987e-08,3.323033e-08,2.883229e-08,2.536233e-08,2.255686e-08,70486200.0,86049600.0,102802000.0,120372000.0,138733000.0,157714000.0,177330000.0,0.0001614732,0.000190633,0.0002186628,0.0002489353,0.0002781786,0.0003091847,0.0003397683,3.707089,-0.1210133,3.781822,-0.1909527,51878000.000000015,53859666.66666667,57203999.99999999,59884999.99999999,62236666.66666668,64328333.33333332,65386666.66666661,51878000.000000015,65386666.66666661,59357666.66666666,0.7360022245489191,2.5158116056760047,PASS
fs,-40.0,3.63,band7,fs_-40c_3.63v_band7,3.403055e-08,2.767433e-08,2.301336e-08,1.952952e-08,1.686205e-08,1.477432e-08,1.310755e-08,117541000.0,144538000.0,173812000.0,204818000.0,237219000.0,270740000.0,305168000.0,0.0002376527,0.0002803293,0.0003246826,0.0003737825,0.0004192898,0.0004671264,0.0005166665,3.664483,-0.06125556,3.678682,-0.07587339,89990000.00000001,93785000.0,100466666.66666666,105678333.33333331,109870000.00000003,113248333.33333331,114759999.9999999,89990000.00000001,114759999.9999999,104237222.22222221,0.7656051930815632,2.596268536085281,PASS
fs,27.0,2.97,band0,fs_27c_2.97v_band0,8.931753e-07,7.379968e-07,6.232497e-07,5.368967e-07,4.706298e-07,4.176861e-07,3.7492e-07,4478400.0,5420080.0,6417970.0,7450220.0,8499250.0,9576570.0,10668900.0,4.379034e-05,4.807238e-05,5.302817e-05,5.840541e-05,6.348044e-05,6.857831e-05,7.420727e-05,3.021376,-0.05653769,3.062556,-0.05742934,3138933.333333334,3232616.666666667,3383566.666666666,3468799.9999999995,3543916.6666666674,3616083.333333333,3641099.9999999967,3138933.333333334,3641099.9999999967,3439166.666666666,0.7009050851494583,2.382301714898178,PASS
fs,27.0,2.97,band1,fs_27c_2.97v_band1,5.489973e-07,4.52527e-07,3.815808e-07,3.281895e-07,2.869243e-07,2.54342e-07,2.279173e-07,7286010.0,8839250.0,10482700.0,12188100.0,13941000.0,15726900.0,17550200.0,5.134249e-05,5.827697e-05,6.490396e-05,7.147086e-05,7.90297e-05,8.580319e-05,9.344447e-05,3.047454,-0.07374951,3.062525,-0.08830983,5177466.666666668,5327816.666666667,5581416.666666666,5763833.333333332,5898000.000000001,6015333.333333332,6077666.666666661,5177466.666666668,6077666.666666661,5702327.777777777,0.7106038375828015,2.408753213349968,PASS
fs,27.0,2.97,band2,fs_27c_2.97v_band2,3.268488e-07,2.686914e-07,2.260614e-07,1.940594e-07,1.693095e-07,1.495247e-07,1.339448e-07,12238100.0,14887000.0,17694300.0,20612200.0,23625400.0,26751400.0,29863000.0,5.78999e-05,6.614476e-05,7.399225e-05,8.312575e-05,9.099745e-05,0.0001002805,0.0001088888,3.075258,-0.1076784,3.080555,-0.0994808,8829666.666666668,9093666.666666668,9541999.999999998,9885166.666666666,10232000.000000002,10395999.999999998,10371999.99999999,8829666.666666668,10395999.999999998,9791611.11111111,0.7214899916381357,2.4401663656940213,PASS
fs,27.0,2.97,band3,fs_27c_2.97v_band3,1.983505e-07,1.624972e-07,1.361288e-07,1.164286e-07,1.011881e-07,8.929624e-08,7.959749e-08,20166300.0,24615800.0,29383900.0,34355800.0,39530300.0,44794700.0,50252800.0,7.49094e-05,8.650297e-05,9.828114e-05,0.0001107403,0.0001228472,0.00013558,0.0001489554,3.092729,-0.1146026,3.101871,-0.1312023,14831666.66666667,15362666.666666668,16233333.33333333,16910666.666666664,17398166.66666667,17870833.333333332,18193666.66666665,14831666.66666667,18193666.66666665,16714722.22222222,0.7354679175985019,2.4919196877959764,PASS
fs,27.0,2.97,band4,fs_27c_2.97v_band4,1.153201e-07,9.408347e-08,7.853339e-08,6.692159e-08,5.800754e-08,5.094855e-08,4.533711e-08,34686100.0,42515400.0,50933700.0,59771400.0,68956600.0,78510600.0,88227900.0,8.332161e-05,9.695506e-05,0.000109475,0.0001245159,0.000138045,0.0001526136,0.0001668343,3.077816,-0.1268149,3.132157,-0.1638989,26097666.66666667,27079333.333333336,28759999.999999996,30038166.66666666,31232000.000000007,32118833.33333333,32390999.99999997,26097666.66666667,32390999.99999997,29745444.44444444,0.7523955321199752,2.543609688030652,PASS
fs,27.0,2.97,band5,fs_27c_2.97v_band5,6.852705e-08,5.558536e-08,4.616976e-08,3.91676e-08,3.382236e-08,2.964662e-08,2.632703e-08,58371100.0,71961400.0,86636800.0,102125000.0,118265000.0,134923000.0,151935000.0,0.0001143467,0.0001348969,0.0001550307,0.000176428,0.0001982271,0.0002200655,0.000241767,3.027267,-0.08218318,3.085491,-0.1470448,45301000.00000001,47109500.0,50272666.66666666,52713666.66666666,54663333.33333334,56116666.66666666,56706666.66666662,45301000.00000001,56706666.66666662,51979944.44444444,0.7760861111063524,2.6029147985903984,PASS
fs,27.0,2.97,band6,fs_27c_2.97v_band6,3.898468e-08,3.146372e-08,2.60568e-08,2.209235e-08,1.911116e-08,1.680955e-08,1.499547e-08,102604000.0,127131000.0,153511000.0,181058000.0,209302000.0,237960000.0,266747000.0,0.000163449,0.0001939635,0.0002240094,0.0002544445,0.0002876593,0.0003197841,0.000351777,3.009066,-0.04759933,3.022283,-0.06908811,81756666.66666669,84845000.0,89878333.33333331,92984999.99999999,94836666.66666669,95741666.66666666,95956666.66666658,81756666.66666669,95956666.66666658,91190555.55555554,0.7968175379777268,2.5997719387158393,PASS
fs,27.0,2.97,band7,fs_27c_2.97v_band7,2.263516e-08,1.831029e-08,1.525914e-08,1.305575e-08,1.141249e-08,1.015321e-08,9.16496e-09,176716000.0,218456000.0,262138000.0,306378000.0,350493000.0,393964000.0,436445000.0,0.0002444711,0.0002905878,0.0003389651,0.0003858297,0.000434085,0.0004797142,0.0005282438,3.018527,-0.03969573,3.031218,-0.04986059,139133333.33333337,142370000.0,146536666.66666666,147258333.3333333,145976666.6666667,143253333.3333333,141603333.3333332,139133333.33333337,147258333.3333333,144293888.88888887,0.7873273123731489,2.4697537291473326,PASS
fs,27.0,3.3,band0,fs_27c_3.30v_band0,9.886267e-07,8.196893e-07,6.94733e-07,6.015873e-07,5.289739e-07,4.707529e-07,4.244085e-07,4046020.0,4879900.0,5757610.0,6649080.0,7561810.0,8497030.0,9424880.0,4.772923e-05,5.214387e-05,5.750399e-05,6.261811e-05,6.836214e-05,7.277593e-05,7.878504e-05,3.352442,-0.0452469,3.377596,-0.05827896,2779600.0000000005,2852650.0,2948633.333333333,3006999.9999999995,3079916.6666666674,3105116.666666666,3092833.3333333307,2779600.0000000005,3105116.666666666,2988255.555555555,0.686996109757243,2.3294200226395323,PASS
fs,27.0,3.3,band1,fs_27c_3.30v_band1,6.131666e-07,5.076987e-07,4.301186e-07,3.716722e-07,3.260297e-07,2.899458e-07,2.604312e-07,6523510.0,7878690.0,9299760.0,10762200.0,12268800.0,13795700.0,15359100.0,5.560841e-05,6.276085e-05,6.855328e-05,7.663891e-05,8.373396e-05,9.010908e-05,9.880665e-05,3.379389,-0.08264825,3.386955,-0.07496515,4517266.666666668,4627083.333333334,4805849.999999999,4948399.999999999,5055833.333333335,5150499.999999999,5211333.333333328,4517266.666666668,5211333.333333328,4908661.11111111,0.6924595297112548,2.3544226957573455,PASS
fs,27.0,3.3,band2,fs_27c_3.30v_band2,3.677065e-07,3.039725e-07,2.571448e-07,2.215405e-07,1.939958e-07,1.720996e-07,1.544097e-07,10878200.0,13159100.0,15555400.0,18055400.0,20619000.0,23242400.0,25905100.0,6.294702e-05,7.142945e-05,7.949266e-05,8.794626e-05,9.692971e-05,0.0001061257,0.0001140277,3.397435,-0.103573,3.421965,-0.1044132,7603000.000000002,7795333.333333334,8160499.999999999,8439333.333333332,8645000.000000002,8810166.666666666,8875666.666666659,7603000.000000002,8875666.666666659,8348277.777777776,0.6989207773344857,2.3813774337666156,PASS
fs,27.0,3.3,band3,fs_27c_3.30v_band3,2.259801e-07,1.862608e-07,1.56955e-07,1.348013e-07,1.178056e-07,1.041052e-07,9.325113e-08,17700700.0,21475300.0,25485000.0,29673300.0,33954200.0,38422700.0,42894900.0,8.070998e-05,9.281786e-05,0.0001044362,0.0001165958,0.0001294853,0.0001422533,0.0001560193,3.420303,-0.1041741,3.439585,-0.1398372,12582000.000000002,12973833.333333334,13663333.333333332,14115333.333333332,14582333.333333336,14901166.666666664,14907333.33333332,12582000.000000002,14907333.33333332,13996777.777777776,0.7108193461275544,2.4233448394696255,PASS
fs,27.0,3.3,band4,fs_27c_3.30v_band4,1.325371e-07,1.087707e-07,9.134336e-08,7.823764e-08,6.810544e-08,6.008825e-08,5.361512e-08,30180200.0,36774600.0,43790800.0,51126300.0,58732500.0,66568800.0,74605800.0,8.958964e-05,0.0001030782,0.0001165385,0.0001313151,0.0001451345,0.0001598868,0.0001751075,3.459077,-0.1572203,3.429191,-0.1380483,21981333.33333334,22684333.333333336,23919499.999999996,24902833.33333333,25737500.000000007,26455499.999999996,26789999.999999978,21981333.33333334,26789999.999999978,24680888.888888884,0.7283362381075453,2.4720114512163605,PASS
fs,27.0,3.3,band5,fs_27c_3.30v_band5,7.988809e-08,6.5242e-08,5.446122e-08,4.641968e-08,4.0213e-08,3.53179e-08,3.136122e-08,50070000.0,61310200.0,73446800.0,86170400.0,99470300.0,113257000.0,127546000.0,0.0001216366,0.0001426364,0.0001635383,0.0001844464,0.0002065293,0.0002289782,0.0002516877,3.340416,-0.1275303,3.431154,-0.1635323,37467333.33333334,38961333.333333336,41433666.666666664,43372499.99999999,45144333.33333334,46792833.33333333,47629999.999999955,37467333.33333334,47629999.999999955,43042222.22222222,0.7482990479994676,2.5473537048132613,PASS
fs,27.0,3.3,band6,fs_27c_3.30v_band6,4.589318e-08,3.720764e-08,3.08854e-08,2.617528e-08,2.258612e-08,1.978463e-08,1.755931e-08,87158900.0,107505000.0,129511000.0,152816000.0,177100000.0,202177000.0,227799000.0,0.0001726694,0.0002025019,0.0002333877,0.0002677925,0.00030069,0.0003340471,0.0003672597,3.330153,-0.07315966,3.34411,-0.1096749,67820333.33333334,70586833.33333334,75518333.33333333,79314999.99999999,82268333.33333336,84498333.33333331,85406666.6666666,67820333.33333334,85406666.6666666,78133388.88888888,0.7781228690739941,2.6136057247165807,PASS
fs,27.0,3.3,band7,fs_27c_3.30v_band7,2.676777e-08,2.157669e-08,1.785748e-08,1.514329e-08,1.310904e-08,1.154468e-08,1.031885e-08,149433000.0,185385000.0,223996000.0,264143000.0,305133000.0,346480000.0,387640000.0,0.0002544249,0.0003036016,0.0003519932,0.0004049654,0.0004538761,0.0005050062,0.0005550438,3.339575,-0.03634817,3.354762,-0.04827632,119840000.00000003,124271666.66666667,131263333.33333331,135228333.3333333,137228333.33333337,137511666.66666666,137199999.99999988,119840000.00000003,137511666.66666666,132337222.22222221,0.8019647601266121,2.5940722598087436,PASS
fs,27.0,3.63,band0,fs_27c_3.63v_band0,1.065455e-06,8.874668e-07,7.558051e-07,6.551136e-07,5.781463e-07,5.158938e-07,4.650913e-07,3754260.0,4507210.0,5292370.0,6105810.0,6918660.0,7753530.0,8600460.0,5.302632e-05,5.753211e-05,6.112259e-05,6.800208e-05,7.414913e-05,7.87297e-05,8.398533e-05,3.689476,-0.07157837,3.711781,-0.05540911,2509833.333333334,2563516.666666667,2664333.333333333,2710483.333333333,2746200.0000000005,2802999.9999999995,2823099.9999999977,2509833.333333334,2823099.9999999977,2692333.333333333,0.6685294394456788,2.2908535903213947,PASS
fs,27.0,3.63,band1,fs_27c_3.63v_band1,6.664887e-07,5.543649e-07,4.715404e-07,4.082948e-07,3.597328e-07,3.210634e-07,2.890945e-07,6001600.0,7215460.0,8482840.0,9796840.0,11119400.0,12458600.0,13836300.0,6.192954e-05,6.848972e-05,7.479812e-05,8.152036e-05,8.944469e-05,9.700901e-05,0.0001040249,3.723368,-0.06694785,3.725117,-0.08945841,4046200.000000001,4135400.0,4302299.999999999,4394266.666666666,4436266.666666668,4528166.666666666,4592333.333333329,4046200.000000001,4592333.333333329,4352611.11111111,0.6741868834977341,2.3054352172753934,PASS
fs,27.0,3.63,band2,fs_27c_3.63v_band2,4.021663e-07,3.341266e-07,2.834303e-07,2.452455e-07,2.15597e-07,1.919925e-07,1.72666e-07,9946130.0,11971500.0,14112800.0,16310200.0,18553100.0,20834200.0,23166100.0,6.950829e-05,7.599893e-05,8.673672e-05,9.477783e-05,0.000103403,0.0001135224,0.0001218719,3.740984,-0.08494611,3.76176,-0.1026271,6751233.333333335,6944450.0,7231166.666666666,7400499.999999999,7540000.000000002,7688333.333333332,7772999.9999999935,6751233.333333335,7772999.9999999935,7344427.777777777,0.6787799207665026,2.3291571696730284,PASS
fs,27.0,3.63,band3,fs_27c_3.63v_band3,2.49551e-07,2.067246e-07,1.75026e-07,1.510038e-07,1.32443e-07,1.175085e-07,1.054227e-07,16028800.0,19349400.0,22853700.0,26489400.0,30201700.0,34040100.0,37942500.0,8.779164e-05,9.9097e-05,0.0001113558,0.0001241415,0.000137848,0.0001502186,0.0001641735,3.740379,-0.1004305,3.77552,-0.1416544,11068666.66666667,11374833.333333334,11899999.999999998,12246666.666666664,12584500.000000004,12901333.333333332,13007999.999999989,11068666.66666667,13007999.999999989,12174277.777777776,0.690548679044387,2.3671453883010583,PASS
fs,27.0,3.63,band4,fs_27c_3.63v_band4,1.471627e-07,1.214844e-07,1.025765e-07,8.821714e-08,7.707158e-08,6.832148e-08,6.106844e-08,27180800.0,32926000.0,38995300.0,45342700.0,51899800.0,58546700.0,65500300.0,9.772963e-05,0.0001101295,0.0001252624,0.0001408709,0.0001551419,0.00016974,0.0001855935,3.755529,-0.1238214,3.768985,-0.13677,19150666.66666667,19690833.333333336,20694499.999999996,21507499.999999996,22006666.66666667,22667499.999999996,23178666.666666646,19150666.66666667,23178666.666666646,21288611.11111111,0.7045659681343696,2.409800300211914,PASS
fs,27.0,3.63,band5,fs_27c_3.63v_band5,8.985694e-08,7.381766e-08,6.198332e-08,5.308209e-08,4.616647e-08,4.066929e-08,3.624158e-08,44515200.0,54187600.0,64533500.0,75355000.0,86643000.0,98354300.0,110370000.0,0.0001307222,0.0001513405,0.0001722529,0.0001950505,0.0002165615,0.0002394806,0.0002632417,3.734354,-0.1193318,3.787269,-0.1855305,32241333.33333334,33363833.333333336,35278999.99999999,36849166.666666664,38332166.66666667,39544999.99999999,40052333.3333333,32241333.33333334,40052333.3333333,36585999.99999999,0.7242769510938587,2.4793778304938536,PASS
fs,27.0,3.63,band6,fs_27c_3.63v_band6,5.212294e-08,4.254003e-08,3.549548e-08,3.020841e-08,2.612941e-08,2.290763e-08,2.033023e-08,76741600.0,94029100.0,112690000.0,132413000.0,153084000.0,174614000.0,196751000.0,0.0001840211,0.0002141223,0.0002459269,0.0002795739,0.0003119115,0.000347776,0.0003817959,3.696891,-0.0957353,3.726454,-0.158997,57625000.000000015,59914000.0,63973166.66666666,67323333.33333333,70335000.00000001,72778333.33333333,73789999.99999994,57625000.000000015,73789999.99999994,66671888.88888888,0.7508965150583258,2.563811544195065,PASS
fs,27.0,3.63,band7,fs_27c_3.63v_band7,3.079078e-08,2.492436e-08,2.064961e-08,1.748183e-08,1.507698e-08,1.321347e-08,1.173883e-08,129909000.0,160486000.0,193708000.0,228809000.0,265305000.0,302721000.0,340749000.0,0.0002682867,0.0003186513,0.0003678813,0.0004201398,0.000472747,0.0005253236,0.0005790084,3.660749,-0.03288449,3.676641,-0.04659297,101923333.33333336,106331666.66666667,113871666.66666666,119328333.33333331,123186666.6666667,125739999.99999999,126759999.99999988,101923333.33333336,126759999.99999988,117133333.33333331,0.7845748434160325,2.6229822414151442,PASS
fs,125.0,2.97,band0,fs_125c_2.97v_band0,8.296133e-07,6.884759e-07,5.834482e-07,5.049003e-07,4.43265e-07,3.943019e-07,3.54284e-07,4821520.0,5809940.0,6855790.0,7922360.0,9023950.0,10144500.0,11290400.0,5.755657e-05,6.246472e-05,6.860045e-05,7.375364e-05,7.954748e-05,8.559824e-05,9.190637e-05,3.034901,-0.07980798,3.045911,-0.07446148,3294733.333333334,3390450.0,3520699.9999999995,3613599.9999999995,3703566.6666666674,3777416.666666666,3819666.6666666633,3294733.333333334,3819666.6666666633,3593822.2222222215,0.6833391406306173,2.341668187625479,PASS
fs,125.0,2.97,band1,fs_125c_2.97v_band1,5.071776e-07,4.202067e-07,3.556152e-07,3.066938e-07,2.687903e-07,2.386283e-07,2.143929e-07,7886780.0,9519130.0,11248100.0,13042300.0,14881500.0,16762500.0,18657300.0,6.700528e-05,7.473618e-05,8.171999e-05,8.993373e-05,9.764271e-05,0.0001059881,0.0001148763,3.055762,-0.08966887,3.067479,-0.09639253,5441166.666666668,5602200.0,5871949.999999999,6055666.666666666,6200333.333333335,6292999.999999999,6315999.999999994,5441166.666666668,6315999.999999994,5983622.222222221,0.6899097815162422,2.36564225197102,PASS
fs,125.0,2.97,band2,fs_125c_2.97v_band2,3.039187e-07,2.509146e-07,2.115876e-07,1.820389e-07,1.590014e-07,1.40549e-07,1.258443e-07,13161400.0,15941700.0,18904700.0,21973300.0,25157000.0,28459800.0,31785300.0,7.494054e-05,8.412105e-05,9.303827e-05,0.0001023154,0.000112864,0.000122404,0.0001321102,3.063675,-0.09293712,3.098749,-0.1240891,9267666.666666668,9572166.666666668,10052666.666666666,10420499.999999998,10810833.333333336,11047166.666666664,11084999.99999999,9267666.666666668,11084999.99999999,10346611.11111111,0.7041550797534204,2.415039433494917,PASS
fs,125.0,2.97,band3,fs_125c_2.97v_band3,1.828444e-07,1.50374e-07,1.263391e-07,1.082327e-07,9.413662e-08,8.305352e-08,7.408179e-08,21876500.0,26600300.0,31660800.0,36957400.0,42491400.0,48161700.0,53994400.0,9.488727e-05,0.0001077085,0.0001209566,0.0001348849,0.0001492542,0.0001640893,0.0001777508,3.066722,-0.1262826,3.120248,-0.1482797,15746000.000000004,16307166.666666668,17261833.333333332,18050999.999999996,18673833.333333336,19171666.666666664,19442333.333333317,15746000.000000004,19442333.333333317,17843277.777777776,0.7197677873517246,2.4681461842616508,PASS
fs,125.0,2.97,band4,fs_125c_2.97v_band4,1.030087e-07,8.432379e-08,7.057563e-08,6.019615e-08,5.22112e-08,4.590528e-08,4.079493e-08,38831700.0,47436200.0,56676800.0,66449400.0,76611900.0,87135900.0,98051400.0,0.000106367,0.0001207471,0.0001364913,0.0001519754,0.0001688891,0.0001853444,0.0002020796,3.054899,-0.09794709,3.075708,-0.1093017,28681666.66666667,29741833.333333336,31688666.66666666,33225166.66666666,34477500.00000001,35732499.99999999,36384999.99999997,28681666.66666667,36384999.99999997,32899833.33333333,0.7386147571872123,2.5250349585519047,PASS
fs,125.0,2.97,band5,fs_125c_2.97v_band5,6.051662e-08,4.922056e-08,4.095325e-08,3.477737e-08,3.006663e-08,2.63775e-08,2.344842e-08,66097500.0,81266900.0,97672300.0,115017000.0,133038000.0,151644000.0,170587000.0,0.0001444523,0.000167948,0.0001910117,0.0002146004,0.0002400526,0.0002649025,0.0002896533,2.993882,-0.03060023,3.004523,-0.07506354,50564666.66666668,52624666.66666667,56250166.66666666,58942833.33333332,61045000.000000015,62581666.66666666,63143333.333333276,50564666.66666668,63143333.333333276,58049722.22222222,0.7650011977255824,2.580838912213019,PASS
fs,125.0,2.97,band6,fs_125c_2.97v_band6,3.441419e-08,2.784873e-08,2.314331e-08,1.9704e-08,1.711456e-08,1.512353e-08,1.355867e-08,116231000.0,143633000.0,172836000.0,203005000.0,233719000.0,264488000.0,295014000.0,0.0002007423,0.0002356743,0.0002699516,0.0003059163,0.0003417808,0.0003778309,0.0004122312,3.001498,-0.03210125,3.015099,-0.04351086,91340000.00000001,94341666.66666667,98953333.33333331,101471666.66666666,102471666.66666669,102158333.33333331,101753333.33333324,91340000.00000001,102471666.66666669,99323888.88888888,0.7858488699228262,2.5381696793454416,PASS
fs,125.0,2.97,band7,fs_125c_2.97v_band7,1.980036e-08,1.616393e-08,1.360395e-08,1.175347e-08,1.037378e-08,9.31683e-09,8.487012e-09,202017000.0,247465000.0,294032000.0,340325000.0,385587000.0,429331000.0,471308000.0,0.0002977365,0.0003490236,0.0004016043,0.0004533282,0.0005053009,0.0005568719,0.0006081943,3.01122,-0.04061969,3.025342,-0.05110994,151493333.33333337,153358333.33333334,154766666.66666666,152591666.66666666,148343333.33333337,142868333.3333333,139923333.3333332,139923333.3333332,154766666.66666666,149606111.11111107,0.749903885976593,2.333011578233515,PASS
fs,125.0,3.3,band0,fs_125c_3.30v_band0,9.173234e-07,7.63848e-07,6.505122e-07,5.637375e-07,4.966601e-07,4.422917e-07,3.984542e-07,4360510.0,5236640.0,6149000.0,7095500.0,8053800.0,9043810.0,10038800.0,6.186949e-05,6.72663e-05,7.249173e-05,7.88068e-05,8.42355e-05,9.075418e-05,9.753535e-05,3.373622,-0.06423442,3.393113,-0.09054911,2920433.333333334,2980816.666666667,3098099.9999999995,3174666.666666666,3247183.333333334,3308333.333333333,3316633.33333333,2920433.333333334,3316633.33333333,3154605.555555555,0.6697458171941663,2.3022077692746947,PASS
fs,125.0,3.3,band1,fs_125c_3.30v_band1,5.652452e-07,4.704013e-07,3.997224e-07,3.461377e-07,3.045397e-07,2.709505e-07,2.435701e-07,7076580.0,8503380.0,10006900.0,11556100.0,13134600.0,14762800.0,16422400.0,7.200275e-05,7.886772e-05,8.735862e-05,9.515742e-05,0.000102956,0.0001101851,0.0001193836,3.398269,-0.07664126,3.416202,-0.1008544,4756000.000000001,4883866.666666667,5087866.666666666,5212833.333333333,5344500.000000001,5479666.666666666,5531999.999999995,4756000.000000001,5531999.999999995,5192122.222222221,0.6720760593393985,2.320669023737455,PASS
fs,125.0,3.3,band2,fs_125c_3.30v_band2,3.411975e-07,2.829813e-07,2.396684e-07,2.069861e-07,1.814744e-07,1.611626e-07,1.445793e-07,11723400.0,14135200.0,16689700.0,19325000.0,22041700.0,24819700.0,27666500.0,7.964196e-05,8.912102e-05,9.879658e-05,0.000108066,0.0001186723,0.0001284672,0.0001394104,3.400729,-0.09872057,3.428288,-0.12438,8039333.333333335,8277166.666666667,8649666.666666666,8919999.999999998,9157833.333333336,9374666.666666666,9489333.333333325,8039333.333333335,9489333.333333325,8857277.777777776,0.6857510051122827,2.359938243171776,PASS
fs,125.0,3.3,band3,fs_125c_3.30v_band3,2.075877e-07,1.716048e-07,1.449168e-07,1.246318e-07,1.089776e-07,9.639277e-08,8.6227e-08,19269000.0,23309400.0,27602000.0,32094500.0,36704800.0,41496900.0,46389200.0,0.0001005792,0.0001139672,0.000127318,0.0001414342,0.0001556451,0.0001702093,0.0001854725,3.416422,-0.1183008,3.452284,-0.1542642,13468000.000000004,13888333.333333334,14641833.333333332,15171333.33333333,15670666.66666667,16140666.666666664,16307666.666666653,13468000.000000004,16307666.666666653,15066777.777777776,0.6989464943691942,2.4074523846592975,PASS
fs,125.0,3.3,band4,fs_125c_3.30v_band4,1.179484e-07,9.720074e-08,8.176595e-08,7.012145e-08,6.106118e-08,5.387296e-08,4.799754e-08,33913100.0,41152000.0,48920100.0,57043900.0,65508100.0,74248800.0,83337600.0,0.0001130979,0.0001279598,0.0001438385,0.0001603997,0.0001765529,0.0001928807,0.0002095136,3.394939,-0.1060518,3.439698,-0.1668188,24129666.66666667,25011666.666666668,26486499.999999996,27646666.666666664,28674833.33333334,29715833.33333333,30295999.999999974,24129666.66666667,30295999.999999974,27458055.555555552,0.7115146261081019,2.4573866735863135,PASS
fs,125.0,3.3,band5,fs_125c_3.30v_band5,7.02951e-08,5.752971e-08,4.81115e-08,4.102538e-08,3.553605e-08,3.119037e-08,2.769573e-08,56903000.0,69529300.0,83140200.0,97500600.0,112562000.0,128245000.0,144427000.0,0.0001519199,0.0001750075,0.0001984349,0.0002238011,0.0002489165,0.0002743497,0.0003000647,3.316312,-0.0850424,3.37631,-0.1006071,42087666.66666668,43728666.66666667,46618833.33333333,49036333.33333333,51240666.66666668,53108333.33333333,53939999.999999955,42087666.66666668,53939999.999999955,48624444.44444444,0.7396388005318996,2.53812628508163,PASS
fs,125.0,3.3,band6,fs_125c_3.30v_band6,4.035007e-08,3.274627e-08,2.719842e-08,2.308058e-08,1.994716e-08,1.751619e-08,1.559196e-08,99132400.0,122151000.0,147067000.0,173306000.0,200530000.0,228360000.0,256543000.0,0.00020995,0.0002460369,0.0002812257,0.0003183787,0.0003546561,0.0003940689,0.0004317552,3.323559,-0.02786321,3.33778,-0.03989346,76728666.66666669,79891000.0,85258333.33333331,89104999.99999999,91756666.66666669,93354999.99999999,93943333.33333325,76728666.66666669,93943333.33333325,87450333.33333331,0.7740019072136525,2.587882468294927,PASS
fs,125.0,3.3,band7,fs_125c_3.30v_band7,2.314324e-08,1.875513e-08,1.562643e-08,1.335185e-08,1.165249e-08,1.035036e-08,9.328274e-09,172837000.0,213275000.0,255977000.0,299584000.0,343274000.0,386460000.0,428804000.0,0.0003100986,0.0003658466,0.0004199202,0.0004768542,0.0005311246,0.0005852908,0.0006412763,3.332786,-0.03699841,3.349188,-0.04951209,134793333.33333337,138566666.6666667,143848333.3333333,145494999.99999997,144793333.33333337,142549999.99999997,141146666.66666654,134793333.33333337,145494999.99999997,142203888.88888887,0.779887022647543,2.4809734026857675,PASS
fs,125.0,3.63,band0,fs_125c_3.63v_band0,9.893942e-07,8.277471e-07,7.06852e-07,6.147902e-07,5.435253e-07,4.848489e-07,4.377076e-07,4042880.0,4832390.0,5658890.0,6506280.0,7359360.0,8249990.0,9138520.0,6.681782e-05,7.31077e-05,7.84748e-05,8.339743e-05,9.044497e-05,9.663902e-05,0.0001027234,3.687952,-0.05537034,3.709613,-0.08268989,2631700.0000000005,2693350.0,2789816.666666666,2834116.666666666,2906183.333333334,2965266.666666666,2961766.666666664,2631700.0000000005,2965266.666666666,2830911.1111111105,0.6509468497704608,2.260398527782175,PASS
fs,125.0,3.63,band1,fs_125c_3.63v_band1,6.15164e-07,5.139033e-07,4.383288e-07,3.809263e-07,3.356406e-07,2.993577e-07,2.70024e-07,6502330.0,7783570.0,9125570.0,10500700.0,11917500.0,13361900.0,14813500.0,7.75303e-05,8.511442e-05,9.344026e-05,0.0001011302,0.0001094331,0.0001176636,0.0001263224,3.717831,-0.07476958,3.728496,-0.130024,4270800.000000001,4372066.666666667,4528549.999999999,4653216.666666666,4768666.666666668,4826666.666666666,4838666.666666662,4270800.000000001,4838666.666666662,4617316.666666666,0.6568107124676849,2.2781833588882754,PASS
fs,125.0,3.63,band2,fs_125c_3.63v_band2,3.728695e-07,3.109578e-07,2.646486e-07,2.292015e-07,2.016577e-07,1.795442e-07,1.613531e-07,10727600.0,12863500.0,15114400.0,17451900.0,19835600.0,22278600.0,24790300.0,8.637154e-05,9.50461e-05,0.0001043073,0.0001147776,0.0001249634,0.0001352036,0.0001461708,3.739202,-0.1028877,3.751353,-0.1211675,7119666.666666668,7311333.333333334,7647333.333333332,7868666.666666665,8044500.000000002,8257833.333333332,8372333.333333326,7119666.666666668,8372333.333333326,7812611.11111111,0.663677492325093,2.3108896677728477,PASS
fs,125.0,3.63,band3,fs_125c_3.63v_band3,2.291996e-07,1.904999e-07,1.615103e-07,1.39593e-07,1.223713e-07,1.086301e-07,9.746568e-08,17452000.0,20997400.0,24766200.0,28654700.0,32687400.0,36822200.0,41040100.0,0.0001080434,0.000121734,0.0001347048,0.0001487144,0.0001636965,0.0001781016,0.0001935917,3.742789,-0.1163463,3.776946,-0.132862,11818000.000000002,12190333.333333334,12762166.666666664,13201999.999999998,13612500.000000004,13921166.666666664,14059666.666666655,11818000.000000002,14059666.666666655,13104499.999999998,0.6771716708686685,2.351598670639468,PASS
fs,125.0,3.63,band4,fs_125c_3.63v_band4,1.310129e-07,1.08535e-07,9.180953e-08,7.90767e-08,6.910748e-08,6.11736e-08,5.472833e-08,30531400.0,36854500.0,43568500.0,50583800.0,57880900.0,65387700.0,73088300.0,0.0001200001,0.0001355083,0.0001526161,0.0001685467,0.0001856928,0.0002020963,0.0002197953,3.743756,-0.1137842,3.807456,-0.1641251,21077000.000000004,21728500.0,22882166.666666664,23853999.999999996,24673166.66666667,25345666.666666664,25668666.666666646,21077000.000000004,25668666.666666646,23642722.22222222,0.6903384712132429,2.3938731928440884,PASS
fs,125.0,3.63,band5,fs_125c_3.63v_band5,7.90515e-08,6.510563e-08,5.475681e-08,4.688858e-08,4.077679e-08,3.591523e-08,3.194407e-08,50599900.0,61438600.0,73050300.0,85308600.0,98095000.0,111373000.0,125219000.0,0.0001613734,0.0001831978,0.0002085067,0.0002330417,0.0002599097,0.0002846262,0.0003108834,3.690404,-0.08396083,3.758993,-0.1680951,36129000.00000001,37417333.333333336,39783333.33333333,41741166.666666664,43440666.66666668,45206666.66666666,46153333.33333329,36129000.00000001,46153333.33333329,41455055.55555555,0.7140132688009266,2.4746886851555043,PASS
fs,125.0,3.63,band6,fs_125c_3.63v_band6,4.584584e-08,3.743034e-08,3.121868e-08,2.654473e-08,2.294926e-08,2.012445e-08,1.78643e-08,87248900.0,106865000.0,128128000.0,150689000.0,174298000.0,198763000.0,223910000.0,0.0002215959,0.0002563973,0.0002939151,0.000331879,0.0003702013,0.0004084744,0.0004468778,3.647631,-0.03679376,3.660045,-0.07733265,65387000.000000015,68131833.33333334,73039999.99999999,76949999.99999999,80123333.33333336,82686666.66666666,83823333.33333325,65387000.000000015,83823333.33333325,75922833.33333333,0.7494306518477598,2.5663360798818093,PASS
fs,125.0,3.63,band7,fs_125c_3.63v_band7,2.654497e-08,2.151712e-08,1.787673e-08,1.519601e-08,1.317222e-08,1.161428e-08,1.038511e-08,150688000.0,185899000.0,223755000.0,263227000.0,303669000.0,344404000.0,385167000.0,0.0003245704,0.0003788706,0.0004372896,0.0004957572,0.0005543469,0.0006127054,0.0006707242,3.655328,-0.03269708,3.671521,-0.04671794,117370000.00000003,121778333.33333334,128879999.99999999,133189999.99999999,135295000.00000003,135829999.99999997,135876666.66666654,117370000.00000003,135876666.66666654,130266111.11111109,0.7788941388829902,2.5560562221278404,PASS
sf,-40.0,2.97,band0,sf_-40c_2.97v_band0,9.453706e-07,7.994814e-07,6.830955e-07,5.935012e-07,5.225612e-07,4.663071e-07,4.203821e-07,4231140.0,5003240.0,5855700.0,6739670.0,7654610.0,8578040.0,9515150.0,3.920749e-05,4.306613e-05,4.70226e-05,5.259784e-05,5.586921e-05,6.068699e-05,6.48712e-05,3.019833,-0.04571239,3.024777,-0.06856687,2573666.6666666674,2707600.0,2894049.9999999995,2998183.333333333,3063950.0000000005,3100899.9999999995,3123699.999999997,2573666.6666666674,3123699.999999997,2935561.1111111105,0.608267905733837,2.248838374527905,PASS
sf,-40.0,2.97,band1,sf_-40c_2.97v_band1,5.838046e-07,4.926475e-07,4.2062e-07,3.64525e-07,3.207376e-07,2.860533e-07,2.567925e-07,6851610.0,8119400.0,9509770.0,10973200.0,12471300.0,13983400.0,15576800.0,4.631001e-05,5.214995e-05,5.765363e-05,6.35934e-05,7.019492e-05,7.593723e-05,8.232151e-05,3.032388,-0.07457736,3.04245,-0.09594068,4225966.666666668,4430266.666666667,4756333.333333333,4935883.333333333,5017000.000000001,5175833.333333333,5311333.333333328,4225966.666666668,5311333.333333328,4847327.777777777,0.6167844735276333,2.273451057488678,PASS
sf,-40.0,2.97,band2,sf_-40c_2.97v_band2,3.449967e-07,2.908757e-07,2.478468e-07,2.145131e-07,1.884873e-07,1.674998e-07,1.505026e-07,11594300.0,13751600.0,16139000.0,18646900.0,21221600.0,23880600.0,26577600.0,5.310221e-05,5.970068e-05,6.66949e-05,7.41777e-05,8.062963e-05,8.83689e-05,9.621e-05,3.049281,-0.08412014,3.071696,-0.09609392,7191000.000000002,7574500.0,8158833.333333332,8470999.999999998,8722833.333333336,8926666.666666666,8989999.999999993,7191000.000000002,8989999.999999993,8324055.555555554,0.6202185556695964,2.2922988019975334,PASS
sf,-40.0,2.97,band3,sf_-40c_2.97v_band3,2.109906e-07,1.773508e-07,1.505846e-07,1.299493e-07,1.138521e-07,1.008121e-07,9.028133e-08,18958200.0,22554200.0,26563100.0,30781200.0,35133300.0,39677800.0,44305900.0,6.878621e-05,7.798694e-05,8.8144e-05,9.86571e-05,0.0001092708,0.0001193364,0.0001318677,3.066428,-0.09934695,3.066268,-0.1150968,11986666.66666667,12674833.333333334,13711666.666666664,14283666.666666664,14827666.66666667,15287666.666666664,15426999.999999987,11986666.66666667,15426999.999999987,14082055.555555554,0.6322681829850234,2.337030941756074,PASS
sf,-40.0,2.97,band4,sf_-40c_2.97v_band4,1.260315e-07,1.054877e-07,8.923924e-08,7.67208e-08,6.688269e-08,5.903643e-08,5.274138e-08,31738100.0,37919100.0,44823300.0,52137100.0,59806200.0,67754800.0,75841800.0,7.490236e-05,8.541499e-05,9.745695e-05,0.0001088784,0.0001209242,0.0001336172,0.0001455432,3.068333,-0.1270164,3.095418,-0.1480401,20603333.33333334,21808666.666666668,23696666.666666664,24971499.999999996,26029500.000000007,26725999.999999996,26956666.66666664,20603333.33333334,26956666.66666664,24502055.555555552,0.6491671944235269,2.389613744994187,PASS
sf,-40.0,2.97,band5,sf_-40c_2.97v_band5,7.537899e-08,6.275771e-08,5.279784e-08,4.514858e-08,3.919006e-08,3.442627e-08,3.059167e-08,53065200.0,63737200.0,75760700.0,88596400.0,102067000.0,116190000.0,130755000.0,0.0001049344,0.0001200553,0.0001366561,0.0001553192,0.0001732223,0.0001924094,0.0002119251,3.025658,-0.09034478,3.066335,-0.119431,35573333.33333334,37825833.333333336,41431999.99999999,43843833.33333333,45989333.33333334,47813333.33333333,48549999.999999955,35573333.33333334,48549999.999999955,43160999.99999999,0.670370286615962,2.464044232378282,PASS
sf,-40.0,2.97,band6,sf_-40c_2.97v_band6,4.246907e-08,3.51397e-08,2.941014e-08,2.504496e-08,2.168589e-08,1.904426e-08,1.694118e-08,94186200.0,113831000.0,136007000.0,159713000.0,184452000.0,210037000.0,236111000.0,0.0001497373,0.0001728397,0.0002002604,0.000227015,0.0002555598,0.0002843326,0.0003129192,3.006383,-0.07092695,3.020433,-0.09524976,65482666.66666668,69701333.33333334,76469999.99999999,80741666.66666666,83873333.33333336,86098333.33333331,86913333.33333325,65482666.66666668,86913333.33333325,78847111.1111111,0.6952469328486198,2.5068534456215454,PASS
sf,-40.0,2.97,band7,sf_-40c_2.97v_band7,2.457481e-08,2.02704e-08,1.696438e-08,1.449214e-08,1.261388e-08,1.115629e-08,1.000245e-08,162768000.0,197332000.0,235788000.0,276012000.0,317111000.0,358542000.0,399902000.0,0.0002240432,0.0002619929,0.0003048197,0.0003469571,0.000390982,0.0004333743,0.0004777646,3.015624,-0.03723891,3.030715,-0.04464113,115213333.33333336,121700000.0,131133333.33333331,135538333.3333333,137550000.00000003,137984999.99999997,137866666.66666654,115213333.33333336,137984999.99999997,131741111.11111109,0.7078377404239983,2.45688341688784,PASS
sf,-40.0,3.3,band0,sf_-40c_3.30v_band0,1.034794e-06,8.778684e-07,7.54188e-07,6.577987e-07,5.818375e-07,5.204094e-07,4.699723e-07,3865510.0,4556490.0,5303720.0,6080890.0,6874770.0,7686260.0,8511140.0,4.370105e-05,4.781527e-05,5.327041e-05,5.654657e-05,6.195839e-05,6.688017e-05,7.081163e-05,3.350884,-0.03845946,3.365568,-0.05593518,2303266.666666667,2397016.666666667,2540666.6666666665,2618416.6666666665,2675616.6666666674,2727283.333333333,2749599.9999999977,2303266.666666667,2749599.9999999977,2580905.555555555,0.5958506553253431,2.201815543097806,PASS
sf,-40.0,3.3,band1,sf_-40c_3.30v_band1,6.454491e-07,5.477855e-07,4.69722e-07,4.091786e-07,3.60927e-07,3.22138e-07,2.90776e-07,6197240.0,7302130.0,8515680.0,9775680.0,11082600.0,12417000.0,13756300.0,5.175866e-05,5.732541e-05,6.327873e-05,6.860271e-05,7.524146e-05,8.188262e-05,8.80278e-05,3.3614,-0.05967197,3.363326,-0.0717035,3682966.6666666674,3864066.666666667,4122583.3333333326,4278199.999999999,4402200.000000001,4456166.666666666,4464333.333333329,3682966.6666666674,4464333.333333329,4199477.777777777,0.5942914372634701,2.2197462096029845,PASS
sf,-40.0,3.3,band2,sf_-40c_3.30v_band2,3.848966e-07,3.261686e-07,2.790132e-07,2.428081e-07,2.140856e-07,1.910582e-07,1.721098e-07,10392400.0,12263600.0,14336200.0,16473900.0,18684100.0,20936000.0,23241000.0,5.945074e-05,6.584857e-05,7.26616e-05,7.997972e-05,8.697817e-05,9.462216e-05,0.000103402,3.375765,-0.08630502,3.396784,-0.117112,6237333.333333335,6573000.0,7017166.666666666,7246499.999999999,7436833.333333335,7594833.333333332,7683333.3333333265,6237333.333333335,7683333.3333333265,7138111.11111111,0.6001821844168176,2.236345791155075,PASS
sf,-40.0,3.3,band3,sf_-40c_3.30v_band3,2.38323e-07,2.01383e-07,1.719931e-07,1.492701e-07,1.31253e-07,1.166994e-07,1.048872e-07,16783900.0,19862700.0,23256800.0,26797100.0,30475500.0,34276100.0,38136200.0,7.473754e-05,8.421218e-05,9.512679e-05,0.0001057024,0.0001163429,0.0001276464,0.0001393009,3.400591,-0.1145287,3.411891,-0.1284417,10262666.66666667,10788166.666666668,11557333.333333332,12031166.666666664,12465000.000000002,12767833.333333332,12866999.999999989,10262666.66666667,12866999.999999989,11862388.888888888,0.6114589974122028,2.2721894196223764,PASS
sf,-40.0,3.3,band4,sf_-40c_3.30v_band4,1.434655e-07,1.207782e-07,1.028701e-07,8.892051e-08,7.793934e-08,6.913902e-08,6.202575e-08,27881300.0,33118600.0,38884000.0,44984000.0,51322000.0,57854500.0,64489300.0,8.264891e-05,9.339665e-05,0.000104803,0.0001171631,0.0001296662,0.0001414317,0.0001561723,3.39932,-0.1090821,3.42017,-0.1461158,17457666.66666667,18337833.333333336,19775666.666666664,20729999.999999996,21450833.33333334,21945499.999999996,22115999.99999998,17457666.66666667,22115999.99999998,20337777.777777776,0.6261424921602174,2.312994731235631,PASS
sf,-40.0,3.3,band5,sf_-40c_3.30v_band5,8.726912e-08,7.311544e-08,6.196753e-08,5.330455e-08,4.64895e-08,4.105716e-08,3.664282e-08,45835200.0,54708000.0,64549900.0,75040500.0,86040900.0,97425200.0,109162000.0,0.0001134973,0.0001287329,0.0001462835,0.0001638878,0.000183383,0.0002019714,0.0002219268,3.400296,-0.1204821,3.413148,-0.1503527,29576000.000000007,31191166.666666668,33887499.99999999,35818333.33333333,37307833.33333334,38535166.666666664,39122666.666666634,29576000.000000007,39122666.666666634,35181555.55555555,0.6452682654379168,2.3816193667748804,PASS
sf,-40.0,3.3,band6,sf_-40c_3.30v_band6,4.988621e-08,4.157838e-08,3.501218e-08,2.994602e-08,2.599105e-08,2.284021e-08,2.028924e-08,80182500.0,96203900.0,114246000.0,133574000.0,153899000.0,175130000.0,197149000.0,0.0001583938,0.0001832554,0.0002100134,0.0002389097,0.0002670364,0.0002966691,0.0003259157,3.329685,-0.07351214,3.349453,-0.1137757,53404666.66666668,56772500.0,62283499.99999999,66088333.33333332,69260000.00000001,72083333.33333333,73396666.6666666,53404666.66666668,73396666.6666666,64981388.88888888,0.6660389320196636,2.458753468649643,PASS
sf,-40.0,3.3,band7,sf_-40c_3.30v_band7,2.933611e-08,2.425642e-08,2.028683e-08,1.726466e-08,1.493995e-08,1.312019e-08,1.166853e-08,136351000.0,164905000.0,197172000.0,231687000.0,267738000.0,304874000.0,342803000.0,0.0002373008,0.0002749738,0.0003169892,0.0003618988,0.0004082325,0.0004523573,0.0004987032,3.33909,-0.05295421,3.354622,-0.06700441,95180000.00000001,101368333.33333334,111303333.33333331,117609999.99999999,121978333.33333336,125108333.33333331,126429999.99999988,95180000.00000001,126429999.99999988,114695555.55555554,0.6980513527586891,2.5141216419388197,PASS
sf,-40.0,3.63,band0,sf_-40c_3.63v_band0,1.103848e-06,9.407953e-07,8.099125e-07,7.086846e-07,6.288366e-07,5.628178e-07,5.101017e-07,3623690.0,4251720.0,4938810.0,5644260.0,6360950.0,7107100.0,7841570.0,5.03915e-05,5.35369e-05,5.751606e-05,6.250396e-05,6.709847e-05,7.3677e-05,7.69941e-05,3.667958,-0.04401046,3.684301,-0.04753454,2093433.3333333337,2191866.666666667,2320899.9999999995,2370233.333333333,2438066.666666667,2467699.9999999995,2448233.333333331,2093433.3333333337,2467699.9999999995,2343266.6666666665,0.5777076221567887,2.163973739475507,PASS
sf,-40.0,3.63,band1,sf_-40c_3.63v_band1,6.950375e-07,5.914741e-07,5.089719e-07,4.45094e-07,3.943039e-07,3.525575e-07,3.191329e-07,5755090.0,6762760.0,7858980.0,8986870.0,10144500.0,11345700.0,12534000.0,5.833667e-05,6.423693e-05,6.963916e-05,7.522144e-05,8.181617e-05,8.808336e-05,9.369222e-05,3.68785,-0.05909869,3.704146,-0.08236678,3358900.000000001,3506483.3333333335,3706849.9999999995,3809199.9999999995,3931383.3333333344,3982499.9999999995,3960999.9999999963,3358900.000000001,3982499.9999999995,3766061.1111111105,0.5836398735727854,2.177898173616746,PASS
sf,-40.0,3.63,band2,sf_-40c_3.63v_band2,4.164191e-07,3.542186e-07,3.046277e-07,2.661263e-07,2.355566e-07,2.107707e-07,1.904632e-07,9605710.0,11292500.0,13130800.0,15030500.0,16981100.0,18978000.0,21001400.0,6.515748e-05,7.297002e-05,7.998144e-05,8.670602e-05,9.505009e-05,0.0001027078,0.0001112555,3.709856,-0.07297205,3.730872,-0.1051795,5622633.333333335,5875150.0,6229999.999999999,6417166.666666666,6579166.666666668,6700499.999999999,6744666.66666666,5622633.333333335,6744666.66666666,6330938.888888888,0.585342815193602,2.186345413301047,PASS
sf,-40.0,3.63,band3,sf_-40c_3.63v_band3,2.608166e-07,2.214096e-07,1.899017e-07,1.654825e-07,1.460482e-07,1.303726e-07,1.175598e-07,15336400.0,18066100.0,21063500.0,24171700.0,27388200.0,30681300.0,34025200.0,8.265936e-05,9.173758e-05,0.0001032412,0.0001142299,0.0001250324,0.0001364224,0.0001493058,3.723795,-0.1093448,3.740746,-0.1109055,9099000.000000002,9545166.666666668,10175999.999999998,10541166.666666664,10849333.333333336,11061666.666666664,11146333.333333323,9099000.000000002,11146333.333333323,10382666.666666666,0.5932943846013408,2.2185910643958167,PASS
sf,-40.0,3.63,band4,sf_-40c_3.63v_band4,1.57628e-07,1.334101e-07,1.141359e-07,9.922654e-08,8.730614e-08,7.776518e-08,6.99034e-08,25376200.0,29982700.0,35046000.0,40311800.0,45815800.0,51436900.0,57221800.0,9.1659e-05,0.0001019464,0.0001144875,0.0001267162,0.0001389671,0.0001527487,0.0001652975,3.734048,-0.1273755,3.75058,-0.1528421,15355000.000000004,16116333.333333334,17215166.666666664,17949666.666666664,18541833.333333336,19009999.999999996,19282999.99999998,15355000.000000004,19282999.99999998,17691999.999999996,0.6050945374011871,2.254939667877775,PASS
sf,-40.0,3.63,band5,sf_-40c_3.63v_band5,9.711976e-08,8.18657e-08,6.974742e-08,6.032788e-08,5.292428e-08,4.68865e-08,4.202958e-08,41186300.0,48860500.0,57349800.0,66304300.0,75579700.0,85312400.0,95171100.0,0.0001216874,0.0001378092,0.0001561004,0.0001751352,0.0001938233,0.0002134871,0.0002337432,3.738484,-0.130449,3.759352,-0.1673174,25580666.66666667,26939166.666666668,29072999.999999996,30383166.66666666,31680166.666666675,32652333.33333333,32862333.333333302,25580666.66666667,32862333.333333302,29991555.555555552,0.6210964972980498,2.3107465346486573,PASS
sf,-40.0,3.63,band6,sf_-40c_3.63v_band6,5.616373e-08,4.71169e-08,3.99304e-08,3.436025e-08,2.996267e-08,2.64403e-08,2.357153e-08,71220300.0,84895200.0,100174000.0,116414000.0,133499000.0,151284000.0,169696000.0,0.0001718133,0.0001957565,0.0002235092,0.0002512538,0.0002814529,0.0003103042,0.0003406559,3.658897,-0.1291072,3.696761,-0.1427214,45583000.00000001,48256166.66666667,52531333.33333333,55541666.66666666,58116666.66666668,60328333.33333332,61373333.333333276,45583000.00000001,61373333.333333276,54708722.22222222,0.6400281942086737,2.382691451734969,PASS
sf,-40.0,3.63,band7,sf_-40c_3.63v_band7,3.359952e-08,2.796846e-08,2.351985e-08,2.008509e-08,1.740213e-08,1.527354e-08,1.355732e-08,119049000.0,143018000.0,170069000.0,199153000.0,229857000.0,261891000.0,295044000.0,0.0002498866,0.0002902042,0.0003331911,0.0003772118,0.0004258972,0.0004715272,0.0005189665,3.663622,-0.09449171,3.677227,-0.109894,79896666.66666669,85033333.33333334,93558333.33333331,99646666.66666666,104563333.33333336,108644999.99999999,110509999.9999999,79896666.66666669,110509999.9999999,97774999.99999999,0.6711242149591067,2.4783408512461254,PASS
sf,27.0,2.97,band0,sf_27c_2.97v_band0,8.913988e-07,7.529514e-07,6.439852e-07,5.59795e-07,4.936001e-07,4.398681e-07,3.959543e-07,4487330.0,5312430.0,6211320.0,7145470.0,8103730.0,9093630.0,10102200.0,4.718697e-05,5.085208e-05,5.64096e-05,6.07466e-05,6.579502e-05,7.084486e-05,7.607161e-05,3.021444,-0.0576658,3.033579,-0.07704966,2750333.333333334,2873316.666666667,3055066.666666666,3154016.666666666,3246933.333333334,3330783.333333333,3361899.999999997,2750333.333333334,3361899.999999997,3119372.2222222215,0.612910869789682,2.2512719144792115,PASS
sf,27.0,2.97,band1,sf_27c_2.97v_band1,5.484088e-07,4.626518e-07,3.948359e-07,3.42733e-07,3.011049e-07,2.683531e-07,2.414085e-07,7293830.0,8645810.0,10130800.0,11670900.0,13284400.0,14905700.0,16569400.0,5.544924e-05,6.17651e-05,6.772002e-05,7.439055e-05,8.137893e-05,8.809288e-05,9.521012e-05,3.042238,-0.06969224,3.058646,-0.08371122,4506600.000000001,4728283.333333334,5041816.666666666,5255999.999999999,5391333.333333335,5474999.999999999,5545666.666666661,4506600.000000001,5545666.666666661,5153094.444444444,0.6178646883735981,2.2717008759458337,PASS
sf,27.0,2.97,band2,sf_27c_2.97v_band2,3.268947e-07,2.749426e-07,2.343007e-07,2.027446e-07,1.780036e-07,1.581644e-07,1.41817e-07,12236400.0,14548500.0,17072100.0,19729300.0,22471400.0,25290100.0,28205400.0,6.215308e-05,6.960153e-05,7.771516e-05,8.531706e-05,9.367779e-05,0.0001027696,0.0001107064,3.048085,-0.09175186,3.075515,-0.1089869,7707000.000000002,8059500.0,8634666.666666666,8998833.333333332,9268000.000000002,9556666.666666666,9717666.666666659,7707000.000000002,9717666.666666659,8871666.666666666,0.6298421104246349,2.3050406982445817,PASS
sf,27.0,2.97,band3,sf_27c_2.97v_band3,1.985977e-07,1.664539e-07,1.413592e-07,1.21981e-07,1.066928e-07,9.453973e-08,8.453818e-08,20141200.0,24030700.0,28296700.0,32792000.0,37490800.0,42310300.0,47315900.0,7.984102e-05,9.033531e-05,0.0001019898,0.0001136845,0.0001250855,0.0001381959,0.0001499056,3.062256,-0.1236631,3.097101,-0.1394277,12965000.000000004,13592500.0,14602166.666666664,15323499.999999998,15863833.333333338,16375166.666666664,16685333.333333319,12965000.000000004,16685333.333333319,15097055.555555554,0.6437054395964492,2.34920958036264,PASS
sf,27.0,2.97,band4,sf_27c_2.97v_band4,1.155394e-07,9.650391e-08,8.156757e-08,7.009436e-08,6.109245e-08,5.38729e-08,4.801776e-08,34620200.0,41449100.0,49039100.0,57065900.0,65474500.0,74248800.0,83302500.0,8.845075e-05,0.0001005612,0.0001134706,0.000126093,0.0001401318,0.0001544083,0.000168618,3.054182,-0.123182,3.119439,-0.16472,22763000.000000004,24031500.0,26027999.999999996,27392333.33333333,28638166.66666667,29713333.33333333,30178999.999999974,22763000.000000004,30178999.999999974,27045722.222222216,0.6575063113442442,2.4061819400234543,PASS
sf,27.0,2.97,band5,sf_27c_2.97v_band5,6.855161e-08,5.689444e-08,4.779918e-08,4.081988e-08,3.5371e-08,3.105182e-08,2.75607e-08,58350200.0,70305600.0,83683400.0,97991500.0,113087000.0,128817000.0,145134000.0,0.0001212501,0.0001395458,0.0001596474,0.0001792283,0.0002013874,0.0002220655,0.0002437861,3.022126,-0.08964111,3.07592,-0.1459767,39851333.33333334,42222000.0,46143166.66666666,49005999.99999999,51375833.33333334,53411666.66666666,54389999.999999955,39851333.33333334,54389999.999999955,48213222.22222222,0.6829682388977817,2.487292245784933,PASS
sf,27.0,2.97,band6,sf_27c_2.97v_band6,3.873389e-08,3.191047e-08,2.667107e-08,2.270607e-08,1.967074e-08,1.72985e-08,1.540972e-08,103269000.0,125351000.0,149975000.0,176164000.0,203348000.0,231234000.0,259576000.0,0.0001726783,0.0002001688,0.0002305777,0.0002607256,0.0002913008,0.000323089,0.000356136,3.005067,-0.05302035,3.019417,-0.04563827,73606666.66666669,77843333.33333334,84688333.33333331,88954999.99999999,91783333.33333336,93713333.33333331,94473333.33333325,73606666.66666669,94473333.33333325,86837222.22222221,0.7127663351699608,2.513590719383358,PASS
sf,27.0,2.97,band7,sf_27c_2.97v_band7,2.218461e-08,1.828169e-08,1.53421e-08,1.315902e-08,1.150919e-08,1.023164e-08,9.22318e-09,180305000.0,218798000.0,260720000.0,303974000.0,347548000.0,390944000.0,433690000.0,0.0002588741,0.0003021272,0.0003477907,0.0003939045,0.0004425871,0.0004891669,0.0005364085,3.015347,-0.03844078,3.03107,-0.04676255,128310000.00000003,134025000.0,141959999.99999997,144713333.3333333,144950000.00000003,143569999.99999997,142486666.66666654,128310000.00000003,144950000.00000003,140769444.44444442,0.7116275200354956,2.4053132192673528,PASS
sf,27.0,3.3,band0,sf_27c_3.30v_band0,9.794366e-07,8.304852e-07,7.128396e-07,6.218202e-07,5.490848e-07,4.913323e-07,4.438669e-07,4083980.0,4816460.0,5611360.0,6432730.0,7284850.0,8141130.0,9011710.0,5.18791e-05,5.528053e-05,6.078688e-05,6.548923e-05,7.055697e-05,7.57835e-05,8.115349e-05,3.357616,-0.05700197,3.35874,-0.07659224,2441600.0000000005,2545633.3333333335,2693783.333333333,2789149.9999999995,2847333.333333334,2878099.9999999995,2901933.3333333307,2441600.0000000005,2901933.3333333307,2737627.7777777775,0.5978481775131124,2.2065999343777394,PASS
sf,27.0,3.3,band1,sf_27c_3.30v_band1,6.08315e-07,5.146456e-07,4.416743e-07,3.843221e-07,3.390502e-07,3.030956e-07,2.729507e-07,6575540.0,7772340.0,9056450.0,10407900.0,11797700.0,13197200.0,14654700.0,5.978985e-05,6.638013e-05,7.243591e-05,8.011344e-05,8.663178e-05,9.320173e-05,0.0001009937,3.367764,-0.07629614,3.38747,-0.1005768,3989333.3333333344,4134850.0,4392599.999999999,4568749.999999999,4648833.333333334,4761666.666666666,4858333.333333329,3989333.3333333344,4858333.333333329,4488422.222222222,0.6066928850456897,2.228668672078643,PASS
sf,27.0,3.3,band2,sf_27c_3.30v_band2,3.649985e-07,3.08499e-07,2.640456e-07,2.296154e-07,2.023187e-07,1.803368e-07,1.623605e-07,10958900.0,12966000.0,15148900.0,17420400.0,19770800.0,22180700.0,24636500.0,6.826819e-05,7.505873e-05,8.38613e-05,9.135808e-05,0.0001001807,0.0001073691,0.0001177985,3.38377,-0.1124047,3.399242,-0.1183534,6690333.333333335,6983333.333333334,7423999.999999999,7703166.666666665,7933833.333333335,8109499.999999999,8185999.999999993,6690333.333333335,8185999.999999993,7598666.666666665,0.6104931456015964,2.2480814680305503,PASS
sf,27.0,3.3,band3,sf_27c_3.30v_band3,2.244083e-07,1.890456e-07,1.613635e-07,1.398019e-07,1.228329e-07,1.0922e-07,9.794493e-08,17824700.0,21158900.0,24788800.0,28611900.0,32564600.0,36623300.0,40839300.0,8.608196e-05,9.654435e-05,0.0001083491,0.0001203043,0.0001327883,0.0001451325,0.0001583852,3.405463,-0.1154007,3.40965,-0.1273433,11114000.000000002,11606833.333333334,12421666.666666664,12959666.666666664,13352333.333333336,13791166.666666664,14053333.33333332,11114000.000000002,14053333.33333332,12785888.888888886,0.6235168053319271,2.2911633856390288,PASS
sf,27.0,3.3,band4,sf_27c_3.30v_band4,1.316152e-07,1.106236e-07,9.403774e-08,8.123318e-08,7.110547e-08,6.301663e-08,5.639052e-08,30391600.0,36158700.0,42536100.0,49241000.0,56254500.0,63475300.0,70933900.0,9.533786e-05,0.0001077412,0.0001208324,0.0001347548,0.0001481903,0.0001623606,0.0001765915,3.422789,-0.1296359,3.440074,-0.1599979,19223666.66666667,20240833.333333336,21803833.33333333,22863999.999999996,23723833.33333334,24465666.666666664,24861999.999999978,19223666.66666667,24861999.999999978,22523499.999999996,0.632532234784173,2.3339968938785716,PASS
sf,27.0,3.3,band5,sf_27c_3.30v_band5,7.934291e-08,6.629938e-08,5.605766e-08,4.817712e-08,4.195132e-08,3.696797e-08,3.291531e-08,50414100.0,60332400.0,71355100.0,83027000.0,95348600.0,108202000.0,121524000.0,0.0001289488,0.000147733,0.0001678722,0.0001892252,0.0002090979,0.0002318651,0.0002534432,3.348862,-0.118347,3.393232,-0.1433885,33061000.000000007,34901666.66666667,37824333.33333333,39989166.666666664,41958333.33333334,43625666.66666666,44406666.66666663,33061000.000000007,44406666.66666663,39505499.99999999,0.6557887575102999,2.4105161056133104,PASS
sf,27.0,3.3,band6,sf_27c_3.30v_band6,4.548519e-08,3.771618e-08,3.166162e-08,2.700954e-08,2.339002e-08,2.053031e-08,1.822794e-08,87940700.0,106055000.0,126336000.0,148096000.0,171013000.0,194834000.0,219443000.0,0.0001820475,0.0002103404,0.0002402849,0.0002710537,0.000304572,0.0003367447,0.0003696868,3.32989,-0.06018174,3.343159,-0.09773458,60381000.000000015,63992166.66666667,70068333.33333333,74461666.66666666,77896666.66666669,80716666.66666666,82029999.99999993,60381000.000000015,82029999.99999993,73056833.33333333,0.6866104090597416,2.4953519815057192,PASS
sf,27.0,3.3,band7,sf_27c_3.30v_band7,2.633016e-08,2.167612e-08,1.811469e-08,1.542868e-08,1.338143e-08,1.178804e-08,1.052516e-08,151917000.0,184535000.0,220815000.0,259258000.0,298922000.0,339327000.0,380042000.0,0.0002706237,0.0003151077,0.0003636322,0.0004124372,0.0004607667,0.0005129588,0.0005623001,3.338407,-0.03428416,3.354774,-0.044871,108726666.66666669,114830000.0,124538333.33333331,130178333.33333331,133448333.33333336,135199999.99999997,135716666.66666654,108726666.66666669,135716666.66666654,126736111.11111109,0.7156978262252854,2.5016423441747797,PASS
sf,27.0,3.63,band0,sf_27c_3.63v_band0,1.049117e-06,8.926931e-07,7.6908e-07,6.72514e-07,5.956672e-07,5.350004e-07,4.838426e-07,3812730.0,4480820.0,5201020.0,5947830.0,6715160.0,7476630.0,8267150.0,5.678236e-05,6.19049e-05,6.624326e-05,7.149723e-05,7.606244e-05,8.186122e-05,8.6901e-05,3.694982,-0.05086453,3.704796,-0.07936017,2226966.666666667,2313816.666666667,2445016.6666666665,2523566.6666666665,2548000.0000000005,2586649.9999999995,2635066.666666664,2226966.666666667,2635066.666666664,2474677.7777777775,0.5840871676375371,2.168301977847894,PASS
sf,27.0,3.63,band1,sf_27c_3.63v_band1,6.569256e-07,5.582718e-07,4.799678e-07,4.195712e-07,3.716621e-07,3.328775e-07,3.010196e-07,6088970.0,7164970.0,8333890.0,9533540.0,10762500.0,12016400.0,13288200.0,6.63434e-05,7.239586e-05,7.88578e-05,8.579536e-05,9.255985e-05,9.878749e-05,0.0001069382,3.691495,-0.06442216,3.70671,-0.08649748,3586666.6666666674,3741533.3333333335,3947616.666666666,4047683.3333333326,4138100.000000001,4209499.999999999,4239333.333333329,3586666.6666666674,4239333.333333329,3999572.2222222215,0.5890432481465121,2.1823395418272713,PASS
sf,27.0,3.63,band2,sf_27c_3.63v_band2,3.963774e-07,3.363932e-07,2.891484e-07,2.522597e-07,2.229638e-07,1.993854e-07,1.799011e-07,10091400.0,11890800.0,13833700.0,15856700.0,17940100.0,20061700.0,22234400.0,7.460024e-05,8.210765e-05,8.917823e-05,9.743969e-05,0.0001053322,0.0001151745,0.0001242044,3.720017,-0.08983302,3.729453,-0.1199289,5998000.000000001,6237166.666666667,6609833.333333332,6843999.999999999,7008333.333333335,7157166.666666666,7242333.3333333265,5998000.000000001,7242333.3333333265,6746111.11111111,0.5943674812216344,2.2033018213528353,PASS
sf,27.0,3.63,band3,sf_27c_3.63v_band3,2.461326e-07,2.083837e-07,1.785177e-07,1.554338e-07,1.370247e-07,1.222616e-07,1.100185e-07,16251400.0,19195400.0,22406700.0,25734400.0,29191800.0,32716700.0,36357500.0,9.345135e-05,0.000103623,0.0001161851,0.0001282039,0.0001397996,0.0001539172,0.0001657568,3.734908,-0.1099847,3.742713,-0.156982,9813333.333333336,10258833.333333334,10898333.333333332,11308499.999999998,11637166.66666667,11942833.333333332,12135999.999999989,9813333.333333336,12135999.999999989,11170055.555555554,0.6038454122926847,2.237191872700198,PASS
sf,27.0,3.63,band4,sf_27c_3.63v_band4,1.451001e-07,1.22489e-07,1.04728e-07,9.085443e-08,7.990694e-08,7.103722e-08,6.377699e-08,27567200.0,32656000.0,38194200.0,44026500.0,50058200.0,56308500.0,62718500.0,0.0001031772,0.0001164857,0.0001292939,0.0001427202,0.0001577251,0.0001713757,0.0001863344,3.731544,-0.1132626,3.775516,-0.1865558,16962666.66666667,17711666.666666668,18950833.333333332,19773333.333333332,20470000.000000004,21100499.999999996,21366666.66666665,16962666.66666667,21366666.66666665,19528499.999999996,0.6153206225756215,2.275113177979628,PASS
sf,27.0,3.63,band5,sf_27c_3.63v_band5,8.859357e-08,7.442622e-08,6.33047e-08,5.465153e-08,4.782252e-08,4.233688e-08,3.783015e-08,45150000.0,53744500.0,63186500.0,73191000.0,83642600.0,94480300.0,105736000.0,0.0001394257,0.0001574681,0.0001776137,0.0001986686,0.0002198768,0.0002414495,0.0002647257,3.710174,-0.1257369,3.741255,-0.160456,28648333.33333334,30060833.333333336,32410833.33333333,34093499.99999999,35482166.66666667,36822333.33333333,37518999.99999997,28648333.33333334,37518999.99999997,33658888.88888888,0.6345145810262091,2.3418826135105206,PASS
sf,27.0,3.63,band6,sf_27c_3.63v_band6,5.135669e-08,4.287344e-08,3.621931e-08,3.107275e-08,2.700646e-08,2.376925e-08,2.112182e-08,77886600.0,93297900.0,110438000.0,128730000.0,148113000.0,168285000.0,189378000.0,0.0001936936,0.0002226011,0.0002512946,0.0002840821,0.0003164115,0.0003499489,0.0003848814,3.653588,-0.09972852,3.665321,-0.1132096,51371000.000000015,54252333.333333336,59053499.99999999,62791666.66666666,65925000.000000015,68774999.99999999,70309999.99999994,51371000.000000015,70309999.99999994,61939666.66666666,0.6595614650016821,2.4314580428469084,PASS
sf,27.0,3.63,band7,sf_27c_3.63v_band7,3.022853e-08,2.500955e-08,2.095537e-08,1.785685e-08,1.545627e-08,1.356532e-08,1.205767e-08,132325000.0,159939000.0,190882000.0,224004000.0,258795000.0,294870000.0,331739000.0,0.0002848936,0.000330344,0.0003763237,0.0004296933,0.0004795819,0.0005316457,0.0005843367,3.661914,-0.03030939,3.677604,-0.04325619,92046666.66666669,97595000.0,106774999.99999999,113188333.33333331,118110000.00000003,121573333.33333331,122896666.66666655,92046666.66666669,122896666.66666655,110785555.55555554,0.6956105548208327,2.507001700358965,PASS
sf,125.0,2.97,band0,sf_125c_2.97v_band0,8.203099e-07,6.962097e-07,5.983505e-07,5.218e-07,4.613349e-07,4.121842e-07,3.715486e-07,4876210.0,5745400.0,6685040.0,7665770.0,8670490.0,9704400.0,10765800.0,6.223683e-05,6.799999e-05,7.215565e-05,7.889009e-05,8.364315e-05,8.989622e-05,9.588124e-05,3.0326,-0.0733386,3.038912,-0.09174731,2897300.0000000005,3014716.666666667,3200616.666666666,3309083.333333333,3397716.6666666674,3492183.333333333,3537999.9999999967,2897300.0000000005,3537999.9999999967,3271994.444444444,0.5941704725596314,2.2078212382157454,PASS
sf,125.0,2.97,band1,sf_125c_2.97v_band1,5.018841e-07,4.250262e-07,3.645371e-07,3.177117e-07,2.800256e-07,2.496529e-07,2.250151e-07,7969970.0,9411180.0,10972800.0,12590000.0,14284400.0,16022200.0,17776600.0,7.290664e-05,7.916446e-05,8.698768e-05,9.436301e-05,0.0001020035,0.0001102161,0.0001179738,3.042876,-0.08152432,3.058167,-0.1047299,4804033.333333334,5004716.666666667,5298033.333333332,5519333.333333332,5720333.333333335,5820333.333333332,5847999.999999994,4804033.333333334,5847999.999999994,5448127.777777777,0.6027668025517453,2.2304475424625188,PASS
sf,125.0,2.97,band2,sf_125c_2.97v_band2,3.008413e-07,2.539285e-07,2.171748e-07,1.885038e-07,1.658551e-07,1.475126e-07,1.324095e-07,13296000.0,15752500.0,18418300.0,21219700.0,24117400.0,27116300.0,30209300.0,8.093775e-05,8.874383e-05,9.81011e-05,0.0001070829,0.0001159821,0.0001258559,0.000135503,3.052111,-0.09803376,3.072219,-0.1214483,8188333.333333335,8537166.666666668,9111999.999999998,9498499.999999998,9827666.66666667,10153166.666666666,10309999.99999999,8188333.333333335,10309999.99999999,9396277.777777776,0.6158493782591257,2.272059265944645,PASS
sf,125.0,2.97,band3,sf_125c_2.97v_band3,1.812533e-07,1.523085e-07,1.297851e-07,1.122902e-07,9.835528e-08,8.722422e-08,7.80061e-08,22068600.0,26262500.0,30820200.0,35622000.0,40668900.0,45858800.0,51278000.0,0.0001017677,0.0001133728,0.000126482,0.0001396401,0.0001535233,0.0001677235,0.0001814442,3.055732,-0.114004,3.079688,-0.1648633,13979666.66666667,14586000.0,15599166.666666664,16414499.999999998,17061333.333333336,17681833.333333332,18063999.999999985,13979666.66666667,18063999.999999985,16227444.444444442,0.6334641375831122,2.32357285917548,PASS
sf,125.0,2.97,band4,sf_125c_2.97v_band4,1.022431e-07,8.559422e-08,7.258843e-08,6.251752e-08,5.454356e-08,4.811243e-08,4.290751e-08,39122400.0,46732100.0,55105200.0,63982100.0,73335900.0,83138600.0,93223800.0,0.0001136029,0.0001276497,0.0001417249,0.0001574276,0.0001731531,0.0001890658,0.00020504,3.004787,-0.1276537,3.054537,-0.1647929,25365666.66666667,26638000.0,28749999.999999996,30384499.999999996,31927500.000000007,33146499.999999996,33617333.333333306,25365666.66666667,33617333.333333306,30056333.33333333,0.6483668350271627,2.3828752837249247,PASS
sf,125.0,2.97,band5,sf_125c_2.97v_band5,5.992597e-08,4.981553e-08,4.196819e-08,3.591343e-08,3.117641e-08,2.742134e-08,2.439604e-08,66749000.0,80296200.0,95310300.0,111379000.0,128302000.0,145872000.0,163961000.0,0.0001535862,0.0001749299,0.0001982861,0.0002214251,0.0002447071,0.000270112,0.0002939666,2.993103,-0.02136579,3.005175,-0.08040835,45157333.33333334,47602166.66666667,51804666.66666666,54986166.66666666,57488333.33333334,59431666.66666666,60296666.66666661,45157333.33333334,60296666.66666661,54006666.66666666,0.6765244922520689,2.4563813690092737,PASS
sf,125.0,2.97,band6,sf_125c_2.97v_band6,3.379568e-08,2.792086e-08,2.344626e-08,2.006371e-08,1.747214e-08,1.544967e-08,1.384441e-08,118358000.0,143262000.0,170603000.0,199365000.0,228936000.0,258905000.0,288925000.0,0.0002149534,0.0002467796,0.0002799389,0.0003154379,0.0003495508,0.0003837738,0.0004209027,3.001111,-0.02904834,3.016006,-0.03933465,83013333.33333336,87075000.0,93504999.99999999,97221666.66666666,99233333.33333336,99981666.66666666,100066666.66666658,83013333.33333336,100066666.66666658,94759444.44444443,0.7013749246635914,2.4411108670305346,PASS
sf,125.0,2.97,band7,sf_125c_2.97v_band7,1.921786e-08,1.597882e-08,1.356091e-08,1.176563e-08,1.040695e-08,9.358867e-09,8.534388e-09,208140000.0,250331000.0,294966000.0,339973000.0,384358000.0,427402000.0,468692000.0,0.000316446,0.0003652241,0.0004177725,0.0004676908,0.0005188186,0.0005699247,0.0006206274,3.011734,-0.03745524,3.027963,-0.04632843,140636666.6666667,144710000.0,149403333.3333333,148986666.66666666,145715000.00000003,140556666.66666666,137633333.33333322,137633333.33333322,149403333.3333333,144751111.1111111,0.675683033855418,2.251811280868646,PASS
sf,125.0,3.3,band0,sf_125c_3.30v_band0,9.007868e-07,7.666801e-07,6.617196e-07,5.788218e-07,5.131438e-07,4.590081e-07,4.160717e-07,4440560.0,5217300.0,6044860.0,6910590.0,7795090.0,8714440.0,9613730.0,6.718652e-05,7.202836e-05,7.708062e-05,8.278984e-05,8.855459e-05,9.423546e-05,0.0001009942,3.357115,-0.06424607,3.366168,-0.07503628,2589133.333333334,2673833.3333333335,2822149.9999999995,2917049.9999999995,3006416.6666666674,3031066.666666666,2997633.3333333307,2589133.333333334,3031066.666666666,2873983.333333333,0.5830645984590533,2.1649814437818655,PASS
sf,125.0,3.3,band1,sf_125c_3.30v_band1,5.563948e-07,4.726097e-07,4.068242e-07,3.554295e-07,3.14454e-07,2.81437e-07,2.540229e-07,7189140.0,8463640.0,9832260.0,11254000.0,12720500.0,14212800.0,15746600.0,7.745407e-05,8.384777e-05,9.227873e-05,9.985869e-05,0.0001071746,0.0001156376,0.0001234909,3.37274,-0.08491127,3.401523,-0.09786134,4248333.333333334,4405200.0,4650599.999999999,4813733.333333333,4931333.333333335,5043499.999999999,5112666.666666662,4248333.333333334,5112666.666666662,4754144.444444444,0.5909376272173492,2.190331527832258,PASS
sf,125.0,3.3,band2,sf_125c_3.30v_band2,3.353795e-07,2.842858e-07,2.440995e-07,2.125872e-07,1.877512e-07,1.675484e-07,1.509233e-07,11926800.0,14070300.0,16386800.0,18815800.0,21304800.0,23873700.0,26503500.0,8.635328e-05,9.396391e-05,0.0001036664,0.0001129236,0.0001218581,0.0001314314,0.0001414492,3.36683,-0.1071222,3.414647,-0.1334608,7145000.000000002,7433333.333333334,7909166.666666665,8196666.666666665,8429833.333333336,8664499.999999998,8765999.999999993,7145000.000000002,8765999.999999993,8098166.666666665,0.5990709997652347,2.2221802998289566,PASS
sf,125.0,3.3,band3,sf_125c_3.30v_band3,2.042125e-07,1.72532e-07,1.475932e-07,1.282096e-07,1.127425e-07,1.003168e-07,9.006226e-08,19587400.0,23184100.0,27101500.0,31198900.0,35479100.0,39873700.0,44413700.0,0.0001072287,0.0001195107,0.000132642,0.0001460477,0.0001599946,0.000173939,0.0001890665,3.402246,-0.1106392,3.437761,-0.1714954,11989000.000000002,12523500.0,13357999.999999998,13962666.666666664,14458000.000000004,14890999.999999998,15133333.333333319,11989000.000000002,15133333.333333319,13792388.888888886,0.6120771516382982,2.2674627566701044,PASS
sf,125.0,3.3,band4,sf_125c_3.30v_band4,1.162013e-07,9.78723e-08,8.344704e-08,7.220882e-08,6.328105e-08,5.612776e-08,5.019999e-08,34423000.0,40869600.0,47934600.0,55394900.0,63210100.0,71266000.0,79681300.0,0.0001200817,0.0001346256,0.0001488758,0.0001640989,0.0001806713,0.00019697,0.0002135171,3.382356,-0.1185206,3.44261,-0.1850793,21488666.66666667,22519333.333333336,24208833.33333333,25459166.666666664,26451833.33333334,27451999.999999996,28050999.999999974,21488666.66666667,28050999.999999974,25143499.999999996,0.624253164066661,2.314769195014961,PASS
sf,125.0,3.3,band5,sf_125c_3.30v_band5,6.918432e-08,5.790691e-08,4.9063e-08,4.21828e-08,3.674458e-08,3.237857e-08,2.883672e-08,57816600.0,69076400.0,81527800.0,94825400.0,108860000.0,123538000.0,138712000.0,0.0001624274,0.0001828929,0.0002058472,0.0002292525,0.000254241,0.0002783414,0.0003036213,3.317581,-0.08869468,3.343732,-0.1310085,37532666.66666667,39518666.66666667,42914999.99999999,45553666.66666666,47854333.33333334,49753333.33333333,50579999.999999955,37532666.66666667,50579999.999999955,44941888.88888888,0.6491676554253739,2.399172555978733,PASS
sf,125.0,3.3,band6,sf_125c_3.30v_band6,3.952323e-08,3.278242e-08,2.756162e-08,2.35597e-08,2.045093e-08,1.799967e-08,1.60374e-08,101206000.0,122017000.0,145129000.0,169781000.0,195590000.0,222226000.0,249417000.0,0.0002245053,0.0002570863,0.0002895744,0.0003276777,0.000362957,0.000399942,0.0004371051,3.325395,-0.02448419,3.339298,-0.03572529,69370000.00000001,73205000.0,79606666.66666666,84101666.66666666,87408333.33333336,89711666.66666666,90636666.66666658,69370000.00000001,90636666.66666658,82339444.44444443,0.6854336699405175,2.4644487480979387,PASS
sf,125.0,3.3,band7,sf_125c_3.30v_band7,2.249161e-08,1.860473e-08,1.566416e-08,1.345696e-08,1.177574e-08,1.047165e-08,9.441806e-09,177844000.0,214999000.0,255360000.0,297244000.0,339681000.0,381984000.0,423648000.0,0.0003313516,0.0003819106,0.0004347635,0.0004894202,0.0005428722,0.0005986478,0.0006512976,3.334741,-0.03305946,3.35197,-0.04424374,123850000.00000003,129193333.33333334,137074999.99999997,140534999.99999997,141233333.33333337,139944999.99999997,138879999.99999988,123850000.00000003,141233333.33333337,136557777.77777776,0.6963968421762895,2.3821326555857945,PASS
sf,125.0,3.63,band0,sf_125c_3.63v_band0,9.649781e-07,8.245072e-07,7.138613e-07,6.258285e-07,5.556389e-07,5.000498e-07,4.525845e-07,4145170.0,4851380.0,5603330.0,6391530.0,7198920.0,7999200.0,8838130.0,7.138766e-05,7.642118e-05,8.168276e-05,8.795929e-05,9.330207e-05,0.0001001036,0.0001067074,3.693604,-0.05688211,3.714288,-0.07048108,2354033.333333334,2430266.666666667,2566916.6666666665,2659316.666666666,2679450.0000000005,2732016.666666666,2796433.3333333307,2354033.333333334,2796433.3333333307,2607199.9999999995,0.5678978988396939,2.1321513954795583,PASS
sf,125.0,3.63,band1,sf_125c_3.63v_band1,6.008366e-07,5.127226e-07,4.428596e-07,3.880995e-07,3.443097e-07,3.08836e-07,2.797427e-07,6657380.0,7801490.0,9032210.0,10306600.0,11617400.0,12951900.0,14298900.0,8.17066e-05,8.941061e-05,9.725194e-05,0.0001058429,0.0001134862,0.0001210324,0.0001287611,3.708061,-0.08307838,3.712494,-0.09588447,3813700.000000001,3958050.0,4175183.3333333326,4308649.999999999,4408833.333333334,4469166.666666666,4489999.999999996,3813700.000000001,4489999.999999996,4245288.888888888,0.5728529842070005,2.147826922903605,PASS
sf,125.0,3.63,band2,sf_125c_3.63v_band2,3.645545e-07,3.101729e-07,2.673142e-07,2.336704e-07,2.069369e-07,1.852199e-07,1.672015e-07,10972300.0,12896000.0,14963700.0,17118100.0,19329600.0,21596000.0,23923200.0,9.159685e-05,9.991623e-05,0.0001093304,0.0001188463,0.0001287321,0.0001383555,0.0001484745,3.723295,-0.09245835,3.738147,-0.1166151,6412333.333333335,6652333.333333334,7036833.333333332,7276499.999999999,7463166.666666668,7655999.999999999,7757333.3333333265,6412333.333333335,7757333.3333333265,7194944.444444443,0.58441104721283,2.180326822999736,PASS
sf,125.0,3.63,band3,sf_125c_3.63v_band3,2.240391e-07,1.900966e-07,1.635005e-07,1.425211e-07,1.257097e-07,1.121953e-07,1.010062e-07,17854000.0,21041900.0,24464800.0,28066000.0,31819300.0,35652100.0,39601500.0,0.0001145902,0.0001272195,0.0001401088,0.0001526974,0.0001673552,0.0001820804,0.0001964185,3.724494,-0.1111755,3.747614,-0.1514718,10626333.333333336,11018000.0,11706833.333333332,12257499.999999998,12643500.000000004,12970333.333333332,13164666.666666655,10626333.333333336,13164666.666666655,12081944.444444442,0.5951794182442778,2.218074381091072,PASS
sf,125.0,3.63,band4,sf_125c_3.63v_band4,1.280826e-07,1.084231e-07,9.294312e-08,8.078613e-08,7.10862e-08,6.328219e-08,5.68092e-08,31229800.0,36892500.0,43037100.0,49513500.0,56269700.0,63208900.0,70411100.0,0.0001265885,0.0001415847,0.0001570103,0.0001732023,0.0001892516,0.0002059844,0.0002229586,3.754269,-0.1518467,3.784418,-0.2003802,18875666.66666667,19678833.333333336,21034999.999999996,22054333.33333333,22825666.66666667,23568999.999999996,24007333.333333313,18875666.66666667,24007333.333333313,21767388.888888884,0.6044120252664658,2.2546125815727285,PASS
sf,125.0,3.63,band5,sf_125c_3.63v_band5,7.727062e-08,6.50506e-08,5.546512e-08,4.792601e-08,4.195639e-08,3.710566e-08,3.313892e-08,51766100.0,61490600.0,72117400.0,83462000.0,95337100.0,107800000.0,120704000.0,0.0001715176,0.0001914224,0.000214641,0.0002396717,0.0002637342,0.0002895691,0.000315216,3.665013,-0.1231133,3.741224,-0.184711,32415000.000000007,33918833.333333336,36618999.99999999,38699499.99999999,40563333.33333334,42278166.66666666,43013333.3333333,32415000.000000007,43013333.3333333,38298833.33333333,0.6261819994166068,2.3317190207491003,PASS
sf,125.0,3.63,band6,sf_125c_3.63v_band6,4.468143e-08,3.72958e-08,3.151556e-08,2.702709e-08,2.349433e-08,2.067421e-08,1.839519e-08,89522600.0,107251000.0,126921000.0,148000000.0,170254000.0,193478000.0,217448000.0,0.0002343028,0.0002671405,0.0003029987,0.0003394808,0.000377131,0.0004152972,0.0004533489,3.650336,-0.02554251,3.662141,-0.07750619,59094666.66666668,62330666.66666667,67914999.99999999,72221666.66666666,75796666.66666669,78656666.66666666,79899999.99999993,59094666.66666668,79899999.99999993,71069666.66666666,0.6601089184928352,2.4289732425108297,PASS
sf,125.0,3.63,band7,sf_125c_3.63v_band7,2.573596e-08,2.131569e-08,1.792497e-08,1.534137e-08,1.335325e-08,1.179744e-08,1.056004e-08,155425000.0,187655000.0,223152000.0,260733000.0,299553000.0,339057000.0,378786000.0,0.0003450335,0.0003949823,0.0004521245,0.0005073492,0.0005651089,0.0006249393,0.0006809953,3.658524,-0.02802863,3.674964,-0.04081979,107433333.33333336,112878333.33333334,121796666.66666664,127334999.99999999,130540000.00000003,132054999.99999999,132429999.99999988,107433333.33333336,132429999.99999988,124089444.44444443,0.6912229907243581,2.437098278912659,PASS
all-slow,-40.0,2.97,band0,all-slow_-40c_2.97v_band0,1.115569e-06,9.410558e-07,8.016828e-07,6.94351e-07,6.103445e-07,5.424429e-07,4.876694e-07,3585620.0,4250540.0,4989500.0,5760780.0,6553680.0,7374050.0,8202280.0,2.82085e-05,3.082678e-05,3.429459e-05,3.773812e-05,4.134213e-05,4.453478e-05,4.850467e-05,3.0163,-0.06665251,3.021036,-0.06230546,2216400.0000000005,2339800.0,2517066.6666666665,2606966.6666666665,2688783.333333334,2747666.666666666,2760766.666666664,2216400.0000000005,2760766.666666664,2564811.1111111105,0.6181357756817512,2.2875485968953764,PASS
all-slow,-40.0,2.97,band1,all-slow_-40c_2.97v_band1,6.823657e-07,5.747012e-07,4.890092e-07,4.225591e-07,3.702326e-07,3.288419e-07,2.950536e-07,5861960.0,6960140.0,8179810.0,9466130.0,10804000.0,12163900.0,13556900.0,3.377124e-05,3.769021e-05,4.213135e-05,4.684001e-05,5.161583e-05,5.732188e-05,6.16489e-05,3.03605,-0.06174053,3.047225,-0.07531935,3660600.000000001,3863083.3333333335,4176649.9999999995,4373649.999999999,4496283.333333334,4588166.666666666,4643333.333333329,3660600.000000001,4643333.333333329,4274966.666666666,0.6244669018553523,2.312690635896526,PASS
all-slow,-40.0,2.97,band2,all-slow_-40c_2.97v_band2,3.99625e-07,3.361065e-07,2.854315e-07,2.460154e-07,2.154993e-07,1.910734e-07,1.708648e-07,10009400.0,11901000.0,14013900.0,16259100.0,18561500.0,20934400.0,23410300.0,3.823702e-05,4.362884e-05,4.897012e-05,5.473782e-05,6.058455e-05,6.653113e-05,7.229413e-05,3.058167,-0.122323,3.062975,-0.1089536,6305333.333333335,6674166.666666667,7263499.999999999,7579333.333333332,7792166.666666669,8081333.333333332,8252999.999999993,6305333.333333335,8252999.999999993,7444944.444444443,0.6299411886160344,2.338831498391512,PASS
all-slow,-40.0,2.97,band3,all-slow_-40c_2.97v_band3,2.41624e-07,2.026084e-07,1.71487e-07,1.475162e-07,1.286744e-07,1.136846e-07,1.016543e-07,16554700.0,19742500.0,23325400.0,27115700.0,31086200.0,35185100.0,39349000.0,5.060289e-05,5.803462e-05,6.583124e-05,7.437692e-05,8.263224e-05,9.110206e-05,9.942804e-05,3.073039,-0.1203565,3.097548,-0.1389755,10626000.000000002,11284500.0,12288666.666666664,12934666.666666664,13449000.000000004,13771333.333333332,13879666.666666655,10626000.000000002,13879666.666666655,12663499.999999998,0.6418720967459394,2.376908068403535,PASS
all-slow,-40.0,2.97,band4,all-slow_-40c_2.97v_band4,1.434458e-07,1.198244e-07,1.010745e-07,8.668062e-08,7.550345e-08,6.661399e-08,5.936267e-08,27885100.0,33382200.0,39574800.0,46146400.0,52977700.0,60047400.0,67382400.0,5.619215e-05,6.420956e-05,7.256368e-05,8.224841e-05,9.176123e-05,0.0001010226,0.0001116777,3.087854,-0.1332932,3.085046,-0.1397552,18323666.66666667,19482833.333333336,21273666.666666664,22338166.666666664,23168333.33333334,24007833.33333333,24449999.999999978,18323666.66666667,24449999.999999978,21942944.44444444,0.6571131775273057,2.4164302799703066,PASS
all-slow,-40.0,2.97,band5,all-slow_-40c_2.97v_band5,8.508208e-08,7.082916e-08,5.956863e-08,5.097772e-08,4.431437e-08,3.907146e-08,3.482079e-08,47013400.0,56473900.0,67149400.0,78465600.0,90264200.0,102377000.0,114874000.0,7.922603e-05,9.138033e-05,0.0001045763,0.0001188852,0.000133416,0.0001476457,0.0001631926,3.014537,-0.1213354,3.077979,-0.1150158,31535000.000000007,33560000.0,36652833.33333333,38524666.666666664,39852333.33333334,41016333.33333333,41656666.66666663,31535000.000000007,41656666.66666663,37700333.33333333,0.6707662070813855,2.4434310217937862,PASS
all-slow,-40.0,2.97,band6,all-slow_-40c_2.97v_band6,4.803655e-08,3.995844e-08,3.363718e-08,2.885076e-08,2.517404e-08,2.228891e-08,1.997909e-08,83269900.0,100104000.0,118916000.0,138645000.0,158894000.0,179461000.0,200209000.0,0.0001140895,0.0001327347,0.0001537431,0.0001750512,0.0001960508,0.0002180851,0.0002401415,3.019719,-0.03758968,3.03193,-0.08295188,56113666.66666668,59410166.66666667,64234999.99999999,66629999.99999999,68026666.66666669,68858333.33333333,69159999.99999994,56113666.66666668,69159999.99999994,64966166.66666666,0.6738769551382514,2.404338182224309,PASS
all-slow,-40.0,2.97,band7,all-slow_-40c_2.97v_band7,2.831117e-08,2.364736e-08,2.002733e-08,1.730334e-08,1.521557e-08,1.358129e-08,1.227404e-08,141287000.0,169152000.0,199727000.0,231169000.0,262889000.0,294523000.0,325891000.0,0.0001739637,0.0002009765,0.0002335729,0.0002654647,0.0002977671,0.0003316932,0.0003641718,3.029285,-0.04101608,3.040029,-0.04945402,92883333.33333336,97400000.0,103361666.66666666,105269999.99999999,105590000.00000003,105003333.33333331,104559999.99999991,92883333.33333336,105590000.00000003,102557777.77777776,0.6574089147149657,2.3065887165839745,PASS
all-slow,-40.0,3.3,band0,all-slow_-40c_3.30v_band0,1.250217e-06,1.060426e-06,9.084174e-07,7.896698e-07,6.971162e-07,6.215699e-07,5.602706e-07,3199440.0,3772070.0,4403260.0,5065410.0,5737920.0,6435320.0,7139410.0,3.117654e-05,3.439169e-05,3.793303e-05,4.128567e-05,4.472507e-05,4.858804e-05,5.236972e-05,3.342004,-0.07855893,3.358009,-0.06719386,1908766.666666667,2006366.6666666667,2155566.6666666665,2224433.333333333,2283183.333333334,2335816.6666666665,2346966.6666666646,1908766.666666667,2346966.6666666646,2188872.222222222,0.5965939872811076,2.231456129822719,PASS
all-slow,-40.0,3.3,band1,all-slow_-40c_3.30v_band1,7.74984e-07,6.562198e-07,5.617876e-07,4.879196e-07,4.297432e-07,3.827678e-07,3.447545e-07,5161400.0,6095520.0,7120130.0,8198070.0,9307890.0,10450200.0,11602500.0,3.769368e-05,4.080129e-05,4.614303e-05,5.091533e-05,5.5853e-05,6.06417e-05,6.555942e-05,3.35318,-0.0560615,3.392794,-0.07064959,3113733.333333334,3264550.0,3504249.9999999995,3646266.666666666,3753550.000000001,3824349.9999999995,3840999.9999999967,3113733.333333334,3840999.9999999967,3578388.8888888885,0.6032730137817905,2.2479366063471153,PASS
all-slow,-40.0,3.3,band2,all-slow_-40c_3.30v_band2,4.592542e-07,3.884622e-07,3.31789e-07,2.878851e-07,2.530622e-07,2.252701e-07,2.026381e-07,8709770.0,10297000.0,12055900.0,13894400.0,15806400.0,17756500.0,19739600.0,4.321711e-05,4.730571e-05,5.293167e-05,5.841652e-05,6.499453e-05,7.091996e-05,7.682386e-05,3.404718,-0.09592551,3.405097,-0.09382814,5290766.666666668,5576883.333333334,5995666.666666666,6250833.333333332,6436833.333333335,6555333.333333332,6610333.333333327,5290766.666666668,6610333.333333327,6127683.333333332,0.607451938072609,2.266374427797749,PASS
all-slow,-40.0,3.3,band3,all-slow_-40c_3.30v_band3,2.822162e-07,2.381084e-07,2.026405e-07,1.753168e-07,1.537312e-07,1.364445e-07,1.224864e-07,14173500.0,16799100.0,19739400.0,22815800.0,26019400.0,29315900.0,32656700.0,5.533546e-05,6.231419e-05,7.039155e-05,7.945523e-05,8.764195e-05,9.6698e-05,0.000105422,3.414519,-0.1219097,3.422391,-0.1233655,8752000.000000002,9276500.0,10027833.333333332,10466666.666666666,10833500.000000002,11062166.666666664,11135999.99999999,8752000.000000002,11135999.99999999,10268444.444444442,0.6174903869898051,2.304067449818323,PASS
all-slow,-40.0,3.3,band4,all-slow_-40c_3.30v_band4,1.692134e-07,1.422844e-07,1.207456e-07,1.040506e-07,9.102841e-08,8.057209e-08,7.200813e-08,23638800.0,28112700.0,33127500.0,38442800.0,43942300.0,49645000.0,55549300.0,6.071771e-05,6.925315e-05,7.822261e-05,8.732837e-05,9.682831e-05,0.0001076264,0.0001178441,3.39885,-0.1246008,3.431573,-0.1318265,14913000.000000004,15814500.0,17216833.333333332,18024666.666666664,18670333.333333336,19344999.999999996,19680999.99999998,14913000.000000004,19680999.99999998,17728055.555555552,0.630869587288695,2.3499204697361966,PASS
all-slow,-40.0,3.3,band5,all-slow_-40c_3.30v_band5,1.020002e-07,8.537435e-08,7.212015e-08,6.190792e-08,5.39082e-08,4.752008e-08,4.234233e-08,39215600.0,46852500.0,55463000.0,64612100.0,74200200.0,84174900.0,94468100.0,8.444255e-05,9.598866e-05,0.0001112631,0.0001251692,0.0001396544,0.0001548832,0.0001702509,3.364333,-0.1308683,3.400544,-0.145301,25456333.33333334,27079000.0,29599333.33333333,31228666.66666666,32604666.666666675,33779833.33333333,34310666.666666634,25456333.33333334,34310666.666666634,30695833.33333333,0.649137928103442,2.408941849672069,PASS
all-slow,-40.0,3.3,band6,all-slow_-40c_3.30v_band6,5.794677e-08,4.827153e-08,4.059991e-08,3.472666e-08,3.015733e-08,2.654869e-08,2.36423e-08,69028900.0,82864600.0,98522400.0,115185000.0,132638000.0,150667000.0,169188000.0,0.0001220443,0.0001398679,0.0001614222,0.0001837872,0.0002065026,0.0002283168,0.0002523921,3.343254,-0.08028691,3.373968,-0.1375958,46119000.00000001,49155833.333333336,53867333.33333333,56859333.33333333,59136666.66666668,60916666.66666666,61736666.66666661,46119000.00000001,61736666.66666661,55643944.44444443,0.6681114721515192,2.450973432866524,PASS
all-slow,-40.0,3.3,band7,all-slow_-40c_3.30v_band7,3.399073e-08,2.820595e-08,2.367496e-08,2.025044e-08,1.7625e-08,1.557797e-08,1.394514e-08,117679000.0,141814000.0,168955000.0,197527000.0,226950000.0,256773000.0,286838000.0,0.0001815818,0.0002114651,0.0002456338,0.0002787018,0.0003139768,0.0003496599,0.0003848607,3.351987,-0.03864187,3.365301,-0.04681848,80450000.00000001,85460000.0,92854999.99999999,96658333.33333331,98743333.33333336,99813333.33333331,100216666.66666658,80450000.00000001,100216666.66666658,93977222.22222221,0.6836393919050979,2.4374612292762516,PASS
all-slow,-40.0,3.63,band0,all-slow_-40c_3.63v_band0,1.35193e-06,1.150634e-06,9.900642e-07,8.643262e-07,7.648996e-07,6.855202e-07,6.191187e-07,2958730.0,3476340.0,4040140.0,4627880.0,5229440.0,5834980.0,6460800.0,3.564214e-05,3.811644e-05,4.236658e-05,4.484135e-05,4.978601e-05,5.238842e-05,5.663054e-05,3.67714,-0.07300447,3.681411,-0.08304575,1725366.666666667,1802350.0,1919233.333333333,1982166.6666666663,2011833.3333333337,2052266.6666666663,2086066.6666666649,1725366.666666667,2086066.6666666649,1945594.4444444443,0.583144344589289,2.183639602126588,PASS
all-slow,-40.0,3.63,band1,all-slow_-40c_3.63v_band1,8.470278e-07,7.208126e-07,6.192015e-07,5.397478e-07,4.766997e-07,4.267694e-07,3.850918e-07,4722400.0,5549290.0,6459930.0,7410870.0,8391030.0,9372740.0,10387100.0,4.169517e-05,4.589687e-05,5.026523e-05,5.489541e-05,5.963885e-05,6.469369e-05,7.004982e-05,3.689591,-0.08904291,3.702788,-0.1103405,2756300.0000000005,2895883.3333333335,3102633.333333333,3218499.9999999995,3269783.333333334,3326783.333333333,3381199.999999997,2756300.0000000005,3381199.999999997,3147055.555555555,0.5836650855497206,2.1995383703201763,PASS
all-slow,-40.0,3.63,band2,all-slow_-40c_3.63v_band2,5.053159e-07,4.299473e-07,3.686795e-07,3.21267e-07,2.83744e-07,2.533137e-07,2.284282e-07,7915840.0,9303470.0,10849500.0,12450700.0,14097200.0,15790700.0,17511000.0,4.67289e-05,5.285187e-05,5.888107e-05,6.346713e-05,7.021097e-05,7.643089e-05,8.322332e-05,3.717961,-0.1028022,3.727495,-0.1096967,4625433.333333334,4889433.333333334,5245383.333333332,5412833.333333332,5566666.666666668,5689666.666666666,5734333.333333328,4625433.333333334,5734333.333333328,5330644.444444444,0.5843262791230411,2.212146784169463,PASS
all-slow,-40.0,3.63,band3,all-slow_-40c_3.63v_band3,3.147544e-07,2.669354e-07,2.284009e-07,1.984939e-07,1.748244e-07,1.558025e-07,1.402664e-07,12708300.0,14984900.0,17513100.0,20151800.0,22880100.0,25673500.0,28517200.0,6.076867e-05,6.801308e-05,7.61897e-05,8.51755e-05,9.420902e-05,0.0001041589,0.0001118591,3.736949,-0.1091751,3.760763,-0.1417303,7588666.666666668,8008000.0,8611499.999999998,8944999.999999998,9202833.333333336,9395166.666666666,9478999.99999999,7588666.666666668,9478999.99999999,8782722.22222222,0.5971425498820981,2.2439822792977817,PASS
all-slow,-40.0,3.63,band4,all-slow_-40c_3.63v_band4,1.899753e-07,1.606091e-07,1.370608e-07,1.188134e-07,1.043817e-07,9.271994e-08,8.317482e-08,21055400.0,24905200.0,29184100.0,33666200.0,38320900.0,43140700.0,48091500.0,6.753084e-05,7.495044e-05,8.468197e-05,9.437483e-05,0.0001040121,0.0001144078,0.000124973,3.77268,-0.1291365,3.789665,-0.1681887,12832666.66666667,13547833.333333334,14601666.666666664,15227999.999999998,15790833.333333338,16284333.33333333,16502666.666666651,12832666.66666667,16502666.666666651,15020055.555555554,0.6094715211616341,2.284045897964418,PASS
all-slow,-40.0,3.63,band5,all-slow_-40c_3.63v_band5,1.162959e-07,9.792848e-08,8.320404e-08,7.179054e-08,6.284064e-08,5.560808e-08,4.974397e-08,34395000.0,40846100.0,48074600.0,55717600.0,63653100.0,71932000.0,80411800.0,9.108324e-05,0.0001042561,0.0001180682,0.0001330281,0.0001479086,0.0001627247,0.0001785754,3.731095,-0.1422415,3.776825,-0.1978375,21503666.66666667,22799333.333333336,24785833.33333333,25964166.666666664,27024000.000000007,27931166.666666664,28265999.999999974,21503666.66666667,28265999.999999974,25564888.888888884,0.6251974608712508,2.337892135484809,PASS
all-slow,-40.0,3.63,band6,all-slow_-40c_3.63v_band6,6.687018e-08,5.603883e-08,4.738698e-08,4.070382e-08,3.543828e-08,3.125306e-08,2.783729e-08,59817400.0,71379100.0,84411400.0,98270900.0,112872000.0,127987000.0,143692000.0,0.0001303265,0.0001496618,0.0001706533,0.0001935881,0.0002168889,0.0002391606,0.0002628066,3.664925,-0.1117874,3.706054,-0.1337223,38539000.00000001,40990000.0,44819666.66666666,47434333.33333333,49526833.33333334,51366666.66666666,52349999.999999955,38539000.00000001,52349999.999999955,46596999.99999999,0.6442774176075858,2.4021772928947094,PASS
all-slow,-40.0,3.63,band7,all-slow_-40c_3.63v_band7,3.977515e-08,3.311737e-08,2.783464e-08,2.37774e-08,2.062701e-08,1.813965e-08,1.614745e-08,100565000.0,120783000.0,143706000.0,168227000.0,193921000.0,220511000.0,247717000.0,0.0001934686,0.0002220202,0.0002567956,0.0002925554,0.0003289931,0.0003638471,0.0004026012,3.674236,-0.04405097,3.688673,-0.07567279,67393333.33333334,71901666.66666667,79073333.33333333,83691666.66666666,87140000.00000001,89659999.99999999,90686666.66666658,67393333.33333334,90686666.66666658,81751111.1111111,0.6701470027676959,2.4632526226818476,PASS
all-slow,27.0,2.97,band0,all-slow_27c_2.97v_band0,1.065955e-06,8.96419e-07,7.634731e-07,6.616987e-07,5.811996e-07,5.17178e-07,4.644828e-07,3752500.0,4462200.0,5239220.0,6045050.0,6882320.0,7734280.0,8611730.0,3.326996e-05,3.67633e-05,4.024837e-05,4.398321e-05,4.768971e-05,5.193018e-05,5.560347e-05,3.028417,-0.07978231,3.063526,-0.07523999,2365666.666666667,2477866.666666667,2638083.333333333,2738499.9999999995,2815383.333333334,2882349.9999999995,2924833.3333333307,2365666.666666667,2924833.3333333307,2699572.222222222,0.6304241616699978,2.2949313790806127,PASS
all-slow,27.0,2.97,band1,all-slow_27c_2.97v_band1,6.507937e-07,5.463942e-07,4.646044e-07,4.015909e-07,3.523242e-07,3.125223e-07,2.80367e-07,6146340.0,7320720.0,8609480.0,9960390.0,11353200.0,12799100.0,14267000.0,3.981604e-05,4.430389e-05,4.867802e-05,5.46412e-05,6.013678e-05,6.562002e-05,7.112213e-05,3.052465,-0.09167755,3.065137,-0.1094512,3914600.000000001,4105233.3333333335,4399449.999999999,4572866.666666666,4731183.333333334,4856333.333333333,4892999.999999995,3914600.000000001,4892999.999999995,4511477.777777777,0.6368993579919108,2.3212188066393984,PASS
all-slow,27.0,2.97,band2,all-slow_27c_2.97v_band2,3.850834e-07,3.226245e-07,2.735411e-07,2.357629e-07,2.062307e-07,1.826662e-07,1.63344e-07,10387400.0,12398300.0,14623000.0,16966200.0,19395800.0,21897900.0,24488200.0,4.519935e-05,5.053318e-05,5.692629e-05,6.291808e-05,6.933038e-05,7.624768e-05,8.285483e-05,3.074251,-0.1055026,3.082252,-0.1391563,6703000.000000002,7059333.333333334,7613166.666666665,7954666.666666665,8219500.000000002,8487333.333333332,8634333.333333327,6703000.000000002,8634333.333333327,7833777.777777777,0.6453010377957913,2.3574908061690123,PASS
all-slow,27.0,2.97,band3,all-slow_27c_2.97v_band3,2.317337e-07,1.934555e-07,1.635121e-07,1.404206e-07,1.223935e-07,1.079685e-07,9.634451e-08,17261200.0,20676600.0,24463000.0,28485800.0,32681500.0,37047800.0,41517700.0,5.886166e-05,6.641224e-05,7.592659e-05,8.469662e-05,9.410132e-05,0.0001043402,0.0001139578,3.063147,-0.1285517,3.087811,-0.1344062,11384666.66666667,12003000.0,13015333.333333332,13697499.999999998,14270000.000000004,14726999.999999998,14899666.666666653,11384666.66666667,14899666.666666653,13475833.333333332,0.6595524451756929,2.405261511366533,PASS
all-slow,27.0,2.97,band4,all-slow_27c_2.97v_band4,1.339994e-07,1.114005e-07,9.37981e-08,8.02891e-08,6.981364e-08,6.146287e-08,5.468746e-08,29850900.0,35906500.0,42644800.0,49820000.0,57295400.0,65079900.0,73142900.0,6.544159e-05,7.459383e-05,8.497357e-05,9.513245e-05,0.0001059883,0.0001170487,0.0001287487,3.047855,-0.1094821,3.085199,-0.1308354,20185333.33333334,21323166.666666668,23189166.666666664,24417666.666666664,25433166.66666667,26412499.999999996,26876666.66666664,20185333.33333334,26876666.66666664,24051111.11111111,0.6762051842099682,2.450274531086165,PASS
all-slow,27.0,2.97,band5,all-slow_27c_2.97v_band5,7.886257e-08,6.527167e-08,5.474057e-08,4.67188e-08,4.053216e-08,3.567806e-08,3.177578e-08,50721100.0,61282300.0,73072000.0,85618600.0,98687100.0,112114000.0,125882000.0,9.184196e-05,0.000105745,0.0001208157,0.0001370117,0.0001534036,0.0001700735,0.0001876303,3.01078,-0.07068673,3.043686,-0.1323734,35204000.00000001,37251500.0,40560499.99999999,42691833.33333333,44159000.00000001,45324833.33333333,45893333.33333329,35204000.00000001,45893333.33333329,41756055.55555555,0.6940701207189909,2.481846805372912,PASS
all-slow,27.0,2.97,band6,all-slow_27c_2.97v_band6,4.465062e-08,3.690513e-08,3.098328e-08,2.654288e-08,2.314913e-08,2.05013e-08,1.839845e-08,89584400.0,108386000.0,129102000.0,150700000.0,172793000.0,195110000.0,217410000.0,0.0001309365,0.0001519905,0.0001755323,0.000198808,0.0002228843,0.0002473979,0.0002718806,3.019177,-0.03677935,3.031092,-0.04554305,62672000.000000015,65862666.66666667,70523333.33333333,72818333.33333333,74016666.66666669,74361666.66666666,74333333.33333327,62672000.000000015,74361666.66666666,71014222.22222221,0.6995860886493632,2.426873428855917,PASS
all-slow,27.0,2.97,band7,all-slow_27c_2.97v_band7,2.606953e-08,2.170734e-08,1.840312e-08,1.593754e-08,1.406064e-08,1.259849e-08,1.143549e-08,153436000.0,184269000.0,217354000.0,250980000.0,284482000.0,317498000.0,349788000.0,0.0001970385,0.0002289972,0.0002648378,0.0003007024,0.0003362895,0.0003733855,0.0004094302,3.028132,-0.04357668,3.040108,-0.05244384,102776666.66666669,106530000.0,111184999.99999999,111879999.99999999,110863333.33333336,108843333.33333331,107633333.33333324,102776666.66666669,111879999.99999999,109084444.44444443,0.6698341110734553,2.2796996793451343,PASS
all-slow,27.0,3.3,band0,all-slow_27c_3.30v_band0,1.191844e-06,1.006367e-06,8.616164e-07,7.486011e-07,6.603976e-07,5.893314e-07,5.309651e-07,3356150.0,3974690.0,4642440.0,5343300.0,6056960.0,6787350.0,7533450.0,3.615264e-05,4.008239e-05,4.318822e-05,4.77371e-05,5.171258e-05,5.573195e-05,5.921309e-05,3.360398,-0.07911892,3.383147,-0.06990843,2061800.0000000005,2143816.666666667,2281016.6666666665,2357533.333333333,2406750.0000000005,2460816.6666666665,2486999.9999999977,2061800.0000000005,2486999.9999999977,2320722.222222222,0.6143348777617211,2.2446702322601793,PASS
all-slow,27.0,3.3,band1,all-slow_27c_3.30v_band1,7.358082e-07,6.20902e-07,5.303093e-07,4.604692e-07,4.055077e-07,3.608863e-07,3.247519e-07,5436200.0,6442240.0,7542770.0,8686790.0,9864180.0,11083800.0,12317100.0,4.299537e-05,4.818819e-05,5.381682e-05,5.849338e-05,6.379801e-05,6.933397e-05,7.504427e-05,3.367228,-0.07959877,3.391106,-0.09714914,3353466.6666666674,3510950.0,3740916.666666666,3869016.666666666,3995016.6666666674,4088199.9999999995,4110999.9999999963,3353466.6666666674,4110999.9999999963,3822722.2222222215,0.61687698514894,2.2657554909679556,PASS
all-slow,27.0,3.3,band2,all-slow_27c_3.30v_band2,4.3938e-07,3.701982e-07,3.158154e-07,2.737151e-07,2.40519e-07,2.136087e-07,1.919307e-07,9103740.0,10805000.0,12665600.0,14613700.0,16630700.0,18725800.0,20840900.0,4.957084e-05,5.44135e-05,6.012099e-05,6.71177e-05,7.396269e-05,8.14839e-05,8.762283e-05,3.395647,-0.08827117,3.414212,-0.1117619,5670866.666666668,5936433.333333334,6347833.333333332,6608499.999999999,6853500.000000002,7016999.999999999,7050333.333333327,5670866.666666668,7050333.333333327,6520644.444444443,0.6229161494799574,2.289267927247483,PASS
all-slow,27.0,3.3,band3,all-slow_27c_3.30v_band3,2.684574e-07,2.255401e-07,1.917329e-07,1.654819e-07,1.450362e-07,1.285655e-07,1.151686e-07,14899900.0,17735200.0,20862400.0,24171800.0,27579300.0,31112600.0,34731700.0,6.288484e-05,7.120527e-05,8.024364e-05,8.989388e-05,9.978381e-05,0.0001090499,0.0001193821,3.409291,-0.1187882,3.426619,-0.1387493,9451000.000000002,9937500.0,10727666.666666664,11194833.333333332,11568000.000000002,11920666.666666664,12063666.666666657,9451000.000000002,12063666.666666657,11017666.666666664,0.6342995590574435,2.3310022214914192,PASS
all-slow,27.0,3.3,band4,all-slow_27c_3.30v_band4,1.569782e-07,1.313672e-07,1.112978e-07,9.577241e-08,8.363332e-08,7.38887e-08,6.596276e-08,25481300.0,30449000.0,35939600.0,41765700.0,47827800.0,54135500.0,60640300.0,7.070003e-05,7.923397e-05,8.931122e-05,0.0001006237,0.0001116351,0.0001230424,0.0001343996,3.398594,-0.1127905,3.46441,-0.1790206,16559000.000000004,17430500.0,18861166.666666664,19813666.666666664,20616333.33333334,21354166.666666664,21682666.666666646,16559000.000000004,21682666.666666646,19532777.777777776,0.6498491050299633,2.379796164245937,PASS
all-slow,27.0,3.3,band5,all-slow_27c_3.30v_band5,9.393903e-08,7.824326e-08,6.592262e-08,5.646496e-08,4.906645e-08,4.315468e-08,3.84024e-08,42580800.0,51122600.0,60677200.0,70840400.0,81522100.0,92689800.0,104160000.0,9.673577e-05,0.0001111603,0.0001263508,0.0001430603,0.0001600497,0.0001770793,0.0001942081,3.331841,-0.1176028,3.379944,-0.1138004,28472666.66666667,30160666.666666668,32862999.999999996,34741499.99999999,36415666.66666667,37729833.33333333,38233999.99999996,28472666.66666667,38233999.99999996,34210666.666666664,0.6686738310850588,2.446172923007553,PASS
all-slow,27.0,3.3,band6,all-slow_27c_3.30v_band6,5.363819e-08,4.43915e-08,3.720741e-08,3.173399e-08,2.751269e-08,2.419642e-08,2.154805e-08,74573700.0,90107300.0,107505000.0,126048000.0,145387000.0,165314000.0,185632000.0,0.0001384493,0.0001598801,0.0001828557,0.0002078346,0.0002324698,0.0002587103,0.0002842257,3.340497,-0.05468612,3.354367,-0.08226652,51778666.66666668,54885500.0,59901166.66666666,63136666.66666666,65443333.33333335,67074999.99999999,67726666.66666661,51778666.66666668,67726666.66666661,61699055.555555545,0.6943287870478021,2.489242185918092,PASS
all-slow,27.0,3.3,band7,all-slow_27c_3.30v_band7,3.108661e-08,2.566467e-08,2.152549e-08,1.842772e-08,1.607031e-08,1.424009e-08,1.278811e-08,128673000.0,155856000.0,185826000.0,217064000.0,248906000.0,280897000.0,312790000.0,0.0002055343,0.0002397618,0.0002775352,0.0003162707,0.0003553695,0.0003944755,0.0004328176,3.35053,-0.04110154,3.365661,-0.05099534,90610000.00000001,95255000.0,102013333.33333331,105133333.33333331,106388333.33333336,106473333.33333331,106309999.99999991,90610000.00000001,106473333.33333331,102287222.22222221,0.704188135817149,2.4308907074522237,PASS
all-slow,27.0,3.63,band0,all-slow_27c_3.63v_band0,1.292982e-06,1.09639e-06,9.418619e-07,8.216085e-07,7.264533e-07,6.49447e-07,5.871088e-07,3093620.0,3648340.0,4246910.0,4868500.0,5506200.0,6159090.0,6813050.0,3.998553e-05,4.342331e-05,4.771758e-05,5.218792e-05,5.593901e-05,5.992092e-05,6.387527e-05,3.692199,-0.06133484,3.701593,-0.06477652,1849066.666666667,1922150.0,2033599.9999999998,2098816.6666666665,2150983.333333334,2178083.333333333,2179866.6666666646,1849066.666666667,2179866.6666666646,2066349.9999999998,0.597703230088591,2.202290520490558,PASS
all-slow,27.0,3.63,band1,all-slow_27c_3.63v_band1,8.054605e-07,6.831611e-07,5.857962e-07,5.101693e-07,4.507457e-07,4.026785e-07,3.634036e-07,4966100.0,5855130.0,6828310.0,7840530.0,8874180.0,9933480.0,11007000.0,4.805778e-05,5.213616e-05,5.66339e-05,6.324221e-05,6.873394e-05,7.414006e-05,7.919367e-05,3.714451,-0.08425095,3.719189,-0.09050053,2963433.333333334,3103683.3333333335,3308999.9999999995,3409783.333333333,3488250.000000001,3554699.9999999995,3578399.9999999967,2963433.333333334,3578399.9999999967,3356055.555555555,0.5967325131055222,2.216427377620265,PASS
all-slow,27.0,3.63,band2,all-slow_27c_3.63v_band2,4.848174e-07,4.102823e-07,3.512608e-07,3.057975e-07,2.693551e-07,2.403185e-07,2.165953e-07,8250530.0,9749390.0,11387600.0,13080500.0,14850300.0,16644600.0,18467600.0,5.367251e-05,5.975707e-05,6.553745e-05,7.26434e-05,7.885662e-05,8.60065e-05,9.309849e-05,3.723081,-0.09347897,3.759583,-0.1087791,4996200.000000001,5228450.0,5551849.999999999,5771166.666666666,5940166.666666668,6028833.333333332,6076666.666666661,4996200.000000001,6076666.666666661,5676149.999999999,0.6055610972870835,2.23835317246286,PASS
all-slow,27.0,3.63,band3,all-slow_27c_3.63v_band3,2.995926e-07,2.529094e-07,2.16082e-07,1.873653e-07,1.648009e-07,1.466144e-07,1.316224e-07,13351500.0,15815900.0,18511500.0,21348700.0,24271700.0,27282500.0,30390000.0,6.869061e-05,7.692417e-05,8.600153e-05,9.517855e-05,0.00010526,0.0001157591,0.0001258956,3.743049,-0.1143387,3.757422,-0.1419282,8214666.666666669,8600000.0,9221333.333333332,9600333.333333332,9889666.66666667,10197166.666666666,10358333.333333325,8214666.666666669,10358333.333333325,9465833.333333332,0.6152617059256764,2.2761487473317605,PASS
all-slow,27.0,3.63,band4,all-slow_27c_3.63v_band4,1.762951e-07,1.484081e-07,1.264343e-07,1.093324e-07,9.585441e-08,8.511837e-08,7.618747e-08,22689200.0,26952700.0,31637000.0,36585700.0,41730000.0,46993400.0,52502100.0,7.602211e-05,8.610775e-05,9.641046e-05,0.0001066236,0.0001185398,0.0001296516,0.0001413746,3.744379,-0.1101154,3.79915,-0.1865445,14211666.66666667,14913000.0,16054999.999999998,16821666.666666664,17346166.66666667,17953499.999999996,18362333.333333317,14211666.66666667,18362333.333333317,16562722.22222222,0.626362615987636,2.313968760467535,PASS
all-slow,27.0,3.63,band5,all-slow_27c_3.63v_band5,1.0708e-07,8.971463e-08,7.604246e-08,6.546757e-08,5.714692e-08,5.046465e-08,4.503731e-08,37355300.0,44585800.0,52602200.0,61099000.0,69995000.0,79263400.0,88815200.0,0.0001042654,0.0001178096,0.0001334258,0.0001505738,0.000167924,0.0001848914,0.0002028721,3.710371,-0.110418,3.752838,-0.138569,24101666.66666667,25411500.0,27521999.999999996,28987999.999999996,30274000.000000007,31366999.999999996,31839333.333333306,24101666.66666667,31839333.333333306,28588833.33333333,0.6452007256444647,2.377579620562544,PASS
all-slow,27.0,3.63,band6,all-slow_27c_3.63v_band6,6.187309e-08,5.152087e-08,4.33914e-08,3.713437e-08,3.223583e-08,2.834706e-08,2.519511e-08,64648500.0,77638400.0,92184200.0,107717000.0,124086000.0,141108000.0,158761000.0,0.0001462145,0.0001682782,0.0001916312,0.0002170936,0.0002417687,0.0002692316,0.0002959201,3.663251,-0.08598019,3.675951,-0.1068095,43299666.66666668,45892833.333333336,50130999.99999999,53169666.66666666,55651666.66666668,57791666.66666666,58843333.33333328,43299666.66666668,58843333.33333328,52284722.22222222,0.6697706314402759,2.455756900778827,PASS
all-slow,27.0,3.63,band7,all-slow_27c_3.63v_band7,3.630141e-08,3.001117e-08,2.513251e-08,2.142762e-08,1.857801e-08,1.634897e-08,1.457668e-08,110189000.0,133284000.0,159156000.0,186675000.0,215308000.0,244664000.0,274411000.0,0.0002171508,0.0002517428,0.000290126,0.0003302582,0.0003687708,0.0004092722,0.0004519447,3.672287,-0.03752474,3.688502,-0.04877967,76983333.33333334,81611666.66666667,88984999.99999999,93586666.66666666,96648333.33333336,98504999.99999999,99156666.66666658,76983333.33333334,99156666.66666658,91234444.44444443,0.6986480804194007,2.490366552015174,PASS
all-slow,125.0,2.97,band0,all-slow_125c_2.97v_band0,1.00174e-06,8.437709e-07,7.207991e-07,6.256421e-07,5.504918e-07,4.902026e-07,4.408493e-07,3993050.0,4740620.0,5549400.0,6393430.0,7266230.0,8159890.0,9073400.0,4.276296e-05,4.706657e-05,5.071983e-05,5.542729e-05,5.998448e-05,6.493872e-05,6.902818e-05,3.031808,-0.06793651,3.051486,-0.1013486,2491900.0000000005,2593916.666666667,2754683.333333333,2861383.333333333,2944100.0000000005,3011949.9999999995,3045033.3333333307,2491900.0000000005,3045033.3333333307,2822416.666666666,0.6240593030390305,2.2722981179799904,PASS
all-slow,125.0,2.97,band1,all-slow_125c_2.97v_band1,6.095723e-07,5.12751e-07,4.371467e-07,3.78627e-07,3.326656e-07,2.954704e-07,2.651159e-07,6561980.0,7801060.0,9150250.0,10564500.0,12024100.0,13537700.0,15087700.0,5.083276e-05,5.596104e-05,6.138748e-05,6.7818e-05,7.380036e-05,7.980422e-05,8.670302e-05,3.054381,-0.08034741,3.063139,-0.1029869,4130266.6666666674,4313783.333333334,4605733.333333333,4789749.999999999,4955333.333333335,5105999.999999999,5166666.666666662,4130266.6666666674,5166666.666666662,4736511.11111111,0.6294238426003534,2.2992602842434753,PASS
all-slow,125.0,2.97,band2,all-slow_125c_2.97v_band2,3.640372e-07,3.051048e-07,2.593295e-07,2.238352e-07,1.958168e-07,1.733933e-07,1.553014e-07,10987900.0,13110200.0,15424400.0,17870300.0,20427300.0,23068900.0,25756400.0,5.704135e-05,6.320233e-05,6.944093e-05,7.735203e-05,8.456841e-05,9.255061e-05,9.992243e-05,3.074722,-0.09175543,3.090303,-0.1319939,7074333.333333335,7394166.666666667,7933499.999999999,8338166.666666665,8664333.333333336,8881833.333333332,8958333.333333325,7074333.333333335,8958333.333333325,8204722.222222221,0.6438294244881492,2.3440693854148655,PASS
all-slow,125.0,2.97,band3,all-slow_125c_2.97v_band3,2.178613e-07,1.818623e-07,1.539661e-07,1.323213e-07,1.153935e-07,1.019097e-07,9.081837e-08,18360300.0,21994700.0,25979700.0,30229500.0,34664000.0,39250400.0,44044000.0,7.274421e-05,8.199966e-05,9.205091e-05,0.0001026665,0.0001133373,0.0001243714,0.0001356328,3.065501,-0.1172241,3.087129,-0.1263551,12114666.66666667,12699000.0,13724666.666666664,14473833.333333332,15034833.333333336,15633333.33333333,15978666.666666653,12114666.66666667,15978666.666666653,14268722.22222222,0.6598294508622773,2.3988714781348888,PASS
all-slow,125.0,2.97,band4,all-slow_125c_2.97v_band4,1.223388e-07,1.01673e-07,8.567937e-08,7.336946e-08,6.374931e-08,5.609721e-08,4.992164e-08,32696100.0,39341800.0,46685700.0,54518600.0,62745800.0,71304800.0,80125600.0,8.158255e-05,9.229467e-05,0.000104276,0.0001159978,0.0001283866,0.0001409392,0.0001542796,3.019764,-0.09172151,3.042933,-0.1040613,22152333.33333334,23316000.0,25294666.666666664,26766833.33333333,27977000.000000007,28966333.33333333,29402666.66666664,22152333.33333334,29402666.66666664,26349722.22222222,0.6775221917394839,2.4506164343759655,PASS
all-slow,125.0,2.97,band5,all-slow_125c_2.97v_band5,7.132317e-08,5.894499e-08,4.944171e-08,4.221856e-08,3.664581e-08,3.227609e-08,2.877401e-08,56082800.0,67859900.0,80903400.0,94745100.0,109153000.0,123931000.0,139014000.0,0.0001130473,0.0001293439,0.0001471107,0.000165486,0.0001840521,0.0002030843,0.0002229604,3.003335,-0.04696673,3.016273,-0.07086795,39257000.00000001,41367666.66666667,44808666.66666666,47082666.66666666,48643166.66666668,49768333.33333333,50276666.66666662,39257000.00000001,50276666.66666662,46072888.88888888,0.6999828824523742,2.478727880918927,PASS
all-slow,125.0,2.97,band6,all-slow_125c_2.97v_band6,4.045797e-08,3.340055e-08,2.808583e-08,2.41119e-08,2.1088e-08,1.873346e-08,1.686802e-08,98868000.0,119759000.0,142421000.0,165893000.0,189681000.0,213522000.0,237135000.0,0.0001586278,0.0001828195,0.0002096822,0.000235791,0.0002630336,0.0002896529,0.0003171498,3.013262,-0.03782915,3.027203,-0.04784531,69636666.66666669,72588333.33333334,76889999.99999999,78766666.66666666,79381666.66666669,79089999.99999999,78709999.99999993,69636666.66666669,79381666.66666669,76814999.99999999,0.7043397931248401,2.398501031678602,PASS
all-slow,125.0,2.97,band7,all-slow_125c_2.97v_band7,2.346273e-08,1.95993e-08,1.672061e-08,1.458161e-08,1.295834e-08,1.169829e-08,1.069934e-08,170483000.0,204089000.0,239226000.0,274318000.0,308682000.0,341930000.0,373855000.0,0.0002348712,0.0002722858,0.0003132133,0.0003529507,0.0003905217,0.0004296358,0.0004694895,3.023549,-0.0454044,3.036776,-0.05405723,112020000.00000003,114571666.66666667,117048333.33333331,115759999.99999999,112686666.66666669,108621666.66666666,106416666.66666657,106416666.66666657,117048333.33333331,112984444.44444443,0.6570743123947844,2.1929165957896095,PASS
all-slow,125.0,3.3,band0,all-slow_125c_3.30v_band0,1.116216e-06,9.441878e-07,8.091089e-07,7.051245e-07,6.220273e-07,5.553944e-07,5.00978e-07,3583540.0,4236450.0,4943710.0,5672760.0,6430590.0,7202090.0,7984380.0,4.655774e-05,5.000883e-05,5.462223e-05,5.897847e-05,6.386784e-05,6.879296e-05,7.311611e-05,3.378446,-0.08199555,3.3786,-0.07862701,2176366.666666667,2266950.0,2393849.9999999995,2478133.333333333,2548883.333333334,2589649.9999999995,2607633.333333331,2176366.666666667,2607633.333333331,2444911.1111111105,0.6073231125274636,2.2280705670928747,PASS
all-slow,125.0,3.3,band1,all-slow_125c_3.30v_band1,6.858615e-07,5.79424e-07,4.960407e-07,4.310599e-07,3.799307e-07,3.386019e-07,3.046888e-07,5832080.0,6903410.0,8063850.0,9279450.0,10528200.0,11813300.0,13128100.0,5.395959e-05,5.987201e-05,6.570496e-05,7.151645e-05,7.805601e-05,8.423193e-05,9.077645e-05,3.379438,-0.09202807,3.410649,-0.1029514,3571100.000000001,3719616.666666667,3960066.666666666,4107249.9999999995,4223083.333333334,4333166.666666666,4382666.666666662,3571100.000000001,4382666.666666662,4053344.444444444,0.6123201327828152,2.251015075239023,PASS
all-slow,125.0,3.3,band2,all-slow_125c_3.30v_band2,4.128469e-07,3.477082e-07,2.968238e-07,2.572003e-07,2.26202e-07,2.010677e-07,1.806664e-07,9688820.0,11503900.0,13476000.0,15552100.0,17683300.0,19893800.0,22140300.0,6.043952e-05,6.737615e-05,7.413401e-05,8.163732e-05,8.961635e-05,9.737355e-05,0.0001049812,3.39689,-0.09936764,3.408092,-0.1069036,6050266.666666668,6311966.666666667,6746999.999999999,7012166.666666666,7236166.666666668,7428333.333333332,7488333.3333333265,6050266.666666668,7488333.3333333265,6917488.888888888,0.6244585683980782,2.2851389539696267,PASS
all-slow,125.0,3.3,band3,all-slow_125c_3.30v_band3,2.501863e-07,2.099887e-07,1.787213e-07,1.54414e-07,1.352636e-07,1.198841e-07,1.073417e-07,15988100.0,19048600.0,22381200.0,25904400.0,29571900.0,33365600.0,37264200.0,7.717343e-05,8.600197e-05,9.694322e-05,0.0001075992,0.0001185461,0.0001295409,0.0001409568,3.39932,-0.1153384,3.447343,-0.1497552,10201666.66666667,10655166.666666668,11426333.333333332,11984499.999999998,12435333.333333336,12820499.999999998,12995333.33333332,10201666.66666667,12995333.33333332,11820055.555555554,0.638078737727852,2.3307459923317966,PASS
all-slow,125.0,3.3,band4,all-slow_125c_3.30v_band4,1.420684e-07,1.188211e-07,1.007223e-07,8.669577e-08,7.569726e-08,6.683978e-08,5.966461e-08,28155400.0,33664000.0,39713200.0,46138400.0,52842100.0,59844600.0,67041400.0,8.669947e-05,9.764031e-05,0.000109235,0.0001211499,0.0001338632,0.0001468139,0.0001594748,3.375024,-0.1112205,3.40568,-0.1290116,18362000.000000004,19263000.0,20790666.666666664,21881499.999999996,22843666.66666667,23665499.999999996,23989333.333333313,18362000.000000004,23989333.333333313,21603333.33333333,0.6521661919205554,2.3811204955354923,PASS
all-slow,125.0,3.3,band5,all-slow_125c_3.30v_band5,8.41987e-08,7.001298e-08,5.89892e-08,5.050005e-08,4.385381e-08,3.857354e-08,3.430681e-08,47506700.0,57132300.0,67809000.0,79207800.0,91212100.0,103698000.0,116595000.0,0.0001178396,0.0001344533,0.0001525025,0.0001712089,0.0001906155,0.0002103949,0.0002298741,3.325672,-0.06790193,3.353609,-0.103084,32085333.33333334,33837166.66666667,36792499.99999999,39005166.666666664,40817000.00000001,42304833.33333333,42989999.99999996,32085333.33333334,42989999.99999996,38382388.88888888,0.6753854368611867,2.4542853955336827,PASS
all-slow,125.0,3.3,band6,all-slow_125c_3.30v_band6,4.812164e-08,3.972174e-08,3.329102e-08,2.841948e-08,2.467647e-08,2.174615e-08,1.941613e-08,83122700.0,100701000.0,120153000.0,140749000.0,162098000.0,183941000.0,206014000.0,0.0001654374,0.0001907582,0.0002170449,0.000245416,0.0002737254,0.000302817,0.0003316515,3.334999,-0.03359536,3.350198,-0.04484724,58594333.33333334,61717166.66666667,66746666.66666666,69908333.33333333,71986666.66666669,73193333.33333333,73576666.6666666,58594333.33333334,73576666.6666666,68272944.44444443,0.7049137399691461,2.478432485951491,PASS
all-slow,125.0,3.3,band7,all-slow_125c_3.30v_band7,2.755547e-08,2.278417e-08,1.920438e-08,1.653606e-08,1.451316e-08,1.294533e-08,1.17068e-08,145162000.0,175560000.0,208286000.0,241896000.0,275612000.0,308992000.0,341682000.0,0.0002448549,0.0002838907,0.0003265982,0.0003677223,0.0004113773,0.0004530854,0.000496263,3.345905,-0.04258715,3.362508,-0.05331375,101326666.66666669,105206666.66666667,110559999.99999999,112209999.99999999,111826666.66666669,110116666.66666666,108966666.66666657,101326666.66666669,112209999.99999999,109177777.77777776,0.6980247355827743,2.3537978258772956,PASS
all-slow,125.0,3.63,band0,all-slow_125c_3.63v_band0,1.212195e-06,1.028827e-06,8.848515e-07,7.72732e-07,6.842682e-07,6.127604e-07,5.529777e-07,3299800.0,3887920.0,4520530.0,5176440.0,5845660.0,6527840.0,7233560.0,4.954503e-05,5.465501e-05,5.834346e-05,6.241082e-05,6.835516e-05,7.202963e-05,7.733603e-05,3.694342,-0.060583,3.703932,-0.06716107,1960400.0000000005,2034550.0,2147533.333333333,2208549.9999999995,2252333.333333334,2313166.6666666665,2352399.999999998,1960400.0000000005,2352399.999999998,2185422.222222222,0.5940966119158738,2.192120734589975,PASS
all-slow,125.0,3.63,band1,all-slow_125c_3.63v_band1,7.506861e-07,6.364383e-07,5.469941e-07,4.769679e-07,4.218486e-07,3.766555e-07,3.400496e-07,5328460.0,6284980.0,7312690.0,8386310.0,9482070.0,10619800.0,11763000.0,5.850719e-05,6.331528e-05,6.967568e-05,7.643183e-05,8.266371e-05,8.883065e-05,9.534692e-05,3.711453,-0.0897577,3.729246,-0.09620979,3188400.000000001,3307050.0,3502216.666666666,3615633.333333333,3722483.333333334,3801549.9999999995,3810666.6666666633,3188400.000000001,3810666.6666666633,3574744.444444444,0.5983717621977084,2.20757967592888,PASS
all-slow,125.0,3.63,band2,all-slow_125c_3.63v_band2,4.547439e-07,3.845396e-07,3.296107e-07,2.870555e-07,2.531345e-07,2.25661e-07,2.030398e-07,8796160.0,10402000.0,12135500.0,13934600.0,15801900.0,17725700.0,19700600.0,6.55897e-05,7.156675e-05,7.876381e-05,8.639387e-05,9.499582e-05,0.0001021936,0.0001106646,3.699257,-0.09697784,3.747098,-0.1350807,5352800.000000001,5565566.666666667,5887666.666666666,6110666.666666666,6318500.000000002,6497833.333333332,6582999.999999994,5352800.000000001,6582999.999999994,6058022.222222221,0.6085382712456345,2.239681861175786,PASS
all-slow,125.0,3.63,band3,all-slow_125c_3.63v_band3,2.784777e-07,2.349584e-07,2.00873e-07,1.741524e-07,1.531874e-07,1.361494e-07,1.223615e-07,14363800.0,17024300.0,19913100.0,22968400.0,26111800.0,29379500.0,32690000.0,8.197844e-05,9.156414e-05,0.0001023906,0.0001135941,0.000124395,0.0001356824,0.0001473495,3.736898,-0.1123894,3.786312,-0.1699393,8868333.333333336,9248833.333333334,9906833.333333332,10331166.666666666,10685166.66666667,10963666.666666664,11034999.99999999,8868333.333333336,11034999.99999999,10181222.22222222,0.6174085780457356,2.2758601484286887,PASS
all-slow,125.0,3.63,band4,all-slow_125c_3.63v_band4,1.592409e-07,1.339368e-07,1.141454e-07,9.87119e-08,8.653602e-08,7.675991e-08,6.869571e-08,25119200.0,29864800.0,35043000.0,40522000.0,46223500.0,52110500.0,58227800.0,9.105047e-05,0.0001034186,0.0001151723,0.0001281315,0.0001402932,0.0001537839,0.0001668447,3.758795,-0.1410471,3.785724,-0.1943866,15818666.66666667,16539666.666666668,17761999.999999996,18634166.666666664,19314166.66666667,20007166.666666664,20390999.99999998,15818666.66666667,20390999.99999998,18393666.666666664,0.6297440470503308,2.3180594923405202,PASS
all-slow,125.0,3.63,band5,all-slow_125c_3.63v_band5,9.571216e-08,8.007995e-08,6.787448e-08,5.837476e-08,5.090547e-08,4.490225e-08,4.001803e-08,41792000.0,49950100.0,58932300.0,68522800.0,78577000.0,89082400.0,99954900.0,0.0001252281,0.0001421524,0.000159959,0.0001782157,0.0001980613,0.0002179751,0.0002380899,3.649267,-0.09155953,3.702459,-0.1167621,27193666.66666667,28567166.666666668,30954499.999999996,32741166.66666666,34266000.00000001,35629833.33333333,36241666.666666634,27193666.66666667,36241666.666666634,32312722.222222216,0.6506907223072997,2.3917232963246553,PASS
all-slow,125.0,3.63,band6,all-slow_125c_3.63v_band6,5.53571e-08,4.593674e-08,3.862796e-08,3.300736e-08,2.863238e-08,2.516925e-08,2.239138e-08,72258100.0,87076300.0,103552000.0,121185000.0,139702000.0,158924000.0,178640000.0,0.0001734596,0.0001988338,0.0002271587,0.0002560368,0.0002839842,0.000313569,0.0003446455,3.657796,-0.02864364,3.672487,-0.04854261,49394000.00000001,52156500.0,56847833.33333333,60249999.99999999,62898333.33333335,64896666.66666666,65719999.99999994,49394000.00000001,65719999.99999994,59101055.555555545,0.6835773428861264,2.472248785949257,PASS
all-slow,125.0,3.63,band7,all-slow_125c_3.63v_band7,3.191872e-08,2.634177e-08,2.210023e-08,1.890288e-08,1.646007e-08,1.455922e-08,1.305202e-08,125318000.0,151850000.0,180994000.0,211608000.0,243012000.0,274740000.0,306466000.0,0.0002566154,0.000296374,0.000340538,0.0003849517,0.0004280893,0.0004733759,0.000518302,3.668005,-0.03879927,3.685761,-0.05138339,88440000.00000001,92793333.33333334,99596666.66666666,103363333.33333331,105220000.00000003,105756666.66666666,105753333.33333324,88440000.00000001,105756666.66666666,100637777.77777776,0.7057246365246813,2.4455066311304043,PASS
all-fast,-40.0,2.97,band0,all-fast_-40c_2.97v_band0,7.388228e-07,6.118659e-07,5.194153e-07,4.487264e-07,3.94457e-07,3.512544e-07,3.160416e-07,5414020.0,6537380.0,7700970.0,8914120.0,10140500.0,11387800.0,12656600.0,5.416248e-05,5.947163e-05,6.591531e-05,7.318534e-05,7.897509e-05,8.503854e-05,9.069815e-05,3.025975,-0.04257198,3.023593,-0.06175948,3744533.333333334,3811583.3333333335,3961233.3333333326,4065883.3333333326,4122800.000000001,4193499.9999999995,4229333.333333329,3744533.333333334,4229333.333333329,4023655.555555555,0.6916364057268599,2.3377453352591973,PASS
all-fast,-40.0,2.97,band1,all-fast_-40c_2.97v_band1,4.588039e-07,3.799119e-07,3.21302e-07,2.774504e-07,2.436173e-07,2.161408e-07,1.940977e-07,8718320.0,10528800.0,12449300.0,14417000.0,16419200.0,18506500.0,20608200.0,6.383439e-05,7.271071e-05,8.050328e-05,8.985352e-05,9.641262e-05,0.0001056147,0.0001140789,3.027994,-0.07834905,3.042318,-0.08578566,6034933.333333335,6218300.0,6480333.333333332,6616499.999999999,6815833.333333335,6981666.666666666,7005666.66666666,6034933.333333335,7005666.66666666,6605488.888888888,0.6922128728164755,2.363781095440406,PASS
all-fast,-40.0,2.97,band2,all-fast_-40c_2.97v_band2,2.720511e-07,2.250681e-07,1.901395e-07,1.638115e-07,1.436216e-07,1.272577e-07,1.140011e-07,14703100.0,17772400.0,21037200.0,24418300.0,27851000.0,31432300.0,35087400.0,7.335903e-05,8.261847e-05,9.249044e-05,0.0001028389,0.0001120103,0.0001240149,0.0001345194,3.062467,-0.08442188,3.105306,-0.12292,10231000.000000002,10556833.333333334,11076499.999999998,11356333.333333332,11690000.000000002,12060666.666666664,12183666.666666657,10231000.000000002,12183666.666666657,11324611.11111111,0.6958396528623216,2.3863947058783523,PASS
all-fast,-40.0,2.97,band3,all-fast_-40c_2.97v_band3,1.675065e-07,1.379845e-07,1.161743e-07,9.981575e-08,8.719664e-08,7.707872e-08,6.885425e-08,23879700.0,28988800.0,34431000.0,40073800.0,45873300.0,51895000.0,58093700.0,9.530428e-05,0.0001080673,0.0001219598,0.0001373791,0.000152064,0.0001669011,0.0001813555,3.061055,-0.08715713,3.08289,-0.1173494,17030333.333333336,17585500.0,18474999.999999996,19070499.999999996,19702000.000000004,20367333.333333332,20662333.333333313,17030333.333333336,20662333.333333313,19007777.777777776,0.7131719968564654,2.4327650682378756,PASS
all-fast,-40.0,2.97,band4,all-fast_-40c_2.97v_band4,1.002305e-07,8.22696e-08,6.897816e-08,5.905807e-08,5.132778e-08,4.522515e-08,4.030402e-08,39908000.0,48620600.0,57989400.0,67729900.0,77930500.0,88446400.0,99245700.0,0.0001036029,0.0001181558,0.0001345922,0.0001517342,0.0001687827,0.0001852132,0.0002042877,3.101752,-0.137231,3.089024,-0.1358988,29042000.000000007,30135666.666666668,31848833.33333333,33235166.66666666,34527500.00000001,35525333.33333333,35997666.666666634,29042000.000000007,35997666.666666634,32965388.888888884,0.7277237646587152,2.486862283251478,PASS
all-fast,-40.0,2.97,band5,all-fast_-40c_2.97v_band5,6.041478e-08,4.924812e-08,4.108955e-08,3.49421e-08,3.023821e-08,2.651749e-08,2.353e-08,66209000.0,81221400.0,97348300.0,114475000.0,132283000.0,150844000.0,169996000.0,0.000141372,0.0001634341,0.0001884749,0.00021323,0.0002396949,0.0002655389,0.0002925236,3.070595,-0.1118343,3.07952,-0.1509632,50041333.33333334,51898833.333333336,55422666.66666666,58224499.99999999,60615000.000000015,62854999.99999999,63839999.99999994,50041333.33333334,63839999.99999994,57659444.44444443,0.7558086262189936,2.5675663429443127,PASS
all-fast,-40.0,2.97,band6,all-fast_-40c_2.97v_band6,3.421567e-08,2.771479e-08,2.295869e-08,1.943859e-08,1.674175e-08,1.463807e-08,1.296531e-08,116905000.0,144327000.0,174226000.0,205776000.0,238924000.0,273260000.0,308516000.0,0.0001997313,0.0002362482,0.0002726294,0.0003112893,0.0003512206,0.0003903719,0.00042938,2.998636,-0.08683287,3.050749,-0.102467,91406666.66666669,95535000.0,102414999.99999999,107829999.99999999,112473333.33333336,115986666.66666666,117519999.9999999,91406666.66666669,117519999.9999999,106450555.55555554,0.7818884279258089,2.639031692399812,PASS
all-fast,-40.0,2.97,band7,all-fast_-40c_2.97v_band7,1.990993e-08,1.601218e-08,1.321758e-08,1.117985e-08,9.654352e-09,8.486613e-09,7.573453e-09,200905000.0,249810000.0,302627000.0,357787000.0,414321000.0,471331000.0,528161000.0,0.000298043,0.0003533689,0.0004125311,0.0004722585,0.0005324582,0.0005925538,0.0006543383,3.007535,-0.03298166,3.0229,-0.05084964,163016666.66666672,169536666.6666667,179961666.66666663,186156666.66666663,189240000.00000003,189733333.3333333,189433333.33333316,163016666.66666672,189733333.3333333,181808888.88888887,0.8114116954115961,2.6289091859336504,PASS
all-fast,-40.0,3.3,band0,all-fast_-40c_3.30v_band0,8.042103e-07,6.694777e-07,5.701117e-07,4.947326e-07,4.359762e-07,3.890448e-07,3.511478e-07,4973820.0,5974810.0,7016170.0,8085180.0,9174810.0,10281600.0,11391200.0,6.154666e-05,6.739436e-05,7.297019e-05,7.971677e-05,8.594878e-05,9.197798e-05,9.879879e-05,3.365723,-0.04925587,3.386107,-0.07271554,3336633.333333334,3403916.666666667,3517283.333333333,3597733.333333333,3660700.000000001,3693983.3333333326,3698666.6666666633,3336633.333333334,3698666.6666666633,3565211.1111111105,0.6708391806163742,2.2902316529347666,PASS
all-fast,-40.0,3.3,band1,all-fast_-40c_3.30v_band1,5.03475e-07,4.191466e-07,3.5623e-07,3.085094e-07,2.716259e-07,2.418936e-07,2.180379e-07,7944780.0,9543200.0,11228700.0,12965600.0,14726100.0,16536200.0,18345400.0,7.129925e-05,7.97372e-05,8.912649e-05,9.602878e-05,0.0001047674,0.0001128097,0.0001219596,3.356543,-0.04839598,3.374192,-0.09615729,5328066.666666668,5473200.0,5703999.999999999,5828999.999999999,5951000.000000001,6032166.666666666,6030666.666666661,5328066.666666668,6032166.666666666,5778122.222222221,0.6706374080423457,2.309113657017564,PASS
all-fast,-40.0,3.3,band2,all-fast_-40c_3.30v_band2,3.006954e-07,2.498556e-07,2.122002e-07,1.835615e-07,1.614583e-07,1.437095e-07,1.293722e-07,13302500.0,16009200.0,18850100.0,21791100.0,24774200.0,27833900.0,30918500.0,8.091132e-05,8.979779e-05,9.972248e-05,0.0001102033,0.0001228909,0.0001306478,0.0001421526,3.380523,-0.08394226,3.407408,-0.09915481,9022333.333333336,9246000.0,9636499.999999998,9873499.999999998,10071333.333333336,10240499.999999998,10281999.99999999,9022333.333333336,10281999.99999999,9786666.666666666,0.6782434379502602,2.3242623566998684,PASS
all-fast,-40.0,3.3,band3,all-fast_-40c_3.30v_band3,1.871837e-07,1.551723e-07,1.31208e-07,1.133307e-07,9.932568e-08,8.820041e-08,7.909541e-08,21369400.0,25777800.0,30486000.0,35294900.0,40271600.0,45351300.0,50571800.0,0.0001013249,0.0001161444,0.0001314479,0.0001459177,0.0001615323,0.0001777875,0.0001927164,3.404971,-0.1035808,3.416059,-0.1149011,14694666.66666667,15194333.333333334,15861833.33333333,16309333.33333333,16760666.66666667,17166999.999999996,17401666.666666653,14694666.66666667,17401666.666666653,16223555.555555552,0.6876499418171156,2.3665521727329732,PASS
all-fast,-40.0,3.3,band4,all-fast_-40c_3.30v_band4,1.127631e-07,9.306519e-08,7.856621e-08,6.760314e-08,5.904143e-08,5.22201e-08,4.667952e-08,35472600.0,42980600.0,50912500.0,59168900.0,67749000.0,76598900.0,85690700.0,0.0001120426,0.0001292941,0.0001460826,0.0001628277,0.0001810429,0.0001977181,0.000216875,3.411792,-0.1205019,3.445463,-0.1564278,25026666.66666667,25733166.666666668,26980499.999999996,28060833.33333333,29050000.000000007,29902833.33333333,30305999.999999974,25026666.66666667,30305999.999999974,27898944.44444444,0.7055210688437462,2.415687037318945,PASS
all-fast,-40.0,3.3,band5,all-fast_-40c_3.30v_band5,6.890728e-08,5.658468e-08,4.74982e-08,4.064437e-08,3.531519e-08,3.113438e-08,2.767694e-08,58049000.0,70690500.0,84213700.0,98414600.0,113266000.0,128475000.0,144525000.0,0.000151792,0.0001755888,0.0002002942,0.0002257473,0.000252248,0.0002797045,0.0003066118,3.44419,-0.1490026,3.460776,-0.1837111,42138333.33333334,43607833.333333336,46206833.33333333,48420499.99999999,50100666.66666668,52098333.33333333,53499999.999999955,42138333.33333334,53499999.999999955,48042222.22222222,0.7259097199492385,2.4897069716963256,PASS
all-fast,-40.0,3.3,band6,all-fast_-40c_3.30v_band6,3.950046e-08,3.223337e-08,2.688643e-08,2.285937e-08,1.97712e-08,1.731569e-08,1.535269e-08,101265000.0,124095000.0,148774000.0,174983000.0,202315000.0,231004000.0,260541000.0,0.0002143461,0.0002502605,0.0002875792,0.0003267761,0.0003664271,0.0004066292,0.00044787,3.375614,-0.1057626,3.366419,-0.1251129,76100000.00000001,79181666.66666667,84813333.33333331,89234999.99999999,93368333.33333336,97043333.33333331,98456666.66666658,76100000.00000001,98456666.66666658,88486666.66666666,0.7514936058855479,2.572863279514146,PASS
all-fast,-40.0,3.3,band7,all-fast_-40c_3.30v_band7,2.335748e-08,1.889179e-08,1.562722e-08,1.3205e-08,1.136294e-08,9.936127e-09,8.809517e-09,171251000.0,211732000.0,255964000.0,302916000.0,352022000.0,402571000.0,454054000.0,0.0003132085,0.0003700713,0.0004307551,0.0004926428,0.0005569077,0.0006192054,0.0006814981,3.329411,-0.05201188,3.345364,-0.07240532,134936666.6666667,141188333.33333334,151973333.3333333,160096666.66666666,166091666.66666672,170053333.3333333,171609999.99999985,134936666.6666667,171609999.99999985,157112777.77777776,0.787946737050684,2.6513947363811012,PASS
all-fast,-40.0,3.63,band0,all-fast_-40c_3.63v_band0,8.536776e-07,7.144125e-07,6.108157e-07,5.309286e-07,4.695334e-07,4.208796e-07,3.801294e-07,4685610.0,5599010.0,6548620.0,7533970.0,8519100.0,9503910.0,10522700.0,6.947196e-05,7.527919e-05,7.956653e-05,8.636211e-05,9.27077e-05,9.960413e-05,0.0001061579,3.669684,-0.03405737,3.69864,-0.05241629,3044666.6666666674,3105016.666666667,3224933.333333333,3284133.333333333,3283233.333333334,3339333.333333333,3395966.6666666637,3044666.6666666674,3395966.6666666637,3242827.7777777775,0.649790884573549,2.2457481523216827,PASS
all-fast,-40.0,3.63,band1,all-fast_-40c_3.63v_band1,5.394398e-07,4.504879e-07,3.843686e-07,3.343015e-07,2.951868e-07,2.639469e-07,2.380561e-07,7415100.0,8879260.0,10406700.0,11965200.0,13550700.0,15154600.0,16802800.0,8.05175e-05,8.87083e-05,9.588112e-05,0.0001049611,0.0001128197,0.0001215196,0.0001316401,3.688614,-0.04879339,3.710703,-0.07344939,4880533.333333334,4986000.0,5143233.333333333,5239999.999999999,5315666.666666668,5420166.666666666,5493999.999999995,4880533.333333334,5493999.999999995,5215388.888888888,0.6581884712725835,2.266024733314453,PASS
all-fast,-40.0,3.63,band2,all-fast_-40c_3.63v_band2,3.236498e-07,2.702921e-07,2.304126e-07,2.002579e-07,1.766325e-07,1.575095e-07,1.424189e-07,12359000.0,14798800.0,17360200.0,19974200.0,22645900.0,25395300.0,28086200.0,8.866699e-05,9.883673e-05,0.0001091093,0.0001222854,0.0001313472,0.0001411144,0.0001541391,3.718169,-0.08485436,3.72558,-0.1082642,8132666.666666669,8335333.333333334,8625666.666666666,8809499.999999998,9035166.666666668,9067166.666666666,8969666.666666659,8132666.666666669,9067166.666666666,8737333.333333332,0.6580359791784666,2.272530139978963,PASS
all-fast,-40.0,3.63,band3,all-fast_-40c_3.63v_band3,2.034464e-07,1.694279e-07,1.441924e-07,1.248823e-07,1.097565e-07,9.777027e-08,8.798412e-08,19661200.0,23608900.0,27740700.0,32030200.0,36444300.0,40912200.0,45462800.0,0.000112082,0.000126576,0.0001402472,0.0001575003,0.0001706024,0.0001877543,0.0002040744,3.738994,-0.1017435,3.764236,-0.1262479,13159000.000000004,13465833.333333334,14035499.999999998,14505999.999999998,14803333.333333336,15030833.33333333,15168666.666666653,13159000.000000004,15168666.666666653,14334222.22222222,0.6692877342176471,2.312310540557036,PASS
all-fast,-40.0,3.63,band4,all-fast_-40c_3.63v_band4,1.22863e-07,1.020751e-07,8.658791e-08,7.479444e-08,6.559508e-08,5.827654e-08,5.227019e-08,32556600.0,39186800.0,46195800.0,53479900.0,60980200.0,68638300.0,76525500.0,0.0001241659,0.000141018,0.0001579842,0.0001749693,0.0001942148,0.0002110408,0.0002297089,3.742326,-0.1150499,3.779174,-0.1866319,22100666.66666667,22732000.0,23821833.33333333,24640666.666666664,25264000.000000007,25908833.33333333,26290666.66666664,22100666.66666667,26290666.66666664,24427166.666666664,0.6788382898296097,2.350537218259892,PASS
all-fast,-40.0,3.63,band5,all-fast_-40c_3.63v_band5,7.604445e-08,6.278964e-08,5.300565e-08,4.556615e-08,3.982774e-08,3.518377e-08,3.145332e-08,52600800.0,63704800.0,75463700.0,87784500.0,100433000.0,113689000.0,127173000.0,0.000164045,0.00018911,0.0002149555,0.0002398176,0.0002677589,0.0002957929,0.0003224476,3.776431,-0.1613135,3.797098,-0.1955662,37013333.33333334,38104833.333333336,40132833.33333333,41615499.99999999,43174166.66666668,44566666.66666666,44946666.66666663,37013333.33333334,44946666.66666663,41428999.99999999,0.7036648365297361,2.4177008714696355,PASS
all-fast,-40.0,3.63,band6,all-fast_-40c_3.63v_band6,4.401125e-08,3.615458e-08,3.035492e-08,2.596066e-08,2.255705e-08,1.982415e-08,1.764366e-08,90885900.0,110636000.0,131774000.0,154079000.0,177328000.0,201774000.0,226710000.0,0.0002297562,0.0002661484,0.000304341,0.0003460113,0.0003855365,0.0004276845,0.0004692188,3.760709,-0.1444329,3.789099,-0.2070376,65833666.66666668,68146833.33333334,72404999.99999999,75923333.33333333,79491666.66666669,82303333.33333333,83119999.99999993,65833666.66666668,83119999.99999993,75457833.33333333,0.7243551163235076,2.4944463332596145,PASS
all-fast,-40.0,3.63,band7,all-fast_-40c_3.63v_band7,2.641818e-08,2.152344e-08,1.79114e-08,1.519299e-08,1.310941e-08,1.146255e-08,1.014894e-08,151411000.0,185844000.0,223321000.0,263279000.0,305124000.0,348962000.0,394130000.0,0.0003315121,0.0003892942,0.0004512058,0.0005162327,0.0005799552,0.0006438944,0.0007099824,3.657052,-0.068709,3.678684,-0.1483257,114776666.66666669,119850000.0,129058333.33333331,136338333.3333333,142805000.00000003,148343333.3333333,150559999.99999988,114776666.66666669,150559999.99999988,134843888.88888887,0.7580470815638671,2.603047334737899,PASS
all-fast,27.0,2.97,band0,all-fast_27c_2.97v_band0,6.905899e-07,5.737571e-07,4.87263e-07,4.219496e-07,3.714308e-07,3.308383e-07,2.979612e-07,5792150.0,6971590.0,8209120.0,9479810.0,10769200.0,12090500.0,13424600.0,6.665207e-05,7.30118e-05,8.048646e-05,8.686647e-05,9.336337e-05,0.0001003697,0.0001089028,3.034572,-0.05463993,3.051545,-0.07133144,3931466.6666666674,4028283.3333333335,4180366.666666666,4266799.999999999,4351150.000000001,4425666.666666666,4446999.999999996,3931466.6666666674,4446999.999999996,4240249.999999999,0.6787577439580583,2.3177231252643664,PASS
all-fast,27.0,2.97,band1,all-fast_27c_2.97v_band1,4.263027e-07,3.538464e-07,2.998198e-07,2.592409e-07,2.279838e-07,2.026318e-07,1.823506e-07,9383000.0,11304300.0,13341300.0,15429700.0,17545100.0,19740200.0,21935800.0,7.806636e-05,8.634631e-05,9.681581e-05,0.0001052468,0.0001137781,0.0001248644,0.0001341135,3.051003,-0.07515686,3.065904,-0.09239795,6404333.333333335,6597166.666666667,6875666.666666666,7006333.333333332,7184166.666666668,7317833.333333332,7318666.66666666,6404333.333333335,7318666.66666666,6973777.777777777,0.6825464492521939,2.3378237237557284,PASS
all-fast,27.0,2.97,band2,all-fast_27c_2.97v_band2,2.547082e-07,2.108227e-07,1.783898e-07,1.53775e-07,1.348914e-07,1.194647e-07,1.072393e-07,15704200.0,18973300.0,22422800.0,26012000.0,29653500.0,33482700.0,37299800.0,8.887813e-05,9.842587e-05,0.0001091136,0.0001217278,0.000132065,0.0001439417,0.0001556856,3.057593,-0.09130351,3.079033,-0.1023302,10897000.000000002,11197666.666666668,11731166.666666664,12051166.666666664,12451166.66666667,12743833.333333332,12723666.666666655,10897000.000000002,12743833.333333332,11997555.555555554,0.6938908062811223,2.375148049566358,PASS
all-fast,27.0,2.97,band3,all-fast_27c_2.97v_band3,1.554254e-07,1.282668e-07,1.080271e-07,9.281202e-08,8.101658e-08,7.177343e-08,6.401381e-08,25735800.0,31185000.0,37027700.0,43097900.0,49372600.0,55730900.0,62486500.0,0.0001118591,0.0001268373,0.0001426378,0.0001592231,0.00017582,0.0001929694,0.000210599,3.078624,-0.09247532,3.106263,-0.1318795,18164000.000000004,18819833.333333336,19854833.333333332,20574833.333333332,21055000.000000004,21856499.999999996,22518666.666666646,18164000.000000004,22518666.666666646,20417055.555555552,0.7057872690959677,2.4279991296171093,PASS
all-fast,27.0,2.97,band4,all-fast_27c_2.97v_band4,9.054567e-08,7.438331e-08,6.244706e-08,5.346458e-08,4.646182e-08,4.091996e-08,3.643258e-08,44176600.0,53775500.0,64054300.0,74815900.0,86092200.0,97751800.0,109792000.0,0.0001230629,0.0001406524,0.0001589634,0.0001776247,0.0001964937,0.0002163808,0.000236128,3.078462,-0.1077382,3.122643,-0.1754543,31996333.33333334,33129500.0,35067333.33333333,36729833.33333333,38226500.00000001,39499666.666666664,40133999.99999996,31996333.33333334,40133999.99999996,36452999.99999999,0.724282387810138,2.4852976462652174,PASS
all-fast,27.0,2.97,band5,all-fast_27c_2.97v_band5,5.399127e-08,4.40394e-08,3.674408e-08,3.125157e-08,2.699123e-08,2.364371e-08,2.096609e-08,74086000.0,90827800.0,108861000.0,127994000.0,148196000.0,169178000.0,190784000.0,0.0001680174,0.0001942669,0.0002220738,0.0002499901,0.0002788962,0.0003085332,0.0003389753,3.025928,-0.10824,3.096214,-0.1665781,55806000.000000015,57958333.333333336,61943666.66666666,65558333.33333332,68640000.00000001,70979999.99999999,72019999.99999994,55806000.000000015,72019999.99999994,64832222.22222221,0.7532597251842456,2.575169397726966,PASS
all-fast,27.0,2.97,band6,all-fast_27c_2.97v_band6,3.060796e-08,2.476316e-08,2.050606e-08,1.735462e-08,1.495663e-08,1.310478e-08,1.163655e-08,130685000.0,161530000.0,195064000.0,230486000.0,267440000.0,305232000.0,343744000.0,0.0002336798,0.0002742439,0.0003164752,0.0003592358,0.0004037319,0.0004481404,0.0004912123,2.995515,-0.04307185,3.009527,-0.09655951,102816666.66666669,107298333.33333334,114926666.66666666,120626666.66666664,124576666.6666667,127173333.33333331,128373333.33333322,102816666.66666669,128373333.33333322,118366111.11111109,0.7867518587953223,2.6303248268737804,PASS
all-fast,27.0,2.97,band7,all-fast_27c_2.97v_band7,1.75433e-08,1.4147e-08,1.173463e-08,9.986061e-09,8.685241e-09,7.692787e-09,6.915881e-09,228007000.0,282745000.0,340872000.0,400558000.0,460551000.0,519968000.0,578379000.0,0.0003481867,0.0004107223,0.0004759251,0.0005418736,0.0006073668,0.0006727583,0.0007377385,3.005266,-0.03352807,3.021025,-0.04188757,182460000.00000003,188108333.33333334,196354999.99999997,199464999.99999997,199016666.66666672,196379999.99999997,194703333.33333316,182460000.00000003,199464999.99999997,194651111.11111107,0.8002385891661222,2.5366721197156226,PASS
all-fast,27.0,3.3,band0,all-fast_27c_3.30v_band0,7.541468e-07,6.304217e-07,5.369543e-07,4.664648e-07,4.116487e-07,3.675401e-07,3.314766e-07,5304010.0,6344960.0,7449420.0,8575140.0,9717020.0,10883200.0,12067200.0,7.36098e-05,7.986879e-05,8.720058e-05,9.249581e-05,0.0001011993,0.0001067443,0.0001156343,3.354395,-0.05179897,3.375809,-0.06449711,3469833.333333334,3575683.3333333335,3716966.666666666,3779333.3333333326,3846766.6666666674,3916966.666666666,3946666.6666666633,3469833.333333334,3946666.6666666633,3757327.777777777,0.6541905715361271,2.2751088327510693,PASS
all-fast,27.0,3.3,band1,all-fast_27c_3.30v_band1,4.699216e-07,3.91467e-07,3.334749e-07,2.89365e-07,2.546916e-07,2.272461e-07,2.048855e-07,8512060.0,10218000.0,11994900.0,13823400.0,15705300.0,17602100.0,19523100.0,8.5453e-05,9.310369e-05,0.0001031327,0.0001125599,0.0001218272,0.0001316304,0.0001414749,3.370252,-0.07787845,3.409121,-0.08400123,5686466.666666668,5804733.333333334,6008999.999999999,6183999.999999999,6297833.333333335,6362999.999999999,6403333.333333327,5686466.666666668,6403333.333333327,6117244.444444443,0.6680482358755305,2.2935811072760295,PASS
all-fast,27.0,3.3,band2,all-fast_27c_3.30v_band2,2.823434e-07,2.351449e-07,1.99688e-07,1.729424e-07,1.519233e-07,1.351928e-07,1.215631e-07,14167100.0,17010800.0,20031200.0,23129100.0,26329100.0,29587400.0,32904700.0,9.554407e-05,0.0001063416,0.0001176222,0.0001290339,0.000141418,0.0001521337,0.0001648879,3.396163,-0.09398039,3.428342,-0.109908,9479000.000000002,9773500.0,10197166.666666666,10496499.999999998,10763833.333333336,10959333.333333332,11057666.666666657,9479000.000000002,11057666.666666657,10409777.777777776,0.6690854162107984,2.322613661229186,PASS
all-fast,27.0,3.3,band3,all-fast_27c_3.30v_band3,1.741691e-07,1.444536e-07,1.223266e-07,1.0551e-07,9.236847e-08,8.197522e-08,7.354835e-08,22966200.0,27690600.0,32699400.0,37911100.0,43304800.0,48795200.0,54386000.0,0.0001193054,0.0001354825,0.0001520996,0.0001677216,0.0001851646,0.0002022983,0.0002201964,3.403788,-0.08969509,3.428475,-0.1365548,15748000.000000004,16222000.0,17034166.666666664,17675666.666666664,18140166.66666667,18468666.666666664,18635999.999999985,15748000.000000004,18635999.999999985,17455444.44444444,0.6857033379488119,2.368088756520452,PASS
all-fast,27.0,3.3,band4,all-fast_27c_3.30v_band4,1.021304e-07,8.439241e-08,7.126433e-08,6.126842e-08,5.348409e-08,4.726612e-08,4.225167e-08,39165600.0,47397600.0,56129100.0,65286500.0,74788600.0,84627200.0,94670800.0,0.0001330779,0.0001502882,0.0001699843,0.0001878753,0.0002084542,0.0002276817,0.0002486975,3.445197,-0.1470438,3.458564,-0.1812704,27440000.000000007,28272500.0,29814833.33333333,31099166.66666666,32234500.000000007,33136999.999999996,33478666.666666638,27440000.000000007,33478666.666666638,30836222.222222216,0.7006148252548157,2.417192638437813,PASS
all-fast,27.0,3.3,band5,all-fast_27c_3.30v_band5,6.172043e-08,5.06939e-08,4.253285e-08,3.637731e-08,3.158522e-08,2.777717e-08,2.468248e-08,64808400.0,78905000.0,94045000.0,109959000.0,126642000.0,144003000.0,162058000.0,0.0001766259,0.0002051244,0.0002337216,0.0002624518,0.0002917717,0.0003213457,0.0003523711,3.368287,-0.1321737,3.45059,-0.1875546,46988666.66666668,48727666.66666667,51756666.66666666,54328333.33333333,56740000.000000015,59026666.66666666,60183333.333333276,46988666.66666668,60183333.333333276,54027555.555555545,0.7250397582206424,2.5005709136469965,PASS
all-fast,27.0,3.3,band6,all-fast_27c_3.30v_band6,3.54238e-08,2.886777e-08,2.403254e-08,2.039414e-08,1.759982e-08,1.541234e-08,1.364841e-08,112918000.0,138563000.0,166441000.0,196135000.0,227275000.0,259532000.0,293074000.0,0.00024718,0.0002875236,0.0003308397,0.0003756257,0.0004207566,0.0004650633,0.0005114356,3.350792,-0.09016251,3.374487,-0.1460084,85483333.33333336,89205000.0,95953333.33333331,101389999.99999999,105661666.66666669,109664999.99999999,111806666.66666657,85483333.33333336,111806666.66666657,100086666.66666666,0.7570390312734316,2.595458651410758,PASS
all-fast,27.0,3.3,band7,all-fast_27c_3.30v_band7,2.057075e-08,1.661358e-08,1.37456e-08,1.163581e-08,1.004791e-08,8.823991e-09,7.86323e-09,194451000.0,240767000.0,291002000.0,343766000.0,398093000.0,453310000.0,508697000.0,0.0003641933,0.0004274121,0.0004973301,0.0005633063,0.0006343773,0.0007041087,0.0007719681,3.32747,-0.02894798,3.344104,-0.04132902,154386666.6666667,160918333.33333334,171664999.99999997,178484999.99999997,182573333.33333337,184339999.99999997,184623333.33333316,154386666.6666667,184623333.33333316,174581111.11111107,0.7939618035734797,2.6160678011427043,PASS
all-fast,27.0,3.63,band0,all-fast_27c_3.63v_band0,8.022667e-07,6.739056e-07,5.769805e-07,5.025912e-07,4.444631e-07,3.986639e-07,3.597566e-07,4985870.0,5935550.0,6932640.0,7958750.0,8999620.0,10033500.0,11118600.0,8.199651e-05,8.653283e-05,9.496265e-05,0.0001016742,0.0001083941,0.0001164809,0.0001230773,3.68795,-0.0505027,3.712536,-0.07043446,3165600.000000001,3244616.666666667,3371999.9999999995,3444966.666666666,3457916.6666666674,3531633.333333333,3616999.9999999967,3165600.000000001,3616999.9999999967,3407072.2222222215,0.6349142677205786,2.230022042291516,PASS
all-fast,27.0,3.63,band1,all-fast_27c_3.63v_band1,5.049951e-07,4.22567e-07,3.612937e-07,3.148372e-07,2.776903e-07,2.485603e-07,2.238081e-07,7920870.0,9465950.0,11071300.0,12705000.0,14404500.0,16092700.0,17872500.0,9.332063e-05,0.0001019453,0.0001099896,0.0001199761,0.0001302436,0.0001412131,0.0001503126,3.690621,-0.05965694,3.719144,-0.09062406,5150266.666666668,5250716.666666667,5398416.666666666,5555333.333333332,5646166.666666668,5779999.999999999,5932666.666666661,5150266.666666668,5932666.666666661,5528683.333333332,0.6502147701788652,2.2563809278526223,PASS
all-fast,27.0,3.63,band2,all-fast_27c_3.63v_band2,3.049995e-07,2.551742e-07,2.175923e-07,1.892427e-07,1.666229e-07,1.487873e-07,1.340297e-07,13114800.0,15675600.0,18383000.0,21136900.0,24006300.0,26884000.0,29844100.0,0.0001034891,0.0001143823,0.0001254926,0.0001387101,0.0001496361,0.0001623099,0.0001728914,3.71742,-0.0867658,3.73285,-0.1039149,8536000.000000002,8780333.333333334,9102166.666666666,9372166.666666666,9578500.000000002,9729666.666666666,9866999.99999999,8536000.000000002,9866999.99999999,9294055.555555554,0.6508677219629733,2.2756046603836886,PASS
all-fast,27.0,3.63,band3,all-fast_27c_3.63v_band3,1.899531e-07,1.582398e-07,1.346336e-07,1.167623e-07,1.025425e-07,9.129576e-08,8.25709e-08,21057800.0,25278100.0,29710300.0,34257600.0,39008200.0,43813600.0,48443200.0,0.0001300607,0.0001445103,0.0001624863,0.0001790259,0.000195551,0.000214193,0.0002313715,3.737361,-0.08978768,3.761114,-0.1525062,14067666.66666667,14420833.333333334,14965833.33333333,15496499.999999998,15926666.66666667,15724999.999999998,15431999.999999987,14067666.66666667,15926666.66666667,15214111.111111108,0.6680501603523004,2.3004872303849404,PASS
all-fast,27.0,3.63,band4,all-fast_27c_3.63v_band4,1.117071e-07,9.286623e-08,7.87553e-08,6.80061e-08,5.963486e-08,5.292247e-08,4.742177e-08,35807900.0,43072700.0,50790200.0,58818300.0,67074900.0,75582300.0,84349400.0,0.000142199,0.000161112,0.0001814957,0.0002009472,0.000220514,0.0002408649,0.0002615896,3.763598,-0.1105905,3.782411,-0.1547894,24216000.000000004,24970500.0,26242666.666666664,27141166.666666664,27940000.000000007,28790833.33333333,29223666.66666664,24216000.000000004,29223666.66666664,26967499.999999996,0.6762753470602857,2.355608678531832,PASS
all-fast,27.0,3.63,band5,all-fast_27c_3.63v_band5,6.834879e-08,5.651262e-08,4.767076e-08,4.09766e-08,3.570877e-08,3.153774e-08,2.81356e-08,58523300.0,70780600.0,83908900.0,97616700.0,112017000.0,126832000.0,142169000.0,0.000190098,0.000217714,0.000245946,0.0002759414,0.0003068287,0.0003371457,0.0003673896,3.724112,-0.1234876,3.772615,-0.1965158,40857666.66666668,42309333.333333336,44726833.33333333,46846833.33333333,48692166.66666668,50253333.33333333,51123333.33333329,40857666.66666668,51123333.33333329,46469833.33333333,0.6981435883941384,2.429271760136561,PASS
all-fast,27.0,3.63,band6,all-fast_27c_3.63v_band6,3.961297e-08,3.250682e-08,2.724337e-08,2.323536e-08,2.012873e-08,1.766695e-08,1.567804e-08,100977000.0,123051000.0,146825000.0,172151000.0,198721000.0,226411000.0,255134000.0,0.0002640913,0.0003048392,0.0003473506,0.0003935021,0.000438657,0.0004842806,0.0005314731,3.68979,-0.1102602,3.707469,-0.1290993,73580000.00000001,76413333.33333334,81833333.33333333,86493333.33333331,90433333.33333336,94021666.66666666,95743333.33333325,73580000.00000001,95743333.33333325,85642777.77777776,0.7286807886944553,2.5266545847074084,PASS
all-fast,27.0,3.63,band7,all-fast_27c_3.63v_band7,2.33616e-08,1.898153e-08,1.575952e-08,1.335119e-08,1.151012e-08,1.007788e-08,8.943149e-09,171221000.0,210731000.0,253815000.0,299599000.0,347520000.0,396909000.0,447270000.0,0.000382242,0.0004493299,0.0005156074,0.0005878774,0.0006602688,0.0007326371,0.0008048454,3.651987,-0.04881026,3.666933,-0.0605992,131700000.00000003,137656666.6666667,148113333.3333333,156174999.99999997,162183333.33333337,166249999.99999997,167869999.99999985,131700000.00000003,167869999.99999985,153360555.55555552,0.7691813504184652,2.6122379848266277,PASS
all-fast,125.0,2.97,band0,all-fast_125c_2.97v_band0,6.200789e-07,5.205906e-07,4.461348e-07,3.886911e-07,3.432693e-07,3.071538e-07,2.77123e-07,6450790.0,7683580.0,8965900.0,10290900.0,11652700.0,13022800.0,14434000.0,9.34973e-05,0.0001003941,0.0001083823,0.0001162463,0.0001250294,0.0001318613,0.000140309,3.031563,-0.05585874,3.043677,-0.08259771,4109300.000000001,4191850.0,4345533.333333333,4477999.999999999,4553166.666666668,4635499.999999999,4703999.999999996,4109300.000000001,4703999.999999996,4435116.666666666,0.6370227522520499,2.2375554001912943,PASS
all-fast,125.0,2.97,band1,all-fast_125c_2.97v_band1,3.802483e-07,3.1888e-07,2.725795e-07,2.370962e-07,2.089642e-07,1.862966e-07,1.675867e-07,10519400.0,12543900.0,14674600.0,16870800.0,19142000.0,21471100.0,23868200.0,0.0001066692,0.0001175185,0.0001280945,0.0001382039,0.0001490319,0.0001605887,0.0001708697,3.056624,-0.07656334,3.058259,-0.08786453,6748333.333333335,6925333.333333334,7211499.999999999,7445666.666666665,7667166.666666668,7876999.999999999,7990333.3333333265,6748333.333333335,7990333.3333333265,7415999.999999999,0.6415131408001725,2.268969713101508,PASS
all-fast,125.0,2.97,band2,all-fast_125c_2.97v_band2,2.279695e-07,1.90499e-07,1.62454e-07,1.406787e-07,1.235115e-07,1.10001e-07,9.867079e-08,17546200.0,20997500.0,24622300.0,28433600.0,32385700.0,36363300.0,40538800.0,0.0001191534,0.0001312384,0.0001434215,0.0001562725,0.0001690274,0.000182007,0.0001958933,3.061104,-0.09296865,3.090653,-0.1245906,11504333.333333336,11793500.0,12393499.999999998,12938999.999999998,13216166.66666667,13588499.999999998,13918333.33333332,11504333.333333336,13918333.33333332,12773666.666666664,0.6556595350180288,2.310403392187482,PASS
all-fast,125.0,2.97,band3,all-fast_125c_2.97v_band3,1.375766e-07,1.145695e-07,9.71392e-08,8.38662e-08,7.342501e-08,6.502775e-08,5.816115e-08,29074700.0,34913300.0,41178000.0,47695000.0,54477300.0,61512200.0,68774400.0,0.0001476298,0.0001652891,0.0001830185,0.0002016833,0.0002211367,0.000240467,0.0002593245,3.071328,-0.1061053,3.083622,-0.121621,19462000.000000004,20172166.666666668,21302833.33333333,22165499.999999996,23028666.66666667,23828499.999999996,24207333.333333313,19462000.000000004,24207333.333333313,22055388.888888884,0.6693792197339956,2.3654379924814357,PASS
all-fast,125.0,2.97,band4,all-fast_125c_2.97v_band4,7.753459e-08,6.426355e-08,5.430321e-08,4.662845e-08,4.06582e-08,3.585194e-08,3.198763e-08,51589900.0,62243700.0,73660500.0,85784500.0,98381100.0,111570000.0,125048000.0,0.0001631099,0.0001832802,0.0002045249,0.0002262704,0.0002481147,0.000270377,0.0002928756,3.04552,-0.1029204,3.110701,-0.1671209,35512666.66666667,36784333.333333336,39234666.666666664,41200999.99999999,42975833.33333334,44444833.33333333,44926666.66666663,35512666.66666667,44926666.66666663,40810055.55555555,0.6883647122143418,2.4238852953775836,PASS
all-fast,125.0,2.97,band5,all-fast_125c_2.97v_band5,4.55402e-08,3.745288e-08,3.141008e-08,2.679538e-08,2.323241e-08,2.041222e-08,1.814491e-08,87834500.0,106801000.0,127348000.0,149279000.0,172173000.0,195961000.0,220448000.0,0.0002196987,0.0002505624,0.0002822565,0.0003143203,0.0003474133,0.0003816265,0.00041595,2.983722,-0.06594864,3.024108,-0.120453,63221666.66666668,65855833.333333336,70796666.66666666,74708333.33333333,77803333.33333334,80458333.33333333,81623333.33333325,63221666.66666668,81623333.33333325,73674166.66666666,0.7197817106793649,2.5098110651281673,PASS
all-fast,125.0,2.97,band6,all-fast_125c_2.97v_band6,2.565714e-08,2.093815e-08,1.74815e-08,1.491202e-08,1.296078e-08,1.144527e-08,1.025132e-08,155902000.0,191039000.0,228813000.0,268240000.0,308623000.0,349489000.0,390194000.0,0.000302402,0.0003474555,0.0003951492,0.0004443691,0.0004929224,0.0005408206,0.0005898537,2.990579,-0.0230429,3.003921,-0.03370211,117123333.33333336,121518333.33333334,128668333.33333331,133016666.66666664,135415000.00000003,135951666.66666666,135683333.33333322,117123333.33333336,135951666.66666666,130162222.22222221,0.7512625452741681,2.502815871509025,PASS
all-fast,125.0,2.97,band7,all-fast_125c_2.97v_band7,1.454929e-08,1.194227e-08,1.008028e-08,8.723525e-09,7.708515e-09,6.935104e-09,6.329321e-09,274928000.0,334945000.0,396814000.0,458530000.0,518907000.0,576776000.0,631979000.0,0.0004430918,0.0005116386,0.0005837859,0.000651741,0.0007235963,0.0007924499,0.0008617562,2.999829,-0.03165202,3.01583,-0.04204142,200056666.66666672,203143333.33333334,205974999.99999997,203488333.3333333,197076666.66666672,188453333.3333333,184009999.99999985,184009999.99999985,205974999.99999997,198361666.66666663,0.7276693049331706,2.2987072979107257,PASS
all-fast,125.0,3.3,band0,all-fast_125c_3.30v_band0,6.77143e-07,5.712133e-07,4.9106e-07,4.288729e-07,3.799998e-07,3.409114e-07,3.080273e-07,5907170.0,7002640.0,8145640.0,9326770.0,10526300.0,11733300.0,12985900.0,9.955635e-05,0.0001066927,0.0001149875,0.0001224342,0.0001299551,0.0001394253,0.0001475778,3.354027,-0.05165472,3.371886,-0.07090466,3651566.6666666674,3730783.3333333335,3873549.9999999995,3967766.666666666,4010883.3333333344,4099333.3333333326,4175333.3333333298,3651566.6666666674,4175333.3333333298,3932627.777777777,0.6181583849231811,2.1983284720094396,PASS
all-fast,125.0,3.3,band1,all-fast_125c_3.30v_band1,4.19041e-07,3.526482e-07,3.027586e-07,2.636924e-07,2.333974e-07,2.086604e-07,1.88412e-07,9545600.0,11342700.0,13211800.0,15169200.0,17138200.0,19169900.0,21230100.0,0.0001143429,0.0001242628,0.000135073,0.0001452156,0.0001568017,0.0001670869,0.0001790154,3.374563,-0.07436462,3.391679,-0.1006161,5990333.333333335,6110333.333333334,6377499.999999999,6543999.999999999,6667833.333333335,6819833.333333332,6867333.333333327,5990333.333333335,6867333.333333327,6491388.888888888,0.6275491675047493,2.224071823667449,PASS
all-fast,125.0,3.3,band2,all-fast_125c_3.30v_band2,2.528496e-07,2.122861e-07,1.813975e-07,1.577692e-07,1.392902e-07,1.240446e-07,1.118657e-07,15819700.0,18842500.0,22051000.0,25353500.0,28717000.0,32246500.0,35757200.0,0.0001262192,0.0001388293,0.000151358,0.0001644558,0.0001772821,0.0001910384,0.000204288,3.391452,-0.09473716,3.444789,-0.1455428,10076000.000000002,10385500.0,10851666.666666664,11109999.999999998,11488333.333333336,11733666.666666664,11702333.333333323,10076000.000000002,11733666.666666664,11076388.888888888,0.6369273753611006,2.260295707251086,PASS
all-fast,125.0,3.3,band3,all-fast_125c_3.30v_band3,1.540714e-07,1.288473e-07,1.097924e-07,9.5159e-08,8.356083e-08,7.429144e-08,6.670835e-08,25962000.0,31044500.0,36432400.0,42034900.0,47869300.0,53842000.0,59962500.0,0.0001564245,0.0001735463,0.0001918833,0.0002108953,0.0002305398,0.000249737,0.0002708014,3.392203,-0.1139687,3.467222,-0.1753793,16941666.66666667,17450666.666666668,18317333.333333332,19061499.999999996,19678500.000000004,20155333.333333332,20401666.66666665,16941666.66666667,20401666.66666665,18889166.666666664,0.6525563002336751,2.3096256066558816,PASS
all-fast,125.0,3.3,band4,all-fast_125c_3.30v_band4,8.743625e-08,7.29306e-08,6.191259e-08,5.343341e-08,4.675227e-08,4.145576e-08,3.701976e-08,45747600.0,54846700.0,64607200.0,74859500.0,85557300.0,96488400.0,108050000.0,0.0001733686,0.0001933904,0.0002147692,0.0002369204,0.0002596062,0.0002820467,0.0003057621,3.435049,-0.1207589,3.453269,-0.1784877,30330333.33333334,31432666.666666668,33354666.66666666,34916833.33333333,36048166.66666667,37487833.33333333,38538666.666666634,30330333.33333334,38538666.666666634,34612444.44444444,0.6629928856012849,2.3618725353898347,PASS
all-fast,125.0,3.3,band5,all-fast_125c_3.30v_band5,5.210701e-08,4.313734e-08,3.637631e-08,3.118858e-08,2.712425e-08,2.388782e-08,2.124373e-08,76765100.0,92727100.0,109962000.0,128252000.0,147470000.0,167449000.0,188291000.0,0.0002302357,0.0002613639,0.0002932281,0.0003267854,0.0003606809,0.0003956991,0.0004298076,3.31055,-0.09618455,3.372975,-0.1538212,53206666.66666668,55328166.66666667,59208166.66666666,62513333.33333332,65328333.33333335,68034999.99999999,69473333.33333327,53206666.66666668,69473333.33333327,61958833.33333332,0.6931101068931934,2.452820357167515,PASS
all-fast,125.0,3.3,band6,all-fast_125c_3.30v_band6,2.970463e-08,2.435014e-08,2.036634e-08,1.735904e-08,1.504702e-08,1.323139e-08,1.178408e-08,134659000.0,164270000.0,196402000.0,230428000.0,265833000.0,302311000.0,339441000.0,0.0003140147,0.0003612889,0.000410562,0.0004600043,0.000511749,0.0005629335,0.0006140893,3.315694,-0.03605687,3.327479,-0.05805691,98703333.33333336,102905000.0,110263333.33333331,115718333.33333331,119805000.00000003,122679999.99999999,123766666.66666655,98703333.33333336,123766666.66666655,113767777.77777776,0.732987274027977,2.520744992908012,PASS
all-fast,125.0,3.3,band7,all-fast_125c_3.30v_band7,1.688745e-08,1.379949e-08,1.156181e-08,9.911162e-09,8.669488e-09,7.714546e-09,6.965141e-09,236862000.0,289866000.0,345967000.0,403585000.0,461388000.0,518501000.0,574288000.0,0.0004599217,0.000531103,0.00060924,0.0006819458,0.0007594831,0.0008328878,0.0009051579,3.323096,-0.02686678,3.339007,-0.03905376,176680000.00000003,181841666.6666667,189531666.66666663,192368333.3333333,191526666.66666672,188166666.66666663,185956666.6666665,176680000.00000003,192368333.3333333,187458888.88888887,0.7459195649787641,2.42456789185264,PASS
all-fast,125.0,3.63,band0,all-fast_125c_3.63v_band0,7.200979e-07,6.109753e-07,5.270326e-07,4.618717e-07,4.105352e-07,3.680192e-07,3.341763e-07,5554800.0,6546910.0,7589660.0,8660410.0,9743380.0,10869000.0,11969700.0,0.0001074545,0.0001148211,0.000122979,0.0001292946,0.0001393084,0.0001459535,0.0001538441,3.699001,-0.07107138,3.700722,-0.07161515,3307033.333333334,3391433.3333333335,3522499.9999999995,3589533.333333333,3680983.333333334,3710533.3333333326,3668999.9999999967,3307033.333333334,3710533.3333333326,3563833.333333333,0.5953469671875377,2.1548390581119032,PASS
all-fast,125.0,3.63,band1,all-fast_125c_3.63v_band1,4.498631e-07,3.805343e-07,3.277514e-07,2.872289e-07,2.544914e-07,2.282215e-07,2.064913e-07,8891590.0,10511500.0,12204400.0,13926200.0,15717600.0,17526800.0,19371300.0,0.0001218851,0.00013153,0.0001418677,0.0001531252,0.0001639184,0.0001747529,0.0001862911,3.713238,-0.08158444,3.738091,-0.1046009,5399700.000000001,5521350.0,5691166.666666666,5855333.333333332,6001000.000000001,6089499.999999999,6148333.333333327,5399700.000000001,6148333.333333327,5822061.11111111,0.6072817122696842,2.178609225121716,PASS
all-fast,125.0,3.63,band2,all-fast_125c_3.63v_band2,2.732873e-07,2.304337e-07,1.978713e-07,1.726632e-07,1.527305e-07,1.365918e-07,1.232594e-07,14636600.0,17358600.0,20215200.0,23166500.0,26189900.0,29284300.0,32451900.0,0.0001353771,0.0001465981,0.0001595913,0.0001734885,0.0001863391,0.000201084,0.0002145521,3.714505,-0.09634462,3.732361,-0.1091293,9073333.333333336,9297666.666666668,9679833.333333332,9957833.333333332,10196333.333333336,10436666.666666666,10558666.666666657,9073333.333333336,10558666.666666657,9897388.888888888,0.6199071733417143,2.21717475369963,PASS
all-fast,125.0,3.63,band3,all-fast_125c_3.63v_band3,1.682121e-07,1.413918e-07,1.209613e-07,1.051964e-07,9.28057e-08,8.273725e-08,7.44941e-08,23779500.0,28290200.0,33068400.0,38024100.0,43100800.0,48345800.0,53695500.0,0.0001651358,0.0001831973,0.0002019031,0.0002206291,0.0002405079,0.0002598561,0.0002810226,3.754506,-0.1533911,3.759987,-0.1421523,15035666.66666667,15481500.0,16223166.666666664,16720666.666666664,17202833.333333336,17657833.333333332,17832333.333333317,15035666.66666667,17832333.333333317,16619999.999999998,0.6322953244040737,2.2580584116570996,PASS
all-fast,125.0,3.63,band4,all-fast_125c_3.63v_band4,9.587944e-08,8.038687e-08,6.858449e-08,5.943855e-08,5.228036e-08,4.640994e-08,4.165013e-08,41719100.0,49759400.0,58322200.0,67296400.0,76510600.0,86188400.0,96038100.0,0.0001838746,0.0002059819,0.0002271015,0.0002494931,0.0002725007,0.0002963693,0.0003190169,3.774389,-0.1607375,3.792751,-0.206926,26801000.000000007,27671833.333333336,29228333.33333333,30313999.999999996,31486666.666666675,32545833.33333333,32832333.333333306,26801000.000000007,32832333.333333306,30177222.222222216,0.6424155842288066,2.3020175411262467,PASS
all-fast,125.0,3.63,band5,all-fast_125c_3.63v_band5,5.784617e-08,4.81869e-08,4.08586e-08,3.526326e-08,3.076355e-08,2.718117e-08,2.425648e-08,69148900.0,83010100.0,97898600.0,113433000.0,130024000.0,147161000.0,164904000.0,0.0002432765,0.0002743134,0.0003075871,0.000341281,0.000374976,0.0004100436,0.0004460183,3.70328,-0.1125681,3.76855,-0.1867328,46204000.00000001,47916166.66666667,50704833.33333333,53542333.33333333,56213333.33333334,58133333.33333333,59143333.33333328,46204000.00000001,59143333.33333328,53197277.77777777,0.6681812725871273,2.384766785878011,PASS
all-fast,125.0,3.63,band6,all-fast_125c_3.63v_band6,3.33426e-08,2.751195e-08,2.312547e-08,1.976208e-08,1.715562e-08,1.508166e-08,1.341384e-08,119967000.0,145391000.0,172969000.0,202408000.0,233160000.0,265223000.0,298199000.0,0.0003307484,0.0003795464,0.0004273559,0.0004797358,0.0005325666,0.0005834885,0.0006379111,3.642264,-0.08001183,3.651589,-0.09400526,84746666.66666669,88336666.66666667,95028333.33333331,100318333.33333331,104691666.66666669,108398333.33333331,109919999.9999999,84746666.66666669,109919999.9999999,99017777.77777776,0.7064164867560803,2.485675227354189,PASS
all-fast,125.0,3.63,band7,all-fast_125c_3.63v_band7,1.917471e-08,1.569543e-08,1.312999e-08,1.121694e-08,9.758601e-09,8.62492e-09,7.730194e-09,208608000.0,254851000.0,304646000.0,356604000.0,409895000.0,463772000.0,517451000.0,0.000479448,0.0005524658,0.0006321569,0.0007095803,0.0007900952,0.0008689298,0.0009479126,3.648335,-0.0217347,3.6622,-0.03442569,154143333.33333337,160063333.33333334,169588333.3333333,175414999.99999997,178613333.33333337,179259999.99999997,178929999.99999985,154143333.33333337,179259999.99999997,171579444.44444442,0.7389138160249529,2.480494516030066,PASS
