corner,temp_c,vdd,trim,corner_id,twin_r,twin_f,verdict
typical,-40.0,2.97,c0,typical_-40c_2.97v_c0,9.67262e-10,9.67242e-10,PASS
typical,-40.0,2.97,c1,typical_-40c_2.97v_c1,1.01212e-09,1.01026e-09,PASS
typical,-40.0,2.97,c2,typical_-40c_2.97v_c2,1.05277e-09,1.04872e-09,PASS
typical,-40.0,2.97,c3,typical_-40c_2.97v_c3,1.09855e-09,1.09301e-09,PASS
typical,-40.0,2.97,c4,typical_-40c_2.97v_c4,1.13705e-09,1.12946e-09,PASS
typical,-40.0,2.97,c5,typical_-40c_2.97v_c5,1.1835e-09,1.17478e-09,PASS
typical,-40.0,2.97,c6,typical_-40c_2.97v_c6,1.2258e-09,1.21551e-09,PASS
typical,-40.0,2.97,c7,typical_-40c_2.97v_c7,1.27273e-09,1.26164e-09,PASS
typical,-40.0,2.97,c8,typical_-40c_2.97v_c8,1.31134e-09,1.2992e-09,PASS
typical,-40.0,2.97,c9,typical_-40c_2.97v_c9,1.3586e-09,1.34593e-09,PASS
typical,-40.0,2.97,c10,typical_-40c_2.97v_c10,1.40182e-09,1.38818e-09,PASS
typical,-40.0,2.97,c11,typical_-40c_2.97v_c11,1.44936e-09,1.43535e-09,PASS
typical,-40.0,2.97,c12,typical_-40c_2.97v_c12,1.48992e-09,1.47499e-09,PASS
typical,-40.0,2.97,c13,typical_-40c_2.97v_c13,1.53767e-09,1.52247e-09,PASS
typical,-40.0,2.97,c14,typical_-40c_2.97v_c14,1.58149e-09,1.56568e-09,PASS
typical,-40.0,2.97,c15,typical_-40c_2.97v_c15,1.6294e-09,1.61334e-09,PASS
typical,-40.0,3.3,c0,typical_-40c_3.30v_c0,9.05935e-10,9.0021e-10,PASS
typical,-40.0,3.3,c1,typical_-40c_3.30v_c1,9.48179e-10,9.40872e-10,PASS
typical,-40.0,3.3,c2,typical_-40c_3.30v_c2,9.86724e-10,9.77532e-10,PASS
typical,-40.0,3.3,c3,typical_-40c_3.30v_c3,1.02978e-09,1.01933e-09,PASS
typical,-40.0,3.3,c4,typical_-40c_3.30v_c4,1.06638e-09,1.05426e-09,PASS
typical,-40.0,3.3,c5,typical_-40c_3.30v_c5,1.11002e-09,1.09693e-09,PASS
typical,-40.0,3.3,c6,typical_-40c_3.30v_c6,1.15001e-09,1.13564e-09,PASS
typical,-40.0,3.3,c7,typical_-40c_3.30v_c7,1.19405e-09,1.17893e-09,PASS
typical,-40.0,3.3,c8,typical_-40c_3.30v_c8,1.23058e-09,1.21471e-09,PASS
typical,-40.0,3.3,c9,typical_-40c_3.30v_c9,1.27491e-09,1.25841e-09,PASS
typical,-40.0,3.3,c10,typical_-40c_3.30v_c10,1.31569e-09,1.29832e-09,PASS
typical,-40.0,3.3,c11,typical_-40c_3.30v_c11,1.36025e-09,1.34231e-09,PASS
typical,-40.0,3.3,c12,typical_-40c_3.30v_c12,1.39864e-09,1.37989e-09,PASS
typical,-40.0,3.3,c13,typical_-40c_3.30v_c13,1.44339e-09,1.42408e-09,PASS
typical,-40.0,3.3,c14,typical_-40c_3.30v_c14,1.48468e-09,1.46467e-09,PASS
typical,-40.0,3.3,c15,typical_-40c_3.30v_c15,1.52956e-09,1.50899e-09,PASS
typical,-40.0,3.63,c0,typical_-40c_3.63v_c0,8.59799e-10,8.50537e-10,PASS
typical,-40.0,3.63,c1,typical_-40c_3.63v_c1,9.00074e-10,8.89409e-10,PASS
typical,-40.0,3.63,c2,typical_-40c_3.63v_c2,9.37016e-10,9.24715e-10,PASS
typical,-40.0,3.63,c3,typical_-40c_3.63v_c3,9.78009e-10,9.64574e-10,PASS
typical,-40.0,3.63,c4,typical_-40c_3.63v_c4,1.01315e-09,9.98325e-10,PASS
typical,-40.0,3.63,c5,typical_-40c_3.63v_c5,1.05466e-09,1.03891e-09,PASS
typical,-40.0,3.63,c6,typical_-40c_3.63v_c6,1.09289e-09,1.07601e-09,PASS
typical,-40.0,3.63,c7,typical_-40c_3.63v_c7,1.13476e-09,1.11708e-09,PASS
typical,-40.0,3.63,c8,typical_-40c_3.63v_c8,1.16967e-09,1.15133e-09,PASS
typical,-40.0,3.63,c9,typical_-40c_3.63v_c9,1.2118e-09,1.19271e-09,PASS
typical,-40.0,3.63,c10,typical_-40c_3.63v_c10,1.25073e-09,1.23076e-09,PASS
typical,-40.0,3.63,c11,typical_-40c_3.63v_c11,1.29305e-09,1.27235e-09,PASS
typical,-40.0,3.63,c12,typical_-40c_3.63v_c12,1.32978e-09,1.30827e-09,PASS
typical,-40.0,3.63,c13,typical_-40c_3.63v_c13,1.37227e-09,1.35002e-09,PASS
typical,-40.0,3.63,c14,typical_-40c_3.63v_c14,1.41165e-09,1.38861e-09,PASS
typical,-40.0,3.63,c15,typical_-40c_3.63v_c15,1.45426e-09,1.43048e-09,PASS
typical,27.0,2.97,c0,typical_27c_2.97v_c0,1.10193e-09,1.10004e-09,PASS
typical,27.0,2.97,c1,typical_27c_2.97v_c1,1.15319e-09,1.14924e-09,PASS
typical,27.0,2.97,c2,typical_27c_2.97v_c2,1.19985e-09,1.19352e-09,PASS
typical,27.0,2.97,c3,typical_27c_2.97v_c3,1.25215e-09,1.24416e-09,PASS
typical,27.0,2.97,c4,typical_27c_2.97v_c4,1.29614e-09,1.28605e-09,PASS
typical,27.0,2.97,c5,typical_27c_2.97v_c5,1.34922e-09,1.33784e-09,PASS
typical,27.0,2.97,c6,typical_27c_2.97v_c6,1.39773e-09,1.38467e-09,PASS
typical,27.0,2.97,c7,typical_27c_2.97v_c7,1.45137e-09,1.43735e-09,PASS
typical,27.0,2.97,c8,typical_27c_2.97v_c8,1.49497e-09,1.48004e-09,PASS
typical,27.0,2.97,c9,typical_27c_2.97v_c9,1.549e-09,1.53338e-09,PASS
typical,27.0,2.97,c10,typical_27c_2.97v_c10,1.59856e-09,1.58186e-09,PASS
typical,27.0,2.97,c11,typical_27c_2.97v_c11,1.65292e-09,1.63568e-09,PASS
typical,27.0,2.97,c12,typical_27c_2.97v_c12,1.69923e-09,1.68104e-09,PASS
typical,27.0,2.97,c13,typical_27c_2.97v_c13,1.75384e-09,1.73521e-09,PASS
typical,27.0,2.97,c14,typical_27c_2.97v_c14,1.8041e-09,1.78471e-09,PASS
typical,27.0,2.97,c15,typical_27c_2.97v_c15,1.85891e-09,1.83911e-09,PASS
typical,27.0,3.3,c0,typical_27c_3.30v_c0,1.0296e-09,1.02223e-09,PASS
typical,27.0,3.3,c1,typical_27c_3.30v_c1,1.07769e-09,1.06855e-09,PASS
typical,27.0,3.3,c2,typical_27c_3.30v_c2,1.1217e-09,1.11051e-09,PASS
typical,27.0,3.3,c3,typical_27c_3.30v_c3,1.17073e-09,1.1581e-09,PASS
typical,27.0,3.3,c4,typical_27c_3.30v_c4,1.21233e-09,1.19795e-09,PASS
typical,27.0,3.3,c5,typical_27c_3.30v_c5,1.26204e-09,1.24652e-09,PASS
typical,27.0,3.3,c6,typical_27c_3.30v_c6,1.30769e-09,1.29076e-09,PASS
typical,27.0,3.3,c7,typical_27c_3.30v_c7,1.35789e-09,1.34004e-09,PASS
typical,27.0,3.3,c8,typical_27c_3.30v_c8,1.399e-09,1.38043e-09,PASS
typical,27.0,3.3,c9,typical_27c_3.30v_c9,1.44954e-09,1.43019e-09,PASS
typical,27.0,3.3,c10,typical_27c_3.30v_c10,1.49613e-09,1.47576e-09,PASS
typical,27.0,3.3,c11,typical_27c_3.30v_c11,1.54694e-09,1.52587e-09,PASS
typical,27.0,3.3,c12,typical_27c_3.30v_c12,1.5906e-09,1.56865e-09,PASS
typical,27.0,3.3,c13,typical_27c_3.30v_c13,1.64164e-09,1.61901e-09,PASS
typical,27.0,3.3,c14,typical_27c_3.30v_c14,1.68882e-09,1.66537e-09,PASS
typical,27.0,3.3,c15,typical_27c_3.30v_c15,1.74003e-09,1.71591e-09,PASS
typical,27.0,3.63,c0,typical_27c_3.63v_c0,9.74557e-10,9.63761e-10,PASS
typical,27.0,3.63,c1,typical_27c_3.63v_c1,1.02025e-09,1.00788e-09,PASS
typical,27.0,3.63,c2,typical_27c_3.63v_c2,1.06223e-09,1.04808e-09,PASS
typical,27.0,3.63,c3,typical_27c_3.63v_c3,1.10877e-09,1.09332e-09,PASS
typical,27.0,3.63,c4,typical_27c_3.63v_c4,1.14851e-09,1.13158e-09,PASS
typical,27.0,3.63,c5,typical_27c_3.63v_c5,1.19566e-09,1.17765e-09,PASS
typical,27.0,3.63,c6,typical_27c_3.63v_c6,1.23913e-09,1.21986e-09,PASS
typical,27.0,3.63,c7,typical_27c_3.63v_c7,1.28671e-09,1.2665e-09,PASS
typical,27.0,3.63,c8,typical_27c_3.63v_c8,1.3259e-09,1.30501e-09,PASS
typical,27.0,3.63,c9,typical_27c_3.63v_c9,1.37379e-09,1.35204e-09,PASS
typical,27.0,3.63,c10,typical_27c_3.63v_c10,1.41809e-09,1.39533e-09,PASS
typical,27.0,3.63,c11,typical_27c_3.63v_c11,1.46622e-09,1.44263e-09,PASS
typical,27.0,3.63,c12,typical_27c_3.63v_c12,1.50782e-09,1.48337e-09,PASS
typical,27.0,3.63,c13,typical_27c_3.63v_c13,1.55616e-09,1.53088e-09,PASS
typical,27.0,3.63,c14,typical_27c_3.63v_c14,1.60099e-09,1.57482e-09,PASS
typical,27.0,3.63,c15,typical_27c_3.63v_c15,1.64947e-09,1.62247e-09,PASS
typical,125.0,2.97,c0,typical_125c_2.97v_c0,1.29633e-09,1.28716e-09,PASS
typical,125.0,2.97,c1,typical_125c_2.97v_c1,1.35678e-09,1.34521e-09,PASS
typical,125.0,2.97,c2,typical_125c_2.97v_c2,1.41229e-09,1.39808e-09,PASS
typical,125.0,2.97,c3,typical_125c_2.97v_c3,1.47399e-09,1.45779e-09,PASS
typical,125.0,2.97,c4,typical_125c_2.97v_c4,1.52607e-09,1.50768e-09,PASS
typical,125.0,2.97,c5,typical_125c_2.97v_c5,1.5887e-09,1.56868e-09,PASS
typical,125.0,2.97,c6,typical_125c_2.97v_c6,1.64634e-09,1.62441e-09,PASS
typical,125.0,2.97,c7,typical_125c_2.97v_c7,1.70965e-09,1.68639e-09,PASS
typical,125.0,2.97,c8,typical_125c_2.97v_c8,1.76048e-09,1.73639e-09,PASS
typical,125.0,2.97,c9,typical_125c_2.97v_c9,1.82427e-09,1.79907e-09,PASS
typical,125.0,2.97,c10,typical_125c_2.97v_c10,1.88314e-09,1.85658e-09,PASS
typical,125.0,2.97,c11,typical_125c_2.97v_c11,1.94733e-09,1.91981e-09,PASS
typical,125.0,2.97,c12,typical_125c_2.97v_c12,2.00206e-09,1.97343e-09,PASS
typical,125.0,2.97,c13,typical_125c_2.97v_c13,2.06658e-09,2.03707e-09,PASS
typical,125.0,2.97,c14,typical_125c_2.97v_c14,2.12626e-09,2.09567e-09,PASS
typical,125.0,2.97,c15,typical_125c_2.97v_c15,2.19102e-09,2.15959e-09,PASS
typical,125.0,3.3,c0,typical_125c_3.30v_c0,1.20851e-09,1.19532e-09,PASS
typical,125.0,3.3,c1,typical_125c_3.30v_c1,1.26503e-09,1.24977e-09,PASS
typical,125.0,3.3,c2,typical_125c_3.30v_c2,1.31708e-09,1.29956e-09,PASS
typical,125.0,3.3,c3,typical_125c_3.30v_c3,1.37472e-09,1.35547e-09,PASS
typical,125.0,3.3,c4,typical_125c_3.30v_c4,1.42368e-09,1.40258e-09,PASS
typical,125.0,3.3,c5,typical_125c_3.30v_c5,1.48215e-09,1.45959e-09,PASS
typical,125.0,3.3,c6,typical_125c_3.30v_c6,1.53613e-09,1.51192e-09,PASS
typical,125.0,3.3,c7,typical_125c_3.30v_c7,1.5952e-09,1.56975e-09,PASS
typical,125.0,3.3,c8,typical_125c_3.30v_c8,1.64299e-09,1.61677e-09,PASS
typical,125.0,3.3,c9,typical_125c_3.30v_c9,1.7025e-09,1.67516e-09,PASS
typical,125.0,3.3,c10,typical_125c_3.30v_c10,1.75758e-09,1.72897e-09,PASS
typical,125.0,3.3,c11,typical_125c_3.30v_c11,1.81744e-09,1.7878e-09,PASS
typical,125.0,3.3,c12,typical_125c_3.30v_c12,1.86881e-09,1.83812e-09,PASS
typical,125.0,3.3,c13,typical_125c_3.30v_c13,1.92896e-09,1.89727e-09,PASS
typical,125.0,3.3,c14,typical_125c_3.30v_c14,1.98476e-09,1.95197e-09,PASS
typical,125.0,3.3,c15,typical_125c_3.30v_c15,2.04512e-09,2.01136e-09,PASS
typical,125.0,3.63,c0,typical_125c_3.63v_c0,1.1402e-09,1.12463e-09,PASS
typical,125.0,3.63,c1,typical_125c_3.63v_c1,1.19367e-09,1.17628e-09,PASS
typical,125.0,3.63,c2,typical_125c_3.63v_c2,1.24303e-09,1.22367e-09,PASS
typical,125.0,3.63,c3,typical_125c_3.63v_c3,1.29753e-09,1.27661e-09,PASS
typical,125.0,3.63,c4,typical_125c_3.63v_c4,1.34403e-09,1.32153e-09,PASS
typical,125.0,3.63,c5,typical_125c_3.63v_c5,1.39927e-09,1.37543e-09,PASS
typical,125.0,3.63,c6,typical_125c_3.63v_c6,1.45041e-09,1.42509e-09,PASS
typical,125.0,3.63,c7,typical_125c_3.63v_c7,1.50619e-09,1.47967e-09,PASS
typical,125.0,3.63,c8,typical_125c_3.63v_c8,1.55157e-09,1.5243e-09,PASS
typical,125.0,3.63,c9,typical_125c_3.63v_c9,1.60775e-09,1.57936e-09,PASS
typical,125.0,3.63,c10,typical_125c_3.63v_c10,1.65989e-09,1.63028e-09,PASS
typical,125.0,3.63,c11,typical_125c_3.63v_c11,1.71639e-09,1.6857e-09,PASS
typical,125.0,3.63,c12,typical_125c_3.63v_c12,1.76512e-09,1.7334e-09,PASS
typical,125.0,3.63,c13,typical_125c_3.63v_c13,1.82188e-09,1.7891e-09,PASS
typical,125.0,3.63,c14,typical_125c_3.63v_c14,1.87466e-09,1.84078e-09,PASS
typical,125.0,3.63,c15,typical_125c_3.63v_c15,1.93161e-09,1.89668e-09,PASS
ff,-40.0,2.97,c0,ff_-40c_2.97v_c0,8.47459e-10,8.43524e-10,PASS
ff,-40.0,2.97,c1,ff_-40c_2.97v_c1,8.87345e-10,8.82041e-10,PASS
ff,-40.0,2.97,c2,ff_-40c_2.97v_c2,9.22866e-10,9.15946e-10,PASS
ff,-40.0,2.97,c3,ff_-40c_2.97v_c3,9.63481e-10,9.55483e-10,PASS
ff,-40.0,2.97,c4,ff_-40c_2.97v_c4,9.96222e-10,9.86798e-10,PASS
ff,-40.0,2.97,c5,ff_-40c_2.97v_c5,1.03737e-09,1.02711e-09,PASS
ff,-40.0,2.97,c6,ff_-40c_2.97v_c6,1.07417e-09,1.06283e-09,PASS
ff,-40.0,2.97,c7,ff_-40c_2.97v_c7,1.11569e-09,1.10368e-09,PASS
ff,-40.0,2.97,c8,ff_-40c_2.97v_c8,1.14741e-09,1.13479e-09,PASS
ff,-40.0,2.97,c9,ff_-40c_2.97v_c9,1.18919e-09,1.17601e-09,PASS
ff,-40.0,2.97,c10,ff_-40c_2.97v_c10,1.2267e-09,1.21278e-09,PASS
ff,-40.0,2.97,c11,ff_-40c_2.97v_c11,1.26869e-09,1.25424e-09,PASS
ff,-40.0,2.97,c12,ff_-40c_2.97v_c12,1.30302e-09,1.28788e-09,PASS
ff,-40.0,2.97,c13,ff_-40c_2.97v_c13,1.34518e-09,1.32953e-09,PASS
ff,-40.0,2.97,c14,ff_-40c_2.97v_c14,1.38316e-09,1.3669e-09,PASS
ff,-40.0,2.97,c15,ff_-40c_2.97v_c15,1.42545e-09,1.40867e-09,PASS
ff,-40.0,3.3,c0,ff_-40c_3.30v_c0,8.01842e-10,7.94433e-10,PASS
ff,-40.0,3.3,c1,ff_-40c_3.30v_c1,8.3974e-10,8.31113e-10,PASS
ff,-40.0,3.3,c2,ff_-40c_3.30v_c2,8.73683e-10,8.63671e-10,PASS
ff,-40.0,3.3,c3,ff_-40c_3.30v_c3,9.12226e-10,9.01225e-10,PASS
ff,-40.0,3.3,c4,ff_-40c_3.30v_c4,9.43583e-10,9.31404e-10,PASS
ff,-40.0,3.3,c5,ff_-40c_3.30v_c5,9.82593e-10,9.69592e-10,PASS
ff,-40.0,3.3,c6,ff_-40c_3.30v_c6,1.01768e-09,1.00371e-09,PASS
ff,-40.0,3.3,c7,ff_-40c_3.30v_c7,1.05701e-09,1.04232e-09,PASS
ff,-40.0,3.3,c8,ff_-40c_3.30v_c8,1.08727e-09,1.07202e-09,PASS
ff,-40.0,3.3,c9,ff_-40c_3.30v_c9,1.12683e-09,1.1109e-09,PASS
ff,-40.0,3.3,c10,ff_-40c_3.30v_c10,1.16255e-09,1.14584e-09,PASS
ff,-40.0,3.3,c11,ff_-40c_3.30v_c11,1.2023e-09,1.18492e-09,PASS
ff,-40.0,3.3,c12,ff_-40c_3.30v_c12,1.23506e-09,1.21699e-09,PASS
ff,-40.0,3.3,c13,ff_-40c_3.30v_c13,1.27497e-09,1.25622e-09,PASS
ff,-40.0,3.3,c14,ff_-40c_3.30v_c14,1.31108e-09,1.29164e-09,PASS
ff,-40.0,3.3,c15,ff_-40c_3.30v_c15,1.3511e-09,1.33098e-09,PASS
ff,-40.0,3.63,c0,ff_-40c_3.63v_c0,7.67073e-10,7.57592e-10,PASS
ff,-40.0,3.63,c1,ff_-40c_3.63v_c1,8.03456e-10,7.9287e-10,PASS
ff,-40.0,3.63,c2,ff_-40c_3.63v_c2,8.36187e-10,8.24381e-10,PASS
ff,-40.0,3.63,c3,ff_-40c_3.63v_c3,8.73153e-10,8.60411e-10,PASS
ff,-40.0,3.63,c4,ff_-40c_3.63v_c4,9.03435e-10,8.89678e-10,PASS
ff,-40.0,3.63,c5,ff_-40c_3.63v_c5,9.40821e-10,9.26233e-10,PASS
ff,-40.0,3.63,c6,ff_-40c_3.63v_c6,9.74585e-10,9.59093e-10,PASS
ff,-40.0,3.63,c7,ff_-40c_3.63v_c7,1.01226e-09,9.95996e-10,PASS
ff,-40.0,3.63,c8,ff_-40c_3.63v_c8,1.04138e-09,1.02457e-09,PASS
ff,-40.0,3.63,c9,ff_-40c_3.63v_c9,1.07927e-09,1.0617e-09,PASS
ff,-40.0,3.63,c10,ff_-40c_3.63v_c10,1.1136e-09,1.09524e-09,PASS
ff,-40.0,3.63,c11,ff_-40c_3.63v_c11,1.15166e-09,1.13254e-09,PASS
ff,-40.0,3.63,c12,ff_-40c_3.63v_c12,1.18321e-09,1.16339e-09,PASS
ff,-40.0,3.63,c13,ff_-40c_3.63v_c13,1.22141e-09,1.20083e-09,PASS
ff,-40.0,3.63,c14,ff_-40c_3.63v_c14,1.2561e-09,1.23478e-09,PASS
ff,-40.0,3.63,c15,ff_-40c_3.63v_c15,1.2944e-09,1.27232e-09,PASS
ff,27.0,2.97,c0,ff_27c_2.97v_c0,9.62851e-10,9.57108e-10,PASS
ff,27.0,2.97,c1,ff_27c_2.97v_c1,1.00829e-09,1.00101e-09,PASS
ff,27.0,2.97,c2,ff_27c_2.97v_c2,1.04889e-09,1.03986e-09,PASS
ff,27.0,2.97,c3,ff_27c_2.97v_c3,1.09518e-09,1.0849e-09,PASS
ff,27.0,2.97,c4,ff_27c_2.97v_c4,1.13242e-09,1.12065e-09,PASS
ff,27.0,2.97,c5,ff_27c_2.97v_c5,1.17932e-09,1.16656e-09,PASS
ff,27.0,2.97,c6,ff_27c_2.97v_c6,1.22138e-09,1.20741e-09,PASS
ff,27.0,2.97,c7,ff_27c_2.97v_c7,1.26872e-09,1.25394e-09,PASS
ff,27.0,2.97,c8,ff_27c_2.97v_c8,1.3044e-09,1.28902e-09,PASS
ff,27.0,2.97,c9,ff_27c_2.97v_c9,1.35205e-09,1.33596e-09,PASS
ff,27.0,2.97,c10,ff_27c_2.97v_c10,1.39494e-09,1.37797e-09,PASS
ff,27.0,2.97,c11,ff_27c_2.97v_c11,1.44285e-09,1.42522e-09,PASS
ff,27.0,2.97,c12,ff_27c_2.97v_c12,1.48191e-09,1.46351e-09,PASS
ff,27.0,2.97,c13,ff_27c_2.97v_c13,1.53002e-09,1.511e-09,PASS
ff,27.0,2.97,c14,ff_27c_2.97v_c14,1.57345e-09,1.5537e-09,PASS
ff,27.0,2.97,c15,ff_27c_2.97v_c15,1.62172e-09,1.60134e-09,PASS
ff,27.0,3.3,c0,ff_27c_3.30v_c0,9.0843e-10,8.9952e-10,PASS
ff,27.0,3.3,c1,ff_27c_3.30v_c1,9.51448e-10,9.41168e-10,PASS
ff,27.0,3.3,c2,ff_27c_3.30v_c2,9.90051e-10,9.78263e-10,PASS
ff,27.0,3.3,c3,ff_27c_3.30v_c3,1.03383e-09,1.02091e-09,PASS
ff,27.0,3.3,c4,ff_27c_3.30v_c4,1.06932e-09,1.05515e-09,PASS
ff,27.0,3.3,c5,ff_27c_3.30v_c5,1.11364e-09,1.09852e-09,PASS
ff,27.0,3.3,c6,ff_27c_3.30v_c6,1.15356e-09,1.13735e-09,PASS
ff,27.0,3.3,c7,ff_27c_3.30v_c7,1.19828e-09,1.18122e-09,PASS
ff,27.0,3.3,c8,ff_27c_3.30v_c8,1.2322e-09,1.21459e-09,PASS
ff,27.0,3.3,c9,ff_27c_3.30v_c9,1.2772e-09,1.25879e-09,PASS
ff,27.0,3.3,c10,ff_27c_3.30v_c10,1.31786e-09,1.29857e-09,PASS
ff,27.0,3.3,c11,ff_27c_3.30v_c11,1.36308e-09,1.34303e-09,PASS
ff,27.0,3.3,c12,ff_27c_3.30v_c12,1.40021e-09,1.37939e-09,PASS
ff,27.0,3.3,c13,ff_27c_3.30v_c13,1.44562e-09,1.42404e-09,PASS
ff,27.0,3.3,c14,ff_27c_3.30v_c14,1.48676e-09,1.46439e-09,PASS
ff,27.0,3.3,c15,ff_27c_3.30v_c15,1.5323e-09,1.50918e-09,PASS
ff,27.0,3.63,c0,ff_27c_3.63v_c0,8.66409e-10,8.55643e-10,PASS
ff,27.0,3.63,c1,ff_27c_3.63v_c1,9.07564e-10,8.95563e-10,PASS
ff,27.0,3.63,c2,ff_27c_3.63v_c2,9.44621e-10,9.31295e-10,PASS
ff,27.0,3.63,c3,ff_27c_3.63v_c3,9.86464e-10,9.72082e-10,PASS
ff,27.0,3.63,c4,ff_27c_3.63v_c4,1.02058e-09,1.00512e-09,PASS
ff,27.0,3.63,c5,ff_27c_3.63v_c5,1.06293e-09,1.04653e-09,PASS
ff,27.0,3.63,c6,ff_27c_3.63v_c6,1.10119e-09,1.08379e-09,PASS
ff,27.0,3.63,c7,ff_27c_3.63v_c7,1.14389e-09,1.12562e-09,PASS
ff,27.0,3.63,c8,ff_27c_3.63v_c8,1.17643e-09,1.15761e-09,PASS
ff,27.0,3.63,c9,ff_27c_3.63v_c9,1.21939e-09,1.19972e-09,PASS
ff,27.0,3.63,c10,ff_27c_3.63v_c10,1.25833e-09,1.2378e-09,PASS
ff,27.0,3.63,c11,ff_27c_3.63v_c11,1.30149e-09,1.28012e-09,PASS
ff,27.0,3.63,c12,ff_27c_3.63v_c12,1.33711e-09,1.31499e-09,PASS
ff,27.0,3.63,c13,ff_27c_3.63v_c13,1.38044e-09,1.35749e-09,PASS
ff,27.0,3.63,c14,ff_27c_3.63v_c14,1.41981e-09,1.39604e-09,PASS
ff,27.0,3.63,c15,ff_27c_3.63v_c15,1.46326e-09,1.43867e-09,PASS
ff,125.0,2.97,c0,ff_125c_2.97v_c0,1.12884e-09,1.11801e-09,PASS
ff,125.0,2.97,c1,ff_125c_2.97v_c1,1.18224e-09,1.16964e-09,PASS
ff,125.0,2.97,c2,ff_125c_2.97v_c2,1.23028e-09,1.21579e-09,PASS
ff,125.0,2.97,c3,ff_125c_2.97v_c3,1.2847e-09,1.26872e-09,PASS
ff,125.0,2.97,c4,ff_125c_2.97v_c4,1.32856e-09,1.31105e-09,PASS
ff,125.0,2.97,c5,ff_125c_2.97v_c5,1.38372e-09,1.36496e-09,PASS
ff,125.0,2.97,c6,ff_125c_2.97v_c6,1.43349e-09,1.41333e-09,PASS
ff,125.0,2.97,c7,ff_125c_2.97v_c7,1.4892e-09,1.46795e-09,PASS
ff,125.0,2.97,c8,ff_125c_2.97v_c8,1.53061e-09,1.50875e-09,PASS
ff,125.0,2.97,c9,ff_125c_2.97v_c9,1.58672e-09,1.56386e-09,PASS
ff,125.0,2.97,c10,ff_125c_2.97v_c10,1.63747e-09,1.61351e-09,PASS
ff,125.0,2.97,c11,ff_125c_2.97v_c11,1.6939e-09,1.669e-09,PASS
ff,125.0,2.97,c12,ff_125c_2.97v_c12,1.73989e-09,1.71409e-09,PASS
ff,125.0,2.97,c13,ff_125c_2.97v_c13,1.79658e-09,1.76987e-09,PASS
ff,125.0,2.97,c14,ff_125c_2.97v_c14,1.84797e-09,1.82031e-09,PASS
ff,125.0,2.97,c15,ff_125c_2.97v_c15,1.90486e-09,1.87631e-09,PASS
ff,125.0,3.3,c0,ff_125c_3.30v_c0,1.06162e-09,1.0489e-09,PASS
ff,125.0,3.3,c1,ff_125c_3.30v_c1,1.11196e-09,1.0977e-09,PASS
ff,125.0,3.3,c2,ff_125c_3.30v_c2,1.15738e-09,1.14149e-09,PASS
ff,125.0,3.3,c3,ff_125c_3.30v_c3,1.20865e-09,1.19143e-09,PASS
ff,125.0,3.3,c4,ff_125c_3.30v_c4,1.2502e-09,1.23168e-09,PASS
ff,125.0,3.3,c5,ff_125c_3.30v_c5,1.30215e-09,1.28246e-09,PASS
ff,125.0,3.3,c6,ff_125c_3.30v_c6,1.34913e-09,1.32821e-09,PASS
ff,125.0,3.3,c7,ff_125c_3.30v_c7,1.40157e-09,1.37959e-09,PASS
ff,125.0,3.3,c8,ff_125c_3.30v_c8,1.44081e-09,1.41824e-09,PASS
ff,125.0,3.3,c9,ff_125c_3.30v_c9,1.4936e-09,1.47003e-09,PASS
ff,125.0,3.3,c10,ff_125c_3.30v_c10,1.54148e-09,1.51687e-09,PASS
ff,125.0,3.3,c11,ff_125c_3.30v_c11,1.59456e-09,1.56899e-09,PASS
ff,125.0,3.3,c12,ff_125c_3.30v_c12,1.63807e-09,1.61162e-09,PASS
ff,125.0,3.3,c13,ff_125c_3.30v_c13,1.69139e-09,1.66399e-09,PASS
ff,125.0,3.3,c14,ff_125c_3.30v_c14,1.73985e-09,1.7115e-09,PASS
ff,125.0,3.3,c15,ff_125c_3.30v_c15,1.79334e-09,1.76405e-09,PASS
ff,125.0,3.63,c0,ff_125c_3.63v_c0,1.00855e-09,9.94854e-10,PASS
ff,125.0,3.63,c1,ff_125c_3.63v_c1,1.05651e-09,1.04142e-09,PASS
ff,125.0,3.63,c2,ff_125c_3.63v_c2,1.09987e-09,1.08335e-09,PASS
ff,125.0,3.63,c3,ff_125c_3.63v_c3,1.14866e-09,1.13093e-09,PASS
ff,125.0,3.63,c4,ff_125c_3.63v_c4,1.18838e-09,1.16952e-09,PASS
ff,125.0,3.63,c5,ff_125c_3.63v_c5,1.2378e-09,1.21784e-09,PASS
ff,125.0,3.63,c6,ff_125c_3.63v_c6,1.2826e-09,1.26151e-09,PASS
ff,125.0,3.63,c7,ff_125c_3.63v_c7,1.33246e-09,1.31035e-09,PASS
ff,125.0,3.63,c8,ff_125c_3.63v_c8,1.36995e-09,1.34726e-09,PASS
ff,125.0,3.63,c9,ff_125c_3.63v_c9,1.42014e-09,1.39647e-09,PASS
ff,125.0,3.63,c10,ff_125c_3.63v_c10,1.46575e-09,1.44108e-09,PASS
ff,125.0,3.63,c11,ff_125c_3.63v_c11,1.5162e-09,1.49057e-09,PASS
ff,125.0,3.63,c12,ff_125c_3.63v_c12,1.55774e-09,1.53126e-09,PASS
ff,125.0,3.63,c13,ff_125c_3.63v_c13,1.6084e-09,1.58096e-09,PASS
ff,125.0,3.63,c14,ff_125c_3.63v_c14,1.65454e-09,1.62616e-09,PASS
ff,125.0,3.63,c15,ff_125c_3.63v_c15,1.70536e-09,1.67603e-09,PASS
ss,-40.0,2.97,c0,ss_-40c_2.97v_c0,1.13146e-09,1.13708e-09,PASS
ss,-40.0,2.97,c1,ss_-40c_2.97v_c1,1.18301e-09,1.18613e-09,PASS
ss,-40.0,2.97,c2,ss_-40c_2.97v_c2,1.23064e-09,1.23085e-09,PASS
ss,-40.0,2.97,c3,ss_-40c_2.97v_c3,1.28337e-09,1.28138e-09,PASS
ss,-40.0,2.97,c4,ss_-40c_2.97v_c4,1.32971e-09,1.32488e-09,PASS
ss,-40.0,2.97,c5,ss_-40c_2.97v_c5,1.38332e-09,1.37665e-09,PASS
ss,-40.0,2.97,c6,ss_-40c_2.97v_c6,1.43307e-09,1.424e-09,PASS
ss,-40.0,2.97,c7,ss_-40c_2.97v_c7,1.48731e-09,1.47682e-09,PASS
ss,-40.0,2.97,c8,ss_-40c_2.97v_c8,1.53528e-09,1.52281e-09,PASS
ss,-40.0,2.97,c9,ss_-40c_2.97v_c9,1.58997e-09,1.57649e-09,PASS
ss,-40.0,2.97,c10,ss_-40c_2.97v_c10,1.64094e-09,1.62575e-09,PASS
ss,-40.0,2.97,c11,ss_-40c_2.97v_c11,1.69598e-09,1.68017e-09,PASS
ss,-40.0,2.97,c12,ss_-40c_2.97v_c12,1.74502e-09,1.72751e-09,PASS
ss,-40.0,2.97,c13,ss_-40c_2.97v_c13,1.80034e-09,1.78253e-09,PASS
ss,-40.0,2.97,c14,ss_-40c_2.97v_c14,1.85209e-09,1.83323e-09,PASS
ss,-40.0,2.97,c15,ss_-40c_2.97v_c15,1.90762e-09,1.88872e-09,PASS
ss,-40.0,3.3,c0,ss_-40c_3.30v_c0,1.04887e-09,1.04565e-09,PASS
ss,-40.0,3.3,c1,ss_-40c_3.30v_c1,1.09702e-09,1.09166e-09,PASS
ss,-40.0,3.3,c2,ss_-40c_3.30v_c2,1.14184e-09,1.13394e-09,PASS
ss,-40.0,3.3,c3,ss_-40c_3.30v_c3,1.19102e-09,1.18135e-09,PASS
ss,-40.0,3.3,c4,ss_-40c_3.30v_c4,1.23478e-09,1.22271e-09,PASS
ss,-40.0,3.3,c5,ss_-40c_3.30v_c5,1.28471e-09,1.27127e-09,PASS
ss,-40.0,3.3,c6,ss_-40c_3.30v_c6,1.33139e-09,1.31606e-09,PASS
ss,-40.0,3.3,c7,ss_-40c_3.30v_c7,1.38184e-09,1.36551e-09,PASS
ss,-40.0,3.3,c8,ss_-40c_3.30v_c8,1.42691e-09,1.40928e-09,PASS
ss,-40.0,3.3,c9,ss_-40c_3.30v_c9,1.47773e-09,1.45941e-09,PASS
ss,-40.0,3.3,c10,ss_-40c_3.30v_c10,1.52544e-09,1.50592e-09,PASS
ss,-40.0,3.3,c11,ss_-40c_3.30v_c11,1.57655e-09,1.55654e-09,PASS
ss,-40.0,3.3,c12,ss_-40c_3.30v_c12,1.62262e-09,1.6015e-09,PASS
ss,-40.0,3.3,c13,ss_-40c_3.30v_c13,1.67396e-09,1.65248e-09,PASS
ss,-40.0,3.3,c14,ss_-40c_3.30v_c14,1.72233e-09,1.70006e-09,PASS
ss,-40.0,3.3,c15,ss_-40c_3.30v_c15,1.77384e-09,1.75124e-09,PASS
ss,-40.0,3.63,c0,ss_-40c_3.63v_c0,9.87606e-10,9.78845e-10,PASS
ss,-40.0,3.63,c1,ss_-40c_3.63v_c1,1.03323e-09,1.02261e-09,PASS
ss,-40.0,3.63,c2,ss_-40c_3.63v_c2,1.07594e-09,1.06311e-09,PASS
ss,-40.0,3.63,c3,ss_-40c_3.63v_c3,1.12246e-09,1.10814e-09,PASS
ss,-40.0,3.63,c4,ss_-40c_3.63v_c4,1.16424e-09,1.14794e-09,PASS
ss,-40.0,3.63,c5,ss_-40c_3.63v_c5,1.21142e-09,1.19396e-09,PASS
ss,-40.0,3.63,c6,ss_-40c_3.63v_c6,1.25577e-09,1.23678e-09,PASS
ss,-40.0,3.63,c7,ss_-40c_3.63v_c7,1.30339e-09,1.2835e-09,PASS
ss,-40.0,3.63,c8,ss_-40c_3.63v_c8,1.34622e-09,1.32539e-09,PASS
ss,-40.0,3.63,c9,ss_-40c_3.63v_c9,1.39415e-09,1.37259e-09,PASS
ss,-40.0,3.63,c10,ss_-40c_3.63v_c10,1.4394e-09,1.41679e-09,PASS
ss,-40.0,3.63,c11,ss_-40c_3.63v_c11,1.48758e-09,1.46429e-09,PASS
ss,-40.0,3.63,c12,ss_-40c_3.63v_c12,1.53138e-09,1.50714e-09,PASS
ss,-40.0,3.63,c13,ss_-40c_3.63v_c13,1.57976e-09,1.55487e-09,PASS
ss,-40.0,3.63,c14,ss_-40c_3.63v_c14,1.62557e-09,1.59983e-09,PASS
ss,-40.0,3.63,c15,ss_-40c_3.63v_c15,1.6741e-09,1.64769e-09,PASS
ss,27.0,2.97,c0,ss_27c_2.97v_c0,1.29021e-09,1.29397e-09,PASS
ss,27.0,2.97,c1,ss_27c_2.97v_c1,1.34921e-09,1.35021e-09,PASS
ss,27.0,2.97,c2,ss_27c_2.97v_c2,1.40403e-09,1.40185e-09,PASS
ss,27.0,2.97,c3,ss_27c_2.97v_c3,1.46436e-09,1.45981e-09,PASS
ss,27.0,2.97,c4,ss_27c_2.97v_c4,1.51749e-09,1.50996e-09,PASS
ss,27.0,2.97,c5,ss_27c_2.97v_c5,1.57881e-09,1.56936e-09,PASS
ss,27.0,2.97,c6,ss_27c_2.97v_c6,1.63598e-09,1.62404e-09,PASS
ss,27.0,2.97,c7,ss_27c_2.97v_c7,1.69802e-09,1.68464e-09,PASS
ss,27.0,2.97,c8,ss_27c_2.97v_c8,1.75238e-09,1.73732e-09,PASS
ss,27.0,2.97,c9,ss_27c_2.97v_c9,1.81494e-09,1.79886e-09,PASS
ss,27.0,2.97,c10,ss_27c_2.97v_c10,1.87348e-09,1.85574e-09,PASS
ss,27.0,2.97,c11,ss_27c_2.97v_c11,1.93646e-09,1.91807e-09,PASS
ss,27.0,2.97,c12,ss_27c_2.97v_c12,1.99258e-09,1.97267e-09,PASS
ss,27.0,2.97,c13,ss_27c_2.97v_c13,2.0559e-09,2.03562e-09,PASS
ss,27.0,2.97,c14,ss_27c_2.97v_c14,2.11533e-09,2.09405e-09,PASS
ss,27.0,2.97,c15,ss_27c_2.97v_c15,2.17891e-09,2.15744e-09,PASS
ss,27.0,3.3,c0,ss_27c_3.30v_c0,1.1937e-09,1.18882e-09,PASS
ss,27.0,3.3,c1,ss_27c_3.30v_c1,1.24861e-09,1.24137e-09,PASS
ss,27.0,3.3,c2,ss_27c_3.30v_c2,1.2999e-09,1.28991e-09,PASS
ss,27.0,3.3,c3,ss_27c_3.30v_c3,1.35598e-09,1.34403e-09,PASS
ss,27.0,3.3,c4,ss_27c_3.30v_c4,1.40583e-09,1.39142e-09,PASS
ss,27.0,3.3,c5,ss_27c_3.30v_c5,1.46277e-09,1.44682e-09,PASS
ss,27.0,3.3,c6,ss_27c_3.30v_c6,1.51616e-09,1.49822e-09,PASS
ss,27.0,3.3,c7,ss_27c_3.30v_c7,1.57371e-09,1.55462e-09,PASS
ss,27.0,3.3,c8,ss_27c_3.30v_c8,1.62458e-09,1.60434e-09,PASS
ss,27.0,3.3,c9,ss_27c_3.30v_c9,1.68258e-09,1.66148e-09,PASS
ss,27.0,3.3,c10,ss_27c_3.30v_c10,1.73715e-09,1.71475e-09,PASS
ss,27.0,3.3,c11,ss_27c_3.30v_c11,1.79549e-09,1.77244e-09,PASS
ss,27.0,3.3,c12,ss_27c_3.30v_c12,1.84798e-09,1.8238e-09,PASS
ss,27.0,3.3,c13,ss_27c_3.30v_c13,1.90661e-09,1.88188e-09,PASS
ss,27.0,3.3,c14,ss_27c_3.30v_c14,1.96194e-09,1.93631e-09,PASS
ss,27.0,3.3,c15,ss_27c_3.30v_c15,2.02078e-09,1.99465e-09,PASS
ss,27.0,3.63,c0,ss_27c_3.63v_c0,1.12137e-09,1.111e-09,PASS
ss,27.0,3.63,c1,ss_27c_3.63v_c1,1.1732e-09,1.16077e-09,PASS
ss,27.0,3.63,c2,ss_27c_3.63v_c2,1.22185e-09,1.20702e-09,PASS
ss,27.0,3.63,c3,ss_27c_3.63v_c3,1.27472e-09,1.25821e-09,PASS
ss,27.0,3.63,c4,ss_27c_3.63v_c4,1.32209e-09,1.30351e-09,PASS
ss,27.0,3.63,c5,ss_27c_3.63v_c5,1.37573e-09,1.35581e-09,PASS
ss,27.0,3.63,c6,ss_27c_3.63v_c6,1.42625e-09,1.40465e-09,PASS
ss,27.0,3.63,c7,ss_27c_3.63v_c7,1.48042e-09,1.45776e-09,PASS
ss,27.0,3.63,c8,ss_27c_3.63v_c8,1.52861e-09,1.50503e-09,PASS
ss,27.0,3.63,c9,ss_27c_3.63v_c9,1.58317e-09,1.5587e-09,PASS
ss,27.0,3.63,c10,ss_27c_3.63v_c10,1.63473e-09,1.60907e-09,PASS
ss,27.0,3.63,c11,ss_27c_3.63v_c11,1.68959e-09,1.66312e-09,PASS
ss,27.0,3.63,c12,ss_27c_3.63v_c12,1.7393e-09,1.71179e-09,PASS
ss,27.0,3.63,c13,ss_27c_3.63v_c13,1.79441e-09,1.76613e-09,PASS
ss,27.0,3.63,c14,ss_27c_3.63v_c14,1.84663e-09,1.81739e-09,PASS
ss,27.0,3.63,c15,ss_27c_3.63v_c15,1.90193e-09,1.87191e-09,PASS
ss,125.0,2.97,c0,ss_125c_2.97v_c0,1.51942e-09,1.51387e-09,PASS
ss,125.0,2.97,c1,ss_125c_2.97v_c1,1.58916e-09,1.58043e-09,PASS
ss,125.0,2.97,c2,ss_125c_2.97v_c2,1.65459e-09,1.64227e-09,PASS
ss,125.0,2.97,c3,ss_125c_2.97v_c3,1.72589e-09,1.71083e-09,PASS
ss,125.0,2.97,c4,ss_125c_2.97v_c4,1.78901e-09,1.77083e-09,PASS
ss,125.0,2.97,c5,ss_125c_2.97v_c5,1.86146e-09,1.84104e-09,PASS
ss,125.0,2.97,c6,ss_125c_2.97v_c6,1.92957e-09,1.90645e-09,PASS
ss,125.0,2.97,c7,ss_125c_2.97v_c7,2.00288e-09,1.978e-09,PASS
ss,125.0,2.97,c8,ss_125c_2.97v_c8,2.06646e-09,2.0402e-09,PASS
ss,125.0,2.97,c9,ss_125c_2.97v_c9,2.14038e-09,2.11277e-09,PASS
ss,125.0,2.97,c10,ss_125c_2.97v_c10,2.21005e-09,2.18059e-09,PASS
ss,125.0,2.97,c11,ss_125c_2.97v_c11,2.28448e-09,2.25397e-09,PASS
ss,125.0,2.97,c12,ss_125c_2.97v_c12,2.35096e-09,2.31895e-09,PASS
ss,125.0,2.97,c13,ss_125c_2.97v_c13,2.4258e-09,2.39294e-09,PASS
ss,125.0,2.97,c14,ss_125c_2.97v_c14,2.4965e-09,2.46237e-09,PASS
ss,125.0,2.97,c15,ss_125c_2.97v_c15,2.57166e-09,2.53681e-09,PASS
ss,125.0,3.3,c0,ss_125c_3.30v_c0,1.40413e-09,1.39161e-09,PASS
ss,125.0,3.3,c1,ss_125c_3.30v_c1,1.46881e-09,1.45356e-09,PASS
ss,125.0,3.3,c2,ss_125c_3.30v_c2,1.52971e-09,1.51138e-09,PASS
ss,125.0,3.3,c3,ss_125c_3.30v_c3,1.59578e-09,1.57514e-09,PASS
ss,125.0,3.3,c4,ss_125c_3.30v_c4,1.65469e-09,1.63145e-09,PASS
ss,125.0,3.3,c5,ss_125c_3.30v_c5,1.72178e-09,1.69666e-09,PASS
ss,125.0,3.3,c6,ss_125c_3.30v_c6,1.78509e-09,1.75772e-09,PASS
ss,125.0,3.3,c7,ss_125c_3.30v_c7,1.85293e-09,1.82403e-09,PASS
ss,125.0,3.3,c8,ss_125c_3.30v_c8,1.91226e-09,1.88226e-09,PASS
ss,125.0,3.3,c9,ss_125c_3.30v_c9,1.98064e-09,1.94938e-09,PASS
ss,125.0,3.3,c10,ss_125c_3.30v_c10,2.04533e-09,2.01247e-09,PASS
ss,125.0,3.3,c11,ss_125c_3.30v_c11,2.11415e-09,2.0802e-09,PASS
ss,125.0,3.3,c12,ss_125c_3.30v_c12,2.17608e-09,2.14082e-09,PASS
ss,125.0,3.3,c13,ss_125c_3.30v_c13,2.24526e-09,2.20901e-09,PASS
ss,125.0,3.3,c14,ss_125c_3.30v_c14,2.31085e-09,2.27335e-09,PASS
ss,125.0,3.3,c15,ss_125c_3.30v_c15,2.3803e-09,2.34185e-09,PASS
ss,125.0,3.63,c0,ss_125c_3.63v_c0,1.31591e-09,1.29905e-09,PASS
ss,125.0,3.63,c1,ss_125c_3.63v_c1,1.37674e-09,1.35747e-09,PASS
ss,125.0,3.63,c2,ss_125c_3.63v_c2,1.43417e-09,1.41223e-09,PASS
ss,125.0,3.63,c3,ss_125c_3.63v_c3,1.49624e-09,1.47227e-09,PASS
ss,125.0,3.63,c4,ss_125c_3.63v_c4,1.55189e-09,1.52571e-09,PASS
ss,125.0,3.63,c5,ss_125c_3.63v_c5,1.61489e-09,1.58702e-09,PASS
ss,125.0,3.63,c6,ss_125c_3.63v_c6,1.67451e-09,1.6447e-09,PASS
ss,125.0,3.63,c7,ss_125c_3.63v_c7,1.73818e-09,1.70693e-09,PASS
ss,125.0,3.63,c8,ss_125c_3.63v_c8,1.79418e-09,1.76195e-09,PASS
ss,125.0,3.63,c9,ss_125c_3.63v_c9,1.85833e-09,1.82484e-09,PASS
ss,125.0,3.63,c10,ss_125c_3.63v_c10,1.91919e-09,1.88422e-09,PASS
ss,125.0,3.63,c11,ss_125c_3.63v_c11,1.98373e-09,1.94758e-09,PASS
ss,125.0,3.63,c12,ss_125c_3.63v_c12,2.04213e-09,2.00474e-09,PASS
ss,125.0,3.63,c13,ss_125c_3.63v_c13,2.10698e-09,2.06847e-09,PASS
ss,125.0,3.63,c14,ss_125c_3.63v_c14,2.16865e-09,2.12886e-09,PASS
ss,125.0,3.63,c15,ss_125c_3.63v_c15,2.23374e-09,2.19284e-09,PASS
fs,-40.0,2.97,c0,fs_-40c_2.97v_c0,9.82326e-10,9.80789e-10,PASS
fs,-40.0,2.97,c1,fs_-40c_2.97v_c1,1.02832e-09,1.02448e-09,PASS
fs,-40.0,2.97,c2,fs_-40c_2.97v_c2,1.06988e-09,1.0633e-09,PASS
fs,-40.0,2.97,c3,fs_-40c_2.97v_c3,1.1167e-09,1.10824e-09,PASS
fs,-40.0,2.97,c4,fs_-40c_2.97v_c4,1.1557e-09,1.14474e-09,PASS
fs,-40.0,2.97,c5,fs_-40c_2.97v_c5,1.20311e-09,1.19068e-09,PASS
fs,-40.0,2.97,c6,fs_-40c_2.97v_c6,1.24613e-09,1.23172e-09,PASS
fs,-40.0,2.97,c7,fs_-40c_2.97v_c7,1.29396e-09,1.27844e-09,PASS
fs,-40.0,2.97,c8,fs_-40c_2.97v_c8,1.33241e-09,1.31567e-09,PASS
fs,-40.0,2.97,c9,fs_-40c_2.97v_c9,1.38053e-09,1.36293e-09,PASS
fs,-40.0,2.97,c10,fs_-40c_2.97v_c10,1.42434e-09,1.40542e-09,PASS
fs,-40.0,2.97,c11,fs_-40c_2.97v_c11,1.47269e-09,1.45305e-09,PASS
fs,-40.0,2.97,c12,fs_-40c_2.97v_c12,1.51348e-09,1.49262e-09,PASS
fs,-40.0,2.97,c13,fs_-40c_2.97v_c13,1.56202e-09,1.5405e-09,PASS
fs,-40.0,2.97,c14,fs_-40c_2.97v_c14,1.60635e-09,1.58386e-09,PASS
fs,-40.0,2.97,c15,fs_-40c_2.97v_c15,1.65504e-09,1.63189e-09,PASS
fs,-40.0,3.3,c0,fs_-40c_3.30v_c0,9.17843e-10,9.09971e-10,PASS
fs,-40.0,3.3,c1,fs_-40c_3.30v_c1,9.60997e-10,9.51106e-10,PASS
fs,-40.0,3.3,c2,fs_-40c_3.30v_c2,1.00023e-09,9.88002e-10,PASS
fs,-40.0,3.3,c3,fs_-40c_3.30v_c3,1.0441e-09,1.03022e-09,PASS
fs,-40.0,3.3,c4,fs_-40c_3.30v_c4,1.081e-09,1.0651e-09,PASS
fs,-40.0,3.3,c5,fs_-40c_3.30v_c5,1.12539e-09,1.10813e-09,PASS
fs,-40.0,3.3,c6,fs_-40c_3.30v_c6,1.16589e-09,1.14697e-09,PASS
fs,-40.0,3.3,c7,fs_-40c_3.30v_c7,1.21064e-09,1.19057e-09,PASS
fs,-40.0,3.3,c8,fs_-40c_3.30v_c8,1.24688e-09,1.22583e-09,PASS
fs,-40.0,3.3,c9,fs_-40c_3.30v_c9,1.29187e-09,1.26979e-09,PASS
fs,-40.0,3.3,c10,fs_-40c_3.30v_c10,1.33307e-09,1.30972e-09,PASS
fs,-40.0,3.3,c11,fs_-40c_3.30v_c11,1.37828e-09,1.35392e-09,PASS
fs,-40.0,3.3,c12,fs_-40c_3.30v_c12,1.41674e-09,1.39124e-09,PASS
fs,-40.0,3.3,c13,fs_-40c_3.30v_c13,1.4621e-09,1.43563e-09,PASS
fs,-40.0,3.3,c14,fs_-40c_3.30v_c14,1.50375e-09,1.47618e-09,PASS
fs,-40.0,3.3,c15,fs_-40c_3.30v_c15,1.54924e-09,1.52068e-09,PASS
fs,-40.0,3.63,c0,fs_-40c_3.63v_c0,8.69672e-10,8.57827e-10,PASS
fs,-40.0,3.63,c1,fs_-40c_3.63v_c1,9.10702e-10,8.97027e-10,PASS
fs,-40.0,3.63,c2,fs_-40c_3.63v_c2,9.4818e-10,9.32462e-10,PASS
fs,-40.0,3.63,c3,fs_-40c_3.63v_c3,9.89851e-10,9.72589e-10,PASS
fs,-40.0,3.63,c4,fs_-40c_3.63v_c4,1.02516e-09,1.00617e-09,PASS
fs,-40.0,3.63,c5,fs_-40c_3.63v_c5,1.06729e-09,1.04696e-09,PASS
fs,-40.0,3.63,c6,fs_-40c_3.63v_c6,1.10591e-09,1.08406e-09,PASS
fs,-40.0,3.63,c7,fs_-40c_3.63v_c7,1.14836e-09,1.12528e-09,PASS
fs,-40.0,3.63,c8,fs_-40c_3.63v_c8,1.18291e-09,1.15891e-09,PASS
fs,-40.0,3.63,c9,fs_-40c_3.63v_c9,1.22559e-09,1.20041e-09,PASS
fs,-40.0,3.63,c10,fs_-40c_3.63v_c10,1.26482e-09,1.23836e-09,PASS
fs,-40.0,3.63,c11,fs_-40c_3.63v_c11,1.30768e-09,1.28006e-09,PASS
fs,-40.0,3.63,c12,fs_-40c_3.63v_c12,1.34438e-09,1.31561e-09,PASS
fs,-40.0,3.63,c13,fs_-40c_3.63v_c13,1.38739e-09,1.35747e-09,PASS
fs,-40.0,3.63,c14,fs_-40c_3.63v_c14,1.42702e-09,1.39591e-09,PASS
fs,-40.0,3.63,c15,fs_-40c_3.63v_c15,1.47014e-09,1.43788e-09,PASS
fs,27.0,2.97,c0,fs_27c_2.97v_c0,1.1199e-09,1.11469e-09,PASS
fs,27.0,2.97,c1,fs_27c_2.97v_c1,1.17254e-09,1.16465e-09,PASS
fs,27.0,2.97,c2,fs_27c_2.97v_c2,1.22031e-09,1.20937e-09,PASS
fs,27.0,2.97,c3,fs_27c_2.97v_c3,1.27388e-09,1.26071e-09,PASS
fs,27.0,2.97,c4,fs_27c_2.97v_c4,1.31847e-09,1.30264e-09,PASS
fs,27.0,2.97,c5,fs_27c_2.97v_c5,1.37271e-09,1.35508e-09,PASS
fs,27.0,2.97,c6,fs_27c_2.97v_c6,1.42209e-09,1.40224e-09,PASS
fs,27.0,2.97,c7,fs_27c_2.97v_c7,1.47682e-09,1.45552e-09,PASS
fs,27.0,2.97,c8,fs_27c_2.97v_c8,1.52022e-09,1.49769e-09,PASS
fs,27.0,2.97,c9,fs_27c_2.97v_c9,1.57529e-09,1.55156e-09,PASS
fs,27.0,2.97,c10,fs_27c_2.97v_c10,1.62558e-09,1.60026e-09,PASS
fs,27.0,2.97,c11,fs_27c_2.97v_c11,1.68093e-09,1.65455e-09,PASS
fs,27.0,2.97,c12,fs_27c_2.97v_c12,1.72752e-09,1.69974e-09,PASS
fs,27.0,2.97,c13,fs_27c_2.97v_c13,1.7831e-09,1.75435e-09,PASS
fs,27.0,2.97,c14,fs_27c_2.97v_c14,1.83399e-09,1.80398e-09,PASS
fs,27.0,2.97,c15,fs_27c_2.97v_c15,1.88974e-09,1.85878e-09,PASS
fs,27.0,3.3,c0,fs_27c_3.30v_c0,1.04394e-09,1.0328e-09,PASS
fs,27.0,3.3,c1,fs_27c_3.30v_c1,1.09316e-09,1.07967e-09,PASS
fs,27.0,3.3,c2,fs_27c_3.30v_c2,1.13803e-09,1.1219e-09,PASS
fs,27.0,3.3,c3,fs_27c_3.30v_c3,1.18807e-09,1.16997e-09,PASS
fs,27.0,3.3,c4,fs_27c_3.30v_c4,1.23006e-09,1.20973e-09,PASS
fs,27.0,3.3,c5,fs_27c_3.30v_c5,1.2807e-09,1.25871e-09,PASS
fs,27.0,3.3,c6,fs_27c_3.30v_c6,1.327e-09,1.30309e-09,PASS
fs,27.0,3.3,c7,fs_27c_3.30v_c7,1.37807e-09,1.35271e-09,PASS
fs,27.0,3.3,c8,fs_27c_3.30v_c8,1.41886e-09,1.39243e-09,PASS
fs,27.0,3.3,c9,fs_27c_3.30v_c9,1.47023e-09,1.44248e-09,PASS
fs,27.0,3.3,c10,fs_27c_3.30v_c10,1.51734e-09,1.48807e-09,PASS
fs,27.0,3.3,c11,fs_27c_3.30v_c11,1.56896e-09,1.53843e-09,PASS
fs,27.0,3.3,c12,fs_27c_3.30v_c12,1.61272e-09,1.58086e-09,PASS
fs,27.0,3.3,c13,fs_27c_3.30v_c13,1.66453e-09,1.63147e-09,PASS
fs,27.0,3.3,c14,fs_27c_3.30v_c14,1.71217e-09,1.67777e-09,PASS
fs,27.0,3.3,c15,fs_27c_3.30v_c15,1.76413e-09,1.72853e-09,PASS
fs,27.0,3.63,c0,fs_27c_3.63v_c0,9.86464e-10,9.71611e-10,PASS
fs,27.0,3.63,c1,fs_27c_3.63v_c1,1.0331e-09,1.01611e-09,PASS
fs,27.0,3.63,c2,fs_27c_3.63v_c2,1.07578e-09,1.05646e-09,PASS
fs,27.0,3.63,c3,fs_27c_3.63v_c3,1.12316e-09,1.10201e-09,PASS
fs,27.0,3.63,c4,fs_27c_3.63v_c4,1.16315e-09,1.14007e-09,PASS
fs,27.0,3.63,c5,fs_27c_3.63v_c5,1.21107e-09,1.18639e-09,PASS
fs,27.0,3.63,c6,fs_27c_3.63v_c6,1.25505e-09,1.22859e-09,PASS
fs,27.0,3.63,c7,fs_27c_3.63v_c7,1.30335e-09,1.27542e-09,PASS
fs,27.0,3.63,c8,fs_27c_3.63v_c8,1.34214e-09,1.31319e-09,PASS
fs,27.0,3.63,c9,fs_27c_3.63v_c9,1.39072e-09,1.36036e-09,PASS
fs,27.0,3.63,c10,fs_27c_3.63v_c10,1.43542e-09,1.40355e-09,PASS
fs,27.0,3.63,c11,fs_27c_3.63v_c11,1.48421e-09,1.45098e-09,PASS
fs,27.0,3.63,c12,fs_27c_3.63v_c12,1.52582e-09,1.49128e-09,PASS
fs,27.0,3.63,c13,fs_27c_3.63v_c13,1.57479e-09,1.53891e-09,PASS
fs,27.0,3.63,c14,fs_27c_3.63v_c14,1.61996e-09,1.5827e-09,PASS
fs,27.0,3.63,c15,fs_27c_3.63v_c15,1.66907e-09,1.63046e-09,PASS
fs,125.0,2.97,c0,fs_125c_2.97v_c0,1.31756e-09,1.30173e-09,PASS
fs,125.0,2.97,c1,fs_125c_2.97v_c1,1.37976e-09,1.36059e-09,PASS
fs,125.0,2.97,c2,fs_125c_2.97v_c2,1.43665e-09,1.41389e-09,PASS
fs,125.0,2.97,c3,fs_125c_2.97v_c3,1.49993e-09,1.47431e-09,PASS
fs,125.0,2.97,c4,fs_125c_2.97v_c4,1.55273e-09,1.52412e-09,PASS
fs,125.0,2.97,c5,fs_125c_2.97v_c5,1.6168e-09,1.58574e-09,PASS
fs,125.0,2.97,c6,fs_125c_2.97v_c6,1.67552e-09,1.64174e-09,PASS
fs,125.0,2.97,c7,fs_125c_2.97v_c7,1.74017e-09,1.70428e-09,PASS
fs,125.0,2.97,c8,fs_125c_2.97v_c8,1.79068e-09,1.75338e-09,PASS
fs,125.0,2.97,c9,fs_125c_2.97v_c9,1.85575e-09,1.81656e-09,PASS
fs,125.0,2.97,c10,fs_125c_2.97v_c10,1.91551e-09,1.87419e-09,PASS
fs,125.0,2.97,c11,fs_125c_2.97v_c11,1.98093e-09,1.93786e-09,PASS
fs,125.0,2.97,c12,fs_125c_2.97v_c12,2.03598e-09,1.99111e-09,PASS
fs,125.0,2.97,c13,fs_125c_2.97v_c13,2.10167e-09,2.05515e-09,PASS
fs,125.0,2.97,c14,fs_125c_2.97v_c14,2.16213e-09,2.11379e-09,PASS
fs,125.0,2.97,c15,fs_125c_2.97v_c15,2.22804e-09,2.17809e-09,PASS
fs,125.0,3.3,c0,fs_125c_3.30v_c0,1.22554e-09,1.20573e-09,PASS
fs,125.0,3.3,c1,fs_125c_3.30v_c1,1.28348e-09,1.26072e-09,PASS
fs,125.0,3.3,c2,fs_125c_3.30v_c2,1.33663e-09,1.31077e-09,PASS
fs,125.0,3.3,c3,fs_125c_3.30v_c3,1.39555e-09,1.36714e-09,PASS
fs,125.0,3.3,c4,fs_125c_3.30v_c4,1.445e-09,1.41404e-09,PASS
fs,125.0,3.3,c5,fs_125c_3.30v_c5,1.50463e-09,1.47144e-09,PASS
fs,125.0,3.3,c6,fs_125c_3.30v_c6,1.55945e-09,1.52385e-09,PASS
fs,125.0,3.3,c7,fs_125c_3.30v_c7,1.6196e-09,1.582e-09,PASS
fs,125.0,3.3,c8,fs_125c_3.30v_c8,1.66697e-09,1.62806e-09,PASS
fs,125.0,3.3,c9,fs_125c_3.30v_c9,1.7275e-09,1.68673e-09,PASS
fs,125.0,3.3,c10,fs_125c_3.30v_c10,1.78326e-09,1.74048e-09,PASS
fs,125.0,3.3,c11,fs_125c_3.30v_c11,1.8441e-09,1.79954e-09,PASS
fs,125.0,3.3,c12,fs_125c_3.30v_c12,1.89562e-09,1.84936e-09,PASS
fs,125.0,3.3,c13,fs_125c_3.30v_c13,1.95671e-09,1.90872e-09,PASS
fs,125.0,3.3,c14,fs_125c_3.30v_c14,2.01308e-09,1.9633e-09,PASS
fs,125.0,3.3,c15,fs_125c_3.30v_c15,2.07436e-09,2.02288e-09,PASS
fs,125.0,3.63,c0,fs_125c_3.63v_c0,1.15425e-09,1.13213e-09,PASS
fs,125.0,3.63,c1,fs_125c_3.63v_c1,1.20891e-09,1.18414e-09,PASS
fs,125.0,3.63,c2,fs_125c_3.63v_c2,1.25916e-09,1.23165e-09,PASS
fs,125.0,3.63,c3,fs_125c_3.63v_c3,1.31472e-09,1.28488e-09,PASS
fs,125.0,3.63,c4,fs_125c_3.63v_c4,1.36156e-09,1.32948e-09,PASS
fs,125.0,3.63,c5,fs_125c_3.63v_c5,1.41777e-09,1.3836e-09,PASS
fs,125.0,3.63,c6,fs_125c_3.63v_c6,1.46956e-09,1.43321e-09,PASS
fs,125.0,3.63,c7,fs_125c_3.63v_c7,1.52624e-09,1.48796e-09,PASS
fs,125.0,3.63,c8,fs_125c_3.63v_c8,1.57115e-09,1.5316e-09,PASS
fs,125.0,3.63,c9,fs_125c_3.63v_c9,1.62818e-09,1.58678e-09,PASS
fs,125.0,3.63,c10,fs_125c_3.63v_c10,1.68083e-09,1.63753e-09,PASS
fs,125.0,3.63,c11,fs_125c_3.63v_c11,1.73814e-09,1.69305e-09,PASS
fs,125.0,3.63,c12,fs_125c_3.63v_c12,1.7869e-09,1.74018e-09,PASS
fs,125.0,3.63,c13,fs_125c_3.63v_c13,1.84443e-09,1.79596e-09,PASS
fs,125.0,3.63,c14,fs_125c_3.63v_c14,1.89765e-09,1.84741e-09,PASS
fs,125.0,3.63,c15,fs_125c_3.63v_c15,1.95535e-09,1.90338e-09,PASS
sf,-40.0,2.97,c0,sf_-40c_2.97v_c0,9.67949e-10,9.68814e-10,PASS
sf,-40.0,2.97,c1,sf_-40c_2.97v_c1,1.0124e-09,1.01205e-09,PASS
sf,-40.0,2.97,c2,sf_-40c_2.97v_c2,1.05285e-09,1.05104e-09,PASS
sf,-40.0,2.97,c3,sf_-40c_2.97v_c3,1.0983e-09,1.09552e-09,PASS
sf,-40.0,2.97,c4,sf_-40c_2.97v_c4,1.13691e-09,1.13271e-09,PASS
sf,-40.0,2.97,c5,sf_-40c_2.97v_c5,1.1831e-09,1.17819e-09,PASS
sf,-40.0,2.97,c6,sf_-40c_2.97v_c6,1.22533e-09,1.2194e-09,PASS
sf,-40.0,2.97,c7,sf_-40c_2.97v_c7,1.27205e-09,1.26567e-09,PASS
sf,-40.0,2.97,c8,sf_-40c_2.97v_c8,1.3113e-09,1.30412e-09,PASS
sf,-40.0,2.97,c9,sf_-40c_2.97v_c9,1.35839e-09,1.35099e-09,PASS
sf,-40.0,2.97,c10,sf_-40c_2.97v_c10,1.40166e-09,1.39368e-09,PASS
sf,-40.0,2.97,c11,sf_-40c_2.97v_c11,1.44906e-09,1.441e-09,PASS
sf,-40.0,2.97,c12,sf_-40c_2.97v_c12,1.48996e-09,1.48132e-09,PASS
sf,-40.0,2.97,c13,sf_-40c_2.97v_c13,1.53761e-09,1.529e-09,PASS
sf,-40.0,2.97,c14,sf_-40c_2.97v_c14,1.58155e-09,1.57268e-09,PASS
sf,-40.0,2.97,c15,sf_-40c_2.97v_c15,1.62938e-09,1.62059e-09,PASS
sf,-40.0,3.3,c0,sf_-40c_3.30v_c0,9.07616e-10,9.03585e-10,PASS
sf,-40.0,3.3,c1,sf_-40c_3.30v_c1,9.49584e-10,9.44523e-10,PASS
sf,-40.0,3.3,c2,sf_-40c_3.30v_c2,9.8804e-10,9.81698e-10,PASS
sf,-40.0,3.3,c3,sf_-40c_3.30v_c3,1.03089e-09,1.02376e-09,PASS
sf,-40.0,3.3,c4,sf_-40c_3.30v_c4,1.06771e-09,1.05941e-09,PASS
sf,-40.0,3.3,c5,sf_-40c_3.30v_c5,1.1112e-09,1.10236e-09,PASS
sf,-40.0,3.3,c6,sf_-40c_3.30v_c6,1.15124e-09,1.1416e-09,PASS
sf,-40.0,3.3,c7,sf_-40c_3.30v_c7,1.19518e-09,1.18518e-09,PASS
sf,-40.0,3.3,c8,sf_-40c_3.30v_c8,1.23245e-09,1.22194e-09,PASS
sf,-40.0,3.3,c9,sf_-40c_3.30v_c9,1.27671e-09,1.26597e-09,PASS
sf,-40.0,3.3,c10,sf_-40c_3.30v_c10,1.31764e-09,1.30644e-09,PASS
sf,-40.0,3.3,c11,sf_-40c_3.30v_c11,1.36216e-09,1.35077e-09,PASS
sf,-40.0,3.3,c12,sf_-40c_3.30v_c12,1.40099e-09,1.38916e-09,PASS
sf,-40.0,3.3,c13,sf_-40c_3.30v_c13,1.44572e-09,1.43372e-09,PASS
sf,-40.0,3.3,c14,sf_-40c_3.30v_c14,1.48722e-09,1.47492e-09,PASS
sf,-40.0,3.3,c15,sf_-40c_3.30v_c15,1.5321e-09,1.51962e-09,PASS
sf,-40.0,3.63,c0,sf_-40c_3.63v_c0,8.62086e-10,8.55094e-10,PASS
sf,-40.0,3.63,c1,sf_-40c_3.63v_c1,9.02176e-10,8.94297e-10,PASS
sf,-40.0,3.63,c2,sf_-40c_3.63v_c2,9.39106e-10,9.30136e-10,PASS
sf,-40.0,3.63,c3,sf_-40c_3.63v_c3,9.79977e-10,9.70339e-10,PASS
sf,-40.0,3.63,c4,sf_-40c_3.63v_c4,1.01541e-09,1.00483e-09,PASS
sf,-40.0,3.63,c5,sf_-40c_3.63v_c5,1.05685e-09,1.04578e-09,PASS
sf,-40.0,3.63,c6,sf_-40c_3.63v_c6,1.09521e-09,1.08347e-09,PASS
sf,-40.0,3.63,c7,sf_-40c_3.63v_c7,1.13705e-09,1.12492e-09,PASS
sf,-40.0,3.63,c8,sf_-40c_3.63v_c8,1.17274e-09,1.16024e-09,PASS
sf,-40.0,3.63,c9,sf_-40c_3.63v_c9,1.21486e-09,1.20203e-09,PASS
sf,-40.0,3.63,c10,sf_-40c_3.63v_c10,1.254e-09,1.24072e-09,PASS
sf,-40.0,3.63,c11,sf_-40c_3.63v_c11,1.29634e-09,1.28274e-09,PASS
sf,-40.0,3.63,c12,sf_-40c_3.63v_c12,1.33356e-09,1.31953e-09,PASS
sf,-40.0,3.63,c13,sf_-40c_3.63v_c13,1.37608e-09,1.36172e-09,PASS
sf,-40.0,3.63,c14,sf_-40c_3.63v_c14,1.41572e-09,1.40097e-09,PASS
sf,-40.0,3.63,c15,sf_-40c_3.63v_c15,1.45838e-09,1.44329e-09,PASS
sf,27.0,2.97,c0,sf_27c_2.97v_c0,1.10083e-09,1.10162e-09,PASS
sf,27.0,2.97,c1,sf_27c_2.97v_c1,1.15148e-09,1.15105e-09,PASS
sf,27.0,2.97,c2,sf_27c_2.97v_c2,1.19777e-09,1.19588e-09,PASS
sf,27.0,2.97,c3,sf_27c_2.97v_c3,1.24957e-09,1.24673e-09,PASS
sf,27.0,2.97,c4,sf_27c_2.97v_c4,1.29359e-09,1.28944e-09,PASS
sf,27.0,2.97,c5,sf_27c_2.97v_c5,1.34625e-09,1.34143e-09,PASS
sf,27.0,2.97,c6,sf_27c_2.97v_c6,1.39459e-09,1.3888e-09,PASS
sf,27.0,2.97,c7,sf_27c_2.97v_c7,1.44787e-09,1.44168e-09,PASS
sf,27.0,2.97,c8,sf_27c_2.97v_c8,1.49219e-09,1.4855e-09,PASS
sf,27.0,2.97,c9,sf_27c_2.97v_c9,1.54593e-09,1.53904e-09,PASS
sf,27.0,2.97,c10,sf_27c_2.97v_c10,1.59544e-09,1.58806e-09,PASS
sf,27.0,2.97,c11,sf_27c_2.97v_c11,1.64954e-09,1.64209e-09,PASS
sf,27.0,2.97,c12,sf_27c_2.97v_c12,1.69618e-09,1.68829e-09,PASS
sf,27.0,2.97,c13,sf_27c_2.97v_c13,1.75057e-09,1.74272e-09,PASS
sf,27.0,2.97,c14,sf_27c_2.97v_c14,1.80087e-09,1.7928e-09,PASS
sf,27.0,2.97,c15,sf_27c_2.97v_c15,1.85549e-09,1.84748e-09,PASS
sf,27.0,3.3,c0,sf_27c_3.30v_c0,1.02982e-09,1.0258e-09,PASS
sf,27.0,3.3,c1,sf_27c_3.30v_c1,1.07747e-09,1.07241e-09,PASS
sf,27.0,3.3,c2,sf_27c_3.30v_c2,1.12123e-09,1.11491e-09,PASS
sf,27.0,3.3,c3,sf_27c_3.30v_c3,1.16991e-09,1.16281e-09,PASS
sf,27.0,3.3,c4,sf_27c_3.30v_c4,1.21166e-09,1.20347e-09,PASS
sf,27.0,3.3,c5,sf_27c_3.30v_c5,1.26109e-09,1.25236e-09,PASS
sf,27.0,3.3,c6,sf_27c_3.30v_c6,1.30669e-09,1.29719e-09,PASS
sf,27.0,3.3,c7,sf_27c_3.30v_c7,1.35667e-09,1.3468e-09,PASS
sf,27.0,3.3,c8,sf_27c_3.30v_c8,1.39858e-09,1.38837e-09,PASS
sf,27.0,3.3,c9,sf_27c_3.30v_c9,1.44895e-09,1.4385e-09,PASS
sf,27.0,3.3,c10,sf_27c_3.30v_c10,1.4956e-09,1.48471e-09,PASS
sf,27.0,3.3,c11,sf_27c_3.30v_c11,1.54628e-09,1.5352e-09,PASS
sf,27.0,3.3,c12,sf_27c_3.30v_c12,1.59035e-09,1.5789e-09,PASS
sf,27.0,3.3,c13,sf_27c_3.30v_c13,1.64128e-09,1.62967e-09,PASS
sf,27.0,3.3,c14,sf_27c_3.30v_c14,1.68861e-09,1.6767e-09,PASS
sf,27.0,3.3,c15,sf_27c_3.30v_c15,1.73973e-09,1.72765e-09,PASS
sf,27.0,3.63,c0,sf_27c_3.63v_c0,9.75676e-10,9.68709e-10,PASS
sf,27.0,3.63,c1,sf_27c_3.63v_c1,1.02104e-09,1.01318e-09,PASS
sf,27.0,3.63,c2,sf_27c_3.63v_c2,1.06289e-09,1.05394e-09,PASS
sf,27.0,3.63,c3,sf_27c_3.63v_c3,1.10917e-09,1.09956e-09,PASS
sf,27.0,3.63,c4,sf_27c_3.63v_c4,1.14915e-09,1.13866e-09,PASS
sf,27.0,3.63,c5,sf_27c_3.63v_c5,1.19612e-09,1.18513e-09,PASS
sf,27.0,3.63,c6,sf_27c_3.63v_c6,1.23962e-09,1.22798e-09,PASS
sf,27.0,3.63,c7,sf_27c_3.63v_c7,1.28707e-09,1.27505e-09,PASS
sf,27.0,3.63,c8,sf_27c_3.63v_c8,1.32709e-09,1.31479e-09,PASS
sf,27.0,3.63,c9,sf_27c_3.63v_c9,1.37489e-09,1.36227e-09,PASS
sf,27.0,3.63,c10,sf_27c_3.63v_c10,1.41933e-09,1.40627e-09,PASS
sf,27.0,3.63,c11,sf_27c_3.63v_c11,1.4674e-09,1.45403e-09,PASS
sf,27.0,3.63,c12,sf_27c_3.63v_c12,1.50949e-09,1.49575e-09,PASS
sf,27.0,3.63,c13,sf_27c_3.63v_c13,1.55778e-09,1.54373e-09,PASS
sf,27.0,3.63,c14,sf_27c_3.63v_c14,1.60282e-09,1.58841e-09,PASS
sf,27.0,3.63,c15,sf_27c_3.63v_c15,1.65128e-09,1.63655e-09,PASS
sf,125.0,2.97,c0,sf_125c_2.97v_c0,1.29306e-09,1.29037e-09,PASS
sf,125.0,2.97,c1,sf_125c_2.97v_c1,1.3526e-09,1.34875e-09,PASS
sf,125.0,2.97,c2,sf_125c_2.97v_c2,1.40746e-09,1.40225e-09,PASS
sf,125.0,2.97,c3,sf_125c_2.97v_c3,1.46839e-09,1.46228e-09,PASS
sf,125.0,2.97,c4,sf_125c_2.97v_c4,1.52039e-09,1.51318e-09,PASS
sf,125.0,2.97,c5,sf_125c_2.97v_c5,1.58237e-09,1.57452e-09,PASS
sf,125.0,2.97,c6,sf_125c_2.97v_c6,1.63964e-09,1.63094e-09,PASS
sf,125.0,2.97,c7,sf_125c_2.97v_c7,1.70239e-09,1.69328e-09,PASS
sf,125.0,2.97,c8,sf_125c_2.97v_c8,1.75409e-09,1.74482e-09,PASS
sf,125.0,2.97,c9,sf_125c_2.97v_c9,1.81739e-09,1.80788e-09,PASS
sf,125.0,2.97,c10,sf_125c_2.97v_c10,1.87608e-09,1.86611e-09,PASS
sf,125.0,2.97,c11,sf_125c_2.97v_c11,1.93984e-09,1.92973e-09,PASS
sf,125.0,2.97,c12,sf_125c_2.97v_c12,1.99489e-09,1.98448e-09,PASS
sf,125.0,2.97,c13,sf_125c_2.97v_c13,2.05902e-09,2.04852e-09,PASS
sf,125.0,2.97,c14,sf_125c_2.97v_c14,2.11865e-09,2.10788e-09,PASS
sf,125.0,2.97,c15,sf_125c_2.97v_c15,2.18306e-09,2.17222e-09,PASS
sf,125.0,3.3,c0,sf_125c_3.30v_c0,1.20713e-09,1.20061e-09,PASS
sf,125.0,3.3,c1,sf_125c_3.30v_c1,1.26295e-09,1.25545e-09,PASS
sf,125.0,3.3,c2,sf_125c_3.30v_c2,1.31456e-09,1.3059e-09,PASS
sf,125.0,3.3,c3,sf_125c_3.30v_c3,1.37163e-09,1.36222e-09,PASS
sf,125.0,3.3,c4,sf_125c_3.30v_c4,1.42066e-09,1.41035e-09,PASS
sf,125.0,3.3,c5,sf_125c_3.30v_c5,1.47866e-09,1.46782e-09,PASS
sf,125.0,3.3,c6,sf_125c_3.30v_c6,1.53245e-09,1.5209e-09,PASS
sf,125.0,3.3,c7,sf_125c_3.30v_c7,1.59113e-09,1.57919e-09,PASS
sf,125.0,3.3,c8,sf_125c_3.30v_c8,1.63983e-09,1.62776e-09,PASS
sf,125.0,3.3,c9,sf_125c_3.30v_c9,1.69901e-09,1.68665e-09,PASS
sf,125.0,3.3,c10,sf_125c_3.30v_c10,1.75406e-09,1.74127e-09,PASS
sf,125.0,3.3,c11,sf_125c_3.30v_c11,1.81363e-09,1.8006e-09,PASS
sf,125.0,3.3,c12,sf_125c_3.30v_c12,1.86543e-09,1.85209e-09,PASS
sf,125.0,3.3,c13,sf_125c_3.30v_c13,1.92533e-09,1.91176e-09,PASS
sf,125.0,3.3,c14,sf_125c_3.30v_c14,1.9812e-09,1.96732e-09,PASS
sf,125.0,3.3,c15,sf_125c_3.30v_c15,2.04135e-09,2.02723e-09,PASS
sf,125.0,3.63,c0,sf_125c_3.63v_c0,1.14026e-09,1.13143e-09,PASS
sf,125.0,3.63,c1,sf_125c_3.63v_c1,1.19322e-09,1.18353e-09,PASS
sf,125.0,3.63,c2,sf_125c_3.63v_c2,1.24231e-09,1.23163e-09,PASS
sf,125.0,3.63,c3,sf_125c_3.63v_c3,1.29638e-09,1.28506e-09,PASS
sf,125.0,3.63,c4,sf_125c_3.63v_c4,1.34308e-09,1.33102e-09,PASS
sf,125.0,3.63,c5,sf_125c_3.63v_c5,1.398e-09,1.38545e-09,PASS
sf,125.0,3.63,c6,sf_125c_3.63v_c6,1.44907e-09,1.43591e-09,PASS
sf,125.0,3.63,c7,sf_125c_3.63v_c7,1.50459e-09,1.49105e-09,PASS
sf,125.0,3.63,c8,sf_125c_3.63v_c8,1.55091e-09,1.53724e-09,PASS
sf,125.0,3.63,c9,sf_125c_3.63v_c9,1.60688e-09,1.59288e-09,PASS
sf,125.0,3.63,c10,sf_125c_3.63v_c10,1.65909e-09,1.64466e-09,PASS
sf,125.0,3.63,c11,sf_125c_3.63v_c11,1.71541e-09,1.70066e-09,PASS
sf,125.0,3.63,c12,sf_125c_3.63v_c12,1.76464e-09,1.74957e-09,PASS
sf,125.0,3.63,c13,sf_125c_3.63v_c13,1.82125e-09,1.80586e-09,PASS
sf,125.0,3.63,c14,sf_125c_3.63v_c14,1.8742e-09,1.85844e-09,PASS
sf,125.0,3.63,c15,sf_125c_3.63v_c15,1.93103e-09,1.91494e-09,PASS
res_ff,-40.0,2.97,c0,res_ff_-40c_2.97v_c0,9.67262e-10,9.67242e-10,PASS
res_ff,-40.0,2.97,c1,res_ff_-40c_2.97v_c1,1.01212e-09,1.01026e-09,PASS
res_ff,-40.0,2.97,c2,res_ff_-40c_2.97v_c2,1.05277e-09,1.04872e-09,PASS
res_ff,-40.0,2.97,c3,res_ff_-40c_2.97v_c3,1.09855e-09,1.09301e-09,PASS
res_ff,-40.0,2.97,c4,res_ff_-40c_2.97v_c4,1.13705e-09,1.12946e-09,PASS
res_ff,-40.0,2.97,c5,res_ff_-40c_2.97v_c5,1.1835e-09,1.17478e-09,PASS
res_ff,-40.0,2.97,c6,res_ff_-40c_2.97v_c6,1.2258e-09,1.21551e-09,PASS
res_ff,-40.0,2.97,c7,res_ff_-40c_2.97v_c7,1.27273e-09,1.26164e-09,PASS
res_ff,-40.0,2.97,c8,res_ff_-40c_2.97v_c8,1.31134e-09,1.2992e-09,PASS
res_ff,-40.0,2.97,c9,res_ff_-40c_2.97v_c9,1.3586e-09,1.34593e-09,PASS
res_ff,-40.0,2.97,c10,res_ff_-40c_2.97v_c10,1.40182e-09,1.38818e-09,PASS
res_ff,-40.0,2.97,c11,res_ff_-40c_2.97v_c11,1.44936e-09,1.43535e-09,PASS
res_ff,-40.0,2.97,c12,res_ff_-40c_2.97v_c12,1.48992e-09,1.47499e-09,PASS
res_ff,-40.0,2.97,c13,res_ff_-40c_2.97v_c13,1.53767e-09,1.52247e-09,PASS
res_ff,-40.0,2.97,c14,res_ff_-40c_2.97v_c14,1.58149e-09,1.56568e-09,PASS
res_ff,-40.0,2.97,c15,res_ff_-40c_2.97v_c15,1.6294e-09,1.61334e-09,PASS
res_ff,-40.0,3.3,c0,res_ff_-40c_3.30v_c0,9.05935e-10,9.0021e-10,PASS
res_ff,-40.0,3.3,c1,res_ff_-40c_3.30v_c1,9.48179e-10,9.40872e-10,PASS
res_ff,-40.0,3.3,c2,res_ff_-40c_3.30v_c2,9.86724e-10,9.77532e-10,PASS
res_ff,-40.0,3.3,c3,res_ff_-40c_3.30v_c3,1.02978e-09,1.01933e-09,PASS
res_ff,-40.0,3.3,c4,res_ff_-40c_3.30v_c4,1.06638e-09,1.05426e-09,PASS
res_ff,-40.0,3.3,c5,res_ff_-40c_3.30v_c5,1.11002e-09,1.09693e-09,PASS
res_ff,-40.0,3.3,c6,res_ff_-40c_3.30v_c6,1.15001e-09,1.13564e-09,PASS
res_ff,-40.0,3.3,c7,res_ff_-40c_3.30v_c7,1.19405e-09,1.17893e-09,PASS
res_ff,-40.0,3.3,c8,res_ff_-40c_3.30v_c8,1.23058e-09,1.21471e-09,PASS
res_ff,-40.0,3.3,c9,res_ff_-40c_3.30v_c9,1.27491e-09,1.25841e-09,PASS
res_ff,-40.0,3.3,c10,res_ff_-40c_3.30v_c10,1.31569e-09,1.29832e-09,PASS
res_ff,-40.0,3.3,c11,res_ff_-40c_3.30v_c11,1.36025e-09,1.34231e-09,PASS
res_ff,-40.0,3.3,c12,res_ff_-40c_3.30v_c12,1.39864e-09,1.37989e-09,PASS
res_ff,-40.0,3.3,c13,res_ff_-40c_3.30v_c13,1.44339e-09,1.42408e-09,PASS
res_ff,-40.0,3.3,c14,res_ff_-40c_3.30v_c14,1.48468e-09,1.46467e-09,PASS
res_ff,-40.0,3.3,c15,res_ff_-40c_3.30v_c15,1.52956e-09,1.50899e-09,PASS
res_ff,-40.0,3.63,c0,res_ff_-40c_3.63v_c0,8.59799e-10,8.50537e-10,PASS
res_ff,-40.0,3.63,c1,res_ff_-40c_3.63v_c1,9.00074e-10,8.89409e-10,PASS
res_ff,-40.0,3.63,c2,res_ff_-40c_3.63v_c2,9.37016e-10,9.24715e-10,PASS
res_ff,-40.0,3.63,c3,res_ff_-40c_3.63v_c3,9.78009e-10,9.64574e-10,PASS
res_ff,-40.0,3.63,c4,res_ff_-40c_3.63v_c4,1.01315e-09,9.98325e-10,PASS
res_ff,-40.0,3.63,c5,res_ff_-40c_3.63v_c5,1.05466e-09,1.03891e-09,PASS
res_ff,-40.0,3.63,c6,res_ff_-40c_3.63v_c6,1.09289e-09,1.07601e-09,PASS
res_ff,-40.0,3.63,c7,res_ff_-40c_3.63v_c7,1.13476e-09,1.11708e-09,PASS
res_ff,-40.0,3.63,c8,res_ff_-40c_3.63v_c8,1.16967e-09,1.15133e-09,PASS
res_ff,-40.0,3.63,c9,res_ff_-40c_3.63v_c9,1.2118e-09,1.19271e-09,PASS
res_ff,-40.0,3.63,c10,res_ff_-40c_3.63v_c10,1.25073e-09,1.23076e-09,PASS
res_ff,-40.0,3.63,c11,res_ff_-40c_3.63v_c11,1.29305e-09,1.27235e-09,PASS
res_ff,-40.0,3.63,c12,res_ff_-40c_3.63v_c12,1.32978e-09,1.30827e-09,PASS
res_ff,-40.0,3.63,c13,res_ff_-40c_3.63v_c13,1.37227e-09,1.35002e-09,PASS
res_ff,-40.0,3.63,c14,res_ff_-40c_3.63v_c14,1.41165e-09,1.38861e-09,PASS
res_ff,-40.0,3.63,c15,res_ff_-40c_3.63v_c15,1.45426e-09,1.43048e-09,PASS
res_ff,27.0,2.97,c0,res_ff_27c_2.97v_c0,1.10193e-09,1.10004e-09,PASS
res_ff,27.0,2.97,c1,res_ff_27c_2.97v_c1,1.15319e-09,1.14924e-09,PASS
res_ff,27.0,2.97,c2,res_ff_27c_2.97v_c2,1.19985e-09,1.19352e-09,PASS
res_ff,27.0,2.97,c3,res_ff_27c_2.97v_c3,1.25215e-09,1.24416e-09,PASS
res_ff,27.0,2.97,c4,res_ff_27c_2.97v_c4,1.29614e-09,1.28605e-09,PASS
res_ff,27.0,2.97,c5,res_ff_27c_2.97v_c5,1.34922e-09,1.33784e-09,PASS
res_ff,27.0,2.97,c6,res_ff_27c_2.97v_c6,1.39773e-09,1.38467e-09,PASS
res_ff,27.0,2.97,c7,res_ff_27c_2.97v_c7,1.45137e-09,1.43735e-09,PASS
res_ff,27.0,2.97,c8,res_ff_27c_2.97v_c8,1.49497e-09,1.48004e-09,PASS
res_ff,27.0,2.97,c9,res_ff_27c_2.97v_c9,1.549e-09,1.53338e-09,PASS
res_ff,27.0,2.97,c10,res_ff_27c_2.97v_c10,1.59856e-09,1.58186e-09,PASS
res_ff,27.0,2.97,c11,res_ff_27c_2.97v_c11,1.65292e-09,1.63568e-09,PASS
res_ff,27.0,2.97,c12,res_ff_27c_2.97v_c12,1.69923e-09,1.68104e-09,PASS
res_ff,27.0,2.97,c13,res_ff_27c_2.97v_c13,1.75384e-09,1.73521e-09,PASS
res_ff,27.0,2.97,c14,res_ff_27c_2.97v_c14,1.8041e-09,1.78471e-09,PASS
res_ff,27.0,2.97,c15,res_ff_27c_2.97v_c15,1.85891e-09,1.83911e-09,PASS
res_ff,27.0,3.3,c0,res_ff_27c_3.30v_c0,1.0296e-09,1.02223e-09,PASS
res_ff,27.0,3.3,c1,res_ff_27c_3.30v_c1,1.07769e-09,1.06855e-09,PASS
res_ff,27.0,3.3,c2,res_ff_27c_3.30v_c2,1.1217e-09,1.11051e-09,PASS
res_ff,27.0,3.3,c3,res_ff_27c_3.30v_c3,1.17073e-09,1.1581e-09,PASS
res_ff,27.0,3.3,c4,res_ff_27c_3.30v_c4,1.21233e-09,1.19795e-09,PASS
res_ff,27.0,3.3,c5,res_ff_27c_3.30v_c5,1.26204e-09,1.24652e-09,PASS
res_ff,27.0,3.3,c6,res_ff_27c_3.30v_c6,1.30769e-09,1.29076e-09,PASS
res_ff,27.0,3.3,c7,res_ff_27c_3.30v_c7,1.35789e-09,1.34004e-09,PASS
res_ff,27.0,3.3,c8,res_ff_27c_3.30v_c8,1.399e-09,1.38043e-09,PASS
res_ff,27.0,3.3,c9,res_ff_27c_3.30v_c9,1.44954e-09,1.43019e-09,PASS
res_ff,27.0,3.3,c10,res_ff_27c_3.30v_c10,1.49613e-09,1.47576e-09,PASS
res_ff,27.0,3.3,c11,res_ff_27c_3.30v_c11,1.54694e-09,1.52587e-09,PASS
res_ff,27.0,3.3,c12,res_ff_27c_3.30v_c12,1.5906e-09,1.56865e-09,PASS
res_ff,27.0,3.3,c13,res_ff_27c_3.30v_c13,1.64164e-09,1.61901e-09,PASS
res_ff,27.0,3.3,c14,res_ff_27c_3.30v_c14,1.68882e-09,1.66537e-09,PASS
res_ff,27.0,3.3,c15,res_ff_27c_3.30v_c15,1.74003e-09,1.71591e-09,PASS
res_ff,27.0,3.63,c0,res_ff_27c_3.63v_c0,9.74557e-10,9.63761e-10,PASS
res_ff,27.0,3.63,c1,res_ff_27c_3.63v_c1,1.02025e-09,1.00788e-09,PASS
res_ff,27.0,3.63,c2,res_ff_27c_3.63v_c2,1.06223e-09,1.04808e-09,PASS
res_ff,27.0,3.63,c3,res_ff_27c_3.63v_c3,1.10877e-09,1.09332e-09,PASS
res_ff,27.0,3.63,c4,res_ff_27c_3.63v_c4,1.14851e-09,1.13158e-09,PASS
res_ff,27.0,3.63,c5,res_ff_27c_3.63v_c5,1.19566e-09,1.17765e-09,PASS
res_ff,27.0,3.63,c6,res_ff_27c_3.63v_c6,1.23913e-09,1.21986e-09,PASS
res_ff,27.0,3.63,c7,res_ff_27c_3.63v_c7,1.28671e-09,1.2665e-09,PASS
res_ff,27.0,3.63,c8,res_ff_27c_3.63v_c8,1.3259e-09,1.30501e-09,PASS
res_ff,27.0,3.63,c9,res_ff_27c_3.63v_c9,1.37379e-09,1.35204e-09,PASS
res_ff,27.0,3.63,c10,res_ff_27c_3.63v_c10,1.41809e-09,1.39533e-09,PASS
res_ff,27.0,3.63,c11,res_ff_27c_3.63v_c11,1.46622e-09,1.44263e-09,PASS
res_ff,27.0,3.63,c12,res_ff_27c_3.63v_c12,1.50782e-09,1.48337e-09,PASS
res_ff,27.0,3.63,c13,res_ff_27c_3.63v_c13,1.55616e-09,1.53088e-09,PASS
res_ff,27.0,3.63,c14,res_ff_27c_3.63v_c14,1.60099e-09,1.57482e-09,PASS
res_ff,27.0,3.63,c15,res_ff_27c_3.63v_c15,1.64947e-09,1.62247e-09,PASS
res_ff,125.0,2.97,c0,res_ff_125c_2.97v_c0,1.29633e-09,1.28716e-09,PASS
res_ff,125.0,2.97,c1,res_ff_125c_2.97v_c1,1.35678e-09,1.34521e-09,PASS
res_ff,125.0,2.97,c2,res_ff_125c_2.97v_c2,1.41229e-09,1.39808e-09,PASS
res_ff,125.0,2.97,c3,res_ff_125c_2.97v_c3,1.47399e-09,1.45779e-09,PASS
res_ff,125.0,2.97,c4,res_ff_125c_2.97v_c4,1.52607e-09,1.50768e-09,PASS
res_ff,125.0,2.97,c5,res_ff_125c_2.97v_c5,1.5887e-09,1.56868e-09,PASS
res_ff,125.0,2.97,c6,res_ff_125c_2.97v_c6,1.64634e-09,1.62441e-09,PASS
res_ff,125.0,2.97,c7,res_ff_125c_2.97v_c7,1.70965e-09,1.68639e-09,PASS
res_ff,125.0,2.97,c8,res_ff_125c_2.97v_c8,1.76048e-09,1.73639e-09,PASS
res_ff,125.0,2.97,c9,res_ff_125c_2.97v_c9,1.82427e-09,1.79907e-09,PASS
res_ff,125.0,2.97,c10,res_ff_125c_2.97v_c10,1.88314e-09,1.85658e-09,PASS
res_ff,125.0,2.97,c11,res_ff_125c_2.97v_c11,1.94733e-09,1.91981e-09,PASS
res_ff,125.0,2.97,c12,res_ff_125c_2.97v_c12,2.00206e-09,1.97343e-09,PASS
res_ff,125.0,2.97,c13,res_ff_125c_2.97v_c13,2.06658e-09,2.03707e-09,PASS
res_ff,125.0,2.97,c14,res_ff_125c_2.97v_c14,2.12626e-09,2.09567e-09,PASS
res_ff,125.0,2.97,c15,res_ff_125c_2.97v_c15,2.19102e-09,2.15959e-09,PASS
res_ff,125.0,3.3,c0,res_ff_125c_3.30v_c0,1.20851e-09,1.19532e-09,PASS
res_ff,125.0,3.3,c1,res_ff_125c_3.30v_c1,1.26503e-09,1.24977e-09,PASS
res_ff,125.0,3.3,c2,res_ff_125c_3.30v_c2,1.31708e-09,1.29956e-09,PASS
res_ff,125.0,3.3,c3,res_ff_125c_3.30v_c3,1.37472e-09,1.35547e-09,PASS
res_ff,125.0,3.3,c4,res_ff_125c_3.30v_c4,1.42368e-09,1.40258e-09,PASS
res_ff,125.0,3.3,c5,res_ff_125c_3.30v_c5,1.48215e-09,1.45959e-09,PASS
res_ff,125.0,3.3,c6,res_ff_125c_3.30v_c6,1.53613e-09,1.51192e-09,PASS
res_ff,125.0,3.3,c7,res_ff_125c_3.30v_c7,1.5952e-09,1.56975e-09,PASS
res_ff,125.0,3.3,c8,res_ff_125c_3.30v_c8,1.64299e-09,1.61677e-09,PASS
res_ff,125.0,3.3,c9,res_ff_125c_3.30v_c9,1.7025e-09,1.67516e-09,PASS
res_ff,125.0,3.3,c10,res_ff_125c_3.30v_c10,1.75758e-09,1.72897e-09,PASS
res_ff,125.0,3.3,c11,res_ff_125c_3.30v_c11,1.81744e-09,1.7878e-09,PASS
res_ff,125.0,3.3,c12,res_ff_125c_3.30v_c12,1.86881e-09,1.83812e-09,PASS
res_ff,125.0,3.3,c13,res_ff_125c_3.30v_c13,1.92896e-09,1.89727e-09,PASS
res_ff,125.0,3.3,c14,res_ff_125c_3.30v_c14,1.98476e-09,1.95197e-09,PASS
res_ff,125.0,3.3,c15,res_ff_125c_3.30v_c15,2.04512e-09,2.01136e-09,PASS
res_ff,125.0,3.63,c0,res_ff_125c_3.63v_c0,1.1402e-09,1.12463e-09,PASS
res_ff,125.0,3.63,c1,res_ff_125c_3.63v_c1,1.19367e-09,1.17628e-09,PASS
res_ff,125.0,3.63,c2,res_ff_125c_3.63v_c2,1.24303e-09,1.22367e-09,PASS
res_ff,125.0,3.63,c3,res_ff_125c_3.63v_c3,1.29753e-09,1.27661e-09,PASS
res_ff,125.0,3.63,c4,res_ff_125c_3.63v_c4,1.34403e-09,1.32153e-09,PASS
res_ff,125.0,3.63,c5,res_ff_125c_3.63v_c5,1.39927e-09,1.37543e-09,PASS
res_ff,125.0,3.63,c6,res_ff_125c_3.63v_c6,1.45041e-09,1.42509e-09,PASS
res_ff,125.0,3.63,c7,res_ff_125c_3.63v_c7,1.50619e-09,1.47967e-09,PASS
res_ff,125.0,3.63,c8,res_ff_125c_3.63v_c8,1.55157e-09,1.5243e-09,PASS
res_ff,125.0,3.63,c9,res_ff_125c_3.63v_c9,1.60775e-09,1.57936e-09,PASS
res_ff,125.0,3.63,c10,res_ff_125c_3.63v_c10,1.65989e-09,1.63028e-09,PASS
res_ff,125.0,3.63,c11,res_ff_125c_3.63v_c11,1.71639e-09,1.6857e-09,PASS
res_ff,125.0,3.63,c12,res_ff_125c_3.63v_c12,1.76512e-09,1.7334e-09,PASS
res_ff,125.0,3.63,c13,res_ff_125c_3.63v_c13,1.82188e-09,1.7891e-09,PASS
res_ff,125.0,3.63,c14,res_ff_125c_3.63v_c14,1.87466e-09,1.84078e-09,PASS
res_ff,125.0,3.63,c15,res_ff_125c_3.63v_c15,1.93161e-09,1.89668e-09,PASS
res_ss,-40.0,2.97,c0,res_ss_-40c_2.97v_c0,9.67262e-10,9.67242e-10,PASS
res_ss,-40.0,2.97,c1,res_ss_-40c_2.97v_c1,1.01212e-09,1.01026e-09,PASS
res_ss,-40.0,2.97,c2,res_ss_-40c_2.97v_c2,1.05277e-09,1.04872e-09,PASS
res_ss,-40.0,2.97,c3,res_ss_-40c_2.97v_c3,1.09855e-09,1.09301e-09,PASS
res_ss,-40.0,2.97,c4,res_ss_-40c_2.97v_c4,1.13705e-09,1.12946e-09,PASS
res_ss,-40.0,2.97,c5,res_ss_-40c_2.97v_c5,1.1835e-09,1.17478e-09,PASS
res_ss,-40.0,2.97,c6,res_ss_-40c_2.97v_c6,1.2258e-09,1.21551e-09,PASS
res_ss,-40.0,2.97,c7,res_ss_-40c_2.97v_c7,1.27273e-09,1.26164e-09,PASS
res_ss,-40.0,2.97,c8,res_ss_-40c_2.97v_c8,1.31134e-09,1.2992e-09,PASS
res_ss,-40.0,2.97,c9,res_ss_-40c_2.97v_c9,1.3586e-09,1.34593e-09,PASS
res_ss,-40.0,2.97,c10,res_ss_-40c_2.97v_c10,1.40182e-09,1.38818e-09,PASS
res_ss,-40.0,2.97,c11,res_ss_-40c_2.97v_c11,1.44936e-09,1.43535e-09,PASS
res_ss,-40.0,2.97,c12,res_ss_-40c_2.97v_c12,1.48992e-09,1.47499e-09,PASS
res_ss,-40.0,2.97,c13,res_ss_-40c_2.97v_c13,1.53767e-09,1.52247e-09,PASS
res_ss,-40.0,2.97,c14,res_ss_-40c_2.97v_c14,1.58149e-09,1.56568e-09,PASS
res_ss,-40.0,2.97,c15,res_ss_-40c_2.97v_c15,1.6294e-09,1.61334e-09,PASS
res_ss,-40.0,3.3,c0,res_ss_-40c_3.30v_c0,9.05935e-10,9.0021e-10,PASS
res_ss,-40.0,3.3,c1,res_ss_-40c_3.30v_c1,9.48179e-10,9.40872e-10,PASS
res_ss,-40.0,3.3,c2,res_ss_-40c_3.30v_c2,9.86724e-10,9.77532e-10,PASS
res_ss,-40.0,3.3,c3,res_ss_-40c_3.30v_c3,1.02978e-09,1.01933e-09,PASS
res_ss,-40.0,3.3,c4,res_ss_-40c_3.30v_c4,1.06638e-09,1.05426e-09,PASS
res_ss,-40.0,3.3,c5,res_ss_-40c_3.30v_c5,1.11002e-09,1.09693e-09,PASS
res_ss,-40.0,3.3,c6,res_ss_-40c_3.30v_c6,1.15001e-09,1.13564e-09,PASS
res_ss,-40.0,3.3,c7,res_ss_-40c_3.30v_c7,1.19405e-09,1.17893e-09,PASS
res_ss,-40.0,3.3,c8,res_ss_-40c_3.30v_c8,1.23058e-09,1.21471e-09,PASS
res_ss,-40.0,3.3,c9,res_ss_-40c_3.30v_c9,1.27491e-09,1.25841e-09,PASS
res_ss,-40.0,3.3,c10,res_ss_-40c_3.30v_c10,1.31569e-09,1.29832e-09,PASS
res_ss,-40.0,3.3,c11,res_ss_-40c_3.30v_c11,1.36025e-09,1.34231e-09,PASS
res_ss,-40.0,3.3,c12,res_ss_-40c_3.30v_c12,1.39864e-09,1.37989e-09,PASS
res_ss,-40.0,3.3,c13,res_ss_-40c_3.30v_c13,1.44339e-09,1.42408e-09,PASS
res_ss,-40.0,3.3,c14,res_ss_-40c_3.30v_c14,1.48468e-09,1.46467e-09,PASS
res_ss,-40.0,3.3,c15,res_ss_-40c_3.30v_c15,1.52956e-09,1.50899e-09,PASS
res_ss,-40.0,3.63,c0,res_ss_-40c_3.63v_c0,8.59799e-10,8.50537e-10,PASS
res_ss,-40.0,3.63,c1,res_ss_-40c_3.63v_c1,9.00074e-10,8.89409e-10,PASS
res_ss,-40.0,3.63,c2,res_ss_-40c_3.63v_c2,9.37016e-10,9.24715e-10,PASS
res_ss,-40.0,3.63,c3,res_ss_-40c_3.63v_c3,9.78009e-10,9.64574e-10,PASS
res_ss,-40.0,3.63,c4,res_ss_-40c_3.63v_c4,1.01315e-09,9.98325e-10,PASS
res_ss,-40.0,3.63,c5,res_ss_-40c_3.63v_c5,1.05466e-09,1.03891e-09,PASS
res_ss,-40.0,3.63,c6,res_ss_-40c_3.63v_c6,1.09289e-09,1.07601e-09,PASS
res_ss,-40.0,3.63,c7,res_ss_-40c_3.63v_c7,1.13476e-09,1.11708e-09,PASS
res_ss,-40.0,3.63,c8,res_ss_-40c_3.63v_c8,1.16967e-09,1.15133e-09,PASS
res_ss,-40.0,3.63,c9,res_ss_-40c_3.63v_c9,1.2118e-09,1.19271e-09,PASS
res_ss,-40.0,3.63,c10,res_ss_-40c_3.63v_c10,1.25073e-09,1.23076e-09,PASS
res_ss,-40.0,3.63,c11,res_ss_-40c_3.63v_c11,1.29305e-09,1.27235e-09,PASS
res_ss,-40.0,3.63,c12,res_ss_-40c_3.63v_c12,1.32978e-09,1.30827e-09,PASS
res_ss,-40.0,3.63,c13,res_ss_-40c_3.63v_c13,1.37227e-09,1.35002e-09,PASS
res_ss,-40.0,3.63,c14,res_ss_-40c_3.63v_c14,1.41165e-09,1.38861e-09,PASS
res_ss,-40.0,3.63,c15,res_ss_-40c_3.63v_c15,1.45426e-09,1.43048e-09,PASS
res_ss,27.0,2.97,c0,res_ss_27c_2.97v_c0,1.10193e-09,1.10004e-09,PASS
res_ss,27.0,2.97,c1,res_ss_27c_2.97v_c1,1.15319e-09,1.14924e-09,PASS
res_ss,27.0,2.97,c2,res_ss_27c_2.97v_c2,1.19985e-09,1.19352e-09,PASS
res_ss,27.0,2.97,c3,res_ss_27c_2.97v_c3,1.25215e-09,1.24416e-09,PASS
res_ss,27.0,2.97,c4,res_ss_27c_2.97v_c4,1.29614e-09,1.28605e-09,PASS
res_ss,27.0,2.97,c5,res_ss_27c_2.97v_c5,1.34922e-09,1.33784e-09,PASS
res_ss,27.0,2.97,c6,res_ss_27c_2.97v_c6,1.39773e-09,1.38467e-09,PASS
res_ss,27.0,2.97,c7,res_ss_27c_2.97v_c7,1.45137e-09,1.43735e-09,PASS
res_ss,27.0,2.97,c8,res_ss_27c_2.97v_c8,1.49497e-09,1.48004e-09,PASS
res_ss,27.0,2.97,c9,res_ss_27c_2.97v_c9,1.549e-09,1.53338e-09,PASS
res_ss,27.0,2.97,c10,res_ss_27c_2.97v_c10,1.59856e-09,1.58186e-09,PASS
res_ss,27.0,2.97,c11,res_ss_27c_2.97v_c11,1.65292e-09,1.63568e-09,PASS
res_ss,27.0,2.97,c12,res_ss_27c_2.97v_c12,1.69923e-09,1.68104e-09,PASS
res_ss,27.0,2.97,c13,res_ss_27c_2.97v_c13,1.75384e-09,1.73521e-09,PASS
res_ss,27.0,2.97,c14,res_ss_27c_2.97v_c14,1.8041e-09,1.78471e-09,PASS
res_ss,27.0,2.97,c15,res_ss_27c_2.97v_c15,1.85891e-09,1.83911e-09,PASS
res_ss,27.0,3.3,c0,res_ss_27c_3.30v_c0,1.0296e-09,1.02223e-09,PASS
res_ss,27.0,3.3,c1,res_ss_27c_3.30v_c1,1.07769e-09,1.06855e-09,PASS
res_ss,27.0,3.3,c2,res_ss_27c_3.30v_c2,1.1217e-09,1.11051e-09,PASS
res_ss,27.0,3.3,c3,res_ss_27c_3.30v_c3,1.17073e-09,1.1581e-09,PASS
res_ss,27.0,3.3,c4,res_ss_27c_3.30v_c4,1.21233e-09,1.19795e-09,PASS
res_ss,27.0,3.3,c5,res_ss_27c_3.30v_c5,1.26204e-09,1.24652e-09,PASS
res_ss,27.0,3.3,c6,res_ss_27c_3.30v_c6,1.30769e-09,1.29076e-09,PASS
res_ss,27.0,3.3,c7,res_ss_27c_3.30v_c7,1.35789e-09,1.34004e-09,PASS
res_ss,27.0,3.3,c8,res_ss_27c_3.30v_c8,1.399e-09,1.38043e-09,PASS
res_ss,27.0,3.3,c9,res_ss_27c_3.30v_c9,1.44954e-09,1.43019e-09,PASS
res_ss,27.0,3.3,c10,res_ss_27c_3.30v_c10,1.49613e-09,1.47576e-09,PASS
res_ss,27.0,3.3,c11,res_ss_27c_3.30v_c11,1.54694e-09,1.52587e-09,PASS
res_ss,27.0,3.3,c12,res_ss_27c_3.30v_c12,1.5906e-09,1.56865e-09,PASS
res_ss,27.0,3.3,c13,res_ss_27c_3.30v_c13,1.64164e-09,1.61901e-09,PASS
res_ss,27.0,3.3,c14,res_ss_27c_3.30v_c14,1.68882e-09,1.66537e-09,PASS
res_ss,27.0,3.3,c15,res_ss_27c_3.30v_c15,1.74003e-09,1.71591e-09,PASS
res_ss,27.0,3.63,c0,res_ss_27c_3.63v_c0,9.74557e-10,9.63761e-10,PASS
res_ss,27.0,3.63,c1,res_ss_27c_3.63v_c1,1.02025e-09,1.00788e-09,PASS
res_ss,27.0,3.63,c2,res_ss_27c_3.63v_c2,1.06223e-09,1.04808e-09,PASS
res_ss,27.0,3.63,c3,res_ss_27c_3.63v_c3,1.10877e-09,1.09332e-09,PASS
res_ss,27.0,3.63,c4,res_ss_27c_3.63v_c4,1.14851e-09,1.13158e-09,PASS
res_ss,27.0,3.63,c5,res_ss_27c_3.63v_c5,1.19566e-09,1.17765e-09,PASS
res_ss,27.0,3.63,c6,res_ss_27c_3.63v_c6,1.23913e-09,1.21986e-09,PASS
res_ss,27.0,3.63,c7,res_ss_27c_3.63v_c7,1.28671e-09,1.2665e-09,PASS
res_ss,27.0,3.63,c8,res_ss_27c_3.63v_c8,1.3259e-09,1.30501e-09,PASS
res_ss,27.0,3.63,c9,res_ss_27c_3.63v_c9,1.37379e-09,1.35204e-09,PASS
res_ss,27.0,3.63,c10,res_ss_27c_3.63v_c10,1.41809e-09,1.39533e-09,PASS
res_ss,27.0,3.63,c11,res_ss_27c_3.63v_c11,1.46622e-09,1.44263e-09,PASS
res_ss,27.0,3.63,c12,res_ss_27c_3.63v_c12,1.50782e-09,1.48337e-09,PASS
res_ss,27.0,3.63,c13,res_ss_27c_3.63v_c13,1.55616e-09,1.53088e-09,PASS
res_ss,27.0,3.63,c14,res_ss_27c_3.63v_c14,1.60099e-09,1.57482e-09,PASS
res_ss,27.0,3.63,c15,res_ss_27c_3.63v_c15,1.64947e-09,1.62247e-09,PASS
res_ss,125.0,2.97,c0,res_ss_125c_2.97v_c0,1.29633e-09,1.28716e-09,PASS
res_ss,125.0,2.97,c1,res_ss_125c_2.97v_c1,1.35678e-09,1.34521e-09,PASS
res_ss,125.0,2.97,c2,res_ss_125c_2.97v_c2,1.41229e-09,1.39808e-09,PASS
res_ss,125.0,2.97,c3,res_ss_125c_2.97v_c3,1.47399e-09,1.45779e-09,PASS
res_ss,125.0,2.97,c4,res_ss_125c_2.97v_c4,1.52607e-09,1.50768e-09,PASS
res_ss,125.0,2.97,c5,res_ss_125c_2.97v_c5,1.5887e-09,1.56868e-09,PASS
res_ss,125.0,2.97,c6,res_ss_125c_2.97v_c6,1.64634e-09,1.62441e-09,PASS
res_ss,125.0,2.97,c7,res_ss_125c_2.97v_c7,1.70965e-09,1.68639e-09,PASS
res_ss,125.0,2.97,c8,res_ss_125c_2.97v_c8,1.76048e-09,1.73639e-09,PASS
res_ss,125.0,2.97,c9,res_ss_125c_2.97v_c9,1.82427e-09,1.79907e-09,PASS
res_ss,125.0,2.97,c10,res_ss_125c_2.97v_c10,1.88314e-09,1.85658e-09,PASS
res_ss,125.0,2.97,c11,res_ss_125c_2.97v_c11,1.94733e-09,1.91981e-09,PASS
res_ss,125.0,2.97,c12,res_ss_125c_2.97v_c12,2.00206e-09,1.97343e-09,PASS
res_ss,125.0,2.97,c13,res_ss_125c_2.97v_c13,2.06658e-09,2.03707e-09,PASS
res_ss,125.0,2.97,c14,res_ss_125c_2.97v_c14,2.12626e-09,2.09567e-09,PASS
res_ss,125.0,2.97,c15,res_ss_125c_2.97v_c15,2.19102e-09,2.15959e-09,PASS
res_ss,125.0,3.3,c0,res_ss_125c_3.30v_c0,1.20851e-09,1.19532e-09,PASS
res_ss,125.0,3.3,c1,res_ss_125c_3.30v_c1,1.26503e-09,1.24977e-09,PASS
res_ss,125.0,3.3,c2,res_ss_125c_3.30v_c2,1.31708e-09,1.29956e-09,PASS
res_ss,125.0,3.3,c3,res_ss_125c_3.30v_c3,1.37472e-09,1.35547e-09,PASS
res_ss,125.0,3.3,c4,res_ss_125c_3.30v_c4,1.42368e-09,1.40258e-09,PASS
res_ss,125.0,3.3,c5,res_ss_125c_3.30v_c5,1.48215e-09,1.45959e-09,PASS
res_ss,125.0,3.3,c6,res_ss_125c_3.30v_c6,1.53613e-09,1.51192e-09,PASS
res_ss,125.0,3.3,c7,res_ss_125c_3.30v_c7,1.5952e-09,1.56975e-09,PASS
res_ss,125.0,3.3,c8,res_ss_125c_3.30v_c8,1.64299e-09,1.61677e-09,PASS
res_ss,125.0,3.3,c9,res_ss_125c_3.30v_c9,1.7025e-09,1.67516e-09,PASS
res_ss,125.0,3.3,c10,res_ss_125c_3.30v_c10,1.75758e-09,1.72897e-09,PASS
res_ss,125.0,3.3,c11,res_ss_125c_3.30v_c11,1.81744e-09,1.7878e-09,PASS
res_ss,125.0,3.3,c12,res_ss_125c_3.30v_c12,1.86881e-09,1.83812e-09,PASS
res_ss,125.0,3.3,c13,res_ss_125c_3.30v_c13,1.92896e-09,1.89727e-09,PASS
res_ss,125.0,3.3,c14,res_ss_125c_3.30v_c14,1.98476e-09,1.95197e-09,PASS
res_ss,125.0,3.3,c15,res_ss_125c_3.30v_c15,2.04512e-09,2.01136e-09,PASS
res_ss,125.0,3.63,c0,res_ss_125c_3.63v_c0,1.1402e-09,1.12463e-09,PASS
res_ss,125.0,3.63,c1,res_ss_125c_3.63v_c1,1.19367e-09,1.17628e-09,PASS
res_ss,125.0,3.63,c2,res_ss_125c_3.63v_c2,1.24303e-09,1.22367e-09,PASS
res_ss,125.0,3.63,c3,res_ss_125c_3.63v_c3,1.29753e-09,1.27661e-09,PASS
res_ss,125.0,3.63,c4,res_ss_125c_3.63v_c4,1.34403e-09,1.32153e-09,PASS
res_ss,125.0,3.63,c5,res_ss_125c_3.63v_c5,1.39927e-09,1.37543e-09,PASS
res_ss,125.0,3.63,c6,res_ss_125c_3.63v_c6,1.45041e-09,1.42509e-09,PASS
res_ss,125.0,3.63,c7,res_ss_125c_3.63v_c7,1.50619e-09,1.47967e-09,PASS
res_ss,125.0,3.63,c8,res_ss_125c_3.63v_c8,1.55157e-09,1.5243e-09,PASS
res_ss,125.0,3.63,c9,res_ss_125c_3.63v_c9,1.60775e-09,1.57936e-09,PASS
res_ss,125.0,3.63,c10,res_ss_125c_3.63v_c10,1.65989e-09,1.63028e-09,PASS
res_ss,125.0,3.63,c11,res_ss_125c_3.63v_c11,1.71639e-09,1.6857e-09,PASS
res_ss,125.0,3.63,c12,res_ss_125c_3.63v_c12,1.76512e-09,1.7334e-09,PASS
res_ss,125.0,3.63,c13,res_ss_125c_3.63v_c13,1.82188e-09,1.7891e-09,PASS
res_ss,125.0,3.63,c14,res_ss_125c_3.63v_c14,1.87466e-09,1.84078e-09,PASS
res_ss,125.0,3.63,c15,res_ss_125c_3.63v_c15,1.93161e-09,1.89668e-09,PASS
moscap_ff,-40.0,2.97,c0,moscap_ff_-40c_2.97v_c0,9.67262e-10,9.67242e-10,PASS
moscap_ff,-40.0,2.97,c1,moscap_ff_-40c_2.97v_c1,1.01212e-09,1.01026e-09,PASS
moscap_ff,-40.0,2.97,c2,moscap_ff_-40c_2.97v_c2,1.05277e-09,1.04872e-09,PASS
moscap_ff,-40.0,2.97,c3,moscap_ff_-40c_2.97v_c3,1.09855e-09,1.09301e-09,PASS
moscap_ff,-40.0,2.97,c4,moscap_ff_-40c_2.97v_c4,1.13705e-09,1.12946e-09,PASS
moscap_ff,-40.0,2.97,c5,moscap_ff_-40c_2.97v_c5,1.1835e-09,1.17478e-09,PASS
moscap_ff,-40.0,2.97,c6,moscap_ff_-40c_2.97v_c6,1.2258e-09,1.21551e-09,PASS
moscap_ff,-40.0,2.97,c7,moscap_ff_-40c_2.97v_c7,1.27273e-09,1.26164e-09,PASS
moscap_ff,-40.0,2.97,c8,moscap_ff_-40c_2.97v_c8,1.31134e-09,1.2992e-09,PASS
moscap_ff,-40.0,2.97,c9,moscap_ff_-40c_2.97v_c9,1.3586e-09,1.34593e-09,PASS
moscap_ff,-40.0,2.97,c10,moscap_ff_-40c_2.97v_c10,1.40182e-09,1.38818e-09,PASS
moscap_ff,-40.0,2.97,c11,moscap_ff_-40c_2.97v_c11,1.44936e-09,1.43535e-09,PASS
moscap_ff,-40.0,2.97,c12,moscap_ff_-40c_2.97v_c12,1.48992e-09,1.47499e-09,PASS
moscap_ff,-40.0,2.97,c13,moscap_ff_-40c_2.97v_c13,1.53767e-09,1.52247e-09,PASS
moscap_ff,-40.0,2.97,c14,moscap_ff_-40c_2.97v_c14,1.58149e-09,1.56568e-09,PASS
moscap_ff,-40.0,2.97,c15,moscap_ff_-40c_2.97v_c15,1.6294e-09,1.61334e-09,PASS
moscap_ff,-40.0,3.3,c0,moscap_ff_-40c_3.30v_c0,9.05935e-10,9.0021e-10,PASS
moscap_ff,-40.0,3.3,c1,moscap_ff_-40c_3.30v_c1,9.48179e-10,9.40872e-10,PASS
moscap_ff,-40.0,3.3,c2,moscap_ff_-40c_3.30v_c2,9.86724e-10,9.77532e-10,PASS
moscap_ff,-40.0,3.3,c3,moscap_ff_-40c_3.30v_c3,1.02978e-09,1.01933e-09,PASS
moscap_ff,-40.0,3.3,c4,moscap_ff_-40c_3.30v_c4,1.06638e-09,1.05426e-09,PASS
moscap_ff,-40.0,3.3,c5,moscap_ff_-40c_3.30v_c5,1.11002e-09,1.09693e-09,PASS
moscap_ff,-40.0,3.3,c6,moscap_ff_-40c_3.30v_c6,1.15001e-09,1.13564e-09,PASS
moscap_ff,-40.0,3.3,c7,moscap_ff_-40c_3.30v_c7,1.19405e-09,1.17893e-09,PASS
moscap_ff,-40.0,3.3,c8,moscap_ff_-40c_3.30v_c8,1.23058e-09,1.21471e-09,PASS
moscap_ff,-40.0,3.3,c9,moscap_ff_-40c_3.30v_c9,1.27491e-09,1.25841e-09,PASS
moscap_ff,-40.0,3.3,c10,moscap_ff_-40c_3.30v_c10,1.31569e-09,1.29832e-09,PASS
moscap_ff,-40.0,3.3,c11,moscap_ff_-40c_3.30v_c11,1.36025e-09,1.34231e-09,PASS
moscap_ff,-40.0,3.3,c12,moscap_ff_-40c_3.30v_c12,1.39864e-09,1.37989e-09,PASS
moscap_ff,-40.0,3.3,c13,moscap_ff_-40c_3.30v_c13,1.44339e-09,1.42408e-09,PASS
moscap_ff,-40.0,3.3,c14,moscap_ff_-40c_3.30v_c14,1.48468e-09,1.46467e-09,PASS
moscap_ff,-40.0,3.3,c15,moscap_ff_-40c_3.30v_c15,1.52956e-09,1.50899e-09,PASS
moscap_ff,-40.0,3.63,c0,moscap_ff_-40c_3.63v_c0,8.59799e-10,8.50537e-10,PASS
moscap_ff,-40.0,3.63,c1,moscap_ff_-40c_3.63v_c1,9.00074e-10,8.89409e-10,PASS
moscap_ff,-40.0,3.63,c2,moscap_ff_-40c_3.63v_c2,9.37016e-10,9.24715e-10,PASS
moscap_ff,-40.0,3.63,c3,moscap_ff_-40c_3.63v_c3,9.78009e-10,9.64574e-10,PASS
moscap_ff,-40.0,3.63,c4,moscap_ff_-40c_3.63v_c4,1.01315e-09,9.98325e-10,PASS
moscap_ff,-40.0,3.63,c5,moscap_ff_-40c_3.63v_c5,1.05466e-09,1.03891e-09,PASS
moscap_ff,-40.0,3.63,c6,moscap_ff_-40c_3.63v_c6,1.09289e-09,1.07601e-09,PASS
moscap_ff,-40.0,3.63,c7,moscap_ff_-40c_3.63v_c7,1.13476e-09,1.11708e-09,PASS
moscap_ff,-40.0,3.63,c8,moscap_ff_-40c_3.63v_c8,1.16967e-09,1.15133e-09,PASS
moscap_ff,-40.0,3.63,c9,moscap_ff_-40c_3.63v_c9,1.2118e-09,1.19271e-09,PASS
moscap_ff,-40.0,3.63,c10,moscap_ff_-40c_3.63v_c10,1.25073e-09,1.23076e-09,PASS
moscap_ff,-40.0,3.63,c11,moscap_ff_-40c_3.63v_c11,1.29305e-09,1.27235e-09,PASS
moscap_ff,-40.0,3.63,c12,moscap_ff_-40c_3.63v_c12,1.32978e-09,1.30827e-09,PASS
moscap_ff,-40.0,3.63,c13,moscap_ff_-40c_3.63v_c13,1.37227e-09,1.35002e-09,PASS
moscap_ff,-40.0,3.63,c14,moscap_ff_-40c_3.63v_c14,1.41165e-09,1.38861e-09,PASS
moscap_ff,-40.0,3.63,c15,moscap_ff_-40c_3.63v_c15,1.45426e-09,1.43048e-09,PASS
moscap_ff,27.0,2.97,c0,moscap_ff_27c_2.97v_c0,1.10193e-09,1.10004e-09,PASS
moscap_ff,27.0,2.97,c1,moscap_ff_27c_2.97v_c1,1.15319e-09,1.14924e-09,PASS
moscap_ff,27.0,2.97,c2,moscap_ff_27c_2.97v_c2,1.19985e-09,1.19352e-09,PASS
moscap_ff,27.0,2.97,c3,moscap_ff_27c_2.97v_c3,1.25215e-09,1.24416e-09,PASS
moscap_ff,27.0,2.97,c4,moscap_ff_27c_2.97v_c4,1.29614e-09,1.28605e-09,PASS
moscap_ff,27.0,2.97,c5,moscap_ff_27c_2.97v_c5,1.34922e-09,1.33784e-09,PASS
moscap_ff,27.0,2.97,c6,moscap_ff_27c_2.97v_c6,1.39773e-09,1.38467e-09,PASS
moscap_ff,27.0,2.97,c7,moscap_ff_27c_2.97v_c7,1.45137e-09,1.43735e-09,PASS
moscap_ff,27.0,2.97,c8,moscap_ff_27c_2.97v_c8,1.49497e-09,1.48004e-09,PASS
moscap_ff,27.0,2.97,c9,moscap_ff_27c_2.97v_c9,1.549e-09,1.53338e-09,PASS
moscap_ff,27.0,2.97,c10,moscap_ff_27c_2.97v_c10,1.59856e-09,1.58186e-09,PASS
moscap_ff,27.0,2.97,c11,moscap_ff_27c_2.97v_c11,1.65292e-09,1.63568e-09,PASS
moscap_ff,27.0,2.97,c12,moscap_ff_27c_2.97v_c12,1.69923e-09,1.68104e-09,PASS
moscap_ff,27.0,2.97,c13,moscap_ff_27c_2.97v_c13,1.75384e-09,1.73521e-09,PASS
moscap_ff,27.0,2.97,c14,moscap_ff_27c_2.97v_c14,1.8041e-09,1.78471e-09,PASS
moscap_ff,27.0,2.97,c15,moscap_ff_27c_2.97v_c15,1.85891e-09,1.83911e-09,PASS
moscap_ff,27.0,3.3,c0,moscap_ff_27c_3.30v_c0,1.0296e-09,1.02223e-09,PASS
moscap_ff,27.0,3.3,c1,moscap_ff_27c_3.30v_c1,1.07769e-09,1.06855e-09,PASS
moscap_ff,27.0,3.3,c2,moscap_ff_27c_3.30v_c2,1.1217e-09,1.11051e-09,PASS
moscap_ff,27.0,3.3,c3,moscap_ff_27c_3.30v_c3,1.17073e-09,1.1581e-09,PASS
moscap_ff,27.0,3.3,c4,moscap_ff_27c_3.30v_c4,1.21233e-09,1.19795e-09,PASS
moscap_ff,27.0,3.3,c5,moscap_ff_27c_3.30v_c5,1.26204e-09,1.24652e-09,PASS
moscap_ff,27.0,3.3,c6,moscap_ff_27c_3.30v_c6,1.30769e-09,1.29076e-09,PASS
moscap_ff,27.0,3.3,c7,moscap_ff_27c_3.30v_c7,1.35789e-09,1.34004e-09,PASS
moscap_ff,27.0,3.3,c8,moscap_ff_27c_3.30v_c8,1.399e-09,1.38043e-09,PASS
moscap_ff,27.0,3.3,c9,moscap_ff_27c_3.30v_c9,1.44954e-09,1.43019e-09,PASS
moscap_ff,27.0,3.3,c10,moscap_ff_27c_3.30v_c10,1.49613e-09,1.47576e-09,PASS
moscap_ff,27.0,3.3,c11,moscap_ff_27c_3.30v_c11,1.54694e-09,1.52587e-09,PASS
moscap_ff,27.0,3.3,c12,moscap_ff_27c_3.30v_c12,1.5906e-09,1.56865e-09,PASS
moscap_ff,27.0,3.3,c13,moscap_ff_27c_3.30v_c13,1.64164e-09,1.61901e-09,PASS
moscap_ff,27.0,3.3,c14,moscap_ff_27c_3.30v_c14,1.68882e-09,1.66537e-09,PASS
moscap_ff,27.0,3.3,c15,moscap_ff_27c_3.30v_c15,1.74003e-09,1.71591e-09,PASS
moscap_ff,27.0,3.63,c0,moscap_ff_27c_3.63v_c0,9.74557e-10,9.63761e-10,PASS
moscap_ff,27.0,3.63,c1,moscap_ff_27c_3.63v_c1,1.02025e-09,1.00788e-09,PASS
moscap_ff,27.0,3.63,c2,moscap_ff_27c_3.63v_c2,1.06223e-09,1.04808e-09,PASS
moscap_ff,27.0,3.63,c3,moscap_ff_27c_3.63v_c3,1.10877e-09,1.09332e-09,PASS
moscap_ff,27.0,3.63,c4,moscap_ff_27c_3.63v_c4,1.14851e-09,1.13158e-09,PASS
moscap_ff,27.0,3.63,c5,moscap_ff_27c_3.63v_c5,1.19566e-09,1.17765e-09,PASS
moscap_ff,27.0,3.63,c6,moscap_ff_27c_3.63v_c6,1.23913e-09,1.21986e-09,PASS
moscap_ff,27.0,3.63,c7,moscap_ff_27c_3.63v_c7,1.28671e-09,1.2665e-09,PASS
moscap_ff,27.0,3.63,c8,moscap_ff_27c_3.63v_c8,1.3259e-09,1.30501e-09,PASS
moscap_ff,27.0,3.63,c9,moscap_ff_27c_3.63v_c9,1.37379e-09,1.35204e-09,PASS
moscap_ff,27.0,3.63,c10,moscap_ff_27c_3.63v_c10,1.41809e-09,1.39533e-09,PASS
moscap_ff,27.0,3.63,c11,moscap_ff_27c_3.63v_c11,1.46622e-09,1.44263e-09,PASS
moscap_ff,27.0,3.63,c12,moscap_ff_27c_3.63v_c12,1.50782e-09,1.48337e-09,PASS
moscap_ff,27.0,3.63,c13,moscap_ff_27c_3.63v_c13,1.55616e-09,1.53088e-09,PASS
moscap_ff,27.0,3.63,c14,moscap_ff_27c_3.63v_c14,1.60099e-09,1.57482e-09,PASS
moscap_ff,27.0,3.63,c15,moscap_ff_27c_3.63v_c15,1.64947e-09,1.62247e-09,PASS
moscap_ff,125.0,2.97,c0,moscap_ff_125c_2.97v_c0,1.29633e-09,1.28716e-09,PASS
moscap_ff,125.0,2.97,c1,moscap_ff_125c_2.97v_c1,1.35678e-09,1.34521e-09,PASS
moscap_ff,125.0,2.97,c2,moscap_ff_125c_2.97v_c2,1.41229e-09,1.39808e-09,PASS
moscap_ff,125.0,2.97,c3,moscap_ff_125c_2.97v_c3,1.47399e-09,1.45779e-09,PASS
moscap_ff,125.0,2.97,c4,moscap_ff_125c_2.97v_c4,1.52607e-09,1.50768e-09,PASS
moscap_ff,125.0,2.97,c5,moscap_ff_125c_2.97v_c5,1.5887e-09,1.56868e-09,PASS
moscap_ff,125.0,2.97,c6,moscap_ff_125c_2.97v_c6,1.64634e-09,1.62441e-09,PASS
moscap_ff,125.0,2.97,c7,moscap_ff_125c_2.97v_c7,1.70965e-09,1.68639e-09,PASS
moscap_ff,125.0,2.97,c8,moscap_ff_125c_2.97v_c8,1.76048e-09,1.73639e-09,PASS
moscap_ff,125.0,2.97,c9,moscap_ff_125c_2.97v_c9,1.82427e-09,1.79907e-09,PASS
moscap_ff,125.0,2.97,c10,moscap_ff_125c_2.97v_c10,1.88314e-09,1.85658e-09,PASS
moscap_ff,125.0,2.97,c11,moscap_ff_125c_2.97v_c11,1.94733e-09,1.91981e-09,PASS
moscap_ff,125.0,2.97,c12,moscap_ff_125c_2.97v_c12,2.00206e-09,1.97343e-09,PASS
moscap_ff,125.0,2.97,c13,moscap_ff_125c_2.97v_c13,2.06658e-09,2.03707e-09,PASS
moscap_ff,125.0,2.97,c14,moscap_ff_125c_2.97v_c14,2.12626e-09,2.09567e-09,PASS
moscap_ff,125.0,2.97,c15,moscap_ff_125c_2.97v_c15,2.19102e-09,2.15959e-09,PASS
moscap_ff,125.0,3.3,c0,moscap_ff_125c_3.30v_c0,1.20851e-09,1.19532e-09,PASS
moscap_ff,125.0,3.3,c1,moscap_ff_125c_3.30v_c1,1.26503e-09,1.24977e-09,PASS
moscap_ff,125.0,3.3,c2,moscap_ff_125c_3.30v_c2,1.31708e-09,1.29956e-09,PASS
moscap_ff,125.0,3.3,c3,moscap_ff_125c_3.30v_c3,1.37472e-09,1.35547e-09,PASS
moscap_ff,125.0,3.3,c4,moscap_ff_125c_3.30v_c4,1.42368e-09,1.40258e-09,PASS
moscap_ff,125.0,3.3,c5,moscap_ff_125c_3.30v_c5,1.48215e-09,1.45959e-09,PASS
moscap_ff,125.0,3.3,c6,moscap_ff_125c_3.30v_c6,1.53613e-09,1.51192e-09,PASS
moscap_ff,125.0,3.3,c7,moscap_ff_125c_3.30v_c7,1.5952e-09,1.56975e-09,PASS
moscap_ff,125.0,3.3,c8,moscap_ff_125c_3.30v_c8,1.64299e-09,1.61677e-09,PASS
moscap_ff,125.0,3.3,c9,moscap_ff_125c_3.30v_c9,1.7025e-09,1.67516e-09,PASS
moscap_ff,125.0,3.3,c10,moscap_ff_125c_3.30v_c10,1.75758e-09,1.72897e-09,PASS
moscap_ff,125.0,3.3,c11,moscap_ff_125c_3.30v_c11,1.81744e-09,1.7878e-09,PASS
moscap_ff,125.0,3.3,c12,moscap_ff_125c_3.30v_c12,1.86881e-09,1.83812e-09,PASS
moscap_ff,125.0,3.3,c13,moscap_ff_125c_3.30v_c13,1.92896e-09,1.89727e-09,PASS
moscap_ff,125.0,3.3,c14,moscap_ff_125c_3.30v_c14,1.98476e-09,1.95197e-09,PASS
moscap_ff,125.0,3.3,c15,moscap_ff_125c_3.30v_c15,2.04512e-09,2.01136e-09,PASS
moscap_ff,125.0,3.63,c0,moscap_ff_125c_3.63v_c0,1.1402e-09,1.12463e-09,PASS
moscap_ff,125.0,3.63,c1,moscap_ff_125c_3.63v_c1,1.19367e-09,1.17628e-09,PASS
moscap_ff,125.0,3.63,c2,moscap_ff_125c_3.63v_c2,1.24303e-09,1.22367e-09,PASS
moscap_ff,125.0,3.63,c3,moscap_ff_125c_3.63v_c3,1.29753e-09,1.27661e-09,PASS
moscap_ff,125.0,3.63,c4,moscap_ff_125c_3.63v_c4,1.34403e-09,1.32153e-09,PASS
moscap_ff,125.0,3.63,c5,moscap_ff_125c_3.63v_c5,1.39927e-09,1.37543e-09,PASS
moscap_ff,125.0,3.63,c6,moscap_ff_125c_3.63v_c6,1.45041e-09,1.42509e-09,PASS
moscap_ff,125.0,3.63,c7,moscap_ff_125c_3.63v_c7,1.50619e-09,1.47967e-09,PASS
moscap_ff,125.0,3.63,c8,moscap_ff_125c_3.63v_c8,1.55157e-09,1.5243e-09,PASS
moscap_ff,125.0,3.63,c9,moscap_ff_125c_3.63v_c9,1.60775e-09,1.57936e-09,PASS
moscap_ff,125.0,3.63,c10,moscap_ff_125c_3.63v_c10,1.65989e-09,1.63028e-09,PASS
moscap_ff,125.0,3.63,c11,moscap_ff_125c_3.63v_c11,1.71639e-09,1.6857e-09,PASS
moscap_ff,125.0,3.63,c12,moscap_ff_125c_3.63v_c12,1.76512e-09,1.7334e-09,PASS
moscap_ff,125.0,3.63,c13,moscap_ff_125c_3.63v_c13,1.82188e-09,1.7891e-09,PASS
moscap_ff,125.0,3.63,c14,moscap_ff_125c_3.63v_c14,1.87466e-09,1.84078e-09,PASS
moscap_ff,125.0,3.63,c15,moscap_ff_125c_3.63v_c15,1.93161e-09,1.89668e-09,PASS
moscap_ss,-40.0,2.97,c0,moscap_ss_-40c_2.97v_c0,9.67262e-10,9.67242e-10,PASS
moscap_ss,-40.0,2.97,c1,moscap_ss_-40c_2.97v_c1,1.01212e-09,1.01026e-09,PASS
moscap_ss,-40.0,2.97,c2,moscap_ss_-40c_2.97v_c2,1.05277e-09,1.04872e-09,PASS
moscap_ss,-40.0,2.97,c3,moscap_ss_-40c_2.97v_c3,1.09855e-09,1.09301e-09,PASS
moscap_ss,-40.0,2.97,c4,moscap_ss_-40c_2.97v_c4,1.13705e-09,1.12946e-09,PASS
moscap_ss,-40.0,2.97,c5,moscap_ss_-40c_2.97v_c5,1.1835e-09,1.17478e-09,PASS
moscap_ss,-40.0,2.97,c6,moscap_ss_-40c_2.97v_c6,1.2258e-09,1.21551e-09,PASS
moscap_ss,-40.0,2.97,c7,moscap_ss_-40c_2.97v_c7,1.27273e-09,1.26164e-09,PASS
moscap_ss,-40.0,2.97,c8,moscap_ss_-40c_2.97v_c8,1.31134e-09,1.2992e-09,PASS
moscap_ss,-40.0,2.97,c9,moscap_ss_-40c_2.97v_c9,1.3586e-09,1.34593e-09,PASS
moscap_ss,-40.0,2.97,c10,moscap_ss_-40c_2.97v_c10,1.40182e-09,1.38818e-09,PASS
moscap_ss,-40.0,2.97,c11,moscap_ss_-40c_2.97v_c11,1.44936e-09,1.43535e-09,PASS
moscap_ss,-40.0,2.97,c12,moscap_ss_-40c_2.97v_c12,1.48992e-09,1.47499e-09,PASS
moscap_ss,-40.0,2.97,c13,moscap_ss_-40c_2.97v_c13,1.53767e-09,1.52247e-09,PASS
moscap_ss,-40.0,2.97,c14,moscap_ss_-40c_2.97v_c14,1.58149e-09,1.56568e-09,PASS
moscap_ss,-40.0,2.97,c15,moscap_ss_-40c_2.97v_c15,1.6294e-09,1.61334e-09,PASS
moscap_ss,-40.0,3.3,c0,moscap_ss_-40c_3.30v_c0,9.05935e-10,9.0021e-10,PASS
moscap_ss,-40.0,3.3,c1,moscap_ss_-40c_3.30v_c1,9.48179e-10,9.40872e-10,PASS
moscap_ss,-40.0,3.3,c2,moscap_ss_-40c_3.30v_c2,9.86724e-10,9.77532e-10,PASS
moscap_ss,-40.0,3.3,c3,moscap_ss_-40c_3.30v_c3,1.02978e-09,1.01933e-09,PASS
moscap_ss,-40.0,3.3,c4,moscap_ss_-40c_3.30v_c4,1.06638e-09,1.05426e-09,PASS
moscap_ss,-40.0,3.3,c5,moscap_ss_-40c_3.30v_c5,1.11002e-09,1.09693e-09,PASS
moscap_ss,-40.0,3.3,c6,moscap_ss_-40c_3.30v_c6,1.15001e-09,1.13564e-09,PASS
moscap_ss,-40.0,3.3,c7,moscap_ss_-40c_3.30v_c7,1.19405e-09,1.17893e-09,PASS
moscap_ss,-40.0,3.3,c8,moscap_ss_-40c_3.30v_c8,1.23058e-09,1.21471e-09,PASS
moscap_ss,-40.0,3.3,c9,moscap_ss_-40c_3.30v_c9,1.27491e-09,1.25841e-09,PASS
moscap_ss,-40.0,3.3,c10,moscap_ss_-40c_3.30v_c10,1.31569e-09,1.29832e-09,PASS
moscap_ss,-40.0,3.3,c11,moscap_ss_-40c_3.30v_c11,1.36025e-09,1.34231e-09,PASS
moscap_ss,-40.0,3.3,c12,moscap_ss_-40c_3.30v_c12,1.39864e-09,1.37989e-09,PASS
moscap_ss,-40.0,3.3,c13,moscap_ss_-40c_3.30v_c13,1.44339e-09,1.42408e-09,PASS
moscap_ss,-40.0,3.3,c14,moscap_ss_-40c_3.30v_c14,1.48468e-09,1.46467e-09,PASS
moscap_ss,-40.0,3.3,c15,moscap_ss_-40c_3.30v_c15,1.52956e-09,1.50899e-09,PASS
moscap_ss,-40.0,3.63,c0,moscap_ss_-40c_3.63v_c0,8.59799e-10,8.50537e-10,PASS
moscap_ss,-40.0,3.63,c1,moscap_ss_-40c_3.63v_c1,9.00074e-10,8.89409e-10,PASS
moscap_ss,-40.0,3.63,c2,moscap_ss_-40c_3.63v_c2,9.37016e-10,9.24715e-10,PASS
moscap_ss,-40.0,3.63,c3,moscap_ss_-40c_3.63v_c3,9.78009e-10,9.64574e-10,PASS
moscap_ss,-40.0,3.63,c4,moscap_ss_-40c_3.63v_c4,1.01315e-09,9.98325e-10,PASS
moscap_ss,-40.0,3.63,c5,moscap_ss_-40c_3.63v_c5,1.05466e-09,1.03891e-09,PASS
moscap_ss,-40.0,3.63,c6,moscap_ss_-40c_3.63v_c6,1.09289e-09,1.07601e-09,PASS
moscap_ss,-40.0,3.63,c7,moscap_ss_-40c_3.63v_c7,1.13476e-09,1.11708e-09,PASS
moscap_ss,-40.0,3.63,c8,moscap_ss_-40c_3.63v_c8,1.16967e-09,1.15133e-09,PASS
moscap_ss,-40.0,3.63,c9,moscap_ss_-40c_3.63v_c9,1.2118e-09,1.19271e-09,PASS
moscap_ss,-40.0,3.63,c10,moscap_ss_-40c_3.63v_c10,1.25073e-09,1.23076e-09,PASS
moscap_ss,-40.0,3.63,c11,moscap_ss_-40c_3.63v_c11,1.29305e-09,1.27235e-09,PASS
moscap_ss,-40.0,3.63,c12,moscap_ss_-40c_3.63v_c12,1.32978e-09,1.30827e-09,PASS
moscap_ss,-40.0,3.63,c13,moscap_ss_-40c_3.63v_c13,1.37227e-09,1.35002e-09,PASS
moscap_ss,-40.0,3.63,c14,moscap_ss_-40c_3.63v_c14,1.41165e-09,1.38861e-09,PASS
moscap_ss,-40.0,3.63,c15,moscap_ss_-40c_3.63v_c15,1.45426e-09,1.43048e-09,PASS
moscap_ss,27.0,2.97,c0,moscap_ss_27c_2.97v_c0,1.10193e-09,1.10004e-09,PASS
moscap_ss,27.0,2.97,c1,moscap_ss_27c_2.97v_c1,1.15319e-09,1.14924e-09,PASS
moscap_ss,27.0,2.97,c2,moscap_ss_27c_2.97v_c2,1.19985e-09,1.19352e-09,PASS
moscap_ss,27.0,2.97,c3,moscap_ss_27c_2.97v_c3,1.25215e-09,1.24416e-09,PASS
moscap_ss,27.0,2.97,c4,moscap_ss_27c_2.97v_c4,1.29614e-09,1.28605e-09,PASS
moscap_ss,27.0,2.97,c5,moscap_ss_27c_2.97v_c5,1.34922e-09,1.33784e-09,PASS
moscap_ss,27.0,2.97,c6,moscap_ss_27c_2.97v_c6,1.39773e-09,1.38467e-09,PASS
moscap_ss,27.0,2.97,c7,moscap_ss_27c_2.97v_c7,1.45137e-09,1.43735e-09,PASS
moscap_ss,27.0,2.97,c8,moscap_ss_27c_2.97v_c8,1.49497e-09,1.48004e-09,PASS
moscap_ss,27.0,2.97,c9,moscap_ss_27c_2.97v_c9,1.549e-09,1.53338e-09,PASS
moscap_ss,27.0,2.97,c10,moscap_ss_27c_2.97v_c10,1.59856e-09,1.58186e-09,PASS
moscap_ss,27.0,2.97,c11,moscap_ss_27c_2.97v_c11,1.65292e-09,1.63568e-09,PASS
moscap_ss,27.0,2.97,c12,moscap_ss_27c_2.97v_c12,1.69923e-09,1.68104e-09,PASS
moscap_ss,27.0,2.97,c13,moscap_ss_27c_2.97v_c13,1.75384e-09,1.73521e-09,PASS
moscap_ss,27.0,2.97,c14,moscap_ss_27c_2.97v_c14,1.8041e-09,1.78471e-09,PASS
moscap_ss,27.0,2.97,c15,moscap_ss_27c_2.97v_c15,1.85891e-09,1.83911e-09,PASS
moscap_ss,27.0,3.3,c0,moscap_ss_27c_3.30v_c0,1.0296e-09,1.02223e-09,PASS
moscap_ss,27.0,3.3,c1,moscap_ss_27c_3.30v_c1,1.07769e-09,1.06855e-09,PASS
moscap_ss,27.0,3.3,c2,moscap_ss_27c_3.30v_c2,1.1217e-09,1.11051e-09,PASS
moscap_ss,27.0,3.3,c3,moscap_ss_27c_3.30v_c3,1.17073e-09,1.1581e-09,PASS
moscap_ss,27.0,3.3,c4,moscap_ss_27c_3.30v_c4,1.21233e-09,1.19795e-09,PASS
moscap_ss,27.0,3.3,c5,moscap_ss_27c_3.30v_c5,1.26204e-09,1.24652e-09,PASS
moscap_ss,27.0,3.3,c6,moscap_ss_27c_3.30v_c6,1.30769e-09,1.29076e-09,PASS
moscap_ss,27.0,3.3,c7,moscap_ss_27c_3.30v_c7,1.35789e-09,1.34004e-09,PASS
moscap_ss,27.0,3.3,c8,moscap_ss_27c_3.30v_c8,1.399e-09,1.38043e-09,PASS
moscap_ss,27.0,3.3,c9,moscap_ss_27c_3.30v_c9,1.44954e-09,1.43019e-09,PASS
moscap_ss,27.0,3.3,c10,moscap_ss_27c_3.30v_c10,1.49613e-09,1.47576e-09,PASS
moscap_ss,27.0,3.3,c11,moscap_ss_27c_3.30v_c11,1.54694e-09,1.52587e-09,PASS
moscap_ss,27.0,3.3,c12,moscap_ss_27c_3.30v_c12,1.5906e-09,1.56865e-09,PASS
moscap_ss,27.0,3.3,c13,moscap_ss_27c_3.30v_c13,1.64164e-09,1.61901e-09,PASS
moscap_ss,27.0,3.3,c14,moscap_ss_27c_3.30v_c14,1.68882e-09,1.66537e-09,PASS
moscap_ss,27.0,3.3,c15,moscap_ss_27c_3.30v_c15,1.74003e-09,1.71591e-09,PASS
moscap_ss,27.0,3.63,c0,moscap_ss_27c_3.63v_c0,9.74557e-10,9.63761e-10,PASS
moscap_ss,27.0,3.63,c1,moscap_ss_27c_3.63v_c1,1.02025e-09,1.00788e-09,PASS
moscap_ss,27.0,3.63,c2,moscap_ss_27c_3.63v_c2,1.06223e-09,1.04808e-09,PASS
moscap_ss,27.0,3.63,c3,moscap_ss_27c_3.63v_c3,1.10877e-09,1.09332e-09,PASS
moscap_ss,27.0,3.63,c4,moscap_ss_27c_3.63v_c4,1.14851e-09,1.13158e-09,PASS
moscap_ss,27.0,3.63,c5,moscap_ss_27c_3.63v_c5,1.19566e-09,1.17765e-09,PASS
moscap_ss,27.0,3.63,c6,moscap_ss_27c_3.63v_c6,1.23913e-09,1.21986e-09,PASS
moscap_ss,27.0,3.63,c7,moscap_ss_27c_3.63v_c7,1.28671e-09,1.2665e-09,PASS
moscap_ss,27.0,3.63,c8,moscap_ss_27c_3.63v_c8,1.3259e-09,1.30501e-09,PASS
moscap_ss,27.0,3.63,c9,moscap_ss_27c_3.63v_c9,1.37379e-09,1.35204e-09,PASS
moscap_ss,27.0,3.63,c10,moscap_ss_27c_3.63v_c10,1.41809e-09,1.39533e-09,PASS
moscap_ss,27.0,3.63,c11,moscap_ss_27c_3.63v_c11,1.46622e-09,1.44263e-09,PASS
moscap_ss,27.0,3.63,c12,moscap_ss_27c_3.63v_c12,1.50782e-09,1.48337e-09,PASS
moscap_ss,27.0,3.63,c13,moscap_ss_27c_3.63v_c13,1.55616e-09,1.53088e-09,PASS
moscap_ss,27.0,3.63,c14,moscap_ss_27c_3.63v_c14,1.60099e-09,1.57482e-09,PASS
moscap_ss,27.0,3.63,c15,moscap_ss_27c_3.63v_c15,1.64947e-09,1.62247e-09,PASS
moscap_ss,125.0,2.97,c0,moscap_ss_125c_2.97v_c0,1.29633e-09,1.28716e-09,PASS
moscap_ss,125.0,2.97,c1,moscap_ss_125c_2.97v_c1,1.35678e-09,1.34521e-09,PASS
moscap_ss,125.0,2.97,c2,moscap_ss_125c_2.97v_c2,1.41229e-09,1.39808e-09,PASS
moscap_ss,125.0,2.97,c3,moscap_ss_125c_2.97v_c3,1.47399e-09,1.45779e-09,PASS
moscap_ss,125.0,2.97,c4,moscap_ss_125c_2.97v_c4,1.52607e-09,1.50768e-09,PASS
moscap_ss,125.0,2.97,c5,moscap_ss_125c_2.97v_c5,1.5887e-09,1.56868e-09,PASS
moscap_ss,125.0,2.97,c6,moscap_ss_125c_2.97v_c6,1.64634e-09,1.62441e-09,PASS
moscap_ss,125.0,2.97,c7,moscap_ss_125c_2.97v_c7,1.70965e-09,1.68639e-09,PASS
moscap_ss,125.0,2.97,c8,moscap_ss_125c_2.97v_c8,1.76048e-09,1.73639e-09,PASS
moscap_ss,125.0,2.97,c9,moscap_ss_125c_2.97v_c9,1.82427e-09,1.79907e-09,PASS
moscap_ss,125.0,2.97,c10,moscap_ss_125c_2.97v_c10,1.88314e-09,1.85658e-09,PASS
moscap_ss,125.0,2.97,c11,moscap_ss_125c_2.97v_c11,1.94733e-09,1.91981e-09,PASS
moscap_ss,125.0,2.97,c12,moscap_ss_125c_2.97v_c12,2.00206e-09,1.97343e-09,PASS
moscap_ss,125.0,2.97,c13,moscap_ss_125c_2.97v_c13,2.06658e-09,2.03707e-09,PASS
moscap_ss,125.0,2.97,c14,moscap_ss_125c_2.97v_c14,2.12626e-09,2.09567e-09,PASS
moscap_ss,125.0,2.97,c15,moscap_ss_125c_2.97v_c15,2.19102e-09,2.15959e-09,PASS
moscap_ss,125.0,3.3,c0,moscap_ss_125c_3.30v_c0,1.20851e-09,1.19532e-09,PASS
moscap_ss,125.0,3.3,c1,moscap_ss_125c_3.30v_c1,1.26503e-09,1.24977e-09,PASS
moscap_ss,125.0,3.3,c2,moscap_ss_125c_3.30v_c2,1.31708e-09,1.29956e-09,PASS
moscap_ss,125.0,3.3,c3,moscap_ss_125c_3.30v_c3,1.37472e-09,1.35547e-09,PASS
moscap_ss,125.0,3.3,c4,moscap_ss_125c_3.30v_c4,1.42368e-09,1.40258e-09,PASS
moscap_ss,125.0,3.3,c5,moscap_ss_125c_3.30v_c5,1.48215e-09,1.45959e-09,PASS
moscap_ss,125.0,3.3,c6,moscap_ss_125c_3.30v_c6,1.53613e-09,1.51192e-09,PASS
moscap_ss,125.0,3.3,c7,moscap_ss_125c_3.30v_c7,1.5952e-09,1.56975e-09,PASS
moscap_ss,125.0,3.3,c8,moscap_ss_125c_3.30v_c8,1.64299e-09,1.61677e-09,PASS
moscap_ss,125.0,3.3,c9,moscap_ss_125c_3.30v_c9,1.7025e-09,1.67516e-09,PASS
moscap_ss,125.0,3.3,c10,moscap_ss_125c_3.30v_c10,1.75758e-09,1.72897e-09,PASS
moscap_ss,125.0,3.3,c11,moscap_ss_125c_3.30v_c11,1.81744e-09,1.7878e-09,PASS
moscap_ss,125.0,3.3,c12,moscap_ss_125c_3.30v_c12,1.86881e-09,1.83812e-09,PASS
moscap_ss,125.0,3.3,c13,moscap_ss_125c_3.30v_c13,1.92896e-09,1.89727e-09,PASS
moscap_ss,125.0,3.3,c14,moscap_ss_125c_3.30v_c14,1.98476e-09,1.95197e-09,PASS
moscap_ss,125.0,3.3,c15,moscap_ss_125c_3.30v_c15,2.04512e-09,2.01136e-09,PASS
moscap_ss,125.0,3.63,c0,moscap_ss_125c_3.63v_c0,1.1402e-09,1.12463e-09,PASS
moscap_ss,125.0,3.63,c1,moscap_ss_125c_3.63v_c1,1.19367e-09,1.17628e-09,PASS
moscap_ss,125.0,3.63,c2,moscap_ss_125c_3.63v_c2,1.24303e-09,1.22367e-09,PASS
moscap_ss,125.0,3.63,c3,moscap_ss_125c_3.63v_c3,1.29753e-09,1.27661e-09,PASS
moscap_ss,125.0,3.63,c4,moscap_ss_125c_3.63v_c4,1.34403e-09,1.32153e-09,PASS
moscap_ss,125.0,3.63,c5,moscap_ss_125c_3.63v_c5,1.39927e-09,1.37543e-09,PASS
moscap_ss,125.0,3.63,c6,moscap_ss_125c_3.63v_c6,1.45041e-09,1.42509e-09,PASS
moscap_ss,125.0,3.63,c7,moscap_ss_125c_3.63v_c7,1.50619e-09,1.47967e-09,PASS
moscap_ss,125.0,3.63,c8,moscap_ss_125c_3.63v_c8,1.55157e-09,1.5243e-09,PASS
moscap_ss,125.0,3.63,c9,moscap_ss_125c_3.63v_c9,1.60775e-09,1.57936e-09,PASS
moscap_ss,125.0,3.63,c10,moscap_ss_125c_3.63v_c10,1.65989e-09,1.63028e-09,PASS
moscap_ss,125.0,3.63,c11,moscap_ss_125c_3.63v_c11,1.71639e-09,1.6857e-09,PASS
moscap_ss,125.0,3.63,c12,moscap_ss_125c_3.63v_c12,1.76512e-09,1.7334e-09,PASS
moscap_ss,125.0,3.63,c13,moscap_ss_125c_3.63v_c13,1.82188e-09,1.7891e-09,PASS
moscap_ss,125.0,3.63,c14,moscap_ss_125c_3.63v_c14,1.87466e-09,1.84078e-09,PASS
moscap_ss,125.0,3.63,c15,moscap_ss_125c_3.63v_c15,1.93161e-09,1.89668e-09,PASS
mimcap_ff,-40.0,2.97,c0,mimcap_ff_-40c_2.97v_c0,9.67262e-10,9.67242e-10,PASS
mimcap_ff,-40.0,2.97,c1,mimcap_ff_-40c_2.97v_c1,1.01212e-09,1.01026e-09,PASS
mimcap_ff,-40.0,2.97,c2,mimcap_ff_-40c_2.97v_c2,1.05277e-09,1.04872e-09,PASS
mimcap_ff,-40.0,2.97,c3,mimcap_ff_-40c_2.97v_c3,1.09855e-09,1.09301e-09,PASS
mimcap_ff,-40.0,2.97,c4,mimcap_ff_-40c_2.97v_c4,1.13705e-09,1.12946e-09,PASS
mimcap_ff,-40.0,2.97,c5,mimcap_ff_-40c_2.97v_c5,1.1835e-09,1.17478e-09,PASS
mimcap_ff,-40.0,2.97,c6,mimcap_ff_-40c_2.97v_c6,1.2258e-09,1.21551e-09,PASS
mimcap_ff,-40.0,2.97,c7,mimcap_ff_-40c_2.97v_c7,1.27273e-09,1.26164e-09,PASS
mimcap_ff,-40.0,2.97,c8,mimcap_ff_-40c_2.97v_c8,1.31134e-09,1.2992e-09,PASS
mimcap_ff,-40.0,2.97,c9,mimcap_ff_-40c_2.97v_c9,1.3586e-09,1.34593e-09,PASS
mimcap_ff,-40.0,2.97,c10,mimcap_ff_-40c_2.97v_c10,1.40182e-09,1.38818e-09,PASS
mimcap_ff,-40.0,2.97,c11,mimcap_ff_-40c_2.97v_c11,1.44936e-09,1.43535e-09,PASS
mimcap_ff,-40.0,2.97,c12,mimcap_ff_-40c_2.97v_c12,1.48992e-09,1.47499e-09,PASS
mimcap_ff,-40.0,2.97,c13,mimcap_ff_-40c_2.97v_c13,1.53767e-09,1.52247e-09,PASS
mimcap_ff,-40.0,2.97,c14,mimcap_ff_-40c_2.97v_c14,1.58149e-09,1.56568e-09,PASS
mimcap_ff,-40.0,2.97,c15,mimcap_ff_-40c_2.97v_c15,1.6294e-09,1.61334e-09,PASS
mimcap_ff,-40.0,3.3,c0,mimcap_ff_-40c_3.30v_c0,9.05935e-10,9.0021e-10,PASS
mimcap_ff,-40.0,3.3,c1,mimcap_ff_-40c_3.30v_c1,9.48179e-10,9.40872e-10,PASS
mimcap_ff,-40.0,3.3,c2,mimcap_ff_-40c_3.30v_c2,9.86724e-10,9.77532e-10,PASS
mimcap_ff,-40.0,3.3,c3,mimcap_ff_-40c_3.30v_c3,1.02978e-09,1.01933e-09,PASS
mimcap_ff,-40.0,3.3,c4,mimcap_ff_-40c_3.30v_c4,1.06638e-09,1.05426e-09,PASS
mimcap_ff,-40.0,3.3,c5,mimcap_ff_-40c_3.30v_c5,1.11002e-09,1.09693e-09,PASS
mimcap_ff,-40.0,3.3,c6,mimcap_ff_-40c_3.30v_c6,1.15001e-09,1.13564e-09,PASS
mimcap_ff,-40.0,3.3,c7,mimcap_ff_-40c_3.30v_c7,1.19405e-09,1.17893e-09,PASS
mimcap_ff,-40.0,3.3,c8,mimcap_ff_-40c_3.30v_c8,1.23058e-09,1.21471e-09,PASS
mimcap_ff,-40.0,3.3,c9,mimcap_ff_-40c_3.30v_c9,1.27491e-09,1.25841e-09,PASS
mimcap_ff,-40.0,3.3,c10,mimcap_ff_-40c_3.30v_c10,1.31569e-09,1.29832e-09,PASS
mimcap_ff,-40.0,3.3,c11,mimcap_ff_-40c_3.30v_c11,1.36025e-09,1.34231e-09,PASS
mimcap_ff,-40.0,3.3,c12,mimcap_ff_-40c_3.30v_c12,1.39864e-09,1.37989e-09,PASS
mimcap_ff,-40.0,3.3,c13,mimcap_ff_-40c_3.30v_c13,1.44339e-09,1.42408e-09,PASS
mimcap_ff,-40.0,3.3,c14,mimcap_ff_-40c_3.30v_c14,1.48468e-09,1.46467e-09,PASS
mimcap_ff,-40.0,3.3,c15,mimcap_ff_-40c_3.30v_c15,1.52956e-09,1.50899e-09,PASS
mimcap_ff,-40.0,3.63,c0,mimcap_ff_-40c_3.63v_c0,8.59799e-10,8.50537e-10,PASS
mimcap_ff,-40.0,3.63,c1,mimcap_ff_-40c_3.63v_c1,9.00074e-10,8.89409e-10,PASS
mimcap_ff,-40.0,3.63,c2,mimcap_ff_-40c_3.63v_c2,9.37016e-10,9.24715e-10,PASS
mimcap_ff,-40.0,3.63,c3,mimcap_ff_-40c_3.63v_c3,9.78009e-10,9.64574e-10,PASS
mimcap_ff,-40.0,3.63,c4,mimcap_ff_-40c_3.63v_c4,1.01315e-09,9.98325e-10,PASS
mimcap_ff,-40.0,3.63,c5,mimcap_ff_-40c_3.63v_c5,1.05466e-09,1.03891e-09,PASS
mimcap_ff,-40.0,3.63,c6,mimcap_ff_-40c_3.63v_c6,1.09289e-09,1.07601e-09,PASS
mimcap_ff,-40.0,3.63,c7,mimcap_ff_-40c_3.63v_c7,1.13476e-09,1.11708e-09,PASS
mimcap_ff,-40.0,3.63,c8,mimcap_ff_-40c_3.63v_c8,1.16967e-09,1.15133e-09,PASS
mimcap_ff,-40.0,3.63,c9,mimcap_ff_-40c_3.63v_c9,1.2118e-09,1.19271e-09,PASS
mimcap_ff,-40.0,3.63,c10,mimcap_ff_-40c_3.63v_c10,1.25073e-09,1.23076e-09,PASS
mimcap_ff,-40.0,3.63,c11,mimcap_ff_-40c_3.63v_c11,1.29305e-09,1.27235e-09,PASS
mimcap_ff,-40.0,3.63,c12,mimcap_ff_-40c_3.63v_c12,1.32978e-09,1.30827e-09,PASS
mimcap_ff,-40.0,3.63,c13,mimcap_ff_-40c_3.63v_c13,1.37227e-09,1.35002e-09,PASS
mimcap_ff,-40.0,3.63,c14,mimcap_ff_-40c_3.63v_c14,1.41165e-09,1.38861e-09,PASS
mimcap_ff,-40.0,3.63,c15,mimcap_ff_-40c_3.63v_c15,1.45426e-09,1.43048e-09,PASS
mimcap_ff,27.0,2.97,c0,mimcap_ff_27c_2.97v_c0,1.10193e-09,1.10004e-09,PASS
mimcap_ff,27.0,2.97,c1,mimcap_ff_27c_2.97v_c1,1.15319e-09,1.14924e-09,PASS
mimcap_ff,27.0,2.97,c2,mimcap_ff_27c_2.97v_c2,1.19985e-09,1.19352e-09,PASS
mimcap_ff,27.0,2.97,c3,mimcap_ff_27c_2.97v_c3,1.25215e-09,1.24416e-09,PASS
mimcap_ff,27.0,2.97,c4,mimcap_ff_27c_2.97v_c4,1.29614e-09,1.28605e-09,PASS
mimcap_ff,27.0,2.97,c5,mimcap_ff_27c_2.97v_c5,1.34922e-09,1.33784e-09,PASS
mimcap_ff,27.0,2.97,c6,mimcap_ff_27c_2.97v_c6,1.39773e-09,1.38467e-09,PASS
mimcap_ff,27.0,2.97,c7,mimcap_ff_27c_2.97v_c7,1.45137e-09,1.43735e-09,PASS
mimcap_ff,27.0,2.97,c8,mimcap_ff_27c_2.97v_c8,1.49497e-09,1.48004e-09,PASS
mimcap_ff,27.0,2.97,c9,mimcap_ff_27c_2.97v_c9,1.549e-09,1.53338e-09,PASS
mimcap_ff,27.0,2.97,c10,mimcap_ff_27c_2.97v_c10,1.59856e-09,1.58186e-09,PASS
mimcap_ff,27.0,2.97,c11,mimcap_ff_27c_2.97v_c11,1.65292e-09,1.63568e-09,PASS
mimcap_ff,27.0,2.97,c12,mimcap_ff_27c_2.97v_c12,1.69923e-09,1.68104e-09,PASS
mimcap_ff,27.0,2.97,c13,mimcap_ff_27c_2.97v_c13,1.75384e-09,1.73521e-09,PASS
mimcap_ff,27.0,2.97,c14,mimcap_ff_27c_2.97v_c14,1.8041e-09,1.78471e-09,PASS
mimcap_ff,27.0,2.97,c15,mimcap_ff_27c_2.97v_c15,1.85891e-09,1.83911e-09,PASS
mimcap_ff,27.0,3.3,c0,mimcap_ff_27c_3.30v_c0,1.0296e-09,1.02223e-09,PASS
mimcap_ff,27.0,3.3,c1,mimcap_ff_27c_3.30v_c1,1.07769e-09,1.06855e-09,PASS
mimcap_ff,27.0,3.3,c2,mimcap_ff_27c_3.30v_c2,1.1217e-09,1.11051e-09,PASS
mimcap_ff,27.0,3.3,c3,mimcap_ff_27c_3.30v_c3,1.17073e-09,1.1581e-09,PASS
mimcap_ff,27.0,3.3,c4,mimcap_ff_27c_3.30v_c4,1.21233e-09,1.19795e-09,PASS
mimcap_ff,27.0,3.3,c5,mimcap_ff_27c_3.30v_c5,1.26204e-09,1.24652e-09,PASS
mimcap_ff,27.0,3.3,c6,mimcap_ff_27c_3.30v_c6,1.30769e-09,1.29076e-09,PASS
mimcap_ff,27.0,3.3,c7,mimcap_ff_27c_3.30v_c7,1.35789e-09,1.34004e-09,PASS
mimcap_ff,27.0,3.3,c8,mimcap_ff_27c_3.30v_c8,1.399e-09,1.38043e-09,PASS
mimcap_ff,27.0,3.3,c9,mimcap_ff_27c_3.30v_c9,1.44954e-09,1.43019e-09,PASS
mimcap_ff,27.0,3.3,c10,mimcap_ff_27c_3.30v_c10,1.49613e-09,1.47576e-09,PASS
mimcap_ff,27.0,3.3,c11,mimcap_ff_27c_3.30v_c11,1.54694e-09,1.52587e-09,PASS
mimcap_ff,27.0,3.3,c12,mimcap_ff_27c_3.30v_c12,1.5906e-09,1.56865e-09,PASS
mimcap_ff,27.0,3.3,c13,mimcap_ff_27c_3.30v_c13,1.64164e-09,1.61901e-09,PASS
mimcap_ff,27.0,3.3,c14,mimcap_ff_27c_3.30v_c14,1.68882e-09,1.66537e-09,PASS
mimcap_ff,27.0,3.3,c15,mimcap_ff_27c_3.30v_c15,1.74003e-09,1.71591e-09,PASS
mimcap_ff,27.0,3.63,c0,mimcap_ff_27c_3.63v_c0,9.74557e-10,9.63761e-10,PASS
mimcap_ff,27.0,3.63,c1,mimcap_ff_27c_3.63v_c1,1.02025e-09,1.00788e-09,PASS
mimcap_ff,27.0,3.63,c2,mimcap_ff_27c_3.63v_c2,1.06223e-09,1.04808e-09,PASS
mimcap_ff,27.0,3.63,c3,mimcap_ff_27c_3.63v_c3,1.10877e-09,1.09332e-09,PASS
mimcap_ff,27.0,3.63,c4,mimcap_ff_27c_3.63v_c4,1.14851e-09,1.13158e-09,PASS
mimcap_ff,27.0,3.63,c5,mimcap_ff_27c_3.63v_c5,1.19566e-09,1.17765e-09,PASS
mimcap_ff,27.0,3.63,c6,mimcap_ff_27c_3.63v_c6,1.23913e-09,1.21986e-09,PASS
mimcap_ff,27.0,3.63,c7,mimcap_ff_27c_3.63v_c7,1.28671e-09,1.2665e-09,PASS
mimcap_ff,27.0,3.63,c8,mimcap_ff_27c_3.63v_c8,1.3259e-09,1.30501e-09,PASS
mimcap_ff,27.0,3.63,c9,mimcap_ff_27c_3.63v_c9,1.37379e-09,1.35204e-09,PASS
mimcap_ff,27.0,3.63,c10,mimcap_ff_27c_3.63v_c10,1.41809e-09,1.39533e-09,PASS
mimcap_ff,27.0,3.63,c11,mimcap_ff_27c_3.63v_c11,1.46622e-09,1.44263e-09,PASS
mimcap_ff,27.0,3.63,c12,mimcap_ff_27c_3.63v_c12,1.50782e-09,1.48337e-09,PASS
mimcap_ff,27.0,3.63,c13,mimcap_ff_27c_3.63v_c13,1.55616e-09,1.53088e-09,PASS
mimcap_ff,27.0,3.63,c14,mimcap_ff_27c_3.63v_c14,1.60099e-09,1.57482e-09,PASS
mimcap_ff,27.0,3.63,c15,mimcap_ff_27c_3.63v_c15,1.64947e-09,1.62247e-09,PASS
mimcap_ff,125.0,2.97,c0,mimcap_ff_125c_2.97v_c0,1.29633e-09,1.28716e-09,PASS
mimcap_ff,125.0,2.97,c1,mimcap_ff_125c_2.97v_c1,1.35678e-09,1.34521e-09,PASS
mimcap_ff,125.0,2.97,c2,mimcap_ff_125c_2.97v_c2,1.41229e-09,1.39808e-09,PASS
mimcap_ff,125.0,2.97,c3,mimcap_ff_125c_2.97v_c3,1.47399e-09,1.45779e-09,PASS
mimcap_ff,125.0,2.97,c4,mimcap_ff_125c_2.97v_c4,1.52607e-09,1.50768e-09,PASS
mimcap_ff,125.0,2.97,c5,mimcap_ff_125c_2.97v_c5,1.5887e-09,1.56868e-09,PASS
mimcap_ff,125.0,2.97,c6,mimcap_ff_125c_2.97v_c6,1.64634e-09,1.62441e-09,PASS
mimcap_ff,125.0,2.97,c7,mimcap_ff_125c_2.97v_c7,1.70965e-09,1.68639e-09,PASS
mimcap_ff,125.0,2.97,c8,mimcap_ff_125c_2.97v_c8,1.76048e-09,1.73639e-09,PASS
mimcap_ff,125.0,2.97,c9,mimcap_ff_125c_2.97v_c9,1.82427e-09,1.79907e-09,PASS
mimcap_ff,125.0,2.97,c10,mimcap_ff_125c_2.97v_c10,1.88314e-09,1.85658e-09,PASS
mimcap_ff,125.0,2.97,c11,mimcap_ff_125c_2.97v_c11,1.94733e-09,1.91981e-09,PASS
mimcap_ff,125.0,2.97,c12,mimcap_ff_125c_2.97v_c12,2.00206e-09,1.97343e-09,PASS
mimcap_ff,125.0,2.97,c13,mimcap_ff_125c_2.97v_c13,2.06658e-09,2.03707e-09,PASS
mimcap_ff,125.0,2.97,c14,mimcap_ff_125c_2.97v_c14,2.12626e-09,2.09567e-09,PASS
mimcap_ff,125.0,2.97,c15,mimcap_ff_125c_2.97v_c15,2.19102e-09,2.15959e-09,PASS
mimcap_ff,125.0,3.3,c0,mimcap_ff_125c_3.30v_c0,1.20851e-09,1.19532e-09,PASS
mimcap_ff,125.0,3.3,c1,mimcap_ff_125c_3.30v_c1,1.26503e-09,1.24977e-09,PASS
mimcap_ff,125.0,3.3,c2,mimcap_ff_125c_3.30v_c2,1.31708e-09,1.29956e-09,PASS
mimcap_ff,125.0,3.3,c3,mimcap_ff_125c_3.30v_c3,1.37472e-09,1.35547e-09,PASS
mimcap_ff,125.0,3.3,c4,mimcap_ff_125c_3.30v_c4,1.42368e-09,1.40258e-09,PASS
mimcap_ff,125.0,3.3,c5,mimcap_ff_125c_3.30v_c5,1.48215e-09,1.45959e-09,PASS
mimcap_ff,125.0,3.3,c6,mimcap_ff_125c_3.30v_c6,1.53613e-09,1.51192e-09,PASS
mimcap_ff,125.0,3.3,c7,mimcap_ff_125c_3.30v_c7,1.5952e-09,1.56975e-09,PASS
mimcap_ff,125.0,3.3,c8,mimcap_ff_125c_3.30v_c8,1.64299e-09,1.61677e-09,PASS
mimcap_ff,125.0,3.3,c9,mimcap_ff_125c_3.30v_c9,1.7025e-09,1.67516e-09,PASS
mimcap_ff,125.0,3.3,c10,mimcap_ff_125c_3.30v_c10,1.75758e-09,1.72897e-09,PASS
mimcap_ff,125.0,3.3,c11,mimcap_ff_125c_3.30v_c11,1.81744e-09,1.7878e-09,PASS
mimcap_ff,125.0,3.3,c12,mimcap_ff_125c_3.30v_c12,1.86881e-09,1.83812e-09,PASS
mimcap_ff,125.0,3.3,c13,mimcap_ff_125c_3.30v_c13,1.92896e-09,1.89727e-09,PASS
mimcap_ff,125.0,3.3,c14,mimcap_ff_125c_3.30v_c14,1.98476e-09,1.95197e-09,PASS
mimcap_ff,125.0,3.3,c15,mimcap_ff_125c_3.30v_c15,2.04512e-09,2.01136e-09,PASS
mimcap_ff,125.0,3.63,c0,mimcap_ff_125c_3.63v_c0,1.1402e-09,1.12463e-09,PASS
mimcap_ff,125.0,3.63,c1,mimcap_ff_125c_3.63v_c1,1.19367e-09,1.17628e-09,PASS
mimcap_ff,125.0,3.63,c2,mimcap_ff_125c_3.63v_c2,1.24303e-09,1.22367e-09,PASS
mimcap_ff,125.0,3.63,c3,mimcap_ff_125c_3.63v_c3,1.29753e-09,1.27661e-09,PASS
mimcap_ff,125.0,3.63,c4,mimcap_ff_125c_3.63v_c4,1.34403e-09,1.32153e-09,PASS
mimcap_ff,125.0,3.63,c5,mimcap_ff_125c_3.63v_c5,1.39927e-09,1.37543e-09,PASS
mimcap_ff,125.0,3.63,c6,mimcap_ff_125c_3.63v_c6,1.45041e-09,1.42509e-09,PASS
mimcap_ff,125.0,3.63,c7,mimcap_ff_125c_3.63v_c7,1.50619e-09,1.47967e-09,PASS
mimcap_ff,125.0,3.63,c8,mimcap_ff_125c_3.63v_c8,1.55157e-09,1.5243e-09,PASS
mimcap_ff,125.0,3.63,c9,mimcap_ff_125c_3.63v_c9,1.60775e-09,1.57936e-09,PASS
mimcap_ff,125.0,3.63,c10,mimcap_ff_125c_3.63v_c10,1.65989e-09,1.63028e-09,PASS
mimcap_ff,125.0,3.63,c11,mimcap_ff_125c_3.63v_c11,1.71639e-09,1.6857e-09,PASS
mimcap_ff,125.0,3.63,c12,mimcap_ff_125c_3.63v_c12,1.76512e-09,1.7334e-09,PASS
mimcap_ff,125.0,3.63,c13,mimcap_ff_125c_3.63v_c13,1.82188e-09,1.7891e-09,PASS
mimcap_ff,125.0,3.63,c14,mimcap_ff_125c_3.63v_c14,1.87466e-09,1.84078e-09,PASS
mimcap_ff,125.0,3.63,c15,mimcap_ff_125c_3.63v_c15,1.93161e-09,1.89668e-09,PASS
mimcap_ss,-40.0,2.97,c0,mimcap_ss_-40c_2.97v_c0,9.67262e-10,9.67242e-10,PASS
mimcap_ss,-40.0,2.97,c1,mimcap_ss_-40c_2.97v_c1,1.01212e-09,1.01026e-09,PASS
mimcap_ss,-40.0,2.97,c2,mimcap_ss_-40c_2.97v_c2,1.05277e-09,1.04872e-09,PASS
mimcap_ss,-40.0,2.97,c3,mimcap_ss_-40c_2.97v_c3,1.09855e-09,1.09301e-09,PASS
mimcap_ss,-40.0,2.97,c4,mimcap_ss_-40c_2.97v_c4,1.13705e-09,1.12946e-09,PASS
mimcap_ss,-40.0,2.97,c5,mimcap_ss_-40c_2.97v_c5,1.1835e-09,1.17478e-09,PASS
mimcap_ss,-40.0,2.97,c6,mimcap_ss_-40c_2.97v_c6,1.2258e-09,1.21551e-09,PASS
mimcap_ss,-40.0,2.97,c7,mimcap_ss_-40c_2.97v_c7,1.27273e-09,1.26164e-09,PASS
mimcap_ss,-40.0,2.97,c8,mimcap_ss_-40c_2.97v_c8,1.31134e-09,1.2992e-09,PASS
mimcap_ss,-40.0,2.97,c9,mimcap_ss_-40c_2.97v_c9,1.3586e-09,1.34593e-09,PASS
mimcap_ss,-40.0,2.97,c10,mimcap_ss_-40c_2.97v_c10,1.40182e-09,1.38818e-09,PASS
mimcap_ss,-40.0,2.97,c11,mimcap_ss_-40c_2.97v_c11,1.44936e-09,1.43535e-09,PASS
mimcap_ss,-40.0,2.97,c12,mimcap_ss_-40c_2.97v_c12,1.48992e-09,1.47499e-09,PASS
mimcap_ss,-40.0,2.97,c13,mimcap_ss_-40c_2.97v_c13,1.53767e-09,1.52247e-09,PASS
mimcap_ss,-40.0,2.97,c14,mimcap_ss_-40c_2.97v_c14,1.58149e-09,1.56568e-09,PASS
mimcap_ss,-40.0,2.97,c15,mimcap_ss_-40c_2.97v_c15,1.6294e-09,1.61334e-09,PASS
mimcap_ss,-40.0,3.3,c0,mimcap_ss_-40c_3.30v_c0,9.05935e-10,9.0021e-10,PASS
mimcap_ss,-40.0,3.3,c1,mimcap_ss_-40c_3.30v_c1,9.48179e-10,9.40872e-10,PASS
mimcap_ss,-40.0,3.3,c2,mimcap_ss_-40c_3.30v_c2,9.86724e-10,9.77532e-10,PASS
mimcap_ss,-40.0,3.3,c3,mimcap_ss_-40c_3.30v_c3,1.02978e-09,1.01933e-09,PASS
mimcap_ss,-40.0,3.3,c4,mimcap_ss_-40c_3.30v_c4,1.06638e-09,1.05426e-09,PASS
mimcap_ss,-40.0,3.3,c5,mimcap_ss_-40c_3.30v_c5,1.11002e-09,1.09693e-09,PASS
mimcap_ss,-40.0,3.3,c6,mimcap_ss_-40c_3.30v_c6,1.15001e-09,1.13564e-09,PASS
mimcap_ss,-40.0,3.3,c7,mimcap_ss_-40c_3.30v_c7,1.19405e-09,1.17893e-09,PASS
mimcap_ss,-40.0,3.3,c8,mimcap_ss_-40c_3.30v_c8,1.23058e-09,1.21471e-09,PASS
mimcap_ss,-40.0,3.3,c9,mimcap_ss_-40c_3.30v_c9,1.27491e-09,1.25841e-09,PASS
mimcap_ss,-40.0,3.3,c10,mimcap_ss_-40c_3.30v_c10,1.31569e-09,1.29832e-09,PASS
mimcap_ss,-40.0,3.3,c11,mimcap_ss_-40c_3.30v_c11,1.36025e-09,1.34231e-09,PASS
mimcap_ss,-40.0,3.3,c12,mimcap_ss_-40c_3.30v_c12,1.39864e-09,1.37989e-09,PASS
mimcap_ss,-40.0,3.3,c13,mimcap_ss_-40c_3.30v_c13,1.44339e-09,1.42408e-09,PASS
mimcap_ss,-40.0,3.3,c14,mimcap_ss_-40c_3.30v_c14,1.48468e-09,1.46467e-09,PASS
mimcap_ss,-40.0,3.3,c15,mimcap_ss_-40c_3.30v_c15,1.52956e-09,1.50899e-09,PASS
mimcap_ss,-40.0,3.63,c0,mimcap_ss_-40c_3.63v_c0,8.59799e-10,8.50537e-10,PASS
mimcap_ss,-40.0,3.63,c1,mimcap_ss_-40c_3.63v_c1,9.00074e-10,8.89409e-10,PASS
mimcap_ss,-40.0,3.63,c2,mimcap_ss_-40c_3.63v_c2,9.37016e-10,9.24715e-10,PASS
mimcap_ss,-40.0,3.63,c3,mimcap_ss_-40c_3.63v_c3,9.78009e-10,9.64574e-10,PASS
mimcap_ss,-40.0,3.63,c4,mimcap_ss_-40c_3.63v_c4,1.01315e-09,9.98325e-10,PASS
mimcap_ss,-40.0,3.63,c5,mimcap_ss_-40c_3.63v_c5,1.05466e-09,1.03891e-09,PASS
mimcap_ss,-40.0,3.63,c6,mimcap_ss_-40c_3.63v_c6,1.09289e-09,1.07601e-09,PASS
mimcap_ss,-40.0,3.63,c7,mimcap_ss_-40c_3.63v_c7,1.13476e-09,1.11708e-09,PASS
mimcap_ss,-40.0,3.63,c8,mimcap_ss_-40c_3.63v_c8,1.16967e-09,1.15133e-09,PASS
mimcap_ss,-40.0,3.63,c9,mimcap_ss_-40c_3.63v_c9,1.2118e-09,1.19271e-09,PASS
mimcap_ss,-40.0,3.63,c10,mimcap_ss_-40c_3.63v_c10,1.25073e-09,1.23076e-09,PASS
mimcap_ss,-40.0,3.63,c11,mimcap_ss_-40c_3.63v_c11,1.29305e-09,1.27235e-09,PASS
mimcap_ss,-40.0,3.63,c12,mimcap_ss_-40c_3.63v_c12,1.32978e-09,1.30827e-09,PASS
mimcap_ss,-40.0,3.63,c13,mimcap_ss_-40c_3.63v_c13,1.37227e-09,1.35002e-09,PASS
mimcap_ss,-40.0,3.63,c14,mimcap_ss_-40c_3.63v_c14,1.41165e-09,1.38861e-09,PASS
mimcap_ss,-40.0,3.63,c15,mimcap_ss_-40c_3.63v_c15,1.45426e-09,1.43048e-09,PASS
mimcap_ss,27.0,2.97,c0,mimcap_ss_27c_2.97v_c0,1.10193e-09,1.10004e-09,PASS
mimcap_ss,27.0,2.97,c1,mimcap_ss_27c_2.97v_c1,1.15319e-09,1.14924e-09,PASS
mimcap_ss,27.0,2.97,c2,mimcap_ss_27c_2.97v_c2,1.19985e-09,1.19352e-09,PASS
mimcap_ss,27.0,2.97,c3,mimcap_ss_27c_2.97v_c3,1.25215e-09,1.24416e-09,PASS
mimcap_ss,27.0,2.97,c4,mimcap_ss_27c_2.97v_c4,1.29614e-09,1.28605e-09,PASS
mimcap_ss,27.0,2.97,c5,mimcap_ss_27c_2.97v_c5,1.34922e-09,1.33784e-09,PASS
mimcap_ss,27.0,2.97,c6,mimcap_ss_27c_2.97v_c6,1.39773e-09,1.38467e-09,PASS
mimcap_ss,27.0,2.97,c7,mimcap_ss_27c_2.97v_c7,1.45137e-09,1.43735e-09,PASS
mimcap_ss,27.0,2.97,c8,mimcap_ss_27c_2.97v_c8,1.49497e-09,1.48004e-09,PASS
mimcap_ss,27.0,2.97,c9,mimcap_ss_27c_2.97v_c9,1.549e-09,1.53338e-09,PASS
mimcap_ss,27.0,2.97,c10,mimcap_ss_27c_2.97v_c10,1.59856e-09,1.58186e-09,PASS
mimcap_ss,27.0,2.97,c11,mimcap_ss_27c_2.97v_c11,1.65292e-09,1.63568e-09,PASS
mimcap_ss,27.0,2.97,c12,mimcap_ss_27c_2.97v_c12,1.69923e-09,1.68104e-09,PASS
mimcap_ss,27.0,2.97,c13,mimcap_ss_27c_2.97v_c13,1.75384e-09,1.73521e-09,PASS
mimcap_ss,27.0,2.97,c14,mimcap_ss_27c_2.97v_c14,1.8041e-09,1.78471e-09,PASS
mimcap_ss,27.0,2.97,c15,mimcap_ss_27c_2.97v_c15,1.85891e-09,1.83911e-09,PASS
mimcap_ss,27.0,3.3,c0,mimcap_ss_27c_3.30v_c0,1.0296e-09,1.02223e-09,PASS
mimcap_ss,27.0,3.3,c1,mimcap_ss_27c_3.30v_c1,1.07769e-09,1.06855e-09,PASS
mimcap_ss,27.0,3.3,c2,mimcap_ss_27c_3.30v_c2,1.1217e-09,1.11051e-09,PASS
mimcap_ss,27.0,3.3,c3,mimcap_ss_27c_3.30v_c3,1.17073e-09,1.1581e-09,PASS
mimcap_ss,27.0,3.3,c4,mimcap_ss_27c_3.30v_c4,1.21233e-09,1.19795e-09,PASS
mimcap_ss,27.0,3.3,c5,mimcap_ss_27c_3.30v_c5,1.26204e-09,1.24652e-09,PASS
mimcap_ss,27.0,3.3,c6,mimcap_ss_27c_3.30v_c6,1.30769e-09,1.29076e-09,PASS
mimcap_ss,27.0,3.3,c7,mimcap_ss_27c_3.30v_c7,1.35789e-09,1.34004e-09,PASS
mimcap_ss,27.0,3.3,c8,mimcap_ss_27c_3.30v_c8,1.399e-09,1.38043e-09,PASS
mimcap_ss,27.0,3.3,c9,mimcap_ss_27c_3.30v_c9,1.44954e-09,1.43019e-09,PASS
mimcap_ss,27.0,3.3,c10,mimcap_ss_27c_3.30v_c10,1.49613e-09,1.47576e-09,PASS
mimcap_ss,27.0,3.3,c11,mimcap_ss_27c_3.30v_c11,1.54694e-09,1.52587e-09,PASS
mimcap_ss,27.0,3.3,c12,mimcap_ss_27c_3.30v_c12,1.5906e-09,1.56865e-09,PASS
mimcap_ss,27.0,3.3,c13,mimcap_ss_27c_3.30v_c13,1.64164e-09,1.61901e-09,PASS
mimcap_ss,27.0,3.3,c14,mimcap_ss_27c_3.30v_c14,1.68882e-09,1.66537e-09,PASS
mimcap_ss,27.0,3.3,c15,mimcap_ss_27c_3.30v_c15,1.74003e-09,1.71591e-09,PASS
mimcap_ss,27.0,3.63,c0,mimcap_ss_27c_3.63v_c0,9.74557e-10,9.63761e-10,PASS
mimcap_ss,27.0,3.63,c1,mimcap_ss_27c_3.63v_c1,1.02025e-09,1.00788e-09,PASS
mimcap_ss,27.0,3.63,c2,mimcap_ss_27c_3.63v_c2,1.06223e-09,1.04808e-09,PASS
mimcap_ss,27.0,3.63,c3,mimcap_ss_27c_3.63v_c3,1.10877e-09,1.09332e-09,PASS
mimcap_ss,27.0,3.63,c4,mimcap_ss_27c_3.63v_c4,1.14851e-09,1.13158e-09,PASS
mimcap_ss,27.0,3.63,c5,mimcap_ss_27c_3.63v_c5,1.19566e-09,1.17765e-09,PASS
mimcap_ss,27.0,3.63,c6,mimcap_ss_27c_3.63v_c6,1.23913e-09,1.21986e-09,PASS
mimcap_ss,27.0,3.63,c7,mimcap_ss_27c_3.63v_c7,1.28671e-09,1.2665e-09,PASS
mimcap_ss,27.0,3.63,c8,mimcap_ss_27c_3.63v_c8,1.3259e-09,1.30501e-09,PASS
mimcap_ss,27.0,3.63,c9,mimcap_ss_27c_3.63v_c9,1.37379e-09,1.35204e-09,PASS
mimcap_ss,27.0,3.63,c10,mimcap_ss_27c_3.63v_c10,1.41809e-09,1.39533e-09,PASS
mimcap_ss,27.0,3.63,c11,mimcap_ss_27c_3.63v_c11,1.46622e-09,1.44263e-09,PASS
mimcap_ss,27.0,3.63,c12,mimcap_ss_27c_3.63v_c12,1.50782e-09,1.48337e-09,PASS
mimcap_ss,27.0,3.63,c13,mimcap_ss_27c_3.63v_c13,1.55616e-09,1.53088e-09,PASS
mimcap_ss,27.0,3.63,c14,mimcap_ss_27c_3.63v_c14,1.60099e-09,1.57482e-09,PASS
mimcap_ss,27.0,3.63,c15,mimcap_ss_27c_3.63v_c15,1.64947e-09,1.62247e-09,PASS
mimcap_ss,125.0,2.97,c0,mimcap_ss_125c_2.97v_c0,1.29633e-09,1.28716e-09,PASS
mimcap_ss,125.0,2.97,c1,mimcap_ss_125c_2.97v_c1,1.35678e-09,1.34521e-09,PASS
mimcap_ss,125.0,2.97,c2,mimcap_ss_125c_2.97v_c2,1.41229e-09,1.39808e-09,PASS
mimcap_ss,125.0,2.97,c3,mimcap_ss_125c_2.97v_c3,1.47399e-09,1.45779e-09,PASS
mimcap_ss,125.0,2.97,c4,mimcap_ss_125c_2.97v_c4,1.52607e-09,1.50768e-09,PASS
mimcap_ss,125.0,2.97,c5,mimcap_ss_125c_2.97v_c5,1.5887e-09,1.56868e-09,PASS
mimcap_ss,125.0,2.97,c6,mimcap_ss_125c_2.97v_c6,1.64634e-09,1.62441e-09,PASS
mimcap_ss,125.0,2.97,c7,mimcap_ss_125c_2.97v_c7,1.70965e-09,1.68639e-09,PASS
mimcap_ss,125.0,2.97,c8,mimcap_ss_125c_2.97v_c8,1.76048e-09,1.73639e-09,PASS
mimcap_ss,125.0,2.97,c9,mimcap_ss_125c_2.97v_c9,1.82427e-09,1.79907e-09,PASS
mimcap_ss,125.0,2.97,c10,mimcap_ss_125c_2.97v_c10,1.88314e-09,1.85658e-09,PASS
mimcap_ss,125.0,2.97,c11,mimcap_ss_125c_2.97v_c11,1.94733e-09,1.91981e-09,PASS
mimcap_ss,125.0,2.97,c12,mimcap_ss_125c_2.97v_c12,2.00206e-09,1.97343e-09,PASS
mimcap_ss,125.0,2.97,c13,mimcap_ss_125c_2.97v_c13,2.06658e-09,2.03707e-09,PASS
mimcap_ss,125.0,2.97,c14,mimcap_ss_125c_2.97v_c14,2.12626e-09,2.09567e-09,PASS
mimcap_ss,125.0,2.97,c15,mimcap_ss_125c_2.97v_c15,2.19102e-09,2.15959e-09,PASS
mimcap_ss,125.0,3.3,c0,mimcap_ss_125c_3.30v_c0,1.20851e-09,1.19532e-09,PASS
mimcap_ss,125.0,3.3,c1,mimcap_ss_125c_3.30v_c1,1.26503e-09,1.24977e-09,PASS
mimcap_ss,125.0,3.3,c2,mimcap_ss_125c_3.30v_c2,1.31708e-09,1.29956e-09,PASS
mimcap_ss,125.0,3.3,c3,mimcap_ss_125c_3.30v_c3,1.37472e-09,1.35547e-09,PASS
mimcap_ss,125.0,3.3,c4,mimcap_ss_125c_3.30v_c4,1.42368e-09,1.40258e-09,PASS
mimcap_ss,125.0,3.3,c5,mimcap_ss_125c_3.30v_c5,1.48215e-09,1.45959e-09,PASS
mimcap_ss,125.0,3.3,c6,mimcap_ss_125c_3.30v_c6,1.53613e-09,1.51192e-09,PASS
mimcap_ss,125.0,3.3,c7,mimcap_ss_125c_3.30v_c7,1.5952e-09,1.56975e-09,PASS
mimcap_ss,125.0,3.3,c8,mimcap_ss_125c_3.30v_c8,1.64299e-09,1.61677e-09,PASS
mimcap_ss,125.0,3.3,c9,mimcap_ss_125c_3.30v_c9,1.7025e-09,1.67516e-09,PASS
mimcap_ss,125.0,3.3,c10,mimcap_ss_125c_3.30v_c10,1.75758e-09,1.72897e-09,PASS
mimcap_ss,125.0,3.3,c11,mimcap_ss_125c_3.30v_c11,1.81744e-09,1.7878e-09,PASS
mimcap_ss,125.0,3.3,c12,mimcap_ss_125c_3.30v_c12,1.86881e-09,1.83812e-09,PASS
mimcap_ss,125.0,3.3,c13,mimcap_ss_125c_3.30v_c13,1.92896e-09,1.89727e-09,PASS
mimcap_ss,125.0,3.3,c14,mimcap_ss_125c_3.30v_c14,1.98476e-09,1.95197e-09,PASS
mimcap_ss,125.0,3.3,c15,mimcap_ss_125c_3.30v_c15,2.04512e-09,2.01136e-09,PASS
mimcap_ss,125.0,3.63,c0,mimcap_ss_125c_3.63v_c0,1.1402e-09,1.12463e-09,PASS
mimcap_ss,125.0,3.63,c1,mimcap_ss_125c_3.63v_c1,1.19367e-09,1.17628e-09,PASS
mimcap_ss,125.0,3.63,c2,mimcap_ss_125c_3.63v_c2,1.24303e-09,1.22367e-09,PASS
mimcap_ss,125.0,3.63,c3,mimcap_ss_125c_3.63v_c3,1.29753e-09,1.27661e-09,PASS
mimcap_ss,125.0,3.63,c4,mimcap_ss_125c_3.63v_c4,1.34403e-09,1.32153e-09,PASS
mimcap_ss,125.0,3.63,c5,mimcap_ss_125c_3.63v_c5,1.39927e-09,1.37543e-09,PASS
mimcap_ss,125.0,3.63,c6,mimcap_ss_125c_3.63v_c6,1.45041e-09,1.42509e-09,PASS
mimcap_ss,125.0,3.63,c7,mimcap_ss_125c_3.63v_c7,1.50619e-09,1.47967e-09,PASS
mimcap_ss,125.0,3.63,c8,mimcap_ss_125c_3.63v_c8,1.55157e-09,1.5243e-09,PASS
mimcap_ss,125.0,3.63,c9,mimcap_ss_125c_3.63v_c9,1.60775e-09,1.57936e-09,PASS
mimcap_ss,125.0,3.63,c10,mimcap_ss_125c_3.63v_c10,1.65989e-09,1.63028e-09,PASS
mimcap_ss,125.0,3.63,c11,mimcap_ss_125c_3.63v_c11,1.71639e-09,1.6857e-09,PASS
mimcap_ss,125.0,3.63,c12,mimcap_ss_125c_3.63v_c12,1.76512e-09,1.7334e-09,PASS
mimcap_ss,125.0,3.63,c13,mimcap_ss_125c_3.63v_c13,1.82188e-09,1.7891e-09,PASS
mimcap_ss,125.0,3.63,c14,mimcap_ss_125c_3.63v_c14,1.87466e-09,1.84078e-09,PASS
mimcap_ss,125.0,3.63,c15,mimcap_ss_125c_3.63v_c15,1.93161e-09,1.89668e-09,PASS
all-slow,-40.0,2.97,c0,all-slow_-40c_2.97v_c0,1.13146e-09,1.13708e-09,PASS
all-slow,-40.0,2.97,c1,all-slow_-40c_2.97v_c1,1.18301e-09,1.18613e-09,PASS
all-slow,-40.0,2.97,c2,all-slow_-40c_2.97v_c2,1.23064e-09,1.23085e-09,PASS
all-slow,-40.0,2.97,c3,all-slow_-40c_2.97v_c3,1.28337e-09,1.28138e-09,PASS
all-slow,-40.0,2.97,c4,all-slow_-40c_2.97v_c4,1.32971e-09,1.32488e-09,PASS
all-slow,-40.0,2.97,c5,all-slow_-40c_2.97v_c5,1.38332e-09,1.37665e-09,PASS
all-slow,-40.0,2.97,c6,all-slow_-40c_2.97v_c6,1.43307e-09,1.424e-09,PASS
all-slow,-40.0,2.97,c7,all-slow_-40c_2.97v_c7,1.48731e-09,1.47682e-09,PASS
all-slow,-40.0,2.97,c8,all-slow_-40c_2.97v_c8,1.53528e-09,1.52281e-09,PASS
all-slow,-40.0,2.97,c9,all-slow_-40c_2.97v_c9,1.58997e-09,1.57649e-09,PASS
all-slow,-40.0,2.97,c10,all-slow_-40c_2.97v_c10,1.64094e-09,1.62575e-09,PASS
all-slow,-40.0,2.97,c11,all-slow_-40c_2.97v_c11,1.69598e-09,1.68017e-09,PASS
all-slow,-40.0,2.97,c12,all-slow_-40c_2.97v_c12,1.74502e-09,1.72751e-09,PASS
all-slow,-40.0,2.97,c13,all-slow_-40c_2.97v_c13,1.80034e-09,1.78253e-09,PASS
all-slow,-40.0,2.97,c14,all-slow_-40c_2.97v_c14,1.85209e-09,1.83323e-09,PASS
all-slow,-40.0,2.97,c15,all-slow_-40c_2.97v_c15,1.90762e-09,1.88872e-09,PASS
all-slow,-40.0,3.3,c0,all-slow_-40c_3.30v_c0,1.04887e-09,1.04565e-09,PASS
all-slow,-40.0,3.3,c1,all-slow_-40c_3.30v_c1,1.09702e-09,1.09166e-09,PASS
all-slow,-40.0,3.3,c2,all-slow_-40c_3.30v_c2,1.14184e-09,1.13394e-09,PASS
all-slow,-40.0,3.3,c3,all-slow_-40c_3.30v_c3,1.19102e-09,1.18135e-09,PASS
all-slow,-40.0,3.3,c4,all-slow_-40c_3.30v_c4,1.23478e-09,1.22271e-09,PASS
all-slow,-40.0,3.3,c5,all-slow_-40c_3.30v_c5,1.28471e-09,1.27127e-09,PASS
all-slow,-40.0,3.3,c6,all-slow_-40c_3.30v_c6,1.33139e-09,1.31606e-09,PASS
all-slow,-40.0,3.3,c7,all-slow_-40c_3.30v_c7,1.38184e-09,1.36551e-09,PASS
all-slow,-40.0,3.3,c8,all-slow_-40c_3.30v_c8,1.42691e-09,1.40928e-09,PASS
all-slow,-40.0,3.3,c9,all-slow_-40c_3.30v_c9,1.47773e-09,1.45941e-09,PASS
all-slow,-40.0,3.3,c10,all-slow_-40c_3.30v_c10,1.52544e-09,1.50592e-09,PASS
all-slow,-40.0,3.3,c11,all-slow_-40c_3.30v_c11,1.57655e-09,1.55654e-09,PASS
all-slow,-40.0,3.3,c12,all-slow_-40c_3.30v_c12,1.62262e-09,1.6015e-09,PASS
all-slow,-40.0,3.3,c13,all-slow_-40c_3.30v_c13,1.67396e-09,1.65248e-09,PASS
all-slow,-40.0,3.3,c14,all-slow_-40c_3.30v_c14,1.72233e-09,1.70006e-09,PASS
all-slow,-40.0,3.3,c15,all-slow_-40c_3.30v_c15,1.77384e-09,1.75124e-09,PASS
all-slow,-40.0,3.63,c0,all-slow_-40c_3.63v_c0,9.87606e-10,9.78845e-10,PASS
all-slow,-40.0,3.63,c1,all-slow_-40c_3.63v_c1,1.03323e-09,1.02261e-09,PASS
all-slow,-40.0,3.63,c2,all-slow_-40c_3.63v_c2,1.07594e-09,1.06311e-09,PASS
all-slow,-40.0,3.63,c3,all-slow_-40c_3.63v_c3,1.12246e-09,1.10814e-09,PASS
all-slow,-40.0,3.63,c4,all-slow_-40c_3.63v_c4,1.16424e-09,1.14794e-09,PASS
all-slow,-40.0,3.63,c5,all-slow_-40c_3.63v_c5,1.21142e-09,1.19396e-09,PASS
all-slow,-40.0,3.63,c6,all-slow_-40c_3.63v_c6,1.25577e-09,1.23678e-09,PASS
all-slow,-40.0,3.63,c7,all-slow_-40c_3.63v_c7,1.30339e-09,1.2835e-09,PASS
all-slow,-40.0,3.63,c8,all-slow_-40c_3.63v_c8,1.34622e-09,1.32539e-09,PASS
all-slow,-40.0,3.63,c9,all-slow_-40c_3.63v_c9,1.39415e-09,1.37259e-09,PASS
all-slow,-40.0,3.63,c10,all-slow_-40c_3.63v_c10,1.4394e-09,1.41679e-09,PASS
all-slow,-40.0,3.63,c11,all-slow_-40c_3.63v_c11,1.48758e-09,1.46429e-09,PASS
all-slow,-40.0,3.63,c12,all-slow_-40c_3.63v_c12,1.53138e-09,1.50714e-09,PASS
all-slow,-40.0,3.63,c13,all-slow_-40c_3.63v_c13,1.57976e-09,1.55487e-09,PASS
all-slow,-40.0,3.63,c14,all-slow_-40c_3.63v_c14,1.62557e-09,1.59983e-09,PASS
all-slow,-40.0,3.63,c15,all-slow_-40c_3.63v_c15,1.6741e-09,1.64769e-09,PASS
all-slow,27.0,2.97,c0,all-slow_27c_2.97v_c0,1.29021e-09,1.29397e-09,PASS
all-slow,27.0,2.97,c1,all-slow_27c_2.97v_c1,1.34921e-09,1.35021e-09,PASS
all-slow,27.0,2.97,c2,all-slow_27c_2.97v_c2,1.40403e-09,1.40185e-09,PASS
all-slow,27.0,2.97,c3,all-slow_27c_2.97v_c3,1.46436e-09,1.45981e-09,PASS
all-slow,27.0,2.97,c4,all-slow_27c_2.97v_c4,1.51749e-09,1.50996e-09,PASS
all-slow,27.0,2.97,c5,all-slow_27c_2.97v_c5,1.57881e-09,1.56936e-09,PASS
all-slow,27.0,2.97,c6,all-slow_27c_2.97v_c6,1.63598e-09,1.62404e-09,PASS
all-slow,27.0,2.97,c7,all-slow_27c_2.97v_c7,1.69802e-09,1.68464e-09,PASS
all-slow,27.0,2.97,c8,all-slow_27c_2.97v_c8,1.75238e-09,1.73732e-09,PASS
all-slow,27.0,2.97,c9,all-slow_27c_2.97v_c9,1.81494e-09,1.79886e-09,PASS
all-slow,27.0,2.97,c10,all-slow_27c_2.97v_c10,1.87348e-09,1.85574e-09,PASS
all-slow,27.0,2.97,c11,all-slow_27c_2.97v_c11,1.93646e-09,1.91807e-09,PASS
all-slow,27.0,2.97,c12,all-slow_27c_2.97v_c12,1.99258e-09,1.97267e-09,PASS
all-slow,27.0,2.97,c13,all-slow_27c_2.97v_c13,2.0559e-09,2.03562e-09,PASS
all-slow,27.0,2.97,c14,all-slow_27c_2.97v_c14,2.11533e-09,2.09405e-09,PASS
all-slow,27.0,2.97,c15,all-slow_27c_2.97v_c15,2.17891e-09,2.15744e-09,PASS
all-slow,27.0,3.3,c0,all-slow_27c_3.30v_c0,1.1937e-09,1.18882e-09,PASS
all-slow,27.0,3.3,c1,all-slow_27c_3.30v_c1,1.24861e-09,1.24137e-09,PASS
all-slow,27.0,3.3,c2,all-slow_27c_3.30v_c2,1.2999e-09,1.28991e-09,PASS
all-slow,27.0,3.3,c3,all-slow_27c_3.30v_c3,1.35598e-09,1.34403e-09,PASS
all-slow,27.0,3.3,c4,all-slow_27c_3.30v_c4,1.40583e-09,1.39142e-09,PASS
all-slow,27.0,3.3,c5,all-slow_27c_3.30v_c5,1.46277e-09,1.44682e-09,PASS
all-slow,27.0,3.3,c6,all-slow_27c_3.30v_c6,1.51616e-09,1.49822e-09,PASS
all-slow,27.0,3.3,c7,all-slow_27c_3.30v_c7,1.57371e-09,1.55462e-09,PASS
all-slow,27.0,3.3,c8,all-slow_27c_3.30v_c8,1.62458e-09,1.60434e-09,PASS
all-slow,27.0,3.3,c9,all-slow_27c_3.30v_c9,1.68258e-09,1.66148e-09,PASS
all-slow,27.0,3.3,c10,all-slow_27c_3.30v_c10,1.73715e-09,1.71475e-09,PASS
all-slow,27.0,3.3,c11,all-slow_27c_3.30v_c11,1.79549e-09,1.77244e-09,PASS
all-slow,27.0,3.3,c12,all-slow_27c_3.30v_c12,1.84798e-09,1.8238e-09,PASS
all-slow,27.0,3.3,c13,all-slow_27c_3.30v_c13,1.90661e-09,1.88188e-09,PASS
all-slow,27.0,3.3,c14,all-slow_27c_3.30v_c14,1.96194e-09,1.93631e-09,PASS
all-slow,27.0,3.3,c15,all-slow_27c_3.30v_c15,2.02078e-09,1.99465e-09,PASS
all-slow,27.0,3.63,c0,all-slow_27c_3.63v_c0,1.12137e-09,1.111e-09,PASS
all-slow,27.0,3.63,c1,all-slow_27c_3.63v_c1,1.1732e-09,1.16077e-09,PASS
all-slow,27.0,3.63,c2,all-slow_27c_3.63v_c2,1.22185e-09,1.20702e-09,PASS
all-slow,27.0,3.63,c3,all-slow_27c_3.63v_c3,1.27472e-09,1.25821e-09,PASS
all-slow,27.0,3.63,c4,all-slow_27c_3.63v_c4,1.32209e-09,1.30351e-09,PASS
all-slow,27.0,3.63,c5,all-slow_27c_3.63v_c5,1.37573e-09,1.35581e-09,PASS
all-slow,27.0,3.63,c6,all-slow_27c_3.63v_c6,1.42625e-09,1.40465e-09,PASS
all-slow,27.0,3.63,c7,all-slow_27c_3.63v_c7,1.48042e-09,1.45776e-09,PASS
all-slow,27.0,3.63,c8,all-slow_27c_3.63v_c8,1.52861e-09,1.50503e-09,PASS
all-slow,27.0,3.63,c9,all-slow_27c_3.63v_c9,1.58317e-09,1.5587e-09,PASS
all-slow,27.0,3.63,c10,all-slow_27c_3.63v_c10,1.63473e-09,1.60907e-09,PASS
all-slow,27.0,3.63,c11,all-slow_27c_3.63v_c11,1.68959e-09,1.66312e-09,PASS
all-slow,27.0,3.63,c12,all-slow_27c_3.63v_c12,1.7393e-09,1.71179e-09,PASS
all-slow,27.0,3.63,c13,all-slow_27c_3.63v_c13,1.79441e-09,1.76613e-09,PASS
all-slow,27.0,3.63,c14,all-slow_27c_3.63v_c14,1.84663e-09,1.81739e-09,PASS
all-slow,27.0,3.63,c15,all-slow_27c_3.63v_c15,1.90193e-09,1.87191e-09,PASS
all-slow,125.0,2.97,c0,all-slow_125c_2.97v_c0,1.51942e-09,1.51387e-09,PASS
all-slow,125.0,2.97,c1,all-slow_125c_2.97v_c1,1.58916e-09,1.58043e-09,PASS
all-slow,125.0,2.97,c2,all-slow_125c_2.97v_c2,1.65459e-09,1.64227e-09,PASS
all-slow,125.0,2.97,c3,all-slow_125c_2.97v_c3,1.72589e-09,1.71083e-09,PASS
all-slow,125.0,2.97,c4,all-slow_125c_2.97v_c4,1.78901e-09,1.77083e-09,PASS
all-slow,125.0,2.97,c5,all-slow_125c_2.97v_c5,1.86146e-09,1.84104e-09,PASS
all-slow,125.0,2.97,c6,all-slow_125c_2.97v_c6,1.92957e-09,1.90645e-09,PASS
all-slow,125.0,2.97,c7,all-slow_125c_2.97v_c7,2.00288e-09,1.978e-09,PASS
all-slow,125.0,2.97,c8,all-slow_125c_2.97v_c8,2.06646e-09,2.0402e-09,PASS
all-slow,125.0,2.97,c9,all-slow_125c_2.97v_c9,2.14038e-09,2.11277e-09,PASS
all-slow,125.0,2.97,c10,all-slow_125c_2.97v_c10,2.21005e-09,2.18059e-09,PASS
all-slow,125.0,2.97,c11,all-slow_125c_2.97v_c11,2.28448e-09,2.25397e-09,PASS
all-slow,125.0,2.97,c12,all-slow_125c_2.97v_c12,2.35096e-09,2.31895e-09,PASS
all-slow,125.0,2.97,c13,all-slow_125c_2.97v_c13,2.4258e-09,2.39294e-09,PASS
all-slow,125.0,2.97,c14,all-slow_125c_2.97v_c14,2.4965e-09,2.46237e-09,PASS
all-slow,125.0,2.97,c15,all-slow_125c_2.97v_c15,2.57166e-09,2.53681e-09,PASS
all-slow,125.0,3.3,c0,all-slow_125c_3.30v_c0,1.40413e-09,1.39161e-09,PASS
all-slow,125.0,3.3,c1,all-slow_125c_3.30v_c1,1.46881e-09,1.45356e-09,PASS
all-slow,125.0,3.3,c2,all-slow_125c_3.30v_c2,1.52971e-09,1.51138e-09,PASS
all-slow,125.0,3.3,c3,all-slow_125c_3.30v_c3,1.59578e-09,1.57514e-09,PASS
all-slow,125.0,3.3,c4,all-slow_125c_3.30v_c4,1.65469e-09,1.63145e-09,PASS
all-slow,125.0,3.3,c5,all-slow_125c_3.30v_c5,1.72178e-09,1.69666e-09,PASS
all-slow,125.0,3.3,c6,all-slow_125c_3.30v_c6,1.78509e-09,1.75772e-09,PASS
all-slow,125.0,3.3,c7,all-slow_125c_3.30v_c7,1.85293e-09,1.82403e-09,PASS
all-slow,125.0,3.3,c8,all-slow_125c_3.30v_c8,1.91226e-09,1.88226e-09,PASS
all-slow,125.0,3.3,c9,all-slow_125c_3.30v_c9,1.98064e-09,1.94938e-09,PASS
all-slow,125.0,3.3,c10,all-slow_125c_3.30v_c10,2.04533e-09,2.01247e-09,PASS
all-slow,125.0,3.3,c11,all-slow_125c_3.30v_c11,2.11415e-09,2.0802e-09,PASS
all-slow,125.0,3.3,c12,all-slow_125c_3.30v_c12,2.17608e-09,2.14082e-09,PASS
all-slow,125.0,3.3,c13,all-slow_125c_3.30v_c13,2.24526e-09,2.20901e-09,PASS
all-slow,125.0,3.3,c14,all-slow_125c_3.30v_c14,2.31085e-09,2.27335e-09,PASS
all-slow,125.0,3.3,c15,all-slow_125c_3.30v_c15,2.3803e-09,2.34185e-09,PASS
all-slow,125.0,3.63,c0,all-slow_125c_3.63v_c0,1.31591e-09,1.29905e-09,PASS
all-slow,125.0,3.63,c1,all-slow_125c_3.63v_c1,1.37674e-09,1.35747e-09,PASS
all-slow,125.0,3.63,c2,all-slow_125c_3.63v_c2,1.43417e-09,1.41223e-09,PASS
all-slow,125.0,3.63,c3,all-slow_125c_3.63v_c3,1.49624e-09,1.47227e-09,PASS
all-slow,125.0,3.63,c4,all-slow_125c_3.63v_c4,1.55189e-09,1.52571e-09,PASS
all-slow,125.0,3.63,c5,all-slow_125c_3.63v_c5,1.61489e-09,1.58702e-09,PASS
all-slow,125.0,3.63,c6,all-slow_125c_3.63v_c6,1.67451e-09,1.6447e-09,PASS
all-slow,125.0,3.63,c7,all-slow_125c_3.63v_c7,1.73818e-09,1.70693e-09,PASS
all-slow,125.0,3.63,c8,all-slow_125c_3.63v_c8,1.79418e-09,1.76195e-09,PASS
all-slow,125.0,3.63,c9,all-slow_125c_3.63v_c9,1.85833e-09,1.82484e-09,PASS
all-slow,125.0,3.63,c10,all-slow_125c_3.63v_c10,1.91919e-09,1.88422e-09,PASS
all-slow,125.0,3.63,c11,all-slow_125c_3.63v_c11,1.98373e-09,1.94758e-09,PASS
all-slow,125.0,3.63,c12,all-slow_125c_3.63v_c12,2.04213e-09,2.00474e-09,PASS
all-slow,125.0,3.63,c13,all-slow_125c_3.63v_c13,2.10698e-09,2.06847e-09,PASS
all-slow,125.0,3.63,c14,all-slow_125c_3.63v_c14,2.16865e-09,2.12886e-09,PASS
all-slow,125.0,3.63,c15,all-slow_125c_3.63v_c15,2.23374e-09,2.19284e-09,PASS
all-fast,-40.0,2.97,c0,all-fast_-40c_2.97v_c0,8.47459e-10,8.43524e-10,PASS
all-fast,-40.0,2.97,c1,all-fast_-40c_2.97v_c1,8.87345e-10,8.82041e-10,PASS
all-fast,-40.0,2.97,c2,all-fast_-40c_2.97v_c2,9.22866e-10,9.15946e-10,PASS
all-fast,-40.0,2.97,c3,all-fast_-40c_2.97v_c3,9.63481e-10,9.55483e-10,PASS
all-fast,-40.0,2.97,c4,all-fast_-40c_2.97v_c4,9.96222e-10,9.86798e-10,PASS
all-fast,-40.0,2.97,c5,all-fast_-40c_2.97v_c5,1.03737e-09,1.02711e-09,PASS
all-fast,-40.0,2.97,c6,all-fast_-40c_2.97v_c6,1.07417e-09,1.06283e-09,PASS
all-fast,-40.0,2.97,c7,all-fast_-40c_2.97v_c7,1.11569e-09,1.10368e-09,PASS
all-fast,-40.0,2.97,c8,all-fast_-40c_2.97v_c8,1.14741e-09,1.13479e-09,PASS
all-fast,-40.0,2.97,c9,all-fast_-40c_2.97v_c9,1.18919e-09,1.17601e-09,PASS
all-fast,-40.0,2.97,c10,all-fast_-40c_2.97v_c10,1.2267e-09,1.21278e-09,PASS
all-fast,-40.0,2.97,c11,all-fast_-40c_2.97v_c11,1.26869e-09,1.25424e-09,PASS
all-fast,-40.0,2.97,c12,all-fast_-40c_2.97v_c12,1.30302e-09,1.28788e-09,PASS
all-fast,-40.0,2.97,c13,all-fast_-40c_2.97v_c13,1.34518e-09,1.32953e-09,PASS
all-fast,-40.0,2.97,c14,all-fast_-40c_2.97v_c14,1.38316e-09,1.3669e-09,PASS
all-fast,-40.0,2.97,c15,all-fast_-40c_2.97v_c15,1.42545e-09,1.40867e-09,PASS
all-fast,-40.0,3.3,c0,all-fast_-40c_3.30v_c0,8.01842e-10,7.94433e-10,PASS
all-fast,-40.0,3.3,c1,all-fast_-40c_3.30v_c1,8.3974e-10,8.31113e-10,PASS
all-fast,-40.0,3.3,c2,all-fast_-40c_3.30v_c2,8.73683e-10,8.63671e-10,PASS
all-fast,-40.0,3.3,c3,all-fast_-40c_3.30v_c3,9.12226e-10,9.01225e-10,PASS
all-fast,-40.0,3.3,c4,all-fast_-40c_3.30v_c4,9.43583e-10,9.31404e-10,PASS
all-fast,-40.0,3.3,c5,all-fast_-40c_3.30v_c5,9.82593e-10,9.69592e-10,PASS
all-fast,-40.0,3.3,c6,all-fast_-40c_3.30v_c6,1.01768e-09,1.00371e-09,PASS
all-fast,-40.0,3.3,c7,all-fast_-40c_3.30v_c7,1.05701e-09,1.04232e-09,PASS
all-fast,-40.0,3.3,c8,all-fast_-40c_3.30v_c8,1.08727e-09,1.07202e-09,PASS
all-fast,-40.0,3.3,c9,all-fast_-40c_3.30v_c9,1.12683e-09,1.1109e-09,PASS
all-fast,-40.0,3.3,c10,all-fast_-40c_3.30v_c10,1.16255e-09,1.14584e-09,PASS
all-fast,-40.0,3.3,c11,all-fast_-40c_3.30v_c11,1.2023e-09,1.18492e-09,PASS
all-fast,-40.0,3.3,c12,all-fast_-40c_3.30v_c12,1.23506e-09,1.21699e-09,PASS
all-fast,-40.0,3.3,c13,all-fast_-40c_3.30v_c13,1.27497e-09,1.25622e-09,PASS
all-fast,-40.0,3.3,c14,all-fast_-40c_3.30v_c14,1.31108e-09,1.29164e-09,PASS
all-fast,-40.0,3.3,c15,all-fast_-40c_3.30v_c15,1.3511e-09,1.33098e-09,PASS
all-fast,-40.0,3.63,c0,all-fast_-40c_3.63v_c0,7.67073e-10,7.57592e-10,PASS
all-fast,-40.0,3.63,c1,all-fast_-40c_3.63v_c1,8.03456e-10,7.9287e-10,PASS
all-fast,-40.0,3.63,c2,all-fast_-40c_3.63v_c2,8.36187e-10,8.24381e-10,PASS
all-fast,-40.0,3.63,c3,all-fast_-40c_3.63v_c3,8.73153e-10,8.60411e-10,PASS
all-fast,-40.0,3.63,c4,all-fast_-40c_3.63v_c4,9.03435e-10,8.89678e-10,PASS
all-fast,-40.0,3.63,c5,all-fast_-40c_3.63v_c5,9.40821e-10,9.26233e-10,PASS
all-fast,-40.0,3.63,c6,all-fast_-40c_3.63v_c6,9.74585e-10,9.59093e-10,PASS
all-fast,-40.0,3.63,c7,all-fast_-40c_3.63v_c7,1.01226e-09,9.95996e-10,PASS
all-fast,-40.0,3.63,c8,all-fast_-40c_3.63v_c8,1.04138e-09,1.02457e-09,PASS
all-fast,-40.0,3.63,c9,all-fast_-40c_3.63v_c9,1.07927e-09,1.0617e-09,PASS
all-fast,-40.0,3.63,c10,all-fast_-40c_3.63v_c10,1.1136e-09,1.09524e-09,PASS
all-fast,-40.0,3.63,c11,all-fast_-40c_3.63v_c11,1.15166e-09,1.13254e-09,PASS
all-fast,-40.0,3.63,c12,all-fast_-40c_3.63v_c12,1.18321e-09,1.16339e-09,PASS
all-fast,-40.0,3.63,c13,all-fast_-40c_3.63v_c13,1.22141e-09,1.20083e-09,PASS
all-fast,-40.0,3.63,c14,all-fast_-40c_3.63v_c14,1.2561e-09,1.23478e-09,PASS
all-fast,-40.0,3.63,c15,all-fast_-40c_3.63v_c15,1.2944e-09,1.27232e-09,PASS
all-fast,27.0,2.97,c0,all-fast_27c_2.97v_c0,9.62851e-10,9.57108e-10,PASS
all-fast,27.0,2.97,c1,all-fast_27c_2.97v_c1,1.00829e-09,1.00101e-09,PASS
all-fast,27.0,2.97,c2,all-fast_27c_2.97v_c2,1.04889e-09,1.03986e-09,PASS
all-fast,27.0,2.97,c3,all-fast_27c_2.97v_c3,1.09518e-09,1.0849e-09,PASS
all-fast,27.0,2.97,c4,all-fast_27c_2.97v_c4,1.13242e-09,1.12065e-09,PASS
all-fast,27.0,2.97,c5,all-fast_27c_2.97v_c5,1.17932e-09,1.16656e-09,PASS
all-fast,27.0,2.97,c6,all-fast_27c_2.97v_c6,1.22138e-09,1.20741e-09,PASS
all-fast,27.0,2.97,c7,all-fast_27c_2.97v_c7,1.26872e-09,1.25394e-09,PASS
all-fast,27.0,2.97,c8,all-fast_27c_2.97v_c8,1.3044e-09,1.28902e-09,PASS
all-fast,27.0,2.97,c9,all-fast_27c_2.97v_c9,1.35205e-09,1.33596e-09,PASS
all-fast,27.0,2.97,c10,all-fast_27c_2.97v_c10,1.39494e-09,1.37797e-09,PASS
all-fast,27.0,2.97,c11,all-fast_27c_2.97v_c11,1.44285e-09,1.42522e-09,PASS
all-fast,27.0,2.97,c12,all-fast_27c_2.97v_c12,1.48191e-09,1.46351e-09,PASS
all-fast,27.0,2.97,c13,all-fast_27c_2.97v_c13,1.53002e-09,1.511e-09,PASS
all-fast,27.0,2.97,c14,all-fast_27c_2.97v_c14,1.57345e-09,1.5537e-09,PASS
all-fast,27.0,2.97,c15,all-fast_27c_2.97v_c15,1.62172e-09,1.60134e-09,PASS
all-fast,27.0,3.3,c0,all-fast_27c_3.30v_c0,9.0843e-10,8.9952e-10,PASS
all-fast,27.0,3.3,c1,all-fast_27c_3.30v_c1,9.51448e-10,9.41168e-10,PASS
all-fast,27.0,3.3,c2,all-fast_27c_3.30v_c2,9.90051e-10,9.78263e-10,PASS
all-fast,27.0,3.3,c3,all-fast_27c_3.30v_c3,1.03383e-09,1.02091e-09,PASS
all-fast,27.0,3.3,c4,all-fast_27c_3.30v_c4,1.06932e-09,1.05515e-09,PASS
all-fast,27.0,3.3,c5,all-fast_27c_3.30v_c5,1.11364e-09,1.09852e-09,PASS
all-fast,27.0,3.3,c6,all-fast_27c_3.30v_c6,1.15356e-09,1.13735e-09,PASS
all-fast,27.0,3.3,c7,all-fast_27c_3.30v_c7,1.19828e-09,1.18122e-09,PASS
all-fast,27.0,3.3,c8,all-fast_27c_3.30v_c8,1.2322e-09,1.21459e-09,PASS
all-fast,27.0,3.3,c9,all-fast_27c_3.30v_c9,1.2772e-09,1.25879e-09,PASS
all-fast,27.0,3.3,c10,all-fast_27c_3.30v_c10,1.31786e-09,1.29857e-09,PASS
all-fast,27.0,3.3,c11,all-fast_27c_3.30v_c11,1.36308e-09,1.34303e-09,PASS
all-fast,27.0,3.3,c12,all-fast_27c_3.30v_c12,1.40021e-09,1.37939e-09,PASS
all-fast,27.0,3.3,c13,all-fast_27c_3.30v_c13,1.44562e-09,1.42404e-09,PASS
all-fast,27.0,3.3,c14,all-fast_27c_3.30v_c14,1.48676e-09,1.46439e-09,PASS
all-fast,27.0,3.3,c15,all-fast_27c_3.30v_c15,1.5323e-09,1.50918e-09,PASS
all-fast,27.0,3.63,c0,all-fast_27c_3.63v_c0,8.66409e-10,8.55643e-10,PASS
all-fast,27.0,3.63,c1,all-fast_27c_3.63v_c1,9.07564e-10,8.95563e-10,PASS
all-fast,27.0,3.63,c2,all-fast_27c_3.63v_c2,9.44621e-10,9.31295e-10,PASS
all-fast,27.0,3.63,c3,all-fast_27c_3.63v_c3,9.86464e-10,9.72082e-10,PASS
all-fast,27.0,3.63,c4,all-fast_27c_3.63v_c4,1.02058e-09,1.00512e-09,PASS
all-fast,27.0,3.63,c5,all-fast_27c_3.63v_c5,1.06293e-09,1.04653e-09,PASS
all-fast,27.0,3.63,c6,all-fast_27c_3.63v_c6,1.10119e-09,1.08379e-09,PASS
all-fast,27.0,3.63,c7,all-fast_27c_3.63v_c7,1.14389e-09,1.12562e-09,PASS
all-fast,27.0,3.63,c8,all-fast_27c_3.63v_c8,1.17643e-09,1.15761e-09,PASS
all-fast,27.0,3.63,c9,all-fast_27c_3.63v_c9,1.21939e-09,1.19972e-09,PASS
all-fast,27.0,3.63,c10,all-fast_27c_3.63v_c10,1.25833e-09,1.2378e-09,PASS
all-fast,27.0,3.63,c11,all-fast_27c_3.63v_c11,1.30149e-09,1.28012e-09,PASS
all-fast,27.0,3.63,c12,all-fast_27c_3.63v_c12,1.33711e-09,1.31499e-09,PASS
all-fast,27.0,3.63,c13,all-fast_27c_3.63v_c13,1.38044e-09,1.35749e-09,PASS
all-fast,27.0,3.63,c14,all-fast_27c_3.63v_c14,1.41981e-09,1.39604e-09,PASS
all-fast,27.0,3.63,c15,all-fast_27c_3.63v_c15,1.46326e-09,1.43867e-09,PASS
all-fast,125.0,2.97,c0,all-fast_125c_2.97v_c0,1.12884e-09,1.11801e-09,PASS
all-fast,125.0,2.97,c1,all-fast_125c_2.97v_c1,1.18224e-09,1.16964e-09,PASS
all-fast,125.0,2.97,c2,all-fast_125c_2.97v_c2,1.23028e-09,1.21579e-09,PASS
all-fast,125.0,2.97,c3,all-fast_125c_2.97v_c3,1.2847e-09,1.26872e-09,PASS
all-fast,125.0,2.97,c4,all-fast_125c_2.97v_c4,1.32856e-09,1.31105e-09,PASS
all-fast,125.0,2.97,c5,all-fast_125c_2.97v_c5,1.38372e-09,1.36496e-09,PASS
all-fast,125.0,2.97,c6,all-fast_125c_2.97v_c6,1.43349e-09,1.41333e-09,PASS
all-fast,125.0,2.97,c7,all-fast_125c_2.97v_c7,1.4892e-09,1.46795e-09,PASS
all-fast,125.0,2.97,c8,all-fast_125c_2.97v_c8,1.53061e-09,1.50875e-09,PASS
all-fast,125.0,2.97,c9,all-fast_125c_2.97v_c9,1.58672e-09,1.56386e-09,PASS
all-fast,125.0,2.97,c10,all-fast_125c_2.97v_c10,1.63747e-09,1.61351e-09,PASS
all-fast,125.0,2.97,c11,all-fast_125c_2.97v_c11,1.6939e-09,1.669e-09,PASS
all-fast,125.0,2.97,c12,all-fast_125c_2.97v_c12,1.73989e-09,1.71409e-09,PASS
all-fast,125.0,2.97,c13,all-fast_125c_2.97v_c13,1.79658e-09,1.76987e-09,PASS
all-fast,125.0,2.97,c14,all-fast_125c_2.97v_c14,1.84797e-09,1.82031e-09,PASS
all-fast,125.0,2.97,c15,all-fast_125c_2.97v_c15,1.90486e-09,1.87631e-09,PASS
all-fast,125.0,3.3,c0,all-fast_125c_3.30v_c0,1.06162e-09,1.0489e-09,PASS
all-fast,125.0,3.3,c1,all-fast_125c_3.30v_c1,1.11196e-09,1.0977e-09,PASS
all-fast,125.0,3.3,c2,all-fast_125c_3.30v_c2,1.15738e-09,1.14149e-09,PASS
all-fast,125.0,3.3,c3,all-fast_125c_3.30v_c3,1.20865e-09,1.19143e-09,PASS
all-fast,125.0,3.3,c4,all-fast_125c_3.30v_c4,1.2502e-09,1.23168e-09,PASS
all-fast,125.0,3.3,c5,all-fast_125c_3.30v_c5,1.30215e-09,1.28246e-09,PASS
all-fast,125.0,3.3,c6,all-fast_125c_3.30v_c6,1.34913e-09,1.32821e-09,PASS
all-fast,125.0,3.3,c7,all-fast_125c_3.30v_c7,1.40157e-09,1.37959e-09,PASS
all-fast,125.0,3.3,c8,all-fast_125c_3.30v_c8,1.44081e-09,1.41824e-09,PASS
all-fast,125.0,3.3,c9,all-fast_125c_3.30v_c9,1.4936e-09,1.47003e-09,PASS
all-fast,125.0,3.3,c10,all-fast_125c_3.30v_c10,1.54148e-09,1.51687e-09,PASS
all-fast,125.0,3.3,c11,all-fast_125c_3.30v_c11,1.59456e-09,1.56899e-09,PASS
all-fast,125.0,3.3,c12,all-fast_125c_3.30v_c12,1.63807e-09,1.61162e-09,PASS
all-fast,125.0,3.3,c13,all-fast_125c_3.30v_c13,1.69139e-09,1.66399e-09,PASS
all-fast,125.0,3.3,c14,all-fast_125c_3.30v_c14,1.73985e-09,1.7115e-09,PASS
all-fast,125.0,3.3,c15,all-fast_125c_3.30v_c15,1.79334e-09,1.76405e-09,PASS
all-fast,125.0,3.63,c0,all-fast_125c_3.63v_c0,1.00855e-09,9.94854e-10,PASS
all-fast,125.0,3.63,c1,all-fast_125c_3.63v_c1,1.05651e-09,1.04142e-09,PASS
all-fast,125.0,3.63,c2,all-fast_125c_3.63v_c2,1.09987e-09,1.08335e-09,PASS
all-fast,125.0,3.63,c3,all-fast_125c_3.63v_c3,1.14866e-09,1.13093e-09,PASS
all-fast,125.0,3.63,c4,all-fast_125c_3.63v_c4,1.18838e-09,1.16952e-09,PASS
all-fast,125.0,3.63,c5,all-fast_125c_3.63v_c5,1.2378e-09,1.21784e-09,PASS
all-fast,125.0,3.63,c6,all-fast_125c_3.63v_c6,1.2826e-09,1.26151e-09,PASS
all-fast,125.0,3.63,c7,all-fast_125c_3.63v_c7,1.33246e-09,1.31035e-09,PASS
all-fast,125.0,3.63,c8,all-fast_125c_3.63v_c8,1.36995e-09,1.34726e-09,PASS
all-fast,125.0,3.63,c9,all-fast_125c_3.63v_c9,1.42014e-09,1.39647e-09,PASS
all-fast,125.0,3.63,c10,all-fast_125c_3.63v_c10,1.46575e-09,1.44108e-09,PASS
all-fast,125.0,3.63,c11,all-fast_125c_3.63v_c11,1.5162e-09,1.49057e-09,PASS
all-fast,125.0,3.63,c12,all-fast_125c_3.63v_c12,1.55774e-09,1.53126e-09,PASS
all-fast,125.0,3.63,c13,all-fast_125c_3.63v_c13,1.6084e-09,1.58096e-09,PASS
all-fast,125.0,3.63,c14,all-fast_125c_3.63v_c14,1.65454e-09,1.62616e-09,PASS
all-fast,125.0,3.63,c15,all-fast_125c_3.63v_c15,1.70536e-09,1.67603e-09,PASS
