# campaign: vco-tuning-range (adjacent-band pair, joint two-band draw, 11-point grid)
# record_id: 20260927-220631-546a397
# generated_utc: 2026-09-27T22:07:21Z
# pdk_variant: gf180mcuD
# pdk_open_pdks_hash: c6d73a35f524070e85faff4a6a9eef49553ebc2b
# pdk_root: /Users/rwalters/.volare/gf180mcuD
# model_file: libs.tech/ngspice/sm141064.ngspice (+ sm141064_mim.ngspice via mimcap_* sections)
# switches: design.ngspice defaults OVERRIDDEN by tb_vco_band_pair.sp, which re-declares them after the include (sw_stat_global=0, sw_stat_mismatch=1 -> mismatch-only Monte Carlo, .option rndseed set per joint draw)
# simulator: ngspice-46
# netlist: design/netlist/vco.spice (committed export)
# corners: 11 (bundle, temperature, supply, band pair) points -- all five MOS bundles, all four vertices of the temperature x supply box at the thinnest bundle, and four of the seven adjacent pairs; band b @ Vctrl=2.7 and band b+1 @ Vctrl=0.9 in ONE parse per draw, N=200 joint mismatch draws per point, 2200 draws total
point_id,group,corner,temp_c,vdd,seed,band_a,vctrl_a_v,f_a_hz,i_a_a,band_b,vctrl_b_v,f_b_hz,i_b_a,ratio
ff_125c_3.63v_b3b4,bundle,ff,125,3.63,1,3,2.7,4.06819E+07,0.000206623,4,0.9,3.08915E+07,0.000133594,1.316929
ff_125c_3.63v_b3b4,bundle,ff,125,3.63,2,3,2.7,3.6725E+07,0.000200386,4,0.9,2.53767E+07,0.000124758,1.447194
ff_125c_3.63v_b3b4,bundle,ff,125,3.63,3,3,2.7,3.60545E+07,0.000198468,4,0.9,2.65896E+07,0.000126106,1.355962
ff_125c_3.63v_b3b4,bundle,ff,125,3.63,4,3,2.7,3.75304E+07,0.000199743,4,0.9,2.89271E+07,0.000130815,1.297413
ff_125c_3.63v_b3b4,bundle,ff,125,3.63,5,3,2.7,3.94421E+07,0.000208175,4,0.9,2.97323E+07,0.000134755,1.326574
ff_125c_3.63v_b3b4,bundle,ff,125,3.63,6,3,2.7,4.02285E+07,0.000211115,4,0.9,3.05289E+07,0.000135632,1.317719
ff_125c_3.63v_b3b4,bundle,ff,125,3.63,7,3,2.7,3.99648E+07,0.000210832,4,0.9,3.07426E+07,0.000137965,1.299981
ff_125c_3.63v_b3b4,bundle,ff,125,3.63,8,3,2.7,4.0509E+07,0.000206449,4,0.9,2.95382E+07,0.000131083,1.371411
ff_125c_3.63v_b3b4,bundle,ff,125,3.63,9,3,2.7,3.82669E+07,0.000203852,4,0.9,2.92902E+07,0.000133475,1.306475
ff_125c_3.63v_b3b4,bundle,ff,125,3.63,10,3,2.7,4.01093E+07,0.000208018,4,0.9,2.97598E+07,0.000133419,1.347768
ff_125c_3.63v_b3b4,bundle,ff,125,3.63,11,3,2.7,3.57645E+07,0.000199215,4,0.9,2.77552E+07,0.000130326,1.288569
ff_125c_3.63v_b3b4,bundle,ff,125,3.63,12,3,2.7,3.46172E+07,0.000196683,4,0.9,2.45174E+07,0.000125439,1.411944
ff_125c_3.63v_b3b4,bundle,ff,125,3.63,13,3,2.7,3.76422E+07,0.000202842,4,0.9,2.98679E+07,0.000134443,1.260289
ff_125c_3.63v_b3b4,bundle,ff,125,3.63,14,3,2.7,4.27762E+07,0.000210774,4,0.9,3.19902E+07,0.000136238,1.337166
ff_125c_3.63v_b3b4,bundle,ff,125,3.63,15,3,2.7,4.01039E+07,0.000208644,4,0.9,2.91731E+07,0.000130109,1.374688
ff_125c_3.63v_b3b4,bundle,ff,125,3.63,16,3,2.7,3.73825E+07,0.000202925,4,0.9,2.87411E+07,0.000132508,1.300664
ff_125c_3.63v_b3b4,bundle,ff,125,3.63,17,3,2.7,3.80432E+07,0.000199506,4,0.9,2.71845E+07,0.000124531,1.399445
ff_125c_3.63v_b3b4,bundle,ff,125,3.63,18,3,2.7,3.7807E+07,0.000203713,4,0.9,2.79903E+07,0.000130668,1.350718
ff_125c_3.63v_b3b4,bundle,ff,125,3.63,19,3,2.7,3.60699E+07,0.000200808,4,0.9,2.72312E+07,0.000130769,1.324580
ff_125c_3.63v_b3b4,bundle,ff,125,3.63,20,3,2.7,3.94461E+07,0.000209913,4,0.9,2.84103E+07,0.000132252,1.388444
ff_125c_3.63v_b3b4,bundle,ff,125,3.63,21,3,2.7,4.01057E+07,0.00020925,4,0.9,3.07145E+07,0.000135994,1.305758
ff_125c_3.63v_b3b4,bundle,ff,125,3.63,22,3,2.7,3.88425E+07,0.0002054,4,0.9,2.82492E+07,0.000131961,1.374995
ff_125c_3.63v_b3b4,bundle,ff,125,3.63,23,3,2.7,3.61658E+07,0.000200279,4,0.9,2.64661E+07,0.000128495,1.366495
ff_125c_3.63v_b3b4,bundle,ff,125,3.63,24,3,2.7,3.65145E+07,0.000199033,4,0.9,2.83228E+07,0.000130085,1.289226
ff_125c_3.63v_b3b4,bundle,ff,125,3.63,25,3,2.7,3.78363E+07,0.00020807,4,0.9,2.83818E+07,0.000132966,1.333118
ff_125c_3.63v_b3b4,bundle,ff,125,3.63,26,3,2.7,3.9528E+07,0.000207009,4,0.9,3.06963E+07,0.000135749,1.287712
ff_125c_3.63v_b3b4,bundle,ff,125,3.63,27,3,2.7,3.59918E+07,0.000197266,4,0.9,2.65058E+07,0.0001262,1.357884
ff_125c_3.63v_b3b4,bundle,ff,125,3.63,28,3,2.7,3.62984E+07,0.000204891,4,0.9,2.69791E+07,0.000132981,1.345427
ff_125c_3.63v_b3b4,bundle,ff,125,3.63,29,3,2.7,3.90512E+07,0.000203749,4,0.9,2.97136E+07,0.000131786,1.314253
ff_125c_3.63v_b3b4,bundle,ff,125,3.63,30,3,2.7,4.02668E+07,0.000205585,4,0.9,3.04973E+07,0.000132851,1.320340
ff_125c_3.63v_b3b4,bundle,ff,125,3.63,31,3,2.7,4.0021E+07,0.000208241,4,0.9,2.9749E+07,0.000133599,1.345289
ff_125c_3.63v_b3b4,bundle,ff,125,3.63,32,3,2.7,3.62264E+07,0.000200095,4,0.9,2.62145E+07,0.000127316,1.381922
ff_125c_3.63v_b3b4,bundle,ff,125,3.63,33,3,2.7,3.96823E+07,0.000207337,4,0.9,3.03603E+07,0.000135836,1.307046
ff_125c_3.63v_b3b4,bundle,ff,125,3.63,34,3,2.7,3.75804E+07,0.000205605,4,0.9,2.66332E+07,0.000128126,1.411036
ff_125c_3.63v_b3b4,bundle,ff,125,3.63,35,3,2.7,4.02467E+07,0.000208425,4,0.9,3.02503E+07,0.000136632,1.330456
ff_125c_3.63v_b3b4,bundle,ff,125,3.63,36,3,2.7,4.0727E+07,0.000206017,4,0.9,3.13989E+07,0.000136159,1.297084
ff_125c_3.63v_b3b4,bundle,ff,125,3.63,37,3,2.7,3.79747E+07,0.000203487,4,0.9,2.92805E+07,0.000135571,1.296928
ff_125c_3.63v_b3b4,bundle,ff,125,3.63,38,3,2.7,3.63877E+07,0.000200221,4,0.9,2.67639E+07,0.000128301,1.359581
ff_125c_3.63v_b3b4,bundle,ff,125,3.63,39,3,2.7,3.94042E+07,0.000206236,4,0.9,2.96927E+07,0.000133963,1.327067
ff_125c_3.63v_b3b4,bundle,ff,125,3.63,40,3,2.7,4.11297E+07,0.000213901,4,0.9,3.08156E+07,0.000140844,1.334704
ff_125c_3.63v_b3b4,bundle,ff,125,3.63,41,3,2.7,3.92045E+07,0.000201458,4,0.9,2.82551E+07,0.00012719,1.387519
ff_125c_3.63v_b3b4,bundle,ff,125,3.63,42,3,2.7,4.17936E+07,0.00021436,4,0.9,3.27047E+07,0.000141692,1.277908
ff_125c_3.63v_b3b4,bundle,ff,125,3.63,43,3,2.7,4.11149E+07,0.00021157,4,0.9,3.23357E+07,0.000142107,1.271502
ff_125c_3.63v_b3b4,bundle,ff,125,3.63,44,3,2.7,4.04144E+07,0.000209965,4,0.9,3.0691E+07,0.00013604,1.316816
ff_125c_3.63v_b3b4,bundle,ff,125,3.63,45,3,2.7,3.83698E+07,0.000208255,4,0.9,3.02024E+07,0.000138398,1.270422
ff_125c_3.63v_b3b4,bundle,ff,125,3.63,46,3,2.7,4.02463E+07,0.000208581,4,0.9,3.09522E+07,0.000134925,1.300273
ff_125c_3.63v_b3b4,bundle,ff,125,3.63,47,3,2.7,4.09264E+07,0.000211483,4,0.9,2.97087E+07,0.000134409,1.377590
ff_125c_3.63v_b3b4,bundle,ff,125,3.63,48,3,2.7,3.93698E+07,0.000209168,4,0.9,3.00188E+07,0.000137781,1.311505
ff_125c_3.63v_b3b4,bundle,ff,125,3.63,49,3,2.7,3.95979E+07,0.000206446,4,0.9,2.96506E+07,0.000133622,1.335484
ff_125c_3.63v_b3b4,bundle,ff,125,3.63,50,3,2.7,4.13488E+07,0.000212889,4,0.9,3.09657E+07,0.000139303,1.335310
ff_125c_3.63v_b3b4,bundle,ff,125,3.63,51,3,2.7,4.04046E+07,0.000205935,4,0.9,2.991E+07,0.00013366,1.350873
ff_125c_3.63v_b3b4,bundle,ff,125,3.63,52,3,2.7,3.48344E+07,0.000197317,4,0.9,2.51107E+07,0.000124,1.387233
ff_125c_3.63v_b3b4,bundle,ff,125,3.63,53,3,2.7,4.21508E+07,0.000215498,4,0.9,3.17945E+07,0.000139876,1.325726
ff_125c_3.63v_b3b4,bundle,ff,125,3.63,54,3,2.7,4.15329E+07,0.000213624,4,0.9,3.21387E+07,0.000140201,1.292302
ff_125c_3.63v_b3b4,bundle,ff,125,3.63,55,3,2.7,3.85419E+07,0.00020778,4,0.9,2.80178E+07,0.000130895,1.375622
ff_125c_3.63v_b3b4,bundle,ff,125,3.63,56,3,2.7,4.18829E+07,0.000210143,4,0.9,3.14603E+07,0.00013515,1.331294
ff_125c_3.63v_b3b4,bundle,ff,125,3.63,57,3,2.7,3.89419E+07,0.000207353,4,0.9,2.87936E+07,0.000132798,1.352450
ff_125c_3.63v_b3b4,bundle,ff,125,3.63,58,3,2.7,3.8659E+07,0.000204468,4,0.9,2.90881E+07,0.000130424,1.329031
ff_125c_3.63v_b3b4,bundle,ff,125,3.63,59,3,2.7,3.61936E+07,0.000196688,4,0.9,2.72276E+07,0.000124719,1.329298
ff_125c_3.63v_b3b4,bundle,ff,125,3.63,60,3,2.7,3.94326E+07,0.000205021,4,0.9,3.00878E+07,0.000134311,1.310584
ff_125c_3.63v_b3b4,bundle,ff,125,3.63,61,3,2.7,3.59445E+07,0.000200869,4,0.9,2.66186E+07,0.00012733,1.350353
ff_125c_3.63v_b3b4,bundle,ff,125,3.63,62,3,2.7,3.91914E+07,0.000209418,4,0.9,3.06589E+07,0.000137108,1.278304
ff_125c_3.63v_b3b4,bundle,ff,125,3.63,63,3,2.7,4.11684E+07,0.00021221,4,0.9,3.09463E+07,0.00013746,1.330317
ff_125c_3.63v_b3b4,bundle,ff,125,3.63,64,3,2.7,3.53232E+07,0.000193453,4,0.9,2.41066E+07,0.000117564,1.465292
ff_125c_3.63v_b3b4,bundle,ff,125,3.63,65,3,2.7,3.7255E+07,0.000199821,4,0.9,2.73414E+07,0.000126015,1.362586
ff_125c_3.63v_b3b4,bundle,ff,125,3.63,66,3,2.7,3.48202E+07,0.000196485,4,0.9,2.39116E+07,0.000121216,1.456205
ff_125c_3.63v_b3b4,bundle,ff,125,3.63,67,3,2.7,4.01908E+07,0.000210575,4,0.9,2.86764E+07,0.000134582,1.401529
ff_125c_3.63v_b3b4,bundle,ff,125,3.63,68,3,2.7,3.98676E+07,0.000208357,4,0.9,3.08229E+07,0.000137125,1.293441
ff_125c_3.63v_b3b4,bundle,ff,125,3.63,69,3,2.7,3.76269E+07,0.000204743,4,0.9,2.73712E+07,0.000129062,1.374689
ff_125c_3.63v_b3b4,bundle,ff,125,3.63,70,3,2.7,3.39505E+07,0.000198261,4,0.9,2.67141E+07,0.000133493,1.270883
ff_125c_3.63v_b3b4,bundle,ff,125,3.63,71,3,2.7,3.81605E+07,0.000200162,4,0.9,2.73711E+07,0.000126759,1.394189
ff_125c_3.63v_b3b4,bundle,ff,125,3.63,72,3,2.7,4.13192E+07,0.000208415,4,0.9,2.94637E+07,0.000131261,1.402376
ff_125c_3.63v_b3b4,bundle,ff,125,3.63,73,3,2.7,4.04301E+07,0.00020483,4,0.9,3.02203E+07,0.00013125,1.337846
ff_125c_3.63v_b3b4,bundle,ff,125,3.63,74,3,2.7,4.50052E+07,0.000225422,4,0.9,3.66139E+07,0.000154666,1.229183
ff_125c_3.63v_b3b4,bundle,ff,125,3.63,75,3,2.7,4.25955E+07,0.00021407,4,0.9,3.17186E+07,0.000137808,1.342919
ff_125c_3.63v_b3b4,bundle,ff,125,3.63,76,3,2.7,3.88344E+07,0.00020501,4,0.9,2.79603E+07,0.000128176,1.388912
ff_125c_3.63v_b3b4,bundle,ff,125,3.63,77,3,2.7,4.20113E+07,0.000215535,4,0.9,3.34181E+07,0.000143984,1.257142
ff_125c_3.63v_b3b4,bundle,ff,125,3.63,78,3,2.7,3.79653E+07,0.000204951,4,0.9,2.89775E+07,0.000132073,1.310165
ff_125c_3.63v_b3b4,bundle,ff,125,3.63,79,3,2.7,3.88862E+07,0.000202809,4,0.9,2.93315E+07,0.000130572,1.325749
ff_125c_3.63v_b3b4,bundle,ff,125,3.63,80,3,2.7,3.90051E+07,0.00020456,4,0.9,2.94539E+07,0.000131772,1.324276
ff_125c_3.63v_b3b4,bundle,ff,125,3.63,81,3,2.7,3.56485E+07,0.000197132,4,0.9,2.69543E+07,0.00012655,1.322553
ff_125c_3.63v_b3b4,bundle,ff,125,3.63,82,3,2.7,3.75341E+07,0.000204639,4,0.9,2.87284E+07,0.000132713,1.306516
ff_125c_3.63v_b3b4,bundle,ff,125,3.63,83,3,2.7,3.8086E+07,0.000205177,4,0.9,2.9133E+07,0.0001339,1.307315
ff_125c_3.63v_b3b4,bundle,ff,125,3.63,84,3,2.7,3.87209E+07,0.000204056,4,0.9,3.01101E+07,0.000133504,1.285977
ff_125c_3.63v_b3b4,bundle,ff,125,3.63,85,3,2.7,3.60901E+07,0.000199978,4,0.9,2.58677E+07,0.000127053,1.395180
ff_125c_3.63v_b3b4,bundle,ff,125,3.63,86,3,2.7,4.15116E+07,0.000212624,4,0.9,3.04569E+07,0.00013683,1.362962
ff_125c_3.63v_b3b4,bundle,ff,125,3.63,87,3,2.7,3.78689E+07,0.000205337,4,0.9,2.88841E+07,0.000133232,1.311064
ff_125c_3.63v_b3b4,bundle,ff,125,3.63,88,3,2.7,4.21077E+07,0.000213685,4,0.9,3.18345E+07,0.000140303,1.322706
ff_125c_3.63v_b3b4,bundle,ff,125,3.63,89,3,2.7,3.94369E+07,0.000210762,4,0.9,3.10175E+07,0.000140785,1.271440
ff_125c_3.63v_b3b4,bundle,ff,125,3.63,90,3,2.7,3.94535E+07,0.00020457,4,0.9,3.02772E+07,0.00013209,1.303076
ff_125c_3.63v_b3b4,bundle,ff,125,3.63,91,3,2.7,4.18919E+07,0.000214432,4,0.9,3.07428E+07,0.000137712,1.362657
ff_125c_3.63v_b3b4,bundle,ff,125,3.63,92,3,2.7,3.81077E+07,0.000205961,4,0.9,2.94069E+07,0.000136273,1.295876
ff_125c_3.63v_b3b4,bundle,ff,125,3.63,93,3,2.7,3.94836E+07,0.000205873,4,0.9,3.1012E+07,0.000137398,1.273172
ff_125c_3.63v_b3b4,bundle,ff,125,3.63,94,3,2.7,3.7586E+07,0.000202282,4,0.9,2.78993E+07,0.000130563,1.347202
ff_125c_3.63v_b3b4,bundle,ff,125,3.63,95,3,2.7,3.78666E+07,0.000203368,4,0.9,2.86906E+07,0.000130617,1.319826
ff_125c_3.63v_b3b4,bundle,ff,125,3.63,96,3,2.7,3.75447E+07,0.00020451,4,0.9,2.88745E+07,0.000132998,1.300272
ff_125c_3.63v_b3b4,bundle,ff,125,3.63,97,3,2.7,4.2833E+07,0.000210192,4,0.9,3.15862E+07,0.000135647,1.356067
ff_125c_3.63v_b3b4,bundle,ff,125,3.63,98,3,2.7,3.61968E+07,0.000201192,4,0.9,2.62274E+07,0.000128761,1.380114
ff_125c_3.63v_b3b4,bundle,ff,125,3.63,99,3,2.7,3.81252E+07,0.000205145,4,0.9,2.86234E+07,0.000133343,1.331959
ff_125c_3.63v_b3b4,bundle,ff,125,3.63,100,3,2.7,3.72582E+07,0.000202985,4,0.9,2.80184E+07,0.000130402,1.329776
ff_125c_3.63v_b3b4,bundle,ff,125,3.63,101,3,2.7,4.07024E+07,0.000207642,4,0.9,2.98335E+07,0.000136807,1.364319
ff_125c_3.63v_b3b4,bundle,ff,125,3.63,102,3,2.7,3.90307E+07,0.000204745,4,0.9,3.01751E+07,0.000134398,1.293474
ff_125c_3.63v_b3b4,bundle,ff,125,3.63,103,3,2.7,3.62239E+07,0.000201155,4,0.9,2.81648E+07,0.00013436,1.286141
ff_125c_3.63v_b3b4,bundle,ff,125,3.63,104,3,2.7,3.46515E+07,0.000197258,4,0.9,2.46512E+07,0.000123495,1.405672
ff_125c_3.63v_b3b4,bundle,ff,125,3.63,105,3,2.7,4.01842E+07,0.000211151,4,0.9,3.11747E+07,0.000140461,1.289000
ff_125c_3.63v_b3b4,bundle,ff,125,3.63,106,3,2.7,3.88584E+07,0.000205736,4,0.9,2.77166E+07,0.0001316,1.401990
ff_125c_3.63v_b3b4,bundle,ff,125,3.63,107,3,2.7,3.92382E+07,0.000207253,4,0.9,2.87009E+07,0.000132576,1.367142
ff_125c_3.63v_b3b4,bundle,ff,125,3.63,108,3,2.7,3.69422E+07,0.000204996,4,0.9,2.67805E+07,0.000131177,1.379444
ff_125c_3.63v_b3b4,bundle,ff,125,3.63,109,3,2.7,4.46241E+07,0.000215891,4,0.9,3.52425E+07,0.000145699,1.266201
ff_125c_3.63v_b3b4,bundle,ff,125,3.63,110,3,2.7,3.82837E+07,0.000207387,4,0.9,2.91937E+07,0.000135632,1.311369
ff_125c_3.63v_b3b4,bundle,ff,125,3.63,111,3,2.7,3.99418E+07,0.000209726,4,0.9,3.0708E+07,0.000137105,1.300697
ff_125c_3.63v_b3b4,bundle,ff,125,3.63,112,3,2.7,3.76458E+07,0.000206685,4,0.9,2.68933E+07,0.000130273,1.399821
ff_125c_3.63v_b3b4,bundle,ff,125,3.63,113,3,2.7,4.20676E+07,0.000210327,4,0.9,3.13556E+07,0.000136312,1.341630
ff_125c_3.63v_b3b4,bundle,ff,125,3.63,114,3,2.7,3.7839E+07,0.00020249,4,0.9,2.77175E+07,0.000128101,1.365166
ff_125c_3.63v_b3b4,bundle,ff,125,3.63,115,3,2.7,4.41419E+07,0.000218456,4,0.9,3.35346E+07,0.00014491,1.316309
ff_125c_3.63v_b3b4,bundle,ff,125,3.63,116,3,2.7,3.82519E+07,0.000203982,4,0.9,3.02215E+07,0.000134592,1.265718
ff_125c_3.63v_b3b4,bundle,ff,125,3.63,117,3,2.7,4.23068E+07,0.000211997,4,0.9,3.22752E+07,0.000140391,1.310814
ff_125c_3.63v_b3b4,bundle,ff,125,3.63,118,3,2.7,3.87756E+07,0.000202521,4,0.9,3.13117E+07,0.000135006,1.238374
ff_125c_3.63v_b3b4,bundle,ff,125,3.63,119,3,2.7,4.05915E+07,0.000208712,4,0.9,3.00442E+07,0.00013637,1.351059
ff_125c_3.63v_b3b4,bundle,ff,125,3.63,120,3,2.7,4.10949E+07,0.00021078,4,0.9,3.06333E+07,0.000137948,1.341511
ff_125c_3.63v_b3b4,bundle,ff,125,3.63,121,3,2.7,3.69546E+07,0.000198577,4,0.9,2.55774E+07,0.000122651,1.444815
ff_125c_3.63v_b3b4,bundle,ff,125,3.63,122,3,2.7,3.82776E+07,0.000207594,4,0.9,2.74205E+07,0.000132948,1.395948
ff_125c_3.63v_b3b4,bundle,ff,125,3.63,123,3,2.7,4.01864E+07,0.000209117,4,0.9,3.18805E+07,0.000139406,1.260532
ff_125c_3.63v_b3b4,bundle,ff,125,3.63,124,3,2.7,3.96462E+07,0.000209381,4,0.9,2.90357E+07,0.000132976,1.365429
ff_125c_3.63v_b3b4,bundle,ff,125,3.63,125,3,2.7,3.92961E+07,0.000208018,4,0.9,3.0013E+07,0.00013582,1.309303
ff_125c_3.63v_b3b4,bundle,ff,125,3.63,126,3,2.7,3.96154E+07,0.000212148,4,0.9,2.97059E+07,0.000143086,1.333587
ff_125c_3.63v_b3b4,bundle,ff,125,3.63,127,3,2.7,3.62713E+07,0.000201247,4,0.9,2.75697E+07,0.000130661,1.315622
ff_125c_3.63v_b3b4,bundle,ff,125,3.63,128,3,2.7,3.99168E+07,0.00020556,4,0.9,3.19194E+07,0.000134672,1.250550
ff_125c_3.63v_b3b4,bundle,ff,125,3.63,129,3,2.7,3.94053E+07,0.000208776,4,0.9,2.91705E+07,0.000133587,1.350861
ff_125c_3.63v_b3b4,bundle,ff,125,3.63,130,3,2.7,3.66349E+07,0.0002036,4,0.9,2.65826E+07,0.000129811,1.378153
ff_125c_3.63v_b3b4,bundle,ff,125,3.63,131,3,2.7,3.93473E+07,0.000209206,4,0.9,2.96436E+07,0.000136497,1.327346
ff_125c_3.63v_b3b4,bundle,ff,125,3.63,132,3,2.7,3.70686E+07,0.000199847,4,0.9,2.63536E+07,0.000125487,1.406586
ff_125c_3.63v_b3b4,bundle,ff,125,3.63,133,3,2.7,3.57178E+07,0.000198987,4,0.9,2.66666E+07,0.000129451,1.339421
ff_125c_3.63v_b3b4,bundle,ff,125,3.63,134,3,2.7,4.09373E+07,0.00020986,4,0.9,3.17183E+07,0.000138449,1.290652
ff_125c_3.63v_b3b4,bundle,ff,125,3.63,135,3,2.7,4.03456E+07,0.000206087,4,0.9,2.99458E+07,0.000131617,1.347287
ff_125c_3.63v_b3b4,bundle,ff,125,3.63,136,3,2.7,3.75899E+07,0.000204365,4,0.9,2.55511E+07,0.000125713,1.471166
ff_125c_3.63v_b3b4,bundle,ff,125,3.63,137,3,2.7,3.84817E+07,0.000206681,4,0.9,3.04383E+07,0.000138209,1.264253
ff_125c_3.63v_b3b4,bundle,ff,125,3.63,138,3,2.7,3.72437E+07,0.000196892,4,0.9,2.79242E+07,0.0001264,1.333743
ff_125c_3.63v_b3b4,bundle,ff,125,3.63,139,3,2.7,3.99848E+07,0.000213396,4,0.9,3.1221E+07,0.000142078,1.280702
ff_125c_3.63v_b3b4,bundle,ff,125,3.63,140,3,2.7,3.74082E+07,0.00020026,4,0.9,2.75564E+07,0.000129199,1.357514
ff_125c_3.63v_b3b4,bundle,ff,125,3.63,141,3,2.7,4.09836E+07,0.000212049,4,0.9,3.01783E+07,0.000135772,1.358049
ff_125c_3.63v_b3b4,bundle,ff,125,3.63,142,3,2.7,4.24594E+07,0.000213129,4,0.9,3.29762E+07,0.000140609,1.287577
ff_125c_3.63v_b3b4,bundle,ff,125,3.63,143,3,2.7,4.14602E+07,0.000212099,4,0.9,3.05628E+07,0.000137274,1.356558
ff_125c_3.63v_b3b4,bundle,ff,125,3.63,144,3,2.7,4.10965E+07,0.000208601,4,0.9,3.1787E+07,0.000136772,1.292871
ff_125c_3.63v_b3b4,bundle,ff,125,3.63,145,3,2.7,4.0347E+07,0.000210383,4,0.9,3.08211E+07,0.000138956,1.309071
ff_125c_3.63v_b3b4,bundle,ff,125,3.63,146,3,2.7,3.95522E+07,0.000205243,4,0.9,3.04099E+07,0.000133794,1.300636
ff_125c_3.63v_b3b4,bundle,ff,125,3.63,147,3,2.7,3.85091E+07,0.000206008,4,0.9,2.94986E+07,0.000134562,1.305455
ff_125c_3.63v_b3b4,bundle,ff,125,3.63,148,3,2.7,4.0016E+07,0.000209191,4,0.9,2.94184E+07,0.000134274,1.360237
ff_125c_3.63v_b3b4,bundle,ff,125,3.63,149,3,2.7,4.00782E+07,0.000209794,4,0.9,3.0589E+07,0.000136639,1.310216
ff_125c_3.63v_b3b4,bundle,ff,125,3.63,150,3,2.7,3.82622E+07,0.000203004,4,0.9,2.90623E+07,0.000131228,1.316558
ff_125c_3.63v_b3b4,bundle,ff,125,3.63,151,3,2.7,3.85294E+07,0.00020245,4,0.9,2.82987E+07,0.00012981,1.361525
ff_125c_3.63v_b3b4,bundle,ff,125,3.63,152,3,2.7,4.12644E+07,0.000216413,4,0.9,3.17932E+07,0.000143938,1.297900
ff_125c_3.63v_b3b4,bundle,ff,125,3.63,153,3,2.7,3.85877E+07,0.000205482,4,0.9,2.88946E+07,0.000135154,1.335464
ff_125c_3.63v_b3b4,bundle,ff,125,3.63,154,3,2.7,3.69149E+07,0.000202372,4,0.9,2.75143E+07,0.000129597,1.341662
ff_125c_3.63v_b3b4,bundle,ff,125,3.63,155,3,2.7,3.91982E+07,0.000205865,4,0.9,2.87213E+07,0.000129205,1.364778
ff_125c_3.63v_b3b4,bundle,ff,125,3.63,156,3,2.7,3.82998E+07,0.000204088,4,0.9,2.8966E+07,0.000130158,1.322233
ff_125c_3.63v_b3b4,bundle,ff,125,3.63,157,3,2.7,4.08319E+07,0.000208468,4,0.9,3.10408E+07,0.000135777,1.315427
ff_125c_3.63v_b3b4,bundle,ff,125,3.63,158,3,2.7,4.13137E+07,0.000209421,4,0.9,3.12628E+07,0.000136179,1.321497
ff_125c_3.63v_b3b4,bundle,ff,125,3.63,159,3,2.7,4.22839E+07,0.000217764,4,0.9,3.2647E+07,0.000142967,1.295185
ff_125c_3.63v_b3b4,bundle,ff,125,3.63,160,3,2.7,4.01992E+07,0.000210108,4,0.9,2.98258E+07,0.000134845,1.347800
ff_125c_3.63v_b3b4,bundle,ff,125,3.63,161,3,2.7,4.10309E+07,0.000210257,4,0.9,3.02084E+07,0.000134631,1.358261
ff_125c_3.63v_b3b4,bundle,ff,125,3.63,162,3,2.7,3.98296E+07,0.000207954,4,0.9,2.86302E+07,0.000130654,1.391174
ff_125c_3.63v_b3b4,bundle,ff,125,3.63,163,3,2.7,3.87252E+07,0.000202989,4,0.9,2.86803E+07,0.000129519,1.350237
ff_125c_3.63v_b3b4,bundle,ff,125,3.63,164,3,2.7,3.70281E+07,0.000200171,4,0.9,2.82275E+07,0.000131208,1.311774
ff_125c_3.63v_b3b4,bundle,ff,125,3.63,165,3,2.7,3.80672E+07,0.000203301,4,0.9,2.85523E+07,0.000130955,1.333245
ff_125c_3.63v_b3b4,bundle,ff,125,3.63,166,3,2.7,4.23756E+07,0.000212994,4,0.9,3.31967E+07,0.000141789,1.276500
ff_125c_3.63v_b3b4,bundle,ff,125,3.63,167,3,2.7,3.99106E+07,0.000207434,4,0.9,3.01858E+07,0.000133544,1.322165
ff_125c_3.63v_b3b4,bundle,ff,125,3.63,168,3,2.7,4.04065E+07,0.000212668,4,0.9,3.07943E+07,0.000140913,1.312142
ff_125c_3.63v_b3b4,bundle,ff,125,3.63,169,3,2.7,3.5936E+07,0.000200389,4,0.9,2.48412E+07,0.000124741,1.446629
ff_125c_3.63v_b3b4,bundle,ff,125,3.63,170,3,2.7,3.755E+07,0.000204158,4,0.9,2.74427E+07,0.000129274,1.368306
ff_125c_3.63v_b3b4,bundle,ff,125,3.63,171,3,2.7,4.17485E+07,0.000213046,4,0.9,3.08547E+07,0.000139026,1.353068
ff_125c_3.63v_b3b4,bundle,ff,125,3.63,172,3,2.7,3.98885E+07,0.000212063,4,0.9,2.97086E+07,0.000137752,1.342658
ff_125c_3.63v_b3b4,bundle,ff,125,3.63,173,3,2.7,3.63406E+07,0.000197712,4,0.9,2.71042E+07,0.000126904,1.340774
ff_125c_3.63v_b3b4,bundle,ff,125,3.63,174,3,2.7,3.73962E+07,0.00020172,4,0.9,2.92948E+07,0.000133382,1.276547
ff_125c_3.63v_b3b4,bundle,ff,125,3.63,175,3,2.7,4.00033E+07,0.000204725,4,0.9,2.88398E+07,0.000128984,1.387087
ff_125c_3.63v_b3b4,bundle,ff,125,3.63,176,3,2.7,3.56673E+07,0.000197998,4,0.9,2.61364E+07,0.000126832,1.364660
ff_125c_3.63v_b3b4,bundle,ff,125,3.63,177,3,2.7,3.67125E+07,0.000204098,4,0.9,2.76247E+07,0.000131964,1.328974
ff_125c_3.63v_b3b4,bundle,ff,125,3.63,178,3,2.7,3.73856E+07,0.000202423,4,0.9,2.81372E+07,0.000132261,1.328689
ff_125c_3.63v_b3b4,bundle,ff,125,3.63,179,3,2.7,3.66843E+07,0.000206401,4,0.9,2.77669E+07,0.000132412,1.321152
ff_125c_3.63v_b3b4,bundle,ff,125,3.63,180,3,2.7,4.26751E+07,0.000213005,4,0.9,3.21512E+07,0.000135959,1.327325
ff_125c_3.63v_b3b4,bundle,ff,125,3.63,181,3,2.7,3.63881E+07,0.000197778,4,0.9,2.59857E+07,0.000124938,1.400312
ff_125c_3.63v_b3b4,bundle,ff,125,3.63,182,3,2.7,3.67599E+07,0.000205159,4,0.9,2.579E+07,0.000127892,1.425355
ff_125c_3.63v_b3b4,bundle,ff,125,3.63,183,3,2.7,3.82299E+07,0.000201921,4,0.9,2.63943E+07,0.000126792,1.448415
ff_125c_3.63v_b3b4,bundle,ff,125,3.63,184,3,2.7,3.65923E+07,0.000202193,4,0.9,2.80201E+07,0.000132257,1.305930
ff_125c_3.63v_b3b4,bundle,ff,125,3.63,185,3,2.7,3.68118E+07,0.000200688,4,0.9,2.65731E+07,0.000127443,1.385303
ff_125c_3.63v_b3b4,bundle,ff,125,3.63,186,3,2.7,3.78807E+07,0.00020319,4,0.9,2.60837E+07,0.000123598,1.452275
ff_125c_3.63v_b3b4,bundle,ff,125,3.63,187,3,2.7,4.09104E+07,0.000209151,4,0.9,3.2067E+07,0.00013692,1.275779
ff_125c_3.63v_b3b4,bundle,ff,125,3.63,188,3,2.7,3.72658E+07,0.000199312,4,0.9,2.87609E+07,0.000130596,1.295710
ff_125c_3.63v_b3b4,bundle,ff,125,3.63,189,3,2.7,3.52323E+07,0.000194533,4,0.9,2.4941E+07,0.000122322,1.412626
ff_125c_3.63v_b3b4,bundle,ff,125,3.63,190,3,2.7,3.71063E+07,0.000198616,4,0.9,2.70994E+07,0.000125467,1.369266
ff_125c_3.63v_b3b4,bundle,ff,125,3.63,191,3,2.7,4.34915E+07,0.000220395,4,0.9,3.19426E+07,0.000141756,1.361552
ff_125c_3.63v_b3b4,bundle,ff,125,3.63,192,3,2.7,3.3617E+07,0.000195743,4,0.9,2.4498E+07,0.000124855,1.372234
ff_125c_3.63v_b3b4,bundle,ff,125,3.63,193,3,2.7,4.07612E+07,0.000210548,4,0.9,3.22353E+07,0.000139369,1.264490
ff_125c_3.63v_b3b4,bundle,ff,125,3.63,194,3,2.7,3.76517E+07,0.000205317,4,0.9,2.83381E+07,0.00013071,1.328660
ff_125c_3.63v_b3b4,bundle,ff,125,3.63,195,3,2.7,3.87545E+07,0.000205303,4,0.9,2.8521E+07,0.000129747,1.358806
ff_125c_3.63v_b3b4,bundle,ff,125,3.63,196,3,2.7,3.9166E+07,0.000205878,4,0.9,2.95543E+07,0.000132431,1.325222
ff_125c_3.63v_b3b4,bundle,ff,125,3.63,197,3,2.7,3.8186E+07,0.000207371,4,0.9,3.02184E+07,0.000136497,1.263667
ff_125c_3.63v_b3b4,bundle,ff,125,3.63,198,3,2.7,3.8887E+07,0.00020316,4,0.9,2.74591E+07,0.000128689,1.416179
ff_125c_3.63v_b3b4,bundle,ff,125,3.63,199,3,2.7,3.93687E+07,0.00020661,4,0.9,3.01164E+07,0.000133023,1.307218
ff_125c_3.63v_b3b4,bundle,ff,125,3.63,200,3,2.7,4.11213E+07,0.000206203,4,0.9,3.00572E+07,0.000131925,1.368101
fs_125c_3.63v_b3b4,bundle,fs,125,3.63,1,3,2.7,4.25839E+07,0.000193424,4,0.9,3.22574E+07,0.000123405,1.320128
fs_125c_3.63v_b3b4,bundle,fs,125,3.63,2,3,2.7,3.86719E+07,0.000189109,4,0.9,2.65687E+07,0.000113823,1.455544
fs_125c_3.63v_b3b4,bundle,fs,125,3.63,3,3,2.7,3.7824E+07,0.000186428,4,0.9,2.77948E+07,0.000116116,1.360830
fs_125c_3.63v_b3b4,bundle,fs,125,3.63,4,3,2.7,3.93779E+07,0.000186281,4,0.9,3.0253E+07,0.000118219,1.301620
fs_125c_3.63v_b3b4,bundle,fs,125,3.63,5,3,2.7,4.14362E+07,0.000195645,4,0.9,3.10811E+07,0.000124771,1.333164
fs_125c_3.63v_b3b4,bundle,fs,125,3.63,6,3,2.7,4.21898E+07,0.000197721,4,0.9,3.1861E+07,0.000125003,1.324183
fs_125c_3.63v_b3b4,bundle,fs,125,3.63,7,3,2.7,4.20007E+07,0.000200118,4,0.9,3.21941E+07,0.000127335,1.304609
fs_125c_3.63v_b3b4,bundle,fs,125,3.63,8,3,2.7,4.2634E+07,0.000196348,4,0.9,3.09114E+07,0.000121188,1.379232
fs_125c_3.63v_b3b4,bundle,fs,125,3.63,9,3,2.7,4.02187E+07,0.000193034,4,0.9,3.06238E+07,0.000123732,1.313315
fs_125c_3.63v_b3b4,bundle,fs,125,3.63,10,3,2.7,4.21494E+07,0.000195332,4,0.9,3.11134E+07,0.00012175,1.354702
fs_125c_3.63v_b3b4,bundle,fs,125,3.63,11,3,2.7,3.7743E+07,0.000187815,4,0.9,2.90965E+07,0.000120242,1.297166
fs_125c_3.63v_b3b4,bundle,fs,125,3.63,12,3,2.7,3.62474E+07,0.000184165,4,0.9,2.55461E+07,0.00011294,1.418902
fs_125c_3.63v_b3b4,bundle,fs,125,3.63,13,3,2.7,3.96419E+07,0.000190866,4,0.9,3.12808E+07,0.000123043,1.267292
fs_125c_3.63v_b3b4,bundle,fs,125,3.63,14,3,2.7,4.48812E+07,0.000198117,4,0.9,3.34409E+07,0.000124082,1.342105
fs_125c_3.63v_b3b4,bundle,fs,125,3.63,15,3,2.7,4.21325E+07,0.000194898,4,0.9,3.04802E+07,0.000120489,1.382291
fs_125c_3.63v_b3b4,bundle,fs,125,3.63,16,3,2.7,3.91584E+07,0.000191524,4,0.9,3.00259E+07,0.000121088,1.304154
fs_125c_3.63v_b3b4,bundle,fs,125,3.63,17,3,2.7,4.00456E+07,0.000187349,4,0.9,2.84555E+07,0.000115145,1.407306
fs_125c_3.63v_b3b4,bundle,fs,125,3.63,18,3,2.7,3.97898E+07,0.000191711,4,0.9,2.92632E+07,0.000120538,1.359721
fs_125c_3.63v_b3b4,bundle,fs,125,3.63,19,3,2.7,3.79303E+07,0.000190037,4,0.9,2.84972E+07,0.000119651,1.331018
fs_125c_3.63v_b3b4,bundle,fs,125,3.63,20,3,2.7,4.13833E+07,0.000196189,4,0.9,2.96688E+07,0.000120883,1.394842
fs_125c_3.63v_b3b4,bundle,fs,125,3.63,21,3,2.7,4.20958E+07,0.000196776,4,0.9,3.2097E+07,0.0001242,1.311518
fs_125c_3.63v_b3b4,bundle,fs,125,3.63,22,3,2.7,4.07937E+07,0.00019256,4,0.9,2.95062E+07,0.000121246,1.382547
fs_125c_3.63v_b3b4,bundle,fs,125,3.63,23,3,2.7,3.79992E+07,0.000188924,4,0.9,2.76906E+07,0.000118547,1.372278
fs_125c_3.63v_b3b4,bundle,fs,125,3.63,24,3,2.7,3.83057E+07,0.000186849,4,0.9,2.96552E+07,0.000119414,1.291703
fs_125c_3.63v_b3b4,bundle,fs,125,3.63,25,3,2.7,3.97433E+07,0.000193434,4,0.9,2.97269E+07,0.000121959,1.336947
fs_125c_3.63v_b3b4,bundle,fs,125,3.63,26,3,2.7,4.14537E+07,0.000196085,4,0.9,3.20824E+07,0.000125698,1.292101
fs_125c_3.63v_b3b4,bundle,fs,125,3.63,27,3,2.7,3.78043E+07,0.00018593,4,0.9,2.7736E+07,0.000115432,1.363005
fs_125c_3.63v_b3b4,bundle,fs,125,3.63,28,3,2.7,3.81102E+07,0.000192221,4,0.9,2.81897E+07,0.000121166,1.351919
fs_125c_3.63v_b3b4,bundle,fs,125,3.63,29,3,2.7,4.10044E+07,0.000190876,4,0.9,3.10122E+07,0.000121281,1.322202
fs_125c_3.63v_b3b4,bundle,fs,125,3.63,30,3,2.7,4.23213E+07,0.00019321,4,0.9,3.18997E+07,0.000122163,1.326699
fs_125c_3.63v_b3b4,bundle,fs,125,3.63,31,3,2.7,4.20742E+07,0.000195396,4,0.9,3.11319E+07,0.000122862,1.351482
fs_125c_3.63v_b3b4,bundle,fs,125,3.63,32,3,2.7,3.80559E+07,0.000188501,4,0.9,2.73969E+07,0.000117666,1.389059
fs_125c_3.63v_b3b4,bundle,fs,125,3.63,33,3,2.7,4.15112E+07,0.000194966,4,0.9,3.16991E+07,0.000123328,1.309539
fs_125c_3.63v_b3b4,bundle,fs,125,3.63,34,3,2.7,3.94403E+07,0.000191612,4,0.9,2.80411E+07,0.000118235,1.406518
fs_125c_3.63v_b3b4,bundle,fs,125,3.63,35,3,2.7,4.22551E+07,0.000196554,4,0.9,3.15713E+07,0.000126076,1.338402
fs_125c_3.63v_b3b4,bundle,fs,125,3.63,36,3,2.7,4.25399E+07,0.000192701,4,0.9,3.2715E+07,0.000123852,1.300318
fs_125c_3.63v_b3b4,bundle,fs,125,3.63,37,3,2.7,3.97423E+07,0.000192622,4,0.9,3.04882E+07,0.000123132,1.303531
fs_125c_3.63v_b3b4,bundle,fs,125,3.63,38,3,2.7,3.83261E+07,0.00018945,4,0.9,2.80702E+07,0.00011935,1.365366
fs_125c_3.63v_b3b4,bundle,fs,125,3.63,39,3,2.7,4.13902E+07,0.000193984,4,0.9,3.1044E+07,0.000122881,1.333275
fs_125c_3.63v_b3b4,bundle,fs,125,3.63,40,3,2.7,4.31049E+07,0.000200668,4,0.9,3.21715E+07,0.000128539,1.339847
fs_125c_3.63v_b3b4,bundle,fs,125,3.63,41,3,2.7,4.10733E+07,0.000189397,4,0.9,2.94804E+07,0.000117255,1.393241
fs_125c_3.63v_b3b4,bundle,fs,125,3.63,42,3,2.7,4.37348E+07,0.000200171,4,0.9,3.40456E+07,0.000128319,1.284595
fs_125c_3.63v_b3b4,bundle,fs,125,3.63,43,3,2.7,4.30126E+07,0.000198784,4,0.9,3.37605E+07,0.000130607,1.274051
fs_125c_3.63v_b3b4,bundle,fs,125,3.63,44,3,2.7,4.24038E+07,0.000196333,4,0.9,3.21509E+07,0.000125344,1.318899
fs_125c_3.63v_b3b4,bundle,fs,125,3.63,45,3,2.7,4.02807E+07,0.00019553,4,0.9,3.15742E+07,0.000127611,1.275747
fs_125c_3.63v_b3b4,bundle,fs,125,3.63,46,3,2.7,4.22017E+07,0.000195826,4,0.9,3.2306E+07,0.000124067,1.306312
fs_125c_3.63v_b3b4,bundle,fs,125,3.63,47,3,2.7,4.30414E+07,0.000199321,4,0.9,3.11233E+07,0.000124858,1.382932
fs_125c_3.63v_b3b4,bundle,fs,125,3.63,48,3,2.7,4.12859E+07,0.000196821,4,0.9,3.13318E+07,0.000127085,1.317700
fs_125c_3.63v_b3b4,bundle,fs,125,3.63,49,3,2.7,4.15324E+07,0.000193832,4,0.9,3.09765E+07,0.000122214,1.340771
fs_125c_3.63v_b3b4,bundle,fs,125,3.63,50,3,2.7,4.33966E+07,0.000200094,4,0.9,3.23603E+07,0.000126587,1.341044
fs_125c_3.63v_b3b4,bundle,fs,125,3.63,51,3,2.7,4.21997E+07,0.000193628,4,0.9,3.1139E+07,0.000120874,1.355204
fs_125c_3.63v_b3b4,bundle,fs,125,3.63,52,3,2.7,3.66024E+07,0.000185613,4,0.9,2.62358E+07,0.000113903,1.395132
fs_125c_3.63v_b3b4,bundle,fs,125,3.63,53,3,2.7,4.42275E+07,0.000201528,4,0.9,3.33516E+07,0.000129328,1.326098
fs_125c_3.63v_b3b4,bundle,fs,125,3.63,54,3,2.7,4.34936E+07,0.000200348,4,0.9,3.34153E+07,0.00012817,1.301607
fs_125c_3.63v_b3b4,bundle,fs,125,3.63,55,3,2.7,4.05699E+07,0.00019431,4,0.9,2.93335E+07,0.000120194,1.383057
fs_125c_3.63v_b3b4,bundle,fs,125,3.63,56,3,2.7,4.38379E+07,0.000195521,4,0.9,3.28071E+07,0.000124608,1.336232
fs_125c_3.63v_b3b4,bundle,fs,125,3.63,57,3,2.7,4.08687E+07,0.000193938,4,0.9,3.01408E+07,0.000121759,1.355926
fs_125c_3.63v_b3b4,bundle,fs,125,3.63,58,3,2.7,4.05818E+07,0.000192246,4,0.9,3.03834E+07,0.000120897,1.335657
fs_125c_3.63v_b3b4,bundle,fs,125,3.63,59,3,2.7,3.7969E+07,0.00018452,4,0.9,2.84481E+07,0.000115503,1.334676
fs_125c_3.63v_b3b4,bundle,fs,125,3.63,60,3,2.7,4.12149E+07,0.000191093,4,0.9,3.12743E+07,0.000121702,1.317852
fs_125c_3.63v_b3b4,bundle,fs,125,3.63,61,3,2.7,3.78657E+07,0.000187754,4,0.9,2.78917E+07,0.000117661,1.357597
fs_125c_3.63v_b3b4,bundle,fs,125,3.63,62,3,2.7,4.11217E+07,0.000195971,4,0.9,3.20236E+07,0.000126586,1.284106
fs_125c_3.63v_b3b4,bundle,fs,125,3.63,63,3,2.7,4.30539E+07,0.00019864,4,0.9,3.23045E+07,0.000127261,1.332752
fs_125c_3.63v_b3b4,bundle,fs,125,3.63,64,3,2.7,3.72141E+07,0.000182567,4,0.9,2.52621E+07,0.000107772,1.473120
fs_125c_3.63v_b3b4,bundle,fs,125,3.63,65,3,2.7,3.90026E+07,0.000187614,4,0.9,2.84785E+07,0.000115343,1.369545
fs_125c_3.63v_b3b4,bundle,fs,125,3.63,66,3,2.7,3.6632E+07,0.000184435,4,0.9,2.50796E+07,0.000111395,1.460629
fs_125c_3.63v_b3b4,bundle,fs,125,3.63,67,3,2.7,4.21491E+07,0.00019763,4,0.9,2.9947E+07,0.000122798,1.407457
fs_125c_3.63v_b3b4,bundle,fs,125,3.63,68,3,2.7,4.18854E+07,0.000195649,4,0.9,3.22546E+07,0.000124183,1.298587
fs_125c_3.63v_b3b4,bundle,fs,125,3.63,69,3,2.7,3.95374E+07,0.000192961,4,0.9,2.86437E+07,0.000120402,1.380317
fs_125c_3.63v_b3b4,bundle,fs,125,3.63,70,3,2.7,3.56259E+07,0.00018653,4,0.9,2.78681E+07,0.000122053,1.278376
fs_125c_3.63v_b3b4,bundle,fs,125,3.63,71,3,2.7,4.01176E+07,0.000188578,4,0.9,2.86393E+07,0.000116196,1.400788
fs_125c_3.63v_b3b4,bundle,fs,125,3.63,72,3,2.7,4.31871E+07,0.000195083,4,0.9,3.06716E+07,0.000120628,1.408048
fs_125c_3.63v_b3b4,bundle,fs,125,3.63,73,3,2.7,4.24361E+07,0.000192257,4,0.9,3.16658E+07,0.000120808,1.340124
fs_125c_3.63v_b3b4,bundle,fs,125,3.63,74,3,2.7,4.71054E+07,0.000209679,4,0.9,3.81722E+07,0.000139835,1.234024
fs_125c_3.63v_b3b4,bundle,fs,125,3.63,75,3,2.7,4.47808E+07,0.000199999,4,0.9,3.31649E+07,0.000126543,1.350247
fs_125c_3.63v_b3b4,bundle,fs,125,3.63,76,3,2.7,4.09049E+07,0.000193949,4,0.9,2.92652E+07,0.000120882,1.397732
fs_125c_3.63v_b3b4,bundle,fs,125,3.63,77,3,2.7,4.39014E+07,0.000200166,4,0.9,3.47545E+07,0.000132254,1.263186
fs_125c_3.63v_b3b4,bundle,fs,125,3.63,78,3,2.7,3.97855E+07,0.000191298,4,0.9,3.02249E+07,0.000120498,1.316315
fs_125c_3.63v_b3b4,bundle,fs,125,3.63,79,3,2.7,4.09235E+07,0.000190928,4,0.9,3.07468E+07,0.000121958,1.330984
fs_125c_3.63v_b3b4,bundle,fs,125,3.63,80,3,2.7,4.09686E+07,0.000193014,4,0.9,3.08239E+07,0.000121661,1.329118
fs_125c_3.63v_b3b4,bundle,fs,125,3.63,81,3,2.7,3.74938E+07,0.000185455,4,0.9,2.82162E+07,0.00011626,1.328804
fs_125c_3.63v_b3b4,bundle,fs,125,3.63,82,3,2.7,3.93788E+07,0.000191093,4,0.9,3.00334E+07,0.000121782,1.311167
fs_125c_3.63v_b3b4,bundle,fs,125,3.63,83,3,2.7,3.98941E+07,0.000191611,4,0.9,3.04082E+07,0.000123104,1.311952
fs_125c_3.63v_b3b4,bundle,fs,125,3.63,84,3,2.7,4.06318E+07,0.000191786,4,0.9,3.14507E+07,0.000124038,1.291920
fs_125c_3.63v_b3b4,bundle,fs,125,3.63,85,3,2.7,3.78865E+07,0.000188076,4,0.9,2.70639E+07,0.000116115,1.399891
fs_125c_3.63v_b3b4,bundle,fs,125,3.63,86,3,2.7,4.34267E+07,0.000196671,4,0.9,3.17877E+07,0.000123264,1.366148
fs_125c_3.63v_b3b4,bundle,fs,125,3.63,87,3,2.7,3.97511E+07,0.000192922,4,0.9,3.01614E+07,0.000121788,1.317946
fs_125c_3.63v_b3b4,bundle,fs,125,3.63,88,3,2.7,4.41204E+07,0.000201074,4,0.9,3.32646E+07,0.000128983,1.326347
fs_125c_3.63v_b3b4,bundle,fs,125,3.63,89,3,2.7,4.12235E+07,0.000197086,4,0.9,3.22608E+07,0.00012769,1.277820
fs_125c_3.63v_b3b4,bundle,fs,125,3.63,90,3,2.7,4.142E+07,0.000191771,4,0.9,3.16696E+07,0.000121762,1.307879
fs_125c_3.63v_b3b4,bundle,fs,125,3.63,91,3,2.7,4.38302E+07,0.000199608,4,0.9,3.20212E+07,0.0001253,1.368787
fs_125c_3.63v_b3b4,bundle,fs,125,3.63,92,3,2.7,3.98723E+07,0.000194002,4,0.9,3.06944E+07,0.000126061,1.299009
fs_125c_3.63v_b3b4,bundle,fs,125,3.63,93,3,2.7,4.14231E+07,0.000192688,4,0.9,3.23473E+07,0.000124976,1.280574
fs_125c_3.63v_b3b4,bundle,fs,125,3.63,94,3,2.7,3.95783E+07,0.000190113,4,0.9,2.92592E+07,0.000119157,1.352679
fs_125c_3.63v_b3b4,bundle,fs,125,3.63,95,3,2.7,3.96595E+07,0.000189563,4,0.9,2.99075E+07,0.000119405,1.326072
fs_125c_3.63v_b3b4,bundle,fs,125,3.63,96,3,2.7,3.94258E+07,0.000192912,4,0.9,3.02231E+07,0.000122731,1.304492
fs_125c_3.63v_b3b4,bundle,fs,125,3.63,97,3,2.7,4.48014E+07,0.000197521,4,0.9,3.28928E+07,0.000124004,1.362043
fs_125c_3.63v_b3b4,bundle,fs,125,3.63,98,3,2.7,3.80292E+07,0.000187235,4,0.9,2.73816E+07,0.000117324,1.388860
fs_125c_3.63v_b3b4,bundle,fs,125,3.63,99,3,2.7,4.00678E+07,0.000192029,4,0.9,2.99556E+07,0.000121494,1.337573
fs_125c_3.63v_b3b4,bundle,fs,125,3.63,100,3,2.7,3.90436E+07,0.000188923,4,0.9,2.91971E+07,0.000118511,1.337242
fs_125c_3.63v_b3b4,bundle,fs,125,3.63,101,3,2.7,4.26528E+07,0.000196967,4,0.9,3.1205E+07,0.000123975,1.366858
fs_125c_3.63v_b3b4,bundle,fs,125,3.63,102,3,2.7,4.10258E+07,0.000193627,4,0.9,3.15597E+07,0.000123762,1.299943
fs_125c_3.63v_b3b4,bundle,fs,125,3.63,103,3,2.7,3.81782E+07,0.000189769,4,0.9,2.9579E+07,0.000122037,1.290720
fs_125c_3.63v_b3b4,bundle,fs,125,3.63,104,3,2.7,3.64303E+07,0.00018494,4,0.9,2.57426E+07,0.000113524,1.415176
fs_125c_3.63v_b3b4,bundle,fs,125,3.63,105,3,2.7,4.22436E+07,0.000198759,4,0.9,3.25714E+07,0.000128977,1.296954
fs_125c_3.63v_b3b4,bundle,fs,125,3.63,106,3,2.7,4.08271E+07,0.000194094,4,0.9,2.90316E+07,0.000119613,1.406299
fs_125c_3.63v_b3b4,bundle,fs,125,3.63,107,3,2.7,4.11949E+07,0.000193975,4,0.9,3.00214E+07,0.000123006,1.372185
fs_125c_3.63v_b3b4,bundle,fs,125,3.63,108,3,2.7,3.86029E+07,0.000191319,4,0.9,2.78849E+07,0.000119765,1.384366
fs_125c_3.63v_b3b4,bundle,fs,125,3.63,109,3,2.7,4.66142E+07,0.000203765,4,0.9,3.66485E+07,0.000132961,1.271927
fs_125c_3.63v_b3b4,bundle,fs,125,3.63,110,3,2.7,4.04064E+07,0.000195695,4,0.9,3.06822E+07,0.000124545,1.316933
fs_125c_3.63v_b3b4,bundle,fs,125,3.63,111,3,2.7,4.19723E+07,0.000197956,4,0.9,3.21674E+07,0.000127087,1.304809
fs_125c_3.63v_b3b4,bundle,fs,125,3.63,112,3,2.7,3.96834E+07,0.000192927,4,0.9,2.8155E+07,0.000118854,1.409462
fs_125c_3.63v_b3b4,bundle,fs,125,3.63,113,3,2.7,4.41652E+07,0.000197147,4,0.9,3.28002E+07,0.000126842,1.346492
fs_125c_3.63v_b3b4,bundle,fs,125,3.63,114,3,2.7,3.98256E+07,0.000190594,4,0.9,2.89839E+07,0.000117677,1.374059
fs_125c_3.63v_b3b4,bundle,fs,125,3.63,115,3,2.7,4.62461E+07,0.000204677,4,0.9,3.49383E+07,0.00013246,1.323651
fs_125c_3.63v_b3b4,bundle,fs,125,3.63,116,3,2.7,4.00916E+07,0.000190608,4,0.9,3.13476E+07,0.000123129,1.278937
fs_125c_3.63v_b3b4,bundle,fs,125,3.63,117,3,2.7,4.42057E+07,0.00020004,4,0.9,3.35659E+07,0.000127324,1.316982
fs_125c_3.63v_b3b4,bundle,fs,125,3.63,118,3,2.7,4.05745E+07,0.000189951,4,0.9,3.25982E+07,0.000124103,1.244685
fs_125c_3.63v_b3b4,bundle,fs,125,3.63,119,3,2.7,4.25268E+07,0.00019553,4,0.9,3.13322E+07,0.00012369,1.357287
fs_125c_3.63v_b3b4,bundle,fs,125,3.63,120,3,2.7,4.29096E+07,0.000196458,4,0.9,3.18437E+07,0.000124621,1.347507
fs_125c_3.63v_b3b4,bundle,fs,125,3.63,121,3,2.7,3.87166E+07,0.000186054,4,0.9,2.66862E+07,0.000110836,1.450810
fs_125c_3.63v_b3b4,bundle,fs,125,3.63,122,3,2.7,4.00514E+07,0.000194201,4,0.9,2.86609E+07,0.000121442,1.397423
fs_125c_3.63v_b3b4,bundle,fs,125,3.63,123,3,2.7,4.20842E+07,0.000195391,4,0.9,3.3227E+07,0.000126866,1.266566
fs_125c_3.63v_b3b4,bundle,fs,125,3.63,124,3,2.7,4.16538E+07,0.000196241,4,0.9,3.03012E+07,0.000122649,1.374658
fs_125c_3.63v_b3b4,bundle,fs,125,3.63,125,3,2.7,4.10597E+07,0.000193873,4,0.9,3.11949E+07,0.000124703,1.316231
fs_125c_3.63v_b3b4,bundle,fs,125,3.63,126,3,2.7,4.15951E+07,0.000200344,4,0.9,3.10774E+07,0.000127365,1.338436
fs_125c_3.63v_b3b4,bundle,fs,125,3.63,127,3,2.7,3.81073E+07,0.000189405,4,0.9,2.88151E+07,0.00012008,1.322477
fs_125c_3.63v_b3b4,bundle,fs,125,3.63,128,3,2.7,4.1976E+07,0.000192666,4,0.9,3.33418E+07,0.000123992,1.258960
fs_125c_3.63v_b3b4,bundle,fs,125,3.63,129,3,2.7,4.13897E+07,0.000194456,4,0.9,3.05255E+07,0.000122983,1.355906
fs_125c_3.63v_b3b4,bundle,fs,125,3.63,130,3,2.7,3.86011E+07,0.000193567,4,0.9,2.79108E+07,0.000119286,1.383017
fs_125c_3.63v_b3b4,bundle,fs,125,3.63,131,3,2.7,4.13506E+07,0.0001956,4,0.9,3.09909E+07,0.000125024,1.334282
fs_125c_3.63v_b3b4,bundle,fs,125,3.63,132,3,2.7,3.89599E+07,0.000188071,4,0.9,2.75795E+07,0.000114707,1.412640
fs_125c_3.63v_b3b4,bundle,fs,125,3.63,133,3,2.7,3.7552E+07,0.000186059,4,0.9,2.79213E+07,0.000117611,1.344923
fs_125c_3.63v_b3b4,bundle,fs,125,3.63,134,3,2.7,4.28439E+07,0.000198175,4,0.9,3.30329E+07,0.000127706,1.297007
fs_125c_3.63v_b3b4,bundle,fs,125,3.63,135,3,2.7,4.22449E+07,0.00019393,4,0.9,3.1172E+07,0.000120093,1.355219
fs_125c_3.63v_b3b4,bundle,fs,125,3.63,136,3,2.7,3.94494E+07,0.000192653,4,0.9,2.67166E+07,0.000114871,1.476588
fs_125c_3.63v_b3b4,bundle,fs,125,3.63,137,3,2.7,4.04291E+07,0.000193687,4,0.9,3.18442E+07,0.000126142,1.269591
fs_125c_3.63v_b3b4,bundle,fs,125,3.63,138,3,2.7,3.89399E+07,0.000184423,4,0.9,2.91019E+07,0.000115735,1.338054
fs_125c_3.63v_b3b4,bundle,fs,125,3.63,139,3,2.7,4.17544E+07,0.000198247,4,0.9,3.25231E+07,0.000129224,1.283838
fs_125c_3.63v_b3b4,bundle,fs,125,3.63,140,3,2.7,3.9282E+07,0.000188267,4,0.9,2.87937E+07,0.000118124,1.364257
fs_125c_3.63v_b3b4,bundle,fs,125,3.63,141,3,2.7,4.30092E+07,0.000198417,4,0.9,3.15478E+07,0.000125144,1.363303
fs_125c_3.63v_b3b4,bundle,fs,125,3.63,142,3,2.7,4.44182E+07,0.000199762,4,0.9,3.44327E+07,0.000131117,1.290000
fs_125c_3.63v_b3b4,bundle,fs,125,3.63,143,3,2.7,4.34269E+07,0.000197841,4,0.9,3.18602E+07,0.000124906,1.363045
fs_125c_3.63v_b3b4,bundle,fs,125,3.63,144,3,2.7,4.31638E+07,0.000196239,4,0.9,3.33109E+07,0.000124254,1.295786
fs_125c_3.63v_b3b4,bundle,fs,125,3.63,145,3,2.7,4.22853E+07,0.000198043,4,0.9,3.21615E+07,0.00012738,1.314780
fs_125c_3.63v_b3b4,bundle,fs,125,3.63,146,3,2.7,4.15172E+07,0.000193643,4,0.9,3.17847E+07,0.000123546,1.306201
fs_125c_3.63v_b3b4,bundle,fs,125,3.63,147,3,2.7,4.03955E+07,0.000193197,4,0.9,3.08213E+07,0.000123165,1.310636
fs_125c_3.63v_b3b4,bundle,fs,125,3.63,148,3,2.7,4.17996E+07,0.000194936,4,0.9,3.06074E+07,0.000122121,1.365670
fs_125c_3.63v_b3b4,bundle,fs,125,3.63,149,3,2.7,4.20892E+07,0.000196431,4,0.9,3.19408E+07,0.000125709,1.317725
fs_125c_3.63v_b3b4,bundle,fs,125,3.63,150,3,2.7,4.00343E+07,0.000189573,4,0.9,3.02205E+07,0.000119209,1.324740
fs_125c_3.63v_b3b4,bundle,fs,125,3.63,151,3,2.7,4.03589E+07,0.000190196,4,0.9,2.95414E+07,0.000117984,1.366181
fs_125c_3.63v_b3b4,bundle,fs,125,3.63,152,3,2.7,4.32005E+07,0.000201023,4,0.9,3.31227E+07,0.000131262,1.304257
fs_125c_3.63v_b3b4,bundle,fs,125,3.63,153,3,2.7,4.05181E+07,0.000193954,4,0.9,3.02345E+07,0.000121551,1.340128
fs_125c_3.63v_b3b4,bundle,fs,125,3.63,154,3,2.7,3.88146E+07,0.000189518,4,0.9,2.87436E+07,0.000119048,1.350374
fs_125c_3.63v_b3b4,bundle,fs,125,3.63,155,3,2.7,4.11794E+07,0.000191907,4,0.9,3.00302E+07,0.00011874,1.371266
fs_125c_3.63v_b3b4,bundle,fs,125,3.63,156,3,2.7,4.02206E+07,0.000191765,4,0.9,3.02362E+07,0.000120791,1.330213
fs_125c_3.63v_b3b4,bundle,fs,125,3.63,157,3,2.7,4.29488E+07,0.000195899,4,0.9,3.24948E+07,0.000123996,1.321713
fs_125c_3.63v_b3b4,bundle,fs,125,3.63,158,3,2.7,4.3254E+07,0.000196616,4,0.9,3.25928E+07,0.000125049,1.327103
fs_125c_3.63v_b3b4,bundle,fs,125,3.63,159,3,2.7,4.44637E+07,0.000203459,4,0.9,3.41835E+07,0.000131008,1.300736
fs_125c_3.63v_b3b4,bundle,fs,125,3.63,160,3,2.7,4.2351E+07,0.000197641,4,0.9,3.12085E+07,0.000126035,1.357034
fs_125c_3.63v_b3b4,bundle,fs,125,3.63,161,3,2.7,4.30476E+07,0.000196875,4,0.9,3.15215E+07,0.000122551,1.365658
fs_125c_3.63v_b3b4,bundle,fs,125,3.63,162,3,2.7,4.17745E+07,0.000195278,4,0.9,2.99116E+07,0.00012036,1.396599
fs_125c_3.63v_b3b4,bundle,fs,125,3.63,163,3,2.7,4.05569E+07,0.00018955,4,0.9,2.98904E+07,0.000117459,1.356854
fs_125c_3.63v_b3b4,bundle,fs,125,3.63,164,3,2.7,3.89259E+07,0.000187794,4,0.9,2.95021E+07,0.000119199,1.319428
fs_125c_3.63v_b3b4,bundle,fs,125,3.63,165,3,2.7,3.98535E+07,0.000190814,4,0.9,2.97643E+07,0.000120316,1.338970
fs_125c_3.63v_b3b4,bundle,fs,125,3.63,166,3,2.7,4.45179E+07,0.000199342,4,0.9,3.47222E+07,0.000127624,1.282116
fs_125c_3.63v_b3b4,bundle,fs,125,3.63,167,3,2.7,4.19454E+07,0.000194613,4,0.9,3.1591E+07,0.000122058,1.327764
fs_125c_3.63v_b3b4,bundle,fs,125,3.63,168,3,2.7,4.23667E+07,0.000199365,4,0.9,3.20897E+07,0.000126848,1.320259
fs_125c_3.63v_b3b4,bundle,fs,125,3.63,169,3,2.7,3.78454E+07,0.000188224,4,0.9,2.60119E+07,0.000113851,1.454926
fs_125c_3.63v_b3b4,bundle,fs,125,3.63,170,3,2.7,3.94952E+07,0.000191875,4,0.9,2.87496E+07,0.000119022,1.373765
fs_125c_3.63v_b3b4,bundle,fs,125,3.63,171,3,2.7,4.37336E+07,0.000200449,4,0.9,3.22272E+07,0.000125967,1.357040
fs_125c_3.63v_b3b4,bundle,fs,125,3.63,172,3,2.7,4.18118E+07,0.000199554,4,0.9,3.10275E+07,0.000126219,1.347572
fs_125c_3.63v_b3b4,bundle,fs,125,3.63,173,3,2.7,3.81457E+07,0.000184886,4,0.9,2.82987E+07,0.000116183,1.347967
fs_125c_3.63v_b3b4,bundle,fs,125,3.63,174,3,2.7,3.94781E+07,0.000191506,4,0.9,3.07193E+07,0.000122453,1.285124
fs_125c_3.63v_b3b4,bundle,fs,125,3.63,175,3,2.7,4.18209E+07,0.000190904,4,0.9,3.00197E+07,0.000118014,1.393115
fs_125c_3.63v_b3b4,bundle,fs,125,3.63,176,3,2.7,3.74687E+07,0.000186274,4,0.9,2.7386E+07,0.000116414,1.368170
fs_125c_3.63v_b3b4,bundle,fs,125,3.63,177,3,2.7,3.84469E+07,0.000191027,4,0.9,2.88992E+07,0.000120922,1.330379
fs_125c_3.63v_b3b4,bundle,fs,125,3.63,178,3,2.7,3.93345E+07,0.000190275,4,0.9,2.9457E+07,0.000122202,1.335319
fs_125c_3.63v_b3b4,bundle,fs,125,3.63,179,3,2.7,3.85659E+07,0.000193828,4,0.9,2.90404E+07,0.000122334,1.328009
fs_125c_3.63v_b3b4,bundle,fs,125,3.63,180,3,2.7,4.45766E+07,0.000199139,4,0.9,3.34982E+07,0.000126384,1.330716
fs_125c_3.63v_b3b4,bundle,fs,125,3.63,181,3,2.7,3.8317E+07,0.00018612,4,0.9,2.7196E+07,0.000114557,1.408920
fs_125c_3.63v_b3b4,bundle,fs,125,3.63,182,3,2.7,3.84798E+07,0.000192726,4,0.9,2.68968E+07,0.000116385,1.430646
fs_125c_3.63v_b3b4,bundle,fs,125,3.63,183,3,2.7,3.99611E+07,0.000189484,4,0.9,2.75099E+07,0.000115265,1.452608
fs_125c_3.63v_b3b4,bundle,fs,125,3.63,184,3,2.7,3.84211E+07,0.000189317,4,0.9,2.92716E+07,0.00012117,1.312573
fs_125c_3.63v_b3b4,bundle,fs,125,3.63,185,3,2.7,3.85294E+07,0.000189308,4,0.9,2.77072E+07,0.000116797,1.390592
fs_125c_3.63v_b3b4,bundle,fs,125,3.63,186,3,2.7,3.96584E+07,0.00018869,4,0.9,2.72457E+07,0.000113674,1.455584
fs_125c_3.63v_b3b4,bundle,fs,125,3.63,187,3,2.7,4.28514E+07,0.000194518,4,0.9,3.34121E+07,0.000123416,1.282511
fs_125c_3.63v_b3b4,bundle,fs,125,3.63,188,3,2.7,3.91314E+07,0.000188057,4,0.9,3.01356E+07,0.000119817,1.298511
fs_125c_3.63v_b3b4,bundle,fs,125,3.63,189,3,2.7,3.69627E+07,0.000182886,4,0.9,2.60473E+07,0.000111573,1.419061
fs_125c_3.63v_b3b4,bundle,fs,125,3.63,190,3,2.7,3.91751E+07,0.000187026,4,0.9,2.84575E+07,0.000114447,1.376618
fs_125c_3.63v_b3b4,bundle,fs,125,3.63,191,3,2.7,4.56154E+07,0.000206582,4,0.9,3.33917E+07,0.00012956,1.366070
fs_125c_3.63v_b3b4,bundle,fs,125,3.63,192,3,2.7,3.53241E+07,0.000184748,4,0.9,2.56772E+07,0.000115899,1.375699
fs_125c_3.63v_b3b4,bundle,fs,125,3.63,193,3,2.7,4.28885E+07,0.000198024,4,0.9,3.37392E+07,0.000130036,1.271177
fs_125c_3.63v_b3b4,bundle,fs,125,3.63,194,3,2.7,3.95721E+07,0.000191961,4,0.9,2.96231E+07,0.000120964,1.335853
fs_125c_3.63v_b3b4,bundle,fs,125,3.63,195,3,2.7,4.07294E+07,0.000192696,4,0.9,2.98407E+07,0.000119679,1.364894
fs_125c_3.63v_b3b4,bundle,fs,125,3.63,196,3,2.7,4.10839E+07,0.000192808,4,0.9,3.09008E+07,0.000122811,1.329542
fs_125c_3.63v_b3b4,bundle,fs,125,3.63,197,3,2.7,4.02414E+07,0.000195588,4,0.9,3.17301E+07,0.00012581,1.268241
fs_125c_3.63v_b3b4,bundle,fs,125,3.63,198,3,2.7,4.10012E+07,0.000192063,4,0.9,2.87692E+07,0.000117045,1.425177
fs_125c_3.63v_b3b4,bundle,fs,125,3.63,199,3,2.7,4.13778E+07,0.000193542,4,0.9,3.15471E+07,0.000121673,1.311620
fs_125c_3.63v_b3b4,bundle,fs,125,3.63,200,3,2.7,4.30024E+07,0.000193997,4,0.9,3.13482E+07,0.000121515,1.371766
sf_125c_3.63v_b3b4,bundle,sf,125,3.63,1,3,2.7,4.10906E+07,0.000198163,4,0.9,3.3027E+07,0.000130531,1.244152
sf_125c_3.63v_b3b4,bundle,sf,125,3.63,2,3,2.7,3.71668E+07,0.000192694,4,0.9,2.71674E+07,0.000120341,1.368066
sf_125c_3.63v_b3b4,bundle,sf,125,3.63,3,3,2.7,3.66198E+07,0.000190255,4,0.9,2.85919E+07,0.000123061,1.280775
sf_125c_3.63v_b3b4,bundle,sf,125,3.63,4,3,2.7,3.80127E+07,0.000191866,4,0.9,3.09966E+07,0.000126985,1.226351
sf_125c_3.63v_b3b4,bundle,sf,125,3.63,5,3,2.7,3.99024E+07,0.000199456,4,0.9,3.17483E+07,0.000131473,1.256836
sf_125c_3.63v_b3b4,bundle,sf,125,3.63,6,3,2.7,4.06512E+07,0.000200919,4,0.9,3.25796E+07,0.000132603,1.247750
sf_125c_3.63v_b3b4,bundle,sf,125,3.63,7,3,2.7,4.03983E+07,0.000201547,4,0.9,3.27936E+07,0.000135236,1.231896
sf_125c_3.63v_b3b4,bundle,sf,125,3.63,8,3,2.7,4.03546E+07,0.000197276,4,0.9,3.14295E+07,0.000127476,1.283972
sf_125c_3.63v_b3b4,bundle,sf,125,3.63,9,3,2.7,3.88076E+07,0.000196589,4,0.9,3.137E+07,0.000129956,1.237093
sf_125c_3.63v_b3b4,bundle,sf,125,3.63,10,3,2.7,4.04824E+07,0.000199091,4,0.9,3.17364E+07,0.000128747,1.275583
sf_125c_3.63v_b3b4,bundle,sf,125,3.63,11,3,2.7,3.63996E+07,0.000191086,4,0.9,2.97172E+07,0.000127136,1.224866
sf_125c_3.63v_b3b4,bundle,sf,125,3.63,12,3,2.7,3.52691E+07,0.000187532,4,0.9,2.64306E+07,0.000119632,1.334404
sf_125c_3.63v_b3b4,bundle,sf,125,3.63,13,3,2.7,3.81488E+07,0.000193843,4,0.9,3.19217E+07,0.00013032,1.195074
sf_125c_3.63v_b3b4,bundle,sf,125,3.63,14,3,2.7,4.30986E+07,0.000201147,4,0.9,3.3972E+07,0.000130905,1.268651
sf_125c_3.63v_b3b4,bundle,sf,125,3.63,15,3,2.7,4.05593E+07,0.000198347,4,0.9,3.11202E+07,0.00012668,1.303311
sf_125c_3.63v_b3b4,bundle,sf,125,3.63,16,3,2.7,3.78569E+07,0.000193357,4,0.9,3.07606E+07,0.000127636,1.230694
sf_125c_3.63v_b3b4,bundle,sf,125,3.63,17,3,2.7,3.8532E+07,0.000192056,4,0.9,2.91119E+07,0.000121271,1.323582
sf_125c_3.63v_b3b4,bundle,sf,125,3.63,18,3,2.7,3.83152E+07,0.000194694,4,0.9,2.99605E+07,0.000127522,1.278857
sf_125c_3.63v_b3b4,bundle,sf,125,3.63,19,3,2.7,3.65629E+07,0.000192755,4,0.9,2.91962E+07,0.000127196,1.252317
sf_125c_3.63v_b3b4,bundle,sf,125,3.63,20,3,2.7,3.99351E+07,0.000200588,4,0.9,3.04361E+07,0.000128703,1.312096
sf_125c_3.63v_b3b4,bundle,sf,125,3.63,21,3,2.7,4.06166E+07,0.0002001,4,0.9,3.27778E+07,0.0001321,1.239150
sf_125c_3.63v_b3b4,bundle,sf,125,3.63,22,3,2.7,3.92679E+07,0.000196255,4,0.9,3.0189E+07,0.000127994,1.300735
sf_125c_3.63v_b3b4,bundle,sf,125,3.63,23,3,2.7,3.67123E+07,0.000191607,4,0.9,2.8366E+07,0.000125184,1.294236
sf_125c_3.63v_b3b4,bundle,sf,125,3.63,24,3,2.7,3.70521E+07,0.000189814,4,0.9,3.04012E+07,0.000126148,1.218771
sf_125c_3.63v_b3b4,bundle,sf,125,3.63,25,3,2.7,3.82566E+07,0.000196922,4,0.9,3.03347E+07,0.000130204,1.261150
sf_125c_3.63v_b3b4,bundle,sf,125,3.63,26,3,2.7,3.99635E+07,0.000199742,4,0.9,3.27183E+07,0.000132405,1.221442
sf_125c_3.63v_b3b4,bundle,sf,125,3.63,27,3,2.7,3.6489E+07,0.000188568,4,0.9,2.84316E+07,0.000122451,1.283396
sf_125c_3.63v_b3b4,bundle,sf,125,3.63,28,3,2.7,3.68769E+07,0.000196555,4,0.9,2.90033E+07,0.00012866,1.271473
sf_125c_3.63v_b3b4,bundle,sf,125,3.63,29,3,2.7,3.95482E+07,0.000193988,4,0.9,3.17267E+07,0.000128758,1.246527
sf_125c_3.63v_b3b4,bundle,sf,125,3.63,30,3,2.7,4.06594E+07,0.00019653,4,0.9,3.2453E+07,0.000129876,1.252870
sf_125c_3.63v_b3b4,bundle,sf,125,3.63,31,3,2.7,4.04419E+07,0.000198282,4,0.9,3.17454E+07,0.000129771,1.273945
sf_125c_3.63v_b3b4,bundle,sf,125,3.63,32,3,2.7,3.68098E+07,0.000192184,4,0.9,2.81774E+07,0.000123967,1.306359
sf_125c_3.63v_b3b4,bundle,sf,125,3.63,33,3,2.7,4.00858E+07,0.000200098,4,0.9,3.24749E+07,0.000131706,1.234363
sf_125c_3.63v_b3b4,bundle,sf,125,3.63,34,3,2.7,3.81153E+07,0.000195244,4,0.9,2.87604E+07,0.000123601,1.325270
sf_125c_3.63v_b3b4,bundle,sf,125,3.63,35,3,2.7,4.06739E+07,0.000199519,4,0.9,3.2252E+07,0.000132193,1.261128
sf_125c_3.63v_b3b4,bundle,sf,125,3.63,36,3,2.7,4.10655E+07,0.000195729,4,0.9,3.34334E+07,0.000131726,1.228278
sf_125c_3.63v_b3b4,bundle,sf,125,3.63,37,3,2.7,3.85293E+07,0.000196253,4,0.9,3.13704E+07,0.000131082,1.228206
sf_125c_3.63v_b3b4,bundle,sf,125,3.63,38,3,2.7,3.68838E+07,0.000192042,4,0.9,2.8651E+07,0.000124943,1.287348
sf_125c_3.63v_b3b4,bundle,sf,125,3.63,39,3,2.7,3.98236E+07,0.000196828,4,0.9,3.1612E+07,0.000130072,1.259762
sf_125c_3.63v_b3b4,bundle,sf,125,3.63,40,3,2.7,4.15817E+07,0.000203433,4,0.9,3.28439E+07,0.000135925,1.266040
sf_125c_3.63v_b3b4,bundle,sf,125,3.63,41,3,2.7,3.95948E+07,0.00019183,4,0.9,3.01611E+07,0.000124176,1.312777
sf_125c_3.63v_b3b4,bundle,sf,125,3.63,42,3,2.7,4.23187E+07,0.000203491,4,0.9,3.48818E+07,0.000135647,1.213203
sf_125c_3.63v_b3b4,bundle,sf,125,3.63,43,3,2.7,4.1487E+07,0.000200863,4,0.9,3.44646E+07,0.000136175,1.203757
sf_125c_3.63v_b3b4,bundle,sf,125,3.63,44,3,2.7,4.0876E+07,0.000201991,4,0.9,3.2723E+07,0.000132605,1.249152
sf_125c_3.63v_b3b4,bundle,sf,125,3.63,45,3,2.7,3.89083E+07,0.000199926,4,0.9,3.22547E+07,0.000135394,1.206283
sf_125c_3.63v_b3b4,bundle,sf,125,3.63,46,3,2.7,4.05712E+07,0.000198585,4,0.9,3.29657E+07,0.000130887,1.230709
sf_125c_3.63v_b3b4,bundle,sf,125,3.63,47,3,2.7,4.13303E+07,0.00020253,4,0.9,3.16304E+07,0.00013231,1.306664
sf_125c_3.63v_b3b4,bundle,sf,125,3.63,48,3,2.7,3.99239E+07,0.00020071,4,0.9,3.20508E+07,0.00013461,1.245644
sf_125c_3.63v_b3b4,bundle,sf,125,3.63,49,3,2.7,4.00569E+07,0.000197241,4,0.9,3.1698E+07,0.000128726,1.263704
sf_125c_3.63v_b3b4,bundle,sf,125,3.63,50,3,2.7,4.1857E+07,0.00020269,4,0.9,3.30342E+07,0.000134154,1.267081
sf_125c_3.63v_b3b4,bundle,sf,125,3.63,51,3,2.7,4.08885E+07,0.000196705,4,0.9,3.19807E+07,0.000128691,1.278537
sf_125c_3.63v_b3b4,bundle,sf,125,3.63,52,3,2.7,3.53732E+07,0.000189063,4,0.9,2.70264E+07,0.000120838,1.308839
sf_125c_3.63v_b3b4,bundle,sf,125,3.63,53,3,2.7,4.25525E+07,0.000205388,4,0.9,3.3849E+07,0.000135407,1.257127
sf_125c_3.63v_b3b4,bundle,sf,125,3.63,54,3,2.7,4.20825E+07,0.000203887,4,0.9,3.42516E+07,0.000134896,1.228629
sf_125c_3.63v_b3b4,bundle,sf,125,3.63,55,3,2.7,3.89898E+07,0.000197348,4,0.9,2.99298E+07,0.000127862,1.302708
sf_125c_3.63v_b3b4,bundle,sf,125,3.63,56,3,2.7,4.22703E+07,0.000199198,4,0.9,3.34437E+07,0.000131878,1.263924
sf_125c_3.63v_b3b4,bundle,sf,125,3.63,57,3,2.7,3.93259E+07,0.000198048,4,0.9,3.07943E+07,0.000128788,1.277051
sf_125c_3.63v_b3b4,bundle,sf,125,3.63,58,3,2.7,3.91357E+07,0.000196427,4,0.9,3.11307E+07,0.000128583,1.257142
sf_125c_3.63v_b3b4,bundle,sf,125,3.63,59,3,2.7,3.67243E+07,0.000188206,4,0.9,2.92046E+07,0.000121468,1.257483
sf_125c_3.63v_b3b4,bundle,sf,125,3.63,60,3,2.7,3.98848E+07,0.000195188,4,0.9,3.21615E+07,0.000129777,1.240141
sf_125c_3.63v_b3b4,bundle,sf,125,3.63,61,3,2.7,3.65149E+07,0.000191501,4,0.9,2.85547E+07,0.000124587,1.278770
sf_125c_3.63v_b3b4,bundle,sf,125,3.63,62,3,2.7,3.96955E+07,0.000199791,4,0.9,3.2745E+07,0.0001326,1.212261
sf_125c_3.63v_b3b4,bundle,sf,125,3.63,63,3,2.7,4.16049E+07,0.000203055,4,0.9,3.29677E+07,0.000134626,1.261990
sf_125c_3.63v_b3b4,bundle,sf,125,3.63,64,3,2.7,3.58179E+07,0.000185594,4,0.9,2.5909E+07,0.000114109,1.382450
sf_125c_3.63v_b3b4,bundle,sf,125,3.63,65,3,2.7,3.77997E+07,0.00019155,4,0.9,2.93495E+07,0.000123889,1.287916
sf_125c_3.63v_b3b4,bundle,sf,125,3.63,66,3,2.7,3.54022E+07,0.000187931,4,0.9,2.57781E+07,0.000117479,1.373344
sf_125c_3.63v_b3b4,bundle,sf,125,3.63,67,3,2.7,4.06527E+07,0.000201277,4,0.9,3.06274E+07,0.000130334,1.327331
sf_125c_3.63v_b3b4,bundle,sf,125,3.63,68,3,2.7,4.03326E+07,0.000199122,4,0.9,3.2924E+07,0.000132128,1.225021
sf_125c_3.63v_b3b4,bundle,sf,125,3.63,69,3,2.7,3.81508E+07,0.000195839,4,0.9,2.92921E+07,0.000127536,1.302426
sf_125c_3.63v_b3b4,bundle,sf,125,3.63,70,3,2.7,3.45821E+07,0.000191016,4,0.9,2.87556E+07,0.00012932,1.202621
sf_125c_3.63v_b3b4,bundle,sf,125,3.63,71,3,2.7,3.8581E+07,0.000191363,4,0.9,2.92573E+07,0.000122908,1.318679
sf_125c_3.63v_b3b4,bundle,sf,125,3.63,72,3,2.7,4.1788E+07,0.000198197,4,0.9,3.14634E+07,0.00012721,1.328146
sf_125c_3.63v_b3b4,bundle,sf,125,3.63,73,3,2.7,4.07333E+07,0.000195097,4,0.9,3.21526E+07,0.000127588,1.266874
sf_125c_3.63v_b3b4,bundle,sf,125,3.63,74,3,2.7,4.53147E+07,0.000213105,4,0.9,3.8769E+07,0.000147942,1.168839
sf_125c_3.63v_b3b4,bundle,sf,125,3.63,75,3,2.7,4.29647E+07,0.000203179,4,0.9,3.37483E+07,0.000131866,1.273092
sf_125c_3.63v_b3b4,bundle,sf,125,3.63,76,3,2.7,3.92536E+07,0.000196939,4,0.9,2.98561E+07,0.000127127,1.314760
sf_125c_3.63v_b3b4,bundle,sf,125,3.63,77,3,2.7,4.24559E+07,0.000205523,4,0.9,3.55795E+07,0.000139766,1.193269
sf_125c_3.63v_b3b4,bundle,sf,125,3.63,78,3,2.7,3.84347E+07,0.000193944,4,0.9,3.10005E+07,0.000127882,1.239809
sf_125c_3.63v_b3b4,bundle,sf,125,3.63,79,3,2.7,3.92439E+07,0.000193218,4,0.9,3.1261E+07,0.000127225,1.255363
sf_125c_3.63v_b3b4,bundle,sf,125,3.63,80,3,2.7,3.94284E+07,0.000195634,4,0.9,3.1384E+07,0.000129267,1.256322
sf_125c_3.63v_b3b4,bundle,sf,125,3.63,81,3,2.7,3.61911E+07,0.000189284,4,0.9,2.89304E+07,0.000123497,1.250971
sf_125c_3.63v_b3b4,bundle,sf,125,3.63,82,3,2.7,3.81274E+07,0.000195058,4,0.9,3.07426E+07,0.000128659,1.240214
sf_125c_3.63v_b3b4,bundle,sf,125,3.63,83,3,2.7,3.859E+07,0.000196041,4,0.9,3.12083E+07,0.00013082,1.236530
sf_125c_3.63v_b3b4,bundle,sf,125,3.63,84,3,2.7,3.9177E+07,0.000195959,4,0.9,3.20788E+07,0.000130535,1.221274
sf_125c_3.63v_b3b4,bundle,sf,125,3.63,85,3,2.7,3.66489E+07,0.000190679,4,0.9,2.77805E+07,0.000122412,1.319231
sf_125c_3.63v_b3b4,bundle,sf,125,3.63,86,3,2.7,4.18612E+07,0.00020163,4,0.9,3.24007E+07,0.000131535,1.291984
sf_125c_3.63v_b3b4,bundle,sf,125,3.63,87,3,2.7,3.83935E+07,0.000195753,4,0.9,3.08827E+07,0.000127193,1.243204
sf_125c_3.63v_b3b4,bundle,sf,125,3.63,88,3,2.7,4.24482E+07,0.000203887,4,0.9,3.38448E+07,0.000137634,1.254202
sf_125c_3.63v_b3b4,bundle,sf,125,3.63,89,3,2.7,4.00398E+07,0.000201381,4,0.9,3.30993E+07,0.000135785,1.209687
sf_125c_3.63v_b3b4,bundle,sf,125,3.63,90,3,2.7,3.98866E+07,0.000196714,4,0.9,3.23395E+07,0.000129363,1.233371
sf_125c_3.63v_b3b4,bundle,sf,125,3.63,91,3,2.7,4.22392E+07,0.000204524,4,0.9,3.27208E+07,0.000133959,1.290898
sf_125c_3.63v_b3b4,bundle,sf,125,3.63,92,3,2.7,3.86856E+07,0.000197326,4,0.9,3.14876E+07,0.000133014,1.228598
sf_125c_3.63v_b3b4,bundle,sf,125,3.63,93,3,2.7,3.98387E+07,0.00019578,4,0.9,3.29846E+07,0.000132453,1.207797
sf_125c_3.63v_b3b4,bundle,sf,125,3.63,94,3,2.7,3.79999E+07,0.000193173,4,0.9,2.97172E+07,0.000126523,1.278717
sf_125c_3.63v_b3b4,bundle,sf,125,3.63,95,3,2.7,3.83433E+07,0.000193686,4,0.9,3.07272E+07,0.000127302,1.247862
sf_125c_3.63v_b3b4,bundle,sf,125,3.63,96,3,2.7,3.8033E+07,0.000195994,4,0.9,3.09061E+07,0.000130334,1.230598
sf_125c_3.63v_b3b4,bundle,sf,125,3.63,97,3,2.7,4.31947E+07,0.000200138,4,0.9,3.36318E+07,0.000131118,1.284341
sf_125c_3.63v_b3b4,bundle,sf,125,3.63,98,3,2.7,3.67343E+07,0.000191249,4,0.9,2.80845E+07,0.000124415,1.307992
sf_125c_3.63v_b3b4,bundle,sf,125,3.63,99,3,2.7,3.85766E+07,0.000195205,4,0.9,3.05737E+07,0.000129112,1.261758
sf_125c_3.63v_b3b4,bundle,sf,125,3.63,100,3,2.7,3.77405E+07,0.000193775,4,0.9,3.00011E+07,0.000127349,1.257971
sf_125c_3.63v_b3b4,bundle,sf,125,3.63,101,3,2.7,4.1155E+07,0.000199376,4,0.9,3.18772E+07,0.000130147,1.291048
sf_125c_3.63v_b3b4,bundle,sf,125,3.63,102,3,2.7,3.94789E+07,0.0001965,4,0.9,3.21008E+07,0.000131427,1.229842
sf_125c_3.63v_b3b4,bundle,sf,125,3.63,103,3,2.7,3.66736E+07,0.000192849,4,0.9,3.01144E+07,0.000129067,1.217809
sf_125c_3.63v_b3b4,bundle,sf,125,3.63,104,3,2.7,3.52668E+07,0.000188759,4,0.9,2.65621E+07,0.000120691,1.327711
sf_125c_3.63v_b3b4,bundle,sf,125,3.63,105,3,2.7,4.06058E+07,0.000202043,4,0.9,3.31741E+07,0.000135548,1.224021
sf_125c_3.63v_b3b4,bundle,sf,125,3.63,106,3,2.7,3.93354E+07,0.000197777,4,0.9,2.96554E+07,0.000127735,1.326416
sf_125c_3.63v_b3b4,bundle,sf,125,3.63,107,3,2.7,3.96894E+07,0.000197368,4,0.9,3.06768E+07,0.000129611,1.293792
sf_125c_3.63v_b3b4,bundle,sf,125,3.63,108,3,2.7,3.76242E+07,0.000196623,4,0.9,2.88561E+07,0.00012843,1.303856
sf_125c_3.63v_b3b4,bundle,sf,125,3.63,109,3,2.7,4.50193E+07,0.000207403,4,0.9,3.73881E+07,0.000142631,1.204108
sf_125c_3.63v_b3b4,bundle,sf,125,3.63,110,3,2.7,3.86993E+07,0.000198259,4,0.9,3.11858E+07,0.00013182,1.240927
sf_125c_3.63v_b3b4,bundle,sf,125,3.63,111,3,2.7,4.03182E+07,0.000200585,4,0.9,3.26992E+07,0.000134068,1.233003
sf_125c_3.63v_b3b4,bundle,sf,125,3.63,112,3,2.7,3.81327E+07,0.000197415,4,0.9,2.88337E+07,0.000126858,1.322505
sf_125c_3.63v_b3b4,bundle,sf,125,3.63,113,3,2.7,4.23781E+07,0.000202043,4,0.9,3.33295E+07,0.000131726,1.271489
sf_125c_3.63v_b3b4,bundle,sf,125,3.63,114,3,2.7,3.83515E+07,0.000193324,4,0.9,2.97142E+07,0.000125347,1.290679
sf_125c_3.63v_b3b4,bundle,sf,125,3.63,115,3,2.7,4.4514E+07,0.000207287,4,0.9,3.5547E+07,0.000138693,1.252258
sf_125c_3.63v_b3b4,bundle,sf,125,3.63,116,3,2.7,3.87677E+07,0.000196203,4,0.9,3.23096E+07,0.000129902,1.199882
sf_125c_3.63v_b3b4,bundle,sf,125,3.63,117,3,2.7,4.27457E+07,0.000201827,4,0.9,3.43521E+07,0.000135633,1.244340
sf_125c_3.63v_b3b4,bundle,sf,125,3.63,118,3,2.7,3.92802E+07,0.00019364,4,0.9,3.34332E+07,0.000133546,1.174886
sf_125c_3.63v_b3b4,bundle,sf,125,3.63,119,3,2.7,4.0985E+07,0.000199821,4,0.9,3.19717E+07,0.000128878,1.281915
sf_125c_3.63v_b3b4,bundle,sf,125,3.63,120,3,2.7,4.15384E+07,0.000200184,4,0.9,3.26416E+07,0.00013315,1.272560
sf_125c_3.63v_b3b4,bundle,sf,125,3.63,121,3,2.7,3.74823E+07,0.000189698,4,0.9,2.7511E+07,0.000118275,1.362448
sf_125c_3.63v_b3b4,bundle,sf,125,3.63,122,3,2.7,3.87532E+07,0.000198213,4,0.9,2.93764E+07,0.000128308,1.319195
sf_125c_3.63v_b3b4,bundle,sf,125,3.63,123,3,2.7,4.0698E+07,0.00019894,4,0.9,3.39238E+07,0.000135338,1.199689
sf_125c_3.63v_b3b4,bundle,sf,125,3.63,124,3,2.7,4.01355E+07,0.000199774,4,0.9,3.105E+07,0.000130393,1.292609
sf_125c_3.63v_b3b4,bundle,sf,125,3.63,125,3,2.7,3.98258E+07,0.000198651,4,0.9,3.21264E+07,0.000132379,1.239660
sf_125c_3.63v_b3b4,bundle,sf,125,3.63,126,3,2.7,4.01447E+07,0.000203392,4,0.9,3.17742E+07,0.000135399,1.263437
sf_125c_3.63v_b3b4,bundle,sf,125,3.63,127,3,2.7,3.68362E+07,0.00019265,4,0.9,2.95306E+07,0.000127844,1.247391
sf_125c_3.63v_b3b4,bundle,sf,125,3.63,128,3,2.7,4.02494E+07,0.000193828,4,0.9,3.38587E+07,0.000132083,1.188746
sf_125c_3.63v_b3b4,bundle,sf,125,3.63,129,3,2.7,3.98387E+07,0.000198043,4,0.9,3.10951E+07,0.000129127,1.281189
sf_125c_3.63v_b3b4,bundle,sf,125,3.63,130,3,2.7,3.7147E+07,0.000195924,4,0.9,2.85092E+07,0.000126901,1.302983
sf_125c_3.63v_b3b4,bundle,sf,125,3.63,131,3,2.7,3.97853E+07,0.000198992,4,0.9,3.1595E+07,0.000133295,1.259228
sf_125c_3.63v_b3b4,bundle,sf,125,3.63,132,3,2.7,3.75763E+07,0.000190812,4,0.9,2.83253E+07,0.000121859,1.326598
sf_125c_3.63v_b3b4,bundle,sf,125,3.63,133,3,2.7,3.62347E+07,0.000191347,4,0.9,2.8624E+07,0.00012489,1.265885
sf_125c_3.63v_b3b4,bundle,sf,125,3.63,134,3,2.7,4.14235E+07,0.000201914,4,0.9,3.38535E+07,0.000135295,1.223611
sf_125c_3.63v_b3b4,bundle,sf,125,3.63,135,3,2.7,4.08064E+07,0.000196895,4,0.9,3.19661E+07,0.000129034,1.276552
sf_125c_3.63v_b3b4,bundle,sf,125,3.63,136,3,2.7,3.80956E+07,0.000195881,4,0.9,2.74468E+07,0.000122971,1.387980
sf_125c_3.63v_b3b4,bundle,sf,125,3.63,137,3,2.7,3.89399E+07,0.000197493,4,0.9,3.24735E+07,0.000133087,1.199129
sf_125c_3.63v_b3b4,bundle,sf,125,3.63,138,3,2.7,3.77545E+07,0.000188542,4,0.9,2.98673E+07,0.000123178,1.264075
sf_125c_3.63v_b3b4,bundle,sf,125,3.63,139,3,2.7,4.04836E+07,0.000204368,4,0.9,3.3343E+07,0.000137746,1.214156
sf_125c_3.63v_b3b4,bundle,sf,125,3.63,140,3,2.7,3.79107E+07,0.000191622,4,0.9,2.94512E+07,0.000125473,1.287238
sf_125c_3.63v_b3b4,bundle,sf,125,3.63,141,3,2.7,4.14247E+07,0.000202907,4,0.9,3.17018E+07,0.000131953,1.306699
sf_125c_3.63v_b3b4,bundle,sf,125,3.63,142,3,2.7,4.28106E+07,0.000203608,4,0.9,3.50798E+07,0.000136699,1.220378
sf_125c_3.63v_b3b4,bundle,sf,125,3.63,143,3,2.7,4.19682E+07,0.000201144,4,0.9,3.26594E+07,0.000132338,1.285027
sf_125c_3.63v_b3b4,bundle,sf,125,3.63,144,3,2.7,4.14669E+07,0.000199786,4,0.9,3.38322E+07,0.000133092,1.225664
sf_125c_3.63v_b3b4,bundle,sf,125,3.63,145,3,2.7,4.07404E+07,0.000201054,4,0.9,3.27851E+07,0.000134127,1.242650
sf_125c_3.63v_b3b4,bundle,sf,125,3.63,146,3,2.7,3.99598E+07,0.000197427,4,0.9,3.24304E+07,0.000130228,1.232171
sf_125c_3.63v_b3b4,bundle,sf,125,3.63,147,3,2.7,3.9034E+07,0.000196587,4,0.9,3.14937E+07,0.000131135,1.239422
sf_125c_3.63v_b3b4,bundle,sf,125,3.63,148,3,2.7,4.04937E+07,0.000198422,4,0.9,3.14306E+07,0.000130208,1.288353
sf_125c_3.63v_b3b4,bundle,sf,125,3.63,149,3,2.7,4.05387E+07,0.000199909,4,0.9,3.26358E+07,0.0001328,1.242154
sf_125c_3.63v_b3b4,bundle,sf,125,3.63,150,3,2.7,3.88357E+07,0.000194119,4,0.9,3.11419E+07,0.000127511,1.247056
sf_125c_3.63v_b3b4,bundle,sf,125,3.63,151,3,2.7,3.89493E+07,0.00019369,4,0.9,3.02554E+07,0.000125908,1.287350
sf_125c_3.63v_b3b4,bundle,sf,125,3.63,152,3,2.7,4.16989E+07,0.000206148,4,0.9,3.38688E+07,0.000138906,1.231189
sf_125c_3.63v_b3b4,bundle,sf,125,3.63,153,3,2.7,3.90111E+07,0.00019747,4,0.9,3.08465E+07,0.000129407,1.264685
sf_125c_3.63v_b3b4,bundle,sf,125,3.63,154,3,2.7,3.73726E+07,0.000193168,4,0.9,2.94073E+07,0.000126472,1.270861
sf_125c_3.63v_b3b4,bundle,sf,125,3.63,155,3,2.7,3.95957E+07,0.000196113,4,0.9,3.06666E+07,0.000126314,1.291167
sf_125c_3.63v_b3b4,bundle,sf,125,3.63,156,3,2.7,3.88439E+07,0.00019434,4,0.9,3.09541E+07,0.000127562,1.254887
sf_125c_3.63v_b3b4,bundle,sf,125,3.63,157,3,2.7,4.11083E+07,0.000197406,4,0.9,3.29674E+07,0.000131744,1.246938
sf_125c_3.63v_b3b4,bundle,sf,125,3.63,158,3,2.7,4.17706E+07,0.00020056,4,0.9,3.32922E+07,0.000132742,1.254666
sf_125c_3.63v_b3b4,bundle,sf,125,3.63,159,3,2.7,4.26468E+07,0.000208589,4,0.9,3.47336E+07,0.000139036,1.227826
sf_125c_3.63v_b3b4,bundle,sf,125,3.63,160,3,2.7,4.06265E+07,0.000200571,4,0.9,3.18261E+07,0.000131271,1.276515
sf_125c_3.63v_b3b4,bundle,sf,125,3.63,161,3,2.7,4.14916E+07,0.000201474,4,0.9,3.1956E+07,0.000130973,1.298398
sf_125c_3.63v_b3b4,bundle,sf,125,3.63,162,3,2.7,4.02079E+07,0.000197972,4,0.9,3.05417E+07,0.000127109,1.316492
sf_125c_3.63v_b3b4,bundle,sf,125,3.63,163,3,2.7,3.92729E+07,0.000193239,4,0.9,3.07502E+07,0.000125144,1.277159
sf_125c_3.63v_b3b4,bundle,sf,125,3.63,164,3,2.7,3.74531E+07,0.000190959,4,0.9,3.00711E+07,0.000125971,1.245485
sf_125c_3.63v_b3b4,bundle,sf,125,3.63,165,3,2.7,3.85932E+07,0.000194232,4,0.9,3.05672E+07,0.000127512,1.262569
sf_125c_3.63v_b3b4,bundle,sf,125,3.63,166,3,2.7,4.27563E+07,0.000203121,4,0.9,3.52495E+07,0.000138089,1.212962
sf_125c_3.63v_b3b4,bundle,sf,125,3.63,167,3,2.7,4.03417E+07,0.000197536,4,0.9,3.21588E+07,0.000131043,1.254453
sf_125c_3.63v_b3b4,bundle,sf,125,3.63,168,3,2.7,4.08505E+07,0.000202567,4,0.9,3.28447E+07,0.000134973,1.243747
sf_125c_3.63v_b3b4,bundle,sf,125,3.63,169,3,2.7,3.65046E+07,0.000191663,4,0.9,2.67377E+07,0.000121076,1.365286
sf_125c_3.63v_b3b4,bundle,sf,125,3.63,170,3,2.7,3.80019E+07,0.000194348,4,0.9,2.93429E+07,0.000125209,1.295097
sf_125c_3.63v_b3b4,bundle,sf,125,3.63,171,3,2.7,4.21465E+07,0.000203815,4,0.9,3.28805E+07,0.000133664,1.281808
sf_125c_3.63v_b3b4,bundle,sf,125,3.63,172,3,2.7,4.0268E+07,0.000201502,4,0.9,3.16844E+07,0.000134068,1.270909
sf_125c_3.63v_b3b4,bundle,sf,125,3.63,173,3,2.7,3.68281E+07,0.000188485,4,0.9,2.9054E+07,0.000123057,1.267574
sf_125c_3.63v_b3b4,bundle,sf,125,3.63,174,3,2.7,3.78625E+07,0.000193458,4,0.9,3.12296E+07,0.000130882,1.212391
sf_125c_3.63v_b3b4,bundle,sf,125,3.63,175,3,2.7,4.04981E+07,0.000196293,4,0.9,3.08017E+07,0.000126852,1.314801
sf_125c_3.63v_b3b4,bundle,sf,125,3.63,176,3,2.7,3.62167E+07,0.000188906,4,0.9,2.80685E+07,0.000122902,1.290297
sf_125c_3.63v_b3b4,bundle,sf,125,3.63,177,3,2.7,3.73122E+07,0.000195377,4,0.9,2.96586E+07,0.000127897,1.258057
sf_125c_3.63v_b3b4,bundle,sf,125,3.63,178,3,2.7,3.78395E+07,0.000192393,4,0.9,3.00874E+07,0.000127459,1.257653
sf_125c_3.63v_b3b4,bundle,sf,125,3.63,179,3,2.7,3.73499E+07,0.00019834,4,0.9,2.9826E+07,0.000130305,1.252260
sf_125c_3.63v_b3b4,bundle,sf,125,3.63,180,3,2.7,4.30253E+07,0.000203558,4,0.9,3.42247E+07,0.000132853,1.257142
sf_125c_3.63v_b3b4,bundle,sf,125,3.63,181,3,2.7,3.69191E+07,0.000190072,4,0.9,2.79243E+07,0.000121491,1.322114
sf_125c_3.63v_b3b4,bundle,sf,125,3.63,182,3,2.7,3.74089E+07,0.000195901,4,0.9,2.7788E+07,0.000124917,1.346225
sf_125c_3.63v_b3b4,bundle,sf,125,3.63,183,3,2.7,3.87478E+07,0.000193036,4,0.9,2.83169E+07,0.000122967,1.368363
sf_125c_3.63v_b3b4,bundle,sf,125,3.63,184,3,2.7,3.71495E+07,0.000194141,4,0.9,3.00251E+07,0.000128917,1.237281
sf_125c_3.63v_b3b4,bundle,sf,125,3.63,185,3,2.7,3.73883E+07,0.000192096,4,0.9,2.85332E+07,0.000124862,1.310344
sf_125c_3.63v_b3b4,bundle,sf,125,3.63,186,3,2.7,3.83603E+07,0.000190839,4,0.9,2.8004E+07,0.000121727,1.369815
sf_125c_3.63v_b3b4,bundle,sf,125,3.63,187,3,2.7,4.1416E+07,0.00019834,4,0.9,3.41943E+07,0.000134938,1.211196
sf_125c_3.63v_b3b4,bundle,sf,125,3.63,188,3,2.7,3.77598E+07,0.000190466,4,0.9,3.07525E+07,0.000126151,1.227861
sf_125c_3.63v_b3b4,bundle,sf,125,3.63,189,3,2.7,3.57374E+07,0.000185305,4,0.9,2.67992E+07,0.000119032,1.333525
sf_125c_3.63v_b3b4,bundle,sf,125,3.63,190,3,2.7,3.75642E+07,0.000189747,4,0.9,2.89667E+07,0.000121827,1.296806
sf_125c_3.63v_b3b4,bundle,sf,125,3.63,191,3,2.7,4.37612E+07,0.000209371,4,0.9,3.39713E+07,0.00013808,1.288181
sf_125c_3.63v_b3b4,bundle,sf,125,3.63,192,3,2.7,3.4175E+07,0.000189328,4,0.9,2.63947E+07,0.000121818,1.294768
sf_125c_3.63v_b3b4,bundle,sf,125,3.63,193,3,2.7,4.11874E+07,0.000201107,4,0.9,3.4252E+07,0.00013511,1.202482
sf_125c_3.63v_b3b4,bundle,sf,125,3.63,194,3,2.7,3.81497E+07,0.000195562,4,0.9,3.02808E+07,0.000128952,1.259864
sf_125c_3.63v_b3b4,bundle,sf,125,3.63,195,3,2.7,3.92383E+07,0.000196122,4,0.9,3.05276E+07,0.00012692,1.285339
sf_125c_3.63v_b3b4,bundle,sf,125,3.63,196,3,2.7,3.96901E+07,0.000195889,4,0.9,3.15206E+07,0.000130304,1.259180
sf_125c_3.63v_b3b4,bundle,sf,125,3.63,197,3,2.7,3.86805E+07,0.000198334,4,0.9,3.22826E+07,0.000134286,1.198184
sf_125c_3.63v_b3b4,bundle,sf,125,3.63,198,3,2.7,3.93057E+07,0.000194288,4,0.9,2.93091E+07,0.000124528,1.341075
sf_125c_3.63v_b3b4,bundle,sf,125,3.63,199,3,2.7,3.97922E+07,0.000195595,4,0.9,3.2137E+07,0.000128831,1.238205
sf_125c_3.63v_b3b4,bundle,sf,125,3.63,200,3,2.7,4.16474E+07,0.000198034,4,0.9,3.22092E+07,0.000129501,1.293028
ss_-40c_2.97v_b3b4,tempvolt,ss,-40,2.97,1,3,2.7,5.31629E+07,0.000126604,4,0.9,3.93874E+07,7.33654E-05,1.349744
ss_-40c_2.97v_b3b4,tempvolt,ss,-40,2.97,2,3,2.7,4.58539E+07,0.000119771,4,0.9,2.88496E+07,6.35286E-05,1.589412
ss_-40c_2.97v_b3b4,tempvolt,ss,-40,2.97,3,3,2.7,4.41254E+07,0.000118514,4,0.9,3.11985E+07,6.53783E-05,1.414344
ss_-40c_2.97v_b3b4,tempvolt,ss,-40,2.97,4,3,2.7,4.68501E+07,0.000120165,4,0.9,3.53869E+07,6.97474E-05,1.323939
ss_-40c_2.97v_b3b4,tempvolt,ss,-40,2.97,5,3,2.7,5.05322E+07,0.000126118,4,0.9,3.65059E+07,7.30852E-05,1.384220
ss_-40c_2.97v_b3b4,tempvolt,ss,-40,2.97,6,3,2.7,5.23573E+07,0.000128753,4,0.9,3.84413E+07,7.48305E-05,1.362006
ss_-40c_2.97v_b3b4,tempvolt,ss,-40,2.97,7,3,2.7,5.16001E+07,0.000128551,4,0.9,3.83264E+07,7.63985E-05,1.346333
ss_-40c_2.97v_b3b4,tempvolt,ss,-40,2.97,8,3,2.7,5.35292E+07,0.000128198,4,0.9,3.69303E+07,7.08076E-05,1.449466
ss_-40c_2.97v_b3b4,tempvolt,ss,-40,2.97,9,3,2.7,4.87407E+07,0.000123766,4,0.9,3.61688E+07,7.18295E-05,1.347590
ss_-40c_2.97v_b3b4,tempvolt,ss,-40,2.97,10,3,2.7,5.22894E+07,0.000127965,4,0.9,3.71208E+07,7.22061E-05,1.408628
ss_-40c_2.97v_b3b4,tempvolt,ss,-40,2.97,11,3,2.7,4.39483E+07,0.000117987,4,0.9,3.31089E+07,6.85362E-05,1.327386
ss_-40c_2.97v_b3b4,tempvolt,ss,-40,2.97,12,3,2.7,4.11591E+07,0.000115252,4,0.9,2.71829E+07,6.27667E-05,1.514154
ss_-40c_2.97v_b3b4,tempvolt,ss,-40,2.97,13,3,2.7,4.80125E+07,0.000122272,4,0.9,3.74999E+07,7.24487E-05,1.280337
ss_-40c_2.97v_b3b4,tempvolt,ss,-40,2.97,14,3,2.7,5.70197E+07,0.000131214,4,0.9,4.11285E+07,7.52383E-05,1.386379
ss_-40c_2.97v_b3b4,tempvolt,ss,-40,2.97,15,3,2.7,5.23036E+07,0.000126485,4,0.9,3.59997E+07,7.0868E-05,1.452890
ss_-40c_2.97v_b3b4,tempvolt,ss,-40,2.97,16,3,2.7,4.61427E+07,0.000121842,4,0.9,3.46529E+07,7.17003E-05,1.331568
ss_-40c_2.97v_b3b4,tempvolt,ss,-40,2.97,17,3,2.7,4.89999E+07,0.000122687,4,0.9,3.30257E+07,6.7143E-05,1.483690
ss_-40c_2.97v_b3b4,tempvolt,ss,-40,2.97,18,3,2.7,4.7965E+07,0.00012354,4,0.9,3.37033E+07,6.93995E-05,1.423154
ss_-40c_2.97v_b3b4,tempvolt,ss,-40,2.97,19,3,2.7,4.36915E+07,0.000118897,4,0.9,3.16044E+07,6.84472E-05,1.382450
ss_-40c_2.97v_b3b4,tempvolt,ss,-40,2.97,20,3,2.7,5.03653E+07,0.000126523,4,0.9,3.38404E+07,6.99216E-05,1.488319
ss_-40c_2.97v_b3b4,tempvolt,ss,-40,2.97,21,3,2.7,5.15799E+07,0.000127827,4,0.9,3.81558E+07,7.36496E-05,1.351823
ss_-40c_2.97v_b3b4,tempvolt,ss,-40,2.97,22,3,2.7,4.97951E+07,0.000124749,4,0.9,3.43425E+07,6.99081E-05,1.449956
ss_-40c_2.97v_b3b4,tempvolt,ss,-40,2.97,23,3,2.7,4.47859E+07,0.000120379,4,0.9,3.10124E+07,6.72501E-05,1.444129
ss_-40c_2.97v_b3b4,tempvolt,ss,-40,2.97,24,3,2.7,4.49566E+07,0.000119228,4,0.9,3.43228E+07,6.94981E-05,1.309817
ss_-40c_2.97v_b3b4,tempvolt,ss,-40,2.97,25,3,2.7,4.79679E+07,0.00012497,4,0.9,3.45648E+07,7.14098E-05,1.387767
ss_-40c_2.97v_b3b4,tempvolt,ss,-40,2.97,26,3,2.7,5.05598E+07,0.000126815,4,0.9,3.82158E+07,7.45253E-05,1.323008
ss_-40c_2.97v_b3b4,tempvolt,ss,-40,2.97,27,3,2.7,4.44902E+07,0.000118223,4,0.9,3.12596E+07,6.63186E-05,1.423249
ss_-40c_2.97v_b3b4,tempvolt,ss,-40,2.97,28,3,2.7,4.47598E+07,0.000122963,4,0.9,3.16188E+07,6.95124E-05,1.415607
ss_-40c_2.97v_b3b4,tempvolt,ss,-40,2.97,29,3,2.7,5.01467E+07,0.000124734,4,0.9,3.70399E+07,7.13339E-05,1.353856
ss_-40c_2.97v_b3b4,tempvolt,ss,-40,2.97,30,3,2.7,5.26197E+07,0.000124626,4,0.9,3.85352E+07,7.18968E-05,1.365497
ss_-40c_2.97v_b3b4,tempvolt,ss,-40,2.97,31,3,2.7,5.21846E+07,0.000126297,4,0.9,3.70323E+07,7.08116E-05,1.409164
ss_-40c_2.97v_b3b4,tempvolt,ss,-40,2.97,32,3,2.7,4.4749E+07,0.000119313,4,0.9,3.0453E+07,6.62694E-05,1.469445
ss_-40c_2.97v_b3b4,tempvolt,ss,-40,2.97,33,3,2.7,5.01128E+07,0.000126202,4,0.9,3.73492E+07,7.30874E-05,1.341737
ss_-40c_2.97v_b3b4,tempvolt,ss,-40,2.97,34,3,2.7,4.72536E+07,0.000122894,4,0.9,3.13603E+07,6.72901E-05,1.506797
ss_-40c_2.97v_b3b4,tempvolt,ss,-40,2.97,35,3,2.7,5.15816E+07,0.000125514,4,0.9,3.69674E+07,7.3116E-05,1.395327
ss_-40c_2.97v_b3b4,tempvolt,ss,-40,2.97,36,3,2.7,5.24889E+07,0.00012488,4,0.9,3.96829E+07,7.4307E-05,1.322708
ss_-40c_2.97v_b3b4,tempvolt,ss,-40,2.97,37,3,2.7,4.69714E+07,0.000122573,4,0.9,3.51869E+07,7.15073E-05,1.334912
ss_-40c_2.97v_b3b4,tempvolt,ss,-40,2.97,38,3,2.7,4.51474E+07,0.000120595,4,0.9,3.12864E+07,6.75395E-05,1.443036
ss_-40c_2.97v_b3b4,tempvolt,ss,-40,2.97,39,3,2.7,5.00844E+07,0.000124516,4,0.9,3.59825E+07,7.15073E-05,1.391910
ss_-40c_2.97v_b3b4,tempvolt,ss,-40,2.97,40,3,2.7,5.27767E+07,0.000129198,4,0.9,3.78386E+07,7.56647E-05,1.394785
ss_-40c_2.97v_b3b4,tempvolt,ss,-40,2.97,41,3,2.7,5.0189E+07,0.000121631,4,0.9,3.42888E+07,6.77584E-05,1.463714
ss_-40c_2.97v_b3b4,tempvolt,ss,-40,2.97,42,3,2.7,5.42683E+07,0.00013091,4,0.9,4.17048E+07,7.77844E-05,1.301248
ss_-40c_2.97v_b3b4,tempvolt,ss,-40,2.97,43,3,2.7,5.31535E+07,0.000129077,4,0.9,4.10939E+07,7.82949E-05,1.293464
ss_-40c_2.97v_b3b4,tempvolt,ss,-40,2.97,44,3,2.7,5.24988E+07,0.000129067,4,0.9,3.84584E+07,7.49128E-05,1.365080
ss_-40c_2.97v_b3b4,tempvolt,ss,-40,2.97,45,3,2.7,4.81634E+07,0.000124419,4,0.9,3.66972E+07,7.46537E-05,1.312454
ss_-40c_2.97v_b3b4,tempvolt,ss,-40,2.97,46,3,2.7,5.18395E+07,0.000126028,4,0.9,3.89837E+07,7.42055E-05,1.329774
ss_-40c_2.97v_b3b4,tempvolt,ss,-40,2.97,47,3,2.7,5.38227E+07,0.000129889,4,0.9,3.65693E+07,7.2742E-05,1.471800
ss_-40c_2.97v_b3b4,tempvolt,ss,-40,2.97,48,3,2.7,5.00502E+07,0.00012736,4,0.9,3.66957E+07,7.42992E-05,1.363925
ss_-40c_2.97v_b3b4,tempvolt,ss,-40,2.97,49,3,2.7,5.08919E+07,0.00012473,4,0.9,3.65594E+07,7.25601E-05,1.392033
ss_-40c_2.97v_b3b4,tempvolt,ss,-40,2.97,50,3,2.7,5.42463E+07,0.000129681,4,0.9,3.87672E+07,7.48976E-05,1.399283
ss_-40c_2.97v_b3b4,tempvolt,ss,-40,2.97,51,3,2.7,5.15188E+07,0.000124673,4,0.9,3.68944E+07,7.13868E-05,1.396385
ss_-40c_2.97v_b3b4,tempvolt,ss,-40,2.97,52,3,2.7,4.17732E+07,0.000117049,4,0.9,2.82776E+07,6.48035E-05,1.477254
ss_-40c_2.97v_b3b4,tempvolt,ss,-40,2.97,53,3,2.7,5.62556E+07,0.000132449,4,0.9,4.07771E+07,7.74969E-05,1.379588
ss_-40c_2.97v_b3b4,tempvolt,ss,-40,2.97,54,3,2.7,5.39124E+07,0.000130313,4,0.9,4.03542E+07,7.6897E-05,1.335980
ss_-40c_2.97v_b3b4,tempvolt,ss,-40,2.97,55,3,2.7,4.94503E+07,0.000124119,4,0.9,3.37431E+07,6.92971E-05,1.465494
ss_-40c_2.97v_b3b4,tempvolt,ss,-40,2.97,56,3,2.7,5.46441E+07,0.000127429,4,0.9,3.95526E+07,7.43073E-05,1.381555
ss_-40c_2.97v_b3b4,tempvolt,ss,-40,2.97,57,3,2.7,5.01633E+07,0.000126583,4,0.9,3.53625E+07,7.10686E-05,1.418545
ss_-40c_2.97v_b3b4,tempvolt,ss,-40,2.97,58,3,2.7,4.91302E+07,0.000123472,4,0.9,3.55116E+07,7.10388E-05,1.383497
ss_-40c_2.97v_b3b4,tempvolt,ss,-40,2.97,59,3,2.7,4.46584E+07,0.000117394,4,0.9,3.25031E+07,6.64695E-05,1.373974
ss_-40c_2.97v_b3b4,tempvolt,ss,-40,2.97,60,3,2.7,4.94488E+07,0.000123547,4,0.9,3.6806E+07,7.23456E-05,1.343498
ss_-40c_2.97v_b3b4,tempvolt,ss,-40,2.97,61,3,2.7,4.50791E+07,0.000120872,4,0.9,3.18069E+07,6.9659E-05,1.417274
ss_-40c_2.97v_b3b4,tempvolt,ss,-40,2.97,62,3,2.7,5.04531E+07,0.000127778,4,0.9,3.86681E+07,7.51917E-05,1.304773
ss_-40c_2.97v_b3b4,tempvolt,ss,-40,2.97,63,3,2.7,5.29007E+07,0.000128067,4,0.9,3.82363E+07,7.46908E-05,1.383520
ss_-40c_2.97v_b3b4,tempvolt,ss,-40,2.97,64,3,2.7,4.3773E+07,0.000115934,4,0.9,2.74355E+07,6.00916E-05,1.595488
ss_-40c_2.97v_b3b4,tempvolt,ss,-40,2.97,65,3,2.7,4.64499E+07,0.000120084,4,0.9,3.25147E+07,6.6193E-05,1.428582
ss_-40c_2.97v_b3b4,tempvolt,ss,-40,2.97,66,3,2.7,4.23838E+07,0.000117223,4,0.9,2.66745E+07,6.10807E-05,1.588926
ss_-40c_2.97v_b3b4,tempvolt,ss,-40,2.97,67,3,2.7,5.14903E+07,0.000128236,4,0.9,3.44908E+07,7.18214E-05,1.492871
ss_-40c_2.97v_b3b4,tempvolt,ss,-40,2.97,68,3,2.7,5.2111E+07,0.0001278,4,0.9,3.92551E+07,7.48196E-05,1.327496
ss_-40c_2.97v_b3b4,tempvolt,ss,-40,2.97,69,3,2.7,4.72072E+07,0.000121966,4,0.9,3.22411E+07,6.86991E-05,1.464193
ss_-40c_2.97v_b3b4,tempvolt,ss,-40,2.97,70,3,2.7,3.97568E+07,0.000116627,4,0.9,3.07144E+07,6.87923E-05,1.294403
ss_-40c_2.97v_b3b4,tempvolt,ss,-40,2.97,71,3,2.7,4.85068E+07,0.00012204,4,0.9,3.2727E+07,6.77593E-05,1.482165
ss_-40c_2.97v_b3b4,tempvolt,ss,-40,2.97,72,3,2.7,5.35865E+07,0.000126198,4,0.9,3.59354E+07,6.99916E-05,1.491190
ss_-40c_2.97v_b3b4,tempvolt,ss,-40,2.97,73,3,2.7,5.32635E+07,0.000126071,4,0.9,3.84295E+07,7.13856E-05,1.386006
ss_-40c_2.97v_b3b4,tempvolt,ss,-40,2.97,74,3,2.7,6.05539E+07,0.000141022,4,0.9,4.90321E+07,8.84445E-05,1.234985
ss_-40c_2.97v_b3b4,tempvolt,ss,-40,2.97,75,3,2.7,5.71904E+07,0.000132057,4,0.9,4.05951E+07,7.53785E-05,1.408801
ss_-40c_2.97v_b3b4,tempvolt,ss,-40,2.97,76,3,2.7,5.04362E+07,0.000126283,4,0.9,3.39357E+07,6.96561E-05,1.486228
ss_-40c_2.97v_b3b4,tempvolt,ss,-40,2.97,77,3,2.7,5.49368E+07,0.000130644,4,0.9,4.31927E+07,8.01305E-05,1.271900
ss_-40c_2.97v_b3b4,tempvolt,ss,-40,2.97,78,3,2.7,4.74333E+07,0.000121812,4,0.9,3.51331E+07,7.02944E-05,1.350103
ss_-40c_2.97v_b3b4,tempvolt,ss,-40,2.97,79,3,2.7,5.04217E+07,0.000124919,4,0.9,3.68093E+07,7.22017E-05,1.369809
ss_-40c_2.97v_b3b4,tempvolt,ss,-40,2.97,80,3,2.7,4.96532E+07,0.000123804,4,0.9,3.60512E+07,7.18822E-05,1.377297
ss_-40c_2.97v_b3b4,tempvolt,ss,-40,2.97,81,3,2.7,4.42375E+07,0.000117241,4,0.9,3.2323E+07,6.71084E-05,1.368607
ss_-40c_2.97v_b3b4,tempvolt,ss,-40,2.97,82,3,2.7,4.71508E+07,0.000122282,4,0.9,3.4916E+07,7.03353E-05,1.350407
ss_-40c_2.97v_b3b4,tempvolt,ss,-40,2.97,83,3,2.7,4.77549E+07,0.000123472,4,0.9,3.53823E+07,7.22481E-05,1.349683
ss_-40c_2.97v_b3b4,tempvolt,ss,-40,2.97,84,3,2.7,4.95644E+07,0.000124826,4,0.9,3.78509E+07,7.34586E-05,1.309464
ss_-40c_2.97v_b3b4,tempvolt,ss,-40,2.97,85,3,2.7,4.41205E+07,0.000119087,4,0.9,2.96323E+07,6.46158E-05,1.488933
ss_-40c_2.97v_b3b4,tempvolt,ss,-40,2.97,86,3,2.7,5.36507E+07,0.000127195,4,0.9,3.73822E+07,7.21223E-05,1.435194
ss_-40c_2.97v_b3b4,tempvolt,ss,-40,2.97,87,3,2.7,4.74321E+07,0.000122885,4,0.9,3.49166E+07,7.02933E-05,1.358440
ss_-40c_2.97v_b3b4,tempvolt,ss,-40,2.97,88,3,2.7,5.54224E+07,0.000130641,4,0.9,4.01309E+07,7.64964E-05,1.381041
ss_-40c_2.97v_b3b4,tempvolt,ss,-40,2.97,89,3,2.7,4.95303E+07,0.000126453,4,0.9,3.81023E+07,7.5673E-05,1.299929
ss_-40c_2.97v_b3b4,tempvolt,ss,-40,2.97,90,3,2.7,5.10714E+07,0.000126142,4,0.9,3.84762E+07,7.31665E-05,1.327350
ss_-40c_2.97v_b3b4,tempvolt,ss,-40,2.97,91,3,2.7,5.45201E+07,0.000130192,4,0.9,3.76228E+07,7.40478E-05,1.449124
ss_-40c_2.97v_b3b4,tempvolt,ss,-40,2.97,92,3,2.7,4.73472E+07,0.000125135,4,0.9,3.54084E+07,7.29023E-05,1.337174
ss_-40c_2.97v_b3b4,tempvolt,ss,-40,2.97,93,3,2.7,5.02017E+07,0.000123161,4,0.9,3.89328E+07,7.41971E-05,1.289445
ss_-40c_2.97v_b3b4,tempvolt,ss,-40,2.97,94,3,2.7,4.7141E+07,0.000120625,4,0.9,3.33596E+07,6.82053E-05,1.413116
ss_-40c_2.97v_b3b4,tempvolt,ss,-40,2.97,95,3,2.7,4.73978E+07,0.000120367,4,0.9,3.47779E+07,7.02094E-05,1.362871
ss_-40c_2.97v_b3b4,tempvolt,ss,-40,2.97,96,3,2.7,4.71692E+07,0.000123225,4,0.9,3.50774E+07,7.14527E-05,1.344718
ss_-40c_2.97v_b3b4,tempvolt,ss,-40,2.97,97,3,2.7,5.61293E+07,0.000129365,4,0.9,3.95905E+07,7.43697E-05,1.417747
ss_-40c_2.97v_b3b4,tempvolt,ss,-40,2.97,98,3,2.7,4.41571E+07,0.000118821,4,0.9,3.0051E+07,6.54363E-05,1.469405
ss_-40c_2.97v_b3b4,tempvolt,ss,-40,2.97,99,3,2.7,4.80925E+07,0.000124578,4,0.9,3.46503E+07,7.14629E-05,1.387939
ss_-40c_2.97v_b3b4,tempvolt,ss,-40,2.97,100,3,2.7,4.62132E+07,0.000121655,4,0.9,3.34164E+07,6.85265E-05,1.382950
ss_-40c_2.97v_b3b4,tempvolt,ss,-40,2.97,101,3,2.7,5.30268E+07,0.000127893,4,0.9,3.69235E+07,7.17934E-05,1.436126
ss_-40c_2.97v_b3b4,tempvolt,ss,-40,2.97,102,3,2.7,4.9975E+07,0.000125198,4,0.9,3.75249E+07,7.37916E-05,1.331782
ss_-40c_2.97v_b3b4,tempvolt,ss,-40,2.97,103,3,2.7,4.5186E+07,0.000121952,4,0.9,3.42686E+07,7.13248E-05,1.318583
ss_-40c_2.97v_b3b4,tempvolt,ss,-40,2.97,104,3,2.7,4.21342E+07,0.000117611,4,0.9,2.80412E+07,6.36219E-05,1.502582
ss_-40c_2.97v_b3b4,tempvolt,ss,-40,2.97,105,3,2.7,5.19319E+07,0.000127967,4,0.9,3.89287E+07,7.56691E-05,1.334026
ss_-40c_2.97v_b3b4,tempvolt,ss,-40,2.97,106,3,2.7,4.97037E+07,0.000125205,4,0.9,3.28462E+07,6.87262E-05,1.513225
ss_-40c_2.97v_b3b4,tempvolt,ss,-40,2.97,107,3,2.7,5.02826E+07,0.000123599,4,0.9,3.50041E+07,7.13328E-05,1.436477
ss_-40c_2.97v_b3b4,tempvolt,ss,-40,2.97,108,3,2.7,4.5328E+07,0.000122004,4,0.9,3.10422E+07,6.77626E-05,1.460206
ss_-40c_2.97v_b3b4,tempvolt,ss,-40,2.97,109,3,2.7,5.95787E+07,0.000135146,4,0.9,4.65468E+07,8.29439E-05,1.279974
ss_-40c_2.97v_b3b4,tempvolt,ss,-40,2.97,110,3,2.7,4.9229E+07,0.00012673,4,0.9,3.6045E+07,7.33033E-05,1.365765
ss_-40c_2.97v_b3b4,tempvolt,ss,-40,2.97,111,3,2.7,5.19492E+07,0.00012779,4,0.9,3.84801E+07,7.46876E-05,1.350028
ss_-40c_2.97v_b3b4,tempvolt,ss,-40,2.97,112,3,2.7,4.76217E+07,0.00012465,4,0.9,3.15093E+07,6.83244E-05,1.511354
ss_-40c_2.97v_b3b4,tempvolt,ss,-40,2.97,113,3,2.7,5.64119E+07,0.00013129,4,0.9,4.03577E+07,7.53732E-05,1.397798
ss_-40c_2.97v_b3b4,tempvolt,ss,-40,2.97,114,3,2.7,4.82102E+07,0.000122254,4,0.9,3.34391E+07,6.69482E-05,1.441731
ss_-40c_2.97v_b3b4,tempvolt,ss,-40,2.97,115,3,2.7,5.9213E+07,0.000134756,4,0.9,4.33026E+07,7.93159E-05,1.367424
ss_-40c_2.97v_b3b4,tempvolt,ss,-40,2.97,116,3,2.7,4.82069E+07,0.00012395,4,0.9,3.74696E+07,7.32002E-05,1.286560
ss_-40c_2.97v_b3b4,tempvolt,ss,-40,2.97,117,3,2.7,5.50741E+07,0.000129681,4,0.9,4.09331E+07,7.70137E-05,1.345466
ss_-40c_2.97v_b3b4,tempvolt,ss,-40,2.97,118,3,2.7,4.89595E+07,0.000122452,4,0.9,3.96065E+07,7.43921E-05,1.236148
ss_-40c_2.97v_b3b4,tempvolt,ss,-40,2.97,119,3,2.7,5.24859E+07,0.000127513,4,0.9,3.7003E+07,7.26246E-05,1.418423
ss_-40c_2.97v_b3b4,tempvolt,ss,-40,2.97,120,3,2.7,5.282E+07,0.000126547,4,0.9,3.78413E+07,7.31496E-05,1.395829
ss_-40c_2.97v_b3b4,tempvolt,ss,-40,2.97,121,3,2.7,4.59131E+07,0.000118621,4,0.9,2.9438E+07,6.30035E-05,1.559654
ss_-40c_2.97v_b3b4,tempvolt,ss,-40,2.97,122,3,2.7,4.78079E+07,0.000125565,4,0.9,3.19574E+07,6.95643E-05,1.495988
ss_-40c_2.97v_b3b4,tempvolt,ss,-40,2.97,123,3,2.7,5.14839E+07,0.000126181,4,0.9,4.04496E+07,7.63249E-05,1.272791
ss_-40c_2.97v_b3b4,tempvolt,ss,-40,2.97,124,3,2.7,5.10648E+07,0.000127916,4,0.9,3.53148E+07,7.2381E-05,1.445989
ss_-40c_2.97v_b3b4,tempvolt,ss,-40,2.97,125,3,2.7,4.96279E+07,0.000124693,4,0.9,3.67258E+07,7.32923E-05,1.351309
ss_-40c_2.97v_b3b4,tempvolt,ss,-40,2.97,126,3,2.7,5.04916E+07,0.000129061,4,0.9,3.59198E+07,7.49336E-05,1.405676
ss_-40c_2.97v_b3b4,tempvolt,ss,-40,2.97,127,3,2.7,4.42854E+07,0.000119907,4,0.9,3.22571E+07,6.89236E-05,1.372888
ss_-40c_2.97v_b3b4,tempvolt,ss,-40,2.97,128,3,2.7,5.20117E+07,0.00012341,4,0.9,4.10655E+07,7.46566E-05,1.266555
ss_-40c_2.97v_b3b4,tempvolt,ss,-40,2.97,129,3,2.7,5.1081E+07,0.000126989,4,0.9,3.59776E+07,7.21088E-05,1.419800
ss_-40c_2.97v_b3b4,tempvolt,ss,-40,2.97,130,3,2.7,4.58019E+07,0.00012336,4,0.9,3.12381E+07,6.82745E-05,1.466219
ss_-40c_2.97v_b3b4,tempvolt,ss,-40,2.97,131,3,2.7,5.0117E+07,0.000124808,4,0.9,3.59835E+07,7.27525E-05,1.392777
ss_-40c_2.97v_b3b4,tempvolt,ss,-40,2.97,132,3,2.7,4.64643E+07,0.000119473,4,0.9,3.09587E+07,6.5114E-05,1.500848
ss_-40c_2.97v_b3b4,tempvolt,ss,-40,2.97,133,3,2.7,4.34858E+07,0.000117107,4,0.9,3.09392E+07,6.61711E-05,1.405524
ss_-40c_2.97v_b3b4,tempvolt,ss,-40,2.97,134,3,2.7,5.27718E+07,0.00012798,4,0.9,3.98271E+07,7.61426E-05,1.325022
ss_-40c_2.97v_b3b4,tempvolt,ss,-40,2.97,135,3,2.7,5.18193E+07,0.000124333,4,0.9,3.615E+07,7.00466E-05,1.433452
ss_-40c_2.97v_b3b4,tempvolt,ss,-40,2.97,136,3,2.7,4.71379E+07,0.000122575,4,0.9,2.89379E+07,6.35831E-05,1.628933
ss_-40c_2.97v_b3b4,tempvolt,ss,-40,2.97,137,3,2.7,4.83846E+07,0.000123793,4,0.9,3.75508E+07,7.51558E-05,1.288510
ss_-40c_2.97v_b3b4,tempvolt,ss,-40,2.97,138,3,2.7,4.58416E+07,0.000115106,4,0.9,3.32765E+07,6.61247E-05,1.377597
ss_-40c_2.97v_b3b4,tempvolt,ss,-40,2.97,139,3,2.7,5.02564E+07,0.000129344,4,0.9,3.84591E+07,7.73063E-05,1.306749
ss_-40c_2.97v_b3b4,tempvolt,ss,-40,2.97,140,3,2.7,4.66434E+07,0.000119331,4,0.9,3.26874E+07,6.71508E-05,1.426954
ss_-40c_2.97v_b3b4,tempvolt,ss,-40,2.97,141,3,2.7,5.27945E+07,0.000128986,4,0.9,3.682E+07,7.36899E-05,1.433854
ss_-40c_2.97v_b3b4,tempvolt,ss,-40,2.97,142,3,2.7,5.61998E+07,0.000130346,4,0.9,4.27253E+07,7.86733E-05,1.315375
ss_-40c_2.97v_b3b4,tempvolt,ss,-40,2.97,143,3,2.7,5.39386E+07,0.000128878,4,0.9,3.7756E+07,7.31376E-05,1.428610
ss_-40c_2.97v_b3b4,tempvolt,ss,-40,2.97,144,3,2.7,5.44146E+07,0.000128634,4,0.9,4.01333E+07,7.57869E-05,1.355847
ss_-40c_2.97v_b3b4,tempvolt,ss,-40,2.97,145,3,2.7,5.19092E+07,0.000127288,4,0.9,3.8169E+07,7.47511E-05,1.359983
ss_-40c_2.97v_b3b4,tempvolt,ss,-40,2.97,146,3,2.7,5.14628E+07,0.000125014,4,0.9,3.84849E+07,7.36359E-05,1.337221
ss_-40c_2.97v_b3b4,tempvolt,ss,-40,2.97,147,3,2.7,4.8781E+07,0.00012406,4,0.9,3.62699E+07,7.17142E-05,1.344944
ss_-40c_2.97v_b3b4,tempvolt,ss,-40,2.97,148,3,2.7,5.07511E+07,0.000125622,4,0.9,3.54602E+07,7.09274E-05,1.431213
ss_-40c_2.97v_b3b4,tempvolt,ss,-40,2.97,149,3,2.7,5.19955E+07,0.000126116,4,0.9,3.83194E+07,7.42514E-05,1.356898
ss_-40c_2.97v_b3b4,tempvolt,ss,-40,2.97,150,3,2.7,4.75939E+07,0.000121835,4,0.9,3.49481E+07,7.01315E-05,1.361845
ss_-40c_2.97v_b3b4,tempvolt,ss,-40,2.97,151,3,2.7,4.86329E+07,0.000122351,4,0.9,3.40742E+07,6.85891E-05,1.427265
ss_-40c_2.97v_b3b4,tempvolt,ss,-40,2.97,152,3,2.7,5.34047E+07,0.000130786,4,0.9,3.95114E+07,7.73649E-05,1.351628
ss_-40c_2.97v_b3b4,tempvolt,ss,-40,2.97,153,3,2.7,4.91229E+07,0.000124001,4,0.9,3.50323E+07,7.07796E-05,1.402217
ss_-40c_2.97v_b3b4,tempvolt,ss,-40,2.97,154,3,2.7,4.60488E+07,0.000120903,4,0.9,3.25994E+07,6.82119E-05,1.412566
ss_-40c_2.97v_b3b4,tempvolt,ss,-40,2.97,155,3,2.7,5.03773E+07,0.000124491,4,0.9,3.48737E+07,6.87983E-05,1.444564
ss_-40c_2.97v_b3b4,tempvolt,ss,-40,2.97,156,3,2.7,4.85762E+07,0.000123569,4,0.9,3.54506E+07,7.03123E-05,1.370250
ss_-40c_2.97v_b3b4,tempvolt,ss,-40,2.97,157,3,2.7,5.42272E+07,0.000127983,4,0.9,3.97033E+07,7.48168E-05,1.365811
ss_-40c_2.97v_b3b4,tempvolt,ss,-40,2.97,158,3,2.7,5.37548E+07,0.000128269,4,0.9,3.942E+07,7.41756E-05,1.363643
ss_-40c_2.97v_b3b4,tempvolt,ss,-40,2.97,159,3,2.7,5.67778E+07,0.000135064,4,0.9,4.2494E+07,7.90705E-05,1.336137
ss_-40c_2.97v_b3b4,tempvolt,ss,-40,2.97,160,3,2.7,5.24044E+07,0.000127786,4,0.9,3.69746E+07,7.24508E-05,1.417308
ss_-40c_2.97v_b3b4,tempvolt,ss,-40,2.97,161,3,2.7,5.31038E+07,0.000128956,4,0.9,3.69528E+07,7.24274E-05,1.437071
ss_-40c_2.97v_b3b4,tempvolt,ss,-40,2.97,162,3,2.7,5.12527E+07,0.000126888,4,0.9,3.45401E+07,6.99552E-05,1.483861
ss_-40c_2.97v_b3b4,tempvolt,ss,-40,2.97,163,3,2.7,4.91566E+07,0.000122965,4,0.9,3.50243E+07,6.84919E-05,1.403500
ss_-40c_2.97v_b3b4,tempvolt,ss,-40,2.97,164,3,2.7,4.61778E+07,0.000119433,4,0.9,3.41388E+07,6.86999E-05,1.352649
ss_-40c_2.97v_b3b4,tempvolt,ss,-40,2.97,165,3,2.7,4.78295E+07,0.000122724,4,0.9,3.45589E+07,7.0403E-05,1.383999
ss_-40c_2.97v_b3b4,tempvolt,ss,-40,2.97,166,3,2.7,5.64803E+07,0.000131463,4,0.9,4.31808E+07,7.93649E-05,1.307996
ss_-40c_2.97v_b3b4,tempvolt,ss,-40,2.97,167,3,2.7,5.19588E+07,0.000126203,4,0.9,3.78122E+07,7.26385E-05,1.374128
ss_-40c_2.97v_b3b4,tempvolt,ss,-40,2.97,168,3,2.7,5.15546E+07,0.000130065,4,0.9,3.77687E+07,7.49229E-05,1.365009
ss_-40c_2.97v_b3b4,tempvolt,ss,-40,2.97,169,3,2.7,4.43958E+07,0.000119871,4,0.9,2.8224E+07,6.39337E-05,1.572980
ss_-40c_2.97v_b3b4,tempvolt,ss,-40,2.97,170,3,2.7,4.72739E+07,0.000123785,4,0.9,3.25697E+07,6.82036E-05,1.451469
ss_-40c_2.97v_b3b4,tempvolt,ss,-40,2.97,171,3,2.7,5.43431E+07,0.000130618,4,0.9,3.82389E+07,7.45748E-05,1.421147
ss_-40c_2.97v_b3b4,tempvolt,ss,-40,2.97,172,3,2.7,5.10145E+07,0.000128518,4,0.9,3.59729E+07,7.33128E-05,1.418137
ss_-40c_2.97v_b3b4,tempvolt,ss,-40,2.97,173,3,2.7,4.47092E+07,0.000117233,4,0.9,3.20312E+07,6.70488E-05,1.395802
ss_-40c_2.97v_b3b4,tempvolt,ss,-40,2.97,174,3,2.7,4.79068E+07,0.000122091,4,0.9,3.67291E+07,7.25985E-05,1.304328
ss_-40c_2.97v_b3b4,tempvolt,ss,-40,2.97,175,3,2.7,5.10532E+07,0.000123744,4,0.9,3.50366E+07,6.90764E-05,1.457139
ss_-40c_2.97v_b3b4,tempvolt,ss,-40,2.97,176,3,2.7,4.34569E+07,0.000116685,4,0.9,3.01783E+07,6.54367E-05,1.440005
ss_-40c_2.97v_b3b4,tempvolt,ss,-40,2.97,177,3,2.7,4.48451E+07,0.000121195,4,0.9,3.22849E+07,6.9221E-05,1.389043
ss_-40c_2.97v_b3b4,tempvolt,ss,-40,2.97,178,3,2.7,4.72323E+07,0.000121227,4,0.9,3.43067E+07,7.09851E-05,1.376766
ss_-40c_2.97v_b3b4,tempvolt,ss,-40,2.97,179,3,2.7,4.5282E+07,0.000123888,4,0.9,3.27153E+07,7.06239E-05,1.384123
ss_-40c_2.97v_b3b4,tempvolt,ss,-40,2.97,180,3,2.7,5.62239E+07,0.000131198,4,0.9,4.06418E+07,7.47023E-05,1.383401
ss_-40c_2.97v_b3b4,tempvolt,ss,-40,2.97,181,3,2.7,4.58357E+07,0.000118799,4,0.9,3.07236E+07,6.50044E-05,1.491873
ss_-40c_2.97v_b3b4,tempvolt,ss,-40,2.97,182,3,2.7,4.51456E+07,0.000123015,4,0.9,2.92676E+07,6.58423E-05,1.542511
ss_-40c_2.97v_b3b4,tempvolt,ss,-40,2.97,183,3,2.7,4.76325E+07,0.000120872,4,0.9,3.0381E+07,6.47331E-05,1.567838
ss_-40c_2.97v_b3b4,tempvolt,ss,-40,2.97,184,3,2.7,4.5482E+07,0.000121747,4,0.9,3.35804E+07,7.00917E-05,1.354421
ss_-40c_2.97v_b3b4,tempvolt,ss,-40,2.97,185,3,2.7,4.52377E+07,0.000119736,4,0.9,3.06664E+07,6.61806E-05,1.475155
ss_-40c_2.97v_b3b4,tempvolt,ss,-40,2.97,186,3,2.7,4.79342E+07,0.000120869,4,0.9,3.07402E+07,6.39458E-05,1.559333
ss_-40c_2.97v_b3b4,tempvolt,ss,-40,2.97,187,3,2.7,5.28044E+07,0.000124619,4,0.9,4.06556E+07,7.56661E-05,1.298822
ss_-40c_2.97v_b3b4,tempvolt,ss,-40,2.97,188,3,2.7,4.6966E+07,0.000121057,4,0.9,3.55093E+07,6.97799E-05,1.322639
ss_-40c_2.97v_b3b4,tempvolt,ss,-40,2.97,189,3,2.7,4.29745E+07,0.000114075,4,0.9,2.8524E+07,6.27465E-05,1.506608
ss_-40c_2.97v_b3b4,tempvolt,ss,-40,2.97,190,3,2.7,4.75028E+07,0.000119998,4,0.9,3.308E+07,6.69578E-05,1.435998
ss_-40c_2.97v_b3b4,tempvolt,ss,-40,2.97,191,3,2.7,5.83131E+07,0.00013664,4,0.9,4.04451E+07,7.75647E-05,1.441784
ss_-40c_2.97v_b3b4,tempvolt,ss,-40,2.97,192,3,2.7,3.97933E+07,0.000116789,4,0.9,2.74772E+07,6.4741E-05,1.448230
ss_-40c_2.97v_b3b4,tempvolt,ss,-40,2.97,193,3,2.7,5.37135E+07,0.000129112,4,0.9,4.16648E+07,7.75934E-05,1.289182
ss_-40c_2.97v_b3b4,tempvolt,ss,-40,2.97,194,3,2.7,4.73405E+07,0.000122868,4,0.9,3.40767E+07,7.02169E-05,1.389234
ss_-40c_2.97v_b3b4,tempvolt,ss,-40,2.97,195,3,2.7,4.94794E+07,0.000124694,4,0.9,3.4486E+07,6.98989E-05,1.434768
ss_-40c_2.97v_b3b4,tempvolt,ss,-40,2.97,196,3,2.7,5.0297E+07,0.000124441,4,0.9,3.64181E+07,7.11774E-05,1.381099
ss_-40c_2.97v_b3b4,tempvolt,ss,-40,2.97,197,3,2.7,4.87719E+07,0.000126354,4,0.9,3.7893E+07,7.59389E-05,1.287095
ss_-40c_2.97v_b3b4,tempvolt,ss,-40,2.97,198,3,2.7,5.10704E+07,0.000123454,4,0.9,3.33329E+07,6.67497E-05,1.532132
ss_-40c_2.97v_b3b4,tempvolt,ss,-40,2.97,199,3,2.7,5.16291E+07,0.000126769,4,0.9,3.84913E+07,7.33444E-05,1.341319
ss_-40c_2.97v_b3b4,tempvolt,ss,-40,2.97,200,3,2.7,5.31308E+07,0.00012506,4,0.9,3.70722E+07,7.08139E-05,1.433171
ss_-40c_3.63v_b3b4,tempvolt,ss,-40,3.63,1,3,2.7,3.78536E+07,0.000138675,4,0.9,2.90947E+07,8.54815E-05,1.301048
ss_-40c_3.63v_b3b4,tempvolt,ss,-40,3.63,2,3,2.7,3.28134E+07,0.000133609,4,0.9,2.16674E+07,7.62132E-05,1.514413
ss_-40c_3.63v_b3b4,tempvolt,ss,-40,3.63,3,3,2.7,3.17941E+07,0.00013074,4,0.9,2.33716E+07,7.72578E-05,1.360373
ss_-40c_3.63v_b3b4,tempvolt,ss,-40,3.63,4,3,2.7,3.37739E+07,0.000132924,4,0.9,2.63946E+07,8.0085E-05,1.279576
ss_-40c_3.63v_b3b4,tempvolt,ss,-40,3.63,5,3,2.7,3.6068E+07,0.000139041,4,0.9,2.70438E+07,8.5884E-05,1.333688
ss_-40c_3.63v_b3b4,tempvolt,ss,-40,3.63,6,3,2.7,3.72712E+07,0.000142141,4,0.9,2.8381E+07,8.74751E-05,1.313245
ss_-40c_3.63v_b3b4,tempvolt,ss,-40,3.63,7,3,2.7,3.67608E+07,0.000142665,4,0.9,2.83062E+07,8.95503E-05,1.298684
ss_-40c_3.63v_b3b4,tempvolt,ss,-40,3.63,8,3,2.7,3.79764E+07,0.000143286,4,0.9,2.72928E+07,8.35556E-05,1.391444
ss_-40c_3.63v_b3b4,tempvolt,ss,-40,3.63,9,3,2.7,3.45717E+07,0.000136144,4,0.9,2.66069E+07,8.45657E-05,1.299351
ss_-40c_3.63v_b3b4,tempvolt,ss,-40,3.63,10,3,2.7,3.7304E+07,0.000140785,4,0.9,2.7556E+07,8.42508E-05,1.353752
ss_-40c_3.63v_b3b4,tempvolt,ss,-40,3.63,11,3,2.7,3.14672E+07,0.000131683,4,0.9,2.46185E+07,8.095E-05,1.278193
ss_-40c_3.63v_b3b4,tempvolt,ss,-40,3.63,12,3,2.7,2.99618E+07,0.000128836,4,0.9,2.07018E+07,7.41755E-05,1.447304
ss_-40c_3.63v_b3b4,tempvolt,ss,-40,3.63,13,3,2.7,3.39945E+07,0.000133913,4,0.9,2.74683E+07,8.46163E-05,1.237590
ss_-40c_3.63v_b3b4,tempvolt,ss,-40,3.63,14,3,2.7,4.06151E+07,0.000144162,4,0.9,3.02937E+07,8.863E-05,1.340711
ss_-40c_3.63v_b3b4,tempvolt,ss,-40,3.63,15,3,2.7,3.72375E+07,0.000139766,4,0.9,2.66986E+07,8.55145E-05,1.394736
ss_-40c_3.63v_b3b4,tempvolt,ss,-40,3.63,16,3,2.7,3.35708E+07,0.000134606,4,0.9,2.61811E+07,8.24195E-05,1.282253
ss_-40c_3.63v_b3b4,tempvolt,ss,-40,3.63,17,3,2.7,3.47291E+07,0.00013457,4,0.9,2.446E+07,7.90273E-05,1.419832
ss_-40c_3.63v_b3b4,tempvolt,ss,-40,3.63,18,3,2.7,3.41375E+07,0.000135776,4,0.9,2.49817E+07,8.13083E-05,1.366500
ss_-40c_3.63v_b3b4,tempvolt,ss,-40,3.63,19,3,2.7,3.15027E+07,0.000133183,4,0.9,2.36445E+07,8.07485E-05,1.332348
ss_-40c_3.63v_b3b4,tempvolt,ss,-40,3.63,20,3,2.7,3.60375E+07,0.000140556,4,0.9,2.52984E+07,8.18543E-05,1.424497
ss_-40c_3.63v_b3b4,tempvolt,ss,-40,3.63,21,3,2.7,3.67833E+07,0.000141057,4,0.9,2.8232E+07,8.59273E-05,1.302894
ss_-40c_3.63v_b3b4,tempvolt,ss,-40,3.63,22,3,2.7,3.54587E+07,0.000138276,4,0.9,2.54554E+07,8.25752E-05,1.392974
ss_-40c_3.63v_b3b4,tempvolt,ss,-40,3.63,23,3,2.7,3.19729E+07,0.00013225,4,0.9,2.30898E+07,7.90716E-05,1.384720
ss_-40c_3.63v_b3b4,tempvolt,ss,-40,3.63,24,3,2.7,3.22977E+07,0.000132279,4,0.9,2.55781E+07,8.25859E-05,1.262709
ss_-40c_3.63v_b3b4,tempvolt,ss,-40,3.63,25,3,2.7,3.42597E+07,0.000137492,4,0.9,2.56686E+07,8.36559E-05,1.334693
ss_-40c_3.63v_b3b4,tempvolt,ss,-40,3.63,26,3,2.7,3.62033E+07,0.00014096,4,0.9,2.83205E+07,8.82308E-05,1.278343
ss_-40c_3.63v_b3b4,tempvolt,ss,-40,3.63,27,3,2.7,3.18583E+07,0.000130545,4,0.9,2.33391E+07,7.71319E-05,1.365018
ss_-40c_3.63v_b3b4,tempvolt,ss,-40,3.63,28,3,2.7,3.19712E+07,0.00013662,4,0.9,2.35311E+07,8.24719E-05,1.358679
ss_-40c_3.63v_b3b4,tempvolt,ss,-40,3.63,29,3,2.7,3.57509E+07,0.000136545,4,0.9,2.73805E+07,8.37861E-05,1.305707
ss_-40c_3.63v_b3b4,tempvolt,ss,-40,3.63,30,3,2.7,3.75569E+07,0.000137338,4,0.9,2.8531E+07,8.39039E-05,1.316354
ss_-40c_3.63v_b3b4,tempvolt,ss,-40,3.63,31,3,2.7,3.69676E+07,0.000139976,4,0.9,2.73421E+07,8.4835E-05,1.352040
ss_-40c_3.63v_b3b4,tempvolt,ss,-40,3.63,32,3,2.7,3.20985E+07,0.00013305,4,0.9,2.28135E+07,7.76653E-05,1.406996
ss_-40c_3.63v_b3b4,tempvolt,ss,-40,3.63,33,3,2.7,3.63404E+07,0.000139718,4,0.9,2.80423E+07,8.66212E-05,1.295914
ss_-40c_3.63v_b3b4,tempvolt,ss,-40,3.63,34,3,2.7,3.37995E+07,0.000137742,4,0.9,2.34661E+07,7.8939E-05,1.440354
ss_-40c_3.63v_b3b4,tempvolt,ss,-40,3.63,35,3,2.7,3.69659E+07,0.000139369,4,0.9,2.75821E+07,8.47119E-05,1.340213
ss_-40c_3.63v_b3b4,tempvolt,ss,-40,3.63,36,3,2.7,3.80503E+07,0.000139869,4,0.9,2.97815E+07,8.60624E-05,1.277649
ss_-40c_3.63v_b3b4,tempvolt,ss,-40,3.63,37,3,2.7,3.392E+07,0.000135733,4,0.9,2.63647E+07,8.28748E-05,1.286569
ss_-40c_3.63v_b3b4,tempvolt,ss,-40,3.63,38,3,2.7,3.21358E+07,0.000133724,4,0.9,2.32305E+07,7.95398E-05,1.383345
ss_-40c_3.63v_b3b4,tempvolt,ss,-40,3.63,39,3,2.7,3.60016E+07,0.000136884,4,0.9,2.68683E+07,8.39198E-05,1.339928
ss_-40c_3.63v_b3b4,tempvolt,ss,-40,3.63,40,3,2.7,3.82275E+07,0.000143877,4,0.9,2.83728E+07,8.66512E-05,1.347329
ss_-40c_3.63v_b3b4,tempvolt,ss,-40,3.63,41,3,2.7,3.61018E+07,0.000135736,4,0.9,2.57329E+07,7.96961E-05,1.402943
ss_-40c_3.63v_b3b4,tempvolt,ss,-40,3.63,42,3,2.7,3.91123E+07,0.000143714,4,0.9,3.0998E+07,9.04293E-05,1.261769
ss_-40c_3.63v_b3b4,tempvolt,ss,-40,3.63,43,3,2.7,3.81846E+07,0.000142205,4,0.9,3.05762E+07,9.04915E-05,1.248834
ss_-40c_3.63v_b3b4,tempvolt,ss,-40,3.63,44,3,2.7,3.75618E+07,0.000142656,4,0.9,2.85733E+07,8.73039E-05,1.314577
ss_-40c_3.63v_b3b4,tempvolt,ss,-40,3.63,45,3,2.7,3.43256E+07,0.00013721,4,0.9,2.71124E+07,8.61295E-05,1.266048
ss_-40c_3.63v_b3b4,tempvolt,ss,-40,3.63,46,3,2.7,3.71944E+07,0.0001398,4,0.9,2.89761E+07,8.71975E-05,1.283623
ss_-40c_3.63v_b3b4,tempvolt,ss,-40,3.63,47,3,2.7,3.81866E+07,0.000143917,4,0.9,2.70618E+07,8.51355E-05,1.411089
ss_-40c_3.63v_b3b4,tempvolt,ss,-40,3.63,48,3,2.7,3.57828E+07,0.000139924,4,0.9,2.72532E+07,8.61023E-05,1.312976
ss_-40c_3.63v_b3b4,tempvolt,ss,-40,3.63,49,3,2.7,3.63262E+07,0.00013804,4,0.9,2.71646E+07,8.35846E-05,1.337262
ss_-40c_3.63v_b3b4,tempvolt,ss,-40,3.63,50,3,2.7,3.85287E+07,0.000143158,4,0.9,2.8606E+07,8.72464E-05,1.346875
ss_-40c_3.63v_b3b4,tempvolt,ss,-40,3.63,51,3,2.7,3.73122E+07,0.00013787,4,0.9,2.768E+07,8.24394E-05,1.347984
ss_-40c_3.63v_b3b4,tempvolt,ss,-40,3.63,52,3,2.7,3.01215E+07,0.000129609,4,0.9,2.12992E+07,7.56369E-05,1.414208
ss_-40c_3.63v_b3b4,tempvolt,ss,-40,3.63,53,3,2.7,3.96112E+07,0.000145975,4,0.9,2.98046E+07,9.00798E-05,1.329030
ss_-40c_3.63v_b3b4,tempvolt,ss,-40,3.63,54,3,2.7,3.87109E+07,0.00014532,4,0.9,3.00713E+07,8.95958E-05,1.287304
ss_-40c_3.63v_b3b4,tempvolt,ss,-40,3.63,55,3,2.7,3.50179E+07,0.000138037,4,0.9,2.49094E+07,8.0621E-05,1.405811
ss_-40c_3.63v_b3b4,tempvolt,ss,-40,3.63,56,3,2.7,3.94186E+07,0.000140674,4,0.9,2.95838E+07,8.53917E-05,1.332439
ss_-40c_3.63v_b3b4,tempvolt,ss,-40,3.63,57,3,2.7,3.58116E+07,0.000140786,4,0.9,2.63042E+07,8.4749E-05,1.361440
ss_-40c_3.63v_b3b4,tempvolt,ss,-40,3.63,58,3,2.7,3.51879E+07,0.000136279,4,0.9,2.64234E+07,8.31968E-05,1.331695
ss_-40c_3.63v_b3b4,tempvolt,ss,-40,3.63,59,3,2.7,3.20728E+07,0.000130525,4,0.9,2.42914E+07,7.8335E-05,1.320336
ss_-40c_3.63v_b3b4,tempvolt,ss,-40,3.63,60,3,2.7,3.62575E+07,0.000136127,4,0.9,2.79918E+07,8.35388E-05,1.295290
ss_-40c_3.63v_b3b4,tempvolt,ss,-40,3.63,61,3,2.7,3.20372E+07,0.000133471,4,0.9,2.35516E+07,7.90518E-05,1.360298
ss_-40c_3.63v_b3b4,tempvolt,ss,-40,3.63,62,3,2.7,3.59708E+07,0.000141054,4,0.9,2.85949E+07,8.57244E-05,1.257945
ss_-40c_3.63v_b3b4,tempvolt,ss,-40,3.63,63,3,2.7,3.82172E+07,0.000142776,4,0.9,2.86555E+07,8.56892E-05,1.333678
ss_-40c_3.63v_b3b4,tempvolt,ss,-40,3.63,64,3,2.7,3.12542E+07,0.000127417,4,0.9,2.05701E+07,7.23928E-05,1.519400
ss_-40c_3.63v_b3b4,tempvolt,ss,-40,3.63,65,3,2.7,3.3356E+07,0.000133317,4,0.9,2.43549E+07,7.85709E-05,1.369581
ss_-40c_3.63v_b3b4,tempvolt,ss,-40,3.63,66,3,2.7,3.03494E+07,0.000130341,4,0.9,2.00501E+07,7.1323E-05,1.513678
ss_-40c_3.63v_b3b4,tempvolt,ss,-40,3.63,67,3,2.7,3.69962E+07,0.000141205,4,0.9,2.58393E+07,8.30315E-05,1.431780
ss_-40c_3.63v_b3b4,tempvolt,ss,-40,3.63,68,3,2.7,3.6986E+07,0.000141894,4,0.9,2.89083E+07,8.67158E-05,1.279425
ss_-40c_3.63v_b3b4,tempvolt,ss,-40,3.63,69,3,2.7,3.36016E+07,0.000135726,4,0.9,2.39501E+07,7.96153E-05,1.402984
ss_-40c_3.63v_b3b4,tempvolt,ss,-40,3.63,70,3,2.7,2.88688E+07,0.000128503,4,0.9,2.31185E+07,8.08165E-05,1.248732
ss_-40c_3.63v_b3b4,tempvolt,ss,-40,3.63,71,3,2.7,3.46986E+07,0.000135207,4,0.9,2.44462E+07,7.82323E-05,1.419386
ss_-40c_3.63v_b3b4,tempvolt,ss,-40,3.63,72,3,2.7,3.83646E+07,0.000139738,4,0.9,2.68206E+07,8.0726E-05,1.430415
ss_-40c_3.63v_b3b4,tempvolt,ss,-40,3.63,73,3,2.7,3.77651E+07,0.000138975,4,0.9,2.8304E+07,8.31988E-05,1.334267
ss_-40c_3.63v_b3b4,tempvolt,ss,-40,3.63,74,3,2.7,4.36063E+07,0.000155026,4,0.9,3.62741E+07,0.000101726,1.202133
ss_-40c_3.63v_b3b4,tempvolt,ss,-40,3.63,75,3,2.7,4.038E+07,0.000145249,4,0.9,2.97869E+07,8.7639E-05,1.355629
ss_-40c_3.63v_b3b4,tempvolt,ss,-40,3.63,76,3,2.7,3.57964E+07,0.000138917,4,0.9,2.51686E+07,8.18107E-05,1.422264
ss_-40c_3.63v_b3b4,tempvolt,ss,-40,3.63,77,3,2.7,3.93514E+07,0.000144969,4,0.9,3.19629E+07,9.30208E-05,1.231159
ss_-40c_3.63v_b3b4,tempvolt,ss,-40,3.63,78,3,2.7,3.43387E+07,0.000135207,4,0.9,2.63639E+07,8.20021E-05,1.302489
ss_-40c_3.63v_b3b4,tempvolt,ss,-40,3.63,79,3,2.7,3.57784E+07,0.000138417,4,0.9,2.7129E+07,8.50143E-05,1.318825
ss_-40c_3.63v_b3b4,tempvolt,ss,-40,3.63,80,3,2.7,3.56976E+07,0.000138452,4,0.9,2.69091E+07,8.41679E-05,1.326600
ss_-40c_3.63v_b3b4,tempvolt,ss,-40,3.63,81,3,2.7,3.14888E+07,0.000130238,4,0.9,2.38975E+07,7.95325E-05,1.317661
ss_-40c_3.63v_b3b4,tempvolt,ss,-40,3.63,82,3,2.7,3.37919E+07,0.000135509,4,0.9,2.59642E+07,8.25311E-05,1.301481
ss_-40c_3.63v_b3b4,tempvolt,ss,-40,3.63,83,3,2.7,3.43127E+07,0.000138643,4,0.9,2.64173E+07,8.4667E-05,1.298872
ss_-40c_3.63v_b3b4,tempvolt,ss,-40,3.63,84,3,2.7,3.53418E+07,0.000136683,4,0.9,2.79076E+07,8.55859E-05,1.266386
ss_-40c_3.63v_b3b4,tempvolt,ss,-40,3.63,85,3,2.7,3.19142E+07,0.00013243,4,0.9,2.23602E+07,7.83341E-05,1.427277
ss_-40c_3.63v_b3b4,tempvolt,ss,-40,3.63,86,3,2.7,3.86636E+07,0.000140458,4,0.9,2.80558E+07,8.45837E-05,1.378097
ss_-40c_3.63v_b3b4,tempvolt,ss,-40,3.63,87,3,2.7,3.40205E+07,0.000136864,4,0.9,2.59962E+07,8.18489E-05,1.308672
ss_-40c_3.63v_b3b4,tempvolt,ss,-40,3.63,88,3,2.7,3.94804E+07,0.00014424,4,0.9,2.96534E+07,8.99434E-05,1.331395
ss_-40c_3.63v_b3b4,tempvolt,ss,-40,3.63,89,3,2.7,3.60897E+07,0.00014049,4,0.9,2.87002E+07,8.92275E-05,1.257472
ss_-40c_3.63v_b3b4,tempvolt,ss,-40,3.63,90,3,2.7,3.63267E+07,0.000138135,4,0.9,2.83454E+07,8.55551E-05,1.281573
ss_-40c_3.63v_b3b4,tempvolt,ss,-40,3.63,91,3,2.7,3.92706E+07,0.000143498,4,0.9,2.82608E+07,8.55806E-05,1.389578
ss_-40c_3.63v_b3b4,tempvolt,ss,-40,3.63,92,3,2.7,3.41443E+07,0.000138639,4,0.9,2.65254E+07,8.41399E-05,1.287230
ss_-40c_3.63v_b3b4,tempvolt,ss,-40,3.63,93,3,2.7,3.61265E+07,0.000135702,4,0.9,2.89553E+07,8.61913E-05,1.247665
ss_-40c_3.63v_b3b4,tempvolt,ss,-40,3.63,94,3,2.7,3.35872E+07,0.000133851,4,0.9,2.47478E+07,8.04279E-05,1.357179
ss_-40c_3.63v_b3b4,tempvolt,ss,-40,3.63,95,3,2.7,3.42033E+07,0.000135001,4,0.9,2.60733E+07,8.21236E-05,1.311813
ss_-40c_3.63v_b3b4,tempvolt,ss,-40,3.63,96,3,2.7,3.37232E+07,0.000136868,4,0.9,2.60193E+07,8.44571E-05,1.296084
ss_-40c_3.63v_b3b4,tempvolt,ss,-40,3.63,97,3,2.7,4.06897E+07,0.0001425,4,0.9,2.98585E+07,8.59038E-05,1.362751
ss_-40c_3.63v_b3b4,tempvolt,ss,-40,3.63,98,3,2.7,3.19364E+07,0.000132209,4,0.9,2.27142E+07,7.73286E-05,1.406010
ss_-40c_3.63v_b3b4,tempvolt,ss,-40,3.63,99,3,2.7,3.4458E+07,0.000136105,4,0.9,2.58E+07,8.30101E-05,1.335581
ss_-40c_3.63v_b3b4,tempvolt,ss,-40,3.63,100,3,2.7,3.34339E+07,0.000133886,4,0.9,2.51249E+07,8.1003E-05,1.330708
ss_-40c_3.63v_b3b4,tempvolt,ss,-40,3.63,101,3,2.7,3.77365E+07,0.000140256,4,0.9,2.72621E+07,8.45857E-05,1.384211
ss_-40c_3.63v_b3b4,tempvolt,ss,-40,3.63,102,3,2.7,3.55564E+07,0.000138813,4,0.9,2.77522E+07,8.62486E-05,1.281210
ss_-40c_3.63v_b3b4,tempvolt,ss,-40,3.63,103,3,2.7,3.22937E+07,0.000135644,4,0.9,2.53693E+07,8.38243E-05,1.272944
ss_-40c_3.63v_b3b4,tempvolt,ss,-40,3.63,104,3,2.7,3.02247E+07,0.000130142,4,0.9,2.10495E+07,7.54835E-05,1.435887
ss_-40c_3.63v_b3b4,tempvolt,ss,-40,3.63,105,3,2.7,3.70084E+07,0.000140479,4,0.9,2.88057E+07,8.82048E-05,1.284760
ss_-40c_3.63v_b3b4,tempvolt,ss,-40,3.63,106,3,2.7,3.53819E+07,0.000138853,4,0.9,2.44668E+07,8.00467E-05,1.446119
ss_-40c_3.63v_b3b4,tempvolt,ss,-40,3.63,107,3,2.7,3.58459E+07,0.000137594,4,0.9,2.59873E+07,8.40586E-05,1.379362
ss_-40c_3.63v_b3b4,tempvolt,ss,-40,3.63,108,3,2.7,3.26839E+07,0.000135799,4,0.9,2.33196E+07,8.05155E-05,1.401563
ss_-40c_3.63v_b3b4,tempvolt,ss,-40,3.63,109,3,2.7,4.30986E+07,0.000149072,4,0.9,3.46619E+07,9.62966E-05,1.243400
ss_-40c_3.63v_b3b4,tempvolt,ss,-40,3.63,110,3,2.7,3.48931E+07,0.000138215,4,0.9,2.65473E+07,8.58434E-05,1.314375
ss_-40c_3.63v_b3b4,tempvolt,ss,-40,3.63,111,3,2.7,3.69295E+07,0.000140953,4,0.9,2.83705E+07,8.67905E-05,1.301687
ss_-40c_3.63v_b3b4,tempvolt,ss,-40,3.63,112,3,2.7,3.38931E+07,0.000136613,4,0.9,2.34884E+07,7.95974E-05,1.442972
ss_-40c_3.63v_b3b4,tempvolt,ss,-40,3.63,113,3,2.7,3.98242E+07,0.000147309,4,0.9,2.96235E+07,8.68379E-05,1.344345
ss_-40c_3.63v_b3b4,tempvolt,ss,-40,3.63,114,3,2.7,3.4158E+07,0.000135624,4,0.9,2.46899E+07,7.96564E-05,1.383481
ss_-40c_3.63v_b3b4,tempvolt,ss,-40,3.63,115,3,2.7,4.23909E+07,0.000149096,4,0.9,3.20503E+07,9.1159E-05,1.322637
ss_-40c_3.63v_b3b4,tempvolt,ss,-40,3.63,116,3,2.7,3.45933E+07,0.000137593,4,0.9,2.78147E+07,8.51734E-05,1.243706
ss_-40c_3.63v_b3b4,tempvolt,ss,-40,3.63,117,3,2.7,3.98674E+07,0.000143672,4,0.9,3.05852E+07,8.91883E-05,1.303487
ss_-40c_3.63v_b3b4,tempvolt,ss,-40,3.63,118,3,2.7,3.53053E+07,0.000135658,4,0.9,2.94499E+07,8.59663E-05,1.198826
ss_-40c_3.63v_b3b4,tempvolt,ss,-40,3.63,119,3,2.7,3.77861E+07,0.00014065,4,0.9,2.76592E+07,8.4066E-05,1.366131
ss_-40c_3.63v_b3b4,tempvolt,ss,-40,3.63,120,3,2.7,3.80846E+07,0.000141186,4,0.9,2.83496E+07,8.55681E-05,1.343391
ss_-40c_3.63v_b3b4,tempvolt,ss,-40,3.63,121,3,2.7,3.3013E+07,0.000131393,4,0.9,2.21826E+07,7.47243E-05,1.488239
ss_-40c_3.63v_b3b4,tempvolt,ss,-40,3.63,122,3,2.7,3.46843E+07,0.000138787,4,0.9,2.4241E+07,8.19664E-05,1.430811
ss_-40c_3.63v_b3b4,tempvolt,ss,-40,3.63,123,3,2.7,3.70072E+07,0.000137847,4,0.9,2.98672E+07,8.79582E-05,1.239058
ss_-40c_3.63v_b3b4,tempvolt,ss,-40,3.63,124,3,2.7,3.63967E+07,0.000140887,4,0.9,2.62587E+07,8.38346E-05,1.386082
ss_-40c_3.63v_b3b4,tempvolt,ss,-40,3.63,125,3,2.7,3.58565E+07,0.000139223,4,0.9,2.75152E+07,8.47464E-05,1.303152
ss_-40c_3.63v_b3b4,tempvolt,ss,-40,3.63,126,3,2.7,3.61228E+07,0.00014241,4,0.9,2.66576E+07,8.6398E-05,1.355066
ss_-40c_3.63v_b3b4,tempvolt,ss,-40,3.63,127,3,2.7,3.19769E+07,0.000133092,4,0.9,2.42253E+07,8.12116E-05,1.319980
ss_-40c_3.63v_b3b4,tempvolt,ss,-40,3.63,128,3,2.7,3.69313E+07,0.000136035,4,0.9,3.00923E+07,8.735E-05,1.227267
ss_-40c_3.63v_b3b4,tempvolt,ss,-40,3.63,129,3,2.7,3.63275E+07,0.000141182,4,0.9,2.66062E+07,8.42028E-05,1.365377
ss_-40c_3.63v_b3b4,tempvolt,ss,-40,3.63,130,3,2.7,3.26355E+07,0.000137417,4,0.9,2.31844E+07,8.06717E-05,1.407649
ss_-40c_3.63v_b3b4,tempvolt,ss,-40,3.63,131,3,2.7,3.582E+07,0.000138469,4,0.9,2.67442E+07,8.48736E-05,1.339356
ss_-40c_3.63v_b3b4,tempvolt,ss,-40,3.63,132,3,2.7,3.31349E+07,0.00013223,4,0.9,2.3087E+07,7.65144E-05,1.435219
ss_-40c_3.63v_b3b4,tempvolt,ss,-40,3.63,133,3,2.7,3.13404E+07,0.000130214,4,0.9,2.31786E+07,7.90398E-05,1.352127
ss_-40c_3.63v_b3b4,tempvolt,ss,-40,3.63,134,3,2.7,3.79111E+07,0.000141045,4,0.9,2.96273E+07,8.6919E-05,1.279600
ss_-40c_3.63v_b3b4,tempvolt,ss,-40,3.63,135,3,2.7,3.73265E+07,0.000138498,4,0.9,2.76279E+07,8.18E-05,1.351044
ss_-40c_3.63v_b3b4,tempvolt,ss,-40,3.63,136,3,2.7,3.38043E+07,0.000135209,4,0.9,2.18105E+07,7.43644E-05,1.549909
ss_-40c_3.63v_b3b4,tempvolt,ss,-40,3.63,137,3,2.7,3.48043E+07,0.00013782,4,0.9,2.79287E+07,8.71517E-05,1.246184
ss_-40c_3.63v_b3b4,tempvolt,ss,-40,3.63,138,3,2.7,3.32173E+07,0.000127353,4,0.9,2.50182E+07,7.92542E-05,1.327725
ss_-40c_3.63v_b3b4,tempvolt,ss,-40,3.63,139,3,2.7,3.68006E+07,0.000142455,4,0.9,2.91446E+07,8.92493E-05,1.262690
ss_-40c_3.63v_b3b4,tempvolt,ss,-40,3.63,140,3,2.7,3.34614E+07,0.000133011,4,0.9,2.44213E+07,7.97984E-05,1.370173
ss_-40c_3.63v_b3b4,tempvolt,ss,-40,3.63,141,3,2.7,3.81138E+07,0.000143028,4,0.9,2.76263E+07,8.52864E-05,1.379620
ss_-40c_3.63v_b3b4,tempvolt,ss,-40,3.63,142,3,2.7,4.00665E+07,0.00014469,4,0.9,3.15231E+07,9.12604E-05,1.271020
ss_-40c_3.63v_b3b4,tempvolt,ss,-40,3.63,143,3,2.7,3.86255E+07,0.000141843,4,0.9,2.81842E+07,8.56513E-05,1.370466
ss_-40c_3.63v_b3b4,tempvolt,ss,-40,3.63,144,3,2.7,3.84575E+07,0.000141577,4,0.9,3.00074E+07,8.9114E-05,1.281601
ss_-40c_3.63v_b3b4,tempvolt,ss,-40,3.63,145,3,2.7,3.72314E+07,0.000140263,4,0.9,2.8377E+07,8.75468E-05,1.312027
ss_-40c_3.63v_b3b4,tempvolt,ss,-40,3.63,146,3,2.7,3.64085E+07,0.000137613,4,0.9,2.82541E+07,8.45719E-05,1.288609
ss_-40c_3.63v_b3b4,tempvolt,ss,-40,3.63,147,3,2.7,3.48062E+07,0.000136298,4,0.9,2.68159E+07,8.42948E-05,1.297969
ss_-40c_3.63v_b3b4,tempvolt,ss,-40,3.63,148,3,2.7,3.67646E+07,0.000140694,4,0.9,2.67857E+07,8.38108E-05,1.372546
ss_-40c_3.63v_b3b4,tempvolt,ss,-40,3.63,149,3,2.7,3.7016E+07,0.000139408,4,0.9,2.83305E+07,8.60893E-05,1.306578
ss_-40c_3.63v_b3b4,tempvolt,ss,-40,3.63,150,3,2.7,3.46132E+07,0.000133951,4,0.9,2.64084E+07,8.16481E-05,1.310689
ss_-40c_3.63v_b3b4,tempvolt,ss,-40,3.63,151,3,2.7,3.491E+07,0.00013612,4,0.9,2.55128E+07,8.09449E-05,1.368333
ss_-40c_3.63v_b3b4,tempvolt,ss,-40,3.63,152,3,2.7,3.82722E+07,0.000144641,4,0.9,2.93378E+07,8.9651E-05,1.304535
ss_-40c_3.63v_b3b4,tempvolt,ss,-40,3.63,153,3,2.7,3.50414E+07,0.000136828,4,0.9,2.60051E+07,8.35869E-05,1.347482
ss_-40c_3.63v_b3b4,tempvolt,ss,-40,3.63,154,3,2.7,3.30298E+07,0.000133165,4,0.9,2.43925E+07,8.00167E-05,1.354097
ss_-40c_3.63v_b3b4,tempvolt,ss,-40,3.63,155,3,2.7,3.59319E+07,0.000136649,4,0.9,2.5932E+07,8.10176E-05,1.385620
ss_-40c_3.63v_b3b4,tempvolt,ss,-40,3.63,156,3,2.7,3.47586E+07,0.000136441,4,0.9,2.63481E+07,8.21658E-05,1.319207
ss_-40c_3.63v_b3b4,tempvolt,ss,-40,3.63,157,3,2.7,3.83826E+07,0.000142292,4,0.9,2.92075E+07,8.45236E-05,1.314135
ss_-40c_3.63v_b3b4,tempvolt,ss,-40,3.63,158,3,2.7,3.85733E+07,0.000141913,4,0.9,2.92935E+07,8.69253E-05,1.316787
ss_-40c_3.63v_b3b4,tempvolt,ss,-40,3.63,159,3,2.7,4.00544E+07,0.000148492,4,0.9,3.1091E+07,9.54585E-05,1.288296
ss_-40c_3.63v_b3b4,tempvolt,ss,-40,3.63,160,3,2.7,3.70889E+07,0.000140406,4,0.9,2.72488E+07,8.65404E-05,1.361120
ss_-40c_3.63v_b3b4,tempvolt,ss,-40,3.63,161,3,2.7,3.83303E+07,0.000142687,4,0.9,2.77577E+07,8.41252E-05,1.380889
ss_-40c_3.63v_b3b4,tempvolt,ss,-40,3.63,162,3,2.7,3.67588E+07,0.00014141,4,0.9,2.5844E+07,8.2163E-05,1.422334
ss_-40c_3.63v_b3b4,tempvolt,ss,-40,3.63,163,3,2.7,3.52863E+07,0.00013578,4,0.9,2.61621E+07,8.17643E-05,1.348756
ss_-40c_3.63v_b3b4,tempvolt,ss,-40,3.63,164,3,2.7,3.31543E+07,0.000132736,4,0.9,2.53934E+07,8.09871E-05,1.305627
ss_-40c_3.63v_b3b4,tempvolt,ss,-40,3.63,165,3,2.7,3.42592E+07,0.000136032,4,0.9,2.57467E+07,8.29682E-05,1.330625
ss_-40c_3.63v_b3b4,tempvolt,ss,-40,3.63,166,3,2.7,4.00257E+07,0.000143709,4,0.9,3.17153E+07,9.06765E-05,1.262031
ss_-40c_3.63v_b3b4,tempvolt,ss,-40,3.63,167,3,2.7,3.69346E+07,0.000137526,4,0.9,2.79134E+07,8.57083E-05,1.323185
ss_-40c_3.63v_b3b4,tempvolt,ss,-40,3.63,168,3,2.7,3.72297E+07,0.000144611,4,0.9,2.81927E+07,8.81092E-05,1.320544
ss_-40c_3.63v_b3b4,tempvolt,ss,-40,3.63,169,3,2.7,3.16964E+07,0.000132279,4,0.9,2.11347E+07,7.62453E-05,1.499733
ss_-40c_3.63v_b3b4,tempvolt,ss,-40,3.63,170,3,2.7,3.37172E+07,0.000136024,4,0.9,2.4294E+07,8.06358E-05,1.387882
ss_-40c_3.63v_b3b4,tempvolt,ss,-40,3.63,171,3,2.7,3.90289E+07,0.000143578,4,0.9,2.85494E+07,8.73512E-05,1.367066
ss_-40c_3.63v_b3b4,tempvolt,ss,-40,3.63,172,3,2.7,3.65946E+07,0.000141918,4,0.9,2.67765E+07,8.59575E-05,1.366669
ss_-40c_3.63v_b3b4,tempvolt,ss,-40,3.63,173,3,2.7,3.20328E+07,0.000130206,4,0.9,2.39146E+07,7.79233E-05,1.339466
ss_-40c_3.63v_b3b4,tempvolt,ss,-40,3.63,174,3,2.7,3.39586E+07,0.00013592,4,0.9,2.6914E+07,8.46844E-05,1.261745
ss_-40c_3.63v_b3b4,tempvolt,ss,-40,3.63,175,3,2.7,3.71134E+07,0.00013686,4,0.9,2.65247E+07,8.08724E-05,1.399201
ss_-40c_3.63v_b3b4,tempvolt,ss,-40,3.63,176,3,2.7,3.12086E+07,0.000130355,4,0.9,2.26411E+07,7.77855E-05,1.378405
ss_-40c_3.63v_b3b4,tempvolt,ss,-40,3.63,177,3,2.7,3.23546E+07,0.000134564,4,0.9,2.42236E+07,7.96369E-05,1.335664
ss_-40c_3.63v_b3b4,tempvolt,ss,-40,3.63,178,3,2.7,3.36943E+07,0.000134713,4,0.9,2.54658E+07,8.28093E-05,1.323120
ss_-40c_3.63v_b3b4,tempvolt,ss,-40,3.63,179,3,2.7,3.23011E+07,0.000135792,4,0.9,2.42422E+07,8.30697E-05,1.332433
ss_-40c_3.63v_b3b4,tempvolt,ss,-40,3.63,180,3,2.7,4.03161E+07,0.000144359,4,0.9,3.01447E+07,8.81968E-05,1.337419
ss_-40c_3.63v_b3b4,tempvolt,ss,-40,3.63,181,3,2.7,3.2522E+07,0.000131296,4,0.9,2.27843E+07,7.76319E-05,1.427386
ss_-40c_3.63v_b3b4,tempvolt,ss,-40,3.63,182,3,2.7,3.24764E+07,0.00013477,4,0.9,2.20627E+07,7.63417E-05,1.472005
ss_-40c_3.63v_b3b4,tempvolt,ss,-40,3.63,183,3,2.7,3.4484E+07,0.000133675,4,0.9,2.30305E+07,7.55369E-05,1.497319
ss_-40c_3.63v_b3b4,tempvolt,ss,-40,3.63,184,3,2.7,3.24984E+07,0.000134309,4,0.9,2.49326E+07,8.3176E-05,1.303450
ss_-40c_3.63v_b3b4,tempvolt,ss,-40,3.63,185,3,2.7,3.26172E+07,0.00013333,4,0.9,2.32165E+07,7.77152E-05,1.404915
ss_-40c_3.63v_b3b4,tempvolt,ss,-40,3.63,186,3,2.7,3.4267E+07,0.000133775,4,0.9,2.30059E+07,7.54591E-05,1.489487
ss_-40c_3.63v_b3b4,tempvolt,ss,-40,3.63,187,3,2.7,3.78696E+07,0.000138894,4,0.9,3.02475E+07,8.74971E-05,1.251991
ss_-40c_3.63v_b3b4,tempvolt,ss,-40,3.63,188,3,2.7,3.34834E+07,0.000134273,4,0.9,2.62431E+07,8.09588E-05,1.275893
ss_-40c_3.63v_b3b4,tempvolt,ss,-40,3.63,189,3,2.7,3.09263E+07,0.000128701,4,0.9,2.14278E+07,7.36565E-05,1.443279
ss_-40c_3.63v_b3b4,tempvolt,ss,-40,3.63,190,3,2.7,3.3688E+07,0.000132501,4,0.9,2.44481E+07,7.82153E-05,1.377939
ss_-40c_3.63v_b3b4,tempvolt,ss,-40,3.63,191,3,2.7,4.14657E+07,0.000150646,4,0.9,2.9899E+07,9.12557E-05,1.386859
ss_-40c_3.63v_b3b4,tempvolt,ss,-40,3.63,192,3,2.7,2.87068E+07,0.000128329,4,0.9,2.06462E+07,7.54943E-05,1.390416
ss_-40c_3.63v_b3b4,tempvolt,ss,-40,3.63,193,3,2.7,3.79698E+07,0.000143734,4,0.9,3.05341E+07,8.98953E-05,1.243521
ss_-40c_3.63v_b3b4,tempvolt,ss,-40,3.63,194,3,2.7,3.3899E+07,0.000135889,4,0.9,2.54078E+07,8.15756E-05,1.334197
ss_-40c_3.63v_b3b4,tempvolt,ss,-40,3.63,195,3,2.7,3.52634E+07,0.000137426,4,0.9,2.55679E+07,8.10652E-05,1.379206
ss_-40c_3.63v_b3b4,tempvolt,ss,-40,3.63,196,3,2.7,3.57844E+07,0.00013832,4,0.9,2.68675E+07,8.32356E-05,1.331884
ss_-40c_3.63v_b3b4,tempvolt,ss,-40,3.63,197,3,2.7,3.46274E+07,0.000140307,4,0.9,2.77556E+07,8.91361E-05,1.247582
ss_-40c_3.63v_b3b4,tempvolt,ss,-40,3.63,198,3,2.7,3.59729E+07,0.000135611,4,0.9,2.46007E+07,7.85884E-05,1.462271
ss_-40c_3.63v_b3b4,tempvolt,ss,-40,3.63,199,3,2.7,3.64664E+07,0.000140132,4,0.9,2.82122E+07,8.55309E-05,1.292576
ss_-40c_3.63v_b3b4,tempvolt,ss,-40,3.63,200,3,2.7,3.81302E+07,0.000139138,4,0.9,2.771E+07,8.1675E-05,1.376045
ss_125c_2.97v_b3b4,tempvolt,ss,125,2.97,1,3,2.7,5.95156E+07,0.000174475,4,0.9,4.62989E+07,0.000109918,1.285465
ss_125c_2.97v_b3b4,tempvolt,ss,125,2.97,2,3,2.7,5.40146E+07,0.000171214,4,0.9,3.80059E+07,0.000102272,1.421216
ss_125c_2.97v_b3b4,tempvolt,ss,125,2.97,3,3,2.7,5.28027E+07,0.000168273,4,0.9,3.99239E+07,0.000103819,1.322584
ss_125c_2.97v_b3b4,tempvolt,ss,125,2.97,4,3,2.7,5.47266E+07,0.000168592,4,0.9,4.32481E+07,0.000106526,1.265411
ss_125c_2.97v_b3b4,tempvolt,ss,125,2.97,5,3,2.7,5.77769E+07,0.000176847,4,0.9,4.45958E+07,0.000111619,1.295568
ss_125c_2.97v_b3b4,tempvolt,ss,125,2.97,6,3,2.7,5.90579E+07,0.000178223,4,0.9,4.58262E+07,0.00011243,1.288737
ss_125c_2.97v_b3b4,tempvolt,ss,125,2.97,7,3,2.7,5.86236E+07,0.000180217,4,0.9,4.61718E+07,0.000114285,1.269684
ss_125c_2.97v_b3b4,tempvolt,ss,125,2.97,8,3,2.7,5.96043E+07,0.000175031,4,0.9,4.43369E+07,0.00010783,1.344350
ss_125c_2.97v_b3b4,tempvolt,ss,125,2.97,9,3,2.7,5.67761E+07,0.000175394,4,0.9,4.44098E+07,0.000110885,1.278459
ss_125c_2.97v_b3b4,tempvolt,ss,125,2.97,10,3,2.7,5.87605E+07,0.000176151,4,0.9,4.45452E+07,0.000108964,1.319121
ss_125c_2.97v_b3b4,tempvolt,ss,125,2.97,11,3,2.7,5.28158E+07,0.000169633,4,0.9,4.18916E+07,0.000107226,1.260773
ss_125c_2.97v_b3b4,tempvolt,ss,125,2.97,12,3,2.7,5.02884E+07,0.000166532,4,0.9,3.64453E+07,0.000100658,1.379832
ss_125c_2.97v_b3b4,tempvolt,ss,125,2.97,13,3,2.7,5.59413E+07,0.00017209,4,0.9,4.54116E+07,0.000110209,1.231872
ss_125c_2.97v_b3b4,tempvolt,ss,125,2.97,14,3,2.7,6.2534E+07,0.000177784,4,0.9,4.77769E+07,0.000110925,1.308875
ss_125c_2.97v_b3b4,tempvolt,ss,125,2.97,15,3,2.7,5.88804E+07,0.000175718,4,0.9,4.36261E+07,0.00010738,1.349660
ss_125c_2.97v_b3b4,tempvolt,ss,125,2.97,16,3,2.7,5.40822E+07,0.000171857,4,0.9,4.26831E+07,0.000108277,1.267064
ss_125c_2.97v_b3b4,tempvolt,ss,125,2.97,17,3,2.7,5.62958E+07,0.000170813,4,0.9,4.10419E+07,0.000103872,1.371667
ss_125c_2.97v_b3b4,tempvolt,ss,125,2.97,18,3,2.7,5.5826E+07,0.000173946,4,0.9,4.21602E+07,0.000108147,1.324140
ss_125c_2.97v_b3b4,tempvolt,ss,125,2.97,19,3,2.7,5.28295E+07,0.000171445,4,0.9,4.08365E+07,0.000108134,1.293683
ss_125c_2.97v_b3b4,tempvolt,ss,125,2.97,20,3,2.7,5.78334E+07,0.000178118,4,0.9,4.25364E+07,0.000109791,1.359621
ss_125c_2.97v_b3b4,tempvolt,ss,125,2.97,21,3,2.7,5.88522E+07,0.000178136,4,0.9,4.61191E+07,0.000111596,1.276092
ss_125c_2.97v_b3b4,tempvolt,ss,125,2.97,22,3,2.7,5.73528E+07,0.00017428,4,0.9,4.25022E+07,0.000107704,1.349408
ss_125c_2.97v_b3b4,tempvolt,ss,125,2.97,23,3,2.7,5.34251E+07,0.000171223,4,0.9,3.99343E+07,0.000105996,1.337825
ss_125c_2.97v_b3b4,tempvolt,ss,125,2.97,24,3,2.7,5.34501E+07,0.00016856,4,0.9,4.2563E+07,0.000107295,1.255788
ss_125c_2.97v_b3b4,tempvolt,ss,125,2.97,25,3,2.7,5.55688E+07,0.000174803,4,0.9,4.27492E+07,0.00010952,1.299879
ss_125c_2.97v_b3b4,tempvolt,ss,125,2.97,26,3,2.7,5.78492E+07,0.000177363,4,0.9,4.60369E+07,0.000112893,1.256583
ss_125c_2.97v_b3b4,tempvolt,ss,125,2.97,27,3,2.7,5.2956E+07,0.000168125,4,0.9,3.98821E+07,0.000103578,1.327814
ss_125c_2.97v_b3b4,tempvolt,ss,125,2.97,28,3,2.7,5.3467E+07,0.000174342,4,0.9,4.06832E+07,0.000108844,1.314228
ss_125c_2.97v_b3b4,tempvolt,ss,125,2.97,29,3,2.7,5.73597E+07,0.000173457,4,0.9,4.46155E+07,0.000108604,1.285645
ss_125c_2.97v_b3b4,tempvolt,ss,125,2.97,30,3,2.7,5.89277E+07,0.000174642,4,0.9,4.55428E+07,0.000109144,1.293897
ss_125c_2.97v_b3b4,tempvolt,ss,125,2.97,31,3,2.7,5.90284E+07,0.000176884,4,0.9,4.48122E+07,0.000110441,1.317240
ss_125c_2.97v_b3b4,tempvolt,ss,125,2.97,32,3,2.7,5.32709E+07,0.000170774,4,0.9,3.93131E+07,0.000104509,1.355042
ss_125c_2.97v_b3b4,tempvolt,ss,125,2.97,33,3,2.7,5.75442E+07,0.000175869,4,0.9,4.51542E+07,0.000111304,1.274393
ss_125c_2.97v_b3b4,tempvolt,ss,125,2.97,34,3,2.7,5.51643E+07,0.00017374,4,0.9,4.00107E+07,0.000105516,1.378739
ss_125c_2.97v_b3b4,tempvolt,ss,125,2.97,35,3,2.7,5.86726E+07,0.000177855,4,0.9,4.50376E+07,0.000112872,1.302747
ss_125c_2.97v_b3b4,tempvolt,ss,125,2.97,36,3,2.7,5.88511E+07,0.000174886,4,0.9,4.65793E+07,0.000110873,1.263460
ss_125c_2.97v_b3b4,tempvolt,ss,125,2.97,37,3,2.7,5.53038E+07,0.00017488,4,0.9,4.36721E+07,0.000110762,1.266342
ss_125c_2.97v_b3b4,tempvolt,ss,125,2.97,38,3,2.7,5.38746E+07,0.000172323,4,0.9,4.04333E+07,0.000106679,1.332431
ss_125c_2.97v_b3b4,tempvolt,ss,125,2.97,39,3,2.7,5.75502E+07,0.000175344,4,0.9,4.42402E+07,0.000110488,1.300858
ss_125c_2.97v_b3b4,tempvolt,ss,125,2.97,40,3,2.7,5.97255E+07,0.000180135,4,0.9,4.57402E+07,0.000114508,1.305755
ss_125c_2.97v_b3b4,tempvolt,ss,125,2.97,41,3,2.7,5.70382E+07,0.000170314,4,0.9,4.19063E+07,0.000103489,1.361089
ss_125c_2.97v_b3b4,tempvolt,ss,125,2.97,42,3,2.7,6.08062E+07,0.000179689,4,0.9,4.86932E+07,0.000114989,1.248762
ss_125c_2.97v_b3b4,tempvolt,ss,125,2.97,43,3,2.7,5.97182E+07,0.000179472,4,0.9,4.82728E+07,0.000116254,1.237098
ss_125c_2.97v_b3b4,tempvolt,ss,125,2.97,44,3,2.7,5.90414E+07,0.000179078,4,0.9,4.59441E+07,0.000113114,1.285070
ss_125c_2.97v_b3b4,tempvolt,ss,125,2.97,45,3,2.7,5.65384E+07,0.000178062,4,0.9,4.54871E+07,0.000115607,1.242955
ss_125c_2.97v_b3b4,tempvolt,ss,125,2.97,46,3,2.7,5.85684E+07,0.000175469,4,0.9,4.61681E+07,0.000110808,1.268590
ss_125c_2.97v_b3b4,tempvolt,ss,125,2.97,47,3,2.7,6.04222E+07,0.000180348,4,0.9,4.47266E+07,0.000111686,1.350923
ss_125c_2.97v_b3b4,tempvolt,ss,125,2.97,48,3,2.7,5.75961E+07,0.000178924,4,0.9,4.48918E+07,0.000114208,1.282998
ss_125c_2.97v_b3b4,tempvolt,ss,125,2.97,49,3,2.7,5.81234E+07,0.000174937,4,0.9,4.45153E+07,0.000109486,1.305695
ss_125c_2.97v_b3b4,tempvolt,ss,125,2.97,50,3,2.7,6.08629E+07,0.000180169,4,0.9,4.6526E+07,0.000115349,1.308148
ss_125c_2.97v_b3b4,tempvolt,ss,125,2.97,51,3,2.7,5.85121E+07,0.000174722,4,0.9,4.42757E+07,0.000108059,1.321540
ss_125c_2.97v_b3b4,tempvolt,ss,125,2.97,52,3,2.7,5.11005E+07,0.000167647,4,0.9,3.76545E+07,0.000102585,1.357089
ss_125c_2.97v_b3b4,tempvolt,ss,125,2.97,53,3,2.7,6.26279E+07,0.000182893,4,0.9,4.83702E+07,0.000116157,1.294762
ss_125c_2.97v_b3b4,tempvolt,ss,125,2.97,54,3,2.7,6.06345E+07,0.000181171,4,0.9,4.79111E+07,0.000116132,1.265563
ss_125c_2.97v_b3b4,tempvolt,ss,125,2.97,55,3,2.7,5.71298E+07,0.000175549,4,0.9,4.2376E+07,0.000108809,1.348164
ss_125c_2.97v_b3b4,tempvolt,ss,125,2.97,56,3,2.7,6.07382E+07,0.000175551,4,0.9,4.66826E+07,0.000110214,1.301089
ss_125c_2.97v_b3b4,tempvolt,ss,125,2.97,57,3,2.7,5.70506E+07,0.000176029,4,0.9,4.31641E+07,0.000109366,1.321714
ss_125c_2.97v_b3b4,tempvolt,ss,125,2.97,58,3,2.7,5.65749E+07,0.000174038,4,0.9,4.35773E+07,0.000109115,1.298265
ss_125c_2.97v_b3b4,tempvolt,ss,125,2.97,59,3,2.7,5.29574E+07,0.000166458,4,0.9,4.08116E+07,0.000102263,1.297607
ss_125c_2.97v_b3b4,tempvolt,ss,125,2.97,60,3,2.7,5.68794E+07,0.000172352,4,0.9,4.45041E+07,0.000108462,1.278071
ss_125c_2.97v_b3b4,tempvolt,ss,125,2.97,61,3,2.7,5.3485E+07,0.00017087,4,0.9,4.04524E+07,0.000105481,1.322171
ss_125c_2.97v_b3b4,tempvolt,ss,125,2.97,62,3,2.7,5.76241E+07,0.000177401,4,0.9,4.61682E+07,0.000112562,1.248134
ss_125c_2.97v_b3b4,tempvolt,ss,125,2.97,63,3,2.7,5.97723E+07,0.000179938,4,0.9,4.59884E+07,0.000114103,1.299726
ss_125c_2.97v_b3b4,tempvolt,ss,125,2.97,64,3,2.7,5.21423E+07,0.000165127,4,0.9,3.63107E+07,9.64843E-05,1.436004
ss_125c_2.97v_b3b4,tempvolt,ss,125,2.97,65,3,2.7,5.44798E+07,0.000169621,4,0.9,4.08982E+07,0.000103386,1.332083
ss_125c_2.97v_b3b4,tempvolt,ss,125,2.97,66,3,2.7,5.14398E+07,0.000168337,4,0.9,3.61048E+07,9.97238E-05,1.424736
ss_125c_2.97v_b3b4,tempvolt,ss,125,2.97,67,3,2.7,5.86738E+07,0.000178977,4,0.9,4.27147E+07,0.000109601,1.373621
ss_125c_2.97v_b3b4,tempvolt,ss,125,2.97,68,3,2.7,5.87518E+07,0.00017716,4,0.9,4.65068E+07,0.000111766,1.263295
ss_125c_2.97v_b3b4,tempvolt,ss,125,2.97,69,3,2.7,5.5495E+07,0.000175327,4,0.9,4.12618E+07,0.000108156,1.344949
ss_125c_2.97v_b3b4,tempvolt,ss,125,2.97,70,3,2.7,4.95926E+07,0.000170186,4,0.9,4.00224E+07,0.000109957,1.239121
ss_125c_2.97v_b3b4,tempvolt,ss,125,2.97,71,3,2.7,5.58975E+07,0.000170659,4,0.9,4.09247E+07,0.00010388,1.365862
ss_125c_2.97v_b3b4,tempvolt,ss,125,2.97,72,3,2.7,6.02769E+07,0.0001758,4,0.9,4.37878E+07,0.000107762,1.376568
ss_125c_2.97v_b3b4,tempvolt,ss,125,2.97,73,3,2.7,5.94791E+07,0.000173167,4,0.9,4.55389E+07,0.000107877,1.306116
ss_125c_2.97v_b3b4,tempvolt,ss,125,2.97,74,3,2.7,6.54188E+07,0.00018946,4,0.9,5.45508E+07,0.000125203,1.199227
ss_125c_2.97v_b3b4,tempvolt,ss,125,2.97,75,3,2.7,6.28163E+07,0.000180831,4,0.9,4.77457E+07,0.000113693,1.315643
ss_125c_2.97v_b3b4,tempvolt,ss,125,2.97,76,3,2.7,5.74187E+07,0.000175969,4,0.9,4.21976E+07,0.000107608,1.360710
ss_125c_2.97v_b3b4,tempvolt,ss,125,2.97,77,3,2.7,6.11068E+07,0.00018131,4,0.9,4.97133E+07,0.000119227,1.229184
ss_125c_2.97v_b3b4,tempvolt,ss,125,2.97,78,3,2.7,5.5122E+07,0.000171847,4,0.9,4.30603E+07,0.00010831,1.280112
ss_125c_2.97v_b3b4,tempvolt,ss,125,2.97,79,3,2.7,5.7363E+07,0.00017294,4,0.9,4.42972E+07,0.000107568,1.294958
ss_125c_2.97v_b3b4,tempvolt,ss,125,2.97,80,3,2.7,5.70405E+07,0.000173119,4,0.9,4.40497E+07,0.000108801,1.294912
ss_125c_2.97v_b3b4,tempvolt,ss,125,2.97,81,3,2.7,5.29013E+07,0.000168541,4,0.9,4.09197E+07,0.00010519,1.292808
ss_125c_2.97v_b3b4,tempvolt,ss,125,2.97,82,3,2.7,5.51566E+07,0.000173349,4,0.9,4.31839E+07,0.000108648,1.277249
ss_125c_2.97v_b3b4,tempvolt,ss,125,2.97,83,3,2.7,5.5628E+07,0.000175215,4,0.9,4.35922E+07,0.000110706,1.276100
ss_125c_2.97v_b3b4,tempvolt,ss,125,2.97,84,3,2.7,5.68848E+07,0.000173177,4,0.9,4.52577E+07,0.000110472,1.256909
ss_125c_2.97v_b3b4,tempvolt,ss,125,2.97,85,3,2.7,5.26841E+07,0.000170945,4,0.9,3.8575E+07,0.000103308,1.365758
ss_125c_2.97v_b3b4,tempvolt,ss,125,2.97,86,3,2.7,6.0204E+07,0.000177943,4,0.9,4.51074E+07,0.000111941,1.334681
ss_125c_2.97v_b3b4,tempvolt,ss,125,2.97,87,3,2.7,5.55263E+07,0.00017409,4,0.9,4.32643E+07,0.000109186,1.283421
ss_125c_2.97v_b3b4,tempvolt,ss,125,2.97,88,3,2.7,6.18016E+07,0.000182262,4,0.9,4.77726E+07,0.000115898,1.293662
ss_125c_2.97v_b3b4,tempvolt,ss,125,2.97,89,3,2.7,5.70062E+07,0.000178167,4,0.9,4.58781E+07,0.000114929,1.242558
ss_125c_2.97v_b3b4,tempvolt,ss,125,2.97,90,3,2.7,5.79969E+07,0.000173732,4,0.9,4.56311E+07,0.000108411,1.270995
ss_125c_2.97v_b3b4,tempvolt,ss,125,2.97,91,3,2.7,6.06881E+07,0.000180306,4,0.9,4.54819E+07,0.000112447,1.334335
ss_125c_2.97v_b3b4,tempvolt,ss,125,2.97,92,3,2.7,5.54476E+07,0.000177098,4,0.9,4.3812E+07,0.000112591,1.265580
ss_125c_2.97v_b3b4,tempvolt,ss,125,2.97,93,3,2.7,5.74165E+07,0.000174069,4,0.9,4.60854E+07,0.000112426,1.245872
ss_125c_2.97v_b3b4,tempvolt,ss,125,2.97,94,3,2.7,5.54231E+07,0.000171277,4,0.9,4.19889E+07,0.000107577,1.319946
ss_125c_2.97v_b3b4,tempvolt,ss,125,2.97,95,3,2.7,5.50502E+07,0.000171009,4,0.9,4.27115E+07,0.000106306,1.288885
ss_125c_2.97v_b3b4,tempvolt,ss,125,2.97,96,3,2.7,5.50767E+07,0.000174643,4,0.9,4.34146E+07,0.000110521,1.268622
ss_125c_2.97v_b3b4,tempvolt,ss,125,2.97,97,3,2.7,6.19582E+07,0.000178282,4,0.9,4.6648E+07,0.000111686,1.328207
ss_125c_2.97v_b3b4,tempvolt,ss,125,2.97,98,3,2.7,5.27934E+07,0.000169881,4,0.9,3.89863E+07,0.000103882,1.354153
ss_125c_2.97v_b3b4,tempvolt,ss,125,2.97,99,3,2.7,5.59582E+07,0.000174235,4,0.9,4.3002E+07,0.000109474,1.301293
ss_125c_2.97v_b3b4,tempvolt,ss,125,2.97,100,3,2.7,5.40708E+07,0.000171171,4,0.9,4.16384E+07,0.000106712,1.298580
ss_125c_2.97v_b3b4,tempvolt,ss,125,2.97,101,3,2.7,5.95343E+07,0.000177642,4,0.9,4.46523E+07,0.000111282,1.333286
ss_125c_2.97v_b3b4,tempvolt,ss,125,2.97,102,3,2.7,5.73605E+07,0.000175625,4,0.9,4.53473E+07,0.000111144,1.264915
ss_125c_2.97v_b3b4,tempvolt,ss,125,2.97,103,3,2.7,5.36324E+07,0.000172669,4,0.9,4.27284E+07,0.000109844,1.255193
ss_125c_2.97v_b3b4,tempvolt,ss,125,2.97,104,3,2.7,5.11272E+07,0.000167594,4,0.9,3.71051E+07,0.000101469,1.377902
ss_125c_2.97v_b3b4,tempvolt,ss,125,2.97,105,3,2.7,5.90144E+07,0.000179654,4,0.9,4.6791E+07,0.000115269,1.261234
ss_125c_2.97v_b3b4,tempvolt,ss,125,2.97,106,3,2.7,5.7222E+07,0.000176099,4,0.9,4.16608E+07,0.000108141,1.373521
ss_125c_2.97v_b3b4,tempvolt,ss,125,2.97,107,3,2.7,5.76954E+07,0.000175982,4,0.9,4.31334E+07,0.000109632,1.337604
ss_125c_2.97v_b3b4,tempvolt,ss,125,2.97,108,3,2.7,5.39099E+07,0.000174067,4,0.9,3.9986E+07,0.000107413,1.348219
ss_125c_2.97v_b3b4,tempvolt,ss,125,2.97,109,3,2.7,6.47048E+07,0.000184434,4,0.9,5.22663E+07,0.000120615,1.237983
ss_125c_2.97v_b3b4,tempvolt,ss,125,2.97,110,3,2.7,5.70211E+07,0.000177331,4,0.9,4.44522E+07,0.000112317,1.282751
ss_125c_2.97v_b3b4,tempvolt,ss,125,2.97,111,3,2.7,5.87414E+07,0.000179798,4,0.9,4.6167E+07,0.000114865,1.272368
ss_125c_2.97v_b3b4,tempvolt,ss,125,2.97,112,3,2.7,5.56798E+07,0.000173967,4,0.9,4.05615E+07,0.000106513,1.372725
ss_125c_2.97v_b3b4,tempvolt,ss,125,2.97,113,3,2.7,6.1935E+07,0.000178001,4,0.9,4.7217E+07,0.000111376,1.311710
ss_125c_2.97v_b3b4,tempvolt,ss,125,2.97,114,3,2.7,5.6301E+07,0.000172819,4,0.9,4.20923E+07,0.000106316,1.337561
ss_125c_2.97v_b3b4,tempvolt,ss,125,2.97,115,3,2.7,6.43785E+07,0.000184401,4,0.9,4.99845E+07,0.000118494,1.287969
ss_125c_2.97v_b3b4,tempvolt,ss,125,2.97,116,3,2.7,5.58812E+07,0.000172648,4,0.9,4.50241E+07,0.000110539,1.241140
ss_125c_2.97v_b3b4,tempvolt,ss,125,2.97,117,3,2.7,6.12671E+07,0.000179355,4,0.9,4.77758E+07,0.000114016,1.282388
ss_125c_2.97v_b3b4,tempvolt,ss,125,2.97,118,3,2.7,5.64957E+07,0.000171319,4,0.9,4.67438E+07,0.000111301,1.208624
ss_125c_2.97v_b3b4,tempvolt,ss,125,2.97,119,3,2.7,5.89654E+07,0.000177735,4,0.9,4.46307E+07,0.000110979,1.321185
ss_125c_2.97v_b3b4,tempvolt,ss,125,2.97,120,3,2.7,5.95674E+07,0.000176999,4,0.9,4.54077E+07,0.000110846,1.311835
ss_125c_2.97v_b3b4,tempvolt,ss,125,2.97,121,3,2.7,5.39486E+07,0.000167932,4,0.9,3.81446E+07,9.942E-05,1.414318
ss_125c_2.97v_b3b4,tempvolt,ss,125,2.97,122,3,2.7,5.55248E+07,0.000175833,4,0.9,4.07031E+07,0.000108129,1.364142
ss_125c_2.97v_b3b4,tempvolt,ss,125,2.97,123,3,2.7,5.87588E+07,0.000176967,4,0.9,4.76352E+07,0.000114448,1.233516
ss_125c_2.97v_b3b4,tempvolt,ss,125,2.97,124,3,2.7,5.81698E+07,0.00017761,4,0.9,4.35219E+07,0.000109921,1.336564
ss_125c_2.97v_b3b4,tempvolt,ss,125,2.97,125,3,2.7,5.71226E+07,0.000175478,4,0.9,4.46474E+07,0.000111516,1.279416
ss_125c_2.97v_b3b4,tempvolt,ss,125,2.97,126,3,2.7,5.81909E+07,0.000181393,4,0.9,4.45554E+07,0.000114634,1.306035
ss_125c_2.97v_b3b4,tempvolt,ss,125,2.97,127,3,2.7,5.28972E+07,0.000171152,4,0.9,4.11619E+07,0.000108066,1.285101
ss_125c_2.97v_b3b4,tempvolt,ss,125,2.97,128,3,2.7,5.8586E+07,0.00017325,4,0.9,4.78738E+07,0.000112495,1.223759
ss_125c_2.97v_b3b4,tempvolt,ss,125,2.97,129,3,2.7,5.79197E+07,0.000176644,4,0.9,4.38044E+07,0.000109886,1.322235
ss_125c_2.97v_b3b4,tempvolt,ss,125,2.97,130,3,2.7,5.43527E+07,0.000175621,4,0.9,4.03447E+07,0.000108031,1.347208
ss_125c_2.97v_b3b4,tempvolt,ss,125,2.97,131,3,2.7,5.76958E+07,0.000176539,4,0.9,4.43349E+07,0.000112309,1.301363
ss_125c_2.97v_b3b4,tempvolt,ss,125,2.97,132,3,2.7,5.46512E+07,0.000169552,4,0.9,3.96509E+07,0.000103198,1.378309
ss_125c_2.97v_b3b4,tempvolt,ss,125,2.97,133,3,2.7,5.23065E+07,0.000169203,4,0.9,3.99574E+07,0.000105497,1.309057
ss_125c_2.97v_b3b4,tempvolt,ss,125,2.97,134,3,2.7,5.96278E+07,0.000179024,4,0.9,4.72672E+07,0.000115361,1.261505
ss_125c_2.97v_b3b4,tempvolt,ss,125,2.97,135,3,2.7,5.86257E+07,0.000174509,4,0.9,4.4379E+07,0.000108011,1.321023
ss_125c_2.97v_b3b4,tempvolt,ss,125,2.97,136,3,2.7,5.50659E+07,0.00017422,4,0.9,3.81215E+07,0.000103936,1.444484
ss_125c_2.97v_b3b4,tempvolt,ss,125,2.97,137,3,2.7,5.62962E+07,0.000175125,4,0.9,4.56061E+07,0.000112614,1.234401
ss_125c_2.97v_b3b4,tempvolt,ss,125,2.97,138,3,2.7,5.39874E+07,0.000166557,4,0.9,4.1438E+07,0.000103845,1.302848
ss_125c_2.97v_b3b4,tempvolt,ss,125,2.97,139,3,2.7,5.77562E+07,0.00017975,4,0.9,4.63108E+07,0.000115765,1.247143
ss_125c_2.97v_b3b4,tempvolt,ss,125,2.97,140,3,2.7,5.46776E+07,0.000169646,4,0.9,4.11478E+07,0.000105725,1.328810
ss_125c_2.97v_b3b4,tempvolt,ss,125,2.97,141,3,2.7,5.95653E+07,0.000179325,4,0.9,4.48537E+07,0.000112214,1.327991
ss_125c_2.97v_b3b4,tempvolt,ss,125,2.97,142,3,2.7,6.18756E+07,0.000181167,4,0.9,4.92412E+07,0.000117292,1.256582
ss_125c_2.97v_b3b4,tempvolt,ss,125,2.97,143,3,2.7,6.04039E+07,0.000179612,4,0.9,4.55613E+07,0.000110828,1.325772
ss_125c_2.97v_b3b4,tempvolt,ss,125,2.97,144,3,2.7,6.06097E+07,0.000176757,4,0.9,4.80193E+07,0.000112659,1.262195
ss_125c_2.97v_b3b4,tempvolt,ss,125,2.97,145,3,2.7,5.8866E+07,0.000178372,4,0.9,4.59769E+07,0.000112981,1.280339
ss_125c_2.97v_b3b4,tempvolt,ss,125,2.97,146,3,2.7,5.8396E+07,0.000175621,4,0.9,4.59578E+07,0.000111375,1.270644
ss_125c_2.97v_b3b4,tempvolt,ss,125,2.97,147,3,2.7,5.65577E+07,0.000174575,4,0.9,4.43155E+07,0.000110413,1.276251
ss_125c_2.97v_b3b4,tempvolt,ss,125,2.97,148,3,2.7,5.8014E+07,0.000175445,4,0.9,4.35875E+07,0.000108642,1.330978
ss_125c_2.97v_b3b4,tempvolt,ss,125,2.97,149,3,2.7,5.88705E+07,0.000177311,4,0.9,4.59031E+07,0.000112203,1.282495
ss_125c_2.97v_b3b4,tempvolt,ss,125,2.97,150,3,2.7,5.5389E+07,0.000171547,4,0.9,4.30014E+07,0.000108132,1.288074
ss_125c_2.97v_b3b4,tempvolt,ss,125,2.97,151,3,2.7,5.6121E+07,0.000172324,4,0.9,4.21447E+07,0.000106055,1.331627
ss_125c_2.97v_b3b4,tempvolt,ss,125,2.97,152,3,2.7,6.02249E+07,0.000183312,4,0.9,4.7391E+07,0.000118275,1.270809
ss_125c_2.97v_b3b4,tempvolt,ss,125,2.97,153,3,2.7,5.65674E+07,0.000175302,4,0.9,4.33481E+07,0.000110087,1.304957
ss_125c_2.97v_b3b4,tempvolt,ss,125,2.97,154,3,2.7,5.41015E+07,0.000171362,4,0.9,4.11779E+07,0.000106634,1.313848
ss_125c_2.97v_b3b4,tempvolt,ss,125,2.97,155,3,2.7,5.7515E+07,0.000173613,4,0.9,4.30683E+07,0.000107686,1.335437
ss_125c_2.97v_b3b4,tempvolt,ss,125,2.97,156,3,2.7,5.61106E+07,0.000173032,4,0.9,4.33595E+07,0.000107584,1.294079
ss_125c_2.97v_b3b4,tempvolt,ss,125,2.97,157,3,2.7,6.01243E+07,0.000176075,4,0.9,4.6708E+07,0.000110846,1.287238
ss_125c_2.97v_b3b4,tempvolt,ss,125,2.97,158,3,2.7,6.01624E+07,0.000176961,4,0.9,4.6558E+07,0.000111507,1.292203
ss_125c_2.97v_b3b4,tempvolt,ss,125,2.97,159,3,2.7,6.26563E+07,0.00018444,4,0.9,4.94619E+07,0.000118789,1.266759
ss_125c_2.97v_b3b4,tempvolt,ss,125,2.97,160,3,2.7,5.94992E+07,0.000178562,4,0.9,4.5035E+07,0.00011333,1.321177
ss_125c_2.97v_b3b4,tempvolt,ss,125,2.97,161,3,2.7,5.96397E+07,0.000178365,4,0.9,4.48606E+07,0.000111397,1.329445
ss_125c_2.97v_b3b4,tempvolt,ss,125,2.97,162,3,2.7,5.80933E+07,0.000175602,4,0.9,4.26569E+07,0.000107477,1.361873
ss_125c_2.97v_b3b4,tempvolt,ss,125,2.97,163,3,2.7,5.6614E+07,0.000172011,4,0.9,4.28748E+07,0.000105545,1.320449
ss_125c_2.97v_b3b4,tempvolt,ss,125,2.97,164,3,2.7,5.42375E+07,0.000170284,4,0.9,4.22355E+07,0.000106886,1.284169
ss_125c_2.97v_b3b4,tempvolt,ss,125,2.97,165,3,2.7,5.55843E+07,0.00017349,4,0.9,4.27069E+07,0.000107606,1.301530
ss_125c_2.97v_b3b4,tempvolt,ss,125,2.97,166,3,2.7,6.23946E+07,0.000180412,4,0.9,4.99848E+07,0.000116652,1.248271
ss_125c_2.97v_b3b4,tempvolt,ss,125,2.97,167,3,2.7,5.86462E+07,0.000175391,4,0.9,4.53011E+07,0.000110245,1.294587
ss_125c_2.97v_b3b4,tempvolt,ss,125,2.97,168,3,2.7,5.87108E+07,0.000181086,4,0.9,4.57503E+07,0.000114472,1.283288
ss_125c_2.97v_b3b4,tempvolt,ss,125,2.97,169,3,2.7,5.32843E+07,0.000170124,4,0.9,3.7609E+07,0.000101829,1.416797
ss_125c_2.97v_b3b4,tempvolt,ss,125,2.97,170,3,2.7,5.52099E+07,0.000173203,4,0.9,4.12374E+07,0.000106231,1.338831
ss_125c_2.97v_b3b4,tempvolt,ss,125,2.97,171,3,2.7,6.08313E+07,0.000180126,4,0.9,4.59985E+07,0.000112681,1.322463
ss_125c_2.97v_b3b4,tempvolt,ss,125,2.97,172,3,2.7,5.83282E+07,0.000180292,4,0.9,4.43793E+07,0.000113581,1.314311
ss_125c_2.97v_b3b4,tempvolt,ss,125,2.97,173,3,2.7,5.32651E+07,0.000167981,4,0.9,4.0641E+07,0.000104357,1.310625
ss_125c_2.97v_b3b4,tempvolt,ss,125,2.97,174,3,2.7,5.56594E+07,0.000173044,4,0.9,4.46075E+07,0.000110027,1.247759
ss_125c_2.97v_b3b4,tempvolt,ss,125,2.97,175,3,2.7,5.78892E+07,0.000171916,4,0.9,4.25721E+07,0.000104962,1.359792
ss_125c_2.97v_b3b4,tempvolt,ss,125,2.97,176,3,2.7,5.24144E+07,0.000168555,4,0.9,3.92909E+07,0.000104057,1.334009
ss_125c_2.97v_b3b4,tempvolt,ss,125,2.97,177,3,2.7,5.351E+07,0.000172707,4,0.9,4.12525E+07,0.000108196,1.297134
ss_125c_2.97v_b3b4,tempvolt,ss,125,2.97,178,3,2.7,5.52038E+07,0.00017223,4,0.9,4.24915E+07,0.000108119,1.299173
ss_125c_2.97v_b3b4,tempvolt,ss,125,2.97,179,3,2.7,5.42909E+07,0.000176498,4,0.9,4.20744E+07,0.000112049,1.290355
ss_125c_2.97v_b3b4,tempvolt,ss,125,2.97,180,3,2.7,6.20963E+07,0.000180566,4,0.9,4.78622E+07,0.000113271,1.297398
ss_125c_2.97v_b3b4,tempvolt,ss,125,2.97,181,3,2.7,5.41962E+07,0.000169626,4,0.9,3.95556E+07,0.000103515,1.370127
ss_125c_2.97v_b3b4,tempvolt,ss,125,2.97,182,3,2.7,5.38542E+07,0.000174409,4,0.9,3.85903E+07,0.000104764,1.395537
ss_125c_2.97v_b3b4,tempvolt,ss,125,2.97,183,3,2.7,5.55242E+07,0.000171468,4,0.9,3.91593E+07,0.000102222,1.417906
ss_125c_2.97v_b3b4,tempvolt,ss,125,2.97,184,3,2.7,5.37939E+07,0.000172892,4,0.9,4.21187E+07,0.000109197,1.277198
ss_125c_2.97v_b3b4,tempvolt,ss,125,2.97,185,3,2.7,5.34187E+07,0.000170383,4,0.9,3.94519E+07,0.000104193,1.354021
ss_125c_2.97v_b3b4,tempvolt,ss,125,2.97,186,3,2.7,5.54878E+07,0.000170647,4,0.9,3.90394E+07,0.000100328,1.421328
ss_125c_2.97v_b3b4,tempvolt,ss,125,2.97,187,3,2.7,5.95953E+07,0.000175619,4,0.9,4.77975E+07,0.000112431,1.246829
ss_125c_2.97v_b3b4,tempvolt,ss,125,2.97,188,3,2.7,5.48485E+07,0.000170054,4,0.9,4.34294E+07,0.000106631,1.262935
ss_125c_2.97v_b3b4,tempvolt,ss,125,2.97,189,3,2.7,5.15061E+07,0.00016456,4,0.9,3.7226E+07,9.92181E-05,1.383606
ss_125c_2.97v_b3b4,tempvolt,ss,125,2.97,190,3,2.7,5.5225E+07,0.000169853,4,0.9,4.11951E+07,0.00010292,1.340572
ss_125c_2.97v_b3b4,tempvolt,ss,125,2.97,191,3,2.7,6.375E+07,0.000186919,4,0.9,4.78958E+07,0.000116679,1.331014
ss_125c_2.97v_b3b4,tempvolt,ss,125,2.97,192,3,2.7,4.95047E+07,0.000168192,4,0.9,3.69243E+07,0.000104005,1.340708
ss_125c_2.97v_b3b4,tempvolt,ss,125,2.97,193,3,2.7,6.01737E+07,0.00017918,4,0.9,4.86383E+07,0.000115814,1.237167
ss_125c_2.97v_b3b4,tempvolt,ss,125,2.97,194,3,2.7,5.51359E+07,0.000174083,4,0.9,4.24768E+07,0.000108926,1.298024
ss_125c_2.97v_b3b4,tempvolt,ss,125,2.97,195,3,2.7,5.71708E+07,0.000174239,4,0.9,4.29508E+07,0.000107493,1.331076
ss_125c_2.97v_b3b4,tempvolt,ss,125,2.97,196,3,2.7,5.76265E+07,0.000175485,4,0.9,4.44003E+07,0.000109635,1.297885
ss_125c_2.97v_b3b4,tempvolt,ss,125,2.97,197,3,2.7,5.67373E+07,0.000177616,4,0.9,4.60343E+07,0.000114549,1.232501
ss_125c_2.97v_b3b4,tempvolt,ss,125,2.97,198,3,2.7,5.79995E+07,0.00017384,4,0.9,4.16859E+07,0.000105218,1.391346
ss_125c_2.97v_b3b4,tempvolt,ss,125,2.97,199,3,2.7,5.83932E+07,0.000174538,4,0.9,4.57717E+07,0.000108441,1.275749
ss_125c_2.97v_b3b4,tempvolt,ss,125,2.97,200,3,2.7,5.98039E+07,0.000176005,4,0.9,4.47915E+07,0.000109165,1.335162
ss_125c_3.63v_b0b1,pair,ss,125,3.63,1,0,2.7,9.62827E+06,9.88453E-05,1,0.9,7.28295E+06,7.56321E-05,1.322029
ss_125c_3.63v_b0b1,pair,ss,125,3.63,2,0,2.7,8.06206E+06,9.79055E-05,1,0.9,6.02641E+06,7.5121E-05,1.337788
ss_125c_3.63v_b0b1,pair,ss,125,3.63,3,0,2.7,8.14114E+06,9.64427E-05,1,0.9,6.13096E+06,7.44119E-05,1.327874
ss_125c_3.63v_b0b1,pair,ss,125,3.63,4,0,2.7,9.00608E+06,9.68236E-05,1,0.9,6.75215E+06,7.38229E-05,1.333809
ss_125c_3.63v_b0b1,pair,ss,125,3.63,5,0,2.7,9.12243E+06,0.0001021,1,0.9,6.97556E+06,7.88296E-05,1.307770
ss_125c_3.63v_b0b1,pair,ss,125,3.63,6,0,2.7,9.31222E+06,0.000100874,1,0.9,7.0303E+06,7.73147E-05,1.324584
ss_125c_3.63v_b0b1,pair,ss,125,3.63,7,0,2.7,9.23178E+06,0.000101498,1,0.9,7.08502E+06,8.014E-05,1.303000
ss_125c_3.63v_b0b1,pair,ss,125,3.63,8,0,2.7,9.41491E+06,9.89091E-05,1,0.9,7.09374E+06,7.67303E-05,1.327214
ss_125c_3.63v_b0b1,pair,ss,125,3.63,9,0,2.7,8.85189E+06,0.000101163,1,0.9,6.68565E+06,7.8118E-05,1.324013
ss_125c_3.63v_b0b1,pair,ss,125,3.63,10,0,2.7,9.30019E+06,9.91182E-05,1,0.9,7.02074E+06,7.58192E-05,1.324674
ss_125c_3.63v_b0b1,pair,ss,125,3.63,11,0,2.7,8.335E+06,9.94238E-05,1,0.9,6.32134E+06,7.6639E-05,1.318550
ss_125c_3.63v_b0b1,pair,ss,125,3.63,12,0,2.7,7.60725E+06,9.71487E-05,1,0.9,5.69033E+06,7.5249E-05,1.336873
ss_125c_3.63v_b0b1,pair,ss,125,3.63,13,0,2.7,8.95805E+06,9.88921E-05,1,0.9,6.77173E+06,7.55752E-05,1.322860
ss_125c_3.63v_b0b1,pair,ss,125,3.63,14,0,2.7,1.02578E+07,9.84193E-05,1,0.9,7.7896E+06,7.68098E-05,1.316858
ss_125c_3.63v_b0b1,pair,ss,125,3.63,15,0,2.7,9.26034E+06,9.88157E-05,1,0.9,7.06004E+06,7.64917E-05,1.311655
ss_125c_3.63v_b0b1,pair,ss,125,3.63,16,0,2.7,8.69213E+06,9.75117E-05,1,0.9,6.59101E+06,7.54017E-05,1.318786
ss_125c_3.63v_b0b1,pair,ss,125,3.63,17,0,2.7,8.45249E+06,9.49382E-05,1,0.9,6.26796E+06,7.37191E-05,1.348523
ss_125c_3.63v_b0b1,pair,ss,125,3.63,18,0,2.7,8.51132E+06,9.76675E-05,1,0.9,6.36271E+06,7.60153E-05,1.337688
ss_125c_3.63v_b0b1,pair,ss,125,3.63,19,0,2.7,8.30417E+06,0.000100451,1,0.9,6.28612E+06,7.84526E-05,1.321033
ss_125c_3.63v_b0b1,pair,ss,125,3.63,20,0,2.7,8.94137E+06,0.000100881,1,0.9,6.8195E+06,7.86561E-05,1.311147
ss_125c_3.63v_b0b1,pair,ss,125,3.63,21,0,2.7,9.19175E+06,9.9065E-05,1,0.9,7.05929E+06,7.74568E-05,1.302079
ss_125c_3.63v_b0b1,pair,ss,125,3.63,22,0,2.7,8.74111E+06,9.99155E-05,1,0.9,6.63108E+06,7.69156E-05,1.318203
ss_125c_3.63v_b0b1,pair,ss,125,3.63,23,0,2.7,8.15738E+06,9.89354E-05,1,0.9,6.18262E+06,7.66543E-05,1.319405
ss_125c_3.63v_b0b1,pair,ss,125,3.63,24,0,2.7,8.52083E+06,9.67128E-05,1,0.9,6.37425E+06,7.51911E-05,1.336758
ss_125c_3.63v_b0b1,pair,ss,125,3.63,25,0,2.7,8.75426E+06,0.000102131,1,0.9,6.52765E+06,7.69978E-05,1.341104
ss_125c_3.63v_b0b1,pair,ss,125,3.63,26,0,2.7,9.27977E+06,0.000100601,1,0.9,7.07726E+06,7.82367E-05,1.311209
ss_125c_3.63v_b0b1,pair,ss,125,3.63,27,0,2.7,8.17636E+06,9.57742E-05,1,0.9,6.09685E+06,7.34789E-05,1.341079
ss_125c_3.63v_b0b1,pair,ss,125,3.63,28,0,2.7,8.16004E+06,0.000102776,1,0.9,6.2274E+06,7.89707E-05,1.310345
ss_125c_3.63v_b0b1,pair,ss,125,3.63,29,0,2.7,9.02509E+06,9.80706E-05,1,0.9,6.85067E+06,7.57093E-05,1.317403
ss_125c_3.63v_b0b1,pair,ss,125,3.63,30,0,2.7,1.00081E+07,9.92719E-05,1,0.9,7.52117E+06,7.61992E-05,1.330657
ss_125c_3.63v_b0b1,pair,ss,125,3.63,31,0,2.7,9.23775E+06,9.88305E-05,1,0.9,7.06102E+06,7.67149E-05,1.308274
ss_125c_3.63v_b0b1,pair,ss,125,3.63,32,0,2.7,8.02419E+06,9.71465E-05,1,0.9,6.01239E+06,7.4964E-05,1.334609
ss_125c_3.63v_b0b1,pair,ss,125,3.63,33,0,2.7,9.32016E+06,9.98197E-05,1,0.9,7.05064E+06,7.75155E-05,1.321889
ss_125c_3.63v_b0b1,pair,ss,125,3.63,34,0,2.7,8.34896E+06,9.82525E-05,1,0.9,6.28199E+06,7.62617E-05,1.329031
ss_125c_3.63v_b0b1,pair,ss,125,3.63,35,0,2.7,9.64834E+06,0.000102329,1,0.9,7.33711E+06,8.02631E-05,1.315005
ss_125c_3.63v_b0b1,pair,ss,125,3.63,36,0,2.7,9.98858E+06,9.83739E-05,1,0.9,7.60348E+06,7.58297E-05,1.313685
ss_125c_3.63v_b0b1,pair,ss,125,3.63,37,0,2.7,8.86242E+06,0.000100607,1,0.9,6.72483E+06,7.83314E-05,1.317865
ss_125c_3.63v_b0b1,pair,ss,125,3.63,38,0,2.7,8.25771E+06,9.97242E-05,1,0.9,6.30069E+06,7.74948E-05,1.310604
ss_125c_3.63v_b0b1,pair,ss,125,3.63,39,0,2.7,9.30736E+06,9.99739E-05,1,0.9,7.03415E+06,7.79648E-05,1.323168
ss_125c_3.63v_b0b1,pair,ss,125,3.63,40,0,2.7,9.8975E+06,0.000103886,1,0.9,7.58887E+06,8.14752E-05,1.304213
ss_125c_3.63v_b0b1,pair,ss,125,3.63,41,0,2.7,9.23426E+06,9.66596E-05,1,0.9,6.89415E+06,7.36198E-05,1.339434
ss_125c_3.63v_b0b1,pair,ss,125,3.63,42,0,2.7,1.00551E+07,0.000101543,1,0.9,7.68888E+06,7.98205E-05,1.307746
ss_125c_3.63v_b0b1,pair,ss,125,3.63,43,0,2.7,9.99118E+06,0.00010301,1,0.9,7.63587E+06,8.06181E-05,1.308453
ss_125c_3.63v_b0b1,pair,ss,125,3.63,44,0,2.7,9.53048E+06,0.000100682,1,0.9,7.29576E+06,7.84707E-05,1.306304
ss_125c_3.63v_b0b1,pair,ss,125,3.63,45,0,2.7,9.18034E+06,0.000104051,1,0.9,7.06086E+06,8.25241E-05,1.300173
ss_125c_3.63v_b0b1,pair,ss,125,3.63,46,0,2.7,9.50975E+06,9.8453E-05,1,0.9,7.1681E+06,7.68319E-05,1.326677
ss_125c_3.63v_b0b1,pair,ss,125,3.63,47,0,2.7,9.36325E+06,0.000101985,1,0.9,7.18605E+06,7.95721E-05,1.302976
ss_125c_3.63v_b0b1,pair,ss,125,3.63,48,0,2.7,9.38035E+06,0.000103202,1,0.9,7.17209E+06,7.95826E-05,1.307896
ss_125c_3.63v_b0b1,pair,ss,125,3.63,49,0,2.7,9.24826E+06,9.9432E-05,1,0.9,7.00635E+06,7.74955E-05,1.319983
ss_125c_3.63v_b0b1,pair,ss,125,3.63,50,0,2.7,9.84684E+06,0.000103323,1,0.9,7.5142E+06,7.98372E-05,1.310431
ss_125c_3.63v_b0b1,pair,ss,125,3.63,51,0,2.7,9.57071E+06,9.93844E-05,1,0.9,7.21887E+06,7.56709E-05,1.325791
ss_125c_3.63v_b0b1,pair,ss,125,3.63,52,0,2.7,7.58497E+06,9.61316E-05,1,0.9,5.65796E+06,7.43436E-05,1.340584
ss_125c_3.63v_b0b1,pair,ss,125,3.63,53,0,2.7,1.01492E+07,0.000103171,1,0.9,7.87427E+06,8.12675E-05,1.288907
ss_125c_3.63v_b0b1,pair,ss,125,3.63,54,0,2.7,9.74144E+06,0.000103102,1,0.9,7.45802E+06,8.05401E-05,1.306170
ss_125c_3.63v_b0b1,pair,ss,125,3.63,55,0,2.7,8.82605E+06,0.000101183,1,0.9,6.70784E+06,7.90215E-05,1.315781
ss_125c_3.63v_b0b1,pair,ss,125,3.63,56,0,2.7,1.02223E+07,9.99304E-05,1,0.9,7.67683E+06,7.69266E-05,1.331578
ss_125c_3.63v_b0b1,pair,ss,125,3.63,57,0,2.7,8.94349E+06,9.92519E-05,1,0.9,6.72728E+06,7.67914E-05,1.329436
ss_125c_3.63v_b0b1,pair,ss,125,3.63,58,0,2.7,9.04674E+06,9.93035E-05,1,0.9,6.84607E+06,7.69125E-05,1.321450
ss_125c_3.63v_b0b1,pair,ss,125,3.63,59,0,2.7,8.46464E+06,9.64293E-05,1,0.9,6.32768E+06,7.1709E-05,1.337716
ss_125c_3.63v_b0b1,pair,ss,125,3.63,60,0,2.7,9.36305E+06,9.85163E-05,1,0.9,7.05709E+06,7.59587E-05,1.326758
ss_125c_3.63v_b0b1,pair,ss,125,3.63,61,0,2.7,8.08703E+06,9.65269E-05,1,0.9,6.12216E+06,7.54753E-05,1.320944
ss_125c_3.63v_b0b1,pair,ss,125,3.63,62,0,2.7,8.99175E+06,0.000100336,1,0.9,6.86148E+06,7.60757E-05,1.310468
ss_125c_3.63v_b0b1,pair,ss,125,3.63,63,0,2.7,9.96412E+06,0.000102753,1,0.9,7.62629E+06,8.03238E-05,1.306549
ss_125c_3.63v_b0b1,pair,ss,125,3.63,64,0,2.7,7.55134E+06,9.27149E-05,1,0.9,5.61014E+06,7.00172E-05,1.346016
ss_125c_3.63v_b0b1,pair,ss,125,3.63,65,0,2.7,8.38296E+06,9.53237E-05,1,0.9,6.35536E+06,7.27617E-05,1.319038
ss_125c_3.63v_b0b1,pair,ss,125,3.63,66,0,2.7,7.47271E+06,9.49367E-05,1,0.9,5.59356E+06,7.27001E-05,1.335949
ss_125c_3.63v_b0b1,pair,ss,125,3.63,67,0,2.7,9.30347E+06,0.000101898,1,0.9,7.07385E+06,7.98203E-05,1.315192
ss_125c_3.63v_b0b1,pair,ss,125,3.63,68,0,2.7,9.16528E+06,9.85649E-05,1,0.9,6.94839E+06,7.55434E-05,1.319051
ss_125c_3.63v_b0b1,pair,ss,125,3.63,69,0,2.7,8.60606E+06,0.000101263,1,0.9,6.52481E+06,7.76131E-05,1.318975
ss_125c_3.63v_b0b1,pair,ss,125,3.63,70,0,2.7,7.77616E+06,0.000101659,1,0.9,5.86638E+06,7.95403E-05,1.325547
ss_125c_3.63v_b0b1,pair,ss,125,3.63,71,0,2.7,8.75284E+06,9.65304E-05,1,0.9,6.59203E+06,7.49131E-05,1.327791
ss_125c_3.63v_b0b1,pair,ss,125,3.63,72,0,2.7,9.79642E+06,9.94597E-05,1,0.9,7.43306E+06,7.76258E-05,1.317952
ss_125c_3.63v_b0b1,pair,ss,125,3.63,73,0,2.7,9.67692E+06,9.94043E-05,1,0.9,7.35735E+06,7.54723E-05,1.315272
ss_125c_3.63v_b0b1,pair,ss,125,3.63,74,0,2.7,1.11238E+07,0.000106786,1,0.9,8.64094E+06,8.55672E-05,1.287337
ss_125c_3.63v_b0b1,pair,ss,125,3.63,75,0,2.7,1.01078E+07,0.000101227,1,0.9,7.77305E+06,7.92137E-05,1.300365
ss_125c_3.63v_b0b1,pair,ss,125,3.63,76,0,2.7,8.71872E+06,9.95832E-05,1,0.9,6.57945E+06,7.56418E-05,1.325144
ss_125c_3.63v_b0b1,pair,ss,125,3.63,77,0,2.7,1.03649E+07,0.000104394,1,0.9,7.98645E+06,8.05731E-05,1.297811
ss_125c_3.63v_b0b1,pair,ss,125,3.63,78,0,2.7,8.98366E+06,9.87821E-05,1,0.9,6.77188E+06,7.69897E-05,1.326612
ss_125c_3.63v_b0b1,pair,ss,125,3.63,79,0,2.7,9.13788E+06,9.67459E-05,1,0.9,6.7978E+06,7.38735E-05,1.344241
ss_125c_3.63v_b0b1,pair,ss,125,3.63,80,0,2.7,9.12293E+06,9.87239E-05,1,0.9,6.95439E+06,7.67764E-05,1.311823
ss_125c_3.63v_b0b1,pair,ss,125,3.63,81,0,2.7,8.11207E+06,9.6182E-05,1,0.9,6.048E+06,7.32562E-05,1.341281
ss_125c_3.63v_b0b1,pair,ss,125,3.63,82,0,2.7,8.79771E+06,9.9352E-05,1,0.9,6.69338E+06,7.70808E-05,1.314390
ss_125c_3.63v_b0b1,pair,ss,125,3.63,83,0,2.7,8.87142E+06,9.92665E-05,1,0.9,6.67369E+06,7.64411E-05,1.329313
ss_125c_3.63v_b0b1,pair,ss,125,3.63,84,0,2.7,9.30258E+06,9.91931E-05,1,0.9,7.07983E+06,7.69195E-05,1.313955
ss_125c_3.63v_b0b1,pair,ss,125,3.63,85,0,2.7,7.95466E+06,9.72317E-05,1,0.9,6.00712E+06,7.44602E-05,1.324205
ss_125c_3.63v_b0b1,pair,ss,125,3.63,86,0,2.7,1.00894E+07,0.000102203,1,0.9,7.71527E+06,8.1386E-05,1.307718
ss_125c_3.63v_b0b1,pair,ss,125,3.63,87,0,2.7,8.6633E+06,9.86901E-05,1,0.9,6.56259E+06,7.65157E-05,1.320104
ss_125c_3.63v_b0b1,pair,ss,125,3.63,88,0,2.7,1.013E+07,0.000103029,1,0.9,7.79804E+06,8.10698E-05,1.299044
ss_125c_3.63v_b0b1,pair,ss,125,3.63,89,0,2.7,9.49642E+06,0.000103653,1,0.9,7.26037E+06,8.02664E-05,1.307980
ss_125c_3.63v_b0b1,pair,ss,125,3.63,90,0,2.7,9.31351E+06,9.73783E-05,1,0.9,7.02894E+06,7.58294E-05,1.325023
ss_125c_3.63v_b0b1,pair,ss,125,3.63,91,0,2.7,9.77192E+06,0.000102434,1,0.9,7.50057E+06,8.00038E-05,1.302824
ss_125c_3.63v_b0b1,pair,ss,125,3.63,92,0,2.7,8.88355E+06,0.000101554,1,0.9,6.79531E+06,7.84025E-05,1.307306
ss_125c_3.63v_b0b1,pair,ss,125,3.63,93,0,2.7,9.72036E+06,9.99718E-05,1,0.9,7.34595E+06,7.8957E-05,1.323227
ss_125c_3.63v_b0b1,pair,ss,125,3.63,94,0,2.7,8.86975E+06,9.82901E-05,1,0.9,6.72964E+06,7.63822E-05,1.318013
ss_125c_3.63v_b0b1,pair,ss,125,3.63,95,0,2.7,8.81333E+06,9.76478E-05,1,0.9,6.61437E+06,7.46173E-05,1.332452
ss_125c_3.63v_b0b1,pair,ss,125,3.63,96,0,2.7,8.62632E+06,9.95867E-05,1,0.9,6.51112E+06,7.65028E-05,1.324860
ss_125c_3.63v_b0b1,pair,ss,125,3.63,97,0,2.7,1.03976E+07,0.000100827,1,0.9,7.85813E+06,7.94125E-05,1.323165
ss_125c_3.63v_b0b1,pair,ss,125,3.63,98,0,2.7,8.12116E+06,9.84617E-05,1,0.9,6.12913E+06,7.57526E-05,1.325010
ss_125c_3.63v_b0b1,pair,ss,125,3.63,99,0,2.7,8.88113E+06,9.93293E-05,1,0.9,6.70755E+06,7.7344E-05,1.324050
ss_125c_3.63v_b0b1,pair,ss,125,3.63,100,0,2.7,8.53255E+06,9.75097E-05,1,0.9,6.36911E+06,7.46903E-05,1.339677
ss_125c_3.63v_b0b1,pair,ss,125,3.63,101,0,2.7,9.63173E+06,0.000100645,1,0.9,7.33821E+06,7.76162E-05,1.312545
ss_125c_3.63v_b0b1,pair,ss,125,3.63,102,0,2.7,9.19108E+06,9.91584E-05,1,0.9,6.90041E+06,7.61438E-05,1.331961
ss_125c_3.63v_b0b1,pair,ss,125,3.63,103,0,2.7,8.37777E+06,9.88249E-05,1,0.9,6.27291E+06,7.7493E-05,1.335548
ss_125c_3.63v_b0b1,pair,ss,125,3.63,104,0,2.7,7.50204E+06,9.64124E-05,1,0.9,5.57484E+06,7.34922E-05,1.345696
ss_125c_3.63v_b0b1,pair,ss,125,3.63,105,0,2.7,9.59361E+06,0.000103178,1,0.9,7.31041E+06,8.01308E-05,1.312322
ss_125c_3.63v_b0b1,pair,ss,125,3.63,106,0,2.7,8.81601E+06,0.000101252,1,0.9,6.73694E+06,7.82492E-05,1.308607
ss_125c_3.63v_b0b1,pair,ss,125,3.63,107,0,2.7,9.21273E+06,0.000102008,1,0.9,6.92659E+06,8.31129E-05,1.330053
ss_125c_3.63v_b0b1,pair,ss,125,3.63,108,0,2.7,8.27286E+06,0.000101011,1,0.9,6.31368E+06,7.90611E-05,1.310307
ss_125c_3.63v_b0b1,pair,ss,125,3.63,109,0,2.7,1.12408E+07,0.000105379,1,0.9,8.58407E+06,8.12138E-05,1.309495
ss_125c_3.63v_b0b1,pair,ss,125,3.63,110,0,2.7,8.67718E+06,0.000101568,1,0.9,6.65996E+06,7.87049E-05,1.302888
ss_125c_3.63v_b0b1,pair,ss,125,3.63,111,0,2.7,9.45778E+06,0.000103153,1,0.9,7.19184E+06,7.91111E-05,1.315071
ss_125c_3.63v_b0b1,pair,ss,125,3.63,112,0,2.7,8.19338E+06,9.88105E-05,1,0.9,6.13837E+06,7.56601E-05,1.334781
ss_125c_3.63v_b0b1,pair,ss,125,3.63,113,0,2.7,1.00021E+07,0.000100319,1,0.9,7.5842E+06,7.64394E-05,1.318808
ss_125c_3.63v_b0b1,pair,ss,125,3.63,114,0,2.7,8.5333E+06,9.69732E-05,1,0.9,6.41923E+06,7.94335E-05,1.329334
ss_125c_3.63v_b0b1,pair,ss,125,3.63,115,0,2.7,1.07983E+07,0.000104246,1,0.9,8.34984E+06,8.12572E-05,1.293234
ss_125c_3.63v_b0b1,pair,ss,125,3.63,116,0,2.7,8.96233E+06,9.8884E-05,1,0.9,6.78276E+06,7.60266E-05,1.321340
ss_125c_3.63v_b0b1,pair,ss,125,3.63,117,0,2.7,1.04592E+07,0.000101927,1,0.9,7.96096E+06,7.86545E-05,1.313811
ss_125c_3.63v_b0b1,pair,ss,125,3.63,118,0,2.7,9.394E+06,9.6703E-05,1,0.9,7.06542E+06,7.61768E-05,1.329574
ss_125c_3.63v_b0b1,pair,ss,125,3.63,119,0,2.7,9.641E+06,0.000100649,1,0.9,7.34354E+06,7.91717E-05,1.312855
ss_125c_3.63v_b0b1,pair,ss,125,3.63,120,0,2.7,9.83515E+06,0.000101255,1,0.9,7.5202E+06,7.84446E-05,1.307831
ss_125c_3.63v_b0b1,pair,ss,125,3.63,121,0,2.7,8.24007E+06,9.56679E-05,1,0.9,6.16879E+06,7.28854E-05,1.335768
ss_125c_3.63v_b0b1,pair,ss,125,3.63,122,0,2.7,8.69072E+06,0.000101033,1,0.9,6.57361E+06,7.84718E-05,1.322062
ss_125c_3.63v_b0b1,pair,ss,125,3.63,123,0,2.7,1.01199E+07,0.000101987,1,0.9,7.73875E+06,7.95351E-05,1.307692
ss_125c_3.63v_b0b1,pair,ss,125,3.63,124,0,2.7,8.88138E+06,0.00010012,1,0.9,6.73087E+06,7.78843E-05,1.319500
ss_125c_3.63v_b0b1,pair,ss,125,3.63,125,0,2.7,9.25567E+06,0.000101387,1,0.9,7.02157E+06,7.87354E-05,1.318177
ss_125c_3.63v_b0b1,pair,ss,125,3.63,126,0,2.7,9.17929E+06,0.000104137,1,0.9,7.07892E+06,8.20737E-05,1.296708
ss_125c_3.63v_b0b1,pair,ss,125,3.63,127,0,2.7,8.36517E+06,9.94046E-05,1,0.9,6.29583E+06,7.76885E-05,1.328684
ss_125c_3.63v_b0b1,pair,ss,125,3.63,128,0,2.7,9.9019E+06,9.96145E-05,1,0.9,7.50672E+06,7.8203E-05,1.319071
ss_125c_3.63v_b0b1,pair,ss,125,3.63,129,0,2.7,9.22979E+06,0.000101242,1,0.9,6.98256E+06,7.83163E-05,1.321835
ss_125c_3.63v_b0b1,pair,ss,125,3.63,130,0,2.7,8.06075E+06,9.99306E-05,1,0.9,6.03584E+06,7.7067E-05,1.335481
ss_125c_3.63v_b0b1,pair,ss,125,3.63,131,0,2.7,9.28775E+06,0.000103078,1,0.9,7.05617E+06,8.05812E-05,1.316259
ss_125c_3.63v_b0b1,pair,ss,125,3.63,132,0,2.7,8.18416E+06,9.63357E-05,1,0.9,6.07478E+06,7.39773E-05,1.347236
ss_125c_3.63v_b0b1,pair,ss,125,3.63,133,0,2.7,8.29399E+06,9.91968E-05,1,0.9,6.25123E+06,7.7453E-05,1.326777
ss_125c_3.63v_b0b1,pair,ss,125,3.63,134,0,2.7,9.7381E+06,0.000103085,1,0.9,7.43969E+06,7.97757E-05,1.308939
ss_125c_3.63v_b0b1,pair,ss,125,3.63,135,0,2.7,9.35153E+06,9.82445E-05,1,0.9,7.04493E+06,7.4561E-05,1.327413
ss_125c_3.63v_b0b1,pair,ss,125,3.63,136,0,2.7,8.24665E+06,9.90912E-05,1,0.9,6.25665E+06,7.70079E-05,1.318062
ss_125c_3.63v_b0b1,pair,ss,125,3.63,137,0,2.7,9.26236E+06,0.000102448,1,0.9,7.04378E+06,7.90339E-05,1.314970
ss_125c_3.63v_b0b1,pair,ss,125,3.63,138,0,2.7,9.0667E+06,9.61166E-05,1,0.9,6.83019E+06,7.4334E-05,1.327445
ss_125c_3.63v_b0b1,pair,ss,125,3.63,139,0,2.7,9.54169E+06,0.000103697,1,0.9,7.26369E+06,8.06099E-05,1.313615
ss_125c_3.63v_b0b1,pair,ss,125,3.63,140,0,2.7,8.81881E+06,9.81672E-05,1,0.9,6.60825E+06,7.56054E-05,1.334515
ss_125c_3.63v_b0b1,pair,ss,125,3.63,141,0,2.7,9.62089E+06,0.000101719,1,0.9,7.35219E+06,7.96875E-05,1.308575
ss_125c_3.63v_b0b1,pair,ss,125,3.63,142,0,2.7,1.04861E+07,0.000105048,1,0.9,8.00538E+06,8.14301E-05,1.309882
ss_125c_3.63v_b0b1,pair,ss,125,3.63,143,0,2.7,9.6575E+06,0.000100409,1,0.9,7.46205E+06,8.1159E-05,1.294215
ss_125c_3.63v_b0b1,pair,ss,125,3.63,144,0,2.7,9.84141E+06,9.96686E-05,1,0.9,7.42483E+06,7.69522E-05,1.325473
ss_125c_3.63v_b0b1,pair,ss,125,3.63,145,0,2.7,9.61822E+06,0.000101941,1,0.9,7.34373E+06,8.02871E-05,1.309719
ss_125c_3.63v_b0b1,pair,ss,125,3.63,146,0,2.7,9.50063E+06,0.000100925,1,0.9,7.18268E+06,7.6591E-05,1.322714
ss_125c_3.63v_b0b1,pair,ss,125,3.63,147,0,2.7,9.06708E+06,9.98526E-05,1,0.9,6.89082E+06,7.62106E-05,1.315820
ss_125c_3.63v_b0b1,pair,ss,125,3.63,148,0,2.7,9.28256E+06,0.00010011,1,0.9,7.06426E+06,7.76875E-05,1.314017
ss_125c_3.63v_b0b1,pair,ss,125,3.63,149,0,2.7,9.44451E+06,9.98021E-05,1,0.9,7.1621E+06,7.80741E-05,1.318679
ss_125c_3.63v_b0b1,pair,ss,125,3.63,150,0,2.7,8.95265E+06,9.94348E-05,1,0.9,6.7547E+06,7.56726E-05,1.325396
ss_125c_3.63v_b0b1,pair,ss,125,3.63,151,0,2.7,8.84381E+06,9.75369E-05,1,0.9,6.61814E+06,7.46471E-05,1.336298
ss_125c_3.63v_b0b1,pair,ss,125,3.63,152,0,2.7,9.73925E+06,0.00010569,1,0.9,7.47931E+06,8.44257E-05,1.302159
ss_125c_3.63v_b0b1,pair,ss,125,3.63,153,0,2.7,9.05234E+06,0.000100322,1,0.9,6.91903E+06,7.95628E-05,1.308325
ss_125c_3.63v_b0b1,pair,ss,125,3.63,154,0,2.7,8.44815E+06,9.78061E-05,1,0.9,6.36516E+06,7.53922E-05,1.327249
ss_125c_3.63v_b0b1,pair,ss,125,3.63,155,0,2.7,9.03277E+06,9.84166E-05,1,0.9,6.82821E+06,7.59312E-05,1.322861
ss_125c_3.63v_b0b1,pair,ss,125,3.63,156,0,2.7,8.89761E+06,9.75435E-05,1,0.9,6.743E+06,7.47068E-05,1.319533
ss_125c_3.63v_b0b1,pair,ss,125,3.63,157,0,2.7,9.67521E+06,9.8989E-05,1,0.9,7.34268E+06,7.54141E-05,1.317667
ss_125c_3.63v_b0b1,pair,ss,125,3.63,158,0,2.7,9.83781E+06,9.99654E-05,1,0.9,7.52386E+06,7.76267E-05,1.307548
ss_125c_3.63v_b0b1,pair,ss,125,3.63,159,0,2.7,1.00039E+07,0.000103917,1,0.9,7.69233E+06,8.19422E-05,1.300503
ss_125c_3.63v_b0b1,pair,ss,125,3.63,160,0,2.7,9.28009E+06,0.000102953,1,0.9,7.10376E+06,7.88134E-05,1.306363
ss_125c_3.63v_b0b1,pair,ss,125,3.63,161,0,2.7,9.5373E+06,0.000100396,1,0.9,7.19856E+06,7.72884E-05,1.324890
ss_125c_3.63v_b0b1,pair,ss,125,3.63,162,0,2.7,8.91016E+06,9.719E-05,1,0.9,6.71929E+06,7.53627E-05,1.326057
ss_125c_3.63v_b0b1,pair,ss,125,3.63,163,0,2.7,8.72602E+06,9.69487E-05,1,0.9,6.62536E+06,7.40915E-05,1.317064
ss_125c_3.63v_b0b1,pair,ss,125,3.63,164,0,2.7,8.6231E+06,9.84377E-05,1,0.9,6.46196E+06,7.48988E-05,1.334440
ss_125c_3.63v_b0b1,pair,ss,125,3.63,165,0,2.7,8.9233E+06,9.84356E-05,1,0.9,6.72847E+06,7.6556E-05,1.326200
ss_125c_3.63v_b0b1,pair,ss,125,3.63,166,0,2.7,1.04489E+07,0.000102538,1,0.9,7.93306E+06,7.98688E-05,1.317134
ss_125c_3.63v_b0b1,pair,ss,125,3.63,167,0,2.7,9.61053E+06,9.83206E-05,1,0.9,7.33457E+06,7.78793E-05,1.310306
ss_125c_3.63v_b0b1,pair,ss,125,3.63,168,0,2.7,9.41818E+06,0.000101944,1,0.9,7.1853E+06,7.91679E-05,1.310757
ss_125c_3.63v_b0b1,pair,ss,125,3.63,169,0,2.7,7.72274E+06,9.61663E-05,1,0.9,5.82125E+06,7.49974E-05,1.326646
ss_125c_3.63v_b0b1,pair,ss,125,3.63,170,0,2.7,8.46414E+06,9.74908E-05,1,0.9,6.41961E+06,7.48788E-05,1.318482
ss_125c_3.63v_b0b1,pair,ss,125,3.63,171,0,2.7,9.83818E+06,0.000102947,1,0.9,7.56587E+06,8.03296E-05,1.300337
ss_125c_3.63v_b0b1,pair,ss,125,3.63,172,0,2.7,8.97086E+06,0.000102652,1,0.9,6.91814E+06,8.0178E-05,1.296716
ss_125c_3.63v_b0b1,pair,ss,125,3.63,173,0,2.7,8.52093E+06,9.6626E-05,1,0.9,6.32121E+06,7.40672E-05,1.347990
ss_125c_3.63v_b0b1,pair,ss,125,3.63,174,0,2.7,8.62802E+06,9.83943E-05,1,0.9,6.55007E+06,7.63215E-05,1.317241
ss_125c_3.63v_b0b1,pair,ss,125,3.63,175,0,2.7,9.62746E+06,9.86167E-05,1,0.9,7.23603E+06,7.53696E-05,1.330489
ss_125c_3.63v_b0b1,pair,ss,125,3.63,176,0,2.7,8.08941E+06,9.65358E-05,1,0.9,6.0851E+06,7.47694E-05,1.329380
ss_125c_3.63v_b0b1,pair,ss,125,3.63,177,0,2.7,8.59741E+06,0.000101146,1,0.9,6.57609E+06,7.81129E-05,1.307374
ss_125c_3.63v_b0b1,pair,ss,125,3.63,178,0,2.7,8.79288E+06,9.9896E-05,1,0.9,6.55489E+06,7.55671E-05,1.341423
ss_125c_3.63v_b0b1,pair,ss,125,3.63,179,0,2.7,8.25463E+06,0.000101339,1,0.9,6.27084E+06,7.99081E-05,1.316352
ss_125c_3.63v_b0b1,pair,ss,125,3.63,180,0,2.7,1.01653E+07,0.000101244,1,0.9,7.78369E+06,7.94961E-05,1.305974
ss_125c_3.63v_b0b1,pair,ss,125,3.63,181,0,2.7,8.06029E+06,9.56009E-05,1,0.9,5.96992E+06,7.39975E-05,1.350150
ss_125c_3.63v_b0b1,pair,ss,125,3.63,182,0,2.7,7.88835E+06,9.77386E-05,1,0.9,6.06506E+06,7.65754E-05,1.300622
ss_125c_3.63v_b0b1,pair,ss,125,3.63,183,0,2.7,8.72319E+06,9.75546E-05,1,0.9,6.62293E+06,7.59013E-05,1.317119
ss_125c_3.63v_b0b1,pair,ss,125,3.63,184,0,2.7,8.32032E+06,9.86964E-05,1,0.9,6.22537E+06,7.62987E-05,1.336518
ss_125c_3.63v_b0b1,pair,ss,125,3.63,185,0,2.7,8.34377E+06,0.000100174,1,0.9,6.29723E+06,7.53906E-05,1.324991
ss_125c_3.63v_b0b1,pair,ss,125,3.63,186,0,2.7,8.48614E+06,9.55853E-05,1,0.9,6.35851E+06,7.31686E-05,1.334611
ss_125c_3.63v_b0b1,pair,ss,125,3.63,187,0,2.7,9.94599E+06,0.000100446,1,0.9,7.55583E+06,7.81905E-05,1.316333
ss_125c_3.63v_b0b1,pair,ss,125,3.63,188,0,2.7,8.90449E+06,9.78713E-05,1,0.9,6.74982E+06,7.49187E-05,1.319219
ss_125c_3.63v_b0b1,pair,ss,125,3.63,189,0,2.7,7.97728E+06,9.42869E-05,1,0.9,5.89148E+06,7.29304E-05,1.354037
ss_125c_3.63v_b0b1,pair,ss,125,3.63,190,0,2.7,8.28017E+06,9.397E-05,1,0.9,6.27102E+06,7.29535E-05,1.320386
ss_125c_3.63v_b0b1,pair,ss,125,3.63,191,0,2.7,9.94281E+06,0.0001038,1,0.9,7.69269E+06,8.13303E-05,1.292501
ss_125c_3.63v_b0b1,pair,ss,125,3.63,192,0,2.7,7.42271E+06,9.75079E-05,1,0.9,5.57443E+06,7.46412E-05,1.331564
ss_125c_3.63v_b0b1,pair,ss,125,3.63,193,0,2.7,9.82009E+06,0.000102038,1,0.9,7.42168E+06,7.95177E-05,1.323163
ss_125c_3.63v_b0b1,pair,ss,125,3.63,194,0,2.7,8.64594E+06,9.90055E-05,1,0.9,6.5217E+06,7.66265E-05,1.325719
ss_125c_3.63v_b0b1,pair,ss,125,3.63,195,0,2.7,8.72375E+06,9.79471E-05,1,0.9,6.6566E+06,7.62145E-05,1.310541
ss_125c_3.63v_b0b1,pair,ss,125,3.63,196,0,2.7,9.2343E+06,0.000100299,1,0.9,7.03137E+06,7.77658E-05,1.313300
ss_125c_3.63v_b0b1,pair,ss,125,3.63,197,0,2.7,8.82167E+06,0.000101014,1,0.9,6.71376E+06,7.91964E-05,1.313969
ss_125c_3.63v_b0b1,pair,ss,125,3.63,198,0,2.7,8.75629E+06,9.81551E-05,1,0.9,6.56978E+06,7.5763E-05,1.332813
ss_125c_3.63v_b0b1,pair,ss,125,3.63,199,0,2.7,9.12499E+06,9.85525E-05,1,0.9,6.91967E+06,7.47322E-05,1.318703
ss_125c_3.63v_b0b1,pair,ss,125,3.63,200,0,2.7,9.72129E+06,0.000100445,1,0.9,7.37164E+06,7.66265E-05,1.318742
ss_125c_3.63v_b1b2,pair,ss,125,3.63,1,1,2.7,1.55593E+07,0.000122029,2,0.9,1.211E+07,8.43879E-05,1.284831
ss_125c_3.63v_b1b2,pair,ss,125,3.63,2,1,2.7,1.33772E+07,0.000120032,2,0.9,1.05155E+07,8.52876E-05,1.272141
ss_125c_3.63v_b1b2,pair,ss,125,3.63,3,1,2.7,1.35508E+07,0.000119111,2,0.9,1.00035E+07,8.21951E-05,1.354606
ss_125c_3.63v_b1b2,pair,ss,125,3.63,4,1,2.7,1.46855E+07,0.000119485,2,0.9,1.07936E+07,8.15517E-05,1.360575
ss_125c_3.63v_b1b2,pair,ss,125,3.63,5,1,2.7,1.49389E+07,0.000123477,2,0.9,1.16383E+07,8.76704E-05,1.283598
ss_125c_3.63v_b1b2,pair,ss,125,3.63,6,1,2.7,1.50797E+07,0.000123031,2,0.9,1.19621E+07,9.01894E-05,1.260623
ss_125c_3.63v_b1b2,pair,ss,125,3.63,7,1,2.7,1.5106E+07,0.000124876,2,0.9,1.17796E+07,8.90945E-05,1.282386
ss_125c_3.63v_b1b2,pair,ss,125,3.63,8,1,2.7,1.52741E+07,0.000122085,2,0.9,1.1984E+07,8.60798E-05,1.274541
ss_125c_3.63v_b1b2,pair,ss,125,3.63,9,1,2.7,1.44782E+07,0.00012325,2,0.9,1.11275E+07,8.75915E-05,1.301119
ss_125c_3.63v_b1b2,pair,ss,125,3.63,10,1,2.7,1.5147E+07,0.000121364,2,0.9,1.18247E+07,8.46909E-05,1.280963
ss_125c_3.63v_b1b2,pair,ss,125,3.63,11,1,2.7,1.38108E+07,0.000121821,2,0.9,1.00415E+07,8.37997E-05,1.375372
ss_125c_3.63v_b1b2,pair,ss,125,3.63,12,1,2.7,1.26727E+07,0.000118206,2,0.9,9.71013E+06,8.26895E-05,1.305101
ss_125c_3.63v_b1b2,pair,ss,125,3.63,13,1,2.7,1.45815E+07,0.000120735,2,0.9,1.0938E+07,8.50619E-05,1.333105
ss_125c_3.63v_b1b2,pair,ss,125,3.63,14,1,2.7,1.65106E+07,0.000122351,2,0.9,1.29418E+07,8.58422E-05,1.275758
ss_125c_3.63v_b1b2,pair,ss,125,3.63,15,1,2.7,1.52247E+07,0.000122772,2,0.9,1.16993E+07,8.44133E-05,1.301334
ss_125c_3.63v_b1b2,pair,ss,125,3.63,16,1,2.7,1.4216E+07,0.000121148,2,0.9,1.07716E+07,8.41452E-05,1.319767
ss_125c_3.63v_b1b2,pair,ss,125,3.63,17,1,2.7,1.39918E+07,0.000118994,2,0.9,1.08783E+07,8.28048E-05,1.286212
ss_125c_3.63v_b1b2,pair,ss,125,3.63,18,1,2.7,1.38813E+07,0.000120385,2,0.9,1.10803E+07,8.62506E-05,1.252791
ss_125c_3.63v_b1b2,pair,ss,125,3.63,19,1,2.7,1.37276E+07,0.000121773,2,0.9,1.02569E+07,8.57943E-05,1.338377
ss_125c_3.63v_b1b2,pair,ss,125,3.63,20,1,2.7,1.46448E+07,0.000123703,2,0.9,1.16359E+07,8.88409E-05,1.258588
ss_125c_3.63v_b1b2,pair,ss,125,3.63,21,1,2.7,1.51187E+07,0.000123291,2,0.9,1.17539E+07,8.7999E-05,1.286271
ss_125c_3.63v_b1b2,pair,ss,125,3.63,22,1,2.7,1.44482E+07,0.000121717,2,0.9,1.12545E+07,8.55753E-05,1.283771
ss_125c_3.63v_b1b2,pair,ss,125,3.63,23,1,2.7,1.35549E+07,0.000121241,2,0.9,1.02345E+07,8.51838E-05,1.324432
ss_125c_3.63v_b1b2,pair,ss,125,3.63,24,1,2.7,1.39859E+07,0.000120305,2,0.9,1.03463E+07,8.22499E-05,1.351778
ss_125c_3.63v_b1b2,pair,ss,125,3.63,25,1,2.7,1.42064E+07,0.000122333,2,0.9,1.1074E+07,8.60664E-05,1.282861
ss_125c_3.63v_b1b2,pair,ss,125,3.63,26,1,2.7,1.51061E+07,0.000123828,2,0.9,1.16538E+07,8.78742E-05,1.296238
ss_125c_3.63v_b1b2,pair,ss,125,3.63,27,1,2.7,1.34921E+07,0.000117969,2,0.9,1.01755E+07,8.227E-05,1.325940
ss_125c_3.63v_b1b2,pair,ss,125,3.63,28,1,2.7,1.35588E+07,0.000123725,2,0.9,1.03767E+07,8.78179E-05,1.306658
ss_125c_3.63v_b1b2,pair,ss,125,3.63,29,1,2.7,1.48152E+07,0.000120835,2,0.9,1.13559E+07,8.48792E-05,1.304626
ss_125c_3.63v_b1b2,pair,ss,125,3.63,30,1,2.7,1.60129E+07,0.000122857,2,0.9,1.20674E+07,8.47855E-05,1.326955
ss_125c_3.63v_b1b2,pair,ss,125,3.63,31,1,2.7,1.51749E+07,0.000123471,2,0.9,1.16778E+07,8.60973E-05,1.299466
ss_125c_3.63v_b1b2,pair,ss,125,3.63,32,1,2.7,1.32397E+07,0.000119838,2,0.9,1.03464E+07,8.46836E-05,1.279643
ss_125c_3.63v_b1b2,pair,ss,125,3.63,33,1,2.7,1.51454E+07,0.000122668,2,0.9,1.18154E+07,8.74671E-05,1.281836
ss_125c_3.63v_b1b2,pair,ss,125,3.63,34,1,2.7,1.3865E+07,0.000120725,2,0.9,1.069E+07,8.49863E-05,1.297007
ss_125c_3.63v_b1b2,pair,ss,125,3.63,35,1,2.7,1.56432E+07,0.000125125,2,0.9,1.20366E+07,8.87726E-05,1.299636
ss_125c_3.63v_b1b2,pair,ss,125,3.63,36,1,2.7,1.61339E+07,0.000122911,2,0.9,1.20683E+07,8.40995E-05,1.336883
ss_125c_3.63v_b1b2,pair,ss,125,3.63,37,1,2.7,1.44577E+07,0.000122928,2,0.9,1.1153E+07,8.63335E-05,1.296306
ss_125c_3.63v_b1b2,pair,ss,125,3.63,38,1,2.7,1.37588E+07,0.000122452,2,0.9,1.02404E+07,8.50619E-05,1.343580
ss_125c_3.63v_b1b2,pair,ss,125,3.63,39,1,2.7,1.5107E+07,0.000124139,2,0.9,1.16936E+07,8.68124E-05,1.291903
ss_125c_3.63v_b1b2,pair,ss,125,3.63,40,1,2.7,1.6007E+07,0.000126584,2,0.9,1.24401E+07,8.99428E-05,1.286726
ss_125c_3.63v_b1b2,pair,ss,125,3.63,41,1,2.7,1.50191E+07,0.000119146,2,0.9,1.14753E+07,8.20666E-05,1.308820
ss_125c_3.63v_b1b2,pair,ss,125,3.63,42,1,2.7,1.61909E+07,0.000126341,2,0.9,1.25965E+07,8.86198E-05,1.285349
ss_125c_3.63v_b1b2,pair,ss,125,3.63,43,1,2.7,1.6099E+07,0.000125647,2,0.9,1.24135E+07,8.88667E-05,1.296895
ss_125c_3.63v_b1b2,pair,ss,125,3.63,44,1,2.7,1.55144E+07,0.000124728,2,0.9,1.1909E+07,8.74683E-05,1.302746
ss_125c_3.63v_b1b2,pair,ss,125,3.63,45,1,2.7,1.4954E+07,0.00012765,2,0.9,1.13613E+07,9.06315E-05,1.316223
ss_125c_3.63v_b1b2,pair,ss,125,3.63,46,1,2.7,1.54109E+07,0.000122621,2,0.9,1.18901E+07,8.66013E-05,1.296112
ss_125c_3.63v_b1b2,pair,ss,125,3.63,47,1,2.7,1.53909E+07,0.000125062,2,0.9,1.20359E+07,8.94459E-05,1.278749
ss_125c_3.63v_b1b2,pair,ss,125,3.63,48,1,2.7,1.52268E+07,0.000127855,2,0.9,1.16302E+07,9.05224E-05,1.309247
ss_125c_3.63v_b1b2,pair,ss,125,3.63,49,1,2.7,1.51111E+07,0.000122664,2,0.9,1.16077E+07,8.53179E-05,1.301817
ss_125c_3.63v_b1b2,pair,ss,125,3.63,50,1,2.7,1.58996E+07,0.000126925,2,0.9,1.25503E+07,9.01676E-05,1.266870
ss_125c_3.63v_b1b2,pair,ss,125,3.63,51,1,2.7,1.54422E+07,0.000120807,2,0.9,1.21047E+07,8.58863E-05,1.275719
ss_125c_3.63v_b1b2,pair,ss,125,3.63,52,1,2.7,1.26385E+07,0.000117938,2,0.9,9.74906E+06,8.14393E-05,1.296381
ss_125c_3.63v_b1b2,pair,ss,125,3.63,53,1,2.7,1.65707E+07,0.000128743,2,0.9,1.24797E+07,9.06372E-05,1.327812
ss_125c_3.63v_b1b2,pair,ss,125,3.63,54,1,2.7,1.57482E+07,0.000126049,2,0.9,1.25887E+07,8.9817E-05,1.250979
ss_125c_3.63v_b1b2,pair,ss,125,3.63,55,1,2.7,1.4519E+07,0.000122663,2,0.9,1.11663E+07,8.66904E-05,1.300252
ss_125c_3.63v_b1b2,pair,ss,125,3.63,56,1,2.7,1.63888E+07,0.000122005,2,0.9,1.25864E+07,8.44526E-05,1.302104
ss_125c_3.63v_b1b2,pair,ss,125,3.63,57,1,2.7,1.45553E+07,0.000122581,2,0.9,1.14467E+07,8.62848E-05,1.271572
ss_125c_3.63v_b1b2,pair,ss,125,3.63,58,1,2.7,1.47155E+07,0.000122418,2,0.9,1.13949E+07,8.63382E-05,1.291411
ss_125c_3.63v_b1b2,pair,ss,125,3.63,59,1,2.7,1.3895E+07,0.000116823,2,0.9,1.02293E+07,7.97941E-05,1.358353
ss_125c_3.63v_b1b2,pair,ss,125,3.63,60,1,2.7,1.51545E+07,0.000120948,2,0.9,1.16808E+07,8.43701E-05,1.297385
ss_125c_3.63v_b1b2,pair,ss,125,3.63,61,1,2.7,1.34388E+07,0.000120316,2,0.9,1.01837E+07,8.31637E-05,1.319638
ss_125c_3.63v_b1b2,pair,ss,125,3.63,62,1,2.7,1.47451E+07,0.000122593,2,0.9,1.13401E+07,8.70717E-05,1.300262
ss_125c_3.63v_b1b2,pair,ss,125,3.63,63,1,2.7,1.60714E+07,0.000126916,2,0.9,1.24378E+07,8.95736E-05,1.292142
ss_125c_3.63v_b1b2,pair,ss,125,3.63,64,1,2.7,1.26223E+07,0.000112707,2,0.9,9.82127E+06,7.80269E-05,1.285200
ss_125c_3.63v_b1b2,pair,ss,125,3.63,65,1,2.7,1.3861E+07,0.00011726,2,0.9,1.06437E+07,8.26762E-05,1.302273
ss_125c_3.63v_b1b2,pair,ss,125,3.63,66,1,2.7,1.25454E+07,0.000117459,2,0.9,9.63185E+06,8.27358E-05,1.302491
ss_125c_3.63v_b1b2,pair,ss,125,3.63,67,1,2.7,1.51983E+07,0.000125463,2,0.9,1.18598E+07,8.94789E-05,1.281497
ss_125c_3.63v_b1b2,pair,ss,125,3.63,68,1,2.7,1.49299E+07,0.000121656,2,0.9,1.16999E+07,8.57303E-05,1.276071
ss_125c_3.63v_b1b2,pair,ss,125,3.63,69,1,2.7,1.41877E+07,0.000122817,2,0.9,1.08468E+07,8.62215E-05,1.308008
ss_125c_3.63v_b1b2,pair,ss,125,3.63,70,1,2.7,1.29013E+07,0.000124139,2,0.9,9.51482E+06,8.67548E-05,1.355916
ss_125c_3.63v_b1b2,pair,ss,125,3.63,71,1,2.7,1.43652E+07,0.000119852,2,0.9,1.10647E+07,8.28776E-05,1.298291
ss_125c_3.63v_b1b2,pair,ss,125,3.63,72,1,2.7,1.59345E+07,0.000123188,2,0.9,1.22371E+07,8.65231E-05,1.302147
ss_125c_3.63v_b1b2,pair,ss,125,3.63,73,1,2.7,1.57804E+07,0.000121618,2,0.9,1.18124E+07,8.37252E-05,1.335918
ss_125c_3.63v_b1b2,pair,ss,125,3.63,74,1,2.7,1.77666E+07,0.000132628,2,0.9,1.39325E+07,9.53282E-05,1.275191
ss_125c_3.63v_b1b2,pair,ss,125,3.63,75,1,2.7,1.63909E+07,0.000124771,2,0.9,1.28071E+07,8.95931E-05,1.279829
ss_125c_3.63v_b1b2,pair,ss,125,3.63,76,1,2.7,1.43339E+07,0.000121467,2,0.9,1.13723E+07,8.5971E-05,1.260422
ss_125c_3.63v_b1b2,pair,ss,125,3.63,77,1,2.7,1.65939E+07,0.000127094,2,0.9,1.28217E+07,9.02256E-05,1.294204
ss_125c_3.63v_b1b2,pair,ss,125,3.63,78,1,2.7,1.46383E+07,0.000121694,2,0.9,1.09946E+07,8.44945E-05,1.331408
ss_125c_3.63v_b1b2,pair,ss,125,3.63,79,1,2.7,1.47986E+07,0.000119753,2,0.9,1.13332E+07,8.42387E-05,1.305774
ss_125c_3.63v_b1b2,pair,ss,125,3.63,80,1,2.7,1.49809E+07,0.000121722,2,0.9,1.12885E+07,8.51872E-05,1.327094
ss_125c_3.63v_b1b2,pair,ss,125,3.63,81,1,2.7,1.33035E+07,0.000118401,2,0.9,1.01828E+07,8.25902E-05,1.306468
ss_125c_3.63v_b1b2,pair,ss,125,3.63,82,1,2.7,1.44006E+07,0.000122155,2,0.9,1.08449E+07,8.45272E-05,1.327868
ss_125c_3.63v_b1b2,pair,ss,125,3.63,83,1,2.7,1.43575E+07,0.000123277,2,0.9,1.12278E+07,8.75123E-05,1.278746
ss_125c_3.63v_b1b2,pair,ss,125,3.63,84,1,2.7,1.52029E+07,0.000124394,2,0.9,1.11982E+07,8.52294E-05,1.357620
ss_125c_3.63v_b1b2,pair,ss,125,3.63,85,1,2.7,1.32824E+07,0.000119567,2,0.9,1.01207E+07,8.37036E-05,1.312399
ss_125c_3.63v_b1b2,pair,ss,125,3.63,86,1,2.7,1.63826E+07,0.000126629,2,0.9,1.24549E+07,8.93459E-05,1.315354
ss_125c_3.63v_b1b2,pair,ss,125,3.63,87,1,2.7,1.42338E+07,0.000121835,2,0.9,1.09138E+07,8.52369E-05,1.304202
ss_125c_3.63v_b1b2,pair,ss,125,3.63,88,1,2.7,1.63774E+07,0.000127585,2,0.9,1.27095E+07,9.01128E-05,1.288595
ss_125c_3.63v_b1b2,pair,ss,125,3.63,89,1,2.7,1.53403E+07,0.000126318,2,0.9,1.18043E+07,8.91323E-05,1.299552
ss_125c_3.63v_b1b2,pair,ss,125,3.63,90,1,2.7,1.51775E+07,0.00012105,2,0.9,1.14791E+07,8.4627E-05,1.322186
ss_125c_3.63v_b1b2,pair,ss,125,3.63,91,1,2.7,1.58594E+07,0.000126636,2,0.9,1.27433E+07,9.01553E-05,1.244528
ss_125c_3.63v_b1b2,pair,ss,125,3.63,92,1,2.7,1.45428E+07,0.000124025,2,0.9,1.10352E+07,8.6498E-05,1.317856
ss_125c_3.63v_b1b2,pair,ss,125,3.63,93,1,2.7,1.57327E+07,0.000123282,2,0.9,1.16557E+07,8.45782E-05,1.349786
ss_125c_3.63v_b1b2,pair,ss,125,3.63,94,1,2.7,1.4673E+07,0.000121785,2,0.9,1.06806E+07,8.40868E-05,1.373799
ss_125c_3.63v_b1b2,pair,ss,125,3.63,95,1,2.7,1.43585E+07,0.000120225,2,0.9,1.10342E+07,8.41145E-05,1.301272
ss_125c_3.63v_b1b2,pair,ss,125,3.63,96,1,2.7,1.40905E+07,0.000122502,2,0.9,1.0924E+07,8.56688E-05,1.289866
ss_125c_3.63v_b1b2,pair,ss,125,3.63,97,1,2.7,1.66464E+07,0.00012354,2,0.9,1.31118E+07,8.73524E-05,1.269574
ss_125c_3.63v_b1b2,pair,ss,125,3.63,98,1,2.7,1.35256E+07,0.000120054,2,0.9,1.01864E+07,8.35077E-05,1.327810
ss_125c_3.63v_b1b2,pair,ss,125,3.63,99,1,2.7,1.44864E+07,0.000121838,2,0.9,1.11561E+07,8.57296E-05,1.298518
ss_125c_3.63v_b1b2,pair,ss,125,3.63,100,1,2.7,1.38827E+07,0.000119285,2,0.9,1.08307E+07,8.40492E-05,1.281792
ss_125c_3.63v_b1b2,pair,ss,125,3.63,101,1,2.7,1.56458E+07,0.000124508,2,0.9,1.20947E+07,8.76474E-05,1.293608
ss_125c_3.63v_b1b2,pair,ss,125,3.63,102,1,2.7,1.48479E+07,0.000122785,2,0.9,1.14816E+07,8.55428E-05,1.293191
ss_125c_3.63v_b1b2,pair,ss,125,3.63,103,1,2.7,1.37071E+07,0.000123144,2,0.9,1.04281E+07,8.5279E-05,1.314439
ss_125c_3.63v_b1b2,pair,ss,125,3.63,104,1,2.7,1.24297E+07,0.000118314,2,0.9,9.73801E+06,8.22038E-05,1.276411
ss_125c_3.63v_b1b2,pair,ss,125,3.63,105,1,2.7,1.54727E+07,0.00012589,2,0.9,1.2059E+07,8.985E-05,1.283083
ss_125c_3.63v_b1b2,pair,ss,125,3.63,106,1,2.7,1.4494E+07,0.000122988,2,0.9,1.14401E+07,8.83401E-05,1.266947
ss_125c_3.63v_b1b2,pair,ss,125,3.63,107,1,2.7,1.49777E+07,0.000124366,2,0.9,1.16064E+07,8.81852E-05,1.290469
ss_125c_3.63v_b1b2,pair,ss,125,3.63,108,1,2.7,1.37282E+07,0.000123223,2,0.9,1.05808E+07,8.6224E-05,1.297463
ss_125c_3.63v_b1b2,pair,ss,125,3.63,109,1,2.7,1.77354E+07,0.000129311,2,0.9,1.39188E+07,9.10566E-05,1.274205
ss_125c_3.63v_b1b2,pair,ss,125,3.63,110,1,2.7,1.44047E+07,0.000124227,2,0.9,1.09526E+07,8.77818E-05,1.315185
ss_125c_3.63v_b1b2,pair,ss,125,3.63,111,1,2.7,1.52705E+07,0.000125969,2,0.9,1.1924E+07,8.90107E-05,1.280652
ss_125c_3.63v_b1b2,pair,ss,125,3.63,112,1,2.7,1.35428E+07,0.000120659,2,0.9,1.08522E+07,8.61946E-05,1.247931
ss_125c_3.63v_b1b2,pair,ss,125,3.63,113,1,2.7,1.61028E+07,0.000122985,2,0.9,1.26267E+07,8.60785E-05,1.275298
ss_125c_3.63v_b1b2,pair,ss,125,3.63,114,1,2.7,1.40468E+07,0.000120388,2,0.9,1.08965E+07,8.37532E-05,1.289111
ss_125c_3.63v_b1b2,pair,ss,125,3.63,115,1,2.7,1.73179E+07,0.000128404,2,0.9,1.35924E+07,9.24157E-05,1.274087
ss_125c_3.63v_b1b2,pair,ss,125,3.63,116,1,2.7,1.46347E+07,0.000121702,2,0.9,1.10611E+07,8.54426E-05,1.323078
ss_125c_3.63v_b1b2,pair,ss,125,3.63,117,1,2.7,1.66855E+07,0.000126097,2,0.9,1.30056E+07,8.95154E-05,1.282947
ss_125c_3.63v_b1b2,pair,ss,125,3.63,118,1,2.7,1.51838E+07,0.000120902,2,0.9,1.13699E+07,8.33012E-05,1.335438
ss_125c_3.63v_b1b2,pair,ss,125,3.63,119,1,2.7,1.56542E+07,0.000124094,2,0.9,1.2035E+07,8.74103E-05,1.300723
ss_125c_3.63v_b1b2,pair,ss,125,3.63,120,1,2.7,1.58641E+07,0.000123596,2,0.9,1.24217E+07,8.86629E-05,1.277128
ss_125c_3.63v_b1b2,pair,ss,125,3.63,121,1,2.7,1.3674E+07,0.000117554,2,0.9,1.04491E+07,8.04692E-05,1.308629
ss_125c_3.63v_b1b2,pair,ss,125,3.63,122,1,2.7,1.4183E+07,0.000123056,2,0.9,1.12869E+07,8.64207E-05,1.256589
ss_125c_3.63v_b1b2,pair,ss,125,3.63,123,1,2.7,1.63033E+07,0.000127353,2,0.9,1.19501E+07,8.65387E-05,1.364281
ss_125c_3.63v_b1b2,pair,ss,125,3.63,124,1,2.7,1.45966E+07,0.000123878,2,0.9,1.16504E+07,8.86162E-05,1.252884
ss_125c_3.63v_b1b2,pair,ss,125,3.63,125,1,2.7,1.50029E+07,0.000123039,2,0.9,1.16635E+07,8.72978E-05,1.286312
ss_125c_3.63v_b1b2,pair,ss,125,3.63,126,1,2.7,1.50082E+07,0.000128174,2,0.9,1.17437E+07,9.14991E-05,1.277979
ss_125c_3.63v_b1b2,pair,ss,125,3.63,127,1,2.7,1.37311E+07,0.000121852,2,0.9,1.04435E+07,8.63885E-05,1.314799
ss_125c_3.63v_b1b2,pair,ss,125,3.63,128,1,2.7,1.59497E+07,0.000123311,2,0.9,1.17067E+07,8.3343E-05,1.362442
ss_125c_3.63v_b1b2,pair,ss,125,3.63,129,1,2.7,1.50361E+07,0.000122821,2,0.9,1.154E+07,8.59049E-05,1.302955
ss_125c_3.63v_b1b2,pair,ss,125,3.63,130,1,2.7,1.33093E+07,0.000122233,2,0.9,1.04865E+07,8.64687E-05,1.269184
ss_125c_3.63v_b1b2,pair,ss,125,3.63,131,1,2.7,1.51277E+07,0.000125752,2,0.9,1.1704E+07,9.01306E-05,1.292524
ss_125c_3.63v_b1b2,pair,ss,125,3.63,132,1,2.7,1.34705E+07,0.000117884,2,0.9,1.05712E+07,8.29012E-05,1.274264
ss_125c_3.63v_b1b2,pair,ss,125,3.63,133,1,2.7,1.36908E+07,0.000121,2,0.9,1.0071E+07,8.31338E-05,1.359428
ss_125c_3.63v_b1b2,pair,ss,125,3.63,134,1,2.7,1.57904E+07,0.000125492,2,0.9,1.22571E+07,8.97856E-05,1.288266
ss_125c_3.63v_b1b2,pair,ss,125,3.63,135,1,2.7,1.52186E+07,0.00012076,2,0.9,1.19343E+07,8.48913E-05,1.275198
ss_125c_3.63v_b1b2,pair,ss,125,3.63,136,1,2.7,1.36652E+07,0.000121308,2,0.9,1.08701E+07,8.74676E-05,1.257137
ss_125c_3.63v_b1b2,pair,ss,125,3.63,137,1,2.7,1.50906E+07,0.000124631,2,0.9,1.11613E+07,8.62202E-05,1.352047
ss_125c_3.63v_b1b2,pair,ss,125,3.63,138,1,2.7,1.4838E+07,0.000119365,2,0.9,1.06876E+07,8.02201E-05,1.388338
ss_125c_3.63v_b1b2,pair,ss,125,3.63,139,1,2.7,1.53858E+07,0.000126281,2,0.9,1.2007E+07,8.89854E-05,1.281403
ss_125c_3.63v_b1b2,pair,ss,125,3.63,140,1,2.7,1.44502E+07,0.000121069,2,0.9,1.07233E+07,8.37398E-05,1.347552
ss_125c_3.63v_b1b2,pair,ss,125,3.63,141,1,2.7,1.5606E+07,0.000124504,2,0.9,1.23065E+07,8.88146E-05,1.268110
ss_125c_3.63v_b1b2,pair,ss,125,3.63,142,1,2.7,1.676E+07,0.000127145,2,0.9,1.29682E+07,8.98023E-05,1.292392
ss_125c_3.63v_b1b2,pair,ss,125,3.63,143,1,2.7,1.5782E+07,0.000124553,2,0.9,1.23717E+07,8.91033E-05,1.275653
ss_125c_3.63v_b1b2,pair,ss,125,3.63,144,1,2.7,1.57863E+07,0.00012259,2,0.9,1.23372E+07,8.59141E-05,1.279569
ss_125c_3.63v_b1b2,pair,ss,125,3.63,145,1,2.7,1.56102E+07,0.000124328,2,0.9,1.20482E+07,8.81248E-05,1.295646
ss_125c_3.63v_b1b2,pair,ss,125,3.63,146,1,2.7,1.54221E+07,0.000122873,2,0.9,1.16244E+07,8.69333E-05,1.326701
ss_125c_3.63v_b1b2,pair,ss,125,3.63,147,1,2.7,1.48327E+07,0.000123403,2,0.9,1.10853E+07,8.59978E-05,1.338051
ss_125c_3.63v_b1b2,pair,ss,125,3.63,148,1,2.7,1.51587E+07,0.000122031,2,0.9,1.18453E+07,8.65656E-05,1.279723
ss_125c_3.63v_b1b2,pair,ss,125,3.63,149,1,2.7,1.53478E+07,0.000123715,2,0.9,1.19655E+07,8.7168E-05,1.282671
ss_125c_3.63v_b1b2,pair,ss,125,3.63,150,1,2.7,1.46048E+07,0.000121327,2,0.9,1.11495E+07,8.40013E-05,1.309906
ss_125c_3.63v_b1b2,pair,ss,125,3.63,151,1,2.7,1.44636E+07,0.00011959,2,0.9,1.1148E+07,8.32758E-05,1.297417
ss_125c_3.63v_b1b2,pair,ss,125,3.63,152,1,2.7,1.57916E+07,0.000128609,2,0.9,1.24984E+07,9.35807E-05,1.263490
ss_125c_3.63v_b1b2,pair,ss,125,3.63,153,1,2.7,1.48692E+07,0.000123508,2,0.9,1.11951E+07,8.64199E-05,1.328188
ss_125c_3.63v_b1b2,pair,ss,125,3.63,154,1,2.7,1.38763E+07,0.000120743,2,0.9,1.06437E+07,8.36506E-05,1.303710
ss_125c_3.63v_b1b2,pair,ss,125,3.63,155,1,2.7,1.47588E+07,0.000120398,2,0.9,1.14148E+07,8.4806E-05,1.292953
ss_125c_3.63v_b1b2,pair,ss,125,3.63,156,1,2.7,1.46024E+07,0.000121778,2,0.9,1.10228E+07,8.38137E-05,1.324745
ss_125c_3.63v_b1b2,pair,ss,125,3.63,157,1,2.7,1.57045E+07,0.000122284,2,0.9,1.20521E+07,8.4694E-05,1.303051
ss_125c_3.63v_b1b2,pair,ss,125,3.63,158,1,2.7,1.60093E+07,0.000123782,2,0.9,1.22563E+07,8.65843E-05,1.306210
ss_125c_3.63v_b1b2,pair,ss,125,3.63,159,1,2.7,1.61729E+07,0.000128598,2,0.9,1.27854E+07,9.18075E-05,1.264951
ss_125c_3.63v_b1b2,pair,ss,125,3.63,160,1,2.7,1.52538E+07,0.000126244,2,0.9,1.18438E+07,8.84332E-05,1.287914
ss_125c_3.63v_b1b2,pair,ss,125,3.63,161,1,2.7,1.522E+07,0.000122729,2,0.9,1.24054E+07,8.87779E-05,1.226885
ss_125c_3.63v_b1b2,pair,ss,125,3.63,162,1,2.7,1.45755E+07,0.000121367,2,0.9,1.17181E+07,8.69342E-05,1.243845
ss_125c_3.63v_b1b2,pair,ss,125,3.63,163,1,2.7,1.44295E+07,0.00011975,2,0.9,1.1074E+07,8.31071E-05,1.303007
ss_125c_3.63v_b1b2,pair,ss,125,3.63,164,1,2.7,1.41818E+07,0.000121934,2,0.9,1.05709E+07,8.36733E-05,1.341589
ss_125c_3.63v_b1b2,pair,ss,125,3.63,165,1,2.7,1.45506E+07,0.000121422,2,0.9,1.10409E+07,8.67113E-05,1.317882
ss_125c_3.63v_b1b2,pair,ss,125,3.63,166,1,2.7,1.66921E+07,0.000126491,2,0.9,1.28788E+07,9.02074E-05,1.296091
ss_125c_3.63v_b1b2,pair,ss,125,3.63,167,1,2.7,1.55873E+07,0.000123205,2,0.9,1.1681E+07,8.58934E-05,1.334415
ss_125c_3.63v_b1b2,pair,ss,125,3.63,168,1,2.7,1.52068E+07,0.00012467,2,0.9,1.21488E+07,8.99173E-05,1.251712
ss_125c_3.63v_b1b2,pair,ss,125,3.63,169,1,2.7,1.294E+07,0.000118768,2,0.9,1.00179E+07,8.27442E-05,1.291688
ss_125c_3.63v_b1b2,pair,ss,125,3.63,170,1,2.7,1.4018E+07,0.000119781,2,0.9,1.06668E+07,8.33895E-05,1.314171
ss_125c_3.63v_b1b2,pair,ss,125,3.63,171,1,2.7,1.5992E+07,0.000125956,2,0.9,1.2551E+07,8.99333E-05,1.274161
ss_125c_3.63v_b1b2,pair,ss,125,3.63,172,1,2.7,1.48052E+07,0.000126792,2,0.9,1.17091E+07,9.08242E-05,1.264418
ss_125c_3.63v_b1b2,pair,ss,125,3.63,173,1,2.7,1.38788E+07,0.000118429,2,0.9,1.04351E+07,8.21249E-05,1.330011
ss_125c_3.63v_b1b2,pair,ss,125,3.63,174,1,2.7,1.42518E+07,0.000121483,2,0.9,1.06408E+07,8.29592E-05,1.339354
ss_125c_3.63v_b1b2,pair,ss,125,3.63,175,1,2.7,1.55505E+07,0.000120955,2,0.9,1.19E+07,8.40393E-05,1.306765
ss_125c_3.63v_b1b2,pair,ss,125,3.63,176,1,2.7,1.33896E+07,0.000118685,2,0.9,1.00767E+07,8.26685E-05,1.328768
ss_125c_3.63v_b1b2,pair,ss,125,3.63,177,1,2.7,1.42108E+07,0.000123268,2,0.9,1.03832E+07,8.5536E-05,1.368634
ss_125c_3.63v_b1b2,pair,ss,125,3.63,178,1,2.7,1.42953E+07,0.000122295,2,0.9,1.08886E+07,8.49075E-05,1.312869
ss_125c_3.63v_b1b2,pair,ss,125,3.63,179,1,2.7,1.35916E+07,0.000124768,2,0.9,1.05283E+07,8.78076E-05,1.290959
ss_125c_3.63v_b1b2,pair,ss,125,3.63,180,1,2.7,1.63507E+07,0.000125636,2,0.9,1.30264E+07,8.88184E-05,1.255197
ss_125c_3.63v_b1b2,pair,ss,125,3.63,181,1,2.7,1.32527E+07,0.00011806,2,0.9,1.04426E+07,8.31739E-05,1.269100
ss_125c_3.63v_b1b2,pair,ss,125,3.63,182,1,2.7,1.32835E+07,0.000122015,2,0.9,1.03023E+07,8.46724E-05,1.289372
ss_125c_3.63v_b1b2,pair,ss,125,3.63,183,1,2.7,1.44476E+07,0.000120154,2,0.9,1.09905E+07,8.4442E-05,1.314553
ss_125c_3.63v_b1b2,pair,ss,125,3.63,184,1,2.7,1.35964E+07,0.000121575,2,0.9,1.05381E+07,8.58918E-05,1.290214
ss_125c_3.63v_b1b2,pair,ss,125,3.63,185,1,2.7,1.37102E+07,0.000120653,2,0.9,1.06361E+07,8.45018E-05,1.289025
ss_125c_3.63v_b1b2,pair,ss,125,3.63,186,1,2.7,1.40173E+07,0.000118041,2,0.9,1.08371E+07,8.26816E-05,1.293455
ss_125c_3.63v_b1b2,pair,ss,125,3.63,187,1,2.7,1.60761E+07,0.000123537,2,0.9,1.21061E+07,8.61166E-05,1.327934
ss_125c_3.63v_b1b2,pair,ss,125,3.63,188,1,2.7,1.45942E+07,0.000120272,2,0.9,1.05676E+07,8.19125E-05,1.381033
ss_125c_3.63v_b1b2,pair,ss,125,3.63,189,1,2.7,1.31772E+07,0.000116622,2,0.9,9.92966E+06,8.037E-05,1.327055
ss_125c_3.63v_b1b2,pair,ss,125,3.63,190,1,2.7,1.38648E+07,0.000117332,2,0.9,1.04651E+07,8.09512E-05,1.324861
ss_125c_3.63v_b1b2,pair,ss,125,3.63,191,1,2.7,1.61375E+07,0.00012721,2,0.9,1.32493E+07,9.29007E-05,1.217989
ss_125c_3.63v_b1b2,pair,ss,125,3.63,192,1,2.7,1.24498E+07,0.000119288,2,0.9,9.22996E+06,8.27678E-05,1.348847
ss_125c_3.63v_b1b2,pair,ss,125,3.63,193,1,2.7,1.57983E+07,0.00012601,2,0.9,1.22789E+07,8.96112E-05,1.286622
ss_125c_3.63v_b1b2,pair,ss,125,3.63,194,1,2.7,1.41351E+07,0.000121919,2,0.9,1.09361E+07,8.61015E-05,1.292517
ss_125c_3.63v_b1b2,pair,ss,125,3.63,195,1,2.7,1.43866E+07,0.000121829,2,0.9,1.12161E+07,8.61317E-05,1.282674
ss_125c_3.63v_b1b2,pair,ss,125,3.63,196,1,2.7,1.50418E+07,0.000122734,2,0.9,1.15488E+07,8.83485E-05,1.302456
ss_125c_3.63v_b1b2,pair,ss,125,3.63,197,1,2.7,1.44301E+07,0.000123748,2,0.9,1.10798E+07,8.75527E-05,1.302379
ss_125c_3.63v_b1b2,pair,ss,125,3.63,198,1,2.7,1.43504E+07,0.000120614,2,0.9,1.1423E+07,8.49771E-05,1.256272
ss_125c_3.63v_b1b2,pair,ss,125,3.63,199,1,2.7,1.49448E+07,0.000121175,2,0.9,1.13695E+07,8.40411E-05,1.314464
ss_125c_3.63v_b1b2,pair,ss,125,3.63,200,1,2.7,1.57911E+07,0.000123163,2,0.9,1.22761E+07,8.78166E-05,1.286329
ss_125c_3.63v_b3b4,bundle,ss,125,3.63,1,3,2.7,4.34505E+07,0.000187715,4,0.9,3.48743E+07,0.00012272,1.245917
ss_125c_3.63v_b3b4,bundle,ss,125,3.63,2,3,2.7,3.95368E+07,0.000183656,4,0.9,2.88542E+07,0.000114318,1.370227
ss_125c_3.63v_b3b4,bundle,ss,125,3.63,3,3,2.7,3.88092E+07,0.000180744,4,0.9,3.02464E+07,0.000115305,1.283101
ss_125c_3.63v_b3b4,bundle,ss,125,3.63,4,3,2.7,4.02172E+07,0.000182559,4,0.9,3.27507E+07,0.00011823,1.227980
ss_125c_3.63v_b3b4,bundle,ss,125,3.63,5,3,2.7,4.22865E+07,0.000190002,4,0.9,3.36402E+07,0.000124285,1.257023
ss_125c_3.63v_b3b4,bundle,ss,125,3.63,6,3,2.7,4.3011E+07,0.000191876,4,0.9,3.44754E+07,0.000125383,1.247585
ss_125c_3.63v_b3b4,bundle,ss,125,3.63,7,3,2.7,4.2861E+07,0.000192814,4,0.9,3.4763E+07,0.000127035,1.232949
ss_125c_3.63v_b3b4,bundle,ss,125,3.63,8,3,2.7,4.3393E+07,0.000189049,4,0.9,3.3386E+07,0.000120757,1.299736
ss_125c_3.63v_b3b4,bundle,ss,125,3.63,9,3,2.7,4.12483E+07,0.000187909,4,0.9,3.32778E+07,0.000123207,1.239514
ss_125c_3.63v_b3b4,bundle,ss,125,3.63,10,3,2.7,4.29363E+07,0.000189225,4,0.9,3.3613E+07,0.000121301,1.277372
ss_125c_3.63v_b3b4,bundle,ss,125,3.63,11,3,2.7,3.86657E+07,0.000182756,4,0.9,3.16014E+07,0.000119487,1.223544
ss_125c_3.63v_b3b4,bundle,ss,125,3.63,12,3,2.7,3.7228E+07,0.000179206,4,0.9,2.79127E+07,0.000113787,1.333730
ss_125c_3.63v_b3b4,bundle,ss,125,3.63,13,3,2.7,4.06155E+07,0.000185792,4,0.9,3.39762E+07,0.000123764,1.195410
ss_125c_3.63v_b3b4,bundle,ss,125,3.63,14,3,2.7,4.56113E+07,0.000190926,4,0.9,3.60216E+07,0.000123953,1.266221
ss_125c_3.63v_b3b4,bundle,ss,125,3.63,15,3,2.7,4.2951E+07,0.000189184,4,0.9,3.29355E+07,0.000119968,1.304094
ss_125c_3.63v_b3b4,bundle,ss,125,3.63,16,3,2.7,3.99812E+07,0.000184571,4,0.9,3.25481E+07,0.000121328,1.228373
ss_125c_3.63v_b3b4,bundle,ss,125,3.63,17,3,2.7,4.09321E+07,0.00018268,4,0.9,3.0937E+07,0.000114703,1.323079
ss_125c_3.63v_b3b4,bundle,ss,125,3.63,18,3,2.7,4.06888E+07,0.000186847,4,0.9,3.17942E+07,0.000120504,1.279755
ss_125c_3.63v_b3b4,bundle,ss,125,3.63,19,3,2.7,3.88456E+07,0.000183724,4,0.9,3.09857E+07,0.000120228,1.253662
ss_125c_3.63v_b3b4,bundle,ss,125,3.63,20,3,2.7,4.22577E+07,0.000191397,4,0.9,3.21972E+07,0.000122014,1.312465
ss_125c_3.63v_b3b4,bundle,ss,125,3.63,21,3,2.7,4.30248E+07,0.000191892,4,0.9,3.4708E+07,0.000124578,1.239622
ss_125c_3.63v_b3b4,bundle,ss,125,3.63,22,3,2.7,4.17775E+07,0.000187854,4,0.9,3.20202E+07,0.000120202,1.304723
ss_125c_3.63v_b3b4,bundle,ss,125,3.63,23,3,2.7,3.90163E+07,0.000183871,4,0.9,3.01633E+07,0.000118711,1.293502
ss_125c_3.63v_b3b4,bundle,ss,125,3.63,24,3,2.7,3.92331E+07,0.000181786,4,0.9,3.21683E+07,0.00011848,1.219620
ss_125c_3.63v_b3b4,bundle,ss,125,3.63,25,3,2.7,4.06351E+07,0.000187898,4,0.9,3.2231E+07,0.000121197,1.260746
ss_125c_3.63v_b3b4,bundle,ss,125,3.63,26,3,2.7,4.23583E+07,0.000189868,4,0.9,3.47018E+07,0.000125498,1.220637
ss_125c_3.63v_b3b4,bundle,ss,125,3.63,27,3,2.7,3.88135E+07,0.000181042,4,0.9,3.01904E+07,0.000115756,1.285624
ss_125c_3.63v_b3b4,bundle,ss,125,3.63,28,3,2.7,3.91232E+07,0.000186338,4,0.9,3.07811E+07,0.000121895,1.271014
ss_125c_3.63v_b3b4,bundle,ss,125,3.63,29,3,2.7,4.19085E+07,0.000186434,4,0.9,3.36064E+07,0.000121063,1.247039
ss_125c_3.63v_b3b4,bundle,ss,125,3.63,30,3,2.7,4.30823E+07,0.000186987,4,0.9,3.43639E+07,0.000121004,1.253708
ss_125c_3.63v_b3b4,bundle,ss,125,3.63,31,3,2.7,4.29243E+07,0.00019022,4,0.9,3.37096E+07,0.000122203,1.273355
ss_125c_3.63v_b3b4,bundle,ss,125,3.63,32,3,2.7,3.90244E+07,0.000183114,4,0.9,2.98263E+07,0.000116801,1.308389
ss_125c_3.63v_b3b4,bundle,ss,125,3.63,33,3,2.7,4.24164E+07,0.000188507,4,0.9,3.42839E+07,0.000123477,1.237210
ss_125c_3.63v_b3b4,bundle,ss,125,3.63,34,3,2.7,4.04018E+07,0.000186899,4,0.9,3.04556E+07,0.000117142,1.326580
ss_125c_3.63v_b3b4,bundle,ss,125,3.63,35,3,2.7,4.30798E+07,0.000191691,4,0.9,3.40482E+07,0.000125793,1.265259
ss_125c_3.63v_b3b4,bundle,ss,125,3.63,36,3,2.7,4.33562E+07,0.000187083,4,0.9,3.52814E+07,0.000123654,1.228868
ss_125c_3.63v_b3b4,bundle,ss,125,3.63,37,3,2.7,4.07278E+07,0.000187956,4,0.9,3.30906E+07,0.000123676,1.230797
ss_125c_3.63v_b3b4,bundle,ss,125,3.63,38,3,2.7,3.92884E+07,0.00018433,4,0.9,3.04866E+07,0.000118555,1.288710
ss_125c_3.63v_b3b4,bundle,ss,125,3.63,39,3,2.7,4.2168E+07,0.000188424,4,0.9,3.34629E+07,0.000123526,1.260142
ss_125c_3.63v_b3b4,bundle,ss,125,3.63,40,3,2.7,4.39116E+07,0.000193826,4,0.9,3.47201E+07,0.000127721,1.264731
ss_125c_3.63v_b3b4,bundle,ss,125,3.63,41,3,2.7,4.18712E+07,0.00018267,4,0.9,3.1869E+07,0.000116896,1.313854
ss_125c_3.63v_b3b4,bundle,ss,125,3.63,42,3,2.7,4.46084E+07,0.000193942,4,0.9,3.67792E+07,0.000128083,1.212870
ss_125c_3.63v_b3b4,bundle,ss,125,3.63,43,3,2.7,4.38535E+07,0.000193749,4,0.9,3.63927E+07,0.000128933,1.205008
ss_125c_3.63v_b3b4,bundle,ss,125,3.63,44,3,2.7,4.32379E+07,0.000191435,4,0.9,3.46986E+07,0.000125301,1.246099
ss_125c_3.63v_b3b4,bundle,ss,125,3.63,45,3,2.7,4.13036E+07,0.000191247,4,0.9,3.41927E+07,0.000128642,1.207965
ss_125c_3.63v_b3b4,bundle,ss,125,3.63,46,3,2.7,4.30047E+07,0.000188877,4,0.9,3.48443E+07,0.000123514,1.234196
ss_125c_3.63v_b3b4,bundle,ss,125,3.63,47,3,2.7,4.3912E+07,0.000193265,4,0.9,3.36067E+07,0.000124014,1.306644
ss_125c_3.63v_b3b4,bundle,ss,125,3.63,48,3,2.7,4.22109E+07,0.000189846,4,0.9,3.38896E+07,0.000126205,1.245541
ss_125c_3.63v_b3b4,bundle,ss,125,3.63,49,3,2.7,4.24599E+07,0.000188789,4,0.9,3.35341E+07,0.000121857,1.266171
ss_125c_3.63v_b3b4,bundle,ss,125,3.63,50,3,2.7,4.43043E+07,0.000193388,4,0.9,3.49383E+07,0.000128541,1.268073
ss_125c_3.63v_b3b4,bundle,ss,125,3.63,51,3,2.7,4.3125E+07,0.000188165,4,0.9,3.36975E+07,0.000120244,1.279769
ss_125c_3.63v_b3b4,bundle,ss,125,3.63,52,3,2.7,3.75868E+07,0.000180961,4,0.9,2.86484E+07,0.000113391,1.312003
ss_125c_3.63v_b3b4,bundle,ss,125,3.63,53,3,2.7,4.52351E+07,0.000195405,4,0.9,3.60388E+07,0.000128825,1.255178
ss_125c_3.63v_b3b4,bundle,ss,125,3.63,54,3,2.7,4.44131E+07,0.00019407,4,0.9,3.61766E+07,0.000128939,1.227675
ss_125c_3.63v_b3b4,bundle,ss,125,3.63,55,3,2.7,4.14982E+07,0.000188066,4,0.9,3.18148E+07,0.000121193,1.304368
ss_125c_3.63v_b3b4,bundle,ss,125,3.63,56,3,2.7,4.46133E+07,0.00018989,4,0.9,3.54023E+07,0.000123405,1.260181
ss_125c_3.63v_b3b4,bundle,ss,125,3.63,57,3,2.7,4.17022E+07,0.000189358,4,0.9,3.2663E+07,0.000122662,1.276741
ss_125c_3.63v_b3b4,bundle,ss,125,3.63,58,3,2.7,4.14391E+07,0.000186514,4,0.9,3.29501E+07,0.00012081,1.257632
ss_125c_3.63v_b3b4,bundle,ss,125,3.63,59,3,2.7,3.88967E+07,0.000178843,4,0.9,3.09738E+07,0.00011451,1.255794
ss_125c_3.63v_b3b4,bundle,ss,125,3.63,60,3,2.7,4.21085E+07,0.000185801,4,0.9,3.38642E+07,0.000122215,1.243452
ss_125c_3.63v_b3b4,bundle,ss,125,3.63,61,3,2.7,3.8897E+07,0.000183122,4,0.9,3.03925E+07,0.000118077,1.279822
ss_125c_3.63v_b3b4,bundle,ss,125,3.63,62,3,2.7,4.20941E+07,0.00019085,4,0.9,3.46996E+07,0.000125414,1.213100
ss_125c_3.63v_b3b4,bundle,ss,125,3.63,63,3,2.7,4.39314E+07,0.000193017,4,0.9,3.484E+07,0.000126975,1.260947
ss_125c_3.63v_b3b4,bundle,ss,125,3.63,64,3,2.7,3.81589E+07,0.000176967,4,0.9,2.75529E+07,0.000108635,1.384932
ss_125c_3.63v_b3b4,bundle,ss,125,3.63,65,3,2.7,4.00214E+07,0.000182237,4,0.9,3.10066E+07,0.000116162,1.290738
ss_125c_3.63v_b3b4,bundle,ss,125,3.63,66,3,2.7,3.76341E+07,0.000180253,4,0.9,2.74083E+07,0.000110637,1.373091
ss_125c_3.63v_b3b4,bundle,ss,125,3.63,67,3,2.7,4.3002E+07,0.000192279,4,0.9,3.24081E+07,0.000122807,1.326890
ss_125c_3.63v_b3b4,bundle,ss,125,3.63,68,3,2.7,4.27946E+07,0.000190416,4,0.9,3.48706E+07,0.000124433,1.227240
ss_125c_3.63v_b3b4,bundle,ss,125,3.63,69,3,2.7,4.0529E+07,0.000187533,4,0.9,3.11391E+07,0.000120929,1.301547
ss_125c_3.63v_b3b4,bundle,ss,125,3.63,70,3,2.7,3.66261E+07,0.00018282,4,0.9,3.04432E+07,0.000122996,1.203096
ss_125c_3.63v_b3b4,bundle,ss,125,3.63,71,3,2.7,4.09266E+07,0.000182914,4,0.9,3.10116E+07,0.000116383,1.319719
ss_125c_3.63v_b3b4,bundle,ss,125,3.63,72,3,2.7,4.40829E+07,0.000189197,4,0.9,3.31823E+07,0.000120248,1.328506
ss_125c_3.63v_b3b4,bundle,ss,125,3.63,73,3,2.7,4.1541E+07,0.000187333,4,0.9,3.41671E+07,0.000120449,1.215819
ss_125c_3.63v_b3b4,bundle,ss,125,3.63,74,3,2.7,4.78799E+07,0.000202886,4,0.9,4.09332E+07,0.000138849,1.169708
ss_125c_3.63v_b3b4,bundle,ss,125,3.63,75,3,2.7,4.55695E+07,0.000193154,4,0.9,3.57702E+07,0.000126437,1.273952
ss_125c_3.63v_b3b4,bundle,ss,125,3.63,76,3,2.7,4.17496E+07,0.000188371,4,0.9,3.17617E+07,0.000119935,1.314464
ss_125c_3.63v_b3b4,bundle,ss,125,3.63,77,3,2.7,4.4818E+07,0.000195162,4,0.9,3.7481E+07,0.00013184,1.195753
ss_125c_3.63v_b3b4,bundle,ss,125,3.63,78,3,2.7,4.06307E+07,0.000184987,4,0.9,3.27213E+07,0.00012049,1.241720
ss_125c_3.63v_b3b4,bundle,ss,125,3.63,79,3,2.7,4.17889E+07,0.00018558,4,0.9,3.3289E+07,0.000119812,1.255337
ss_125c_3.63v_b3b4,bundle,ss,125,3.63,80,3,2.7,4.17837E+07,0.000186751,4,0.9,3.32874E+07,0.000121955,1.255241
ss_125c_3.63v_b3b4,bundle,ss,125,3.63,81,3,2.7,3.85384E+07,0.00018091,4,0.9,3.07653E+07,0.000116673,1.252658
ss_125c_3.63v_b3b4,bundle,ss,125,3.63,82,3,2.7,4.03604E+07,0.000186183,4,0.9,3.26276E+07,0.000121606,1.237002
ss_125c_3.63v_b3b4,bundle,ss,125,3.63,83,3,2.7,4.08619E+07,0.000186972,4,0.9,3.30045E+07,0.000123243,1.238071
ss_125c_3.63v_b3b4,bundle,ss,125,3.63,84,3,2.7,4.15236E+07,0.000185694,4,0.9,3.40799E+07,0.000122943,1.218419
ss_125c_3.63v_b3b4,bundle,ss,125,3.63,85,3,2.7,3.88095E+07,0.000182576,4,0.9,2.94298E+07,0.000115409,1.318714
ss_125c_3.63v_b3b4,bundle,ss,125,3.63,86,3,2.7,4.42503E+07,0.000191158,4,0.9,3.41969E+07,0.00012288,1.293986
ss_125c_3.63v_b3b4,bundle,ss,125,3.63,87,3,2.7,4.06952E+07,0.000186362,4,0.9,3.27119E+07,0.000121751,1.244049
ss_125c_3.63v_b3b4,bundle,ss,125,3.63,88,3,2.7,4.49551E+07,0.000195609,4,0.9,3.58518E+07,0.000129437,1.253915
ss_125c_3.63v_b3b4,bundle,ss,125,3.63,89,3,2.7,4.21349E+07,0.000191473,4,0.9,3.48754E+07,0.000127861,1.208155
ss_125c_3.63v_b3b4,bundle,ss,125,3.63,90,3,2.7,4.22729E+07,0.000186713,4,0.9,3.43089E+07,0.000121453,1.232126
ss_125c_3.63v_b3b4,bundle,ss,125,3.63,91,3,2.7,4.45931E+07,0.000194447,4,0.9,3.45021E+07,0.000125933,1.292475
ss_125c_3.63v_b3b4,bundle,ss,125,3.63,92,3,2.7,4.08473E+07,0.000188668,4,0.9,3.32378E+07,0.000125034,1.228941
ss_125c_3.63v_b3b4,bundle,ss,125,3.63,93,3,2.7,4.21958E+07,0.000186812,4,0.9,3.48588E+07,0.000123783,1.210478
ss_125c_3.63v_b3b4,bundle,ss,125,3.63,94,3,2.7,4.04806E+07,0.000184339,4,0.9,3.16578E+07,0.000119709,1.278693
ss_125c_3.63v_b3b4,bundle,ss,125,3.63,95,3,2.7,4.05311E+07,0.000183552,4,0.9,3.24543E+07,0.000119701,1.248867
ss_125c_3.63v_b3b4,bundle,ss,125,3.63,96,3,2.7,4.03957E+07,0.000187355,4,0.9,3.27957E+07,0.000123014,1.231738
ss_125c_3.63v_b3b4,bundle,ss,125,3.63,97,3,2.7,4.553E+07,0.000191769,4,0.9,3.54144E+07,0.000124134,1.285635
ss_125c_3.63v_b3b4,bundle,ss,125,3.63,98,3,2.7,3.89149E+07,0.000182747,4,0.9,2.97445E+07,0.000116702,1.308306
ss_125c_3.63v_b3b4,bundle,ss,125,3.63,99,3,2.7,4.09388E+07,0.000186355,4,0.9,3.24537E+07,0.000121524,1.261452
ss_125c_3.63v_b3b4,bundle,ss,125,3.63,100,3,2.7,3.99045E+07,0.000183773,4,0.9,3.16799E+07,0.000119222,1.259616
ss_125c_3.63v_b3b4,bundle,ss,125,3.63,101,3,2.7,4.35459E+07,0.000189543,4,0.9,3.37531E+07,0.000123181,1.290130
ss_125c_3.63v_b3b4,bundle,ss,125,3.63,102,3,2.7,4.18812E+07,0.000188024,4,0.9,3.41424E+07,0.000123624,1.226662
ss_125c_3.63v_b3b4,bundle,ss,125,3.63,103,3,2.7,3.91233E+07,0.000185036,4,0.9,3.20802E+07,0.000121863,1.219547
ss_125c_3.63v_b3b4,bundle,ss,125,3.63,104,3,2.7,3.74525E+07,0.000180221,4,0.9,2.8183E+07,0.000113711,1.328904
ss_125c_3.63v_b3b4,bundle,ss,125,3.63,105,3,2.7,4.30885E+07,0.000192995,4,0.9,3.52081E+07,0.000127243,1.223823
ss_125c_3.63v_b3b4,bundle,ss,125,3.63,106,3,2.7,4.17392E+07,0.000188461,4,0.9,3.14676E+07,0.000121373,1.326418
ss_125c_3.63v_b3b4,bundle,ss,125,3.63,107,3,2.7,4.21224E+07,0.000188887,4,0.9,3.25151E+07,0.000121992,1.295472
ss_125c_3.63v_b3b4,bundle,ss,125,3.63,108,3,2.7,3.96377E+07,0.000186403,4,0.9,3.04226E+07,0.000119627,1.302903
ss_125c_3.63v_b3b4,bundle,ss,125,3.63,109,3,2.7,4.74311E+07,0.000198514,4,0.9,3.93926E+07,0.000133897,1.204061
ss_125c_3.63v_b3b4,bundle,ss,125,3.63,110,3,2.7,4.13435E+07,0.000189762,4,0.9,3.32706E+07,0.00012477,1.242644
ss_125c_3.63v_b3b4,bundle,ss,125,3.63,111,3,2.7,4.27757E+07,0.000193936,4,0.9,3.47053E+07,0.00012674,1.232541
ss_125c_3.63v_b3b4,bundle,ss,125,3.63,112,3,2.7,4.0587E+07,0.000188228,4,0.9,3.06165E+07,0.000118435,1.325658
ss_125c_3.63v_b3b4,bundle,ss,125,3.63,113,3,2.7,4.49964E+07,0.000191873,4,0.9,3.53207E+07,0.000125032,1.273939
ss_125c_3.63v_b3b4,bundle,ss,125,3.63,114,3,2.7,4.08982E+07,0.000184626,4,0.9,3.161E+07,0.0001176,1.293837
ss_125c_3.63v_b3b4,bundle,ss,125,3.63,115,3,2.7,4.69952E+07,0.000198173,4,0.9,3.75757E+07,0.000131317,1.250681
ss_125c_3.63v_b3b4,bundle,ss,125,3.63,116,3,2.7,4.10434E+07,0.000186555,4,0.9,3.41122E+07,0.000123212,1.203188
ss_125c_3.63v_b3b4,bundle,ss,125,3.63,117,3,2.7,4.5011E+07,0.000192893,4,0.9,3.61757E+07,0.000126885,1.244233
ss_125c_3.63v_b3b4,bundle,ss,125,3.63,118,3,2.7,4.15109E+07,0.000184235,4,0.9,3.52977E+07,0.000123303,1.176023
ss_125c_3.63v_b3b4,bundle,ss,125,3.63,119,3,2.7,4.3297E+07,0.000189997,4,0.9,3.37888E+07,0.00012404,1.281401
ss_125c_3.63v_b3b4,bundle,ss,125,3.63,120,3,2.7,4.37732E+07,0.000190867,4,0.9,3.44345E+07,0.000123699,1.271202
ss_125c_3.63v_b3b4,bundle,ss,125,3.63,121,3,2.7,3.96235E+07,0.000181238,4,0.9,2.90532E+07,0.000112164,1.363826
ss_125c_3.63v_b3b4,bundle,ss,125,3.63,122,3,2.7,4.09532E+07,0.000188504,4,0.9,3.10517E+07,0.000121664,1.318871
ss_125c_3.63v_b3b4,bundle,ss,125,3.63,123,3,2.7,4.29852E+07,0.000190381,4,0.9,3.58608E+07,0.000126716,1.198668
ss_125c_3.63v_b3b4,bundle,ss,125,3.63,124,3,2.7,4.25687E+07,0.000190565,4,0.9,3.28638E+07,0.000122149,1.295307
ss_125c_3.63v_b3b4,bundle,ss,125,3.63,125,3,2.7,4.20165E+07,0.000189304,4,0.9,3.38675E+07,0.000124582,1.240614
ss_125c_3.63v_b3b4,bundle,ss,125,3.63,126,3,2.7,4.25402E+07,0.000194388,4,0.9,3.36518E+07,0.000126907,1.264129
ss_125c_3.63v_b3b4,bundle,ss,125,3.63,127,3,2.7,3.89973E+07,0.000183842,4,0.9,3.12641E+07,0.000120056,1.247351
ss_125c_3.63v_b3b4,bundle,ss,125,3.63,128,3,2.7,4.275E+07,0.000186513,4,0.9,3.59236E+07,0.000124083,1.190025
ss_125c_3.63v_b3b4,bundle,ss,125,3.63,129,3,2.7,4.22389E+07,0.000189529,4,0.9,3.30104E+07,0.000121895,1.279563
ss_125c_3.63v_b3b4,bundle,ss,125,3.63,130,3,2.7,3.95919E+07,0.000187633,4,0.9,3.03627E+07,0.000119926,1.303965
ss_125c_3.63v_b3b4,bundle,ss,125,3.63,131,3,2.7,4.21987E+07,0.000189541,4,0.9,3.34462E+07,0.000124447,1.261689
ss_125c_3.63v_b3b4,bundle,ss,125,3.63,132,3,2.7,3.99496E+07,0.000182839,4,0.9,3.00256E+07,0.000114935,1.330518
ss_125c_3.63v_b3b4,bundle,ss,125,3.63,133,3,2.7,3.82914E+07,0.000182213,4,0.9,3.03717E+07,0.000118093,1.260759
ss_125c_3.63v_b3b4,bundle,ss,125,3.63,134,3,2.7,4.37455E+07,0.000191595,4,0.9,3.5716E+07,0.000126409,1.224815
ss_125c_3.63v_b3b4,bundle,ss,125,3.63,135,3,2.7,4.3106E+07,0.000187271,4,0.9,3.37217E+07,0.000120101,1.278287
ss_125c_3.63v_b3b4,bundle,ss,125,3.63,136,3,2.7,4.0365E+07,0.00018738,4,0.9,2.90329E+07,0.000116006,1.390319
ss_125c_3.63v_b3b4,bundle,ss,125,3.63,137,3,2.7,4.13082E+07,0.000188163,4,0.9,3.44029E+07,0.000125281,1.200719
ss_125c_3.63v_b3b4,bundle,ss,125,3.63,138,3,2.7,3.98291E+07,0.000179403,4,0.9,3.15355E+07,0.00011637,1.262993
ss_125c_3.63v_b3b4,bundle,ss,125,3.63,139,3,2.7,4.26448E+07,0.000193619,4,0.9,3.516E+07,0.000129507,1.212878
ss_125c_3.63v_b3b4,bundle,ss,125,3.63,140,3,2.7,4.01441E+07,0.000182944,4,0.9,3.12388E+07,0.000118049,1.285072
ss_125c_3.63v_b3b4,bundle,ss,125,3.63,141,3,2.7,4.38152E+07,0.000192786,4,0.9,3.40314E+07,0.00012576,1.287493
ss_125c_3.63v_b3b4,bundle,ss,125,3.63,142,3,2.7,4.52756E+07,0.000194157,4,0.9,3.70794E+07,0.000130864,1.221045
ss_125c_3.63v_b3b4,bundle,ss,125,3.63,143,3,2.7,4.42814E+07,0.000192723,4,0.9,3.44666E+07,0.000123957,1.284763
ss_125c_3.63v_b3b4,bundle,ss,125,3.63,144,3,2.7,4.4072E+07,0.000189821,4,0.9,3.58822E+07,0.000125273,1.228241
ss_125c_3.63v_b3b4,bundle,ss,125,3.63,145,3,2.7,4.31598E+07,0.00019069,4,0.9,3.46966E+07,0.000125213,1.243920
ss_125c_3.63v_b3b4,bundle,ss,125,3.63,146,3,2.7,4.24092E+07,0.000187796,4,0.9,3.43836E+07,0.000123552,1.233414
ss_125c_3.63v_b3b4,bundle,ss,125,3.63,147,3,2.7,4.13431E+07,0.000188183,4,0.9,3.34238E+07,0.000123158,1.236936
ss_125c_3.63v_b3b4,bundle,ss,125,3.63,148,3,2.7,4.27456E+07,0.000189158,4,0.9,3.31516E+07,0.000121753,1.289398
ss_125c_3.63v_b3b4,bundle,ss,125,3.63,149,3,2.7,4.29501E+07,0.000190655,4,0.9,3.45596E+07,0.000124901,1.242783
ss_125c_3.63v_b3b4,bundle,ss,125,3.63,150,3,2.7,4.09416E+07,0.000183983,4,0.9,3.28111E+07,0.000120148,1.247797
ss_125c_3.63v_b3b4,bundle,ss,125,3.63,151,3,2.7,4.12133E+07,0.000185304,4,0.9,3.20079E+07,0.000117854,1.287598
ss_125c_3.63v_b3b4,bundle,ss,125,3.63,152,3,2.7,4.41329E+07,0.000196459,4,0.9,3.57436E+07,0.000131048,1.234708
ss_125c_3.63v_b3b4,bundle,ss,125,3.63,153,3,2.7,4.14002E+07,0.00018828,4,0.9,3.27305E+07,0.000122614,1.264881
ss_125c_3.63v_b3b4,bundle,ss,125,3.63,154,3,2.7,3.971E+07,0.000184092,4,0.9,3.12055E+07,0.000118943,1.272532
ss_125c_3.63v_b3b4,bundle,ss,125,3.63,155,3,2.7,4.20287E+07,0.000187428,4,0.9,3.25225E+07,0.000119454,1.292296
ss_125c_3.63v_b3b4,bundle,ss,125,3.63,156,3,2.7,4.11173E+07,0.000186384,4,0.9,3.27921E+07,0.000120052,1.253878
ss_125c_3.63v_b3b4,bundle,ss,125,3.63,157,3,2.7,4.37218E+07,0.000189628,4,0.9,3.50351E+07,0.000123766,1.247943
ss_125c_3.63v_b3b4,bundle,ss,125,3.63,158,3,2.7,4.41715E+07,0.000189538,4,0.9,3.51644E+07,0.000123493,1.256143
ss_125c_3.63v_b3b4,bundle,ss,125,3.63,159,3,2.7,4.53858E+07,0.000197572,4,0.9,3.68802E+07,0.000130867,1.230628
ss_125c_3.63v_b3b4,bundle,ss,125,3.63,160,3,2.7,4.32267E+07,0.000192449,4,0.9,3.37778E+07,0.000125058,1.279737
ss_125c_3.63v_b3b4,bundle,ss,125,3.63,161,3,2.7,4.38787E+07,0.000191837,4,0.9,3.40359E+07,0.000123989,1.289189
ss_125c_3.63v_b3b4,bundle,ss,125,3.63,162,3,2.7,4.25797E+07,0.000189126,4,0.9,3.23434E+07,0.000119764,1.316488
ss_125c_3.63v_b3b4,bundle,ss,125,3.63,163,3,2.7,4.1487E+07,0.000184777,4,0.9,3.24543E+07,0.000118796,1.278321
ss_125c_3.63v_b3b4,bundle,ss,125,3.63,164,3,2.7,3.98053E+07,0.000182647,4,0.9,3.1946E+07,0.000119564,1.246018
ss_125c_3.63v_b3b4,bundle,ss,125,3.63,165,3,2.7,4.07869E+07,0.00018579,4,0.9,3.23031E+07,0.00011942,1.262631
ss_125c_3.63v_b3b4,bundle,ss,125,3.63,166,3,2.7,4.5352E+07,0.000193969,4,0.9,3.73619E+07,0.000130153,1.213857
ss_125c_3.63v_b3b4,bundle,ss,125,3.63,167,3,2.7,4.27821E+07,0.000187745,4,0.9,3.40885E+07,0.000123699,1.255030
ss_125c_3.63v_b3b4,bundle,ss,125,3.63,168,3,2.7,4.31497E+07,0.000194243,4,0.9,3.46885E+07,0.000126612,1.243919
ss_125c_3.63v_b3b4,bundle,ss,125,3.63,169,3,2.7,3.89016E+07,0.000183288,4,0.9,2.84665E+07,0.000113789,1.366575
ss_125c_3.63v_b3b4,bundle,ss,125,3.63,170,3,2.7,4.03493E+07,0.000186393,4,0.9,3.11871E+07,0.000118188,1.293782
ss_125c_3.63v_b3b4,bundle,ss,125,3.63,171,3,2.7,4.45433E+07,0.000194111,4,0.9,3.47677E+07,0.000125495,1.281169
ss_125c_3.63v_b3b4,bundle,ss,125,3.63,172,3,2.7,4.26697E+07,0.000194156,4,0.9,3.35292E+07,0.000126548,1.272613
ss_125c_3.63v_b3b4,bundle,ss,125,3.63,173,3,2.7,3.91118E+07,0.000179895,4,0.9,3.0774E+07,0.000116013,1.270937
ss_125c_3.63v_b3b4,bundle,ss,125,3.63,174,3,2.7,4.04364E+07,0.000185691,4,0.9,3.33359E+07,0.000121681,1.212999
ss_125c_3.63v_b3b4,bundle,ss,125,3.63,175,3,2.7,4.2701E+07,0.000185105,4,0.9,3.24769E+07,0.000118126,1.314811
ss_125c_3.63v_b3b4,bundle,ss,125,3.63,176,3,2.7,3.84516E+07,0.000181132,4,0.9,2.9777E+07,0.00011621,1.291319
ss_125c_3.63v_b3b4,bundle,ss,125,3.63,177,3,2.7,3.94615E+07,0.000186264,4,0.9,3.13598E+07,0.000120817,1.258347
ss_125c_3.63v_b3b4,bundle,ss,125,3.63,178,3,2.7,4.02483E+07,0.000185187,4,0.9,3.19659E+07,0.000121705,1.259101
ss_125c_3.63v_b3b4,bundle,ss,125,3.63,179,3,2.7,3.96381E+07,0.000189546,4,0.9,3.16782E+07,0.000123452,1.251274
ss_125c_3.63v_b3b4,bundle,ss,125,3.63,180,3,2.7,4.54214E+07,0.000193038,4,0.9,3.61107E+07,0.000126201,1.257838
ss_125c_3.63v_b3b4,bundle,ss,125,3.63,181,3,2.7,3.93849E+07,0.00018252,4,0.9,2.97331E+07,0.000115179,1.324615
ss_125c_3.63v_b3b4,bundle,ss,125,3.63,182,3,2.7,3.95487E+07,0.000187303,4,0.9,2.93759E+07,0.00011655,1.346297
ss_125c_3.63v_b3b4,bundle,ss,125,3.63,183,3,2.7,4.08813E+07,0.000183767,4,0.9,2.98779E+07,0.000115633,1.368279
ss_125c_3.63v_b3b4,bundle,ss,125,3.63,184,3,2.7,3.9382E+07,0.00018492,4,0.9,3.18584E+07,0.000121898,1.236157
ss_125c_3.63v_b3b4,bundle,ss,125,3.63,185,3,2.7,3.94823E+07,0.00018388,4,0.9,3.01332E+07,0.000116801,1.310259
ss_125c_3.63v_b3b4,bundle,ss,125,3.63,186,3,2.7,4.0565E+07,0.000183119,4,0.9,2.96293E+07,0.000113609,1.369084
ss_125c_3.63v_b3b4,bundle,ss,125,3.63,187,3,2.7,4.37212E+07,0.000189208,4,0.9,3.60448E+07,0.00012508,1.212968
ss_125c_3.63v_b3b4,bundle,ss,125,3.63,188,3,2.7,4.00523E+07,0.000182147,4,0.9,3.27066E+07,0.000119581,1.224594
ss_125c_3.63v_b3b4,bundle,ss,125,3.63,189,3,2.7,3.78691E+07,0.000177242,4,0.9,2.83812E+07,0.000111118,1.334302
ss_125c_3.63v_b3b4,bundle,ss,125,3.63,190,3,2.7,4.01149E+07,0.000181478,4,0.9,3.09345E+07,0.000115522,1.296769
ss_125c_3.63v_b3b4,bundle,ss,125,3.63,191,3,2.7,4.63951E+07,0.000200543,4,0.9,3.59748E+07,0.000129667,1.289656
ss_125c_3.63v_b3b4,bundle,ss,125,3.63,192,3,2.7,3.63479E+07,0.00018001,4,0.9,2.80665E+07,0.000115123,1.295064
ss_125c_3.63v_b3b4,bundle,ss,125,3.63,193,3,2.7,4.37286E+07,0.000191934,4,0.9,3.63775E+07,0.00012758,1.202078
ss_125c_3.63v_b3b4,bundle,ss,125,3.63,194,3,2.7,4.04585E+07,0.000187229,4,0.9,3.21179E+07,0.000120884,1.259687
ss_125c_3.63v_b3b4,bundle,ss,125,3.63,195,3,2.7,4.16853E+07,0.000186952,4,0.9,3.23788E+07,0.000120214,1.287426
ss_125c_3.63v_b3b4,bundle,ss,125,3.63,196,3,2.7,4.20564E+07,0.000188049,4,0.9,3.34033E+07,0.000122073,1.259049
ss_125c_3.63v_b3b4,bundle,ss,125,3.63,197,3,2.7,4.12541E+07,0.000190377,4,0.9,3.44146E+07,0.000126787,1.198738
ss_125c_3.63v_b3b4,bundle,ss,125,3.63,198,3,2.7,4.1921E+07,0.000186492,4,0.9,3.1218E+07,0.000117364,1.342847
ss_125c_3.63v_b3b4,bundle,ss,125,3.63,199,3,2.7,4.2315E+07,0.000187446,4,0.9,3.42465E+07,0.000121629,1.235601
ss_125c_3.63v_b3b4,bundle,ss,125,3.63,200,3,2.7,4.3885E+07,0.000188836,4,0.9,3.39061E+07,0.000121947,1.294310
ss_125c_3.63v_b6b7,pair,ss,125,3.63,1,6,2.7,2.41279E+08,0.000442264,7,0.9,1.7588E+08,0.000338445,1.371839
ss_125c_3.63v_b6b7,pair,ss,125,3.63,2,6,2.7,2.19631E+08,0.00041788,7,0.9,1.58347E+08,0.000317249,1.387023
ss_125c_3.63v_b6b7,pair,ss,125,3.63,3,6,2.7,2.21144E+08,0.000417929,7,0.9,1.59895E+08,0.000319335,1.383058
ss_125c_3.63v_b6b7,pair,ss,125,3.63,4,6,2.7,2.24252E+08,0.000421529,7,0.9,1.60831E+08,0.000318144,1.394333
ss_125c_3.63v_b6b7,pair,ss,125,3.63,5,6,2.7,2.35526E+08,0.000438843,7,0.9,1.74188E+08,0.000341302,1.352137
ss_125c_3.63v_b6b7,pair,ss,125,3.63,6,6,2.7,2.44827E+08,0.00045049,7,0.9,1.78558E+08,0.000345605,1.371134
ss_125c_3.63v_b6b7,pair,ss,125,3.63,7,6,2.7,2.4143E+08,0.000448637,7,0.9,1.79215E+08,0.000348404,1.347153
ss_125c_3.63v_b6b7,pair,ss,125,3.63,8,6,2.7,2.37679E+08,0.000437979,7,0.9,1.72345E+08,0.000334031,1.379088
ss_125c_3.63v_b6b7,pair,ss,125,3.63,9,6,2.7,2.35144E+08,0.000436856,7,0.9,1.71583E+08,0.000335584,1.370439
ss_125c_3.63v_b6b7,pair,ss,125,3.63,10,6,2.7,2.3957E+08,0.000443947,7,0.9,1.74396E+08,0.000339972,1.373713
ss_125c_3.63v_b6b7,pair,ss,125,3.63,11,6,2.7,2.20341E+08,0.000419229,7,0.9,1.60585E+08,0.000321905,1.372114
ss_125c_3.63v_b6b7,pair,ss,125,3.63,12,6,2.7,2.11598E+08,0.000408544,7,0.9,1.52185E+08,0.000310197,1.390400
ss_125c_3.63v_b6b7,pair,ss,125,3.63,13,6,2.7,2.33075E+08,0.00043189,7,0.9,1.69433E+08,0.000330522,1.375618
ss_125c_3.63v_b6b7,pair,ss,125,3.63,14,6,2.7,2.46051E+08,0.000446628,7,0.9,1.801E+08,0.000342187,1.366191
ss_125c_3.63v_b6b7,pair,ss,125,3.63,15,6,2.7,2.34261E+08,0.000434726,7,0.9,1.71985E+08,0.000334443,1.362101
ss_125c_3.63v_b6b7,pair,ss,125,3.63,16,6,2.7,2.27845E+08,0.000430641,7,0.9,1.65494E+08,0.000329965,1.376757
ss_125c_3.63v_b6b7,pair,ss,125,3.63,17,6,2.7,2.3142E+08,0.000427847,7,0.9,1.67483E+08,0.000326328,1.381752
ss_125c_3.63v_b6b7,pair,ss,125,3.63,18,6,2.7,2.35607E+08,0.000438763,7,0.9,1.6992E+08,0.00033285,1.386576
ss_125c_3.63v_b6b7,pair,ss,125,3.63,19,6,2.7,2.20445E+08,0.000421786,7,0.9,1.60567E+08,0.00032436,1.372916
ss_125c_3.63v_b6b7,pair,ss,125,3.63,20,6,2.7,2.35336E+08,0.000440331,7,0.9,1.73121E+08,0.00033995,1.359373
ss_125c_3.63v_b6b7,pair,ss,125,3.63,21,6,2.7,2.4281E+08,0.000445225,7,0.9,1.8036E+08,0.000346453,1.346252
ss_125c_3.63v_b6b7,pair,ss,125,3.63,22,6,2.7,2.32997E+08,0.00043161,7,0.9,1.70945E+08,0.000334162,1.362994
ss_125c_3.63v_b6b7,pair,ss,125,3.63,23,6,2.7,2.20813E+08,0.000419779,7,0.9,1.60566E+08,0.000322186,1.375216
ss_125c_3.63v_b6b7,pair,ss,125,3.63,24,6,2.7,2.27119E+08,0.000426415,7,0.9,1.62765E+08,0.000322447,1.395380
ss_125c_3.63v_b6b7,pair,ss,125,3.63,25,6,2.7,2.32498E+08,0.000435725,7,0.9,1.66761E+08,0.000331811,1.394199
ss_125c_3.63v_b6b7,pair,ss,125,3.63,26,6,2.7,2.39664E+08,0.000445876,7,0.9,1.759E+08,0.000343045,1.362501
ss_125c_3.63v_b6b7,pair,ss,125,3.63,27,6,2.7,2.2201E+08,0.000419266,7,0.9,1.59072E+08,0.000317019,1.395657
ss_125c_3.63v_b6b7,pair,ss,125,3.63,28,6,2.7,2.25129E+08,0.000430748,7,0.9,1.65267E+08,0.000332766,1.362214
ss_125c_3.63v_b6b7,pair,ss,125,3.63,29,6,2.7,2.35578E+08,0.00043539,7,0.9,1.72541E+08,0.000334348,1.365345
ss_125c_3.63v_b6b7,pair,ss,125,3.63,30,6,2.7,2.30185E+08,0.000427938,7,0.9,1.64938E+08,0.000324562,1.395585
ss_125c_3.63v_b6b7,pair,ss,125,3.63,31,6,2.7,2.37864E+08,0.0004393,7,0.9,1.75182E+08,0.000340204,1.357811
ss_125c_3.63v_b6b7,pair,ss,125,3.63,32,6,2.7,2.25308E+08,0.000427077,7,0.9,1.62609E+08,0.00032441,1.385581
ss_125c_3.63v_b6b7,pair,ss,125,3.63,33,6,2.7,2.37841E+08,0.00044228,7,0.9,1.71346E+08,0.000336746,1.388074
ss_125c_3.63v_b6b7,pair,ss,125,3.63,34,6,2.7,2.27912E+08,0.000429056,7,0.9,1.66484E+08,0.000329057,1.368972
ss_125c_3.63v_b6b7,pair,ss,125,3.63,35,6,2.7,2.31487E+08,0.000432049,7,0.9,1.69566E+08,0.000332512,1.365173
ss_125c_3.63v_b6b7,pair,ss,125,3.63,36,6,2.7,2.32491E+08,0.000430695,7,0.9,1.69652E+08,0.000329692,1.370399
ss_125c_3.63v_b6b7,pair,ss,125,3.63,37,6,2.7,2.30832E+08,0.00043308,7,0.9,1.68836E+08,0.000333305,1.367197
ss_125c_3.63v_b6b7,pair,ss,125,3.63,38,6,2.7,2.19567E+08,0.000418163,7,0.9,1.60826E+08,0.000322471,1.365246
ss_125c_3.63v_b6b7,pair,ss,125,3.63,39,6,2.7,2.30838E+08,0.000430701,7,0.9,1.68306E+08,0.0003304,1.371538
ss_125c_3.63v_b6b7,pair,ss,125,3.63,40,6,2.7,2.34019E+08,0.000439749,7,0.9,1.72719E+08,0.000340114,1.354912
ss_125c_3.63v_b6b7,pair,ss,125,3.63,41,6,2.7,2.25407E+08,0.000422047,7,0.9,1.61309E+08,0.000317853,1.397362
ss_125c_3.63v_b6b7,pair,ss,125,3.63,42,6,2.7,2.46921E+08,0.000451932,7,0.9,1.81978E+08,0.000350141,1.356873
ss_125c_3.63v_b6b7,pair,ss,125,3.63,43,6,2.7,2.40884E+08,0.000447168,7,0.9,1.77359E+08,0.000344011,1.358172
ss_125c_3.63v_b6b7,pair,ss,125,3.63,44,6,2.7,2.38779E+08,0.000444785,7,0.9,1.76211E+08,0.000343188,1.355074
ss_125c_3.63v_b6b7,pair,ss,125,3.63,45,6,2.7,2.29809E+08,0.000433406,7,0.9,1.69893E+08,0.000335947,1.352669
ss_125c_3.63v_b6b7,pair,ss,125,3.63,46,6,2.7,2.40235E+08,0.000444309,7,0.9,1.73984E+08,0.000339113,1.380788
ss_125c_3.63v_b6b7,pair,ss,125,3.63,47,6,2.7,2.39577E+08,0.000444743,7,0.9,1.77609E+08,0.000344487,1.348901
ss_125c_3.63v_b6b7,pair,ss,125,3.63,48,6,2.7,2.31075E+08,0.000434018,7,0.9,1.69487E+08,0.000334462,1.363379
ss_125c_3.63v_b6b7,pair,ss,125,3.63,49,6,2.7,2.3548E+08,0.000436157,7,0.9,1.71657E+08,0.00033449,1.371805
ss_125c_3.63v_b6b7,pair,ss,125,3.63,50,6,2.7,2.40995E+08,0.000445392,7,0.9,1.77294E+08,0.00034248,1.359296
ss_125c_3.63v_b6b7,pair,ss,125,3.63,51,6,2.7,2.36216E+08,0.000437279,7,0.9,1.7061E+08,0.000333216,1.384538
ss_125c_3.63v_b6b7,pair,ss,125,3.63,52,6,2.7,2.20788E+08,0.0004208,7,0.9,1.58197E+08,0.000318289,1.395652
ss_125c_3.63v_b6b7,pair,ss,125,3.63,53,6,2.7,2.41571E+08,0.000444532,7,0.9,1.80753E+08,0.00034758,1.336470
ss_125c_3.63v_b6b7,pair,ss,125,3.63,54,6,2.7,2.49091E+08,0.000456656,7,0.9,1.8415E+08,0.000353252,1.352653
ss_125c_3.63v_b6b7,pair,ss,125,3.63,55,6,2.7,2.28808E+08,0.000429063,7,0.9,1.67604E+08,0.000330122,1.365170
ss_125c_3.63v_b6b7,pair,ss,125,3.63,56,6,2.7,2.39256E+08,0.000440892,7,0.9,1.7254E+08,0.00033337,1.386670
ss_125c_3.63v_b6b7,pair,ss,125,3.63,57,6,2.7,2.36334E+08,0.000441292,7,0.9,1.71368E+08,0.000337837,1.379102
ss_125c_3.63v_b6b7,pair,ss,125,3.63,58,6,2.7,2.31706E+08,0.00043221,7,0.9,1.68251E+08,0.000330839,1.377145
ss_125c_3.63v_b6b7,pair,ss,125,3.63,59,6,2.7,2.20877E+08,0.000416547,7,0.9,1.5757E+08,0.000313583,1.401771
ss_125c_3.63v_b6b7,pair,ss,125,3.63,60,6,2.7,2.32389E+08,0.00043155,7,0.9,1.68109E+08,0.000329371,1.382371
ss_125c_3.63v_b6b7,pair,ss,125,3.63,61,6,2.7,2.24474E+08,0.000425979,7,0.9,1.63424E+08,0.000327099,1.373568
ss_125c_3.63v_b6b7,pair,ss,125,3.63,62,6,2.7,2.43903E+08,0.000449785,7,0.9,1.79868E+08,0.000347205,1.356011
ss_125c_3.63v_b6b7,pair,ss,125,3.63,63,6,2.7,2.35256E+08,0.00043977,7,0.9,1.73379E+08,0.000339844,1.356889
ss_125c_3.63v_b6b7,pair,ss,125,3.63,64,6,2.7,2.1908E+08,0.000413797,7,0.9,1.56799E+08,0.00031312,1.397203
ss_125c_3.63v_b6b7,pair,ss,125,3.63,65,6,2.7,2.26389E+08,0.000424537,7,0.9,1.6542E+08,0.000325345,1.368571
ss_125c_3.63v_b6b7,pair,ss,125,3.63,66,6,2.7,2.17756E+08,0.000414375,7,0.9,1.56563E+08,0.000317201,1.390852
ss_125c_3.63v_b6b7,pair,ss,125,3.63,67,6,2.7,2.32049E+08,0.00043445,7,0.9,1.69831E+08,0.000334454,1.366352
ss_125c_3.63v_b6b7,pair,ss,125,3.63,68,6,2.7,2.46872E+08,0.000450756,7,0.9,1.80484E+08,0.000345954,1.367833
ss_125c_3.63v_b6b7,pair,ss,125,3.63,69,6,2.7,2.26181E+08,0.000428171,7,0.9,1.64958E+08,0.000329223,1.371143
ss_125c_3.63v_b6b7,pair,ss,125,3.63,70,6,2.7,2.15695E+08,0.000419195,7,0.9,1.56098E+08,0.000322246,1.381792
ss_125c_3.63v_b6b7,pair,ss,125,3.63,71,6,2.7,2.24761E+08,0.000423845,7,0.9,1.62832E+08,0.000321923,1.380325
ss_125c_3.63v_b6b7,pair,ss,125,3.63,72,6,2.7,2.3188E+08,0.000427234,7,0.9,1.68983E+08,0.000327167,1.372209
ss_125c_3.63v_b6b7,pair,ss,125,3.63,73,6,2.7,2.33908E+08,0.000431913,7,0.9,1.70643E+08,0.000330736,1.370745
ss_125c_3.63v_b6b7,pair,ss,125,3.63,74,6,2.7,2.60837E+08,0.000473379,7,0.9,1.95906E+08,0.00037205,1.331440
ss_125c_3.63v_b6b7,pair,ss,125,3.63,75,6,2.7,2.44823E+08,0.000446485,7,0.9,1.81933E+08,0.000347548,1.345677
ss_125c_3.63v_b6b7,pair,ss,125,3.63,76,6,2.7,2.35735E+08,0.000439371,7,0.9,1.72067E+08,0.000337592,1.370019
ss_125c_3.63v_b6b7,pair,ss,125,3.63,77,6,2.7,2.43643E+08,0.00044984,7,0.9,1.8065E+08,0.000348728,1.348702
ss_125c_3.63v_b6b7,pair,ss,125,3.63,78,6,2.7,2.26332E+08,0.000427121,7,0.9,1.63746E+08,0.000326354,1.382214
ss_125c_3.63v_b6b7,pair,ss,125,3.63,79,6,2.7,2.36512E+08,0.000436643,7,0.9,1.6918E+08,0.000328918,1.397990
ss_125c_3.63v_b6b7,pair,ss,125,3.63,80,6,2.7,2.30715E+08,0.000429481,7,0.9,1.69511E+08,0.000330787,1.361062
ss_125c_3.63v_b6b7,pair,ss,125,3.63,81,6,2.7,2.26535E+08,0.000426194,7,0.9,1.62314E+08,0.00032225,1.395659
ss_125c_3.63v_b6b7,pair,ss,125,3.63,82,6,2.7,2.28575E+08,0.000429615,7,0.9,1.66716E+08,0.000329779,1.371044
ss_125c_3.63v_b6b7,pair,ss,125,3.63,83,6,2.7,2.36541E+08,0.000442236,7,0.9,1.70805E+08,0.000338123,1.384860
ss_125c_3.63v_b6b7,pair,ss,125,3.63,84,6,2.7,2.30411E+08,0.000429943,7,0.9,1.68091E+08,0.000329857,1.370752
ss_125c_3.63v_b6b7,pair,ss,125,3.63,85,6,2.7,2.19189E+08,0.000418941,7,0.9,1.59577E+08,0.000321104,1.373563
ss_125c_3.63v_b6b7,pair,ss,125,3.63,86,6,2.7,2.28121E+08,0.000426671,7,0.9,1.67954E+08,0.00032951,1.358235
ss_125c_3.63v_b6b7,pair,ss,125,3.63,87,6,2.7,2.32484E+08,0.000433188,7,0.9,1.69393E+08,0.000332525,1.372453
ss_125c_3.63v_b6b7,pair,ss,125,3.63,88,6,2.7,2.41022E+08,0.000445019,7,0.9,1.78905E+08,0.000345278,1.347207
ss_125c_3.63v_b6b7,pair,ss,125,3.63,89,6,2.7,2.32612E+08,0.000437215,7,0.9,1.71105E+08,0.000339709,1.359469
ss_125c_3.63v_b6b7,pair,ss,125,3.63,90,6,2.7,2.38188E+08,0.000439049,7,0.9,1.73267E+08,0.000335248,1.374688
ss_125c_3.63v_b6b7,pair,ss,125,3.63,91,6,2.7,2.38957E+08,0.000445168,7,0.9,1.77712E+08,0.000345508,1.344631
ss_125c_3.63v_b6b7,pair,ss,125,3.63,92,6,2.7,2.32217E+08,0.000437112,7,0.9,1.70358E+08,0.000338653,1.363112
ss_125c_3.63v_b6b7,pair,ss,125,3.63,93,6,2.7,2.27417E+08,0.000426372,7,0.9,1.64984E+08,0.000326279,1.378419
ss_125c_3.63v_b6b7,pair,ss,125,3.63,94,6,2.7,2.18985E+08,0.000415131,7,0.9,1.5949E+08,0.000317815,1.373033
ss_125c_3.63v_b6b7,pair,ss,125,3.63,95,6,2.7,2.2841E+08,0.000427521,7,0.9,1.65027E+08,0.000326305,1.384077
ss_125c_3.63v_b6b7,pair,ss,125,3.63,96,6,2.7,2.34842E+08,0.000439943,7,0.9,1.70856E+08,0.000337759,1.374503
ss_125c_3.63v_b6b7,pair,ss,125,3.63,97,6,2.7,2.39919E+08,0.000442029,7,0.9,1.74543E+08,0.000337899,1.374555
ss_125c_3.63v_b6b7,pair,ss,125,3.63,98,6,2.7,2.17973E+08,0.000415494,7,0.9,1.58525E+08,0.000318615,1.375007
ss_125c_3.63v_b6b7,pair,ss,125,3.63,99,6,2.7,2.296E+08,0.000431941,7,0.9,1.66439E+08,0.00032942,1.379484
ss_125c_3.63v_b6b7,pair,ss,125,3.63,100,6,2.7,2.29166E+08,0.000431809,7,0.9,1.64224E+08,0.000328063,1.395448
ss_125c_3.63v_b6b7,pair,ss,125,3.63,101,6,2.7,2.34571E+08,0.000436334,7,0.9,1.71988E+08,0.000335629,1.363880
ss_125c_3.63v_b6b7,pair,ss,125,3.63,102,6,2.7,2.38993E+08,0.000444471,7,0.9,1.72869E+08,0.000337704,1.382509
ss_125c_3.63v_b6b7,pair,ss,125,3.63,103,6,2.7,2.29285E+08,0.000433651,7,0.9,1.64648E+08,0.00033049,1.392577
ss_125c_3.63v_b6b7,pair,ss,125,3.63,104,6,2.7,2.21759E+08,0.000421581,7,0.9,1.58582E+08,0.000318622,1.398387
ss_125c_3.63v_b6b7,pair,ss,125,3.63,105,6,2.7,2.40179E+08,0.000446262,7,0.9,1.76097E+08,0.000343363,1.363902
ss_125c_3.63v_b6b7,pair,ss,125,3.63,106,6,2.7,2.29924E+08,0.000431549,7,0.9,1.69138E+08,0.000333048,1.359387
ss_125c_3.63v_b6b7,pair,ss,125,3.63,107,6,2.7,2.30022E+08,0.000430413,7,0.9,1.65979E+08,0.000328446,1.385850
ss_125c_3.63v_b6b7,pair,ss,125,3.63,108,6,2.7,2.23185E+08,0.000424392,7,0.9,1.63938E+08,0.000329457,1.361399
ss_125c_3.63v_b6b7,pair,ss,125,3.63,109,6,2.7,2.52307E+08,0.000458392,7,0.9,1.85134E+08,0.000354052,1.362834
ss_125c_3.63v_b6b7,pair,ss,125,3.63,110,6,2.7,2.35711E+08,0.000440623,7,0.9,1.74992E+08,0.00034383,1.346982
ss_125c_3.63v_b6b7,pair,ss,125,3.63,111,6,2.7,2.38348E+08,0.000444002,7,0.9,1.74367E+08,0.000342162,1.366933
ss_125c_3.63v_b6b7,pair,ss,125,3.63,112,6,2.7,2.35468E+08,0.000439638,7,0.9,1.70514E+08,0.000336278,1.380931
ss_125c_3.63v_b6b7,pair,ss,125,3.63,113,6,2.7,2.45054E+08,0.000446827,7,0.9,1.79401E+08,0.000342659,1.365957
ss_125c_3.63v_b6b7,pair,ss,125,3.63,114,6,2.7,2.33846E+08,0.000433503,7,0.9,1.69332E+08,0.000329248,1.380991
ss_125c_3.63v_b6b7,pair,ss,125,3.63,115,6,2.7,2.47616E+08,0.000452622,7,0.9,1.84384E+08,0.000352981,1.342936
ss_125c_3.63v_b6b7,pair,ss,125,3.63,116,6,2.7,2.3653E+08,0.000438762,7,0.9,1.71696E+08,0.000335263,1.377609
ss_125c_3.63v_b6b7,pair,ss,125,3.63,117,6,2.7,2.3906E+08,0.000443247,7,0.9,1.74699E+08,0.000340585,1.368411
ss_125c_3.63v_b6b7,pair,ss,125,3.63,118,6,2.7,2.36616E+08,0.000436567,7,0.9,1.70645E+08,0.000332465,1.386598
ss_125c_3.63v_b6b7,pair,ss,125,3.63,119,6,2.7,2.31715E+08,0.000432087,7,0.9,1.69553E+08,0.000332028,1.366623
ss_125c_3.63v_b6b7,pair,ss,125,3.63,120,6,2.7,2.35855E+08,0.000438271,7,0.9,1.73164E+08,0.000337303,1.362033
ss_125c_3.63v_b6b7,pair,ss,125,3.63,121,6,2.7,2.1956E+08,0.000414968,7,0.9,1.57939E+08,0.000313973,1.390157
ss_125c_3.63v_b6b7,pair,ss,125,3.63,122,6,2.7,2.28638E+08,0.000433882,7,0.9,1.66362E+08,0.000332795,1.374340
ss_125c_3.63v_b6b7,pair,ss,125,3.63,123,6,2.7,2.30568E+08,0.000429727,7,0.9,1.68446E+08,0.000330201,1.368795
ss_125c_3.63v_b6b7,pair,ss,125,3.63,124,6,2.7,2.40244E+08,0.000446049,7,0.9,1.76573E+08,0.000342573,1.360593
ss_125c_3.63v_b6b7,pair,ss,125,3.63,125,6,2.7,2.35722E+08,0.000439718,7,0.9,1.72278E+08,0.000338056,1.368265
ss_125c_3.63v_b6b7,pair,ss,125,3.63,126,6,2.7,2.3659E+08,0.000443926,7,0.9,1.75841E+08,0.000346678,1.345477
ss_125c_3.63v_b6b7,pair,ss,125,3.63,127,6,2.7,2.22193E+08,0.000422998,7,0.9,1.60393E+08,0.000323129,1.385304
ss_125c_3.63v_b6b7,pair,ss,125,3.63,128,6,2.7,2.32863E+08,0.000427913,7,0.9,1.6929E+08,0.000327167,1.375527
ss_125c_3.63v_b6b7,pair,ss,125,3.63,129,6,2.7,2.33896E+08,0.000436918,7,0.9,1.69798E+08,0.000332656,1.377496
ss_125c_3.63v_b6b7,pair,ss,125,3.63,130,6,2.7,2.31781E+08,0.000436901,7,0.9,1.67108E+08,0.000333991,1.387013
ss_125c_3.63v_b6b7,pair,ss,125,3.63,131,6,2.7,2.30131E+08,0.000431155,7,0.9,1.68434E+08,0.000331998,1.366298
ss_125c_3.63v_b6b7,pair,ss,125,3.63,132,6,2.7,2.29806E+08,0.000427664,7,0.9,1.64301E+08,0.000324239,1.398689
ss_125c_3.63v_b6b7,pair,ss,125,3.63,133,6,2.7,2.15696E+08,0.000412512,7,0.9,1.5583E+08,0.000315095,1.384175
ss_125c_3.63v_b6b7,pair,ss,125,3.63,134,6,2.7,2.41512E+08,0.00044715,7,0.9,1.77671E+08,0.000345253,1.359321
ss_125c_3.63v_b6b7,pair,ss,125,3.63,135,6,2.7,2.38624E+08,0.000440896,7,0.9,1.73266E+08,0.000335164,1.377212
ss_125c_3.63v_b6b7,pair,ss,125,3.63,136,6,2.7,2.21584E+08,0.000421394,7,0.9,1.62241E+08,0.000324564,1.365771
ss_125c_3.63v_b6b7,pair,ss,125,3.63,137,6,2.7,2.2959E+08,0.000431444,7,0.9,1.67814E+08,0.000331826,1.368122
ss_125c_3.63v_b6b7,pair,ss,125,3.63,138,6,2.7,2.1311E+08,0.000404676,7,0.9,1.53453E+08,0.000307829,1.388764
ss_125c_3.63v_b6b7,pair,ss,125,3.63,139,6,2.7,2.38431E+08,0.000449041,7,0.9,1.74844E+08,0.000346489,1.363678
ss_125c_3.63v_b6b7,pair,ss,125,3.63,140,6,2.7,2.20038E+08,0.000416351,7,0.9,1.57577E+08,0.00031436,1.396384
ss_125c_3.63v_b6b7,pair,ss,125,3.63,141,6,2.7,2.3822E+08,0.000443506,7,0.9,1.74895E+08,0.000342818,1.362074
ss_125c_3.63v_b6b7,pair,ss,125,3.63,142,6,2.7,2.44031E+08,0.000448774,7,0.9,1.79332E+08,0.000345589,1.360778
ss_125c_3.63v_b6b7,pair,ss,125,3.63,143,6,2.7,2.40566E+08,0.000445069,7,0.9,1.78945E+08,0.000345304,1.344357
ss_125c_3.63v_b6b7,pair,ss,125,3.63,144,6,2.7,2.46392E+08,0.000447829,7,0.9,1.78825E+08,0.000342034,1.377839
ss_125c_3.63v_b6b7,pair,ss,125,3.63,145,6,2.7,2.35204E+08,0.000438464,7,0.9,1.73042E+08,0.000338073,1.359231
ss_125c_3.63v_b6b7,pair,ss,125,3.63,146,6,2.7,2.34013E+08,0.000434436,7,0.9,1.69987E+08,0.00033074,1.376652
ss_125c_3.63v_b6b7,pair,ss,125,3.63,147,6,2.7,2.31389E+08,0.000431692,7,0.9,1.6921E+08,0.000332016,1.367466
ss_125c_3.63v_b6b7,pair,ss,125,3.63,148,6,2.7,2.34563E+08,0.00043693,7,0.9,1.71755E+08,0.000335835,1.365684
ss_125c_3.63v_b6b7,pair,ss,125,3.63,149,6,2.7,2.39044E+08,0.000443765,7,0.9,1.74839E+08,0.000340871,1.367224
ss_125c_3.63v_b6b7,pair,ss,125,3.63,150,6,2.7,2.28868E+08,0.000429023,7,0.9,1.66151E+08,0.000327359,1.377470
ss_125c_3.63v_b6b7,pair,ss,125,3.63,151,6,2.7,2.31083E+08,0.000430256,7,0.9,1.66353E+08,0.000326627,1.389112
ss_125c_3.63v_b6b7,pair,ss,125,3.63,152,6,2.7,2.42945E+08,0.000449848,7,0.9,1.80149E+08,0.000350353,1.348578
ss_125c_3.63v_b6b7,pair,ss,125,3.63,153,6,2.7,2.26285E+08,0.000427257,7,0.9,1.66288E+08,0.000328774,1.360802
ss_125c_3.63v_b6b7,pair,ss,125,3.63,154,6,2.7,2.25392E+08,0.000426535,7,0.9,1.62946E+08,0.000324324,1.383231
ss_125c_3.63v_b6b7,pair,ss,125,3.63,155,6,2.7,2.32666E+08,0.000430351,7,0.9,1.69231E+08,0.000329548,1.374843
ss_125c_3.63v_b6b7,pair,ss,125,3.63,156,6,2.7,2.30839E+08,0.000431001,7,0.9,1.67895E+08,0.000330123,1.374901
ss_125c_3.63v_b6b7,pair,ss,125,3.63,157,6,2.7,2.40905E+08,0.000442754,7,0.9,1.76337E+08,0.00033912,1.366163
ss_125c_3.63v_b6b7,pair,ss,125,3.63,158,6,2.7,2.38288E+08,0.000439394,7,0.9,1.75709E+08,0.000339591,1.356151
ss_125c_3.63v_b6b7,pair,ss,125,3.63,159,6,2.7,2.53215E+08,0.00046422,7,0.9,1.87913E+08,0.000359135,1.347512
ss_125c_3.63v_b6b7,pair,ss,125,3.63,160,6,2.7,2.3752E+08,0.000440208,7,0.9,1.75971E+08,0.000342497,1.349768
ss_125c_3.63v_b6b7,pair,ss,125,3.63,161,6,2.7,2.43325E+08,0.000448822,7,0.9,1.77257E+08,0.000343024,1.372724
ss_125c_3.63v_b6b7,pair,ss,125,3.63,162,6,2.7,2.39142E+08,0.000444382,7,0.9,1.74647E+08,0.000340921,1.369288
ss_125c_3.63v_b6b7,pair,ss,125,3.63,163,6,2.7,2.35124E+08,0.000434518,7,0.9,1.72452E+08,0.000333809,1.363417
ss_125c_3.63v_b6b7,pair,ss,125,3.63,164,6,2.7,2.22854E+08,0.000420375,7,0.9,1.60656E+08,0.000320401,1.387150
ss_125c_3.63v_b6b7,pair,ss,125,3.63,165,6,2.7,2.27759E+08,0.000427872,7,0.9,1.64782E+08,0.000327165,1.382184
ss_125c_3.63v_b6b7,pair,ss,125,3.63,166,6,2.7,2.46619E+08,0.000448957,7,0.9,1.80528E+08,0.00034467,1.366098
ss_125c_3.63v_b6b7,pair,ss,125,3.63,167,6,2.7,2.33353E+08,0.000433365,7,0.9,1.70641E+08,0.000334322,1.367508
ss_125c_3.63v_b6b7,pair,ss,125,3.63,168,6,2.7,2.42114E+08,0.000450668,7,0.9,1.78261E+08,0.000348958,1.358199
ss_125c_3.63v_b6b7,pair,ss,125,3.63,169,6,2.7,2.23804E+08,0.000423353,7,0.9,1.62583E+08,0.000323811,1.376552
ss_125c_3.63v_b6b7,pair,ss,125,3.63,170,6,2.7,2.27382E+08,0.000428063,7,0.9,1.66046E+08,0.000328767,1.369392
ss_125c_3.63v_b6b7,pair,ss,125,3.63,171,6,2.7,2.39554E+08,0.000445138,7,0.9,1.78157E+08,0.000345246,1.344623
ss_125c_3.63v_b6b7,pair,ss,125,3.63,172,6,2.7,2.38595E+08,0.0004471,7,0.9,1.78588E+08,0.000348812,1.336008
ss_125c_3.63v_b6b7,pair,ss,125,3.63,173,6,2.7,2.20336E+08,0.000417081,7,0.9,1.56331E+08,0.000314927,1.409420
ss_125c_3.63v_b6b7,pair,ss,125,3.63,174,6,2.7,2.33608E+08,0.000434092,7,0.9,1.70947E+08,0.000334317,1.366552
ss_125c_3.63v_b6b7,pair,ss,125,3.63,175,6,2.7,2.25444E+08,0.000422716,7,0.9,1.62007E+08,0.000319443,1.391570
ss_125c_3.63v_b6b7,pair,ss,125,3.63,176,6,2.7,2.18112E+08,0.000414168,7,0.9,1.57612E+08,0.0003164,1.383854
ss_125c_3.63v_b6b7,pair,ss,125,3.63,177,6,2.7,2.18489E+08,0.000417469,7,0.9,1.60137E+08,0.000323192,1.364388
ss_125c_3.63v_b6b7,pair,ss,125,3.63,178,6,2.7,2.27571E+08,0.000427412,7,0.9,1.62382E+08,0.000322703,1.401455
ss_125c_3.63v_b6b7,pair,ss,125,3.63,179,6,2.7,2.30876E+08,0.0004356,7,0.9,1.69499E+08,0.000336752,1.362108
ss_125c_3.63v_b6b7,pair,ss,125,3.63,180,6,2.7,2.46517E+08,0.000449075,7,0.9,1.81918E+08,0.000347953,1.355100
ss_125c_3.63v_b6b7,pair,ss,125,3.63,181,6,2.7,2.28741E+08,0.000426964,7,0.9,1.63327E+08,0.000323488,1.400509
ss_125c_3.63v_b6b7,pair,ss,125,3.63,182,6,2.7,2.26456E+08,0.000430236,7,0.9,1.68011E+08,0.000334137,1.347864
ss_125c_3.63v_b6b7,pair,ss,125,3.63,183,6,2.7,2.18302E+08,0.000413242,7,0.9,1.59105E+08,0.00031699,1.372062
ss_125c_3.63v_b6b7,pair,ss,125,3.63,184,6,2.7,2.31271E+08,0.000434187,7,0.9,1.66931E+08,0.000331764,1.385429
ss_125c_3.63v_b6b7,pair,ss,125,3.63,185,6,2.7,2.21398E+08,0.000421165,7,0.9,1.60366E+08,0.000322218,1.380579
ss_125c_3.63v_b6b7,pair,ss,125,3.63,186,6,2.7,2.23149E+08,0.000418877,7,0.9,1.60525E+08,0.000318641,1.390120
ss_125c_3.63v_b6b7,pair,ss,125,3.63,187,6,2.7,2.38929E+08,0.000440191,7,0.9,1.74591E+08,0.000337271,1.368507
ss_125c_3.63v_b6b7,pair,ss,125,3.63,188,6,2.7,2.23909E+08,0.000421183,7,0.9,1.62329E+08,0.000320611,1.379353
ss_125c_3.63v_b6b7,pair,ss,125,3.63,189,6,2.7,2.10865E+08,0.000403985,7,0.9,1.49336E+08,0.000303076,1.412017
ss_125c_3.63v_b6b7,pair,ss,125,3.63,190,6,2.7,2.27794E+08,0.000424122,7,0.9,1.64843E+08,0.000323902,1.381885
ss_125c_3.63v_b6b7,pair,ss,125,3.63,191,6,2.7,2.54398E+08,0.000465452,7,0.9,1.90982E+08,0.0003638,1.332052
ss_125c_3.63v_b6b7,pair,ss,125,3.63,192,6,2.7,2.12278E+08,0.000413097,7,0.9,1.52509E+08,0.000315125,1.391905
ss_125c_3.63v_b6b7,pair,ss,125,3.63,193,6,2.7,2.44639E+08,0.000448682,7,0.9,1.7856E+08,0.000344305,1.370066
ss_125c_3.63v_b6b7,pair,ss,125,3.63,194,6,2.7,2.29821E+08,0.000432093,7,0.9,1.67152E+08,0.000331461,1.374922
ss_125c_3.63v_b6b7,pair,ss,125,3.63,195,6,2.7,2.35875E+08,0.000437211,7,0.9,1.73632E+08,0.000337664,1.358477
ss_125c_3.63v_b6b7,pair,ss,125,3.63,196,6,2.7,2.32238E+08,0.000431213,7,0.9,1.69968E+08,0.000331478,1.366363
ss_125c_3.63v_b6b7,pair,ss,125,3.63,197,6,2.7,2.42727E+08,0.000449872,7,0.9,1.77946E+08,0.000348215,1.364049
ss_125c_3.63v_b6b7,pair,ss,125,3.63,198,6,2.7,2.31941E+08,0.00042789,7,0.9,1.68459E+08,0.000327063,1.376839
ss_125c_3.63v_b6b7,pair,ss,125,3.63,199,6,2.7,2.41866E+08,0.000442898,7,0.9,1.76788E+08,0.000338609,1.368113
ss_125c_3.63v_b6b7,pair,ss,125,3.63,200,6,2.7,2.34523E+08,0.000433028,7,0.9,1.71311E+08,0.000331721,1.368990
typical_125c_3.63v_b3b4,bundle,typical,125,3.63,1,3,2.7,4.16999E+07,0.000195702,4,0.9,3.25104E+07,0.000126697,1.282663
typical_125c_3.63v_b3b4,bundle,typical,125,3.63,2,3,2.7,3.78458E+07,0.000191626,4,0.9,2.67831E+07,0.000117068,1.413048
typical_125c_3.63v_b3b4,bundle,typical,125,3.63,3,3,2.7,3.71176E+07,0.000187736,4,0.9,2.81095E+07,0.000119809,1.320465
typical_125c_3.63v_b3b4,bundle,typical,125,3.63,4,3,2.7,3.8569E+07,0.000189122,4,0.9,3.04893E+07,0.000121206,1.265001
typical_125c_3.63v_b3b4,bundle,typical,125,3.63,5,3,2.7,4.05554E+07,0.000196772,4,0.9,3.13216E+07,0.000127417,1.294806
typical_125c_3.63v_b3b4,bundle,typical,125,3.63,6,3,2.7,4.13321E+07,0.000198262,4,0.9,3.21221E+07,0.000128346,1.286718
typical_125c_3.63v_b3b4,bundle,typical,125,3.63,7,3,2.7,4.11038E+07,0.000200664,4,0.9,3.23794E+07,0.000130212,1.269443
typical_125c_3.63v_b3b4,bundle,typical,125,3.63,8,3,2.7,4.15957E+07,0.00019584,4,0.9,3.11163E+07,0.00012378,1.336782
typical_125c_3.63v_b3b4,bundle,typical,125,3.63,9,3,2.7,3.94506E+07,0.000195158,4,0.9,3.0883E+07,0.000127737,1.277421
typical_125c_3.63v_b3b4,bundle,typical,125,3.63,10,3,2.7,4.11991E+07,0.000196556,4,0.9,3.13201E+07,0.0001257,1.315420
typical_125c_3.63v_b3b4,bundle,typical,125,3.63,11,3,2.7,3.69346E+07,0.000189414,4,0.9,2.93095E+07,0.000123469,1.260158
typical_125c_3.63v_b3b4,bundle,typical,125,3.63,12,3,2.7,3.56604E+07,0.000186314,4,0.9,2.59023E+07,0.000116589,1.376727
typical_125c_3.63v_b3b4,bundle,typical,125,3.63,13,3,2.7,3.87797E+07,0.000192044,4,0.9,3.14833E+07,0.000125951,1.231755
typical_125c_3.63v_b3b4,bundle,typical,125,3.63,14,3,2.7,4.38404E+07,0.000198137,4,0.9,3.36053E+07,0.000126831,1.304568
typical_125c_3.63v_b3b4,bundle,typical,125,3.63,15,3,2.7,4.12407E+07,0.000196292,4,0.9,3.06565E+07,0.000123863,1.345251
typical_125c_3.63v_b3b4,bundle,typical,125,3.63,16,3,2.7,3.8421E+07,0.000192881,4,0.9,3.03386E+07,0.000124645,1.266406
typical_125c_3.63v_b3b4,bundle,typical,125,3.63,17,3,2.7,3.91501E+07,0.000189421,4,0.9,2.8705E+07,0.000118076,1.363877
typical_125c_3.63v_b3b4,bundle,typical,125,3.63,18,3,2.7,3.89815E+07,0.000193387,4,0.9,2.95252E+07,0.00012437,1.320279
typical_125c_3.63v_b3b4,bundle,typical,125,3.63,19,3,2.7,3.71823E+07,0.000190379,4,0.9,2.87337E+07,0.000123778,1.294031
typical_125c_3.63v_b3b4,bundle,typical,125,3.63,20,3,2.7,4.05394E+07,0.000198098,4,0.9,2.99298E+07,0.000125213,1.354483
typical_125c_3.63v_b3b4,bundle,typical,125,3.63,21,3,2.7,4.12727E+07,0.000198653,4,0.9,3.23195E+07,0.000127869,1.277022
typical_125c_3.63v_b3b4,bundle,typical,125,3.63,22,3,2.7,3.99176E+07,0.000195081,4,0.9,2.97136E+07,0.000124547,1.343412
typical_125c_3.63v_b3b4,bundle,typical,125,3.63,23,3,2.7,3.72703E+07,0.000189873,4,0.9,2.79305E+07,0.000121319,1.334394
typical_125c_3.63v_b3b4,bundle,typical,125,3.63,24,3,2.7,3.75964E+07,0.000187986,4,0.9,2.98866E+07,0.000122399,1.257968
typical_125c_3.63v_b3b4,bundle,typical,125,3.63,25,3,2.7,3.89129E+07,0.000194837,4,0.9,2.9969E+07,0.000124798,1.298438
typical_125c_3.63v_b3b4,bundle,typical,125,3.63,26,3,2.7,4.06653E+07,0.00019659,4,0.9,3.23152E+07,0.000128415,1.258395
typical_125c_3.63v_b3b4,bundle,typical,125,3.63,27,3,2.7,3.70977E+07,0.000187441,4,0.9,2.79828E+07,0.000119005,1.325732
typical_125c_3.63v_b3b4,bundle,typical,125,3.63,28,3,2.7,3.74188E+07,0.000193242,4,0.9,2.85294E+07,0.000124992,1.311587
typical_125c_3.63v_b3b4,bundle,typical,125,3.63,29,3,2.7,4.01634E+07,0.000192135,4,0.9,3.12797E+07,0.000124853,1.284008
typical_125c_3.63v_b3b4,bundle,typical,125,3.63,30,3,2.7,4.1391E+07,0.000195244,4,0.9,3.20772E+07,0.00012519,1.290356
typical_125c_3.63v_b3b4,bundle,typical,125,3.63,31,3,2.7,4.11499E+07,0.000199125,4,0.9,3.13403E+07,0.000126048,1.313003
typical_125c_3.63v_b3b4,bundle,typical,125,3.63,32,3,2.7,3.73224E+07,0.000189776,4,0.9,2.76675E+07,0.000120563,1.348962
typical_125c_3.63v_b3b4,bundle,typical,125,3.63,33,3,2.7,4.07618E+07,0.000196193,4,0.9,3.20052E+07,0.000127566,1.273599
typical_125c_3.63v_b3b4,bundle,typical,125,3.63,34,3,2.7,3.86973E+07,0.000193489,4,0.9,2.82933E+07,0.000121254,1.367720
typical_125c_3.63v_b3b4,bundle,typical,125,3.63,35,3,2.7,4.13859E+07,0.0001981,4,0.9,3.17734E+07,0.00012818,1.302533
typical_125c_3.63v_b3b4,bundle,typical,125,3.63,36,3,2.7,4.17666E+07,0.000195408,4,0.9,3.29689E+07,0.000127113,1.266848
typical_125c_3.63v_b3b4,bundle,typical,125,3.63,37,3,2.7,3.90816E+07,0.000192628,4,0.9,3.08414E+07,0.000127874,1.267180
typical_125c_3.63v_b3b4,bundle,typical,125,3.63,38,3,2.7,3.75021E+07,0.000191357,4,0.9,2.82343E+07,0.000122057,1.328246
typical_125c_3.63v_b3b4,bundle,typical,125,3.63,39,3,2.7,4.04906E+07,0.000195108,4,0.9,3.12049E+07,0.000126776,1.297572
typical_125c_3.63v_b3b4,bundle,typical,125,3.63,40,3,2.7,4.22393E+07,0.00020218,4,0.9,3.24331E+07,0.00013184,1.302352
typical_125c_3.63v_b3b4,bundle,typical,125,3.63,41,3,2.7,4.02557E+07,0.000191079,4,0.9,2.97326E+07,0.000120176,1.353925
typical_125c_3.63v_b3b4,bundle,typical,125,3.63,42,3,2.7,4.29353E+07,0.000201411,4,0.9,3.43399E+07,0.000132763,1.250304
typical_125c_3.63v_b3b4,bundle,typical,125,3.63,43,3,2.7,4.21719E+07,0.000199922,4,0.9,3.40142E+07,0.00013178,1.239832
typical_125c_3.63v_b3b4,bundle,typical,125,3.63,44,3,2.7,4.1521E+07,0.000198271,4,0.9,3.23252E+07,0.000128561,1.284478
typical_125c_3.63v_b3b4,bundle,typical,125,3.63,45,3,2.7,3.94746E+07,0.000197123,4,0.9,3.18229E+07,0.000130538,1.240446
typical_125c_3.63v_b3b4,bundle,typical,125,3.63,46,3,2.7,4.1271E+07,0.000196469,4,0.9,3.25264E+07,0.000127069,1.268846
typical_125c_3.63v_b3b4,bundle,typical,125,3.63,47,3,2.7,4.20883E+07,0.000201073,4,0.9,3.12913E+07,0.000127802,1.345048
typical_125c_3.63v_b3b4,bundle,typical,125,3.63,48,3,2.7,4.04983E+07,0.000198212,4,0.9,3.16126E+07,0.00013258,1.281081
typical_125c_3.63v_b3b4,bundle,typical,125,3.63,49,3,2.7,4.07242E+07,0.000195263,4,0.9,3.1204E+07,0.000125036,1.305096
typical_125c_3.63v_b3b4,bundle,typical,125,3.63,50,3,2.7,4.24784E+07,0.000201145,4,0.9,3.25633E+07,0.000130261,1.304487
typical_125c_3.63v_b3b4,bundle,typical,125,3.63,51,3,2.7,4.14674E+07,0.0001955,4,0.9,3.14983E+07,0.000125579,1.316496
typical_125c_3.63v_b3b4,bundle,typical,125,3.63,52,3,2.7,3.5899E+07,0.000186051,4,0.9,2.65644E+07,0.000117163,1.351395
typical_125c_3.63v_b3b4,bundle,typical,125,3.63,53,3,2.7,4.32925E+07,0.000204382,4,0.9,3.35201E+07,0.000132708,1.291539
typical_125c_3.63v_b3b4,bundle,typical,125,3.63,54,3,2.7,4.26913E+07,0.000200896,4,0.9,3.37383E+07,0.000131973,1.265366
typical_125c_3.63v_b3b4,bundle,typical,125,3.63,55,3,2.7,3.96473E+07,0.000194504,4,0.9,2.95E+07,0.000124459,1.343976
typical_125c_3.63v_b3b4,bundle,typical,125,3.63,56,3,2.7,4.29621E+07,0.000197131,4,0.9,3.30346E+07,0.000127709,1.300518
typical_125c_3.63v_b3b4,bundle,typical,125,3.63,57,3,2.7,4.00114E+07,0.000195632,4,0.9,3.03644E+07,0.000125384,1.317708
typical_125c_3.63v_b3b4,bundle,typical,125,3.63,58,3,2.7,3.97541E+07,0.000193468,4,0.9,3.06438E+07,0.000124174,1.297297
typical_125c_3.63v_b3b4,bundle,typical,125,3.63,59,3,2.7,3.72564E+07,0.000185771,4,0.9,2.87512E+07,0.000118676,1.295821
typical_125c_3.63v_b3b4,bundle,typical,125,3.63,60,3,2.7,4.04992E+07,0.000193222,4,0.9,3.16337E+07,0.000126023,1.280255
typical_125c_3.63v_b3b4,bundle,typical,125,3.63,61,3,2.7,3.71093E+07,0.000189568,4,0.9,2.81293E+07,0.000120999,1.319240
typical_125c_3.63v_b3b4,bundle,typical,125,3.63,62,3,2.7,4.03315E+07,0.000198008,4,0.9,3.22815E+07,0.000129211,1.249369
typical_125c_3.63v_b3b4,bundle,typical,125,3.63,63,3,2.7,4.22391E+07,0.000199983,4,0.9,3.25584E+07,0.000130348,1.297333
typical_125c_3.63v_b3b4,bundle,typical,125,3.63,64,3,2.7,3.64176E+07,0.000184125,4,0.9,2.54889E+07,0.000111138,1.428763
typical_125c_3.63v_b3b4,bundle,typical,125,3.63,65,3,2.7,3.83289E+07,0.000188793,4,0.9,2.88493E+07,0.000118044,1.328590
typical_125c_3.63v_b3b4,bundle,typical,125,3.63,66,3,2.7,3.5899E+07,0.000186369,4,0.9,2.53447E+07,0.000115516,1.416430
typical_125c_3.63v_b3b4,bundle,typical,125,3.63,67,3,2.7,4.12851E+07,0.000199966,4,0.9,3.02082E+07,0.000126218,1.366685
typical_125c_3.63v_b3b4,bundle,typical,125,3.63,68,3,2.7,4.09794E+07,0.00019646,4,0.9,3.2498E+07,0.000128619,1.260982
typical_125c_3.63v_b3b4,bundle,typical,125,3.63,69,3,2.7,3.87739E+07,0.000194522,4,0.9,2.88887E+07,0.000122167,1.342182
typical_125c_3.63v_b3b4,bundle,typical,125,3.63,70,3,2.7,3.50428E+07,0.000189055,4,0.9,2.82254E+07,0.000125185,1.241534
typical_125c_3.63v_b3b4,bundle,typical,125,3.63,71,3,2.7,3.92251E+07,0.000189264,4,0.9,2.88765E+07,0.00012014,1.358374
typical_125c_3.63v_b3b4,bundle,typical,125,3.63,72,3,2.7,4.23957E+07,0.000196387,4,0.9,3.09436E+07,0.000123716,1.370096
typical_125c_3.63v_b3b4,bundle,typical,125,3.63,73,3,2.7,4.09653E+07,0.000193566,4,0.9,3.18121E+07,0.000123777,1.287727
typical_125c_3.63v_b3b4,bundle,typical,125,3.63,74,3,2.7,4.60514E+07,0.000212061,4,0.9,3.83319E+07,0.00014261,1.201386
typical_125c_3.63v_b3b4,bundle,typical,125,3.63,75,3,2.7,4.37765E+07,0.000202019,4,0.9,3.33689E+07,0.000130141,1.311895
typical_125c_3.63v_b3b4,bundle,typical,125,3.63,76,3,2.7,3.99941E+07,0.000195257,4,0.9,2.94815E+07,0.000122718,1.356583
typical_125c_3.63v_b3b4,bundle,typical,125,3.63,77,3,2.7,4.31186E+07,0.000202413,4,0.9,3.50523E+07,0.000135038,1.230122
typical_125c_3.63v_b3b4,bundle,typical,125,3.63,78,3,2.7,3.90224E+07,0.0001918,4,0.9,3.04649E+07,0.000124338,1.280897
typical_125c_3.63v_b3b4,bundle,typical,125,3.63,79,3,2.7,3.99803E+07,0.000192941,4,0.9,3.09179E+07,0.000124117,1.293112
typical_125c_3.63v_b3b4,bundle,typical,125,3.63,80,3,2.7,4.00948E+07,0.000193437,4,0.9,3.10052E+07,0.000124396,1.293164
typical_125c_3.63v_b3b4,bundle,typical,125,3.63,81,3,2.7,3.67628E+07,0.000186755,4,0.9,2.84815E+07,0.000120755,1.290761
typical_125c_3.63v_b3b4,bundle,typical,125,3.63,82,3,2.7,3.86475E+07,0.000193362,4,0.9,3.03073E+07,0.000125108,1.275188
typical_125c_3.63v_b3b4,bundle,typical,125,3.63,83,3,2.7,3.91403E+07,0.000194326,4,0.9,3.07116E+07,0.000126418,1.274447
typical_125c_3.63v_b3b4,bundle,typical,125,3.63,84,3,2.7,3.9832E+07,0.000192476,4,0.9,3.16683E+07,0.000127141,1.257788
typical_125c_3.63v_b3b4,bundle,typical,125,3.63,85,3,2.7,3.71602E+07,0.000190003,4,0.9,2.73236E+07,0.000119096,1.360004
typical_125c_3.63v_b3b4,bundle,typical,125,3.63,86,3,2.7,4.25604E+07,0.000198229,4,0.9,3.19961E+07,0.0001277,1.330175
typical_125c_3.63v_b3b4,bundle,typical,125,3.63,87,3,2.7,3.89844E+07,0.000194055,4,0.9,3.04013E+07,0.000126801,1.282327
typical_125c_3.63v_b3b4,bundle,typical,125,3.63,88,3,2.7,4.32459E+07,0.00020311,4,0.9,3.34434E+07,0.000132273,1.293107
typical_125c_3.63v_b3b4,bundle,typical,125,3.63,89,3,2.7,4.05465E+07,0.000199364,4,0.9,3.26184E+07,0.000131393,1.243056
typical_125c_3.63v_b3b4,bundle,typical,125,3.63,90,3,2.7,4.05857E+07,0.000193675,4,0.9,3.19408E+07,0.000124761,1.270654
typical_125c_3.63v_b3b4,bundle,typical,125,3.63,91,3,2.7,4.29245E+07,0.000203212,4,0.9,3.22665E+07,0.00012938,1.330312
typical_125c_3.63v_b3b4,bundle,typical,125,3.63,92,3,2.7,3.91992E+07,0.000195167,4,0.9,3.09656E+07,0.000129192,1.265895
typical_125c_3.63v_b3b4,bundle,typical,125,3.63,93,3,2.7,4.05233E+07,0.000193783,4,0.9,3.25669E+07,0.000129105,1.244309
typical_125c_3.63v_b3b4,bundle,typical,125,3.63,94,3,2.7,3.86549E+07,0.000193173,4,0.9,2.93923E+07,0.000123238,1.315137
typical_125c_3.63v_b3b4,bundle,typical,125,3.63,95,3,2.7,3.89401E+07,0.000191877,4,0.9,3.02509E+07,0.000122545,1.287238
typical_125c_3.63v_b3b4,bundle,typical,125,3.63,96,3,2.7,3.86211E+07,0.000194998,4,0.9,3.04418E+07,0.000125642,1.268686
typical_125c_3.63v_b3b4,bundle,typical,125,3.63,97,3,2.7,4.39027E+07,0.000198683,4,0.9,3.31328E+07,0.000127625,1.325053
typical_125c_3.63v_b3b4,bundle,typical,125,3.63,98,3,2.7,3.7312E+07,0.00018981,4,0.9,2.7673E+07,0.000120817,1.348318
typical_125c_3.63v_b3b4,bundle,typical,125,3.63,99,3,2.7,3.92626E+07,0.000193746,4,0.9,3.01698E+07,0.000125542,1.301387
typical_125c_3.63v_b3b4,bundle,typical,125,3.63,100,3,2.7,3.83355E+07,0.000190866,4,0.9,2.95159E+07,0.000123224,1.298808
typical_125c_3.63v_b3b4,bundle,typical,125,3.63,101,3,2.7,4.1817E+07,0.000196907,4,0.9,3.14312E+07,0.000127602,1.330430
typical_125c_3.63v_b3b4,bundle,typical,125,3.63,102,3,2.7,4.0163E+07,0.000194764,4,0.9,3.17577E+07,0.000127433,1.264670
typical_125c_3.63v_b3b4,bundle,typical,125,3.63,103,3,2.7,3.73517E+07,0.000191728,4,0.9,2.97336E+07,0.000125984,1.256212
typical_125c_3.63v_b3b4,bundle,typical,125,3.63,104,3,2.7,3.57391E+07,0.000186464,4,0.9,2.60568E+07,0.000116508,1.371584
typical_125c_3.63v_b3b4,bundle,typical,125,3.63,105,3,2.7,4.13021E+07,0.000199014,4,0.9,3.27975E+07,0.000131819,1.259306
typical_125c_3.63v_b3b4,bundle,typical,125,3.63,106,3,2.7,3.99644E+07,0.00019493,4,0.9,2.92409E+07,0.000124012,1.366729
typical_125c_3.63v_b3b4,bundle,typical,125,3.63,107,3,2.7,4.03574E+07,0.000195429,4,0.9,3.02253E+07,0.000126416,1.335219
typical_125c_3.63v_b3b4,bundle,typical,125,3.63,108,3,2.7,3.79967E+07,0.00019282,4,0.9,2.82625E+07,0.000123079,1.344421
typical_125c_3.63v_b3b4,bundle,typical,125,3.63,109,3,2.7,4.56647E+07,0.000206046,4,0.9,3.68599E+07,0.000138245,1.238872
typical_125c_3.63v_b3b4,bundle,typical,125,3.63,110,3,2.7,3.94477E+07,0.000196634,4,0.9,3.08075E+07,0.000128863,1.280458
typical_125c_3.63v_b3b4,bundle,typical,125,3.63,111,3,2.7,4.1024E+07,0.00019866,4,0.9,3.2338E+07,0.000130027,1.268600
typical_125c_3.63v_b3b4,bundle,typical,125,3.63,112,3,2.7,3.88368E+07,0.000194878,4,0.9,2.83763E+07,0.000121965,1.368635
typical_125c_3.63v_b3b4,bundle,typical,125,3.63,113,3,2.7,4.31534E+07,0.00019958,4,0.9,3.29243E+07,0.000128966,1.310685
typical_125c_3.63v_b3b4,bundle,typical,125,3.63,114,3,2.7,3.90325E+07,0.000191882,4,0.9,2.92374E+07,0.000121709,1.335020
typical_125c_3.63v_b3b4,bundle,typical,125,3.63,115,3,2.7,4.52592E+07,0.000205556,4,0.9,3.51752E+07,0.000134761,1.286679
typical_125c_3.63v_b3b4,bundle,typical,125,3.63,116,3,2.7,3.9374E+07,0.000193459,4,0.9,3.17921E+07,0.000126032,1.238484
typical_125c_3.63v_b3b4,bundle,typical,125,3.63,117,3,2.7,4.34089E+07,0.000201075,4,0.9,3.38887E+07,0.000131155,1.280926
typical_125c_3.63v_b3b4,bundle,typical,125,3.63,118,3,2.7,3.9831E+07,0.000191493,4,0.9,3.28845E+07,0.000127988,1.211239
typical_125c_3.63v_b3b4,bundle,typical,125,3.63,119,3,2.7,4.16425E+07,0.000196118,4,0.9,3.15353E+07,0.000129033,1.320504
typical_125c_3.63v_b3b4,bundle,typical,125,3.63,120,3,2.7,4.21129E+07,0.000198909,4,0.9,3.21292E+07,0.000129933,1.310736
typical_125c_3.63v_b3b4,bundle,typical,125,3.63,121,3,2.7,3.80064E+07,0.000187778,4,0.9,2.69991E+07,0.000115154,1.407691
typical_125c_3.63v_b3b4,bundle,typical,125,3.63,122,3,2.7,3.93103E+07,0.000196107,4,0.9,2.88936E+07,0.000124976,1.360519
typical_125c_3.63v_b3b4,bundle,typical,125,3.63,123,3,2.7,4.12457E+07,0.000198482,4,0.9,3.34597E+07,0.000130662,1.232698
typical_125c_3.63v_b3b4,bundle,typical,125,3.63,124,3,2.7,4.08255E+07,0.000197883,4,0.9,3.05691E+07,0.000126427,1.335515
typical_125c_3.63v_b3b4,bundle,typical,125,3.63,125,3,2.7,4.03914E+07,0.000196474,4,0.9,3.1572E+07,0.000126638,1.279342
typical_125c_3.63v_b3b4,bundle,typical,125,3.63,126,3,2.7,4.07746E+07,0.000201143,4,0.9,3.13103E+07,0.000131374,1.302274
typical_125c_3.63v_b3b4,bundle,typical,125,3.63,127,3,2.7,3.7355E+07,0.000190478,4,0.9,2.90805E+07,0.000124284,1.284538
typical_125c_3.63v_b3b4,bundle,typical,125,3.63,128,3,2.7,4.10229E+07,0.000193585,4,0.9,3.34956E+07,0.000128045,1.224725
typical_125c_3.63v_b3b4,bundle,typical,125,3.63,129,3,2.7,4.05555E+07,0.00019739,4,0.9,3.07156E+07,0.000125591,1.320355
typical_125c_3.63v_b3b4,bundle,typical,125,3.63,130,3,2.7,3.78166E+07,0.000194829,4,0.9,2.81092E+07,0.000122556,1.345346
typical_125c_3.63v_b3b4,bundle,typical,125,3.63,131,3,2.7,4.04466E+07,0.000196579,4,0.9,3.11846E+07,0.000128467,1.297006
typical_125c_3.63v_b3b4,bundle,typical,125,3.63,132,3,2.7,3.81613E+07,0.000188747,4,0.9,2.78447E+07,0.000118017,1.370505
typical_125c_3.63v_b3b4,bundle,typical,125,3.63,133,3,2.7,3.68082E+07,0.000188754,4,0.9,2.81902E+07,0.000121216,1.305709
typical_125c_3.63v_b3b4,bundle,typical,125,3.63,134,3,2.7,4.20562E+07,0.00019962,4,0.9,3.33387E+07,0.000132389,1.261483
typical_125c_3.63v_b3b4,bundle,typical,125,3.63,135,3,2.7,4.14532E+07,0.000195428,4,0.9,3.14842E+07,0.000123724,1.316635
typical_125c_3.63v_b3b4,bundle,typical,125,3.63,136,3,2.7,3.86679E+07,0.000193054,4,0.9,2.69799E+07,0.000119099,1.433211
typical_125c_3.63v_b3b4,bundle,typical,125,3.63,137,3,2.7,3.96161E+07,0.00019532,4,0.9,3.20381E+07,0.000129469,1.236531
typical_125c_3.63v_b3b4,bundle,typical,125,3.63,138,3,2.7,3.82397E+07,0.000185616,4,0.9,2.94004E+07,0.000118941,1.300652
typical_125c_3.63v_b3b4,bundle,typical,125,3.63,139,3,2.7,4.10191E+07,0.000201261,4,0.9,3.28342E+07,0.000133889,1.249280
typical_125c_3.63v_b3b4,bundle,typical,125,3.63,140,3,2.7,3.85299E+07,0.000189624,4,0.9,2.90551E+07,0.000121656,1.326098
typical_125c_3.63v_b3b4,bundle,typical,125,3.63,141,3,2.7,4.21112E+07,0.000200227,4,0.9,3.17731E+07,0.000129389,1.325373
typical_125c_3.63v_b3b4,bundle,typical,125,3.63,142,3,2.7,4.35408E+07,0.000202745,4,0.9,3.46592E+07,0.000133738,1.256255
typical_125c_3.63v_b3b4,bundle,typical,125,3.63,143,3,2.7,4.26178E+07,0.000199584,4,0.9,3.21508E+07,0.000128565,1.325560
typical_125c_3.63v_b3b4,bundle,typical,125,3.63,144,3,2.7,4.22003E+07,0.000197821,4,0.9,3.34087E+07,0.000129029,1.263153
typical_125c_3.63v_b3b4,bundle,typical,125,3.63,145,3,2.7,4.14365E+07,0.00019952,4,0.9,3.23724E+07,0.000129475,1.279995
typical_125c_3.63v_b3b4,bundle,typical,125,3.63,146,3,2.7,4.06354E+07,0.000195213,4,0.9,3.20013E+07,0.000127116,1.269805
typical_125c_3.63v_b3b4,bundle,typical,125,3.63,147,3,2.7,3.96402E+07,0.000194023,4,0.9,3.10508E+07,0.000126393,1.276624
typical_125c_3.63v_b3b4,bundle,typical,125,3.63,148,3,2.7,4.10844E+07,0.000196976,4,0.9,3.09226E+07,0.000126007,1.328620
typical_125c_3.63v_b3b4,bundle,typical,125,3.63,149,3,2.7,4.1207E+07,0.000197887,4,0.9,3.21678E+07,0.000128897,1.281001
typical_125c_3.63v_b3b4,bundle,typical,125,3.63,150,3,2.7,3.93481E+07,0.000191292,4,0.9,3.05609E+07,0.000123717,1.287531
typical_125c_3.63v_b3b4,bundle,typical,125,3.63,151,3,2.7,3.95744E+07,0.000192276,4,0.9,2.97953E+07,0.000122551,1.328209
typical_125c_3.63v_b3b4,bundle,typical,125,3.63,152,3,2.7,4.23648E+07,0.000203924,4,0.9,3.34014E+07,0.000135249,1.268354
typical_125c_3.63v_b3b4,bundle,typical,125,3.63,153,3,2.7,3.9662E+07,0.000194694,4,0.9,3.04337E+07,0.000125872,1.303226
typical_125c_3.63v_b3b4,bundle,typical,125,3.63,154,3,2.7,3.80256E+07,0.000191489,4,0.9,2.89817E+07,0.000122609,1.312056
typical_125c_3.63v_b3b4,bundle,typical,125,3.63,155,3,2.7,4.02635E+07,0.000194111,4,0.9,3.02659E+07,0.000123268,1.330326
typical_125c_3.63v_b3b4,bundle,typical,125,3.63,156,3,2.7,3.94461E+07,0.000193316,4,0.9,3.053E+07,0.000124045,1.292044
typical_125c_3.63v_b3b4,bundle,typical,125,3.63,157,3,2.7,4.19403E+07,0.000197394,4,0.9,3.26689E+07,0.00012814,1.283799
typical_125c_3.63v_b3b4,bundle,typical,125,3.63,158,3,2.7,4.24648E+07,0.000198095,4,0.9,3.28645E+07,0.00012793,1.292118
typical_125c_3.63v_b3b4,bundle,typical,125,3.63,159,3,2.7,4.3487E+07,0.000204358,4,0.9,3.43662E+07,0.00013433,1.265400
typical_125c_3.63v_b3b4,bundle,typical,125,3.63,160,3,2.7,4.13786E+07,0.000199809,4,0.9,3.14084E+07,0.000128048,1.317437
typical_125c_3.63v_b3b4,bundle,typical,125,3.63,161,3,2.7,4.22126E+07,0.000198952,4,0.9,2.98295E+07,0.000126556,1.415129
typical_125c_3.63v_b3b4,bundle,typical,125,3.63,162,3,2.7,4.08686E+07,0.000197409,4,0.9,3.01079E+07,0.00012295,1.357405
typical_125c_3.63v_b3b4,bundle,typical,125,3.63,163,3,2.7,3.9797E+07,0.000192757,4,0.9,3.02104E+07,0.000121309,1.317328
typical_125c_3.63v_b3b4,bundle,typical,125,3.63,164,3,2.7,3.81051E+07,0.000189794,4,0.9,2.96854E+07,0.00012317,1.283631
typical_125c_3.63v_b3b4,bundle,typical,125,3.63,165,3,2.7,3.91239E+07,0.000192503,4,0.9,3.00561E+07,0.000123282,1.301696
typical_125c_3.63v_b3b4,bundle,typical,125,3.63,166,3,2.7,4.34869E+07,0.000201517,4,0.9,3.48817E+07,0.000134214,1.246697
typical_125c_3.63v_b3b4,bundle,typical,125,3.63,167,3,2.7,4.10261E+07,0.000195527,4,0.9,3.17519E+07,0.000127879,1.292083
typical_125c_3.63v_b3b4,bundle,typical,125,3.63,168,3,2.7,4.11486E+07,0.000201686,4,0.9,3.23458E+07,0.000131311,1.272147
typical_125c_3.63v_b3b4,bundle,typical,125,3.63,169,3,2.7,3.70799E+07,0.000189867,4,0.9,2.62979E+07,0.000117994,1.409995
typical_125c_3.63v_b3b4,bundle,typical,125,3.63,170,3,2.7,3.86756E+07,0.000192911,4,0.9,2.89437E+07,0.000122388,1.336236
typical_125c_3.63v_b3b4,bundle,typical,125,3.63,171,3,2.7,4.28265E+07,0.000201878,4,0.9,3.24314E+07,0.0001312,1.320526
typical_125c_3.63v_b3b4,bundle,typical,125,3.63,172,3,2.7,4.10021E+07,0.000200358,4,0.9,3.1261E+07,0.000130239,1.311606
typical_125c_3.63v_b3b4,bundle,typical,125,3.63,173,3,2.7,3.74114E+07,0.000187444,4,0.9,2.85925E+07,0.000119806,1.308434
typical_125c_3.63v_b3b4,bundle,typical,125,3.63,174,3,2.7,3.85799E+07,0.00019279,4,0.9,3.09059E+07,0.000126885,1.248302
typical_125c_3.63v_b3b4,bundle,typical,125,3.63,175,3,2.7,4.1063E+07,0.000193435,4,0.9,3.03125E+07,0.00012208,1.354656
typical_125c_3.63v_b3b4,bundle,typical,125,3.63,176,3,2.7,3.67567E+07,0.000187724,4,0.9,2.76245E+07,0.000119203,1.330583
typical_125c_3.63v_b3b4,bundle,typical,125,3.63,177,3,2.7,3.78061E+07,0.000192816,4,0.9,2.92106E+07,0.000123864,1.294260
typical_125c_3.63v_b3b4,bundle,typical,125,3.63,178,3,2.7,3.85075E+07,0.000191055,4,0.9,2.97132E+07,0.000124794,1.295973
typical_125c_3.63v_b3b4,bundle,typical,125,3.63,179,3,2.7,3.78687E+07,0.000195904,4,0.9,2.93198E+07,0.000126416,1.291574
typical_125c_3.63v_b3b4,bundle,typical,125,3.63,180,3,2.7,4.37627E+07,0.000200978,4,0.9,3.38187E+07,0.000129043,1.294039
typical_125c_3.63v_b3b4,bundle,typical,125,3.63,181,3,2.7,3.75434E+07,0.000187972,4,0.9,2.74711E+07,0.000117166,1.366651
typical_125c_3.63v_b3b4,bundle,typical,125,3.63,182,3,2.7,3.7851E+07,0.000194354,4,0.9,2.72348E+07,0.000120154,1.389803
typical_125c_3.63v_b3b4,bundle,typical,125,3.63,183,3,2.7,3.92986E+07,0.00019021,4,0.9,2.78423E+07,0.000118071,1.411471
typical_125c_3.63v_b3b4,bundle,typical,125,3.63,184,3,2.7,3.77042E+07,0.000191036,4,0.9,2.95528E+07,0.000125069,1.275825
typical_125c_3.63v_b3b4,bundle,typical,125,3.63,185,3,2.7,3.78972E+07,0.000190644,4,0.9,2.80176E+07,0.000120708,1.352621
typical_125c_3.63v_b3b4,bundle,typical,125,3.63,186,3,2.7,3.88766E+07,0.000192094,4,0.9,2.75149E+07,0.000116151,1.412929
typical_125c_3.63v_b3b4,bundle,typical,125,3.63,187,3,2.7,4.2036E+07,0.000197041,4,0.9,3.36887E+07,0.000130472,1.247777
typical_125c_3.63v_b3b4,bundle,typical,125,3.63,188,3,2.7,3.83638E+07,0.000189194,4,0.9,3.0321E+07,0.000122276,1.265255
typical_125c_3.63v_b3b4,bundle,typical,125,3.63,189,3,2.7,3.62823E+07,0.000184024,4,0.9,2.63305E+07,0.000114739,1.377957
typical_125c_3.63v_b3b4,bundle,typical,125,3.63,190,3,2.7,3.82443E+07,0.000188796,4,0.9,2.85965E+07,0.000118195,1.337377
typical_125c_3.63v_b3b4,bundle,typical,125,3.63,191,3,2.7,4.45918E+07,0.000209078,4,0.9,3.35709E+07,0.000132546,1.328287
typical_125c_3.63v_b3b4,bundle,typical,125,3.63,192,3,2.7,3.46903E+07,0.000188201,4,0.9,2.59388E+07,0.000117589,1.337390
typical_125c_3.63v_b3b4,bundle,typical,125,3.63,193,3,2.7,4.19147E+07,0.000199448,4,0.9,3.39052E+07,0.000131825,1.236232
typical_125c_3.63v_b3b4,bundle,typical,125,3.63,194,3,2.7,3.87486E+07,0.00019439,4,0.9,2.98966E+07,0.000123273,1.296087
typical_125c_3.63v_b3b4,bundle,typical,125,3.63,195,3,2.7,3.98827E+07,0.000193908,4,0.9,3.00715E+07,0.000123269,1.326262
typical_125c_3.63v_b3b4,bundle,typical,125,3.63,196,3,2.7,4.03044E+07,0.000194849,4,0.9,3.11208E+07,0.000126242,1.295095
typical_125c_3.63v_b3b4,bundle,typical,125,3.63,197,3,2.7,3.94108E+07,0.000197242,4,0.9,3.18823E+07,0.000130546,1.236134
typical_125c_3.63v_b3b4,bundle,typical,125,3.63,198,3,2.7,4.00805E+07,0.000191612,4,0.9,2.89073E+07,0.000120779,1.386518
typical_125c_3.63v_b3b4,bundle,typical,125,3.63,199,3,2.7,4.0458E+07,0.00019453,4,0.9,3.15395E+07,0.000125717,1.282772
typical_125c_3.63v_b3b4,bundle,typical,125,3.63,200,3,2.7,4.22239E+07,0.000196051,4,0.9,3.16769E+07,0.000125683,1.332956
