* gf180-pll :: sim/period-jitter/sid-trajectory :: stage `sid`
* point ss_125c_2.97v, device XMPH, stage 1
* Every deck and every ngspice log of the per-phase S_id table,
* in phase order, `_pass1` being the uncorrected bias pass.

======================================================================
=== sid_ss_125c_2.97v_xmph_p0000_pass1
======================================================================
.temp 125
vg g 0 dc -1.173285910000e+00
vb b 0 dc 1.807676480000e-06
vd dd 0 dc -1.018139370000e-01
rs dd d 1.00000000e-03
--- ngspice output ---

Note: No compatibility mode selected!


Circuit: * gf180-pll :: period-jitter :: s_id along the trajectory -- generated.

Doing analysis at TEMP = 125.000000 and TNOM = 27.000000

Using SPARSE 1.3 as Direct Linear Solver

No. of Data Rows : 1
@m.xm1.m0[vgs] = 1.173284e+00
@m.xm1.m0[vds] = 1.018096e-01
@m.xm1.m0[vbs] = -3.97905e-06
@m.xm1.m0[id] = 1.723310e-05
@m.xm1.m0[gm] = 5.133172e-05
@m.xm1.m0[gds] = 1.395458e-04
v(d) = -1.01814e-01
Doing analysis at TEMP = 125.000000 and TNOM = 27.000000

Using SPARSE 1.3 as Direct Linear Solver

No. of Data Rows : 1
zm0 = 9.999999e-04
Doing analysis at TEMP = 125.000000 and TNOM = 27.000000

Using SPARSE 1.3 as Direct Linear Solver

No. of Data Rows : 2

No. of Data Rows : 1
onoise_total_rs_thermal = 4.689158e-12
onoise_total.m.xm1.m0.id = 1.946558e-15
onoise_total.m.xm1.m0.1overf = 9.514768e-15
inoise_total.m.xm1.m0.id = 1.946558e-12
inoise_total.m.xm1.m0.1overf = 9.514769e-12
Doing analysis at TEMP = 125.000000 and TNOM = 27.000000

Using SPARSE 1.3 as Direct Linear Solver

No. of Data Rows : 1
zm1 = 9.999999e-04
Doing analysis at TEMP = 125.000000 and TNOM = 27.000000

Using SPARSE 1.3 as Direct Linear Solver

No. of Data Rows : 2

No. of Data Rows : 1
onoise_total_rs_thermal = 4.689158e-12
onoise_total.m.xm1.m0.id = 1.946558e-15
onoise_total.m.xm1.m0.1overf = 2.621245e-15
inoise_total.m.xm1.m0.id = 1.946558e-12
inoise_total.m.xm1.m0.1overf = 2.621245e-12
Doing analysis at TEMP = 125.000000 and TNOM = 27.000000

Using SPARSE 1.3 as Direct Linear Solver

No. of Data Rows : 1
zm2 = 9.999999e-04
Doing analysis at TEMP = 125.000000 and TNOM = 27.000000

Using SPARSE 1.3 as Direct Linear Solver

No. of Data Rows : 2

No. of Data Rows : 1
onoise_total_rs_thermal = 4.689158e-12
onoise_total.m.xm1.m0.id = 1.946558e-15
onoise_total.m.xm1.m0.1overf = 7.219690e-16
inoise_total.m.xm1.m0.id = 1.946558e-12
inoise_total.m.xm1.m0.1overf = 7.219691e-13
Doing analysis at TEMP = 125.000000 and TNOM = 27.000000

Using SPARSE 1.3 as Direct Linear Solver

No. of Data Rows : 1
zm3 = 9.999999e-04
Doing analysis at TEMP = 125.000000 and TNOM = 27.000000

Using SPARSE 1.3 as Direct Linear Solver

No. of Data Rows : 2

No. of Data Rows : 1
onoise_total_rs_thermal = 4.689158e-12
onoise_total.m.xm1.m0.id = 1.946558e-15
onoise_total.m.xm1.m0.1overf = 1.988473e-16
inoise_total.m.xm1.m0.id = 1.946558e-12
inoise_total.m.xm1.m0.1overf = 1.988473e-13
Doing analysis at TEMP = 125.000000 and TNOM = 27.000000

Using SPARSE 1.3 as Direct Linear Solver

No. of Data Rows : 1
zm4 = 9.999999e-04
Doing analysis at TEMP = 125.000000 and TNOM = 27.000000

Using SPARSE 1.3 as Direct Linear Solver

No. of Data Rows : 2

No. of Data Rows : 1
onoise_total_rs_thermal = 4.689158e-12
onoise_total.m.xm1.m0.id = 1.946558e-15
onoise_total.m.xm1.m0.1overf = 5.476710e-17
inoise_total.m.xm1.m0.id = 1.946558e-12
inoise_total.m.xm1.m0.1overf = 5.476711e-14
Doing analysis at TEMP = 125.000000 and TNOM = 27.000000

Using SPARSE 1.3 as Direct Linear Solver

No. of Data Rows : 1
zm5 = 9.999999e-04
Doing analysis at TEMP = 125.000000 and TNOM = 27.000000

Using SPARSE 1.3 as Direct Linear Solver

No. of Data Rows : 2

No. of Data Rows : 1
onoise_total_rs_thermal = 4.689158e-12
onoise_total.m.xm1.m0.id = 1.946558e-15
onoise_total.m.xm1.m0.1overf = 1.508411e-17
inoise_total.m.xm1.m0.id = 1.946558e-12
inoise_total.m.xm1.m0.1overf = 1.508411e-14
Doing analysis at TEMP = 125.000000 and TNOM = 27.000000

Using SPARSE 1.3 as Direct Linear Solver

No. of Data Rows : 1
zm6 = 9.999999e-04
Doing analysis at TEMP = 125.000000 and TNOM = 27.000000

Using SPARSE 1.3 as Direct Linear Solver

No. of Data Rows : 2

No. of Data Rows : 1
onoise_total_rs_thermal = 4.689158e-12
onoise_total.m.xm1.m0.id = 1.946558e-15
onoise_total.m.xm1.m0.1overf = 8.153271e-18
inoise_total.m.xm1.m0.id = 1.946558e-12
inoise_total.m.xm1.m0.1overf = 8.153272e-15
Note: Simulation executed from .control section 

======================================================================
=== sid_ss_125c_2.97v_xmph_p0000
======================================================================
.temp 125
vg g 0 dc -1.173287820000e+00
vb b 0 dc -3.636970400000e-07
vd dd 0 dc -1.018182740000e-01
rs dd d 1.00000000e-03
--- ngspice output ---

Note: No compatibility mode selected!


Circuit: * gf180-pll :: period-jitter :: s_id along the trajectory -- generated.

Doing analysis at TEMP = 125.000000 and TNOM = 27.000000

Using SPARSE 1.3 as Direct Linear Solver

No. of Data Rows : 1
@m.xm1.m0[vgs] = 1.173286e+00
@m.xm1.m0[vds] = 1.018139e-01
@m.xm1.m0[vbs] = -1.80777e-06
@m.xm1.m0[id] = 1.723386e-05
@m.xm1.m0[gm] = 5.133386e-05
@m.xm1.m0[gds] = 1.395447e-04
v(d) = -1.01818e-01
Doing analysis at TEMP = 125.000000 and TNOM = 27.000000

Using SPARSE 1.3 as Direct Linear Solver

No. of Data Rows : 1
zm0 = 9.999999e-04
Doing analysis at TEMP = 125.000000 and TNOM = 27.000000

Using SPARSE 1.3 as Direct Linear Solver

No. of Data Rows : 2

No. of Data Rows : 1
onoise_total_rs_thermal = 4.689158e-12
onoise_total.m.xm1.m0.id = 1.946559e-15
onoise_total.m.xm1.m0.1overf = 9.515187e-15
inoise_total.m.xm1.m0.id = 1.946559e-12
inoise_total.m.xm1.m0.1overf = 9.515188e-12
Doing analysis at TEMP = 125.000000 and TNOM = 27.000000

Using SPARSE 1.3 as Direct Linear Solver

No. of Data Rows : 1
zm1 = 9.999999e-04
Doing analysis at TEMP = 125.000000 and TNOM = 27.000000

Using SPARSE 1.3 as Direct Linear Solver

No. of Data Rows : 2

No. of Data Rows : 1
onoise_total_rs_thermal = 4.689158e-12
onoise_total.m.xm1.m0.id = 1.946559e-15
onoise_total.m.xm1.m0.1overf = 2.621360e-15
inoise_total.m.xm1.m0.id = 1.946559e-12
inoise_total.m.xm1.m0.1overf = 2.621361e-12
Doing analysis at TEMP = 125.000000 and TNOM = 27.000000

Using SPARSE 1.3 as Direct Linear Solver

No. of Data Rows : 1
zm2 = 9.999999e-04
Doing analysis at TEMP = 125.000000 and TNOM = 27.000000

Using SPARSE 1.3 as Direct Linear Solver

No. of Data Rows : 2

No. of Data Rows : 1
onoise_total_rs_thermal = 4.689158e-12
onoise_total.m.xm1.m0.id = 1.946559e-15
onoise_total.m.xm1.m0.1overf = 7.220008e-16
inoise_total.m.xm1.m0.id = 1.946559e-12
inoise_total.m.xm1.m0.1overf = 7.220009e-13
Doing analysis at TEMP = 125.000000 and TNOM = 27.000000

Using SPARSE 1.3 as Direct Linear Solver

No. of Data Rows : 1
zm3 = 9.999999e-04
Doing analysis at TEMP = 125.000000 and TNOM = 27.000000

Using SPARSE 1.3 as Direct Linear Solver

No. of Data Rows : 2

No. of Data Rows : 1
onoise_total_rs_thermal = 4.689158e-12
onoise_total.m.xm1.m0.id = 1.946559e-15
onoise_total.m.xm1.m0.1overf = 1.988560e-16
inoise_total.m.xm1.m0.id = 1.946559e-12
inoise_total.m.xm1.m0.1overf = 1.988560e-13
Doing analysis at TEMP = 125.000000 and TNOM = 27.000000

Using SPARSE 1.3 as Direct Linear Solver

No. of Data Rows : 1
zm4 = 9.999999e-04
Doing analysis at TEMP = 125.000000 and TNOM = 27.000000

Using SPARSE 1.3 as Direct Linear Solver

No. of Data Rows : 2

No. of Data Rows : 1
onoise_total_rs_thermal = 4.689158e-12
onoise_total.m.xm1.m0.id = 1.946559e-15
onoise_total.m.xm1.m0.1overf = 5.476951e-17
inoise_total.m.xm1.m0.id = 1.946559e-12
inoise_total.m.xm1.m0.1overf = 5.476952e-14
Doing analysis at TEMP = 125.000000 and TNOM = 27.000000

Using SPARSE 1.3 as Direct Linear Solver

No. of Data Rows : 1
zm5 = 9.999999e-04
Doing analysis at TEMP = 125.000000 and TNOM = 27.000000

Using SPARSE 1.3 as Direct Linear Solver

No. of Data Rows : 2

No. of Data Rows : 1
onoise_total_rs_thermal = 4.689158e-12
onoise_total.m.xm1.m0.id = 1.946559e-15
onoise_total.m.xm1.m0.1overf = 1.508477e-17
inoise_total.m.xm1.m0.id = 1.946559e-12
inoise_total.m.xm1.m0.1overf = 1.508478e-14
Doing analysis at TEMP = 125.000000 and TNOM = 27.000000

Using SPARSE 1.3 as Direct Linear Solver

No. of Data Rows : 1
zm6 = 9.999999e-04
Doing analysis at TEMP = 125.000000 and TNOM = 27.000000

Using SPARSE 1.3 as Direct Linear Solver

No. of Data Rows : 2

No. of Data Rows : 1
onoise_total_rs_thermal = 4.689158e-12
onoise_total.m.xm1.m0.id = 1.946559e-15
onoise_total.m.xm1.m0.1overf = 8.153630e-18
inoise_total.m.xm1.m0.id = 1.946559e-12
inoise_total.m.xm1.m0.1overf = 8.153631e-15
Note: Simulation executed from .control section 

======================================================================
=== sid_ss_125c_2.97v_xmph_p0042_pass1
======================================================================
.temp 125
vg g 0 dc -1.179337280000e+00
vb b 0 dc 4.653858220000e-06
vd dd 0 dc -4.293584870000e-01
rs dd d 1.00000000e-03
--- ngspice output ---

Note: No compatibility mode selected!


Circuit: * gf180-pll :: period-jitter :: s_id along the trajectory -- generated.

Doing analysis at TEMP = 125.000000 and TNOM = 27.000000

Using SPARSE 1.3 as Direct Linear Solver

No. of Data Rows : 1
@m.xm1.m0[vgs] = 1.179333e+00
@m.xm1.m0[vds] = 4.293491e-01
@m.xm1.m0[vbs] = -9.32998e-06
@m.xm1.m0[id] = 3.711208e-05
@m.xm1.m0[gm] = 1.688775e-04
@m.xm1.m0[gds] = 7.071948e-06
v(d) = -4.29358e-01
Doing analysis at TEMP = 125.000000 and TNOM = 27.000000

Using SPARSE 1.3 as Direct Linear Solver

No. of Data Rows : 1
zm0 = 1.000000e-03
Doing analysis at TEMP = 125.000000 and TNOM = 27.000000

Using SPARSE 1.3 as Direct Linear Solver

No. of Data Rows : 2

No. of Data Rows : 1
onoise_total_rs_thermal = 4.689159e-12
onoise_total.m.xm1.m0.id = 1.781013e-15
onoise_total.m.xm1.m0.1overf = 3.017577e-14
inoise_total.m.xm1.m0.id = 1.781013e-12
inoise_total.m.xm1.m0.1overf = 3.017577e-11
Doing analysis at TEMP = 125.000000 and TNOM = 27.000000

Using SPARSE 1.3 as Direct Linear Solver

No. of Data Rows : 1
zm1 = 1.000000e-03
Doing analysis at TEMP = 125.000000 and TNOM = 27.000000

Using SPARSE 1.3 as Direct Linear Solver

No. of Data Rows : 2

No. of Data Rows : 1
onoise_total_rs_thermal = 4.689159e-12
onoise_total.m.xm1.m0.id = 1.781013e-15
onoise_total.m.xm1.m0.1overf = 8.313190e-15
inoise_total.m.xm1.m0.id = 1.781013e-12
inoise_total.m.xm1.m0.1overf = 8.313190e-12
Doing analysis at TEMP = 125.000000 and TNOM = 27.000000

Using SPARSE 1.3 as Direct Linear Solver

No. of Data Rows : 1
zm2 = 1.000000e-03
Doing analysis at TEMP = 125.000000 and TNOM = 27.000000

Using SPARSE 1.3 as Direct Linear Solver

No. of Data Rows : 2

No. of Data Rows : 1
onoise_total_rs_thermal = 4.689159e-12
onoise_total.m.xm1.m0.id = 1.781013e-15
onoise_total.m.xm1.m0.1overf = 2.289700e-15
inoise_total.m.xm1.m0.id = 1.781013e-12
inoise_total.m.xm1.m0.1overf = 2.289700e-12
Doing analysis at TEMP = 125.000000 and TNOM = 27.000000

Using SPARSE 1.3 as Direct Linear Solver

No. of Data Rows : 1
zm3 = 1.000000e-03
Doing analysis at TEMP = 125.000000 and TNOM = 27.000000

Using SPARSE 1.3 as Direct Linear Solver

No. of Data Rows : 2

No. of Data Rows : 1
onoise_total_rs_thermal = 4.689159e-12
onoise_total.m.xm1.m0.id = 1.781013e-15
onoise_total.m.xm1.m0.1overf = 6.306374e-16
inoise_total.m.xm1.m0.id = 1.781013e-12
inoise_total.m.xm1.m0.1overf = 6.306374e-13
Doing analysis at TEMP = 125.000000 and TNOM = 27.000000

Using SPARSE 1.3 as Direct Linear Solver

No. of Data Rows : 1
zm4 = 1.000000e-03
Doing analysis at TEMP = 125.000000 and TNOM = 27.000000

Using SPARSE 1.3 as Direct Linear Solver

No. of Data Rows : 2

No. of Data Rows : 1
onoise_total_rs_thermal = 4.689159e-12
onoise_total.m.xm1.m0.id = 1.781013e-15
onoise_total.m.xm1.m0.1overf = 1.736920e-16
inoise_total.m.xm1.m0.id = 1.781013e-12
inoise_total.m.xm1.m0.1overf = 1.736920e-13
Doing analysis at TEMP = 125.000000 and TNOM = 27.000000

Using SPARSE 1.3 as Direct Linear Solver

No. of Data Rows : 1
zm5 = 1.000000e-03
Doing analysis at TEMP = 125.000000 and TNOM = 27.000000

Using SPARSE 1.3 as Direct Linear Solver

No. of Data Rows : 2

No. of Data Rows : 1
onoise_total_rs_thermal = 4.689159e-12
onoise_total.m.xm1.m0.id = 1.781013e-15
onoise_total.m.xm1.m0.1overf = 4.783875e-17
inoise_total.m.xm1.m0.id = 1.781013e-12
inoise_total.m.xm1.m0.1overf = 4.783875e-14
Doing analysis at TEMP = 125.000000 and TNOM = 27.000000

Using SPARSE 1.3 as Direct Linear Solver

No. of Data Rows : 1
zm6 = 1.000000e-03
Doing analysis at TEMP = 125.000000 and TNOM = 27.000000

Using SPARSE 1.3 as Direct Linear Solver

No. of Data Rows : 2

No. of Data Rows : 1
onoise_total_rs_thermal = 4.689159e-12
onoise_total.m.xm1.m0.id = 1.781013e-15
onoise_total.m.xm1.m0.1overf = 2.585782e-17
inoise_total.m.xm1.m0.id = 1.781013e-12
inoise_total.m.xm1.m0.1overf = 2.585782e-14
Note: Simulation executed from .control section 

======================================================================
=== sid_ss_125c_2.97v_xmph_p0042
======================================================================
.temp 125
vg g 0 dc -1.179341560000e+00
vb b 0 dc -2.226356000000e-08
vd dd 0 dc -4.293678740000e-01
rs dd d 1.00000000e-03
--- ngspice output ---

Note: No compatibility mode selected!


Circuit: * gf180-pll :: period-jitter :: s_id along the trajectory -- generated.

Doing analysis at TEMP = 125.000000 and TNOM = 27.000000

Using SPARSE 1.3 as Direct Linear Solver

No. of Data Rows : 1
@m.xm1.m0[vgs] = 1.179337e+00
@m.xm1.m0[vds] = 4.293585e-01
@m.xm1.m0[vbs] = -4.65401e-06
@m.xm1.m0[id] = 3.711325e-05
@m.xm1.m0[gm] = 1.688802e-04
@m.xm1.m0[gds] = 7.071803e-06
v(d) = -4.29368e-01
Doing analysis at TEMP = 125.000000 and TNOM = 27.000000

Using SPARSE 1.3 as Direct Linear Solver

No. of Data Rows : 1
zm0 = 1.000000e-03
Doing analysis at TEMP = 125.000000 and TNOM = 27.000000

Using SPARSE 1.3 as Direct Linear Solver

No. of Data Rows : 2

No. of Data Rows : 1
onoise_total_rs_thermal = 4.689159e-12
onoise_total.m.xm1.m0.id = 1.781028e-15
onoise_total.m.xm1.m0.1overf = 3.017656e-14
inoise_total.m.xm1.m0.id = 1.781028e-12
inoise_total.m.xm1.m0.1overf = 3.017656e-11
Doing analysis at TEMP = 125.000000 and TNOM = 27.000000

Using SPARSE 1.3 as Direct Linear Solver

No. of Data Rows : 1
zm1 = 1.000000e-03
Doing analysis at TEMP = 125.000000 and TNOM = 27.000000

Using SPARSE 1.3 as Direct Linear Solver

No. of Data Rows : 2

No. of Data Rows : 1
onoise_total_rs_thermal = 4.689159e-12
onoise_total.m.xm1.m0.id = 1.781028e-15
onoise_total.m.xm1.m0.1overf = 8.313408e-15
inoise_total.m.xm1.m0.id = 1.781028e-12
inoise_total.m.xm1.m0.1overf = 8.313408e-12
Doing analysis at TEMP = 125.000000 and TNOM = 27.000000

Using SPARSE 1.3 as Direct Linear Solver

No. of Data Rows : 1
zm2 = 1.000000e-03
Doing analysis at TEMP = 125.000000 and TNOM = 27.000000

Using SPARSE 1.3 as Direct Linear Solver

No. of Data Rows : 2

No. of Data Rows : 1
onoise_total_rs_thermal = 4.689159e-12
onoise_total.m.xm1.m0.id = 1.781028e-15
onoise_total.m.xm1.m0.1overf = 2.289760e-15
inoise_total.m.xm1.m0.id = 1.781028e-12
inoise_total.m.xm1.m0.1overf = 2.289760e-12
Doing analysis at TEMP = 125.000000 and TNOM = 27.000000

Using SPARSE 1.3 as Direct Linear Solver

No. of Data Rows : 1
zm3 = 1.000000e-03
Doing analysis at TEMP = 125.000000 and TNOM = 27.000000

Using SPARSE 1.3 as Direct Linear Solver

No. of Data Rows : 2

No. of Data Rows : 1
onoise_total_rs_thermal = 4.689159e-12
onoise_total.m.xm1.m0.id = 1.781028e-15
onoise_total.m.xm1.m0.1overf = 6.306540e-16
inoise_total.m.xm1.m0.id = 1.781028e-12
inoise_total.m.xm1.m0.1overf = 6.306540e-13
Doing analysis at TEMP = 125.000000 and TNOM = 27.000000

Using SPARSE 1.3 as Direct Linear Solver

No. of Data Rows : 1
zm4 = 1.000000e-03
Doing analysis at TEMP = 125.000000 and TNOM = 27.000000

Using SPARSE 1.3 as Direct Linear Solver

No. of Data Rows : 2

No. of Data Rows : 1
onoise_total_rs_thermal = 4.689159e-12
onoise_total.m.xm1.m0.id = 1.781028e-15
onoise_total.m.xm1.m0.1overf = 1.736966e-16
inoise_total.m.xm1.m0.id = 1.781028e-12
inoise_total.m.xm1.m0.1overf = 1.736966e-13
Doing analysis at TEMP = 125.000000 and TNOM = 27.000000

Using SPARSE 1.3 as Direct Linear Solver

No. of Data Rows : 1
zm5 = 1.000000e-03
Doing analysis at TEMP = 125.000000 and TNOM = 27.000000

Using SPARSE 1.3 as Direct Linear Solver

No. of Data Rows : 2

No. of Data Rows : 1
onoise_total_rs_thermal = 4.689159e-12
onoise_total.m.xm1.m0.id = 1.781028e-15
onoise_total.m.xm1.m0.1overf = 4.784000e-17
inoise_total.m.xm1.m0.id = 1.781028e-12
inoise_total.m.xm1.m0.1overf = 4.784000e-14
Doing analysis at TEMP = 125.000000 and TNOM = 27.000000

Using SPARSE 1.3 as Direct Linear Solver

No. of Data Rows : 1
zm6 = 1.000000e-03
Doing analysis at TEMP = 125.000000 and TNOM = 27.000000

Using SPARSE 1.3 as Direct Linear Solver

No. of Data Rows : 2

No. of Data Rows : 1
onoise_total_rs_thermal = 4.689159e-12
onoise_total.m.xm1.m0.id = 1.781028e-15
onoise_total.m.xm1.m0.1overf = 2.585850e-17
inoise_total.m.xm1.m0.id = 1.781028e-12
inoise_total.m.xm1.m0.1overf = 2.585850e-14
Note: Simulation executed from .control section 

======================================================================
=== sid_ss_125c_2.97v_xmph_p0083_pass1
======================================================================
.temp 125
vg g 0 dc -1.177003450000e+00
vb b 0 dc 4.773765890000e-06
vd dd 0 dc -7.518143420000e-01
rs dd d 1.00000000e-03
--- ngspice output ---

Note: No compatibility mode selected!


Circuit: * gf180-pll :: period-jitter :: s_id along the trajectory -- generated.

Doing analysis at TEMP = 125.000000 and TNOM = 27.000000

Using SPARSE 1.3 as Direct Linear Solver

No. of Data Rows : 1
@m.xm1.m0[vgs] = 1.176999e+00
@m.xm1.m0[vds] = 7.518048e-01
@m.xm1.m0[vbs] = -9.54148e-06
@m.xm1.m0[id] = 3.783903e-05
@m.xm1.m0[gm] = 1.763962e-04
@m.xm1.m0[gds] = 2.316586e-06
v(d) = -7.51814e-01
Doing analysis at TEMP = 125.000000 and TNOM = 27.000000

Using SPARSE 1.3 as Direct Linear Solver

No. of Data Rows : 1
zm0 = 1.000000e-03
Doing analysis at TEMP = 125.000000 and TNOM = 27.000000

Using SPARSE 1.3 as Direct Linear Solver

No. of Data Rows : 2

No. of Data Rows : 1
onoise_total_rs_thermal = 4.689159e-12
onoise_total.m.xm1.m0.id = 1.772255e-15
onoise_total.m.xm1.m0.1overf = 3.482245e-14
inoise_total.m.xm1.m0.id = 1.772255e-12
inoise_total.m.xm1.m0.1overf = 3.482245e-11
Doing analysis at TEMP = 125.000000 and TNOM = 27.000000

Using SPARSE 1.3 as Direct Linear Solver

No. of Data Rows : 1
zm1 = 1.000000e-03
Doing analysis at TEMP = 125.000000 and TNOM = 27.000000

Using SPARSE 1.3 as Direct Linear Solver

No. of Data Rows : 2

No. of Data Rows : 1
onoise_total_rs_thermal = 4.689159e-12
onoise_total.m.xm1.m0.id = 1.772255e-15
onoise_total.m.xm1.m0.1overf = 9.593315e-15
inoise_total.m.xm1.m0.id = 1.772255e-12
inoise_total.m.xm1.m0.1overf = 9.593315e-12
Doing analysis at TEMP = 125.000000 and TNOM = 27.000000

Using SPARSE 1.3 as Direct Linear Solver

No. of Data Rows : 1
zm2 = 1.000000e-03
Doing analysis at TEMP = 125.000000 and TNOM = 27.000000

Using SPARSE 1.3 as Direct Linear Solver

No. of Data Rows : 2

No. of Data Rows : 1
onoise_total_rs_thermal = 4.689159e-12
onoise_total.m.xm1.m0.id = 1.772255e-15
onoise_total.m.xm1.m0.1overf = 2.642285e-15
inoise_total.m.xm1.m0.id = 1.772255e-12
inoise_total.m.xm1.m0.1overf = 2.642285e-12
Doing analysis at TEMP = 125.000000 and TNOM = 27.000000

Using SPARSE 1.3 as Direct Linear Solver

No. of Data Rows : 1
zm3 = 1.000000e-03
Doing analysis at TEMP = 125.000000 and TNOM = 27.000000

Using SPARSE 1.3 as Direct Linear Solver

No. of Data Rows : 2

No. of Data Rows : 1
onoise_total_rs_thermal = 4.689159e-12
onoise_total.m.xm1.m0.id = 1.772255e-15
onoise_total.m.xm1.m0.1overf = 7.277475e-16
inoise_total.m.xm1.m0.id = 1.772255e-12
inoise_total.m.xm1.m0.1overf = 7.277475e-13
Doing analysis at TEMP = 125.000000 and TNOM = 27.000000

Using SPARSE 1.3 as Direct Linear Solver

No. of Data Rows : 1
zm4 = 1.000000e-03
Doing analysis at TEMP = 125.000000 and TNOM = 27.000000

Using SPARSE 1.3 as Direct Linear Solver

No. of Data Rows : 2

No. of Data Rows : 1
onoise_total_rs_thermal = 4.689159e-12
onoise_total.m.xm1.m0.id = 1.772255e-15
onoise_total.m.xm1.m0.1overf = 2.004384e-16
inoise_total.m.xm1.m0.id = 1.772255e-12
inoise_total.m.xm1.m0.1overf = 2.004384e-13
Doing analysis at TEMP = 125.000000 and TNOM = 27.000000

Using SPARSE 1.3 as Direct Linear Solver

No. of Data Rows : 1
zm5 = 1.000000e-03
Doing analysis at TEMP = 125.000000 and TNOM = 27.000000

Using SPARSE 1.3 as Direct Linear Solver

No. of Data Rows : 2

No. of Data Rows : 1
onoise_total_rs_thermal = 4.689159e-12
onoise_total.m.xm1.m0.id = 1.772255e-15
onoise_total.m.xm1.m0.1overf = 5.520530e-17
inoise_total.m.xm1.m0.id = 1.772255e-12
inoise_total.m.xm1.m0.1overf = 5.520530e-14
Doing analysis at TEMP = 125.000000 and TNOM = 27.000000

Using SPARSE 1.3 as Direct Linear Solver

No. of Data Rows : 1
zm6 = 1.000000e-03
Doing analysis at TEMP = 125.000000 and TNOM = 27.000000

Using SPARSE 1.3 as Direct Linear Solver

No. of Data Rows : 2

No. of Data Rows : 1
onoise_total_rs_thermal = 4.689159e-12
onoise_total.m.xm1.m0.id = 1.772255e-15
onoise_total.m.xm1.m0.1overf = 2.983960e-17
inoise_total.m.xm1.m0.id = 1.772255e-12
inoise_total.m.xm1.m0.1overf = 2.983960e-14
Note: Simulation executed from .control section 

======================================================================
=== sid_ss_125c_2.97v_xmph_p0083
======================================================================
.temp 125
vg g 0 dc -1.177007900000e+00
vb b 0 dc 6.051779999999e-09
vd dd 0 dc -7.518238840000e-01
rs dd d 1.00000000e-03
--- ngspice output ---

Note: No compatibility mode selected!


Circuit: * gf180-pll :: period-jitter :: s_id along the trajectory -- generated.

Doing analysis at TEMP = 125.000000 and TNOM = 27.000000

Using SPARSE 1.3 as Direct Linear Solver

No. of Data Rows : 1
@m.xm1.m0[vgs] = 1.177003e+00
@m.xm1.m0[vds] = 7.518143e-01
@m.xm1.m0[vbs] = -4.77392e-06
@m.xm1.m0[id] = 3.784024e-05
@m.xm1.m0[gm] = 1.763989e-04
@m.xm1.m0[gds] = 2.316639e-06
v(d) = -7.51824e-01
Doing analysis at TEMP = 125.000000 and TNOM = 27.000000

Using SPARSE 1.3 as Direct Linear Solver

No. of Data Rows : 1
zm0 = 1.000000e-03
Doing analysis at TEMP = 125.000000 and TNOM = 27.000000

Using SPARSE 1.3 as Direct Linear Solver

No. of Data Rows : 2

No. of Data Rows : 1
onoise_total_rs_thermal = 4.689159e-12
onoise_total.m.xm1.m0.id = 1.772271e-15
onoise_total.m.xm1.m0.1overf = 3.482328e-14
inoise_total.m.xm1.m0.id = 1.772271e-12
inoise_total.m.xm1.m0.1overf = 3.482328e-11
Doing analysis at TEMP = 125.000000 and TNOM = 27.000000

Using SPARSE 1.3 as Direct Linear Solver

No. of Data Rows : 1
zm1 = 1.000000e-03
Doing analysis at TEMP = 125.000000 and TNOM = 27.000000

Using SPARSE 1.3 as Direct Linear Solver

No. of Data Rows : 2

No. of Data Rows : 1
onoise_total_rs_thermal = 4.689159e-12
onoise_total.m.xm1.m0.id = 1.772271e-15
onoise_total.m.xm1.m0.1overf = 9.593543e-15
inoise_total.m.xm1.m0.id = 1.772271e-12
inoise_total.m.xm1.m0.1overf = 9.593543e-12
Doing analysis at TEMP = 125.000000 and TNOM = 27.000000

Using SPARSE 1.3 as Direct Linear Solver

No. of Data Rows : 1
zm2 = 1.000000e-03
Doing analysis at TEMP = 125.000000 and TNOM = 27.000000

Using SPARSE 1.3 as Direct Linear Solver

No. of Data Rows : 2

No. of Data Rows : 1
onoise_total_rs_thermal = 4.689159e-12
onoise_total.m.xm1.m0.id = 1.772271e-15
onoise_total.m.xm1.m0.1overf = 2.642348e-15
inoise_total.m.xm1.m0.id = 1.772271e-12
inoise_total.m.xm1.m0.1overf = 2.642348e-12
Doing analysis at TEMP = 125.000000 and TNOM = 27.000000

Using SPARSE 1.3 as Direct Linear Solver

No. of Data Rows : 1
zm3 = 1.000000e-03
Doing analysis at TEMP = 125.000000 and TNOM = 27.000000

Using SPARSE 1.3 as Direct Linear Solver

No. of Data Rows : 2

No. of Data Rows : 1
onoise_total_rs_thermal = 4.689159e-12
onoise_total.m.xm1.m0.id = 1.772271e-15
onoise_total.m.xm1.m0.1overf = 7.277649e-16
inoise_total.m.xm1.m0.id = 1.772271e-12
inoise_total.m.xm1.m0.1overf = 7.277649e-13
Doing analysis at TEMP = 125.000000 and TNOM = 27.000000

Using SPARSE 1.3 as Direct Linear Solver

No. of Data Rows : 1
zm4 = 1.000000e-03
Doing analysis at TEMP = 125.000000 and TNOM = 27.000000

Using SPARSE 1.3 as Direct Linear Solver

No. of Data Rows : 2

No. of Data Rows : 1
onoise_total_rs_thermal = 4.689159e-12
onoise_total.m.xm1.m0.id = 1.772271e-15
onoise_total.m.xm1.m0.1overf = 2.004431e-16
inoise_total.m.xm1.m0.id = 1.772271e-12
inoise_total.m.xm1.m0.1overf = 2.004431e-13
Doing analysis at TEMP = 125.000000 and TNOM = 27.000000

Using SPARSE 1.3 as Direct Linear Solver

No. of Data Rows : 1
zm5 = 1.000000e-03
Doing analysis at TEMP = 125.000000 and TNOM = 27.000000

Using SPARSE 1.3 as Direct Linear Solver

No. of Data Rows : 2

No. of Data Rows : 1
onoise_total_rs_thermal = 4.689159e-12
onoise_total.m.xm1.m0.id = 1.772271e-15
onoise_total.m.xm1.m0.1overf = 5.520662e-17
inoise_total.m.xm1.m0.id = 1.772271e-12
inoise_total.m.xm1.m0.1overf = 5.520662e-14
Doing analysis at TEMP = 125.000000 and TNOM = 27.000000

Using SPARSE 1.3 as Direct Linear Solver

No. of Data Rows : 1
zm6 = 1.000000e-03
Doing analysis at TEMP = 125.000000 and TNOM = 27.000000

Using SPARSE 1.3 as Direct Linear Solver

No. of Data Rows : 2

No. of Data Rows : 1
onoise_total_rs_thermal = 4.689159e-12
onoise_total.m.xm1.m0.id = 1.772271e-15
onoise_total.m.xm1.m0.1overf = 2.984031e-17
inoise_total.m.xm1.m0.id = 1.772271e-12
inoise_total.m.xm1.m0.1overf = 2.984031e-14
Note: Simulation executed from .control section 

======================================================================
=== sid_ss_125c_2.97v_xmph_p0125_pass1
======================================================================
.temp 125
vg g 0 dc -1.181166080000e+00
vb b 0 dc 4.939346580000e-06
vd dd 0 dc -1.008623340000e+00
rs dd d 1.00000000e-03
--- ngspice output ---

Note: No compatibility mode selected!


Circuit: * gf180-pll :: period-jitter :: s_id along the trajectory -- generated.

Doing analysis at TEMP = 125.000000 and TNOM = 27.000000

Using SPARSE 1.3 as Direct Linear Solver

No. of Data Rows : 1
@m.xm1.m0[vgs] = 1.181161e+00
@m.xm1.m0[vds] = 1.008613e+00
@m.xm1.m0[vbs] = -9.86661e-06
@m.xm1.m0[id] = 3.910530e-05
@m.xm1.m0[gm] = 1.806333e-04
@m.xm1.m0[gds] = 1.816560e-06
v(d) = -1.00862e+00
Doing analysis at TEMP = 125.000000 and TNOM = 27.000000

Using SPARSE 1.3 as Direct Linear Solver

No. of Data Rows : 1
zm0 = 1.000000e-03
Doing analysis at TEMP = 125.000000 and TNOM = 27.000000

Using SPARSE 1.3 as Direct Linear Solver

No. of Data Rows : 2

No. of Data Rows : 1
onoise_total_rs_thermal = 4.689159e-12
onoise_total.m.xm1.m0.id = 1.781455e-15
onoise_total.m.xm1.m0.1overf = 3.705307e-14
inoise_total.m.xm1.m0.id = 1.781455e-12
inoise_total.m.xm1.m0.1overf = 3.705307e-11
Doing analysis at TEMP = 125.000000 and TNOM = 27.000000

Using SPARSE 1.3 as Direct Linear Solver

No. of Data Rows : 1
zm1 = 1.000000e-03
Doing analysis at TEMP = 125.000000 and TNOM = 27.000000

Using SPARSE 1.3 as Direct Linear Solver

No. of Data Rows : 2

No. of Data Rows : 1
onoise_total_rs_thermal = 4.689159e-12
onoise_total.m.xm1.m0.id = 1.781455e-15
onoise_total.m.xm1.m0.1overf = 1.020783e-14
inoise_total.m.xm1.m0.id = 1.781455e-12
inoise_total.m.xm1.m0.1overf = 1.020783e-11
Doing analysis at TEMP = 125.000000 and TNOM = 27.000000

Using SPARSE 1.3 as Direct Linear Solver

No. of Data Rows : 1
zm2 = 1.000000e-03
Doing analysis at TEMP = 125.000000 and TNOM = 27.000000

Using SPARSE 1.3 as Direct Linear Solver

No. of Data Rows : 2

No. of Data Rows : 1
onoise_total_rs_thermal = 4.689159e-12
onoise_total.m.xm1.m0.id = 1.781455e-15
onoise_total.m.xm1.m0.1overf = 2.811541e-15
inoise_total.m.xm1.m0.id = 1.781455e-12
inoise_total.m.xm1.m0.1overf = 2.811541e-12
Doing analysis at TEMP = 125.000000 and TNOM = 27.000000

Using SPARSE 1.3 as Direct Linear Solver

No. of Data Rows : 1
zm3 = 1.000000e-03
Doing analysis at TEMP = 125.000000 and TNOM = 27.000000

Using SPARSE 1.3 as Direct Linear Solver

No. of Data Rows : 2

No. of Data Rows : 1
onoise_total_rs_thermal = 4.689159e-12
onoise_total.m.xm1.m0.id = 1.781455e-15
onoise_total.m.xm1.m0.1overf = 7.743648e-16
inoise_total.m.xm1.m0.id = 1.781455e-12
inoise_total.m.xm1.m0.1overf = 7.743648e-13
Doing analysis at TEMP = 125.000000 and TNOM = 27.000000

Using SPARSE 1.3 as Direct Linear Solver

No. of Data Rows : 1
zm4 = 1.000000e-03
Doing analysis at TEMP = 125.000000 and TNOM = 27.000000

Using SPARSE 1.3 as Direct Linear Solver

No. of Data Rows : 2

No. of Data Rows : 1
onoise_total_rs_thermal = 4.689159e-12
onoise_total.m.xm1.m0.id = 1.781455e-15
onoise_total.m.xm1.m0.1overf = 2.132778e-16
inoise_total.m.xm1.m0.id = 1.781455e-12
inoise_total.m.xm1.m0.1overf = 2.132778e-13
Doing analysis at TEMP = 125.000000 and TNOM = 27.000000

Using SPARSE 1.3 as Direct Linear Solver

No. of Data Rows : 1
zm5 = 1.000000e-03
Doing analysis at TEMP = 125.000000 and TNOM = 27.000000

Using SPARSE 1.3 as Direct Linear Solver

No. of Data Rows : 2

No. of Data Rows : 1
onoise_total_rs_thermal = 4.689159e-12
onoise_total.m.xm1.m0.id = 1.781455e-15
onoise_total.m.xm1.m0.1overf = 5.874158e-17
inoise_total.m.xm1.m0.id = 1.781455e-12
inoise_total.m.xm1.m0.1overf = 5.874158e-14
Doing analysis at TEMP = 125.000000 and TNOM = 27.000000

Using SPARSE 1.3 as Direct Linear Solver

No. of Data Rows : 1
zm6 = 1.000000e-03
Doing analysis at TEMP = 125.000000 and TNOM = 27.000000

Using SPARSE 1.3 as Direct Linear Solver

No. of Data Rows : 2

No. of Data Rows : 1
onoise_total_rs_thermal = 4.689159e-12
onoise_total.m.xm1.m0.id = 1.781455e-15
onoise_total.m.xm1.m0.1overf = 3.175103e-17
inoise_total.m.xm1.m0.id = 1.781455e-12
inoise_total.m.xm1.m0.1overf = 3.175103e-14
Note: Simulation executed from .control section 

======================================================================
=== sid_ss_125c_2.97v_xmph_p0125
======================================================================
.temp 125
vg g 0 dc -1.181171160000e+00
vb b 0 dc 1.208316000000e-08
vd dd 0 dc -1.008633680000e+00
rs dd d 1.00000000e-03
--- ngspice output ---

Note: No compatibility mode selected!


Circuit: * gf180-pll :: period-jitter :: s_id along the trajectory -- generated.

Doing analysis at TEMP = 125.000000 and TNOM = 27.000000

Using SPARSE 1.3 as Direct Linear Solver

No. of Data Rows : 1
@m.xm1.m0[vgs] = 1.181166e+00
@m.xm1.m0[vds] = 1.008624e+00
@m.xm1.m0[vbs] = -4.93952e-06
@m.xm1.m0[id] = 3.910666e-05
@m.xm1.m0[gm] = 1.806362e-04
@m.xm1.m0[gds] = 1.816609e-06
v(d) = -1.00863e+00
Doing analysis at TEMP = 125.000000 and TNOM = 27.000000

Using SPARSE 1.3 as Direct Linear Solver

No. of Data Rows : 1
zm0 = 1.000000e-03
Doing analysis at TEMP = 125.000000 and TNOM = 27.000000

Using SPARSE 1.3 as Direct Linear Solver

No. of Data Rows : 2

No. of Data Rows : 1
onoise_total_rs_thermal = 4.689159e-12
onoise_total.m.xm1.m0.id = 1.781472e-15
onoise_total.m.xm1.m0.1overf = 3.705403e-14
inoise_total.m.xm1.m0.id = 1.781472e-12
inoise_total.m.xm1.m0.1overf = 3.705403e-11
Doing analysis at TEMP = 125.000000 and TNOM = 27.000000

Using SPARSE 1.3 as Direct Linear Solver

No. of Data Rows : 1
zm1 = 1.000000e-03
Doing analysis at TEMP = 125.000000 and TNOM = 27.000000

Using SPARSE 1.3 as Direct Linear Solver

No. of Data Rows : 2

No. of Data Rows : 1
onoise_total_rs_thermal = 4.689159e-12
onoise_total.m.xm1.m0.id = 1.781472e-15
onoise_total.m.xm1.m0.1overf = 1.020810e-14
inoise_total.m.xm1.m0.id = 1.781472e-12
inoise_total.m.xm1.m0.1overf = 1.020810e-11
Doing analysis at TEMP = 125.000000 and TNOM = 27.000000

Using SPARSE 1.3 as Direct Linear Solver

No. of Data Rows : 1
zm2 = 1.000000e-03
Doing analysis at TEMP = 125.000000 and TNOM = 27.000000

Using SPARSE 1.3 as Direct Linear Solver

No. of Data Rows : 2

No. of Data Rows : 1
onoise_total_rs_thermal = 4.689159e-12
onoise_total.m.xm1.m0.id = 1.781472e-15
onoise_total.m.xm1.m0.1overf = 2.811614e-15
inoise_total.m.xm1.m0.id = 1.781472e-12
inoise_total.m.xm1.m0.1overf = 2.811614e-12
Doing analysis at TEMP = 125.000000 and TNOM = 27.000000

Using SPARSE 1.3 as Direct Linear Solver

No. of Data Rows : 1
zm3 = 1.000000e-03
Doing analysis at TEMP = 125.000000 and TNOM = 27.000000

Using SPARSE 1.3 as Direct Linear Solver

No. of Data Rows : 2

No. of Data Rows : 1
onoise_total_rs_thermal = 4.689159e-12
onoise_total.m.xm1.m0.id = 1.781472e-15
onoise_total.m.xm1.m0.1overf = 7.743849e-16
inoise_total.m.xm1.m0.id = 1.781472e-12
inoise_total.m.xm1.m0.1overf = 7.743849e-13
Doing analysis at TEMP = 125.000000 and TNOM = 27.000000

Using SPARSE 1.3 as Direct Linear Solver

No. of Data Rows : 1
zm4 = 1.000000e-03
Doing analysis at TEMP = 125.000000 and TNOM = 27.000000

Using SPARSE 1.3 as Direct Linear Solver

No. of Data Rows : 2

No. of Data Rows : 1
onoise_total_rs_thermal = 4.689159e-12
onoise_total.m.xm1.m0.id = 1.781472e-15
onoise_total.m.xm1.m0.1overf = 2.132834e-16
inoise_total.m.xm1.m0.id = 1.781472e-12
inoise_total.m.xm1.m0.1overf = 2.132834e-13
Doing analysis at TEMP = 125.000000 and TNOM = 27.000000

Using SPARSE 1.3 as Direct Linear Solver

No. of Data Rows : 1
zm5 = 1.000000e-03
Doing analysis at TEMP = 125.000000 and TNOM = 27.000000

Using SPARSE 1.3 as Direct Linear Solver

No. of Data Rows : 2

No. of Data Rows : 1
onoise_total_rs_thermal = 4.689159e-12
onoise_total.m.xm1.m0.id = 1.781472e-15
onoise_total.m.xm1.m0.1overf = 5.874311e-17
inoise_total.m.xm1.m0.id = 1.781472e-12
inoise_total.m.xm1.m0.1overf = 5.874311e-14
Doing analysis at TEMP = 125.000000 and TNOM = 27.000000

Using SPARSE 1.3 as Direct Linear Solver

No. of Data Rows : 1
zm6 = 1.000000e-03
Doing analysis at TEMP = 125.000000 and TNOM = 27.000000

Using SPARSE 1.3 as Direct Linear Solver

No. of Data Rows : 2

No. of Data Rows : 1
onoise_total_rs_thermal = 4.689159e-12
onoise_total.m.xm1.m0.id = 1.781472e-15
onoise_total.m.xm1.m0.1overf = 3.175186e-17
inoise_total.m.xm1.m0.id = 1.781472e-12
inoise_total.m.xm1.m0.1overf = 3.175186e-14
Note: Simulation executed from .control section 

======================================================================
=== sid_ss_125c_2.97v_xmph_p0167_pass1
======================================================================
.temp 125
vg g 0 dc -1.176988130000e+00
vb b 0 dc 4.770332360000e-06
vd dd 0 dc -8.878646370000e-01
rs dd d 1.00000000e-03
--- ngspice output ---

Note: No compatibility mode selected!


Circuit: * gf180-pll :: period-jitter :: s_id along the trajectory -- generated.

Doing analysis at TEMP = 125.000000 and TNOM = 27.000000

Using SPARSE 1.3 as Direct Linear Solver

No. of Data Rows : 1
@m.xm1.m0[vgs] = 1.176983e+00
@m.xm1.m0[vds] = 8.878550e-01
@m.xm1.m0[vbs] = -9.57437e-06
@m.xm1.m0[id] = 3.812730e-05
@m.xm1.m0[gm] = 1.778906e-04
@m.xm1.m0[gds] = 1.985140e-06
v(d) = -8.87865e-01
Doing analysis at TEMP = 125.000000 and TNOM = 27.000000

Using SPARSE 1.3 as Direct Linear Solver

No. of Data Rows : 1
zm0 = 1.000000e-03
Doing analysis at TEMP = 125.000000 and TNOM = 27.000000

Using SPARSE 1.3 as Direct Linear Solver

No. of Data Rows : 2

No. of Data Rows : 1
onoise_total_rs_thermal = 4.689159e-12
onoise_total.m.xm1.m0.id = 1.772157e-15
onoise_total.m.xm1.m0.1overf = 3.581178e-14
inoise_total.m.xm1.m0.id = 1.772157e-12
inoise_total.m.xm1.m0.1overf = 3.581178e-11
Doing analysis at TEMP = 125.000000 and TNOM = 27.000000

Using SPARSE 1.3 as Direct Linear Solver

No. of Data Rows : 1
zm1 = 1.000000e-03
Doing analysis at TEMP = 125.000000 and TNOM = 27.000000

Using SPARSE 1.3 as Direct Linear Solver

No. of Data Rows : 2

No. of Data Rows : 1
onoise_total_rs_thermal = 4.689159e-12
onoise_total.m.xm1.m0.id = 1.772157e-15
onoise_total.m.xm1.m0.1overf = 9.865867e-15
inoise_total.m.xm1.m0.id = 1.772157e-12
inoise_total.m.xm1.m0.1overf = 9.865867e-12
Doing analysis at TEMP = 125.000000 and TNOM = 27.000000

Using SPARSE 1.3 as Direct Linear Solver

No. of Data Rows : 1
zm2 = 1.000000e-03
Doing analysis at TEMP = 125.000000 and TNOM = 27.000000

Using SPARSE 1.3 as Direct Linear Solver

No. of Data Rows : 2

No. of Data Rows : 1
onoise_total_rs_thermal = 4.689159e-12
onoise_total.m.xm1.m0.id = 1.772157e-15
onoise_total.m.xm1.m0.1overf = 2.717354e-15
inoise_total.m.xm1.m0.id = 1.772157e-12
inoise_total.m.xm1.m0.1overf = 2.717354e-12
Doing analysis at TEMP = 125.000000 and TNOM = 27.000000

Using SPARSE 1.3 as Direct Linear Solver

No. of Data Rows : 1
zm3 = 1.000000e-03
Doing analysis at TEMP = 125.000000 and TNOM = 27.000000

Using SPARSE 1.3 as Direct Linear Solver

No. of Data Rows : 2

No. of Data Rows : 1
onoise_total_rs_thermal = 4.689159e-12
onoise_total.m.xm1.m0.id = 1.772157e-15
onoise_total.m.xm1.m0.1overf = 7.484233e-16
inoise_total.m.xm1.m0.id = 1.772157e-12
inoise_total.m.xm1.m0.1overf = 7.484233e-13
Doing analysis at TEMP = 125.000000 and TNOM = 27.000000

Using SPARSE 1.3 as Direct Linear Solver

No. of Data Rows : 1
zm4 = 1.000000e-03
Doing analysis at TEMP = 125.000000 and TNOM = 27.000000

Using SPARSE 1.3 as Direct Linear Solver

No. of Data Rows : 2

No. of Data Rows : 1
onoise_total_rs_thermal = 4.689159e-12
onoise_total.m.xm1.m0.id = 1.772157e-15
onoise_total.m.xm1.m0.1overf = 2.061329e-16
inoise_total.m.xm1.m0.id = 1.772157e-12
inoise_total.m.xm1.m0.1overf = 2.061329e-13
Doing analysis at TEMP = 125.000000 and TNOM = 27.000000

Using SPARSE 1.3 as Direct Linear Solver

No. of Data Rows : 1
zm5 = 1.000000e-03
Doing analysis at TEMP = 125.000000 and TNOM = 27.000000

Using SPARSE 1.3 as Direct Linear Solver

No. of Data Rows : 2

No. of Data Rows : 1
onoise_total_rs_thermal = 4.689159e-12
onoise_total.m.xm1.m0.id = 1.772157e-15
onoise_total.m.xm1.m0.1overf = 5.677372e-17
inoise_total.m.xm1.m0.id = 1.772157e-12
inoise_total.m.xm1.m0.1overf = 5.677372e-14
Doing analysis at TEMP = 125.000000 and TNOM = 27.000000

Using SPARSE 1.3 as Direct Linear Solver

No. of Data Rows : 1
zm6 = 1.000000e-03
Doing analysis at TEMP = 125.000000 and TNOM = 27.000000

Using SPARSE 1.3 as Direct Linear Solver

No. of Data Rows : 2

No. of Data Rows : 1
onoise_total_rs_thermal = 4.689159e-12
onoise_total.m.xm1.m0.id = 1.772157e-15
onoise_total.m.xm1.m0.1overf = 3.068736e-17
inoise_total.m.xm1.m0.id = 1.772157e-12
inoise_total.m.xm1.m0.1overf = 3.068736e-14
Note: Simulation executed from .control section 

======================================================================
=== sid_ss_125c_2.97v_xmph_p0167
======================================================================
.temp 125
vg g 0 dc -1.176993260000e+00
vb b 0 dc -3.370528000000e-08
vd dd 0 dc -8.878742740000e-01
rs dd d 1.00000000e-03
--- ngspice output ---

Note: No compatibility mode selected!


Circuit: * gf180-pll :: period-jitter :: s_id along the trajectory -- generated.

Doing analysis at TEMP = 125.000000 and TNOM = 27.000000

Using SPARSE 1.3 as Direct Linear Solver

No. of Data Rows : 1
@m.xm1.m0[vgs] = 1.176988e+00
@m.xm1.m0[vds] = 8.878646e-01
@m.xm1.m0[vbs] = -4.77050e-06
@m.xm1.m0[id] = 3.812864e-05
@m.xm1.m0[gm] = 1.778936e-04
@m.xm1.m0[gds] = 1.985194e-06
v(d) = -8.87874e-01
Doing analysis at TEMP = 125.000000 and TNOM = 27.000000

Using SPARSE 1.3 as Direct Linear Solver

No. of Data Rows : 1
zm0 = 1.000000e-03
Doing analysis at TEMP = 125.000000 and TNOM = 27.000000

Using SPARSE 1.3 as Direct Linear Solver

No. of Data Rows : 2

No. of Data Rows : 1
onoise_total_rs_thermal = 4.689159e-12
onoise_total.m.xm1.m0.id = 1.772174e-15
onoise_total.m.xm1.m0.1overf = 3.581271e-14
inoise_total.m.xm1.m0.id = 1.772174e-12
inoise_total.m.xm1.m0.1overf = 3.581271e-11
Doing analysis at TEMP = 125.000000 and TNOM = 27.000000

Using SPARSE 1.3 as Direct Linear Solver

No. of Data Rows : 1
zm1 = 1.000000e-03
Doing analysis at TEMP = 125.000000 and TNOM = 27.000000

Using SPARSE 1.3 as Direct Linear Solver

No. of Data Rows : 2

No. of Data Rows : 1
onoise_total_rs_thermal = 4.689159e-12
onoise_total.m.xm1.m0.id = 1.772174e-15
onoise_total.m.xm1.m0.1overf = 9.866124e-15
inoise_total.m.xm1.m0.id = 1.772174e-12
inoise_total.m.xm1.m0.1overf = 9.866124e-12
Doing analysis at TEMP = 125.000000 and TNOM = 27.000000

Using SPARSE 1.3 as Direct Linear Solver

No. of Data Rows : 1
zm2 = 1.000000e-03
Doing analysis at TEMP = 125.000000 and TNOM = 27.000000

Using SPARSE 1.3 as Direct Linear Solver

No. of Data Rows : 2

No. of Data Rows : 1
onoise_total_rs_thermal = 4.689159e-12
onoise_total.m.xm1.m0.id = 1.772174e-15
onoise_total.m.xm1.m0.1overf = 2.717425e-15
inoise_total.m.xm1.m0.id = 1.772174e-12
inoise_total.m.xm1.m0.1overf = 2.717425e-12
Doing analysis at TEMP = 125.000000 and TNOM = 27.000000

Using SPARSE 1.3 as Direct Linear Solver

No. of Data Rows : 1
zm3 = 1.000000e-03
Doing analysis at TEMP = 125.000000 and TNOM = 27.000000

Using SPARSE 1.3 as Direct Linear Solver

No. of Data Rows : 2

No. of Data Rows : 1
onoise_total_rs_thermal = 4.689159e-12
onoise_total.m.xm1.m0.id = 1.772174e-15
onoise_total.m.xm1.m0.1overf = 7.484428e-16
inoise_total.m.xm1.m0.id = 1.772174e-12
inoise_total.m.xm1.m0.1overf = 7.484428e-13
Doing analysis at TEMP = 125.000000 and TNOM = 27.000000

Using SPARSE 1.3 as Direct Linear Solver

No. of Data Rows : 1
zm4 = 1.000000e-03
Doing analysis at TEMP = 125.000000 and TNOM = 27.000000

Using SPARSE 1.3 as Direct Linear Solver

No. of Data Rows : 2

No. of Data Rows : 1
onoise_total_rs_thermal = 4.689159e-12
onoise_total.m.xm1.m0.id = 1.772174e-15
onoise_total.m.xm1.m0.1overf = 2.061383e-16
inoise_total.m.xm1.m0.id = 1.772174e-12
inoise_total.m.xm1.m0.1overf = 2.061383e-13
Doing analysis at TEMP = 125.000000 and TNOM = 27.000000

Using SPARSE 1.3 as Direct Linear Solver

No. of Data Rows : 1
zm5 = 1.000000e-03
Doing analysis at TEMP = 125.000000 and TNOM = 27.000000

Using SPARSE 1.3 as Direct Linear Solver

No. of Data Rows : 2

No. of Data Rows : 1
onoise_total_rs_thermal = 4.689159e-12
onoise_total.m.xm1.m0.id = 1.772174e-15
onoise_total.m.xm1.m0.1overf = 5.677520e-17
inoise_total.m.xm1.m0.id = 1.772174e-12
inoise_total.m.xm1.m0.1overf = 5.677520e-14
Doing analysis at TEMP = 125.000000 and TNOM = 27.000000

Using SPARSE 1.3 as Direct Linear Solver

No. of Data Rows : 1
zm6 = 1.000000e-03
Doing analysis at TEMP = 125.000000 and TNOM = 27.000000

Using SPARSE 1.3 as Direct Linear Solver

No. of Data Rows : 2

No. of Data Rows : 1
onoise_total_rs_thermal = 4.689159e-12
onoise_total.m.xm1.m0.id = 1.772174e-15
onoise_total.m.xm1.m0.1overf = 3.068816e-17
inoise_total.m.xm1.m0.id = 1.772174e-12
inoise_total.m.xm1.m0.1overf = 3.068816e-14
Note: Simulation executed from .control section 

======================================================================
=== sid_ss_125c_2.97v_xmph_p0208_pass1
======================================================================
.temp 125
vg g 0 dc -1.176921530000e+00
vb b 0 dc 4.773865020000e-06
vd dd 0 dc -6.376241320000e-01
rs dd d 1.00000000e-03
--- ngspice output ---

Note: No compatibility mode selected!


Circuit: * gf180-pll :: period-jitter :: s_id along the trajectory -- generated.

Doing analysis at TEMP = 125.000000 and TNOM = 27.000000

Using SPARSE 1.3 as Direct Linear Solver

No. of Data Rows : 1
@m.xm1.m0[vgs] = 1.176917e+00
@m.xm1.m0[vds] = 6.376146e-01
@m.xm1.m0[vbs] = -9.50347e-06
@m.xm1.m0[id] = 3.753653e-05
@m.xm1.m0[gm] = 1.747699e-04
@m.xm1.m0[gds] = 2.772853e-06
v(d) = -6.37624e-01
Doing analysis at TEMP = 125.000000 and TNOM = 27.000000

Using SPARSE 1.3 as Direct Linear Solver

No. of Data Rows : 1
zm0 = 1.000000e-03
Doing analysis at TEMP = 125.000000 and TNOM = 27.000000

Using SPARSE 1.3 as Direct Linear Solver

No. of Data Rows : 2

No. of Data Rows : 1
onoise_total_rs_thermal = 4.689159e-12
onoise_total.m.xm1.m0.id = 1.772413e-15
onoise_total.m.xm1.m0.1overf = 3.373177e-14
inoise_total.m.xm1.m0.id = 1.772413e-12
inoise_total.m.xm1.m0.1overf = 3.373177e-11
Doing analysis at TEMP = 125.000000 and TNOM = 27.000000

Using SPARSE 1.3 as Direct Linear Solver

No. of Data Rows : 1
zm1 = 1.000000e-03
Doing analysis at TEMP = 125.000000 and TNOM = 27.000000

Using SPARSE 1.3 as Direct Linear Solver

No. of Data Rows : 2

No. of Data Rows : 1
onoise_total_rs_thermal = 4.689159e-12
onoise_total.m.xm1.m0.id = 1.772413e-15
onoise_total.m.xm1.m0.1overf = 9.292841e-15
inoise_total.m.xm1.m0.id = 1.772413e-12
inoise_total.m.xm1.m0.1overf = 9.292841e-12
Doing analysis at TEMP = 125.000000 and TNOM = 27.000000

Using SPARSE 1.3 as Direct Linear Solver

No. of Data Rows : 1
zm2 = 1.000000e-03
Doing analysis at TEMP = 125.000000 and TNOM = 27.000000

Using SPARSE 1.3 as Direct Linear Solver

No. of Data Rows : 2

No. of Data Rows : 1
onoise_total_rs_thermal = 4.689159e-12
onoise_total.m.xm1.m0.id = 1.772413e-15
onoise_total.m.xm1.m0.1overf = 2.559525e-15
inoise_total.m.xm1.m0.id = 1.772413e-12
inoise_total.m.xm1.m0.1overf = 2.559525e-12
Doing analysis at TEMP = 125.000000 and TNOM = 27.000000

Using SPARSE 1.3 as Direct Linear Solver

No. of Data Rows : 1
zm3 = 1.000000e-03
Doing analysis at TEMP = 125.000000 and TNOM = 27.000000

Using SPARSE 1.3 as Direct Linear Solver

No. of Data Rows : 2

No. of Data Rows : 1
onoise_total_rs_thermal = 4.689159e-12
onoise_total.m.xm1.m0.id = 1.772413e-15
onoise_total.m.xm1.m0.1overf = 7.049536e-16
inoise_total.m.xm1.m0.id = 1.772413e-12
inoise_total.m.xm1.m0.1overf = 7.049536e-13
Doing analysis at TEMP = 125.000000 and TNOM = 27.000000

Using SPARSE 1.3 as Direct Linear Solver

No. of Data Rows : 1
zm4 = 1.000000e-03
Doing analysis at TEMP = 125.000000 and TNOM = 27.000000

Using SPARSE 1.3 as Direct Linear Solver

No. of Data Rows : 2

No. of Data Rows : 1
onoise_total_rs_thermal = 4.689159e-12
onoise_total.m.xm1.m0.id = 1.772413e-15
onoise_total.m.xm1.m0.1overf = 1.941604e-16
inoise_total.m.xm1.m0.id = 1.772413e-12
inoise_total.m.xm1.m0.1overf = 1.941604e-13
Doing analysis at TEMP = 125.000000 and TNOM = 27.000000

Using SPARSE 1.3 as Direct Linear Solver

No. of Data Rows : 1
zm5 = 1.000000e-03
Doing analysis at TEMP = 125.000000 and TNOM = 27.000000

Using SPARSE 1.3 as Direct Linear Solver

No. of Data Rows : 2

No. of Data Rows : 1
onoise_total_rs_thermal = 4.689159e-12
onoise_total.m.xm1.m0.id = 1.772413e-15
onoise_total.m.xm1.m0.1overf = 5.347621e-17
inoise_total.m.xm1.m0.id = 1.772413e-12
inoise_total.m.xm1.m0.1overf = 5.347621e-14
Doing analysis at TEMP = 125.000000 and TNOM = 27.000000

Using SPARSE 1.3 as Direct Linear Solver

No. of Data Rows : 1
zm6 = 1.000000e-03
Doing analysis at TEMP = 125.000000 and TNOM = 27.000000

Using SPARSE 1.3 as Direct Linear Solver

No. of Data Rows : 2

No. of Data Rows : 1
onoise_total_rs_thermal = 4.689159e-12
onoise_total.m.xm1.m0.id = 1.772413e-15
onoise_total.m.xm1.m0.1overf = 2.890499e-17
inoise_total.m.xm1.m0.id = 1.772413e-12
inoise_total.m.xm1.m0.1overf = 2.890499e-14
Note: Simulation executed from .control section 

======================================================================
=== sid_ss_125c_2.97v_xmph_p0208
======================================================================
.temp 125
vg g 0 dc -1.176926060000e+00
vb b 0 dc 4.426004000000e-08
vd dd 0 dc -6.376336640000e-01
rs dd d 1.00000000e-03
--- ngspice output ---

Note: No compatibility mode selected!


Circuit: * gf180-pll :: period-jitter :: s_id along the trajectory -- generated.

Doing analysis at TEMP = 125.000000 and TNOM = 27.000000

Using SPARSE 1.3 as Direct Linear Solver

No. of Data Rows : 1
@m.xm1.m0[vgs] = 1.176921e+00
@m.xm1.m0[vds] = 6.376242e-01
@m.xm1.m0[vbs] = -4.77401e-06
@m.xm1.m0[id] = 3.753774e-05
@m.xm1.m0[gm] = 1.747726e-04
@m.xm1.m0[gds] = 2.772910e-06
v(d) = -6.37634e-01
Doing analysis at TEMP = 125.000000 and TNOM = 27.000000

Using SPARSE 1.3 as Direct Linear Solver

No. of Data Rows : 1
zm0 = 1.000000e-03
Doing analysis at TEMP = 125.000000 and TNOM = 27.000000

Using SPARSE 1.3 as Direct Linear Solver

No. of Data Rows : 2

No. of Data Rows : 1
onoise_total_rs_thermal = 4.689159e-12
onoise_total.m.xm1.m0.id = 1.772428e-15
onoise_total.m.xm1.m0.1overf = 3.373259e-14
inoise_total.m.xm1.m0.id = 1.772428e-12
inoise_total.m.xm1.m0.1overf = 3.373259e-11
Doing analysis at TEMP = 125.000000 and TNOM = 27.000000

Using SPARSE 1.3 as Direct Linear Solver

No. of Data Rows : 1
zm1 = 1.000000e-03
Doing analysis at TEMP = 125.000000 and TNOM = 27.000000

Using SPARSE 1.3 as Direct Linear Solver

No. of Data Rows : 2

No. of Data Rows : 1
onoise_total_rs_thermal = 4.689159e-12
onoise_total.m.xm1.m0.id = 1.772428e-15
onoise_total.m.xm1.m0.1overf = 9.293066e-15
inoise_total.m.xm1.m0.id = 1.772428e-12
inoise_total.m.xm1.m0.1overf = 9.293066e-12
Doing analysis at TEMP = 125.000000 and TNOM = 27.000000

Using SPARSE 1.3 as Direct Linear Solver

No. of Data Rows : 1
zm2 = 1.000000e-03
Doing analysis at TEMP = 125.000000 and TNOM = 27.000000

Using SPARSE 1.3 as Direct Linear Solver

No. of Data Rows : 2

No. of Data Rows : 1
onoise_total_rs_thermal = 4.689159e-12
onoise_total.m.xm1.m0.id = 1.772428e-15
onoise_total.m.xm1.m0.1overf = 2.559588e-15
inoise_total.m.xm1.m0.id = 1.772428e-12
inoise_total.m.xm1.m0.1overf = 2.559588e-12
Doing analysis at TEMP = 125.000000 and TNOM = 27.000000

Using SPARSE 1.3 as Direct Linear Solver

No. of Data Rows : 1
zm3 = 1.000000e-03
Doing analysis at TEMP = 125.000000 and TNOM = 27.000000

Using SPARSE 1.3 as Direct Linear Solver

No. of Data Rows : 2

No. of Data Rows : 1
onoise_total_rs_thermal = 4.689159e-12
onoise_total.m.xm1.m0.id = 1.772428e-15
onoise_total.m.xm1.m0.1overf = 7.049707e-16
inoise_total.m.xm1.m0.id = 1.772428e-12
inoise_total.m.xm1.m0.1overf = 7.049707e-13
Doing analysis at TEMP = 125.000000 and TNOM = 27.000000

Using SPARSE 1.3 as Direct Linear Solver

No. of Data Rows : 1
zm4 = 1.000000e-03
Doing analysis at TEMP = 125.000000 and TNOM = 27.000000

Using SPARSE 1.3 as Direct Linear Solver

No. of Data Rows : 2

No. of Data Rows : 1
onoise_total_rs_thermal = 4.689159e-12
onoise_total.m.xm1.m0.id = 1.772428e-15
onoise_total.m.xm1.m0.1overf = 1.941651e-16
inoise_total.m.xm1.m0.id = 1.772428e-12
inoise_total.m.xm1.m0.1overf = 1.941651e-13
Doing analysis at TEMP = 125.000000 and TNOM = 27.000000

Using SPARSE 1.3 as Direct Linear Solver

No. of Data Rows : 1
zm5 = 1.000000e-03
Doing analysis at TEMP = 125.000000 and TNOM = 27.000000

Using SPARSE 1.3 as Direct Linear Solver

No. of Data Rows : 2

No. of Data Rows : 1
onoise_total_rs_thermal = 4.689159e-12
onoise_total.m.xm1.m0.id = 1.772428e-15
onoise_total.m.xm1.m0.1overf = 5.347751e-17
inoise_total.m.xm1.m0.id = 1.772428e-12
inoise_total.m.xm1.m0.1overf = 5.347751e-14
Doing analysis at TEMP = 125.000000 and TNOM = 27.000000

Using SPARSE 1.3 as Direct Linear Solver

No. of Data Rows : 1
zm6 = 1.000000e-03
Doing analysis at TEMP = 125.000000 and TNOM = 27.000000

Using SPARSE 1.3 as Direct Linear Solver

No. of Data Rows : 2

No. of Data Rows : 1
onoise_total_rs_thermal = 4.689159e-12
onoise_total.m.xm1.m0.id = 1.772428e-15
onoise_total.m.xm1.m0.1overf = 2.890569e-17
inoise_total.m.xm1.m0.id = 1.772428e-12
inoise_total.m.xm1.m0.1overf = 2.890569e-14
Note: Simulation executed from .control section 

======================================================================
=== sid_ss_125c_2.97v_xmph_p0250_pass1
======================================================================
.temp 125
vg g 0 dc -1.180679830000e+00
vb b 0 dc 4.667892800000e-06
vd dd 0 dc -3.866435440000e-01
rs dd d 1.00000000e-03
--- ngspice output ---

Note: No compatibility mode selected!


Circuit: * gf180-pll :: period-jitter :: s_id along the trajectory -- generated.

Doing analysis at TEMP = 125.000000 and TNOM = 27.000000

Using SPARSE 1.3 as Direct Linear Solver

No. of Data Rows : 1
@m.xm1.m0[vgs] = 1.180675e+00
@m.xm1.m0[vds] = 3.866342e-01
@m.xm1.m0[vbs] = -9.32335e-06
@m.xm1.m0[id] = 3.694805e-05
@m.xm1.m0[gm] = 1.645061e-04
@m.xm1.m0[gds] = 1.171115e-05
v(d) = -3.86644e-01
Doing analysis at TEMP = 125.000000 and TNOM = 27.000000

Using SPARSE 1.3 as Direct Linear Solver

No. of Data Rows : 1
zm0 = 1.000000e-03
Doing analysis at TEMP = 125.000000 and TNOM = 27.000000

Using SPARSE 1.3 as Direct Linear Solver

No. of Data Rows : 2

No. of Data Rows : 1
onoise_total_rs_thermal = 4.689159e-12
onoise_total.m.xm1.m0.id = 1.786087e-15
onoise_total.m.xm1.m0.1overf = 2.872690e-14
inoise_total.m.xm1.m0.id = 1.786087e-12
inoise_total.m.xm1.m0.1overf = 2.872690e-11
Doing analysis at TEMP = 125.000000 and TNOM = 27.000000

Using SPARSE 1.3 as Direct Linear Solver

No. of Data Rows : 1
zm1 = 1.000000e-03
Doing analysis at TEMP = 125.000000 and TNOM = 27.000000

Using SPARSE 1.3 as Direct Linear Solver

No. of Data Rows : 2

No. of Data Rows : 1
onoise_total_rs_thermal = 4.689159e-12
onoise_total.m.xm1.m0.id = 1.786087e-15
onoise_total.m.xm1.m0.1overf = 7.914038e-15
inoise_total.m.xm1.m0.id = 1.786087e-12
inoise_total.m.xm1.m0.1overf = 7.914039e-12
Doing analysis at TEMP = 125.000000 and TNOM = 27.000000

Using SPARSE 1.3 as Direct Linear Solver

No. of Data Rows : 1
zm2 = 1.000000e-03
Doing analysis at TEMP = 125.000000 and TNOM = 27.000000

Using SPARSE 1.3 as Direct Linear Solver

No. of Data Rows : 2

No. of Data Rows : 1
onoise_total_rs_thermal = 4.689159e-12
onoise_total.m.xm1.m0.id = 1.786087e-15
onoise_total.m.xm1.m0.1overf = 2.179762e-15
inoise_total.m.xm1.m0.id = 1.786087e-12
inoise_total.m.xm1.m0.1overf = 2.179762e-12
Doing analysis at TEMP = 125.000000 and TNOM = 27.000000

Using SPARSE 1.3 as Direct Linear Solver

No. of Data Rows : 1
zm3 = 1.000000e-03
Doing analysis at TEMP = 125.000000 and TNOM = 27.000000

Using SPARSE 1.3 as Direct Linear Solver

No. of Data Rows : 2

No. of Data Rows : 1
onoise_total_rs_thermal = 4.689159e-12
onoise_total.m.xm1.m0.id = 1.786087e-15
onoise_total.m.xm1.m0.1overf = 6.003578e-16
inoise_total.m.xm1.m0.id = 1.786087e-12
inoise_total.m.xm1.m0.1overf = 6.003579e-13
Doing analysis at TEMP = 125.000000 and TNOM = 27.000000

Using SPARSE 1.3 as Direct Linear Solver

No. of Data Rows : 1
zm4 = 1.000000e-03
Doing analysis at TEMP = 125.000000 and TNOM = 27.000000

Using SPARSE 1.3 as Direct Linear Solver

No. of Data Rows : 2

No. of Data Rows : 1
onoise_total_rs_thermal = 4.689159e-12
onoise_total.m.xm1.m0.id = 1.786087e-15
onoise_total.m.xm1.m0.1overf = 1.653523e-16
inoise_total.m.xm1.m0.id = 1.786087e-12
inoise_total.m.xm1.m0.1overf = 1.653523e-13
Doing analysis at TEMP = 125.000000 and TNOM = 27.000000

Using SPARSE 1.3 as Direct Linear Solver

No. of Data Rows : 1
zm5 = 1.000000e-03
Doing analysis at TEMP = 125.000000 and TNOM = 27.000000

Using SPARSE 1.3 as Direct Linear Solver

No. of Data Rows : 2

No. of Data Rows : 1
onoise_total_rs_thermal = 4.689159e-12
onoise_total.m.xm1.m0.id = 1.786087e-15
onoise_total.m.xm1.m0.1overf = 4.554181e-17
inoise_total.m.xm1.m0.id = 1.786087e-12
inoise_total.m.xm1.m0.1overf = 4.554181e-14
Doing analysis at TEMP = 125.000000 and TNOM = 27.000000

Using SPARSE 1.3 as Direct Linear Solver

No. of Data Rows : 1
zm6 = 1.000000e-03
Doing analysis at TEMP = 125.000000 and TNOM = 27.000000

Using SPARSE 1.3 as Direct Linear Solver

No. of Data Rows : 2

No. of Data Rows : 1
onoise_total_rs_thermal = 4.689159e-12
onoise_total.m.xm1.m0.id = 1.786087e-15
onoise_total.m.xm1.m0.1overf = 2.461628e-17
inoise_total.m.xm1.m0.id = 1.786087e-12
inoise_total.m.xm1.m0.1overf = 2.461628e-14
Note: Simulation executed from .control section 

======================================================================
=== sid_ss_125c_2.97v_xmph_p0250
======================================================================
.temp 125
vg g 0 dc -1.180684660000e+00
vb b 0 dc 1.243560000000e-08
vd dd 0 dc -3.866528880000e-01
rs dd d 1.00000000e-03
--- ngspice output ---

Note: No compatibility mode selected!


Circuit: * gf180-pll :: period-jitter :: s_id along the trajectory -- generated.

Doing analysis at TEMP = 125.000000 and TNOM = 27.000000

Using SPARSE 1.3 as Direct Linear Solver

No. of Data Rows : 1
@m.xm1.m0[vgs] = 1.180680e+00
@m.xm1.m0[vds] = 3.866435e-01
@m.xm1.m0[vbs] = -4.66805e-06
@m.xm1.m0[id] = 3.694931e-05
@m.xm1.m0[gm] = 1.645093e-04
@m.xm1.m0[gds] = 1.171076e-05
v(d) = -3.86653e-01
Doing analysis at TEMP = 125.000000 and TNOM = 27.000000

Using SPARSE 1.3 as Direct Linear Solver

No. of Data Rows : 1
zm0 = 1.000000e-03
Doing analysis at TEMP = 125.000000 and TNOM = 27.000000

Using SPARSE 1.3 as Direct Linear Solver

No. of Data Rows : 2

No. of Data Rows : 1
onoise_total_rs_thermal = 4.689159e-12
onoise_total.m.xm1.m0.id = 1.786103e-15
onoise_total.m.xm1.m0.1overf = 2.872775e-14
inoise_total.m.xm1.m0.id = 1.786103e-12
inoise_total.m.xm1.m0.1overf = 2.872775e-11
Doing analysis at TEMP = 125.000000 and TNOM = 27.000000

Using SPARSE 1.3 as Direct Linear Solver

No. of Data Rows : 1
zm1 = 1.000000e-03
Doing analysis at TEMP = 125.000000 and TNOM = 27.000000

Using SPARSE 1.3 as Direct Linear Solver

No. of Data Rows : 2

No. of Data Rows : 1
onoise_total_rs_thermal = 4.689159e-12
onoise_total.m.xm1.m0.id = 1.786103e-15
onoise_total.m.xm1.m0.1overf = 7.914272e-15
inoise_total.m.xm1.m0.id = 1.786103e-12
inoise_total.m.xm1.m0.1overf = 7.914272e-12
Doing analysis at TEMP = 125.000000 and TNOM = 27.000000

Using SPARSE 1.3 as Direct Linear Solver

No. of Data Rows : 1
zm2 = 1.000000e-03
Doing analysis at TEMP = 125.000000 and TNOM = 27.000000

Using SPARSE 1.3 as Direct Linear Solver

No. of Data Rows : 2

No. of Data Rows : 1
onoise_total_rs_thermal = 4.689159e-12
onoise_total.m.xm1.m0.id = 1.786103e-15
onoise_total.m.xm1.m0.1overf = 2.179826e-15
inoise_total.m.xm1.m0.id = 1.786103e-12
inoise_total.m.xm1.m0.1overf = 2.179826e-12
Doing analysis at TEMP = 125.000000 and TNOM = 27.000000

Using SPARSE 1.3 as Direct Linear Solver

No. of Data Rows : 1
zm3 = 1.000000e-03
Doing analysis at TEMP = 125.000000 and TNOM = 27.000000

Using SPARSE 1.3 as Direct Linear Solver

No. of Data Rows : 2

No. of Data Rows : 1
onoise_total_rs_thermal = 4.689159e-12
onoise_total.m.xm1.m0.id = 1.786103e-15
onoise_total.m.xm1.m0.1overf = 6.003756e-16
inoise_total.m.xm1.m0.id = 1.786103e-12
inoise_total.m.xm1.m0.1overf = 6.003756e-13
Doing analysis at TEMP = 125.000000 and TNOM = 27.000000

Using SPARSE 1.3 as Direct Linear Solver

No. of Data Rows : 1
zm4 = 1.000000e-03
Doing analysis at TEMP = 125.000000 and TNOM = 27.000000

Using SPARSE 1.3 as Direct Linear Solver

No. of Data Rows : 2

No. of Data Rows : 1
onoise_total_rs_thermal = 4.689159e-12
onoise_total.m.xm1.m0.id = 1.786103e-15
onoise_total.m.xm1.m0.1overf = 1.653572e-16
inoise_total.m.xm1.m0.id = 1.786103e-12
inoise_total.m.xm1.m0.1overf = 1.653572e-13
Doing analysis at TEMP = 125.000000 and TNOM = 27.000000

Using SPARSE 1.3 as Direct Linear Solver

No. of Data Rows : 1
zm5 = 1.000000e-03
Doing analysis at TEMP = 125.000000 and TNOM = 27.000000

Using SPARSE 1.3 as Direct Linear Solver

No. of Data Rows : 2

No. of Data Rows : 1
onoise_total_rs_thermal = 4.689159e-12
onoise_total.m.xm1.m0.id = 1.786103e-15
onoise_total.m.xm1.m0.1overf = 4.554315e-17
inoise_total.m.xm1.m0.id = 1.786103e-12
inoise_total.m.xm1.m0.1overf = 4.554315e-14
Doing analysis at TEMP = 125.000000 and TNOM = 27.000000

Using SPARSE 1.3 as Direct Linear Solver

No. of Data Rows : 1
zm6 = 1.000000e-03
Doing analysis at TEMP = 125.000000 and TNOM = 27.000000

Using SPARSE 1.3 as Direct Linear Solver

No. of Data Rows : 2

No. of Data Rows : 1
onoise_total_rs_thermal = 4.689159e-12
onoise_total.m.xm1.m0.id = 1.786103e-15
onoise_total.m.xm1.m0.1overf = 2.461701e-17
inoise_total.m.xm1.m0.id = 1.786103e-12
inoise_total.m.xm1.m0.1overf = 2.461701e-14
Note: Simulation executed from .control section 

======================================================================
=== sid_ss_125c_2.97v_xmph_p0292_pass1
======================================================================
.temp 125
vg g 0 dc -1.180683460000e+00
vb b 0 dc 3.812116510000e-06
vd dd 0 dc -1.999943130000e-01
rs dd d 1.00000000e-03
--- ngspice output ---

Note: No compatibility mode selected!


Circuit: * gf180-pll :: period-jitter :: s_id along the trajectory -- generated.

Doing analysis at TEMP = 125.000000 and TNOM = 27.000000

Using SPARSE 1.3 as Direct Linear Solver

No. of Data Rows : 1
@m.xm1.m0[vgs] = 1.180680e+00
@m.xm1.m0[vds] = 1.999870e-01
@m.xm1.m0[vbs] = -7.45505e-06
@m.xm1.m0[id] = 2.891218e-05
@m.xm1.m0[gm] = 9.856508e-05
@m.xm1.m0[gds] = 8.743482e-05
v(d) = -1.99994e-01
Doing analysis at TEMP = 125.000000 and TNOM = 27.000000

Using SPARSE 1.3 as Direct Linear Solver

No. of Data Rows : 1
zm0 = 9.999999e-04
Doing analysis at TEMP = 125.000000 and TNOM = 27.000000

Using SPARSE 1.3 as Direct Linear Solver

No. of Data Rows : 2

No. of Data Rows : 1
onoise_total_rs_thermal = 4.689158e-12
onoise_total.m.xm1.m0.id = 1.840575e-15
onoise_total.m.xm1.m0.1overf = 1.746907e-14
inoise_total.m.xm1.m0.id = 1.840575e-12
inoise_total.m.xm1.m0.1overf = 1.746907e-11
Doing analysis at TEMP = 125.000000 and TNOM = 27.000000

Using SPARSE 1.3 as Direct Linear Solver

No. of Data Rows : 1
zm1 = 9.999999e-04
Doing analysis at TEMP = 125.000000 and TNOM = 27.000000

Using SPARSE 1.3 as Direct Linear Solver

No. of Data Rows : 2

No. of Data Rows : 1
onoise_total_rs_thermal = 4.689158e-12
onoise_total.m.xm1.m0.id = 1.840575e-15
onoise_total.m.xm1.m0.1overf = 4.812593e-15
inoise_total.m.xm1.m0.id = 1.840575e-12
inoise_total.m.xm1.m0.1overf = 4.812593e-12
Doing analysis at TEMP = 125.000000 and TNOM = 27.000000

Using SPARSE 1.3 as Direct Linear Solver

No. of Data Rows : 1
zm2 = 9.999999e-04
Doing analysis at TEMP = 125.000000 and TNOM = 27.000000

Using SPARSE 1.3 as Direct Linear Solver

No. of Data Rows : 2

No. of Data Rows : 1
onoise_total_rs_thermal = 4.689158e-12
onoise_total.m.xm1.m0.id = 1.840575e-15
onoise_total.m.xm1.m0.1overf = 1.325531e-15
inoise_total.m.xm1.m0.id = 1.840575e-12
inoise_total.m.xm1.m0.1overf = 1.325532e-12
Doing analysis at TEMP = 125.000000 and TNOM = 27.000000

Using SPARSE 1.3 as Direct Linear Solver

No. of Data Rows : 1
zm3 = 9.999999e-04
Doing analysis at TEMP = 125.000000 and TNOM = 27.000000

Using SPARSE 1.3 as Direct Linear Solver

No. of Data Rows : 2

No. of Data Rows : 1
onoise_total_rs_thermal = 4.689158e-12
onoise_total.m.xm1.m0.id = 1.840575e-15
onoise_total.m.xm1.m0.1overf = 3.650826e-16
inoise_total.m.xm1.m0.id = 1.840575e-12
inoise_total.m.xm1.m0.1overf = 3.650826e-13
Doing analysis at TEMP = 125.000000 and TNOM = 27.000000

Using SPARSE 1.3 as Direct Linear Solver

No. of Data Rows : 1
zm4 = 9.999999e-04
Doing analysis at TEMP = 125.000000 and TNOM = 27.000000

Using SPARSE 1.3 as Direct Linear Solver

No. of Data Rows : 2

No. of Data Rows : 1
onoise_total_rs_thermal = 4.689158e-12
onoise_total.m.xm1.m0.id = 1.840575e-15
onoise_total.m.xm1.m0.1overf = 1.005521e-16
inoise_total.m.xm1.m0.id = 1.840575e-12
inoise_total.m.xm1.m0.1overf = 1.005521e-13
Doing analysis at TEMP = 125.000000 and TNOM = 27.000000

Using SPARSE 1.3 as Direct Linear Solver

No. of Data Rows : 1
zm5 = 9.999999e-04
Doing analysis at TEMP = 125.000000 and TNOM = 27.000000

Using SPARSE 1.3 as Direct Linear Solver

No. of Data Rows : 2

No. of Data Rows : 1
onoise_total_rs_thermal = 4.689158e-12
onoise_total.m.xm1.m0.id = 1.840575e-15
onoise_total.m.xm1.m0.1overf = 2.769435e-17
inoise_total.m.xm1.m0.id = 1.840575e-12
inoise_total.m.xm1.m0.1overf = 2.769435e-14
Doing analysis at TEMP = 125.000000 and TNOM = 27.000000

Using SPARSE 1.3 as Direct Linear Solver

No. of Data Rows : 1
zm6 = 9.999999e-04
Doing analysis at TEMP = 125.000000 and TNOM = 27.000000

Using SPARSE 1.3 as Direct Linear Solver

No. of Data Rows : 2

No. of Data Rows : 1
onoise_total_rs_thermal = 4.689158e-12
onoise_total.m.xm1.m0.id = 1.840575e-15
onoise_total.m.xm1.m0.1overf = 1.496937e-17
inoise_total.m.xm1.m0.id = 1.840575e-12
inoise_total.m.xm1.m0.1overf = 1.496937e-14
Note: Simulation executed from .control section 

======================================================================
=== sid_ss_125c_2.97v_xmph_p0292
======================================================================
.temp 125
vg g 0 dc -1.180686920000e+00
vb b 0 dc 1.691830200000e-07
vd dd 0 dc -2.000016260000e-01
rs dd d 1.00000000e-03
--- ngspice output ---

Note: No compatibility mode selected!


Circuit: * gf180-pll :: period-jitter :: s_id along the trajectory -- generated.

Doing analysis at TEMP = 125.000000 and TNOM = 27.000000

Using SPARSE 1.3 as Direct Linear Solver

No. of Data Rows : 1
@m.xm1.m0[vgs] = 1.180683e+00
@m.xm1.m0[vds] = 1.999943e-01
@m.xm1.m0[vbs] = -3.81226e-06
@m.xm1.m0[id] = 2.891334e-05
@m.xm1.m0[gm] = 9.856855e-05
@m.xm1.m0[gds] = 8.743319e-05
v(d) = -2.00002e-01
Doing analysis at TEMP = 125.000000 and TNOM = 27.000000

Using SPARSE 1.3 as Direct Linear Solver

No. of Data Rows : 1
zm0 = 9.999999e-04
Doing analysis at TEMP = 125.000000 and TNOM = 27.000000

Using SPARSE 1.3 as Direct Linear Solver

No. of Data Rows : 2

No. of Data Rows : 1
onoise_total_rs_thermal = 4.689158e-12
onoise_total.m.xm1.m0.id = 1.840583e-15
onoise_total.m.xm1.m0.1overf = 1.746976e-14
inoise_total.m.xm1.m0.id = 1.840583e-12
inoise_total.m.xm1.m0.1overf = 1.746976e-11
Doing analysis at TEMP = 125.000000 and TNOM = 27.000000

Using SPARSE 1.3 as Direct Linear Solver

No. of Data Rows : 1
zm1 = 9.999999e-04
Doing analysis at TEMP = 125.000000 and TNOM = 27.000000

Using SPARSE 1.3 as Direct Linear Solver

No. of Data Rows : 2

No. of Data Rows : 1
onoise_total_rs_thermal = 4.689158e-12
onoise_total.m.xm1.m0.id = 1.840583e-15
onoise_total.m.xm1.m0.1overf = 4.812783e-15
inoise_total.m.xm1.m0.id = 1.840583e-12
inoise_total.m.xm1.m0.1overf = 4.812784e-12
Doing analysis at TEMP = 125.000000 and TNOM = 27.000000

Using SPARSE 1.3 as Direct Linear Solver

No. of Data Rows : 1
zm2 = 9.999999e-04
Doing analysis at TEMP = 125.000000 and TNOM = 27.000000

Using SPARSE 1.3 as Direct Linear Solver

No. of Data Rows : 2

No. of Data Rows : 1
onoise_total_rs_thermal = 4.689158e-12
onoise_total.m.xm1.m0.id = 1.840583e-15
onoise_total.m.xm1.m0.1overf = 1.325584e-15
inoise_total.m.xm1.m0.id = 1.840583e-12
inoise_total.m.xm1.m0.1overf = 1.325584e-12
Doing analysis at TEMP = 125.000000 and TNOM = 27.000000

Using SPARSE 1.3 as Direct Linear Solver

No. of Data Rows : 1
zm3 = 9.999999e-04
Doing analysis at TEMP = 125.000000 and TNOM = 27.000000

Using SPARSE 1.3 as Direct Linear Solver

No. of Data Rows : 2

No. of Data Rows : 1
onoise_total_rs_thermal = 4.689158e-12
onoise_total.m.xm1.m0.id = 1.840583e-15
onoise_total.m.xm1.m0.1overf = 3.650971e-16
inoise_total.m.xm1.m0.id = 1.840583e-12
inoise_total.m.xm1.m0.1overf = 3.650971e-13
Doing analysis at TEMP = 125.000000 and TNOM = 27.000000

Using SPARSE 1.3 as Direct Linear Solver

No. of Data Rows : 1
zm4 = 9.999999e-04
Doing analysis at TEMP = 125.000000 and TNOM = 27.000000

Using SPARSE 1.3 as Direct Linear Solver

No. of Data Rows : 2

No. of Data Rows : 1
onoise_total_rs_thermal = 4.689158e-12
onoise_total.m.xm1.m0.id = 1.840583e-15
onoise_total.m.xm1.m0.1overf = 1.005561e-16
inoise_total.m.xm1.m0.id = 1.840583e-12
inoise_total.m.xm1.m0.1overf = 1.005561e-13
Doing analysis at TEMP = 125.000000 and TNOM = 27.000000

Using SPARSE 1.3 as Direct Linear Solver

No. of Data Rows : 1
zm5 = 9.999999e-04
Doing analysis at TEMP = 125.000000 and TNOM = 27.000000

Using SPARSE 1.3 as Direct Linear Solver

No. of Data Rows : 2

No. of Data Rows : 1
onoise_total_rs_thermal = 4.689158e-12
onoise_total.m.xm1.m0.id = 1.840583e-15
onoise_total.m.xm1.m0.1overf = 2.769545e-17
inoise_total.m.xm1.m0.id = 1.840583e-12
inoise_total.m.xm1.m0.1overf = 2.769545e-14
Doing analysis at TEMP = 125.000000 and TNOM = 27.000000

Using SPARSE 1.3 as Direct Linear Solver

No. of Data Rows : 1
zm6 = 9.999999e-04
Doing analysis at TEMP = 125.000000 and TNOM = 27.000000

Using SPARSE 1.3 as Direct Linear Solver

No. of Data Rows : 2

No. of Data Rows : 1
onoise_total_rs_thermal = 4.689158e-12
onoise_total.m.xm1.m0.id = 1.840583e-15
onoise_total.m.xm1.m0.1overf = 1.496996e-17
inoise_total.m.xm1.m0.id = 1.840583e-12
inoise_total.m.xm1.m0.1overf = 1.496996e-14
Note: Simulation executed from .control section 

======================================================================
=== sid_ss_125c_2.97v_xmph_p0333_pass1
======================================================================
.temp 125
vg g 0 dc -1.181589770000e+00
vb b 0 dc 2.250258370000e-06
vd dd 0 dc -9.705414490000e-02
rs dd d 1.00000000e-03
--- ngspice output ---

Note: No compatibility mode selected!


Circuit: * gf180-pll :: period-jitter :: s_id along the trajectory -- generated.

Doing analysis at TEMP = 125.000000 and TNOM = 27.000000

Using SPARSE 1.3 as Direct Linear Solver

No. of Data Rows : 1
@m.xm1.m0[vgs] = 1.181588e+00
@m.xm1.m0[vds] = 9.704985e-02
@m.xm1.m0[vbs] = -4.38833e-06
@m.xm1.m0[id] = 1.696886e-05
@m.xm1.m0[gm] = 4.893084e-05
@m.xm1.m0[gds] = 1.464059e-04
v(d) = -9.70541e-02
Doing analysis at TEMP = 125.000000 and TNOM = 27.000000

Using SPARSE 1.3 as Direct Linear Solver

No. of Data Rows : 1
zm0 = 9.999999e-04
Doing analysis at TEMP = 125.000000 and TNOM = 27.000000

Using SPARSE 1.3 as Direct Linear Solver

No. of Data Rows : 2

No. of Data Rows : 1
onoise_total_rs_thermal = 4.689158e-12
onoise_total.m.xm1.m0.id = 1.978614e-15
onoise_total.m.xm1.m0.1overf = 9.225972e-15
inoise_total.m.xm1.m0.id = 1.978615e-12
inoise_total.m.xm1.m0.1overf = 9.225974e-12
Doing analysis at TEMP = 125.000000 and TNOM = 27.000000

Using SPARSE 1.3 as Direct Linear Solver

No. of Data Rows : 1
zm1 = 9.999999e-04
Doing analysis at TEMP = 125.000000 and TNOM = 27.000000

Using SPARSE 1.3 as Direct Linear Solver

No. of Data Rows : 2

No. of Data Rows : 1
onoise_total_rs_thermal = 4.689158e-12
onoise_total.m.xm1.m0.id = 1.978614e-15
onoise_total.m.xm1.m0.1overf = 2.541684e-15
inoise_total.m.xm1.m0.id = 1.978615e-12
inoise_total.m.xm1.m0.1overf = 2.541684e-12
Doing analysis at TEMP = 125.000000 and TNOM = 27.000000

Using SPARSE 1.3 as Direct Linear Solver

No. of Data Rows : 1
zm2 = 9.999999e-04
Doing analysis at TEMP = 125.000000 and TNOM = 27.000000

Using SPARSE 1.3 as Direct Linear Solver

No. of Data Rows : 2

No. of Data Rows : 1
onoise_total_rs_thermal = 4.689158e-12
onoise_total.m.xm1.m0.id = 1.978614e-15
onoise_total.m.xm1.m0.1overf = 7.000555e-16
inoise_total.m.xm1.m0.id = 1.978615e-12
inoise_total.m.xm1.m0.1overf = 7.000556e-13
Doing analysis at TEMP = 125.000000 and TNOM = 27.000000

Using SPARSE 1.3 as Direct Linear Solver

No. of Data Rows : 1
zm3 = 9.999999e-04
Doing analysis at TEMP = 125.000000 and TNOM = 27.000000

Using SPARSE 1.3 as Direct Linear Solver

No. of Data Rows : 2

No. of Data Rows : 1
onoise_total_rs_thermal = 4.689158e-12
onoise_total.m.xm1.m0.id = 1.978614e-15
onoise_total.m.xm1.m0.1overf = 1.928118e-16
inoise_total.m.xm1.m0.id = 1.978615e-12
inoise_total.m.xm1.m0.1overf = 1.928118e-13
Doing analysis at TEMP = 125.000000 and TNOM = 27.000000

Using SPARSE 1.3 as Direct Linear Solver

No. of Data Rows : 1
zm4 = 9.999999e-04
Doing analysis at TEMP = 125.000000 and TNOM = 27.000000

Using SPARSE 1.3 as Direct Linear Solver

No. of Data Rows : 2

No. of Data Rows : 1
onoise_total_rs_thermal = 4.689158e-12
onoise_total.m.xm1.m0.id = 1.978614e-15
onoise_total.m.xm1.m0.1overf = 5.310479e-17
inoise_total.m.xm1.m0.id = 1.978615e-12
inoise_total.m.xm1.m0.1overf = 5.310480e-14
Doing analysis at TEMP = 125.000000 and TNOM = 27.000000

Using SPARSE 1.3 as Direct Linear Solver

No. of Data Rows : 1
zm5 = 9.999999e-04
Doing analysis at TEMP = 125.000000 and TNOM = 27.000000

Using SPARSE 1.3 as Direct Linear Solver

No. of Data Rows : 2

No. of Data Rows : 1
onoise_total_rs_thermal = 4.689158e-12
onoise_total.m.xm1.m0.id = 1.978614e-15
onoise_total.m.xm1.m0.1overf = 1.462627e-17
inoise_total.m.xm1.m0.id = 1.978615e-12
inoise_total.m.xm1.m0.1overf = 1.462627e-14
Doing analysis at TEMP = 125.000000 and TNOM = 27.000000

Using SPARSE 1.3 as Direct Linear Solver

No. of Data Rows : 1
zm6 = 9.999999e-04
Doing analysis at TEMP = 125.000000 and TNOM = 27.000000

Using SPARSE 1.3 as Direct Linear Solver

No. of Data Rows : 2

No. of Data Rows : 1
onoise_total_rs_thermal = 4.689158e-12
onoise_total.m.xm1.m0.id = 1.978614e-15
onoise_total.m.xm1.m0.1overf = 7.905800e-18
inoise_total.m.xm1.m0.id = 1.978615e-12
inoise_total.m.xm1.m0.1overf = 7.905801e-15
Note: Simulation executed from .control section 

======================================================================
=== sid_ss_125c_2.97v_xmph_p0333
======================================================================
.temp 125
vg g 0 dc -1.181591540000e+00
vb b 0 dc 1.121867400000e-07
vd dd 0 dc -9.705843980000e-02
rs dd d 1.00000000e-03
--- ngspice output ---

Note: No compatibility mode selected!


Circuit: * gf180-pll :: period-jitter :: s_id along the trajectory -- generated.

Doing analysis at TEMP = 125.000000 and TNOM = 27.000000

Using SPARSE 1.3 as Direct Linear Solver

No. of Data Rows : 1
@m.xm1.m0[vgs] = 1.181589e+00
@m.xm1.m0[vds] = 9.705415e-02
@m.xm1.m0[vbs] = -2.25036e-06
@m.xm1.m0[id] = 1.696963e-05
@m.xm1.m0[gm] = 4.893297e-05
@m.xm1.m0[gds] = 1.464048e-04
v(d) = -9.70584e-02
Doing analysis at TEMP = 125.000000 and TNOM = 27.000000

Using SPARSE 1.3 as Direct Linear Solver

No. of Data Rows : 1
zm0 = 9.999999e-04
Doing analysis at TEMP = 125.000000 and TNOM = 27.000000

Using SPARSE 1.3 as Direct Linear Solver

No. of Data Rows : 2

No. of Data Rows : 1
onoise_total_rs_thermal = 4.689158e-12
onoise_total.m.xm1.m0.id = 1.978615e-15
onoise_total.m.xm1.m0.1overf = 9.226392e-15
inoise_total.m.xm1.m0.id = 1.978615e-12
inoise_total.m.xm1.m0.1overf = 9.226393e-12
Doing analysis at TEMP = 125.000000 and TNOM = 27.000000

Using SPARSE 1.3 as Direct Linear Solver

No. of Data Rows : 1
zm1 = 9.999999e-04
Doing analysis at TEMP = 125.000000 and TNOM = 27.000000

Using SPARSE 1.3 as Direct Linear Solver

No. of Data Rows : 2

No. of Data Rows : 1
onoise_total_rs_thermal = 4.689158e-12
onoise_total.m.xm1.m0.id = 1.978615e-15
onoise_total.m.xm1.m0.1overf = 2.541799e-15
inoise_total.m.xm1.m0.id = 1.978615e-12
inoise_total.m.xm1.m0.1overf = 2.541800e-12
Doing analysis at TEMP = 125.000000 and TNOM = 27.000000

Using SPARSE 1.3 as Direct Linear Solver

No. of Data Rows : 1
zm2 = 9.999999e-04
Doing analysis at TEMP = 125.000000 and TNOM = 27.000000

Using SPARSE 1.3 as Direct Linear Solver

No. of Data Rows : 2

No. of Data Rows : 1
onoise_total_rs_thermal = 4.689158e-12
onoise_total.m.xm1.m0.id = 1.978615e-15
onoise_total.m.xm1.m0.1overf = 7.000873e-16
inoise_total.m.xm1.m0.id = 1.978615e-12
inoise_total.m.xm1.m0.1overf = 7.000874e-13
Doing analysis at TEMP = 125.000000 and TNOM = 27.000000

Using SPARSE 1.3 as Direct Linear Solver

No. of Data Rows : 1
zm3 = 9.999999e-04
Doing analysis at TEMP = 125.000000 and TNOM = 27.000000

Using SPARSE 1.3 as Direct Linear Solver

No. of Data Rows : 2

No. of Data Rows : 1
onoise_total_rs_thermal = 4.689158e-12
onoise_total.m.xm1.m0.id = 1.978615e-15
onoise_total.m.xm1.m0.1overf = 1.928205e-16
inoise_total.m.xm1.m0.id = 1.978615e-12
inoise_total.m.xm1.m0.1overf = 1.928206e-13
Doing analysis at TEMP = 125.000000 and TNOM = 27.000000

Using SPARSE 1.3 as Direct Linear Solver

No. of Data Rows : 1
zm4 = 9.999999e-04
Doing analysis at TEMP = 125.000000 and TNOM = 27.000000

Using SPARSE 1.3 as Direct Linear Solver

No. of Data Rows : 2

No. of Data Rows : 1
onoise_total_rs_thermal = 4.689158e-12
onoise_total.m.xm1.m0.id = 1.978615e-15
onoise_total.m.xm1.m0.1overf = 5.310720e-17
inoise_total.m.xm1.m0.id = 1.978615e-12
inoise_total.m.xm1.m0.1overf = 5.310721e-14
Doing analysis at TEMP = 125.000000 and TNOM = 27.000000

Using SPARSE 1.3 as Direct Linear Solver

No. of Data Rows : 1
zm5 = 9.999999e-04
Doing analysis at TEMP = 125.000000 and TNOM = 27.000000

Using SPARSE 1.3 as Direct Linear Solver

No. of Data Rows : 2

No. of Data Rows : 1
onoise_total_rs_thermal = 4.689158e-12
onoise_total.m.xm1.m0.id = 1.978615e-15
onoise_total.m.xm1.m0.1overf = 1.462694e-17
inoise_total.m.xm1.m0.id = 1.978615e-12
inoise_total.m.xm1.m0.1overf = 1.462694e-14
Doing analysis at TEMP = 125.000000 and TNOM = 27.000000

Using SPARSE 1.3 as Direct Linear Solver

No. of Data Rows : 1
zm6 = 9.999999e-04
Doing analysis at TEMP = 125.000000 and TNOM = 27.000000

Using SPARSE 1.3 as Direct Linear Solver

No. of Data Rows : 2

No. of Data Rows : 1
onoise_total_rs_thermal = 4.689158e-12
onoise_total.m.xm1.m0.id = 1.978615e-15
onoise_total.m.xm1.m0.1overf = 7.906159e-18
inoise_total.m.xm1.m0.id = 1.978615e-12
inoise_total.m.xm1.m0.1overf = 7.906160e-15
Note: Simulation executed from .control section 

======================================================================
=== sid_ss_125c_2.97v_xmph_p0375_pass1
======================================================================
.temp 125
vg g 0 dc -1.173407050000e+00
vb b 0 dc 1.096978690000e-06
vd dd 0 dc -4.381123290000e-02
rs dd d 1.00000000e-03
--- ngspice output ---

Note: No compatibility mode selected!


Circuit: * gf180-pll :: period-jitter :: s_id along the trajectory -- generated.

Doing analysis at TEMP = 125.000000 and TNOM = 27.000000

Using SPARSE 1.3 as Direct Linear Solver

No. of Data Rows : 1
@m.xm1.m0[vgs] = 1.173406e+00
@m.xm1.m0[vds] = 4.380917e-02
@m.xm1.m0[vbs] = -2.12565e-06
@m.xm1.m0[id] = 8.164062e-06
@m.xm1.m0[gm] = 2.234829e-05
@m.xm1.m0[gds] = 1.734291e-04
v(d) = -4.38112e-02
Doing analysis at TEMP = 125.000000 and TNOM = 27.000000

Using SPARSE 1.3 as Direct Linear Solver

No. of Data Rows : 1
zm0 = 9.999998e-04
Doing analysis at TEMP = 125.000000 and TNOM = 27.000000

Using SPARSE 1.3 as Direct Linear Solver

No. of Data Rows : 2

No. of Data Rows : 1
onoise_total_rs_thermal = 4.689158e-12
onoise_total.m.xm1.m0.id = 2.058862e-15
onoise_total.m.xm1.m0.1overf = 4.295513e-15
inoise_total.m.xm1.m0.id = 2.058862e-12
inoise_total.m.xm1.m0.1overf = 4.295513e-12
Doing analysis at TEMP = 125.000000 and TNOM = 27.000000

Using SPARSE 1.3 as Direct Linear Solver

No. of Data Rows : 1
zm1 = 9.999998e-04
Doing analysis at TEMP = 125.000000 and TNOM = 27.000000

Using SPARSE 1.3 as Direct Linear Solver

No. of Data Rows : 2

No. of Data Rows : 1
onoise_total_rs_thermal = 4.689158e-12
onoise_total.m.xm1.m0.id = 2.058862e-15
onoise_total.m.xm1.m0.1overf = 1.183380e-15
inoise_total.m.xm1.m0.id = 2.058862e-12
inoise_total.m.xm1.m0.1overf = 1.183381e-12
Doing analysis at TEMP = 125.000000 and TNOM = 27.000000

Using SPARSE 1.3 as Direct Linear Solver

No. of Data Rows : 1
zm2 = 9.999998e-04
Doing analysis at TEMP = 125.000000 and TNOM = 27.000000

Using SPARSE 1.3 as Direct Linear Solver

No. of Data Rows : 2

No. of Data Rows : 1
onoise_total_rs_thermal = 4.689158e-12
onoise_total.m.xm1.m0.id = 2.058862e-15
onoise_total.m.xm1.m0.1overf = 3.259383e-16
inoise_total.m.xm1.m0.id = 2.058862e-12
inoise_total.m.xm1.m0.1overf = 3.259383e-13
Doing analysis at TEMP = 125.000000 and TNOM = 27.000000

Using SPARSE 1.3 as Direct Linear Solver

No. of Data Rows : 1
zm3 = 9.999998e-04
Doing analysis at TEMP = 125.000000 and TNOM = 27.000000

Using SPARSE 1.3 as Direct Linear Solver

No. of Data Rows : 2

No. of Data Rows : 1
onoise_total_rs_thermal = 4.689158e-12
onoise_total.m.xm1.m0.id = 2.058862e-15
onoise_total.m.xm1.m0.1overf = 8.977107e-17
inoise_total.m.xm1.m0.id = 2.058862e-12
inoise_total.m.xm1.m0.1overf = 8.977109e-14
Doing analysis at TEMP = 125.000000 and TNOM = 27.000000

Using SPARSE 1.3 as Direct Linear Solver

No. of Data Rows : 1
zm4 = 9.999998e-04
Doing analysis at TEMP = 125.000000 and TNOM = 27.000000

Using SPARSE 1.3 as Direct Linear Solver

No. of Data Rows : 2

No. of Data Rows : 1
onoise_total_rs_thermal = 4.689158e-12
onoise_total.m.xm1.m0.id = 2.058862e-15
onoise_total.m.xm1.m0.1overf = 2.472501e-17
inoise_total.m.xm1.m0.id = 2.058862e-12
inoise_total.m.xm1.m0.1overf = 2.472502e-14
Doing analysis at TEMP = 125.000000 and TNOM = 27.000000

Using SPARSE 1.3 as Direct Linear Solver

No. of Data Rows : 1
zm5 = 9.999998e-04
Doing analysis at TEMP = 125.000000 and TNOM = 27.000000

Using SPARSE 1.3 as Direct Linear Solver

No. of Data Rows : 2

No. of Data Rows : 1
onoise_total_rs_thermal = 4.689158e-12
onoise_total.m.xm1.m0.id = 2.058862e-15
onoise_total.m.xm1.m0.1overf = 6.809833e-18
inoise_total.m.xm1.m0.id = 2.058862e-12
inoise_total.m.xm1.m0.1overf = 6.809835e-15
Doing analysis at TEMP = 125.000000 and TNOM = 27.000000

Using SPARSE 1.3 as Direct Linear Solver

No. of Data Rows : 1
zm6 = 9.999998e-04
Doing analysis at TEMP = 125.000000 and TNOM = 27.000000

Using SPARSE 1.3 as Direct Linear Solver

No. of Data Rows : 2

No. of Data Rows : 1
onoise_total_rs_thermal = 4.689158e-12
onoise_total.m.xm1.m0.id = 2.058862e-15
onoise_total.m.xm1.m0.1overf = 3.680855e-18
inoise_total.m.xm1.m0.id = 2.058862e-12
inoise_total.m.xm1.m0.1overf = 3.680855e-15
Note: Simulation executed from .control section 

======================================================================
=== sid_ss_125c_2.97v_xmph_p0375
======================================================================
.temp 125
vg g 0 dc -1.173408100000e+00
vb b 0 dc 6.830738000000e-08
vd dd 0 dc -4.381329580000e-02
rs dd d 1.00000000e-03
--- ngspice output ---

Note: No compatibility mode selected!


Circuit: * gf180-pll :: period-jitter :: s_id along the trajectory -- generated.

Doing analysis at TEMP = 125.000000 and TNOM = 27.000000

Using SPARSE 1.3 as Direct Linear Solver

No. of Data Rows : 1
@m.xm1.m0[vgs] = 1.173407e+00
@m.xm1.m0[vds] = 4.381123e-02
@m.xm1.m0[vbs] = -1.09703e-06
@m.xm1.m0[id] = 8.164455e-06
@m.xm1.m0[gm] = 2.234933e-05
@m.xm1.m0[gds] = 1.734286e-04
v(d) = -4.38133e-02
Doing analysis at TEMP = 125.000000 and TNOM = 27.000000

Using SPARSE 1.3 as Direct Linear Solver

No. of Data Rows : 1
zm0 = 9.999998e-04
Doing analysis at TEMP = 125.000000 and TNOM = 27.000000

Using SPARSE 1.3 as Direct Linear Solver

No. of Data Rows : 2

No. of Data Rows : 1
onoise_total_rs_thermal = 4.689158e-12
onoise_total.m.xm1.m0.id = 2.058862e-15
onoise_total.m.xm1.m0.1overf = 4.295719e-15
inoise_total.m.xm1.m0.id = 2.058862e-12
inoise_total.m.xm1.m0.1overf = 4.295719e-12
Doing analysis at TEMP = 125.000000 and TNOM = 27.000000

Using SPARSE 1.3 as Direct Linear Solver

No. of Data Rows : 1
zm1 = 9.999998e-04
Doing analysis at TEMP = 125.000000 and TNOM = 27.000000

Using SPARSE 1.3 as Direct Linear Solver

No. of Data Rows : 2

No. of Data Rows : 1
onoise_total_rs_thermal = 4.689158e-12
onoise_total.m.xm1.m0.id = 2.058862e-15
onoise_total.m.xm1.m0.1overf = 1.183437e-15
inoise_total.m.xm1.m0.id = 2.058862e-12
inoise_total.m.xm1.m0.1overf = 1.183437e-12
Doing analysis at TEMP = 125.000000 and TNOM = 27.000000

Using SPARSE 1.3 as Direct Linear Solver

No. of Data Rows : 1
zm2 = 9.999998e-04
Doing analysis at TEMP = 125.000000 and TNOM = 27.000000

Using SPARSE 1.3 as Direct Linear Solver

No. of Data Rows : 2

No. of Data Rows : 1
onoise_total_rs_thermal = 4.689158e-12
onoise_total.m.xm1.m0.id = 2.058862e-15
onoise_total.m.xm1.m0.1overf = 3.259539e-16
inoise_total.m.xm1.m0.id = 2.058862e-12
inoise_total.m.xm1.m0.1overf = 3.259539e-13
Doing analysis at TEMP = 125.000000 and TNOM = 27.000000

Using SPARSE 1.3 as Direct Linear Solver

No. of Data Rows : 1
zm3 = 9.999998e-04
Doing analysis at TEMP = 125.000000 and TNOM = 27.000000

Using SPARSE 1.3 as Direct Linear Solver

No. of Data Rows : 2

No. of Data Rows : 1
onoise_total_rs_thermal = 4.689158e-12
onoise_total.m.xm1.m0.id = 2.058862e-15
onoise_total.m.xm1.m0.1overf = 8.977538e-17
inoise_total.m.xm1.m0.id = 2.058862e-12
inoise_total.m.xm1.m0.1overf = 8.977540e-14
Doing analysis at TEMP = 125.000000 and TNOM = 27.000000

Using SPARSE 1.3 as Direct Linear Solver

No. of Data Rows : 1
zm4 = 9.999998e-04
Doing analysis at TEMP = 125.000000 and TNOM = 27.000000

Using SPARSE 1.3 as Direct Linear Solver

No. of Data Rows : 2

No. of Data Rows : 1
onoise_total_rs_thermal = 4.689158e-12
onoise_total.m.xm1.m0.id = 2.058862e-15
onoise_total.m.xm1.m0.1overf = 2.472620e-17
inoise_total.m.xm1.m0.id = 2.058862e-12
inoise_total.m.xm1.m0.1overf = 2.472620e-14
Doing analysis at TEMP = 125.000000 and TNOM = 27.000000

Using SPARSE 1.3 as Direct Linear Solver

No. of Data Rows : 1
zm5 = 9.999998e-04
Doing analysis at TEMP = 125.000000 and TNOM = 27.000000

Using SPARSE 1.3 as Direct Linear Solver

No. of Data Rows : 2

No. of Data Rows : 1
onoise_total_rs_thermal = 4.689158e-12
onoise_total.m.xm1.m0.id = 2.058862e-15
onoise_total.m.xm1.m0.1overf = 6.810160e-18
inoise_total.m.xm1.m0.id = 2.058862e-12
inoise_total.m.xm1.m0.1overf = 6.810161e-15
Doing analysis at TEMP = 125.000000 and TNOM = 27.000000

Using SPARSE 1.3 as Direct Linear Solver

No. of Data Rows : 1
zm6 = 9.999998e-04
Doing analysis at TEMP = 125.000000 and TNOM = 27.000000

Using SPARSE 1.3 as Direct Linear Solver

No. of Data Rows : 2

No. of Data Rows : 1
onoise_total_rs_thermal = 4.689158e-12
onoise_total.m.xm1.m0.id = 2.058862e-15
onoise_total.m.xm1.m0.1overf = 3.681031e-18
inoise_total.m.xm1.m0.id = 2.058862e-12
inoise_total.m.xm1.m0.1overf = 3.681032e-15
Note: Simulation executed from .control section 

======================================================================
=== sid_ss_125c_2.97v_xmph_p0417_pass1
======================================================================
.temp 125
vg g 0 dc -1.179153320000e+00
vb b 0 dc 8.426139790000e-10
vd dd 0 dc 5.391309620000e-03
rs dd d 1.00000000e-03
--- ngspice output ---

Note: No compatibility mode selected!


Circuit: * gf180-pll :: period-jitter :: s_id along the trajectory -- generated.

Doing analysis at TEMP = 125.000000 and TNOM = 27.000000

Using SPARSE 1.3 as Direct Linear Solver

No. of Data Rows : 1
@m.xm1.m0[vgs] = 1.179153e+00
@m.xm1.m0[vds] = -5.39103e-03
@m.xm1.m0[vbs] = 1.383567e-07
@m.xm1.m0[id] = 1.104757e-06
@m.xm1.m0[gm] = 2.764087e-06
@m.xm1.m0[gds] = 2.033143e-04
v(d) = 5.391309e-03
Doing analysis at TEMP = 125.000000 and TNOM = 27.000000

Using SPARSE 1.3 as Direct Linear Solver

No. of Data Rows : 1
zm0 = 9.999998e-04
Doing analysis at TEMP = 125.000000 and TNOM = 27.000000

Using SPARSE 1.3 as Direct Linear Solver

No. of Data Rows : 2

No. of Data Rows : 1
onoise_total_rs_thermal = 4.689158e-12
onoise_total.m.xm1.m0.id = 2.179522e-15
onoise_total.m.xm1.m0.1overf = 5.576770e-16
inoise_total.m.xm1.m0.id = 2.179522e-12
inoise_total.m.xm1.m0.1overf = 5.576771e-13
Doing analysis at TEMP = 125.000000 and TNOM = 27.000000

Using SPARSE 1.3 as Direct Linear Solver

No. of Data Rows : 1
zm1 = 9.999998e-04
Doing analysis at TEMP = 125.000000 and TNOM = 27.000000

Using SPARSE 1.3 as Direct Linear Solver

No. of Data Rows : 2

No. of Data Rows : 1
onoise_total_rs_thermal = 4.689158e-12
onoise_total.m.xm1.m0.id = 2.179522e-15
onoise_total.m.xm1.m0.1overf = 1.536357e-16
inoise_total.m.xm1.m0.id = 2.179522e-12
inoise_total.m.xm1.m0.1overf = 1.536357e-13
Doing analysis at TEMP = 125.000000 and TNOM = 27.000000

Using SPARSE 1.3 as Direct Linear Solver

No. of Data Rows : 1
zm2 = 9.999998e-04
Doing analysis at TEMP = 125.000000 and TNOM = 27.000000

Using SPARSE 1.3 as Direct Linear Solver

No. of Data Rows : 2

No. of Data Rows : 1
onoise_total_rs_thermal = 4.689158e-12
onoise_total.m.xm1.m0.id = 2.179522e-15
onoise_total.m.xm1.m0.1overf = 4.231585e-17
inoise_total.m.xm1.m0.id = 2.179522e-12
inoise_total.m.xm1.m0.1overf = 4.231586e-14
Doing analysis at TEMP = 125.000000 and TNOM = 27.000000

Using SPARSE 1.3 as Direct Linear Solver

No. of Data Rows : 1
zm3 = 9.999998e-04
Doing analysis at TEMP = 125.000000 and TNOM = 27.000000

Using SPARSE 1.3 as Direct Linear Solver

No. of Data Rows : 2

No. of Data Rows : 1
onoise_total_rs_thermal = 4.689158e-12
onoise_total.m.xm1.m0.id = 2.179522e-15
onoise_total.m.xm1.m0.1overf = 1.165478e-17
inoise_total.m.xm1.m0.id = 2.179522e-12
inoise_total.m.xm1.m0.1overf = 1.165479e-14
Doing analysis at TEMP = 125.000000 and TNOM = 27.000000

Using SPARSE 1.3 as Direct Linear Solver

No. of Data Rows : 1
zm4 = 9.999998e-04
Doing analysis at TEMP = 125.000000 and TNOM = 27.000000

Using SPARSE 1.3 as Direct Linear Solver

No. of Data Rows : 2

No. of Data Rows : 1
onoise_total_rs_thermal = 4.689158e-12
onoise_total.m.xm1.m0.id = 2.179522e-15
onoise_total.m.xm1.m0.1overf = 3.209995e-18
inoise_total.m.xm1.m0.id = 2.179522e-12
inoise_total.m.xm1.m0.1overf = 3.209995e-15
Doing analysis at TEMP = 125.000000 and TNOM = 27.000000

Using SPARSE 1.3 as Direct Linear Solver

No. of Data Rows : 1
zm5 = 9.999998e-04
Doing analysis at TEMP = 125.000000 and TNOM = 27.000000

Using SPARSE 1.3 as Direct Linear Solver

No. of Data Rows : 2

No. of Data Rows : 1
onoise_total_rs_thermal = 4.689158e-12
onoise_total.m.xm1.m0.id = 2.179522e-15
onoise_total.m.xm1.m0.1overf = 8.841058e-19
inoise_total.m.xm1.m0.id = 2.179522e-12
inoise_total.m.xm1.m0.1overf = 8.841060e-16
Doing analysis at TEMP = 125.000000 and TNOM = 27.000000

Using SPARSE 1.3 as Direct Linear Solver

No. of Data Rows : 1
zm6 = 9.999998e-04
Doing analysis at TEMP = 125.000000 and TNOM = 27.000000

Using SPARSE 1.3 as Direct Linear Solver

No. of Data Rows : 2

No. of Data Rows : 1
onoise_total_rs_thermal = 4.689158e-12
onoise_total.m.xm1.m0.id = 2.179522e-15
onoise_total.m.xm1.m0.1overf = 4.778773e-19
inoise_total.m.xm1.m0.id = 2.179522e-12
inoise_total.m.xm1.m0.1overf = 4.778774e-16
Note: Simulation executed from .control section 

======================================================================
=== sid_ss_125c_2.97v_xmph_p0417
======================================================================
.temp 125
vg g 0 dc -1.179153640000e+00
vb b 0 dc 1.400419279580e-07
vd dd 0 dc 5.391589240000e-03
rs dd d 1.00000000e-03
--- ngspice output ---

Note: No compatibility mode selected!


Circuit: * gf180-pll :: period-jitter :: s_id along the trajectory -- generated.

Doing analysis at TEMP = 125.000000 and TNOM = 27.000000

Using SPARSE 1.3 as Direct Linear Solver

No. of Data Rows : 1
@m.xm1.m0[vgs] = 1.179154e+00
@m.xm1.m0[vds] = -5.39131e-03
@m.xm1.m0[vbs] = -8.35191e-10
@m.xm1.m0[id] = 1.104815e-06
@m.xm1.m0[gm] = 2.764229e-06
@m.xm1.m0[gds] = 2.033145e-04
v(d) = 5.391588e-03
Doing analysis at TEMP = 125.000000 and TNOM = 27.000000

Using SPARSE 1.3 as Direct Linear Solver

No. of Data Rows : 1
zm0 = 9.999998e-04
Doing analysis at TEMP = 125.000000 and TNOM = 27.000000

Using SPARSE 1.3 as Direct Linear Solver

No. of Data Rows : 2

No. of Data Rows : 1
onoise_total_rs_thermal = 4.689158e-12
onoise_total.m.xm1.m0.id = 2.179523e-15
onoise_total.m.xm1.m0.1overf = 5.577064e-16
inoise_total.m.xm1.m0.id = 2.179524e-12
inoise_total.m.xm1.m0.1overf = 5.577065e-13
Doing analysis at TEMP = 125.000000 and TNOM = 27.000000

Using SPARSE 1.3 as Direct Linear Solver

No. of Data Rows : 1
zm1 = 9.999998e-04
Doing analysis at TEMP = 125.000000 and TNOM = 27.000000

Using SPARSE 1.3 as Direct Linear Solver

No. of Data Rows : 2

No. of Data Rows : 1
onoise_total_rs_thermal = 4.689158e-12
onoise_total.m.xm1.m0.id = 2.179523e-15
onoise_total.m.xm1.m0.1overf = 1.536438e-16
inoise_total.m.xm1.m0.id = 2.179524e-12
inoise_total.m.xm1.m0.1overf = 1.536438e-13
Doing analysis at TEMP = 125.000000 and TNOM = 27.000000

Using SPARSE 1.3 as Direct Linear Solver

No. of Data Rows : 1
zm2 = 9.999998e-04
Doing analysis at TEMP = 125.000000 and TNOM = 27.000000

Using SPARSE 1.3 as Direct Linear Solver

No. of Data Rows : 2

No. of Data Rows : 1
onoise_total_rs_thermal = 4.689158e-12
onoise_total.m.xm1.m0.id = 2.179523e-15
onoise_total.m.xm1.m0.1overf = 4.231808e-17
inoise_total.m.xm1.m0.id = 2.179524e-12
inoise_total.m.xm1.m0.1overf = 4.231809e-14
Doing analysis at TEMP = 125.000000 and TNOM = 27.000000

Using SPARSE 1.3 as Direct Linear Solver

No. of Data Rows : 1
zm3 = 9.999998e-04
Doing analysis at TEMP = 125.000000 and TNOM = 27.000000

Using SPARSE 1.3 as Direct Linear Solver

No. of Data Rows : 2

No. of Data Rows : 1
onoise_total_rs_thermal = 4.689158e-12
onoise_total.m.xm1.m0.id = 2.179523e-15
onoise_total.m.xm1.m0.1overf = 1.165540e-17
inoise_total.m.xm1.m0.id = 2.179524e-12
inoise_total.m.xm1.m0.1overf = 1.165540e-14
Doing analysis at TEMP = 125.000000 and TNOM = 27.000000

Using SPARSE 1.3 as Direct Linear Solver

No. of Data Rows : 1
zm4 = 9.999998e-04
Doing analysis at TEMP = 125.000000 and TNOM = 27.000000

Using SPARSE 1.3 as Direct Linear Solver

No. of Data Rows : 2

No. of Data Rows : 1
onoise_total_rs_thermal = 4.689158e-12
onoise_total.m.xm1.m0.id = 2.179523e-15
onoise_total.m.xm1.m0.1overf = 3.210164e-18
inoise_total.m.xm1.m0.id = 2.179524e-12
inoise_total.m.xm1.m0.1overf = 3.210164e-15
Doing analysis at TEMP = 125.000000 and TNOM = 27.000000

Using SPARSE 1.3 as Direct Linear Solver

No. of Data Rows : 1
zm5 = 9.999998e-04
Doing analysis at TEMP = 125.000000 and TNOM = 27.000000

Using SPARSE 1.3 as Direct Linear Solver

No. of Data Rows : 2

No. of Data Rows : 1
onoise_total_rs_thermal = 4.689158e-12
onoise_total.m.xm1.m0.id = 2.179523e-15
onoise_total.m.xm1.m0.1overf = 8.841524e-19
inoise_total.m.xm1.m0.id = 2.179524e-12
inoise_total.m.xm1.m0.1overf = 8.841526e-16
Doing analysis at TEMP = 125.000000 and TNOM = 27.000000

Using SPARSE 1.3 as Direct Linear Solver

No. of Data Rows : 1
zm6 = 9.999998e-04
Doing analysis at TEMP = 125.000000 and TNOM = 27.000000

Using SPARSE 1.3 as Direct Linear Solver

No. of Data Rows : 2

No. of Data Rows : 1
onoise_total_rs_thermal = 4.689158e-12
onoise_total.m.xm1.m0.id = 2.179523e-15
onoise_total.m.xm1.m0.1overf = 4.779025e-19
inoise_total.m.xm1.m0.id = 2.179524e-12
inoise_total.m.xm1.m0.1overf = 4.779026e-16
Note: Simulation executed from .control section 

======================================================================
=== sid_ss_125c_2.97v_xmph_p0458_pass1
======================================================================
.temp 125
vg g 0 dc -1.178881030000e+00
vb b 0 dc -1.300925720000e-06
vd dd 0 dc 4.673982770000e-02
rs dd d 1.00000000e-03
--- ngspice output ---

Note: No compatibility mode selected!


Circuit: * gf180-pll :: period-jitter :: s_id along the trajectory -- generated.

Doing analysis at TEMP = 125.000000 and TNOM = 27.000000

Using SPARSE 1.3 as Direct Linear Solver

No. of Data Rows : 1
@m.xm1.m0[vgs] = 1.178882e+00
@m.xm1.m0[vds] = -4.67372e-02
@m.xm1.m0[vbs] = 2.624639e-06
@m.xm1.m0[id] = 1.050566e-05
@m.xm1.m0[gm] = 2.357494e-05
@m.xm1.m0[gds] = 2.105069e-04
v(d) = 4.673982e-02
Doing analysis at TEMP = 125.000000 and TNOM = 27.000000

Using SPARSE 1.3 as Direct Linear Solver

No. of Data Rows : 1
zm0 = 9.999998e-04
Doing analysis at TEMP = 125.000000 and TNOM = 27.000000

Using SPARSE 1.3 as Direct Linear Solver

No. of Data Rows : 2

No. of Data Rows : 1
onoise_total_rs_thermal = 4.689157e-12
onoise_total.m.xm1.m0.id = 2.259802e-15
onoise_total.m.xm1.m0.1overf = 5.149776e-15
inoise_total.m.xm1.m0.id = 2.259802e-12
inoise_total.m.xm1.m0.1overf = 5.149777e-12
Doing analysis at TEMP = 125.000000 and TNOM = 27.000000

Using SPARSE 1.3 as Direct Linear Solver

No. of Data Rows : 1
zm1 = 9.999998e-04
Doing analysis at TEMP = 125.000000 and TNOM = 27.000000

Using SPARSE 1.3 as Direct Linear Solver

No. of Data Rows : 2

No. of Data Rows : 1
onoise_total_rs_thermal = 4.689157e-12
onoise_total.m.xm1.m0.id = 2.259802e-15
onoise_total.m.xm1.m0.1overf = 1.418723e-15
inoise_total.m.xm1.m0.id = 2.259802e-12
inoise_total.m.xm1.m0.1overf = 1.418724e-12
Doing analysis at TEMP = 125.000000 and TNOM = 27.000000

Using SPARSE 1.3 as Direct Linear Solver

No. of Data Rows : 1
zm2 = 9.999998e-04
Doing analysis at TEMP = 125.000000 and TNOM = 27.000000

Using SPARSE 1.3 as Direct Linear Solver

No. of Data Rows : 2

No. of Data Rows : 1
onoise_total_rs_thermal = 4.689157e-12
onoise_total.m.xm1.m0.id = 2.259802e-15
onoise_total.m.xm1.m0.1overf = 3.907587e-16
inoise_total.m.xm1.m0.id = 2.259802e-12
inoise_total.m.xm1.m0.1overf = 3.907588e-13
Doing analysis at TEMP = 125.000000 and TNOM = 27.000000

Using SPARSE 1.3 as Direct Linear Solver

No. of Data Rows : 1
zm3 = 9.999998e-04
Doing analysis at TEMP = 125.000000 and TNOM = 27.000000

Using SPARSE 1.3 as Direct Linear Solver

No. of Data Rows : 2

No. of Data Rows : 1
onoise_total_rs_thermal = 4.689157e-12
onoise_total.m.xm1.m0.id = 2.259802e-15
onoise_total.m.xm1.m0.1overf = 1.076242e-16
inoise_total.m.xm1.m0.id = 2.259802e-12
inoise_total.m.xm1.m0.1overf = 1.076242e-13
Doing analysis at TEMP = 125.000000 and TNOM = 27.000000

Using SPARSE 1.3 as Direct Linear Solver

No. of Data Rows : 1
zm4 = 9.999998e-04
Doing analysis at TEMP = 125.000000 and TNOM = 27.000000

Using SPARSE 1.3 as Direct Linear Solver

No. of Data Rows : 2

No. of Data Rows : 1
onoise_total_rs_thermal = 4.689157e-12
onoise_total.m.xm1.m0.id = 2.259802e-15
onoise_total.m.xm1.m0.1overf = 2.964216e-17
inoise_total.m.xm1.m0.id = 2.259802e-12
inoise_total.m.xm1.m0.1overf = 2.964217e-14
Doing analysis at TEMP = 125.000000 and TNOM = 27.000000

Using SPARSE 1.3 as Direct Linear Solver

No. of Data Rows : 1
zm5 = 9.999998e-04
Doing analysis at TEMP = 125.000000 and TNOM = 27.000000

Using SPARSE 1.3 as Direct Linear Solver

No. of Data Rows : 2

No. of Data Rows : 1
onoise_total_rs_thermal = 4.689157e-12
onoise_total.m.xm1.m0.id = 2.259802e-15
onoise_total.m.xm1.m0.1overf = 8.164128e-18
inoise_total.m.xm1.m0.id = 2.259802e-12
inoise_total.m.xm1.m0.1overf = 8.164130e-15
Doing analysis at TEMP = 125.000000 and TNOM = 27.000000

Using SPARSE 1.3 as Direct Linear Solver

No. of Data Rows : 1
zm6 = 9.999998e-04
Doing analysis at TEMP = 125.000000 and TNOM = 27.000000

Using SPARSE 1.3 as Direct Linear Solver

No. of Data Rows : 2

No. of Data Rows : 1
onoise_total_rs_thermal = 4.689157e-12
onoise_total.m.xm1.m0.id = 2.259802e-15
onoise_total.m.xm1.m0.1overf = 4.412879e-18
inoise_total.m.xm1.m0.id = 2.259802e-12
inoise_total.m.xm1.m0.1overf = 4.412880e-15
Note: Simulation executed from .control section 

======================================================================
=== sid_ss_125c_2.97v_xmph_p0458
======================================================================
.temp 125
vg g 0 dc -1.178880060000e+00
vb b 0 dc 2.278756000000e-08
vd dd 0 dc 4.674245540000e-02
rs dd d 1.00000000e-03
--- ngspice output ---

Note: No compatibility mode selected!


Circuit: * gf180-pll :: period-jitter :: s_id along the trajectory -- generated.

Doing analysis at TEMP = 125.000000 and TNOM = 27.000000

Using SPARSE 1.3 as Direct Linear Solver

No. of Data Rows : 1
@m.xm1.m0[vgs] = 1.178881e+00
@m.xm1.m0[vds] = -4.67398e-02
@m.xm1.m0[vbs] = 1.301003e-06
@m.xm1.m0[id] = 1.050627e-05
@m.xm1.m0[gm] = 2.357624e-05
@m.xm1.m0[gds] = 2.105065e-04
v(d) = 4.674244e-02
Doing analysis at TEMP = 125.000000 and TNOM = 27.000000

Using SPARSE 1.3 as Direct Linear Solver

No. of Data Rows : 1
zm0 = 9.999998e-04
Doing analysis at TEMP = 125.000000 and TNOM = 27.000000

Using SPARSE 1.3 as Direct Linear Solver

No. of Data Rows : 2

No. of Data Rows : 1
onoise_total_rs_thermal = 4.689157e-12
onoise_total.m.xm1.m0.id = 2.259803e-15
onoise_total.m.xm1.m0.1overf = 5.150072e-15
inoise_total.m.xm1.m0.id = 2.259803e-12
inoise_total.m.xm1.m0.1overf = 5.150074e-12
Doing analysis at TEMP = 125.000000 and TNOM = 27.000000

Using SPARSE 1.3 as Direct Linear Solver

No. of Data Rows : 1
zm1 = 9.999998e-04
Doing analysis at TEMP = 125.000000 and TNOM = 27.000000

Using SPARSE 1.3 as Direct Linear Solver

No. of Data Rows : 2

No. of Data Rows : 1
onoise_total_rs_thermal = 4.689157e-12
onoise_total.m.xm1.m0.id = 2.259803e-15
onoise_total.m.xm1.m0.1overf = 1.418805e-15
inoise_total.m.xm1.m0.id = 2.259803e-12
inoise_total.m.xm1.m0.1overf = 1.418805e-12
Doing analysis at TEMP = 125.000000 and TNOM = 27.000000

Using SPARSE 1.3 as Direct Linear Solver

No. of Data Rows : 1
zm2 = 9.999998e-04
Doing analysis at TEMP = 125.000000 and TNOM = 27.000000

Using SPARSE 1.3 as Direct Linear Solver

No. of Data Rows : 2

No. of Data Rows : 1
onoise_total_rs_thermal = 4.689157e-12
onoise_total.m.xm1.m0.id = 2.259803e-15
onoise_total.m.xm1.m0.1overf = 3.907812e-16
inoise_total.m.xm1.m0.id = 2.259803e-12
inoise_total.m.xm1.m0.1overf = 3.907813e-13
Doing analysis at TEMP = 125.000000 and TNOM = 27.000000

Using SPARSE 1.3 as Direct Linear Solver

No. of Data Rows : 1
zm3 = 9.999998e-04
Doing analysis at TEMP = 125.000000 and TNOM = 27.000000

Using SPARSE 1.3 as Direct Linear Solver

No. of Data Rows : 2

No. of Data Rows : 1
onoise_total_rs_thermal = 4.689157e-12
onoise_total.m.xm1.m0.id = 2.259803e-15
onoise_total.m.xm1.m0.1overf = 1.076303e-16
inoise_total.m.xm1.m0.id = 2.259803e-12
inoise_total.m.xm1.m0.1overf = 1.076304e-13
Doing analysis at TEMP = 125.000000 and TNOM = 27.000000

Using SPARSE 1.3 as Direct Linear Solver

No. of Data Rows : 1
zm4 = 9.999998e-04
Doing analysis at TEMP = 125.000000 and TNOM = 27.000000

Using SPARSE 1.3 as Direct Linear Solver

No. of Data Rows : 2

No. of Data Rows : 1
onoise_total_rs_thermal = 4.689157e-12
onoise_total.m.xm1.m0.id = 2.259803e-15
onoise_total.m.xm1.m0.1overf = 2.964387e-17
inoise_total.m.xm1.m0.id = 2.259803e-12
inoise_total.m.xm1.m0.1overf = 2.964387e-14
Doing analysis at TEMP = 125.000000 and TNOM = 27.000000

Using SPARSE 1.3 as Direct Linear Solver

No. of Data Rows : 1
zm5 = 9.999998e-04
Doing analysis at TEMP = 125.000000 and TNOM = 27.000000

Using SPARSE 1.3 as Direct Linear Solver

No. of Data Rows : 2

No. of Data Rows : 1
onoise_total_rs_thermal = 4.689157e-12
onoise_total.m.xm1.m0.id = 2.259803e-15
onoise_total.m.xm1.m0.1overf = 8.164598e-18
inoise_total.m.xm1.m0.id = 2.259803e-12
inoise_total.m.xm1.m0.1overf = 8.164600e-15
Doing analysis at TEMP = 125.000000 and TNOM = 27.000000

Using SPARSE 1.3 as Direct Linear Solver

No. of Data Rows : 1
zm6 = 9.999998e-04
Doing analysis at TEMP = 125.000000 and TNOM = 27.000000

Using SPARSE 1.3 as Direct Linear Solver

No. of Data Rows : 2

No. of Data Rows : 1
onoise_total_rs_thermal = 4.689157e-12
onoise_total.m.xm1.m0.id = 2.259803e-15
onoise_total.m.xm1.m0.1overf = 4.413133e-18
inoise_total.m.xm1.m0.id = 2.259803e-12
inoise_total.m.xm1.m0.1overf = 4.413134e-15
Note: Simulation executed from .control section 

======================================================================
=== sid_ss_125c_2.97v_xmph_p0500_pass1
======================================================================
.temp 125
vg g 0 dc -1.180829460000e+00
vb b 0 dc 2.448229400000e-08
vd dd 0 dc -6.823757980000e-03
rs dd d 1.00000000e-03
--- ngspice output ---

Note: No compatibility mode selected!


Circuit: * gf180-pll :: period-jitter :: s_id along the trajectory -- generated.

Doing analysis at TEMP = 125.000000 and TNOM = 27.000000

Using SPARSE 1.3 as Direct Linear Solver

No. of Data Rows : 1
@m.xm1.m0[vgs] = 1.180829e+00
@m.xm1.m0[vds] = 6.823411e-03
@m.xm1.m0[vbs] = -1.97390e-07
@m.xm1.m0[id] = 1.372281e-06
@m.xm1.m0[gm] = 3.500089e-06
@m.xm1.m0[gds] = 1.990829e-04
v(d) = -6.82376e-03
Doing analysis at TEMP = 125.000000 and TNOM = 27.000000

Using SPARSE 1.3 as Direct Linear Solver

No. of Data Rows : 1
zm0 = 9.999998e-04
Doing analysis at TEMP = 125.000000 and TNOM = 27.000000

Using SPARSE 1.3 as Direct Linear Solver

No. of Data Rows : 2

No. of Data Rows : 1
onoise_total_rs_thermal = 4.689158e-12
onoise_total.m.xm1.m0.id = 2.158633e-15
onoise_total.m.xm1.m0.1overf = 6.976728e-16
inoise_total.m.xm1.m0.id = 2.158634e-12
inoise_total.m.xm1.m0.1overf = 6.976729e-13
Doing analysis at TEMP = 125.000000 and TNOM = 27.000000

Using SPARSE 1.3 as Direct Linear Solver

No. of Data Rows : 1
zm1 = 9.999998e-04
Doing analysis at TEMP = 125.000000 and TNOM = 27.000000

Using SPARSE 1.3 as Direct Linear Solver

No. of Data Rows : 2

No. of Data Rows : 1
onoise_total_rs_thermal = 4.689158e-12
onoise_total.m.xm1.m0.id = 2.158633e-15
onoise_total.m.xm1.m0.1overf = 1.922034e-16
inoise_total.m.xm1.m0.id = 2.158634e-12
inoise_total.m.xm1.m0.1overf = 1.922035e-13
Doing analysis at TEMP = 125.000000 and TNOM = 27.000000

Using SPARSE 1.3 as Direct Linear Solver

No. of Data Rows : 1
zm2 = 9.999998e-04
Doing analysis at TEMP = 125.000000 and TNOM = 27.000000

Using SPARSE 1.3 as Direct Linear Solver

No. of Data Rows : 2

No. of Data Rows : 1
onoise_total_rs_thermal = 4.689158e-12
onoise_total.m.xm1.m0.id = 2.158633e-15
onoise_total.m.xm1.m0.1overf = 5.293856e-17
inoise_total.m.xm1.m0.id = 2.158634e-12
inoise_total.m.xm1.m0.1overf = 5.293857e-14
Doing analysis at TEMP = 125.000000 and TNOM = 27.000000

Using SPARSE 1.3 as Direct Linear Solver

No. of Data Rows : 1
zm3 = 9.999998e-04
Doing analysis at TEMP = 125.000000 and TNOM = 27.000000

Using SPARSE 1.3 as Direct Linear Solver

No. of Data Rows : 2

No. of Data Rows : 1
onoise_total_rs_thermal = 4.689158e-12
onoise_total.m.xm1.m0.id = 2.158633e-15
onoise_total.m.xm1.m0.1overf = 1.458053e-17
inoise_total.m.xm1.m0.id = 2.158634e-12
inoise_total.m.xm1.m0.1overf = 1.458053e-14
Doing analysis at TEMP = 125.000000 and TNOM = 27.000000

Using SPARSE 1.3 as Direct Linear Solver

No. of Data Rows : 1
zm4 = 9.999998e-04
Doing analysis at TEMP = 125.000000 and TNOM = 27.000000

Using SPARSE 1.3 as Direct Linear Solver

No. of Data Rows : 2

No. of Data Rows : 1
onoise_total_rs_thermal = 4.689158e-12
onoise_total.m.xm1.m0.id = 2.158633e-15
onoise_total.m.xm1.m0.1overf = 4.015811e-18
inoise_total.m.xm1.m0.id = 2.158634e-12
inoise_total.m.xm1.m0.1overf = 4.015812e-15
Doing analysis at TEMP = 125.000000 and TNOM = 27.000000

Using SPARSE 1.3 as Direct Linear Solver

No. of Data Rows : 1
zm5 = 9.999998e-04
Doing analysis at TEMP = 125.000000 and TNOM = 27.000000

Using SPARSE 1.3 as Direct Linear Solver

No. of Data Rows : 2

No. of Data Rows : 1
onoise_total_rs_thermal = 4.689158e-12
onoise_total.m.xm1.m0.id = 2.158633e-15
onoise_total.m.xm1.m0.1overf = 1.106046e-18
inoise_total.m.xm1.m0.id = 2.158634e-12
inoise_total.m.xm1.m0.1overf = 1.106046e-15
Doing analysis at TEMP = 125.000000 and TNOM = 27.000000

Using SPARSE 1.3 as Direct Linear Solver

No. of Data Rows : 1
zm6 = 9.999998e-04
Doing analysis at TEMP = 125.000000 and TNOM = 27.000000

Using SPARSE 1.3 as Direct Linear Solver

No. of Data Rows : 2

No. of Data Rows : 1
onoise_total_rs_thermal = 4.689158e-12
onoise_total.m.xm1.m0.id = 2.158633e-15
onoise_total.m.xm1.m0.1overf = 5.978407e-19
inoise_total.m.xm1.m0.id = 2.158634e-12
inoise_total.m.xm1.m0.1overf = 5.978408e-16
Note: Simulation executed from .control section 

======================================================================
=== sid_ss_125c_2.97v_xmph_p0500
======================================================================
.temp 125
vg g 0 dc -1.180829920000e+00
vb b 0 dc -1.484254120000e-07
vd dd 0 dc -6.824104960000e-03
rs dd d 1.00000000e-03
--- ngspice output ---

Note: No compatibility mode selected!


Circuit: * gf180-pll :: period-jitter :: s_id along the trajectory -- generated.

Doing analysis at TEMP = 125.000000 and TNOM = 27.000000

Using SPARSE 1.3 as Direct Linear Solver

No. of Data Rows : 1
@m.xm1.m0[vgs] = 1.180830e+00
@m.xm1.m0[vds] = 6.823758e-03
@m.xm1.m0[vbs] = -2.44909e-08
@m.xm1.m0[id] = 1.372352e-06
@m.xm1.m0[gm] = 3.500266e-06
@m.xm1.m0[gds] = 1.990830e-04
v(d) = -6.82410e-03
Doing analysis at TEMP = 125.000000 and TNOM = 27.000000

Using SPARSE 1.3 as Direct Linear Solver

No. of Data Rows : 1
zm0 = 9.999998e-04
Doing analysis at TEMP = 125.000000 and TNOM = 27.000000

Using SPARSE 1.3 as Direct Linear Solver

No. of Data Rows : 2

No. of Data Rows : 1
onoise_total_rs_thermal = 4.689158e-12
onoise_total.m.xm1.m0.id = 2.158634e-15
onoise_total.m.xm1.m0.1overf = 6.977086e-16
inoise_total.m.xm1.m0.id = 2.158634e-12
inoise_total.m.xm1.m0.1overf = 6.977088e-13
Doing analysis at TEMP = 125.000000 and TNOM = 27.000000

Using SPARSE 1.3 as Direct Linear Solver

No. of Data Rows : 1
zm1 = 9.999998e-04
Doing analysis at TEMP = 125.000000 and TNOM = 27.000000

Using SPARSE 1.3 as Direct Linear Solver

No. of Data Rows : 2

No. of Data Rows : 1
onoise_total_rs_thermal = 4.689158e-12
onoise_total.m.xm1.m0.id = 2.158634e-15
onoise_total.m.xm1.m0.1overf = 1.922133e-16
inoise_total.m.xm1.m0.id = 2.158634e-12
inoise_total.m.xm1.m0.1overf = 1.922134e-13
Doing analysis at TEMP = 125.000000 and TNOM = 27.000000

Using SPARSE 1.3 as Direct Linear Solver

No. of Data Rows : 1
zm2 = 9.999998e-04
Doing analysis at TEMP = 125.000000 and TNOM = 27.000000

Using SPARSE 1.3 as Direct Linear Solver

No. of Data Rows : 2

No. of Data Rows : 1
onoise_total_rs_thermal = 4.689158e-12
onoise_total.m.xm1.m0.id = 2.158634e-15
onoise_total.m.xm1.m0.1overf = 5.294128e-17
inoise_total.m.xm1.m0.id = 2.158634e-12
inoise_total.m.xm1.m0.1overf = 5.294129e-14
Doing analysis at TEMP = 125.000000 and TNOM = 27.000000

Using SPARSE 1.3 as Direct Linear Solver

No. of Data Rows : 1
zm3 = 9.999998e-04
Doing analysis at TEMP = 125.000000 and TNOM = 27.000000

Using SPARSE 1.3 as Direct Linear Solver

No. of Data Rows : 2

No. of Data Rows : 1
onoise_total_rs_thermal = 4.689158e-12
onoise_total.m.xm1.m0.id = 2.158634e-15
onoise_total.m.xm1.m0.1overf = 1.458128e-17
inoise_total.m.xm1.m0.id = 2.158634e-12
inoise_total.m.xm1.m0.1overf = 1.458128e-14
Doing analysis at TEMP = 125.000000 and TNOM = 27.000000

Using SPARSE 1.3 as Direct Linear Solver

No. of Data Rows : 1
zm4 = 9.999998e-04
Doing analysis at TEMP = 125.000000 and TNOM = 27.000000

Using SPARSE 1.3 as Direct Linear Solver

No. of Data Rows : 2

No. of Data Rows : 1
onoise_total_rs_thermal = 4.689158e-12
onoise_total.m.xm1.m0.id = 2.158634e-15
onoise_total.m.xm1.m0.1overf = 4.016018e-18
inoise_total.m.xm1.m0.id = 2.158634e-12
inoise_total.m.xm1.m0.1overf = 4.016019e-15
Doing analysis at TEMP = 125.000000 and TNOM = 27.000000

Using SPARSE 1.3 as Direct Linear Solver

No. of Data Rows : 1
zm5 = 9.999998e-04
Doing analysis at TEMP = 125.000000 and TNOM = 27.000000

Using SPARSE 1.3 as Direct Linear Solver

No. of Data Rows : 2

No. of Data Rows : 1
onoise_total_rs_thermal = 4.689158e-12
onoise_total.m.xm1.m0.id = 2.158634e-15
onoise_total.m.xm1.m0.1overf = 1.106103e-18
inoise_total.m.xm1.m0.id = 2.158634e-12
inoise_total.m.xm1.m0.1overf = 1.106103e-15
Doing analysis at TEMP = 125.000000 and TNOM = 27.000000

Using SPARSE 1.3 as Direct Linear Solver

No. of Data Rows : 1
zm6 = 9.999998e-04
Doing analysis at TEMP = 125.000000 and TNOM = 27.000000

Using SPARSE 1.3 as Direct Linear Solver

No. of Data Rows : 2

No. of Data Rows : 1
onoise_total_rs_thermal = 4.689158e-12
onoise_total.m.xm1.m0.id = 2.158634e-15
onoise_total.m.xm1.m0.1overf = 5.978714e-19
inoise_total.m.xm1.m0.id = 2.158634e-12
inoise_total.m.xm1.m0.1overf = 5.978715e-16
Note: Simulation executed from .control section 

======================================================================
=== sid_ss_125c_2.97v_xmph_p0542_pass1
======================================================================
.temp 125
vg g 0 dc -1.180522450000e+00
vb b 0 dc 1.765517050000e-06
vd dd 0 dc -8.407286150000e-02
rs dd d 1.00000000e-03
--- ngspice output ---

Note: No compatibility mode selected!


Circuit: * gf180-pll :: period-jitter :: s_id along the trajectory -- generated.

Doing analysis at TEMP = 125.000000 and TNOM = 27.000000

Using SPARSE 1.3 as Direct Linear Solver

No. of Data Rows : 1
@m.xm1.m0[vgs] = 1.180521e+00
@m.xm1.m0[vds] = 8.406907e-02
@m.xm1.m0[vbs] = -3.65225e-06
@m.xm1.m0[id] = 1.497408e-05
@m.xm1.m0[gm] = 4.250038e-05
@m.xm1.m0[gds] = 1.534286e-04
v(d) = -8.40728e-02
Doing analysis at TEMP = 125.000000 and TNOM = 27.000000

Using SPARSE 1.3 as Direct Linear Solver

No. of Data Rows : 1
zm0 = 9.999998e-04
Doing analysis at TEMP = 125.000000 and TNOM = 27.000000

Using SPARSE 1.3 as Direct Linear Solver

No. of Data Rows : 2

No. of Data Rows : 1
onoise_total_rs_thermal = 4.689158e-12
onoise_total.m.xm1.m0.id = 1.999227e-15
onoise_total.m.xm1.m0.1overf = 8.063964e-15
inoise_total.m.xm1.m0.id = 1.999227e-12
inoise_total.m.xm1.m0.1overf = 8.063965e-12
Doing analysis at TEMP = 125.000000 and TNOM = 27.000000

Using SPARSE 1.3 as Direct Linear Solver

No. of Data Rows : 1
zm1 = 9.999998e-04
Doing analysis at TEMP = 125.000000 and TNOM = 27.000000

Using SPARSE 1.3 as Direct Linear Solver

No. of Data Rows : 2

No. of Data Rows : 1
onoise_total_rs_thermal = 4.689158e-12
onoise_total.m.xm1.m0.id = 1.999227e-15
onoise_total.m.xm1.m0.1overf = 2.221560e-15
inoise_total.m.xm1.m0.id = 1.999227e-12
inoise_total.m.xm1.m0.1overf = 2.221560e-12
Doing analysis at TEMP = 125.000000 and TNOM = 27.000000

Using SPARSE 1.3 as Direct Linear Solver

No. of Data Rows : 1
zm2 = 9.999998e-04
Doing analysis at TEMP = 125.000000 and TNOM = 27.000000

Using SPARSE 1.3 as Direct Linear Solver

No. of Data Rows : 2

No. of Data Rows : 1
onoise_total_rs_thermal = 4.689158e-12
onoise_total.m.xm1.m0.id = 1.999227e-15
onoise_total.m.xm1.m0.1overf = 6.118838e-16
inoise_total.m.xm1.m0.id = 1.999227e-12
inoise_total.m.xm1.m0.1overf = 6.118839e-13
Doing analysis at TEMP = 125.000000 and TNOM = 27.000000

Using SPARSE 1.3 as Direct Linear Solver

No. of Data Rows : 1
zm3 = 9.999998e-04
Doing analysis at TEMP = 125.000000 and TNOM = 27.000000

Using SPARSE 1.3 as Direct Linear Solver

No. of Data Rows : 2

No. of Data Rows : 1
onoise_total_rs_thermal = 4.689158e-12
onoise_total.m.xm1.m0.id = 1.999227e-15
onoise_total.m.xm1.m0.1overf = 1.685272e-16
inoise_total.m.xm1.m0.id = 1.999227e-12
inoise_total.m.xm1.m0.1overf = 1.685272e-13
Doing analysis at TEMP = 125.000000 and TNOM = 27.000000

Using SPARSE 1.3 as Direct Linear Solver

No. of Data Rows : 1
zm4 = 9.999998e-04
Doing analysis at TEMP = 125.000000 and TNOM = 27.000000

Using SPARSE 1.3 as Direct Linear Solver

No. of Data Rows : 2

No. of Data Rows : 1
onoise_total_rs_thermal = 4.689158e-12
onoise_total.m.xm1.m0.id = 1.999227e-15
onoise_total.m.xm1.m0.1overf = 4.641626e-17
inoise_total.m.xm1.m0.id = 1.999227e-12
inoise_total.m.xm1.m0.1overf = 4.641627e-14
Doing analysis at TEMP = 125.000000 and TNOM = 27.000000

Using SPARSE 1.3 as Direct Linear Solver

No. of Data Rows : 1
zm5 = 9.999998e-04
Doing analysis at TEMP = 125.000000 and TNOM = 27.000000

Using SPARSE 1.3 as Direct Linear Solver

No. of Data Rows : 2

No. of Data Rows : 1
onoise_total_rs_thermal = 4.689158e-12
onoise_total.m.xm1.m0.id = 1.999227e-15
onoise_total.m.xm1.m0.1overf = 1.278410e-17
inoise_total.m.xm1.m0.id = 1.999227e-12
inoise_total.m.xm1.m0.1overf = 1.278410e-14
Doing analysis at TEMP = 125.000000 and TNOM = 27.000000

Using SPARSE 1.3 as Direct Linear Solver

No. of Data Rows : 1
zm6 = 9.999998e-04
Doing analysis at TEMP = 125.000000 and TNOM = 27.000000

Using SPARSE 1.3 as Direct Linear Solver

No. of Data Rows : 2

No. of Data Rows : 1
onoise_total_rs_thermal = 4.689158e-12
onoise_total.m.xm1.m0.id = 1.999227e-15
onoise_total.m.xm1.m0.1overf = 6.910067e-18
inoise_total.m.xm1.m0.id = 1.999227e-12
inoise_total.m.xm1.m0.1overf = 6.910068e-15
Note: Simulation executed from .control section 

======================================================================
=== sid_ss_125c_2.97v_xmph_p0542
======================================================================
.temp 125
vg g 0 dc -1.180523900000e+00
vb b 0 dc -1.212159000000e-07
vd dd 0 dc -8.407665300000e-02
rs dd d 1.00000000e-03
--- ngspice output ---

Note: No compatibility mode selected!


Circuit: * gf180-pll :: period-jitter :: s_id along the trajectory -- generated.

Doing analysis at TEMP = 125.000000 and TNOM = 27.000000

Using SPARSE 1.3 as Direct Linear Solver

No. of Data Rows : 1
@m.xm1.m0[vgs] = 1.180522e+00
@m.xm1.m0[vds] = 8.407286e-02
@m.xm1.m0[vbs] = -1.76560e-06
@m.xm1.m0[id] = 1.497476e-05
@m.xm1.m0[gm] = 4.250226e-05
@m.xm1.m0[gds] = 1.534276e-04
v(d) = -8.40766e-02
Doing analysis at TEMP = 125.000000 and TNOM = 27.000000

Using SPARSE 1.3 as Direct Linear Solver

No. of Data Rows : 1
zm0 = 9.999998e-04
Doing analysis at TEMP = 125.000000 and TNOM = 27.000000

Using SPARSE 1.3 as Direct Linear Solver

No. of Data Rows : 2

No. of Data Rows : 1
onoise_total_rs_thermal = 4.689158e-12
onoise_total.m.xm1.m0.id = 1.999227e-15
onoise_total.m.xm1.m0.1overf = 8.064335e-15
inoise_total.m.xm1.m0.id = 1.999227e-12
inoise_total.m.xm1.m0.1overf = 8.064336e-12
Doing analysis at TEMP = 125.000000 and TNOM = 27.000000

Using SPARSE 1.3 as Direct Linear Solver

No. of Data Rows : 1
zm1 = 9.999998e-04
Doing analysis at TEMP = 125.000000 and TNOM = 27.000000

Using SPARSE 1.3 as Direct Linear Solver

No. of Data Rows : 2

No. of Data Rows : 1
onoise_total_rs_thermal = 4.689158e-12
onoise_total.m.xm1.m0.id = 1.999227e-15
onoise_total.m.xm1.m0.1overf = 2.221662e-15
inoise_total.m.xm1.m0.id = 1.999227e-12
inoise_total.m.xm1.m0.1overf = 2.221662e-12
Doing analysis at TEMP = 125.000000 and TNOM = 27.000000

Using SPARSE 1.3 as Direct Linear Solver

No. of Data Rows : 1
zm2 = 9.999998e-04
Doing analysis at TEMP = 125.000000 and TNOM = 27.000000

Using SPARSE 1.3 as Direct Linear Solver

No. of Data Rows : 2

No. of Data Rows : 1
onoise_total_rs_thermal = 4.689158e-12
onoise_total.m.xm1.m0.id = 1.999227e-15
onoise_total.m.xm1.m0.1overf = 6.119119e-16
inoise_total.m.xm1.m0.id = 1.999227e-12
inoise_total.m.xm1.m0.1overf = 6.119120e-13
Doing analysis at TEMP = 125.000000 and TNOM = 27.000000

Using SPARSE 1.3 as Direct Linear Solver

No. of Data Rows : 1
zm3 = 9.999998e-04
Doing analysis at TEMP = 125.000000 and TNOM = 27.000000

Using SPARSE 1.3 as Direct Linear Solver

No. of Data Rows : 2

No. of Data Rows : 1
onoise_total_rs_thermal = 4.689158e-12
onoise_total.m.xm1.m0.id = 1.999227e-15
onoise_total.m.xm1.m0.1overf = 1.685350e-16
inoise_total.m.xm1.m0.id = 1.999227e-12
inoise_total.m.xm1.m0.1overf = 1.685350e-13
Doing analysis at TEMP = 125.000000 and TNOM = 27.000000

Using SPARSE 1.3 as Direct Linear Solver

No. of Data Rows : 1
zm4 = 9.999998e-04
Doing analysis at TEMP = 125.000000 and TNOM = 27.000000

Using SPARSE 1.3 as Direct Linear Solver

No. of Data Rows : 2

No. of Data Rows : 1
onoise_total_rs_thermal = 4.689158e-12
onoise_total.m.xm1.m0.id = 1.999227e-15
onoise_total.m.xm1.m0.1overf = 4.641839e-17
inoise_total.m.xm1.m0.id = 1.999227e-12
inoise_total.m.xm1.m0.1overf = 4.641840e-14
Doing analysis at TEMP = 125.000000 and TNOM = 27.000000

Using SPARSE 1.3 as Direct Linear Solver

No. of Data Rows : 1
zm5 = 9.999998e-04
Doing analysis at TEMP = 125.000000 and TNOM = 27.000000

Using SPARSE 1.3 as Direct Linear Solver

No. of Data Rows : 2

No. of Data Rows : 1
onoise_total_rs_thermal = 4.689158e-12
onoise_total.m.xm1.m0.id = 1.999227e-15
onoise_total.m.xm1.m0.1overf = 1.278469e-17
inoise_total.m.xm1.m0.id = 1.999227e-12
inoise_total.m.xm1.m0.1overf = 1.278469e-14
Doing analysis at TEMP = 125.000000 and TNOM = 27.000000

Using SPARSE 1.3 as Direct Linear Solver

No. of Data Rows : 1
zm6 = 9.999998e-04
Doing analysis at TEMP = 125.000000 and TNOM = 27.000000

Using SPARSE 1.3 as Direct Linear Solver

No. of Data Rows : 2

No. of Data Rows : 1
onoise_total_rs_thermal = 4.689158e-12
onoise_total.m.xm1.m0.id = 1.999227e-15
onoise_total.m.xm1.m0.1overf = 6.910385e-18
inoise_total.m.xm1.m0.id = 1.999227e-12
inoise_total.m.xm1.m0.1overf = 6.910386e-15
Note: Simulation executed from .control section 

======================================================================
=== sid_ss_125c_2.97v_xmph_p0583_pass1
======================================================================
.temp 125
vg g 0 dc -1.172846520000e+00
vb b 0 dc 1.211152950000e-06
vd dd 0 dc -4.796883240000e-02
rs dd d 1.00000000e-03
--- ngspice output ---

Note: No compatibility mode selected!


Circuit: * gf180-pll :: period-jitter :: s_id along the trajectory -- generated.

Doing analysis at TEMP = 125.000000 and TNOM = 27.000000

Using SPARSE 1.3 as Direct Linear Solver

No. of Data Rows : 1
@m.xm1.m0[vgs] = 1.172845e+00
@m.xm1.m0[vds] = 4.796659e-02
@m.xm1.m0[vbs] = -2.32831e-06
@m.xm1.m0[id] = 8.866291e-06
@m.xm1.m0[gm] = 2.445140e-05
@m.xm1.m0[gds] = 1.707032e-04
v(d) = -4.79688e-02
Doing analysis at TEMP = 125.000000 and TNOM = 27.000000

Using SPARSE 1.3 as Direct Linear Solver

No. of Data Rows : 1
zm0 = 9.999998e-04
Doing analysis at TEMP = 125.000000 and TNOM = 27.000000

Using SPARSE 1.3 as Direct Linear Solver

No. of Data Rows : 2

No. of Data Rows : 1
onoise_total_rs_thermal = 4.689158e-12
onoise_total.m.xm1.m0.id = 2.048645e-15
onoise_total.m.xm1.m0.1overf = 4.682929e-15
inoise_total.m.xm1.m0.id = 2.048645e-12
inoise_total.m.xm1.m0.1overf = 4.682930e-12
Doing analysis at TEMP = 125.000000 and TNOM = 27.000000

Using SPARSE 1.3 as Direct Linear Solver

No. of Data Rows : 1
zm1 = 9.999998e-04
Doing analysis at TEMP = 125.000000 and TNOM = 27.000000

Using SPARSE 1.3 as Direct Linear Solver

No. of Data Rows : 2

No. of Data Rows : 1
onoise_total_rs_thermal = 4.689158e-12
onoise_total.m.xm1.m0.id = 2.048645e-15
onoise_total.m.xm1.m0.1overf = 1.290111e-15
inoise_total.m.xm1.m0.id = 2.048645e-12
inoise_total.m.xm1.m0.1overf = 1.290111e-12
Doing analysis at TEMP = 125.000000 and TNOM = 27.000000

Using SPARSE 1.3 as Direct Linear Solver

No. of Data Rows : 1
zm2 = 9.999998e-04
Doing analysis at TEMP = 125.000000 and TNOM = 27.000000

Using SPARSE 1.3 as Direct Linear Solver

No. of Data Rows : 2

No. of Data Rows : 1
onoise_total_rs_thermal = 4.689158e-12
onoise_total.m.xm1.m0.id = 2.048645e-15
onoise_total.m.xm1.m0.1overf = 3.553350e-16
inoise_total.m.xm1.m0.id = 2.048645e-12
inoise_total.m.xm1.m0.1overf = 3.553350e-13
Doing analysis at TEMP = 125.000000 and TNOM = 27.000000

Using SPARSE 1.3 as Direct Linear Solver

No. of Data Rows : 1
zm3 = 9.999998e-04
Doing analysis at TEMP = 125.000000 and TNOM = 27.000000

Using SPARSE 1.3 as Direct Linear Solver

No. of Data Rows : 2

No. of Data Rows : 1
onoise_total_rs_thermal = 4.689158e-12
onoise_total.m.xm1.m0.id = 2.048645e-15
onoise_total.m.xm1.m0.1overf = 9.786762e-17
inoise_total.m.xm1.m0.id = 2.048645e-12
inoise_total.m.xm1.m0.1overf = 9.786764e-14
Doing analysis at TEMP = 125.000000 and TNOM = 27.000000

Using SPARSE 1.3 as Direct Linear Solver

No. of Data Rows : 1
zm4 = 9.999998e-04
Doing analysis at TEMP = 125.000000 and TNOM = 27.000000

Using SPARSE 1.3 as Direct Linear Solver

No. of Data Rows : 2

No. of Data Rows : 1
onoise_total_rs_thermal = 4.689158e-12
onoise_total.m.xm1.m0.id = 2.048645e-15
onoise_total.m.xm1.m0.1overf = 2.695499e-17
inoise_total.m.xm1.m0.id = 2.048645e-12
inoise_total.m.xm1.m0.1overf = 2.695499e-14
Doing analysis at TEMP = 125.000000 and TNOM = 27.000000

Using SPARSE 1.3 as Direct Linear Solver

No. of Data Rows : 1
zm5 = 9.999998e-04
Doing analysis at TEMP = 125.000000 and TNOM = 27.000000

Using SPARSE 1.3 as Direct Linear Solver

No. of Data Rows : 2

No. of Data Rows : 1
onoise_total_rs_thermal = 4.689158e-12
onoise_total.m.xm1.m0.id = 2.048645e-15
onoise_total.m.xm1.m0.1overf = 7.424019e-18
inoise_total.m.xm1.m0.id = 2.048645e-12
inoise_total.m.xm1.m0.1overf = 7.424021e-15
Doing analysis at TEMP = 125.000000 and TNOM = 27.000000

Using SPARSE 1.3 as Direct Linear Solver

No. of Data Rows : 1
zm6 = 9.999998e-04
Doing analysis at TEMP = 125.000000 and TNOM = 27.000000

Using SPARSE 1.3 as Direct Linear Solver

No. of Data Rows : 2

No. of Data Rows : 1
onoise_total_rs_thermal = 4.689158e-12
onoise_total.m.xm1.m0.id = 2.048645e-15
onoise_total.m.xm1.m0.1overf = 4.012835e-18
inoise_total.m.xm1.m0.id = 2.048645e-12
inoise_total.m.xm1.m0.1overf = 4.012835e-15
Note: Simulation executed from .control section 

======================================================================
=== sid_ss_125c_2.97v_xmph_p0583
======================================================================
.temp 125
vg g 0 dc -1.172848040000e+00
vb b 0 dc 9.399590000000e-08
vd dd 0 dc -4.797107480000e-02
rs dd d 1.00000000e-03
--- ngspice output ---

Note: No compatibility mode selected!


Circuit: * gf180-pll :: period-jitter :: s_id along the trajectory -- generated.

Doing analysis at TEMP = 125.000000 and TNOM = 27.000000

Using SPARSE 1.3 as Direct Linear Solver

No. of Data Rows : 1
@m.xm1.m0[vgs] = 1.172847e+00
@m.xm1.m0[vds] = 4.796883e-02
@m.xm1.m0[vbs] = -1.21120e-06
@m.xm1.m0[id] = 8.866726e-06
@m.xm1.m0[gm] = 2.445253e-05
@m.xm1.m0[gds] = 1.707030e-04
v(d) = -4.79711e-02
Doing analysis at TEMP = 125.000000 and TNOM = 27.000000

Using SPARSE 1.3 as Direct Linear Solver

No. of Data Rows : 1
zm0 = 9.999998e-04
Doing analysis at TEMP = 125.000000 and TNOM = 27.000000

Using SPARSE 1.3 as Direct Linear Solver

No. of Data Rows : 2

No. of Data Rows : 1
onoise_total_rs_thermal = 4.689158e-12
onoise_total.m.xm1.m0.id = 2.048646e-15
onoise_total.m.xm1.m0.1overf = 4.683155e-15
inoise_total.m.xm1.m0.id = 2.048646e-12
inoise_total.m.xm1.m0.1overf = 4.683156e-12
Doing analysis at TEMP = 125.000000 and TNOM = 27.000000

Using SPARSE 1.3 as Direct Linear Solver

No. of Data Rows : 1
zm1 = 9.999998e-04
Doing analysis at TEMP = 125.000000 and TNOM = 27.000000

Using SPARSE 1.3 as Direct Linear Solver

No. of Data Rows : 2

No. of Data Rows : 1
onoise_total_rs_thermal = 4.689158e-12
onoise_total.m.xm1.m0.id = 2.048646e-15
onoise_total.m.xm1.m0.1overf = 1.290173e-15
inoise_total.m.xm1.m0.id = 2.048646e-12
inoise_total.m.xm1.m0.1overf = 1.290173e-12
Doing analysis at TEMP = 125.000000 and TNOM = 27.000000

Using SPARSE 1.3 as Direct Linear Solver

No. of Data Rows : 1
zm2 = 9.999998e-04
Doing analysis at TEMP = 125.000000 and TNOM = 27.000000

Using SPARSE 1.3 as Direct Linear Solver

No. of Data Rows : 2

No. of Data Rows : 1
onoise_total_rs_thermal = 4.689158e-12
onoise_total.m.xm1.m0.id = 2.048646e-15
onoise_total.m.xm1.m0.1overf = 3.553521e-16
inoise_total.m.xm1.m0.id = 2.048646e-12
inoise_total.m.xm1.m0.1overf = 3.553522e-13
Doing analysis at TEMP = 125.000000 and TNOM = 27.000000

Using SPARSE 1.3 as Direct Linear Solver

No. of Data Rows : 1
zm3 = 9.999998e-04
Doing analysis at TEMP = 125.000000 and TNOM = 27.000000

Using SPARSE 1.3 as Direct Linear Solver

No. of Data Rows : 2

No. of Data Rows : 1
onoise_total_rs_thermal = 4.689158e-12
onoise_total.m.xm1.m0.id = 2.048646e-15
onoise_total.m.xm1.m0.1overf = 9.787235e-17
inoise_total.m.xm1.m0.id = 2.048646e-12
inoise_total.m.xm1.m0.1overf = 9.787236e-14
Doing analysis at TEMP = 125.000000 and TNOM = 27.000000

Using SPARSE 1.3 as Direct Linear Solver

No. of Data Rows : 1
zm4 = 9.999998e-04
Doing analysis at TEMP = 125.000000 and TNOM = 27.000000

Using SPARSE 1.3 as Direct Linear Solver

No. of Data Rows : 2

No. of Data Rows : 1
onoise_total_rs_thermal = 4.689158e-12
onoise_total.m.xm1.m0.id = 2.048646e-15
onoise_total.m.xm1.m0.1overf = 2.695629e-17
inoise_total.m.xm1.m0.id = 2.048646e-12
inoise_total.m.xm1.m0.1overf = 2.695629e-14
Doing analysis at TEMP = 125.000000 and TNOM = 27.000000

Using SPARSE 1.3 as Direct Linear Solver

No. of Data Rows : 1
zm5 = 9.999998e-04
Doing analysis at TEMP = 125.000000 and TNOM = 27.000000

Using SPARSE 1.3 as Direct Linear Solver

No. of Data Rows : 2

No. of Data Rows : 1
onoise_total_rs_thermal = 4.689158e-12
onoise_total.m.xm1.m0.id = 2.048646e-15
onoise_total.m.xm1.m0.1overf = 7.424378e-18
inoise_total.m.xm1.m0.id = 2.048646e-12
inoise_total.m.xm1.m0.1overf = 7.424379e-15
Doing analysis at TEMP = 125.000000 and TNOM = 27.000000

Using SPARSE 1.3 as Direct Linear Solver

No. of Data Rows : 1
zm6 = 9.999998e-04
Doing analysis at TEMP = 125.000000 and TNOM = 27.000000

Using SPARSE 1.3 as Direct Linear Solver

No. of Data Rows : 2

No. of Data Rows : 1
onoise_total_rs_thermal = 4.689158e-12
onoise_total.m.xm1.m0.id = 2.048646e-15
onoise_total.m.xm1.m0.1overf = 4.013029e-18
inoise_total.m.xm1.m0.id = 2.048646e-12
inoise_total.m.xm1.m0.1overf = 4.013029e-15
Note: Simulation executed from .control section 

======================================================================
=== sid_ss_125c_2.97v_xmph_p0625_pass1
======================================================================
.temp 125
vg g 0 dc -1.178429480000e+00
vb b 0 dc 2.445810900000e-07
vd dd 0 dc -5.356495920000e-03
rs dd d 1.00000000e-03
--- ngspice output ---

Note: No compatibility mode selected!


Circuit: * gf180-pll :: period-jitter :: s_id along the trajectory -- generated.

Doing analysis at TEMP = 125.000000 and TNOM = 27.000000

Using SPARSE 1.3 as Direct Linear Solver

No. of Data Rows : 1
@m.xm1.m0[vgs] = 1.178429e+00
@m.xm1.m0[vds] = 5.356224e-03
@m.xm1.m0[vbs] = -3.79773e-07
@m.xm1.m0[id] = 1.072951e-06
@m.xm1.m0[gm] = 2.749773e-06
@m.xm1.m0[gds] = 1.987253e-04
v(d) = -5.35649e-03
Doing analysis at TEMP = 125.000000 and TNOM = 27.000000

Using SPARSE 1.3 as Direct Linear Solver

No. of Data Rows : 1
zm0 = 9.999998e-04
Doing analysis at TEMP = 125.000000 and TNOM = 27.000000

Using SPARSE 1.3 as Direct Linear Solver

No. of Data Rows : 2

No. of Data Rows : 1
onoise_total_rs_thermal = 4.689158e-12
onoise_total.m.xm1.m0.id = 2.155368e-15
onoise_total.m.xm1.m0.1overf = 5.462943e-16
inoise_total.m.xm1.m0.id = 2.155368e-12
inoise_total.m.xm1.m0.1overf = 5.462944e-13
Doing analysis at TEMP = 125.000000 and TNOM = 27.000000

Using SPARSE 1.3 as Direct Linear Solver

No. of Data Rows : 1
zm1 = 9.999998e-04
Doing analysis at TEMP = 125.000000 and TNOM = 27.000000

Using SPARSE 1.3 as Direct Linear Solver

No. of Data Rows : 2

No. of Data Rows : 1
onoise_total_rs_thermal = 4.689158e-12
onoise_total.m.xm1.m0.id = 2.155368e-15
onoise_total.m.xm1.m0.1overf = 1.504999e-16
inoise_total.m.xm1.m0.id = 2.155368e-12
inoise_total.m.xm1.m0.1overf = 1.504999e-13
Doing analysis at TEMP = 125.000000 and TNOM = 27.000000

Using SPARSE 1.3 as Direct Linear Solver

No. of Data Rows : 1
zm2 = 9.999998e-04
Doing analysis at TEMP = 125.000000 and TNOM = 27.000000

Using SPARSE 1.3 as Direct Linear Solver

No. of Data Rows : 2

No. of Data Rows : 1
onoise_total_rs_thermal = 4.689158e-12
onoise_total.m.xm1.m0.id = 2.155368e-15
onoise_total.m.xm1.m0.1overf = 4.145215e-17
inoise_total.m.xm1.m0.id = 2.155368e-12
inoise_total.m.xm1.m0.1overf = 4.145216e-14
Doing analysis at TEMP = 125.000000 and TNOM = 27.000000

Using SPARSE 1.3 as Direct Linear Solver

No. of Data Rows : 1
zm3 = 9.999998e-04
Doing analysis at TEMP = 125.000000 and TNOM = 27.000000

Using SPARSE 1.3 as Direct Linear Solver

No. of Data Rows : 2

No. of Data Rows : 1
onoise_total_rs_thermal = 4.689158e-12
onoise_total.m.xm1.m0.id = 2.155368e-15
onoise_total.m.xm1.m0.1overf = 1.141690e-17
inoise_total.m.xm1.m0.id = 2.155368e-12
inoise_total.m.xm1.m0.1overf = 1.141690e-14
Doing analysis at TEMP = 125.000000 and TNOM = 27.000000

Using SPARSE 1.3 as Direct Linear Solver

No. of Data Rows : 1
zm4 = 9.999998e-04
Doing analysis at TEMP = 125.000000 and TNOM = 27.000000

Using SPARSE 1.3 as Direct Linear Solver

No. of Data Rows : 2

No. of Data Rows : 1
onoise_total_rs_thermal = 4.689158e-12
onoise_total.m.xm1.m0.id = 2.155368e-15
onoise_total.m.xm1.m0.1overf = 3.144476e-18
inoise_total.m.xm1.m0.id = 2.155368e-12
inoise_total.m.xm1.m0.1overf = 3.144476e-15
Doing analysis at TEMP = 125.000000 and TNOM = 27.000000

Using SPARSE 1.3 as Direct Linear Solver

No. of Data Rows : 1
zm5 = 9.999998e-04
Doing analysis at TEMP = 125.000000 and TNOM = 27.000000

Using SPARSE 1.3 as Direct Linear Solver

No. of Data Rows : 2

No. of Data Rows : 1
onoise_total_rs_thermal = 4.689158e-12
onoise_total.m.xm1.m0.id = 2.155368e-15
onoise_total.m.xm1.m0.1overf = 8.660604e-19
inoise_total.m.xm1.m0.id = 2.155368e-12
inoise_total.m.xm1.m0.1overf = 8.660606e-16
Doing analysis at TEMP = 125.000000 and TNOM = 27.000000

Using SPARSE 1.3 as Direct Linear Solver

No. of Data Rows : 1
zm6 = 9.999998e-04
Doing analysis at TEMP = 125.000000 and TNOM = 27.000000

Using SPARSE 1.3 as Direct Linear Solver

No. of Data Rows : 2

No. of Data Rows : 1
onoise_total_rs_thermal = 4.689158e-12
onoise_total.m.xm1.m0.id = 2.155368e-15
onoise_total.m.xm1.m0.1overf = 4.681234e-19
inoise_total.m.xm1.m0.id = 2.155368e-12
inoise_total.m.xm1.m0.1overf = 4.681235e-16
Note: Simulation executed from .control section 

======================================================================
=== sid_ss_125c_2.97v_xmph_p0625
======================================================================
.temp 125
vg g 0 dc -1.178429960000e+00
vb b 0 dc 1.093891800000e-07
vd dd 0 dc -5.356767840000e-03
rs dd d 1.00000000e-03
--- ngspice output ---

Note: No compatibility mode selected!


Circuit: * gf180-pll :: period-jitter :: s_id along the trajectory -- generated.

Doing analysis at TEMP = 125.000000 and TNOM = 27.000000

Using SPARSE 1.3 as Direct Linear Solver

No. of Data Rows : 1
@m.xm1.m0[vgs] = 1.178430e+00
@m.xm1.m0[vds] = 5.356496e-03
@m.xm1.m0[vbs] = -2.44588e-07
@m.xm1.m0[id] = 1.073007e-06
@m.xm1.m0[gm] = 2.749912e-06
@m.xm1.m0[gds] = 1.987254e-04
v(d) = -5.35677e-03
Doing analysis at TEMP = 125.000000 and TNOM = 27.000000

Using SPARSE 1.3 as Direct Linear Solver

No. of Data Rows : 1
zm0 = 9.999998e-04
Doing analysis at TEMP = 125.000000 and TNOM = 27.000000

Using SPARSE 1.3 as Direct Linear Solver

No. of Data Rows : 2

No. of Data Rows : 1
onoise_total_rs_thermal = 4.689158e-12
onoise_total.m.xm1.m0.id = 2.155369e-15
onoise_total.m.xm1.m0.1overf = 5.463224e-16
inoise_total.m.xm1.m0.id = 2.155369e-12
inoise_total.m.xm1.m0.1overf = 5.463225e-13
Doing analysis at TEMP = 125.000000 and TNOM = 27.000000

Using SPARSE 1.3 as Direct Linear Solver

No. of Data Rows : 1
zm1 = 9.999998e-04
Doing analysis at TEMP = 125.000000 and TNOM = 27.000000

Using SPARSE 1.3 as Direct Linear Solver

No. of Data Rows : 2

No. of Data Rows : 1
onoise_total_rs_thermal = 4.689158e-12
onoise_total.m.xm1.m0.id = 2.155369e-15
onoise_total.m.xm1.m0.1overf = 1.505076e-16
inoise_total.m.xm1.m0.id = 2.155369e-12
inoise_total.m.xm1.m0.1overf = 1.505076e-13
Doing analysis at TEMP = 125.000000 and TNOM = 27.000000

Using SPARSE 1.3 as Direct Linear Solver

No. of Data Rows : 1
zm2 = 9.999998e-04
Doing analysis at TEMP = 125.000000 and TNOM = 27.000000

Using SPARSE 1.3 as Direct Linear Solver

No. of Data Rows : 2

No. of Data Rows : 1
onoise_total_rs_thermal = 4.689158e-12
onoise_total.m.xm1.m0.id = 2.155369e-15
onoise_total.m.xm1.m0.1overf = 4.145428e-17
inoise_total.m.xm1.m0.id = 2.155369e-12
inoise_total.m.xm1.m0.1overf = 4.145429e-14
Doing analysis at TEMP = 125.000000 and TNOM = 27.000000

Using SPARSE 1.3 as Direct Linear Solver

No. of Data Rows : 1
zm3 = 9.999998e-04
Doing analysis at TEMP = 125.000000 and TNOM = 27.000000

Using SPARSE 1.3 as Direct Linear Solver

No. of Data Rows : 2

No. of Data Rows : 1
onoise_total_rs_thermal = 4.689158e-12
onoise_total.m.xm1.m0.id = 2.155369e-15
onoise_total.m.xm1.m0.1overf = 1.141749e-17
inoise_total.m.xm1.m0.id = 2.155369e-12
inoise_total.m.xm1.m0.1overf = 1.141749e-14
Doing analysis at TEMP = 125.000000 and TNOM = 27.000000

Using SPARSE 1.3 as Direct Linear Solver

No. of Data Rows : 1
zm4 = 9.999998e-04
Doing analysis at TEMP = 125.000000 and TNOM = 27.000000

Using SPARSE 1.3 as Direct Linear Solver

No. of Data Rows : 2

No. of Data Rows : 1
onoise_total_rs_thermal = 4.689158e-12
onoise_total.m.xm1.m0.id = 2.155369e-15
onoise_total.m.xm1.m0.1overf = 3.144637e-18
inoise_total.m.xm1.m0.id = 2.155369e-12
inoise_total.m.xm1.m0.1overf = 3.144638e-15
Doing analysis at TEMP = 125.000000 and TNOM = 27.000000

Using SPARSE 1.3 as Direct Linear Solver

No. of Data Rows : 1
zm5 = 9.999998e-04
Doing analysis at TEMP = 125.000000 and TNOM = 27.000000

Using SPARSE 1.3 as Direct Linear Solver

No. of Data Rows : 2

No. of Data Rows : 1
onoise_total_rs_thermal = 4.689158e-12
onoise_total.m.xm1.m0.id = 2.155369e-15
onoise_total.m.xm1.m0.1overf = 8.661049e-19
inoise_total.m.xm1.m0.id = 2.155369e-12
inoise_total.m.xm1.m0.1overf = 8.661051e-16
Doing analysis at TEMP = 125.000000 and TNOM = 27.000000

Using SPARSE 1.3 as Direct Linear Solver

No. of Data Rows : 1
zm6 = 9.999998e-04
Doing analysis at TEMP = 125.000000 and TNOM = 27.000000

Using SPARSE 1.3 as Direct Linear Solver

No. of Data Rows : 2

No. of Data Rows : 1
onoise_total_rs_thermal = 4.689158e-12
onoise_total.m.xm1.m0.id = 2.155369e-15
onoise_total.m.xm1.m0.1overf = 4.681475e-19
inoise_total.m.xm1.m0.id = 2.155369e-12
inoise_total.m.xm1.m0.1overf = 4.681476e-16
Note: Simulation executed from .control section 

======================================================================
=== sid_ss_125c_2.97v_xmph_p0667_pass1
======================================================================
.temp 125
vg g 0 dc -1.179336150000e+00
vb b 0 dc -1.376959940000e-07
vd dd 0 dc 4.935970970000e-03
rs dd d 1.00000000e-03
--- ngspice output ---

Note: No compatibility mode selected!


Circuit: * gf180-pll :: period-jitter :: s_id along the trajectory -- generated.

Doing analysis at TEMP = 125.000000 and TNOM = 27.000000

Using SPARSE 1.3 as Direct Linear Solver

No. of Data Rows : 1
@m.xm1.m0[vgs] = 1.179336e+00
@m.xm1.m0[vds] = -4.93572e-03
@m.xm1.m0[vbs] = 2.650587e-07
@m.xm1.m0[id] = 1.010815e-06
@m.xm1.m0[gm] = 2.530978e-06
@m.xm1.m0[gds] = 2.033217e-04
v(d) = 4.935970e-03
Doing analysis at TEMP = 125.000000 and TNOM = 27.000000

Using SPARSE 1.3 as Direct Linear Solver

No. of Data Rows : 1
zm0 = 9.999998e-04
Doing analysis at TEMP = 125.000000 and TNOM = 27.000000

Using SPARSE 1.3 as Direct Linear Solver

No. of Data Rows : 2

No. of Data Rows : 1
onoise_total_rs_thermal = 4.689158e-12
onoise_total.m.xm1.m0.id = 2.179131e-15
onoise_total.m.xm1.m0.1overf = 5.103480e-16
inoise_total.m.xm1.m0.id = 2.179132e-12
inoise_total.m.xm1.m0.1overf = 5.103481e-13
Doing analysis at TEMP = 125.000000 and TNOM = 27.000000

Using SPARSE 1.3 as Direct Linear Solver

No. of Data Rows : 1
zm1 = 9.999998e-04
Doing analysis at TEMP = 125.000000 and TNOM = 27.000000

Using SPARSE 1.3 as Direct Linear Solver

No. of Data Rows : 2

No. of Data Rows : 1
onoise_total_rs_thermal = 4.689158e-12
onoise_total.m.xm1.m0.id = 2.179131e-15
onoise_total.m.xm1.m0.1overf = 1.405969e-16
inoise_total.m.xm1.m0.id = 2.179132e-12
inoise_total.m.xm1.m0.1overf = 1.405970e-13
Doing analysis at TEMP = 125.000000 and TNOM = 27.000000

Using SPARSE 1.3 as Direct Linear Solver

No. of Data Rows : 1
zm2 = 9.999998e-04
Doing analysis at TEMP = 125.000000 and TNOM = 27.000000

Using SPARSE 1.3 as Direct Linear Solver

No. of Data Rows : 2

No. of Data Rows : 1
onoise_total_rs_thermal = 4.689158e-12
onoise_total.m.xm1.m0.id = 2.179131e-15
onoise_total.m.xm1.m0.1overf = 3.872459e-17
inoise_total.m.xm1.m0.id = 2.179132e-12
inoise_total.m.xm1.m0.1overf = 3.872459e-14
Doing analysis at TEMP = 125.000000 and TNOM = 27.000000

Using SPARSE 1.3 as Direct Linear Solver

No. of Data Rows : 1
zm3 = 9.999998e-04
Doing analysis at TEMP = 125.000000 and TNOM = 27.000000

Using SPARSE 1.3 as Direct Linear Solver

No. of Data Rows : 2

No. of Data Rows : 1
onoise_total_rs_thermal = 4.689158e-12
onoise_total.m.xm1.m0.id = 2.179131e-15
onoise_total.m.xm1.m0.1overf = 1.066566e-17
inoise_total.m.xm1.m0.id = 2.179132e-12
inoise_total.m.xm1.m0.1overf = 1.066567e-14
Doing analysis at TEMP = 125.000000 and TNOM = 27.000000

Using SPARSE 1.3 as Direct Linear Solver

No. of Data Rows : 1
zm4 = 9.999998e-04
Doing analysis at TEMP = 125.000000 and TNOM = 27.000000

Using SPARSE 1.3 as Direct Linear Solver

No. of Data Rows : 2

No. of Data Rows : 1
onoise_total_rs_thermal = 4.689158e-12
onoise_total.m.xm1.m0.id = 2.179131e-15
onoise_total.m.xm1.m0.1overf = 2.937568e-18
inoise_total.m.xm1.m0.id = 2.179132e-12
inoise_total.m.xm1.m0.1overf = 2.937569e-15
Doing analysis at TEMP = 125.000000 and TNOM = 27.000000

Using SPARSE 1.3 as Direct Linear Solver

No. of Data Rows : 1
zm5 = 9.999998e-04
Doing analysis at TEMP = 125.000000 and TNOM = 27.000000

Using SPARSE 1.3 as Direct Linear Solver

No. of Data Rows : 2

No. of Data Rows : 1
onoise_total_rs_thermal = 4.689158e-12
onoise_total.m.xm1.m0.id = 2.179131e-15
onoise_total.m.xm1.m0.1overf = 8.090734e-19
inoise_total.m.xm1.m0.id = 2.179132e-12
inoise_total.m.xm1.m0.1overf = 8.090736e-16
Doing analysis at TEMP = 125.000000 and TNOM = 27.000000

Using SPARSE 1.3 as Direct Linear Solver

No. of Data Rows : 1
zm6 = 9.999998e-04
Doing analysis at TEMP = 125.000000 and TNOM = 27.000000

Using SPARSE 1.3 as Direct Linear Solver

No. of Data Rows : 2

No. of Data Rows : 1
onoise_total_rs_thermal = 4.689158e-12
onoise_total.m.xm1.m0.id = 2.179131e-15
onoise_total.m.xm1.m0.1overf = 4.373208e-19
inoise_total.m.xm1.m0.id = 2.179132e-12
inoise_total.m.xm1.m0.1overf = 4.373209e-16
Note: Simulation executed from .control section 

======================================================================
=== sid_ss_125c_2.97v_xmph_p0667
======================================================================
.temp 125
vg g 0 dc -1.179336300000e+00
vb b 0 dc -1.033328800000e-08
vd dd 0 dc 4.936221940000e-03
rs dd d 1.00000000e-03
--- ngspice output ---

Note: No compatibility mode selected!


Circuit: * gf180-pll :: period-jitter :: s_id along the trajectory -- generated.

Doing analysis at TEMP = 125.000000 and TNOM = 27.000000

Using SPARSE 1.3 as Direct Linear Solver

No. of Data Rows : 1
@m.xm1.m0[vgs] = 1.179336e+00
@m.xm1.m0[vds] = -4.93597e-03
@m.xm1.m0[vbs] = 1.377026e-07
@m.xm1.m0[id] = 1.010867e-06
@m.xm1.m0[gm] = 2.531106e-06
@m.xm1.m0[gds] = 2.033218e-04
v(d) = 4.936221e-03
Doing analysis at TEMP = 125.000000 and TNOM = 27.000000

Using SPARSE 1.3 as Direct Linear Solver

No. of Data Rows : 1
zm0 = 9.999998e-04
Doing analysis at TEMP = 125.000000 and TNOM = 27.000000

Using SPARSE 1.3 as Direct Linear Solver

No. of Data Rows : 2

No. of Data Rows : 1
onoise_total_rs_thermal = 4.689158e-12
onoise_total.m.xm1.m0.id = 2.179132e-15
onoise_total.m.xm1.m0.1overf = 5.103742e-16
inoise_total.m.xm1.m0.id = 2.179132e-12
inoise_total.m.xm1.m0.1overf = 5.103744e-13
Doing analysis at TEMP = 125.000000 and TNOM = 27.000000

Using SPARSE 1.3 as Direct Linear Solver

No. of Data Rows : 1
zm1 = 9.999998e-04
Doing analysis at TEMP = 125.000000 and TNOM = 27.000000

Using SPARSE 1.3 as Direct Linear Solver

No. of Data Rows : 2

No. of Data Rows : 1
onoise_total_rs_thermal = 4.689158e-12
onoise_total.m.xm1.m0.id = 2.179132e-15
onoise_total.m.xm1.m0.1overf = 1.406042e-16
inoise_total.m.xm1.m0.id = 2.179132e-12
inoise_total.m.xm1.m0.1overf = 1.406042e-13
Doing analysis at TEMP = 125.000000 and TNOM = 27.000000

Using SPARSE 1.3 as Direct Linear Solver

No. of Data Rows : 1
zm2 = 9.999998e-04
Doing analysis at TEMP = 125.000000 and TNOM = 27.000000

Using SPARSE 1.3 as Direct Linear Solver

No. of Data Rows : 2

No. of Data Rows : 1
onoise_total_rs_thermal = 4.689158e-12
onoise_total.m.xm1.m0.id = 2.179132e-15
onoise_total.m.xm1.m0.1overf = 3.872657e-17
inoise_total.m.xm1.m0.id = 2.179132e-12
inoise_total.m.xm1.m0.1overf = 3.872658e-14
Doing analysis at TEMP = 125.000000 and TNOM = 27.000000

Using SPARSE 1.3 as Direct Linear Solver

No. of Data Rows : 1
zm3 = 9.999998e-04
Doing analysis at TEMP = 125.000000 and TNOM = 27.000000

Using SPARSE 1.3 as Direct Linear Solver

No. of Data Rows : 2

No. of Data Rows : 1
onoise_total_rs_thermal = 4.689158e-12
onoise_total.m.xm1.m0.id = 2.179132e-15
onoise_total.m.xm1.m0.1overf = 1.066621e-17
inoise_total.m.xm1.m0.id = 2.179132e-12
inoise_total.m.xm1.m0.1overf = 1.066621e-14
Doing analysis at TEMP = 125.000000 and TNOM = 27.000000

Using SPARSE 1.3 as Direct Linear Solver

No. of Data Rows : 1
zm4 = 9.999998e-04
Doing analysis at TEMP = 125.000000 and TNOM = 27.000000

Using SPARSE 1.3 as Direct Linear Solver

No. of Data Rows : 2

No. of Data Rows : 1
onoise_total_rs_thermal = 4.689158e-12
onoise_total.m.xm1.m0.id = 2.179132e-15
onoise_total.m.xm1.m0.1overf = 2.937719e-18
inoise_total.m.xm1.m0.id = 2.179132e-12
inoise_total.m.xm1.m0.1overf = 2.937720e-15
Doing analysis at TEMP = 125.000000 and TNOM = 27.000000

Using SPARSE 1.3 as Direct Linear Solver

No. of Data Rows : 1
zm5 = 9.999998e-04
Doing analysis at TEMP = 125.000000 and TNOM = 27.000000

Using SPARSE 1.3 as Direct Linear Solver

No. of Data Rows : 2

No. of Data Rows : 1
onoise_total_rs_thermal = 4.689158e-12
onoise_total.m.xm1.m0.id = 2.179132e-15
onoise_total.m.xm1.m0.1overf = 8.091150e-19
inoise_total.m.xm1.m0.id = 2.179132e-12
inoise_total.m.xm1.m0.1overf = 8.091152e-16
Doing analysis at TEMP = 125.000000 and TNOM = 27.000000

Using SPARSE 1.3 as Direct Linear Solver

No. of Data Rows : 1
zm6 = 9.999998e-04
Doing analysis at TEMP = 125.000000 and TNOM = 27.000000

Using SPARSE 1.3 as Direct Linear Solver

No. of Data Rows : 2

No. of Data Rows : 1
onoise_total_rs_thermal = 4.689158e-12
onoise_total.m.xm1.m0.id = 2.179132e-15
onoise_total.m.xm1.m0.1overf = 4.373433e-19
inoise_total.m.xm1.m0.id = 2.179132e-12
inoise_total.m.xm1.m0.1overf = 4.373433e-16
Note: Simulation executed from .control section 

======================================================================
=== sid_ss_125c_2.97v_xmph_p0708_pass1
======================================================================
.temp 125
vg g 0 dc -1.182760450000e+00
vb b 0 dc -5.321249750000e-08
vd dd 0 dc 2.759330820000e-03
rs dd d 1.00000000e-03
--- ngspice output ---

Note: No compatibility mode selected!


Circuit: * gf180-pll :: period-jitter :: s_id along the trajectory -- generated.

Doing analysis at TEMP = 125.000000 and TNOM = 27.000000

Using SPARSE 1.3 as Direct Linear Solver

No. of Data Rows : 1
@m.xm1.m0[vgs] = 1.182761e+00
@m.xm1.m0[vds] = -2.75919e-03
@m.xm1.m0[vbs] = 1.246518e-07
@m.xm1.m0[id] = 5.669786e-07
@m.xm1.m0[gm] = 1.414904e-06
@m.xm1.m0[gds] = 2.046636e-04
v(d) = 2.759330e-03
Doing analysis at TEMP = 125.000000 and TNOM = 27.000000

Using SPARSE 1.3 as Direct Linear Solver

No. of Data Rows : 1
zm0 = 9.999998e-04
Doing analysis at TEMP = 125.000000 and TNOM = 27.000000

Using SPARSE 1.3 as Direct Linear Solver

No. of Data Rows : 2

No. of Data Rows : 1
onoise_total_rs_thermal = 4.689158e-12
onoise_total.m.xm1.m0.id = 2.184082e-15
onoise_total.m.xm1.m0.1overf = 2.857942e-16
inoise_total.m.xm1.m0.id = 2.184082e-12
inoise_total.m.xm1.m0.1overf = 2.857943e-13
Doing analysis at TEMP = 125.000000 and TNOM = 27.000000

Using SPARSE 1.3 as Direct Linear Solver

No. of Data Rows : 1
zm1 = 9.999998e-04
Doing analysis at TEMP = 125.000000 and TNOM = 27.000000

Using SPARSE 1.3 as Direct Linear Solver

No. of Data Rows : 2

No. of Data Rows : 1
onoise_total_rs_thermal = 4.689158e-12
onoise_total.m.xm1.m0.id = 2.184082e-15
onoise_total.m.xm1.m0.1overf = 7.873410e-17
inoise_total.m.xm1.m0.id = 2.184082e-12
inoise_total.m.xm1.m0.1overf = 7.873412e-14
Doing analysis at TEMP = 125.000000 and TNOM = 27.000000

Using SPARSE 1.3 as Direct Linear Solver

No. of Data Rows : 1
zm2 = 9.999998e-04
Doing analysis at TEMP = 125.000000 and TNOM = 27.000000

Using SPARSE 1.3 as Direct Linear Solver

No. of Data Rows : 2

No. of Data Rows : 1
onoise_total_rs_thermal = 4.689158e-12
onoise_total.m.xm1.m0.id = 2.184082e-15
onoise_total.m.xm1.m0.1overf = 2.168572e-17
inoise_total.m.xm1.m0.id = 2.184082e-12
inoise_total.m.xm1.m0.1overf = 2.168572e-14
Doing analysis at TEMP = 125.000000 and TNOM = 27.000000

Using SPARSE 1.3 as Direct Linear Solver

No. of Data Rows : 1
zm3 = 9.999998e-04
Doing analysis at TEMP = 125.000000 and TNOM = 27.000000

Using SPARSE 1.3 as Direct Linear Solver

No. of Data Rows : 2

No. of Data Rows : 1
onoise_total_rs_thermal = 4.689158e-12
onoise_total.m.xm1.m0.id = 2.184082e-15
onoise_total.m.xm1.m0.1overf = 5.972758e-18
inoise_total.m.xm1.m0.id = 2.184082e-12
inoise_total.m.xm1.m0.1overf = 5.972759e-15
Doing analysis at TEMP = 125.000000 and TNOM = 27.000000

Using SPARSE 1.3 as Direct Linear Solver

No. of Data Rows : 1
zm4 = 9.999998e-04
Doing analysis at TEMP = 125.000000 and TNOM = 27.000000

Using SPARSE 1.3 as Direct Linear Solver

No. of Data Rows : 2

No. of Data Rows : 1
onoise_total_rs_thermal = 4.689158e-12
onoise_total.m.xm1.m0.id = 2.184082e-15
onoise_total.m.xm1.m0.1overf = 1.645034e-18
inoise_total.m.xm1.m0.id = 2.184082e-12
inoise_total.m.xm1.m0.1overf = 1.645035e-15
Doing analysis at TEMP = 125.000000 and TNOM = 27.000000

Using SPARSE 1.3 as Direct Linear Solver

No. of Data Rows : 1
zm5 = 9.999998e-04
Doing analysis at TEMP = 125.000000 and TNOM = 27.000000

Using SPARSE 1.3 as Direct Linear Solver

No. of Data Rows : 2

No. of Data Rows : 1
onoise_total_rs_thermal = 4.689158e-12
onoise_total.m.xm1.m0.id = 2.184082e-15
onoise_total.m.xm1.m0.1overf = 4.530801e-19
inoise_total.m.xm1.m0.id = 2.184082e-12
inoise_total.m.xm1.m0.1overf = 4.530802e-16
Doing analysis at TEMP = 125.000000 and TNOM = 27.000000

Using SPARSE 1.3 as Direct Linear Solver

No. of Data Rows : 1
zm6 = 9.999998e-04
Doing analysis at TEMP = 125.000000 and TNOM = 27.000000

Using SPARSE 1.3 as Direct Linear Solver

No. of Data Rows : 2

No. of Data Rows : 1
onoise_total_rs_thermal = 4.689158e-12
onoise_total.m.xm1.m0.id = 2.184082e-15
onoise_total.m.xm1.m0.1overf = 2.448991e-19
inoise_total.m.xm1.m0.id = 2.184082e-12
inoise_total.m.xm1.m0.1overf = 2.448991e-16
Note: Simulation executed from .control section 

======================================================================
=== sid_ss_125c_2.97v_xmph_p0708
======================================================================
.temp 125
vg g 0 dc -1.182759900000e+00
vb b 0 dc 1.822680500000e-08
vd dd 0 dc 2.759471640000e-03
rs dd d 1.00000000e-03
--- ngspice output ---

Note: No compatibility mode selected!


Circuit: * gf180-pll :: period-jitter :: s_id along the trajectory -- generated.

Doing analysis at TEMP = 125.000000 and TNOM = 27.000000

Using SPARSE 1.3 as Direct Linear Solver

No. of Data Rows : 1
@m.xm1.m0[vgs] = 1.182760e+00
@m.xm1.m0[vds] = -2.75933e-03
@m.xm1.m0[vbs] = 5.321606e-08
@m.xm1.m0[id] = 5.670069e-07
@m.xm1.m0[gm] = 1.414976e-06
@m.xm1.m0[gds] = 2.046633e-04
v(d) = 2.759471e-03
Doing analysis at TEMP = 125.000000 and TNOM = 27.000000

Using SPARSE 1.3 as Direct Linear Solver

No. of Data Rows : 1
zm0 = 9.999998e-04
Doing analysis at TEMP = 125.000000 and TNOM = 27.000000

Using SPARSE 1.3 as Direct Linear Solver

No. of Data Rows : 2

No. of Data Rows : 1
onoise_total_rs_thermal = 4.689158e-12
onoise_total.m.xm1.m0.id = 2.184080e-15
onoise_total.m.xm1.m0.1overf = 2.858086e-16
inoise_total.m.xm1.m0.id = 2.184081e-12
inoise_total.m.xm1.m0.1overf = 2.858087e-13
Doing analysis at TEMP = 125.000000 and TNOM = 27.000000

Using SPARSE 1.3 as Direct Linear Solver

No. of Data Rows : 1
zm1 = 9.999998e-04
Doing analysis at TEMP = 125.000000 and TNOM = 27.000000

Using SPARSE 1.3 as Direct Linear Solver

No. of Data Rows : 2

No. of Data Rows : 1
onoise_total_rs_thermal = 4.689158e-12
onoise_total.m.xm1.m0.id = 2.184080e-15
onoise_total.m.xm1.m0.1overf = 7.873806e-17
inoise_total.m.xm1.m0.id = 2.184081e-12
inoise_total.m.xm1.m0.1overf = 7.873808e-14
Doing analysis at TEMP = 125.000000 and TNOM = 27.000000

Using SPARSE 1.3 as Direct Linear Solver

No. of Data Rows : 1
zm2 = 9.999998e-04
Doing analysis at TEMP = 125.000000 and TNOM = 27.000000

Using SPARSE 1.3 as Direct Linear Solver

No. of Data Rows : 2

No. of Data Rows : 1
onoise_total_rs_thermal = 4.689158e-12
onoise_total.m.xm1.m0.id = 2.184080e-15
onoise_total.m.xm1.m0.1overf = 2.168681e-17
inoise_total.m.xm1.m0.id = 2.184081e-12
inoise_total.m.xm1.m0.1overf = 2.168681e-14
Doing analysis at TEMP = 125.000000 and TNOM = 27.000000

Using SPARSE 1.3 as Direct Linear Solver

No. of Data Rows : 1
zm3 = 9.999998e-04
Doing analysis at TEMP = 125.000000 and TNOM = 27.000000

Using SPARSE 1.3 as Direct Linear Solver

No. of Data Rows : 2

No. of Data Rows : 1
onoise_total_rs_thermal = 4.689158e-12
onoise_total.m.xm1.m0.id = 2.184080e-15
onoise_total.m.xm1.m0.1overf = 5.973059e-18
inoise_total.m.xm1.m0.id = 2.184081e-12
inoise_total.m.xm1.m0.1overf = 5.973060e-15
Doing analysis at TEMP = 125.000000 and TNOM = 27.000000

Using SPARSE 1.3 as Direct Linear Solver

No. of Data Rows : 1
zm4 = 9.999998e-04
Doing analysis at TEMP = 125.000000 and TNOM = 27.000000

Using SPARSE 1.3 as Direct Linear Solver

No. of Data Rows : 2

No. of Data Rows : 1
onoise_total_rs_thermal = 4.689158e-12
onoise_total.m.xm1.m0.id = 2.184080e-15
onoise_total.m.xm1.m0.1overf = 1.645117e-18
inoise_total.m.xm1.m0.id = 2.184081e-12
inoise_total.m.xm1.m0.1overf = 1.645118e-15
Doing analysis at TEMP = 125.000000 and TNOM = 27.000000

Using SPARSE 1.3 as Direct Linear Solver

No. of Data Rows : 1
zm5 = 9.999998e-04
Doing analysis at TEMP = 125.000000 and TNOM = 27.000000

Using SPARSE 1.3 as Direct Linear Solver

No. of Data Rows : 2

No. of Data Rows : 1
onoise_total_rs_thermal = 4.689158e-12
onoise_total.m.xm1.m0.id = 2.184080e-15
onoise_total.m.xm1.m0.1overf = 4.531029e-19
inoise_total.m.xm1.m0.id = 2.184081e-12
inoise_total.m.xm1.m0.1overf = 4.531030e-16
Doing analysis at TEMP = 125.000000 and TNOM = 27.000000

Using SPARSE 1.3 as Direct Linear Solver

No. of Data Rows : 1
zm6 = 9.999998e-04
Doing analysis at TEMP = 125.000000 and TNOM = 27.000000

Using SPARSE 1.3 as Direct Linear Solver

No. of Data Rows : 2

No. of Data Rows : 1
onoise_total_rs_thermal = 4.689158e-12
onoise_total.m.xm1.m0.id = 2.184080e-15
onoise_total.m.xm1.m0.1overf = 2.449114e-19
inoise_total.m.xm1.m0.id = 2.184081e-12
inoise_total.m.xm1.m0.1overf = 2.449115e-16
Note: Simulation executed from .control section 

======================================================================
=== sid_ss_125c_2.97v_xmph_p0750_pass1
======================================================================
.temp 125
vg g 0 dc -1.179115860000e+00
vb b 0 dc -1.246705770000e-07
vd dd 0 dc 2.928161220000e-03
rs dd d 1.00000000e-03
--- ngspice output ---

Note: No compatibility mode selected!


Circuit: * gf180-pll :: period-jitter :: s_id along the trajectory -- generated.

Doing analysis at TEMP = 125.000000 and TNOM = 27.000000

Using SPARSE 1.3 as Direct Linear Solver

No. of Data Rows : 1
@m.xm1.m0[vgs] = 1.179116e+00
@m.xm1.m0[vds] = -2.92801e-03
@m.xm1.m0[vbs] = 1.998216e-07
@m.xm1.m0[id] = 5.964370e-07
@m.xm1.m0[gm] = 1.502715e-06
@m.xm1.m0[gds] = 2.028270e-04
v(d) = 2.928161e-03
Doing analysis at TEMP = 125.000000 and TNOM = 27.000000

Using SPARSE 1.3 as Direct Linear Solver

No. of Data Rows : 1
zm0 = 9.999998e-04
Doing analysis at TEMP = 125.000000 and TNOM = 27.000000

Using SPARSE 1.3 as Direct Linear Solver

No. of Data Rows : 2

No. of Data Rows : 1
onoise_total_rs_thermal = 4.689158e-12
onoise_total.m.xm1.m0.id = 2.174668e-15
onoise_total.m.xm1.m0.1overf = 3.016810e-16
inoise_total.m.xm1.m0.id = 2.174668e-12
inoise_total.m.xm1.m0.1overf = 3.016810e-13
Doing analysis at TEMP = 125.000000 and TNOM = 27.000000

Using SPARSE 1.3 as Direct Linear Solver

No. of Data Rows : 1
zm1 = 9.999998e-04
Doing analysis at TEMP = 125.000000 and TNOM = 27.000000

Using SPARSE 1.3 as Direct Linear Solver

No. of Data Rows : 2

No. of Data Rows : 1
onoise_total_rs_thermal = 4.689158e-12
onoise_total.m.xm1.m0.id = 2.174668e-15
onoise_total.m.xm1.m0.1overf = 8.311077e-17
inoise_total.m.xm1.m0.id = 2.174668e-12
inoise_total.m.xm1.m0.1overf = 8.311078e-14
Doing analysis at TEMP = 125.000000 and TNOM = 27.000000

Using SPARSE 1.3 as Direct Linear Solver

No. of Data Rows : 1
zm2 = 9.999998e-04
Doing analysis at TEMP = 125.000000 and TNOM = 27.000000

Using SPARSE 1.3 as Direct Linear Solver

No. of Data Rows : 2

No. of Data Rows : 1
onoise_total_rs_thermal = 4.689158e-12
onoise_total.m.xm1.m0.id = 2.174668e-15
onoise_total.m.xm1.m0.1overf = 2.289118e-17
inoise_total.m.xm1.m0.id = 2.174668e-12
inoise_total.m.xm1.m0.1overf = 2.289119e-14
Doing analysis at TEMP = 125.000000 and TNOM = 27.000000

Using SPARSE 1.3 as Direct Linear Solver

No. of Data Rows : 1
zm3 = 9.999998e-04
Doing analysis at TEMP = 125.000000 and TNOM = 27.000000

Using SPARSE 1.3 as Direct Linear Solver

No. of Data Rows : 2

No. of Data Rows : 1
onoise_total_rs_thermal = 4.689158e-12
onoise_total.m.xm1.m0.id = 2.174668e-15
onoise_total.m.xm1.m0.1overf = 6.304771e-18
inoise_total.m.xm1.m0.id = 2.174668e-12
inoise_total.m.xm1.m0.1overf = 6.304772e-15
Doing analysis at TEMP = 125.000000 and TNOM = 27.000000

Using SPARSE 1.3 as Direct Linear Solver

No. of Data Rows : 1
zm4 = 9.999998e-04
Doing analysis at TEMP = 125.000000 and TNOM = 27.000000

Using SPARSE 1.3 as Direct Linear Solver

No. of Data Rows : 2

No. of Data Rows : 1
onoise_total_rs_thermal = 4.689158e-12
onoise_total.m.xm1.m0.id = 2.174668e-15
onoise_total.m.xm1.m0.1overf = 1.736479e-18
inoise_total.m.xm1.m0.id = 2.174668e-12
inoise_total.m.xm1.m0.1overf = 1.736479e-15
Doing analysis at TEMP = 125.000000 and TNOM = 27.000000

Using SPARSE 1.3 as Direct Linear Solver

No. of Data Rows : 1
zm5 = 9.999998e-04
Doing analysis at TEMP = 125.000000 and TNOM = 27.000000

Using SPARSE 1.3 as Direct Linear Solver

No. of Data Rows : 2

No. of Data Rows : 1
onoise_total_rs_thermal = 4.689158e-12
onoise_total.m.xm1.m0.id = 2.174668e-15
onoise_total.m.xm1.m0.1overf = 4.782659e-19
inoise_total.m.xm1.m0.id = 2.174668e-12
inoise_total.m.xm1.m0.1overf = 4.782660e-16
Doing analysis at TEMP = 125.000000 and TNOM = 27.000000

Using SPARSE 1.3 as Direct Linear Solver

No. of Data Rows : 1
zm6 = 9.999998e-04
Doing analysis at TEMP = 125.000000 and TNOM = 27.000000

Using SPARSE 1.3 as Direct Linear Solver

No. of Data Rows : 2

No. of Data Rows : 1
onoise_total_rs_thermal = 4.689158e-12
onoise_total.m.xm1.m0.id = 2.174668e-15
onoise_total.m.xm1.m0.1overf = 2.585125e-19
inoise_total.m.xm1.m0.id = 2.174668e-12
inoise_total.m.xm1.m0.1overf = 2.585126e-16
Note: Simulation executed from .control section 

======================================================================
=== sid_ss_125c_2.97v_xmph_p0750
======================================================================
.temp 125
vg g 0 dc -1.179115720000e+00
vb b 0 dc -4.951955400000e-08
vd dd 0 dc 2.928312440000e-03
rs dd d 1.00000000e-03
--- ngspice output ---

Note: No compatibility mode selected!


Circuit: * gf180-pll :: period-jitter :: s_id along the trajectory -- generated.

Doing analysis at TEMP = 125.000000 and TNOM = 27.000000

Using SPARSE 1.3 as Direct Linear Solver

No. of Data Rows : 1
@m.xm1.m0[vgs] = 1.179116e+00
@m.xm1.m0[vds] = -2.92816e-03
@m.xm1.m0[vbs] = 1.246745e-07
@m.xm1.m0[id] = 5.964678e-07
@m.xm1.m0[gm] = 1.502793e-06
@m.xm1.m0[gds] = 2.028269e-04
v(d) = 2.928312e-03
Doing analysis at TEMP = 125.000000 and TNOM = 27.000000

Using SPARSE 1.3 as Direct Linear Solver

No. of Data Rows : 1
zm0 = 9.999998e-04
Doing analysis at TEMP = 125.000000 and TNOM = 27.000000

Using SPARSE 1.3 as Direct Linear Solver

No. of Data Rows : 2

No. of Data Rows : 1
onoise_total_rs_thermal = 4.689158e-12
onoise_total.m.xm1.m0.id = 2.174668e-15
onoise_total.m.xm1.m0.1overf = 3.016965e-16
inoise_total.m.xm1.m0.id = 2.174668e-12
inoise_total.m.xm1.m0.1overf = 3.016966e-13
Doing analysis at TEMP = 125.000000 and TNOM = 27.000000

Using SPARSE 1.3 as Direct Linear Solver

No. of Data Rows : 1
zm1 = 9.999998e-04
Doing analysis at TEMP = 125.000000 and TNOM = 27.000000

Using SPARSE 1.3 as Direct Linear Solver

No. of Data Rows : 2

No. of Data Rows : 1
onoise_total_rs_thermal = 4.689158e-12
onoise_total.m.xm1.m0.id = 2.174668e-15
onoise_total.m.xm1.m0.1overf = 8.311506e-17
inoise_total.m.xm1.m0.id = 2.174668e-12
inoise_total.m.xm1.m0.1overf = 8.311507e-14
Doing analysis at TEMP = 125.000000 and TNOM = 27.000000

Using SPARSE 1.3 as Direct Linear Solver

No. of Data Rows : 1
zm2 = 9.999998e-04
Doing analysis at TEMP = 125.000000 and TNOM = 27.000000

Using SPARSE 1.3 as Direct Linear Solver

No. of Data Rows : 2

No. of Data Rows : 1
onoise_total_rs_thermal = 4.689158e-12
onoise_total.m.xm1.m0.id = 2.174668e-15
onoise_total.m.xm1.m0.1overf = 2.289236e-17
inoise_total.m.xm1.m0.id = 2.174668e-12
inoise_total.m.xm1.m0.1overf = 2.289237e-14
Doing analysis at TEMP = 125.000000 and TNOM = 27.000000

Using SPARSE 1.3 as Direct Linear Solver

No. of Data Rows : 1
zm3 = 9.999998e-04
Doing analysis at TEMP = 125.000000 and TNOM = 27.000000

Using SPARSE 1.3 as Direct Linear Solver

No. of Data Rows : 2

No. of Data Rows : 1
onoise_total_rs_thermal = 4.689158e-12
onoise_total.m.xm1.m0.id = 2.174668e-15
onoise_total.m.xm1.m0.1overf = 6.305096e-18
inoise_total.m.xm1.m0.id = 2.174668e-12
inoise_total.m.xm1.m0.1overf = 6.305098e-15
Doing analysis at TEMP = 125.000000 and TNOM = 27.000000

Using SPARSE 1.3 as Direct Linear Solver

No. of Data Rows : 1
zm4 = 9.999998e-04
Doing analysis at TEMP = 125.000000 and TNOM = 27.000000

Using SPARSE 1.3 as Direct Linear Solver

No. of Data Rows : 2

No. of Data Rows : 1
onoise_total_rs_thermal = 4.689158e-12
onoise_total.m.xm1.m0.id = 2.174668e-15
onoise_total.m.xm1.m0.1overf = 1.736568e-18
inoise_total.m.xm1.m0.id = 2.174668e-12
inoise_total.m.xm1.m0.1overf = 1.736569e-15
Doing analysis at TEMP = 125.000000 and TNOM = 27.000000

Using SPARSE 1.3 as Direct Linear Solver

No. of Data Rows : 1
zm5 = 9.999998e-04
Doing analysis at TEMP = 125.000000 and TNOM = 27.000000

Using SPARSE 1.3 as Direct Linear Solver

No. of Data Rows : 2

No. of Data Rows : 1
onoise_total_rs_thermal = 4.689158e-12
onoise_total.m.xm1.m0.id = 2.174668e-15
onoise_total.m.xm1.m0.1overf = 4.782905e-19
inoise_total.m.xm1.m0.id = 2.174668e-12
inoise_total.m.xm1.m0.1overf = 4.782906e-16
Doing analysis at TEMP = 125.000000 and TNOM = 27.000000

Using SPARSE 1.3 as Direct Linear Solver

No. of Data Rows : 1
zm6 = 9.999998e-04
Doing analysis at TEMP = 125.000000 and TNOM = 27.000000

Using SPARSE 1.3 as Direct Linear Solver

No. of Data Rows : 2

No. of Data Rows : 1
onoise_total_rs_thermal = 4.689158e-12
onoise_total.m.xm1.m0.id = 2.174668e-15
onoise_total.m.xm1.m0.1overf = 2.585259e-19
inoise_total.m.xm1.m0.id = 2.174668e-12
inoise_total.m.xm1.m0.1overf = 2.585259e-16
Note: Simulation executed from .control section 

======================================================================
=== sid_ss_125c_2.97v_xmph_p0792_pass1
======================================================================
.temp 125
vg g 0 dc -1.172976380000e+00
vb b 0 dc -3.163491870000e-08
vd dd 0 dc 1.862249250000e-03
rs dd d 1.00000000e-03
--- ngspice output ---

Note: No compatibility mode selected!


Circuit: * gf180-pll :: period-jitter :: s_id along the trajectory -- generated.

Doing analysis at TEMP = 125.000000 and TNOM = 27.000000

Using SPARSE 1.3 as Direct Linear Solver

No. of Data Rows : 1
@m.xm1.m0[vgs] = 1.172976e+00
@m.xm1.m0[vds] = -1.86216e-03
@m.xm1.m0[vbs] = 7.856681e-08
@m.xm1.m0[id] = 3.724753e-07
@m.xm1.m0[gm] = 9.574804e-07
@m.xm1.m0[gds] = 1.994697e-04
v(d) = 1.862249e-03
Doing analysis at TEMP = 125.000000 and TNOM = 27.000000

Using SPARSE 1.3 as Direct Linear Solver

No. of Data Rows : 1
zm0 = 9.999998e-04
Doing analysis at TEMP = 125.000000 and TNOM = 27.000000

Using SPARSE 1.3 as Direct Linear Solver

No. of Data Rows : 2

No. of Data Rows : 1
onoise_total_rs_thermal = 4.689158e-12
onoise_total.m.xm1.m0.id = 2.156069e-15
onoise_total.m.xm1.m0.1overf = 1.897342e-16
inoise_total.m.xm1.m0.id = 2.156070e-12
inoise_total.m.xm1.m0.1overf = 1.897342e-13
Doing analysis at TEMP = 125.000000 and TNOM = 27.000000

Using SPARSE 1.3 as Direct Linear Solver

No. of Data Rows : 1
zm1 = 9.999998e-04
Doing analysis at TEMP = 125.000000 and TNOM = 27.000000

Using SPARSE 1.3 as Direct Linear Solver

No. of Data Rows : 2

No. of Data Rows : 1
onoise_total_rs_thermal = 4.689158e-12
onoise_total.m.xm1.m0.id = 2.156069e-15
onoise_total.m.xm1.m0.1overf = 5.227030e-17
inoise_total.m.xm1.m0.id = 2.156070e-12
inoise_total.m.xm1.m0.1overf = 5.227031e-14
Doing analysis at TEMP = 125.000000 and TNOM = 27.000000

Using SPARSE 1.3 as Direct Linear Solver

No. of Data Rows : 1
zm2 = 9.999998e-04
Doing analysis at TEMP = 125.000000 and TNOM = 27.000000

Using SPARSE 1.3 as Direct Linear Solver

No. of Data Rows : 2

No. of Data Rows : 1
onoise_total_rs_thermal = 4.689158e-12
onoise_total.m.xm1.m0.id = 2.156069e-15
onoise_total.m.xm1.m0.1overf = 1.439680e-17
inoise_total.m.xm1.m0.id = 2.156070e-12
inoise_total.m.xm1.m0.1overf = 1.439680e-14
Doing analysis at TEMP = 125.000000 and TNOM = 27.000000

Using SPARSE 1.3 as Direct Linear Solver

No. of Data Rows : 1
zm3 = 9.999998e-04
Doing analysis at TEMP = 125.000000 and TNOM = 27.000000

Using SPARSE 1.3 as Direct Linear Solver

No. of Data Rows : 2

No. of Data Rows : 1
onoise_total_rs_thermal = 4.689158e-12
onoise_total.m.xm1.m0.id = 2.156069e-15
onoise_total.m.xm1.m0.1overf = 3.965218e-18
inoise_total.m.xm1.m0.id = 2.156070e-12
inoise_total.m.xm1.m0.1overf = 3.965219e-15
Doing analysis at TEMP = 125.000000 and TNOM = 27.000000

Using SPARSE 1.3 as Direct Linear Solver

No. of Data Rows : 1
zm4 = 9.999998e-04
Doing analysis at TEMP = 125.000000 and TNOM = 27.000000

Using SPARSE 1.3 as Direct Linear Solver

No. of Data Rows : 2

No. of Data Rows : 1
onoise_total_rs_thermal = 4.689158e-12
onoise_total.m.xm1.m0.id = 2.156069e-15
onoise_total.m.xm1.m0.1overf = 1.092112e-18
inoise_total.m.xm1.m0.id = 2.156070e-12
inoise_total.m.xm1.m0.1overf = 1.092112e-15
Doing analysis at TEMP = 125.000000 and TNOM = 27.000000

Using SPARSE 1.3 as Direct Linear Solver

No. of Data Rows : 1
zm5 = 9.999998e-04
Doing analysis at TEMP = 125.000000 and TNOM = 27.000000

Using SPARSE 1.3 as Direct Linear Solver

No. of Data Rows : 2

No. of Data Rows : 1
onoise_total_rs_thermal = 4.689158e-12
onoise_total.m.xm1.m0.id = 2.156069e-15
onoise_total.m.xm1.m0.1overf = 3.007926e-19
inoise_total.m.xm1.m0.id = 2.156070e-12
inoise_total.m.xm1.m0.1overf = 3.007926e-16
Doing analysis at TEMP = 125.000000 and TNOM = 27.000000

Using SPARSE 1.3 as Direct Linear Solver

No. of Data Rows : 1
zm6 = 9.999998e-04
Doing analysis at TEMP = 125.000000 and TNOM = 27.000000

Using SPARSE 1.3 as Direct Linear Solver

No. of Data Rows : 2

No. of Data Rows : 1
onoise_total_rs_thermal = 4.689158e-12
onoise_total.m.xm1.m0.id = 2.156069e-15
onoise_total.m.xm1.m0.1overf = 1.625846e-19
inoise_total.m.xm1.m0.id = 2.156070e-12
inoise_total.m.xm1.m0.1overf = 1.625846e-16
Note: Simulation executed from .control section 

======================================================================
=== sid_ss_125c_2.97v_xmph_p0792
======================================================================
.temp 125
vg g 0 dc -1.172976760000e+00
vb b 0 dc 1.529697260000e-08
vd dd 0 dc 1.862338500000e-03
rs dd d 1.00000000e-03
--- ngspice output ---

Note: No compatibility mode selected!


Circuit: * gf180-pll :: period-jitter :: s_id along the trajectory -- generated.

Doing analysis at TEMP = 125.000000 and TNOM = 27.000000

Using SPARSE 1.3 as Direct Linear Solver

No. of Data Rows : 1
@m.xm1.m0[vgs] = 1.172977e+00
@m.xm1.m0[vds] = -1.86224e-03
@m.xm1.m0[vbs] = 3.163722e-08
@m.xm1.m0[id] = 3.724936e-07
@m.xm1.m0[gm] = 9.575261e-07
@m.xm1.m0[gds] = 1.994699e-04
v(d) = 1.862338e-03
Doing analysis at TEMP = 125.000000 and TNOM = 27.000000

Using SPARSE 1.3 as Direct Linear Solver

No. of Data Rows : 1
zm0 = 9.999998e-04
Doing analysis at TEMP = 125.000000 and TNOM = 27.000000

Using SPARSE 1.3 as Direct Linear Solver

No. of Data Rows : 2

No. of Data Rows : 1
onoise_total_rs_thermal = 4.689158e-12
onoise_total.m.xm1.m0.id = 2.156070e-15
onoise_total.m.xm1.m0.1overf = 1.897434e-16
inoise_total.m.xm1.m0.id = 2.156071e-12
inoise_total.m.xm1.m0.1overf = 1.897435e-13
Doing analysis at TEMP = 125.000000 and TNOM = 27.000000

Using SPARSE 1.3 as Direct Linear Solver

No. of Data Rows : 1
zm1 = 9.999998e-04
Doing analysis at TEMP = 125.000000 and TNOM = 27.000000

Using SPARSE 1.3 as Direct Linear Solver

No. of Data Rows : 2

No. of Data Rows : 1
onoise_total_rs_thermal = 4.689158e-12
onoise_total.m.xm1.m0.id = 2.156070e-15
onoise_total.m.xm1.m0.1overf = 5.227284e-17
inoise_total.m.xm1.m0.id = 2.156071e-12
inoise_total.m.xm1.m0.1overf = 5.227286e-14
Doing analysis at TEMP = 125.000000 and TNOM = 27.000000

Using SPARSE 1.3 as Direct Linear Solver

No. of Data Rows : 1
zm2 = 9.999998e-04
Doing analysis at TEMP = 125.000000 and TNOM = 27.000000

Using SPARSE 1.3 as Direct Linear Solver

No. of Data Rows : 2

No. of Data Rows : 1
onoise_total_rs_thermal = 4.689158e-12
onoise_total.m.xm1.m0.id = 2.156070e-15
onoise_total.m.xm1.m0.1overf = 1.439750e-17
inoise_total.m.xm1.m0.id = 2.156071e-12
inoise_total.m.xm1.m0.1overf = 1.439750e-14
Doing analysis at TEMP = 125.000000 and TNOM = 27.000000

Using SPARSE 1.3 as Direct Linear Solver

No. of Data Rows : 1
zm3 = 9.999998e-04
Doing analysis at TEMP = 125.000000 and TNOM = 27.000000

Using SPARSE 1.3 as Direct Linear Solver

No. of Data Rows : 2

No. of Data Rows : 1
onoise_total_rs_thermal = 4.689158e-12
onoise_total.m.xm1.m0.id = 2.156070e-15
onoise_total.m.xm1.m0.1overf = 3.965411e-18
inoise_total.m.xm1.m0.id = 2.156071e-12
inoise_total.m.xm1.m0.1overf = 3.965412e-15
Doing analysis at TEMP = 125.000000 and TNOM = 27.000000

Using SPARSE 1.3 as Direct Linear Solver

No. of Data Rows : 1
zm4 = 9.999998e-04
Doing analysis at TEMP = 125.000000 and TNOM = 27.000000

Using SPARSE 1.3 as Direct Linear Solver

No. of Data Rows : 2

No. of Data Rows : 1
onoise_total_rs_thermal = 4.689158e-12
onoise_total.m.xm1.m0.id = 2.156070e-15
onoise_total.m.xm1.m0.1overf = 1.092165e-18
inoise_total.m.xm1.m0.id = 2.156071e-12
inoise_total.m.xm1.m0.1overf = 1.092165e-15
Doing analysis at TEMP = 125.000000 and TNOM = 27.000000

Using SPARSE 1.3 as Direct Linear Solver

No. of Data Rows : 1
zm5 = 9.999998e-04
Doing analysis at TEMP = 125.000000 and TNOM = 27.000000

Using SPARSE 1.3 as Direct Linear Solver

No. of Data Rows : 2

No. of Data Rows : 1
onoise_total_rs_thermal = 4.689158e-12
onoise_total.m.xm1.m0.id = 2.156070e-15
onoise_total.m.xm1.m0.1overf = 3.008072e-19
inoise_total.m.xm1.m0.id = 2.156071e-12
inoise_total.m.xm1.m0.1overf = 3.008073e-16
Doing analysis at TEMP = 125.000000 and TNOM = 27.000000

Using SPARSE 1.3 as Direct Linear Solver

No. of Data Rows : 1
zm6 = 9.999998e-04
Doing analysis at TEMP = 125.000000 and TNOM = 27.000000

Using SPARSE 1.3 as Direct Linear Solver

No. of Data Rows : 2

No. of Data Rows : 1
onoise_total_rs_thermal = 4.689158e-12
onoise_total.m.xm1.m0.id = 2.156070e-15
onoise_total.m.xm1.m0.1overf = 1.625925e-19
inoise_total.m.xm1.m0.id = 2.156071e-12
inoise_total.m.xm1.m0.1overf = 1.625925e-16
Note: Simulation executed from .control section 

======================================================================
=== sid_ss_125c_2.97v_xmph_p0833_pass1
======================================================================
.temp 125
vg g 0 dc -1.179520250000e+00
vb b 0 dc 1.469624420000e-11
vd dd 0 dc 1.622826450000e-04
rs dd d 1.00000000e-03
--- ngspice output ---

Note: No compatibility mode selected!


Circuit: * gf180-pll :: period-jitter :: s_id along the trajectory -- generated.

Doing analysis at TEMP = 125.000000 and TNOM = 27.000000

Using SPARSE 1.3 as Direct Linear Solver

No. of Data Rows : 1
@m.xm1.m0[vgs] = 1.179520e+00
@m.xm1.m0[vds] = -1.62274e-04
@m.xm1.m0[vbs] = 4.126810e-09
@m.xm1.m0[id] = 3.286910e-08
@m.xm1.m0[gm] = 8.336476e-08
@m.xm1.m0[gds] = 2.025043e-04
v(d) = 1.622826e-04
Doing analysis at TEMP = 125.000000 and TNOM = 27.000000

Using SPARSE 1.3 as Direct Linear Solver

No. of Data Rows : 1
zm0 = 9.999998e-04
Doing analysis at TEMP = 125.000000 and TNOM = 27.000000

Using SPARSE 1.3 as Direct Linear Solver

No. of Data Rows : 2

No. of Data Rows : 1
onoise_total_rs_thermal = 4.689158e-12
onoise_total.m.xm1.m0.id = 2.170428e-15
onoise_total.m.xm1.m0.1overf = 1.665573e-17
inoise_total.m.xm1.m0.id = 2.170429e-12
inoise_total.m.xm1.m0.1overf = 1.665573e-14
Doing analysis at TEMP = 125.000000 and TNOM = 27.000000

Using SPARSE 1.3 as Direct Linear Solver

No. of Data Rows : 1
zm1 = 9.999998e-04
Doing analysis at TEMP = 125.000000 and TNOM = 27.000000

Using SPARSE 1.3 as Direct Linear Solver

No. of Data Rows : 2

No. of Data Rows : 1
onoise_total_rs_thermal = 4.689158e-12
onoise_total.m.xm1.m0.id = 2.170428e-15
onoise_total.m.xm1.m0.1overf = 4.588524e-18
inoise_total.m.xm1.m0.id = 2.170429e-12
inoise_total.m.xm1.m0.1overf = 4.588525e-15
Doing analysis at TEMP = 125.000000 and TNOM = 27.000000

Using SPARSE 1.3 as Direct Linear Solver

No. of Data Rows : 1
zm2 = 9.999998e-04
Doing analysis at TEMP = 125.000000 and TNOM = 27.000000

Using SPARSE 1.3 as Direct Linear Solver

No. of Data Rows : 2

No. of Data Rows : 1
onoise_total_rs_thermal = 4.689158e-12
onoise_total.m.xm1.m0.id = 2.170428e-15
onoise_total.m.xm1.m0.1overf = 1.263816e-18
inoise_total.m.xm1.m0.id = 2.170429e-12
inoise_total.m.xm1.m0.1overf = 1.263817e-15
Doing analysis at TEMP = 125.000000 and TNOM = 27.000000

Using SPARSE 1.3 as Direct Linear Solver

No. of Data Rows : 1
zm3 = 9.999998e-04
Doing analysis at TEMP = 125.000000 and TNOM = 27.000000

Using SPARSE 1.3 as Direct Linear Solver

No. of Data Rows : 2

No. of Data Rows : 1
onoise_total_rs_thermal = 4.689158e-12
onoise_total.m.xm1.m0.id = 2.170428e-15
onoise_total.m.xm1.m0.1overf = 3.480848e-19
inoise_total.m.xm1.m0.id = 2.170429e-12
inoise_total.m.xm1.m0.1overf = 3.480849e-16
Doing analysis at TEMP = 125.000000 and TNOM = 27.000000

Using SPARSE 1.3 as Direct Linear Solver

No. of Data Rows : 1
zm4 = 9.999998e-04
Doing analysis at TEMP = 125.000000 and TNOM = 27.000000

Using SPARSE 1.3 as Direct Linear Solver

No. of Data Rows : 2

No. of Data Rows : 1
onoise_total_rs_thermal = 4.689158e-12
onoise_total.m.xm1.m0.id = 2.170428e-15
onoise_total.m.xm1.m0.1overf = 9.587054e-20
inoise_total.m.xm1.m0.id = 2.170429e-12
inoise_total.m.xm1.m0.1overf = 9.587056e-17
Doing analysis at TEMP = 125.000000 and TNOM = 27.000000

Using SPARSE 1.3 as Direct Linear Solver

No. of Data Rows : 1
zm5 = 9.999998e-04
Doing analysis at TEMP = 125.000000 and TNOM = 27.000000

Using SPARSE 1.3 as Direct Linear Solver

No. of Data Rows : 2

No. of Data Rows : 1
onoise_total_rs_thermal = 4.689158e-12
onoise_total.m.xm1.m0.id = 2.170428e-15
onoise_total.m.xm1.m0.1overf = 2.640494e-20
inoise_total.m.xm1.m0.id = 2.170429e-12
inoise_total.m.xm1.m0.1overf = 2.640494e-17
Doing analysis at TEMP = 125.000000 and TNOM = 27.000000

Using SPARSE 1.3 as Direct Linear Solver

No. of Data Rows : 1
zm6 = 9.999998e-04
Doing analysis at TEMP = 125.000000 and TNOM = 27.000000

Using SPARSE 1.3 as Direct Linear Solver

No. of Data Rows : 2

No. of Data Rows : 1
onoise_total_rs_thermal = 4.689158e-12
onoise_total.m.xm1.m0.id = 2.170428e-15
onoise_total.m.xm1.m0.1overf = 1.427241e-20
inoise_total.m.xm1.m0.id = 2.170429e-12
inoise_total.m.xm1.m0.1overf = 1.427241e-17
Note: Simulation executed from .control section 

======================================================================
=== sid_ss_125c_2.97v_xmph_p0833
======================================================================
.temp 125
vg g 0 dc -1.179520500000e+00
vb b 0 dc 4.156202488400e-09
vd dd 0 dc 1.622912900000e-04
rs dd d 1.00000000e-03
--- ngspice output ---

Note: No compatibility mode selected!


Circuit: * gf180-pll :: period-jitter :: s_id along the trajectory -- generated.

Doing analysis at TEMP = 125.000000 and TNOM = 27.000000

Using SPARSE 1.3 as Direct Linear Solver

No. of Data Rows : 1
@m.xm1.m0[vgs] = 1.179521e+00
@m.xm1.m0[vds] = -1.62283e-04
@m.xm1.m0[vbs] = -1.44725e-11
@m.xm1.m0[id] = 3.287087e-08
@m.xm1.m0[gm] = 8.336920e-08
@m.xm1.m0[gds] = 2.025045e-04
v(d) = 1.622913e-04
Doing analysis at TEMP = 125.000000 and TNOM = 27.000000

Using SPARSE 1.3 as Direct Linear Solver

No. of Data Rows : 1
zm0 = 9.999998e-04
Doing analysis at TEMP = 125.000000 and TNOM = 27.000000

Using SPARSE 1.3 as Direct Linear Solver

No. of Data Rows : 2

No. of Data Rows : 1
onoise_total_rs_thermal = 4.689158e-12
onoise_total.m.xm1.m0.id = 2.170429e-15
onoise_total.m.xm1.m0.1overf = 1.665662e-17
inoise_total.m.xm1.m0.id = 2.170429e-12
inoise_total.m.xm1.m0.1overf = 1.665663e-14
Doing analysis at TEMP = 125.000000 and TNOM = 27.000000

Using SPARSE 1.3 as Direct Linear Solver

No. of Data Rows : 1
zm1 = 9.999998e-04
Doing analysis at TEMP = 125.000000 and TNOM = 27.000000

Using SPARSE 1.3 as Direct Linear Solver

No. of Data Rows : 2

No. of Data Rows : 1
onoise_total_rs_thermal = 4.689158e-12
onoise_total.m.xm1.m0.id = 2.170429e-15
onoise_total.m.xm1.m0.1overf = 4.588770e-18
inoise_total.m.xm1.m0.id = 2.170429e-12
inoise_total.m.xm1.m0.1overf = 4.588771e-15
Doing analysis at TEMP = 125.000000 and TNOM = 27.000000

Using SPARSE 1.3 as Direct Linear Solver

No. of Data Rows : 1
zm2 = 9.999998e-04
Doing analysis at TEMP = 125.000000 and TNOM = 27.000000

Using SPARSE 1.3 as Direct Linear Solver

No. of Data Rows : 2

No. of Data Rows : 1
onoise_total_rs_thermal = 4.689158e-12
onoise_total.m.xm1.m0.id = 2.170429e-15
onoise_total.m.xm1.m0.1overf = 1.263884e-18
inoise_total.m.xm1.m0.id = 2.170429e-12
inoise_total.m.xm1.m0.1overf = 1.263884e-15
Doing analysis at TEMP = 125.000000 and TNOM = 27.000000

Using SPARSE 1.3 as Direct Linear Solver

No. of Data Rows : 1
zm3 = 9.999998e-04
Doing analysis at TEMP = 125.000000 and TNOM = 27.000000

Using SPARSE 1.3 as Direct Linear Solver

No. of Data Rows : 2

No. of Data Rows : 1
onoise_total_rs_thermal = 4.689158e-12
onoise_total.m.xm1.m0.id = 2.170429e-15
onoise_total.m.xm1.m0.1overf = 3.481035e-19
inoise_total.m.xm1.m0.id = 2.170429e-12
inoise_total.m.xm1.m0.1overf = 3.481036e-16
Doing analysis at TEMP = 125.000000 and TNOM = 27.000000

Using SPARSE 1.3 as Direct Linear Solver

No. of Data Rows : 1
zm4 = 9.999998e-04
Doing analysis at TEMP = 125.000000 and TNOM = 27.000000

Using SPARSE 1.3 as Direct Linear Solver

No. of Data Rows : 2

No. of Data Rows : 1
onoise_total_rs_thermal = 4.689158e-12
onoise_total.m.xm1.m0.id = 2.170429e-15
onoise_total.m.xm1.m0.1overf = 9.587568e-20
inoise_total.m.xm1.m0.id = 2.170429e-12
inoise_total.m.xm1.m0.1overf = 9.587570e-17
Doing analysis at TEMP = 125.000000 and TNOM = 27.000000

Using SPARSE 1.3 as Direct Linear Solver

No. of Data Rows : 1
zm5 = 9.999998e-04
Doing analysis at TEMP = 125.000000 and TNOM = 27.000000

Using SPARSE 1.3 as Direct Linear Solver

No. of Data Rows : 2

No. of Data Rows : 1
onoise_total_rs_thermal = 4.689158e-12
onoise_total.m.xm1.m0.id = 2.170429e-15
onoise_total.m.xm1.m0.1overf = 2.640636e-20
inoise_total.m.xm1.m0.id = 2.170429e-12
inoise_total.m.xm1.m0.1overf = 2.640636e-17
Doing analysis at TEMP = 125.000000 and TNOM = 27.000000

Using SPARSE 1.3 as Direct Linear Solver

No. of Data Rows : 1
zm6 = 9.999998e-04
Doing analysis at TEMP = 125.000000 and TNOM = 27.000000

Using SPARSE 1.3 as Direct Linear Solver

No. of Data Rows : 2

No. of Data Rows : 1
onoise_total_rs_thermal = 4.689158e-12
onoise_total.m.xm1.m0.id = 2.170429e-15
onoise_total.m.xm1.m0.1overf = 1.427317e-20
inoise_total.m.xm1.m0.id = 2.170429e-12
inoise_total.m.xm1.m0.1overf = 1.427318e-17
Note: Simulation executed from .control section 

======================================================================
=== sid_ss_125c_2.97v_xmph_p0875_pass1
======================================================================
.temp 125
vg g 0 dc -1.178423000000e+00
vb b 0 dc 7.758409470000e-09
vd dd 0 dc -2.899135160000e-04
rs dd d 1.00000000e-03
--- ngspice output ---

Note: No compatibility mode selected!


Circuit: * gf180-pll :: period-jitter :: s_id along the trajectory -- generated.

Doing analysis at TEMP = 125.000000 and TNOM = 27.000000

Using SPARSE 1.3 as Direct Linear Solver

No. of Data Rows : 1
@m.xm1.m0[vgs] = 1.178423e+00
@m.xm1.m0[vds] = 2.898987e-04
@m.xm1.m0[vbs] = -1.51304e-08
@m.xm1.m0[id] = 5.850822e-08
@m.xm1.m0[gm] = 1.489692e-07
@m.xm1.m0[gds] = 2.017367e-04
v(d) = -2.89913e-04
Doing analysis at TEMP = 125.000000 and TNOM = 27.000000

Using SPARSE 1.3 as Direct Linear Solver

No. of Data Rows : 1
zm0 = 9.999998e-04
Doing analysis at TEMP = 125.000000 and TNOM = 27.000000

Using SPARSE 1.3 as Direct Linear Solver

No. of Data Rows : 2

No. of Data Rows : 1
onoise_total_rs_thermal = 4.689158e-12
onoise_total.m.xm1.m0.id = 2.166525e-15
onoise_total.m.xm1.m0.1overf = 2.969005e-17
inoise_total.m.xm1.m0.id = 2.166526e-12
inoise_total.m.xm1.m0.1overf = 2.969006e-14
Doing analysis at TEMP = 125.000000 and TNOM = 27.000000

Using SPARSE 1.3 as Direct Linear Solver

No. of Data Rows : 1
zm1 = 9.999998e-04
Doing analysis at TEMP = 125.000000 and TNOM = 27.000000

Using SPARSE 1.3 as Direct Linear Solver

No. of Data Rows : 2

No. of Data Rows : 1
onoise_total_rs_thermal = 4.689158e-12
onoise_total.m.xm1.m0.id = 2.166525e-15
onoise_total.m.xm1.m0.1overf = 8.179379e-18
inoise_total.m.xm1.m0.id = 2.166526e-12
inoise_total.m.xm1.m0.1overf = 8.179381e-15
Doing analysis at TEMP = 125.000000 and TNOM = 27.000000

Using SPARSE 1.3 as Direct Linear Solver

No. of Data Rows : 1
zm2 = 9.999998e-04
Doing analysis at TEMP = 125.000000 and TNOM = 27.000000

Using SPARSE 1.3 as Direct Linear Solver

No. of Data Rows : 2

No. of Data Rows : 1
onoise_total_rs_thermal = 4.689158e-12
onoise_total.m.xm1.m0.id = 2.166525e-15
onoise_total.m.xm1.m0.1overf = 2.252845e-18
inoise_total.m.xm1.m0.id = 2.166526e-12
inoise_total.m.xm1.m0.1overf = 2.252845e-15
Doing analysis at TEMP = 125.000000 and TNOM = 27.000000

Using SPARSE 1.3 as Direct Linear Solver

No. of Data Rows : 1
zm3 = 9.999998e-04
Doing analysis at TEMP = 125.000000 and TNOM = 27.000000

Using SPARSE 1.3 as Direct Linear Solver

No. of Data Rows : 2

No. of Data Rows : 1
onoise_total_rs_thermal = 4.689158e-12
onoise_total.m.xm1.m0.id = 2.166525e-15
onoise_total.m.xm1.m0.1overf = 6.204866e-19
inoise_total.m.xm1.m0.id = 2.166526e-12
inoise_total.m.xm1.m0.1overf = 6.204867e-16
Doing analysis at TEMP = 125.000000 and TNOM = 27.000000

Using SPARSE 1.3 as Direct Linear Solver

No. of Data Rows : 1
zm4 = 9.999998e-04
Doing analysis at TEMP = 125.000000 and TNOM = 27.000000

Using SPARSE 1.3 as Direct Linear Solver

No. of Data Rows : 2

No. of Data Rows : 1
onoise_total_rs_thermal = 4.689158e-12
onoise_total.m.xm1.m0.id = 2.166525e-15
onoise_total.m.xm1.m0.1overf = 1.708962e-19
inoise_total.m.xm1.m0.id = 2.166526e-12
inoise_total.m.xm1.m0.1overf = 1.708963e-16
Doing analysis at TEMP = 125.000000 and TNOM = 27.000000

Using SPARSE 1.3 as Direct Linear Solver

No. of Data Rows : 1
zm5 = 9.999998e-04
Doing analysis at TEMP = 125.000000 and TNOM = 27.000000

Using SPARSE 1.3 as Direct Linear Solver

No. of Data Rows : 2

No. of Data Rows : 1
onoise_total_rs_thermal = 4.689158e-12
onoise_total.m.xm1.m0.id = 2.166525e-15
onoise_total.m.xm1.m0.1overf = 4.706873e-20
inoise_total.m.xm1.m0.id = 2.166526e-12
inoise_total.m.xm1.m0.1overf = 4.706874e-17
Doing analysis at TEMP = 125.000000 and TNOM = 27.000000

Using SPARSE 1.3 as Direct Linear Solver

No. of Data Rows : 1
zm6 = 9.999998e-04
Doing analysis at TEMP = 125.000000 and TNOM = 27.000000

Using SPARSE 1.3 as Direct Linear Solver

No. of Data Rows : 2

No. of Data Rows : 1
onoise_total_rs_thermal = 4.689158e-12
onoise_total.m.xm1.m0.id = 2.166525e-15
onoise_total.m.xm1.m0.1overf = 2.544161e-20
inoise_total.m.xm1.m0.id = 2.166526e-12
inoise_total.m.xm1.m0.1overf = 2.544162e-17
Note: Simulation executed from .control section 

======================================================================
=== sid_ss_125c_2.97v_xmph_p0875
======================================================================
.temp 125
vg g 0 dc -1.178423000000e+00
vb b 0 dc 3.864189400000e-10
vd dd 0 dc -2.899283320000e-04
rs dd d 1.00000000e-03
--- ngspice output ---

Note: No compatibility mode selected!


Circuit: * gf180-pll :: period-jitter :: s_id along the trajectory -- generated.

Doing analysis at TEMP = 125.000000 and TNOM = 27.000000

Using SPARSE 1.3 as Direct Linear Solver

No. of Data Rows : 1
@m.xm1.m0[vgs] = 1.178423e+00
@m.xm1.m0[vds] = 2.899135e-04
@m.xm1.m0[vbs] = -7.75883e-09
@m.xm1.m0[id] = 5.851121e-08
@m.xm1.m0[gm] = 1.489768e-07
@m.xm1.m0[gds] = 2.017367e-04
v(d) = -2.89928e-04
Doing analysis at TEMP = 125.000000 and TNOM = 27.000000

Using SPARSE 1.3 as Direct Linear Solver

No. of Data Rows : 1
zm0 = 9.999998e-04
Doing analysis at TEMP = 125.000000 and TNOM = 27.000000

Using SPARSE 1.3 as Direct Linear Solver

No. of Data Rows : 2

No. of Data Rows : 1
onoise_total_rs_thermal = 4.689158e-12
onoise_total.m.xm1.m0.id = 2.166525e-15
onoise_total.m.xm1.m0.1overf = 2.969157e-17
inoise_total.m.xm1.m0.id = 2.166526e-12
inoise_total.m.xm1.m0.1overf = 2.969158e-14
Doing analysis at TEMP = 125.000000 and TNOM = 27.000000

Using SPARSE 1.3 as Direct Linear Solver

No. of Data Rows : 1
zm1 = 9.999998e-04
Doing analysis at TEMP = 125.000000 and TNOM = 27.000000

Using SPARSE 1.3 as Direct Linear Solver

No. of Data Rows : 2

No. of Data Rows : 1
onoise_total_rs_thermal = 4.689158e-12
onoise_total.m.xm1.m0.id = 2.166525e-15
onoise_total.m.xm1.m0.1overf = 8.179797e-18
inoise_total.m.xm1.m0.id = 2.166526e-12
inoise_total.m.xm1.m0.1overf = 8.179799e-15
Doing analysis at TEMP = 125.000000 and TNOM = 27.000000

Using SPARSE 1.3 as Direct Linear Solver

No. of Data Rows : 1
zm2 = 9.999998e-04
Doing analysis at TEMP = 125.000000 and TNOM = 27.000000

Using SPARSE 1.3 as Direct Linear Solver

No. of Data Rows : 2

No. of Data Rows : 1
onoise_total_rs_thermal = 4.689158e-12
onoise_total.m.xm1.m0.id = 2.166525e-15
onoise_total.m.xm1.m0.1overf = 2.252960e-18
inoise_total.m.xm1.m0.id = 2.166526e-12
inoise_total.m.xm1.m0.1overf = 2.252961e-15
Doing analysis at TEMP = 125.000000 and TNOM = 27.000000

Using SPARSE 1.3 as Direct Linear Solver

No. of Data Rows : 1
zm3 = 9.999998e-04
Doing analysis at TEMP = 125.000000 and TNOM = 27.000000

Using SPARSE 1.3 as Direct Linear Solver

No. of Data Rows : 2

No. of Data Rows : 1
onoise_total_rs_thermal = 4.689158e-12
onoise_total.m.xm1.m0.id = 2.166525e-15
onoise_total.m.xm1.m0.1overf = 6.205183e-19
inoise_total.m.xm1.m0.id = 2.166526e-12
inoise_total.m.xm1.m0.1overf = 6.205184e-16
Doing analysis at TEMP = 125.000000 and TNOM = 27.000000

Using SPARSE 1.3 as Direct Linear Solver

No. of Data Rows : 1
zm4 = 9.999998e-04
Doing analysis at TEMP = 125.000000 and TNOM = 27.000000

Using SPARSE 1.3 as Direct Linear Solver

No. of Data Rows : 2

No. of Data Rows : 1
onoise_total_rs_thermal = 4.689158e-12
onoise_total.m.xm1.m0.id = 2.166525e-15
onoise_total.m.xm1.m0.1overf = 1.709050e-19
inoise_total.m.xm1.m0.id = 2.166526e-12
inoise_total.m.xm1.m0.1overf = 1.709050e-16
Doing analysis at TEMP = 125.000000 and TNOM = 27.000000

Using SPARSE 1.3 as Direct Linear Solver

No. of Data Rows : 1
zm5 = 9.999998e-04
Doing analysis at TEMP = 125.000000 and TNOM = 27.000000

Using SPARSE 1.3 as Direct Linear Solver

No. of Data Rows : 2

No. of Data Rows : 1
onoise_total_rs_thermal = 4.689158e-12
onoise_total.m.xm1.m0.id = 2.166525e-15
onoise_total.m.xm1.m0.1overf = 4.707114e-20
inoise_total.m.xm1.m0.id = 2.166526e-12
inoise_total.m.xm1.m0.1overf = 4.707115e-17
Doing analysis at TEMP = 125.000000 and TNOM = 27.000000

Using SPARSE 1.3 as Direct Linear Solver

No. of Data Rows : 1
zm6 = 9.999998e-04
Doing analysis at TEMP = 125.000000 and TNOM = 27.000000

Using SPARSE 1.3 as Direct Linear Solver

No. of Data Rows : 2

No. of Data Rows : 1
onoise_total_rs_thermal = 4.689158e-12
onoise_total.m.xm1.m0.id = 2.166525e-15
onoise_total.m.xm1.m0.1overf = 2.544291e-20
inoise_total.m.xm1.m0.id = 2.166526e-12
inoise_total.m.xm1.m0.1overf = 2.544292e-17
Note: Simulation executed from .control section 

======================================================================
=== sid_ss_125c_2.97v_xmph_p0917_pass1
======================================================================
.temp 125
vg g 0 dc -1.181590770000e+00
vb b 0 dc 8.935734860000e-08
vd dd 0 dc -3.717917550000e-03
rs dd d 1.00000000e-03
--- ngspice output ---

Note: No compatibility mode selected!


Circuit: * gf180-pll :: period-jitter :: s_id along the trajectory -- generated.

Doing analysis at TEMP = 125.000000 and TNOM = 27.000000

Using SPARSE 1.3 as Direct Linear Solver

No. of Data Rows : 1
@m.xm1.m0[vgs] = 1.181591e+00
@m.xm1.m0[vds] = 3.717727e-03
@m.xm1.m0[vbs] = -1.84182e-07
@m.xm1.m0[id] = 7.525754e-07
@m.xm1.m0[gm] = 1.907768e-06
@m.xm1.m0[gds] = 2.013216e-04
v(d) = -3.71792e-03
Doing analysis at TEMP = 125.000000 and TNOM = 27.000000

Using SPARSE 1.3 as Direct Linear Solver

No. of Data Rows : 1
zm0 = 9.999998e-04
Doing analysis at TEMP = 125.000000 and TNOM = 27.000000

Using SPARSE 1.3 as Direct Linear Solver

No. of Data Rows : 2

No. of Data Rows : 1
onoise_total_rs_thermal = 4.689158e-12
onoise_total.m.xm1.m0.id = 2.167493e-15
onoise_total.m.xm1.m0.1overf = 3.815381e-16
inoise_total.m.xm1.m0.id = 2.167494e-12
inoise_total.m.xm1.m0.1overf = 3.815382e-13
Doing analysis at TEMP = 125.000000 and TNOM = 27.000000

Using SPARSE 1.3 as Direct Linear Solver

No. of Data Rows : 1
zm1 = 9.999998e-04
Doing analysis at TEMP = 125.000000 and TNOM = 27.000000

Using SPARSE 1.3 as Direct Linear Solver

No. of Data Rows : 2

No. of Data Rows : 1
onoise_total_rs_thermal = 4.689158e-12
onoise_total.m.xm1.m0.id = 2.167493e-15
onoise_total.m.xm1.m0.1overf = 1.051108e-16
inoise_total.m.xm1.m0.id = 2.167494e-12
inoise_total.m.xm1.m0.1overf = 1.051108e-13
Doing analysis at TEMP = 125.000000 and TNOM = 27.000000

Using SPARSE 1.3 as Direct Linear Solver

No. of Data Rows : 1
zm2 = 9.999998e-04
Doing analysis at TEMP = 125.000000 and TNOM = 27.000000

Using SPARSE 1.3 as Direct Linear Solver

No. of Data Rows : 2

No. of Data Rows : 1
onoise_total_rs_thermal = 4.689158e-12
onoise_total.m.xm1.m0.id = 2.167493e-15
onoise_total.m.xm1.m0.1overf = 2.895064e-17
inoise_total.m.xm1.m0.id = 2.167494e-12
inoise_total.m.xm1.m0.1overf = 2.895065e-14
Doing analysis at TEMP = 125.000000 and TNOM = 27.000000

Using SPARSE 1.3 as Direct Linear Solver

No. of Data Rows : 1
zm3 = 9.999998e-04
Doing analysis at TEMP = 125.000000 and TNOM = 27.000000

Using SPARSE 1.3 as Direct Linear Solver

No. of Data Rows : 2

No. of Data Rows : 1
onoise_total_rs_thermal = 4.689158e-12
onoise_total.m.xm1.m0.id = 2.167493e-15
onoise_total.m.xm1.m0.1overf = 7.973690e-18
inoise_total.m.xm1.m0.id = 2.167494e-12
inoise_total.m.xm1.m0.1overf = 7.973691e-15
Doing analysis at TEMP = 125.000000 and TNOM = 27.000000

Using SPARSE 1.3 as Direct Linear Solver

No. of Data Rows : 1
zm4 = 9.999998e-04
Doing analysis at TEMP = 125.000000 and TNOM = 27.000000

Using SPARSE 1.3 as Direct Linear Solver

No. of Data Rows : 2

No. of Data Rows : 1
onoise_total_rs_thermal = 4.689158e-12
onoise_total.m.xm1.m0.id = 2.167493e-15
onoise_total.m.xm1.m0.1overf = 2.196137e-18
inoise_total.m.xm1.m0.id = 2.167494e-12
inoise_total.m.xm1.m0.1overf = 2.196138e-15
Doing analysis at TEMP = 125.000000 and TNOM = 27.000000

Using SPARSE 1.3 as Direct Linear Solver

No. of Data Rows : 1
zm5 = 9.999998e-04
Doing analysis at TEMP = 125.000000 and TNOM = 27.000000

Using SPARSE 1.3 as Direct Linear Solver

No. of Data Rows : 2

No. of Data Rows : 1
onoise_total_rs_thermal = 4.689158e-12
onoise_total.m.xm1.m0.id = 2.167493e-15
onoise_total.m.xm1.m0.1overf = 6.048663e-19
inoise_total.m.xm1.m0.id = 2.167494e-12
inoise_total.m.xm1.m0.1overf = 6.048664e-16
Doing analysis at TEMP = 125.000000 and TNOM = 27.000000

Using SPARSE 1.3 as Direct Linear Solver

No. of Data Rows : 1
zm6 = 9.999998e-04
Doing analysis at TEMP = 125.000000 and TNOM = 27.000000

Using SPARSE 1.3 as Direct Linear Solver

No. of Data Rows : 2

No. of Data Rows : 1
onoise_total_rs_thermal = 4.689158e-12
onoise_total.m.xm1.m0.id = 2.167493e-15
onoise_total.m.xm1.m0.1overf = 3.269427e-19
inoise_total.m.xm1.m0.id = 2.167494e-12
inoise_total.m.xm1.m0.1overf = 3.269427e-16
Note: Simulation executed from .control section 

======================================================================
=== sid_ss_125c_2.97v_xmph_p0917
======================================================================
.temp 125
vg g 0 dc -1.181590540000e+00
vb b 0 dc -5.467302800000e-09
vd dd 0 dc -3.718108100000e-03
rs dd d 1.00000000e-03
--- ngspice output ---

Note: No compatibility mode selected!


Circuit: * gf180-pll :: period-jitter :: s_id along the trajectory -- generated.

Doing analysis at TEMP = 125.000000 and TNOM = 27.000000

Using SPARSE 1.3 as Direct Linear Solver

No. of Data Rows : 1
@m.xm1.m0[vgs] = 1.181590e+00
@m.xm1.m0[vds] = 3.717918e-03
@m.xm1.m0[vbs] = -8.93620e-08
@m.xm1.m0[id] = 7.526134e-07
@m.xm1.m0[gm] = 1.907866e-06
@m.xm1.m0[gds] = 2.013214e-04
v(d) = -3.71811e-03
Doing analysis at TEMP = 125.000000 and TNOM = 27.000000

Using SPARSE 1.3 as Direct Linear Solver

No. of Data Rows : 1
zm0 = 9.999998e-04
Doing analysis at TEMP = 125.000000 and TNOM = 27.000000

Using SPARSE 1.3 as Direct Linear Solver

No. of Data Rows : 2

No. of Data Rows : 1
onoise_total_rs_thermal = 4.689158e-12
onoise_total.m.xm1.m0.id = 2.167492e-15
onoise_total.m.xm1.m0.1overf = 3.815575e-16
inoise_total.m.xm1.m0.id = 2.167493e-12
inoise_total.m.xm1.m0.1overf = 3.815576e-13
Doing analysis at TEMP = 125.000000 and TNOM = 27.000000

Using SPARSE 1.3 as Direct Linear Solver

No. of Data Rows : 1
zm1 = 9.999998e-04
Doing analysis at TEMP = 125.000000 and TNOM = 27.000000

Using SPARSE 1.3 as Direct Linear Solver

No. of Data Rows : 2

No. of Data Rows : 1
onoise_total_rs_thermal = 4.689158e-12
onoise_total.m.xm1.m0.id = 2.167492e-15
onoise_total.m.xm1.m0.1overf = 1.051161e-16
inoise_total.m.xm1.m0.id = 2.167493e-12
inoise_total.m.xm1.m0.1overf = 1.051162e-13
Doing analysis at TEMP = 125.000000 and TNOM = 27.000000

Using SPARSE 1.3 as Direct Linear Solver

No. of Data Rows : 1
zm2 = 9.999998e-04
Doing analysis at TEMP = 125.000000 and TNOM = 27.000000

Using SPARSE 1.3 as Direct Linear Solver

No. of Data Rows : 2

No. of Data Rows : 1
onoise_total_rs_thermal = 4.689158e-12
onoise_total.m.xm1.m0.id = 2.167492e-15
onoise_total.m.xm1.m0.1overf = 2.895212e-17
inoise_total.m.xm1.m0.id = 2.167493e-12
inoise_total.m.xm1.m0.1overf = 2.895212e-14
Doing analysis at TEMP = 125.000000 and TNOM = 27.000000

Using SPARSE 1.3 as Direct Linear Solver

No. of Data Rows : 1
zm3 = 9.999998e-04
Doing analysis at TEMP = 125.000000 and TNOM = 27.000000

Using SPARSE 1.3 as Direct Linear Solver

No. of Data Rows : 2

No. of Data Rows : 1
onoise_total_rs_thermal = 4.689158e-12
onoise_total.m.xm1.m0.id = 2.167492e-15
onoise_total.m.xm1.m0.1overf = 7.974095e-18
inoise_total.m.xm1.m0.id = 2.167493e-12
inoise_total.m.xm1.m0.1overf = 7.974097e-15
Doing analysis at TEMP = 125.000000 and TNOM = 27.000000

Using SPARSE 1.3 as Direct Linear Solver

No. of Data Rows : 1
zm4 = 9.999998e-04
Doing analysis at TEMP = 125.000000 and TNOM = 27.000000

Using SPARSE 1.3 as Direct Linear Solver

No. of Data Rows : 2

No. of Data Rows : 1
onoise_total_rs_thermal = 4.689158e-12
onoise_total.m.xm1.m0.id = 2.167492e-15
onoise_total.m.xm1.m0.1overf = 2.196249e-18
inoise_total.m.xm1.m0.id = 2.167493e-12
inoise_total.m.xm1.m0.1overf = 2.196249e-15
Doing analysis at TEMP = 125.000000 and TNOM = 27.000000

Using SPARSE 1.3 as Direct Linear Solver

No. of Data Rows : 1
zm5 = 9.999998e-04
Doing analysis at TEMP = 125.000000 and TNOM = 27.000000

Using SPARSE 1.3 as Direct Linear Solver

No. of Data Rows : 2

No. of Data Rows : 1
onoise_total_rs_thermal = 4.689158e-12
onoise_total.m.xm1.m0.id = 2.167492e-15
onoise_total.m.xm1.m0.1overf = 6.048971e-19
inoise_total.m.xm1.m0.id = 2.167493e-12
inoise_total.m.xm1.m0.1overf = 6.048972e-16
Doing analysis at TEMP = 125.000000 and TNOM = 27.000000

Using SPARSE 1.3 as Direct Linear Solver

No. of Data Rows : 1
zm6 = 9.999998e-04
Doing analysis at TEMP = 125.000000 and TNOM = 27.000000

Using SPARSE 1.3 as Direct Linear Solver

No. of Data Rows : 2

No. of Data Rows : 1
onoise_total_rs_thermal = 4.689158e-12
onoise_total.m.xm1.m0.id = 2.167492e-15
onoise_total.m.xm1.m0.1overf = 3.269593e-19
inoise_total.m.xm1.m0.id = 2.167493e-12
inoise_total.m.xm1.m0.1overf = 3.269593e-16
Note: Simulation executed from .control section 

======================================================================
=== sid_ss_125c_2.97v_xmph_p0958_pass1
======================================================================
.temp 125
vg g 0 dc -1.174799480000e+00
vb b 0 dc 1.531638700000e-07
vd dd 0 dc -9.820643910000e-03
rs dd d 1.00000000e-03
--- ngspice output ---

Note: No compatibility mode selected!


Circuit: * gf180-pll :: period-jitter :: s_id along the trajectory -- generated.

Doing analysis at TEMP = 125.000000 and TNOM = 27.000000

Using SPARSE 1.3 as Direct Linear Solver

No. of Data Rows : 1
@m.xm1.m0[vgs] = 1.174799e+00
@m.xm1.m0[vds] = 9.820154e-03
@m.xm1.m0[vbs] = -3.97079e-07
@m.xm1.m0[id] = 1.935831e-06
@m.xm1.m0[gm] = 5.041324e-06
@m.xm1.m0[gds] = 1.942130e-04
v(d) = -9.82064e-03
Doing analysis at TEMP = 125.000000 and TNOM = 27.000000

Using SPARSE 1.3 as Direct Linear Solver

No. of Data Rows : 1
zm0 = 9.999998e-04
Doing analysis at TEMP = 125.000000 and TNOM = 27.000000

Using SPARSE 1.3 as Direct Linear Solver

No. of Data Rows : 2

No. of Data Rows : 1
onoise_total_rs_thermal = 4.689158e-12
onoise_total.m.xm1.m0.id = 2.135685e-15
onoise_total.m.xm1.m0.1overf = 9.923376e-16
inoise_total.m.xm1.m0.id = 2.135685e-12
inoise_total.m.xm1.m0.1overf = 9.923378e-13
Doing analysis at TEMP = 125.000000 and TNOM = 27.000000

Using SPARSE 1.3 as Direct Linear Solver

No. of Data Rows : 1
zm1 = 9.999998e-04
Doing analysis at TEMP = 125.000000 and TNOM = 27.000000

Using SPARSE 1.3 as Direct Linear Solver

No. of Data Rows : 2

No. of Data Rows : 1
onoise_total_rs_thermal = 4.689158e-12
onoise_total.m.xm1.m0.id = 2.135685e-15
onoise_total.m.xm1.m0.1overf = 2.733813e-16
inoise_total.m.xm1.m0.id = 2.135685e-12
inoise_total.m.xm1.m0.1overf = 2.733814e-13
Doing analysis at TEMP = 125.000000 and TNOM = 27.000000

Using SPARSE 1.3 as Direct Linear Solver

No. of Data Rows : 1
zm2 = 9.999998e-04
Doing analysis at TEMP = 125.000000 and TNOM = 27.000000

Using SPARSE 1.3 as Direct Linear Solver

No. of Data Rows : 2

No. of Data Rows : 1
onoise_total_rs_thermal = 4.689158e-12
onoise_total.m.xm1.m0.id = 2.135685e-15
onoise_total.m.xm1.m0.1overf = 7.529737e-17
inoise_total.m.xm1.m0.id = 2.135685e-12
inoise_total.m.xm1.m0.1overf = 7.529738e-14
Doing analysis at TEMP = 125.000000 and TNOM = 27.000000

Using SPARSE 1.3 as Direct Linear Solver

No. of Data Rows : 1
zm3 = 9.999998e-04
Doing analysis at TEMP = 125.000000 and TNOM = 27.000000

Using SPARSE 1.3 as Direct Linear Solver

No. of Data Rows : 2

No. of Data Rows : 1
onoise_total_rs_thermal = 4.689158e-12
onoise_total.m.xm1.m0.id = 2.135685e-15
onoise_total.m.xm1.m0.1overf = 2.073867e-17
inoise_total.m.xm1.m0.id = 2.135685e-12
inoise_total.m.xm1.m0.1overf = 2.073867e-14
Doing analysis at TEMP = 125.000000 and TNOM = 27.000000

Using SPARSE 1.3 as Direct Linear Solver

No. of Data Rows : 1
zm4 = 9.999998e-04
Doing analysis at TEMP = 125.000000 and TNOM = 27.000000

Using SPARSE 1.3 as Direct Linear Solver

No. of Data Rows : 2

No. of Data Rows : 1
onoise_total_rs_thermal = 4.689158e-12
onoise_total.m.xm1.m0.id = 2.135685e-15
onoise_total.m.xm1.m0.1overf = 5.711905e-18
inoise_total.m.xm1.m0.id = 2.135685e-12
inoise_total.m.xm1.m0.1overf = 5.711906e-15
Doing analysis at TEMP = 125.000000 and TNOM = 27.000000

Using SPARSE 1.3 as Direct Linear Solver

No. of Data Rows : 1
zm5 = 9.999998e-04
Doing analysis at TEMP = 125.000000 and TNOM = 27.000000

Using SPARSE 1.3 as Direct Linear Solver

No. of Data Rows : 2

No. of Data Rows : 1
onoise_total_rs_thermal = 4.689158e-12
onoise_total.m.xm1.m0.id = 2.135685e-15
onoise_total.m.xm1.m0.1overf = 1.573189e-18
inoise_total.m.xm1.m0.id = 2.135685e-12
inoise_total.m.xm1.m0.1overf = 1.573189e-15
Doing analysis at TEMP = 125.000000 and TNOM = 27.000000

Using SPARSE 1.3 as Direct Linear Solver

No. of Data Rows : 1
zm6 = 9.999998e-04
Doing analysis at TEMP = 125.000000 and TNOM = 27.000000

Using SPARSE 1.3 as Direct Linear Solver

No. of Data Rows : 2

No. of Data Rows : 1
onoise_total_rs_thermal = 4.689158e-12
onoise_total.m.xm1.m0.id = 2.135685e-15
onoise_total.m.xm1.m0.1overf = 8.503410e-19
inoise_total.m.xm1.m0.id = 2.135685e-12
inoise_total.m.xm1.m0.1overf = 8.503412e-16
Note: Simulation executed from .control section 

======================================================================
=== sid_ss_125c_2.97v_xmph_p0958
======================================================================
.temp 125
vg g 0 dc -1.174799960000e+00
vb b 0 dc -9.075126000000e-08
vd dd 0 dc -9.821133820000e-03
rs dd d 1.00000000e-03
--- ngspice output ---

Note: No compatibility mode selected!


Circuit: * gf180-pll :: period-jitter :: s_id along the trajectory -- generated.

Doing analysis at TEMP = 125.000000 and TNOM = 27.000000

Using SPARSE 1.3 as Direct Linear Solver

No. of Data Rows : 1
@m.xm1.m0[vgs] = 1.174800e+00
@m.xm1.m0[vds] = 9.820644e-03
@m.xm1.m0[vbs] = -1.53176e-07
@m.xm1.m0[id] = 1.935929e-06
@m.xm1.m0[gm] = 5.041574e-06
@m.xm1.m0[gds] = 1.942130e-04
v(d) = -9.82113e-03
Doing analysis at TEMP = 125.000000 and TNOM = 27.000000

Using SPARSE 1.3 as Direct Linear Solver

No. of Data Rows : 1
zm0 = 9.999998e-04
Doing analysis at TEMP = 125.000000 and TNOM = 27.000000

Using SPARSE 1.3 as Direct Linear Solver

No. of Data Rows : 2

No. of Data Rows : 1
onoise_total_rs_thermal = 4.689158e-12
onoise_total.m.xm1.m0.id = 2.135685e-15
onoise_total.m.xm1.m0.1overf = 9.923877e-16
inoise_total.m.xm1.m0.id = 2.135686e-12
inoise_total.m.xm1.m0.1overf = 9.923879e-13
Doing analysis at TEMP = 125.000000 and TNOM = 27.000000

Using SPARSE 1.3 as Direct Linear Solver

No. of Data Rows : 1
zm1 = 9.999998e-04
Doing analysis at TEMP = 125.000000 and TNOM = 27.000000

Using SPARSE 1.3 as Direct Linear Solver

No. of Data Rows : 2

No. of Data Rows : 1
onoise_total_rs_thermal = 4.689158e-12
onoise_total.m.xm1.m0.id = 2.135685e-15
onoise_total.m.xm1.m0.1overf = 2.733951e-16
inoise_total.m.xm1.m0.id = 2.135686e-12
inoise_total.m.xm1.m0.1overf = 2.733952e-13
Doing analysis at TEMP = 125.000000 and TNOM = 27.000000

Using SPARSE 1.3 as Direct Linear Solver

No. of Data Rows : 1
zm2 = 9.999998e-04
Doing analysis at TEMP = 125.000000 and TNOM = 27.000000

Using SPARSE 1.3 as Direct Linear Solver

No. of Data Rows : 2

No. of Data Rows : 1
onoise_total_rs_thermal = 4.689158e-12
onoise_total.m.xm1.m0.id = 2.135685e-15
onoise_total.m.xm1.m0.1overf = 7.530117e-17
inoise_total.m.xm1.m0.id = 2.135686e-12
inoise_total.m.xm1.m0.1overf = 7.530118e-14
Doing analysis at TEMP = 125.000000 and TNOM = 27.000000

Using SPARSE 1.3 as Direct Linear Solver

No. of Data Rows : 1
zm3 = 9.999998e-04
Doing analysis at TEMP = 125.000000 and TNOM = 27.000000

Using SPARSE 1.3 as Direct Linear Solver

No. of Data Rows : 2

No. of Data Rows : 1
onoise_total_rs_thermal = 4.689158e-12
onoise_total.m.xm1.m0.id = 2.135685e-15
onoise_total.m.xm1.m0.1overf = 2.073972e-17
inoise_total.m.xm1.m0.id = 2.135686e-12
inoise_total.m.xm1.m0.1overf = 2.073972e-14
Doing analysis at TEMP = 125.000000 and TNOM = 27.000000

Using SPARSE 1.3 as Direct Linear Solver

No. of Data Rows : 1
zm4 = 9.999998e-04
Doing analysis at TEMP = 125.000000 and TNOM = 27.000000

Using SPARSE 1.3 as Direct Linear Solver

No. of Data Rows : 2

No. of Data Rows : 1
onoise_total_rs_thermal = 4.689158e-12
onoise_total.m.xm1.m0.id = 2.135685e-15
onoise_total.m.xm1.m0.1overf = 5.712193e-18
inoise_total.m.xm1.m0.id = 2.135686e-12
inoise_total.m.xm1.m0.1overf = 5.712195e-15
Doing analysis at TEMP = 125.000000 and TNOM = 27.000000

Using SPARSE 1.3 as Direct Linear Solver

No. of Data Rows : 1
zm5 = 9.999998e-04
Doing analysis at TEMP = 125.000000 and TNOM = 27.000000

Using SPARSE 1.3 as Direct Linear Solver

No. of Data Rows : 2

No. of Data Rows : 1
onoise_total_rs_thermal = 4.689158e-12
onoise_total.m.xm1.m0.id = 2.135685e-15
onoise_total.m.xm1.m0.1overf = 1.573269e-18
inoise_total.m.xm1.m0.id = 2.135686e-12
inoise_total.m.xm1.m0.1overf = 1.573269e-15
Doing analysis at TEMP = 125.000000 and TNOM = 27.000000

Using SPARSE 1.3 as Direct Linear Solver

No. of Data Rows : 1
zm6 = 9.999998e-04
Doing analysis at TEMP = 125.000000 and TNOM = 27.000000

Using SPARSE 1.3 as Direct Linear Solver

No. of Data Rows : 2

No. of Data Rows : 1
onoise_total_rs_thermal = 4.689158e-12
onoise_total.m.xm1.m0.id = 2.135685e-15
onoise_total.m.xm1.m0.1overf = 8.503839e-19
inoise_total.m.xm1.m0.id = 2.135686e-12
inoise_total.m.xm1.m0.1overf = 8.503841e-16
Note: Simulation executed from .control section 
