* gf180-pll :: sim/period-jitter/sid-trajectory :: stage `sid`
* point ss_125c_2.97v, device XMP, stage 1
* Every deck and every ngspice log of the per-phase S_id table,
* in phase order, `_pass1` being the uncorrected bias pass.

======================================================================
=== sid_ss_125c_2.97v_xmp_p0000_pass1
======================================================================
.temp 125
vg g 0 dc -1.066752170000e+00
vb b 0 dc 1.018279010000e-01
vd dd 0 dc -2.828912970000e+00
rs dd d 1.00000000e-03
--- ngspice output ---

Note: No compatibility mode selected!


Circuit: * gf180-pll :: period-jitter :: s_id along the trajectory -- generated.

Doing analysis at TEMP = 125.000000 and TNOM = 27.000000

Using SPARSE 1.3 as Direct Linear Solver

No. of Data Rows : 1
@m.xm1.m0[vgs] = 1.066744e+00
@m.xm1.m0[vds] = 2.828897e+00
@m.xm1.m0[vbs] = -1.01836e-01
@m.xm1.m0[id] = 3.163641e-05
@m.xm1.m0[gm] = 1.670869e-04
@m.xm1.m0[gds] = 3.223579e-06
v(d) = -2.82891e+00
Doing analysis at TEMP = 125.000000 and TNOM = 27.000000

Using SPARSE 1.3 as Direct Linear Solver

No. of Data Rows : 1
zm0 = 1.000000e-03
Doing analysis at TEMP = 125.000000 and TNOM = 27.000000

Using SPARSE 1.3 as Direct Linear Solver

No. of Data Rows : 2

No. of Data Rows : 1
onoise_total_rs_thermal = 4.689159e-12
onoise_total.m.xm1.m0.id = 1.574922e-15
onoise_total.m.xm1.m0.1overf = 7.214279e-14
inoise_total.m.xm1.m0.id = 1.574922e-12
inoise_total.m.xm1.m0.1overf = 7.214279e-11
Doing analysis at TEMP = 125.000000 and TNOM = 27.000000

Using SPARSE 1.3 as Direct Linear Solver

No. of Data Rows : 1
zm1 = 1.000000e-03
Doing analysis at TEMP = 125.000000 and TNOM = 27.000000

Using SPARSE 1.3 as Direct Linear Solver

No. of Data Rows : 2

No. of Data Rows : 1
onoise_total_rs_thermal = 4.689159e-12
onoise_total.m.xm1.m0.id = 1.574922e-15
onoise_total.m.xm1.m0.1overf = 1.987478e-14
inoise_total.m.xm1.m0.id = 1.574922e-12
inoise_total.m.xm1.m0.1overf = 1.987478e-11
Doing analysis at TEMP = 125.000000 and TNOM = 27.000000

Using SPARSE 1.3 as Direct Linear Solver

No. of Data Rows : 1
zm2 = 1.000000e-03
Doing analysis at TEMP = 125.000000 and TNOM = 27.000000

Using SPARSE 1.3 as Direct Linear Solver

No. of Data Rows : 2

No. of Data Rows : 1
onoise_total_rs_thermal = 4.689159e-12
onoise_total.m.xm1.m0.id = 1.574922e-15
onoise_total.m.xm1.m0.1overf = 5.474107e-15
inoise_total.m.xm1.m0.id = 1.574922e-12
inoise_total.m.xm1.m0.1overf = 5.474107e-12
Doing analysis at TEMP = 125.000000 and TNOM = 27.000000

Using SPARSE 1.3 as Direct Linear Solver

No. of Data Rows : 1
zm3 = 1.000000e-03
Doing analysis at TEMP = 125.000000 and TNOM = 27.000000

Using SPARSE 1.3 as Direct Linear Solver

No. of Data Rows : 2

No. of Data Rows : 1
onoise_total_rs_thermal = 4.689159e-12
onoise_total.m.xm1.m0.id = 1.574922e-15
onoise_total.m.xm1.m0.1overf = 1.507698e-15
inoise_total.m.xm1.m0.id = 1.574922e-12
inoise_total.m.xm1.m0.1overf = 1.507698e-12
Doing analysis at TEMP = 125.000000 and TNOM = 27.000000

Using SPARSE 1.3 as Direct Linear Solver

No. of Data Rows : 1
zm4 = 1.000000e-03
Doing analysis at TEMP = 125.000000 and TNOM = 27.000000

Using SPARSE 1.3 as Direct Linear Solver

No. of Data Rows : 2

No. of Data Rows : 1
onoise_total_rs_thermal = 4.689159e-12
onoise_total.m.xm1.m0.id = 1.574922e-15
onoise_total.m.xm1.m0.1overf = 4.152546e-16
inoise_total.m.xm1.m0.id = 1.574922e-12
inoise_total.m.xm1.m0.1overf = 4.152546e-13
Doing analysis at TEMP = 125.000000 and TNOM = 27.000000

Using SPARSE 1.3 as Direct Linear Solver

No. of Data Rows : 1
zm5 = 1.000000e-03
Doing analysis at TEMP = 125.000000 and TNOM = 27.000000

Using SPARSE 1.3 as Direct Linear Solver

No. of Data Rows : 2

No. of Data Rows : 1
onoise_total_rs_thermal = 4.689159e-12
onoise_total.m.xm1.m0.id = 1.574922e-15
onoise_total.m.xm1.m0.1overf = 1.143706e-16
inoise_total.m.xm1.m0.id = 1.574922e-12
inoise_total.m.xm1.m0.1overf = 1.143706e-13
Doing analysis at TEMP = 125.000000 and TNOM = 27.000000

Using SPARSE 1.3 as Direct Linear Solver

No. of Data Rows : 1
zm6 = 1.000000e-03
Doing analysis at TEMP = 125.000000 and TNOM = 27.000000

Using SPARSE 1.3 as Direct Linear Solver

No. of Data Rows : 2

No. of Data Rows : 1
onoise_total_rs_thermal = 4.689159e-12
onoise_total.m.xm1.m0.id = 1.574922e-15
onoise_total.m.xm1.m0.1overf = 6.181966e-17
inoise_total.m.xm1.m0.id = 1.574922e-12
inoise_total.m.xm1.m0.1overf = 6.181966e-14
Note: Simulation executed from .control section 

======================================================================
=== sid_ss_125c_2.97v_xmp_p0000
======================================================================
.temp 125
vg g 0 dc -1.066760340000e+00
vb b 0 dc 1.018198020000e-01
vd dd 0 dc -2.828928940000e+00
rs dd d 1.00000000e-03
--- ngspice output ---

Note: No compatibility mode selected!


Circuit: * gf180-pll :: period-jitter :: s_id along the trajectory -- generated.

Doing analysis at TEMP = 125.000000 and TNOM = 27.000000

Using SPARSE 1.3 as Direct Linear Solver

No. of Data Rows : 1
@m.xm1.m0[vgs] = 1.066752e+00
@m.xm1.m0[vds] = 2.828913e+00
@m.xm1.m0[vbs] = -1.01828e-01
@m.xm1.m0[id] = 3.163827e-05
@m.xm1.m0[gm] = 1.670916e-04
@m.xm1.m0[gds] = 3.223687e-06
v(d) = -2.82893e+00
Doing analysis at TEMP = 125.000000 and TNOM = 27.000000

Using SPARSE 1.3 as Direct Linear Solver

No. of Data Rows : 1
zm0 = 1.000000e-03
Doing analysis at TEMP = 125.000000 and TNOM = 27.000000

Using SPARSE 1.3 as Direct Linear Solver

No. of Data Rows : 2

No. of Data Rows : 1
onoise_total_rs_thermal = 4.689159e-12
onoise_total.m.xm1.m0.id = 1.574948e-15
onoise_total.m.xm1.m0.1overf = 7.214597e-14
inoise_total.m.xm1.m0.id = 1.574948e-12
inoise_total.m.xm1.m0.1overf = 7.214597e-11
Doing analysis at TEMP = 125.000000 and TNOM = 27.000000

Using SPARSE 1.3 as Direct Linear Solver

No. of Data Rows : 1
zm1 = 1.000000e-03
Doing analysis at TEMP = 125.000000 and TNOM = 27.000000

Using SPARSE 1.3 as Direct Linear Solver

No. of Data Rows : 2

No. of Data Rows : 1
onoise_total_rs_thermal = 4.689159e-12
onoise_total.m.xm1.m0.id = 1.574948e-15
onoise_total.m.xm1.m0.1overf = 1.987566e-14
inoise_total.m.xm1.m0.id = 1.574948e-12
inoise_total.m.xm1.m0.1overf = 1.987566e-11
Doing analysis at TEMP = 125.000000 and TNOM = 27.000000

Using SPARSE 1.3 as Direct Linear Solver

No. of Data Rows : 1
zm2 = 1.000000e-03
Doing analysis at TEMP = 125.000000 and TNOM = 27.000000

Using SPARSE 1.3 as Direct Linear Solver

No. of Data Rows : 2

No. of Data Rows : 1
onoise_total_rs_thermal = 4.689159e-12
onoise_total.m.xm1.m0.id = 1.574948e-15
onoise_total.m.xm1.m0.1overf = 5.474348e-15
inoise_total.m.xm1.m0.id = 1.574948e-12
inoise_total.m.xm1.m0.1overf = 5.474348e-12
Doing analysis at TEMP = 125.000000 and TNOM = 27.000000

Using SPARSE 1.3 as Direct Linear Solver

No. of Data Rows : 1
zm3 = 1.000000e-03
Doing analysis at TEMP = 125.000000 and TNOM = 27.000000

Using SPARSE 1.3 as Direct Linear Solver

No. of Data Rows : 2

No. of Data Rows : 1
onoise_total_rs_thermal = 4.689159e-12
onoise_total.m.xm1.m0.id = 1.574948e-15
onoise_total.m.xm1.m0.1overf = 1.507765e-15
inoise_total.m.xm1.m0.id = 1.574948e-12
inoise_total.m.xm1.m0.1overf = 1.507765e-12
Doing analysis at TEMP = 125.000000 and TNOM = 27.000000

Using SPARSE 1.3 as Direct Linear Solver

No. of Data Rows : 1
zm4 = 1.000000e-03
Doing analysis at TEMP = 125.000000 and TNOM = 27.000000

Using SPARSE 1.3 as Direct Linear Solver

No. of Data Rows : 2

No. of Data Rows : 1
onoise_total_rs_thermal = 4.689159e-12
onoise_total.m.xm1.m0.id = 1.574948e-15
onoise_total.m.xm1.m0.1overf = 4.152729e-16
inoise_total.m.xm1.m0.id = 1.574948e-12
inoise_total.m.xm1.m0.1overf = 4.152729e-13
Doing analysis at TEMP = 125.000000 and TNOM = 27.000000

Using SPARSE 1.3 as Direct Linear Solver

No. of Data Rows : 1
zm5 = 1.000000e-03
Doing analysis at TEMP = 125.000000 and TNOM = 27.000000

Using SPARSE 1.3 as Direct Linear Solver

No. of Data Rows : 2

No. of Data Rows : 1
onoise_total_rs_thermal = 4.689159e-12
onoise_total.m.xm1.m0.id = 1.574948e-15
onoise_total.m.xm1.m0.1overf = 1.143757e-16
inoise_total.m.xm1.m0.id = 1.574948e-12
inoise_total.m.xm1.m0.1overf = 1.143757e-13
Doing analysis at TEMP = 125.000000 and TNOM = 27.000000

Using SPARSE 1.3 as Direct Linear Solver

No. of Data Rows : 1
zm6 = 1.000000e-03
Doing analysis at TEMP = 125.000000 and TNOM = 27.000000

Using SPARSE 1.3 as Direct Linear Solver

No. of Data Rows : 2

No. of Data Rows : 1
onoise_total_rs_thermal = 4.689159e-12
onoise_total.m.xm1.m0.id = 1.574948e-15
onoise_total.m.xm1.m0.1overf = 6.182239e-17
inoise_total.m.xm1.m0.id = 1.574948e-12
inoise_total.m.xm1.m0.1overf = 6.182239e-14
Note: Simulation executed from .control section 

======================================================================
=== sid_ss_125c_2.97v_xmp_p0042_pass1
======================================================================
.temp 125
vg g 0 dc -1.301962460000e+00
vb b 0 dc 4.293819970000e-01
vd dd 0 dc -2.178634920000e+00
rs dd d 1.00000000e-03
--- ngspice output ---

Note: No compatibility mode selected!


Circuit: * gf180-pll :: period-jitter :: s_id along the trajectory -- generated.

Doing analysis at TEMP = 125.000000 and TNOM = 27.000000

Using SPARSE 1.3 as Direct Linear Solver

No. of Data Rows : 1
@m.xm1.m0[vgs] = 1.301949e+00
@m.xm1.m0[vds] = 2.178607e+00
@m.xm1.m0[vbs] = -4.29396e-01
@m.xm1.m0[id] = 5.465839e-05
@m.xm1.m0[gm] = 2.074508e-04
@m.xm1.m0[gds] = 5.404262e-06
v(d) = -2.17863e+00
Doing analysis at TEMP = 125.000000 and TNOM = 27.000000

Using SPARSE 1.3 as Direct Linear Solver

No. of Data Rows : 1
zm0 = 1.000000e-03
Doing analysis at TEMP = 125.000000 and TNOM = 27.000000

Using SPARSE 1.3 as Direct Linear Solver

No. of Data Rows : 2

No. of Data Rows : 1
onoise_total_rs_thermal = 4.689159e-12
onoise_total.m.xm1.m0.id = 1.813821e-15
onoise_total.m.xm1.m0.1overf = 1.034015e-13
inoise_total.m.xm1.m0.id = 1.813821e-12
inoise_total.m.xm1.m0.1overf = 1.034015e-10
Doing analysis at TEMP = 125.000000 and TNOM = 27.000000

Using SPARSE 1.3 as Direct Linear Solver

No. of Data Rows : 1
zm1 = 1.000000e-03
Doing analysis at TEMP = 125.000000 and TNOM = 27.000000

Using SPARSE 1.3 as Direct Linear Solver

No. of Data Rows : 2

No. of Data Rows : 1
onoise_total_rs_thermal = 4.689159e-12
onoise_total.m.xm1.m0.id = 1.813821e-15
onoise_total.m.xm1.m0.1overf = 2.848631e-14
inoise_total.m.xm1.m0.id = 1.813821e-12
inoise_total.m.xm1.m0.1overf = 2.848631e-11
Doing analysis at TEMP = 125.000000 and TNOM = 27.000000

Using SPARSE 1.3 as Direct Linear Solver

No. of Data Rows : 1
zm2 = 1.000000e-03
Doing analysis at TEMP = 125.000000 and TNOM = 27.000000

Using SPARSE 1.3 as Direct Linear Solver

No. of Data Rows : 2

No. of Data Rows : 1
onoise_total_rs_thermal = 4.689159e-12
onoise_total.m.xm1.m0.id = 1.813821e-15
onoise_total.m.xm1.m0.1overf = 7.845979e-15
inoise_total.m.xm1.m0.id = 1.813821e-12
inoise_total.m.xm1.m0.1overf = 7.845979e-12
Doing analysis at TEMP = 125.000000 and TNOM = 27.000000

Using SPARSE 1.3 as Direct Linear Solver

No. of Data Rows : 1
zm3 = 1.000000e-03
Doing analysis at TEMP = 125.000000 and TNOM = 27.000000

Using SPARSE 1.3 as Direct Linear Solver

No. of Data Rows : 2

No. of Data Rows : 1
onoise_total_rs_thermal = 4.689159e-12
onoise_total.m.xm1.m0.id = 1.813821e-15
onoise_total.m.xm1.m0.1overf = 2.160968e-15
inoise_total.m.xm1.m0.id = 1.813821e-12
inoise_total.m.xm1.m0.1overf = 2.160968e-12
Doing analysis at TEMP = 125.000000 and TNOM = 27.000000

Using SPARSE 1.3 as Direct Linear Solver

No. of Data Rows : 1
zm4 = 1.000000e-03
Doing analysis at TEMP = 125.000000 and TNOM = 27.000000

Using SPARSE 1.3 as Direct Linear Solver

No. of Data Rows : 2

No. of Data Rows : 1
onoise_total_rs_thermal = 4.689159e-12
onoise_total.m.xm1.m0.id = 1.813821e-15
onoise_total.m.xm1.m0.1overf = 5.951800e-16
inoise_total.m.xm1.m0.id = 1.813821e-12
inoise_total.m.xm1.m0.1overf = 5.951800e-13
Doing analysis at TEMP = 125.000000 and TNOM = 27.000000

Using SPARSE 1.3 as Direct Linear Solver

No. of Data Rows : 1
zm5 = 1.000000e-03
Doing analysis at TEMP = 125.000000 and TNOM = 27.000000

Using SPARSE 1.3 as Direct Linear Solver

No. of Data Rows : 2

No. of Data Rows : 1
onoise_total_rs_thermal = 4.689159e-12
onoise_total.m.xm1.m0.id = 1.813821e-15
onoise_total.m.xm1.m0.1overf = 1.639262e-16
inoise_total.m.xm1.m0.id = 1.813821e-12
inoise_total.m.xm1.m0.1overf = 1.639262e-13
Doing analysis at TEMP = 125.000000 and TNOM = 27.000000

Using SPARSE 1.3 as Direct Linear Solver

No. of Data Rows : 1
zm6 = 1.000000e-03
Doing analysis at TEMP = 125.000000 and TNOM = 27.000000

Using SPARSE 1.3 as Direct Linear Solver

No. of Data Rows : 2

No. of Data Rows : 1
onoise_total_rs_thermal = 4.689159e-12
onoise_total.m.xm1.m0.id = 1.813821e-15
onoise_total.m.xm1.m0.1overf = 8.860546e-17
inoise_total.m.xm1.m0.id = 1.813821e-12
inoise_total.m.xm1.m0.1overf = 8.860546e-14
Note: Simulation executed from .control section 

======================================================================
=== sid_ss_125c_2.97v_xmp_p0042
======================================================================
.temp 125
vg g 0 dc -1.301975920000e+00
vb b 0 dc 4.293679940000e-01
vd dd 0 dc -2.178662840000e+00
rs dd d 1.00000000e-03
--- ngspice output ---

Note: No compatibility mode selected!


Circuit: * gf180-pll :: period-jitter :: s_id along the trajectory -- generated.

Doing analysis at TEMP = 125.000000 and TNOM = 27.000000

Using SPARSE 1.3 as Direct Linear Solver

No. of Data Rows : 1
@m.xm1.m0[vgs] = 1.301962e+00
@m.xm1.m0[vds] = 2.178635e+00
@m.xm1.m0[vbs] = -4.29382e-01
@m.xm1.m0[id] = 5.466213e-05
@m.xm1.m0[gm] = 2.074568e-04
@m.xm1.m0[gds] = 5.404467e-06
v(d) = -2.17866e+00
Doing analysis at TEMP = 125.000000 and TNOM = 27.000000

Using SPARSE 1.3 as Direct Linear Solver

No. of Data Rows : 1
zm0 = 1.000000e-03
Doing analysis at TEMP = 125.000000 and TNOM = 27.000000

Using SPARSE 1.3 as Direct Linear Solver

No. of Data Rows : 2

No. of Data Rows : 1
onoise_total_rs_thermal = 4.689159e-12
onoise_total.m.xm1.m0.id = 1.813855e-15
onoise_total.m.xm1.m0.1overf = 1.034063e-13
inoise_total.m.xm1.m0.id = 1.813855e-12
inoise_total.m.xm1.m0.1overf = 1.034063e-10
Doing analysis at TEMP = 125.000000 and TNOM = 27.000000

Using SPARSE 1.3 as Direct Linear Solver

No. of Data Rows : 1
zm1 = 1.000000e-03
Doing analysis at TEMP = 125.000000 and TNOM = 27.000000

Using SPARSE 1.3 as Direct Linear Solver

No. of Data Rows : 2

No. of Data Rows : 1
onoise_total_rs_thermal = 4.689159e-12
onoise_total.m.xm1.m0.id = 1.813855e-15
onoise_total.m.xm1.m0.1overf = 2.848763e-14
inoise_total.m.xm1.m0.id = 1.813855e-12
inoise_total.m.xm1.m0.1overf = 2.848763e-11
Doing analysis at TEMP = 125.000000 and TNOM = 27.000000

Using SPARSE 1.3 as Direct Linear Solver

No. of Data Rows : 1
zm2 = 1.000000e-03
Doing analysis at TEMP = 125.000000 and TNOM = 27.000000

Using SPARSE 1.3 as Direct Linear Solver

No. of Data Rows : 2

No. of Data Rows : 1
onoise_total_rs_thermal = 4.689159e-12
onoise_total.m.xm1.m0.id = 1.813855e-15
onoise_total.m.xm1.m0.1overf = 7.846342e-15
inoise_total.m.xm1.m0.id = 1.813855e-12
inoise_total.m.xm1.m0.1overf = 7.846342e-12
Doing analysis at TEMP = 125.000000 and TNOM = 27.000000

Using SPARSE 1.3 as Direct Linear Solver

No. of Data Rows : 1
zm3 = 1.000000e-03
Doing analysis at TEMP = 125.000000 and TNOM = 27.000000

Using SPARSE 1.3 as Direct Linear Solver

No. of Data Rows : 2

No. of Data Rows : 1
onoise_total_rs_thermal = 4.689159e-12
onoise_total.m.xm1.m0.id = 1.813855e-15
onoise_total.m.xm1.m0.1overf = 2.161068e-15
inoise_total.m.xm1.m0.id = 1.813855e-12
inoise_total.m.xm1.m0.1overf = 2.161068e-12
Doing analysis at TEMP = 125.000000 and TNOM = 27.000000

Using SPARSE 1.3 as Direct Linear Solver

No. of Data Rows : 1
zm4 = 1.000000e-03
Doing analysis at TEMP = 125.000000 and TNOM = 27.000000

Using SPARSE 1.3 as Direct Linear Solver

No. of Data Rows : 2

No. of Data Rows : 1
onoise_total_rs_thermal = 4.689159e-12
onoise_total.m.xm1.m0.id = 1.813855e-15
onoise_total.m.xm1.m0.1overf = 5.952076e-16
inoise_total.m.xm1.m0.id = 1.813855e-12
inoise_total.m.xm1.m0.1overf = 5.952076e-13
Doing analysis at TEMP = 125.000000 and TNOM = 27.000000

Using SPARSE 1.3 as Direct Linear Solver

No. of Data Rows : 1
zm5 = 1.000000e-03
Doing analysis at TEMP = 125.000000 and TNOM = 27.000000

Using SPARSE 1.3 as Direct Linear Solver

No. of Data Rows : 2

No. of Data Rows : 1
onoise_total_rs_thermal = 4.689159e-12
onoise_total.m.xm1.m0.id = 1.813855e-15
onoise_total.m.xm1.m0.1overf = 1.639338e-16
inoise_total.m.xm1.m0.id = 1.813855e-12
inoise_total.m.xm1.m0.1overf = 1.639338e-13
Doing analysis at TEMP = 125.000000 and TNOM = 27.000000

Using SPARSE 1.3 as Direct Linear Solver

No. of Data Rows : 1
zm6 = 1.000000e-03
Doing analysis at TEMP = 125.000000 and TNOM = 27.000000

Using SPARSE 1.3 as Direct Linear Solver

No. of Data Rows : 2

No. of Data Rows : 1
onoise_total_rs_thermal = 4.689159e-12
onoise_total.m.xm1.m0.id = 1.813855e-15
onoise_total.m.xm1.m0.1overf = 8.860956e-17
inoise_total.m.xm1.m0.id = 1.813855e-12
inoise_total.m.xm1.m0.1overf = 8.860956e-14
Note: Simulation executed from .control section 

======================================================================
=== sid_ss_125c_2.97v_xmp_p0083_pass1
======================================================================
.temp 125
vg g 0 dc -1.393525700000e+00
vb b 0 dc 7.518370330000e-01
vd dd 0 dc -1.291241800000e+00
rs dd d 1.00000000e-03
--- ngspice output ---

Note: No compatibility mode selected!


Circuit: * gf180-pll :: period-jitter :: s_id along the trajectory -- generated.

Doing analysis at TEMP = 125.000000 and TNOM = 27.000000

Using SPARSE 1.3 as Direct Linear Solver

No. of Data Rows : 1
@m.xm1.m0[vgs] = 1.393513e+00
@m.xm1.m0[vds] = 1.291216e+00
@m.xm1.m0[vbs] = -7.51850e-01
@m.xm1.m0[id] = 5.098791e-05
@m.xm1.m0[gm] = 1.945378e-04
@m.xm1.m0[gds] = 6.764854e-06
v(d) = -1.29124e+00
Doing analysis at TEMP = 125.000000 and TNOM = 27.000000

Using SPARSE 1.3 as Direct Linear Solver

No. of Data Rows : 1
zm0 = 1.000000e-03
Doing analysis at TEMP = 125.000000 and TNOM = 27.000000

Using SPARSE 1.3 as Direct Linear Solver

No. of Data Rows : 2

No. of Data Rows : 1
onoise_total_rs_thermal = 4.689159e-12
onoise_total.m.xm1.m0.id = 1.780836e-15
onoise_total.m.xm1.m0.1overf = 9.101776e-14
inoise_total.m.xm1.m0.id = 1.780836e-12
inoise_total.m.xm1.m0.1overf = 9.101776e-11
Doing analysis at TEMP = 125.000000 and TNOM = 27.000000

Using SPARSE 1.3 as Direct Linear Solver

No. of Data Rows : 1
zm1 = 1.000000e-03
Doing analysis at TEMP = 125.000000 and TNOM = 27.000000

Using SPARSE 1.3 as Direct Linear Solver

No. of Data Rows : 2

No. of Data Rows : 1
onoise_total_rs_thermal = 4.689159e-12
onoise_total.m.xm1.m0.id = 1.780836e-15
onoise_total.m.xm1.m0.1overf = 2.507469e-14
inoise_total.m.xm1.m0.id = 1.780836e-12
inoise_total.m.xm1.m0.1overf = 2.507469e-11
Doing analysis at TEMP = 125.000000 and TNOM = 27.000000

Using SPARSE 1.3 as Direct Linear Solver

No. of Data Rows : 1
zm2 = 1.000000e-03
Doing analysis at TEMP = 125.000000 and TNOM = 27.000000

Using SPARSE 1.3 as Direct Linear Solver

No. of Data Rows : 2

No. of Data Rows : 1
onoise_total_rs_thermal = 4.689159e-12
onoise_total.m.xm1.m0.id = 1.780836e-15
onoise_total.m.xm1.m0.1overf = 6.906317e-15
inoise_total.m.xm1.m0.id = 1.780836e-12
inoise_total.m.xm1.m0.1overf = 6.906317e-12
Doing analysis at TEMP = 125.000000 and TNOM = 27.000000

Using SPARSE 1.3 as Direct Linear Solver

No. of Data Rows : 1
zm3 = 1.000000e-03
Doing analysis at TEMP = 125.000000 and TNOM = 27.000000

Using SPARSE 1.3 as Direct Linear Solver

No. of Data Rows : 2

No. of Data Rows : 1
onoise_total_rs_thermal = 4.689159e-12
onoise_total.m.xm1.m0.id = 1.780836e-15
onoise_total.m.xm1.m0.1overf = 1.902162e-15
inoise_total.m.xm1.m0.id = 1.780836e-12
inoise_total.m.xm1.m0.1overf = 1.902162e-12
Doing analysis at TEMP = 125.000000 and TNOM = 27.000000

Using SPARSE 1.3 as Direct Linear Solver

No. of Data Rows : 1
zm4 = 1.000000e-03
Doing analysis at TEMP = 125.000000 and TNOM = 27.000000

Using SPARSE 1.3 as Direct Linear Solver

No. of Data Rows : 2

No. of Data Rows : 1
onoise_total_rs_thermal = 4.689159e-12
onoise_total.m.xm1.m0.id = 1.780836e-15
onoise_total.m.xm1.m0.1overf = 5.238991e-16
inoise_total.m.xm1.m0.id = 1.780836e-12
inoise_total.m.xm1.m0.1overf = 5.238991e-13
Doing analysis at TEMP = 125.000000 and TNOM = 27.000000

Using SPARSE 1.3 as Direct Linear Solver

No. of Data Rows : 1
zm5 = 1.000000e-03
Doing analysis at TEMP = 125.000000 and TNOM = 27.000000

Using SPARSE 1.3 as Direct Linear Solver

No. of Data Rows : 2

No. of Data Rows : 1
onoise_total_rs_thermal = 4.689159e-12
onoise_total.m.xm1.m0.id = 1.780836e-15
onoise_total.m.xm1.m0.1overf = 1.442938e-16
inoise_total.m.xm1.m0.id = 1.780836e-12
inoise_total.m.xm1.m0.1overf = 1.442938e-13
Doing analysis at TEMP = 125.000000 and TNOM = 27.000000

Using SPARSE 1.3 as Direct Linear Solver

No. of Data Rows : 1
zm6 = 1.000000e-03
Doing analysis at TEMP = 125.000000 and TNOM = 27.000000

Using SPARSE 1.3 as Direct Linear Solver

No. of Data Rows : 2

No. of Data Rows : 1
onoise_total_rs_thermal = 4.689159e-12
onoise_total.m.xm1.m0.id = 1.780836e-15
onoise_total.m.xm1.m0.1overf = 7.799375e-17
inoise_total.m.xm1.m0.id = 1.780836e-12
inoise_total.m.xm1.m0.1overf = 7.799376e-14
Note: Simulation executed from .control section 

======================================================================
=== sid_ss_125c_2.97v_xmp_p0083
======================================================================
.temp 125
vg g 0 dc -1.393538400000e+00
vb b 0 dc 7.518240660000e-01
vd dd 0 dc -1.291267600000e+00
rs dd d 1.00000000e-03
--- ngspice output ---

Note: No compatibility mode selected!


Circuit: * gf180-pll :: period-jitter :: s_id along the trajectory -- generated.

Doing analysis at TEMP = 125.000000 and TNOM = 27.000000

Using SPARSE 1.3 as Direct Linear Solver

No. of Data Rows : 1
@m.xm1.m0[vgs] = 1.393526e+00
@m.xm1.m0[vds] = 1.291242e+00
@m.xm1.m0[vbs] = -7.51837e-01
@m.xm1.m0[id] = 5.099117e-05
@m.xm1.m0[gm] = 1.945431e-04
@m.xm1.m0[gds] = 6.765104e-06
v(d) = -1.29127e+00
Doing analysis at TEMP = 125.000000 and TNOM = 27.000000

Using SPARSE 1.3 as Direct Linear Solver

No. of Data Rows : 1
zm0 = 1.000000e-03
Doing analysis at TEMP = 125.000000 and TNOM = 27.000000

Using SPARSE 1.3 as Direct Linear Solver

No. of Data Rows : 2

No. of Data Rows : 1
onoise_total_rs_thermal = 4.689159e-12
onoise_total.m.xm1.m0.id = 1.780867e-15
onoise_total.m.xm1.m0.1overf = 9.102172e-14
inoise_total.m.xm1.m0.id = 1.780867e-12
inoise_total.m.xm1.m0.1overf = 9.102172e-11
Doing analysis at TEMP = 125.000000 and TNOM = 27.000000

Using SPARSE 1.3 as Direct Linear Solver

No. of Data Rows : 1
zm1 = 1.000000e-03
Doing analysis at TEMP = 125.000000 and TNOM = 27.000000

Using SPARSE 1.3 as Direct Linear Solver

No. of Data Rows : 2

No. of Data Rows : 1
onoise_total_rs_thermal = 4.689159e-12
onoise_total.m.xm1.m0.id = 1.780867e-15
onoise_total.m.xm1.m0.1overf = 2.507578e-14
inoise_total.m.xm1.m0.id = 1.780867e-12
inoise_total.m.xm1.m0.1overf = 2.507578e-11
Doing analysis at TEMP = 125.000000 and TNOM = 27.000000

Using SPARSE 1.3 as Direct Linear Solver

No. of Data Rows : 1
zm2 = 1.000000e-03
Doing analysis at TEMP = 125.000000 and TNOM = 27.000000

Using SPARSE 1.3 as Direct Linear Solver

No. of Data Rows : 2

No. of Data Rows : 1
onoise_total_rs_thermal = 4.689159e-12
onoise_total.m.xm1.m0.id = 1.780867e-15
onoise_total.m.xm1.m0.1overf = 6.906617e-15
inoise_total.m.xm1.m0.id = 1.780867e-12
inoise_total.m.xm1.m0.1overf = 6.906617e-12
Doing analysis at TEMP = 125.000000 and TNOM = 27.000000

Using SPARSE 1.3 as Direct Linear Solver

No. of Data Rows : 1
zm3 = 1.000000e-03
Doing analysis at TEMP = 125.000000 and TNOM = 27.000000

Using SPARSE 1.3 as Direct Linear Solver

No. of Data Rows : 2

No. of Data Rows : 1
onoise_total_rs_thermal = 4.689159e-12
onoise_total.m.xm1.m0.id = 1.780867e-15
onoise_total.m.xm1.m0.1overf = 1.902245e-15
inoise_total.m.xm1.m0.id = 1.780867e-12
inoise_total.m.xm1.m0.1overf = 1.902245e-12
Doing analysis at TEMP = 125.000000 and TNOM = 27.000000

Using SPARSE 1.3 as Direct Linear Solver

No. of Data Rows : 1
zm4 = 1.000000e-03
Doing analysis at TEMP = 125.000000 and TNOM = 27.000000

Using SPARSE 1.3 as Direct Linear Solver

No. of Data Rows : 2

No. of Data Rows : 1
onoise_total_rs_thermal = 4.689159e-12
onoise_total.m.xm1.m0.id = 1.780867e-15
onoise_total.m.xm1.m0.1overf = 5.239219e-16
inoise_total.m.xm1.m0.id = 1.780867e-12
inoise_total.m.xm1.m0.1overf = 5.239220e-13
Doing analysis at TEMP = 125.000000 and TNOM = 27.000000

Using SPARSE 1.3 as Direct Linear Solver

No. of Data Rows : 1
zm5 = 1.000000e-03
Doing analysis at TEMP = 125.000000 and TNOM = 27.000000

Using SPARSE 1.3 as Direct Linear Solver

No. of Data Rows : 2

No. of Data Rows : 1
onoise_total_rs_thermal = 4.689159e-12
onoise_total.m.xm1.m0.id = 1.780867e-15
onoise_total.m.xm1.m0.1overf = 1.443001e-16
inoise_total.m.xm1.m0.id = 1.780867e-12
inoise_total.m.xm1.m0.1overf = 1.443001e-13
Doing analysis at TEMP = 125.000000 and TNOM = 27.000000

Using SPARSE 1.3 as Direct Linear Solver

No. of Data Rows : 1
zm6 = 1.000000e-03
Doing analysis at TEMP = 125.000000 and TNOM = 27.000000

Using SPARSE 1.3 as Direct Linear Solver

No. of Data Rows : 2

No. of Data Rows : 1
onoise_total_rs_thermal = 4.689159e-12
onoise_total.m.xm1.m0.id = 1.780867e-15
onoise_total.m.xm1.m0.1overf = 7.799715e-17
inoise_total.m.xm1.m0.id = 1.780867e-12
inoise_total.m.xm1.m0.1overf = 7.799715e-14
Note: Simulation executed from .control section 

======================================================================
=== sid_ss_125c_2.97v_xmp_p0125_pass1
======================================================================
.temp 125
vg g 0 dc -1.503483060000e+00
vb b 0 dc 1.008644780000e+00
vd dd 0 dc -2.894444840000e-01
rs dd d 1.00000000e-03
--- ngspice output ---

Note: No compatibility mode selected!


Circuit: * gf180-pll :: period-jitter :: s_id along the trajectory -- generated.

Doing analysis at TEMP = 125.000000 and TNOM = 27.000000

Using SPARSE 1.3 as Direct Linear Solver

No. of Data Rows : 1
@m.xm1.m0[vgs] = 1.503472e+00
@m.xm1.m0[vds] = 2.894231e-01
@m.xm1.m0[vbs] = -1.00866e+00
@m.xm1.m0[id] = 4.225477e-05
@m.xm1.m0[gm] = 1.116571e-04
@m.xm1.m0[gds] = 8.723437e-05
v(d) = -2.89444e-01
Doing analysis at TEMP = 125.000000 and TNOM = 27.000000

Using SPARSE 1.3 as Direct Linear Solver

No. of Data Rows : 1
zm0 = 9.999999e-04
Doing analysis at TEMP = 125.000000 and TNOM = 27.000000

Using SPARSE 1.3 as Direct Linear Solver

No. of Data Rows : 2

No. of Data Rows : 1
onoise_total_rs_thermal = 4.689158e-12
onoise_total.m.xm1.m0.id = 1.863768e-15
onoise_total.m.xm1.m0.1overf = 4.454693e-14
inoise_total.m.xm1.m0.id = 1.863768e-12
inoise_total.m.xm1.m0.1overf = 4.454694e-11
Doing analysis at TEMP = 125.000000 and TNOM = 27.000000

Using SPARSE 1.3 as Direct Linear Solver

No. of Data Rows : 1
zm1 = 9.999999e-04
Doing analysis at TEMP = 125.000000 and TNOM = 27.000000

Using SPARSE 1.3 as Direct Linear Solver

No. of Data Rows : 2

No. of Data Rows : 1
onoise_total_rs_thermal = 4.689158e-12
onoise_total.m.xm1.m0.id = 1.863768e-15
onoise_total.m.xm1.m0.1overf = 1.227233e-14
inoise_total.m.xm1.m0.id = 1.863768e-12
inoise_total.m.xm1.m0.1overf = 1.227234e-11
Doing analysis at TEMP = 125.000000 and TNOM = 27.000000

Using SPARSE 1.3 as Direct Linear Solver

No. of Data Rows : 1
zm2 = 9.999999e-04
Doing analysis at TEMP = 125.000000 and TNOM = 27.000000

Using SPARSE 1.3 as Direct Linear Solver

No. of Data Rows : 2

No. of Data Rows : 1
onoise_total_rs_thermal = 4.689158e-12
onoise_total.m.xm1.m0.id = 1.863768e-15
onoise_total.m.xm1.m0.1overf = 3.380167e-15
inoise_total.m.xm1.m0.id = 1.863768e-12
inoise_total.m.xm1.m0.1overf = 3.380167e-12
Doing analysis at TEMP = 125.000000 and TNOM = 27.000000

Using SPARSE 1.3 as Direct Linear Solver

No. of Data Rows : 1
zm3 = 9.999999e-04
Doing analysis at TEMP = 125.000000 and TNOM = 27.000000

Using SPARSE 1.3 as Direct Linear Solver

No. of Data Rows : 2

No. of Data Rows : 1
onoise_total_rs_thermal = 4.689158e-12
onoise_total.m.xm1.m0.id = 1.863768e-15
onoise_total.m.xm1.m0.1overf = 9.309776e-16
inoise_total.m.xm1.m0.id = 1.863768e-12
inoise_total.m.xm1.m0.1overf = 9.309777e-13
Doing analysis at TEMP = 125.000000 and TNOM = 27.000000

Using SPARSE 1.3 as Direct Linear Solver

No. of Data Rows : 1
zm4 = 9.999999e-04
Doing analysis at TEMP = 125.000000 and TNOM = 27.000000

Using SPARSE 1.3 as Direct Linear Solver

No. of Data Rows : 2

No. of Data Rows : 1
onoise_total_rs_thermal = 4.689158e-12
onoise_total.m.xm1.m0.id = 1.863768e-15
onoise_total.m.xm1.m0.1overf = 2.564126e-16
inoise_total.m.xm1.m0.id = 1.863768e-12
inoise_total.m.xm1.m0.1overf = 2.564126e-13
Doing analysis at TEMP = 125.000000 and TNOM = 27.000000

Using SPARSE 1.3 as Direct Linear Solver

No. of Data Rows : 1
zm5 = 9.999999e-04
Doing analysis at TEMP = 125.000000 and TNOM = 27.000000

Using SPARSE 1.3 as Direct Linear Solver

No. of Data Rows : 2

No. of Data Rows : 1
onoise_total_rs_thermal = 4.689158e-12
onoise_total.m.xm1.m0.id = 1.863768e-15
onoise_total.m.xm1.m0.1overf = 7.062188e-17
inoise_total.m.xm1.m0.id = 1.863768e-12
inoise_total.m.xm1.m0.1overf = 7.062189e-14
Doing analysis at TEMP = 125.000000 and TNOM = 27.000000

Using SPARSE 1.3 as Direct Linear Solver

No. of Data Rows : 1
zm6 = 9.999999e-04
Doing analysis at TEMP = 125.000000 and TNOM = 27.000000

Using SPARSE 1.3 as Direct Linear Solver

No. of Data Rows : 2

No. of Data Rows : 1
onoise_total_rs_thermal = 4.689158e-12
onoise_total.m.xm1.m0.id = 1.863768e-15
onoise_total.m.xm1.m0.1overf = 3.817258e-17
inoise_total.m.xm1.m0.id = 1.863768e-12
inoise_total.m.xm1.m0.1overf = 3.817258e-14
Note: Simulation executed from .control section 

======================================================================
=== sid_ss_125c_2.97v_xmp_p0125
======================================================================
.temp 125
vg g 0 dc -1.503494120000e+00
vb b 0 dc 1.008629560000e+00
vd dd 0 dc -2.894658680000e-01
rs dd d 1.00000000e-03
--- ngspice output ---

Note: No compatibility mode selected!


Circuit: * gf180-pll :: period-jitter :: s_id along the trajectory -- generated.

Doing analysis at TEMP = 125.000000 and TNOM = 27.000000

Using SPARSE 1.3 as Direct Linear Solver

No. of Data Rows : 1
@m.xm1.m0[vgs] = 1.503483e+00
@m.xm1.m0[vds] = 2.894445e-01
@m.xm1.m0[vbs] = -1.00864e+00
@m.xm1.m0[id] = 4.225827e-05
@m.xm1.m0[gm] = 1.116647e-04
@m.xm1.m0[gds] = 8.723135e-05
v(d) = -2.89466e-01
Doing analysis at TEMP = 125.000000 and TNOM = 27.000000

Using SPARSE 1.3 as Direct Linear Solver

No. of Data Rows : 1
zm0 = 9.999999e-04
Doing analysis at TEMP = 125.000000 and TNOM = 27.000000

Using SPARSE 1.3 as Direct Linear Solver

No. of Data Rows : 2

No. of Data Rows : 1
onoise_total_rs_thermal = 4.689158e-12
onoise_total.m.xm1.m0.id = 1.863788e-15
onoise_total.m.xm1.m0.1overf = 4.455057e-14
inoise_total.m.xm1.m0.id = 1.863788e-12
inoise_total.m.xm1.m0.1overf = 4.455057e-11
Doing analysis at TEMP = 125.000000 and TNOM = 27.000000

Using SPARSE 1.3 as Direct Linear Solver

No. of Data Rows : 1
zm1 = 9.999999e-04
Doing analysis at TEMP = 125.000000 and TNOM = 27.000000

Using SPARSE 1.3 as Direct Linear Solver

No. of Data Rows : 2

No. of Data Rows : 1
onoise_total_rs_thermal = 4.689158e-12
onoise_total.m.xm1.m0.id = 1.863788e-15
onoise_total.m.xm1.m0.1overf = 1.227334e-14
inoise_total.m.xm1.m0.id = 1.863788e-12
inoise_total.m.xm1.m0.1overf = 1.227334e-11
Doing analysis at TEMP = 125.000000 and TNOM = 27.000000

Using SPARSE 1.3 as Direct Linear Solver

No. of Data Rows : 1
zm2 = 9.999999e-04
Doing analysis at TEMP = 125.000000 and TNOM = 27.000000

Using SPARSE 1.3 as Direct Linear Solver

No. of Data Rows : 2

No. of Data Rows : 1
onoise_total_rs_thermal = 4.689158e-12
onoise_total.m.xm1.m0.id = 1.863788e-15
onoise_total.m.xm1.m0.1overf = 3.380443e-15
inoise_total.m.xm1.m0.id = 1.863788e-12
inoise_total.m.xm1.m0.1overf = 3.380443e-12
Doing analysis at TEMP = 125.000000 and TNOM = 27.000000

Using SPARSE 1.3 as Direct Linear Solver

No. of Data Rows : 1
zm3 = 9.999999e-04
Doing analysis at TEMP = 125.000000 and TNOM = 27.000000

Using SPARSE 1.3 as Direct Linear Solver

No. of Data Rows : 2

No. of Data Rows : 1
onoise_total_rs_thermal = 4.689158e-12
onoise_total.m.xm1.m0.id = 1.863788e-15
onoise_total.m.xm1.m0.1overf = 9.310535e-16
inoise_total.m.xm1.m0.id = 1.863788e-12
inoise_total.m.xm1.m0.1overf = 9.310536e-13
Doing analysis at TEMP = 125.000000 and TNOM = 27.000000

Using SPARSE 1.3 as Direct Linear Solver

No. of Data Rows : 1
zm4 = 9.999999e-04
Doing analysis at TEMP = 125.000000 and TNOM = 27.000000

Using SPARSE 1.3 as Direct Linear Solver

No. of Data Rows : 2

No. of Data Rows : 1
onoise_total_rs_thermal = 4.689158e-12
onoise_total.m.xm1.m0.id = 1.863788e-15
onoise_total.m.xm1.m0.1overf = 2.564335e-16
inoise_total.m.xm1.m0.id = 1.863788e-12
inoise_total.m.xm1.m0.1overf = 2.564335e-13
Doing analysis at TEMP = 125.000000 and TNOM = 27.000000

Using SPARSE 1.3 as Direct Linear Solver

No. of Data Rows : 1
zm5 = 9.999999e-04
Doing analysis at TEMP = 125.000000 and TNOM = 27.000000

Using SPARSE 1.3 as Direct Linear Solver

No. of Data Rows : 2

No. of Data Rows : 1
onoise_total_rs_thermal = 4.689158e-12
onoise_total.m.xm1.m0.id = 1.863788e-15
onoise_total.m.xm1.m0.1overf = 7.062764e-17
inoise_total.m.xm1.m0.id = 1.863788e-12
inoise_total.m.xm1.m0.1overf = 7.062765e-14
Doing analysis at TEMP = 125.000000 and TNOM = 27.000000

Using SPARSE 1.3 as Direct Linear Solver

No. of Data Rows : 1
zm6 = 9.999999e-04
Doing analysis at TEMP = 125.000000 and TNOM = 27.000000

Using SPARSE 1.3 as Direct Linear Solver

No. of Data Rows : 2

No. of Data Rows : 1
onoise_total_rs_thermal = 4.689158e-12
onoise_total.m.xm1.m0.id = 1.863788e-15
onoise_total.m.xm1.m0.1overf = 3.817569e-17
inoise_total.m.xm1.m0.id = 1.863788e-12
inoise_total.m.xm1.m0.1overf = 3.817569e-14
Note: Simulation executed from .control section 

======================================================================
=== sid_ss_125c_2.97v_xmp_p0167_pass1
======================================================================
.temp 125
vg g 0 dc -1.888599770000e+00
vb b 0 dc 8.878810480000e-01
vd dd 0 dc -6.085181490000e-02
rs dd d 1.00000000e-03
--- ngspice output ---

Note: No compatibility mode selected!


Circuit: * gf180-pll :: period-jitter :: s_id along the trajectory -- generated.

Doing analysis at TEMP = 125.000000 and TNOM = 27.000000

Using SPARSE 1.3 as Direct Linear Solver

No. of Data Rows : 1
@m.xm1.m0[vgs] = 1.888594e+00
@m.xm1.m0[vds] = 6.084109e-02
@m.xm1.m0[vbs] = -8.87886e-01
@m.xm1.m0[id] = 2.123162e-05
@m.xm1.m0[gm] = 2.089037e-05
@m.xm1.m0[gds] = 3.349785e-04
v(d) = -6.08518e-02
Doing analysis at TEMP = 125.000000 and TNOM = 27.000000

Using SPARSE 1.3 as Direct Linear Solver

No. of Data Rows : 1
zm0 = 9.999997e-04
Doing analysis at TEMP = 125.000000 and TNOM = 27.000000

Using SPARSE 1.3 as Direct Linear Solver

No. of Data Rows : 2

No. of Data Rows : 1
onoise_total_rs_thermal = 4.689157e-12
onoise_total.m.xm1.m0.id = 2.839359e-15
onoise_total.m.xm1.m0.1overf = 1.675318e-14
inoise_total.m.xm1.m0.id = 2.839360e-12
inoise_total.m.xm1.m0.1overf = 1.675319e-11
Doing analysis at TEMP = 125.000000 and TNOM = 27.000000

Using SPARSE 1.3 as Direct Linear Solver

No. of Data Rows : 1
zm1 = 9.999997e-04
Doing analysis at TEMP = 125.000000 and TNOM = 27.000000

Using SPARSE 1.3 as Direct Linear Solver

No. of Data Rows : 2

No. of Data Rows : 1
onoise_total_rs_thermal = 4.689157e-12
onoise_total.m.xm1.m0.id = 2.839359e-15
onoise_total.m.xm1.m0.1overf = 4.615371e-15
inoise_total.m.xm1.m0.id = 2.839360e-12
inoise_total.m.xm1.m0.1overf = 4.615373e-12
Doing analysis at TEMP = 125.000000 and TNOM = 27.000000

Using SPARSE 1.3 as Direct Linear Solver

No. of Data Rows : 1
zm2 = 9.999997e-04
Doing analysis at TEMP = 125.000000 and TNOM = 27.000000

Using SPARSE 1.3 as Direct Linear Solver

No. of Data Rows : 2

No. of Data Rows : 1
onoise_total_rs_thermal = 4.689157e-12
onoise_total.m.xm1.m0.id = 2.839359e-15
onoise_total.m.xm1.m0.1overf = 1.271211e-15
inoise_total.m.xm1.m0.id = 2.839360e-12
inoise_total.m.xm1.m0.1overf = 1.271211e-12
Doing analysis at TEMP = 125.000000 and TNOM = 27.000000

Using SPARSE 1.3 as Direct Linear Solver

No. of Data Rows : 1
zm3 = 9.999997e-04
Doing analysis at TEMP = 125.000000 and TNOM = 27.000000

Using SPARSE 1.3 as Direct Linear Solver

No. of Data Rows : 2

No. of Data Rows : 1
onoise_total_rs_thermal = 4.689157e-12
onoise_total.m.xm1.m0.id = 2.839359e-15
onoise_total.m.xm1.m0.1overf = 3.501214e-16
inoise_total.m.xm1.m0.id = 2.839360e-12
inoise_total.m.xm1.m0.1overf = 3.501215e-13
Doing analysis at TEMP = 125.000000 and TNOM = 27.000000

Using SPARSE 1.3 as Direct Linear Solver

No. of Data Rows : 1
zm4 = 9.999997e-04
Doing analysis at TEMP = 125.000000 and TNOM = 27.000000

Using SPARSE 1.3 as Direct Linear Solver

No. of Data Rows : 2

No. of Data Rows : 1
onoise_total_rs_thermal = 4.689157e-12
onoise_total.m.xm1.m0.id = 2.839359e-15
onoise_total.m.xm1.m0.1overf = 9.643147e-17
inoise_total.m.xm1.m0.id = 2.839360e-12
inoise_total.m.xm1.m0.1overf = 9.643150e-14
Doing analysis at TEMP = 125.000000 and TNOM = 27.000000

Using SPARSE 1.3 as Direct Linear Solver

No. of Data Rows : 1
zm5 = 9.999997e-04
Doing analysis at TEMP = 125.000000 and TNOM = 27.000000

Using SPARSE 1.3 as Direct Linear Solver

No. of Data Rows : 2

No. of Data Rows : 1
onoise_total_rs_thermal = 4.689157e-12
onoise_total.m.xm1.m0.id = 2.839359e-15
onoise_total.m.xm1.m0.1overf = 2.655943e-17
inoise_total.m.xm1.m0.id = 2.839360e-12
inoise_total.m.xm1.m0.1overf = 2.655944e-14
Doing analysis at TEMP = 125.000000 and TNOM = 27.000000

Using SPARSE 1.3 as Direct Linear Solver

No. of Data Rows : 1
zm6 = 9.999997e-04
Doing analysis at TEMP = 125.000000 and TNOM = 27.000000

Using SPARSE 1.3 as Direct Linear Solver

No. of Data Rows : 2

No. of Data Rows : 1
onoise_total_rs_thermal = 4.689157e-12
onoise_total.m.xm1.m0.id = 2.839359e-15
onoise_total.m.xm1.m0.1overf = 1.435592e-17
inoise_total.m.xm1.m0.id = 2.839360e-12
inoise_total.m.xm1.m0.1overf = 1.435592e-14
Note: Simulation executed from .control section 

======================================================================
=== sid_ss_125c_2.97v_xmp_p0167
======================================================================
.temp 125
vg g 0 dc -1.888605540000e+00
vb b 0 dc 8.878760960000e-01
vd dd 0 dc -6.086253980000e-02
rs dd d 1.00000000e-03
--- ngspice output ---

Note: No compatibility mode selected!


Circuit: * gf180-pll :: period-jitter :: s_id along the trajectory -- generated.

Doing analysis at TEMP = 125.000000 and TNOM = 27.000000

Using SPARSE 1.3 as Direct Linear Solver

No. of Data Rows : 1
@m.xm1.m0[vgs] = 1.888600e+00
@m.xm1.m0[vds] = 6.085182e-02
@m.xm1.m0[vbs] = -8.87881e-01
@m.xm1.m0[id] = 2.123536e-05
@m.xm1.m0[gm] = 2.089400e-05
@m.xm1.m0[gds] = 3.349761e-04
v(d) = -6.08625e-02
Doing analysis at TEMP = 125.000000 and TNOM = 27.000000

Using SPARSE 1.3 as Direct Linear Solver

No. of Data Rows : 1
zm0 = 9.999997e-04
Doing analysis at TEMP = 125.000000 and TNOM = 27.000000

Using SPARSE 1.3 as Direct Linear Solver

No. of Data Rows : 2

No. of Data Rows : 1
onoise_total_rs_thermal = 4.689157e-12
onoise_total.m.xm1.m0.id = 2.839357e-15
onoise_total.m.xm1.m0.1overf = 1.675614e-14
inoise_total.m.xm1.m0.id = 2.839358e-12
inoise_total.m.xm1.m0.1overf = 1.675615e-11
Doing analysis at TEMP = 125.000000 and TNOM = 27.000000

Using SPARSE 1.3 as Direct Linear Solver

No. of Data Rows : 1
zm1 = 9.999997e-04
Doing analysis at TEMP = 125.000000 and TNOM = 27.000000

Using SPARSE 1.3 as Direct Linear Solver

No. of Data Rows : 2

No. of Data Rows : 1
onoise_total_rs_thermal = 4.689157e-12
onoise_total.m.xm1.m0.id = 2.839357e-15
onoise_total.m.xm1.m0.1overf = 4.616187e-15
inoise_total.m.xm1.m0.id = 2.839358e-12
inoise_total.m.xm1.m0.1overf = 4.616189e-12
Doing analysis at TEMP = 125.000000 and TNOM = 27.000000

Using SPARSE 1.3 as Direct Linear Solver

No. of Data Rows : 1
zm2 = 9.999997e-04
Doing analysis at TEMP = 125.000000 and TNOM = 27.000000

Using SPARSE 1.3 as Direct Linear Solver

No. of Data Rows : 2

No. of Data Rows : 1
onoise_total_rs_thermal = 4.689157e-12
onoise_total.m.xm1.m0.id = 2.839357e-15
onoise_total.m.xm1.m0.1overf = 1.271436e-15
inoise_total.m.xm1.m0.id = 2.839358e-12
inoise_total.m.xm1.m0.1overf = 1.271436e-12
Doing analysis at TEMP = 125.000000 and TNOM = 27.000000

Using SPARSE 1.3 as Direct Linear Solver

No. of Data Rows : 1
zm3 = 9.999997e-04
Doing analysis at TEMP = 125.000000 and TNOM = 27.000000

Using SPARSE 1.3 as Direct Linear Solver

No. of Data Rows : 2

No. of Data Rows : 1
onoise_total_rs_thermal = 4.689157e-12
onoise_total.m.xm1.m0.id = 2.839357e-15
onoise_total.m.xm1.m0.1overf = 3.501833e-16
inoise_total.m.xm1.m0.id = 2.839358e-12
inoise_total.m.xm1.m0.1overf = 3.501835e-13
Doing analysis at TEMP = 125.000000 and TNOM = 27.000000

Using SPARSE 1.3 as Direct Linear Solver

No. of Data Rows : 1
zm4 = 9.999997e-04
Doing analysis at TEMP = 125.000000 and TNOM = 27.000000

Using SPARSE 1.3 as Direct Linear Solver

No. of Data Rows : 2

No. of Data Rows : 1
onoise_total_rs_thermal = 4.689157e-12
onoise_total.m.xm1.m0.id = 2.839357e-15
onoise_total.m.xm1.m0.1overf = 9.644852e-17
inoise_total.m.xm1.m0.id = 2.839358e-12
inoise_total.m.xm1.m0.1overf = 9.644856e-14
Doing analysis at TEMP = 125.000000 and TNOM = 27.000000

Using SPARSE 1.3 as Direct Linear Solver

No. of Data Rows : 1
zm5 = 9.999997e-04
Doing analysis at TEMP = 125.000000 and TNOM = 27.000000

Using SPARSE 1.3 as Direct Linear Solver

No. of Data Rows : 2

No. of Data Rows : 1
onoise_total_rs_thermal = 4.689157e-12
onoise_total.m.xm1.m0.id = 2.839357e-15
onoise_total.m.xm1.m0.1overf = 2.656413e-17
inoise_total.m.xm1.m0.id = 2.839358e-12
inoise_total.m.xm1.m0.1overf = 2.656414e-14
Doing analysis at TEMP = 125.000000 and TNOM = 27.000000

Using SPARSE 1.3 as Direct Linear Solver

No. of Data Rows : 1
zm6 = 9.999997e-04
Doing analysis at TEMP = 125.000000 and TNOM = 27.000000

Using SPARSE 1.3 as Direct Linear Solver

No. of Data Rows : 2

No. of Data Rows : 1
onoise_total_rs_thermal = 4.689157e-12
onoise_total.m.xm1.m0.id = 2.839357e-15
onoise_total.m.xm1.m0.1overf = 1.435846e-17
inoise_total.m.xm1.m0.id = 2.839358e-12
inoise_total.m.xm1.m0.1overf = 1.435846e-14
Note: Simulation executed from .control section 

======================================================================
=== sid_ss_125c_2.97v_xmp_p0208_pass1
======================================================================
.temp 125
vg g 0 dc -2.247411470000e+00
vb b 0 dc 6.376396720000e-01
vd dd 0 dc -4.010048450000e-02
rs dd d 1.00000000e-03
--- ngspice output ---

Note: No compatibility mode selected!


Circuit: * gf180-pll :: period-jitter :: s_id along the trajectory -- generated.

Doing analysis at TEMP = 125.000000 and TNOM = 27.000000

Using SPARSE 1.3 as Direct Linear Solver

No. of Data Rows : 1
@m.xm1.m0[vgs] = 2.247406e+00
@m.xm1.m0[vds] = 4.009048e-02
@m.xm1.m0[vbs] = -6.37645e-01
@m.xm1.m0[id] = 1.981789e-05
@m.xm1.m0[gm] = 1.185745e-05
@m.xm1.m0[gds] = 4.847870e-04
v(d) = -4.01005e-02
Doing analysis at TEMP = 125.000000 and TNOM = 27.000000

Using SPARSE 1.3 as Direct Linear Solver

No. of Data Rows : 1
zm0 = 9.999995e-04
Doing analysis at TEMP = 125.000000 and TNOM = 27.000000

Using SPARSE 1.3 as Direct Linear Solver

No. of Data Rows : 2

No. of Data Rows : 1
onoise_total_rs_thermal = 4.689156e-12
onoise_total.m.xm1.m0.id = 3.383771e-15
onoise_total.m.xm1.m0.1overf = 1.509620e-14
inoise_total.m.xm1.m0.id = 3.383773e-12
inoise_total.m.xm1.m0.1overf = 1.509621e-11
Doing analysis at TEMP = 125.000000 and TNOM = 27.000000

Using SPARSE 1.3 as Direct Linear Solver

No. of Data Rows : 1
zm1 = 9.999995e-04
Doing analysis at TEMP = 125.000000 and TNOM = 27.000000

Using SPARSE 1.3 as Direct Linear Solver

No. of Data Rows : 2

No. of Data Rows : 1
onoise_total_rs_thermal = 4.689156e-12
onoise_total.m.xm1.m0.id = 3.383771e-15
onoise_total.m.xm1.m0.1overf = 4.158887e-15
inoise_total.m.xm1.m0.id = 3.383773e-12
inoise_total.m.xm1.m0.1overf = 4.158889e-12
Doing analysis at TEMP = 125.000000 and TNOM = 27.000000

Using SPARSE 1.3 as Direct Linear Solver

No. of Data Rows : 1
zm2 = 9.999995e-04
Doing analysis at TEMP = 125.000000 and TNOM = 27.000000

Using SPARSE 1.3 as Direct Linear Solver

No. of Data Rows : 2

No. of Data Rows : 1
onoise_total_rs_thermal = 4.689156e-12
onoise_total.m.xm1.m0.id = 3.383771e-15
onoise_total.m.xm1.m0.1overf = 1.145481e-15
inoise_total.m.xm1.m0.id = 3.383773e-12
inoise_total.m.xm1.m0.1overf = 1.145482e-12
Doing analysis at TEMP = 125.000000 and TNOM = 27.000000

Using SPARSE 1.3 as Direct Linear Solver

No. of Data Rows : 1
zm3 = 9.999995e-04
Doing analysis at TEMP = 125.000000 and TNOM = 27.000000

Using SPARSE 1.3 as Direct Linear Solver

No. of Data Rows : 2

No. of Data Rows : 1
onoise_total_rs_thermal = 4.689156e-12
onoise_total.m.xm1.m0.id = 3.383771e-15
onoise_total.m.xm1.m0.1overf = 3.154926e-16
inoise_total.m.xm1.m0.id = 3.383773e-12
inoise_total.m.xm1.m0.1overf = 3.154927e-13
Doing analysis at TEMP = 125.000000 and TNOM = 27.000000

Using SPARSE 1.3 as Direct Linear Solver

No. of Data Rows : 1
zm4 = 9.999995e-04
Doing analysis at TEMP = 125.000000 and TNOM = 27.000000

Using SPARSE 1.3 as Direct Linear Solver

No. of Data Rows : 2

No. of Data Rows : 1
onoise_total_rs_thermal = 4.689156e-12
onoise_total.m.xm1.m0.id = 3.383771e-15
onoise_total.m.xm1.m0.1overf = 8.689390e-17
inoise_total.m.xm1.m0.id = 3.383773e-12
inoise_total.m.xm1.m0.1overf = 8.689394e-14
Doing analysis at TEMP = 125.000000 and TNOM = 27.000000

Using SPARSE 1.3 as Direct Linear Solver

No. of Data Rows : 1
zm5 = 9.999995e-04
Doing analysis at TEMP = 125.000000 and TNOM = 27.000000

Using SPARSE 1.3 as Direct Linear Solver

No. of Data Rows : 2

No. of Data Rows : 1
onoise_total_rs_thermal = 4.689156e-12
onoise_total.m.xm1.m0.id = 3.383771e-15
onoise_total.m.xm1.m0.1overf = 2.393256e-17
inoise_total.m.xm1.m0.id = 3.383773e-12
inoise_total.m.xm1.m0.1overf = 2.393258e-14
Doing analysis at TEMP = 125.000000 and TNOM = 27.000000

Using SPARSE 1.3 as Direct Linear Solver

No. of Data Rows : 1
zm6 = 9.999995e-04
Doing analysis at TEMP = 125.000000 and TNOM = 27.000000

Using SPARSE 1.3 as Direct Linear Solver

No. of Data Rows : 2

No. of Data Rows : 1
onoise_total_rs_thermal = 4.689156e-12
onoise_total.m.xm1.m0.id = 3.383771e-15
onoise_total.m.xm1.m0.1overf = 1.293604e-17
inoise_total.m.xm1.m0.id = 3.383773e-12
inoise_total.m.xm1.m0.1overf = 1.293605e-14
Note: Simulation executed from .control section 

======================================================================
=== sid_ss_125c_2.97v_xmp_p0208
======================================================================
.temp 125
vg g 0 dc -2.247416940000e+00
vb b 0 dc 6.376343440000e-01
vd dd 0 dc -4.011048900000e-02
rs dd d 1.00000000e-03
--- ngspice output ---

Note: No compatibility mode selected!


Circuit: * gf180-pll :: period-jitter :: s_id along the trajectory -- generated.

Doing analysis at TEMP = 125.000000 and TNOM = 27.000000

Using SPARSE 1.3 as Direct Linear Solver

No. of Data Rows : 1
@m.xm1.m0[vgs] = 2.247412e+00
@m.xm1.m0[vds] = 4.010048e-02
@m.xm1.m0[vbs] = -6.37639e-01
@m.xm1.m0[id] = 1.982283e-05
@m.xm1.m0[gm] = 1.186038e-05
@m.xm1.m0[gds] = 4.847844e-04
v(d) = -4.01105e-02
Doing analysis at TEMP = 125.000000 and TNOM = 27.000000

Using SPARSE 1.3 as Direct Linear Solver

No. of Data Rows : 1
zm0 = 9.999995e-04
Doing analysis at TEMP = 125.000000 and TNOM = 27.000000

Using SPARSE 1.3 as Direct Linear Solver

No. of Data Rows : 2

No. of Data Rows : 1
onoise_total_rs_thermal = 4.689156e-12
onoise_total.m.xm1.m0.id = 3.383769e-15
onoise_total.m.xm1.m0.1overf = 1.509997e-14
inoise_total.m.xm1.m0.id = 3.383771e-12
inoise_total.m.xm1.m0.1overf = 1.509998e-11
Doing analysis at TEMP = 125.000000 and TNOM = 27.000000

Using SPARSE 1.3 as Direct Linear Solver

No. of Data Rows : 1
zm1 = 9.999995e-04
Doing analysis at TEMP = 125.000000 and TNOM = 27.000000

Using SPARSE 1.3 as Direct Linear Solver

No. of Data Rows : 2

No. of Data Rows : 1
onoise_total_rs_thermal = 4.689156e-12
onoise_total.m.xm1.m0.id = 3.383769e-15
onoise_total.m.xm1.m0.1overf = 4.159925e-15
inoise_total.m.xm1.m0.id = 3.383771e-12
inoise_total.m.xm1.m0.1overf = 4.159927e-12
Doing analysis at TEMP = 125.000000 and TNOM = 27.000000

Using SPARSE 1.3 as Direct Linear Solver

No. of Data Rows : 1
zm2 = 9.999995e-04
Doing analysis at TEMP = 125.000000 and TNOM = 27.000000

Using SPARSE 1.3 as Direct Linear Solver

No. of Data Rows : 2

No. of Data Rows : 1
onoise_total_rs_thermal = 4.689156e-12
onoise_total.m.xm1.m0.id = 3.383769e-15
onoise_total.m.xm1.m0.1overf = 1.145767e-15
inoise_total.m.xm1.m0.id = 3.383771e-12
inoise_total.m.xm1.m0.1overf = 1.145768e-12
Doing analysis at TEMP = 125.000000 and TNOM = 27.000000

Using SPARSE 1.3 as Direct Linear Solver

No. of Data Rows : 1
zm3 = 9.999995e-04
Doing analysis at TEMP = 125.000000 and TNOM = 27.000000

Using SPARSE 1.3 as Direct Linear Solver

No. of Data Rows : 2

No. of Data Rows : 1
onoise_total_rs_thermal = 4.689156e-12
onoise_total.m.xm1.m0.id = 3.383769e-15
onoise_total.m.xm1.m0.1overf = 3.155714e-16
inoise_total.m.xm1.m0.id = 3.383771e-12
inoise_total.m.xm1.m0.1overf = 3.155715e-13
Doing analysis at TEMP = 125.000000 and TNOM = 27.000000

Using SPARSE 1.3 as Direct Linear Solver

No. of Data Rows : 1
zm4 = 9.999995e-04
Doing analysis at TEMP = 125.000000 and TNOM = 27.000000

Using SPARSE 1.3 as Direct Linear Solver

No. of Data Rows : 2

No. of Data Rows : 1
onoise_total_rs_thermal = 4.689156e-12
onoise_total.m.xm1.m0.id = 3.383769e-15
onoise_total.m.xm1.m0.1overf = 8.691559e-17
inoise_total.m.xm1.m0.id = 3.383771e-12
inoise_total.m.xm1.m0.1overf = 8.691563e-14
Doing analysis at TEMP = 125.000000 and TNOM = 27.000000

Using SPARSE 1.3 as Direct Linear Solver

No. of Data Rows : 1
zm5 = 9.999995e-04
Doing analysis at TEMP = 125.000000 and TNOM = 27.000000

Using SPARSE 1.3 as Direct Linear Solver

No. of Data Rows : 2

No. of Data Rows : 1
onoise_total_rs_thermal = 4.689156e-12
onoise_total.m.xm1.m0.id = 3.383769e-15
onoise_total.m.xm1.m0.1overf = 2.393854e-17
inoise_total.m.xm1.m0.id = 3.383771e-12
inoise_total.m.xm1.m0.1overf = 2.393855e-14
Doing analysis at TEMP = 125.000000 and TNOM = 27.000000

Using SPARSE 1.3 as Direct Linear Solver

No. of Data Rows : 1
zm6 = 9.999995e-04
Doing analysis at TEMP = 125.000000 and TNOM = 27.000000

Using SPARSE 1.3 as Direct Linear Solver

No. of Data Rows : 2

No. of Data Rows : 1
onoise_total_rs_thermal = 4.689156e-12
onoise_total.m.xm1.m0.id = 3.383769e-15
onoise_total.m.xm1.m0.1overf = 1.293927e-17
inoise_total.m.xm1.m0.id = 3.383771e-12
inoise_total.m.xm1.m0.1overf = 1.293928e-14
Note: Simulation executed from .control section 

======================================================================
=== sid_ss_125c_2.97v_xmp_p0250_pass1
======================================================================
.temp 125
vg g 0 dc -2.529584250000e+00
vb b 0 dc 3.866589970000e-01
vd dd 0 dc -3.513598600000e-02
rs dd d 1.00000000e-03
--- ngspice output ---

Note: No compatibility mode selected!


Circuit: * gf180-pll :: period-jitter :: s_id along the trajectory -- generated.

Doing analysis at TEMP = 125.000000 and TNOM = 27.000000

Using SPARSE 1.3 as Direct Linear Solver

No. of Data Rows : 1
@m.xm1.m0[vgs] = 2.529579e+00
@m.xm1.m0[vds] = 3.512530e-02
@m.xm1.m0[vbs] = -3.86664e-01
@m.xm1.m0[id] = 2.116759e-05
@m.xm1.m0[gm] = 9.221744e-06
@m.xm1.m0[gds] = 5.941170e-04
v(d) = -3.51360e-02
Doing analysis at TEMP = 125.000000 and TNOM = 27.000000

Using SPARSE 1.3 as Direct Linear Solver

No. of Data Rows : 1
zm0 = 9.999994e-04
Doing analysis at TEMP = 125.000000 and TNOM = 27.000000

Using SPARSE 1.3 as Direct Linear Solver

No. of Data Rows : 2

No. of Data Rows : 1
onoise_total_rs_thermal = 4.689156e-12
onoise_total.m.xm1.m0.id = 3.735084e-15
onoise_total.m.xm1.m0.1overf = 1.599849e-14
inoise_total.m.xm1.m0.id = 3.735086e-12
inoise_total.m.xm1.m0.1overf = 1.599850e-11
Doing analysis at TEMP = 125.000000 and TNOM = 27.000000

Using SPARSE 1.3 as Direct Linear Solver

No. of Data Rows : 1
zm1 = 9.999994e-04
Doing analysis at TEMP = 125.000000 and TNOM = 27.000000

Using SPARSE 1.3 as Direct Linear Solver

No. of Data Rows : 2

No. of Data Rows : 1
onoise_total_rs_thermal = 4.689156e-12
onoise_total.m.xm1.m0.id = 3.735084e-15
onoise_total.m.xm1.m0.1overf = 4.407461e-15
inoise_total.m.xm1.m0.id = 3.735086e-12
inoise_total.m.xm1.m0.1overf = 4.407464e-12
Doing analysis at TEMP = 125.000000 and TNOM = 27.000000

Using SPARSE 1.3 as Direct Linear Solver

No. of Data Rows : 1
zm2 = 9.999994e-04
Doing analysis at TEMP = 125.000000 and TNOM = 27.000000

Using SPARSE 1.3 as Direct Linear Solver

No. of Data Rows : 2

No. of Data Rows : 1
onoise_total_rs_thermal = 4.689156e-12
onoise_total.m.xm1.m0.id = 3.735084e-15
onoise_total.m.xm1.m0.1overf = 1.213946e-15
inoise_total.m.xm1.m0.id = 3.735086e-12
inoise_total.m.xm1.m0.1overf = 1.213947e-12
Doing analysis at TEMP = 125.000000 and TNOM = 27.000000

Using SPARSE 1.3 as Direct Linear Solver

No. of Data Rows : 1
zm3 = 9.999994e-04
Doing analysis at TEMP = 125.000000 and TNOM = 27.000000

Using SPARSE 1.3 as Direct Linear Solver

No. of Data Rows : 2

No. of Data Rows : 1
onoise_total_rs_thermal = 4.689156e-12
onoise_total.m.xm1.m0.id = 3.735084e-15
onoise_total.m.xm1.m0.1overf = 3.343494e-16
inoise_total.m.xm1.m0.id = 3.735086e-12
inoise_total.m.xm1.m0.1overf = 3.343496e-13
Doing analysis at TEMP = 125.000000 and TNOM = 27.000000

Using SPARSE 1.3 as Direct Linear Solver

No. of Data Rows : 1
zm4 = 9.999994e-04
Doing analysis at TEMP = 125.000000 and TNOM = 27.000000

Using SPARSE 1.3 as Direct Linear Solver

No. of Data Rows : 2

No. of Data Rows : 1
onoise_total_rs_thermal = 4.689156e-12
onoise_total.m.xm1.m0.id = 3.735084e-15
onoise_total.m.xm1.m0.1overf = 9.208750e-17
inoise_total.m.xm1.m0.id = 3.735086e-12
inoise_total.m.xm1.m0.1overf = 9.208755e-14
Doing analysis at TEMP = 125.000000 and TNOM = 27.000000

Using SPARSE 1.3 as Direct Linear Solver

No. of Data Rows : 1
zm5 = 9.999994e-04
Doing analysis at TEMP = 125.000000 and TNOM = 27.000000

Using SPARSE 1.3 as Direct Linear Solver

No. of Data Rows : 2

No. of Data Rows : 1
onoise_total_rs_thermal = 4.689156e-12
onoise_total.m.xm1.m0.id = 3.735084e-15
onoise_total.m.xm1.m0.1overf = 2.536300e-17
inoise_total.m.xm1.m0.id = 3.735086e-12
inoise_total.m.xm1.m0.1overf = 2.536301e-14
Doing analysis at TEMP = 125.000000 and TNOM = 27.000000

Using SPARSE 1.3 as Direct Linear Solver

No. of Data Rows : 1
zm6 = 9.999994e-04
Doing analysis at TEMP = 125.000000 and TNOM = 27.000000

Using SPARSE 1.3 as Direct Linear Solver

No. of Data Rows : 2

No. of Data Rows : 1
onoise_total_rs_thermal = 4.689156e-12
onoise_total.m.xm1.m0.id = 3.735084e-15
onoise_total.m.xm1.m0.1overf = 1.370922e-17
inoise_total.m.xm1.m0.id = 3.735086e-12
inoise_total.m.xm1.m0.1overf = 1.370923e-14
Note: Simulation executed from .control section 

======================================================================
=== sid_ss_125c_2.97v_xmp_p0250
======================================================================
.temp 125
vg g 0 dc -2.529589500000e+00
vb b 0 dc 3.866539940000e-01
vd dd 0 dc -3.514667200000e-02
rs dd d 1.00000000e-03
--- ngspice output ---

Note: No compatibility mode selected!


Circuit: * gf180-pll :: period-jitter :: s_id along the trajectory -- generated.

Doing analysis at TEMP = 125.000000 and TNOM = 27.000000

Using SPARSE 1.3 as Direct Linear Solver

No. of Data Rows : 1
@m.xm1.m0[vgs] = 2.529584e+00
@m.xm1.m0[vds] = 3.513598e-02
@m.xm1.m0[vbs] = -3.86659e-01
@m.xm1.m0[id] = 2.117401e-05
@m.xm1.m0[gm] = 9.224533e-06
@m.xm1.m0[gds] = 5.941138e-04
v(d) = -3.51467e-02
Doing analysis at TEMP = 125.000000 and TNOM = 27.000000

Using SPARSE 1.3 as Direct Linear Solver

No. of Data Rows : 1
zm0 = 9.999994e-04
Doing analysis at TEMP = 125.000000 and TNOM = 27.000000

Using SPARSE 1.3 as Direct Linear Solver

No. of Data Rows : 2

No. of Data Rows : 1
onoise_total_rs_thermal = 4.689156e-12
onoise_total.m.xm1.m0.id = 3.735081e-15
onoise_total.m.xm1.m0.1overf = 1.600335e-14
inoise_total.m.xm1.m0.id = 3.735083e-12
inoise_total.m.xm1.m0.1overf = 1.600336e-11
Doing analysis at TEMP = 125.000000 and TNOM = 27.000000

Using SPARSE 1.3 as Direct Linear Solver

No. of Data Rows : 1
zm1 = 9.999994e-04
Doing analysis at TEMP = 125.000000 and TNOM = 27.000000

Using SPARSE 1.3 as Direct Linear Solver

No. of Data Rows : 2

No. of Data Rows : 1
onoise_total_rs_thermal = 4.689156e-12
onoise_total.m.xm1.m0.id = 3.735081e-15
onoise_total.m.xm1.m0.1overf = 4.408800e-15
inoise_total.m.xm1.m0.id = 3.735083e-12
inoise_total.m.xm1.m0.1overf = 4.408803e-12
Doing analysis at TEMP = 125.000000 and TNOM = 27.000000

Using SPARSE 1.3 as Direct Linear Solver

No. of Data Rows : 1
zm2 = 9.999994e-04
Doing analysis at TEMP = 125.000000 and TNOM = 27.000000

Using SPARSE 1.3 as Direct Linear Solver

No. of Data Rows : 2

No. of Data Rows : 1
onoise_total_rs_thermal = 4.689156e-12
onoise_total.m.xm1.m0.id = 3.735081e-15
onoise_total.m.xm1.m0.1overf = 1.214315e-15
inoise_total.m.xm1.m0.id = 3.735083e-12
inoise_total.m.xm1.m0.1overf = 1.214316e-12
Doing analysis at TEMP = 125.000000 and TNOM = 27.000000

Using SPARSE 1.3 as Direct Linear Solver

No. of Data Rows : 1
zm3 = 9.999994e-04
Doing analysis at TEMP = 125.000000 and TNOM = 27.000000

Using SPARSE 1.3 as Direct Linear Solver

No. of Data Rows : 2

No. of Data Rows : 1
onoise_total_rs_thermal = 4.689156e-12
onoise_total.m.xm1.m0.id = 3.735081e-15
onoise_total.m.xm1.m0.1overf = 3.344510e-16
inoise_total.m.xm1.m0.id = 3.735083e-12
inoise_total.m.xm1.m0.1overf = 3.344511e-13
Doing analysis at TEMP = 125.000000 and TNOM = 27.000000

Using SPARSE 1.3 as Direct Linear Solver

No. of Data Rows : 1
zm4 = 9.999994e-04
Doing analysis at TEMP = 125.000000 and TNOM = 27.000000

Using SPARSE 1.3 as Direct Linear Solver

No. of Data Rows : 2

No. of Data Rows : 1
onoise_total_rs_thermal = 4.689156e-12
onoise_total.m.xm1.m0.id = 3.735081e-15
onoise_total.m.xm1.m0.1overf = 9.211546e-17
inoise_total.m.xm1.m0.id = 3.735083e-12
inoise_total.m.xm1.m0.1overf = 9.211552e-14
Doing analysis at TEMP = 125.000000 and TNOM = 27.000000

Using SPARSE 1.3 as Direct Linear Solver

No. of Data Rows : 1
zm5 = 9.999994e-04
Doing analysis at TEMP = 125.000000 and TNOM = 27.000000

Using SPARSE 1.3 as Direct Linear Solver

No. of Data Rows : 2

No. of Data Rows : 1
onoise_total_rs_thermal = 4.689156e-12
onoise_total.m.xm1.m0.id = 3.735081e-15
onoise_total.m.xm1.m0.1overf = 2.537070e-17
inoise_total.m.xm1.m0.id = 3.735083e-12
inoise_total.m.xm1.m0.1overf = 2.537072e-14
Doing analysis at TEMP = 125.000000 and TNOM = 27.000000

Using SPARSE 1.3 as Direct Linear Solver

No. of Data Rows : 1
zm6 = 9.999994e-04
Doing analysis at TEMP = 125.000000 and TNOM = 27.000000

Using SPARSE 1.3 as Direct Linear Solver

No. of Data Rows : 2

No. of Data Rows : 1
onoise_total_rs_thermal = 4.689156e-12
onoise_total.m.xm1.m0.id = 3.735081e-15
onoise_total.m.xm1.m0.1overf = 1.371339e-17
inoise_total.m.xm1.m0.id = 3.735083e-12
inoise_total.m.xm1.m0.1overf = 1.371339e-14
Note: Simulation executed from .control section 

======================================================================
=== sid_ss_125c_2.97v_xmp_p0292_pass1
======================================================================
.temp 125
vg g 0 dc -2.742102680000e+00
vb b 0 dc 2.000059780000e-01
vd dd 0 dc -2.314928930000e-02
rs dd d 1.00000000e-03
--- ngspice output ---

Note: No compatibility mode selected!


Circuit: * gf180-pll :: period-jitter :: s_id along the trajectory -- generated.

Doing analysis at TEMP = 125.000000 and TNOM = 27.000000

Using SPARSE 1.3 as Direct Linear Solver

No. of Data Rows : 1
@m.xm1.m0[vgs] = 2.742099e+00
@m.xm1.m0[vds] = 2.314132e-02
@m.xm1.m0[vbs] = -2.00010e-01
@m.xm1.m0[id] = 1.578615e-05
@m.xm1.m0[gm] = 5.552492e-06
@m.xm1.m0[gds] = 6.764902e-04
v(d) = -2.31493e-02
Doing analysis at TEMP = 125.000000 and TNOM = 27.000000

Using SPARSE 1.3 as Direct Linear Solver

No. of Data Rows : 1
zm0 = 9.999993e-04
Doing analysis at TEMP = 125.000000 and TNOM = 27.000000

Using SPARSE 1.3 as Direct Linear Solver

No. of Data Rows : 2

No. of Data Rows : 1
onoise_total_rs_thermal = 4.689155e-12
onoise_total.m.xm1.m0.id = 3.973211e-15
onoise_total.m.xm1.m0.1overf = 1.190292e-14
inoise_total.m.xm1.m0.id = 3.973213e-12
inoise_total.m.xm1.m0.1overf = 1.190293e-11
Doing analysis at TEMP = 125.000000 and TNOM = 27.000000

Using SPARSE 1.3 as Direct Linear Solver

No. of Data Rows : 1
zm1 = 9.999993e-04
Doing analysis at TEMP = 125.000000 and TNOM = 27.000000

Using SPARSE 1.3 as Direct Linear Solver

No. of Data Rows : 2

No. of Data Rows : 1
onoise_total_rs_thermal = 4.689155e-12
onoise_total.m.xm1.m0.id = 3.973211e-15
onoise_total.m.xm1.m0.1overf = 3.279162e-15
inoise_total.m.xm1.m0.id = 3.973213e-12
inoise_total.m.xm1.m0.1overf = 3.279165e-12
Doing analysis at TEMP = 125.000000 and TNOM = 27.000000

Using SPARSE 1.3 as Direct Linear Solver

No. of Data Rows : 1
zm2 = 9.999993e-04
Doing analysis at TEMP = 125.000000 and TNOM = 27.000000

Using SPARSE 1.3 as Direct Linear Solver

No. of Data Rows : 2

No. of Data Rows : 1
onoise_total_rs_thermal = 4.689155e-12
onoise_total.m.xm1.m0.id = 3.973211e-15
onoise_total.m.xm1.m0.1overf = 9.031791e-16
inoise_total.m.xm1.m0.id = 3.973213e-12
inoise_total.m.xm1.m0.1overf = 9.031797e-13
Doing analysis at TEMP = 125.000000 and TNOM = 27.000000

Using SPARSE 1.3 as Direct Linear Solver

No. of Data Rows : 1
zm3 = 9.999993e-04
Doing analysis at TEMP = 125.000000 and TNOM = 27.000000

Using SPARSE 1.3 as Direct Linear Solver

No. of Data Rows : 2

No. of Data Rows : 1
onoise_total_rs_thermal = 4.689155e-12
onoise_total.m.xm1.m0.id = 3.973211e-15
onoise_total.m.xm1.m0.1overf = 2.487568e-16
inoise_total.m.xm1.m0.id = 3.973213e-12
inoise_total.m.xm1.m0.1overf = 2.487570e-13
Doing analysis at TEMP = 125.000000 and TNOM = 27.000000

Using SPARSE 1.3 as Direct Linear Solver

No. of Data Rows : 1
zm4 = 9.999993e-04
Doing analysis at TEMP = 125.000000 and TNOM = 27.000000

Using SPARSE 1.3 as Direct Linear Solver

No. of Data Rows : 2

No. of Data Rows : 1
onoise_total_rs_thermal = 4.689155e-12
onoise_total.m.xm1.m0.id = 3.973211e-15
onoise_total.m.xm1.m0.1overf = 6.851333e-17
inoise_total.m.xm1.m0.id = 3.973213e-12
inoise_total.m.xm1.m0.1overf = 6.851338e-14
Doing analysis at TEMP = 125.000000 and TNOM = 27.000000

Using SPARSE 1.3 as Direct Linear Solver

No. of Data Rows : 1
zm5 = 9.999993e-04
Doing analysis at TEMP = 125.000000 and TNOM = 27.000000

Using SPARSE 1.3 as Direct Linear Solver

No. of Data Rows : 2

No. of Data Rows : 1
onoise_total_rs_thermal = 4.689155e-12
onoise_total.m.xm1.m0.id = 3.973211e-15
onoise_total.m.xm1.m0.1overf = 1.887014e-17
inoise_total.m.xm1.m0.id = 3.973213e-12
inoise_total.m.xm1.m0.1overf = 1.887015e-14
Doing analysis at TEMP = 125.000000 and TNOM = 27.000000

Using SPARSE 1.3 as Direct Linear Solver

No. of Data Rows : 1
zm6 = 9.999993e-04
Doing analysis at TEMP = 125.000000 and TNOM = 27.000000

Using SPARSE 1.3 as Direct Linear Solver

No. of Data Rows : 2

No. of Data Rows : 1
onoise_total_rs_thermal = 4.689155e-12
onoise_total.m.xm1.m0.id = 3.973211e-15
onoise_total.m.xm1.m0.1overf = 1.019970e-17
inoise_total.m.xm1.m0.id = 3.973213e-12
inoise_total.m.xm1.m0.1overf = 1.019970e-14
Note: Simulation executed from .control section 

======================================================================
=== sid_ss_125c_2.97v_xmp_p0292
======================================================================
.temp 125
vg g 0 dc -2.742106360000e+00
vb b 0 dc 2.000019560000e-01
vd dd 0 dc -2.315725860000e-02
rs dd d 1.00000000e-03
--- ngspice output ---

Note: No compatibility mode selected!


Circuit: * gf180-pll :: period-jitter :: s_id along the trajectory -- generated.

Doing analysis at TEMP = 125.000000 and TNOM = 27.000000

Using SPARSE 1.3 as Direct Linear Solver

No. of Data Rows : 1
@m.xm1.m0[vgs] = 2.742102e+00
@m.xm1.m0[vds] = 2.314928e-02
@m.xm1.m0[vbs] = -2.00006e-01
@m.xm1.m0[id] = 1.579157e-05
@m.xm1.m0[gm] = 5.554398e-06
@m.xm1.m0[gds] = 6.764877e-04
v(d) = -2.31572e-02
Doing analysis at TEMP = 125.000000 and TNOM = 27.000000

Using SPARSE 1.3 as Direct Linear Solver

No. of Data Rows : 1
zm0 = 9.999993e-04
Doing analysis at TEMP = 125.000000 and TNOM = 27.000000

Using SPARSE 1.3 as Direct Linear Solver

No. of Data Rows : 2

No. of Data Rows : 1
onoise_total_rs_thermal = 4.689155e-12
onoise_total.m.xm1.m0.id = 3.973209e-15
onoise_total.m.xm1.m0.1overf = 1.190701e-14
inoise_total.m.xm1.m0.id = 3.973211e-12
inoise_total.m.xm1.m0.1overf = 1.190702e-11
Doing analysis at TEMP = 125.000000 and TNOM = 27.000000

Using SPARSE 1.3 as Direct Linear Solver

No. of Data Rows : 1
zm1 = 9.999993e-04
Doing analysis at TEMP = 125.000000 and TNOM = 27.000000

Using SPARSE 1.3 as Direct Linear Solver

No. of Data Rows : 2

No. of Data Rows : 1
onoise_total_rs_thermal = 4.689155e-12
onoise_total.m.xm1.m0.id = 3.973209e-15
onoise_total.m.xm1.m0.1overf = 3.280290e-15
inoise_total.m.xm1.m0.id = 3.973211e-12
inoise_total.m.xm1.m0.1overf = 3.280292e-12
Doing analysis at TEMP = 125.000000 and TNOM = 27.000000

Using SPARSE 1.3 as Direct Linear Solver

No. of Data Rows : 1
zm2 = 9.999993e-04
Doing analysis at TEMP = 125.000000 and TNOM = 27.000000

Using SPARSE 1.3 as Direct Linear Solver

No. of Data Rows : 2

No. of Data Rows : 1
onoise_total_rs_thermal = 4.689155e-12
onoise_total.m.xm1.m0.id = 3.973209e-15
onoise_total.m.xm1.m0.1overf = 9.034897e-16
inoise_total.m.xm1.m0.id = 3.973211e-12
inoise_total.m.xm1.m0.1overf = 9.034903e-13
Doing analysis at TEMP = 125.000000 and TNOM = 27.000000

Using SPARSE 1.3 as Direct Linear Solver

No. of Data Rows : 1
zm3 = 9.999993e-04
Doing analysis at TEMP = 125.000000 and TNOM = 27.000000

Using SPARSE 1.3 as Direct Linear Solver

No. of Data Rows : 2

No. of Data Rows : 1
onoise_total_rs_thermal = 4.689155e-12
onoise_total.m.xm1.m0.id = 3.973209e-15
onoise_total.m.xm1.m0.1overf = 2.488424e-16
inoise_total.m.xm1.m0.id = 3.973211e-12
inoise_total.m.xm1.m0.1overf = 2.488425e-13
Doing analysis at TEMP = 125.000000 and TNOM = 27.000000

Using SPARSE 1.3 as Direct Linear Solver

No. of Data Rows : 1
zm4 = 9.999993e-04
Doing analysis at TEMP = 125.000000 and TNOM = 27.000000

Using SPARSE 1.3 as Direct Linear Solver

No. of Data Rows : 2

No. of Data Rows : 1
onoise_total_rs_thermal = 4.689155e-12
onoise_total.m.xm1.m0.id = 3.973209e-15
onoise_total.m.xm1.m0.1overf = 6.853689e-17
inoise_total.m.xm1.m0.id = 3.973211e-12
inoise_total.m.xm1.m0.1overf = 6.853694e-14
Doing analysis at TEMP = 125.000000 and TNOM = 27.000000

Using SPARSE 1.3 as Direct Linear Solver

No. of Data Rows : 1
zm5 = 9.999993e-04
Doing analysis at TEMP = 125.000000 and TNOM = 27.000000

Using SPARSE 1.3 as Direct Linear Solver

No. of Data Rows : 2

No. of Data Rows : 1
onoise_total_rs_thermal = 4.689155e-12
onoise_total.m.xm1.m0.id = 3.973209e-15
onoise_total.m.xm1.m0.1overf = 1.887663e-17
inoise_total.m.xm1.m0.id = 3.973211e-12
inoise_total.m.xm1.m0.1overf = 1.887664e-14
Doing analysis at TEMP = 125.000000 and TNOM = 27.000000

Using SPARSE 1.3 as Direct Linear Solver

No. of Data Rows : 1
zm6 = 9.999993e-04
Doing analysis at TEMP = 125.000000 and TNOM = 27.000000

Using SPARSE 1.3 as Direct Linear Solver

No. of Data Rows : 2

No. of Data Rows : 1
onoise_total_rs_thermal = 4.689155e-12
onoise_total.m.xm1.m0.id = 3.973209e-15
onoise_total.m.xm1.m0.1overf = 1.020320e-17
inoise_total.m.xm1.m0.id = 3.973211e-12
inoise_total.m.xm1.m0.1overf = 1.020321e-14
Note: Simulation executed from .control section 

======================================================================
=== sid_ss_125c_2.97v_xmp_p0333_pass1
======================================================================
.temp 125
vg g 0 dc -2.871717090000e+00
vb b 0 dc 9.706093750000e-02
vd dd 0 dc -1.258510620000e-02
rs dd d 1.00000000e-03
--- ngspice output ---

Note: No compatibility mode selected!


Circuit: * gf180-pll :: period-jitter :: s_id along the trajectory -- generated.

Doing analysis at TEMP = 125.000000 and TNOM = 27.000000

Using SPARSE 1.3 as Direct Linear Solver

No. of Data Rows : 1
@m.xm1.m0[vgs] = 2.871715e+00
@m.xm1.m0[vds] = 1.258048e-02
@m.xm1.m0[vbs] = -9.70632e-02
@m.xm1.m0[id] = 9.169266e-06
@m.xm1.m0[gm] = 2.858410e-06
@m.xm1.m0[gds] = 7.257488e-04
v(d) = -1.25851e-02
Doing analysis at TEMP = 125.000000 and TNOM = 27.000000

Using SPARSE 1.3 as Direct Linear Solver

No. of Data Rows : 1
zm0 = 9.999993e-04
Doing analysis at TEMP = 125.000000 and TNOM = 27.000000

Using SPARSE 1.3 as Direct Linear Solver

No. of Data Rows : 2

No. of Data Rows : 1
onoise_total_rs_thermal = 4.689155e-12
onoise_total.m.xm1.m0.id = 4.106356e-15
onoise_total.m.xm1.m0.1overf = 6.907977e-15
inoise_total.m.xm1.m0.id = 4.106359e-12
inoise_total.m.xm1.m0.1overf = 6.907982e-12
Doing analysis at TEMP = 125.000000 and TNOM = 27.000000

Using SPARSE 1.3 as Direct Linear Solver

No. of Data Rows : 1
zm1 = 9.999993e-04
Doing analysis at TEMP = 125.000000 and TNOM = 27.000000

Using SPARSE 1.3 as Direct Linear Solver

No. of Data Rows : 2

No. of Data Rows : 1
onoise_total_rs_thermal = 4.689155e-12
onoise_total.m.xm1.m0.id = 4.106356e-15
onoise_total.m.xm1.m0.1overf = 1.903094e-15
inoise_total.m.xm1.m0.id = 4.106359e-12
inoise_total.m.xm1.m0.1overf = 1.903095e-12
Doing analysis at TEMP = 125.000000 and TNOM = 27.000000

Using SPARSE 1.3 as Direct Linear Solver

No. of Data Rows : 1
zm2 = 9.999993e-04
Doing analysis at TEMP = 125.000000 and TNOM = 27.000000

Using SPARSE 1.3 as Direct Linear Solver

No. of Data Rows : 2

No. of Data Rows : 1
onoise_total_rs_thermal = 4.689155e-12
onoise_total.m.xm1.m0.id = 4.106356e-15
onoise_total.m.xm1.m0.1overf = 5.241688e-16
inoise_total.m.xm1.m0.id = 4.106359e-12
inoise_total.m.xm1.m0.1overf = 5.241692e-13
Doing analysis at TEMP = 125.000000 and TNOM = 27.000000

Using SPARSE 1.3 as Direct Linear Solver

No. of Data Rows : 1
zm3 = 9.999993e-04
Doing analysis at TEMP = 125.000000 and TNOM = 27.000000

Using SPARSE 1.3 as Direct Linear Solver

No. of Data Rows : 2

No. of Data Rows : 1
onoise_total_rs_thermal = 4.689155e-12
onoise_total.m.xm1.m0.id = 4.106356e-15
onoise_total.m.xm1.m0.1overf = 1.443684e-16
inoise_total.m.xm1.m0.id = 4.106359e-12
inoise_total.m.xm1.m0.1overf = 1.443686e-13
Doing analysis at TEMP = 125.000000 and TNOM = 27.000000

Using SPARSE 1.3 as Direct Linear Solver

No. of Data Rows : 1
zm4 = 9.999993e-04
Doing analysis at TEMP = 125.000000 and TNOM = 27.000000

Using SPARSE 1.3 as Direct Linear Solver

No. of Data Rows : 2

No. of Data Rows : 1
onoise_total_rs_thermal = 4.689155e-12
onoise_total.m.xm1.m0.id = 4.106356e-15
onoise_total.m.xm1.m0.1overf = 3.976238e-17
inoise_total.m.xm1.m0.id = 4.106359e-12
inoise_total.m.xm1.m0.1overf = 3.976241e-14
Doing analysis at TEMP = 125.000000 and TNOM = 27.000000

Using SPARSE 1.3 as Direct Linear Solver

No. of Data Rows : 1
zm5 = 9.999993e-04
Doing analysis at TEMP = 125.000000 and TNOM = 27.000000

Using SPARSE 1.3 as Direct Linear Solver

No. of Data Rows : 2

No. of Data Rows : 1
onoise_total_rs_thermal = 4.689155e-12
onoise_total.m.xm1.m0.id = 4.106356e-15
onoise_total.m.xm1.m0.1overf = 1.095147e-17
inoise_total.m.xm1.m0.id = 4.106359e-12
inoise_total.m.xm1.m0.1overf = 1.095148e-14
Doing analysis at TEMP = 125.000000 and TNOM = 27.000000

Using SPARSE 1.3 as Direct Linear Solver

No. of Data Rows : 1
zm6 = 9.999993e-04
Doing analysis at TEMP = 125.000000 and TNOM = 27.000000

Using SPARSE 1.3 as Direct Linear Solver

No. of Data Rows : 2

No. of Data Rows : 1
onoise_total_rs_thermal = 4.689155e-12
onoise_total.m.xm1.m0.id = 4.106356e-15
onoise_total.m.xm1.m0.1overf = 5.919493e-18
inoise_total.m.xm1.m0.id = 4.106359e-12
inoise_total.m.xm1.m0.1overf = 5.919498e-15
Note: Simulation executed from .control section 

======================================================================
=== sid_ss_125c_2.97v_xmp_p0333
======================================================================
.temp 125
vg g 0 dc -2.871719180000e+00
vb b 0 dc 9.705867500000e-02
vd dd 0 dc -1.258973240000e-02
rs dd d 1.00000000e-03
--- ngspice output ---

Note: No compatibility mode selected!


Circuit: * gf180-pll :: period-jitter :: s_id along the trajectory -- generated.

Doing analysis at TEMP = 125.000000 and TNOM = 27.000000

Using SPARSE 1.3 as Direct Linear Solver

No. of Data Rows : 1
@m.xm1.m0[vgs] = 2.871717e+00
@m.xm1.m0[vds] = 1.258510e-02
@m.xm1.m0[vbs] = -9.70610e-02
@m.xm1.m0[id] = 9.172632e-06
@m.xm1.m0[gm] = 2.859459e-06
@m.xm1.m0[gds] = 7.257473e-04
v(d) = -1.25897e-02
Doing analysis at TEMP = 125.000000 and TNOM = 27.000000

Using SPARSE 1.3 as Direct Linear Solver

No. of Data Rows : 1
zm0 = 9.999993e-04
Doing analysis at TEMP = 125.000000 and TNOM = 27.000000

Using SPARSE 1.3 as Direct Linear Solver

No. of Data Rows : 2

No. of Data Rows : 1
onoise_total_rs_thermal = 4.689155e-12
onoise_total.m.xm1.m0.id = 4.106355e-15
onoise_total.m.xm1.m0.1overf = 6.910514e-15
inoise_total.m.xm1.m0.id = 4.106358e-12
inoise_total.m.xm1.m0.1overf = 6.910519e-12
Doing analysis at TEMP = 125.000000 and TNOM = 27.000000

Using SPARSE 1.3 as Direct Linear Solver

No. of Data Rows : 1
zm1 = 9.999993e-04
Doing analysis at TEMP = 125.000000 and TNOM = 27.000000

Using SPARSE 1.3 as Direct Linear Solver

No. of Data Rows : 2

No. of Data Rows : 1
onoise_total_rs_thermal = 4.689155e-12
onoise_total.m.xm1.m0.id = 4.106355e-15
onoise_total.m.xm1.m0.1overf = 1.903793e-15
inoise_total.m.xm1.m0.id = 4.106358e-12
inoise_total.m.xm1.m0.1overf = 1.903795e-12
Doing analysis at TEMP = 125.000000 and TNOM = 27.000000

Using SPARSE 1.3 as Direct Linear Solver

No. of Data Rows : 1
zm2 = 9.999993e-04
Doing analysis at TEMP = 125.000000 and TNOM = 27.000000

Using SPARSE 1.3 as Direct Linear Solver

No. of Data Rows : 2

No. of Data Rows : 1
onoise_total_rs_thermal = 4.689155e-12
onoise_total.m.xm1.m0.id = 4.106355e-15
onoise_total.m.xm1.m0.1overf = 5.243614e-16
inoise_total.m.xm1.m0.id = 4.106358e-12
inoise_total.m.xm1.m0.1overf = 5.243618e-13
Doing analysis at TEMP = 125.000000 and TNOM = 27.000000

Using SPARSE 1.3 as Direct Linear Solver

No. of Data Rows : 1
zm3 = 9.999993e-04
Doing analysis at TEMP = 125.000000 and TNOM = 27.000000

Using SPARSE 1.3 as Direct Linear Solver

No. of Data Rows : 2

No. of Data Rows : 1
onoise_total_rs_thermal = 4.689155e-12
onoise_total.m.xm1.m0.id = 4.106355e-15
onoise_total.m.xm1.m0.1overf = 1.444215e-16
inoise_total.m.xm1.m0.id = 4.106358e-12
inoise_total.m.xm1.m0.1overf = 1.444216e-13
Doing analysis at TEMP = 125.000000 and TNOM = 27.000000

Using SPARSE 1.3 as Direct Linear Solver

No. of Data Rows : 1
zm4 = 9.999993e-04
Doing analysis at TEMP = 125.000000 and TNOM = 27.000000

Using SPARSE 1.3 as Direct Linear Solver

No. of Data Rows : 2

No. of Data Rows : 1
onoise_total_rs_thermal = 4.689155e-12
onoise_total.m.xm1.m0.id = 4.106355e-15
onoise_total.m.xm1.m0.1overf = 3.977699e-17
inoise_total.m.xm1.m0.id = 4.106358e-12
inoise_total.m.xm1.m0.1overf = 3.977702e-14
Doing analysis at TEMP = 125.000000 and TNOM = 27.000000

Using SPARSE 1.3 as Direct Linear Solver

No. of Data Rows : 1
zm5 = 9.999993e-04
Doing analysis at TEMP = 125.000000 and TNOM = 27.000000

Using SPARSE 1.3 as Direct Linear Solver

No. of Data Rows : 2

No. of Data Rows : 1
onoise_total_rs_thermal = 4.689155e-12
onoise_total.m.xm1.m0.id = 4.106355e-15
onoise_total.m.xm1.m0.1overf = 1.095549e-17
inoise_total.m.xm1.m0.id = 4.106358e-12
inoise_total.m.xm1.m0.1overf = 1.095550e-14
Doing analysis at TEMP = 125.000000 and TNOM = 27.000000

Using SPARSE 1.3 as Direct Linear Solver

No. of Data Rows : 1
zm6 = 9.999993e-04
Doing analysis at TEMP = 125.000000 and TNOM = 27.000000

Using SPARSE 1.3 as Direct Linear Solver

No. of Data Rows : 2

No. of Data Rows : 1
onoise_total_rs_thermal = 4.689155e-12
onoise_total.m.xm1.m0.id = 4.106355e-15
onoise_total.m.xm1.m0.1overf = 5.921668e-18
inoise_total.m.xm1.m0.id = 4.106358e-12
inoise_total.m.xm1.m0.1overf = 5.921672e-15
Note: Simulation executed from .control section 

======================================================================
=== sid_ss_125c_2.97v_xmp_p0375_pass1
======================================================================
.temp 125
vg g 0 dc -2.958059970000e+00
vb b 0 dc 4.381432210000e-02
vd dd 0 dc -5.274296270000e-03
rs dd d 1.00000000e-03
--- ngspice output ---

Note: No compatibility mode selected!


Circuit: * gf180-pll :: period-jitter :: s_id along the trajectory -- generated.

Doing analysis at TEMP = 125.000000 and TNOM = 27.000000

Using SPARSE 1.3 as Direct Linear Solver

No. of Data Rows : 1
@m.xm1.m0[vgs] = 2.958059e+00
@m.xm1.m0[vds] = 5.272280e-03
@m.xm1.m0[vbs] = -4.38153e-02
@m.xm1.m0[id] = 3.993229e-06
@m.xm1.m0[gm] = 1.156711e-06
@m.xm1.m0[gds] = 7.561001e-04
v(d) = -5.27429e-03
Doing analysis at TEMP = 125.000000 and TNOM = 27.000000

Using SPARSE 1.3 as Direct Linear Solver

No. of Data Rows : 1
zm0 = 9.999992e-04
Doing analysis at TEMP = 125.000000 and TNOM = 27.000000

Using SPARSE 1.3 as Direct Linear Solver

No. of Data Rows : 2

No. of Data Rows : 1
onoise_total_rs_thermal = 4.689155e-12
onoise_total.m.xm1.m0.id = 4.185558e-15
onoise_total.m.xm1.m0.1overf = 3.006878e-15
inoise_total.m.xm1.m0.id = 4.185561e-12
inoise_total.m.xm1.m0.1overf = 3.006880e-12
Doing analysis at TEMP = 125.000000 and TNOM = 27.000000

Using SPARSE 1.3 as Direct Linear Solver

No. of Data Rows : 1
zm1 = 9.999992e-04
Doing analysis at TEMP = 125.000000 and TNOM = 27.000000

Using SPARSE 1.3 as Direct Linear Solver

No. of Data Rows : 2

No. of Data Rows : 1
onoise_total_rs_thermal = 4.689155e-12
onoise_total.m.xm1.m0.id = 4.185558e-15
onoise_total.m.xm1.m0.1overf = 8.283715e-16
inoise_total.m.xm1.m0.id = 4.185561e-12
inoise_total.m.xm1.m0.1overf = 8.283722e-13
Doing analysis at TEMP = 125.000000 and TNOM = 27.000000

Using SPARSE 1.3 as Direct Linear Solver

No. of Data Rows : 1
zm2 = 9.999992e-04
Doing analysis at TEMP = 125.000000 and TNOM = 27.000000

Using SPARSE 1.3 as Direct Linear Solver

No. of Data Rows : 2

No. of Data Rows : 1
onoise_total_rs_thermal = 4.689155e-12
onoise_total.m.xm1.m0.id = 4.185558e-15
onoise_total.m.xm1.m0.1overf = 2.281582e-16
inoise_total.m.xm1.m0.id = 4.185561e-12
inoise_total.m.xm1.m0.1overf = 2.281584e-13
Doing analysis at TEMP = 125.000000 and TNOM = 27.000000

Using SPARSE 1.3 as Direct Linear Solver

No. of Data Rows : 1
zm3 = 9.999992e-04
Doing analysis at TEMP = 125.000000 and TNOM = 27.000000

Using SPARSE 1.3 as Direct Linear Solver

No. of Data Rows : 2

No. of Data Rows : 1
onoise_total_rs_thermal = 4.689155e-12
onoise_total.m.xm1.m0.id = 4.185558e-15
onoise_total.m.xm1.m0.1overf = 6.284015e-17
inoise_total.m.xm1.m0.id = 4.185561e-12
inoise_total.m.xm1.m0.1overf = 6.284020e-14
Doing analysis at TEMP = 125.000000 and TNOM = 27.000000

Using SPARSE 1.3 as Direct Linear Solver

No. of Data Rows : 1
zm4 = 9.999992e-04
Doing analysis at TEMP = 125.000000 and TNOM = 27.000000

Using SPARSE 1.3 as Direct Linear Solver

No. of Data Rows : 2

No. of Data Rows : 1
onoise_total_rs_thermal = 4.689155e-12
onoise_total.m.xm1.m0.id = 4.185558e-15
onoise_total.m.xm1.m0.1overf = 1.730762e-17
inoise_total.m.xm1.m0.id = 4.185561e-12
inoise_total.m.xm1.m0.1overf = 1.730763e-14
Doing analysis at TEMP = 125.000000 and TNOM = 27.000000

Using SPARSE 1.3 as Direct Linear Solver

No. of Data Rows : 1
zm5 = 9.999992e-04
Doing analysis at TEMP = 125.000000 and TNOM = 27.000000

Using SPARSE 1.3 as Direct Linear Solver

No. of Data Rows : 2

No. of Data Rows : 1
onoise_total_rs_thermal = 4.689155e-12
onoise_total.m.xm1.m0.id = 4.185558e-15
onoise_total.m.xm1.m0.1overf = 4.766913e-18
inoise_total.m.xm1.m0.id = 4.185561e-12
inoise_total.m.xm1.m0.1overf = 4.766917e-15
Doing analysis at TEMP = 125.000000 and TNOM = 27.000000

Using SPARSE 1.3 as Direct Linear Solver

No. of Data Rows : 1
zm6 = 9.999992e-04
Doing analysis at TEMP = 125.000000 and TNOM = 27.000000

Using SPARSE 1.3 as Direct Linear Solver

No. of Data Rows : 2

No. of Data Rows : 1
onoise_total_rs_thermal = 4.689155e-12
onoise_total.m.xm1.m0.id = 4.185558e-15
onoise_total.m.xm1.m0.1overf = 2.576615e-18
inoise_total.m.xm1.m0.id = 4.185561e-12
inoise_total.m.xm1.m0.1overf = 2.576617e-15
Note: Simulation executed from .control section 

======================================================================
=== sid_ss_125c_2.97v_xmp_p0375
======================================================================
.temp 125
vg g 0 dc -2.958060940000e+00
vb b 0 dc 4.381334420000e-02
vd dd 0 dc -5.276312540000e-03
rs dd d 1.00000000e-03
--- ngspice output ---

Note: No compatibility mode selected!


Circuit: * gf180-pll :: period-jitter :: s_id along the trajectory -- generated.

Doing analysis at TEMP = 125.000000 and TNOM = 27.000000

Using SPARSE 1.3 as Direct Linear Solver

No. of Data Rows : 1
@m.xm1.m0[vgs] = 2.958060e+00
@m.xm1.m0[vds] = 5.274295e-03
@m.xm1.m0[vbs] = -4.38144e-02
@m.xm1.m0[id] = 3.994755e-06
@m.xm1.m0[gm] = 1.157153e-06
@m.xm1.m0[gds] = 7.560994e-04
v(d) = -5.27631e-03
Doing analysis at TEMP = 125.000000 and TNOM = 27.000000

Using SPARSE 1.3 as Direct Linear Solver

No. of Data Rows : 1
zm0 = 9.999992e-04
Doing analysis at TEMP = 125.000000 and TNOM = 27.000000

Using SPARSE 1.3 as Direct Linear Solver

No. of Data Rows : 2

No. of Data Rows : 1
onoise_total_rs_thermal = 4.689155e-12
onoise_total.m.xm1.m0.id = 4.185557e-15
onoise_total.m.xm1.m0.1overf = 3.008027e-15
inoise_total.m.xm1.m0.id = 4.185560e-12
inoise_total.m.xm1.m0.1overf = 3.008029e-12
Doing analysis at TEMP = 125.000000 and TNOM = 27.000000

Using SPARSE 1.3 as Direct Linear Solver

No. of Data Rows : 1
zm1 = 9.999992e-04
Doing analysis at TEMP = 125.000000 and TNOM = 27.000000

Using SPARSE 1.3 as Direct Linear Solver

No. of Data Rows : 2

No. of Data Rows : 1
onoise_total_rs_thermal = 4.689155e-12
onoise_total.m.xm1.m0.id = 4.185557e-15
onoise_total.m.xm1.m0.1overf = 8.286881e-16
inoise_total.m.xm1.m0.id = 4.185560e-12
inoise_total.m.xm1.m0.1overf = 8.286888e-13
Doing analysis at TEMP = 125.000000 and TNOM = 27.000000

Using SPARSE 1.3 as Direct Linear Solver

No. of Data Rows : 1
zm2 = 9.999992e-04
Doing analysis at TEMP = 125.000000 and TNOM = 27.000000

Using SPARSE 1.3 as Direct Linear Solver

No. of Data Rows : 2

No. of Data Rows : 1
onoise_total_rs_thermal = 4.689155e-12
onoise_total.m.xm1.m0.id = 4.185557e-15
onoise_total.m.xm1.m0.1overf = 2.282454e-16
inoise_total.m.xm1.m0.id = 4.185560e-12
inoise_total.m.xm1.m0.1overf = 2.282456e-13
Doing analysis at TEMP = 125.000000 and TNOM = 27.000000

Using SPARSE 1.3 as Direct Linear Solver

No. of Data Rows : 1
zm3 = 9.999992e-04
Doing analysis at TEMP = 125.000000 and TNOM = 27.000000

Using SPARSE 1.3 as Direct Linear Solver

No. of Data Rows : 2

No. of Data Rows : 1
onoise_total_rs_thermal = 4.689155e-12
onoise_total.m.xm1.m0.id = 4.185557e-15
onoise_total.m.xm1.m0.1overf = 6.286417e-17
inoise_total.m.xm1.m0.id = 4.185560e-12
inoise_total.m.xm1.m0.1overf = 6.286421e-14
Doing analysis at TEMP = 125.000000 and TNOM = 27.000000

Using SPARSE 1.3 as Direct Linear Solver

No. of Data Rows : 1
zm4 = 9.999992e-04
Doing analysis at TEMP = 125.000000 and TNOM = 27.000000

Using SPARSE 1.3 as Direct Linear Solver

No. of Data Rows : 2

No. of Data Rows : 1
onoise_total_rs_thermal = 4.689155e-12
onoise_total.m.xm1.m0.id = 4.185557e-15
onoise_total.m.xm1.m0.1overf = 1.731423e-17
inoise_total.m.xm1.m0.id = 4.185560e-12
inoise_total.m.xm1.m0.1overf = 1.731425e-14
Doing analysis at TEMP = 125.000000 and TNOM = 27.000000

Using SPARSE 1.3 as Direct Linear Solver

No. of Data Rows : 1
zm5 = 9.999992e-04
Doing analysis at TEMP = 125.000000 and TNOM = 27.000000

Using SPARSE 1.3 as Direct Linear Solver

No. of Data Rows : 2

No. of Data Rows : 1
onoise_total_rs_thermal = 4.689155e-12
onoise_total.m.xm1.m0.id = 4.185557e-15
onoise_total.m.xm1.m0.1overf = 4.768735e-18
inoise_total.m.xm1.m0.id = 4.185560e-12
inoise_total.m.xm1.m0.1overf = 4.768739e-15
Doing analysis at TEMP = 125.000000 and TNOM = 27.000000

Using SPARSE 1.3 as Direct Linear Solver

No. of Data Rows : 1
zm6 = 9.999992e-04
Doing analysis at TEMP = 125.000000 and TNOM = 27.000000

Using SPARSE 1.3 as Direct Linear Solver

No. of Data Rows : 2

No. of Data Rows : 1
onoise_total_rs_thermal = 4.689155e-12
onoise_total.m.xm1.m0.id = 4.185557e-15
onoise_total.m.xm1.m0.1overf = 2.577599e-18
inoise_total.m.xm1.m0.id = 4.185560e-12
inoise_total.m.xm1.m0.1overf = 2.577601e-15
Note: Simulation executed from .control section 

======================================================================
=== sid_ss_125c_2.97v_xmp_p0417_pass1
======================================================================
.temp 125
vg g 0 dc -2.799193480000e+00
vb b 0 dc -5.393233770000e-03
vd dd 0 dc 2.195719120000e-03
rs dd d 1.00000000e-03
--- ngspice output ---

Note: No compatibility mode selected!


Circuit: * gf180-pll :: period-jitter :: s_id along the trajectory -- generated.

Doing analysis at TEMP = 125.000000 and TNOM = 27.000000

Using SPARSE 1.3 as Direct Linear Solver

No. of Data Rows : 1
@m.xm1.m0[vgs] = 2.799194e+00
@m.xm1.m0[vds] = -2.19491e-03
@m.xm1.m0[vbs] = 5.393638e-03
@m.xm1.m0[id] = 1.603436e-06
@m.xm1.m0[gm] = 5.054048e-07
@m.xm1.m0[gds] = 7.299719e-04
v(d) = 2.195718e-03
Doing analysis at TEMP = 125.000000 and TNOM = 27.000000

Using SPARSE 1.3 as Direct Linear Solver

No. of Data Rows : 1
zm0 = 9.999993e-04
Doing analysis at TEMP = 125.000000 and TNOM = 27.000000

Using SPARSE 1.3 as Direct Linear Solver

No. of Data Rows : 2

No. of Data Rows : 1
onoise_total_rs_thermal = 4.689155e-12
onoise_total.m.xm1.m0.id = 4.111785e-15
onoise_total.m.xm1.m0.1overf = 1.209939e-15
inoise_total.m.xm1.m0.id = 4.111788e-12
inoise_total.m.xm1.m0.1overf = 1.209940e-12
Doing analysis at TEMP = 125.000000 and TNOM = 27.000000

Using SPARSE 1.3 as Direct Linear Solver

No. of Data Rows : 1
zm1 = 9.999993e-04
Doing analysis at TEMP = 125.000000 and TNOM = 27.000000

Using SPARSE 1.3 as Direct Linear Solver

No. of Data Rows : 2

No. of Data Rows : 1
onoise_total_rs_thermal = 4.689155e-12
onoise_total.m.xm1.m0.id = 4.111785e-15
onoise_total.m.xm1.m0.1overf = 3.333289e-16
inoise_total.m.xm1.m0.id = 4.111788e-12
inoise_total.m.xm1.m0.1overf = 3.333292e-13
Doing analysis at TEMP = 125.000000 and TNOM = 27.000000

Using SPARSE 1.3 as Direct Linear Solver

No. of Data Rows : 1
zm2 = 9.999993e-04
Doing analysis at TEMP = 125.000000 and TNOM = 27.000000

Using SPARSE 1.3 as Direct Linear Solver

No. of Data Rows : 2

No. of Data Rows : 1
onoise_total_rs_thermal = 4.689155e-12
onoise_total.m.xm1.m0.id = 4.111785e-15
onoise_total.m.xm1.m0.1overf = 9.180873e-17
inoise_total.m.xm1.m0.id = 4.111788e-12
inoise_total.m.xm1.m0.1overf = 9.180879e-14
Doing analysis at TEMP = 125.000000 and TNOM = 27.000000

Using SPARSE 1.3 as Direct Linear Solver

No. of Data Rows : 1
zm3 = 9.999993e-04
Doing analysis at TEMP = 125.000000 and TNOM = 27.000000

Using SPARSE 1.3 as Direct Linear Solver

No. of Data Rows : 2

No. of Data Rows : 1
onoise_total_rs_thermal = 4.689155e-12
onoise_total.m.xm1.m0.id = 4.111785e-15
onoise_total.m.xm1.m0.1overf = 2.528629e-17
inoise_total.m.xm1.m0.id = 4.111788e-12
inoise_total.m.xm1.m0.1overf = 2.528631e-14
Doing analysis at TEMP = 125.000000 and TNOM = 27.000000

Using SPARSE 1.3 as Direct Linear Solver

No. of Data Rows : 1
zm4 = 9.999993e-04
Doing analysis at TEMP = 125.000000 and TNOM = 27.000000

Using SPARSE 1.3 as Direct Linear Solver

No. of Data Rows : 2

No. of Data Rows : 1
onoise_total_rs_thermal = 4.689155e-12
onoise_total.m.xm1.m0.id = 4.111785e-15
onoise_total.m.xm1.m0.1overf = 6.964423e-18
inoise_total.m.xm1.m0.id = 4.111788e-12
inoise_total.m.xm1.m0.1overf = 6.964428e-15
Doing analysis at TEMP = 125.000000 and TNOM = 27.000000

Using SPARSE 1.3 as Direct Linear Solver

No. of Data Rows : 1
zm5 = 9.999993e-04
Doing analysis at TEMP = 125.000000 and TNOM = 27.000000

Using SPARSE 1.3 as Direct Linear Solver

No. of Data Rows : 2

No. of Data Rows : 1
onoise_total_rs_thermal = 4.689155e-12
onoise_total.m.xm1.m0.id = 4.111785e-15
onoise_total.m.xm1.m0.1overf = 1.918161e-18
inoise_total.m.xm1.m0.id = 4.111788e-12
inoise_total.m.xm1.m0.1overf = 1.918163e-15
Doing analysis at TEMP = 125.000000 and TNOM = 27.000000

Using SPARSE 1.3 as Direct Linear Solver

No. of Data Rows : 1
zm6 = 9.999993e-04
Doing analysis at TEMP = 125.000000 and TNOM = 27.000000

Using SPARSE 1.3 as Direct Linear Solver

No. of Data Rows : 2

No. of Data Rows : 1
onoise_total_rs_thermal = 4.689155e-12
onoise_total.m.xm1.m0.id = 4.111785e-15
onoise_total.m.xm1.m0.1overf = 1.036806e-18
inoise_total.m.xm1.m0.id = 4.111788e-12
inoise_total.m.xm1.m0.1overf = 1.036806e-15
Note: Simulation executed from .control section 

======================================================================
=== sid_ss_125c_2.97v_xmp_p0417
======================================================================
.temp 125
vg g 0 dc -2.799192960000e+00
vb b 0 dc -5.392829540000e-03
vd dd 0 dc 2.196528240000e-03
rs dd d 1.00000000e-03
--- ngspice output ---

Note: No compatibility mode selected!


Circuit: * gf180-pll :: period-jitter :: s_id along the trajectory -- generated.

Doing analysis at TEMP = 125.000000 and TNOM = 27.000000

Using SPARSE 1.3 as Direct Linear Solver

No. of Data Rows : 1
@m.xm1.m0[vgs] = 2.799193e+00
@m.xm1.m0[vds] = -2.19572e-03
@m.xm1.m0[vbs] = 5.393234e-03
@m.xm1.m0[id] = 1.604026e-06
@m.xm1.m0[gm] = 5.055910e-07
@m.xm1.m0[gds] = 7.299716e-04
v(d) = 2.196527e-03
Doing analysis at TEMP = 125.000000 and TNOM = 27.000000

Using SPARSE 1.3 as Direct Linear Solver

No. of Data Rows : 1
zm0 = 9.999993e-04
Doing analysis at TEMP = 125.000000 and TNOM = 27.000000

Using SPARSE 1.3 as Direct Linear Solver

No. of Data Rows : 2

No. of Data Rows : 1
onoise_total_rs_thermal = 4.689155e-12
onoise_total.m.xm1.m0.id = 4.111785e-15
onoise_total.m.xm1.m0.1overf = 1.210385e-15
inoise_total.m.xm1.m0.id = 4.111788e-12
inoise_total.m.xm1.m0.1overf = 1.210386e-12
Doing analysis at TEMP = 125.000000 and TNOM = 27.000000

Using SPARSE 1.3 as Direct Linear Solver

No. of Data Rows : 1
zm1 = 9.999993e-04
Doing analysis at TEMP = 125.000000 and TNOM = 27.000000

Using SPARSE 1.3 as Direct Linear Solver

No. of Data Rows : 2

No. of Data Rows : 1
onoise_total_rs_thermal = 4.689155e-12
onoise_total.m.xm1.m0.id = 4.111785e-15
onoise_total.m.xm1.m0.1overf = 3.334518e-16
inoise_total.m.xm1.m0.id = 4.111788e-12
inoise_total.m.xm1.m0.1overf = 3.334520e-13
Doing analysis at TEMP = 125.000000 and TNOM = 27.000000

Using SPARSE 1.3 as Direct Linear Solver

No. of Data Rows : 1
zm2 = 9.999993e-04
Doing analysis at TEMP = 125.000000 and TNOM = 27.000000

Using SPARSE 1.3 as Direct Linear Solver

No. of Data Rows : 2

No. of Data Rows : 1
onoise_total_rs_thermal = 4.689155e-12
onoise_total.m.xm1.m0.id = 4.111785e-15
onoise_total.m.xm1.m0.1overf = 9.184255e-17
inoise_total.m.xm1.m0.id = 4.111788e-12
inoise_total.m.xm1.m0.1overf = 9.184262e-14
Doing analysis at TEMP = 125.000000 and TNOM = 27.000000

Using SPARSE 1.3 as Direct Linear Solver

No. of Data Rows : 1
zm3 = 9.999993e-04
Doing analysis at TEMP = 125.000000 and TNOM = 27.000000

Using SPARSE 1.3 as Direct Linear Solver

No. of Data Rows : 2

No. of Data Rows : 1
onoise_total_rs_thermal = 4.689155e-12
onoise_total.m.xm1.m0.id = 4.111785e-15
onoise_total.m.xm1.m0.1overf = 2.529560e-17
inoise_total.m.xm1.m0.id = 4.111788e-12
inoise_total.m.xm1.m0.1overf = 2.529562e-14
Doing analysis at TEMP = 125.000000 and TNOM = 27.000000

Using SPARSE 1.3 as Direct Linear Solver

No. of Data Rows : 1
zm4 = 9.999993e-04
Doing analysis at TEMP = 125.000000 and TNOM = 27.000000

Using SPARSE 1.3 as Direct Linear Solver

No. of Data Rows : 2

No. of Data Rows : 1
onoise_total_rs_thermal = 4.689155e-12
onoise_total.m.xm1.m0.id = 4.111785e-15
onoise_total.m.xm1.m0.1overf = 6.966989e-18
inoise_total.m.xm1.m0.id = 4.111788e-12
inoise_total.m.xm1.m0.1overf = 6.966994e-15
Doing analysis at TEMP = 125.000000 and TNOM = 27.000000

Using SPARSE 1.3 as Direct Linear Solver

No. of Data Rows : 1
zm5 = 9.999993e-04
Doing analysis at TEMP = 125.000000 and TNOM = 27.000000

Using SPARSE 1.3 as Direct Linear Solver

No. of Data Rows : 2

No. of Data Rows : 1
onoise_total_rs_thermal = 4.689155e-12
onoise_total.m.xm1.m0.id = 4.111785e-15
onoise_total.m.xm1.m0.1overf = 1.918868e-18
inoise_total.m.xm1.m0.id = 4.111788e-12
inoise_total.m.xm1.m0.1overf = 1.918869e-15
Doing analysis at TEMP = 125.000000 and TNOM = 27.000000

Using SPARSE 1.3 as Direct Linear Solver

No. of Data Rows : 1
zm6 = 9.999993e-04
Doing analysis at TEMP = 125.000000 and TNOM = 27.000000

Using SPARSE 1.3 as Direct Linear Solver

No. of Data Rows : 2

No. of Data Rows : 1
onoise_total_rs_thermal = 4.689155e-12
onoise_total.m.xm1.m0.id = 4.111785e-15
onoise_total.m.xm1.m0.1overf = 1.037188e-18
inoise_total.m.xm1.m0.id = 4.111788e-12
inoise_total.m.xm1.m0.1overf = 1.037188e-15
Note: Simulation executed from .control section 

======================================================================
=== sid_ss_125c_2.97v_xmp_p0458_pass1
======================================================================
.temp 125
vg g 0 dc -2.359924880000e+00
vb b 0 dc -4.674576310000e-02
vd dd 0 dc 6.923449610000e-03
rs dd d 1.00000000e-03
--- ngspice output ---

Note: No compatibility mode selected!


Circuit: * gf180-pll :: period-jitter :: s_id along the trajectory -- generated.

Doing analysis at TEMP = 125.000000 and TNOM = 27.000000

Using SPARSE 1.3 as Direct Linear Solver

No. of Data Rows : 1
@m.xm1.m0[vgs] = 2.359926e+00
@m.xm1.m0[vds] = -6.92125e-03
@m.xm1.m0[vbs] = 4.674686e-02
@m.xm1.m0[id] = 4.351029e-06
@m.xm1.m0[gm] = 1.859077e-06
@m.xm1.m0[gds] = 6.268315e-04
v(d) = 6.923445e-03
Doing analysis at TEMP = 125.000000 and TNOM = 27.000000

Using SPARSE 1.3 as Direct Linear Solver

No. of Data Rows : 1
zm0 = 9.999994e-04
Doing analysis at TEMP = 125.000000 and TNOM = 27.000000

Using SPARSE 1.3 as Direct Linear Solver

No. of Data Rows : 2

No. of Data Rows : 1
onoise_total_rs_thermal = 4.689156e-12
onoise_total.m.xm1.m0.id = 3.817531e-15
onoise_total.m.xm1.m0.1overf = 3.308431e-15
inoise_total.m.xm1.m0.id = 3.817533e-12
inoise_total.m.xm1.m0.1overf = 3.308433e-12
Doing analysis at TEMP = 125.000000 and TNOM = 27.000000

Using SPARSE 1.3 as Direct Linear Solver

No. of Data Rows : 1
zm1 = 9.999994e-04
Doing analysis at TEMP = 125.000000 and TNOM = 27.000000

Using SPARSE 1.3 as Direct Linear Solver

No. of Data Rows : 2

No. of Data Rows : 1
onoise_total_rs_thermal = 4.689156e-12
onoise_total.m.xm1.m0.id = 3.817531e-15
onoise_total.m.xm1.m0.1overf = 9.114471e-16
inoise_total.m.xm1.m0.id = 3.817533e-12
inoise_total.m.xm1.m0.1overf = 9.114477e-13
Doing analysis at TEMP = 125.000000 and TNOM = 27.000000

Using SPARSE 1.3 as Direct Linear Solver

No. of Data Rows : 1
zm2 = 9.999994e-04
Doing analysis at TEMP = 125.000000 and TNOM = 27.000000

Using SPARSE 1.3 as Direct Linear Solver

No. of Data Rows : 2

No. of Data Rows : 1
onoise_total_rs_thermal = 4.689156e-12
onoise_total.m.xm1.m0.id = 3.817531e-15
onoise_total.m.xm1.m0.1overf = 2.510397e-16
inoise_total.m.xm1.m0.id = 3.817533e-12
inoise_total.m.xm1.m0.1overf = 2.510399e-13
Doing analysis at TEMP = 125.000000 and TNOM = 27.000000

Using SPARSE 1.3 as Direct Linear Solver

No. of Data Rows : 1
zm3 = 9.999994e-04
Doing analysis at TEMP = 125.000000 and TNOM = 27.000000

Using SPARSE 1.3 as Direct Linear Solver

No. of Data Rows : 2

No. of Data Rows : 1
onoise_total_rs_thermal = 4.689156e-12
onoise_total.m.xm1.m0.id = 3.817531e-15
onoise_total.m.xm1.m0.1overf = 6.914225e-17
inoise_total.m.xm1.m0.id = 3.817533e-12
inoise_total.m.xm1.m0.1overf = 6.914229e-14
Doing analysis at TEMP = 125.000000 and TNOM = 27.000000

Using SPARSE 1.3 as Direct Linear Solver

No. of Data Rows : 1
zm4 = 9.999994e-04
Doing analysis at TEMP = 125.000000 and TNOM = 27.000000

Using SPARSE 1.3 as Direct Linear Solver

No. of Data Rows : 2

No. of Data Rows : 1
onoise_total_rs_thermal = 4.689156e-12
onoise_total.m.xm1.m0.id = 3.817531e-15
onoise_total.m.xm1.m0.1overf = 1.904336e-17
inoise_total.m.xm1.m0.id = 3.817533e-12
inoise_total.m.xm1.m0.1overf = 1.904337e-14
Doing analysis at TEMP = 125.000000 and TNOM = 27.000000

Using SPARSE 1.3 as Direct Linear Solver

No. of Data Rows : 1
zm5 = 9.999994e-04
Doing analysis at TEMP = 125.000000 and TNOM = 27.000000

Using SPARSE 1.3 as Direct Linear Solver

No. of Data Rows : 2

No. of Data Rows : 1
onoise_total_rs_thermal = 4.689156e-12
onoise_total.m.xm1.m0.id = 3.817531e-15
onoise_total.m.xm1.m0.1overf = 5.244977e-18
inoise_total.m.xm1.m0.id = 3.817533e-12
inoise_total.m.xm1.m0.1overf = 5.244980e-15
Doing analysis at TEMP = 125.000000 and TNOM = 27.000000

Using SPARSE 1.3 as Direct Linear Solver

No. of Data Rows : 1
zm6 = 9.999994e-04
Doing analysis at TEMP = 125.000000 and TNOM = 27.000000

Using SPARSE 1.3 as Direct Linear Solver

No. of Data Rows : 2

No. of Data Rows : 1
onoise_total_rs_thermal = 4.689156e-12
onoise_total.m.xm1.m0.id = 3.817531e-15
onoise_total.m.xm1.m0.1overf = 2.835018e-18
inoise_total.m.xm1.m0.id = 3.817533e-12
inoise_total.m.xm1.m0.1overf = 2.835019e-15
Note: Simulation executed from .control section 

======================================================================
=== sid_ss_125c_2.97v_xmp_p0458
======================================================================
.temp 125
vg g 0 dc -2.359923760000e+00
vb b 0 dc -4.674466620000e-02
vd dd 0 dc 6.925649220000e-03
rs dd d 1.00000000e-03
--- ngspice output ---

Note: No compatibility mode selected!


Circuit: * gf180-pll :: period-jitter :: s_id along the trajectory -- generated.

Doing analysis at TEMP = 125.000000 and TNOM = 27.000000

Using SPARSE 1.3 as Direct Linear Solver

No. of Data Rows : 1
@m.xm1.m0[vgs] = 2.359925e+00
@m.xm1.m0[vds] = -6.92345e-03
@m.xm1.m0[vbs] = 4.674576e-02
@m.xm1.m0[id] = 4.352410e-06
@m.xm1.m0[gm] = 1.859667e-06
@m.xm1.m0[gds] = 6.268308e-04
v(d) = 6.925645e-03
Doing analysis at TEMP = 125.000000 and TNOM = 27.000000

Using SPARSE 1.3 as Direct Linear Solver

No. of Data Rows : 1
zm0 = 9.999994e-04
Doing analysis at TEMP = 125.000000 and TNOM = 27.000000

Using SPARSE 1.3 as Direct Linear Solver

No. of Data Rows : 2

No. of Data Rows : 1
onoise_total_rs_thermal = 4.689156e-12
onoise_total.m.xm1.m0.id = 3.817530e-15
onoise_total.m.xm1.m0.1overf = 3.309482e-15
inoise_total.m.xm1.m0.id = 3.817533e-12
inoise_total.m.xm1.m0.1overf = 3.309484e-12
Doing analysis at TEMP = 125.000000 and TNOM = 27.000000

Using SPARSE 1.3 as Direct Linear Solver

No. of Data Rows : 1
zm1 = 9.999994e-04
Doing analysis at TEMP = 125.000000 and TNOM = 27.000000

Using SPARSE 1.3 as Direct Linear Solver

No. of Data Rows : 2

No. of Data Rows : 1
onoise_total_rs_thermal = 4.689156e-12
onoise_total.m.xm1.m0.id = 3.817530e-15
onoise_total.m.xm1.m0.1overf = 9.117366e-16
inoise_total.m.xm1.m0.id = 3.817533e-12
inoise_total.m.xm1.m0.1overf = 9.117372e-13
Doing analysis at TEMP = 125.000000 and TNOM = 27.000000

Using SPARSE 1.3 as Direct Linear Solver

No. of Data Rows : 1
zm2 = 9.999994e-04
Doing analysis at TEMP = 125.000000 and TNOM = 27.000000

Using SPARSE 1.3 as Direct Linear Solver

No. of Data Rows : 2

No. of Data Rows : 1
onoise_total_rs_thermal = 4.689156e-12
onoise_total.m.xm1.m0.id = 3.817530e-15
onoise_total.m.xm1.m0.1overf = 2.511194e-16
inoise_total.m.xm1.m0.id = 3.817533e-12
inoise_total.m.xm1.m0.1overf = 2.511196e-13
Doing analysis at TEMP = 125.000000 and TNOM = 27.000000

Using SPARSE 1.3 as Direct Linear Solver

No. of Data Rows : 1
zm3 = 9.999994e-04
Doing analysis at TEMP = 125.000000 and TNOM = 27.000000

Using SPARSE 1.3 as Direct Linear Solver

No. of Data Rows : 2

No. of Data Rows : 1
onoise_total_rs_thermal = 4.689156e-12
onoise_total.m.xm1.m0.id = 3.817530e-15
onoise_total.m.xm1.m0.1overf = 6.916421e-17
inoise_total.m.xm1.m0.id = 3.817533e-12
inoise_total.m.xm1.m0.1overf = 6.916426e-14
Doing analysis at TEMP = 125.000000 and TNOM = 27.000000

Using SPARSE 1.3 as Direct Linear Solver

No. of Data Rows : 1
zm4 = 9.999994e-04
Doing analysis at TEMP = 125.000000 and TNOM = 27.000000

Using SPARSE 1.3 as Direct Linear Solver

No. of Data Rows : 2

No. of Data Rows : 1
onoise_total_rs_thermal = 4.689156e-12
onoise_total.m.xm1.m0.id = 3.817530e-15
onoise_total.m.xm1.m0.1overf = 1.904941e-17
inoise_total.m.xm1.m0.id = 3.817533e-12
inoise_total.m.xm1.m0.1overf = 1.904942e-14
Doing analysis at TEMP = 125.000000 and TNOM = 27.000000

Using SPARSE 1.3 as Direct Linear Solver

No. of Data Rows : 1
zm5 = 9.999994e-04
Doing analysis at TEMP = 125.000000 and TNOM = 27.000000

Using SPARSE 1.3 as Direct Linear Solver

No. of Data Rows : 2

No. of Data Rows : 1
onoise_total_rs_thermal = 4.689156e-12
onoise_total.m.xm1.m0.id = 3.817530e-15
onoise_total.m.xm1.m0.1overf = 5.246643e-18
inoise_total.m.xm1.m0.id = 3.817533e-12
inoise_total.m.xm1.m0.1overf = 5.246646e-15
Doing analysis at TEMP = 125.000000 and TNOM = 27.000000

Using SPARSE 1.3 as Direct Linear Solver

No. of Data Rows : 1
zm6 = 9.999994e-04
Doing analysis at TEMP = 125.000000 and TNOM = 27.000000

Using SPARSE 1.3 as Direct Linear Solver

No. of Data Rows : 2

No. of Data Rows : 1
onoise_total_rs_thermal = 4.689156e-12
onoise_total.m.xm1.m0.id = 3.817530e-15
onoise_total.m.xm1.m0.1overf = 2.835918e-18
inoise_total.m.xm1.m0.id = 3.817533e-12
inoise_total.m.xm1.m0.1overf = 2.835920e-15
Note: Simulation executed from .control section 

======================================================================
=== sid_ss_125c_2.97v_xmp_p0500_pass1
======================================================================
.temp 125
vg g 0 dc -1.622174180000e+00
vb b 0 dc 6.826957220000e-03
vd dd 0 dc -5.941547880000e-02
rs dd d 1.00000000e-03
--- ngspice output ---

Note: No compatibility mode selected!


Circuit: * gf180-pll :: period-jitter :: s_id along the trajectory -- generated.

Doing analysis at TEMP = 125.000000 and TNOM = 27.000000

Using SPARSE 1.3 as Direct Linear Solver

No. of Data Rows : 1
@m.xm1.m0[vgs] = 1.622169e+00
@m.xm1.m0[vds] = 5.940436e-02
@m.xm1.m0[vbs] = -6.83250e-03
@m.xm1.m0[id] = 2.200775e-05
@m.xm1.m0[gm] = 2.175173e-05
@m.xm1.m0[gds] = 3.547331e-04
v(d) = -5.94155e-02
Doing analysis at TEMP = 125.000000 and TNOM = 27.000000

Using SPARSE 1.3 as Direct Linear Solver

No. of Data Rows : 1
zm0 = 9.999996e-04
Doing analysis at TEMP = 125.000000 and TNOM = 27.000000

Using SPARSE 1.3 as Direct Linear Solver

No. of Data Rows : 2

No. of Data Rows : 1
onoise_total_rs_thermal = 4.689157e-12
onoise_total.m.xm1.m0.id = 2.925920e-15
onoise_total.m.xm1.m0.1overf = 1.764739e-14
inoise_total.m.xm1.m0.id = 2.925922e-12
inoise_total.m.xm1.m0.1overf = 1.764739e-11
Doing analysis at TEMP = 125.000000 and TNOM = 27.000000

Using SPARSE 1.3 as Direct Linear Solver

No. of Data Rows : 1
zm1 = 9.999996e-04
Doing analysis at TEMP = 125.000000 and TNOM = 27.000000

Using SPARSE 1.3 as Direct Linear Solver

No. of Data Rows : 2

No. of Data Rows : 1
onoise_total_rs_thermal = 4.689157e-12
onoise_total.m.xm1.m0.id = 2.925920e-15
onoise_total.m.xm1.m0.1overf = 4.861718e-15
inoise_total.m.xm1.m0.id = 2.925922e-12
inoise_total.m.xm1.m0.1overf = 4.861720e-12
Doing analysis at TEMP = 125.000000 and TNOM = 27.000000

Using SPARSE 1.3 as Direct Linear Solver

No. of Data Rows : 1
zm2 = 9.999996e-04
Doing analysis at TEMP = 125.000000 and TNOM = 27.000000

Using SPARSE 1.3 as Direct Linear Solver

No. of Data Rows : 2

No. of Data Rows : 1
onoise_total_rs_thermal = 4.689157e-12
onoise_total.m.xm1.m0.id = 2.925920e-15
onoise_total.m.xm1.m0.1overf = 1.339062e-15
inoise_total.m.xm1.m0.id = 2.925922e-12
inoise_total.m.xm1.m0.1overf = 1.339063e-12
Doing analysis at TEMP = 125.000000 and TNOM = 27.000000

Using SPARSE 1.3 as Direct Linear Solver

No. of Data Rows : 1
zm3 = 9.999996e-04
Doing analysis at TEMP = 125.000000 and TNOM = 27.000000

Using SPARSE 1.3 as Direct Linear Solver

No. of Data Rows : 2

No. of Data Rows : 1
onoise_total_rs_thermal = 4.689157e-12
onoise_total.m.xm1.m0.id = 2.925920e-15
onoise_total.m.xm1.m0.1overf = 3.688093e-16
inoise_total.m.xm1.m0.id = 2.925922e-12
inoise_total.m.xm1.m0.1overf = 3.688094e-13
Doing analysis at TEMP = 125.000000 and TNOM = 27.000000

Using SPARSE 1.3 as Direct Linear Solver

No. of Data Rows : 1
zm4 = 9.999996e-04
Doing analysis at TEMP = 125.000000 and TNOM = 27.000000

Using SPARSE 1.3 as Direct Linear Solver

No. of Data Rows : 2

No. of Data Rows : 1
onoise_total_rs_thermal = 4.689157e-12
onoise_total.m.xm1.m0.id = 2.925920e-15
onoise_total.m.xm1.m0.1overf = 1.015785e-16
inoise_total.m.xm1.m0.id = 2.925922e-12
inoise_total.m.xm1.m0.1overf = 1.015786e-13
Doing analysis at TEMP = 125.000000 and TNOM = 27.000000

Using SPARSE 1.3 as Direct Linear Solver

No. of Data Rows : 1
zm5 = 9.999996e-04
Doing analysis at TEMP = 125.000000 and TNOM = 27.000000

Using SPARSE 1.3 as Direct Linear Solver

No. of Data Rows : 2

No. of Data Rows : 1
onoise_total_rs_thermal = 4.689157e-12
onoise_total.m.xm1.m0.id = 2.925920e-15
onoise_total.m.xm1.m0.1overf = 2.797705e-17
inoise_total.m.xm1.m0.id = 2.925922e-12
inoise_total.m.xm1.m0.1overf = 2.797706e-14
Doing analysis at TEMP = 125.000000 and TNOM = 27.000000

Using SPARSE 1.3 as Direct Linear Solver

No. of Data Rows : 1
zm6 = 9.999996e-04
Doing analysis at TEMP = 125.000000 and TNOM = 27.000000

Using SPARSE 1.3 as Direct Linear Solver

No. of Data Rows : 2

No. of Data Rows : 1
onoise_total_rs_thermal = 4.689157e-12
onoise_total.m.xm1.m0.id = 2.925920e-15
onoise_total.m.xm1.m0.1overf = 1.512217e-17
inoise_total.m.xm1.m0.id = 2.925922e-12
inoise_total.m.xm1.m0.1overf = 1.512217e-14
Note: Simulation executed from .control section 

======================================================================
=== sid_ss_125c_2.97v_xmp_p0500
======================================================================
.temp 125
vg g 0 dc -1.622179360000e+00
vb b 0 dc 6.821414440000e-03
vd dd 0 dc -5.942659760000e-02
rs dd d 1.00000000e-03
--- ngspice output ---

Note: No compatibility mode selected!


Circuit: * gf180-pll :: period-jitter :: s_id along the trajectory -- generated.

Doing analysis at TEMP = 125.000000 and TNOM = 27.000000

Using SPARSE 1.3 as Direct Linear Solver

No. of Data Rows : 1
@m.xm1.m0[vgs] = 1.622174e+00
@m.xm1.m0[vds] = 5.941548e-02
@m.xm1.m0[vbs] = -6.82696e-03
@m.xm1.m0[id] = 2.201186e-05
@m.xm1.m0[gm] = 2.175574e-05
@m.xm1.m0[gds] = 3.547301e-04
v(d) = -5.94266e-02
Doing analysis at TEMP = 125.000000 and TNOM = 27.000000

Using SPARSE 1.3 as Direct Linear Solver

No. of Data Rows : 1
zm0 = 9.999996e-04
Doing analysis at TEMP = 125.000000 and TNOM = 27.000000

Using SPARSE 1.3 as Direct Linear Solver

No. of Data Rows : 2

No. of Data Rows : 1
onoise_total_rs_thermal = 4.689157e-12
onoise_total.m.xm1.m0.id = 2.925918e-15
onoise_total.m.xm1.m0.1overf = 1.765070e-14
inoise_total.m.xm1.m0.id = 2.925919e-12
inoise_total.m.xm1.m0.1overf = 1.765070e-11
Doing analysis at TEMP = 125.000000 and TNOM = 27.000000

Using SPARSE 1.3 as Direct Linear Solver

No. of Data Rows : 1
zm1 = 9.999996e-04
Doing analysis at TEMP = 125.000000 and TNOM = 27.000000

Using SPARSE 1.3 as Direct Linear Solver

No. of Data Rows : 2

No. of Data Rows : 1
onoise_total_rs_thermal = 4.689157e-12
onoise_total.m.xm1.m0.id = 2.925918e-15
onoise_total.m.xm1.m0.1overf = 4.862630e-15
inoise_total.m.xm1.m0.id = 2.925919e-12
inoise_total.m.xm1.m0.1overf = 4.862632e-12
Doing analysis at TEMP = 125.000000 and TNOM = 27.000000

Using SPARSE 1.3 as Direct Linear Solver

No. of Data Rows : 1
zm2 = 9.999996e-04
Doing analysis at TEMP = 125.000000 and TNOM = 27.000000

Using SPARSE 1.3 as Direct Linear Solver

No. of Data Rows : 2

No. of Data Rows : 1
onoise_total_rs_thermal = 4.689157e-12
onoise_total.m.xm1.m0.id = 2.925918e-15
onoise_total.m.xm1.m0.1overf = 1.339313e-15
inoise_total.m.xm1.m0.id = 2.925919e-12
inoise_total.m.xm1.m0.1overf = 1.339314e-12
Doing analysis at TEMP = 125.000000 and TNOM = 27.000000

Using SPARSE 1.3 as Direct Linear Solver

No. of Data Rows : 1
zm3 = 9.999996e-04
Doing analysis at TEMP = 125.000000 and TNOM = 27.000000

Using SPARSE 1.3 as Direct Linear Solver

No. of Data Rows : 2

No. of Data Rows : 1
onoise_total_rs_thermal = 4.689157e-12
onoise_total.m.xm1.m0.id = 2.925918e-15
onoise_total.m.xm1.m0.1overf = 3.688784e-16
inoise_total.m.xm1.m0.id = 2.925919e-12
inoise_total.m.xm1.m0.1overf = 3.688786e-13
Doing analysis at TEMP = 125.000000 and TNOM = 27.000000

Using SPARSE 1.3 as Direct Linear Solver

No. of Data Rows : 1
zm4 = 9.999996e-04
Doing analysis at TEMP = 125.000000 and TNOM = 27.000000

Using SPARSE 1.3 as Direct Linear Solver

No. of Data Rows : 2

No. of Data Rows : 1
onoise_total_rs_thermal = 4.689157e-12
onoise_total.m.xm1.m0.id = 2.925918e-15
onoise_total.m.xm1.m0.1overf = 1.015976e-16
inoise_total.m.xm1.m0.id = 2.925919e-12
inoise_total.m.xm1.m0.1overf = 1.015976e-13
Doing analysis at TEMP = 125.000000 and TNOM = 27.000000

Using SPARSE 1.3 as Direct Linear Solver

No. of Data Rows : 1
zm5 = 9.999996e-04
Doing analysis at TEMP = 125.000000 and TNOM = 27.000000

Using SPARSE 1.3 as Direct Linear Solver

No. of Data Rows : 2

No. of Data Rows : 1
onoise_total_rs_thermal = 4.689157e-12
onoise_total.m.xm1.m0.id = 2.925918e-15
onoise_total.m.xm1.m0.1overf = 2.798230e-17
inoise_total.m.xm1.m0.id = 2.925919e-12
inoise_total.m.xm1.m0.1overf = 2.798231e-14
Doing analysis at TEMP = 125.000000 and TNOM = 27.000000

Using SPARSE 1.3 as Direct Linear Solver

No. of Data Rows : 1
zm6 = 9.999996e-04
Doing analysis at TEMP = 125.000000 and TNOM = 27.000000

Using SPARSE 1.3 as Direct Linear Solver

No. of Data Rows : 2

No. of Data Rows : 1
onoise_total_rs_thermal = 4.689157e-12
onoise_total.m.xm1.m0.id = 2.925918e-15
onoise_total.m.xm1.m0.1overf = 1.512501e-17
inoise_total.m.xm1.m0.id = 2.925919e-12
inoise_total.m.xm1.m0.1overf = 1.512501e-14
Note: Simulation executed from .control section 

======================================================================
=== sid_ss_125c_2.97v_xmp_p0542_pass1
======================================================================
.temp 125
vg g 0 dc -1.092537610000e+00
vb b 0 dc 8.408122060000e-02
vd dd 0 dc -2.127801640000e-01
rs dd d 1.00000000e-03
--- ngspice output ---

Note: No compatibility mode selected!


Circuit: * gf180-pll :: period-jitter :: s_id along the trajectory -- generated.

Doing analysis at TEMP = 125.000000 and TNOM = 27.000000

Using SPARSE 1.3 as Direct Linear Solver

No. of Data Rows : 1
@m.xm1.m0[vgs] = 1.092532e+00
@m.xm1.m0[vds] = 2.127690e-01
@m.xm1.m0[vbs] = -8.40868e-02
@m.xm1.m0[id] = 2.202995e-05
@m.xm1.m0[gm] = 9.140886e-05
@m.xm1.m0[gds] = 5.611663e-05
v(d) = -2.12780e-01
Doing analysis at TEMP = 125.000000 and TNOM = 27.000000

Using SPARSE 1.3 as Direct Linear Solver

No. of Data Rows : 1
zm0 = 9.999999e-04
Doing analysis at TEMP = 125.000000 and TNOM = 27.000000

Using SPARSE 1.3 as Direct Linear Solver

No. of Data Rows : 2

No. of Data Rows : 1
onoise_total_rs_thermal = 4.689158e-12
onoise_total.m.xm1.m0.id = 1.601522e-15
onoise_total.m.xm1.m0.1overf = 2.937768e-14
inoise_total.m.xm1.m0.id = 1.601522e-12
inoise_total.m.xm1.m0.1overf = 2.937768e-11
Doing analysis at TEMP = 125.000000 and TNOM = 27.000000

Using SPARSE 1.3 as Direct Linear Solver

No. of Data Rows : 1
zm1 = 9.999999e-04
Doing analysis at TEMP = 125.000000 and TNOM = 27.000000

Using SPARSE 1.3 as Direct Linear Solver

No. of Data Rows : 2

No. of Data Rows : 1
onoise_total_rs_thermal = 4.689158e-12
onoise_total.m.xm1.m0.id = 1.601522e-15
onoise_total.m.xm1.m0.1overf = 8.093323e-15
inoise_total.m.xm1.m0.id = 1.601522e-12
inoise_total.m.xm1.m0.1overf = 8.093324e-12
Doing analysis at TEMP = 125.000000 and TNOM = 27.000000

Using SPARSE 1.3 as Direct Linear Solver

No. of Data Rows : 1
zm2 = 9.999999e-04
Doing analysis at TEMP = 125.000000 and TNOM = 27.000000

Using SPARSE 1.3 as Direct Linear Solver

No. of Data Rows : 2

No. of Data Rows : 1
onoise_total_rs_thermal = 4.689158e-12
onoise_total.m.xm1.m0.id = 1.601522e-15
onoise_total.m.xm1.m0.1overf = 2.229142e-15
inoise_total.m.xm1.m0.id = 1.601522e-12
inoise_total.m.xm1.m0.1overf = 2.229143e-12
Doing analysis at TEMP = 125.000000 and TNOM = 27.000000

Using SPARSE 1.3 as Direct Linear Solver

No. of Data Rows : 1
zm3 = 9.999999e-04
Doing analysis at TEMP = 125.000000 and TNOM = 27.000000

Using SPARSE 1.3 as Direct Linear Solver

No. of Data Rows : 2

No. of Data Rows : 1
onoise_total_rs_thermal = 4.689158e-12
onoise_total.m.xm1.m0.id = 1.601522e-15
onoise_total.m.xm1.m0.1overf = 6.139584e-16
inoise_total.m.xm1.m0.id = 1.601522e-12
inoise_total.m.xm1.m0.1overf = 6.139584e-13
Doing analysis at TEMP = 125.000000 and TNOM = 27.000000

Using SPARSE 1.3 as Direct Linear Solver

No. of Data Rows : 1
zm4 = 9.999999e-04
Doing analysis at TEMP = 125.000000 and TNOM = 27.000000

Using SPARSE 1.3 as Direct Linear Solver

No. of Data Rows : 2

No. of Data Rows : 1
onoise_total_rs_thermal = 4.689158e-12
onoise_total.m.xm1.m0.id = 1.601522e-15
onoise_total.m.xm1.m0.1overf = 1.690982e-16
inoise_total.m.xm1.m0.id = 1.601522e-12
inoise_total.m.xm1.m0.1overf = 1.690982e-13
Doing analysis at TEMP = 125.000000 and TNOM = 27.000000

Using SPARSE 1.3 as Direct Linear Solver

No. of Data Rows : 1
zm5 = 9.999999e-04
Doing analysis at TEMP = 125.000000 and TNOM = 27.000000

Using SPARSE 1.3 as Direct Linear Solver

No. of Data Rows : 2

No. of Data Rows : 1
onoise_total_rs_thermal = 4.689158e-12
onoise_total.m.xm1.m0.id = 1.601522e-15
onoise_total.m.xm1.m0.1overf = 4.657351e-17
inoise_total.m.xm1.m0.id = 1.601522e-12
inoise_total.m.xm1.m0.1overf = 4.657351e-14
Doing analysis at TEMP = 125.000000 and TNOM = 27.000000

Using SPARSE 1.3 as Direct Linear Solver

No. of Data Rows : 1
zm6 = 9.999999e-04
Doing analysis at TEMP = 125.000000 and TNOM = 27.000000

Using SPARSE 1.3 as Direct Linear Solver

No. of Data Rows : 2

No. of Data Rows : 1
onoise_total_rs_thermal = 4.689158e-12
onoise_total.m.xm1.m0.id = 1.601522e-15
onoise_total.m.xm1.m0.1overf = 2.517394e-17
inoise_total.m.xm1.m0.id = 1.601522e-12
inoise_total.m.xm1.m0.1overf = 2.517394e-14
Note: Simulation executed from .control section 

======================================================================
=== sid_ss_125c_2.97v_xmp_p0542
======================================================================
.temp 125
vg g 0 dc -1.092543220000e+00
vb b 0 dc 8.407564120000e-02
vd dd 0 dc -2.127913280000e-01
rs dd d 1.00000000e-03
--- ngspice output ---

Note: No compatibility mode selected!


Circuit: * gf180-pll :: period-jitter :: s_id along the trajectory -- generated.

Doing analysis at TEMP = 125.000000 and TNOM = 27.000000

Using SPARSE 1.3 as Direct Linear Solver

No. of Data Rows : 1
@m.xm1.m0[vgs] = 1.092538e+00
@m.xm1.m0[vds] = 2.127802e-01
@m.xm1.m0[vbs] = -8.40812e-02
@m.xm1.m0[id] = 2.203128e-05
@m.xm1.m0[gm] = 9.141343e-05
@m.xm1.m0[gds] = 5.611491e-05
v(d) = -2.12791e-01
Doing analysis at TEMP = 125.000000 and TNOM = 27.000000

Using SPARSE 1.3 as Direct Linear Solver

No. of Data Rows : 1
zm0 = 9.999999e-04
Doing analysis at TEMP = 125.000000 and TNOM = 27.000000

Using SPARSE 1.3 as Direct Linear Solver

No. of Data Rows : 2

No. of Data Rows : 1
onoise_total_rs_thermal = 4.689158e-12
onoise_total.m.xm1.m0.id = 1.601537e-15
onoise_total.m.xm1.m0.1overf = 2.937940e-14
inoise_total.m.xm1.m0.id = 1.601537e-12
inoise_total.m.xm1.m0.1overf = 2.937940e-11
Doing analysis at TEMP = 125.000000 and TNOM = 27.000000

Using SPARSE 1.3 as Direct Linear Solver

No. of Data Rows : 1
zm1 = 9.999999e-04
Doing analysis at TEMP = 125.000000 and TNOM = 27.000000

Using SPARSE 1.3 as Direct Linear Solver

No. of Data Rows : 2

No. of Data Rows : 1
onoise_total_rs_thermal = 4.689158e-12
onoise_total.m.xm1.m0.id = 1.601537e-15
onoise_total.m.xm1.m0.1overf = 8.093796e-15
inoise_total.m.xm1.m0.id = 1.601537e-12
inoise_total.m.xm1.m0.1overf = 8.093797e-12
Doing analysis at TEMP = 125.000000 and TNOM = 27.000000

Using SPARSE 1.3 as Direct Linear Solver

No. of Data Rows : 1
zm2 = 9.999999e-04
Doing analysis at TEMP = 125.000000 and TNOM = 27.000000

Using SPARSE 1.3 as Direct Linear Solver

No. of Data Rows : 2

No. of Data Rows : 1
onoise_total_rs_thermal = 4.689158e-12
onoise_total.m.xm1.m0.id = 1.601537e-15
onoise_total.m.xm1.m0.1overf = 2.229273e-15
inoise_total.m.xm1.m0.id = 1.601537e-12
inoise_total.m.xm1.m0.1overf = 2.229273e-12
Doing analysis at TEMP = 125.000000 and TNOM = 27.000000

Using SPARSE 1.3 as Direct Linear Solver

No. of Data Rows : 1
zm3 = 9.999999e-04
Doing analysis at TEMP = 125.000000 and TNOM = 27.000000

Using SPARSE 1.3 as Direct Linear Solver

No. of Data Rows : 2

No. of Data Rows : 1
onoise_total_rs_thermal = 4.689158e-12
onoise_total.m.xm1.m0.id = 1.601537e-15
onoise_total.m.xm1.m0.1overf = 6.139943e-16
inoise_total.m.xm1.m0.id = 1.601537e-12
inoise_total.m.xm1.m0.1overf = 6.139943e-13
Doing analysis at TEMP = 125.000000 and TNOM = 27.000000

Using SPARSE 1.3 as Direct Linear Solver

No. of Data Rows : 1
zm4 = 9.999999e-04
Doing analysis at TEMP = 125.000000 and TNOM = 27.000000

Using SPARSE 1.3 as Direct Linear Solver

No. of Data Rows : 2

No. of Data Rows : 1
onoise_total_rs_thermal = 4.689158e-12
onoise_total.m.xm1.m0.id = 1.601537e-15
onoise_total.m.xm1.m0.1overf = 1.691081e-16
inoise_total.m.xm1.m0.id = 1.601537e-12
inoise_total.m.xm1.m0.1overf = 1.691081e-13
Doing analysis at TEMP = 125.000000 and TNOM = 27.000000

Using SPARSE 1.3 as Direct Linear Solver

No. of Data Rows : 1
zm5 = 9.999999e-04
Doing analysis at TEMP = 125.000000 and TNOM = 27.000000

Using SPARSE 1.3 as Direct Linear Solver

No. of Data Rows : 2

No. of Data Rows : 1
onoise_total_rs_thermal = 4.689158e-12
onoise_total.m.xm1.m0.id = 1.601537e-15
onoise_total.m.xm1.m0.1overf = 4.657623e-17
inoise_total.m.xm1.m0.id = 1.601537e-12
inoise_total.m.xm1.m0.1overf = 4.657624e-14
Doing analysis at TEMP = 125.000000 and TNOM = 27.000000

Using SPARSE 1.3 as Direct Linear Solver

No. of Data Rows : 1
zm6 = 9.999999e-04
Doing analysis at TEMP = 125.000000 and TNOM = 27.000000

Using SPARSE 1.3 as Direct Linear Solver

No. of Data Rows : 2

No. of Data Rows : 1
onoise_total_rs_thermal = 4.689158e-12
onoise_total.m.xm1.m0.id = 1.601537e-15
onoise_total.m.xm1.m0.1overf = 2.517541e-17
inoise_total.m.xm1.m0.id = 1.601537e-12
inoise_total.m.xm1.m0.1overf = 2.517541e-14
Note: Simulation executed from .control section 

======================================================================
=== sid_ss_125c_2.97v_xmp_p0583_pass1
======================================================================
.temp 125
vg g 0 dc -8.594984990000e-01
vb b 0 dc 4.797179140000e-02
vd dd 0 dc -7.557161200000e-01
rs dd d 1.00000000e-03
--- ngspice output ---

Note: No compatibility mode selected!


Circuit: * gf180-pll :: period-jitter :: s_id along the trajectory -- generated.

Doing analysis at TEMP = 125.000000 and TNOM = 27.000000

Using SPARSE 1.3 as Direct Linear Solver

No. of Data Rows : 1
@m.xm1.m0[vgs] = 8.594971e-01
@m.xm1.m0[vds] = 7.557133e-01
@m.xm1.m0[vbs] = -4.79732e-02
@m.xm1.m0[id] = 5.578972e-06
@m.xm1.m0[gm] = 5.886629e-05
@m.xm1.m0[gds] = 1.252911e-06
v(d) = -7.55716e-01
Doing analysis at TEMP = 125.000000 and TNOM = 27.000000

Using SPARSE 1.3 as Direct Linear Solver

No. of Data Rows : 1
zm0 = 1.000000e-03
Doing analysis at TEMP = 125.000000 and TNOM = 27.000000

Using SPARSE 1.3 as Direct Linear Solver

No. of Data Rows : 2

No. of Data Rows : 1
onoise_total_rs_thermal = 4.689159e-12
onoise_total.m.xm1.m0.id = 9.816840e-16
onoise_total.m.xm1.m0.1overf = 1.612126e-14
inoise_total.m.xm1.m0.id = 9.816840e-13
inoise_total.m.xm1.m0.1overf = 1.612126e-11
Doing analysis at TEMP = 125.000000 and TNOM = 27.000000

Using SPARSE 1.3 as Direct Linear Solver

No. of Data Rows : 1
zm1 = 1.000000e-03
Doing analysis at TEMP = 125.000000 and TNOM = 27.000000

Using SPARSE 1.3 as Direct Linear Solver

No. of Data Rows : 2

No. of Data Rows : 1
onoise_total_rs_thermal = 4.689159e-12
onoise_total.m.xm1.m0.id = 9.816840e-16
onoise_total.m.xm1.m0.1overf = 4.441281e-15
inoise_total.m.xm1.m0.id = 9.816840e-13
inoise_total.m.xm1.m0.1overf = 4.441281e-12
Doing analysis at TEMP = 125.000000 and TNOM = 27.000000

Using SPARSE 1.3 as Direct Linear Solver

No. of Data Rows : 1
zm2 = 1.000000e-03
Doing analysis at TEMP = 125.000000 and TNOM = 27.000000

Using SPARSE 1.3 as Direct Linear Solver

No. of Data Rows : 2

No. of Data Rows : 1
onoise_total_rs_thermal = 4.689159e-12
onoise_total.m.xm1.m0.id = 9.816840e-16
onoise_total.m.xm1.m0.1overf = 1.223261e-15
inoise_total.m.xm1.m0.id = 9.816840e-13
inoise_total.m.xm1.m0.1overf = 1.223261e-12
Doing analysis at TEMP = 125.000000 and TNOM = 27.000000

Using SPARSE 1.3 as Direct Linear Solver

No. of Data Rows : 1
zm3 = 1.000000e-03
Doing analysis at TEMP = 125.000000 and TNOM = 27.000000

Using SPARSE 1.3 as Direct Linear Solver

No. of Data Rows : 2

No. of Data Rows : 1
onoise_total_rs_thermal = 4.689159e-12
onoise_total.m.xm1.m0.id = 9.816840e-16
onoise_total.m.xm1.m0.1overf = 3.369149e-16
inoise_total.m.xm1.m0.id = 9.816840e-13
inoise_total.m.xm1.m0.1overf = 3.369150e-13
Doing analysis at TEMP = 125.000000 and TNOM = 27.000000

Using SPARSE 1.3 as Direct Linear Solver

No. of Data Rows : 1
zm4 = 1.000000e-03
Doing analysis at TEMP = 125.000000 and TNOM = 27.000000

Using SPARSE 1.3 as Direct Linear Solver

No. of Data Rows : 2

No. of Data Rows : 1
onoise_total_rs_thermal = 4.689159e-12
onoise_total.m.xm1.m0.id = 9.816840e-16
onoise_total.m.xm1.m0.1overf = 9.279411e-17
inoise_total.m.xm1.m0.id = 9.816840e-13
inoise_total.m.xm1.m0.1overf = 9.279411e-14
Doing analysis at TEMP = 125.000000 and TNOM = 27.000000

Using SPARSE 1.3 as Direct Linear Solver

No. of Data Rows : 1
zm5 = 1.000000e-03
Doing analysis at TEMP = 125.000000 and TNOM = 27.000000

Using SPARSE 1.3 as Direct Linear Solver

No. of Data Rows : 2

No. of Data Rows : 1
onoise_total_rs_thermal = 4.689159e-12
onoise_total.m.xm1.m0.id = 9.816840e-16
onoise_total.m.xm1.m0.1overf = 2.555762e-17
inoise_total.m.xm1.m0.id = 9.816840e-13
inoise_total.m.xm1.m0.1overf = 2.555762e-14
Doing analysis at TEMP = 125.000000 and TNOM = 27.000000

Using SPARSE 1.3 as Direct Linear Solver

No. of Data Rows : 1
zm6 = 1.000000e-03
Doing analysis at TEMP = 125.000000 and TNOM = 27.000000

Using SPARSE 1.3 as Direct Linear Solver

No. of Data Rows : 2

No. of Data Rows : 1
onoise_total_rs_thermal = 4.689159e-12
onoise_total.m.xm1.m0.id = 9.816840e-16
onoise_total.m.xm1.m0.1overf = 1.381442e-17
inoise_total.m.xm1.m0.id = 9.816840e-13
inoise_total.m.xm1.m0.1overf = 1.381442e-14
Note: Simulation executed from .control section 

======================================================================
=== sid_ss_125c_2.97v_xmp_p0583
======================================================================
.temp 125
vg g 0 dc -8.594998980000e-01
vb b 0 dc 4.797038280000e-02
vd dd 0 dc -7.557189400000e-01
rs dd d 1.00000000e-03
--- ngspice output ---

Note: No compatibility mode selected!


Circuit: * gf180-pll :: period-jitter :: s_id along the trajectory -- generated.

Doing analysis at TEMP = 125.000000 and TNOM = 27.000000

Using SPARSE 1.3 as Direct Linear Solver

No. of Data Rows : 1
@m.xm1.m0[vgs] = 8.594985e-01
@m.xm1.m0[vds] = 7.557161e-01
@m.xm1.m0[vbs] = -4.79718e-02
@m.xm1.m0[id] = 5.579087e-06
@m.xm1.m0[gm] = 5.886714e-05
@m.xm1.m0[gds] = 1.252930e-06
v(d) = -7.55719e-01
Doing analysis at TEMP = 125.000000 and TNOM = 27.000000

Using SPARSE 1.3 as Direct Linear Solver

No. of Data Rows : 1
zm0 = 1.000000e-03
Doing analysis at TEMP = 125.000000 and TNOM = 27.000000

Using SPARSE 1.3 as Direct Linear Solver

No. of Data Rows : 2

No. of Data Rows : 1
onoise_total_rs_thermal = 4.689159e-12
onoise_total.m.xm1.m0.id = 9.816903e-16
onoise_total.m.xm1.m0.1overf = 1.612153e-14
inoise_total.m.xm1.m0.id = 9.816903e-13
inoise_total.m.xm1.m0.1overf = 1.612153e-11
Doing analysis at TEMP = 125.000000 and TNOM = 27.000000

Using SPARSE 1.3 as Direct Linear Solver

No. of Data Rows : 1
zm1 = 1.000000e-03
Doing analysis at TEMP = 125.000000 and TNOM = 27.000000

Using SPARSE 1.3 as Direct Linear Solver

No. of Data Rows : 2

No. of Data Rows : 1
onoise_total_rs_thermal = 4.689159e-12
onoise_total.m.xm1.m0.id = 9.816903e-16
onoise_total.m.xm1.m0.1overf = 4.441356e-15
inoise_total.m.xm1.m0.id = 9.816903e-13
inoise_total.m.xm1.m0.1overf = 4.441356e-12
Doing analysis at TEMP = 125.000000 and TNOM = 27.000000

Using SPARSE 1.3 as Direct Linear Solver

No. of Data Rows : 1
zm2 = 1.000000e-03
Doing analysis at TEMP = 125.000000 and TNOM = 27.000000

Using SPARSE 1.3 as Direct Linear Solver

No. of Data Rows : 2

No. of Data Rows : 1
onoise_total_rs_thermal = 4.689159e-12
onoise_total.m.xm1.m0.id = 9.816903e-16
onoise_total.m.xm1.m0.1overf = 1.223282e-15
inoise_total.m.xm1.m0.id = 9.816903e-13
inoise_total.m.xm1.m0.1overf = 1.223282e-12
Doing analysis at TEMP = 125.000000 and TNOM = 27.000000

Using SPARSE 1.3 as Direct Linear Solver

No. of Data Rows : 1
zm3 = 1.000000e-03
Doing analysis at TEMP = 125.000000 and TNOM = 27.000000

Using SPARSE 1.3 as Direct Linear Solver

No. of Data Rows : 2

No. of Data Rows : 1
onoise_total_rs_thermal = 4.689159e-12
onoise_total.m.xm1.m0.id = 9.816903e-16
onoise_total.m.xm1.m0.1overf = 3.369207e-16
inoise_total.m.xm1.m0.id = 9.816903e-13
inoise_total.m.xm1.m0.1overf = 3.369207e-13
Doing analysis at TEMP = 125.000000 and TNOM = 27.000000

Using SPARSE 1.3 as Direct Linear Solver

No. of Data Rows : 1
zm4 = 1.000000e-03
Doing analysis at TEMP = 125.000000 and TNOM = 27.000000

Using SPARSE 1.3 as Direct Linear Solver

No. of Data Rows : 2

No. of Data Rows : 1
onoise_total_rs_thermal = 4.689159e-12
onoise_total.m.xm1.m0.id = 9.816903e-16
onoise_total.m.xm1.m0.1overf = 9.279568e-17
inoise_total.m.xm1.m0.id = 9.816903e-13
inoise_total.m.xm1.m0.1overf = 9.279568e-14
Doing analysis at TEMP = 125.000000 and TNOM = 27.000000

Using SPARSE 1.3 as Direct Linear Solver

No. of Data Rows : 1
zm5 = 1.000000e-03
Doing analysis at TEMP = 125.000000 and TNOM = 27.000000

Using SPARSE 1.3 as Direct Linear Solver

No. of Data Rows : 2

No. of Data Rows : 1
onoise_total_rs_thermal = 4.689159e-12
onoise_total.m.xm1.m0.id = 9.816903e-16
onoise_total.m.xm1.m0.1overf = 2.555805e-17
inoise_total.m.xm1.m0.id = 9.816903e-13
inoise_total.m.xm1.m0.1overf = 2.555805e-14
Doing analysis at TEMP = 125.000000 and TNOM = 27.000000

Using SPARSE 1.3 as Direct Linear Solver

No. of Data Rows : 1
zm6 = 1.000000e-03
Doing analysis at TEMP = 125.000000 and TNOM = 27.000000

Using SPARSE 1.3 as Direct Linear Solver

No. of Data Rows : 2

No. of Data Rows : 1
onoise_total_rs_thermal = 4.689159e-12
onoise_total.m.xm1.m0.id = 9.816903e-16
onoise_total.m.xm1.m0.1overf = 1.381465e-17
inoise_total.m.xm1.m0.id = 9.816903e-13
inoise_total.m.xm1.m0.1overf = 1.381465e-14
Note: Simulation executed from .control section 

======================================================================
=== sid_ss_125c_2.97v_xmp_p0625_pass1
======================================================================
.temp 125
vg g 0 dc -6.393544120000e-01
vb b 0 dc 5.356325040000e-03
vd dd 0 dc -1.481779720000e+00
rs dd d 1.00000000e-03
--- ngspice output ---

Note: No compatibility mode selected!


Circuit: * gf180-pll :: period-jitter :: s_id along the trajectory -- generated.

Doing analysis at TEMP = 125.000000 and TNOM = 27.000000

Using SPARSE 1.3 as Direct Linear Solver

No. of Data Rows : 1
@m.xm1.m0[vgs] = 6.393543e-01
@m.xm1.m0[vds] = 1.481780e+00
@m.xm1.m0[vbs] = -5.35643e-03
@m.xm1.m0[id] = 4.030137e-07
@m.xm1.m0[gm] = 6.514036e-06
@m.xm1.m0[gds] = 1.082592e-07
v(d) = -1.48178e+00
Doing analysis at TEMP = 125.000000 and TNOM = 27.000000

Using SPARSE 1.3 as Direct Linear Solver

No. of Data Rows : 1
zm0 = 1.000000e-03
Doing analysis at TEMP = 125.000000 and TNOM = 27.000000

Using SPARSE 1.3 as Direct Linear Solver

No. of Data Rows : 2

No. of Data Rows : 1
onoise_total_rs_thermal = 4.689159e-12
onoise_total.m.xm1.m0.id = 3.697038e-16
onoise_total.m.xm1.m0.1overf = 1.551182e-15
inoise_total.m.xm1.m0.id = 3.697038e-13
inoise_total.m.xm1.m0.1overf = 1.551182e-12
Doing analysis at TEMP = 125.000000 and TNOM = 27.000000

Using SPARSE 1.3 as Direct Linear Solver

No. of Data Rows : 1
zm1 = 1.000000e-03
Doing analysis at TEMP = 125.000000 and TNOM = 27.000000

Using SPARSE 1.3 as Direct Linear Solver

No. of Data Rows : 2

No. of Data Rows : 1
onoise_total_rs_thermal = 4.689159e-12
onoise_total.m.xm1.m0.id = 3.697038e-16
onoise_total.m.xm1.m0.1overf = 4.273385e-16
inoise_total.m.xm1.m0.id = 3.697038e-13
inoise_total.m.xm1.m0.1overf = 4.273385e-13
Doing analysis at TEMP = 125.000000 and TNOM = 27.000000

Using SPARSE 1.3 as Direct Linear Solver

No. of Data Rows : 1
zm2 = 1.000000e-03
Doing analysis at TEMP = 125.000000 and TNOM = 27.000000

Using SPARSE 1.3 as Direct Linear Solver

No. of Data Rows : 2

No. of Data Rows : 1
onoise_total_rs_thermal = 4.689159e-12
onoise_total.m.xm1.m0.id = 3.697038e-16
onoise_total.m.xm1.m0.1overf = 1.177018e-16
inoise_total.m.xm1.m0.id = 3.697038e-13
inoise_total.m.xm1.m0.1overf = 1.177018e-13
Doing analysis at TEMP = 125.000000 and TNOM = 27.000000

Using SPARSE 1.3 as Direct Linear Solver

No. of Data Rows : 1
zm3 = 1.000000e-03
Doing analysis at TEMP = 125.000000 and TNOM = 27.000000

Using SPARSE 1.3 as Direct Linear Solver

No. of Data Rows : 2

No. of Data Rows : 1
onoise_total_rs_thermal = 4.689159e-12
onoise_total.m.xm1.m0.id = 3.697038e-16
onoise_total.m.xm1.m0.1overf = 3.241784e-17
inoise_total.m.xm1.m0.id = 3.697038e-13
inoise_total.m.xm1.m0.1overf = 3.241784e-14
Doing analysis at TEMP = 125.000000 and TNOM = 27.000000

Using SPARSE 1.3 as Direct Linear Solver

No. of Data Rows : 1
zm4 = 1.000000e-03
Doing analysis at TEMP = 125.000000 and TNOM = 27.000000

Using SPARSE 1.3 as Direct Linear Solver

No. of Data Rows : 2

No. of Data Rows : 1
onoise_total_rs_thermal = 4.689159e-12
onoise_total.m.xm1.m0.id = 3.697038e-16
onoise_total.m.xm1.m0.1overf = 8.928617e-18
inoise_total.m.xm1.m0.id = 3.697038e-13
inoise_total.m.xm1.m0.1overf = 8.928617e-15
Doing analysis at TEMP = 125.000000 and TNOM = 27.000000

Using SPARSE 1.3 as Direct Linear Solver

No. of Data Rows : 1
zm5 = 1.000000e-03
Doing analysis at TEMP = 125.000000 and TNOM = 27.000000

Using SPARSE 1.3 as Direct Linear Solver

No. of Data Rows : 2

No. of Data Rows : 1
onoise_total_rs_thermal = 4.689159e-12
onoise_total.m.xm1.m0.id = 3.697038e-16
onoise_total.m.xm1.m0.1overf = 2.459145e-18
inoise_total.m.xm1.m0.id = 3.697038e-13
inoise_total.m.xm1.m0.1overf = 2.459145e-15
Doing analysis at TEMP = 125.000000 and TNOM = 27.000000

Using SPARSE 1.3 as Direct Linear Solver

No. of Data Rows : 1
zm6 = 1.000000e-03
Doing analysis at TEMP = 125.000000 and TNOM = 27.000000

Using SPARSE 1.3 as Direct Linear Solver

No. of Data Rows : 2

No. of Data Rows : 1
onoise_total_rs_thermal = 4.689159e-12
onoise_total.m.xm1.m0.id = 3.697038e-16
onoise_total.m.xm1.m0.1overf = 1.329218e-18
inoise_total.m.xm1.m0.id = 3.697038e-13
inoise_total.m.xm1.m0.1overf = 1.329218e-15
Note: Simulation executed from .control section 

======================================================================
=== sid_ss_125c_2.97v_xmp_p0625
======================================================================
.temp 125
vg g 0 dc -6.393545240000e-01
vb b 0 dc 5.356220080000e-03
vd dd 0 dc -1.481779440000e+00
rs dd d 1.00000000e-03
--- ngspice output ---

Note: No compatibility mode selected!


Circuit: * gf180-pll :: period-jitter :: s_id along the trajectory -- generated.

Doing analysis at TEMP = 125.000000 and TNOM = 27.000000

Using SPARSE 1.3 as Direct Linear Solver

No. of Data Rows : 1
@m.xm1.m0[vgs] = 6.393544e-01
@m.xm1.m0[vds] = 1.481779e+00
@m.xm1.m0[vbs] = -5.35632e-03
@m.xm1.m0[id] = 4.030147e-07
@m.xm1.m0[gm] = 6.514051e-06
@m.xm1.m0[gds] = 1.082594e-07
v(d) = -1.48178e+00
Doing analysis at TEMP = 125.000000 and TNOM = 27.000000

Using SPARSE 1.3 as Direct Linear Solver

No. of Data Rows : 1
zm0 = 1.000000e-03
Doing analysis at TEMP = 125.000000 and TNOM = 27.000000

Using SPARSE 1.3 as Direct Linear Solver

No. of Data Rows : 2

No. of Data Rows : 1
onoise_total_rs_thermal = 4.689159e-12
onoise_total.m.xm1.m0.id = 3.697042e-16
onoise_total.m.xm1.m0.1overf = 1.551185e-15
inoise_total.m.xm1.m0.id = 3.697042e-13
inoise_total.m.xm1.m0.1overf = 1.551185e-12
Doing analysis at TEMP = 125.000000 and TNOM = 27.000000

Using SPARSE 1.3 as Direct Linear Solver

No. of Data Rows : 1
zm1 = 1.000000e-03
Doing analysis at TEMP = 125.000000 and TNOM = 27.000000

Using SPARSE 1.3 as Direct Linear Solver

No. of Data Rows : 2

No. of Data Rows : 1
onoise_total_rs_thermal = 4.689159e-12
onoise_total.m.xm1.m0.id = 3.697042e-16
onoise_total.m.xm1.m0.1overf = 4.273395e-16
inoise_total.m.xm1.m0.id = 3.697042e-13
inoise_total.m.xm1.m0.1overf = 4.273395e-13
Doing analysis at TEMP = 125.000000 and TNOM = 27.000000

Using SPARSE 1.3 as Direct Linear Solver

No. of Data Rows : 1
zm2 = 1.000000e-03
Doing analysis at TEMP = 125.000000 and TNOM = 27.000000

Using SPARSE 1.3 as Direct Linear Solver

No. of Data Rows : 2

No. of Data Rows : 1
onoise_total_rs_thermal = 4.689159e-12
onoise_total.m.xm1.m0.id = 3.697042e-16
onoise_total.m.xm1.m0.1overf = 1.177020e-16
inoise_total.m.xm1.m0.id = 3.697042e-13
inoise_total.m.xm1.m0.1overf = 1.177020e-13
Doing analysis at TEMP = 125.000000 and TNOM = 27.000000

Using SPARSE 1.3 as Direct Linear Solver

No. of Data Rows : 1
zm3 = 1.000000e-03
Doing analysis at TEMP = 125.000000 and TNOM = 27.000000

Using SPARSE 1.3 as Direct Linear Solver

No. of Data Rows : 2

No. of Data Rows : 1
onoise_total_rs_thermal = 4.689159e-12
onoise_total.m.xm1.m0.id = 3.697042e-16
onoise_total.m.xm1.m0.1overf = 3.241791e-17
inoise_total.m.xm1.m0.id = 3.697042e-13
inoise_total.m.xm1.m0.1overf = 3.241791e-14
Doing analysis at TEMP = 125.000000 and TNOM = 27.000000

Using SPARSE 1.3 as Direct Linear Solver

No. of Data Rows : 1
zm4 = 1.000000e-03
Doing analysis at TEMP = 125.000000 and TNOM = 27.000000

Using SPARSE 1.3 as Direct Linear Solver

No. of Data Rows : 2

No. of Data Rows : 1
onoise_total_rs_thermal = 4.689159e-12
onoise_total.m.xm1.m0.id = 3.697042e-16
onoise_total.m.xm1.m0.1overf = 8.928637e-18
inoise_total.m.xm1.m0.id = 3.697042e-13
inoise_total.m.xm1.m0.1overf = 8.928637e-15
Doing analysis at TEMP = 125.000000 and TNOM = 27.000000

Using SPARSE 1.3 as Direct Linear Solver

No. of Data Rows : 1
zm5 = 1.000000e-03
Doing analysis at TEMP = 125.000000 and TNOM = 27.000000

Using SPARSE 1.3 as Direct Linear Solver

No. of Data Rows : 2

No. of Data Rows : 1
onoise_total_rs_thermal = 4.689159e-12
onoise_total.m.xm1.m0.id = 3.697042e-16
onoise_total.m.xm1.m0.1overf = 2.459151e-18
inoise_total.m.xm1.m0.id = 3.697042e-13
inoise_total.m.xm1.m0.1overf = 2.459151e-15
Doing analysis at TEMP = 125.000000 and TNOM = 27.000000

Using SPARSE 1.3 as Direct Linear Solver

No. of Data Rows : 1
zm6 = 1.000000e-03
Doing analysis at TEMP = 125.000000 and TNOM = 27.000000

Using SPARSE 1.3 as Direct Linear Solver

No. of Data Rows : 2

No. of Data Rows : 1
onoise_total_rs_thermal = 4.689159e-12
onoise_total.m.xm1.m0.id = 3.697042e-16
onoise_total.m.xm1.m0.1overf = 1.329221e-18
inoise_total.m.xm1.m0.id = 3.697042e-13
inoise_total.m.xm1.m0.1overf = 1.329221e-15
Note: Simulation executed from .control section 

======================================================================
=== sid_ss_125c_2.97v_xmp_p0667_pass1
======================================================================
.temp 125
vg g 0 dc -4.128630220000e-01
vb b 0 dc -4.936492500000e-03
vd dd 0 dc -2.056689110000e+00
rs dd d 1.00000000e-03
--- ngspice output ---

Note: No compatibility mode selected!


Circuit: * gf180-pll :: period-jitter :: s_id along the trajectory -- generated.

Doing analysis at TEMP = 125.000000 and TNOM = 27.000000

Using SPARSE 1.3 as Direct Linear Solver

No. of Data Rows : 1
@m.xm1.m0[vgs] = 4.128630e-01
@m.xm1.m0[vds] = 2.056689e+00
@m.xm1.m0[vbs] = 4.936490e-03
@m.xm1.m0[id] = 9.116621e-09
@m.xm1.m0[gm] = 1.735006e-07
@m.xm1.m0[gds] = 2.693354e-09
v(d) = -2.05669e+00
Doing analysis at TEMP = 125.000000 and TNOM = 27.000000

Using SPARSE 1.3 as Direct Linear Solver

No. of Data Rows : 1
zm0 = 1.000000e-03
Doing analysis at TEMP = 125.000000 and TNOM = 27.000000

Using SPARSE 1.3 as Direct Linear Solver

No. of Data Rows : 2

No. of Data Rows : 1
onoise_total_rs_thermal = 4.689159e-12
onoise_total.m.xm1.m0.id = 5.958922e-17
onoise_total.m.xm1.m0.1overf = 3.692380e-17
inoise_total.m.xm1.m0.id = 5.958922e-14
inoise_total.m.xm1.m0.1overf = 3.692380e-14
Doing analysis at TEMP = 125.000000 and TNOM = 27.000000

Using SPARSE 1.3 as Direct Linear Solver

No. of Data Rows : 1
zm1 = 1.000000e-03
Doing analysis at TEMP = 125.000000 and TNOM = 27.000000

Using SPARSE 1.3 as Direct Linear Solver

No. of Data Rows : 2

No. of Data Rows : 1
onoise_total_rs_thermal = 4.689159e-12
onoise_total.m.xm1.m0.id = 5.958922e-17
onoise_total.m.xm1.m0.1overf = 1.017222e-17
inoise_total.m.xm1.m0.id = 5.958922e-14
inoise_total.m.xm1.m0.1overf = 1.017222e-14
Doing analysis at TEMP = 125.000000 and TNOM = 27.000000

Using SPARSE 1.3 as Direct Linear Solver

No. of Data Rows : 1
zm2 = 1.000000e-03
Doing analysis at TEMP = 125.000000 and TNOM = 27.000000

Using SPARSE 1.3 as Direct Linear Solver

No. of Data Rows : 2

No. of Data Rows : 1
onoise_total_rs_thermal = 4.689159e-12
onoise_total.m.xm1.m0.id = 5.958922e-17
onoise_total.m.xm1.m0.1overf = 2.801733e-18
inoise_total.m.xm1.m0.id = 5.958922e-14
inoise_total.m.xm1.m0.1overf = 2.801733e-15
Doing analysis at TEMP = 125.000000 and TNOM = 27.000000

Using SPARSE 1.3 as Direct Linear Solver

No. of Data Rows : 1
zm3 = 1.000000e-03
Doing analysis at TEMP = 125.000000 and TNOM = 27.000000

Using SPARSE 1.3 as Direct Linear Solver

No. of Data Rows : 2

No. of Data Rows : 1
onoise_total_rs_thermal = 4.689159e-12
onoise_total.m.xm1.m0.id = 5.958922e-17
onoise_total.m.xm1.m0.1overf = 7.716632e-19
inoise_total.m.xm1.m0.id = 5.958922e-14
inoise_total.m.xm1.m0.1overf = 7.716632e-16
Doing analysis at TEMP = 125.000000 and TNOM = 27.000000

Using SPARSE 1.3 as Direct Linear Solver

No. of Data Rows : 1
zm4 = 1.000000e-03
Doing analysis at TEMP = 125.000000 and TNOM = 27.000000

Using SPARSE 1.3 as Direct Linear Solver

No. of Data Rows : 2

No. of Data Rows : 1
onoise_total_rs_thermal = 4.689159e-12
onoise_total.m.xm1.m0.id = 5.958922e-17
onoise_total.m.xm1.m0.1overf = 2.125338e-19
inoise_total.m.xm1.m0.id = 5.958922e-14
inoise_total.m.xm1.m0.1overf = 2.125338e-16
Doing analysis at TEMP = 125.000000 and TNOM = 27.000000

Using SPARSE 1.3 as Direct Linear Solver

No. of Data Rows : 1
zm5 = 1.000000e-03
Doing analysis at TEMP = 125.000000 and TNOM = 27.000000

Using SPARSE 1.3 as Direct Linear Solver

No. of Data Rows : 2

No. of Data Rows : 1
onoise_total_rs_thermal = 4.689159e-12
onoise_total.m.xm1.m0.id = 5.958922e-17
onoise_total.m.xm1.m0.1overf = 5.853666e-20
inoise_total.m.xm1.m0.id = 5.958922e-14
inoise_total.m.xm1.m0.1overf = 5.853666e-17
Doing analysis at TEMP = 125.000000 and TNOM = 27.000000

Using SPARSE 1.3 as Direct Linear Solver

No. of Data Rows : 1
zm6 = 1.000000e-03
Doing analysis at TEMP = 125.000000 and TNOM = 27.000000

Using SPARSE 1.3 as Direct Linear Solver

No. of Data Rows : 2

No. of Data Rows : 1
onoise_total_rs_thermal = 4.689159e-12
onoise_total.m.xm1.m0.id = 5.958922e-17
onoise_total.m.xm1.m0.1overf = 3.164026e-20
inoise_total.m.xm1.m0.id = 5.958922e-14
inoise_total.m.xm1.m0.1overf = 3.164026e-17
Note: Simulation executed from .control section 

======================================================================
=== sid_ss_125c_2.97v_xmp_p0667
======================================================================
.temp 125
vg g 0 dc -4.128630440000e-01
vb b 0 dc -4.936495000000e-03
vd dd 0 dc -2.056689220000e+00
rs dd d 1.00000000e-03
--- ngspice output ---

Note: No compatibility mode selected!


Circuit: * gf180-pll :: period-jitter :: s_id along the trajectory -- generated.

Doing analysis at TEMP = 125.000000 and TNOM = 27.000000

Using SPARSE 1.3 as Direct Linear Solver

No. of Data Rows : 1
@m.xm1.m0[vgs] = 4.128630e-01
@m.xm1.m0[vds] = 2.056689e+00
@m.xm1.m0[vbs] = 4.936493e-03
@m.xm1.m0[id] = 9.116625e-09
@m.xm1.m0[gm] = 1.735007e-07
@m.xm1.m0[gds] = 2.693355e-09
v(d) = -2.05669e+00
Doing analysis at TEMP = 125.000000 and TNOM = 27.000000

Using SPARSE 1.3 as Direct Linear Solver

No. of Data Rows : 1
zm0 = 1.000000e-03
Doing analysis at TEMP = 125.000000 and TNOM = 27.000000

Using SPARSE 1.3 as Direct Linear Solver

No. of Data Rows : 2

No. of Data Rows : 1
onoise_total_rs_thermal = 4.689159e-12
onoise_total.m.xm1.m0.id = 5.958923e-17
onoise_total.m.xm1.m0.1overf = 3.692382e-17
inoise_total.m.xm1.m0.id = 5.958923e-14
inoise_total.m.xm1.m0.1overf = 3.692382e-14
Doing analysis at TEMP = 125.000000 and TNOM = 27.000000

Using SPARSE 1.3 as Direct Linear Solver

No. of Data Rows : 1
zm1 = 1.000000e-03
Doing analysis at TEMP = 125.000000 and TNOM = 27.000000

Using SPARSE 1.3 as Direct Linear Solver

No. of Data Rows : 2

No. of Data Rows : 1
onoise_total_rs_thermal = 4.689159e-12
onoise_total.m.xm1.m0.id = 5.958923e-17
onoise_total.m.xm1.m0.1overf = 1.017223e-17
inoise_total.m.xm1.m0.id = 5.958923e-14
inoise_total.m.xm1.m0.1overf = 1.017223e-14
Doing analysis at TEMP = 125.000000 and TNOM = 27.000000

Using SPARSE 1.3 as Direct Linear Solver

No. of Data Rows : 1
zm2 = 1.000000e-03
Doing analysis at TEMP = 125.000000 and TNOM = 27.000000

Using SPARSE 1.3 as Direct Linear Solver

No. of Data Rows : 2

No. of Data Rows : 1
onoise_total_rs_thermal = 4.689159e-12
onoise_total.m.xm1.m0.id = 5.958923e-17
onoise_total.m.xm1.m0.1overf = 2.801734e-18
inoise_total.m.xm1.m0.id = 5.958923e-14
inoise_total.m.xm1.m0.1overf = 2.801734e-15
Doing analysis at TEMP = 125.000000 and TNOM = 27.000000

Using SPARSE 1.3 as Direct Linear Solver

No. of Data Rows : 1
zm3 = 1.000000e-03
Doing analysis at TEMP = 125.000000 and TNOM = 27.000000

Using SPARSE 1.3 as Direct Linear Solver

No. of Data Rows : 2

No. of Data Rows : 1
onoise_total_rs_thermal = 4.689159e-12
onoise_total.m.xm1.m0.id = 5.958923e-17
onoise_total.m.xm1.m0.1overf = 7.716636e-19
inoise_total.m.xm1.m0.id = 5.958923e-14
inoise_total.m.xm1.m0.1overf = 7.716636e-16
Doing analysis at TEMP = 125.000000 and TNOM = 27.000000

Using SPARSE 1.3 as Direct Linear Solver

No. of Data Rows : 1
zm4 = 1.000000e-03
Doing analysis at TEMP = 125.000000 and TNOM = 27.000000

Using SPARSE 1.3 as Direct Linear Solver

No. of Data Rows : 2

No. of Data Rows : 1
onoise_total_rs_thermal = 4.689159e-12
onoise_total.m.xm1.m0.id = 5.958923e-17
onoise_total.m.xm1.m0.1overf = 2.125339e-19
inoise_total.m.xm1.m0.id = 5.958923e-14
inoise_total.m.xm1.m0.1overf = 2.125339e-16
Doing analysis at TEMP = 125.000000 and TNOM = 27.000000

Using SPARSE 1.3 as Direct Linear Solver

No. of Data Rows : 1
zm5 = 1.000000e-03
Doing analysis at TEMP = 125.000000 and TNOM = 27.000000

Using SPARSE 1.3 as Direct Linear Solver

No. of Data Rows : 2

No. of Data Rows : 1
onoise_total_rs_thermal = 4.689159e-12
onoise_total.m.xm1.m0.id = 5.958923e-17
onoise_total.m.xm1.m0.1overf = 5.853669e-20
inoise_total.m.xm1.m0.id = 5.958923e-14
inoise_total.m.xm1.m0.1overf = 5.853669e-17
Doing analysis at TEMP = 125.000000 and TNOM = 27.000000

Using SPARSE 1.3 as Direct Linear Solver

No. of Data Rows : 1
zm6 = 1.000000e-03
Doing analysis at TEMP = 125.000000 and TNOM = 27.000000

Using SPARSE 1.3 as Direct Linear Solver

No. of Data Rows : 2

No. of Data Rows : 1
onoise_total_rs_thermal = 4.689159e-12
onoise_total.m.xm1.m0.id = 5.958923e-17
onoise_total.m.xm1.m0.1overf = 3.164027e-20
inoise_total.m.xm1.m0.id = 5.958923e-14
inoise_total.m.xm1.m0.1overf = 3.164027e-17
Note: Simulation executed from .control section 

======================================================================
=== sid_ss_125c_2.97v_xmp_p0708_pass1
======================================================================
.temp 125
vg g 0 dc -2.228137510000e-01
vb b 0 dc -2.759604620000e-03
vd dd 0 dc -2.493549150000e+00
rs dd d 1.00000000e-03
--- ngspice output ---

Note: No compatibility mode selected!


Circuit: * gf180-pll :: period-jitter :: s_id along the trajectory -- generated.

Doing analysis at TEMP = 125.000000 and TNOM = 27.000000

Using SPARSE 1.3 as Direct Linear Solver

No. of Data Rows : 1
@m.xm1.m0[vgs] = 2.228138e-01
@m.xm1.m0[vds] = 2.493549e+00
@m.xm1.m0[vbs] = 2.759605e-03
@m.xm1.m0[id] = 2.495551e-10
@m.xm1.m0[gm] = 4.946929e-09
@m.xm1.m0[gds] = 7.461923e-11
v(d) = -2.49355e+00
Doing analysis at TEMP = 125.000000 and TNOM = 27.000000

Using SPARSE 1.3 as Direct Linear Solver

No. of Data Rows : 1
zm0 = 1.000000e-03
Doing analysis at TEMP = 125.000000 and TNOM = 27.000000

Using SPARSE 1.3 as Direct Linear Solver

No. of Data Rows : 2

No. of Data Rows : 1
onoise_total_rs_thermal = 4.689159e-12
onoise_total.m.xm1.m0.id = 9.718492e-18
onoise_total.m.xm1.m0.1overf = 1.009503e-18
inoise_total.m.xm1.m0.id = 9.718492e-15
inoise_total.m.xm1.m0.1overf = 1.009503e-15
Doing analysis at TEMP = 125.000000 and TNOM = 27.000000

Using SPARSE 1.3 as Direct Linear Solver

No. of Data Rows : 1
zm1 = 1.000000e-03
Doing analysis at TEMP = 125.000000 and TNOM = 27.000000

Using SPARSE 1.3 as Direct Linear Solver

No. of Data Rows : 2

No. of Data Rows : 1
onoise_total_rs_thermal = 4.689159e-12
onoise_total.m.xm1.m0.id = 9.718492e-18
onoise_total.m.xm1.m0.1overf = 2.781102e-19
inoise_total.m.xm1.m0.id = 9.718492e-15
inoise_total.m.xm1.m0.1overf = 2.781102e-16
Doing analysis at TEMP = 125.000000 and TNOM = 27.000000

Using SPARSE 1.3 as Direct Linear Solver

No. of Data Rows : 1
zm2 = 1.000000e-03
Doing analysis at TEMP = 125.000000 and TNOM = 27.000000

Using SPARSE 1.3 as Direct Linear Solver

No. of Data Rows : 2

No. of Data Rows : 1
onoise_total_rs_thermal = 4.689159e-12
onoise_total.m.xm1.m0.id = 9.718492e-18
onoise_total.m.xm1.m0.1overf = 7.659963e-20
inoise_total.m.xm1.m0.id = 9.718492e-15
inoise_total.m.xm1.m0.1overf = 7.659963e-17
Doing analysis at TEMP = 125.000000 and TNOM = 27.000000

Using SPARSE 1.3 as Direct Linear Solver

No. of Data Rows : 1
zm3 = 1.000000e-03
Doing analysis at TEMP = 125.000000 and TNOM = 27.000000

Using SPARSE 1.3 as Direct Linear Solver

No. of Data Rows : 2

No. of Data Rows : 1
onoise_total_rs_thermal = 4.689159e-12
onoise_total.m.xm1.m0.id = 9.718492e-18
onoise_total.m.xm1.m0.1overf = 2.109740e-20
inoise_total.m.xm1.m0.id = 9.718492e-15
inoise_total.m.xm1.m0.1overf = 2.109740e-17
Doing analysis at TEMP = 125.000000 and TNOM = 27.000000

Using SPARSE 1.3 as Direct Linear Solver

No. of Data Rows : 1
zm4 = 1.000000e-03
Doing analysis at TEMP = 125.000000 and TNOM = 27.000000

Using SPARSE 1.3 as Direct Linear Solver

No. of Data Rows : 2

No. of Data Rows : 1
onoise_total_rs_thermal = 4.689159e-12
onoise_total.m.xm1.m0.id = 9.718492e-18
onoise_total.m.xm1.m0.1overf = 5.810708e-21
inoise_total.m.xm1.m0.id = 9.718492e-15
inoise_total.m.xm1.m0.1overf = 5.810708e-18
Doing analysis at TEMP = 125.000000 and TNOM = 27.000000

Using SPARSE 1.3 as Direct Linear Solver

No. of Data Rows : 1
zm5 = 1.000000e-03
Doing analysis at TEMP = 125.000000 and TNOM = 27.000000

Using SPARSE 1.3 as Direct Linear Solver

No. of Data Rows : 2

No. of Data Rows : 1
onoise_total_rs_thermal = 4.689159e-12
onoise_total.m.xm1.m0.id = 9.718492e-18
onoise_total.m.xm1.m0.1overf = 1.600402e-21
inoise_total.m.xm1.m0.id = 9.718492e-15
inoise_total.m.xm1.m0.1overf = 1.600402e-18
Doing analysis at TEMP = 125.000000 and TNOM = 27.000000

Using SPARSE 1.3 as Direct Linear Solver

No. of Data Rows : 1
zm6 = 1.000000e-03
Doing analysis at TEMP = 125.000000 and TNOM = 27.000000

Using SPARSE 1.3 as Direct Linear Solver

No. of Data Rows : 2

No. of Data Rows : 1
onoise_total_rs_thermal = 4.689159e-12
onoise_total.m.xm1.m0.id = 9.718492e-18
onoise_total.m.xm1.m0.1overf = 8.650499e-22
inoise_total.m.xm1.m0.id = 9.718492e-15
inoise_total.m.xm1.m0.1overf = 8.650499e-19
Note: Simulation executed from .control section 

======================================================================
=== sid_ss_125c_2.97v_xmp_p0708
======================================================================
.temp 125
vg g 0 dc -2.228137020000e-01
vb b 0 dc -2.759604240000e-03
vd dd 0 dc -2.493549300000e+00
rs dd d 1.00000000e-03
--- ngspice output ---

Note: No compatibility mode selected!


Circuit: * gf180-pll :: period-jitter :: s_id along the trajectory -- generated.

Doing analysis at TEMP = 125.000000 and TNOM = 27.000000

Using SPARSE 1.3 as Direct Linear Solver

No. of Data Rows : 1
@m.xm1.m0[vgs] = 2.228137e-01
@m.xm1.m0[vds] = 2.493549e+00
@m.xm1.m0[vbs] = 2.759604e-03
@m.xm1.m0[id] = 2.495549e-10
@m.xm1.m0[gm] = 4.946925e-09
@m.xm1.m0[gds] = 7.461917e-11
v(d) = -2.49355e+00
Doing analysis at TEMP = 125.000000 and TNOM = 27.000000

Using SPARSE 1.3 as Direct Linear Solver

No. of Data Rows : 1
zm0 = 1.000000e-03
Doing analysis at TEMP = 125.000000 and TNOM = 27.000000

Using SPARSE 1.3 as Direct Linear Solver

No. of Data Rows : 2

No. of Data Rows : 1
onoise_total_rs_thermal = 4.689159e-12
onoise_total.m.xm1.m0.id = 9.718487e-18
onoise_total.m.xm1.m0.1overf = 1.009502e-18
inoise_total.m.xm1.m0.id = 9.718487e-15
inoise_total.m.xm1.m0.1overf = 1.009502e-15
Doing analysis at TEMP = 125.000000 and TNOM = 27.000000

Using SPARSE 1.3 as Direct Linear Solver

No. of Data Rows : 1
zm1 = 1.000000e-03
Doing analysis at TEMP = 125.000000 and TNOM = 27.000000

Using SPARSE 1.3 as Direct Linear Solver

No. of Data Rows : 2

No. of Data Rows : 1
onoise_total_rs_thermal = 4.689159e-12
onoise_total.m.xm1.m0.id = 9.718487e-18
onoise_total.m.xm1.m0.1overf = 2.781099e-19
inoise_total.m.xm1.m0.id = 9.718487e-15
inoise_total.m.xm1.m0.1overf = 2.781099e-16
Doing analysis at TEMP = 125.000000 and TNOM = 27.000000

Using SPARSE 1.3 as Direct Linear Solver

No. of Data Rows : 1
zm2 = 1.000000e-03
Doing analysis at TEMP = 125.000000 and TNOM = 27.000000

Using SPARSE 1.3 as Direct Linear Solver

No. of Data Rows : 2

No. of Data Rows : 1
onoise_total_rs_thermal = 4.689159e-12
onoise_total.m.xm1.m0.id = 9.718487e-18
onoise_total.m.xm1.m0.1overf = 7.659956e-20
inoise_total.m.xm1.m0.id = 9.718487e-15
inoise_total.m.xm1.m0.1overf = 7.659956e-17
Doing analysis at TEMP = 125.000000 and TNOM = 27.000000

Using SPARSE 1.3 as Direct Linear Solver

No. of Data Rows : 1
zm3 = 1.000000e-03
Doing analysis at TEMP = 125.000000 and TNOM = 27.000000

Using SPARSE 1.3 as Direct Linear Solver

No. of Data Rows : 2

No. of Data Rows : 1
onoise_total_rs_thermal = 4.689159e-12
onoise_total.m.xm1.m0.id = 9.718487e-18
onoise_total.m.xm1.m0.1overf = 2.109738e-20
inoise_total.m.xm1.m0.id = 9.718487e-15
inoise_total.m.xm1.m0.1overf = 2.109738e-17
Doing analysis at TEMP = 125.000000 and TNOM = 27.000000

Using SPARSE 1.3 as Direct Linear Solver

No. of Data Rows : 1
zm4 = 1.000000e-03
Doing analysis at TEMP = 125.000000 and TNOM = 27.000000

Using SPARSE 1.3 as Direct Linear Solver

No. of Data Rows : 2

No. of Data Rows : 1
onoise_total_rs_thermal = 4.689159e-12
onoise_total.m.xm1.m0.id = 9.718487e-18
onoise_total.m.xm1.m0.1overf = 5.810703e-21
inoise_total.m.xm1.m0.id = 9.718487e-15
inoise_total.m.xm1.m0.1overf = 5.810703e-18
Doing analysis at TEMP = 125.000000 and TNOM = 27.000000

Using SPARSE 1.3 as Direct Linear Solver

No. of Data Rows : 1
zm5 = 1.000000e-03
Doing analysis at TEMP = 125.000000 and TNOM = 27.000000

Using SPARSE 1.3 as Direct Linear Solver

No. of Data Rows : 2

No. of Data Rows : 1
onoise_total_rs_thermal = 4.689159e-12
onoise_total.m.xm1.m0.id = 9.718487e-18
onoise_total.m.xm1.m0.1overf = 1.600401e-21
inoise_total.m.xm1.m0.id = 9.718487e-15
inoise_total.m.xm1.m0.1overf = 1.600401e-18
Doing analysis at TEMP = 125.000000 and TNOM = 27.000000

Using SPARSE 1.3 as Direct Linear Solver

No. of Data Rows : 1
zm6 = 1.000000e-03
Doing analysis at TEMP = 125.000000 and TNOM = 27.000000

Using SPARSE 1.3 as Direct Linear Solver

No. of Data Rows : 2

No. of Data Rows : 1
onoise_total_rs_thermal = 4.689159e-12
onoise_total.m.xm1.m0.id = 9.718487e-18
onoise_total.m.xm1.m0.1overf = 8.650491e-22
inoise_total.m.xm1.m0.id = 9.718487e-15
inoise_total.m.xm1.m0.1overf = 8.650491e-19
Note: Simulation executed from .control section 

======================================================================
=== sid_ss_125c_2.97v_xmp_p0750_pass1
======================================================================
.temp 125
vg g 0 dc -1.085534300000e-01
vb b 0 dc -2.928383580000e-03
vd dd 0 dc -2.787746440000e+00
rs dd d 1.00000000e-03
--- ngspice output ---

Note: No compatibility mode selected!


Circuit: * gf180-pll :: period-jitter :: s_id along the trajectory -- generated.

Doing analysis at TEMP = 125.000000 and TNOM = 27.000000

Using SPARSE 1.3 as Direct Linear Solver

No. of Data Rows : 1
@m.xm1.m0[vgs] = 1.085534e-01
@m.xm1.m0[vds] = 2.787746e+00
@m.xm1.m0[vbs] = 2.928384e-03
@m.xm1.m0[id] = 2.812744e-11
@m.xm1.m0[gm] = 5.605843e-10
@m.xm1.m0[gds] = 8.392402e-12
v(d) = -2.78775e+00
Doing analysis at TEMP = 125.000000 and TNOM = 27.000000

Using SPARSE 1.3 as Direct Linear Solver

No. of Data Rows : 1
zm0 = 1.000000e-03
Doing analysis at TEMP = 125.000000 and TNOM = 27.000000

Using SPARSE 1.3 as Direct Linear Solver

No. of Data Rows : 2

No. of Data Rows : 1
onoise_total_rs_thermal = 4.689159e-12
onoise_total.m.xm1.m0.id = 3.227913e-18
onoise_total.m.xm1.m0.1overf = 1.135553e-19
inoise_total.m.xm1.m0.id = 3.227913e-15
inoise_total.m.xm1.m0.1overf = 1.135553e-16
Doing analysis at TEMP = 125.000000 and TNOM = 27.000000

Using SPARSE 1.3 as Direct Linear Solver

No. of Data Rows : 1
zm1 = 1.000000e-03
Doing analysis at TEMP = 125.000000 and TNOM = 27.000000

Using SPARSE 1.3 as Direct Linear Solver

No. of Data Rows : 2

No. of Data Rows : 1
onoise_total_rs_thermal = 4.689159e-12
onoise_total.m.xm1.m0.id = 3.227913e-18
onoise_total.m.xm1.m0.1overf = 3.128274e-20
inoise_total.m.xm1.m0.id = 3.227913e-15
inoise_total.m.xm1.m0.1overf = 3.128274e-17
Doing analysis at TEMP = 125.000000 and TNOM = 27.000000

Using SPARSE 1.3 as Direct Linear Solver

No. of Data Rows : 1
zm2 = 1.000000e-03
Doing analysis at TEMP = 125.000000 and TNOM = 27.000000

Using SPARSE 1.3 as Direct Linear Solver

No. of Data Rows : 2

No. of Data Rows : 1
onoise_total_rs_thermal = 4.689159e-12
onoise_total.m.xm1.m0.id = 3.227913e-18
onoise_total.m.xm1.m0.1overf = 8.616416e-21
inoise_total.m.xm1.m0.id = 3.227913e-15
inoise_total.m.xm1.m0.1overf = 8.616416e-18
Doing analysis at TEMP = 125.000000 and TNOM = 27.000000

Using SPARSE 1.3 as Direct Linear Solver

No. of Data Rows : 1
zm3 = 1.000000e-03
Doing analysis at TEMP = 125.000000 and TNOM = 27.000000

Using SPARSE 1.3 as Direct Linear Solver

No. of Data Rows : 2

No. of Data Rows : 1
onoise_total_rs_thermal = 4.689159e-12
onoise_total.m.xm1.m0.id = 3.227913e-18
onoise_total.m.xm1.m0.1overf = 2.373170e-21
inoise_total.m.xm1.m0.id = 3.227913e-15
inoise_total.m.xm1.m0.1overf = 2.373170e-18
Doing analysis at TEMP = 125.000000 and TNOM = 27.000000

Using SPARSE 1.3 as Direct Linear Solver

No. of Data Rows : 1
zm4 = 1.000000e-03
Doing analysis at TEMP = 125.000000 and TNOM = 27.000000

Using SPARSE 1.3 as Direct Linear Solver

No. of Data Rows : 2

No. of Data Rows : 1
onoise_total_rs_thermal = 4.689159e-12
onoise_total.m.xm1.m0.id = 3.227913e-18
onoise_total.m.xm1.m0.1overf = 6.536256e-22
inoise_total.m.xm1.m0.id = 3.227913e-15
inoise_total.m.xm1.m0.1overf = 6.536256e-19
Doing analysis at TEMP = 125.000000 and TNOM = 27.000000

Using SPARSE 1.3 as Direct Linear Solver

No. of Data Rows : 1
zm5 = 1.000000e-03
Doing analysis at TEMP = 125.000000 and TNOM = 27.000000

Using SPARSE 1.3 as Direct Linear Solver

No. of Data Rows : 2

No. of Data Rows : 1
onoise_total_rs_thermal = 4.689159e-12
onoise_total.m.xm1.m0.id = 3.227913e-18
onoise_total.m.xm1.m0.1overf = 1.800235e-22
inoise_total.m.xm1.m0.id = 3.227913e-15
inoise_total.m.xm1.m0.1overf = 1.800235e-19
Doing analysis at TEMP = 125.000000 and TNOM = 27.000000

Using SPARSE 1.3 as Direct Linear Solver

No. of Data Rows : 1
zm6 = 1.000000e-03
Doing analysis at TEMP = 125.000000 and TNOM = 27.000000

Using SPARSE 1.3 as Direct Linear Solver

No. of Data Rows : 2

No. of Data Rows : 1
onoise_total_rs_thermal = 4.689159e-12
onoise_total.m.xm1.m0.id = 3.227913e-18
onoise_total.m.xm1.m0.1overf = 9.730635e-23
inoise_total.m.xm1.m0.id = 3.227913e-15
inoise_total.m.xm1.m0.1overf = 9.730635e-20
Note: Simulation executed from .control section 

======================================================================
=== sid_ss_125c_2.97v_xmp_p0750
======================================================================
.temp 125
vg g 0 dc -1.085534600000e-01
vb b 0 dc -2.928383160000e-03
vd dd 0 dc -2.787746880000e+00
rs dd d 1.00000000e-03
--- ngspice output ---

Note: No compatibility mode selected!


Circuit: * gf180-pll :: period-jitter :: s_id along the trajectory -- generated.

Doing analysis at TEMP = 125.000000 and TNOM = 27.000000

Using SPARSE 1.3 as Direct Linear Solver

No. of Data Rows : 1
@m.xm1.m0[vgs] = 1.085535e-01
@m.xm1.m0[vds] = 2.787747e+00
@m.xm1.m0[vbs] = 2.928383e-03
@m.xm1.m0[id] = 2.812746e-11
@m.xm1.m0[gm] = 5.605847e-10
@m.xm1.m0[gds] = 8.392408e-12
v(d) = -2.78775e+00
Doing analysis at TEMP = 125.000000 and TNOM = 27.000000

Using SPARSE 1.3 as Direct Linear Solver

No. of Data Rows : 1
zm0 = 1.000000e-03
Doing analysis at TEMP = 125.000000 and TNOM = 27.000000

Using SPARSE 1.3 as Direct Linear Solver

No. of Data Rows : 2

No. of Data Rows : 1
onoise_total_rs_thermal = 4.689159e-12
onoise_total.m.xm1.m0.id = 3.227914e-18
onoise_total.m.xm1.m0.1overf = 1.135554e-19
inoise_total.m.xm1.m0.id = 3.227914e-15
inoise_total.m.xm1.m0.1overf = 1.135554e-16
Doing analysis at TEMP = 125.000000 and TNOM = 27.000000

Using SPARSE 1.3 as Direct Linear Solver

No. of Data Rows : 1
zm1 = 1.000000e-03
Doing analysis at TEMP = 125.000000 and TNOM = 27.000000

Using SPARSE 1.3 as Direct Linear Solver

No. of Data Rows : 2

No. of Data Rows : 1
onoise_total_rs_thermal = 4.689159e-12
onoise_total.m.xm1.m0.id = 3.227914e-18
onoise_total.m.xm1.m0.1overf = 3.128276e-20
inoise_total.m.xm1.m0.id = 3.227914e-15
inoise_total.m.xm1.m0.1overf = 3.128276e-17
Doing analysis at TEMP = 125.000000 and TNOM = 27.000000

Using SPARSE 1.3 as Direct Linear Solver

No. of Data Rows : 1
zm2 = 1.000000e-03
Doing analysis at TEMP = 125.000000 and TNOM = 27.000000

Using SPARSE 1.3 as Direct Linear Solver

No. of Data Rows : 2

No. of Data Rows : 1
onoise_total_rs_thermal = 4.689159e-12
onoise_total.m.xm1.m0.id = 3.227914e-18
onoise_total.m.xm1.m0.1overf = 8.616422e-21
inoise_total.m.xm1.m0.id = 3.227914e-15
inoise_total.m.xm1.m0.1overf = 8.616422e-18
Doing analysis at TEMP = 125.000000 and TNOM = 27.000000

Using SPARSE 1.3 as Direct Linear Solver

No. of Data Rows : 1
zm3 = 1.000000e-03
Doing analysis at TEMP = 125.000000 and TNOM = 27.000000

Using SPARSE 1.3 as Direct Linear Solver

No. of Data Rows : 2

No. of Data Rows : 1
onoise_total_rs_thermal = 4.689159e-12
onoise_total.m.xm1.m0.id = 3.227914e-18
onoise_total.m.xm1.m0.1overf = 2.373172e-21
inoise_total.m.xm1.m0.id = 3.227914e-15
inoise_total.m.xm1.m0.1overf = 2.373172e-18
Doing analysis at TEMP = 125.000000 and TNOM = 27.000000

Using SPARSE 1.3 as Direct Linear Solver

No. of Data Rows : 1
zm4 = 1.000000e-03
Doing analysis at TEMP = 125.000000 and TNOM = 27.000000

Using SPARSE 1.3 as Direct Linear Solver

No. of Data Rows : 2

No. of Data Rows : 1
onoise_total_rs_thermal = 4.689159e-12
onoise_total.m.xm1.m0.id = 3.227914e-18
onoise_total.m.xm1.m0.1overf = 6.536261e-22
inoise_total.m.xm1.m0.id = 3.227914e-15
inoise_total.m.xm1.m0.1overf = 6.536261e-19
Doing analysis at TEMP = 125.000000 and TNOM = 27.000000

Using SPARSE 1.3 as Direct Linear Solver

No. of Data Rows : 1
zm5 = 1.000000e-03
Doing analysis at TEMP = 125.000000 and TNOM = 27.000000

Using SPARSE 1.3 as Direct Linear Solver

No. of Data Rows : 2

No. of Data Rows : 1
onoise_total_rs_thermal = 4.689159e-12
onoise_total.m.xm1.m0.id = 3.227914e-18
onoise_total.m.xm1.m0.1overf = 1.800236e-22
inoise_total.m.xm1.m0.id = 3.227914e-15
inoise_total.m.xm1.m0.1overf = 1.800236e-19
Doing analysis at TEMP = 125.000000 and TNOM = 27.000000

Using SPARSE 1.3 as Direct Linear Solver

No. of Data Rows : 1
zm6 = 1.000000e-03
Doing analysis at TEMP = 125.000000 and TNOM = 27.000000

Using SPARSE 1.3 as Direct Linear Solver

No. of Data Rows : 2

No. of Data Rows : 1
onoise_total_rs_thermal = 4.689159e-12
onoise_total.m.xm1.m0.id = 3.227914e-18
onoise_total.m.xm1.m0.1overf = 9.730642e-23
inoise_total.m.xm1.m0.id = 3.227914e-15
inoise_total.m.xm1.m0.1overf = 9.730642e-20
Note: Simulation executed from .control section 

======================================================================
=== sid_ss_125c_2.97v_xmp_p0792_pass1
======================================================================
.temp 125
vg g 0 dc -4.276669800000e-02
vb b 0 dc -1.862386790000e-03
vd dd 0 dc -2.891690810000e+00
rs dd d 1.00000000e-03
--- ngspice output ---

Note: No compatibility mode selected!


Circuit: * gf180-pll :: period-jitter :: s_id along the trajectory -- generated.

Doing analysis at TEMP = 125.000000 and TNOM = 27.000000

Using SPARSE 1.3 as Direct Linear Solver

No. of Data Rows : 1
@m.xm1.m0[vgs] = 4.276670e-02
@m.xm1.m0[vds] = 2.891691e+00
@m.xm1.m0[vbs] = 1.862387e-03
@m.xm1.m0[id] = 7.739257e-12
@m.xm1.m0[gm] = 1.544686e-10
@m.xm1.m0[gds] = 2.312700e-12
v(d) = -2.89169e+00
Doing analysis at TEMP = 125.000000 and TNOM = 27.000000

Using SPARSE 1.3 as Direct Linear Solver

No. of Data Rows : 1
zm0 = 1.000000e-03
Doing analysis at TEMP = 125.000000 and TNOM = 27.000000

Using SPARSE 1.3 as Direct Linear Solver

No. of Data Rows : 2

No. of Data Rows : 1
onoise_total_rs_thermal = 4.689159e-12
onoise_total.m.xm1.m0.id = 1.686745e-18
onoise_total.m.xm1.m0.1overf = 3.121969e-20
inoise_total.m.xm1.m0.id = 1.686745e-15
inoise_total.m.xm1.m0.1overf = 3.121969e-17
Doing analysis at TEMP = 125.000000 and TNOM = 27.000000

Using SPARSE 1.3 as Direct Linear Solver

No. of Data Rows : 1
zm1 = 1.000000e-03
Doing analysis at TEMP = 125.000000 and TNOM = 27.000000

Using SPARSE 1.3 as Direct Linear Solver

No. of Data Rows : 2

No. of Data Rows : 1
onoise_total_rs_thermal = 4.689159e-12
onoise_total.m.xm1.m0.id = 1.686745e-18
onoise_total.m.xm1.m0.1overf = 8.602948e-21
inoise_total.m.xm1.m0.id = 1.686745e-15
inoise_total.m.xm1.m0.1overf = 8.602948e-18
Doing analysis at TEMP = 125.000000 and TNOM = 27.000000

Using SPARSE 1.3 as Direct Linear Solver

No. of Data Rows : 1
zm2 = 1.000000e-03
Doing analysis at TEMP = 125.000000 and TNOM = 27.000000

Using SPARSE 1.3 as Direct Linear Solver

No. of Data Rows : 2

No. of Data Rows : 1
onoise_total_rs_thermal = 4.689159e-12
onoise_total.m.xm1.m0.id = 1.686745e-18
onoise_total.m.xm1.m0.1overf = 2.369568e-21
inoise_total.m.xm1.m0.id = 1.686745e-15
inoise_total.m.xm1.m0.1overf = 2.369568e-18
Doing analysis at TEMP = 125.000000 and TNOM = 27.000000

Using SPARSE 1.3 as Direct Linear Solver

No. of Data Rows : 1
zm3 = 1.000000e-03
Doing analysis at TEMP = 125.000000 and TNOM = 27.000000

Using SPARSE 1.3 as Direct Linear Solver

No. of Data Rows : 2

No. of Data Rows : 1
onoise_total_rs_thermal = 4.689159e-12
onoise_total.m.xm1.m0.id = 1.686745e-18
onoise_total.m.xm1.m0.1overf = 6.526365e-22
inoise_total.m.xm1.m0.id = 1.686745e-15
inoise_total.m.xm1.m0.1overf = 6.526365e-19
Doing analysis at TEMP = 125.000000 and TNOM = 27.000000

Using SPARSE 1.3 as Direct Linear Solver

No. of Data Rows : 1
zm4 = 1.000000e-03
Doing analysis at TEMP = 125.000000 and TNOM = 27.000000

Using SPARSE 1.3 as Direct Linear Solver

No. of Data Rows : 2

No. of Data Rows : 1
onoise_total_rs_thermal = 4.689159e-12
onoise_total.m.xm1.m0.id = 1.686745e-18
onoise_total.m.xm1.m0.1overf = 1.797511e-22
inoise_total.m.xm1.m0.id = 1.686745e-15
inoise_total.m.xm1.m0.1overf = 1.797511e-19
Doing analysis at TEMP = 125.000000 and TNOM = 27.000000

Using SPARSE 1.3 as Direct Linear Solver

No. of Data Rows : 1
zm5 = 1.000000e-03
Doing analysis at TEMP = 125.000000 and TNOM = 27.000000

Using SPARSE 1.3 as Direct Linear Solver

No. of Data Rows : 2

No. of Data Rows : 1
onoise_total_rs_thermal = 4.689159e-12
onoise_total.m.xm1.m0.id = 1.686745e-18
onoise_total.m.xm1.m0.1overf = 4.950757e-23
inoise_total.m.xm1.m0.id = 1.686745e-15
inoise_total.m.xm1.m0.1overf = 4.950757e-20
Doing analysis at TEMP = 125.000000 and TNOM = 27.000000

Using SPARSE 1.3 as Direct Linear Solver

No. of Data Rows : 1
zm6 = 1.000000e-03
Doing analysis at TEMP = 125.000000 and TNOM = 27.000000

Using SPARSE 1.3 as Direct Linear Solver

No. of Data Rows : 2

No. of Data Rows : 1
onoise_total_rs_thermal = 4.689159e-12
onoise_total.m.xm1.m0.id = 1.686745e-18
onoise_total.m.xm1.m0.1overf = 2.675985e-23
inoise_total.m.xm1.m0.id = 1.686745e-15
inoise_total.m.xm1.m0.1overf = 2.675985e-20
Note: Simulation executed from .control section 

======================================================================
=== sid_ss_125c_2.97v_xmp_p0792
======================================================================
.temp 125
vg g 0 dc -4.276669600000e-02
vb b 0 dc -1.862386580000e-03
vd dd 0 dc -2.891690620000e+00
rs dd d 1.00000000e-03
--- ngspice output ---

Note: No compatibility mode selected!


Circuit: * gf180-pll :: period-jitter :: s_id along the trajectory -- generated.

Doing analysis at TEMP = 125.000000 and TNOM = 27.000000

Using SPARSE 1.3 as Direct Linear Solver

No. of Data Rows : 1
@m.xm1.m0[vgs] = 4.276670e-02
@m.xm1.m0[vds] = 2.891691e+00
@m.xm1.m0[vbs] = 1.862387e-03
@m.xm1.m0[id] = 7.739256e-12
@m.xm1.m0[gm] = 1.544686e-10
@m.xm1.m0[gds] = 2.312699e-12
v(d) = -2.89169e+00
Doing analysis at TEMP = 125.000000 and TNOM = 27.000000

Using SPARSE 1.3 as Direct Linear Solver

No. of Data Rows : 1
zm0 = 1.000000e-03
Doing analysis at TEMP = 125.000000 and TNOM = 27.000000

Using SPARSE 1.3 as Direct Linear Solver

No. of Data Rows : 2

No. of Data Rows : 1
onoise_total_rs_thermal = 4.689159e-12
onoise_total.m.xm1.m0.id = 1.686745e-18
onoise_total.m.xm1.m0.1overf = 3.121968e-20
inoise_total.m.xm1.m0.id = 1.686745e-15
inoise_total.m.xm1.m0.1overf = 3.121968e-17
Doing analysis at TEMP = 125.000000 and TNOM = 27.000000

Using SPARSE 1.3 as Direct Linear Solver

No. of Data Rows : 1
zm1 = 1.000000e-03
Doing analysis at TEMP = 125.000000 and TNOM = 27.000000

Using SPARSE 1.3 as Direct Linear Solver

No. of Data Rows : 2

No. of Data Rows : 1
onoise_total_rs_thermal = 4.689159e-12
onoise_total.m.xm1.m0.id = 1.686745e-18
onoise_total.m.xm1.m0.1overf = 8.602948e-21
inoise_total.m.xm1.m0.id = 1.686745e-15
inoise_total.m.xm1.m0.1overf = 8.602948e-18
Doing analysis at TEMP = 125.000000 and TNOM = 27.000000

Using SPARSE 1.3 as Direct Linear Solver

No. of Data Rows : 1
zm2 = 1.000000e-03
Doing analysis at TEMP = 125.000000 and TNOM = 27.000000

Using SPARSE 1.3 as Direct Linear Solver

No. of Data Rows : 2

No. of Data Rows : 1
onoise_total_rs_thermal = 4.689159e-12
onoise_total.m.xm1.m0.id = 1.686745e-18
onoise_total.m.xm1.m0.1overf = 2.369568e-21
inoise_total.m.xm1.m0.id = 1.686745e-15
inoise_total.m.xm1.m0.1overf = 2.369568e-18
Doing analysis at TEMP = 125.000000 and TNOM = 27.000000

Using SPARSE 1.3 as Direct Linear Solver

No. of Data Rows : 1
zm3 = 1.000000e-03
Doing analysis at TEMP = 125.000000 and TNOM = 27.000000

Using SPARSE 1.3 as Direct Linear Solver

No. of Data Rows : 2

No. of Data Rows : 1
onoise_total_rs_thermal = 4.689159e-12
onoise_total.m.xm1.m0.id = 1.686745e-18
onoise_total.m.xm1.m0.1overf = 6.526365e-22
inoise_total.m.xm1.m0.id = 1.686745e-15
inoise_total.m.xm1.m0.1overf = 6.526365e-19
Doing analysis at TEMP = 125.000000 and TNOM = 27.000000

Using SPARSE 1.3 as Direct Linear Solver

No. of Data Rows : 1
zm4 = 1.000000e-03
Doing analysis at TEMP = 125.000000 and TNOM = 27.000000

Using SPARSE 1.3 as Direct Linear Solver

No. of Data Rows : 2

No. of Data Rows : 1
onoise_total_rs_thermal = 4.689159e-12
onoise_total.m.xm1.m0.id = 1.686745e-18
onoise_total.m.xm1.m0.1overf = 1.797511e-22
inoise_total.m.xm1.m0.id = 1.686745e-15
inoise_total.m.xm1.m0.1overf = 1.797511e-19
Doing analysis at TEMP = 125.000000 and TNOM = 27.000000

Using SPARSE 1.3 as Direct Linear Solver

No. of Data Rows : 1
zm5 = 1.000000e-03
Doing analysis at TEMP = 125.000000 and TNOM = 27.000000

Using SPARSE 1.3 as Direct Linear Solver

No. of Data Rows : 2

No. of Data Rows : 1
onoise_total_rs_thermal = 4.689159e-12
onoise_total.m.xm1.m0.id = 1.686745e-18
onoise_total.m.xm1.m0.1overf = 4.950757e-23
inoise_total.m.xm1.m0.id = 1.686745e-15
inoise_total.m.xm1.m0.1overf = 4.950757e-20
Doing analysis at TEMP = 125.000000 and TNOM = 27.000000

Using SPARSE 1.3 as Direct Linear Solver

No. of Data Rows : 1
zm6 = 1.000000e-03
Doing analysis at TEMP = 125.000000 and TNOM = 27.000000

Using SPARSE 1.3 as Direct Linear Solver

No. of Data Rows : 2

No. of Data Rows : 1
onoise_total_rs_thermal = 4.689159e-12
onoise_total.m.xm1.m0.id = 1.686745e-18
onoise_total.m.xm1.m0.1overf = 2.675985e-23
inoise_total.m.xm1.m0.id = 1.686745e-15
inoise_total.m.xm1.m0.1overf = 2.675985e-20
Note: Simulation executed from .control section 

======================================================================
=== sid_ss_125c_2.97v_xmp_p0833_pass1
======================================================================
.temp 125
vg g 0 dc 2.279369390000e-02
vb b 0 dc -1.623389650000e-04
vd dd 0 dc -2.915910370000e+00
rs dd d 1.00000000e-03
--- ngspice output ---

Note: No compatibility mode selected!


Circuit: * gf180-pll :: period-jitter :: s_id along the trajectory -- generated.

Doing analysis at TEMP = 125.000000 and TNOM = 27.000000

Using SPARSE 1.3 as Direct Linear Solver

No. of Data Rows : 1
@m.xm1.m0[vgs] = -2.27937e-02
@m.xm1.m0[vds] = 2.915910e+00
@m.xm1.m0[vbs] = 1.623390e-04
@m.xm1.m0[id] = 2.073320e-12
@m.xm1.m0[gm] = 4.142119e-11
@m.xm1.m0[gds] = 6.206029e-13
v(d) = -2.91591e+00
Doing analysis at TEMP = 125.000000 and TNOM = 27.000000

Using SPARSE 1.3 as Direct Linear Solver

No. of Data Rows : 1
zm0 = 1.000000e-03
Doing analysis at TEMP = 125.000000 and TNOM = 27.000000

Using SPARSE 1.3 as Direct Linear Solver

No. of Data Rows : 2

No. of Data Rows : 1
onoise_total_rs_thermal = 4.689159e-12
onoise_total.m.xm1.m0.id = 8.722066e-19
onoise_total.m.xm1.m0.1overf = 8.364691e-21
inoise_total.m.xm1.m0.id = 8.722066e-16
inoise_total.m.xm1.m0.1overf = 8.364691e-18
Doing analysis at TEMP = 125.000000 and TNOM = 27.000000

Using SPARSE 1.3 as Direct Linear Solver

No. of Data Rows : 1
zm1 = 1.000000e-03
Doing analysis at TEMP = 125.000000 and TNOM = 27.000000

Using SPARSE 1.3 as Direct Linear Solver

No. of Data Rows : 2

No. of Data Rows : 1
onoise_total_rs_thermal = 4.689159e-12
onoise_total.m.xm1.m0.id = 8.722066e-19
onoise_total.m.xm1.m0.1overf = 2.304988e-21
inoise_total.m.xm1.m0.id = 8.722066e-16
inoise_total.m.xm1.m0.1overf = 2.304988e-18
Doing analysis at TEMP = 125.000000 and TNOM = 27.000000

Using SPARSE 1.3 as Direct Linear Solver

No. of Data Rows : 1
zm2 = 1.000000e-03
Doing analysis at TEMP = 125.000000 and TNOM = 27.000000

Using SPARSE 1.3 as Direct Linear Solver

No. of Data Rows : 2

No. of Data Rows : 1
onoise_total_rs_thermal = 4.689159e-12
onoise_total.m.xm1.m0.id = 8.722066e-19
onoise_total.m.xm1.m0.1overf = 6.348784e-22
inoise_total.m.xm1.m0.id = 8.722066e-16
inoise_total.m.xm1.m0.1overf = 6.348784e-19
Doing analysis at TEMP = 125.000000 and TNOM = 27.000000

Using SPARSE 1.3 as Direct Linear Solver

No. of Data Rows : 1
zm3 = 1.000000e-03
Doing analysis at TEMP = 125.000000 and TNOM = 27.000000

Using SPARSE 1.3 as Direct Linear Solver

No. of Data Rows : 2

No. of Data Rows : 1
onoise_total_rs_thermal = 4.689159e-12
onoise_total.m.xm1.m0.id = 8.722066e-19
onoise_total.m.xm1.m0.1overf = 1.748609e-22
inoise_total.m.xm1.m0.id = 8.722066e-16
inoise_total.m.xm1.m0.1overf = 1.748609e-19
Doing analysis at TEMP = 125.000000 and TNOM = 27.000000

Using SPARSE 1.3 as Direct Linear Solver

No. of Data Rows : 1
zm4 = 1.000000e-03
Doing analysis at TEMP = 125.000000 and TNOM = 27.000000

Using SPARSE 1.3 as Direct Linear Solver

No. of Data Rows : 2

No. of Data Rows : 1
onoise_total_rs_thermal = 4.689159e-12
onoise_total.m.xm1.m0.id = 8.722066e-19
onoise_total.m.xm1.m0.1overf = 4.816072e-23
inoise_total.m.xm1.m0.id = 8.722066e-16
inoise_total.m.xm1.m0.1overf = 4.816072e-20
Doing analysis at TEMP = 125.000000 and TNOM = 27.000000

Using SPARSE 1.3 as Direct Linear Solver

No. of Data Rows : 1
zm5 = 1.000000e-03
Doing analysis at TEMP = 125.000000 and TNOM = 27.000000

Using SPARSE 1.3 as Direct Linear Solver

No. of Data Rows : 2

No. of Data Rows : 1
onoise_total_rs_thermal = 4.689159e-12
onoise_total.m.xm1.m0.id = 8.722066e-19
onoise_total.m.xm1.m0.1overf = 1.326456e-23
inoise_total.m.xm1.m0.id = 8.722066e-16
inoise_total.m.xm1.m0.1overf = 1.326456e-20
Doing analysis at TEMP = 125.000000 and TNOM = 27.000000

Using SPARSE 1.3 as Direct Linear Solver

No. of Data Rows : 1
zm6 = 1.000000e-03
Doing analysis at TEMP = 125.000000 and TNOM = 27.000000

Using SPARSE 1.3 as Direct Linear Solver

No. of Data Rows : 2

No. of Data Rows : 1
onoise_total_rs_thermal = 4.689159e-12
onoise_total.m.xm1.m0.id = 8.722066e-19
onoise_total.m.xm1.m0.1overf = 7.169767e-24
inoise_total.m.xm1.m0.id = 8.722066e-16
inoise_total.m.xm1.m0.1overf = 7.169767e-21
Note: Simulation executed from .control section 

======================================================================
=== sid_ss_125c_2.97v_xmp_p0833
======================================================================
.temp 125
vg g 0 dc 2.279368780000e-02
vb b 0 dc -1.623389300000e-04
vd dd 0 dc -2.915910740000e+00
rs dd d 1.00000000e-03
--- ngspice output ---

Note: No compatibility mode selected!


Circuit: * gf180-pll :: period-jitter :: s_id along the trajectory -- generated.

Doing analysis at TEMP = 125.000000 and TNOM = 27.000000

Using SPARSE 1.3 as Direct Linear Solver

No. of Data Rows : 1
@m.xm1.m0[vgs] = -2.27937e-02
@m.xm1.m0[vds] = 2.915911e+00
@m.xm1.m0[vbs] = 1.623389e-04
@m.xm1.m0[id] = 2.073320e-12
@m.xm1.m0[gm] = 4.142120e-11
@m.xm1.m0[gds] = 6.206030e-13
v(d) = -2.91591e+00
Doing analysis at TEMP = 125.000000 and TNOM = 27.000000

Using SPARSE 1.3 as Direct Linear Solver

No. of Data Rows : 1
zm0 = 1.000000e-03
Doing analysis at TEMP = 125.000000 and TNOM = 27.000000

Using SPARSE 1.3 as Direct Linear Solver

No. of Data Rows : 2

No. of Data Rows : 1
onoise_total_rs_thermal = 4.689159e-12
onoise_total.m.xm1.m0.id = 8.722067e-19
onoise_total.m.xm1.m0.1overf = 8.364692e-21
inoise_total.m.xm1.m0.id = 8.722067e-16
inoise_total.m.xm1.m0.1overf = 8.364692e-18
Doing analysis at TEMP = 125.000000 and TNOM = 27.000000

Using SPARSE 1.3 as Direct Linear Solver

No. of Data Rows : 1
zm1 = 1.000000e-03
Doing analysis at TEMP = 125.000000 and TNOM = 27.000000

Using SPARSE 1.3 as Direct Linear Solver

No. of Data Rows : 2

No. of Data Rows : 1
onoise_total_rs_thermal = 4.689159e-12
onoise_total.m.xm1.m0.id = 8.722067e-19
onoise_total.m.xm1.m0.1overf = 2.304988e-21
inoise_total.m.xm1.m0.id = 8.722067e-16
inoise_total.m.xm1.m0.1overf = 2.304988e-18
Doing analysis at TEMP = 125.000000 and TNOM = 27.000000

Using SPARSE 1.3 as Direct Linear Solver

No. of Data Rows : 1
zm2 = 1.000000e-03
Doing analysis at TEMP = 125.000000 and TNOM = 27.000000

Using SPARSE 1.3 as Direct Linear Solver

No. of Data Rows : 2

No. of Data Rows : 1
onoise_total_rs_thermal = 4.689159e-12
onoise_total.m.xm1.m0.id = 8.722067e-19
onoise_total.m.xm1.m0.1overf = 6.348785e-22
inoise_total.m.xm1.m0.id = 8.722067e-16
inoise_total.m.xm1.m0.1overf = 6.348785e-19
Doing analysis at TEMP = 125.000000 and TNOM = 27.000000

Using SPARSE 1.3 as Direct Linear Solver

No. of Data Rows : 1
zm3 = 1.000000e-03
Doing analysis at TEMP = 125.000000 and TNOM = 27.000000

Using SPARSE 1.3 as Direct Linear Solver

No. of Data Rows : 2

No. of Data Rows : 1
onoise_total_rs_thermal = 4.689159e-12
onoise_total.m.xm1.m0.id = 8.722067e-19
onoise_total.m.xm1.m0.1overf = 1.748609e-22
inoise_total.m.xm1.m0.id = 8.722067e-16
inoise_total.m.xm1.m0.1overf = 1.748609e-19
Doing analysis at TEMP = 125.000000 and TNOM = 27.000000

Using SPARSE 1.3 as Direct Linear Solver

No. of Data Rows : 1
zm4 = 1.000000e-03
Doing analysis at TEMP = 125.000000 and TNOM = 27.000000

Using SPARSE 1.3 as Direct Linear Solver

No. of Data Rows : 2

No. of Data Rows : 1
onoise_total_rs_thermal = 4.689159e-12
onoise_total.m.xm1.m0.id = 8.722067e-19
onoise_total.m.xm1.m0.1overf = 4.816073e-23
inoise_total.m.xm1.m0.id = 8.722067e-16
inoise_total.m.xm1.m0.1overf = 4.816073e-20
Doing analysis at TEMP = 125.000000 and TNOM = 27.000000

Using SPARSE 1.3 as Direct Linear Solver

No. of Data Rows : 1
zm5 = 1.000000e-03
Doing analysis at TEMP = 125.000000 and TNOM = 27.000000

Using SPARSE 1.3 as Direct Linear Solver

No. of Data Rows : 2

No. of Data Rows : 1
onoise_total_rs_thermal = 4.689159e-12
onoise_total.m.xm1.m0.id = 8.722067e-19
onoise_total.m.xm1.m0.1overf = 1.326457e-23
inoise_total.m.xm1.m0.id = 8.722067e-16
inoise_total.m.xm1.m0.1overf = 1.326457e-20
Doing analysis at TEMP = 125.000000 and TNOM = 27.000000

Using SPARSE 1.3 as Direct Linear Solver

No. of Data Rows : 1
zm6 = 1.000000e-03
Doing analysis at TEMP = 125.000000 and TNOM = 27.000000

Using SPARSE 1.3 as Direct Linear Solver

No. of Data Rows : 2

No. of Data Rows : 1
onoise_total_rs_thermal = 4.689159e-12
onoise_total.m.xm1.m0.id = 8.722067e-19
onoise_total.m.xm1.m0.1overf = 7.169769e-24
inoise_total.m.xm1.m0.id = 8.722067e-16
inoise_total.m.xm1.m0.1overf = 7.169769e-21
Note: Simulation executed from .control section 

======================================================================
=== sid_ss_125c_2.97v_xmp_p0875_pass1
======================================================================
.temp 125
vg g 0 dc 3.039072550000e-02
vb b 0 dc 2.900392220000e-04
vd dd 0 dc -2.934226100000e+00
rs dd d 1.00000000e-03
--- ngspice output ---

Note: No compatibility mode selected!


Circuit: * gf180-pll :: period-jitter :: s_id along the trajectory -- generated.

Doing analysis at TEMP = 125.000000 and TNOM = 27.000000

Using SPARSE 1.3 as Direct Linear Solver

No. of Data Rows : 1
@m.xm1.m0[vgs] = -3.03907e-02
@m.xm1.m0[vds] = 2.934226e+00
@m.xm1.m0[vbs] = -2.90039e-04
@m.xm1.m0[id] = 1.783810e-12
@m.xm1.m0[gm] = 3.564195e-11
@m.xm1.m0[gds] = 5.342159e-13
v(d) = -2.93423e+00
Doing analysis at TEMP = 125.000000 and TNOM = 27.000000

Using SPARSE 1.3 as Direct Linear Solver

No. of Data Rows : 1
zm0 = 1.000000e-03
Doing analysis at TEMP = 125.000000 and TNOM = 27.000000

Using SPARSE 1.3 as Direct Linear Solver

No. of Data Rows : 2

No. of Data Rows : 1
onoise_total_rs_thermal = 4.689159e-12
onoise_total.m.xm1.m0.id = 8.084679e-19
onoise_total.m.xm1.m0.1overf = 7.196330e-21
inoise_total.m.xm1.m0.id = 8.084679e-16
inoise_total.m.xm1.m0.1overf = 7.196330e-18
Doing analysis at TEMP = 125.000000 and TNOM = 27.000000

Using SPARSE 1.3 as Direct Linear Solver

No. of Data Rows : 1
zm1 = 1.000000e-03
Doing analysis at TEMP = 125.000000 and TNOM = 27.000000

Using SPARSE 1.3 as Direct Linear Solver

No. of Data Rows : 2

No. of Data Rows : 1
onoise_total_rs_thermal = 4.689159e-12
onoise_total.m.xm1.m0.id = 8.084679e-19
onoise_total.m.xm1.m0.1overf = 1.983032e-21
inoise_total.m.xm1.m0.id = 8.084679e-16
inoise_total.m.xm1.m0.1overf = 1.983032e-18
Doing analysis at TEMP = 125.000000 and TNOM = 27.000000

Using SPARSE 1.3 as Direct Linear Solver

No. of Data Rows : 1
zm2 = 1.000000e-03
Doing analysis at TEMP = 125.000000 and TNOM = 27.000000

Using SPARSE 1.3 as Direct Linear Solver

No. of Data Rows : 2

No. of Data Rows : 1
onoise_total_rs_thermal = 4.689159e-12
onoise_total.m.xm1.m0.id = 8.084679e-19
onoise_total.m.xm1.m0.1overf = 5.462000e-22
inoise_total.m.xm1.m0.id = 8.084679e-16
inoise_total.m.xm1.m0.1overf = 5.462000e-19
Doing analysis at TEMP = 125.000000 and TNOM = 27.000000

Using SPARSE 1.3 as Direct Linear Solver

No. of Data Rows : 1
zm3 = 1.000000e-03
Doing analysis at TEMP = 125.000000 and TNOM = 27.000000

Using SPARSE 1.3 as Direct Linear Solver

No. of Data Rows : 2

No. of Data Rows : 1
onoise_total_rs_thermal = 4.689159e-12
onoise_total.m.xm1.m0.id = 8.084679e-19
onoise_total.m.xm1.m0.1overf = 1.504367e-22
inoise_total.m.xm1.m0.id = 8.084679e-16
inoise_total.m.xm1.m0.1overf = 1.504367e-19
Doing analysis at TEMP = 125.000000 and TNOM = 27.000000

Using SPARSE 1.3 as Direct Linear Solver

No. of Data Rows : 1
zm4 = 1.000000e-03
Doing analysis at TEMP = 125.000000 and TNOM = 27.000000

Using SPARSE 1.3 as Direct Linear Solver

No. of Data Rows : 2

No. of Data Rows : 1
onoise_total_rs_thermal = 4.689159e-12
onoise_total.m.xm1.m0.id = 8.084679e-19
onoise_total.m.xm1.m0.1overf = 4.143374e-23
inoise_total.m.xm1.m0.id = 8.084679e-16
inoise_total.m.xm1.m0.1overf = 4.143374e-20
Doing analysis at TEMP = 125.000000 and TNOM = 27.000000

Using SPARSE 1.3 as Direct Linear Solver

No. of Data Rows : 1
zm5 = 1.000000e-03
Doing analysis at TEMP = 125.000000 and TNOM = 27.000000

Using SPARSE 1.3 as Direct Linear Solver

No. of Data Rows : 2

No. of Data Rows : 1
onoise_total_rs_thermal = 4.689159e-12
onoise_total.m.xm1.m0.id = 8.084679e-19
onoise_total.m.xm1.m0.1overf = 1.141180e-23
inoise_total.m.xm1.m0.id = 8.084679e-16
inoise_total.m.xm1.m0.1overf = 1.141180e-20
Doing analysis at TEMP = 125.000000 and TNOM = 27.000000

Using SPARSE 1.3 as Direct Linear Solver

No. of Data Rows : 1
zm6 = 1.000000e-03
Doing analysis at TEMP = 125.000000 and TNOM = 27.000000

Using SPARSE 1.3 as Direct Linear Solver

No. of Data Rows : 2

No. of Data Rows : 1
onoise_total_rs_thermal = 4.689159e-12
onoise_total.m.xm1.m0.id = 8.084679e-19
onoise_total.m.xm1.m0.1overf = 6.168311e-24
inoise_total.m.xm1.m0.id = 8.084679e-16
inoise_total.m.xm1.m0.1overf = 6.168311e-21
Note: Simulation executed from .control section 

======================================================================
=== sid_ss_125c_2.97v_xmp_p0875
======================================================================
.temp 125
vg g 0 dc 3.039075100000e-02
vb b 0 dc 2.900394440000e-04
vd dd 0 dc -2.934226200000e+00
rs dd d 1.00000000e-03
--- ngspice output ---

Note: No compatibility mode selected!


Circuit: * gf180-pll :: period-jitter :: s_id along the trajectory -- generated.

Doing analysis at TEMP = 125.000000 and TNOM = 27.000000

Using SPARSE 1.3 as Direct Linear Solver

No. of Data Rows : 1
@m.xm1.m0[vgs] = -3.03908e-02
@m.xm1.m0[vds] = 2.934226e+00
@m.xm1.m0[vbs] = -2.90039e-04
@m.xm1.m0[id] = 1.783810e-12
@m.xm1.m0[gm] = 3.564194e-11
@m.xm1.m0[gds] = 5.342156e-13
v(d) = -2.93423e+00
Doing analysis at TEMP = 125.000000 and TNOM = 27.000000

Using SPARSE 1.3 as Direct Linear Solver

No. of Data Rows : 1
zm0 = 1.000000e-03
Doing analysis at TEMP = 125.000000 and TNOM = 27.000000

Using SPARSE 1.3 as Direct Linear Solver

No. of Data Rows : 2

No. of Data Rows : 1
onoise_total_rs_thermal = 4.689159e-12
onoise_total.m.xm1.m0.id = 8.084677e-19
onoise_total.m.xm1.m0.1overf = 7.196326e-21
inoise_total.m.xm1.m0.id = 8.084677e-16
inoise_total.m.xm1.m0.1overf = 7.196326e-18
Doing analysis at TEMP = 125.000000 and TNOM = 27.000000

Using SPARSE 1.3 as Direct Linear Solver

No. of Data Rows : 1
zm1 = 1.000000e-03
Doing analysis at TEMP = 125.000000 and TNOM = 27.000000

Using SPARSE 1.3 as Direct Linear Solver

No. of Data Rows : 2

No. of Data Rows : 1
onoise_total_rs_thermal = 4.689159e-12
onoise_total.m.xm1.m0.id = 8.084677e-19
onoise_total.m.xm1.m0.1overf = 1.983031e-21
inoise_total.m.xm1.m0.id = 8.084677e-16
inoise_total.m.xm1.m0.1overf = 1.983031e-18
Doing analysis at TEMP = 125.000000 and TNOM = 27.000000

Using SPARSE 1.3 as Direct Linear Solver

No. of Data Rows : 1
zm2 = 1.000000e-03
Doing analysis at TEMP = 125.000000 and TNOM = 27.000000

Using SPARSE 1.3 as Direct Linear Solver

No. of Data Rows : 2

No. of Data Rows : 1
onoise_total_rs_thermal = 4.689159e-12
onoise_total.m.xm1.m0.id = 8.084677e-19
onoise_total.m.xm1.m0.1overf = 5.461997e-22
inoise_total.m.xm1.m0.id = 8.084677e-16
inoise_total.m.xm1.m0.1overf = 5.461997e-19
Doing analysis at TEMP = 125.000000 and TNOM = 27.000000

Using SPARSE 1.3 as Direct Linear Solver

No. of Data Rows : 1
zm3 = 1.000000e-03
Doing analysis at TEMP = 125.000000 and TNOM = 27.000000

Using SPARSE 1.3 as Direct Linear Solver

No. of Data Rows : 2

No. of Data Rows : 1
onoise_total_rs_thermal = 4.689159e-12
onoise_total.m.xm1.m0.id = 8.084677e-19
onoise_total.m.xm1.m0.1overf = 1.504367e-22
inoise_total.m.xm1.m0.id = 8.084677e-16
inoise_total.m.xm1.m0.1overf = 1.504367e-19
Doing analysis at TEMP = 125.000000 and TNOM = 27.000000

Using SPARSE 1.3 as Direct Linear Solver

No. of Data Rows : 1
zm4 = 1.000000e-03
Doing analysis at TEMP = 125.000000 and TNOM = 27.000000

Using SPARSE 1.3 as Direct Linear Solver

No. of Data Rows : 2

No. of Data Rows : 1
onoise_total_rs_thermal = 4.689159e-12
onoise_total.m.xm1.m0.id = 8.084677e-19
onoise_total.m.xm1.m0.1overf = 4.143372e-23
inoise_total.m.xm1.m0.id = 8.084677e-16
inoise_total.m.xm1.m0.1overf = 4.143372e-20
Doing analysis at TEMP = 125.000000 and TNOM = 27.000000

Using SPARSE 1.3 as Direct Linear Solver

No. of Data Rows : 1
zm5 = 1.000000e-03
Doing analysis at TEMP = 125.000000 and TNOM = 27.000000

Using SPARSE 1.3 as Direct Linear Solver

No. of Data Rows : 2

No. of Data Rows : 1
onoise_total_rs_thermal = 4.689159e-12
onoise_total.m.xm1.m0.id = 8.084677e-19
onoise_total.m.xm1.m0.1overf = 1.141179e-23
inoise_total.m.xm1.m0.id = 8.084677e-16
inoise_total.m.xm1.m0.1overf = 1.141179e-20
Doing analysis at TEMP = 125.000000 and TNOM = 27.000000

Using SPARSE 1.3 as Direct Linear Solver

No. of Data Rows : 1
zm6 = 1.000000e-03
Doing analysis at TEMP = 125.000000 and TNOM = 27.000000

Using SPARSE 1.3 as Direct Linear Solver

No. of Data Rows : 2

No. of Data Rows : 1
onoise_total_rs_thermal = 4.689159e-12
onoise_total.m.xm1.m0.id = 8.084677e-19
onoise_total.m.xm1.m0.1overf = 6.168308e-24
inoise_total.m.xm1.m0.id = 8.084677e-16
inoise_total.m.xm1.m0.1overf = 6.168308e-21
Note: Simulation executed from .control section 

======================================================================
=== sid_ss_125c_2.97v_xmp_p0917_pass1
======================================================================
.temp 125
vg g 0 dc -1.687165740000e-01
vb b 0 dc 3.718334670000e-03
vd dd 0 dc -2.958864400000e+00
rs dd d 1.00000000e-03
--- ngspice output ---

Note: No compatibility mode selected!


Circuit: * gf180-pll :: period-jitter :: s_id along the trajectory -- generated.

Doing analysis at TEMP = 125.000000 and TNOM = 27.000000

Using SPARSE 1.3 as Direct Linear Solver

No. of Data Rows : 1
@m.xm1.m0[vgs] = 1.687166e-01
@m.xm1.m0[vds] = 2.958864e+00
@m.xm1.m0[vbs] = -3.71833e-03
@m.xm1.m0[id] = 9.277566e-11
@m.xm1.m0[gm] = 1.847183e-09
@m.xm1.m0[gds] = 2.776445e-11
v(d) = -2.95886e+00
Doing analysis at TEMP = 125.000000 and TNOM = 27.000000

Using SPARSE 1.3 as Direct Linear Solver

No. of Data Rows : 1
zm0 = 1.000000e-03
Doing analysis at TEMP = 125.000000 and TNOM = 27.000000

Using SPARSE 1.3 as Direct Linear Solver

No. of Data Rows : 2

No. of Data Rows : 1
onoise_total_rs_thermal = 4.689159e-12
onoise_total.m.xm1.m0.id = 5.824267e-18
onoise_total.m.xm1.m0.1overf = 3.745338e-19
inoise_total.m.xm1.m0.id = 5.824267e-15
inoise_total.m.xm1.m0.1overf = 3.745338e-16
Doing analysis at TEMP = 125.000000 and TNOM = 27.000000

Using SPARSE 1.3 as Direct Linear Solver

No. of Data Rows : 1
zm1 = 1.000000e-03
Doing analysis at TEMP = 125.000000 and TNOM = 27.000000

Using SPARSE 1.3 as Direct Linear Solver

No. of Data Rows : 2

No. of Data Rows : 1
onoise_total_rs_thermal = 4.689159e-12
onoise_total.m.xm1.m0.id = 5.824267e-18
onoise_total.m.xm1.m0.1overf = 1.031812e-19
inoise_total.m.xm1.m0.id = 5.824267e-15
inoise_total.m.xm1.m0.1overf = 1.031812e-16
Doing analysis at TEMP = 125.000000 and TNOM = 27.000000

Using SPARSE 1.3 as Direct Linear Solver

No. of Data Rows : 1
zm2 = 1.000000e-03
Doing analysis at TEMP = 125.000000 and TNOM = 27.000000

Using SPARSE 1.3 as Direct Linear Solver

No. of Data Rows : 2

No. of Data Rows : 1
onoise_total_rs_thermal = 4.689159e-12
onoise_total.m.xm1.m0.id = 5.824267e-18
onoise_total.m.xm1.m0.1overf = 2.841909e-20
inoise_total.m.xm1.m0.id = 5.824267e-15
inoise_total.m.xm1.m0.1overf = 2.841909e-17
Doing analysis at TEMP = 125.000000 and TNOM = 27.000000

Using SPARSE 1.3 as Direct Linear Solver

No. of Data Rows : 1
zm3 = 1.000000e-03
Doing analysis at TEMP = 125.000000 and TNOM = 27.000000

Using SPARSE 1.3 as Direct Linear Solver

No. of Data Rows : 2

No. of Data Rows : 1
onoise_total_rs_thermal = 4.689159e-12
onoise_total.m.xm1.m0.id = 5.824267e-18
onoise_total.m.xm1.m0.1overf = 7.827306e-21
inoise_total.m.xm1.m0.id = 5.824267e-15
inoise_total.m.xm1.m0.1overf = 7.827306e-18
Doing analysis at TEMP = 125.000000 and TNOM = 27.000000

Using SPARSE 1.3 as Direct Linear Solver

No. of Data Rows : 1
zm4 = 1.000000e-03
Doing analysis at TEMP = 125.000000 and TNOM = 27.000000

Using SPARSE 1.3 as Direct Linear Solver

No. of Data Rows : 2

No. of Data Rows : 1
onoise_total_rs_thermal = 4.689159e-12
onoise_total.m.xm1.m0.id = 5.824267e-18
onoise_total.m.xm1.m0.1overf = 2.155820e-21
inoise_total.m.xm1.m0.id = 5.824267e-15
inoise_total.m.xm1.m0.1overf = 2.155820e-18
Doing analysis at TEMP = 125.000000 and TNOM = 27.000000

Using SPARSE 1.3 as Direct Linear Solver

No. of Data Rows : 1
zm5 = 1.000000e-03
Doing analysis at TEMP = 125.000000 and TNOM = 27.000000

Using SPARSE 1.3 as Direct Linear Solver

No. of Data Rows : 2

No. of Data Rows : 1
onoise_total_rs_thermal = 4.689159e-12
onoise_total.m.xm1.m0.id = 5.824267e-18
onoise_total.m.xm1.m0.1overf = 5.937622e-22
inoise_total.m.xm1.m0.id = 5.824267e-15
inoise_total.m.xm1.m0.1overf = 5.937622e-19
Doing analysis at TEMP = 125.000000 and TNOM = 27.000000

Using SPARSE 1.3 as Direct Linear Solver

No. of Data Rows : 1
zm6 = 1.000000e-03
Doing analysis at TEMP = 125.000000 and TNOM = 27.000000

Using SPARSE 1.3 as Direct Linear Solver

No. of Data Rows : 2

No. of Data Rows : 1
onoise_total_rs_thermal = 4.689159e-12
onoise_total.m.xm1.m0.id = 5.824267e-18
onoise_total.m.xm1.m0.1overf = 3.209406e-22
inoise_total.m.xm1.m0.id = 5.824267e-15
inoise_total.m.xm1.m0.1overf = 3.209406e-19
Note: Simulation executed from .control section 

======================================================================
=== sid_ss_125c_2.97v_xmp_p0917
======================================================================
.temp 125
vg g 0 dc -1.687165480000e-01
vb b 0 dc 3.718339340000e-03
vd dd 0 dc -2.958864800000e+00
rs dd d 1.00000000e-03
--- ngspice output ---

Note: No compatibility mode selected!


Circuit: * gf180-pll :: period-jitter :: s_id along the trajectory -- generated.

Doing analysis at TEMP = 125.000000 and TNOM = 27.000000

Using SPARSE 1.3 as Direct Linear Solver

No. of Data Rows : 1
@m.xm1.m0[vgs] = 1.687165e-01
@m.xm1.m0[vds] = 2.958865e+00
@m.xm1.m0[vbs] = -3.71834e-03
@m.xm1.m0[id] = 9.277562e-11
@m.xm1.m0[gm] = 1.847182e-09
@m.xm1.m0[gds] = 2.776444e-11
v(d) = -2.95886e+00
Doing analysis at TEMP = 125.000000 and TNOM = 27.000000

Using SPARSE 1.3 as Direct Linear Solver

No. of Data Rows : 1
zm0 = 1.000000e-03
Doing analysis at TEMP = 125.000000 and TNOM = 27.000000

Using SPARSE 1.3 as Direct Linear Solver

No. of Data Rows : 2

No. of Data Rows : 1
onoise_total_rs_thermal = 4.689159e-12
onoise_total.m.xm1.m0.id = 5.824265e-18
onoise_total.m.xm1.m0.1overf = 3.745336e-19
inoise_total.m.xm1.m0.id = 5.824265e-15
inoise_total.m.xm1.m0.1overf = 3.745336e-16
Doing analysis at TEMP = 125.000000 and TNOM = 27.000000

Using SPARSE 1.3 as Direct Linear Solver

No. of Data Rows : 1
zm1 = 1.000000e-03
Doing analysis at TEMP = 125.000000 and TNOM = 27.000000

Using SPARSE 1.3 as Direct Linear Solver

No. of Data Rows : 2

No. of Data Rows : 1
onoise_total_rs_thermal = 4.689159e-12
onoise_total.m.xm1.m0.id = 5.824265e-18
onoise_total.m.xm1.m0.1overf = 1.031811e-19
inoise_total.m.xm1.m0.id = 5.824265e-15
inoise_total.m.xm1.m0.1overf = 1.031811e-16
Doing analysis at TEMP = 125.000000 and TNOM = 27.000000

Using SPARSE 1.3 as Direct Linear Solver

No. of Data Rows : 1
zm2 = 1.000000e-03
Doing analysis at TEMP = 125.000000 and TNOM = 27.000000

Using SPARSE 1.3 as Direct Linear Solver

No. of Data Rows : 2

No. of Data Rows : 1
onoise_total_rs_thermal = 4.689159e-12
onoise_total.m.xm1.m0.id = 5.824265e-18
onoise_total.m.xm1.m0.1overf = 2.841907e-20
inoise_total.m.xm1.m0.id = 5.824265e-15
inoise_total.m.xm1.m0.1overf = 2.841907e-17
Doing analysis at TEMP = 125.000000 and TNOM = 27.000000

Using SPARSE 1.3 as Direct Linear Solver

No. of Data Rows : 1
zm3 = 1.000000e-03
Doing analysis at TEMP = 125.000000 and TNOM = 27.000000

Using SPARSE 1.3 as Direct Linear Solver

No. of Data Rows : 2

No. of Data Rows : 1
onoise_total_rs_thermal = 4.689159e-12
onoise_total.m.xm1.m0.id = 5.824265e-18
onoise_total.m.xm1.m0.1overf = 7.827302e-21
inoise_total.m.xm1.m0.id = 5.824265e-15
inoise_total.m.xm1.m0.1overf = 7.827302e-18
Doing analysis at TEMP = 125.000000 and TNOM = 27.000000

Using SPARSE 1.3 as Direct Linear Solver

No. of Data Rows : 1
zm4 = 1.000000e-03
Doing analysis at TEMP = 125.000000 and TNOM = 27.000000

Using SPARSE 1.3 as Direct Linear Solver

No. of Data Rows : 2

No. of Data Rows : 1
onoise_total_rs_thermal = 4.689159e-12
onoise_total.m.xm1.m0.id = 5.824265e-18
onoise_total.m.xm1.m0.1overf = 2.155819e-21
inoise_total.m.xm1.m0.id = 5.824265e-15
inoise_total.m.xm1.m0.1overf = 2.155819e-18
Doing analysis at TEMP = 125.000000 and TNOM = 27.000000

Using SPARSE 1.3 as Direct Linear Solver

No. of Data Rows : 1
zm5 = 1.000000e-03
Doing analysis at TEMP = 125.000000 and TNOM = 27.000000

Using SPARSE 1.3 as Direct Linear Solver

No. of Data Rows : 2

No. of Data Rows : 1
onoise_total_rs_thermal = 4.689159e-12
onoise_total.m.xm1.m0.id = 5.824265e-18
onoise_total.m.xm1.m0.1overf = 5.937619e-22
inoise_total.m.xm1.m0.id = 5.824265e-15
inoise_total.m.xm1.m0.1overf = 5.937619e-19
Doing analysis at TEMP = 125.000000 and TNOM = 27.000000

Using SPARSE 1.3 as Direct Linear Solver

No. of Data Rows : 1
zm6 = 1.000000e-03
Doing analysis at TEMP = 125.000000 and TNOM = 27.000000

Using SPARSE 1.3 as Direct Linear Solver

No. of Data Rows : 2

No. of Data Rows : 1
onoise_total_rs_thermal = 4.689159e-12
onoise_total.m.xm1.m0.id = 5.824265e-18
onoise_total.m.xm1.m0.1overf = 3.209404e-22
inoise_total.m.xm1.m0.id = 5.824265e-15
inoise_total.m.xm1.m0.1overf = 3.209404e-19
Note: Simulation executed from .control section 

======================================================================
=== sid_ss_125c_2.97v_xmp_p0958_pass1
======================================================================
.temp 125
vg g 0 dc -5.672734490000e-01
vb b 0 dc 9.822202770000e-03
vd dd 0 dc -2.982861240000e+00
rs dd d 1.00000000e-03
--- ngspice output ---

Note: No compatibility mode selected!


Circuit: * gf180-pll :: period-jitter :: s_id along the trajectory -- generated.

Doing analysis at TEMP = 125.000000 and TNOM = 27.000000

Using SPARSE 1.3 as Direct Linear Solver

No. of Data Rows : 1
@m.xm1.m0[vgs] = 5.672734e-01
@m.xm1.m0[vds] = 2.982861e+00
@m.xm1.m0[vbs] = -9.82225e-03
@m.xm1.m0[id] = 1.761961e-07
@m.xm1.m0[gm] = 2.998356e-06
@m.xm1.m0[gds] = 4.654711e-08
v(d) = -2.98286e+00
Doing analysis at TEMP = 125.000000 and TNOM = 27.000000

Using SPARSE 1.3 as Direct Linear Solver

No. of Data Rows : 1
zm0 = 1.000000e-03
Doing analysis at TEMP = 125.000000 and TNOM = 27.000000

Using SPARSE 1.3 as Direct Linear Solver

No. of Data Rows : 2

No. of Data Rows : 1
onoise_total_rs_thermal = 4.689159e-12
onoise_total.m.xm1.m0.id = 2.434208e-16
onoise_total.m.xm1.m0.1overf = 6.950106e-16
inoise_total.m.xm1.m0.id = 2.434208e-13
inoise_total.m.xm1.m0.1overf = 6.950106e-13
Doing analysis at TEMP = 125.000000 and TNOM = 27.000000

Using SPARSE 1.3 as Direct Linear Solver

No. of Data Rows : 1
zm1 = 1.000000e-03
Doing analysis at TEMP = 125.000000 and TNOM = 27.000000

Using SPARSE 1.3 as Direct Linear Solver

No. of Data Rows : 2

No. of Data Rows : 1
onoise_total_rs_thermal = 4.689159e-12
onoise_total.m.xm1.m0.id = 2.434208e-16
onoise_total.m.xm1.m0.1overf = 1.914700e-16
inoise_total.m.xm1.m0.id = 2.434208e-13
inoise_total.m.xm1.m0.1overf = 1.914700e-13
Doing analysis at TEMP = 125.000000 and TNOM = 27.000000

Using SPARSE 1.3 as Direct Linear Solver

No. of Data Rows : 1
zm2 = 1.000000e-03
Doing analysis at TEMP = 125.000000 and TNOM = 27.000000

Using SPARSE 1.3 as Direct Linear Solver

No. of Data Rows : 2

No. of Data Rows : 1
onoise_total_rs_thermal = 4.689159e-12
onoise_total.m.xm1.m0.id = 2.434208e-16
onoise_total.m.xm1.m0.1overf = 5.273656e-17
inoise_total.m.xm1.m0.id = 2.434208e-13
inoise_total.m.xm1.m0.1overf = 5.273656e-14
Doing analysis at TEMP = 125.000000 and TNOM = 27.000000

Using SPARSE 1.3 as Direct Linear Solver

No. of Data Rows : 1
zm3 = 1.000000e-03
Doing analysis at TEMP = 125.000000 and TNOM = 27.000000

Using SPARSE 1.3 as Direct Linear Solver

No. of Data Rows : 2

No. of Data Rows : 1
onoise_total_rs_thermal = 4.689159e-12
onoise_total.m.xm1.m0.id = 2.434208e-16
onoise_total.m.xm1.m0.1overf = 1.452489e-17
inoise_total.m.xm1.m0.id = 2.434208e-13
inoise_total.m.xm1.m0.1overf = 1.452489e-14
Doing analysis at TEMP = 125.000000 and TNOM = 27.000000

Using SPARSE 1.3 as Direct Linear Solver

No. of Data Rows : 1
zm4 = 1.000000e-03
Doing analysis at TEMP = 125.000000 and TNOM = 27.000000

Using SPARSE 1.3 as Direct Linear Solver

No. of Data Rows : 2

No. of Data Rows : 1
onoise_total_rs_thermal = 4.689159e-12
onoise_total.m.xm1.m0.id = 2.434208e-16
onoise_total.m.xm1.m0.1overf = 4.000488e-18
inoise_total.m.xm1.m0.id = 2.434208e-13
inoise_total.m.xm1.m0.1overf = 4.000488e-15
Doing analysis at TEMP = 125.000000 and TNOM = 27.000000

Using SPARSE 1.3 as Direct Linear Solver

No. of Data Rows : 1
zm5 = 1.000000e-03
Doing analysis at TEMP = 125.000000 and TNOM = 27.000000

Using SPARSE 1.3 as Direct Linear Solver

No. of Data Rows : 2

No. of Data Rows : 1
onoise_total_rs_thermal = 4.689159e-12
onoise_total.m.xm1.m0.id = 2.434208e-16
onoise_total.m.xm1.m0.1overf = 1.101826e-18
inoise_total.m.xm1.m0.id = 2.434208e-13
inoise_total.m.xm1.m0.1overf = 1.101826e-15
Doing analysis at TEMP = 125.000000 and TNOM = 27.000000

Using SPARSE 1.3 as Direct Linear Solver

No. of Data Rows : 1
zm6 = 1.000000e-03
Doing analysis at TEMP = 125.000000 and TNOM = 27.000000

Using SPARSE 1.3 as Direct Linear Solver

No. of Data Rows : 2

No. of Data Rows : 1
onoise_total_rs_thermal = 4.689159e-12
onoise_total.m.xm1.m0.id = 2.434208e-16
onoise_total.m.xm1.m0.1overf = 5.955594e-19
inoise_total.m.xm1.m0.id = 2.434208e-13
inoise_total.m.xm1.m0.1overf = 5.955594e-16
Note: Simulation executed from .control section 

======================================================================
=== sid_ss_125c_2.97v_xmp_p0958
======================================================================
.temp 125
vg g 0 dc -5.672734980000e-01
vb b 0 dc 9.822155540000e-03
vd dd 0 dc -2.982861480000e+00
rs dd d 1.00000000e-03
--- ngspice output ---

Note: No compatibility mode selected!


Circuit: * gf180-pll :: period-jitter :: s_id along the trajectory -- generated.

Doing analysis at TEMP = 125.000000 and TNOM = 27.000000

Using SPARSE 1.3 as Direct Linear Solver

No. of Data Rows : 1
@m.xm1.m0[vgs] = 5.672735e-01
@m.xm1.m0[vds] = 2.982861e+00
@m.xm1.m0[vbs] = -9.82220e-03
@m.xm1.m0[id] = 1.761963e-07
@m.xm1.m0[gm] = 2.998359e-06
@m.xm1.m0[gds] = 4.654716e-08
v(d) = -2.98286e+00
Doing analysis at TEMP = 125.000000 and TNOM = 27.000000

Using SPARSE 1.3 as Direct Linear Solver

No. of Data Rows : 1
zm0 = 1.000000e-03
Doing analysis at TEMP = 125.000000 and TNOM = 27.000000

Using SPARSE 1.3 as Direct Linear Solver

No. of Data Rows : 2

No. of Data Rows : 1
onoise_total_rs_thermal = 4.689159e-12
onoise_total.m.xm1.m0.id = 2.434209e-16
onoise_total.m.xm1.m0.1overf = 6.950114e-16
inoise_total.m.xm1.m0.id = 2.434209e-13
inoise_total.m.xm1.m0.1overf = 6.950114e-13
Doing analysis at TEMP = 125.000000 and TNOM = 27.000000

Using SPARSE 1.3 as Direct Linear Solver

No. of Data Rows : 1
zm1 = 1.000000e-03
Doing analysis at TEMP = 125.000000 and TNOM = 27.000000

Using SPARSE 1.3 as Direct Linear Solver

No. of Data Rows : 2

No. of Data Rows : 1
onoise_total_rs_thermal = 4.689159e-12
onoise_total.m.xm1.m0.id = 2.434209e-16
onoise_total.m.xm1.m0.1overf = 1.914703e-16
inoise_total.m.xm1.m0.id = 2.434209e-13
inoise_total.m.xm1.m0.1overf = 1.914703e-13
Doing analysis at TEMP = 125.000000 and TNOM = 27.000000

Using SPARSE 1.3 as Direct Linear Solver

No. of Data Rows : 1
zm2 = 1.000000e-03
Doing analysis at TEMP = 125.000000 and TNOM = 27.000000

Using SPARSE 1.3 as Direct Linear Solver

No. of Data Rows : 2

No. of Data Rows : 1
onoise_total_rs_thermal = 4.689159e-12
onoise_total.m.xm1.m0.id = 2.434209e-16
onoise_total.m.xm1.m0.1overf = 5.273662e-17
inoise_total.m.xm1.m0.id = 2.434209e-13
inoise_total.m.xm1.m0.1overf = 5.273662e-14
Doing analysis at TEMP = 125.000000 and TNOM = 27.000000

Using SPARSE 1.3 as Direct Linear Solver

No. of Data Rows : 1
zm3 = 1.000000e-03
Doing analysis at TEMP = 125.000000 and TNOM = 27.000000

Using SPARSE 1.3 as Direct Linear Solver

No. of Data Rows : 2

No. of Data Rows : 1
onoise_total_rs_thermal = 4.689159e-12
onoise_total.m.xm1.m0.id = 2.434209e-16
onoise_total.m.xm1.m0.1overf = 1.452491e-17
inoise_total.m.xm1.m0.id = 2.434209e-13
inoise_total.m.xm1.m0.1overf = 1.452491e-14
Doing analysis at TEMP = 125.000000 and TNOM = 27.000000

Using SPARSE 1.3 as Direct Linear Solver

No. of Data Rows : 1
zm4 = 1.000000e-03
Doing analysis at TEMP = 125.000000 and TNOM = 27.000000

Using SPARSE 1.3 as Direct Linear Solver

No. of Data Rows : 2

No. of Data Rows : 1
onoise_total_rs_thermal = 4.689159e-12
onoise_total.m.xm1.m0.id = 2.434209e-16
onoise_total.m.xm1.m0.1overf = 4.000492e-18
inoise_total.m.xm1.m0.id = 2.434209e-13
inoise_total.m.xm1.m0.1overf = 4.000492e-15
Doing analysis at TEMP = 125.000000 and TNOM = 27.000000

Using SPARSE 1.3 as Direct Linear Solver

No. of Data Rows : 1
zm5 = 1.000000e-03
Doing analysis at TEMP = 125.000000 and TNOM = 27.000000

Using SPARSE 1.3 as Direct Linear Solver

No. of Data Rows : 2

No. of Data Rows : 1
onoise_total_rs_thermal = 4.689159e-12
onoise_total.m.xm1.m0.id = 2.434209e-16
onoise_total.m.xm1.m0.1overf = 1.101827e-18
inoise_total.m.xm1.m0.id = 2.434209e-13
inoise_total.m.xm1.m0.1overf = 1.101827e-15
Doing analysis at TEMP = 125.000000 and TNOM = 27.000000

Using SPARSE 1.3 as Direct Linear Solver

No. of Data Rows : 1
zm6 = 1.000000e-03
Doing analysis at TEMP = 125.000000 and TNOM = 27.000000

Using SPARSE 1.3 as Direct Linear Solver

No. of Data Rows : 2

No. of Data Rows : 1
onoise_total_rs_thermal = 4.689159e-12
onoise_total.m.xm1.m0.id = 2.434209e-16
onoise_total.m.xm1.m0.1overf = 5.955601e-19
inoise_total.m.xm1.m0.id = 2.434209e-13
inoise_total.m.xm1.m0.1overf = 5.955601e-16
Note: Simulation executed from .control section 
