* gf180-pll :: sim/period-jitter/sid-trajectory :: stage `sid`
* point ff_-40c_3.63v, device XMNT, stage 1
* Every deck and every ngspice log of the per-phase S_id table,
* in phase order, `_pass1` being the uncorrected bias pass.

======================================================================
=== sid_ff_-40c_3.63v_xmnt_p0000_pass1
======================================================================
.temp -40
vg g 0 dc 9.025233680000e-01
vb b 0 dc -1.664299000000e-05
vd dd 0 dc 3.345558110000e-01
rs dd d 1.00000000e-03
--- ngspice output ---

Note: No compatibility mode selected!


Circuit: * gf180-pll :: period-jitter :: s_id along the trajectory -- generated.

Doing analysis at TEMP = -40.000000 and TNOM = 27.000000

Using SPARSE 1.3 as Direct Linear Solver

No. of Data Rows : 1
@m.xm1.m0[vgs] = 9.025067e-01
@m.xm1.m0[vds] = 3.345224e-01
@m.xm1.m0[vbs] = -3.33043e-05
@m.xm1.m0[id] = 5.289316e-05
@m.xm1.m0[gm] = 3.709525e-04
@m.xm1.m0[gds] = 1.342209e-05
v(d) = 3.345558e-01
Doing analysis at TEMP = -40.000000 and TNOM = 27.000000

Using SPARSE 1.3 as Direct Linear Solver

No. of Data Rows : 1
zm0 = 1.000000e-03
Doing analysis at TEMP = -40.000000 and TNOM = 27.000000

Using SPARSE 1.3 as Direct Linear Solver

No. of Data Rows : 2

No. of Data Rows : 1
onoise_total_rs_thermal = 3.588304e-12
onoise_total.m.xm1.m0.id = 2.018292e-15
onoise_total.m.xm1.m0.1overf = 1.602109e-13
inoise_total.m.xm1.m0.id = 2.018292e-12
inoise_total.m.xm1.m0.1overf = 1.602109e-10
Doing analysis at TEMP = -40.000000 and TNOM = 27.000000

Using SPARSE 1.3 as Direct Linear Solver

No. of Data Rows : 1
zm1 = 1.000000e-03
Doing analysis at TEMP = -40.000000 and TNOM = 27.000000

Using SPARSE 1.3 as Direct Linear Solver

No. of Data Rows : 2

No. of Data Rows : 1
onoise_total_rs_thermal = 3.588304e-12
onoise_total.m.xm1.m0.id = 2.018292e-15
onoise_total.m.xm1.m0.1overf = 5.367657e-14
inoise_total.m.xm1.m0.id = 2.018292e-12
inoise_total.m.xm1.m0.1overf = 5.367657e-11
Doing analysis at TEMP = -40.000000 and TNOM = 27.000000

Using SPARSE 1.3 as Direct Linear Solver

No. of Data Rows : 1
zm2 = 1.000000e-03
Doing analysis at TEMP = -40.000000 and TNOM = 27.000000

Using SPARSE 1.3 as Direct Linear Solver

No. of Data Rows : 2

No. of Data Rows : 1
onoise_total_rs_thermal = 3.588304e-12
onoise_total.m.xm1.m0.id = 2.018292e-15
onoise_total.m.xm1.m0.1overf = 1.798018e-14
inoise_total.m.xm1.m0.id = 2.018292e-12
inoise_total.m.xm1.m0.1overf = 1.798018e-11
Doing analysis at TEMP = -40.000000 and TNOM = 27.000000

Using SPARSE 1.3 as Direct Linear Solver

No. of Data Rows : 1
zm3 = 1.000000e-03
Doing analysis at TEMP = -40.000000 and TNOM = 27.000000

Using SPARSE 1.3 as Direct Linear Solver

No. of Data Rows : 2

No. of Data Rows : 1
onoise_total_rs_thermal = 3.588304e-12
onoise_total.m.xm1.m0.id = 2.018292e-15
onoise_total.m.xm1.m0.1overf = 6.022752e-15
inoise_total.m.xm1.m0.id = 2.018292e-12
inoise_total.m.xm1.m0.1overf = 6.022752e-12
Doing analysis at TEMP = -40.000000 and TNOM = 27.000000

Using SPARSE 1.3 as Direct Linear Solver

No. of Data Rows : 1
zm4 = 1.000000e-03
Doing analysis at TEMP = -40.000000 and TNOM = 27.000000

Using SPARSE 1.3 as Direct Linear Solver

No. of Data Rows : 2

No. of Data Rows : 1
onoise_total_rs_thermal = 3.588304e-12
onoise_total.m.xm1.m0.id = 2.018292e-15
onoise_total.m.xm1.m0.1overf = 2.017414e-15
inoise_total.m.xm1.m0.id = 2.018292e-12
inoise_total.m.xm1.m0.1overf = 2.017414e-12
Doing analysis at TEMP = -40.000000 and TNOM = 27.000000

Using SPARSE 1.3 as Direct Linear Solver

No. of Data Rows : 1
zm5 = 1.000000e-03
Doing analysis at TEMP = -40.000000 and TNOM = 27.000000

Using SPARSE 1.3 as Direct Linear Solver

No. of Data Rows : 2

No. of Data Rows : 1
onoise_total_rs_thermal = 3.588304e-12
onoise_total.m.xm1.m0.id = 2.018292e-15
onoise_total.m.xm1.m0.1overf = 6.757639e-16
inoise_total.m.xm1.m0.id = 2.018292e-12
inoise_total.m.xm1.m0.1overf = 6.757639e-13
Doing analysis at TEMP = -40.000000 and TNOM = 27.000000

Using SPARSE 1.3 as Direct Linear Solver

No. of Data Rows : 1
zm6 = 1.000000e-03
Doing analysis at TEMP = -40.000000 and TNOM = 27.000000

Using SPARSE 1.3 as Direct Linear Solver

No. of Data Rows : 2

No. of Data Rows : 1
onoise_total_rs_thermal = 3.588304e-12
onoise_total.m.xm1.m0.id = 2.018292e-15
onoise_total.m.xm1.m0.1overf = 4.010169e-16
inoise_total.m.xm1.m0.id = 2.018292e-12
inoise_total.m.xm1.m0.1overf = 4.010169e-13
Note: Simulation executed from .control section 

======================================================================
=== sid_ff_-40c_3.63v_xmnt_p0000
======================================================================
.temp -40
vg g 0 dc 9.025400360000e-01
vb b 0 dc 1.832000000000e-08
vd dd 0 dc 3.345892220000e-01
rs dd d 1.00000000e-03
--- ngspice output ---

Note: No compatibility mode selected!


Circuit: * gf180-pll :: period-jitter :: s_id along the trajectory -- generated.

Doing analysis at TEMP = -40.000000 and TNOM = 27.000000

Using SPARSE 1.3 as Direct Linear Solver

No. of Data Rows : 1
@m.xm1.m0[vgs] = 9.025234e-01
@m.xm1.m0[vds] = 3.345558e-01
@m.xm1.m0[vbs] = -1.66458e-05
@m.xm1.m0[id] = 5.290187e-05
@m.xm1.m0[gm] = 3.709812e-04
@m.xm1.m0[gds] = 1.342201e-05
v(d) = 3.345892e-01
Doing analysis at TEMP = -40.000000 and TNOM = 27.000000

Using SPARSE 1.3 as Direct Linear Solver

No. of Data Rows : 1
zm0 = 1.000000e-03
Doing analysis at TEMP = -40.000000 and TNOM = 27.000000

Using SPARSE 1.3 as Direct Linear Solver

No. of Data Rows : 2

No. of Data Rows : 1
onoise_total_rs_thermal = 3.588304e-12
onoise_total.m.xm1.m0.id = 2.018382e-15
onoise_total.m.xm1.m0.1overf = 1.602274e-13
inoise_total.m.xm1.m0.id = 2.018382e-12
inoise_total.m.xm1.m0.1overf = 1.602274e-10
Doing analysis at TEMP = -40.000000 and TNOM = 27.000000

Using SPARSE 1.3 as Direct Linear Solver

No. of Data Rows : 1
zm1 = 1.000000e-03
Doing analysis at TEMP = -40.000000 and TNOM = 27.000000

Using SPARSE 1.3 as Direct Linear Solver

No. of Data Rows : 2

No. of Data Rows : 1
onoise_total_rs_thermal = 3.588304e-12
onoise_total.m.xm1.m0.id = 2.018382e-15
onoise_total.m.xm1.m0.1overf = 5.368211e-14
inoise_total.m.xm1.m0.id = 2.018382e-12
inoise_total.m.xm1.m0.1overf = 5.368211e-11
Doing analysis at TEMP = -40.000000 and TNOM = 27.000000

Using SPARSE 1.3 as Direct Linear Solver

No. of Data Rows : 1
zm2 = 1.000000e-03
Doing analysis at TEMP = -40.000000 and TNOM = 27.000000

Using SPARSE 1.3 as Direct Linear Solver

No. of Data Rows : 2

No. of Data Rows : 1
onoise_total_rs_thermal = 3.588304e-12
onoise_total.m.xm1.m0.id = 2.018382e-15
onoise_total.m.xm1.m0.1overf = 1.798203e-14
inoise_total.m.xm1.m0.id = 2.018382e-12
inoise_total.m.xm1.m0.1overf = 1.798203e-11
Doing analysis at TEMP = -40.000000 and TNOM = 27.000000

Using SPARSE 1.3 as Direct Linear Solver

No. of Data Rows : 1
zm3 = 1.000000e-03
Doing analysis at TEMP = -40.000000 and TNOM = 27.000000

Using SPARSE 1.3 as Direct Linear Solver

No. of Data Rows : 2

No. of Data Rows : 1
onoise_total_rs_thermal = 3.588304e-12
onoise_total.m.xm1.m0.id = 2.018382e-15
onoise_total.m.xm1.m0.1overf = 6.023373e-15
inoise_total.m.xm1.m0.id = 2.018382e-12
inoise_total.m.xm1.m0.1overf = 6.023373e-12
Doing analysis at TEMP = -40.000000 and TNOM = 27.000000

Using SPARSE 1.3 as Direct Linear Solver

No. of Data Rows : 1
zm4 = 1.000000e-03
Doing analysis at TEMP = -40.000000 and TNOM = 27.000000

Using SPARSE 1.3 as Direct Linear Solver

No. of Data Rows : 2

No. of Data Rows : 1
onoise_total_rs_thermal = 3.588304e-12
onoise_total.m.xm1.m0.id = 2.018382e-15
onoise_total.m.xm1.m0.1overf = 2.017622e-15
inoise_total.m.xm1.m0.id = 2.018382e-12
inoise_total.m.xm1.m0.1overf = 2.017622e-12
Doing analysis at TEMP = -40.000000 and TNOM = 27.000000

Using SPARSE 1.3 as Direct Linear Solver

No. of Data Rows : 1
zm5 = 1.000000e-03
Doing analysis at TEMP = -40.000000 and TNOM = 27.000000

Using SPARSE 1.3 as Direct Linear Solver

No. of Data Rows : 2

No. of Data Rows : 1
onoise_total_rs_thermal = 3.588304e-12
onoise_total.m.xm1.m0.id = 2.018382e-15
onoise_total.m.xm1.m0.1overf = 6.758336e-16
inoise_total.m.xm1.m0.id = 2.018382e-12
inoise_total.m.xm1.m0.1overf = 6.758336e-13
Doing analysis at TEMP = -40.000000 and TNOM = 27.000000

Using SPARSE 1.3 as Direct Linear Solver

No. of Data Rows : 1
zm6 = 1.000000e-03
Doing analysis at TEMP = -40.000000 and TNOM = 27.000000

Using SPARSE 1.3 as Direct Linear Solver

No. of Data Rows : 2

No. of Data Rows : 1
onoise_total_rs_thermal = 3.588304e-12
onoise_total.m.xm1.m0.id = 2.018382e-15
onoise_total.m.xm1.m0.1overf = 4.010582e-16
inoise_total.m.xm1.m0.id = 2.018382e-12
inoise_total.m.xm1.m0.1overf = 4.010582e-13
Note: Simulation executed from .control section 

======================================================================
=== sid_ff_-40c_3.63v_xmnt_p0042_pass1
======================================================================
.temp -40
vg g 0 dc 9.002096900000e-01
vb b 0 dc -1.278737360000e-05
vd dd 0 dc 1.361178520000e-01
rs dd d 1.00000000e-03
--- ngspice output ---

Note: No compatibility mode selected!


Circuit: * gf180-pll :: period-jitter :: s_id along the trajectory -- generated.

Doing analysis at TEMP = -40.000000 and TNOM = 27.000000

Using SPARSE 1.3 as Direct Linear Solver

No. of Data Rows : 1
@m.xm1.m0[vgs] = 9.001970e-01
@m.xm1.m0[vds] = 1.360925e-01
@m.xm1.m0[vbs] = -2.54428e-05
@m.xm1.m0[id] = 4.017609e-05
@m.xm1.m0[gm] = 2.227754e-04
@m.xm1.m0[gds] = 1.672151e-04
v(d) = 1.361178e-01
Doing analysis at TEMP = -40.000000 and TNOM = 27.000000

Using SPARSE 1.3 as Direct Linear Solver

No. of Data Rows : 1
zm0 = 9.999998e-04
Doing analysis at TEMP = -40.000000 and TNOM = 27.000000

Using SPARSE 1.3 as Direct Linear Solver

No. of Data Rows : 2

No. of Data Rows : 1
onoise_total_rs_thermal = 3.588304e-12
onoise_total.m.xm1.m0.id = 2.085383e-15
onoise_total.m.xm1.m0.1overf = 8.244711e-14
inoise_total.m.xm1.m0.id = 2.085384e-12
inoise_total.m.xm1.m0.1overf = 8.244713e-11
Doing analysis at TEMP = -40.000000 and TNOM = 27.000000

Using SPARSE 1.3 as Direct Linear Solver

No. of Data Rows : 1
zm1 = 9.999998e-04
Doing analysis at TEMP = -40.000000 and TNOM = 27.000000

Using SPARSE 1.3 as Direct Linear Solver

No. of Data Rows : 2

No. of Data Rows : 1
onoise_total_rs_thermal = 3.588304e-12
onoise_total.m.xm1.m0.id = 2.085383e-15
onoise_total.m.xm1.m0.1overf = 2.762283e-14
inoise_total.m.xm1.m0.id = 2.085384e-12
inoise_total.m.xm1.m0.1overf = 2.762284e-11
Doing analysis at TEMP = -40.000000 and TNOM = 27.000000

Using SPARSE 1.3 as Direct Linear Solver

No. of Data Rows : 1
zm2 = 9.999998e-04
Doing analysis at TEMP = -40.000000 and TNOM = 27.000000

Using SPARSE 1.3 as Direct Linear Solver

No. of Data Rows : 2

No. of Data Rows : 1
onoise_total_rs_thermal = 3.588304e-12
onoise_total.m.xm1.m0.id = 2.085383e-15
onoise_total.m.xm1.m0.1overf = 9.252893e-15
inoise_total.m.xm1.m0.id = 2.085384e-12
inoise_total.m.xm1.m0.1overf = 9.252894e-12
Doing analysis at TEMP = -40.000000 and TNOM = 27.000000

Using SPARSE 1.3 as Direct Linear Solver

No. of Data Rows : 1
zm3 = 9.999998e-04
Doing analysis at TEMP = -40.000000 and TNOM = 27.000000

Using SPARSE 1.3 as Direct Linear Solver

No. of Data Rows : 2

No. of Data Rows : 1
onoise_total_rs_thermal = 3.588304e-12
onoise_total.m.xm1.m0.id = 2.085383e-15
onoise_total.m.xm1.m0.1overf = 3.099406e-15
inoise_total.m.xm1.m0.id = 2.085384e-12
inoise_total.m.xm1.m0.1overf = 3.099406e-12
Doing analysis at TEMP = -40.000000 and TNOM = 27.000000

Using SPARSE 1.3 as Direct Linear Solver

No. of Data Rows : 1
zm4 = 9.999998e-04
Doing analysis at TEMP = -40.000000 and TNOM = 27.000000

Using SPARSE 1.3 as Direct Linear Solver

No. of Data Rows : 2

No. of Data Rows : 1
onoise_total_rs_thermal = 3.588304e-12
onoise_total.m.xm1.m0.id = 2.085383e-15
onoise_total.m.xm1.m0.1overf = 1.038194e-15
inoise_total.m.xm1.m0.id = 2.085384e-12
inoise_total.m.xm1.m0.1overf = 1.038194e-12
Doing analysis at TEMP = -40.000000 and TNOM = 27.000000

Using SPARSE 1.3 as Direct Linear Solver

No. of Data Rows : 1
zm5 = 9.999998e-04
Doing analysis at TEMP = -40.000000 and TNOM = 27.000000

Using SPARSE 1.3 as Direct Linear Solver

No. of Data Rows : 2

No. of Data Rows : 1
onoise_total_rs_thermal = 3.588304e-12
onoise_total.m.xm1.m0.id = 2.085383e-15
onoise_total.m.xm1.m0.1overf = 3.477591e-16
inoise_total.m.xm1.m0.id = 2.085384e-12
inoise_total.m.xm1.m0.1overf = 3.477591e-13
Doing analysis at TEMP = -40.000000 and TNOM = 27.000000

Using SPARSE 1.3 as Direct Linear Solver

No. of Data Rows : 1
zm6 = 9.999998e-04
Doing analysis at TEMP = -40.000000 and TNOM = 27.000000

Using SPARSE 1.3 as Direct Linear Solver

No. of Data Rows : 2

No. of Data Rows : 1
onoise_total_rs_thermal = 3.588304e-12
onoise_total.m.xm1.m0.id = 2.085383e-15
onoise_total.m.xm1.m0.1overf = 2.063698e-16
inoise_total.m.xm1.m0.id = 2.085384e-12
inoise_total.m.xm1.m0.1overf = 2.063698e-13
Note: Simulation executed from .control section 

======================================================================
=== sid_ff_-40c_3.63v_xmnt_p0042
======================================================================
.temp -40
vg g 0 dc 9.002223800000e-01
vb b 0 dc -1.319472000000e-07
vd dd 0 dc 1.361432040000e-01
rs dd d 1.00000000e-03
--- ngspice output ---

Note: No compatibility mode selected!


Circuit: * gf180-pll :: period-jitter :: s_id along the trajectory -- generated.

Doing analysis at TEMP = -40.000000 and TNOM = 27.000000

Using SPARSE 1.3 as Direct Linear Solver

No. of Data Rows : 1
@m.xm1.m0[vgs] = 9.002097e-01
@m.xm1.m0[vds] = 1.361178e-01
@m.xm1.m0[vbs] = -1.27899e-05
@m.xm1.m0[id] = 4.018412e-05
@m.xm1.m0[gm] = 2.228133e-04
@m.xm1.m0[gds] = 1.671966e-04
v(d) = 1.361432e-01
Doing analysis at TEMP = -40.000000 and TNOM = 27.000000

Using SPARSE 1.3 as Direct Linear Solver

No. of Data Rows : 1
zm0 = 9.999998e-04
Doing analysis at TEMP = -40.000000 and TNOM = 27.000000

Using SPARSE 1.3 as Direct Linear Solver

No. of Data Rows : 2

No. of Data Rows : 1
onoise_total_rs_thermal = 3.588304e-12
onoise_total.m.xm1.m0.id = 2.085432e-15
onoise_total.m.xm1.m0.1overf = 8.246326e-14
inoise_total.m.xm1.m0.id = 2.085432e-12
inoise_total.m.xm1.m0.1overf = 8.246327e-11
Doing analysis at TEMP = -40.000000 and TNOM = 27.000000

Using SPARSE 1.3 as Direct Linear Solver

No. of Data Rows : 1
zm1 = 9.999998e-04
Doing analysis at TEMP = -40.000000 and TNOM = 27.000000

Using SPARSE 1.3 as Direct Linear Solver

No. of Data Rows : 2

No. of Data Rows : 1
onoise_total_rs_thermal = 3.588304e-12
onoise_total.m.xm1.m0.id = 2.085432e-15
onoise_total.m.xm1.m0.1overf = 2.762824e-14
inoise_total.m.xm1.m0.id = 2.085432e-12
inoise_total.m.xm1.m0.1overf = 2.762825e-11
Doing analysis at TEMP = -40.000000 and TNOM = 27.000000

Using SPARSE 1.3 as Direct Linear Solver

No. of Data Rows : 1
zm2 = 9.999998e-04
Doing analysis at TEMP = -40.000000 and TNOM = 27.000000

Using SPARSE 1.3 as Direct Linear Solver

No. of Data Rows : 2

No. of Data Rows : 1
onoise_total_rs_thermal = 3.588304e-12
onoise_total.m.xm1.m0.id = 2.085432e-15
onoise_total.m.xm1.m0.1overf = 9.254704e-15
inoise_total.m.xm1.m0.id = 2.085432e-12
inoise_total.m.xm1.m0.1overf = 9.254706e-12
Doing analysis at TEMP = -40.000000 and TNOM = 27.000000

Using SPARSE 1.3 as Direct Linear Solver

No. of Data Rows : 1
zm3 = 9.999998e-04
Doing analysis at TEMP = -40.000000 and TNOM = 27.000000

Using SPARSE 1.3 as Direct Linear Solver

No. of Data Rows : 2

No. of Data Rows : 1
onoise_total_rs_thermal = 3.588304e-12
onoise_total.m.xm1.m0.id = 2.085432e-15
onoise_total.m.xm1.m0.1overf = 3.100013e-15
inoise_total.m.xm1.m0.id = 2.085432e-12
inoise_total.m.xm1.m0.1overf = 3.100013e-12
Doing analysis at TEMP = -40.000000 and TNOM = 27.000000

Using SPARSE 1.3 as Direct Linear Solver

No. of Data Rows : 1
zm4 = 9.999998e-04
Doing analysis at TEMP = -40.000000 and TNOM = 27.000000

Using SPARSE 1.3 as Direct Linear Solver

No. of Data Rows : 2

No. of Data Rows : 1
onoise_total_rs_thermal = 3.588304e-12
onoise_total.m.xm1.m0.id = 2.085432e-15
onoise_total.m.xm1.m0.1overf = 1.038397e-15
inoise_total.m.xm1.m0.id = 2.085432e-12
inoise_total.m.xm1.m0.1overf = 1.038397e-12
Doing analysis at TEMP = -40.000000 and TNOM = 27.000000

Using SPARSE 1.3 as Direct Linear Solver

No. of Data Rows : 1
zm5 = 9.999998e-04
Doing analysis at TEMP = -40.000000 and TNOM = 27.000000

Using SPARSE 1.3 as Direct Linear Solver

No. of Data Rows : 2

No. of Data Rows : 1
onoise_total_rs_thermal = 3.588304e-12
onoise_total.m.xm1.m0.id = 2.085432e-15
onoise_total.m.xm1.m0.1overf = 3.478271e-16
inoise_total.m.xm1.m0.id = 2.085432e-12
inoise_total.m.xm1.m0.1overf = 3.478272e-13
Doing analysis at TEMP = -40.000000 and TNOM = 27.000000

Using SPARSE 1.3 as Direct Linear Solver

No. of Data Rows : 1
zm6 = 9.999998e-04
Doing analysis at TEMP = -40.000000 and TNOM = 27.000000

Using SPARSE 1.3 as Direct Linear Solver

No. of Data Rows : 2

No. of Data Rows : 1
onoise_total_rs_thermal = 3.588304e-12
onoise_total.m.xm1.m0.id = 2.085432e-15
onoise_total.m.xm1.m0.1overf = 2.064102e-16
inoise_total.m.xm1.m0.id = 2.085432e-12
inoise_total.m.xm1.m0.1overf = 2.064102e-13
Note: Simulation executed from .control section 

======================================================================
=== sid_ff_-40c_3.63v_xmnt_p0083_pass1
======================================================================
.temp -40
vg g 0 dc 8.995247630000e-01
vb b 0 dc 2.048367960000e-07
vd dd 0 dc -1.538984740000e-03
rs dd d 1.00000000e-03
--- ngspice output ---

Note: No compatibility mode selected!


Circuit: * gf180-pll :: period-jitter :: s_id along the trajectory -- generated.

Doing analysis at TEMP = -40.000000 and TNOM = 27.000000

Using SPARSE 1.3 as Direct Linear Solver

No. of Data Rows : 1
@m.xm1.m0[vgs] = 8.995250e-01
@m.xm1.m0[vds] = -1.53856e-03
@m.xm1.m0[vbs] = 4.153997e-07
@m.xm1.m0[id] = 6.684536e-07
@m.xm1.m0[gm] = 2.741141e-06
@m.xm1.m0[gds] = 4.327905e-04
v(d) = -1.53898e-03
Doing analysis at TEMP = -40.000000 and TNOM = 27.000000

Using SPARSE 1.3 as Direct Linear Solver

No. of Data Rows : 1
zm0 = 9.999996e-04
Doing analysis at TEMP = -40.000000 and TNOM = 27.000000

Using SPARSE 1.3 as Direct Linear Solver

No. of Data Rows : 2

No. of Data Rows : 1
onoise_total_rs_thermal = 3.588303e-12
onoise_total.m.xm1.m0.id = 2.423347e-15
onoise_total.m.xm1.m0.1overf = 9.775472e-16
inoise_total.m.xm1.m0.id = 2.423348e-12
inoise_total.m.xm1.m0.1overf = 9.775476e-13
Doing analysis at TEMP = -40.000000 and TNOM = 27.000000

Using SPARSE 1.3 as Direct Linear Solver

No. of Data Rows : 1
zm1 = 9.999996e-04
Doing analysis at TEMP = -40.000000 and TNOM = 27.000000

Using SPARSE 1.3 as Direct Linear Solver

No. of Data Rows : 2

No. of Data Rows : 1
onoise_total_rs_thermal = 3.588303e-12
onoise_total.m.xm1.m0.id = 2.423347e-15
onoise_total.m.xm1.m0.1overf = 3.275145e-16
inoise_total.m.xm1.m0.id = 2.423348e-12
inoise_total.m.xm1.m0.1overf = 3.275146e-13
Doing analysis at TEMP = -40.000000 and TNOM = 27.000000

Using SPARSE 1.3 as Direct Linear Solver

No. of Data Rows : 1
zm2 = 9.999996e-04
Doing analysis at TEMP = -40.000000 and TNOM = 27.000000

Using SPARSE 1.3 as Direct Linear Solver

No. of Data Rows : 2

No. of Data Rows : 1
onoise_total_rs_thermal = 3.588303e-12
onoise_total.m.xm1.m0.id = 2.423347e-15
onoise_total.m.xm1.m0.1overf = 1.097084e-16
inoise_total.m.xm1.m0.id = 2.423348e-12
inoise_total.m.xm1.m0.1overf = 1.097084e-13
Doing analysis at TEMP = -40.000000 and TNOM = 27.000000

Using SPARSE 1.3 as Direct Linear Solver

No. of Data Rows : 1
zm3 = 9.999996e-04
Doing analysis at TEMP = -40.000000 and TNOM = 27.000000

Using SPARSE 1.3 as Direct Linear Solver

No. of Data Rows : 2

No. of Data Rows : 1
onoise_total_rs_thermal = 3.588303e-12
onoise_total.m.xm1.m0.id = 2.423347e-15
onoise_total.m.xm1.m0.1overf = 3.674859e-17
inoise_total.m.xm1.m0.id = 2.423348e-12
inoise_total.m.xm1.m0.1overf = 3.674861e-14
Doing analysis at TEMP = -40.000000 and TNOM = 27.000000

Using SPARSE 1.3 as Direct Linear Solver

No. of Data Rows : 1
zm4 = 9.999996e-04
Doing analysis at TEMP = -40.000000 and TNOM = 27.000000

Using SPARSE 1.3 as Direct Linear Solver

No. of Data Rows : 2

No. of Data Rows : 1
onoise_total_rs_thermal = 3.588303e-12
onoise_total.m.xm1.m0.id = 2.423347e-15
onoise_total.m.xm1.m0.1overf = 1.230951e-17
inoise_total.m.xm1.m0.id = 2.423348e-12
inoise_total.m.xm1.m0.1overf = 1.230952e-14
Doing analysis at TEMP = -40.000000 and TNOM = 27.000000

Using SPARSE 1.3 as Direct Linear Solver

No. of Data Rows : 1
zm5 = 9.999996e-04
Doing analysis at TEMP = -40.000000 and TNOM = 27.000000

Using SPARSE 1.3 as Direct Linear Solver

No. of Data Rows : 2

No. of Data Rows : 1
onoise_total_rs_thermal = 3.588303e-12
onoise_total.m.xm1.m0.id = 2.423347e-15
onoise_total.m.xm1.m0.1overf = 4.123260e-18
inoise_total.m.xm1.m0.id = 2.423348e-12
inoise_total.m.xm1.m0.1overf = 4.123262e-15
Doing analysis at TEMP = -40.000000 and TNOM = 27.000000

Using SPARSE 1.3 as Direct Linear Solver

No. of Data Rows : 1
zm6 = 9.999996e-04
Doing analysis at TEMP = -40.000000 and TNOM = 27.000000

Using SPARSE 1.3 as Direct Linear Solver

No. of Data Rows : 2

No. of Data Rows : 1
onoise_total_rs_thermal = 3.588303e-12
onoise_total.m.xm1.m0.id = 2.423347e-15
onoise_total.m.xm1.m0.1overf = 2.446856e-18
inoise_total.m.xm1.m0.id = 2.423348e-12
inoise_total.m.xm1.m0.1overf = 2.446857e-15
Note: Simulation executed from .control section 

======================================================================
=== sid_ff_-40c_3.63v_xmnt_p0083
======================================================================
.temp -40
vg g 0 dc 8.995245260000e-01
vb b 0 dc -5.726108000000e-09
vd dd 0 dc -1.539409480000e-03
rs dd d 1.00000000e-03
--- ngspice output ---

Note: No compatibility mode selected!


Circuit: * gf180-pll :: period-jitter :: s_id along the trajectory -- generated.

Doing analysis at TEMP = -40.000000 and TNOM = 27.000000

Using SPARSE 1.3 as Direct Linear Solver

No. of Data Rows : 1
@m.xm1.m0[vgs] = 8.995247e-01
@m.xm1.m0[vds] = -1.53899e-03
@m.xm1.m0[vbs] = 2.048949e-07
@m.xm1.m0[id] = 6.686381e-07
@m.xm1.m0[gm] = 2.741897e-06
@m.xm1.m0[gds] = 4.327900e-04
v(d) = -1.53941e-03
Doing analysis at TEMP = -40.000000 and TNOM = 27.000000

Using SPARSE 1.3 as Direct Linear Solver

No. of Data Rows : 1
zm0 = 9.999996e-04
Doing analysis at TEMP = -40.000000 and TNOM = 27.000000

Using SPARSE 1.3 as Direct Linear Solver

No. of Data Rows : 2

No. of Data Rows : 1
onoise_total_rs_thermal = 3.588303e-12
onoise_total.m.xm1.m0.id = 2.423347e-15
onoise_total.m.xm1.m0.1overf = 9.778170e-16
inoise_total.m.xm1.m0.id = 2.423348e-12
inoise_total.m.xm1.m0.1overf = 9.778174e-13
Doing analysis at TEMP = -40.000000 and TNOM = 27.000000

Using SPARSE 1.3 as Direct Linear Solver

No. of Data Rows : 1
zm1 = 9.999996e-04
Doing analysis at TEMP = -40.000000 and TNOM = 27.000000

Using SPARSE 1.3 as Direct Linear Solver

No. of Data Rows : 2

No. of Data Rows : 1
onoise_total_rs_thermal = 3.588303e-12
onoise_total.m.xm1.m0.id = 2.423347e-15
onoise_total.m.xm1.m0.1overf = 3.276049e-16
inoise_total.m.xm1.m0.id = 2.423348e-12
inoise_total.m.xm1.m0.1overf = 3.276050e-13
Doing analysis at TEMP = -40.000000 and TNOM = 27.000000

Using SPARSE 1.3 as Direct Linear Solver

No. of Data Rows : 1
zm2 = 9.999996e-04
Doing analysis at TEMP = -40.000000 and TNOM = 27.000000

Using SPARSE 1.3 as Direct Linear Solver

No. of Data Rows : 2

No. of Data Rows : 1
onoise_total_rs_thermal = 3.588303e-12
onoise_total.m.xm1.m0.id = 2.423347e-15
onoise_total.m.xm1.m0.1overf = 1.097387e-16
inoise_total.m.xm1.m0.id = 2.423348e-12
inoise_total.m.xm1.m0.1overf = 1.097387e-13
Doing analysis at TEMP = -40.000000 and TNOM = 27.000000

Using SPARSE 1.3 as Direct Linear Solver

No. of Data Rows : 1
zm3 = 9.999996e-04
Doing analysis at TEMP = -40.000000 and TNOM = 27.000000

Using SPARSE 1.3 as Direct Linear Solver

No. of Data Rows : 2

No. of Data Rows : 1
onoise_total_rs_thermal = 3.588303e-12
onoise_total.m.xm1.m0.id = 2.423347e-15
onoise_total.m.xm1.m0.1overf = 3.675874e-17
inoise_total.m.xm1.m0.id = 2.423348e-12
inoise_total.m.xm1.m0.1overf = 3.675875e-14
Doing analysis at TEMP = -40.000000 and TNOM = 27.000000

Using SPARSE 1.3 as Direct Linear Solver

No. of Data Rows : 1
zm4 = 9.999996e-04
Doing analysis at TEMP = -40.000000 and TNOM = 27.000000

Using SPARSE 1.3 as Direct Linear Solver

No. of Data Rows : 2

No. of Data Rows : 1
onoise_total_rs_thermal = 3.588303e-12
onoise_total.m.xm1.m0.id = 2.423347e-15
onoise_total.m.xm1.m0.1overf = 1.231291e-17
inoise_total.m.xm1.m0.id = 2.423348e-12
inoise_total.m.xm1.m0.1overf = 1.231291e-14
Doing analysis at TEMP = -40.000000 and TNOM = 27.000000

Using SPARSE 1.3 as Direct Linear Solver

No. of Data Rows : 1
zm5 = 9.999996e-04
Doing analysis at TEMP = -40.000000 and TNOM = 27.000000

Using SPARSE 1.3 as Direct Linear Solver

No. of Data Rows : 2

No. of Data Rows : 1
onoise_total_rs_thermal = 3.588303e-12
onoise_total.m.xm1.m0.id = 2.423347e-15
onoise_total.m.xm1.m0.1overf = 4.124398e-18
inoise_total.m.xm1.m0.id = 2.423348e-12
inoise_total.m.xm1.m0.1overf = 4.124400e-15
Doing analysis at TEMP = -40.000000 and TNOM = 27.000000

Using SPARSE 1.3 as Direct Linear Solver

No. of Data Rows : 1
zm6 = 9.999996e-04
Doing analysis at TEMP = -40.000000 and TNOM = 27.000000

Using SPARSE 1.3 as Direct Linear Solver

No. of Data Rows : 2

No. of Data Rows : 1
onoise_total_rs_thermal = 3.588303e-12
onoise_total.m.xm1.m0.id = 2.423347e-15
onoise_total.m.xm1.m0.1overf = 2.447531e-18
inoise_total.m.xm1.m0.id = 2.423348e-12
inoise_total.m.xm1.m0.1overf = 2.447532e-15
Note: Simulation executed from .control section 

======================================================================
=== sid_ff_-40c_3.63v_xmnt_p0125_pass1
======================================================================
.temp -40
vg g 0 dc 8.993815740000e-01
vb b 0 dc 3.419222560000e-08
vd dd 0 dc -2.614028280000e-04
rs dd d 1.00000000e-03
--- ngspice output ---

Note: No compatibility mode selected!


Circuit: * gf180-pll :: period-jitter :: s_id along the trajectory -- generated.

Doing analysis at TEMP = -40.000000 and TNOM = 27.000000

Using SPARSE 1.3 as Direct Linear Solver

No. of Data Rows : 1
@m.xm1.m0[vgs] = 8.993816e-01
@m.xm1.m0[vds] = -2.61332e-04
@m.xm1.m0[vbs] = 6.979734e-08
@m.xm1.m0[id] = 1.130321e-07
@m.xm1.m0[gm] = 4.662068e-07
@m.xm1.m0[gds] = 4.322394e-04
v(d) = -2.61403e-04
Doing analysis at TEMP = -40.000000 and TNOM = 27.000000

Using SPARSE 1.3 as Direct Linear Solver

No. of Data Rows : 1
zm0 = 9.999996e-04
Doing analysis at TEMP = -40.000000 and TNOM = 27.000000

Using SPARSE 1.3 as Direct Linear Solver

No. of Data Rows : 2

No. of Data Rows : 1
onoise_total_rs_thermal = 3.588303e-12
onoise_total.m.xm1.m0.id = 2.418512e-15
onoise_total.m.xm1.m0.1overf = 1.658802e-16
inoise_total.m.xm1.m0.id = 2.418513e-12
inoise_total.m.xm1.m0.1overf = 1.658803e-13
Doing analysis at TEMP = -40.000000 and TNOM = 27.000000

Using SPARSE 1.3 as Direct Linear Solver

No. of Data Rows : 1
zm1 = 9.999996e-04
Doing analysis at TEMP = -40.000000 and TNOM = 27.000000

Using SPARSE 1.3 as Direct Linear Solver

No. of Data Rows : 2

No. of Data Rows : 1
onoise_total_rs_thermal = 3.588303e-12
onoise_total.m.xm1.m0.id = 2.418512e-15
onoise_total.m.xm1.m0.1overf = 5.557601e-17
inoise_total.m.xm1.m0.id = 2.418513e-12
inoise_total.m.xm1.m0.1overf = 5.557604e-14
Doing analysis at TEMP = -40.000000 and TNOM = 27.000000

Using SPARSE 1.3 as Direct Linear Solver

No. of Data Rows : 1
zm2 = 9.999996e-04
Doing analysis at TEMP = -40.000000 and TNOM = 27.000000

Using SPARSE 1.3 as Direct Linear Solver

No. of Data Rows : 2

No. of Data Rows : 1
onoise_total_rs_thermal = 3.588303e-12
onoise_total.m.xm1.m0.id = 2.418512e-15
onoise_total.m.xm1.m0.1overf = 1.861644e-17
inoise_total.m.xm1.m0.id = 2.418513e-12
inoise_total.m.xm1.m0.1overf = 1.861645e-14
Doing analysis at TEMP = -40.000000 and TNOM = 27.000000

Using SPARSE 1.3 as Direct Linear Solver

No. of Data Rows : 1
zm3 = 9.999996e-04
Doing analysis at TEMP = -40.000000 and TNOM = 27.000000

Using SPARSE 1.3 as Direct Linear Solver

No. of Data Rows : 2

No. of Data Rows : 1
onoise_total_rs_thermal = 3.588303e-12
onoise_total.m.xm1.m0.id = 2.418512e-15
onoise_total.m.xm1.m0.1overf = 6.235878e-18
inoise_total.m.xm1.m0.id = 2.418513e-12
inoise_total.m.xm1.m0.1overf = 6.235881e-15
Doing analysis at TEMP = -40.000000 and TNOM = 27.000000

Using SPARSE 1.3 as Direct Linear Solver

No. of Data Rows : 1
zm4 = 9.999996e-04
Doing analysis at TEMP = -40.000000 and TNOM = 27.000000

Using SPARSE 1.3 as Direct Linear Solver

No. of Data Rows : 2

No. of Data Rows : 1
onoise_total_rs_thermal = 3.588303e-12
onoise_total.m.xm1.m0.id = 2.418512e-15
onoise_total.m.xm1.m0.1overf = 2.088804e-18
inoise_total.m.xm1.m0.id = 2.418513e-12
inoise_total.m.xm1.m0.1overf = 2.088805e-15
Doing analysis at TEMP = -40.000000 and TNOM = 27.000000

Using SPARSE 1.3 as Direct Linear Solver

No. of Data Rows : 1
zm5 = 9.999996e-04
Doing analysis at TEMP = -40.000000 and TNOM = 27.000000

Using SPARSE 1.3 as Direct Linear Solver

No. of Data Rows : 2

No. of Data Rows : 1
onoise_total_rs_thermal = 3.588303e-12
onoise_total.m.xm1.m0.id = 2.418512e-15
onoise_total.m.xm1.m0.1overf = 6.996770e-19
inoise_total.m.xm1.m0.id = 2.418513e-12
inoise_total.m.xm1.m0.1overf = 6.996773e-16
Doing analysis at TEMP = -40.000000 and TNOM = 27.000000

Using SPARSE 1.3 as Direct Linear Solver

No. of Data Rows : 1
zm6 = 9.999996e-04
Doing analysis at TEMP = -40.000000 and TNOM = 27.000000

Using SPARSE 1.3 as Direct Linear Solver

No. of Data Rows : 2

No. of Data Rows : 1
onoise_total_rs_thermal = 3.588303e-12
onoise_total.m.xm1.m0.id = 2.418512e-15
onoise_total.m.xm1.m0.1overf = 4.152075e-19
inoise_total.m.xm1.m0.id = 2.418513e-12
inoise_total.m.xm1.m0.1overf = 4.152077e-16
Note: Simulation executed from .control section 

======================================================================
=== sid_ff_-40c_3.63v_xmnt_p0125
======================================================================
.temp -40
vg g 0 dc 8.993815480000e-01
vb b 0 dc -1.412888800000e-09
vd dd 0 dc -2.614736560000e-04
rs dd d 1.00000000e-03
--- ngspice output ---

Note: No compatibility mode selected!


Circuit: * gf180-pll :: period-jitter :: s_id along the trajectory -- generated.

Doing analysis at TEMP = -40.000000 and TNOM = 27.000000

Using SPARSE 1.3 as Direct Linear Solver

No. of Data Rows : 1
@m.xm1.m0[vgs] = 8.993816e-01
@m.xm1.m0[vds] = -2.61402e-04
@m.xm1.m0[vbs] = 3.420188e-08
@m.xm1.m0[id] = 1.130628e-07
@m.xm1.m0[gm] = 4.663331e-07
@m.xm1.m0[gds] = 4.322394e-04
v(d) = -2.61474e-04
Doing analysis at TEMP = -40.000000 and TNOM = 27.000000

Using SPARSE 1.3 as Direct Linear Solver

No. of Data Rows : 1
zm0 = 9.999996e-04
Doing analysis at TEMP = -40.000000 and TNOM = 27.000000

Using SPARSE 1.3 as Direct Linear Solver

No. of Data Rows : 2

No. of Data Rows : 1
onoise_total_rs_thermal = 3.588303e-12
onoise_total.m.xm1.m0.id = 2.418512e-15
onoise_total.m.xm1.m0.1overf = 1.659252e-16
inoise_total.m.xm1.m0.id = 2.418513e-12
inoise_total.m.xm1.m0.1overf = 1.659252e-13
Doing analysis at TEMP = -40.000000 and TNOM = 27.000000

Using SPARSE 1.3 as Direct Linear Solver

No. of Data Rows : 1
zm1 = 9.999996e-04
Doing analysis at TEMP = -40.000000 and TNOM = 27.000000

Using SPARSE 1.3 as Direct Linear Solver

No. of Data Rows : 2

No. of Data Rows : 1
onoise_total_rs_thermal = 3.588303e-12
onoise_total.m.xm1.m0.id = 2.418512e-15
onoise_total.m.xm1.m0.1overf = 5.559107e-17
inoise_total.m.xm1.m0.id = 2.418513e-12
inoise_total.m.xm1.m0.1overf = 5.559110e-14
Doing analysis at TEMP = -40.000000 and TNOM = 27.000000

Using SPARSE 1.3 as Direct Linear Solver

No. of Data Rows : 1
zm2 = 9.999996e-04
Doing analysis at TEMP = -40.000000 and TNOM = 27.000000

Using SPARSE 1.3 as Direct Linear Solver

No. of Data Rows : 2

No. of Data Rows : 1
onoise_total_rs_thermal = 3.588303e-12
onoise_total.m.xm1.m0.id = 2.418512e-15
onoise_total.m.xm1.m0.1overf = 1.862149e-17
inoise_total.m.xm1.m0.id = 2.418513e-12
inoise_total.m.xm1.m0.1overf = 1.862149e-14
Doing analysis at TEMP = -40.000000 and TNOM = 27.000000

Using SPARSE 1.3 as Direct Linear Solver

No. of Data Rows : 1
zm3 = 9.999996e-04
Doing analysis at TEMP = -40.000000 and TNOM = 27.000000

Using SPARSE 1.3 as Direct Linear Solver

No. of Data Rows : 2

No. of Data Rows : 1
onoise_total_rs_thermal = 3.588303e-12
onoise_total.m.xm1.m0.id = 2.418512e-15
onoise_total.m.xm1.m0.1overf = 6.237568e-18
inoise_total.m.xm1.m0.id = 2.418513e-12
inoise_total.m.xm1.m0.1overf = 6.237570e-15
Doing analysis at TEMP = -40.000000 and TNOM = 27.000000

Using SPARSE 1.3 as Direct Linear Solver

No. of Data Rows : 1
zm4 = 9.999996e-04
Doing analysis at TEMP = -40.000000 and TNOM = 27.000000

Using SPARSE 1.3 as Direct Linear Solver

No. of Data Rows : 2

No. of Data Rows : 1
onoise_total_rs_thermal = 3.588303e-12
onoise_total.m.xm1.m0.id = 2.418512e-15
onoise_total.m.xm1.m0.1overf = 2.089370e-18
inoise_total.m.xm1.m0.id = 2.418513e-12
inoise_total.m.xm1.m0.1overf = 2.089371e-15
Doing analysis at TEMP = -40.000000 and TNOM = 27.000000

Using SPARSE 1.3 as Direct Linear Solver

No. of Data Rows : 1
zm5 = 9.999996e-04
Doing analysis at TEMP = -40.000000 and TNOM = 27.000000

Using SPARSE 1.3 as Direct Linear Solver

No. of Data Rows : 2

No. of Data Rows : 1
onoise_total_rs_thermal = 3.588303e-12
onoise_total.m.xm1.m0.id = 2.418512e-15
onoise_total.m.xm1.m0.1overf = 6.998666e-19
inoise_total.m.xm1.m0.id = 2.418513e-12
inoise_total.m.xm1.m0.1overf = 6.998669e-16
Doing analysis at TEMP = -40.000000 and TNOM = 27.000000

Using SPARSE 1.3 as Direct Linear Solver

No. of Data Rows : 1
zm6 = 9.999996e-04
Doing analysis at TEMP = -40.000000 and TNOM = 27.000000

Using SPARSE 1.3 as Direct Linear Solver

No. of Data Rows : 2

No. of Data Rows : 1
onoise_total_rs_thermal = 3.588303e-12
onoise_total.m.xm1.m0.id = 2.418512e-15
onoise_total.m.xm1.m0.1overf = 4.153201e-19
inoise_total.m.xm1.m0.id = 2.418513e-12
inoise_total.m.xm1.m0.1overf = 4.153203e-16
Note: Simulation executed from .control section 

======================================================================
=== sid_ff_-40c_3.63v_xmnt_p0167_pass1
======================================================================
.temp -40
vg g 0 dc 9.030011300000e-01
vb b 0 dc -1.060204110000e-07
vd dd 0 dc 3.681817340000e-04
rs dd d 1.00000000e-03
--- ngspice output ---

Note: No compatibility mode selected!


Circuit: * gf180-pll :: period-jitter :: s_id along the trajectory -- generated.

Doing analysis at TEMP = -40.000000 and TNOM = 27.000000

Using SPARSE 1.3 as Direct Linear Solver

No. of Data Rows : 1
@m.xm1.m0[vgs] = 9.030011e-01
@m.xm1.m0[vds] = 3.680800e-04
@m.xm1.m0[vbs] = -1.56831e-07
@m.xm1.m0[id] = 1.613040e-07
@m.xm1.m0[gm] = 6.558090e-07
@m.xm1.m0[gds] = 4.378290e-04
v(d) = 3.681816e-04
Doing analysis at TEMP = -40.000000 and TNOM = 27.000000

Using SPARSE 1.3 as Direct Linear Solver

No. of Data Rows : 1
zm0 = 9.999996e-04
Doing analysis at TEMP = -40.000000 and TNOM = 27.000000

Using SPARSE 1.3 as Direct Linear Solver

No. of Data Rows : 2

No. of Data Rows : 1
onoise_total_rs_thermal = 3.588303e-12
onoise_total.m.xm1.m0.id = 2.433819e-15
onoise_total.m.xm1.m0.1overf = 2.342141e-16
inoise_total.m.xm1.m0.id = 2.433820e-12
inoise_total.m.xm1.m0.1overf = 2.342142e-13
Doing analysis at TEMP = -40.000000 and TNOM = 27.000000

Using SPARSE 1.3 as Direct Linear Solver

No. of Data Rows : 1
zm1 = 9.999996e-04
Doing analysis at TEMP = -40.000000 and TNOM = 27.000000

Using SPARSE 1.3 as Direct Linear Solver

No. of Data Rows : 2

No. of Data Rows : 1
onoise_total_rs_thermal = 3.588303e-12
onoise_total.m.xm1.m0.id = 2.433819e-15
onoise_total.m.xm1.m0.1overf = 7.847039e-17
inoise_total.m.xm1.m0.id = 2.433820e-12
inoise_total.m.xm1.m0.1overf = 7.847042e-14
Doing analysis at TEMP = -40.000000 and TNOM = 27.000000

Using SPARSE 1.3 as Direct Linear Solver

No. of Data Rows : 1
zm2 = 9.999996e-04
Doing analysis at TEMP = -40.000000 and TNOM = 27.000000

Using SPARSE 1.3 as Direct Linear Solver

No. of Data Rows : 2

No. of Data Rows : 1
onoise_total_rs_thermal = 3.588303e-12
onoise_total.m.xm1.m0.id = 2.433819e-15
onoise_total.m.xm1.m0.1overf = 2.628543e-17
inoise_total.m.xm1.m0.id = 2.433820e-12
inoise_total.m.xm1.m0.1overf = 2.628544e-14
Doing analysis at TEMP = -40.000000 and TNOM = 27.000000

Using SPARSE 1.3 as Direct Linear Solver

No. of Data Rows : 1
zm3 = 9.999996e-04
Doing analysis at TEMP = -40.000000 and TNOM = 27.000000

Using SPARSE 1.3 as Direct Linear Solver

No. of Data Rows : 2

No. of Data Rows : 1
onoise_total_rs_thermal = 3.588303e-12
onoise_total.m.xm1.m0.id = 2.433819e-15
onoise_total.m.xm1.m0.1overf = 8.804729e-18
inoise_total.m.xm1.m0.id = 2.433820e-12
inoise_total.m.xm1.m0.1overf = 8.804733e-15
Doing analysis at TEMP = -40.000000 and TNOM = 27.000000

Using SPARSE 1.3 as Direct Linear Solver

No. of Data Rows : 1
zm4 = 9.999996e-04
Doing analysis at TEMP = -40.000000 and TNOM = 27.000000

Using SPARSE 1.3 as Direct Linear Solver

No. of Data Rows : 2

No. of Data Rows : 1
onoise_total_rs_thermal = 3.588303e-12
onoise_total.m.xm1.m0.id = 2.433819e-15
onoise_total.m.xm1.m0.1overf = 2.949281e-18
inoise_total.m.xm1.m0.id = 2.433820e-12
inoise_total.m.xm1.m0.1overf = 2.949282e-15
Doing analysis at TEMP = -40.000000 and TNOM = 27.000000

Using SPARSE 1.3 as Direct Linear Solver

No. of Data Rows : 1
zm5 = 9.999996e-04
Doing analysis at TEMP = -40.000000 and TNOM = 27.000000

Using SPARSE 1.3 as Direct Linear Solver

No. of Data Rows : 2

No. of Data Rows : 1
onoise_total_rs_thermal = 3.588303e-12
onoise_total.m.xm1.m0.id = 2.433819e-15
onoise_total.m.xm1.m0.1overf = 9.879069e-19
inoise_total.m.xm1.m0.id = 2.433820e-12
inoise_total.m.xm1.m0.1overf = 9.879073e-16
Doing analysis at TEMP = -40.000000 and TNOM = 27.000000

Using SPARSE 1.3 as Direct Linear Solver

No. of Data Rows : 1
zm6 = 9.999996e-04
Doing analysis at TEMP = -40.000000 and TNOM = 27.000000

Using SPARSE 1.3 as Direct Linear Solver

No. of Data Rows : 2

No. of Data Rows : 1
onoise_total_rs_thermal = 3.588303e-12
onoise_total.m.xm1.m0.id = 2.433819e-15
onoise_total.m.xm1.m0.1overf = 5.862511e-19
inoise_total.m.xm1.m0.id = 2.433820e-12
inoise_total.m.xm1.m0.1overf = 5.862514e-16
Note: Simulation executed from .control section 

======================================================================
=== sid_ff_-40c_3.63v_xmnt_p0167
======================================================================
.temp -40
vg g 0 dc 9.030011600000e-01
vb b 0 dc -5.520982200000e-08
vd dd 0 dc 3.682834680000e-04
rs dd d 1.00000000e-03
--- ngspice output ---

Note: No compatibility mode selected!


Circuit: * gf180-pll :: period-jitter :: s_id along the trajectory -- generated.

Doing analysis at TEMP = -40.000000 and TNOM = 27.000000

Using SPARSE 1.3 as Direct Linear Solver

No. of Data Rows : 1
@m.xm1.m0[vgs] = 9.030011e-01
@m.xm1.m0[vds] = 3.681817e-04
@m.xm1.m0[vbs] = -1.06035e-07
@m.xm1.m0[id] = 1.613485e-07
@m.xm1.m0[gm] = 6.559902e-07
@m.xm1.m0[gds] = 4.378288e-04
v(d) = 3.682833e-04
Doing analysis at TEMP = -40.000000 and TNOM = 27.000000

Using SPARSE 1.3 as Direct Linear Solver

No. of Data Rows : 1
zm0 = 9.999996e-04
Doing analysis at TEMP = -40.000000 and TNOM = 27.000000

Using SPARSE 1.3 as Direct Linear Solver

No. of Data Rows : 2

No. of Data Rows : 1
onoise_total_rs_thermal = 3.588303e-12
onoise_total.m.xm1.m0.id = 2.433819e-15
onoise_total.m.xm1.m0.1overf = 2.342788e-16
inoise_total.m.xm1.m0.id = 2.433820e-12
inoise_total.m.xm1.m0.1overf = 2.342789e-13
Doing analysis at TEMP = -40.000000 and TNOM = 27.000000

Using SPARSE 1.3 as Direct Linear Solver

No. of Data Rows : 1
zm1 = 9.999996e-04
Doing analysis at TEMP = -40.000000 and TNOM = 27.000000

Using SPARSE 1.3 as Direct Linear Solver

No. of Data Rows : 2

No. of Data Rows : 1
onoise_total_rs_thermal = 3.588303e-12
onoise_total.m.xm1.m0.id = 2.433819e-15
onoise_total.m.xm1.m0.1overf = 7.849207e-17
inoise_total.m.xm1.m0.id = 2.433820e-12
inoise_total.m.xm1.m0.1overf = 7.849210e-14
Doing analysis at TEMP = -40.000000 and TNOM = 27.000000

Using SPARSE 1.3 as Direct Linear Solver

No. of Data Rows : 1
zm2 = 9.999996e-04
Doing analysis at TEMP = -40.000000 and TNOM = 27.000000

Using SPARSE 1.3 as Direct Linear Solver

No. of Data Rows : 2

No. of Data Rows : 1
onoise_total_rs_thermal = 3.588303e-12
onoise_total.m.xm1.m0.id = 2.433819e-15
onoise_total.m.xm1.m0.1overf = 2.629269e-17
inoise_total.m.xm1.m0.id = 2.433820e-12
inoise_total.m.xm1.m0.1overf = 2.629270e-14
Doing analysis at TEMP = -40.000000 and TNOM = 27.000000

Using SPARSE 1.3 as Direct Linear Solver

No. of Data Rows : 1
zm3 = 9.999996e-04
Doing analysis at TEMP = -40.000000 and TNOM = 27.000000

Using SPARSE 1.3 as Direct Linear Solver

No. of Data Rows : 2

No. of Data Rows : 1
onoise_total_rs_thermal = 3.588303e-12
onoise_total.m.xm1.m0.id = 2.433819e-15
onoise_total.m.xm1.m0.1overf = 8.807162e-18
inoise_total.m.xm1.m0.id = 2.433820e-12
inoise_total.m.xm1.m0.1overf = 8.807166e-15
Doing analysis at TEMP = -40.000000 and TNOM = 27.000000

Using SPARSE 1.3 as Direct Linear Solver

No. of Data Rows : 1
zm4 = 9.999996e-04
Doing analysis at TEMP = -40.000000 and TNOM = 27.000000

Using SPARSE 1.3 as Direct Linear Solver

No. of Data Rows : 2

No. of Data Rows : 1
onoise_total_rs_thermal = 3.588303e-12
onoise_total.m.xm1.m0.id = 2.433819e-15
onoise_total.m.xm1.m0.1overf = 2.950096e-18
inoise_total.m.xm1.m0.id = 2.433820e-12
inoise_total.m.xm1.m0.1overf = 2.950097e-15
Doing analysis at TEMP = -40.000000 and TNOM = 27.000000

Using SPARSE 1.3 as Direct Linear Solver

No. of Data Rows : 1
zm5 = 9.999996e-04
Doing analysis at TEMP = -40.000000 and TNOM = 27.000000

Using SPARSE 1.3 as Direct Linear Solver

No. of Data Rows : 2

No. of Data Rows : 1
onoise_total_rs_thermal = 3.588303e-12
onoise_total.m.xm1.m0.id = 2.433819e-15
onoise_total.m.xm1.m0.1overf = 9.881798e-19
inoise_total.m.xm1.m0.id = 2.433820e-12
inoise_total.m.xm1.m0.1overf = 9.881803e-16
Doing analysis at TEMP = -40.000000 and TNOM = 27.000000

Using SPARSE 1.3 as Direct Linear Solver

No. of Data Rows : 1
zm6 = 9.999996e-04
Doing analysis at TEMP = -40.000000 and TNOM = 27.000000

Using SPARSE 1.3 as Direct Linear Solver

No. of Data Rows : 2

No. of Data Rows : 1
onoise_total_rs_thermal = 3.588303e-12
onoise_total.m.xm1.m0.id = 2.433819e-15
onoise_total.m.xm1.m0.1overf = 5.864131e-19
inoise_total.m.xm1.m0.id = 2.433820e-12
inoise_total.m.xm1.m0.1overf = 5.864134e-16
Note: Simulation executed from .control section 

======================================================================
=== sid_ff_-40c_3.63v_xmnt_p0208_pass1
======================================================================
.temp -40
vg g 0 dc 9.020514020000e-01
vb b 0 dc 4.566381290000e-08
vd dd 0 dc -1.830045760000e-04
rs dd d 1.00000000e-03
--- ngspice output ---

Note: No compatibility mode selected!


Circuit: * gf180-pll :: period-jitter :: s_id along the trajectory -- generated.

Doing analysis at TEMP = -40.000000 and TNOM = 27.000000

Using SPARSE 1.3 as Direct Linear Solver

No. of Data Rows : 1
@m.xm1.m0[vgs] = 9.020514e-01
@m.xm1.m0[vds] = -1.82954e-04
@m.xm1.m0[vbs] = 7.085880e-08
@m.xm1.m0[id] = 7.998410e-08
@m.xm1.m0[gm] = 3.260930e-07
@m.xm1.m0[gds] = 4.369816e-04
v(d) = -1.83004e-04
Doing analysis at TEMP = -40.000000 and TNOM = 27.000000

Using SPARSE 1.3 as Direct Linear Solver

No. of Data Rows : 1
zm0 = 9.999996e-04
Doing analysis at TEMP = -40.000000 and TNOM = 27.000000

Using SPARSE 1.3 as Direct Linear Solver

No. of Data Rows : 2

No. of Data Rows : 1
onoise_total_rs_thermal = 3.588303e-12
onoise_total.m.xm1.m0.id = 2.431065e-15
onoise_total.m.xm1.m0.1overf = 1.163641e-16
inoise_total.m.xm1.m0.id = 2.431066e-12
inoise_total.m.xm1.m0.1overf = 1.163642e-13
Doing analysis at TEMP = -40.000000 and TNOM = 27.000000

Using SPARSE 1.3 as Direct Linear Solver

No. of Data Rows : 1
zm1 = 9.999996e-04
Doing analysis at TEMP = -40.000000 and TNOM = 27.000000

Using SPARSE 1.3 as Direct Linear Solver

No. of Data Rows : 2

No. of Data Rows : 1
onoise_total_rs_thermal = 3.588303e-12
onoise_total.m.xm1.m0.id = 2.431065e-15
onoise_total.m.xm1.m0.1overf = 3.898630e-17
inoise_total.m.xm1.m0.id = 2.431066e-12
inoise_total.m.xm1.m0.1overf = 3.898631e-14
Doing analysis at TEMP = -40.000000 and TNOM = 27.000000

Using SPARSE 1.3 as Direct Linear Solver

No. of Data Rows : 1
zm2 = 9.999996e-04
Doing analysis at TEMP = -40.000000 and TNOM = 27.000000

Using SPARSE 1.3 as Direct Linear Solver

No. of Data Rows : 2

No. of Data Rows : 1
onoise_total_rs_thermal = 3.588303e-12
onoise_total.m.xm1.m0.id = 2.431065e-15
onoise_total.m.xm1.m0.1overf = 1.305934e-17
inoise_total.m.xm1.m0.id = 2.431066e-12
inoise_total.m.xm1.m0.1overf = 1.305935e-14
Doing analysis at TEMP = -40.000000 and TNOM = 27.000000

Using SPARSE 1.3 as Direct Linear Solver

No. of Data Rows : 1
zm3 = 9.999996e-04
Doing analysis at TEMP = -40.000000 and TNOM = 27.000000

Using SPARSE 1.3 as Direct Linear Solver

No. of Data Rows : 2

No. of Data Rows : 1
onoise_total_rs_thermal = 3.588303e-12
onoise_total.m.xm1.m0.id = 2.431065e-15
onoise_total.m.xm1.m0.1overf = 4.374437e-18
inoise_total.m.xm1.m0.id = 2.431066e-12
inoise_total.m.xm1.m0.1overf = 4.374439e-15
Doing analysis at TEMP = -40.000000 and TNOM = 27.000000

Using SPARSE 1.3 as Direct Linear Solver

No. of Data Rows : 1
zm4 = 9.999996e-04
Doing analysis at TEMP = -40.000000 and TNOM = 27.000000

Using SPARSE 1.3 as Direct Linear Solver

No. of Data Rows : 2

No. of Data Rows : 1
onoise_total_rs_thermal = 3.588303e-12
onoise_total.m.xm1.m0.id = 2.431065e-15
onoise_total.m.xm1.m0.1overf = 1.465286e-18
inoise_total.m.xm1.m0.id = 2.431066e-12
inoise_total.m.xm1.m0.1overf = 1.465286e-15
Doing analysis at TEMP = -40.000000 and TNOM = 27.000000

Using SPARSE 1.3 as Direct Linear Solver

No. of Data Rows : 1
zm5 = 9.999996e-04
Doing analysis at TEMP = -40.000000 and TNOM = 27.000000

Using SPARSE 1.3 as Direct Linear Solver

No. of Data Rows : 2

No. of Data Rows : 1
onoise_total_rs_thermal = 3.588303e-12
onoise_total.m.xm1.m0.id = 2.431065e-15
onoise_total.m.xm1.m0.1overf = 4.908199e-19
inoise_total.m.xm1.m0.id = 2.431066e-12
inoise_total.m.xm1.m0.1overf = 4.908201e-16
Doing analysis at TEMP = -40.000000 and TNOM = 27.000000

Using SPARSE 1.3 as Direct Linear Solver

No. of Data Rows : 1
zm6 = 9.999996e-04
Doing analysis at TEMP = -40.000000 and TNOM = 27.000000

Using SPARSE 1.3 as Direct Linear Solver

No. of Data Rows : 2

No. of Data Rows : 1
onoise_total_rs_thermal = 3.588303e-12
onoise_total.m.xm1.m0.id = 2.431065e-15
onoise_total.m.xm1.m0.1overf = 2.912661e-19
inoise_total.m.xm1.m0.id = 2.431066e-12
inoise_total.m.xm1.m0.1overf = 2.912662e-16
Note: Simulation executed from .control section 

======================================================================
=== sid_ff_-40c_3.63v_xmnt_p0208
======================================================================
.temp -40
vg g 0 dc 9.020514040000e-01
vb b 0 dc 2.046882580000e-08
vd dd 0 dc -1.830551520000e-04
rs dd d 1.00000000e-03
--- ngspice output ---

Note: No compatibility mode selected!


Circuit: * gf180-pll :: period-jitter :: s_id along the trajectory -- generated.

Doing analysis at TEMP = -40.000000 and TNOM = 27.000000

Using SPARSE 1.3 as Direct Linear Solver

No. of Data Rows : 1
@m.xm1.m0[vgs] = 9.020514e-01
@m.xm1.m0[vds] = -1.83005e-04
@m.xm1.m0[vbs] = 4.567078e-08
@m.xm1.m0[id] = 8.000621e-08
@m.xm1.m0[gm] = 3.261831e-07
@m.xm1.m0[gds] = 4.369816e-04
v(d) = -1.83055e-04
Doing analysis at TEMP = -40.000000 and TNOM = 27.000000

Using SPARSE 1.3 as Direct Linear Solver

No. of Data Rows : 1
zm0 = 9.999996e-04
Doing analysis at TEMP = -40.000000 and TNOM = 27.000000

Using SPARSE 1.3 as Direct Linear Solver

No. of Data Rows : 2

No. of Data Rows : 1
onoise_total_rs_thermal = 3.588303e-12
onoise_total.m.xm1.m0.id = 2.431065e-15
onoise_total.m.xm1.m0.1overf = 1.163963e-16
inoise_total.m.xm1.m0.id = 2.431066e-12
inoise_total.m.xm1.m0.1overf = 1.163964e-13
Doing analysis at TEMP = -40.000000 and TNOM = 27.000000

Using SPARSE 1.3 as Direct Linear Solver

No. of Data Rows : 1
zm1 = 9.999996e-04
Doing analysis at TEMP = -40.000000 and TNOM = 27.000000

Using SPARSE 1.3 as Direct Linear Solver

No. of Data Rows : 2

No. of Data Rows : 1
onoise_total_rs_thermal = 3.588303e-12
onoise_total.m.xm1.m0.id = 2.431065e-15
onoise_total.m.xm1.m0.1overf = 3.899707e-17
inoise_total.m.xm1.m0.id = 2.431066e-12
inoise_total.m.xm1.m0.1overf = 3.899709e-14
Doing analysis at TEMP = -40.000000 and TNOM = 27.000000

Using SPARSE 1.3 as Direct Linear Solver

No. of Data Rows : 1
zm2 = 9.999996e-04
Doing analysis at TEMP = -40.000000 and TNOM = 27.000000

Using SPARSE 1.3 as Direct Linear Solver

No. of Data Rows : 2

No. of Data Rows : 1
onoise_total_rs_thermal = 3.588303e-12
onoise_total.m.xm1.m0.id = 2.431065e-15
onoise_total.m.xm1.m0.1overf = 1.306295e-17
inoise_total.m.xm1.m0.id = 2.431066e-12
inoise_total.m.xm1.m0.1overf = 1.306296e-14
Doing analysis at TEMP = -40.000000 and TNOM = 27.000000

Using SPARSE 1.3 as Direct Linear Solver

No. of Data Rows : 1
zm3 = 9.999996e-04
Doing analysis at TEMP = -40.000000 and TNOM = 27.000000

Using SPARSE 1.3 as Direct Linear Solver

No. of Data Rows : 2

No. of Data Rows : 1
onoise_total_rs_thermal = 3.588303e-12
onoise_total.m.xm1.m0.id = 2.431065e-15
onoise_total.m.xm1.m0.1overf = 4.375646e-18
inoise_total.m.xm1.m0.id = 2.431066e-12
inoise_total.m.xm1.m0.1overf = 4.375648e-15
Doing analysis at TEMP = -40.000000 and TNOM = 27.000000

Using SPARSE 1.3 as Direct Linear Solver

No. of Data Rows : 1
zm4 = 9.999996e-04
Doing analysis at TEMP = -40.000000 and TNOM = 27.000000

Using SPARSE 1.3 as Direct Linear Solver

No. of Data Rows : 2

No. of Data Rows : 1
onoise_total_rs_thermal = 3.588303e-12
onoise_total.m.xm1.m0.id = 2.431065e-15
onoise_total.m.xm1.m0.1overf = 1.465691e-18
inoise_total.m.xm1.m0.id = 2.431066e-12
inoise_total.m.xm1.m0.1overf = 1.465691e-15
Doing analysis at TEMP = -40.000000 and TNOM = 27.000000

Using SPARSE 1.3 as Direct Linear Solver

No. of Data Rows : 1
zm5 = 9.999996e-04
Doing analysis at TEMP = -40.000000 and TNOM = 27.000000

Using SPARSE 1.3 as Direct Linear Solver

No. of Data Rows : 2

No. of Data Rows : 1
onoise_total_rs_thermal = 3.588303e-12
onoise_total.m.xm1.m0.id = 2.431065e-15
onoise_total.m.xm1.m0.1overf = 4.909556e-19
inoise_total.m.xm1.m0.id = 2.431066e-12
inoise_total.m.xm1.m0.1overf = 4.909558e-16
Doing analysis at TEMP = -40.000000 and TNOM = 27.000000

Using SPARSE 1.3 as Direct Linear Solver

No. of Data Rows : 1
zm6 = 9.999996e-04
Doing analysis at TEMP = -40.000000 and TNOM = 27.000000

Using SPARSE 1.3 as Direct Linear Solver

No. of Data Rows : 2

No. of Data Rows : 1
onoise_total_rs_thermal = 3.588303e-12
onoise_total.m.xm1.m0.id = 2.431065e-15
onoise_total.m.xm1.m0.1overf = 2.913466e-19
inoise_total.m.xm1.m0.id = 2.431066e-12
inoise_total.m.xm1.m0.1overf = 2.913467e-16
Note: Simulation executed from .control section 

======================================================================
=== sid_ff_-40c_3.63v_xmnt_p0250_pass1
======================================================================
.temp -40
vg g 0 dc 8.983952690000e-01
vb b 0 dc 3.669304600000e-08
vd dd 0 dc -1.882064150000e-04
rs dd d 1.00000000e-03
--- ngspice output ---

Note: No compatibility mode selected!


Circuit: * gf180-pll :: period-jitter :: s_id along the trajectory -- generated.

Doing analysis at TEMP = -40.000000 and TNOM = 27.000000

Using SPARSE 1.3 as Direct Linear Solver

No. of Data Rows : 1
@m.xm1.m0[vgs] = 8.983953e-01
@m.xm1.m0[vds] = -1.88155e-04
@m.xm1.m0[vbs] = 6.221822e-08
@m.xm1.m0[id] = 8.103230e-08
@m.xm1.m0[gm] = 3.358030e-07
@m.xm1.m0[gds] = 4.304625e-04
v(d) = -1.88206e-04
Doing analysis at TEMP = -40.000000 and TNOM = 27.000000

Using SPARSE 1.3 as Direct Linear Solver

No. of Data Rows : 1
zm0 = 9.999996e-04
Doing analysis at TEMP = -40.000000 and TNOM = 27.000000

Using SPARSE 1.3 as Direct Linear Solver

No. of Data Rows : 2

No. of Data Rows : 1
onoise_total_rs_thermal = 3.588303e-12
onoise_total.m.xm1.m0.id = 2.413522e-15
onoise_total.m.xm1.m0.1overf = 1.193336e-16
inoise_total.m.xm1.m0.id = 2.413523e-12
inoise_total.m.xm1.m0.1overf = 1.193336e-13
Doing analysis at TEMP = -40.000000 and TNOM = 27.000000

Using SPARSE 1.3 as Direct Linear Solver

No. of Data Rows : 1
zm1 = 9.999996e-04
Doing analysis at TEMP = -40.000000 and TNOM = 27.000000

Using SPARSE 1.3 as Direct Linear Solver

No. of Data Rows : 2

No. of Data Rows : 1
onoise_total_rs_thermal = 3.588303e-12
onoise_total.m.xm1.m0.id = 2.413522e-15
onoise_total.m.xm1.m0.1overf = 3.998116e-17
inoise_total.m.xm1.m0.id = 2.413523e-12
inoise_total.m.xm1.m0.1overf = 3.998118e-14
Doing analysis at TEMP = -40.000000 and TNOM = 27.000000

Using SPARSE 1.3 as Direct Linear Solver

No. of Data Rows : 1
zm2 = 9.999996e-04
Doing analysis at TEMP = -40.000000 and TNOM = 27.000000

Using SPARSE 1.3 as Direct Linear Solver

No. of Data Rows : 2

No. of Data Rows : 1
onoise_total_rs_thermal = 3.588303e-12
onoise_total.m.xm1.m0.id = 2.413522e-15
onoise_total.m.xm1.m0.1overf = 1.339259e-17
inoise_total.m.xm1.m0.id = 2.413523e-12
inoise_total.m.xm1.m0.1overf = 1.339260e-14
Doing analysis at TEMP = -40.000000 and TNOM = 27.000000

Using SPARSE 1.3 as Direct Linear Solver

No. of Data Rows : 1
zm3 = 9.999996e-04
Doing analysis at TEMP = -40.000000 and TNOM = 27.000000

Using SPARSE 1.3 as Direct Linear Solver

No. of Data Rows : 2

No. of Data Rows : 1
onoise_total_rs_thermal = 3.588303e-12
onoise_total.m.xm1.m0.id = 2.413522e-15
onoise_total.m.xm1.m0.1overf = 4.486066e-18
inoise_total.m.xm1.m0.id = 2.413523e-12
inoise_total.m.xm1.m0.1overf = 4.486067e-15
Doing analysis at TEMP = -40.000000 and TNOM = 27.000000

Using SPARSE 1.3 as Direct Linear Solver

No. of Data Rows : 1
zm4 = 9.999996e-04
Doing analysis at TEMP = -40.000000 and TNOM = 27.000000

Using SPARSE 1.3 as Direct Linear Solver

No. of Data Rows : 2

No. of Data Rows : 1
onoise_total_rs_thermal = 3.588303e-12
onoise_total.m.xm1.m0.id = 2.413522e-15
onoise_total.m.xm1.m0.1overf = 1.502677e-18
inoise_total.m.xm1.m0.id = 2.413523e-12
inoise_total.m.xm1.m0.1overf = 1.502678e-15
Doing analysis at TEMP = -40.000000 and TNOM = 27.000000

Using SPARSE 1.3 as Direct Linear Solver

No. of Data Rows : 1
zm5 = 9.999996e-04
Doing analysis at TEMP = -40.000000 and TNOM = 27.000000

Using SPARSE 1.3 as Direct Linear Solver

No. of Data Rows : 2

No. of Data Rows : 1
onoise_total_rs_thermal = 3.588303e-12
onoise_total.m.xm1.m0.id = 2.413522e-15
onoise_total.m.xm1.m0.1overf = 5.033448e-19
inoise_total.m.xm1.m0.id = 2.413523e-12
inoise_total.m.xm1.m0.1overf = 5.033450e-16
Doing analysis at TEMP = -40.000000 and TNOM = 27.000000

Using SPARSE 1.3 as Direct Linear Solver

No. of Data Rows : 1
zm6 = 9.999996e-04
Doing analysis at TEMP = -40.000000 and TNOM = 27.000000

Using SPARSE 1.3 as Direct Linear Solver

No. of Data Rows : 2

No. of Data Rows : 1
onoise_total_rs_thermal = 3.588303e-12
onoise_total.m.xm1.m0.id = 2.413522e-15
onoise_total.m.xm1.m0.1overf = 2.986986e-19
inoise_total.m.xm1.m0.id = 2.413523e-12
inoise_total.m.xm1.m0.1overf = 2.986988e-16
Note: Simulation executed from .control section 

======================================================================
=== sid_ff_-40c_3.63v_xmnt_p0250
======================================================================
.temp -40
vg g 0 dc 8.983952380000e-01
vb b 0 dc 1.116787200000e-08
vd dd 0 dc -1.882578300000e-04
rs dd d 1.00000000e-03
--- ngspice output ---

Note: No compatibility mode selected!


Circuit: * gf180-pll :: period-jitter :: s_id along the trajectory -- generated.

Doing analysis at TEMP = -40.000000 and TNOM = 27.000000

Using SPARSE 1.3 as Direct Linear Solver

No. of Data Rows : 1
@m.xm1.m0[vgs] = 8.983953e-01
@m.xm1.m0[vds] = -1.88207e-04
@m.xm1.m0[vbs] = 3.670002e-08
@m.xm1.m0[id] = 8.105444e-08
@m.xm1.m0[gm] = 3.358947e-07
@m.xm1.m0[gds] = 4.304625e-04
v(d) = -1.88258e-04
Doing analysis at TEMP = -40.000000 and TNOM = 27.000000

Using SPARSE 1.3 as Direct Linear Solver

No. of Data Rows : 1
zm0 = 9.999996e-04
Doing analysis at TEMP = -40.000000 and TNOM = 27.000000

Using SPARSE 1.3 as Direct Linear Solver

No. of Data Rows : 2

No. of Data Rows : 1
onoise_total_rs_thermal = 3.588303e-12
onoise_total.m.xm1.m0.id = 2.413522e-15
onoise_total.m.xm1.m0.1overf = 1.193662e-16
inoise_total.m.xm1.m0.id = 2.413523e-12
inoise_total.m.xm1.m0.1overf = 1.193662e-13
Doing analysis at TEMP = -40.000000 and TNOM = 27.000000

Using SPARSE 1.3 as Direct Linear Solver

No. of Data Rows : 1
zm1 = 9.999996e-04
Doing analysis at TEMP = -40.000000 and TNOM = 27.000000

Using SPARSE 1.3 as Direct Linear Solver

No. of Data Rows : 2

No. of Data Rows : 1
onoise_total_rs_thermal = 3.588303e-12
onoise_total.m.xm1.m0.id = 2.413522e-15
onoise_total.m.xm1.m0.1overf = 3.999208e-17
inoise_total.m.xm1.m0.id = 2.413523e-12
inoise_total.m.xm1.m0.1overf = 3.999210e-14
Doing analysis at TEMP = -40.000000 and TNOM = 27.000000

Using SPARSE 1.3 as Direct Linear Solver

No. of Data Rows : 1
zm2 = 9.999996e-04
Doing analysis at TEMP = -40.000000 and TNOM = 27.000000

Using SPARSE 1.3 as Direct Linear Solver

No. of Data Rows : 2

No. of Data Rows : 1
onoise_total_rs_thermal = 3.588303e-12
onoise_total.m.xm1.m0.id = 2.413522e-15
onoise_total.m.xm1.m0.1overf = 1.339625e-17
inoise_total.m.xm1.m0.id = 2.413523e-12
inoise_total.m.xm1.m0.1overf = 1.339626e-14
Doing analysis at TEMP = -40.000000 and TNOM = 27.000000

Using SPARSE 1.3 as Direct Linear Solver

No. of Data Rows : 1
zm3 = 9.999996e-04
Doing analysis at TEMP = -40.000000 and TNOM = 27.000000

Using SPARSE 1.3 as Direct Linear Solver

No. of Data Rows : 2

No. of Data Rows : 1
onoise_total_rs_thermal = 3.588303e-12
onoise_total.m.xm1.m0.id = 2.413522e-15
onoise_total.m.xm1.m0.1overf = 4.487291e-18
inoise_total.m.xm1.m0.id = 2.413523e-12
inoise_total.m.xm1.m0.1overf = 4.487293e-15
Doing analysis at TEMP = -40.000000 and TNOM = 27.000000

Using SPARSE 1.3 as Direct Linear Solver

No. of Data Rows : 1
zm4 = 9.999996e-04
Doing analysis at TEMP = -40.000000 and TNOM = 27.000000

Using SPARSE 1.3 as Direct Linear Solver

No. of Data Rows : 2

No. of Data Rows : 1
onoise_total_rs_thermal = 3.588303e-12
onoise_total.m.xm1.m0.id = 2.413522e-15
onoise_total.m.xm1.m0.1overf = 1.503088e-18
inoise_total.m.xm1.m0.id = 2.413523e-12
inoise_total.m.xm1.m0.1overf = 1.503088e-15
Doing analysis at TEMP = -40.000000 and TNOM = 27.000000

Using SPARSE 1.3 as Direct Linear Solver

No. of Data Rows : 1
zm5 = 9.999996e-04
Doing analysis at TEMP = -40.000000 and TNOM = 27.000000

Using SPARSE 1.3 as Direct Linear Solver

No. of Data Rows : 2

No. of Data Rows : 1
onoise_total_rs_thermal = 3.588303e-12
onoise_total.m.xm1.m0.id = 2.413522e-15
onoise_total.m.xm1.m0.1overf = 5.034824e-19
inoise_total.m.xm1.m0.id = 2.413523e-12
inoise_total.m.xm1.m0.1overf = 5.034826e-16
Doing analysis at TEMP = -40.000000 and TNOM = 27.000000

Using SPARSE 1.3 as Direct Linear Solver

No. of Data Rows : 1
zm6 = 9.999996e-04
Doing analysis at TEMP = -40.000000 and TNOM = 27.000000

Using SPARSE 1.3 as Direct Linear Solver

No. of Data Rows : 2

No. of Data Rows : 1
onoise_total_rs_thermal = 3.588303e-12
onoise_total.m.xm1.m0.id = 2.413522e-15
onoise_total.m.xm1.m0.1overf = 2.987803e-19
inoise_total.m.xm1.m0.id = 2.413523e-12
inoise_total.m.xm1.m0.1overf = 2.987804e-16
Note: Simulation executed from .control section 

======================================================================
=== sid_ff_-40c_3.63v_xmnt_p0292_pass1
======================================================================
.temp -40
vg g 0 dc 8.991887580000e-01
vb b 0 dc 1.046987010000e-08
vd dd 0 dc -3.827641220000e-05
rs dd d 1.00000000e-03
--- ngspice output ---

Note: No compatibility mode selected!


Circuit: * gf180-pll :: period-jitter :: s_id along the trajectory -- generated.

Doing analysis at TEMP = -40.000000 and TNOM = 27.000000

Using SPARSE 1.3 as Direct Linear Solver

No. of Data Rows : 1
@m.xm1.m0[vgs] = 8.991888e-01
@m.xm1.m0[vds] = -3.82660e-05
@m.xm1.m0[vbs] = 1.567572e-08
@m.xm1.m0[id] = 1.652650e-08
@m.xm1.m0[gm] = 6.828489e-08
@m.xm1.m0[gds] = 4.318431e-04
v(d) = -3.82764e-05
Doing analysis at TEMP = -40.000000 and TNOM = 27.000000

Using SPARSE 1.3 as Direct Linear Solver

No. of Data Rows : 1
zm0 = 9.999996e-04
Doing analysis at TEMP = -40.000000 and TNOM = 27.000000

Using SPARSE 1.3 as Direct Linear Solver

No. of Data Rows : 2

No. of Data Rows : 1
onoise_total_rs_thermal = 3.588303e-12
onoise_total.m.xm1.m0.id = 2.416860e-15
onoise_total.m.xm1.m0.1overf = 2.428203e-17
inoise_total.m.xm1.m0.id = 2.416861e-12
inoise_total.m.xm1.m0.1overf = 2.428204e-14
Doing analysis at TEMP = -40.000000 and TNOM = 27.000000

Using SPARSE 1.3 as Direct Linear Solver

No. of Data Rows : 1
zm1 = 9.999996e-04
Doing analysis at TEMP = -40.000000 and TNOM = 27.000000

Using SPARSE 1.3 as Direct Linear Solver

No. of Data Rows : 2

No. of Data Rows : 1
onoise_total_rs_thermal = 3.588303e-12
onoise_total.m.xm1.m0.id = 2.416860e-15
onoise_total.m.xm1.m0.1overf = 8.135379e-18
inoise_total.m.xm1.m0.id = 2.416861e-12
inoise_total.m.xm1.m0.1overf = 8.135382e-15
Doing analysis at TEMP = -40.000000 and TNOM = 27.000000

Using SPARSE 1.3 as Direct Linear Solver

No. of Data Rows : 1
zm2 = 9.999996e-04
Doing analysis at TEMP = -40.000000 and TNOM = 27.000000

Using SPARSE 1.3 as Direct Linear Solver

No. of Data Rows : 2

No. of Data Rows : 1
onoise_total_rs_thermal = 3.588303e-12
onoise_total.m.xm1.m0.id = 2.416860e-15
onoise_total.m.xm1.m0.1overf = 2.725129e-18
inoise_total.m.xm1.m0.id = 2.416861e-12
inoise_total.m.xm1.m0.1overf = 2.725130e-15
Doing analysis at TEMP = -40.000000 and TNOM = 27.000000

Using SPARSE 1.3 as Direct Linear Solver

No. of Data Rows : 1
zm3 = 9.999996e-04
Doing analysis at TEMP = -40.000000 and TNOM = 27.000000

Using SPARSE 1.3 as Direct Linear Solver

No. of Data Rows : 2

No. of Data Rows : 1
onoise_total_rs_thermal = 3.588303e-12
onoise_total.m.xm1.m0.id = 2.416860e-15
onoise_total.m.xm1.m0.1overf = 9.128260e-19
inoise_total.m.xm1.m0.id = 2.416861e-12
inoise_total.m.xm1.m0.1overf = 9.128264e-16
Doing analysis at TEMP = -40.000000 and TNOM = 27.000000

Using SPARSE 1.3 as Direct Linear Solver

No. of Data Rows : 1
zm4 = 9.999996e-04
Doing analysis at TEMP = -40.000000 and TNOM = 27.000000

Using SPARSE 1.3 as Direct Linear Solver

No. of Data Rows : 2

No. of Data Rows : 1
onoise_total_rs_thermal = 3.588303e-12
onoise_total.m.xm1.m0.id = 2.416860e-15
onoise_total.m.xm1.m0.1overf = 3.057652e-19
inoise_total.m.xm1.m0.id = 2.416861e-12
inoise_total.m.xm1.m0.1overf = 3.057654e-16
Doing analysis at TEMP = -40.000000 and TNOM = 27.000000

Using SPARSE 1.3 as Direct Linear Solver

No. of Data Rows : 1
zm5 = 9.999996e-04
Doing analysis at TEMP = -40.000000 and TNOM = 27.000000

Using SPARSE 1.3 as Direct Linear Solver

No. of Data Rows : 2

No. of Data Rows : 1
onoise_total_rs_thermal = 3.588303e-12
onoise_total.m.xm1.m0.id = 2.416860e-15
onoise_total.m.xm1.m0.1overf = 1.024208e-19
inoise_total.m.xm1.m0.id = 2.416861e-12
inoise_total.m.xm1.m0.1overf = 1.024208e-16
Doing analysis at TEMP = -40.000000 and TNOM = 27.000000

Using SPARSE 1.3 as Direct Linear Solver

No. of Data Rows : 1
zm6 = 9.999996e-04
Doing analysis at TEMP = -40.000000 and TNOM = 27.000000

Using SPARSE 1.3 as Direct Linear Solver

No. of Data Rows : 2

No. of Data Rows : 1
onoise_total_rs_thermal = 3.588303e-12
onoise_total.m.xm1.m0.id = 2.416860e-15
onoise_total.m.xm1.m0.1overf = 6.077927e-20
inoise_total.m.xm1.m0.id = 2.416861e-12
inoise_total.m.xm1.m0.1overf = 6.077930e-17
Note: Simulation executed from .control section 

======================================================================
=== sid_ff_-40c_3.63v_xmnt_p0292
======================================================================
.temp -40
vg g 0 dc 8.991887160000e-01
vb b 0 dc 5.264020200000e-09
vd dd 0 dc -3.828682440000e-05
rs dd d 1.00000000e-03
--- ngspice output ---

Note: No compatibility mode selected!


Circuit: * gf180-pll :: period-jitter :: s_id along the trajectory -- generated.

Doing analysis at TEMP = -40.000000 and TNOM = 27.000000

Using SPARSE 1.3 as Direct Linear Solver

No. of Data Rows : 1
@m.xm1.m0[vgs] = 8.991887e-01
@m.xm1.m0[vds] = -3.82764e-05
@m.xm1.m0[vbs] = 1.047128e-08
@m.xm1.m0[id] = 1.653099e-08
@m.xm1.m0[gm] = 6.830347e-08
@m.xm1.m0[gds] = 4.318431e-04
v(d) = -3.82868e-05
Doing analysis at TEMP = -40.000000 and TNOM = 27.000000

Using SPARSE 1.3 as Direct Linear Solver

No. of Data Rows : 1
zm0 = 9.999996e-04
Doing analysis at TEMP = -40.000000 and TNOM = 27.000000

Using SPARSE 1.3 as Direct Linear Solver

No. of Data Rows : 2

No. of Data Rows : 1
onoise_total_rs_thermal = 3.588303e-12
onoise_total.m.xm1.m0.id = 2.416860e-15
onoise_total.m.xm1.m0.1overf = 2.428863e-17
inoise_total.m.xm1.m0.id = 2.416861e-12
inoise_total.m.xm1.m0.1overf = 2.428865e-14
Doing analysis at TEMP = -40.000000 and TNOM = 27.000000

Using SPARSE 1.3 as Direct Linear Solver

No. of Data Rows : 1
zm1 = 9.999996e-04
Doing analysis at TEMP = -40.000000 and TNOM = 27.000000

Using SPARSE 1.3 as Direct Linear Solver

No. of Data Rows : 2

No. of Data Rows : 1
onoise_total_rs_thermal = 3.588303e-12
onoise_total.m.xm1.m0.id = 2.416860e-15
onoise_total.m.xm1.m0.1overf = 8.137592e-18
inoise_total.m.xm1.m0.id = 2.416861e-12
inoise_total.m.xm1.m0.1overf = 8.137595e-15
Doing analysis at TEMP = -40.000000 and TNOM = 27.000000

Using SPARSE 1.3 as Direct Linear Solver

No. of Data Rows : 1
zm2 = 9.999996e-04
Doing analysis at TEMP = -40.000000 and TNOM = 27.000000

Using SPARSE 1.3 as Direct Linear Solver

No. of Data Rows : 2

No. of Data Rows : 1
onoise_total_rs_thermal = 3.588303e-12
onoise_total.m.xm1.m0.id = 2.416860e-15
onoise_total.m.xm1.m0.1overf = 2.725870e-18
inoise_total.m.xm1.m0.id = 2.416861e-12
inoise_total.m.xm1.m0.1overf = 2.725871e-15
Doing analysis at TEMP = -40.000000 and TNOM = 27.000000

Using SPARSE 1.3 as Direct Linear Solver

No. of Data Rows : 1
zm3 = 9.999996e-04
Doing analysis at TEMP = -40.000000 and TNOM = 27.000000

Using SPARSE 1.3 as Direct Linear Solver

No. of Data Rows : 2

No. of Data Rows : 1
onoise_total_rs_thermal = 3.588303e-12
onoise_total.m.xm1.m0.id = 2.416860e-15
onoise_total.m.xm1.m0.1overf = 9.130743e-19
inoise_total.m.xm1.m0.id = 2.416861e-12
inoise_total.m.xm1.m0.1overf = 9.130747e-16
Doing analysis at TEMP = -40.000000 and TNOM = 27.000000

Using SPARSE 1.3 as Direct Linear Solver

No. of Data Rows : 1
zm4 = 9.999996e-04
Doing analysis at TEMP = -40.000000 and TNOM = 27.000000

Using SPARSE 1.3 as Direct Linear Solver

No. of Data Rows : 2

No. of Data Rows : 1
onoise_total_rs_thermal = 3.588303e-12
onoise_total.m.xm1.m0.id = 2.416860e-15
onoise_total.m.xm1.m0.1overf = 3.058484e-19
inoise_total.m.xm1.m0.id = 2.416861e-12
inoise_total.m.xm1.m0.1overf = 3.058485e-16
Doing analysis at TEMP = -40.000000 and TNOM = 27.000000

Using SPARSE 1.3 as Direct Linear Solver

No. of Data Rows : 1
zm5 = 9.999996e-04
Doing analysis at TEMP = -40.000000 and TNOM = 27.000000

Using SPARSE 1.3 as Direct Linear Solver

No. of Data Rows : 2

No. of Data Rows : 1
onoise_total_rs_thermal = 3.588303e-12
onoise_total.m.xm1.m0.id = 2.416860e-15
onoise_total.m.xm1.m0.1overf = 1.024486e-19
inoise_total.m.xm1.m0.id = 2.416861e-12
inoise_total.m.xm1.m0.1overf = 1.024487e-16
Doing analysis at TEMP = -40.000000 and TNOM = 27.000000

Using SPARSE 1.3 as Direct Linear Solver

No. of Data Rows : 1
zm6 = 9.999996e-04
Doing analysis at TEMP = -40.000000 and TNOM = 27.000000

Using SPARSE 1.3 as Direct Linear Solver

No. of Data Rows : 2

No. of Data Rows : 1
onoise_total_rs_thermal = 3.588303e-12
onoise_total.m.xm1.m0.id = 2.416860e-15
onoise_total.m.xm1.m0.1overf = 6.079580e-20
inoise_total.m.xm1.m0.id = 2.416861e-12
inoise_total.m.xm1.m0.1overf = 6.079583e-17
Note: Simulation executed from .control section 

======================================================================
=== sid_ff_-40c_3.63v_xmnt_p0333_pass1
======================================================================
.temp -40
vg g 0 dc 9.000044880000e-01
vb b 0 dc 9.488571390000e-09
vd dd 0 dc -9.365387710000e-05
rs dd d 1.00000000e-03
--- ngspice output ---

Note: No compatibility mode selected!


Circuit: * gf180-pll :: period-jitter :: s_id along the trajectory -- generated.

Doing analysis at TEMP = -40.000000 and TNOM = 27.000000

Using SPARSE 1.3 as Direct Linear Solver

No. of Data Rows : 1
@m.xm1.m0[vgs] = 9.000045e-01
@m.xm1.m0[vds] = -9.36283e-05
@m.xm1.m0[vbs] = 2.227119e-08
@m.xm1.m0[id] = 4.057975e-08
@m.xm1.m0[gm] = 1.670204e-07
@m.xm1.m0[gds] = 4.333114e-04
v(d) = -9.36538e-05
Doing analysis at TEMP = -40.000000 and TNOM = 27.000000

Using SPARSE 1.3 as Direct Linear Solver

No. of Data Rows : 1
zm0 = 9.999996e-04
Doing analysis at TEMP = -40.000000 and TNOM = 27.000000

Using SPARSE 1.3 as Direct Linear Solver

No. of Data Rows : 2

No. of Data Rows : 1
onoise_total_rs_thermal = 3.588303e-12
onoise_total.m.xm1.m0.id = 2.420964e-15
onoise_total.m.xm1.m0.1overf = 5.945270e-17
inoise_total.m.xm1.m0.id = 2.420965e-12
inoise_total.m.xm1.m0.1overf = 5.945272e-14
Doing analysis at TEMP = -40.000000 and TNOM = 27.000000

Using SPARSE 1.3 as Direct Linear Solver

No. of Data Rows : 1
zm1 = 9.999996e-04
Doing analysis at TEMP = -40.000000 and TNOM = 27.000000

Using SPARSE 1.3 as Direct Linear Solver

No. of Data Rows : 2

No. of Data Rows : 1
onoise_total_rs_thermal = 3.588303e-12
onoise_total.m.xm1.m0.id = 2.420964e-15
onoise_total.m.xm1.m0.1overf = 1.991885e-17
inoise_total.m.xm1.m0.id = 2.420965e-12
inoise_total.m.xm1.m0.1overf = 1.991886e-14
Doing analysis at TEMP = -40.000000 and TNOM = 27.000000

Using SPARSE 1.3 as Direct Linear Solver

No. of Data Rows : 1
zm2 = 9.999996e-04
Doing analysis at TEMP = -40.000000 and TNOM = 27.000000

Using SPARSE 1.3 as Direct Linear Solver

No. of Data Rows : 2

No. of Data Rows : 1
onoise_total_rs_thermal = 3.588303e-12
onoise_total.m.xm1.m0.id = 2.420964e-15
onoise_total.m.xm1.m0.1overf = 6.672270e-18
inoise_total.m.xm1.m0.id = 2.420965e-12
inoise_total.m.xm1.m0.1overf = 6.672273e-15
Doing analysis at TEMP = -40.000000 and TNOM = 27.000000

Using SPARSE 1.3 as Direct Linear Solver

No. of Data Rows : 1
zm3 = 9.999996e-04
Doing analysis at TEMP = -40.000000 and TNOM = 27.000000

Using SPARSE 1.3 as Direct Linear Solver

No. of Data Rows : 2

No. of Data Rows : 1
onoise_total_rs_thermal = 3.588303e-12
onoise_total.m.xm1.m0.id = 2.420964e-15
onoise_total.m.xm1.m0.1overf = 2.234985e-18
inoise_total.m.xm1.m0.id = 2.420965e-12
inoise_total.m.xm1.m0.1overf = 2.234986e-15
Doing analysis at TEMP = -40.000000 and TNOM = 27.000000

Using SPARSE 1.3 as Direct Linear Solver

No. of Data Rows : 1
zm4 = 9.999996e-04
Doing analysis at TEMP = -40.000000 and TNOM = 27.000000

Using SPARSE 1.3 as Direct Linear Solver

No. of Data Rows : 2

No. of Data Rows : 1
onoise_total_rs_thermal = 3.588303e-12
onoise_total.m.xm1.m0.id = 2.420964e-15
onoise_total.m.xm1.m0.1overf = 7.486428e-19
inoise_total.m.xm1.m0.id = 2.420965e-12
inoise_total.m.xm1.m0.1overf = 7.486431e-16
Doing analysis at TEMP = -40.000000 and TNOM = 27.000000

Using SPARSE 1.3 as Direct Linear Solver

No. of Data Rows : 1
zm5 = 9.999996e-04
Doing analysis at TEMP = -40.000000 and TNOM = 27.000000

Using SPARSE 1.3 as Direct Linear Solver

No. of Data Rows : 2

No. of Data Rows : 1
onoise_total_rs_thermal = 3.588303e-12
onoise_total.m.xm1.m0.id = 2.420964e-15
onoise_total.m.xm1.m0.1overf = 2.507694e-19
inoise_total.m.xm1.m0.id = 2.420965e-12
inoise_total.m.xm1.m0.1overf = 2.507695e-16
Doing analysis at TEMP = -40.000000 and TNOM = 27.000000

Using SPARSE 1.3 as Direct Linear Solver

No. of Data Rows : 1
zm6 = 9.999996e-04
Doing analysis at TEMP = -40.000000 and TNOM = 27.000000

Using SPARSE 1.3 as Direct Linear Solver

No. of Data Rows : 2

No. of Data Rows : 1
onoise_total_rs_thermal = 3.588303e-12
onoise_total.m.xm1.m0.id = 2.420964e-15
onoise_total.m.xm1.m0.1overf = 1.488135e-19
inoise_total.m.xm1.m0.id = 2.420965e-12
inoise_total.m.xm1.m0.1overf = 1.488135e-16
Note: Simulation executed from .control section 

======================================================================
=== sid_ff_-40c_3.63v_xmnt_p0333
======================================================================
.temp -40
vg g 0 dc 9.000044760000e-01
vb b 0 dc -3.294047220000e-09
vd dd 0 dc -9.367945420000e-05
rs dd d 1.00000000e-03
--- ngspice output ---

Note: No compatibility mode selected!


Circuit: * gf180-pll :: period-jitter :: s_id along the trajectory -- generated.

Doing analysis at TEMP = -40.000000 and TNOM = 27.000000

Using SPARSE 1.3 as Direct Linear Solver

No. of Data Rows : 1
@m.xm1.m0[vgs] = 9.000045e-01
@m.xm1.m0[vds] = -9.36538e-05
@m.xm1.m0[vbs] = 9.492064e-09
@m.xm1.m0[id] = 4.059083e-08
@m.xm1.m0[gm] = 1.670660e-07
@m.xm1.m0[gds] = 4.333114e-04
v(d) = -9.36794e-05
Doing analysis at TEMP = -40.000000 and TNOM = 27.000000

Using SPARSE 1.3 as Direct Linear Solver

No. of Data Rows : 1
zm0 = 9.999996e-04
Doing analysis at TEMP = -40.000000 and TNOM = 27.000000

Using SPARSE 1.3 as Direct Linear Solver

No. of Data Rows : 2

No. of Data Rows : 1
onoise_total_rs_thermal = 3.588303e-12
onoise_total.m.xm1.m0.id = 2.420964e-15
onoise_total.m.xm1.m0.1overf = 5.946893e-17
inoise_total.m.xm1.m0.id = 2.420965e-12
inoise_total.m.xm1.m0.1overf = 5.946896e-14
Doing analysis at TEMP = -40.000000 and TNOM = 27.000000

Using SPARSE 1.3 as Direct Linear Solver

No. of Data Rows : 1
zm1 = 9.999996e-04
Doing analysis at TEMP = -40.000000 and TNOM = 27.000000

Using SPARSE 1.3 as Direct Linear Solver

No. of Data Rows : 2

No. of Data Rows : 1
onoise_total_rs_thermal = 3.588303e-12
onoise_total.m.xm1.m0.id = 2.420964e-15
onoise_total.m.xm1.m0.1overf = 1.992429e-17
inoise_total.m.xm1.m0.id = 2.420965e-12
inoise_total.m.xm1.m0.1overf = 1.992430e-14
Doing analysis at TEMP = -40.000000 and TNOM = 27.000000

Using SPARSE 1.3 as Direct Linear Solver

No. of Data Rows : 1
zm2 = 9.999996e-04
Doing analysis at TEMP = -40.000000 and TNOM = 27.000000

Using SPARSE 1.3 as Direct Linear Solver

No. of Data Rows : 2

No. of Data Rows : 1
onoise_total_rs_thermal = 3.588303e-12
onoise_total.m.xm1.m0.id = 2.420964e-15
onoise_total.m.xm1.m0.1overf = 6.674093e-18
inoise_total.m.xm1.m0.id = 2.420965e-12
inoise_total.m.xm1.m0.1overf = 6.674095e-15
Doing analysis at TEMP = -40.000000 and TNOM = 27.000000

Using SPARSE 1.3 as Direct Linear Solver

No. of Data Rows : 1
zm3 = 9.999996e-04
Doing analysis at TEMP = -40.000000 and TNOM = 27.000000

Using SPARSE 1.3 as Direct Linear Solver

No. of Data Rows : 2

No. of Data Rows : 1
onoise_total_rs_thermal = 3.588303e-12
onoise_total.m.xm1.m0.id = 2.420964e-15
onoise_total.m.xm1.m0.1overf = 2.235595e-18
inoise_total.m.xm1.m0.id = 2.420965e-12
inoise_total.m.xm1.m0.1overf = 2.235596e-15
Doing analysis at TEMP = -40.000000 and TNOM = 27.000000

Using SPARSE 1.3 as Direct Linear Solver

No. of Data Rows : 1
zm4 = 9.999996e-04
Doing analysis at TEMP = -40.000000 and TNOM = 27.000000

Using SPARSE 1.3 as Direct Linear Solver

No. of Data Rows : 2

No. of Data Rows : 1
onoise_total_rs_thermal = 3.588303e-12
onoise_total.m.xm1.m0.id = 2.420964e-15
onoise_total.m.xm1.m0.1overf = 7.488472e-19
inoise_total.m.xm1.m0.id = 2.420965e-12
inoise_total.m.xm1.m0.1overf = 7.488476e-16
Doing analysis at TEMP = -40.000000 and TNOM = 27.000000

Using SPARSE 1.3 as Direct Linear Solver

No. of Data Rows : 1
zm5 = 9.999996e-04
Doing analysis at TEMP = -40.000000 and TNOM = 27.000000

Using SPARSE 1.3 as Direct Linear Solver

No. of Data Rows : 2

No. of Data Rows : 1
onoise_total_rs_thermal = 3.588303e-12
onoise_total.m.xm1.m0.id = 2.420964e-15
onoise_total.m.xm1.m0.1overf = 2.508379e-19
inoise_total.m.xm1.m0.id = 2.420965e-12
inoise_total.m.xm1.m0.1overf = 2.508380e-16
Doing analysis at TEMP = -40.000000 and TNOM = 27.000000

Using SPARSE 1.3 as Direct Linear Solver

No. of Data Rows : 1
zm6 = 9.999996e-04
Doing analysis at TEMP = -40.000000 and TNOM = 27.000000

Using SPARSE 1.3 as Direct Linear Solver

No. of Data Rows : 2

No. of Data Rows : 1
onoise_total_rs_thermal = 3.588303e-12
onoise_total.m.xm1.m0.id = 2.420964e-15
onoise_total.m.xm1.m0.1overf = 1.488541e-19
inoise_total.m.xm1.m0.id = 2.420965e-12
inoise_total.m.xm1.m0.1overf = 1.488542e-16
Note: Simulation executed from .control section 

======================================================================
=== sid_ff_-40c_3.63v_xmnt_p0375_pass1
======================================================================
.temp -40
vg g 0 dc 9.050073290000e-01
vb b 0 dc -1.891734530000e-07
vd dd 0 dc 1.406747770000e-03
rs dd d 1.00000000e-03
--- ngspice output ---

Note: No compatibility mode selected!


Circuit: * gf180-pll :: period-jitter :: s_id along the trajectory -- generated.

Doing analysis at TEMP = -40.000000 and TNOM = 27.000000

Using SPARSE 1.3 as Direct Linear Solver

No. of Data Rows : 1
@m.xm1.m0[vgs] = 9.050071e-01
@m.xm1.m0[vds] = 1.406357e-03
@m.xm1.m0[vbs] = -3.84391e-07
@m.xm1.m0[id] = 6.197372e-07
@m.xm1.m0[gm] = 2.502348e-06
@m.xm1.m0[gds] = 4.391321e-04
v(d) = 1.406747e-03
Doing analysis at TEMP = -40.000000 and TNOM = 27.000000

Using SPARSE 1.3 as Direct Linear Solver

No. of Data Rows : 1
zm0 = 9.999996e-04
Doing analysis at TEMP = -40.000000 and TNOM = 27.000000

Using SPARSE 1.3 as Direct Linear Solver

No. of Data Rows : 2

No. of Data Rows : 1
onoise_total_rs_thermal = 3.588303e-12
onoise_total.m.xm1.m0.id = 2.440027e-15
onoise_total.m.xm1.m0.1overf = 8.958436e-16
inoise_total.m.xm1.m0.id = 2.440028e-12
inoise_total.m.xm1.m0.1overf = 8.958440e-13
Doing analysis at TEMP = -40.000000 and TNOM = 27.000000

Using SPARSE 1.3 as Direct Linear Solver

No. of Data Rows : 1
zm1 = 9.999996e-04
Doing analysis at TEMP = -40.000000 and TNOM = 27.000000

Using SPARSE 1.3 as Direct Linear Solver

No. of Data Rows : 2

No. of Data Rows : 1
onoise_total_rs_thermal = 3.588303e-12
onoise_total.m.xm1.m0.id = 2.440027e-15
onoise_total.m.xm1.m0.1overf = 3.001408e-16
inoise_total.m.xm1.m0.id = 2.440028e-12
inoise_total.m.xm1.m0.1overf = 3.001409e-13
Doing analysis at TEMP = -40.000000 and TNOM = 27.000000

Using SPARSE 1.3 as Direct Linear Solver

No. of Data Rows : 1
zm2 = 9.999996e-04
Doing analysis at TEMP = -40.000000 and TNOM = 27.000000

Using SPARSE 1.3 as Direct Linear Solver

No. of Data Rows : 2

No. of Data Rows : 1
onoise_total_rs_thermal = 3.588303e-12
onoise_total.m.xm1.m0.id = 2.440027e-15
onoise_total.m.xm1.m0.1overf = 1.005389e-16
inoise_total.m.xm1.m0.id = 2.440028e-12
inoise_total.m.xm1.m0.1overf = 1.005390e-13
Doing analysis at TEMP = -40.000000 and TNOM = 27.000000

Using SPARSE 1.3 as Direct Linear Solver

No. of Data Rows : 1
zm3 = 9.999996e-04
Doing analysis at TEMP = -40.000000 and TNOM = 27.000000

Using SPARSE 1.3 as Direct Linear Solver

No. of Data Rows : 2

No. of Data Rows : 1
onoise_total_rs_thermal = 3.588303e-12
onoise_total.m.xm1.m0.id = 2.440027e-15
onoise_total.m.xm1.m0.1overf = 3.367714e-17
inoise_total.m.xm1.m0.id = 2.440028e-12
inoise_total.m.xm1.m0.1overf = 3.367716e-14
Doing analysis at TEMP = -40.000000 and TNOM = 27.000000

Using SPARSE 1.3 as Direct Linear Solver

No. of Data Rows : 1
zm4 = 9.999996e-04
Doing analysis at TEMP = -40.000000 and TNOM = 27.000000

Using SPARSE 1.3 as Direct Linear Solver

No. of Data Rows : 2

No. of Data Rows : 1
onoise_total_rs_thermal = 3.588303e-12
onoise_total.m.xm1.m0.id = 2.440027e-15
onoise_total.m.xm1.m0.1overf = 1.128068e-17
inoise_total.m.xm1.m0.id = 2.440028e-12
inoise_total.m.xm1.m0.1overf = 1.128069e-14
Doing analysis at TEMP = -40.000000 and TNOM = 27.000000

Using SPARSE 1.3 as Direct Linear Solver

No. of Data Rows : 1
zm5 = 9.999996e-04
Doing analysis at TEMP = -40.000000 and TNOM = 27.000000

Using SPARSE 1.3 as Direct Linear Solver

No. of Data Rows : 2

No. of Data Rows : 1
onoise_total_rs_thermal = 3.588303e-12
onoise_total.m.xm1.m0.id = 2.440027e-15
onoise_total.m.xm1.m0.1overf = 3.778638e-18
inoise_total.m.xm1.m0.id = 2.440028e-12
inoise_total.m.xm1.m0.1overf = 3.778639e-15
Doing analysis at TEMP = -40.000000 and TNOM = 27.000000

Using SPARSE 1.3 as Direct Linear Solver

No. of Data Rows : 1
zm6 = 9.999996e-04
Doing analysis at TEMP = -40.000000 and TNOM = 27.000000

Using SPARSE 1.3 as Direct Linear Solver

No. of Data Rows : 2

No. of Data Rows : 1
onoise_total_rs_thermal = 3.588303e-12
onoise_total.m.xm1.m0.id = 2.440027e-15
onoise_total.m.xm1.m0.1overf = 2.242347e-18
inoise_total.m.xm1.m0.id = 2.440028e-12
inoise_total.m.xm1.m0.1overf = 2.242348e-15
Note: Simulation executed from .control section 

======================================================================
=== sid_ff_-40c_3.63v_xmnt_p0375
======================================================================
.temp -40
vg g 0 dc 9.050075580000e-01
vb b 0 dc 6.044094000000e-09
vd dd 0 dc 1.407138540000e-03
rs dd d 1.00000000e-03
--- ngspice output ---

Note: No compatibility mode selected!


Circuit: * gf180-pll :: period-jitter :: s_id along the trajectory -- generated.

Doing analysis at TEMP = -40.000000 and TNOM = 27.000000

Using SPARSE 1.3 as Direct Linear Solver

No. of Data Rows : 1
@m.xm1.m0[vgs] = 9.050074e-01
@m.xm1.m0[vds] = 1.406747e-03
@m.xm1.m0[vbs] = -1.89227e-07
@m.xm1.m0[id] = 6.199095e-07
@m.xm1.m0[gm] = 2.503042e-06
@m.xm1.m0[gds] = 4.391318e-04
v(d) = 1.407138e-03
Doing analysis at TEMP = -40.000000 and TNOM = 27.000000

Using SPARSE 1.3 as Direct Linear Solver

No. of Data Rows : 1
zm0 = 9.999996e-04
Doing analysis at TEMP = -40.000000 and TNOM = 27.000000

Using SPARSE 1.3 as Direct Linear Solver

No. of Data Rows : 2

No. of Data Rows : 1
onoise_total_rs_thermal = 3.588303e-12
onoise_total.m.xm1.m0.id = 2.440027e-15
onoise_total.m.xm1.m0.1overf = 8.960925e-16
inoise_total.m.xm1.m0.id = 2.440028e-12
inoise_total.m.xm1.m0.1overf = 8.960929e-13
Doing analysis at TEMP = -40.000000 and TNOM = 27.000000

Using SPARSE 1.3 as Direct Linear Solver

No. of Data Rows : 1
zm1 = 9.999996e-04
Doing analysis at TEMP = -40.000000 and TNOM = 27.000000

Using SPARSE 1.3 as Direct Linear Solver

No. of Data Rows : 2

No. of Data Rows : 1
onoise_total_rs_thermal = 3.588303e-12
onoise_total.m.xm1.m0.id = 2.440027e-15
onoise_total.m.xm1.m0.1overf = 3.002242e-16
inoise_total.m.xm1.m0.id = 2.440028e-12
inoise_total.m.xm1.m0.1overf = 3.002243e-13
Doing analysis at TEMP = -40.000000 and TNOM = 27.000000

Using SPARSE 1.3 as Direct Linear Solver

No. of Data Rows : 1
zm2 = 9.999996e-04
Doing analysis at TEMP = -40.000000 and TNOM = 27.000000

Using SPARSE 1.3 as Direct Linear Solver

No. of Data Rows : 2

No. of Data Rows : 1
onoise_total_rs_thermal = 3.588303e-12
onoise_total.m.xm1.m0.id = 2.440027e-15
onoise_total.m.xm1.m0.1overf = 1.005669e-16
inoise_total.m.xm1.m0.id = 2.440028e-12
inoise_total.m.xm1.m0.1overf = 1.005669e-13
Doing analysis at TEMP = -40.000000 and TNOM = 27.000000

Using SPARSE 1.3 as Direct Linear Solver

No. of Data Rows : 1
zm3 = 9.999996e-04
Doing analysis at TEMP = -40.000000 and TNOM = 27.000000

Using SPARSE 1.3 as Direct Linear Solver

No. of Data Rows : 2

No. of Data Rows : 1
onoise_total_rs_thermal = 3.588303e-12
onoise_total.m.xm1.m0.id = 2.440027e-15
onoise_total.m.xm1.m0.1overf = 3.368650e-17
inoise_total.m.xm1.m0.id = 2.440028e-12
inoise_total.m.xm1.m0.1overf = 3.368651e-14
Doing analysis at TEMP = -40.000000 and TNOM = 27.000000

Using SPARSE 1.3 as Direct Linear Solver

No. of Data Rows : 1
zm4 = 9.999996e-04
Doing analysis at TEMP = -40.000000 and TNOM = 27.000000

Using SPARSE 1.3 as Direct Linear Solver

No. of Data Rows : 2

No. of Data Rows : 1
onoise_total_rs_thermal = 3.588303e-12
onoise_total.m.xm1.m0.id = 2.440027e-15
onoise_total.m.xm1.m0.1overf = 1.128381e-17
inoise_total.m.xm1.m0.id = 2.440028e-12
inoise_total.m.xm1.m0.1overf = 1.128382e-14
Doing analysis at TEMP = -40.000000 and TNOM = 27.000000

Using SPARSE 1.3 as Direct Linear Solver

No. of Data Rows : 1
zm5 = 9.999996e-04
Doing analysis at TEMP = -40.000000 and TNOM = 27.000000

Using SPARSE 1.3 as Direct Linear Solver

No. of Data Rows : 2

No. of Data Rows : 1
onoise_total_rs_thermal = 3.588303e-12
onoise_total.m.xm1.m0.id = 2.440027e-15
onoise_total.m.xm1.m0.1overf = 3.779687e-18
inoise_total.m.xm1.m0.id = 2.440028e-12
inoise_total.m.xm1.m0.1overf = 3.779689e-15
Doing analysis at TEMP = -40.000000 and TNOM = 27.000000

Using SPARSE 1.3 as Direct Linear Solver

No. of Data Rows : 1
zm6 = 9.999996e-04
Doing analysis at TEMP = -40.000000 and TNOM = 27.000000

Using SPARSE 1.3 as Direct Linear Solver

No. of Data Rows : 2

No. of Data Rows : 1
onoise_total_rs_thermal = 3.588303e-12
onoise_total.m.xm1.m0.id = 2.440027e-15
onoise_total.m.xm1.m0.1overf = 2.242970e-18
inoise_total.m.xm1.m0.id = 2.440028e-12
inoise_total.m.xm1.m0.1overf = 2.242971e-15
Note: Simulation executed from .control section 

======================================================================
=== sid_ff_-40c_3.63v_xmnt_p0417_pass1
======================================================================
.temp -40
vg g 0 dc 9.005298690000e-01
vb b 0 dc -2.543783890000e-06
vd dd 0 dc 2.175488700000e-02
rs dd d 1.00000000e-03
--- ngspice output ---

Note: No compatibility mode selected!


Circuit: * gf180-pll :: period-jitter :: s_id along the trajectory -- generated.

Doing analysis at TEMP = -40.000000 and TNOM = 27.000000

Using SPARSE 1.3 as Direct Linear Solver

No. of Data Rows : 1
@m.xm1.m0[vgs] = 9.005271e-01
@m.xm1.m0[vds] = 2.174925e-02
@m.xm1.m0[vbs] = -5.35800e-06
@m.xm1.m0[id] = 8.934014e-06
@m.xm1.m0[gm] = 3.831645e-05
@m.xm1.m0[gds] = 3.875784e-04
v(d) = 2.175488e-02
Doing analysis at TEMP = -40.000000 and TNOM = 27.000000

Using SPARSE 1.3 as Direct Linear Solver

No. of Data Rows : 1
zm0 = 9.999996e-04
Doing analysis at TEMP = -40.000000 and TNOM = 27.000000

Using SPARSE 1.3 as Direct Linear Solver

No. of Data Rows : 2

No. of Data Rows : 1
onoise_total_rs_thermal = 3.588303e-12
onoise_total.m.xm1.m0.id = 2.353666e-15
onoise_total.m.xm1.m0.1overf = 1.368829e-14
inoise_total.m.xm1.m0.id = 2.353667e-12
inoise_total.m.xm1.m0.1overf = 1.368830e-11
Doing analysis at TEMP = -40.000000 and TNOM = 27.000000

Using SPARSE 1.3 as Direct Linear Solver

No. of Data Rows : 1
zm1 = 9.999996e-04
Doing analysis at TEMP = -40.000000 and TNOM = 27.000000

Using SPARSE 1.3 as Direct Linear Solver

No. of Data Rows : 2

No. of Data Rows : 1
onoise_total_rs_thermal = 3.588303e-12
onoise_total.m.xm1.m0.id = 2.353666e-15
onoise_total.m.xm1.m0.1overf = 4.586084e-15
inoise_total.m.xm1.m0.id = 2.353667e-12
inoise_total.m.xm1.m0.1overf = 4.586086e-12
Doing analysis at TEMP = -40.000000 and TNOM = 27.000000

Using SPARSE 1.3 as Direct Linear Solver

No. of Data Rows : 1
zm2 = 9.999996e-04
Doing analysis at TEMP = -40.000000 and TNOM = 27.000000

Using SPARSE 1.3 as Direct Linear Solver

No. of Data Rows : 2

No. of Data Rows : 1
onoise_total_rs_thermal = 3.588303e-12
onoise_total.m.xm1.m0.id = 2.353666e-15
onoise_total.m.xm1.m0.1overf = 1.536213e-15
inoise_total.m.xm1.m0.id = 2.353667e-12
inoise_total.m.xm1.m0.1overf = 1.536213e-12
Doing analysis at TEMP = -40.000000 and TNOM = 27.000000

Using SPARSE 1.3 as Direct Linear Solver

No. of Data Rows : 1
zm3 = 9.999996e-04
Doing analysis at TEMP = -40.000000 and TNOM = 27.000000

Using SPARSE 1.3 as Direct Linear Solver

No. of Data Rows : 2

No. of Data Rows : 1
onoise_total_rs_thermal = 3.588303e-12
onoise_total.m.xm1.m0.id = 2.353666e-15
onoise_total.m.xm1.m0.1overf = 5.145792e-16
inoise_total.m.xm1.m0.id = 2.353667e-12
inoise_total.m.xm1.m0.1overf = 5.145794e-13
Doing analysis at TEMP = -40.000000 and TNOM = 27.000000

Using SPARSE 1.3 as Direct Linear Solver

No. of Data Rows : 1
zm4 = 9.999996e-04
Doing analysis at TEMP = -40.000000 and TNOM = 27.000000

Using SPARSE 1.3 as Direct Linear Solver

No. of Data Rows : 2

No. of Data Rows : 1
onoise_total_rs_thermal = 3.588303e-12
onoise_total.m.xm1.m0.id = 2.353666e-15
onoise_total.m.xm1.m0.1overf = 1.723663e-16
inoise_total.m.xm1.m0.id = 2.353667e-12
inoise_total.m.xm1.m0.1overf = 1.723664e-13
Doing analysis at TEMP = -40.000000 and TNOM = 27.000000

Using SPARSE 1.3 as Direct Linear Solver

No. of Data Rows : 1
zm5 = 9.999996e-04
Doing analysis at TEMP = -40.000000 and TNOM = 27.000000

Using SPARSE 1.3 as Direct Linear Solver

No. of Data Rows : 2

No. of Data Rows : 1
onoise_total_rs_thermal = 3.588303e-12
onoise_total.m.xm1.m0.id = 2.353666e-15
onoise_total.m.xm1.m0.1overf = 5.773674e-17
inoise_total.m.xm1.m0.id = 2.353667e-12
inoise_total.m.xm1.m0.1overf = 5.773676e-14
Doing analysis at TEMP = -40.000000 and TNOM = 27.000000

Using SPARSE 1.3 as Direct Linear Solver

No. of Data Rows : 1
zm6 = 9.999996e-04
Doing analysis at TEMP = -40.000000 and TNOM = 27.000000

Using SPARSE 1.3 as Direct Linear Solver

No. of Data Rows : 2

No. of Data Rows : 1
onoise_total_rs_thermal = 3.588303e-12
onoise_total.m.xm1.m0.id = 2.353666e-15
onoise_total.m.xm1.m0.1overf = 3.426257e-17
inoise_total.m.xm1.m0.id = 2.353667e-12
inoise_total.m.xm1.m0.1overf = 3.426258e-14
Note: Simulation executed from .control section 

======================================================================
=== sid_ff_-40c_3.63v_xmnt_p0417
======================================================================
.temp -40
vg g 0 dc 9.005326380000e-01
vb b 0 dc 2.704322200000e-07
vd dd 0 dc 2.176052400000e-02
rs dd d 1.00000000e-03
--- ngspice output ---

Note: No compatibility mode selected!


Circuit: * gf180-pll :: period-jitter :: s_id along the trajectory -- generated.

Doing analysis at TEMP = -40.000000 and TNOM = 27.000000

Using SPARSE 1.3 as Direct Linear Solver

No. of Data Rows : 1
@m.xm1.m0[vgs] = 9.005298e-01
@m.xm1.m0[vds] = 2.175489e-02
@m.xm1.m0[vbs] = -2.54452e-06
@m.xm1.m0[id] = 8.936342e-06
@m.xm1.m0[gm] = 3.832622e-05
@m.xm1.m0[gds] = 3.875730e-04
v(d) = 2.176052e-02
Doing analysis at TEMP = -40.000000 and TNOM = 27.000000

Using SPARSE 1.3 as Direct Linear Solver

No. of Data Rows : 1
zm0 = 9.999996e-04
Doing analysis at TEMP = -40.000000 and TNOM = 27.000000

Using SPARSE 1.3 as Direct Linear Solver

No. of Data Rows : 2

No. of Data Rows : 1
onoise_total_rs_thermal = 3.588303e-12
onoise_total.m.xm1.m0.id = 2.353667e-15
onoise_total.m.xm1.m0.1overf = 1.369185e-14
inoise_total.m.xm1.m0.id = 2.353668e-12
inoise_total.m.xm1.m0.1overf = 1.369186e-11
Doing analysis at TEMP = -40.000000 and TNOM = 27.000000

Using SPARSE 1.3 as Direct Linear Solver

No. of Data Rows : 1
zm1 = 9.999996e-04
Doing analysis at TEMP = -40.000000 and TNOM = 27.000000

Using SPARSE 1.3 as Direct Linear Solver

No. of Data Rows : 2

No. of Data Rows : 1
onoise_total_rs_thermal = 3.588303e-12
onoise_total.m.xm1.m0.id = 2.353667e-15
onoise_total.m.xm1.m0.1overf = 4.587277e-15
inoise_total.m.xm1.m0.id = 2.353668e-12
inoise_total.m.xm1.m0.1overf = 4.587278e-12
Doing analysis at TEMP = -40.000000 and TNOM = 27.000000

Using SPARSE 1.3 as Direct Linear Solver

No. of Data Rows : 1
zm2 = 9.999996e-04
Doing analysis at TEMP = -40.000000 and TNOM = 27.000000

Using SPARSE 1.3 as Direct Linear Solver

No. of Data Rows : 2

No. of Data Rows : 1
onoise_total_rs_thermal = 3.588303e-12
onoise_total.m.xm1.m0.id = 2.353667e-15
onoise_total.m.xm1.m0.1overf = 1.536612e-15
inoise_total.m.xm1.m0.id = 2.353668e-12
inoise_total.m.xm1.m0.1overf = 1.536613e-12
Doing analysis at TEMP = -40.000000 and TNOM = 27.000000

Using SPARSE 1.3 as Direct Linear Solver

No. of Data Rows : 1
zm3 = 9.999996e-04
Doing analysis at TEMP = -40.000000 and TNOM = 27.000000

Using SPARSE 1.3 as Direct Linear Solver

No. of Data Rows : 2

No. of Data Rows : 1
onoise_total_rs_thermal = 3.588303e-12
onoise_total.m.xm1.m0.id = 2.353667e-15
onoise_total.m.xm1.m0.1overf = 5.147130e-16
inoise_total.m.xm1.m0.id = 2.353668e-12
inoise_total.m.xm1.m0.1overf = 5.147132e-13
Doing analysis at TEMP = -40.000000 and TNOM = 27.000000

Using SPARSE 1.3 as Direct Linear Solver

No. of Data Rows : 1
zm4 = 9.999996e-04
Doing analysis at TEMP = -40.000000 and TNOM = 27.000000

Using SPARSE 1.3 as Direct Linear Solver

No. of Data Rows : 2

No. of Data Rows : 1
onoise_total_rs_thermal = 3.588303e-12
onoise_total.m.xm1.m0.id = 2.353667e-15
onoise_total.m.xm1.m0.1overf = 1.724111e-16
inoise_total.m.xm1.m0.id = 2.353668e-12
inoise_total.m.xm1.m0.1overf = 1.724112e-13
Doing analysis at TEMP = -40.000000 and TNOM = 27.000000

Using SPARSE 1.3 as Direct Linear Solver

No. of Data Rows : 1
zm5 = 9.999996e-04
Doing analysis at TEMP = -40.000000 and TNOM = 27.000000

Using SPARSE 1.3 as Direct Linear Solver

No. of Data Rows : 2

No. of Data Rows : 1
onoise_total_rs_thermal = 3.588303e-12
onoise_total.m.xm1.m0.id = 2.353667e-15
onoise_total.m.xm1.m0.1overf = 5.775175e-17
inoise_total.m.xm1.m0.id = 2.353668e-12
inoise_total.m.xm1.m0.1overf = 5.775177e-14
Doing analysis at TEMP = -40.000000 and TNOM = 27.000000

Using SPARSE 1.3 as Direct Linear Solver

No. of Data Rows : 1
zm6 = 9.999996e-04
Doing analysis at TEMP = -40.000000 and TNOM = 27.000000

Using SPARSE 1.3 as Direct Linear Solver

No. of Data Rows : 2

No. of Data Rows : 1
onoise_total_rs_thermal = 3.588303e-12
onoise_total.m.xm1.m0.id = 2.353667e-15
onoise_total.m.xm1.m0.1overf = 3.427148e-17
inoise_total.m.xm1.m0.id = 2.353668e-12
inoise_total.m.xm1.m0.1overf = 3.427149e-14
Note: Simulation executed from .control section 

======================================================================
=== sid_ff_-40c_3.63v_xmnt_p0458_pass1
======================================================================
.temp -40
vg g 0 dc 8.986020760000e-01
vb b 0 dc -1.692311550000e-05
vd dd 0 dc 6.736717830000e-01
rs dd d 1.00000000e-03
--- ngspice output ---

Note: No compatibility mode selected!


Circuit: * gf180-pll :: period-jitter :: s_id along the trajectory -- generated.

Doing analysis at TEMP = -40.000000 and TNOM = 27.000000

Using SPARSE 1.3 as Direct Linear Solver

No. of Data Rows : 1
@m.xm1.m0[vgs] = 8.985852e-01
@m.xm1.m0[vds] = 6.736379e-01
@m.xm1.m0[vbs] = -3.38259e-05
@m.xm1.m0[id] = 5.365955e-05
@m.xm1.m0[gm] = 3.864689e-04
@m.xm1.m0[gds] = 4.191079e-06
v(d) = 6.736717e-01
Doing analysis at TEMP = -40.000000 and TNOM = 27.000000

Using SPARSE 1.3 as Direct Linear Solver

No. of Data Rows : 1
zm0 = 1.000000e-03
Doing analysis at TEMP = -40.000000 and TNOM = 27.000000

Using SPARSE 1.3 as Direct Linear Solver

No. of Data Rows : 2

No. of Data Rows : 1
onoise_total_rs_thermal = 3.588304e-12
onoise_total.m.xm1.m0.id = 1.997823e-15
onoise_total.m.xm1.m0.1overf = 1.810374e-13
inoise_total.m.xm1.m0.id = 1.997823e-12
inoise_total.m.xm1.m0.1overf = 1.810374e-10
Doing analysis at TEMP = -40.000000 and TNOM = 27.000000

Using SPARSE 1.3 as Direct Linear Solver

No. of Data Rows : 1
zm1 = 1.000000e-03
Doing analysis at TEMP = -40.000000 and TNOM = 27.000000

Using SPARSE 1.3 as Direct Linear Solver

No. of Data Rows : 2

No. of Data Rows : 1
onoise_total_rs_thermal = 3.588304e-12
onoise_total.m.xm1.m0.id = 1.997823e-15
onoise_total.m.xm1.m0.1overf = 6.065422e-14
inoise_total.m.xm1.m0.id = 1.997823e-12
inoise_total.m.xm1.m0.1overf = 6.065422e-11
Doing analysis at TEMP = -40.000000 and TNOM = 27.000000

Using SPARSE 1.3 as Direct Linear Solver

No. of Data Rows : 1
zm2 = 1.000000e-03
Doing analysis at TEMP = -40.000000 and TNOM = 27.000000

Using SPARSE 1.3 as Direct Linear Solver

No. of Data Rows : 2

No. of Data Rows : 1
onoise_total_rs_thermal = 3.588304e-12
onoise_total.m.xm1.m0.id = 1.997823e-15
onoise_total.m.xm1.m0.1overf = 2.031750e-14
inoise_total.m.xm1.m0.id = 1.997823e-12
inoise_total.m.xm1.m0.1overf = 2.031750e-11
Doing analysis at TEMP = -40.000000 and TNOM = 27.000000

Using SPARSE 1.3 as Direct Linear Solver

No. of Data Rows : 1
zm3 = 1.000000e-03
Doing analysis at TEMP = -40.000000 and TNOM = 27.000000

Using SPARSE 1.3 as Direct Linear Solver

No. of Data Rows : 2

No. of Data Rows : 1
onoise_total_rs_thermal = 3.588304e-12
onoise_total.m.xm1.m0.id = 1.997823e-15
onoise_total.m.xm1.m0.1overf = 6.805676e-15
inoise_total.m.xm1.m0.id = 1.997823e-12
inoise_total.m.xm1.m0.1overf = 6.805676e-12
Doing analysis at TEMP = -40.000000 and TNOM = 27.000000

Using SPARSE 1.3 as Direct Linear Solver

No. of Data Rows : 1
zm4 = 1.000000e-03
Doing analysis at TEMP = -40.000000 and TNOM = 27.000000

Using SPARSE 1.3 as Direct Linear Solver

No. of Data Rows : 2

No. of Data Rows : 1
onoise_total_rs_thermal = 3.588304e-12
onoise_total.m.xm1.m0.id = 1.997823e-15
onoise_total.m.xm1.m0.1overf = 2.279667e-15
inoise_total.m.xm1.m0.id = 1.997823e-12
inoise_total.m.xm1.m0.1overf = 2.279667e-12
Doing analysis at TEMP = -40.000000 and TNOM = 27.000000

Using SPARSE 1.3 as Direct Linear Solver

No. of Data Rows : 1
zm5 = 1.000000e-03
Doing analysis at TEMP = -40.000000 and TNOM = 27.000000

Using SPARSE 1.3 as Direct Linear Solver

No. of Data Rows : 2

No. of Data Rows : 1
onoise_total_rs_thermal = 3.588304e-12
onoise_total.m.xm1.m0.id = 1.997823e-15
onoise_total.m.xm1.m0.1overf = 7.636094e-16
inoise_total.m.xm1.m0.id = 1.997823e-12
inoise_total.m.xm1.m0.1overf = 7.636094e-13
Doing analysis at TEMP = -40.000000 and TNOM = 27.000000

Using SPARSE 1.3 as Direct Linear Solver

No. of Data Rows : 1
zm6 = 1.000000e-03
Doing analysis at TEMP = -40.000000 and TNOM = 27.000000

Using SPARSE 1.3 as Direct Linear Solver

No. of Data Rows : 2

No. of Data Rows : 1
onoise_total_rs_thermal = 3.588304e-12
onoise_total.m.xm1.m0.id = 1.997823e-15
onoise_total.m.xm1.m0.1overf = 4.531468e-16
inoise_total.m.xm1.m0.id = 1.997823e-12
inoise_total.m.xm1.m0.1overf = 4.531468e-13
Note: Simulation executed from .control section 

======================================================================
=== sid_ff_-40c_3.63v_xmnt_p0458
======================================================================
.temp -40
vg g 0 dc 8.986189520000e-01
vb b 0 dc -2.033100000000e-08
vd dd 0 dc 6.737056660000e-01
rs dd d 1.00000000e-03
--- ngspice output ---

Note: No compatibility mode selected!


Circuit: * gf180-pll :: period-jitter :: s_id along the trajectory -- generated.

Doing analysis at TEMP = -40.000000 and TNOM = 27.000000

Using SPARSE 1.3 as Direct Linear Solver

No. of Data Rows : 1
@m.xm1.m0[vgs] = 8.986020e-01
@m.xm1.m0[vds] = 6.736718e-01
@m.xm1.m0[vbs] = -1.69259e-05
@m.xm1.m0[id] = 5.366841e-05
@m.xm1.m0[gm] = 3.864974e-04
@m.xm1.m0[gds] = 4.191499e-06
v(d) = 6.737056e-01
Doing analysis at TEMP = -40.000000 and TNOM = 27.000000

Using SPARSE 1.3 as Direct Linear Solver

No. of Data Rows : 1
zm0 = 1.000000e-03
Doing analysis at TEMP = -40.000000 and TNOM = 27.000000

Using SPARSE 1.3 as Direct Linear Solver

No. of Data Rows : 2

No. of Data Rows : 1
onoise_total_rs_thermal = 3.588304e-12
onoise_total.m.xm1.m0.id = 1.997916e-15
onoise_total.m.xm1.m0.1overf = 1.810538e-13
inoise_total.m.xm1.m0.id = 1.997916e-12
inoise_total.m.xm1.m0.1overf = 1.810538e-10
Doing analysis at TEMP = -40.000000 and TNOM = 27.000000

Using SPARSE 1.3 as Direct Linear Solver

No. of Data Rows : 1
zm1 = 1.000000e-03
Doing analysis at TEMP = -40.000000 and TNOM = 27.000000

Using SPARSE 1.3 as Direct Linear Solver

No. of Data Rows : 2

No. of Data Rows : 1
onoise_total_rs_thermal = 3.588304e-12
onoise_total.m.xm1.m0.id = 1.997916e-15
onoise_total.m.xm1.m0.1overf = 6.065973e-14
inoise_total.m.xm1.m0.id = 1.997916e-12
inoise_total.m.xm1.m0.1overf = 6.065973e-11
Doing analysis at TEMP = -40.000000 and TNOM = 27.000000

Using SPARSE 1.3 as Direct Linear Solver

No. of Data Rows : 1
zm2 = 1.000000e-03
Doing analysis at TEMP = -40.000000 and TNOM = 27.000000

Using SPARSE 1.3 as Direct Linear Solver

No. of Data Rows : 2

No. of Data Rows : 1
onoise_total_rs_thermal = 3.588304e-12
onoise_total.m.xm1.m0.id = 1.997916e-15
onoise_total.m.xm1.m0.1overf = 2.031935e-14
inoise_total.m.xm1.m0.id = 1.997916e-12
inoise_total.m.xm1.m0.1overf = 2.031935e-11
Doing analysis at TEMP = -40.000000 and TNOM = 27.000000

Using SPARSE 1.3 as Direct Linear Solver

No. of Data Rows : 1
zm3 = 1.000000e-03
Doing analysis at TEMP = -40.000000 and TNOM = 27.000000

Using SPARSE 1.3 as Direct Linear Solver

No. of Data Rows : 2

No. of Data Rows : 1
onoise_total_rs_thermal = 3.588304e-12
onoise_total.m.xm1.m0.id = 1.997916e-15
onoise_total.m.xm1.m0.1overf = 6.806294e-15
inoise_total.m.xm1.m0.id = 1.997916e-12
inoise_total.m.xm1.m0.1overf = 6.806294e-12
Doing analysis at TEMP = -40.000000 and TNOM = 27.000000

Using SPARSE 1.3 as Direct Linear Solver

No. of Data Rows : 1
zm4 = 1.000000e-03
Doing analysis at TEMP = -40.000000 and TNOM = 27.000000

Using SPARSE 1.3 as Direct Linear Solver

No. of Data Rows : 2

No. of Data Rows : 1
onoise_total_rs_thermal = 3.588304e-12
onoise_total.m.xm1.m0.id = 1.997916e-15
onoise_total.m.xm1.m0.1overf = 2.279874e-15
inoise_total.m.xm1.m0.id = 1.997916e-12
inoise_total.m.xm1.m0.1overf = 2.279874e-12
Doing analysis at TEMP = -40.000000 and TNOM = 27.000000

Using SPARSE 1.3 as Direct Linear Solver

No. of Data Rows : 1
zm5 = 1.000000e-03
Doing analysis at TEMP = -40.000000 and TNOM = 27.000000

Using SPARSE 1.3 as Direct Linear Solver

No. of Data Rows : 2

No. of Data Rows : 1
onoise_total_rs_thermal = 3.588304e-12
onoise_total.m.xm1.m0.id = 1.997916e-15
onoise_total.m.xm1.m0.1overf = 7.636787e-16
inoise_total.m.xm1.m0.id = 1.997916e-12
inoise_total.m.xm1.m0.1overf = 7.636787e-13
Doing analysis at TEMP = -40.000000 and TNOM = 27.000000

Using SPARSE 1.3 as Direct Linear Solver

No. of Data Rows : 1
zm6 = 1.000000e-03
Doing analysis at TEMP = -40.000000 and TNOM = 27.000000

Using SPARSE 1.3 as Direct Linear Solver

No. of Data Rows : 2

No. of Data Rows : 1
onoise_total_rs_thermal = 3.588304e-12
onoise_total.m.xm1.m0.id = 1.997916e-15
onoise_total.m.xm1.m0.1overf = 4.531879e-16
inoise_total.m.xm1.m0.id = 1.997916e-12
inoise_total.m.xm1.m0.1overf = 4.531879e-13
Note: Simulation executed from .control section 

======================================================================
=== sid_ff_-40c_3.63v_xmnt_p0500_pass1
======================================================================
.temp -40
vg g 0 dc 8.991517970000e-01
vb b 0 dc -1.747303050000e-05
vd dd 0 dc 1.124336690000e+00
rs dd d 1.00000000e-03
--- ngspice output ---

Note: No compatibility mode selected!


Circuit: * gf180-pll :: period-jitter :: s_id along the trajectory -- generated.

Doing analysis at TEMP = -40.000000 and TNOM = 27.000000

Using SPARSE 1.3 as Direct Linear Solver

No. of Data Rows : 1
@m.xm1.m0[vgs] = 8.991343e-01
@m.xm1.m0[vds] = 1.124302e+00
@m.xm1.m0[vbs] = -3.49343e-05
@m.xm1.m0[id] = 5.543256e-05
@m.xm1.m0[gm] = 3.959015e-04
@m.xm1.m0[gds] = 3.012728e-06
v(d) = 1.124337e+00
Doing analysis at TEMP = -40.000000 and TNOM = 27.000000

Using SPARSE 1.3 as Direct Linear Solver

No. of Data Rows : 1
zm0 = 1.000000e-03
Doing analysis at TEMP = -40.000000 and TNOM = 27.000000

Using SPARSE 1.3 as Direct Linear Solver

No. of Data Rows : 2

No. of Data Rows : 1
onoise_total_rs_thermal = 3.588304e-12
onoise_total.m.xm1.m0.id = 2.001617e-15
onoise_total.m.xm1.m0.1overf = 1.923327e-13
inoise_total.m.xm1.m0.id = 2.001617e-12
inoise_total.m.xm1.m0.1overf = 1.923327e-10
Doing analysis at TEMP = -40.000000 and TNOM = 27.000000

Using SPARSE 1.3 as Direct Linear Solver

No. of Data Rows : 1
zm1 = 1.000000e-03
Doing analysis at TEMP = -40.000000 and TNOM = 27.000000

Using SPARSE 1.3 as Direct Linear Solver

No. of Data Rows : 2

No. of Data Rows : 1
onoise_total_rs_thermal = 3.588304e-12
onoise_total.m.xm1.m0.id = 2.001617e-15
onoise_total.m.xm1.m0.1overf = 6.443857e-14
inoise_total.m.xm1.m0.id = 2.001617e-12
inoise_total.m.xm1.m0.1overf = 6.443857e-11
Doing analysis at TEMP = -40.000000 and TNOM = 27.000000

Using SPARSE 1.3 as Direct Linear Solver

No. of Data Rows : 1
zm2 = 1.000000e-03
Doing analysis at TEMP = -40.000000 and TNOM = 27.000000

Using SPARSE 1.3 as Direct Linear Solver

No. of Data Rows : 2

No. of Data Rows : 1
onoise_total_rs_thermal = 3.588304e-12
onoise_total.m.xm1.m0.id = 2.001617e-15
onoise_total.m.xm1.m0.1overf = 2.158516e-14
inoise_total.m.xm1.m0.id = 2.001617e-12
inoise_total.m.xm1.m0.1overf = 2.158516e-11
Doing analysis at TEMP = -40.000000 and TNOM = 27.000000

Using SPARSE 1.3 as Direct Linear Solver

No. of Data Rows : 1
zm3 = 1.000000e-03
Doing analysis at TEMP = -40.000000 and TNOM = 27.000000

Using SPARSE 1.3 as Direct Linear Solver

No. of Data Rows : 2

No. of Data Rows : 1
onoise_total_rs_thermal = 3.588304e-12
onoise_total.m.xm1.m0.id = 2.001617e-15
onoise_total.m.xm1.m0.1overf = 7.230297e-15
inoise_total.m.xm1.m0.id = 2.001617e-12
inoise_total.m.xm1.m0.1overf = 7.230297e-12
Doing analysis at TEMP = -40.000000 and TNOM = 27.000000

Using SPARSE 1.3 as Direct Linear Solver

No. of Data Rows : 1
zm4 = 1.000000e-03
Doing analysis at TEMP = -40.000000 and TNOM = 27.000000

Using SPARSE 1.3 as Direct Linear Solver

No. of Data Rows : 2

No. of Data Rows : 1
onoise_total_rs_thermal = 3.588304e-12
onoise_total.m.xm1.m0.id = 2.001617e-15
onoise_total.m.xm1.m0.1overf = 2.421900e-15
inoise_total.m.xm1.m0.id = 2.001617e-12
inoise_total.m.xm1.m0.1overf = 2.421900e-12
Doing analysis at TEMP = -40.000000 and TNOM = 27.000000

Using SPARSE 1.3 as Direct Linear Solver

No. of Data Rows : 1
zm5 = 1.000000e-03
Doing analysis at TEMP = -40.000000 and TNOM = 27.000000

Using SPARSE 1.3 as Direct Linear Solver

No. of Data Rows : 2

No. of Data Rows : 1
onoise_total_rs_thermal = 3.588304e-12
onoise_total.m.xm1.m0.id = 2.001617e-15
onoise_total.m.xm1.m0.1overf = 8.112526e-16
inoise_total.m.xm1.m0.id = 2.001617e-12
inoise_total.m.xm1.m0.1overf = 8.112526e-13
Doing analysis at TEMP = -40.000000 and TNOM = 27.000000

Using SPARSE 1.3 as Direct Linear Solver

No. of Data Rows : 1
zm6 = 1.000000e-03
Doing analysis at TEMP = -40.000000 and TNOM = 27.000000

Using SPARSE 1.3 as Direct Linear Solver

No. of Data Rows : 2

No. of Data Rows : 1
onoise_total_rs_thermal = 3.588304e-12
onoise_total.m.xm1.m0.id = 2.001617e-15
onoise_total.m.xm1.m0.1overf = 4.814196e-16
inoise_total.m.xm1.m0.id = 2.001617e-12
inoise_total.m.xm1.m0.1overf = 4.814196e-13
Note: Simulation executed from .control section 

======================================================================
=== sid_ff_-40c_3.63v_xmnt_p0500
======================================================================
.temp -40
vg g 0 dc 8.991692940000e-01
vb b 0 dc -1.176100000000e-08
vd dd 0 dc 1.124371380000e+00
rs dd d 1.00000000e-03
--- ngspice output ---

Note: No compatibility mode selected!


Circuit: * gf180-pll :: period-jitter :: s_id along the trajectory -- generated.

Doing analysis at TEMP = -40.000000 and TNOM = 27.000000

Using SPARSE 1.3 as Direct Linear Solver

No. of Data Rows : 1
@m.xm1.m0[vgs] = 8.991518e-01
@m.xm1.m0[vds] = 1.124336e+00
@m.xm1.m0[vbs] = -1.74760e-05
@m.xm1.m0[id] = 5.544191e-05
@m.xm1.m0[gm] = 3.959311e-04
@m.xm1.m0[gds] = 3.013038e-06
v(d) = 1.124371e+00
Doing analysis at TEMP = -40.000000 and TNOM = 27.000000

Using SPARSE 1.3 as Direct Linear Solver

No. of Data Rows : 1
zm0 = 1.000000e-03
Doing analysis at TEMP = -40.000000 and TNOM = 27.000000

Using SPARSE 1.3 as Direct Linear Solver

No. of Data Rows : 2

No. of Data Rows : 1
onoise_total_rs_thermal = 3.588304e-12
onoise_total.m.xm1.m0.id = 2.001713e-15
onoise_total.m.xm1.m0.1overf = 1.923502e-13
inoise_total.m.xm1.m0.id = 2.001713e-12
inoise_total.m.xm1.m0.1overf = 1.923502e-10
Doing analysis at TEMP = -40.000000 and TNOM = 27.000000

Using SPARSE 1.3 as Direct Linear Solver

No. of Data Rows : 1
zm1 = 1.000000e-03
Doing analysis at TEMP = -40.000000 and TNOM = 27.000000

Using SPARSE 1.3 as Direct Linear Solver

No. of Data Rows : 2

No. of Data Rows : 1
onoise_total_rs_thermal = 3.588304e-12
onoise_total.m.xm1.m0.id = 2.001713e-15
onoise_total.m.xm1.m0.1overf = 6.444445e-14
inoise_total.m.xm1.m0.id = 2.001713e-12
inoise_total.m.xm1.m0.1overf = 6.444445e-11
Doing analysis at TEMP = -40.000000 and TNOM = 27.000000

Using SPARSE 1.3 as Direct Linear Solver

No. of Data Rows : 1
zm2 = 1.000000e-03
Doing analysis at TEMP = -40.000000 and TNOM = 27.000000

Using SPARSE 1.3 as Direct Linear Solver

No. of Data Rows : 2

No. of Data Rows : 1
onoise_total_rs_thermal = 3.588304e-12
onoise_total.m.xm1.m0.id = 2.001713e-15
onoise_total.m.xm1.m0.1overf = 2.158712e-14
inoise_total.m.xm1.m0.id = 2.001713e-12
inoise_total.m.xm1.m0.1overf = 2.158712e-11
Doing analysis at TEMP = -40.000000 and TNOM = 27.000000

Using SPARSE 1.3 as Direct Linear Solver

No. of Data Rows : 1
zm3 = 1.000000e-03
Doing analysis at TEMP = -40.000000 and TNOM = 27.000000

Using SPARSE 1.3 as Direct Linear Solver

No. of Data Rows : 2

No. of Data Rows : 1
onoise_total_rs_thermal = 3.588304e-12
onoise_total.m.xm1.m0.id = 2.001713e-15
onoise_total.m.xm1.m0.1overf = 7.230956e-15
inoise_total.m.xm1.m0.id = 2.001713e-12
inoise_total.m.xm1.m0.1overf = 7.230956e-12
Doing analysis at TEMP = -40.000000 and TNOM = 27.000000

Using SPARSE 1.3 as Direct Linear Solver

No. of Data Rows : 1
zm4 = 1.000000e-03
Doing analysis at TEMP = -40.000000 and TNOM = 27.000000

Using SPARSE 1.3 as Direct Linear Solver

No. of Data Rows : 2

No. of Data Rows : 1
onoise_total_rs_thermal = 3.588304e-12
onoise_total.m.xm1.m0.id = 2.001713e-15
onoise_total.m.xm1.m0.1overf = 2.422121e-15
inoise_total.m.xm1.m0.id = 2.001713e-12
inoise_total.m.xm1.m0.1overf = 2.422121e-12
Doing analysis at TEMP = -40.000000 and TNOM = 27.000000

Using SPARSE 1.3 as Direct Linear Solver

No. of Data Rows : 1
zm5 = 1.000000e-03
Doing analysis at TEMP = -40.000000 and TNOM = 27.000000

Using SPARSE 1.3 as Direct Linear Solver

No. of Data Rows : 2

No. of Data Rows : 1
onoise_total_rs_thermal = 3.588304e-12
onoise_total.m.xm1.m0.id = 2.001713e-15
onoise_total.m.xm1.m0.1overf = 8.113266e-16
inoise_total.m.xm1.m0.id = 2.001713e-12
inoise_total.m.xm1.m0.1overf = 8.113266e-13
Doing analysis at TEMP = -40.000000 and TNOM = 27.000000

Using SPARSE 1.3 as Direct Linear Solver

No. of Data Rows : 1
zm6 = 1.000000e-03
Doing analysis at TEMP = -40.000000 and TNOM = 27.000000

Using SPARSE 1.3 as Direct Linear Solver

No. of Data Rows : 2

No. of Data Rows : 1
onoise_total_rs_thermal = 3.588304e-12
onoise_total.m.xm1.m0.id = 2.001713e-15
onoise_total.m.xm1.m0.1overf = 4.814635e-16
inoise_total.m.xm1.m0.id = 2.001713e-12
inoise_total.m.xm1.m0.1overf = 4.814635e-13
Note: Simulation executed from .control section 

======================================================================
=== sid_ff_-40c_3.63v_xmnt_p0542_pass1
======================================================================
.temp -40
vg g 0 dc 9.006758650000e-01
vb b 0 dc -1.801047770000e-05
vd dd 0 dc 1.519220090000e+00
rs dd d 1.00000000e-03
--- ngspice output ---

Note: No compatibility mode selected!


Circuit: * gf180-pll :: period-jitter :: s_id along the trajectory -- generated.

Doing analysis at TEMP = -40.000000 and TNOM = 27.000000

Using SPARSE 1.3 as Direct Linear Solver

No. of Data Rows : 1
@m.xm1.m0[vgs] = 9.006579e-01
@m.xm1.m0[vds] = 1.519184e+00
@m.xm1.m0[vbs] = -3.60160e-05
@m.xm1.m0[id] = 5.716054e-05
@m.xm1.m0[gm] = 4.030972e-04
@m.xm1.m0[gds] = 2.698206e-06
v(d) = 1.519220e+00
Doing analysis at TEMP = -40.000000 and TNOM = 27.000000

Using SPARSE 1.3 as Direct Linear Solver

No. of Data Rows : 1
zm0 = 1.000000e-03
Doing analysis at TEMP = -40.000000 and TNOM = 27.000000

Using SPARSE 1.3 as Direct Linear Solver

No. of Data Rows : 2

No. of Data Rows : 1
onoise_total_rs_thermal = 3.588304e-12
onoise_total.m.xm1.m0.id = 2.009711e-15
onoise_total.m.xm1.m0.1overf = 2.000594e-13
inoise_total.m.xm1.m0.id = 2.009711e-12
inoise_total.m.xm1.m0.1overf = 2.000594e-10
Doing analysis at TEMP = -40.000000 and TNOM = 27.000000

Using SPARSE 1.3 as Direct Linear Solver

No. of Data Rows : 1
zm1 = 1.000000e-03
Doing analysis at TEMP = -40.000000 and TNOM = 27.000000

Using SPARSE 1.3 as Direct Linear Solver

No. of Data Rows : 2

No. of Data Rows : 1
onoise_total_rs_thermal = 3.588304e-12
onoise_total.m.xm1.m0.id = 2.009711e-15
onoise_total.m.xm1.m0.1overf = 6.702730e-14
inoise_total.m.xm1.m0.id = 2.009711e-12
inoise_total.m.xm1.m0.1overf = 6.702730e-11
Doing analysis at TEMP = -40.000000 and TNOM = 27.000000

Using SPARSE 1.3 as Direct Linear Solver

No. of Data Rows : 1
zm2 = 1.000000e-03
Doing analysis at TEMP = -40.000000 and TNOM = 27.000000

Using SPARSE 1.3 as Direct Linear Solver

No. of Data Rows : 2

No. of Data Rows : 1
onoise_total_rs_thermal = 3.588304e-12
onoise_total.m.xm1.m0.id = 2.009711e-15
onoise_total.m.xm1.m0.1overf = 2.245231e-14
inoise_total.m.xm1.m0.id = 2.009711e-12
inoise_total.m.xm1.m0.1overf = 2.245231e-11
Doing analysis at TEMP = -40.000000 and TNOM = 27.000000

Using SPARSE 1.3 as Direct Linear Solver

No. of Data Rows : 1
zm3 = 1.000000e-03
Doing analysis at TEMP = -40.000000 and TNOM = 27.000000

Using SPARSE 1.3 as Direct Linear Solver

No. of Data Rows : 2

No. of Data Rows : 1
onoise_total_rs_thermal = 3.588304e-12
onoise_total.m.xm1.m0.id = 2.009711e-15
onoise_total.m.xm1.m0.1overf = 7.520763e-15
inoise_total.m.xm1.m0.id = 2.009711e-12
inoise_total.m.xm1.m0.1overf = 7.520763e-12
Doing analysis at TEMP = -40.000000 and TNOM = 27.000000

Using SPARSE 1.3 as Direct Linear Solver

No. of Data Rows : 1
zm4 = 1.000000e-03
Doing analysis at TEMP = -40.000000 and TNOM = 27.000000

Using SPARSE 1.3 as Direct Linear Solver

No. of Data Rows : 2

No. of Data Rows : 1
onoise_total_rs_thermal = 3.588304e-12
onoise_total.m.xm1.m0.id = 2.009711e-15
onoise_total.m.xm1.m0.1overf = 2.519196e-15
inoise_total.m.xm1.m0.id = 2.009711e-12
inoise_total.m.xm1.m0.1overf = 2.519196e-12
Doing analysis at TEMP = -40.000000 and TNOM = 27.000000

Using SPARSE 1.3 as Direct Linear Solver

No. of Data Rows : 1
zm5 = 1.000000e-03
Doing analysis at TEMP = -40.000000 and TNOM = 27.000000

Using SPARSE 1.3 as Direct Linear Solver

No. of Data Rows : 2

No. of Data Rows : 1
onoise_total_rs_thermal = 3.588304e-12
onoise_total.m.xm1.m0.id = 2.009711e-15
onoise_total.m.xm1.m0.1overf = 8.438435e-16
inoise_total.m.xm1.m0.id = 2.009711e-12
inoise_total.m.xm1.m0.1overf = 8.438435e-13
Doing analysis at TEMP = -40.000000 and TNOM = 27.000000

Using SPARSE 1.3 as Direct Linear Solver

No. of Data Rows : 1
zm6 = 1.000000e-03
Doing analysis at TEMP = -40.000000 and TNOM = 27.000000

Using SPARSE 1.3 as Direct Linear Solver

No. of Data Rows : 2

No. of Data Rows : 1
onoise_total_rs_thermal = 3.588304e-12
onoise_total.m.xm1.m0.id = 2.009711e-15
onoise_total.m.xm1.m0.1overf = 5.007599e-16
inoise_total.m.xm1.m0.id = 2.009711e-12
inoise_total.m.xm1.m0.1overf = 5.007599e-13
Note: Simulation executed from .control section 

======================================================================
=== sid_ff_-40c_3.63v_xmnt_p0542
======================================================================
.temp -40
vg g 0 dc 9.006938300000e-01
vb b 0 dc -4.955400000001e-09
vd dd 0 dc 1.519256180000e+00
rs dd d 1.00000000e-03
--- ngspice output ---

Note: No compatibility mode selected!


Circuit: * gf180-pll :: period-jitter :: s_id along the trajectory -- generated.

Doing analysis at TEMP = -40.000000 and TNOM = 27.000000

Using SPARSE 1.3 as Direct Linear Solver

No. of Data Rows : 1
@m.xm1.m0[vgs] = 9.006758e-01
@m.xm1.m0[vds] = 1.519220e+00
@m.xm1.m0[vbs] = -1.80136e-05
@m.xm1.m0[id] = 5.717032e-05
@m.xm1.m0[gm] = 4.031276e-04
@m.xm1.m0[gds] = 2.698477e-06
v(d) = 1.519256e+00
Doing analysis at TEMP = -40.000000 and TNOM = 27.000000

Using SPARSE 1.3 as Direct Linear Solver

No. of Data Rows : 1
zm0 = 1.000000e-03
Doing analysis at TEMP = -40.000000 and TNOM = 27.000000

Using SPARSE 1.3 as Direct Linear Solver

No. of Data Rows : 2

No. of Data Rows : 1
onoise_total_rs_thermal = 3.588304e-12
onoise_total.m.xm1.m0.id = 2.009809e-15
onoise_total.m.xm1.m0.1overf = 2.000777e-13
inoise_total.m.xm1.m0.id = 2.009809e-12
inoise_total.m.xm1.m0.1overf = 2.000777e-10
Doing analysis at TEMP = -40.000000 and TNOM = 27.000000

Using SPARSE 1.3 as Direct Linear Solver

No. of Data Rows : 1
zm1 = 1.000000e-03
Doing analysis at TEMP = -40.000000 and TNOM = 27.000000

Using SPARSE 1.3 as Direct Linear Solver

No. of Data Rows : 2

No. of Data Rows : 1
onoise_total_rs_thermal = 3.588304e-12
onoise_total.m.xm1.m0.id = 2.009809e-15
onoise_total.m.xm1.m0.1overf = 6.703343e-14
inoise_total.m.xm1.m0.id = 2.009809e-12
inoise_total.m.xm1.m0.1overf = 6.703343e-11
Doing analysis at TEMP = -40.000000 and TNOM = 27.000000

Using SPARSE 1.3 as Direct Linear Solver

No. of Data Rows : 1
zm2 = 1.000000e-03
Doing analysis at TEMP = -40.000000 and TNOM = 27.000000

Using SPARSE 1.3 as Direct Linear Solver

No. of Data Rows : 2

No. of Data Rows : 1
onoise_total_rs_thermal = 3.588304e-12
onoise_total.m.xm1.m0.id = 2.009809e-15
onoise_total.m.xm1.m0.1overf = 2.245436e-14
inoise_total.m.xm1.m0.id = 2.009809e-12
inoise_total.m.xm1.m0.1overf = 2.245436e-11
Doing analysis at TEMP = -40.000000 and TNOM = 27.000000

Using SPARSE 1.3 as Direct Linear Solver

No. of Data Rows : 1
zm3 = 1.000000e-03
Doing analysis at TEMP = -40.000000 and TNOM = 27.000000

Using SPARSE 1.3 as Direct Linear Solver

No. of Data Rows : 2

No. of Data Rows : 1
onoise_total_rs_thermal = 3.588304e-12
onoise_total.m.xm1.m0.id = 2.009809e-15
onoise_total.m.xm1.m0.1overf = 7.521452e-15
inoise_total.m.xm1.m0.id = 2.009809e-12
inoise_total.m.xm1.m0.1overf = 7.521452e-12
Doing analysis at TEMP = -40.000000 and TNOM = 27.000000

Using SPARSE 1.3 as Direct Linear Solver

No. of Data Rows : 1
zm4 = 1.000000e-03
Doing analysis at TEMP = -40.000000 and TNOM = 27.000000

Using SPARSE 1.3 as Direct Linear Solver

No. of Data Rows : 2

No. of Data Rows : 1
onoise_total_rs_thermal = 3.588304e-12
onoise_total.m.xm1.m0.id = 2.009809e-15
onoise_total.m.xm1.m0.1overf = 2.519427e-15
inoise_total.m.xm1.m0.id = 2.009809e-12
inoise_total.m.xm1.m0.1overf = 2.519427e-12
Doing analysis at TEMP = -40.000000 and TNOM = 27.000000

Using SPARSE 1.3 as Direct Linear Solver

No. of Data Rows : 1
zm5 = 1.000000e-03
Doing analysis at TEMP = -40.000000 and TNOM = 27.000000

Using SPARSE 1.3 as Direct Linear Solver

No. of Data Rows : 2

No. of Data Rows : 1
onoise_total_rs_thermal = 3.588304e-12
onoise_total.m.xm1.m0.id = 2.009809e-15
onoise_total.m.xm1.m0.1overf = 8.439207e-16
inoise_total.m.xm1.m0.id = 2.009809e-12
inoise_total.m.xm1.m0.1overf = 8.439207e-13
Doing analysis at TEMP = -40.000000 and TNOM = 27.000000

Using SPARSE 1.3 as Direct Linear Solver

No. of Data Rows : 1
zm6 = 1.000000e-03
Doing analysis at TEMP = -40.000000 and TNOM = 27.000000

Using SPARSE 1.3 as Direct Linear Solver

No. of Data Rows : 2

No. of Data Rows : 1
onoise_total_rs_thermal = 3.588304e-12
onoise_total.m.xm1.m0.id = 2.009809e-15
onoise_total.m.xm1.m0.1overf = 5.008057e-16
inoise_total.m.xm1.m0.id = 2.009809e-12
inoise_total.m.xm1.m0.1overf = 5.008057e-13
Note: Simulation executed from .control section 

======================================================================
=== sid_ff_-40c_3.63v_xmnt_p0583_pass1
======================================================================
.temp -40
vg g 0 dc 9.053569650000e-01
vb b 0 dc -1.888238980000e-05
vd dd 0 dc 1.847691200000e+00
rs dd d 1.00000000e-03
--- ngspice output ---

Note: No compatibility mode selected!


Circuit: * gf180-pll :: period-jitter :: s_id along the trajectory -- generated.

Doing analysis at TEMP = -40.000000 and TNOM = 27.000000

Using SPARSE 1.3 as Direct Linear Solver

No. of Data Rows : 1
@m.xm1.m0[vgs] = 9.053381e-01
@m.xm1.m0[vds] = 1.847653e+00
@m.xm1.m0[vbs] = -3.77629e-05
@m.xm1.m0[id] = 5.993812e-05
@m.xm1.m0[gm] = 4.126586e-04
@m.xm1.m0[gds] = 2.601052e-06
v(d) = 1.847691e+00
Doing analysis at TEMP = -40.000000 and TNOM = 27.000000

Using SPARSE 1.3 as Direct Linear Solver

No. of Data Rows : 1
zm0 = 1.000000e-03
Doing analysis at TEMP = -40.000000 and TNOM = 27.000000

Using SPARSE 1.3 as Direct Linear Solver

No. of Data Rows : 2

No. of Data Rows : 1
onoise_total_rs_thermal = 3.588304e-12
onoise_total.m.xm1.m0.id = 2.030176e-15
onoise_total.m.xm1.m0.1overf = 2.082717e-13
inoise_total.m.xm1.m0.id = 2.030176e-12
inoise_total.m.xm1.m0.1overf = 2.082717e-10
Doing analysis at TEMP = -40.000000 and TNOM = 27.000000

Using SPARSE 1.3 as Direct Linear Solver

No. of Data Rows : 1
zm1 = 1.000000e-03
Doing analysis at TEMP = -40.000000 and TNOM = 27.000000

Using SPARSE 1.3 as Direct Linear Solver

No. of Data Rows : 2

No. of Data Rows : 1
onoise_total_rs_thermal = 3.588304e-12
onoise_total.m.xm1.m0.id = 2.030176e-15
onoise_total.m.xm1.m0.1overf = 6.977874e-14
inoise_total.m.xm1.m0.id = 2.030176e-12
inoise_total.m.xm1.m0.1overf = 6.977874e-11
Doing analysis at TEMP = -40.000000 and TNOM = 27.000000

Using SPARSE 1.3 as Direct Linear Solver

No. of Data Rows : 1
zm2 = 1.000000e-03
Doing analysis at TEMP = -40.000000 and TNOM = 27.000000

Using SPARSE 1.3 as Direct Linear Solver

No. of Data Rows : 2

No. of Data Rows : 1
onoise_total_rs_thermal = 3.588304e-12
onoise_total.m.xm1.m0.id = 2.030176e-15
onoise_total.m.xm1.m0.1overf = 2.337396e-14
inoise_total.m.xm1.m0.id = 2.030176e-12
inoise_total.m.xm1.m0.1overf = 2.337397e-11
Doing analysis at TEMP = -40.000000 and TNOM = 27.000000

Using SPARSE 1.3 as Direct Linear Solver

No. of Data Rows : 1
zm3 = 1.000000e-03
Doing analysis at TEMP = -40.000000 and TNOM = 27.000000

Using SPARSE 1.3 as Direct Linear Solver

No. of Data Rows : 2

No. of Data Rows : 1
onoise_total_rs_thermal = 3.588304e-12
onoise_total.m.xm1.m0.id = 2.030176e-15
onoise_total.m.xm1.m0.1overf = 7.829487e-15
inoise_total.m.xm1.m0.id = 2.030176e-12
inoise_total.m.xm1.m0.1overf = 7.829487e-12
Doing analysis at TEMP = -40.000000 and TNOM = 27.000000

Using SPARSE 1.3 as Direct Linear Solver

No. of Data Rows : 1
zm4 = 1.000000e-03
Doing analysis at TEMP = -40.000000 and TNOM = 27.000000

Using SPARSE 1.3 as Direct Linear Solver

No. of Data Rows : 2

No. of Data Rows : 1
onoise_total_rs_thermal = 3.588304e-12
onoise_total.m.xm1.m0.id = 2.030176e-15
onoise_total.m.xm1.m0.1overf = 2.622608e-15
inoise_total.m.xm1.m0.id = 2.030176e-12
inoise_total.m.xm1.m0.1overf = 2.622608e-12
Doing analysis at TEMP = -40.000000 and TNOM = 27.000000

Using SPARSE 1.3 as Direct Linear Solver

No. of Data Rows : 1
zm5 = 1.000000e-03
Doing analysis at TEMP = -40.000000 and TNOM = 27.000000

Using SPARSE 1.3 as Direct Linear Solver

No. of Data Rows : 2

No. of Data Rows : 1
onoise_total_rs_thermal = 3.588304e-12
onoise_total.m.xm1.m0.id = 2.030176e-15
onoise_total.m.xm1.m0.1overf = 8.784829e-16
inoise_total.m.xm1.m0.id = 2.030176e-12
inoise_total.m.xm1.m0.1overf = 8.784829e-13
Doing analysis at TEMP = -40.000000 and TNOM = 27.000000

Using SPARSE 1.3 as Direct Linear Solver

No. of Data Rows : 1
zm6 = 1.000000e-03
Doing analysis at TEMP = -40.000000 and TNOM = 27.000000

Using SPARSE 1.3 as Direct Linear Solver

No. of Data Rows : 2

No. of Data Rows : 1
onoise_total_rs_thermal = 3.588304e-12
onoise_total.m.xm1.m0.id = 2.030176e-15
onoise_total.m.xm1.m0.1overf = 5.213159e-16
inoise_total.m.xm1.m0.id = 2.030176e-12
inoise_total.m.xm1.m0.1overf = 5.213159e-13
Note: Simulation executed from .control section 

======================================================================
=== sid_ff_-40c_3.63v_xmnt_p0583
======================================================================
.temp -40
vg g 0 dc 9.053758300000e-01
vb b 0 dc -1.879600000003e-09
vd dd 0 dc 1.847729400000e+00
rs dd d 1.00000000e-03
--- ngspice output ---

Note: No compatibility mode selected!


Circuit: * gf180-pll :: period-jitter :: s_id along the trajectory -- generated.

Doing analysis at TEMP = -40.000000 and TNOM = 27.000000

Using SPARSE 1.3 as Direct Linear Solver

No. of Data Rows : 1
@m.xm1.m0[vgs] = 9.053569e-01
@m.xm1.m0[vds] = 1.847692e+00
@m.xm1.m0[vbs] = -1.88857e-05
@m.xm1.m0[id] = 5.994862e-05
@m.xm1.m0[gm] = 4.126900e-04
@m.xm1.m0[gds] = 2.601312e-06
v(d) = 1.847729e+00
Doing analysis at TEMP = -40.000000 and TNOM = 27.000000

Using SPARSE 1.3 as Direct Linear Solver

No. of Data Rows : 1
zm0 = 1.000000e-03
Doing analysis at TEMP = -40.000000 and TNOM = 27.000000

Using SPARSE 1.3 as Direct Linear Solver

No. of Data Rows : 2

No. of Data Rows : 1
onoise_total_rs_thermal = 3.588304e-12
onoise_total.m.xm1.m0.id = 2.030278e-15
onoise_total.m.xm1.m0.1overf = 2.082909e-13
inoise_total.m.xm1.m0.id = 2.030278e-12
inoise_total.m.xm1.m0.1overf = 2.082909e-10
Doing analysis at TEMP = -40.000000 and TNOM = 27.000000

Using SPARSE 1.3 as Direct Linear Solver

No. of Data Rows : 1
zm1 = 1.000000e-03
Doing analysis at TEMP = -40.000000 and TNOM = 27.000000

Using SPARSE 1.3 as Direct Linear Solver

No. of Data Rows : 2

No. of Data Rows : 1
onoise_total_rs_thermal = 3.588304e-12
onoise_total.m.xm1.m0.id = 2.030278e-15
onoise_total.m.xm1.m0.1overf = 6.978517e-14
inoise_total.m.xm1.m0.id = 2.030278e-12
inoise_total.m.xm1.m0.1overf = 6.978517e-11
Doing analysis at TEMP = -40.000000 and TNOM = 27.000000

Using SPARSE 1.3 as Direct Linear Solver

No. of Data Rows : 1
zm2 = 1.000000e-03
Doing analysis at TEMP = -40.000000 and TNOM = 27.000000

Using SPARSE 1.3 as Direct Linear Solver

No. of Data Rows : 2

No. of Data Rows : 1
onoise_total_rs_thermal = 3.588304e-12
onoise_total.m.xm1.m0.id = 2.030278e-15
onoise_total.m.xm1.m0.1overf = 2.337612e-14
inoise_total.m.xm1.m0.id = 2.030278e-12
inoise_total.m.xm1.m0.1overf = 2.337612e-11
Doing analysis at TEMP = -40.000000 and TNOM = 27.000000

Using SPARSE 1.3 as Direct Linear Solver

No. of Data Rows : 1
zm3 = 1.000000e-03
Doing analysis at TEMP = -40.000000 and TNOM = 27.000000

Using SPARSE 1.3 as Direct Linear Solver

No. of Data Rows : 2

No. of Data Rows : 1
onoise_total_rs_thermal = 3.588304e-12
onoise_total.m.xm1.m0.id = 2.030278e-15
onoise_total.m.xm1.m0.1overf = 7.830209e-15
inoise_total.m.xm1.m0.id = 2.030278e-12
inoise_total.m.xm1.m0.1overf = 7.830209e-12
Doing analysis at TEMP = -40.000000 and TNOM = 27.000000

Using SPARSE 1.3 as Direct Linear Solver

No. of Data Rows : 1
zm4 = 1.000000e-03
Doing analysis at TEMP = -40.000000 and TNOM = 27.000000

Using SPARSE 1.3 as Direct Linear Solver

No. of Data Rows : 2

No. of Data Rows : 1
onoise_total_rs_thermal = 3.588304e-12
onoise_total.m.xm1.m0.id = 2.030278e-15
onoise_total.m.xm1.m0.1overf = 2.622850e-15
inoise_total.m.xm1.m0.id = 2.030278e-12
inoise_total.m.xm1.m0.1overf = 2.622850e-12
Doing analysis at TEMP = -40.000000 and TNOM = 27.000000

Using SPARSE 1.3 as Direct Linear Solver

No. of Data Rows : 1
zm5 = 1.000000e-03
Doing analysis at TEMP = -40.000000 and TNOM = 27.000000

Using SPARSE 1.3 as Direct Linear Solver

No. of Data Rows : 2

No. of Data Rows : 1
onoise_total_rs_thermal = 3.588304e-12
onoise_total.m.xm1.m0.id = 2.030278e-15
onoise_total.m.xm1.m0.1overf = 8.785639e-16
inoise_total.m.xm1.m0.id = 2.030278e-12
inoise_total.m.xm1.m0.1overf = 8.785639e-13
Doing analysis at TEMP = -40.000000 and TNOM = 27.000000

Using SPARSE 1.3 as Direct Linear Solver

No. of Data Rows : 1
zm6 = 1.000000e-03
Doing analysis at TEMP = -40.000000 and TNOM = 27.000000

Using SPARSE 1.3 as Direct Linear Solver

No. of Data Rows : 2

No. of Data Rows : 1
onoise_total_rs_thermal = 3.588304e-12
onoise_total.m.xm1.m0.id = 2.030278e-15
onoise_total.m.xm1.m0.1overf = 5.213640e-16
inoise_total.m.xm1.m0.id = 2.030278e-12
inoise_total.m.xm1.m0.1overf = 5.213640e-13
Note: Simulation executed from .control section 

======================================================================
=== sid_ff_-40c_3.63v_xmnt_p0625_pass1
======================================================================
.temp -40
vg g 0 dc 9.012547970000e-01
vb b 0 dc -1.776381430000e-05
vd dd 0 dc 1.174207450000e+00
rs dd d 1.00000000e-03
--- ngspice output ---

Note: No compatibility mode selected!


Circuit: * gf180-pll :: period-jitter :: s_id along the trajectory -- generated.

Doing analysis at TEMP = -40.000000 and TNOM = 27.000000

Using SPARSE 1.3 as Direct Linear Solver

No. of Data Rows : 1
@m.xm1.m0[vgs] = 9.012370e-01
@m.xm1.m0[vds] = 1.174172e+00
@m.xm1.m0[vbs] = -3.55355e-05
@m.xm1.m0[id] = 5.641801e-05
@m.xm1.m0[gm] = 3.992568e-04
@m.xm1.m0[gds] = 2.984792e-06
v(d) = 1.174207e+00
Doing analysis at TEMP = -40.000000 and TNOM = 27.000000

Using SPARSE 1.3 as Direct Linear Solver

No. of Data Rows : 1
zm0 = 1.000000e-03
Doing analysis at TEMP = -40.000000 and TNOM = 27.000000

Using SPARSE 1.3 as Direct Linear Solver

No. of Data Rows : 2

No. of Data Rows : 1
onoise_total_rs_thermal = 3.588304e-12
onoise_total.m.xm1.m0.id = 2.010358e-15
onoise_total.m.xm1.m0.1overf = 1.947866e-13
inoise_total.m.xm1.m0.id = 2.010358e-12
inoise_total.m.xm1.m0.1overf = 1.947866e-10
Doing analysis at TEMP = -40.000000 and TNOM = 27.000000

Using SPARSE 1.3 as Direct Linear Solver

No. of Data Rows : 1
zm1 = 1.000000e-03
Doing analysis at TEMP = -40.000000 and TNOM = 27.000000

Using SPARSE 1.3 as Direct Linear Solver

No. of Data Rows : 2

No. of Data Rows : 1
onoise_total_rs_thermal = 3.588304e-12
onoise_total.m.xm1.m0.id = 2.010358e-15
onoise_total.m.xm1.m0.1overf = 6.526071e-14
inoise_total.m.xm1.m0.id = 2.010358e-12
inoise_total.m.xm1.m0.1overf = 6.526071e-11
Doing analysis at TEMP = -40.000000 and TNOM = 27.000000

Using SPARSE 1.3 as Direct Linear Solver

No. of Data Rows : 1
zm2 = 1.000000e-03
Doing analysis at TEMP = -40.000000 and TNOM = 27.000000

Using SPARSE 1.3 as Direct Linear Solver

No. of Data Rows : 2

No. of Data Rows : 1
onoise_total_rs_thermal = 3.588304e-12
onoise_total.m.xm1.m0.id = 2.010358e-15
onoise_total.m.xm1.m0.1overf = 2.186055e-14
inoise_total.m.xm1.m0.id = 2.010358e-12
inoise_total.m.xm1.m0.1overf = 2.186055e-11
Doing analysis at TEMP = -40.000000 and TNOM = 27.000000

Using SPARSE 1.3 as Direct Linear Solver

No. of Data Rows : 1
zm3 = 1.000000e-03
Doing analysis at TEMP = -40.000000 and TNOM = 27.000000

Using SPARSE 1.3 as Direct Linear Solver

No. of Data Rows : 2

No. of Data Rows : 1
onoise_total_rs_thermal = 3.588304e-12
onoise_total.m.xm1.m0.id = 2.010358e-15
onoise_total.m.xm1.m0.1overf = 7.322544e-15
inoise_total.m.xm1.m0.id = 2.010358e-12
inoise_total.m.xm1.m0.1overf = 7.322544e-12
Doing analysis at TEMP = -40.000000 and TNOM = 27.000000

Using SPARSE 1.3 as Direct Linear Solver

No. of Data Rows : 1
zm4 = 1.000000e-03
Doing analysis at TEMP = -40.000000 and TNOM = 27.000000

Using SPARSE 1.3 as Direct Linear Solver

No. of Data Rows : 2

No. of Data Rows : 1
onoise_total_rs_thermal = 3.588304e-12
onoise_total.m.xm1.m0.id = 2.010358e-15
onoise_total.m.xm1.m0.1overf = 2.452800e-15
inoise_total.m.xm1.m0.id = 2.010358e-12
inoise_total.m.xm1.m0.1overf = 2.452800e-12
Doing analysis at TEMP = -40.000000 and TNOM = 27.000000

Using SPARSE 1.3 as Direct Linear Solver

No. of Data Rows : 1
zm5 = 1.000000e-03
Doing analysis at TEMP = -40.000000 and TNOM = 27.000000

Using SPARSE 1.3 as Direct Linear Solver

No. of Data Rows : 2

No. of Data Rows : 1
onoise_total_rs_thermal = 3.588304e-12
onoise_total.m.xm1.m0.id = 2.010358e-15
onoise_total.m.xm1.m0.1overf = 8.216030e-16
inoise_total.m.xm1.m0.id = 2.010358e-12
inoise_total.m.xm1.m0.1overf = 8.216030e-13
Doing analysis at TEMP = -40.000000 and TNOM = 27.000000

Using SPARSE 1.3 as Direct Linear Solver

No. of Data Rows : 1
zm6 = 1.000000e-03
Doing analysis at TEMP = -40.000000 and TNOM = 27.000000

Using SPARSE 1.3 as Direct Linear Solver

No. of Data Rows : 2

No. of Data Rows : 1
onoise_total_rs_thermal = 3.588304e-12
onoise_total.m.xm1.m0.id = 2.010358e-15
onoise_total.m.xm1.m0.1overf = 4.875618e-16
inoise_total.m.xm1.m0.id = 2.010358e-12
inoise_total.m.xm1.m0.1overf = 4.875618e-13
Note: Simulation executed from .control section 

======================================================================
=== sid_ff_-40c_3.63v_xmnt_p0625
======================================================================
.temp -40
vg g 0 dc 9.012725940000e-01
vb b 0 dc 7.871399999997e-09
vd dd 0 dc 1.174242900000e+00
rs dd d 1.00000000e-03
--- ngspice output ---

Note: No compatibility mode selected!


Circuit: * gf180-pll :: period-jitter :: s_id along the trajectory -- generated.

Doing analysis at TEMP = -40.000000 and TNOM = 27.000000

Using SPARSE 1.3 as Direct Linear Solver

No. of Data Rows : 1
@m.xm1.m0[vgs] = 9.012548e-01
@m.xm1.m0[vds] = 1.174207e+00
@m.xm1.m0[vbs] = -1.77668e-05
@m.xm1.m0[id] = 5.642760e-05
@m.xm1.m0[gm] = 3.992868e-04
@m.xm1.m0[gds] = 2.985099e-06
v(d) = 1.174243e+00
Doing analysis at TEMP = -40.000000 and TNOM = 27.000000

Using SPARSE 1.3 as Direct Linear Solver

No. of Data Rows : 1
zm0 = 1.000000e-03
Doing analysis at TEMP = -40.000000 and TNOM = 27.000000

Using SPARSE 1.3 as Direct Linear Solver

No. of Data Rows : 2

No. of Data Rows : 1
onoise_total_rs_thermal = 3.588304e-12
onoise_total.m.xm1.m0.id = 2.010455e-15
onoise_total.m.xm1.m0.1overf = 1.948044e-13
inoise_total.m.xm1.m0.id = 2.010455e-12
inoise_total.m.xm1.m0.1overf = 1.948044e-10
Doing analysis at TEMP = -40.000000 and TNOM = 27.000000

Using SPARSE 1.3 as Direct Linear Solver

No. of Data Rows : 1
zm1 = 1.000000e-03
Doing analysis at TEMP = -40.000000 and TNOM = 27.000000

Using SPARSE 1.3 as Direct Linear Solver

No. of Data Rows : 2

No. of Data Rows : 1
onoise_total_rs_thermal = 3.588304e-12
onoise_total.m.xm1.m0.id = 2.010455e-15
onoise_total.m.xm1.m0.1overf = 6.526667e-14
inoise_total.m.xm1.m0.id = 2.010455e-12
inoise_total.m.xm1.m0.1overf = 6.526667e-11
Doing analysis at TEMP = -40.000000 and TNOM = 27.000000

Using SPARSE 1.3 as Direct Linear Solver

No. of Data Rows : 1
zm2 = 1.000000e-03
Doing analysis at TEMP = -40.000000 and TNOM = 27.000000

Using SPARSE 1.3 as Direct Linear Solver

No. of Data Rows : 2

No. of Data Rows : 1
onoise_total_rs_thermal = 3.588304e-12
onoise_total.m.xm1.m0.id = 2.010455e-15
onoise_total.m.xm1.m0.1overf = 2.186255e-14
inoise_total.m.xm1.m0.id = 2.010455e-12
inoise_total.m.xm1.m0.1overf = 2.186255e-11
Doing analysis at TEMP = -40.000000 and TNOM = 27.000000

Using SPARSE 1.3 as Direct Linear Solver

No. of Data Rows : 1
zm3 = 1.000000e-03
Doing analysis at TEMP = -40.000000 and TNOM = 27.000000

Using SPARSE 1.3 as Direct Linear Solver

No. of Data Rows : 2

No. of Data Rows : 1
onoise_total_rs_thermal = 3.588304e-12
onoise_total.m.xm1.m0.id = 2.010455e-15
onoise_total.m.xm1.m0.1overf = 7.323213e-15
inoise_total.m.xm1.m0.id = 2.010455e-12
inoise_total.m.xm1.m0.1overf = 7.323213e-12
Doing analysis at TEMP = -40.000000 and TNOM = 27.000000

Using SPARSE 1.3 as Direct Linear Solver

No. of Data Rows : 1
zm4 = 1.000000e-03
Doing analysis at TEMP = -40.000000 and TNOM = 27.000000

Using SPARSE 1.3 as Direct Linear Solver

No. of Data Rows : 2

No. of Data Rows : 1
onoise_total_rs_thermal = 3.588304e-12
onoise_total.m.xm1.m0.id = 2.010455e-15
onoise_total.m.xm1.m0.1overf = 2.453024e-15
inoise_total.m.xm1.m0.id = 2.010455e-12
inoise_total.m.xm1.m0.1overf = 2.453024e-12
Doing analysis at TEMP = -40.000000 and TNOM = 27.000000

Using SPARSE 1.3 as Direct Linear Solver

No. of Data Rows : 1
zm5 = 1.000000e-03
Doing analysis at TEMP = -40.000000 and TNOM = 27.000000

Using SPARSE 1.3 as Direct Linear Solver

No. of Data Rows : 2

No. of Data Rows : 1
onoise_total_rs_thermal = 3.588304e-12
onoise_total.m.xm1.m0.id = 2.010455e-15
onoise_total.m.xm1.m0.1overf = 8.216780e-16
inoise_total.m.xm1.m0.id = 2.010455e-12
inoise_total.m.xm1.m0.1overf = 8.216781e-13
Doing analysis at TEMP = -40.000000 and TNOM = 27.000000

Using SPARSE 1.3 as Direct Linear Solver

No. of Data Rows : 1
zm6 = 1.000000e-03
Doing analysis at TEMP = -40.000000 and TNOM = 27.000000

Using SPARSE 1.3 as Direct Linear Solver

No. of Data Rows : 2

No. of Data Rows : 1
onoise_total_rs_thermal = 3.588304e-12
onoise_total.m.xm1.m0.id = 2.010455e-15
onoise_total.m.xm1.m0.1overf = 4.876064e-16
inoise_total.m.xm1.m0.id = 2.010455e-12
inoise_total.m.xm1.m0.1overf = 4.876064e-13
Note: Simulation executed from .control section 

======================================================================
=== sid_ff_-40c_3.63v_xmnt_p0667_pass1
======================================================================
.temp -40
vg g 0 dc 8.991115020000e-01
vb b 0 dc -1.652619820000e-05
vd dd 0 dc 4.131644510000e-01
rs dd d 1.00000000e-03
--- ngspice output ---

Note: No compatibility mode selected!


Circuit: * gf180-pll :: period-jitter :: s_id along the trajectory -- generated.

Doing analysis at TEMP = -40.000000 and TNOM = 27.000000

Using SPARSE 1.3 as Direct Linear Solver

No. of Data Rows : 1
@m.xm1.m0[vgs] = 8.990950e-01
@m.xm1.m0[vds] = 4.131314e-01
@m.xm1.m0[vbs] = -3.30385e-05
@m.xm1.m0[id] = 5.241985e-05
@m.xm1.m0[gm] = 3.758832e-04
@m.xm1.m0[gds] = 7.974529e-06
v(d) = 4.131644e-01
Doing analysis at TEMP = -40.000000 and TNOM = 27.000000

Using SPARSE 1.3 as Direct Linear Solver

No. of Data Rows : 1
zm0 = 1.000000e-03
Doing analysis at TEMP = -40.000000 and TNOM = 27.000000

Using SPARSE 1.3 as Direct Linear Solver

No. of Data Rows : 2

No. of Data Rows : 1
onoise_total_rs_thermal = 3.588304e-12
onoise_total.m.xm1.m0.id = 2.001477e-15
onoise_total.m.xm1.m0.1overf = 1.676866e-13
inoise_total.m.xm1.m0.id = 2.001477e-12
inoise_total.m.xm1.m0.1overf = 1.676866e-10
Doing analysis at TEMP = -40.000000 and TNOM = 27.000000

Using SPARSE 1.3 as Direct Linear Solver

No. of Data Rows : 1
zm1 = 1.000000e-03
Doing analysis at TEMP = -40.000000 and TNOM = 27.000000

Using SPARSE 1.3 as Direct Linear Solver

No. of Data Rows : 2

No. of Data Rows : 1
onoise_total_rs_thermal = 3.588304e-12
onoise_total.m.xm1.m0.id = 2.001477e-15
onoise_total.m.xm1.m0.1overf = 5.618122e-14
inoise_total.m.xm1.m0.id = 2.001477e-12
inoise_total.m.xm1.m0.1overf = 5.618122e-11
Doing analysis at TEMP = -40.000000 and TNOM = 27.000000

Using SPARSE 1.3 as Direct Linear Solver

No. of Data Rows : 1
zm2 = 1.000000e-03
Doing analysis at TEMP = -40.000000 and TNOM = 27.000000

Using SPARSE 1.3 as Direct Linear Solver

No. of Data Rows : 2

No. of Data Rows : 1
onoise_total_rs_thermal = 3.588304e-12
onoise_total.m.xm1.m0.id = 2.001477e-15
onoise_total.m.xm1.m0.1overf = 1.881917e-14
inoise_total.m.xm1.m0.id = 2.001477e-12
inoise_total.m.xm1.m0.1overf = 1.881917e-11
Doing analysis at TEMP = -40.000000 and TNOM = 27.000000

Using SPARSE 1.3 as Direct Linear Solver

No. of Data Rows : 1
zm3 = 1.000000e-03
Doing analysis at TEMP = -40.000000 and TNOM = 27.000000

Using SPARSE 1.3 as Direct Linear Solver

No. of Data Rows : 2

No. of Data Rows : 1
onoise_total_rs_thermal = 3.588304e-12
onoise_total.m.xm1.m0.id = 2.001477e-15
onoise_total.m.xm1.m0.1overf = 6.303784e-15
inoise_total.m.xm1.m0.id = 2.001477e-12
inoise_total.m.xm1.m0.1overf = 6.303784e-12
Doing analysis at TEMP = -40.000000 and TNOM = 27.000000

Using SPARSE 1.3 as Direct Linear Solver

No. of Data Rows : 1
zm4 = 1.000000e-03
Doing analysis at TEMP = -40.000000 and TNOM = 27.000000

Using SPARSE 1.3 as Direct Linear Solver

No. of Data Rows : 2

No. of Data Rows : 1
onoise_total_rs_thermal = 3.588304e-12
onoise_total.m.xm1.m0.id = 2.001477e-15
onoise_total.m.xm1.m0.1overf = 2.111550e-15
inoise_total.m.xm1.m0.id = 2.001477e-12
inoise_total.m.xm1.m0.1overf = 2.111550e-12
Doing analysis at TEMP = -40.000000 and TNOM = 27.000000

Using SPARSE 1.3 as Direct Linear Solver

No. of Data Rows : 1
zm5 = 1.000000e-03
Doing analysis at TEMP = -40.000000 and TNOM = 27.000000

Using SPARSE 1.3 as Direct Linear Solver

No. of Data Rows : 2

No. of Data Rows : 1
onoise_total_rs_thermal = 3.588304e-12
onoise_total.m.xm1.m0.id = 2.001477e-15
onoise_total.m.xm1.m0.1overf = 7.072962e-16
inoise_total.m.xm1.m0.id = 2.001477e-12
inoise_total.m.xm1.m0.1overf = 7.072962e-13
Doing analysis at TEMP = -40.000000 and TNOM = 27.000000

Using SPARSE 1.3 as Direct Linear Solver

No. of Data Rows : 1
zm6 = 1.000000e-03
Doing analysis at TEMP = -40.000000 and TNOM = 27.000000

Using SPARSE 1.3 as Direct Linear Solver

No. of Data Rows : 2

No. of Data Rows : 1
onoise_total_rs_thermal = 3.588304e-12
onoise_total.m.xm1.m0.id = 2.001477e-15
onoise_total.m.xm1.m0.1overf = 4.197290e-16
inoise_total.m.xm1.m0.id = 2.001477e-12
inoise_total.m.xm1.m0.1overf = 4.197290e-13
Note: Simulation executed from .control section 

======================================================================
=== sid_ff_-40c_3.63v_xmnt_p0667
======================================================================
.temp -40
vg g 0 dc 8.991280040000e-01
vb b 0 dc -1.389640000000e-08
vd dd 0 dc 4.131975020000e-01
rs dd d 1.00000000e-03
--- ngspice output ---

Note: No compatibility mode selected!


Circuit: * gf180-pll :: period-jitter :: s_id along the trajectory -- generated.

Doing analysis at TEMP = -40.000000 and TNOM = 27.000000

Using SPARSE 1.3 as Direct Linear Solver

No. of Data Rows : 1
@m.xm1.m0[vgs] = 8.991115e-01
@m.xm1.m0[vds] = 4.131644e-01
@m.xm1.m0[vbs] = -1.65288e-05
@m.xm1.m0[id] = 5.242840e-05
@m.xm1.m0[gm] = 3.759111e-04
@m.xm1.m0[gds] = 7.975002e-06
v(d) = 4.131974e-01
Doing analysis at TEMP = -40.000000 and TNOM = 27.000000

Using SPARSE 1.3 as Direct Linear Solver

No. of Data Rows : 1
zm0 = 1.000000e-03
Doing analysis at TEMP = -40.000000 and TNOM = 27.000000

Using SPARSE 1.3 as Direct Linear Solver

No. of Data Rows : 2

No. of Data Rows : 1
onoise_total_rs_thermal = 3.588304e-12
onoise_total.m.xm1.m0.id = 2.001568e-15
onoise_total.m.xm1.m0.1overf = 1.677025e-13
inoise_total.m.xm1.m0.id = 2.001568e-12
inoise_total.m.xm1.m0.1overf = 1.677025e-10
Doing analysis at TEMP = -40.000000 and TNOM = 27.000000

Using SPARSE 1.3 as Direct Linear Solver

No. of Data Rows : 1
zm1 = 1.000000e-03
Doing analysis at TEMP = -40.000000 and TNOM = 27.000000

Using SPARSE 1.3 as Direct Linear Solver

No. of Data Rows : 2

No. of Data Rows : 1
onoise_total_rs_thermal = 3.588304e-12
onoise_total.m.xm1.m0.id = 2.001568e-15
onoise_total.m.xm1.m0.1overf = 5.618655e-14
inoise_total.m.xm1.m0.id = 2.001568e-12
inoise_total.m.xm1.m0.1overf = 5.618655e-11
Doing analysis at TEMP = -40.000000 and TNOM = 27.000000

Using SPARSE 1.3 as Direct Linear Solver

No. of Data Rows : 1
zm2 = 1.000000e-03
Doing analysis at TEMP = -40.000000 and TNOM = 27.000000

Using SPARSE 1.3 as Direct Linear Solver

No. of Data Rows : 2

No. of Data Rows : 1
onoise_total_rs_thermal = 3.588304e-12
onoise_total.m.xm1.m0.id = 2.001568e-15
onoise_total.m.xm1.m0.1overf = 1.882096e-14
inoise_total.m.xm1.m0.id = 2.001568e-12
inoise_total.m.xm1.m0.1overf = 1.882096e-11
Doing analysis at TEMP = -40.000000 and TNOM = 27.000000

Using SPARSE 1.3 as Direct Linear Solver

No. of Data Rows : 1
zm3 = 1.000000e-03
Doing analysis at TEMP = -40.000000 and TNOM = 27.000000

Using SPARSE 1.3 as Direct Linear Solver

No. of Data Rows : 2

No. of Data Rows : 1
onoise_total_rs_thermal = 3.588304e-12
onoise_total.m.xm1.m0.id = 2.001568e-15
onoise_total.m.xm1.m0.1overf = 6.304383e-15
inoise_total.m.xm1.m0.id = 2.001568e-12
inoise_total.m.xm1.m0.1overf = 6.304383e-12
Doing analysis at TEMP = -40.000000 and TNOM = 27.000000

Using SPARSE 1.3 as Direct Linear Solver

No. of Data Rows : 1
zm4 = 1.000000e-03
Doing analysis at TEMP = -40.000000 and TNOM = 27.000000

Using SPARSE 1.3 as Direct Linear Solver

No. of Data Rows : 2

No. of Data Rows : 1
onoise_total_rs_thermal = 3.588304e-12
onoise_total.m.xm1.m0.id = 2.001568e-15
onoise_total.m.xm1.m0.1overf = 2.111751e-15
inoise_total.m.xm1.m0.id = 2.001568e-12
inoise_total.m.xm1.m0.1overf = 2.111751e-12
Doing analysis at TEMP = -40.000000 and TNOM = 27.000000

Using SPARSE 1.3 as Direct Linear Solver

No. of Data Rows : 1
zm5 = 1.000000e-03
Doing analysis at TEMP = -40.000000 and TNOM = 27.000000

Using SPARSE 1.3 as Direct Linear Solver

No. of Data Rows : 2

No. of Data Rows : 1
onoise_total_rs_thermal = 3.588304e-12
onoise_total.m.xm1.m0.id = 2.001568e-15
onoise_total.m.xm1.m0.1overf = 7.073634e-16
inoise_total.m.xm1.m0.id = 2.001568e-12
inoise_total.m.xm1.m0.1overf = 7.073634e-13
Doing analysis at TEMP = -40.000000 and TNOM = 27.000000

Using SPARSE 1.3 as Direct Linear Solver

No. of Data Rows : 1
zm6 = 1.000000e-03
Doing analysis at TEMP = -40.000000 and TNOM = 27.000000

Using SPARSE 1.3 as Direct Linear Solver

No. of Data Rows : 2

No. of Data Rows : 1
onoise_total_rs_thermal = 3.588304e-12
onoise_total.m.xm1.m0.id = 2.001568e-15
onoise_total.m.xm1.m0.1overf = 4.197689e-16
inoise_total.m.xm1.m0.id = 2.001568e-12
inoise_total.m.xm1.m0.1overf = 4.197689e-13
Note: Simulation executed from .control section 

======================================================================
=== sid_ff_-40c_3.63v_xmnt_p0708_pass1
======================================================================
.temp -40
vg g 0 dc 8.991241380000e-01
vb b 0 dc -7.186509200000e-06
vd dd 0 dc 6.101783290000e-02
rs dd d 1.00000000e-03
--- ngspice output ---

Note: No compatibility mode selected!


Circuit: * gf180-pll :: period-jitter :: s_id along the trajectory -- generated.

Doing analysis at TEMP = -40.000000 and TNOM = 27.000000

Using SPARSE 1.3 as Direct Linear Solver

No. of Data Rows : 1
@m.xm1.m0[vgs] = 8.991171e-01
@m.xm1.m0[vds] = 6.100370e-02
@m.xm1.m0[vbs] = -1.42443e-05
@m.xm1.m0[id] = 2.240554e-05
@m.xm1.m0[gm] = 1.050511e-04
@m.xm1.m0[gds] = 3.048112e-04
v(d) = 6.101781e-02
Doing analysis at TEMP = -40.000000 and TNOM = 27.000000

Using SPARSE 1.3 as Direct Linear Solver

No. of Data Rows : 1
zm0 = 9.999997e-04
Doing analysis at TEMP = -40.000000 and TNOM = 27.000000

Using SPARSE 1.3 as Direct Linear Solver

No. of Data Rows : 2

No. of Data Rows : 1
onoise_total_rs_thermal = 3.588303e-12
onoise_total.m.xm1.m0.id = 2.231682e-15
onoise_total.m.xm1.m0.1overf = 3.777952e-14
inoise_total.m.xm1.m0.id = 2.231682e-12
inoise_total.m.xm1.m0.1overf = 3.777954e-11
Doing analysis at TEMP = -40.000000 and TNOM = 27.000000

Using SPARSE 1.3 as Direct Linear Solver

No. of Data Rows : 1
zm1 = 9.999997e-04
Doing analysis at TEMP = -40.000000 and TNOM = 27.000000

Using SPARSE 1.3 as Direct Linear Solver

No. of Data Rows : 2

No. of Data Rows : 1
onoise_total_rs_thermal = 3.588303e-12
onoise_total.m.xm1.m0.id = 2.231682e-15
onoise_total.m.xm1.m0.1overf = 1.265754e-14
inoise_total.m.xm1.m0.id = 2.231682e-12
inoise_total.m.xm1.m0.1overf = 1.265754e-11
Doing analysis at TEMP = -40.000000 and TNOM = 27.000000

Using SPARSE 1.3 as Direct Linear Solver

No. of Data Rows : 1
zm2 = 9.999997e-04
Doing analysis at TEMP = -40.000000 and TNOM = 27.000000

Using SPARSE 1.3 as Direct Linear Solver

No. of Data Rows : 2

No. of Data Rows : 1
onoise_total_rs_thermal = 3.588303e-12
onoise_total.m.xm1.m0.id = 2.231682e-15
onoise_total.m.xm1.m0.1overf = 4.239929e-15
inoise_total.m.xm1.m0.id = 2.231682e-12
inoise_total.m.xm1.m0.1overf = 4.239930e-12
Doing analysis at TEMP = -40.000000 and TNOM = 27.000000

Using SPARSE 1.3 as Direct Linear Solver

No. of Data Rows : 1
zm3 = 9.999997e-04
Doing analysis at TEMP = -40.000000 and TNOM = 27.000000

Using SPARSE 1.3 as Direct Linear Solver

No. of Data Rows : 2

No. of Data Rows : 1
onoise_total_rs_thermal = 3.588303e-12
onoise_total.m.xm1.m0.id = 2.231682e-15
onoise_total.m.xm1.m0.1overf = 1.420233e-15
inoise_total.m.xm1.m0.id = 2.231682e-12
inoise_total.m.xm1.m0.1overf = 1.420233e-12
Doing analysis at TEMP = -40.000000 and TNOM = 27.000000

Using SPARSE 1.3 as Direct Linear Solver

No. of Data Rows : 1
zm4 = 9.999997e-04
Doing analysis at TEMP = -40.000000 and TNOM = 27.000000

Using SPARSE 1.3 as Direct Linear Solver

No. of Data Rows : 2

No. of Data Rows : 1
onoise_total_rs_thermal = 3.588303e-12
onoise_total.m.xm1.m0.id = 2.231682e-15
onoise_total.m.xm1.m0.1overf = 4.757289e-16
inoise_total.m.xm1.m0.id = 2.231682e-12
inoise_total.m.xm1.m0.1overf = 4.757291e-13
Doing analysis at TEMP = -40.000000 and TNOM = 27.000000

Using SPARSE 1.3 as Direct Linear Solver

No. of Data Rows : 1
zm5 = 9.999997e-04
Doing analysis at TEMP = -40.000000 and TNOM = 27.000000

Using SPARSE 1.3 as Direct Linear Solver

No. of Data Rows : 2

No. of Data Rows : 1
onoise_total_rs_thermal = 3.588303e-12
onoise_total.m.xm1.m0.id = 2.231682e-15
onoise_total.m.xm1.m0.1overf = 1.593527e-16
inoise_total.m.xm1.m0.id = 2.231682e-12
inoise_total.m.xm1.m0.1overf = 1.593528e-13
Doing analysis at TEMP = -40.000000 and TNOM = 27.000000

Using SPARSE 1.3 as Direct Linear Solver

No. of Data Rows : 1
zm6 = 9.999997e-04
Doing analysis at TEMP = -40.000000 and TNOM = 27.000000

Using SPARSE 1.3 as Direct Linear Solver

No. of Data Rows : 2

No. of Data Rows : 1
onoise_total_rs_thermal = 3.588303e-12
onoise_total.m.xm1.m0.id = 2.231682e-15
onoise_total.m.xm1.m0.1overf = 9.456429e-17
inoise_total.m.xm1.m0.id = 2.231682e-12
inoise_total.m.xm1.m0.1overf = 9.456432e-14
Note: Simulation executed from .control section 

======================================================================
=== sid_ff_-40c_3.63v_xmnt_p0708
======================================================================
.temp -40
vg g 0 dc 8.991311760000e-01
vb b 0 dc -1.287184000000e-07
vd dd 0 dc 6.103196580000e-02
rs dd d 1.00000000e-03
--- ngspice output ---

Note: No compatibility mode selected!


Circuit: * gf180-pll :: period-jitter :: s_id along the trajectory -- generated.

Doing analysis at TEMP = -40.000000 and TNOM = 27.000000

Using SPARSE 1.3 as Direct Linear Solver

No. of Data Rows : 1
@m.xm1.m0[vgs] = 8.991241e-01
@m.xm1.m0[vds] = 6.101782e-02
@m.xm1.m0[vbs] = -7.18813e-06
@m.xm1.m0[id] = 2.241084e-05
@m.xm1.m0[gm] = 1.050744e-04
@m.xm1.m0[gds] = 3.047988e-04
v(d) = 6.103194e-02
Doing analysis at TEMP = -40.000000 and TNOM = 27.000000

Using SPARSE 1.3 as Direct Linear Solver

No. of Data Rows : 1
zm0 = 9.999997e-04
Doing analysis at TEMP = -40.000000 and TNOM = 27.000000

Using SPARSE 1.3 as Direct Linear Solver

No. of Data Rows : 2

No. of Data Rows : 1
onoise_total_rs_thermal = 3.588303e-12
onoise_total.m.xm1.m0.id = 2.231692e-15
onoise_total.m.xm1.m0.1overf = 3.778840e-14
inoise_total.m.xm1.m0.id = 2.231693e-12
inoise_total.m.xm1.m0.1overf = 3.778841e-11
Doing analysis at TEMP = -40.000000 and TNOM = 27.000000

Using SPARSE 1.3 as Direct Linear Solver

No. of Data Rows : 1
zm1 = 9.999997e-04
Doing analysis at TEMP = -40.000000 and TNOM = 27.000000

Using SPARSE 1.3 as Direct Linear Solver

No. of Data Rows : 2

No. of Data Rows : 1
onoise_total_rs_thermal = 3.588303e-12
onoise_total.m.xm1.m0.id = 2.231692e-15
onoise_total.m.xm1.m0.1overf = 1.266051e-14
inoise_total.m.xm1.m0.id = 2.231693e-12
inoise_total.m.xm1.m0.1overf = 1.266052e-11
Doing analysis at TEMP = -40.000000 and TNOM = 27.000000

Using SPARSE 1.3 as Direct Linear Solver

No. of Data Rows : 1
zm2 = 9.999997e-04
Doing analysis at TEMP = -40.000000 and TNOM = 27.000000

Using SPARSE 1.3 as Direct Linear Solver

No. of Data Rows : 2

No. of Data Rows : 1
onoise_total_rs_thermal = 3.588303e-12
onoise_total.m.xm1.m0.id = 2.231692e-15
onoise_total.m.xm1.m0.1overf = 4.240925e-15
inoise_total.m.xm1.m0.id = 2.231693e-12
inoise_total.m.xm1.m0.1overf = 4.240926e-12
Doing analysis at TEMP = -40.000000 and TNOM = 27.000000

Using SPARSE 1.3 as Direct Linear Solver

No. of Data Rows : 1
zm3 = 9.999997e-04
Doing analysis at TEMP = -40.000000 and TNOM = 27.000000

Using SPARSE 1.3 as Direct Linear Solver

No. of Data Rows : 2

No. of Data Rows : 1
onoise_total_rs_thermal = 3.588303e-12
onoise_total.m.xm1.m0.id = 2.231692e-15
onoise_total.m.xm1.m0.1overf = 1.420566e-15
inoise_total.m.xm1.m0.id = 2.231693e-12
inoise_total.m.xm1.m0.1overf = 1.420567e-12
Doing analysis at TEMP = -40.000000 and TNOM = 27.000000

Using SPARSE 1.3 as Direct Linear Solver

No. of Data Rows : 1
zm4 = 9.999997e-04
Doing analysis at TEMP = -40.000000 and TNOM = 27.000000

Using SPARSE 1.3 as Direct Linear Solver

No. of Data Rows : 2

No. of Data Rows : 1
onoise_total_rs_thermal = 3.588303e-12
onoise_total.m.xm1.m0.id = 2.231692e-15
onoise_total.m.xm1.m0.1overf = 4.758407e-16
inoise_total.m.xm1.m0.id = 2.231693e-12
inoise_total.m.xm1.m0.1overf = 4.758409e-13
Doing analysis at TEMP = -40.000000 and TNOM = 27.000000

Using SPARSE 1.3 as Direct Linear Solver

No. of Data Rows : 1
zm5 = 9.999997e-04
Doing analysis at TEMP = -40.000000 and TNOM = 27.000000

Using SPARSE 1.3 as Direct Linear Solver

No. of Data Rows : 2

No. of Data Rows : 1
onoise_total_rs_thermal = 3.588303e-12
onoise_total.m.xm1.m0.id = 2.231692e-15
onoise_total.m.xm1.m0.1overf = 1.593902e-16
inoise_total.m.xm1.m0.id = 2.231693e-12
inoise_total.m.xm1.m0.1overf = 1.593902e-13
Doing analysis at TEMP = -40.000000 and TNOM = 27.000000

Using SPARSE 1.3 as Direct Linear Solver

No. of Data Rows : 1
zm6 = 9.999997e-04
Doing analysis at TEMP = -40.000000 and TNOM = 27.000000

Using SPARSE 1.3 as Direct Linear Solver

No. of Data Rows : 2

No. of Data Rows : 1
onoise_total_rs_thermal = 3.588303e-12
onoise_total.m.xm1.m0.id = 2.231692e-15
onoise_total.m.xm1.m0.1overf = 9.458650e-17
inoise_total.m.xm1.m0.id = 2.231693e-12
inoise_total.m.xm1.m0.1overf = 9.458653e-14
Note: Simulation executed from .control section 

======================================================================
=== sid_ff_-40c_3.63v_xmnt_p0750_pass1
======================================================================
.temp -40
vg g 0 dc 9.004725860000e-01
vb b 0 dc -4.222628900000e-06
vd dd 0 dc 3.339599580000e-02
rs dd d 1.00000000e-03
--- ngspice output ---

Note: No compatibility mode selected!


Circuit: * gf180-pll :: period-jitter :: s_id along the trajectory -- generated.

Doing analysis at TEMP = -40.000000 and TNOM = 27.000000

Using SPARSE 1.3 as Direct Linear Solver

No. of Data Rows : 1
@m.xm1.m0[vgs] = 9.004684e-01
@m.xm1.m0[vds] = 3.338760e-02
@m.xm1.m0[vbs] = -8.41188e-06
@m.xm1.m0[id] = 1.329922e-05
@m.xm1.m0[gm] = 5.842719e-05
@m.xm1.m0[gds] = 3.631301e-04
v(d) = 3.339598e-02
Doing analysis at TEMP = -40.000000 and TNOM = 27.000000

Using SPARSE 1.3 as Direct Linear Solver

No. of Data Rows : 1
zm0 = 9.999996e-04
Doing analysis at TEMP = -40.000000 and TNOM = 27.000000

Using SPARSE 1.3 as Direct Linear Solver

No. of Data Rows : 2

No. of Data Rows : 1
onoise_total_rs_thermal = 3.588303e-12
onoise_total.m.xm1.m0.id = 2.317627e-15
onoise_total.m.xm1.m0.1overf = 2.091413e-14
inoise_total.m.xm1.m0.id = 2.317628e-12
inoise_total.m.xm1.m0.1overf = 2.091413e-11
Doing analysis at TEMP = -40.000000 and TNOM = 27.000000

Using SPARSE 1.3 as Direct Linear Solver

No. of Data Rows : 1
zm1 = 9.999996e-04
Doing analysis at TEMP = -40.000000 and TNOM = 27.000000

Using SPARSE 1.3 as Direct Linear Solver

No. of Data Rows : 2

No. of Data Rows : 1
onoise_total_rs_thermal = 3.588303e-12
onoise_total.m.xm1.m0.id = 2.317627e-15
onoise_total.m.xm1.m0.1overf = 7.007007e-15
inoise_total.m.xm1.m0.id = 2.317628e-12
inoise_total.m.xm1.m0.1overf = 7.007009e-12
Doing analysis at TEMP = -40.000000 and TNOM = 27.000000

Using SPARSE 1.3 as Direct Linear Solver

No. of Data Rows : 1
zm2 = 9.999996e-04
Doing analysis at TEMP = -40.000000 and TNOM = 27.000000

Using SPARSE 1.3 as Direct Linear Solver

No. of Data Rows : 2

No. of Data Rows : 1
onoise_total_rs_thermal = 3.588303e-12
onoise_total.m.xm1.m0.id = 2.317627e-15
onoise_total.m.xm1.m0.1overf = 2.347155e-15
inoise_total.m.xm1.m0.id = 2.317628e-12
inoise_total.m.xm1.m0.1overf = 2.347156e-12
Doing analysis at TEMP = -40.000000 and TNOM = 27.000000

Using SPARSE 1.3 as Direct Linear Solver

No. of Data Rows : 1
zm3 = 9.999996e-04
Doing analysis at TEMP = -40.000000 and TNOM = 27.000000

Using SPARSE 1.3 as Direct Linear Solver

No. of Data Rows : 2

No. of Data Rows : 1
onoise_total_rs_thermal = 3.588303e-12
onoise_total.m.xm1.m0.id = 2.317627e-15
onoise_total.m.xm1.m0.1overf = 7.862176e-16
inoise_total.m.xm1.m0.id = 2.317628e-12
inoise_total.m.xm1.m0.1overf = 7.862179e-13
Doing analysis at TEMP = -40.000000 and TNOM = 27.000000

Using SPARSE 1.3 as Direct Linear Solver

No. of Data Rows : 1
zm4 = 9.999996e-04
Doing analysis at TEMP = -40.000000 and TNOM = 27.000000

Using SPARSE 1.3 as Direct Linear Solver

No. of Data Rows : 2

No. of Data Rows : 1
onoise_total_rs_thermal = 3.588303e-12
onoise_total.m.xm1.m0.id = 2.317627e-15
onoise_total.m.xm1.m0.1overf = 2.633558e-16
inoise_total.m.xm1.m0.id = 2.317628e-12
inoise_total.m.xm1.m0.1overf = 2.633559e-13
Doing analysis at TEMP = -40.000000 and TNOM = 27.000000

Using SPARSE 1.3 as Direct Linear Solver

No. of Data Rows : 1
zm5 = 9.999996e-04
Doing analysis at TEMP = -40.000000 and TNOM = 27.000000

Using SPARSE 1.3 as Direct Linear Solver

No. of Data Rows : 2

No. of Data Rows : 1
onoise_total_rs_thermal = 3.588303e-12
onoise_total.m.xm1.m0.id = 2.317627e-15
onoise_total.m.xm1.m0.1overf = 8.821506e-17
inoise_total.m.xm1.m0.id = 2.317628e-12
inoise_total.m.xm1.m0.1overf = 8.821509e-14
Doing analysis at TEMP = -40.000000 and TNOM = 27.000000

Using SPARSE 1.3 as Direct Linear Solver

No. of Data Rows : 1
zm6 = 9.999996e-04
Doing analysis at TEMP = -40.000000 and TNOM = 27.000000

Using SPARSE 1.3 as Direct Linear Solver

No. of Data Rows : 2

No. of Data Rows : 1
onoise_total_rs_thermal = 3.588303e-12
onoise_total.m.xm1.m0.id = 2.317627e-15
onoise_total.m.xm1.m0.1overf = 5.234925e-17
inoise_total.m.xm1.m0.id = 2.317628e-12
inoise_total.m.xm1.m0.1overf = 5.234927e-14
Note: Simulation executed from .control section 

======================================================================
=== sid_ff_-40c_3.63v_xmnt_p0750
======================================================================
.temp -40
vg g 0 dc 9.004767720000e-01
vb b 0 dc -3.337780000000e-08
vd dd 0 dc 3.340439160000e-02
rs dd d 1.00000000e-03
--- ngspice output ---

Note: No compatibility mode selected!


Circuit: * gf180-pll :: period-jitter :: s_id along the trajectory -- generated.

Doing analysis at TEMP = -40.000000 and TNOM = 27.000000

Using SPARSE 1.3 as Direct Linear Solver

No. of Data Rows : 1
@m.xm1.m0[vgs] = 9.004726e-01
@m.xm1.m0[vds] = 3.339600e-02
@m.xm1.m0[vbs] = -4.22369e-06
@m.xm1.m0[id] = 1.330259e-05
@m.xm1.m0[gm] = 5.844153e-05
@m.xm1.m0[gds] = 3.631223e-04
v(d) = 3.340438e-02
Doing analysis at TEMP = -40.000000 and TNOM = 27.000000

Using SPARSE 1.3 as Direct Linear Solver

No. of Data Rows : 1
zm0 = 9.999996e-04
Doing analysis at TEMP = -40.000000 and TNOM = 27.000000

Using SPARSE 1.3 as Direct Linear Solver

No. of Data Rows : 2

No. of Data Rows : 1
onoise_total_rs_thermal = 3.588303e-12
onoise_total.m.xm1.m0.id = 2.317630e-15
onoise_total.m.xm1.m0.1overf = 2.091942e-14
inoise_total.m.xm1.m0.id = 2.317631e-12
inoise_total.m.xm1.m0.1overf = 2.091942e-11
Doing analysis at TEMP = -40.000000 and TNOM = 27.000000

Using SPARSE 1.3 as Direct Linear Solver

No. of Data Rows : 1
zm1 = 9.999996e-04
Doing analysis at TEMP = -40.000000 and TNOM = 27.000000

Using SPARSE 1.3 as Direct Linear Solver

No. of Data Rows : 2

No. of Data Rows : 1
onoise_total_rs_thermal = 3.588303e-12
onoise_total.m.xm1.m0.id = 2.317630e-15
onoise_total.m.xm1.m0.1overf = 7.008779e-15
inoise_total.m.xm1.m0.id = 2.317631e-12
inoise_total.m.xm1.m0.1overf = 7.008781e-12
Doing analysis at TEMP = -40.000000 and TNOM = 27.000000

Using SPARSE 1.3 as Direct Linear Solver

No. of Data Rows : 1
zm2 = 9.999996e-04
Doing analysis at TEMP = -40.000000 and TNOM = 27.000000

Using SPARSE 1.3 as Direct Linear Solver

No. of Data Rows : 2

No. of Data Rows : 1
onoise_total_rs_thermal = 3.588303e-12
onoise_total.m.xm1.m0.id = 2.317630e-15
onoise_total.m.xm1.m0.1overf = 2.347749e-15
inoise_total.m.xm1.m0.id = 2.317631e-12
inoise_total.m.xm1.m0.1overf = 2.347750e-12
Doing analysis at TEMP = -40.000000 and TNOM = 27.000000

Using SPARSE 1.3 as Direct Linear Solver

No. of Data Rows : 1
zm3 = 9.999996e-04
Doing analysis at TEMP = -40.000000 and TNOM = 27.000000

Using SPARSE 1.3 as Direct Linear Solver

No. of Data Rows : 2

No. of Data Rows : 1
onoise_total_rs_thermal = 3.588303e-12
onoise_total.m.xm1.m0.id = 2.317630e-15
onoise_total.m.xm1.m0.1overf = 7.864164e-16
inoise_total.m.xm1.m0.id = 2.317631e-12
inoise_total.m.xm1.m0.1overf = 7.864167e-13
Doing analysis at TEMP = -40.000000 and TNOM = 27.000000

Using SPARSE 1.3 as Direct Linear Solver

No. of Data Rows : 1
zm4 = 9.999996e-04
Doing analysis at TEMP = -40.000000 and TNOM = 27.000000

Using SPARSE 1.3 as Direct Linear Solver

No. of Data Rows : 2

No. of Data Rows : 1
onoise_total_rs_thermal = 3.588303e-12
onoise_total.m.xm1.m0.id = 2.317630e-15
onoise_total.m.xm1.m0.1overf = 2.634224e-16
inoise_total.m.xm1.m0.id = 2.317631e-12
inoise_total.m.xm1.m0.1overf = 2.634225e-13
Doing analysis at TEMP = -40.000000 and TNOM = 27.000000

Using SPARSE 1.3 as Direct Linear Solver

No. of Data Rows : 1
zm5 = 9.999996e-04
Doing analysis at TEMP = -40.000000 and TNOM = 27.000000

Using SPARSE 1.3 as Direct Linear Solver

No. of Data Rows : 2

No. of Data Rows : 1
onoise_total_rs_thermal = 3.588303e-12
onoise_total.m.xm1.m0.id = 2.317630e-15
onoise_total.m.xm1.m0.1overf = 8.823737e-17
inoise_total.m.xm1.m0.id = 2.317631e-12
inoise_total.m.xm1.m0.1overf = 8.823740e-14
Doing analysis at TEMP = -40.000000 and TNOM = 27.000000

Using SPARSE 1.3 as Direct Linear Solver

No. of Data Rows : 1
zm6 = 9.999996e-04
Doing analysis at TEMP = -40.000000 and TNOM = 27.000000

Using SPARSE 1.3 as Direct Linear Solver

No. of Data Rows : 2

No. of Data Rows : 1
onoise_total_rs_thermal = 3.588303e-12
onoise_total.m.xm1.m0.id = 2.317630e-15
onoise_total.m.xm1.m0.1overf = 5.236248e-17
inoise_total.m.xm1.m0.id = 2.317631e-12
inoise_total.m.xm1.m0.1overf = 5.236250e-14
Note: Simulation executed from .control section 

======================================================================
=== sid_ff_-40c_3.63v_xmnt_p0792_pass1
======================================================================
.temp -40
vg g 0 dc 9.035306750000e-01
vb b 0 dc -3.444894190000e-06
vd dd 0 dc 2.671135500000e-02
rs dd d 1.00000000e-03
--- ngspice output ---

Note: No compatibility mode selected!


Circuit: * gf180-pll :: period-jitter :: s_id along the trajectory -- generated.

Doing analysis at TEMP = -40.000000 and TNOM = 27.000000

Using SPARSE 1.3 as Direct Linear Solver

No. of Data Rows : 1
@m.xm1.m0[vgs] = 9.035272e-01
@m.xm1.m0[vds] = 2.670443e-02
@m.xm1.m0[vbs] = -6.90024e-06
@m.xm1.m0[id] = 1.096935e-05
@m.xm1.m0[gm] = 4.687169e-05
@m.xm1.m0[gds] = 3.823478e-04
v(d) = 2.671134e-02
Doing analysis at TEMP = -40.000000 and TNOM = 27.000000

Using SPARSE 1.3 as Direct Linear Solver

No. of Data Rows : 1
zm0 = 9.999996e-04
Doing analysis at TEMP = -40.000000 and TNOM = 27.000000

Using SPARSE 1.3 as Direct Linear Solver

No. of Data Rows : 2

No. of Data Rows : 1
onoise_total_rs_thermal = 3.588303e-12
onoise_total.m.xm1.m0.id = 2.353148e-15
onoise_total.m.xm1.m0.1overf = 1.681284e-14
inoise_total.m.xm1.m0.id = 2.353149e-12
inoise_total.m.xm1.m0.1overf = 1.681284e-11
Doing analysis at TEMP = -40.000000 and TNOM = 27.000000

Using SPARSE 1.3 as Direct Linear Solver

No. of Data Rows : 1
zm1 = 9.999996e-04
Doing analysis at TEMP = -40.000000 and TNOM = 27.000000

Using SPARSE 1.3 as Direct Linear Solver

No. of Data Rows : 2

No. of Data Rows : 1
onoise_total_rs_thermal = 3.588303e-12
onoise_total.m.xm1.m0.id = 2.353148e-15
onoise_total.m.xm1.m0.1overf = 5.632923e-15
inoise_total.m.xm1.m0.id = 2.353149e-12
inoise_total.m.xm1.m0.1overf = 5.632925e-12
Doing analysis at TEMP = -40.000000 and TNOM = 27.000000

Using SPARSE 1.3 as Direct Linear Solver

No. of Data Rows : 1
zm2 = 9.999996e-04
Doing analysis at TEMP = -40.000000 and TNOM = 27.000000

Using SPARSE 1.3 as Direct Linear Solver

No. of Data Rows : 2

No. of Data Rows : 1
onoise_total_rs_thermal = 3.588303e-12
onoise_total.m.xm1.m0.id = 2.353148e-15
onoise_total.m.xm1.m0.1overf = 1.886875e-15
inoise_total.m.xm1.m0.id = 2.353149e-12
inoise_total.m.xm1.m0.1overf = 1.886876e-12
Doing analysis at TEMP = -40.000000 and TNOM = 27.000000

Using SPARSE 1.3 as Direct Linear Solver

No. of Data Rows : 1
zm3 = 9.999996e-04
Doing analysis at TEMP = -40.000000 and TNOM = 27.000000

Using SPARSE 1.3 as Direct Linear Solver

No. of Data Rows : 2

No. of Data Rows : 1
onoise_total_rs_thermal = 3.588303e-12
onoise_total.m.xm1.m0.id = 2.353148e-15
onoise_total.m.xm1.m0.1overf = 6.320392e-16
inoise_total.m.xm1.m0.id = 2.353149e-12
inoise_total.m.xm1.m0.1overf = 6.320394e-13
Doing analysis at TEMP = -40.000000 and TNOM = 27.000000

Using SPARSE 1.3 as Direct Linear Solver

No. of Data Rows : 1
zm4 = 9.999996e-04
Doing analysis at TEMP = -40.000000 and TNOM = 27.000000

Using SPARSE 1.3 as Direct Linear Solver

No. of Data Rows : 2

No. of Data Rows : 1
onoise_total_rs_thermal = 3.588303e-12
onoise_total.m.xm1.m0.id = 2.353148e-15
onoise_total.m.xm1.m0.1overf = 2.117113e-16
inoise_total.m.xm1.m0.id = 2.353149e-12
inoise_total.m.xm1.m0.1overf = 2.117114e-13
Doing analysis at TEMP = -40.000000 and TNOM = 27.000000

Using SPARSE 1.3 as Direct Linear Solver

No. of Data Rows : 1
zm5 = 9.999996e-04
Doing analysis at TEMP = -40.000000 and TNOM = 27.000000

Using SPARSE 1.3 as Direct Linear Solver

No. of Data Rows : 2

No. of Data Rows : 1
onoise_total_rs_thermal = 3.588303e-12
onoise_total.m.xm1.m0.id = 2.353148e-15
onoise_total.m.xm1.m0.1overf = 7.091597e-17
inoise_total.m.xm1.m0.id = 2.353149e-12
inoise_total.m.xm1.m0.1overf = 7.091600e-14
Doing analysis at TEMP = -40.000000 and TNOM = 27.000000

Using SPARSE 1.3 as Direct Linear Solver

No. of Data Rows : 1
zm6 = 9.999996e-04
Doing analysis at TEMP = -40.000000 and TNOM = 27.000000

Using SPARSE 1.3 as Direct Linear Solver

No. of Data Rows : 2

No. of Data Rows : 1
onoise_total_rs_thermal = 3.588303e-12
onoise_total.m.xm1.m0.id = 2.353148e-15
onoise_total.m.xm1.m0.1overf = 4.208349e-17
inoise_total.m.xm1.m0.id = 2.353149e-12
inoise_total.m.xm1.m0.1overf = 4.208350e-14
Note: Simulation executed from .control section 

======================================================================
=== sid_ff_-40c_3.63v_xmnt_p0792
======================================================================
.temp -40
vg g 0 dc 9.035341500000e-01
vb b 0 dc 1.045162000000e-08
vd dd 0 dc 2.671828000000e-02
rs dd d 1.00000000e-03
--- ngspice output ---

Note: No compatibility mode selected!


Circuit: * gf180-pll :: period-jitter :: s_id along the trajectory -- generated.

Doing analysis at TEMP = -40.000000 and TNOM = 27.000000

Using SPARSE 1.3 as Direct Linear Solver

No. of Data Rows : 1
@m.xm1.m0[vgs] = 9.035307e-01
@m.xm1.m0[vds] = 2.671136e-02
@m.xm1.m0[vbs] = -3.44580e-06
@m.xm1.m0[id] = 1.097222e-05
@m.xm1.m0[gm] = 4.688361e-05
@m.xm1.m0[gds] = 3.823414e-04
v(d) = 2.671827e-02
Doing analysis at TEMP = -40.000000 and TNOM = 27.000000

Using SPARSE 1.3 as Direct Linear Solver

No. of Data Rows : 1
zm0 = 9.999996e-04
Doing analysis at TEMP = -40.000000 and TNOM = 27.000000

Using SPARSE 1.3 as Direct Linear Solver

No. of Data Rows : 2

No. of Data Rows : 1
onoise_total_rs_thermal = 3.588303e-12
onoise_total.m.xm1.m0.id = 2.353150e-15
onoise_total.m.xm1.m0.1overf = 1.681721e-14
inoise_total.m.xm1.m0.id = 2.353150e-12
inoise_total.m.xm1.m0.1overf = 1.681722e-11
Doing analysis at TEMP = -40.000000 and TNOM = 27.000000

Using SPARSE 1.3 as Direct Linear Solver

No. of Data Rows : 1
zm1 = 9.999996e-04
Doing analysis at TEMP = -40.000000 and TNOM = 27.000000

Using SPARSE 1.3 as Direct Linear Solver

No. of Data Rows : 2

No. of Data Rows : 1
onoise_total_rs_thermal = 3.588303e-12
onoise_total.m.xm1.m0.id = 2.353150e-15
onoise_total.m.xm1.m0.1overf = 5.634389e-15
inoise_total.m.xm1.m0.id = 2.353150e-12
inoise_total.m.xm1.m0.1overf = 5.634391e-12
Doing analysis at TEMP = -40.000000 and TNOM = 27.000000

Using SPARSE 1.3 as Direct Linear Solver

No. of Data Rows : 1
zm2 = 9.999996e-04
Doing analysis at TEMP = -40.000000 and TNOM = 27.000000

Using SPARSE 1.3 as Direct Linear Solver

No. of Data Rows : 2

No. of Data Rows : 1
onoise_total_rs_thermal = 3.588303e-12
onoise_total.m.xm1.m0.id = 2.353150e-15
onoise_total.m.xm1.m0.1overf = 1.887366e-15
inoise_total.m.xm1.m0.id = 2.353150e-12
inoise_total.m.xm1.m0.1overf = 1.887367e-12
Doing analysis at TEMP = -40.000000 and TNOM = 27.000000

Using SPARSE 1.3 as Direct Linear Solver

No. of Data Rows : 1
zm3 = 9.999996e-04
Doing analysis at TEMP = -40.000000 and TNOM = 27.000000

Using SPARSE 1.3 as Direct Linear Solver

No. of Data Rows : 2

No. of Data Rows : 1
onoise_total_rs_thermal = 3.588303e-12
onoise_total.m.xm1.m0.id = 2.353150e-15
onoise_total.m.xm1.m0.1overf = 6.322037e-16
inoise_total.m.xm1.m0.id = 2.353150e-12
inoise_total.m.xm1.m0.1overf = 6.322040e-13
Doing analysis at TEMP = -40.000000 and TNOM = 27.000000

Using SPARSE 1.3 as Direct Linear Solver

No. of Data Rows : 1
zm4 = 9.999996e-04
Doing analysis at TEMP = -40.000000 and TNOM = 27.000000

Using SPARSE 1.3 as Direct Linear Solver

No. of Data Rows : 2

No. of Data Rows : 1
onoise_total_rs_thermal = 3.588303e-12
onoise_total.m.xm1.m0.id = 2.353150e-15
onoise_total.m.xm1.m0.1overf = 2.117664e-16
inoise_total.m.xm1.m0.id = 2.353150e-12
inoise_total.m.xm1.m0.1overf = 2.117665e-13
Doing analysis at TEMP = -40.000000 and TNOM = 27.000000

Using SPARSE 1.3 as Direct Linear Solver

No. of Data Rows : 1
zm5 = 9.999996e-04
Doing analysis at TEMP = -40.000000 and TNOM = 27.000000

Using SPARSE 1.3 as Direct Linear Solver

No. of Data Rows : 2

No. of Data Rows : 1
onoise_total_rs_thermal = 3.588303e-12
onoise_total.m.xm1.m0.id = 2.353150e-15
onoise_total.m.xm1.m0.1overf = 7.093443e-17
inoise_total.m.xm1.m0.id = 2.353150e-12
inoise_total.m.xm1.m0.1overf = 7.093445e-14
Doing analysis at TEMP = -40.000000 and TNOM = 27.000000

Using SPARSE 1.3 as Direct Linear Solver

No. of Data Rows : 1
zm6 = 9.999996e-04
Doing analysis at TEMP = -40.000000 and TNOM = 27.000000

Using SPARSE 1.3 as Direct Linear Solver

No. of Data Rows : 2

No. of Data Rows : 1
onoise_total_rs_thermal = 3.588303e-12
onoise_total.m.xm1.m0.id = 2.353150e-15
onoise_total.m.xm1.m0.1overf = 4.209444e-17
inoise_total.m.xm1.m0.id = 2.353150e-12
inoise_total.m.xm1.m0.1overf = 4.209446e-14
Note: Simulation executed from .control section 

======================================================================
=== sid_ff_-40c_3.63v_xmnt_p0833_pass1
======================================================================
.temp -40
vg g 0 dc 9.001152870000e-01
vb b 0 dc -1.244439700000e-06
vd dd 0 dc 9.211883050000e-03
rs dd d 1.00000000e-03
--- ngspice output ---

Note: No compatibility mode selected!


Circuit: * gf180-pll :: period-jitter :: s_id along the trajectory -- generated.

Doing analysis at TEMP = -40.000000 and TNOM = 27.000000

Using SPARSE 1.3 as Direct Linear Solver

No. of Data Rows : 1
@m.xm1.m0[vgs] = 9.001141e-01
@m.xm1.m0[vds] = 9.209422e-03
@m.xm1.m0[vbs] = -2.47300e-06
@m.xm1.m0[id] = 3.900178e-06
@m.xm1.m0[gm] = 1.634349e-05
@m.xm1.m0[gds] = 4.135589e-04
v(d) = 9.211879e-03
Doing analysis at TEMP = -40.000000 and TNOM = 27.000000

Using SPARSE 1.3 as Direct Linear Solver

No. of Data Rows : 1
zm0 = 9.999996e-04
Doing analysis at TEMP = -40.000000 and TNOM = 27.000000

Using SPARSE 1.3 as Direct Linear Solver

No. of Data Rows : 2

No. of Data Rows : 1
onoise_total_rs_thermal = 3.588303e-12
onoise_total.m.xm1.m0.id = 2.391365e-15
onoise_total.m.xm1.m0.1overf = 5.824722e-15
inoise_total.m.xm1.m0.id = 2.391366e-12
inoise_total.m.xm1.m0.1overf = 5.824725e-12
Doing analysis at TEMP = -40.000000 and TNOM = 27.000000

Using SPARSE 1.3 as Direct Linear Solver

No. of Data Rows : 1
zm1 = 9.999996e-04
Doing analysis at TEMP = -40.000000 and TNOM = 27.000000

Using SPARSE 1.3 as Direct Linear Solver

No. of Data Rows : 2

No. of Data Rows : 1
onoise_total_rs_thermal = 3.588303e-12
onoise_total.m.xm1.m0.id = 2.391365e-15
onoise_total.m.xm1.m0.1overf = 1.951498e-15
inoise_total.m.xm1.m0.id = 2.391366e-12
inoise_total.m.xm1.m0.1overf = 1.951498e-12
Doing analysis at TEMP = -40.000000 and TNOM = 27.000000

Using SPARSE 1.3 as Direct Linear Solver

No. of Data Rows : 1
zm2 = 9.999996e-04
Doing analysis at TEMP = -40.000000 and TNOM = 27.000000

Using SPARSE 1.3 as Direct Linear Solver

No. of Data Rows : 2

No. of Data Rows : 1
onoise_total_rs_thermal = 3.588303e-12
onoise_total.m.xm1.m0.id = 2.391365e-15
onoise_total.m.xm1.m0.1overf = 6.536982e-16
inoise_total.m.xm1.m0.id = 2.391366e-12
inoise_total.m.xm1.m0.1overf = 6.536985e-13
Doing analysis at TEMP = -40.000000 and TNOM = 27.000000

Using SPARSE 1.3 as Direct Linear Solver

No. of Data Rows : 1
zm3 = 9.999996e-04
Doing analysis at TEMP = -40.000000 and TNOM = 27.000000

Using SPARSE 1.3 as Direct Linear Solver

No. of Data Rows : 2

No. of Data Rows : 1
onoise_total_rs_thermal = 3.588303e-12
onoise_total.m.xm1.m0.id = 2.391365e-15
onoise_total.m.xm1.m0.1overf = 2.189668e-16
inoise_total.m.xm1.m0.id = 2.391366e-12
inoise_total.m.xm1.m0.1overf = 2.189669e-13
Doing analysis at TEMP = -40.000000 and TNOM = 27.000000

Using SPARSE 1.3 as Direct Linear Solver

No. of Data Rows : 1
zm4 = 9.999996e-04
Doing analysis at TEMP = -40.000000 and TNOM = 27.000000

Using SPARSE 1.3 as Direct Linear Solver

No. of Data Rows : 2

No. of Data Rows : 1
onoise_total_rs_thermal = 3.588303e-12
onoise_total.m.xm1.m0.id = 2.391365e-15
onoise_total.m.xm1.m0.1overf = 7.334632e-17
inoise_total.m.xm1.m0.id = 2.391366e-12
inoise_total.m.xm1.m0.1overf = 7.334635e-14
Doing analysis at TEMP = -40.000000 and TNOM = 27.000000

Using SPARSE 1.3 as Direct Linear Solver

No. of Data Rows : 1
zm5 = 9.999996e-04
Doing analysis at TEMP = -40.000000 and TNOM = 27.000000

Using SPARSE 1.3 as Direct Linear Solver

No. of Data Rows : 2

No. of Data Rows : 1
onoise_total_rs_thermal = 3.588303e-12
onoise_total.m.xm1.m0.id = 2.391365e-15
onoise_total.m.xm1.m0.1overf = 2.456848e-17
inoise_total.m.xm1.m0.id = 2.391366e-12
inoise_total.m.xm1.m0.1overf = 2.456849e-14
Doing analysis at TEMP = -40.000000 and TNOM = 27.000000

Using SPARSE 1.3 as Direct Linear Solver

No. of Data Rows : 1
zm6 = 9.999996e-04
Doing analysis at TEMP = -40.000000 and TNOM = 27.000000

Using SPARSE 1.3 as Direct Linear Solver

No. of Data Rows : 2

No. of Data Rows : 1
onoise_total_rs_thermal = 3.588303e-12
onoise_total.m.xm1.m0.id = 2.391365e-15
onoise_total.m.xm1.m0.1overf = 1.457961e-17
inoise_total.m.xm1.m0.id = 2.391366e-12
inoise_total.m.xm1.m0.1overf = 1.457961e-14
Note: Simulation executed from .control section 

======================================================================
=== sid_ff_-40c_3.63v_xmnt_p0833
======================================================================
.temp -40
vg g 0 dc 9.001164740000e-01
vb b 0 dc -1.587940000000e-08
vd dd 0 dc 9.214344100000e-03
rs dd d 1.00000000e-03
--- ngspice output ---

Note: No compatibility mode selected!


Circuit: * gf180-pll :: period-jitter :: s_id along the trajectory -- generated.

Doing analysis at TEMP = -40.000000 and TNOM = 27.000000

Using SPARSE 1.3 as Direct Linear Solver

No. of Data Rows : 1
@m.xm1.m0[vgs] = 9.001152e-01
@m.xm1.m0[vds] = 9.211882e-03
@m.xm1.m0[vbs] = -1.24476e-06
@m.xm1.m0[id] = 3.901222e-06
@m.xm1.m0[gm] = 1.634783e-05
@m.xm1.m0[gds] = 4.135565e-04
v(d) = 9.214340e-03
Doing analysis at TEMP = -40.000000 and TNOM = 27.000000

Using SPARSE 1.3 as Direct Linear Solver

No. of Data Rows : 1
zm0 = 9.999996e-04
Doing analysis at TEMP = -40.000000 and TNOM = 27.000000

Using SPARSE 1.3 as Direct Linear Solver

No. of Data Rows : 2

No. of Data Rows : 1
onoise_total_rs_thermal = 3.588303e-12
onoise_total.m.xm1.m0.id = 2.391365e-15
onoise_total.m.xm1.m0.1overf = 5.826280e-15
inoise_total.m.xm1.m0.id = 2.391366e-12
inoise_total.m.xm1.m0.1overf = 5.826283e-12
Doing analysis at TEMP = -40.000000 and TNOM = 27.000000

Using SPARSE 1.3 as Direct Linear Solver

No. of Data Rows : 1
zm1 = 9.999996e-04
Doing analysis at TEMP = -40.000000 and TNOM = 27.000000

Using SPARSE 1.3 as Direct Linear Solver

No. of Data Rows : 2

No. of Data Rows : 1
onoise_total_rs_thermal = 3.588303e-12
onoise_total.m.xm1.m0.id = 2.391365e-15
onoise_total.m.xm1.m0.1overf = 1.952019e-15
inoise_total.m.xm1.m0.id = 2.391366e-12
inoise_total.m.xm1.m0.1overf = 1.952020e-12
Doing analysis at TEMP = -40.000000 and TNOM = 27.000000

Using SPARSE 1.3 as Direct Linear Solver

No. of Data Rows : 1
zm2 = 9.999996e-04
Doing analysis at TEMP = -40.000000 and TNOM = 27.000000

Using SPARSE 1.3 as Direct Linear Solver

No. of Data Rows : 2

No. of Data Rows : 1
onoise_total_rs_thermal = 3.588303e-12
onoise_total.m.xm1.m0.id = 2.391365e-15
onoise_total.m.xm1.m0.1overf = 6.538730e-16
inoise_total.m.xm1.m0.id = 2.391366e-12
inoise_total.m.xm1.m0.1overf = 6.538733e-13
Doing analysis at TEMP = -40.000000 and TNOM = 27.000000

Using SPARSE 1.3 as Direct Linear Solver

No. of Data Rows : 1
zm3 = 9.999996e-04
Doing analysis at TEMP = -40.000000 and TNOM = 27.000000

Using SPARSE 1.3 as Direct Linear Solver

No. of Data Rows : 2

No. of Data Rows : 1
onoise_total_rs_thermal = 3.588303e-12
onoise_total.m.xm1.m0.id = 2.391365e-15
onoise_total.m.xm1.m0.1overf = 2.190253e-16
inoise_total.m.xm1.m0.id = 2.391366e-12
inoise_total.m.xm1.m0.1overf = 2.190254e-13
Doing analysis at TEMP = -40.000000 and TNOM = 27.000000

Using SPARSE 1.3 as Direct Linear Solver

No. of Data Rows : 1
zm4 = 9.999996e-04
Doing analysis at TEMP = -40.000000 and TNOM = 27.000000

Using SPARSE 1.3 as Direct Linear Solver

No. of Data Rows : 2

No. of Data Rows : 1
onoise_total_rs_thermal = 3.588303e-12
onoise_total.m.xm1.m0.id = 2.391365e-15
onoise_total.m.xm1.m0.1overf = 7.336593e-17
inoise_total.m.xm1.m0.id = 2.391366e-12
inoise_total.m.xm1.m0.1overf = 7.336596e-14
Doing analysis at TEMP = -40.000000 and TNOM = 27.000000

Using SPARSE 1.3 as Direct Linear Solver

No. of Data Rows : 1
zm5 = 9.999996e-04
Doing analysis at TEMP = -40.000000 and TNOM = 27.000000

Using SPARSE 1.3 as Direct Linear Solver

No. of Data Rows : 2

No. of Data Rows : 1
onoise_total_rs_thermal = 3.588303e-12
onoise_total.m.xm1.m0.id = 2.391365e-15
onoise_total.m.xm1.m0.1overf = 2.457505e-17
inoise_total.m.xm1.m0.id = 2.391366e-12
inoise_total.m.xm1.m0.1overf = 2.457506e-14
Doing analysis at TEMP = -40.000000 and TNOM = 27.000000

Using SPARSE 1.3 as Direct Linear Solver

No. of Data Rows : 1
zm6 = 9.999996e-04
Doing analysis at TEMP = -40.000000 and TNOM = 27.000000

Using SPARSE 1.3 as Direct Linear Solver

No. of Data Rows : 2

No. of Data Rows : 1
onoise_total_rs_thermal = 3.588303e-12
onoise_total.m.xm1.m0.id = 2.391365e-15
onoise_total.m.xm1.m0.1overf = 1.458351e-17
inoise_total.m.xm1.m0.id = 2.391366e-12
inoise_total.m.xm1.m0.1overf = 1.458351e-14
Note: Simulation executed from .control section 

======================================================================
=== sid_ff_-40c_3.63v_xmnt_p0875_pass1
======================================================================
.temp -40
vg g 0 dc 8.993948260000e-01
vb b 0 dc 4.921620190000e-08
vd dd 0 dc -4.069441850000e-04
rs dd d 1.00000000e-03
--- ngspice output ---

Note: No compatibility mode selected!


Circuit: * gf180-pll :: period-jitter :: s_id along the trajectory -- generated.

Doing analysis at TEMP = -40.000000 and TNOM = 27.000000

Using SPARSE 1.3 as Direct Linear Solver

No. of Data Rows : 1
@m.xm1.m0[vgs] = 8.993949e-01
@m.xm1.m0[vds] = -4.06833e-04
@m.xm1.m0[vbs] = 1.046729e-07
@m.xm1.m0[id] = 1.760529e-07
@m.xm1.m0[gm] = 7.256694e-07
@m.xm1.m0[gds] = 4.322971e-04
v(d) = -4.06944e-04
Doing analysis at TEMP = -40.000000 and TNOM = 27.000000

Using SPARSE 1.3 as Direct Linear Solver

No. of Data Rows : 1
zm0 = 9.999996e-04
Doing analysis at TEMP = -40.000000 and TNOM = 27.000000

Using SPARSE 1.3 as Direct Linear Solver

No. of Data Rows : 2

No. of Data Rows : 1
onoise_total_rs_thermal = 3.588303e-12
onoise_total.m.xm1.m0.id = 2.419048e-15
onoise_total.m.xm1.m0.1overf = 2.582653e-16
inoise_total.m.xm1.m0.id = 2.419049e-12
inoise_total.m.xm1.m0.1overf = 2.582654e-13
Doing analysis at TEMP = -40.000000 and TNOM = 27.000000

Using SPARSE 1.3 as Direct Linear Solver

No. of Data Rows : 1
zm1 = 9.999996e-04
Doing analysis at TEMP = -40.000000 and TNOM = 27.000000

Using SPARSE 1.3 as Direct Linear Solver

No. of Data Rows : 2

No. of Data Rows : 1
onoise_total_rs_thermal = 3.588303e-12
onoise_total.m.xm1.m0.id = 2.419048e-15
onoise_total.m.xm1.m0.1overf = 8.652844e-17
inoise_total.m.xm1.m0.id = 2.419049e-12
inoise_total.m.xm1.m0.1overf = 8.652848e-14
Doing analysis at TEMP = -40.000000 and TNOM = 27.000000

Using SPARSE 1.3 as Direct Linear Solver

No. of Data Rows : 1
zm2 = 9.999996e-04
Doing analysis at TEMP = -40.000000 and TNOM = 27.000000

Using SPARSE 1.3 as Direct Linear Solver

No. of Data Rows : 2

No. of Data Rows : 1
onoise_total_rs_thermal = 3.588303e-12
onoise_total.m.xm1.m0.id = 2.419048e-15
onoise_total.m.xm1.m0.1overf = 2.898466e-17
inoise_total.m.xm1.m0.id = 2.419049e-12
inoise_total.m.xm1.m0.1overf = 2.898467e-14
Doing analysis at TEMP = -40.000000 and TNOM = 27.000000

Using SPARSE 1.3 as Direct Linear Solver

No. of Data Rows : 1
zm3 = 9.999996e-04
Doing analysis at TEMP = -40.000000 and TNOM = 27.000000

Using SPARSE 1.3 as Direct Linear Solver

No. of Data Rows : 2

No. of Data Rows : 1
onoise_total_rs_thermal = 3.588303e-12
onoise_total.m.xm1.m0.id = 2.419048e-15
onoise_total.m.xm1.m0.1overf = 9.708879e-18
inoise_total.m.xm1.m0.id = 2.419049e-12
inoise_total.m.xm1.m0.1overf = 9.708884e-15
Doing analysis at TEMP = -40.000000 and TNOM = 27.000000

Using SPARSE 1.3 as Direct Linear Solver

No. of Data Rows : 1
zm4 = 9.999996e-04
Doing analysis at TEMP = -40.000000 and TNOM = 27.000000

Using SPARSE 1.3 as Direct Linear Solver

No. of Data Rows : 2

No. of Data Rows : 1
onoise_total_rs_thermal = 3.588303e-12
onoise_total.m.xm1.m0.id = 2.419048e-15
onoise_total.m.xm1.m0.1overf = 3.252140e-18
inoise_total.m.xm1.m0.id = 2.419049e-12
inoise_total.m.xm1.m0.1overf = 3.252141e-15
Doing analysis at TEMP = -40.000000 and TNOM = 27.000000

Using SPARSE 1.3 as Direct Linear Solver

No. of Data Rows : 1
zm5 = 9.999996e-04
Doing analysis at TEMP = -40.000000 and TNOM = 27.000000

Using SPARSE 1.3 as Direct Linear Solver

No. of Data Rows : 2

No. of Data Rows : 1
onoise_total_rs_thermal = 3.588303e-12
onoise_total.m.xm1.m0.id = 2.419048e-15
onoise_total.m.xm1.m0.1overf = 1.089354e-18
inoise_total.m.xm1.m0.id = 2.419049e-12
inoise_total.m.xm1.m0.1overf = 1.089355e-15
Doing analysis at TEMP = -40.000000 and TNOM = 27.000000

Using SPARSE 1.3 as Direct Linear Solver

No. of Data Rows : 1
zm6 = 9.999996e-04
Doing analysis at TEMP = -40.000000 and TNOM = 27.000000

Using SPARSE 1.3 as Direct Linear Solver

No. of Data Rows : 2

No. of Data Rows : 1
onoise_total_rs_thermal = 3.588303e-12
onoise_total.m.xm1.m0.id = 2.419048e-15
onoise_total.m.xm1.m0.1overf = 6.464527e-19
inoise_total.m.xm1.m0.id = 2.419049e-12
inoise_total.m.xm1.m0.1overf = 6.464530e-16
Note: Simulation executed from .control section 

======================================================================
=== sid_ff_-40c_3.63v_xmnt_p0875
======================================================================
.temp -40
vg g 0 dc 8.993947520000e-01
vb b 0 dc -6.240496200000e-09
vd dd 0 dc -4.070553700000e-04
rs dd d 1.00000000e-03
--- ngspice output ---

Note: No compatibility mode selected!


Circuit: * gf180-pll :: period-jitter :: s_id along the trajectory -- generated.

Doing analysis at TEMP = -40.000000 and TNOM = 27.000000

Using SPARSE 1.3 as Direct Linear Solver

No. of Data Rows : 1
@m.xm1.m0[vgs] = 8.993948e-01
@m.xm1.m0[vds] = -4.06944e-04
@m.xm1.m0[vbs] = 4.923132e-08
@m.xm1.m0[id] = 1.761010e-07
@m.xm1.m0[gm] = 7.258676e-07
@m.xm1.m0[gds] = 4.322969e-04
v(d) = -4.07055e-04
Doing analysis at TEMP = -40.000000 and TNOM = 27.000000

Using SPARSE 1.3 as Direct Linear Solver

No. of Data Rows : 1
zm0 = 9.999996e-04
Doing analysis at TEMP = -40.000000 and TNOM = 27.000000

Using SPARSE 1.3 as Direct Linear Solver

No. of Data Rows : 2

No. of Data Rows : 1
onoise_total_rs_thermal = 3.588303e-12
onoise_total.m.xm1.m0.id = 2.419048e-15
onoise_total.m.xm1.m0.1overf = 2.583359e-16
inoise_total.m.xm1.m0.id = 2.419049e-12
inoise_total.m.xm1.m0.1overf = 2.583360e-13
Doing analysis at TEMP = -40.000000 and TNOM = 27.000000

Using SPARSE 1.3 as Direct Linear Solver

No. of Data Rows : 1
zm1 = 9.999996e-04
Doing analysis at TEMP = -40.000000 and TNOM = 27.000000

Using SPARSE 1.3 as Direct Linear Solver

No. of Data Rows : 2

No. of Data Rows : 1
onoise_total_rs_thermal = 3.588303e-12
onoise_total.m.xm1.m0.id = 2.419048e-15
onoise_total.m.xm1.m0.1overf = 8.655208e-17
inoise_total.m.xm1.m0.id = 2.419049e-12
inoise_total.m.xm1.m0.1overf = 8.655212e-14
Doing analysis at TEMP = -40.000000 and TNOM = 27.000000

Using SPARSE 1.3 as Direct Linear Solver

No. of Data Rows : 1
zm2 = 9.999996e-04
Doing analysis at TEMP = -40.000000 and TNOM = 27.000000

Using SPARSE 1.3 as Direct Linear Solver

No. of Data Rows : 2

No. of Data Rows : 1
onoise_total_rs_thermal = 3.588303e-12
onoise_total.m.xm1.m0.id = 2.419048e-15
onoise_total.m.xm1.m0.1overf = 2.899258e-17
inoise_total.m.xm1.m0.id = 2.419049e-12
inoise_total.m.xm1.m0.1overf = 2.899259e-14
Doing analysis at TEMP = -40.000000 and TNOM = 27.000000

Using SPARSE 1.3 as Direct Linear Solver

No. of Data Rows : 1
zm3 = 9.999996e-04
Doing analysis at TEMP = -40.000000 and TNOM = 27.000000

Using SPARSE 1.3 as Direct Linear Solver

No. of Data Rows : 2

No. of Data Rows : 1
onoise_total_rs_thermal = 3.588303e-12
onoise_total.m.xm1.m0.id = 2.419048e-15
onoise_total.m.xm1.m0.1overf = 9.711532e-18
inoise_total.m.xm1.m0.id = 2.419049e-12
inoise_total.m.xm1.m0.1overf = 9.711536e-15
Doing analysis at TEMP = -40.000000 and TNOM = 27.000000

Using SPARSE 1.3 as Direct Linear Solver

No. of Data Rows : 1
zm4 = 9.999996e-04
Doing analysis at TEMP = -40.000000 and TNOM = 27.000000

Using SPARSE 1.3 as Direct Linear Solver

No. of Data Rows : 2

No. of Data Rows : 1
onoise_total_rs_thermal = 3.588303e-12
onoise_total.m.xm1.m0.id = 2.419048e-15
onoise_total.m.xm1.m0.1overf = 3.253028e-18
inoise_total.m.xm1.m0.id = 2.419049e-12
inoise_total.m.xm1.m0.1overf = 3.253030e-15
Doing analysis at TEMP = -40.000000 and TNOM = 27.000000

Using SPARSE 1.3 as Direct Linear Solver

No. of Data Rows : 1
zm5 = 9.999996e-04
Doing analysis at TEMP = -40.000000 and TNOM = 27.000000

Using SPARSE 1.3 as Direct Linear Solver

No. of Data Rows : 2

No. of Data Rows : 1
onoise_total_rs_thermal = 3.588303e-12
onoise_total.m.xm1.m0.id = 2.419048e-15
onoise_total.m.xm1.m0.1overf = 1.089652e-18
inoise_total.m.xm1.m0.id = 2.419049e-12
inoise_total.m.xm1.m0.1overf = 1.089652e-15
Doing analysis at TEMP = -40.000000 and TNOM = 27.000000

Using SPARSE 1.3 as Direct Linear Solver

No. of Data Rows : 1
zm6 = 9.999996e-04
Doing analysis at TEMP = -40.000000 and TNOM = 27.000000

Using SPARSE 1.3 as Direct Linear Solver

No. of Data Rows : 2

No. of Data Rows : 1
onoise_total_rs_thermal = 3.588303e-12
onoise_total.m.xm1.m0.id = 2.419048e-15
onoise_total.m.xm1.m0.1overf = 6.466294e-19
inoise_total.m.xm1.m0.id = 2.419049e-12
inoise_total.m.xm1.m0.1overf = 6.466297e-16
Note: Simulation executed from .control section 

======================================================================
=== sid_ff_-40c_3.63v_xmnt_p0917_pass1
======================================================================
.temp -40
vg g 0 dc 8.996955350000e-01
vb b 0 dc 5.434240770000e-07
vd dd 0 dc -4.180199930000e-03
rs dd d 1.00000000e-03
--- ngspice output ---

Note: No compatibility mode selected!


Circuit: * gf180-pll :: period-jitter :: s_id along the trajectory -- generated.

Doing analysis at TEMP = -40.000000 and TNOM = 27.000000

Using SPARSE 1.3 as Direct Linear Solver

No. of Data Rows : 1
@m.xm1.m0[vgs] = 8.996961e-01
@m.xm1.m0[vds] = -4.17904e-03
@m.xm1.m0[vbs] = 1.120329e-06
@m.xm1.m0[id] = 1.831444e-06
@m.xm1.m0[gm] = 7.425418e-06
@m.xm1.m0[gds] = 4.336879e-04
v(d) = -4.18020e-03
Doing analysis at TEMP = -40.000000 and TNOM = 27.000000

Using SPARSE 1.3 as Direct Linear Solver

No. of Data Rows : 1
zm0 = 9.999996e-04
Doing analysis at TEMP = -40.000000 and TNOM = 27.000000

Using SPARSE 1.3 as Direct Linear Solver

No. of Data Rows : 2

No. of Data Rows : 1
onoise_total_rs_thermal = 3.588303e-12
onoise_total.m.xm1.m0.id = 2.432755e-15
onoise_total.m.xm1.m0.1overf = 2.660182e-15
inoise_total.m.xm1.m0.id = 2.432756e-12
inoise_total.m.xm1.m0.1overf = 2.660184e-12
Doing analysis at TEMP = -40.000000 and TNOM = 27.000000

Using SPARSE 1.3 as Direct Linear Solver

No. of Data Rows : 1
zm1 = 9.999996e-04
Doing analysis at TEMP = -40.000000 and TNOM = 27.000000

Using SPARSE 1.3 as Direct Linear Solver

No. of Data Rows : 2

No. of Data Rows : 1
onoise_total_rs_thermal = 3.588303e-12
onoise_total.m.xm1.m0.id = 2.432755e-15
onoise_total.m.xm1.m0.1overf = 8.912596e-16
inoise_total.m.xm1.m0.id = 2.432756e-12
inoise_total.m.xm1.m0.1overf = 8.912599e-13
Doing analysis at TEMP = -40.000000 and TNOM = 27.000000

Using SPARSE 1.3 as Direct Linear Solver

No. of Data Rows : 1
zm2 = 9.999996e-04
Doing analysis at TEMP = -40.000000 and TNOM = 27.000000

Using SPARSE 1.3 as Direct Linear Solver

No. of Data Rows : 2

No. of Data Rows : 1
onoise_total_rs_thermal = 3.588303e-12
onoise_total.m.xm1.m0.id = 2.432755e-15
onoise_total.m.xm1.m0.1overf = 2.985475e-16
inoise_total.m.xm1.m0.id = 2.432756e-12
inoise_total.m.xm1.m0.1overf = 2.985477e-13
Doing analysis at TEMP = -40.000000 and TNOM = 27.000000

Using SPARSE 1.3 as Direct Linear Solver

No. of Data Rows : 1
zm3 = 9.999996e-04
Doing analysis at TEMP = -40.000000 and TNOM = 27.000000

Using SPARSE 1.3 as Direct Linear Solver

No. of Data Rows : 2

No. of Data Rows : 1
onoise_total_rs_thermal = 3.588303e-12
onoise_total.m.xm1.m0.id = 2.432755e-15
onoise_total.m.xm1.m0.1overf = 1.000033e-16
inoise_total.m.xm1.m0.id = 2.432756e-12
inoise_total.m.xm1.m0.1overf = 1.000034e-13
Doing analysis at TEMP = -40.000000 and TNOM = 27.000000

Using SPARSE 1.3 as Direct Linear Solver

No. of Data Rows : 1
zm4 = 9.999996e-04
Doing analysis at TEMP = -40.000000 and TNOM = 27.000000

Using SPARSE 1.3 as Direct Linear Solver

No. of Data Rows : 2

No. of Data Rows : 1
onoise_total_rs_thermal = 3.588303e-12
onoise_total.m.xm1.m0.id = 2.432755e-15
onoise_total.m.xm1.m0.1overf = 3.349766e-17
inoise_total.m.xm1.m0.id = 2.432756e-12
inoise_total.m.xm1.m0.1overf = 3.349768e-14
Doing analysis at TEMP = -40.000000 and TNOM = 27.000000

Using SPARSE 1.3 as Direct Linear Solver

No. of Data Rows : 1
zm5 = 9.999996e-04
Doing analysis at TEMP = -40.000000 and TNOM = 27.000000

Using SPARSE 1.3 as Direct Linear Solver

No. of Data Rows : 2

No. of Data Rows : 1
onoise_total_rs_thermal = 3.588303e-12
onoise_total.m.xm1.m0.id = 2.432755e-15
onoise_total.m.xm1.m0.1overf = 1.122056e-17
inoise_total.m.xm1.m0.id = 2.432756e-12
inoise_total.m.xm1.m0.1overf = 1.122056e-14
Doing analysis at TEMP = -40.000000 and TNOM = 27.000000

Using SPARSE 1.3 as Direct Linear Solver

No. of Data Rows : 1
zm6 = 9.999996e-04
Doing analysis at TEMP = -40.000000 and TNOM = 27.000000

Using SPARSE 1.3 as Direct Linear Solver

No. of Data Rows : 2

No. of Data Rows : 1
onoise_total_rs_thermal = 3.588303e-12
onoise_total.m.xm1.m0.id = 2.432755e-15
onoise_total.m.xm1.m0.1overf = 6.658587e-18
inoise_total.m.xm1.m0.id = 2.432756e-12
inoise_total.m.xm1.m0.1overf = 6.658590e-15
Note: Simulation executed from .control section 

======================================================================
=== sid_ff_-40c_3.63v_xmnt_p0917
======================================================================
.temp -40
vg g 0 dc 8.996949700000e-01
vb b 0 dc -3.348084600000e-08
vd dd 0 dc -4.181359860000e-03
rs dd d 1.00000000e-03
--- ngspice output ---

Note: No compatibility mode selected!


Circuit: * gf180-pll :: period-jitter :: s_id along the trajectory -- generated.

Doing analysis at TEMP = -40.000000 and TNOM = 27.000000

Using SPARSE 1.3 as Direct Linear Solver

No. of Data Rows : 1
@m.xm1.m0[vgs] = 8.996955e-01
@m.xm1.m0[vds] = -4.18020e-03
@m.xm1.m0[vbs] = 5.435842e-07
@m.xm1.m0[id] = 1.831953e-06
@m.xm1.m0[gm] = 7.427472e-06
@m.xm1.m0[gds] = 4.336868e-04
v(d) = -4.18136e-03
Doing analysis at TEMP = -40.000000 and TNOM = 27.000000

Using SPARSE 1.3 as Direct Linear Solver

No. of Data Rows : 1
zm0 = 9.999996e-04
Doing analysis at TEMP = -40.000000 and TNOM = 27.000000

Using SPARSE 1.3 as Direct Linear Solver

No. of Data Rows : 2

No. of Data Rows : 1
onoise_total_rs_thermal = 3.588303e-12
onoise_total.m.xm1.m0.id = 2.432755e-15
onoise_total.m.xm1.m0.1overf = 2.660921e-15
inoise_total.m.xm1.m0.id = 2.432756e-12
inoise_total.m.xm1.m0.1overf = 2.660922e-12
Doing analysis at TEMP = -40.000000 and TNOM = 27.000000

Using SPARSE 1.3 as Direct Linear Solver

No. of Data Rows : 1
zm1 = 9.999996e-04
Doing analysis at TEMP = -40.000000 and TNOM = 27.000000

Using SPARSE 1.3 as Direct Linear Solver

No. of Data Rows : 2

No. of Data Rows : 1
onoise_total_rs_thermal = 3.588303e-12
onoise_total.m.xm1.m0.id = 2.432755e-15
onoise_total.m.xm1.m0.1overf = 8.915070e-16
inoise_total.m.xm1.m0.id = 2.432756e-12
inoise_total.m.xm1.m0.1overf = 8.915074e-13
Doing analysis at TEMP = -40.000000 and TNOM = 27.000000

Using SPARSE 1.3 as Direct Linear Solver

No. of Data Rows : 1
zm2 = 9.999996e-04
Doing analysis at TEMP = -40.000000 and TNOM = 27.000000

Using SPARSE 1.3 as Direct Linear Solver

No. of Data Rows : 2

No. of Data Rows : 1
onoise_total_rs_thermal = 3.588303e-12
onoise_total.m.xm1.m0.id = 2.432755e-15
onoise_total.m.xm1.m0.1overf = 2.986304e-16
inoise_total.m.xm1.m0.id = 2.432756e-12
inoise_total.m.xm1.m0.1overf = 2.986305e-13
Doing analysis at TEMP = -40.000000 and TNOM = 27.000000

Using SPARSE 1.3 as Direct Linear Solver

No. of Data Rows : 1
zm3 = 9.999996e-04
Doing analysis at TEMP = -40.000000 and TNOM = 27.000000

Using SPARSE 1.3 as Direct Linear Solver

No. of Data Rows : 2

No. of Data Rows : 1
onoise_total_rs_thermal = 3.588303e-12
onoise_total.m.xm1.m0.id = 2.432755e-15
onoise_total.m.xm1.m0.1overf = 1.000311e-16
inoise_total.m.xm1.m0.id = 2.432756e-12
inoise_total.m.xm1.m0.1overf = 1.000311e-13
Doing analysis at TEMP = -40.000000 and TNOM = 27.000000

Using SPARSE 1.3 as Direct Linear Solver

No. of Data Rows : 1
zm4 = 9.999996e-04
Doing analysis at TEMP = -40.000000 and TNOM = 27.000000

Using SPARSE 1.3 as Direct Linear Solver

No. of Data Rows : 2

No. of Data Rows : 1
onoise_total_rs_thermal = 3.588303e-12
onoise_total.m.xm1.m0.id = 2.432755e-15
onoise_total.m.xm1.m0.1overf = 3.350696e-17
inoise_total.m.xm1.m0.id = 2.432756e-12
inoise_total.m.xm1.m0.1overf = 3.350698e-14
Doing analysis at TEMP = -40.000000 and TNOM = 27.000000

Using SPARSE 1.3 as Direct Linear Solver

No. of Data Rows : 1
zm5 = 9.999996e-04
Doing analysis at TEMP = -40.000000 and TNOM = 27.000000

Using SPARSE 1.3 as Direct Linear Solver

No. of Data Rows : 2

No. of Data Rows : 1
onoise_total_rs_thermal = 3.588303e-12
onoise_total.m.xm1.m0.id = 2.432755e-15
onoise_total.m.xm1.m0.1overf = 1.122367e-17
inoise_total.m.xm1.m0.id = 2.432756e-12
inoise_total.m.xm1.m0.1overf = 1.122368e-14
Doing analysis at TEMP = -40.000000 and TNOM = 27.000000

Using SPARSE 1.3 as Direct Linear Solver

No. of Data Rows : 1
zm6 = 9.999996e-04
Doing analysis at TEMP = -40.000000 and TNOM = 27.000000

Using SPARSE 1.3 as Direct Linear Solver

No. of Data Rows : 2

No. of Data Rows : 1
onoise_total_rs_thermal = 3.588303e-12
onoise_total.m.xm1.m0.id = 2.432755e-15
onoise_total.m.xm1.m0.1overf = 6.660436e-18
inoise_total.m.xm1.m0.id = 2.432756e-12
inoise_total.m.xm1.m0.1overf = 6.660439e-15
Note: Simulation executed from .control section 

======================================================================
=== sid_ff_-40c_3.63v_xmnt_p0958_pass1
======================================================================
.temp -40
vg g 0 dc 9.029564900000e-01
vb b 0 dc -3.534099890000e-06
vd dd 0 dc 3.081859570000e-02
rs dd d 1.00000000e-03
--- ngspice output ---

Note: No compatibility mode selected!


Circuit: * gf180-pll :: period-jitter :: s_id along the trajectory -- generated.

Doing analysis at TEMP = -40.000000 and TNOM = 27.000000

Using SPARSE 1.3 as Direct Linear Solver

No. of Data Rows : 1
@m.xm1.m0[vgs] = 9.029526e-01
@m.xm1.m0[vds] = 3.081071e-02
@m.xm1.m0[vbs] = -7.46867e-06
@m.xm1.m0[id] = 1.249069e-05
@m.xm1.m0[gm] = 5.396182e-05
@m.xm1.m0[gds] = 3.727594e-04
v(d) = 3.081858e-02
Doing analysis at TEMP = -40.000000 and TNOM = 27.000000

Using SPARSE 1.3 as Direct Linear Solver

No. of Data Rows : 1
zm0 = 9.999996e-04
Doing analysis at TEMP = -40.000000 and TNOM = 27.000000

Using SPARSE 1.3 as Direct Linear Solver

No. of Data Rows : 2

No. of Data Rows : 1
onoise_total_rs_thermal = 3.588303e-12
onoise_total.m.xm1.m0.id = 2.337791e-15
onoise_total.m.xm1.m0.1overf = 1.935773e-14
inoise_total.m.xm1.m0.id = 2.337792e-12
inoise_total.m.xm1.m0.1overf = 1.935774e-11
Doing analysis at TEMP = -40.000000 and TNOM = 27.000000

Using SPARSE 1.3 as Direct Linear Solver

No. of Data Rows : 1
zm1 = 9.999996e-04
Doing analysis at TEMP = -40.000000 and TNOM = 27.000000

Using SPARSE 1.3 as Direct Linear Solver

No. of Data Rows : 2

No. of Data Rows : 1
onoise_total_rs_thermal = 3.588303e-12
onoise_total.m.xm1.m0.id = 2.337791e-15
onoise_total.m.xm1.m0.1overf = 6.485556e-15
inoise_total.m.xm1.m0.id = 2.337792e-12
inoise_total.m.xm1.m0.1overf = 6.485558e-12
Doing analysis at TEMP = -40.000000 and TNOM = 27.000000

Using SPARSE 1.3 as Direct Linear Solver

No. of Data Rows : 1
zm2 = 9.999996e-04
Doing analysis at TEMP = -40.000000 and TNOM = 27.000000

Using SPARSE 1.3 as Direct Linear Solver

No. of Data Rows : 2

No. of Data Rows : 1
onoise_total_rs_thermal = 3.588303e-12
onoise_total.m.xm1.m0.id = 2.337791e-15
onoise_total.m.xm1.m0.1overf = 2.172484e-15
inoise_total.m.xm1.m0.id = 2.337792e-12
inoise_total.m.xm1.m0.1overf = 2.172484e-12
Doing analysis at TEMP = -40.000000 and TNOM = 27.000000

Using SPARSE 1.3 as Direct Linear Solver

No. of Data Rows : 1
zm3 = 9.999996e-04
Doing analysis at TEMP = -40.000000 and TNOM = 27.000000

Using SPARSE 1.3 as Direct Linear Solver

No. of Data Rows : 2

No. of Data Rows : 1
onoise_total_rs_thermal = 3.588303e-12
onoise_total.m.xm1.m0.id = 2.337791e-15
onoise_total.m.xm1.m0.1overf = 7.277085e-16
inoise_total.m.xm1.m0.id = 2.337792e-12
inoise_total.m.xm1.m0.1overf = 7.277087e-13
Doing analysis at TEMP = -40.000000 and TNOM = 27.000000

Using SPARSE 1.3 as Direct Linear Solver

No. of Data Rows : 1
zm4 = 9.999996e-04
Doing analysis at TEMP = -40.000000 and TNOM = 27.000000

Using SPARSE 1.3 as Direct Linear Solver

No. of Data Rows : 2

No. of Data Rows : 1
onoise_total_rs_thermal = 3.588303e-12
onoise_total.m.xm1.m0.id = 2.337791e-15
onoise_total.m.xm1.m0.1overf = 2.437572e-16
inoise_total.m.xm1.m0.id = 2.337792e-12
inoise_total.m.xm1.m0.1overf = 2.437573e-13
Doing analysis at TEMP = -40.000000 and TNOM = 27.000000

Using SPARSE 1.3 as Direct Linear Solver

No. of Data Rows : 1
zm5 = 9.999996e-04
Doing analysis at TEMP = -40.000000 and TNOM = 27.000000

Using SPARSE 1.3 as Direct Linear Solver

No. of Data Rows : 2

No. of Data Rows : 1
onoise_total_rs_thermal = 3.588303e-12
onoise_total.m.xm1.m0.id = 2.337791e-15
onoise_total.m.xm1.m0.1overf = 8.165023e-17
inoise_total.m.xm1.m0.id = 2.337792e-12
inoise_total.m.xm1.m0.1overf = 8.165026e-14
Doing analysis at TEMP = -40.000000 and TNOM = 27.000000

Using SPARSE 1.3 as Direct Linear Solver

No. of Data Rows : 1
zm6 = 9.999996e-04
Doing analysis at TEMP = -40.000000 and TNOM = 27.000000

Using SPARSE 1.3 as Direct Linear Solver

No. of Data Rows : 2

No. of Data Rows : 1
onoise_total_rs_thermal = 3.588303e-12
onoise_total.m.xm1.m0.id = 2.337791e-15
onoise_total.m.xm1.m0.1overf = 4.845349e-17
inoise_total.m.xm1.m0.id = 2.337792e-12
inoise_total.m.xm1.m0.1overf = 4.845351e-14
Note: Simulation executed from .control section 

======================================================================
=== sid_ff_-40c_3.63v_xmnt_p0958
======================================================================
.temp -40
vg g 0 dc 9.029603800000e-01
vb b 0 dc 4.004702200000e-07
vd dd 0 dc 3.082648140000e-02
rs dd d 1.00000000e-03
--- ngspice output ---

Note: No compatibility mode selected!


Circuit: * gf180-pll :: period-jitter :: s_id along the trajectory -- generated.

Doing analysis at TEMP = -40.000000 and TNOM = 27.000000

Using SPARSE 1.3 as Direct Linear Solver

No. of Data Rows : 1
@m.xm1.m0[vgs] = 9.029564e-01
@m.xm1.m0[vds] = 3.081860e-02
@m.xm1.m0[vbs] = -3.53511e-06
@m.xm1.m0[id] = 1.249391e-05
@m.xm1.m0[gm] = 5.397532e-05
@m.xm1.m0[gds] = 3.727520e-04
v(d) = 3.082647e-02
Doing analysis at TEMP = -40.000000 and TNOM = 27.000000

Using SPARSE 1.3 as Direct Linear Solver

No. of Data Rows : 1
zm0 = 9.999996e-04
Doing analysis at TEMP = -40.000000 and TNOM = 27.000000

Using SPARSE 1.3 as Direct Linear Solver

No. of Data Rows : 2

No. of Data Rows : 1
onoise_total_rs_thermal = 3.588303e-12
onoise_total.m.xm1.m0.id = 2.337793e-15
onoise_total.m.xm1.m0.1overf = 1.936271e-14
inoise_total.m.xm1.m0.id = 2.337794e-12
inoise_total.m.xm1.m0.1overf = 1.936271e-11
Doing analysis at TEMP = -40.000000 and TNOM = 27.000000

Using SPARSE 1.3 as Direct Linear Solver

No. of Data Rows : 1
zm1 = 9.999996e-04
Doing analysis at TEMP = -40.000000 and TNOM = 27.000000

Using SPARSE 1.3 as Direct Linear Solver

No. of Data Rows : 2

No. of Data Rows : 1
onoise_total_rs_thermal = 3.588303e-12
onoise_total.m.xm1.m0.id = 2.337793e-15
onoise_total.m.xm1.m0.1overf = 6.487224e-15
inoise_total.m.xm1.m0.id = 2.337794e-12
inoise_total.m.xm1.m0.1overf = 6.487226e-12
Doing analysis at TEMP = -40.000000 and TNOM = 27.000000

Using SPARSE 1.3 as Direct Linear Solver

No. of Data Rows : 1
zm2 = 9.999996e-04
Doing analysis at TEMP = -40.000000 and TNOM = 27.000000

Using SPARSE 1.3 as Direct Linear Solver

No. of Data Rows : 2

No. of Data Rows : 1
onoise_total_rs_thermal = 3.588303e-12
onoise_total.m.xm1.m0.id = 2.337793e-15
onoise_total.m.xm1.m0.1overf = 2.173042e-15
inoise_total.m.xm1.m0.id = 2.337794e-12
inoise_total.m.xm1.m0.1overf = 2.173043e-12
Doing analysis at TEMP = -40.000000 and TNOM = 27.000000

Using SPARSE 1.3 as Direct Linear Solver

No. of Data Rows : 1
zm3 = 9.999996e-04
Doing analysis at TEMP = -40.000000 and TNOM = 27.000000

Using SPARSE 1.3 as Direct Linear Solver

No. of Data Rows : 2

No. of Data Rows : 1
onoise_total_rs_thermal = 3.588303e-12
onoise_total.m.xm1.m0.id = 2.337793e-15
onoise_total.m.xm1.m0.1overf = 7.278956e-16
inoise_total.m.xm1.m0.id = 2.337794e-12
inoise_total.m.xm1.m0.1overf = 7.278958e-13
Doing analysis at TEMP = -40.000000 and TNOM = 27.000000

Using SPARSE 1.3 as Direct Linear Solver

No. of Data Rows : 1
zm4 = 9.999996e-04
Doing analysis at TEMP = -40.000000 and TNOM = 27.000000

Using SPARSE 1.3 as Direct Linear Solver

No. of Data Rows : 2

No. of Data Rows : 1
onoise_total_rs_thermal = 3.588303e-12
onoise_total.m.xm1.m0.id = 2.337793e-15
onoise_total.m.xm1.m0.1overf = 2.438199e-16
inoise_total.m.xm1.m0.id = 2.337794e-12
inoise_total.m.xm1.m0.1overf = 2.438200e-13
Doing analysis at TEMP = -40.000000 and TNOM = 27.000000

Using SPARSE 1.3 as Direct Linear Solver

No. of Data Rows : 1
zm5 = 9.999996e-04
Doing analysis at TEMP = -40.000000 and TNOM = 27.000000

Using SPARSE 1.3 as Direct Linear Solver

No. of Data Rows : 2

No. of Data Rows : 1
onoise_total_rs_thermal = 3.588303e-12
onoise_total.m.xm1.m0.id = 2.337793e-15
onoise_total.m.xm1.m0.1overf = 8.167123e-17
inoise_total.m.xm1.m0.id = 2.337794e-12
inoise_total.m.xm1.m0.1overf = 8.167126e-14
Doing analysis at TEMP = -40.000000 and TNOM = 27.000000

Using SPARSE 1.3 as Direct Linear Solver

No. of Data Rows : 1
zm6 = 9.999996e-04
Doing analysis at TEMP = -40.000000 and TNOM = 27.000000

Using SPARSE 1.3 as Direct Linear Solver

No. of Data Rows : 2

No. of Data Rows : 1
onoise_total_rs_thermal = 3.588303e-12
onoise_total.m.xm1.m0.id = 2.337793e-15
onoise_total.m.xm1.m0.1overf = 4.846595e-17
inoise_total.m.xm1.m0.id = 2.337794e-12
inoise_total.m.xm1.m0.1overf = 4.846597e-14
Note: Simulation executed from .control section 
