corner,temp_c,vdd,band,corner_id,r3k_cg,r3k_off,ru_cg,ru_off,rsh_ratio,ibias_a_lo_ua,ibias_a_mid_ua,ibias_a_hi_ua,ibias_b_lo_ua,ibias_b_mid_ua,ibias_b_hi_ua,ibias_ratio_mid,ibias_a_100m_ua,ibias_b_100m_ua,ibias_ratio_100m,itail_a_lo_ua,itail_a_mid_ua,itail_a_hi_ua,itail_b_lo_ua,itail_b_mid_ua,itail_b_hi_ua,itail_ratio_mid,ihead_a_mid_ua,ihead_b_mid_ua,vbn_a_mid,vbn_b_mid,vbp_a_mid,vbp_b_mid,iring_a_mid_ua,iring_b_mid_ua,itail_a_100m_ua,itail_b_100m_ua,iring_a_100m_ua,iring_b_100m_ua,ivco_a_100m_ua,ivco_b_100m_ua,verdict
typical,-40.0,2.97,band0,typical_-40c_2.97v_band0,20529.46348,117318.4629,2222.4766245,12416.853785,9.2372010814,27.288111728,37.814643377,49.348081373,703.69893773,790.19897618,888.87924405,20.896639651,87.814021162,1317.4139787,15.002319234,1.3284524343,2.1462835802,3.0264701953,15.587546665,21.785015489,28.802893965,10.150110493,2.3990591522,22.795855514,0.76111803293,0.90982599088,2.0768166426,1.9122375732,10.731417901,108.92507745,24.341931623,253.42212246,121.70965812,1267.1106123,209.52367928,2584.524591,PASS
typical,-40.0,2.97,band7,typical_-40c_2.97v_band7,20529.46348,117318.4629,2222.4766245,12416.853785,9.2372010814,114.25508607,179.41342114,250.22676468,1752.7880173,2227.0122751,2675.2929704,12.412740703,87.814021037,1317.4139789,15.002319257,40.536626027,65.864256861,93.303611136,485.78699686,674.93529608,878.96678624,10.247368273,67.251958074,619.15376031,1.0457595975,2.0024296035,1.7451401137,0.78687346878,329.3212843,3374.6764804,24.341931596,253.42212248,121.70965798,1267.1106124,209.52367902,2584.5245913,PASS
typical,-40.0,3.3,band0,typical_-40c_3.30v_band0,20529.46348,117318.4629,2222.4766245,12416.853785,9.2372010814,28.040140731,38.657187496,50.278540507,849.23988818,936.08891196,1035.2933592,24.215132362,90.227209913,1515.1567511,16.792680972,1.4044160688,2.25297965,3.1623882455,17.801949621,24.096337135,31.232185883,10.695319479,2.5859316715,25.537180665,0.76242897374,0.9183950953,2.4035933389,2.22962418,11.26489825,120.48168568,25.215588908,278.77158987,126.07794454,1393.8579493,216.30515446,2909.0147004,PASS
typical,-40.0,3.3,band7,typical_-40c_3.30v_band7,20529.46348,117318.4629,2222.4766245,12416.853785,9.2372010814,118.07200999,184.42362436,256.40866755,2040.0334651,2536.0691641,3038.9053893,13.751324825,90.227210027,1515.1567511,16.792680951,42.076879737,67.968374196,95.958269685,550.84384557,743.21135227,955.21611179,10.934664262,70.153996171,705.84906505,1.0498024159,2.0898441392,2.0675509526,1.0109179382,339.84187098,3716.0567613,25.21558895,278.77158987,126.07794475,1393.8579493,216.30515478,2909.0147004,PASS
typical,-40.0,3.63,band0,typical_-40c_3.63v_band0,20529.46348,117318.4629,2222.4766245,12416.853785,9.2372010814,28.874561457,39.585508716,51.297672334,999.40634597,1086.5508652,1186.1218375,27.448197596,92.830180979,1716.3265439,18.488885035,1.4863973812,2.3668563758,3.3063897771,20.020348192,26.40027586,33.633968995,11.154152035,2.7914354064,28.328729764,0.76381777993,0.92644994606,2.7302149885,2.5474720566,11.834281879,132.0013793,26.13786925,303.69268857,130.68934625,1518.4634428,223.51952723,3234.7899868,PASS
typical,-40.0,3.63,band7,typical_-40c_3.63v_band7,20529.46348,117318.4629,2222.4766245,12416.853785,9.2372010814,122.17098048,189.69822121,262.80958016,2328.6131772,2835.4467536,3381.5145099,14.947144657,92.830181099,1716.3265438,18.48888501,43.705966153,70.156365569,98.681286772,614.82429535,809.73258112,1026.3941575,11.541826241,73.153258867,781.40375241,1.0540122296,2.1742402568,2.3897847002,1.2528874674,350.78182784,4048.6629056,26.137869328,303.69268854,130.68934664,1518.4634427,223.51952774,3234.7899865,PASS
typical,27.0,2.97,band0,typical_27c_2.97v_band0,18187.950081,103985.86383,2191.0287503,12294.612156,8.3011006033,33.874135269,45.726585161,58.655289645,648.56668446,734.05815097,831.12343163,16.053202932,103.03845524,1267.712845,12.303298239,1.5269019551,2.4544439627,3.4480736124,15.991349513,22.150992599,29.087048032,9.0248516306,2.7261995221,23.172295762,0.69899889456,0.86726794189,2.1435252732,1.9556666334,12.272219814,110.754963,27.921897293,256.79116449,139.60948646,1283.9558224,242.64794171,2551.6686674,PASS
typical,27.0,2.97,band7,typical_27c_2.97v_band7,18187.950081,103985.86383,2191.0287503,12294.612156,8.3011006033,132.78451257,206.07095755,285.3307997,1703.5840836,2123.1168877,2492.110553,10.302843801,103.03845529,1267.7128451,12.303298235,46.116382727,74.601013327,105.30407046,491.6691791,674.14992714,841.27855952,9.0367395439,75.999001504,568.32395047,1.0532045693,2.1448848366,1.7370417947,0.74791703836,373.00506663,3370.7496357,27.921897312,256.79116454,139.60948656,1283.9558227,242.64794185,2551.6686678,PASS
typical,27.0,3.3,band0,typical_27c_3.30v_band0,18187.950081,103985.86383,2191.0287503,12294.612156,8.3011006033,34.648928448,46.58677537,59.600281657,779.64496562,865.4586903,963.12878206,18.577346971,105.4372725,1451.6631722,13.768026598,1.6005852359,2.5570508217,3.578356087,18.209294322,24.454864699,31.506552786,9.5636991222,2.9051270367,25.868412756,0.70033240564,0.87748938656,2.4701339729,2.2714990227,12.785254109,122.2743235,28.778313303,282.38747952,143.89156652,1411.9373976,249.32883901,2863.6005698,PASS
typical,27.0,3.3,band7,typical_27c_3.30v_band7,18187.950081,103985.86383,2191.0287503,12294.612156,8.3011006033,136.56719152,211.01452456,291.45251829,1981.0557169,2436.4451484,2866.0249748,11.546338592,105.43727229,1451.6631724,13.768026628,47.632595243,76.669561694,107.92715747,557.29005475,743.7211519,941.15446466,9.7003443801,78.87122519,670.55890405,1.0577145829,2.2464481208,2.0590223098,0.93049037481,383.34780847,3718.6057595,28.778313251,282.38747956,143.89156625,1411.9373978,249.32883854,2863.6005703,PASS
typical,27.0,3.63,band0,typical_27c_3.63v_band0,18187.950081,103985.86383,2191.0287503,12294.612156,8.3011006033,35.515792551,47.541554241,60.642526532,915.56814027,1001.6444857,1099.6699434,21.068820775,108.0463338,1639.598711,15.174959235,1.681127717,2.6676291691,3.7174615155,20.443778852,26.763705062,33.904451062,10.032768187,3.1041479716,28.623474316,0.70178040968,0.88718347788,2.7964999466,2.5877935654,13.338145846,133.81852531,29.690080091,307.73412642,148.45040046,1538.6706321,256.49673426,3178.2693431,PASS
typical,27.0,3.63,band7,typical_27c_3.63v_band7,18187.950081,103985.86383,2191.0287503,12294.612156,8.3011006033,140.66961653,216.23261934,297.77373535,2259.3911418,2740.6238702,3210.9251266,12.674423862,108.0463338,1639.5987113,15.174959238,49.252799699,78.827070154,110.6121823,622.3656405,811.67861044,1018.0865664,10.296952669,81.82732801,761.95689863,1.0624521612,2.3446413827,2.3808157594,1.1360923361,394.13535077,4058.3930522,29.690080084,307.73412649,148.45040042,1538.6706324,256.49673422,3178.2693437,PASS
typical,125.0,2.97,band0,typical_125c_2.97v_band0,15874.444568,90806.38854,2170.0843288,12255.247659,7.3151279687,47.105715253,60.592806203,75.239651224,588.38214043,671.74253105,765.48436316,11.086176283,128.49435647,1207.4374872,9.3968133725,1.8416660206,2.9062366291,4.0411923479,16.351563813,22.402054522,29.143845128,7.7082692776,3.213374983,23.471236386,0.61346550886,0.80536722389,2.2414814814,2.0256199247,14.531183146,112.01027261,33.120254584,258.11559737,165.60127292,1290.5779868,294.0956294,2498.015474,PASS
typical,125.0,2.97,band7,typical_125c_2.97v_band7,15874.444568,90806.38854,2170.0843288,12255.247659,7.3151279687,164.97520838,248.23148775,337.78672507,1620.5973368,1975.5944848,2220.2506853,7.9586780175,128.49435649,1207.4374871,9.3968133705,54.982372626,87.327959195,121.98752338,492.81555151,654.46600416,736.80119562,7.4943467155,88.776269889,498.69185286,1.0743491091,2.3210546017,1.7250155597,0.74732016169,436.63979597,3272.3300208,33.120254572,258.11559731,165.60127286,1290.5779865,294.09562935,2498.0154737,PASS
typical,125.0,3.3,band0,typical_125c_3.30v_band0,15874.444568,90806.38854,2170.0843288,12255.247659,7.3151279687,48.016526794,61.58298294,76.31173753,702.69770496,786.35328468,880.97404868,12.76900285,131.04294525,1374.7023475,10.490471996,1.9160404401,3.0074737269,4.1685009844,18.549074542,24.67424411,31.542655176,8.2043091147,3.3889591684,26.09938608,0.61489956629,0.81765837164,2.5678331485,2.3394642012,15.037368635,123.37122055,33.989553588,283.63181296,169.94776794,1418.1590648,300.99071319,2792.8614123,PASS
typical,125.0,3.3,band7,typical_125c_3.30v_band7,15874.444568,90806.38854,2170.0843288,12255.247659,7.3151279687,168.98555138,253.37722836,344.14984398,1890.2035268,2278.2882159,2592.09294,8.9916849697,131.04294523,1374.7023473,10.490471997,56.552010563,89.443102921,124.67579508,558.17758894,732.01538533,860.33022541,8.1841456906,91.729998005,598.19514455,1.0796647786,2.4544903662,2.0461751991,0.90366944135,447.21551461,3660.0769266,33.989553573,283.63181293,169.94776786,1418.1590646,300.99071309,2792.861412,PASS
typical,125.0,3.63,band0,typical_125c_3.63v_band0,15874.444568,90806.38854,2170.0843288,12255.247659,7.3151279687,49.020902301,62.667646047,77.480347124,821.88331241,905.76751944,1000.7432406,14.453511127,133.81619853,1546.2520019,11.555043551,1.9990296769,3.1183504738,4.3061895516,20.775638291,26.963640363,33.912627813,8.6467639187,3.5885424126,28.795704052,0.6165070021,0.82942716534,2.8937903875,2.6537669021,15.591752369,134.81820182,34.924273013,309.07095625,174.62136507,1545.3547812,308.4375636,3091.6067831,PASS
typical,125.0,3.63,band7,typical_125c_3.63v_band7,15874.444568,90806.38854,2170.0843288,12255.247659,7.3151279687,173.35218499,258.78734363,350.65185514,2159.796006,2574.4748902,2954.9862047,9.9482256518,133.81619832,1546.2520019,11.55504357,58.246488592,91.649481468,127.40774523,623.46259029,801.96716448,971.62979237,8.7503731787,94.745234234,695.10970889,1.0852863861,2.5724088529,2.3671712015,1.0750082767,458.24740734,4009.8358224,34.924272966,309.07095625,174.62136483,1545.3547813,308.43756315,3091.6067832,PASS
ff,-40.0,2.97,band0,ff_-40c_2.97v_band0,20529.46348,117318.4629,2222.4766245,12416.853785,9.2372010814,27.028362304,38.019585912,49.862149233,793.16542591,884.61232435,986.2521299,23.267279302,89.152248604,1451.0836021,16.276466661,1.3495638393,2.2290320931,3.156435648,16.940129026,23.585300608,30.911235485,10.580960535,2.5579470453,25.037902612,0.65125592521,0.80025297492,2.1976972179,2.0334795137,11.145160466,117.92650304,25.002728325,272.81089907,125.01364163,1364.0544954,214.16589023,2815.1380975,PASS
ff,-40.0,2.97,band7,ff_-40c_2.97v_band7,20529.46348,117318.4629,2222.4766245,12416.853785,9.2372010814,113.77337268,182.58450659,256.03575369,1925.1906423,2444.4817993,2943.0046333,13.388221405,89.152248576,1451.0836022,16.276466666,40.554938251,67.423722054,95.998151001,523.96845556,726.5837692,942.79241999,10.77638177,69.679396693,684.91636592,0.92546387186,1.8714558706,1.8793089628,0.89939859367,337.11861027,3632.918846,25.002728329,272.81089909,125.01364164,1364.0544954,214.16589022,2815.1380976,PASS
ff,-40.0,3.3,band0,ff_-40c_3.30v_band0,20529.46348,117318.4629,2222.4766245,12416.853785,9.2372010814,27.838286994,38.928005488,50.864942493,944.89287173,1036.6821271,1138.8114048,26.630753724,91.716138828,1653.438452,18.027780859,1.4292378516,2.3426594513,3.3016377321,19.127684516,25.873103644,33.316307385,11.044329823,2.7620268295,27.821449885,0.65257603155,0.80790801341,2.5244531329,2.3519560171,11.713297257,129.36551822,25.924726448,297.55968451,129.62363224,1487.7984226,221.33977107,3141.2368746,PASS
ff,-40.0,3.3,band7,ff_-40c_3.30v_band7,20529.46348,117318.4629,2222.4766245,12416.853785,9.2372010814,117.75301221,187.83474657,262.49828503,2213.759554,2747.7639633,3299.8033878,14.628624435,91.716138828,1653.438452,18.027780859,42.150272439,69.62508882,98.775805499,587.22264327,792.97950113,1015.1888649,11.389278126,72.736812056,763.7033622,0.92938336855,1.948541965,2.201875483,1.1415898231,348.1254441,3964.8975057,25.924726448,297.55968451,129.62363224,1487.7984226,221.33977107,3141.2368746,PASS
ff,-40.0,3.63,band0,ff_-40c_3.63v_band0,20529.46348,117318.4629,2222.4766245,12416.853785,9.2372010814,28.766096603,39.960576423,51.99936287,1100.5513669,1192.6311721,1295.1211107,29.845194409,94.595927055,1858.5087647,19.64681591,1.5180938204,2.4675913659,3.4600867718,21.325396714,28.160264603,35.702901839,11.412045362,2.9941172848,30.682671554,0.65404171641,0.81515506548,2.850932096,2.6706984981,12.33795683,140.80132301,26.933501935,321.8806578,134.66750967,1609.403289,229.26343673,3467.9120537,PASS
ff,-40.0,3.63,band7,ff_-40c_3.63v_band7,20529.46348,117318.4629,2222.4766245,12416.853785,9.2372010814,122.22360629,193.59519763,269.46714029,2502.9317622,3045.3246854,3627.4775078,15.730373081,94.595926877,1858.5087645,19.646815945,43.907462703,71.998983524,101.72842908,649.28541099,857.52158341,1083.8310498,11.910190137,76.013894018,835.72748967,0.93365208834,2.0228944151,2.5239541484,1.3942642606,359.99491762,4287.6079171,26.933501899,321.88065772,134.66750949,1609.4032886,229.26343637,3467.9120531,PASS
ff,27.0,2.97,band0,ff_27c_2.97v_band0,18187.950081,103985.86383,2191.0287503,12294.612156,8.3011006033,33.18853257,45.540876719,58.812271091,732.15808629,822.36261003,922.50339973,18.057680687,103.93525106,1397.222495,13.443201232,1.5415540977,2.5346252048,3.5791336357,17.42475854,24.014422789,31.266079539,9.4745458789,2.8818164157,25.457310562,0.58834760638,0.75741507876,2.2653994392,2.0772125611,12.673126024,120.07211394,28.567956432,277.07592602,142.83978216,1385.3796301,246.77503322,2782.6021251,PASS
ff,27.0,2.97,band7,ff_27c_2.97v_band7,18187.950081,103985.86383,2191.0287503,12294.612156,8.3011006033,131.41999365,208.63036213,290.80629664,1878.6272094,2349.147729,2776.7778561,11.259855493,103.93525117,1397.2224951,13.443201218,45.937700732,76.080337891,108.03623999,532.34700669,728.06846444,925.86088074,9.5697322675,78.39244611,644.3923733,0.92850602204,2.0132857718,1.8755933561,0.83707063193,380.40168945,3640.3423222,28.567956468,277.07592603,142.83978234,1385.3796301,246.77503351,2782.6021253,PASS
ff,27.0,3.3,band0,ff_27c_3.30v_band0,18187.950081,103985.86383,2191.0287503,12294.612156,8.3011006033,34.010324278,46.45545748,59.817731197,870.09398922,960.60808773,1061.286714,20.678046022,106.46815146,1587.1278693,14.90706702,1.6188355527,2.6438298528,3.7182236738,19.642119449,26.319638765,33.683527064,9.9551182302,3.0771898132,28.216675069,0.58969727267,0.76666139855,2.5919582884,2.3941699694,13.219149264,131.59819383,29.470677705,302.41193688,147.35338853,1512.0596844,253.82153999,3099.1875537,PASS
ff,27.0,3.3,band7,ff_27c_3.30v_band7,18187.950081,103985.86383,2191.0287503,12294.612156,8.3011006033,135.34414679,213.7759489,297.1543635,2158.6511599,2661.9371703,3136.0270861,12.451995578,106.46815157,1587.1278692,14.907067004,47.505362444,78.236772521,110.76793515,597.12912414,796.50077471,1007.764378,10.180644587,81.398518093,742.39127398,0.93287266366,2.1037875589,2.1977738875,1.038471276,391.1838626,3982.5038735,29.470677712,302.4119369,147.35338856,1512.0596845,253.82154013,3099.1875538,PASS
ff,27.0,3.63,band0,ff_27c_3.63v_band0,18187.950081,103985.86383,2191.0287503,12294.612156,8.3011006033,34.97459839,47.5181105,60.979071191,1012.5090464,1103.2740062,1204.2933863,23.217968783,109.36831584,1780.7071444,16.281746049,1.7069107692,2.7660172153,3.8723100353,21.886007533,28.639732927,36.092592568,10.354141243,3.3037082368,31.066312053,0.59124991533,0.77550228015,2.9181074821,2.7113648262,13.830086076,143.19866464,30.474957033,327.5269786,152.37478517,1637.634893,261.74310101,3418.3420374,PASS
ff,27.0,3.63,band7,ff_27c_3.63v_band7,18187.950081,103985.86383,2191.0287503,12294.612156,8.3011006033,139.84611726,219.48736486,304.0332445,2440.246691,2961.6212702,3480.1124664,13.493356541,109.36831584,1780.7071444,16.281746049,49.266674523,80.586910157,113.68391068,661.33646163,863.46170846,1080.5991599,10.714664538,84.624634718,825.95534487,0.93771466435,2.1916153083,2.5193836667,1.2644644564,402.93455078,4317.3085423,30.474957033,327.5269786,152.37478517,1637.634893,261.74310101,3418.3420374,PASS
ff,125.0,2.97,band0,ff_125c_2.97v_band0,15874.444568,90806.38854,2170.0843288,12255.247659,7.3151279687,45.307081564,59.342863725,74.37831319,663.48990932,751.29589335,848.26755157,12.660256789,128.17190343,1329.9628489,10.376399299,1.8452079837,2.9817848439,4.1736716883,17.868482583,24.331544613,31.401455119,8.1600604626,3.3667945996,25.811287935,0.50146603308,0.69505301555,2.3650889335,2.1476472559,14.90892422,121.65772306,33.716435501,279.18188735,168.58217751,1395.9094367,296.75408094,2725.8722856,PASS
ff,125.0,2.97,band7,ff_125c_2.97v_band7,15874.444568,90806.38854,2170.0843288,12255.247659,7.3151279687,161.58942148,249.17514649,342.05716833,1799.7659989,2200.9840969,2506.0043172,8.8330803768,128.17190334,1329.9628489,10.376399306,54.419000945,88.601196638,124.68827611,535.54691284,716.04121939,835.53457461,8.0816201875,91.066818717,572.90332315,0.94201489462,2.2015525399,1.8706134455,0.82130695454,443.00598319,3580.206097,33.716435477,279.18188734,168.58217739,1395.9094367,296.75408073,2725.8722856,PASS
ff,125.0,3.3,band0,ff_125c_3.30v_band0,15874.444568,90806.38854,2170.0843288,12255.247659,7.3151279687,46.24333741,60.365309304,75.488412704,784.35696794,872.43859181,970.12363817,14.452648415,130.82591842,1503.4344715,11.491870186,1.9233145583,3.0895879179,4.3096462026,20.089761058,26.628062908,33.813921591,8.6186454685,3.559168805,28.522633674,0.50292906953,0.70628762542,2.6913437878,2.4626645586,15.44793959,133.14031454,34.630771059,304.74925602,173.15385529,1523.7462801,303.97977371,3027.1807516,PASS
ff,125.0,3.3,band7,ff_125c_3.30v_band7,15874.444568,90806.38854,2170.0843288,12255.247659,7.3151279687,165.70183966,254.45983546,348.55739117,2072.6244837,2504.4306264,2886.5532559,9.8421451146,130.82591832,1503.4344715,11.491870196,56.035018901,90.791440513,127.46498002,600.94307197,788.00663442,956.56251757,8.6793053395,94.125608451,674.21283903,0.94713973194,2.3125149009,2.1920648912,0.99064850956,453.95720257,3940.0331721,34.630771047,304.74925602,173.15385524,1523.7462801,303.97977356,3027.1807516,PASS
ff,125.0,3.63,band0,ff_125c_3.63v_band0,15874.444568,90806.38854,2170.0843288,12255.247659,7.3151279687,47.351169417,61.563515122,76.782173073,909.91278917,998.20450678,1096.2184753,16.214222089,133.91413869,1681.0852424,12.553455959,2.0153579889,3.2135906034,4.4638809804,22.350494,28.951521577,36.216106431,9.0090883219,3.7896642375,31.334180161,0.50469178653,0.71712583924,3.0169588761,2.7778968844,16.067953017,144.75760788,35.669971269,330.25847286,178.34985635,1651.2923643,312.26399503,3332.3776066,PASS
ff,125.0,3.63,band7,ff_125c_3.63v_band7,15874.444568,90806.38854,2170.0843288,12255.247659,7.3151279687,170.51314552,260.37712666,355.60369539,2344.3288128,2805.5114293,3238.363217,10.774799866,133.91413869,1681.0852422,12.553455958,57.893891895,93.203813376,130.43222801,666.22932984,857.12615668,1052.4565715,9.1962563079,97.405268628,772.10961226,0.9529341572,2.4180329533,2.5128488504,1.1739273971,466.01906688,4285.6307834,35.669971269,330.2584728,178.34985635,1651.292364,312.26399503,3332.3776062,PASS
ss,-40.0,2.97,band0,ss_-40c_2.97v_band0,20529.46348,117318.4629,2222.4766245,12416.853785,9.2372010814,27.782140965,37.781439506,49.010842324,619.93831692,700.22086546,795.82266099,18.53346179,86.895163599,1187.2279836,13.662762511,1.3218646568,2.0776769647,2.9143236873,14.313550825,19.990309924,26.704982592,9.6214716068,2.2652001075,20.639095906,0.87115365417,1.0188095891,1.9556994003,1.7920172177,10.388384823,99.951549619,23.814643358,233.73785193,119.07321679,1168.6892597,205.96838039,2355.9172433,PASS
ss,-40.0,2.97,band7,ss_-40c_2.97v_band7,20529.46348,117318.4629,2222.4766245,12416.853785,9.2372010814,115.83417831,177.06441004,245.34191849,1587.8761585,2004.962323,2392.1721949,11.323350201,86.895163636,1187.2279833,13.662762502,40.931228059,64.634384747,90.996851349,448.97085849,621.72428024,798.94765979,9.6190948931,65.260296829,547.90241203,1.1679973763,2.1378125455,1.6097283914,0.68603561007,323.17192374,3108.6214012,23.814643377,233.73785185,119.07321689,1168.6892593,205.96838052,2355.9172426,PASS
ss,-40.0,3.3,band0,ss_-40c_3.30v_band0,20529.46348,117318.4629,2222.4766245,12416.853785,9.2372010814,28.492708127,38.575821468,49.888193443,758.24899815,838.90377473,935.11992935,21.746880372,89.204241586,1379.2035605,15.461188123,1.3954712728,2.1790878737,3.0429878572,16.552571397,22.323345716,29.160749413,10.244353147,2.4387852733,23.344507024,0.87247463949,1.0284388147,2.2824658918,2.1081724453,10.895439368,111.61672858,24.653751209,259.6315236,123.26875604,1298.157618,212.47299763,2677.3611785,PASS
ss,-40.0,3.3,band7,ss_-40c_3.30v_band7,20529.46348,117318.4629,2222.4766245,12416.853785,9.2372010814,119.56689323,181.92229013,251.34509159,1872.6603407,2320.3121467,2771.3619758,12.754413684,89.204241664,1379.2035607,15.461188111,42.444336373,66.673011161,93.566197564,515.62370376,691.84365741,891.86830098,10.376667341,68.054407372,644.0266307,1.1722582753,2.2385446215,1.931879669,0.88531462746,333.3650558,3459.218287,24.653751229,259.63152359,123.26875614,1298.157618,212.47299781,2677.3611786,PASS
ss,-40.0,3.63,band0,ss_-40c_3.63v_band0,20529.46348,117318.4629,2222.4766245,12416.853785,9.2372010814,29.258729924,39.427234841,50.822445041,901.69621792,982.65617905,1079.2550094,24.923284197,91.61471572,1574.9898067,17.191450023,1.4729307747,2.2848883701,3.1762598569,18.787969145,24.640384403,31.575079243,10.78406487,2.6248420841,26.079355887,0.87382352844,1.0374154784,2.6091671244,2.4249957111,11.42444185,123.20192202,25.515267573,285.04334955,127.57633786,1425.2167478,219.19105358,3000.2065545,PASS
ss,-40.0,3.63,band7,ss_-40c_3.63v_band7,20529.46348,117318.4629,2222.4766245,12416.853785,9.2372010814,123.43399469,186.87347928,257.36684223,2158.7345364,2621.6424613,3121.5707124,14.028970143,91.614715706,1574.9898064,17.191450023,43.995102866,68.734400505,96.130637881,581.1553236,759.99267386,966.16019271,11.056947733,70.862924821,724.79464658,1.1765448626,2.3354519826,2.2540928656,1.1116170187,343.67200252,3799.9633693,25.515267553,285.0433495,127.57633777,1425.2167475,219.19105347,3000.2065539,PASS
ss,27.0,2.97,band0,ss_27c_2.97v_band0,18187.950081,103985.86383,2191.0287503,12294.612156,8.3011006033,34.84089387,46.1445692,58.736152834,571.14003925,651.0673925,744.87270339,14.109296149,102.66803565,1143.2701044,11.135599285,1.5277147147,2.3905775643,3.3373405781,14.636959286,20.322900871,26.944293975,8.501251402,2.5980477325,21.001949467,0.80989571824,0.97650144343,2.0214822771,1.8352219665,11.952887822,101.61450435,27.434920713,236.57023712,137.17460356,1182.8511856,239.84263921,2326.12129,PASS
ss,27.0,2.97,band7,ss_27c_2.97v_band7,18187.950081,103985.86383,2191.0287503,12294.612156,8.3011006033,135.33218379,204.50699262,280.95800371,1534.1723765,1901.5701907,2198.6192734,9.2983137953,102.66803566,1143.2701043,11.135599283,46.730296307,73.511211051,103.02566195,452.28790155,618.65238665,741.28275513,8.4157556079,74.100723134,494.25376494,1.1805332467,2.2801300682,1.5969219172,0.66469340223,367.55605525,3093.2619332,27.434920726,236.57023709,137.17460363,1182.8511854,239.84263929,2326.1212897,PASS
ss,27.0,3.3,band0,ss_27c_3.30v_band0,18187.950081,103985.86383,2191.0287503,12294.612156,8.3011006033,35.590853212,46.973880556,59.64590256,694.98854789,775.27483667,869.86427246,16.504381318,104.99121762,1320.9456416,12.581487019,1.5993583125,2.488516949,3.4611697366,16.858951343,22.630097142,29.378434319,9.0938087247,2.7649535372,23.648965117,0.81123971881,0.98787121215,2.3480940663,2.1497611424,12.442584745,113.15048571,28.261891839,262.4423874,141.3094592,1312.211937,246.30067681,2633.1575786,PASS
ss,27.0,3.3,band7,ss_27c_3.30v_band7,18187.950081,103985.86383,2191.0287503,12294.612156,8.3011006033,139.07076444,209.35712419,286.97924442,1810.0685137,2211.2129471,2583.9927055,10.561918806,104.99121763,1320.9456415,12.581487016,48.229083015,75.530779129,105.58579032,518.7146718,690.11743304,859.73592737,9.1369034054,76.896000174,596.46071354,1.1853159716,2.3973768029,1.9185590653,0.83087214376,377.65389564,3450.5871652,28.261891847,262.44238738,141.30945924,1312.2119369,246.30067687,2633.1575784,PASS
ss,27.0,3.63,band0,ss_27c_3.63v_band0,18187.950081,103985.86383,2191.0287503,12294.612156,8.3011006033,36.394744502,47.857828859,60.609549544,823.95061302,904.51470038,999.48871749,18.900036252,107.41425322,1502.710186,13.989858338,1.6751611032,2.5910388217,3.589672918,19.089374564,24.932917913,31.771398222,9.6227496491,2.9446961438,26.333054119,0.81263292453,0.9985661316,2.6745854982,2.4649876148,12.955194109,124.66458956,29.112487747,288.00748427,145.56243873,1440.0374214,252.97669195,2942.7476074,PASS
ss,27.0,3.63,band7,ss_27c_3.63v_band7,18187.950081,103985.86383,2191.0287503,12294.612156,8.3011006033,142.94571399,214.27736438,292.96501214,2085.1088586,2516.4907793,2939.8133597,11.74408126,107.41425303,1502.7101858,13.989858361,49.768866985,77.567002675,108.12352444,584.55017354,759.10949245,951.39720152,9.7865002678,79.681876953,692.97862542,1.1901336049,2.509163882,2.2403083092,1.0156047729,387.83501338,3795.5474623,29.112487712,288.00748427,145.56243856,1440.0374214,252.97669159,2942.7476072,PASS
ss,125.0,2.97,band0,ss_125c_2.97v_band0,15874.444568,90806.38854,2170.0843288,12255.247659,7.3151279687,49.374338396,62.277131561,76.542771543,519.13583368,597.48358169,687.69180799,9.5939483196,129.65518768,1090.6319632,8.411788088,1.8577145156,2.8528724867,3.9358233543,14.928505307,20.543916141,26.951947008,7.2011336772,3.094928644,21.285720994,0.72586921152,0.91503788285,2.11766157,1.9048078738,14.264362433,102.7195807,32.744601634,237.49160475,163.72300817,1187.4580238,293.37819584,2278.089987,PASS
ss,125.0,2.97,band7,ss_125c_2.97v_band7,15874.444568,90806.38854,2170.0843288,12255.247659,7.3151279687,169.92114839,248.75105241,335.0970095,1449.9664718,1746.1781245,1947.3034199,7.0197818563,129.65518765,1090.6319632,8.4117880896,56.079051409,86.585200586,119.89390392,451.45790487,582.6414402,638.35896668,6.7291111674,87.121290447,427.02048404,1.2107689568,2.4225686326,1.5771412101,0.68152336901,432.92600293,2913.207201,32.744601597,237.49160476,163.72300799,1187.4580238,293.37819564,2278.089987,PASS
ss,125.0,3.3,band0,ss_125c_3.30v_band0,15874.444568,90806.38854,2170.0843288,12255.247659,7.3151279687,50.298882623,63.275804251,77.619636341,626.80667588,705.50639613,796.97688959,11.149702552,132.18609324,1251.787847,9.4698906391,1.9304777581,2.9501442915,4.0575582627,17.108937228,22.800745288,29.361260808,7.7286881709,3.2594196888,23.850911601,0.72731645393,0.92858290613,2.4440405995,2.2172824114,14.750721458,114.00372644,33.592288552,263.01692907,167.96144276,1315.0846454,300.147536,2566.8724923,PASS
ss,125.0,3.3,band7,ss_125c_3.30v_band7,15874.444568,90806.38854,2170.0843288,12255.247659,7.3151279687,173.97299939,253.91636272,341.50698759,1713.8047161,2054.3516977,2300.1677964,8.0906629085,132.18609355,1251.787847,9.4698906175,57.650452203,88.679525887,122.55607145,516.9050736,671.84747149,757.40313775,7.5761283652,90.048655698,524.61258993,1.2164821783,2.5978181434,1.8977796183,0.82157257595,443.39762943,3359.2373574,33.592288654,263.01692907,167.96144327,1315.0846454,300.14753681,2566.8724924,PASS
ss,125.0,3.63,band0,ss_125c_3.63v_band0,15874.444568,90806.38854,2170.0843288,12255.247659,7.3151279687,51.258496971,64.30871834,78.728897216,739.45903395,818.4105522,910.28707227,12.72627683,134.79381597,1417.119971,10.51324173,2.0081852323,3.0526141179,4.1843792289,19.311509259,25.066093961,31.710470428,8.2113536114,3.4386221799,26.462533921,0.72884378895,0.94145625759,2.7702058622,2.5304571968,15.26307059,125.33046981,34.464556185,288.41906363,172.32278092,1442.0953182,307.11659689,2859.2152892,PASS
ss,125.0,3.63,band7,ss_125c_3.63v_band7,15874.444568,90806.38854,2170.0843288,12255.247659,7.3151279687,178.13577424,259.08338155,347.75717018,1980.316496,2348.297631,2655.2781938,9.0638682302,134.79381604,1417.1199711,10.513241725,59.263362184,90.774271508,125.15985863,582.21959151,746.10230731,872.05176143,8.2193147344,92.92487297,619.81529881,1.2222166163,2.739263276,2.2186595806,0.97919216709,453.87135754,3730.5115366,34.464556201,288.41906366,172.322781,1442.0953183,307.11659704,2859.2152894,PASS
fs,-40.0,2.97,band0,fs_-40c_2.97v_band0,20529.46348,117318.4629,2222.4766245,12416.853785,9.2372010814,26.523289889,37.290437928,48.950141387,706.04525591,795.53627941,894.73545849,21.333519358,86.860219521,1335.4997829,15.375275244,1.3111121335,2.1576805018,3.0564682474,16.051697948,22.487978193,29.566035673,10.422292909,2.3732732952,23.288841076,0.68034391176,0.82858681935,1.9869612324,1.8143237217,10.788402509,112.43989097,24.291829584,260.51137261,121.45914792,1302.5568631,208.31936744,2638.056646,PASS
fs,-40.0,2.97,band7,fs_-40c_2.97v_band7,20529.46348,117318.4629,2222.4766245,12416.853785,9.2372010814,111.04251173,177.64943432,249.16767561,1774.1106331,2239.6688691,2667.4056291,12.607238958,86.860219668,1335.4997829,15.375275218,39.618345791,65.601282658,93.401089137,497.64099104,693.95901912,901.38490517,10.578436747,66.460306568,603.94389577,0.95651579081,1.8925522333,1.646040764,0.66867765277,328.00641329,3469.7950956,24.291829622,260.51137263,121.45914811,1302.5568631,208.31936778,2638.0566461,PASS
fs,-40.0,3.3,band0,fs_-40c_3.30v_band0,20529.46348,117318.4629,2222.4766245,12416.853785,9.2372010814,27.236130091,38.097034092,49.847496961,850.8887637,940.76411624,1041.3960879,24.69389386,89.234479132,1529.7990284,17.143586686,1.3868934987,2.2657059882,3.1947435239,18.159975588,24.699581028,31.962692356,10.90149435,2.5602100173,25.922633753,0.6816265754,0.83633382934,2.3136271767,2.1319054973,11.328529941,123.49790514,25.167585078,284.51819249,125.83792539,1422.5909624,215.07240452,2952.3899908,PASS
fs,-40.0,3.3,band7,fs_-40c_3.30v_band7,20529.46348,117318.4629,2222.4766245,12416.853785,9.2372010814,114.77293618,182.61753189,255.34072739,2054.0871637,2557.3534739,3035.8805095,14.003877106,89.234478976,1529.7990283,17.143586716,41.138387992,67.703636058,96.064886747,558.92829445,758.55841379,975.2094495,11.204101551,69.366802085,703.43093541,0.96037098741,1.9702905754,1.9680844799,0.87063028638,338.51818029,3792.792069,25.167585054,284.51819245,125.83792527,1422.5909622,215.07240425,2952.3899906,PASS
fs,-40.0,3.63,band0,fs_-40c_3.63v_band0,20529.46348,117318.4629,2222.4766245,12416.853785,9.2372010814,28.021208446,38.978178031,50.821089417,1000.1396744,1090.3275154,1191.3718498,27.972767596,91.76575278,1727.0314262,18.819999552,1.468258068,2.3803230071,3.3403259421,20.263294671,26.893334401,34.26011363,11.298186977,2.7637470055,28.586937681,0.68297230876,0.84359838941,2.6401725597,2.4499808338,11.901615036,134.46667201,26.084276874,307.98979309,130.42138437,1539.9489655,222.18713715,3266.9803917,PASS
fs,-40.0,3.63,band7,fs_-40c_3.63v_band7,20529.46348,117318.4629,2222.4766245,12416.853785,9.2372010814,118.73722234,187.78767752,261.65738967,2333.7116314,2854.6935814,3386.2112923,15.201708755,91.765752648,1727.0314264,18.819999581,42.733793737,69.871171648,98.773641644,618.94084548,821.1985235,1042.2463016,11.753037828,72.339131439,782.27778529,0.96434215915,2.0450200933,2.2900423452,1.1048821052,349.35585824,4105.9926175,26.084276783,307.98979314,130.42138391,1539.9489657,222.18713656,3266.9803921,PASS
fs,27.0,2.97,band0,fs_27c_2.97v_band0,18187.950081,103985.86383,2191.0287503,12294.612156,8.3011006033,32.837119252,44.94985634,58.022786984,653.30942723,741.57759063,837.94381539,16.497885667,101.74921346,1288.2757626,12.661284729,1.5038207337,2.4620695065,3.4760010523,16.483102331,22.866513181,29.775644674,9.2875173184,2.6972400313,23.692727584,0.61768219052,0.78551780067,2.0531167408,1.8560463995,12.310347532,114.3325659,27.833474854,264.14289283,139.16737427,1320.7144642,240.91658773,2608.9902267,PASS
fs,27.0,2.97,band7,fs_27c_2.97v_band7,18187.950081,103985.86383,2191.0287503,12294.612156,8.3011006033,128.92468409,203.78449103,283.85814925,1720.7008196,2128.5772163,2506.4739368,10.445236561,101.74921361,1288.2757627,12.661284712,45.028064129,74.226849789,105.34652243,504.56124939,694.15256765,879.34307946,9.3517718942,75.05953311,543.57169622,0.96074230327,2.0316131528,1.6356455004,0.64603423798,371.13424895,3470.7628383,27.833474913,264.14289286,139.16737457,1320.7144643,240.91658818,2608.990227,PASS
fs,27.0,3.3,band0,fs_27c_3.30v_band0,18187.950081,103985.86383,2191.0287503,12294.612156,8.3011006033,33.56991136,45.771259377,58.932228547,784.23945716,872.87778638,971.99897617,19.070434117,104.10015156,1470.0807782,14.121792872,1.576950508,2.5654878142,3.6080727668,18.618742664,25.094846412,32.275508232,9.7817055586,2.8756025543,26.305455473,0.61898045929,0.79488000739,2.3796259739,2.1719955251,12.827439071,125.47423206,28.687799996,288.7114547,143.43899998,1443.5572735,247.53915154,2913.6380518,PASS
fs,27.0,3.3,band7,fs_27c_3.30v_band7,18187.950081,103985.86383,2191.0287503,12294.612156,8.3011006033,132.60446177,208.67009489,289.96169298,1998.3284713,2444.0954248,2867.5828702,11.712724941,104.10015147,1470.0807781,14.121792883,46.515771908,76.284027133,107.96962376,567.25938877,760.7100939,966.03715737,9.9720757082,77.930041021,651.11156384,0.96502426775,2.1229411286,1.9572596308,0.81262585178,381.42013567,3803.5504695,28.687799956,288.71145464,143.43899978,1443.5572732,247.53915125,2913.6380514,PASS
fs,27.0,3.63,band0,fs_27c_3.63v_band0,18187.950081,103985.86383,2191.0287503,12294.612156,8.3011006033,34.380464329,46.672108176,59.922013006,919.95762172,1008.8798002,1108.4283071,21.616332315,106.62109588,1655.5322038,15.527248056,1.6563486476,2.676138263,3.7479824506,20.76459558,27.319710279,34.597005473,10.20863184,3.0715600801,28.959745364,0.6203748041,0.80374616648,2.705937118,2.4884404932,13.380691315,136.59855139,29.588103129,312.94503457,147.94051565,1564.7251728,254.56161153,3220.2573766,PASS
fs,27.0,3.63,band7,fs_27c_3.63v_band7,18187.950081,103985.86383,2191.0287503,12294.612156,8.3011006033,136.5437525,213.75804925,296.17656044,2272.2491483,2753.8137492,3209.13288,12.882854044,106.62109577,1655.5322037,15.527248072,48.09014889,78.408348865,110.62741716,629.28431118,825.64306051,1037.4746689,10.530040135,80.850149045,751.08188656,0.96946668238,2.2112009982,2.278794961,0.99966210483,392.04174433,4128.2153025,29.588103077,312.94503455,147.94051538,1564.7251728,254.56161116,3220.2573765,PASS
fs,125.0,2.97,band0,fs_125c_2.97v_band0,15874.444568,90806.38854,2170.0843288,12255.247659,7.3151279687,45.276331838,59.05031456,73.864415134,594.14179526,680.03484749,771.20297626,11.516193479,126.22420934,1228.4122667,9.7319862262,1.807331417,2.9058530364,4.0638967587,16.86139228,23.120415623,29.701557013,7.9564986024,3.1754969285,24.008884191,0.53115979411,0.7227978837,2.1501604199,1.923680775,14.529265182,115.60207811,32.94069325,265.55357946,164.70346625,1327.7678973,290.92767559,2556.180164,PASS
fs,125.0,2.97,band7,fs_125c_2.97v_band7,15874.444568,90806.38854,2170.0843288,12255.247659,7.3151279687,159.50858327,244.51609638,335.0264269,1627.6776799,1988.6849514,2255.351637,8.1331453466,126.22420933,1228.4122667,9.7319862273,53.53966652,86.689158598,121.84669019,506.34485395,680.41046547,786.44477245,7.8488530339,87.501334121,474.74169629,0.97628252415,2.2141716544,1.6206328354,0.65012854432,433.44579299,3402.0523273,32.940693274,265.55357942,164.70346637,1327.7678971,290.9276757,2556.1801639,PASS
fs,125.0,3.3,band0,fs_125c_3.30v_band0,15874.444568,90806.38854,2170.0843288,12255.247659,7.3151279687,46.133328597,59.990047684,74.89027825,708.54638048,794.8004186,890.82760302,13.248871259,128.70332585,1394.6874469,10.836452265,1.88055688,3.0071960531,4.1923088787,19.002423823,25.343702132,32.339748679,8.4276853535,3.3493708074,26.580060675,0.53254706112,0.73420451717,2.4764345454,2.2375270661,15.035980265,126.71851066,33.801610986,290.37883584,169.00805493,1451.8941792,297.71138078,2846.5816261,PASS
fs,125.0,3.3,band7,fs_125c_3.30v_band7,15874.444568,90806.38854,2170.0843288,12255.247659,7.3151279687,163.37893704,249.57149451,341.3545841,1898.4508041,2283.7177865,2629.0938758,9.1505553991,128.70332562,1394.6874468,10.836452284,55.066294887,88.777877885,124.52169485,569.64695593,751.12420222,908.35293881,8.4607136386,90.444204012,573.94606595,0.98129676025,2.3278329438,1.941419974,0.79804472565,443.88938942,3755.6210111,33.801610941,290.37883584,169.00805471,1451.8941792,297.71138033,2846.581626,PASS
fs,125.0,3.63,band0,fs_125c_3.63v_band0,15874.444568,90806.38854,2170.0843288,12255.247659,7.3151279687,47.066821251,61.006877365,75.992504866,827.83102973,914.34112094,1010.8567358,14.987508957,131.36063258,1564.8471586,11.912603707,1.9616115861,3.1172750941,4.3298590731,21.167076373,27.575861576,34.664428438,8.846143104,3.5440630093,29.202249623,0.53408462735,0.74510667867,2.8023746043,2.5518822659,15.58637547,137.87930788,34.716616836,315.0415645,173.58308418,1575.2078225,304.94371675,3140.0549811,PASS
fs,125.0,3.63,band7,fs_125c_3.63v_band7,15874.444568,90806.38854,2170.0843288,12255.247659,7.3151279687,167.53351322,254.81121644,347.71849864,2170.0702696,2578.9351033,2974.4166364,10.120963823,131.36063262,1564.8471587,11.912603704,56.695899766,90.93326407,127.20949257,632.77583603,818.26153606,1006.5007721,8.9984841568,93.411498321,672.70721968,0.98652921987,2.4343479202,2.2621732624,0.95842570931,454.66632035,4091.3076803,34.716616875,315.04156451,173.58308437,1575.2078226,304.94371699,3140.0549812,PASS
sf,-40.0,2.97,band0,sf_-40c_2.97v_band0,20529.46348,117318.4629,2222.4766245,12416.853785,9.2372010814,28.167947665,38.413766286,49.817827345,689.03997952,771.8466134,869.12469862,20.092968954,88.920154312,1281.9315685,14.416659287,1.3526329106,2.1401268731,3.0026929636,15.015426619,20.930467613,27.831053913,9.7800125202,2.430926207,22.137560366,0.84204806042,0.99046526611,2.1665144754,2.010635125,10.700634365,104.65233807,24.442909244,244.39611763,122.21454622,1221.9805882,211.13470053,2503.9121566,PASS
sf,-40.0,2.97,band7,sf_-40c_2.97v_band7,20529.46348,117318.4629,2222.4766245,12416.853785,9.2372010814,117.99431833,181.45868669,251.54973054,1708.8831268,2175.6495142,2641.1892444,11.989778797,88.920154263,1281.9315685,14.416659295,41.659122678,66.250953793,93.334908184,470.08671585,650.44216392,844.69899565,9.8178535807,68.174565811,616.67377162,1.1362515484,2.1115954508,1.8436682241,0.92571264458,331.25476897,3252.2108196,24.442909208,244.39611767,122.21454604,1221.9805884,211.1347003,2503.9121568,PASS
sf,-40.0,3.3,band0,sf_-40c_3.30v_band0,20529.46348,117318.4629,2222.4766245,12416.853785,9.2372010814,28.965480119,39.299287453,50.789344744,833.8029528,916.93823995,1014.6423626,23.332184866,91.389230059,1481.4201761,16.210008282,1.42926236,2.2460577247,3.1369769422,17.323714373,23.330201302,30.339613592,10.387177963,2.6188260662,24.977832711,0.84339547726,0.99992793661,2.4933838926,2.3278386211,11.230288623,116.65100651,25.31932431,270.9503007,126.59662155,1354.7515035,217.98585161,2836.1716796,PASS
sf,-40.0,3.3,band7,sf_-40c_3.30v_band7,20529.46348,117318.4629,2222.4766245,12416.853785,9.2372010814,121.92512174,186.54321955,257.78125711,2001.9979194,2481.2645528,3001.9584639,13.301285133,91.389230237,1481.4201761,16.21000825,43.229595009,68.368311633,95.995007661,538.50106189,722.05349015,928.52342721,10.561230384,71.088532053,697.05922578,1.1405324927,2.2101103348,2.1663918325,1.1610014754,341.84155817,3610.2674507,25.319324365,270.95030071,126.59662183,1354.7515035,217.98585206,2836.1716797,PASS
sf,-40.0,3.63,band0,sf_-40c_3.63v_band0,20529.46348,117318.4629,2222.4766245,12416.853785,9.2372010814,29.857154542,40.284751357,51.864069285,983.41843564,1066.8420558,1164.8867288,26.482528001,94.090207294,1684.7449513,17.905635451,1.5124644372,2.3600212691,3.28035655,19.642839775,25.730727422,32.833968259,10.902752343,2.8279321409,27.886904711,0.84484074864,1.0088274727,2.8200583827,2.6454859003,11.800106345,128.65363711,26.254700354,297.15271984,131.27350177,1485.7635992,225.36370907,3170.5085505,PASS
sf,-40.0,3.63,band7,sf_-40c_3.63v_band7,20529.46348,117318.4629,2222.4766245,12416.853785,9.2372010814,126.19535149,191.9737626,264.32225801,2297.3255275,2784.3377658,3333.3877011,14.503741179,94.090207294,1684.7449513,17.905635451,44.905018162,70.594870657,98.752112796,605.95521742,791.98385379,1003.8000687,11.218716692,74.140544005,772.73484119,1.1450521528,2.3054035452,2.4888291454,1.4054023176,352.97435328,3959.9192689,26.254700354,297.15271984,131.27350177,1485.7635992,225.36370907,3170.5085505,PASS
sf,27.0,2.97,band0,sf_27c_2.97v_band0,18187.950081,103985.86383,2191.0287503,12294.612156,8.3011006033,35.056777718,46.615626106,59.396772645,635.21961612,717.44677004,813.14816595,15.390692563,104.54526766,1233.9368187,11.802895017,1.5575068222,2.4533747718,3.4278077132,15.388982446,21.296596111,28.118205844,8.6805311428,2.7632354254,22.502589593,0.78050810104,0.94834038007,2.2338401931,2.0558021392,12.266873859,106.48298056,28.075489731,247.66368772,140.37744866,1238.3184386,244.92271632,2472.2552573,PASS
sf,27.0,2.97,band7,sf_27c_2.97v_band7,18187.950081,103985.86383,2191.0287503,12294.612156,8.3011006033,137.23518073,208.74822157,287.17623435,1662.8782814,2090.6720683,2433.4821977,10.015280861,104.54526762,1233.9368187,11.802895021,47.425046411,75.133952784,105.42697181,474.88154115,648.74348374,786.75170109,8.634491594,77.111415377,582.8611826,1.1472978503,2.2567957911,1.8377578815,0.86498103604,375.66976392,3243.7174187,28.075489717,247.66368771,140.37744859,1238.3184385,244.92271621,2472.2552573,PASS
sf,27.0,3.3,band0,sf_27c_3.30v_band0,18187.950081,103985.86383,2191.0287503,12294.612156,8.3011006033,35.882084861,47.523805817,60.387866229,765.5701973,848.09355849,944.21988853,17.845657433,107.0134636,1419.1193005,13.261128579,1.6322978453,2.5558355317,3.5571667238,17.682920339,23.671206069,30.593511469,9.2616311871,2.944041178,25.280490691,0.78188765048,0.95951937237,2.5605253094,2.3714949582,12.779177658,118.35603035,28.93999613,274.22114276,144.69998065,1371.1057138,251.71344425,2790.2250143,PASS
sf,27.0,3.3,band7,sf_27c_3.30v_band7,18187.950081,103985.86383,2191.0287503,12294.612156,8.3011006033,141.1552326,213.79018188,293.36895723,1942.6856292,2397.9272052,2827.6958755,11.216264396,107.01346348,1419.1193004,13.261128593,48.982088894,77.228170676,108.06873697,543.18486058,721.44042314,903.81042623,9.3416743764,80.00587529,676.76149558,1.1521011921,2.3708789075,2.1600399681,1.065468621,386.14085338,3607.2021157,28.939996128,274.22114273,144.69998064,1371.1057137,251.71344412,2790.2250141,PASS
sf,27.0,3.63,band0,sf_27c_3.63v_band0,18187.950081,103985.86383,2191.0287503,12294.612156,8.3011006033,36.816537377,48.545963011,61.496154303,900.82411512,983.59700549,1080.0430611,20.261149321,109.74386388,1608.5227105,14.657062852,1.7146951992,2.6673226019,3.696597374,19.999160465,26.057792327,33.064418777,9.7692691199,3.1480680232,28.134644324,0.78340664126,0.97012351603,2.886915464,2.6876294416,13.33661301,130.28896164,29.872378534,300.59217761,149.36189267,1502.9608881,259.10575655,3111.4835986,PASS
sf,27.0,3.63,band7,sf_27c_3.63v_band7,18187.950081,103985.86383,2191.0287503,12294.612156,8.3011006033,145.46711409,219.20123575,299.86424745,2225.3170245,2695.9234962,3181.4695975,12.298851724,109.74386394,1608.5227103,14.657062842,50.663839894,79.440849643,110.80499817,611.02925696,792.21101614,991.64278106,9.9723381573,83.028478864,759.88438175,1.1572263777,2.4806941532,2.4820060359,1.2867914375,397.20424821,3961.0550807,29.872378556,300.59217759,149.36189278,1502.9608879,259.10575672,3111.4835983,PASS
sf,125.0,2.97,band0,sf_125c_2.97v_band0,15874.444568,90806.38854,2170.0843288,12255.247659,7.3151279687,49.190775819,62.364157767,76.840298865,576.34263864,656.82695226,749.45597483,10.532122549,131.160465,1175.8796624,8.9651989445,1.885888441,2.9163705531,4.029676874,15.734937293,21.559643481,28.203796714,7.3926282991,3.2639102425,22.80366348,0.69603992085,0.88715753619,2.3327009036,2.1281346462,14.581852765,107.79821741,33.398076855,249.07097548,166.99038428,1245.3548774,298.15084928,2421.2345398,PASS
sf,125.0,2.97,band7,sf_125c_2.97v_band7,15874.444568,90806.38854,2170.0843288,12255.247659,7.3151279687,171.26195651,252.61227251,341.19301086,1593.3593618,1933.7602022,2154.2635355,7.6550524764,131.16046487,1175.8796623,8.9651989523,56.703546078,88.204122974,122.37512309,475.46274411,618.11189231,679.99444388,7.0077437592,90.314197179,513.75528482,1.174818628,2.4139012883,1.8285154371,0.86141921049,441.02061487,3090.5594616,33.398076836,249.07097548,166.99038418,1245.3548774,298.15084905,2421.2345397,PASS
sf,125.0,3.3,band0,sf_125c_3.30v_band0,15874.444568,90806.38854,2170.0843288,12255.247659,7.3151279687,50.169414778,63.419438591,77.975389792,690.02694705,770.77356169,863.84636609,12.15358538,133.80953625,1343.7808621,10.042489495,1.9621555323,3.0183861908,4.1570417952,17.987540275,23.881679492,30.619243217,7.9120688946,3.4429646618,25.49354782,0.69753641748,0.90046148911,2.6591043534,2.4419123339,15.091930954,119.40839746,34.28400465,275.2720415,171.42002325,1376.3602075,305.2295595,2720.1410696,PASS
sf,125.0,3.3,band7,sf_125c_3.30v_band7,15874.444568,90806.38854,2170.0843288,12255.247659,7.3151279687,175.46187404,257.90530003,347.66809517,1860.1558714,2249.0172084,2525.6295399,8.7203217931,133.80953667,1343.7808623,10.042489465,58.333511501,90.365461928,125.10313665,542.80071598,706.26640037,803.42100554,7.8156674607,93.307279744,614.71320856,1.1805310963,2.578610297,2.1499617852,1.0222505594,451.82730964,3531.3320018,34.284004784,275.27204155,171.42002392,1376.3602078,305.22956059,2720.1410701,PASS
sf,125.0,3.63,band0,sf_125c_3.63v_band0,15874.444568,90806.38854,2170.0843288,12255.247659,7.3151279687,51.262364978,64.591880572,79.230555911,808.556475,889.5117068,982.88600445,13.771261944,136.74360178,1516.1672606,11.087665097,2.0480322158,3.1313315283,4.2963160665,20.274743949,26.22758631,33.039658124,8.3758573862,3.6499619593,28.26862122,0.69923764419,0.91320600177,2.9850439576,2.7561167563,15.656657641,131.13793155,35.250428316,301.45507835,176.25214158,1507.2753917,312.99574336,3023.4426524,PASS
sf,125.0,3.63,band7,sf_125c_3.63v_band7,15874.444568,90806.38854,2170.0843288,12255.247659,7.3151279687,180.10423842,263.56704306,354.39566837,2128.2404058,2546.8980816,2896.578353,9.6631887355,136.74360188,1516.1672609,11.08766509,60.1144073,92.65124512,127.91009674,610.11161876,780.5102354,921.12091012,8.4241742719,96.408700148,709.41519909,1.1866725631,2.7133607858,2.4710933152,1.2033112269,463.2562256,3902.551177,35.250428334,301.4550784,176.25214167,1507.275392,312.99574355,3023.4426529,PASS
res_ff,-40.0,2.97,band0,res_ff_-40c_2.97v_band0,15419.428204,88011.177772,1805.7751331,9961.2768613,8.5389525642,38.943303326,52.811857845,68.067170226,785.12187023,890.3565083,1011.0366728,16.85902645,119.43510182,1529.9038099,12.809498939,1.7812869109,2.8449627241,3.9961324019,18.899865217,26.404119346,34.946875334,9.2810071368,3.1523882438,27.503694417,0.77473577466,0.92840585414,2.0630449691,1.8897099966,14.22481362,132.02059673,32.375179186,307.25468871,161.87589593,1536.2734436,281.31099774,3066.1772535,PASS
res_ff,-40.0,2.97,band7,res_ff_-40c_2.97v_band7,15419.428204,88011.177772,1805.7751331,9961.2768613,8.5389525642,156.09074319,241.43716447,334.58301962,2048.4126012,2567.0526459,3007.0015984,10.632384006,119.43510186,1529.90381,12.809498934,54.534332863,87.634627302,123.650882,587.50203722,811.38557831,1008.7269145,9.2587325729,88.953064552,687.43887695,1.0967335324,2.185615263,1.6830673296,0.69698192272,438.17313651,4056.9278916,32.375179202,307.25468874,161.87589601,1536.2734437,281.31099787,3066.1772537,PASS
res_ff,-40.0,3.3,band0,res_ff_-40c_3.30v_band0,15419.428204,88011.177772,1805.7751331,9961.2768613,8.5389525642,39.870337132,53.846815817,69.208411373,947.93785853,1053.603359,1175.0419803,19.566678976,122.39570364,1757.9378037,14.362741105,1.8766934513,2.9768211869,4.1629260874,21.635628274,29.253352873,37.944312451,9.8270440299,3.3820943894,30.837239013,0.77602781655,0.93800012643,2.3898105285,2.2056740239,14.884105934,146.26676436,33.447903784,338.77178259,167.23951892,1693.8589129,289.63522256,3451.7967167,PASS
res_ff,-40.0,3.3,band7,res_ff_-40c_3.30v_band7,15419.428204,88011.177772,1805.7751331,9961.2768613,8.5389525642,160.83317838,247.62022237,342.21929154,2390.7500263,2955.1435638,3477.6017316,11.934177005,122.3957038,1757.9378036,14.362741085,56.452834017,90.232080405,126.92636672,668.4410797,897.36161279,1137.5958581,9.9450395997,92.530408082,813.1087175,1.1012377757,2.2944786438,2.0048436976,0.87634927732,451.16040202,4486.808064,33.447903832,338.77178253,167.23951916,1693.8589127,289.63522296,3451.7967162,PASS
res_ff,-40.0,3.63,band0,res_ff_-40c_3.63v_band0,15419.428204,88011.177772,1805.7751331,9961.2768613,8.5389525642,40.886460953,54.973914863,70.443846435,1116.2345782,1222.2537071,1344.1521133,22.233339397,125.55571961,1990.2011584,15.851138958,1.9790810617,3.116789502,4.3385955673,24.384908786,32.100944444,40.907584085,10.299362348,3.6332007145,34.231740649,0.77739215002,0.94706646995,2.7164205281,2.5221381068,15.58394751,160.50472222,34.572268905,369.88499006,172.86134453,1849.4249503,298.41706413,3839.6261088,PASS
res_ff,-40.0,3.63,band7,res_ff_-40c_3.63v_band7,15419.428204,88011.177772,1805.7751331,9961.2768613,8.5389525642,165.86937682,254.04647998,350.00706435,2733.8637086,3328.2572672,3908.6607344,13.100977693,125.55571939,1990.2011585,15.851138986,58.465152675,92.906190386,130.24533219,748.45993763,981.0023972,1235.169478,10.559063859,96.176776502,922.8203702,1.1058844699,2.3997643566,2.3265322754,1.0818771592,464.53095193,4905.011986,34.572268822,369.88499011,172.86134411,1849.4249505,298.4170635,3839.6261091,PASS
res_ff,27.0,2.97,band0,res_ff_27c_2.97v_band0,13658.195993,78006.631306,1778.03851,9860.9052345,7.6816086468,50.963185163,66.546482001,83.60990762,719.94037972,823.49950828,941.60597565,12.374801545,143.63575752,1466.5273805,10.210043835,2.0821238413,3.2850080354,4.5807415852,19.273500469,26.696128588,35.092043115,8.1266554907,3.6174445182,27.807119476,0.71570665092,0.88890510457,2.1257028155,1.9303750762,16.425040177,133.48064294,37.48550577,309.33980336,187.42752885,1546.6990168,331.06328637,3013.2263973,PASS
res_ff,27.0,2.97,band7,res_ff_27c_2.97v_band7,13658.195993,78006.631306,1778.03851,9860.9052345,7.6816086468,186.57366799,282.31150796,386.24110128,1963.6671536,2409.5472586,2720.6279638,8.5350656655,143.63575758,1466.5273804,10.21004383,63.13971867,100.25670711,140.41931034,589.9882119,795.6847499,905.01517105,7.9364740056,101.48584903,609.3881871,1.1213243922,2.3338435447,1.6581796021,0.68404483789,501.28353557,3978.4237495,37.485505743,309.33980333,187.42752872,1546.6990167,331.06328629,3013.226397,PASS
res_ff,27.0,3.3,band0,res_ff_27c_3.30v_band0,13658.195993,78006.631306,1778.03851,9860.9052345,7.6816086468,51.98897518,67.674060706,84.840452908,865.24107476,969.21218715,1088.3527514,14.321767854,146.68470531,1677.5705532,11.436574452,2.176331833,3.4134020321,4.7422108684,21.997664729,29.522591879,38.077666559,8.649022764,3.8397721269,31.075032734,0.71703455308,0.90033995724,2.4523021496,2.2446553145,17.067010161,147.61295939,38.555561831,340.96533849,192.77780916,1704.8266925,339.46251446,3382.3972457,PASS
res_ff,27.0,3.3,band7,res_ff_27c_3.30v_band7,13658.195993,78006.631306,1778.03851,9860.9052345,7.6816086468,191.44170004,288.60238233,394.03018079,2299.8846597,2786.9677476,3183.0874628,9.6567731877,146.68470518,1677.5705534,11.436574463,65.076191308,102.86637001,143.72511633,671.07417984,888.59690211,1055.2677521,8.6383616142,105.11254187,733.49728354,1.1264373633,2.468136941,1.9793082568,0.83801013492,514.33185006,4442.9845105,38.555561784,340.96533854,192.77780892,1704.8266927,339.46251411,3382.3972461,PASS
res_ff,27.0,3.63,band0,res_ff_27c_3.63v_band0,13658.195993,78006.631306,1778.03851,9860.9052345,7.6816086468,53.101910762,68.890355438,86.160810394,1016.0397836,1120.3334021,1239.9408318,16.262558017,149.93237339,1893.0983288,12.62634804,2.2783559324,3.5505824494,4.9130422362,24.745737361,32.357428919,41.020449677,9.1132734926,4.0850462319,34.408986044,0.71846344388,0.91121368266,2.7786696785,2.5594565111,17.752912247,161.7871446,39.680813799,372.34616789,198.404069,1861.7308395,348.33644238,3754.8291683,PASS
res_ff,27.0,3.63,band7,res_ff_27c_3.63v_band7,13658.195993,78006.631306,1778.03851,9860.9052345,7.6816086468,196.6101537,295.10013395,401.88439928,2633.4178473,3157.7427737,3633.1601794,10.700580618,149.93237351,1893.0983288,12.62634803,67.114382674,105.5440472,147.04645079,751.70960724,974.42377484,1189.8334861,9.2323897059,108.77238892,854.0432172,1.131716019,2.5908140521,2.3004063871,1.0067428487,527.72023598,4872.1188742,39.680813851,372.34616789,198.40406925,1861.7308394,348.33644276,3754.8291682,PASS
res_ff,125.0,2.97,band0,res_ff_125c_2.97v_band0,11918.366095,68117.324074,1757.8470204,9825.9776843,6.7800928958,77.430781241,95.108354835,114.37688614,651.10908559,751.52339326,864.43189587,7.9017599933,188.4412973,1391.2038534,7.3826909142,2.601968152,3.9754669032,5.4483568741,19.561326607,26.807822279,34.880867308,6.7433141646,4.3567293169,27.97206086,0.63591305855,0.83071298065,2.2166237638,1.9969295742,19.877334516,134.0391114,45.426858893,308.37994326,227.13429447,1541.8997163,415.57559177,2933.1035697,PASS
res_ff,125.0,2.97,band7,res_ff_125c_2.97v_band7,11918.366095,68117.324074,1757.8470204,9825.9776843,6.7800928958,245.06343032,353.3087778,470.09759709,1838.9546971,2166.4050402,2395.3406765,6.1317611572,188.44129733,1391.2038533,7.3826909124,78.060650718,119.97776285,165.0421159,584.02229329,717.1056865,769.34197118,5.9769883143,121.04113868,516.05725619,1.1743930058,2.4402814287,1.6165840153,0.71435147653,599.88881423,3585.5284325,45.426858894,308.37994323,227.13429447,1541.8997162,415.5755918,2933.1035695,PASS
res_ff,125.0,3.3,band0,res_ff_125c_3.30v_band0,11918.366095,68117.324074,1757.8470204,9825.9776843,6.7800928958,78.807842439,96.579607467,115.94823594,777.27706374,878.08928382,992.93225248,9.0918704978,191.93709049,1583.1423281,8.2482355237,2.7008728809,4.1058415006,5.6098259424,22.244760067,29.582235777,37.86908226,7.2049142112,4.5801477224,31.146285602,0.63736741364,0.84448285195,2.5429497584,2.309061075,20.529207503,147.91117888,46.554114669,339.72550238,232.77057335,1698.6275119,424.70766383,3281.76984,PASS
res_ff,125.0,3.3,band7,res_ff_125c_3.30v_band7,11918.366095,68117.324074,1757.8470204,9825.9776843,6.7800928958,250.62427523,360.3013147,478.71737582,2156.1209673,2544.6591327,2806.5484137,7.06258631,191.93709038,1583.142328,8.2482355276,80.174212039,122.77027717,168.57901003,664.82020288,836.02052073,909.38806421,6.8096329178,124.95478758,631.40803811,1.180659478,2.6467482043,1.936381318,0.84464175863,613.85138584,4180.1026037,46.554114664,339.72550234,232.77057332,1698.6275117,424.7076637,3281.7698397,PASS
res_ff,125.0,3.63,band0,res_ff_125c_3.63v_band0,11918.366095,68117.324074,1757.8470204,9825.9776843,6.7800928958,80.217830433,98.082695723,117.55043767,908.90343136,1010.0075275,1125.3529758,10.297509872,195.56264741,1779.6075044,9.0999356371,2.8090225888,4.2461215042,5.7813883592,24.964659615,32.376929156,40.765282737,7.6250595101,4.8303416182,34.394034984,0.63895867208,0.85768229988,2.8689241435,2.6217273607,21.230607521,161.88464578,47.735825916,371.00019238,238.67912958,1855.0009619,434.24177699,3634.6084663,PASS
res_ff,125.0,3.63,band7,res_ff_125c_3.63v_band7,11918.366095,68117.324074,1757.8470204,9825.9776843,6.7800928958,256.40095768,367.3424125,487.14809396,2478.189548,2914.2007327,3223.2536209,7.9331997437,195.56264754,1779.6075043,9.0999356304,82.382824496,125.59423443,172.06016291,745.2520009,942.22093325,1047.5657319,7.5021034011,128.82409771,747.33383402,1.1870573365,2.8260292873,2.2563458385,0.98712001511,627.97117213,4711.1046662,47.735825932,371.00019238,238.67912966,1855.0009619,434.2417772,3634.6084663,PASS
res_ss,-40.0,2.97,band0,res_ss_-40c_2.97v_band0,25639.498756,146625.74804,2639.1781159,14872.430708,9.7149558042,21.06212626,29.556828316,38.837442558,637.94018588,711.44069169,794.94089206,24.070265053,69.699541083,1160.0196394,16.643146014,1.0626758122,1.7295806973,2.4444435125,13.271999634,18.559353885,24.520807385,10.730551002,1.9461893395,19.49670003,0.75116906017,0.8954839016,2.0867688641,1.9294257995,8.6479034866,92.796769424,19.571664198,215.75138518,97.858320989,1078.7569259,167.55786207,2238.7765653,PASS
res_ss,-40.0,2.97,band7,res_ss_-40c_2.97v_band7,25639.498756,146625.74804,2639.1781159,14872.430708,9.7149558042,90.420424306,143.24859945,200.47400698,1532.9795864,1953.2423742,2378.8596513,13.635333132,69.699541129,1160.0196394,16.643146004,32.361067984,52.932391868,75.143405289,414.03651278,577.1044093,756.4396091,10.90267016,54.295564416,546.93965029,1.0122036985,1.869308081,1.7864492076,0.8847166213,264.66195934,2885.5220465,19.5716642,215.75138522,97.858320998,1078.7569261,167.55786213,2238.7765655,PASS
res_ss,-40.0,3.3,band0,res_ss_-40c_3.30v_band0,25639.498756,146625.74804,2639.1781159,14872.430708,9.7149558042,21.718552734,30.292132067,39.648739341,767.61552515,841.4150753,925.32743867,27.776687143,71.780871606,1332.8137876,18.567812813,1.1264121227,1.8201705627,2.5604582499,15.117642056,20.490856525,26.552954793,11.257657356,2.1054121166,21.81686706,0.75249986188,0.90326743548,2.4135422138,2.2479110329,9.1008528136,102.45428263,20.319037477,236.76617556,101.59518738,1183.8308778,173.37605899,2516.6446654,PASS
res_ss,-40.0,3.3,band7,res_ss_-40c_3.30v_band7,25639.498756,146625.74804,2639.1781159,14872.430708,9.7149558042,93.675975949,147.54032001,205.76642394,1779.1582435,2209.6526229,2675.1448226,14.976601804,71.780871606,1332.8137876,18.567812814,33.66606939,54.72735017,77.410019146,467.87979808,633.45286797,817.14496011,11.5747038,56.777482239,611.48210284,1.0159602359,1.9425085343,2.1092774087,1.1334574664,273.63675085,3167.2643398,20.319037469,236.76617555,101.59518735,1183.8308777,173.37605895,2516.6446653,PASS
res_ss,-40.0,3.63,band0,res_ss_-40c_3.63v_band0,25639.498756,146625.74804,2639.1781159,14872.430708,9.7149558042,22.450756195,31.106629464,40.542388461,900.2554008,974.3136269,1058.5371858,31.32173571,74.039244768,1507.2252138,20.357112211,1.1954577062,1.9172109473,2.6838584573,16.953424376,22.403619049,28.552040701,11.685526353,2.2812557336,24.171206604,0.75391153993,0.91051867279,2.7401620043,2.5668669971,9.5860547367,112.01809524,21.111460925,257.25421475,105.55730463,1286.2710738,179.59654939,2793.4962875,PASS
res_ss,-40.0,3.63,band7,res_ss_-40c_3.63v_band7,25639.498756,146625.74804,2639.1781159,14872.430708,9.7149558042,97.195024562,152.09432915,211.29916912,2024.7231585,2461.5727233,2945.4125116,16.1845135,74.039244995,1507.2252137,20.357112148,35.053239693,56.605391833,79.753001007,520.32823104,687.93921882,874.77495714,12.153245416,59.366174535,671.33964827,1.0198923266,2.0124574034,2.4318812321,1.3910439636,283.02695917,3439.6960941,21.111460947,257.25421472,105.55730473,1286.2710736,179.59654973,2793.4962873,PASS
res_ss,27.0,2.97,band0,res_ss_27c_2.97v_band0,22717.70417,129965.09636,2604.0189907,14728.319078,8.7240931235,25.311336922,34.888109252,45.306725608,593.14164893,666.01407273,748.40097541,19.090001924,80.673189766,1122.4329647,13.91333314,1.2100322433,1.9677102623,2.7762481674,13.683040039,18.956785448,24.869499993,9.6339312811,2.1998518012,19.904047205,0.68694063041,0.85055728606,2.156288533,1.9750787546,9.8385513114,94.78392724,22.338966787,219.73768242,111.69483393,1098.6884121,192.3680237,2221.1213768,PASS
res_ss,27.0,2.97,band7,res_ss_27c_2.97v_band7,22717.70417,129965.09636,2604.0189907,14728.319078,8.7240931235,103.40918818,162.91581656,227.0895647,1501.9619456,1892.7188993,2261.3560137,11.617772536,80.673189709,1122.4329647,13.91333315,36.450870316,59.624270875,84.52919206,421.52541369,580.59036442,750.09124143,9.7374836773,61.030609746,523.93274379,1.0090568611,1.9976887443,1.788767934,0.81827928771,298.12135438,2902.9518221,22.338966764,219.73768239,111.69483382,1098.6884119,192.36802353,2221.1213766,PASS
res_ss,27.0,3.3,band0,res_ss_27c_3.30v_band0,22717.70417,129965.09636,2604.0189907,14728.319078,8.7240931235,25.959761711,35.610939878,46.102669603,712.53552768,785.67883368,868.50395996,22.062850247,82.701961401,1285.8642557,15.548171215,1.2712613486,2.0542549617,2.88687521,15.54708428,20.896119201,26.903632623,10.172115726,2.3514034311,22.1983847,0.68828920652,0.85987635952,2.4828884752,2.2920715616,10.271274808,104.48059601,23.064753171,241.14571804,115.32376586,1205.7285902,198.02572726,2491.5928459,PASS
res_ss,27.0,3.3,band7,res_ss_27c_3.30v_band7,22717.70417,129965.09636,2604.0189907,14728.319078,8.7240931235,106.57339889,167.0792591,232.24490139,1741.2349465,2154.903806,2563.6553801,12.897494384,82.701961372,1285.8642558,15.548171222,37.718036669,61.367745928,86.742199367,476.36978299,638.18459209,814.83230817,10.399348753,63.45408576,601.93285693,1.0132054423,2.0832488065,2.1112741055,1.0337013011,306.83872964,3190.9229604,23.064753156,241.14571806,115.32376578,1205.7285903,198.02572715,2491.5928461,PASS
res_ss,27.0,3.63,band0,res_ss_27c_3.63v_band0,22717.70417,129965.09636,2604.0189907,14728.319078,8.7240931235,26.694803791,36.423257739,46.991352536,836.0479354,909.41699181,992.53524895,24.968029997,84.932345224,1452.5619678,17.102576927,1.338568012,2.1480167272,3.0056670965,17.42025492,22.835406075,28.920143285,10.630925628,2.5208831609,24.543261512,0.68975995358,0.86868146699,2.809240268,2.609499834,10.740083636,114.17703037,23.842973646,262.27252071,119.21486823,1311.3626035,204.14721345,2763.9245713,PASS
res_ss,27.0,3.63,band7,res_ss_27c_3.63v_band7,22717.70417,129965.09636,2604.0189907,14728.319078,8.7240931235,110.04464085,171.52935175,237.64498897,1982.0468983,2407.0015673,2853.3157728,14.032592922,84.932345409,1452.5619679,17.102576891,39.083731076,63.204031468,89.033858649,530.52528297,694.49714709,875.12122443,10.988177984,65.980391584,668.32539457,1.01760654,2.1658485864,2.4335121024,1.2713174354,316.02015734,3472.4857354,23.842973682,262.27252075,119.21486841,1311.3626038,204.14721382,2763.9245717,PASS
res_ss,125.0,2.97,band0,res_ss_125c_2.97v_band0,19830.52304,113495.45301,2582.3216371,14684.517633,7.6793389157,33.209283861,44.12813142,55.956405866,540.45382366,611.79478534,691.7872449,13.864053737,97.751327293,1072.9171051,10.975985031,1.4303312685,2.302767089,3.229244796,14.07236788,19.275698066,25.056516999,8.3706676885,2.5630049088,20.266840645,0.59763355767,0.78574223305,2.2588935243,2.0478485106,11.513835445,96.378490331,26.197287859,222.25009958,130.9864393,1111.2504979,228.73776659,2184.167603,PASS
res_ss,125.0,2.97,band7,res_ss_125c_2.97v_band7,19830.52304,113495.45301,2582.3216371,14684.517633,7.6793389157,124.34462881,192.13349611,264.87498676,1448.6538149,1786.5851973,2070.3051977,9.2986659457,97.751327411,1072.9171052,10.975985018,42.564126211,68.963223766,97.179849229,425.86355858,576.15007851,697.69720395,8.354453969,70.480111702,472.40498039,1.0116840332,2.1714803695,1.7940189028,0.79777729932,344.81611883,2880.7503925,26.197287888,222.25009959,130.98643944,1111.2504979,228.73776685,2184.1676031,PASS
res_ss,125.0,3.3,band0,res_ss_125c_3.30v_band0,19830.52304,113495.45301,2582.3216371,14684.517633,7.6793389157,33.917317219,44.905494249,56.804173641,645.42416089,717.00674746,797.53547099,15.967016051,99.827536999,1222.1860756,12.242975359,1.4909252215,2.3869898582,3.3361841361,15.930151163,21.198066106,27.072704555,8.8806686937,2.709978336,22.511975624,0.5990766267,0.79694967515,2.5852343704,2.362954305,11.934949291,105.99033053,26.921045269,243.72215271,134.60522634,1218.6107636,234.43276334,2440.7968392,PASS
res_ss,125.0,3.3,band7,res_ss_125c_3.30v_band7,19830.52304,113495.45301,2582.3216371,14684.517633,7.6793389157,127.57720842,196.33012556,270.07180687,1679.1433104,2044.1981031,2387.5078156,10.412045005,99.827536629,1222.1860754,12.242975402,43.84216586,70.706580002,99.399428724,480.82017264,635.00494786,791.25828791,8.9808465894,72.91261065,557.9453905,1.0164803998,2.2742232577,2.1159233354,0.97625063201,353.53290001,3175.0247393,26.921045169,243.72215267,134.60522585,1218.6107633,234.43276247,2440.7968387,PASS
res_ss,125.0,3.63,band0,res_ss_125c_3.63v_band0,19830.52304,113495.45301,2582.3216371,14684.517633,7.6793389157,34.72934873,45.788700662,57.761054789,754.72718496,826.5013221,907.3104998,18.050333601,102.14564317,1375.278713,13.463899882,1.5593423344,2.4801907319,3.4530680466,17.810907593,23.133912758,29.07681482,9.3274732706,2.8785661481,24.8193065,0.60071472269,0.80766122484,2.9111559649,2.6784734431,12.40095366,115.66956379,27.710702627,265.09447531,138.55351313,1325.4723765,240.6991563,2700.7510895,PASS
res_ss,125.0,3.63,band7,res_ss_125c_3.63v_band7,19830.52304,113495.45301,2582.3216371,14684.517633,7.6793389157,131.19036891,200.85369916,275.52082755,1909.6344089,2299.0275227,2674.9492549,11.446279219,102.14564313,1375.278713,13.463899887,45.247771642,72.559215119,101.70065998,535.60698563,692.43285756,860.27664904,9.5430036891,75.446953886,638.66552554,1.0216586928,2.3730680474,2.437500455,1.171711438,362.79607559,3462.1642878,27.710702551,265.0944753,138.55351276,1325.4723765,240.69915588,2700.7510895,PASS
moscap_ff,-40.0,2.97,band0,moscap_ff_-40c_2.97v_band0,20529.46348,117318.4629,2222.4766245,12416.853785,9.2372010814,27.288111728,37.814643377,49.348081373,703.69893773,790.19897618,888.87924405,20.896639651,87.814021162,1317.4139787,15.002319234,1.3284524343,2.1462835802,3.0264701953,15.587546665,21.785015489,28.802893965,10.150110493,2.3990591522,22.795855514,0.76111803293,0.90982599088,2.0768166426,1.9122375732,10.731417901,108.92507745,24.341931623,253.42212246,121.70965812,1267.1106123,209.52367928,2584.524591,PASS
moscap_ff,-40.0,2.97,band7,moscap_ff_-40c_2.97v_band7,20529.46348,117318.4629,2222.4766245,12416.853785,9.2372010814,114.25508607,179.41342114,250.22676468,1752.7880173,2227.0122751,2675.2929704,12.412740703,87.814021037,1317.4139789,15.002319257,40.536626027,65.864256861,93.303611136,485.78699686,674.93529608,878.96678624,10.247368273,67.251958074,619.15376031,1.0457595975,2.0024296035,1.7451401137,0.78687346878,329.3212843,3374.6764804,24.341931596,253.42212248,121.70965798,1267.1106124,209.52367902,2584.5245913,PASS
moscap_ff,-40.0,3.3,band0,moscap_ff_-40c_3.30v_band0,20529.46348,117318.4629,2222.4766245,12416.853785,9.2372010814,28.040140731,38.657187496,50.278540507,849.23988818,936.08891196,1035.2933592,24.215132362,90.227209913,1515.1567511,16.792680972,1.4044160688,2.25297965,3.1623882455,17.801949621,24.096337135,31.232185883,10.695319479,2.5859316715,25.537180665,0.76242897374,0.9183950953,2.4035933389,2.22962418,11.26489825,120.48168568,25.215588908,278.77158987,126.07794454,1393.8579493,216.30515446,2909.0147004,PASS
moscap_ff,-40.0,3.3,band7,moscap_ff_-40c_3.30v_band7,20529.46348,117318.4629,2222.4766245,12416.853785,9.2372010814,118.07200999,184.42362436,256.40866755,2040.0334651,2536.0691641,3038.9053893,13.751324825,90.227210027,1515.1567511,16.792680951,42.076879737,67.968374196,95.958269685,550.84384557,743.21135227,955.21611179,10.934664262,70.153996171,705.84906505,1.0498024159,2.0898441392,2.0675509526,1.0109179382,339.84187098,3716.0567613,25.21558895,278.77158987,126.07794475,1393.8579493,216.30515478,2909.0147004,PASS
moscap_ff,-40.0,3.63,band0,moscap_ff_-40c_3.63v_band0,20529.46348,117318.4629,2222.4766245,12416.853785,9.2372010814,28.874561457,39.585508716,51.297672334,999.40634597,1086.5508652,1186.1218375,27.448197596,92.830180979,1716.3265439,18.488885035,1.4863973812,2.3668563758,3.3063897771,20.020348192,26.40027586,33.633968995,11.154152035,2.7914354064,28.328729764,0.76381777993,0.92644994606,2.7302149885,2.5474720566,11.834281879,132.0013793,26.13786925,303.69268857,130.68934625,1518.4634428,223.51952723,3234.7899868,PASS
moscap_ff,-40.0,3.63,band7,moscap_ff_-40c_3.63v_band7,20529.46348,117318.4629,2222.4766245,12416.853785,9.2372010814,122.17098048,189.69822121,262.80958016,2328.6131772,2835.4467536,3381.5145099,14.947144657,92.830181099,1716.3265438,18.48888501,43.705966153,70.156365569,98.681286772,614.82429535,809.73258112,1026.3941575,11.541826241,73.153258867,781.40375241,1.0540122296,2.1742402568,2.3897847002,1.2528874674,350.78182784,4048.6629056,26.137869328,303.69268854,130.68934664,1518.4634427,223.51952774,3234.7899865,PASS
moscap_ff,27.0,2.97,band0,moscap_ff_27c_2.97v_band0,18187.950081,103985.86383,2191.0287503,12294.612156,8.3011006033,33.874135269,45.726585161,58.655289645,648.56668446,734.05815097,831.12343163,16.053202932,103.03845524,1267.712845,12.303298239,1.5269019551,2.4544439627,3.4480736124,15.991349513,22.150992599,29.087048032,9.0248516306,2.7261995221,23.172295762,0.69899889456,0.86726794189,2.1435252732,1.9556666334,12.272219814,110.754963,27.921897293,256.79116449,139.60948646,1283.9558224,242.64794171,2551.6686674,PASS
moscap_ff,27.0,2.97,band7,moscap_ff_27c_2.97v_band7,18187.950081,103985.86383,2191.0287503,12294.612156,8.3011006033,132.78451257,206.07095755,285.3307997,1703.5840836,2123.1168877,2492.110553,10.302843801,103.03845529,1267.7128451,12.303298235,46.116382727,74.601013327,105.30407046,491.6691791,674.14992714,841.27855952,9.0367395439,75.999001504,568.32395047,1.0532045693,2.1448848366,1.7370417947,0.74791703836,373.00506663,3370.7496357,27.921897312,256.79116454,139.60948656,1283.9558227,242.64794185,2551.6686678,PASS
moscap_ff,27.0,3.3,band0,moscap_ff_27c_3.30v_band0,18187.950081,103985.86383,2191.0287503,12294.612156,8.3011006033,34.648928448,46.58677537,59.600281657,779.64496562,865.4586903,963.12878206,18.577346971,105.4372725,1451.6631722,13.768026598,1.6005852359,2.5570508217,3.578356087,18.209294322,24.454864699,31.506552786,9.5636991222,2.9051270367,25.868412756,0.70033240564,0.87748938656,2.4701339729,2.2714990227,12.785254109,122.2743235,28.778313303,282.38747952,143.89156652,1411.9373976,249.32883901,2863.6005698,PASS
moscap_ff,27.0,3.3,band7,moscap_ff_27c_3.30v_band7,18187.950081,103985.86383,2191.0287503,12294.612156,8.3011006033,136.56719152,211.01452456,291.45251829,1981.0557169,2436.4451484,2866.0249748,11.546338592,105.43727229,1451.6631724,13.768026628,47.632595243,76.669561694,107.92715747,557.29005475,743.7211519,941.15446466,9.7003443801,78.87122519,670.55890405,1.0577145829,2.2464481208,2.0590223098,0.93049037481,383.34780847,3718.6057595,28.778313251,282.38747956,143.89156625,1411.9373978,249.32883854,2863.6005703,PASS
moscap_ff,27.0,3.63,band0,moscap_ff_27c_3.63v_band0,18187.950081,103985.86383,2191.0287503,12294.612156,8.3011006033,35.515792551,47.541554241,60.642526532,915.56814027,1001.6444857,1099.6699434,21.068820775,108.0463338,1639.598711,15.174959235,1.681127717,2.6676291691,3.7174615155,20.443778852,26.763705062,33.904451062,10.032768187,3.1041479716,28.623474316,0.70178040968,0.88718347788,2.7964999466,2.5877935654,13.338145846,133.81852531,29.690080091,307.73412642,148.45040046,1538.6706321,256.49673426,3178.2693431,PASS
moscap_ff,27.0,3.63,band7,moscap_ff_27c_3.63v_band7,18187.950081,103985.86383,2191.0287503,12294.612156,8.3011006033,140.66961653,216.23261934,297.77373535,2259.3911418,2740.6238702,3210.9251266,12.674423862,108.0463338,1639.5987113,15.174959238,49.252799699,78.827070154,110.6121823,622.3656405,811.67861044,1018.0865664,10.296952669,81.82732801,761.95689863,1.0624521612,2.3446413827,2.3808157594,1.1360923361,394.13535077,4058.3930522,29.690080084,307.73412649,148.45040042,1538.6706324,256.49673422,3178.2693437,PASS
moscap_ff,125.0,2.97,band0,moscap_ff_125c_2.97v_band0,15874.444568,90806.38854,2170.0843288,12255.247659,7.3151279687,47.105715253,60.592806203,75.239651224,588.38214043,671.74253105,765.48436316,11.086176283,128.49435647,1207.4374872,9.3968133725,1.8416660206,2.9062366291,4.0411923479,16.351563813,22.402054522,29.143845128,7.7082692776,3.213374983,23.471236386,0.61346550886,0.80536722389,2.2414814814,2.0256199247,14.531183146,112.01027261,33.120254584,258.11559737,165.60127292,1290.5779868,294.0956294,2498.015474,PASS
moscap_ff,125.0,2.97,band7,moscap_ff_125c_2.97v_band7,15874.444568,90806.38854,2170.0843288,12255.247659,7.3151279687,164.97520838,248.23148775,337.78672507,1620.5973368,1975.5944848,2220.2506853,7.9586780175,128.49435649,1207.4374871,9.3968133705,54.982372626,87.327959195,121.98752338,492.81555151,654.46600416,736.80119562,7.4943467155,88.776269889,498.69185286,1.0743491091,2.3210546017,1.7250155597,0.74732016169,436.63979597,3272.3300208,33.120254572,258.11559731,165.60127286,1290.5779865,294.09562935,2498.0154737,PASS
moscap_ff,125.0,3.3,band0,moscap_ff_125c_3.30v_band0,15874.444568,90806.38854,2170.0843288,12255.247659,7.3151279687,48.016526794,61.58298294,76.31173753,702.69770496,786.35328468,880.97404868,12.76900285,131.04294525,1374.7023475,10.490471996,1.9160404401,3.0074737269,4.1685009844,18.549074542,24.67424411,31.542655176,8.2043091147,3.3889591684,26.09938608,0.61489956629,0.81765837164,2.5678331485,2.3394642012,15.037368635,123.37122055,33.989553588,283.63181296,169.94776794,1418.1590648,300.99071319,2792.8614123,PASS
moscap_ff,125.0,3.3,band7,moscap_ff_125c_3.30v_band7,15874.444568,90806.38854,2170.0843288,12255.247659,7.3151279687,168.98555138,253.37722836,344.14984398,1890.2035268,2278.2882159,2592.09294,8.9916849697,131.04294523,1374.7023473,10.490471997,56.552010563,89.443102921,124.67579508,558.17758894,732.01538533,860.33022541,8.1841456906,91.729998005,598.19514455,1.0796647786,2.4544903662,2.0461751991,0.90366944135,447.21551461,3660.0769266,33.989553573,283.63181293,169.94776786,1418.1590646,300.99071309,2792.861412,PASS
moscap_ff,125.0,3.63,band0,moscap_ff_125c_3.63v_band0,15874.444568,90806.38854,2170.0843288,12255.247659,7.3151279687,49.020902301,62.667646047,77.480347124,821.88331241,905.76751944,1000.7432406,14.453511127,133.81619853,1546.2520019,11.555043551,1.9990296769,3.1183504738,4.3061895516,20.775638291,26.963640363,33.912627813,8.6467639187,3.5885424126,28.795704052,0.6165070021,0.82942716534,2.8937903875,2.6537669021,15.591752369,134.81820182,34.924273013,309.07095625,174.62136507,1545.3547812,308.4375636,3091.6067831,PASS
moscap_ff,125.0,3.63,band7,moscap_ff_125c_3.63v_band7,15874.444568,90806.38854,2170.0843288,12255.247659,7.3151279687,173.35218499,258.78734363,350.65185514,2159.796006,2574.4748902,2954.9862047,9.9482256518,133.81619832,1546.2520019,11.55504357,58.246488592,91.649481468,127.40774523,623.46259029,801.96716448,971.62979237,8.7503731787,94.745234234,695.10970889,1.0852863861,2.5724088529,2.3671712015,1.0750082767,458.24740734,4009.8358224,34.924272966,309.07095625,174.62136483,1545.3547813,308.43756315,3091.6067832,PASS
moscap_ss,-40.0,2.97,band0,moscap_ss_-40c_2.97v_band0,20529.46348,117318.4629,2222.4766245,12416.853785,9.2372010814,27.288111728,37.814643377,49.348081373,703.69893773,790.19897618,888.87924405,20.896639651,87.814021162,1317.4139787,15.002319234,1.3284524343,2.1462835802,3.0264701953,15.587546665,21.785015489,28.802893965,10.150110493,2.3990591522,22.795855514,0.76111803293,0.90982599088,2.0768166426,1.9122375732,10.731417901,108.92507745,24.341931623,253.42212246,121.70965812,1267.1106123,209.52367928,2584.524591,PASS
moscap_ss,-40.0,2.97,band7,moscap_ss_-40c_2.97v_band7,20529.46348,117318.4629,2222.4766245,12416.853785,9.2372010814,114.25508607,179.41342114,250.22676468,1752.7880173,2227.0122751,2675.2929704,12.412740703,87.814021037,1317.4139789,15.002319257,40.536626027,65.864256861,93.303611136,485.78699686,674.93529608,878.96678624,10.247368273,67.251958074,619.15376031,1.0457595975,2.0024296035,1.7451401137,0.78687346878,329.3212843,3374.6764804,24.341931596,253.42212248,121.70965798,1267.1106124,209.52367902,2584.5245913,PASS
moscap_ss,-40.0,3.3,band0,moscap_ss_-40c_3.30v_band0,20529.46348,117318.4629,2222.4766245,12416.853785,9.2372010814,28.040140731,38.657187496,50.278540507,849.23988818,936.08891196,1035.2933592,24.215132362,90.227209913,1515.1567511,16.792680972,1.4044160688,2.25297965,3.1623882455,17.801949621,24.096337135,31.232185883,10.695319479,2.5859316715,25.537180665,0.76242897374,0.9183950953,2.4035933389,2.22962418,11.26489825,120.48168568,25.215588908,278.77158987,126.07794454,1393.8579493,216.30515446,2909.0147004,PASS
moscap_ss,-40.0,3.3,band7,moscap_ss_-40c_3.30v_band7,20529.46348,117318.4629,2222.4766245,12416.853785,9.2372010814,118.07200999,184.42362436,256.40866755,2040.0334651,2536.0691641,3038.9053893,13.751324825,90.227210027,1515.1567511,16.792680951,42.076879737,67.968374196,95.958269685,550.84384557,743.21135227,955.21611179,10.934664262,70.153996171,705.84906505,1.0498024159,2.0898441392,2.0675509526,1.0109179382,339.84187098,3716.0567613,25.21558895,278.77158987,126.07794475,1393.8579493,216.30515478,2909.0147004,PASS
moscap_ss,-40.0,3.63,band0,moscap_ss_-40c_3.63v_band0,20529.46348,117318.4629,2222.4766245,12416.853785,9.2372010814,28.874561457,39.585508716,51.297672334,999.40634597,1086.5508652,1186.1218375,27.448197596,92.830180979,1716.3265439,18.488885035,1.4863973812,2.3668563758,3.3063897771,20.020348192,26.40027586,33.633968995,11.154152035,2.7914354064,28.328729764,0.76381777993,0.92644994606,2.7302149885,2.5474720566,11.834281879,132.0013793,26.13786925,303.69268857,130.68934625,1518.4634428,223.51952723,3234.7899868,PASS
moscap_ss,-40.0,3.63,band7,moscap_ss_-40c_3.63v_band7,20529.46348,117318.4629,2222.4766245,12416.853785,9.2372010814,122.17098048,189.69822121,262.80958016,2328.6131772,2835.4467536,3381.5145099,14.947144657,92.830181099,1716.3265438,18.48888501,43.705966153,70.156365569,98.681286772,614.82429535,809.73258112,1026.3941575,11.541826241,73.153258867,781.40375241,1.0540122296,2.1742402568,2.3897847002,1.2528874674,350.78182784,4048.6629056,26.137869328,303.69268854,130.68934664,1518.4634427,223.51952774,3234.7899865,PASS
moscap_ss,27.0,2.97,band0,moscap_ss_27c_2.97v_band0,18187.950081,103985.86383,2191.0287503,12294.612156,8.3011006033,33.874135269,45.726585161,58.655289645,648.56668446,734.05815097,831.12343163,16.053202932,103.03845524,1267.712845,12.303298239,1.5269019551,2.4544439627,3.4480736124,15.991349513,22.150992599,29.087048032,9.0248516306,2.7261995221,23.172295762,0.69899889456,0.86726794189,2.1435252732,1.9556666334,12.272219814,110.754963,27.921897293,256.79116449,139.60948646,1283.9558224,242.64794171,2551.6686674,PASS
moscap_ss,27.0,2.97,band7,moscap_ss_27c_2.97v_band7,18187.950081,103985.86383,2191.0287503,12294.612156,8.3011006033,132.78451257,206.07095755,285.3307997,1703.5840836,2123.1168877,2492.110553,10.302843801,103.03845529,1267.7128451,12.303298235,46.116382727,74.601013327,105.30407046,491.6691791,674.14992714,841.27855952,9.0367395439,75.999001504,568.32395047,1.0532045693,2.1448848366,1.7370417947,0.74791703836,373.00506663,3370.7496357,27.921897312,256.79116454,139.60948656,1283.9558227,242.64794185,2551.6686678,PASS
moscap_ss,27.0,3.3,band0,moscap_ss_27c_3.30v_band0,18187.950081,103985.86383,2191.0287503,12294.612156,8.3011006033,34.648928448,46.58677537,59.600281657,779.64496562,865.4586903,963.12878206,18.577346971,105.4372725,1451.6631722,13.768026598,1.6005852359,2.5570508217,3.578356087,18.209294322,24.454864699,31.506552786,9.5636991222,2.9051270367,25.868412756,0.70033240564,0.87748938656,2.4701339729,2.2714990227,12.785254109,122.2743235,28.778313303,282.38747952,143.89156652,1411.9373976,249.32883901,2863.6005698,PASS
moscap_ss,27.0,3.3,band7,moscap_ss_27c_3.30v_band7,18187.950081,103985.86383,2191.0287503,12294.612156,8.3011006033,136.56719152,211.01452456,291.45251829,1981.0557169,2436.4451484,2866.0249748,11.546338592,105.43727229,1451.6631724,13.768026628,47.632595243,76.669561694,107.92715747,557.29005475,743.7211519,941.15446466,9.7003443801,78.87122519,670.55890405,1.0577145829,2.2464481208,2.0590223098,0.93049037481,383.34780847,3718.6057595,28.778313251,282.38747956,143.89156625,1411.9373978,249.32883854,2863.6005703,PASS
moscap_ss,27.0,3.63,band0,moscap_ss_27c_3.63v_band0,18187.950081,103985.86383,2191.0287503,12294.612156,8.3011006033,35.515792551,47.541554241,60.642526532,915.56814027,1001.6444857,1099.6699434,21.068820775,108.0463338,1639.598711,15.174959235,1.681127717,2.6676291691,3.7174615155,20.443778852,26.763705062,33.904451062,10.032768187,3.1041479716,28.623474316,0.70178040968,0.88718347788,2.7964999466,2.5877935654,13.338145846,133.81852531,29.690080091,307.73412642,148.45040046,1538.6706321,256.49673426,3178.2693431,PASS
moscap_ss,27.0,3.63,band7,moscap_ss_27c_3.63v_band7,18187.950081,103985.86383,2191.0287503,12294.612156,8.3011006033,140.66961653,216.23261934,297.77373535,2259.3911418,2740.6238702,3210.9251266,12.674423862,108.0463338,1639.5987113,15.174959238,49.252799699,78.827070154,110.6121823,622.3656405,811.67861044,1018.0865664,10.296952669,81.82732801,761.95689863,1.0624521612,2.3446413827,2.3808157594,1.1360923361,394.13535077,4058.3930522,29.690080084,307.73412649,148.45040042,1538.6706324,256.49673422,3178.2693437,PASS
moscap_ss,125.0,2.97,band0,moscap_ss_125c_2.97v_band0,15874.444568,90806.38854,2170.0843288,12255.247659,7.3151279687,47.105715253,60.592806203,75.239651224,588.38214043,671.74253105,765.48436316,11.086176283,128.49435647,1207.4374872,9.3968133725,1.8416660206,2.9062366291,4.0411923479,16.351563813,22.402054522,29.143845128,7.7082692776,3.213374983,23.471236386,0.61346550886,0.80536722389,2.2414814814,2.0256199247,14.531183146,112.01027261,33.120254584,258.11559737,165.60127292,1290.5779868,294.0956294,2498.015474,PASS
moscap_ss,125.0,2.97,band7,moscap_ss_125c_2.97v_band7,15874.444568,90806.38854,2170.0843288,12255.247659,7.3151279687,164.97520838,248.23148775,337.78672507,1620.5973368,1975.5944848,2220.2506853,7.9586780175,128.49435649,1207.4374871,9.3968133705,54.982372626,87.327959195,121.98752338,492.81555151,654.46600416,736.80119562,7.4943467155,88.776269889,498.69185286,1.0743491091,2.3210546017,1.7250155597,0.74732016169,436.63979597,3272.3300208,33.120254572,258.11559731,165.60127286,1290.5779865,294.09562935,2498.0154737,PASS
moscap_ss,125.0,3.3,band0,moscap_ss_125c_3.30v_band0,15874.444568,90806.38854,2170.0843288,12255.247659,7.3151279687,48.016526794,61.58298294,76.31173753,702.69770496,786.35328468,880.97404868,12.76900285,131.04294525,1374.7023475,10.490471996,1.9160404401,3.0074737269,4.1685009844,18.549074542,24.67424411,31.542655176,8.2043091147,3.3889591684,26.09938608,0.61489956629,0.81765837164,2.5678331485,2.3394642012,15.037368635,123.37122055,33.989553588,283.63181296,169.94776794,1418.1590648,300.99071319,2792.8614123,PASS
moscap_ss,125.0,3.3,band7,moscap_ss_125c_3.30v_band7,15874.444568,90806.38854,2170.0843288,12255.247659,7.3151279687,168.98555138,253.37722836,344.14984398,1890.2035268,2278.2882159,2592.09294,8.9916849697,131.04294523,1374.7023473,10.490471997,56.552010563,89.443102921,124.67579508,558.17758894,732.01538533,860.33022541,8.1841456906,91.729998005,598.19514455,1.0796647786,2.4544903662,2.0461751991,0.90366944135,447.21551461,3660.0769266,33.989553573,283.63181293,169.94776786,1418.1590646,300.99071309,2792.861412,PASS
moscap_ss,125.0,3.63,band0,moscap_ss_125c_3.63v_band0,15874.444568,90806.38854,2170.0843288,12255.247659,7.3151279687,49.020902301,62.667646047,77.480347124,821.88331241,905.76751944,1000.7432406,14.453511127,133.81619853,1546.2520019,11.555043551,1.9990296769,3.1183504738,4.3061895516,20.775638291,26.963640363,33.912627813,8.6467639187,3.5885424126,28.795704052,0.6165070021,0.82942716534,2.8937903875,2.6537669021,15.591752369,134.81820182,34.924273013,309.07095625,174.62136507,1545.3547812,308.4375636,3091.6067831,PASS
moscap_ss,125.0,3.63,band7,moscap_ss_125c_3.63v_band7,15874.444568,90806.38854,2170.0843288,12255.247659,7.3151279687,173.35218499,258.78734363,350.65185514,2159.796006,2574.4748902,2954.9862047,9.9482256518,133.81619832,1546.2520019,11.55504357,58.246488592,91.649481468,127.40774523,623.46259029,801.96716448,971.62979237,8.7503731787,94.745234234,695.10970889,1.0852863861,2.5724088529,2.3671712015,1.0750082767,458.24740734,4009.8358224,34.924272966,309.07095625,174.62136483,1545.3547813,308.43756315,3091.6067832,PASS
mimcap_ff,-40.0,2.97,band0,mimcap_ff_-40c_2.97v_band0,20529.46348,117318.4629,2222.4766245,12416.853785,9.2372010814,27.288111728,37.814643377,49.348081373,703.69893773,790.19897618,888.87924405,20.896639651,87.814021162,1317.4139787,15.002319234,1.3284524343,2.1462835802,3.0264701953,15.587546665,21.785015489,28.802893965,10.150110493,2.3990591522,22.795855514,0.76111803293,0.90982599088,2.0768166426,1.9122375732,10.731417901,108.92507745,24.341931623,253.42212246,121.70965812,1267.1106123,209.52367928,2584.524591,PASS
mimcap_ff,-40.0,2.97,band7,mimcap_ff_-40c_2.97v_band7,20529.46348,117318.4629,2222.4766245,12416.853785,9.2372010814,114.25508607,179.41342114,250.22676468,1752.7880173,2227.0122751,2675.2929704,12.412740703,87.814021037,1317.4139789,15.002319257,40.536626027,65.864256861,93.303611136,485.78699686,674.93529608,878.96678624,10.247368273,67.251958074,619.15376031,1.0457595975,2.0024296035,1.7451401137,0.78687346878,329.3212843,3374.6764804,24.341931596,253.42212248,121.70965798,1267.1106124,209.52367902,2584.5245913,PASS
mimcap_ff,-40.0,3.3,band0,mimcap_ff_-40c_3.30v_band0,20529.46348,117318.4629,2222.4766245,12416.853785,9.2372010814,28.040140731,38.657187496,50.278540507,849.23988818,936.08891196,1035.2933592,24.215132362,90.227209913,1515.1567511,16.792680972,1.4044160688,2.25297965,3.1623882455,17.801949621,24.096337135,31.232185883,10.695319479,2.5859316715,25.537180665,0.76242897374,0.9183950953,2.4035933389,2.22962418,11.26489825,120.48168568,25.215588908,278.77158987,126.07794454,1393.8579493,216.30515446,2909.0147004,PASS
mimcap_ff,-40.0,3.3,band7,mimcap_ff_-40c_3.30v_band7,20529.46348,117318.4629,2222.4766245,12416.853785,9.2372010814,118.07200999,184.42362436,256.40866755,2040.0334651,2536.0691641,3038.9053893,13.751324825,90.227210027,1515.1567511,16.792680951,42.076879737,67.968374196,95.958269685,550.84384557,743.21135227,955.21611179,10.934664262,70.153996171,705.84906505,1.0498024159,2.0898441392,2.0675509526,1.0109179382,339.84187098,3716.0567613,25.21558895,278.77158987,126.07794475,1393.8579493,216.30515478,2909.0147004,PASS
mimcap_ff,-40.0,3.63,band0,mimcap_ff_-40c_3.63v_band0,20529.46348,117318.4629,2222.4766245,12416.853785,9.2372010814,28.874561457,39.585508716,51.297672334,999.40634597,1086.5508652,1186.1218375,27.448197596,92.830180979,1716.3265439,18.488885035,1.4863973812,2.3668563758,3.3063897771,20.020348192,26.40027586,33.633968995,11.154152035,2.7914354064,28.328729764,0.76381777993,0.92644994606,2.7302149885,2.5474720566,11.834281879,132.0013793,26.13786925,303.69268857,130.68934625,1518.4634428,223.51952723,3234.7899868,PASS
mimcap_ff,-40.0,3.63,band7,mimcap_ff_-40c_3.63v_band7,20529.46348,117318.4629,2222.4766245,12416.853785,9.2372010814,122.17098048,189.69822121,262.80958016,2328.6131772,2835.4467536,3381.5145099,14.947144657,92.830181099,1716.3265438,18.48888501,43.705966153,70.156365569,98.681286772,614.82429535,809.73258112,1026.3941575,11.541826241,73.153258867,781.40375241,1.0540122296,2.1742402568,2.3897847002,1.2528874674,350.78182784,4048.6629056,26.137869328,303.69268854,130.68934664,1518.4634427,223.51952774,3234.7899865,PASS
mimcap_ff,27.0,2.97,band0,mimcap_ff_27c_2.97v_band0,18187.950081,103985.86383,2191.0287503,12294.612156,8.3011006033,33.874135269,45.726585161,58.655289645,648.56668446,734.05815097,831.12343163,16.053202932,103.03845524,1267.712845,12.303298239,1.5269019551,2.4544439627,3.4480736124,15.991349513,22.150992599,29.087048032,9.0248516306,2.7261995221,23.172295762,0.69899889456,0.86726794189,2.1435252732,1.9556666334,12.272219814,110.754963,27.921897293,256.79116449,139.60948646,1283.9558224,242.64794171,2551.6686674,PASS
mimcap_ff,27.0,2.97,band7,mimcap_ff_27c_2.97v_band7,18187.950081,103985.86383,2191.0287503,12294.612156,8.3011006033,132.78451257,206.07095755,285.3307997,1703.5840836,2123.1168877,2492.110553,10.302843801,103.03845529,1267.7128451,12.303298235,46.116382727,74.601013327,105.30407046,491.6691791,674.14992714,841.27855952,9.0367395439,75.999001504,568.32395047,1.0532045693,2.1448848366,1.7370417947,0.74791703836,373.00506663,3370.7496357,27.921897312,256.79116454,139.60948656,1283.9558227,242.64794185,2551.6686678,PASS
mimcap_ff,27.0,3.3,band0,mimcap_ff_27c_3.30v_band0,18187.950081,103985.86383,2191.0287503,12294.612156,8.3011006033,34.648928448,46.58677537,59.600281657,779.64496562,865.4586903,963.12878206,18.577346971,105.4372725,1451.6631722,13.768026598,1.6005852359,2.5570508217,3.578356087,18.209294322,24.454864699,31.506552786,9.5636991222,2.9051270367,25.868412756,0.70033240564,0.87748938656,2.4701339729,2.2714990227,12.785254109,122.2743235,28.778313303,282.38747952,143.89156652,1411.9373976,249.32883901,2863.6005698,PASS
mimcap_ff,27.0,3.3,band7,mimcap_ff_27c_3.30v_band7,18187.950081,103985.86383,2191.0287503,12294.612156,8.3011006033,136.56719152,211.01452456,291.45251829,1981.0557169,2436.4451484,2866.0249748,11.546338592,105.43727229,1451.6631724,13.768026628,47.632595243,76.669561694,107.92715747,557.29005475,743.7211519,941.15446466,9.7003443801,78.87122519,670.55890405,1.0577145829,2.2464481208,2.0590223098,0.93049037481,383.34780847,3718.6057595,28.778313251,282.38747956,143.89156625,1411.9373978,249.32883854,2863.6005703,PASS
mimcap_ff,27.0,3.63,band0,mimcap_ff_27c_3.63v_band0,18187.950081,103985.86383,2191.0287503,12294.612156,8.3011006033,35.515792551,47.541554241,60.642526532,915.56814027,1001.6444857,1099.6699434,21.068820775,108.0463338,1639.598711,15.174959235,1.681127717,2.6676291691,3.7174615155,20.443778852,26.763705062,33.904451062,10.032768187,3.1041479716,28.623474316,0.70178040968,0.88718347788,2.7964999466,2.5877935654,13.338145846,133.81852531,29.690080091,307.73412642,148.45040046,1538.6706321,256.49673426,3178.2693431,PASS
mimcap_ff,27.0,3.63,band7,mimcap_ff_27c_3.63v_band7,18187.950081,103985.86383,2191.0287503,12294.612156,8.3011006033,140.66961653,216.23261934,297.77373535,2259.3911418,2740.6238702,3210.9251266,12.674423862,108.0463338,1639.5987113,15.174959238,49.252799699,78.827070154,110.6121823,622.3656405,811.67861044,1018.0865664,10.296952669,81.82732801,761.95689863,1.0624521612,2.3446413827,2.3808157594,1.1360923361,394.13535077,4058.3930522,29.690080084,307.73412649,148.45040042,1538.6706324,256.49673422,3178.2693437,PASS
mimcap_ff,125.0,2.97,band0,mimcap_ff_125c_2.97v_band0,15874.444568,90806.38854,2170.0843288,12255.247659,7.3151279687,47.105715253,60.592806203,75.239651224,588.38214043,671.74253105,765.48436316,11.086176283,128.49435647,1207.4374872,9.3968133725,1.8416660206,2.9062366291,4.0411923479,16.351563813,22.402054522,29.143845128,7.7082692776,3.213374983,23.471236386,0.61346550886,0.80536722389,2.2414814814,2.0256199247,14.531183146,112.01027261,33.120254584,258.11559737,165.60127292,1290.5779868,294.0956294,2498.015474,PASS
mimcap_ff,125.0,2.97,band7,mimcap_ff_125c_2.97v_band7,15874.444568,90806.38854,2170.0843288,12255.247659,7.3151279687,164.97520838,248.23148775,337.78672507,1620.5973368,1975.5944848,2220.2506853,7.9586780175,128.49435649,1207.4374871,9.3968133705,54.982372626,87.327959195,121.98752338,492.81555151,654.46600416,736.80119562,7.4943467155,88.776269889,498.69185286,1.0743491091,2.3210546017,1.7250155597,0.74732016169,436.63979597,3272.3300208,33.120254572,258.11559731,165.60127286,1290.5779865,294.09562935,2498.0154737,PASS
mimcap_ff,125.0,3.3,band0,mimcap_ff_125c_3.30v_band0,15874.444568,90806.38854,2170.0843288,12255.247659,7.3151279687,48.016526794,61.58298294,76.31173753,702.69770496,786.35328468,880.97404868,12.76900285,131.04294525,1374.7023475,10.490471996,1.9160404401,3.0074737269,4.1685009844,18.549074542,24.67424411,31.542655176,8.2043091147,3.3889591684,26.09938608,0.61489956629,0.81765837164,2.5678331485,2.3394642012,15.037368635,123.37122055,33.989553588,283.63181296,169.94776794,1418.1590648,300.99071319,2792.8614123,PASS
mimcap_ff,125.0,3.3,band7,mimcap_ff_125c_3.30v_band7,15874.444568,90806.38854,2170.0843288,12255.247659,7.3151279687,168.98555138,253.37722836,344.14984398,1890.2035268,2278.2882159,2592.09294,8.9916849697,131.04294523,1374.7023473,10.490471997,56.552010563,89.443102921,124.67579508,558.17758894,732.01538533,860.33022541,8.1841456906,91.729998005,598.19514455,1.0796647786,2.4544903662,2.0461751991,0.90366944135,447.21551461,3660.0769266,33.989553573,283.63181293,169.94776786,1418.1590646,300.99071309,2792.861412,PASS
mimcap_ff,125.0,3.63,band0,mimcap_ff_125c_3.63v_band0,15874.444568,90806.38854,2170.0843288,12255.247659,7.3151279687,49.020902301,62.667646047,77.480347124,821.88331241,905.76751944,1000.7432406,14.453511127,133.81619853,1546.2520019,11.555043551,1.9990296769,3.1183504738,4.3061895516,20.775638291,26.963640363,33.912627813,8.6467639187,3.5885424126,28.795704052,0.6165070021,0.82942716534,2.8937903875,2.6537669021,15.591752369,134.81820182,34.924273013,309.07095625,174.62136507,1545.3547812,308.4375636,3091.6067831,PASS
mimcap_ff,125.0,3.63,band7,mimcap_ff_125c_3.63v_band7,15874.444568,90806.38854,2170.0843288,12255.247659,7.3151279687,173.35218499,258.78734363,350.65185514,2159.796006,2574.4748902,2954.9862047,9.9482256518,133.81619832,1546.2520019,11.55504357,58.246488592,91.649481468,127.40774523,623.46259029,801.96716448,971.62979237,8.7503731787,94.745234234,695.10970889,1.0852863861,2.5724088529,2.3671712015,1.0750082767,458.24740734,4009.8358224,34.924272966,309.07095625,174.62136483,1545.3547813,308.43756315,3091.6067832,PASS
mimcap_ss,-40.0,2.97,band0,mimcap_ss_-40c_2.97v_band0,20529.46348,117318.4629,2222.4766245,12416.853785,9.2372010814,27.288111728,37.814643377,49.348081373,703.69893773,790.19897618,888.87924405,20.896639651,87.814021162,1317.4139787,15.002319234,1.3284524343,2.1462835802,3.0264701953,15.587546665,21.785015489,28.802893965,10.150110493,2.3990591522,22.795855514,0.76111803293,0.90982599088,2.0768166426,1.9122375732,10.731417901,108.92507745,24.341931623,253.42212246,121.70965812,1267.1106123,209.52367928,2584.524591,PASS
mimcap_ss,-40.0,2.97,band7,mimcap_ss_-40c_2.97v_band7,20529.46348,117318.4629,2222.4766245,12416.853785,9.2372010814,114.25508607,179.41342114,250.22676468,1752.7880173,2227.0122751,2675.2929704,12.412740703,87.814021037,1317.4139789,15.002319257,40.536626027,65.864256861,93.303611136,485.78699686,674.93529608,878.96678624,10.247368273,67.251958074,619.15376031,1.0457595975,2.0024296035,1.7451401137,0.78687346878,329.3212843,3374.6764804,24.341931596,253.42212248,121.70965798,1267.1106124,209.52367902,2584.5245913,PASS
mimcap_ss,-40.0,3.3,band0,mimcap_ss_-40c_3.30v_band0,20529.46348,117318.4629,2222.4766245,12416.853785,9.2372010814,28.040140731,38.657187496,50.278540507,849.23988818,936.08891196,1035.2933592,24.215132362,90.227209913,1515.1567511,16.792680972,1.4044160688,2.25297965,3.1623882455,17.801949621,24.096337135,31.232185883,10.695319479,2.5859316715,25.537180665,0.76242897374,0.9183950953,2.4035933389,2.22962418,11.26489825,120.48168568,25.215588908,278.77158987,126.07794454,1393.8579493,216.30515446,2909.0147004,PASS
mimcap_ss,-40.0,3.3,band7,mimcap_ss_-40c_3.30v_band7,20529.46348,117318.4629,2222.4766245,12416.853785,9.2372010814,118.07200999,184.42362436,256.40866755,2040.0334651,2536.0691641,3038.9053893,13.751324825,90.227210027,1515.1567511,16.792680951,42.076879737,67.968374196,95.958269685,550.84384557,743.21135227,955.21611179,10.934664262,70.153996171,705.84906505,1.0498024159,2.0898441392,2.0675509526,1.0109179382,339.84187098,3716.0567613,25.21558895,278.77158987,126.07794475,1393.8579493,216.30515478,2909.0147004,PASS
mimcap_ss,-40.0,3.63,band0,mimcap_ss_-40c_3.63v_band0,20529.46348,117318.4629,2222.4766245,12416.853785,9.2372010814,28.874561457,39.585508716,51.297672334,999.40634597,1086.5508652,1186.1218375,27.448197596,92.830180979,1716.3265439,18.488885035,1.4863973812,2.3668563758,3.3063897771,20.020348192,26.40027586,33.633968995,11.154152035,2.7914354064,28.328729764,0.76381777993,0.92644994606,2.7302149885,2.5474720566,11.834281879,132.0013793,26.13786925,303.69268857,130.68934625,1518.4634428,223.51952723,3234.7899868,PASS
mimcap_ss,-40.0,3.63,band7,mimcap_ss_-40c_3.63v_band7,20529.46348,117318.4629,2222.4766245,12416.853785,9.2372010814,122.17098048,189.69822121,262.80958016,2328.6131772,2835.4467536,3381.5145099,14.947144657,92.830181099,1716.3265438,18.48888501,43.705966153,70.156365569,98.681286772,614.82429535,809.73258112,1026.3941575,11.541826241,73.153258867,781.40375241,1.0540122296,2.1742402568,2.3897847002,1.2528874674,350.78182784,4048.6629056,26.137869328,303.69268854,130.68934664,1518.4634427,223.51952774,3234.7899865,PASS
mimcap_ss,27.0,2.97,band0,mimcap_ss_27c_2.97v_band0,18187.950081,103985.86383,2191.0287503,12294.612156,8.3011006033,33.874135269,45.726585161,58.655289645,648.56668446,734.05815097,831.12343163,16.053202932,103.03845524,1267.712845,12.303298239,1.5269019551,2.4544439627,3.4480736124,15.991349513,22.150992599,29.087048032,9.0248516306,2.7261995221,23.172295762,0.69899889456,0.86726794189,2.1435252732,1.9556666334,12.272219814,110.754963,27.921897293,256.79116449,139.60948646,1283.9558224,242.64794171,2551.6686674,PASS
mimcap_ss,27.0,2.97,band7,mimcap_ss_27c_2.97v_band7,18187.950081,103985.86383,2191.0287503,12294.612156,8.3011006033,132.78451257,206.07095755,285.3307997,1703.5840836,2123.1168877,2492.110553,10.302843801,103.03845529,1267.7128451,12.303298235,46.116382727,74.601013327,105.30407046,491.6691791,674.14992714,841.27855952,9.0367395439,75.999001504,568.32395047,1.0532045693,2.1448848366,1.7370417947,0.74791703836,373.00506663,3370.7496357,27.921897312,256.79116454,139.60948656,1283.9558227,242.64794185,2551.6686678,PASS
mimcap_ss,27.0,3.3,band0,mimcap_ss_27c_3.30v_band0,18187.950081,103985.86383,2191.0287503,12294.612156,8.3011006033,34.648928448,46.58677537,59.600281657,779.64496562,865.4586903,963.12878206,18.577346971,105.4372725,1451.6631722,13.768026598,1.6005852359,2.5570508217,3.578356087,18.209294322,24.454864699,31.506552786,9.5636991222,2.9051270367,25.868412756,0.70033240564,0.87748938656,2.4701339729,2.2714990227,12.785254109,122.2743235,28.778313303,282.38747952,143.89156652,1411.9373976,249.32883901,2863.6005698,PASS
mimcap_ss,27.0,3.3,band7,mimcap_ss_27c_3.30v_band7,18187.950081,103985.86383,2191.0287503,12294.612156,8.3011006033,136.56719152,211.01452456,291.45251829,1981.0557169,2436.4451484,2866.0249748,11.546338592,105.43727229,1451.6631724,13.768026628,47.632595243,76.669561694,107.92715747,557.29005475,743.7211519,941.15446466,9.7003443801,78.87122519,670.55890405,1.0577145829,2.2464481208,2.0590223098,0.93049037481,383.34780847,3718.6057595,28.778313251,282.38747956,143.89156625,1411.9373978,249.32883854,2863.6005703,PASS
mimcap_ss,27.0,3.63,band0,mimcap_ss_27c_3.63v_band0,18187.950081,103985.86383,2191.0287503,12294.612156,8.3011006033,35.515792551,47.541554241,60.642526532,915.56814027,1001.6444857,1099.6699434,21.068820775,108.0463338,1639.598711,15.174959235,1.681127717,2.6676291691,3.7174615155,20.443778852,26.763705062,33.904451062,10.032768187,3.1041479716,28.623474316,0.70178040968,0.88718347788,2.7964999466,2.5877935654,13.338145846,133.81852531,29.690080091,307.73412642,148.45040046,1538.6706321,256.49673426,3178.2693431,PASS
mimcap_ss,27.0,3.63,band7,mimcap_ss_27c_3.63v_band7,18187.950081,103985.86383,2191.0287503,12294.612156,8.3011006033,140.66961653,216.23261934,297.77373535,2259.3911418,2740.6238702,3210.9251266,12.674423862,108.0463338,1639.5987113,15.174959238,49.252799699,78.827070154,110.6121823,622.3656405,811.67861044,1018.0865664,10.296952669,81.82732801,761.95689863,1.0624521612,2.3446413827,2.3808157594,1.1360923361,394.13535077,4058.3930522,29.690080084,307.73412649,148.45040042,1538.6706324,256.49673422,3178.2693437,PASS
mimcap_ss,125.0,2.97,band0,mimcap_ss_125c_2.97v_band0,15874.444568,90806.38854,2170.0843288,12255.247659,7.3151279687,47.105715253,60.592806203,75.239651224,588.38214043,671.74253105,765.48436316,11.086176283,128.49435647,1207.4374872,9.3968133725,1.8416660206,2.9062366291,4.0411923479,16.351563813,22.402054522,29.143845128,7.7082692776,3.213374983,23.471236386,0.61346550886,0.80536722389,2.2414814814,2.0256199247,14.531183146,112.01027261,33.120254584,258.11559737,165.60127292,1290.5779868,294.0956294,2498.015474,PASS
mimcap_ss,125.0,2.97,band7,mimcap_ss_125c_2.97v_band7,15874.444568,90806.38854,2170.0843288,12255.247659,7.3151279687,164.97520838,248.23148775,337.78672507,1620.5973368,1975.5944848,2220.2506853,7.9586780175,128.49435649,1207.4374871,9.3968133705,54.982372626,87.327959195,121.98752338,492.81555151,654.46600416,736.80119562,7.4943467155,88.776269889,498.69185286,1.0743491091,2.3210546017,1.7250155597,0.74732016169,436.63979597,3272.3300208,33.120254572,258.11559731,165.60127286,1290.5779865,294.09562935,2498.0154737,PASS
mimcap_ss,125.0,3.3,band0,mimcap_ss_125c_3.30v_band0,15874.444568,90806.38854,2170.0843288,12255.247659,7.3151279687,48.016526794,61.58298294,76.31173753,702.69770496,786.35328468,880.97404868,12.76900285,131.04294525,1374.7023475,10.490471996,1.9160404401,3.0074737269,4.1685009844,18.549074542,24.67424411,31.542655176,8.2043091147,3.3889591684,26.09938608,0.61489956629,0.81765837164,2.5678331485,2.3394642012,15.037368635,123.37122055,33.989553588,283.63181296,169.94776794,1418.1590648,300.99071319,2792.8614123,PASS
mimcap_ss,125.0,3.3,band7,mimcap_ss_125c_3.30v_band7,15874.444568,90806.38854,2170.0843288,12255.247659,7.3151279687,168.98555138,253.37722836,344.14984398,1890.2035268,2278.2882159,2592.09294,8.9916849697,131.04294523,1374.7023473,10.490471997,56.552010563,89.443102921,124.67579508,558.17758894,732.01538533,860.33022541,8.1841456906,91.729998005,598.19514455,1.0796647786,2.4544903662,2.0461751991,0.90366944135,447.21551461,3660.0769266,33.989553573,283.63181293,169.94776786,1418.1590646,300.99071309,2792.861412,PASS
mimcap_ss,125.0,3.63,band0,mimcap_ss_125c_3.63v_band0,15874.444568,90806.38854,2170.0843288,12255.247659,7.3151279687,49.020902301,62.667646047,77.480347124,821.88331241,905.76751944,1000.7432406,14.453511127,133.81619853,1546.2520019,11.555043551,1.9990296769,3.1183504738,4.3061895516,20.775638291,26.963640363,33.912627813,8.6467639187,3.5885424126,28.795704052,0.6165070021,0.82942716534,2.8937903875,2.6537669021,15.591752369,134.81820182,34.924273013,309.07095625,174.62136507,1545.3547812,308.4375636,3091.6067831,PASS
mimcap_ss,125.0,3.63,band7,mimcap_ss_125c_3.63v_band7,15874.444568,90806.38854,2170.0843288,12255.247659,7.3151279687,173.35218499,258.78734363,350.65185514,2159.796006,2574.4748902,2954.9862047,9.9482256518,133.81619832,1546.2520019,11.55504357,58.246488592,91.649481468,127.40774523,623.46259029,801.96716448,971.62979237,8.7503731787,94.745234234,695.10970889,1.0852863861,2.5724088529,2.3671712015,1.0750082767,458.24740734,4009.8358224,34.924272966,309.07095625,174.62136483,1545.3547813,308.43756315,3091.6067832,PASS
all-slow,-40.0,2.97,band0,all-slow_-40c_2.97v_band0,25639.498756,146625.74804,2639.1781159,14872.430708,9.7149558042,21.329728741,29.406116001,38.440750751,564.61650387,633.06631564,714.07946268,21.528389387,68.745245299,1048.5977269,15.253385487,1.0539811308,1.6698956635,2.3483357845,12.20981407,17.066838615,22.776463013,10.220302375,1.831170465,17.67842854,0.86089911624,1.0044850376,1.9660171091,1.8091349358,8.3494783176,85.334193076,19.100082585,199.50184608,95.500412924,997.50923039,164.24565822,2046.1069573,PASS
all-slow,-40.0,2.97,band7,all-slow_-40c_2.97v_band7,25639.498756,146625.74804,2639.1781159,14872.430708,9.7149558042,91.338474429,140.99948352,196.15017599,1393.7319066,1774.1420291,2155.5174468,12.582613672,68.745245455,1048.597727,15.253385453,32.573177877,51.827521617,73.152387174,383.65930808,533.53547757,702.93594902,10.294443202,52.541439134,494.67039054,1.1322235588,2.0039453535,1.6533396482,0.76545414458,259.13760809,2667.6773879,19.100082627,199.50184611,95.500413133,997.50923054,164.24565859,2046.1069575,PASS
all-slow,-40.0,3.3,band0,all-slow_-40c_3.30v_band0,25639.498756,146625.74804,2639.1781159,14872.430708,9.7149558042,21.94172009,30.090968718,39.197066685,689.72797607,758.48703522,839.95119605,25.206467838,70.722354394,1218.4579567,17.228752735,1.1155879633,1.7557854735,2.4578890034,14.092589762,19.031982951,24.843339011,10.839583331,1.978645443,19.981101437,0.86223705788,1.0132994431,2.2927825524,2.1264274055,8.7789273673,95.159914753,19.815417756,221.17177585,99.077088778,1105.8588792,169.79944317,2324.3168359,PASS
all-slow,-40.0,3.3,band7,all-slow_-40c_3.30v_band7,25639.498756,146625.74804,2639.1781159,14872.430708,9.7149558042,94.500763486,145.13306362,201.2537149,1640.2071205,2034.9591968,2463.5810305,14.021334257,70.72235428,1218.4579567,17.228752763,33.850030543,53.559163454,75.335929618,439.41978714,591.84601939,767.16252506,11.050322321,54.917550756,564.49153162,1.1361565527,2.0888952984,1.9759578587,0.99813497388,267.79581727,2959.2300969,19.815417747,221.17177588,99.077088733,1105.8588794,169.79944301,2324.3168362,PASS
all-slow,-40.0,3.63,band0,all-slow_-40c_3.63v_band0,25639.498756,146625.74804,2639.1781159,14872.430708,9.7149558042,22.608077014,30.831987289,40.010086939,819.02476863,888.04658091,969.82822139,28.802768131,72.80259778,1391.2188164,19.109466678,1.1806942535,1.8457638769,2.5718662657,15.965380052,20.977518077,26.87364461,11.365223006,2.1374592176,22.306156719,0.86360650582,1.0214707325,2.619482402,2.4443609146,9.2288193843,104.88759039,20.553677817,242.34544731,102.76838908,1211.7272365,175.57098686,2602.9460529,PASS
all-slow,-40.0,3.63,band7,all-slow_-40c_3.63v_band7,25639.498756,146625.74804,2639.1781159,14872.430708,9.7149558042,97.803416659,149.38368758,206.42610045,1887.5012364,2289.8682009,2747.7965263,15.328770082,72.802597858,1391.2188162,19.109466656,35.166368535,55.32203589,77.533009993,493.94731108,648.42401101,827.26120557,11.720899287,57.328019508,627.06436375,1.1401364354,2.1702764136,2.2985749091,1.2450278216,276.61017945,3242.1200551,20.553677849,242.34544728,102.76838925,1211.7272364,175.57098711,2602.9460526,PASS
all-slow,27.0,2.97,band0,all-slow_27c_2.97v_band0,22717.70417,129965.09636,2604.0189907,14728.319078,8.7240931235,25.865053308,35.005270366,45.152248805,523.28279606,591.63578253,671.44083507,16.901334466,80.042239317,1013.7789305,12.66554933,1.2065416062,1.9109986535,2.6805019004,12.546716587,17.428747406,23.084305217,9.1202300817,2.0888731491,18.067989211,0.79742950531,0.95982072385,2.0347350104,1.854555658,9.5549932677,87.143737031,21.889206166,202.9314925,109.44603083,1014.6574625,189.48827015,2028.436393,PASS
all-slow,27.0,2.97,band7,all-slow_27c_2.97v_band7,22717.70417,129965.09636,2604.0189907,14728.319078,8.7240931235,104.95565179,161.14787901,223.04175179,1359.2465792,1704.953086,2030.1502559,10.580052908,80.042239317,1013.7789306,12.66554933,36.813938517,58.606167538,82.539474025,388.77568252,535.62672859,686.13334698,9.1394259528,59.335621007,461.79356414,1.1332937939,2.1344694602,1.6516583729,0.72158328119,293.03083769,2678.1336429,21.889206167,202.9314925,109.44603083,1014.6574625,189.48827015,2028.4363931,PASS
all-slow,27.0,3.3,band0,all-slow_27c_3.30v_band0,22717.70417,129965.09636,2604.0189907,14728.319078,8.7240931235,26.480224744,35.689370737,45.905360688,636.6440315,705.284031,785.59748862,19.76173904,81.985547751,1172.1799207,14.297396954,1.2658467137,1.9932965909,2.7852678119,14.423424519,19.378867369,25.132920171,9.7220190201,2.2297096578,20.326242668,0.79878260245,0.97022256252,2.3613448265,2.1703296664,9.9664829545,96.894336847,22.586258378,224.68170145,112.93129189,1123.4085073,194.91683964,2295.588428,PASS
all-slow,27.0,3.3,band7,all-slow_27c_3.30v_band7,22717.70417,129965.09636,2604.0189907,14728.319078,8.7240931235,108.05101278,165.19208686,228.06066624,1596.2515564,1970.2994049,2339.3359995,11.927323169,81.985547744,1172.1799208,14.297396956,38.058453013,60.297211483,84.68464517,444.64338851,594.43109567,761.03814493,9.8583513408,61.675239884,545.96398881,1.1376533628,2.2324721671,1.9739010296,0.91412513163,301.48605742,2972.1554784,22.586258378,224.68170146,112.93129189,1123.4085073,194.91683964,2295.5884281,PASS
all-slow,27.0,3.63,band0,all-slow_27c_3.63v_band0,22717.70417,129965.09636,2604.0189907,14728.319078,8.7240931235,27.152016093,36.431296028,46.716566195,754.52545124,823.39973753,904.02032356,22.601439622,84.038293499,1334.1934008,15.876017293,1.3289719849,2.0799378229,2.8946479338,16.303847124,21.323042018,27.154137136,10.251768963,2.382254543,22.617315196,0.80019288106,0.97997912761,2.6878273457,2.4867448735,10.399689114,106.61521009,23.308829513,246.12933107,116.54414756,1230.6466554,200.58244106,2564.8400562,PASS
all-slow,27.0,3.63,band7,all-slow_27c_3.63v_band7,22717.70417,129965.09636,2604.0189907,14728.319078,8.7240931235,111.30069519,169.34965004,233.12433599,1834.6018025,2225.3724358,2631.4733654,13.140696985,84.038293215,1334.1934007,15.876017345,39.348827881,62.01939255,86.83562521,499.84556028,651.86506928,823.77855199,10.510665172,64.03605186,618.17614747,1.1420893378,2.3268462723,2.2961546636,1.1332583783,310.09696275,3259.3253464,23.308829406,246.12933107,116.54414703,1230.6466554,200.58244025,2564.8400561,PASS
all-slow,125.0,2.97,band0,all-slow_125c_2.97v_band0,19830.52304,113495.45301,2582.3216371,14684.517633,7.6793389157,34.487676893,44.941022007,56.463280356,477.27662579,544.54947304,621.84821963,12.116980182,97.948806972,970.39643235,9.9071797028,1.4361036831,2.2513802289,3.1347104512,12.873416446,17.71683692,23.232781375,7.8693224239,2.4570880175,18.413195123,0.70939697631,0.89547795599,2.1358188217,1.9269196033,11.256901145,88.584184601,25.799150365,205.01770105,128.99575183,1025.0885052,226.9445588,1995.4849376,PASS
all-slow,125.0,2.97,band7,all-slow_125c_2.97v_band7,19830.52304,113495.45301,2582.3216371,14684.517633,7.6793389157,127.28296518,191.51124237,261.67543018,1302.6176564,1601.9494128,1825.7953536,8.3647800148,97.948806944,970.39643229,9.9071797051,43.21802352,68.127341076,95.247420523,391.36797217,528.0328753,612.34633245,7.7506749413,68.904980667,410.68063852,1.1431023503,2.3062976502,1.6506049895,0.71629159852,340.63670538,2640.1643765,25.799150341,205.01770105,128.99575171,1025.0885052,226.94455865,1995.4849375,PASS
all-slow,125.0,3.3,band0,all-slow_125c_3.30v_band0,19830.52304,113495.45301,2582.3216371,14684.517633,7.6793389157,35.18137832,45.699197126,57.288168295,576.35446759,643.89323823,721.87102941,14.089815111,99.967362838,1114.2778344,11.146416218,1.4948894398,2.3316851347,3.236246898,14.722819377,19.630487939,25.249406122,8.4190132049,2.5938453661,20.606753418,0.7108391094,0.90784508135,2.4622033902,2.2407536547,11.658425674,98.152439696,26.497450683,226.56307412,132.48725341,1132.8153706,232.45461625,2247.093205,PASS
all-slow,125.0,3.3,band7,all-slow_125c_3.30v_band7,19830.52304,113495.45301,2582.3216371,14684.517633,7.6793389157,130.48477048,195.6461396,266.81422787,1531.3602284,1856.2271755,2144.8006522,9.487675961,99.967362866,1114.2778345,11.146416215,44.480755711,69.832280079,97.419182556,446.58350924,589.31618428,715.36865384,8.4390225209,71.28244167,494.89877751,1.1481791044,2.4269656906,1.9721466085,0.88049066586,349.1614004,2946.5809214,26.497450643,226.56307411,132.48725322,1132.8153705,232.45461608,2247.093205,PASS
all-slow,125.0,3.63,band0,all-slow_125c_3.63v_band0,19830.52304,113495.45301,2582.3216371,14684.517633,7.6793389157,35.932667993,46.515117352,58.1706112,679.92896258,747.67339926,825.95607815,16.073772181,102.10339537,1262.0669997,12.360676108,1.558412885,2.4171738282,3.3431525788,16.589371952,21.551462198,27.239936473,8.9159753206,2.7442322921,22.843660661,0.71238188975,0.91958399434,2.7883496381,2.5552253989,12.085869141,107.75731099,27.226587125,247.99007078,136.13293563,1239.9503539,238.236331,2502.0173536,PASS
all-slow,125.0,3.63,band7,all-slow_125c_3.63v_band7,19830.52304,113495.45301,2582.3216371,14684.517633,7.6793389157,133.86151486,199.88522674,271.9543582,1759.5536561,2108.346628,2446.7541356,10.547786159,102.10339543,1262.0669997,12.360676101,45.800718434,71.568163418,99.583425707,501.65377088,647.39542734,800.89671316,9.0458577728,73.663748628,576.55561618,1.1533760991,2.5391627793,2.2937349878,1.0602001014,357.84081709,3236.9771367,27.226587115,247.9900708,136.13293557,1239.950354,238.23633101,2502.0173537,PASS
all-fast,-40.0,2.97,band0,all-fast_-40c_2.97v_band0,15419.428204,88011.177772,1805.7751331,9961.2768613,8.5389525642,38.280107145,52.769093134,68.430377436,888.02920672,999.60359711,1124.0975953,18.942974718,120.6808798,1689.154971,13.99687319,1.8015818002,2.9437768374,4.1543018536,20.597154549,28.661451592,37.588169639,9.7362854505,3.3449288477,30.264160181,0.66445180328,0.81885818724,2.1844355757,2.0109246216,14.718884187,143.30725796,33.139911845,331.79604338,165.69955922,1658.9802169,286.38043902,3348.1351879,PASS
all-fast,-40.0,2.97,band7,all-fast_-40c_2.97v_band7,15419.428204,88011.177772,1805.7751331,9961.2768613,8.5389525642,154.64838146,244.77319832,341.33622854,2259.5614024,2845.0648914,3362.5609262,11.623269668,120.68087968,1689.1549708,13.996873202,54.328545332,89.4301969,126.90502242,636.00609067,877.58795743,1117.4515085,9.813105504,91.814177246,779.92500295,0.97344022553,2.0562940123,1.8204541507,0.78426111943,447.1509845,4387.9397871,33.139911811,331.79604336,165.69955906,1658.9802168,286.38043874,3348.1351876,PASS
all-fast,-40.0,3.3,band0,all-fast_-40c_3.30v_band0,15419.428204,88011.177772,1805.7751331,9961.2768613,8.5389525642,39.260996566,53.867042574,69.641825712,1059.2995675,1171.2859556,1296.4505749,21.744018227,123.79514509,1924.3217978,15.544404399,1.9012818901,3.0836986546,4.3318571805,23.324778711,31.505147272,40.575437794,10.216675104,3.5947738137,33.667683697,0.66574880267,0.82749988494,2.5111848802,2.3280316307,15.418493273,157.52573636,34.266342161,362.8794543,171.33171081,1814.3972715,295.12685589,3738.7190693,PASS
all-fast,-40.0,3.3,band7,all-fast_-40c_3.30v_band7,15419.428204,88011.177772,1805.7751331,9961.2768613,8.5389525642,159.5465394,251.1912597,349.23925536,2605.075913,3230.098356,3813.5577875,12.859119222,123.79514509,1924.3217978,15.544404399,56.303955774,92.130555117,130.30858307,715.61824417,961.75781347,1222.087227,10.439075421,95.551534239,898.44534279,0.97777108568,2.1529982326,2.1424513257,0.98477304286,460.65277559,4808.7890673,34.266342162,362.8794543,171.33171081,1814.3972715,295.1268559,3738.7190693,PASS
all-fast,-40.0,3.63,band0,all-fast_-40c_3.63v_band0,15419.428204,88011.177772,1805.7751331,9961.2768613,8.5389525642,40.379172408,55.108598097,71.004380167,1235.5737229,1347.9008657,1473.5065234,24.458993919,127.26675569,2163.3670924,16.998681868,2.0119179442,3.2368120193,4.5245947335,26.078371081,34.360088645,43.546098444,10.615410608,3.8774096627,37.167830257,0.66718653556,0.83573596313,2.8376532795,2.6454201389,16.184060097,171.80044322,35.491434731,393.6192397,177.45717365,1968.0961985,304.72392934,4131.4632909,PASS
all-fast,-40.0,3.63,band7,all-fast_-40c_3.63v_band7,15419.428204,88011.177772,1805.7751331,9961.2768613,8.5389525642,165.00002645,258.1522149,357.6391841,2951.9876926,3597.4086571,4240.5996663,13.935222901,127.26675569,2163.3670924,16.998681868,58.464352771,95.015629089,133.88345127,794.34015158,1043.9021853,1312.3156044,10.98663657,99.500700323,998.43951122,0.98244752814,2.2469745941,2.4640279355,1.2107981385,475.07814545,5219.5109264,35.491434732,393.6192397,177.45717366,1968.0961985,304.72392935,4131.4632909,PASS
all-fast,27.0,2.97,band0,all-fast_27c_2.97v_band0,13658.195993,78006.631306,1778.03851,9860.9052345,7.6816086468,49.458300777,65.708759778,83.224765702,814.01410178,923.62311395,1045.7771643,14.056316343,143.95037601,1618.6896195,11.244775209,2.0913947516,3.3778584108,4.7379117527,21.054619579,29.015857741,37.811716525,8.5900159841,3.8038108485,30.606777953,0.60446907336,0.77909616701,2.2482746386,2.0518828604,16.889292054,145.0792887,38.198379422,334.7642005,190.99189711,1673.8210025,334.94227312,3292.510622,PASS
all-fast,27.0,2.97,band7,all-fast_27c_2.97v_band7,13658.195993,78006.631306,1778.03851,9860.9052345,7.6816086468,183.49825553,284.38628916,392.13288882,2181.0828008,2686.4521901,3073.7228102,9.4464898363,143.95037597,1618.6896195,11.244775212,62.588887666,101.86470122,143.65026841,641.03503606,869.12261496,1027.4406427,8.5321274645,104.24328092,700.46737113,0.99233388665,2.213231197,1.8010570105,0.75704049646,509.32350611,4345.6130748,38.198379387,334.76420051,190.99189693,1673.8210026,334.94227291,3292.510622,PASS
all-fast,27.0,3.3,band0,all-fast_27c_3.30v_band0,13658.195993,78006.631306,1778.03851,9860.9052345,7.6816086468,50.515284739,66.875826145,84.501361337,967.47223228,1077.4621059,1200.453568,16.111383859,147.11659668,1837.1186266,12.487500853,2.1895863878,3.5137069876,4.9093283208,23.79314003,31.8575109,40.800036207,9.0666384568,4.0451882946,33.960337987,0.60580397644,0.78948408104,2.5748339601,2.3673748987,17.568534938,159.2875545,39.316873438,366.25973684,196.58436719,1831.2986842,343.70096387,3668.4173108,PASS
all-fast,27.0,3.3,band7,all-fast_27c_3.30v_band7,13658.195993,78006.631306,1778.03851,9860.9052345,7.6816086468,188.4694458,290.83519604,400.08506721,2518.8622425,3066.9652767,3546.2727669,10.545371807,147.11659699,1837.1186265,12.487500827,64.570670527,104.55745244,147.05664288,721.66512158,956.72219807,1173.455094,9.1502057078,107.99247247,826.86703899,0.99722238751,2.3275120942,2.1224989664,0.92369241008,522.78726218,4783.6109904,39.316873509,366.25973686,196.58436754,1831.2986843,343.70096454,3668.4173108,PASS
all-fast,27.0,3.63,band0,all-fast_27c_3.63v_band0,13658.195993,78006.631306,1778.03851,9860.9052345,7.6816086468,51.727999533,68.203539091,85.945681081,1126.1148975,1236.4064332,1359.8317177,18.128185864,150.67764474,2059.872028,13.670720906,2.3005116168,3.6644936428,5.0975918526,26.568023464,34.720129046,43.768748264,9.4747412413,4.3229276159,37.415195409,0.60732850735,0.79944211275,2.9009916691,2.6831519603,18.322468214,173.60064523,40.54700791,397.56276972,202.73503955,1987.8138486,353.4126843,4047.6858766,PASS
all-fast,27.0,3.63,band7,all-fast_27c_3.63v_band7,13658.195993,78006.631306,1778.03851,9860.9052345,7.6816086468,194.0637352,297.84539288,408.50161694,2855.0420571,3442.1641626,3983.3112087,11.556882345,150.67764474,2059.872028,13.670720906,66.765602415,107.44465591,150.6232978,801.86866633,1041.2760873,1288.5336622,9.6912785324,111.93259385,947.234211,1.0025504996,2.437201398,2.4435004718,1.1059821472,537.22327957,5206.3804364,40.54700791,397.56276972,202.73503955,1987.8138486,353.4126843,4047.6858766,PASS
all-fast,125.0,2.97,band0,all-fast_125c_2.97v_band0,11918.366095,68117.324074,1757.8470204,9825.9776843,6.7800928958,73.614970282,92.024580762,111.80874828,734.85013319,840.97728266,958.33658428,9.1386157448,186.08806151,1534.6869328,8.2471004336,2.588411486,4.0537172943,5.5988741705,21.431448654,29.19454553,37.697592317,7.2019194754,4.5327068285,30.825503506,0.52295612172,0.72049179312,2.3413718659,2.1188632541,20.268586471,145.97272765,45.971161627,334.54720006,229.85580813,1672.7360003,415.94386964,3207.4229331,PASS
all-fast,125.0,2.97,band7,all-fast_125c_2.97v_band7,11918.366095,68117.324074,1757.8470204,9825.9776843,6.7800928958,237.89305095,351.84699624,473.05428893,2052.7485154,2451.8201712,2713.6087758,6.9684271783,186.08806148,1534.6869328,8.2471004351,76.736284332,121.04965848,167.97800211,637.50022346,810.71205203,880.55934464,6.6973510061,123.45120356,601.50988375,1.0348613974,2.3663153946,1.7688283892,0.77154887274,605.24829242,4053.5602602,45.971161626,334.5472001,229.85580813,1672.7360005,415.94386961,3207.4229333,PASS
all-fast,125.0,3.3,band0,all-fast_125c_3.30v_band0,11918.366095,68117.324074,1757.8470204,9825.9776843,6.7800928958,74.954541008,93.465710051,113.35573756,868.47835829,974.95480875,1093.7444166,10.431149651,189.60307746,1733.7329209,9.1440125553,2.6908058839,4.1907807695,5.7693185784,24.153722725,32.006541158,40.689294805,7.6373694827,4.7748144141,34.103658743,0.52441580523,0.73310389061,2.6676291574,2.4322868184,20.953903848,160.03270579,47.136055129,366.07932065,235.68027565,1830.3966032,425.28335311,3564.1295241,PASS
all-fast,125.0,3.3,band7,all-fast_125c_3.30v_band7,11918.366095,68117.324074,1757.8470204,9825.9776843,6.7800928958,243.41044075,358.81216892,481.59837492,2379.081796,2835.1997412,3149.2618397,7.9016264965,189.60307742,1733.732921,9.1440125584,78.86458395,123.8826214,171.56036884,718.44089466,923.96877716,1028.5754054,7.4584212597,127.41519722,722.48151685,1.0407615301,2.5422037769,2.0891682336,0.91147461161,619.413107,4619.8438858,47.136055144,366.07932068,235.68027572,1830.3966034,425.28335314,3564.1295244,PASS
all-fast,125.0,3.63,band0,all-fast_125c_3.63v_band0,11918.366095,68117.324074,1757.8470204,9825.9776843,6.7800928958,76.425458542,95.040392923,115.04189008,1007.4079851,1114.1464017,1233.3813989,11.722872427,193.49892993,1937.3988654,10.012452607,2.8090128925,4.34567625,5.9592293677,26.923437285,34.849943867,43.629896107,8.0194524079,5.0607220512,37.489285868,0.52613547293,0.74527972732,2.993290351,2.7459915554,21.72838125,174.24971933,48.426162566,397.57245811,242.13081283,1987.8622905,435.62974276,3925.261156,PASS
all-fast,125.0,3.63,band7,all-fast_125c_3.63v_band7,11918.366095,68117.324074,1757.8470204,9825.9776843,6.7800928958,249.55830252,366.26334008,490.44275575,2708.2896421,3199.3026334,3585.7731381,8.7349791345,193.49892992,1937.3988651,10.012452606,81.231089367,126.90070651,175.25581193,799.25090314,1018.401969,1171.4230152,8.025187542,131.51863904,840.38100201,1.0471864387,2.6845204786,2.4091341777,1.0672819312,634.50353256,5092.0098449,48.426162581,397.57245804,242.13081291,1987.8622902,435.62974282,3925.2611553,PASS
