======== band 0 :: generated deck (ff_-40c_3.63v) ========
* GENERATED by simenv.sh -- do not edit; edit /Users/rwalters/GitHub/gf180-pll/.loom/worktrees/issue-8/sim/vco-tuning-range/testbench/tb_vco_tuning.sp instead
* tag=ff_Tm40_V3p63_B0 libs=ff,res_typical,moscap_typical temp=-40C
.include "/Users/rwalters/.volare/gf180mcuD/libs.tech/ngspice/design.ngspice"
.lib "/Users/rwalters/.volare/gf180mcuD/libs.tech/ngspice/sm141064.ngspice" ff
.lib "/Users/rwalters/.volare/gf180mcuD/libs.tech/ngspice/sm141064.ngspice" res_typical
.lib "/Users/rwalters/.volare/gf180mcuD/libs.tech/ngspice/sm141064.ngspice" moscap_typical
.temp -40
.param sim_temp=-40
.param vsup=3.63
.param b0v=0*3.63
.param b1v=0*3.63
.param b2v=0*3.63
.param tsettle=1.34497e-06
.param tstop=3.69866e-06
.param tstep=1.78595e-09
.param tmax=1.78595e-09
.include "/Users/rwalters/GitHub/gf180-pll/.loom/worktrees/issue-8/sim/vco-tuning-range/testbench/tb_vco_tuning.sp"
.end

======== band 0 :: ngspice output ========

Note: Compatibility modes selected: hs a

Warning: m=xx on .subckt line will override multiplier m hierarchy!


Circuit: * generated by simenv.sh -- do not edit; edit /users/rwalters/github/gf180-pll/.loom/worktrees/issue-8/sim/vco-tuning-range/testbench/tb_vco_tuning.sp instead

Doing analysis at TEMP = -40.000000 and TNOM = 27.000000

Using SPARSE 1.3 as Direct Linear Solver

Initial Transient Solution
--------------------------

Node                                   Voltage
----                                   -------
vdd                                       3.63
nb0                                          0
nb1                                          0
nb2                                          0
vc1                                        0.9
vc2                                        1.2
vc3                                        1.5
vc4                                        1.8
vc5                                        2.1
vc6                                        2.4
vc7                                        2.7
nv1                                       3.63
nv2                                       3.63
nv3                                       3.63
nv4                                       3.63
nv5                                       3.63
nv6                                       3.63
nv7                                       3.63
x1.xbias.na                           0.821678
x1.xbias.vbpc                          2.77202
x1.xbias.nc                          0.0950032
x1.xbias.xrcg.11                     0.0947965
x1.xbias.xrcg.21                   0.000206676
x1.xbias.nsu                         0.0246094
x1.xbias.vfix                          1.58822
x1.xbias.nmd                          0.687698
x1.xbias.vbp0                          2.85133
x1.xbias.noff                         0.697186
x1.xbias.xroff.11                     0.696921
x1.xbias.xroff.21                  0.000265407
x1.xbias.nvi                          0.210941
x1.xbias.xrdeg.11                      0.21086
x1.xbias.xrdeg.21                  8.03016e-05
x1.xbias.b0b                              3.63
x1.xbias.b1b                              3.63
x1.xbias.b2b                              3.63
x1.xbias.vbn1                          0.65293
x1.xbias.ga                               3.63
x1.xbias.vbp2                          2.86462
x1.xbias.gb                        1.64118e-13
x1.vbn                                0.632122
x1.xbias.gc                               3.63
x1.vbp                                 2.87273
x1.xs1.nh                              1.12494
x1.y1                                        0
x1.y5                                        0
x1.xs1.nt                         -1.69094e-15
x1.xs2.nh                                 3.63
x1.y2                                     3.63
x1.xs2.nt                          3.51255e-09
x1.xs3.nh                                 3.63
x1.y3                                        0
x1.xs3.nt                         -8.27364e-20
x1.xs4.nh                                 3.63
x1.y4                                     3.63
x1.xs4.nt                          3.51255e-09
x1.xs5.nh                                 3.63
x1.xs5.nt                         -8.27364e-20
x1.nb1                                    3.63
x1.nb2                             3.75582e-09
clk1                                      3.63
x1.xcdec1.c_moscap_int1                  -3.63
x1.xcdec2.c_moscap_int1                  -3.63
x2.xbias.na                           0.821678
x2.xbias.vbpc                          2.77202
x2.xbias.nc                          0.0950032
x2.xbias.xrcg.11                     0.0947965
x2.xbias.xrcg.21                   0.000206676
x2.xbias.nsu                         0.0246094
x2.xbias.vfix                          1.58822
x2.xbias.nmd                          0.687698
x2.xbias.vbp0                          2.84081
x2.xbias.noff                         0.697168
x2.xbias.xroff.11                     0.696902
x2.xbias.xroff.21                    0.0002654
x2.xbias.nvi                          0.415797
x2.xbias.xrdeg.11                     0.415639
x2.xbias.xrdeg.21                  0.000158287
x2.xbias.b0b                              3.63
x2.xbias.b1b                              3.63
x2.xbias.b2b                              3.63
x2.xbias.vbn1                         0.662654
x2.xbias.ga                               3.63
x2.xbias.vbp2                          2.85528
x2.xbias.gb                        1.64496e-13
x2.vbn                                0.640208
x2.xbias.gc                               3.63
x2.vbp                                 2.86473
x2.xs1.nh                              1.13192
x2.y1                                        0
x2.y5                                        0
x2.xs1.nt                          4.22895e-36
x2.xs2.nh                                 3.63
x2.y2                                     3.63
x2.xs2.nt                          3.00896e-09
x2.xs3.nh                                 3.63
x2.y3                                        0
x2.xs3.nt                          4.60747e-78
x2.xs4.nh                                 3.63
x2.y4                                     3.63
x2.xs4.nt                          3.00896e-09
x2.xs5.nh                                 3.63
x2.xs5.nt                           4.6071e-78
x2.nb1                                    3.63
x2.nb2                             3.75582e-09
clk2                                      3.63
x2.xcdec1.c_moscap_int1                  -3.63
x2.xcdec2.c_moscap_int1                  -3.63
x3.xbias.na                           0.821678
x3.xbias.vbpc                          2.77202
x3.xbias.nc                          0.0950032
x3.xbias.xrcg.11                     0.0947965
x3.xbias.xrcg.21                   0.000206676
x3.xbias.nsu                         0.0246094
x3.xbias.vfix                          1.58822
x3.xbias.nmd                          0.687698
x3.xbias.vbp0                          2.83112
x3.xbias.noff                         0.697151
x3.xbias.xroff.11                     0.696886
x3.xbias.xroff.21                  0.000265394
x3.xbias.nvi                           0.63207
x3.xbias.xrdeg.11                     0.631829
x3.xbias.xrdeg.21                  0.000240618
x3.xbias.b0b                              3.63
x3.xbias.b1b                              3.63
x3.xbias.b2b                              3.63
x3.xbias.vbn1                         0.671503
x3.xbias.ga                               3.63
x3.xbias.vbp2                          2.84674
x3.xbias.gb                        1.64837e-13
x3.vbn                                0.647485
x3.xbias.gc                               3.63
x3.vbp                                 2.85749
x3.xs1.nh                              1.13824
x3.y1                                        0
x3.y5                                        0
x3.xs1.nt                          1.13872e-81
x3.xs2.nh                                 3.63
x3.y2                                     3.63
x3.xs2.nt                          2.63514e-09
x3.xs3.nh                                 3.63
x3.y3                                        0
x3.xs3.nt                        -9.44799e-177
x3.xs4.nh                                 3.63
x3.y4                                     3.63
x3.xs4.nt                          2.63514e-09
x3.xs5.nh                                 3.63
x3.xs5.nt                        -9.44799e-177
x3.nb1                                    3.63
x3.nb2                             3.75582e-09
clk3                                      3.63
x3.xcdec1.c_moscap_int1                  -3.63
x3.xcdec2.c_moscap_int1                  -3.63
x4.xbias.na                           0.821678
x4.xbias.vbpc                          2.77202
x4.xbias.nc                          0.0950032
x4.xbias.xrcg.11                     0.0947965
x4.xbias.xrcg.21                   0.000206676
x4.xbias.nsu                         0.0246094
x4.xbias.vfix                          1.58822
x4.xbias.nmd                          0.687698
x4.xbias.vbp0                          2.82219
x4.xbias.noff                         0.697136
x4.xbias.xroff.11                      0.69687
x4.xbias.xroff.21                  0.000265388
x4.xbias.nvi                          0.855551
x4.xbias.xrdeg.11                     0.855226
x4.xbias.xrdeg.21                  0.000325694
x4.xbias.b0b                              3.63
x4.xbias.b1b                              3.63
x4.xbias.b2b                              3.63
x4.xbias.vbn1                         0.679561
x4.xbias.ga                               3.63
x4.xbias.vbp2                          2.83893
x4.xbias.gb                        1.65147e-13
x4.vbn                                0.654042
x4.xbias.gc                               3.63
x4.vbp                                 2.85093
x4.xs1.nh                              1.14398
x4.y1                                        0
x4.y5                                        0
x4.xs1.nt                         2.77075e-108
x4.xs2.nh                                 3.63
x4.y2                                     3.63
x4.xs2.nt                          2.35037e-09
x4.xs3.nh                                 3.63
x4.y3                                        0
x4.xs3.nt                         3.71398e-236
x4.xs4.nh                                 3.63
x4.y4                                     3.63
x4.xs4.nt                          2.35037e-09
x4.xs5.nh                                 3.63
x4.xs5.nt                         3.71397e-236
x4.nb1                                    3.63
x4.nb2                             3.75582e-09
clk4                                      3.63
x4.xcdec1.c_moscap_int1                  -3.63
x4.xcdec2.c_moscap_int1                  -3.63
x5.xbias.na                           0.821678
x5.xbias.vbpc                          2.77202
x5.xbias.nc                          0.0950032
x5.xbias.xrcg.11                     0.0947965
x5.xbias.xrcg.21                   0.000206676
x5.xbias.nsu                         0.0246094
x5.xbias.vfix                          1.58822
x5.xbias.nmd                          0.687698
x5.xbias.vbp0                           2.8139
x5.xbias.noff                         0.697122
x5.xbias.xroff.11                     0.696856
x5.xbias.xroff.21                  0.000265383
x5.xbias.nvi                           1.08441
x5.xbias.xrdeg.11                      1.08399
x5.xbias.xrdeg.21                  0.000412815
x5.xbias.b0b                              3.63
x5.xbias.b1b                              3.63
x5.xbias.b2b                              3.63
x5.xbias.vbn1                         0.686959
x5.xbias.ga                               3.63
x5.xbias.vbp2                          2.83171
x5.xbias.gb                        1.65433e-13
x5.vbn                                0.660004
x5.xbias.gc                               3.63
x5.vbp                                 2.84493
x5.xs1.nh                              1.14924
x5.y1                                        0
x5.y5                                        0
x5.xs1.nt                          1.32489e-90
x5.xs2.nh                                 3.63
x5.y2                                     3.63
x5.xs2.nt                          2.12701e-09
x5.xs3.nh                                 3.63
x5.y3                                        0
x5.xs3.nt                        -1.08183e-196
x5.xs4.nh                                 3.63
x5.y4                                     3.63
x5.xs4.nt                          2.12701e-09
x5.xs5.nh                                 3.63
x5.xs5.nt                        -1.08183e-196
x5.nb1                                    3.63
x5.nb2                             3.75582e-09
clk5                                      3.63
x5.xcdec1.c_moscap_int1                  -3.63
x5.xcdec2.c_moscap_int1                  -3.63
x6.xbias.na                           0.821678
x6.xbias.vbpc                          2.77202
x6.xbias.nc                          0.0950032
x6.xbias.xrcg.11                     0.0947965
x6.xbias.xrcg.21                   0.000206676
x6.xbias.nsu                         0.0246094
x6.xbias.vfix                          1.58822
x6.xbias.nmd                          0.687698
x6.xbias.vbp0                          2.80615
x6.xbias.noff                         0.697108
x6.xbias.xroff.11                     0.696843
x6.xbias.xroff.21                  0.000265378
x6.xbias.nvi                           1.31757
x6.xbias.xrdeg.11                      1.31707
x6.xbias.xrdeg.21                  0.000501576
x6.xbias.b0b                              3.63
x6.xbias.b1b                              3.63
x6.xbias.b2b                              3.63
x6.xbias.vbn1                         0.693807
x6.xbias.ga                               3.63
x6.xbias.vbp2                            2.825
x6.xbias.gb                        1.65696e-13
x6.vbn                                0.665473
x6.xbias.gc                               3.63
x6.vbp                                  2.8394
x6.xs1.nh                               1.1541
x6.y1                                        0
x6.y5                                        0
x6.xs1.nt                          4.17452e-91
x6.xs2.nh                                 3.63
x6.y2                                     3.63
x6.xs2.nt                          1.94734e-09
x6.xs3.nh                                 3.63
x6.y3                                        0
x6.xs3.nt                         3.35123e-197
x6.xs4.nh                                 3.63
x6.y4                                     3.63
x6.xs4.nt                          1.94734e-09
x6.xs5.nh                                 3.63
x6.xs5.nt                         3.35123e-197
x6.nb1                                    3.63
x6.nb2                             3.75582e-09
clk6                                      3.63
x6.xcdec1.c_moscap_int1                  -3.63
x6.xcdec2.c_moscap_int1                  -3.63
x7.xbias.na                           0.821678
x7.xbias.vbpc                          2.77202
x7.xbias.nc                          0.0950032
x7.xbias.xrcg.11                     0.0947965
x7.xbias.xrcg.21                   0.000206676
x7.xbias.nsu                         0.0246094
x7.xbias.vfix                          1.58822
x7.xbias.nmd                          0.687698
x7.xbias.vbp0                          2.79884
x7.xbias.noff                         0.697096
x7.xbias.xroff.11                      0.69683
x7.xbias.xroff.21                  0.000265373
x7.xbias.nvi                           1.55432
x7.xbias.xrdeg.11                      1.55373
x7.xbias.xrdeg.21                  0.000591704
x7.xbias.b0b                              3.63
x7.xbias.b1b                              3.63
x7.xbias.b2b                              3.63
x7.xbias.vbn1                         0.700193
x7.xbias.ga                               3.63
x7.xbias.vbp2                          2.81871
x7.xbias.gb                         1.6594e-13
x7.vbn                                0.670532
x7.xbias.gc                               3.63
x7.vbp                                 2.83424
x7.xs1.nh                              1.15863
x7.y1                                        0
x7.y5                                        0
x7.xs1.nt                            -4.01e-92
x7.xs2.nh                                 3.63
x7.y2                                     3.63
x7.xs2.nt                          1.79969e-09
x7.xs3.nh                                 3.63
x7.y3                                        0
x7.xs3.nt                         1.25751e-197
x7.xs4.nh                                 3.63
x7.y4                                     3.63
x7.xs4.nt                          1.79969e-09
x7.xs5.nh                                 3.63
x7.xs5.nt                         1.25749e-197
x7.nb1                                    3.63
x7.nb2                             3.75582e-09
clk7                                      3.63
x7.xcdec1.c_moscap_int1                  -3.63
x7.xcdec2.c_moscap_int1                  -3.63
e.x7.xcdec2.ec_moscap#branch                 0
e.x7.xcdec1.ec_moscap#branch                 0
e.x6.xcdec2.ec_moscap#branch                 0
e.x6.xcdec1.ec_moscap#branch                 0
e.x5.xcdec2.ec_moscap#branch                 0
e.x5.xcdec1.ec_moscap#branch                 0
e.x4.xcdec2.ec_moscap#branch                 0
e.x4.xcdec1.ec_moscap#branch                 0
e.x3.xcdec2.ec_moscap#branch                 0
e.x3.xcdec1.ec_moscap#branch                 0
e.x2.xcdec2.ec_moscap#branch                 0
e.x2.xcdec1.ec_moscap#branch                 0
e.x1.xcdec2.ec_moscap#branch                 0
e.x1.xcdec1.ec_moscap#branch                 0
vs7#branch                         5.62621e-05
vs6#branch                          5.1803e-05
vs5#branch                         4.73976e-05
vs4#branch                         4.30583e-05
vs3#branch                         3.88046e-05
vs2#branch                         3.46683e-05
vs1#branch                         3.07231e-05
vv7#branch                                   0
vv6#branch                                   0
vv5#branch                                   0
vv4#branch                                   0
vv3#branch                                   0
vv2#branch                                   0
vv1#branch                                   0
vb2#branch                                   0
vb1#branch                                   0
vb0#branch                                   0
vdd#branch                        -0.000302717


No. of Data Rows : 2748

  Measurements for Transient Analysis

tp1                 =  1.12980e-06 targ=  2.54154e-06 trig=  1.41174e-06
tp2                 =  9.40921e-07 targ=  2.35145e-06 trig=  1.41053e-06
tp3                 =  8.01411e-07 targ=  2.20511e-06 trig=  1.40370e-06
tp4                 =  6.96516e-07 targ=  2.09056e-06 trig=  1.39404e-06
tp5                 =  6.15776e-07 targ=  1.99974e-06 trig=  1.38396e-06
tp6                 =  5.50827e-07 targ=  1.92826e-06 trig=  1.37744e-06
tp7                 =  4.99462e-07 targ=  1.87024e-06 trig=  1.37078e-06
f1                  =  3.54044e+06
f2                  =  4.25115e+06
f3                  =  4.99120e+06
f4                  =  5.74287e+06
f5                  =  6.49587e+06
f6                  =  7.26181e+06
f7                  =  8.00862e+06
i1                  =  5.72709e-05 from=  1.34497e-06 to=  3.69866e-06
i2                  =  6.21566e-05 from=  1.34497e-06 to=  3.69866e-06
i3                  =  6.69287e-05 from=  1.34497e-06 to=  3.69866e-06
i4                  =  6.96094e-05 from=  1.34497e-06 to=  3.69866e-06
i5                  =  7.58263e-05 from=  1.34497e-06 to=  3.69866e-06
i6                  =  8.20081e-05 from=  1.34497e-06 to=  3.69866e-06
i7                  =  8.31306e-05 from=  1.34497e-06 to=  3.69866e-06
sw1hi               =  3.67946e+00 at=  2.82419e-06
sw1lo               =  -2.49341e-02 at=  3.51695e-06
sw7hi               =  3.68812e+00 at=  2.61862e-06
sw7lo               =  -4.14461e-02 at=  3.04995e-06


Total analysis time (seconds) = 303.185

Total elapsed time (seconds) = 308.578 

Total DRAM available = 98304.000 MB.
DRAM currently available =  487.578 MB.
Maximum ngspice program size =   24.156 MB.
Current ngspice program size =   24.156 MB.


======== band 1 :: generated deck (ff_-40c_3.63v) ========
* GENERATED by simenv.sh -- do not edit; edit /Users/rwalters/GitHub/gf180-pll/.loom/worktrees/issue-8/sim/vco-tuning-range/testbench/tb_vco_tuning.sp instead
* tag=ff_Tm40_V3p63_B1 libs=ff,res_typical,moscap_typical temp=-40C
.include "/Users/rwalters/.volare/gf180mcuD/libs.tech/ngspice/design.ngspice"
.lib "/Users/rwalters/.volare/gf180mcuD/libs.tech/ngspice/sm141064.ngspice" ff
.lib "/Users/rwalters/.volare/gf180mcuD/libs.tech/ngspice/sm141064.ngspice" res_typical
.lib "/Users/rwalters/.volare/gf180mcuD/libs.tech/ngspice/sm141064.ngspice" moscap_typical
.temp -40
.param sim_temp=-40
.param vsup=3.63
.param b0v=1*3.63
.param b1v=0*3.63
.param b2v=0*3.63
.param tsettle=8.15132e-07
.param tstop=2.24161e-06
.param tstep=1.08239e-09
.param tmax=1.08239e-09
.include "/Users/rwalters/GitHub/gf180-pll/.loom/worktrees/issue-8/sim/vco-tuning-range/testbench/tb_vco_tuning.sp"
.end

======== band 1 :: ngspice output ========

Note: Compatibility modes selected: hs a

Warning: m=xx on .subckt line will override multiplier m hierarchy!


Circuit: * generated by simenv.sh -- do not edit; edit /users/rwalters/github/gf180-pll/.loom/worktrees/issue-8/sim/vco-tuning-range/testbench/tb_vco_tuning.sp instead

Doing analysis at TEMP = -40.000000 and TNOM = 27.000000

Using SPARSE 1.3 as Direct Linear Solver

Initial Transient Solution
--------------------------

Node                                   Voltage
----                                   -------
vdd                                       3.63
nb0                                       3.63
nb1                                          0
nb2                                          0
vc1                                        0.9
vc2                                        1.2
vc3                                        1.5
vc4                                        1.8
vc5                                        2.1
vc6                                        2.4
vc7                                        2.7
nv1                                       3.63
nv2                                       3.63
nv3                                       3.63
nv4                                       3.63
nv5                                       3.63
nv6                                       3.63
nv7                                       3.63
x1.xbias.na                           0.821678
x1.xbias.vbpc                          2.77202
x1.xbias.nc                          0.0950032
x1.xbias.xrcg.11                     0.0947965
x1.xbias.xrcg.21                   0.000206676
x1.xbias.nsu                         0.0246094
x1.xbias.vfix                          1.58822
x1.xbias.nmd                          0.687698
x1.xbias.vbp0                          2.85133
x1.xbias.noff                         0.697186
x1.xbias.xroff.11                     0.696921
x1.xbias.xroff.21                  0.000265407
x1.xbias.nvi                          0.210941
x1.xbias.xrdeg.11                      0.21086
x1.xbias.xrdeg.21                  8.03016e-05
x1.xbias.b0b                       4.96292e-09
x1.xbias.b1b                              3.63
x1.xbias.b2b                              3.63
x1.xbias.vbn1                         0.678028
x1.xbias.ga                            2.85133
x1.xbias.vbp2                          2.84042
x1.xbias.gb                        1.65087e-13
x1.vbn                                0.652799
x1.xbias.gc                               3.63
x1.vbp                                 2.85218
x1.xs1.nh                              1.14288
x1.y1                                        0
x1.y5                                        0
x1.xs1.nt                         -1.56209e-11
x1.xs2.nh                                 3.63
x1.y2                                     3.63
x1.xs2.nt                           2.4011e-09
x1.xs3.nh                                 3.63
x1.y3                                        0
x1.xs3.nt                          8.45851e-17
x1.xs4.nh                                 3.63
x1.y4                                     3.63
x1.xs4.nt                           2.4011e-09
x1.xs5.nh                                 3.63
x1.xs5.nt                          8.45851e-17
x1.nb1                                    3.63
x1.nb2                             3.75582e-09
clk1                                      3.63
x1.xcdec1.c_moscap_int1                  -3.63
x1.xcdec2.c_moscap_int1                  -3.63
x2.xbias.na                           0.821678
x2.xbias.vbpc                          2.77202
x2.xbias.nc                          0.0950032
x2.xbias.xrcg.11                     0.0947965
x2.xbias.xrcg.21                   0.000206676
x2.xbias.nsu                         0.0246094
x2.xbias.vfix                          1.58822
x2.xbias.nmd                          0.687698
x2.xbias.vbp0                          2.84081
x2.xbias.noff                         0.697168
x2.xbias.xroff.11                     0.696902
x2.xbias.xroff.21                    0.0002654
x2.xbias.nvi                          0.415797
x2.xbias.xrdeg.11                     0.415639
x2.xbias.xrdeg.21                  0.000158287
x2.xbias.b0b                       4.96292e-09
x2.xbias.b1b                              3.63
x2.xbias.b2b                              3.63
x2.xbias.vbn1                         0.688953
x2.xbias.ga                            2.84081
x2.xbias.vbp2                          2.82976
x2.xbias.gb                        1.65508e-13
x2.vbn                                0.661602
x2.xbias.gc                               3.63
x2.vbp                                 2.84332
x2.xs1.nh                              1.15065
x2.y1                                        0
x2.y5                                        0
x2.xs1.nt                         -7.98998e-13
x2.xs2.nh                                 3.63
x2.y2                                     3.63
x2.xs2.nt                          2.07221e-09
x2.xs3.nh                                 3.63
x2.y3                                        0
x2.xs3.nt                          2.84018e-17
x2.xs4.nh                                 3.63
x2.y4                                     3.63
x2.xs4.nt                          2.07221e-09
x2.xs5.nh                                 3.63
x2.xs5.nt                          2.84018e-17
x2.nb1                                    3.63
x2.nb2                             3.75582e-09
clk2                                      3.63
x2.xcdec1.c_moscap_int1                  -3.63
x2.xcdec2.c_moscap_int1                  -3.63
x3.xbias.na                           0.821678
x3.xbias.vbpc                          2.77202
x3.xbias.nc                          0.0950032
x3.xbias.xrcg.11                     0.0947965
x3.xbias.xrcg.21                   0.000206676
x3.xbias.nsu                         0.0246094
x3.xbias.vfix                          1.58822
x3.xbias.nmd                          0.687698
x3.xbias.vbp0                          2.83112
x3.xbias.noff                         0.697151
x3.xbias.xroff.11                     0.696886
x3.xbias.xroff.21                  0.000265394
x3.xbias.nvi                           0.63207
x3.xbias.xrdeg.11                     0.631829
x3.xbias.xrdeg.21                  0.000240618
x3.xbias.b0b                       4.96292e-09
x3.xbias.b1b                              3.63
x3.xbias.b2b                              3.63
x3.xbias.vbn1                         0.698976
x3.xbias.ga                            2.83112
x3.xbias.vbp2                          2.81991
x3.xbias.gb                        1.65893e-13
x3.vbn                                0.669571
x3.xbias.gc                               3.63
x3.vbp                                 2.83522
x3.xs1.nh                              1.15777
x3.y1                                        0
x3.y5                                        0
x3.xs1.nt                         -2.09166e-18
x3.xs2.nh                                 3.63
x3.y2                                     3.63
x3.xs2.nt                          1.82647e-09
x3.xs3.nh                                 3.63
x3.y3                                        0
x3.xs3.nt                          5.36098e-39
x3.xs4.nh                                 3.63
x3.y4                                     3.63
x3.xs4.nt                          1.82647e-09
x3.xs5.nh                                 3.63
x3.xs5.nt                          5.36098e-39
x3.nb1                                    3.63
x3.nb2                             3.75582e-09
clk3                                      3.63
x3.xcdec1.c_moscap_int1                  -3.63
x3.xcdec2.c_moscap_int1                  -3.63
x4.xbias.na                           0.821678
x4.xbias.vbpc                          2.77202
x4.xbias.nc                          0.0950032
x4.xbias.xrcg.11                     0.0947965
x4.xbias.xrcg.21                   0.000206676
x4.xbias.nsu                         0.0246094
x4.xbias.vfix                          1.58822
x4.xbias.nmd                          0.687698
x4.xbias.vbp0                          2.82219
x4.xbias.noff                         0.697136
x4.xbias.xroff.11                      0.69687
x4.xbias.xroff.21                  0.000265388
x4.xbias.nvi                          0.855551
x4.xbias.xrdeg.11                     0.855226
x4.xbias.xrdeg.21                  0.000325694
x4.xbias.b0b                       4.96292e-09
x4.xbias.b1b                              3.63
x4.xbias.b2b                              3.63
x4.xbias.vbn1                          0.70817
x4.xbias.ga                            2.82219
x4.xbias.vbp2                          2.81081
x4.xbias.gb                        1.66246e-13
x4.vbn                                0.676793
x4.xbias.gc                               3.63
x4.vbp                                 2.82782
x4.xs1.nh                              1.16429
x4.y1                                        0
x4.y5                                        0
x4.xs1.nt                          1.99253e-18
x4.xs2.nh                                 3.63
x4.y2                                     3.63
x4.xs2.nt                          1.63814e-09
x4.xs3.nh                                 3.63
x4.y3                                        0
x4.xs3.nt                          -1.2336e-20
x4.xs4.nh                                 3.63
x4.y4                                     3.63
x4.xs4.nt                          1.63814e-09
x4.xs5.nh                                 3.63
x4.xs5.nt                          -1.2336e-20
x4.nb1                                    3.63
x4.nb2                             3.75582e-09
clk4                                      3.63
x4.xcdec1.c_moscap_int1                  -3.63
x4.xcdec2.c_moscap_int1                  -3.63
x5.xbias.na                           0.821678
x5.xbias.vbpc                          2.77202
x5.xbias.nc                          0.0950032
x5.xbias.xrcg.11                     0.0947965
x5.xbias.xrcg.21                   0.000206676
x5.xbias.nsu                         0.0246094
x5.xbias.vfix                          1.58822
x5.xbias.nmd                          0.687698
x5.xbias.vbp0                           2.8139
x5.xbias.noff                         0.697122
x5.xbias.xroff.11                     0.696856
x5.xbias.xroff.21                  0.000265383
x5.xbias.nvi                           1.08441
x5.xbias.xrdeg.11                      1.08399
x5.xbias.xrdeg.21                  0.000412815
x5.xbias.b0b                       4.96292e-09
x5.xbias.b1b                              3.63
x5.xbias.b2b                              3.63
x5.xbias.vbn1                         0.716667
x5.xbias.ga                             2.8139
x5.xbias.vbp2                          2.80233
x5.xbias.gb                        1.66571e-13
x5.vbn                                0.683394
x5.xbias.gc                               3.63
x5.vbp                                 2.82099
x5.xs1.nh                              1.17031
x5.y1                                        0
x5.y5                                        0
x5.xs1.nt                         -3.19566e-16
x5.xs2.nh                                 3.63
x5.y2                                     3.63
x5.xs2.nt                          1.48963e-09
x5.xs3.nh                                 3.63
x5.y3                                        0
x5.xs3.nt                          -3.8814e-39
x5.xs4.nh                                 3.63
x5.y4                                     3.63
x5.xs4.nt                          1.48963e-09
x5.xs5.nh                                 3.63
x5.xs5.nt                          -3.8814e-39
x5.nb1                                    3.63
x5.nb2                             3.75582e-09
clk5                                      3.63
x5.xcdec1.c_moscap_int1                  -3.63
x5.xcdec2.c_moscap_int1                  -3.63
x6.xbias.na                           0.821678
x6.xbias.vbpc                          2.77202
x6.xbias.nc                          0.0950032
x6.xbias.xrcg.11                     0.0947965
x6.xbias.xrcg.21                   0.000206676
x6.xbias.nsu                         0.0246094
x6.xbias.vfix                          1.58822
x6.xbias.nmd                          0.687698
x6.xbias.vbp0                          2.80615
x6.xbias.noff                         0.697108
x6.xbias.xroff.11                     0.696843
x6.xbias.xroff.21                  0.000265378
x6.xbias.nvi                           1.31757
x6.xbias.xrdeg.11                      1.31707
x6.xbias.xrdeg.21                  0.000501576
x6.xbias.b0b                       4.96292e-09
x6.xbias.b1b                              3.63
x6.xbias.b2b                              3.63
x6.xbias.vbn1                         0.724581
x6.xbias.ga                            2.80615
x6.xbias.vbp2                          2.79438
x6.xbias.gb                        1.66877e-13
x6.vbn                                0.689478
x6.xbias.gc                               3.63
x6.vbp                                 2.81463
x6.xs1.nh                              1.17593
x6.y1                                        0
x6.y5                                        0
x6.xs1.nt                          -8.9524e-18
x6.xs2.nh                                 3.63
x6.y2                                     3.63
x6.xs2.nt                          1.36957e-09
x6.xs3.nh                                 3.63
x6.y3                                        0
x6.xs3.nt                            6.667e-20
x6.xs4.nh                                 3.63
x6.y4                                     3.63
x6.xs4.nt                          1.36957e-09
x6.xs5.nh                                 3.63
x6.xs5.nt                            6.667e-20
x6.nb1                                    3.63
x6.nb2                             3.75582e-09
clk6                                      3.63
x6.xcdec1.c_moscap_int1                  -3.63
x6.xcdec2.c_moscap_int1                  -3.63
x7.xbias.na                           0.821678
x7.xbias.vbpc                          2.77202
x7.xbias.nc                          0.0950032
x7.xbias.xrcg.11                     0.0947965
x7.xbias.xrcg.21                   0.000206676
x7.xbias.nsu                         0.0246094
x7.xbias.vfix                          1.58822
x7.xbias.nmd                          0.687698
x7.xbias.vbp0                          2.79884
x7.xbias.noff                         0.697096
x7.xbias.xroff.11                      0.69683
x7.xbias.xroff.21                  0.000265373
x7.xbias.nvi                           1.55432
x7.xbias.xrdeg.11                      1.55373
x7.xbias.xrdeg.21                  0.000591704
x7.xbias.b0b                       4.96292e-09
x7.xbias.b1b                              3.63
x7.xbias.b2b                              3.63
x7.xbias.vbn1                         0.732004
x7.xbias.ga                            2.79884
x7.xbias.vbp2                          2.78688
x7.xbias.gb                        1.67161e-13
x7.vbn                                 0.69513
x7.xbias.gc                               3.63
x7.vbp                                 2.80868
x7.xs1.nh                               1.1812
x7.y1                                        0
x7.y5                                        0
x7.xs1.nt                           1.8915e-18
x7.xs2.nh                                 3.63
x7.y2                                     3.63
x7.xs2.nt                          1.27048e-09
x7.xs3.nh                                 3.63
x7.y3                                        0
x7.xs3.nt                          9.50107e-20
x7.xs4.nh                                 3.63
x7.y4                                     3.63
x7.xs4.nt                          1.27048e-09
x7.xs5.nh                                 3.63
x7.xs5.nt                          9.50107e-20
x7.nb1                                    3.63
x7.nb2                             3.75582e-09
clk7                                      3.63
x7.xcdec1.c_moscap_int1                  -3.63
x7.xcdec2.c_moscap_int1                  -3.63
e.x7.xcdec2.ec_moscap#branch                 0
e.x7.xcdec1.ec_moscap#branch                 0
e.x6.xcdec2.ec_moscap#branch                 0
e.x6.xcdec1.ec_moscap#branch                 0
e.x5.xcdec2.ec_moscap#branch                 0
e.x5.xcdec1.ec_moscap#branch                 0
e.x4.xcdec2.ec_moscap#branch                 0
e.x4.xcdec1.ec_moscap#branch                 0
e.x3.xcdec2.ec_moscap#branch                 0
e.x3.xcdec1.ec_moscap#branch                 0
e.x2.xcdec2.ec_moscap#branch                 0
e.x2.xcdec1.ec_moscap#branch                 0
e.x1.xcdec2.ec_moscap#branch                 0
e.x1.xcdec1.ec_moscap#branch                 0
vs7#branch                          7.1278e-05
vs6#branch                         6.53151e-05
vs5#branch                         5.94228e-05
vs4#branch                         5.36176e-05
vs3#branch                         4.79249e-05
vs2#branch                         4.23873e-05
vs1#branch                         3.71025e-05
vv7#branch                                   0
vv6#branch                                   0
vv5#branch                                   0
vv4#branch                                   0
vv3#branch                                   0
vv2#branch                                   0
vv1#branch                                   0
vb2#branch                                   0
vb1#branch                                   0
vb0#branch                                   0
vdd#branch                        -0.000377048


No. of Data Rows : 2758

  Measurements for Transient Analysis

tp1                 =  7.15203e-07 targ=  1.60901e-06 trig=  8.93811e-07
tp2                 =  5.94768e-07 targ=  1.48768e-06 trig=  8.92911e-07
tp3                 =  5.06790e-07 targ=  1.39304e-06 trig=  8.86251e-07
tp4                 =  4.39987e-07 targ=  1.32021e-06 trig=  8.80226e-07
tp5                 =  3.87999e-07 targ=  1.26123e-06 trig=  8.73227e-07
tp6                 =  3.47145e-07 targ=  1.21388e-06 trig=  8.66733e-07
tp7                 =  3.13777e-07 targ=  1.17486e-06 trig=  8.61083e-07
f1                  =  5.59282e+06
f2                  =  6.72531e+06
f3                  =  7.89281e+06
f4                  =  9.09117e+06
f5                  =  1.03093e+07
f6                  =  1.15226e+07
f7                  =  1.27479e+07
i1                  =  6.56626e-05 from=  8.15132e-07 to=  2.24161e-06
i2                  =  7.01338e-05 from=  8.15132e-07 to=  2.24161e-06
i3                  =  7.69631e-05 from=  8.15132e-07 to=  2.24161e-06
i4                  =  8.32043e-05 from=  8.15132e-07 to=  2.24161e-06
i5                  =  9.23106e-05 from=  8.15132e-07 to=  2.24161e-06
i6                  =  9.69827e-05 from=  8.15132e-07 to=  2.24161e-06
i7                  =  1.03799e-04 from=  8.15132e-07 to=  2.24161e-06
sw1hi               =  3.68659e+00 at=  1.43055e-06
sw1lo               =  -3.52206e-02 at=  2.22699e-06
sw7hi               =  3.67995e+00 at=  1.80155e-06
sw7lo               =  -6.22900e-02 at=  2.22909e-06


Total analysis time (seconds) = 285.325

Total elapsed time (seconds) = 291.259 

Total DRAM available = 98304.000 MB.
DRAM currently available =  157.266 MB.
Maximum ngspice program size =   24.234 MB.
Current ngspice program size =   24.234 MB.


======== band 2 :: generated deck (ff_-40c_3.63v) ========
* GENERATED by simenv.sh -- do not edit; edit /Users/rwalters/GitHub/gf180-pll/.loom/worktrees/issue-8/sim/vco-tuning-range/testbench/tb_vco_tuning.sp instead
* tag=ff_Tm40_V3p63_B2 libs=ff,res_typical,moscap_typical temp=-40C
.include "/Users/rwalters/.volare/gf180mcuD/libs.tech/ngspice/design.ngspice"
.lib "/Users/rwalters/.volare/gf180mcuD/libs.tech/ngspice/sm141064.ngspice" ff
.lib "/Users/rwalters/.volare/gf180mcuD/libs.tech/ngspice/sm141064.ngspice" res_typical
.lib "/Users/rwalters/.volare/gf180mcuD/libs.tech/ngspice/sm141064.ngspice" moscap_typical
.temp -40
.param sim_temp=-40
.param vsup=3.63
.param b0v=0*3.63
.param b1v=1*3.63
.param b2v=0*3.63
.param tsettle=4.94019e-07
.param tstop=1.35855e-06
.param tstep=6.55996e-10
.param tmax=6.55996e-10
.include "/Users/rwalters/GitHub/gf180-pll/.loom/worktrees/issue-8/sim/vco-tuning-range/testbench/tb_vco_tuning.sp"
.end

======== band 2 :: ngspice output ========

Note: Compatibility modes selected: hs a

Warning: m=xx on .subckt line will override multiplier m hierarchy!


Circuit: * generated by simenv.sh -- do not edit; edit /users/rwalters/github/gf180-pll/.loom/worktrees/issue-8/sim/vco-tuning-range/testbench/tb_vco_tuning.sp instead

Doing analysis at TEMP = -40.000000 and TNOM = 27.000000

Using SPARSE 1.3 as Direct Linear Solver

Initial Transient Solution
--------------------------

Node                                   Voltage
----                                   -------
vdd                                       3.63
nb0                                          0
nb1                                       3.63
nb2                                          0
vc1                                        0.9
vc2                                        1.2
vc3                                        1.5
vc4                                        1.8
vc5                                        2.1
vc6                                        2.4
vc7                                        2.7
nv1                                       3.63
nv2                                       3.63
nv3                                       3.63
nv4                                       3.63
nv5                                       3.63
nv6                                       3.63
nv7                                       3.63
x1.xbias.na                           0.821678
x1.xbias.vbpc                          2.77202
x1.xbias.nc                          0.0950032
x1.xbias.xrcg.11                     0.0947965
x1.xbias.xrcg.21                   0.000206676
x1.xbias.nsu                         0.0246094
x1.xbias.vfix                          1.58822
x1.xbias.nmd                          0.687698
x1.xbias.vbp0                          2.85133
x1.xbias.noff                         0.697186
x1.xbias.xroff.11                     0.696921
x1.xbias.xroff.21                  0.000265407
x1.xbias.nvi                          0.210941
x1.xbias.xrdeg.11                      0.21086
x1.xbias.xrdeg.21                  8.03016e-05
x1.xbias.b0b                              3.63
x1.xbias.b1b                       4.96292e-09
x1.xbias.b2b                              3.63
x1.xbias.vbn1                          0.65293
x1.xbias.ga                               3.63
x1.xbias.vbp2                          2.80923
x1.xbias.gb                            0.65293
x1.vbn                                0.678029
x1.xbias.gc                               3.63
x1.vbp                                 2.82654
x1.xs1.nh                              1.16541
x1.y1                                        0
x1.y5                                        0
x1.xs1.nt                         -9.87927e-18
x1.xs2.nh                                 3.63
x1.y2                                     3.63
x1.xs2.nt                          1.60875e-09
x1.xs3.nh                                 3.63
x1.y3                                        0
x1.xs3.nt                         -2.24874e-39
x1.xs4.nh                                 3.63
x1.y4                                     3.63
x1.xs4.nt                          1.60875e-09
x1.xs5.nh                                 3.63
x1.xs5.nt                         -2.24874e-39
x1.nb1                                    3.63
x1.nb2                             3.75582e-09
clk1                                      3.63
x1.xcdec1.c_moscap_int1                  -3.63
x1.xcdec2.c_moscap_int1                  -3.63
x2.xbias.na                           0.821678
x2.xbias.vbpc                          2.77202
x2.xbias.nc                          0.0950032
x2.xbias.xrcg.11                     0.0947965
x2.xbias.xrcg.21                   0.000206676
x2.xbias.nsu                         0.0246094
x2.xbias.vfix                          1.58822
x2.xbias.nmd                          0.687698
x2.xbias.vbp0                          2.84081
x2.xbias.noff                         0.697168
x2.xbias.xroff.11                     0.696902
x2.xbias.xroff.21                    0.0002654
x2.xbias.nvi                          0.415797
x2.xbias.xrdeg.11                     0.415639
x2.xbias.xrdeg.21                  0.000158287
x2.xbias.b0b                              3.63
x2.xbias.b1b                       4.96292e-09
x2.xbias.b2b                              3.63
x2.xbias.vbn1                         0.662654
x2.xbias.ga                               3.63
x2.xbias.vbp2                          2.79657
x2.xbias.gb                           0.662654
x2.vbn                                0.687816
x2.xbias.gc                               3.63
x2.vbp                                 2.81638
x2.xs1.nh                              1.17439
x2.y1                                        0
x2.y5                                        0
x2.xs1.nt                           1.7348e-64
x2.xs2.nh                                 3.63
x2.y2                                     3.63
x2.xs2.nt                          1.40092e-09
x2.xs3.nh                                 3.63
x2.y3                                        0
x2.xs3.nt                         1.69941e-195
x2.xs4.nh                                 3.63
x2.y4                                     3.63
x2.xs4.nt                          1.40092e-09
x2.xs5.nh                                 3.63
x2.xs5.nt                         1.69942e-195
x2.nb1                                    3.63
x2.nb2                             3.75582e-09
clk2                                      3.63
x2.xcdec1.c_moscap_int1                  -3.63
x2.xcdec2.c_moscap_int1                  -3.63
x3.xbias.na                           0.821678
x3.xbias.vbpc                          2.77202
x3.xbias.nc                          0.0950032
x3.xbias.xrcg.11                     0.0947965
x3.xbias.xrcg.21                   0.000206676
x3.xbias.nsu                         0.0246094
x3.xbias.vfix                          1.58822
x3.xbias.nmd                          0.687698
x3.xbias.vbp0                          2.83112
x3.xbias.noff                         0.697151
x3.xbias.xroff.11                     0.696886
x3.xbias.xroff.21                  0.000265394
x3.xbias.nvi                           0.63207
x3.xbias.xrdeg.11                     0.631829
x3.xbias.xrdeg.21                  0.000240618
x3.xbias.b0b                              3.63
x3.xbias.b1b                       4.96292e-09
x3.xbias.b2b                              3.63
x3.xbias.vbn1                         0.671503
x3.xbias.ga                               3.63
x3.xbias.vbp2                          2.78473
x3.xbias.gb                           0.671503
x3.vbn                                0.696734
x3.xbias.gc                               3.63
x3.vbp                                 2.80698
x3.xs1.nh                               1.1827
x3.y1                                        0
x3.y5                                        0
x3.xs1.nt                          3.23627e-83
x3.xs2.nh                                 3.63
x3.y2                                     3.63
x3.xs2.nt                          1.24431e-09
x3.xs3.nh                                 3.63
x3.y3                                        0
x3.xs3.nt                         1.01799e-175
x3.xs4.nh                                 3.63
x3.y4                                     3.63
x3.xs4.nt                          1.24431e-09
x3.xs5.nh                                 3.63
x3.xs5.nt                         1.01799e-175
x3.nb1                                    3.63
x3.nb2                             3.75582e-09
clk3                                      3.63
x3.xcdec1.c_moscap_int1                  -3.63
x3.xcdec2.c_moscap_int1                  -3.63
x4.xbias.na                           0.821678
x4.xbias.vbpc                          2.77202
x4.xbias.nc                          0.0950032
x4.xbias.xrcg.11                     0.0947965
x4.xbias.xrcg.21                   0.000206676
x4.xbias.nsu                         0.0246094
x4.xbias.vfix                          1.58822
x4.xbias.nmd                          0.687698
x4.xbias.vbp0                          2.82219
x4.xbias.noff                         0.697136
x4.xbias.xroff.11                      0.69687
x4.xbias.xroff.21                  0.000265388
x4.xbias.nvi                          0.855551
x4.xbias.xrdeg.11                     0.855226
x4.xbias.xrdeg.21                  0.000325694
x4.xbias.b0b                              3.63
x4.xbias.b1b                       4.96292e-09
x4.xbias.b2b                              3.63
x4.xbias.vbn1                         0.679561
x4.xbias.ga                               3.63
x4.xbias.vbp2                          2.77368
x4.xbias.gb                           0.679561
x4.vbn                                0.704865
x4.xbias.gc                               3.63
x4.vbp                                 2.79831
x4.xs1.nh                              1.19039
x4.y1                                        0
x4.y5                                        0
x4.xs1.nt                          1.99533e-83
x4.xs2.nh                                 3.63
x4.y2                                     3.63
x4.xs2.nt                          1.12338e-09
x4.xs3.nh                                 3.63
x4.y3                                        0
x4.xs3.nt                        -3.10731e-176
x4.xs4.nh                                 3.63
x4.y4                                     3.63
x4.xs4.nt                          1.12338e-09
x4.xs5.nh                                 3.63
x4.xs5.nt                        -3.10697e-176
x4.nb1                                    3.63
x4.nb2                             3.75582e-09
clk4                                      3.63
x4.xcdec1.c_moscap_int1                  -3.63
x4.xcdec2.c_moscap_int1                  -3.63
x5.xbias.na                           0.821678
x5.xbias.vbpc                          2.77202
x5.xbias.nc                          0.0950032
x5.xbias.xrcg.11                     0.0947965
x5.xbias.xrcg.21                   0.000206676
x5.xbias.nsu                         0.0246094
x5.xbias.vfix                          1.58822
x5.xbias.nmd                          0.687698
x5.xbias.vbp0                           2.8139
x5.xbias.noff                         0.697122
x5.xbias.xroff.11                     0.696856
x5.xbias.xroff.21                  0.000265383
x5.xbias.nvi                           1.08441
x5.xbias.xrdeg.11                      1.08399
x5.xbias.xrdeg.21                  0.000412815
x5.xbias.b0b                              3.63
x5.xbias.b1b                       4.96292e-09
x5.xbias.b2b                              3.63
x5.xbias.vbn1                         0.686959
x5.xbias.ga                               3.63
x5.xbias.vbp2                          2.76331
x5.xbias.gb                           0.686959
x5.vbn                                 0.71234
x5.xbias.gc                               3.63
x5.vbp                                 2.79024
x5.xs1.nh                              1.19756
x5.y1                                        0
x5.y5                                        0
x5.xs1.nt                         -8.02529e-84
x5.xs2.nh                                 3.63
x5.y2                                     3.63
x5.xs2.nt                          1.02739e-09
x5.xs3.nh                                 3.63
x5.y3                                        0
x5.xs3.nt                        -2.39106e-176
x5.xs4.nh                                 3.63
x5.y4                                     3.63
x5.xs4.nt                          1.02739e-09
x5.xs5.nh                                 3.63
x5.xs5.nt                        -2.39106e-176
x5.nb1                                    3.63
x5.nb2                             3.75582e-09
clk5                                      3.63
x5.xcdec1.c_moscap_int1                  -3.63
x5.xcdec2.c_moscap_int1                  -3.63
x6.xbias.na                           0.821678
x6.xbias.vbpc                          2.77202
x6.xbias.nc                          0.0950032
x6.xbias.xrcg.11                     0.0947965
x6.xbias.xrcg.21                   0.000206676
x6.xbias.nsu                         0.0246094
x6.xbias.vfix                          1.58822
x6.xbias.nmd                          0.687698
x6.xbias.vbp0                          2.80615
x6.xbias.noff                         0.697108
x6.xbias.xroff.11                     0.696843
x6.xbias.xroff.21                  0.000265378
x6.xbias.nvi                           1.31757
x6.xbias.xrdeg.11                      1.31707
x6.xbias.xrdeg.21                  0.000501576
x6.xbias.b0b                              3.63
x6.xbias.b1b                       4.96292e-09
x6.xbias.b2b                              3.63
x6.xbias.vbn1                         0.693807
x6.xbias.ga                               3.63
x6.xbias.vbp2                          2.75351
x6.xbias.gb                           0.693807
x6.vbn                                0.719267
x6.xbias.gc                               3.63
x6.vbp                                 2.78268
x6.xs1.nh                               1.2043
x6.y1                                        0
x6.y5                                        0
x6.xs1.nt                          2.37302e-84
x6.xs2.nh                                 3.63
x6.y2                                     3.63
x6.xs2.nt                          9.49331e-10
x6.xs3.nh                                 3.63
x6.y3                                        0
x6.xs3.nt                        -5.09429e-157
x6.xs4.nh                                 3.63
x6.y4                                     3.63
x6.xs4.nt                          9.49331e-10
x6.xs5.nh                                 3.63
x6.xs5.nt                        -5.09429e-157
x6.nb1                                    3.63
x6.nb2                             3.75582e-09
clk6                                      3.63
x6.xcdec1.c_moscap_int1                  -3.63
x6.xcdec2.c_moscap_int1                  -3.63
x7.xbias.na                           0.821678
x7.xbias.vbpc                          2.77202
x7.xbias.nc                          0.0950032
x7.xbias.xrcg.11                     0.0947965
x7.xbias.xrcg.21                   0.000206676
x7.xbias.nsu                         0.0246094
x7.xbias.vfix                          1.58822
x7.xbias.nmd                          0.687698
x7.xbias.vbp0                          2.79884
x7.xbias.noff                         0.697096
x7.xbias.xroff.11                      0.69683
x7.xbias.xroff.21                  0.000265373
x7.xbias.nvi                           1.55432
x7.xbias.xrdeg.11                      1.55373
x7.xbias.xrdeg.21                  0.000591704
x7.xbias.b0b                              3.63
x7.xbias.b1b                       4.96292e-09
x7.xbias.b2b                              3.63
x7.xbias.vbn1                         0.700193
x7.xbias.ga                               3.63
x7.xbias.vbp2                           2.7442
x7.xbias.gb                           0.700193
x7.vbn                                0.725734
x7.xbias.gc                               3.63
x7.vbp                                 2.77555
x7.xs1.nh                              1.21066
x7.y1                                        0
x7.y5                                        0
x7.xs1.nt                         -2.11687e-84
x7.xs2.nh                                 3.63
x7.y2                                     3.63
x7.xs2.nt                           8.8455e-10
x7.xs3.nh                                 3.63
x7.y3                                        0
x7.xs3.nt                        -4.08255e-176
x7.xs4.nh                                 3.63
x7.y4                                     3.63
x7.xs4.nt                           8.8455e-10
x7.xs5.nh                                 3.63
x7.xs5.nt                        -4.08281e-176
x7.nb1                                    3.63
x7.nb2                             3.75582e-09
clk7                                      3.63
x7.xcdec1.c_moscap_int1                  -3.63
x7.xcdec2.c_moscap_int1                  -3.63
e.x7.xcdec2.ec_moscap#branch                 0
e.x7.xcdec1.ec_moscap#branch                 0
e.x6.xcdec2.ec_moscap#branch                 0
e.x6.xcdec1.ec_moscap#branch                 0
e.x5.xcdec2.ec_moscap#branch                 0
e.x5.xcdec1.ec_moscap#branch                 0
e.x4.xcdec2.ec_moscap#branch                 0
e.x4.xcdec1.ec_moscap#branch                 0
e.x3.xcdec2.ec_moscap#branch                 0
e.x3.xcdec1.ec_moscap#branch                 0
e.x2.xcdec2.ec_moscap#branch                 0
e.x2.xcdec1.ec_moscap#branch                 0
e.x1.xcdec2.ec_moscap#branch                 0
e.x1.xcdec1.ec_moscap#branch                 0
vs7#branch                         8.21922e-05
vs6#branch                          7.5225e-05
vs5#branch                         6.83306e-05
vs4#branch                         6.15272e-05
vs3#branch                         5.48429e-05
vs2#branch                         4.83262e-05
vs1#branch                         4.20903e-05
vv7#branch                                   0
vv6#branch                                   0
vv5#branch                                   0
vv4#branch                                   0
vv3#branch                                   0
vv2#branch                                   0
vv1#branch                                   0
vb2#branch                                   0
vb1#branch                                   0
vb0#branch                                   0
vdd#branch                        -0.000432535


No. of Data Rows : 2888

  Measurements for Transient Analysis

tp1                 =  4.29111e-07 targ=  9.65966e-07 trig=  5.36855e-07
tp2                 =  3.57283e-07 targ=  8.93289e-07 trig=  5.36006e-07
tp3                 =  3.03901e-07 targ=  8.35843e-07 trig=  5.31942e-07
tp4                 =  2.63412e-07 targ=  7.91127e-07 trig=  5.27715e-07
tp5                 =  2.32351e-07 targ=  7.55743e-07 trig=  5.23392e-07
tp6                 =  2.07705e-07 targ=  7.26815e-07 trig=  5.19110e-07
tp7                 =  1.87471e-07 targ=  7.02713e-07 trig=  5.15242e-07
f1                  =  9.32159e+06
f2                  =  1.11956e+07
f3                  =  1.31622e+07
f4                  =  1.51853e+07
f5                  =  1.72153e+07
f6                  =  1.92581e+07
f7                  =  2.13366e+07
i1                  =  7.13881e-05 from=  4.94019e-07 to=  1.35855e-06
i2                  =  7.98543e-05 from=  4.94019e-07 to=  1.35855e-06
i3                  =  8.62318e-05 from=  4.94019e-07 to=  1.35855e-06
i4                  =  9.54231e-05 from=  4.94019e-07 to=  1.35855e-06
i5                  =  1.00589e-04 from=  4.94019e-07 to=  1.35855e-06
i6                  =  1.10156e-04 from=  4.94019e-07 to=  1.35855e-06
i7                  =  1.18813e-04 from=  4.94019e-07 to=  1.35855e-06
sw1hi               =  3.72095e+00 at=  5.37058e-07
sw1lo               =  -5.68103e-02 at=  1.23041e-06
sw7hi               =  3.71003e+00 at=  9.84667e-07
sw7lo               =  -1.03798e-01 at=  5.37235e-07


Total analysis time (seconds) = 293.525

Total elapsed time (seconds) = 299.560 

Total DRAM available = 98304.000 MB.
DRAM currently available =  344.500 MB.
Maximum ngspice program size =   24.188 MB.
Current ngspice program size =   24.188 MB.


======== band 3 :: generated deck (ff_-40c_3.63v) ========
* GENERATED by simenv.sh -- do not edit; edit /Users/rwalters/GitHub/gf180-pll/.loom/worktrees/issue-8/sim/vco-tuning-range/testbench/tb_vco_tuning.sp instead
* tag=ff_Tm40_V3p63_B3 libs=ff,res_typical,moscap_typical temp=-40C
.include "/Users/rwalters/.volare/gf180mcuD/libs.tech/ngspice/design.ngspice"
.lib "/Users/rwalters/.volare/gf180mcuD/libs.tech/ngspice/sm141064.ngspice" ff
.lib "/Users/rwalters/.volare/gf180mcuD/libs.tech/ngspice/sm141064.ngspice" res_typical
.lib "/Users/rwalters/.volare/gf180mcuD/libs.tech/ngspice/sm141064.ngspice" moscap_typical
.temp -40
.param sim_temp=-40
.param vsup=3.63
.param b0v=1*3.63
.param b1v=1*3.63
.param b2v=0*3.63
.param tsettle=2.99406e-07
.param tstop=8.23366e-07
.param tstep=3.97574e-10
.param tmax=3.97574e-10
.include "/Users/rwalters/GitHub/gf180-pll/.loom/worktrees/issue-8/sim/vco-tuning-range/testbench/tb_vco_tuning.sp"
.end

======== band 3 :: ngspice output ========

Note: Compatibility modes selected: hs a

Warning: m=xx on .subckt line will override multiplier m hierarchy!


Circuit: * generated by simenv.sh -- do not edit; edit /users/rwalters/github/gf180-pll/.loom/worktrees/issue-8/sim/vco-tuning-range/testbench/tb_vco_tuning.sp instead

Doing analysis at TEMP = -40.000000 and TNOM = 27.000000

Using SPARSE 1.3 as Direct Linear Solver

Initial Transient Solution
--------------------------

Node                                   Voltage
----                                   -------
vdd                                       3.63
nb0                                       3.63
nb1                                       3.63
nb2                                          0
vc1                                        0.9
vc2                                        1.2
vc3                                        1.5
vc4                                        1.8
vc5                                        2.1
vc6                                        2.4
vc7                                        2.7
nv1                                       3.63
nv2                                       3.63
nv3                                       3.63
nv4                                       3.63
nv5                                       3.63
nv6                                       3.63
nv7                                       3.63
x1.xbias.na                           0.821678
x1.xbias.vbpc                          2.77202
x1.xbias.nc                          0.0950032
x1.xbias.xrcg.11                     0.0947965
x1.xbias.xrcg.21                   0.000206676
x1.xbias.nsu                         0.0246094
x1.xbias.vfix                          1.58822
x1.xbias.nmd                          0.687698
x1.xbias.vbp0                          2.85133
x1.xbias.noff                         0.697186
x1.xbias.xroff.11                     0.696921
x1.xbias.xroff.21                  0.000265407
x1.xbias.nvi                          0.210941
x1.xbias.xrdeg.11                      0.21086
x1.xbias.xrdeg.21                  8.03016e-05
x1.xbias.b0b                       4.96292e-09
x1.xbias.b1b                       4.96292e-09
x1.xbias.b2b                              3.63
x1.xbias.vbn1                         0.678028
x1.xbias.ga                            2.85133
x1.xbias.vbp2                           2.7758
x1.xbias.gb                           0.678028
x1.vbn                                0.703317
x1.xbias.gc                               3.63
x1.vbp                                 2.79997
x1.xs1.nh                              1.18892
x1.y1                                        0
x1.y5                                        0
x1.xs1.nt                            2.281e-37
x1.xs2.nh                                 3.63
x1.y2                                     3.63
x1.xs2.nt                          1.14499e-09
x1.xs3.nh                                 3.63
x1.y3                                        0
x1.xs3.nt                         -1.81715e-97
x1.xs4.nh                                 3.63
x1.y4                                     3.63
x1.xs4.nt                          1.14499e-09
x1.xs5.nh                                 3.63
x1.xs5.nt                         -1.81715e-97
x1.nb1                                    3.63
x1.nb2                             3.75582e-09
clk1                                      3.63
x1.xcdec1.c_moscap_int1                  -3.63
x1.xcdec2.c_moscap_int1                  -3.63
x2.xbias.na                           0.821678
x2.xbias.vbpc                          2.77202
x2.xbias.nc                          0.0950032
x2.xbias.xrcg.11                     0.0947965
x2.xbias.xrcg.21                   0.000206676
x2.xbias.nsu                         0.0246094
x2.xbias.vfix                          1.58822
x2.xbias.nmd                          0.687698
x2.xbias.vbp0                          2.84081
x2.xbias.noff                         0.697168
x2.xbias.xroff.11                     0.696902
x2.xbias.xroff.21                    0.0002654
x2.xbias.nvi                          0.415797
x2.xbias.xrdeg.11                     0.415639
x2.xbias.xrdeg.21                  0.000158287
x2.xbias.b0b                       4.96292e-09
x2.xbias.b1b                       4.96292e-09
x2.xbias.b2b                              3.63
x2.xbias.vbn1                         0.688953
x2.xbias.ga                            2.84081
x2.xbias.vbp2                          2.76047
x2.xbias.gb                           0.688953
x2.vbn                                0.714356
x2.xbias.gc                               3.63
x2.vbp                                 2.78805
x2.xs1.nh                              1.19951
x2.y1                                        0
x2.y5                                        0
x2.xs1.nt                         -2.89394e-46
x2.xs2.nh                                 3.63
x2.y2                                     3.63
x2.xs2.nt                          1.00366e-09
x2.xs3.nh                                 3.63
x2.y3                                        0
x2.xs3.nt                          2.09064e-78
x2.xs4.nh                                 3.63
x2.y4                                     3.63
x2.xs4.nt                          1.00366e-09
x2.xs5.nh                                 3.63
x2.xs5.nt                          2.09064e-78
x2.nb1                                    3.63
x2.nb2                             3.75582e-09
clk2                                      3.63
x2.xcdec1.c_moscap_int1                  -3.63
x2.xcdec2.c_moscap_int1                  -3.63
x3.xbias.na                           0.821678
x3.xbias.vbpc                          2.77202
x3.xbias.nc                          0.0950032
x3.xbias.xrcg.11                     0.0947965
x3.xbias.xrcg.21                   0.000206676
x3.xbias.nsu                         0.0246094
x3.xbias.vfix                          1.58822
x3.xbias.nmd                          0.687698
x3.xbias.vbp0                          2.83112
x3.xbias.noff                         0.697151
x3.xbias.xroff.11                     0.696886
x3.xbias.xroff.21                  0.000265394
x3.xbias.nvi                           0.63207
x3.xbias.xrdeg.11                     0.631829
x3.xbias.xrdeg.21                  0.000240618
x3.xbias.b0b                       4.96292e-09
x3.xbias.b1b                       4.96292e-09
x3.xbias.b2b                              3.63
x3.xbias.vbn1                         0.698976
x3.xbias.ga                            2.83112
x3.xbias.vbp2                          2.74599
x3.xbias.gb                           0.698976
x3.vbn                                0.724501
x3.xbias.gc                               3.63
x3.vbp                                 2.77692
x3.xs1.nh                              1.20944
x3.y1                                        0
x3.y5                                        0
x3.xs1.nt                           6.4268e-28
x3.xs2.nh                                 3.63
x3.y2                                     3.63
x3.xs2.nt                          8.96349e-10
x3.xs3.nh                                 3.63
x3.y3                                        0
x3.xs3.nt                         -1.45424e-78
x3.xs4.nh                                 3.63
x3.y4                                     3.63
x3.xs4.nt                          8.96349e-10
x3.xs5.nh                                 3.63
x3.xs5.nt                         -1.45424e-78
x3.nb1                                    3.63
x3.nb2                             3.75582e-09
clk3                                      3.63
x3.xcdec1.c_moscap_int1                  -3.63
x3.xcdec2.c_moscap_int1                  -3.63
x4.xbias.na                           0.821678
x4.xbias.vbpc                          2.77202
x4.xbias.nc                          0.0950032
x4.xbias.xrcg.11                     0.0947965
x4.xbias.xrcg.21                   0.000206676
x4.xbias.nsu                         0.0246094
x4.xbias.vfix                          1.58822
x4.xbias.nmd                          0.687698
x4.xbias.vbp0                          2.82219
x4.xbias.noff                         0.697136
x4.xbias.xroff.11                      0.69687
x4.xbias.xroff.21                  0.000265388
x4.xbias.nvi                          0.855551
x4.xbias.xrdeg.11                     0.855226
x4.xbias.xrdeg.21                  0.000325694
x4.xbias.b0b                       4.96292e-09
x4.xbias.b1b                       4.96292e-09
x4.xbias.b2b                              3.63
x4.xbias.vbn1                          0.70817
x4.xbias.ga                            2.82219
x4.xbias.vbp2                          2.73234
x4.xbias.gb                            0.70817
x4.vbn                                0.733824
x4.xbias.gc                               3.63
x4.vbp                                 2.76653
x4.xs1.nh                              1.21871
x4.y1                                        0
x4.y5                                        0
x4.xs1.nt                         -4.07241e-28
x4.xs2.nh                                 3.63
x4.y2                                     3.63
x4.xs2.nt                          8.12948e-10
x4.xs3.nh                                 3.63
x4.y3                                        0
x4.xs3.nt                          -1.8177e-38
x4.xs4.nh                                 3.63
x4.y4                                     3.63
x4.xs4.nt                          8.12948e-10
x4.xs5.nh                                 3.63
x4.xs5.nt                         -1.81769e-38
x4.nb1                                    3.63
x4.nb2                             3.75582e-09
clk4                                      3.63
x4.xcdec1.c_moscap_int1                  -3.63
x4.xcdec2.c_moscap_int1                  -3.63
x5.xbias.na                           0.821678
x5.xbias.vbpc                          2.77202
x5.xbias.nc                          0.0950032
x5.xbias.xrcg.11                     0.0947965
x5.xbias.xrcg.21                   0.000206676
x5.xbias.nsu                         0.0246094
x5.xbias.vfix                          1.58822
x5.xbias.nmd                          0.687698
x5.xbias.vbp0                           2.8139
x5.xbias.noff                         0.697122
x5.xbias.xroff.11                     0.696856
x5.xbias.xroff.21                  0.000265383
x5.xbias.nvi                           1.08441
x5.xbias.xrdeg.11                      1.08399
x5.xbias.xrdeg.21                  0.000412815
x5.xbias.b0b                       4.96292e-09
x5.xbias.b1b                       4.96292e-09
x5.xbias.b2b                              3.63
x5.xbias.vbn1                         0.716667
x5.xbias.ga                             2.8139
x5.xbias.vbp2                          2.71943
x5.xbias.gb                           0.716667
x5.vbn                                0.742457
x5.xbias.gc                               3.63
x5.vbp                                 2.75679
x5.xs1.nh                              1.22744
x5.y1                                        0
x5.y5                                        0
x5.xs1.nt                          1.73911e-37
x5.xs2.nh                                 3.63
x5.y2                                     3.63
x5.xs2.nt                           7.4637e-10
x5.xs3.nh                                 3.63
x5.y3                                        0
x5.xs3.nt                         -2.24599e-58
x5.xs4.nh                                 3.63
x5.y4                                     3.63
x5.xs4.nt                           7.4637e-10
x5.xs5.nh                                 3.63
x5.xs5.nt                         -2.24599e-58
x5.nb1                                    3.63
x5.nb2                             3.75582e-09
clk5                                      3.63
x5.xcdec1.c_moscap_int1                  -3.63
x5.xcdec2.c_moscap_int1                  -3.63
x6.xbias.na                           0.821678
x6.xbias.vbpc                          2.77202
x6.xbias.nc                          0.0950032
x6.xbias.xrcg.11                     0.0947965
x6.xbias.xrcg.21                   0.000206676
x6.xbias.nsu                         0.0246094
x6.xbias.vfix                          1.58822
x6.xbias.nmd                          0.687698
x6.xbias.vbp0                          2.80615
x6.xbias.noff                         0.697108
x6.xbias.xroff.11                     0.696843
x6.xbias.xroff.21                  0.000265378
x6.xbias.nvi                           1.31757
x6.xbias.xrdeg.11                      1.31707
x6.xbias.xrdeg.21                  0.000501576
x6.xbias.b0b                       4.96292e-09
x6.xbias.b1b                       4.96292e-09
x6.xbias.b2b                              3.63
x6.xbias.vbn1                         0.724581
x6.xbias.ga                            2.80615
x6.xbias.vbp2                          2.70716
x6.xbias.gb                           0.724581
x6.vbn                                0.750512
x6.xbias.gc                               3.63
x6.vbp                                 2.74759
x6.xs1.nh                              1.23568
x6.y1                                        0
x6.y5                                        0
x6.xs1.nt                         -2.65767e-37
x6.xs2.nh                                 3.63
x6.y2                                     3.63
x6.xs2.nt                          6.91967e-10
x6.xs3.nh                                 3.63
x6.y3                                        0
x6.xs3.nt                          2.12737e-58
x6.xs4.nh                                 3.63
x6.y4                                     3.63
x6.xs4.nt                          6.91967e-10
x6.xs5.nh                                 3.63
x6.xs5.nt                          2.12737e-58
x6.nb1                                    3.63
x6.nb2                             3.75582e-09
clk6                                      3.63
x6.xcdec1.c_moscap_int1                  -3.63
x6.xcdec2.c_moscap_int1                  -3.63
x7.xbias.na                           0.821678
x7.xbias.vbpc                          2.77202
x7.xbias.nc                          0.0950032
x7.xbias.xrcg.11                     0.0947965
x7.xbias.xrcg.21                   0.000206676
x7.xbias.nsu                         0.0246094
x7.xbias.vfix                          1.58822
x7.xbias.nmd                          0.687698
x7.xbias.vbp0                          2.79884
x7.xbias.noff                         0.697096
x7.xbias.xroff.11                      0.69683
x7.xbias.xroff.21                  0.000265373
x7.xbias.nvi                           1.55432
x7.xbias.xrdeg.11                      1.55373
x7.xbias.xrdeg.21                  0.000591704
x7.xbias.b0b                       4.96292e-09
x7.xbias.b1b                       4.96292e-09
x7.xbias.b2b                              3.63
x7.xbias.vbn1                         0.732004
x7.xbias.ga                            2.79884
x7.xbias.vbp2                          2.69545
x7.xbias.gb                           0.732004
x7.vbn                                 0.75808
x7.xbias.gc                               3.63
x7.vbp                                 2.73886
x7.xs1.nh                              1.24353
x7.y1                                        0
x7.y5                                        0
x7.xs1.nt                          3.36441e-47
x7.xs2.nh                                 3.63
x7.y2                                     3.63
x7.xs2.nt                          6.46627e-10
x7.xs3.nh                                 3.63
x7.y3                                        0
x7.xs3.nt                          4.96075e-78
x7.xs4.nh                                 3.63
x7.y4                                     3.63
x7.xs4.nt                          6.46627e-10
x7.xs5.nh                                 3.63
x7.xs5.nt                          4.96074e-78
x7.nb1                                    3.63
x7.nb2                             3.75582e-09
clk7                                      3.63
x7.xcdec1.c_moscap_int1                  -3.63
x7.xcdec2.c_moscap_int1                  -3.63
e.x7.xcdec2.ec_moscap#branch                 0
e.x7.xcdec1.ec_moscap#branch                 0
e.x6.xcdec2.ec_moscap#branch                 0
e.x6.xcdec1.ec_moscap#branch                 0
e.x5.xcdec2.ec_moscap#branch                 0
e.x5.xcdec1.ec_moscap#branch                 0
e.x4.xcdec2.ec_moscap#branch                 0
e.x4.xcdec1.ec_moscap#branch                 0
e.x3.xcdec2.ec_moscap#branch                 0
e.x3.xcdec1.ec_moscap#branch                 0
e.x2.xcdec2.ec_moscap#branch                 0
e.x2.xcdec1.ec_moscap#branch                 0
e.x1.xcdec2.ec_moscap#branch                 0
e.x1.xcdec1.ec_moscap#branch                 0
vs7#branch                         0.000112566
vs6#branch                         0.000102578
vs5#branch                         9.26945e-05
vs4#branch                         8.29427e-05
vs3#branch                          7.3363e-05
vs2#branch                         6.40243e-05
vs1#branch                         5.50889e-05
vv7#branch                                   0
vv6#branch                                   0
vv5#branch                                   0
vv4#branch                                   0
vv3#branch                                   0
vv2#branch                                   0
vv1#branch                                   0
vb2#branch                                   0
vb1#branch                                   0
vb0#branch                                   0
vdd#branch                        -0.000583257


No. of Data Rows : 2837

  Measurements for Transient Analysis

tp1                 =  2.70710e-07 targ=  6.09418e-07 trig=  3.38707e-07
tp2                 =  2.24628e-07 targ=  5.62013e-07 trig=  3.37385e-07
tp3                 =  1.90745e-07 targ=  5.24690e-07 trig=  3.33945e-07
tp4                 =  1.65306e-07 targ=  4.95844e-07 trig=  3.30538e-07
tp5                 =  1.45567e-07 targ=  4.72556e-07 trig=  3.26989e-07
tp6                 =  1.29432e-07 targ=  4.53178e-07 trig=  3.23746e-07
tp7                 =  1.16525e-07 targ=  4.37359e-07 trig=  3.20834e-07
f1                  =  1.47759e+07
f2                  =  1.78072e+07
f3                  =  2.09704e+07
f4                  =  2.41976e+07
f5                  =  2.74788e+07
f6                  =  3.09042e+07
f7                  =  3.43274e+07
i1                  =  8.92443e-05 from=  2.99406e-07 to=  8.23366e-07
i2                  =  9.90070e-05 from=  2.99406e-07 to=  8.23366e-07
i3                  =  1.12289e-04 from=  2.99406e-07 to=  8.23366e-07
i4                  =  1.23201e-04 from=  2.99406e-07 to=  8.23366e-07
i5                  =  1.35676e-04 from=  2.99406e-07 to=  8.23366e-07
i6                  =  1.48909e-04 from=  2.99406e-07 to=  8.23366e-07
i7                  =  1.60396e-04 from=  2.99406e-07 to=  8.23366e-07
sw1hi               =  3.71082e+00 at=  6.09752e-07
sw1lo               =  -8.51760e-02 at=  5.73128e-07
sw7hi               =  3.77457e+00 at=  6.41604e-07
sw7lo               =  -1.21217e-01 at=  6.55226e-07


Total analysis time (seconds) = 263.318

Total elapsed time (seconds) = 270.185 

Total DRAM available = 98304.000 MB.
DRAM currently available =  399.609 MB.
Maximum ngspice program size =   24.281 MB.
Current ngspice program size =   24.281 MB.


======== band 4 :: generated deck (ff_-40c_3.63v) ========
* GENERATED by simenv.sh -- do not edit; edit /Users/rwalters/GitHub/gf180-pll/.loom/worktrees/issue-8/sim/vco-tuning-range/testbench/tb_vco_tuning.sp instead
* tag=ff_Tm40_V3p63_B4 libs=ff,res_typical,moscap_typical temp=-40C
.include "/Users/rwalters/.volare/gf180mcuD/libs.tech/ngspice/design.ngspice"
.lib "/Users/rwalters/.volare/gf180mcuD/libs.tech/ngspice/sm141064.ngspice" ff
.lib "/Users/rwalters/.volare/gf180mcuD/libs.tech/ngspice/sm141064.ngspice" res_typical
.lib "/Users/rwalters/.volare/gf180mcuD/libs.tech/ngspice/sm141064.ngspice" moscap_typical
.temp -40
.param sim_temp=-40
.param vsup=3.63
.param b0v=0*3.63
.param b1v=0*3.63
.param b2v=1*3.63
.param tsettle=1.81458e-07
.param tstop=4.99009e-07
.param tstep=2.40954e-10
.param tmax=2.40954e-10
.include "/Users/rwalters/GitHub/gf180-pll/.loom/worktrees/issue-8/sim/vco-tuning-range/testbench/tb_vco_tuning.sp"
.end

======== band 4 :: ngspice output ========

Note: Compatibility modes selected: hs a

Warning: m=xx on .subckt line will override multiplier m hierarchy!


Circuit: * generated by simenv.sh -- do not edit; edit /users/rwalters/github/gf180-pll/.loom/worktrees/issue-8/sim/vco-tuning-range/testbench/tb_vco_tuning.sp instead

Doing analysis at TEMP = -40.000000 and TNOM = 27.000000

Using SPARSE 1.3 as Direct Linear Solver

Initial Transient Solution
--------------------------

Node                                   Voltage
----                                   -------
vdd                                       3.63
nb0                                          0
nb1                                          0
nb2                                       3.63
vc1                                        0.9
vc2                                        1.2
vc3                                        1.5
vc4                                        1.8
vc5                                        2.1
vc6                                        2.4
vc7                                        2.7
nv1                                       3.63
nv2                                       3.63
nv3                                       3.63
nv4                                       3.63
nv5                                       3.63
nv6                                       3.63
nv7                                       3.63
x1.xbias.na                           0.821678
x1.xbias.vbpc                          2.77202
x1.xbias.nc                          0.0950032
x1.xbias.xrcg.11                     0.0947965
x1.xbias.xrcg.21                   0.000206676
x1.xbias.nsu                         0.0246094
x1.xbias.vfix                          1.58822
x1.xbias.nmd                          0.687698
x1.xbias.vbp0                          2.85133
x1.xbias.noff                         0.697186
x1.xbias.xroff.11                     0.696921
x1.xbias.xroff.21                  0.000265407
x1.xbias.nvi                          0.210941
x1.xbias.xrdeg.11                      0.21086
x1.xbias.xrdeg.21                  8.03016e-05
x1.xbias.b0b                              3.63
x1.xbias.b1b                              3.63
x1.xbias.b2b                       4.96292e-09
x1.xbias.vbn1                          0.65293
x1.xbias.ga                               3.63
x1.xbias.vbp2                          2.86462
x1.xbias.gb                        1.64118e-13
x1.vbn                                 0.73424
x1.xbias.gc                            2.86462
x1.vbp                                 2.76607
x1.xs1.nh                              1.21913
x1.y1                                        0
x1.y5                                        0
x1.xs1.nt                          7.66403e-28
x1.xs2.nh                                 3.63
x1.y2                                     3.63
x1.xs2.nt                          8.09523e-10
x1.xs3.nh                                 3.63
x1.y3                                        0
x1.xs3.nt                          9.13967e-58
x1.xs4.nh                                 3.63
x1.y4                                     3.63
x1.xs4.nt                          8.09523e-10
x1.xs5.nh                                 3.63
x1.xs5.nt                          9.13977e-58
x1.nb1                                    3.63
x1.nb2                             3.75582e-09
clk1                                      3.63
x1.xcdec1.c_moscap_int1                  -3.63
x1.xcdec2.c_moscap_int1                  -3.63
x2.xbias.na                           0.821678
x2.xbias.vbpc                          2.77202
x2.xbias.nc                          0.0950032
x2.xbias.xrcg.11                     0.0947965
x2.xbias.xrcg.21                   0.000206676
x2.xbias.nsu                         0.0246094
x2.xbias.vfix                          1.58822
x2.xbias.nmd                          0.687698
x2.xbias.vbp0                          2.84081
x2.xbias.noff                         0.697168
x2.xbias.xroff.11                     0.696902
x2.xbias.xroff.21                    0.0002654
x2.xbias.nvi                          0.415797
x2.xbias.xrdeg.11                     0.415639
x2.xbias.xrdeg.21                  0.000158287
x2.xbias.b0b                              3.63
x2.xbias.b1b                              3.63
x2.xbias.b2b                       4.96292e-09
x2.xbias.vbn1                         0.662654
x2.xbias.ga                               3.63
x2.xbias.vbp2                          2.85528
x2.xbias.gb                        1.64494e-13
x2.vbn                                0.747062
x2.xbias.gc                            2.85528
x2.vbp                                 2.75155
x2.xs1.nh                              1.23214
x2.y1                                        0
x2.y5                                        0
x2.xs1.nt                         -3.58189e-28
x2.xs2.nh                                 3.63
x2.y2                                     3.63
x2.xs2.nt                          7.14431e-10
x2.xs3.nh                                 3.63
x2.y3                                        0
x2.xs3.nt                         -6.64519e-58
x2.xs4.nh                                 3.63
x2.y4                                     3.63
x2.xs4.nt                          7.14431e-10
x2.xs5.nh                                 3.63
x2.xs5.nt                         -6.64509e-58
x2.nb1                                    3.63
x2.nb2                             3.75582e-09
clk2                                      3.63
x2.xcdec1.c_moscap_int1                  -3.63
x2.xcdec2.c_moscap_int1                  -3.63
x3.xbias.na                           0.821678
x3.xbias.vbpc                          2.77202
x3.xbias.nc                          0.0950032
x3.xbias.xrcg.11                     0.0947965
x3.xbias.xrcg.21                   0.000206676
x3.xbias.nsu                         0.0246094
x3.xbias.vfix                          1.58822
x3.xbias.nmd                          0.687698
x3.xbias.vbp0                          2.83112
x3.xbias.noff                         0.697151
x3.xbias.xroff.11                     0.696886
x3.xbias.xroff.21                  0.000265394
x3.xbias.nvi                           0.63207
x3.xbias.xrdeg.11                     0.631829
x3.xbias.xrdeg.21                  0.000240618
x3.xbias.b0b                              3.63
x3.xbias.b1b                              3.63
x3.xbias.b2b                       4.96292e-09
x3.xbias.vbn1                         0.671503
x3.xbias.ga                               3.63
x3.xbias.vbp2                          2.84674
x3.xbias.gb                        1.64834e-13
x3.vbn                                 0.75896
x3.xbias.gc                            2.84674
x3.vbp                                 2.73784
x3.xs1.nh                              1.24445
x3.y1                                        0
x3.y5                                        0
x3.xs1.nt                          9.97758e-39
x3.xs2.nh                                 3.63
x3.y2                                     3.63
x3.xs2.nt                          6.41685e-10
x3.xs3.nh                                 3.63
x3.y3                                        0
x3.xs3.nt                         -2.41435e-58
x3.xs4.nh                                 3.63
x3.y4                                     3.63
x3.xs4.nt                          6.41685e-10
x3.xs5.nh                                 3.63
x3.xs5.nt                         -2.41435e-58
x3.nb1                                    3.63
x3.nb2                             3.75582e-09
clk3                                      3.63
x3.xcdec1.c_moscap_int1                  -3.63
x3.xcdec2.c_moscap_int1                  -3.63
x4.xbias.na                           0.821678
x4.xbias.vbpc                          2.77202
x4.xbias.nc                          0.0950032
x4.xbias.xrcg.11                     0.0947965
x4.xbias.xrcg.21                   0.000206676
x4.xbias.nsu                         0.0246094
x4.xbias.vfix                          1.58822
x4.xbias.nmd                          0.687698
x4.xbias.vbp0                          2.82219
x4.xbias.noff                         0.697136
x4.xbias.xroff.11                      0.69687
x4.xbias.xroff.21                  0.000265388
x4.xbias.nvi                          0.855551
x4.xbias.xrdeg.11                     0.855226
x4.xbias.xrdeg.21                  0.000325694
x4.xbias.b0b                              3.63
x4.xbias.b1b                              3.63
x4.xbias.b2b                       4.96292e-09
x4.xbias.vbn1                         0.679561
x4.xbias.ga                               3.63
x4.xbias.vbp2                          2.83893
x4.xbias.gb                        1.65147e-13
x4.vbn                                0.769993
x4.xbias.gc                            2.83893
x4.vbp                                 2.72495
x4.xs1.nh                              1.25606
x4.y1                                        0
x4.y5                                        0
x4.xs1.nt                         -1.60227e-37
x4.xs2.nh                                 3.63
x4.y2                                     3.63
x4.xs2.nt                          5.84779e-10
x4.xs3.nh                                 3.63
x4.y3                                        0
x4.xs3.nt                         -5.58123e-58
x4.xs4.nh                                 3.63
x4.y4                                     3.63
x4.xs4.nt                          5.84779e-10
x4.xs5.nh                                 3.63
x4.xs5.nt                         -5.58123e-58
x4.nb1                                    3.63
x4.nb2                             3.75582e-09
clk4                                      3.63
x4.xcdec1.c_moscap_int1                  -3.63
x4.xcdec2.c_moscap_int1                  -3.63
x5.xbias.na                           0.821678
x5.xbias.vbpc                          2.77202
x5.xbias.nc                          0.0950032
x5.xbias.xrcg.11                     0.0947965
x5.xbias.xrcg.21                   0.000206676
x5.xbias.nsu                         0.0246094
x5.xbias.vfix                          1.58822
x5.xbias.nmd                          0.687698
x5.xbias.vbp0                           2.8139
x5.xbias.noff                         0.697122
x5.xbias.xroff.11                     0.696856
x5.xbias.xroff.21                  0.000265383
x5.xbias.nvi                           1.08441
x5.xbias.xrdeg.11                      1.08399
x5.xbias.xrdeg.21                  0.000412815
x5.xbias.b0b                              3.63
x5.xbias.b1b                              3.63
x5.xbias.b2b                       4.96292e-09
x5.xbias.vbn1                         0.686959
x5.xbias.ga                               3.63
x5.xbias.vbp2                          2.83171
x5.xbias.gb                        1.65431e-13
x5.vbn                                0.780295
x5.xbias.gc                            2.83171
x5.vbp                                 2.71277
x5.xs1.nh                              1.26705
x5.y1                                        0
x5.y5                                        0
x5.xs1.nt                         -5.76684e-16
x5.xs2.nh                                 3.63
x5.y2                                     3.63
x5.xs2.nt                          5.39094e-10
x5.xs3.nh                                 3.63
x5.y3                                        0
x5.xs3.nt                         -9.87757e-39
x5.xs4.nh                                 3.63
x5.y4                                     3.63
x5.xs4.nt                          5.39094e-10
x5.xs5.nh                                 3.63
x5.xs5.nt                         -9.87757e-39
x5.nb1                                    3.63
x5.nb2                             3.75582e-09
clk5                                      3.63
x5.xcdec1.c_moscap_int1                  -3.63
x5.xcdec2.c_moscap_int1                  -3.63
x6.xbias.na                           0.821678
x6.xbias.vbpc                          2.77202
x6.xbias.nc                          0.0950032
x6.xbias.xrcg.11                     0.0947965
x6.xbias.xrcg.21                   0.000206676
x6.xbias.nsu                         0.0246094
x6.xbias.vfix                          1.58822
x6.xbias.nmd                          0.687698
x6.xbias.vbp0                          2.80615
x6.xbias.noff                         0.697108
x6.xbias.xroff.11                     0.696843
x6.xbias.xroff.21                  0.000265378
x6.xbias.nvi                           1.31757
x6.xbias.xrdeg.11                      1.31707
x6.xbias.xrdeg.21                  0.000501576
x6.xbias.b0b                              3.63
x6.xbias.b1b                              3.63
x6.xbias.b2b                       4.96292e-09
x6.xbias.vbn1                         0.693807
x6.xbias.ga                               3.63
x6.xbias.vbp2                            2.825
x6.xbias.gb                        1.65693e-13
x6.vbn                                0.789984
x6.xbias.gc                              2.825
x6.vbp                                 2.70119
x6.xs1.nh                              1.27751
x6.y1                                        0
x6.y5                                        0
x6.xs1.nt                         -6.94677e-17
x6.xs2.nh                                 3.63
x6.y2                                     3.63
x6.xs2.nt                          5.01576e-10
x6.xs3.nh                                 3.63
x6.y3                                        0
x6.xs3.nt                          9.74154e-19
x6.xs4.nh                                 3.63
x6.y4                                     3.63
x6.xs4.nt                          5.01576e-10
x6.xs5.nh                                 3.63
x6.xs5.nt                          9.74154e-19
x6.nb1                                    3.63
x6.nb2                             3.75582e-09
clk6                                      3.63
x6.xcdec1.c_moscap_int1                  -3.63
x6.xcdec2.c_moscap_int1                  -3.63
x7.xbias.na                           0.821678
x7.xbias.vbpc                          2.77202
x7.xbias.nc                          0.0950032
x7.xbias.xrcg.11                     0.0947965
x7.xbias.xrcg.21                   0.000206676
x7.xbias.nsu                         0.0246094
x7.xbias.vfix                          1.58822
x7.xbias.nmd                          0.687698
x7.xbias.vbp0                          2.79884
x7.xbias.noff                         0.697096
x7.xbias.xroff.11                      0.69683
x7.xbias.xroff.21                  0.000265373
x7.xbias.nvi                           1.55432
x7.xbias.xrdeg.11                      1.55373
x7.xbias.xrdeg.21                  0.000591704
x7.xbias.b0b                              3.63
x7.xbias.b1b                              3.63
x7.xbias.b2b                       4.96292e-09
x7.xbias.vbn1                         0.700193
x7.xbias.ga                               3.63
x7.xbias.vbp2                          2.81871
x7.xbias.gb                         1.6594e-13
x7.vbn                                0.799156
x7.xbias.gc                            2.81871
x7.vbp                                 2.69015
x7.xs1.nh                              1.28752
x7.y1                                        0
x7.y5                                        0
x7.xs1.nt                         -1.12285e-17
x7.xs2.nh                                 3.63
x7.y2                                     3.63
x7.xs2.nt                           4.7017e-10
x7.xs3.nh                                 3.63
x7.y3                                        0
x7.xs3.nt                         -3.61675e-38
x7.xs4.nh                                 3.63
x7.y4                                     3.63
x7.xs4.nt                           4.7017e-10
x7.xs5.nh                                 3.63
x7.xs5.nt                         -3.61676e-38
x7.nb1                                    3.63
x7.nb2                             3.75582e-09
clk7                                      3.63
x7.xcdec1.c_moscap_int1                  -3.63
x7.xcdec2.c_moscap_int1                  -3.63
e.x7.xcdec2.ec_moscap#branch                 0
e.x7.xcdec1.ec_moscap#branch                 0
e.x6.xcdec2.ec_moscap#branch                 0
e.x6.xcdec1.ec_moscap#branch                 0
e.x5.xcdec2.ec_moscap#branch                 0
e.x5.xcdec1.ec_moscap#branch                 0
e.x4.xcdec2.ec_moscap#branch                 0
e.x4.xcdec1.ec_moscap#branch                 0
e.x3.xcdec2.ec_moscap#branch                 0
e.x3.xcdec1.ec_moscap#branch                 0
e.x2.xcdec2.ec_moscap#branch                 0
e.x2.xcdec1.ec_moscap#branch                 0
e.x1.xcdec2.ec_moscap#branch                 0
e.x1.xcdec1.ec_moscap#branch                 0
vs7#branch                         0.000118974
vs6#branch                         0.000108497
vs5#branch                         9.81163e-05
vs4#branch                         8.78583e-05
vs3#branch                         7.77633e-05
vs2#branch                         6.79012e-05
vs1#branch                         5.84408e-05
vv7#branch                                   0
vv6#branch                                   0
vv5#branch                                   0
vv4#branch                                   0
vv3#branch                                   0
vv2#branch                                   0
vv1#branch                                   0
vb2#branch                                   0
vb1#branch                                   0
vb0#branch                                   0
vdd#branch                        -0.000617551


No. of Data Rows : 2797

  Measurements for Transient Analysis

tp1                 =  1.64081e-07 targ=  3.69508e-07 trig=  2.05427e-07
tp2                 =  1.35847e-07 targ=  3.39973e-07 trig=  2.04126e-07
tp3                 =  1.15109e-07 targ=  3.16774e-07 trig=  2.01665e-07
tp4                 =  9.93789e-08 targ=  2.98492e-07 trig=  1.99113e-07
tp5                 =  8.74054e-08 targ=  2.83909e-07 trig=  1.96504e-07
tp6                 =  7.75352e-08 targ=  2.71697e-07 trig=  1.94162e-07
tp7                 =  6.96486e-08 targ=  2.61533e-07 trig=  1.91885e-07
f1                  =  2.43782e+07
f2                  =  2.94448e+07
f3                  =  3.47496e+07
f4                  =  4.02500e+07
f5                  =  4.57638e+07
f6                  =  5.15895e+07
f7                  =  5.74312e+07
i1                  =  9.89304e-05 from=  1.81458e-07 to=  4.99009e-07
i2                  =  1.12498e-04 from=  1.81458e-07 to=  4.99009e-07
i3                  =  1.23530e-04 from=  1.81458e-07 to=  4.99009e-07
i4                  =  1.39551e-04 from=  1.81458e-07 to=  4.99009e-07
i5                  =  1.50412e-04 from=  1.81458e-07 to=  4.99009e-07
i6                  =  1.67276e-04 from=  1.81458e-07 to=  4.99009e-07
i7                  =  1.80061e-04 from=  1.81458e-07 to=  4.99009e-07
sw1hi               =  3.73502e+00 at=  4.92887e-07
sw1lo               =  -9.75869e-02 at=  3.88717e-07
sw7hi               =  3.74057e+00 at=  3.83815e-07
sw7lo               =  -1.24840e-01 at=  4.79124e-07


Total analysis time (seconds) = 255.283

Total elapsed time (seconds) = 261.265 

Total DRAM available = 98304.000 MB.
DRAM currently available =  336.469 MB.
Maximum ngspice program size =   24.203 MB.
Current ngspice program size =   24.203 MB.


======== band 5 :: generated deck (ff_-40c_3.63v) ========
* GENERATED by simenv.sh -- do not edit; edit /Users/rwalters/GitHub/gf180-pll/.loom/worktrees/issue-8/sim/vco-tuning-range/testbench/tb_vco_tuning.sp instead
* tag=ff_Tm40_V3p63_B5 libs=ff,res_typical,moscap_typical temp=-40C
.include "/Users/rwalters/.volare/gf180mcuD/libs.tech/ngspice/design.ngspice"
.lib "/Users/rwalters/.volare/gf180mcuD/libs.tech/ngspice/sm141064.ngspice" ff
.lib "/Users/rwalters/.volare/gf180mcuD/libs.tech/ngspice/sm141064.ngspice" res_typical
.lib "/Users/rwalters/.volare/gf180mcuD/libs.tech/ngspice/sm141064.ngspice" moscap_typical
.temp -40
.param sim_temp=-40
.param vsup=3.63
.param b0v=1*3.63
.param b1v=0*3.63
.param b2v=1*3.63
.param tsettle=1.09974e-07
.param tstop=3.0243e-07
.param tstep=1.46032e-10
.param tmax=1.46032e-10
.include "/Users/rwalters/GitHub/gf180-pll/.loom/worktrees/issue-8/sim/vco-tuning-range/testbench/tb_vco_tuning.sp"
.end

======== band 5 :: ngspice output ========

Note: Compatibility modes selected: hs a

Warning: m=xx on .subckt line will override multiplier m hierarchy!


Circuit: * generated by simenv.sh -- do not edit; edit /users/rwalters/github/gf180-pll/.loom/worktrees/issue-8/sim/vco-tuning-range/testbench/tb_vco_tuning.sp instead

Doing analysis at TEMP = -40.000000 and TNOM = 27.000000

Using SPARSE 1.3 as Direct Linear Solver

Initial Transient Solution
--------------------------

Node                                   Voltage
----                                   -------
vdd                                       3.63
nb0                                       3.63
nb1                                          0
nb2                                       3.63
vc1                                        0.9
vc2                                        1.2
vc3                                        1.5
vc4                                        1.8
vc5                                        2.1
vc6                                        2.4
vc7                                        2.7
nv1                                       3.63
nv2                                       3.63
nv3                                       3.63
nv4                                       3.63
nv5                                       3.63
nv6                                       3.63
nv7                                       3.63
x1.xbias.na                           0.821678
x1.xbias.vbpc                          2.77202
x1.xbias.nc                          0.0950032
x1.xbias.xrcg.11                     0.0947965
x1.xbias.xrcg.21                   0.000206676
x1.xbias.nsu                         0.0246094
x1.xbias.vfix                          1.58822
x1.xbias.nmd                          0.687698
x1.xbias.vbp0                          2.85133
x1.xbias.noff                         0.697186
x1.xbias.xroff.11                     0.696921
x1.xbias.xroff.21                  0.000265407
x1.xbias.nvi                          0.210941
x1.xbias.xrdeg.11                      0.21086
x1.xbias.xrdeg.21                  8.03016e-05
x1.xbias.b0b                       4.96292e-09
x1.xbias.b1b                              3.63
x1.xbias.b2b                       4.96292e-09
x1.xbias.vbn1                         0.678028
x1.xbias.ga                            2.85133
x1.xbias.vbp2                          2.84042
x1.xbias.gb                        1.64864e-13
x1.vbn                                0.767878
x1.xbias.gc                            2.84042
x1.vbp                                 2.72743
x1.xs1.nh                              1.25382
x1.y1                                        0
x1.y5                                        0
x1.xs1.nt                          9.91125e-13
x1.xs2.nh                                 3.63
x1.y2                                     3.63
x1.xs2.nt                          5.95989e-10
x1.xs3.nh                                 3.63
x1.y3                                        0
x1.xs3.nt                         -1.18467e-16
x1.xs4.nh                                 3.63
x1.y4                                     3.63
x1.xs4.nt                          5.95989e-10
x1.xs5.nh                                 3.63
x1.xs5.nt                         -1.18467e-16
x1.nb1                                    3.63
x1.nb2                             3.75582e-09
clk1                                      3.63
x1.xcdec1.c_moscap_int1                  -3.63
x1.xcdec2.c_moscap_int1                  -3.63
x2.xbias.na                           0.821678
x2.xbias.vbpc                          2.77202
x2.xbias.nc                          0.0950032
x2.xbias.xrcg.11                     0.0947965
x2.xbias.xrcg.21                   0.000206676
x2.xbias.nsu                         0.0246094
x2.xbias.vfix                          1.58822
x2.xbias.nmd                          0.687698
x2.xbias.vbp0                          2.84081
x2.xbias.noff                         0.697168
x2.xbias.xroff.11                     0.696902
x2.xbias.xroff.21                    0.0002654
x2.xbias.nvi                          0.415797
x2.xbias.xrdeg.11                     0.415639
x2.xbias.xrdeg.21                  0.000158287
x2.xbias.b0b                       4.96292e-09
x2.xbias.b1b                              3.63
x2.xbias.b2b                       4.96292e-09
x2.xbias.vbn1                         0.688953
x2.xbias.ga                            2.84081
x2.xbias.vbp2                          2.82976
x2.xbias.gb                        1.65285e-13
x2.vbn                                0.783102
x2.xbias.gc                            2.82976
x2.vbp                                 2.70943
x2.xs1.nh                              1.27007
x2.y1                                        0
x2.y5                                        0
x2.xs1.nt                          7.26204e-18
x2.xs2.nh                                 3.63
x2.y2                                     3.63
x2.xs2.nt                          5.27725e-10
x2.xs3.nh                                 3.63
x2.y3                                        0
x2.xs3.nt                         -1.74726e-38
x2.xs4.nh                                 3.63
x2.y4                                     3.63
x2.xs4.nt                          5.27725e-10
x2.xs5.nh                                 3.63
x2.xs5.nt                         -1.74721e-38
x2.nb1                                    3.63
x2.nb2                             3.75582e-09
clk2                                      3.63
x2.xcdec1.c_moscap_int1                  -3.63
x2.xcdec2.c_moscap_int1                  -3.63
x3.xbias.na                           0.821678
x3.xbias.vbpc                          2.77202
x3.xbias.nc                          0.0950032
x3.xbias.xrcg.11                     0.0947965
x3.xbias.xrcg.21                   0.000206676
x3.xbias.nsu                         0.0246094
x3.xbias.vfix                          1.58822
x3.xbias.nmd                          0.687698
x3.xbias.vbp0                          2.83112
x3.xbias.noff                         0.697151
x3.xbias.xroff.11                     0.696886
x3.xbias.xroff.21                  0.000265394
x3.xbias.nvi                           0.63207
x3.xbias.xrdeg.11                     0.631829
x3.xbias.xrdeg.21                  0.000240618
x3.xbias.b0b                       4.96292e-09
x3.xbias.b1b                              3.63
x3.xbias.b2b                       4.96292e-09
x3.xbias.vbn1                         0.698976
x3.xbias.ga                            2.83112
x3.xbias.vbp2                          2.81991
x3.xbias.gb                         1.6567e-13
x3.vbn                                0.797398
x3.xbias.gc                            2.81991
x3.vbp                                 2.69227
x3.xs1.nh                               1.2856
x3.y1                                        0
x3.y5                                        0
x3.xs1.nt                         -5.45442e-18
x3.xs2.nh                                 3.63
x3.y2                                     3.63
x3.xs2.nt                          4.75909e-10
x3.xs3.nh                                 3.63
x3.y3                                        0
x3.xs3.nt                         -2.82283e-18
x3.xs4.nh                                 3.63
x3.y4                                     3.63
x3.xs4.nt                          4.75909e-10
x3.xs5.nh                                 3.63
x3.xs5.nt                         -2.82283e-18
x3.nb1                                    3.63
x3.nb2                             3.75582e-09
clk3                                      3.63
x3.xcdec1.c_moscap_int1                  -3.63
x3.xcdec2.c_moscap_int1                  -3.63
x4.xbias.na                           0.821678
x4.xbias.vbpc                          2.77202
x4.xbias.nc                          0.0950032
x4.xbias.xrcg.11                     0.0947965
x4.xbias.xrcg.21                   0.000206676
x4.xbias.nsu                         0.0246094
x4.xbias.vfix                          1.58822
x4.xbias.nmd                          0.687698
x4.xbias.vbp0                          2.82219
x4.xbias.noff                         0.697136
x4.xbias.xroff.11                      0.69687
x4.xbias.xroff.21                  0.000265388
x4.xbias.nvi                          0.855551
x4.xbias.xrdeg.11                     0.855226
x4.xbias.xrdeg.21                  0.000325694
x4.xbias.b0b                       4.96292e-09
x4.xbias.b1b                              3.63
x4.xbias.b2b                       4.96292e-09
x4.xbias.vbn1                          0.70817
x4.xbias.ga                            2.82219
x4.xbias.vbp2                          2.81081
x4.xbias.gb                        1.66022e-13
x4.vbn                                0.810802
x4.xbias.gc                            2.81081
x4.vbp                                 2.67601
x4.xs1.nh                              1.30035
x4.y1                                        0
x4.y5                                        0
x4.xs1.nt                         -6.44678e-18
x4.xs2.nh                                 3.63
x4.y2                                     3.63
x4.xs2.nt                           4.3515e-10
x4.xs3.nh                                 3.63
x4.y3                                        0
x4.xs3.nt                         -1.50949e-38
x4.xs4.nh                                 3.63
x4.y4                                     3.63
x4.xs4.nt                           4.3515e-10
x4.xs5.nh                                 3.63
x4.xs5.nt                         -1.50959e-38
x4.nb1                                    3.63
x4.nb2                             3.75582e-09
clk4                                      3.63
x4.xcdec1.c_moscap_int1                  -3.63
x4.xcdec2.c_moscap_int1                  -3.63
x5.xbias.na                           0.821678
x5.xbias.vbpc                          2.77202
x5.xbias.nc                          0.0950032
x5.xbias.xrcg.11                     0.0947965
x5.xbias.xrcg.21                   0.000206676
x5.xbias.nsu                         0.0246094
x5.xbias.vfix                          1.58822
x5.xbias.nmd                          0.687698
x5.xbias.vbp0                           2.8139
x5.xbias.noff                         0.697122
x5.xbias.xroff.11                     0.696856
x5.xbias.xroff.21                  0.000265383
x5.xbias.nvi                           1.08441
x5.xbias.xrdeg.11                      1.08399
x5.xbias.xrdeg.21                  0.000412815
x5.xbias.b0b                       4.96292e-09
x5.xbias.b1b                              3.63
x5.xbias.b2b                       4.96292e-09
x5.xbias.vbn1                         0.716667
x5.xbias.ga                             2.8139
x5.xbias.vbp2                          2.80233
x5.xbias.gb                        1.66348e-13
x5.vbn                                0.823443
x5.xbias.gc                            2.80233
x5.vbp                                 2.66055
x5.xs1.nh                              1.31441
x5.y1                                        0
x5.y5                                        0
x5.xs1.nt                          5.70951e-28
x5.xs2.nh                                 3.63
x5.y2                                     3.63
x5.xs2.nt                          4.02276e-10
x5.xs3.nh                                 3.63
x5.y3                                        0
x5.xs3.nt                          2.90094e-58
x5.xs4.nh                                 3.63
x5.y4                                     3.63
x5.xs4.nt                          4.02276e-10
x5.xs5.nh                                 3.63
x5.xs5.nt                          2.90094e-58
x5.nb1                                    3.63
x5.nb2                             3.75582e-09
clk5                                      3.63
x5.xcdec1.c_moscap_int1                  -3.63
x5.xcdec2.c_moscap_int1                  -3.63
x6.xbias.na                           0.821678
x6.xbias.vbpc                          2.77202
x6.xbias.nc                          0.0950032
x6.xbias.xrcg.11                     0.0947965
x6.xbias.xrcg.21                   0.000206676
x6.xbias.nsu                         0.0246094
x6.xbias.vfix                          1.58822
x6.xbias.nmd                          0.687698
x6.xbias.vbp0                          2.80615
x6.xbias.noff                         0.697108
x6.xbias.xroff.11                     0.696843
x6.xbias.xroff.21                  0.000265378
x6.xbias.nvi                           1.31757
x6.xbias.xrdeg.11                      1.31707
x6.xbias.xrdeg.21                  0.000501576
x6.xbias.b0b                       4.96292e-09
x6.xbias.b1b                              3.63
x6.xbias.b2b                       4.96292e-09
x6.xbias.vbn1                         0.724581
x6.xbias.ga                            2.80615
x6.xbias.vbp2                          2.79438
x6.xbias.gb                        1.66654e-13
x6.vbn                                0.835437
x6.xbias.gc                            2.79438
x6.vbp                                 2.64579
x6.xs1.nh                              1.32786
x6.y1                                        0
x6.y5                                        0
x6.xs1.nt                          2.69176e-38
x6.xs2.nh                                 3.63
x6.y2                                     3.63
x6.xs2.nt                          3.75173e-10
x6.xs3.nh                                 3.63
x6.y3                                        0
x6.xs3.nt                          1.97253e-38
x6.xs4.nh                                 3.63
x6.y4                                     3.63
x6.xs4.nt                          3.75173e-10
x6.xs5.nh                                 3.63
x6.xs5.nt                          1.97253e-38
x6.nb1                                    3.63
x6.nb2                             3.75582e-09
clk6                                      3.63
x6.xcdec1.c_moscap_int1                  -3.63
x6.xcdec2.c_moscap_int1                  -3.63
x7.xbias.na                           0.821678
x7.xbias.vbpc                          2.77202
x7.xbias.nc                          0.0950032
x7.xbias.xrcg.11                     0.0947965
x7.xbias.xrcg.21                   0.000206676
x7.xbias.nsu                         0.0246094
x7.xbias.vfix                          1.58822
x7.xbias.nmd                          0.687698
x7.xbias.vbp0                          2.79884
x7.xbias.noff                         0.697096
x7.xbias.xroff.11                      0.69683
x7.xbias.xroff.21                  0.000265373
x7.xbias.nvi                           1.55432
x7.xbias.xrdeg.11                      1.55373
x7.xbias.xrdeg.21                  0.000591704
x7.xbias.b0b                       4.96292e-09
x7.xbias.b1b                              3.63
x7.xbias.b2b                       4.96292e-09
x7.xbias.vbn1                         0.732004
x7.xbias.ga                            2.79884
x7.xbias.vbp2                          2.78688
x7.xbias.gb                        1.66937e-13
x7.vbn                                0.846884
x7.xbias.gc                            2.78688
x7.vbp                                 2.63164
x7.xs1.nh                              1.34078
x7.y1                                        0
x7.y5                                        0
x7.xs1.nt                         -8.25039e-28
x7.xs2.nh                                 3.63
x7.y2                                     3.63
x7.xs2.nt                          3.52411e-10
x7.xs3.nh                                 3.63
x7.y3                                        0
x7.xs3.nt                          7.15954e-39
x7.xs4.nh                                 3.63
x7.y4                                     3.63
x7.xs4.nt                          3.52411e-10
x7.xs5.nh                                 3.63
x7.xs5.nt                          7.16013e-39
x7.nb1                                    3.63
x7.nb2                             3.75582e-09
clk7                                      3.63
x7.xcdec1.c_moscap_int1                  -3.63
x7.xcdec2.c_moscap_int1                  -3.63
e.x7.xcdec2.ec_moscap#branch                 0
e.x7.xcdec1.ec_moscap#branch                 0
e.x6.xcdec2.ec_moscap#branch                 0
e.x6.xcdec1.ec_moscap#branch                 0
e.x5.xcdec2.ec_moscap#branch                 0
e.x5.xcdec1.ec_moscap#branch                 0
e.x4.xcdec2.ec_moscap#branch                 0
e.x4.xcdec1.ec_moscap#branch                 0
e.x3.xcdec2.ec_moscap#branch                 0
e.x3.xcdec1.ec_moscap#branch                 0
e.x2.xcdec2.ec_moscap#branch                 0
e.x2.xcdec1.ec_moscap#branch                 0
e.x1.xcdec2.ec_moscap#branch                 0
e.x1.xcdec1.ec_moscap#branch                 0
vs7#branch                         0.000170805
vs6#branch                         0.000155197
vs5#branch                          0.00013974
vs4#branch                         0.000124473
vs3#branch                         0.000109456
vs2#branch                         9.47961e-05
vs1#branch                         8.07432e-05
vv7#branch                                   0
vv6#branch                                   0
vv5#branch                                   0
vv4#branch                                   0
vv3#branch                                   0
vv2#branch                                   0
vv1#branch                                   0
vb2#branch                                   0
vb1#branch                                   0
vb0#branch                                   0
vdd#branch                         -0.00087521


No. of Data Rows : 2718

  Measurements for Transient Analysis

tp1                 =  1.02160e-07 targ=  2.30182e-07 trig=  1.28022e-07
tp2                 =  8.42631e-08 targ=  2.10948e-07 trig=  1.26685e-07
tp3                 =  7.10229e-08 targ=  1.95688e-07 trig=  1.24665e-07
tp4                 =  6.11318e-08 targ=  1.83693e-07 trig=  1.22562e-07
tp5                 =  5.34438e-08 targ=  1.73948e-07 trig=  1.20504e-07
tp6                 =  4.72871e-08 targ=  1.65856e-07 trig=  1.18569e-07
tp7                 =  4.23931e-08 targ=  1.59141e-07 trig=  1.16748e-07
f1                  =  3.91542e+07
f2                  =  4.74704e+07
f3                  =  5.63199e+07
f4                  =  6.54324e+07
f5                  =  7.48450e+07
f6                  =  8.45896e+07
f7                  =  9.43549e+07
i1                  =  1.29071e-04 from=  1.09974e-07 to=  3.02430e-07
i2                  =  1.47249e-04 from=  1.09974e-07 to=  3.02430e-07
i3                  =  1.68850e-04 from=  1.09974e-07 to=  3.02430e-07
i4                  =  1.90709e-04 from=  1.09974e-07 to=  3.02430e-07
i5                  =  2.10687e-04 from=  1.09974e-07 to=  3.02430e-07
i6                  =  2.31788e-04 from=  1.09974e-07 to=  3.02430e-07
i7                  =  2.54907e-04 from=  1.09974e-07 to=  3.02430e-07
sw1hi               =  3.74007e+00 at=  2.30329e-07
sw1lo               =  -1.09582e-01 at=  1.40113e-07
sw7hi               =  3.74939e+00 at=  1.59271e-07
sw7lo               =  -1.33947e-01 at=  2.17240e-07


Total analysis time (seconds) = 229.959

Total elapsed time (seconds) = 235.801 

Total DRAM available = 98304.000 MB.
DRAM currently available =  583.922 MB.
Maximum ngspice program size =   24.156 MB.
Current ngspice program size =   24.156 MB.


======== band 6 :: generated deck (ff_-40c_3.63v) ========
* GENERATED by simenv.sh -- do not edit; edit /Users/rwalters/GitHub/gf180-pll/.loom/worktrees/issue-8/sim/vco-tuning-range/testbench/tb_vco_tuning.sp instead
* tag=ff_Tm40_V3p63_B6 libs=ff,res_typical,moscap_typical temp=-40C
.include "/Users/rwalters/.volare/gf180mcuD/libs.tech/ngspice/design.ngspice"
.lib "/Users/rwalters/.volare/gf180mcuD/libs.tech/ngspice/sm141064.ngspice" ff
.lib "/Users/rwalters/.volare/gf180mcuD/libs.tech/ngspice/sm141064.ngspice" res_typical
.lib "/Users/rwalters/.volare/gf180mcuD/libs.tech/ngspice/sm141064.ngspice" moscap_typical
.temp -40
.param sim_temp=-40
.param vsup=3.63
.param b0v=0*3.63
.param b1v=1*3.63
.param b2v=1*3.63
.param tsettle=6.66512e-08
.param tstop=1.83291e-07
.param tstep=8.85043e-11
.param tmax=8.85043e-11
.include "/Users/rwalters/GitHub/gf180-pll/.loom/worktrees/issue-8/sim/vco-tuning-range/testbench/tb_vco_tuning.sp"
.end

======== band 6 :: ngspice output ========

Note: Compatibility modes selected: hs a

Warning: m=xx on .subckt line will override multiplier m hierarchy!


Circuit: * generated by simenv.sh -- do not edit; edit /users/rwalters/github/gf180-pll/.loom/worktrees/issue-8/sim/vco-tuning-range/testbench/tb_vco_tuning.sp instead

Doing analysis at TEMP = -40.000000 and TNOM = 27.000000

Using SPARSE 1.3 as Direct Linear Solver

Initial Transient Solution
--------------------------

Node                                   Voltage
----                                   -------
vdd                                       3.63
nb0                                          0
nb1                                       3.63
nb2                                       3.63
vc1                                        0.9
vc2                                        1.2
vc3                                        1.5
vc4                                        1.8
vc5                                        2.1
vc6                                        2.4
vc7                                        2.7
nv1                                       3.63
nv2                                       3.63
nv3                                       3.63
nv4                                       3.63
nv5                                       3.63
nv6                                       3.63
nv7                                       3.63
x1.xbias.na                           0.821678
x1.xbias.vbpc                          2.77202
x1.xbias.nc                          0.0950032
x1.xbias.xrcg.11                     0.0947965
x1.xbias.xrcg.21                   0.000206676
x1.xbias.nsu                         0.0246094
x1.xbias.vfix                          1.58822
x1.xbias.nmd                          0.687698
x1.xbias.vbp0                          2.85133
x1.xbias.noff                         0.697186
x1.xbias.xroff.11                     0.696921
x1.xbias.xroff.21                  0.000265407
x1.xbias.nvi                          0.210941
x1.xbias.xrdeg.11                      0.21086
x1.xbias.xrdeg.21                  8.03016e-05
x1.xbias.b0b                              3.63
x1.xbias.b1b                       4.96292e-09
x1.xbias.b2b                       4.96292e-09
x1.xbias.vbn1                          0.65293
x1.xbias.ga                               3.63
x1.xbias.vbp2                          2.80923
x1.xbias.gb                            0.65293
x1.vbn                                0.813139
x1.xbias.gc                            2.80923
x1.vbp                                 2.67316
x1.xs1.nh                              1.30294
x1.y1                                        0
x1.y5                                        0
x1.xs1.nt                          1.51372e-17
x1.xs2.nh                                 3.63
x1.y2                                     3.63
x1.xs2.nt                          4.28698e-10
x1.xs3.nh                                 3.63
x1.y3                                        0
x1.xs3.nt                         -2.12612e-38
x1.xs4.nh                                 3.63
x1.y4                                     3.63
x1.xs4.nt                          4.28698e-10
x1.xs5.nh                                 3.63
x1.xs5.nt                         -2.12612e-38
x1.nb1                                    3.63
x1.nb2                             3.75582e-09
clk1                                      3.63
x1.xcdec1.c_moscap_int1                  -3.63
x1.xcdec2.c_moscap_int1                  -3.63
x2.xbias.na                           0.821678
x2.xbias.vbpc                          2.77202
x2.xbias.nc                          0.0950032
x2.xbias.xrcg.11                     0.0947965
x2.xbias.xrcg.21                   0.000206676
x2.xbias.nsu                         0.0246094
x2.xbias.vfix                          1.58822
x2.xbias.nmd                          0.687698
x2.xbias.vbp0                          2.84081
x2.xbias.noff                         0.697168
x2.xbias.xroff.11                     0.696902
x2.xbias.xroff.21                    0.0002654
x2.xbias.nvi                          0.415797
x2.xbias.xrdeg.11                     0.415639
x2.xbias.xrdeg.21                  0.000158287
x2.xbias.b0b                              3.63
x2.xbias.b1b                       4.96292e-09
x2.xbias.b2b                       4.96292e-09
x2.xbias.vbn1                         0.662654
x2.xbias.ga                               3.63
x2.xbias.vbp2                          2.79657
x2.xbias.gb                           0.662654
x2.vbn                                0.832127
x2.xbias.gc                            2.79657
x2.vbp                                 2.64987
x2.xs1.nh                              1.32414
x2.y1                                        0
x2.y5                                        0
x2.xs1.nt                        -1.53823e-106
x2.xs2.nh                                 3.63
x2.y2                                     3.63
x2.xs2.nt                          3.82297e-10
x2.xs3.nh                                 3.63
x2.y3                                        0
x2.xs3.nt                        -1.63998e-235
x2.xs4.nh                                 3.63
x2.y4                                     3.63
x2.xs4.nt                          3.82297e-10
x2.xs5.nh                                 3.63
x2.xs5.nt                        -1.63998e-235
x2.nb1                                    3.63
x2.nb2                             3.75582e-09
clk2                                      3.63
x2.xcdec1.c_moscap_int1                  -3.63
x2.xcdec2.c_moscap_int1                  -3.63
x3.xbias.na                           0.821678
x3.xbias.vbpc                          2.77202
x3.xbias.nc                          0.0950032
x3.xbias.xrcg.11                     0.0947965
x3.xbias.xrcg.21                   0.000206676
x3.xbias.nsu                         0.0246094
x3.xbias.vfix                          1.58822
x3.xbias.nmd                          0.687698
x3.xbias.vbp0                          2.83112
x3.xbias.noff                         0.697151
x3.xbias.xroff.11                     0.696886
x3.xbias.xroff.21                  0.000265394
x3.xbias.nvi                           0.63207
x3.xbias.xrdeg.11                     0.631829
x3.xbias.xrdeg.21                  0.000240618
x3.xbias.b0b                              3.63
x3.xbias.b1b                       4.96292e-09
x3.xbias.b2b                       4.96292e-09
x3.xbias.vbn1                         0.671503
x3.xbias.ga                               3.63
x3.xbias.vbp2                          2.78473
x3.xbias.gb                           0.671503
x3.vbn                                0.850188
x3.xbias.gc                            2.78473
x3.vbp                                 2.62755
x3.xs1.nh                              1.34452
x3.y1                                        0
x3.y5                                        0
x3.xs1.nt                        -8.74057e-107
x3.xs2.nh                                 3.63
x3.y2                                     3.63
x3.xs2.nt                          3.46336e-10
x3.xs3.nh                                 3.63
x3.y3                                        0
x3.xs3.nt                        -7.58041e-236
x3.xs4.nh                                 3.63
x3.y4                                     3.63
x3.xs4.nt                          3.46336e-10
x3.xs5.nh                                 3.63
x3.xs5.nt                        -7.58041e-236
x3.nb1                                    3.63
x3.nb2                             3.75582e-09
clk3                                      3.63
x3.xcdec1.c_moscap_int1                  -3.63
x3.xcdec2.c_moscap_int1                  -3.63
x4.xbias.na                           0.821678
x4.xbias.vbpc                          2.77202
x4.xbias.nc                          0.0950032
x4.xbias.xrcg.11                     0.0947965
x4.xbias.xrcg.21                   0.000206676
x4.xbias.nsu                         0.0246094
x4.xbias.vfix                          1.58822
x4.xbias.nmd                          0.687698
x4.xbias.vbp0                          2.82219
x4.xbias.noff                         0.697136
x4.xbias.xroff.11                      0.69687
x4.xbias.xroff.21                  0.000265388
x4.xbias.nvi                          0.855551
x4.xbias.xrdeg.11                     0.855226
x4.xbias.xrdeg.21                  0.000325694
x4.xbias.b0b                              3.63
x4.xbias.b1b                       4.96292e-09
x4.xbias.b2b                       4.96292e-09
x4.xbias.vbn1                         0.679561
x4.xbias.ga                               3.63
x4.xbias.vbp2                          2.77368
x4.xbias.gb                           0.679561
x4.vbn                                0.867314
x4.xbias.gc                            2.77368
x4.vbp                                  2.6063
x4.xs1.nh                              1.36398
x4.y1                                        0
x4.y5                                        0
x4.xs1.nt                         4.67325e-107
x4.xs2.nh                                 3.63
x4.y2                                     3.63
x4.xs2.nt                          3.17898e-10
x4.xs3.nh                                 3.63
x4.y3                                        0
x4.xs3.nt                        -3.24223e-236
x4.xs4.nh                                 3.63
x4.y4                                     3.63
x4.xs4.nt                          3.17898e-10
x4.xs5.nh                                 3.63
x4.xs5.nt                        -3.24229e-236
x4.nb1                                    3.63
x4.nb2                             3.75582e-09
clk4                                      3.63
x4.xcdec1.c_moscap_int1                  -3.63
x4.xcdec2.c_moscap_int1                  -3.63
x5.xbias.na                           0.821678
x5.xbias.vbpc                          2.77202
x5.xbias.nc                          0.0950032
x5.xbias.xrcg.11                     0.0947965
x5.xbias.xrcg.21                   0.000206676
x5.xbias.nsu                         0.0246094
x5.xbias.vfix                          1.58822
x5.xbias.nmd                          0.687698
x5.xbias.vbp0                           2.8139
x5.xbias.noff                         0.697122
x5.xbias.xroff.11                     0.696856
x5.xbias.xroff.21                  0.000265383
x5.xbias.nvi                           1.08441
x5.xbias.xrdeg.11                      1.08399
x5.xbias.xrdeg.21                  0.000412815
x5.xbias.b0b                              3.63
x5.xbias.b1b                       4.96292e-09
x5.xbias.b2b                       4.96292e-09
x5.xbias.vbn1                         0.686959
x5.xbias.ga                               3.63
x5.xbias.vbp2                          2.76331
x5.xbias.gb                           0.686959
x5.vbn                                0.883627
x5.xbias.gc                            2.76331
x5.vbp                                 2.58602
x5.xs1.nh                               1.3826
x5.y1                                        0
x5.y5                                        0
x5.xs1.nt                        -5.41405e-118
x5.xs2.nh                                 3.63
x5.y2                                     3.63
x5.xs2.nt                           2.9486e-10
x5.xs3.nh                                 3.63
x5.y3                                        0
x5.xs3.nt                         1.89497e-236
x5.xs4.nh                                 3.63
x5.y4                                     3.63
x5.xs4.nt                           2.9486e-10
x5.xs5.nh                                 3.63
x5.xs5.nt                         1.89497e-236
x5.nb1                                    3.63
x5.nb2                             3.75582e-09
clk5                                      3.63
x5.xcdec1.c_moscap_int1                  -3.63
x5.xcdec2.c_moscap_int1                  -3.63
x6.xbias.na                           0.821678
x6.xbias.vbpc                          2.77202
x6.xbias.nc                          0.0950032
x6.xbias.xrcg.11                     0.0947965
x6.xbias.xrcg.21                   0.000206676
x6.xbias.nsu                         0.0246094
x6.xbias.vfix                          1.58822
x6.xbias.nmd                          0.687698
x6.xbias.vbp0                          2.80615
x6.xbias.noff                         0.697108
x6.xbias.xroff.11                     0.696843
x6.xbias.xroff.21                  0.000265378
x6.xbias.nvi                           1.31757
x6.xbias.xrdeg.11                      1.31707
x6.xbias.xrdeg.21                  0.000501576
x6.xbias.b0b                              3.63
x6.xbias.b1b                       4.96292e-09
x6.xbias.b2b                       4.96292e-09
x6.xbias.vbn1                         0.693807
x6.xbias.ga                               3.63
x6.xbias.vbp2                          2.75351
x6.xbias.gb                           0.693807
x6.vbn                                0.899243
x6.xbias.gc                            2.75351
x6.vbp                                 2.56661
x6.xs1.nh                              1.40047
x6.y1                                        0
x6.y5                                        0
x6.xs1.nt                        -1.58905e-117
x6.xs2.nh                                 3.63
x6.y2                                     3.63
x6.xs2.nt                          2.75795e-10
x6.xs3.nh                                 3.63
x6.y3                                        0
x6.xs3.nt                        -4.47457e-236
x6.xs4.nh                                 3.63
x6.y4                                     3.63
x6.xs4.nt                          2.75795e-10
x6.xs5.nh                                 3.63
x6.xs5.nt                        -4.47457e-236
x6.nb1                                    3.63
x6.nb2                             3.75582e-09
clk6                                      3.63
x6.xcdec1.c_moscap_int1                  -3.63
x6.xcdec2.c_moscap_int1                  -3.63
x7.xbias.na                           0.821678
x7.xbias.vbpc                          2.77202
x7.xbias.nc                          0.0950032
x7.xbias.xrcg.11                     0.0947965
x7.xbias.xrcg.21                   0.000206676
x7.xbias.nsu                         0.0246094
x7.xbias.vfix                          1.58822
x7.xbias.nmd                          0.687698
x7.xbias.vbp0                          2.79884
x7.xbias.noff                         0.697096
x7.xbias.xroff.11                      0.69683
x7.xbias.xroff.21                  0.000265373
x7.xbias.nvi                           1.55432
x7.xbias.xrdeg.11                      1.55373
x7.xbias.xrdeg.21                  0.000591704
x7.xbias.b0b                              3.63
x7.xbias.b1b                       4.96292e-09
x7.xbias.b2b                       4.96292e-09
x7.xbias.vbn1                         0.700193
x7.xbias.ga                               3.63
x7.xbias.vbp2                           2.7442
x7.xbias.gb                           0.700193
x7.vbn                                0.914263
x7.xbias.gc                             2.7442
x7.vbp                                 2.54796
x7.xs1.nh                              1.41767
x7.y1                                        0
x7.y5                                        0
x7.xs1.nt                         1.00926e-117
x7.xs2.nh                                 3.63
x7.y2                                     3.63
x7.xs2.nt                          2.59729e-10
x7.xs3.nh                                 3.63
x7.y3                                        0
x7.xs3.nt                         5.32237e-236
x7.xs4.nh                                 3.63
x7.y4                                     3.63
x7.xs4.nt                          2.59729e-10
x7.xs5.nh                                 3.63
x7.xs5.nt                         5.32238e-236
x7.nb1                                    3.63
x7.nb2                             3.75582e-09
clk7                                      3.63
x7.xcdec1.c_moscap_int1                  -3.63
x7.xcdec2.c_moscap_int1                  -3.63
e.x7.xcdec2.ec_moscap#branch                 0
e.x7.xcdec1.ec_moscap#branch                 0
e.x6.xcdec2.ec_moscap#branch                 0
e.x6.xcdec1.ec_moscap#branch                 0
e.x5.xcdec2.ec_moscap#branch                 0
e.x5.xcdec1.ec_moscap#branch                 0
e.x4.xcdec2.ec_moscap#branch                 0
e.x4.xcdec1.ec_moscap#branch                 0
e.x3.xcdec2.ec_moscap#branch                 0
e.x3.xcdec1.ec_moscap#branch                 0
e.x2.xcdec2.ec_moscap#branch                 0
e.x2.xcdec1.ec_moscap#branch                 0
e.x1.xcdec2.ec_moscap#branch                 0
e.x1.xcdec1.ec_moscap#branch                 0
vs7#branch                          0.00024791
vs6#branch                          0.00022488
vs5#branch                          0.00020205
vs4#branch                         0.000179476
vs3#branch                         0.000157245
vs2#branch                         0.000135512
vs1#branch                         0.000114647
vv7#branch                                   0
vv6#branch                                   0
vv5#branch                                   0
vv4#branch                                   0
vv3#branch                                   0
vv2#branch                                   0
vv1#branch                                   0
vb2#branch                                   0
vb1#branch                                   0
vb0#branch                                   0
vdd#branch                         -0.00126172


No. of Data Rows : 2754

  Measurements for Transient Analysis

tp1                 =  5.96173e-08 targ=  1.34384e-07 trig=  7.47664e-08
tp2                 =  4.89155e-08 targ=  1.22521e-07 trig=  7.36051e-08
tp3                 =  4.10657e-08 targ=  1.13199e-07 trig=  7.21331e-08
tp4                 =  3.51774e-08 targ=  1.05741e-07 trig=  7.05640e-08
tp5                 =  3.05877e-08 targ=  9.96825e-08 trig=  6.90948e-08
tp6                 =  2.69898e-08 targ=  9.46736e-08 trig=  6.76838e-08
tp7                 =  2.40452e-08 targ=  9.64345e-08 trig=  7.23893e-08
f1                  =  6.70946e+07
f2                  =  8.17737e+07
f3                  =  9.74048e+07
f4                  =  1.13709e+08
f5                  =  1.30771e+08
f6                  =  1.48204e+08
f7                  =  1.66354e+08
i1                  =  1.78269e-04 from=  6.66512e-08 to=  1.83291e-07
i2                  =  2.06716e-04 from=  6.66512e-08 to=  1.83291e-07
i3                  =  2.37042e-04 from=  6.66512e-08 to=  1.83291e-07
i4                  =  2.67186e-04 from=  6.66512e-08 to=  1.83291e-07
i5                  =  2.99497e-04 from=  6.66512e-08 to=  1.83291e-07
i6                  =  3.32769e-04 from=  6.66512e-08 to=  1.83291e-07
i7                  =  3.63709e-04 from=  6.66512e-08 to=  1.83291e-07
sw1hi               =  3.76764e+00 at=  1.04686e-07
sw1lo               =  -1.64821e-01 at=  1.56462e-07
sw7hi               =  3.80876e+00 at=  1.56705e-07
sw7lo               =  -1.69669e-01 at=  1.47586e-07


Total analysis time (seconds) = 232.001

Total elapsed time (seconds) = 237.379 

Total DRAM available = 98304.000 MB.
DRAM currently available =  396.250 MB.
Maximum ngspice program size =   24.219 MB.
Current ngspice program size =   24.219 MB.


======== band 7 :: generated deck (ff_-40c_3.63v) ========
* GENERATED by simenv.sh -- do not edit; edit /Users/rwalters/GitHub/gf180-pll/.loom/worktrees/issue-8/sim/vco-tuning-range/testbench/tb_vco_tuning.sp instead
* tag=ff_Tm40_V3p63_B7 libs=ff,res_typical,moscap_typical temp=-40C
.include "/Users/rwalters/.volare/gf180mcuD/libs.tech/ngspice/design.ngspice"
.lib "/Users/rwalters/.volare/gf180mcuD/libs.tech/ngspice/sm141064.ngspice" ff
.lib "/Users/rwalters/.volare/gf180mcuD/libs.tech/ngspice/sm141064.ngspice" res_typical
.lib "/Users/rwalters/.volare/gf180mcuD/libs.tech/ngspice/sm141064.ngspice" moscap_typical
.temp -40
.param sim_temp=-40
.param vsup=3.63
.param b0v=1*3.63
.param b1v=1*3.63
.param b2v=1*3.63
.param tsettle=4.03947e-08
.param tstop=1.11085e-07
.param tstep=5.36391e-11
.param tmax=5.36391e-11
.include "/Users/rwalters/GitHub/gf180-pll/.loom/worktrees/issue-8/sim/vco-tuning-range/testbench/tb_vco_tuning.sp"
.end

======== band 7 :: ngspice output ========

Note: Compatibility modes selected: hs a

Warning: m=xx on .subckt line will override multiplier m hierarchy!


Circuit: * generated by simenv.sh -- do not edit; edit /users/rwalters/github/gf180-pll/.loom/worktrees/issue-8/sim/vco-tuning-range/testbench/tb_vco_tuning.sp instead

Doing analysis at TEMP = -40.000000 and TNOM = 27.000000

Using SPARSE 1.3 as Direct Linear Solver

Initial Transient Solution
--------------------------

Node                                   Voltage
----                                   -------
vdd                                       3.63
nb0                                       3.63
nb1                                       3.63
nb2                                       3.63
vc1                                        0.9
vc2                                        1.2
vc3                                        1.5
vc4                                        1.8
vc5                                        2.1
vc6                                        2.4
vc7                                        2.7
nv1                                       3.63
nv2                                       3.63
nv3                                       3.63
nv4                                       3.63
nv5                                       3.63
nv6                                       3.63
nv7                                       3.63
x1.xbias.na                           0.821678
x1.xbias.vbpc                          2.77202
x1.xbias.nc                          0.0950032
x1.xbias.xrcg.11                     0.0947965
x1.xbias.xrcg.21                   0.000206676
x1.xbias.nsu                         0.0246094
x1.xbias.vfix                          1.58822
x1.xbias.nmd                          0.687698
x1.xbias.vbp0                          2.85133
x1.xbias.noff                         0.697186
x1.xbias.xroff.11                     0.696921
x1.xbias.xroff.21                  0.000265407
x1.xbias.nvi                          0.210941
x1.xbias.xrdeg.11                      0.21086
x1.xbias.xrdeg.21                  8.03016e-05
x1.xbias.b0b                       4.96292e-09
x1.xbias.b1b                       4.96292e-09
x1.xbias.b2b                       4.96292e-09
x1.xbias.vbn1                         0.678028
x1.xbias.ga                            2.85133
x1.xbias.vbp2                           2.7758
x1.xbias.gb                           0.678028
x1.vbn                                0.864004
x1.xbias.gc                             2.7758
x1.vbp                                 2.61041
x1.xs1.nh                              1.36021
x1.y1                                        0
x1.y5                                        0
x1.xs1.nt                          1.14037e-37
x1.xs2.nh                                 3.63
x1.y2                                     3.63
x1.xs2.nt                          3.19846e-10
x1.xs3.nh                                 3.63
x1.y3                                        0
x1.xs3.nt                         4.55041e-217
x1.xs4.nh                                 3.63
x1.y4                                     3.63
x1.xs4.nt                          3.19846e-10
x1.xs5.nh                                 3.63
x1.xs5.nt                         4.55041e-217
x1.nb1                                    3.63
x1.nb2                             3.75582e-09
clk1                                      3.63
x1.xcdec1.c_moscap_int1                  -3.63
x1.xcdec2.c_moscap_int1                  -3.63
x2.xbias.na                           0.821678
x2.xbias.vbpc                          2.77202
x2.xbias.nc                          0.0950032
x2.xbias.xrcg.11                     0.0947965
x2.xbias.xrcg.21                   0.000206676
x2.xbias.nsu                         0.0246094
x2.xbias.vfix                          1.58822
x2.xbias.nmd                          0.687698
x2.xbias.vbp0                          2.84081
x2.xbias.noff                         0.697168
x2.xbias.xroff.11                     0.696902
x2.xbias.xroff.21                    0.0002654
x2.xbias.nvi                          0.415797
x2.xbias.xrdeg.11                     0.415639
x2.xbias.xrdeg.21                  0.000158287
x2.xbias.b0b                       4.96292e-09
x2.xbias.b1b                       4.96292e-09
x2.xbias.b2b                       4.96292e-09
x2.xbias.vbn1                         0.688953
x2.xbias.ga                            2.84081
x2.xbias.vbp2                          2.76047
x2.xbias.gb                           0.688953
x2.vbn                                0.888123
x2.xbias.gc                            2.76047
x2.vbp                                 2.58043
x2.xs1.nh                              1.38774
x2.y1                                        0
x2.y5                                        0
x2.xs1.nt                         2.31594e-117
x2.xs2.nh                                 3.63
x2.y2                                     3.63
x2.xs2.nt                          2.89097e-10
x2.xs3.nh                                 3.63
x2.y3                                        0
x2.xs3.nt                        -9.33428e-236
x2.xs4.nh                                 3.63
x2.y4                                     3.63
x2.xs4.nt                          2.89097e-10
x2.xs5.nh                                 3.63
x2.xs5.nt                        -9.33428e-236
x2.nb1                                    3.63
x2.nb2                             3.75582e-09
clk2                                      3.63
x2.xcdec1.c_moscap_int1                  -3.63
x2.xcdec2.c_moscap_int1                  -3.63
x3.xbias.na                           0.821678
x3.xbias.vbpc                          2.77202
x3.xbias.nc                          0.0950032
x3.xbias.xrcg.11                     0.0947965
x3.xbias.xrcg.21                   0.000206676
x3.xbias.nsu                         0.0246094
x3.xbias.vfix                          1.58822
x3.xbias.nmd                          0.687698
x3.xbias.vbp0                          2.83112
x3.xbias.noff                         0.697151
x3.xbias.xroff.11                     0.696886
x3.xbias.xroff.21                  0.000265394
x3.xbias.nvi                           0.63207
x3.xbias.xrdeg.11                     0.631829
x3.xbias.xrdeg.21                  0.000240618
x3.xbias.b0b                       4.96292e-09
x3.xbias.b1b                       4.96292e-09
x3.xbias.b2b                       4.96292e-09
x3.xbias.vbn1                         0.698976
x3.xbias.ga                            2.83112
x3.xbias.vbp2                          2.74599
x3.xbias.gb                           0.698976
x3.vbn                                0.911367
x3.xbias.gc                            2.74599
x3.vbp                                 2.55155
x3.xs1.nh                              1.41435
x3.y1                                        0
x3.y5                                        0
x3.xs1.nt                        -7.84603e-108
x3.xs2.nh                                 3.63
x3.y2                                     3.63
x3.xs2.nt                          2.62672e-10
x3.xs3.nh                                 3.63
x3.y3                                        0
x3.xs3.nt                        -2.27657e-196
x3.xs4.nh                                 3.63
x3.y4                                     3.63
x3.xs4.nt                          2.62672e-10
x3.xs5.nh                                 3.63
x3.xs5.nt                        -2.27657e-196
x3.nb1                                    3.63
x3.nb2                             3.75582e-09
clk3                                      3.63
x3.xcdec1.c_moscap_int1                  -3.63
x3.xcdec2.c_moscap_int1                  -3.63
x4.xbias.na                           0.821678
x4.xbias.vbpc                          2.77202
x4.xbias.nc                          0.0950032
x4.xbias.xrcg.11                     0.0947965
x4.xbias.xrcg.21                   0.000206676
x4.xbias.nsu                         0.0246094
x4.xbias.vfix                          1.58822
x4.xbias.nmd                          0.687698
x4.xbias.vbp0                          2.82219
x4.xbias.noff                         0.697136
x4.xbias.xroff.11                      0.69687
x4.xbias.xroff.21                  0.000265388
x4.xbias.nvi                          0.855551
x4.xbias.xrdeg.11                     0.855226
x4.xbias.xrdeg.21                  0.000325694
x4.xbias.b0b                       4.96292e-09
x4.xbias.b1b                       4.96292e-09
x4.xbias.b2b                       4.96292e-09
x4.xbias.vbn1                          0.70817
x4.xbias.ga                            2.82219
x4.xbias.vbp2                          2.73234
x4.xbias.gb                            0.70817
x4.vbn                                0.933652
x4.xbias.gc                            2.73234
x4.vbp                                 2.52395
x4.xs1.nh                              1.43987
x4.y1                                        0
x4.y5                                        0
x4.xs1.nt                         -3.98447e-88
x4.xs2.nh                                 3.63
x4.y2                                     3.63
x4.xs2.nt                          2.41696e-10
x4.xs3.nh                                 3.63
x4.y3                                        0
x4.xs3.nt                         3.37726e-137
x4.xs4.nh                                 3.63
x4.y4                                     3.63
x4.xs4.nt                          2.41696e-10
x4.xs5.nh                                 3.63
x4.xs5.nt                         3.37728e-137
x4.nb1                                    3.63
x4.nb2                             3.75582e-09
clk4                                      3.63
x4.xcdec1.c_moscap_int1                  -3.63
x4.xcdec2.c_moscap_int1                  -3.63
x5.xbias.na                           0.821678
x5.xbias.vbpc                          2.77202
x5.xbias.nc                          0.0950032
x5.xbias.xrcg.11                     0.0947965
x5.xbias.xrcg.21                   0.000206676
x5.xbias.nsu                         0.0246094
x5.xbias.vfix                          1.58822
x5.xbias.nmd                          0.687698
x5.xbias.vbp0                           2.8139
x5.xbias.noff                         0.697122
x5.xbias.xroff.11                     0.696856
x5.xbias.xroff.21                  0.000265383
x5.xbias.nvi                           1.08441
x5.xbias.xrdeg.11                      1.08399
x5.xbias.xrdeg.21                  0.000412815
x5.xbias.b0b                       4.96292e-09
x5.xbias.b1b                       4.96292e-09
x5.xbias.b2b                       4.96292e-09
x5.xbias.vbn1                         0.716667
x5.xbias.ga                             2.8139
x5.xbias.vbp2                          2.71943
x5.xbias.gb                           0.716667
x5.vbn                                 0.95508
x5.xbias.gc                            2.71943
x5.vbp                                 2.49754
x5.xs1.nh                              1.46437
x5.y1                                        0
x5.y5                                        0
x5.xs1.nt                          5.90986e-88
x5.xs2.nh                                 3.63
x5.y2                                     3.63
x5.xs2.nt                           2.2465e-10
x5.xs3.nh                                 3.63
x5.y3                                        0
x5.xs3.nt                         5.61138e-157
x5.xs4.nh                                 3.63
x5.y4                                     3.63
x5.xs4.nt                           2.2465e-10
x5.xs5.nh                                 3.63
x5.xs5.nt                         5.61138e-157
x5.nb1                                    3.63
x5.nb2                             3.75582e-09
clk5                                      3.63
x5.xcdec1.c_moscap_int1                  -3.63
x5.xcdec2.c_moscap_int1                  -3.63
x6.xbias.na                           0.821678
x6.xbias.vbpc                          2.77202
x6.xbias.nc                          0.0950032
x6.xbias.xrcg.11                     0.0947965
x6.xbias.xrcg.21                   0.000206676
x6.xbias.nsu                         0.0246094
x6.xbias.vfix                          1.58822
x6.xbias.nmd                          0.687698
x6.xbias.vbp0                          2.80615
x6.xbias.noff                         0.697108
x6.xbias.xroff.11                     0.696843
x6.xbias.xroff.21                  0.000265378
x6.xbias.nvi                           1.31757
x6.xbias.xrdeg.11                      1.31707
x6.xbias.xrdeg.21                  0.000501576
x6.xbias.b0b                       4.96292e-09
x6.xbias.b1b                       4.96292e-09
x6.xbias.b2b                       4.96292e-09
x6.xbias.vbn1                         0.724581
x6.xbias.ga                            2.80615
x6.xbias.vbp2                          2.70716
x6.xbias.gb                           0.724581
x6.vbn                                0.975762
x6.xbias.gc                            2.70716
x6.vbp                                 2.47219
x6.xs1.nh                              1.48795
x6.y1                                        0
x6.y5                                        0
x6.xs1.nt                         -1.59724e-88
x6.xs2.nh                                 3.63
x6.y2                                     3.63
x6.xs2.nt                          2.10509e-10
x6.xs3.nh                                 3.63
x6.y3                                        0
x6.xs3.nt                        -2.64972e-157
x6.xs4.nh                                 3.63
x6.y4                                     3.63
x6.xs4.nt                          2.10509e-10
x6.xs5.nh                                 3.63
x6.xs5.nt                        -2.64984e-157
x6.nb1                                    3.63
x6.nb2                             3.75582e-09
clk6                                      3.63
x6.xcdec1.c_moscap_int1                  -3.63
x6.xcdec2.c_moscap_int1                  -3.63
x7.xbias.na                           0.821678
x7.xbias.vbpc                          2.77202
x7.xbias.nc                          0.0950032
x7.xbias.xrcg.11                     0.0947965
x7.xbias.xrcg.21                   0.000206676
x7.xbias.nsu                         0.0246094
x7.xbias.vfix                          1.58822
x7.xbias.nmd                          0.687698
x7.xbias.vbp0                          2.79884
x7.xbias.noff                         0.697096
x7.xbias.xroff.11                      0.69683
x7.xbias.xroff.21                  0.000265373
x7.xbias.nvi                           1.55432
x7.xbias.xrdeg.11                      1.55373
x7.xbias.xrdeg.21                  0.000591704
x7.xbias.b0b                       4.96292e-09
x7.xbias.b1b                       4.96292e-09
x7.xbias.b2b                       4.96292e-09
x7.xbias.vbn1                         0.732004
x7.xbias.ga                            2.79884
x7.xbias.vbp2                          2.69545
x7.xbias.gb                           0.732004
x7.vbn                                0.995795
x7.xbias.gc                            2.69545
x7.vbp                                 2.44779
x7.xs1.nh                              1.51071
x7.y1                                        0
x7.y5                                        0
x7.xs1.nt                         9.25702e-119
x7.xs2.nh                                 3.63
x7.y2                                     3.63
x7.xs2.nt                          1.98569e-10
x7.xs3.nh                                 3.63
x7.y3                                        0
x7.xs3.nt                         2.12077e-216
x7.xs4.nh                                 3.63
x7.y4                                     3.63
x7.xs4.nt                          1.98569e-10
x7.xs5.nh                                 3.63
x7.xs5.nt                         2.12078e-216
x7.nb1                                    3.63
x7.nb2                             3.75582e-09
clk7                                      3.63
x7.xcdec1.c_moscap_int1                  -3.63
x7.xcdec2.c_moscap_int1                  -3.63
e.x7.xcdec2.ec_moscap#branch                 0
e.x7.xcdec1.ec_moscap#branch                 0
e.x6.xcdec2.ec_moscap#branch                 0
e.x6.xcdec1.ec_moscap#branch                 0
e.x5.xcdec2.ec_moscap#branch                 0
e.x5.xcdec1.ec_moscap#branch                 0
e.x4.xcdec2.ec_moscap#branch                 0
e.x4.xcdec1.ec_moscap#branch                 0
e.x3.xcdec2.ec_moscap#branch                 0
e.x3.xcdec1.ec_moscap#branch                 0
e.x2.xcdec2.ec_moscap#branch                 0
e.x2.xcdec1.ec_moscap#branch                 0
e.x1.xcdec2.ec_moscap#branch                 0
e.x1.xcdec1.ec_moscap#branch                 0
vs7#branch                         0.000376683
vs6#branch                         0.000340902
vs5#branch                         0.000305447
vs4#branch                         0.000270409
vs3#branch                         0.000235929
vs2#branch                          0.00020225
vs1#branch                          0.00016995
vv7#branch                                   0
vv6#branch                                   0
vv5#branch                                   0
vv4#branch                                   0
vv3#branch                                   0
vv2#branch                                   0
vv1#branch                                   0
vb2#branch                                   0
vb1#branch                                   0
vb0#branch                                   0
vdd#branch                         -0.00190157


No. of Data Rows : 2565

  Measurements for Transient Analysis

tp1                 =  3.62099e-08 targ=  8.17088e-08 trig=  4.54989e-08
tp2                 =  2.94898e-08 targ=  7.39644e-08 trig=  4.44746e-08
tp3                 =  2.45669e-08 targ=  6.78153e-08 trig=  4.32484e-08
tp4                 =  2.09196e-08 targ=  6.29391e-08 trig=  4.20195e-08
tp5                 =  1.80709e-08 targ=  5.89436e-08 trig=  4.08728e-08
tp6                 =  1.58477e-08 targ=  5.95923e-08 trig=  4.37446e-08
tp7                 =  1.40296e-08 targ=  5.63299e-08 trig=  4.23002e-08
f1                  =  1.10467e+08
f2                  =  1.35640e+08
f3                  =  1.62821e+08
f4                  =  1.91208e+08
f5                  =  2.21350e+08
f6                  =  2.52402e+08
f7                  =  2.85111e+08
i1                  =  2.55378e-04 from=  4.03947e-08 to=  1.11085e-07
i2                  =  3.02021e-04 from=  4.03947e-08 to=  1.11085e-07
i3                  =  3.46574e-04 from=  4.03947e-08 to=  1.11085e-07
i4                  =  3.95839e-04 from=  4.03947e-08 to=  1.11085e-07
i5                  =  4.46519e-04 from=  4.03947e-08 to=  1.11085e-07
i6                  =  4.95482e-04 from=  4.03947e-08 to=  1.11085e-07
i7                  =  5.47211e-04 from=  4.03947e-08 to=  1.11085e-07
sw1hi               =  3.68373e+00 at=  9.08222e-08
sw1lo               =  -9.09442e-02 at=  4.08138e-08
sw7hi               =  3.80122e+00 at=  5.29173e-08
sw7lo               =  -1.76934e-01 at=  4.05577e-08


Total analysis time (seconds) = 197.749

Total elapsed time (seconds) = 203.119 

Total DRAM available = 98304.000 MB.
DRAM currently available =  327.625 MB.
Maximum ngspice program size =   24.266 MB.
Current ngspice program size =   24.266 MB.


