======== band 0 :: generated deck (fs_-40c_2.97v) ========
* GENERATED by simenv.sh -- do not edit; edit /Users/rwalters/GitHub/gf180-pll/.loom/worktrees/issue-8/sim/vco-tuning-range/testbench/tb_vco_tuning.sp instead
* tag=fs_Tm40_V2p97_B0 libs=fs,res_typical,moscap_typical temp=-40C
.include "/Users/rwalters/.volare/gf180mcuD/libs.tech/ngspice/design.ngspice"
.lib "/Users/rwalters/.volare/gf180mcuD/libs.tech/ngspice/sm141064.ngspice" fs
.lib "/Users/rwalters/.volare/gf180mcuD/libs.tech/ngspice/sm141064.ngspice" res_typical
.lib "/Users/rwalters/.volare/gf180mcuD/libs.tech/ngspice/sm141064.ngspice" moscap_typical
.temp -40
.param sim_temp=-40
.param vsup=2.97
.param b0v=0*2.97
.param b1v=0*2.97
.param b2v=0*2.97
.param tsettle=1.05934e-06
.param tstop=2.91317e-06
.param tstep=1.40667e-09
.param tmax=1.40667e-09
.include "/Users/rwalters/GitHub/gf180-pll/.loom/worktrees/issue-8/sim/vco-tuning-range/testbench/tb_vco_tuning.sp"
.end

======== band 0 :: ngspice output ========

Note: Compatibility modes selected: hs a

Warning: m=xx on .subckt line will override multiplier m hierarchy!


Circuit: * generated by simenv.sh -- do not edit; edit /users/rwalters/github/gf180-pll/.loom/worktrees/issue-8/sim/vco-tuning-range/testbench/tb_vco_tuning.sp instead

Doing analysis at TEMP = -40.000000 and TNOM = 27.000000

Using SPARSE 1.3 as Direct Linear Solver

Initial Transient Solution
--------------------------

Node                                   Voltage
----                                   -------
vdd                                       2.97
nb0                                          0
nb1                                          0
nb2                                          0
vc1                                        0.9
vc2                                        1.2
vc3                                        1.5
vc4                                        1.8
vc5                                        2.1
vc6                                        2.4
vc7                                        2.7
nv1                                       2.97
nv2                                       2.97
nv3                                       2.97
nv4                                       2.97
nv5                                       2.97
nv6                                       2.97
nv7                                       2.97
x1.xbias.na                           0.848586
x1.xbias.vbpc                          1.89558
x1.xbias.nc                          0.0915767
x1.xbias.xrcg.11                     0.0913775
x1.xbias.xrcg.21                   0.000199222
x1.xbias.nsu                         0.0105058
x1.xbias.vfix                          1.65528
x1.xbias.nmd                          0.714668
x1.xbias.vbp0                          1.97674
x1.xbias.noff                         0.718498
x1.xbias.xroff.11                     0.718225
x1.xbias.xroff.21                   0.00027352
x1.xbias.nvi                          0.188924
x1.xbias.xrdeg.11                     0.188852
x1.xbias.xrdeg.21                  7.19202e-05
x1.xbias.b0b                              2.97
x1.xbias.b1b                              2.97
x1.xbias.b2b                              2.97
x1.xbias.vbn1                         0.681955
x1.xbias.ga                               2.97
x1.xbias.vbp2                          1.99445
x1.xbias.gb                        7.18597e-14
x1.vbn                                0.658217
x1.xbias.gc                               2.97
x1.vbp                                 2.00974
x1.xs1.nh                              1.27855
x1.y1                                        0
x1.y5                                        0
x1.xs1.nt                          8.49949e-55
x1.xs2.nh                                 2.97
x1.y2                                     2.97
x1.xs2.nt                          7.52534e-10
x1.xs3.nh                                 2.97
x1.y3                                        0
x1.xs3.nt                        -6.29532e-117
x1.xs4.nh                                 2.97
x1.y4                                     2.97
x1.xs4.nt                          7.52534e-10
x1.xs5.nh                                 2.97
x1.xs5.nt                        -6.29532e-117
x1.nb1                                    2.97
x1.nb2                             2.59559e-09
clk1                                      2.97
x1.xcdec1.c_moscap_int1                  -2.97
x1.xcdec2.c_moscap_int1                  -2.97
x2.xbias.na                           0.848586
x2.xbias.vbpc                          1.89558
x2.xbias.nc                          0.0915767
x2.xbias.xrcg.11                     0.0913775
x2.xbias.xrcg.21                   0.000199222
x2.xbias.nsu                         0.0105058
x2.xbias.vfix                          1.65528
x2.xbias.nmd                          0.714668
x2.xbias.vbp0                          1.96579
x2.xbias.noff                         0.718478
x2.xbias.xroff.11                     0.718205
x2.xbias.xroff.21                  0.000273513
x2.xbias.nvi                          0.390648
x2.xbias.xrdeg.11                       0.3905
x2.xbias.xrdeg.21                  0.000148713
x2.xbias.b0b                              2.97
x2.xbias.b1b                              2.97
x2.xbias.b2b                              2.97
x2.xbias.vbn1                         0.691653
x2.xbias.ga                               2.97
x2.xbias.vbp2                          1.98476
x2.xbias.gb                         7.2024e-14
x2.vbn                                0.666344
x2.xbias.gc                               2.97
x2.vbp                                 2.00142
x2.xs1.nh                              1.28558
x2.y1                                        0
x2.y5                                        0
x2.xs1.nt                         -1.29652e-12
x2.xs2.nh                                 2.97
x2.y2                                     2.97
x2.xs2.nt                          6.42802e-10
x2.xs3.nh                                 2.97
x2.y3                                        0
x2.xs3.nt                         -5.93763e-18
x2.xs4.nh                                 2.97
x2.y4                                     2.97
x2.xs4.nt                          6.42802e-10
x2.xs5.nh                                 2.97
x2.xs5.nt                         -5.93763e-18
x2.nb1                                    2.97
x2.nb2                             2.59559e-09
clk2                                      2.97
x2.xcdec1.c_moscap_int1                  -2.97
x2.xcdec2.c_moscap_int1                  -2.97
x3.xbias.na                           0.848586
x3.xbias.vbpc                          1.89558
x3.xbias.nc                          0.0915767
x3.xbias.xrcg.11                     0.0913775
x3.xbias.xrcg.21                   0.000199222
x3.xbias.nsu                         0.0105058
x3.xbias.vfix                          1.65528
x3.xbias.nmd                          0.714668
x3.xbias.vbp0                          1.95561
x3.xbias.noff                          0.71846
x3.xbias.xroff.11                     0.718186
x3.xbias.xroff.21                  0.000273506
x3.xbias.nvi                          0.604603
x3.xbias.xrdeg.11                     0.604373
x3.xbias.xrdeg.21                  0.000230162
x3.xbias.b0b                              2.97
x3.xbias.b1b                              2.97
x3.xbias.b2b                              2.97
x3.xbias.vbn1                         0.700537
x3.xbias.ga                               2.97
x3.xbias.vbp2                          1.97583
x3.xbias.gb                        7.21743e-14
x3.vbn                                0.673703
x3.xbias.gc                               2.97
x3.vbp                                 1.99385
x3.xs1.nh                              1.29201
x3.y1                                        0
x3.y5                                        0
x3.xs1.nt                         -4.61598e-83
x3.xs2.nh                                 2.97
x3.y2                                     2.97
x3.xs2.nt                          5.61061e-10
x3.xs3.nh                                 2.97
x3.y3                                        0
x3.xs3.nt                        -1.87601e-176
x3.xs4.nh                                 2.97
x3.y4                                     2.97
x3.xs4.nt                          5.61061e-10
x3.xs5.nh                                 2.97
x3.xs5.nt                        -1.87601e-176
x3.nb1                                    2.97
x3.nb2                             2.59559e-09
clk3                                      2.97
x3.xcdec1.c_moscap_int1                  -2.97
x3.xcdec2.c_moscap_int1                  -2.97
x4.xbias.na                           0.848586
x4.xbias.vbpc                          1.89558
x4.xbias.nc                          0.0915767
x4.xbias.xrcg.11                     0.0913775
x4.xbias.xrcg.21                   0.000199222
x4.xbias.nsu                         0.0105058
x4.xbias.vfix                          1.65528
x4.xbias.nmd                          0.714668
x4.xbias.vbp0                          1.94619
x4.xbias.noff                         0.718443
x4.xbias.xroff.11                     0.718169
x4.xbias.xroff.21                  0.000273499
x4.xbias.nvi                          0.826069
x4.xbias.xrdeg.11                     0.825754
x4.xbias.xrdeg.21                  0.000314471
x4.xbias.b0b                              2.97
x4.xbias.b1b                              2.97
x4.xbias.b2b                              2.97
x4.xbias.vbn1                         0.708642
x4.xbias.ga                               2.97
x4.xbias.vbp2                          1.96763
x4.xbias.gb                        7.23079e-14
x4.vbn                                0.680344
x4.xbias.gc                               2.97
x4.vbp                                 1.98696
x4.xs1.nh                              1.29785
x4.y1                                        0
x4.y5                                        0
x4.xs1.nt                         -5.54339e-83
x4.xs2.nh                                 2.97
x4.y2                                     2.97
x4.xs2.nt                          4.98904e-10
x4.xs3.nh                                 2.97
x4.y3                                        0
x4.xs3.nt                        -7.79608e-177
x4.xs4.nh                                 2.97
x4.y4                                     2.97
x4.xs4.nt                          4.98904e-10
x4.xs5.nh                                 2.97
x4.xs5.nt                        -7.79611e-177
x4.nb1                                    2.97
x4.nb2                             2.59559e-09
clk4                                      2.97
x4.xcdec1.c_moscap_int1                  -2.97
x4.xcdec2.c_moscap_int1                  -2.97
x5.xbias.na                           0.848586
x5.xbias.vbpc                          1.89558
x5.xbias.nc                          0.0915767
x5.xbias.xrcg.11                     0.0913775
x5.xbias.xrcg.21                   0.000199222
x5.xbias.nsu                         0.0105058
x5.xbias.vfix                          1.65528
x5.xbias.nmd                          0.714668
x5.xbias.vbp0                          1.93742
x5.xbias.noff                         0.718426
x5.xbias.xroff.11                     0.718153
x5.xbias.xroff.21                  0.000273493
x5.xbias.nvi                           1.05307
x5.xbias.xrdeg.11                      1.05267
x5.xbias.xrdeg.21                  0.000400887
x5.xbias.b0b                              2.97
x5.xbias.b1b                              2.97
x5.xbias.b2b                              2.97
x5.xbias.vbn1                         0.716088
x5.xbias.ga                               2.97
x5.xbias.vbp2                          1.96005
x5.xbias.gb                        7.24337e-14
x5.vbn                                0.686384
x5.xbias.gc                               2.97
x5.vbp                                 1.98066
x5.xs1.nh                              1.30321
x5.y1                                        0
x5.y5                                        0
x5.xs1.nt                         -9.58541e-84
x5.xs2.nh                                 2.97
x5.y2                                     2.97
x5.xs2.nt                          4.50283e-10
x5.xs3.nh                                 2.97
x5.y3                                        0
x5.xs3.nt                         6.04115e-177
x5.xs4.nh                                 2.97
x5.y4                                     2.97
x5.xs4.nt                          4.50283e-10
x5.xs5.nh                                 2.97
x5.xs5.nt                         6.04115e-177
x5.nb1                                    2.97
x5.nb2                             2.59559e-09
clk5                                      2.97
x5.xcdec1.c_moscap_int1                  -2.97
x5.xcdec2.c_moscap_int1                  -2.97
x6.xbias.na                           0.848586
x6.xbias.vbpc                          1.89558
x6.xbias.nc                          0.0915767
x6.xbias.xrcg.11                     0.0913775
x6.xbias.xrcg.21                   0.000199222
x6.xbias.nsu                         0.0105058
x6.xbias.vfix                          1.65528
x6.xbias.nmd                          0.714668
x6.xbias.vbp0                           1.9292
x6.xbias.noff                         0.718411
x6.xbias.xroff.11                     0.718138
x6.xbias.xroff.21                  0.000273487
x6.xbias.nvi                           1.28448
x6.xbias.xrdeg.11                      1.28399
x6.xbias.xrdeg.21                  0.000488979
x6.xbias.b0b                              2.97
x6.xbias.b1b                              2.97
x6.xbias.b2b                              2.97
x6.xbias.vbn1                         0.722984
x6.xbias.ga                               2.97
x6.xbias.vbp2                          1.95298
x6.xbias.gb                        7.25501e-14
x6.vbn                                0.691927
x6.xbias.gc                               2.97
x6.vbp                                 1.97483
x6.xs1.nh                              1.30818
x6.y1                                        0
x6.y5                                        0
x6.xs1.nt                         -2.34351e-85
x6.xs2.nh                                 2.97
x6.y2                                     2.97
x6.xs2.nt                          4.11271e-10
x6.xs3.nh                                 2.97
x6.y3                                        0
x6.xs3.nt                         -4.1774e-177
x6.xs4.nh                                 2.97
x6.y4                                     2.97
x6.xs4.nt                          4.11271e-10
x6.xs5.nh                                 2.97
x6.xs5.nt                         -4.1774e-177
x6.nb1                                    2.97
x6.nb2                             2.59559e-09
clk6                                      2.97
x6.xcdec1.c_moscap_int1                  -2.97
x6.xcdec2.c_moscap_int1                  -2.97
x7.xbias.na                           0.848586
x7.xbias.vbpc                          1.89558
x7.xbias.nc                          0.0915767
x7.xbias.xrcg.11                     0.0913775
x7.xbias.xrcg.21                   0.000199222
x7.xbias.nsu                         0.0105058
x7.xbias.vfix                          1.65528
x7.xbias.nmd                          0.714668
x7.xbias.vbp0                          1.92144
x7.xbias.noff                         0.718397
x7.xbias.xroff.11                     0.718124
x7.xbias.xroff.21                  0.000273482
x7.xbias.nvi                           1.51948
x7.xbias.xrdeg.11                       1.5189
x7.xbias.xrdeg.21                  0.000578441
x7.xbias.b0b                              2.97
x7.xbias.b1b                              2.97
x7.xbias.b2b                              2.97
x7.xbias.vbn1                         0.729417
x7.xbias.ga                               2.97
x7.xbias.vbp2                          1.94635
x7.xbias.gb                        7.26586e-14
x7.vbn                                0.697052
x7.xbias.gc                               2.97
x7.vbp                                  1.9694
x7.xs1.nh                              1.31281
x7.y1                                        0
x7.y5                                        0
x7.xs1.nt                         -3.10044e-84
x7.xs2.nh                                 2.97
x7.y2                                     2.97
x7.xs2.nt                          3.79294e-10
x7.xs3.nh                                 2.97
x7.y3                                        0
x7.xs3.nt                        -8.14754e-196
x7.xs4.nh                                 2.97
x7.y4                                     2.97
x7.xs4.nt                          3.79294e-10
x7.xs5.nh                                 2.97
x7.xs5.nt                        -8.14687e-196
x7.nb1                                    2.97
x7.nb2                             2.59559e-09
clk7                                      2.97
x7.xcdec1.c_moscap_int1                  -2.97
x7.xcdec2.c_moscap_int1                  -2.97
e.x7.xcdec2.ec_moscap#branch                 0
e.x7.xcdec1.ec_moscap#branch                 0
e.x6.xcdec2.ec_moscap#branch                 0
e.x6.xcdec1.ec_moscap#branch                 0
e.x5.xcdec2.ec_moscap#branch                 0
e.x5.xcdec1.ec_moscap#branch                 0
e.x4.xcdec2.ec_moscap#branch                 0
e.x4.xcdec1.ec_moscap#branch                 0
e.x3.xcdec2.ec_moscap#branch                 0
e.x3.xcdec1.ec_moscap#branch                 0
e.x2.xcdec2.ec_moscap#branch                 0
e.x2.xcdec1.ec_moscap#branch                 0
e.x1.xcdec2.ec_moscap#branch                 0
e.x1.xcdec1.ec_moscap#branch                 0
vs7#branch                         5.23101e-05
vs6#branch                         4.80408e-05
vs5#branch                         4.38292e-05
vs4#branch                         3.96889e-05
vs3#branch                         3.56395e-05
vs2#branch                          3.1716e-05
vs1#branch                         2.80039e-05
vv7#branch                                   0
vv6#branch                                   0
vv5#branch                                   0
vv4#branch                                   0
vv3#branch                                   0
vv2#branch                                   0
vv1#branch                                   0
vb2#branch                                   0
vb1#branch                                   0
vb0#branch                                   0
vdd#branch                        -0.000279228


No. of Data Rows : 2805

  Measurements for Transient Analysis

tp1                 =  9.43897e-07 targ=  2.12603e-06 trig=  1.18213e-06
tp2                 =  7.78895e-07 targ=  1.94991e-06 trig=  1.17101e-06
tp3                 =  6.58574e-07 targ=  1.81145e-06 trig=  1.15288e-06
tp4                 =  5.66231e-07 targ=  1.70222e-06 trig=  1.13599e-06
tp5                 =  4.97462e-07 targ=  1.61708e-06 trig=  1.11962e-06
tp6                 =  4.42079e-07 targ=  1.54624e-06 trig=  1.10416e-06
tp7                 =  3.95886e-07 targ=  1.48737e-06 trig=  1.09149e-06
f1                  =  4.23775e+06
f2                  =  5.13548e+06
f3                  =  6.07373e+06
f4                  =  7.06426e+06
f5                  =  8.04081e+06
f6                  =  9.04816e+06
f7                  =  1.01039e+07
i1                  =  3.74765e-05 from=  1.05934e-06 to=  2.91317e-06
i2                  =  4.11302e-05 from=  1.05934e-06 to=  2.91317e-06
i3                  =  4.49201e-05 from=  1.05934e-06 to=  2.91317e-06
i4                  =  5.03424e-05 from=  1.05934e-06 to=  2.91317e-06
i5                  =  5.45028e-05 from=  1.05934e-06 to=  2.91317e-06
i6                  =  5.87158e-05 from=  1.05934e-06 to=  2.91317e-06
i7                  =  6.40955e-05 from=  1.05934e-06 to=  2.91317e-06
sw1hi               =  3.01303e+00 at=  1.89085e-06
sw1lo               =  -2.82378e-02 at=  1.99866e-06
sw7hi               =  3.02437e+00 at=  1.48801e-06
sw7lo               =  -4.88391e-02 at=  2.12806e-06


Total analysis time (seconds) = 366.688

Total elapsed time (seconds) = 372.015 

Total DRAM available = 98304.000 MB.
DRAM currently available =  170.953 MB.
Maximum ngspice program size =   24.156 MB.
Current ngspice program size =   24.156 MB.


======== band 1 :: generated deck (fs_-40c_2.97v) ========
* GENERATED by simenv.sh -- do not edit; edit /Users/rwalters/GitHub/gf180-pll/.loom/worktrees/issue-8/sim/vco-tuning-range/testbench/tb_vco_tuning.sp instead
* tag=fs_Tm40_V2p97_B1 libs=fs,res_typical,moscap_typical temp=-40C
.include "/Users/rwalters/.volare/gf180mcuD/libs.tech/ngspice/design.ngspice"
.lib "/Users/rwalters/.volare/gf180mcuD/libs.tech/ngspice/sm141064.ngspice" fs
.lib "/Users/rwalters/.volare/gf180mcuD/libs.tech/ngspice/sm141064.ngspice" res_typical
.lib "/Users/rwalters/.volare/gf180mcuD/libs.tech/ngspice/sm141064.ngspice" moscap_typical
.temp -40
.param sim_temp=-40
.param vsup=2.97
.param b0v=1*2.97
.param b1v=0*2.97
.param b2v=0*2.97
.param tsettle=6.42022e-07
.param tstop=1.76556e-06
.param tstep=8.52527e-10
.param tmax=8.52527e-10
.include "/Users/rwalters/GitHub/gf180-pll/.loom/worktrees/issue-8/sim/vco-tuning-range/testbench/tb_vco_tuning.sp"
.end

======== band 1 :: ngspice output ========

Note: Compatibility modes selected: hs a

Warning: m=xx on .subckt line will override multiplier m hierarchy!


Circuit: * generated by simenv.sh -- do not edit; edit /users/rwalters/github/gf180-pll/.loom/worktrees/issue-8/sim/vco-tuning-range/testbench/tb_vco_tuning.sp instead

Doing analysis at TEMP = -40.000000 and TNOM = 27.000000

Using SPARSE 1.3 as Direct Linear Solver

Initial Transient Solution
--------------------------

Node                                   Voltage
----                                   -------
vdd                                       2.97
nb0                                       2.97
nb1                                          0
nb2                                          0
vc1                                        0.9
vc2                                        1.2
vc3                                        1.5
vc4                                        1.8
vc5                                        2.1
vc6                                        2.4
vc7                                        2.7
nv1                                       2.97
nv2                                       2.97
nv3                                       2.97
nv4                                       2.97
nv5                                       2.97
nv6                                       2.97
nv7                                       2.97
x1.xbias.na                           0.848586
x1.xbias.vbpc                          1.89558
x1.xbias.nc                          0.0915767
x1.xbias.xrcg.11                     0.0913775
x1.xbias.xrcg.21                   0.000199222
x1.xbias.nsu                         0.0105058
x1.xbias.vfix                          1.65528
x1.xbias.nmd                          0.714668
x1.xbias.vbp0                          1.97674
x1.xbias.noff                         0.718498
x1.xbias.xroff.11                     0.718225
x1.xbias.xroff.21                   0.00027352
x1.xbias.nvi                          0.188924
x1.xbias.xrdeg.11                     0.188852
x1.xbias.xrdeg.21                  7.19202e-05
x1.xbias.b0b                       3.86758e-09
x1.xbias.b1b                              2.97
x1.xbias.b2b                              2.97
x1.xbias.vbn1                         0.707183
x1.xbias.ga                            1.97674
x1.xbias.vbp2                          1.96911
x1.xbias.gb                         7.2507e-14
x1.vbn                                0.679153
x1.xbias.gc                               2.97
x1.vbp                                  1.9882
x1.xs1.nh                               1.2968
x1.y1                                        0
x1.y5                                        0
x1.xs1.nt                          2.67338e-18
x1.xs2.nh                                 2.97
x1.y2                                     2.97
x1.xs2.nt                          5.09333e-10
x1.xs3.nh                                 2.97
x1.y3                                        0
x1.xs3.nt                         -1.82635e-38
x1.xs4.nh                                 2.97
x1.y4                                     2.97
x1.xs4.nt                          5.09333e-10
x1.xs5.nh                                 2.97
x1.xs5.nt                         -1.82635e-38
x1.nb1                                    2.97
x1.nb2                             2.59559e-09
clk1                                      2.97
x1.xcdec1.c_moscap_int1                  -2.97
x1.xcdec2.c_moscap_int1                  -2.97
x2.xbias.na                           0.848586
x2.xbias.vbpc                          1.89558
x2.xbias.nc                          0.0915767
x2.xbias.xrcg.11                     0.0913775
x2.xbias.xrcg.21                   0.000199222
x2.xbias.nsu                         0.0105058
x2.xbias.vfix                          1.65528
x2.xbias.nmd                          0.714668
x2.xbias.vbp0                          1.96579
x2.xbias.noff                         0.718478
x2.xbias.xroff.11                     0.718205
x2.xbias.xroff.21                  0.000273513
x2.xbias.nvi                          0.390648
x2.xbias.xrdeg.11                       0.3905
x2.xbias.xrdeg.21                  0.000148713
x2.xbias.b0b                       3.86758e-09
x2.xbias.b1b                              2.97
x2.xbias.b2b                              2.97
x2.xbias.vbn1                         0.718081
x2.xbias.ga                            1.96579
x2.xbias.vbp2                          1.95801
x2.xbias.gb                        7.26911e-14
x2.vbn                                0.687991
x2.xbias.gc                               2.97
x2.vbp                                 1.97897
x2.xs1.nh                              1.30465
x2.y1                                        0
x2.y5                                        0
x2.xs1.nt                         -6.95251e-18
x2.xs2.nh                                 2.97
x2.y2                                     2.97
x2.xs2.nt                           4.3846e-10
x2.xs3.nh                                 2.97
x2.y3                                        0
x2.xs3.nt                          4.39236e-20
x2.xs4.nh                                 2.97
x2.y4                                     2.97
x2.xs4.nt                           4.3846e-10
x2.xs5.nh                                 2.97
x2.xs5.nt                          4.39236e-20
x2.nb1                                    2.97
x2.nb2                             2.59559e-09
clk2                                      2.97
x2.xcdec1.c_moscap_int1                  -2.97
x2.xcdec2.c_moscap_int1                  -2.97
x3.xbias.na                           0.848586
x3.xbias.vbpc                          1.89558
x3.xbias.nc                          0.0915767
x3.xbias.xrcg.11                     0.0913775
x3.xbias.xrcg.21                   0.000199222
x3.xbias.nsu                         0.0105058
x3.xbias.vfix                          1.65528
x3.xbias.nmd                          0.714668
x3.xbias.vbp0                          1.95561
x3.xbias.noff                          0.71846
x3.xbias.xroff.11                     0.718186
x3.xbias.xroff.21                  0.000273506
x3.xbias.nvi                          0.604603
x3.xbias.xrdeg.11                     0.604373
x3.xbias.xrdeg.21                  0.000230162
x3.xbias.b0b                       3.86758e-09
x3.xbias.b1b                              2.97
x3.xbias.b2b                              2.97
x3.xbias.vbn1                         0.728145
x3.xbias.ga                            1.95561
x3.xbias.vbp2                          1.94766
x3.xbias.gb                        7.28575e-14
x3.vbn                                0.696042
x3.xbias.gc                               2.97
x3.vbp                                 1.97048
x3.xs1.nh                              1.31189
x3.y1                                        0
x3.y5                                        0
x3.xs1.nt                          8.40087e-28
x3.xs2.nh                                 2.97
x3.y2                                     2.97
x3.xs2.nt                          3.85311e-10
x3.xs3.nh                                 2.97
x3.y3                                        0
x3.xs3.nt                         -5.45751e-58
x3.xs4.nh                                 2.97
x3.y4                                     2.97
x3.xs4.nt                          3.85311e-10
x3.xs5.nh                                 2.97
x3.xs5.nt                         -5.45751e-58
x3.nb1                                    2.97
x3.nb2                             2.59559e-09
clk3                                      2.97
x3.xcdec1.c_moscap_int1                  -2.97
x3.xcdec2.c_moscap_int1                  -2.97
x4.xbias.na                           0.848586
x4.xbias.vbpc                          1.89558
x4.xbias.nc                          0.0915767
x4.xbias.xrcg.11                     0.0913775
x4.xbias.xrcg.21                   0.000199222
x4.xbias.nsu                         0.0105058
x4.xbias.vfix                          1.65528
x4.xbias.nmd                          0.714668
x4.xbias.vbp0                          1.94619
x4.xbias.noff                         0.718443
x4.xbias.xroff.11                     0.718169
x4.xbias.xroff.21                  0.000273499
x4.xbias.nvi                          0.826069
x4.xbias.xrdeg.11                     0.825754
x4.xbias.xrdeg.21                  0.000314471
x4.xbias.b0b                       3.86758e-09
x4.xbias.b1b                              2.97
x4.xbias.b2b                              2.97
x4.xbias.vbn1                         0.737393
x4.xbias.ga                            1.94619
x4.xbias.vbp2                          1.93807
x4.xbias.gb                        7.30134e-14
x4.vbn                                0.703347
x4.xbias.gc                               2.97
x4.vbp                                 1.96268
x4.xs1.nh                              1.31855
x4.y1                                        0
x4.y5                                        0
x4.xs1.nt                          2.10472e-46
x4.xs2.nh                                 2.97
x4.y2                                     2.97
x4.xs2.nt                          3.44649e-10
x4.xs3.nh                                 2.97
x4.y3                                        0
x4.xs3.nt                         -9.65759e-80
x4.xs4.nh                                 2.97
x4.y4                                     2.97
x4.xs4.nt                          3.44649e-10
x4.xs5.nh                                 2.97
x4.xs5.nt                         -9.65761e-80
x4.nb1                                    2.97
x4.nb2                             2.59559e-09
clk4                                      2.97
x4.xcdec1.c_moscap_int1                  -2.97
x4.xcdec2.c_moscap_int1                  -2.97
x5.xbias.na                           0.848586
x5.xbias.vbpc                          1.89558
x5.xbias.nc                          0.0915767
x5.xbias.xrcg.11                     0.0913775
x5.xbias.xrcg.21                   0.000199222
x5.xbias.nsu                         0.0105058
x5.xbias.vfix                          1.65528
x5.xbias.nmd                          0.714668
x5.xbias.vbp0                          1.93742
x5.xbias.noff                         0.718426
x5.xbias.xroff.11                     0.718153
x5.xbias.xroff.21                  0.000273493
x5.xbias.nvi                           1.05307
x5.xbias.xrdeg.11                      1.05267
x5.xbias.xrdeg.21                  0.000400887
x5.xbias.b0b                       3.86758e-09
x5.xbias.b1b                              2.97
x5.xbias.b2b                              2.97
x5.xbias.vbn1                         0.745947
x5.xbias.ga                            1.93742
x5.xbias.vbp2                          1.92912
x5.xbias.gb                        7.31541e-14
x5.vbn                                0.710024
x5.xbias.gc                               2.97
x5.vbp                                 1.95549
x5.xs1.nh                               1.3247
x5.y1                                        0
x5.y5                                        0
x5.xs1.nt                         -7.08625e-14
x5.xs2.nh                                 2.97
x5.y2                                     2.97
x5.xs2.nt                          3.12601e-10
x5.xs3.nh                                 2.97
x5.y3                                        0
x5.xs3.nt                          1.14111e-17
x5.xs4.nh                                 2.97
x5.y4                                     2.97
x5.xs4.nt                          3.12601e-10
x5.xs5.nh                                 2.97
x5.xs5.nt                          1.14111e-17
x5.nb1                                    2.97
x5.nb2                             2.59559e-09
clk5                                      2.97
x5.xcdec1.c_moscap_int1                  -2.97
x5.xcdec2.c_moscap_int1                  -2.97
x6.xbias.na                           0.848586
x6.xbias.vbpc                          1.89558
x6.xbias.nc                          0.0915767
x6.xbias.xrcg.11                     0.0913775
x6.xbias.xrcg.21                   0.000199222
x6.xbias.nsu                         0.0105058
x6.xbias.vfix                          1.65528
x6.xbias.nmd                          0.714668
x6.xbias.vbp0                           1.9292
x6.xbias.noff                         0.718411
x6.xbias.xroff.11                     0.718138
x6.xbias.xroff.21                  0.000273487
x6.xbias.nvi                           1.28448
x6.xbias.xrdeg.11                      1.28399
x6.xbias.xrdeg.21                  0.000488979
x6.xbias.b0b                       3.86758e-09
x6.xbias.b1b                              2.97
x6.xbias.b2b                              2.97
x6.xbias.vbn1                         0.753919
x6.xbias.ga                             1.9292
x6.xbias.vbp2                          1.92072
x6.xbias.gb                        7.32883e-14
x6.vbn                                 0.71618
x6.xbias.gc                               2.97
x6.vbp                                 1.94879
x6.xs1.nh                              1.33044
x6.y1                                        0
x6.y5                                        0
x6.xs1.nt                         -3.49376e-29
x6.xs2.nh                                 2.97
x6.y2                                     2.97
x6.xs2.nt                          2.86875e-10
x6.xs3.nh                                 2.97
x6.y3                                        0
x6.xs3.nt                         -3.34063e-59
x6.xs4.nh                                 2.97
x6.y4                                     2.97
x6.xs4.nt                          2.86875e-10
x6.xs5.nh                                 2.97
x6.xs5.nt                         -3.34063e-59
x6.nb1                                    2.97
x6.nb2                             2.59559e-09
clk6                                      2.97
x6.xcdec1.c_moscap_int1                  -2.97
x6.xcdec2.c_moscap_int1                  -2.97
x7.xbias.na                           0.848586
x7.xbias.vbpc                          1.89558
x7.xbias.nc                          0.0915767
x7.xbias.xrcg.11                     0.0913775
x7.xbias.xrcg.21                   0.000199222
x7.xbias.nsu                         0.0105058
x7.xbias.vfix                          1.65528
x7.xbias.nmd                          0.714668
x7.xbias.vbp0                          1.92144
x7.xbias.noff                         0.718397
x7.xbias.xroff.11                     0.718124
x7.xbias.xroff.21                  0.000273482
x7.xbias.nvi                           1.51948
x7.xbias.xrdeg.11                       1.5189
x7.xbias.xrdeg.21                  0.000578441
x7.xbias.b0b                       3.86758e-09
x7.xbias.b1b                              2.97
x7.xbias.b2b                              2.97
x7.xbias.vbn1                         0.761397
x7.xbias.ga                            1.92144
x7.xbias.vbp2                          1.91277
x7.xbias.gb                        7.34142e-14
x7.vbn                                0.721897
x7.xbias.gc                               2.97
x7.vbp                                 1.94251
x7.xs1.nh                              1.33583
x7.y1                                        0
x7.y5                                        0
x7.xs1.nt                           1.8933e-18
x7.xs2.nh                                 2.97
x7.y2                                     2.97
x7.xs2.nt                          2.65639e-10
x7.xs3.nh                                 2.97
x7.y3                                        0
x7.xs3.nt                          6.13535e-39
x7.xs4.nh                                 2.97
x7.y4                                     2.97
x7.xs4.nt                          2.65639e-10
x7.xs5.nh                                 2.97
x7.xs5.nt                            6.136e-39
x7.nb1                                    2.97
x7.nb2                             2.59559e-09
clk7                                      2.97
x7.xcdec1.c_moscap_int1                  -2.97
x7.xcdec2.c_moscap_int1                  -2.97
e.x7.xcdec2.ec_moscap#branch                 0
e.x7.xcdec1.ec_moscap#branch                 0
e.x6.xcdec2.ec_moscap#branch                 0
e.x6.xcdec1.ec_moscap#branch                 0
e.x5.xcdec2.ec_moscap#branch                 0
e.x5.xcdec1.ec_moscap#branch                 0
e.x4.xcdec2.ec_moscap#branch                 0
e.x4.xcdec1.ec_moscap#branch                 0
e.x3.xcdec2.ec_moscap#branch                 0
e.x3.xcdec1.ec_moscap#branch                 0
e.x2.xcdec2.ec_moscap#branch                 0
e.x2.xcdec1.ec_moscap#branch                 0
e.x1.xcdec2.ec_moscap#branch                 0
e.x1.xcdec1.ec_moscap#branch                 0
vs7#branch                          6.6301e-05
vs6#branch                         6.06041e-05
vs5#branch                         5.49833e-05
vs4#branch                         4.94567e-05
vs3#branch                         4.40503e-05
vs2#branch                         3.88105e-05
vs1#branch                         3.38512e-05
vv7#branch                                   0
vv6#branch                                   0
vv5#branch                                   0
vv4#branch                                   0
vv3#branch                                   0
vv2#branch                                   0
vv1#branch                                   0
vb2#branch                                   0
vb1#branch                                   0
vb0#branch                                   0
vdd#branch                        -0.000348057


No. of Data Rows : 2747

  Measurements for Transient Analysis

tp1                 =  5.82467e-07 targ=  1.31155e-06 trig=  7.29080e-07
tp2                 =  4.80169e-07 targ=  1.20094e-06 trig=  7.20771e-07
tp3                 =  4.04175e-07 targ=  1.11334e-06 trig=  7.09166e-07
tp4                 =  3.48400e-07 targ=  1.04509e-06 trig=  6.96693e-07
tp5                 =  3.04814e-07 targ=  9.90145e-07 trig=  6.85331e-07
tp6                 =  2.70280e-07 targ=  9.45331e-07 trig=  6.75051e-07
tp7                 =  2.41771e-07 targ=  9.07748e-07 trig=  6.65977e-07
f1                  =  6.86734e+06
f2                  =  8.33040e+06
f3                  =  9.89672e+06
f4                  =  1.14811e+07
f5                  =  1.31227e+07
f6                  =  1.47995e+07
f7                  =  1.65446e+07
i1                  =  4.33260e-05 from=  6.42022e-07 to=  1.76556e-06
i2                  =  4.92727e-05 from=  6.42022e-07 to=  1.76556e-06
i3                  =  5.50396e-05 from=  6.42022e-07 to=  1.76556e-06
i4                  =  6.07609e-05 from=  6.42022e-07 to=  1.76556e-06
i5                  =  6.83512e-05 from=  6.42022e-07 to=  1.76556e-06
i6                  =  7.35465e-05 from=  6.42022e-07 to=  1.76556e-06
i7                  =  8.10616e-05 from=  6.42022e-07 to=  1.76556e-06
sw1hi               =  3.03993e+00 at=  8.75089e-07
sw1lo               =  -6.17396e-02 at=  1.08724e-06
sw7hi               =  3.05356e+00 at=  7.87174e-07
sw7lo               =  -7.17176e-02 at=  8.75089e-07


Total analysis time (seconds) = 335.239

Total elapsed time (seconds) = 341.078 

Total DRAM available = 98304.000 MB.
DRAM currently available =  553.703 MB.
Maximum ngspice program size =   24.203 MB.
Current ngspice program size =   24.203 MB.


======== band 2 :: generated deck (fs_-40c_2.97v) ========
* GENERATED by simenv.sh -- do not edit; edit /Users/rwalters/GitHub/gf180-pll/.loom/worktrees/issue-8/sim/vco-tuning-range/testbench/tb_vco_tuning.sp instead
* tag=fs_Tm40_V2p97_B2 libs=fs,res_typical,moscap_typical temp=-40C
.include "/Users/rwalters/.volare/gf180mcuD/libs.tech/ngspice/design.ngspice"
.lib "/Users/rwalters/.volare/gf180mcuD/libs.tech/ngspice/sm141064.ngspice" fs
.lib "/Users/rwalters/.volare/gf180mcuD/libs.tech/ngspice/sm141064.ngspice" res_typical
.lib "/Users/rwalters/.volare/gf180mcuD/libs.tech/ngspice/sm141064.ngspice" moscap_typical
.temp -40
.param sim_temp=-40
.param vsup=2.97
.param b0v=0*2.97
.param b1v=1*2.97
.param b2v=0*2.97
.param tsettle=3.89105e-07
.param tstop=1.07004e-06
.param tstep=5.16683e-10
.param tmax=5.16683e-10
.include "/Users/rwalters/GitHub/gf180-pll/.loom/worktrees/issue-8/sim/vco-tuning-range/testbench/tb_vco_tuning.sp"
.end

======== band 2 :: ngspice output ========

Note: Compatibility modes selected: hs a

Warning: m=xx on .subckt line will override multiplier m hierarchy!


Circuit: * generated by simenv.sh -- do not edit; edit /users/rwalters/github/gf180-pll/.loom/worktrees/issue-8/sim/vco-tuning-range/testbench/tb_vco_tuning.sp instead

Doing analysis at TEMP = -40.000000 and TNOM = 27.000000

Using SPARSE 1.3 as Direct Linear Solver

Initial Transient Solution
--------------------------

Node                                   Voltage
----                                   -------
vdd                                       2.97
nb0                                          0
nb1                                       2.97
nb2                                          0
vc1                                        0.9
vc2                                        1.2
vc3                                        1.5
vc4                                        1.8
vc5                                        2.1
vc6                                        2.4
vc7                                        2.7
nv1                                       2.97
nv2                                       2.97
nv3                                       2.97
nv4                                       2.97
nv5                                       2.97
nv6                                       2.97
nv7                                       2.97
x1.xbias.na                           0.848586
x1.xbias.vbpc                          1.89558
x1.xbias.nc                          0.0915767
x1.xbias.xrcg.11                     0.0913775
x1.xbias.xrcg.21                   0.000199222
x1.xbias.nsu                         0.0105058
x1.xbias.vfix                          1.65528
x1.xbias.nmd                          0.714668
x1.xbias.vbp0                          1.97674
x1.xbias.noff                         0.718498
x1.xbias.xroff.11                     0.718225
x1.xbias.xroff.21                   0.00027352
x1.xbias.nvi                          0.188924
x1.xbias.xrdeg.11                     0.188852
x1.xbias.xrdeg.21                  7.19202e-05
x1.xbias.b0b                              2.97
x1.xbias.b1b                       3.86758e-09
x1.xbias.b2b                              2.97
x1.xbias.vbn1                         0.681955
x1.xbias.ga                               2.97
x1.xbias.vbp2                           1.9372
x1.xbias.gb                           0.681955
x1.vbn                                0.704003
x1.xbias.gc                               2.97
x1.vbp                                 1.96198
x1.xs1.nh                              1.31915
x1.y1                                        0
x1.y5                                        0
x1.xs1.nt                           2.5157e-56
x1.xs2.nh                                 2.97
x1.y2                                     2.97
x1.xs2.nt                          3.41299e-10
x1.xs3.nh                                 2.97
x1.y3                                        0
x1.xs3.nt                          2.00212e-99
x1.xs4.nh                                 2.97
x1.y4                                     2.97
x1.xs4.nt                          3.41299e-10
x1.xs5.nh                                 2.97
x1.xs5.nt                          2.00212e-99
x1.nb1                                    2.97
x1.nb2                             2.59559e-09
clk1                                      2.97
x1.xcdec1.c_moscap_int1                  -2.97
x1.xcdec2.c_moscap_int1                  -2.97
x2.xbias.na                           0.848586
x2.xbias.vbpc                          1.89558
x2.xbias.nc                          0.0915767
x2.xbias.xrcg.11                     0.0913775
x2.xbias.xrcg.21                   0.000199222
x2.xbias.nsu                         0.0105058
x2.xbias.vfix                          1.65528
x2.xbias.nmd                          0.714668
x2.xbias.vbp0                          1.96579
x2.xbias.noff                         0.718478
x2.xbias.xroff.11                     0.718205
x2.xbias.xroff.21                  0.000273513
x2.xbias.nvi                          0.390648
x2.xbias.xrdeg.11                       0.3905
x2.xbias.xrdeg.21                  0.000148713
x2.xbias.b0b                              2.97
x2.xbias.b1b                       3.86758e-09
x2.xbias.b2b                              2.97
x2.xbias.vbn1                         0.691653
x2.xbias.ga                               2.97
x2.xbias.vbp2                          1.92399
x2.xbias.gb                           0.691653
x2.vbn                                0.713798
x2.xbias.gc                               2.97
x2.vbp                                 1.95139
x2.xs1.nh                              1.32821
x2.y1                                        0
x2.y5                                        0
x2.xs1.nt                          -1.8344e-18
x2.xs2.nh                                 2.97
x2.y2                                     2.97
x2.xs2.nt                          2.96472e-10
x2.xs3.nh                                 2.97
x2.y3                                        0
x2.xs3.nt                          5.67999e-39
x2.xs4.nh                                 2.97
x2.y4                                     2.97
x2.xs4.nt                          2.96472e-10
x2.xs5.nh                                 2.97
x2.xs5.nt                          5.67999e-39
x2.nb1                                    2.97
x2.nb2                             2.59559e-09
clk2                                      2.97
x2.xcdec1.c_moscap_int1                  -2.97
x2.xcdec2.c_moscap_int1                  -2.97
x3.xbias.na                           0.848586
x3.xbias.vbpc                          1.89558
x3.xbias.nc                          0.0915767
x3.xbias.xrcg.11                     0.0913775
x3.xbias.xrcg.21                   0.000199222
x3.xbias.nsu                         0.0105058
x3.xbias.vfix                          1.65528
x3.xbias.nmd                          0.714668
x3.xbias.vbp0                          1.95561
x3.xbias.noff                          0.71846
x3.xbias.xroff.11                     0.718186
x3.xbias.xroff.21                  0.000273506
x3.xbias.nvi                          0.604603
x3.xbias.xrdeg.11                     0.604373
x3.xbias.xrdeg.21                  0.000230162
x3.xbias.b0b                              2.97
x3.xbias.b1b                       3.86758e-09
x3.xbias.b2b                              2.97
x3.xbias.vbn1                         0.700537
x3.xbias.ga                               2.97
x3.xbias.vbp2                          1.91153
x3.xbias.gb                           0.700537
x3.vbn                                0.722779
x3.xbias.gc                               2.97
x3.vbp                                 1.94153
x3.xs1.nh                              1.33667
x3.y1                                        0
x3.y5                                        0
x3.xs1.nt                         -5.33508e-76
x3.xs2.nh                                 2.97
x3.y2                                     2.97
x3.xs2.nt                          2.62571e-10
x3.xs3.nh                                 2.97
x3.y3                                        0
x3.xs3.nt                          3.9698e-157
x3.xs4.nh                                 2.97
x3.y4                                     2.97
x3.xs4.nt                          2.62571e-10
x3.xs5.nh                                 2.97
x3.xs5.nt                          3.9698e-157
x3.nb1                                    2.97
x3.nb2                             2.59559e-09
clk3                                      2.97
x3.xcdec1.c_moscap_int1                  -2.97
x3.xcdec2.c_moscap_int1                  -2.97
x4.xbias.na                           0.848586
x4.xbias.vbpc                          1.89558
x4.xbias.nc                          0.0915767
x4.xbias.xrcg.11                     0.0913775
x4.xbias.xrcg.21                   0.000199222
x4.xbias.nsu                         0.0105058
x4.xbias.vfix                          1.65528
x4.xbias.nmd                          0.714668
x4.xbias.vbp0                          1.94619
x4.xbias.noff                         0.718443
x4.xbias.xroff.11                     0.718169
x4.xbias.xroff.21                  0.000273499
x4.xbias.nvi                          0.826069
x4.xbias.xrdeg.11                     0.825754
x4.xbias.xrdeg.21                  0.000314471
x4.xbias.b0b                              2.97
x4.xbias.b1b                       3.86758e-09
x4.xbias.b2b                              2.97
x4.xbias.vbn1                         0.708642
x4.xbias.ga                               2.97
x4.xbias.vbp2                          1.89987
x4.xbias.gb                           0.708642
x4.vbn                                 0.73098
x4.xbias.gc                               2.97
x4.vbp                                  1.9324
x4.xs1.nh                              1.34451
x4.y1                                        0
x4.y5                                        0
x4.xs1.nt                         -4.67599e-76
x4.xs2.nh                                 2.97
x4.y2                                     2.97
x4.xs2.nt                          2.36437e-10
x4.xs3.nh                                 2.97
x4.y3                                        0
x4.xs3.nt                        -1.15286e-156
x4.xs4.nh                                 2.97
x4.y4                                     2.97
x4.xs4.nt                          2.36437e-10
x4.xs5.nh                                 2.97
x4.xs5.nt                        -1.15286e-156
x4.nb1                                    2.97
x4.nb2                             2.59559e-09
clk4                                      2.97
x4.xcdec1.c_moscap_int1                  -2.97
x4.xcdec2.c_moscap_int1                  -2.97
x5.xbias.na                           0.848586
x5.xbias.vbpc                          1.89558
x5.xbias.nc                          0.0915767
x5.xbias.xrcg.11                     0.0913775
x5.xbias.xrcg.21                   0.000199222
x5.xbias.nsu                         0.0105058
x5.xbias.vfix                          1.65528
x5.xbias.nmd                          0.714668
x5.xbias.vbp0                          1.93742
x5.xbias.noff                         0.718426
x5.xbias.xroff.11                     0.718153
x5.xbias.xroff.21                  0.000273493
x5.xbias.nvi                           1.05307
x5.xbias.xrdeg.11                      1.05267
x5.xbias.xrdeg.21                  0.000400887
x5.xbias.b0b                              2.97
x5.xbias.b1b                       3.86758e-09
x5.xbias.b2b                              2.97
x5.xbias.vbn1                         0.716088
x5.xbias.ga                               2.97
x5.xbias.vbp2                           1.8889
x5.xbias.gb                           0.716088
x5.vbn                                 0.73852
x5.xbias.gc                               2.97
x5.vbp                                 1.92389
x5.xs1.nh                              1.35184
x5.y1                                        0
x5.y5                                        0
x5.xs1.nt                         -2.27785e-76
x5.xs2.nh                                 2.97
x5.y2                                     2.97
x5.xs2.nt                           2.1574e-10
x5.xs3.nh                                 2.97
x5.y3                                        0
x5.xs3.nt                        -8.21232e-176
x5.xs4.nh                                 2.97
x5.y4                                     2.97
x5.xs4.nt                           2.1574e-10
x5.xs5.nh                                 2.97
x5.xs5.nt                        -8.21232e-176
x5.nb1                                    2.97
x5.nb2                             2.59559e-09
clk5                                      2.97
x5.xcdec1.c_moscap_int1                  -2.97
x5.xcdec2.c_moscap_int1                  -2.97
x6.xbias.na                           0.848586
x6.xbias.vbpc                          1.89558
x6.xbias.nc                          0.0915767
x6.xbias.xrcg.11                     0.0913775
x6.xbias.xrcg.21                   0.000199222
x6.xbias.nsu                         0.0105058
x6.xbias.vfix                          1.65528
x6.xbias.nmd                          0.714668
x6.xbias.vbp0                           1.9292
x6.xbias.noff                         0.718411
x6.xbias.xroff.11                     0.718138
x6.xbias.xroff.21                  0.000273487
x6.xbias.nvi                           1.28448
x6.xbias.xrdeg.11                      1.28399
x6.xbias.xrdeg.21                  0.000488979
x6.xbias.b0b                              2.97
x6.xbias.b1b                       3.86758e-09
x6.xbias.b2b                              2.97
x6.xbias.vbn1                         0.722984
x6.xbias.ga                               2.97
x6.xbias.vbp2                          1.87852
x6.xbias.gb                           0.722984
x6.vbn                                 0.74551
x6.xbias.gc                               2.97
x6.vbp                                 1.91591
x6.xs1.nh                              1.35872
x6.y1                                        0
x6.y5                                        0
x6.xs1.nt                         -1.73435e-76
x6.xs2.nh                                 2.97
x6.y2                                     2.97
x6.xs2.nt                          1.98949e-10
x6.xs3.nh                                 2.97
x6.y3                                        0
x6.xs3.nt                        -1.71529e-175
x6.xs4.nh                                 2.97
x6.y4                                     2.97
x6.xs4.nt                          1.98949e-10
x6.xs5.nh                                 2.97
x6.xs5.nt                        -1.71529e-175
x6.nb1                                    2.97
x6.nb2                             2.59559e-09
clk6                                      2.97
x6.xcdec1.c_moscap_int1                  -2.97
x6.xcdec2.c_moscap_int1                  -2.97
x7.xbias.na                           0.848586
x7.xbias.vbpc                          1.89558
x7.xbias.nc                          0.0915767
x7.xbias.xrcg.11                     0.0913775
x7.xbias.xrcg.21                   0.000199222
x7.xbias.nsu                         0.0105058
x7.xbias.vfix                          1.65528
x7.xbias.nmd                          0.714668
x7.xbias.vbp0                          1.92144
x7.xbias.noff                         0.718397
x7.xbias.xroff.11                     0.718124
x7.xbias.xroff.21                  0.000273482
x7.xbias.nvi                           1.51948
x7.xbias.xrdeg.11                       1.5189
x7.xbias.xrdeg.21                  0.000578441
x7.xbias.b0b                              2.97
x7.xbias.b1b                       3.86758e-09
x7.xbias.b2b                              2.97
x7.xbias.vbn1                         0.729417
x7.xbias.ga                               2.97
x7.xbias.vbp2                          1.86864
x7.xbias.gb                           0.729417
x7.vbn                                0.752035
x7.xbias.gc                               2.97
x7.vbp                                 1.90837
x7.xs1.nh                              1.36523
x7.y1                                        0
x7.y5                                        0
x7.xs1.nt                         -6.78539e-77
x7.xs2.nh                                 2.97
x7.y2                                     2.97
x7.xs2.nt                          1.85046e-10
x7.xs3.nh                                 2.97
x7.y3                                        0
x7.xs3.nt                         1.04757e-156
x7.xs4.nh                                 2.97
x7.y4                                     2.97
x7.xs4.nt                          1.85046e-10
x7.xs5.nh                                 2.97
x7.xs5.nt                         1.04757e-156
x7.nb1                                    2.97
x7.nb2                             2.59559e-09
clk7                                      2.97
x7.xcdec1.c_moscap_int1                  -2.97
x7.xcdec2.c_moscap_int1                  -2.97
e.x7.xcdec2.ec_moscap#branch                 0
e.x7.xcdec1.ec_moscap#branch                 0
e.x6.xcdec2.ec_moscap#branch                 0
e.x6.xcdec1.ec_moscap#branch                 0
e.x5.xcdec2.ec_moscap#branch                 0
e.x5.xcdec1.ec_moscap#branch                 0
e.x4.xcdec2.ec_moscap#branch                 0
e.x4.xcdec1.ec_moscap#branch                 0
e.x3.xcdec2.ec_moscap#branch                 0
e.x3.xcdec1.ec_moscap#branch                 0
e.x2.xcdec2.ec_moscap#branch                 0
e.x2.xcdec1.ec_moscap#branch                 0
e.x1.xcdec2.ec_moscap#branch                 0
e.x1.xcdec1.ec_moscap#branch                 0
vs7#branch                         7.55121e-05
vs6#branch                         6.89294e-05
vs5#branch                         6.24286e-05
vs4#branch                         5.60302e-05
vs3#branch                         4.97633e-05
vs2#branch                         4.36808e-05
vs1#branch                          3.7914e-05
vv7#branch                                   0
vv6#branch                                   0
vv5#branch                                   0
vv4#branch                                   0
vv3#branch                                   0
vv2#branch                                   0
vv1#branch                                   0
vb2#branch                                   0
vb1#branch                                   0
vb0#branch                                   0
vdd#branch                        -0.000394258


No. of Data Rows : 2804

  Measurements for Transient Analysis

tp1                 =  3.43438e-07 targ=  7.73388e-07 trig=  4.29950e-07
tp2                 =  2.82569e-07 targ=  7.07099e-07 trig=  4.24531e-07
tp3                 =  2.37723e-07 targ=  6.54629e-07 trig=  4.16906e-07
tp4                 =  2.04213e-07 targ=  6.13189e-07 trig=  4.08975e-07
tp5                 =  1.78424e-07 targ=  5.80040e-07 trig=  4.01616e-07
tp6                 =  1.57701e-07 targ=  5.52373e-07 trig=  3.94673e-07
tp7                 =  1.41128e-07 targ=  5.64951e-07 trig=  4.23823e-07
f1                  =  1.16469e+07
f2                  =  1.41558e+07
f3                  =  1.68263e+07
f4                  =  1.95874e+07
f5                  =  2.24185e+07
f6                  =  2.53645e+07
f7                  =  2.83430e+07
i1                  =  4.99841e-05 from=  3.89105e-07 to=  1.07004e-06
i2                  =  5.67235e-05 from=  3.89105e-07 to=  1.07004e-06
i3                  =  6.37872e-05 from=  3.89105e-07 to=  1.07004e-06
i4                  =  7.12671e-05 from=  3.89105e-07 to=  1.07004e-06
i5                  =  7.89651e-05 from=  3.89105e-07 to=  1.07004e-06
i6                  =  8.69404e-05 from=  3.89105e-07 to=  1.07004e-06
i7                  =  9.43459e-05 from=  3.89105e-07 to=  1.07004e-06
sw1hi               =  3.05521e+00 at=  6.02200e-07
sw1lo               =  -6.19225e-02 at=  7.27234e-07
sw7hi               =  3.06240e+00 at=  1.02388e-06
sw7lo               =  -9.61764e-02 at=  8.99003e-07


Total analysis time (seconds) = 348.444

Total elapsed time (seconds) = 354.580 

Total DRAM available = 98304.000 MB.
DRAM currently available =  605.188 MB.
Maximum ngspice program size =   24.219 MB.
Current ngspice program size =   24.219 MB.


======== band 3 :: generated deck (fs_-40c_2.97v) ========
* GENERATED by simenv.sh -- do not edit; edit /Users/rwalters/GitHub/gf180-pll/.loom/worktrees/issue-8/sim/vco-tuning-range/testbench/tb_vco_tuning.sp instead
* tag=fs_Tm40_V2p97_B3 libs=fs,res_typical,moscap_typical temp=-40C
.include "/Users/rwalters/.volare/gf180mcuD/libs.tech/ngspice/design.ngspice"
.lib "/Users/rwalters/.volare/gf180mcuD/libs.tech/ngspice/sm141064.ngspice" fs
.lib "/Users/rwalters/.volare/gf180mcuD/libs.tech/ngspice/sm141064.ngspice" res_typical
.lib "/Users/rwalters/.volare/gf180mcuD/libs.tech/ngspice/sm141064.ngspice" moscap_typical
.temp -40
.param sim_temp=-40
.param vsup=2.97
.param b0v=1*2.97
.param b1v=1*2.97
.param b2v=0*2.97
.param tsettle=2.35821e-07
.param tstop=6.48508e-07
.param tstep=3.1314e-10
.param tmax=3.1314e-10
.include "/Users/rwalters/GitHub/gf180-pll/.loom/worktrees/issue-8/sim/vco-tuning-range/testbench/tb_vco_tuning.sp"
.end

======== band 3 :: ngspice output ========

Note: Compatibility modes selected: hs a

Warning: m=xx on .subckt line will override multiplier m hierarchy!


Circuit: * generated by simenv.sh -- do not edit; edit /users/rwalters/github/gf180-pll/.loom/worktrees/issue-8/sim/vco-tuning-range/testbench/tb_vco_tuning.sp instead

Doing analysis at TEMP = -40.000000 and TNOM = 27.000000

Using SPARSE 1.3 as Direct Linear Solver

Initial Transient Solution
--------------------------

Node                                   Voltage
----                                   -------
vdd                                       2.97
nb0                                       2.97
nb1                                       2.97
nb2                                          0
vc1                                        0.9
vc2                                        1.2
vc3                                        1.5
vc4                                        1.8
vc5                                        2.1
vc6                                        2.4
vc7                                        2.7
nv1                                       2.97
nv2                                       2.97
nv3                                       2.97
nv4                                       2.97
nv5                                       2.97
nv6                                       2.97
nv7                                       2.97
x1.xbias.na                           0.848586
x1.xbias.vbpc                          1.89558
x1.xbias.nc                          0.0915767
x1.xbias.xrcg.11                     0.0913775
x1.xbias.xrcg.21                   0.000199222
x1.xbias.nsu                         0.0105058
x1.xbias.vfix                          1.65528
x1.xbias.nmd                          0.714668
x1.xbias.vbp0                          1.97674
x1.xbias.noff                         0.718498
x1.xbias.xroff.11                     0.718225
x1.xbias.xroff.21                   0.00027352
x1.xbias.nvi                          0.188924
x1.xbias.xrdeg.11                     0.188852
x1.xbias.xrdeg.21                  7.19202e-05
x1.xbias.b0b                       3.86758e-09
x1.xbias.b1b                       3.86758e-09
x1.xbias.b2b                              2.97
x1.xbias.vbn1                         0.707183
x1.xbias.ga                            1.97674
x1.xbias.vbp2                          1.90199
x1.xbias.gb                           0.707183
x1.vbn                                0.729503
x1.xbias.gc                               2.97
x1.vbp                                 1.93406
x1.xs1.nh                              1.34309
x1.y1                                        0
x1.y5                                        0
x1.xs1.nt                         5.99187e-115
x1.xs2.nh                                 2.97
x1.y2                                     2.97
x1.xs2.nt                          2.40846e-10
x1.xs3.nh                                 2.97
x1.y3                                        0
x1.xs3.nt                        -5.86266e-215
x1.xs4.nh                                 2.97
x1.y4                                     2.97
x1.xs4.nt                          2.40846e-10
x1.xs5.nh                                 2.97
x1.xs5.nt                        -5.86266e-215
x1.nb1                                    2.97
x1.nb2                             2.59559e-09
clk1                                      2.97
x1.xcdec1.c_moscap_int1                  -2.97
x1.xcdec2.c_moscap_int1                  -2.97
x2.xbias.na                           0.848586
x2.xbias.vbpc                          1.89558
x2.xbias.nc                          0.0915767
x2.xbias.xrcg.11                     0.0913775
x2.xbias.xrcg.21                   0.000199222
x2.xbias.nsu                         0.0105058
x2.xbias.vfix                          1.65528
x2.xbias.nmd                          0.714668
x2.xbias.vbp0                          1.96579
x2.xbias.noff                         0.718478
x2.xbias.xroff.11                     0.718205
x2.xbias.xroff.21                  0.000273513
x2.xbias.nvi                          0.390648
x2.xbias.xrdeg.11                       0.3905
x2.xbias.xrdeg.21                  0.000148713
x2.xbias.b0b                       3.86758e-09
x2.xbias.b1b                       3.86758e-09
x2.xbias.b2b                              2.97
x2.xbias.vbn1                         0.718081
x2.xbias.ga                            1.96579
x2.xbias.vbp2                          1.88592
x2.xbias.gb                           0.718081
x2.vbn                                0.740539
x2.xbias.gc                               2.97
x2.vbp                                  1.9216
x2.xs1.nh                              1.35382
x2.y1                                        0
x2.y5                                        0
x2.xs1.nt                          9.2168e-125
x2.xs2.nh                                 2.97
x2.y2                                     2.97
x2.xs2.nt                           2.1067e-10
x2.xs3.nh                                 2.97
x2.y3                                        0
x2.xs3.nt                        -5.12432e-254
x2.xs4.nh                                 2.97
x2.y4                                     2.97
x2.xs4.nt                           2.1067e-10
x2.xs5.nh                                 2.97
x2.xs5.nt                        -5.12438e-254
x2.nb1                                    2.97
x2.nb2                             2.59559e-09
clk2                                      2.97
x2.xcdec1.c_moscap_int1                  -2.97
x2.xcdec2.c_moscap_int1                  -2.97
x3.xbias.na                           0.848586
x3.xbias.vbpc                          1.89558
x3.xbias.nc                          0.0915767
x3.xbias.xrcg.11                     0.0913775
x3.xbias.xrcg.21                   0.000199222
x3.xbias.nsu                         0.0105058
x3.xbias.vfix                          1.65528
x3.xbias.nmd                          0.714668
x3.xbias.vbp0                          1.95561
x3.xbias.noff                          0.71846
x3.xbias.xroff.11                     0.718186
x3.xbias.xroff.21                  0.000273506
x3.xbias.nvi                          0.604603
x3.xbias.xrdeg.11                     0.604373
x3.xbias.xrdeg.21                  0.000230162
x3.xbias.b0b                       3.86758e-09
x3.xbias.b1b                       3.86758e-09
x3.xbias.b2b                              2.97
x3.xbias.vbn1                         0.728145
x3.xbias.ga                            1.95561
x3.xbias.vbp2                          1.87061
x3.xbias.gb                           0.728145
x3.vbn                                0.750744
x3.xbias.gc                               2.97
x3.vbp                                 1.90987
x3.xs1.nh                              1.36394
x3.y1                                        0
x3.y5                                        0
x3.xs1.nt                          2.31494e-57
x3.xs2.nh                                 2.97
x3.y2                                     2.97
x3.xs2.nt                          1.87673e-10
x3.xs3.nh                                 2.97
x3.y3                                        0
x3.xs3.nt                          1.80616e-97
x3.xs4.nh                                 2.97
x3.y4                                     2.97
x3.xs4.nt                          1.87673e-10
x3.xs5.nh                                 2.97
x3.xs5.nt                          1.80616e-97
x3.nb1                                    2.97
x3.nb2                             2.59559e-09
clk3                                      2.97
x3.xcdec1.c_moscap_int1                  -2.97
x3.xcdec2.c_moscap_int1                  -2.97
x4.xbias.na                           0.848586
x4.xbias.vbpc                          1.89558
x4.xbias.nc                          0.0915767
x4.xbias.xrcg.11                     0.0913775
x4.xbias.xrcg.21                   0.000199222
x4.xbias.nsu                         0.0105058
x4.xbias.vfix                          1.65528
x4.xbias.nmd                          0.714668
x4.xbias.vbp0                          1.94619
x4.xbias.noff                         0.718443
x4.xbias.xroff.11                     0.718169
x4.xbias.xroff.21                  0.000273499
x4.xbias.nvi                          0.826069
x4.xbias.xrdeg.11                     0.825754
x4.xbias.xrdeg.21                  0.000314471
x4.xbias.b0b                       3.86758e-09
x4.xbias.b1b                       3.86758e-09
x4.xbias.b2b                              2.97
x4.xbias.vbn1                         0.737393
x4.xbias.ga                            1.94619
x4.xbias.vbp2                          1.85615
x4.xbias.gb                           0.737393
x4.vbn                                0.760134
x4.xbias.gc                               2.97
x4.vbp                                  1.8989
x4.xs1.nh                              1.37342
x4.y1                                        0
x4.y5                                        0
x4.xs1.nt                          1.75062e-96
x4.xs2.nh                                 2.97
x4.y2                                     2.97
x4.xs2.nt                          1.69825e-10
x4.xs3.nh                                 2.97
x4.y3                                        0
x4.xs3.nt                        -2.84026e-176
x4.xs4.nh                                 2.97
x4.y4                                     2.97
x4.xs4.nt                          1.69825e-10
x4.xs5.nh                                 2.97
x4.xs5.nt                        -2.84026e-176
x4.nb1                                    2.97
x4.nb2                             2.59559e-09
clk4                                      2.97
x4.xcdec1.c_moscap_int1                  -2.97
x4.xcdec2.c_moscap_int1                  -2.97
x5.xbias.na                           0.848586
x5.xbias.vbpc                          1.89558
x5.xbias.nc                          0.0915767
x5.xbias.xrcg.11                     0.0913775
x5.xbias.xrcg.21                   0.000199222
x5.xbias.nsu                         0.0105058
x5.xbias.vfix                          1.65528
x5.xbias.nmd                          0.714668
x5.xbias.vbp0                          1.93742
x5.xbias.noff                         0.718426
x5.xbias.xroff.11                     0.718153
x5.xbias.xroff.21                  0.000273493
x5.xbias.nvi                           1.05307
x5.xbias.xrdeg.11                      1.05267
x5.xbias.xrdeg.21                  0.000400887
x5.xbias.b0b                       3.86758e-09
x5.xbias.b1b                       3.86758e-09
x5.xbias.b2b                              2.97
x5.xbias.vbn1                         0.745947
x5.xbias.ga                            1.93742
x5.xbias.vbp2                          1.84244
x5.xbias.gb                           0.745947
x5.vbn                                 0.76883
x5.xbias.gc                               2.97
x5.vbp                                 1.88859
x5.xs1.nh                              1.38235
x5.y1                                        0
x5.y5                                        0
x5.xs1.nt                         -1.21155e-37
x5.xs2.nh                                 2.97
x5.y2                                     2.97
x5.xs2.nt                          1.55608e-10
x5.xs3.nh                                 2.97
x5.y3                                        0
x5.xs3.nt                         -1.55143e-77
x5.xs4.nh                                 2.97
x5.y4                                     2.97
x5.xs4.nt                          1.55608e-10
x5.xs5.nh                                 2.97
x5.xs5.nt                         -1.55143e-77
x5.nb1                                    2.97
x5.nb2                             2.59559e-09
clk5                                      2.97
x5.xcdec1.c_moscap_int1                  -2.97
x5.xcdec2.c_moscap_int1                  -2.97
x6.xbias.na                           0.848586
x6.xbias.vbpc                          1.89558
x6.xbias.nc                          0.0915767
x6.xbias.xrcg.11                     0.0913775
x6.xbias.xrcg.21                   0.000199222
x6.xbias.nsu                         0.0105058
x6.xbias.vfix                          1.65528
x6.xbias.nmd                          0.714668
x6.xbias.vbp0                           1.9292
x6.xbias.noff                         0.718411
x6.xbias.xroff.11                     0.718138
x6.xbias.xroff.21                  0.000273487
x6.xbias.nvi                           1.28448
x6.xbias.xrdeg.11                      1.28399
x6.xbias.xrdeg.21                  0.000488979
x6.xbias.b0b                       3.86758e-09
x6.xbias.b1b                       3.86758e-09
x6.xbias.b2b                              2.97
x6.xbias.vbn1                         0.753919
x6.xbias.ga                             1.9292
x6.xbias.vbp2                          1.82939
x6.xbias.gb                           0.753919
x6.vbn                                0.776944
x6.xbias.gc                               2.97
x6.vbp                                 1.87884
x6.xs1.nh                              1.39081
x6.y1                                        0
x6.y5                                        0
x6.xs1.nt                         -7.22438e-28
x6.xs2.nh                                 2.97
x6.y2                                     2.97
x6.xs2.nt                          1.44016e-10
x6.xs3.nh                                 2.97
x6.y3                                        0
x6.xs3.nt                          1.10371e-38
x6.xs4.nh                                 2.97
x6.y4                                     2.97
x6.xs4.nt                          1.44016e-10
x6.xs5.nh                                 2.97
x6.xs5.nt                          1.10371e-38
x6.nb1                                    2.97
x6.nb2                             2.59559e-09
clk6                                      2.97
x6.xcdec1.c_moscap_int1                  -2.97
x6.xcdec2.c_moscap_int1                  -2.97
x7.xbias.na                           0.848586
x7.xbias.vbpc                          1.89558
x7.xbias.nc                          0.0915767
x7.xbias.xrcg.11                     0.0913775
x7.xbias.xrcg.21                   0.000199222
x7.xbias.nsu                         0.0105058
x7.xbias.vfix                          1.65528
x7.xbias.nmd                          0.714668
x7.xbias.vbp0                          1.92144
x7.xbias.noff                         0.718397
x7.xbias.xroff.11                     0.718124
x7.xbias.xroff.21                  0.000273482
x7.xbias.nvi                           1.51948
x7.xbias.xrdeg.11                       1.5189
x7.xbias.xrdeg.21                  0.000578441
x7.xbias.b0b                       3.86758e-09
x7.xbias.b1b                       3.86758e-09
x7.xbias.b2b                              2.97
x7.xbias.vbn1                         0.761397
x7.xbias.ga                            1.92144
x7.xbias.vbp2                          1.81692
x7.xbias.gb                           0.761397
x7.vbn                                0.784568
x7.xbias.gc                               2.97
x7.vbp                                 1.86958
x7.xs1.nh                              1.39887
x7.y1                                        0
x7.y5                                        0
x7.xs1.nt                         -9.63501e-13
x7.xs2.nh                                 2.97
x7.y2                                     2.97
x7.xs2.nt                          1.33525e-10
x7.xs3.nh                                 2.97
x7.y3                                        0
x7.xs3.nt                         -3.27282e-17
x7.xs4.nh                                 2.97
x7.y4                                     2.97
x7.xs4.nt                          1.33525e-10
x7.xs5.nh                                 2.97
x7.xs5.nt                         -3.27282e-17
x7.nb1                                    2.97
x7.nb2                             2.59559e-09
clk7                                      2.97
x7.xcdec1.c_moscap_int1                  -2.97
x7.xcdec2.c_moscap_int1                  -2.97
e.x7.xcdec2.ec_moscap#branch                 0
e.x7.xcdec1.ec_moscap#branch                 0
e.x6.xcdec2.ec_moscap#branch                 0
e.x6.xcdec1.ec_moscap#branch                 0
e.x5.xcdec2.ec_moscap#branch                 0
e.x5.xcdec1.ec_moscap#branch                 0
e.x4.xcdec2.ec_moscap#branch                 0
e.x4.xcdec1.ec_moscap#branch                 0
e.x3.xcdec2.ec_moscap#branch                 0
e.x3.xcdec1.ec_moscap#branch                 0
e.x2.xcdec2.ec_moscap#branch                 0
e.x2.xcdec1.ec_moscap#branch                 0
e.x1.xcdec2.ec_moscap#branch                 0
e.x1.xcdec1.ec_moscap#branch                 0
vs7#branch                         0.000103734
vs6#branch                         9.42869e-05
vs5#branch                         8.49575e-05
vs4#branch                         7.57748e-05
vs3#branch                          6.6781e-05
vs2#branch                         5.80516e-05
vs1#branch                         4.97751e-05
vv7#branch                                   0
vv6#branch                                   0
vv5#branch                                   0
vv4#branch                                   0
vv3#branch                                   0
vv2#branch                                   0
vv1#branch                                   0
vb2#branch                                   0
vb1#branch                                   0
vb0#branch                                   0
vdd#branch                        -0.000533361


No. of Data Rows : 2566

  Measurements for Transient Analysis

tp1                 =  2.09741e-07 targ=  4.72741e-07 trig=  2.63000e-07
tp2                 =  1.71965e-07 targ=  4.30597e-07 trig=  2.58632e-07
tp3                 =  1.44264e-07 targ=  3.97233e-07 trig=  2.52969e-07
tp4                 =  1.23551e-07 targ=  3.70888e-07 trig=  2.47336e-07
tp5                 =  1.07547e-07 targ=  3.49662e-07 trig=  2.42115e-07
tp6                 =  9.47646e-08 targ=  3.32174e-07 trig=  2.37409e-07
tp7                 =  8.45621e-08 targ=  3.38720e-07 trig=  2.54158e-07
f1                  =  1.90711e+07
f2                  =  2.32605e+07
f3                  =  2.77269e+07
f4                  =  3.23752e+07
f5                  =  3.71930e+07
f6                  =  4.22098e+07
f7                  =  4.73025e+07
i1                  =  6.48558e-05 from=  2.35821e-07 to=  6.48508e-07
i2                  =  7.53950e-05 from=  2.35821e-07 to=  6.48508e-07
i3                  =  8.47351e-05 from=  2.35821e-07 to=  6.48508e-07
i4                  =  9.58808e-05 from=  2.35821e-07 to=  6.48508e-07
i5                  =  1.08957e-04 from=  2.35821e-07 to=  6.48508e-07
i6                  =  1.19787e-04 from=  2.35821e-07 to=  6.48508e-07
i7                  =  1.29719e-04 from=  2.35821e-07 to=  6.48508e-07
sw1hi               =  3.06258e+00 at=  2.63199e-07
sw1lo               =  -8.73381e-02 at=  4.96834e-07
sw7hi               =  3.09291e+00 at=  4.44956e-07
sw7lo               =  -1.24917e-01 at=  4.96734e-07


Total analysis time (seconds) = 272.392

Total elapsed time (seconds) = 278.222 

Total DRAM available = 98304.000 MB.
DRAM currently available =  726.875 MB.
Maximum ngspice program size =   24.219 MB.
Current ngspice program size =   24.219 MB.


======== band 4 :: generated deck (fs_-40c_2.97v) ========
* GENERATED by simenv.sh -- do not edit; edit /Users/rwalters/GitHub/gf180-pll/.loom/worktrees/issue-8/sim/vco-tuning-range/testbench/tb_vco_tuning.sp instead
* tag=fs_Tm40_V2p97_B4 libs=fs,res_typical,moscap_typical temp=-40C
.include "/Users/rwalters/.volare/gf180mcuD/libs.tech/ngspice/design.ngspice"
.lib "/Users/rwalters/.volare/gf180mcuD/libs.tech/ngspice/sm141064.ngspice" fs
.lib "/Users/rwalters/.volare/gf180mcuD/libs.tech/ngspice/sm141064.ngspice" res_typical
.lib "/Users/rwalters/.volare/gf180mcuD/libs.tech/ngspice/sm141064.ngspice" moscap_typical
.temp -40
.param sim_temp=-40
.param vsup=2.97
.param b0v=0*2.97
.param b1v=0*2.97
.param b2v=1*2.97
.param tsettle=1.42921e-07
.param tstop=3.93034e-07
.param tstep=1.89782e-10
.param tmax=1.89782e-10
.include "/Users/rwalters/GitHub/gf180-pll/.loom/worktrees/issue-8/sim/vco-tuning-range/testbench/tb_vco_tuning.sp"
.end

======== band 4 :: ngspice output ========

Note: Compatibility modes selected: hs a

Warning: m=xx on .subckt line will override multiplier m hierarchy!


Circuit: * generated by simenv.sh -- do not edit; edit /users/rwalters/github/gf180-pll/.loom/worktrees/issue-8/sim/vco-tuning-range/testbench/tb_vco_tuning.sp instead

Doing analysis at TEMP = -40.000000 and TNOM = 27.000000

Using SPARSE 1.3 as Direct Linear Solver

Initial Transient Solution
--------------------------

Node                                   Voltage
----                                   -------
vdd                                       2.97
nb0                                          0
nb1                                          0
nb2                                       2.97
vc1                                        0.9
vc2                                        1.2
vc3                                        1.5
vc4                                        1.8
vc5                                        2.1
vc6                                        2.4
vc7                                        2.7
nv1                                       2.97
nv2                                       2.97
nv3                                       2.97
nv4                                       2.97
nv5                                       2.97
nv6                                       2.97
nv7                                       2.97
x1.xbias.na                           0.848586
x1.xbias.vbpc                          1.89558
x1.xbias.nc                          0.0915767
x1.xbias.xrcg.11                     0.0913775
x1.xbias.xrcg.21                   0.000199222
x1.xbias.nsu                         0.0105058
x1.xbias.vfix                          1.65528
x1.xbias.nmd                          0.714668
x1.xbias.vbp0                          1.97674
x1.xbias.noff                         0.718498
x1.xbias.xroff.11                     0.718225
x1.xbias.xroff.21                   0.00027352
x1.xbias.nvi                          0.188924
x1.xbias.xrdeg.11                     0.188852
x1.xbias.xrdeg.21                  7.19202e-05
x1.xbias.b0b                              2.97
x1.xbias.b1b                              2.97
x1.xbias.b2b                       3.86758e-09
x1.xbias.vbn1                         0.681955
x1.xbias.ga                               2.97
x1.xbias.vbp2                          1.99445
x1.xbias.gb                        7.18597e-14
x1.vbn                                0.759256
x1.xbias.gc                            1.99445
x1.vbp                                 1.89993
x1.xs1.nh                              1.37253
x1.y1                                        0
x1.y5                                        0
x1.xs1.nt                         -9.21456e-18
x1.xs2.nh                                 2.97
x1.y2                                     2.97
x1.xs2.nt                          1.71375e-10
x1.xs3.nh                                 2.97
x1.y3                                        0
x1.xs3.nt                         -4.74105e-38
x1.xs4.nh                                 2.97
x1.y4                                     2.97
x1.xs4.nt                          1.71375e-10
x1.xs5.nh                                 2.97
x1.xs5.nt                         -4.74105e-38
x1.nb1                                    2.97
x1.nb2                             2.59559e-09
clk1                                      2.97
x1.xcdec1.c_moscap_int1                  -2.97
x1.xcdec2.c_moscap_int1                  -2.97
x2.xbias.na                           0.848586
x2.xbias.vbpc                          1.89558
x2.xbias.nc                          0.0915767
x2.xbias.xrcg.11                     0.0913775
x2.xbias.xrcg.21                   0.000199222
x2.xbias.nsu                         0.0105058
x2.xbias.vfix                          1.65528
x2.xbias.nmd                          0.714668
x2.xbias.vbp0                          1.96579
x2.xbias.noff                         0.718478
x2.xbias.xroff.11                     0.718205
x2.xbias.xroff.21                  0.000273513
x2.xbias.nvi                          0.390648
x2.xbias.xrdeg.11                       0.3905
x2.xbias.xrdeg.21                  0.000148713
x2.xbias.b0b                              2.97
x2.xbias.b1b                              2.97
x2.xbias.b2b                       3.86758e-09
x2.xbias.vbn1                         0.691653
x2.xbias.ga                               2.97
x2.xbias.vbp2                          1.98476
x2.xbias.gb                         7.2024e-14
x2.vbn                                0.772002
x2.xbias.gc                            1.98476
x2.vbp                                 1.88479
x2.xs1.nh                              1.38565
x2.y1                                        0
x2.y5                                        0
x2.xs1.nt                         -1.33429e-17
x2.xs2.nh                                 2.97
x2.y2                                     2.97
x2.xs2.nt                          1.50898e-10
x2.xs3.nh                                 2.97
x2.y3                                        0
x2.xs3.nt                          1.73356e-38
x2.xs4.nh                                 2.97
x2.y4                                     2.97
x2.xs4.nt                          1.50898e-10
x2.xs5.nh                                 2.97
x2.xs5.nt                          1.73338e-38
x2.nb1                                    2.97
x2.nb2                             2.59559e-09
clk2                                      2.97
x2.xcdec1.c_moscap_int1                  -2.97
x2.xcdec2.c_moscap_int1                  -2.97
x3.xbias.na                           0.848586
x3.xbias.vbpc                          1.89558
x3.xbias.nc                          0.0915767
x3.xbias.xrcg.11                     0.0913775
x3.xbias.xrcg.21                   0.000199222
x3.xbias.nsu                         0.0105058
x3.xbias.vfix                          1.65528
x3.xbias.nmd                          0.714668
x3.xbias.vbp0                          1.95561
x3.xbias.noff                          0.71846
x3.xbias.xroff.11                     0.718186
x3.xbias.xroff.21                  0.000273506
x3.xbias.nvi                          0.604603
x3.xbias.xrdeg.11                     0.604373
x3.xbias.xrdeg.21                  0.000230162
x3.xbias.b0b                              2.97
x3.xbias.b1b                              2.97
x3.xbias.b2b                       3.86758e-09
x3.xbias.vbn1                         0.700537
x3.xbias.ga                               2.97
x3.xbias.vbp2                          1.97583
x3.xbias.gb                        7.21708e-14
x3.vbn                                0.783902
x3.xbias.gc                            1.97583
x3.vbp                                 1.87039
x3.xs1.nh                              1.39816
x3.y1                                        0
x3.y5                                        0
x3.xs1.nt                          3.93847e-77
x3.xs2.nh                                 2.97
x3.y2                                     2.97
x3.xs2.nt                          1.35174e-10
x3.xs3.nh                                 2.97
x3.y3                                        0
x3.xs3.nt                         1.68495e-156
x3.xs4.nh                                 2.97
x3.y4                                     2.97
x3.xs4.nt                          1.35174e-10
x3.xs5.nh                                 2.97
x3.xs5.nt                         1.68495e-156
x3.nb1                                    2.97
x3.nb2                             2.59559e-09
clk3                                      2.97
x3.xcdec1.c_moscap_int1                  -2.97
x3.xcdec2.c_moscap_int1                  -2.97
x4.xbias.na                           0.848586
x4.xbias.vbpc                          1.89558
x4.xbias.nc                          0.0915767
x4.xbias.xrcg.11                     0.0913775
x4.xbias.xrcg.21                   0.000199222
x4.xbias.nsu                         0.0105058
x4.xbias.vfix                          1.65528
x4.xbias.nmd                          0.714668
x4.xbias.vbp0                          1.94619
x4.xbias.noff                         0.718443
x4.xbias.xroff.11                     0.718169
x4.xbias.xroff.21                  0.000273499
x4.xbias.nvi                          0.826069
x4.xbias.xrdeg.11                     0.825754
x4.xbias.xrdeg.21                  0.000314471
x4.xbias.b0b                              2.97
x4.xbias.b1b                              2.97
x4.xbias.b2b                       3.86758e-09
x4.xbias.vbn1                         0.708642
x4.xbias.ga                               2.97
x4.xbias.vbp2                          1.96763
x4.xbias.gb                        7.23079e-14
x4.vbn                                0.794951
x4.xbias.gc                            1.96763
x4.vbp                                  1.8568
x4.xs1.nh                              1.40998
x4.y1                                        0
x4.y5                                        0
x4.xs1.nt                         -5.45515e-78
x4.xs2.nh                                 2.97
x4.y2                                     2.97
x4.xs2.nt                          1.22889e-10
x4.xs3.nh                                 2.97
x4.y3                                        0
x4.xs3.nt                         2.82962e-156
x4.xs4.nh                                 2.97
x4.y4                                     2.97
x4.xs4.nt                          1.22889e-10
x4.xs5.nh                                 2.97
x4.xs5.nt                         2.82962e-156
x4.nb1                                    2.97
x4.nb2                             2.59559e-09
clk4                                      2.97
x4.xcdec1.c_moscap_int1                  -2.97
x4.xcdec2.c_moscap_int1                  -2.97
x5.xbias.na                           0.848586
x5.xbias.vbpc                          1.89558
x5.xbias.nc                          0.0915767
x5.xbias.xrcg.11                     0.0913775
x5.xbias.xrcg.21                   0.000199222
x5.xbias.nsu                         0.0105058
x5.xbias.vfix                          1.65528
x5.xbias.nmd                          0.714668
x5.xbias.vbp0                          1.93742
x5.xbias.noff                         0.718426
x5.xbias.xroff.11                     0.718153
x5.xbias.xroff.21                  0.000273493
x5.xbias.nvi                           1.05307
x5.xbias.xrdeg.11                      1.05267
x5.xbias.xrdeg.21                  0.000400887
x5.xbias.b0b                              2.97
x5.xbias.b1b                              2.97
x5.xbias.b2b                       3.86758e-09
x5.xbias.vbn1                         0.716088
x5.xbias.ga                               2.97
x5.xbias.vbp2                          1.96005
x5.xbias.gb                        7.24337e-14
x5.vbn                                0.805272
x5.xbias.gc                            1.96005
x5.vbp                                 1.84393
x5.xs1.nh                               1.4212
x5.y1                                        0
x5.y5                                        0
x5.xs1.nt                         -1.03862e-77
x5.xs2.nh                                 2.97
x5.y2                                     2.97
x5.xs2.nt                          1.13049e-10
x5.xs3.nh                                 2.97
x5.y3                                        0
x5.xs3.nt                         8.45762e-138
x5.xs4.nh                                 2.97
x5.y4                                     2.97
x5.xs4.nt                          1.13049e-10
x5.xs5.nh                                 2.97
x5.xs5.nt                         8.45762e-138
x5.nb1                                    2.97
x5.nb2                             2.59559e-09
clk5                                      2.97
x5.xcdec1.c_moscap_int1                  -2.97
x5.xcdec2.c_moscap_int1                  -2.97
x6.xbias.na                           0.848586
x6.xbias.vbpc                          1.89558
x6.xbias.nc                          0.0915767
x6.xbias.xrcg.11                     0.0913775
x6.xbias.xrcg.21                   0.000199222
x6.xbias.nsu                         0.0105058
x6.xbias.vfix                          1.65528
x6.xbias.nmd                          0.714668
x6.xbias.vbp0                           1.9292
x6.xbias.noff                         0.718411
x6.xbias.xroff.11                     0.718138
x6.xbias.xroff.21                  0.000273487
x6.xbias.nvi                           1.28448
x6.xbias.xrdeg.11                      1.28399
x6.xbias.xrdeg.21                  0.000488979
x6.xbias.b0b                              2.97
x6.xbias.b1b                              2.97
x6.xbias.b2b                       3.86758e-09
x6.xbias.vbn1                         0.722984
x6.xbias.ga                               2.97
x6.xbias.vbp2                          1.95298
x6.xbias.gb                        7.25466e-14
x6.vbn                                0.814979
x6.xbias.gc                            1.95298
x6.vbp                                 1.83169
x6.xs1.nh                               1.4319
x6.y1                                        0
x6.y5                                        0
x6.xs1.nt                         -6.32625e-78
x6.xs2.nh                                 2.97
x6.y2                                     2.97
x6.xs2.nt                          1.04984e-10
x6.xs3.nh                                 2.97
x6.y3                                        0
x6.xs3.nt                         5.28529e-117
x6.xs4.nh                                 2.97
x6.y4                                     2.97
x6.xs4.nt                          1.04984e-10
x6.xs5.nh                                 2.97
x6.xs5.nt                         5.28529e-117
x6.nb1                                    2.97
x6.nb2                             2.59559e-09
clk6                                      2.97
x6.xcdec1.c_moscap_int1                  -2.97
x6.xcdec2.c_moscap_int1                  -2.97
x7.xbias.na                           0.848586
x7.xbias.vbpc                          1.89558
x7.xbias.nc                          0.0915767
x7.xbias.xrcg.11                     0.0913775
x7.xbias.xrcg.21                   0.000199222
x7.xbias.nsu                         0.0105058
x7.xbias.vfix                          1.65528
x7.xbias.nmd                          0.714668
x7.xbias.vbp0                          1.92144
x7.xbias.noff                         0.718397
x7.xbias.xroff.11                     0.718124
x7.xbias.xroff.21                  0.000273482
x7.xbias.nvi                           1.51948
x7.xbias.xrdeg.11                       1.5189
x7.xbias.xrdeg.21                  0.000578441
x7.xbias.b0b                              2.97
x7.xbias.b1b                              2.97
x7.xbias.b2b                       3.86758e-09
x7.xbias.vbn1                         0.729417
x7.xbias.ga                               2.97
x7.xbias.vbp2                          1.94635
x7.xbias.gb                        7.26551e-14
x7.vbn                                0.824167
x7.xbias.gc                            1.94635
x7.vbp                                 1.81999
x7.xs1.nh                              1.44213
x7.y1                                        0
x7.y5                                        0
x7.xs1.nt                         -1.80806e-68
x7.xs2.nh                                 2.97
x7.y2                                     2.97
x7.xs2.nt                          9.82483e-11
x7.xs3.nh                                 2.97
x7.y3                                        0
x7.xs3.nt                         1.12212e-136
x7.xs4.nh                                 2.97
x7.y4                                     2.97
x7.xs4.nt                          9.82483e-11
x7.xs5.nh                                 2.97
x7.xs5.nt                         1.12211e-136
x7.nb1                                    2.97
x7.nb2                             2.59559e-09
clk7                                      2.97
x7.xcdec1.c_moscap_int1                  -2.97
x7.xcdec2.c_moscap_int1                  -2.97
e.x7.xcdec2.ec_moscap#branch                 0
e.x7.xcdec1.ec_moscap#branch                 0
e.x6.xcdec2.ec_moscap#branch                 0
e.x6.xcdec1.ec_moscap#branch                 0
e.x5.xcdec2.ec_moscap#branch                 0
e.x5.xcdec1.ec_moscap#branch                 0
e.x4.xcdec2.ec_moscap#branch                 0
e.x4.xcdec1.ec_moscap#branch                 0
e.x3.xcdec2.ec_moscap#branch                 0
e.x3.xcdec1.ec_moscap#branch                 0
e.x2.xcdec2.ec_moscap#branch                 0
e.x2.xcdec1.ec_moscap#branch                 0
e.x1.xcdec2.ec_moscap#branch                 0
e.x1.xcdec1.ec_moscap#branch                 0
vs7#branch                         0.000107481
vs6#branch                         9.77345e-05
vs5#branch                         8.81016e-05
vs4#branch                         7.86118e-05
vs3#branch                         6.93074e-05
vs2#branch                         6.02654e-05
vs1#branch                         5.16796e-05
vv7#branch                                   0
vv6#branch                                   0
vv5#branch                                   0
vv4#branch                                   0
vv3#branch                                   0
vv2#branch                                   0
vv1#branch                                   0
vb2#branch                                   0
vb1#branch                                   0
vb0#branch                                   0
vdd#branch                        -0.000553182


No. of Data Rows : 2574

  Measurements for Transient Analysis

tp1                 =  1.25224e-07 targ=  2.82309e-07 trig=  1.57085e-07
tp2                 =  1.02191e-07 targ=  2.56168e-07 trig=  1.53977e-07
tp3                 =  8.54869e-08 targ=  2.35517e-07 trig=  1.50030e-07
tp4                 =  7.28671e-08 targ=  2.19137e-07 trig=  1.46270e-07
tp5                 =  6.32154e-08 targ=  2.21806e-07 trig=  1.58590e-07
tp6                 =  5.57176e-08 targ=  2.09227e-07 trig=  1.53510e-07
tp7                 =  4.95771e-08 targ=  1.98682e-07 trig=  1.49105e-07
f1                  =  3.19429e+07
f2                  =  3.91425e+07
f3                  =  4.67908e+07
f4                  =  5.48945e+07
f5                  =  6.32757e+07
f6                  =  7.17906e+07
f7                  =  8.06824e+07
i1                  =  7.19971e-05 from=  1.42921e-07 to=  3.93034e-07
i2                  =  8.32178e-05 from=  1.42921e-07 to=  3.93034e-07
i3                  =  9.54355e-05 from=  1.42921e-07 to=  3.93034e-07
i4                  =  1.08189e-04 from=  1.42921e-07 to=  3.93034e-07
i5                  =  1.21081e-04 from=  1.42921e-07 to=  3.93034e-07
i6                  =  1.33820e-04 from=  1.42921e-07 to=  3.93034e-07
i7                  =  1.47485e-04 from=  1.42921e-07 to=  3.93034e-07
sw1hi               =  3.08755e+00 at=  1.88638e-07
sw1lo               =  -1.34368e-01 at=  1.71654e-07
sw7hi               =  3.12630e+00 at=  3.84748e-07
sw7lo               =  -1.20443e-01 at=  2.41882e-07


Total analysis time (seconds) = 269.975

Total elapsed time (seconds) = 275.867 

Total DRAM available = 98304.000 MB.
DRAM currently available =  570.562 MB.
Maximum ngspice program size =   24.250 MB.
Current ngspice program size =   24.250 MB.


======== band 5 :: generated deck (fs_-40c_2.97v) ========
* GENERATED by simenv.sh -- do not edit; edit /Users/rwalters/GitHub/gf180-pll/.loom/worktrees/issue-8/sim/vco-tuning-range/testbench/tb_vco_tuning.sp instead
* tag=fs_Tm40_V2p97_B5 libs=fs,res_typical,moscap_typical temp=-40C
.include "/Users/rwalters/.volare/gf180mcuD/libs.tech/ngspice/design.ngspice"
.lib "/Users/rwalters/.volare/gf180mcuD/libs.tech/ngspice/sm141064.ngspice" fs
.lib "/Users/rwalters/.volare/gf180mcuD/libs.tech/ngspice/sm141064.ngspice" res_typical
.lib "/Users/rwalters/.volare/gf180mcuD/libs.tech/ngspice/sm141064.ngspice" moscap_typical
.temp -40
.param sim_temp=-40
.param vsup=2.97
.param b0v=1*2.97
.param b1v=0*2.97
.param b2v=1*2.97
.param tsettle=8.66191e-08
.param tstop=2.38202e-07
.param tstep=1.1502e-10
.param tmax=1.1502e-10
.include "/Users/rwalters/GitHub/gf180-pll/.loom/worktrees/issue-8/sim/vco-tuning-range/testbench/tb_vco_tuning.sp"
.end

======== band 5 :: ngspice output ========

Note: Compatibility modes selected: hs a

Warning: m=xx on .subckt line will override multiplier m hierarchy!


Circuit: * generated by simenv.sh -- do not edit; edit /users/rwalters/github/gf180-pll/.loom/worktrees/issue-8/sim/vco-tuning-range/testbench/tb_vco_tuning.sp instead

Doing analysis at TEMP = -40.000000 and TNOM = 27.000000

Using SPARSE 1.3 as Direct Linear Solver

Initial Transient Solution
--------------------------

Node                                   Voltage
----                                   -------
vdd                                       2.97
nb0                                       2.97
nb1                                          0
nb2                                       2.97
vc1                                        0.9
vc2                                        1.2
vc3                                        1.5
vc4                                        1.8
vc5                                        2.1
vc6                                        2.4
vc7                                        2.7
nv1                                       2.97
nv2                                       2.97
nv3                                       2.97
nv4                                       2.97
nv5                                       2.97
nv6                                       2.97
nv7                                       2.97
x1.xbias.na                           0.848586
x1.xbias.vbpc                          1.89558
x1.xbias.nc                          0.0915767
x1.xbias.xrcg.11                     0.0913775
x1.xbias.xrcg.21                   0.000199222
x1.xbias.nsu                         0.0105058
x1.xbias.vfix                          1.65528
x1.xbias.nmd                          0.714668
x1.xbias.vbp0                          1.97674
x1.xbias.noff                         0.718498
x1.xbias.xroff.11                     0.718225
x1.xbias.xroff.21                   0.00027352
x1.xbias.nvi                          0.188924
x1.xbias.xrdeg.11                     0.188852
x1.xbias.xrdeg.21                  7.19202e-05
x1.xbias.b0b                       3.86758e-09
x1.xbias.b1b                              2.97
x1.xbias.b2b                       3.86758e-09
x1.xbias.vbn1                         0.707183
x1.xbias.ga                            1.97674
x1.xbias.vbp2                          1.96911
x1.xbias.gb                         7.2507e-14
x1.vbn                                0.792947
x1.xbias.gc                            1.96911
x1.vbp                                 1.85928
x1.xs1.nh                              1.40783
x1.y1                                        0
x1.y5                                        0
x1.xs1.nt                          1.13162e-38
x1.xs2.nh                                 2.97
x1.y2                                     2.97
x1.xs2.nt                          1.24972e-10
x1.xs3.nh                                 2.97
x1.y3                                        0
x1.xs3.nt                        -6.40133e-117
x1.xs4.nh                                 2.97
x1.y4                                     2.97
x1.xs4.nt                          1.24972e-10
x1.xs5.nh                                 2.97
x1.xs5.nt                        -6.40133e-117
x1.nb1                                    2.97
x1.nb2                             2.59559e-09
clk1                                      2.97
x1.xcdec1.c_moscap_int1                  -2.97
x1.xcdec2.c_moscap_int1                  -2.97
x2.xbias.na                           0.848586
x2.xbias.vbpc                          1.89558
x2.xbias.nc                          0.0915767
x2.xbias.xrcg.11                     0.0913775
x2.xbias.xrcg.21                   0.000199222
x2.xbias.nsu                         0.0105058
x2.xbias.vfix                          1.65528
x2.xbias.nmd                          0.714668
x2.xbias.vbp0                          1.96579
x2.xbias.noff                         0.718478
x2.xbias.xroff.11                     0.718205
x2.xbias.xroff.21                  0.000273513
x2.xbias.nvi                          0.390648
x2.xbias.xrdeg.11                       0.3905
x2.xbias.xrdeg.21                  0.000148713
x2.xbias.b0b                       3.86758e-09
x2.xbias.b1b                              2.97
x2.xbias.b2b                       3.86758e-09
x2.xbias.vbn1                         0.718081
x2.xbias.ga                            1.96579
x2.xbias.vbp2                          1.95801
x2.xbias.gb                        7.26911e-14
x2.vbn                                0.808062
x2.xbias.gc                            1.95801
x2.vbp                                 1.84043
x2.xs1.nh                              1.42426
x2.y1                                        0
x2.y5                                        0
x2.xs1.nt                         -2.42432e-58
x2.xs2.nh                                 2.97
x2.y2                                     2.97
x2.xs2.nt                          1.10622e-10
x2.xs3.nh                                 2.97
x2.y3                                        0
x2.xs3.nt                        -2.28955e-136
x2.xs4.nh                                 2.97
x2.y4                                     2.97
x2.xs4.nt                          1.10622e-10
x2.xs5.nh                                 2.97
x2.xs5.nt                        -2.28966e-136
x2.nb1                                    2.97
x2.nb2                             2.59559e-09
clk2                                      2.97
x2.xcdec1.c_moscap_int1                  -2.97
x2.xcdec2.c_moscap_int1                  -2.97
x3.xbias.na                           0.848586
x3.xbias.vbpc                          1.89558
x3.xbias.nc                          0.0915767
x3.xbias.xrcg.11                     0.0913775
x3.xbias.xrcg.21                   0.000199222
x3.xbias.nsu                         0.0105058
x3.xbias.vfix                          1.65528
x3.xbias.nmd                          0.714668
x3.xbias.vbp0                          1.95561
x3.xbias.noff                          0.71846
x3.xbias.xroff.11                     0.718186
x3.xbias.xroff.21                  0.000273506
x3.xbias.nvi                          0.604603
x3.xbias.xrdeg.11                     0.604373
x3.xbias.xrdeg.21                  0.000230162
x3.xbias.b0b                       3.86758e-09
x3.xbias.b1b                              2.97
x3.xbias.b2b                       3.86758e-09
x3.xbias.vbn1                         0.728145
x3.xbias.ga                            1.95561
x3.xbias.vbp2                          1.94766
x3.xbias.gb                        7.28575e-14
x3.vbn                                 0.82234
x3.xbias.gc                            1.94766
x3.vbp                                 1.82232
x3.xs1.nh                              1.44008
x3.y1                                        0
x3.y5                                        0
x3.xs1.nt                          3.44272e-38
x3.xs2.nh                                 2.97
x3.y2                                     2.97
x3.xs2.nt                          9.95251e-11
x3.xs3.nh                                 2.97
x3.y3                                        0
x3.xs3.nt                         -2.35494e-97
x3.xs4.nh                                 2.97
x3.y4                                     2.97
x3.xs4.nt                          9.95251e-11
x3.xs5.nh                                 2.97
x3.xs5.nt                         -2.35494e-97
x3.nb1                                    2.97
x3.nb2                             2.59559e-09
clk3                                      2.97
x3.xcdec1.c_moscap_int1                  -2.97
x3.xcdec2.c_moscap_int1                  -2.97
x4.xbias.na                           0.848586
x4.xbias.vbpc                          1.89558
x4.xbias.nc                          0.0915767
x4.xbias.xrcg.11                     0.0913775
x4.xbias.xrcg.21                   0.000199222
x4.xbias.nsu                         0.0105058
x4.xbias.vfix                          1.65528
x4.xbias.nmd                          0.714668
x4.xbias.vbp0                          1.94619
x4.xbias.noff                         0.718443
x4.xbias.xroff.11                     0.718169
x4.xbias.xroff.21                  0.000273499
x4.xbias.nvi                          0.826069
x4.xbias.xrdeg.11                     0.825754
x4.xbias.xrdeg.21                  0.000314471
x4.xbias.b0b                       3.86758e-09
x4.xbias.b1b                              2.97
x4.xbias.b2b                       3.86758e-09
x4.xbias.vbn1                         0.737393
x4.xbias.ga                            1.94619
x4.xbias.vbp2                          1.93807
x4.xbias.gb                        7.30134e-14
x4.vbn                                0.835743
x4.xbias.gc                            1.93807
x4.vbp                                 1.80511
x4.xs1.nh                              1.45515
x4.y1                                        0
x4.y5                                        0
x4.xs1.nt                          1.30905e-98
x4.xs2.nh                                 2.97
x4.y2                                     2.97
x4.xs2.nt                          9.08066e-11
x4.xs3.nh                                 2.97
x4.y3                                        0
x4.xs3.nt                        -4.99344e-176
x4.xs4.nh                                 2.97
x4.y4                                     2.97
x4.xs4.nt                          9.08066e-11
x4.xs5.nh                                 2.97
x4.xs5.nt                        -4.99344e-176
x4.nb1                                    2.97
x4.nb2                             2.59559e-09
clk4                                      2.97
x4.xcdec1.c_moscap_int1                  -2.97
x4.xcdec2.c_moscap_int1                  -2.97
x5.xbias.na                           0.848586
x5.xbias.vbpc                          1.89558
x5.xbias.nc                          0.0915767
x5.xbias.xrcg.11                     0.0913775
x5.xbias.xrcg.21                   0.000199222
x5.xbias.nsu                         0.0105058
x5.xbias.vfix                          1.65528
x5.xbias.nmd                          0.714668
x5.xbias.vbp0                          1.93742
x5.xbias.noff                         0.718426
x5.xbias.xroff.11                     0.718153
x5.xbias.xroff.21                  0.000273493
x5.xbias.nvi                           1.05307
x5.xbias.xrdeg.11                      1.05267
x5.xbias.xrdeg.21                  0.000400887
x5.xbias.b0b                       3.86758e-09
x5.xbias.b1b                              2.97
x5.xbias.b2b                       3.86758e-09
x5.xbias.vbn1                         0.745947
x5.xbias.ga                            1.93742
x5.xbias.vbp2                          1.92912
x5.xbias.gb                        7.31541e-14
x5.vbn                                0.848386
x5.xbias.gc                            1.92912
x5.vbp                                 1.78871
x5.xs1.nh                              1.46953
x5.y1                                        0
x5.y5                                        0
x5.xs1.nt                          3.00343e-17
x5.xs2.nh                                 2.97
x5.y2                                     2.97
x5.xs2.nt                          8.37888e-11
x5.xs3.nh                                 2.97
x5.y3                                        0
x5.xs3.nt                          1.05131e-18
x5.xs4.nh                                 2.97
x5.y4                                     2.97
x5.xs4.nt                          8.37888e-11
x5.xs5.nh                                 2.97
x5.xs5.nt                          1.05131e-18
x5.nb1                                    2.97
x5.nb2                             2.59559e-09
clk5                                      2.97
x5.xcdec1.c_moscap_int1                  -2.97
x5.xcdec2.c_moscap_int1                  -2.97
x6.xbias.na                           0.848586
x6.xbias.vbpc                          1.89558
x6.xbias.nc                          0.0915767
x6.xbias.xrcg.11                     0.0913775
x6.xbias.xrcg.21                   0.000199222
x6.xbias.nsu                         0.0105058
x6.xbias.vfix                          1.65528
x6.xbias.nmd                          0.714668
x6.xbias.vbp0                           1.9292
x6.xbias.noff                         0.718411
x6.xbias.xroff.11                     0.718138
x6.xbias.xroff.21                  0.000273487
x6.xbias.nvi                           1.28448
x6.xbias.xrdeg.11                      1.28399
x6.xbias.xrdeg.21                  0.000488979
x6.xbias.b0b                       3.86758e-09
x6.xbias.b1b                              2.97
x6.xbias.b2b                       3.86758e-09
x6.xbias.vbn1                         0.753919
x6.xbias.ga                             1.9292
x6.xbias.vbp2                          1.92072
x6.xbias.gb                        7.32883e-14
x6.vbn                                0.860385
x6.xbias.gc                            1.92072
x6.vbp                                 1.77304
x6.xs1.nh                              1.48329
x6.y1                                        0
x6.y5                                        0
x6.xs1.nt                          -3.0328e-79
x6.xs2.nh                                 2.97
x6.y2                                     2.97
x6.xs2.nt                          7.80143e-11
x6.xs3.nh                                 2.97
x6.y3                                        0
x6.xs3.nt                        -1.07457e-176
x6.xs4.nh                                 2.97
x6.y4                                     2.97
x6.xs4.nt                          7.80143e-11
x6.xs5.nh                                 2.97
x6.xs5.nt                        -1.07452e-176
x6.nb1                                    2.97
x6.nb2                             2.59559e-09
clk6                                      2.97
x6.xcdec1.c_moscap_int1                  -2.97
x6.xcdec2.c_moscap_int1                  -2.97
x7.xbias.na                           0.848586
x7.xbias.vbpc                          1.89558
x7.xbias.nc                          0.0915767
x7.xbias.xrcg.11                     0.0913775
x7.xbias.xrcg.21                   0.000199222
x7.xbias.nsu                         0.0105058
x7.xbias.vfix                          1.65528
x7.xbias.nmd                          0.714668
x7.xbias.vbp0                          1.92144
x7.xbias.noff                         0.718397
x7.xbias.xroff.11                     0.718124
x7.xbias.xroff.21                  0.000273482
x7.xbias.nvi                           1.51948
x7.xbias.xrdeg.11                       1.5189
x7.xbias.xrdeg.21                  0.000578441
x7.xbias.b0b                       3.86758e-09
x7.xbias.b1b                              2.97
x7.xbias.b2b                       3.86758e-09
x7.xbias.vbn1                         0.761397
x7.xbias.ga                            1.92144
x7.xbias.vbp2                          1.91277
x7.xbias.gb                        7.34142e-14
x7.vbn                                0.871835
x7.xbias.gc                            1.91277
x7.vbp                                   1.758
x7.xs1.nh                              1.49651
x7.y1                                        0
x7.y5                                        0
x7.xs1.nt                         -1.53452e-58
x7.xs2.nh                                 2.97
x7.y2                                     2.97
x7.xs2.nt                          7.31739e-11
x7.xs3.nh                                 2.97
x7.y3                                        0
x7.xs3.nt                        -7.76405e-137
x7.xs4.nh                                 2.97
x7.y4                                     2.97
x7.xs4.nt                          7.31739e-11
x7.xs5.nh                                 2.97
x7.xs5.nt                        -7.76394e-137
x7.nb1                                    2.97
x7.nb2                             2.59559e-09
clk7                                      2.97
x7.xcdec1.c_moscap_int1                  -2.97
x7.xcdec2.c_moscap_int1                  -2.97
e.x7.xcdec2.ec_moscap#branch                 0
e.x7.xcdec1.ec_moscap#branch                 0
e.x6.xcdec2.ec_moscap#branch                 0
e.x6.xcdec1.ec_moscap#branch                 0
e.x5.xcdec2.ec_moscap#branch                 0
e.x5.xcdec1.ec_moscap#branch                 0
e.x4.xcdec2.ec_moscap#branch                 0
e.x4.xcdec1.ec_moscap#branch                 0
e.x3.xcdec2.ec_moscap#branch                 0
e.x3.xcdec1.ec_moscap#branch                 0
e.x2.xcdec2.ec_moscap#branch                 0
e.x2.xcdec1.ec_moscap#branch                 0
e.x1.xcdec2.ec_moscap#branch                 0
e.x1.xcdec1.ec_moscap#branch                 0
vs7#branch                          0.00015514
vs6#branch                         0.000140575
vs5#branch                         0.000126181
vs4#branch                         0.000112004
vs3#branch                         9.81054e-05
vs2#branch                         8.46026e-05
vs1#branch                         7.17851e-05
vv7#branch                                   0
vv6#branch                                   0
vv5#branch                                   0
vv4#branch                                   0
vv3#branch                                   0
vv2#branch                                   0
vv1#branch                                   0
vb2#branch                                   0
vb1#branch                                   0
vb0#branch                                   0
vdd#branch                        -0.000788392


No. of Data Rows : 2626

  Measurements for Transient Analysis

tp1                 =  7.49924e-08 targ=  1.69250e-07 trig=  9.42578e-08
tp2                 =  6.09639e-08 targ=  1.52868e-07 trig=  9.19043e-08
tp3                 =  5.07531e-08 targ=  1.39951e-07 trig=  8.91982e-08
tp4                 =  4.30831e-08 targ=  1.40545e-07 trig=  9.74617e-08
tp5                 =  3.72582e-08 targ=  1.30900e-07 trig=  9.36417e-08
tp6                 =  3.27261e-08 targ=  1.23144e-07 trig=  9.04175e-08
tp7                 =  2.90472e-08 targ=  1.16691e-07 trig=  8.76434e-08
f1                  =  5.33387e+07
f2                  =  6.56126e+07
f3                  =  7.88129e+07
f4                  =  9.28438e+07
f5                  =  1.07359e+08
f6                  =  1.22226e+08
f7                  =  1.37707e+08
i1                  =  9.92289e-05 from=  8.66191e-08 to=  2.38202e-07
i2                  =  1.16031e-04 from=  8.66191e-08 to=  2.38202e-07
i3                  =  1.35402e-04 from=  8.66191e-08 to=  2.38202e-07
i4                  =  1.53314e-04 from=  8.66191e-08 to=  2.38202e-07
i5                  =  1.73747e-04 from=  8.66191e-08 to=  2.38202e-07
i6                  =  1.91554e-04 from=  8.66191e-08 to=  2.38202e-07
i7                  =  2.12529e-04 from=  8.66191e-08 to=  2.38202e-07
sw1hi               =  3.09917e+00 at=  9.43885e-08
sw1lo               =  -1.17423e-01 at=  2.15498e-07
sw7hi               =  3.13346e+00 at=  2.11362e-07
sw7lo               =  -1.67347e-01 at=  2.36502e-07


Total analysis time (seconds) = 262.166

Total elapsed time (seconds) = 268.377 

Total DRAM available = 98304.000 MB.
DRAM currently available =  599.000 MB.
Maximum ngspice program size =   24.219 MB.
Current ngspice program size =   24.219 MB.


======== band 6 :: generated deck (fs_-40c_2.97v) ========
* GENERATED by simenv.sh -- do not edit; edit /Users/rwalters/GitHub/gf180-pll/.loom/worktrees/issue-8/sim/vco-tuning-range/testbench/tb_vco_tuning.sp instead
* tag=fs_Tm40_V2p97_B6 libs=fs,res_typical,moscap_typical temp=-40C
.include "/Users/rwalters/.volare/gf180mcuD/libs.tech/ngspice/design.ngspice"
.lib "/Users/rwalters/.volare/gf180mcuD/libs.tech/ngspice/sm141064.ngspice" fs
.lib "/Users/rwalters/.volare/gf180mcuD/libs.tech/ngspice/sm141064.ngspice" res_typical
.lib "/Users/rwalters/.volare/gf180mcuD/libs.tech/ngspice/sm141064.ngspice" moscap_typical
.temp -40
.param sim_temp=-40
.param vsup=2.97
.param b0v=0*2.97
.param b1v=1*2.97
.param b2v=1*2.97
.param tsettle=5.24965e-08
.param tstop=1.44365e-07
.param tstep=6.9709e-11
.param tmax=6.9709e-11
.include "/Users/rwalters/GitHub/gf180-pll/.loom/worktrees/issue-8/sim/vco-tuning-range/testbench/tb_vco_tuning.sp"
.end

======== band 6 :: ngspice output ========

Note: Compatibility modes selected: hs a

Warning: m=xx on .subckt line will override multiplier m hierarchy!


Circuit: * generated by simenv.sh -- do not edit; edit /users/rwalters/github/gf180-pll/.loom/worktrees/issue-8/sim/vco-tuning-range/testbench/tb_vco_tuning.sp instead

Doing analysis at TEMP = -40.000000 and TNOM = 27.000000

Using SPARSE 1.3 as Direct Linear Solver

Initial Transient Solution
--------------------------

Node                                   Voltage
----                                   -------
vdd                                       2.97
nb0                                          0
nb1                                       2.97
nb2                                       2.97
vc1                                        0.9
vc2                                        1.2
vc3                                        1.5
vc4                                        1.8
vc5                                        2.1
vc6                                        2.4
vc7                                        2.7
nv1                                       2.97
nv2                                       2.97
nv3                                       2.97
nv4                                       2.97
nv5                                       2.97
nv6                                       2.97
nv7                                       2.97
x1.xbias.na                           0.848586
x1.xbias.vbpc                          1.89558
x1.xbias.nc                          0.0915767
x1.xbias.xrcg.11                     0.0913775
x1.xbias.xrcg.21                   0.000199222
x1.xbias.nsu                         0.0105058
x1.xbias.vfix                          1.65528
x1.xbias.nmd                          0.714668
x1.xbias.vbp0                          1.97674
x1.xbias.noff                         0.718498
x1.xbias.xroff.11                     0.718225
x1.xbias.xroff.21                   0.00027352
x1.xbias.nvi                          0.188924
x1.xbias.xrdeg.11                     0.188852
x1.xbias.xrdeg.21                  7.19202e-05
x1.xbias.b0b                              2.97
x1.xbias.b1b                       3.86758e-09
x1.xbias.b2b                       3.86758e-09
x1.xbias.vbn1                         0.681955
x1.xbias.ga                               2.97
x1.xbias.vbp2                           1.9372
x1.xbias.gb                           0.681955
x1.vbn                                 0.83697
x1.xbias.gc                             1.9372
x1.vbp                                 1.80352
x1.xs1.nh                              1.45654
x1.y1                                        0
x1.y5                                        0
x1.xs1.nt                          7.57157e-49
x1.xs2.nh                                 2.97
x1.y2                                     2.97
x1.xs2.nt                          9.00786e-11
x1.xs3.nh                                 2.97
x1.y3                                        0
x1.xs3.nt                         -1.04908e-77
x1.xs4.nh                                 2.97
x1.y4                                     2.97
x1.xs4.nt                          9.00786e-11
x1.xs5.nh                                 2.97
x1.xs5.nt                         -1.04908e-77
x1.nb1                                    2.97
x1.nb2                             2.59559e-09
clk1                                      2.97
x1.xcdec1.c_moscap_int1                  -2.97
x1.xcdec2.c_moscap_int1                  -2.97
x2.xbias.na                           0.848586
x2.xbias.vbpc                          1.89558
x2.xbias.nc                          0.0915767
x2.xbias.xrcg.11                     0.0913775
x2.xbias.xrcg.21                   0.000199222
x2.xbias.nsu                         0.0105058
x2.xbias.vfix                          1.65528
x2.xbias.nmd                          0.714668
x2.xbias.vbp0                          1.96579
x2.xbias.noff                         0.718478
x2.xbias.xroff.11                     0.718205
x2.xbias.xroff.21                  0.000273513
x2.xbias.nvi                          0.390648
x2.xbias.xrdeg.11                       0.3905
x2.xbias.xrdeg.21                  0.000148713
x2.xbias.b0b                              2.97
x2.xbias.b1b                       3.86758e-09
x2.xbias.b2b                       3.86758e-09
x2.xbias.vbn1                         0.691653
x2.xbias.ga                               2.97
x2.xbias.vbp2                          1.92399
x2.xbias.gb                           0.691653
x2.vbn                                0.855701
x2.xbias.gc                            1.92399
x2.vbp                                 1.77917
x2.xs1.nh                              1.47791
x2.y1                                        0
x2.y5                                        0
x2.xs1.nt                          -4.9877e-18
x2.xs2.nh                                 2.97
x2.y2                                     2.97
x2.xs2.nt                          8.01759e-11
x2.xs3.nh                                 2.97
x2.y3                                        0
x2.xs3.nt                          -2.3619e-17
x2.xs4.nh                                 2.97
x2.y4                                     2.97
x2.xs4.nt                          8.01759e-11
x2.xs5.nh                                 2.97
x2.xs5.nt                          -2.3619e-17
x2.nb1                                    2.97
x2.nb2                             2.59559e-09
clk2                                      2.97
x2.xcdec1.c_moscap_int1                  -2.97
x2.xcdec2.c_moscap_int1                  -2.97
x3.xbias.na                           0.848586
x3.xbias.vbpc                          1.89558
x3.xbias.nc                          0.0915767
x3.xbias.xrcg.11                     0.0913775
x3.xbias.xrcg.21                   0.000199222
x3.xbias.nsu                         0.0105058
x3.xbias.vfix                          1.65528
x3.xbias.nmd                          0.714668
x3.xbias.vbp0                          1.95561
x3.xbias.noff                          0.71846
x3.xbias.xroff.11                     0.718186
x3.xbias.xroff.21                  0.000273506
x3.xbias.nvi                          0.604603
x3.xbias.xrdeg.11                     0.604373
x3.xbias.xrdeg.21                  0.000230162
x3.xbias.b0b                              2.97
x3.xbias.b1b                       3.86758e-09
x3.xbias.b2b                       3.86758e-09
x3.xbias.vbn1                         0.700537
x3.xbias.ga                               2.97
x3.xbias.vbp2                          1.91153
x3.xbias.gb                           0.700537
x3.vbn                                0.873629
x3.xbias.gc                            1.91153
x3.vbp                                 1.75564
x3.xs1.nh                              1.49859
x3.y1                                        0
x3.y5                                        0
x3.xs1.nt                          3.71301e-79
x3.xs2.nh                                 2.97
x3.y2                                     2.97
x3.xs2.nt                          7.24679e-11
x3.xs3.nh                                 2.97
x3.y3                                        0
x3.xs3.nt                        -9.05594e-157
x3.xs4.nh                                 2.97
x3.y4                                     2.97
x3.xs4.nt                          7.24679e-11
x3.xs5.nh                                 2.97
x3.xs5.nt                        -9.05594e-157
x3.nb1                                    2.97
x3.nb2                             2.59559e-09
clk3                                      2.97
x3.xcdec1.c_moscap_int1                  -2.97
x3.xcdec2.c_moscap_int1                  -2.97
x4.xbias.na                           0.848586
x4.xbias.vbpc                          1.89558
x4.xbias.nc                          0.0915767
x4.xbias.xrcg.11                     0.0913775
x4.xbias.xrcg.21                   0.000199222
x4.xbias.nsu                         0.0105058
x4.xbias.vfix                          1.65528
x4.xbias.nmd                          0.714668
x4.xbias.vbp0                          1.94619
x4.xbias.noff                         0.718443
x4.xbias.xroff.11                     0.718169
x4.xbias.xroff.21                  0.000273499
x4.xbias.nvi                          0.826069
x4.xbias.xrdeg.11                     0.825754
x4.xbias.xrdeg.21                  0.000314471
x4.xbias.b0b                              2.97
x4.xbias.b1b                       3.86758e-09
x4.xbias.b2b                       3.86758e-09
x4.xbias.vbn1                         0.708642
x4.xbias.ga                               2.97
x4.xbias.vbp2                          1.89987
x4.xbias.gb                           0.708642
x4.vbn                                0.890654
x4.xbias.gc                            1.89987
x4.vbp                                 1.73317
x4.xs1.nh                              1.51837
x4.y1                                        0
x4.y5                                        0
x4.xs1.nt                           4.1457e-89
x4.xs2.nh                                 2.97
x4.y2                                     2.97
x4.xs2.nt                           6.6378e-11
x4.xs3.nh                                 2.97
x4.y3                                        0
x4.xs3.nt                         2.24108e-176
x4.xs4.nh                                 2.97
x4.y4                                     2.97
x4.xs4.nt                           6.6378e-11
x4.xs5.nh                                 2.97
x4.xs5.nt                         2.24098e-176
x4.nb1                                    2.97
x4.nb2                             2.59559e-09
clk4                                      2.97
x4.xcdec1.c_moscap_int1                  -2.97
x4.xcdec2.c_moscap_int1                  -2.97
x5.xbias.na                           0.848586
x5.xbias.vbpc                          1.89558
x5.xbias.nc                          0.0915767
x5.xbias.xrcg.11                     0.0913775
x5.xbias.xrcg.21                   0.000199222
x5.xbias.nsu                         0.0105058
x5.xbias.vfix                          1.65528
x5.xbias.nmd                          0.714668
x5.xbias.vbp0                          1.93742
x5.xbias.noff                         0.718426
x5.xbias.xroff.11                     0.718153
x5.xbias.xroff.21                  0.000273493
x5.xbias.nvi                           1.05307
x5.xbias.xrdeg.11                      1.05267
x5.xbias.xrdeg.21                  0.000400887
x5.xbias.b0b                              2.97
x5.xbias.b1b                       3.86758e-09
x5.xbias.b2b                       3.86758e-09
x5.xbias.vbn1                         0.716088
x5.xbias.ga                               2.97
x5.xbias.vbp2                           1.8889
x5.xbias.gb                           0.716088
x5.vbn                                0.906879
x5.xbias.gc                             1.8889
x5.vbp                                 1.71169
x5.xs1.nh                              1.53731
x5.y1                                        0
x5.y5                                        0
x5.xs1.nt                         -2.37687e-89
x5.xs2.nh                                 2.97
x5.y2                                     2.97
x5.xs2.nt                          6.14529e-11
x5.xs3.nh                                 2.97
x5.y3                                        0
x5.xs3.nt                         3.08458e-176
x5.xs4.nh                                 2.97
x5.y4                                     2.97
x5.xs4.nt                          6.14529e-11
x5.xs5.nh                                 2.97
x5.xs5.nt                         3.08458e-176
x5.nb1                                    2.97
x5.nb2                             2.59559e-09
clk5                                      2.97
x5.xcdec1.c_moscap_int1                  -2.97
x5.xcdec2.c_moscap_int1                  -2.97
x6.xbias.na                           0.848586
x6.xbias.vbpc                          1.89558
x6.xbias.nc                          0.0915767
x6.xbias.xrcg.11                     0.0913775
x6.xbias.xrcg.21                   0.000199222
x6.xbias.nsu                         0.0105058
x6.xbias.vfix                          1.65528
x6.xbias.nmd                          0.714668
x6.xbias.vbp0                           1.9292
x6.xbias.noff                         0.718411
x6.xbias.xroff.11                     0.718138
x6.xbias.xroff.21                  0.000273487
x6.xbias.nvi                           1.28448
x6.xbias.xrdeg.11                      1.28399
x6.xbias.xrdeg.21                  0.000488979
x6.xbias.b0b                              2.97
x6.xbias.b1b                       3.86758e-09
x6.xbias.b2b                       3.86758e-09
x6.xbias.vbn1                         0.722984
x6.xbias.ga                               2.97
x6.xbias.vbp2                          1.87852
x6.xbias.gb                           0.722984
x6.vbn                                0.922417
x6.xbias.gc                            1.87852
x6.vbp                                 1.69111
x6.xs1.nh                              1.55548
x6.y1                                        0
x6.y5                                        0
x6.xs1.nt                         -1.88675e-69
x6.xs2.nh                                 2.97
x6.y2                                     2.97
x6.xs2.nt                          5.73841e-11
x6.xs3.nh                                 2.97
x6.y3                                        0
x6.xs3.nt                         -6.9029e-137
x6.xs4.nh                                 2.97
x6.y4                                     2.97
x6.xs4.nt                          5.73841e-11
x6.xs5.nh                                 2.97
x6.xs5.nt                         -6.9029e-137
x6.nb1                                    2.97
x6.nb2                             2.59559e-09
clk6                                      2.97
x6.xcdec1.c_moscap_int1                  -2.97
x6.xcdec2.c_moscap_int1                  -2.97
x7.xbias.na                           0.848586
x7.xbias.vbpc                          1.89558
x7.xbias.nc                          0.0915767
x7.xbias.xrcg.11                     0.0913775
x7.xbias.xrcg.21                   0.000199222
x7.xbias.nsu                         0.0105058
x7.xbias.vfix                          1.65528
x7.xbias.nmd                          0.714668
x7.xbias.vbp0                          1.92144
x7.xbias.noff                         0.718397
x7.xbias.xroff.11                     0.718124
x7.xbias.xroff.21                  0.000273482
x7.xbias.nvi                           1.51948
x7.xbias.xrdeg.11                       1.5189
x7.xbias.xrdeg.21                  0.000578441
x7.xbias.b0b                              2.97
x7.xbias.b1b                       3.86758e-09
x7.xbias.b2b                       3.86758e-09
x7.xbias.vbn1                         0.729417
x7.xbias.ga                               2.97
x7.xbias.vbp2                          1.86864
x7.xbias.gb                           0.729417
x7.vbn                                0.937365
x7.xbias.gc                            1.86864
x7.vbp                                 1.67133
x7.xs1.nh                              1.57297
x7.y1                                        0
x7.y5                                        0
x7.xs1.nt                          -6.3486e-80
x7.xs2.nh                                 2.97
x7.y2                                     2.97
x7.xs2.nt                          5.39615e-11
x7.xs3.nh                                 2.97
x7.y3                                        0
x7.xs3.nt                         -6.3869e-137
x7.xs4.nh                                 2.97
x7.y4                                     2.97
x7.xs4.nt                          5.39615e-11
x7.xs5.nh                                 2.97
x7.xs5.nt                         -6.3869e-137
x7.nb1                                    2.97
x7.nb2                             2.59559e-09
clk7                                      2.97
x7.xcdec1.c_moscap_int1                  -2.97
x7.xcdec2.c_moscap_int1                  -2.97
e.x7.xcdec2.ec_moscap#branch                 0
e.x7.xcdec1.ec_moscap#branch                 0
e.x6.xcdec2.ec_moscap#branch                 0
e.x6.xcdec1.ec_moscap#branch                 0
e.x5.xcdec2.ec_moscap#branch                 0
e.x5.xcdec1.ec_moscap#branch                 0
e.x4.xcdec2.ec_moscap#branch                 0
e.x4.xcdec1.ec_moscap#branch                 0
e.x3.xcdec2.ec_moscap#branch                 0
e.x3.xcdec1.ec_moscap#branch                 0
e.x2.xcdec2.ec_moscap#branch                 0
e.x2.xcdec1.ec_moscap#branch                 0
e.x1.xcdec2.ec_moscap#branch                 0
e.x1.xcdec1.ec_moscap#branch                 0
vs7#branch                          0.00022372
vs6#branch                         0.000202382
vs5#branch                         0.000181275
vs4#branch                         0.000160461
vs3#branch                         0.000140034
vs2#branch                         0.000120163
vs1#branch                         0.000101273
vv7#branch                                   0
vv6#branch                                   0
vv5#branch                                   0
vv4#branch                                   0
vv3#branch                                   0
vv2#branch                                   0
vv1#branch                                   0
vb2#branch                                   0
vb1#branch                                   0
vb0#branch                                   0
vdd#branch                         -0.00112931


No. of Data Rows : 2504

  Measurements for Transient Analysis

tp1                 =  4.25091e-08 targ=  9.60607e-08 trig=  5.35516e-08
tp2                 =  3.44170e-08 targ=  9.50626e-08 trig=  6.06456e-08
tp3                 =  2.85629e-08 targ=  8.60838e-08 trig=  5.75210e-08
tp4                 =  2.42629e-08 targ=  7.91791e-08 trig=  5.49162e-08
tp5                 =  2.09846e-08 targ=  7.38023e-08 trig=  5.28177e-08
tp6                 =  1.84429e-08 targ=  7.41122e-08 trig=  5.56694e-08
tp7                 =  1.64165e-08 targ=  7.01618e-08 trig=  5.37452e-08
f1                  =  9.40975e+07
f2                  =  1.16222e+08
f3                  =  1.40042e+08
f4                  =  1.64861e+08
f5                  =  1.90616e+08
f6                  =  2.16886e+08
f7                  =  2.43657e+08
i1                  =  1.43526e-04 from=  5.24965e-08 to=  1.44365e-07
i2                  =  1.68008e-04 from=  5.24965e-08 to=  1.44365e-07
i3                  =  1.97150e-04 from=  5.24965e-08 to=  1.44365e-07
i4                  =  2.23755e-04 from=  5.24965e-08 to=  1.44365e-07
i5                  =  2.53594e-04 from=  5.24965e-08 to=  1.44365e-07
i6                  =  2.82647e-04 from=  5.24965e-08 to=  1.44365e-07
i7                  =  3.11587e-04 from=  5.24965e-08 to=  1.44365e-07
sw1hi               =  3.05941e+00 at=  1.38635e-07
sw1lo               =  -1.09178e-01 at=  1.32971e-07
sw7hi               =  3.12828e+00 at=  1.40121e-07
sw7lo               =  -1.51615e-01 at=  1.33813e-07


Total analysis time (seconds) = 243.602

Total elapsed time (seconds) = 250.074 

Total DRAM available = 98304.000 MB.
DRAM currently available =  975.984 MB.
Maximum ngspice program size =   23.828 MB.
Current ngspice program size =   23.828 MB.


======== band 7 :: generated deck (fs_-40c_2.97v) ========
* GENERATED by simenv.sh -- do not edit; edit /Users/rwalters/GitHub/gf180-pll/.loom/worktrees/issue-8/sim/vco-tuning-range/testbench/tb_vco_tuning.sp instead
* tag=fs_Tm40_V2p97_B7 libs=fs,res_typical,moscap_typical temp=-40C
.include "/Users/rwalters/.volare/gf180mcuD/libs.tech/ngspice/design.ngspice"
.lib "/Users/rwalters/.volare/gf180mcuD/libs.tech/ngspice/sm141064.ngspice" fs
.lib "/Users/rwalters/.volare/gf180mcuD/libs.tech/ngspice/sm141064.ngspice" res_typical
.lib "/Users/rwalters/.volare/gf180mcuD/libs.tech/ngspice/sm141064.ngspice" moscap_typical
.temp -40
.param sim_temp=-40
.param vsup=2.97
.param b0v=1*2.97
.param b1v=1*2.97
.param b2v=1*2.97
.param tsettle=3.1816e-08
.param tstop=8.74939e-08
.param tstep=4.22477e-11
.param tmax=4.22477e-11
.include "/Users/rwalters/GitHub/gf180-pll/.loom/worktrees/issue-8/sim/vco-tuning-range/testbench/tb_vco_tuning.sp"
.end

======== band 7 :: ngspice output ========

Note: Compatibility modes selected: hs a

Warning: m=xx on .subckt line will override multiplier m hierarchy!


Circuit: * generated by simenv.sh -- do not edit; edit /users/rwalters/github/gf180-pll/.loom/worktrees/issue-8/sim/vco-tuning-range/testbench/tb_vco_tuning.sp instead

Doing analysis at TEMP = -40.000000 and TNOM = 27.000000

Using SPARSE 1.3 as Direct Linear Solver

Initial Transient Solution
--------------------------

Node                                   Voltage
----                                   -------
vdd                                       2.97
nb0                                       2.97
nb1                                       2.97
nb2                                       2.97
vc1                                        0.9
vc2                                        1.2
vc3                                        1.5
vc4                                        1.8
vc5                                        2.1
vc6                                        2.4
vc7                                        2.7
nv1                                       2.97
nv2                                       2.97
nv3                                       2.97
nv4                                       2.97
nv5                                       2.97
nv6                                       2.97
nv7                                       2.97
x1.xbias.na                           0.848586
x1.xbias.vbpc                          1.89558
x1.xbias.nc                          0.0915767
x1.xbias.xrcg.11                     0.0913775
x1.xbias.xrcg.21                   0.000199222
x1.xbias.nsu                         0.0105058
x1.xbias.vfix                          1.65528
x1.xbias.nmd                          0.714668
x1.xbias.vbp0                          1.97674
x1.xbias.noff                         0.718498
x1.xbias.xroff.11                     0.718225
x1.xbias.xroff.21                   0.00027352
x1.xbias.nvi                          0.188924
x1.xbias.xrdeg.11                     0.188852
x1.xbias.xrdeg.21                  7.19202e-05
x1.xbias.b0b                       3.86758e-09
x1.xbias.b1b                       3.86758e-09
x1.xbias.b2b                       3.86758e-09
x1.xbias.vbn1                         0.707183
x1.xbias.ga                            1.97674
x1.xbias.vbp2                          1.90199
x1.xbias.gb                           0.707183
x1.vbn                                 0.88754
x1.xbias.gc                            1.90199
x1.vbp                                 1.73729
x1.xs1.nh                              1.51475
x1.y1                                        0
x1.y5                                        0
x1.xs1.nt                          -2.2575e-48
x1.xs2.nh                                 2.97
x1.y2                                     2.97
x1.xs2.nt                          6.74151e-11
x1.xs3.nh                                 2.97
x1.y3                                        0
x1.xs3.nt                         1.33126e-139
x1.xs4.nh                                 2.97
x1.y4                                     2.97
x1.xs4.nt                          6.74151e-11
x1.xs5.nh                                 2.97
x1.xs5.nt                         1.33126e-139
x1.nb1                                    2.97
x1.nb2                             2.59559e-09
clk1                                      2.97
x1.xcdec1.c_moscap_int1                  -2.97
x1.xcdec2.c_moscap_int1                  -2.97
x2.xbias.na                           0.848586
x2.xbias.vbpc                          1.89558
x2.xbias.nc                          0.0915767
x2.xbias.xrcg.11                     0.0913775
x2.xbias.xrcg.21                   0.000199222
x2.xbias.nsu                         0.0105058
x2.xbias.vfix                          1.65528
x2.xbias.nmd                          0.714668
x2.xbias.vbp0                          1.96579
x2.xbias.noff                         0.718478
x2.xbias.xroff.11                     0.718205
x2.xbias.xroff.21                  0.000273513
x2.xbias.nvi                          0.390648
x2.xbias.xrdeg.11                       0.3905
x2.xbias.xrdeg.21                  0.000148713
x2.xbias.b0b                       3.86758e-09
x2.xbias.b1b                       3.86758e-09
x2.xbias.b2b                       3.86758e-09
x2.xbias.vbn1                         0.718081
x2.xbias.ga                            1.96579
x2.xbias.vbp2                          1.88592
x2.xbias.gb                           0.718081
x2.vbn                                0.911318
x2.xbias.gc                            1.88592
x2.vbp                                 1.70582
x2.xs1.nh                               1.5425
x2.y1                                        0
x2.y5                                        0
x2.xs1.nt                          5.34111e-49
x2.xs2.nh                                 2.97
x2.y2                                     2.97
x2.xs2.nt                          6.02315e-11
x2.xs3.nh                                 2.97
x2.y3                                        0
x2.xs3.nt                        -3.62075e-117
x2.xs4.nh                                 2.97
x2.y4                                     2.97
x2.xs4.nt                          6.02315e-11
x2.xs5.nh                                 2.97
x2.xs5.nt                        -3.62074e-117
x2.nb1                                    2.97
x2.nb2                             2.59559e-09
clk2                                      2.97
x2.xcdec1.c_moscap_int1                  -2.97
x2.xcdec2.c_moscap_int1                  -2.97
x3.xbias.na                           0.848586
x3.xbias.vbpc                          1.89558
x3.xbias.nc                          0.0915767
x3.xbias.xrcg.11                     0.0913775
x3.xbias.xrcg.21                   0.000199222
x3.xbias.nsu                         0.0105058
x3.xbias.vfix                          1.65528
x3.xbias.nmd                          0.714668
x3.xbias.vbp0                          1.95561
x3.xbias.noff                          0.71846
x3.xbias.xroff.11                     0.718186
x3.xbias.xroff.21                  0.000273506
x3.xbias.nvi                          0.604603
x3.xbias.xrdeg.11                     0.604373
x3.xbias.xrdeg.21                  0.000230162
x3.xbias.b0b                       3.86758e-09
x3.xbias.b1b                       3.86758e-09
x3.xbias.b2b                       3.86758e-09
x3.xbias.vbn1                         0.728145
x3.xbias.ga                            1.95561
x3.xbias.vbp2                          1.87061
x3.xbias.gb                           0.728145
x3.vbn                                0.934374
x3.xbias.gc                            1.87061
x3.vbp                                 1.67529
x3.xs1.nh                              1.56947
x3.y1                                        0
x3.y5                                        0
x3.xs1.nt                          -1.4738e-28
x3.xs2.nh                                 2.97
x3.y2                                     2.97
x3.xs2.nt                           5.4612e-11
x3.xs3.nh                                 2.97
x3.y3                                        0
x3.xs3.nt                         -2.16245e-18
x3.xs4.nh                                 2.97
x3.y4                                     2.97
x3.xs4.nt                           5.4612e-11
x3.xs5.nh                                 2.97
x3.xs5.nt                         -2.16245e-18
x3.nb1                                    2.97
x3.nb2                             2.59559e-09
clk3                                      2.97
x3.xcdec1.c_moscap_int1                  -2.97
x3.xcdec2.c_moscap_int1                  -2.97
x4.xbias.na                           0.848586
x4.xbias.vbpc                          1.89558
x4.xbias.nc                          0.0915767
x4.xbias.xrcg.11                     0.0913775
x4.xbias.xrcg.21                   0.000199222
x4.xbias.nsu                         0.0105058
x4.xbias.vfix                          1.65528
x4.xbias.nmd                          0.714668
x4.xbias.vbp0                          1.94619
x4.xbias.noff                         0.718443
x4.xbias.xroff.11                     0.718169
x4.xbias.xroff.21                  0.000273499
x4.xbias.nvi                          0.826069
x4.xbias.xrdeg.11                     0.825754
x4.xbias.xrdeg.21                  0.000314471
x4.xbias.b0b                       3.86758e-09
x4.xbias.b1b                       3.86758e-09
x4.xbias.b2b                       3.86758e-09
x4.xbias.vbn1                         0.737393
x4.xbias.ga                            1.94619
x4.xbias.vbp2                          1.85615
x4.xbias.gb                           0.737393
x4.vbn                                0.956516
x4.xbias.gc                            1.85615
x4.vbp                                 1.64604
x4.xs1.nh                              1.59535
x4.y1                                        0
x4.y5                                        0
x4.xs1.nt                          -3.7841e-70
x4.xs2.nh                                 2.97
x4.y2                                     2.97
x4.xs2.nt                          5.01544e-11
x4.xs3.nh                                 2.97
x4.y3                                        0
x4.xs3.nt                         -3.06645e-97
x4.xs4.nh                                 2.97
x4.y4                                     2.97
x4.xs4.nt                          5.01544e-11
x4.xs5.nh                                 2.97
x4.xs5.nt                         -3.06644e-97
x4.nb1                                    2.97
x4.nb2                             2.59559e-09
clk4                                      2.97
x4.xcdec1.c_moscap_int1                  -2.97
x4.xcdec2.c_moscap_int1                  -2.97
x5.xbias.na                           0.848586
x5.xbias.vbpc                          1.89558
x5.xbias.nc                          0.0915767
x5.xbias.xrcg.11                     0.0913775
x5.xbias.xrcg.21                   0.000199222
x5.xbias.nsu                         0.0105058
x5.xbias.vfix                          1.65528
x5.xbias.nmd                          0.714668
x5.xbias.vbp0                          1.93742
x5.xbias.noff                         0.718426
x5.xbias.xroff.11                     0.718153
x5.xbias.xroff.21                  0.000273493
x5.xbias.nvi                           1.05307
x5.xbias.xrdeg.11                      1.05267
x5.xbias.xrdeg.21                  0.000400887
x5.xbias.b0b                       3.86758e-09
x5.xbias.b1b                       3.86758e-09
x5.xbias.b2b                       3.86758e-09
x5.xbias.vbn1                         0.745947
x5.xbias.ga                            1.93742
x5.xbias.vbp2                          1.84244
x5.xbias.gb                           0.745947
x5.vbn                                0.977821
x5.xbias.gc                            1.84244
x5.vbp                                 1.61802
x5.xs1.nh                              1.62019
x5.y1                                        0
x5.y5                                        0
x5.xs1.nt                         -8.50428e-50
x5.xs2.nh                                 2.97
x5.y2                                     2.97
x5.xs2.nt                          4.65378e-11
x5.xs3.nh                                 2.97
x5.y3                                        0
x5.xs3.nt                          1.43546e-97
x5.xs4.nh                                 2.97
x5.y4                                     2.97
x5.xs4.nt                          4.65378e-11
x5.xs5.nh                                 2.97
x5.xs5.nt                          1.43546e-97
x5.nb1                                    2.97
x5.nb2                             2.59559e-09
clk5                                      2.97
x5.xcdec1.c_moscap_int1                  -2.97
x5.xcdec2.c_moscap_int1                  -2.97
x6.xbias.na                           0.848586
x6.xbias.vbpc                          1.89558
x6.xbias.nc                          0.0915767
x6.xbias.xrcg.11                     0.0913775
x6.xbias.xrcg.21                   0.000199222
x6.xbias.nsu                         0.0105058
x6.xbias.vfix                          1.65528
x6.xbias.nmd                          0.714668
x6.xbias.vbp0                           1.9292
x6.xbias.noff                         0.718411
x6.xbias.xroff.11                     0.718138
x6.xbias.xroff.21                  0.000273487
x6.xbias.nvi                           1.28448
x6.xbias.xrdeg.11                      1.28399
x6.xbias.xrdeg.21                  0.000488979
x6.xbias.b0b                       3.86758e-09
x6.xbias.b1b                       3.86758e-09
x6.xbias.b2b                       3.86758e-09
x6.xbias.vbn1                         0.753919
x6.xbias.ga                             1.9292
x6.xbias.vbp2                          1.82939
x6.xbias.gb                           0.753919
x6.vbn                                0.998394
x6.xbias.gc                            1.82939
x6.vbp                                 1.59112
x6.xs1.nh                              1.64406
x6.y1                                        0
x6.y5                                        0
x6.xs1.nt                           9.0173e-60
x6.xs2.nh                                 2.97
x6.y2                                     2.97
x6.xs2.nt                          4.35423e-11
x6.xs3.nh                                 2.97
x6.y3                                        0
x6.xs3.nt                         -9.19746e-99
x6.xs4.nh                                 2.97
x6.y4                                     2.97
x6.xs4.nt                          4.35423e-11
x6.xs5.nh                                 2.97
x6.xs5.nt                         -9.19516e-99
x6.nb1                                    2.97
x6.nb2                             2.59559e-09
clk6                                      2.97
x6.xcdec1.c_moscap_int1                  -2.97
x6.xcdec2.c_moscap_int1                  -2.97
x7.xbias.na                           0.848586
x7.xbias.vbpc                          1.89558
x7.xbias.nc                          0.0915767
x7.xbias.xrcg.11                     0.0913775
x7.xbias.xrcg.21                   0.000199222
x7.xbias.nsu                         0.0105058
x7.xbias.vfix                          1.65528
x7.xbias.nmd                          0.714668
x7.xbias.vbp0                          1.92144
x7.xbias.noff                         0.718397
x7.xbias.xroff.11                     0.718124
x7.xbias.xroff.21                  0.000273482
x7.xbias.nvi                           1.51948
x7.xbias.xrdeg.11                       1.5189
x7.xbias.xrdeg.21                  0.000578441
x7.xbias.b0b                       3.86758e-09
x7.xbias.b1b                       3.86758e-09
x7.xbias.b2b                       3.86758e-09
x7.xbias.vbn1                         0.761397
x7.xbias.ga                            1.92144
x7.xbias.vbp2                          1.81692
x7.xbias.gb                           0.761397
x7.vbn                                 1.01833
x7.xbias.gc                            1.81692
x7.vbp                                 1.56521
x7.xs1.nh                              1.66706
x7.y1                                        0
x7.y5                                        0
x7.xs1.nt                         -8.40406e-39
x7.xs2.nh                                 2.97
x7.y2                                     2.97
x7.xs2.nt                          4.10173e-11
x7.xs3.nh                                 2.97
x7.y3                                        0
x7.xs3.nt                         -3.93062e-38
x7.xs4.nh                                 2.97
x7.y4                                     2.97
x7.xs4.nt                          4.10173e-11
x7.xs5.nh                                 2.97
x7.xs5.nt                         -3.93062e-38
x7.nb1                                    2.97
x7.nb2                             2.59559e-09
clk7                                      2.97
x7.xcdec1.c_moscap_int1                  -2.97
x7.xcdec2.c_moscap_int1                  -2.97
e.x7.xcdec2.ec_moscap#branch                 0
e.x7.xcdec1.ec_moscap#branch                 0
e.x6.xcdec2.ec_moscap#branch                 0
e.x6.xcdec1.ec_moscap#branch                 0
e.x5.xcdec2.ec_moscap#branch                 0
e.x5.xcdec1.ec_moscap#branch                 0
e.x4.xcdec2.ec_moscap#branch                 0
e.x4.xcdec1.ec_moscap#branch                 0
e.x3.xcdec2.ec_moscap#branch                 0
e.x3.xcdec1.ec_moscap#branch                 0
e.x2.xcdec2.ec_moscap#branch                 0
e.x2.xcdec1.ec_moscap#branch                 0
e.x1.xcdec2.ec_moscap#branch                 0
e.x1.xcdec1.ec_moscap#branch                 0
vs7#branch                           0.0003425
vs6#branch                         0.000309228
vs5#branch                         0.000276308
vs4#branch                         0.000243844
vs3#branch                         0.000211983
vs2#branch                         0.000180992
vs1#branch                         0.000151541
vv7#branch                                   0
vv6#branch                                   0
vv5#branch                                   0
vv4#branch                                   0
vv3#branch                                   0
vv2#branch                                   0
vv1#branch                                   0
vb2#branch                                   0
vb1#branch                                   0
vb0#branch                                   0
vdd#branch                          -0.0017164


No. of Data Rows : 2379

  Measurements for Transient Analysis

tp1                 =  2.49652e-08 targ=  6.27930e-08 trig=  3.78279e-08
tp2                 =  2.02013e-08 targ=  5.59152e-08 trig=  3.57139e-08
tp3                 =  1.68027e-08 targ=  5.07458e-08 trig=  3.39430e-08
tp4                 =  1.43249e-08 targ=  4.68818e-08 trig=  3.25569e-08
tp5                 =  1.24672e-08 targ=  4.70771e-08 trig=  3.46098e-08
tp6                 =  1.10424e-08 targ=  4.44809e-08 trig=  3.34384e-08
tp7                 =  9.91598e-09 targ=  4.24478e-08 trig=  3.25318e-08
f1                  =  1.60223e+08
f2                  =  1.98007e+08
f3                  =  2.38057e+08
f4                  =  2.79233e+08
f5                  =  3.20841e+08
f6                  =  3.62239e+08
f7                  =  4.03389e+08
i1                  =  2.11615e-04 from=  3.18160e-08 to=  8.74939e-08
i2                  =  2.54053e-04 from=  3.18160e-08 to=  8.74939e-08
i3                  =  2.96220e-04 from=  3.18160e-08 to=  8.74939e-08
i4                  =  3.40163e-04 from=  3.18160e-08 to=  8.74939e-08
i5                  =  3.83229e-04 from=  3.18160e-08 to=  8.74939e-08
i6                  =  4.28675e-04 from=  3.18160e-08 to=  8.74939e-08
i7                  =  4.71850e-04 from=  3.18160e-08 to=  8.74939e-08
sw1hi               =  3.01780e+00 at=  8.43527e-08
sw1lo               =  -9.00559e-02 at=  5.32886e-08
sw7hi               =  3.05864e+00 at=  7.97037e-08
sw7lo               =  -1.38527e-01 at=  7.59198e-08


Total analysis time (seconds) = 202.606

Total elapsed time (seconds) = 209.423 

Total DRAM available = 98304.000 MB.
DRAM currently available = 2284.500 MB.
Maximum ngspice program size =   23.828 MB.
Current ngspice program size =   23.828 MB.


