======== band 0 :: generated deck (fs_27c_2.97v) ========
* GENERATED by simenv.sh -- do not edit; edit /Users/rwalters/GitHub/gf180-pll/.loom/worktrees/issue-8/sim/vco-tuning-range/testbench/tb_vco_tuning.sp instead
* tag=fs_T27_V2p97_B0 libs=fs,res_typical,moscap_typical temp=27C
.include "/Users/rwalters/.volare/gf180mcuD/libs.tech/ngspice/design.ngspice"
.lib "/Users/rwalters/.volare/gf180mcuD/libs.tech/ngspice/sm141064.ngspice" fs
.lib "/Users/rwalters/.volare/gf180mcuD/libs.tech/ngspice/sm141064.ngspice" res_typical
.lib "/Users/rwalters/.volare/gf180mcuD/libs.tech/ngspice/sm141064.ngspice" moscap_typical
.temp 27
.param sim_temp=27
.param vsup=2.97
.param b0v=0*2.97
.param b1v=0*2.97
.param b2v=0*2.97
.param tsettle=7.94502e-07
.param tstop=2.18488e-06
.param tstep=1.055e-09
.param tmax=1.055e-09
.include "/Users/rwalters/GitHub/gf180-pll/.loom/worktrees/issue-8/sim/vco-tuning-range/testbench/tb_vco_tuning.sp"
.end

======== band 0 :: ngspice output ========

Note: Compatibility modes selected: hs a

Warning: m=xx on .subckt line will override multiplier m hierarchy!


Circuit: * generated by simenv.sh -- do not edit; edit /users/rwalters/github/gf180-pll/.loom/worktrees/issue-8/sim/vco-tuning-range/testbench/tb_vco_tuning.sp instead

Doing analysis at TEMP = 27.000000 and TNOM = 27.000000

Using SPARSE 1.3 as Direct Linear Solver

Initial Transient Solution
--------------------------

Node                                   Voltage
----                                   -------
vdd                                       2.97
nb0                                          0
nb1                                          0
nb2                                          0
vc1                                        0.9
vc2                                        1.2
vc3                                        1.5
vc4                                        1.8
vc5                                        2.1
vc6                                        2.4
vc7                                        2.7
nv1                                       2.97
nv2                                       2.97
nv3                                       2.97
nv4                                       2.97
nv5                                       2.97
nv6                                       2.97
nv7                                       2.97
x1.xbias.na                            0.84819
x1.xbias.vbpc                          1.91248
x1.xbias.nc                           0.115509
x1.xbias.xrcg.11                       0.11529
x1.xbias.xrcg.21                   0.000218893
x1.xbias.nsu                        0.00858777
x1.xbias.vfix                          1.55639
x1.xbias.nmd                           0.67066
x1.xbias.vbp0                          2.03697
x1.xbias.noff                          0.68333
x1.xbias.xroff.11                     0.683104
x1.xbias.xroff.21                  0.000226495
x1.xbias.nvi                          0.229319
x1.xbias.xrdeg.11                     0.229243
x1.xbias.xrdeg.21                  7.60094e-05
x1.xbias.b0b                              2.97
x1.xbias.b1b                              2.97
x1.xbias.b2b                              2.97
x1.xbias.vbn1                         0.624862
x1.xbias.ga                               2.97
x1.xbias.vbp2                          2.05762
x1.xbias.gb                        1.16788e-10
x1.vbn                                 0.59174
x1.xbias.gc                               2.97
x1.vbp                                 2.08137
x1.xs1.nh                              1.21905
x1.y1                                        0
x1.y5                                        0
x1.xs1.nt                         -3.46248e-57
x1.xs2.nh                                 2.97
x1.y2                                     2.97
x1.xs2.nt                          3.35095e-07
x1.xs3.nh                                 2.97
x1.y3                                        0
x1.xs3.nt                          1.8264e-116
x1.xs4.nh                                 2.97
x1.y4                                     2.97
x1.xs4.nt                          3.35095e-07
x1.xs5.nh                                 2.97
x1.xs5.nt                          1.8264e-116
x1.nb1                                    2.97
x1.nb2                             3.16349e-09
clk1                                      2.97
x1.xcdec1.c_moscap_int1                  -2.97
x1.xcdec2.c_moscap_int1                  -2.97
x2.xbias.na                            0.84819
x2.xbias.vbpc                          1.91248
x2.xbias.nc                           0.115509
x2.xbias.xrcg.11                       0.11529
x2.xbias.xrcg.21                   0.000218893
x2.xbias.nsu                        0.00858777
x2.xbias.vfix                          1.55639
x2.xbias.nmd                           0.67066
x2.xbias.vbp0                          2.02346
x2.xbias.noff                         0.683307
x2.xbias.xroff.11                      0.68308
x2.xbias.xroff.21                  0.000226487
x2.xbias.nvi                          0.430234
x2.xbias.xrdeg.11                     0.430091
x2.xbias.xrdeg.21                  0.000142604
x2.xbias.b0b                              2.97
x2.xbias.b1b                              2.97
x2.xbias.b2b                              2.97
x2.xbias.vbn1                         0.636361
x2.xbias.ga                               2.97
x2.xbias.vbp2                          2.04559
x2.xbias.gb                        1.17055e-10
x2.vbn                                0.601293
x2.xbias.gc                               2.97
x2.vbp                                 2.07103
x2.xs1.nh                              1.22776
x2.y1                                        0
x2.y5                                        0
x2.xs1.nt                          5.84515e-63
x2.xs2.nh                                 2.97
x2.y2                                     2.97
x2.xs2.nt                          2.87839e-07
x2.xs3.nh                                 2.97
x2.y3                                        0
x2.xs3.nt                         1.21142e-127
x2.xs4.nh                                 2.97
x2.y4                                     2.97
x2.xs4.nt                          2.87839e-07
x2.xs5.nh                                 2.97
x2.xs5.nt                         1.21142e-127
x2.nb1                                    2.97
x2.nb2                             3.16349e-09
clk2                                      2.97
x2.xcdec1.c_moscap_int1                  -2.97
x2.xcdec2.c_moscap_int1                  -2.97
x3.xbias.na                            0.84819
x3.xbias.vbpc                          1.91248
x3.xbias.nc                           0.115509
x3.xbias.xrcg.11                       0.11529
x3.xbias.xrcg.21                   0.000218893
x3.xbias.nsu                        0.00858777
x3.xbias.vfix                          1.55639
x3.xbias.nmd                           0.67066
x3.xbias.vbp0                          2.01095
x3.xbias.noff                         0.683285
x3.xbias.xroff.11                     0.683059
x3.xbias.xroff.21                   0.00022648
x3.xbias.nvi                          0.642504
x3.xbias.xrdeg.11                     0.642291
x3.xbias.xrdeg.21                  0.000212963
x3.xbias.b0b                              2.97
x3.xbias.b1b                              2.97
x3.xbias.b2b                              2.97
x3.xbias.vbn1                         0.646901
x3.xbias.ga                               2.97
x3.xbias.vbp2                          2.03456
x3.xbias.gb                        1.17299e-10
x3.vbn                                0.609909
x3.xbias.gc                               2.97
x3.vbp                                 2.06164
x3.xs1.nh                              1.23568
x3.y1                                        0
x3.y5                                        0
x3.xs1.nt                          8.58507e-64
x3.xs2.nh                                 2.97
x3.y2                                     2.97
x3.xs2.nt                          2.52544e-07
x3.xs3.nh                                 2.97
x3.y3                                        0
x3.xs3.nt                        -1.47885e-115
x3.xs4.nh                                 2.97
x3.y4                                     2.97
x3.xs4.nt                          2.52544e-07
x3.xs5.nh                                 2.97
x3.xs5.nt                        -1.47885e-115
x3.nb1                                    2.97
x3.nb2                             3.16349e-09
clk3                                      2.97
x3.xcdec1.c_moscap_int1                  -2.97
x3.xcdec2.c_moscap_int1                  -2.97
x4.xbias.na                            0.84819
x4.xbias.vbpc                          1.91248
x4.xbias.nc                           0.115509
x4.xbias.xrcg.11                       0.11529
x4.xbias.xrcg.21                   0.000218893
x4.xbias.nsu                        0.00858777
x4.xbias.vfix                          1.55639
x4.xbias.nmd                           0.67066
x4.xbias.vbp0                           1.9994
x4.xbias.noff                         0.683265
x4.xbias.xroff.11                     0.683039
x4.xbias.xroff.21                  0.000226473
x4.xbias.nvi                          0.861964
x4.xbias.xrdeg.11                     0.861678
x4.xbias.xrdeg.21                  0.000285704
x4.xbias.b0b                              2.97
x4.xbias.b1b                              2.97
x4.xbias.b2b                              2.97
x4.xbias.vbn1                          0.65655
x4.xbias.ga                               2.97
x4.xbias.vbp2                          2.02444
x4.xbias.gb                        1.17521e-10
x4.vbn                                0.617682
x4.xbias.gc                               2.97
x4.vbp                                 2.05312
x4.xs1.nh                              1.24288
x4.y1                                        0
x4.y5                                        0
x4.xs1.nt                         -1.04017e-15
x4.xs2.nh                                 2.97
x4.y2                                     2.97
x4.xs2.nt                          2.25572e-07
x4.xs3.nh                                 2.97
x4.y3                                        0
x4.xs3.nt                          5.90773e-20
x4.xs4.nh                                 2.97
x4.y4                                     2.97
x4.xs4.nt                          2.25572e-07
x4.xs5.nh                                 2.97
x4.xs5.nt                          5.90773e-20
x4.nb1                                    2.97
x4.nb2                             3.16349e-09
clk4                                      2.97
x4.xcdec1.c_moscap_int1                  -2.97
x4.xcdec2.c_moscap_int1                  -2.97
x5.xbias.na                            0.84819
x5.xbias.vbpc                          1.91248
x5.xbias.nc                           0.115509
x5.xbias.xrcg.11                       0.11529
x5.xbias.xrcg.21                   0.000218893
x5.xbias.nsu                        0.00858777
x5.xbias.vfix                          1.55639
x5.xbias.nmd                           0.67066
x5.xbias.vbp0                          1.98867
x5.xbias.noff                         0.683247
x5.xbias.xroff.11                      0.68302
x5.xbias.xroff.21                  0.000226467
x5.xbias.nvi                           1.08677
x5.xbias.xrdeg.11                      1.08641
x5.xbias.xrdeg.21                  0.000360219
x5.xbias.b0b                              2.97
x5.xbias.b1b                              2.97
x5.xbias.b2b                              2.97
x5.xbias.vbn1                         0.665451
x5.xbias.ga                               2.97
x5.xbias.vbp2                          2.01509
x5.xbias.gb                        1.17726e-10
x5.vbn                                0.624755
x5.xbias.gc                               2.97
x5.vbp                                 2.04532
x5.xs1.nh                              1.24949
x5.y1                                        0
x5.y5                                        0
x5.xs1.nt                          -7.6377e-44
x5.xs2.nh                                 2.97
x5.y2                                     2.97
x5.xs2.nt                          2.04374e-07
x5.xs3.nh                                 2.97
x5.y3                                        0
x5.xs3.nt                          1.17704e-86
x5.xs4.nh                                 2.97
x5.y4                                     2.97
x5.xs4.nt                          2.04374e-07
x5.xs5.nh                                 2.97
x5.xs5.nt                          1.17704e-86
x5.nb1                                    2.97
x5.nb2                             3.16349e-09
clk5                                      2.97
x5.xcdec1.c_moscap_int1                  -2.97
x5.xcdec2.c_moscap_int1                  -2.97
x6.xbias.na                            0.84819
x6.xbias.vbpc                          1.91248
x6.xbias.nc                           0.115509
x6.xbias.xrcg.11                       0.11529
x6.xbias.xrcg.21                   0.000218893
x6.xbias.nsu                        0.00858777
x6.xbias.vfix                          1.55639
x6.xbias.nmd                           0.67066
x6.xbias.vbp0                          1.97861
x6.xbias.noff                         0.683229
x6.xbias.xroff.11                     0.683003
x6.xbias.xroff.21                  0.000226461
x6.xbias.nvi                           1.31586
x6.xbias.xrdeg.11                      1.31542
x6.xbias.xrdeg.21                  0.000436151
x6.xbias.b0b                              2.97
x6.xbias.b1b                              2.97
x6.xbias.b2b                              2.97
x6.xbias.vbn1                         0.673728
x6.xbias.ga                               2.97
x6.xbias.vbp2                          2.00639
x6.xbias.gb                        1.17917e-10
x6.vbn                                0.631252
x6.xbias.gc                               2.97
x6.vbp                                 2.03812
x6.xs1.nh                              1.25559
x6.y1                                        0
x6.y5                                        0
x6.xs1.nt                           -5.294e-44
x6.xs2.nh                                 2.97
x6.y2                                     2.97
x6.xs2.nt                          1.87294e-07
x6.xs3.nh                                 2.97
x6.y3                                        0
x6.xs3.nt                          7.22025e-87
x6.xs4.nh                                 2.97
x6.y4                                     2.97
x6.xs4.nt                          1.87294e-07
x6.xs5.nh                                 2.97
x6.xs5.nt                          7.22025e-87
x6.nb1                                    2.97
x6.nb2                             3.16349e-09
clk6                                      2.97
x6.xcdec1.c_moscap_int1                  -2.97
x6.xcdec2.c_moscap_int1                  -2.97
x7.xbias.na                            0.84819
x7.xbias.vbpc                          1.91248
x7.xbias.nc                           0.115509
x7.xbias.xrcg.11                       0.11529
x7.xbias.xrcg.21                   0.000218893
x7.xbias.nsu                        0.00858777
x7.xbias.vfix                          1.55639
x7.xbias.nmd                           0.67066
x7.xbias.vbp0                          1.96913
x7.xbias.noff                         0.683213
x7.xbias.xroff.11                     0.682986
x7.xbias.xroff.21                  0.000226456
x7.xbias.nvi                           1.54843
x7.xbias.xrdeg.11                      1.54792
x7.xbias.xrdeg.21                  0.000513239
x7.xbias.b0b                              2.97
x7.xbias.b1b                              2.97
x7.xbias.b2b                              2.97
x7.xbias.vbn1                         0.681478
x7.xbias.ga                               2.97
x7.xbias.vbp2                          1.99823
x7.xbias.gb                        1.18094e-10
x7.vbn                                0.637266
x7.xbias.gc                               2.97
x7.vbp                                 2.03143
x7.xs1.nh                              1.26128
x7.y1                                        0
x7.y5                                        0
x7.xs1.nt                          8.43601e-45
x7.xs2.nh                                 2.97
x7.y2                                     2.97
x7.xs2.nt                          1.73242e-07
x7.xs3.nh                                 2.97
x7.y3                                        0
x7.xs3.nt                          1.68573e-87
x7.xs4.nh                                 2.97
x7.y4                                     2.97
x7.xs4.nt                          1.73242e-07
x7.xs5.nh                                 2.97
x7.xs5.nt                          1.68573e-87
x7.nb1                                    2.97
x7.nb2                             3.16349e-09
clk7                                      2.97
x7.xcdec1.c_moscap_int1                  -2.97
x7.xcdec2.c_moscap_int1                  -2.97
e.x7.xcdec2.ec_moscap#branch                 0
e.x7.xcdec1.ec_moscap#branch                 0
e.x6.xcdec2.ec_moscap#branch                 0
e.x6.xcdec1.ec_moscap#branch                 0
e.x5.xcdec2.ec_moscap#branch                 0
e.x5.xcdec1.ec_moscap#branch                 0
e.x4.xcdec2.ec_moscap#branch                 0
e.x4.xcdec1.ec_moscap#branch                 0
e.x3.xcdec2.ec_moscap#branch                 0
e.x3.xcdec1.ec_moscap#branch                 0
e.x2.xcdec2.ec_moscap#branch                 0
e.x2.xcdec1.ec_moscap#branch                 0
e.x1.xcdec2.ec_moscap#branch                 0
e.x1.xcdec1.ec_moscap#branch                 0
vs7#branch                          6.1835e-05
vs6#branch                         5.70488e-05
vs5#branch                         5.23252e-05
vs4#branch                         4.76793e-05
vs3#branch                         4.31322e-05
vs2#branch                         3.87207e-05
vs1#branch                           3.453e-05
vv7#branch                                   0
vv6#branch                                   0
vv5#branch                                   0
vv4#branch                                   0
vv3#branch                                   0
vv2#branch                                   0
vv1#branch                                   0
vb2#branch                                   0
vb1#branch                                   0
vb0#branch                                   0
vdd#branch                        -0.000335271


No. of Data Rows : 2824

  Measurements for Transient Analysis

tp1                 =  8.93812e-07 targ=  1.78832e-06 trig=  8.94513e-07
tp2                 =  7.37768e-07 targ=  1.66046e-06 trig=  9.22690e-07
tp3                 =  6.24026e-07 targ=  1.55944e-06 trig=  9.35413e-07
tp4                 =  5.37121e-07 targ=  1.34371e-06 trig=  8.06586e-07
tp5                 =  4.70802e-07 targ=  1.29541e-06 trig=  8.24606e-07
tp6                 =  4.18009e-07 targ=  1.25445e-06 trig=  8.36437e-07
tp7                 =  3.75601e-07 targ=  1.22057e-06 trig=  8.44972e-07
f1                  =  4.47521e+06
f2                  =  5.42176e+06
f3                  =  6.40999e+06
f4                  =  7.44712e+06
f5                  =  8.49614e+06
f6                  =  9.56917e+06
f7                  =  1.06496e+07
i1                  =  4.37286e-05 from=  7.94502e-07 to=  2.18488e-06
i2                  =  4.83628e-05 from=  7.94502e-07 to=  2.18488e-06
i3                  =  5.27266e-05 from=  7.94502e-07 to=  2.18488e-06
i4                  =  5.83852e-05 from=  7.94502e-07 to=  2.18488e-06
i5                  =  6.39499e-05 from=  7.94502e-07 to=  2.18488e-06
i6                  =  6.82797e-05 from=  7.94502e-07 to=  2.18488e-06
i7                  =  7.44553e-05 from=  7.94502e-07 to=  2.18488e-06
sw1hi               =  3.01637e+00 at=  1.34317e-06
sw1lo               =  -4.02026e-02 at=  2.11399e-06
sw7hi               =  3.05012e+00 at=  1.40855e-06
sw7lo               =  -7.23646e-02 at=  8.88268e-07


Total analysis time (seconds) = 297.038

Total elapsed time (seconds) = 306.092 

Total DRAM available = 98304.000 MB.
DRAM currently available = 1598.828 MB.
Maximum ngspice program size =   24.219 MB.
Current ngspice program size =   24.219 MB.


======== band 1 :: generated deck (fs_27c_2.97v) ========
* GENERATED by simenv.sh -- do not edit; edit /Users/rwalters/GitHub/gf180-pll/.loom/worktrees/issue-8/sim/vco-tuning-range/testbench/tb_vco_tuning.sp instead
* tag=fs_T27_V2p97_B1 libs=fs,res_typical,moscap_typical temp=27C
.include "/Users/rwalters/.volare/gf180mcuD/libs.tech/ngspice/design.ngspice"
.lib "/Users/rwalters/.volare/gf180mcuD/libs.tech/ngspice/sm141064.ngspice" fs
.lib "/Users/rwalters/.volare/gf180mcuD/libs.tech/ngspice/sm141064.ngspice" res_typical
.lib "/Users/rwalters/.volare/gf180mcuD/libs.tech/ngspice/sm141064.ngspice" moscap_typical
.temp 27
.param sim_temp=27
.param vsup=2.97
.param b0v=1*2.97
.param b1v=0*2.97
.param b2v=0*2.97
.param tsettle=4.81516e-07
.param tstop=1.32417e-06
.param tstep=6.39393e-10
.param tmax=6.39393e-10
.include "/Users/rwalters/GitHub/gf180-pll/.loom/worktrees/issue-8/sim/vco-tuning-range/testbench/tb_vco_tuning.sp"
.end

======== band 1 :: ngspice output ========

Note: Compatibility modes selected: hs a

Warning: m=xx on .subckt line will override multiplier m hierarchy!


Circuit: * generated by simenv.sh -- do not edit; edit /users/rwalters/github/gf180-pll/.loom/worktrees/issue-8/sim/vco-tuning-range/testbench/tb_vco_tuning.sp instead

Doing analysis at TEMP = 27.000000 and TNOM = 27.000000

Using SPARSE 1.3 as Direct Linear Solver

Initial Transient Solution
--------------------------

Node                                   Voltage
----                                   -------
vdd                                       2.97
nb0                                       2.97
nb1                                          0
nb2                                          0
vc1                                        0.9
vc2                                        1.2
vc3                                        1.5
vc4                                        1.8
vc5                                        2.1
vc6                                        2.4
vc7                                        2.7
nv1                                       2.97
nv2                                       2.97
nv3                                       2.97
nv4                                       2.97
nv5                                       2.97
nv6                                       2.97
nv7                                       2.97
x1.xbias.na                            0.84819
x1.xbias.vbpc                          1.91248
x1.xbias.nc                           0.115509
x1.xbias.xrcg.11                       0.11529
x1.xbias.xrcg.21                   0.000218893
x1.xbias.nsu                        0.00858777
x1.xbias.vfix                          1.55639
x1.xbias.nmd                           0.67066
x1.xbias.vbp0                          2.03697
x1.xbias.noff                          0.68333
x1.xbias.xroff.11                     0.683104
x1.xbias.xroff.21                  0.000226495
x1.xbias.nvi                          0.229319
x1.xbias.xrdeg.11                     0.229243
x1.xbias.xrdeg.21                  7.60094e-05
x1.xbias.b0b                       4.70114e-09
x1.xbias.b1b                              2.97
x1.xbias.b2b                              2.97
x1.xbias.vbn1                         0.655102
x1.xbias.ga                            2.03697
x1.xbias.vbp2                          2.02596
x1.xbias.gb                        1.17488e-10
x1.vbn                                0.616522
x1.xbias.gc                               2.97
x1.vbp                                 2.05439
x1.xs1.nh                              1.24181
x1.y1                                        0
x1.y5                                        0
x1.xs1.nt                         -1.40504e-24
x1.xs2.nh                                 2.97
x1.y2                                     2.97
x1.xs2.nt                          2.29338e-07
x1.xs3.nh                                 2.97
x1.y3                                        0
x1.xs3.nt                          -3.7311e-46
x1.xs4.nh                                 2.97
x1.y4                                     2.97
x1.xs4.nt                          2.29338e-07
x1.xs5.nh                                 2.97
x1.xs5.nt                          -3.7311e-46
x1.nb1                                    2.97
x1.nb2                             3.16349e-09
clk1                                      2.97
x1.xcdec1.c_moscap_int1                  -2.97
x1.xcdec2.c_moscap_int1                  -2.97
x2.xbias.na                            0.84819
x2.xbias.vbpc                          1.91248
x2.xbias.nc                           0.115509
x2.xbias.xrcg.11                       0.11529
x2.xbias.xrcg.21                   0.000218893
x2.xbias.nsu                        0.00858777
x2.xbias.vfix                          1.55639
x2.xbias.nmd                           0.67066
x2.xbias.vbp0                          2.02346
x2.xbias.noff                         0.683307
x2.xbias.xroff.11                      0.68308
x2.xbias.xroff.21                  0.000226487
x2.xbias.nvi                          0.430234
x2.xbias.xrdeg.11                     0.430091
x2.xbias.xrdeg.21                  0.000142604
x2.xbias.b0b                       4.70114e-09
x2.xbias.b1b                              2.97
x2.xbias.b2b                              2.97
x2.xbias.vbn1                         0.668158
x2.xbias.ga                            2.02346
x2.xbias.vbp2                          2.01225
x2.xbias.gb                        1.17788e-10
x2.vbn                                0.626889
x2.xbias.gc                               2.97
x2.vbp                                 2.04296
x2.xs1.nh                              1.25149
x2.y1                                        0
x2.y5                                        0
x2.xs1.nt                          4.54243e-25
x2.xs2.nh                                 2.97
x2.y2                                     2.97
x2.xs2.nt                           1.9853e-07
x2.xs3.nh                                 2.97
x2.y3                                        0
x2.xs3.nt                         -4.77534e-47
x2.xs4.nh                                 2.97
x2.y4                                     2.97
x2.xs4.nt                           1.9853e-07
x2.xs5.nh                                 2.97
x2.xs5.nt                         -4.77534e-47
x2.nb1                                    2.97
x2.nb2                             3.16349e-09
clk2                                      2.97
x2.xcdec1.c_moscap_int1                  -2.97
x2.xcdec2.c_moscap_int1                  -2.97
x3.xbias.na                            0.84819
x3.xbias.vbpc                          1.91248
x3.xbias.nc                           0.115509
x3.xbias.xrcg.11                       0.11529
x3.xbias.xrcg.21                   0.000218893
x3.xbias.nsu                        0.00858777
x3.xbias.vfix                          1.55639
x3.xbias.nmd                           0.67066
x3.xbias.vbp0                          2.01095
x3.xbias.noff                         0.683285
x3.xbias.xroff.11                     0.683059
x3.xbias.xroff.21                   0.00022648
x3.xbias.nvi                          0.642504
x3.xbias.xrdeg.11                     0.642291
x3.xbias.xrdeg.21                  0.000212963
x3.xbias.b0b                       4.70114e-09
x3.xbias.b1b                              2.97
x3.xbias.b2b                              2.97
x3.xbias.vbn1                          0.68025
x3.xbias.ga                            2.01095
x3.xbias.vbp2                          1.99952
x3.xbias.gb                        1.18066e-10
x3.vbn                                0.636317
x3.xbias.gc                               2.97
x3.vbp                                 2.03249
x3.xs1.nh                              1.26038
x3.y1                                        0
x3.y5                                        0
x3.xs1.nt                          3.83839e-25
x3.xs2.nh                                 2.97
x3.y2                                     2.97
x3.xs2.nt                          1.75356e-07
x3.xs3.nh                                 2.97
x3.y3                                        0
x3.xs3.nt                           3.8027e-60
x3.xs4.nh                                 2.97
x3.y4                                     2.97
x3.xs4.nt                          1.75356e-07
x3.xs5.nh                                 2.97
x3.xs5.nt                           3.8027e-60
x3.nb1                                    2.97
x3.nb2                             3.16349e-09
clk3                                      2.97
x3.xcdec1.c_moscap_int1                  -2.97
x3.xcdec2.c_moscap_int1                  -2.97
x4.xbias.na                            0.84819
x4.xbias.vbpc                          1.91248
x4.xbias.nc                           0.115509
x4.xbias.xrcg.11                       0.11529
x4.xbias.xrcg.21                   0.000218893
x4.xbias.nsu                        0.00858777
x4.xbias.vfix                          1.55639
x4.xbias.nmd                           0.67066
x4.xbias.vbp0                           1.9994
x4.xbias.noff                         0.683265
x4.xbias.xroff.11                     0.683039
x4.xbias.xroff.21                  0.000226473
x4.xbias.nvi                          0.861964
x4.xbias.xrdeg.11                     0.861678
x4.xbias.xrdeg.21                  0.000285704
x4.xbias.b0b                       4.70114e-09
x4.xbias.b1b                              2.97
x4.xbias.b2b                              2.97
x4.xbias.vbn1                          0.69142
x4.xbias.ga                             1.9994
x4.xbias.vbp2                          1.98775
x4.xbias.gb                        1.18322e-10
x4.vbn                                0.644887
x4.xbias.gc                               2.97
x4.vbp                                  2.0229
x4.xs1.nh                              1.26853
x4.y1                                        0
x4.y5                                        0
x4.xs1.nt                          2.81496e-25
x4.xs2.nh                                 2.97
x4.y2                                     2.97
x4.xs2.nt                          1.57533e-07
x4.xs3.nh                                 2.97
x4.y3                                        0
x4.xs3.nt                         -8.49968e-47
x4.xs4.nh                                 2.97
x4.y4                                     2.97
x4.xs4.nt                          1.57533e-07
x4.xs5.nh                                 2.97
x4.xs5.nt                         -8.49968e-47
x4.nb1                                    2.97
x4.nb2                             3.16349e-09
clk4                                      2.97
x4.xcdec1.c_moscap_int1                  -2.97
x4.xcdec2.c_moscap_int1                  -2.97
x5.xbias.na                            0.84819
x5.xbias.vbpc                          1.91248
x5.xbias.nc                           0.115509
x5.xbias.xrcg.11                       0.11529
x5.xbias.xrcg.21                   0.000218893
x5.xbias.nsu                        0.00858777
x5.xbias.vfix                          1.55639
x5.xbias.nmd                           0.67066
x5.xbias.vbp0                          1.98867
x5.xbias.noff                         0.683247
x5.xbias.xroff.11                      0.68302
x5.xbias.xroff.21                  0.000226467
x5.xbias.nvi                           1.08677
x5.xbias.xrdeg.11                      1.08641
x5.xbias.xrdeg.21                  0.000360219
x5.xbias.b0b                       4.70114e-09
x5.xbias.b1b                              2.97
x5.xbias.b2b                              2.97
x5.xbias.vbn1                         0.701806
x5.xbias.ga                            1.98867
x5.xbias.vbp2                          1.97677
x5.xbias.gb                         1.1856e-10
x5.vbn                                 0.65274
x5.xbias.gc                               2.97
x5.vbp                                 2.01405
x5.xs1.nh                              1.27607
x5.y1                                        0
x5.y5                                        0
x5.xs1.nt                          2.11732e-25
x5.xs2.nh                                 2.97
x5.y2                                     2.97
x5.xs2.nt                          1.43445e-07
x5.xs3.nh                                 2.97
x5.y3                                        0
x5.xs3.nt                         -5.32016e-46
x5.xs4.nh                                 2.97
x5.y4                                     2.97
x5.xs4.nt                          1.43445e-07
x5.xs5.nh                                 2.97
x5.xs5.nt                         -5.32016e-46
x5.nb1                                    2.97
x5.nb2                             3.16349e-09
clk5                                      2.97
x5.xcdec1.c_moscap_int1                  -2.97
x5.xcdec2.c_moscap_int1                  -2.97
x6.xbias.na                            0.84819
x6.xbias.vbpc                          1.91248
x6.xbias.nc                           0.115509
x6.xbias.xrcg.11                       0.11529
x6.xbias.xrcg.21                   0.000218893
x6.xbias.nsu                        0.00858777
x6.xbias.vfix                          1.55639
x6.xbias.nmd                           0.67066
x6.xbias.vbp0                          1.97861
x6.xbias.noff                         0.683229
x6.xbias.xroff.11                     0.683003
x6.xbias.xroff.21                  0.000226461
x6.xbias.nvi                           1.31586
x6.xbias.xrdeg.11                      1.31542
x6.xbias.xrdeg.21                  0.000436151
x6.xbias.b0b                       4.70114e-09
x6.xbias.b1b                              2.97
x6.xbias.b2b                              2.97
x6.xbias.vbn1                         0.711534
x6.xbias.ga                            1.97861
x6.xbias.vbp2                          1.96648
x6.xbias.gb                        1.18782e-10
x6.vbn                                0.659998
x6.xbias.gc                               2.97
x6.vbp                                 2.00582
x6.xs1.nh                              1.28309
x6.y1                                        0
x6.y5                                        0
x6.xs1.nt                         -3.85799e-25
x6.xs2.nh                                 2.97
x6.y2                                     2.97
x6.xs2.nt                          1.32035e-07
x6.xs3.nh                                 2.97
x6.y3                                        0
x6.xs3.nt                         -4.53718e-60
x6.xs4.nh                                 2.97
x6.y4                                     2.97
x6.xs4.nt                          1.32035e-07
x6.xs5.nh                                 2.97
x6.xs5.nt                         -4.53718e-60
x6.nb1                                    2.97
x6.nb2                             3.16349e-09
clk6                                      2.97
x6.xcdec1.c_moscap_int1                  -2.97
x6.xcdec2.c_moscap_int1                  -2.97
x7.xbias.na                            0.84819
x7.xbias.vbpc                          1.91248
x7.xbias.nc                           0.115509
x7.xbias.xrcg.11                       0.11529
x7.xbias.xrcg.21                   0.000218893
x7.xbias.nsu                        0.00858777
x7.xbias.vfix                          1.55639
x7.xbias.nmd                           0.67066
x7.xbias.vbp0                          1.96913
x7.xbias.noff                         0.683213
x7.xbias.xroff.11                     0.682986
x7.xbias.xroff.21                  0.000226456
x7.xbias.nvi                           1.54843
x7.xbias.xrdeg.11                      1.54792
x7.xbias.xrdeg.21                  0.000513239
x7.xbias.b0b                       4.70114e-09
x7.xbias.b1b                              2.97
x7.xbias.b2b                              2.97
x7.xbias.vbn1                         0.720702
x7.xbias.ga                            1.96913
x7.xbias.vbp2                          1.95675
x7.xbias.gb                        1.18991e-10
x7.vbn                                0.666758
x7.xbias.gc                               2.97
x7.vbp                                 1.99811
x7.xs1.nh                              1.28968
x7.y1                                        0
x7.y5                                        0
x7.xs1.nt                         -1.14475e-25
x7.xs2.nh                                 2.97
x7.y2                                     2.97
x7.xs2.nt                          1.22604e-07
x7.xs3.nh                                 2.97
x7.y3                                        0
x7.xs3.nt                         -1.40861e-46
x7.xs4.nh                                 2.97
x7.y4                                     2.97
x7.xs4.nt                          1.22604e-07
x7.xs5.nh                                 2.97
x7.xs5.nt                         -1.40861e-46
x7.nb1                                    2.97
x7.nb2                             3.16349e-09
clk7                                      2.97
x7.xcdec1.c_moscap_int1                  -2.97
x7.xcdec2.c_moscap_int1                  -2.97
e.x7.xcdec2.ec_moscap#branch                 0
e.x7.xcdec1.ec_moscap#branch                 0
e.x6.xcdec2.ec_moscap#branch                 0
e.x6.xcdec1.ec_moscap#branch                 0
e.x5.xcdec2.ec_moscap#branch                 0
e.x5.xcdec1.ec_moscap#branch                 0
e.x4.xcdec2.ec_moscap#branch                 0
e.x4.xcdec1.ec_moscap#branch                 0
e.x3.xcdec2.ec_moscap#branch                 0
e.x3.xcdec1.ec_moscap#branch                 0
e.x2.xcdec2.ec_moscap#branch                 0
e.x2.xcdec1.ec_moscap#branch                 0
e.x1.xcdec2.ec_moscap#branch                 0
e.x1.xcdec1.ec_moscap#branch                 0
vs7#branch                         7.76742e-05
vs6#branch                         7.12869e-05
vs5#branch                          6.4982e-05
vs4#branch                         5.87795e-05
vs3#branch                         5.27072e-05
vs2#branch                         4.68139e-05
vs1#branch                         4.12135e-05
vv7#branch                                   0
vv6#branch                                   0
vv5#branch                                   0
vv4#branch                                   0
vv3#branch                                   0
vv2#branch                                   0
vv1#branch                                   0
vb2#branch                                   0
vb1#branch                                   0
vb0#branch                                   0
vdd#branch                        -0.000413457


No. of Data Rows : 2777

  Measurements for Transient Analysis

tp1                 =  5.48815e-07 targ=  1.09892e-06 trig=  5.50107e-07
tp2                 =  4.52607e-07 targ=  1.01911e-06 trig=  5.66508e-07
tp3                 =  3.81218e-07 targ=  9.54524e-07 trig=  5.73307e-07
tp4                 =  3.28182e-07 targ=  8.21535e-07 trig=  4.93353e-07
tp5                 =  2.87400e-07 targ=  7.90322e-07 trig=  5.02922e-07
tp6                 =  2.54476e-07 targ=  7.64340e-07 trig=  5.09864e-07
tp7                 =  2.28271e-07 targ=  7.41912e-07 trig=  5.13640e-07
f1                  =  7.28843e+06
f2                  =  8.83769e+06
f3                  =  1.04927e+07
f4                  =  1.21884e+07
f5                  =  1.39179e+07
f6                  =  1.57186e+07
f7                  =  1.75230e+07
i1                  =  5.13042e-05 from=  4.81516e-07 to=  1.32417e-06
i2                  =  5.75888e-05 from=  4.81516e-07 to=  1.32417e-06
i3                  =  6.46723e-05 from=  4.81516e-07 to=  1.32417e-06
i4                  =  7.18483e-05 from=  4.81516e-07 to=  1.32417e-06
i5                  =  7.88682e-05 from=  4.81516e-07 to=  1.32417e-06
i6                  =  8.55659e-05 from=  4.81516e-07 to=  1.32417e-06
i7                  =  9.36447e-05 from=  4.81516e-07 to=  1.32417e-06
sw1hi               =  3.04396e+00 at=  6.87881e-07
sw1lo               =  -9.37205e-02 at=  1.29880e-06
sw7hi               =  3.05942e+00 at=  1.25561e-06
sw7lo               =  -9.78491e-02 at=  8.25318e-07


Total analysis time (seconds) = 286.771

Total elapsed time (seconds) = 295.200 

Total DRAM available = 98304.000 MB.
DRAM currently available = 3213.156 MB.
Maximum ngspice program size =   24.219 MB.
Current ngspice program size =   24.219 MB.


======== band 2 :: generated deck (fs_27c_2.97v) ========
* GENERATED by simenv.sh -- do not edit; edit /Users/rwalters/GitHub/gf180-pll/.loom/worktrees/issue-8/sim/vco-tuning-range/testbench/tb_vco_tuning.sp instead
* tag=fs_T27_V2p97_B2 libs=fs,res_typical,moscap_typical temp=27C
.include "/Users/rwalters/.volare/gf180mcuD/libs.tech/ngspice/design.ngspice"
.lib "/Users/rwalters/.volare/gf180mcuD/libs.tech/ngspice/sm141064.ngspice" fs
.lib "/Users/rwalters/.volare/gf180mcuD/libs.tech/ngspice/sm141064.ngspice" res_typical
.lib "/Users/rwalters/.volare/gf180mcuD/libs.tech/ngspice/sm141064.ngspice" moscap_typical
.temp 27
.param sim_temp=27
.param vsup=2.97
.param b0v=0*2.97
.param b1v=1*2.97
.param b2v=0*2.97
.param tsettle=2.91828e-07
.param tstop=8.02527e-07
.param tstep=3.87512e-10
.param tmax=3.87512e-10
.include "/Users/rwalters/GitHub/gf180-pll/.loom/worktrees/issue-8/sim/vco-tuning-range/testbench/tb_vco_tuning.sp"
.end

======== band 2 :: ngspice output ========

Note: Compatibility modes selected: hs a

Warning: m=xx on .subckt line will override multiplier m hierarchy!


Circuit: * generated by simenv.sh -- do not edit; edit /users/rwalters/github/gf180-pll/.loom/worktrees/issue-8/sim/vco-tuning-range/testbench/tb_vco_tuning.sp instead

Doing analysis at TEMP = 27.000000 and TNOM = 27.000000

Using SPARSE 1.3 as Direct Linear Solver

Initial Transient Solution
--------------------------

Node                                   Voltage
----                                   -------
vdd                                       2.97
nb0                                          0
nb1                                       2.97
nb2                                          0
vc1                                        0.9
vc2                                        1.2
vc3                                        1.5
vc4                                        1.8
vc5                                        2.1
vc6                                        2.4
vc7                                        2.7
nv1                                       2.97
nv2                                       2.97
nv3                                       2.97
nv4                                       2.97
nv5                                       2.97
nv6                                       2.97
nv7                                       2.97
x1.xbias.na                            0.84819
x1.xbias.vbpc                          1.91248
x1.xbias.nc                           0.115509
x1.xbias.xrcg.11                       0.11529
x1.xbias.xrcg.21                   0.000218893
x1.xbias.nsu                        0.00858777
x1.xbias.vfix                          1.55639
x1.xbias.nmd                           0.67066
x1.xbias.vbp0                          2.03697
x1.xbias.noff                          0.68333
x1.xbias.xroff.11                     0.683104
x1.xbias.xroff.21                  0.000226495
x1.xbias.nvi                          0.229319
x1.xbias.xrdeg.11                     0.229243
x1.xbias.xrdeg.21                  7.60094e-05
x1.xbias.b0b                              2.97
x1.xbias.b1b                       4.70114e-09
x1.xbias.b2b                              2.97
x1.xbias.vbn1                         0.624862
x1.xbias.ga                               2.97
x1.xbias.vbp2                          1.98739
x1.xbias.gb                           0.624862
x1.vbn                                0.645144
x1.xbias.gc                               2.97
x1.vbp                                 2.02261
x1.xs1.nh                              1.26878
x1.y1                                        0
x1.y5                                        0
x1.xs1.nt                         -8.14607e-18
x1.xs2.nh                                 2.97
x1.y2                                     2.97
x1.xs2.nt                          1.57038e-07
x1.xs3.nh                                 2.97
x1.y3                                        0
x1.xs3.nt                         -3.23505e-19
x1.xs4.nh                                 2.97
x1.y4                                     2.97
x1.xs4.nt                          1.57038e-07
x1.xs5.nh                                 2.97
x1.xs5.nt                         -3.23505e-19
x1.nb1                                    2.97
x1.nb2                             3.16349e-09
clk1                                      2.97
x1.xcdec1.c_moscap_int1                  -2.97
x1.xcdec2.c_moscap_int1                  -2.97
x2.xbias.na                            0.84819
x2.xbias.vbpc                          1.91248
x2.xbias.nc                           0.115509
x2.xbias.xrcg.11                       0.11529
x2.xbias.xrcg.21                   0.000218893
x2.xbias.nsu                        0.00858777
x2.xbias.vfix                          1.55639
x2.xbias.nmd                           0.67066
x2.xbias.vbp0                          2.02346
x2.xbias.noff                         0.683307
x2.xbias.xroff.11                      0.68308
x2.xbias.xroff.21                  0.000226487
x2.xbias.nvi                          0.430234
x2.xbias.xrdeg.11                     0.430091
x2.xbias.xrdeg.21                  0.000142604
x2.xbias.b0b                              2.97
x2.xbias.b1b                       4.70114e-09
x2.xbias.b2b                              2.97
x2.xbias.vbn1                         0.636361
x2.xbias.ga                               2.97
x2.xbias.vbp2                          1.97116
x2.xbias.gb                           0.636361
x2.vbn                                0.656707
x2.xbias.gc                               2.97
x2.vbp                                 2.00956
x2.xs1.nh                               1.2799
x2.y1                                        0
x2.y5                                        0
x2.xs1.nt                         -2.98831e-15
x2.xs2.nh                                 2.97
x2.y2                                     2.97
x2.xs2.nt                          1.37032e-07
x2.xs3.nh                                 2.97
x2.y3                                        0
x2.xs3.nt                         -2.93431e-32
x2.xs4.nh                                 2.97
x2.y4                                     2.97
x2.xs4.nt                          1.37032e-07
x2.xs5.nh                                 2.97
x2.xs5.nt                         -2.93431e-32
x2.nb1                                    2.97
x2.nb2                             3.16349e-09
clk2                                      2.97
x2.xcdec1.c_moscap_int1                  -2.97
x2.xcdec2.c_moscap_int1                  -2.97
x3.xbias.na                            0.84819
x3.xbias.vbpc                          1.91248
x3.xbias.nc                           0.115509
x3.xbias.xrcg.11                       0.11529
x3.xbias.xrcg.21                   0.000218893
x3.xbias.nsu                        0.00858777
x3.xbias.vfix                          1.55639
x3.xbias.nmd                           0.67066
x3.xbias.vbp0                          2.01095
x3.xbias.noff                         0.683285
x3.xbias.xroff.11                     0.683059
x3.xbias.xroff.21                   0.00022648
x3.xbias.nvi                          0.642504
x3.xbias.xrdeg.11                     0.642291
x3.xbias.xrdeg.21                  0.000212963
x3.xbias.b0b                              2.97
x3.xbias.b1b                       4.70114e-09
x3.xbias.b2b                              2.97
x3.xbias.vbn1                         0.646901
x3.xbias.ga                               2.97
x3.xbias.vbp2                          1.95594
x3.xbias.gb                           0.646901
x3.vbn                                0.667322
x3.xbias.gc                               2.97
x3.vbp                                 1.99746
x3.xs1.nh                              1.29023
x3.y1                                        0
x3.y5                                        0
x3.xs1.nt                          -3.9989e-25
x3.xs2.nh                                 2.97
x3.y2                                     2.97
x3.xs2.nt                          1.21864e-07
x3.xs3.nh                                 2.97
x3.y3                                        0
x3.xs3.nt                         -1.63419e-46
x3.xs4.nh                                 2.97
x3.y4                                     2.97
x3.xs4.nt                          1.21864e-07
x3.xs5.nh                                 2.97
x3.xs5.nt                         -1.63419e-46
x3.nb1                                    2.97
x3.nb2                             3.16349e-09
clk3                                      2.97
x3.xcdec1.c_moscap_int1                  -2.97
x3.xcdec2.c_moscap_int1                  -2.97
x4.xbias.na                            0.84819
x4.xbias.vbpc                          1.91248
x4.xbias.nc                           0.115509
x4.xbias.xrcg.11                       0.11529
x4.xbias.xrcg.21                   0.000218893
x4.xbias.nsu                        0.00858777
x4.xbias.vfix                          1.55639
x4.xbias.nmd                           0.67066
x4.xbias.vbp0                           1.9994
x4.xbias.noff                         0.683265
x4.xbias.xroff.11                     0.683039
x4.xbias.xroff.21                  0.000226473
x4.xbias.nvi                          0.861964
x4.xbias.xrdeg.11                     0.861678
x4.xbias.xrdeg.21                  0.000285704
x4.xbias.b0b                              2.97
x4.xbias.b1b                       4.70114e-09
x4.xbias.b2b                              2.97
x4.xbias.vbn1                          0.65655
x4.xbias.ga                               2.97
x4.xbias.vbp2                           1.9417
x4.xbias.gb                            0.65655
x4.vbn                                0.677054
x4.xbias.gc                               2.97
x4.vbp                                 1.98628
x4.xs1.nh                              1.29979
x4.y1                                        0
x4.y5                                        0
x4.xs1.nt                           -8.582e-45
x4.xs2.nh                                 2.97
x4.y2                                     2.97
x4.xs2.nt                          1.10117e-07
x4.xs3.nh                                 2.97
x4.y3                                        0
x4.xs3.nt                         -1.87309e-73
x4.xs4.nh                                 2.97
x4.y4                                     2.97
x4.xs4.nt                          1.10117e-07
x4.xs5.nh                                 2.97
x4.xs5.nt                         -1.87309e-73
x4.nb1                                    2.97
x4.nb2                             3.16349e-09
clk4                                      2.97
x4.xcdec1.c_moscap_int1                  -2.97
x4.xcdec2.c_moscap_int1                  -2.97
x5.xbias.na                            0.84819
x5.xbias.vbpc                          1.91248
x5.xbias.nc                           0.115509
x5.xbias.xrcg.11                       0.11529
x5.xbias.xrcg.21                   0.000218893
x5.xbias.nsu                        0.00858777
x5.xbias.vfix                          1.55639
x5.xbias.nmd                           0.67066
x5.xbias.vbp0                          1.98867
x5.xbias.noff                         0.683247
x5.xbias.xroff.11                      0.68302
x5.xbias.xroff.21                  0.000226467
x5.xbias.nvi                           1.08677
x5.xbias.xrdeg.11                      1.08641
x5.xbias.xrdeg.21                  0.000360219
x5.xbias.b0b                              2.97
x5.xbias.b1b                       4.70114e-09
x5.xbias.b2b                              2.97
x5.xbias.vbn1                         0.665451
x5.xbias.ga                               2.97
x5.xbias.vbp2                          1.92832
x5.xbias.gb                           0.665451
x5.vbn                                 0.68604
x5.xbias.gc                               2.97
x5.vbp                                 1.97588
x5.xs1.nh                              1.30871
x5.y1                                        0
x5.y5                                        0
x5.xs1.nt                          9.71334e-73
x5.xs2.nh                                 2.97
x5.y2                                     2.97
x5.xs2.nt                          1.00774e-07
x5.xs3.nh                                 2.97
x5.y3                                        0
x5.xs3.nt                        -5.03578e-128
x5.xs4.nh                                 2.97
x5.y4                                     2.97
x5.xs4.nt                          1.00774e-07
x5.xs5.nh                                 2.97
x5.xs5.nt                        -5.03578e-128
x5.nb1                                    2.97
x5.nb2                             3.16349e-09
clk5                                      2.97
x5.xcdec1.c_moscap_int1                  -2.97
x5.xcdec2.c_moscap_int1                  -2.97
x6.xbias.na                            0.84819
x6.xbias.vbpc                          1.91248
x6.xbias.nc                           0.115509
x6.xbias.xrcg.11                       0.11529
x6.xbias.xrcg.21                   0.000218893
x6.xbias.nsu                        0.00858777
x6.xbias.vfix                          1.55639
x6.xbias.nmd                           0.67066
x6.xbias.vbp0                          1.97861
x6.xbias.noff                         0.683229
x6.xbias.xroff.11                     0.683003
x6.xbias.xroff.21                  0.000226461
x6.xbias.nvi                           1.31586
x6.xbias.xrdeg.11                      1.31542
x6.xbias.xrdeg.21                  0.000436151
x6.xbias.b0b                              2.97
x6.xbias.b1b                       4.70114e-09
x6.xbias.b2b                              2.97
x6.xbias.vbn1                         0.673728
x6.xbias.ga                               2.97
x6.xbias.vbp2                          1.91567
x6.xbias.gb                           0.673728
x6.vbn                                0.694406
x6.xbias.gc                               2.97
x6.vbp                                 1.96613
x6.xs1.nh                              1.31708
x6.y1                                        0
x6.y5                                        0
x6.xs1.nt                          1.05853e-72
x6.xs2.nh                                 2.97
x6.y2                                     2.97
x6.xs2.nt                           9.3165e-08
x6.xs3.nh                                 2.97
x6.y3                                        0
x6.xs3.nt                         3.90213e-142
x6.xs4.nh                                 2.97
x6.y4                                     2.97
x6.xs4.nt                           9.3165e-08
x6.xs5.nh                                 2.97
x6.xs5.nt                         3.90213e-142
x6.nb1                                    2.97
x6.nb2                             3.16349e-09
clk6                                      2.97
x6.xcdec1.c_moscap_int1                  -2.97
x6.xcdec2.c_moscap_int1                  -2.97
x7.xbias.na                            0.84819
x7.xbias.vbpc                          1.91248
x7.xbias.nc                           0.115509
x7.xbias.xrcg.11                       0.11529
x7.xbias.xrcg.21                   0.000218893
x7.xbias.nsu                        0.00858777
x7.xbias.vfix                          1.55639
x7.xbias.nmd                           0.67066
x7.xbias.vbp0                          1.96913
x7.xbias.noff                         0.683213
x7.xbias.xroff.11                     0.682986
x7.xbias.xroff.21                  0.000226456
x7.xbias.nvi                           1.54843
x7.xbias.xrdeg.11                      1.54792
x7.xbias.xrdeg.21                  0.000513239
x7.xbias.b0b                              2.97
x7.xbias.b1b                       4.70114e-09
x7.xbias.b2b                              2.97
x7.xbias.vbn1                         0.681478
x7.xbias.ga                               2.97
x7.xbias.vbp2                          1.90365
x7.xbias.gb                           0.681478
x7.vbn                                0.702246
x7.xbias.gc                               2.97
x7.vbp                                 1.95692
x7.xs1.nh                              1.32499
x7.y1                                        0
x7.y5                                        0
x7.xs1.nt                          3.78199e-80
x7.xs2.nh                                 2.97
x7.y2                                     2.97
x7.xs2.nt                          8.68445e-08
x7.xs3.nh                                 2.97
x7.y3                                        0
x7.xs3.nt                         2.91276e-155
x7.xs4.nh                                 2.97
x7.y4                                     2.97
x7.xs4.nt                          8.68445e-08
x7.xs5.nh                                 2.97
x7.xs5.nt                         2.91276e-155
x7.nb1                                    2.97
x7.nb2                             3.16349e-09
clk7                                      2.97
x7.xcdec1.c_moscap_int1                  -2.97
x7.xcdec2.c_moscap_int1                  -2.97
e.x7.xcdec2.ec_moscap#branch                 0
e.x7.xcdec1.ec_moscap#branch                 0
e.x6.xcdec2.ec_moscap#branch                 0
e.x6.xcdec1.ec_moscap#branch                 0
e.x5.xcdec2.ec_moscap#branch                 0
e.x5.xcdec1.ec_moscap#branch                 0
e.x4.xcdec2.ec_moscap#branch                 0
e.x4.xcdec1.ec_moscap#branch                 0
e.x3.xcdec2.ec_moscap#branch                 0
e.x3.xcdec1.ec_moscap#branch                 0
e.x2.xcdec2.ec_moscap#branch                 0
e.x2.xcdec1.ec_moscap#branch                 0
e.x1.xcdec2.ec_moscap#branch                 0
e.x1.xcdec1.ec_moscap#branch                 0
vs7#branch                         8.77929e-05
vs6#branch                         8.04294e-05
vs5#branch                         7.31556e-05
vs4#branch                         6.59939e-05
vs3#branch                         5.89759e-05
vs2#branch                         5.21571e-05
vs1#branch                         4.56683e-05
vv7#branch                                   0
vv6#branch                                   0
vv5#branch                                   0
vv4#branch                                   0
vv3#branch                                   0
vv2#branch                                   0
vv1#branch                                   0
vb2#branch                                   0
vb1#branch                                   0
vb0#branch                                   0
vdd#branch                        -0.000464173


No. of Data Rows : 2660

  Measurements for Transient Analysis

tp1                 =  3.27003e-07 targ=  6.54499e-07 trig=  3.27496e-07
tp2                 =  2.68575e-07 targ=  6.05272e-07 trig=  3.36697e-07
tp3                 =  2.25920e-07 targ=  5.65628e-07 trig=  3.39708e-07
tp4                 =  1.93816e-07 targ=  5.33940e-07 trig=  3.40124e-07
tp5                 =  1.69124e-07 targ=  4.65848e-07 trig=  2.96724e-07
tp6                 =  1.49641e-07 targ=  4.49539e-07 trig=  2.99898e-07
tp7                 =  1.33959e-07 targ=  4.35430e-07 trig=  3.01471e-07
f1                  =  1.22323e+07
f2                  =  1.48934e+07
f3                  =  1.77054e+07
f4                  =  2.06381e+07
f5                  =  2.36513e+07
f6                  =  2.67306e+07
f7                  =  2.98599e+07
i1                  =  5.84892e-05 from=  2.91828e-07 to=  8.02527e-07
i2                  =  6.59653e-05 from=  2.91828e-07 to=  8.02527e-07
i3                  =  7.43885e-05 from=  2.91828e-07 to=  8.02527e-07
i4                  =  8.26721e-05 from=  2.91828e-07 to=  8.02527e-07
i5                  =  9.00161e-05 from=  2.91828e-07 to=  8.02527e-07
i6                  =  1.00383e-04 from=  2.91828e-07 to=  8.02527e-07
i7                  =  1.08116e-04 from=  2.91828e-07 to=  8.02527e-07
sw1hi               =  3.06709e+00 at=  6.54738e-07
sw1lo               =  -8.31462e-02 at=  7.73923e-07
sw7hi               =  3.09639e+00 at=  4.35699e-07
sw7lo               =  -1.20722e-01 at=  4.50972e-07


Total analysis time (seconds) = 266.771

Total elapsed time (seconds) = 273.990 

Total DRAM available = 98304.000 MB.
DRAM currently available = 3518.406 MB.
Maximum ngspice program size =   24.172 MB.
Current ngspice program size =   24.172 MB.


======== band 3 :: generated deck (fs_27c_2.97v) ========
* GENERATED by simenv.sh -- do not edit; edit /Users/rwalters/GitHub/gf180-pll/.loom/worktrees/issue-8/sim/vco-tuning-range/testbench/tb_vco_tuning.sp instead
* tag=fs_T27_V2p97_B3 libs=fs,res_typical,moscap_typical temp=27C
.include "/Users/rwalters/.volare/gf180mcuD/libs.tech/ngspice/design.ngspice"
.lib "/Users/rwalters/.volare/gf180mcuD/libs.tech/ngspice/sm141064.ngspice" fs
.lib "/Users/rwalters/.volare/gf180mcuD/libs.tech/ngspice/sm141064.ngspice" res_typical
.lib "/Users/rwalters/.volare/gf180mcuD/libs.tech/ngspice/sm141064.ngspice" moscap_typical
.temp 27
.param sim_temp=27
.param vsup=2.97
.param b0v=1*2.97
.param b1v=1*2.97
.param b2v=0*2.97
.param tsettle=1.76865e-07
.param tstop=4.86379e-07
.param tstep=2.34856e-10
.param tmax=2.34856e-10
.include "/Users/rwalters/GitHub/gf180-pll/.loom/worktrees/issue-8/sim/vco-tuning-range/testbench/tb_vco_tuning.sp"
.end

======== band 3 :: ngspice output ========

Note: Compatibility modes selected: hs a

Warning: m=xx on .subckt line will override multiplier m hierarchy!


Circuit: * generated by simenv.sh -- do not edit; edit /users/rwalters/github/gf180-pll/.loom/worktrees/issue-8/sim/vco-tuning-range/testbench/tb_vco_tuning.sp instead

Doing analysis at TEMP = 27.000000 and TNOM = 27.000000

Using SPARSE 1.3 as Direct Linear Solver

Initial Transient Solution
--------------------------

Node                                   Voltage
----                                   -------
vdd                                       2.97
nb0                                       2.97
nb1                                       2.97
nb2                                          0
vc1                                        0.9
vc2                                        1.2
vc3                                        1.5
vc4                                        1.8
vc5                                        2.1
vc6                                        2.4
vc7                                        2.7
nv1                                       2.97
nv2                                       2.97
nv3                                       2.97
nv4                                       2.97
nv5                                       2.97
nv6                                       2.97
nv7                                       2.97
x1.xbias.na                            0.84819
x1.xbias.vbpc                          1.91248
x1.xbias.nc                           0.115509
x1.xbias.xrcg.11                       0.11529
x1.xbias.xrcg.21                   0.000218893
x1.xbias.nsu                        0.00858777
x1.xbias.vfix                          1.55639
x1.xbias.nmd                           0.67066
x1.xbias.vbp0                          2.03697
x1.xbias.noff                          0.68333
x1.xbias.xroff.11                     0.683104
x1.xbias.xroff.21                  0.000226495
x1.xbias.nvi                          0.229319
x1.xbias.xrdeg.11                     0.229243
x1.xbias.xrdeg.21                  7.60094e-05
x1.xbias.b0b                       4.70114e-09
x1.xbias.b1b                       4.70114e-09
x1.xbias.b2b                              2.97
x1.xbias.vbn1                         0.655102
x1.xbias.ga                            2.03697
x1.xbias.vbp2                          1.94386
x1.xbias.gb                           0.655102
x1.vbn                                0.675592
x1.xbias.gc                               2.97
x1.vbp                                 1.98797
x1.xs1.nh                              1.29835
x1.y1                                        0
x1.y5                                        0
x1.xs1.nt                          -3.4876e-12
x1.xs2.nh                                 2.97
x1.y2                                     2.97
x1.xs2.nt                          1.11763e-07
x1.xs3.nh                                 2.97
x1.y3                                        0
x1.xs3.nt                         -3.25891e-19
x1.xs4.nh                                 2.97
x1.y4                                     2.97
x1.xs4.nt                          1.11763e-07
x1.xs5.nh                                 2.97
x1.xs5.nt                         -3.25891e-19
x1.nb1                                    2.97
x1.nb2                             3.16349e-09
clk1                                      2.97
x1.xcdec1.c_moscap_int1                  -2.97
x1.xcdec2.c_moscap_int1                  -2.97
x2.xbias.na                            0.84819
x2.xbias.vbpc                          1.91248
x2.xbias.nc                           0.115509
x2.xbias.xrcg.11                       0.11529
x2.xbias.xrcg.21                   0.000218893
x2.xbias.nsu                        0.00858777
x2.xbias.vfix                          1.55639
x2.xbias.nmd                           0.67066
x2.xbias.vbp0                          2.02346
x2.xbias.noff                         0.683307
x2.xbias.xroff.11                      0.68308
x2.xbias.xroff.21                  0.000226487
x2.xbias.nvi                          0.430234
x2.xbias.xrdeg.11                     0.430091
x2.xbias.xrdeg.21                  0.000142604
x2.xbias.b0b                       4.70114e-09
x2.xbias.b1b                       4.70114e-09
x2.xbias.b2b                              2.97
x2.xbias.vbn1                         0.668158
x2.xbias.ga                            2.02346
x2.xbias.vbp2                          1.92421
x2.xbias.gb                           0.668158
x2.vbn                                0.688776
x2.xbias.gc                               2.97
x2.vbp                                  1.9727
x2.xs1.nh                              1.31144
x2.y1                                        0
x2.y5                                        0
x2.xs1.nt                         -1.58908e-13
x2.xs2.nh                                 2.97
x2.y2                                     2.97
x2.xs2.nt                          9.81789e-08
x2.xs3.nh                                 2.97
x2.y3                                        0
x2.xs3.nt                          -4.4097e-33
x2.xs4.nh                                 2.97
x2.y4                                     2.97
x2.xs4.nt                          9.81789e-08
x2.xs5.nh                                 2.97
x2.xs5.nt                          -4.4097e-33
x2.nb1                                    2.97
x2.nb2                             3.16349e-09
clk2                                      2.97
x2.xcdec1.c_moscap_int1                  -2.97
x2.xcdec2.c_moscap_int1                  -2.97
x3.xbias.na                            0.84819
x3.xbias.vbpc                          1.91248
x3.xbias.nc                           0.115509
x3.xbias.xrcg.11                       0.11529
x3.xbias.xrcg.21                   0.000218893
x3.xbias.nsu                        0.00858777
x3.xbias.vfix                          1.55639
x3.xbias.nmd                           0.67066
x3.xbias.vbp0                          2.01095
x3.xbias.noff                         0.683285
x3.xbias.xroff.11                     0.683059
x3.xbias.xroff.21                   0.00022648
x3.xbias.nvi                          0.642504
x3.xbias.xrdeg.11                     0.642291
x3.xbias.xrdeg.21                  0.000212963
x3.xbias.b0b                       4.70114e-09
x3.xbias.b1b                       4.70114e-09
x3.xbias.b2b                              2.97
x3.xbias.vbn1                         0.680249
x3.xbias.ga                            2.01095
x3.xbias.vbp2                          1.90557
x3.xbias.gb                           0.680249
x3.vbn                                0.701003
x3.xbias.gc                               2.97
x3.vbp                                 1.95839
x3.xs1.nh                              1.32373
x3.y1                                        0
x3.y5                                        0
x3.xs1.nt                         -7.85952e-15
x3.xs2.nh                                 2.97
x3.y2                                     2.97
x3.xs2.nt                          8.77989e-08
x3.xs3.nh                                 2.97
x3.y3                                        0
x3.xs3.nt                         -4.32793e-32
x3.xs4.nh                                 2.97
x3.y4                                     2.97
x3.xs4.nt                          8.77989e-08
x3.xs5.nh                                 2.97
x3.xs5.nt                         -4.32793e-32
x3.nb1                                    2.97
x3.nb2                             3.16349e-09
clk3                                      2.97
x3.xcdec1.c_moscap_int1                  -2.97
x3.xcdec2.c_moscap_int1                  -2.97
x4.xbias.na                            0.84819
x4.xbias.vbpc                          1.91248
x4.xbias.nc                           0.115509
x4.xbias.xrcg.11                       0.11529
x4.xbias.xrcg.21                   0.000218893
x4.xbias.nsu                        0.00858777
x4.xbias.vfix                          1.55639
x4.xbias.nmd                           0.67066
x4.xbias.vbp0                           1.9994
x4.xbias.noff                         0.683265
x4.xbias.xroff.11                     0.683039
x4.xbias.xroff.21                  0.000226473
x4.xbias.nvi                          0.861964
x4.xbias.xrdeg.11                     0.861678
x4.xbias.xrdeg.21                  0.000285704
x4.xbias.b0b                       4.70114e-09
x4.xbias.b1b                       4.70114e-09
x4.xbias.b2b                              2.97
x4.xbias.vbn1                          0.69142
x4.xbias.ga                             1.9994
x4.xbias.vbp2                          1.88799
x4.xbias.gb                            0.69142
x4.vbn                                0.712315
x4.xbias.gc                               2.97
x4.vbp                                 1.94502
x4.xs1.nh                              1.33523
x4.y1                                        0
x4.y5                                        0
x4.xs1.nt                         -3.37729e-16
x4.xs2.nh                                 2.97
x4.y2                                     2.97
x4.xs2.nt                          7.97068e-08
x4.xs3.nh                                 2.97
x4.y3                                        0
x4.xs3.nt                         -1.89924e-18
x4.xs4.nh                                 2.97
x4.y4                                     2.97
x4.xs4.nt                          7.97068e-08
x4.xs5.nh                                 2.97
x4.xs5.nt                         -1.89924e-18
x4.nb1                                    2.97
x4.nb2                             3.16349e-09
clk4                                      2.97
x4.xcdec1.c_moscap_int1                  -2.97
x4.xcdec2.c_moscap_int1                  -2.97
x5.xbias.na                            0.84819
x5.xbias.vbpc                          1.91248
x5.xbias.nc                           0.115509
x5.xbias.xrcg.11                       0.11529
x5.xbias.xrcg.21                   0.000218893
x5.xbias.nsu                        0.00858777
x5.xbias.vfix                          1.55639
x5.xbias.nmd                           0.67066
x5.xbias.vbp0                          1.98867
x5.xbias.noff                         0.683247
x5.xbias.xroff.11                      0.68302
x5.xbias.xroff.21                  0.000226467
x5.xbias.nvi                           1.08677
x5.xbias.xrdeg.11                      1.08641
x5.xbias.xrdeg.21                  0.000360219
x5.xbias.b0b                       4.70114e-09
x5.xbias.b1b                       4.70114e-09
x5.xbias.b2b                              2.97
x5.xbias.vbn1                         0.701806
x5.xbias.ga                            1.98867
x5.xbias.vbp2                          1.87134
x5.xbias.gb                           0.701806
x5.vbn                                0.722847
x5.xbias.gc                               2.97
x5.vbp                                 1.93248
x5.xs1.nh                              1.34604
x5.y1                                        0
x5.y5                                        0
x5.xs1.nt                         -5.00791e-18
x5.xs2.nh                                 2.97
x5.y2                                     2.97
x5.xs2.nt                          7.32342e-08
x5.xs3.nh                                 2.97
x5.y3                                        0
x5.xs3.nt                         -3.40708e-32
x5.xs4.nh                                 2.97
x5.y4                                     2.97
x5.xs4.nt                          7.32342e-08
x5.xs5.nh                                 2.97
x5.xs5.nt                         -3.40708e-32
x5.nb1                                    2.97
x5.nb2                             3.16349e-09
clk5                                      2.97
x5.xcdec1.c_moscap_int1                  -2.97
x5.xcdec2.c_moscap_int1                  -2.97
x6.xbias.na                            0.84819
x6.xbias.vbpc                          1.91248
x6.xbias.nc                           0.115509
x6.xbias.xrcg.11                       0.11529
x6.xbias.xrcg.21                   0.000218893
x6.xbias.nsu                        0.00858777
x6.xbias.vfix                          1.55639
x6.xbias.nmd                           0.67066
x6.xbias.vbp0                          1.97861
x6.xbias.noff                         0.683229
x6.xbias.xroff.11                     0.683003
x6.xbias.xroff.21                  0.000226461
x6.xbias.nvi                           1.31586
x6.xbias.xrdeg.11                      1.31542
x6.xbias.xrdeg.21                  0.000436151
x6.xbias.b0b                       4.70114e-09
x6.xbias.b1b                       4.70114e-09
x6.xbias.b2b                              2.97
x6.xbias.vbn1                         0.711534
x6.xbias.ga                            1.97861
x6.xbias.vbp2                           1.8555
x6.xbias.gb                           0.711534
x6.vbn                                0.732723
x6.xbias.gc                               2.97
x6.vbp                                 1.92063
x6.xs1.nh                              1.35627
x6.y1                                        0
x6.y5                                        0
x6.xs1.nt                          1.77288e-17
x6.xs2.nh                                 2.97
x6.y2                                     2.97
x6.xs2.nt                          6.79368e-08
x6.xs3.nh                                 2.97
x6.y3                                        0
x6.xs3.nt                          7.73482e-19
x6.xs4.nh                                 2.97
x6.y4                                     2.97
x6.xs4.nt                          6.79368e-08
x6.xs5.nh                                 2.97
x6.xs5.nt                          7.73482e-19
x6.nb1                                    2.97
x6.nb2                             3.16349e-09
clk6                                      2.97
x6.xcdec1.c_moscap_int1                  -2.97
x6.xcdec2.c_moscap_int1                  -2.97
x7.xbias.na                            0.84819
x7.xbias.vbpc                          1.91248
x7.xbias.nc                           0.115509
x7.xbias.xrcg.11                       0.11529
x7.xbias.xrcg.21                   0.000218893
x7.xbias.nsu                        0.00858777
x7.xbias.vfix                          1.55639
x7.xbias.nmd                           0.67066
x7.xbias.vbp0                          1.96913
x7.xbias.noff                         0.683213
x7.xbias.xroff.11                     0.682986
x7.xbias.xroff.21                  0.000226456
x7.xbias.nvi                           1.54843
x7.xbias.xrdeg.11                      1.54792
x7.xbias.xrdeg.21                  0.000513239
x7.xbias.b0b                       4.70114e-09
x7.xbias.b1b                       4.70114e-09
x7.xbias.b2b                              2.97
x7.xbias.vbn1                         0.720702
x7.xbias.ga                            1.96913
x7.xbias.vbp2                          1.84036
x7.xbias.gb                           0.720702
x7.vbn                                0.742042
x7.xbias.gc                               2.97
x7.vbp                                 1.90938
x7.xs1.nh                                1.366
x7.y1                                        0
x7.y5                                        0
x7.xs1.nt                         -1.02655e-16
x7.xs2.nh                                 2.97
x7.y2                                     2.97
x7.xs2.nt                          6.35174e-08
x7.xs3.nh                                 2.97
x7.y3                                        0
x7.xs3.nt                          2.16397e-16
x7.xs4.nh                                 2.97
x7.y4                                     2.97
x7.xs4.nt                          6.35174e-08
x7.xs5.nh                                 2.97
x7.xs5.nt                          2.16397e-16
x7.nb1                                    2.97
x7.nb2                             3.16349e-09
clk7                                      2.97
x7.xcdec1.c_moscap_int1                  -2.97
x7.xcdec2.c_moscap_int1                  -2.97
e.x7.xcdec2.ec_moscap#branch                 0
e.x7.xcdec1.ec_moscap#branch                 0
e.x6.xcdec2.ec_moscap#branch                 0
e.x6.xcdec1.ec_moscap#branch                 0
e.x5.xcdec2.ec_moscap#branch                 0
e.x5.xcdec1.ec_moscap#branch                 0
e.x4.xcdec2.ec_moscap#branch                 0
e.x4.xcdec1.ec_moscap#branch                 0
e.x3.xcdec2.ec_moscap#branch                 0
e.x3.xcdec1.ec_moscap#branch                 0
e.x2.xcdec2.ec_moscap#branch                 0
e.x2.xcdec1.ec_moscap#branch                 0
e.x1.xcdec2.ec_moscap#branch                 0
e.x1.xcdec1.ec_moscap#branch                 0
vs7#branch                         0.000119605
vs6#branch                         0.000109037
vs5#branch                         9.85972e-05
vs4#branch                          8.8318e-05
vs3#branch                         7.82442e-05
vs2#branch                         6.84558e-05
vs1#branch                         5.91403e-05
vv7#branch                                   0
vv6#branch                                   0
vv5#branch                                   0
vv4#branch                                   0
vv3#branch                                   0
vv2#branch                                   0
vv1#branch                                   0
vb2#branch                                   0
vb1#branch                                   0
vb0#branch                                   0
vdd#branch                        -0.000621397


No. of Data Rows : 2591

  Measurements for Transient Analysis

tp1                 =  1.98389e-07 targ=  3.97411e-07 trig=  1.99023e-07
tp2                 =  1.62533e-07 targ=  3.66250e-07 trig=  2.03717e-07
tp3                 =  1.36184e-07 targ=  3.41009e-07 trig=  2.04824e-07
tp4                 =  1.16409e-07 targ=  3.20789e-07 trig=  2.04380e-07
tp5                 =  1.01351e-07 targ=  2.79006e-07 trig=  1.77655e-07
tp6                 =  8.92735e-08 targ=  2.68218e-07 trig=  1.78945e-07
tp7                 =  7.95266e-08 targ=  2.59108e-07 trig=  1.79582e-07
f1                  =  2.01624e+07
f2                  =  2.46104e+07
f3                  =  2.93720e+07
f4                  =  3.43617e+07
f5                  =  3.94667e+07
f6                  =  4.48061e+07
f7                  =  5.02976e+07
i1                  =  7.57524e-05 from=  1.76865e-07 to=  4.86379e-07
i2                  =  8.66829e-05 from=  1.76865e-07 to=  4.86379e-07
i3                  =  9.82711e-05 from=  1.76865e-07 to=  4.86379e-07
i4                  =  1.10774e-04 from=  1.76865e-07 to=  4.86379e-07
i5                  =  1.24016e-04 from=  1.76865e-07 to=  4.86379e-07
i6                  =  1.36486e-04 from=  1.76865e-07 to=  4.86379e-07
i7                  =  1.48597e-04 from=  1.76865e-07 to=  4.86379e-07
sw1hi               =  3.05189e+00 at=  3.48114e-07
sw1lo               =  -7.01331e-02 at=  2.71684e-07
sw7hi               =  3.10090e+00 at=  2.19699e-07
sw7lo               =  -1.46987e-01 at=  2.28699e-07


Total analysis time (seconds) = 253.614

Total elapsed time (seconds) = 260.051 

Total DRAM available = 98304.000 MB.
DRAM currently available = 3185.359 MB.
Maximum ngspice program size =   24.094 MB.
Current ngspice program size =   24.094 MB.


======== band 4 :: generated deck (fs_27c_2.97v) ========
* GENERATED by simenv.sh -- do not edit; edit /Users/rwalters/GitHub/gf180-pll/.loom/worktrees/issue-8/sim/vco-tuning-range/testbench/tb_vco_tuning.sp instead
* tag=fs_T27_V2p97_B4 libs=fs,res_typical,moscap_typical temp=27C
.include "/Users/rwalters/.volare/gf180mcuD/libs.tech/ngspice/design.ngspice"
.lib "/Users/rwalters/.volare/gf180mcuD/libs.tech/ngspice/sm141064.ngspice" fs
.lib "/Users/rwalters/.volare/gf180mcuD/libs.tech/ngspice/sm141064.ngspice" res_typical
.lib "/Users/rwalters/.volare/gf180mcuD/libs.tech/ngspice/sm141064.ngspice" moscap_typical
.temp 27
.param sim_temp=27
.param vsup=2.97
.param b0v=0*2.97
.param b1v=0*2.97
.param b2v=1*2.97
.param tsettle=1.07191e-07
.param tstop=2.94776e-07
.param tstep=1.42337e-10
.param tmax=1.42337e-10
.include "/Users/rwalters/GitHub/gf180-pll/.loom/worktrees/issue-8/sim/vco-tuning-range/testbench/tb_vco_tuning.sp"
.end

======== band 4 :: ngspice output ========

Note: Compatibility modes selected: hs a

Warning: m=xx on .subckt line will override multiplier m hierarchy!


Circuit: * generated by simenv.sh -- do not edit; edit /users/rwalters/github/gf180-pll/.loom/worktrees/issue-8/sim/vco-tuning-range/testbench/tb_vco_tuning.sp instead

Doing analysis at TEMP = 27.000000 and TNOM = 27.000000

Using SPARSE 1.3 as Direct Linear Solver

Initial Transient Solution
--------------------------

Node                                   Voltage
----                                   -------
vdd                                       2.97
nb0                                          0
nb1                                          0
nb2                                       2.97
vc1                                        0.9
vc2                                        1.2
vc3                                        1.5
vc4                                        1.8
vc5                                        2.1
vc6                                        2.4
vc7                                        2.7
nv1                                       2.97
nv2                                       2.97
nv3                                       2.97
nv4                                       2.97
nv5                                       2.97
nv6                                       2.97
nv7                                       2.97
x1.xbias.na                            0.84819
x1.xbias.vbpc                          1.91248
x1.xbias.nc                           0.115509
x1.xbias.xrcg.11                       0.11529
x1.xbias.xrcg.21                   0.000218893
x1.xbias.nsu                        0.00858777
x1.xbias.vfix                          1.55639
x1.xbias.nmd                           0.67066
x1.xbias.vbp0                          2.03697
x1.xbias.noff                          0.68333
x1.xbias.xroff.11                     0.683104
x1.xbias.xroff.21                  0.000226495
x1.xbias.nvi                          0.229319
x1.xbias.xrdeg.11                     0.229243
x1.xbias.xrdeg.21                  7.60094e-05
x1.xbias.b0b                              2.97
x1.xbias.b1b                              2.97
x1.xbias.b2b                       4.70114e-09
x1.xbias.vbn1                         0.624862
x1.xbias.ga                               2.97
x1.xbias.vbp2                          2.05762
x1.xbias.gb                        1.16788e-10
x1.vbn                                0.713038
x1.xbias.gc                            2.05762
x1.vbp                                 1.94417
x1.xs1.nh                              1.33597
x1.y1                                        0
x1.y5                                        0
x1.xs1.nt                         -2.73563e-39
x1.xs2.nh                                 2.97
x1.y2                                     2.97
x1.xs2.nt                          7.92324e-08
x1.xs3.nh                                 2.97
x1.y3                                        0
x1.xs3.nt                         -1.05718e-59
x1.xs4.nh                                 2.97
x1.y4                                     2.97
x1.xs4.nt                          7.92324e-08
x1.xs5.nh                                 2.97
x1.xs5.nt                         -1.05718e-59
x1.nb1                                    2.97
x1.nb2                             3.16349e-09
clk1                                      2.97
x1.xcdec1.c_moscap_int1                  -2.97
x1.xcdec2.c_moscap_int1                  -2.97
x2.xbias.na                            0.84819
x2.xbias.vbpc                          1.91248
x2.xbias.nc                           0.115509
x2.xbias.xrcg.11                       0.11529
x2.xbias.xrcg.21                   0.000218893
x2.xbias.nsu                        0.00858777
x2.xbias.vfix                          1.55639
x2.xbias.nmd                           0.67066
x2.xbias.vbp0                          2.02346
x2.xbias.noff                         0.683307
x2.xbias.xroff.11                      0.68308
x2.xbias.xroff.21                  0.000226487
x2.xbias.nvi                          0.430234
x2.xbias.xrdeg.11                     0.430091
x2.xbias.xrdeg.21                  0.000142604
x2.xbias.b0b                              2.97
x2.xbias.b1b                              2.97
x2.xbias.b2b                       4.70114e-09
x2.xbias.vbn1                         0.636361
x2.xbias.ga                               2.97
x2.xbias.vbp2                          2.04559
x2.xbias.gb                        1.17055e-10
x2.vbn                                0.728577
x2.xbias.gc                            2.04559
x2.vbp                                 1.92561
x2.xs1.nh                              1.35197
x2.y1                                        0
x2.y5                                        0
x2.xs1.nt                         -8.58072e-39
x2.xs2.nh                                 2.97
x2.y2                                     2.97
x2.xs2.nt                           7.0078e-08
x2.xs3.nh                                 2.97
x2.y3                                        0
x2.xs3.nt                          7.88684e-60
x2.xs4.nh                                 2.97
x2.y4                                     2.97
x2.xs4.nt                           7.0078e-08
x2.xs5.nh                                 2.97
x2.xs5.nt                          7.88684e-60
x2.nb1                                    2.97
x2.nb2                             3.16349e-09
clk2                                      2.97
x2.xcdec1.c_moscap_int1                  -2.97
x2.xcdec2.c_moscap_int1                  -2.97
x3.xbias.na                            0.84819
x3.xbias.vbpc                          1.91248
x3.xbias.nc                           0.115509
x3.xbias.xrcg.11                       0.11529
x3.xbias.xrcg.21                   0.000218893
x3.xbias.nsu                        0.00858777
x3.xbias.vfix                          1.55639
x3.xbias.nmd                           0.67066
x3.xbias.vbp0                          2.01095
x3.xbias.noff                         0.683285
x3.xbias.xroff.11                     0.683059
x3.xbias.xroff.21                   0.00022648
x3.xbias.nvi                          0.642504
x3.xbias.xrdeg.11                     0.642291
x3.xbias.xrdeg.21                  0.000212963
x3.xbias.b0b                              2.97
x3.xbias.b1b                              2.97
x3.xbias.b2b                       4.70114e-09
x3.xbias.vbn1                         0.646901
x3.xbias.ga                               2.97
x3.xbias.vbp2                          2.03456
x3.xbias.gb                        1.17299e-10
x3.vbn                                0.743144
x3.xbias.gc                            2.03456
x3.vbp                                 1.90804
x3.xs1.nh                              1.36715
x3.y1                                        0
x3.y5                                        0
x3.xs1.nt                         -2.73357e-39
x3.xs2.nh                                 2.97
x3.y2                                     2.97
x3.xs2.nt                           6.3028e-08
x3.xs3.nh                                 2.97
x3.y3                                        0
x3.xs3.nt                         -2.90417e-73
x3.xs4.nh                                 2.97
x3.y4                                     2.97
x3.xs4.nt                           6.3028e-08
x3.xs5.nh                                 2.97
x3.xs5.nt                         -2.90417e-73
x3.nb1                                    2.97
x3.nb2                             3.16349e-09
clk3                                      2.97
x3.xcdec1.c_moscap_int1                  -2.97
x3.xcdec2.c_moscap_int1                  -2.97
x4.xbias.na                            0.84819
x4.xbias.vbpc                          1.91248
x4.xbias.nc                           0.115509
x4.xbias.xrcg.11                       0.11529
x4.xbias.xrcg.21                   0.000218893
x4.xbias.nsu                        0.00858777
x4.xbias.vfix                          1.55639
x4.xbias.nmd                           0.67066
x4.xbias.vbp0                           1.9994
x4.xbias.noff                         0.683265
x4.xbias.xroff.11                     0.683039
x4.xbias.xroff.21                  0.000226473
x4.xbias.nvi                          0.861964
x4.xbias.xrdeg.11                     0.861678
x4.xbias.xrdeg.21                  0.000285704
x4.xbias.b0b                              2.97
x4.xbias.b1b                              2.97
x4.xbias.b2b                       4.70114e-09
x4.xbias.vbn1                          0.65655
x4.xbias.ga                               2.97
x4.xbias.vbp2                          2.02444
x4.xbias.gb                        1.17521e-10
x4.vbn                                0.756748
x4.xbias.gc                            2.02444
x4.vbp                                 1.89148
x4.xs1.nh                              1.38149
x4.y1                                        0
x4.y5                                        0
x4.xs1.nt                          3.69334e-68
x4.xs2.nh                                 2.97
x4.y2                                     2.97
x4.xs2.nt                          5.74939e-08
x4.xs3.nh                                 2.97
x4.y3                                        0
x4.xs3.nt                         -1.8993e-141
x4.xs4.nh                                 2.97
x4.y4                                     2.97
x4.xs4.nt                          5.74939e-08
x4.xs5.nh                                 2.97
x4.xs5.nt                         -1.8993e-141
x4.nb1                                    2.97
x4.nb2                             3.16349e-09
clk4                                      2.97
x4.xcdec1.c_moscap_int1                  -2.97
x4.xcdec2.c_moscap_int1                  -2.97
x5.xbias.na                            0.84819
x5.xbias.vbpc                          1.91248
x5.xbias.nc                           0.115509
x5.xbias.xrcg.11                       0.11529
x5.xbias.xrcg.21                   0.000218893
x5.xbias.nsu                        0.00858777
x5.xbias.vfix                          1.55639
x5.xbias.nmd                           0.67066
x5.xbias.vbp0                          1.98867
x5.xbias.noff                         0.683247
x5.xbias.xroff.11                      0.68302
x5.xbias.xroff.21                  0.000226467
x5.xbias.nvi                           1.08677
x5.xbias.xrdeg.11                      1.08641
x5.xbias.xrdeg.21                  0.000360219
x5.xbias.b0b                              2.97
x5.xbias.b1b                              2.97
x5.xbias.b2b                       4.70114e-09
x5.xbias.vbn1                         0.665451
x5.xbias.ga                               2.97
x5.xbias.vbp2                          2.01509
x5.xbias.gb                        1.17726e-10
x5.vbn                                0.769523
x5.xbias.gc                            2.01509
x5.vbp                                 1.87581
x5.xs1.nh                              1.39508
x5.y1                                        0
x5.y5                                        0
x5.xs1.nt                         -5.47437e-26
x5.xs2.nh                                 2.97
x5.y2                                     2.97
x5.xs2.nt                          5.30409e-08
x5.xs3.nh                                 2.97
x5.y3                                        0
x5.xs3.nt                          1.24848e-32
x5.xs4.nh                                 2.97
x5.y4                                     2.97
x5.xs4.nt                          5.30409e-08
x5.xs5.nh                                 2.97
x5.xs5.nt                          1.24848e-32
x5.nb1                                    2.97
x5.nb2                             3.16349e-09
clk5                                      2.97
x5.xcdec1.c_moscap_int1                  -2.97
x5.xcdec2.c_moscap_int1                  -2.97
x6.xbias.na                            0.84819
x6.xbias.vbpc                          1.91248
x6.xbias.nc                           0.115509
x6.xbias.xrcg.11                       0.11529
x6.xbias.xrcg.21                   0.000218893
x6.xbias.nsu                        0.00858777
x6.xbias.vfix                          1.55639
x6.xbias.nmd                           0.67066
x6.xbias.vbp0                          1.97861
x6.xbias.noff                         0.683229
x6.xbias.xroff.11                     0.683003
x6.xbias.xroff.21                  0.000226461
x6.xbias.nvi                           1.31586
x6.xbias.xrdeg.11                      1.31542
x6.xbias.xrdeg.21                  0.000436151
x6.xbias.b0b                              2.97
x6.xbias.b1b                              2.97
x6.xbias.b2b                       4.70114e-09
x6.xbias.vbn1                         0.673728
x6.xbias.ga                               2.97
x6.xbias.vbp2                          2.00639
x6.xbias.gb                        1.17916e-10
x6.vbn                                0.781595
x6.xbias.gc                            2.00639
x6.vbp                                 1.86091
x6.xs1.nh                              1.40802
x6.y1                                        0
x6.y5                                        0
x6.xs1.nt                         -2.80807e-15
x6.xs2.nh                                 2.97
x6.y2                                     2.97
x6.xs2.nt                          4.93774e-08
x6.xs3.nh                                 2.97
x6.y3                                        0
x6.xs3.nt                          3.82995e-17
x6.xs4.nh                                 2.97
x6.y4                                     2.97
x6.xs4.nt                          4.93774e-08
x6.xs5.nh                                 2.97
x6.xs5.nt                          3.82995e-17
x6.nb1                                    2.97
x6.nb2                             3.16349e-09
clk6                                      2.97
x6.xcdec1.c_moscap_int1                  -2.97
x6.xcdec2.c_moscap_int1                  -2.97
x7.xbias.na                            0.84819
x7.xbias.vbpc                          1.91248
x7.xbias.nc                           0.115509
x7.xbias.xrcg.11                       0.11529
x7.xbias.xrcg.21                   0.000218893
x7.xbias.nsu                        0.00858777
x7.xbias.vfix                          1.55639
x7.xbias.nmd                           0.67066
x7.xbias.vbp0                          1.96913
x7.xbias.noff                         0.683213
x7.xbias.xroff.11                     0.682986
x7.xbias.xroff.21                  0.000226456
x7.xbias.nvi                           1.54843
x7.xbias.xrdeg.11                      1.54792
x7.xbias.xrdeg.21                  0.000513239
x7.xbias.b0b                              2.97
x7.xbias.b1b                              2.97
x7.xbias.b2b                       4.70114e-09
x7.xbias.vbn1                         0.681478
x7.xbias.ga                               2.97
x7.xbias.vbp2                          1.99823
x7.xbias.gb                        1.18094e-10
x7.vbn                                0.793065
x7.xbias.gc                            1.99823
x7.vbp                                 1.84667
x7.xs1.nh                              1.42038
x7.y1                                        0
x7.y5                                        0
x7.xs1.nt                          -1.6194e-25
x7.xs2.nh                                 2.97
x7.y2                                     2.97
x7.xs2.nt                          4.63071e-08
x7.xs3.nh                                 2.97
x7.y3                                        0
x7.xs3.nt                         -5.02036e-46
x7.xs4.nh                                 2.97
x7.y4                                     2.97
x7.xs4.nt                          4.63071e-08
x7.xs5.nh                                 2.97
x7.xs5.nt                         -5.02036e-46
x7.nb1                                    2.97
x7.nb2                             3.16349e-09
clk7                                      2.97
x7.xcdec1.c_moscap_int1                  -2.97
x7.xcdec2.c_moscap_int1                  -2.97
e.x7.xcdec2.ec_moscap#branch                 0
e.x7.xcdec1.ec_moscap#branch                 0
e.x6.xcdec2.ec_moscap#branch                 0
e.x6.xcdec1.ec_moscap#branch                 0
e.x5.xcdec2.ec_moscap#branch                 0
e.x5.xcdec1.ec_moscap#branch                 0
e.x4.xcdec2.ec_moscap#branch                 0
e.x4.xcdec1.ec_moscap#branch                 0
e.x3.xcdec2.ec_moscap#branch                 0
e.x3.xcdec1.ec_moscap#branch                 0
e.x2.xcdec2.ec_moscap#branch                 0
e.x2.xcdec1.ec_moscap#branch                 0
e.x1.xcdec2.ec_moscap#branch                 0
e.x1.xcdec1.ec_moscap#branch                 0
vs7#branch                         0.000124959
vs6#branch                         0.000113966
vs5#branch                         0.000103095
vs4#branch                         9.23776e-05
vs3#branch                         8.18603e-05
vs2#branch                         7.16245e-05
vs1#branch                         6.18646e-05
vv7#branch                                   0
vv6#branch                                   0
vv5#branch                                   0
vv4#branch                                   0
vv3#branch                                   0
vv2#branch                                   0
vv1#branch                                   0
vb2#branch                                   0
vb1#branch                                   0
vb0#branch                                   0
vdd#branch                        -0.000649746


No. of Data Rows : 2586

  Measurements for Transient Analysis

tp1                 =  1.15361e-07 targ=  2.31197e-07 trig=  1.15836e-07
tp2                 =  9.40341e-08 targ=  2.12153e-07 trig=  1.18119e-07
tp3                 =  7.85141e-08 targ=  1.96812e-07 trig=  1.18298e-07
tp4                 =  6.69051e-08 targ=  1.84543e-07 trig=  1.17638e-07
tp5                 =  5.79938e-08 targ=  1.74484e-07 trig=  1.16490e-07
tp6                 =  5.10175e-08 targ=  1.66170e-07 trig=  1.15153e-07
tp7                 =  4.53070e-08 targ=  1.59081e-07 trig=  1.13774e-07
f1                  =  3.46737e+07
f2                  =  4.25377e+07
f3                  =  5.09462e+07
f4                  =  5.97862e+07
f5                  =  6.89729e+07
f6                  =  7.84045e+07
f7                  =  8.82866e+07
i1                  =  8.36053e-05 from=  1.07191e-07 to=  2.94776e-07
i2                  =  9.66759e-05 from=  1.07191e-07 to=  2.94776e-07
i3                  =  1.10420e-04 from=  1.07191e-07 to=  2.94776e-07
i4                  =  1.25036e-04 from=  1.07191e-07 to=  2.94776e-07
i5                  =  1.39346e-04 from=  1.07191e-07 to=  2.94776e-07
i6                  =  1.53842e-04 from=  1.07191e-07 to=  2.94776e-07
i7                  =  1.68255e-04 from=  1.07191e-07 to=  2.94776e-07
sw1hi               =  3.10144e+00 at=  2.31374e-07
sw1lo               =  -1.23694e-01 at=  2.15783e-07
sw7hi               =  3.10181e+00 at=  2.49962e-07
sw7lo               =  -1.27259e-01 at=  2.66495e-07


Total analysis time (seconds) = 243.271

Total elapsed time (seconds) = 250.415 

Total DRAM available = 98304.000 MB.
DRAM currently available = 20479.344 MB.
Maximum ngspice program size =   24.203 MB.
Current ngspice program size =   24.203 MB.


======== band 5 :: generated deck (fs_27c_2.97v) ========
* GENERATED by simenv.sh -- do not edit; edit /Users/rwalters/GitHub/gf180-pll/.loom/worktrees/issue-8/sim/vco-tuning-range/testbench/tb_vco_tuning.sp instead
* tag=fs_T27_V2p97_B5 libs=fs,res_typical,moscap_typical temp=27C
.include "/Users/rwalters/.volare/gf180mcuD/libs.tech/ngspice/design.ngspice"
.lib "/Users/rwalters/.volare/gf180mcuD/libs.tech/ngspice/sm141064.ngspice" fs
.lib "/Users/rwalters/.volare/gf180mcuD/libs.tech/ngspice/sm141064.ngspice" res_typical
.lib "/Users/rwalters/.volare/gf180mcuD/libs.tech/ngspice/sm141064.ngspice" moscap_typical
.temp 27
.param sim_temp=27
.param vsup=2.97
.param b0v=1*2.97
.param b1v=0*2.97
.param b2v=1*2.97
.param tsettle=6.49644e-08
.param tstop=1.78652e-07
.param tstep=8.62646e-11
.param tmax=8.62646e-11
.include "/Users/rwalters/GitHub/gf180-pll/.loom/worktrees/issue-8/sim/vco-tuning-range/testbench/tb_vco_tuning.sp"
.end

======== band 5 :: ngspice output ========

Note: Compatibility modes selected: hs a

Warning: m=xx on .subckt line will override multiplier m hierarchy!


Circuit: * generated by simenv.sh -- do not edit; edit /users/rwalters/github/gf180-pll/.loom/worktrees/issue-8/sim/vco-tuning-range/testbench/tb_vco_tuning.sp instead

Doing analysis at TEMP = 27.000000 and TNOM = 27.000000

Using SPARSE 1.3 as Direct Linear Solver

Initial Transient Solution
--------------------------

Node                                   Voltage
----                                   -------
vdd                                       2.97
nb0                                       2.97
nb1                                          0
nb2                                       2.97
vc1                                        0.9
vc2                                        1.2
vc3                                        1.5
vc4                                        1.8
vc5                                        2.1
vc6                                        2.4
vc7                                        2.7
nv1                                       2.97
nv2                                       2.97
nv3                                       2.97
nv4                                       2.97
nv5                                       2.97
nv6                                       2.97
nv7                                       2.97
x1.xbias.na                            0.84819
x1.xbias.vbpc                          1.91248
x1.xbias.nc                           0.115509
x1.xbias.xrcg.11                       0.11529
x1.xbias.xrcg.21                   0.000218893
x1.xbias.nsu                        0.00858777
x1.xbias.vfix                          1.55639
x1.xbias.nmd                           0.67066
x1.xbias.vbp0                          2.03697
x1.xbias.noff                          0.68333
x1.xbias.xroff.11                     0.683104
x1.xbias.xroff.21                  0.000226495
x1.xbias.nvi                          0.229319
x1.xbias.xrdeg.11                     0.229243
x1.xbias.xrdeg.21                  7.60094e-05
x1.xbias.b0b                       4.70114e-09
x1.xbias.b1b                              2.97
x1.xbias.b2b                       4.70114e-09
x1.xbias.vbn1                         0.655102
x1.xbias.ga                            2.03697
x1.xbias.vbp2                          2.02596
x1.xbias.gb                        1.17488e-10
x1.vbn                                0.754689
x1.xbias.gc                            2.02596
x1.vbp                                 1.89399
x1.xs1.nh                              1.37931
x1.y1                                        0
x1.y5                                        0
x1.xs1.nt                          1.36888e-32
x1.xs2.nh                                 2.97
x1.y2                                     2.97
x1.xs2.nt                           5.8275e-08
x1.xs3.nh                                 2.97
x1.y3                                        0
x1.xs3.nt                        -9.34178e-280
x1.xs4.nh                                 2.97
x1.y4                                     2.97
x1.xs4.nt                           5.8275e-08
x1.xs5.nh                                 2.97
x1.xs5.nt                        -9.34178e-280
x1.nb1                                    2.97
x1.nb2                             3.16349e-09
clk1                                      2.97
x1.xcdec1.c_moscap_int1                  -2.97
x1.xcdec2.c_moscap_int1                  -2.97
x2.xbias.na                            0.84819
x2.xbias.vbpc                          1.91248
x2.xbias.nc                           0.115509
x2.xbias.xrcg.11                       0.11529
x2.xbias.xrcg.21                   0.000218893
x2.xbias.nsu                        0.00858777
x2.xbias.vfix                          1.55639
x2.xbias.nmd                           0.67066
x2.xbias.vbp0                          2.02346
x2.xbias.noff                         0.683307
x2.xbias.xroff.11                      0.68308
x2.xbias.xroff.21                  0.000226487
x2.xbias.nvi                          0.430234
x2.xbias.xrdeg.11                     0.430091
x2.xbias.xrdeg.21                  0.000142604
x2.xbias.b0b                       4.70114e-09
x2.xbias.b1b                              2.97
x2.xbias.b2b                       4.70114e-09
x2.xbias.vbn1                         0.668158
x2.xbias.ga                            2.02346
x2.xbias.vbp2                          2.01225
x2.xbias.gb                        1.17789e-10
x2.vbn                                0.773452
x2.xbias.gc                            2.01225
x2.vbp                                 1.87097
x2.xs1.nh                              1.39928
x2.y1                                        0
x2.y5                                        0
x2.xs1.nt                         -1.43866e-32
x2.xs2.nh                                 2.97
x2.y2                                     2.97
x2.xs2.nt                          5.17954e-08
x2.xs3.nh                                 2.97
x2.y3                                        0
x2.xs3.nt                          6.26038e-46
x2.xs4.nh                                 2.97
x2.y4                                     2.97
x2.xs4.nt                          5.17954e-08
x2.xs5.nh                                 2.97
x2.xs5.nt                          6.26038e-46
x2.nb1                                    2.97
x2.nb2                             3.16349e-09
clk2                                      2.97
x2.xcdec1.c_moscap_int1                  -2.97
x2.xcdec2.c_moscap_int1                  -2.97
x3.xbias.na                            0.84819
x3.xbias.vbpc                          1.91248
x3.xbias.nc                           0.115509
x3.xbias.xrcg.11                       0.11529
x3.xbias.xrcg.21                   0.000218893
x3.xbias.nsu                        0.00858777
x3.xbias.vfix                          1.55639
x3.xbias.nmd                           0.67066
x3.xbias.vbp0                          2.01095
x3.xbias.noff                         0.683285
x3.xbias.xroff.11                     0.683059
x3.xbias.xroff.21                   0.00022648
x3.xbias.nvi                          0.642504
x3.xbias.xrdeg.11                     0.642291
x3.xbias.xrdeg.21                  0.000212963
x3.xbias.b0b                       4.70114e-09
x3.xbias.b1b                              2.97
x3.xbias.b2b                       4.70114e-09
x3.xbias.vbn1                          0.68025
x3.xbias.ga                            2.01095
x3.xbias.vbp2                          1.99953
x3.xbias.gb                        1.18066e-10
x3.vbn                                0.791237
x3.xbias.gc                            1.99953
x3.vbp                                 1.84895
x3.xs1.nh                              1.41841
x3.y1                                        0
x3.y5                                        0
x3.xs1.nt                          2.10403e-32
x3.xs2.nh                                 2.97
x3.y2                                     2.97
x3.xs2.nt                          4.67724e-08
x3.xs3.nh                                 2.97
x3.y3                                        0
x3.xs3.nt                         -2.97324e-60
x3.xs4.nh                                 2.97
x3.y4                                     2.97
x3.xs4.nt                          4.67724e-08
x3.xs5.nh                                 2.97
x3.xs5.nt                         -2.97324e-60
x3.nb1                                    2.97
x3.nb2                             3.16349e-09
clk3                                      2.97
x3.xcdec1.c_moscap_int1                  -2.97
x3.xcdec2.c_moscap_int1                  -2.97
x4.xbias.na                            0.84819
x4.xbias.vbpc                          1.91248
x4.xbias.nc                           0.115509
x4.xbias.xrcg.11                       0.11529
x4.xbias.xrcg.21                   0.000218893
x4.xbias.nsu                        0.00858777
x4.xbias.vfix                          1.55639
x4.xbias.nmd                           0.67066
x4.xbias.vbp0                           1.9994
x4.xbias.noff                         0.683265
x4.xbias.xroff.11                     0.683039
x4.xbias.xroff.21                  0.000226473
x4.xbias.nvi                          0.861964
x4.xbias.xrdeg.11                     0.861678
x4.xbias.xrdeg.21                  0.000285704
x4.xbias.b0b                       4.70114e-09
x4.xbias.b1b                              2.97
x4.xbias.b2b                       4.70114e-09
x4.xbias.vbn1                          0.69142
x4.xbias.ga                             1.9994
x4.xbias.vbp2                          1.98775
x4.xbias.gb                        1.18322e-10
x4.vbn                                0.808012
x4.xbias.gc                            1.98775
x4.vbp                                 1.82803
x4.xs1.nh                               1.4366
x4.y1                                        0
x4.y5                                        0
x4.xs1.nt                          6.36204e-33
x4.xs2.nh                                 2.97
x4.y2                                     2.97
x4.xs2.nt                          4.28078e-08
x4.xs3.nh                                 2.97
x4.y3                                        0
x4.xs3.nt                          1.52194e-59
x4.xs4.nh                                 2.97
x4.y4                                     2.97
x4.xs4.nt                          4.28078e-08
x4.xs5.nh                                 2.97
x4.xs5.nt                          1.52194e-59
x4.nb1                                    2.97
x4.nb2                             3.16349e-09
clk4                                      2.97
x4.xcdec1.c_moscap_int1                  -2.97
x4.xcdec2.c_moscap_int1                  -2.97
x5.xbias.na                            0.84819
x5.xbias.vbpc                          1.91248
x5.xbias.nc                           0.115509
x5.xbias.xrcg.11                       0.11529
x5.xbias.xrcg.21                   0.000218893
x5.xbias.nsu                        0.00858777
x5.xbias.vfix                          1.55639
x5.xbias.nmd                           0.67066
x5.xbias.vbp0                          1.98867
x5.xbias.noff                         0.683247
x5.xbias.xroff.11                      0.68302
x5.xbias.xroff.21                  0.000226467
x5.xbias.nvi                           1.08677
x5.xbias.xrdeg.11                      1.08641
x5.xbias.xrdeg.21                  0.000360219
x5.xbias.b0b                       4.70114e-09
x5.xbias.b1b                              2.97
x5.xbias.b2b                       4.70114e-09
x5.xbias.vbn1                         0.701806
x5.xbias.ga                            1.98867
x5.xbias.vbp2                          1.97677
x5.xbias.gb                         1.1856e-10
x5.vbn                                0.823902
x5.xbias.gc                            1.97677
x5.vbp                                 1.80812
x5.xs1.nh                              1.45394
x5.y1                                        0
x5.y5                                        0
x5.xs1.nt                          8.88929e-40
x5.xs2.nh                                 2.97
x5.y2                                     2.97
x5.xs2.nt                          3.96032e-08
x5.xs3.nh                                 2.97
x5.y3                                        0
x5.xs3.nt                         -7.05103e-60
x5.xs4.nh                                 2.97
x5.y4                                     2.97
x5.xs4.nt                          3.96032e-08
x5.xs5.nh                                 2.97
x5.xs5.nt                         -7.05103e-60
x5.nb1                                    2.97
x5.nb2                             3.16349e-09
clk5                                      2.97
x5.xcdec1.c_moscap_int1                  -2.97
x5.xcdec2.c_moscap_int1                  -2.97
x6.xbias.na                            0.84819
x6.xbias.vbpc                          1.91248
x6.xbias.nc                           0.115509
x6.xbias.xrcg.11                       0.11529
x6.xbias.xrcg.21                   0.000218893
x6.xbias.nsu                        0.00858777
x6.xbias.vfix                          1.55639
x6.xbias.nmd                           0.67066
x6.xbias.vbp0                          1.97861
x6.xbias.noff                         0.683229
x6.xbias.xroff.11                     0.683003
x6.xbias.xroff.21                  0.000226461
x6.xbias.nvi                           1.31586
x6.xbias.xrdeg.11                      1.31542
x6.xbias.xrdeg.21                  0.000436151
x6.xbias.b0b                       4.70114e-09
x6.xbias.b1b                              2.97
x6.xbias.b2b                       4.70114e-09
x6.xbias.vbn1                         0.711534
x6.xbias.ga                            1.97861
x6.xbias.vbp2                          1.96648
x6.xbias.gb                        1.18782e-10
x6.vbn                                0.839034
x6.xbias.gc                            1.96648
x6.vbp                                 1.78909
x6.xs1.nh                              1.47053
x6.y1                                        0
x6.y5                                        0
x6.xs1.nt                         -1.19699e-39
x6.xs2.nh                                 2.97
x6.y2                                     2.97
x6.xs2.nt                          3.69566e-08
x6.xs3.nh                                 2.97
x6.y3                                        0
x6.xs3.nt                         -1.75162e-73
x6.xs4.nh                                 2.97
x6.y4                                     2.97
x6.xs4.nt                          3.69566e-08
x6.xs5.nh                                 2.97
x6.xs5.nt                         -1.75162e-73
x6.nb1                                    2.97
x6.nb2                             3.16349e-09
clk6                                      2.97
x6.xcdec1.c_moscap_int1                  -2.97
x6.xcdec2.c_moscap_int1                  -2.97
x7.xbias.na                            0.84819
x7.xbias.vbpc                          1.91248
x7.xbias.nc                           0.115509
x7.xbias.xrcg.11                       0.11529
x7.xbias.xrcg.21                   0.000218893
x7.xbias.nsu                        0.00858777
x7.xbias.vfix                          1.55639
x7.xbias.nmd                           0.67066
x7.xbias.vbp0                          1.96913
x7.xbias.noff                         0.683213
x7.xbias.xroff.11                     0.682986
x7.xbias.xroff.21                  0.000226456
x7.xbias.nvi                           1.54843
x7.xbias.xrdeg.11                      1.54792
x7.xbias.xrdeg.21                  0.000513239
x7.xbias.b0b                       4.70114e-09
x7.xbias.b1b                              2.97
x7.xbias.b2b                       4.70114e-09
x7.xbias.vbn1                         0.720702
x7.xbias.ga                            1.96913
x7.xbias.vbp2                          1.95675
x7.xbias.gb                        1.18991e-10
x7.vbn                                0.853512
x7.xbias.gc                            1.95675
x7.vbp                                 1.77084
x7.xs1.nh                              1.48646
x7.y1                                        0
x7.y5                                        0
x7.xs1.nt                         -1.22511e-39
x7.xs2.nh                                 2.97
x7.y2                                     2.97
x7.xs2.nt                          3.47311e-08
x7.xs3.nh                                 2.97
x7.y3                                        0
x7.xs3.nt                          3.37011e-46
x7.xs4.nh                                 2.97
x7.y4                                     2.97
x7.xs4.nt                          3.47311e-08
x7.xs5.nh                                 2.97
x7.xs5.nt                          3.37011e-46
x7.nb1                                    2.97
x7.nb2                             3.16349e-09
clk7                                      2.97
x7.xcdec1.c_moscap_int1                  -2.97
x7.xcdec2.c_moscap_int1                  -2.97
e.x7.xcdec2.ec_moscap#branch                 0
e.x7.xcdec1.ec_moscap#branch                 0
e.x6.xcdec2.ec_moscap#branch                 0
e.x6.xcdec1.ec_moscap#branch                 0
e.x5.xcdec2.ec_moscap#branch                 0
e.x5.xcdec1.ec_moscap#branch                 0
e.x4.xcdec2.ec_moscap#branch                 0
e.x4.xcdec1.ec_moscap#branch                 0
e.x3.xcdec2.ec_moscap#branch                 0
e.x3.xcdec1.ec_moscap#branch                 0
e.x2.xcdec2.ec_moscap#branch                 0
e.x2.xcdec1.ec_moscap#branch                 0
e.x1.xcdec2.ec_moscap#branch                 0
e.x1.xcdec1.ec_moscap#branch                 0
vs7#branch                         0.000179151
vs6#branch                         0.000162742
vs5#branch                         0.000146515
vs4#branch                         0.000130517
vs3#branch                         0.000114818
vs2#branch                         9.95403e-05
vs1#branch                         8.49752e-05
vv7#branch                                   0
vv6#branch                                   0
vv5#branch                                   0
vv4#branch                                   0
vv3#branch                                   0
vv2#branch                                   0
vv1#branch                                   0
vb2#branch                                   0
vb1#branch                                   0
vb0#branch                                   0
vdd#branch                        -0.000918258


No. of Data Rows : 2524

  Measurements for Transient Analysis

tp1                 =  6.85484e-08 targ=  1.37563e-07 trig=  6.90146e-08
tp2                 =  5.55906e-08 targ=  1.25549e-07 trig=  6.99586e-08
tp3                 =  4.61808e-08 targ=  1.15907e-07 trig=  6.97257e-08
tp4                 =  3.91743e-08 targ=  1.08184e-07 trig=  6.90096e-08
tp5                 =  3.38085e-08 targ=  1.01924e-07 trig=  6.81151e-08
tp6                 =  2.96311e-08 targ=  9.67794e-08 trig=  6.71483e-08
tp7                 =  2.63111e-08 targ=  9.25217e-08 trig=  6.62106e-08
f1                  =  5.83530e+07
f2                  =  7.19546e+07
f3                  =  8.66160e+07
f4                  =  1.02108e+08
f5                  =  1.18314e+08
f6                  =  1.34993e+08
f7                  =  1.52027e+08
i1                  =  1.15337e-04 from=  6.49644e-08 to=  1.78652e-07
i2                  =  1.34525e-04 from=  6.49644e-08 to=  1.78652e-07
i3                  =  1.55009e-04 from=  6.49644e-08 to=  1.78652e-07
i4                  =  1.76645e-04 from=  6.49644e-08 to=  1.78652e-07
i5                  =  1.98907e-04 from=  6.49644e-08 to=  1.78652e-07
i6                  =  2.21381e-04 from=  6.49644e-08 to=  1.78652e-07
i7                  =  2.42899e-04 from=  6.49644e-08 to=  1.78652e-07
sw1hi               =  3.07678e+00 at=  1.71967e-07
sw1lo               =  -1.22473e-01 at=  1.28475e-07
sw7hi               =  3.07535e+00 at=  7.29222e-08
sw7lo               =  -1.38573e-01 at=  9.56875e-08


Total analysis time (seconds) = 225.054

Total elapsed time (seconds) = 231.936 

Total DRAM available = 98304.000 MB.
DRAM currently available = 18108.141 MB.
Maximum ngspice program size =   23.812 MB.
Current ngspice program size =   23.812 MB.


======== band 6 :: generated deck (fs_27c_2.97v) ========
* GENERATED by simenv.sh -- do not edit; edit /Users/rwalters/GitHub/gf180-pll/.loom/worktrees/issue-8/sim/vco-tuning-range/testbench/tb_vco_tuning.sp instead
* tag=fs_T27_V2p97_B6 libs=fs,res_typical,moscap_typical temp=27C
.include "/Users/rwalters/.volare/gf180mcuD/libs.tech/ngspice/design.ngspice"
.lib "/Users/rwalters/.volare/gf180mcuD/libs.tech/ngspice/sm141064.ngspice" fs
.lib "/Users/rwalters/.volare/gf180mcuD/libs.tech/ngspice/sm141064.ngspice" res_typical
.lib "/Users/rwalters/.volare/gf180mcuD/libs.tech/ngspice/sm141064.ngspice" moscap_typical
.temp 27
.param sim_temp=27
.param vsup=2.97
.param b0v=0*2.97
.param b1v=1*2.97
.param b2v=1*2.97
.param tsettle=3.93724e-08
.param tstop=1.08274e-07
.param tstep=5.22816e-11
.param tmax=5.22816e-11
.include "/Users/rwalters/GitHub/gf180-pll/.loom/worktrees/issue-8/sim/vco-tuning-range/testbench/tb_vco_tuning.sp"
.end

======== band 6 :: ngspice output ========

Note: Compatibility modes selected: hs a

Warning: m=xx on .subckt line will override multiplier m hierarchy!


Circuit: * generated by simenv.sh -- do not edit; edit /users/rwalters/github/gf180-pll/.loom/worktrees/issue-8/sim/vco-tuning-range/testbench/tb_vco_tuning.sp instead

Doing analysis at TEMP = 27.000000 and TNOM = 27.000000

Using SPARSE 1.3 as Direct Linear Solver

Initial Transient Solution
--------------------------

Node                                   Voltage
----                                   -------
vdd                                       2.97
nb0                                          0
nb1                                       2.97
nb2                                       2.97
vc1                                        0.9
vc2                                        1.2
vc3                                        1.5
vc4                                        1.8
vc5                                        2.1
vc6                                        2.4
vc7                                        2.7
nv1                                       2.97
nv2                                       2.97
nv3                                       2.97
nv4                                       2.97
nv5                                       2.97
nv6                                       2.97
nv7                                       2.97
x1.xbias.na                            0.84819
x1.xbias.vbpc                          1.91248
x1.xbias.nc                           0.115509
x1.xbias.xrcg.11                       0.11529
x1.xbias.xrcg.21                   0.000218893
x1.xbias.nsu                        0.00858777
x1.xbias.vfix                          1.55639
x1.xbias.nmd                           0.67066
x1.xbias.vbp0                          2.03697
x1.xbias.noff                          0.68333
x1.xbias.xroff.11                     0.683104
x1.xbias.xroff.21                  0.000226495
x1.xbias.nvi                          0.229319
x1.xbias.xrdeg.11                     0.229243
x1.xbias.xrdeg.21                  7.60094e-05
x1.xbias.b0b                              2.97
x1.xbias.b1b                       4.70114e-09
x1.xbias.b2b                       4.70114e-09
x1.xbias.vbn1                         0.624862
x1.xbias.ga                               2.97
x1.xbias.vbp2                          1.98739
x1.xbias.gb                           0.624862
x1.vbn                                0.808526
x1.xbias.gc                            1.98739
x1.vbp                                 1.82739
x1.xs1.nh                              1.43716
x1.y1                                        0
x1.y5                                        0
x1.xs1.nt                          1.19155e-39
x1.xs2.nh                                 2.97
x1.y2                                     2.97
x1.xs2.nt                          4.26964e-08
x1.xs3.nh                                 2.97
x1.y3                                        0
x1.xs3.nt                         -7.24396e-60
x1.xs4.nh                                 2.97
x1.y4                                     2.97
x1.xs4.nt                          4.26964e-08
x1.xs5.nh                                 2.97
x1.xs5.nt                         -7.24396e-60
x1.nb1                                    2.97
x1.nb2                             3.16349e-09
clk1                                      2.97
x1.xcdec1.c_moscap_int1                  -2.97
x1.xcdec2.c_moscap_int1                  -2.97
x2.xbias.na                            0.84819
x2.xbias.vbpc                          1.91248
x2.xbias.nc                           0.115509
x2.xbias.xrcg.11                       0.11529
x2.xbias.xrcg.21                   0.000218893
x2.xbias.nsu                        0.00858777
x2.xbias.vfix                          1.55639
x2.xbias.nmd                           0.67066
x2.xbias.vbp0                          2.02346
x2.xbias.noff                         0.683307
x2.xbias.xroff.11                      0.68308
x2.xbias.xroff.21                  0.000226487
x2.xbias.nvi                          0.430234
x2.xbias.xrdeg.11                     0.430091
x2.xbias.xrdeg.21                  0.000142604
x2.xbias.b0b                              2.97
x2.xbias.b1b                       4.70114e-09
x2.xbias.b2b                       4.70114e-09
x2.xbias.vbn1                         0.636361
x2.xbias.ga                               2.97
x2.xbias.vbp2                          1.97116
x2.xbias.gb                           0.636361
x2.vbn                                 0.83212
x2.xbias.gc                            1.97116
x2.vbp                                 1.79779
x2.xs1.nh                              1.46294
x2.y1                                        0
x2.y5                                        0
x2.xs1.nt                          8.86405e-18
x2.xs2.nh                                 2.97
x2.y2                                     2.97
x2.xs2.nt                          3.81215e-08
x2.xs3.nh                                 2.97
x2.y3                                        0
x2.xs3.nt                         -5.16677e-60
x2.xs4.nh                                 2.97
x2.y4                                     2.97
x2.xs4.nt                          3.81215e-08
x2.xs5.nh                                 2.97
x2.xs5.nt                         -5.16677e-60
x2.nb1                                    2.97
x2.nb2                             3.16349e-09
clk2                                      2.97
x2.xcdec1.c_moscap_int1                  -2.97
x2.xcdec2.c_moscap_int1                  -2.97
x3.xbias.na                            0.84819
x3.xbias.vbpc                          1.91248
x3.xbias.nc                           0.115509
x3.xbias.xrcg.11                       0.11529
x3.xbias.xrcg.21                   0.000218893
x3.xbias.nsu                        0.00858777
x3.xbias.vfix                          1.55639
x3.xbias.nmd                           0.67066
x3.xbias.vbp0                          2.01095
x3.xbias.noff                         0.683285
x3.xbias.xroff.11                     0.683059
x3.xbias.xroff.21                   0.00022648
x3.xbias.nvi                          0.642504
x3.xbias.xrdeg.11                     0.642291
x3.xbias.xrdeg.21                  0.000212963
x3.xbias.b0b                              2.97
x3.xbias.b1b                       4.70114e-09
x3.xbias.b2b                       4.70114e-09
x3.xbias.vbn1                         0.646901
x3.xbias.ga                               2.97
x3.xbias.vbp2                          1.95594
x3.xbias.gb                           0.646901
x3.vbn                                0.854737
x3.xbias.gc                            1.95594
x3.vbp                                 1.76929
x3.xs1.nh                              1.48781
x3.y1                                        0
x3.y5                                        0
x3.xs1.nt                          9.73942e-40
x3.xs2.nh                                 2.97
x3.y2                                     2.97
x3.xs2.nt                           3.4555e-08
x3.xs3.nh                                 2.97
x3.y3                                        0
x3.xs3.nt                         -2.31698e-74
x3.xs4.nh                                 2.97
x3.y4                                     2.97
x3.xs4.nt                           3.4555e-08
x3.xs5.nh                                 2.97
x3.xs5.nt                         -2.31698e-74
x3.nb1                                    2.97
x3.nb2                             3.16349e-09
clk3                                      2.97
x3.xcdec1.c_moscap_int1                  -2.97
x3.xcdec2.c_moscap_int1                  -2.97
x4.xbias.na                            0.84819
x4.xbias.vbpc                          1.91248
x4.xbias.nc                           0.115509
x4.xbias.xrcg.11                       0.11529
x4.xbias.xrcg.21                   0.000218893
x4.xbias.nsu                        0.00858777
x4.xbias.vfix                          1.55639
x4.xbias.nmd                           0.67066
x4.xbias.vbp0                           1.9994
x4.xbias.noff                         0.683265
x4.xbias.xroff.11                     0.683039
x4.xbias.xroff.21                  0.000226473
x4.xbias.nvi                          0.861964
x4.xbias.xrdeg.11                     0.861678
x4.xbias.xrdeg.21                  0.000285704
x4.xbias.b0b                              2.97
x4.xbias.b1b                       4.70114e-09
x4.xbias.b2b                       4.70114e-09
x4.xbias.vbn1                          0.65655
x4.xbias.ga                               2.97
x4.xbias.vbp2                           1.9417
x4.xbias.gb                            0.65655
x4.vbn                                0.876279
x4.xbias.gc                             1.9417
x4.vbp                                 1.74208
x4.xs1.nh                              1.51157
x4.y1                                        0
x4.y5                                        0
x4.xs1.nt                          4.16393e-70
x4.xs2.nh                                 2.97
x4.y2                                     2.97
x4.xs2.nt                          3.17267e-08
x4.xs3.nh                                 2.97
x4.y3                                        0
x4.xs3.nt                         4.66222e-101
x4.xs4.nh                                 2.97
x4.y4                                     2.97
x4.xs4.nt                          3.17267e-08
x4.xs5.nh                                 2.97
x4.xs5.nt                         4.66222e-101
x4.nb1                                    2.97
x4.nb2                             3.16349e-09
clk4                                      2.97
x4.xcdec1.c_moscap_int1                  -2.97
x4.xcdec2.c_moscap_int1                  -2.97
x5.xbias.na                            0.84819
x5.xbias.vbpc                          1.91248
x5.xbias.nc                           0.115509
x5.xbias.xrcg.11                       0.11529
x5.xbias.xrcg.21                   0.000218893
x5.xbias.nsu                        0.00858777
x5.xbias.vfix                          1.55639
x5.xbias.nmd                           0.67066
x5.xbias.vbp0                          1.98867
x5.xbias.noff                         0.683247
x5.xbias.xroff.11                      0.68302
x5.xbias.xroff.21                  0.000226467
x5.xbias.nvi                           1.08677
x5.xbias.xrdeg.11                      1.08641
x5.xbias.xrdeg.21                  0.000360219
x5.xbias.b0b                              2.97
x5.xbias.b1b                       4.70114e-09
x5.xbias.b2b                       4.70114e-09
x5.xbias.vbn1                         0.665451
x5.xbias.ga                               2.97
x5.xbias.vbp2                          1.92832
x5.xbias.gb                           0.665451
x5.vbn                                0.896857
x5.xbias.gc                            1.92832
x5.vbp                                 1.71608
x5.xs1.nh                               1.5343
x5.y1                                        0
x5.y5                                        0
x5.xs1.nt                         -1.43372e-83
x5.xs2.nh                                 2.97
x5.y2                                     2.97
x5.xs2.nt                          2.94316e-08
x5.xs3.nh                                 2.97
x5.y3                                        0
x5.xs3.nt                        -2.07199e-142
x5.xs4.nh                                 2.97
x5.y4                                     2.97
x5.xs4.nt                          2.94316e-08
x5.xs5.nh                                 2.97
x5.xs5.nt                        -2.07199e-142
x5.nb1                                    2.97
x5.nb2                             3.16349e-09
clk5                                      2.97
x5.xcdec1.c_moscap_int1                  -2.97
x5.xcdec2.c_moscap_int1                  -2.97
x6.xbias.na                            0.84819
x6.xbias.vbpc                          1.91248
x6.xbias.nc                           0.115509
x6.xbias.xrcg.11                       0.11529
x6.xbias.xrcg.21                   0.000218893
x6.xbias.nsu                        0.00858777
x6.xbias.vfix                          1.55639
x6.xbias.nmd                           0.67066
x6.xbias.vbp0                          1.97861
x6.xbias.noff                         0.683229
x6.xbias.xroff.11                     0.683003
x6.xbias.xroff.21                  0.000226461
x6.xbias.nvi                           1.31586
x6.xbias.xrdeg.11                      1.31542
x6.xbias.xrdeg.21                  0.000436151
x6.xbias.b0b                              2.97
x6.xbias.b1b                       4.70114e-09
x6.xbias.b2b                       4.70114e-09
x6.xbias.vbn1                         0.673728
x6.xbias.ga                               2.97
x6.xbias.vbp2                          1.91567
x6.xbias.gb                           0.673728
x6.vbn                                0.916599
x6.xbias.gc                            1.91567
x6.vbp                                 1.69116
x6.xs1.nh                               1.5561
x6.y1                                        0
x6.y5                                        0
x6.xs1.nt                         -1.77012e-84
x6.xs2.nh                                 2.97
x6.y2                                     2.97
x6.xs2.nt                          2.75298e-08
x6.xs3.nh                                 2.97
x6.y3                                        0
x6.xs3.nt                         1.39368e-128
x6.xs4.nh                                 2.97
x6.y4                                     2.97
x6.xs4.nt                          2.75298e-08
x6.xs5.nh                                 2.97
x6.xs5.nt                         1.39368e-128
x6.nb1                                    2.97
x6.nb2                             3.16349e-09
clk6                                      2.97
x6.xcdec1.c_moscap_int1                  -2.97
x6.xcdec2.c_moscap_int1                  -2.97
x7.xbias.na                            0.84819
x7.xbias.vbpc                          1.91248
x7.xbias.nc                           0.115509
x7.xbias.xrcg.11                       0.11529
x7.xbias.xrcg.21                   0.000218893
x7.xbias.nsu                        0.00858777
x7.xbias.vfix                          1.55639
x7.xbias.nmd                           0.67066
x7.xbias.vbp0                          1.96913
x7.xbias.noff                         0.683213
x7.xbias.xroff.11                     0.682986
x7.xbias.xroff.21                  0.000226456
x7.xbias.nvi                           1.54843
x7.xbias.xrdeg.11                      1.54792
x7.xbias.xrdeg.21                  0.000513239
x7.xbias.b0b                              2.97
x7.xbias.b1b                       4.70114e-09
x7.xbias.b2b                       4.70114e-09
x7.xbias.vbn1                         0.681478
x7.xbias.ga                               2.97
x7.xbias.vbp2                          1.90365
x7.xbias.gb                           0.681478
x7.vbn                                0.935613
x7.xbias.gc                            1.90365
x7.vbp                                 1.66721
x7.xs1.nh                              1.57707
x7.y1                                        0
x7.y5                                        0
x7.xs1.nt                          1.34812e-92
x7.xs2.nh                                 2.97
x7.y2                                     2.97
x7.xs2.nt                          2.59261e-08
x7.xs3.nh                                 2.97
x7.y3                                        0
x7.xs3.nt                        -4.33158e-156
x7.xs4.nh                                 2.97
x7.y4                                     2.97
x7.xs4.nt                          2.59261e-08
x7.xs5.nh                                 2.97
x7.xs5.nt                        -4.33158e-156
x7.nb1                                    2.97
x7.nb2                             3.16349e-09
clk7                                      2.97
x7.xcdec1.c_moscap_int1                  -2.97
x7.xcdec2.c_moscap_int1                  -2.97
e.x7.xcdec2.ec_moscap#branch                 0
e.x7.xcdec1.ec_moscap#branch                 0
e.x6.xcdec2.ec_moscap#branch                 0
e.x6.xcdec1.ec_moscap#branch                 0
e.x5.xcdec2.ec_moscap#branch                 0
e.x5.xcdec1.ec_moscap#branch                 0
e.x4.xcdec2.ec_moscap#branch                 0
e.x4.xcdec1.ec_moscap#branch                 0
e.x3.xcdec2.ec_moscap#branch                 0
e.x3.xcdec1.ec_moscap#branch                 0
e.x2.xcdec2.ec_moscap#branch                 0
e.x2.xcdec1.ec_moscap#branch                 0
e.x1.xcdec2.ec_moscap#branch                 0
e.x1.xcdec1.ec_moscap#branch                 0
vs7#branch                         0.000255084
vs6#branch                           0.0002312
vs5#branch                         0.000207559
vs4#branch                         0.000184234
vs3#branch                         0.000161324
vs2#branch                         0.000139008
vs1#branch                         0.000117712
vv7#branch                                   0
vv6#branch                                   0
vv5#branch                                   0
vv4#branch                                   0
vv3#branch                                   0
vv2#branch                                   0
vv1#branch                                   0
vb2#branch                                   0
vb1#branch                                   0
vb0#branch                                   0
vdd#branch                         -0.00129612


No. of Data Rows : 2344

  Measurements for Transient Analysis

tp1                 =  3.90193e-08 targ=  7.84208e-08 trig=  3.94014e-08
tp2                 =  3.14666e-08 targ=  7.12295e-08 trig=  3.97629e-08
tp3                 =  2.60621e-08 targ=  6.55656e-08 trig=  3.95035e-08
tp4                 =  2.20895e-08 targ=  6.66862e-08 trig=  4.45967e-08
tp5                 =  1.91136e-08 targ=  6.25157e-08 trig=  4.34021e-08
tp6                 =  1.68191e-08 targ=  5.92241e-08 trig=  4.24050e-08
tp7                 =  1.50092e-08 targ=  5.66232e-08 trig=  4.16140e-08
f1                  =  1.02513e+08
f2                  =  1.27119e+08
f3                  =  1.53479e+08
f4                  =  1.81082e+08
f5                  =  2.09275e+08
f6                  =  2.37825e+08
f7                  =  2.66503e+08
i1                  =  1.64475e-04 from=  3.93724e-08 to=  1.08274e-07
i2                  =  1.93984e-04 from=  3.93724e-08 to=  1.08274e-07
i3                  =  2.25389e-04 from=  3.93724e-08 to=  1.08274e-07
i4                  =  2.56030e-04 from=  3.93724e-08 to=  1.08274e-07
i5                  =  2.88274e-04 from=  3.93724e-08 to=  1.08274e-07
i6                  =  3.20574e-04 from=  3.93724e-08 to=  1.08274e-07
i7                  =  3.52810e-04 from=  3.93724e-08 to=  1.08274e-07
sw1hi               =  3.00802e+00 at=  3.95072e-08
sw1lo               =  -8.95488e-02 at=  4.40537e-08
sw7hi               =  3.04286e+00 at=  7.16933e-08
sw7lo               =  -9.47980e-02 at=  4.71976e-08


Total analysis time (seconds) = 200.269

Total elapsed time (seconds) = 208.148 

Total DRAM available = 98304.000 MB.
DRAM currently available = 10424.234 MB.
Maximum ngspice program size =   23.844 MB.
Current ngspice program size =   23.844 MB.


======== band 7 :: generated deck (fs_27c_2.97v) ========
* GENERATED by simenv.sh -- do not edit; edit /Users/rwalters/GitHub/gf180-pll/.loom/worktrees/issue-8/sim/vco-tuning-range/testbench/tb_vco_tuning.sp instead
* tag=fs_T27_V2p97_B7 libs=fs,res_typical,moscap_typical temp=27C
.include "/Users/rwalters/.volare/gf180mcuD/libs.tech/ngspice/design.ngspice"
.lib "/Users/rwalters/.volare/gf180mcuD/libs.tech/ngspice/sm141064.ngspice" fs
.lib "/Users/rwalters/.volare/gf180mcuD/libs.tech/ngspice/sm141064.ngspice" res_typical
.lib "/Users/rwalters/.volare/gf180mcuD/libs.tech/ngspice/sm141064.ngspice" moscap_typical
.temp 27
.param sim_temp=27
.param vsup=2.97
.param b0v=1*2.97
.param b1v=1*2.97
.param b2v=1*2.97
.param tsettle=2.38621e-08
.param tstop=6.56207e-08
.param tstep=3.16858e-11
.param tmax=3.16858e-11
.include "/Users/rwalters/GitHub/gf180-pll/.loom/worktrees/issue-8/sim/vco-tuning-range/testbench/tb_vco_tuning.sp"
.end

======== band 7 :: ngspice output ========

Note: Compatibility modes selected: hs a

Warning: m=xx on .subckt line will override multiplier m hierarchy!


Circuit: * generated by simenv.sh -- do not edit; edit /users/rwalters/github/gf180-pll/.loom/worktrees/issue-8/sim/vco-tuning-range/testbench/tb_vco_tuning.sp instead

Doing analysis at TEMP = 27.000000 and TNOM = 27.000000

Using SPARSE 1.3 as Direct Linear Solver

Initial Transient Solution
--------------------------

Node                                   Voltage
----                                   -------
vdd                                       2.97
nb0                                       2.97
nb1                                       2.97
nb2                                       2.97
vc1                                        0.9
vc2                                        1.2
vc3                                        1.5
vc4                                        1.8
vc5                                        2.1
vc6                                        2.4
vc7                                        2.7
nv1                                       2.97
nv2                                       2.97
nv3                                       2.97
nv4                                       2.97
nv5                                       2.97
nv6                                       2.97
nv7                                       2.97
x1.xbias.na                            0.84819
x1.xbias.vbpc                          1.91248
x1.xbias.nc                           0.115509
x1.xbias.xrcg.11                       0.11529
x1.xbias.xrcg.21                   0.000218893
x1.xbias.nsu                        0.00858777
x1.xbias.vfix                          1.55639
x1.xbias.nmd                           0.67066
x1.xbias.vbp0                          2.03697
x1.xbias.noff                          0.68333
x1.xbias.xroff.11                     0.683104
x1.xbias.xroff.21                  0.000226495
x1.xbias.nvi                          0.229319
x1.xbias.xrdeg.11                     0.229243
x1.xbias.xrdeg.21                  7.60094e-05
x1.xbias.b0b                       4.70114e-09
x1.xbias.b1b                       4.70114e-09
x1.xbias.b2b                       4.70114e-09
x1.xbias.vbn1                         0.655102
x1.xbias.ga                            2.03697
x1.xbias.vbp2                          1.94386
x1.xbias.gb                           0.655102
x1.vbn                                0.872994
x1.xbias.gc                            1.94386
x1.vbp                                 1.74624
x1.xs1.nh                              1.50794
x1.y1                                        0
x1.y5                                        0
x1.xs1.nt                          2.29551e-17
x1.xs2.nh                                 2.97
x1.y2                                     2.97
x1.xs2.nt                          3.21272e-08
x1.xs3.nh                                 2.97
x1.y3                                        0
x1.xs3.nt                         -1.68696e-32
x1.xs4.nh                                 2.97
x1.y4                                     2.97
x1.xs4.nt                          3.21272e-08
x1.xs5.nh                                 2.97
x1.xs5.nt                         -1.68696e-32
x1.nb1                                    2.97
x1.nb2                             3.16349e-09
clk1                                      2.97
x1.xcdec1.c_moscap_int1                  -2.97
x1.xcdec2.c_moscap_int1                  -2.97
x2.xbias.na                            0.84819
x2.xbias.vbpc                          1.91248
x2.xbias.nc                           0.115509
x2.xbias.xrcg.11                       0.11529
x2.xbias.xrcg.21                   0.000218893
x2.xbias.nsu                        0.00858777
x2.xbias.vfix                          1.55639
x2.xbias.nmd                           0.67066
x2.xbias.vbp0                          2.02346
x2.xbias.noff                         0.683307
x2.xbias.xroff.11                      0.68308
x2.xbias.xroff.21                  0.000226487
x2.xbias.nvi                          0.430234
x2.xbias.xrdeg.11                     0.430091
x2.xbias.xrdeg.21                  0.000142604
x2.xbias.b0b                       4.70114e-09
x2.xbias.b1b                       4.70114e-09
x2.xbias.b2b                       4.70114e-09
x2.xbias.vbn1                         0.668158
x2.xbias.ga                            2.02346
x2.xbias.vbp2                          1.92421
x2.xbias.gb                           0.668158
x2.vbn                                0.903251
x2.xbias.gc                            1.92421
x2.vbp                                 1.70801
x2.xs1.nh                              1.54136
x2.y1                                        0
x2.y5                                        0
x2.xs1.nt                          4.35493e-18
x2.xs2.nh                                 2.97
x2.y2                                     2.97
x2.xs2.nt                          2.87864e-08
x2.xs3.nh                                 2.97
x2.y3                                        0
x2.xs3.nt                         -6.29968e-46
x2.xs4.nh                                 2.97
x2.y4                                     2.97
x2.xs4.nt                          2.87864e-08
x2.xs5.nh                                 2.97
x2.xs5.nt                         -6.29968e-46
x2.nb1                                    2.97
x2.nb2                             3.16349e-09
clk2                                      2.97
x2.xcdec1.c_moscap_int1                  -2.97
x2.xcdec2.c_moscap_int1                  -2.97
x3.xbias.na                            0.84819
x3.xbias.vbpc                          1.91248
x3.xbias.nc                           0.115509
x3.xbias.xrcg.11                       0.11529
x3.xbias.xrcg.21                   0.000218893
x3.xbias.nsu                        0.00858777
x3.xbias.vfix                          1.55639
x3.xbias.nmd                           0.67066
x3.xbias.vbp0                          2.01095
x3.xbias.noff                         0.683285
x3.xbias.xroff.11                     0.683059
x3.xbias.xroff.21                   0.00022648
x3.xbias.nvi                          0.642504
x3.xbias.xrdeg.11                     0.642291
x3.xbias.xrdeg.21                  0.000212963
x3.xbias.b0b                       4.70114e-09
x3.xbias.b1b                       4.70114e-09
x3.xbias.b2b                       4.70114e-09
x3.xbias.vbn1                         0.680249
x3.xbias.ga                            2.01095
x3.xbias.vbp2                          1.90557
x3.xbias.gb                           0.680249
x3.vbn                                0.932566
x3.xbias.gc                            1.90557
x3.vbp                                 1.67104
x3.xs1.nh                              1.57371
x3.y1                                        0
x3.y5                                        0
x3.xs1.nt                          3.12205e-17
x3.xs2.nh                                 2.97
x3.y2                                     2.97
x3.xs2.nt                          2.61697e-08
x3.xs3.nh                                 2.97
x3.y3                                        0
x3.xs3.nt                         -3.01699e-46
x3.xs4.nh                                 2.97
x3.y4                                     2.97
x3.xs4.nt                          2.61697e-08
x3.xs5.nh                                 2.97
x3.xs5.nt                         -3.01699e-46
x3.nb1                                    2.97
x3.nb2                             3.16349e-09
clk3                                      2.97
x3.xcdec1.c_moscap_int1                  -2.97
x3.xcdec2.c_moscap_int1                  -2.97
x4.xbias.na                            0.84819
x4.xbias.vbpc                          1.91248
x4.xbias.nc                           0.115509
x4.xbias.xrcg.11                       0.11529
x4.xbias.xrcg.21                   0.000218893
x4.xbias.nsu                        0.00858777
x4.xbias.vfix                          1.55639
x4.xbias.nmd                           0.67066
x4.xbias.vbp0                           1.9994
x4.xbias.noff                         0.683265
x4.xbias.xroff.11                     0.683039
x4.xbias.xroff.21                  0.000226473
x4.xbias.nvi                          0.861964
x4.xbias.xrdeg.11                     0.861678
x4.xbias.xrdeg.21                  0.000285704
x4.xbias.b0b                       4.70114e-09
x4.xbias.b1b                       4.70114e-09
x4.xbias.b2b                       4.70114e-09
x4.xbias.vbn1                          0.69142
x4.xbias.ga                             1.9994
x4.xbias.vbp2                          1.88799
x4.xbias.gb                            0.69142
x4.vbn                                0.960742
x4.xbias.gc                            1.88799
x4.vbp                                 1.63565
x4.xs1.nh                              1.60471
x4.y1                                        0
x4.y5                                        0
x4.xs1.nt                         -1.06304e-32
x4.xs2.nh                                 2.97
x4.y2                                     2.97
x4.xs2.nt                          2.40871e-08
x4.xs3.nh                                 2.97
x4.y3                                        0
x4.xs3.nt                          2.89132e-46
x4.xs4.nh                                 2.97
x4.y4                                     2.97
x4.xs4.nt                          2.40871e-08
x4.xs5.nh                                 2.97
x4.xs5.nt                          2.89132e-46
x4.nb1                                    2.97
x4.nb2                             3.16349e-09
clk4                                      2.97
x4.xcdec1.c_moscap_int1                  -2.97
x4.xcdec2.c_moscap_int1                  -2.97
x5.xbias.na                            0.84819
x5.xbias.vbpc                          1.91248
x5.xbias.nc                           0.115509
x5.xbias.xrcg.11                       0.11529
x5.xbias.xrcg.21                   0.000218893
x5.xbias.nsu                        0.00858777
x5.xbias.vfix                          1.55639
x5.xbias.nmd                           0.67066
x5.xbias.vbp0                          1.98867
x5.xbias.noff                         0.683247
x5.xbias.xroff.11                      0.68302
x5.xbias.xroff.21                  0.000226467
x5.xbias.nvi                           1.08677
x5.xbias.xrdeg.11                      1.08641
x5.xbias.xrdeg.21                  0.000360219
x5.xbias.b0b                       4.70114e-09
x5.xbias.b1b                       4.70114e-09
x5.xbias.b2b                       4.70114e-09
x5.xbias.vbn1                         0.701806
x5.xbias.ga                            1.98867
x5.xbias.vbp2                          1.87134
x5.xbias.gb                           0.701806
x5.vbn                                0.987869
x5.xbias.gc                            1.87134
x5.vbp                                 1.60174
x5.xs1.nh                              1.63442
x5.y1                                        0
x5.y5                                        0
x5.xs1.nt                          6.46044e-18
x5.xs2.nh                                 2.97
x5.y2                                     2.97
x5.xs2.nt                           2.2392e-08
x5.xs3.nh                                 2.97
x5.y3                                        0
x5.xs3.nt                          3.18312e-60
x5.xs4.nh                                 2.97
x5.y4                                     2.97
x5.xs4.nt                           2.2392e-08
x5.xs5.nh                                 2.97
x5.xs5.nt                          3.18312e-60
x5.nb1                                    2.97
x5.nb2                             3.16349e-09
clk5                                      2.97
x5.xcdec1.c_moscap_int1                  -2.97
x5.xcdec2.c_moscap_int1                  -2.97
x6.xbias.na                            0.84819
x6.xbias.vbpc                          1.91248
x6.xbias.nc                           0.115509
x6.xbias.xrcg.11                       0.11529
x6.xbias.xrcg.21                   0.000218893
x6.xbias.nsu                        0.00858777
x6.xbias.vfix                          1.55639
x6.xbias.nmd                           0.67066
x6.xbias.vbp0                          1.97861
x6.xbias.noff                         0.683229
x6.xbias.xroff.11                     0.683003
x6.xbias.xroff.21                  0.000226461
x6.xbias.nvi                           1.31586
x6.xbias.xrdeg.11                      1.31542
x6.xbias.xrdeg.21                  0.000436151
x6.xbias.b0b                       4.70114e-09
x6.xbias.b1b                       4.70114e-09
x6.xbias.b2b                       4.70114e-09
x6.xbias.vbn1                         0.711534
x6.xbias.ga                            1.97861
x6.xbias.vbp2                           1.8555
x6.xbias.gb                           0.711534
x6.vbn                                 1.01407
x6.xbias.gc                             1.8555
x6.vbp                                 1.56918
x6.xs1.nh                              1.66296
x6.y1                                        0
x6.y5                                        0
x6.xs1.nt                         -6.37581e-48
x6.xs2.nh                                 2.97
x6.y2                                     2.97
x6.xs2.nt                          2.09842e-08
x6.xs3.nh                                 2.97
x6.y3                                        0
x6.xs3.nt                         -1.66265e-73
x6.xs4.nh                                 2.97
x6.y4                                     2.97
x6.xs4.nt                          2.09842e-08
x6.xs5.nh                                 2.97
x6.xs5.nt                         -1.66265e-73
x6.nb1                                    2.97
x6.nb2                             3.16349e-09
clk6                                      2.97
x6.xcdec1.c_moscap_int1                  -2.97
x6.xcdec2.c_moscap_int1                  -2.97
x7.xbias.na                            0.84819
x7.xbias.vbpc                          1.91248
x7.xbias.nc                           0.115509
x7.xbias.xrcg.11                       0.11529
x7.xbias.xrcg.21                   0.000218893
x7.xbias.nsu                        0.00858777
x7.xbias.vfix                          1.55639
x7.xbias.nmd                           0.67066
x7.xbias.vbp0                          1.96913
x7.xbias.noff                         0.683213
x7.xbias.xroff.11                     0.682986
x7.xbias.xroff.21                  0.000226456
x7.xbias.nvi                           1.54843
x7.xbias.xrdeg.11                      1.54792
x7.xbias.xrdeg.21                  0.000513239
x7.xbias.b0b                       4.70114e-09
x7.xbias.b1b                       4.70114e-09
x7.xbias.b2b                       4.70114e-09
x7.xbias.vbn1                         0.720702
x7.xbias.ga                            1.96913
x7.xbias.vbp2                          1.84036
x7.xbias.gb                           0.720702
x7.vbn                                 1.03945
x7.xbias.gc                            1.84036
x7.vbp                                 1.53783
x7.xs1.nh                              1.69042
x7.y1                                        0
x7.y5                                        0
x7.xs1.nt                         -5.87921e-48
x7.xs2.nh                                 2.97
x7.y2                                     2.97
x7.xs2.nt                          1.97948e-08
x7.xs3.nh                                 2.97
x7.y3                                        0
x7.xs3.nt                         -1.25384e-73
x7.xs4.nh                                 2.97
x7.y4                                     2.97
x7.xs4.nt                          1.97948e-08
x7.xs5.nh                                 2.97
x7.xs5.nt                         -1.25384e-73
x7.nb1                                    2.97
x7.nb2                             3.16349e-09
clk7                                      2.97
x7.xcdec1.c_moscap_int1                  -2.97
x7.xcdec2.c_moscap_int1                  -2.97
e.x7.xcdec2.ec_moscap#branch                 0
e.x7.xcdec1.ec_moscap#branch                 0
e.x6.xcdec2.ec_moscap#branch                 0
e.x6.xcdec1.ec_moscap#branch                 0
e.x5.xcdec2.ec_moscap#branch                 0
e.x5.xcdec1.ec_moscap#branch                 0
e.x4.xcdec2.ec_moscap#branch                 0
e.x4.xcdec1.ec_moscap#branch                 0
e.x3.xcdec2.ec_moscap#branch                 0
e.x3.xcdec1.ec_moscap#branch                 0
e.x2.xcdec2.ec_moscap#branch                 0
e.x2.xcdec1.ec_moscap#branch                 0
e.x1.xcdec2.ec_moscap#branch                 0
e.x1.xcdec1.ec_moscap#branch                 0
vs7#branch                         0.000388795
vs6#branch                         0.000351642
vs5#branch                         0.000314847
vs4#branch                         0.000278526
vs3#branch                         0.000242839
vs2#branch                          0.00020807
vs1#branch                         0.000174887
vv7#branch                                   0
vv6#branch                                   0
vv5#branch                                   0
vv4#branch                                   0
vv3#branch                                   0
vv2#branch                                   0
vv1#branch                                   0
vb2#branch                                   0
vb1#branch                                   0
vb0#branch                                   0
vdd#branch                         -0.00195961


No. of Data Rows : 2189

  Measurements for Transient Analysis

tp1                 =  2.26374e-08 targ=  5.13406e-08 trig=  2.87032e-08
tp2                 =  1.83116e-08 targ=  4.61689e-08 trig=  2.78573e-08
tp3                 =  1.52625e-08 targ=  4.23417e-08 trig=  2.70792e-08
tp4                 =  1.30593e-08 targ=  3.95295e-08 trig=  2.64703e-08
tp5                 =  1.14163e-08 targ=  3.74413e-08 trig=  2.60250e-08
tp6                 =  1.01586e-08 targ=  3.58790e-08 trig=  2.57204e-08
tp7                 =  9.16922e-09 targ=  3.46986e-08 trig=  2.55293e-08
f1                  =  1.76699e+08
f2                  =  2.18441e+08
f3                  =  2.62081e+08
f4                  =  3.06296e+08
f5                  =  3.50375e+08
f6                  =  3.93754e+08
f7                  =  4.36242e+08
i1                  =  2.45303e-04 from=  2.38621e-08 to=  6.56207e-08
i2                  =  2.90024e-04 from=  2.38621e-08 to=  6.56207e-08
i3                  =  3.38228e-04 from=  2.38621e-08 to=  6.56207e-08
i4                  =  3.85632e-04 from=  2.38621e-08 to=  6.56207e-08
i5                  =  4.32957e-04 from=  2.38621e-08 to=  6.56207e-08
i6                  =  4.81479e-04 from=  2.38621e-08 to=  6.56207e-08
i7                  =  5.29270e-04 from=  2.38621e-08 to=  6.56207e-08
sw1hi               =  3.01623e+00 at=  4.82387e-08
sw1lo               =  -5.12890e-02 at=  4.27235e-08
sw7hi               =  3.02906e+00 at=  3.34113e-08
sw7lo               =  -5.66806e-02 at=  5.87625e-08


Total analysis time (seconds) = 168.226

Total elapsed time (seconds) = 174.478 

Total DRAM available = 98304.000 MB.
DRAM currently available = 10468.641 MB.
Maximum ngspice program size =   23.875 MB.
Current ngspice program size =   23.875 MB.


