======== band 0 :: generated deck (sf_-40c_3.63v) ========
* GENERATED by simenv.sh -- do not edit; edit /Users/rwalters/GitHub/gf180-pll/.loom/worktrees/issue-8/sim/vco-tuning-range/testbench/tb_vco_tuning.sp instead
* tag=sf_Tm40_V3p63_B0 libs=sf,res_typical,moscap_typical temp=-40C
.include "/Users/rwalters/.volare/gf180mcuD/libs.tech/ngspice/design.ngspice"
.lib "/Users/rwalters/.volare/gf180mcuD/libs.tech/ngspice/sm141064.ngspice" sf
.lib "/Users/rwalters/.volare/gf180mcuD/libs.tech/ngspice/sm141064.ngspice" res_typical
.lib "/Users/rwalters/.volare/gf180mcuD/libs.tech/ngspice/sm141064.ngspice" moscap_typical
.temp -40
.param sim_temp=-40
.param vsup=3.63
.param b0v=0*3.63
.param b1v=0*3.63
.param b2v=0*3.63
.param tsettle=1.34497e-06
.param tstop=3.69866e-06
.param tstep=1.78595e-09
.param tmax=1.78595e-09
.include "/Users/rwalters/GitHub/gf180-pll/.loom/worktrees/issue-8/sim/vco-tuning-range/testbench/tb_vco_tuning.sp"
.end

======== band 0 :: ngspice output ========

Note: Compatibility modes selected: hs a

Warning: m=xx on .subckt line will override multiplier m hierarchy!


Circuit: * generated by simenv.sh -- do not edit; edit /users/rwalters/github/gf180-pll/.loom/worktrees/issue-8/sim/vco-tuning-range/testbench/tb_vco_tuning.sp instead

Doing analysis at TEMP = -40.000000 and TNOM = 27.000000

Using SPARSE 1.3 as Direct Linear Solver

Initial Transient Solution
--------------------------

Node                                   Voltage
----                                   -------
vdd                                       3.63
nb0                                          0
nb1                                          0
nb2                                          0
vc1                                        0.9
vc2                                        1.2
vc3                                        1.5
vc4                                        1.8
vc5                                        2.1
vc6                                        2.4
vc7                                        2.7
nv1                                       3.63
nv2                                       3.63
nv3                                       3.63
nv4                                       3.63
nv5                                       3.63
nv6                                       3.63
nv7                                       3.63
x1.xbias.na                            1.02433
x1.xbias.vbpc                          2.73377
x1.xbias.nc                           0.098368
x1.xbias.xrcg.11                      0.098154
x1.xbias.xrcg.21                   0.000213996
x1.xbias.nsu                         0.0235062
x1.xbias.vfix                          2.04655
x1.xbias.nmd                          0.880845
x1.xbias.vbp0                          2.81357
x1.xbias.noff                         0.880027
x1.xbias.xroff.11                     0.879692
x1.xbias.xroff.21                  0.000335011
x1.xbias.nvi                         0.0922522
x1.xbias.xrdeg.11                    0.0922171
x1.xbias.xrdeg.21                  3.51189e-05
x1.xbias.b0b                              3.63
x1.xbias.b1b                              3.63
x1.xbias.b2b                              3.63
x1.xbias.vbn1                         0.846645
x1.xbias.ga                               3.63
x1.xbias.vbp2                          2.82851
x1.xbias.gb                        3.46031e-16
x1.vbn                                0.824069
x1.xbias.gc                               3.63
x1.vbp                                 2.84013
x1.xs1.nh                              1.16798
x1.y1                                        0
x1.y5                                        0
x1.xs1.nt                          5.09769e-30
x1.xs2.nh                                 3.63
x1.y2                                     3.63
x1.xs2.nt                          4.72064e-12
x1.xs3.nh                                 3.63
x1.y3                                        0
x1.xs3.nt                         1.24027e-117
x1.xs4.nh                                 3.63
x1.y4                                     3.63
x1.xs4.nt                          4.72064e-12
x1.xs5.nh                                 3.63
x1.xs5.nt                         1.24027e-117
x1.nb1                                    3.63
x1.nb2                             3.97405e-09
clk1                                      3.63
x1.xcdec1.c_moscap_int1                  -3.63
x1.xcdec2.c_moscap_int1                  -3.63
x2.xbias.na                            1.02433
x2.xbias.vbpc                          2.73377
x2.xbias.nc                           0.098368
x2.xbias.xrcg.11                      0.098154
x2.xbias.xrcg.21                   0.000213996
x2.xbias.nsu                         0.0235062
x2.xbias.vfix                          2.04655
x2.xbias.nmd                          0.880845
x2.xbias.vbp0                          2.80423
x2.xbias.noff                         0.880011
x2.xbias.xroff.11                     0.879676
x2.xbias.xroff.21                  0.000335006
x2.xbias.nvi                          0.278595
x2.xbias.xrdeg.11                     0.278489
x2.xbias.xrdeg.21                  0.000106057
x2.xbias.b0b                              3.63
x2.xbias.b1b                              3.63
x2.xbias.b2b                              3.63
x2.xbias.vbn1                          0.85547
x2.xbias.ga                               3.63
x2.xbias.vbp2                          2.82024
x2.xbias.gb                        3.46702e-16
x2.vbn                                0.831391
x2.xbias.gc                               3.63
x2.vbp                                 2.83308
x2.xs1.nh                               1.1741
x2.y1                                        0
x2.y5                                        0
x2.xs1.nt                          1.10237e-29
x2.xs2.nh                                 3.63
x2.y2                                     3.63
x2.xs2.nt                          4.13219e-12
x2.xs3.nh                                 3.63
x2.y3                                        0
x2.xs3.nt                         3.23609e-117
x2.xs4.nh                                 3.63
x2.y4                                     3.63
x2.xs4.nt                          4.13219e-12
x2.xs5.nh                                 3.63
x2.xs5.nt                          3.2361e-117
x2.nb1                                    3.63
x2.nb2                             3.97405e-09
clk2                                      3.63
x2.xcdec1.c_moscap_int1                  -3.63
x2.xcdec2.c_moscap_int1                  -3.63
x3.xbias.na                            1.02433
x3.xbias.vbpc                          2.73377
x3.xbias.nc                           0.098368
x3.xbias.xrcg.11                      0.098154
x3.xbias.xrcg.21                   0.000213996
x3.xbias.nsu                         0.0235062
x3.xbias.vfix                          2.04655
x3.xbias.nmd                          0.880845
x3.xbias.vbp0                          2.79511
x3.xbias.noff                         0.879996
x3.xbias.xroff.11                     0.879661
x3.xbias.xroff.21                     0.000335
x3.xbias.nvi                          0.483865
x3.xbias.xrdeg.11                     0.483681
x3.xbias.xrdeg.21                    0.0001842
x3.xbias.b0b                              3.63
x3.xbias.b1b                              3.63
x3.xbias.b2b                              3.63
x3.xbias.vbn1                         0.863995
x3.xbias.ga                               3.63
x3.xbias.vbp2                          2.81222
x3.xbias.gb                        3.47349e-16
x3.vbn                                0.838389
x3.xbias.gc                               3.63
x3.vbp                                 2.82632
x3.xs1.nh                              1.17998
x3.y1                                        0
x3.y5                                        0
x3.xs1.nt                           3.0925e-18
x3.xs2.nh                                 3.63
x3.y2                                     3.63
x3.xs2.nt                          3.65884e-12
x3.xs3.nh                                 3.63
x3.y3                                        0
x3.xs3.nt                          1.28818e-77
x3.xs4.nh                                 3.63
x3.y4                                     3.63
x3.xs4.nt                          3.65884e-12
x3.xs5.nh                                 3.63
x3.xs5.nt                          1.28818e-77
x3.nb1                                    3.63
x3.nb2                             3.97405e-09
clk3                                      3.63
x3.xcdec1.c_moscap_int1                  -3.63
x3.xcdec2.c_moscap_int1                  -3.63
x4.xbias.na                            1.02433
x4.xbias.vbpc                          2.73377
x4.xbias.nc                           0.098368
x4.xbias.xrcg.11                      0.098154
x4.xbias.xrcg.21                   0.000213996
x4.xbias.nsu                         0.0235062
x4.xbias.vfix                          2.04655
x4.xbias.nmd                          0.880845
x4.xbias.vbp0                          2.78653
x4.xbias.noff                         0.879982
x4.xbias.xroff.11                     0.879647
x4.xbias.xroff.21                  0.000334995
x4.xbias.nvi                          0.698573
x4.xbias.xrdeg.11                     0.698307
x4.xbias.xrdeg.21                  0.000265935
x4.xbias.b0b                              3.63
x4.xbias.b1b                              3.63
x4.xbias.b2b                              3.63
x4.xbias.vbn1                         0.871933
x4.xbias.ga                               3.63
x4.xbias.vbp2                          2.80473
x4.xbias.gb                        3.47952e-16
x4.vbn                                0.844841
x4.xbias.gc                               3.63
x4.vbp                                 2.82006
x4.xs1.nh                              1.18545
x4.y1                                        0
x4.y5                                        0
x4.xs1.nt                         -4.30876e-30
x4.xs2.nh                                 3.63
x4.y2                                     3.63
x4.xs2.nt                          3.28602e-12
x4.xs3.nh                                 3.63
x4.y3                                        0
x4.xs3.nt                          1.47035e-77
x4.xs4.nh                                 3.63
x4.y4                                     3.63
x4.xs4.nt                          3.28602e-12
x4.xs5.nh                                 3.63
x4.xs5.nt                          1.47035e-77
x4.nb1                                    3.63
x4.nb2                             3.97405e-09
clk4                                      3.63
x4.xcdec1.c_moscap_int1                  -3.63
x4.xcdec2.c_moscap_int1                  -3.63
x5.xbias.na                            1.02433
x5.xbias.vbpc                          2.73377
x5.xbias.nc                           0.098368
x5.xbias.xrcg.11                      0.098154
x5.xbias.xrcg.21                   0.000213996
x5.xbias.nsu                         0.0235062
x5.xbias.vfix                          2.04655
x5.xbias.nmd                          0.880845
x5.xbias.vbp0                          2.77846
x5.xbias.noff                         0.879969
x5.xbias.xroff.11                     0.879634
x5.xbias.xroff.21                  0.000334989
x5.xbias.nvi                          0.919788
x5.xbias.xrdeg.11                     0.919438
x5.xbias.xrdeg.21                  0.000350148
x5.xbias.b0b                              3.63
x5.xbias.b1b                              3.63
x5.xbias.b2b                              3.63
x5.xbias.vbn1                         0.879319
x5.xbias.ga                               3.63
x5.xbias.vbp2                          2.79773
x5.xbias.gb                        3.48512e-16
x5.vbn                                0.850787
x5.xbias.gc                               3.63
x5.vbp                                 2.81426
x5.xs1.nh                              1.19051
x5.y1                                        0
x5.y5                                        0
x5.xs1.nt                          6.70235e-30
x5.xs2.nh                                 3.63
x5.y2                                     3.63
x5.xs2.nt                          2.98766e-12
x5.xs3.nh                                 3.63
x5.y3                                        0
x5.xs3.nt                         -1.18951e-78
x5.xs4.nh                                 3.63
x5.y4                                     3.63
x5.xs4.nt                          2.98766e-12
x5.xs5.nh                                 3.63
x5.xs5.nt                         -1.18951e-78
x5.nb1                                    3.63
x5.nb2                             3.97405e-09
clk5                                      3.63
x5.xcdec1.c_moscap_int1                  -3.63
x5.xcdec2.c_moscap_int1                  -3.63
x6.xbias.na                            1.02433
x6.xbias.vbpc                          2.73377
x6.xbias.nc                           0.098368
x6.xbias.xrcg.11                      0.098154
x6.xbias.xrcg.21                   0.000213996
x6.xbias.nsu                         0.0235062
x6.xbias.vfix                          2.04655
x6.xbias.nmd                          0.880845
x6.xbias.vbp0                          2.77086
x6.xbias.noff                         0.879956
x6.xbias.xroff.11                     0.879621
x6.xbias.xroff.21                  0.000334985
x6.xbias.nvi                           1.14604
x6.xbias.xrdeg.11                      1.14561
x6.xbias.xrdeg.21                   0.00043628
x6.xbias.b0b                              3.63
x6.xbias.b1b                              3.63
x6.xbias.b2b                              3.63
x6.xbias.vbn1                         0.886221
x6.xbias.ga                               3.63
x6.xbias.vbp2                          2.79117
x6.xbias.gb                        3.49036e-16
x6.vbn                                0.856295
x6.xbias.gc                               3.63
x6.vbp                                 2.80886
x6.xs1.nh                              1.19523
x6.y1                                        0
x6.y5                                        0
x6.xs1.nt                          2.63831e-30
x6.xs2.nh                                 3.63
x6.y2                                     3.63
x6.xs2.nt                          2.74431e-12
x6.xs3.nh                                 3.63
x6.y3                                        0
x6.xs3.nt                         -1.70406e-98
x6.xs4.nh                                 3.63
x6.y4                                     3.63
x6.xs4.nt                          2.74431e-12
x6.xs5.nh                                 3.63
x6.xs5.nt                         -1.70406e-98
x6.nb1                                    3.63
x6.nb2                             3.97405e-09
clk6                                      3.63
x6.xcdec1.c_moscap_int1                  -3.63
x6.xcdec2.c_moscap_int1                  -3.63
x7.xbias.na                            1.02433
x7.xbias.vbpc                          2.73377
x7.xbias.nc                           0.098368
x7.xbias.xrcg.11                      0.098154
x7.xbias.xrcg.21                   0.000213996
x7.xbias.nsu                         0.0235062
x7.xbias.vfix                          2.04655
x7.xbias.nmd                          0.880845
x7.xbias.vbp0                          2.76365
x7.xbias.noff                         0.879944
x7.xbias.xroff.11                     0.879609
x7.xbias.xroff.21                   0.00033498
x7.xbias.nvi                           1.37643
x7.xbias.xrdeg.11                      1.37591
x7.xbias.xrdeg.21                  0.000523984
x7.xbias.b0b                              3.63
x7.xbias.b1b                              3.63
x7.xbias.b2b                              3.63
x7.xbias.vbn1                         0.892703
x7.xbias.ga                               3.63
x7.xbias.vbp2                          2.78498
x7.xbias.gb                        3.49528e-16
x7.vbn                                0.861425
x7.xbias.gc                               3.63
x7.vbp                                 2.80381
x7.xs1.nh                              1.19966
x7.y1                                        0
x7.y5                                        0
x7.xs1.nt                         -8.32326e-42
x7.xs2.nh                                 3.63
x7.y2                                     3.63
x7.xs2.nt                          2.54229e-12
x7.xs3.nh                                 3.63
x7.y3                                        0
x7.xs3.nt                         3.94547e-117
x7.xs4.nh                                 3.63
x7.y4                                     3.63
x7.xs4.nt                          2.54229e-12
x7.xs5.nh                                 3.63
x7.xs5.nt                         3.94553e-117
x7.nb1                                    3.63
x7.nb2                             3.97405e-09
clk7                                      3.63
x7.xcdec1.c_moscap_int1                  -3.63
x7.xcdec2.c_moscap_int1                  -3.63
e.x7.xcdec2.ec_moscap#branch                 0
e.x7.xcdec1.ec_moscap#branch                 0
e.x6.xcdec2.ec_moscap#branch                 0
e.x6.xcdec1.ec_moscap#branch                 0
e.x5.xcdec2.ec_moscap#branch                 0
e.x5.xcdec1.ec_moscap#branch                 0
e.x4.xcdec2.ec_moscap#branch                 0
e.x4.xcdec1.ec_moscap#branch                 0
e.x3.xcdec2.ec_moscap#branch                 0
e.x3.xcdec1.ec_moscap#branch                 0
e.x2.xcdec2.ec_moscap#branch                 0
e.x2.xcdec1.ec_moscap#branch                 0
e.x1.xcdec2.ec_moscap#branch                 0
e.x1.xcdec1.ec_moscap#branch                 0
vs7#branch                         5.58533e-05
vs6#branch                         5.15658e-05
vs5#branch                         4.73444e-05
vs4#branch                         4.32059e-05
vs3#branch                         3.91768e-05
vs2#branch                         3.53086e-05
vs1#branch                         3.17739e-05
vv7#branch                                   0
vv6#branch                                   0
vv5#branch                                   0
vv4#branch                                   0
vv3#branch                                   0
vv2#branch                                   0
vv1#branch                                   0
vb2#branch                                   0
vb1#branch                                   0
vb0#branch                                   0
vdd#branch                        -0.000304229


No. of Data Rows : 2865

  Measurements for Transient Analysis

tp1                 =  1.10346e-06 targ=  2.48388e-06 trig=  1.38042e-06
tp2                 =  9.41549e-07 targ=  2.35216e-06 trig=  1.41061e-06
tp3                 =  8.10828e-07 targ=  2.22876e-06 trig=  1.41793e-06
tp4                 =  7.08801e-07 targ=  2.12670e-06 trig=  1.41790e-06
tp5                 =  6.29100e-07 targ=  2.04379e-06 trig=  1.41469e-06
tp6                 =  5.64090e-07 targ=  1.97450e-06 trig=  1.41041e-06
tp7                 =  5.11105e-07 targ=  1.91501e-06 trig=  1.40390e-06
f1                  =  3.62497e+06
f2                  =  4.24832e+06
f3                  =  4.93323e+06
f4                  =  5.64334e+06
f5                  =  6.35829e+06
f6                  =  7.09107e+06
f7                  =  7.82618e+06
i1                  =  4.97976e-05 from=  1.34497e-06 to=  3.69866e-06
i2                  =  5.32300e-05 from=  1.34497e-06 to=  3.69866e-06
i3                  =  5.85110e-05 from=  1.34497e-06 to=  3.69866e-06
i4                  =  6.20309e-05 from=  1.34497e-06 to=  3.69866e-06
i5                  =  6.73354e-05 from=  1.34497e-06 to=  3.69866e-06
i6                  =  7.18592e-05 from=  1.34497e-06 to=  3.69866e-06
i7                  =  7.52469e-05 from=  1.34497e-06 to=  3.69866e-06
sw1hi               =  3.66698e+00 at=  2.48481e-06
sw1lo               =  -2.52336e-02 at=  1.51036e-06
sw7hi               =  3.68846e+00 at=  2.68202e-06
sw7lo               =  -7.02733e-02 at=  3.38095e-06


Total analysis time (seconds) = 236.408

Total elapsed time (seconds) = 239.951 

Total DRAM available = 98304.000 MB.
DRAM currently available = 8453.266 MB.
Maximum ngspice program size =   24.188 MB.
Current ngspice program size =   24.188 MB.


======== band 1 :: generated deck (sf_-40c_3.63v) ========
* GENERATED by simenv.sh -- do not edit; edit /Users/rwalters/GitHub/gf180-pll/.loom/worktrees/issue-8/sim/vco-tuning-range/testbench/tb_vco_tuning.sp instead
* tag=sf_Tm40_V3p63_B1 libs=sf,res_typical,moscap_typical temp=-40C
.include "/Users/rwalters/.volare/gf180mcuD/libs.tech/ngspice/design.ngspice"
.lib "/Users/rwalters/.volare/gf180mcuD/libs.tech/ngspice/sm141064.ngspice" sf
.lib "/Users/rwalters/.volare/gf180mcuD/libs.tech/ngspice/sm141064.ngspice" res_typical
.lib "/Users/rwalters/.volare/gf180mcuD/libs.tech/ngspice/sm141064.ngspice" moscap_typical
.temp -40
.param sim_temp=-40
.param vsup=3.63
.param b0v=1*3.63
.param b1v=0*3.63
.param b2v=0*3.63
.param tsettle=8.15132e-07
.param tstop=2.24161e-06
.param tstep=1.08239e-09
.param tmax=1.08239e-09
.include "/Users/rwalters/GitHub/gf180-pll/.loom/worktrees/issue-8/sim/vco-tuning-range/testbench/tb_vco_tuning.sp"
.end

======== band 1 :: ngspice output ========

Note: Compatibility modes selected: hs a

Warning: m=xx on .subckt line will override multiplier m hierarchy!


Circuit: * generated by simenv.sh -- do not edit; edit /users/rwalters/github/gf180-pll/.loom/worktrees/issue-8/sim/vco-tuning-range/testbench/tb_vco_tuning.sp instead

Doing analysis at TEMP = -40.000000 and TNOM = 27.000000

Using SPARSE 1.3 as Direct Linear Solver

Initial Transient Solution
--------------------------

Node                                   Voltage
----                                   -------
vdd                                       3.63
nb0                                       3.63
nb1                                          0
nb2                                          0
vc1                                        0.9
vc2                                        1.2
vc3                                        1.5
vc4                                        1.8
vc5                                        2.1
vc6                                        2.4
vc7                                        2.7
nv1                                       3.63
nv2                                       3.63
nv3                                       3.63
nv4                                       3.63
nv5                                       3.63
nv6                                       3.63
nv7                                       3.63
x1.xbias.na                            1.02433
x1.xbias.vbpc                          2.73377
x1.xbias.nc                           0.098368
x1.xbias.xrcg.11                      0.098154
x1.xbias.xrcg.21                   0.000213996
x1.xbias.nsu                         0.0235062
x1.xbias.vfix                          2.04655
x1.xbias.nmd                          0.880845
x1.xbias.vbp0                          2.81357
x1.xbias.noff                         0.880027
x1.xbias.xroff.11                     0.879692
x1.xbias.xroff.21                  0.000335011
x1.xbias.nvi                         0.0922522
x1.xbias.xrdeg.11                    0.0922171
x1.xbias.xrdeg.21                  3.51189e-05
x1.xbias.b0b                        5.4058e-09
x1.xbias.b1b                              3.63
x1.xbias.b2b                              3.63
x1.xbias.vbn1                         0.873127
x1.xbias.ga                            2.81357
x1.xbias.vbp2                           2.8036
x1.xbias.gb                        3.48042e-16
x1.vbn                                0.845805
x1.xbias.gc                               3.63
x1.vbp                                 2.81912
x1.xs1.nh                              1.18626
x1.y1                                        0
x1.y5                                        0
x1.xs1.nt                         -1.43814e-18
x1.xs2.nh                                 3.63
x1.y2                                     3.63
x1.xs2.nt                          3.23489e-12
x1.xs3.nh                                 3.63
x1.y3                                        0
x1.xs3.nt                         -3.79643e-20
x1.xs4.nh                                 3.63
x1.y4                                     3.63
x1.xs4.nt                          3.23489e-12
x1.xs5.nh                                 3.63
x1.xs5.nt                         -3.79643e-20
x1.nb1                                    3.63
x1.nb2                             3.97405e-09
clk1                                      3.63
x1.xcdec1.c_moscap_int1                  -3.63
x1.xcdec2.c_moscap_int1                  -3.63
x2.xbias.na                            1.02433
x2.xbias.vbpc                          2.73377
x2.xbias.nc                           0.098368
x2.xbias.xrcg.11                      0.098154
x2.xbias.xrcg.21                   0.000213996
x2.xbias.nsu                         0.0235062
x2.xbias.vfix                          2.04655
x2.xbias.nmd                          0.880845
x2.xbias.vbp0                          2.80423
x2.xbias.noff                         0.880011
x2.xbias.xroff.11                     0.879676
x2.xbias.xroff.21                  0.000335006
x2.xbias.nvi                          0.278595
x2.xbias.xrdeg.11                     0.278489
x2.xbias.xrdeg.21                  0.000106057
x2.xbias.b0b                        5.4058e-09
x2.xbias.b1b                              3.63
x2.xbias.b2b                              3.63
x2.xbias.vbn1                         0.883112
x2.xbias.ga                            2.80423
x2.xbias.vbp2                          2.79413
x2.xbias.gb                          3.488e-16
x2.vbn                                 0.85382
x2.xbias.gc                               3.63
x2.vbp                                 2.81129
x2.xs1.nh                              1.19311
x2.y1                                        0
x2.y5                                        0
x2.xs1.nt                           3.2751e-18
x2.xs2.nh                                 3.63
x2.y2                                     3.63
x2.xs2.nt                          2.85005e-12
x2.xs3.nh                                 3.63
x2.y3                                        0
x2.xs3.nt                          5.96771e-58
x2.xs4.nh                                 3.63
x2.y4                                     3.63
x2.xs4.nt                          2.85005e-12
x2.xs5.nh                                 3.63
x2.xs5.nt                          5.96766e-58
x2.nb1                                    3.63
x2.nb2                             3.97405e-09
clk2                                      3.63
x2.xcdec1.c_moscap_int1                  -3.63
x2.xcdec2.c_moscap_int1                  -3.63
x3.xbias.na                            1.02433
x3.xbias.vbpc                          2.73377
x3.xbias.nc                           0.098368
x3.xbias.xrcg.11                      0.098154
x3.xbias.xrcg.21                   0.000213996
x3.xbias.nsu                         0.0235062
x3.xbias.vfix                          2.04655
x3.xbias.nmd                          0.880845
x3.xbias.vbp0                          2.79511
x3.xbias.noff                         0.879996
x3.xbias.xroff.11                     0.879661
x3.xbias.xroff.21                     0.000335
x3.xbias.nvi                          0.483865
x3.xbias.xrdeg.11                     0.483681
x3.xbias.xrdeg.21                    0.0001842
x3.xbias.b0b                        5.4058e-09
x3.xbias.b1b                              3.63
x3.xbias.b2b                              3.63
x3.xbias.vbn1                         0.892829
x3.xbias.ga                            2.79511
x3.xbias.vbp2                          2.78485
x3.xbias.gb                        3.49538e-16
x3.vbn                                0.861524
x3.xbias.gc                               3.63
x3.vbp                                 2.80371
x3.xs1.nh                              1.19975
x3.y1                                        0
x3.y5                                        0
x3.xs1.nt                         -3.52076e-12
x3.xs2.nh                                 3.63
x3.y2                                     3.63
x3.xs2.nt                          2.53858e-12
x3.xs3.nh                                 3.63
x3.y3                                        0
x3.xs3.nt                         -7.87197e-21
x3.xs4.nh                                 3.63
x3.y4                                     3.63
x3.xs4.nt                          2.53858e-12
x3.xs5.nh                                 3.63
x3.xs5.nt                         -7.87197e-21
x3.nb1                                    3.63
x3.nb2                             3.97405e-09
clk3                                      3.63
x3.xcdec1.c_moscap_int1                  -3.63
x3.xcdec2.c_moscap_int1                  -3.63
x4.xbias.na                            1.02433
x4.xbias.vbpc                          2.73377
x4.xbias.nc                           0.098368
x4.xbias.xrcg.11                      0.098154
x4.xbias.xrcg.21                   0.000213996
x4.xbias.nsu                         0.0235062
x4.xbias.vfix                          2.04655
x4.xbias.nmd                          0.880845
x4.xbias.vbp0                          2.78653
x4.xbias.noff                         0.879982
x4.xbias.xroff.11                     0.879647
x4.xbias.xroff.21                  0.000334995
x4.xbias.nvi                          0.698573
x4.xbias.xrdeg.11                     0.698307
x4.xbias.xrdeg.21                  0.000265935
x4.xbias.b0b                        5.4058e-09
x4.xbias.b1b                              3.63
x4.xbias.b2b                              3.63
x4.xbias.vbn1                         0.901942
x4.xbias.ga                            2.78653
x4.xbias.vbp2                          2.77611
x4.xbias.gb                        3.50229e-16
x4.vbn                                0.868666
x4.xbias.gc                               3.63
x4.vbp                                 2.79663
x4.xs1.nh                              1.20596
x4.y1                                        0
x4.y5                                        0
x4.xs1.nt                         -3.66383e-65
x4.xs2.nh                                 3.63
x4.y2                                     3.63
x4.xs2.nt                          2.29185e-12
x4.xs3.nh                                 3.63
x4.y3                                        0
x4.xs3.nt                         2.01763e-116
x4.xs4.nh                                 3.63
x4.y4                                     3.63
x4.xs4.nt                          2.29185e-12
x4.xs5.nh                                 3.63
x4.xs5.nt                         2.01765e-116
x4.nb1                                    3.63
x4.nb2                             3.97405e-09
clk4                                      3.63
x4.xcdec1.c_moscap_int1                  -3.63
x4.xcdec2.c_moscap_int1                  -3.63
x5.xbias.na                            1.02433
x5.xbias.vbpc                          2.73377
x5.xbias.nc                           0.098368
x5.xbias.xrcg.11                      0.098154
x5.xbias.xrcg.21                   0.000213996
x5.xbias.nsu                         0.0235062
x5.xbias.vfix                          2.04655
x5.xbias.nmd                          0.880845
x5.xbias.vbp0                          2.77846
x5.xbias.noff                         0.879969
x5.xbias.xroff.11                     0.879634
x5.xbias.xroff.21                  0.000334989
x5.xbias.nvi                          0.919788
x5.xbias.xrdeg.11                     0.919438
x5.xbias.xrdeg.21                  0.000350148
x5.xbias.b0b                        5.4058e-09
x5.xbias.b1b                              3.63
x5.xbias.b2b                              3.63
x5.xbias.vbn1                         0.910478
x5.xbias.ga                            2.77846
x5.xbias.vbp2                          2.76787
x5.xbias.gb                        3.50876e-16
x5.vbn                                0.875282
x5.xbias.gc                               3.63
x5.vbp                                 2.79002
x5.xs1.nh                              1.21177
x5.y1                                        0
x5.y5                                        0
x5.xs1.nt                         -3.71037e-65
x5.xs2.nh                                 3.63
x5.y2                                     3.63
x5.xs2.nt                          2.09337e-12
x5.xs3.nh                                 3.63
x5.y3                                        0
x5.xs3.nt                        -3.59566e-117
x5.xs4.nh                                 3.63
x5.y4                                     3.63
x5.xs4.nt                          2.09337e-12
x5.xs5.nh                                 3.63
x5.xs5.nt                        -3.59566e-117
x5.nb1                                    3.63
x5.nb2                             3.97405e-09
clk5                                      3.63
x5.xcdec1.c_moscap_int1                  -3.63
x5.xcdec2.c_moscap_int1                  -3.63
x6.xbias.na                            1.02433
x6.xbias.vbpc                          2.73377
x6.xbias.nc                           0.098368
x6.xbias.xrcg.11                      0.098154
x6.xbias.xrcg.21                   0.000213996
x6.xbias.nsu                         0.0235062
x6.xbias.vfix                          2.04655
x6.xbias.nmd                          0.880845
x6.xbias.vbp0                          2.77086
x6.xbias.noff                         0.879956
x6.xbias.xroff.11                     0.879621
x6.xbias.xroff.21                  0.000334985
x6.xbias.nvi                           1.14604
x6.xbias.xrdeg.11                      1.14561
x6.xbias.xrdeg.21                   0.00043628
x6.xbias.b0b                        5.4058e-09
x6.xbias.b1b                              3.63
x6.xbias.b2b                              3.63
x6.xbias.vbn1                         0.918503
x6.xbias.ga                            2.77086
x6.xbias.vbp2                          2.76008
x6.xbias.gb                        3.51484e-16
x6.vbn                                0.881439
x6.xbias.gc                               3.63
x6.vbp                                 2.78382
x6.xs1.nh                              1.21723
x6.y1                                        0
x6.y5                                        0
x6.xs1.nt                         -4.01016e-66
x6.xs2.nh                                 3.63
x6.y2                                     3.63
x6.xs2.nt                           1.9307e-12
x6.xs3.nh                                 3.63
x6.y3                                        0
x6.xs3.nt                         5.40354e-117
x6.xs4.nh                                 3.63
x6.y4                                     3.63
x6.xs4.nt                           1.9307e-12
x6.xs5.nh                                 3.63
x6.xs5.nt                         5.40354e-117
x6.nb1                                    3.63
x6.nb2                             3.97405e-09
clk6                                      3.63
x6.xcdec1.c_moscap_int1                  -3.63
x6.xcdec2.c_moscap_int1                  -3.63
x7.xbias.na                            1.02433
x7.xbias.vbpc                          2.73377
x7.xbias.nc                           0.098368
x7.xbias.xrcg.11                      0.098154
x7.xbias.xrcg.21                   0.000213996
x7.xbias.nsu                         0.0235062
x7.xbias.vfix                          2.04655
x7.xbias.nmd                          0.880845
x7.xbias.vbp0                          2.76365
x7.xbias.noff                         0.879944
x7.xbias.xroff.11                     0.879609
x7.xbias.xroff.21                   0.00033498
x7.xbias.nvi                           1.37643
x7.xbias.xrdeg.11                      1.37591
x7.xbias.xrdeg.21                  0.000523984
x7.xbias.b0b                        5.4058e-09
x7.xbias.b1b                              3.63
x7.xbias.b2b                              3.63
x7.xbias.vbn1                         0.926084
x7.xbias.ga                            2.76365
x7.xbias.vbp2                          2.75268
x7.xbias.gb                        3.52059e-16
x7.vbn                                  0.8872
x7.xbias.gc                               3.63
x7.vbp                                 2.77799
x7.xs1.nh                              1.22238
x7.y1                                        0
x7.y5                                        0
x7.xs1.nt                         -1.94407e-65
x7.xs2.nh                                 3.63
x7.y2                                     3.63
x7.xs2.nt                          1.79509e-12
x7.xs3.nh                                 3.63
x7.y3                                        0
x7.xs3.nt                        -9.52498e-117
x7.xs4.nh                                 3.63
x7.y4                                     3.63
x7.xs4.nt                          1.79509e-12
x7.xs5.nh                                 3.63
x7.xs5.nt                        -9.52496e-117
x7.nb1                                    3.63
x7.nb2                             3.97405e-09
clk7                                      3.63
x7.xcdec1.c_moscap_int1                  -3.63
x7.xcdec2.c_moscap_int1                  -3.63
e.x7.xcdec2.ec_moscap#branch                 0
e.x7.xcdec1.ec_moscap#branch                 0
e.x6.xcdec2.ec_moscap#branch                 0
e.x6.xcdec1.ec_moscap#branch                 0
e.x5.xcdec2.ec_moscap#branch                 0
e.x5.xcdec1.ec_moscap#branch                 0
e.x4.xcdec2.ec_moscap#branch                 0
e.x4.xcdec1.ec_moscap#branch                 0
e.x3.xcdec2.ec_moscap#branch                 0
e.x3.xcdec1.ec_moscap#branch                 0
e.x2.xcdec2.ec_moscap#branch                 0
e.x2.xcdec1.ec_moscap#branch                 0
e.x1.xcdec2.ec_moscap#branch                 0
e.x1.xcdec1.ec_moscap#branch                 0
vs7#branch                           7.059e-05
vs6#branch                           6.486e-05
vs5#branch                         5.92173e-05
vs4#branch                         5.36842e-05
vs3#branch                          4.8296e-05
vs2#branch                         4.31214e-05
vs1#branch                         3.83908e-05
vv7#branch                                   0
vv6#branch                                   0
vv5#branch                                   0
vv4#branch                                   0
vv3#branch                                   0
vv2#branch                                   0
vv1#branch                                   0
vb2#branch                                   0
vb1#branch                                   0
vb0#branch                                   0
vdd#branch                         -0.00037816


No. of Data Rows : 2551

  Measurements for Transient Analysis

tp1                 =  6.95249e-07 targ=  1.56378e-06 trig=  8.68531e-07
tp2                 =  5.91970e-07 targ=  1.47922e-06 trig=  8.87245e-07
tp3                 =  5.08760e-07 targ=  1.40001e-06 trig=  8.91253e-07
tp4                 =  4.45376e-07 targ=  1.33527e-06 trig=  8.89892e-07
tp5                 =  3.94300e-07 targ=  1.28155e-06 trig=  8.87245e-07
tp6                 =  3.52791e-07 targ=  1.23593e-06 trig=  8.83136e-07
tp7                 =  3.19248e-07 targ=  1.19797e-06 trig=  8.78719e-07
f1                  =  5.75333e+06
f2                  =  6.75710e+06
f3                  =  7.86226e+06
f4                  =  8.98119e+06
f5                  =  1.01446e+07
f6                  =  1.13382e+07
f7                  =  1.25294e+07
i1                  =  5.72051e-05 from=  8.15132e-07 to=  2.24161e-06
i2                  =  6.17377e-05 from=  8.15132e-07 to=  2.24161e-06
i3                  =  6.79953e-05 from=  8.15132e-07 to=  2.24161e-06
i4                  =  7.48739e-05 from=  8.15132e-07 to=  2.24161e-06
i5                  =  8.42146e-05 from=  8.15132e-07 to=  2.24161e-06
i6                  =  8.74319e-05 from=  8.15132e-07 to=  2.24161e-06
i7                  =  9.46726e-05 from=  8.15132e-07 to=  2.24161e-06
sw1hi               =  3.69074e+00 at=  1.91183e-06
sw1lo               =  -4.79079e-02 at=  9.50655e-07
sw7hi               =  3.68796e+00 at=  1.67828e-06
sw7lo               =  -8.61716e-02 at=  1.87536e-06


Total analysis time (seconds) = 182.702

Total elapsed time (seconds) = 185.950 

Total DRAM available = 98304.000 MB.
DRAM currently available = 8018.484 MB.
Maximum ngspice program size =   24.312 MB.
Current ngspice program size =   24.312 MB.


======== band 2 :: generated deck (sf_-40c_3.63v) ========
* GENERATED by simenv.sh -- do not edit; edit /Users/rwalters/GitHub/gf180-pll/.loom/worktrees/issue-8/sim/vco-tuning-range/testbench/tb_vco_tuning.sp instead
* tag=sf_Tm40_V3p63_B2 libs=sf,res_typical,moscap_typical temp=-40C
.include "/Users/rwalters/.volare/gf180mcuD/libs.tech/ngspice/design.ngspice"
.lib "/Users/rwalters/.volare/gf180mcuD/libs.tech/ngspice/sm141064.ngspice" sf
.lib "/Users/rwalters/.volare/gf180mcuD/libs.tech/ngspice/sm141064.ngspice" res_typical
.lib "/Users/rwalters/.volare/gf180mcuD/libs.tech/ngspice/sm141064.ngspice" moscap_typical
.temp -40
.param sim_temp=-40
.param vsup=3.63
.param b0v=0*3.63
.param b1v=1*3.63
.param b2v=0*3.63
.param tsettle=4.94019e-07
.param tstop=1.35855e-06
.param tstep=6.55996e-10
.param tmax=6.55996e-10
.include "/Users/rwalters/GitHub/gf180-pll/.loom/worktrees/issue-8/sim/vco-tuning-range/testbench/tb_vco_tuning.sp"
.end

======== band 2 :: ngspice output ========

Note: Compatibility modes selected: hs a

Warning: m=xx on .subckt line will override multiplier m hierarchy!


Circuit: * generated by simenv.sh -- do not edit; edit /users/rwalters/github/gf180-pll/.loom/worktrees/issue-8/sim/vco-tuning-range/testbench/tb_vco_tuning.sp instead

Doing analysis at TEMP = -40.000000 and TNOM = 27.000000

Using SPARSE 1.3 as Direct Linear Solver

Initial Transient Solution
--------------------------

Node                                   Voltage
----                                   -------
vdd                                       3.63
nb0                                          0
nb1                                       3.63
nb2                                          0
vc1                                        0.9
vc2                                        1.2
vc3                                        1.5
vc4                                        1.8
vc5                                        2.1
vc6                                        2.4
vc7                                        2.7
nv1                                       3.63
nv2                                       3.63
nv3                                       3.63
nv4                                       3.63
nv5                                       3.63
nv6                                       3.63
nv7                                       3.63
x1.xbias.na                            1.02433
x1.xbias.vbpc                          2.73377
x1.xbias.nc                           0.098368
x1.xbias.xrcg.11                      0.098154
x1.xbias.xrcg.21                   0.000213996
x1.xbias.nsu                         0.0235062
x1.xbias.vfix                          2.04655
x1.xbias.nmd                          0.880845
x1.xbias.vbp0                          2.81357
x1.xbias.noff                         0.880027
x1.xbias.xroff.11                     0.879692
x1.xbias.xroff.21                  0.000335011
x1.xbias.nvi                         0.0922522
x1.xbias.xrdeg.11                    0.0922171
x1.xbias.xrdeg.21                  3.51189e-05
x1.xbias.b0b                              3.63
x1.xbias.b1b                        5.4058e-09
x1.xbias.b2b                              3.63
x1.xbias.vbn1                         0.846645
x1.xbias.ga                               3.63
x1.xbias.vbp2                          2.77166
x1.xbias.gb                           0.846645
x1.vbn                                0.872248
x1.xbias.gc                               3.63
x1.vbp                                 2.79306
x1.xs1.nh                               1.2091
x1.y1                                        0
x1.y5                                        0
x1.xs1.nt                         -1.10703e-41
x1.xs2.nh                                 3.63
x1.y2                                     3.63
x1.xs2.nt                           2.1811e-12
x1.xs3.nh                                 3.63
x1.y3                                        0
x1.xs3.nt                         -6.10411e-78
x1.xs4.nh                                 3.63
x1.y4                                     3.63
x1.xs4.nt                           2.1811e-12
x1.xs5.nh                                 3.63
x1.xs5.nt                         -6.10411e-78
x1.nb1                                    3.63
x1.nb2                             3.97405e-09
clk1                                      3.63
x1.xcdec1.c_moscap_int1                  -3.63
x1.xcdec2.c_moscap_int1                  -3.63
x2.xbias.na                            1.02433
x2.xbias.vbpc                          2.73377
x2.xbias.nc                           0.098368
x2.xbias.xrcg.11                      0.098154
x2.xbias.xrcg.21                   0.000213996
x2.xbias.nsu                         0.0235062
x2.xbias.vfix                          2.04655
x2.xbias.nmd                          0.880845
x2.xbias.vbp0                          2.80423
x2.xbias.noff                         0.880011
x2.xbias.xroff.11                     0.879676
x2.xbias.xroff.21                  0.000335006
x2.xbias.nvi                          0.278595
x2.xbias.xrdeg.11                     0.278489
x2.xbias.xrdeg.21                  0.000106057
x2.xbias.b0b                              3.63
x2.xbias.b1b                        5.4058e-09
x2.xbias.b2b                              3.63
x2.xbias.vbn1                          0.85547
x2.xbias.ga                               3.63
x2.xbias.vbp2                          2.76037
x2.xbias.gb                            0.85547
x2.vbn                                0.881212
x2.xbias.gc                               3.63
x2.vbp                                 2.78405
x2.xs1.nh                              1.21703
x2.y1                                        0
x2.y5                                        0
x2.xs1.nt                          2.13905e-65
x2.xs2.nh                                 3.63
x2.y2                                     3.63
x2.xs2.nt                          1.93635e-12
x2.xs3.nh                                 3.63
x2.y3                                        0
x2.xs3.nt                         6.56269e-117
x2.xs4.nh                                 3.63
x2.y4                                     3.63
x2.xs4.nt                          1.93635e-12
x2.xs5.nh                                 3.63
x2.xs5.nt                         6.56283e-117
x2.nb1                                    3.63
x2.nb2                             3.97405e-09
clk2                                      3.63
x2.xcdec1.c_moscap_int1                  -3.63
x2.xcdec2.c_moscap_int1                  -3.63
x3.xbias.na                            1.02433
x3.xbias.vbpc                          2.73377
x3.xbias.nc                           0.098368
x3.xbias.xrcg.11                      0.098154
x3.xbias.xrcg.21                   0.000213996
x3.xbias.nsu                         0.0235062
x3.xbias.vfix                          2.04655
x3.xbias.nmd                          0.880845
x3.xbias.vbp0                          2.79511
x3.xbias.noff                         0.879996
x3.xbias.xroff.11                     0.879661
x3.xbias.xroff.21                     0.000335
x3.xbias.nvi                          0.483865
x3.xbias.xrdeg.11                     0.483681
x3.xbias.xrdeg.21                    0.0001842
x3.xbias.b0b                              3.63
x3.xbias.b1b                        5.4058e-09
x3.xbias.b2b                              3.63
x3.xbias.vbn1                         0.863995
x3.xbias.ga                               3.63
x3.xbias.vbp2                           2.7492
x3.xbias.gb                           0.863995
x3.vbn                                0.889884
x3.xbias.gc                               3.63
x3.vbp                                 2.77525
x3.xs1.nh                              1.22479
x3.y1                                        0
x3.y5                                        0
x3.xs1.nt                          1.17372e-18
x3.xs2.nh                                 3.63
x3.y2                                     3.63
x3.xs2.nt                          1.73677e-12
x3.xs3.nh                                 3.63
x3.y3                                        0
x3.xs3.nt                          4.70945e-38
x3.xs4.nh                                 3.63
x3.y4                                     3.63
x3.xs4.nt                          1.73677e-12
x3.xs5.nh                                 3.63
x3.xs5.nt                          4.70945e-38
x3.nb1                                    3.63
x3.nb2                             3.97405e-09
clk3                                      3.63
x3.xcdec1.c_moscap_int1                  -3.63
x3.xcdec2.c_moscap_int1                  -3.63
x4.xbias.na                            1.02433
x4.xbias.vbpc                          2.73377
x4.xbias.nc                           0.098368
x4.xbias.xrcg.11                      0.098154
x4.xbias.xrcg.21                   0.000213996
x4.xbias.nsu                         0.0235062
x4.xbias.vfix                          2.04655
x4.xbias.nmd                          0.880845
x4.xbias.vbp0                          2.78653
x4.xbias.noff                         0.879982
x4.xbias.xroff.11                     0.879647
x4.xbias.xroff.21                  0.000334995
x4.xbias.nvi                          0.698573
x4.xbias.xrdeg.11                     0.698307
x4.xbias.xrdeg.21                  0.000265935
x4.xbias.b0b                              3.63
x4.xbias.b1b                        5.4058e-09
x4.xbias.b2b                              3.63
x4.xbias.vbn1                         0.871933
x4.xbias.ga                               3.63
x4.xbias.vbp2                          2.73857
x4.xbias.gb                           0.871933
x4.vbn                                0.897972
x4.xbias.gc                               3.63
x4.vbp                                 2.76696
x4.xs1.nh                              1.23212
x4.y1                                        0
x4.y5                                        0
x4.xs1.nt                           3.0092e-30
x4.xs2.nh                                 3.63
x4.y2                                     3.63
x4.xs2.nt                          1.57755e-12
x4.xs3.nh                                 3.63
x4.y3                                        0
x4.xs3.nt                         -6.29047e-58
x4.xs4.nh                                 3.63
x4.y4                                     3.63
x4.xs4.nt                          1.57755e-12
x4.xs5.nh                                 3.63
x4.xs5.nt                         -6.29015e-58
x4.nb1                                    3.63
x4.nb2                             3.97405e-09
clk4                                      3.63
x4.xcdec1.c_moscap_int1                  -3.63
x4.xcdec2.c_moscap_int1                  -3.63
x5.xbias.na                            1.02433
x5.xbias.vbpc                          2.73377
x5.xbias.nc                           0.098368
x5.xbias.xrcg.11                      0.098154
x5.xbias.xrcg.21                   0.000213996
x5.xbias.nsu                         0.0235062
x5.xbias.vfix                          2.04655
x5.xbias.nmd                          0.880845
x5.xbias.vbp0                          2.77846
x5.xbias.noff                         0.879969
x5.xbias.xroff.11                     0.879634
x5.xbias.xroff.21                  0.000334989
x5.xbias.nvi                          0.919788
x5.xbias.xrdeg.11                     0.919438
x5.xbias.xrdeg.21                  0.000350148
x5.xbias.b0b                              3.63
x5.xbias.b1b                        5.4058e-09
x5.xbias.b2b                              3.63
x5.xbias.vbn1                         0.879319
x5.xbias.ga                               3.63
x5.xbias.vbp2                          2.72848
x5.xbias.gb                           0.879319
x5.vbn                                0.905509
x5.xbias.gc                               3.63
x5.vbp                                 2.75915
x5.xs1.nh                              1.23904
x5.y1                                        0
x5.y5                                        0
x5.xs1.nt                        -2.62473e-101
x5.xs2.nh                                 3.63
x5.y2                                     3.63
x5.xs2.nt                          1.44864e-12
x5.xs3.nh                                 3.63
x5.y3                                        0
x5.xs3.nt                          1.1249e-156
x5.xs4.nh                                 3.63
x5.y4                                     3.63
x5.xs4.nt                          1.44864e-12
x5.xs5.nh                                 3.63
x5.xs5.nt                          1.1249e-156
x5.nb1                                    3.63
x5.nb2                             3.97405e-09
clk5                                      3.63
x5.xcdec1.c_moscap_int1                  -3.63
x5.xcdec2.c_moscap_int1                  -3.63
x6.xbias.na                            1.02433
x6.xbias.vbpc                          2.73377
x6.xbias.nc                           0.098368
x6.xbias.xrcg.11                      0.098154
x6.xbias.xrcg.21                   0.000213996
x6.xbias.nsu                         0.0235062
x6.xbias.vfix                          2.04655
x6.xbias.nmd                          0.880845
x6.xbias.vbp0                          2.77086
x6.xbias.noff                         0.879956
x6.xbias.xroff.11                     0.879621
x6.xbias.xroff.21                  0.000334985
x6.xbias.nvi                           1.14604
x6.xbias.xrdeg.11                      1.14561
x6.xbias.xrdeg.21                   0.00043628
x6.xbias.b0b                              3.63
x6.xbias.b1b                        5.4058e-09
x6.xbias.b2b                              3.63
x6.xbias.vbn1                         0.886221
x6.xbias.ga                               3.63
x6.xbias.vbp2                          2.71887
x6.xbias.gb                           0.886221
x6.vbn                                0.912563
x6.xbias.gc                               3.63
x6.vbp                                 2.75177
x6.xs1.nh                              1.24558
x6.y1                                        0
x6.y5                                        0
x6.xs1.nt                          6.02349e-90
x6.xs2.nh                                 3.63
x6.y2                                     3.63
x6.xs2.nt                          1.34236e-12
x6.xs3.nh                                 3.63
x6.y3                                        0
x6.xs3.nt                          4.2326e-156
x6.xs4.nh                                 3.63
x6.y4                                     3.63
x6.xs4.nt                          1.34236e-12
x6.xs5.nh                                 3.63
x6.xs5.nt                          4.2326e-156
x6.nb1                                    3.63
x6.nb2                             3.97405e-09
clk6                                      3.63
x6.xcdec1.c_moscap_int1                  -3.63
x6.xcdec2.c_moscap_int1                  -3.63
x7.xbias.na                            1.02433
x7.xbias.vbpc                          2.73377
x7.xbias.nc                           0.098368
x7.xbias.xrcg.11                      0.098154
x7.xbias.xrcg.21                   0.000213996
x7.xbias.nsu                         0.0235062
x7.xbias.vfix                          2.04655
x7.xbias.nmd                          0.880845
x7.xbias.vbp0                          2.76365
x7.xbias.noff                         0.879944
x7.xbias.xroff.11                     0.879609
x7.xbias.xroff.21                   0.00033498
x7.xbias.nvi                           1.37643
x7.xbias.xrdeg.11                      1.37591
x7.xbias.xrdeg.21                  0.000523984
x7.xbias.b0b                              3.63
x7.xbias.b1b                        5.4058e-09
x7.xbias.b2b                              3.63
x7.xbias.vbn1                         0.892703
x7.xbias.ga                               3.63
x7.xbias.vbp2                          2.70969
x7.xbias.gb                           0.892703
x7.vbn                                0.919197
x7.xbias.gc                               3.63
x7.vbp                                 2.74478
x7.xs1.nh                               1.2518
x7.y1                                        0
x7.y5                                        0
x7.xs1.nt                         8.86158e-102
x7.xs2.nh                                 3.63
x7.y2                                     3.63
x7.xs2.nt                          1.25331e-12
x7.xs3.nh                                 3.63
x7.y3                                        0
x7.xs3.nt                         3.70244e-156
x7.xs4.nh                                 3.63
x7.y4                                     3.63
x7.xs4.nt                          1.25331e-12
x7.xs5.nh                                 3.63
x7.xs5.nt                         3.70242e-156
x7.nb1                                    3.63
x7.nb2                             3.97405e-09
clk7                                      3.63
x7.xcdec1.c_moscap_int1                  -3.63
x7.xcdec2.c_moscap_int1                  -3.63
e.x7.xcdec2.ec_moscap#branch                 0
e.x7.xcdec1.ec_moscap#branch                 0
e.x6.xcdec2.ec_moscap#branch                 0
e.x6.xcdec1.ec_moscap#branch                 0
e.x5.xcdec2.ec_moscap#branch                 0
e.x5.xcdec1.ec_moscap#branch                 0
e.x4.xcdec2.ec_moscap#branch                 0
e.x4.xcdec1.ec_moscap#branch                 0
e.x3.xcdec2.ec_moscap#branch                 0
e.x3.xcdec1.ec_moscap#branch                 0
e.x2.xcdec2.ec_moscap#branch                 0
e.x2.xcdec1.ec_moscap#branch                 0
e.x1.xcdec2.ec_moscap#branch                 0
e.x1.xcdec1.ec_moscap#branch                 0
vs7#branch                         8.09494e-05
vs6#branch                         7.42805e-05
vs5#branch                         6.77055e-05
vs4#branch                         6.12496e-05
vs3#branch                         5.49529e-05
vs2#branch                         4.88948e-05
vs1#branch                         4.33452e-05
vv7#branch                                   0
vv6#branch                                   0
vv5#branch                                   0
vv4#branch                                   0
vv3#branch                                   0
vv2#branch                                   0
vv1#branch                                   0
vb2#branch                                   0
vb1#branch                                   0
vb0#branch                                   0
vdd#branch                        -0.000431378


No. of Data Rows : 2751

  Measurements for Transient Analysis

tp1                 =  4.16069e-07 targ=  9.36999e-07 trig=  5.20930e-07
tp2                 =  3.54000e-07 targ=  8.85764e-07 trig=  5.31764e-07
tp3                 =  3.04760e-07 targ=  8.38261e-07 trig=  5.33502e-07
tp4                 =  2.66147e-07 targ=  7.98538e-07 trig=  5.32392e-07
tp5                 =  2.35456e-07 targ=  7.65566e-07 trig=  5.30110e-07
tp6                 =  2.10637e-07 targ=  7.37859e-07 trig=  5.27223e-07
tp7                 =  1.90802e-07 targ=  7.14973e-07 trig=  5.24171e-07
f1                  =  9.61378e+06
f2                  =  1.12994e+07
f3                  =  1.31251e+07
f4                  =  1.50293e+07
f5                  =  1.69883e+07
f6                  =  1.89900e+07
f7                  =  2.09642e+07
i1                  =  6.53461e-05 from=  4.94019e-07 to=  1.35855e-06
i2                  =  7.04650e-05 from=  4.94019e-07 to=  1.35855e-06
i3                  =  7.91935e-05 from=  4.94019e-07 to=  1.35855e-06
i4                  =  8.75700e-05 from=  4.94019e-07 to=  1.35855e-06
i5                  =  9.57302e-05 from=  4.94019e-07 to=  1.35855e-06
i6                  =  1.01772e-04 from=  4.94019e-07 to=  1.35855e-06
i7                  =  1.10208e-04 from=  4.94019e-07 to=  1.35855e-06
sw1hi               =  3.68863e+00 at=  1.14601e-06
sw1lo               =  -7.41964e-02 at=  1.19480e-06
sw7hi               =  3.72008e+00 at=  7.62766e-07
sw7lo               =  -8.55888e-02 at=  9.76160e-07


Total analysis time (seconds) = 207.57

Total elapsed time (seconds) = 210.837 

Total DRAM available = 98304.000 MB.
DRAM currently available = 7533.453 MB.
Maximum ngspice program size =   24.203 MB.
Current ngspice program size =   24.203 MB.


======== band 3 :: generated deck (sf_-40c_3.63v) ========
* GENERATED by simenv.sh -- do not edit; edit /Users/rwalters/GitHub/gf180-pll/.loom/worktrees/issue-8/sim/vco-tuning-range/testbench/tb_vco_tuning.sp instead
* tag=sf_Tm40_V3p63_B3 libs=sf,res_typical,moscap_typical temp=-40C
.include "/Users/rwalters/.volare/gf180mcuD/libs.tech/ngspice/design.ngspice"
.lib "/Users/rwalters/.volare/gf180mcuD/libs.tech/ngspice/sm141064.ngspice" sf
.lib "/Users/rwalters/.volare/gf180mcuD/libs.tech/ngspice/sm141064.ngspice" res_typical
.lib "/Users/rwalters/.volare/gf180mcuD/libs.tech/ngspice/sm141064.ngspice" moscap_typical
.temp -40
.param sim_temp=-40
.param vsup=3.63
.param b0v=1*3.63
.param b1v=1*3.63
.param b2v=0*3.63
.param tsettle=2.99406e-07
.param tstop=8.23366e-07
.param tstep=3.97574e-10
.param tmax=3.97574e-10
.include "/Users/rwalters/GitHub/gf180-pll/.loom/worktrees/issue-8/sim/vco-tuning-range/testbench/tb_vco_tuning.sp"
.end

======== band 3 :: ngspice output ========

Note: Compatibility modes selected: hs a

Warning: m=xx on .subckt line will override multiplier m hierarchy!


Circuit: * generated by simenv.sh -- do not edit; edit /users/rwalters/github/gf180-pll/.loom/worktrees/issue-8/sim/vco-tuning-range/testbench/tb_vco_tuning.sp instead

Doing analysis at TEMP = -40.000000 and TNOM = 27.000000

Using SPARSE 1.3 as Direct Linear Solver

Initial Transient Solution
--------------------------

Node                                   Voltage
----                                   -------
vdd                                       3.63
nb0                                       3.63
nb1                                       3.63
nb2                                          0
vc1                                        0.9
vc2                                        1.2
vc3                                        1.5
vc4                                        1.8
vc5                                        2.1
vc6                                        2.4
vc7                                        2.7
nv1                                       3.63
nv2                                       3.63
nv3                                       3.63
nv4                                       3.63
nv5                                       3.63
nv6                                       3.63
nv7                                       3.63
x1.xbias.na                            1.02433
x1.xbias.vbpc                          2.73377
x1.xbias.nc                           0.098368
x1.xbias.xrcg.11                      0.098154
x1.xbias.xrcg.21                   0.000213996
x1.xbias.nsu                         0.0235062
x1.xbias.vfix                          2.04655
x1.xbias.nmd                          0.880845
x1.xbias.vbp0                          2.81357
x1.xbias.noff                         0.880027
x1.xbias.xroff.11                     0.879692
x1.xbias.xroff.21                  0.000335011
x1.xbias.nvi                         0.0922522
x1.xbias.xrdeg.11                    0.0922171
x1.xbias.xrdeg.21                  3.51189e-05
x1.xbias.b0b                        5.4058e-09
x1.xbias.b1b                        5.4058e-09
x1.xbias.b2b                              3.63
x1.xbias.vbn1                         0.873127
x1.xbias.ga                            2.81357
x1.xbias.vbp2                          2.73695
x1.xbias.gb                           0.873127
x1.vbn                                0.899189
x1.xbias.gc                               3.63
x1.vbp                                  2.7657
x1.xs1.nh                              1.23324
x1.y1                                        0
x1.y5                                        0
x1.xs1.nt                         -1.53686e-18
x1.xs2.nh                                 3.63
x1.y2                                     3.63
x1.xs2.nt                          1.55554e-12
x1.xs3.nh                                 3.63
x1.y3                                        0
x1.xs3.nt                          -1.5295e-38
x1.xs4.nh                                 3.63
x1.y4                                     3.63
x1.xs4.nt                          1.55554e-12
x1.xs5.nh                                 3.63
x1.xs5.nt                          -1.5295e-38
x1.nb1                                    3.63
x1.nb2                             3.97405e-09
clk1                                      3.63
x1.xcdec1.c_moscap_int1                  -3.63
x1.xcdec2.c_moscap_int1                  -3.63
x2.xbias.na                            1.02433
x2.xbias.vbpc                          2.73377
x2.xbias.nc                           0.098368
x2.xbias.xrcg.11                      0.098154
x2.xbias.xrcg.21                   0.000213996
x2.xbias.nsu                         0.0235062
x2.xbias.vfix                          2.04655
x2.xbias.nmd                          0.880845
x2.xbias.vbp0                          2.80423
x2.xbias.noff                         0.880011
x2.xbias.xroff.11                     0.879676
x2.xbias.xroff.21                  0.000335006
x2.xbias.nvi                          0.278595
x2.xbias.xrdeg.11                     0.278489
x2.xbias.xrdeg.21                  0.000106057
x2.xbias.b0b                        5.4058e-09
x2.xbias.b1b                        5.4058e-09
x2.xbias.b2b                              3.63
x2.xbias.vbn1                         0.883112
x2.xbias.ga                            2.80423
x2.xbias.vbp2                          2.72322
x2.xbias.gb                           0.883112
x2.vbn                                0.909384
x2.xbias.gc                               3.63
x2.vbp                                 2.75511
x2.xs1.nh                              1.24262
x2.y1                                        0
x2.y5                                        0
x2.xs1.nt                         1.59618e-113
x2.xs2.nh                                 3.63
x2.y2                                     3.63
x2.xs2.nt                          1.38867e-12
x2.xs3.nh                                 3.63
x2.y3                                        0
x2.xs3.nt                        -4.55947e-215
x2.xs4.nh                                 3.63
x2.y4                                     3.63
x2.xs4.nt                          1.38867e-12
x2.xs5.nh                                 3.63
x2.xs5.nt                         -4.5598e-215
x2.nb1                                    3.63
x2.nb2                             3.97405e-09
clk2                                      3.63
x2.xcdec1.c_moscap_int1                  -3.63
x2.xcdec2.c_moscap_int1                  -3.63
x3.xbias.na                            1.02433
x3.xbias.vbpc                          2.73377
x3.xbias.nc                           0.098368
x3.xbias.xrcg.11                      0.098154
x3.xbias.xrcg.21                   0.000213996
x3.xbias.nsu                         0.0235062
x3.xbias.vfix                          2.04655
x3.xbias.nmd                          0.880845
x3.xbias.vbp0                          2.79511
x3.xbias.noff                         0.879996
x3.xbias.xroff.11                     0.879661
x3.xbias.xroff.21                     0.000335
x3.xbias.nvi                          0.483865
x3.xbias.xrdeg.11                     0.483681
x3.xbias.xrdeg.21                    0.0001842
x3.xbias.b0b                        5.4058e-09
x3.xbias.b1b                        5.4058e-09
x3.xbias.b2b                              3.63
x3.xbias.vbn1                         0.892829
x3.xbias.ga                            2.79511
x3.xbias.vbp2                          2.70951
x3.xbias.gb                           0.892829
x3.vbn                                0.919326
x3.xbias.gc                               3.63
x3.vbp                                 2.74464
x3.xs1.nh                              1.25192
x3.y1                                        0
x3.y5                                        0
x3.xs1.nt                        -5.55983e-114
x3.xs2.nh                                 3.63
x3.y2                                     3.63
x3.xs2.nt                          1.25167e-12
x3.xs3.nh                                 3.63
x3.y3                                        0
x3.xs3.nt                        -3.92977e-215
x3.xs4.nh                                 3.63
x3.y4                                     3.63
x3.xs4.nt                          1.25167e-12
x3.xs5.nh                                 3.63
x3.xs5.nt                        -3.92977e-215
x3.nb1                                    3.63
x3.nb2                             3.97405e-09
clk3                                      3.63
x3.xcdec1.c_moscap_int1                  -3.63
x3.xcdec2.c_moscap_int1                  -3.63
x4.xbias.na                            1.02433
x4.xbias.vbpc                          2.73377
x4.xbias.nc                           0.098368
x4.xbias.xrcg.11                      0.098154
x4.xbias.xrcg.21                   0.000213996
x4.xbias.nsu                         0.0235062
x4.xbias.vfix                          2.04655
x4.xbias.nmd                          0.880845
x4.xbias.vbp0                          2.78653
x4.xbias.noff                         0.879982
x4.xbias.xroff.11                     0.879647
x4.xbias.xroff.21                  0.000334995
x4.xbias.nvi                          0.698573
x4.xbias.xrdeg.11                     0.698307
x4.xbias.xrdeg.21                  0.000265935
x4.xbias.b0b                        5.4058e-09
x4.xbias.b1b                        5.4058e-09
x4.xbias.b2b                              3.63
x4.xbias.vbn1                         0.901942
x4.xbias.ga                            2.78653
x4.xbias.vbp2                          2.69635
x4.xbias.gb                           0.901942
x4.vbn                                0.928671
x4.xbias.gc                               3.63
x4.vbp                                 2.73469
x4.xs1.nh                              1.26078
x4.y1                                        0
x4.y5                                        0
x4.xs1.nt                        -4.18984e-139
x4.xs2.nh                                 3.63
x4.y2                                     3.63
x4.xs2.nt                          1.14171e-12
x4.xs3.nh                                 3.63
x4.y3                                        0
x4.xs3.nt                        -1.22691e-234
x4.xs4.nh                                 3.63
x4.y4                                     3.63
x4.xs4.nt                          1.14171e-12
x4.xs5.nh                                 3.63
x4.xs5.nt                        -1.22691e-234
x4.nb1                                    3.63
x4.nb2                             3.97405e-09
clk4                                      3.63
x4.xcdec1.c_moscap_int1                  -3.63
x4.xcdec2.c_moscap_int1                  -3.63
x5.xbias.na                            1.02433
x5.xbias.vbpc                          2.73377
x5.xbias.nc                           0.098368
x5.xbias.xrcg.11                      0.098154
x5.xbias.xrcg.21                   0.000213996
x5.xbias.nsu                         0.0235062
x5.xbias.vfix                          2.04655
x5.xbias.nmd                          0.880845
x5.xbias.vbp0                          2.77846
x5.xbias.noff                         0.879969
x5.xbias.xroff.11                     0.879634
x5.xbias.xroff.21                  0.000334989
x5.xbias.nvi                          0.919788
x5.xbias.xrdeg.11                     0.919438
x5.xbias.xrdeg.21                  0.000350148
x5.xbias.b0b                        5.4058e-09
x5.xbias.b1b                        5.4058e-09
x5.xbias.b2b                              3.63
x5.xbias.vbn1                         0.910478
x5.xbias.ga                            2.77846
x5.xbias.vbp2                          2.68377
x5.xbias.gb                           0.910478
x5.vbn                                0.937443
x5.xbias.gc                               3.63
x5.vbp                                 2.72524
x5.xs1.nh                               1.2692
x5.y1                                        0
x5.y5                                        0
x5.xs1.nt                         -1.30943e-78
x5.xs2.nh                                 3.63
x5.y2                                     3.63
x5.xs2.nt                          1.05221e-12
x5.xs3.nh                                 3.63
x5.y3                                        0
x5.xs3.nt                         -1.45839e-97
x5.xs4.nh                                 3.63
x5.y4                                     3.63
x5.xs4.nt                          1.05221e-12
x5.xs5.nh                                 3.63
x5.xs5.nt                         -1.45839e-97
x5.nb1                                    3.63
x5.nb2                             3.97405e-09
clk5                                      3.63
x5.xcdec1.c_moscap_int1                  -3.63
x5.xcdec2.c_moscap_int1                  -3.63
x6.xbias.na                            1.02433
x6.xbias.vbpc                          2.73377
x6.xbias.nc                           0.098368
x6.xbias.xrcg.11                      0.098154
x6.xbias.xrcg.21                   0.000213996
x6.xbias.nsu                         0.0235062
x6.xbias.vfix                          2.04655
x6.xbias.nmd                          0.880845
x6.xbias.vbp0                          2.77086
x6.xbias.noff                         0.879956
x6.xbias.xroff.11                     0.879621
x6.xbias.xroff.21                  0.000334985
x6.xbias.nvi                           1.14604
x6.xbias.xrdeg.11                      1.14561
x6.xbias.xrdeg.21                   0.00043628
x6.xbias.b0b                        5.4058e-09
x6.xbias.b1b                        5.4058e-09
x6.xbias.b2b                              3.63
x6.xbias.vbn1                         0.918503
x6.xbias.ga                            2.77086
x6.xbias.vbp2                          2.67173
x6.xbias.gb                           0.918503
x6.vbn                                0.945709
x6.xbias.gc                               3.63
x6.vbp                                 2.71626
x6.xs1.nh                              1.27723
x6.y1                                        0
x6.y5                                        0
x6.xs1.nt                         1.75909e-127
x6.xs2.nh                                 3.63
x6.y2                                     3.63
x6.xs2.nt                          9.78097e-13
x6.xs3.nh                                 3.63
x6.y3                                        0
x6.xs3.nt                        -1.14613e-195
x6.xs4.nh                                 3.63
x6.y4                                     3.63
x6.xs4.nt                          9.78097e-13
x6.xs5.nh                                 3.63
x6.xs5.nt                        -1.14613e-195
x6.nb1                                    3.63
x6.nb2                             3.97405e-09
clk6                                      3.63
x6.xcdec1.c_moscap_int1                  -3.63
x6.xcdec2.c_moscap_int1                  -3.63
x7.xbias.na                            1.02433
x7.xbias.vbpc                          2.73377
x7.xbias.nc                           0.098368
x7.xbias.xrcg.11                      0.098154
x7.xbias.xrcg.21                   0.000213996
x7.xbias.nsu                         0.0235062
x7.xbias.vfix                          2.04655
x7.xbias.nmd                          0.880845
x7.xbias.vbp0                          2.76365
x7.xbias.noff                         0.879944
x7.xbias.xroff.11                     0.879609
x7.xbias.xroff.21                   0.00033498
x7.xbias.nvi                           1.37643
x7.xbias.xrdeg.11                      1.37591
x7.xbias.xrdeg.21                  0.000523984
x7.xbias.b0b                        5.4058e-09
x7.xbias.b1b                        5.4058e-09
x7.xbias.b2b                              3.63
x7.xbias.vbn1                         0.926083
x7.xbias.ga                            2.76365
x7.xbias.vbp2                          2.66016
x7.xbias.gb                           0.926083
x7.vbn                                0.953533
x7.xbias.gc                               3.63
x7.vbp                                 2.70768
x7.xs1.nh                              1.28491
x7.y1                                        0
x7.y5                                        0
x7.xs1.nt                         6.36293e-115
x7.xs2.nh                                 3.63
x7.y2                                     3.63
x7.xs2.nt                          9.15729e-13
x7.xs3.nh                                 3.63
x7.y3                                        0
x7.xs3.nt                        -1.11118e-195
x7.xs4.nh                                 3.63
x7.y4                                     3.63
x7.xs4.nt                          9.15729e-13
x7.xs5.nh                                 3.63
x7.xs5.nt                        -1.11125e-195
x7.nb1                                    3.63
x7.nb2                             3.97405e-09
clk7                                      3.63
x7.xcdec1.c_moscap_int1                  -3.63
x7.xcdec2.c_moscap_int1                  -3.63
e.x7.xcdec2.ec_moscap#branch                 0
e.x7.xcdec1.ec_moscap#branch                 0
e.x6.xcdec2.ec_moscap#branch                 0
e.x6.xcdec1.ec_moscap#branch                 0
e.x5.xcdec2.ec_moscap#branch                 0
e.x5.xcdec1.ec_moscap#branch                 0
e.x4.xcdec2.ec_moscap#branch                 0
e.x4.xcdec1.ec_moscap#branch                 0
e.x3.xcdec2.ec_moscap#branch                 0
e.x3.xcdec1.ec_moscap#branch                 0
e.x2.xcdec2.ec_moscap#branch                 0
e.x2.xcdec1.ec_moscap#branch                 0
e.x1.xcdec2.ec_moscap#branch                 0
e.x1.xcdec1.ec_moscap#branch                 0
vs7#branch                         0.000110728
vs6#branch                         0.000101161
vs5#branch                         9.17302e-05
vs4#branch                         8.24707e-05
vs3#branch                         7.34403e-05
vs2#branch                         6.47529e-05
vs1#branch                         5.67951e-05
vv7#branch                                   0
vv6#branch                                   0
vv5#branch                                   0
vv4#branch                                   0
vv3#branch                                   0
vv2#branch                                   0
vv1#branch                                   0
vb2#branch                                   0
vb1#branch                                   0
vb0#branch                                   0
vdd#branch                        -0.000581078


No. of Data Rows : 2842

  Measurements for Transient Analysis

tp1                 =  2.60743e-07 targ=  5.87017e-07 trig=  3.26274e-07
tp2                 =  2.21297e-07 targ=  5.53651e-07 trig=  3.32355e-07
tp3                 =  1.89881e-07 targ=  5.22604e-07 trig=  3.32723e-07
tp4                 =  1.65340e-07 targ=  4.96424e-07 trig=  3.31084e-07
tp5                 =  1.45793e-07 targ=  4.74741e-07 trig=  3.28948e-07
tp6                 =  1.30377e-07 targ=  4.56673e-07 trig=  3.26297e-07
tp7                 =  1.17728e-07 targ=  4.41023e-07 trig=  3.23296e-07
f1                  =  1.53408e+07
f2                  =  1.80753e+07
f3                  =  2.10658e+07
f4                  =  2.41925e+07
f5                  =  2.74361e+07
f6                  =  3.06803e+07
f7                  =  3.39767e+07
i1                  =  8.25816e-05 from=  2.99406e-07 to=  8.23366e-07
i2                  =  9.22833e-05 from=  2.99406e-07 to=  8.23366e-07
i3                  =  1.02258e-04 from=  2.99406e-07 to=  8.23366e-07
i4                  =  1.13342e-04 from=  2.99406e-07 to=  8.23366e-07
i5                  =  1.24600e-04 from=  2.99406e-07 to=  8.23366e-07
i6                  =  1.37180e-04 from=  2.99406e-07 to=  8.23366e-07
i7                  =  1.48079e-04 from=  2.99406e-07 to=  8.23366e-07
sw1hi               =  3.69985e+00 at=  5.87447e-07
sw1lo               =  -1.00590e-01 at=  6.18059e-07
sw7hi               =  3.74934e+00 at=  5.88298e-07
sw7lo               =  -1.23052e-01 at=  3.08563e-07


Total analysis time (seconds) = 210.302

Total elapsed time (seconds) = 213.719 

Total DRAM available = 98304.000 MB.
DRAM currently available = 8388.609 MB.
Maximum ngspice program size =   24.266 MB.
Current ngspice program size =   24.266 MB.


======== band 4 :: generated deck (sf_-40c_3.63v) ========
* GENERATED by simenv.sh -- do not edit; edit /Users/rwalters/GitHub/gf180-pll/.loom/worktrees/issue-8/sim/vco-tuning-range/testbench/tb_vco_tuning.sp instead
* tag=sf_Tm40_V3p63_B4 libs=sf,res_typical,moscap_typical temp=-40C
.include "/Users/rwalters/.volare/gf180mcuD/libs.tech/ngspice/design.ngspice"
.lib "/Users/rwalters/.volare/gf180mcuD/libs.tech/ngspice/sm141064.ngspice" sf
.lib "/Users/rwalters/.volare/gf180mcuD/libs.tech/ngspice/sm141064.ngspice" res_typical
.lib "/Users/rwalters/.volare/gf180mcuD/libs.tech/ngspice/sm141064.ngspice" moscap_typical
.temp -40
.param sim_temp=-40
.param vsup=3.63
.param b0v=0*3.63
.param b1v=0*3.63
.param b2v=1*3.63
.param tsettle=1.81458e-07
.param tstop=4.99009e-07
.param tstep=2.40954e-10
.param tmax=2.40954e-10
.include "/Users/rwalters/GitHub/gf180-pll/.loom/worktrees/issue-8/sim/vco-tuning-range/testbench/tb_vco_tuning.sp"
.end

======== band 4 :: ngspice output ========

Note: Compatibility modes selected: hs a

Warning: m=xx on .subckt line will override multiplier m hierarchy!


Circuit: * generated by simenv.sh -- do not edit; edit /users/rwalters/github/gf180-pll/.loom/worktrees/issue-8/sim/vco-tuning-range/testbench/tb_vco_tuning.sp instead

Doing analysis at TEMP = -40.000000 and TNOM = 27.000000

Using SPARSE 1.3 as Direct Linear Solver

Initial Transient Solution
--------------------------

Node                                   Voltage
----                                   -------
vdd                                       3.63
nb0                                          0
nb1                                          0
nb2                                       3.63
vc1                                        0.9
vc2                                        1.2
vc3                                        1.5
vc4                                        1.8
vc5                                        2.1
vc6                                        2.4
vc7                                        2.7
nv1                                       3.63
nv2                                       3.63
nv3                                       3.63
nv4                                       3.63
nv5                                       3.63
nv6                                       3.63
nv7                                       3.63
x1.xbias.na                            1.02433
x1.xbias.vbpc                          2.73377
x1.xbias.nc                           0.098368
x1.xbias.xrcg.11                      0.098154
x1.xbias.xrcg.21                   0.000213996
x1.xbias.nsu                         0.0235062
x1.xbias.vfix                          2.04655
x1.xbias.nmd                          0.880845
x1.xbias.vbp0                          2.81357
x1.xbias.noff                         0.880027
x1.xbias.xroff.11                     0.879692
x1.xbias.xroff.21                  0.000335011
x1.xbias.nvi                         0.0922522
x1.xbias.xrdeg.11                    0.0922171
x1.xbias.xrdeg.21                  3.51189e-05
x1.xbias.b0b                              3.63
x1.xbias.b1b                              3.63
x1.xbias.b2b                        5.4058e-09
x1.xbias.vbn1                         0.846645
x1.xbias.ga                               3.63
x1.xbias.vbp2                          2.82851
x1.xbias.gb                        3.46031e-16
x1.vbn                                0.932042
x1.xbias.gc                            2.82851
x1.vbp                                 2.73107
x1.xs1.nh                              1.26401
x1.y1                                        0
x1.y5                                        0
x1.xs1.nt                          3.47897e-42
x1.xs2.nh                                 3.63
x1.y2                                     3.63
x1.xs2.nt                          1.10588e-12
x1.xs3.nh                                 3.63
x1.y3                                        0
x1.xs3.nt                        -8.47577e-137
x1.xs4.nh                                 3.63
x1.y4                                     3.63
x1.xs4.nt                          1.10588e-12
x1.xs5.nh                                 3.63
x1.xs5.nt                        -8.47577e-137
x1.nb1                                    3.63
x1.nb2                             3.97405e-09
clk1                                      3.63
x1.xcdec1.c_moscap_int1                  -3.63
x1.xcdec2.c_moscap_int1                  -3.63
x2.xbias.na                            1.02433
x2.xbias.vbpc                          2.73377
x2.xbias.nc                           0.098368
x2.xbias.xrcg.11                      0.098154
x2.xbias.xrcg.21                   0.000213996
x2.xbias.nsu                         0.0235062
x2.xbias.vfix                          2.04655
x2.xbias.nmd                          0.880845
x2.xbias.vbp0                          2.80423
x2.xbias.noff                         0.880011
x2.xbias.xroff.11                     0.879676
x2.xbias.xroff.21                  0.000335006
x2.xbias.nvi                          0.278595
x2.xbias.xrdeg.11                     0.278489
x2.xbias.xrdeg.21                  0.000106057
x2.xbias.b0b                              3.63
x2.xbias.b1b                              3.63
x2.xbias.b2b                        5.4058e-09
x2.xbias.vbn1                          0.85547
x2.xbias.ga                               3.63
x2.xbias.vbp2                          2.82024
x2.xbias.gb                        3.46702e-16
x2.vbn                                0.943986
x2.xbias.gc                            2.82024
x2.vbp                                 2.71814
x2.xs1.nh                              1.27555
x2.y1                                        0
x2.y5                                        0
x2.xs1.nt                          1.92941e-42
x2.xs2.nh                                 3.63
x2.y2                                     3.63
x2.xs2.nt                          9.92797e-13
x2.xs3.nh                                 3.63
x2.y3                                        0
x2.xs3.nt                        -3.00024e-136
x2.xs4.nh                                 3.63
x2.y4                                     3.63
x2.xs4.nt                          9.92797e-13
x2.xs5.nh                                 3.63
x2.xs5.nt                        -3.00023e-136
x2.nb1                                    3.63
x2.nb2                             3.97405e-09
clk2                                      3.63
x2.xcdec1.c_moscap_int1                  -3.63
x2.xcdec2.c_moscap_int1                  -3.63
x3.xbias.na                            1.02433
x3.xbias.vbpc                          2.73377
x3.xbias.nc                           0.098368
x3.xbias.xrcg.11                      0.098154
x3.xbias.xrcg.21                   0.000213996
x3.xbias.nsu                         0.0235062
x3.xbias.vfix                          2.04655
x3.xbias.nmd                          0.880845
x3.xbias.vbp0                          2.79511
x3.xbias.noff                         0.879996
x3.xbias.xroff.11                     0.879661
x3.xbias.xroff.21                     0.000335
x3.xbias.nvi                          0.483865
x3.xbias.xrdeg.11                     0.483681
x3.xbias.xrdeg.21                    0.0001842
x3.xbias.b0b                              3.63
x3.xbias.b1b                              3.63
x3.xbias.b2b                        5.4058e-09
x3.xbias.vbn1                         0.863995
x3.xbias.ga                               3.63
x3.xbias.vbp2                          2.81222
x3.xbias.gb                        3.47349e-16
x3.vbn                                0.955742
x3.xbias.gc                            2.81222
x3.vbp                                 2.70525
x3.xs1.nh                              1.28709
x3.y1                                        0
x3.y5                                        0
x3.xs1.nt                         -3.01401e-18
x3.xs2.nh                                 3.63
x3.y2                                     3.63
x3.xs2.nt                          8.99337e-13
x3.xs3.nh                                 3.63
x3.y3                                        0
x3.xs3.nt                          9.12801e-19
x3.xs4.nh                                 3.63
x3.y4                                     3.63
x3.xs4.nt                          8.99337e-13
x3.xs5.nh                                 3.63
x3.xs5.nt                          9.12801e-19
x3.nb1                                    3.63
x3.nb2                             3.97405e-09
clk3                                      3.63
x3.xcdec1.c_moscap_int1                  -3.63
x3.xcdec2.c_moscap_int1                  -3.63
x4.xbias.na                            1.02433
x4.xbias.vbpc                          2.73377
x4.xbias.nc                           0.098368
x4.xbias.xrcg.11                      0.098154
x4.xbias.xrcg.21                   0.000213996
x4.xbias.nsu                         0.0235062
x4.xbias.vfix                          2.04655
x4.xbias.nmd                          0.880845
x4.xbias.vbp0                          2.78653
x4.xbias.noff                         0.879982
x4.xbias.xroff.11                     0.879647
x4.xbias.xroff.21                  0.000334995
x4.xbias.nvi                          0.698573
x4.xbias.xrdeg.11                     0.698307
x4.xbias.xrdeg.21                  0.000265935
x4.xbias.b0b                              3.63
x4.xbias.b1b                              3.63
x4.xbias.b2b                        5.4058e-09
x4.xbias.vbn1                         0.871933
x4.xbias.ga                               3.63
x4.xbias.vbp2                          2.80473
x4.xbias.gb                        3.47952e-16
x4.vbn                                0.966891
x4.xbias.gc                            2.80473
x4.vbp                                 2.69289
x4.xs1.nh                              1.29818
x4.y1                                        0
x4.y5                                        0
x4.xs1.nt                         -1.96548e-31
x4.xs2.nh                                 3.63
x4.y2                                     3.63
x4.xs2.nt                          8.23868e-13
x4.xs3.nh                                 3.63
x4.y3                                        0
x4.xs3.nt                         -9.23262e-58
x4.xs4.nh                                 3.63
x4.y4                                     3.63
x4.xs4.nt                          8.23868e-13
x4.xs5.nh                                 3.63
x4.xs5.nt                         -9.23241e-58
x4.nb1                                    3.63
x4.nb2                             3.97405e-09
clk4                                      3.63
x4.xcdec1.c_moscap_int1                  -3.63
x4.xcdec2.c_moscap_int1                  -3.63
x5.xbias.na                            1.02433
x5.xbias.vbpc                          2.73377
x5.xbias.nc                           0.098368
x5.xbias.xrcg.11                      0.098154
x5.xbias.xrcg.21                   0.000213996
x5.xbias.nsu                         0.0235062
x5.xbias.vfix                          2.04655
x5.xbias.nmd                          0.880845
x5.xbias.vbp0                          2.77846
x5.xbias.noff                         0.879969
x5.xbias.xroff.11                     0.879634
x5.xbias.xroff.21                  0.000334989
x5.xbias.nvi                          0.919788
x5.xbias.xrdeg.11                     0.919438
x5.xbias.xrdeg.21                  0.000350148
x5.xbias.b0b                              3.63
x5.xbias.b1b                              3.63
x5.xbias.b2b                        5.4058e-09
x5.xbias.vbn1                         0.879319
x5.xbias.ga                               3.63
x5.xbias.vbp2                          2.79773
x5.xbias.gb                        3.48512e-16
x5.vbn                                0.977446
x5.xbias.gc                            2.79773
x5.vbp                                 2.68108
x5.xs1.nh                              1.30879
x5.y1                                        0
x5.y5                                        0
x5.xs1.nt                          4.35989e-30
x5.xs2.nh                                 3.63
x5.y2                                     3.63
x5.xs2.nt                           7.6211e-13
x5.xs3.nh                                 3.63
x5.y3                                        0
x5.xs3.nt                         -7.47041e-58
x5.xs4.nh                                 3.63
x5.y4                                     3.63
x5.xs4.nt                           7.6211e-13
x5.xs5.nh                                 3.63
x5.xs5.nt                         -7.47041e-58
x5.nb1                                    3.63
x5.nb2                             3.97405e-09
clk5                                      3.63
x5.xcdec1.c_moscap_int1                  -3.63
x5.xcdec2.c_moscap_int1                  -3.63
x6.xbias.na                            1.02433
x6.xbias.vbpc                          2.73377
x6.xbias.nc                           0.098368
x6.xbias.xrcg.11                      0.098154
x6.xbias.xrcg.21                   0.000213996
x6.xbias.nsu                         0.0235062
x6.xbias.vfix                          2.04655
x6.xbias.nmd                          0.880845
x6.xbias.vbp0                          2.77086
x6.xbias.noff                         0.879956
x6.xbias.xroff.11                     0.879621
x6.xbias.xroff.21                  0.000334985
x6.xbias.nvi                           1.14604
x6.xbias.xrdeg.11                      1.14561
x6.xbias.xrdeg.21                   0.00043628
x6.xbias.b0b                              3.63
x6.xbias.b1b                              3.63
x6.xbias.b2b                        5.4058e-09
x6.xbias.vbn1                         0.886221
x6.xbias.ga                               3.63
x6.xbias.vbp2                          2.79117
x6.xbias.gb                        3.49036e-16
x6.vbn                                0.987471
x6.xbias.gc                            2.79117
x6.vbp                                 2.66978
x6.xs1.nh                              1.31897
x6.y1                                        0
x6.y5                                        0
x6.xs1.nt                         -5.74117e-55
x6.xs2.nh                                 3.63
x6.y2                                     3.63
x6.xs2.nt                          7.10747e-13
x6.xs3.nh                                 3.63
x6.y3                                        0
x6.xs3.nt                          3.5708e-156
x6.xs4.nh                                 3.63
x6.y4                                     3.63
x6.xs4.nt                          7.10747e-13
x6.xs5.nh                                 3.63
x6.xs5.nt                          3.5708e-156
x6.nb1                                    3.63
x6.nb2                             3.97405e-09
clk6                                      3.63
x6.xcdec1.c_moscap_int1                  -3.63
x6.xcdec2.c_moscap_int1                  -3.63
x7.xbias.na                            1.02433
x7.xbias.vbpc                          2.73377
x7.xbias.nc                           0.098368
x7.xbias.xrcg.11                      0.098154
x7.xbias.xrcg.21                   0.000213996
x7.xbias.nsu                         0.0235062
x7.xbias.vfix                          2.04655
x7.xbias.nmd                          0.880845
x7.xbias.vbp0                          2.76365
x7.xbias.noff                         0.879944
x7.xbias.xroff.11                     0.879609
x7.xbias.xroff.21                   0.00033498
x7.xbias.nvi                           1.37643
x7.xbias.xrdeg.11                      1.37591
x7.xbias.xrdeg.21                  0.000523984
x7.xbias.b0b                              3.63
x7.xbias.b1b                              3.63
x7.xbias.b2b                        5.4058e-09
x7.xbias.vbn1                         0.892703
x7.xbias.ga                               3.63
x7.xbias.vbp2                          2.78498
x7.xbias.gb                        3.49528e-16
x7.vbn                                0.997031
x7.xbias.gc                            2.78498
x7.vbp                                 2.65894
x7.xs1.nh                              1.32876
x7.y1                                        0
x7.y5                                        0
x7.xs1.nt                          1.42121e-54
x7.xs2.nh                                 3.63
x7.y2                                     3.63
x7.xs2.nt                          6.67326e-13
x7.xs3.nh                                 3.63
x7.y3                                        0
x7.xs3.nt                         7.08971e-137
x7.xs4.nh                                 3.63
x7.y4                                     3.63
x7.xs4.nt                          6.67326e-13
x7.xs5.nh                                 3.63
x7.xs5.nt                         7.08967e-137
x7.nb1                                    3.63
x7.nb2                             3.97405e-09
clk7                                      3.63
x7.xcdec1.c_moscap_int1                  -3.63
x7.xcdec2.c_moscap_int1                  -3.63
e.x7.xcdec2.ec_moscap#branch                 0
e.x7.xcdec1.ec_moscap#branch                 0
e.x6.xcdec2.ec_moscap#branch                 0
e.x6.xcdec1.ec_moscap#branch                 0
e.x5.xcdec2.ec_moscap#branch                 0
e.x5.xcdec1.ec_moscap#branch                 0
e.x4.xcdec2.ec_moscap#branch                 0
e.x4.xcdec1.ec_moscap#branch                 0
e.x3.xcdec2.ec_moscap#branch                 0
e.x3.xcdec1.ec_moscap#branch                 0
e.x2.xcdec2.ec_moscap#branch                 0
e.x2.xcdec1.ec_moscap#branch                 0
e.x1.xcdec2.ec_moscap#branch                 0
e.x1.xcdec1.ec_moscap#branch                 0
vs7#branch                         0.000116299
vs6#branch                         0.000106313
vs5#branch                         9.64574e-05
vs4#branch                         8.67693e-05
vs3#branch                         7.73074e-05
vs2#branch                         6.81895e-05
vs1#branch                         5.98211e-05
vv7#branch                                   0
vv6#branch                                   0
vv5#branch                                   0
vv4#branch                                   0
vv3#branch                                   0
vv2#branch                                   0
vv1#branch                                   0
vb2#branch                                   0
vb1#branch                                   0
vb0#branch                                   0
vdd#branch                        -0.000611157


No. of Data Rows : 2839

  Measurements for Transient Analysis

tp1                 =  1.57629e-07 targ=  3.54929e-07 trig=  1.97300e-07
tp2                 =  1.33416e-07 targ=  3.33869e-07 trig=  2.00452e-07
tp3                 =  1.14149e-07 targ=  3.14204e-07 trig=  2.00054e-07
tp4                 =  9.90955e-08 targ=  2.97780e-07 trig=  1.98685e-07
tp5                 =  8.72003e-08 targ=  2.84020e-07 trig=  1.96820e-07
tp6                 =  7.76254e-08 targ=  2.72304e-07 trig=  1.94678e-07
tp7                 =  6.99645e-08 targ=  2.62516e-07 trig=  1.92552e-07
f1                  =  2.53761e+07
f2                  =  2.99813e+07
f3                  =  3.50418e+07
f4                  =  4.03651e+07
f5                  =  4.58714e+07
f6                  =  5.15295e+07
f7                  =  5.71718e+07
i1                  =  9.22527e-05 from=  1.81458e-07 to=  4.99009e-07
i2                  =  1.02517e-04 from=  1.81458e-07 to=  4.99009e-07
i3                  =  1.15982e-04 from=  1.81458e-07 to=  4.99009e-07
i4                  =  1.28028e-04 from=  1.81458e-07 to=  4.99009e-07
i5                  =  1.41315e-04 from=  1.81458e-07 to=  4.99009e-07
i6                  =  1.53031e-04 from=  1.81458e-07 to=  4.99009e-07
i7                  =  1.66519e-04 from=  1.81458e-07 to=  4.99009e-07
sw1hi               =  3.74497e+00 at=  3.15658e-07
sw1lo               =  -1.04620e-01 at=  3.73922e-07
sw7hi               =  3.79095e+00 at=  4.37380e-07
sw7lo               =  -1.97300e-01 at=  2.36255e-07


Total analysis time (seconds) = 240.852

Total elapsed time (seconds) = 243.731 

Total DRAM available = 98304.000 MB.
DRAM currently available = 11351.859 MB.
Maximum ngspice program size =   24.188 MB.
Current ngspice program size =   24.188 MB.


======== band 5 :: generated deck (sf_-40c_3.63v) ========
* GENERATED by simenv.sh -- do not edit; edit /Users/rwalters/GitHub/gf180-pll/.loom/worktrees/issue-8/sim/vco-tuning-range/testbench/tb_vco_tuning.sp instead
* tag=sf_Tm40_V3p63_B5 libs=sf,res_typical,moscap_typical temp=-40C
.include "/Users/rwalters/.volare/gf180mcuD/libs.tech/ngspice/design.ngspice"
.lib "/Users/rwalters/.volare/gf180mcuD/libs.tech/ngspice/sm141064.ngspice" sf
.lib "/Users/rwalters/.volare/gf180mcuD/libs.tech/ngspice/sm141064.ngspice" res_typical
.lib "/Users/rwalters/.volare/gf180mcuD/libs.tech/ngspice/sm141064.ngspice" moscap_typical
.temp -40
.param sim_temp=-40
.param vsup=3.63
.param b0v=1*3.63
.param b1v=0*3.63
.param b2v=1*3.63
.param tsettle=1.09974e-07
.param tstop=3.0243e-07
.param tstep=1.46032e-10
.param tmax=1.46032e-10
.include "/Users/rwalters/GitHub/gf180-pll/.loom/worktrees/issue-8/sim/vco-tuning-range/testbench/tb_vco_tuning.sp"
.end

======== band 5 :: ngspice output ========

Note: Compatibility modes selected: hs a

Warning: m=xx on .subckt line will override multiplier m hierarchy!


Circuit: * generated by simenv.sh -- do not edit; edit /users/rwalters/github/gf180-pll/.loom/worktrees/issue-8/sim/vco-tuning-range/testbench/tb_vco_tuning.sp instead

Doing analysis at TEMP = -40.000000 and TNOM = 27.000000

Using SPARSE 1.3 as Direct Linear Solver

Initial Transient Solution
--------------------------

Node                                   Voltage
----                                   -------
vdd                                       3.63
nb0                                       3.63
nb1                                          0
nb2                                       3.63
vc1                                        0.9
vc2                                        1.2
vc3                                        1.5
vc4                                        1.8
vc5                                        2.1
vc6                                        2.4
vc7                                        2.7
nv1                                       3.63
nv2                                       3.63
nv3                                       3.63
nv4                                       3.63
nv5                                       3.63
nv6                                       3.63
nv7                                       3.63
x1.xbias.na                            1.02433
x1.xbias.vbpc                          2.73377
x1.xbias.nc                           0.098368
x1.xbias.xrcg.11                      0.098154
x1.xbias.xrcg.21                   0.000213996
x1.xbias.nsu                         0.0235062
x1.xbias.vfix                          2.04655
x1.xbias.nmd                          0.880845
x1.xbias.vbp0                          2.81357
x1.xbias.noff                         0.880027
x1.xbias.xroff.11                     0.879692
x1.xbias.xroff.21                  0.000335011
x1.xbias.nvi                         0.0922522
x1.xbias.xrdeg.11                    0.0922171
x1.xbias.xrdeg.21                  3.51189e-05
x1.xbias.b0b                        5.4058e-09
x1.xbias.b1b                              3.63
x1.xbias.b2b                        5.4058e-09
x1.xbias.vbn1                         0.873127
x1.xbias.ga                            2.81357
x1.xbias.vbp2                           2.8036
x1.xbias.gb                        3.48042e-16
x1.vbn                                0.968585
x1.xbias.gc                             2.8036
x1.vbp                                   2.691
x1.xs1.nh                              1.29987
x1.y1                                        0
x1.y5                                        0
x1.xs1.nt                          1.09769e-30
x1.xs2.nh                                 3.63
x1.y2                                     3.63
x1.xs2.nt                          8.13371e-13
x1.xs3.nh                                 3.63
x1.y3                                        0
x1.xs3.nt                          -8.7493e-59
x1.xs4.nh                                 3.63
x1.y4                                     3.63
x1.xs4.nt                          8.13371e-13
x1.xs5.nh                                 3.63
x1.xs5.nt                          -8.7493e-59
x1.nb1                                    3.63
x1.nb2                             3.97405e-09
clk1                                      3.63
x1.xcdec1.c_moscap_int1                  -3.63
x1.xcdec2.c_moscap_int1                  -3.63
x2.xbias.na                            1.02433
x2.xbias.vbpc                          2.73377
x2.xbias.nc                           0.098368
x2.xbias.xrcg.11                      0.098154
x2.xbias.xrcg.21                   0.000213996
x2.xbias.nsu                         0.0235062
x2.xbias.vfix                          2.04655
x2.xbias.nmd                          0.880845
x2.xbias.vbp0                          2.80423
x2.xbias.noff                         0.880011
x2.xbias.xroff.11                     0.879676
x2.xbias.xroff.21                  0.000335006
x2.xbias.nvi                          0.278595
x2.xbias.xrdeg.11                     0.278489
x2.xbias.xrdeg.21                  0.000106057
x2.xbias.b0b                        5.4058e-09
x2.xbias.b1b                              3.63
x2.xbias.b2b                        5.4058e-09
x2.xbias.vbn1                         0.883112
x2.xbias.ga                            2.80423
x2.xbias.vbp2                          2.79413
x2.xbias.gb                          3.488e-16
x2.vbn                                0.982935
x2.xbias.gc                            2.79413
x2.vbp                                  2.6749
x2.xs1.nh                              1.31436
x2.y1                                        0
x2.y5                                        0
x2.xs1.nt                         -2.32257e-18
x2.xs2.nh                                 3.63
x2.y2                                     3.63
x2.xs2.nt                          7.20226e-13
x2.xs3.nh                                 3.63
x2.y3                                        0
x2.xs3.nt                          2.19537e-58
x2.xs4.nh                                 3.63
x2.y4                                     3.63
x2.xs4.nt                          7.20226e-13
x2.xs5.nh                                 3.63
x2.xs5.nt                          2.19511e-58
x2.nb1                                    3.63
x2.nb2                             3.97405e-09
clk2                                      3.63
x2.xcdec1.c_moscap_int1                  -3.63
x2.xcdec2.c_moscap_int1                  -3.63
x3.xbias.na                            1.02433
x3.xbias.vbpc                          2.73377
x3.xbias.nc                           0.098368
x3.xbias.xrcg.11                      0.098154
x3.xbias.xrcg.21                   0.000213996
x3.xbias.nsu                         0.0235062
x3.xbias.vfix                          2.04655
x3.xbias.nmd                          0.880845
x3.xbias.vbp0                          2.79511
x3.xbias.noff                         0.879996
x3.xbias.xroff.11                     0.879661
x3.xbias.xroff.21                     0.000335
x3.xbias.nvi                          0.483865
x3.xbias.xrdeg.11                     0.483681
x3.xbias.xrdeg.21                    0.0001842
x3.xbias.b0b                        5.4058e-09
x3.xbias.b1b                              3.63
x3.xbias.b2b                        5.4058e-09
x3.xbias.vbn1                         0.892829
x3.xbias.ga                            2.79511
x3.xbias.vbp2                          2.78485
x3.xbias.gb                        3.49538e-16
x3.vbn                                0.997219
x3.xbias.gc                            2.78485
x3.vbp                                 2.65873
x3.xs1.nh                              1.32895
x3.y1                                        0
x3.y5                                        0
x3.xs1.nt                          2.95802e-30
x3.xs2.nh                                 3.63
x3.y2                                     3.63
x3.xs2.nt                          6.66518e-13
x3.xs3.nh                                 3.63
x3.y3                                        0
x3.xs3.nt                         -2.05345e-58
x3.xs4.nh                                 3.63
x3.y4                                     3.63
x3.xs4.nt                          6.66518e-13
x3.xs5.nh                                 3.63
x3.xs5.nt                         -2.05345e-58
x3.nb1                                    3.63
x3.nb2                             3.97405e-09
clk3                                      3.63
x3.xcdec1.c_moscap_int1                  -3.63
x3.xcdec2.c_moscap_int1                  -3.63
x4.xbias.na                            1.02433
x4.xbias.vbpc                          2.73377
x4.xbias.nc                           0.098368
x4.xbias.xrcg.11                      0.098154
x4.xbias.xrcg.21                   0.000213996
x4.xbias.nsu                         0.0235062
x4.xbias.vfix                          2.04655
x4.xbias.nmd                          0.880845
x4.xbias.vbp0                          2.78653
x4.xbias.noff                         0.879982
x4.xbias.xroff.11                     0.879647
x4.xbias.xroff.21                  0.000334995
x4.xbias.nvi                          0.698573
x4.xbias.xrdeg.11                     0.698307
x4.xbias.xrdeg.21                  0.000265935
x4.xbias.b0b                        5.4058e-09
x4.xbias.b1b                              3.63
x4.xbias.b2b                        5.4058e-09
x4.xbias.vbn1                         0.901942
x4.xbias.ga                            2.78653
x4.xbias.vbp2                          2.77611
x4.xbias.gb                        3.50229e-16
x4.vbn                                 1.01091
x4.xbias.gc                            2.77611
x4.vbp                                  2.6431
x4.xs1.nh                              1.34307
x4.y1                                        0
x4.y5                                        0
x4.xs1.nt                         -1.10973e-91
x4.xs2.nh                                 3.63
x4.y2                                     3.63
x4.xs2.nt                          6.12406e-13
x4.xs3.nh                                 3.63
x4.y3                                        0
x4.xs3.nt                        -6.76175e-157
x4.xs4.nh                                 3.63
x4.y4                                     3.63
x4.xs4.nt                          6.12406e-13
x4.xs5.nh                                 3.63
x4.xs5.nt                        -6.76121e-157
x4.nb1                                    3.63
x4.nb2                             3.97405e-09
clk4                                      3.63
x4.xcdec1.c_moscap_int1                  -3.63
x4.xcdec2.c_moscap_int1                  -3.63
x5.xbias.na                            1.02433
x5.xbias.vbpc                          2.73377
x5.xbias.nc                           0.098368
x5.xbias.xrcg.11                      0.098154
x5.xbias.xrcg.21                   0.000213996
x5.xbias.nsu                         0.0235062
x5.xbias.vfix                          2.04655
x5.xbias.nmd                          0.880845
x5.xbias.vbp0                          2.77846
x5.xbias.noff                         0.879969
x5.xbias.xroff.11                     0.879634
x5.xbias.xroff.21                  0.000334989
x5.xbias.nvi                          0.919788
x5.xbias.xrdeg.11                     0.919438
x5.xbias.xrdeg.21                  0.000350148
x5.xbias.b0b                        5.4058e-09
x5.xbias.b1b                              3.63
x5.xbias.b2b                        5.4058e-09
x5.xbias.vbn1                         0.910478
x5.xbias.ga                            2.77846
x5.xbias.vbp2                          2.76787
x5.xbias.gb                        3.50876e-16
x5.vbn                                 1.02399
x5.xbias.gc                            2.76787
x5.vbp                                 2.62809
x5.xs1.nh                              1.35668
x5.y1                                        0
x5.y5                                        0
x5.xs1.nt                          1.26621e-79
x5.xs2.nh                                 3.63
x5.y2                                     3.63
x5.xs2.nt                          5.67957e-13
x5.xs3.nh                                 3.63
x5.y3                                        0
x5.xs3.nt                        -1.03753e-116
x5.xs4.nh                                 3.63
x5.y4                                     3.63
x5.xs4.nt                          5.67957e-13
x5.xs5.nh                                 3.63
x5.xs5.nt                        -1.03753e-116
x5.nb1                                    3.63
x5.nb2                             3.97405e-09
clk5                                      3.63
x5.xcdec1.c_moscap_int1                  -3.63
x5.xcdec2.c_moscap_int1                  -3.63
x6.xbias.na                            1.02433
x6.xbias.vbpc                          2.73377
x6.xbias.nc                           0.098368
x6.xbias.xrcg.11                      0.098154
x6.xbias.xrcg.21                   0.000213996
x6.xbias.nsu                         0.0235062
x6.xbias.vfix                          2.04655
x6.xbias.nmd                          0.880845
x6.xbias.vbp0                          2.77086
x6.xbias.noff                         0.879956
x6.xbias.xroff.11                     0.879621
x6.xbias.xroff.21                  0.000334985
x6.xbias.nvi                           1.14604
x6.xbias.xrdeg.11                      1.14561
x6.xbias.xrdeg.21                   0.00043628
x6.xbias.b0b                        5.4058e-09
x6.xbias.b1b                              3.63
x6.xbias.b2b                        5.4058e-09
x6.xbias.vbn1                         0.918503
x6.xbias.ga                            2.77086
x6.xbias.vbp2                          2.76008
x6.xbias.gb                        3.51484e-16
x6.vbn                                 1.03653
x6.xbias.gc                            2.76008
x6.vbp                                 2.61366
x6.xs1.nh                              1.36978
x6.y1                                        0
x6.y5                                        0
x6.xs1.nt                         -2.61629e-92
x6.xs2.nh                                 3.63
x6.y2                                     3.63
x6.xs2.nt                          5.30849e-13
x6.xs3.nh                                 3.63
x6.y3                                        0
x6.xs3.nt                        -1.20644e-195
x6.xs4.nh                                 3.63
x6.y4                                     3.63
x6.xs4.nt                          5.30849e-13
x6.xs5.nh                                 3.63
x6.xs5.nt                        -1.20647e-195
x6.nb1                                    3.63
x6.nb2                             3.97405e-09
clk6                                      3.63
x6.xcdec1.c_moscap_int1                  -3.63
x6.xcdec2.c_moscap_int1                  -3.63
x7.xbias.na                            1.02433
x7.xbias.vbpc                          2.73377
x7.xbias.nc                           0.098368
x7.xbias.xrcg.11                      0.098154
x7.xbias.xrcg.21                   0.000213996
x7.xbias.nsu                         0.0235062
x7.xbias.vfix                          2.04655
x7.xbias.nmd                          0.880845
x7.xbias.vbp0                          2.76365
x7.xbias.noff                         0.879944
x7.xbias.xroff.11                     0.879609
x7.xbias.xroff.21                   0.00033498
x7.xbias.nvi                           1.37643
x7.xbias.xrdeg.11                      1.37591
x7.xbias.xrdeg.21                  0.000523984
x7.xbias.b0b                        5.4058e-09
x7.xbias.b1b                              3.63
x7.xbias.b2b                        5.4058e-09
x7.xbias.vbn1                         0.926084
x7.xbias.ga                            2.76365
x7.xbias.vbp2                          2.75268
x7.xbias.gb                        3.52059e-16
x7.vbn                                 1.04858
x7.xbias.gc                            2.75268
x7.vbp                                 2.59975
x7.xs1.nh                              1.38243
x7.y1                                        0
x7.y5                                        0
x7.xs1.nt                         -1.99423e-92
x7.xs2.nh                                 3.63
x7.y2                                     3.63
x7.xs2.nt                          4.99361e-13
x7.xs3.nh                                 3.63
x7.y3                                        0
x7.xs3.nt                        -9.99158e-176
x7.xs4.nh                                 3.63
x7.y4                                     3.63
x7.xs4.nt                          4.99361e-13
x7.xs5.nh                                 3.63
x7.xs5.nt                        -9.99164e-176
x7.nb1                                    3.63
x7.nb2                             3.97405e-09
clk7                                      3.63
x7.xcdec1.c_moscap_int1                  -3.63
x7.xcdec2.c_moscap_int1                  -3.63
e.x7.xcdec2.ec_moscap#branch                 0
e.x7.xcdec1.ec_moscap#branch                 0
e.x6.xcdec2.ec_moscap#branch                 0
e.x6.xcdec1.ec_moscap#branch                 0
e.x5.xcdec2.ec_moscap#branch                 0
e.x5.xcdec1.ec_moscap#branch                 0
e.x4.xcdec2.ec_moscap#branch                 0
e.x4.xcdec1.ec_moscap#branch                 0
e.x3.xcdec2.ec_moscap#branch                 0
e.x3.xcdec1.ec_moscap#branch                 0
e.x2.xcdec2.ec_moscap#branch                 0
e.x2.xcdec1.ec_moscap#branch                 0
e.x1.xcdec2.ec_moscap#branch                 0
e.x1.xcdec1.ec_moscap#branch                 0
vs7#branch                         0.000167001
vs6#branch                         0.000152101
vs5#branch                         0.000137402
vs4#branch                         0.000122958
vs3#branch                         0.000108857
vs2#branch                         9.52758e-05
vs1#branch                         8.28181e-05
vv7#branch                                   0
vv6#branch                                   0
vv5#branch                                   0
vv4#branch                                   0
vv3#branch                                   0
vv2#branch                                   0
vv1#branch                                   0
vb2#branch                                   0
vb1#branch                                   0
vb0#branch                                   0
vdd#branch                        -0.000866413


No. of Data Rows : 2781

  Measurements for Transient Analysis

tp1                 =  9.71341e-08 targ=  2.18872e-07 trig=  1.21738e-07
tp2                 =  8.18905e-08 targ=  2.04982e-07 trig=  1.23091e-07
tp3                 =  6.97527e-08 targ=  1.92142e-07 trig=  1.22390e-07
tp4                 =  6.03797e-08 targ=  1.81339e-07 trig=  1.20959e-07
tp5                 =  5.28817e-08 targ=  1.72212e-07 trig=  1.19331e-07
tp6                 =  4.69127e-08 targ=  1.64440e-07 trig=  1.17528e-07
tp7                 =  4.20198e-08 targ=  1.57821e-07 trig=  1.15802e-07
f1                  =  4.11802e+07
f2                  =  4.88457e+07
f3                  =  5.73454e+07
f4                  =  6.62474e+07
f5                  =  7.56405e+07
f6                  =  8.52647e+07
f7                  =  9.51933e+07
i1                  =  1.21787e-04 from=  1.09974e-07 to=  3.02430e-07
i2                  =  1.40198e-04 from=  1.09974e-07 to=  3.02430e-07
i3                  =  1.57807e-04 from=  1.09974e-07 to=  3.02430e-07
i4                  =  1.78488e-04 from=  1.09974e-07 to=  3.02430e-07
i5                  =  1.97538e-04 from=  1.09974e-07 to=  3.02430e-07
i6                  =  2.16343e-04 from=  1.09974e-07 to=  3.02430e-07
i7                  =  2.37143e-04 from=  1.09974e-07 to=  3.02430e-07
sw1hi               =  3.74873e+00 at=  2.18994e-07
sw1lo               =  -1.28520e-01 at=  2.79279e-07
sw7hi               =  3.76812e+00 at=  1.15939e-07
sw7lo               =  -1.65064e-01 at=  1.52552e-07


Total analysis time (seconds) = 214.986

Total elapsed time (seconds) = 217.456 

Total DRAM available = 98304.000 MB.
DRAM currently available = 10480.375 MB.
Maximum ngspice program size =   24.250 MB.
Current ngspice program size =   24.250 MB.


======== band 6 :: generated deck (sf_-40c_3.63v) ========
* GENERATED by simenv.sh -- do not edit; edit /Users/rwalters/GitHub/gf180-pll/.loom/worktrees/issue-8/sim/vco-tuning-range/testbench/tb_vco_tuning.sp instead
* tag=sf_Tm40_V3p63_B6 libs=sf,res_typical,moscap_typical temp=-40C
.include "/Users/rwalters/.volare/gf180mcuD/libs.tech/ngspice/design.ngspice"
.lib "/Users/rwalters/.volare/gf180mcuD/libs.tech/ngspice/sm141064.ngspice" sf
.lib "/Users/rwalters/.volare/gf180mcuD/libs.tech/ngspice/sm141064.ngspice" res_typical
.lib "/Users/rwalters/.volare/gf180mcuD/libs.tech/ngspice/sm141064.ngspice" moscap_typical
.temp -40
.param sim_temp=-40
.param vsup=3.63
.param b0v=0*3.63
.param b1v=1*3.63
.param b2v=1*3.63
.param tsettle=6.66512e-08
.param tstop=1.83291e-07
.param tstep=8.85043e-11
.param tmax=8.85043e-11
.include "/Users/rwalters/GitHub/gf180-pll/.loom/worktrees/issue-8/sim/vco-tuning-range/testbench/tb_vco_tuning.sp"
.end

======== band 6 :: ngspice output ========

Note: Compatibility modes selected: hs a

Warning: m=xx on .subckt line will override multiplier m hierarchy!


Circuit: * generated by simenv.sh -- do not edit; edit /users/rwalters/github/gf180-pll/.loom/worktrees/issue-8/sim/vco-tuning-range/testbench/tb_vco_tuning.sp instead

Doing analysis at TEMP = -40.000000 and TNOM = 27.000000

Using SPARSE 1.3 as Direct Linear Solver

Initial Transient Solution
--------------------------

Node                                   Voltage
----                                   -------
vdd                                       3.63
nb0                                          0
nb1                                       3.63
nb2                                       3.63
vc1                                        0.9
vc2                                        1.2
vc3                                        1.5
vc4                                        1.8
vc5                                        2.1
vc6                                        2.4
vc7                                        2.7
nv1                                       3.63
nv2                                       3.63
nv3                                       3.63
nv4                                       3.63
nv5                                       3.63
nv6                                       3.63
nv7                                       3.63
x1.xbias.na                            1.02433
x1.xbias.vbpc                          2.73377
x1.xbias.nc                           0.098368
x1.xbias.xrcg.11                      0.098154
x1.xbias.xrcg.21                   0.000213996
x1.xbias.nsu                         0.0235062
x1.xbias.vfix                          2.04655
x1.xbias.nmd                          0.880845
x1.xbias.vbp0                          2.81357
x1.xbias.noff                         0.880027
x1.xbias.xroff.11                     0.879692
x1.xbias.xroff.21                  0.000335011
x1.xbias.nvi                         0.0922522
x1.xbias.xrdeg.11                    0.0922171
x1.xbias.xrdeg.21                  3.51189e-05
x1.xbias.b0b                              3.63
x1.xbias.b1b                        5.4058e-09
x1.xbias.b2b                        5.4058e-09
x1.xbias.vbn1                         0.846645
x1.xbias.ga                               3.63
x1.xbias.vbp2                          2.77166
x1.xbias.gb                           0.846645
x1.vbn                                 1.01794
x1.xbias.gc                            2.77166
x1.vbp                                 2.63504
x1.xs1.nh                              1.35038
x1.y1                                        0
x1.y5                                        0
x1.xs1.nt                         -1.05034e-42
x1.xs2.nh                                 3.63
x1.y2                                     3.63
x1.xs2.nt                          5.87696e-13
x1.xs3.nh                                 3.63
x1.y3                                        0
x1.xs3.nt                         -1.45352e-97
x1.xs4.nh                                 3.63
x1.y4                                     3.63
x1.xs4.nt                          5.87696e-13
x1.xs5.nh                                 3.63
x1.xs5.nt                         -1.45352e-97
x1.nb1                                    3.63
x1.nb2                             3.97405e-09
clk1                                      3.63
x1.xcdec1.c_moscap_int1                  -3.63
x1.xcdec2.c_moscap_int1                  -3.63
x2.xbias.na                            1.02433
x2.xbias.vbpc                          2.73377
x2.xbias.nc                           0.098368
x2.xbias.xrcg.11                      0.098154
x2.xbias.xrcg.21                   0.000213996
x2.xbias.nsu                         0.0235062
x2.xbias.vfix                          2.04655
x2.xbias.nmd                          0.880845
x2.xbias.vbp0                          2.80423
x2.xbias.noff                         0.880011
x2.xbias.xroff.11                     0.879676
x2.xbias.xroff.21                  0.000335006
x2.xbias.nvi                          0.278595
x2.xbias.xrdeg.11                     0.278489
x2.xbias.xrdeg.21                  0.000106057
x2.xbias.b0b                              3.63
x2.xbias.b1b                        5.4058e-09
x2.xbias.b2b                        5.4058e-09
x2.xbias.vbn1                          0.85547
x2.xbias.ga                               3.63
x2.xbias.vbp2                          2.76037
x2.xbias.gb                            0.85547
x2.vbn                                 1.03606
x2.xbias.gc                            2.76037
x2.vbp                                  2.6142
x2.xs1.nh                              1.36929
x2.y1                                        0
x2.y5                                        0
x2.xs1.nt                         -6.44855e-80
x2.xs2.nh                                 3.63
x2.y2                                     3.63
x2.xs2.nt                          5.32117e-13
x2.xs3.nh                                 3.63
x2.y3                                        0
x2.xs3.nt                         9.28095e-118
x2.xs4.nh                                 3.63
x2.y4                                     3.63
x2.xs4.nt                          5.32117e-13
x2.xs5.nh                                 3.63
x2.xs5.nt                         9.28442e-118
x2.nb1                                    3.63
x2.nb2                             3.97405e-09
clk2                                      3.63
x2.xcdec1.c_moscap_int1                  -3.63
x2.xcdec2.c_moscap_int1                  -3.63
x3.xbias.na                            1.02433
x3.xbias.vbpc                          2.73377
x3.xbias.nc                           0.098368
x3.xbias.xrcg.11                      0.098154
x3.xbias.xrcg.21                   0.000213996
x3.xbias.nsu                         0.0235062
x3.xbias.vfix                          2.04655
x3.xbias.nmd                          0.880845
x3.xbias.vbp0                          2.79511
x3.xbias.noff                         0.879996
x3.xbias.xroff.11                     0.879661
x3.xbias.xroff.21                     0.000335
x3.xbias.nvi                          0.483865
x3.xbias.xrdeg.11                     0.483681
x3.xbias.xrdeg.21                    0.0001842
x3.xbias.b0b                              3.63
x3.xbias.b1b                        5.4058e-09
x3.xbias.b2b                        5.4058e-09
x3.xbias.vbn1                         0.863995
x3.xbias.ga                               3.63
x3.xbias.vbp2                           2.7492
x3.xbias.gb                           0.863995
x3.vbn                                 1.05431
x3.xbias.gc                             2.7492
x3.vbp                                 2.59314
x3.xs1.nh                              1.38845
x3.y1                                        0
x3.y5                                        0
x3.xs1.nt                         -6.43484e-44
x3.xs2.nh                                 3.63
x3.y2                                     3.63
x3.xs2.nt                          4.85636e-13
x3.xs3.nh                                 3.63
x3.y3                                        0
x3.xs3.nt                          6.08326e-58
x3.xs4.nh                                 3.63
x3.y4                                     3.63
x3.xs4.nt                          4.85636e-13
x3.xs5.nh                                 3.63
x3.xs5.nt                          6.08326e-58
x3.nb1                                    3.63
x3.nb2                             3.97405e-09
clk3                                      3.63
x3.xcdec1.c_moscap_int1                  -3.63
x3.xcdec2.c_moscap_int1                  -3.63
x4.xbias.na                            1.02433
x4.xbias.vbpc                          2.73377
x4.xbias.nc                           0.098368
x4.xbias.xrcg.11                      0.098154
x4.xbias.xrcg.21                   0.000213996
x4.xbias.nsu                         0.0235062
x4.xbias.vfix                          2.04655
x4.xbias.nmd                          0.880845
x4.xbias.vbp0                          2.78653
x4.xbias.noff                         0.879982
x4.xbias.xroff.11                     0.879647
x4.xbias.xroff.21                  0.000334995
x4.xbias.nvi                          0.698573
x4.xbias.xrdeg.11                     0.698307
x4.xbias.xrdeg.21                  0.000265935
x4.xbias.b0b                              3.63
x4.xbias.b1b                        5.4058e-09
x4.xbias.b2b                        5.4058e-09
x4.xbias.vbn1                         0.871933
x4.xbias.ga                               3.63
x4.xbias.vbp2                          2.73857
x4.xbias.gb                           0.871933
x4.vbn                                 1.07198
x4.xbias.gc                            2.73857
x4.vbp                                 2.57273
x4.xs1.nh                              1.40708
x4.y1                                        0
x4.y5                                        0
x4.xs1.nt                         -2.24202e-43
x4.xs2.nh                                 3.63
x4.y2                                     3.63
x4.xs2.nt                          4.47768e-13
x4.xs3.nh                                 3.63
x4.y3                                        0
x4.xs3.nt                           -6.409e-58
x4.xs4.nh                                 3.63
x4.y4                                     3.63
x4.xs4.nt                          4.47768e-13
x4.xs5.nh                                 3.63
x4.xs5.nt                          -6.4088e-58
x4.nb1                                    3.63
x4.nb2                             3.97405e-09
clk4                                      3.63
x4.xcdec1.c_moscap_int1                  -3.63
x4.xcdec2.c_moscap_int1                  -3.63
x5.xbias.na                            1.02433
x5.xbias.vbpc                          2.73377
x5.xbias.nc                           0.098368
x5.xbias.xrcg.11                      0.098154
x5.xbias.xrcg.21                   0.000213996
x5.xbias.nsu                         0.0235062
x5.xbias.vfix                          2.04655
x5.xbias.nmd                          0.880845
x5.xbias.vbp0                          2.77846
x5.xbias.noff                         0.879969
x5.xbias.xroff.11                     0.879634
x5.xbias.xroff.21                  0.000334989
x5.xbias.nvi                          0.919788
x5.xbias.xrdeg.11                     0.919438
x5.xbias.xrdeg.21                  0.000350148
x5.xbias.b0b                              3.63
x5.xbias.b1b                        5.4058e-09
x5.xbias.b2b                        5.4058e-09
x5.xbias.vbn1                         0.879319
x5.xbias.ga                               3.63
x5.xbias.vbp2                          2.72848
x5.xbias.gb                           0.879319
x5.vbn                                 1.08904
x5.xbias.gc                            2.72848
x5.vbp                                 2.55304
x5.xs1.nh                              1.42508
x5.y1                                        0
x5.y5                                        0
x5.xs1.nt                         4.14498e-130
x5.xs2.nh                                 3.63
x5.y2                                     3.63
x5.xs2.nt                          4.16487e-13
x5.xs3.nh                                 3.63
x5.y3                                        0
x5.xs3.nt                         1.55422e-235
x5.xs4.nh                                 3.63
x5.y4                                     3.63
x5.xs4.nt                          4.16487e-13
x5.xs5.nh                                 3.63
x5.xs5.nt                         1.55422e-235
x5.nb1                                    3.63
x5.nb2                             3.97405e-09
clk5                                      3.63
x5.xcdec1.c_moscap_int1                  -3.63
x5.xcdec2.c_moscap_int1                  -3.63
x6.xbias.na                            1.02433
x6.xbias.vbpc                          2.73377
x6.xbias.nc                           0.098368
x6.xbias.xrcg.11                      0.098154
x6.xbias.xrcg.21                   0.000213996
x6.xbias.nsu                         0.0235062
x6.xbias.vfix                          2.04655
x6.xbias.nmd                          0.880845
x6.xbias.vbp0                          2.77086
x6.xbias.noff                         0.879956
x6.xbias.xroff.11                     0.879621
x6.xbias.xroff.21                  0.000334985
x6.xbias.nvi                           1.14604
x6.xbias.xrdeg.11                      1.14561
x6.xbias.xrdeg.21                   0.00043628
x6.xbias.b0b                              3.63
x6.xbias.b1b                        5.4058e-09
x6.xbias.b2b                        5.4058e-09
x6.xbias.vbn1                         0.886221
x6.xbias.ga                               3.63
x6.xbias.vbp2                          2.71887
x6.xbias.gb                           0.886221
x6.vbn                                 1.10552
x6.xbias.gc                            2.71887
x6.vbp                                 2.53407
x6.xs1.nh                              1.44248
x6.y1                                        0
x6.y5                                        0
x6.xs1.nt                         4.35344e-118
x6.xs2.nh                                 3.63
x6.y2                                     3.63
x6.xs2.nt                           3.9031e-13
x6.xs3.nh                                 3.63
x6.y3                                        0
x6.xs3.nt                         6.74288e-196
x6.xs4.nh                                 3.63
x6.y4                                     3.63
x6.xs4.nt                           3.9031e-13
x6.xs5.nh                                 3.63
x6.xs5.nt                         6.74288e-196
x6.nb1                                    3.63
x6.nb2                             3.97405e-09
clk6                                      3.63
x6.xcdec1.c_moscap_int1                  -3.63
x6.xcdec2.c_moscap_int1                  -3.63
x7.xbias.na                            1.02433
x7.xbias.vbpc                          2.73377
x7.xbias.nc                           0.098368
x7.xbias.xrcg.11                      0.098154
x7.xbias.xrcg.21                   0.000213996
x7.xbias.nsu                         0.0235062
x7.xbias.vfix                          2.04655
x7.xbias.nmd                          0.880845
x7.xbias.vbp0                          2.76365
x7.xbias.noff                         0.879944
x7.xbias.xroff.11                     0.879609
x7.xbias.xroff.21                   0.00033498
x7.xbias.nvi                           1.37643
x7.xbias.xrdeg.11                      1.37591
x7.xbias.xrdeg.21                  0.000523984
x7.xbias.b0b                              3.63
x7.xbias.b1b                        5.4058e-09
x7.xbias.b2b                        5.4058e-09
x7.xbias.vbn1                         0.892703
x7.xbias.ga                               3.63
x7.xbias.vbp2                          2.70969
x7.xbias.gb                           0.892703
x7.vbn                                 1.12148
x7.xbias.gc                            2.70969
x7.vbp                                 2.51575
x7.xs1.nh                              1.45931
x7.y1                                        0
x7.y5                                        0
x7.xs1.nt                         2.54894e-118
x7.xs2.nh                                 3.63
x7.y2                                     3.63
x7.xs2.nt                          3.68022e-13
x7.xs3.nh                                 3.63
x7.y3                                        0
x7.xs3.nt                        -5.68123e-176
x7.xs4.nh                                 3.63
x7.y4                                     3.63
x7.xs4.nt                          3.68022e-13
x7.xs5.nh                                 3.63
x7.xs5.nt                         -5.6812e-176
x7.nb1                                    3.63
x7.nb2                             3.97405e-09
clk7                                      3.63
x7.xcdec1.c_moscap_int1                  -3.63
x7.xcdec2.c_moscap_int1                  -3.63
e.x7.xcdec2.ec_moscap#branch                 0
e.x7.xcdec1.ec_moscap#branch                 0
e.x6.xcdec2.ec_moscap#branch                 0
e.x6.xcdec1.ec_moscap#branch                 0
e.x5.xcdec2.ec_moscap#branch                 0
e.x5.xcdec1.ec_moscap#branch                 0
e.x4.xcdec2.ec_moscap#branch                 0
e.x4.xcdec1.ec_moscap#branch                 0
e.x3.xcdec2.ec_moscap#branch                 0
e.x3.xcdec1.ec_moscap#branch                 0
e.x2.xcdec2.ec_moscap#branch                 0
e.x2.xcdec1.ec_moscap#branch                 0
e.x1.xcdec2.ec_moscap#branch                 0
e.x1.xcdec1.ec_moscap#branch                 0
vs7#branch                         0.000241622
vs6#branch                          0.00021968
vs5#branch                         0.000198014
vs4#branch                         0.000176701
vs3#branch                         0.000155873
vs2#branch                         0.000135788
vs1#branch                         0.000117341
vv7#branch                                   0
vv6#branch                                   0
vv5#branch                                   0
vv4#branch                                   0
vv3#branch                                   0
vv2#branch                                   0
vv1#branch                                   0
vb2#branch                                   0
vb1#branch                                   0
vb0#branch                                   0
vdd#branch                         -0.00124502


No. of Data Rows : 2603

  Measurements for Transient Analysis

tp1                 =  5.61535e-08 targ=  1.26652e-07 trig=  7.04986e-08
tp2                 =  4.71372e-08 targ=  1.18085e-07 trig=  7.09482e-08
tp3                 =  3.99006e-08 targ=  1.10067e-07 trig=  7.01668e-08
tp4                 =  3.43765e-08 targ=  1.03347e-07 trig=  6.89700e-08
tp5                 =  2.99387e-08 targ=  9.76492e-08 trig=  6.77105e-08
tp6                 =  2.64538e-08 targ=  9.94261e-08 trig=  7.29723e-08
tp7                 =  2.35625e-08 targ=  9.45130e-08 trig=  7.09505e-08
f1                  =  7.12333e+07
f2                  =  8.48586e+07
f3                  =  1.00249e+08
f4                  =  1.16358e+08
f5                  =  1.33606e+08
f6                  =  1.51207e+08
f7                  =  1.69762e+08
i1                  =  1.72565e-04 from=  6.66512e-08 to=  1.83291e-07
i2                  =  1.97099e-04 from=  6.66512e-08 to=  1.83291e-07
i3                  =  2.23495e-04 from=  6.66512e-08 to=  1.83291e-07
i4                  =  2.53700e-04 from=  6.66512e-08 to=  1.83291e-07
i5                  =  2.82608e-04 from=  6.66512e-08 to=  1.83291e-07
i6                  =  3.13798e-04 from=  6.66512e-08 to=  1.83291e-07
i7                  =  3.44763e-04 from=  6.66512e-08 to=  1.83291e-07
sw1hi               =  3.75443e+00 at=  1.40809e-07
sw1lo               =  -1.25852e-01 at=  1.33630e-07
sw7hi               =  3.78266e+00 at=  1.71238e-07
sw7lo               =  -2.13521e-01 at=  7.40010e-08


Total analysis time (seconds) = 198.955

Total elapsed time (seconds) = 202.097 

Total DRAM available = 98304.000 MB.
DRAM currently available = 10243.422 MB.
Maximum ngspice program size =   24.219 MB.
Current ngspice program size =   24.219 MB.


======== band 7 :: generated deck (sf_-40c_3.63v) ========
* GENERATED by simenv.sh -- do not edit; edit /Users/rwalters/GitHub/gf180-pll/.loom/worktrees/issue-8/sim/vco-tuning-range/testbench/tb_vco_tuning.sp instead
* tag=sf_Tm40_V3p63_B7 libs=sf,res_typical,moscap_typical temp=-40C
.include "/Users/rwalters/.volare/gf180mcuD/libs.tech/ngspice/design.ngspice"
.lib "/Users/rwalters/.volare/gf180mcuD/libs.tech/ngspice/sm141064.ngspice" sf
.lib "/Users/rwalters/.volare/gf180mcuD/libs.tech/ngspice/sm141064.ngspice" res_typical
.lib "/Users/rwalters/.volare/gf180mcuD/libs.tech/ngspice/sm141064.ngspice" moscap_typical
.temp -40
.param sim_temp=-40
.param vsup=3.63
.param b0v=1*3.63
.param b1v=1*3.63
.param b2v=1*3.63
.param tsettle=4.03947e-08
.param tstop=1.11085e-07
.param tstep=5.36391e-11
.param tmax=5.36391e-11
.include "/Users/rwalters/GitHub/gf180-pll/.loom/worktrees/issue-8/sim/vco-tuning-range/testbench/tb_vco_tuning.sp"
.end

======== band 7 :: ngspice output ========

Note: Compatibility modes selected: hs a

Warning: m=xx on .subckt line will override multiplier m hierarchy!


Circuit: * generated by simenv.sh -- do not edit; edit /users/rwalters/github/gf180-pll/.loom/worktrees/issue-8/sim/vco-tuning-range/testbench/tb_vco_tuning.sp instead

Doing analysis at TEMP = -40.000000 and TNOM = 27.000000

Using SPARSE 1.3 as Direct Linear Solver

Initial Transient Solution
--------------------------

Node                                   Voltage
----                                   -------
vdd                                       3.63
nb0                                       3.63
nb1                                       3.63
nb2                                       3.63
vc1                                        0.9
vc2                                        1.2
vc3                                        1.5
vc4                                        1.8
vc5                                        2.1
vc6                                        2.4
vc7                                        2.7
nv1                                       3.63
nv2                                       3.63
nv3                                       3.63
nv4                                       3.63
nv5                                       3.63
nv6                                       3.63
nv7                                       3.63
x1.xbias.na                            1.02433
x1.xbias.vbpc                          2.73377
x1.xbias.nc                           0.098368
x1.xbias.xrcg.11                      0.098154
x1.xbias.xrcg.21                   0.000213996
x1.xbias.nsu                         0.0235062
x1.xbias.vfix                          2.04655
x1.xbias.nmd                          0.880845
x1.xbias.vbp0                          2.81357
x1.xbias.noff                         0.880027
x1.xbias.xroff.11                     0.879692
x1.xbias.xroff.21                  0.000335011
x1.xbias.nvi                         0.0922522
x1.xbias.xrdeg.11                    0.0922171
x1.xbias.xrdeg.21                  3.51189e-05
x1.xbias.b0b                        5.4058e-09
x1.xbias.b1b                        5.4058e-09
x1.xbias.b2b                        5.4058e-09
x1.xbias.vbn1                         0.873127
x1.xbias.ga                            2.81357
x1.xbias.vbp2                          2.73695
x1.xbias.gb                           0.873127
x1.vbn                                  1.0747
x1.xbias.gc                            2.73695
x1.vbp                                 2.56959
x1.xs1.nh                              1.40995
x1.y1                                        0
x1.y5                                        0
x1.xs1.nt                         -3.08285e-68
x1.xs2.nh                                 3.63
x1.y2                                     3.63
x1.xs2.nt                          4.42451e-13
x1.xs3.nh                                 3.63
x1.y3                                        0
x1.xs3.nt                         5.91944e-118
x1.xs4.nh                                 3.63
x1.y4                                     3.63
x1.xs4.nt                          4.42451e-13
x1.xs5.nh                                 3.63
x1.xs5.nt                         5.91944e-118
x1.nb1                                    3.63
x1.nb2                             3.97405e-09
clk1                                      3.63
x1.xcdec1.c_moscap_int1                  -3.63
x1.xcdec2.c_moscap_int1                  -3.63
x2.xbias.na                            1.02433
x2.xbias.vbpc                          2.73377
x2.xbias.nc                           0.098368
x2.xbias.xrcg.11                      0.098154
x2.xbias.xrcg.21                   0.000213996
x2.xbias.nsu                         0.0235062
x2.xbias.vfix                          2.04655
x2.xbias.nmd                          0.880845
x2.xbias.vbp0                          2.80423
x2.xbias.noff                         0.880011
x2.xbias.xroff.11                     0.879676
x2.xbias.xroff.21                  0.000335006
x2.xbias.nvi                          0.278595
x2.xbias.xrdeg.11                     0.278489
x2.xbias.xrdeg.21                  0.000106057
x2.xbias.b0b                        5.4058e-09
x2.xbias.b1b                        5.4058e-09
x2.xbias.b2b                        5.4058e-09
x2.xbias.vbn1                         0.883112
x2.xbias.ga                            2.80423
x2.xbias.vbp2                          2.72322
x2.xbias.gb                           0.883112
x2.vbn                                 1.09803
x2.xbias.gc                            2.72322
x2.vbp                                 2.54268
x2.xs1.nh                              1.43457
x2.y1                                        0
x2.y5                                        0
x2.xs1.nt                          1.58273e-17
x2.xs2.nh                                 3.63
x2.y2                                     3.63
x2.xs2.nt                          4.01753e-13
x2.xs3.nh                                 3.63
x2.y3                                        0
x2.xs3.nt                           9.3682e-18
x2.xs4.nh                                 3.63
x2.y4                                     3.63
x2.xs4.nt                          4.01753e-13
x2.xs5.nh                                 3.63
x2.xs5.nt                           9.3682e-18
x2.nb1                                    3.63
x2.nb2                             3.97405e-09
clk2                                      3.63
x2.xcdec1.c_moscap_int1                  -3.63
x2.xcdec2.c_moscap_int1                  -3.63
x3.xbias.na                            1.02433
x3.xbias.vbpc                          2.73377
x3.xbias.nc                           0.098368
x3.xbias.xrcg.11                      0.098154
x3.xbias.xrcg.21                   0.000213996
x3.xbias.nsu                         0.0235062
x3.xbias.vfix                          2.04655
x3.xbias.nmd                          0.880845
x3.xbias.vbp0                          2.79511
x3.xbias.noff                         0.879996
x3.xbias.xroff.11                     0.879661
x3.xbias.xroff.21                     0.000335
x3.xbias.nvi                          0.483865
x3.xbias.xrdeg.11                     0.483681
x3.xbias.xrdeg.21                    0.0001842
x3.xbias.b0b                        5.4058e-09
x3.xbias.b1b                        5.4058e-09
x3.xbias.b2b                        5.4058e-09
x3.xbias.vbn1                         0.892829
x3.xbias.ga                            2.79511
x3.xbias.vbp2                          2.70951
x3.xbias.gb                           0.892829
x3.vbn                                 1.12179
x3.xbias.gc                            2.70951
x3.vbp                                 2.51539
x3.xs1.nh                              1.45964
x3.y1                                        0
x3.y5                                        0
x3.xs1.nt                         -1.69273e-80
x3.xs2.nh                                 3.63
x3.y2                                     3.63
x3.xs2.nt                          3.67611e-13
x3.xs3.nh                                 3.63
x3.y3                                        0
x3.xs3.nt                         1.42927e-136
x3.xs4.nh                                 3.63
x3.y4                                     3.63
x3.xs4.nt                          3.67611e-13
x3.xs5.nh                                 3.63
x3.xs5.nt                         1.42927e-136
x3.nb1                                    3.63
x3.nb2                             3.97405e-09
clk3                                      3.63
x3.xcdec1.c_moscap_int1                  -3.63
x3.xcdec2.c_moscap_int1                  -3.63
x4.xbias.na                            1.02433
x4.xbias.vbpc                          2.73377
x4.xbias.nc                           0.098368
x4.xbias.xrcg.11                      0.098154
x4.xbias.xrcg.21                   0.000213996
x4.xbias.nsu                         0.0235062
x4.xbias.vfix                          2.04655
x4.xbias.nmd                          0.880845
x4.xbias.vbp0                          2.78653
x4.xbias.noff                         0.879982
x4.xbias.xroff.11                     0.879647
x4.xbias.xroff.21                  0.000334995
x4.xbias.nvi                          0.698573
x4.xbias.xrdeg.11                     0.698307
x4.xbias.xrdeg.21                  0.000265935
x4.xbias.b0b                        5.4058e-09
x4.xbias.b1b                        5.4058e-09
x4.xbias.b2b                        5.4058e-09
x4.xbias.vbn1                         0.901942
x4.xbias.ga                            2.78653
x4.xbias.vbp2                          2.69635
x4.xbias.gb                           0.901942
x4.vbn                                 1.14505
x4.xbias.gc                            2.69635
x4.vbp                                 2.48883
x4.xs1.nh                               1.4841
x4.y1                                        0
x4.y5                                        0
x4.xs1.nt                        -1.49593e-118
x4.xs2.nh                                 3.63
x4.y2                                     3.63
x4.xs2.nt                           3.3967e-13
x4.xs3.nh                                 3.63
x4.y3                                        0
x4.xs3.nt                         2.34556e-176
x4.xs4.nh                                 3.63
x4.y4                                     3.63
x4.xs4.nt                           3.3967e-13
x4.xs5.nh                                 3.63
x4.xs5.nt                         2.34558e-176
x4.nb1                                    3.63
x4.nb2                             3.97405e-09
clk4                                      3.63
x4.xcdec1.c_moscap_int1                  -3.63
x4.xcdec2.c_moscap_int1                  -3.63
x5.xbias.na                            1.02433
x5.xbias.vbpc                          2.73377
x5.xbias.nc                           0.098368
x5.xbias.xrcg.11                      0.098154
x5.xbias.xrcg.21                   0.000213996
x5.xbias.nsu                         0.0235062
x5.xbias.vfix                          2.04655
x5.xbias.nmd                          0.880845
x5.xbias.vbp0                          2.77846
x5.xbias.noff                         0.879969
x5.xbias.xroff.11                     0.879634
x5.xbias.xroff.21                  0.000334989
x5.xbias.nvi                          0.919788
x5.xbias.xrdeg.11                     0.919438
x5.xbias.xrdeg.21                  0.000350148
x5.xbias.b0b                        5.4058e-09
x5.xbias.b1b                        5.4058e-09
x5.xbias.b2b                        5.4058e-09
x5.xbias.vbn1                         0.910478
x5.xbias.ga                            2.77846
x5.xbias.vbp2                          2.68377
x5.xbias.gb                           0.910478
x5.vbn                                 1.16769
x5.xbias.gc                            2.68377
x5.vbp                                 2.46316
x5.xs1.nh                              1.50781
x5.y1                                        0
x5.y5                                        0
x5.xs1.nt                        -1.66716e-131
x5.xs2.nh                                 3.63
x5.y2                                     3.63
x5.xs2.nt                          3.16555e-13
x5.xs3.nh                                 3.63
x5.y3                                        0
x5.xs3.nt                        -8.34792e-196
x5.xs4.nh                                 3.63
x5.y4                                     3.63
x5.xs4.nt                          3.16555e-13
x5.xs5.nh                                 3.63
x5.xs5.nt                        -8.34792e-196
x5.nb1                                    3.63
x5.nb2                             3.97405e-09
clk5                                      3.63
x5.xcdec1.c_moscap_int1                  -3.63
x5.xcdec2.c_moscap_int1                  -3.63
x6.xbias.na                            1.02433
x6.xbias.vbpc                          2.73377
x6.xbias.nc                           0.098368
x6.xbias.xrcg.11                      0.098154
x6.xbias.xrcg.21                   0.000213996
x6.xbias.nsu                         0.0235062
x6.xbias.vfix                          2.04655
x6.xbias.nmd                          0.880845
x6.xbias.vbp0                          2.77086
x6.xbias.noff                         0.879956
x6.xbias.xroff.11                     0.879621
x6.xbias.xroff.21                  0.000334985
x6.xbias.nvi                           1.14604
x6.xbias.xrdeg.11                      1.14561
x6.xbias.xrdeg.21                   0.00043628
x6.xbias.b0b                        5.4058e-09
x6.xbias.b1b                        5.4058e-09
x6.xbias.b2b                        5.4058e-09
x6.xbias.vbn1                         0.918503
x6.xbias.ga                            2.77086
x6.xbias.vbp2                          2.67173
x6.xbias.gb                           0.918503
x6.vbn                                 1.18974
x6.xbias.gc                            2.67173
x6.vbp                                 2.43835
x6.xs1.nh                              1.53079
x6.y1                                        0
x6.y5                                        0
x6.xs1.nt                        -1.86516e-131
x6.xs2.nh                                 3.63
x6.y2                                     3.63
x6.xs2.nt                          2.97118e-13
x6.xs3.nh                                 3.63
x6.y3                                        0
x6.xs3.nt                        -5.81721e-216
x6.xs4.nh                                 3.63
x6.y4                                     3.63
x6.xs4.nt                          2.97118e-13
x6.xs5.nh                                 3.63
x6.xs5.nt                        -5.81717e-216
x6.nb1                                    3.63
x6.nb2                             3.97405e-09
clk6                                      3.63
x6.xcdec1.c_moscap_int1                  -3.63
x6.xcdec2.c_moscap_int1                  -3.63
x7.xbias.na                            1.02433
x7.xbias.vbpc                          2.73377
x7.xbias.nc                           0.098368
x7.xbias.xrcg.11                      0.098154
x7.xbias.xrcg.21                   0.000213996
x7.xbias.nsu                         0.0235062
x7.xbias.vfix                          2.04655
x7.xbias.nmd                          0.880845
x7.xbias.vbp0                          2.76365
x7.xbias.noff                         0.879944
x7.xbias.xroff.11                     0.879609
x7.xbias.xroff.21                   0.00033498
x7.xbias.nvi                           1.37643
x7.xbias.xrdeg.11                      1.37591
x7.xbias.xrdeg.21                  0.000523984
x7.xbias.b0b                        5.4058e-09
x7.xbias.b1b                        5.4058e-09
x7.xbias.b2b                        5.4058e-09
x7.xbias.vbn1                         0.926083
x7.xbias.ga                            2.76365
x7.xbias.vbp2                          2.66016
x7.xbias.gb                           0.926083
x7.vbn                                 1.21124
x7.xbias.gc                            2.66016
x7.vbp                                 2.41436
x7.xs1.nh                              1.55307
x7.y1                                        0
x7.y5                                        0
x7.xs1.nt                         5.59525e-144
x7.xs2.nh                                 3.63
x7.y2                                     3.63
x7.xs2.nt                          2.80509e-13
x7.xs3.nh                                 3.63
x7.y3                                        0
x7.xs3.nt                         1.06867e-235
x7.xs4.nh                                 3.63
x7.y4                                     3.63
x7.xs4.nt                          2.80509e-13
x7.xs5.nh                                 3.63
x7.xs5.nt                         1.06887e-235
x7.nb1                                    3.63
x7.nb2                             3.97405e-09
clk7                                      3.63
x7.xcdec1.c_moscap_int1                  -3.63
x7.xcdec2.c_moscap_int1                  -3.63
e.x7.xcdec2.ec_moscap#branch                 0
e.x7.xcdec1.ec_moscap#branch                 0
e.x6.xcdec2.ec_moscap#branch                 0
e.x6.xcdec1.ec_moscap#branch                 0
e.x5.xcdec2.ec_moscap#branch                 0
e.x5.xcdec1.ec_moscap#branch                 0
e.x4.xcdec2.ec_moscap#branch                 0
e.x4.xcdec1.ec_moscap#branch                 0
e.x3.xcdec2.ec_moscap#branch                 0
e.x3.xcdec1.ec_moscap#branch                 0
e.x2.xcdec2.ec_moscap#branch                 0
e.x2.xcdec1.ec_moscap#branch                 0
e.x1.xcdec2.ec_moscap#branch                 0
e.x1.xcdec1.ec_moscap#branch                 0
vs7#branch                         0.000367855
vs6#branch                         0.000333694
vs5#branch                         0.000299971
vs4#branch                         0.000266812
vs3#branch                         0.000234422
vs2#branch                         0.000203207
vs1#branch                         0.000174559
vv7#branch                                   0
vv6#branch                                   0
vv5#branch                                   0
vv4#branch                                   0
vv3#branch                                   0
vv2#branch                                   0
vv1#branch                                   0
vb2#branch                                   0
vb1#branch                                   0
vb0#branch                                   0
vdd#branch                         -0.00188052


No. of Data Rows : 2533

  Measurements for Transient Analysis

tp1                 =  3.35987e-08 targ=  7.58727e-08 trig=  4.22740e-08
tp2                 =  2.79700e-08 targ=  7.01937e-08 trig=  4.22237e-08
tp3                 =  2.35126e-08 targ=  6.49470e-08 trig=  4.14345e-08
tp4                 =  2.02468e-08 targ=  6.05125e-08 trig=  4.02657e-08
tp5                 =  1.74112e-08 targ=  6.11757e-08 trig=  4.37645e-08
tp6                 =  1.52682e-08 targ=  5.75362e-08 trig=  4.22680e-08
tp7                 =  1.35566e-08 targ=  5.44974e-08 trig=  4.09408e-08
f1                  =  1.19052e+08
f2                  =  1.43010e+08
f3                  =  1.70122e+08
f4                  =  1.97562e+08
f5                  =  2.29737e+08
f6                  =  2.61983e+08
f7                  =  2.95059e+08
i1                  =  2.51390e-04 from=  4.03947e-08 to=  1.11085e-07
i2                  =  2.90036e-04 from=  4.03947e-08 to=  1.11085e-07
i3                  =  3.33935e-04 from=  4.03947e-08 to=  1.11085e-07
i4                  =  3.79613e-04 from=  4.03947e-08 to=  1.11085e-07
i5                  =  4.25441e-04 from=  4.03947e-08 to=  1.11085e-07
i6                  =  4.73507e-04 from=  4.03947e-08 to=  1.11085e-07
i7                  =  5.21401e-04 from=  4.03947e-08 to=  1.11085e-07
sw1hi               =  3.71379e+00 at=  9.27508e-08
sw1lo               =  -1.42453e-01 at=  4.64686e-08
sw7hi               =  3.72190e+00 at=  9.86427e-08
sw7lo               =  -1.77819e-01 at=  1.10497e-07


Total analysis time (seconds) = 177.328

Total elapsed time (seconds) = 180.137 

Total DRAM available = 98304.000 MB.
DRAM currently available = 8220.234 MB.
Maximum ngspice program size =   23.859 MB.
Current ngspice program size =   23.859 MB.


