======== band 0 :: generated deck (typical_27c_3.63v) ========
* GENERATED by simenv.sh -- do not edit; edit /Users/rwalters/GitHub/gf180-pll/.loom/worktrees/issue-8/sim/vco-tuning-range/testbench/tb_vco_tuning.sp instead
* tag=typical_T27_V3p63_B0 libs=typical,res_typical,moscap_typical temp=27C
.include "/Users/rwalters/.volare/gf180mcuD/libs.tech/ngspice/design.ngspice"
.lib "/Users/rwalters/.volare/gf180mcuD/libs.tech/ngspice/sm141064.ngspice" typical
.lib "/Users/rwalters/.volare/gf180mcuD/libs.tech/ngspice/sm141064.ngspice" res_typical
.lib "/Users/rwalters/.volare/gf180mcuD/libs.tech/ngspice/sm141064.ngspice" moscap_typical
.temp 27
.param sim_temp=27
.param vsup=3.63
.param b0v=0*3.63
.param b1v=0*3.63
.param b2v=0*3.63
.param tsettle=1.00873e-06
.param tstop=2.774e-06
.param tstep=1.33946e-09
.param tmax=1.33946e-09
.include "/Users/rwalters/GitHub/gf180-pll/.loom/worktrees/issue-8/sim/vco-tuning-range/testbench/tb_vco_tuning.sp"
.end

======== band 0 :: ngspice output ========

Note: Compatibility modes selected: hs a

Warning: m=xx on .subckt line will override multiplier m hierarchy!


Circuit: * generated by simenv.sh -- do not edit; edit /users/rwalters/github/gf180-pll/.loom/worktrees/issue-8/sim/vco-tuning-range/testbench/tb_vco_tuning.sp instead

Doing analysis at TEMP = 27.000000 and TNOM = 27.000000

Using SPARSE 1.3 as Direct Linear Solver

Initial Transient Solution
--------------------------

Node                                   Voltage
----                                   -------
vdd                                       3.63
nb0                                          0
nb1                                          0
nb2                                          0
vc1                                        0.9
vc2                                        1.2
vc3                                        1.5
vc4                                        1.8
vc5                                        2.1
vc6                                        2.4
vc7                                        2.7
nv1                                       3.63
nv2                                       3.63
nv3                                       3.63
nv4                                       3.63
nv5                                       3.63
nv6                                       3.63
nv7                                       3.63
x1.xbias.na                           0.943865
x1.xbias.vbpc                          2.65945
x1.xbias.nc                           0.122598
x1.xbias.xrcg.11                      0.122366
x1.xbias.xrcg.21                   0.000232328
x1.xbias.nsu                         0.0164788
x1.xbias.vfix                          1.75966
x1.xbias.nmd                          0.757122
x1.xbias.vbp0                           2.7853
x1.xbias.noff                         0.768737
x1.xbias.xroff.11                     0.768482
x1.xbias.xroff.21                  0.000254803
x1.xbias.nvi                          0.178925
x1.xbias.xrdeg.11                     0.178866
x1.xbias.xrdeg.21                   5.9306e-05
x1.xbias.b0b                              3.63
x1.xbias.b1b                              3.63
x1.xbias.b2b                              3.63
x1.xbias.vbn1                         0.708384
x1.xbias.ga                               3.63
x1.xbias.vbp2                          2.80326
x1.xbias.gb                        1.35293e-11
x1.vbn                                0.676705
x1.xbias.gc                               3.63
x1.vbp                                 2.82299
x1.xs1.nh                              1.20847
x1.y1                                        0
x1.y5                                        0
x1.xs1.nt                         -1.34531e-25
x1.xs2.nh                                 3.63
x1.y2                                     3.63
x1.xs2.nt                          5.80983e-08
x1.xs3.nh                                 3.63
x1.y3                                        0
x1.xs3.nt                         -6.65585e-46
x1.xs4.nh                                 3.63
x1.y4                                     3.63
x1.xs4.nt                          5.80983e-08
x1.xs5.nh                                 3.63
x1.xs5.nt                         -6.65585e-46
x1.nb1                                    3.63
x1.nb2                             4.40717e-09
clk1                                      3.63
x1.xcdec1.c_moscap_int1                  -3.63
x1.xcdec2.c_moscap_int1                  -3.63
x2.xbias.na                           0.943865
x2.xbias.vbpc                          2.65945
x2.xbias.nc                           0.122598
x2.xbias.xrcg.11                      0.122366
x2.xbias.xrcg.21                   0.000232328
x2.xbias.nsu                         0.0164788
x2.xbias.vfix                          1.75966
x2.xbias.nmd                          0.757122
x2.xbias.vbp0                          2.77276
x2.xbias.noff                         0.768717
x2.xbias.xroff.11                     0.768462
x2.xbias.xroff.21                  0.000254797
x2.xbias.nvi                          0.373664
x2.xbias.xrdeg.11                      0.37354
x2.xbias.xrdeg.21                  0.000123854
x2.xbias.b0b                              3.63
x2.xbias.b1b                              3.63
x2.xbias.b2b                              3.63
x2.xbias.vbn1                         0.719419
x2.xbias.ga                               3.63
x2.xbias.vbp2                          2.79211
x2.xbias.gb                        1.35574e-11
x2.vbn                                0.685784
x2.xbias.gc                               3.63
x2.vbp                                 2.81344
x2.xs1.nh                               1.2167
x2.y1                                        0
x2.y5                                        0
x2.xs1.nt                         -3.72246e-40
x2.xs2.nh                                 3.63
x2.y2                                     3.63
x2.xs2.nt                          5.05576e-08
x2.xs3.nh                                 3.63
x2.y3                                        0
x2.xs3.nt                         -3.54519e-61
x2.xs4.nh                                 3.63
x2.y4                                     3.63
x2.xs4.nt                          5.05576e-08
x2.xs5.nh                                 3.63
x2.xs5.nt                         -3.54519e-61
x2.nb1                                    3.63
x2.nb2                             4.40717e-09
clk2                                      3.63
x2.xcdec1.c_moscap_int1                  -3.63
x2.xcdec2.c_moscap_int1                  -3.63
x3.xbias.na                           0.943865
x3.xbias.vbpc                          2.65945
x3.xbias.nc                           0.122598
x3.xbias.xrcg.11                      0.122366
x3.xbias.xrcg.21                   0.000232328
x3.xbias.nsu                         0.0164788
x3.xbias.vfix                          1.75966
x3.xbias.nmd                          0.757122
x3.xbias.vbp0                          2.76094
x3.xbias.noff                         0.768698
x3.xbias.xroff.11                     0.768443
x3.xbias.xroff.21                   0.00025479
x3.xbias.nvi                          0.581907
x3.xbias.xrdeg.11                     0.581714
x3.xbias.xrdeg.21                  0.000192877
x3.xbias.b0b                              3.63
x3.xbias.b1b                              3.63
x3.xbias.b2b                              3.63
x3.xbias.vbn1                          0.72974
x3.xbias.ga                               3.63
x3.xbias.vbp2                          2.78168
x3.xbias.gb                        1.35839e-11
x3.vbn                                 0.69415
x3.xbias.gc                               3.63
x3.vbp                                  2.8046
x3.xs1.nh                              1.22434
x3.y1                                        0
x3.y5                                        0
x3.xs1.nt                         -8.22376e-33
x3.xs2.nh                                 3.63
x3.y2                                     3.63
x3.xs2.nt                          4.47353e-08
x3.xs3.nh                                 3.63
x3.y3                                        0
x3.xs3.nt                         -2.56342e-47
x3.xs4.nh                                 3.63
x3.y4                                     3.63
x3.xs4.nt                          4.47353e-08
x3.xs5.nh                                 3.63
x3.xs5.nt                         -2.56342e-47
x3.nb1                                    3.63
x3.nb2                             4.40717e-09
clk3                                      3.63
x3.xcdec1.c_moscap_int1                  -3.63
x3.xcdec2.c_moscap_int1                  -3.63
x4.xbias.na                           0.943865
x4.xbias.vbpc                          2.65945
x4.xbias.nc                           0.122598
x4.xbias.xrcg.11                      0.122366
x4.xbias.xrcg.21                   0.000232328
x4.xbias.nsu                         0.0164788
x4.xbias.vfix                          1.75966
x4.xbias.nmd                          0.757122
x4.xbias.vbp0                          2.74993
x4.xbias.noff                          0.76868
x4.xbias.xroff.11                     0.768425
x4.xbias.xroff.21                  0.000254785
x4.xbias.nvi                          0.798127
x4.xbias.xrdeg.11                     0.797863
x4.xbias.xrdeg.21                  0.000264545
x4.xbias.b0b                              3.63
x4.xbias.b1b                              3.63
x4.xbias.b2b                              3.63
x4.xbias.vbn1                         0.739286
x4.xbias.ga                               3.63
x4.xbias.vbp2                          2.77203
x4.xbias.gb                        1.36084e-11
x4.vbn                                 0.70178
x4.xbias.gc                               3.63
x4.vbp                                  2.7965
x4.xs1.nh                              1.23135
x4.y1                                        0
x4.y5                                        0
x4.xs1.nt                          -3.6161e-18
x4.xs2.nh                                 3.63
x4.y2                                     3.63
x4.xs2.nt                          4.02007e-08
x4.xs3.nh                                 3.63
x4.y3                                        0
x4.xs3.nt                         -8.19564e-34
x4.xs4.nh                                 3.63
x4.y4                                     3.63
x4.xs4.nt                          4.02007e-08
x4.xs5.nh                                 3.63
x4.xs5.nt                         -8.19564e-34
x4.nb1                                    3.63
x4.nb2                             4.40717e-09
clk4                                      3.63
x4.xcdec1.c_moscap_int1                  -3.63
x4.xcdec2.c_moscap_int1                  -3.63
x5.xbias.na                           0.943865
x5.xbias.vbpc                          2.65945
x5.xbias.nc                           0.122598
x5.xbias.xrcg.11                      0.122366
x5.xbias.xrcg.21                   0.000232328
x5.xbias.nsu                         0.0164788
x5.xbias.vfix                          1.75966
x5.xbias.nmd                          0.757122
x5.xbias.vbp0                          2.73965
x5.xbias.noff                         0.768664
x5.xbias.xroff.11                     0.768409
x5.xbias.xroff.21                  0.000254779
x5.xbias.nvi                           1.02013
x5.xbias.xrdeg.11                      1.01979
x5.xbias.xrdeg.21                   0.00033813
x5.xbias.b0b                              3.63
x5.xbias.b1b                              3.63
x5.xbias.b2b                              3.63
x5.xbias.vbn1                          0.74815
x5.xbias.ga                               3.63
x5.xbias.vbp2                          2.76306
x5.xbias.gb                        1.36308e-11
x5.vbn                                0.708776
x5.xbias.gc                               3.63
x5.vbp                                 2.78905
x5.xs1.nh                              1.23782
x5.y1                                        0
x5.y5                                        0
x5.xs1.nt                          1.97345e-99
x5.xs2.nh                                 3.63
x5.y2                                     3.63
x5.xs2.nt                          3.65902e-08
x5.xs3.nh                                 3.63
x5.y3                                        0
x5.xs3.nt                        -2.10165e-196
x5.xs4.nh                                 3.63
x5.y4                                     3.63
x5.xs4.nt                          3.65902e-08
x5.xs5.nh                                 3.63
x5.xs5.nt                        -2.10165e-196
x5.nb1                                    3.63
x5.nb2                             4.40717e-09
clk5                                      3.63
x5.xcdec1.c_moscap_int1                  -3.63
x5.xcdec2.c_moscap_int1                  -3.63
x6.xbias.na                           0.943865
x6.xbias.vbpc                          2.65945
x6.xbias.nc                           0.122598
x6.xbias.xrcg.11                      0.122366
x6.xbias.xrcg.21                   0.000232328
x6.xbias.nsu                         0.0164788
x6.xbias.vfix                          1.75966
x6.xbias.nmd                          0.757122
x6.xbias.vbp0                          2.72998
x6.xbias.noff                         0.768648
x6.xbias.xroff.11                     0.768393
x6.xbias.xroff.21                  0.000254774
x6.xbias.nvi                           1.24673
x6.xbias.xrdeg.11                      1.24631
x6.xbias.xrdeg.21                  0.000413236
x6.xbias.b0b                              3.63
x6.xbias.b1b                              3.63
x6.xbias.b2b                              3.63
x6.xbias.vbn1                         0.756432
x6.xbias.ga                               3.63
x6.xbias.vbp2                          2.75469
x6.xbias.gb                        1.36518e-11
x6.vbn                                0.715235
x6.xbias.gc                               3.63
x6.vbp                                 2.78213
x6.xs1.nh                              1.24383
x6.y1                                        0
x6.y5                                        0
x6.xs1.nt                          1.04245e-99
x6.xs2.nh                                 3.63
x6.y2                                     3.63
x6.xs2.nt                           3.3653e-08
x6.xs3.nh                                 3.63
x6.y3                                        0
x6.xs3.nt                        -4.93331e-196
x6.xs4.nh                                 3.63
x6.y4                                     3.63
x6.xs4.nt                           3.3653e-08
x6.xs5.nh                                 3.63
x6.xs5.nt                        -4.93331e-196
x6.nb1                                    3.63
x6.nb2                             4.40717e-09
clk6                                      3.63
x6.xcdec1.c_moscap_int1                  -3.63
x6.xcdec2.c_moscap_int1                  -3.63
x7.xbias.na                           0.943865
x7.xbias.vbpc                          2.65945
x7.xbias.nc                           0.122598
x7.xbias.xrcg.11                      0.122366
x7.xbias.xrcg.21                   0.000232328
x7.xbias.nsu                         0.0164788
x7.xbias.vfix                          1.75966
x7.xbias.nmd                          0.757122
x7.xbias.vbp0                          2.72085
x7.xbias.noff                         0.768633
x7.xbias.xroff.11                     0.768379
x7.xbias.xroff.21                  0.000254769
x7.xbias.nvi                           1.47713
x7.xbias.xrdeg.11                      1.47664
x7.xbias.xrdeg.21                  0.000489606
x7.xbias.b0b                              3.63
x7.xbias.b1b                              3.63
x7.xbias.b2b                              3.63
x7.xbias.vbn1                         0.764217
x7.xbias.ga                               3.63
x7.xbias.vbp2                          2.74681
x7.xbias.gb                        1.36718e-11
x7.vbn                                0.721242
x7.xbias.gc                               3.63
x7.vbp                                 2.77568
x7.xs1.nh                              1.24945
x7.y1                                        0
x7.y5                                        0
x7.xs1.nt                         4.78136e-107
x7.xs2.nh                                 3.63
x7.y2                                     3.63
x7.xs2.nt                          3.12178e-08
x7.xs3.nh                                 3.63
x7.y3                                        0
x7.xs3.nt                        -4.71423e-197
x7.xs4.nh                                 3.63
x7.y4                                     3.63
x7.xs4.nt                          3.12178e-08
x7.xs5.nh                                 3.63
x7.xs5.nt                        -4.71423e-197
x7.nb1                                    3.63
x7.nb2                             4.40717e-09
clk7                                      3.63
x7.xcdec1.c_moscap_int1                  -3.63
x7.xcdec2.c_moscap_int1                  -3.63
e.x7.xcdec2.ec_moscap#branch                 0
e.x7.xcdec1.ec_moscap#branch                 0
e.x6.xcdec2.ec_moscap#branch                 0
e.x6.xcdec1.ec_moscap#branch                 0
e.x5.xcdec2.ec_moscap#branch                 0
e.x5.xcdec1.ec_moscap#branch                 0
e.x4.xcdec2.ec_moscap#branch                 0
e.x4.xcdec1.ec_moscap#branch                 0
e.x3.xcdec2.ec_moscap#branch                 0
e.x3.xcdec1.ec_moscap#branch                 0
e.x2.xcdec2.ec_moscap#branch                 0
e.x2.xcdec1.ec_moscap#branch                 0
e.x1.xcdec2.ec_moscap#branch                 0
e.x1.xcdec1.ec_moscap#branch                 0
vs7#branch                         6.50137e-05
vs6#branch                         6.01786e-05
vs5#branch                         5.54111e-05
vs4#branch                         5.07267e-05
vs3#branch                         4.61501e-05
vs2#branch                         4.17258e-05
vs1#branch                         3.75657e-05
vv7#branch                                   0
vv6#branch                                   0
vv5#branch                                   0
vv4#branch                                   0
vv3#branch                                   0
vv2#branch                                   0
vv1#branch                                   0
vb2#branch                                   0
vb1#branch                                   0
vb0#branch                                   0
vdd#branch                        -0.000356772


No. of Data Rows : 2817

  Measurements for Transient Analysis

tp1                 =  1.06077e-06 targ=  2.12148e-06 trig=  1.06071e-06
tp2                 =  8.92272e-07 targ=  2.00742e-06 trig=  1.11515e-06
tp3                 =  7.64466e-07 targ=  1.91003e-06 trig=  1.14556e-06
tp4                 =  6.65216e-07 targ=  1.82951e-06 trig=  1.16429e-06
tp5                 =  5.87658e-07 targ=  1.61754e-06 trig=  1.02988e-06
tp6                 =  5.25568e-07 targ=  1.57843e-06 trig=  1.05286e-06
tp7                 =  4.74738e-07 targ=  1.54518e-06 trig=  1.07044e-06
f1                  =  3.77084e+06
f2                  =  4.48294e+06
f3                  =  5.23241e+06
f4                  =  6.01308e+06
f5                  =  6.80668e+06
f6                  =  7.61081e+06
f7                  =  8.42570e+06
i1                  =  5.54980e-05 from=  1.00873e-06 to=  2.77400e-06
i2                  =  5.79311e-05 from=  1.00873e-06 to=  2.77400e-06
i3                  =  6.51367e-05 from=  1.00873e-06 to=  2.77400e-06
i4                  =  7.03871e-05 from=  1.00873e-06 to=  2.77400e-06
i5                  =  7.37027e-05 from=  1.00873e-06 to=  2.77400e-06
i6                  =  8.13063e-05 from=  1.00873e-06 to=  2.77400e-06
i7                  =  8.46358e-05 from=  1.00873e-06 to=  2.77400e-06
sw1hi               =  3.70001e+00 at=  1.32616e-06
sw1lo               =  -5.17137e-02 at=  1.97748e-06
sw7hi               =  3.70811e+00 at=  2.49724e-06
sw7lo               =  -6.52509e-02 at=  1.24388e-06


Total analysis time (seconds) = 247.267

Total elapsed time (seconds) = 251.671 

Total DRAM available = 98304.000 MB.
DRAM currently available = 1313.609 MB.
Maximum ngspice program size =   24.172 MB.
Current ngspice program size =   24.172 MB.


======== band 1 :: generated deck (typical_27c_3.63v) ========
* GENERATED by simenv.sh -- do not edit; edit /Users/rwalters/GitHub/gf180-pll/.loom/worktrees/issue-8/sim/vco-tuning-range/testbench/tb_vco_tuning.sp instead
* tag=typical_T27_V3p63_B1 libs=typical,res_typical,moscap_typical temp=27C
.include "/Users/rwalters/.volare/gf180mcuD/libs.tech/ngspice/design.ngspice"
.lib "/Users/rwalters/.volare/gf180mcuD/libs.tech/ngspice/sm141064.ngspice" typical
.lib "/Users/rwalters/.volare/gf180mcuD/libs.tech/ngspice/sm141064.ngspice" res_typical
.lib "/Users/rwalters/.volare/gf180mcuD/libs.tech/ngspice/sm141064.ngspice" moscap_typical
.temp 27
.param sim_temp=27
.param vsup=3.63
.param b0v=1*3.63
.param b1v=0*3.63
.param b2v=0*3.63
.param tsettle=6.11349e-07
.param tstop=1.68121e-06
.param tstep=8.11794e-10
.param tmax=8.11794e-10
.include "/Users/rwalters/GitHub/gf180-pll/.loom/worktrees/issue-8/sim/vco-tuning-range/testbench/tb_vco_tuning.sp"
.end

======== band 1 :: ngspice output ========

Note: Compatibility modes selected: hs a

Warning: m=xx on .subckt line will override multiplier m hierarchy!


Circuit: * generated by simenv.sh -- do not edit; edit /users/rwalters/github/gf180-pll/.loom/worktrees/issue-8/sim/vco-tuning-range/testbench/tb_vco_tuning.sp instead

Doing analysis at TEMP = 27.000000 and TNOM = 27.000000

Using SPARSE 1.3 as Direct Linear Solver

Initial Transient Solution
--------------------------

Node                                   Voltage
----                                   -------
vdd                                       3.63
nb0                                       3.63
nb1                                          0
nb2                                          0
vc1                                        0.9
vc2                                        1.2
vc3                                        1.5
vc4                                        1.8
vc5                                        2.1
vc6                                        2.4
vc7                                        2.7
nv1                                       3.63
nv2                                       3.63
nv3                                       3.63
nv4                                       3.63
nv5                                       3.63
nv6                                       3.63
nv7                                       3.63
x1.xbias.na                           0.943865
x1.xbias.vbpc                          2.65945
x1.xbias.nc                           0.122598
x1.xbias.xrcg.11                      0.122366
x1.xbias.xrcg.21                   0.000232328
x1.xbias.nsu                         0.0164788
x1.xbias.vfix                          1.75966
x1.xbias.nmd                          0.757122
x1.xbias.vbp0                           2.7853
x1.xbias.noff                         0.768737
x1.xbias.xroff.11                     0.768482
x1.xbias.xroff.21                  0.000254803
x1.xbias.nvi                          0.178925
x1.xbias.xrdeg.11                     0.178866
x1.xbias.xrdeg.21                   5.9306e-05
x1.xbias.b0b                        6.0692e-09
x1.xbias.b1b                              3.63
x1.xbias.b2b                              3.63
x1.xbias.vbn1                         0.739463
x1.xbias.ga                             2.7853
x1.xbias.vbp2                          2.77185
x1.xbias.gb                        1.36088e-11
x1.vbn                                0.701921
x1.xbias.gc                               3.63
x1.vbp                                 2.79635
x1.xs1.nh                              1.23148
x1.y1                                        0
x1.y5                                        0
x1.xs1.nt                         -9.06672e-48
x1.xs2.nh                                 3.63
x1.y2                                     3.63
x1.xs2.nt                          4.01231e-08
x1.xs3.nh                                 3.63
x1.y3                                        0
x1.xs3.nt                         -4.27545e-88
x1.xs4.nh                                 3.63
x1.y4                                     3.63
x1.xs4.nt                          4.01231e-08
x1.xs5.nh                                 3.63
x1.xs5.nt                         -4.27545e-88
x1.nb1                                    3.63
x1.nb2                             4.40717e-09
clk1                                      3.63
x1.xcdec1.c_moscap_int1                  -3.63
x1.xcdec2.c_moscap_int1                  -3.63
x2.xbias.na                           0.943865
x2.xbias.vbpc                          2.65945
x2.xbias.nc                           0.122598
x2.xbias.xrcg.11                      0.122366
x2.xbias.xrcg.21                   0.000232328
x2.xbias.nsu                         0.0164788
x2.xbias.vfix                          1.75966
x2.xbias.nmd                          0.757122
x2.xbias.vbp0                          2.77276
x2.xbias.noff                         0.768717
x2.xbias.xroff.11                     0.768462
x2.xbias.xroff.21                  0.000254797
x2.xbias.nvi                          0.373664
x2.xbias.xrdeg.11                      0.37354
x2.xbias.xrdeg.21                  0.000123854
x2.xbias.b0b                        6.0692e-09
x2.xbias.b1b                              3.63
x2.xbias.b2b                              3.63
x2.xbias.vbn1                         0.752049
x2.xbias.ga                            2.77276
x2.xbias.vbp2                          2.75912
x2.xbias.gb                        1.36407e-11
x2.vbn                                0.711826
x2.xbias.gc                               3.63
x2.vbp                                 2.78579
x2.xs1.nh                              1.24065
x2.y1                                        0
x2.y5                                        0
x2.xs1.nt                          1.89136e-55
x2.xs2.nh                                 3.63
x2.y2                                     3.63
x2.xs2.nt                          3.51593e-08
x2.xs3.nh                                 3.63
x2.y3                                        0
x2.xs3.nt                        -2.55481e-100
x2.xs4.nh                                 3.63
x2.y4                                     3.63
x2.xs4.nt                          3.51593e-08
x2.xs5.nh                                 3.63
x2.xs5.nt                        -2.55481e-100
x2.nb1                                    3.63
x2.nb2                             4.40717e-09
clk2                                      3.63
x2.xcdec1.c_moscap_int1                  -3.63
x2.xcdec2.c_moscap_int1                  -3.63
x3.xbias.na                           0.943865
x3.xbias.vbpc                          2.65945
x3.xbias.nc                           0.122598
x3.xbias.xrcg.11                      0.122366
x3.xbias.xrcg.21                   0.000232328
x3.xbias.nsu                         0.0164788
x3.xbias.vfix                          1.75966
x3.xbias.nmd                          0.757122
x3.xbias.vbp0                          2.76094
x3.xbias.noff                         0.768698
x3.xbias.xroff.11                     0.768443
x3.xbias.xroff.21                   0.00025479
x3.xbias.nvi                          0.581907
x3.xbias.xrdeg.11                     0.581714
x3.xbias.xrdeg.21                  0.000192877
x3.xbias.b0b                        6.0692e-09
x3.xbias.b1b                              3.63
x3.xbias.b2b                              3.63
x3.xbias.vbn1                         0.763937
x3.xbias.ga                            2.76094
x3.xbias.vbp2                          2.74709
x3.xbias.gb                        1.36711e-11
x3.vbn                                0.721027
x3.xbias.gc                               3.63
x3.vbp                                 2.77591
x3.xs1.nh                              1.24925
x3.y1                                        0
x3.y5                                        0
x3.xs1.nt                          -9.9399e-56
x3.xs2.nh                                 3.63
x3.y2                                     3.63
x3.xs2.nt                          3.13005e-08
x3.xs3.nh                                 3.63
x3.y3                                        0
x3.xs3.nt                        -1.53968e-101
x3.xs4.nh                                 3.63
x3.y4                                     3.63
x3.xs4.nt                          3.13005e-08
x3.xs5.nh                                 3.63
x3.xs5.nt                        -1.53968e-101
x3.nb1                                    3.63
x3.nb2                             4.40717e-09
clk3                                      3.63
x3.xcdec1.c_moscap_int1                  -3.63
x3.xcdec2.c_moscap_int1                  -3.63
x4.xbias.na                           0.943865
x4.xbias.vbpc                          2.65945
x4.xbias.nc                           0.122598
x4.xbias.xrcg.11                      0.122366
x4.xbias.xrcg.21                   0.000232328
x4.xbias.nsu                         0.0164788
x4.xbias.vfix                          1.75966
x4.xbias.nmd                          0.757122
x4.xbias.vbp0                          2.74993
x4.xbias.noff                          0.76868
x4.xbias.xroff.11                     0.768425
x4.xbias.xroff.21                  0.000254785
x4.xbias.nvi                          0.798127
x4.xbias.xrdeg.11                     0.797863
x4.xbias.xrdeg.21                  0.000264545
x4.xbias.b0b                        6.0692e-09
x4.xbias.b1b                              3.63
x4.xbias.b2b                              3.63
x4.xbias.vbn1                         0.775029
x4.xbias.ga                            2.74993
x4.xbias.vbp2                          2.73586
x4.xbias.gb                        1.36993e-11
x4.vbn                                0.729483
x4.xbias.gc                               3.63
x4.vbp                                 2.76679
x4.xs1.nh                              1.25721
x4.y1                                        0
x4.y5                                        0
x4.xs1.nt                          6.86597e-26
x4.xs2.nh                                 3.63
x4.y2                                     3.63
x4.xs2.nt                          2.82768e-08
x4.xs3.nh                                 3.63
x4.y3                                        0
x4.xs3.nt                          2.83132e-46
x4.xs4.nh                                 3.63
x4.y4                                     3.63
x4.xs4.nt                          2.82768e-08
x4.xs5.nh                                 3.63
x4.xs5.nt                          2.83132e-46
x4.nb1                                    3.63
x4.nb2                             4.40717e-09
clk4                                      3.63
x4.xcdec1.c_moscap_int1                  -3.63
x4.xcdec2.c_moscap_int1                  -3.63
x5.xbias.na                           0.943865
x5.xbias.vbpc                          2.65945
x5.xbias.nc                           0.122598
x5.xbias.xrcg.11                      0.122366
x5.xbias.xrcg.21                   0.000232328
x5.xbias.nsu                         0.0164788
x5.xbias.vfix                          1.75966
x5.xbias.nmd                          0.757122
x5.xbias.vbp0                          2.73965
x5.xbias.noff                         0.768664
x5.xbias.xroff.11                     0.768409
x5.xbias.xroff.21                  0.000254779
x5.xbias.nvi                           1.02013
x5.xbias.xrdeg.11                      1.01979
x5.xbias.xrdeg.21                   0.00033813
x5.xbias.b0b                        6.0692e-09
x5.xbias.b1b                              3.63
x5.xbias.b2b                              3.63
x5.xbias.vbn1                         0.785411
x5.xbias.ga                            2.73965
x5.xbias.vbp2                          2.72534
x5.xbias.gb                        1.37255e-11
x5.vbn                                0.737289
x5.xbias.gc                               3.63
x5.vbp                                 2.75832
x5.xs1.nh                              1.26461
x5.y1                                        0
x5.y5                                        0
x5.xs1.nt                         -1.27375e-15
x5.xs2.nh                                 3.63
x5.y2                                     3.63
x5.xs2.nt                          2.58559e-08
x5.xs3.nh                                 3.63
x5.y3                                        0
x5.xs3.nt                          2.11486e-19
x5.xs4.nh                                 3.63
x5.y4                                     3.63
x5.xs4.nt                          2.58559e-08
x5.xs5.nh                                 3.63
x5.xs5.nt                          2.11486e-19
x5.nb1                                    3.63
x5.nb2                             4.40717e-09
clk5                                      3.63
x5.xcdec1.c_moscap_int1                  -3.63
x5.xcdec2.c_moscap_int1                  -3.63
x6.xbias.na                           0.943865
x6.xbias.vbpc                          2.65945
x6.xbias.nc                           0.122598
x6.xbias.xrcg.11                      0.122366
x6.xbias.xrcg.21                   0.000232328
x6.xbias.nsu                         0.0164788
x6.xbias.vfix                          1.75966
x6.xbias.nmd                          0.757122
x6.xbias.vbp0                          2.72998
x6.xbias.noff                         0.768648
x6.xbias.xroff.11                     0.768393
x6.xbias.xroff.21                  0.000254774
x6.xbias.nvi                           1.24673
x6.xbias.xrdeg.11                      1.24631
x6.xbias.xrdeg.21                  0.000413236
x6.xbias.b0b                        6.0692e-09
x6.xbias.b1b                              3.63
x6.xbias.b2b                              3.63
x6.xbias.vbn1                         0.795178
x6.xbias.ga                            2.72998
x6.xbias.vbp2                          2.71544
x6.xbias.gb                        1.37506e-11
x6.vbn                                0.744543
x6.xbias.gc                               3.63
x6.vbp                                 2.75041
x6.xs1.nh                              1.27153
x6.y1                                        0
x6.y5                                        0
x6.xs1.nt                          8.47964e-56
x6.xs2.nh                                 3.63
x6.y2                                     3.63
x6.xs2.nt                          2.38768e-08
x6.xs3.nh                                 3.63
x6.y3                                        0
x6.xs3.nt                        -7.42298e-101
x6.xs4.nh                                 3.63
x6.y4                                     3.63
x6.xs4.nt                          2.38768e-08
x6.xs5.nh                                 3.63
x6.xs5.nt                        -7.42298e-101
x6.nb1                                    3.63
x6.nb2                             4.40717e-09
clk6                                      3.63
x6.xcdec1.c_moscap_int1                  -3.63
x6.xcdec2.c_moscap_int1                  -3.63
x7.xbias.na                           0.943865
x7.xbias.vbpc                          2.65945
x7.xbias.nc                           0.122598
x7.xbias.xrcg.11                      0.122366
x7.xbias.xrcg.21                   0.000232328
x7.xbias.nsu                         0.0164788
x7.xbias.vfix                          1.75966
x7.xbias.nmd                          0.757122
x7.xbias.vbp0                          2.72085
x7.xbias.noff                         0.768633
x7.xbias.xroff.11                     0.768379
x7.xbias.xroff.21                  0.000254769
x7.xbias.nvi                           1.47713
x7.xbias.xrdeg.11                      1.47664
x7.xbias.xrdeg.21                  0.000489606
x7.xbias.b0b                        6.0692e-09
x7.xbias.b1b                              3.63
x7.xbias.b2b                              3.63
x7.xbias.vbn1                         0.804417
x7.xbias.ga                            2.72085
x7.xbias.vbp2                          2.70606
x7.xbias.gb                        1.37739e-11
x7.vbn                                0.751329
x7.xbias.gc                               3.63
x7.vbp                                 2.74298
x7.xs1.nh                              1.27805
x7.y1                                        0
x7.y5                                        0
x7.xs1.nt                          4.78892e-41
x7.xs2.nh                                 3.63
x7.y2                                     3.63
x7.xs2.nt                          2.22287e-08
x7.xs3.nh                                 3.63
x7.y3                                        0
x7.xs3.nt                          3.07146e-60
x7.xs4.nh                                 3.63
x7.y4                                     3.63
x7.xs4.nt                          2.22287e-08
x7.xs5.nh                                 3.63
x7.xs5.nt                          3.07146e-60
x7.nb1                                    3.63
x7.nb2                             4.40717e-09
clk7                                      3.63
x7.xcdec1.c_moscap_int1                  -3.63
x7.xcdec2.c_moscap_int1                  -3.63
e.x7.xcdec2.ec_moscap#branch                 0
e.x7.xcdec1.ec_moscap#branch                 0
e.x6.xcdec2.ec_moscap#branch                 0
e.x6.xcdec1.ec_moscap#branch                 0
e.x5.xcdec2.ec_moscap#branch                 0
e.x5.xcdec1.ec_moscap#branch                 0
e.x4.xcdec2.ec_moscap#branch                 0
e.x4.xcdec1.ec_moscap#branch                 0
e.x3.xcdec2.ec_moscap#branch                 0
e.x3.xcdec1.ec_moscap#branch                 0
e.x2.xcdec2.ec_moscap#branch                 0
e.x2.xcdec1.ec_moscap#branch                 0
e.x1.xcdec2.ec_moscap#branch                 0
e.x1.xcdec1.ec_moscap#branch                 0
vs7#branch                         8.15208e-05
vs6#branch                          7.5061e-05
vs5#branch                         6.86902e-05
vs4#branch                         6.24289e-05
vs3#branch                           5.631e-05
vs2#branch                         5.03924e-05
vs1#branch                         4.48257e-05
vv7#branch                                   0
vv6#branch                                   0
vv5#branch                                   0
vv4#branch                                   0
vv3#branch                                   0
vv2#branch                                   0
vv1#branch                                   0
vb2#branch                                   0
vb1#branch                                   0
vb0#branch                                   0
vdd#branch                        -0.000439229


No. of Data Rows : 2643

  Measurements for Transient Analysis

tp1                 =  6.63865e-07 targ=  1.32739e-06 trig=  6.63529e-07
tp2                 =  5.57452e-07 targ=  1.25460e-06 trig=  6.97152e-07
tp3                 =  4.76638e-07 targ=  1.19261e-06 trig=  7.15974e-07
tp4                 =  4.14614e-07 targ=  1.03751e-06 trig=  6.22892e-07
tp5                 =  3.65844e-07 targ=  1.00720e-06 trig=  6.41359e-07
tp6                 =  3.27501e-07 targ=  9.82001e-07 trig=  6.54501e-07
tp7                 =  2.95504e-07 targ=  9.60320e-07 trig=  6.64816e-07
f1                  =  6.02532e+06
f2                  =  7.17551e+06
f3                  =  8.39212e+06
f4                  =  9.64753e+06
f5                  =  1.09336e+07
f6                  =  1.22137e+07
f7                  =  1.35362e+07
i1                  =  6.32554e-05 from=  6.11349e-07 to=  1.68121e-06
i2                  =  7.08483e-05 from=  6.11349e-07 to=  1.68121e-06
i3                  =  7.77034e-05 from=  6.11349e-07 to=  1.68121e-06
i4                  =  8.52547e-05 from=  6.11349e-07 to=  1.68121e-06
i5                  =  8.93890e-05 from=  6.11349e-07 to=  1.68121e-06
i6                  =  9.91748e-05 from=  6.11349e-07 to=  1.68121e-06
i7                  =  1.06258e-04 from=  6.11349e-07 to=  1.68121e-06
sw1hi               =  3.69292e+00 at=  1.66009e-06
sw1lo               =  -5.37970e-02 at=  1.07271e-06
sw7hi               =  3.70750e+00 at=  6.65178e-07
sw7lo               =  -8.11936e-02 at=  1.14243e-06


Total analysis time (seconds) = 220.463

Total elapsed time (seconds) = 224.890 

Total DRAM available = 98304.000 MB.
DRAM currently available =  208.422 MB.
Maximum ngspice program size =   24.188 MB.
Current ngspice program size =   24.188 MB.


======== band 2 :: generated deck (typical_27c_3.63v) ========
* GENERATED by simenv.sh -- do not edit; edit /Users/rwalters/GitHub/gf180-pll/.loom/worktrees/issue-8/sim/vco-tuning-range/testbench/tb_vco_tuning.sp instead
* tag=typical_T27_V3p63_B2 libs=typical,res_typical,moscap_typical temp=27C
.include "/Users/rwalters/.volare/gf180mcuD/libs.tech/ngspice/design.ngspice"
.lib "/Users/rwalters/.volare/gf180mcuD/libs.tech/ngspice/sm141064.ngspice" typical
.lib "/Users/rwalters/.volare/gf180mcuD/libs.tech/ngspice/sm141064.ngspice" res_typical
.lib "/Users/rwalters/.volare/gf180mcuD/libs.tech/ngspice/sm141064.ngspice" moscap_typical
.temp 27
.param sim_temp=27
.param vsup=3.63
.param b0v=0*3.63
.param b1v=1*3.63
.param b2v=0*3.63
.param tsettle=3.70514e-07
.param tstop=1.01891e-06
.param tstep=4.91996e-10
.param tmax=4.91996e-10
.include "/Users/rwalters/GitHub/gf180-pll/.loom/worktrees/issue-8/sim/vco-tuning-range/testbench/tb_vco_tuning.sp"
.end

======== band 2 :: ngspice output ========

Note: Compatibility modes selected: hs a

Warning: m=xx on .subckt line will override multiplier m hierarchy!


Circuit: * generated by simenv.sh -- do not edit; edit /users/rwalters/github/gf180-pll/.loom/worktrees/issue-8/sim/vco-tuning-range/testbench/tb_vco_tuning.sp instead

Doing analysis at TEMP = 27.000000 and TNOM = 27.000000

Using SPARSE 1.3 as Direct Linear Solver

Initial Transient Solution
--------------------------

Node                                   Voltage
----                                   -------
vdd                                       3.63
nb0                                          0
nb1                                       3.63
nb2                                          0
vc1                                        0.9
vc2                                        1.2
vc3                                        1.5
vc4                                        1.8
vc5                                        2.1
vc6                                        2.4
vc7                                        2.7
nv1                                       3.63
nv2                                       3.63
nv3                                       3.63
nv4                                       3.63
nv5                                       3.63
nv6                                       3.63
nv7                                       3.63
x1.xbias.na                           0.943865
x1.xbias.vbpc                          2.65945
x1.xbias.nc                           0.122598
x1.xbias.xrcg.11                      0.122366
x1.xbias.xrcg.21                   0.000232328
x1.xbias.nsu                         0.0164788
x1.xbias.vfix                          1.75966
x1.xbias.nmd                          0.757122
x1.xbias.vbp0                           2.7853
x1.xbias.noff                         0.768737
x1.xbias.xroff.11                     0.768482
x1.xbias.xroff.21                  0.000254803
x1.xbias.nvi                          0.178925
x1.xbias.xrdeg.11                     0.178866
x1.xbias.xrdeg.21                   5.9306e-05
x1.xbias.b0b                              3.63
x1.xbias.b1b                        6.0692e-09
x1.xbias.b2b                              3.63
x1.xbias.vbn1                         0.708384
x1.xbias.ga                               3.63
x1.xbias.vbp2                          2.73288
x1.xbias.gb                           0.708384
x1.vbn                                0.731705
x1.xbias.gc                               3.63
x1.vbp                                 2.76438
x1.xs1.nh                              1.25931
x1.y1                                        0
x1.y5                                        0
x1.xs1.nt                          9.51023e-94
x1.xs2.nh                                 3.63
x1.y2                                     3.63
x1.xs2.nt                           2.7554e-08
x1.xs3.nh                                 3.63
x1.y3                                        0
x1.xs3.nt                         1.10391e-155
x1.xs4.nh                                 3.63
x1.y4                                     3.63
x1.xs4.nt                           2.7554e-08
x1.xs5.nh                                 3.63
x1.xs5.nt                         1.10391e-155
x1.nb1                                    3.63
x1.nb2                             4.40717e-09
clk1                                      3.63
x1.xcdec1.c_moscap_int1                  -3.63
x1.xcdec2.c_moscap_int1                  -3.63
x2.xbias.na                           0.943865
x2.xbias.vbpc                          2.65945
x2.xbias.nc                           0.122598
x2.xbias.xrcg.11                      0.122366
x2.xbias.xrcg.21                   0.000232328
x2.xbias.nsu                         0.0164788
x2.xbias.vfix                          1.75966
x2.xbias.nmd                          0.757122
x2.xbias.vbp0                          2.77276
x2.xbias.noff                         0.768717
x2.xbias.xroff.11                     0.768462
x2.xbias.xroff.21                  0.000254797
x2.xbias.nvi                          0.373664
x2.xbias.xrdeg.11                      0.37354
x2.xbias.xrdeg.21                  0.000123854
x2.xbias.b0b                              3.63
x2.xbias.b1b                        6.0692e-09
x2.xbias.b2b                              3.63
x2.xbias.vbn1                         0.719419
x2.xbias.ga                               3.63
x2.xbias.vbp2                          2.71778
x2.xbias.gb                           0.719419
x2.vbn                                0.742832
x2.xbias.gc                               3.63
x2.vbp                                 2.75228
x2.xs1.nh                              1.26989
x2.y1                                        0
x2.y5                                        0
x2.xs1.nt                          2.43225e-94
x2.xs2.nh                                 3.63
x2.y2                                     3.63
x2.xs2.nt                          2.43222e-08
x2.xs3.nh                                 3.63
x2.y3                                        0
x2.xs3.nt                         1.55152e-169
x2.xs4.nh                                 3.63
x2.y4                                     3.63
x2.xs4.nt                          2.43222e-08
x2.xs5.nh                                 3.63
x2.xs5.nt                         1.55152e-169
x2.nb1                                    3.63
x2.nb2                             4.40717e-09
clk2                                      3.63
x2.xcdec1.c_moscap_int1                  -3.63
x2.xcdec2.c_moscap_int1                  -3.63
x3.xbias.na                           0.943865
x3.xbias.vbpc                          2.65945
x3.xbias.nc                           0.122598
x3.xbias.xrcg.11                      0.122366
x3.xbias.xrcg.21                   0.000232328
x3.xbias.nsu                         0.0164788
x3.xbias.vfix                          1.75966
x3.xbias.nmd                          0.757122
x3.xbias.vbp0                          2.76094
x3.xbias.noff                         0.768698
x3.xbias.xroff.11                     0.768443
x3.xbias.xroff.21                   0.00025479
x3.xbias.nvi                          0.581907
x3.xbias.xrdeg.11                     0.581714
x3.xbias.xrdeg.21                  0.000192877
x3.xbias.b0b                              3.63
x3.xbias.b1b                        6.0692e-09
x3.xbias.b2b                              3.63
x3.xbias.vbn1                          0.72974
x3.xbias.ga                               3.63
x3.xbias.vbp2                          2.70336
x3.xbias.gb                            0.72974
x3.vbn                                0.753262
x3.xbias.gc                               3.63
x3.vbp                                 2.74086
x3.xs1.nh                              1.27991
x3.y1                                        0
x3.y5                                        0
x3.xs1.nt                         -1.39003e-94
x3.xs2.nh                                 3.63
x3.y2                                     3.63
x3.xs2.nt                          2.17914e-08
x3.xs3.nh                                 3.63
x3.y3                                        0
x3.xs3.nt                        -1.43153e-168
x3.xs4.nh                                 3.63
x3.y4                                     3.63
x3.xs4.nt                          2.17914e-08
x3.xs5.nh                                 3.63
x3.xs5.nt                        -1.43153e-168
x3.nb1                                    3.63
x3.nb2                             4.40717e-09
clk3                                      3.63
x3.xcdec1.c_moscap_int1                  -3.63
x3.xcdec2.c_moscap_int1                  -3.63
x4.xbias.na                           0.943865
x4.xbias.vbpc                          2.65945
x4.xbias.nc                           0.122598
x4.xbias.xrcg.11                      0.122366
x4.xbias.xrcg.21                   0.000232328
x4.xbias.nsu                         0.0164788
x4.xbias.vfix                          1.75966
x4.xbias.nmd                          0.757122
x4.xbias.vbp0                          2.74993
x4.xbias.noff                          0.76868
x4.xbias.xroff.11                     0.768425
x4.xbias.xroff.21                  0.000254785
x4.xbias.nvi                          0.798127
x4.xbias.xrdeg.11                     0.797863
x4.xbias.xrdeg.21                  0.000264545
x4.xbias.b0b                              3.63
x4.xbias.b1b                        6.0692e-09
x4.xbias.b2b                              3.63
x4.xbias.vbn1                         0.739286
x4.xbias.ga                               3.63
x4.xbias.vbp2                          2.68977
x4.xbias.gb                           0.739286
x4.vbn                                0.762926
x4.xbias.gc                               3.63
x4.vbp                                  2.7302
x4.xs1.nh                              1.28928
x4.y1                                        0
x4.y5                                        0
x4.xs1.nt                          1.96271e-26
x4.xs2.nh                                 3.63
x4.y2                                     3.63
x4.xs2.nt                          1.97951e-08
x4.xs3.nh                                 3.63
x4.y3                                        0
x4.xs3.nt                          1.36768e-32
x4.xs4.nh                                 3.63
x4.y4                                     3.63
x4.xs4.nt                          1.97951e-08
x4.xs5.nh                                 3.63
x4.xs5.nt                          1.36768e-32
x4.nb1                                    3.63
x4.nb2                             4.40717e-09
clk4                                      3.63
x4.xcdec1.c_moscap_int1                  -3.63
x4.xcdec2.c_moscap_int1                  -3.63
x5.xbias.na                           0.943865
x5.xbias.vbpc                          2.65945
x5.xbias.nc                           0.122598
x5.xbias.xrcg.11                      0.122366
x5.xbias.xrcg.21                   0.000232328
x5.xbias.nsu                         0.0164788
x5.xbias.vfix                          1.75966
x5.xbias.nmd                          0.757122
x5.xbias.vbp0                          2.73965
x5.xbias.noff                         0.768664
x5.xbias.xroff.11                     0.768409
x5.xbias.xroff.21                  0.000254779
x5.xbias.nvi                           1.02013
x5.xbias.xrdeg.11                      1.01979
x5.xbias.xrdeg.21                   0.00033813
x5.xbias.b0b                              3.63
x5.xbias.b1b                        6.0692e-09
x5.xbias.b2b                              3.63
x5.xbias.vbn1                          0.74815
x5.xbias.ga                               3.63
x5.xbias.vbp2                          2.67693
x5.xbias.gb                            0.74815
x5.vbn                                0.771916
x5.xbias.gc                               3.63
x5.vbp                                 2.72022
x5.xs1.nh                              1.29806
x5.y1                                        0
x5.y5                                        0
x5.xs1.nt                         -3.94759e-49
x5.xs2.nh                                 3.63
x5.y2                                     3.63
x5.xs2.nt                          1.81872e-08
x5.xs3.nh                                 3.63
x5.y3                                        0
x5.xs3.nt                         3.19192e-114
x5.xs4.nh                                 3.63
x5.y4                                     3.63
x5.xs4.nt                          1.81872e-08
x5.xs5.nh                                 3.63
x5.xs5.nt                         3.19192e-114
x5.nb1                                    3.63
x5.nb2                             4.40717e-09
clk5                                      3.63
x5.xcdec1.c_moscap_int1                  -3.63
x5.xcdec2.c_moscap_int1                  -3.63
x6.xbias.na                           0.943865
x6.xbias.vbpc                          2.65945
x6.xbias.nc                           0.122598
x6.xbias.xrcg.11                      0.122366
x6.xbias.xrcg.21                   0.000232328
x6.xbias.nsu                         0.0164788
x6.xbias.vfix                          1.75966
x6.xbias.nmd                          0.757122
x6.xbias.vbp0                          2.72998
x6.xbias.noff                         0.768648
x6.xbias.xroff.11                     0.768393
x6.xbias.xroff.21                  0.000254774
x6.xbias.nvi                           1.24673
x6.xbias.xrdeg.11                      1.24631
x6.xbias.xrdeg.21                  0.000413236
x6.xbias.b0b                              3.63
x6.xbias.b1b                        6.0692e-09
x6.xbias.b2b                              3.63
x6.xbias.vbn1                         0.756432
x6.xbias.ga                               3.63
x6.xbias.vbp2                          2.66476
x6.xbias.gb                           0.756432
x6.vbn                                0.780327
x6.xbias.gc                               3.63
x6.vbp                                 2.71084
x6.xs1.nh                              1.30634
x6.y1                                        0
x6.y5                                        0
x6.xs1.nt                          6.67176e-57
x6.xs2.nh                                 3.63
x6.y2                                     3.63
x6.xs2.nt                          1.68657e-08
x6.xs3.nh                                 3.63
x6.y3                                        0
x6.xs3.nt                        -3.61338e-114
x6.xs4.nh                                 3.63
x6.y4                                     3.63
x6.xs4.nt                          1.68657e-08
x6.xs5.nh                                 3.63
x6.xs5.nt                        -3.61338e-114
x6.nb1                                    3.63
x6.nb2                             4.40717e-09
clk6                                      3.63
x6.xcdec1.c_moscap_int1                  -3.63
x6.xcdec2.c_moscap_int1                  -3.63
x7.xbias.na                           0.943865
x7.xbias.vbpc                          2.65945
x7.xbias.nc                           0.122598
x7.xbias.xrcg.11                      0.122366
x7.xbias.xrcg.21                   0.000232328
x7.xbias.nsu                         0.0164788
x7.xbias.vfix                          1.75966
x7.xbias.nmd                          0.757122
x7.xbias.vbp0                          2.72085
x7.xbias.noff                         0.768633
x7.xbias.xroff.11                     0.768379
x7.xbias.xroff.21                  0.000254769
x7.xbias.nvi                           1.47713
x7.xbias.xrdeg.11                      1.47664
x7.xbias.xrdeg.21                  0.000489606
x7.xbias.b0b                              3.63
x7.xbias.b1b                        6.0692e-09
x7.xbias.b2b                              3.63
x7.xbias.vbn1                         0.764217
x7.xbias.ga                               3.63
x7.xbias.vbp2                          2.65315
x7.xbias.gb                           0.764217
x7.vbn                                0.788245
x7.xbias.gc                               3.63
x7.vbp                                 2.70196
x7.xs1.nh                              1.31418
x7.y1                                        0
x7.y5                                        0
x7.xs1.nt                          9.03003e-50
x7.xs2.nh                                 3.63
x7.y2                                     3.63
x7.xs2.nt                          1.57598e-08
x7.xs3.nh                                 3.63
x7.y3                                        0
x7.xs3.nt                          1.37474e-87
x7.xs4.nh                                 3.63
x7.y4                                     3.63
x7.xs4.nt                          1.57598e-08
x7.xs5.nh                                 3.63
x7.xs5.nt                          1.37474e-87
x7.nb1                                    3.63
x7.nb2                             4.40717e-09
clk7                                      3.63
x7.xcdec1.c_moscap_int1                  -3.63
x7.xcdec2.c_moscap_int1                  -3.63
e.x7.xcdec2.ec_moscap#branch                 0
e.x7.xcdec1.ec_moscap#branch                 0
e.x6.xcdec2.ec_moscap#branch                 0
e.x6.xcdec1.ec_moscap#branch                 0
e.x5.xcdec2.ec_moscap#branch                 0
e.x5.xcdec1.ec_moscap#branch                 0
e.x4.xcdec2.ec_moscap#branch                 0
e.x4.xcdec1.ec_moscap#branch                 0
e.x3.xcdec2.ec_moscap#branch                 0
e.x3.xcdec1.ec_moscap#branch                 0
e.x2.xcdec2.ec_moscap#branch                 0
e.x2.xcdec1.ec_moscap#branch                 0
e.x1.xcdec2.ec_moscap#branch                 0
e.x1.xcdec1.ec_moscap#branch                 0
vs7#branch                         9.26796e-05
vs6#branch                         8.51878e-05
vs5#branch                         7.77922e-05
vs4#branch                         7.05158e-05
vs3#branch                         6.33958e-05
vs2#branch                         5.64997e-05
vs1#branch                         5.00012e-05
vv7#branch                                   0
vv6#branch                                   0
vv5#branch                                   0
vv4#branch                                   0
vv3#branch                                   0
vv2#branch                                   0
vv1#branch                                   0
vb2#branch                                   0
vb1#branch                                   0
vb0#branch                                   0
vdd#branch                        -0.000496072


No. of Data Rows : 2743

  Measurements for Transient Analysis

tp1                 =  4.00462e-07 targ=  8.00987e-07 trig=  4.00526e-07
tp2                 =  3.36067e-07 targ=  7.56296e-07 trig=  4.20230e-07
tp3                 =  2.86735e-07 targ=  7.17434e-07 trig=  4.30699e-07
tp4                 =  2.49284e-07 targ=  6.23495e-07 trig=  3.74211e-07
tp5                 =  2.19441e-07 targ=  6.04290e-07 trig=  3.84849e-07
tp6                 =  1.95829e-07 targ=  5.88040e-07 trig=  3.92211e-07
tp7                 =  1.76486e-07 targ=  5.74160e-07 trig=  3.97673e-07
f1                  =  9.98847e+06
f2                  =  1.19024e+07
f3                  =  1.39502e+07
f4                  =  1.60459e+07
f5                  =  1.82281e+07
f6                  =  2.04260e+07
f7                  =  2.26647e+07
i1                  =  7.28330e-05 from=  3.70514e-07 to=  1.01891e-06
i2                  =  8.10635e-05 from=  3.70514e-07 to=  1.01891e-06
i3                  =  8.65868e-05 from=  3.70514e-07 to=  1.01891e-06
i4                  =  9.72476e-05 from=  3.70514e-07 to=  1.01891e-06
i5                  =  1.06670e-04 from=  3.70514e-07 to=  1.01891e-06
i6                  =  1.12746e-04 from=  3.70514e-07 to=  1.01891e-06
i7                  =  1.22693e-04 from=  3.70514e-07 to=  1.01891e-06
sw1hi               =  3.71287e+00 at=  4.00950e-07
sw1lo               =  -8.02050e-02 at=  9.47432e-07
sw7hi               =  3.73731e+00 at=  7.95169e-07
sw7lo               =  -1.06845e-01 at=  5.06720e-07


Total analysis time (seconds) = 223.151

Total elapsed time (seconds) = 227.868 

Total DRAM available = 98304.000 MB.
DRAM currently available =  252.750 MB.
Maximum ngspice program size =   24.297 MB.
Current ngspice program size =   24.297 MB.


======== band 3 :: generated deck (typical_27c_3.63v) ========
* GENERATED by simenv.sh -- do not edit; edit /Users/rwalters/GitHub/gf180-pll/.loom/worktrees/issue-8/sim/vco-tuning-range/testbench/tb_vco_tuning.sp instead
* tag=typical_T27_V3p63_B3 libs=typical,res_typical,moscap_typical temp=27C
.include "/Users/rwalters/.volare/gf180mcuD/libs.tech/ngspice/design.ngspice"
.lib "/Users/rwalters/.volare/gf180mcuD/libs.tech/ngspice/sm141064.ngspice" typical
.lib "/Users/rwalters/.volare/gf180mcuD/libs.tech/ngspice/sm141064.ngspice" res_typical
.lib "/Users/rwalters/.volare/gf180mcuD/libs.tech/ngspice/sm141064.ngspice" moscap_typical
.temp 27
.param sim_temp=27
.param vsup=3.63
.param b0v=1*3.63
.param b1v=1*3.63
.param b2v=0*3.63
.param tsettle=2.24554e-07
.param tstop=6.17523e-07
.param tstep=2.9818e-10
.param tmax=2.9818e-10
.include "/Users/rwalters/GitHub/gf180-pll/.loom/worktrees/issue-8/sim/vco-tuning-range/testbench/tb_vco_tuning.sp"
.end

======== band 3 :: ngspice output ========

Note: Compatibility modes selected: hs a

Warning: m=xx on .subckt line will override multiplier m hierarchy!


Circuit: * generated by simenv.sh -- do not edit; edit /users/rwalters/github/gf180-pll/.loom/worktrees/issue-8/sim/vco-tuning-range/testbench/tb_vco_tuning.sp instead

Doing analysis at TEMP = 27.000000 and TNOM = 27.000000

Using SPARSE 1.3 as Direct Linear Solver

Initial Transient Solution
--------------------------

Node                                   Voltage
----                                   -------
vdd                                       3.63
nb0                                       3.63
nb1                                       3.63
nb2                                          0
vc1                                        0.9
vc2                                        1.2
vc3                                        1.5
vc4                                        1.8
vc5                                        2.1
vc6                                        2.4
vc7                                        2.7
nv1                                       3.63
nv2                                       3.63
nv3                                       3.63
nv4                                       3.63
nv5                                       3.63
nv6                                       3.63
nv7                                       3.63
x1.xbias.na                           0.943865
x1.xbias.vbpc                          2.65945
x1.xbias.nc                           0.122598
x1.xbias.xrcg.11                      0.122366
x1.xbias.xrcg.21                   0.000232328
x1.xbias.nsu                         0.0164788
x1.xbias.vfix                          1.75966
x1.xbias.nmd                          0.757122
x1.xbias.vbp0                           2.7853
x1.xbias.noff                         0.768737
x1.xbias.xroff.11                     0.768482
x1.xbias.xroff.21                  0.000254803
x1.xbias.nvi                          0.178925
x1.xbias.xrdeg.11                     0.178866
x1.xbias.xrdeg.21                   5.9306e-05
x1.xbias.b0b                        6.0692e-09
x1.xbias.b1b                        6.0692e-09
x1.xbias.b2b                              3.63
x1.xbias.vbn1                         0.739463
x1.xbias.ga                             2.7853
x1.xbias.vbp2                          2.68952
x1.xbias.gb                           0.739463
x1.vbn                                0.763106
x1.xbias.gc                               3.63
x1.vbp                                    2.73
x1.xs1.nh                              1.28945
x1.y1                                        0
x1.y5                                        0
x1.xs1.nt                         -1.86108e-86
x1.xs2.nh                                 3.63
x1.y2                                     3.63
x1.xs2.nt                          1.97607e-08
x1.xs3.nh                                 3.63
x1.y3                                        0
x1.xs3.nt                         3.19148e-142
x1.xs4.nh                                 3.63
x1.y4                                     3.63
x1.xs4.nt                          1.97607e-08
x1.xs5.nh                                 3.63
x1.xs5.nt                         3.19148e-142
x1.nb1                                    3.63
x1.nb2                             4.40717e-09
clk1                                      3.63
x1.xcdec1.c_moscap_int1                  -3.63
x1.xcdec2.c_moscap_int1                  -3.63
x2.xbias.na                           0.943865
x2.xbias.vbpc                          2.65945
x2.xbias.nc                           0.122598
x2.xbias.xrcg.11                      0.122366
x2.xbias.xrcg.21                   0.000232328
x2.xbias.nsu                         0.0164788
x2.xbias.vfix                          1.75966
x2.xbias.nmd                          0.757122
x2.xbias.vbp0                          2.77276
x2.xbias.noff                         0.768717
x2.xbias.xroff.11                     0.768462
x2.xbias.xroff.21                  0.000254797
x2.xbias.nvi                          0.373664
x2.xbias.xrdeg.11                      0.37354
x2.xbias.xrdeg.21                  0.000123854
x2.xbias.b0b                        6.0692e-09
x2.xbias.b1b                        6.0692e-09
x2.xbias.b2b                              3.63
x2.xbias.vbn1                         0.752049
x2.xbias.ga                            2.77276
x2.xbias.vbp2                          2.67122
x2.xbias.gb                           0.752049
x2.vbn                                0.775874
x2.xbias.gc                               3.63
x2.vbp                                 2.71581
x2.xs1.nh                              1.30195
x2.y1                                        0
x2.y5                                        0
x2.xs1.nt                          6.33838e-88
x2.xs2.nh                                 3.63
x2.y2                                     3.63
x2.xs2.nt                           1.7545e-08
x2.xs3.nh                                 3.63
x2.y3                                        0
x2.xs3.nt                        -7.14371e-142
x2.xs4.nh                                 3.63
x2.y4                                     3.63
x2.xs4.nt                           1.7545e-08
x2.xs5.nh                                 3.63
x2.xs5.nt                        -7.14371e-142
x2.nb1                                    3.63
x2.nb2                             4.40717e-09
clk2                                      3.63
x2.xcdec1.c_moscap_int1                  -3.63
x2.xcdec2.c_moscap_int1                  -3.63
x3.xbias.na                           0.943865
x3.xbias.vbpc                          2.65945
x3.xbias.nc                           0.122598
x3.xbias.xrcg.11                      0.122366
x3.xbias.xrcg.21                   0.000232328
x3.xbias.nsu                         0.0164788
x3.xbias.vfix                          1.75966
x3.xbias.nmd                          0.757122
x3.xbias.vbp0                          2.76094
x3.xbias.noff                         0.768698
x3.xbias.xroff.11                     0.768443
x3.xbias.xroff.21                   0.00025479
x3.xbias.nvi                          0.581907
x3.xbias.xrdeg.11                     0.581714
x3.xbias.xrdeg.21                  0.000192877
x3.xbias.b0b                        6.0692e-09
x3.xbias.b1b                        6.0692e-09
x3.xbias.b2b                              3.63
x3.xbias.vbn1                         0.763937
x3.xbias.ga                            2.76094
x3.xbias.vbp2                          2.65357
x3.xbias.gb                           0.763937
x3.vbn                                 0.78796
x3.xbias.gc                               3.63
x3.vbp                                 2.70228
x3.xs1.nh                               1.3139
x3.y1                                        0
x3.y5                                        0
x3.xs1.nt                         1.01838e-102
x3.xs2.nh                                 3.63
x3.y2                                     3.63
x3.xs2.nt                          1.57975e-08
x3.xs3.nh                                 3.63
x3.y3                                        0
x3.xs3.nt                        -1.48822e-155
x3.xs4.nh                                 3.63
x3.y4                                     3.63
x3.xs4.nt                          1.57975e-08
x3.xs5.nh                                 3.63
x3.xs5.nt                        -1.48822e-155
x3.nb1                                    3.63
x3.nb2                             4.40717e-09
clk3                                      3.63
x3.xcdec1.c_moscap_int1                  -3.63
x3.xcdec2.c_moscap_int1                  -3.63
x4.xbias.na                           0.943865
x4.xbias.vbpc                          2.65945
x4.xbias.nc                           0.122598
x4.xbias.xrcg.11                      0.122366
x4.xbias.xrcg.21                   0.000232328
x4.xbias.nsu                         0.0164788
x4.xbias.vfix                          1.75966
x4.xbias.nmd                          0.757122
x4.xbias.vbp0                          2.74993
x4.xbias.noff                          0.76868
x4.xbias.xroff.11                     0.768425
x4.xbias.xroff.21                  0.000254785
x4.xbias.nvi                          0.798127
x4.xbias.xrdeg.11                     0.797863
x4.xbias.xrdeg.21                  0.000264545
x4.xbias.b0b                        6.0692e-09
x4.xbias.b1b                        6.0692e-09
x4.xbias.b2b                              3.63
x4.xbias.vbn1                         0.775029
x4.xbias.ga                            2.74993
x4.xbias.vbp2                          2.63679
x4.xbias.gb                           0.775029
x4.vbn                                 0.79926
x4.xbias.gc                               3.63
x4.vbp                                 2.68953
x4.xs1.nh                              1.32518
x4.y1                                        0
x4.y5                                        0
x4.xs1.nt                          1.14636e-80
x4.xs2.nh                                 3.63
x4.y2                                     3.63
x4.xs2.nt                          1.44106e-08
x4.xs3.nh                                 3.63
x4.y3                                        0
x4.xs3.nt                        -7.89743e-142
x4.xs4.nh                                 3.63
x4.y4                                     3.63
x4.xs4.nt                          1.44106e-08
x4.xs5.nh                                 3.63
x4.xs5.nt                        -7.89743e-142
x4.nb1                                    3.63
x4.nb2                             4.40717e-09
clk4                                      3.63
x4.xcdec1.c_moscap_int1                  -3.63
x4.xcdec2.c_moscap_int1                  -3.63
x5.xbias.na                           0.943865
x5.xbias.vbpc                          2.65945
x5.xbias.nc                           0.122598
x5.xbias.xrcg.11                      0.122366
x5.xbias.xrcg.21                   0.000232328
x5.xbias.nsu                         0.0164788
x5.xbias.vfix                          1.75966
x5.xbias.nmd                          0.757122
x5.xbias.vbp0                          2.73965
x5.xbias.noff                         0.768664
x5.xbias.xroff.11                     0.768409
x5.xbias.xroff.21                  0.000254779
x5.xbias.nvi                           1.02013
x5.xbias.xrdeg.11                      1.01979
x5.xbias.xrdeg.21                   0.00033813
x5.xbias.b0b                        6.0692e-09
x5.xbias.b1b                        6.0692e-09
x5.xbias.b2b                              3.63
x5.xbias.vbn1                         0.785411
x5.xbias.ga                            2.73965
x5.xbias.vbp2                          2.62083
x5.xbias.gb                           0.785411
x5.vbn                                0.809855
x5.xbias.gc                               3.63
x5.vbp                                 2.67749
x5.xs1.nh                              1.33585
x5.y1                                        0
x5.y5                                        0
x5.xs1.nt                         -9.67269e-73
x5.xs2.nh                                 3.63
x5.y2                                     3.63
x5.xs2.nt                          1.32876e-08
x5.xs3.nh                                 3.63
x5.y3                                        0
x5.xs3.nt                         1.63545e-128
x5.xs4.nh                                 3.63
x5.y4                                     3.63
x5.xs4.nt                          1.32876e-08
x5.xs5.nh                                 3.63
x5.xs5.nt                         1.63545e-128
x5.nb1                                    3.63
x5.nb2                             4.40717e-09
clk5                                      3.63
x5.xcdec1.c_moscap_int1                  -3.63
x5.xcdec2.c_moscap_int1                  -3.63
x6.xbias.na                           0.943865
x6.xbias.vbpc                          2.65945
x6.xbias.nc                           0.122598
x6.xbias.xrcg.11                      0.122366
x6.xbias.xrcg.21                   0.000232328
x6.xbias.nsu                         0.0164788
x6.xbias.vfix                          1.75966
x6.xbias.nmd                          0.757122
x6.xbias.vbp0                          2.72998
x6.xbias.noff                         0.768648
x6.xbias.xroff.11                     0.768393
x6.xbias.xroff.21                  0.000254774
x6.xbias.nvi                           1.24673
x6.xbias.xrdeg.11                      1.24631
x6.xbias.xrdeg.21                  0.000413236
x6.xbias.b0b                        6.0692e-09
x6.xbias.b1b                        6.0692e-09
x6.xbias.b2b                              3.63
x6.xbias.vbn1                         0.795178
x6.xbias.ga                            2.72998
x6.xbias.vbp2                          2.60559
x6.xbias.gb                           0.795178
x6.vbn                                 0.81984
x6.xbias.gc                               3.63
x6.vbp                                 2.66609
x6.xs1.nh                              1.34598
x6.y1                                        0
x6.y5                                        0
x6.xs1.nt                           4.6158e-50
x6.xs2.nh                                 3.63
x6.y2                                     3.63
x6.xs2.nt                          1.23603e-08
x6.xs3.nh                                 3.63
x6.y3                                        0
x6.xs3.nt                         -1.44586e-73
x6.xs4.nh                                 3.63
x6.y4                                     3.63
x6.xs4.nt                          1.23603e-08
x6.xs5.nh                                 3.63
x6.xs5.nt                         -1.44586e-73
x6.nb1                                    3.63
x6.nb2                             4.40717e-09
clk6                                      3.63
x6.xcdec1.c_moscap_int1                  -3.63
x6.xcdec2.c_moscap_int1                  -3.63
x7.xbias.na                           0.943865
x7.xbias.vbpc                          2.65945
x7.xbias.nc                           0.122598
x7.xbias.xrcg.11                      0.122366
x7.xbias.xrcg.21                   0.000232328
x7.xbias.nsu                         0.0164788
x7.xbias.vfix                          1.75966
x7.xbias.nmd                          0.757122
x7.xbias.vbp0                          2.72085
x7.xbias.noff                         0.768633
x7.xbias.xroff.11                     0.768379
x7.xbias.xroff.21                  0.000254769
x7.xbias.nvi                           1.47713
x7.xbias.xrdeg.11                      1.47664
x7.xbias.xrdeg.21                  0.000489606
x7.xbias.b0b                        6.0692e-09
x7.xbias.b1b                        6.0692e-09
x7.xbias.b2b                              3.63
x7.xbias.vbn1                         0.804417
x7.xbias.ga                            2.72085
x7.xbias.vbp2                            2.591
x7.xbias.gb                           0.804417
x7.vbn                                0.829302
x7.xbias.gc                               3.63
x7.vbp                                 2.65522
x7.xs1.nh                              1.35565
x7.y1                                        0
x7.y5                                        0
x7.xs1.nt                          4.13103e-26
x7.xs2.nh                                 3.63
x7.y2                                     3.63
x7.xs2.nt                          1.15812e-08
x7.xs3.nh                                 3.63
x7.y3                                        0
x7.xs3.nt                          -5.7132e-46
x7.xs4.nh                                 3.63
x7.y4                                     3.63
x7.xs4.nt                          1.15812e-08
x7.xs5.nh                                 3.63
x7.xs5.nt                          -5.7132e-46
x7.nb1                                    3.63
x7.nb2                             4.40717e-09
clk7                                      3.63
x7.xcdec1.c_moscap_int1                  -3.63
x7.xcdec2.c_moscap_int1                  -3.63
e.x7.xcdec2.ec_moscap#branch                 0
e.x7.xcdec1.ec_moscap#branch                 0
e.x6.xcdec2.ec_moscap#branch                 0
e.x6.xcdec1.ec_moscap#branch                 0
e.x5.xcdec2.ec_moscap#branch                 0
e.x5.xcdec1.ec_moscap#branch                 0
e.x4.xcdec2.ec_moscap#branch                 0
e.x4.xcdec1.ec_moscap#branch                 0
e.x3.xcdec2.ec_moscap#branch                 0
e.x3.xcdec1.ec_moscap#branch                 0
e.x2.xcdec2.ec_moscap#branch                 0
e.x2.xcdec1.ec_moscap#branch                 0
e.x1.xcdec2.ec_moscap#branch                 0
e.x1.xcdec1.ec_moscap#branch                 0
vs7#branch                         0.000125886
vs6#branch                         0.000115138
vs5#branch                         0.000104529
vs4#branch                         9.40904e-05
vs3#branch                         8.38771e-05
vs2#branch                         7.39856e-05
vs1#branch                         6.46645e-05
vv7#branch                                   0
vv6#branch                                   0
vv5#branch                                   0
vv4#branch                                   0
vv3#branch                                   0
vv2#branch                                   0
vv1#branch                                   0
vb2#branch                                   0
vb1#branch                                   0
vb0#branch                                   0
vdd#branch                        -0.000662171


No. of Data Rows : 2711

  Measurements for Transient Analysis

tp1                 =  2.48594e-07 targ=  4.97537e-07 trig=  2.48943e-07
tp2                 =  2.08073e-07 targ=  4.68560e-07 trig=  2.60487e-07
tp3                 =  1.77332e-07 targ=  4.43379e-07 trig=  2.66047e-07
tp4                 =  1.53411e-07 targ=  3.84096e-07 trig=  2.30685e-07
tp5                 =  1.35074e-07 targ=  3.71434e-07 trig=  2.36360e-07
tp6                 =  1.20130e-07 targ=  3.60493e-07 trig=  2.40363e-07
tp7                 =  1.07845e-07 targ=  3.50923e-07 trig=  2.43078e-07
f1                  =  1.60905e+07
f2                  =  1.92240e+07
f3                  =  2.25565e+07
f4                  =  2.60737e+07
f5                  =  2.96135e+07
f6                  =  3.32972e+07
f7                  =  3.70904e+07
i1                  =  8.96212e-05 from=  2.24554e-07 to=  6.17523e-07
i2                  =  1.01809e-04 from=  2.24554e-07 to=  6.17523e-07
i3                  =  1.13270e-04 from=  2.24554e-07 to=  6.17523e-07
i4                  =  1.27298e-04 from=  2.24554e-07 to=  6.17523e-07
i5                  =  1.38187e-04 from=  2.24554e-07 to=  6.17523e-07
i6                  =  1.51275e-04 from=  2.24554e-07 to=  6.17523e-07
i7                  =  1.64891e-04 from=  2.24554e-07 to=  6.17523e-07
sw1hi               =  3.71446e+00 at=  5.59865e-07
sw1lo               =  -9.69392e-02 at=  3.40139e-07
sw7hi               =  3.74967e+00 at=  4.86236e-07
sw7lo               =  -1.67689e-01 at=  5.25773e-07


Total analysis time (seconds) = 213.642

Total elapsed time (seconds) = 217.910 

Total DRAM available = 98304.000 MB.
DRAM currently available =  100.906 MB.
Maximum ngspice program size =   24.141 MB.
Current ngspice program size =   24.141 MB.


======== band 4 :: generated deck (typical_27c_3.63v) ========
* GENERATED by simenv.sh -- do not edit; edit /Users/rwalters/GitHub/gf180-pll/.loom/worktrees/issue-8/sim/vco-tuning-range/testbench/tb_vco_tuning.sp instead
* tag=typical_T27_V3p63_B4 libs=typical,res_typical,moscap_typical temp=27C
.include "/Users/rwalters/.volare/gf180mcuD/libs.tech/ngspice/design.ngspice"
.lib "/Users/rwalters/.volare/gf180mcuD/libs.tech/ngspice/sm141064.ngspice" typical
.lib "/Users/rwalters/.volare/gf180mcuD/libs.tech/ngspice/sm141064.ngspice" res_typical
.lib "/Users/rwalters/.volare/gf180mcuD/libs.tech/ngspice/sm141064.ngspice" moscap_typical
.temp 27
.param sim_temp=27
.param vsup=3.63
.param b0v=0*3.63
.param b1v=0*3.63
.param b2v=1*3.63
.param tsettle=1.36093e-07
.param tstop=3.74257e-07
.param tstep=1.80715e-10
.param tmax=1.80715e-10
.include "/Users/rwalters/GitHub/gf180-pll/.loom/worktrees/issue-8/sim/vco-tuning-range/testbench/tb_vco_tuning.sp"
.end

======== band 4 :: ngspice output ========

Note: Compatibility modes selected: hs a

Warning: m=xx on .subckt line will override multiplier m hierarchy!


Circuit: * generated by simenv.sh -- do not edit; edit /users/rwalters/github/gf180-pll/.loom/worktrees/issue-8/sim/vco-tuning-range/testbench/tb_vco_tuning.sp instead

Doing analysis at TEMP = 27.000000 and TNOM = 27.000000

Using SPARSE 1.3 as Direct Linear Solver

Initial Transient Solution
--------------------------

Node                                   Voltage
----                                   -------
vdd                                       3.63
nb0                                          0
nb1                                          0
nb2                                       3.63
vc1                                        0.9
vc2                                        1.2
vc3                                        1.5
vc4                                        1.8
vc5                                        2.1
vc6                                        2.4
vc7                                        2.7
nv1                                       3.63
nv2                                       3.63
nv3                                       3.63
nv4                                       3.63
nv5                                       3.63
nv6                                       3.63
nv7                                       3.63
x1.xbias.na                           0.943865
x1.xbias.vbpc                          2.65945
x1.xbias.nc                           0.122598
x1.xbias.xrcg.11                      0.122366
x1.xbias.xrcg.21                   0.000232328
x1.xbias.nsu                         0.0164788
x1.xbias.vfix                          1.75966
x1.xbias.nmd                          0.757122
x1.xbias.vbp0                           2.7853
x1.xbias.noff                         0.768737
x1.xbias.xroff.11                     0.768482
x1.xbias.xroff.21                  0.000254803
x1.xbias.nvi                          0.178925
x1.xbias.xrdeg.11                     0.178866
x1.xbias.xrdeg.21                   5.9306e-05
x1.xbias.b0b                              3.63
x1.xbias.b1b                              3.63
x1.xbias.b2b                        6.0692e-09
x1.xbias.vbn1                         0.708384
x1.xbias.ga                               3.63
x1.xbias.vbp2                          2.80326
x1.xbias.gb                        1.35293e-11
x1.vbn                                0.803048
x1.xbias.gc                            2.80326
x1.vbp                                 2.68523
x1.xs1.nh                              1.32899
x1.y1                                        0
x1.y5                                        0
x1.xs1.nt                          2.48878e-42
x1.xs2.nh                                 3.63
x1.y2                                     3.63
x1.xs2.nt                           1.3991e-08
x1.xs3.nh                                 3.63
x1.y3                                        0
x1.xs3.nt                          1.46422e-73
x1.xs4.nh                                 3.63
x1.y4                                     3.63
x1.xs4.nt                           1.3991e-08
x1.xs5.nh                                 3.63
x1.xs5.nt                          1.46422e-73
x1.nb1                                    3.63
x1.nb2                             4.40717e-09
clk1                                      3.63
x1.xcdec1.c_moscap_int1                  -3.63
x1.xcdec2.c_moscap_int1                  -3.63
x2.xbias.na                           0.943865
x2.xbias.vbpc                          2.65945
x2.xbias.nc                           0.122598
x2.xbias.xrcg.11                      0.122366
x2.xbias.xrcg.21                   0.000232328
x2.xbias.nsu                         0.0164788
x2.xbias.vfix                          1.75966
x2.xbias.nmd                          0.757122
x2.xbias.vbp0                          2.77276
x2.xbias.noff                         0.768717
x2.xbias.xroff.11                     0.768462
x2.xbias.xroff.21                  0.000254797
x2.xbias.nvi                          0.373664
x2.xbias.xrdeg.11                      0.37354
x2.xbias.xrdeg.21                  0.000123854
x2.xbias.b0b                              3.63
x2.xbias.b1b                              3.63
x2.xbias.b2b                        6.0692e-09
x2.xbias.vbn1                         0.719419
x2.xbias.ga                               3.63
x2.xbias.vbp2                          2.79211
x2.xbias.gb                        1.35574e-11
x2.vbn                                0.818242
x2.xbias.gc                            2.79211
x2.vbp                                 2.66792
x2.xs1.nh                              1.34436
x2.y1                                        0
x2.y5                                        0
x2.xs1.nt                         -5.69763e-43
x2.xs2.nh                                 3.63
x2.y2                                     3.63
x2.xs2.nt                          1.25011e-08
x2.xs3.nh                                 3.63
x2.y3                                        0
x2.xs3.nt                         -3.50719e-87
x2.xs4.nh                                 3.63
x2.y4                                     3.63
x2.xs4.nt                          1.25011e-08
x2.xs5.nh                                 3.63
x2.xs5.nt                         -3.50719e-87
x2.nb1                                    3.63
x2.nb2                             4.40717e-09
clk2                                      3.63
x2.xcdec1.c_moscap_int1                  -3.63
x2.xcdec2.c_moscap_int1                  -3.63
x3.xbias.na                           0.943865
x3.xbias.vbpc                          2.65945
x3.xbias.nc                           0.122598
x3.xbias.xrcg.11                      0.122366
x3.xbias.xrcg.21                   0.000232328
x3.xbias.nsu                         0.0164788
x3.xbias.vfix                          1.75966
x3.xbias.nmd                          0.757122
x3.xbias.vbp0                          2.76094
x3.xbias.noff                         0.768698
x3.xbias.xroff.11                     0.768443
x3.xbias.xroff.21                   0.00025479
x3.xbias.nvi                          0.581907
x3.xbias.xrdeg.11                     0.581714
x3.xbias.xrdeg.21                  0.000192877
x3.xbias.b0b                              3.63
x3.xbias.b1b                              3.63
x3.xbias.b2b                        6.0692e-09
x3.xbias.vbn1                          0.72974
x3.xbias.ga                               3.63
x3.xbias.vbp2                          2.78168
x3.xbias.gb                        1.35837e-11
x3.vbn                                0.832768
x3.xbias.gc                            2.78168
x3.vbp                                 2.65123
x3.xs1.nh                               1.3592
x3.y1                                        0
x3.y5                                        0
x3.xs1.nt                         -1.18577e-41
x3.xs2.nh                                 3.63
x3.y2                                     3.63
x3.xs2.nt                          1.13172e-08
x3.xs3.nh                                 3.63
x3.y3                                        0
x3.xs3.nt                         -2.31314e-73
x3.xs4.nh                                 3.63
x3.y4                                     3.63
x3.xs4.nt                          1.13172e-08
x3.xs5.nh                                 3.63
x3.xs5.nt                         -2.31314e-73
x3.nb1                                    3.63
x3.nb2                             4.40717e-09
clk3                                      3.63
x3.xcdec1.c_moscap_int1                  -3.63
x3.xcdec2.c_moscap_int1                  -3.63
x4.xbias.na                           0.943865
x4.xbias.vbpc                          2.65945
x4.xbias.nc                           0.122598
x4.xbias.xrcg.11                      0.122366
x4.xbias.xrcg.21                   0.000232328
x4.xbias.nsu                         0.0164788
x4.xbias.vfix                          1.75966
x4.xbias.nmd                          0.757122
x4.xbias.vbp0                          2.74993
x4.xbias.noff                          0.76868
x4.xbias.xroff.11                     0.768425
x4.xbias.xroff.21                  0.000254785
x4.xbias.nvi                          0.798127
x4.xbias.xrdeg.11                     0.797863
x4.xbias.xrdeg.21                  0.000264545
x4.xbias.b0b                              3.63
x4.xbias.b1b                              3.63
x4.xbias.b2b                        6.0692e-09
x4.xbias.vbn1                         0.739286
x4.xbias.ga                               3.63
x4.xbias.vbp2                          2.77203
x4.xbias.gb                        1.36084e-11
x4.vbn                                0.846475
x4.xbias.gc                            2.77203
x4.vbp                                 2.63538
x4.xs1.nh                              1.37334
x4.y1                                        0
x4.y5                                        0
x4.xs1.nt                           1.0881e-42
x4.xs2.nh                                 3.63
x4.y2                                     3.63
x4.xs2.nt                          1.03714e-08
x4.xs3.nh                                 3.63
x4.y3                                        0
x4.xs3.nt                          5.75707e-88
x4.xs4.nh                                 3.63
x4.y4                                     3.63
x4.xs4.nt                          1.03714e-08
x4.xs5.nh                                 3.63
x4.xs5.nt                          5.75707e-88
x4.nb1                                    3.63
x4.nb2                             4.40717e-09
clk4                                      3.63
x4.xcdec1.c_moscap_int1                  -3.63
x4.xcdec2.c_moscap_int1                  -3.63
x5.xbias.na                           0.943865
x5.xbias.vbpc                          2.65945
x5.xbias.nc                           0.122598
x5.xbias.xrcg.11                      0.122366
x5.xbias.xrcg.21                   0.000232328
x5.xbias.nsu                         0.0164788
x5.xbias.vfix                          1.75966
x5.xbias.nmd                          0.757122
x5.xbias.vbp0                          2.73965
x5.xbias.noff                         0.768664
x5.xbias.xroff.11                     0.768409
x5.xbias.xroff.21                  0.000254779
x5.xbias.nvi                           1.02013
x5.xbias.xrdeg.11                      1.01979
x5.xbias.xrdeg.21                   0.00033813
x5.xbias.b0b                              3.63
x5.xbias.b1b                              3.63
x5.xbias.b2b                        6.0692e-09
x5.xbias.vbn1                          0.74815
x5.xbias.ga                               3.63
x5.xbias.vbp2                          2.76306
x5.xbias.gb                        1.36308e-11
x5.vbn                                0.859432
x5.xbias.gc                            2.76306
x5.vbp                                  2.6203
x5.xs1.nh                              1.38681
x5.y1                                        0
x5.y5                                        0
x5.xs1.nt                          9.52203e-26
x5.xs2.nh                                 3.63
x5.y2                                     3.63
x5.xs2.nt                          9.60121e-09
x5.xs3.nh                                 3.63
x5.y3                                        0
x5.xs3.nt                          -1.5769e-32
x5.xs4.nh                                 3.63
x5.y4                                     3.63
x5.xs4.nt                          9.60121e-09
x5.xs5.nh                                 3.63
x5.xs5.nt                          -1.5769e-32
x5.nb1                                    3.63
x5.nb2                             4.40717e-09
clk5                                      3.63
x5.xcdec1.c_moscap_int1                  -3.63
x5.xcdec2.c_moscap_int1                  -3.63
x6.xbias.na                           0.943865
x6.xbias.vbpc                          2.65945
x6.xbias.nc                           0.122598
x6.xbias.xrcg.11                      0.122366
x6.xbias.xrcg.21                   0.000232328
x6.xbias.nsu                         0.0164788
x6.xbias.vfix                          1.75966
x6.xbias.nmd                          0.757122
x6.xbias.vbp0                          2.72998
x6.xbias.noff                         0.768648
x6.xbias.xroff.11                     0.768393
x6.xbias.xroff.21                  0.000254774
x6.xbias.nvi                           1.24673
x6.xbias.xrdeg.11                      1.24631
x6.xbias.xrdeg.21                  0.000413236
x6.xbias.b0b                              3.63
x6.xbias.b1b                              3.63
x6.xbias.b2b                        6.0692e-09
x6.xbias.vbn1                         0.756432
x6.xbias.ga                               3.63
x6.xbias.vbp2                          2.75469
x6.xbias.gb                        1.36518e-11
x6.vbn                                0.871735
x6.xbias.gc                            2.75469
x6.vbp                                 2.60593
x6.xs1.nh                              1.39968
x6.y1                                        0
x6.y5                                        0
x6.xs1.nt                          2.84908e-17
x6.xs2.nh                                 3.63
x6.y2                                     3.63
x6.xs2.nt                          8.96203e-09
x6.xs3.nh                                 3.63
x6.y3                                        0
x6.xs3.nt                          -4.6751e-32
x6.xs4.nh                                 3.63
x6.y4                                     3.63
x6.xs4.nt                          8.96203e-09
x6.xs5.nh                                 3.63
x6.xs5.nt                          -4.6751e-32
x6.nb1                                    3.63
x6.nb2                             4.40717e-09
clk6                                      3.63
x6.xcdec1.c_moscap_int1                  -3.63
x6.xcdec2.c_moscap_int1                  -3.63
x7.xbias.na                           0.943865
x7.xbias.vbpc                          2.65945
x7.xbias.nc                           0.122598
x7.xbias.xrcg.11                      0.122366
x7.xbias.xrcg.21                   0.000232328
x7.xbias.nsu                         0.0164788
x7.xbias.vfix                          1.75966
x7.xbias.nmd                          0.757122
x7.xbias.vbp0                          2.72085
x7.xbias.noff                         0.768633
x7.xbias.xroff.11                     0.768379
x7.xbias.xroff.21                  0.000254769
x7.xbias.nvi                           1.47713
x7.xbias.xrdeg.11                      1.47664
x7.xbias.xrdeg.21                  0.000489606
x7.xbias.b0b                              3.63
x7.xbias.b1b                              3.63
x7.xbias.b2b                        6.0692e-09
x7.xbias.vbn1                         0.764217
x7.xbias.ga                               3.63
x7.xbias.vbp2                          2.74681
x7.xbias.gb                         1.3672e-11
x7.vbn                                0.883472
x7.xbias.gc                            2.74681
x7.vbp                                 2.59216
x7.xs1.nh                              1.41202
x7.y1                                        0
x7.y5                                        0
x7.xs1.nt                         -1.38431e-26
x7.xs2.nh                                 3.63
x7.y2                                     3.63
x7.xs2.nt                          8.42259e-09
x7.xs3.nh                                 3.63
x7.y3                                        0
x7.xs3.nt                          1.11894e-45
x7.xs4.nh                                 3.63
x7.y4                                     3.63
x7.xs4.nt                          8.42259e-09
x7.xs5.nh                                 3.63
x7.xs5.nt                          1.11894e-45
x7.nb1                                    3.63
x7.nb2                             4.40717e-09
clk7                                      3.63
x7.xcdec1.c_moscap_int1                  -3.63
x7.xcdec2.c_moscap_int1                  -3.63
e.x7.xcdec2.ec_moscap#branch                 0
e.x7.xcdec1.ec_moscap#branch                 0
e.x6.xcdec2.ec_moscap#branch                 0
e.x6.xcdec1.ec_moscap#branch                 0
e.x5.xcdec2.ec_moscap#branch                 0
e.x5.xcdec1.ec_moscap#branch                 0
e.x4.xcdec2.ec_moscap#branch                 0
e.x4.xcdec1.ec_moscap#branch                 0
e.x3.xcdec2.ec_moscap#branch                 0
e.x3.xcdec1.ec_moscap#branch                 0
e.x2.xcdec2.ec_moscap#branch                 0
e.x2.xcdec1.ec_moscap#branch                 0
e.x1.xcdec2.ec_moscap#branch                 0
e.x1.xcdec1.ec_moscap#branch                 0
vs7#branch                         0.000132955
vs6#branch                         0.000121669
vs5#branch                         0.000110513
vs4#branch                         9.95222e-05
vs3#branch                         8.87493e-05
vs2#branch                          7.8295e-05
vs1#branch                         6.84208e-05
vv7#branch                                   0
vv6#branch                                   0
vv5#branch                                   0
vv4#branch                                   0
vv3#branch                                   0
vv2#branch                                   0
vv1#branch                                   0
vb2#branch                                   0
vb1#branch                                   0
vb0#branch                                   0
vdd#branch                        -0.000700124


No. of Data Rows : 2625

  Measurements for Transient Analysis

tp1                 =  1.46497e-07 targ=  2.93315e-07 trig=  1.46818e-07
tp2                 =  1.22205e-07 targ=  2.75439e-07 trig=  1.53234e-07
tp3                 =  1.03789e-07 targ=  2.59936e-07 trig=  1.56147e-07
tp4                 =  8.97212e-08 targ=  2.47015e-07 trig=  1.57294e-07
tp5                 =  7.85594e-08 targ=  2.16516e-07 trig=  1.37956e-07
tp6                 =  6.98352e-08 targ=  2.09634e-07 trig=  1.39799e-07
tp7                 =  6.25446e-08 targ=  2.03513e-07 trig=  1.40968e-07
f1                  =  2.73044e+07
f2                  =  3.27319e+07
f3                  =  3.85397e+07
f4                  =  4.45826e+07
f5                  =  5.09169e+07
f6                  =  5.72777e+07
f7                  =  6.39544e+07
i1                  =  1.00358e-04 from=  1.36093e-07 to=  3.74257e-07
i2                  =  1.14307e-04 from=  1.36093e-07 to=  3.74257e-07
i3                  =  1.28083e-04 from=  1.36093e-07 to=  3.74257e-07
i4                  =  1.41581e-04 from=  1.36093e-07 to=  3.74257e-07
i5                  =  1.57709e-04 from=  1.36093e-07 to=  3.74257e-07
i6                  =  1.71648e-04 from=  1.36093e-07 to=  3.74257e-07
i7                  =  1.85124e-04 from=  1.36093e-07 to=  3.74257e-07
sw1hi               =  3.75605e+00 at=  3.30298e-07
sw1lo               =  -1.23000e-01 at=  2.74018e-07
sw7hi               =  3.78490e+00 at=  3.13209e-07
sw7lo               =  -1.65864e-01 at=  2.89341e-07


Total analysis time (seconds) = 201.197

Total elapsed time (seconds) = 205.236 

Total DRAM available = 98304.000 MB.
DRAM currently available =  217.703 MB.
Maximum ngspice program size =   24.234 MB.
Current ngspice program size =   24.234 MB.


======== band 5 :: generated deck (typical_27c_3.63v) ========
* GENERATED by simenv.sh -- do not edit; edit /Users/rwalters/GitHub/gf180-pll/.loom/worktrees/issue-8/sim/vco-tuning-range/testbench/tb_vco_tuning.sp instead
* tag=typical_T27_V3p63_B5 libs=typical,res_typical,moscap_typical temp=27C
.include "/Users/rwalters/.volare/gf180mcuD/libs.tech/ngspice/design.ngspice"
.lib "/Users/rwalters/.volare/gf180mcuD/libs.tech/ngspice/sm141064.ngspice" typical
.lib "/Users/rwalters/.volare/gf180mcuD/libs.tech/ngspice/sm141064.ngspice" res_typical
.lib "/Users/rwalters/.volare/gf180mcuD/libs.tech/ngspice/sm141064.ngspice" moscap_typical
.temp 27
.param sim_temp=27
.param vsup=3.63
.param b0v=1*3.63
.param b1v=0*3.63
.param b2v=1*3.63
.param tsettle=8.24809e-08
.param tstop=2.26822e-07
.param tstep=1.09524e-10
.param tmax=1.09524e-10
.include "/Users/rwalters/GitHub/gf180-pll/.loom/worktrees/issue-8/sim/vco-tuning-range/testbench/tb_vco_tuning.sp"
.end

======== band 5 :: ngspice output ========

Note: Compatibility modes selected: hs a

Warning: m=xx on .subckt line will override multiplier m hierarchy!


Circuit: * generated by simenv.sh -- do not edit; edit /users/rwalters/github/gf180-pll/.loom/worktrees/issue-8/sim/vco-tuning-range/testbench/tb_vco_tuning.sp instead

Doing analysis at TEMP = 27.000000 and TNOM = 27.000000

Using SPARSE 1.3 as Direct Linear Solver

Initial Transient Solution
--------------------------

Node                                   Voltage
----                                   -------
vdd                                       3.63
nb0                                       3.63
nb1                                          0
nb2                                       3.63
vc1                                        0.9
vc2                                        1.2
vc3                                        1.5
vc4                                        1.8
vc5                                        2.1
vc6                                        2.4
vc7                                        2.7
nv1                                       3.63
nv2                                       3.63
nv3                                       3.63
nv4                                       3.63
nv5                                       3.63
nv6                                       3.63
nv7                                       3.63
x1.xbias.na                           0.943865
x1.xbias.vbpc                          2.65945
x1.xbias.nc                           0.122598
x1.xbias.xrcg.11                      0.122366
x1.xbias.xrcg.21                   0.000232328
x1.xbias.nsu                         0.0164788
x1.xbias.vfix                          1.75966
x1.xbias.nmd                          0.757122
x1.xbias.vbp0                           2.7853
x1.xbias.noff                         0.768737
x1.xbias.xroff.11                     0.768482
x1.xbias.xroff.21                  0.000254803
x1.xbias.nvi                          0.178925
x1.xbias.xrdeg.11                     0.178866
x1.xbias.xrdeg.21                   5.9306e-05
x1.xbias.b0b                        6.0692e-09
x1.xbias.b1b                              3.63
x1.xbias.b2b                        6.0692e-09
x1.xbias.vbn1                         0.739463
x1.xbias.ga                             2.7853
x1.xbias.vbp2                          2.77185
x1.xbias.gb                        1.36088e-11
x1.vbn                                0.846732
x1.xbias.gc                            2.77185
x1.vbp                                 2.63508
x1.xs1.nh                              1.37361
x1.y1                                        0
x1.y5                                        0
x1.xs1.nt                         -8.39633e-42
x1.xs2.nh                                 3.63
x1.y2                                     3.63
x1.xs2.nt                           1.0355e-08
x1.xs3.nh                                 3.63
x1.y3                                        0
x1.xs3.nt                         5.33345e-142
x1.xs4.nh                                 3.63
x1.y4                                     3.63
x1.xs4.nt                           1.0355e-08
x1.xs5.nh                                 3.63
x1.xs5.nt                         5.33345e-142
x1.nb1                                    3.63
x1.nb2                             4.40717e-09
clk1                                      3.63
x1.xcdec1.c_moscap_int1                  -3.63
x1.xcdec2.c_moscap_int1                  -3.63
x2.xbias.na                           0.943865
x2.xbias.vbpc                          2.65945
x2.xbias.nc                           0.122598
x2.xbias.xrcg.11                      0.122366
x2.xbias.xrcg.21                   0.000232328
x2.xbias.nsu                         0.0164788
x2.xbias.vfix                          1.75966
x2.xbias.nmd                          0.757122
x2.xbias.vbp0                          2.77276
x2.xbias.noff                         0.768717
x2.xbias.xroff.11                     0.768462
x2.xbias.xroff.21                  0.000254797
x2.xbias.nvi                          0.373664
x2.xbias.xrdeg.11                      0.37354
x2.xbias.xrdeg.21                  0.000123854
x2.xbias.b0b                        6.0692e-09
x2.xbias.b1b                              3.63
x2.xbias.b2b                        6.0692e-09
x2.xbias.vbn1                         0.752049
x2.xbias.ga                            2.77276
x2.xbias.vbp2                          2.75912
x2.xbias.gb                        1.36407e-11
x2.vbn                                  0.8652
x2.xbias.gc                            2.75912
x2.vbp                                 2.61357
x2.xs1.nh                              1.39283
x2.y1                                        0
x2.y5                                        0
x2.xs1.nt                          1.32745e-90
x2.xs2.nh                                 3.63
x2.y2                                     3.63
x2.xs2.nt                          9.29131e-09
x2.xs3.nh                                 3.63
x2.y3                                        0
x2.xs3.nt                        -4.83152e-142
x2.xs4.nh                                 3.63
x2.y4                                     3.63
x2.xs4.nt                          9.29131e-09
x2.xs5.nh                                 3.63
x2.xs5.nt                        -4.83152e-142
x2.nb1                                    3.63
x2.nb2                             4.40717e-09
clk2                                      3.63
x2.xcdec1.c_moscap_int1                  -3.63
x2.xcdec2.c_moscap_int1                  -3.63
x3.xbias.na                           0.943865
x3.xbias.vbpc                          2.65945
x3.xbias.nc                           0.122598
x3.xbias.xrcg.11                      0.122366
x3.xbias.xrcg.21                   0.000232328
x3.xbias.nsu                         0.0164788
x3.xbias.vfix                          1.75966
x3.xbias.nmd                          0.757122
x3.xbias.vbp0                          2.76094
x3.xbias.noff                         0.768698
x3.xbias.xroff.11                     0.768443
x3.xbias.xroff.21                   0.00025479
x3.xbias.nvi                          0.581907
x3.xbias.xrdeg.11                     0.581714
x3.xbias.xrdeg.21                  0.000192877
x3.xbias.b0b                        6.0692e-09
x3.xbias.b1b                              3.63
x3.xbias.b2b                        6.0692e-09
x3.xbias.vbn1                         0.763937
x3.xbias.ga                            2.76094
x3.xbias.vbp2                          2.74709
x3.xbias.gb                        1.36711e-11
x3.vbn                                0.883047
x3.xbias.gc                            2.74709
x3.vbp                                 2.59266
x3.xs1.nh                              1.41157
x3.y1                                        0
x3.y5                                        0
x3.xs1.nt                          7.33851e-34
x3.xs2.nh                                 3.63
x3.y2                                     3.63
x3.xs2.nt                          8.44105e-09
x3.xs3.nh                                 3.63
x3.y3                                        0
x3.xs3.nt                         -3.19707e-46
x3.xs4.nh                                 3.63
x3.y4                                     3.63
x3.xs4.nt                          8.44105e-09
x3.xs5.nh                                 3.63
x3.xs5.nt                         -3.19707e-46
x3.nb1                                    3.63
x3.nb2                             4.40717e-09
clk3                                      3.63
x3.xcdec1.c_moscap_int1                  -3.63
x3.xcdec2.c_moscap_int1                  -3.63
x4.xbias.na                           0.943865
x4.xbias.vbpc                          2.65945
x4.xbias.nc                           0.122598
x4.xbias.xrcg.11                      0.122366
x4.xbias.xrcg.21                   0.000232328
x4.xbias.nsu                         0.0164788
x4.xbias.vfix                          1.75966
x4.xbias.nmd                          0.757122
x4.xbias.vbp0                          2.74993
x4.xbias.noff                          0.76868
x4.xbias.xroff.11                     0.768425
x4.xbias.xroff.21                  0.000254785
x4.xbias.nvi                          0.798127
x4.xbias.xrdeg.11                     0.797863
x4.xbias.xrdeg.21                  0.000264545
x4.xbias.b0b                        6.0692e-09
x4.xbias.b1b                              3.63
x4.xbias.b2b                        6.0692e-09
x4.xbias.vbn1                         0.775029
x4.xbias.ga                            2.74993
x4.xbias.vbp2                          2.73586
x4.xbias.gb                        1.36993e-11
x4.vbn                                0.900047
x4.xbias.gc                            2.73586
x4.vbp                                 2.57264
x4.xs1.nh                              1.42954
x4.y1                                        0
x4.y5                                        0
x4.xs1.nt                         -1.03038e-42
x4.xs2.nh                                 3.63
x4.y2                                     3.63
x4.xs2.nt                          7.75836e-09
x4.xs3.nh                                 3.63
x4.y3                                        0
x4.xs3.nt                         -1.82454e-73
x4.xs4.nh                                 3.63
x4.y4                                     3.63
x4.xs4.nt                          7.75836e-09
x4.xs5.nh                                 3.63
x4.xs5.nt                         -1.82454e-73
x4.nb1                                    3.63
x4.nb2                             4.40717e-09
clk4                                      3.63
x4.xcdec1.c_moscap_int1                  -3.63
x4.xcdec2.c_moscap_int1                  -3.63
x5.xbias.na                           0.943865
x5.xbias.vbpc                          2.65945
x5.xbias.nc                           0.122598
x5.xbias.xrcg.11                      0.122366
x5.xbias.xrcg.21                   0.000232328
x5.xbias.nsu                         0.0164788
x5.xbias.vfix                          1.75966
x5.xbias.nmd                          0.757122
x5.xbias.vbp0                          2.73965
x5.xbias.noff                         0.768664
x5.xbias.xroff.11                     0.768409
x5.xbias.xroff.21                  0.000254779
x5.xbias.nvi                           1.02013
x5.xbias.xrdeg.11                      1.01979
x5.xbias.xrdeg.21                   0.00033813
x5.xbias.b0b                        6.0692e-09
x5.xbias.b1b                              3.63
x5.xbias.b2b                        6.0692e-09
x5.xbias.vbn1                         0.785411
x5.xbias.ga                            2.73965
x5.xbias.vbp2                          2.72534
x5.xbias.gb                        1.37255e-11
x5.vbn                                0.916254
x5.xbias.gc                            2.72534
x5.vbp                                  2.5535
x5.xs1.nh                              1.44676
x5.y1                                        0
x5.y5                                        0
x5.xs1.nt                         -6.14926e-51
x5.xs2.nh                                 3.63
x5.y2                                     3.63
x5.xs2.nt                          7.20008e-09
x5.xs3.nh                                 3.63
x5.y3                                        0
x5.xs3.nt                         -1.20823e-73
x5.xs4.nh                                 3.63
x5.y4                                     3.63
x5.xs4.nt                          7.20008e-09
x5.xs5.nh                                 3.63
x5.xs5.nt                         -1.20823e-73
x5.nb1                                    3.63
x5.nb2                             4.40717e-09
clk5                                      3.63
x5.xcdec1.c_moscap_int1                  -3.63
x5.xcdec2.c_moscap_int1                  -3.63
x6.xbias.na                           0.943865
x6.xbias.vbpc                          2.65945
x6.xbias.nc                           0.122598
x6.xbias.xrcg.11                      0.122366
x6.xbias.xrcg.21                   0.000232328
x6.xbias.nsu                         0.0164788
x6.xbias.vfix                          1.75966
x6.xbias.nmd                          0.757122
x6.xbias.vbp0                          2.72998
x6.xbias.noff                         0.768648
x6.xbias.xroff.11                     0.768393
x6.xbias.xroff.21                  0.000254774
x6.xbias.nvi                           1.24673
x6.xbias.xrdeg.11                      1.24631
x6.xbias.xrdeg.21                  0.000413236
x6.xbias.b0b                        6.0692e-09
x6.xbias.b1b                              3.63
x6.xbias.b2b                        6.0692e-09
x6.xbias.vbn1                         0.795178
x6.xbias.ga                            2.72998
x6.xbias.vbp2                          2.71544
x6.xbias.gb                        1.37506e-11
x6.vbn                                 0.93176
x6.xbias.gc                            2.71544
x6.vbp                                 2.53514
x6.xs1.nh                              1.46329
x6.y1                                        0
x6.y5                                        0
x6.xs1.nt                         -4.73622e-42
x6.xs2.nh                                 3.63
x6.y2                                     3.63
x6.xs2.nt                          6.73512e-09
x6.xs3.nh                                 3.63
x6.y3                                        0
x6.xs3.nt                          5.96522e-60
x6.xs4.nh                                 3.63
x6.y4                                     3.63
x6.xs4.nt                          6.73512e-09
x6.xs5.nh                                 3.63
x6.xs5.nt                          5.96522e-60
x6.nb1                                    3.63
x6.nb2                             4.40717e-09
clk6                                      3.63
x6.xcdec1.c_moscap_int1                  -3.63
x6.xcdec2.c_moscap_int1                  -3.63
x7.xbias.na                           0.943865
x7.xbias.vbpc                          2.65945
x7.xbias.nc                           0.122598
x7.xbias.xrcg.11                      0.122366
x7.xbias.xrcg.21                   0.000232328
x7.xbias.nsu                         0.0164788
x7.xbias.vfix                          1.75966
x7.xbias.nmd                          0.757122
x7.xbias.vbp0                          2.72085
x7.xbias.noff                         0.768633
x7.xbias.xroff.11                     0.768379
x7.xbias.xroff.21                  0.000254769
x7.xbias.nvi                           1.47713
x7.xbias.xrdeg.11                      1.47664
x7.xbias.xrdeg.21                  0.000489606
x7.xbias.b0b                        6.0692e-09
x7.xbias.b1b                              3.63
x7.xbias.b2b                        6.0692e-09
x7.xbias.vbn1                         0.804417
x7.xbias.ga                            2.72085
x7.xbias.vbp2                          2.70606
x7.xbias.gb                        1.37739e-11
x7.vbn                                0.946653
x7.xbias.gc                            2.70606
x7.vbp                                 2.51749
x7.xs1.nh                              1.47922
x7.y1                                        0
x7.y5                                        0
x7.xs1.nt                         -1.01516e-66
x7.xs2.nh                                 3.63
x7.y2                                     3.63
x7.xs2.nt                          6.34152e-09
x7.xs3.nh                                 3.63
x7.y3                                        0
x7.xs3.nt                        -8.60153e-129
x7.xs4.nh                                 3.63
x7.y4                                     3.63
x7.xs4.nt                          6.34152e-09
x7.xs5.nh                                 3.63
x7.xs5.nt                        -8.60153e-129
x7.nb1                                    3.63
x7.nb2                             4.40717e-09
clk7                                      3.63
x7.xcdec1.c_moscap_int1                  -3.63
x7.xcdec2.c_moscap_int1                  -3.63
e.x7.xcdec2.ec_moscap#branch                 0
e.x7.xcdec1.ec_moscap#branch                 0
e.x6.xcdec2.ec_moscap#branch                 0
e.x6.xcdec1.ec_moscap#branch                 0
e.x5.xcdec2.ec_moscap#branch                 0
e.x5.xcdec1.ec_moscap#branch                 0
e.x4.xcdec2.ec_moscap#branch                 0
e.x4.xcdec1.ec_moscap#branch                 0
e.x3.xcdec2.ec_moscap#branch                 0
e.x3.xcdec1.ec_moscap#branch                 0
e.x2.xcdec2.ec_moscap#branch                 0
e.x2.xcdec1.ec_moscap#branch                 0
e.x1.xcdec2.ec_moscap#branch                 0
e.x1.xcdec1.ec_moscap#branch                 0
vs7#branch                         0.000189899
vs6#branch                         0.000173071
vs5#branch                         0.000156442
vs4#branch                         0.000140062
vs3#branch                         0.000124011
vs2#branch                         0.000108442
vs1#branch                         9.37422e-05
vv7#branch                                   0
vv6#branch                                   0
vv5#branch                                   0
vv4#branch                                   0
vv3#branch                                   0
vv2#branch                                   0
vv1#branch                                   0
vb2#branch                                   0
vb1#branch                                   0
vb0#branch                                   0
vdd#branch                         -0.00098567


No. of Data Rows : 2567

  Measurements for Transient Analysis

tp1                 =  8.94688e-08 targ=  1.79281e-07 trig=  8.98121e-08
tp2                 =  7.42905e-08 targ=  1.67484e-07 trig=  9.31937e-08
tp3                 =  6.27735e-08 targ=  1.57263e-07 trig=  9.44896e-08
tp4                 =  5.39760e-08 targ=  1.48720e-07 trig=  9.47442e-08
tp5                 =  4.70773e-08 targ=  1.29789e-07 trig=  8.27116e-08
tp6                 =  4.16255e-08 targ=  1.25045e-07 trig=  8.34193e-08
tp7                 =  3.70797e-08 targ=  1.20844e-07 trig=  8.37645e-08
f1                  =  4.47083e+07
f2                  =  5.38427e+07
f3                  =  6.37211e+07
f4                  =  7.41071e+07
f5                  =  8.49666e+07
f6                  =  9.60949e+07
f7                  =  1.07876e+08
i1                  =  1.35537e-04 from=  8.24809e-08 to=  2.26822e-07
i2                  =  1.55172e-04 from=  8.24809e-08 to=  2.26822e-07
i3                  =  1.75414e-04 from=  8.24809e-08 to=  2.26822e-07
i4                  =  1.96637e-04 from=  8.24809e-08 to=  2.26822e-07
i5                  =  2.19872e-04 from=  8.24809e-08 to=  2.26822e-07
i6                  =  2.42781e-04 from=  8.24809e-08 to=  2.26822e-07
i7                  =  2.64128e-04 from=  8.24809e-08 to=  2.26822e-07
sw1hi               =  3.75259e+00 at=  1.57019e-07
sw1lo               =  -1.29449e-01 at=  1.22849e-07
sw7hi               =  3.76976e+00 at=  9.31764e-08
sw7lo               =  -1.51468e-01 at=  1.16133e-07


Total analysis time (seconds) = 191.028

Total elapsed time (seconds) = 194.953 

Total DRAM available = 98304.000 MB.
DRAM currently available =  231.172 MB.
Maximum ngspice program size =   24.125 MB.
Current ngspice program size =   24.125 MB.


======== band 6 :: generated deck (typical_27c_3.63v) ========
* GENERATED by simenv.sh -- do not edit; edit /Users/rwalters/GitHub/gf180-pll/.loom/worktrees/issue-8/sim/vco-tuning-range/testbench/tb_vco_tuning.sp instead
* tag=typical_T27_V3p63_B6 libs=typical,res_typical,moscap_typical temp=27C
.include "/Users/rwalters/.volare/gf180mcuD/libs.tech/ngspice/design.ngspice"
.lib "/Users/rwalters/.volare/gf180mcuD/libs.tech/ngspice/sm141064.ngspice" typical
.lib "/Users/rwalters/.volare/gf180mcuD/libs.tech/ngspice/sm141064.ngspice" res_typical
.lib "/Users/rwalters/.volare/gf180mcuD/libs.tech/ngspice/sm141064.ngspice" moscap_typical
.temp 27
.param sim_temp=27
.param vsup=3.63
.param b0v=0*3.63
.param b1v=1*3.63
.param b2v=1*3.63
.param tsettle=4.99884e-08
.param tstop=1.37468e-07
.param tstep=6.63785e-11
.param tmax=6.63785e-11
.include "/Users/rwalters/GitHub/gf180-pll/.loom/worktrees/issue-8/sim/vco-tuning-range/testbench/tb_vco_tuning.sp"
.end

======== band 6 :: ngspice output ========

Note: Compatibility modes selected: hs a

Warning: m=xx on .subckt line will override multiplier m hierarchy!


Circuit: * generated by simenv.sh -- do not edit; edit /users/rwalters/github/gf180-pll/.loom/worktrees/issue-8/sim/vco-tuning-range/testbench/tb_vco_tuning.sp instead

Doing analysis at TEMP = 27.000000 and TNOM = 27.000000

Using SPARSE 1.3 as Direct Linear Solver

Initial Transient Solution
--------------------------

Node                                   Voltage
----                                   -------
vdd                                       3.63
nb0                                          0
nb1                                       3.63
nb2                                       3.63
vc1                                        0.9
vc2                                        1.2
vc3                                        1.5
vc4                                        1.8
vc5                                        2.1
vc6                                        2.4
vc7                                        2.7
nv1                                       3.63
nv2                                       3.63
nv3                                       3.63
nv4                                       3.63
nv5                                       3.63
nv6                                       3.63
nv7                                       3.63
x1.xbias.na                           0.943865
x1.xbias.vbpc                          2.65945
x1.xbias.nc                           0.122598
x1.xbias.xrcg.11                      0.122366
x1.xbias.xrcg.21                   0.000232328
x1.xbias.nsu                         0.0164788
x1.xbias.vfix                          1.75966
x1.xbias.nmd                          0.757122
x1.xbias.vbp0                           2.7853
x1.xbias.noff                         0.768737
x1.xbias.xroff.11                     0.768482
x1.xbias.xroff.21                  0.000254803
x1.xbias.nvi                          0.178925
x1.xbias.xrdeg.11                     0.178866
x1.xbias.xrdeg.21                   5.9306e-05
x1.xbias.b0b                              3.63
x1.xbias.b1b                        6.0692e-09
x1.xbias.b2b                        6.0692e-09
x1.xbias.vbn1                         0.708384
x1.xbias.ga                               3.63
x1.xbias.vbp2                          2.73288
x1.xbias.gb                           0.708384
x1.vbn                                0.904611
x1.xbias.gc                            2.73288
x1.vbp                                 2.56726
x1.xs1.nh                              1.43438
x1.y1                                        0
x1.y5                                        0
x1.xs1.nt                          1.97444e-50
x1.xs2.nh                                 3.63
x1.y2                                     3.63
x1.xs2.nt                          7.59282e-09
x1.xs3.nh                                 3.63
x1.y3                                        0
x1.xs3.nt                         -5.53638e-87
x1.xs4.nh                                 3.63
x1.y4                                     3.63
x1.xs4.nt                          7.59282e-09
x1.xs5.nh                                 3.63
x1.xs5.nt                         -5.53638e-87
x1.nb1                                    3.63
x1.nb2                             4.40717e-09
clk1                                      3.63
x1.xcdec1.c_moscap_int1                  -3.63
x1.xcdec2.c_moscap_int1                  -3.63
x2.xbias.na                           0.943865
x2.xbias.vbpc                          2.65945
x2.xbias.nc                           0.122598
x2.xbias.xrcg.11                      0.122366
x2.xbias.xrcg.21                   0.000232328
x2.xbias.nsu                         0.0164788
x2.xbias.vfix                          1.75966
x2.xbias.nmd                          0.757122
x2.xbias.vbp0                          2.77276
x2.xbias.noff                         0.768717
x2.xbias.xroff.11                     0.768462
x2.xbias.xroff.21                  0.000254797
x2.xbias.nvi                          0.373664
x2.xbias.xrdeg.11                      0.37354
x2.xbias.xrdeg.21                  0.000123854
x2.xbias.b0b                              3.63
x2.xbias.b1b                        6.0692e-09
x2.xbias.b2b                        6.0692e-09
x2.xbias.vbn1                         0.719419
x2.xbias.ga                               3.63
x2.xbias.vbp2                          2.71778
x2.xbias.gb                           0.719419
x2.vbn                                0.928064
x2.xbias.gc                            2.71778
x2.vbp                                 2.53952
x2.xs1.nh                              1.45935
x2.y1                                        0
x2.y5                                        0
x2.xs1.nt                         -5.75141e-51
x2.xs2.nh                                 3.63
x2.y2                                     3.63
x2.xs2.nt                          6.84047e-09
x2.xs3.nh                                 3.63
x2.y3                                        0
x2.xs3.nt                         -1.17489e-73
x2.xs4.nh                                 3.63
x2.y4                                     3.63
x2.xs4.nt                          6.84047e-09
x2.xs5.nh                                 3.63
x2.xs5.nt                         -1.17489e-73
x2.nb1                                    3.63
x2.nb2                             4.40717e-09
clk2                                      3.63
x2.xcdec1.c_moscap_int1                  -3.63
x2.xcdec2.c_moscap_int1                  -3.63
x3.xbias.na                           0.943865
x3.xbias.vbpc                          2.65945
x3.xbias.nc                           0.122598
x3.xbias.xrcg.11                      0.122366
x3.xbias.xrcg.21                   0.000232328
x3.xbias.nsu                         0.0164788
x3.xbias.vfix                          1.75966
x3.xbias.nmd                          0.757122
x3.xbias.vbp0                          2.76094
x3.xbias.noff                         0.768698
x3.xbias.xroff.11                     0.768443
x3.xbias.xroff.21                   0.00025479
x3.xbias.nvi                          0.581907
x3.xbias.xrdeg.11                     0.581714
x3.xbias.xrdeg.21                  0.000192877
x3.xbias.b0b                              3.63
x3.xbias.b1b                        6.0692e-09
x3.xbias.b2b                        6.0692e-09
x3.xbias.vbn1                          0.72974
x3.xbias.ga                               3.63
x3.xbias.vbp2                          2.70336
x3.xbias.gb                            0.72974
x3.vbn                                0.950965
x3.xbias.gc                            2.70336
x3.vbp                                 2.51238
x3.xs1.nh                              1.48383
x3.y1                                        0
x3.y5                                        0
x3.xs1.nt                         -6.06026e-51
x3.xs2.nh                                 3.63
x3.y2                                     3.63
x3.xs2.nt                          6.23606e-09
x3.xs3.nh                                 3.63
x3.y3                                        0
x3.xs3.nt                         -3.56488e-87
x3.xs4.nh                                 3.63
x3.y4                                     3.63
x3.xs4.nt                          6.23606e-09
x3.xs5.nh                                 3.63
x3.xs5.nt                         -3.56488e-87
x3.nb1                                    3.63
x3.nb2                             4.40717e-09
clk3                                      3.63
x3.xcdec1.c_moscap_int1                  -3.63
x3.xcdec2.c_moscap_int1                  -3.63
x4.xbias.na                           0.943865
x4.xbias.vbpc                          2.65945
x4.xbias.nc                           0.122598
x4.xbias.xrcg.11                      0.122366
x4.xbias.xrcg.21                   0.000232328
x4.xbias.nsu                         0.0164788
x4.xbias.vfix                          1.75966
x4.xbias.nmd                          0.757122
x4.xbias.vbp0                          2.74993
x4.xbias.noff                          0.76868
x4.xbias.xroff.11                     0.768425
x4.xbias.xroff.21                  0.000254785
x4.xbias.nvi                          0.798127
x4.xbias.xrdeg.11                     0.797863
x4.xbias.xrdeg.21                  0.000264545
x4.xbias.b0b                              3.63
x4.xbias.b1b                        6.0692e-09
x4.xbias.b2b                        6.0692e-09
x4.xbias.vbn1                         0.739286
x4.xbias.ga                               3.63
x4.xbias.vbp2                          2.68977
x4.xbias.gb                           0.739286
x4.vbn                                 0.97298
x4.xbias.gc                            2.68977
x4.vbp                                 2.48629
x4.xs1.nh                              1.50742
x4.y1                                        0
x4.y5                                        0
x4.xs1.nt                         -2.40662e-26
x4.xs2.nh                                 3.63
x4.y2                                     3.63
x4.xs2.nt                          5.74868e-09
x4.xs3.nh                                 3.63
x4.y3                                        0
x4.xs3.nt                         -1.59983e-87
x4.xs4.nh                                 3.63
x4.y4                                     3.63
x4.xs4.nt                          5.74868e-09
x4.xs5.nh                                 3.63
x4.xs5.nt                         -1.59983e-87
x4.nb1                                    3.63
x4.nb2                             4.40717e-09
clk4                                      3.63
x4.xcdec1.c_moscap_int1                  -3.63
x4.xcdec2.c_moscap_int1                  -3.63
x5.xbias.na                           0.943865
x5.xbias.vbpc                          2.65945
x5.xbias.nc                           0.122598
x5.xbias.xrcg.11                      0.122366
x5.xbias.xrcg.21                   0.000232328
x5.xbias.nsu                         0.0164788
x5.xbias.vfix                          1.75966
x5.xbias.nmd                          0.757122
x5.xbias.vbp0                          2.73965
x5.xbias.noff                         0.768664
x5.xbias.xroff.11                     0.768409
x5.xbias.xroff.21                  0.000254779
x5.xbias.nvi                           1.02013
x5.xbias.xrdeg.11                      1.01979
x5.xbias.xrdeg.21                   0.00033813
x5.xbias.b0b                              3.63
x5.xbias.b1b                        6.0692e-09
x5.xbias.b2b                        6.0692e-09
x5.xbias.vbn1                          0.74815
x5.xbias.ga                               3.63
x5.xbias.vbp2                          2.67693
x5.xbias.gb                            0.74815
x5.vbn                                0.994138
x5.xbias.gc                            2.67693
x5.vbp                                 2.46124
x5.xs1.nh                              1.53011
x5.y1                                        0
x5.y5                                        0
x5.xs1.nt                         -4.99852e-26
x5.xs2.nh                                 3.63
x5.y2                                     3.63
x5.xs2.nt                          5.34869e-09
x5.xs3.nh                                 3.63
x5.y3                                        0
x5.xs3.nt                          -1.5178e-32
x5.xs4.nh                                 3.63
x5.y4                                     3.63
x5.xs4.nt                          5.34869e-09
x5.xs5.nh                                 3.63
x5.xs5.nt                          -1.5178e-32
x5.nb1                                    3.63
x5.nb2                             4.40717e-09
clk5                                      3.63
x5.xcdec1.c_moscap_int1                  -3.63
x5.xcdec2.c_moscap_int1                  -3.63
x6.xbias.na                           0.943865
x6.xbias.vbpc                          2.65945
x6.xbias.nc                           0.122598
x6.xbias.xrcg.11                      0.122366
x6.xbias.xrcg.21                   0.000232328
x6.xbias.nsu                         0.0164788
x6.xbias.vfix                          1.75966
x6.xbias.nmd                          0.757122
x6.xbias.vbp0                          2.72998
x6.xbias.noff                         0.768648
x6.xbias.xroff.11                     0.768393
x6.xbias.xroff.21                  0.000254774
x6.xbias.nvi                           1.24673
x6.xbias.xrdeg.11                      1.24631
x6.xbias.xrdeg.21                  0.000413236
x6.xbias.b0b                              3.63
x6.xbias.b1b                        6.0692e-09
x6.xbias.b2b                        6.0692e-09
x6.xbias.vbn1                         0.756432
x6.xbias.ga                               3.63
x6.xbias.vbp2                          2.66476
x6.xbias.gb                           0.756432
x6.vbn                                 1.01452
x6.xbias.gc                            2.66476
x6.vbp                                 2.43715
x6.xs1.nh                              1.55197
x6.y1                                        0
x6.y5                                        0
x6.xs1.nt                         -4.24834e-27
x6.xs2.nh                                 3.63
x6.y2                                     3.63
x6.xs2.nt                          5.01452e-09
x6.xs3.nh                                 3.63
x6.y3                                        0
x6.xs3.nt                          2.03025e-32
x6.xs4.nh                                 3.63
x6.y4                                     3.63
x6.xs4.nt                          5.01452e-09
x6.xs5.nh                                 3.63
x6.xs5.nt                          2.03025e-32
x6.nb1                                    3.63
x6.nb2                             4.40717e-09
clk6                                      3.63
x6.xcdec1.c_moscap_int1                  -3.63
x6.xcdec2.c_moscap_int1                  -3.63
x7.xbias.na                           0.943865
x7.xbias.vbpc                          2.65945
x7.xbias.nc                           0.122598
x7.xbias.xrcg.11                      0.122366
x7.xbias.xrcg.21                   0.000232328
x7.xbias.nsu                         0.0164788
x7.xbias.vfix                          1.75966
x7.xbias.nmd                          0.757122
x7.xbias.vbp0                          2.72085
x7.xbias.noff                         0.768633
x7.xbias.xroff.11                     0.768379
x7.xbias.xroff.21                  0.000254769
x7.xbias.nvi                           1.47713
x7.xbias.xrdeg.11                      1.47664
x7.xbias.xrdeg.21                  0.000489606
x7.xbias.b0b                              3.63
x7.xbias.b1b                        6.0692e-09
x7.xbias.b2b                        6.0692e-09
x7.xbias.vbn1                         0.764217
x7.xbias.ga                               3.63
x7.xbias.vbp2                          2.65315
x7.xbias.gb                           0.764217
x7.vbn                                 1.03423
x7.xbias.gc                            2.65315
x7.vbp                                 2.41393
x7.xs1.nh                              1.57307
x7.y1                                        0
x7.y5                                        0
x7.xs1.nt                         -1.39033e-17
x7.xs2.nh                                 3.63
x7.y2                                     3.63
x7.xs2.nt                          4.73089e-09
x7.xs3.nh                                 3.63
x7.y3                                        0
x7.xs3.nt                         -4.00353e-33
x7.xs4.nh                                 3.63
x7.y4                                     3.63
x7.xs4.nt                          4.73089e-09
x7.xs5.nh                                 3.63
x7.xs5.nt                         -4.00353e-33
x7.nb1                                    3.63
x7.nb2                             4.40717e-09
clk7                                      3.63
x7.xcdec1.c_moscap_int1                  -3.63
x7.xcdec2.c_moscap_int1                  -3.63
e.x7.xcdec2.ec_moscap#branch                 0
e.x7.xcdec1.ec_moscap#branch                 0
e.x6.xcdec2.ec_moscap#branch                 0
e.x6.xcdec1.ec_moscap#branch                 0
e.x5.xcdec2.ec_moscap#branch                 0
e.x5.xcdec1.ec_moscap#branch                 0
e.x4.xcdec2.ec_moscap#branch                 0
e.x4.xcdec1.ec_moscap#branch                 0
e.x3.xcdec2.ec_moscap#branch                 0
e.x3.xcdec1.ec_moscap#branch                 0
e.x2.xcdec2.ec_moscap#branch                 0
e.x2.xcdec1.ec_moscap#branch                 0
e.x1.xcdec2.ec_moscap#branch                 0
e.x1.xcdec1.ec_moscap#branch                 0
vs7#branch                         0.000271379
vs6#branch                         0.000246757
vs5#branch                         0.000222408
vs4#branch                         0.000198405
vs3#branch                         0.000174867
vs2#branch                         0.000152015
vs1#branch                          0.00013042
vv7#branch                                   0
vv6#branch                                   0
vv5#branch                                   0
vv4#branch                                   0
vv3#branch                                   0
vv2#branch                                   0
vv1#branch                                   0
vb2#branch                                   0
vb1#branch                                   0
vb0#branch                                   0
vdd#branch                         -0.00139625


No. of Data Rows : 2481

  Measurements for Transient Analysis

tp1                 =  5.18901e-08 targ=  1.04100e-07 trig=  5.22102e-08
tp2                 =  4.27955e-08 targ=  9.66056e-08 trig=  5.38101e-08
tp3                 =  3.59264e-08 targ=  9.01174e-08 trig=  5.41910e-08
tp4                 =  3.06879e-08 targ=  8.46836e-08 trig=  5.39957e-08
tp5                 =  2.66050e-08 targ=  8.01046e-08 trig=  5.34996e-08
tp6                 =  2.33652e-08 targ=  7.62185e-08 trig=  5.28533e-08
tp7                 =  2.07449e-08 targ=  7.29041e-08 trig=  5.21592e-08
f1                  =  7.70861e+07
f2                  =  9.34678e+07
f3                  =  1.11339e+08
f4                  =  1.30345e+08
f5                  =  1.50348e+08
f6                  =  1.71195e+08
f7                  =  1.92818e+08
i1                  =  1.89343e-04 from=  4.99884e-08 to=  1.37468e-07
i2                  =  2.17152e-04 from=  4.99884e-08 to=  1.37468e-07
i3                  =  2.48187e-04 from=  4.99884e-08 to=  1.37468e-07
i4                  =  2.81411e-04 from=  4.99884e-08 to=  1.37468e-07
i5                  =  3.16213e-04 from=  4.99884e-08 to=  1.37468e-07
i6                  =  3.49251e-04 from=  4.99884e-08 to=  1.37468e-07
i7                  =  3.83119e-04 from=  4.99884e-08 to=  1.37468e-07
sw1hi               =  3.64979e+00 at=  9.71824e-08
sw1lo               =  -1.26420e-01 at=  5.84634e-08
sw7hi               =  3.73707e+00 at=  8.33569e-08
sw7lo               =  -1.36221e-01 at=  1.22134e-07


Total analysis time (seconds) = 176.952

Total elapsed time (seconds) = 182.285 

Total DRAM available = 98304.000 MB.
DRAM currently available =   87.516 MB.
Maximum ngspice program size =   23.844 MB.
Current ngspice program size =   23.844 MB.


======== band 7 :: generated deck (typical_27c_3.63v) ========
* GENERATED by simenv.sh -- do not edit; edit /Users/rwalters/GitHub/gf180-pll/.loom/worktrees/issue-8/sim/vco-tuning-range/testbench/tb_vco_tuning.sp instead
* tag=typical_T27_V3p63_B7 libs=typical,res_typical,moscap_typical temp=27C
.include "/Users/rwalters/.volare/gf180mcuD/libs.tech/ngspice/design.ngspice"
.lib "/Users/rwalters/.volare/gf180mcuD/libs.tech/ngspice/sm141064.ngspice" typical
.lib "/Users/rwalters/.volare/gf180mcuD/libs.tech/ngspice/sm141064.ngspice" res_typical
.lib "/Users/rwalters/.volare/gf180mcuD/libs.tech/ngspice/sm141064.ngspice" moscap_typical
.temp 27
.param sim_temp=27
.param vsup=3.63
.param b0v=1*3.63
.param b1v=1*3.63
.param b2v=1*3.63
.param tsettle=3.02959e-08
.param tstop=8.33138e-08
.param tstep=4.02293e-11
.param tmax=4.02293e-11
.include "/Users/rwalters/GitHub/gf180-pll/.loom/worktrees/issue-8/sim/vco-tuning-range/testbench/tb_vco_tuning.sp"
.end

======== band 7 :: ngspice output ========

Note: Compatibility modes selected: hs a

Warning: m=xx on .subckt line will override multiplier m hierarchy!


Circuit: * generated by simenv.sh -- do not edit; edit /users/rwalters/github/gf180-pll/.loom/worktrees/issue-8/sim/vco-tuning-range/testbench/tb_vco_tuning.sp instead

Doing analysis at TEMP = 27.000000 and TNOM = 27.000000

Using SPARSE 1.3 as Direct Linear Solver

Initial Transient Solution
--------------------------

Node                                   Voltage
----                                   -------
vdd                                       3.63
nb0                                       3.63
nb1                                       3.63
nb2                                       3.63
vc1                                        0.9
vc2                                        1.2
vc3                                        1.5
vc4                                        1.8
vc5                                        2.1
vc6                                        2.4
vc7                                        2.7
nv1                                       3.63
nv2                                       3.63
nv3                                       3.63
nv4                                       3.63
nv5                                       3.63
nv6                                       3.63
nv7                                       3.63
x1.xbias.na                           0.943865
x1.xbias.vbpc                          2.65945
x1.xbias.nc                           0.122598
x1.xbias.xrcg.11                      0.122366
x1.xbias.xrcg.21                   0.000232328
x1.xbias.nsu                         0.0164788
x1.xbias.vfix                          1.75966
x1.xbias.nmd                          0.757122
x1.xbias.vbp0                           2.7853
x1.xbias.noff                         0.768737
x1.xbias.xroff.11                     0.768482
x1.xbias.xroff.21                  0.000254803
x1.xbias.nvi                          0.178925
x1.xbias.xrdeg.11                     0.178866
x1.xbias.xrdeg.21                   5.9306e-05
x1.xbias.b0b                        6.0692e-09
x1.xbias.b1b                        6.0692e-09
x1.xbias.b2b                        6.0692e-09
x1.xbias.vbn1                         0.739463
x1.xbias.ga                             2.7853
x1.xbias.vbp2                          2.68952
x1.xbias.gb                           0.739463
x1.vbn                                0.973397
x1.xbias.gc                            2.68952
x1.vbp                                 2.48579
x1.xs1.nh                              1.50787
x1.y1                                        0
x1.y5                                        0
x1.xs1.nt                        -1.47452e-107
x1.xs2.nh                                 3.63
x1.y2                                     3.63
x1.xs2.nt                           5.7402e-09
x1.xs3.nh                                 3.63
x1.y3                                        0
x1.xs3.nt                        -9.16079e-170
x1.xs4.nh                                 3.63
x1.y4                                     3.63
x1.xs4.nt                           5.7402e-09
x1.xs5.nh                                 3.63
x1.xs5.nt                        -9.16079e-170
x1.nb1                                    3.63
x1.nb2                             4.40717e-09
clk1                                      3.63
x1.xcdec1.c_moscap_int1                  -3.63
x1.xcdec2.c_moscap_int1                  -3.63
x2.xbias.na                           0.943865
x2.xbias.vbpc                          2.65945
x2.xbias.nc                           0.122598
x2.xbias.xrcg.11                      0.122366
x2.xbias.xrcg.21                   0.000232328
x2.xbias.nsu                         0.0164788
x2.xbias.vfix                          1.75966
x2.xbias.nmd                          0.757122
x2.xbias.vbp0                          2.77276
x2.xbias.noff                         0.768717
x2.xbias.xroff.11                     0.768462
x2.xbias.xroff.21                  0.000254797
x2.xbias.nvi                          0.373664
x2.xbias.xrdeg.11                      0.37354
x2.xbias.xrdeg.21                  0.000123854
x2.xbias.b0b                        6.0692e-09
x2.xbias.b1b                        6.0692e-09
x2.xbias.b2b                        6.0692e-09
x2.xbias.vbn1                         0.752049
x2.xbias.ga                            2.77276
x2.xbias.vbp2                          2.67122
x2.xbias.gb                           0.752049
x2.vbn                                 1.00366
x2.xbias.gc                            2.67122
x2.vbp                                 2.44998
x2.xs1.nh                              1.54033
x2.y1                                        0
x2.y5                                        0
x2.xs1.nt                        -3.28613e-108
x2.xs2.nh                                 3.63
x2.y2                                     3.63
x2.xs2.nt                          5.18693e-09
x2.xs3.nh                                 3.63
x2.y3                                        0
x2.xs3.nt                        -1.83176e-185
x2.xs4.nh                                 3.63
x2.y4                                     3.63
x2.xs4.nt                          5.18693e-09
x2.xs5.nh                                 3.63
x2.xs5.nt                        -1.83176e-185
x2.nb1                                    3.63
x2.nb2                             4.40717e-09
clk2                                      3.63
x2.xcdec1.c_moscap_int1                  -3.63
x2.xcdec2.c_moscap_int1                  -3.63
x3.xbias.na                           0.943865
x3.xbias.vbpc                          2.65945
x3.xbias.nc                           0.122598
x3.xbias.xrcg.11                      0.122366
x3.xbias.xrcg.21                   0.000232328
x3.xbias.nsu                         0.0164788
x3.xbias.vfix                          1.75966
x3.xbias.nmd                          0.757122
x3.xbias.vbp0                          2.76094
x3.xbias.noff                         0.768698
x3.xbias.xroff.11                     0.768443
x3.xbias.xroff.21                   0.00025479
x3.xbias.nvi                          0.581907
x3.xbias.xrdeg.11                     0.581714
x3.xbias.xrdeg.21                  0.000192877
x3.xbias.b0b                        6.0692e-09
x3.xbias.b1b                        6.0692e-09
x3.xbias.b2b                        6.0692e-09
x3.xbias.vbn1                         0.763937
x3.xbias.ga                            2.76094
x3.xbias.vbp2                          2.65357
x3.xbias.gb                           0.763937
x3.vbn                                 1.03351
x3.xbias.gc                            2.65357
x3.vbp                                 2.41478
x3.xs1.nh                               1.5723
x3.y1                                        0
x3.y5                                        0
x3.xs1.nt                         8.94939e-109
x3.xs2.nh                                 3.63
x3.y2                                     3.63
x3.xs2.nt                          4.74063e-09
x3.xs3.nh                                 3.63
x3.y3                                        0
x3.xs3.nt                         9.46388e-184
x3.xs4.nh                                 3.63
x3.y4                                     3.63
x3.xs4.nt                          4.74063e-09
x3.xs5.nh                                 3.63
x3.xs5.nt                         9.46388e-184
x3.nb1                                    3.63
x3.nb2                             4.40717e-09
clk3                                      3.63
x3.xcdec1.c_moscap_int1                  -3.63
x3.xcdec2.c_moscap_int1                  -3.63
x4.xbias.na                           0.943865
x4.xbias.vbpc                          2.65945
x4.xbias.nc                           0.122598
x4.xbias.xrcg.11                      0.122366
x4.xbias.xrcg.21                   0.000232328
x4.xbias.nsu                         0.0164788
x4.xbias.vfix                          1.75966
x4.xbias.nmd                          0.757122
x4.xbias.vbp0                          2.74993
x4.xbias.noff                          0.76868
x4.xbias.xroff.11                     0.768425
x4.xbias.xroff.21                  0.000254785
x4.xbias.nvi                          0.798127
x4.xbias.xrdeg.11                     0.797863
x4.xbias.xrdeg.21                  0.000264545
x4.xbias.b0b                        6.0692e-09
x4.xbias.b1b                        6.0692e-09
x4.xbias.b2b                        6.0692e-09
x4.xbias.vbn1                         0.775029
x4.xbias.ga                            2.74993
x4.xbias.vbp2                          2.63679
x4.xbias.gb                           0.775029
x4.vbn                                 1.06245
x4.xbias.gc                            2.63679
x4.vbp                                 2.38082
x4.xs1.nh                              1.60321
x4.y1                                        0
x4.y5                                        0
x4.xs1.nt                          4.71152e-60
x4.xs2.nh                                 3.63
x4.y2                                     3.63
x4.xs2.nt                          4.37956e-09
x4.xs3.nh                                 3.63
x4.y3                                        0
x4.xs3.nt                         2.15201e-115
x4.xs4.nh                                 3.63
x4.y4                                     3.63
x4.xs4.nt                          4.37956e-09
x4.xs5.nh                                 3.63
x4.xs5.nt                         2.15201e-115
x4.nb1                                    3.63
x4.nb2                             4.40717e-09
clk4                                      3.63
x4.xcdec1.c_moscap_int1                  -3.63
x4.xcdec2.c_moscap_int1                  -3.63
x5.xbias.na                           0.943865
x5.xbias.vbpc                          2.65945
x5.xbias.nc                           0.122598
x5.xbias.xrcg.11                      0.122366
x5.xbias.xrcg.21                   0.000232328
x5.xbias.nsu                         0.0164788
x5.xbias.vfix                          1.75966
x5.xbias.nmd                          0.757122
x5.xbias.vbp0                          2.73965
x5.xbias.noff                         0.768664
x5.xbias.xroff.11                     0.768409
x5.xbias.xroff.21                  0.000254779
x5.xbias.nvi                           1.02013
x5.xbias.xrdeg.11                      1.01979
x5.xbias.xrdeg.21                   0.00033813
x5.xbias.b0b                        6.0692e-09
x5.xbias.b1b                        6.0692e-09
x5.xbias.b2b                        6.0692e-09
x5.xbias.vbn1                         0.785411
x5.xbias.ga                            2.73965
x5.xbias.vbp2                          2.62083
x5.xbias.gb                           0.785411
x5.vbn                                 1.09048
x5.xbias.gc                            2.62083
x5.vbp                                 2.34812
x5.xs1.nh                              1.63303
x5.y1                                        0
x5.y5                                        0
x5.xs1.nt                          2.51617e-93
x5.xs2.nh                                 3.63
x5.y2                                     3.63
x5.xs2.nt                          4.08246e-09
x5.xs3.nh                                 3.63
x5.y3                                        0
x5.xs3.nt                          2.3062e-156
x5.xs4.nh                                 3.63
x5.y4                                     3.63
x5.xs4.nt                          4.08246e-09
x5.xs5.nh                                 3.63
x5.xs5.nt                          2.3062e-156
x5.nb1                                    3.63
x5.nb2                             4.40717e-09
clk5                                      3.63
x5.xcdec1.c_moscap_int1                  -3.63
x5.xcdec2.c_moscap_int1                  -3.63
x6.xbias.na                           0.943865
x6.xbias.vbpc                          2.65945
x6.xbias.nc                           0.122598
x6.xbias.xrcg.11                      0.122366
x6.xbias.xrcg.21                   0.000232328
x6.xbias.nsu                         0.0164788
x6.xbias.vfix                          1.75966
x6.xbias.nmd                          0.757122
x6.xbias.vbp0                          2.72998
x6.xbias.noff                         0.768648
x6.xbias.xroff.11                     0.768393
x6.xbias.xroff.21                  0.000254774
x6.xbias.nvi                           1.24673
x6.xbias.xrdeg.11                      1.24631
x6.xbias.xrdeg.21                  0.000413236
x6.xbias.b0b                        6.0692e-09
x6.xbias.b1b                        6.0692e-09
x6.xbias.b2b                        6.0692e-09
x6.xbias.vbn1                         0.795178
x6.xbias.ga                            2.72998
x6.xbias.vbp2                          2.60559
x6.xbias.gb                           0.795178
x6.vbn                                 1.11766
x6.xbias.gc                            2.60559
x6.vbp                                 2.31662
x6.xs1.nh                              1.66182
x6.y1                                        0
x6.y5                                        0
x6.xs1.nt                         8.26814e-110
x6.xs2.nh                                 3.63
x6.y2                                     3.63
x6.xs2.nt                          3.83373e-09
x6.xs3.nh                                 3.63
x6.y3                                        0
x6.xs3.nt                        -5.16442e-184
x6.xs4.nh                                 3.63
x6.y4                                     3.63
x6.xs4.nt                          3.83373e-09
x6.xs5.nh                                 3.63
x6.xs5.nt                        -5.16442e-184
x6.nb1                                    3.63
x6.nb2                             4.40717e-09
clk6                                      3.63
x6.xcdec1.c_moscap_int1                  -3.63
x6.xcdec2.c_moscap_int1                  -3.63
x7.xbias.na                           0.943865
x7.xbias.vbpc                          2.65945
x7.xbias.nc                           0.122598
x7.xbias.xrcg.11                      0.122366
x7.xbias.xrcg.21                   0.000232328
x7.xbias.nsu                         0.0164788
x7.xbias.vfix                          1.75966
x7.xbias.nmd                          0.757122
x7.xbias.vbp0                          2.72085
x7.xbias.noff                         0.768633
x7.xbias.xroff.11                     0.768379
x7.xbias.xroff.21                  0.000254769
x7.xbias.nvi                           1.47713
x7.xbias.xrdeg.11                      1.47664
x7.xbias.xrdeg.21                  0.000489606
x7.xbias.b0b                        6.0692e-09
x7.xbias.b1b                        6.0692e-09
x7.xbias.b2b                        6.0692e-09
x7.xbias.vbn1                         0.804417
x7.xbias.ga                            2.72085
x7.xbias.vbp2                            2.591
x7.xbias.gb                           0.804417
x7.vbn                                 1.14408
x7.xbias.gc                              2.591
x7.vbp                                  2.2862
x7.xs1.nh                              1.68966
x7.y1                                        0
x7.y5                                        0
x7.xs1.nt                          3.38299e-17
x7.xs2.nh                                 3.63
x7.y2                                     3.63
x7.xs2.nt                          3.62225e-09
x7.xs3.nh                                 3.63
x7.y3                                        0
x7.xs3.nt                        -1.33625e-115
x7.xs4.nh                                 3.63
x7.y4                                     3.63
x7.xs4.nt                          3.62225e-09
x7.xs5.nh                                 3.63
x7.xs5.nt                        -1.33625e-115
x7.nb1                                    3.63
x7.nb2                             4.40717e-09
clk7                                      3.63
x7.xcdec1.c_moscap_int1                  -3.63
x7.xcdec2.c_moscap_int1                  -3.63
e.x7.xcdec2.ec_moscap#branch                 0
e.x7.xcdec1.ec_moscap#branch                 0
e.x6.xcdec2.ec_moscap#branch                 0
e.x6.xcdec1.ec_moscap#branch                 0
e.x5.xcdec2.ec_moscap#branch                 0
e.x5.xcdec1.ec_moscap#branch                 0
e.x4.xcdec2.ec_moscap#branch                 0
e.x4.xcdec1.ec_moscap#branch                 0
e.x3.xcdec2.ec_moscap#branch                 0
e.x3.xcdec1.ec_moscap#branch                 0
e.x2.xcdec2.ec_moscap#branch                 0
e.x2.xcdec1.ec_moscap#branch                 0
e.x1.xcdec2.ec_moscap#branch                 0
e.x1.xcdec1.ec_moscap#branch                 0
vs7#branch                         0.000412034
vs6#branch                         0.000373738
vs5#branch                         0.000335866
vs4#branch                         0.000298537
vs3#branch                          0.00026194
vs2#branch                         0.000226421
vs1#branch                         0.000192874
vv7#branch                                   0
vv6#branch                                   0
vv5#branch                                   0
vv4#branch                                   0
vv3#branch                                   0
vv2#branch                                   0
vv1#branch                                   0
vb2#branch                                   0
vb1#branch                                   0
vb0#branch                                   0
vdd#branch                         -0.00210141


No. of Data Rows : 2348

  Measurements for Transient Analysis

tp1                 =  3.05887e-08 targ=  6.14881e-08 trig=  3.08994e-08
tp2                 =  2.50162e-08 targ=  5.65855e-08 trig=  3.15693e-08
tp3                 =  2.08289e-08 targ=  5.23753e-08 trig=  3.15464e-08
tp4                 =  1.76772e-08 targ=  4.89225e-08 trig=  3.12454e-08
tp5                 =  1.52707e-08 targ=  4.61057e-08 trig=  3.08350e-08
tp6                 =  1.33902e-08 targ=  4.38042e-08 trig=  3.04140e-08
tp7                 =  1.18912e-08 targ=  4.48849e-08 trig=  3.29936e-08
f1                  =  1.30767e+08
f2                  =  1.59896e+08
f3                  =  1.92041e+08
f4                  =  2.26281e+08
f5                  =  2.61940e+08
f6                  =  2.98725e+08
f7                  =  3.36383e+08
i1                  =  2.76777e-04 from=  3.02959e-08 to=  8.33138e-08
i2                  =  3.23090e-04 from=  3.02959e-08 to=  8.33138e-08
i3                  =  3.71971e-04 from=  3.02959e-08 to=  8.33138e-08
i4                  =  4.24385e-04 from=  3.02959e-08 to=  8.33138e-08
i5                  =  4.77639e-04 from=  3.02959e-08 to=  8.33138e-08
i6                  =  5.30171e-04 from=  3.02959e-08 to=  8.33138e-08
i7                  =  5.81125e-04 from=  3.02959e-08 to=  8.33138e-08
sw1hi               =  3.66017e+00 at=  3.44700e-08
sw1lo               =  -9.68726e-02 at=  5.75813e-08
sw7hi               =  3.67619e+00 at=  4.62442e-08
sw7lo               =  -1.26130e-01 at=  4.04424e-08


Total analysis time (seconds) = 158.708

Total elapsed time (seconds) = 165.208 

Total DRAM available = 98304.000 MB.
DRAM currently available =  134.781 MB.
Maximum ngspice program size =   23.797 MB.
Current ngspice program size =   23.797 MB.


