corner,temp_c,vdd,band,corner_id,tp1,tp2,tp3,tp4,tp5,tp6,tp7,f1,f2,f3,f4,f5,f6,f7,i1,i2,i3,i4,i5,i6,i7,sw1hi,sw1lo,sw7hi,sw7lo,k1,k2,k3,k4,k5,k6,k7,kvco_min,kvco_max,kvco_mean,kvco_over_f_max,fine_ratio,verdict
typical,-40.0,2.97,band0,typical_-40c_2.97v_band0,9.47118e-07,7.90131e-07,6.71306e-07,5.81346e-07,5.10116e-07,4.54035e-07,4.08915e-07,4223340.0,5062450.0,5958530.0,6880580.0,7841350.0,8809900.0,9781990.0,3.74779e-05,4.1477e-05,4.56441e-05,5.07729e-05,5.53745e-05,5.97147e-05,6.43687e-05,3.02447,-0.0417383,3.04138,-0.0771206,2797033.333333334,2891983.3333333335,3030216.666666666,3138033.333333333,3215533.333333334,3234399.9999999995,3240299.999999997,2797033.333333334,3240299.999999997,3088138.8888888885,0.662279933259774,2.3161739286915095,PASS
typical,-40.0,2.97,band1,typical_-40c_2.97v_band1,5.84455e-07,4.87485e-07,4.13271e-07,3.57141e-07,3.13032e-07,2.78057e-07,2.4984e-07,6843980.0,8205380.0,9678870.0,11200100.0,12778200.0,14385500.0,16010200.0,4.48716e-05,5.06411e-05,5.64794e-05,6.23065e-05,6.82025e-05,7.46815e-05,8.0967e-05,3.03439,-0.0546111,3.04403,-0.0787199,4538000.000000001,4724816.666666667,4991199.999999999,5165549.999999999,5309000.000000001,5386666.666666666,5415666.666666662,4538000.000000001,5415666.666666662,5092344.444444444,0.6630644741802286,2.339311336386138,PASS
typical,-40.0,2.97,band2,typical_-40c_2.97v_band2,3.45206e-07,2.87213e-07,2.43397e-07,2.09595e-07,1.83648e-07,1.62932e-07,1.45903e-07,11587300.0,13927000.0,16434100.0,19084400.0,21780700.0,24550100.0,27415400.0,5.05905e-05,5.77174e-05,6.50553e-05,7.21053e-05,8.01976e-05,8.75981e-05,9.57745e-05,3.05493,-0.0863811,3.07589,-0.130113,7799000.000000002,8078000.0,8595666.666666666,8910999.999999998,9109500.000000002,9391166.666666666,9550999.99999999,7799000.000000002,9550999.99999999,8793388.888888888,0.6730644757622571,2.3659868994502604,PASS
typical,-40.0,2.97,band3,typical_-40c_2.97v_band3,2.10951e-07,1.74895e-07,1.47547e-07,1.26859e-07,1.10652e-07,9.78627e-08,8.74041e-08,18961800.0,22870900.0,27110100.0,31531200.0,36149300.0,40873600.0,45764500.0,6.64239e-05,7.5664e-05,8.64089e-05,9.63204e-05,0.000108423,0.000119654,0.00013054,3.08409,-0.115468,3.1047,-0.123414,13030333.333333336,13580500.0,14433833.333333332,15065333.33333333,15570666.66666667,16025333.33333333,16302999.999999985,13030333.333333336,16302999.999999985,14890388.888888886,0.6871886283650991,2.41351032075014,PASS
typical,-40.0,2.97,band4,typical_-40c_2.97v_band4,1.25982e-07,1.04053e-07,8.74572e-08,7.48271e-08,6.51124e-08,5.7385e-08,5.1055e-08,31750600.0,38441800.0,45736700.0,53456600.0,61432200.0,69704600.0,78346900.0,7.22726e-05,8.36494e-05,9.55879e-05,0.000107357,0.00011985,0.000132572,0.000144478,3.06299,-0.126742,3.13076,-0.158886,22304000.000000004,23310166.666666668,25024666.666666664,26159166.666666664,27080000.000000007,28191166.666666664,28807666.66666664,22304000.000000004,28807666.66666664,25886833.33333333,0.7024749138598957,2.467572266350872,PASS
typical,-40.0,2.97,band5,typical_-40c_2.97v_band5,7.53516e-08,6.19049e-08,5.17795e-08,4.40987e-08,3.81967e-08,3.35076e-08,2.97537e-08,53084400.0,64615300.0,77250700.0,90705600.0,104721000.0,119376000.0,134437000.0,0.000101855,0.000117412,0.000135145,0.000153878,0.000172188,0.00019157,0.000210993,3.05904,-0.123198,3.10603,-0.171081,38436333.33333334,40277166.66666667,43483833.33333333,45783833.33333333,47784000.00000001,49526666.66666666,50203333.33333329,38436333.33333334,50203333.33333329,45195888.88888888,0.7240608038017449,2.532514260309997,PASS
typical,-40.0,2.97,band6,typical_-40c_2.97v_band6,4.25213e-08,3.47478e-08,2.8927e-08,2.45731e-08,2.12546e-08,1.86601e-08,1.6598e-08,94070500.0,115115000.0,138279000.0,162779000.0,188194000.0,214361000.0,240992000.0,0.000144546,0.000170683,0.000198222,0.000225519,0.000254028,0.000281677,0.000311416,3.00989,-0.066486,3.03093,-0.0886205,70148333.33333334,73680833.33333334,79439999.99999999,83191666.66666666,85970000.00000001,87996666.66666666,88769999.99999993,70148333.33333334,88769999.99999993,81623055.55555554,0.7456995905553105,2.5618233133660393,PASS
typical,-40.0,2.97,band7,typical_-40c_2.97v_band7,2.47393e-08,2.01705e-08,1.68067e-08,1.43323e-08,1.24694e-08,1.10276e-08,9.89314e-09,161686000.0,198309000.0,238000000.0,279089000.0,320786000.0,362727000.0,404321000.0,0.000219044,0.000256863,0.000300323,0.000342568,0.000387001,0.000429585,0.000474923,3.01871,-0.0370234,3.03229,-0.0459015,122076666.66666669,127190000.0,134633333.3333333,137976666.66666666,139396666.6666667,139224999.99999997,138646666.66666654,122076666.66666669,139396666.6666667,134797222.2222222,0.7550231106383155,2.5006555917024356,PASS
typical,-40.0,3.3,band0,typical_-40c_3.30v_band0,1.04068e-06,8.72855e-07,7.45023e-07,6.46937e-07,5.70423e-07,5.08798e-07,4.59562e-07,3843640.0,4582660.0,5368960.0,6182980.0,7012340.0,7861670.0,8703940.0,4.27764e-05,4.6758e-05,4.98513e-05,5.5131e-05,5.99467e-05,6.51393e-05,6.95733e-05,3.34865,-0.0449938,3.36251,-0.0561715,2463400.0000000005,2542200.0,2667199.9999999995,2738966.666666666,2797816.6666666674,2819333.333333333,2807566.666666664,2463400.0000000005,2819333.333333333,2700166.666666666,0.6409028941316045,2.264504480128212,PASS
typical,-40.0,3.3,band1,typical_-40c_3.30v_band1,6.49376e-07,5.4421e-07,4.63379e-07,4.02141e-07,3.53978e-07,3.15347e-07,2.83878e-07,6159760.0,7350100.0,8632240.0,9946750.0,11300100.0,12684400.0,14090600.0,4.9869e-05,5.52605e-05,6.20576e-05,6.66081e-05,7.37482e-05,8.04467e-05,8.67191e-05,3.37748,-0.0868143,3.40173,-0.0882518,3967800.000000001,4120800.0,4327749.999999999,4446433.333333333,4562750.000000001,4650833.333333333,4687333.333333329,3967800.000000001,4687333.333333329,4406022.222222222,0.6441484733171424,2.287524189254127,PASS
typical,-40.0,3.3,band2,typical_-40c_3.30v_band2,3.86394e-07,3.23631e-07,2.75383e-07,2.3835e-07,2.09678e-07,1.86795e-07,1.67821e-07,10352100.0,12359800.0,14525200.0,16782000.0,19076900.0,21413900.0,23834900.0,5.64278e-05,6.38077e-05,7.13598e-05,7.83991e-05,8.64522e-05,9.35126e-05,0.000101785,3.37569,-0.0862632,3.40983,-0.114533,6692333.333333335,6955166.666666667,7370333.333333332,7586166.666666665,7719833.333333335,7929999.999999999,8069999.999999993,6692333.333333335,8069999.999999993,7490444.444444443,0.6464710863818293,2.3024217308565413,PASS
typical,-40.0,3.3,band3,typical_-40c_3.30v_band3,2.39479e-07,1.99814e-07,1.69456e-07,1.46543e-07,1.28274e-07,1.13926e-07,1.02182e-07,16702900.0,20018600.0,23604900.0,27295700.0,31183300.0,35110400.0,39145600.0,7.25965e-05,8.16818e-05,9.33712e-05,0.000104306,0.000115723,0.000127462,0.000138603,3.4104,-0.113622,3.40657,-0.129391,11052333.333333336,11503333.333333334,12128499.999999998,12630666.666666664,13024500.000000004,13270499.999999998,13450666.666666655,11052333.333333336,13450666.666666655,12468166.666666664,0.6617014610237345,2.3436409246298546,PASS
typical,-40.0,3.3,band4,typical_-40c_3.30v_band4,1.44157e-07,1.19857e-07,1.01346e-07,8.72346e-08,7.62627e-08,6.74889e-08,6.03636e-08,27747500.0,33373100.0,39468800.0,45853400.0,52450300.0,59269000.0,66265100.0,7.9556e-05,9.11496e-05,0.000103011,0.000116417,0.00012781,0.000141597,0.000155184,3.44888,-0.119329,3.4499,-0.161286,18752000.000000004,19535500.0,20800499.999999996,21635833.33333333,22359333.33333334,23024666.666666664,23320333.333333313,18752000.000000004,23320333.333333313,21398666.666666664,0.6758086314082351,2.3881466798810704,PASS
typical,-40.0,3.3,band5,typical_-40c_3.30v_band5,8.7624e-08,7.25334e-08,6.10194e-08,5.22658e-08,4.54959e-08,4.00728e-08,3.56904e-08,45649600.0,55147000.0,65552900.0,76531900.0,87919900.0,99818400.0,112075000.0,0.000110089,0.0001258,0.000143998,0.000162506,0.000181213,0.000201691,0.000220401,3.40713,-0.109605,3.42122,-0.136522,31658000.000000007,33172166.666666668,35641499.99999999,37278333.33333333,38810833.33333334,40258499.99999999,40855333.3333333,31658000.000000007,40855333.3333333,36902999.99999999,0.693500052574393,2.4551146121762293,PASS
typical,-40.0,3.3,band6,typical_-40c_3.30v_band6,5.01028e-08,4.1221e-08,3.44975e-08,2.94053e-08,2.54582e-08,2.23442e-08,1.98433e-08,79835900.0,97038000.0,115950000.0,136030000.0,157120000.0,179017000.0,201580000.0,0.000153664,0.000179703,0.0002086,0.000236285,0.000265704,0.000295686,0.000325558,3.34553,-0.105159,3.40828,-0.161538,57340333.33333334,60190166.66666667,64986666.66666666,68616666.66666666,71645000.00000001,74099999.99999999,75209999.99999994,57340333.33333334,75209999.99999994,67635611.1111111,0.7182274306838571,2.524929261146928,PASS
typical,-40.0,3.3,band7,typical_-40c_3.30v_band7,2.95363e-08,2.41199e-08,2.00607e-08,1.70231e-08,1.47091e-08,1.29101e-08,1.14824e-08,135427000.0,165838000.0,199395000.0,234975000.0,271940000.0,309836000.0,348360000.0,0.000231191,0.000269726,0.000314636,0.000358235,0.000405625,0.000450672,0.000497156,3.3406,-0.0370345,3.35542,-0.0585272,101370000.00000003,106613333.33333334,115228333.33333331,120908333.33333331,124768333.33333336,127366666.66666664,128413333.33333322,101370000.00000003,128413333.33333322,118296111.11111109,0.7485213436020884,2.572308328472166,PASS
typical,-40.0,3.63,band0,typical_-40c_3.63v_band0,1.11368e-06,9.37375e-07,8.02481e-07,6.99134e-07,6.18512e-07,5.53571e-07,5.00868e-07,3591690.0,4267240.0,4984540.0,5721370.0,6467130.0,7225820.0,7986140.0,4.78174e-05,5.17004e-05,5.61784e-05,6.084e-05,6.50064e-05,7.05683e-05,7.58889e-05,3.69274,-0.0551459,3.71602,-0.0533601,2251833.333333334,2321416.666666667,2423549.9999999995,2470983.333333333,2507416.6666666674,2531683.333333333,2534399.9999999977,2251833.333333334,2534399.9999999977,2441361.1111111105,0.6269564838093861,2.2235048124977377,PASS
typical,-40.0,3.63,band1,typical_-40c_3.63v_band1,7.00965e-07,5.89574e-07,5.04675e-07,4.3887e-07,3.87876e-07,3.46241e-07,3.13247e-07,5706420.0,6784560.0,7925900.0,9114330.0,10312600.0,11552700.0,12769500.0,5.64879e-05,6.23583e-05,6.70325e-05,7.40652e-05,7.87228e-05,8.77264e-05,9.2971e-05,3.68915,-0.0535537,3.72107,-0.062857,3593800.000000001,3699133.3333333335,3882949.9999999995,3977833.3333333326,4063950.000000001,4094833.3333333326,4055999.9999999963,3593800.000000001,4094833.3333333326,3923933.3333333326,0.6297818947781623,2.237742752899366,PASS
typical,-40.0,3.63,band2,typical_-40c_3.63v_band2,4.19783e-07,3.52679e-07,3.01721e-07,2.62509e-07,2.31364e-07,2.06641e-07,1.86345e-07,9528740.0,11341800.0,13257300.0,15237600.0,17288800.0,19357200.0,21465500.0,6.31669e-05,7.0182e-05,7.77276e-05,8.60199e-05,9.38415e-05,9.9755e-05,0.00011008,3.72217,-0.0866309,3.71678,-0.0857593,6043533.333333335,6214266.666666667,6492999.999999999,6719166.666666666,6866000.000000002,6961166.666666666,7027666.66666666,6043533.333333335,7027666.66666666,6631533.333333332,0.6342426525787601,2.2527112713748094,PASS
typical,-40.0,3.63,band3,typical_-40c_3.63v_band3,2.62827e-07,2.20436e-07,1.87912e-07,1.63105e-07,1.43453e-07,1.27914e-07,1.15031e-07,15219100.0,18145800.0,21286600.0,24524100.0,27883600.0,31270900.0,34773200.0,8.07671e-05,9.07052e-05,0.000101423,0.000112478,0.000123288,0.000134583,0.000147497,3.73269,-0.105787,3.74139,-0.121576,9755666.666666668,10112500.0,10630499.999999998,10994999.999999998,11244666.66666667,11482666.666666664,11674333.333333323,9755666.666666668,11674333.333333323,10863388.888888888,0.6410146898743466,2.2848394451708707,PASS
typical,-40.0,3.63,band4,typical_-40c_3.63v_band4,1.58913e-07,1.32886e-07,1.13066e-07,9.7695e-08,8.57677e-08,7.62298e-08,6.84125e-08,25171100.0,30101000.0,35377400.0,40943800.0,46637600.0,52472900.0,58468900.0,8.86308e-05,9.94071e-05,0.000112841,0.000124745,0.000137869,0.000150189,0.000163388,3.7486,-0.125191,3.78402,-0.162976,16433000.000000004,17010500.0,18071333.333333332,18766999.999999996,19215166.66666667,19718833.333333332,19986666.66666665,16433000.000000004,19986666.66666665,18498777.777777776,0.6528518817214982,2.322858357401941,PASS
typical,-40.0,3.63,band5,typical_-40c_3.63v_band5,9.79478e-08,8.15692e-08,6.90395e-08,5.94658e-08,5.19302e-08,4.59731e-08,4.10931e-08,40838100.0,49038100.0,57937900.0,67265500.0,77026400.0,87007400.0,97339900.0,0.000118709,0.00013496,0.000154708,0.000173656,0.000192629,0.000213091,0.000232935,3.74245,-0.127846,3.80341,-0.173097,27333333.33333334,28499666.666666668,30378999.999999996,31814166.66666666,32903166.666666675,33855833.33333333,34441666.666666634,27333333.33333334,34441666.666666634,31389888.888888884,0.6693096234480385,2.3835560420293795,PASS
typical,-40.0,3.63,band6,typical_-40c_3.63v_band6,5.66147e-08,4.68953e-08,3.94922e-08,3.38279e-08,2.94325e-08,2.59209e-08,2.3084e-08,70653000.0,85296300.0,101286000.0,118246000.0,135904000.0,154316000.0,173280000.0,0.00016568,0.000192497,0.000220159,0.000250019,0.00027892,0.000310177,0.000340262,3.67504,-0.119286,3.77596,-0.160709,48811000.00000001,51055000.0,54916166.66666666,57696666.66666666,60116666.66666668,62293333.33333332,63213333.333333276,48811000.00000001,63213333.333333276,57014999.99999999,0.6908553069225654,2.4525497855717378,PASS
typical,-40.0,3.63,band7,typical_-40c_3.63v_band7,3.39065e-08,2.78653e-08,2.32895e-08,1.98213e-08,1.71365e-08,1.50227e-08,1.33252e-08,117972000.0,143548000.0,171751000.0,201803000.0,233420000.0,266263000.0,300184000.0,0.000243471,0.000285057,0.000330495,0.000375274,0.000420526,0.000468084,0.00051584,3.6626,-0.0942379,3.67973,-0.081133,85253333.33333336,89631666.66666667,97091666.66666666,102781666.66666666,107433333.33333336,111273333.33333331,113069999.9999999,85253333.33333336,113069999.9999999,101228888.88888888,0.7226573537223524,2.544535991591225,PASS
typical,27.0,2.97,band0,typical_27c_2.97v_band0,8.95334e-07,7.47313e-07,6.3481e-07,5.49474e-07,4.82717e-07,4.30067e-07,3.857e-07,4467610.0,5352510.0,6301100.0,7279690.0,8286430.0,9300880.0,10370800.0,4.55077e-05,4.91554e-05,5.39368e-05,5.98063e-05,6.4311e-05,6.97598e-05,7.51383e-05,3.02507,-0.046231,3.02883,-0.0549054,2949666.6666666674,3055816.666666667,3211966.666666666,3308883.333333333,3368650.000000001,3473949.9999999995,3566399.9999999967,2949666.6666666674,3566399.9999999967,3279549.9999999995,0.6602336969132641,2.321330644348992,PASS
typical,27.0,2.97,band1,typical_27c_2.97v_band1,5.50069e-07,4.5835e-07,3.88678e-07,3.3622e-07,2.9486e-07,2.61686e-07,2.34975e-07,7271810.0,8726960.0,10291300.0,11897000.0,13565800.0,15285500.0,17023100.0,5.30515e-05,5.97468e-05,6.60523e-05,7.24049e-05,7.99391e-05,8.70374e-05,9.35333e-05,3.04039,-0.0821312,3.04594,-0.0977254,4850500.000000001,5032483.333333334,5283399.999999999,5457499.999999999,5647500.000000001,5762166.666666666,5791999.999999994,4850500.000000001,5791999.999999994,5417383.333333332,0.6670278788912253,2.340971505031072,PASS
typical,27.0,2.97,band2,typical_27c_2.97v_band2,3.27839e-07,2.72381e-07,2.30645e-07,1.98872e-07,1.73962e-07,1.54189e-07,1.38019e-07,12201100.0,14685300.0,17342600.0,20113400.0,22993500.0,25942200.0,28981500.0,6.00138e-05,6.75895e-05,7.53566e-05,8.41658e-05,9.31299e-05,0.000101034,0.000109269,3.06448,-0.103496,3.0797,-0.106775,8280666.666666669,8569166.666666668,9046833.333333332,9418166.666666666,9714666.666666668,9979999.999999998,10130999.99999999,8280666.666666669,10130999.99999999,9322444.444444442,0.6786819767616583,2.3753186188130577,PASS
typical,27.0,2.97,band3,typical_27c_2.97v_band3,1.99111e-07,1.64858e-07,1.38984e-07,1.19363e-07,1.04075e-07,9.1919e-08,8.20961e-08,20089300.0,24263300.0,28780300.0,33511400.0,38433700.0,43516600.0,48723400.0,7.73878e-05,8.79237e-05,9.98498e-05,0.000111147,0.000124011,0.000136265,0.000149607,3.07788,-0.104226,3.09991,-0.142011,13913333.333333336,14485000.0,15413499.999999998,16088999.999999998,16675333.333333338,17149499.999999996,17355999.999999985,13913333.333333336,17355999.999999985,15907833.33333333,0.692574322317519,2.425340853090949,PASS
typical,27.0,2.97,band4,typical_27c_2.97v_band4,1.15754e-07,9.54775e-08,8.01644e-08,6.85979e-08,5.9587e-08,5.24107e-08,4.66146e-08,34556000.0,41894700.0,49897500.0,58310800.0,67128700.0,76320200.0,85810000.0,8.57495e-05,9.81473e-05,0.00011201,0.000124682,0.000139088,0.000153314,0.000167692,3.0704,-0.117652,3.12433,-0.170144,24462333.33333334,25569166.666666668,27360166.666666664,28718666.666666664,30015666.66666667,31135499.999999996,31632666.666666638,24462333.33333334,31632666.666666638,28474444.44444444,0.7079040784041365,2.483215649959486,PASS
typical,27.0,2.97,band5,typical_27c_2.97v_band5,6.87035e-08,5.63044e-08,4.70207e-08,3.99871e-08,3.45753e-08,3.03175e-08,2.69017e-08,58221200.0,71042400.0,85068900.0,100032000.0,115690000.0,131937000.0,148690000.0,0.000117668,0.000136652,0.000157342,0.000177555,0.000199072,0.000221301,0.000243491,3.03041,-0.0937486,3.05091,-0.102821,42737333.33333334,44746166.66666667,48315999.99999999,51035166.66666666,53175000.000000015,54999999.99999999,55843333.33333328,42737333.33333334,55843333.33333328,50260444.44444444,0.7340510558582328,2.5538807169896875,PASS
typical,27.0,2.97,band6,typical_27c_2.97v_band6,3.89088e-08,3.16813e-08,2.63331e-08,2.23532e-08,1.93369e-08,1.69936e-08,1.51418e-08,102805000.0,126258000.0,151900000.0,178945000.0,206858000.0,235383000.0,264169000.0,0.000167652,0.000196057,0.000225764,0.000258675,0.000289578,0.000321265,0.000353162,3.00734,-0.0483437,3.02111,-0.0703313,78176666.66666669,81825000.0,87811666.66666666,91596666.66666666,94063333.33333336,95518333.33333331,95953333.33333325,78176666.66666669,95953333.33333325,89646666.66666666,0.7604364249469061,2.5696123729390594,PASS
typical,27.0,2.97,band7,typical_27c_2.97v_band7,2.23966e-08,1.82552e-08,1.52506e-08,1.30541e-08,1.14083e-08,1.01416e-08,9.14624e-09,178599000.0,219115000.0,262284000.0,306418000.0,350623000.0,394414000.0,437338000.0,0.000249827,0.000295993,0.000343971,0.00039042,0.00043853,0.000484286,0.000532732,3.01707,-0.039252,3.03183,-0.0486463,135053333.33333337,139475000.0,145504999.99999997,147231666.66666666,146660000.00000003,144524999.99999997,143079999.99999988,135053333.33333337,147231666.66666666,143743888.88888887,0.7561819121794264,2.4487147184474716,PASS
typical,27.0,3.3,band0,typical_27c_3.30v_band0,9.86931e-07,8.26175e-07,7.05264e-07,6.12285e-07,5.40052e-07,4.81984e-07,4.34401e-07,4052970.0,4841590.0,5671640.0,6532910.0,7406690.0,8299040.0,9208080.0,4.97913e-05,5.40787e-05,5.91718e-05,6.38573e-05,6.85383e-05,7.53034e-05,7.93997e-05,3.34393,-0.052666,3.38078,-0.064577,2628733.333333334,2697783.3333333335,2818866.666666666,2891749.9999999995,2943550.0000000005,3002316.666666666,3030133.3333333307,2628733.333333334,3030133.3333333307,2863949.9999999995,0.6485943230108622,2.2719339151289053,PASS
typical,27.0,3.3,band1,typical_27c_3.30v_band1,6.12294e-07,5.12386e-07,4.36493e-07,3.78595e-07,3.33334e-07,2.97009e-07,2.67222e-07,6532810.0,7806610.0,9163940.0,10565400.0,12000000.0,13467600.0,14968800.0,5.8354e-05,6.44991e-05,7.16944e-05,7.86316e-05,8.49505e-05,9.17728e-05,9.94308e-05,3.37356,-0.0586552,3.40357,-0.108846,4246000.000000001,4385216.666666667,4597983.333333333,4726766.666666666,4837000.000000001,4947999.999999999,5003999.999999995,4246000.000000001,5003999.999999995,4686661.11111111,0.6499500215068249,2.2913263970634383,PASS
typical,27.0,3.3,band2,typical_27c_3.30v_band2,3.67306e-07,3.06913e-07,2.61126e-07,2.2585e-07,1.98374e-07,1.76478e-07,1.58465e-07,10890100.0,13033000.0,15318300.0,17710900.0,20163900.0,22665700.0,25242200.0,6.54688e-05,7.33983e-05,8.12449e-05,8.90375e-05,9.86307e-05,0.00010789,0.000115533,3.38785,-0.0953691,3.40875,-0.124418,7143000.000000002,7380333.333333334,7796499.999999999,8075999.999999999,8258000.000000002,8463833.333333332,8588333.333333327,7143000.000000002,8588333.333333327,7973388.888888888,0.6559168419022784,2.317903416864859,PASS
typical,27.0,3.3,band3,typical_27c_3.30v_band3,2.25815e-07,1.88003e-07,1.59463e-07,1.37508e-07,1.20459e-07,1.06883e-07,9.56608e-08,17713600.0,21276300.0,25084300.0,29089100.0,33206400.0,37423900.0,41814400.0,8.3537e-05,9.40473e-05,0.000106791,0.000119136,0.000130845,0.000143523,0.000156125,3.40162,-0.100802,3.44819,-0.143233,11875666.66666667,12284500.0,13021333.333333332,13536833.333333332,13891333.333333336,14346666.666666664,14634999.999999987,11875666.66666667,14634999.999999987,13389333.333333332,0.6704264896275557,2.360581699936772,PASS
typical,27.0,3.3,band4,typical_27c_3.30v_band4,1.32387e-07,1.09922e-07,9.2916e-08,7.98755e-08,6.97624e-08,6.1594e-08,5.50451e-08,30214400.0,36389400.0,43049600.0,50077900.0,57337500.0,64941400.0,72667600.0,9.23864e-05,0.000105138,0.000118715,0.000132448,0.000147407,0.000161314,0.000176016,3.44864,-0.148274,3.47688,-0.177562,20583333.33333334,21392000.0,22814166.666666664,23813166.666666664,24772500.000000004,25550166.666666664,25753999.999999978,20583333.33333334,25753999.999999978,23585111.11111111,0.6812424980583212,2.4050651345054015,PASS
typical,27.0,3.3,band5,typical_27c_3.30v_band5,7.98334e-08,6.58981e-08,5.53663e-08,4.73277e-08,4.11158e-08,3.61597e-08,3.21405e-08,50104400.0,60699800.0,72246100.0,84517200.0,97286200.0,110620000.0,124454000.0,0.000125205,0.000144691,0.000166065,0.00018553,0.00020781,0.00022995,0.000252052,3.37965,-0.111752,3.37205,-0.154875,35318000.00000001,36902833.333333336,39695666.666666664,41733499.99999999,43504666.66666668,45279666.66666666,46113333.33333329,35318000.00000001,46113333.33333329,41305333.33333333,0.7048881934520722,2.4838936301003502,PASS
typical,27.0,3.3,band6,typical_27c_3.30v_band6,4.57977e-08,3.75214e-08,3.13045e-08,2.66055e-08,2.29891e-08,2.0144e-08,1.78717e-08,87340700.0,106606000.0,127777000.0,150345000.0,173996000.0,198571000.0,223817000.0,0.000177075,0.000206163,0.000237552,0.000269127,0.000302015,0.000335043,0.000368259,3.32928,-0.0548592,3.34435,-0.117858,64217666.66666668,67393833.33333334,72898333.33333333,77031666.66666666,80376666.66666669,83034999.99999999,84153333.33333325,64217666.66666668,84153333.33333325,75820166.66666666,0.735254774311022,2.5625739202914564,PASS
typical,27.0,3.3,band7,typical_27c_3.30v_band7,2.65984e-08,2.16418e-08,1.79807e-08,1.52703e-08,1.32249e-08,1.16403e-08,1.03947e-08,150385000.0,184828000.0,222460000.0,261947000.0,302460000.0,343633000.0,384812000.0,0.000260783,0.000308965,0.000358258,0.000407191,0.000458091,0.000506913,0.000559717,3.33876,-0.0357213,3.35517,-0.0468311,114810000.00000003,120125000.0,128531666.66666664,133333333.33333331,136143333.33333337,137253333.3333333,137263333.33333322,114810000.00000003,137263333.33333322,130237222.22222221,0.763440502709712,2.5588456295508197,PASS
typical,27.0,3.63,band0,typical_27c_3.63v_band0,1.06109e-06,8.91597e-07,7.64208e-07,6.65278e-07,5.87861e-07,5.2621e-07,4.75088e-07,3769720.0,4486330.0,5234180.0,6012530.0,6804330.0,7601540.0,8419500.0,5.54638e-05,6.00263e-05,6.47976e-05,7.06584e-05,7.53652e-05,8.05579e-05,8.53326e-05,3.6791,-0.0367959,3.72946,-0.0850865,2388700.0000000005,2440766.666666667,2543666.6666666665,2616916.6666666665,2648350.0000000005,2691949.9999999995,2726533.3333333307,2388700.0000000005,2726533.3333333307,2583211.1111111105,0.6336544889275597,2.2334550046157275,PASS
typical,27.0,3.63,band1,typical_27c_3.63v_band1,6.63666e-07,5.57622e-07,4.7709e-07,4.14742e-07,3.65842e-07,3.27305e-07,2.95379e-07,6027130.0,7173310.0,8384170.0,9644550.0,10933700.0,12221000.0,13541900.0,6.47688e-05,6.98583e-05,7.66942e-05,8.34557e-05,9.13273e-05,9.83819e-05,0.000106271,3.70005,-0.0760372,3.72595,-0.0803953,3820600.000000001,3928400.0,4118733.3333333326,4249216.666666666,4294083.333333334,4346999.999999999,4402999.999999996,3820600.000000001,4402999.999999996,4174872.2222222215,0.633900380446415,2.24682394439808,PASS
typical,27.0,3.63,band2,typical_27c_3.63v_band2,4.00294e-07,3.35718e-07,2.86869e-07,2.4924e-07,2.1974e-07,1.95812e-07,1.76442e-07,9992660.0,11914800.0,13943600.0,16048800.0,18203300.0,20427800.0,22670300.0,7.20885e-05,8.01046e-05,8.80909e-05,9.63463e-05,0.000105149,0.000114363,0.000123468,3.71954,-0.0969287,3.75363,-0.122891,6407133.333333335,6584900.0,6889999.999999999,7099499.999999999,7298333.333333335,7444999.999999999,7474999.9999999935,6407133.333333335,7474999.9999999935,7043133.333333332,0.6411839623617069,2.268695222293163,PASS
typical,27.0,3.63,band3,typical_27c_3.63v_band3,2.48663e-07,2.07988e-07,1.77199e-07,1.53533e-07,1.34934e-07,1.20061e-07,1.07979e-07,16086000.0,19231900.0,22573500.0,26053100.0,29644100.0,33316300.0,37044400.0,9.10845e-05,0.000101921,0.000114012,0.000125944,0.000139426,0.000152136,0.000165748,3.75098,-0.120692,3.7675,-0.128192,10486333.333333336,10812500.0,11368666.666666664,11784333.333333332,12105333.333333336,12333833.333333332,12426999.999999989,10486333.333333336,12426999.999999989,11643555.555555554,0.6518919142940032,2.3028969290065895,PASS
typical,27.0,3.63,band4,typical_27c_3.63v_band4,1.46519e-07,1.22271e-07,1.03797e-07,8.97086e-08,7.86238e-08,6.97439e-08,6.24791e-08,27300300.0,32714300.0,38536800.0,44588800.0,50875200.0,57352700.0,64021400.0,0.000100645,0.000113891,0.00012685,0.000141543,0.000156276,0.000170973,0.000185661,3.74379,-0.11439,3.78993,-0.1804,18046666.66666667,18727500.0,19790833.333333332,20563999.999999996,21273166.66666667,21910333.33333333,22228999.99999998,18046666.66666667,22228999.99999998,20400611.11111111,0.6610427968435025,2.3450804569913153,PASS
typical,27.0,3.63,band5,typical_27c_3.63v_band5,8.94694e-08,7.42917e-08,6.27604e-08,5.39356e-08,4.70732e-08,4.15634e-08,3.70954e-08,44708000.0,53841800.0,63734400.0,74162500.0,84974100.0,96238400.0,107830000.0,0.000134409,0.000154328,0.000176088,0.000196479,0.000218887,0.000240269,0.000263017,3.74172,-0.124338,3.75408,-0.155216,30446000.000000007,31710666.666666668,33867833.33333333,35399499.99999999,36793166.66666667,38093166.666666664,38638666.666666634,30446000.000000007,38638666.666666634,35067777.777777776,0.6809966896304913,2.4118725955086338,PASS
typical,27.0,3.63,band6,typical_27c_3.63v_band6,5.1887e-08,4.27917e-08,3.59203e-08,3.06759e-08,2.65931e-08,2.3359e-08,2.07427e-08,77090600.0,93476100.0,111358000.0,130396000.0,150415000.0,171241000.0,192839000.0,0.000188675,0.000218439,0.000249299,0.00028259,0.000314771,0.000348373,0.000382711,3.65295,-0.0951001,3.71998,-0.1603,54618333.33333334,57112333.333333336,61533166.66666666,65094999.99999999,68075000.00000001,70706666.66666666,71993333.33333327,54618333.33333334,71993333.33333327,64304666.66666666,0.708495372111948,2.5014593218887904,PASS
typical,27.0,3.63,band7,typical_27c_3.63v_band7,3.05889e-08,2.50132e-08,2.08308e-08,1.76825e-08,1.5271e-08,1.33877e-08,1.18901e-08,130766000.0,159916000.0,192023000.0,226213000.0,261935000.0,298781000.0,336414000.0,0.000274706,0.000323986,0.000372451,0.000422646,0.000476481,0.000529208,0.000582264,3.66134,-0.0321697,3.67829,-0.044174,97166666.66666669,102095000.0,110494999.99999999,116519999.99999999,120946666.66666669,124131666.66666664,125443333.33333322,97166666.66666669,125443333.33333322,114248888.88888887,0.7430575735792689,2.572641206429806,PASS
typical,125.0,2.97,band0,typical_125c_2.97v_band0,8.27644e-07,6.93739e-07,5.91807e-07,5.14071e-07,4.53208e-07,4.03868e-07,3.6373e-07,4833000.0,5765860.0,6758960.0,7781030.0,8825970.0,9904220.0,10997200.0,5.98671e-05,6.47595e-05,7.0441e-05,7.6375e-05,8.15697e-05,8.7485e-05,9.34366e-05,3.04287,-0.0525128,3.05972,-0.0773061,3109533.333333334,3209933.3333333335,3358616.666666666,3445016.666666666,3538650.000000001,3618716.666666666,3643266.6666666633,3109533.333333334,3643266.6666666633,3424555.555555555,0.6433960962825024,2.2754396854955514,PASS
typical,125.0,2.97,band1,typical_125c_2.97v_band1,5.0603e-07,4.23383e-07,3.60929e-07,3.12974e-07,2.75028e-07,2.4473e-07,2.20141e-07,7904670.0,9447710.0,11082500.0,12780600.0,14544000.0,16344500.0,18170200.0,7.06013e-05,7.6694e-05,8.43287e-05,9.19256e-05,0.000100043,0.00010838,0.000116231,3.04591,-0.0755809,3.07537,-0.0940513,5143466.666666668,5296383.333333334,5554816.666666666,5769166.666666666,5939833.333333335,6043666.666666666,6085666.666666661,5143466.666666668,6085666.666666661,5703072.222222221,0.650687083289583,2.298666484495874,PASS
typical,125.0,2.97,band2,typical_125c_2.97v_band2,3.03316e-07,2.53127e-07,2.14868e-07,1.85644e-07,1.62709e-07,1.44362e-07,1.29345e-07,13187600.0,15802300.0,18616000.0,21546600.0,24583700.0,27708100.0,30925100.0,7.75669e-05,8.63152e-05,9.54214e-05,0.000104687,0.000113683,0.000123368,0.00013359,3.06713,-0.108901,3.09008,-0.126909,8715666.666666668,9047333.333333334,9573833.333333332,9946166.666666666,10269166.66666667,10568999.999999998,10723333.333333325,8715666.666666668,10723333.333333325,9854166.666666666,0.66089862193778,2.345013497527981,PASS
typical,125.0,2.97,band3,typical_125c_2.97v_band3,1.82568e-07,1.51697e-07,1.28333e-07,1.10428e-07,9.64491e-08,8.52403e-08,7.61171e-08,21909700.0,26368300.0,31168900.0,36222800.0,41472700.0,46926100.0,52550600.0,9.83383e-05,0.000110393,0.000123937,0.00013676,0.000150953,0.00016498,0.000179306,3.06824,-0.0879658,3.11272,-0.162449,14862000.000000004,15432000.0,16424166.666666664,17172999.999999996,17838833.333333336,18463166.666666664,18748333.333333317,14862000.000000004,18748333.333333317,17022722.22222222,0.6783296895895427,2.3985084232098113,PASS
typical,125.0,2.97,band4,typical_125c_2.97v_band4,1.02935e-07,8.51706e-08,7.17313e-08,6.14512e-08,5.34616e-08,4.7065e-08,4.18481e-08,38859400.0,46964600.0,55763700.0,65092300.0,74820000.0,84988900.0,95583800.0,0.000109842,0.000124173,0.000138413,0.000154392,0.000170681,0.000186371,0.000203028,3.00664,-0.104842,3.09703,-0.146156,27017333.33333334,28173833.333333336,30212833.33333333,31760499.999999996,33161000.000000007,34606333.33333333,35316333.3333333,27017333.33333334,35316333.3333333,31513555.555555552,0.6952586332607642,2.4597343242561647,PASS
typical,125.0,2.97,band5,typical_125c_2.97v_band5,6.03908e-08,4.96193e-08,4.15148e-08,3.53716e-08,3.06293e-08,2.6889e-08,2.39009e-08,66235200.0,80613800.0,96351300.0,113085000.0,130594000.0,148760000.0,167358000.0,0.000148686,0.000170675,0.00019339,0.000217699,0.000242058,0.000266726,0.00029154,2.99304,-0.0566598,3.00989,-0.104745,47928666.66666668,50193500.0,54118666.66666666,57071166.66666666,59458333.33333334,61273333.33333332,61993333.333333276,47928666.66666668,61993333.333333276,56179333.33333333,0.7236132247908466,2.5267229509384737,PASS
typical,125.0,2.97,band6,typical_125c_2.97v_band6,3.41667e-08,2.79065e-08,2.32913e-08,1.98644e-08,1.72651e-08,1.5253e-08,1.36614e-08,117073000.0,143336000.0,171738000.0,201365000.0,231681000.0,262243000.0,292796000.0,0.000206563,0.000240799,0.000274458,0.000309983,0.000346004,0.000380451,0.000416192,3.00088,-0.0307843,3.0165,-0.0416796,87543333.33333336,91108333.33333334,96714999.99999999,99904999.99999999,101463333.33333336,101858333.33333331,101843333.33333324,87543333.33333336,101858333.33333331,97623888.88888888,0.7477670627158556,2.5009694805804927,PASS
typical,125.0,2.97,band7,typical_125c_2.97v_band7,1.95096e-08,1.60516e-08,1.35524e-08,1.17247e-08,1.03535e-08,9.29958e-09,8.47237e-09,205027000.0,249196000.0,295151000.0,341161000.0,386341000.0,430127000.0,472123000.0,0.000306222,0.000356427,0.000410343,0.000459955,0.000511653,0.000563186,0.000614152,3.01168,-0.0393786,3.02745,-0.0492846,147230000.00000003,150206666.6666667,153274999.99999997,151983333.3333333,148276666.6666667,142969999.99999997,139986666.66666654,139986666.66666654,153274999.99999997,148386666.66666666,0.7181005428553314,2.302735737244363,PASS
typical,125.0,3.3,band0,typical_125c_3.30v_band0,9.12191e-07,7.67318e-07,6.56931e-07,5.72701e-07,5.05391e-07,4.51678e-07,4.0751e-07,4385040.0,5212960.0,6088920.0,6984440.0,7914660.0,8855870.0,9815700.0,6.45121e-05,7.00114e-05,7.54355e-05,8.1193e-05,8.63873e-05,9.1928e-05,9.937e-05,3.35715,-0.061114,3.38965,-0.0695317,2759733.333333334,2839800.0,2952466.666666666,3042899.9999999995,3119050.0000000005,3168399.9999999995,3199433.3333333307,2759733.333333334,3199433.3333333307,3017033.333333333,0.6293519177324115,2.2384516446828306,PASS
typical,125.0,3.3,band1,typical_125c_3.30v_band1,5.62478e-07,4.72759e-07,4.04268e-07,3.51391e-07,3.10109e-07,2.76612e-07,2.49518e-07,7111390.0,8460980.0,9894440.0,11383300.0,12898700.0,14460700.0,16030900.0,7.51204e-05,8.19884e-05,8.9679e-05,9.69245e-05,0.000105952,0.000113516,0.000121879,3.38258,-0.0749163,3.4118,-0.101719,4498633.333333334,4638416.666666667,4870533.333333333,5007099.999999999,5129000.000000001,5220333.333333333,5233999.999999995,4498633.333333334,5233999.999999995,4955283.333333333,0.6325955028951209,2.254256903362071,PASS
typical,125.0,3.3,band2,typical_125c_3.30v_band2,3.39219e-07,2.84286e-07,2.4256e-07,2.10231e-07,1.85157e-07,1.64725e-07,1.47948e-07,11791800.0,14070300.0,16490800.0,19026700.0,21603300.0,24282900.0,27036500.0,8.36435e-05,9.19095e-05,0.000101267,0.00011019,0.000120035,0.000130955,0.000139539,3.39776,-0.104676,3.41714,-0.126301,7595000.000000002,7831666.666666667,8260666.666666665,8520833.333333332,8760333.333333336,9055333.333333332,9178666.666666659,7595000.000000002,9178666.666666659,8469277.777777776,0.644091656914127,2.292822130633152,PASS
typical,125.0,3.3,band3,typical_125c_3.30v_band3,2.06527e-07,1.72511e-07,1.46584e-07,1.26674e-07,1.11116e-07,9.85652e-08,8.83421e-08,19367900.0,23186900.0,27288000.0,31577000.0,35998300.0,40582300.0,45278500.0,0.000103976,0.000116463,0.000129801,0.000144386,0.000157489,0.00017265,0.000186759,3.39748,-0.0998924,3.41828,-0.133365,12730000.000000004,13200166.666666668,13983499.999999998,14517166.666666664,15008833.333333336,15466999.999999998,15653999.999999987,12730000.000000004,15653999.999999987,14394777.777777776,0.657273116858307,2.3378115335167986,PASS
typical,125.0,3.3,band4,typical_125c_3.30v_band4,1.17459e-07,9.77718e-08,8.27945e-08,7.13393e-08,6.23168e-08,5.50941e-08,4.91722e-08,34054500.0,40911600.0,48312400.0,56070100.0,64188100.0,72603100.0,81346800.0,0.0001166,0.000131452,0.000145838,0.000162037,0.00017819,0.000194977,0.000212023,3.42952,-0.148312,3.45368,-0.180773,22857000.000000004,23763166.666666668,25264166.666666664,26459499.999999996,27555000.000000007,28597833.33333333,29145666.66666664,22857000.000000004,29145666.66666664,26273499.999999996,0.6711888296700877,2.388723957186275,PASS
typical,125.0,3.3,band5,typical_125c_3.30v_band5,6.99634e-08,5.78645e-08,4.87015e-08,4.16894e-08,3.61854e-08,3.18281e-08,2.82905e-08,57172800.0,69127000.0,82133000.0,95947600.0,110542000.0,125675000.0,141390000.0,0.000156129,0.000178556,0.000202608,0.000226813,0.000250626,0.000276907,0.000301773,3.31685,-0.0822297,3.38338,-0.105007,39847333.33333334,41600333.333333336,44700999.99999999,47348333.33333333,49545666.66666668,51413333.33333333,52383333.33333328,39847333.33333334,52383333.33333328,46787333.33333333,0.6969631246560137,2.4730291327344474,PASS
typical,125.0,3.3,band6,typical_125c_3.30v_band6,4.00496e-08,3.2835e-08,2.74248e-08,2.33445e-08,2.02106e-08,1.77582e-08,1.5805e-08,99876200.0,121821000.0,145853000.0,171347000.0,197916000.0,225248000.0,253085000.0,0.000215838,0.000251087,0.000285604,0.000322318,0.000359657,0.00039684,0.000433973,3.32391,-0.0260945,3.33827,-0.0376124,73149333.33333334,76628000.0,82543333.33333333,86771666.66666666,89835000.00000001,91948333.33333331,92789999.99999991,73149333.33333334,92789999.99999991,85115999.99999999,0.732400044588534,2.533987076000088,PASS
typical,125.0,3.3,band7,typical_125c_3.30v_band7,2.28617e-08,1.86983e-08,1.56484e-08,1.33962e-08,1.16988e-08,1.03917e-08,9.36252e-09,174965000.0,213923000.0,255617000.0,298592000.0,341915000.0,384923000.0,427235000.0,0.000318476,0.000373286,0.000426704,0.000483383,0.000537265,0.000592854,0.000647062,3.33379,-0.035473,3.35127,-0.0474776,129860000.00000003,134420000.0,141114999.99999997,143829999.99999997,143885000.00000003,142199999.99999997,141039999.99999988,129860000.00000003,143885000.00000003,140149999.99999997,0.7422055839739378,2.4418312233875348,PASS
typical,125.0,3.63,band0,typical_125c_3.63v_band0,9.79486e-07,8.28089e-07,7.12178e-07,6.21633e-07,5.50923e-07,4.93531e-07,4.45956e-07,4083780.0,4830400.0,5616570.0,6434670.0,7260540.0,8104850.0,8969500.0,6.95524e-05,7.39919e-05,7.96004e-05,8.64093e-05,9.19932e-05,9.81303e-05,0.000104235,3.70933,-0.0528789,3.71513,-0.0676104,2488733.333333334,2554650.0,2673783.333333333,2739949.9999999995,2783633.333333334,2848266.666666666,2882166.666666664,2488733.333333334,2882166.666666664,2714288.8888888885,0.6094190513037759,2.1963719886967468,PASS
typical,125.0,3.63,band1,typical_125c_3.63v_band1,6.09704e-07,5.14806e-07,4.4179e-07,3.85429e-07,3.41008e-07,3.04587e-07,2.75659e-07,6560560.0,7769920.0,9054080.0,10378000.0,11729900.0,13132500.0,14510700.0,8.01519e-05,8.72258e-05,9.51681e-05,0.000102858,0.000110572,0.000120193,0.000128257,3.71079,-0.0698883,3.74351,-0.101454,4031200.000000001,4155866.666666667,4346799.999999999,4459699.999999999,4590833.333333334,4634666.666666666,4593999.999999996,4031200.000000001,4634666.666666666,4416744.444444444,0.6144597412416015,2.211808138329655,PASS
typical,125.0,3.63,band2,typical_125c_3.63v_band2,3.69793e-07,3.11331e-07,2.66559e-07,2.32018e-07,2.04734e-07,1.82758e-07,1.6465e-07,10816900.0,12848100.0,15006100.0,17240000.0,19537600.0,21886900.0,24293900.0,8.85341e-05,9.7432e-05,0.000107164,0.000116433,0.000127192,0.000136378,0.000147745,3.72497,-0.0948291,3.75759,-0.12561,6770666.666666668,6982000.0,7319833.333333332,7552499.999999999,7744833.333333335,7927166.666666665,8023333.3333333265,6770666.666666668,8023333.3333333265,7487222.222222221,0.625934109279615,2.245920735145929,PASS
typical,125.0,3.63,band3,typical_125c_3.63v_band3,2.27308e-07,1.90763e-07,1.62876e-07,1.41279e-07,1.24365e-07,1.10675e-07,9.95366e-08,17597300.0,20968400.0,24558600.0,28312800.0,32163400.0,36141900.0,40186200.0,0.000111163,0.00012319,0.000136952,0.000151349,0.000165353,0.000180631,0.000194688,3.73917,-0.121521,3.75287,-0.133608,11237000.000000002,11602166.666666668,12240666.666666664,12674666.666666664,13048500.000000004,13371333.333333332,13480999.999999989,11237000.000000002,13480999.999999989,12549388.888888886,0.6385638705937844,2.2836571519494466,PASS
typical,125.0,3.63,band4,typical_125c_3.63v_band4,1.2995e-07,1.08799e-07,9.26329e-08,8.01166e-08,7.02724e-08,6.23163e-08,5.5873e-08,30781000.0,36765100.0,43181200.0,49927200.0,56921400.0,64188700.0,71591000.0,0.000123234,0.000138322,0.000154403,0.000171444,0.000187084,0.000204047,0.00022099,3.73194,-0.129289,3.79686,-0.182632,19947000.000000004,20667000.0,21936833.33333333,22900333.33333333,23769166.66666667,24449333.33333333,24674333.33333331,19947000.000000004,24674333.33333331,22672222.22222222,0.648029628667035,2.3258178746629414,PASS
typical,125.0,3.63,band5,typical_125c_3.63v_band5,7.84255e-08,6.52698e-08,5.5233e-08,4.75288e-08,4.14459e-08,3.65733e-08,3.26109e-08,51003800.0,61284100.0,72420500.0,84159500.0,96511300.0,109369000.0,122658000.0,0.000165648,0.000187876,0.000211792,0.000236724,0.000261656,0.000286274,0.000313382,3.64742,-0.106487,3.7504,-0.179584,34267666.66666667,35694500.0,38125666.666666664,40151333.33333333,42015833.33333334,43577833.33333333,44296666.66666663,34267666.66666667,44296666.66666663,39807888.88888888,0.6718649721524018,2.4048796364192473,PASS
typical,125.0,3.63,band6,typical_125c_3.63v_band6,4.54083e-08,3.74639e-08,3.14426e-08,2.68418e-08,2.32603e-08,2.04253e-08,1.81484e-08,88089600.0,106769000.0,127216000.0,149021000.0,171967000.0,195836000.0,220405000.0,0.000227269,0.000261348,0.000298334,0.000334415,0.000372294,0.000410541,0.000448777,3.64881,-0.0478885,3.66068,-0.0799995,62264666.66666668,65210666.66666667,70419999.99999999,74584999.99999999,78025000.00000001,80729999.99999999,81896666.6666666,62264666.66666668,81896666.6666666,73508555.55555554,0.7068333454422165,2.502054726097065,PASS
typical,125.0,3.63,band7,typical_125c_3.63v_band7,2.62161e-08,2.1463e-08,1.79301e-08,1.5283e-08,1.32699e-08,1.17045e-08,1.04672e-08,152578000.0,186367000.0,223089000.0,261728000.0,301435000.0,341748000.0,382146000.0,0.000333006,0.000386229,0.000443855,0.000501867,0.000557898,0.000615887,0.000674399,3.65676,-0.0309867,3.67372,-0.0441492,112630000.00000003,117518333.33333334,125601666.66666664,130576666.66666664,133366666.6666667,134518333.3333333,134659999.99999988,112630000.00000003,134659999.99999988,127537777.77777776,0.7381798162251441,2.504594371403479,PASS
ff,-40.0,2.97,band0,ff_-40c_2.97v_band0,9.88661e-07,8.15744e-07,6.90188e-07,5.95805e-07,5.22535e-07,4.64847e-07,4.18668e-07,4045880.0,4903500.0,5795520.0,6713610.0,7654990.0,8604980.0,9554110.0,4.20484e-05,4.54367e-05,5.14042e-05,5.61831e-05,6.12177e-05,6.52195e-05,7.05388e-05,3.01408,-0.0334543,3.02299,-0.0675978,2858733.333333334,2916066.666666667,3016849.9999999995,3099116.666666666,3152283.333333334,3165199.9999999995,3163766.6666666637,2858733.333333334,3165199.9999999995,3060127.7777777775,0.7065788736525389,2.361441762978635,PASS
ff,-40.0,2.97,band1,ff_-40c_2.97v_band1,6.14834e-07,5.07199e-07,4.27898e-07,3.68811e-07,3.23724e-07,2.8739e-07,2.58101e-07,6505820.0,7886450.0,9348030.0,10845700.0,12356200.0,13918400.0,15497800.0,4.94171e-05,5.57345e-05,6.16703e-05,6.71592e-05,7.36504e-05,8.09494e-05,8.65483e-05,3.02703,-0.0514356,3.06023,-0.0760115,4602100.000000001,4737016.666666667,4932083.333333333,5013616.666666666,5121166.666666668,5235999.999999999,5264666.666666662,4602100.000000001,5264666.666666662,4995544.444444444,0.7073820056503255,2.3821439879984383,PASS
ff,-40.0,2.97,band2,ff_-40c_2.97v_band2,3.65459e-07,3.01024e-07,2.54112e-07,2.18621e-07,1.91577e-07,1.69959e-07,1.52512e-07,10945100.0,13288000.0,15741100.0,18296500.0,20879300.0,23535100.0,26227500.0,5.63692e-05,6.36234e-05,7.13499e-05,7.84292e-05,8.65454e-05,9.44445e-05,0.000102319,3.04844,-0.0853919,3.06756,-0.0933366,7809666.666666669,7993333.333333334,8347499.999999999,8563666.666666666,8731000.000000002,8913666.666666666,8974666.666666659,7809666.666666669,8974666.666666659,8490222.22222222,0.7135308646487166,2.3962777864067024,PASS
ff,-40.0,2.97,band3,ff_-40c_2.97v_band3,2.25866e-07,1.85633e-07,1.56106e-07,1.33971e-07,1.17038e-07,1.03543e-07,9.27666e-08,17709600.0,21547800.0,25623600.0,29857300.0,34177000.0,38631500.0,43119000.0,7.14518e-05,8.18453e-05,9.40071e-05,0.000103858,0.000115407,0.000127219,0.000138715,3.05666,-0.0967139,3.07822,-0.110358,12794000.000000004,13190000.0,13849166.666666664,14255666.666666664,14623666.66666667,14903333.33333333,14958333.33333332,12794000.000000004,14958333.33333332,14116333.333333332,0.7224330306726298,2.434781135655238,PASS
ff,-40.0,2.97,band4,ff_-40c_2.97v_band4,1.36064e-07,1.11294e-07,9.33258e-08,7.98423e-08,6.94984e-08,6.1319e-08,5.47288e-08,29397900.0,35941000.0,42860600.0,50098700.0,57555300.0,65232700.0,73087700.0,7.82277e-05,9.03323e-05,0.000102908,0.000115914,0.000127618,0.000142685,0.000155433,3.05973,-0.0990045,3.1033,-0.147366,21810333.33333334,22437833.333333336,23596166.666666664,24491166.666666664,25223333.33333334,25887333.33333333,26183333.33333331,21810333.33333334,26183333.33333331,24272111.11111111,0.7419010654956082,2.4861537728885397,PASS
ff,-40.0,2.97,band5,ff_-40c_2.97v_band5,8.26417e-08,6.72734e-08,5.60853e-08,4.77503e-08,4.13736e-08,3.63595e-08,3.22821e-08,48401700.0,59458900.0,71319900.0,83769100.0,96680000.0,110013000.0,123908000.0,0.000105593,0.000123856,0.000142943,0.00016291,0.000181244,0.000201613,0.00022108,3.06088,-0.104987,3.07606,-0.130875,36857333.33333334,38197000.0,40516999.99999999,42266833.33333333,43739833.33333334,45379999.99999999,46316666.66666663,36857333.33333334,46316666.66666663,41947944.44444444,0.7614884050215869,2.5599927275281655,PASS
ff,-40.0,2.97,band6,ff_-40c_2.97v_band6,4.72522e-08,3.82333e-08,3.16945e-08,2.68448e-08,2.31322e-08,2.02346e-08,1.7909e-08,84652200.0,104621000.0,126205000.0,149005000.0,172919000.0,197681000.0,223352000.0,0.000150923,0.000178292,0.000206607,0.000235344,0.000265937,0.000295101,0.000325959,2.99907,-0.0710176,3.01201,-0.0991749,66562666.66666668,69254666.66666667,73973333.33333333,77856666.66666666,81126666.66666669,84054999.99999999,85569999.99999993,66562666.66666668,85569999.99999993,77055444.44444443,0.7863075816891549,2.6384665726348517,PASS
ff,-40.0,2.97,band7,ff_-40c_2.97v_band7,2.78411e-08,2.23408e-08,1.83894e-08,1.54932e-08,1.33133e-08,1.16348e-08,1.03127e-08,143672000.0,179045000.0,217517000.0,258177000.0,300452000.0,343798000.0,387872000.0,0.000224263,0.000265273,0.000312158,0.000359128,0.000404959,0.000450564,0.000499529,3.00257,-0.0369123,3.01764,-0.0410862,117910000.00000003,123075000.0,131886666.66666664,138224999.99999997,142701666.6666667,145699999.99999997,146913333.3333332,117910000.00000003,146913333.3333332,135666666.66666666,0.8206887911353641,2.699704883345398,PASS
ff,-40.0,3.3,band0,ff_-40c_3.30v_band0,1.07109e-06,8.87263e-07,7.5365e-07,6.5226e-07,5.74069e-07,5.11629e-07,4.62247e-07,3734510.0,4508250.0,5307500.0,6132520.0,6967800.0,7818160.0,8653380.0,4.75307e-05,5.1971e-05,5.76099e-05,6.32928e-05,6.6691e-05,7.17051e-05,7.76769e-05,3.33866,-0.0349969,3.36946,-0.0588334,2579133.333333334,2621650.0,2707116.666666666,2767166.666666666,2809400.0000000005,2809299.9999999995,2784066.666666664,2579133.333333334,2809400.0000000005,2732705.555555555,0.6906216165797746,2.3171393301932515,PASS
ff,-40.0,3.3,band1,ff_-40c_3.30v_band1,6.7165e-07,5.55906e-07,4.71558e-07,4.07993e-07,3.58826e-07,3.20038e-07,2.8798e-07,5955480.0,7195460.0,8482520.0,9804090.0,11147400.0,12498500.0,13889900.0,5.74162e-05,6.37311e-05,6.79384e-05,7.4975e-05,8.16068e-05,8.82542e-05,9.44557e-05,3.36434,-0.0563424,3.37398,-0.0776934,4133266.6666666674,4211733.333333334,4347716.666666666,4441466.666666666,4490683.333333334,4570833.333333333,4637999.999999996,4133266.6666666674,4637999.999999996,4408011.11111111,0.6940274615424227,2.332288917098202,PASS
ff,-40.0,3.3,band2,ff_-40c_3.30v_band2,4.01123e-07,3.32102e-07,2.8144e-07,2.43194e-07,2.1366e-07,1.9024e-07,1.71347e-07,9972000.0,12044500.0,14212600.0,16447800.0,18721300.0,21026100.0,23344400.0,6.22026e-05,7.05404e-05,7.86908e-05,8.71654e-05,9.48749e-05,0.000102125,0.000110658,3.37251,-0.0654492,3.40296,-0.103873,6908333.333333335,7067666.666666667,7338833.333333332,7514499.999999999,7630500.000000002,7705166.666666665,7727666.6666666595,6908333.333333335,7727666.6666666595,7429111.11111111,0.6927730980077552,2.3409947853991175,PASS
ff,-40.0,3.3,band3,ff_-40c_3.30v_band3,2.50659e-07,2.07103e-07,1.74909e-07,1.50793e-07,1.32263e-07,1.17371e-07,1.05528e-07,15957900.0,19314000.0,22869000.0,26526400.0,30242800.0,34080100.0,37904600.0,7.9661e-05,9.07038e-05,0.000101236,0.000112403,0.000125988,0.00013749,0.000147178,3.39776,-0.0816072,3.40871,-0.105555,11187000.000000002,11518500.0,12020666.666666664,12289666.666666664,12589500.000000004,12769666.666666664,12748333.333333323,11187000.000000002,12769666.666666664,12192611.11111111,0.7010320906886246,2.3752874751690385,PASS
ff,-40.0,3.3,band4,ff_-40c_3.30v_band4,1.51665e-07,1.24888e-07,1.0524e-07,9.04979e-08,7.91122e-08,7.00841e-08,6.27628e-08,26373800.0,32028800.0,38008200.0,44199900.0,50561100.0,57074300.0,63732000.0,8.70777e-05,0.000100184,0.000112823,0.000125665,0.000138644,0.000152768,0.000166025,3.38614,-0.10461,3.44033,-0.152568,18850000.000000004,19390666.666666668,20285166.666666664,20921499.999999996,21457333.33333334,21951499.999999996,22192333.333333313,18850000.000000004,22192333.333333313,20754555.555555552,0.714724461397296,2.4164890914468145,PASS
ff,-40.0,3.3,band5,ff_-40c_3.30v_band5,9.33719e-08,7.65356e-08,6.42078e-08,5.49834e-08,4.78529e-08,4.22185e-08,3.76706e-08,42839400.0,52263300.0,62297700.0,72749200.0,83589500.0,94745300.0,106184000.0,0.00011608,0.000135272,0.000154245,0.000173646,0.000192585,0.000213651,0.000233972,3.41104,-0.11694,3.42114,-0.139369,31413000.000000007,32430500.0,34143166.666666664,35486333.33333333,36660166.66666667,37657499.99999999,38128999.99999996,31413000.000000007,38128999.99999996,35191444.44444444,0.7332735752601579,2.478652828937847,PASS
ff,-40.0,3.3,band6,ff_-40c_3.30v_band6,5.4005e-08,4.40125e-08,3.67374e-08,3.12908e-08,2.71089e-08,2.37903e-08,2.11277e-08,74067200.0,90883300.0,108881000.0,127833000.0,147553000.0,168136000.0,189325000.0,0.000161969,0.000190423,0.000220953,0.000248889,0.000280535,0.000310408,0.000343214,3.36545,-0.106793,3.42688,-0.168672,56053666.66666668,58023000.0,61582833.33333332,64453333.33333332,67171666.66666669,69619999.99999999,70629999.99999994,56053666.66666668,70629999.99999994,64032111.111111104,0.7567947305509953,2.556124708372937,PASS
ff,-40.0,3.3,band7,ff_-40c_3.30v_band7,3.23371e-08,2.61464e-08,2.16521e-08,1.83083e-08,1.57568e-08,1.37589e-08,1.2167e-08,123697000.0,152984000.0,184739000.0,218480000.0,253859000.0,290720000.0,328758000.0,0.000237779,0.000280199,0.000327618,0.000374249,0.000422995,0.000470008,0.000519575,3.32558,-0.0656402,3.33911,-0.0848136,97623333.33333336,101736666.66666667,109159999.99999999,115199999.99999999,120400000.00000003,124831666.66666664,126793333.33333322,97623333.33333336,126793333.33333322,113922777.77777776,0.7892134274342414,2.6577685796745274,PASS
ff,-40.0,3.63,band0,ff_-40c_3.63v_band0,1.12944e-06,9.40799e-07,8.01634e-07,6.96293e-07,6.14475e-07,5.50449e-07,4.97519e-07,3541570.0,4251710.0,4989810.0,5744710.0,6509620.0,7266800.0,8039900.0,5.90546e-05,6.1465e-05,6.56988e-05,7.14613e-05,7.54598e-05,8.03587e-05,8.43188e-05,3.6683,-0.029758,3.69825,-0.0622133,2367133.333333334,2413733.3333333335,2488333.333333333,2533016.6666666665,2536816.6666666674,2550466.6666666665,2576999.9999999977,2367133.333333334,2576999.9999999977,2499072.222222222,0.6683853018105907,2.270151373543372,PASS
ff,-40.0,3.63,band1,ff_-40c_3.63v_band1,7.15083e-07,5.94919e-07,5.06139e-07,4.39684e-07,3.87859e-07,3.46359e-07,3.12589e-07,5593760.0,6723600.0,7902970.0,9097450.0,10313000.0,11548700.0,12796400.0,6.53582e-05,7.05572e-05,7.77141e-05,8.29067e-05,8.82246e-05,9.68357e-05,0.000103325,3.68811,-0.0506216,3.7059,-0.058681,3766133.333333334,3848683.3333333335,3956416.666666666,4016716.666666666,4085416.6666666674,4138999.9999999995,4158999.9999999963,3766133.333333334,4158999.9999999963,4001466.666666666,0.6732740291562981,2.287620491404708,PASS
ff,-40.0,3.63,band2,ff_-40c_3.63v_band2,4.29216e-07,3.57145e-07,3.03894e-07,2.63624e-07,2.32199e-07,2.07468e-07,1.87126e-07,9319330.0,11199900.0,13162500.0,15173100.0,17226600.0,19280100.0,21375900.0,7.25006e-05,8.07217e-05,8.58548e-05,9.65883e-05,0.000103672,0.000111117,0.000122283,3.69975,-0.0643876,3.75233,-0.100819,6268566.666666668,6405283.333333334,6621999.999999999,6773499.999999999,6845000.000000002,6915499.999999999,6985999.9999999935,6268566.666666668,6985999.9999999935,6698094.444444443,0.6726413451038505,2.293716393775089,PASS
ff,-40.0,3.63,band3,ff_-40c_3.63v_band3,2.7065e-07,2.24617e-07,1.90692e-07,1.65145e-07,1.45244e-07,1.29517e-07,1.16459e-07,14779300.0,17808100.0,20976300.0,24221100.0,27539900.0,30884000.0,34346900.0,8.87739e-05,0.000100172,0.00011141,0.000123479,0.000133782,0.000146799,0.000159755,3.71206,-0.0878941,3.77706,-0.128692,10096000.000000002,10328333.333333334,10688333.333333332,10939333.333333332,11104833.333333336,11344999.999999998,11542999.999999989,10096000.000000002,11542999.999999989,10870888.888888888,0.683117603675411,2.3239869276623386,PASS
ff,-40.0,3.63,band4,ff_-40c_3.63v_band4,1.64103e-07,1.35865e-07,1.15112e-07,9.93857e-08,8.71989e-08,7.75856e-08,6.96846e-08,24375000.0,29441000.0,34748800.0,40247200.0,45872200.0,51555900.0,57401500.0,9.76836e-05,0.000110537,0.000124217,0.000137737,0.000151621,0.000164581,0.000177772,3.74058,-0.122441,3.77218,-0.137744,16886666.66666667,17289666.666666668,18010333.333333332,18538999.999999996,18847833.333333336,19215499.999999996,19485333.333333317,16886666.66666667,19485333.333333317,18348055.555555552,0.692786324786325,2.3549333333333333,PASS
ff,-40.0,3.63,band5,ff_-40c_3.63v_band5,1.02194e-07,8.42914e-08,7.10857e-08,6.11539e-08,5.3466e-08,4.7299e-08,4.23702e-08,39141300.0,47454400.0,56270100.0,65408700.0,74813900.0,84568300.0,94406000.0,0.000129412,0.000146607,0.00016562,0.000187416,0.000207657,0.000228233,0.000249657,3.74398,-0.106653,3.79358,-0.166242,27710333.33333334,28548000.0,29923833.33333333,30906333.33333333,31932666.666666675,32653499.999999996,32792333.333333306,27710333.33333334,32792333.333333306,30702611.11111111,0.7079563870728193,2.4119280657515207,PASS
ff,-40.0,3.63,band6,ff_-40c_3.63v_band6,5.96195e-08,4.89091e-08,4.10677e-08,3.51794e-08,3.06067e-08,2.69891e-08,2.40586e-08,67092100.0,81784400.0,97400300.0,113703000.0,130690000.0,148208000.0,166261000.0,0.000177929,0.0002047,0.000234553,0.000266348,0.000296869,0.0003277,0.000361229,3.75887,-0.167821,3.78449,-0.199271,48974333.33333334,50513666.66666667,53197666.66666666,55482833.33333333,57508333.33333334,59284999.99999999,60176666.66666661,48974333.33333334,60176666.66666661,55093833.33333333,0.7299567808033038,2.478100998478211,PASS
ff,-40.0,3.63,band7,ff_-40c_3.63v_band7,3.62121e-08,2.94951e-08,2.45826e-08,2.09042e-08,1.80686e-08,1.58324e-08,1.40319e-08,110460000.0,135616000.0,162717000.0,191349000.0,221379000.0,252647000.0,285065000.0,0.000254283,0.000299454,0.000344896,0.000393054,0.000442925,0.000492967,0.00054383,3.64928,-0.0743373,3.67408,-0.115035,83853333.33333336,87095000.0,92888333.33333331,97769999.99999999,102163333.33333336,106143333.33333331,108059999.99999991,83853333.33333336,108059999.99999991,97002777.77777776,0.7591284929687974,2.580707948578671,PASS
ff,27.0,2.97,band0,ff_27c_2.97v_band0,9.42968e-07,7.77769e-07,6.56963e-07,5.66957e-07,4.97779e-07,4.42634e-07,3.98212e-07,4241920.0,5142920.0,6088620.0,7055210.0,8035700.0,9036820.0,10044900.0,4.9179e-05,5.42356e-05,5.90653e-05,6.4299e-05,6.91689e-05,7.42724e-05,8.16187e-05,3.01776,-0.044699,3.0337,-0.0551918,3003333.333333334,3077833.3333333335,3187149.9999999995,3245133.333333333,3302683.333333334,3348666.666666666,3360266.6666666637,3003333.333333334,3360266.6666666637,3223877.7777777775,0.7080127237980287,2.3680078832226914,PASS
ff,27.0,2.97,band1,ff_27c_2.97v_band1,5.83275e-07,4.80638e-07,4.05979e-07,3.4957e-07,3.05881e-07,2.71648e-07,2.44492e-07,6857830.0,8322270.0,9852720.0,11442600.0,13077000.0,14724900.0,16360400.0,5.85634e-05,6.41499e-05,7.07475e-05,7.83354e-05,8.56361e-05,9.28165e-05,0.000100938,3.04411,-0.0600837,3.06112,-0.0673949,4881466.666666668,4991483.333333334,5200549.999999999,5373799.999999999,5470500.000000001,5472333.333333332,5451666.666666661,4881466.666666668,5472333.333333332,5279205.555555555,0.711809226339333,2.385652604395268,PASS
ff,27.0,2.97,band2,ff_27c_2.97v_band2,3.49602e-07,2.8746e-07,2.4224e-07,2.08494e-07,1.82161e-07,1.61607e-07,1.4463e-07,11441600.0,13915000.0,16512500.0,19185200.0,21958600.0,24751400.0,27656800.0,6.58846e-05,7.29553e-05,8.11521e-05,8.97548e-05,9.92486e-05,0.000107732,0.000116596,3.05787,-0.0798128,3.06369,-0.0941784,8244666.666666669,8451500.0,8783666.666666666,9076833.333333332,9277000.000000002,9496999.999999998,9684666.666666659,8244666.666666669,9684666.666666659,9008444.444444444,0.7205868643080223,2.4172143756118025,PASS
ff,27.0,2.97,band3,ff_27c_2.97v_band3,2.14487e-07,1.75838e-07,1.47685e-07,1.26573e-07,1.10363e-07,9.75911e-08,8.71921e-08,18649200.0,22748200.0,27084700.0,31602300.0,36244100.0,40987300.0,45875700.0,8.20942e-05,9.30251e-05,0.00010574,0.000118223,0.000131347,0.000144294,0.000157388,3.08658,-0.110363,3.09522,-0.126241,13663333.333333336,14059166.666666668,14756833.33333333,15265666.666666664,15641666.66666667,16052666.666666664,16294666.666666653,13663333.333333336,16294666.666666653,15125833.33333333,0.7326498366328494,2.459928576024709,PASS
ff,27.0,2.97,band4,ff_27c_2.97v_band4,1.25683e-07,1.02683e-07,8.59509e-08,7.33929e-08,6.38427e-08,5.62046e-08,5.00378e-08,31826100.0,38954700.0,46538200.0,54501200.0,62654000.0,71168600.0,79939600.0,9.12831e-05,0.000104707,0.000118771,0.000132141,0.000147499,0.000161725,0.000177238,3.07474,-0.100502,3.07944,-0.126411,23762000.000000004,24520166.666666668,25910833.33333333,26859666.666666664,27779000.000000007,28809333.33333333,29236666.66666664,23762000.000000004,29236666.66666664,26729722.222222216,0.7466199125874676,2.5117623585673394,PASS
ff,27.0,2.97,band5,ff_27c_2.97v_band5,7.56675e-08,6.14656e-08,5.11487e-08,4.34845e-08,3.75856e-08,3.29407e-08,2.91864e-08,52862900.0,65077100.0,78203400.0,91986900.0,106424000.0,121430000.0,137050000.0,0.000123254,0.000143694,0.000164775,0.000186917,0.000208179,0.000230994,0.000254176,3.06102,-0.0969771,3.09193,-0.156875,40714000.00000001,42234166.66666667,44849666.66666666,47034333.33333333,49071833.33333334,51043333.33333333,52066666.66666662,40714000.00000001,52066666.66666662,46770611.111111104,0.7701809775854145,2.592555459499952,PASS
ff,27.0,2.97,band6,ff_27c_2.97v_band6,4.34645e-08,3.50214e-08,2.89294e-08,2.44205e-08,2.09914e-08,1.83167e-08,1.6197e-08,92029200.0,114216000.0,138268000.0,163797000.0,190554000.0,218381000.0,246959000.0,0.000172212,0.000202983,0.000236493,0.000268578,0.000301214,0.000336858,0.000370409,2.99133,-0.0465308,3.00557,-0.0665339,73956000.00000001,77064666.66666667,82634999.99999999,87143333.33333331,90973333.33333336,94008333.33333331,95259999.99999991,73956000.00000001,95259999.99999991,86072111.1111111,0.8036145049614689,2.6834852416406965,PASS
ff,27.0,2.97,band7,ff_27c_2.97v_band7,2.52235e-08,2.0158e-08,1.65623e-08,1.39525e-08,1.20052e-08,1.0517e-08,9.35477e-09,158582000.0,198433000.0,241512000.0,286688000.0,333190000.0,380338000.0,427589000.0,0.000253448,0.000304322,0.000354225,0.000406246,0.000459291,0.000510071,0.000562447,2.99977,-0.0291831,3.01584,-0.0406016,132836666.6666667,138216666.6666667,147091666.66666666,152796666.66666666,156083333.33333337,157331666.66666666,157503333.3333332,132836666.6666667,157503333.3333332,149448333.3333333,0.8376528651843633,2.6963274520437377,PASS
ff,27.0,3.3,band0,ff_27c_3.30v_band0,1.02475e-06,8.48178e-07,7.20387e-07,6.23201e-07,5.48163e-07,4.89007e-07,4.41072e-07,3903380.0,4715990.0,5552570.0,6418470.0,7297100.0,8179850.0,9068810.0,5.4385e-05,5.96685e-05,6.44412e-05,7.1092e-05,7.52399e-05,8.23333e-05,8.7192e-05,3.34777,-0.0378647,3.35318,-0.0663463,2708700.0000000005,2748650.0,2837466.666666666,2907549.9999999995,2935633.333333334,2952849.9999999995,2963199.999999997,2708700.0000000005,2963199.999999997,2869683.333333333,0.6939370494289565,2.3233223513980192,PASS
ff,27.0,3.3,band1,ff_27c_3.30v_band1,6.39044e-07,5.29002e-07,4.48552e-07,3.87488e-07,3.40526e-07,3.02851e-07,2.72852e-07,6259350.0,7561410.0,8917570.0,10322900.0,11746500.0,13207800.0,14660000.0,6.55659e-05,7.06857e-05,7.78951e-05,8.5089e-05,9.27943e-05,9.87095e-05,0.000107618,3.36665,-0.0538458,3.38835,-0.0937773,4340200.000000001,4430366.666666667,4602483.333333333,4714883.333333333,4808166.666666668,4855833.333333333,4840666.666666662,4340200.000000001,4855833.333333333,4667027.777777777,0.6933946815563918,2.342096224048823,PASS
ff,27.0,3.3,band2,ff_27c_3.30v_band2,3.85096e-07,3.18289e-07,2.69097e-07,2.32226e-07,2.04063e-07,1.8108e-07,1.63031e-07,10387000.0,12567200.0,14864600.0,17224600.0,19601800.0,22089700.0,24535200.0,7.12286e-05,8.04441e-05,8.84937e-05,9.76263e-05,0.000106375,0.000115503,0.000125404,3.38712,-0.0713396,3.3951,-0.0942048,7267333.333333335,7462666.666666667,7762333.333333332,7895333.333333332,8108500.000000002,8222333.333333332,8151666.6666666595,7267333.333333335,8222333.333333332,7860111.11111111,0.699656622059626,2.3621064792529123,PASS
ff,27.0,3.3,band3,ff_27c_3.30v_band3,2.38599e-07,1.96586e-07,1.65825e-07,1.42718e-07,1.24943e-07,1.10768e-07,9.94213e-08,16764600.0,20347300.0,24121800.0,28027400.0,32014500.0,36111400.0,40232800.0,8.95189e-05,0.000101939,0.000114284,0.000126287,0.000139672,0.000153285,0.000166566,3.39676,-0.0975689,3.41655,-0.11598,11942333.333333336,12262000.0,12800166.666666664,13154499.999999998,13473333.333333336,13697166.666666664,13737999.999999987,11942333.333333336,13737999.999999987,13037888.888888886,0.7123542066815394,2.3998663851210287,PASS
ff,27.0,3.3,band4,ff_27c_3.30v_band4,1.40563e-07,1.15499e-07,9.71754e-08,8.34123e-08,7.27958e-08,6.44077e-08,5.75509e-08,28457000.0,34632200.0,41162700.0,47954500.0,54948300.0,62104400.0,69503700.0,9.90045e-05,0.000112855,0.000126214,0.00014247,0.000156605,0.000171515,0.000187232,3.40551,-0.100518,3.41174,-0.133393,20584000.000000004,21176166.666666668,22203833.33333333,22975999.999999996,23583166.66666667,24258999.999999996,24664333.33333331,20584000.000000004,24664333.33333331,22803722.22222222,0.7233369645429948,2.4424113574867343,PASS
ff,27.0,3.3,band5,ff_27c_3.30v_band5,8.57162e-08,7.00619e-08,5.86818e-08,5.01318e-08,4.35112e-08,3.83207e-08,3.40917e-08,46665600.0,57092300.0,68164200.0,79789600.0,91930400.0,104382000.0,117331000.0,0.000131751,0.000153326,0.000174762,0.00019678,0.000220179,0.00024177,0.000266171,3.38372,-0.061131,3.44917,-0.177081,34755666.66666667,35831000.0,37828833.33333333,39610333.33333333,40987333.33333334,42334333.33333333,43163333.3333333,34755666.66666667,43163333.3333333,39258555.55555555,0.7447813092870695,2.514293183844202,PASS
ff,27.0,3.3,band6,ff_27c_3.30v_band6,4.97753e-08,4.04082e-08,3.35979e-08,2.85149e-08,2.46125e-08,2.15325e-08,1.90662e-08,80361200.0,98989800.0,119055000.0,140278000.0,162519000.0,185765000.0,209795000.0,0.000182819,0.000214666,0.000248557,0.000281826,0.000314977,0.000350305,0.000385346,3.31557,-0.0537298,3.33029,-0.102952,62095333.33333335,64489666.66666667,68813666.66666666,72439999.99999999,75811666.66666669,78793333.33333333,80099999.99999993,62095333.33333335,80099999.99999993,71907666.66666666,0.7727029130144069,2.6106504133835733,PASS
ff,27.0,3.3,band7,ff_27c_3.30v_band7,2.93518e-08,2.36087e-08,1.94617e-08,1.64009e-08,1.40856e-08,1.22919e-08,1.08752e-08,136278000.0,169429000.0,205532000.0,243889000.0,283977000.0,325417000.0,367810000.0,0.00026863,0.000318229,0.000372074,0.000423713,0.000475738,0.00053259,0.000587085,3.32251,-0.0244123,3.33847,-0.0368989,110503333.33333336,115423333.33333334,124099999.99999999,130741666.66666664,135880000.00000003,139721666.66666666,141309999.99999988,110503333.33333336,141309999.99999988,128628888.88888887,0.8108670022551943,2.698968285416575,PASS
ff,27.0,3.63,band0,ff_27c_3.63v_band0,1.08324e-06,9.0175e-07,7.67894e-07,6.67259e-07,5.89296e-07,5.26851e-07,4.75969e-07,3692620.0,4435820.0,5209050.0,5994670.0,6787770.0,7592270.0,8403910.0,6.41698e-05,6.8349e-05,7.35169e-05,7.66279e-05,8.35516e-05,8.8829e-05,9.44511e-05,3.67255,-0.0409614,3.70703,-0.0483976,2477333.333333334,2527383.3333333335,2598083.333333333,2631199.9999999995,2662666.6666666674,2693566.666666666,2705466.666666664,2477333.333333334,2705466.666666664,2617383.333333333,0.6708876985266109,2.2758664579620973,PASS
ff,27.0,3.63,band1,ff_27c_3.63v_band1,6.82137e-07,5.6738e-07,4.82966e-07,4.18986e-07,3.68855e-07,3.29452e-07,2.96979e-07,5863920.0,7049950.0,8282150.0,9546850.0,10844400.0,12141400.0,13468900.0,7.10237e-05,7.8719e-05,8.53354e-05,9.23109e-05,9.99497e-05,0.000109365,0.00011539,3.70057,-0.0557678,3.70773,-0.0781186,3953433.3333333344,4030383.3333333335,4161499.9999999995,4270416.666666666,4324250.000000001,4374166.666666666,4424999.999999996,3953433.3333333344,4424999.999999996,4224988.888888888,0.6741963282809681,2.2969105990531933,PASS
ff,27.0,3.63,band2,ff_27c_3.63v_band2,4.13279e-07,3.42966e-07,2.91593e-07,2.52457e-07,2.22485e-07,1.98048e-07,1.78522e-07,9678690.0,11663000.0,13717700.0,15844300.0,17978700.0,20197100.0,22406200.0,7.84482e-05,8.8364e-05,9.69269e-05,0.00010679,0.000114584,0.000125531,0.000133055,3.71054,-0.0754264,3.72389,-0.104583,6614366.666666668,6731683.333333334,6968833.333333332,7101666.666666666,7254666.666666668,7379166.666666665,7363666.66666666,6614366.666666668,7379166.666666665,7070838.888888888,0.6833948258149262,2.315003373390407,PASS
ff,27.0,3.63,band3,ff_27c_3.63v_band3,2.58398e-07,2.13964e-07,1.81379e-07,1.56694e-07,1.37631e-07,1.22382e-07,1.10086e-07,15480000.0,18694700.0,22053200.0,25527400.0,29063100.0,32684600.0,36335200.0,9.63171e-05,0.000109644,0.00012332,0.0001375,0.000149836,0.000163162,0.000177289,3.73365,-0.100667,3.74857,-0.134405,10715666.66666667,10955333.333333334,11387833.333333332,11683166.666666664,11928666.66666667,12120166.666666664,12168666.666666657,10715666.66666667,12168666.666666657,11586222.22222222,0.692226528854436,2.347235142118863,PASS
ff,27.0,3.63,band4,ff_27c_3.63v_band4,1.52602e-07,1.26065e-07,1.06632e-07,9.19863e-08,8.05349e-08,7.14785e-08,6.41179e-08,26212000.0,31729800.0,37512200.0,43484800.0,49667900.0,55960900.0,62385000.0,0.000108561,0.000122914,0.000138333,0.000152823,0.000167938,0.000183365,0.000199813,3.72833,-0.119657,3.77694,-0.140974,18392666.66666667,18833666.666666668,19591666.666666664,20259499.999999996,20793500.000000004,21195166.666666664,21413666.66666665,18392666.66666667,21413666.66666665,20096111.11111111,0.7016887939366195,2.380016786204792,PASS
ff,27.0,3.63,band5,ff_27c_3.63v_band5,9.41316e-08,7.74362e-08,6.51358e-08,5.59552e-08,4.87759e-08,4.30857e-08,3.85004e-08,42493700.0,51655400.0,61410200.0,71485800.0,82007700.0,92838300.0,103895000.0,0.000144814,0.000164601,0.000186717,0.000209863,0.000231836,0.000256064,0.00027932,3.72988,-0.112863,3.78455,-0.179962,30539000.000000007,31527500.0,33050666.66666666,34329166.666666664,35587500.00000001,36478833.33333333,36855666.666666634,30539000.000000007,36855666.666666634,34111833.33333333,0.7186712383247401,2.4449506632747915,PASS
ff,27.0,3.63,band6,ff_27c_3.63v_band6,5.51455e-08,4.5074e-08,3.77015e-08,3.21752e-08,2.78921e-08,2.45131e-08,2.17861e-08,72535400.0,88742900.0,106097000.0,124319000.0,143410000.0,163178000.0,183604000.0,0.000198219,0.000228626,0.000263649,0.000297207,0.000332797,0.000367037,0.000402778,3.65853,-0.0895421,3.72394,-0.122576,54025000.000000015,55936000.0,59293499.99999999,62188333.33333332,64765000.000000015,66989999.99999999,68086666.66666661,54025000.000000015,68086666.66666661,61704777.77777777,0.7448087416626918,2.5312330255296036,PASS
ff,27.0,3.63,band7,ff_27c_3.63v_band7,3.29879e-08,2.67308e-08,2.21736e-08,1.87706e-08,1.61605e-08,1.41132e-08,1.24826e-08,121257000.0,149640000.0,180395000.0,213099000.0,247517000.0,283423000.0,320447000.0,0.000284536,0.000335778,0.0003874,0.000440266,0.000498157,0.000553986,0.000609703,3.64753,-0.0201481,3.66101,-0.0650193,94610000.00000001,98563333.33333334,105764999.99999999,111869999.99999999,117206666.66666669,121549999.99999999,123413333.33333322,94610000.00000001,123413333.33333322,110661111.11111109,0.7802436148016199,2.64270928688653,PASS
ff,125.0,2.97,band0,ff_125c_2.97v_band0,8.80224e-07,7.29936e-07,6.1887e-07,5.35653e-07,4.70828e-07,4.18687e-07,3.76923e-07,4544300.0,5479930.0,6463390.0,7467520.0,8495680.0,9553670.0,10612200.0,6.30229e-05,6.8444e-05,7.37726e-05,8.08297e-05,8.54788e-05,9.20028e-05,9.86211e-05,3.02203,-0.0507458,3.03408,-0.0667449,3118766.6666666674,3198483.3333333335,3312649.9999999995,3387149.9999999995,3476916.6666666674,3527533.333333333,3528433.33333333,3118766.6666666674,3528433.33333333,3371055.555555555,0.6863029876255238,2.3352771603987414,PASS
ff,125.0,2.97,band1,ff_125c_2.97v_band1,5.41672e-07,4.48325e-07,3.79744e-07,3.2791e-07,2.87757e-07,2.5575e-07,2.29891e-07,7384540.0,8922100.0,10533400.0,12198500.0,13900600.0,15640300.0,17399600.0,7.35324e-05,8.1193e-05,8.80024e-05,9.72618e-05,0.000104819,0.000113271,0.000122073,3.04287,-0.0669425,3.05586,-0.0902603,5125200.000000001,5248100.0,5460666.666666666,5611999.999999999,5736333.333333335,5831666.666666666,5864333.333333328,5125200.000000001,5864333.333333328,5563922.222222221,0.6940445850384724,2.3562198864113406,PASS
ff,125.0,2.97,band2,ff_125c_2.97v_band2,3.2668e-07,2.69507e-07,2.27511e-07,1.96094e-07,1.71594e-07,1.52214e-07,1.36274e-07,12244400.0,14841900.0,17581600.0,20398400.0,23310900.0,26278700.0,29352500.0,8.08015e-05,9.04177e-05,9.95347e-05,0.000109287,0.000120149,0.00012952,0.000140054,3.06436,-0.0909748,3.0694,-0.102414,8658333.333333336,8895333.333333334,9260833.333333332,9548833.333333332,9800500.000000002,10069333.333333332,10245999.99999999,8658333.333333336,10245999.99999999,9504499.999999998,0.7071259786786886,2.397218320211689,PASS
ff,125.0,2.97,band3,ff_125c_2.97v_band3,1.9831e-07,1.63148e-07,1.37299e-07,1.17913e-07,1.0274e-07,9.08563e-08,8.11739e-08,20170500.0,24517600.0,29133400.0,33923400.0,38933400.0,44025500.0,49276900.0,0.0001014,0.000114589,0.000128755,0.000142999,0.000157068,0.000172111,0.000186285,3.08874,-0.0978735,3.08795,-0.127086,14490333.333333336,14938166.666666668,15676333.33333333,16333333.33333333,16836833.333333336,17239166.666666664,17504666.66666665,14490333.333333336,17504666.66666665,16170222.22222222,0.7183923716979418,2.4430182692546043,PASS
ff,125.0,2.97,band4,ff_125c_2.97v_band4,1.12623e-07,9.22629e-08,7.73752e-08,6.61661e-08,5.75048e-08,5.06399e-08,4.50874e-08,35516700.0,43354400.0,51696200.0,60453900.0,69559400.0,78989100.0,88716600.0,0.000113221,0.000129192,0.000144112,0.0001617,0.000177933,0.0001953,0.00021205,3.00742,-0.130149,3.10414,-0.169875,26125666.66666667,26965833.333333336,28499166.666666664,29771999.999999996,30892000.000000007,31928666.66666666,32424999.99999997,26125666.66666667,32424999.99999997,29555499.999999996,0.7355882350180808,2.4978840939614324,PASS
ff,125.0,2.97,band5,ff_125c_2.97v_band5,6.70177e-08,5.45457e-08,4.54427e-08,3.86198e-08,3.336e-08,2.92141e-08,2.58744e-08,59685700.0,73333000.0,88022900.0,103574000.0,119904000.0,136920000.0,154593000.0,0.00015192,0.000175907,0.000201512,0.000224941,0.000251163,0.000277372,0.00030267,2.98137,-0.0570251,3.03248,-0.0880412,45491000.00000001,47228666.66666667,50401666.66666666,53135166.66666666,55576666.66666668,57814999.99999999,58909999.99999995,45491000.00000001,58909999.99999995,52726277.77777777,0.7621758645705756,2.5901179009377455,PASS
ff,125.0,2.97,band6,ff_125c_2.97v_band6,3.8455e-08,3.09905e-08,2.5598e-08,2.16117e-08,1.85908e-08,1.6254e-08,1.44022e-08,104018000.0,129072000.0,156262000.0,185085000.0,215160000.0,246093000.0,277735000.0,0.000209788,0.000245347,0.00028331,0.000320503,0.000359094,0.000396932,0.000436228,2.98589,-0.0180916,2.99847,-0.0298282,83513333.33333336,87073333.33333334,93354999.99999999,98163333.33333331,101680000.00000003,104291666.66666666,105473333.33333324,83513333.33333336,105473333.33333324,96509444.44444443,0.8028738615752404,2.670066719221673,PASS
ff,125.0,2.97,band7,ff_125c_2.97v_band7,2.19051e-08,1.75721e-08,1.45169e-08,1.23105e-08,1.06742e-08,9.42672e-09,8.45608e-09,182606000.0,227634000.0,275541000.0,324927000.0,374737000.0,424326000.0,473032000.0,0.000309603,0.000365298,0.000424482,0.00048091,0.000539541,0.000595632,0.000651113,2.9934,-0.0263703,3.01004,-0.0386696,150093333.33333337,154891666.6666667,162154999.99999997,165326666.66666666,165665000.00000003,163824999.99999997,162353333.3333332,150093333.33333337,165665000.00000003,161347777.77777776,0.8219518161141111,2.590451573332749,PASS
ff,125.0,3.3,band0,ff_125c_3.30v_band0,9.5492e-07,7.94526e-07,6.76688e-07,5.87279e-07,5.17914e-07,4.61806e-07,4.16749e-07,4188830.0,5034450.0,5911140.0,6811070.0,7723290.0,8661650.0,9598090.0,6.94542e-05,7.49261e-05,8.11047e-05,8.74295e-05,9.27483e-05,9.85019e-05,0.000105355,3.34919,-0.0433325,3.36247,-0.0563773,2818733.333333334,2870516.666666667,2961033.333333333,3020249.9999999995,3084300.0000000005,3124666.666666666,3121466.6666666637,2818733.333333334,3124666.666666666,3005144.444444444,0.6729166219047643,2.2913534328201433,PASS
ff,125.0,3.3,band1,ff_125c_3.30v_band1,5.92567e-07,4.9277e-07,4.18979e-07,3.63061e-07,3.19324e-07,2.84639e-07,2.56149e-07,6750300.0,8117370.0,9547020.0,11017400.0,12526400.0,14052900.0,15615900.0,7.87947e-05,8.62948e-05,9.4897e-05,0.00010294,0.000111272,0.000119487,0.000129415,3.36991,-0.0671296,3.38093,-0.0949767,4556900.000000001,4661200.0,4833383.333333333,4965633.333333333,5059166.666666668,5149166.666666666,5209999.999999995,4556900.000000001,5209999.999999995,4925333.333333333,0.6750662933499253,2.3133638504955334,PASS
ff,125.0,3.3,band2,ff_125c_3.30v_band2,3.59604e-07,2.98144e-07,2.52713e-07,2.18525e-07,1.9183e-07,1.70378e-07,1.53122e-07,11123400.0,13416300.0,15828200.0,18304500.0,20851800.0,23477200.0,26123000.0,8.84968e-05,9.69832e-05,0.000107142,0.000117237,0.000127411,0.000136413,0.000148092,3.38604,-0.0852846,3.41099,-0.122318,7643000.000000002,7841333.333333334,8146999.999999999,8372666.666666665,8621166.666666668,8785333.333333332,8819333.333333325,7643000.000000002,8819333.333333325,8333111.11111111,0.687110056277757,2.3484725893162164,PASS
ff,125.0,3.3,band3,ff_125c_3.30v_band3,2.20445e-07,1.82186e-07,1.54053e-07,1.32717e-07,1.16117e-07,1.03052e-07,9.22535e-08,18145100.0,21955600.0,25965200.0,30139300.0,34448100.0,38815500.0,43358800.0,0.000108403,0.000122925,0.000136873,0.000150686,0.000165778,0.00018036,0.000194989,3.4008,-0.0991976,3.43532,-0.143911,12701666.66666667,13033500.0,13639499.999999998,14138166.666666664,14460333.333333336,14851166.666666664,15144333.333333319,12701666.66666667,15144333.333333319,14007611.111111108,0.7000053274254024,2.3895597158461515,PASS
ff,125.0,3.3,band4,ff_125c_3.30v_band4,1.25889e-07,1.03779e-07,8.74497e-08,7.51393e-08,6.55696e-08,5.79887e-08,5.17904e-08,31774000.0,38543400.0,45740600.0,53234500.0,61003900.0,68978900.0,77234500.0,0.000122202,0.000137211,0.000153851,0.000170396,0.000187042,0.000205254,0.000222387,3.40398,-0.102999,3.43928,-0.169569,22564666.66666667,23277666.666666668,24485166.666666664,25438833.33333333,26240666.66666667,27050999.999999996,27518666.66666664,22564666.66666667,27518666.66666664,25255833.33333333,0.710161347852542,2.4307452634229243,PASS
ff,125.0,3.3,band5,ff_125c_3.30v_band5,7.58619e-08,6.21487e-08,5.20907e-08,4.45062e-08,3.8632e-08,3.39626e-08,3.01631e-08,52727400.0,64361800.0,76789200.0,89875100.0,103541000.0,117776000.0,132613000.0,0.000162163,0.000186468,0.000210981,0.000236752,0.000262232,0.00028905,0.00031466,3.30922,-0.0873277,3.39912,-0.150611,38781333.33333334,40103000.0,42522166.66666666,44586333.33333333,46501500.00000001,48453333.33333333,49456666.66666662,38781333.33333334,49456666.66666662,44380888.88888888,0.7355062706170481,2.5150680670770793,PASS
ff,125.0,3.3,band6,ff_125c_3.30v_band6,4.40384e-08,3.57504e-08,2.96952e-08,2.51629e-08,2.16825e-08,1.89555e-08,1.67766e-08,90829800.0,111887000.0,134702000.0,158964000.0,184481000.0,211020000.0,238427000.0,0.00022244,0.000258743,0.00029486,0.000334241,0.000373392,0.000413147,0.000452262,3.31186,-0.0140881,3.32239,-0.0519615,70190666.66666669,73120333.33333334,78461666.66666666,82964999.99999999,86760000.00000001,89909999.99999999,91356666.66666658,70190666.66666669,91356666.66666658,81998444.44444443,0.7727713445000065,2.6249865132368453,PASS
ff,125.0,3.3,band7,ff_125c_3.30v_band7,2.54311e-08,2.04548e-08,1.68829e-08,1.42638e-08,1.22958e-08,1.07824e-08,9.59601e-09,157288000.0,195554000.0,236927000.0,280430000.0,325313000.0,370974000.0,416840000.0,0.000322824,0.000382488,0.000440542,0.000501823,0.000560203,0.000621045,0.000681071,3.31783,-0.0212489,3.33256,-0.0346681,127553333.33333336,132731666.66666667,141459999.99999997,147309999.99999997,150906666.6666667,152544999.99999997,152886666.66666654,127553333.33333336,152886666.66666654,144195555.55555552,0.8109540036959804,2.6501703880779206,PASS
ff,125.0,3.63,band0,ff_125c_3.63v_band0,1.00854e-06,8.44337e-07,7.21442e-07,6.28449e-07,5.55166e-07,4.96512e-07,4.49958e-07,3966140.0,4737450.0,5544450.0,6364870.0,7205050.0,8056200.0,8889730.0,7.68276e-05,8.32457e-05,8.62852e-05,9.3337e-05,9.87871e-05,0.000105791,0.000112204,3.68092,-0.0493659,3.7022,-0.0594782,2571033.333333334,2630516.666666667,2712366.666666666,2767666.666666666,2818883.333333334,2807799.9999999995,2778433.3333333307,2571033.333333334,2818883.333333334,2735327.7777777775,0.6482457334671328,2.2414060018052817,PASS
ff,125.0,3.63,band1,ff_125c_3.63v_band1,6.32024e-07,5.28289e-07,4.51043e-07,3.91947e-07,3.46138e-07,3.08931e-07,2.7901e-07,6328880.0,7571610.0,8868340.0,10205500.0,11556100.0,12947900.0,14336400.0,8.60161e-05,9.4592e-05,0.000101726,0.000110128,0.000117856,0.000128187,0.000136629,3.70236,-0.0663615,3.71218,-0.0885307,4142433.3333333344,4232433.333333334,4389816.666666666,4479599.999999999,4570666.666666668,4633833.333333333,4628333.333333329,4142433.3333333344,4633833.333333333,4448622.222222222,0.6545286580458682,2.2652349230827573,PASS
ff,125.0,3.63,band2,ff_125c_3.63v_band2,3.85702e-07,3.21391e-07,2.73716e-07,2.37441e-07,2.08891e-07,1.86408e-07,1.68524e-07,10370700.0,12445900.0,14613700.0,16846300.0,19148700.0,21458300.0,23735500.0,9.50935e-05,0.000105061,0.000115034,0.00012509,0.000135239,0.000146109,0.000155574,3.72346,-0.09505,3.7313,-0.107528,6917333.333333335,7071666.666666667,7333999.999999999,7558333.333333332,7686666.666666668,7644666.666666665,7590666.6666666595,6917333.333333335,7686666.666666668,7424888.888888888,0.6670073701228784,2.2887076089367158,PASS
ff,125.0,3.63,band3,ff_125c_3.63v_band3,2.38856e-07,1.98454e-07,1.68452e-07,1.45811e-07,1.27891e-07,1.13771e-07,1.02234e-07,16746500.0,20155800.0,23745600.0,27432700.0,31276700.0,35158500.0,39126100.0,0.000115948,0.000130441,0.000145092,0.000159954,0.000175582,0.000190578,0.000205852,3.7297,-0.0942177,3.7485,-0.124608,11364333.333333336,11665166.666666668,12128166.666666664,12551833.333333332,12876333.333333336,13082333.333333332,13225333.33333332,11364333.333333336,13225333.33333332,12433111.11111111,0.6786094606833271,2.336374764876243,PASS
ff,125.0,3.63,band4,ff_125c_3.63v_band4,1.3681e-07,1.13413e-07,9.6019e-08,8.2871e-08,7.26256e-08,6.44459e-08,5.77385e-08,29237600.0,35269300.0,41658400.0,48267800.0,55077000.0,62067500.0,69277900.0,0.00013076,0.000147205,0.000163832,0.000181022,0.000198834,0.000216477,0.000234782,3.72597,-0.116427,3.77768,-0.144435,20105666.66666667,20701333.333333336,21664166.666666664,22364333.33333333,22999500.000000004,23668166.666666664,24034666.666666646,20105666.66666667,24034666.666666646,22244611.11111111,0.6876647422041027,2.369479711056995,PASS
ff,125.0,3.63,band5,ff_125c_3.63v_band5,8.3373e-08,6.87297e-08,5.79286e-08,4.9734e-08,4.33509e-08,3.82859e-08,3.41485e-08,47977100.0,58199000.0,69050600.0,80427900.0,92270300.0,104477000.0,117135000.0,0.000171433,0.00019644,0.000223433,0.000247259,0.000274757,0.000300664,0.000329592,3.68569,-0.0984929,3.70975,-0.119828,34073000.00000001,35122500.0,37048166.666666664,38699499.99999999,40081833.33333334,41441166.666666664,42193333.3333333,34073000.00000001,42193333.3333333,38421055.55555555,0.7101929879046464,2.4414772881228752,PASS
ff,125.0,3.63,band6,ff_125c_3.63v_band6,4.88629e-08,3.99529e-08,3.33929e-08,2.84469e-08,2.46169e-08,2.15842e-08,1.91308e-08,81861800.0,100118000.0,119786000.0,140613000.0,162490000.0,185320000.0,209087000.0,0.000233722,0.000270933,0.000310836,0.000348988,0.000390877,0.000430239,0.000471083,3.63912,-0.0114043,3.64818,-0.0963498,60854000.000000015,63207000.0,67491666.66666666,71173333.33333333,74511666.66666669,77661666.66666666,79223333.33333327,60854000.000000015,79223333.33333327,70680666.66666666,0.7433748097403187,2.5541461340942906,PASS
ff,125.0,3.63,band7,ff_125c_3.63v_band7,2.86434e-08,2.31852e-08,1.92078e-08,1.62482e-08,1.39952e-08,1.22431e-08,1.08576e-08,139648000.0,172524000.0,208249000.0,246181000.0,285811000.0,326715000.0,368404000.0,0.000342993,0.000397232,0.000459232,0.000521909,0.000581535,0.000643972,0.000707145,3.64395,-0.016998,3.65603,-0.0305944,109586666.66666669,114335000.0,122761666.66666664,129269999.99999999,134223333.33333337,137654999.99999997,138963333.33333322,109586666.66666669,138963333.33333322,127086666.66666664,0.7847349526428354,2.638090054995417,PASS
ss,-40.0,2.97,band0,ss_-40c_2.97v_band0,8.84198e-07,7.49087e-07,6.39423e-07,5.53522e-07,4.86123e-07,4.32818e-07,3.89463e-07,4523870.0,5339840.0,6255640.0,7226450.0,8228380.0,9241760.0,10270500.0,3.52702e-05,3.90104e-05,4.30226e-05,4.71399e-05,5.14378e-05,5.59488e-05,6.04338e-05,3.0132,-0.0524865,3.03066,-0.0607982,2719900.0000000005,2886283.3333333335,3144349.9999999995,3287899.9999999995,3358850.000000001,3403533.333333333,3429133.33333333,2719900.0000000005,3429133.33333333,3192572.2222222215,0.6012330150954825,2.270290702429557,PASS
ss,-40.0,2.97,band1,ss_-40c_2.97v_band1,5.39642e-07,4.56047e-07,3.88273e-07,3.36072e-07,2.94343e-07,2.61532e-07,2.34419e-07,7412320.0,8771020.0,10302000.0,11902200.0,13589600.0,15294500.0,17063400.0,4.24944e-05,4.73431e-05,5.30377e-05,5.89281e-05,6.43064e-05,7.08613e-05,7.73553e-05,3.05582,-0.0600368,3.047,-0.0912895,4529000.000000001,4816133.333333334,5218633.333333333,5479333.333333332,5653833.333333335,5789666.666666666,5896333.333333328,4529000.000000001,5896333.333333328,5361711.11111111,0.6110097783150216,2.302032292183824,PASS
ss,-40.0,2.97,band2,ss_-40c_2.97v_band2,3.15124e-07,2.65835e-07,2.259e-07,1.94983e-07,1.70458e-07,1.51174e-07,1.35409e-07,12693400.0,15046900.0,17706900.0,20514600.0,23466100.0,26459600.0,29540200.0,4.85677e-05,5.48993e-05,6.12682e-05,6.84273e-05,7.55805e-05,8.29249e-05,9.00732e-05,3.06246,-0.0986797,3.07965,-0.112155,7845000.000000002,8355833.333333334,9112833.333333332,9598666.666666666,9908333.333333336,10123499.999999998,10268666.666666657,7845000.000000002,10268666.666666657,9359333.333333332,0.6180377203901242,2.327209415916933,PASS
ss,-40.0,2.97,band3,ss_-40c_2.97v_band3,1.89787e-07,1.5941e-07,1.35118e-07,1.16146e-07,1.01482e-07,8.96903e-08,8.00801e-08,21076300.0,25092600.0,29603700.0,34439500.0,39415800.0,44597900.0,49950000.0,6.39013e-05,7.26264e-05,8.26645e-05,9.26231e-05,0.000103123,0.000113863,0.000124924,3.0871,-0.113042,3.09926,-0.13165,13387666.66666667,14212333.333333334,15578166.666666664,16353499.999999998,16930666.66666667,17556999.999999996,17840333.333333317,13387666.66666667,17840333.333333317,16040944.444444442,0.6352000430183035,2.3699605718271233,PASS
ss,-40.0,2.97,band4,ss_-40c_2.97v_band4,1.12086e-07,9.39002e-08,7.93038e-08,6.80734e-08,5.92443e-08,5.23384e-08,4.66803e-08,35686900.0,42598400.0,50438900.0,58760100.0,67517100.0,76425700.0,85689300.0,7.0107e-05,8.00004e-05,9.08568e-05,0.000102481,0.000114555,0.000126473,0.000138685,3.07961,-0.121915,3.12388,-0.164668,23038333.33333334,24586666.666666668,26936166.666666664,28463666.666666664,29442666.66666667,30286999.999999996,30878666.666666638,23038333.33333334,30878666.666666638,27779111.11111111,0.645568355148061,2.401141595375334,PASS
ss,-40.0,2.97,band5,ss_-40c_2.97v_band5,6.61735e-08,5.5261e-08,4.65687e-08,3.992e-08,3.47669e-08,3.07066e-08,2.7435e-08,60447200.0,72383800.0,85894600.0,100200000.0,115052000.0,130265000.0,145799000.0,9.91499e-05,0.000114305,0.000131223,0.00014817,0.000166564,0.000183939,0.000202528,3.03729,-0.114697,3.06137,-0.157369,39788666.66666668,42412333.333333336,46360333.33333333,48595666.66666666,50108333.33333334,51244999.99999999,51779999.999999955,39788666.66666668,51779999.999999955,47417666.66666666,0.6582383744270484,2.4120058497333208,PASS
ss,-40.0,2.97,band6,ss_-40c_2.97v_band6,3.73398e-08,3.1233e-08,2.64169e-08,2.2761e-08,1.99461e-08,1.77346e-08,1.5963e-08,107124000.0,128070000.0,151418000.0,175739000.0,200541000.0,225547000.0,250579000.0,0.000142982,0.000166875,0.000191355,0.000217542,0.00024354,0.00027041,0.000296545,3.02534,-0.0641692,3.03441,-0.0668631,69820000.00000001,73823333.33333334,79448333.33333333,81871666.66666666,83013333.33333336,83396666.66666666,83439999.99999993,69820000.00000001,83439999.99999993,79697222.22222221,0.651768044509167,2.3391490235614802,PASS
ss,-40.0,2.97,band7,ss_-40c_2.97v_band7,2.21469e-08,1.86589e-08,1.59212e-08,1.38481e-08,1.22574e-08,1.10079e-08,1.00086e-08,180612000.0,214375000.0,251237000.0,288849000.0,326334000.0,363376000.0,399658000.0,0.0002154,0.000250912,0.000289077,0.000329805,0.000367514,0.000407734,0.000448574,3.03229,-0.0431167,3.0428,-0.051653,112543333.33333336,117708333.33333334,124123333.33333331,125161666.66666664,124211666.6666667,122206666.66666664,120939999.9999999,112543333.33333336,125161666.66666664,121692222.22222221,0.6231221255139933,2.212798706619715,PASS
ss,-40.0,3.3,band0,ss_-40c_3.30v_band0,9.97715e-07,8.48596e-07,7.28081e-07,6.33612e-07,5.59518e-07,4.99655e-07,4.66954e-07,4009160.0,4713670.0,5493900.0,6313010.0,7149020.0,8005520.0,8566160.0,3.88647e-05,4.25297e-05,4.68506e-05,5.14736e-05,5.51172e-05,5.97806e-05,6.4351e-05,3.36466,-0.0479651,3.37444,-0.0492964,2348366.666666667,2474566.666666667,2665566.666666666,2758533.333333333,2820850.0000000005,2361899.9999999995,1868799.9999999984,1868799.9999999984,2820850.0000000005,2531666.6666666665,0.5857502984831403,2.1366470781909426,PASS
ss,-40.0,3.3,band1,ss_-40c_3.30v_band1,6.16778e-07,5.24377e-07,4.48857e-07,3.90242e-07,3.44096e-07,3.06553e-07,2.76044e-07,6485320.0,7628100.0,8911530.0,10250000.0,11624600.0,13048300.0,14490400.0,4.64875e-05,5.12102e-05,5.70552e-05,6.25571e-05,6.90211e-05,7.48546e-05,8.11074e-05,3.37664,-0.0646042,3.39069,-0.102707,3809266.6666666674,4043683.3333333335,4369833.333333333,4521783.333333333,4663833.333333334,4776333.333333333,4806999.999999995,3809266.6666666674,4806999.999999995,4447266.666666666,0.5873675727129375,2.234338475202457,PASS
ss,-40.0,3.3,band2,ss_-40c_3.30v_band2,3.64739e-07,3.0959e-07,2.64791e-07,2.29732e-07,2.02029e-07,1.79689e-07,1.61584e-07,10966700.0,12920300.0,15106300.0,17411600.0,19799200.0,22260600.0,24754900.0,5.30888e-05,5.87529e-05,6.64155e-05,7.2701e-05,8.02438e-05,8.77895e-05,9.47018e-05,3.3886,-0.0863939,3.39931,-0.14231,6512000.000000002,6899333.333333334,7485499.999999999,7821499.999999999,8081666.666666669,8259499.999999999,8314333.333333326,6512000.000000002,8314333.333333326,7660111.11111111,0.5937975872413763,2.257278853255765,PASS
ss,-40.0,3.3,band3,ss_-40c_3.30v_band3,2.23374e-07,1.89049e-07,1.61063e-07,1.39341e-07,1.22119e-07,1.08406e-07,9.70136e-08,17907200.0,21158600.0,24834900.0,28706500.0,32754900.0,36898300.0,41231300.0,6.88238e-05,7.72008e-05,8.72843e-05,9.77233e-05,0.000108677,0.000119528,0.000130776,3.39809,-0.122617,3.42806,-0.128899,10838000.000000002,11546166.666666668,12579833.333333332,13199999.999999998,13653000.000000004,14127333.333333332,14443333.33333332,10838000.000000002,14443333.33333332,12957833.333333332,0.6052314152966406,2.302498436383131,PASS
ss,-40.0,3.3,band4,ss_-40c_3.30v_band4,1.33316e-07,1.12337e-07,9.53958e-08,8.22343e-08,7.19119e-08,6.36116e-08,5.68214e-08,30003900.0,35607200.0,41930600.0,48641500.0,55623600.0,62881600.0,70396000.0,7.5439e-05,8.52428e-05,9.70599e-05,0.000108869,0.000121067,0.000132731,0.00014572,3.42774,-0.135337,3.45854,-0.167247,18677666.66666667,19877833.333333336,21723833.33333333,22821666.666666664,23733500.000000004,24620666.666666664,25047999.999999978,18677666.66666667,25047999.999999978,22440055.555555552,0.6225079628537181,2.3462283236512587,PASS
ss,-40.0,3.3,band5,ss_-40c_3.30v_band5,7.9857e-08,6.69615e-08,5.66063e-08,4.8564e-08,4.22698e-08,3.7238e-08,3.31789e-08,50089500.0,59735800.0,70663500.0,82365500.0,94630300.0,107417000.0,120558000.0,0.000105003,0.000120592,0.000137712,0.000155947,0.000173834,0.0001921,0.000210827,3.39966,-0.120864,3.45492,-0.153997,32154333.33333334,34290000.0,37716166.666666664,39944666.666666664,41752500.00000001,43212833.33333333,43803333.33333329,32154333.33333334,43803333.33333329,39149166.666666664,0.6419375983655924,2.406851735393645,PASS
ss,-40.0,3.3,band6,ss_-40c_3.30v_band6,4.50748e-08,3.76324e-08,3.16872e-08,2.71248e-08,2.35927e-08,2.08047e-08,1.85746e-08,88741400.0,106291000.0,126234000.0,147466000.0,169544000.0,192264000.0,215347000.0,0.000150742,0.000175098,0.000201564,0.000227979,0.000255674,0.000283706,0.000312096,3.34712,-0.0871482,3.359,-0.0998392,58498666.66666668,62487666.66666667,68624999.99999999,72183333.33333333,74663333.33333334,76338333.33333333,76943333.33333327,58498666.66666668,76943333.33333327,70336444.44444443,0.6592037838784004,2.4266802191536305,PASS
ss,-40.0,3.3,band7,ss_-40c_3.30v_band7,2.63049e-08,2.19403e-08,1.85015e-08,1.5904e-08,1.39167e-08,1.23608e-08,1.11209e-08,152063000.0,182313000.0,216199000.0,251509000.0,287423000.0,323603000.0,359683000.0,0.000226561,0.000263405,0.000305105,0.000345849,0.000389062,0.00043213,0.000473834,3.35559,-0.0415879,3.36906,-0.0498511,100833333.33333336,106893333.33333334,115326666.66666666,118706666.66666664,120156666.66666669,120433333.33333331,120266666.66666655,100833333.33333336,120433333.33333331,115344444.44444443,0.6631023545065753,2.365355148852778,PASS
ss,-40.0,3.63,band0,ss_-40c_3.63v_band0,1.08434e-06,9.26544e-07,7.98481e-07,6.97916e-07,6.17985e-07,5.53371e-07,5.00228e-07,3688890.0,4317120.0,5009510.0,5731350.0,6472650.0,7228420.0,7996350.0,4.27584e-05,4.71799e-05,5.11752e-05,5.54043e-05,5.96648e-05,6.44504e-05,6.95176e-05,3.67378,-0.0634628,3.71866,-0.0508851,2094100.0000000005,2201033.3333333335,2357049.9999999995,2438566.6666666665,2495116.6666666674,2539499.9999999995,2559766.666666664,2094100.0000000005,2559766.666666664,2393033.333333333,0.5676775398561629,2.1676845880468107,PASS
ss,-40.0,3.63,band1,ss_-40c_3.63v_band1,6.77715e-07,5.78548e-07,4.98081e-07,4.34864e-07,3.84358e-07,3.43737e-07,3.10141e-07,5902190.0,6913860.0,8030820.0,9198280.0,10407000.0,11636800.0,12897300.0,5.04442e-05,5.62201e-05,6.22421e-05,6.68672e-05,7.36045e-05,8.02338e-05,8.65031e-05,3.68984,-0.0581814,3.72738,-0.110067,3372233.333333334,3547716.666666667,3807366.666666666,3960299.9999999995,4064200.000000001,4150499.9999999995,4201666.666666663,3372233.333333334,4201666.666666663,3886172.2222222215,0.5713528933045757,2.1851719446510534,PASS
ss,-40.0,3.63,band2,ss_-40c_3.63v_band2,4.0425e-07,3.44381e-07,2.9623e-07,2.58205e-07,2.28015e-07,2.03644e-07,1.83649e-07,9894870.0,11615000.0,13503000.0,15491600.0,17542700.0,19642100.0,21780700.0,5.81795e-05,6.41971e-05,7.12776e-05,7.81017e-05,8.68184e-05,9.323e-05,0.000101697,3.7121,-0.103747,3.72733,-0.135173,5733766.666666668,6013550.0,6460999.999999999,6732833.333333332,6917500.000000002,7063333.333333332,7128666.66666666,5733766.666666668,7128666.66666666,6603238.888888888,0.579468620271582,2.2012113347623568,PASS
ss,-40.0,3.63,band3,ss_-40c_3.63v_band3,2.50913e-07,2.13336e-07,1.82703e-07,1.58835e-07,1.39813e-07,1.2466e-07,1.12054e-07,15941800.0,18749800.0,21893500.0,25183300.0,28609700.0,32087200.0,35697000.0,7.4441e-05,8.34594e-05,9.39863e-05,0.000104485,0.000115773,0.00012637,0.000138545,3.73614,-0.106678,3.74687,-0.125916,9360000.000000002,9919500.0,10722499.999999998,11193666.666666664,11506500.000000002,11812166.666666664,12032666.666666657,9360000.000000002,12032666.666666657,10975111.11111111,0.5871357061310518,2.2392076177094182,PASS
ss,-40.0,3.63,band4,ss_-40c_3.63v_band4,1.50829e-07,1.27785e-07,1.09191e-07,9.46086e-08,8.30309e-08,7.37073e-08,6.61439e-08,26520100.0,31302700.0,36633100.0,42279500.0,48174800.0,54268700.0,60474200.0,8.13987e-05,9.27097e-05,0.000103329,0.000115452,0.000128598,0.000141591,0.000153313,3.75069,-0.133325,3.79229,-0.17028,15942000.000000004,16855000.0,18294666.666666664,19236166.666666664,19982000.000000004,20498999.999999996,20684999.99999998,15942000.000000004,20684999.99999998,18863388.888888884,0.6011289550190234,2.2803156850841435,PASS
ss,-40.0,3.63,band5,ss_-40c_3.63v_band5,9.17751e-08,7.73959e-08,6.57954e-08,5.67508e-08,4.96357e-08,4.38847e-08,3.91779e-08,43584800.0,51682300.0,60794500.0,70483600.0,80587200.0,91148000.0,102098000.0,0.000113177,0.000127592,0.000145139,0.000164,0.000181947,0.000201983,0.000220732,3.73066,-0.138226,3.81011,-0.189355,26991666.66666667,28682833.333333336,31335499.999999996,32987833.33333333,34440666.66666667,35851333.33333333,36499999.99999997,26991666.66666667,36499999.99999997,32507333.33333333,0.6192908231004082,2.3425139039298104,PASS
ss,-40.0,3.63,band6,ss_-40c_3.63v_band6,5.24093e-08,4.39896e-08,3.71878e-08,3.19112e-08,2.77697e-08,2.44694e-08,2.17815e-08,76322400.0,90930600.0,107562000.0,125348000.0,144042000.0,163469000.0,183642000.0,0.000160563,0.000184738,0.000210813,0.000238858,0.000266405,0.000295182,0.000325398,3.69525,-0.111138,3.73336,-0.124012,48694000.00000001,52066000.0,57362333.33333333,60799999.99999999,63535000.000000015,65999999.99999999,67243333.33333327,48694000.00000001,67243333.33333327,59621999.99999999,0.6380040459943609,2.4061350272004023,PASS
ss,-40.0,3.63,band7,ss_-40c_3.63v_band7,3.08959e-08,2.57621e-08,2.16682e-08,1.85281e-08,1.61053e-08,1.41989e-08,1.26793e-08,129467000.0,155267000.0,184602000.0,215889000.0,248366000.0,281712000.0,315475000.0,0.000238937,0.000277116,0.000319212,0.000361852,0.000406219,0.000450997,0.00049602,3.67788,-0.0576938,3.69333,-0.0795394,86000000.00000001,91891666.66666667,101036666.66666666,106273333.33333331,109705000.00000003,111848333.33333331,112543333.33333324,86000000.00000001,112543333.33333324,103337777.77777776,0.6642619354739047,2.4367213266701166,PASS
ss,27.0,2.97,band0,ss_27c_2.97v_band0,8.34684e-07,7.05846e-07,6.03146e-07,5.23415e-07,4.60854e-07,4.09938e-07,3.6869e-07,4792230.0,5666960.0,6631890.0,7642120.0,8679550.0,9757580.0,10849200.0,4.28753e-05,4.72399e-05,5.18273e-05,5.6376e-05,6.16454e-05,6.64332e-05,7.1486e-05,3.02178,-0.0585242,3.04532,-0.102892,2915766.6666666674,3066100.0,3291933.333333333,3412766.666666666,3525766.6666666674,3616083.333333333,3638733.33333333,2915766.6666666674,3638733.33333333,3364983.333333333,0.6084362951416495,2.263914711939953,PASS
ss,27.0,2.97,band1,ss_27c_2.97v_band1,5.08331e-07,4.28946e-07,3.65701e-07,3.16477e-07,2.77741e-07,2.46803e-07,2.21668e-07,7868890.0,9325180.0,10937900.0,12639100.0,14401900.0,16207300.0,18045000.0,5.10833e-05,5.66399e-05,6.30713e-05,6.97479e-05,7.66053e-05,8.34849e-05,9.03557e-05,3.04854,-0.0765525,3.05371,-0.0938279,4854300.000000001,5115016.666666667,5523199.999999999,5773333.333333332,5947000.000000001,6071833.333333332,6125666.666666661,4854300.000000001,6125666.666666661,5653394.444444444,0.6168976818839761,2.2932078094877424,PASS
ss,27.0,2.97,band2,ss_27c_2.97v_band2,2.99814e-07,2.52307e-07,2.14294e-07,1.84957e-07,1.61887e-07,1.43542e-07,1.28436e-07,13341600.0,15853700.0,18665900.0,21626600.0,24708600.0,27866300.0,31144000.0,5.79248e-05,6.46508e-05,7.25552e-05,8.03734e-05,8.86334e-05,9.62866e-05,0.00010536,3.07804,-0.101701,3.09557,-0.127971,8373666.666666669,8873833.333333334,9621499.999999998,10071166.666666666,10399500.000000002,10725666.666666664,10925666.666666657,8373666.666666669,10925666.666666657,9890222.22222222,0.6276358657632269,2.3343527013251784,PASS
ss,27.0,2.97,band3,ss_27c_2.97v_band3,1.7953e-07,1.50401e-07,1.27382e-07,1.09585e-07,9.55927e-08,8.43918e-08,7.52671e-08,22280400.0,26595600.0,31401700.0,36501400.0,41844200.0,47398000.0,53144100.0,7.52504e-05,8.54567e-05,9.63208e-05,0.000107873,0.000119659,0.000131945,0.000143753,3.08661,-0.12704,3.08649,-0.137895,14384000.000000004,15202166.666666668,16509666.666666664,17404166.666666664,18161000.000000004,18833166.666666664,19153666.66666665,14384000.000000004,19153666.66666665,17146499.999999996,0.6455898457837383,2.385239941832283,PASS
ss,27.0,2.97,band4,ss_27c_2.97v_band4,1.03192e-07,8.61286e-08,7.26932e-08,6.23218e-08,5.4291e-08,4.78209e-08,4.25687e-08,38762800.0,46442200.0,55025800.0,64183000.0,73677000.0,83645500.0,93965700.0,8.33621e-05,9.53853e-05,0.000107536,0.00012036,0.000134067,0.000147287,0.000161467,3.04909,-0.108505,3.11882,-0.161887,25598000.000000007,27105000.0,29567999.999999996,31085333.33333333,32437500.000000007,33814499.99999999,34400666.666666634,25598000.000000007,34400666.666666634,30668277.777777772,0.6603754114769833,2.424120548567183,PASS
ss,27.0,2.97,band5,ss_27c_2.97v_band5,6.03414e-08,5.01724e-08,4.22299e-08,3.61814e-08,3.15107e-08,2.78334e-08,2.48803e-08,66289500.0,79725100.0,94719700.0,110554000.0,126941000.0,143712000.0,160770000.0,0.00011679,0.000134886,0.000153388,0.000172627,0.000193378,0.000213753,0.000234577,3.01346,-0.0787863,3.05433,-0.135742,44785333.33333334,47383666.66666667,51381499.99999999,53702166.66666666,55263333.33333334,56381666.66666666,56859999.99999995,44785333.33333334,56859999.99999995,52489166.66666666,0.6756022195571447,2.4252709705156925,PASS
ss,27.0,2.97,band6,ss_27c_2.97v_band6,3.41247e-08,2.84492e-08,2.40777e-08,2.07778e-08,1.82512e-08,1.62677e-08,1.46886e-08,117217000.0,140602000.0,166129000.0,192513000.0,219163000.0,245886000.0,272319000.0,0.000167276,0.000192866,0.000220518,0.000249032,0.000279584,0.000308125,0.000337118,3.02256,-0.039344,3.03407,-0.0476541,77950000.00000001,81520000.0,86518333.33333331,88389999.99999999,88955000.00000001,88593333.33333331,88109999.99999993,77950000.00000001,88955000.00000001,86167777.77777776,0.6650059291740961,2.323203972120085,PASS
ss,27.0,2.97,band7,ss_27c_2.97v_band7,2.01526e-08,1.6997e-08,1.45737e-08,1.27503e-08,1.13539e-08,1.02599e-08,9.38578e-09,198485000.0,235336000.0,274466000.0,313718000.0,352302000.0,389869000.0,426177000.0,0.000249957,0.000288055,0.000331284,0.000375088,0.00041818,0.000459984,0.000501356,3.03187,-0.0439246,3.0426,-0.0539131,122836666.66666669,126635000.0,130636666.66666664,129726666.66666664,126918333.33333336,123124999.99999999,121026666.66666655,121026666.66666655,130636666.66666664,126495555.55555554,0.618871283304364,2.147149658664383,PASS
ss,27.0,3.3,band0,ss_27c_3.30v_band0,9.38463e-07,7.97579e-07,6.84469e-07,5.96423e-07,5.25781e-07,4.70016e-07,4.24299e-07,4262290.0,5015180.0,5843940.0,6706650.0,7607730.0,8510350.0,9427310.0,4.60403e-05,5.02968e-05,5.51504e-05,5.98945e-05,6.48428e-05,7.05198e-05,7.52823e-05,3.35708,-0.050932,3.37194,-0.0740748,2509633.333333334,2636083.3333333335,2819116.666666666,2939649.9999999995,3006166.6666666674,3032633.333333333,3056533.3333333307,2509633.333333334,3056533.3333333307,2869455.555555555,0.5887992917735146,2.2117945986781753,PASS
ss,27.0,3.3,band1,ss_27c_3.30v_band1,5.78313e-07,4.9062e-07,4.20386e-07,3.65299e-07,3.22357e-07,2.87376e-07,2.58487e-07,6916670.0,8152950.0,9515080.0,10949900.0,12408600.0,13919100.0,15474700.0,5.46506e-05,6.10716e-05,6.71972e-05,7.35337e-05,8.14777e-05,8.70305e-05,9.49496e-05,3.37952,-0.113605,3.39716,-0.100984,4120933.3333333344,4330683.333333334,4661583.333333333,4822533.333333333,4948666.666666668,5110166.666666666,5185333.333333328,4120933.3333333344,5185333.333333328,4754461.11111111,0.5957973032302155,2.2373049458771344,PASS
ss,27.0,3.3,band2,ss_27c_3.30v_band2,3.44668e-07,2.91709e-07,2.49428e-07,2.16445e-07,1.90094e-07,1.6914e-07,1.52064e-07,11605400.0,13712300.0,16036700.0,18480500.0,21042200.0,23649100.0,26304700.0,6.17783e-05,6.90129e-05,7.72844e-05,8.55269e-05,9.28124e-05,0.000101475,0.000109794,3.40181,-0.10287,3.42763,-0.126878,7023000.000000002,7385500.0,7946999.999999999,8342499.999999999,8614333.333333336,8770833.333333332,8851999.999999993,7023000.000000002,8851999.999999993,8166277.777777776,0.6051493270374138,2.2665914143415997,PASS
ss,27.0,3.3,band3,ss_27c_3.30v_band3,2.09579e-07,1.76728e-07,1.50529e-07,1.30209e-07,1.14186e-07,1.01171e-07,9.05763e-08,19085900.0,22633700.0,26572900.0,30720000.0,35030600.0,39537200.0,44161600.0,7.9654e-05,8.98891e-05,0.000101725,0.000112725,0.000125159,0.000137227,0.000149905,3.42836,-0.135212,3.47494,-0.187087,11826000.000000002,12478333.333333334,13477166.666666664,14096166.666666664,14695333.333333336,15218333.33333333,15414666.666666653,11826000.000000002,15414666.666666653,13930944.444444442,0.6196197192691988,2.3138337725755664,PASS
ss,27.0,3.3,band4,ss_27c_3.30v_band4,1.21878e-07,1.0243e-07,8.6903e-08,7.48888e-08,6.54196e-08,5.78009e-08,5.15651e-08,32819800.0,39050900.0,46028300.0,53412500.0,61143800.0,69203000.0,77571800.0,8.90181e-05,0.000100125,0.000113411,0.000126688,0.000139723,0.000154262,0.000167928,3.40875,-0.120905,3.46665,-0.185127,20770333.33333334,22014166.666666668,23935999.999999996,25192499.999999996,26317500.000000007,27379999.999999996,27895999.999999974,20770333.33333334,27895999.999999974,24862222.22222222,0.6328598386746214,2.363567114973278,PASS
ss,27.0,3.3,band5,ss_27c_3.30v_band5,7.24151e-08,6.04947e-08,5.10654e-08,4.37614e-08,3.80464e-08,3.34957e-08,2.98261e-08,55237100.0,66121500.0,78331000.0,91404700.0,105135000.0,119418000.0,134111000.0,0.00012243,0.000140118,0.00016004,0.000179736,0.000200669,0.000221848,0.000243014,3.37352,-0.154072,3.42952,-0.169798,36281333.33333334,38489833.333333336,42138666.66666666,44673333.33333333,46688833.33333334,48293333.33333333,48976666.66666662,36281333.33333334,48976666.66666662,43818833.33333333,0.6568290756273111,2.4279152960600756,PASS
ss,27.0,3.3,band6,ss_27c_3.30v_band6,4.09883e-08,3.40646e-08,2.86496e-08,2.45271e-08,2.135e-08,1.88578e-08,1.68664e-08,97588900.0,117424000.0,139618000.0,163085000.0,187354000.0,212114000.0,237159000.0,0.000174354,0.000200936,0.000230772,0.000260097,0.000292171,0.000323198,0.000354442,3.34539,-0.0748172,3.35803,-0.0792269,66117000.000000015,70048500.0,76101666.66666666,79559999.99999999,81715000.00000001,83008333.33333333,83483333.33333325,66117000.000000015,83483333.33333325,77538944.44444443,0.6775053310366242,2.4301841705357883,PASS
ss,27.0,3.3,band7,ss_27c_3.30v_band7,2.36957e-08,1.97404e-08,1.67014e-08,1.44203e-08,1.268e-08,1.13215e-08,1.02444e-08,168807000.0,202630000.0,239501000.0,277388000.0,315457000.0,353311000.0,390456000.0,0.000261497,0.000303034,0.000347318,0.000394101,0.000439498,0.000486901,0.000532244,3.35501,-0.0442686,3.36924,-0.0533407,112743333.33333336,117823333.33333334,124596666.66666664,126593333.33333331,126538333.33333336,124998333.33333331,123816666.66666655,112743333.33333336,126593333.33333331,123138333.33333331,0.6678830459242411,2.3130320425100854,PASS
ss,27.0,3.63,band0,ss_27c_3.63v_band0,1.02314e-06,8.72671e-07,7.51792e-07,6.57728e-07,5.82076e-07,5.20953e-07,4.71188e-07,3909540.0,4583630.0,5320620.0,6081550.0,6871960.0,7678240.0,8489170.0,5.00247e-05,5.44572e-05,5.90606e-05,6.35748e-05,7.05306e-05,7.57858e-05,7.93437e-05,3.69903,-0.07462,3.69708,-0.0695686,2246966.666666667,2351800.0,2496533.333333333,2585566.6666666665,2661150.0000000005,2695349.9999999995,2703099.9999999977,2246966.666666667,2703099.9999999977,2544238.8888888885,0.5747393981559639,2.171398681174767,PASS
ss,27.0,3.63,band1,ss_27c_3.63v_band1,6.36255e-07,5.42207e-07,4.66328e-07,4.07288e-07,3.60194e-07,3.21831e-07,2.90749e-07,6286790.0,7377250.0,8577650.0,9821070.0,11105100.0,12428900.0,13757600.0,5.88827e-05,6.48478e-05,7.18858e-05,7.80937e-05,8.53248e-05,9.22501e-05,9.91759e-05,3.70499,-0.0827307,3.72067,-0.090604,3634866.6666666674,3818100.0,4073033.3333333326,4212416.666666666,4346383.333333334,4420833.333333333,4428999.999999996,3634866.6666666674,4428999.999999996,4150449.9999999995,0.5781752956066081,2.188334587285403,PASS
ss,27.0,3.63,band2,ss_27c_3.63v_band2,3.8226e-07,3.25164e-07,2.78901e-07,2.43094e-07,2.1457e-07,1.91642e-07,1.72742e-07,10464100.0,12301500.0,14342000.0,16454600.0,18642000.0,20872300.0,23156000.0,6.75457e-05,7.41835e-05,8.16416e-05,8.98566e-05,9.9047e-05,0.000107476,0.000115921,3.73254,-0.0961516,3.76938,-0.111141,6124666.666666668,6463166.666666667,6921833.333333332,7166666.666666666,7362833.333333335,7523333.333333332,7612333.3333333265,6124666.666666668,7612333.3333333265,7051055.555555554,0.5853027653278035,2.21289934155828,PASS
ss,27.0,3.63,band3,ss_27c_3.63v_band3,2.35333e-07,1.99484e-07,1.70916e-07,1.48374e-07,1.30598e-07,1.16081e-07,1.04296e-07,16997200.0,20051800.0,23403400.0,26958900.0,30628200.0,34458800.0,38352500.0,8.55299e-05,9.65169e-05,0.000107421,0.00011952,0.000131274,0.000143539,0.000156597,3.73592,-0.144431,3.75874,-0.144524,10182000.000000002,10677000.0,11511833.333333332,12041333.333333332,12499833.333333336,12873833.333333332,12978999.999999989,10182000.000000002,12978999.999999989,11864055.555555554,0.5990398418563059,2.256401054291295,PASS
ss,27.0,3.63,band4,ss_27c_3.63v_band4,1.37939e-07,1.16557e-07,9.94868e-08,8.61286e-08,7.55363e-08,6.69961e-08,5.99505e-08,28998300.0,34318000.0,40206300.0,46442200.0,52954700.0,59705000.0,66721700.0,9.51478e-05,0.000107238,0.000120224,0.000133564,0.00014781,0.000161277,0.000175587,3.76261,-0.13831,3.80669,-0.194711,17732333.333333336,18680000.0,20206999.999999996,21247333.33333333,22104666.66666667,22944999.999999996,23388999.999999978,17732333.333333336,23388999.999999978,20957444.44444444,0.6114956164096976,2.3008831552194438,PASS
ss,27.0,3.63,band5,ss_27c_3.63v_band5,8.32069e-08,6.99479e-08,5.93504e-08,5.11071e-08,4.4596e-08,3.93661e-08,3.50934e-08,48072900.0,57185400.0,67396300.0,78267000.0,89694200.0,101610000.0,113982000.0,0.0001294,0.000147544,0.00016791,0.000188156,0.000209118,0.000230814,0.000252438,3.70508,-0.13477,3.79286,-0.189462,30375000.000000007,32205666.666666668,35135999.99999999,37163166.666666664,38905000.00000001,40479666.666666664,41239999.99999996,30375000.000000007,41239999.99999996,36616166.666666664,0.6318528734484503,2.37102400728893,PASS
ss,27.0,3.63,band6,ss_27c_3.63v_band6,4.76358e-08,3.9766e-08,3.35349e-08,2.87131e-08,2.49471e-08,2.19604e-08,1.95546e-08,83970400.0,100588000.0,119279000.0,139309000.0,160339000.0,182146000.0,204555000.0,0.000183069,0.000210941,0.000240693,0.000270668,0.000303426,0.000335182,0.000367934,3.66598,-0.0973458,3.68106,-0.10292,55392000.000000015,58847666.66666667,64534999.99999999,68433333.33333333,71395000.00000001,73693333.33333333,74696666.6666666,55392000.000000015,74696666.6666666,66991444.44444443,0.6596610234082488,2.436036984461191,PASS
ss,27.0,3.63,band7,ss_27c_3.63v_band7,2.76715e-08,2.29809e-08,1.93304e-08,1.65593e-08,1.44348e-08,1.27762e-08,1.14566e-08,144553000.0,174058000.0,206928000.0,241556000.0,277108000.0,313082000.0,349143000.0,0.000272173,0.000317019,0.000362236,0.000410846,0.000458338,0.000508682,0.000558074,3.67701,-0.0413394,3.69315,-0.0516561,98350000.00000001,103958333.33333334,112496666.66666666,116966666.66666666,119210000.00000003,120058333.33333331,120203333.33333322,98350000.00000001,120203333.33333322,113661111.11111109,0.6803732886899616,2.4153286337882993,PASS
ss,125.0,2.97,band0,ss_125c_2.97v_band0,7.65269e-07,6.49884e-07,5.62522e-07,4.87807e-07,4.30531e-07,3.84038e-07,3.45803e-07,5226920.0,6154950.0,7110830.0,8199960.0,9290850.0,10415600.0,11567300.0,5.91354e-05,6.39604e-05,6.87837e-05,7.47646e-05,7.96801e-05,8.56776e-05,9.19316e-05,3.04277,-0.0707436,3.04286,-0.0714796,3093433.333333334,3139850.0,3408349.9999999995,3633366.666666666,3692733.333333334,3794083.3333333326,3838999.9999999967,3093433.333333334,3838999.9999999967,3522433.333333333,0.591827181845778,2.213024113627146,PASS
ss,125.0,2.97,band1,ss_125c_2.97v_band1,4.64525e-07,3.93707e-07,3.37437e-07,2.93791e-07,2.58457e-07,2.30466e-07,2.0692e-07,8610940.0,10159800.0,11854100.0,13615100.0,15476400.0,17356200.0,19331100.0,6.92236e-05,7.55271e-05,8.23721e-05,8.98029e-05,9.76383e-05,0.000105602,0.000114149,3.05877,-0.0837933,3.08665,-0.119837,5162866.666666668,5405266.666666667,5758833.333333332,6037166.666666666,6235166.666666668,6424499.999999999,6582999.999999994,5162866.666666668,6582999.999999994,5955644.444444443,0.5995706237259426,2.244946544744244,PASS
ss,125.0,2.97,band2,ss_125c_2.97v_band2,2.75858e-07,2.33051e-07,1.99035e-07,1.72382e-07,1.5137e-07,1.34394e-07,1.20354e-07,14500200.0,17163600.0,20096900.0,23204300.0,26425300.0,29763200.0,33235300.0,7.67469e-05,8.49143e-05,9.3239e-05,0.000101782,0.000110797,0.000120503,0.000130075,3.06985,-0.118187,3.09612,-0.133296,8878000.000000002,9327833.333333334,10067833.333333332,10547333.333333332,10931500.000000002,11349999.999999998,11573666.666666657,8878000.000000002,11573666.666666657,10408388.888888888,0.612267417001145,2.2920580405787505,PASS
ss,125.0,2.97,band3,ss_125c_2.97v_band3,1.64032e-07,1.37946e-07,1.17253e-07,1.01234e-07,8.84727e-08,7.82202e-08,6.98368e-08,24385500.0,28996900.0,34114100.0,39512500.0,45211700.0,51137700.0,57276400.0,9.76473e-05,0.000109296,0.000121652,0.000134482,0.000147785,0.000161436,0.000175075,3.08046,-0.113693,3.12082,-0.169465,15371333.333333336,16214333.333333334,17525999.999999996,18495999.999999996,19375333.333333336,20107833.333333332,20462333.333333313,15371333.333333336,20462333.333333313,18272722.22222222,0.6303472692105282,2.348789239507084,PASS
ss,125.0,2.97,band4,ss_125c_2.97v_band4,9.14802e-08,7.65581e-08,6.48311e-08,5.57439e-08,4.85656e-08,4.2868e-08,3.82706e-08,43725300.0,52247900.0,61698800.0,71756800.0,82362900.0,93309700.0,104519000.0,0.000108753,0.000121967,0.000136694,0.000151088,0.000166479,0.000182135,0.000198099,3.03029,-0.0958263,3.08823,-0.156614,28408666.66666667,29955833.333333336,32514833.33333333,34440166.666666664,35921500.00000001,36926833.33333333,37364333.3333333,28408666.66666667,37364333.3333333,33774277.777777776,0.6497077588185026,2.39035524055867,PASS
ss,125.0,2.97,band5,ss_125c_2.97v_band5,5.28687e-08,4.40872e-08,3.72702e-08,3.20603e-08,2.80287e-08,2.48442e-08,2.22961e-08,75659100.0,90729200.0,107324000.0,124765000.0,142711000.0,161003000.0,179403000.0,0.000149385,0.000169461,0.000191602,0.000213464,0.0002364,0.000259474,0.000282641,3.00752,-0.0439993,3.0199,-0.050571,50233666.66666668,52774833.333333336,56726333.33333333,58978333.33333332,60396666.66666668,61153333.33333332,61333333.333333276,50233666.66666668,61333333.333333276,57635499.99999999,0.663947452013924,2.371201877897041,PASS
ss,125.0,2.97,band6,ss_125c_2.97v_band6,2.99914e-08,2.51327e-08,2.1423e-08,1.86181e-08,1.64654e-08,1.4781e-08,1.34315e-08,133372000.0,159155000.0,186715000.0,214845000.0,242934000.0,270617000.0,297807000.0,0.000208059,0.000237503,0.000269107,0.000300556,0.000333412,0.000365282,0.000398398,3.01748,-0.0410731,3.03079,-0.0502601,85943333.33333336,88905000.0,92816666.66666666,93698333.33333331,92953333.33333336,91454999.99999999,90633333.33333325,85943333.33333336,93698333.33333331,91352777.77777776,0.6443881274430417,2.232904957562307,PASS
ss,125.0,2.97,band7,ss_125c_2.97v_band7,1.77501e-08,1.51301e-08,1.31386e-08,1.16373e-08,1.04854e-08,9.58413e-09,8.86568e-09,225351000.0,264374000.0,304446000.0,343722000.0,381485000.0,417357000.0,451178000.0,0.000305707,0.000348515,0.000395574,0.000440862,0.000488274,0.000534915,0.000578979,3.02836,-0.0486472,3.0398,-0.0559463,130076666.6666667,131825000.0,132246666.66666664,128398333.33333331,122725000.00000003,116154999.99999999,112736666.66666657,112736666.66666657,132246666.66666664,125459444.44444443,0.5772180583474966,2.002112260429286,PASS
ss,125.0,3.3,band0,ss_125c_3.30v_band0,8.57249e-07,7.31255e-07,6.30694e-07,5.51682e-07,4.88813e-07,4.37258e-07,3.95611e-07,4666090.0,5470040.0,6342220.0,7250560.0,8183080.0,9147920.0,10110900.0,6.24265e-05,6.76792e-05,7.31746e-05,7.84911e-05,8.39052e-05,8.94809e-05,9.51601e-05,3.37623,-0.0681978,3.3761,-0.0846709,2679833.333333334,2793550.0,2967533.333333333,3068099.9999999995,3162266.6666666674,3213033.333333333,3209933.3333333307,2679833.333333334,3213033.333333333,3024894.444444444,0.5743209696626799,2.1668891941647077,PASS
ss,125.0,3.3,band1,ss_125c_3.30v_band1,5.25374e-07,4.4773e-07,3.85196e-07,3.3624e-07,2.9721e-07,2.65681e-07,2.39663e-07,7613620.0,8933960.0,10384300.0,11896200.0,13458500.0,15055600.0,16690100.0,7.28023e-05,7.93602e-05,8.66476e-05,9.41017e-05,0.000101732,0.000109934,0.000117772,3.38498,-0.0925147,3.40157,-0.110681,4401133.333333334,4617800.0,4937066.666666666,5123666.666666666,5265666.666666668,5385999.999999999,5448333.333333328,4401133.333333334,5448333.333333328,5042488.888888888,0.5780605458813723,2.1921372487725943,PASS
ss,125.0,3.3,band2,ss_125c_3.30v_band2,3.1491e-07,2.67208e-07,2.29433e-07,1.99757e-07,1.75983e-07,1.56671e-07,1.40959e-07,12702000.0,14969600.0,17434200.0,20024300.0,22729400.0,25531100.0,28377000.0,8.13075e-05,8.91226e-05,9.80778e-05,0.000107211,0.000116306,0.000125476,0.000135437,3.40756,-0.115862,3.42783,-0.133424,7558666.666666668,7887000.0,8424499.999999998,8825333.333333332,9178000.000000002,9412666.666666666,9486333.333333325,7558666.666666668,9486333.333333325,8708333.333333332,0.5950768907783552,2.234057628719887,PASS
ss,125.0,3.3,band3,ss_125c_3.30v_band3,1.898e-07,1.60553e-07,1.37269e-07,1.19078e-07,1.04541e-07,9.27591e-08,8.31377e-08,21074900.0,24913900.0,29139800.0,33591300.0,38262500.0,43122500.0,48113000.0,0.000102268,0.000114093,0.000126743,0.000140314,0.000153395,0.000167521,0.000181073,3.41848,-0.113358,3.45788,-0.171518,12796666.66666667,13441500.0,14462333.333333332,15204499.999999998,15885333.333333338,16417499.999999998,16634999.999999985,12796666.66666667,16634999.999999985,15021166.666666664,0.6071994014997305,2.2829527067744095,PASS
ss,125.0,3.3,band4,ss_125c_3.30v_band4,1.07139e-07,9.02606e-08,7.68568e-08,6.6372e-08,5.80014e-08,5.1317e-08,4.58328e-08,37334600.0,44316100.0,52044800.0,60266400.0,68963900.0,77946900.0,87273700.0,0.000114547,0.000128172,0.00014179,0.000157183,0.000172943,0.000188739,0.000204894,3.3827,-0.125895,3.43583,-0.178385,23271666.66666667,24517000.0,26583833.33333333,28198499.999999996,29467500.000000007,30516333.33333333,31089333.333333306,23271666.66666667,31089333.333333306,27743944.44444444,0.6233270656888429,2.337609081120462,PASS
ss,125.0,3.3,band5,ss_125c_3.30v_band5,6.28914e-08,5.26315e-08,4.45532e-08,3.82816e-08,3.33542e-08,2.94351e-08,2.62768e-08,63601700.0,76000200.0,89780200.0,104489000.0,119925000.0,135892000.0,152226000.0,0.000155037,0.000176651,0.000198409,0.000220856,0.000245517,0.000269332,0.000293341,3.33025,-0.0702281,3.35853,-0.0900751,41328333.33333334,43630833.333333336,47481333.33333333,50241333.33333333,52338333.33333334,53834999.99999999,54446666.66666662,41328333.33333334,54446666.66666662,49235722.22222222,0.6497991929985102,2.393426590798674,PASS
ss,125.0,3.3,band6,ss_125c_3.30v_band6,3.55512e-08,2.96412e-08,2.50644e-08,2.15858e-08,1.88987e-08,1.67904e-08,1.51101e-08,112514000.0,134947000.0,159589000.0,185307000.0,211655000.0,238232000.0,264723000.0,0.000216843,0.000247058,0.000281136,0.000313936,0.000348546,0.000383121,0.000417955,3.33982,-0.0375067,3.35469,-0.0479396,74776666.66666669,78458333.33333334,83933333.33333331,86776666.66666666,88208333.33333336,88446666.66666666,88303333.33333325,74776666.66666669,88446666.66666666,84560555.55555554,0.6645987758560418,2.3528005403771974,PASS
ss,125.0,3.3,band7,ss_125c_3.30v_band7,2.04551e-08,1.71997e-08,1.47231e-08,1.28584e-08,1.14332e-08,1.03217e-08,9.43771e-09,195550000.0,232562000.0,271682000.0,311081000.0,349859000.0,387534000.0,423832000.0,0.000320927,0.000368086,0.000414842,0.000466925,0.000516711,0.000564718,0.000614137,3.35164,-0.0465531,3.36658,-0.0556386,123373333.33333336,126886666.66666667,130864999.99999999,130294999.99999999,127421666.6666667,123288333.33333331,120993333.33333322,120993333.33333322,130864999.99999999,126823333.33333331,0.6309042870536096,2.1673843006903604,PASS
ss,125.0,3.63,band0,ss_125c_3.63v_band0,9.34705e-07,8.00653e-07,6.92532e-07,6.07443e-07,5.39511e-07,4.84715e-07,4.38579e-07,4279430.0,4995920.0,5775910.0,6584980.0,7414130.0,8252270.0,9120350.0,6.61745e-05,7.15966e-05,7.69205e-05,8.28234e-05,8.80736e-05,9.33477e-05,0.000100553,3.70531,-0.0779034,3.71168,-0.0837389,2388300.0000000005,2494133.3333333335,2648433.333333333,2730366.666666666,2778816.6666666674,2843699.9999999995,2893599.999999997,2388300.0000000005,2893599.999999997,2689399.9999999995,0.5580883435410792,2.1312067261294145,PASS
ss,125.0,3.63,band1,ss_125c_3.63v_band1,5.78108e-07,4.94581e-07,4.27234e-07,3.73977e-07,3.31299e-07,2.97203e-07,2.68691e-07,6919120.0,8087660.0,9362560.0,10695900.0,12073700.0,13458800.0,14887000.0,7.6827e-05,8.39016e-05,9.15519e-05,9.88959e-05,0.000106635,0.000114709,0.000122456,3.72095,-0.0887432,3.72829,-0.107559,3895133.3333333344,4072400.0,4347066.666666666,4518566.666666666,4604833.333333334,4688833.333333333,4760666.666666662,3895133.3333333344,4760666.666666662,4426599.999999999,0.5629521287870907,2.151574188625143,PASS
ss,125.0,3.63,band2,ss_125c_3.63v_band2,3.48703e-07,2.97442e-07,2.56368e-07,2.24403e-07,1.97933e-07,1.7687e-07,1.59584e-07,11471100.0,13448000.0,15602600.0,17825100.0,20208900.0,22615500.0,25065200.0,8.59041e-05,9.47558e-05,0.000103357,0.00011197,0.000121688,0.000131371,0.000141209,3.75036,-0.116284,3.74935,-0.141685,6589666.666666668,6885833.333333334,7295166.666666666,7677166.666666665,7984000.000000002,8093833.333333332,8165666.6666666595,6589666.666666668,8165666.6666666595,7552277.777777777,0.5744581310133002,2.1850737941435434,PASS
ss,125.0,3.63,band3,ss_125c_3.63v_band3,2.12639e-07,1.80741e-07,1.55346e-07,1.35168e-07,1.19123e-07,1.06142e-07,9.546e-08,18811300.0,22131200.0,25749000.0,29592800.0,33578800.0,37685400.0,41902300.0,0.000108039,0.000119635,0.000132564,0.00014631,0.000159713,0.000173614,0.000187566,3.77771,-0.150299,3.78847,-0.175254,11066333.333333336,11562833.333333334,12435999.999999998,13049666.666666664,13487666.66666667,13872499.999999998,14056333.33333332,11066333.333333336,14056333.33333332,12828333.333333332,0.5882811572476828,2.2275068708701684,PASS
ss,125.0,3.63,band4,ss_125c_3.63v_band4,1.21031e-07,1.02478e-07,8.77916e-08,7.60964e-08,6.68636e-08,5.93685e-08,5.31715e-08,33049400.0,39032900.0,45562400.0,52564900.0,59823300.0,67375800.0,75228300.0,0.000120641,0.000133856,0.000149197,0.000164297,0.000179918,0.000195794,0.00021205,3.77913,-0.160848,3.76237,-0.160876,19945000.000000004,20855000.0,22553333.33333333,23768166.666666664,24684833.33333334,25674999.999999996,26174999.999999978,19945000.000000004,26174999.999999978,23432722.22222222,0.6034905323545966,2.276237995243484,PASS
ss,125.0,3.63,band5,ss_125c_3.63v_band5,7.21012e-08,6.07104e-08,5.16293e-08,4.45331e-08,3.88972e-08,3.43413e-08,3.06488e-08,55477600.0,65886500.0,77475400.0,89820900.0,102835000.0,116478000.0,130511000.0,0.000163108,0.000184025,0.000206135,0.000229451,0.00025307,0.00027749,0.000302128,3.65247,-0.102214,3.68161,-0.120376,34696333.33333334,36663000.0,39890666.666666664,42265999.99999999,44428500.00000001,46126666.66666666,46776666.66666663,34696333.33333334,46776666.66666663,41685222.22222222,0.6254115775255841,2.352499026634173,PASS
ss,125.0,3.63,band6,ss_125c_3.63v_band6,4.11522e-08,3.43764e-08,2.90597e-08,2.49557e-08,2.17597e-08,1.9227e-08,1.71948e-08,97200100.0,116359000.0,137648000.0,160284000.0,183826000.0,208041000.0,232629000.0,0.000225577,0.000256742,0.00029105,0.000326466,0.00036209,0.000398032,0.000433925,3.66269,-0.0331127,3.67796,-0.0538678,63863000.000000015,67413166.66666667,73208333.33333333,76963333.33333333,79595000.00000001,81338333.33333333,81959999.99999993,63863000.000000015,81959999.99999993,75238277.77777776,0.6570260730184435,2.393300006892997,PASS
ss,125.0,3.63,band7,ss_125c_3.63v_band7,2.35557e-08,1.96762e-08,1.66966e-08,1.44422e-08,1.27122e-08,1.13592e-08,1.02861e-08,169811000.0,203291000.0,239570000.0,276966000.0,314659000.0,352138000.0,388875000.0,0.000334319,0.000380862,0.000433714,0.000487535,0.000539713,0.000593621,0.000645607,3.67369,-0.0432314,3.69073,-0.0544189,111600000.00000003,116265000.0,122791666.66666664,125148333.33333331,125286666.6666667,123693333.33333331,122456666.66666655,111600000.00000003,125286666.6666667,121702222.22222221,0.6572012413801228,2.290045992309097,PASS
fs,-40.0,2.97,band0,fs_-40c_2.97v_band0,9.44414e-07,7.78981e-07,6.58371e-07,5.6763e-07,4.96817e-07,4.41411e-07,3.95634e-07,4235430.0,5134920.0,6075610.0,7046840.0,8051260.0,9061860.0,10110400.0,3.61526e-05,4.06652e-05,4.51945e-05,4.91974e-05,5.43523e-05,5.89338e-05,6.32037e-05,3.02341,-0.0359871,3.03895,-0.0637232,2998300.0000000005,3066966.666666667,3186533.333333333,3292749.9999999995,3358366.6666666674,3431899.9999999995,3495133.33333333,2998300.0000000005,3495133.33333333,3263872.2222222215,0.7079092323565731,2.387101191614547,PASS
fs,-40.0,2.97,band1,fs_-40c_2.97v_band1,5.82249e-07,4.79722e-07,4.04707e-07,3.47729e-07,3.04245e-07,2.69834e-07,2.42093e-07,6869910.0,8338160.0,9883690.0,11503200.0,13147300.0,14823900.0,16522600.0,4.42157e-05,4.93255e-05,5.55543e-05,6.16992e-05,6.79603e-05,7.37731e-05,8.12151e-05,3.04149,-0.0764283,3.05109,-0.101773,4894166.666666668,5022966.666666667,5275066.666666666,5439349.999999999,5534500.000000001,5625499.999999999,5662333.333333328,4894166.666666668,5662333.333333328,5362605.555555555,0.7124062275439806,2.405067897541598,PASS
fs,-40.0,2.97,band2,fs_-40c_2.97v_band2,3.43455e-07,2.8251e-07,2.37682e-07,2.04063e-07,1.78337e-07,1.57683e-07,1.41129e-07,11646400.0,14158800.0,16829200.0,19601800.0,22429500.0,25367300.0,28342900.0,5.01412e-05,5.69928e-05,6.3771e-05,7.12678e-05,7.86343e-05,8.69219e-05,9.46644e-05,3.07959,-0.096606,3.07824,-0.0871348,8374666.666666669,8638000.0,9071666.666666666,9333833.333333332,9609166.666666668,9855666.666666666,9918666.666666659,8374666.666666669,9918666.666666659,9275833.333333332,0.7190777121399462,2.433618972386317,PASS
fs,-40.0,2.97,band3,fs_-40c_2.97v_band3,2.09734e-07,1.72013e-07,1.44246e-07,1.23403e-07,1.07419e-07,9.48394e-08,8.4648e-08,19071800.0,23254000.0,27730400.0,32414200.0,37237200.0,42176600.0,47254500.0,6.47462e-05,7.43316e-05,8.52968e-05,9.62495e-05,0.000107268,0.000118961,0.000130309,3.07361,-0.100151,3.10657,-0.138807,13940666.66666667,14431000.0,15266999.999999998,15844666.666666664,16270666.66666667,16695499.999999998,16926333.333333317,13940666.66666667,16926333.333333317,15657055.555555554,0.7309570500249934,2.4777157898048427,PASS
fs,-40.0,2.97,band4,fs_-40c_2.97v_band4,1.25213e-07,1.02254e-07,8.54932e-08,7.28928e-08,6.323e-08,5.57032e-08,4.95298e-08,31945600.0,39118300.0,46787300.0,54875100.0,63261100.0,71809200.0,80759500.0,7.08928e-05,8.28175e-05,9.45216e-05,0.000107224,0.000119301,0.000133046,0.000144959,3.07229,-0.12111,3.12783,-0.166435,23909000.000000004,24736166.666666668,26261333.33333333,27456333.33333333,28223500.000000007,29163999.999999996,29834333.333333306,23909000.000000004,29834333.333333306,27118833.33333333,0.7484285785835922,2.528032029450065,PASS
fs,-40.0,2.97,band5,fs_-40c_2.97v_band5,7.4989e-08,6.09634e-08,5.07364e-08,4.31227e-08,3.74704e-08,3.2727e-08,2.90857e-08,53341100.0,65613100.0,78838900.0,92758700.0,106751000.0,122223000.0,137525000.0,9.91962e-05,0.000115359,0.000134025,0.000152164,0.000171915,0.000191025,0.000210419,3.05899,-0.111899,3.06569,-0.129033,40906666.66666668,42496333.333333336,45242666.66666666,46520166.66666666,49107166.66666668,51289999.99999999,51006666.66666662,40906666.66666668,51289999.99999999,46768833.33333333,0.7668883218881253,2.578218296960505,PASS
fs,-40.0,2.97,band6,fs_-40c_2.97v_band6,4.24941e-08,3.44149e-08,2.85636e-08,2.42477e-08,2.09738e-08,1.84372e-08,1.64214e-08,94130800.0,116229000.0,140038000.0,164964000.0,190714000.0,216953000.0,243585000.0,0.000141647,0.000167786,0.00019469,0.000224433,0.000251884,0.000280899,0.000309773,3.01281,-0.078438,3.02746,-0.122435,73660666.66666669,76512000.0,81224999.99999999,84459999.99999999,86648333.33333336,88118333.33333331,88773333.33333325,73660666.66666669,88773333.33333325,83030111.1111111,0.7825352240357746,2.587728989873665,PASS
fs,-40.0,2.97,band7,fs_-40c_2.97v_band7,2.49614e-08,2.01967e-08,1.67934e-08,1.43204e-08,1.24647e-08,1.10359e-08,9.9073e-09,160248000.0,198052000.0,238189000.0,279321000.0,320905000.0,362454000.0,403743000.0,0.000213967,0.000252388,0.00029624,0.000338727,0.000383271,0.00042588,0.00047007,3.02106,-0.037451,3.03274,-0.0466145,126013333.33333336,129901666.66666667,135448333.3333333,137859999.99999997,138555000.00000003,138063333.3333333,137629999.99999988,126013333.33333336,138555000.00000003,135274999.99999997,0.7863644684073021,2.519488542758724,PASS
fs,-40.0,3.3,band0,fs_-40c_3.30v_band0,1.04081e-06,8.64062e-07,7.32309e-07,6.33833e-07,5.57489e-07,4.96593e-07,4.46568e-07,3843150.0,4629300.0,5462180.0,6310820.0,7175030.0,8054880.0,8957210.0,4.04235e-05,4.52302e-05,4.95024e-05,5.40741e-05,5.81107e-05,6.38829e-05,6.82126e-05,3.35152,-0.0569122,3.38096,-0.0557478,2620500.0000000005,2698383.3333333335,2802533.333333333,2854749.9999999995,2906766.6666666674,2970299.9999999995,3007766.666666664,2620500.0000000005,3007766.666666664,2841144.444444444,0.6818625346395536,2.330694872695575,PASS
fs,-40.0,3.3,band1,fs_-40c_3.30v_band1,6.4953e-07,5.38183e-07,4.55502e-07,3.93763e-07,3.45699e-07,3.07799e-07,2.767e-07,6158300.0,7432410.0,8781530.0,10158400.0,11570700.0,12995500.0,14456100.0,4.78077e-05,5.46314e-05,6.04122e-05,6.64977e-05,7.30667e-05,7.90679e-05,8.6144e-05,3.37518,-0.0712329,3.37973,-0.0843166,4247033.333333334,4372050.0,4543316.666666666,4648616.666666666,4728500.000000001,4808999.999999999,4868666.666666662,4247033.333333334,4868666.666666662,4609888.888888888,0.689643786975843,2.3474173067242585,PASS
fs,-40.0,3.3,band2,fs_-40c_3.30v_band2,3.86214e-07,3.1975e-07,2.70313e-07,2.335e-07,2.04519e-07,1.81921e-07,1.63328e-07,10357000.0,12509800.0,14797700.0,17130600.0,19558100.0,21987500.0,24490600.0,5.53431e-05,6.23124e-05,6.86838e-05,7.71249e-05,8.50602e-05,9.23998e-05,0.000100603,3.39676,-0.092081,3.3968,-0.105973,7176000.000000002,7401166.666666667,7701333.333333332,7933999.999999999,8094833.333333335,8220833.333333332,8343666.6666666595,7176000.000000002,8343666.6666666595,7851999.999999999,0.6928647291686784,2.3646422709278747,PASS
fs,-40.0,3.3,band3,fs_-40c_3.30v_band3,2.39222e-07,1.97319e-07,1.66453e-07,1.43284e-07,1.25215e-07,1.11072e-07,9.9325e-08,16720800.0,20271700.0,24030800.0,27916600.0,31945000.0,36012700.0,40271800.0,7.05977e-05,8.10516e-05,9.17264e-05,0.000102617,0.000114142,0.000124669,0.000137317,3.41806,-0.0950954,3.42764,-0.138684,11836333.333333336,12183333.333333334,12741499.999999998,13190333.333333332,13493500.000000004,13877999.999999998,14196999.999999987,11836333.333333336,14196999.999999987,13083888.888888886,0.7078808031513645,2.408485239940673,PASS
fs,-40.0,3.3,band4,fs_-40c_3.30v_band4,1.43957e-07,1.1844e-07,9.95305e-08,8.53906e-08,7.44025e-08,6.56786e-08,5.86652e-08,27786100.0,33772400.0,40188700.0,46843500.0,53761600.0,60902600.0,68183600.0,7.74049e-05,8.95802e-05,0.00010161,0.000114272,0.00012707,0.000139711,0.000153852,3.4442,-0.149197,3.45471,-0.146761,19954333.33333334,20671000.0,21785166.666666664,22621499.999999996,23431833.33333334,24036666.666666664,24269999.999999978,19954333.33333334,24269999.999999978,22443055.555555552,0.7181408450028374,2.4538744192240003,PASS
fs,-40.0,3.3,band5,fs_-40c_3.30v_band5,8.75263e-08,7.16157e-08,5.99206e-08,5.11692e-08,4.43772e-08,3.90745e-08,3.47866e-08,45700500.0,55853700.0,66755000.0,78172000.0,90136300.0,102369000.0,114987000.0,0.000107063,0.000123387,0.000141872,0.000161042,0.000180635,0.000200524,0.000220508,3.40113,-0.12019,3.44186,-0.180439,33844000.00000001,35090833.333333336,37197166.666666664,38968833.33333333,40328333.33333334,41417833.33333333,42059999.99999996,33844000.00000001,42059999.99999996,38492499.99999999,0.740560825373902,2.5160993862211574,PASS
fs,-40.0,3.3,band6,fs_-40c_3.30v_band6,5.00625e-08,4.07491e-08,3.3933e-08,2.88467e-08,2.49363e-08,2.18765e-08,1.94258e-08,79900100.0,98161600.0,117879000.0,138664000.0,160408000.0,182845000.0,205912000.0,0.000149618,0.000178213,0.000206549,0.000235109,0.000264064,0.000293532,0.000323699,3.34321,-0.0976085,3.37917,-0.111256,60871666.66666668,63298166.66666667,67503999.99999999,70881666.66666666,73635000.00000001,75839999.99999999,76889999.99999993,60871666.66666668,76889999.99999993,70006611.1111111,0.7618471900118609,2.577118176322683,PASS
fs,-40.0,3.3,band7,fs_-40c_3.30v_band7,2.96258e-08,2.396e-08,1.98508e-08,1.68209e-08,1.45344e-08,1.27622e-08,1.13616e-08,135018000.0,166945000.0,201503000.0,237799000.0,275208000.0,313425000.0,352062000.0,0.000225781,0.000265305,0.00031066,0.000356793,0.000401039,0.000448373,0.000495823,3.34137,-0.0392261,3.35628,-0.0687166,106423333.33333336,110808333.33333334,118089999.99999999,122841666.66666664,126043333.33333336,128089999.99999999,128789999.99999988,106423333.33333336,128789999.99999988,120579999.99999999,0.7882158922020276,2.6075189974670043,PASS
fs,-40.0,3.63,band0,fs_-40c_3.63v_band0,1.11715e-06,9.3116e-07,7.93024e-07,6.88075e-07,6.06108e-07,5.4901e-07,4.89741e-07,3580540.0,4295720.0,5043980.0,5813320.0,6599480.0,7285850.0,8167580.0,4.5615e-05,4.9752e-05,5.48724e-05,5.93118e-05,6.42012e-05,6.92372e-05,7.37109e-05,3.67705,-0.0619249,3.69865,-0.0885443,2383933.333333334,2439066.666666667,2529333.333333333,2592499.9999999995,2454216.6666666674,2613499.9999999995,2939099.999999997,2383933.333333334,2939099.999999997,2548355.555555555,0.6658027373897049,2.281102850408039,PASS
fs,-40.0,3.63,band1,fs_-40c_3.63v_band1,7.02679e-07,5.85363e-07,4.97626e-07,4.31627e-07,3.8019e-07,3.3901e-07,3.05825e-07,5692500.0,6833360.0,8038160.0,9267260.0,10521100.0,11799100.0,13079400.0,5.34271e-05,5.89519e-05,6.68673e-05,7.29458e-05,7.78481e-05,8.60453e-05,9.26613e-05,3.70015,-0.0729213,3.70993,-0.0790518,3802866.6666666674,3909433.3333333335,4056499.9999999995,4138233.3333333326,4219733.333333334,4263833.333333333,4267666.666666663,3802866.6666666674,4267666.666666663,4103833.3333333326,0.6680486019616456,2.2976548089591566,PASS
fs,-40.0,3.63,band2,fs_-40c_3.63v_band2,4.20483e-07,3.49983e-07,2.97488e-07,2.57644e-07,2.26947e-07,2.02347e-07,1.82034e-07,9512880.0,11429100.0,13445900.0,15525300.0,17625200.0,19768000.0,21973900.0,6.02994e-05,6.70905e-05,7.62186e-05,8.31778e-05,9.17742e-05,0.000100476,0.000108403,3.73356,-0.0961619,3.74726,-0.137729,6387400.000000002,6555033.333333334,6826999.999999999,6965499.999999999,7071166.666666668,7247833.333333332,7352999.9999999935,6387400.000000002,7352999.9999999935,6922788.888888888,0.6714475532120664,2.309910353121242,PASS
fs,-40.0,3.63,band3,fs_-40c_3.63v_band3,2.6341e-07,2.18655e-07,1.85253e-07,1.60199e-07,1.40581e-07,1.25014e-07,1.12449e-07,15185400.0,18293600.0,21592000.0,24969000.0,28453400.0,31996500.0,35571700.0,7.76217e-05,8.83155e-05,9.8344e-05,0.000110415,0.000121466,0.000133799,0.000145686,3.74218,-0.108496,3.7591,-0.122723,10360666.66666667,10677666.666666668,11125666.666666664,11435666.666666664,11712500.000000002,11863833.333333332,11917333.333333323,10360666.66666667,11917333.333333323,11325722.22222222,0.6822781531383216,2.342493447653667,PASS
fs,-40.0,3.63,band4,fs_-40c_3.63v_band4,1.59262e-07,1.3182e-07,1.11445e-07,9.60675e-08,8.4024e-08,7.4487e-08,6.68524e-08,25115900.0,30344400.0,35892300.0,41637400.0,47605400.0,53700600.0,59833300.0,8.60893e-05,9.79729e-05,0.00010981,0.000122796,0.00013722,0.000151052,0.00016419,3.76051,-0.146637,3.80602,-0.169527,17428333.333333336,17960666.666666668,18821666.666666664,19521833.333333332,20105333.33333334,20379833.333333332,20442333.333333313,17428333.333333336,20442333.333333313,19287444.44444444,0.6939163371941016,2.3822877141571674,PASS
fs,-40.0,3.63,band5,fs_-40c_3.63v_band5,9.82168e-08,8.0911e-08,6.80507e-08,5.83832e-08,5.08815e-08,4.49399e-08,4.01292e-08,40726200.0,49437000.0,58779700.0,68512900.0,78614100.0,89007700.0,99678000.0,0.000115438,0.000133452,0.000152555,0.000171484,0.000191998,0.000212411,0.000231102,3.75887,-0.0899636,3.79722,-0.174477,29036000.000000007,30089166.666666668,31793166.66666666,33057333.33333333,34158000.00000001,35106499.99999999,35567666.666666634,29036000.000000007,35567666.666666634,32750999.999999996,0.7129562787591283,2.447515358663465,PASS
fs,-40.0,3.63,band6,fs_-40c_3.63v_band6,5.67427e-08,4.64829e-08,3.89121e-08,3.32301e-08,2.88436e-08,2.537e-08,2.256e-08,70493600.0,86053100.0,102796000.0,120373000.0,138679000.0,157667000.0,177305000.0,0.0001616,0.000190583,0.000218548,0.000248974,0.000278035,0.000308754,0.000339595,3.70756,-0.166683,3.7335,-0.136917,51865000.000000015,53837333.333333336,57199833.33333333,59804999.99999999,62156666.66666668,64376666.66666666,65459999.99999994,51865000.000000015,65459999.99999994,59339666.66666666,0.7357405494966921,2.5151928685724663,PASS
fs,-40.0,3.63,band7,fs_-40c_3.63v_band7,3.40298e-08,2.76733e-08,2.30123e-08,1.95293e-08,1.68604e-08,1.47738e-08,1.31068e-08,117544000.0,144544000.0,173820000.0,204820000.0,237242000.0,270750000.0,305184000.0,0.00023769,0.000280288,0.000324646,0.000373687,0.000419336,0.000467171,0.000516615,3.66431,-0.0567228,3.67797,-0.072389,90000000.00000001,93793333.33333334,100459999.99999999,105703333.33333331,109883333.33333336,113236666.66666666,114779999.9999999,90000000.00000001,114779999.9999999,104244444.44444443,0.7656707275573403,2.5963383924317704,PASS
fs,27.0,2.97,band0,fs_27c_2.97v_band0,8.93547e-07,7.3788e-07,6.23393e-07,5.37438e-07,4.70743e-07,4.1816e-07,3.74976e-07,4476540.0,5420940.0,6416500.0,7442720.0,8497200.0,9565710.0,10667300.0,4.361e-05,4.86086e-05,5.27035e-05,5.8765e-05,6.32765e-05,6.90891e-05,7.38559e-05,3.02318,-0.0580889,3.05498,-0.106631,3148000.000000001,3233266.666666667,3369633.333333333,3467833.333333333,3538316.6666666674,3616833.333333333,3671966.6666666633,3148000.000000001,3671966.6666666633,3439311.1111111105,0.7032216846046279,2.382934141100046,PASS
fs,27.0,2.97,band1,fs_27c_2.97v_band1,5.4899e-07,4.52631e-07,3.81477e-07,3.28293e-07,2.86844e-07,2.54653e-07,2.28398e-07,7286110.0,8837230.0,10485600.0,12184200.0,13944900.0,15707700.0,17513300.0,5.10716e-05,5.82328e-05,6.40812e-05,7.12378e-05,7.82716e-05,8.57582e-05,9.27831e-05,3.05012,-0.0874927,3.08006,-0.113755,5170400.000000001,5332483.333333334,5578283.333333332,5765499.999999999,5872500.000000001,5947333.333333332,6018666.666666661,5170400.000000001,6018666.666666661,5681772.222222221,0.7096242027638893,2.403655723012691,PASS
fs,27.0,2.97,band2,fs_27c_2.97v_band2,3.26889e-07,2.68847e-07,2.25996e-07,1.94122e-07,1.69105e-07,1.49629e-07,1.33722e-07,12236600.0,14878400.0,17699400.0,20605600.0,23654000.0,26732700.0,29912800.0,5.8144e-05,6.63882e-05,7.41277e-05,8.26614e-05,9.08508e-05,9.95728e-05,0.000108905,3.05984,-0.0923542,3.08407,-0.103122,8806000.000000002,9104666.666666668,9545333.333333332,9924333.333333332,10211833.333333336,10431333.333333332,10600333.333333325,8806000.000000002,10600333.333333325,9820111.11111111,0.71964434565157,2.4445352467188597,PASS
fs,27.0,2.97,band3,fs_27c_2.97v_band3,1.98408e-07,1.62495e-07,1.36225e-07,1.1646e-07,1.01238e-07,8.92115e-08,7.96077e-08,20160400.0,24616200.0,29363100.0,34346400.0,39510800.0,44837300.0,50246400.0,7.526e-05,8.64647e-05,9.80966e-05,0.000110552,0.000122826,0.000135239,0.000148684,3.08686,-0.129927,3.13363,-0.148986,14852666.66666667,15337833.333333334,16216999.999999998,16912833.333333332,17484833.333333336,17892666.666666664,18030333.333333317,14852666.66666667,18030333.333333317,16714444.444444442,0.736724800433854,2.4923315013591,PASS
fs,27.0,2.97,band4,fs_27c_2.97v_band4,1.15302e-07,9.40429e-08,7.85194e-08,6.69073e-08,5.79728e-08,5.0965e-08,4.53492e-08,34691400.0,42533800.0,50942800.0,59784200.0,68997900.0,78485200.0,88204400.0,8.32769e-05,9.66119e-05,0.000109555,0.00012414,0.000138043,0.00015236,0.000167112,3.07273,-0.12374,3.13214,-0.161274,26141333.33333334,27085666.666666668,28750666.666666664,30091833.33333333,31168333.33333334,32010833.33333333,32397333.333333306,26141333.33333334,32397333.333333306,29729444.44444444,0.753539301767393,2.542543685178459,PASS
fs,27.0,2.97,band5,fs_27c_2.97v_band5,6.85155e-08,5.55781e-08,4.61709e-08,3.91719e-08,3.38403e-08,2.96583e-08,2.6318e-08,58380900.0,71970800.0,86634600.0,102114000.0,118202000.0,134869000.0,151987000.0,0.000114487,0.000134923,0.000155012,0.000176501,0.000198083,0.000219893,0.000241716,3.00662,-0.0970948,3.08299,-0.136736,45299666.66666668,47089500.0,50238666.66666666,52612333.33333333,54591666.66666668,56308333.33333333,57059999.99999995,45299666.66666668,57059999.99999995,52003388.88888888,0.7759329963509757,2.603368567459563,PASS
fs,27.0,2.97,band6,fs_27c_2.97v_band6,3.89847e-08,3.14629e-08,2.60568e-08,2.20933e-08,1.91126e-08,1.68111e-08,1.49946e-08,102604000.0,127134000.0,153511000.0,181051000.0,209286000.0,237937000.0,266762000.0,0.000163474,0.000193962,0.000223945,0.000254462,0.000287663,0.000319799,0.000351818,3.00922,-0.0572495,3.0223,-0.043315,81766666.66666669,84845000.0,89861666.66666666,92958333.33333331,94810000.00000001,95793333.33333331,96083333.33333325,81766666.66666669,96083333.33333325,91198888.88888888,0.796915000064975,2.5999181318467115,PASS
fs,27.0,2.97,band7,fs_27c_2.97v_band7,2.26352e-08,1.83103e-08,1.52591e-08,1.30557e-08,1.14125e-08,1.01532e-08,9.16496e-09,176716000.0,218456000.0,262138000.0,306378000.0,350493000.0,393964000.0,436445000.0,0.000244471,0.000290588,0.000338965,0.00038583,0.000434085,0.000479714,0.000528244,3.01853,-0.0396957,3.03122,-0.0498606,139133333.33333337,142370000.0,146536666.66666666,147258333.3333333,145976666.6666667,143253333.3333333,141603333.3333332,139133333.33333337,147258333.3333333,144293888.88888887,0.7873273123731489,2.4697537291473326,PASS
fs,27.0,3.3,band0,fs_27c_3.30v_band0,9.88571e-07,8.20355e-07,6.95184e-07,6.01849e-07,5.28767e-07,4.70819e-07,4.23491e-07,4046240.0,4875940.0,5753880.0,6646180.0,7564780.0,8495830.0,9445300.0,4.79635e-05,5.25312e-05,5.73866e-05,6.23617e-05,6.82295e-05,7.28694e-05,7.9554e-05,3.35638,-0.0758699,3.40632,-0.0750789,2765666.6666666674,2846066.666666667,2950399.9999999995,3018166.666666666,3082750.0000000005,3134199.9999999995,3164899.999999997,2765666.6666666674,3164899.999999997,2999477.7777777775,0.6835152306009202,2.3343400292617345,PASS
fs,27.0,3.3,band1,fs_27c_3.30v_band1,6.13206e-07,5.07913e-07,4.3047e-07,3.71606e-07,3.26069e-07,2.89992e-07,2.60342e-07,6523090.0,7875370.0,9292180.0,10764100.0,12267300.0,13793500.0,15364400.0,5.55449e-05,6.24573e-05,6.98441e-05,7.63962e-05,8.40023e-05,9.07756e-05,9.89099e-05,3.37764,-0.082025,3.38827,-0.0926166,4507600.000000001,4615150.0,4814549.999999999,4958533.333333333,5049000.000000001,5161833.333333333,5236333.333333328,4507600.000000001,5236333.333333328,4911838.888888888,0.6910221996017226,2.355386787550072,PASS
fs,27.0,3.3,band2,fs_27c_3.30v_band2,3.67804e-07,3.03998e-07,2.56957e-07,2.21563e-07,1.93835e-07,1.72157e-07,1.54391e-07,10875300.0,13158000.0,15566800.0,18053600.0,20636100.0,23234600.0,25908200.0,6.32415e-05,7.11904e-05,7.94053e-05,8.79827e-05,9.7209e-05,0.000105413,0.000113856,3.39582,-0.128836,3.41324,-0.104987,7609000.000000002,7819166.666666667,8159333.333333332,8448833.333333332,8635000.000000002,8786833.333333332,8911999.999999993,7609000.000000002,8911999.999999993,8351611.11111111,0.6996588599854718,2.382297499839085,PASS
fs,27.0,3.3,band3,fs_27c_3.30v_band3,2.25997e-07,1.86231e-07,1.56878e-07,1.3484e-07,1.1776e-07,1.04217e-07,9.3259e-08,17699400.0,21478700.0,25497500.0,29664800.0,33967400.0,38381300.0,42891300.0,8.01027e-05,9.24681e-05,0.000104438,0.000116708,0.000129166,0.000143303,0.000155673,3.40798,-0.108437,3.4387,-0.122327,12597666.66666667,12996833.333333334,13643499.999999998,14116499.999999998,14527500.000000004,14873166.666666664,15033333.333333319,12597666.66666667,15033333.333333319,13995499.999999998,0.7117567073836779,2.4233194345571034,PASS
fs,27.0,3.3,band4,fs_27c_3.30v_band4,1.32524e-07,1.08772e-07,9.13442e-08,7.82646e-08,6.81064e-08,6.00676e-08,5.35944e-08,30183200.0,36774100.0,43790400.0,51108700.0,58731700.0,66591600.0,74634600.0,8.96002e-05,0.000102979,0.000116338,0.000131314,0.000145261,0.000160532,0.00017507,3.43315,-0.146432,3.47082,-0.140458,21969666.66666667,22678666.666666668,23890999.999999996,24902166.666666664,25804833.33333334,26504833.33333333,26809999.999999978,21969666.66666667,26809999.999999978,24695222.22222222,0.7278773180665625,2.4727199236661455,PASS
fs,27.0,3.3,band5,fs_27c_3.30v_band5,7.98893e-08,6.52059e-08,5.44644e-08,4.63971e-08,4.01923e-08,3.53155e-08,3.13589e-08,50069300.0,61344200.0,73442500.0,86212300.0,99521600.0,113265000.0,127556000.0,0.00012171,0.000142653,0.000163515,0.000184453,0.000206815,0.000229195,0.000251589,3.38886,-0.155386,3.42253,-0.126649,37583000.00000001,38955333.333333336,41446833.33333333,43465166.66666666,45087833.33333334,46723999.99999999,47636666.66666663,37583000.00000001,47636666.66666663,43048166.66666666,0.7506196411773284,2.5475890415883584,PASS
fs,27.0,3.3,band6,fs_27c_3.30v_band6,4.58917e-08,3.72123e-08,3.08808e-08,2.61788e-08,2.25865e-08,1.97813e-08,1.75521e-08,87161800.0,107491000.0,129530000.0,152795000.0,177097000.0,202211000.0,227893000.0,0.000172616,0.000202437,0.000233391,0.000267765,0.000300825,0.00033394,0.000367297,3.3301,-0.0738924,3.34558,-0.0864244,67764000.00000001,70613666.66666667,75506666.66666666,79278333.33333333,82360000.00000001,84659999.99999999,85606666.6666666,67764000.00000001,85606666.6666666,78183999.99999999,0.777450672198142,2.6145972203419388,PASS
fs,27.0,3.3,band7,fs_27c_3.30v_band7,2.67678e-08,2.15767e-08,1.78575e-08,1.51433e-08,1.3109e-08,1.15447e-08,1.03189e-08,149433000.0,185385000.0,223996000.0,264143000.0,305133000.0,346480000.0,387640000.0,0.000254425,0.000303602,0.000351993,0.000404965,0.000453876,0.000505006,0.000555045,3.33957,-0.0363482,3.35476,-0.0482763,119840000.00000003,124271666.66666667,131263333.33333331,135228333.3333333,137228333.33333337,137511666.66666666,137199999.99999988,119840000.00000003,137511666.66666666,132337222.22222221,0.8019647601266121,2.5940722598087436,PASS
fs,27.0,3.63,band0,fs_27c_3.63v_band0,1.06581e-06,8.8761e-07,7.55202e-07,6.55145e-07,5.78048e-07,5.15611e-07,4.6533e-07,3753010.0,4506480.0,5296590.0,6105520.0,6919840.0,7757780.0,8596050.0,5.29e-05,5.67548e-05,6.26837e-05,6.80972e-05,7.32977e-05,7.85131e-05,8.41194e-05,3.69888,-0.0571798,3.72059,-0.0526883,2511566.6666666674,2572633.3333333335,2665066.666666666,2705416.666666666,2753766.6666666674,2793683.333333333,2794233.3333333307,2511566.6666666674,2794233.3333333307,2690577.7777777775,0.6692139553762626,2.2904415389247563,PASS
fs,27.0,3.63,band1,fs_27c_3.63v_band1,6.66659e-07,5.54761e-07,4.71364e-07,4.08302e-07,3.60068e-07,3.20788e-07,2.89361e-07,6000070.0,7210310.0,8486010.0,9796660.0,11109000.0,12469300.0,13823600.0,6.14373e-05,6.81428e-05,7.4437e-05,8.09169e-05,8.9095e-05,9.7193e-05,0.000105275,3.71929,-0.0811869,3.72351,-0.0911145,4034133.3333333344,4143233.3333333335,4310583.333333333,4371649.999999999,4454400.000000001,4524333.333333333,4514333.333333329,4034133.3333333344,4524333.333333333,4346405.555555555,0.6723477114989216,2.3039064544246983,PASS
fs,27.0,3.63,band2,fs_27c_3.63v_band2,4.02017e-07,3.34046e-07,2.83414e-07,2.45301e-07,2.15606e-07,1.91804e-07,1.72529e-07,9949830.0,11974400.0,14113600.0,16306500.0,18552400.0,20854600.0,23184500.0,6.96769e-05,7.6988e-05,8.60675e-05,9.5083e-05,0.000103323,0.000112496,0.000122062,3.72973,-0.0864893,3.79888,-0.128706,6748566.666666668,6939616.666666667,7220166.666666666,7397999.999999999,7580166.666666668,7720166.666666665,7766333.3333333265,6748566.666666668,7766333.3333333265,7352594.444444443,0.6782594945508283,2.3301403139551127,PASS
fs,27.0,3.63,band3,fs_27c_3.63v_band3,2.49563e-07,2.0677e-07,1.75068e-07,1.51045e-07,1.32378e-07,1.17549e-07,1.05544e-07,16028000.0,19345200.0,22848200.0,26482100.0,30216600.0,34028200.0,37899000.0,8.79829e-05,9.92393e-05,0.000111588,0.000123629,0.00013747,0.000149765,0.000163419,3.74098,-0.108924,3.7748,-0.161036,11057333.333333336,11367000.0,11894833.333333332,12280666.666666664,12576833.333333336,12803999.999999998,12902666.666666655,11057333.333333336,12902666.666666655,12150555.555555554,0.689876050245404,2.364549538307961,PASS
fs,27.0,3.63,band4,fs_27c_3.63v_band4,1.47104e-07,1.21498e-07,1.02557e-07,8.82861e-08,7.70607e-08,6.82779e-08,6.11456e-08,27191700.0,32922400.0,39002800.0,45307300.0,51907200.0,58584100.0,65417600.0,9.74336e-05,0.000110111,0.000125033,0.000140947,0.000155299,0.000169482,0.000185685,3.78425,-0.155597,3.77235,-0.159062,19102333.333333336,19685166.666666668,20641499.999999996,21507333.33333333,22128000.000000004,22517333.33333333,22778333.333333313,19102333.333333336,22778333.333333313,21236611.11111111,0.7025060343168443,2.405792944170464,PASS
fs,27.0,3.63,band5,fs_27c_3.63v_band5,8.98476e-08,7.37905e-08,6.1977e-08,5.30742e-08,4.61628e-08,4.06828e-08,3.62742e-08,44519800.0,54207500.0,64540100.0,75366200.0,86649900.0,98321700.0,110271000.0,0.000130869,0.000151252,0.00017242,0.000194973,0.000216562,0.000239569,0.000263445,3.70669,-0.120927,3.75914,-0.149726,32292333.33333334,33367166.666666668,35264499.99999999,36849666.666666664,38259166.66666667,39368499.99999999,39830999.99999996,32292333.33333334,39830999.99999996,36528444.44444444,0.725347673020394,2.4768979195773566,PASS
fs,27.0,3.63,band6,fs_27c_3.63v_band6,5.21164e-08,4.25388e-08,3.54928e-08,3.0203e-08,2.61284e-08,2.29106e-08,2.03262e-08,76751300.0,94031800.0,112699000.0,132437000.0,153090000.0,174592000.0,196790000.0,0.00018404,0.000214127,0.000246117,0.00027948,0.00031188,0.000347823,0.000381776,3.66268,-0.0844228,3.72656,-0.148319,57601666.66666668,59912833.333333336,64008666.66666666,67318333.33333333,70258333.33333334,72833333.33333333,73993333.33333327,57601666.66666668,73993333.33333327,66688166.66666666,0.7504976028636215,2.5639956587054553,PASS
fs,27.0,3.63,band7,fs_27c_3.63v_band7,3.07908e-08,2.49244e-08,2.06496e-08,1.74818e-08,1.5077e-08,1.32135e-08,1.17388e-08,129909000.0,160486000.0,193708000.0,228809000.0,265305000.0,302721000.0,340749000.0,0.000268287,0.000318651,0.000367881,0.00042014,0.000472747,0.000525323,0.000579007,3.66075,-0.0328845,3.67664,-0.046593,101923333.33333336,106331666.66666667,113871666.66666666,119328333.33333331,123186666.6666667,125739999.99999999,126759999.99999988,101923333.33333336,126759999.99999988,117133333.33333331,0.7845748434160325,2.6229822414151442,PASS
fs,125.0,2.97,band0,fs_125c_2.97v_band0,8.29488e-07,6.88167e-07,5.84088e-07,5.04329e-07,4.43022e-07,3.93811e-07,3.53683e-07,4822250.0,5812540.0,6848290.0,7931330.0,9028900.0,10157200.0,11309500.0,5.73923e-05,6.28622e-05,6.86864e-05,7.38377e-05,7.94884e-05,8.59632e-05,9.19981e-05,3.05057,-0.0612873,3.06204,-0.0699012,3300966.6666666674,3376733.3333333335,3531316.666666666,3634349.9999999995,3709783.333333334,3800999.9999999995,3840999.9999999967,3300966.6666666674,3840999.9999999967,3604027.777777777,0.6845283149290616,2.3452745087873916,PASS
fs,125.0,2.97,band1,fs_125c_2.97v_band1,5.06869e-07,4.20014e-07,3.55415e-07,3.06585e-07,2.6904e-07,2.38857e-07,2.1432e-07,7891590.0,9523480.0,11254400.0,13047000.0,14867700.0,16746400.0,18663700.0,6.69999e-05,7.47926e-05,8.19485e-05,9.04741e-05,9.80779e-05,0.000105623,0.000114884,3.06258,-0.111739,3.07197,-0.118756,5439633.333333335,5604683.333333334,5872533.333333332,6022166.666666666,6165666.666666668,6326666.666666666,6390999.999999994,5439633.333333335,6390999.999999994,5984505.555555555,0.6892949751993369,2.36501136019484,PASS
fs,125.0,2.97,band2,fs_125c_2.97v_band2,3.03772e-07,2.50836e-07,2.11539e-07,1.82008e-07,1.58951e-07,1.40544e-07,1.25851e-07,13167800.0,15946700.0,18909100.0,21977000.0,25165000.0,28460900.0,31783600.0,7.46732e-05,8.39933e-05,9.30597e-05,0.000102353,0.000112125,0.000122395,0.00013245,3.08782,-0.120407,3.09455,-0.119435,9263000.000000002,9568833.333333334,10050499.999999998,10426499.999999998,10806500.000000002,11030999.999999998,11075666.666666657,9263000.000000002,11075666.666666657,10342111.11111111,0.7034584364890112,2.4137365391333403,PASS
fs,125.0,2.97,band3,fs_125c_2.97v_band3,1.82876e-07,1.5033e-07,1.26363e-07,1.08226e-07,9.42529e-08,8.30633e-08,7.40692e-08,21872800.0,26608200.0,31655000.0,36959700.0,42439000.0,48156000.0,54003500.0,9.48519e-05,0.000107689,0.000121245,0.000134637,0.000149226,0.000163575,0.000177628,3.05763,-0.0991927,3.11355,-0.147781,15784666.66666667,16303666.666666668,17252499.999999996,17973333.333333332,18660500.000000004,19274166.666666664,19491666.66666665,15784666.66666667,19491666.66666665,17850388.888888888,0.7216573400143863,2.468979737390732,PASS
fs,125.0,2.97,band4,fs_125c_2.97v_band4,1.03014e-07,8.43131e-08,7.05813e-08,6.02319e-08,5.22345e-08,4.589e-08,4.07881e-08,38829600.0,47442200.0,56672300.0,66410000.0,76577700.0,87165000.0,98067800.0,0.000106415,0.000120848,0.000136507,0.000151858,0.000168945,0.000185375,0.000202119,3.08574,-0.116861,3.07342,-0.15996,28708666.66666667,29737833.333333336,31612999.999999996,33175666.66666666,34591666.66666667,35816833.33333333,36342666.666666634,28708666.66666667,36342666.666666634,32910111.111111104,0.7393500491034333,2.525593876836228,PASS
fs,125.0,2.97,band5,fs_125c_2.97v_band5,6.05154e-08,4.92191e-08,4.09556e-08,3.47862e-08,3.00646e-08,2.63787e-08,2.34446e-08,66098900.0,81269200.0,97666700.0,114988000.0,133047000.0,151638000.0,170615000.0,0.00014443,0.000167937,0.000191036,0.000214606,0.000240051,0.000264931,0.000289797,2.99299,-0.0389733,3.00448,-0.0852978,50567666.66666668,52613000.0,56197999.99999999,58967166.66666666,61083333.33333334,62613333.33333332,63256666.66666661,50567666.66666668,63256666.66666661,58064499.99999999,0.7650303812418464,2.581207856711685,PASS
fs,125.0,2.97,band6,fs_125c_2.97v_band6,3.44142e-08,2.78487e-08,2.31433e-08,1.9704e-08,1.71146e-08,1.51235e-08,1.35587e-08,116231000.0,143633000.0,172836000.0,203005000.0,233719000.0,264488000.0,295014000.0,0.000200744,0.000235678,0.000269955,0.000305913,0.000341785,0.000377835,0.000412231,3.0015,-0.0321013,3.0151,-0.0435109,91340000.00000001,94341666.66666667,98953333.33333331,101471666.66666666,102471666.66666669,102158333.33333331,101753333.33333324,91340000.00000001,102471666.66666669,99323888.88888888,0.7858488699228262,2.5381696793454416,PASS
fs,125.0,2.97,band7,fs_125c_2.97v_band7,1.98004e-08,1.61639e-08,1.36039e-08,1.17535e-08,1.03738e-08,9.31683e-09,8.48701e-09,202017000.0,247465000.0,294032000.0,340325000.0,385587000.0,429331000.0,471308000.0,0.00029774,0.000349028,0.000401598,0.000453335,0.000505311,0.000556877,0.000608206,3.01122,-0.0406197,3.02534,-0.0511099,151493333.33333337,153358333.33333334,154766666.66666666,152591666.66666666,148343333.33333337,142868333.3333333,139923333.3333332,139923333.3333332,154766666.66666666,149606111.11111107,0.749903885976593,2.333011578233515,PASS
fs,125.0,3.3,band0,fs_125c_3.30v_band0,9.17382e-07,7.64307e-07,6.50185e-07,5.6432e-07,4.97102e-07,4.42355e-07,3.99068e-07,4360230.0,5233500.0,6152090.0,7088180.0,8046640.0,9042510.0,10023300.0,6.17857e-05,6.70044e-05,7.30528e-05,7.86131e-05,8.51587e-05,9.12433e-05,9.66848e-05,3.38419,-0.0561431,3.39665,-0.0901697,2910900.0000000005,2986433.3333333335,3091133.333333333,3157583.333333333,3257216.6666666674,3294433.333333333,3269299.999999997,2910900.0000000005,3294433.333333333,3146149.9999999995,0.6676023971212529,2.298800751336512,PASS
fs,125.0,3.3,band1,fs_125c_3.30v_band1,5.65344e-07,4.70541e-07,3.99652e-07,3.45927e-07,3.04393e-07,2.70629e-07,2.43461e-07,7075340.0,8500850.0,10008700.0,11563100.0,13140900.0,14780400.0,16429800.0,7.22835e-05,7.88719e-05,8.68907e-05,9.46389e-05,0.000103041,0.000111339,0.000120071,3.38325,-0.0734003,3.42533,-0.122655,4751700.000000001,4888933.333333334,5103749.999999999,5220333.333333333,5362166.666666668,5481499.999999999,5497999.999999995,4751700.000000001,5497999.999999995,5196922.222222221,0.6715861004559499,2.322121622423799,PASS
fs,125.0,3.3,band2,fs_125c_3.30v_band2,3.41069e-07,2.82883e-07,2.39793e-07,2.07072e-07,1.81583e-07,1.61019e-07,1.4461e-07,11727800.0,14140100.0,16681100.0,19317000.0,22028500.0,24841700.0,27660600.0,7.99947e-05,8.9443e-05,9.8668e-05,0.000107567,0.000118904,0.000127866,0.000138779,3.40561,-0.101991,3.42605,-0.127638,8041000.000000002,8255500.0,8628166.666666666,8912333.333333332,9207833.333333336,9386833.333333332,9396333.333333325,8041000.000000002,9396333.333333325,8851555.555555554,0.685635839628916,2.358549770630468,PASS
fs,125.0,3.3,band3,fs_125c_3.30v_band3,2.07506e-07,1.71631e-07,1.44939e-07,1.24675e-07,1.09004e-07,9.64378e-08,8.62531e-08,19276600.0,23305800.0,27597900.0,32083300.0,36696100.0,41477500.0,46375100.0,0.000100623,0.000113932,0.000127611,0.000141586,0.000155842,0.000170559,0.000185333,3.40454,-0.115526,3.45765,-0.155521,13430666.66666667,13868833.333333334,14629166.666666664,15163666.666666664,15657000.000000004,16131666.666666664,16325333.333333319,13430666.66666667,16325333.333333319,15054722.22222222,0.6967342096981143,2.4057717647302947,PASS
fs,125.0,3.3,band4,fs_125c_3.30v_band4,1.17991e-07,9.71697e-08,8.17482e-08,7.00991e-08,6.1052e-08,5.38594e-08,4.79861e-08,33901000.0,41165100.0,48930700.0,57062100.0,65517900.0,74267400.0,83357500.0,0.000113066,0.000127926,0.000143611,0.000160362,0.000176504,0.00019279,0.000209605,3.38448,-0.108358,3.46196,-0.175001,24213666.66666667,25049500.0,26494999.999999996,27645333.33333333,28675500.000000007,29732666.66666666,30300333.333333306,24213666.66666667,30300333.333333306,27475833.33333333,0.7142463840791325,2.4588507713636765,PASS
fs,125.0,3.3,band5,fs_125c_3.30v_band5,7.03052e-08,5.7537e-08,4.81154e-08,4.10241e-08,3.55136e-08,3.11782e-08,2.76841e-08,56894800.0,69520500.0,83133500.0,97503700.0,112633000.0,128295000.0,144487000.0,0.00015192,0.000174976,0.000198436,0.00022383,0.000248928,0.00027438,0.000300043,3.36321,-0.11346,3.38123,-0.141057,42085666.66666668,43731166.66666667,46638666.66666666,49165833.33333333,51318833.33333334,53089999.99999999,53973333.33333328,42085666.66666668,53973333.33333328,48662333.33333333,0.7397102488569549,2.5395466721036017,PASS
fs,125.0,3.3,band6,fs_125c_3.30v_band6,4.03505e-08,3.27443e-08,2.71986e-08,2.30808e-08,1.99468e-08,1.75162e-08,1.55917e-08,99131300.0,122159000.0,147066000.0,173304000.0,200533000.0,228360000.0,256547000.0,0.000209976,0.000246057,0.000281238,0.000318365,0.000354667,0.000394075,0.000431746,3.32352,-0.0278195,3.33711,-0.0401624,76759000.00000001,79891166.66666667,85241666.66666666,89111666.66666666,91760000.00000001,93356666.66666666,93956666.66666658,76759000.00000001,93956666.66666658,87453166.66666666,0.7743164873253958,2.5879515349844096,PASS
fs,125.0,3.3,band7,fs_125c_3.30v_band7,2.31432e-08,1.87551e-08,1.56264e-08,1.33519e-08,1.16525e-08,1.03504e-08,9.32827e-09,172837000.0,213275000.0,255977000.0,299584000.0,343274000.0,386460000.0,428804000.0,0.000310099,0.000365847,0.00041992,0.000476854,0.000531125,0.000585291,0.000641276,3.33279,-0.0369984,3.34919,-0.0495121,134793333.33333337,138566666.6666667,143848333.3333333,145494999.99999997,144793333.33333337,142549999.99999997,141146666.66666654,134793333.33333337,145494999.99999997,142203888.88888887,0.779887022647543,2.4809734026857675,PASS
fs,125.0,3.63,band0,fs_125c_3.63v_band0,9.88835e-07,8.27711e-07,7.07209e-07,6.15438e-07,5.42781e-07,4.85248e-07,4.38689e-07,4045160.0,4832600.0,5656040.0,6499440.0,7369460.0,8243200.0,9118080.0,6.697e-05,7.22095e-05,7.88223e-05,8.49243e-05,9.01646e-05,9.68739e-05,0.000103555,3.69037,-0.050702,3.70465,-0.0905293,2624800.0000000005,2684800.0,2778066.666666666,2855699.9999999995,2906266.6666666674,2914366.666666666,2916266.666666664,2624800.0000000005,2916266.666666664,2818288.8888888885,0.6488742101672123,2.254071532399213,PASS
fs,125.0,3.63,band1,fs_125c_3.63v_band1,6.14742e-07,5.14185e-07,4.38502e-07,3.80892e-07,3.35423e-07,2.99169e-07,2.70104e-07,6506800.0,7779310.0,9121960.0,10501700.0,11925200.0,13370400.0,14809100.0,7.74828e-05,8.44018e-05,9.22086e-05,0.000101633,0.000108174,0.000117364,0.000125245,3.71172,-0.073626,3.7272,-0.0866144,4241700.000000001,4358600.0,4537316.666666666,4672066.666666666,4781166.666666668,4806499.999999999,4795666.666666662,4241700.000000001,4806499.999999999,4612388.888888888,0.6518872564086803,2.2759420913505872,PASS
fs,125.0,3.63,band2,fs_125c_3.63v_band2,3.73141e-07,3.10724e-07,2.64519e-07,2.29066e-07,2.0175e-07,1.79598e-07,1.61457e-07,10719800.0,12873200.0,15121800.0,17462200.0,19826500.0,22272000.0,24774300.0,8.63448e-05,9.50955e-05,0.000104212,0.000114827,0.000125211,0.000135305,0.000144903,3.73593,-0.0935484,3.75829,-0.121694,7178000.000000002,7336666.666666667,7648333.333333332,7841166.666666665,8016333.333333335,8246333.333333332,8340999.999999993,7178000.000000002,8340999.999999993,7808055.555555554,0.6696020448142691,2.3110785648985988,PASS
fs,125.0,3.63,band3,fs_125c_3.63v_band3,2.29209e-07,1.90443e-07,1.61507e-07,1.39521e-07,1.22404e-07,1.08683e-07,9.75071e-08,17451300.0,21003700.0,24766700.0,28669600.0,32678600.0,36804200.0,41022600.0,0.000108166,0.000121246,0.000134525,0.00014851,0.00016348,0.00017861,0.000193675,3.73291,-0.116759,3.80143,-0.15481,11841333.333333336,12192333.333333334,12776499.999999998,13186499.999999998,13557666.66666667,13906666.666666664,14061333.33333332,11841333.333333336,14061333.33333332,13095166.666666664,0.6785358874888023,2.3506902064602637,PASS
fs,125.0,3.63,band4,fs_125c_3.63v_band4,1.31037e-07,1.0853e-07,9.17677e-08,7.90585e-08,6.90874e-08,6.11985e-08,5.47073e-08,30525800.0,36856200.0,43588300.0,50595400.0,57897600.0,65361100.0,73116400.0,0.000119978,0.000135521,0.000152464,0.000168522,0.000185936,0.00020216,0.000219827,3.75529,-0.117578,3.76447,-0.139722,21101333.33333334,21770833.333333336,22898666.666666664,23848833.33333333,24609500.000000004,25364666.666666664,25850999.999999978,21101333.33333334,25850999.999999978,23661444.44444444,0.6912622546610847,2.3952328849694355,PASS
fs,125.0,3.63,band5,fs_125c_3.63v_band5,7.90517e-08,6.51214e-08,5.47433e-08,4.68938e-08,4.07773e-08,3.5905e-08,3.19558e-08,50599800.0,61423700.0,73068200.0,85299200.0,98093900.0,111405000.0,125173000.0,0.000161376,0.000183204,0.000208509,0.000233116,0.000259837,0.0002847,0.000310868,3.66947,-0.10259,3.75496,-0.165252,36079666.66666667,37447333.333333336,39792499.99999999,41709499.99999999,43509666.66666668,45131833.33333333,45893333.33333329,36079666.66666667,45893333.33333329,41429555.55555555,0.7130397089843571,2.4737844813615864,PASS
fs,125.0,3.63,band6,fs_125c_3.63v_band6,4.58448e-08,3.74282e-08,3.12188e-08,2.65446e-08,2.29493e-08,2.01244e-08,1.78643e-08,87250800.0,106871000.0,128128000.0,150690000.0,174298000.0,198764000.0,223910000.0,0.000221601,0.000256365,0.000293856,0.000331863,0.000370169,0.000408513,0.000446933,3.64775,-0.0539312,3.66067,-0.0773835,65400666.66666668,68128666.66666667,73031666.66666666,76949999.99999999,80123333.33333336,82686666.66666666,83819999.99999993,65400666.66666668,83819999.99999993,75921777.77777776,0.7495709685947485,2.566280194565551,PASS
fs,125.0,3.63,band7,fs_125c_3.63v_band7,2.6545e-08,2.15171e-08,1.78767e-08,1.5196e-08,1.31722e-08,1.16143e-08,1.03851e-08,150688000.0,185899000.0,223755000.0,263227000.0,303669000.0,344404000.0,385167000.0,0.00032457,0.000378871,0.00043729,0.000495757,0.000554347,0.000612705,0.000670724,3.65533,-0.0326971,3.67152,-0.0467179,117370000.00000003,121778333.33333334,128879999.99999999,133189999.99999999,135295000.00000003,135829999.99999997,135876666.66666654,117370000.00000003,135876666.66666654,130266111.11111109,0.7788941388829902,2.5560562221278404,PASS
sf,-40.0,2.97,band0,sf_-40c_2.97v_band0,9.45417e-07,7.98664e-07,6.82609e-07,5.93434e-07,5.23243e-07,4.65845e-07,4.19932e-07,4230940.0,5008360.0,5859870.0,6740430.0,7644630.0,8586540.0,9525350.0,3.91985e-05,4.29693e-05,4.75972e-05,5.13846e-05,5.59722e-05,6.05971e-05,6.52008e-05,3.01905,-0.0476488,3.01802,-0.0573438,2591400.0000000005,2714883.3333333335,2886783.333333333,2974599.9999999995,3076850.0000000005,3134533.333333333,3129366.6666666637,2591400.0000000005,3134533.333333333,2941338.8888888885,0.6124880050296153,2.25135549074201,PASS
sf,-40.0,2.97,band1,sf_-40c_2.97v_band1,5.8359e-07,4.92702e-07,4.20421e-07,3.6457e-07,3.20537e-07,2.85742e-07,2.56878e-07,6854130.0,8118500.0,9514270.0,10971800.0,12479100.0,13998700.0,15571600.0,4.66831e-05,5.16615e-05,5.72577e-05,6.36713e-05,6.98314e-05,7.48092e-05,8.25421e-05,3.02807,-0.0641902,3.0463,-0.0633157,4214566.666666668,4433566.666666667,4755499.999999999,4941383.333333333,5044833.333333335,5154166.666666666,5242999.999999995,4214566.666666668,5242999.999999995,4843038.888888888,0.6148944748154278,2.2718565302963323,PASS
sf,-40.0,2.97,band2,sf_-40c_2.97v_band2,3.45152e-07,2.90672e-07,2.4793e-07,2.14545e-07,1.88343e-07,1.67705e-07,1.50411e-07,11589100.0,13761200.0,16133600.0,18644100.0,21237900.0,23851400.0,26593700.0,5.26781e-05,5.99176e-05,6.66468e-05,7.42048e-05,8.03293e-05,8.88418e-05,9.59185e-05,3.07062,-0.0952728,3.04851,-0.112457,7240333.333333335,7574166.666666667,8138166.666666665,8507166.666666666,8678833.333333336,8926333.333333332,9140999.999999993,7240333.333333335,9140999.999999993,8335888.888888888,0.6247537197308967,2.294716587137914,PASS
sf,-40.0,2.97,band3,sf_-40c_2.97v_band3,2.1102e-07,1.77277e-07,1.50684e-07,1.30025e-07,1.13829e-07,1.00874e-07,9.02017e-08,18955600.0,22563500.0,26545600.0,30763200.0,35140500.0,39653500.0,44345100.0,6.8865e-05,7.82162e-05,8.80464e-05,9.86022e-05,0.000108938,0.000120355,0.000131734,3.06298,-0.109006,3.09405,-0.137131,12026333.333333336,12650000.0,13666166.666666664,14324833.333333332,14817166.66666667,15340999.999999998,15638666.666666653,12026333.333333336,15638666.666666653,14105277.777777776,0.6344475159495524,2.3394194855346178,PASS
sf,-40.0,2.97,band4,sf_-40c_2.97v_band4,1.26043e-07,1.05494e-07,8.92314e-08,7.67622e-08,6.69254e-08,5.91064e-08,5.27202e-08,31735200.0,37916800.0,44827300.0,52109000.0,59768100.0,67674600.0,75872200.0,7.4847e-05,8.55186e-05,9.68886e-05,0.000108618,0.000120566,0.000133332,0.000145653,3.04741,-0.113041,3.0845,-0.140462,20605333.33333334,21820166.666666668,23653666.666666664,24901333.33333333,25942666.66666667,26840166.666666664,27325333.33333331,20605333.33333334,27325333.33333331,24520555.555555552,0.649289537590226,2.3907900375608158,PASS
sf,-40.0,2.97,band5,sf_-40c_2.97v_band5,7.53854e-08,6.27398e-08,5.2807e-08,4.51525e-08,3.91704e-08,3.44365e-08,3.0577e-08,53060700.0,63755400.0,75747600.0,88588700.0,102118000.0,116156000.0,130817000.0,0.000104995,0.000120144,0.000136621,0.00015529,0.000173215,0.000192381,0.000211913,3.04534,-0.111603,3.06764,-0.149277,35649000.00000001,37811500.0,41388833.33333333,43950666.66666666,45945500.00000001,47831666.66666666,48869999.999999955,35649000.00000001,48869999.999999955,43197944.44444444,0.6718531794718127,2.46542167743735,PASS
sf,-40.0,2.97,band6,sf_-40c_2.97v_band6,4.24663e-08,3.51374e-08,2.94086e-08,2.50504e-08,2.16843e-08,1.90508e-08,1.69381e-08,94192300.0,113839000.0,136015000.0,159678000.0,184466000.0,209965000.0,236154000.0,0.000149708,0.000172772,0.000200185,0.000226951,0.000255628,0.000284176,0.000313042,3.0065,-0.0668949,3.02863,-0.0886018,65489000.000000015,69704500.0,76398333.33333333,80751666.66666666,83811666.66666669,86146666.66666666,87296666.66666658,65489000.000000015,87296666.66666658,78867611.1111111,0.6952691462040954,2.5071476118536227,PASS
sf,-40.0,2.97,band7,sf_-40c_2.97v_band7,2.45748e-08,2.02704e-08,1.69644e-08,1.44921e-08,1.26139e-08,1.11563e-08,1.00024e-08,162768000.0,197332000.0,235788000.0,276012000.0,317111000.0,358542000.0,399902000.0,0.000224048,0.000261996,0.000304825,0.00034696,0.000390987,0.000433378,0.000477772,3.01562,-0.0372389,3.03071,-0.0446411,115213333.33333336,121700000.0,131133333.33333331,135538333.3333333,137550000.00000003,137984999.99999997,137866666.66666654,115213333.33333336,137984999.99999997,131741111.11111109,0.7078377404239983,2.45688341688784,PASS
sf,-40.0,3.3,band0,sf_-40c_3.30v_band0,1.03492e-06,8.7843e-07,7.54211e-07,6.57756e-07,5.80966e-07,5.2025e-07,4.70059e-07,3865020.0,4553580.0,5303560.0,6081290.0,6885080.0,7688600.0,8509570.0,4.45631e-05,4.78175e-05,5.26659e-05,5.66419e-05,6.14986e-05,6.5646e-05,6.9533e-05,3.34323,-0.0428668,3.34899,-0.0648594,2295200.0000000005,2397566.666666667,2546183.333333333,2635866.666666666,2678850.0000000005,2707483.333333333,2736566.666666664,2295200.0000000005,2736566.666666664,2580305.555555555,0.5938391004444997,2.2016884776792875,PASS
sf,-40.0,3.3,band1,sf_-40c_3.30v_band1,6.45725e-07,5.47324e-07,4.69408e-07,4.08989e-07,3.60887e-07,3.22062e-07,2.9066e-07,6194590.0,7308290.0,8521370.0,9780210.0,11083800.0,12420000.0,13761800.0,5.17184e-05,5.69385e-05,6.42468e-05,6.94803e-05,7.51867e-05,8.11191e-05,8.75947e-05,3.35572,-0.0552248,3.39193,-0.0807207,3712333.333333334,3877966.666666667,4119866.666666666,4270716.666666666,4399650.000000001,4463333.333333333,4472666.666666662,3712333.333333334,4472666.666666662,4204005.555555555,0.599286366544571,2.2215836722042943,PASS
sf,-40.0,3.3,band2,sf_-40c_3.30v_band2,3.84635e-07,3.26164e-07,2.79254e-07,2.42809e-07,2.14017e-07,1.90994e-07,1.7225e-07,10399500.0,12263800.0,14323900.0,16473800.0,18690100.0,20943100.0,23222100.0,5.91939e-05,6.6022e-05,7.28391e-05,8.07845e-05,8.69145e-05,9.46058e-05,0.000101829,3.37592,-0.0839324,3.40037,-0.0919353,6214333.333333335,6540666.666666667,7016666.666666666,7276999.999999999,7448833.333333335,7553333.333333332,7596666.6666666595,6214333.333333335,7596666.6666666595,7123666.666666666,0.5975607801657132,2.233001586614741,PASS
sf,-40.0,3.3,band3,sf_-40c_3.30v_band3,2.38433e-07,2.0142e-07,1.72057e-07,1.4924e-07,1.31226e-07,1.16729e-07,1.04867e-07,16776200.0,19859000.0,23248100.0,26802500.0,30481800.0,34267400.0,38143600.0,7.53199e-05,8.45585e-05,9.5748e-05,0.000105455,0.000116572,0.00012713,0.000138882,3.39959,-0.11653,3.40575,-0.120736,10276000.000000002,10786500.0,11572499.999999998,12056166.666666664,12441500.000000002,12769666.666666664,12920666.666666655,10276000.000000002,12920666.666666655,11870777.777777776,0.6125344237670034,2.2736734182949654,PASS
sf,-40.0,3.3,band4,sf_-40c_3.30v_band4,1.43494e-07,1.20826e-07,1.02872e-07,8.89472e-08,7.80009e-08,6.92159e-08,6.19688e-08,27875700.0,33105600.0,38883200.0,44970500.0,51281500.0,57790200.0,64548600.0,8.28081e-05,9.33768e-05,0.000105019,0.000117425,0.000129768,0.000142229,0.000155405,3.38146,-0.112282,3.4228,-0.154869,17433000.000000004,18345833.333333336,19774833.333333332,20663833.333333332,21366166.66666667,22111833.33333333,22527999.99999998,17433000.000000004,22527999.99999998,20373833.333333332,0.6253833984438061,2.3155866937870617,PASS
sf,-40.0,3.3,band5,sf_-40c_3.30v_band5,8.72528e-08,7.31348e-08,6.19591e-08,5.3297e-08,4.65053e-08,4.10517e-08,3.66384e-08,45843800.0,54693500.0,64558700.0,75051100.0,86011700.0,97438200.0,109175000.0,0.000113451,0.000128808,0.000146632,0.00016393,0.00018331,0.000202422,0.000221827,3.39696,-0.121075,3.42828,-0.187765,29499000.000000007,31191500.0,33929333.33333333,35754999.99999999,37311833.33333334,38605499.99999999,39122666.666666634,29499000.000000007,39122666.666666634,35183999.99999999,0.6434676008533325,2.3814561620110024,PASS
sf,-40.0,3.3,band6,sf_-40c_3.30v_band6,4.98812e-08,4.15856e-08,3.50121e-08,2.99593e-08,2.60006e-08,2.28393e-08,2.02946e-08,80190500.0,96187100.0,114246000.0,133514000.0,153843000.0,175137000.0,197097000.0,0.000158515,0.000183293,0.000210054,0.000238765,0.000267023,0.000296641,0.000326061,3.3334,-0.102617,3.35144,-0.117591,53322000.000000015,56759166.66666667,62211499.99999999,65994999.99999999,69371666.66666669,72089999.99999999,73199999.99999994,53322000.000000015,73199999.99999994,64948055.555555545,0.664941607796435,2.4578597215380875,PASS
sf,-40.0,3.3,band7,sf_-40c_3.30v_band7,2.93361e-08,2.42564e-08,2.02868e-08,1.72647e-08,1.494e-08,1.31202e-08,1.16685e-08,136351000.0,164905000.0,197172000.0,231687000.0,267738000.0,304874000.0,342803000.0,0.000237301,0.000274974,0.000316989,0.000361899,0.000408233,0.000452357,0.000498703,3.33909,-0.0529556,3.35462,-0.0670046,95180000.00000001,101368333.33333334,111303333.33333331,117609999.99999999,121978333.33333336,125108333.33333331,126429999.99999988,95180000.00000001,126429999.99999988,114695555.55555554,0.6980513527586891,2.5141216419388197,PASS
sf,-40.0,3.63,band0,sf_-40c_3.63v_band0,1.10316e-06,9.40167e-07,8.10027e-07,7.09141e-07,6.28286e-07,5.63512e-07,5.10341e-07,3625960.0,4254570.0,4938100.0,5640630.0,6366530.0,7098340.0,7837900.0,5.01853e-05,5.28967e-05,5.81552e-05,6.31741e-05,6.76774e-05,7.16068e-05,7.70163e-05,3.66729,-0.0357386,3.69156,-0.0761801,2095366.6666666672,2186900.0,2310099.9999999995,2380716.6666666665,2429516.666666667,2452283.333333333,2465199.9999999977,2095366.6666666672,2465199.9999999977,2339966.6666666665,0.5778791455688058,2.1616068572185023,PASS
sf,-40.0,3.63,band1,sf_-40c_3.63v_band1,6.94533e-07,5.91485e-07,5.08975e-07,4.45068e-07,3.93511e-07,3.53001e-07,3.19196e-07,5759270.0,6762640.0,7858940.0,8987390.0,10164900.0,11331400.0,12531500.0,5.80337e-05,6.42479e-05,7.03834e-05,7.56405e-05,8.24869e-05,8.74581e-05,9.49703e-05,3.68,-0.0800924,3.71243,-0.0789729,3344566.6666666674,3499450.0,3707916.666666666,3843266.666666666,3906683.3333333344,3944333.3333333326,4000333.3333333298,3344566.6666666674,4000333.3333333298,3762349.9999999995,0.580727534334502,2.1758834018894757,PASS
sf,-40.0,3.63,band2,sf_-40c_3.63v_band2,4.16387e-07,3.54216e-07,3.04615e-07,2.66029e-07,2.35439e-07,2.10525e-07,1.90158e-07,9606440.0,11292600.0,13131300.0,15036000.0,16989500.0,19000100.0,21035200.0,6.53681e-05,7.29021e-05,7.97634e-05,8.68102e-05,9.32025e-05,0.00010407,0.000109286,3.71044,-0.0753708,3.71431,-0.122675,5620533.333333335,5874766.666666667,6238999.999999999,6430333.333333332,6606833.333333335,6742833.333333332,6783666.66666666,5620533.333333335,6783666.66666666,6349311.11111111,0.5850797312358517,2.1896977444297785,PASS
sf,-40.0,3.63,band3,sf_-40c_3.63v_band3,2.60633e-07,2.21398e-07,1.89873e-07,1.65383e-07,1.46039e-07,1.30356e-07,1.17517e-07,15347300.0,18067000.0,21066700.0,24186300.0,27390000.0,30685200.0,34037500.0,8.28689e-05,9.26495e-05,0.000103203,0.00011534,0.000125257,0.000134336,0.000148431,3.74654,-0.107036,3.73773,-0.115067,9065666.666666668,9532333.333333334,10198833.333333332,10538833.333333332,10831500.000000002,11079166.666666664,11174333.333333323,9065666.666666668,11174333.333333323,10383444.444444442,0.5907010787999627,2.2178168146840163,PASS
sf,-40.0,3.63,band4,sf_-40c_3.63v_band4,1.57568e-07,1.33421e-07,1.14178e-07,9.91335e-08,8.73361e-08,7.77106e-08,6.99013e-08,25385900.0,29980400.0,35033200.0,40349600.0,45800100.0,51473000.0,57223500.0,9.16728e-05,0.000101582,0.00011415,0.000126447,0.000139167,0.000152587,0.000165412,3.73885,-0.122991,3.77506,-0.167797,15315000.000000004,16078833.333333334,17281999.999999996,17944833.333333332,18539000.000000004,19038999.999999996,19168333.333333317,15315000.000000004,19168333.333333317,17687555.555555552,0.6032876518067117,2.25414501750972,PASS
sf,-40.0,3.63,band5,sf_-40c_3.63v_band5,9.71511e-08,8.18558e-08,6.97567e-08,6.03263e-08,5.29177e-08,4.69002e-08,4.20334e-08,41173000.0,48866400.0,57342100.0,66306000.0,75589100.0,85287500.0,95162300.0,0.000121596,0.00013761,0.000155985,0.000174564,0.00019387,0.000213395,0.000233495,3.74889,-0.138791,3.7973,-0.196207,25644666.66666667,26948500.0,29065999.999999996,30411666.66666666,31635833.33333334,32621999.999999996,32915999.99999997,25644666.66666667,32915999.99999997,29994055.555555552,0.622851545106421,2.3112792363927817,PASS
sf,-40.0,3.63,band6,sf_-40c_3.63v_band6,5.61659e-08,4.71105e-08,3.99409e-08,3.43601e-08,2.99706e-08,2.64435e-08,2.35556e-08,71217500.0,84906800.0,100148000.0,116414000.0,133464000.0,151266000.0,169811000.0,0.000171869,0.000195728,0.000223657,0.000251276,0.000281392,0.00031031,0.000340851,3.70122,-0.126294,3.75329,-0.19853,45631000.00000001,48217500.0,52511999.99999999,55526666.66666666,58086666.66666668,60578333.33333332,61816666.66666661,45631000.00000001,61816666.66666661,54774166.66666666,0.6407273493172325,2.3843999017095516,PASS
sf,-40.0,3.63,band7,sf_-40c_3.63v_band7,3.36012e-08,2.7969e-08,2.35174e-08,2.00854e-08,1.74024e-08,1.52733e-08,1.35579e-08,119043000.0,143015000.0,170087000.0,199149000.0,229853000.0,261895000.0,295031000.0,0.000249917,0.00029019,0.000333239,0.000377232,0.000425907,0.000471538,0.000518992,3.66424,-0.060009,3.6774,-0.0988242,79906666.66666669,85073333.33333334,93556666.66666666,99609999.99999999,104576666.66666669,108629999.99999999,110453333.33333324,79906666.66666669,110453333.33333324,97771111.11111109,0.6712420441913148,2.478356560234537,PASS
sf,27.0,2.97,band0,sf_27c_2.97v_band0,8.91692e-07,7.53062e-07,6.43857e-07,5.59638e-07,4.93071e-07,4.39847e-07,3.96573e-07,4485860.0,5311640.0,6212560.0,7147480.0,8112430.0,9094070.0,10086400.0,4.73843e-05,5.12329e-05,5.66984e-05,6.06636e-05,6.5393e-05,7.07696e-05,7.63672e-05,3.01753,-0.0701302,3.0324,-0.0620113,2752600.0000000005,2877833.3333333335,3059733.333333333,3166449.9999999995,3244316.6666666674,3289949.9999999995,3307766.6666666637,2752600.0000000005,3307766.6666666637,3111411.1111111105,0.6136170098933093,2.2484874695153216,PASS
sf,27.0,2.97,band1,sf_27c_2.97v_band1,5.48313e-07,4.62282e-07,3.94863e-07,3.42656e-07,3.01506e-07,2.68522e-07,2.41219e-07,7295100.0,8652730.0,10130100.0,11673500.0,13266800.0,14896300.0,16582500.0,5.59238e-05,6.11024e-05,6.77086e-05,7.42194e-05,8.13125e-05,8.82139e-05,9.49275e-05,3.03591,-0.0667226,3.07256,-0.0899867,4525433.333333334,4725000.0,5034616.666666666,5227833.333333333,5371333.333333335,5526166.666666666,5620666.666666661,4525433.333333334,5620666.666666661,5159666.666666666,0.620338766203799,2.273101122671382,PASS
sf,27.0,2.97,band2,sf_27c_2.97v_band2,3.26937e-07,2.75011e-07,2.34224e-07,2.02804e-07,1.78071e-07,1.58315e-07,1.41826e-07,12234800.0,14544900.0,17077700.0,19723500.0,22463000.0,25266000.0,28203600.0,6.21039e-05,6.958e-05,7.77879e-05,8.54761e-05,9.34567e-05,0.000102466,0.000110189,3.06069,-0.0845488,3.0811,-0.12359,7700333.333333335,8071500.0,8630999.999999998,8975499.999999998,9237500.000000002,9567666.666666666,9791999.99999999,7700333.333333335,9791999.99999999,8871555.555555554,0.6293795839190943,2.305195017491091,PASS
sf,27.0,2.97,band3,sf_27c_2.97v_band3,1.98598e-07,1.66551e-07,1.41425e-07,1.21939e-07,1.06725e-07,9.4476e-08,8.45042e-08,20141200.0,24016700.0,28283600.0,32803300.0,37479600.0,42338800.0,47334900.0,8.00756e-05,9.05353e-05,0.000101804,0.000113673,0.00012546,0.000137785,0.000150239,3.07279,-0.111002,3.09505,-0.138233,12918333.333333336,13570666.666666668,14644333.333333332,15326666.666666664,15892500.000000004,16425499.999999998,16653666.666666651,12918333.333333336,16653666.666666651,15107611.111111108,0.6413884641100498,2.3501529203821026,PASS
sf,27.0,2.97,band4,sf_27c_2.97v_band4,1.15565e-07,9.65081e-08,8.15927e-08,7.00827e-08,6.1091e-08,5.38499e-08,4.80153e-08,34612700.0,41447300.0,49024000.0,57075400.0,65476100.0,74280500.0,83306800.0,8.86046e-05,0.0001006,0.000113321,0.000126095,0.000140279,0.000154694,0.000168563,3.07451,-0.113815,3.11502,-0.175763,22782000.000000004,24018833.333333336,26046833.33333333,27420166.666666664,28675166.66666667,29717833.33333333,30087666.666666638,22782000.000000004,30087666.666666638,27052277.777777772,0.658197713556007,2.4068275517367903,PASS
sf,27.0,2.97,band5,sf_27c_2.97v_band5,6.85578e-08,5.68886e-08,4.78026e-08,4.08113e-08,3.53697e-08,3.10601e-08,2.75784e-08,58345000.0,70312800.0,83677400.0,98012000.0,113091000.0,128783000.0,145041000.0,0.000121192,0.000139667,0.000159695,0.000179333,0.000201353,0.000221934,0.000243659,3.00827,-0.0958245,3.0391,-0.107435,39892666.66666668,42220666.66666667,46165333.33333333,49022666.66666666,51285000.000000015,53249999.99999999,54193333.33333328,39892666.66666668,54193333.33333328,48164444.44444444,0.6837375382066446,2.4859199588653698,PASS
sf,27.0,2.97,band6,sf_27c_2.97v_band6,3.87339e-08,3.19105e-08,2.66711e-08,2.27061e-08,1.96707e-08,1.72985e-08,1.54097e-08,103269000.0,125351000.0,149975000.0,176164000.0,203348000.0,231234000.0,259576000.0,0.000172671,0.000200189,0.000230569,0.000260707,0.000291275,0.000323029,0.000356134,3.00507,-0.0530185,3.01942,-0.0665679,73606666.66666669,77843333.33333334,84688333.33333331,88954999.99999999,91783333.33333336,93713333.33333331,94473333.33333325,73606666.66666669,94473333.33333325,86837222.22222221,0.7127663351699608,2.513590719383358,PASS
sf,27.0,2.97,band7,sf_27c_2.97v_band7,2.21846e-08,1.82817e-08,1.53421e-08,1.3159e-08,1.15092e-08,1.02316e-08,9.22318e-09,180305000.0,218798000.0,260720000.0,303974000.0,347548000.0,390944000.0,433690000.0,0.000258874,0.000302127,0.000347791,0.000393905,0.000442587,0.000489167,0.000536409,3.01535,-0.0384408,3.03107,-0.0467625,128310000.00000003,134025000.0,141959999.99999997,144713333.3333333,144950000.00000003,143569999.99999997,142486666.66666654,128310000.00000003,144950000.00000003,140769444.44444442,0.7116275200354956,2.4053132192673528,PASS
sf,27.0,3.3,band0,sf_27c_3.30v_band0,9.79727e-07,8.30128e-07,7.12356e-07,6.21742e-07,5.48994e-07,4.90751e-07,4.43632e-07,4082770.0,4818530.0,5615170.0,6433530.0,7286050.0,8150770.0,9016490.0,5.16075e-05,5.64838e-05,6.09663e-05,6.56613e-05,7.10401e-05,7.63265e-05,8.03926e-05,3.35875,-0.0496443,3.35445,-0.0762514,2452533.333333334,2554000.0,2691666.666666666,2784799.9999999995,2862066.6666666674,2884066.666666666,2885733.3333333307,2452533.333333334,2885733.3333333307,2740955.555555555,0.6007032806975005,2.208424672465018,PASS
sf,27.0,3.3,band1,sf_27c_3.30v_band1,6.08152e-07,5.1474e-07,4.41643e-07,3.84499e-07,3.39476e-07,3.03084e-07,2.73009e-07,6577300.0,7770910.0,9057090.0,10403100.0,11782900.0,13197700.0,14651500.0,6.01995e-05,6.62157e-05,7.30235e-05,8.02066e-05,8.65459e-05,9.38748e-05,0.000101194,3.37048,-0.0765182,3.39561,-0.0777568,3978700.000000001,4132983.3333333335,4386983.333333333,4543016.666666666,4657666.666666668,4780999.999999999,4845999.999999995,3978700.000000001,4845999.999999995,4485666.666666666,0.6049138704331566,2.227585787481185,PASS
sf,27.0,3.3,band2,sf_27c_3.30v_band2,3.64915e-07,3.08461e-07,2.64084e-07,2.29558e-07,2.02196e-07,1.80072e-07,1.62207e-07,10961500.0,12967600.0,15146700.0,17424800.0,19782800.0,22213400.0,24659800.0,6.86507e-05,7.56742e-05,8.31403e-05,9.15472e-05,9.96838e-05,0.000108094,0.000117257,3.38942,-0.0870747,3.42347,-0.136636,6687000.000000002,6975333.333333334,7428666.666666665,7726833.333333332,7981000.000000002,8128333.333333332,8154666.6666666595,6687000.000000002,8154666.6666666595,7610166.666666665,0.6100442457692836,2.249673858504767,PASS
sf,27.0,3.3,band3,sf_27c_3.30v_band3,2.24479e-07,1.89062e-07,1.6137e-07,1.39821e-07,1.22918e-07,1.09096e-07,9.80395e-08,17819100.0,21157100.0,24787800.0,28608100.0,32542100.0,36664900.0,40799900.0,8.6087e-05,9.67056e-05,0.000107985,0.000120502,0.0001327,0.000145001,0.000157595,3.40052,-0.120472,3.40958,-0.132099,11126666.66666667,11614500.0,12418333.333333332,12923833.333333332,13428000.000000004,13762999.999999998,13783333.33333332,11126666.66666667,13783333.33333332,12767111.11111111,0.6244236053822398,2.289672317906067,PASS
sf,27.0,3.3,band4,sf_27c_3.30v_band4,1.31627e-07,1.10584e-07,9.40536e-08,8.11724e-08,7.11575e-08,6.29933e-08,5.63485e-08,30389000.0,36171800.0,42528900.0,49277800.0,56213400.0,63498800.0,70986900.0,9.49164e-05,0.000107929,0.00012087,0.000134529,0.000148263,0.00016231,0.000176985,3.43621,-0.145028,3.45345,-0.151425,19276000.000000004,20233166.666666668,21843333.33333333,22807499.999999996,23701666.66666667,24622499.999999996,24960333.33333331,19276000.000000004,24960333.33333331,22554388.888888884,0.6343084668794631,2.335940636414492,PASS
sf,27.0,3.3,band5,sf_27c_3.30v_band5,7.93517e-08,6.63067e-08,5.60713e-08,4.81472e-08,4.19421e-08,3.69802e-08,3.29118e-08,50408500.0,60325700.0,71337700.0,83078500.0,95369500.0,108166000.0,121537000.0,0.000128962,0.000147782,0.000167669,0.000189481,0.000209232,0.00023175,0.000253544,3.38469,-0.116956,3.42957,-0.186213,33057333.33333334,34882000.0,37921333.33333333,40052999.99999999,41812500.00000001,43612499.99999999,44569999.99999996,33057333.33333334,44569999.99999996,39515833.33333333,0.6557888715858107,2.411041788587242,PASS
sf,27.0,3.3,band6,sf_27c_3.30v_band6,4.54832e-08,3.77192e-08,3.16582e-08,2.701e-08,2.33938e-08,2.05285e-08,1.82278e-08,87944600.0,106047000.0,126350000.0,148093000.0,170985000.0,194851000.0,219445000.0,0.000182047,0.00021035,0.000240322,0.000270994,0.000304603,0.000336733,0.000369703,3.32898,-0.0488157,3.34314,-0.105283,60341333.33333334,64009000.0,70076666.66666666,74391666.66666666,77930000.00000001,80766666.66666666,81979999.99999993,60341333.33333334,81979999.99999993,73055777.77777776,0.6861289190391832,2.4952640639675434,PASS
sf,27.0,3.3,band7,sf_27c_3.30v_band7,2.63302e-08,2.16761e-08,1.81147e-08,1.54287e-08,1.33814e-08,1.1788e-08,1.05252e-08,151917000.0,184535000.0,220815000.0,259258000.0,298922000.0,339327000.0,380042000.0,0.000270625,0.000315106,0.000363633,0.000412445,0.000460767,0.000512958,0.0005623,3.33841,-0.034284,3.35477,-0.0448503,108726666.66666669,114830000.0,124538333.33333331,130178333.33333331,133448333.33333336,135199999.99999997,135716666.66666654,108726666.66666669,135716666.66666654,126736111.11111109,0.7156978262252854,2.5016423441747797,PASS
sf,27.0,3.63,band0,sf_27c_3.63v_band0,1.04943e-06,8.92811e-07,7.68611e-07,6.72854e-07,5.96606e-07,5.35163e-07,4.84005e-07,3811610.0,4480230.0,5204200.0,5944820.0,6704590.0,7474350.0,8264370.0,5.68967e-05,6.26045e-05,6.61115e-05,7.11186e-05,7.60054e-05,8.12746e-05,8.61352e-05,3.69632,-0.0536989,3.70666,-0.0852855,2228733.333333334,2320983.3333333335,2440983.333333333,2500649.9999999995,2549216.6666666674,2599633.333333333,2633399.9999999977,2228733.333333334,2633399.9999999977,2473755.555555555,0.5847222914551421,2.168209759130656,PASS
sf,27.0,3.63,band1,sf_27c_3.63v_band1,6.56791e-07,5.58096e-07,4.803e-07,4.19949e-07,3.71246e-07,3.3229e-07,3.00572e-07,6090210.0,7167230.0,8328120.0,9524960.0,10774500.0,12037700.0,13307900.0,6.62115e-05,7.22829e-05,7.90027e-05,8.63137e-05,9.34617e-05,9.97711e-05,0.000106367,3.69561,-0.065702,3.73027,-0.0789331,3590066.6666666674,3729850.0,3929549.9999999995,4077299.9999999995,4187900.000000001,4222333.333333333,4233999.999999996,3590066.6666666674,4233999.999999996,4009827.777777777,0.5894815887574759,2.185129905208523,PASS
sf,27.0,3.63,band2,sf_27c_3.63v_band2,3.96245e-07,3.36423e-07,2.88995e-07,2.52335e-07,2.22958e-07,1.99134e-07,1.79728e-07,10094800.0,11889800.0,13841100.0,15852000.0,17940600.0,20087000.0,22255900.0,7.48843e-05,8.21252e-05,8.93105e-05,9.83038e-05,0.000106604,0.000115151,0.000123741,3.71974,-0.0899831,3.72838,-0.1085,5983333.333333335,6243833.333333334,6603666.666666666,6832499.999999999,7058333.333333335,7192166.666666666,7229666.66666666,5983333.333333335,7229666.66666666,6756166.666666666,0.5927144008136204,2.204689543131117,PASS
sf,27.0,3.63,band3,sf_27c_3.63v_band3,2.46116e-07,2.08408e-07,1.78607e-07,1.55392e-07,1.36916e-07,1.22184e-07,1.10002e-07,16252500.0,19193100.0,22395500.0,25741300.0,29215000.0,32737500.0,36362900.0,9.38863e-05,0.000104579,0.000115918,0.000128524,0.000140723,0.000153588,0.000165713,3.73174,-0.110899,3.75925,-0.177217,9802000.000000002,10238333.333333334,10913666.666666664,11365833.333333332,11660333.333333336,11913166.666666664,12084666.666666657,9802000.000000002,12084666.666666657,11172444.444444442,0.6031072142747271,2.2373727118904783,PASS
sf,27.0,3.63,band4,sf_27c_3.63v_band4,1.4505e-07,1.22479e-07,1.04682e-07,9.07909e-08,7.98848e-08,7.10014e-08,6.37315e-08,27576700.0,32658600.0,38210800.0,44057300.0,50072100.0,56336900.0,62763400.0,0.000102884,0.000116177,0.000128611,0.000142968,0.000157552,0.000171967,0.000186357,3.77371,-0.162256,3.78807,-0.188009,16939666.66666667,17723500.0,18997833.333333332,19768833.333333332,20466000.000000004,21152166.666666664,21421666.66666665,16939666.66666667,21421666.66666665,19548166.666666664,0.6142746110545015,2.275957601888551,PASS
sf,27.0,3.63,band5,sf_27c_3.63v_band5,8.8569e-08,7.44216e-08,6.32879e-08,5.46676e-08,4.78205e-08,4.23184e-08,3.78324e-08,45162500.0,53747800.0,63203200.0,73169400.0,83646100.0,94521600.0,105729000.0,0.000139611,0.000157507,0.000177702,0.000198523,0.000220015,0.000241402,0.000264484,3.71979,-0.131543,3.74158,-0.16029,28617666.66666667,30067833.333333336,32369333.33333333,34071499.99999999,35587000.00000001,36804833.33333333,37357999.99999997,28617666.66666667,37357999.99999997,33648055.55555555,0.6336599317280193,2.341079435372267,PASS
sf,27.0,3.63,band6,sf_27c_3.63v_band6,5.13549e-08,4.2878e-08,3.62253e-08,3.10709e-08,2.7007e-08,2.37656e-08,2.11237e-08,77889400.0,93288000.0,110420000.0,128738000.0,148110000.0,168310000.0,189361000.0,0.000193672,0.000222658,0.000251298,0.000284103,0.000316448,0.000349915,0.000384825,3.65361,-0.0876121,3.69112,-0.119549,51328666.66666668,54217666.66666667,59083333.33333332,62816666.66666666,65953333.33333335,68751666.66666666,70169999.99999994,51328666.66666668,70169999.99999994,61928666.66666666,0.658994249110491,2.431152377602087,PASS
sf,27.0,3.63,band7,sf_27c_3.63v_band7,3.02285e-08,2.50095e-08,2.09554e-08,1.78568e-08,1.54563e-08,1.35653e-08,1.20577e-08,132325000.0,159939000.0,190882000.0,224004000.0,258795000.0,294870000.0,331739000.0,0.000284893,0.000330344,0.000376324,0.000429694,0.000479581,0.000531646,0.000584337,3.66191,-0.0303106,3.6776,-0.0432571,92046666.66666669,97595000.0,106774999.99999999,113188333.33333331,118110000.00000003,121573333.33333331,122896666.66666655,92046666.66666669,122896666.66666655,110785555.55555554,0.6956105548208327,2.507001700358965,PASS
sf,125.0,2.97,band0,sf_125c_2.97v_band0,8.20518e-07,6.9546e-07,5.97782e-07,5.21726e-07,4.61038e-07,4.12022e-07,3.71826e-07,4874970.0,5751590.0,6691410.0,7666860.0,8676070.0,9708220.0,10757700.0,6.22095e-05,6.72972e-05,7.24566e-05,7.84042e-05,8.37487e-05,9.01608e-05,9.62024e-05,3.04438,-0.0622582,3.03997,-0.0791429,2922066.6666666674,3027400.0,3192116.666666666,3307766.666666666,3402266.6666666674,3469383.333333333,3498266.6666666637,2922066.6666666674,3498266.6666666637,3268183.333333333,0.5994019792258553,2.2067212721309053,PASS
sf,125.0,2.97,band1,sf_125c_2.97v_band1,5.02199e-07,4.24895e-07,3.64672e-07,3.17385e-07,2.80148e-07,2.49867e-07,2.24868e-07,7964970.0,9414080.0,10968800.0,12603000.0,14278200.0,16008500.0,17788200.0,7.28104e-05,7.9386e-05,8.65076e-05,9.46285e-05,0.00010188,0.000109983,0.000118405,3.04476,-0.084758,3.06024,-0.0997202,4830366.666666668,5006383.333333334,5314866.666666666,5515666.666666666,5675833.333333335,5849999.999999999,5932333.333333328,4830366.666666668,5932333.333333328,5457349.999999999,0.6064513321037829,2.2333040802413566,PASS
sf,125.0,2.97,band2,sf_125c_2.97v_band2,3.00893e-07,2.5407e-07,2.17123e-07,1.88497e-07,1.65792e-07,1.47525e-07,1.32493e-07,13293800.0,15743700.0,18422800.0,21220500.0,24126600.0,27114100.0,30190200.0,8.10854e-05,8.89618e-05,9.78306e-05,0.000107396,0.000115877,0.000125769,0.000135318,3.05992,-0.100439,3.08302,-0.142291,8166333.333333335,8548333.333333334,9127999.999999998,9506333.333333332,9822666.66666667,10105999.999999998,10253666.666666657,8166333.333333335,10253666.666666657,9386888.888888888,0.6142963887927707,2.270998510583881,PASS
sf,125.0,2.97,band3,sf_125c_2.97v_band3,1.81182e-07,1.52317e-07,1.29819e-07,1.12224e-07,9.83432e-08,8.71649e-08,7.80592e-08,22077200.0,26261100.0,30812100.0,35642900.0,40673900.0,45890000.0,51243200.0,0.000101502,0.000113325,0.000126406,0.000139689,0.000153135,0.000167536,0.000181357,3.05884,-0.122109,3.08264,-0.130339,13946333.333333336,14558166.666666668,15636333.33333333,16436333.33333333,17078500.000000004,17615499.999999996,17843999.999999985,13946333.333333336,17843999.999999985,16203333.33333333,0.6317075232970366,2.3210914427554217,PASS
sf,125.0,2.97,band4,sf_125c_2.97v_band4,1.02254e-07,8.5604e-08,7.26099e-08,6.25171e-08,5.45196e-08,4.81299e-08,4.28888e-08,39118100.0,46726800.0,55088900.0,63982500.0,73368200.0,83108400.0,93264400.0,0.000113632,0.000127586,0.000141637,0.000157338,0.000173157,0.000189034,0.000205227,3.0341,-0.0994573,3.09064,-0.16771,25362333.33333334,26618000.0,28759499.999999996,30465499.999999996,31876500.000000007,33160333.33333333,33853333.333333306,25362333.33333334,33853333.333333306,30081277.777777772,0.6483528937584734,2.3841751005289114,PASS
sf,125.0,2.97,band5,sf_125c_2.97v_band5,5.99313e-08,4.98154e-08,4.19634e-08,3.59048e-08,3.11756e-08,2.74211e-08,2.43927e-08,66743100.0,80296400.0,95321200.0,111406000.0,128306000.0,145873000.0,163983000.0,0.000153596,0.000174935,0.000198243,0.00022145,0.00024476,0.00027019,0.000293955,2.99299,-0.060935,3.00474,-0.0719402,45177666.66666668,47630166.66666667,51849333.33333333,54974666.66666666,57445000.000000015,59461666.66666666,60366666.66666661,45177666.66666668,60366666.66666661,54022166.66666666,0.6768889468224683,2.45692813189678,PASS
sf,125.0,2.97,band6,sf_125c_2.97v_band6,3.37957e-08,2.79209e-08,2.34463e-08,2.00637e-08,1.74721e-08,1.54497e-08,1.38444e-08,118358000.0,143262000.0,170603000.0,199365000.0,228936000.0,258905000.0,288925000.0,0.000214957,0.000246784,0.000279934,0.000315443,0.000349557,0.000383775,0.000420911,3.00111,-0.0290483,3.01601,-0.0393347,83013333.33333336,87075000.0,93504999.99999999,97221666.66666666,99233333.33333336,99981666.66666666,100066666.66666658,83013333.33333336,100066666.66666658,94759444.44444443,0.7013749246635914,2.4411108670305346,PASS
sf,125.0,2.97,band7,sf_125c_2.97v_band7,1.92179e-08,1.59788e-08,1.35609e-08,1.17656e-08,1.0407e-08,9.35887e-09,8.53439e-09,208140000.0,250331000.0,294966000.0,339973000.0,384358000.0,427402000.0,468692000.0,0.000316439,0.000365225,0.00041771,0.0004677,0.000518826,0.000569933,0.000620638,3.01173,-0.0374552,3.02796,-0.0463284,140636666.6666667,144710000.0,149403333.3333333,148986666.66666666,145715000.00000003,140556666.66666666,137633333.33333322,137633333.33333322,149403333.3333333,144751111.1111111,0.675683033855418,2.251811280868646,PASS
sf,125.0,3.3,band0,sf_125c_3.30v_band0,9.0099e-07,7.66724e-07,6.61097e-07,5.78643e-07,5.12285e-07,4.59522e-07,4.15283e-07,4439560.0,5217000.0,6050550.0,6912730.0,7808160.0,8704710.0,9631990.0,6.68742e-05,7.23442e-05,7.75173e-05,8.19243e-05,8.78309e-05,9.47617e-05,0.000100638,3.35299,-0.0639847,3.36296,-0.0911788,2591466.6666666674,2684983.3333333335,2826216.666666666,2929349.9999999995,2986633.333333334,3039716.666666666,3090933.3333333307,2591466.6666666674,3090933.3333333307,2884683.333333333,0.5837215099394236,2.169582120750705,PASS
sf,125.0,3.3,band1,sf_125c_3.30v_band1,5.55936e-07,4.72571e-07,4.07004e-07,3.55613e-07,3.14443e-07,2.8116e-07,2.53803e-07,7195080.0,8464340.0,9827900.0,11248200.0,12720900.0,14226800.0,15760300.0,7.76753e-05,8.41218e-05,9.11758e-05,9.94843e-05,0.000107862,0.000115527,0.000123214,3.3717,-0.097153,3.38351,-0.0993752,4230866.666666668,4388033.333333334,4639766.666666666,4821666.666666666,4964333.333333335,5065666.666666666,5111666.666666662,4230866.666666668,5111666.666666662,4758455.555555555,0.588022185530483,2.1904273475763993,PASS
sf,125.0,3.3,band2,sf_125c_3.30v_band2,3.35513e-07,2.84404e-07,2.44122e-07,2.12752e-07,1.87616e-07,1.67431e-07,1.50859e-07,11922000.0,14064500.0,16385200.0,18801200.0,21320200.0,23890500.0,26514800.0,8.63476e-05,9.44439e-05,0.000103535,0.000112523,0.000121792,0.000131927,0.00014191,3.40858,-0.10233,3.4082,-0.133072,7141666.666666668,7438666.666666667,7894499.999999999,8224999.999999999,8482166.666666668,8657666.666666666,8747666.666666659,7141666.666666668,8747666.666666659,8107111.11111111,0.5990326007940503,2.224022814963932,PASS
sf,125.0,3.3,band3,sf_125c_3.30v_band3,2.04158e-07,1.72497e-07,1.47695e-07,1.28191e-07,1.12781e-07,1.00347e-07,9.00969e-08,19592700.0,23188800.0,27082900.0,31203400.0,35467100.0,39861700.0,44396700.0,0.000107233,0.000119316,0.000132724,0.000145999,0.00016009,0.000174038,0.000189312,3.39479,-0.108965,3.43785,-0.171248,11987000.000000002,12483666.666666668,13357666.666666664,13973666.666666664,14430500.000000004,14882666.666666664,15116666.666666653,11987000.000000002,15116666.666666653,13779999.999999998,0.6118095004772186,2.2659817176805648,PASS
sf,125.0,3.3,band4,sf_125c_3.30v_band4,1.16208e-07,9.78393e-08,8.34582e-08,7.22068e-08,6.33481e-08,5.60984e-08,5.02163e-08,34421000.0,40883400.0,47928200.0,55396400.0,63143200.0,71303300.0,79655400.0,0.000120211,0.000134557,0.000148887,0.000164107,0.000180889,0.000196995,0.000213628,3.38459,-0.116974,3.44056,-0.18767,21541333.33333334,22512000.0,24188333.33333333,25358333.33333333,26511500.000000007,27520333.33333333,27840333.33333331,21541333.33333334,27840333.33333331,25130222.22222222,0.6258195094080166,2.314151244879579,PASS
sf,125.0,3.3,band5,sf_125c_3.30v_band5,6.91935e-08,5.79007e-08,4.90688e-08,4.21862e-08,3.67436e-08,3.23879e-08,2.8834e-08,57808900.0,69083800.0,81518100.0,94817800.0,108863000.0,123503000.0,138725000.0,0.000162442,0.000182803,0.000205829,0.000229205,0.000254259,0.00027847,0.000303604,3.34704,-0.109326,3.37354,-0.140678,37583000.00000001,39515333.333333336,42889999.99999999,45574833.33333333,47808666.66666668,49769999.99999999,50739999.999999955,37583000.00000001,50739999.999999955,44953388.88888888,0.6501248077718138,2.399716998593642,PASS
sf,125.0,3.3,band6,sf_125c_3.30v_band6,3.95232e-08,3.27824e-08,2.75616e-08,2.35597e-08,2.04509e-08,1.79997e-08,1.60374e-08,101206000.0,122017000.0,145129000.0,169781000.0,195590000.0,222226000.0,249417000.0,0.000224505,0.000257087,0.000289574,0.000327677,0.000362957,0.000399942,0.000437105,3.32539,-0.0244841,3.3393,-0.0357257,69370000.00000001,73205000.0,79606666.66666666,84101666.66666666,87408333.33333336,89711666.66666666,90636666.66666658,69370000.00000001,90636666.66666658,82339444.44444443,0.6854336699405175,2.4644487480979387,PASS
sf,125.0,3.3,band7,sf_125c_3.30v_band7,2.24916e-08,1.86047e-08,1.56642e-08,1.3457e-08,1.17757e-08,1.04716e-08,9.44181e-09,177844000.0,214999000.0,255360000.0,297244000.0,339681000.0,381984000.0,423648000.0,0.000331352,0.000381911,0.000434763,0.00048942,0.000542871,0.000598646,0.000651297,3.33474,-0.0330595,3.35197,-0.0442437,123850000.00000003,129193333.33333334,137074999.99999997,140534999.99999997,141233333.33333337,139944999.99999997,138879999.99999988,123850000.00000003,141233333.33333337,136557777.77777776,0.6963968421762895,2.3821326555857945,PASS
sf,125.0,3.63,band0,sf_125c_3.63v_band0,9.65303e-07,8.2442e-07,7.12975e-07,6.26347e-07,5.56739e-07,4.99534e-07,4.5316e-07,4143780.0,4851900.0,5610290.0,6386230.0,7184700.0,8007470.0,8826910.0,7.15139e-05,7.67724e-05,8.21634e-05,8.83684e-05,9.36287e-05,9.94342e-05,0.000105964,3.69438,-0.0559571,3.705,-0.0736477,2360400.0000000005,2444183.3333333335,2557216.6666666665,2624016.666666666,2702066.6666666674,2737016.666666666,2731466.666666664,2360400.0000000005,2737016.666666666,2601738.8888888885,0.5696248352953102,2.1301589370092042,PASS
sf,125.0,3.63,band1,sf_125c_3.63v_band1,6.00959e-07,5.12362e-07,4.42665e-07,3.88223e-07,3.4416e-07,3.08883e-07,2.79352e-07,6656020.0,7806980.0,9036170.0,10303400.0,11622500.0,12949900.0,14318900.0,8.24673e-05,8.94964e-05,9.75927e-05,0.000104878,0.000113378,0.00012137,0.000129751,3.70467,-0.0762866,3.71215,-0.108098,3836533.333333334,3966916.666666667,4160699.9999999995,4310549.999999999,4410833.333333334,4493999.999999999,4563333.333333329,3836533.333333334,4563333.333333329,4257155.555555555,0.5764005116170525,2.1512705791148465,PASS
sf,125.0,3.63,band2,sf_125c_3.63v_band2,3.64515e-07,3.10196e-07,2.67412e-07,2.33853e-07,2.06825e-07,1.85084e-07,1.67041e-07,10973500.0,12895100.0,14958200.0,17104800.0,19340000.0,21611900.0,23946200.0,9.14191e-05,9.96777e-05,0.000109782,0.00011891,0.000128747,0.000139366,0.000149186,3.71364,-0.100091,3.72747,-0.115624,6405333.333333335,6641166.666666667,7016166.666666666,7302999.999999999,7511833.333333335,7676999.999999999,7780999.9999999935,6405333.333333335,7780999.9999999935,7207055.555555554,0.5837092389240748,2.1821843532145624,PASS
sf,125.0,3.63,band3,sf_125c_3.63v_band3,2.2395e-07,1.90142e-07,1.63341e-07,1.42407e-07,1.25739e-07,1.1223e-07,1.01113e-07,17861200.0,21036900.0,24488600.0,28088500.0,31812000.0,35641000.0,39559600.0,0.000114459,0.000127162,0.000140122,0.00015319,0.000167239,0.000182748,0.000196626,3.73246,-0.127409,3.76648,-0.169354,10585666.66666667,11045666.666666668,11752666.666666664,12205666.666666664,12587500.000000004,12912666.666666664,13061999.999999989,10585666.66666667,13061999.999999989,12054666.666666664,0.5926626803723529,2.214834389626677,PASS
sf,125.0,3.63,band4,sf_125c_3.63v_band4,1.2808e-07,1.08469e-07,9.29701e-08,8.0773e-08,7.10903e-08,6.32499e-08,5.68194e-08,31230500.0,36876900.0,43024600.0,49521500.0,56266500.0,63241200.0,70398500.0,0.000126716,0.000141703,0.000157169,0.000173039,0.000188868,0.000206167,0.000222877,3.72485,-0.127309,3.78466,-0.19955,18821333.333333336,19656833.333333336,21074333.33333333,22069833.33333333,22866166.66666667,23553333.33333333,23857666.666666646,18821333.333333336,23857666.666666646,21759999.999999996,0.6026587257115107,2.254158594963257,PASS
sf,125.0,3.63,band5,sf_125c_3.63v_band5,7.72706e-08,6.50433e-08,5.54565e-08,4.79273e-08,4.19463e-08,3.70973e-08,3.31341e-08,51766100.0,61497500.0,72128600.0,83459800.0,95360000.0,107825000.0,120722000.0,0.000171468,0.00019135,0.000214643,0.000239494,0.00026391,0.000289549,0.000315171,3.68712,-0.13105,3.6876,-0.136185,32438000.000000007,33937500.0,36603833.33333333,38718999.99999999,40608666.66666668,42269999.99999999,42989999.99999996,32438000.000000007,42989999.99999996,38308833.33333333,0.6266263056324507,2.332066738657152,PASS
sf,125.0,3.63,band6,sf_125c_3.63v_band6,4.46833e-08,3.72949e-08,3.15154e-08,2.70274e-08,2.34962e-08,2.06748e-08,1.8395e-08,89518900.0,107253000.0,126922000.0,147998000.0,170241000.0,193472000.0,217451000.0,0.000234301,0.000267155,0.000303131,0.000339469,0.000377127,0.00041526,0.000453336,3.65026,-0.0464076,3.6628,-0.0769437,59113666.66666668,62338500.0,67908333.33333333,72198333.33333333,75790000.00000001,78683333.33333333,79929999.99999993,59113666.66666668,79929999.99999993,71073388.88888888,0.6603484478324319,2.4291071494399508,PASS
sf,125.0,3.63,band7,sf_125c_3.63v_band7,2.5736e-08,2.13157e-08,1.7925e-08,1.53414e-08,1.33533e-08,1.17974e-08,1.056e-08,155425000.0,187655000.0,223152000.0,260733000.0,299553000.0,339057000.0,378786000.0,0.000345033,0.000394982,0.000452125,0.000507349,0.000565109,0.000624939,0.000680995,3.65852,-0.0280286,3.67496,-0.0415639,107433333.33333336,112878333.33333334,121796666.66666664,127334999.99999999,130540000.00000003,132054999.99999999,132429999.99999988,107433333.33333336,132429999.99999988,124089444.44444443,0.6912229907243581,2.437098278912659,PASS
all-slow,-40.0,2.97,band0,all-slow_-40c_2.97v_band0,1.11565e-06,9.4065e-07,8.01949e-07,6.94352e-07,6.10309e-07,5.4287e-07,4.87661e-07,3585350.0,4252380.0,4987850.0,5760770.0,6554060.0,7368240.0,8202420.0,2.80173e-05,3.0896e-05,3.43528e-05,3.77092e-05,4.15334e-05,4.47974e-05,4.8624e-05,3.02882,-0.0530808,3.05977,-0.0484013,2223433.333333334,2337500.0,2513983.333333333,2610349.9999999995,2679116.6666666674,2747266.666666666,2780599.9999999977,2223433.333333334,2780599.9999999977,2565038.8888888885,0.6201440119746563,2.2877599118635557,PASS
all-slow,-40.0,2.97,band1,all-slow_-40c_2.97v_band1,6.82416e-07,5.74773e-07,4.88884e-07,4.22531e-07,3.70545e-07,3.29188e-07,2.95132e-07,5861530.0,6959260.0,8181900.0,9466760.0,10794900.0,12151100.0,13553300.0,3.42865e-05,3.77416e-05,4.2191e-05,4.70859e-05,5.19278e-05,5.66943e-05,6.15288e-05,3.03395,-0.0714194,3.06923,-0.0873968,3659100.000000001,3867283.3333333335,4179166.666666666,4354999.999999999,4473900.000000001,4597333.333333333,4673999.999999996,3659100.000000001,4673999.999999996,4273205.555555555,0.624256806669931,2.3122461200403306,PASS
all-slow,-40.0,2.97,band2,all-slow_-40c_2.97v_band2,3.99703e-07,3.35879e-07,2.85281e-07,2.46254e-07,2.15491e-07,1.90944e-07,1.7108e-07,10007400.0,11909100.0,14021300.0,16243400.0,18562300.0,20948600.0,23380900.0,3.85577e-05,4.39396e-05,4.90856e-05,5.47436e-05,6.10307e-05,6.65824e-05,7.27314e-05,3.05204,-0.091284,3.08418,-0.0971131,6339000.000000002,6689833.333333334,7223833.333333332,7568333.333333332,7842000.000000002,8030999.999999999,8107666.6666666595,6339000.000000002,8107666.6666666595,7429722.222222221,0.6334312608669587,2.3363610927913343,PASS
all-slow,-40.0,2.97,band3,all-slow_-40c_2.97v_band3,2.41789e-07,2.02478e-07,1.714e-07,1.47453e-07,1.2878e-07,1.13829e-07,1.0169e-07,16543400.0,19755200.0,23337300.0,27127400.0,31060800.0,35140400.0,39335200.0,5.09709e-05,5.81759e-05,6.57908e-05,7.42612e-05,8.29013e-05,9.13743e-05,9.97836e-05,3.0839,-0.120632,3.10544,-0.147475,10706000.000000002,11323166.666666668,12286999.999999998,12872499.999999998,13355000.000000004,13790666.666666664,13982666.666666655,10706000.000000002,13982666.666666655,12662111.11111111,0.6471462939903527,2.377697450342735,PASS
all-slow,-40.0,2.97,band4,all-slow_-40c_2.97v_band4,1.43453e-07,1.19817e-07,1.01119e-07,8.67162e-08,7.55038e-08,6.65998e-08,5.94278e-08,27883800.0,33384400.0,39557500.0,46127500.0,52977500.0,60060300.0,67308500.0,5.62691e-05,6.40642e-05,7.27408e-05,8.17374e-05,9.18313e-05,0.000101351,0.00011161,3.08028,-0.137912,3.0994,-0.14036,18335333.333333336,19456166.666666668,21238499.999999996,22366666.666666664,23221333.33333334,23884999.999999996,24160666.666666646,18335333.333333336,24160666.666666646,21902611.11111111,0.657562216531941,2.4138926545162422,PASS
all-slow,-40.0,2.97,band5,all-slow_-40c_2.97v_band5,8.50799e-08,7.08285e-08,5.95685e-08,5.09634e-08,4.432e-08,3.90627e-08,3.4832e-08,47014600.0,56474400.0,67149600.0,78487700.0,90252800.0,102399000.0,114837000.0,7.92344e-05,9.13796e-05,0.000104484,0.00011874,0.00013357,0.000147576,0.000163234,3.04044,-0.107565,3.09242,-0.157008,31532666.666666675,33558333.333333336,36688833.33333333,38505333.33333333,39852166.66666668,40973666.666666664,41459999.99999996,31532666.666666675,41459999.99999996,37679111.111111104,0.6706994564808948,2.442581666120737,PASS
all-slow,-40.0,2.97,band6,all-slow_-40c_2.97v_band6,4.80417e-08,3.99622e-08,3.36366e-08,2.88505e-08,2.51729e-08,2.22885e-08,1.99774e-08,83261100.0,100095000.0,118918000.0,138646000.0,158901000.0,179465000.0,200226000.0,0.000114099,0.000132726,0.000153737,0.000175029,0.000196042,0.000218069,0.000240252,3.02178,-0.0434693,3.0323,-0.0724669,56113000.000000015,59428166.66666667,64251666.66666666,66638333.33333332,68031666.66666669,68874999.99999999,69203333.33333327,56113000.000000015,69203333.33333327,64980499.99999999,0.6739401713405181,2.404796477586772,PASS
all-slow,-40.0,2.97,band7,all-slow_-40c_2.97v_band7,2.83112e-08,2.36474e-08,2.00273e-08,1.73033e-08,1.52156e-08,1.35813e-08,1.2274e-08,141287000.0,169152000.0,199727000.0,231169000.0,262889000.0,294523000.0,325891000.0,0.000173965,0.000200976,0.000233528,0.000265472,0.000297764,0.000331699,0.000364178,3.02928,-0.0410161,3.04003,-0.049454,92883333.33333336,97400000.0,103361666.66666666,105269999.99999999,105590000.00000003,105003333.33333331,104559999.99999991,92883333.33333336,105590000.00000003,102557777.77777776,0.6574089147149657,2.3065887165839745,PASS
all-slow,-40.0,3.3,band0,all-slow_-40c_3.30v_band0,1.25038e-06,1.0605e-06,9.07716e-07,7.89739e-07,6.96719e-07,6.21553e-07,5.60731e-07,3199040.0,3771790.0,4406670.0,5064970.0,5741190.0,6435490.0,7133550.0,3.12653e-05,3.39847e-05,3.84578e-05,4.08224e-05,4.46577e-05,4.79641e-05,5.22398e-05,3.34016,-0.0482087,3.3621,-0.0786593,1909166.666666667,2012716.6666666667,2155299.9999999995,2224199.9999999995,2284200.0000000005,2320599.9999999995,2326866.6666666646,1909166.666666667,2326866.6666666646,2185838.8888888885,0.5967936214197593,2.2299033460038014,PASS
all-slow,-40.0,3.3,band1,all-slow_-40c_3.30v_band1,7.74955e-07,6.56681e-07,5.61347e-07,4.87982e-07,4.29897e-07,3.8303e-07,3.44786e-07,5161590.0,6091240.0,7125720.0,8197030.0,9304560.0,10443100.0,11601400.0,3.77433e-05,4.09387e-05,4.62064e-05,5.08337e-05,5.57159e-05,6.05818e-05,6.54206e-05,3.36474,-0.0631103,3.39318,-0.0887496,3098833.333333334,3273550.0,3509649.9999999995,3631399.9999999995,3743450.000000001,3828066.666666666,3860999.9999999967,3098833.333333334,3860999.9999999967,3577672.2222222215,0.600364099692795,2.2476407463591643,PASS
all-slow,-40.0,3.3,band2,all-slow_-40c_3.30v_band2,4.59069e-07,3.88286e-07,3.31785e-07,2.87631e-07,2.52989e-07,2.25326e-07,2.02536e-07,8713290.0,10301700.0,12056000.0,13906700.0,15811000.0,17752100.0,19749500.0,4.31198e-05,4.72241e-05,5.28718e-05,5.85222e-05,6.48859e-05,7.12359e-05,7.70486e-05,3.38039,-0.0934118,3.40031,-0.0982839,5294700.000000001,5571183.333333334,6008333.333333332,6258333.333333332,6409000.000000002,6564166.666666666,6657999.999999994,5294700.000000001,6657999.999999994,6131227.777777777,0.6076579569829538,2.266595051926425,PASS
all-slow,-40.0,3.3,band3,all-slow_-40c_3.30v_band3,2.82152e-07,2.38089e-07,2.02723e-07,1.75344e-07,1.53808e-07,1.36437e-07,1.2242e-07,14176700.0,16800500.0,19731400.0,22812300.0,26006400.0,29317600.0,32674300.0,5.51245e-05,6.23313e-05,7.04343e-05,7.91189e-05,8.78506e-05,9.65388e-05,0.000105205,3.40529,-0.122867,3.42001,-0.121507,8746000.000000002,9257833.333333334,10019666.666666666,10458333.333333332,10842166.66666667,11113166.666666664,11188999.99999999,8746000.000000002,11188999.99999999,10276444.444444442,0.6169277758575692,2.3047888436660156,PASS
all-slow,-40.0,3.3,band4,all-slow_-40c_3.30v_band4,1.69169e-07,1.42298e-07,1.20707e-07,1.0409e-07,9.09918e-08,8.05663e-08,7.2028e-08,23644900.0,28110000.0,33138100.0,38428300.0,43960000.0,49648500.0,55533900.0,6.06818e-05,6.92036e-05,7.8118e-05,8.73046e-05,9.73992e-05,0.000107572,0.000116766,3.40289,-0.130301,3.44663,-0.151305,14883666.66666667,15822000.0,17197166.666666664,18036499.999999996,18700333.333333336,19289833.333333332,19617999.99999998,14883666.66666667,19617999.99999998,17716111.11111111,0.6294662555843615,2.3486629251974,PASS
all-slow,-40.0,3.3,band5,all-slow_-40c_3.30v_band5,1.01983e-07,8.5372e-08,7.21061e-08,6.18985e-08,5.39118e-08,4.75205e-08,4.23643e-08,39222400.0,46853700.0,55473800.0,64621900.0,74195300.0,84174200.0,94419000.0,8.44223e-05,9.61171e-05,0.000111034,0.000125507,0.000139868,0.00015502,0.000170725,3.36481,-0.117063,3.45331,-0.157948,25437666.66666667,27085666.666666668,29613666.66666666,31202499.999999996,32587166.666666675,33706166.666666664,34149333.333333306,25437666.66666667,34149333.333333306,30664777.777777772,0.6485494683310219,2.407272374969405,PASS
all-slow,-40.0,3.3,band6,all-slow_-40c_3.30v_band6,5.79425e-08,4.82747e-08,4.06028e-08,3.47232e-08,3.01592e-08,2.65424e-08,2.36448e-08,69033900.0,82859100.0,98515300.0,115197000.0,132629000.0,150702000.0,169170000.0,0.000122104,0.000139872,0.000161434,0.000183752,0.000206345,0.000228341,0.000252393,3.34299,-0.068763,3.3669,-0.135112,46084000.00000001,49135666.66666667,53896499.99999999,56856166.66666666,59175000.000000015,60901666.66666666,61559999.99999995,46084000.00000001,61559999.99999995,55631166.66666666,0.6675560847641522,2.4505351718503516,PASS
all-slow,-40.0,3.3,band7,all-slow_-40c_3.30v_band7,3.39907e-08,2.8206e-08,2.3675e-08,2.02504e-08,1.7625e-08,1.5578e-08,1.39451e-08,117679000.0,141814000.0,168955000.0,197527000.0,226950000.0,256773000.0,286838000.0,0.000181582,0.000211465,0.000245634,0.000278702,0.000313977,0.00034966,0.000384861,3.35199,-0.0386419,3.3653,-0.0468185,80450000.00000001,85460000.0,92854999.99999999,96658333.33333331,98743333.33333336,99813333.33333331,100216666.66666658,80450000.00000001,100216666.66666658,93977222.22222221,0.6836393919050979,2.4374612292762516,PASS
all-slow,-40.0,3.63,band0,all-slow_-40c_3.63v_band0,1.35241e-06,1.15153e-06,9.89719e-07,8.64539e-07,7.65078e-07,6.84804e-07,6.19023e-07,2957680.0,3473630.0,4041550.0,4626740.0,5228220.0,5841090.0,6461800.0,3.5478e-05,3.81292e-05,4.20081e-05,4.52516e-05,4.91846e-05,5.25379e-05,5.61606e-05,3.67812,-0.0503003,3.69873,-0.0629726,1719833.3333333337,1806450.0,1921849.9999999998,1977783.333333333,2023916.6666666672,2055966.6666666663,2069033.3333333314,1719833.3333333337,2069033.3333333314,1946733.333333333,0.5814805297846061,2.184752914446458,PASS
all-slow,-40.0,3.63,band1,all-slow_-40c_3.63v_band1,8.46789e-07,7.2049e-07,6.19059e-07,5.39933e-07,4.77095e-07,4.26806e-07,3.85331e-07,4723730.0,5551780.0,6461420.0,7408320.0,8384070.0,9371950.0,10380700.0,4.17687e-05,4.63981e-05,5.07519e-05,5.49095e-05,6.04228e-05,6.4866e-05,6.99557e-05,3.69669,-0.0767563,3.71776,-0.0957088,2760166.6666666674,2896150.0,3094233.333333333,3204416.666666666,3272716.6666666674,3327716.666666666,3362499.999999997,2760166.6666666674,3362499.999999997,3142761.1111111105,0.5843193126335898,2.19756421302657,PASS
all-slow,-40.0,3.63,band2,all-slow_-40c_3.63v_band2,5.05555e-07,4.29634e-07,3.68645e-07,3.21303e-07,2.83557e-07,2.53122e-07,2.28432e-07,7912100.0,9310240.0,10850600.0,12449300.0,14106500.0,15802700.0,17510700.0,4.67856e-05,5.33536e-05,5.8957e-05,6.44017e-05,7.00483e-05,7.66194e-05,8.29059e-05,3.715,-0.0685799,3.73234,-0.101446,4660466.666666668,4897500.0,5231766.666666666,5426499.999999999,5589000.000000001,5673666.666666666,5693333.333333328,4660466.666666668,5693333.333333328,5332555.555555555,0.5890303037962953,2.2131545354583486,PASS
all-slow,-40.0,3.63,band3,all-slow_-40c_3.63v_band3,3.14793e-07,2.66856e-07,2.28385e-07,1.98663e-07,1.74821e-07,1.55782e-07,1.40111e-07,12706800.0,14989400.0,17514300.0,20134600.0,22880500.0,25676900.0,28548800.0,6.13996e-05,6.78238e-05,7.57335e-05,8.46647e-05,9.46862e-05,0.000103404,0.00011273,3.73062,-0.0922438,3.75457,-0.122839,7608666.666666668,8012500.0,8575333.333333332,8943666.666666666,9237166.666666668,9447166.666666666,9572999.99999999,7608666.666666668,9572999.99999999,8801111.11111111,0.5987870011857169,2.2467340321717506,PASS
all-slow,-40.0,3.63,band4,all-slow_-40c_3.63v_band4,1.89894e-07,1.6065e-07,1.37152e-07,1.18814e-07,1.04315e-07,9.27034e-08,8.32616e-08,21064300.0,24898800.0,29164700.0,33666100.0,38345500.0,43148300.0,48041400.0,6.7671e-05,7.55419e-05,8.45496e-05,9.41689e-05,0.000104392,0.000114548,0.000124766,3.76566,-0.12902,3.78992,-0.164332,12781666.66666667,13500666.666666668,14612166.666666664,15301333.33333333,15803666.66666667,16159833.33333333,16310333.333333319,12781666.66666667,16310333.333333319,14987277.777777776,0.6067928517285962,2.2807024206833364,PASS
all-slow,-40.0,3.63,band5,all-slow_-40c_3.63v_band5,1.16272e-07,9.79315e-08,8.32211e-08,7.17932e-08,6.283e-08,5.55834e-08,4.97011e-08,34402000.0,40844900.0,48064700.0,55715600.0,63663900.0,71963900.0,80481100.0,9.10599e-05,0.000104249,0.000118064,0.000133208,0.000148183,0.000162463,0.00017848,3.72889,-0.134397,3.7691,-0.156348,21476333.33333334,22771166.666666668,24784499.999999996,25998666.666666664,27080500.000000007,28028666.666666664,28390666.66666664,21476333.33333334,28390666.66666664,25599499.999999996,0.6242757204038527,2.3394308470437766,PASS
all-slow,-40.0,3.63,band6,all-slow_-40c_3.63v_band6,6.68641e-08,5.60361e-08,4.74012e-08,4.07052e-08,3.54551e-08,3.12423e-08,2.78378e-08,59822900.0,71382500.0,84386100.0,98267500.0,112819000.0,128031000.0,143689000.0,0.000130224,0.00014973,0.000170708,0.000193592,0.000216689,0.000239184,0.000262664,3.66449,-0.10432,3.70981,-0.146297,38532000.00000001,40938666.66666667,44808333.33333333,47388166.66666666,49605833.33333334,51449999.99999999,52193333.33333328,38532000.00000001,52193333.33333328,46592277.77777777,0.6441011719592331,2.40190629340938,PASS
all-slow,-40.0,3.63,band7,all-slow_-40c_3.63v_band7,3.97752e-08,3.31174e-08,2.78346e-08,2.37774e-08,2.0627e-08,1.81397e-08,1.61474e-08,100565000.0,120783000.0,143706000.0,168227000.0,193921000.0,220511000.0,247717000.0,0.000193473,0.00022202,0.000256805,0.000292546,0.000329002,0.000363857,0.000402599,3.67424,-0.0440508,3.68885,-0.0756724,67393333.33333334,71901666.66666667,79073333.33333333,83691666.66666666,87140000.00000001,89659999.99999999,90686666.66666658,67393333.33333334,90686666.66666658,81751111.1111111,0.6701470027676959,2.4632526226818476,PASS
all-slow,27.0,2.97,band0,all-slow_27c_2.97v_band0,1.06524e-06,8.96118e-07,7.63957e-07,6.61549e-07,5.81416e-07,5.17169e-07,4.64664e-07,3755010.0,4463700.0,5235890.0,6046420.0,6879750.0,7734420.0,8608360.0,3.33146e-05,3.66864e-05,4.005e-05,4.37742e-05,4.81187e-05,5.21217e-05,5.63118e-05,3.02789,-0.0502922,3.05339,-0.0729396,2362300.0000000005,2468133.3333333335,2637866.666666666,2739766.666666666,2813333.333333334,2881016.666666666,2913133.3333333307,2362300.0000000005,2913133.3333333307,2696305.555555555,0.6291061808091059,2.292499886817878,PASS
all-slow,27.0,2.97,band1,all-slow_27c_2.97v_band1,6.50639e-07,5.46463e-07,4.64733e-07,4.018e-07,3.52161e-07,3.12413e-07,2.80252e-07,6147800.0,7319800.0,8607080.0,9955190.0,11358400.0,12803500.0,14272900.0,4.01568e-05,4.41704e-05,4.95146e-05,5.43342e-05,5.97951e-05,6.53967e-05,7.11671e-05,3.04011,-0.0707463,3.05178,-0.108361,3906666.6666666674,4098800.0,4392316.666666666,4585533.333333333,4747183.333333334,4857499.999999999,4897999.999999995,3906666.6666666674,4897999.999999995,4513944.444444444,0.6354576704945945,2.3216272487719185,PASS
all-slow,27.0,2.97,band2,all-slow_27c_2.97v_band2,3.84957e-07,3.22587e-07,2.73615e-07,2.35915e-07,2.06081e-07,1.82454e-07,1.63275e-07,10390800.0,12399800.0,14619100.0,16955200.0,19409900.0,21923400.0,24498500.0,4.52081e-05,5.06913e-05,5.65875e-05,6.28001e-05,6.91828e-05,7.6044e-05,8.27719e-05,3.05993,-0.0985653,3.07142,-0.11056,6696666.666666668,7047166.666666667,7592333.333333332,7984666.666666665,8280333.333333335,8480999.999999998,8583666.666666659,6696666.666666668,8583666.666666659,7837611.11111111,0.6444803736638822,2.3577106671286137,PASS
all-slow,27.0,2.97,band3,all-slow_27c_2.97v_band3,2.31744e-07,1.93466e-07,1.63496e-07,1.40405e-07,1.22479e-07,1.08022e-07,9.64375e-08,17260400.0,20675500.0,24465500.0,28488900.0,32658600.0,37029500.0,41477600.0,5.88571e-05,6.66298e-05,7.58892e-05,8.47441e-05,9.43511e-05,0.000104314,0.000113853,3.06321,-0.119984,3.10519,-0.139284,11383666.66666667,12008500.0,13022333.333333332,13655166.666666664,14234333.333333336,14698333.33333333,14826999.999999987,11383666.66666667,14826999.999999987,13453999.999999998,0.6595250785999554,2.4030497555097217,PASS
all-slow,27.0,2.97,band4,all-slow_27c_2.97v_band4,1.33987e-07,1.11393e-07,9.37991e-08,8.02982e-08,6.97869e-08,6.14282e-08,5.47165e-08,29853700.0,35908800.0,42644300.0,49814300.0,57317400.0,65116700.0,73104100.0,6.5359e-05,7.46096e-05,8.50385e-05,9.52362e-05,0.000105932,0.000116811,0.000128625,3.03464,-0.135134,3.08009,-0.129124,20183666.66666667,21317666.666666668,23175833.33333333,24455166.666666664,25504000.000000007,26311166.666666664,26624666.66666664,20183666.66666667,26624666.66666664,24027999.999999996,0.6760859346301018,2.4487450466776313,PASS
all-slow,27.0,2.97,band5,all-slow_27c_2.97v_band5,7.88612e-08,6.52737e-08,5.47272e-08,4.67183e-08,4.05297e-08,3.56744e-08,3.17806e-08,50722000.0,61280500.0,73089700.0,85619600.0,98693000.0,112125000.0,125863000.0,9.18615e-05,0.000105753,0.000120825,0.000137034,0.000153406,0.00017007,0.000187571,3.01118,-0.0801244,3.02126,-0.0925428,35195000.00000001,37279500.0,40565166.666666664,42672166.66666666,44175666.66666668,45283333.33333333,45793333.33333329,35195000.00000001,45793333.33333329,41744999.99999999,0.6938803674933955,2.4814281771223534,PASS
all-slow,27.0,2.97,band6,all-slow_27c_2.97v_band6,4.46506e-08,3.69051e-08,3.09833e-08,2.65429e-08,2.31491e-08,2.05013e-08,1.83984e-08,89584400.0,108386000.0,129102000.0,150700000.0,172793000.0,195110000.0,217410000.0,0.00013094,0.000151994,0.000175534,0.000198811,0.000222888,0.000247401,0.000271883,3.01918,-0.0367793,3.03109,-0.0455429,62672000.000000015,65862666.66666667,70523333.33333333,72818333.33333333,74016666.66666669,74361666.66666666,74333333.33333327,62672000.000000015,74361666.66666666,71014222.22222221,0.6995860886493632,2.426873428855917,PASS
all-slow,27.0,2.97,band7,all-slow_27c_2.97v_band7,2.60695e-08,2.17073e-08,1.84031e-08,1.59375e-08,1.40606e-08,1.25985e-08,1.14355e-08,153436000.0,184269000.0,217354000.0,250980000.0,284482000.0,317498000.0,349788000.0,0.000197038,0.000228997,0.000264838,0.000300702,0.00033629,0.000373385,0.00040943,3.02813,-0.0435767,3.04011,-0.0524438,102776666.66666669,106530000.0,111184999.99999999,111879999.99999999,110863333.33333336,108843333.33333331,107633333.33333324,102776666.66666669,111879999.99999999,109084444.44444443,0.6698341110734553,2.2796996793451343,PASS
all-slow,27.0,3.3,band0,all-slow_27c_3.30v_band0,1.19133e-06,1.00757e-06,8.61418e-07,7.49203e-07,6.61011e-07,5.89426e-07,5.31261e-07,3357580.0,3969940.0,4643500.0,5339010.0,6051340.0,6786260.0,7529250.0,3.60529e-05,3.97406e-05,4.32876e-05,4.76787e-05,5.16536e-05,5.61863e-05,6.03239e-05,3.34665,-0.0908032,3.37132,-0.0728235,2041200.0000000005,2143200.0,2281783.333333333,2346399.9999999995,2412083.333333334,2463183.333333333,2476633.333333331,2041200.0000000005,2476633.333333331,2317594.444444444,0.6079378600063142,2.242463321797247,PASS
all-slow,27.0,3.3,band1,all-slow_27c_3.30v_band1,7.35713e-07,6.21096e-07,5.3053e-07,4.60302e-07,4.05342e-07,3.61238e-07,3.24706e-07,5436900.0,6440230.0,7539630.0,8689950.0,9868210.0,11073000.0,12318800.0,4.29672e-05,4.81207e-05,5.32592e-05,5.82135e-05,6.38315e-05,6.96274e-05,7.47338e-05,3.37863,-0.0902865,3.38784,-0.108973,3344433.333333334,3504550.0,3749533.3333333326,3880966.666666666,3971750.000000001,4084316.666666666,4152666.666666663,3344433.333333334,4152666.666666663,3823277.777777777,0.6151360763179999,2.265776453493719,PASS
all-slow,27.0,3.3,band2,all-slow_27c_3.30v_band2,4.39555e-07,3.70319e-07,3.15898e-07,2.73534e-07,2.40368e-07,2.13731e-07,1.91902e-07,9100120.0,10801500.0,12662300.0,14623400.0,16641100.0,18715100.0,20844000.0,4.92151e-05,5.42834e-05,6.05676e-05,6.69949e-05,7.4152e-05,8.07778e-05,8.78101e-05,3.38967,-0.104453,3.40258,-0.133773,5671266.666666668,5936966.666666667,6369833.333333332,6631333.333333332,6819500.000000002,7004833.333333332,7096333.333333327,5671266.666666668,7096333.333333327,6524377.777777777,0.6232078990899755,2.290519245900054,PASS
all-slow,27.0,3.3,band3,all-slow_27c_3.30v_band3,2.68574e-07,2.256e-07,1.91808e-07,1.655e-07,1.44966e-07,1.28637e-07,1.15085e-07,14893500.0,17730500.0,20854200.0,24169200.0,27592700.0,31095200.0,34756800.0,6.27897e-05,7.10828e-05,8.05405e-05,8.98478e-05,9.9229e-05,0.000109691,0.000119177,3.42317,-0.136899,3.44166,-0.145812,9456666.666666668,9934500.0,10731166.666666664,11230833.333333332,11543333.333333336,11940166.666666664,12205333.333333323,9456666.666666668,12205333.333333323,11035166.666666664,0.6349526079609674,2.333689193272233,PASS
all-slow,27.0,3.3,band4,all-slow_27c_3.30v_band4,1.5697e-07,1.31382e-07,1.11313e-07,9.57942e-08,8.36511e-08,7.39036e-08,6.59969e-08,25482500.0,30445500.0,35934700.0,41756200.0,47817700.0,54124500.0,60608900.0,7.05339e-05,7.94559e-05,8.93269e-05,0.000100566,0.000111623,0.000123352,0.000134552,3.4064,-0.120475,3.43317,-0.149821,16543333.333333338,17420333.333333336,18851166.666666664,19804999.999999996,20613833.33333334,21318666.666666664,21614666.66666665,16543333.333333338,21614666.66666665,19514666.666666664,0.649203701886916,2.378451878740312,PASS
all-slow,27.0,3.3,band5,all-slow_27c_3.30v_band5,9.39306e-08,7.82315e-08,6.59159e-08,5.64437e-08,4.90529e-08,4.31597e-08,3.84121e-08,42584600.0,51130300.0,60683400.0,70867100.0,81544700.0,92679100.0,104134000.0,9.67529e-05,0.000111131,0.000126367,0.000143133,0.000160123,0.00017722,0.000194265,3.34651,-0.11458,3.41392,-0.168374,28485666.66666667,30164666.666666668,32894666.66666666,34768833.33333333,36353333.33333334,37648833.33333333,38182999.99999996,28485666.66666667,38182999.99999996,34194111.111111104,0.6689194372300473,2.4453440915260445,PASS
all-slow,27.0,3.3,band6,all-slow_27c_3.30v_band6,5.36376e-08,4.4391e-08,3.72064e-08,3.17336e-08,2.75126e-08,2.41976e-08,2.15474e-08,74574600.0,90108400.0,107508000.0,126049000.0,145388000.0,165305000.0,185637000.0,0.000138465,0.000159862,0.000182813,0.000207842,0.000232452,0.000258673,0.000284227,3.34049,-0.067117,3.35451,-0.0639458,51779333.33333334,54889000.0,59900999.99999999,63133333.33333332,65426666.66666668,67081666.66666666,67773333.33333327,51779333.33333334,67773333.33333327,61701333.33333332,0.6943293471682496,2.489279191574611,PASS
all-slow,27.0,3.3,band7,all-slow_27c_3.30v_band7,3.10866e-08,2.56647e-08,2.15255e-08,1.84277e-08,1.60703e-08,1.42401e-08,1.27881e-08,128673000.0,155856000.0,185826000.0,217064000.0,248906000.0,280897000.0,312790000.0,0.000205534,0.000239762,0.000277535,0.000316271,0.000355369,0.000394475,0.000432817,3.35053,-0.0411015,3.36566,-0.0509953,90610000.00000001,95255000.0,102013333.33333331,105133333.33333331,106388333.33333336,106473333.33333331,106309999.99999991,90610000.00000001,106473333.33333331,102287222.22222221,0.704188135817149,2.4308907074522237,PASS
all-slow,27.0,3.63,band0,all-slow_27c_3.63v_band0,1.29282e-06,1.0968e-06,9.4173e-07,8.21928e-07,7.26347e-07,6.49377e-07,5.87625e-07,3094010.0,3646960.0,4247500.0,4866600.0,5507010.0,6159750.0,6807060.0,3.99032e-05,4.29237e-05,4.74579e-05,5.1907e-05,5.57066e-05,5.92375e-05,6.34437e-05,3.68731,-0.0599553,3.72167,-0.0602625,1843166.666666667,1922483.3333333335,2032733.333333333,2099183.333333333,2155250.0000000005,2166749.9999999995,2157699.999999998,1843166.666666667,2166749.9999999995,2062805.5555555553,0.5957209791392617,2.2000769228283037,PASS
all-slow,27.0,3.63,band1,all-slow_27c_3.63v_band1,8.05546e-07,6.82408e-07,5.85687e-07,5.09999e-07,4.5062e-07,4.02489e-07,3.63141e-07,4965570.0,5861590.0,6829590.0,7843150.0,8876650.0,9938160.0,11015000.0,4.78342e-05,5.14127e-05,5.721e-05,6.40378e-05,6.92005e-05,7.39297e-05,7.96019e-05,3.7097,-0.0686372,3.7121,-0.0764682,2986733.333333334,3106700.0,3302599.9999999995,3411766.666666666,3491683.333333334,3563916.666666666,3589466.6666666633,2986733.333333334,3589466.6666666633,3360794.444444444,0.6014885165919187,2.2182750419387904,PASS
all-slow,27.0,3.63,band2,all-slow_27c_3.63v_band2,4.84668e-07,4.10159e-07,3.51394e-07,3.05423e-07,2.69429e-07,2.40365e-07,2.16436e-07,8253070.0,9752320.0,11383200.0,13096600.0,14846200.0,16641400.0,18481200.0,5.31888e-05,6.00506e-05,6.50021e-05,7.21306e-05,7.89604e-05,8.6062e-05,9.34302e-05,3.72518,-0.093036,3.74102,-0.109887,4997500.000000001,5216883.333333334,5573799.999999999,5771666.666666666,5908000.000000001,6058333.333333332,6132666.666666661,4997500.000000001,6132666.666666661,5682294.444444444,0.6055322443648243,2.239312158990533,PASS
all-slow,27.0,3.63,band3,all-slow_27c_3.63v_band3,2.99549e-07,2.52942e-07,2.16033e-07,1.88244e-07,1.6479e-07,1.46515e-07,1.31691e-07,13353400.0,15813900.0,18515700.0,21249000.0,24273300.0,27301000.0,30374200.0,6.85106e-05,7.64714e-05,8.56576e-05,9.54099e-05,0.000105532,0.000116281,0.000126273,3.73931,-0.118284,3.77352,-0.148473,8201666.666666669,8603833.333333334,9058499.999999998,9595999.999999998,10086666.66666667,10168166.666666666,10243999.99999999,8201666.666666669,10243999.99999999,9455999.999999998,0.6142006280547777,2.2746416642952356,PASS
all-slow,27.0,3.63,band4,all-slow_27c_3.63v_band4,1.76307e-07,1.48433e-07,1.26392e-07,1.09317e-07,9.58844e-08,8.50962e-08,7.62343e-08,22687700.0,26948200.0,31647600.0,36591000.0,41716900.0,47005600.0,52469800.0,7.60508e-05,8.57748e-05,9.6251e-05,0.000106852,0.000118446,0.000129682,0.000141564,3.75309,-0.135527,3.80217,-0.179665,14201666.66666667,14933166.666666668,16071333.33333333,16782166.666666664,17357666.66666667,17921499.999999996,18213999.999999985,14201666.66666667,18213999.999999985,16545611.111111108,0.6259632605626251,2.3126980698792736,PASS
all-slow,27.0,3.63,band5,all-slow_27c_3.63v_band5,1.07093e-07,8.97088e-08,7.60326e-08,6.54419e-08,5.71361e-08,5.04697e-08,4.50401e-08,37350600.0,44588700.0,52609000.0,61122900.0,70008300.0,79255500.0,88809800.0,0.000104258,0.000117732,0.000133459,0.000150634,0.000167873,0.000184881,0.000203014,3.7132,-0.123528,3.72889,-0.153158,24127000.000000004,25430666.666666668,27556999.999999996,28998833.33333333,30221000.000000007,31335833.33333333,31847666.666666638,24127000.000000004,31847666.666666638,28588444.44444444,0.6459601719918824,2.3777342264916763,PASS
all-slow,27.0,3.63,band6,all-slow_27c_3.63v_band6,6.18742e-08,5.15182e-08,4.33919e-08,3.71317e-08,3.22356e-08,2.83429e-08,2.51948e-08,64647300.0,77642400.0,92183100.0,107725000.0,124087000.0,141129000.0,158763000.0,0.000146215,0.000168243,0.00019158,0.000217109,0.000241822,0.000269108,0.00029576,3.66316,-0.0698223,3.67709,-0.0753626,43317000.00000001,45893000.0,50137666.66666666,53173166.66666666,55673333.33333334,57793333.33333333,58779999.99999995,43317000.00000001,58779999.99999995,52286499.99999999,0.6700511854323383,2.4558334222774967,PASS
all-slow,27.0,3.63,band7,all-slow_27c_3.63v_band7,3.63014e-08,3.00112e-08,2.51325e-08,2.14276e-08,1.8578e-08,1.6349e-08,1.45767e-08,110189000.0,133284000.0,159156000.0,186675000.0,215308000.0,244664000.0,274411000.0,0.000217156,0.000251744,0.000290132,0.00033025,0.000368766,0.000409262,0.000451943,3.67227,-0.0375247,3.68859,-0.0487797,76983333.33333334,81611666.66666667,88984999.99999999,93586666.66666666,96648333.33333336,98504999.99999999,99156666.66666658,76983333.33333334,99156666.66666658,91234444.44444443,0.6986480804194007,2.490366552015174,PASS
all-slow,125.0,2.97,band0,all-slow_125c_2.97v_band0,1.00185e-06,8.43788e-07,7.20858e-07,6.25241e-07,5.50578e-07,4.90434e-07,4.40604e-07,3992620.0,4740530.0,5548940.0,6397530.0,7265100.0,8156040.0,9078440.0,4.28731e-05,4.69638e-05,5.14247e-05,5.55216e-05,5.94611e-05,6.47437e-05,6.89921e-05,3.03435,-0.063394,3.04837,-0.0693176,2493033.333333334,2593866.666666667,2761666.666666666,2860266.666666666,2930850.0000000005,3022233.333333333,3074666.6666666637,2493033.333333334,3074666.6666666637,2825455.555555555,0.6244103704668448,2.273805170539646,PASS
all-slow,125.0,2.97,band1,all-slow_125c_2.97v_band1,6.09589e-07,5.12743e-07,4.37105e-07,3.78689e-07,3.32437e-07,2.95535e-07,2.65421e-07,6561800.0,7801180.0,9151120.0,10562800.0,12032400.0,13534800.0,15070400.0,5.10859e-05,5.59526e-05,6.17033e-05,6.77544e-05,7.34819e-05,8.02487e-05,8.65104e-05,3.04927,-0.0776346,3.10299,-0.114589,4131266.6666666674,4315533.333333334,4602699.999999999,4802133.333333333,4953333.333333335,5063333.333333333,5118666.666666662,4131266.6666666674,5118666.666666662,4726999.999999999,0.629593505846973,2.2966868846962725,PASS
all-slow,125.0,2.97,band2,all-slow_125c_2.97v_band2,3.64102e-07,3.05233e-07,2.5922e-07,2.2375e-07,1.9602e-07,1.73459e-07,1.55352e-07,10985900.0,13104800.0,15430900.0,17877100.0,20406100.0,23060200.0,25747900.0,5.68378e-05,6.29937e-05,6.98368e-05,7.73103e-05,8.44591e-05,9.21353e-05,0.000100352,3.06018,-0.0950389,3.08887,-0.128035,7063000.000000002,7408333.333333334,7953833.333333332,8291999.999999999,8638500.000000002,8902999.999999998,8958999.999999993,7063000.000000002,8958999.999999993,8201111.11111111,0.6429150092391157,2.3437224078136523,PASS
all-slow,125.0,2.97,band3,all-slow_125c_2.97v_band3,2.17897e-07,1.81873e-07,1.53864e-07,1.32339e-07,1.15414e-07,1.01936e-07,9.08731e-08,18357300.0,21993300.0,25997000.0,30225300.0,34657800.0,39240400.0,44017400.0,7.26634e-05,8.20661e-05,9.19557e-05,0.000102719,0.000113309,0.000124331,0.000135536,3.05048,-0.109515,3.11691,-0.164659,12120000.000000002,12732833.333333334,13719999.999999998,14434666.666666664,15025166.66666667,15599333.33333333,15923333.333333319,12120000.000000002,15923333.333333319,14255611.111111108,0.6602278112794366,2.3978144934167878,PASS
all-slow,125.0,2.97,band4,all-slow_125c_2.97v_band4,1.22339e-07,1.01671e-07,8.56771e-08,7.33512e-08,6.37547e-08,5.61182e-08,4.99128e-08,32696100.0,39342700.0,46686900.0,54532200.0,62740500.0,71278100.0,80139800.0,8.15387e-05,9.22734e-05,0.000104208,0.000115963,0.000128373,0.000141117,0.000154395,3.00901,-0.0934177,3.06327,-0.150944,22155333.33333334,23318000.0,25315833.33333333,26755999.999999996,27909833.33333334,28998833.33333333,29538999.999999974,22155333.33333334,29538999.999999974,26357611.11111111,0.677613945801895,2.4510507369380448,PASS
all-slow,125.0,2.97,band5,all-slow_125c_2.97v_band5,7.13253e-08,5.89428e-08,4.94411e-08,4.22197e-08,3.66455e-08,3.22736e-08,2.87754e-08,56081100.0,67862400.0,80904300.0,94742500.0,109154000.0,123940000.0,139008000.0,0.000113067,0.000129357,0.00014705,0.000165442,0.000184066,0.000203056,0.000222977,3.00346,-0.0497897,3.01617,-0.0668017,39271000.00000001,41372000.0,44800166.66666666,47082833.33333333,48662500.00000001,49756666.66666666,50226666.66666662,39271000.00000001,50226666.66666662,46070499.99999999,0.7002537396734374,2.4786960312832664,PASS
all-slow,125.0,2.97,band6,all-slow_125c_2.97v_band6,4.0458e-08,3.34006e-08,2.80858e-08,2.41119e-08,2.1088e-08,1.87335e-08,1.6868e-08,98868000.0,119759000.0,142421000.0,165893000.0,189681000.0,213522000.0,237135000.0,0.000158629,0.00018282,0.000209683,0.000235791,0.000263035,0.000289654,0.000317152,3.01326,-0.0378292,3.0272,-0.0478453,69636666.66666669,72588333.33333334,76889999.99999999,78766666.66666666,79381666.66666669,79089999.99999999,78709999.99999993,69636666.66666669,79381666.66666669,76814999.99999999,0.7043397931248401,2.398501031678602,PASS
all-slow,125.0,2.97,band7,all-slow_125c_2.97v_band7,2.34627e-08,1.95993e-08,1.67206e-08,1.45816e-08,1.29583e-08,1.16983e-08,1.06993e-08,170483000.0,204089000.0,239226000.0,274318000.0,308682000.0,341930000.0,373855000.0,0.000234875,0.00027229,0.000313217,0.000352953,0.000390519,0.00042964,0.000469467,3.02355,-0.0454044,3.03678,-0.0540572,112020000.00000003,114571666.66666667,117048333.33333331,115759999.99999999,112686666.66666669,108621666.66666666,106416666.66666657,106416666.66666657,117048333.33333331,112984444.44444443,0.6570743123947844,2.1929165957896095,PASS
all-slow,125.0,3.3,band0,all-slow_125c_3.30v_band0,1.11595e-06,9.44097e-07,8.09537e-07,7.044e-07,6.22009e-07,5.55705e-07,5.01203e-07,3584380.0,4236850.0,4941100.0,5678590.0,6430780.0,7198070.0,7980800.0,4.66304e-05,5.00397e-05,5.43814e-05,5.91701e-05,6.34973e-05,6.75315e-05,7.30336e-05,3.37612,-0.05739,3.38661,-0.0882689,2174900.0000000005,2261200.0,2402899.9999999995,2482799.9999999995,2532466.6666666674,2583366.6666666665,2609099.9999999977,2174900.0000000005,2609099.9999999977,2442455.555555555,0.6067716034572228,2.226549640384111,PASS
all-slow,125.0,3.3,band1,all-slow_125c_3.30v_band1,6.85813e-07,5.79342e-07,4.95729e-07,4.31166e-07,3.79578e-07,3.38675e-07,3.04747e-07,5832490.0,6904380.0,8068920.0,9277180.0,10538000.0,11810700.0,13125600.0,5.38945e-05,5.95759e-05,6.57349e-05,7.18745e-05,7.82153e-05,8.44755e-05,9.03561e-05,3.3881,-0.0827079,3.4063,-0.106556,3572966.6666666674,3727383.3333333335,3954666.666666666,4115133.3333333326,4222533.333333334,4312666.666666666,4382999.999999996,3572966.6666666674,4382999.999999996,4051727.777777777,0.6125971354715855,2.2504282047633173,PASS
all-slow,125.0,3.3,band2,all-slow_125c_3.30v_band2,4.1284e-07,3.47815e-07,2.96926e-07,2.57384e-07,2.26099e-07,2.0111e-07,1.80568e-07,9688970.0,11500400.0,13471400.0,15541000.0,17691300.0,19889600.0,22152300.0,6.05317e-05,6.69399e-05,7.41637e-05,8.21595e-05,8.91908e-05,9.70628e-05,0.000104571,3.39915,-0.0919132,3.42803,-0.135105,6038100.000000001,6304050.0,6734333.333333332,7033166.666666666,7247666.666666668,7434999.999999999,7542333.3333333265,6038100.000000001,7542333.3333333265,6924072.222222221,0.6231931773965654,2.286342098282893,PASS
all-slow,125.0,3.3,band3,all-slow_125c_3.30v_band3,2.50184e-07,2.10042e-07,1.78693e-07,1.54435e-07,1.3521e-07,1.19873e-07,1.07342e-07,15988300.0,19043800.0,22384700.0,25900900.0,29583600.0,33368600.0,37263900.0,7.71285e-05,8.60984e-05,9.69802e-05,0.000107536,0.000118803,0.000129615,0.000140931,3.40338,-0.122378,3.45367,-0.161023,10185000.000000002,10660666.666666668,11428499.999999998,11998166.666666664,12446166.66666667,12800499.999999998,12984333.33333332,10185000.000000002,12984333.33333332,11819777.777777776,0.6370283269640926,2.3306980729658564,PASS
all-slow,125.0,3.3,band4,all-slow_125c_3.30v_band4,1.42085e-07,1.1885e-07,1.00748e-07,8.67474e-08,7.57127e-08,6.68734e-08,5.96153e-08,28152100.0,33656000.0,39703100.0,46110900.0,52831300.0,59814500.0,67096900.0,8.67351e-05,9.77555e-05,0.00010925,0.000121144,0.000133887,0.000146791,0.000159253,3.37299,-0.110598,3.38792,-0.125136,18346333.333333336,19251666.666666668,20758166.666666664,21880333.33333333,22839333.33333334,23775999.999999996,24274666.666666646,18346333.333333336,24274666.666666646,21635999.999999996,0.6516861382750607,2.383371045144057,PASS
all-slow,125.0,3.3,band5,all-slow_125c_3.30v_band5,8.4203e-08,7.00128e-08,5.89915e-08,5.05017e-08,4.38537e-08,3.85734e-08,3.43101e-08,47504300.0,57132400.0,67806400.0,79205200.0,91212500.0,103698000.0,116584000.0,0.000117823,0.000134465,0.000152537,0.00017118,0.000190637,0.000210397,0.000229886,3.32563,-0.0582685,3.34961,-0.0784146,32093666.666666675,33836833.333333336,36787999.99999999,39010166.666666664,40821333.33333334,42285833.33333333,42953333.3333333,32093666.666666675,42953333.3333333,38377611.111111104,0.675594981226261,2.454177832322548,PASS
all-slow,125.0,3.3,band6,all-slow_125c_3.30v_band6,4.81216e-08,3.97217e-08,3.3291e-08,2.84195e-08,2.46765e-08,2.17462e-08,1.94161e-08,83122700.0,100701000.0,120153000.0,140749000.0,162098000.0,183941000.0,206014000.0,0.000165435,0.000190758,0.000217045,0.000245416,0.000273725,0.000302817,0.000331651,3.335,-0.0335954,3.3502,-0.0448472,58594333.33333334,61717166.66666667,66746666.66666666,69908333.33333333,71986666.66666669,73193333.33333333,73576666.6666666,58594333.33333334,73576666.6666666,68272944.44444443,0.7049137399691461,2.478432485951491,PASS
all-slow,125.0,3.3,band7,all-slow_125c_3.30v_band7,2.75555e-08,2.27842e-08,1.92044e-08,1.65361e-08,1.45132e-08,1.29453e-08,1.17068e-08,145162000.0,175560000.0,208286000.0,241896000.0,275612000.0,308992000.0,341682000.0,0.000244855,0.000283891,0.000326598,0.000367722,0.000411377,0.000453085,0.000496263,3.34591,-0.0425872,3.36251,-0.0533138,101326666.66666669,105206666.66666667,110559999.99999999,112209999.99999999,111826666.66666669,110116666.66666666,108966666.66666657,101326666.66666669,112209999.99999999,109177777.77777776,0.6980247355827743,2.3537978258772956,PASS
all-slow,125.0,3.63,band0,all-slow_125c_3.63v_band0,1.2124e-06,1.02835e-06,8.84881e-07,7.72953e-07,6.83586e-07,6.12119e-07,5.52998e-07,3299230.0,3889730.0,4520380.0,5174960.0,5851490.0,6534680.0,7233300.0,4.94224e-05,5.44535e-05,5.83543e-05,6.27763e-05,6.77427e-05,7.24341e-05,7.66644e-05,3.6953,-0.0613609,3.72848,-0.0775111,1968333.3333333337,2035250.0,2142049.9999999995,2218516.6666666665,2266200.0000000005,2303016.6666666665,2328733.333333331,1968333.3333333337,2328733.333333331,2185594.444444444,0.596603854030587,2.192420655728761,PASS
all-slow,125.0,3.63,band1,all-slow_125c_3.63v_band1,7.50924e-07,6.36522e-07,5.46779e-07,4.77127e-07,4.21412e-07,3.76939e-07,3.40357e-07,5326770.0,6284150.0,7315560.0,8383510.0,9491900.0,10611800.0,11752400.0,5.85223e-05,6.35253e-05,7.02774e-05,7.59442e-05,8.25099e-05,8.85377e-05,9.5385e-05,3.72338,-0.0797197,3.72038,-0.0946989,3191266.6666666674,3314650.0,3498933.333333333,3627233.333333333,3713816.6666666674,3767499.9999999995,3801999.9999999967,3191266.6666666674,3801999.9999999967,3569794.444444444,0.5990997671509503,2.206290115773724,PASS
all-slow,125.0,3.63,band2,all-slow_125c_3.63v_band2,4.54611e-07,3.84851e-07,3.29774e-07,2.86934e-07,2.53096e-07,2.2554e-07,2.03203e-07,8798730.0,10393600.0,12129500.0,13940500.0,15804300.0,17735200.0,19684700.0,6.53534e-05,7.1532e-05,7.89236e-05,8.65095e-05,9.43634e-05,0.000102462,0.000109618,3.72176,-0.10797,3.75753,-0.153141,5316233.333333335,5551283.333333334,5911499.999999999,6124666.666666666,6324500.000000002,6467333.333333332,6498333.333333327,5316233.333333335,6498333.333333327,6047761.11111111,0.6042046219549111,2.2372205988818843,PASS
all-slow,125.0,3.63,band3,all-slow_125c_3.63v_band3,2.78564e-07,2.34921e-07,2.00849e-07,1.7419e-07,1.53153e-07,1.362e-07,1.22369e-07,14359300.0,17027000.0,19915400.0,22963400.0,26117700.0,29368700.0,32687900.0,8.20472e-05,9.18546e-05,0.000102298,0.000113531,0.000123715,0.000135659,0.000147461,3.72895,-0.110404,3.78647,-0.170003,8892333.333333336,9260166.666666668,9893999.999999998,10337166.666666666,10675500.000000002,10950333.333333332,11063999.99999999,8892333.333333336,11063999.99999999,10182555.555555554,0.6192734557626999,2.276427123884869,PASS
all-slow,125.0,3.63,band4,all-slow_125c_3.63v_band4,1.59281e-07,1.33951e-07,1.14141e-07,9.87139e-08,8.65721e-08,7.67781e-08,6.87562e-08,25112900.0,29861600.0,35044300.0,40521200.0,46204200.0,52098200.0,58176600.0,9.10771e-05,0.00010343,0.000114913,0.000128047,0.000140463,0.000153666,0.000166816,3.77108,-0.1104,3.78992,-0.138543,15829000.000000004,16552333.333333334,17765999.999999996,18599833.333333332,19295000.000000004,19953999.999999996,20261333.333333317,15829000.000000004,20261333.333333317,18368722.22222222,0.6303135042149653,2.3166022243548134,PASS
all-slow,125.0,3.63,band5,all-slow_125c_3.63v_band5,9.57058e-08,8.00825e-08,6.78652e-08,5.83905e-08,5.09102e-08,4.49059e-08,4.0011e-08,41794700.0,49948500.0,58940400.0,68504300.0,78569700.0,89075200.0,99972400.0,0.000125197,0.000142133,0.000159913,0.000178214,0.000198065,0.000217993,0.000238102,3.65887,-0.0966117,3.69719,-0.140321,27179333.33333334,28576166.666666668,30926333.33333333,32715499.999999996,34284833.33333334,35671166.666666664,36323999.99999997,27179333.33333334,36323999.99999997,32320944.44444444,0.6503057405205287,2.391987500807519,PASS
all-slow,125.0,3.63,band6,all-slow_125c_3.63v_band6,5.53573e-08,4.59367e-08,3.8628e-08,3.30074e-08,2.86324e-08,2.51693e-08,2.23914e-08,72257900.0,87076300.0,103552000.0,121185000.0,139702000.0,158924000.0,178640000.0,0.000173458,0.000198834,0.000227162,0.000256045,0.000283992,0.000313563,0.000344649,3.6578,-0.0286287,3.67249,-0.0485531,49394666.66666668,52156833.333333336,56847833.33333333,60249999.99999999,62898333.33333335,64896666.66666666,65719999.99999994,49394666.66666668,65719999.99999994,59101166.66666666,0.6835884611463477,2.472255628796298,PASS
all-slow,125.0,3.63,band7,all-slow_125c_3.63v_band7,3.19187e-08,2.63418e-08,2.21002e-08,1.89029e-08,1.64601e-08,1.45592e-08,1.3052e-08,125318000.0,151850000.0,180994000.0,211608000.0,243012000.0,274740000.0,306466000.0,0.000256615,0.000296374,0.000340538,0.000384952,0.000428089,0.000473376,0.000518302,3.66801,-0.0387993,3.68576,-0.0513834,88440000.00000001,92793333.33333334,99596666.66666666,103363333.33333331,105220000.00000003,105756666.66666666,105753333.33333324,88440000.00000001,105756666.66666666,100637777.77777776,0.7057246365246813,2.4455066311304043,PASS
all-fast,-40.0,2.97,band0,all-fast_-40c_2.97v_band0,7.38942e-07,6.12353e-07,5.19186e-07,4.49569e-07,3.95394e-07,3.51188e-07,3.15968e-07,5413150.0,6532180.0,7704370.0,8897410.0,10116500.0,11389900.0,12659500.0,5.42377e-05,6.08056e-05,6.59765e-05,7.22498e-05,7.81361e-05,8.41497e-05,9.12277e-05,3.03143,-0.0496097,3.04691,-0.0531309,3730100.000000001,3818700.0,3942049.9999999995,4020216.666666666,4154150.000000001,4238333.333333333,4231999.999999996,3730100.000000001,4238333.333333333,4025749.9999999995,0.6890812188836446,2.3386567894848658,PASS
all-fast,-40.0,2.97,band1,all-fast_-40c_2.97v_band1,4.58359e-07,3.79865e-07,3.21577e-07,2.77346e-07,2.43382e-07,2.16132e-07,1.94277e-07,8726790.0,10530100.0,12438700.0,14422400.0,16435100.0,18507200.0,20589200.0,6.43811e-05,7.19355e-05,8.08339e-05,8.87062e-05,9.69889e-05,0.00010747,0.000114192,3.05192,-0.0801355,3.06909,-0.0799477,6011033.333333335,6186516.666666667,6487166.666666666,6660666.666666666,6808000.000000002,6923499.999999999,6939999.9999999935,6011033.333333335,6939999.9999999935,6590227.777777777,0.6888023354902931,2.3593096659825665,PASS
all-fast,-40.0,2.97,band2,all-fast_-40c_2.97v_band2,2.72026e-07,2.25079e-07,1.90322e-07,1.63935e-07,1.43428e-07,1.27318e-07,1.14259e-07,14704500.0,17771500.0,21017000.0,24400000.0,27888500.0,31417300.0,35008100.0,7.31782e-05,8.24173e-05,9.20838e-05,0.000102084,0.000112499,0.000124075,0.000134348,3.05804,-0.0754679,3.05635,-0.108514,10223333.333333336,10520833.333333334,11047499.999999998,11452499.999999998,11695500.000000002,11865999.999999998,11969333.333333323,10223333.333333336,11969333.333333323,11279777.777777776,0.6952520203565804,2.3807745928117243,PASS
all-fast,-40.0,2.97,band3,all-fast_-40c_2.97v_band3,1.67452e-07,1.3795e-07,1.16291e-07,9.98908e-08,8.71599e-08,7.70773e-08,6.88741e-08,23887500.0,28996000.0,34396400.0,40043700.0,45892700.0,51896000.0,58077000.0,9.41348e-05,0.00010769,0.000122331,0.000136289,0.000150682,0.000166195,0.00018206,3.0675,-0.0945569,3.08953,-0.127116,17028333.333333336,17514833.333333336,18412833.333333332,19160499.999999996,19753833.33333334,20307166.666666664,20603333.333333313,17028333.333333336,20603333.333333313,18994166.666666664,0.7128553985696844,2.4312715855572997,PASS
all-fast,-40.0,2.97,band4,all-fast_-40c_2.97v_band4,1.00266e-07,8.22558e-08,6.90497e-08,5.90699e-08,5.1371e-08,4.52598e-08,4.03353e-08,39893900.0,48628800.0,57929300.0,67716400.0,77865000.0,88378600.0,99168700.0,0.000103776,0.000118259,0.000134645,0.000151275,0.000168783,0.000185627,0.000203765,3.08253,-0.11098,3.11388,-0.155596,29116333.33333334,30059000.0,31812666.66666666,33226166.66666666,34437000.00000001,35506166.666666664,35966999.99999997,29116333.33333334,35966999.99999997,32930444.44444444,0.7298442451937098,2.4858111139798313,PASS
all-fast,-40.0,2.97,band5,all-fast_-40c_2.97v_band5,6.03988e-08,4.92618e-08,4.10732e-08,3.49483e-08,3.02359e-08,2.64889e-08,2.35466e-08,66226500.0,81198800.0,97387100.0,114455000.0,132293000.0,151006000.0,169876000.0,0.000140962,0.000163562,0.000188472,0.000213401,0.000239799,0.000265644,0.000292327,3.10644,-0.154549,3.12367,-0.171912,49907666.66666668,51934333.333333336,55426999.99999999,58176499.99999999,60918333.33333334,62638333.33333332,62899999.99999995,49907666.66666668,62899999.99999995,57583055.555555545,0.7535905818164432,2.5650759137203387,PASS
all-fast,-40.0,2.97,band6,all-fast_-40c_2.97v_band6,3.42132e-08,2.77165e-08,2.29723e-08,1.94362e-08,1.67356e-08,1.46341e-08,1.29657e-08,116914000.0,144318000.0,174123000.0,205801000.0,239011000.0,273333000.0,308505000.0,0.00019971,0.000236333,0.000272615,0.000311226,0.000351126,0.000390206,0.000429457,3.01853,-0.0890061,3.03979,-0.135726,91346666.66666669,95348333.33333334,102471666.66666666,108146666.66666666,112553333.33333336,115823333.33333331,117239999.9999999,91346666.66666669,117239999.9999999,106439444.44444443,0.7813150406851762,2.6387344543852747,PASS
all-fast,-40.0,2.97,band7,all-fast_-40c_2.97v_band7,1.99099e-08,1.60122e-08,1.32176e-08,1.11798e-08,9.65435e-09,8.48661e-09,7.57345e-09,200905000.0,249810000.0,302627000.0,357787000.0,414321000.0,471331000.0,528161000.0,0.000298058,0.000353372,0.000412519,0.000472244,0.000532473,0.000592546,0.000654322,3.00753,-0.0330537,3.02296,-0.0506997,163016666.66666672,169536666.6666667,179961666.66666663,186156666.66666663,189240000.00000003,189733333.3333333,189433333.33333316,163016666.66666672,189733333.3333333,181808888.88888887,0.8114116954115961,2.6289091859336504,PASS
all-fast,-40.0,3.3,band0,all-fast_-40c_3.30v_band0,8.0431e-07,6.70374e-07,5.70752e-07,4.94874e-07,4.35969e-07,3.89228e-07,3.51352e-07,4973210.0,5966820.0,7008300.0,8082860.0,9174970.0,10276800.0,11384600.0,6.15497e-05,6.63677e-05,7.31098e-05,8.0201e-05,8.62536e-05,9.10247e-05,9.79581e-05,3.35757,-0.0417794,3.3866,-0.0469858,3312033.333333334,3391816.666666667,3526733.333333333,3611116.666666666,3656566.6666666674,3682716.666666666,3692666.6666666633,3312033.333333334,3692666.6666666633,3561883.333333333,0.6659749605050529,2.289185455671488,PASS
all-fast,-40.0,3.3,band1,all-fast_-40c_3.30v_band1,5.03858e-07,4.18893e-07,3.564e-07,3.08516e-07,2.71734e-07,2.42342e-07,2.17686e-07,7938740.0,9548980.0,11223300.0,12965300.0,14720300.0,16505600.0,18375100.0,7.15991e-05,7.93545e-05,8.78448e-05,9.58897e-05,0.000104882,0.000112992,0.000121786,3.36353,-0.0534378,3.38904,-0.0735532,5367466.666666668,5474266.666666667,5693866.666666666,5828333.333333332,5900500.000000001,6091333.333333332,6231666.666666661,5367466.666666668,6231666.666666661,5797977.777777777,0.676110650640614,2.3146116386227535,PASS
all-fast,-40.0,3.3,band2,all-fast_-40c_3.30v_band2,3.00736e-07,2.50035e-07,2.12035e-07,1.83557e-07,1.61413e-07,1.43781e-07,1.29405e-07,13300700.0,15997800.0,18864800.0,21791600.0,24781100.0,27820100.0,30910700.0,8.12527e-05,9.00358e-05,0.000100598,0.000110992,0.000121144,0.000132028,0.000141797,3.38975,-0.0732731,3.41762,-0.104288,8990333.333333336,9273500.0,9656333.333333332,9860499.999999998,10047500.000000002,10215999.999999998,10301999.99999999,8990333.333333336,10301999.99999999,9783333.333333332,0.6759293370524361,2.323990466667168,PASS
all-fast,-40.0,3.3,band3,all-fast_-40c_3.30v_band3,1.87241e-07,1.55155e-07,1.31249e-07,1.13396e-07,9.94057e-08,8.81777e-08,7.90323e-08,21362800.0,25780600.0,30476400.0,35274500.0,40239100.0,45362900.0,50612200.0,0.000101941,0.000117006,0.000130523,0.000146456,0.000161534,0.000175571,0.000192564,3.40076,-0.0938391,3.41458,-0.123082,14726000.000000004,15189333.333333334,15823166.666666664,16271166.666666664,16814000.000000004,17288499.999999996,17497666.66666665,14726000.000000004,17497666.66666665,16249666.666666664,0.6893291141610652,2.369174452787088,PASS
all-fast,-40.0,3.3,band4,all-fast_-40c_3.30v_band4,1.12748e-07,9.31353e-08,7.85149e-08,6.75676e-08,5.90202e-08,5.22561e-08,4.67256e-08,35477400.0,42948300.0,50945800.0,59200000.0,67773400.0,76546000.0,85606100.0,0.000112015,0.00012937,0.000146364,0.000162612,0.000181531,0.000197912,0.000215625,3.41863,-0.128118,3.43273,-0.139293,24903000.000000004,25780666.666666668,27086166.666666664,28045999.999999996,28910000.000000007,29721166.66666666,30200333.333333306,24903000.000000004,30200333.333333306,27849277.777777772,0.7019398264810839,2.4129755844565834,PASS
all-fast,-40.0,3.3,band5,all-fast_-40c_3.30v_band5,6.89157e-08,5.65733e-08,4.75221e-08,4.06359e-08,3.53012e-08,3.11182e-08,2.77022e-08,58042000.0,70704700.0,84171400.0,98435000.0,113311000.0,128542000.0,144393000.0,0.000151647,0.000175489,0.000200766,0.000225632,0.000252283,0.00027905,0.00030656,3.40663,-0.151912,3.45033,-0.184733,42209000.00000001,43549000.0,46217166.66666666,48565999.99999999,50178333.33333334,51803333.33333333,52836666.66666662,42209000.00000001,52836666.66666662,47972777.77777777,0.7272147755073913,2.4877330209158885,PASS
all-fast,-40.0,3.3,band6,all-fast_-40c_3.30v_band6,3.95006e-08,3.22463e-08,2.68831e-08,2.28635e-08,1.97634e-08,1.73241e-08,1.53474e-08,101264000.0,124045000.0,148792000.0,174952000.0,202394000.0,230892000.0,260631000.0,0.000214269,0.000250105,0.000287537,0.000327051,0.000366488,0.000407069,0.000447915,3.33919,-0.113306,3.43169,-0.181951,75936666.66666669,79213333.33333334,84844999.99999999,89336666.66666666,93233333.33333336,97061666.66666666,99129999.99999991,75936666.66666669,99129999.99999991,88537222.22222221,0.7498880813187973,2.573777452994154,PASS
all-fast,-40.0,3.3,band7,all-fast_-40c_3.30v_band7,2.33593e-08,1.88901e-08,1.56283e-08,1.32044e-08,1.13657e-08,9.93756e-09,8.80955e-09,171238000.0,211751000.0,255945000.0,302930000.0,351935000.0,402513000.0,454053000.0,0.000313175,0.000370122,0.000430805,0.000492647,0.000556911,0.000619097,0.00068161,3.32952,-0.0413546,3.34537,-0.0460457,135043333.33333337,141178333.33333334,151964999.99999997,159983333.3333333,165971666.66666672,170196666.66666663,171799999.99999985,135043333.33333337,171799999.99999985,157119444.44444442,0.7886294708728984,2.651590184421682,PASS
all-fast,-40.0,3.63,band0,all-fast_-40c_3.63v_band0,8.53613e-07,7.14601e-07,6.09837e-07,5.31544e-07,4.69351e-07,4.20091e-07,3.79587e-07,4685970.0,5597530.0,6559130.0,7525250.0,8522410.0,9521740.0,10537800.0,7.06146e-05,7.54704e-05,8.04453e-05,8.70227e-05,9.26048e-05,0.000100799,0.000106334,3.6767,-0.0360014,3.69769,-0.0507813,3038533.333333334,3121933.3333333335,3212866.666666666,3272133.333333333,3327483.333333334,3358983.333333333,3386866.6666666637,3038533.333333334,3386866.6666666637,3251016.666666666,0.6484320926794952,2.2487980076697034,PASS
all-fast,-40.0,3.63,band1,all-fast_-40c_3.63v_band1,5.39625e-07,4.50787e-07,3.84707e-07,3.34542e-07,2.95152e-07,2.6435e-07,2.38207e-07,7412550.0,8873370.0,10397500.0,11956700.0,13552300.0,15131400.0,16792100.0,8.02831e-05,8.77174e-05,9.59737e-05,0.000104918,0.000114553,0.000121456,0.000130292,3.70511,-0.0603943,3.74083,-0.0847544,4869400.000000001,4974916.666666667,5138883.333333333,5257999.999999999,5291166.666666668,5399666.666666666,5535666.666666661,4869400.000000001,5535666.666666661,5210861.11111111,0.6569129381926598,2.265360773283148,PASS
all-fast,-40.0,3.63,band2,all-fast_-40c_3.63v_band2,3.23834e-07,2.70178e-07,2.30721e-07,2.00366e-07,1.76667e-07,1.57685e-07,1.42144e-07,12352000.0,14805100.0,17337000.0,19963400.0,22641500.0,25367100.0,28140600.0,8.85586e-05,9.98237e-05,0.000109561,0.000120931,0.000132989,0.000142354,0.000153417,3.72767,-0.0785099,3.74404,-0.0972751,8177000.000000002,8308333.333333334,8597166.666666666,8840833.333333332,9006166.666666668,9165166.666666666,9244999.999999993,8177000.000000002,9244999.999999993,8771444.444444444,0.6619980569948188,2.2782221502590674,PASS
all-fast,-40.0,3.63,band3,all-fast_-40c_3.63v_band3,2.03595e-07,1.69454e-07,1.44176e-07,1.24931e-07,1.09899e-07,9.78171e-08,8.8002e-08,19646900.0,23605200.0,27743900.0,32017700.0,36397100.0,40892700.0,45453500.0,0.000112482,0.000127421,0.000141955,0.000157262,0.000172028,0.000187499,0.000206282,3.72457,-0.0909436,3.75523,-0.143162,13194333.333333336,13495000.0,14020833.333333332,14421999.999999998,14791666.66666667,15093999.999999998,15202666.666666653,13194333.333333336,15202666.666666653,14336999.999999998,0.67157329315736,2.313520199115382,PASS
all-fast,-40.0,3.63,band4,all-fast_-40c_3.63v_band4,1.22886e-07,1.02062e-07,8.65516e-08,7.47423e-08,6.55658e-08,5.82325e-08,5.22444e-08,32550500.0,39191900.0,46215200.0,53517200.0,61007500.0,68690200.0,76563200.0,0.000123153,0.000141184,0.000157562,0.000174729,0.000194334,0.000212109,0.000229456,3.76253,-0.134431,3.77992,-0.156922,22138000.000000004,22774500.0,23875499.999999996,24653833.33333333,25288333.33333334,25926166.666666664,26243333.33333331,22138000.000000004,26243333.33333331,24451499.999999996,0.6801124406691142,2.3521359118907545,PASS
all-fast,-40.0,3.63,band5,all-fast_-40c_3.63v_band5,7.60224e-08,6.28071e-08,5.30391e-08,4.5606e-08,3.97984e-08,3.51906e-08,3.14529e-08,52616100.0,63687000.0,75416100.0,87707800.0,100507000.0,113667000.0,127174000.0,0.000164109,0.000188878,0.00021417,0.000240669,0.000267841,0.000295334,0.000322096,3.74899,-0.132763,3.80516,-0.208826,36903000.00000001,38000000.0,40034666.666666664,41818166.666666664,43265333.33333334,44444999.99999999,45023333.33333329,36903000.00000001,45023333.33333329,41421055.55555555,0.701363270937983,2.417016844654013,PASS
all-fast,-40.0,3.63,band6,all-fast_-40c_3.63v_band6,4.3995e-08,3.61616e-08,3.03481e-08,2.59402e-08,2.25343e-08,1.98379e-08,1.7631e-08,90919400.0,110615000.0,131804000.0,154201000.0,177507000.0,201634000.0,226874000.0,0.000229295,0.000266405,0.000304286,0.000346238,0.000384788,0.000427794,0.000468839,3.69293,-0.129947,3.72396,-0.149392,65652000.000000015,68141000.0,72643333.33333333,76171666.66666666,79055000.00000001,82278333.33333333,84133333.33333325,65652000.000000015,84133333.33333325,75530333.33333333,0.7220901149809613,2.495331029461259,PASS
all-fast,-40.0,3.63,band7,all-fast_-40c_3.63v_band7,2.64195e-08,2.15233e-08,1.79079e-08,1.51971e-08,1.31027e-08,1.14641e-08,1.01512e-08,151403000.0,185845000.0,223365000.0,263209000.0,305281000.0,348916000.0,394044000.0,0.000331428,0.000389271,0.00045127,0.000516255,0.000579822,0.000643918,0.000710016,3.65296,-0.0745654,3.66807,-0.102801,114806666.66666669,119936666.66666667,128939999.99999999,136526666.66666666,142845000.00000003,147938333.3333333,150426666.66666654,114806666.66666669,150426666.66666654,134800555.55555552,0.7582852827663038,2.6026168569975496,PASS
all-fast,27.0,2.97,band0,all-fast_27c_2.97v_band0,6.90523e-07,5.7399e-07,4.88098e-07,4.21999e-07,3.71423e-07,3.31119e-07,2.98142e-07,5792710.0,6968760.0,8195080.0,9478700.0,10769400.0,12080200.0,13416400.0,6.68944e-05,7.2481e-05,8.0633e-05,8.70307e-05,9.31599e-05,0.000101465,0.000108168,3.03156,-0.0400839,3.04248,-0.0802378,3920166.6666666674,4003950.0,4183233.3333333326,4290533.333333333,4335833.333333334,4411666.666666666,4453999.999999996,3920166.6666666674,4453999.999999996,4235383.333333333,0.67674139852792,2.316083491146631,PASS
all-fast,27.0,2.97,band1,all-fast_27c_2.97v_band1,4.26316e-07,3.53611e-07,3.00074e-07,2.59459e-07,2.27808e-07,2.02701e-07,1.82215e-07,9382720.0,11311900.0,13330000.0,15416700.0,17558600.0,19733500.0,21952000.0,7.86282e-05,8.66256e-05,9.58014e-05,0.000104659,0.000113949,0.000124814,0.000133853,3.04173,-0.0820001,3.04599,-0.0921437,6430600.000000002,6578800.0,6841333.333333332,7047666.666666666,7194666.666666668,7322333.333333332,7394999.9999999935,6430600.000000002,7394999.9999999935,6982933.333333332,0.6853662903720885,2.3396200675283927,PASS
all-fast,27.0,2.97,band2,all-fast_27c_2.97v_band2,2.54585e-07,2.1105e-07,1.78495e-07,1.53862e-07,1.34949e-07,1.19633e-07,1.0723e-07,15711800.0,18952800.0,22409600.0,25997300.0,29640900.0,33435600.0,37303100.0,8.86903e-05,9.82353e-05,0.000109368,0.000120387,0.000132133,0.000143603,0.000156152,3.06364,-0.0841131,3.0676,-0.103527,10803333.333333336,11163000.0,11740833.333333332,12052166.666666664,12397166.66666667,12770333.333333332,12891666.666666655,10803333.333333336,12891666.666666655,11995166.666666664,0.6875936132927695,2.3742091930905436,PASS
all-fast,27.0,2.97,band3,all-fast_27c_2.97v_band3,1.55429e-07,1.28225e-07,1.08094e-07,9.28703e-08,8.11378e-08,7.16938e-08,6.39744e-08,25735300.0,31195200.0,37004700.0,43070800.0,49298800.0,55792900.0,62525000.0,0.000111367,0.000127401,0.000142956,0.000159206,0.000175847,0.00019308,0.000210233,3.08118,-0.100256,3.12809,-0.173477,18199666.66666667,18782333.333333336,19792666.666666664,20490166.666666664,21203500.000000004,22043666.666666664,22440333.333333313,18199666.66666667,22440333.333333313,20438722.22222222,0.7071868859763311,2.4295423018189024,PASS
all-fast,27.0,2.97,band4,all-fast_27c_2.97v_band4,9.05464e-08,7.44128e-08,6.24299e-08,5.34571e-08,4.64305e-08,4.08882e-08,3.64084e-08,44176200.0,53754200.0,64071900.0,74826400.0,86150300.0,97827800.0,109865000.0,0.000123184,0.000140591,0.000158359,0.000177631,0.000196948,0.000216417,0.00023619,3.06628,-0.115787,3.10018,-0.147486,31926666.666666675,33159500.0,35120333.33333333,36797333.33333333,38335666.66666667,39524499.99999999,40123999.99999996,31926666.666666675,40123999.99999996,36493777.77777777,0.7227119278404814,2.4869726232677323,PASS
all-fast,27.0,2.97,band5,all-fast_27c_2.97v_band5,5.39913e-08,4.40491e-08,3.67391e-08,3.12369e-08,2.69901e-08,2.36428e-08,2.09561e-08,74086000.0,90807700.0,108876000.0,128054000.0,148203000.0,169184000.0,190875000.0,0.000167983,0.000194213,0.000222228,0.000250019,0.000279167,0.000308386,0.000338729,2.98762,-0.0961365,3.10111,-0.164162,55739000.000000015,57983333.333333336,62077166.66666666,65544999.99999999,68550000.00000001,71119999.99999999,72303333.33333327,55739000.000000015,72303333.33333327,64882777.77777777,0.7523553707853038,2.576397699970305,PASS
all-fast,27.0,2.97,band6,all-fast_27c_2.97v_band6,3.06039e-08,2.47616e-08,2.05061e-08,1.73501e-08,1.49615e-08,1.31031e-08,1.16406e-08,130702000.0,161540000.0,195064000.0,230547000.0,267353000.0,305271000.0,343626000.0,0.000233588,0.000274201,0.000316534,0.000359254,0.000403679,0.000448068,0.000491269,2.99561,-0.0385336,3.01116,-0.072682,102793333.33333336,107270000.0,115011666.66666666,120481666.66666664,124540000.00000003,127121666.66666664,127849999.99999988,102793333.33333336,127849999.99999988,118291111.11111109,0.7864710052893862,2.6290798916619487,PASS
all-fast,27.0,2.97,band7,all-fast_27c_2.97v_band7,1.75433e-08,1.4147e-08,1.17346e-08,9.98606e-09,8.68524e-09,7.69279e-09,6.91588e-09,228007000.0,282745000.0,340872000.0,400558000.0,460551000.0,519968000.0,578379000.0,0.000348187,0.000410722,0.000475925,0.000541873,0.000607367,0.000672758,0.000737739,3.00527,-0.0335281,3.02102,-0.0418876,182460000.00000003,188108333.33333334,196354999.99999997,199464999.99999997,199016666.66666672,196379999.99999997,194703333.33333316,182460000.00000003,199464999.99999997,194651111.11111107,0.8002385891661222,2.5366721197156226,PASS
all-fast,27.0,3.3,band0,all-fast_27c_3.30v_band0,7.54746e-07,6.30043e-07,5.3749e-07,4.66181e-07,4.1215e-07,3.68262e-07,3.31485e-07,5299800.0,6348770.0,7442000.0,8580360.0,9705200.0,10861800.0,12066900.0,7.3389e-05,8.03325e-05,8.63208e-05,9.44305e-05,9.99046e-05,0.000107685,0.000116464,3.36746,-0.0465486,3.38107,-0.070044,3496566.6666666674,3570333.3333333335,3719316.666666666,3771999.9999999995,3802400.000000001,3936166.666666666,4016999.9999999963,3496566.6666666674,4016999.9999999963,3759499.9999999995,0.6597544561429992,2.2768595041322315,PASS
all-fast,27.0,3.3,band1,all-fast_27c_3.30v_band1,4.69774e-07,3.91693e-07,3.33635e-07,2.8929e-07,2.5478e-07,2.27134e-07,2.04517e-07,8514730.0,10212100.0,11989100.0,13827000.0,15699800.0,17610700.0,19558300.0,8.59499e-05,9.33082e-05,0.00010295,0.000112316,0.000123675,0.000133498,0.000140787,3.36975,-0.0577765,3.38436,-0.0894309,5657900.000000001,5790616.666666667,6024833.333333332,6184499.999999999,6306166.666666668,6430833.333333332,6491999.999999994,5657900.000000001,6491999.999999994,6135316.666666666,0.66448378280932,2.2969959117905088,PASS
all-fast,27.0,3.3,band2,all-fast_27c_3.30v_band2,2.82511e-07,2.3511e-07,1.9951e-07,1.72817e-07,1.51901e-07,1.3521e-07,1.21688e-07,14158800.0,17013300.0,20049100.0,23145800.0,26332900.0,29583600.0,32871000.0,9.55042e-05,0.000106617,0.000118381,0.000129836,0.000140843,0.000152203,0.000164062,3.39018,-0.08497,3.41313,-0.109076,9515000.000000002,9817166.666666668,10220833.333333332,10472999.999999998,10729666.66666667,10896833.333333332,10957999.99999999,9515000.000000002,10957999.99999999,10395666.666666666,0.6720202277029128,2.3215950504280025,PASS
all-fast,27.0,3.3,band3,all-fast_27c_3.30v_band3,1.74108e-07,1.45047e-07,1.22327e-07,1.05536e-07,9.24472e-08,8.20564e-08,7.34913e-08,22974300.0,27577300.0,32699300.0,37901900.0,43268000.0,48747000.0,54428200.0,0.000118998,0.000135577,0.000152016,0.000168802,0.000185262,0.000203142,0.000220617,3.41943,-0.116817,3.4389,-0.136516,15343333.333333336,16208333.333333334,17207666.666666664,17614499.999999996,18075166.66666667,18600333.333333332,18937333.333333317,15343333.333333336,18937333.333333317,17474388.888888888,0.6678476964840424,2.3690906795854496,PASS
all-fast,27.0,3.3,band4,all-fast_27c_3.30v_band4,1.02106e-07,8.44195e-08,7.12076e-08,6.12502e-08,5.34763e-08,4.72691e-08,4.22211e-08,39174800.0,47382400.0,56173800.0,65305900.0,74799500.0,84621800.0,94739400.0,0.000133024,0.000150067,0.000169091,0.00018858,0.000207706,0.000227025,0.000248453,3.41065,-0.114537,3.47287,-0.169824,27358666.66666667,28331666.666666668,29872499.999999996,31042833.33333333,32193166.666666675,33233166.66666666,33725333.333333306,27358666.66666667,33725333.333333306,30869222.222222216,0.6983741248625819,2.4183760989207346,PASS
all-fast,27.0,3.3,band5,all-fast_27c_3.30v_band5,6.17361e-08,5.07021e-08,4.25485e-08,3.63859e-08,3.1567e-08,2.77617e-08,2.46825e-08,64791900.0,78892300.0,94010400.0,109933000.0,126715000.0,144084000.0,162058000.0,0.000176721,0.000205007,0.000233378,0.000262108,0.000291995,0.000320955,0.000351854,3.35758,-0.116815,3.4122,-0.136473,47001333.33333334,48697500.0,51734499.99999999,54507666.66666666,56918333.33333334,58904999.99999999,59913333.33333328,47001333.33333334,59913333.33333328,54036722.22222222,0.7254198955939453,2.5012077126924814,PASS
all-fast,27.0,3.3,band6,all-fast_27c_3.30v_band6,3.54238e-08,2.88663e-08,2.40293e-08,2.03982e-08,1.76047e-08,1.54065e-08,1.36528e-08,112918000.0,138570000.0,166463000.0,196095000.0,227212000.0,259631000.0,292980000.0,0.000247,0.000287474,0.00033075,0.00037543,0.000420595,0.000464972,0.000511269,3.31926,-0.0419125,3.37362,-0.14599,85506666.66666669,89241666.66666667,95874999.99999999,101248333.33333331,105893333.33333336,109613333.33333331,111163333.33333324,85506666.66666669,111163333.33333324,100034444.44444443,0.7572456708998272,2.5946261889158504,PASS
all-fast,27.0,3.3,band7,all-fast_27c_3.30v_band7,2.05707e-08,1.66136e-08,1.37456e-08,1.16358e-08,1.00479e-08,8.82399e-09,7.86323e-09,194451000.0,240767000.0,291002000.0,343766000.0,398093000.0,453310000.0,508697000.0,0.000364193,0.000427412,0.00049733,0.000563306,0.000634373,0.000704109,0.000771968,3.32747,-0.0289477,3.3441,-0.041329,154386666.6666667,160918333.33333334,171664999.99999997,178484999.99999997,182573333.33333337,184339999.99999997,184623333.33333316,154386666.6666667,184623333.33333316,174581111.11111107,0.7939618035734797,2.6160678011427043,PASS
all-fast,27.0,3.63,band0,all-fast_27c_3.63v_band0,8.02935e-07,6.74063e-07,5.76568e-07,5.02642e-07,4.44633e-07,3.9869e-07,3.60461e-07,4981720.0,5934170.0,6937600.0,7957950.0,8996190.0,10032900.0,11096900.0,8.04301e-05,8.67248e-05,9.4273e-05,0.000101109,0.000106577,0.000117494,0.000122341,3.67992,-0.0471966,3.70069,-0.0625654,3174833.333333334,3259800.0,3372966.666666666,3430983.333333333,3458250.000000001,3501183.333333333,3546666.6666666637,3174833.333333334,3546666.6666666637,3397322.2222222215,0.6372966231207964,2.2275238271119213,PASS
all-fast,27.0,3.63,band1,all-fast_27c_3.63v_band1,5.04956e-07,4.23041e-07,3.61604e-07,3.14488e-07,2.77837e-07,2.48405e-07,2.2438e-07,7921490.0,9455340.0,11061800.0,12719100.0,14396900.0,16102700.0,17826900.0,9.24735e-05,0.000103605,0.000110167,0.000119931,0.000131058,0.000139152,0.000151439,3.70094,-0.0601096,3.70774,-0.0793791,5112833.333333335,5233850.0,5439599.999999999,5558499.999999999,5639333.333333335,5716666.666666666,5747333.333333328,5112833.333333335,5747333.333333328,5503005.555555555,0.6454383371478516,2.2504478324153663,PASS
all-fast,27.0,3.63,band2,all-fast_27c_3.63v_band2,3.05073e-07,2.5518e-07,2.17629e-07,1.88958e-07,1.67046e-07,1.48681e-07,1.33919e-07,13111600.0,15675200.0,18379900.0,21168700.0,23945600.0,26903300.0,29868800.0,0.000104216,0.000115059,0.000126403,0.000138713,0.000149626,0.000162769,0.000173414,3.71775,-0.0866964,3.76403,-0.124039,8545333.333333336,8780500.0,9155833.333333332,9276166.666666666,9557666.666666668,9871999.999999998,9884999.99999999,8545333.333333336,9884999.99999999,9309555.555555554,0.6517384097542127,2.278043869550627,PASS
all-fast,27.0,3.63,band3,all-fast_27c_3.63v_band3,1.89913e-07,1.58294e-07,1.34752e-07,1.16628e-07,1.02548e-07,9.11642e-08,8.26578e-08,21062300.0,25269500.0,29684100.0,34297000.0,39006000.0,43876900.0,48392300.0,0.000130396,0.000145132,0.000162596,0.000178832,0.000195976,0.00021309,0.000232391,3.73705,-0.111679,3.79168,-0.163219,14024000.000000004,14369666.666666668,15045833.33333333,15536499.999999998,15966500.000000004,15643833.33333333,15051333.333333319,14024000.000000004,15966500.000000004,15183333.33333333,0.6658342156364692,2.2975790868043853,PASS
all-fast,27.0,3.63,band4,all-fast_27c_3.63v_band4,1.1173e-07,9.28178e-08,7.87532e-08,6.80133e-08,5.96699e-08,5.28784e-08,4.74309e-08,35800600.0,43095200.0,50791600.0,58812000.0,67035500.0,75645200.0,84333200.0,0.000142659,0.0001615,0.000182413,0.000200756,0.000221587,0.000241908,0.000262392,3.77809,-0.131121,3.79058,-0.176237,24315333.33333334,24985000.0,26194666.666666664,27073166.666666664,28055333.33333334,28829499.999999996,28959999.999999974,24315333.33333334,28959999.999999974,26962555.555555552,0.6791878720840807,2.3556364977123287,PASS
all-fast,27.0,3.63,band5,all-fast_27c_3.63v_band5,6.83651e-08,5.65271e-08,4.76489e-08,4.09773e-08,3.5725e-08,3.15525e-08,2.81523e-08,58509400.0,70762500.0,83947400.0,97615100.0,111966000.0,126773000.0,142084000.0,0.000190103,0.000217999,0.00024609,0.000275623,0.000306028,0.00033686,0.000367099,3.73248,-0.119384,3.7504,-0.143298,40843666.66666668,42396666.66666667,44754333.33333333,46697666.66666666,48596500.00000001,50196666.66666666,51036666.66666662,40843666.66666668,51036666.66666662,46430333.33333333,0.6980701676425785,2.428396120965178,PASS
all-fast,27.0,3.63,band6,all-fast_27c_3.63v_band6,3.9623e-08,3.2514e-08,2.72303e-08,2.32369e-08,2.01391e-08,1.76676e-08,1.56836e-08,100951000.0,123024000.0,146895000.0,172140000.0,198619000.0,226403000.0,255043000.0,0.000264107,0.00030486,0.000347454,0.000393888,0.000438738,0.000484363,0.00053194,3.70339,-0.126537,3.73864,-0.129268,73576666.66666669,76573333.33333334,81859999.99999999,86206666.66666666,90438333.33333336,94039999.99999999,95466666.66666658,73576666.66666669,95466666.66666658,85606666.66666666,0.7288354416168903,2.526403898921259,PASS
all-fast,27.0,3.63,band7,all-fast_27c_3.63v_band7,2.33586e-08,1.89803e-08,1.57587e-08,1.33524e-08,1.15126e-08,1.00781e-08,8.9409e-09,171243000.0,210745000.0,253828000.0,299573000.0,347447000.0,396902000.0,447382000.0,0.000382273,0.00044929,0.000515532,0.000587974,0.00066023,0.000732549,0.000805011,3.65168,-0.0492627,3.66705,-0.069335,131673333.33333336,137641666.6666667,148046666.66666666,156031666.66666666,162215000.00000003,166558333.3333333,168266666.6666665,131673333.33333336,168266666.6666665,153410555.55555552,0.7689268077137947,2.6125564256641147,PASS
all-fast,125.0,2.97,band0,all-fast_125c_2.97v_band0,6.20284e-07,5.20894e-07,4.4674e-07,3.88768e-07,3.43851e-07,3.07306e-07,2.7685e-07,6448650.0,7679110.0,8953750.0,10288900.0,11632900.0,13016300.0,14448300.0,9.35713e-05,0.000100322,0.000108157,0.000117013,0.000123695,0.000131303,0.000139755,3.04875,-0.0563981,3.0518,-0.089359,4101533.3333333344,4175166.666666667,4349649.999999999,4465249.999999999,4545666.666666668,4692333.333333333,4773333.333333329,4101533.3333333344,4773333.333333329,4444249.999999999,0.6360297633354787,2.2405154567235,PASS
all-fast,125.0,2.97,band1,all-fast_125c_2.97v_band1,3.80393e-07,3.19064e-07,2.7289e-07,2.37063e-07,2.08883e-07,1.86476e-07,1.67981e-07,10515400.0,12536700.0,14657900.0,16873200.0,19149400.0,21450500.0,23812200.0,0.00010698,0.000117417,0.000127785,0.0001388,0.000148799,0.000160212,0.000171057,3.04868,-0.0779215,3.06502,-0.096926,6737666.666666668,6904166.666666667,7227499.999999999,7485833.333333332,7628833.333333335,7771333.333333332,7872333.3333333265,6737666.666666668,7872333.3333333265,7387111.11111111,0.6407427835999265,2.2645072940639444,PASS
all-fast,125.0,2.97,band2,all-fast_125c_2.97v_band2,2.28022e-07,1.90551e-07,1.62403e-07,1.40743e-07,1.23537e-07,1.0991e-07,9.87491e-08,17542200.0,20991700.0,24630000.0,28420700.0,32379000.0,36393300.0,40506700.0,0.000119314,0.000131427,0.000143732,0.000156472,0.00016853,0.000182367,0.000196014,3.04781,-0.0912307,3.08402,-0.144872,11498333.333333336,11813000.0,12381666.666666664,12914999.999999998,13287666.66666667,13546166.666666664,13711333.33333332,11498333.333333336,13711333.33333332,12758055.555555554,0.6554670071788793,2.3091003408922486,PASS
all-fast,125.0,2.97,band3,all-fast_125c_2.97v_band3,1.37605e-07,1.14515e-07,9.7125e-08,8.38683e-08,7.33955e-08,6.49999e-08,5.82278e-08,29068700.0,34929800.0,41184000.0,47693800.0,54499200.0,61538600.0,68695800.0,0.000147793,0.000165507,0.000183053,0.000201805,0.000220788,0.000240287,0.000259233,3.09154,-0.126798,3.10269,-0.150465,19537000.000000004,20192166.666666668,21273333.33333333,22191999.999999996,23074666.66666667,23660999.999999996,23857333.333333313,19537000.000000004,23857333.333333313,22015055.555555552,0.6720974794194444,2.363222297522765,PASS
all-fast,125.0,2.97,band4,all-fast_125c_2.97v_band4,7.75403e-08,6.42431e-08,5.42723e-08,4.66305e-08,4.06507e-08,3.58491e-08,3.198e-08,51586100.0,62263500.0,73702400.0,85780800.0,98399200.0,111579000.0,125078000.0,0.000163019,0.000183277,0.000204612,0.000226466,0.000248177,0.000270318,0.000293185,3.05309,-0.102755,3.10853,-0.16704,35591333.33333334,36860500.0,39195499.99999999,41161333.33333333,42997000.00000001,44464666.66666666,44996666.66666663,35591333.33333334,44996666.66666663,40828833.33333333,0.6899403779958815,2.4246453986635936,PASS
all-fast,125.0,2.97,band5,all-fast_125c_2.97v_band5,4.55449e-08,3.74518e-08,3.14001e-08,2.67959e-08,2.32289e-08,2.0411e-08,1.81504e-08,87825500.0,106804000.0,127388000.0,149276000.0,172199000.0,195972000.0,220381000.0,0.000219687,0.000250605,0.000282263,0.000314333,0.000347443,0.000381726,0.000416091,3.01609,-0.0776445,3.03832,-0.128637,63261666.66666668,65937500.0,70786666.66666666,74684999.99999999,77826666.66666669,80303333.33333333,81363333.33333325,63261666.66666668,81363333.33333325,73641944.44444443,0.7203109195696772,2.5093053839716255,PASS
all-fast,125.0,2.97,band6,all-fast_125c_2.97v_band6,2.56571e-08,2.09381e-08,1.74815e-08,1.4912e-08,1.29608e-08,1.14453e-08,1.02513e-08,155902000.0,191039000.0,228813000.0,268240000.0,308623000.0,349489000.0,390194000.0,0.000302407,0.00034746,0.000395157,0.000444378,0.000492933,0.000540829,0.000589862,2.99058,-0.0230429,3.00392,-0.0337022,117123333.33333336,121518333.33333334,128668333.33333331,133016666.66666664,135415000.00000003,135951666.66666666,135683333.33333322,117123333.33333336,135951666.66666666,130162222.22222221,0.7512625452741681,2.502815871509025,PASS
all-fast,125.0,2.97,band7,all-fast_125c_2.97v_band7,1.45493e-08,1.19423e-08,1.00803e-08,8.72353e-09,7.70851e-09,6.9351e-09,6.32932e-09,274928000.0,334945000.0,396814000.0,458530000.0,518907000.0,576776000.0,631979000.0,0.000443097,0.000511645,0.000583797,0.00065174,0.000723605,0.000792462,0.000861706,2.99983,-0.031652,3.01583,-0.0420414,200056666.66666672,203143333.33333334,205974999.99999997,203488333.3333333,197076666.66666672,188453333.3333333,184009999.99999985,184009999.99999985,205974999.99999997,198361666.66666663,0.7276693049331706,2.2987072979107257,PASS
all-fast,125.0,3.3,band0,all-fast_125c_3.30v_band0,6.77057e-07,5.71066e-07,4.91295e-07,4.28998e-07,3.79554e-07,3.40479e-07,3.08235e-07,5907920.0,7004440.0,8141750.0,9324040.0,10538700.0,11748200.0,12977100.0,0.000100514,0.000106964,0.000115337,0.000122799,0.00013132,0.000138656,0.000147546,3.35711,-0.0567437,3.39429,-0.0674846,3655066.6666666674,3723050.0,3865999.9999999995,3994916.666666666,4040266.6666666674,4063999.9999999995,4096333.3333333298,3655066.6666666674,4096333.3333333298,3927322.2222222215,0.6186723358926098,2.1965598721715933,PASS
all-fast,125.0,3.3,band1,all-fast_125c_3.30v_band1,4.18942e-07,3.52918e-07,3.02637e-07,2.63901e-07,2.33417e-07,2.08744e-07,1.88585e-07,9547870.0,11334100.0,13217100.0,15157200.0,17136700.0,19162300.0,21210600.0,0.00011391,0.000124365,0.000135904,0.000145909,0.000155711,0.000167355,0.000178306,3.37774,-0.0759022,3.4214,-0.0886125,5954100.000000001,6115383.333333334,6371833.333333332,6532666.666666666,6675166.666666668,6789833.333333332,6827666.66666666,5954100.000000001,6827666.66666666,6479294.444444443,0.6236050553683702,2.221500711677055,PASS
all-fast,125.0,3.3,band2,all-fast_125c_3.30v_band2,2.52836e-07,2.12214e-07,1.81475e-07,1.57783e-07,1.3918e-07,1.2411e-07,1.11661e-07,15820500.0,18848900.0,22041600.0,25351200.0,28739700.0,32229400.0,35822800.0,0.000126262,0.000139221,0.000151542,0.000165021,0.000177197,0.000190967,0.000204691,3.40483,-0.0943142,3.42269,-0.140628,10094666.66666667,10368500.0,10837166.666666664,11163499.999999998,11463666.66666667,11805166.666666664,11977999.999999989,10094666.66666667,11977999.999999989,11112388.888888888,0.6380750713736398,2.264327928952941,PASS
all-fast,125.0,3.3,band3,all-fast_125c_3.30v_band3,1.54035e-07,1.28899e-07,1.09861e-07,9.51541e-08,8.36057e-08,7.43607e-08,6.67331e-08,25968100.0,31032000.0,36409800.0,42037100.0,47843600.0,53791900.0,59940200.0,0.000156539,0.000173419,0.000192721,0.000211175,0.000231424,0.000250153,0.000269729,3.42411,-0.118149,3.44066,-0.152482,16879666.66666667,17402833.333333336,18341833.333333332,19056333.333333332,19591333.33333334,20160999.999999996,20494333.333333313,16879666.66666667,20494333.333333313,18873388.888888884,0.6500154676956216,2.3082243213789226,PASS
all-fast,125.0,3.3,band4,all-fast_125c_3.30v_band4,8.74868e-08,7.29265e-08,6.18986e-08,5.34743e-08,4.6797e-08,4.14364e-08,3.70319e-08,45721200.0,54849700.0,64621800.0,74802300.0,85475500.0,96533500.0,108015000.0,0.000173196,0.00019359,0.000214669,0.000237012,0.000259362,0.000281939,0.00030522,3.39775,-0.11777,3.40537,-0.149701,30428333.33333334,31501000.0,33254333.33333333,34756166.666666664,36218666.66666667,37565833.33333333,38271666.666666634,30428333.33333334,38271666.666666634,34607666.666666664,0.6655191318979672,2.3624708012913045,PASS
all-fast,125.0,3.3,band5,all-fast_125c_3.30v_band5,5.21126e-08,4.3124e-08,3.6362e-08,3.11792e-08,2.71283e-08,2.38803e-08,2.12564e-08,76756900.0,92755900.0,110005000.0,128291000.0,147448000.0,167502000.0,188178000.0,0.000230419,0.000261375,0.000293283,0.000326805,0.000360833,0.000395588,0.000430047,3.3842,-0.134732,3.40267,-0.140297,53330000.000000015,55413500.0,59225166.66666666,62404999.99999999,65351666.66666668,67883333.33333333,68919999.99999994,53330000.000000015,68919999.99999994,61900611.111111104,0.6947909569042003,2.4516102135443196,PASS
all-fast,125.0,3.3,band6,all-fast_125c_3.30v_band6,2.97049e-08,2.43494e-08,2.03687e-08,1.73593e-08,1.50428e-08,1.32328e-08,1.17858e-08,134658000.0,164275000.0,196380000.0,230424000.0,265907000.0,302280000.0,339392000.0,0.000314012,0.000361268,0.000410543,0.000460019,0.000511688,0.000562832,0.000614068,3.31577,-0.0364489,3.32705,-0.0580094,98723333.33333336,102870000.0,110248333.33333331,115878333.33333331,119760000.00000003,122474999.99999999,123706666.66666655,98723333.33333336,123706666.66666655,113741111.11111109,0.7331412417630839,2.5203998277116844,PASS
all-fast,125.0,3.3,band7,all-fast_125c_3.30v_band7,1.68875e-08,1.37995e-08,1.15618e-08,9.91116e-09,8.66949e-09,7.71455e-09,6.96514e-09,236862000.0,289866000.0,345967000.0,403585000.0,461388000.0,518501000.0,574288000.0,0.000459922,0.000531103,0.00060924,0.000681946,0.000759483,0.000832888,0.000905158,3.3231,-0.0268668,3.33901,-0.0390538,176680000.00000003,181841666.6666667,189531666.66666663,192368333.3333333,191526666.66666672,188166666.66666663,185956666.6666665,176680000.00000003,192368333.3333333,187458888.88888887,0.7459195649787641,2.42456789185264,PASS
all-fast,125.0,3.63,band0,all-fast_125c_3.63v_band0,7.2069e-07,6.1013e-07,5.26831e-07,4.61711e-07,4.10243e-07,3.68322e-07,3.3395e-07,5550240.0,6555980.0,7592560.0,8663430.0,9750310.0,10860100.0,11977800.0,0.000106822,0.00011442,0.000121347,0.000129924,0.000138352,0.000146009,0.000155072,3.68428,-0.0479025,3.70668,-0.0857819,3352466.6666666674,3403866.666666667,3512416.666666666,3596249.9999999995,3661116.6666666674,3712483.3333333326,3725666.6666666633,3352466.6666666674,3725666.6666666633,3570866.666666666,0.6040219281808836,2.158068840266367,PASS
all-fast,125.0,3.63,band1,all-fast_125c_3.63v_band1,4.50053e-07,3.80774e-07,3.27785e-07,2.86642e-07,2.54458e-07,2.28179e-07,2.06258e-07,8887840.0,10504900.0,12203100.0,13954700.0,15719700.0,17530100.0,19393200.0,0.000122583,0.000131837,0.000142643,0.000153523,0.000163717,0.000174513,0.000185832,3.70174,-0.0682799,3.72656,-0.119985,5390200.000000001,5525433.333333334,5749666.666666666,5860999.999999999,5959000.000000001,6122499.999999999,6210333.333333327,5390200.000000001,6210333.333333327,5836311.11111111,0.6064690633494754,2.181992475112063,PASS
all-fast,125.0,3.63,band2,all-fast_125c_3.63v_band2,2.73214e-07,2.30532e-07,1.97778e-07,1.72665e-07,1.52777e-07,1.3672e-07,1.23412e-07,14640600.0,17351100.0,20224700.0,23166200.0,26182000.0,29256900.0,32411800.0,0.000135304,0.000146773,0.000158966,0.000172565,0.000186301,0.000200602,0.00021473,3.72304,-0.0987034,3.74931,-0.119852,9035000.000000002,9306833.333333334,9691833.333333332,9928833.333333332,10151166.66666667,10382999.999999998,10516333.333333325,9035000.000000002,10516333.333333325,9872888.888888888,0.6171195169596876,2.213830034288212,PASS
all-fast,125.0,3.63,band3,all-fast_125c_3.63v_band3,1.68146e-07,1.41306e-07,1.21037e-07,1.05284e-07,9.27615e-08,8.27892e-08,7.44328e-08,23788900.0,28307400.0,33047900.0,37992400.0,43121300.0,48315500.0,53739700.0,0.000165374,0.000183537,0.000202286,0.00022136,0.000240366,0.000262021,0.000281893,3.75236,-0.131424,3.76948,-0.164632,15061666.66666667,15431666.666666668,16141666.666666664,16788999.999999996,17205166.66666667,17697333.333333332,18080666.66666665,15061666.66666667,18080666.66666665,16639333.33333333,0.6331384245033049,2.2590241667332243,PASS
all-fast,125.0,3.63,band4,all-fast_125c_3.63v_band4,9.58735e-08,8.03813e-08,6.85435e-08,5.95124e-08,5.22527e-08,4.645e-08,4.16993e-08,41721600.0,49762800.0,58357100.0,67212900.0,76551100.0,86114200.0,95924800.0,0.000183679,0.000205719,0.00022628,0.000249145,0.000271937,0.000295618,0.000318249,3.74456,-0.159776,3.79978,-0.179595,26804000.000000007,27725833.333333336,29083499.999999996,30323333.33333333,31502166.666666675,32289499.999999996,32701999.99999997,26804000.000000007,32701999.99999997,30112888.888888884,0.6424489952446696,2.29916398220586,PASS
all-fast,125.0,3.63,band5,all-fast_125c_3.63v_band5,5.78423e-08,4.81849e-08,4.08437e-08,3.52886e-08,3.07687e-08,2.71829e-08,2.4267e-08,69153500.0,83013600.0,97934300.0,113351000.0,130002000.0,147151000.0,164833000.0,0.000243186,0.000274334,0.000307602,0.000341059,0.000375334,0.00040986,0.000445564,3.68919,-0.115604,3.75616,-0.173173,46200333.33333334,47968000.0,50562333.33333333,53446166.66666666,56333333.33333334,58051666.66666666,58939999.99999995,46200333.33333334,58939999.99999995,53155277.77777777,0.6680838039048399,2.3835814528548807,PASS
all-fast,125.0,3.63,band6,all-fast_125c_3.63v_band6,3.33426e-08,2.7509e-08,2.31225e-08,1.97649e-08,1.71528e-08,1.50872e-08,1.34128e-08,119967000.0,145407000.0,172991000.0,202379000.0,233198000.0,265126000.0,298222000.0,0.000330627,0.000379543,0.000427255,0.000479709,0.000532455,0.000583464,0.000637878,3.64239,-0.0509928,3.65218,-0.107099,84800000.00000001,88373333.33333334,94953333.33333331,100344999.99999999,104578333.33333336,108373333.33333331,110319999.9999999,84800000.00000001,110319999.9999999,99030555.55555554,0.7068610534563673,2.485866946743688,PASS
all-fast,125.0,3.63,band7,all-fast_125c_3.63v_band7,1.91747e-08,1.56954e-08,1.313e-08,1.12169e-08,9.7586e-09,8.62492e-09,7.73019e-09,208608000.0,254851000.0,304646000.0,356604000.0,409895000.0,463772000.0,517451000.0,0.000479448,0.000552466,0.000632157,0.00070958,0.000790093,0.00086893,0.000947912,3.64834,-0.0217347,3.6622,-0.0344257,154143333.33333337,160063333.33333334,169588333.3333333,175414999.99999997,178613333.33333337,179259999.99999997,178929999.99999985,154143333.33333337,179259999.99999997,171579444.44444442,0.7389138160249529,2.480494516030066,PASS
