Using SPARSE 1.3 as Direct Linear Solver
Note: Starting dynamic gmin stepping
Warning: Dynamic gmin stepping failed
Note: Starting true gmin stepping
Note: True gmin stepping completed

Note: No compatibility mode selected!


Circuit: * reference-phase-transfer @ stp_typical_27c_3.30v_vs1p795 -- generated by sim/harness, do not edit

Doing analysis at TEMP = 27.000000 and TNOM = 27.000000


Initial Transient Solution
--------------------------

Node                                   Voltage
----                                   -------
vdd                                        3.3
vdd_vco                                    3.3
vdd_div                                    3.3
gnd_vco                                      0
vss                                          0
refa                                         0
refb                                         0
gate                                         0
ref                                          0
b0                                           0
b1                                         3.3
b2                                         3.3
cpb0                                         0
cpb1                                         0
ldt0                                         0
ldt1                                         0
ldt2                                         0
ldt3                                       3.3
p0                                           0
p1                                         3.3
p2                                           0
p3                                           0
p4                                           0
p5                                           0
sel0                                         0
sel1                                       3.3
sel2                                         0
sel3                                         0
sel4                                         0
sel5                                         0
ibn                                   0.718977
icn                                   0.825422
ibp                                    2.44912
icp                                    2.33081
xdut.xpfd.xpfd.xed_ref.d1                  3.3
xdut.xpfd.xpfd.xed_ref.d2          1.08169e-08
xdut.xpfd.xpfd.xed_ref.d3                  3.3
xdut.xpfd.xpfd.xed_ref.d4          1.08169e-08
xdut.xpfd.xpfd.xed_ref.d5                  3.3
xdut.xpfd.xpfd.xed_ref.nn                  3.3
xdut.xpfd.xpfd.xed_ref.xnd.ni      4.20894e-10
xdut.xpfd.xpfd.pr                  1.08169e-08
xdut.xpfd.xpfd.xed_fb.d1                2.2352
fb                                     1.60375
xdut.xpfd.xpfd.xed_fb.d2             0.0648058
xdut.xpfd.xpfd.xed_fb.d3                   3.3
xdut.xpfd.xpfd.xed_fb.d4           1.08169e-08
xdut.xpfd.xpfd.xed_fb.d5                   3.3
xdut.xpfd.xpfd.xed_fb.nn               0.61574
xdut.xpfd.xpfd.xed_fb.xnd.ni          0.140501
xdut.xpfd.xpfd.pf                       3.2956
xdut.xpfd.xpfd.sbr                         3.3
xdut.xpfd.xpfd.sbf                 1.08237e-08
xdut.up                             2.2511e-08
xdut.xpfd.xpfd.upb                         3.3
xdut.xpfd.xpfd.xlat_ref.xn1.ni     1.12555e-08
xdut.xpfd.xpfd.rb                          3.3
xdut.xpfd.xpfd.xlat_ref.xn2.ni         2.68894
xdut.dn                                    3.3
xdut.xpfd.xpfd.dnb                  2.2511e-08
xdut.xpfd.xpfd.xlat_fb.xn1.ni        0.0209843
xdut.xpfd.xpfd.xlat_fb.xn2.ni      1.12555e-08
xdut.xpfd.xpfd.nrst                        3.3
xdut.xpfd.xpfd.xnand_rst.ni        4.20894e-10
xdut.xpfd.xpfd.rst_raw             1.08169e-08
xdut.xpfd.xpfd.rd1                         3.3
xdut.xpfd.xpfd.rd2                 1.08169e-08
xdut.xpfd.xpfd.rd3                         3.3
xdut.xpfd.xpfd.rd4                 1.08169e-08
xdut.xpfd.xpfd.rd5                         3.3
xdut.xpfd.xpfd.rd6                 1.08169e-08
xdut.xpfd.xpfd.rd7                         3.3
xdut.xpfd.xpfd.rd8                 1.08169e-08
xdut.xpfd.xpfd.rd9                         3.3
xdut.xpfd.xpfd.rd10                1.08169e-08
xdut.xpfd.xpfd.rd11                        3.3
xdut.xpfd.xpfd.rd12                1.08169e-08
xdut.xpfd.xpfd.rd13                        3.3
xdut.xpfd.xpfd.rd14                1.08169e-08
xdut.xpfd.xpfd.rd15                        3.3
xdut.xpfd.xpfd.rd16                1.08169e-08
xdut.xpfd.xpfd.rd17                        3.3
xdut.xpfd.xpfd.rd18                1.08169e-08
xdut.xpfd.xpfd.rd19                        3.3
xdut.xpfd.xpfd.rd20                1.08169e-08
xdut.xpfd.xpfd.rd21                        3.3
xdut.xpfd.xpfd.rd22                1.08169e-08
xdut.xpfd.xpfd.rd23                        3.3
xdut.xpfd.xpfd.rst_dly             1.08169e-08
xdut.xpfd.xcp.b0b                          3.3
xdut.xpfd.xcp.b1b                          3.3
xdut.xpfd.xcp.upb                          3.3
xdut.xpfd.xcp.dnb                  1.08169e-08
xdut.xpfd.xcp.xn_base.bg              0.718977
xdut.xpfd.xcp.xn_base.mid            0.0849637
xdut.xpfd.xcp.dnt                      1.79372
xdut.xpfd.xcp.xn_t0.bg             7.20792e-11
xdut.xpfd.xcp.xn_t0.mid               0.468903
xdut.xpfd.xcp.xn_t1a.bg            7.20792e-11
xdut.xpfd.xcp.xn_t1a.mid              0.468903
xdut.xpfd.xcp.xn_t1b.bg            7.20792e-11
xdut.xpfd.xcp.xn_t1b.mid              0.468903
xdut.xpfd.xcp.xp_base.bg               2.44912
xdut.xpfd.xcp.xp_base.mid              3.21236
xdut.xpfd.xcp.upt                      1.80948
xdut.xpfd.xcp.xp_t0.bg                     3.3
xdut.xpfd.xcp.xp_t0.mid                1.32268
xdut.xpfd.xcp.xp_t1a.bg                    3.3
xdut.xpfd.xcp.xp_t1a.mid               1.32268
xdut.xpfd.xcp.xp_t1b.bg                    3.3
xdut.xpfd.xcp.xp_t1b.mid               1.32268
vctrl                                    1.795
xdut.xpfd.xcp.vdump                    1.80563
xdut.xpfd.xcp.xbuf.nsrc               0.849291
xdut.xpfd.xcp.xbuf.nda                 2.45469
xdut.xpfd.xcp.xbuf.psrc                2.60717
xdut.xpfd.xcp.xbuf.pda                0.684975
xdut.xlf.nr1                             1.795
xdut.xlf.xrf1.11                         1.795
xdut.xlf.xrf1.21                         1.795
xdut.xlf.nr2                             1.795
xdut.xlf.xrf2.11                         1.795
xdut.xlf.xrf2.21                         1.795
xdut.xlf.nr3                             1.795
xdut.xlf.xrf3.11                         1.795
xdut.xlf.xrf3.21                         1.795
xdut.xlf.nz                              1.795
xdut.xlf.xrf4.11                         1.795
xdut.xlf.xrf4.21                         1.795
xdut.xlf.xcf1.c_moscap_int1             -1.795
xdut.xlf.xcf2.c_moscap_int1             -1.795
xdut.xlf.xcf3.c_moscap_int1             -1.795
xdut.xlf.xcf4.c_moscap_int1             -1.795
xdut.xvco.xbias.na                    0.940667
xdut.xvco.xbias.vbpc                   2.33139
xdut.xvco.xbias.nc                    0.120618
xdut.xvco.xbias.xrcg.11                0.12039
xdut.xvco.xbias.xrcg.21            0.000228576
xdut.xvco.xbias.nsu                  0.0130127
xdut.xvco.xbias.vfix                   1.75603
xdut.xvco.xbias.nmd                   0.755526
xdut.xvco.xbias.vbp0                    2.4203
xdut.xvco.xbias.noff                  0.765497
xdut.xvco.xbias.xroff.11              0.765244
xdut.xvco.xbias.xroff.21            0.00025373
xdut.xvco.xbias.nvi                   0.793937
xdut.xvco.xbias.xrdeg.11              0.793673
xdut.xvco.xbias.xrdeg.21           0.000263156
xdut.xvco.xbias.b0b                        3.3
xdut.xvco.xbias.b1b                 5.4347e-09
xdut.xvco.xbias.b2b                 5.4347e-09
xdut.xvco.xbias.vbn1                  0.738672
xdut.xvco.xbias.ga                         3.3
xdut.xvco.xbias.vbp2                   2.36206
xdut.xvco.xbias.gb                    0.738672
xdut.xvco.vbn                         0.968619
xdut.xvco.xbias.gc                     2.36206
xdut.xvco.vbp                          2.16394
xdut.xvco.xs1.nh                        1.4608
xdut.xvco.y1                                 0
xdut.xvco.y5                                 0
xdut.xvco.xs1.nt                             0
xdut.xvco.xs2.nh                           3.3
xdut.xvco.y2                               3.3
xdut.xvco.xs2.nt                   4.45214e-09
xdut.xvco.xs3.nh                           3.3
xdut.xvco.y3                                 0
xdut.xvco.xs3.nt                             0
xdut.xvco.xs4.nh                           3.3
xdut.xvco.y4                               3.3
xdut.xvco.xs4.nt                   4.45214e-09
xdut.xvco.xs5.nh                           3.3
xdut.xvco.xs5.nt                             0
xdut.xvco.nb1                              3.3
xdut.xvco.nb2                      3.75871e-09
clk                                        3.3
xdut.xvco.xcdec1.c_moscap_int1            -3.3
xdut.xvco.xcdec2.c_moscap_int1            -3.3
xdut.xdiv.xd0.sb                           3.3
xdut.xdiv.mi0                      5.48835e-09
xdut.xdiv.mo0                              3.3
xdut.xdiv.xd0.xn3.nm1                0.0507662
xdut.xdiv.xd0.xn3.nm2              5.46449e-11
xdut.xdiv.xd0.dqn                     0.469025
xdut.xdiv.xd0.qb                       1.60373
xdut.xdiv.xd0.xn2q.nmid               0.126271
xdut.xdiv.xd0.dq                        3.2996
xdut.xdiv.xd0.xfq.ckb              5.48835e-09
xdut.xdiv.xd0.xfq.ckbb                     3.3
xdut.xdiv.xd0.xfq.nm                   1.60375
xdut.xdiv.xd0.xfq.nma                  1.60375
xdut.xdiv.xd0.xfq.nmb                  1.60375
xdut.xdiv.xd0.xfq.ns                   1.60375
xdut.xdiv.xd0.q                        1.60375
xdut.xdiv.ck1                          1.60221
xdut.xdiv.xd0.nmo                          3.3
xdut.xdiv.xd0.xn2m.nmid            1.87705e-09
xdut.xdiv.xd0.dmo                  1.19429e-08
xdut.xdiv.xd0.xfmo.ckb             5.48835e-09
xdut.xdiv.xd0.xfmo.ckbb                    3.3
xdut.xdiv.xd0.xfmo.nm                      3.3
xdut.xdiv.xd0.xfmo.nma             2.13859e-08
xdut.xdiv.xd0.xfmo.nmb                     3.3
xdut.xdiv.xd0.xfmo.ns              3.20629e-08
xdut.xdiv.xd0.mob                  1.09449e-08
xdut.xdiv.xd1.sb                           3.3
xdut.xdiv.mi1                              3.3
xdut.xdiv.mo1                      1.07308e-06
xdut.xdiv.xd1.xn3.nm1                    2.758
xdut.xdiv.xd1.xn3.nm2                  2.73271
xdut.xdiv.xd1.dqn                          3.3
xdut.xdiv.xd1.qb                      0.155221
xdut.xdiv.xd1.xn2q.nmid            8.21283e-08
xdut.xdiv.xd1.dq                   1.75996e-08
xdut.xdiv.xd1.xfq.ckb                  1.63216
xdut.xdiv.xd1.xfq.ckbb                  1.0916
xdut.xdiv.xd1.xfq.nm               2.95563e-08
xdut.xdiv.xd1.xfq.nma                  3.12755
xdut.xdiv.xd1.xfq.nmb              1.78975e-08
xdut.xdiv.xd1.xfq.ns                  0.697503
xdut.xdiv.xd1.q                        3.28308
xdut.xdiv.ck2                              3.3
xdut.xdiv.xd1.nmo                  1.09838e-08
xdut.xdiv.xd1.xn2m.nmid            5.49823e-09
xdut.xdiv.xd1.dmo                          3.3
xdut.xdiv.xd1.xfmo.ckb                 1.63216
xdut.xdiv.xd1.xfmo.ckbb                 1.0916
xdut.xdiv.xd1.xfmo.nm                      3.3
xdut.xdiv.xd1.xfmo.nma                 0.12791
xdut.xdiv.xd1.xfmo.nmb                     3.3
xdut.xdiv.xd1.xfmo.ns                  2.91398
xdut.xdiv.xd1.mob                      3.15674
xdut.xdiv.xd2.sb                           3.3
xdut.xdiv.mi2                              3.3
xdut.xdiv.mo2                              3.3
xdut.xdiv.xd2.xn3.nm1                  2.77552
xdut.xdiv.xd2.xn3.nm2              7.80095e-10
xdut.xdiv.xd2.dqn                  1.09665e-08
xdut.xdiv.xd2.qb                           3.3
xdut.xdiv.xd2.xn2q.nmid            5.48326e-09
xdut.xdiv.xd2.dq                           3.3
xdut.xdiv.xd2.xfq.ckb              5.48835e-09
xdut.xdiv.xd2.xfq.ckbb                     3.3
xdut.xdiv.xd2.xfq.nm               3.40589e-08
xdut.xdiv.xd2.xfq.nma                      3.3
xdut.xdiv.xd2.xfq.nmb              2.23839e-08
xdut.xdiv.xd2.xfq.ns                       3.3
xdut.xdiv.xd2.q                    5.48835e-09
xdut.xdiv.ck3                      2.87605e-09
xdut.xdiv.xd2.nmo                          3.3
xdut.xdiv.xd2.xn2m.nmid                2.76348
xdut.xdiv.xd2.dmo                  1.19429e-08
xdut.xdiv.xd2.xfmo.ckb             5.48835e-09
xdut.xdiv.xd2.xfmo.ckbb                    3.3
xdut.xdiv.xd2.xfmo.nm                      3.3
xdut.xdiv.xd2.xfmo.nma             2.13859e-08
xdut.xdiv.xd2.xfmo.nmb                     3.3
xdut.xdiv.xd2.xfmo.ns              3.20629e-08
xdut.xdiv.xd2.mob                  1.09449e-08
xdut.xdiv.xd3.sb                           3.3
xdut.xdiv.mi3                              3.3
xdut.xdiv.mo3                              3.3
xdut.xdiv.xd3.xn3.nm1                  2.77552
xdut.xdiv.xd3.xn3.nm2              7.80097e-10
xdut.xdiv.xd3.dqn                  1.09665e-08
xdut.xdiv.xd3.qb                           3.3
xdut.xdiv.xd3.xn2q.nmid            5.48326e-09
xdut.xdiv.xd3.dq                           3.3
xdut.xdiv.xd3.xfq.ckb                      3.3
xdut.xdiv.xd3.xfq.ckbb             5.48835e-09
xdut.xdiv.xd3.xfq.nm                       3.3
xdut.xdiv.xd3.xfq.nma              1.19429e-08
xdut.xdiv.xd3.xfq.nmb                      3.3
xdut.xdiv.xd3.xfq.ns                       3.3
xdut.xdiv.xd3.q                    5.48835e-09
xdut.xdiv.ck4                      2.87605e-09
xdut.xdiv.xd3.nmo                          3.3
xdut.xdiv.xd3.xn2m.nmid                2.76348
xdut.xdiv.xd3.dmo                  2.13859e-08
xdut.xdiv.xd3.xfmo.ckb                     3.3
xdut.xdiv.xd3.xfmo.ckbb            5.48835e-09
xdut.xdiv.xd3.xfmo.nm              3.20629e-08
xdut.xdiv.xd3.xfmo.nma                     3.3
xdut.xdiv.xd3.xfmo.nmb             1.09449e-08
xdut.xdiv.xd3.xfmo.ns              3.40589e-08
xdut.xdiv.xd3.mob                  2.23839e-08
xdut.xdiv.xd4.sb                           3.3
xdut.xdiv.mi4                              3.3
xdut.xdiv.mo4                              3.3
xdut.xdiv.xd4.xn3.nm1                  2.77552
xdut.xdiv.xd4.xn3.nm2              7.80097e-10
xdut.xdiv.xd4.dqn                  1.09665e-08
xdut.xdiv.xd4.qb                           3.3
xdut.xdiv.xd4.xn2q.nmid            5.48326e-09
xdut.xdiv.xd4.dq                           3.3
xdut.xdiv.xd4.xfq.ckb                      3.3
xdut.xdiv.xd4.xfq.ckbb             5.48835e-09
xdut.xdiv.xd4.xfq.nm                       3.3
xdut.xdiv.xd4.xfq.nma              1.19429e-08
xdut.xdiv.xd4.xfq.nmb                      3.3
xdut.xdiv.xd4.xfq.ns                       3.3
xdut.xdiv.xd4.q                    5.48835e-09
xdut.xdiv.ck5                      2.87605e-09
xdut.xdiv.xd4.nmo                          3.3
xdut.xdiv.xd4.xn2m.nmid                2.76348
xdut.xdiv.xd4.dmo                  2.13859e-08
xdut.xdiv.xd4.xfmo.ckb                     3.3
xdut.xdiv.xd4.xfmo.ckbb            5.48835e-09
xdut.xdiv.xd4.xfmo.nm              3.20629e-08
xdut.xdiv.xd4.xfmo.nma                     3.3
xdut.xdiv.xd4.xfmo.nmb             1.09449e-08
xdut.xdiv.xd4.xfmo.ns              3.40589e-08
xdut.xdiv.xd4.mob                  2.23839e-08
xdut.xdiv.xd5.sb                           3.3
xdut.xdiv.mo5                              3.3
xdut.xdiv.xd5.xn3.nm1                0.0507663
xdut.xdiv.xd5.xn3.nm2              5.46449e-11
xdut.xdiv.xd5.dqn                  1.09665e-08
xdut.xdiv.xd5.qb                           3.3
xdut.xdiv.xd5.xn2q.nmid            5.48326e-09
xdut.xdiv.xd5.dq                           3.3
xdut.xdiv.xd5.xfq.ckb                      3.3
xdut.xdiv.xd5.xfq.ckbb             5.48835e-09
xdut.xdiv.xd5.xfq.nm                       3.3
xdut.xdiv.xd5.xfq.nma              1.19429e-08
xdut.xdiv.xd5.xfq.nmb                      3.3
xdut.xdiv.xd5.xfq.ns                       3.3
xdut.xdiv.xd5.q                    5.48835e-09
xdut.xdiv.ck6                      2.87605e-09
xdut.xdiv.xd5.nmo                          3.3
xdut.xdiv.xd5.xn2m.nmid              0.0439576
xdut.xdiv.xd5.dmo                  2.13859e-08
xdut.xdiv.xd5.xfmo.ckb                     3.3
xdut.xdiv.xd5.xfmo.ckbb            5.48835e-09
xdut.xdiv.xd5.xfmo.nm              3.20629e-08
xdut.xdiv.xd5.xfmo.nma                     3.3
xdut.xdiv.xd5.xfmo.nmb             1.09449e-08
xdut.xdiv.xd5.xfmo.ns              3.40589e-08
xdut.xdiv.xd5.mob                  2.23839e-08
xdut.xdiv.xnr0.pmid                        3.3
xdut.xdiv.nmi0                             3.3
xdut.xdiv.xnr1.pmid                    1.32484
xdut.xdiv.nmi1                     2.85122e-09
xdut.xdiv.xnr2.pmid                   0.749518
xdut.xdiv.nmi2                     9.80267e-09
xdut.xdiv.xnr3.pmid                   0.749523
xdut.xdiv.nmi3                     9.80348e-09
xdut.xdiv.xnr4.pmid                   0.749517
xdut.xdiv.nmi4                     9.80258e-09
xdut.xdiv.t0                               3.3
xdut.xdiv.xm0.nmid                     1.28706
xdut.xdiv.t1                       1.09665e-08
xdut.xdiv.xm1.nmid                 5.48326e-09
xdut.xdiv.t2                               3.3
xdut.xdiv.xm2.nmid                   0.0439573
xdut.xdiv.t3                               3.3
xdut.xdiv.xm3.nmid                   0.0439573
xdut.xdiv.t4                               3.3
xdut.xdiv.xm4.nmid                   0.0439573
xdut.xdiv.t5                               3.3
xdut.xdiv.xm5.nmid                   0.0439573
xdut.xdiv.ma                               3.3
xdut.xdiv.xma.nm1                      2.77552
xdut.xdiv.xma.nm2                  7.80097e-10
xdut.xdiv.mb                       1.63904e-08
xdut.xdiv.xmb.nm1                   1.0927e-08
xdut.xdiv.xmb.nm2                  5.46348e-09
xdut.xdiv.xmno.pmid                    0.74952
xdut.xdiv.divoutb                  9.80308e-09
divout                                     3.3
xdut.xdiv.xfrt.ckb                 5.48835e-09
xdut.xdiv.xfrt.ckbb                        3.3
xdut.xdiv.xfrt.nm                      1.60375
xdut.xdiv.xfrt.nma                     1.60375
xdut.xdiv.xfrt.nmb                     1.60375
xdut.xdiv.xfrt.ns                      1.60375
xdut.xdiv.fbb                          1.60373
xdut.xld.xerr.n1                           3.3
xdut.xld.xerr.xg1.nmid             1.08738e-09
xdut.xld.xerr.n2                           3.3
xdut.xld.xerr.xg2.nmid             1.08738e-09
xdut.xld.xerr.n3                   1.09665e-08
xdut.xld.xerr.xg3.nmid             5.48326e-09
xdut.xld.err                               3.3
xdut.xld.xerr.xg4.nmid                 2.76348
xdut.xld.xdly.t0b                          3.3
xdut.xld.xdly.t1b                          3.3
xdut.xld.xdly.t2b                          3.3
xdut.xld.xdly.t3b                          3.3
xdut.net1                                    0
xdut.xld.xdly.d1                   2.66555e-08
xdut.xld.xdly.s10                  2.84763e-08
xdut.xld.xdly.s11                  1.74034e-08
xdut.xld.xdly.s12                  9.16441e-09
xdut.xld.xdly.s13                  4.60934e-09
xdut.xld.xdly.d2                           3.3
xdut.xld.xdly.s20                   3.4893e-08
xdut.xld.xdly.s21                  1.99074e-08
xdut.xld.xdly.s22                  1.07518e-08
xdut.xld.xdly.s23                  6.20911e-09
xdut.xld.xdly.d3                   2.66555e-08
xdut.xld.xdly.s30                  2.84763e-08
xdut.xld.xdly.s31                  1.74034e-08
xdut.xld.xdly.s32                  9.16441e-09
xdut.xld.xdly.s33                  4.60934e-09
xdut.xld.errd                              3.3
xdut.xld.xdly.s40                   3.4893e-08
xdut.xld.xdly.s41                  1.99074e-08
xdut.xld.xdly.s42                  1.07518e-08
xdut.xld.xdly.s43                  6.20911e-09
xdut.xld.wideb                     1.09665e-08
xdut.xld.xnw.nmid                  5.48326e-09
xdut.xld.wide                              3.3
xdut.vwin                            0.0011263
xdut.xld.xsch.p1                           3.3
xdut.xld.lockb                             3.3
xdut.xld.xsch.n1                       2.72833
lock                               5.48835e-09
e.xdut.xvco.xcdec2.ec_moscap#branch         3.3e-12
e.xdut.xvco.xcdec1.ec_moscap#branch         3.3e-12
e.xdut.xlf.xcf4.ec_moscap#branch       1.795e-12
e.xdut.xlf.xcf3.ec_moscap#branch       1.795e-12
e.xdut.xlf.xcf2.ec_moscap#branch       1.795e-12
e.xdut.xlf.xcf1.ec_moscap#branch       1.795e-12
bref#branch                                  0
vs5#branch                                   0
vs4#branch                                   0
vs3#branch                                   0
vs2#branch                                   0
vs1#branch                            -3.3e-12
vs0#branch                                   0
vp5#branch                                   0
vp4#branch                                   0
vp3#branch                                   0
vp2#branch                                   0
vp1#branch                            -3.3e-12
vp0#branch                                   0
vldt3#branch                          -3.3e-12
vldt2#branch                                 0
vldt1#branch                                 0
vldt0#branch                                 0
vcpb1#branch                                 0
vcpb0#branch                                 0
vb2#branch                            -3.3e-12
vb1#branch                            -3.3e-12
vb0#branch                                   0
vgate#branch                                 0
vrefb#branch                                 0
vrefa#branch                                 0
vvss#branch                         0.00248978
vgndvco#branch                     0.000142209
vvdddiv#branch                     -0.00228758
vvddvco#branch                    -0.000191926
vvdd#branch                       -0.000216471

 Reference value :  0.00000e+00
 Reference value :  3.38145e-09
 Reference value :  7.23340e-09
 Reference value :  1.05798e-08
 Reference value :  1.44026e-08
 Reference value :  1.78768e-08
 Reference value :  2.09533e-08
 Reference value :  2.25061e-08
 Reference value :  2.41003e-08
 Reference value :  2.77981e-08
 Reference value :  2.94142e-08
 Reference value :  3.20838e-08
 Reference value :  3.50692e-08
 Reference value :  3.89809e-08
 Reference value :  4.12135e-08
 Reference value :  4.40412e-08
 Reference value :  4.79359e-08
 Reference value :  5.22368e-08
 Reference value :  5.50424e-08
 Reference value :  5.96414e-08
 Reference value :  6.12882e-08
 Reference value :  6.31409e-08
 Reference value :  6.58338e-08
 Reference value :  6.86062e-08
 Reference value :  7.11724e-08
 Reference value :  7.49685e-08
 Reference value :  7.79668e-08
 Reference value :  8.13364e-08
 Reference value :  8.42950e-08
 Reference value :  8.80690e-08
 Reference value :  9.13609e-08
 Reference value :  9.52075e-08
 Reference value :  9.81888e-08
 Reference value :  1.01005e-07
 Reference value :  1.02476e-07
 Reference value :  1.04419e-07
 Reference value :  1.08413e-07
 Reference value :  1.09999e-07
 Reference value :  1.13172e-07
 Reference value :  1.16306e-07
 Reference value :  1.19789e-07
 Reference value :  1.22354e-07
 Reference value :  1.25266e-07
 Reference value :  1.29093e-07
 Reference value :  1.32645e-07
 Reference value :  1.36341e-07
 Reference value :  1.39696e-07
 Reference value :  1.41403e-07
 Reference value :  1.42933e-07
 Reference value :  1.45786e-07
 Reference value :  1.49639e-07
 Reference value :  1.51885e-07
 Reference value :  1.56126e-07
 Reference value :  1.58893e-07
 Reference value :  1.61650e-07
 Reference value :  1.64123e-07
 Reference value :  1.68128e-07
 Reference value :  1.71297e-07
 Reference value :  1.75509e-07
 Reference value :  1.77939e-07
 Reference value :  1.80842e-07
 Reference value :  1.82469e-07
 Reference value :  1.83964e-07
 Reference value :  1.87854e-07
 Reference value :  1.91267e-07
 Reference value :  1.92864e-07
 Reference value :  1.96607e-07
 Reference value :  1.99240e-07
 Reference value :  2.01950e-07
 Reference value :  2.05152e-07
 Reference value :  2.08647e-07
 Reference value :  2.12484e-07
 Reference value :  2.17182e-07
 Reference value :  2.19829e-07
 Reference value :  2.21437e-07
 Reference value :  2.23308e-07
 Reference value :  2.25574e-07
 Reference value :  2.29617e-07
 Reference value :  2.32701e-07
 Reference value :  2.36084e-07
 Reference value :  2.39635e-07
 Reference value :  2.42308e-07
 Reference value :  2.46129e-07
 Reference value :  2.49134e-07
 Reference value :  2.52803e-07
 Reference value :  2.56608e-07
 Reference value :  2.60041e-07
 Reference value :  2.61605e-07
 Reference value :  2.63300e-07
 Reference value :  2.66550e-07
 Reference value :  2.70094e-07
 Reference value :  2.73679e-07
 Reference value :  2.76043e-07
 Reference value :  2.80108e-07
 Reference value :  2.82529e-07
 Reference value :  2.86948e-07
 Reference value :  2.89095e-07
 Reference value :  2.93629e-07
 Reference value :  2.97167e-07
 Reference value :  3.00679e-07
 Reference value :  3.01911e-07
 Reference value :  3.03590e-07
 Reference value :  3.07588e-07
 Reference value :  3.10983e-07
 Reference value :  3.14855e-07
 Reference value :  3.17034e-07
 Reference value :  3.20491e-07
 Reference value :  3.22576e-07
 Reference value :  3.26272e-07
 Reference value :  3.29222e-07
 Reference value :  3.32430e-07
 Reference value :  3.36173e-07
 Reference value :  3.40200e-07
 Reference value :  3.41721e-07
 Reference value :  3.43251e-07
 Reference value :  3.46144e-07
 Reference value :  3.49826e-07
 Reference value :  3.53983e-07
 Reference value :  3.56923e-07
 Reference value :  3.58591e-07
 Reference value :  3.61238e-07
 Reference value :  3.63987e-07
 Reference value :  3.67560e-07
 Reference value :  3.70695e-07
 Reference value :  3.73935e-07
 Reference value :  3.77398e-07
 Reference value :  3.80572e-07
 Reference value :  3.82020e-07
 Reference value :  3.83675e-07
 Reference value :  3.86842e-07
 Reference value :  3.90715e-07
 Reference value :  3.94239e-07
 Reference value :  3.97887e-07
 Reference value :  4.00337e-07
 Reference value :  4.03650e-07
 Reference value :  4.06216e-07
 Reference value :  4.10458e-07
 Reference value :  4.12577e-07
 Reference value :  4.16821e-07
 Reference value :  4.20209e-07
 Reference value :  4.21672e-07
 Reference value :  4.23395e-07
 Reference value :  4.25763e-07
 Reference value :  4.29986e-07
 Reference value :  4.33233e-07
 Reference value :  4.37797e-07
 Reference value :  4.39935e-07
 Reference value :  4.42000e-07
 Reference value :  4.45857e-07
 Reference value :  4.48859e-07
 Reference value :  4.52807e-07
 Reference value :  4.55726e-07
 Reference value :  4.59540e-07
 Reference value :  4.61110e-07
 Reference value :  4.62683e-07
 Reference value :  4.65400e-07
 Reference value :  4.68193e-07
 Reference value :  4.72807e-07
 Reference value :  4.75851e-07
 Reference value :  4.80001e-07
 Reference value :  4.81554e-07
 Reference value :  4.85747e-07
 Reference value :  4.88779e-07
 Reference value :  4.93071e-07
 Reference value :  4.95416e-07
 Reference value :  4.99872e-07
 Reference value :  5.01383e-07
 Reference value :  5.03349e-07
 Reference value :  5.06798e-07
 Reference value :  5.09446e-07
 Reference value :  5.13917e-07
 Reference value :  5.17635e-07
 Reference value :  5.21200e-07
 Reference value :  5.22802e-07
 Reference value :  5.24897e-07
 Reference value :  5.28742e-07
 Reference value :  5.32220e-07
 Reference value :  5.35672e-07
 Reference value :  5.38696e-07
 Reference value :  5.41144e-07
 Reference value :  5.42807e-07
 Reference value :  5.45246e-07
 Reference value :  5.49091e-07
 Reference value :  5.52198e-07
 Reference value :  5.56090e-07
 Reference value :  5.60210e-07
 Reference value :  5.62796e-07
 Reference value :  5.65191e-07
 Reference value :  5.69258e-07
 Reference value :  5.71695e-07
 Reference value :  5.76075e-07
 Reference value :  5.78758e-07
 Reference value :  5.80889e-07
 Reference value :  5.82503e-07
 Reference value :  5.84747e-07
 Reference value :  5.89089e-07
 Reference value :  5.91522e-07
 Reference value :  5.96210e-07
 Reference value :  5.99547e-07
 Reference value :  6.02450e-07
 Reference value :  6.04852e-07
 Reference value :  6.07831e-07
 Reference value :  6.11366e-07
 Reference value :  6.15303e-07
 Reference value :  6.18176e-07
 Reference value :  6.20867e-07
 Reference value :  6.22435e-07
 Reference value :  6.24060e-07
 Reference value :  6.27347e-07
 Reference value :  6.30984e-07
 Reference value :  6.34190e-07
 Reference value :  6.38059e-07
 Reference value :  6.41151e-07
 Reference value :  6.44854e-07
 Reference value :  6.46998e-07
 Reference value :  6.50945e-07
 Reference value :  6.53536e-07
 Reference value :  6.58027e-07
 Reference value :  6.60000e-07
 Reference value :  6.61505e-07
 Reference value :  6.63132e-07
 Reference value :  6.65486e-07
 Reference value :  6.68705e-07
 Reference value :  6.72434e-07
 Reference value :  6.75729e-07
 Reference value :  6.79435e-07
 Reference value :  6.82150e-07
 Reference value :  6.85946e-07
 Reference value :  6.87551e-07
 Reference value :  6.89546e-07
 Reference value :  6.93088e-07
 Reference value :  6.96233e-07
 Reference value :  7.00039e-07
 Reference value :  7.01560e-07
 Reference value :  7.03358e-07
 Reference value :  7.06437e-07
 Reference value :  7.10551e-07
 Reference value :  7.13696e-07
 Reference value :  7.17224e-07
 Reference value :  7.20433e-07
 Reference value :  7.23359e-07
 Reference value :  7.26992e-07
 Reference value :  7.29464e-07
 Reference value :  7.33483e-07
 Reference value :  7.36570e-07
 Reference value :  7.40161e-07
 Reference value :  7.41294e-07
 Reference value :  7.43027e-07
 Reference value :  7.46465e-07
 Reference value :  7.49520e-07
 Reference value :  7.53628e-07
 Reference value :  7.56595e-07
 Reference value :  7.60464e-07
 Reference value :  7.63535e-07
 Reference value :  7.67379e-07
 Reference value :  7.69086e-07
 Reference value :  7.73013e-07
 Reference value :  7.76025e-07
 Reference value :  7.80000e-07
 Reference value :  7.81380e-07
 Reference value :  7.83073e-07
 Reference value :  7.85548e-07
 Reference value :  7.89170e-07
 Reference value :  7.93577e-07
 Reference value :  7.95900e-07
 Reference value :  8.00156e-07
 Reference value :  8.01987e-07
 Reference value :  8.06180e-07
 Reference value :  8.09008e-07
 Reference value :  8.11809e-07
 Reference value :  8.15523e-07
 Reference value :  8.18516e-07
 Reference value :  8.21142e-07
 Reference value :  8.22689e-07
 Reference value :  8.25052e-07
 Reference value :  8.28802e-07
 Reference value :  8.32316e-07
 Reference value :  8.36073e-07
 Reference value :  8.39859e-07
 Reference value :  8.42388e-07
 Reference value :  8.45940e-07
 Reference value :  8.49462e-07
 Reference value :  8.51081e-07
 Reference value :  8.54707e-07
 Reference value :  8.57410e-07
 Reference value :  8.60230e-07
 Reference value :  8.61871e-07
 Reference value :  8.63388e-07
 Reference value :  8.66288e-07
 Reference value :  8.69844e-07
 Reference value :  8.74194e-07
 Reference value :  8.76982e-07
 Reference value :  8.80423e-07
 Reference value :  8.83267e-07
 Reference value :  8.87389e-07
 Reference value :  8.90356e-07
 Reference value :  8.92947e-07
 Reference value :  8.96850e-07
 Reference value :  9.00001e-07
 Reference value :  9.01286e-07
 Reference value :  9.03149e-07
 Reference value :  9.06170e-07
 Reference value :  9.09771e-07
 Reference value :  9.13090e-07
 Reference value :  9.16828e-07
 Reference value :  9.19836e-07
 Reference value :  9.22850e-07
 Reference value :  9.26069e-07
 Reference value :  9.30047e-07
 Reference value :  9.31753e-07
 Reference value :  9.35382e-07
 Reference value :  9.38209e-07
 Reference value :  9.40742e-07
 Reference value :  9.42256e-07
 Reference value :  9.44005e-07
 Reference value :  9.46982e-07
 Reference value :  9.50663e-07
 Reference value :  9.53962e-07
 Reference value :  9.57687e-07
 Reference value :  9.60725e-07
 Reference value :  9.64290e-07
 Reference value :  9.67916e-07
 Reference value :  9.71379e-07
 Reference value :  9.74045e-07
 Reference value :  9.77830e-07
 Reference value :  9.80651e-07
 Reference value :  9.82239e-07
 Reference value :  9.83797e-07
 Reference value :  9.85689e-07
 Reference value :  9.89974e-07
 Reference value :  9.93800e-07
 Reference value :  9.97702e-07
 Reference value :  1.00042e-06
 Reference value :  1.00340e-06
 Reference value :  1.00665e-06
 Reference value :  1.01110e-06
 Reference value :  1.01271e-06
 Reference value :  1.01467e-06
 Reference value :  1.01846e-06
 Reference value :  1.02079e-06
 Reference value :  1.02215e-06
 Reference value :  1.02392e-06
 Reference value :  1.02599e-06
 Reference value :  1.03011e-06
 Reference value :  1.03348e-06
 Reference value :  1.03803e-06
 Reference value :  1.04034e-06
 Reference value :  1.04324e-06
 Reference value :  1.04695e-06
 Reference value :  1.05122e-06
 Reference value :  1.05301e-06
 Reference value :  1.05659e-06
 Reference value :  1.05973e-06
 Reference value :  1.06136e-06
 Reference value :  1.06291e-06
 Reference value :  1.06532e-06
 Reference value :  1.06829e-06
 Reference value :  1.07195e-06
 Reference value :  1.07526e-06
 Reference value :  1.07909e-06
 Reference value :  1.08128e-06
 Reference value :  1.08526e-06
 Reference value :  1.08852e-06
 Reference value :  1.09227e-06
 Reference value :  1.09399e-06
 Reference value :  1.09797e-06
 Reference value :  1.10035e-06
 Reference value :  1.10180e-06
 Reference value :  1.10334e-06
 Reference value :  1.10610e-06
 Reference value :  1.10914e-06
 Reference value :  1.11291e-06
 Reference value :  1.11689e-06
 Reference value :  1.11993e-06
 Reference value :  1.12239e-06
 Reference value :  1.12613e-06
 Reference value :  1.12979e-06
 Reference value :  1.13319e-06
 Reference value :  1.13586e-06
 Reference value :  1.13982e-06
 Reference value :  1.14152e-06
 Reference value :  1.14324e-06
 Reference value :  1.14626e-06
 Reference value :  1.14916e-06
 Reference value :  1.15307e-06
 Reference value :  1.15683e-06
 Reference value :  1.16024e-06
 Reference value :  1.16280e-06
 Reference value :  1.16660e-06
 Reference value :  1.17054e-06
 Reference value :  1.17365e-06
 Reference value :  1.17543e-06
 Reference value :  1.17956e-06
 Reference value :  1.18102e-06
 Reference value :  1.18279e-06
 Reference value :  1.18594e-06
 Reference value :  1.18799e-06
 Reference value :  1.19250e-06
 Reference value :  1.19583e-06
 Reference value :  1.19977e-06
 Reference value :  1.20185e-06
 Reference value :  1.20622e-06
 Reference value :  1.20951e-06
 Reference value :  1.21318e-06
 Reference value :  1.21477e-06
 Reference value :  1.21903e-06
 Reference value :  1.22087e-06
 Reference value :  1.22260e-06
 Reference value :  1.22437e-06
 Reference value :  1.22736e-06
 Reference value :  1.23020e-06
 Reference value :  1.23392e-06
 Reference value :  1.23810e-06
 Reference value :  1.24098e-06
 Reference value :  1.24456e-06
 Reference value :  1.24801e-06
 Reference value :  1.25239e-06
 Reference value :  1.25470e-06
 Reference value :  1.25708e-06
 Reference value :  1.26063e-06
 Reference value :  1.26223e-06
 Reference value :  1.26420e-06
 Reference value :  1.26756e-06
 Reference value :  1.27066e-06
 Reference value :  1.27421e-06
 Reference value :  1.27823e-06
 Reference value :  1.28098e-06
 Reference value :  1.28413e-06
 Reference value :  1.28785e-06
 Reference value :  1.29208e-06
 Reference value :  1.29472e-06
 Reference value :  1.29781e-06
 Reference value :  1.30099e-06
 Reference value :  1.30258e-06
 Reference value :  1.30433e-06
 Reference value :  1.30771e-06
 Reference value :  1.31059e-06
 Reference value :  1.31451e-06
 Reference value :  1.31883e-06
 Reference value :  1.32122e-06
 Reference value :  1.32421e-06
 Reference value :  1.32790e-06
 Reference value :  1.33223e-06
 Reference value :  1.33497e-06
 Reference value :  1.33671e-06
 Reference value :  1.34040e-06
 Reference value :  1.34196e-06
 Reference value :  1.34376e-06
 Reference value :  1.34712e-06
 Reference value :  1.34917e-06
 Reference value :  1.35323e-06
 Reference value :  1.35661e-06
 Reference value :  1.36049e-06
 Reference value :  1.36207e-06
 Reference value :  1.36654e-06
 Reference value :  1.37017e-06
 Reference value :  1.37417e-06
 Reference value :  1.37569e-06
 Reference value :  1.38001e-06
 Reference value :  1.38169e-06
 Reference value :  1.38342e-06
 Reference value :  1.38565e-06
 Reference value :  1.38855e-06
 Reference value :  1.39225e-06
 Reference value :  1.39555e-06
 Reference value :  1.39981e-06
 Reference value :  1.40163e-06
 Reference value :  1.40516e-06
 Reference value :  1.40877e-06
 Reference value :  1.41310e-06
 Reference value :  1.41561e-06
 Reference value :  1.41799e-06
 Reference value :  1.42116e-06
 Reference value :  1.42268e-06
 Reference value :  1.42442e-06
 Reference value :  1.42793e-06
 Reference value :  1.43096e-06
 Reference value :  1.43456e-06
 Reference value :  1.43785e-06
 Reference value :  1.44121e-06
 Reference value :  1.44388e-06
 Reference value :  1.44801e-06
 Reference value :  1.45136e-06
 Reference value :  1.45502e-06
 Reference value :  1.45779e-06
 Reference value :  1.46101e-06
 Reference value :  1.46238e-06
 Reference value :  1.46428e-06
 Reference value :  1.46769e-06
 Reference value :  1.46991e-06
 Reference value :  1.47423e-06
 Reference value :  1.47770e-06
 Reference value :  1.48080e-06
 Reference value :  1.48264e-06
 Reference value :  1.48725e-06
 Reference value :  1.49103e-06
 Reference value :  1.49488e-06
 Reference value :  1.49655e-06
 Reference value :  1.49929e-06
 Reference value :  1.50143e-06
 Reference value :  1.50309e-06
 Reference value :  1.50483e-06
 Reference value :  1.50841e-06
 Reference value :  1.51135e-06
 Reference value :  1.51508e-06
 Reference value :  1.51855e-06
 Reference value :  1.52152e-06
 Reference value :  1.52419e-06
 Reference value :  1.52823e-06
 Reference value :  1.53145e-06
 Reference value :  1.53525e-06
 Reference value :  1.53748e-06
 Reference value :  1.54058e-06
 Reference value :  1.54250e-06
 Reference value :  1.54429e-06
 Reference value :  1.54692e-06
 Reference value :  1.54937e-06
 Reference value :  1.55351e-06
 Reference value :  1.55697e-06
 Reference value :  1.56057e-06
 Reference value :  1.56254e-06
 Reference value :  1.56675e-06
 Reference value :  1.57040e-06
 Reference value :  1.57496e-06
 Reference value :  1.57652e-06
 Reference value :  1.57974e-06
 Reference value :  1.58204e-06
 Reference value :  1.58360e-06
 Reference value :  1.58553e-06
 Reference value :  1.58900e-06
 Reference value :  1.59185e-06
 Reference value :  1.59540e-06
 Reference value :  1.59861e-06
 Reference value :  1.60180e-06
 Reference value :  1.60467e-06
 Reference value :  1.60855e-06
 Reference value :  1.61181e-06
 Reference value :  1.61561e-06
 Reference value :  1.61816e-06
 Reference value :  1.62103e-06
 Reference value :  1.62285e-06
 Reference value :  1.62473e-06
 Reference value :  1.62755e-06
 Reference value :  1.62961e-06
 Reference value :  1.63375e-06
 Reference value :  1.63679e-06
 Reference value :  1.64041e-06
 Reference value :  1.64257e-06
 Reference value :  1.64609e-06
 Reference value :  1.64982e-06
 Reference value :  1.65431e-06
 Reference value :  1.65661e-06
 Reference value :  1.65868e-06
 Reference value :  1.66162e-06
 Reference value :  1.66317e-06
 Reference value :  1.66505e-06
 Reference value :  1.66859e-06
 Reference value :  1.67083e-06
 Reference value :  1.67515e-06
 Reference value :  1.67831e-06
 Reference value :  1.68122e-06
 Reference value :  1.68338e-06
 Reference value :  1.68799e-06
 Reference value :  1.69171e-06
 Reference value :  1.69545e-06
 Reference value :  1.69734e-06
 Reference value :  1.70063e-06
 Reference value :  1.70286e-06
 Reference value :  1.70454e-06
 Reference value :  1.70685e-06
 Reference value :  1.70961e-06
 Reference value :  1.71351e-06
 Reference value :  1.71727e-06
 Reference value :  1.72049e-06
 Reference value :  1.72286e-06
 Reference value :  1.72680e-06
 Reference value :  1.73051e-06
 Reference value :  1.73523e-06
 Reference value :  1.73719e-06
 Reference value :  1.74008e-06
 Reference value :  1.74223e-06
 Reference value :  1.74375e-06
 Reference value :  1.74550e-06
 Reference value :  1.74904e-06
 Reference value :  1.75187e-06
 Reference value :  1.75563e-06
 Reference value :  1.75904e-06
 Reference value :  1.76228e-06
 Reference value :  1.76538e-06
 Reference value :  1.76920e-06
 Reference value :  1.77264e-06
 Reference value :  1.77621e-06
 Reference value :  1.77880e-06
 Reference value :  1.78163e-06
 Reference value :  1.78326e-06
 Reference value :  1.78508e-06
 Reference value :  1.78793e-06
 Reference value :  1.79010e-06
 Reference value :  1.79431e-06
 Reference value :  1.79765e-06
 Reference value :  1.80067e-06
 Reference value :  1.80302e-06
 Reference value :  1.80695e-06
 Reference value :  1.81046e-06
 Reference value :  1.81495e-06
 Reference value :  1.81690e-06
 Reference value :  1.81905e-06
 Reference value :  1.82212e-06
 Reference value :  1.82361e-06
 Reference value :  1.82546e-06
 Reference value :  1.82893e-06
 Reference value :  1.83121e-06
 Reference value :  1.83553e-06
 Reference value :  1.83886e-06
 Reference value :  1.84185e-06
 Reference value :  1.84438e-06
 Reference value :  1.84883e-06
 Reference value :  1.85204e-06
 Reference value :  1.85578e-06
 Reference value :  1.85734e-06
 Reference value :  1.86070e-06
 Reference value :  1.86297e-06
 Reference value :  1.86453e-06
 Reference value :  1.86639e-06
 Reference value :  1.86984e-06
 Reference value :  1.87300e-06
 Reference value :  1.87667e-06
 Reference value :  1.88040e-06
 Reference value :  1.88296e-06
 Reference value :  1.88617e-06
 Reference value :  1.88971e-06
 Reference value :  1.89396e-06
 Reference value :  1.89669e-06
 Reference value :  1.89924e-06
 Reference value :  1.90231e-06
 Reference value :  1.90378e-06
 Reference value :  1.90562e-06
 Reference value :  1.90913e-06
 Reference value :  1.91182e-06
 Reference value :  1.91572e-06
 Reference value :  1.91913e-06
 Reference value :  1.92205e-06
 Reference value :  1.92489e-06
 Reference value :  1.92901e-06
 Reference value :  1.93227e-06
 Reference value :  1.93598e-06
 Reference value :  1.93820e-06
 Reference value :  1.94101e-06
 Reference value :  1.94315e-06
 Reference value :  1.94488e-06
 Reference value :  1.94655e-06
 Reference value :  1.94985e-06
 Reference value :  1.95281e-06
 Reference value :  1.95649e-06
 Reference value :  1.96027e-06
 Reference value :  1.96277e-06
 Reference value :  1.96579e-06
 Reference value :  1.96973e-06
 Reference value :  1.97348e-06
 Reference value :  1.97669e-06
 Reference value :  1.97840e-06
 Reference value :  1.98083e-06
 Reference value :  1.98310e-06
 Reference value :  1.98473e-06
 Reference value :  1.98650e-06
 Reference value :  1.98991e-06
 Reference value :  1.99339e-06
 Reference value :  1.99697e-06
 Reference value :  2.00045e-06
 Reference value :  2.00302e-06
 Reference value :  2.00624e-06
 Reference value :  2.00988e-06
 Reference value :  2.01425e-06
 Reference value :  2.01700e-06
 Reference value :  2.02003e-06
 Reference value :  2.02261e-06
 Reference value :  2.02424e-06
 Reference value :  2.02594e-06
 Reference value :  2.02952e-06
 Reference value :  2.03243e-06
 Reference value :  2.03619e-06
 Reference value :  2.03955e-06
 Reference value :  2.04262e-06
 Reference value :  2.04571e-06
 Reference value :  2.04939e-06
 Reference value :  2.05270e-06
 Reference value :  2.05645e-06
 Reference value :  2.05879e-06
 Reference value :  2.06143e-06
 Reference value :  2.06363e-06
 Reference value :  2.06547e-06
 Reference value :  2.06827e-06
 Reference value :  2.07037e-06
 Reference value :  2.07475e-06
 Reference value :  2.07782e-06
 Reference value :  2.08100e-06
 Reference value :  2.08349e-06
 Reference value :  2.08756e-06
 Reference value :  2.09091e-06
 Reference value :  2.09550e-06
 Reference value :  2.09729e-06
 Reference value :  2.10045e-06
 Reference value :  2.10299e-06
 Reference value :  2.10448e-06
 Reference value :  2.10627e-06
 Reference value :  2.10971e-06
 Reference value :  2.11255e-06
 Reference value :  2.11623e-06
 Reference value :  2.11984e-06
 Reference value :  2.12273e-06
 Reference value :  2.12588e-06
 Reference value :  2.12950e-06
 Reference value :  2.13282e-06
 Reference value :  2.13651e-06
 Reference value :  2.13819e-06
 Reference value :  2.14070e-06
 Reference value :  2.14323e-06
 Reference value :  2.14499e-06
 Reference value :  2.14697e-06
 Reference value :  2.15011e-06
 Reference value :  2.15351e-06
 Reference value :  2.15679e-06
 Reference value :  2.16042e-06
 Reference value :  2.16309e-06
 Reference value :  2.16634e-06
 Reference value :  2.17000e-06
 Reference value :  2.17446e-06
 Reference value :  2.17710e-06
 Reference value :  2.18007e-06
 Reference value :  2.18277e-06
 Reference value :  2.18424e-06
 Reference value :  2.18598e-06
 Reference value :  2.18941e-06
 Reference value :  2.19236e-06
 Reference value :  2.19609e-06
 Reference value :  2.19936e-06
 Reference value :  2.20255e-06
 Reference value :  2.20536e-06
 Reference value :  2.20935e-06
 Reference value :  2.21269e-06
 Reference value :  2.21643e-06
 Reference value :  2.21842e-06
 Reference value :  2.22112e-06
 Reference value :  2.22359e-06
 Reference value :  2.22532e-06
 Reference value :  2.22807e-06
 Reference value :  2.23058e-06
 Reference value :  2.23494e-06
 Reference value :  2.23823e-06
 Reference value :  2.24120e-06
 Reference value :  2.24363e-06
 Reference value :  2.24786e-06
 Reference value :  2.25141e-06
 Reference value :  2.25600e-06
 Reference value :  2.25754e-06
 Reference value :  2.26051e-06
 Reference value :  2.26308e-06
 Reference value :  2.26452e-06
 Reference value :  2.26632e-06
 Reference value :  2.26982e-06
 Reference value :  2.27271e-06
 Reference value :  2.27649e-06
 Reference value :  2.28034e-06
 Reference value :  2.28303e-06
 Reference value :  2.28611e-06
 Reference value :  2.28989e-06
 Reference value :  2.29372e-06
 Reference value :  2.29704e-06
 Reference value :  2.29877e-06
 Reference value :  2.30123e-06
 Reference value :  2.30360e-06
 Reference value :  2.30549e-06
 Reference value :  2.30843e-06
 Reference value :  2.31048e-06
 Reference value :  2.31456e-06
 Reference value :  2.31763e-06
 Reference value :  2.32090e-06
 Reference value :  2.32360e-06
 Reference value :  2.32764e-06
 Reference value :  2.33097e-06
 Reference value :  2.33547e-06
 Reference value :  2.33738e-06
 Reference value :  2.34035e-06
 Reference value :  2.34303e-06
 Reference value :  2.34460e-06
 Reference value :  2.34664e-06
 Reference value :  2.35011e-06
 Reference value :  2.35337e-06
 Reference value :  2.35716e-06
 Reference value :  2.36073e-06
 Reference value :  2.36346e-06
 Reference value :  2.36723e-06
 Reference value :  2.37085e-06
 Reference value :  2.37575e-06
 Reference value :  2.37749e-06
 Reference value :  2.38007e-06
 Reference value :  2.38286e-06
 Reference value :  2.38437e-06
 Reference value :  2.38613e-06
 Reference value :  2.38969e-06
 Reference value :  2.39256e-06
 Reference value :  2.39623e-06
 Reference value :  2.39941e-06
 Reference value :  2.40255e-06
 Reference value :  2.40500e-06
 Reference value :  2.40939e-06
 Reference value :  2.41287e-06
 Reference value :  2.41661e-06
 Reference value :  2.41933e-06
 Reference value :  2.42180e-06
 Reference value :  2.42383e-06
 Reference value :  2.42576e-06
 Reference value :  2.42900e-06
 Reference value :  2.43192e-06
 Reference value :  2.43609e-06
 Reference value :  2.43935e-06
 Reference value :  2.44225e-06
 Reference value :  2.44500e-06
 Reference value :  2.44927e-06
 Reference value :  2.45263e-06
 Reference value :  2.45640e-06
 Reference value :  2.45805e-06
 Reference value :  2.46051e-06
 Reference value :  2.46321e-06
 Reference value :  2.46490e-06
 Reference value :  2.46659e-06
 Reference value :  2.46995e-06
 Reference value :  2.47281e-06
 Reference value :  2.47653e-06
 Reference value :  2.48019e-06
 Reference value :  2.48303e-06
 Reference value :  2.48606e-06
 Reference value :  2.48992e-06
 Reference value :  2.49345e-06
 Reference value :  2.49690e-06
 Reference value :  2.49947e-06
 Reference value :  2.50242e-06
 Reference value :  2.50399e-06
 Reference value :  2.50582e-06
 Reference value :  2.50896e-06
 Reference value :  2.51073e-06
 Reference value :  2.51501e-06
 Reference value :  2.51867e-06
 Reference value :  2.52141e-06
 Reference value :  2.52404e-06
 Reference value :  2.52875e-06
 Reference value :  2.53227e-06
 Reference value :  2.53611e-06
 Reference value :  2.53799e-06
 Reference value :  2.54063e-06
 Reference value :  2.54323e-06
 Reference value :  2.54471e-06
 Reference value :  2.54648e-06
 Reference value :  2.54986e-06
 Reference value :  2.55275e-06
 Reference value :  2.55637e-06
 Reference value :  2.55986e-06
 Reference value :  2.56289e-06
 Reference value :  2.56598e-06
 Reference value :  2.56978e-06
 Reference value :  2.57345e-06
 Reference value :  2.57684e-06
 Reference value :  2.57950e-06
 Reference value :  2.58242e-06
 Reference value :  2.58392e-06
 Reference value :  2.58591e-06
 Reference value :  2.58946e-06
 Reference value :  2.59238e-06
 Reference value :  2.59615e-06
 Reference value :  2.59932e-06
 Reference value :  2.60245e-06
 Reference value :  2.60515e-06
 Reference value :  2.60942e-06
 Reference value :  2.61273e-06
 Reference value :  2.61657e-06
 Reference value :  2.61834e-06
 Reference value :  2.62063e-06
 Reference value :  2.62327e-06
 Reference value :  2.62477e-06
 Reference value :  2.62653e-06
 Reference value :  2.62996e-06
 Reference value :  2.63279e-06
 Reference value :  2.63656e-06
 Reference value :  2.64034e-06
 Reference value :  2.64322e-06
 Reference value :  2.64631e-06
 Reference value :  2.65011e-06
 Reference value :  2.65427e-06
 Reference value :  2.65709e-06
 Reference value :  2.65990e-06
 Reference value :  2.66279e-06
 Reference value :  2.66411e-06
 Reference value :  2.66601e-06
 Reference value :  2.66954e-06
 Reference value :  2.67217e-06
 Reference value :  2.67614e-06
 Reference value :  2.67936e-06
 Reference value :  2.68255e-06
 Reference value :  2.68526e-06
 Reference value :  2.68942e-06
 Reference value :  2.69264e-06
 Reference value :  2.69641e-06
 Reference value :  2.69807e-06
 Reference value :  2.70076e-06
 Reference value :  2.70332e-06
 Reference value :  2.70483e-06
 Reference value :  2.70659e-06
 Reference value :  2.70996e-06
 Reference value :  2.71279e-06
 Reference value :  2.71657e-06
 Reference value :  2.72034e-06
 Reference value :  2.72322e-06
 Reference value :  2.72631e-06
 Reference value :  2.73011e-06
 Reference value :  2.73458e-06
 Reference value :  2.73729e-06
 Reference value :  2.74021e-06
 Reference value :  2.74295e-06
 Reference value :  2.74445e-06
 Reference value :  2.74630e-06
 Reference value :  2.74988e-06
 Reference value :  2.75298e-06
 Reference value :  2.75677e-06
 Reference value :  2.76045e-06
 Reference value :  2.76331e-06
 Reference value :  2.76657e-06
 Reference value :  2.77029e-06
 Reference value :  2.77488e-06
 Reference value :  2.77742e-06
 Reference value :  2.77947e-06
 Reference value :  2.78212e-06
 Reference value :  2.78388e-06
 Reference value :  2.78582e-06
 Reference value :  2.78887e-06
 Reference value :  2.79060e-06
 Reference value :  2.79471e-06
 Reference value :  2.79818e-06
 Reference value :  2.80121e-06
 Reference value :  2.80375e-06
 Reference value :  2.80817e-06
 Reference value :  2.81189e-06
 Reference value :  2.81612e-06
 Reference value :  2.81778e-06
 Reference value :  2.82070e-06
 Reference value :  2.82325e-06
 Reference value :  2.82488e-06
 Reference value :  2.82679e-06
 Reference value :  2.83020e-06
 Reference value :  2.83341e-06
 Reference value :  2.83684e-06
 Reference value :  2.84042e-06
 Reference value :  2.84330e-06
 Reference value :  2.84645e-06
 Reference value :  2.85016e-06
 Reference value :  2.85455e-06
 Reference value :  2.85718e-06
 Reference value :  2.85955e-06
 Reference value :  2.86252e-06
 Reference value :  2.86390e-06
 Reference value :  2.86582e-06
 Reference value :  2.86917e-06
 Reference value :  2.87121e-06
 Reference value :  2.87565e-06
 Reference value :  2.87890e-06
 Reference value :  2.88147e-06
 Reference value :  2.88414e-06
 Reference value :  2.88885e-06
 Reference value :  2.89227e-06
 Reference value :  2.89612e-06
 Reference value :  2.89822e-06
 Reference value :  2.90091e-06
 Reference value :  2.90354e-06
 Reference value :  2.90519e-06
 Reference value :  2.90730e-06
 Reference value :  2.91031e-06
 Reference value :  2.91393e-06
 Reference value :  2.91767e-06
 Reference value :  2.92090e-06
 Reference value :  2.92360e-06
 Reference value :  2.92755e-06
 Reference value :  2.93117e-06
 Reference value :  2.93562e-06
 Reference value :  2.93754e-06
 Reference value :  2.93952e-06
 Reference value :  2.94252e-06
 Reference value :  2.94404e-06
 Reference value :  2.94592e-06
 Reference value :  2.94934e-06
 Reference value :  2.95133e-06
 Reference value :  2.95572e-06
 Reference value :  2.95919e-06
 Reference value :  2.96165e-06
 Reference value :  2.96434e-06
 Reference value :  2.96894e-06
 Reference value :  2.97254e-06
 Reference value :  2.97628e-06
 Reference value :  2.97828e-06
 Reference value :  2.98112e-06
 Reference value :  2.98356e-06
 Reference value :  2.98526e-06
 Reference value :  2.98695e-06
 Reference value :  2.99016e-06
 Reference value :  2.99322e-06
 Reference value :  2.99687e-06
 Reference value :  3.00049e-06
 Reference value :  3.00333e-06
 Reference value :  3.00674e-06
 Reference value :  3.01020e-06
 Reference value :  3.01433e-06
 Reference value :  3.01707e-06
 Reference value :  3.01941e-06
 Reference value :  3.02246e-06
 Reference value :  3.02398e-06
 Reference value :  3.02590e-06
 Reference value :  3.02943e-06
 Reference value :  3.03198e-06
 Reference value :  3.03614e-06
 Reference value :  3.03934e-06
 Reference value :  3.04250e-06
 Reference value :  3.04493e-06
 Reference value :  3.04930e-06
 Reference value :  3.05263e-06
 Reference value :  3.05652e-06
 Reference value :  3.05892e-06
 Reference value :  3.06176e-06
 Reference value :  3.06386e-06
 Reference value :  3.06578e-06
 Reference value :  3.06926e-06
 Reference value :  3.07125e-06
 Reference value :  3.07521e-06
 Reference value :  3.07895e-06
 Reference value :  3.08162e-06
 Reference value :  3.08395e-06
 Reference value :  3.08881e-06
 Reference value :  3.09212e-06
 Reference value :  3.09606e-06
 Reference value :  3.09785e-06
 Reference value :  3.10015e-06
 Reference value :  3.10302e-06
 Reference value :  3.10447e-06
 Reference value :  3.10623e-06
 Reference value :  3.10952e-06
 Reference value :  3.11216e-06
 Reference value :  3.11618e-06
 Reference value :  3.11952e-06
 Reference value :  3.12277e-06
 Reference value :  3.12577e-06
 Reference value :  3.12946e-06
 Reference value :  3.13288e-06
 Reference value :  3.13657e-06
 Reference value :  3.13891e-06
 Reference value :  3.14176e-06
 Reference value :  3.14386e-06
 Reference value :  3.14578e-06
 Reference value :  3.14926e-06
 Reference value :  3.15173e-06
 Reference value :  3.15603e-06
 Reference value :  3.15926e-06
 Reference value :  3.16180e-06
 Reference value :  3.16431e-06
 Reference value :  3.16893e-06
 Reference value :  3.17254e-06
 Reference value :  3.17658e-06
 Reference value :  3.17857e-06
 Reference value :  3.18151e-06
 Reference value :  3.18379e-06
 Reference value :  3.18569e-06
 Reference value :  3.18895e-06
 Reference value :  3.19069e-06
 Reference value :  3.19481e-06
 Reference value :  3.19817e-06
 Reference value :  3.20145e-06
 Reference value :  3.20383e-06
 Reference value :  3.20809e-06
 Reference value :  3.21159e-06
 Reference value :  3.21608e-06
 Reference value :  3.21771e-06
 Reference value :  3.22115e-06
 Reference value :  3.22342e-06
 Reference value :  3.22500e-06
 Reference value :  3.22678e-06
 Reference value :  3.23019e-06
 Reference value :  3.23304e-06
 Reference value :  3.23681e-06
 Reference value :  3.24035e-06
 Reference value :  3.24326e-06
 Reference value :  3.24624e-06
 Reference value :  3.24991e-06
 Reference value :  3.25371e-06
 Reference value :  3.25715e-06
 Reference value :  3.25888e-06
 Reference value :  3.26163e-06
 Reference value :  3.26379e-06
 Reference value :  3.26555e-06
 Reference value :  3.26802e-06
 Reference value :  3.27069e-06
 Reference value :  3.27500e-06
 Reference value :  3.27907e-06
 Reference value :  3.28200e-06
 Reference value :  3.28463e-06
 Reference value :  3.28911e-06
 Reference value :  3.29246e-06
 Reference value :  3.29637e-06
 Reference value :  3.29795e-06
 Reference value :  3.30135e-06
 Reference value :  3.30364e-06
 Reference value :  3.30529e-06
 Reference value :  3.30730e-06
 Reference value :  3.31038e-06
 Reference value :  3.31315e-06
 Reference value :  3.31689e-06
 Reference value :  3.32075e-06
 Reference value :  3.32350e-06
 Reference value :  3.32660e-06
 Reference value :  3.33027e-06
 Reference value :  3.33460e-06
 Reference value :  3.33737e-06
 Reference value :  3.33974e-06
 Reference value :  3.34282e-06
 Reference value :  3.34422e-06
 Reference value :  3.34610e-06
 Reference value :  3.34960e-06
 Reference value :  3.35210e-06
 Reference value :  3.35606e-06
 Reference value :  3.35913e-06
 Reference value :  3.36210e-06
 Reference value :  3.36480e-06
 Reference value :  3.36941e-06
 Reference value :  3.37289e-06
 Reference value :  3.37671e-06
 Reference value :  3.37909e-06
 Reference value :  3.38176e-06
 Reference value :  3.38399e-06
 Reference value :  3.38595e-06
 Reference value :  3.38905e-06
 Reference value :  3.39121e-06
 Reference value :  3.39542e-06
 Reference value :  3.39938e-06
 Reference value :  3.40240e-06
 Reference value :  3.40483e-06
 Reference value :  3.40930e-06
 Reference value :  3.41289e-06
 Reference value :  3.41659e-06
 Reference value :  3.41827e-06
 Reference value :  3.42035e-06
 Reference value :  3.42320e-06
 Reference value :  3.42475e-06
 Reference value :  3.42655e-06
 Reference value :  3.43016e-06
 Reference value :  3.43306e-06
 Reference value :  3.43679e-06
 Reference value :  3.43995e-06
 Reference value :  3.44319e-06
 Reference value :  3.44630e-06
 Reference value :  3.45010e-06
 Reference value :  3.45342e-06
 Reference value :  3.45724e-06
 Reference value :  3.45971e-06
 Reference value :  3.46265e-06
 Reference value :  3.46414e-06
 Reference value :  3.46606e-06
 Reference value :  3.46915e-06
 Reference value :  3.47152e-06
 Reference value :  3.47528e-06
 Reference value :  3.47848e-06
 Reference value :  3.48149e-06
 Reference value :  3.48408e-06
 Reference value :  3.48821e-06
 Reference value :  3.49176e-06
 Reference value :  3.49623e-06
 Reference value :  3.49805e-06
 Reference value :  3.50101e-06
 Reference value :  3.50341e-06
 Reference value :  3.50494e-06
 Reference value :  3.50677e-06
 Reference value :  3.51024e-06
 Reference value :  3.51332e-06
 Reference value :  3.51709e-06
 Reference value :  3.52065e-06
 Reference value :  3.52361e-06
 Reference value :  3.52673e-06
 Reference value :  3.53040e-06
 Reference value :  3.53448e-06
 Reference value :  3.53740e-06
 Reference value :  3.53992e-06
 Reference value :  3.54290e-06
 Reference value :  3.54434e-06
 Reference value :  3.54625e-06
 Reference value :  3.54971e-06
 Reference value :  3.55187e-06
 Reference value :  3.55598e-06
 Reference value :  3.55955e-06
 Reference value :  3.56210e-06
 Reference value :  3.56479e-06
 Reference value :  3.56951e-06
 Reference value :  3.57302e-06
 Reference value :  3.57672e-06
 Reference value :  3.57843e-06
 Reference value :  3.58065e-06
 Reference value :  3.58330e-06
 Reference value :  3.58480e-06
 Reference value :  3.58652e-06
 Reference value :  3.59000e-06
 Reference value :  3.59297e-06
 Reference value :  3.59657e-06
 Reference value :  3.59998e-06
 Reference value :  3.60327e-06
 Reference value :  3.60612e-06
 Reference value :  3.60992e-06
 Reference value :  3.61324e-06
 Reference value :  3.61700e-06
 Reference value :  3.61928e-06
 Reference value :  3.62201e-06
 Reference value :  3.62410e-06
 Reference value :  3.62582e-06
 Reference value :  3.62827e-06
 Reference value :  3.63095e-06
 Reference value :  3.63474e-06
 Reference value :  3.63813e-06
 Reference value :  3.64140e-06
 Reference value :  3.64402e-06
 Reference value :  3.64749e-06
 Reference value :  3.65089e-06
 Reference value :  3.65538e-06
 Reference value :  3.65784e-06
 Reference value :  3.66002e-06
 Reference value :  3.66290e-06
 Reference value :  3.66453e-06
 Reference value :  3.66644e-06
 Reference value :  3.66986e-06
 Reference value :  3.67206e-06
 Reference value :  3.67659e-06
 Reference value :  3.67995e-06
 Reference value :  3.68310e-06
 Reference value :  3.68590e-06
 Reference value :  3.69001e-06
 Reference value :  3.69332e-06
 Reference value :  3.69710e-06
 Reference value :  3.69978e-06
 Reference value :  3.70236e-06
 Reference value :  3.70425e-06
 Reference value :  3.70605e-06
 Reference value :  3.70876e-06
 Reference value :  3.71103e-06
 Reference value :  3.71479e-06
 Reference value :  3.71797e-06
 Reference value :  3.72134e-06
 Reference value :  3.72400e-06
 Reference value :  3.72761e-06
 Reference value :  3.73159e-06
 Reference value :  3.73632e-06
 Reference value :  3.73813e-06
 Reference value :  3.74021e-06
 Reference value :  3.74331e-06
 Reference value :  3.74482e-06
 Reference value :  3.74658e-06
 Reference value :  3.75011e-06
 Reference value :  3.75294e-06
 Reference value :  3.75672e-06
 Reference value :  3.75991e-06
 Reference value :  3.76330e-06
 Reference value :  3.76585e-06
 Reference value :  3.77011e-06
 Reference value :  3.77331e-06
 Reference value :  3.77711e-06
 Reference value :  3.77949e-06
 Reference value :  3.78226e-06
 Reference value :  3.78433e-06
 Reference value :  3.78616e-06
 Reference value :  3.78900e-06
 Reference value :  3.79112e-06
 Reference value :  3.79505e-06
 Reference value :  3.79861e-06
 Reference value :  3.80167e-06
 Reference value :  3.80442e-06
 Reference value :  3.80868e-06
 Reference value :  3.81232e-06
 Reference value :  3.81677e-06
 Reference value :  3.81842e-06
 Reference value :  3.82127e-06
 Reference value :  3.82382e-06
 Reference value :  3.82529e-06
 Reference value :  3.82721e-06
 Reference value :  3.83079e-06
 Reference value :  3.83380e-06
 Reference value :  3.83745e-06
 Reference value :  3.84095e-06
 Reference value :  3.84381e-06
 Reference value :  3.84680e-06
 Reference value :  3.85052e-06
 Reference value :  3.85432e-06
 Reference value :  3.85765e-06
 Reference value :  3.86018e-06
 Reference value :  3.86311e-06
 Reference value :  3.86469e-06
 Reference value :  3.86660e-06
 Reference value :  3.87014e-06
 Reference value :  3.87245e-06
 Reference value :  3.87678e-06
 Reference value :  3.88005e-06
 Reference value :  3.88340e-06
 Reference value :  3.88603e-06
 Reference value :  3.89008e-06
 Reference value :  3.89342e-06
 Reference value :  3.89727e-06
 Reference value :  3.89910e-06
 Reference value :  3.90135e-06
 Reference value :  3.90388e-06
 Reference value :  3.90552e-06
 Reference value :  3.90724e-06
 Reference value :  3.91082e-06
 Reference value :  3.91389e-06
 Reference value :  3.91748e-06
 Reference value :  3.92105e-06
 Reference value :  3.92393e-06
 Reference value :  3.92702e-06
 Reference value :  3.93079e-06
 Reference value :  3.93495e-06
 Reference value :  3.93783e-06
 Reference value :  3.94027e-06
 Reference value :  3.94341e-06
 Reference value :  3.94499e-06
 Reference value :  3.94672e-06
 Reference value :  3.95017e-06
 Reference value :  3.95295e-06
 Reference value :  3.95685e-06
 Reference value :  3.96022e-06
 Reference value :  3.96346e-06
 Reference value :  3.96615e-06
 Reference value :  3.97026e-06
 Reference value :  3.97355e-06
 Reference value :  3.97731e-06
 Reference value :  3.97950e-06
 Reference value :  3.98218e-06
 Reference value :  3.98435e-06
 Reference value :  3.98603e-06
 Reference value :  3.98869e-06
 Reference value :  3.99112e-06
 Reference value :  3.99521e-06
 Reference value :  3.99852e-06
 Reference value :  4.00162e-06
 Reference value :  4.00440e-06
 Reference value :  4.00836e-06
 Reference value :  4.01181e-06
 Reference value :  4.01600e-06
 Reference value :  4.01815e-06
 Reference value :  4.02121e-06
 Reference value :  4.02379e-06
 Reference value :  4.02533e-06
 Reference value :  4.02721e-06
 Reference value :  4.03071e-06
 Reference value :  4.03373e-06
 Reference value :  4.03748e-06
 Reference value :  4.04084e-06
 Reference value :  4.04394e-06
 Reference value :  4.04695e-06
 Reference value :  4.05087e-06
 Reference value :  4.05513e-06
 Reference value :  4.05794e-06
 Reference value :  4.06001e-06
 Reference value :  4.06282e-06
 Reference value :  4.06461e-06
 Reference value :  4.06661e-06
 Reference value :  4.07013e-06
 Reference value :  4.07248e-06
 Reference value :  4.07675e-06
 Reference value :  4.08002e-06
 Reference value :  4.08250e-06
 Reference value :  4.08501e-06
 Reference value :  4.08963e-06
 Reference value :  4.09294e-06
 Reference value :  4.09693e-06
 Reference value :  4.09842e-06
 Reference value :  4.10145e-06
 Reference value :  4.10403e-06
 Reference value :  4.10553e-06
 Reference value :  4.10724e-06
 Reference value :  4.11065e-06
 Reference value :  4.11354e-06
 Reference value :  4.11730e-06
 Reference value :  4.12054e-06
 Reference value :  4.12377e-06
 Reference value :  4.12674e-06
 Reference value :  4.13050e-06
 Reference value :  4.13382e-06
 Reference value :  4.13747e-06
 Reference value :  4.13955e-06
 Reference value :  4.14210e-06
 Reference value :  4.14436e-06
 Reference value :  4.14604e-06
 Reference value :  4.14854e-06
 Reference value :  4.15115e-06
 Reference value :  4.15524e-06
 Reference value :  4.15856e-06
 Reference value :  4.16167e-06
 Reference value :  4.16448e-06
 Reference value :  4.16861e-06
 Reference value :  4.17195e-06
 Reference value :  4.17654e-06
 Reference value :  4.17827e-06
 Reference value :  4.18120e-06
 Reference value :  4.18378e-06
 Reference value :  4.18534e-06
 Reference value :  4.18704e-06
 Reference value :  4.19064e-06
 Reference value :  4.19355e-06
 Reference value :  4.19740e-06
 Reference value :  4.20089e-06
 Reference value :  4.20387e-06
 Reference value :  4.20695e-06
 Reference value :  4.21082e-06
 Reference value :  4.21508e-06
 Reference value :  4.21808e-06
 Reference value :  4.21983e-06
 Reference value :  4.22246e-06
 Reference value :  4.22447e-06
 Reference value :  4.22645e-06
 Reference value :  4.22918e-06
 Reference value :  4.23133e-06
 Reference value :  4.23596e-06
 Reference value :  4.23980e-06
 Reference value :  4.24280e-06
 Reference value :  4.24532e-06
 Reference value :  4.24981e-06
 Reference value :  4.25298e-06
 Reference value :  4.25708e-06
 Reference value :  4.25949e-06
 Reference value :  4.26210e-06
 Reference value :  4.26436e-06
 Reference value :  4.26602e-06
 Reference value :  4.26816e-06
 Reference value :  4.27118e-06
 Reference value :  4.27487e-06
 Reference value :  4.27821e-06
 Reference value :  4.28141e-06
 Reference value :  4.28421e-06
 Reference value :  4.28760e-06
 Reference value :  4.29130e-06
 Reference value :  4.29588e-06
 Reference value :  4.29820e-06
 Reference value :  4.30038e-06
 Reference value :  4.30351e-06
 Reference value :  4.30491e-06
 Reference value :  4.30674e-06
 Reference value :  4.31013e-06
 Reference value :  4.31204e-06
 Reference value :  4.31611e-06
 Reference value :  4.31949e-06
 Reference value :  4.32230e-06
 Reference value :  4.32473e-06
 Reference value :  4.32910e-06
 Reference value :  4.33300e-06
 Reference value :  4.33693e-06
 Reference value :  4.33862e-06
 Reference value :  4.34170e-06
 Reference value :  4.34417e-06
 Reference value :  4.34568e-06
 Reference value :  4.34771e-06
 Reference value :  4.35109e-06
 Reference value :  4.35440e-06
 Reference value :  4.35764e-06
 Reference value :  4.36127e-06
 Reference value :  4.36406e-06
 Reference value :  4.36733e-06
 Reference value :  4.37091e-06
 Reference value :  4.37526e-06
 Reference value :  4.37805e-06
 Reference value :  4.38005e-06
 Reference value :  4.38282e-06
 Reference value :  4.38459e-06
 Reference value :  4.38646e-06
 Reference value :  4.38925e-06
 Reference value :  4.39131e-06
 Reference value :  4.39512e-06
 Reference value :  4.39859e-06
 Reference value :  4.40173e-06
 Reference value :  4.40448e-06
 Reference value :  4.40870e-06
 Reference value :  4.41250e-06
 Reference value :  4.41677e-06
 Reference value :  4.41846e-06
 Reference value :  4.42140e-06
 Reference value :  4.42398e-06
 Reference value :  4.42556e-06
 Reference value :  4.42727e-06
 Reference value :  4.43065e-06
 Reference value :  4.43350e-06
 Reference value :  4.43728e-06
 Reference value :  4.44065e-06
 Reference value :  4.44383e-06
 Reference value :  4.44686e-06
 Reference value :  4.45064e-06
 Reference value :  4.45468e-06
 Reference value :  4.45788e-06
 Reference value :  4.46020e-06
 Reference value :  4.46297e-06
 Reference value :  4.46469e-06
 Reference value :  4.46660e-06
 Reference value :  4.46977e-06
 Reference value :  4.47146e-06
 Reference value :  4.47586e-06
 Reference value :  4.47901e-06
 Reference value :  4.48157e-06
 Reference value :  4.48437e-06
 Reference value :  4.48841e-06
 Reference value :  4.49147e-06
 Reference value :  4.49597e-06
 Reference value :  4.49821e-06
 Reference value :  4.50121e-06
 Reference value :  4.50385e-06
 Reference value :  4.50541e-06
 Reference value :  4.50714e-06
 Reference value :  4.51069e-06
 Reference value :  4.51368e-06
 Reference value :  4.51753e-06
 Reference value :  4.52095e-06
 Reference value :  4.52392e-06
 Reference value :  4.52700e-06
 Reference value :  4.53072e-06
 Reference value :  4.53466e-06
 Reference value :  4.53779e-06
 Reference value :  4.53948e-06
 Reference value :  4.54170e-06
 Reference value :  4.54416e-06
 Reference value :  4.54568e-06
 Reference value :  4.54760e-06
 Reference value :  4.55095e-06
 Reference value :  4.55389e-06
 Reference value :  4.55745e-06
 Reference value :  4.56121e-06
 Reference value :  4.56401e-06
 Reference value :  4.56712e-06
 Reference value :  4.57088e-06
 Reference value :  4.57528e-06
 Reference value :  4.57802e-06
 Reference value :  4.58056e-06
 Reference value :  4.58357e-06
 Reference value :  4.58502e-06
 Reference value :  4.58680e-06
 Reference value :  4.59030e-06
 Reference value :  4.59301e-06
 Reference value :  4.59684e-06
 Reference value :  4.60021e-06
 Reference value :  4.60357e-06
 Reference value :  4.60633e-06
 Reference value :  4.61028e-06
 Reference value :  4.61367e-06
 Reference value :  4.61741e-06
 Reference value :  4.61972e-06
 Reference value :  4.62236e-06
 Reference value :  4.62446e-06
 Reference value :  4.62627e-06
 Reference value :  4.62918e-06
 Reference value :  4.63132e-06
 Reference value :  4.63582e-06
 Reference value :  4.63953e-06
 Reference value :  4.64240e-06
 Reference value :  4.64493e-06
 Reference value :  4.64911e-06
 Reference value :  4.65245e-06
 Reference value :  4.65690e-06
 Reference value :  4.65843e-06
 Reference value :  4.66135e-06
 Reference value :  4.66395e-06
 Reference value :  4.66544e-06
 Reference value :  4.66726e-06
 Reference value :  4.67074e-06
 Reference value :  4.67366e-06
 Reference value :  4.67736e-06
 Reference value :  4.68049e-06
 Reference value :  4.68378e-06
 Reference value :  4.68680e-06
 Reference value :  4.69044e-06
 Reference value :  4.69369e-06
 Reference value :  4.69745e-06
 Reference value :  4.69919e-06
 Reference value :  4.70157e-06
 Reference value :  4.70414e-06
 Reference value :  4.70566e-06
 Reference value :  4.70749e-06
 Reference value :  4.71095e-06
 Reference value :  4.71387e-06
 Reference value :  4.71750e-06
 Reference value :  4.72118e-06
 Reference value :  4.72391e-06
 Reference value :  4.72693e-06
 Reference value :  4.73065e-06
 Reference value :  4.73430e-06
 Reference value :  4.73755e-06
 Reference value :  4.74009e-06
 Reference value :  4.74282e-06
 Reference value :  4.74455e-06
 Reference value :  4.74642e-06
 Reference value :  4.74937e-06
 Reference value :  4.75141e-06
 Reference value :  4.75559e-06
 Reference value :  4.75878e-06
 Reference value :  4.76167e-06
 Reference value :  4.76442e-06
 Reference value :  4.76840e-06
 Reference value :  4.77165e-06
 Reference value :  4.77623e-06
 Reference value :  4.77821e-06
 Reference value :  4.78067e-06
 Reference value :  4.78354e-06
 Reference value :  4.78522e-06
 Reference value :  4.78691e-06
 Reference value :  4.79036e-06
 Reference value :  4.79332e-06
 Reference value :  4.79697e-06
 Reference value :  4.80017e-06
 Reference value :  4.80348e-06
 Reference value :  4.80611e-06
 Reference value :  4.81024e-06
 Reference value :  4.81367e-06
 Reference value :  4.81753e-06
 Reference value :  4.82013e-06
 Reference value :  4.82290e-06
 Reference value :  4.82469e-06
 Reference value :  4.82653e-06
 Reference value :  4.82974e-06
 Reference value :  4.83206e-06
 Reference value :  4.83582e-06
 Reference value :  4.83943e-06
 Reference value :  4.84231e-06
 Reference value :  4.84501e-06
 Reference value :  4.84972e-06
 Reference value :  4.85324e-06
 Reference value :  4.85708e-06
 Reference value :  4.85879e-06
 Reference value :  4.86101e-06
 Reference value :  4.86368e-06
 Reference value :  4.86520e-06
 Reference value :  4.86700e-06
 Reference value :  4.87035e-06
 Reference value :  4.87332e-06
 Reference value :  4.87702e-06
 Reference value :  4.88027e-06
 Reference value :  4.88360e-06
 Reference value :  4.88669e-06
 Reference value :  4.89043e-06
 Reference value :  4.89371e-06
 Reference value :  4.89741e-06
 Reference value :  4.89993e-06
 Reference value :  4.90256e-06
 Reference value :  4.90445e-06
 Reference value :  4.90620e-06
 Reference value :  4.90896e-06
 Reference value :  4.91131e-06
 Reference value :  4.91527e-06
 Reference value :  4.91844e-06
 Reference value :  4.92149e-06
 Reference value :  4.92441e-06
 Reference value :  4.92862e-06
 Reference value :  4.93233e-06
 Reference value :  4.93681e-06
 Reference value :  4.93854e-06
 Reference value :  4.94127e-06
 Reference value :  4.94386e-06
 Reference value :  4.94539e-06
 Reference value :  4.94715e-06
 Reference value :  4.95073e-06
 Reference value :  4.95365e-06
 Reference value :  4.95745e-06
 Reference value :  4.96063e-06
 Reference value :  4.96391e-06
 Reference value :  4.96693e-06
 Reference value :  4.97062e-06
 Reference value :  4.97459e-06
 Reference value :  4.97773e-06
 Reference value :  4.98020e-06
 Reference value :  4.98304e-06
 Reference value :  4.98463e-06
 Reference value :  4.98665e-06
 Reference value :  4.99018e-06
 Reference value :  4.99251e-06
 Reference value :  4.99676e-06
 Reference value :  5.00002e-06
 Reference value :  5.00310e-06
 Reference value :  5.00579e-06
 Reference value :  5.01016e-06
 Reference value :  5.01345e-06
 Reference value :  5.01725e-06
 Reference value :  5.01887e-06
 Reference value :  5.02117e-06
 Reference value :  5.02356e-06
 Reference value :  5.02501e-06
 Reference value :  5.02686e-06
 Reference value :  5.03047e-06
 Reference value :  5.03332e-06
 Reference value :  5.03692e-06
 Reference value :  5.04004e-06
 Reference value :  5.04320e-06
 Reference value :  5.04568e-06
 Reference value :  5.04981e-06
 Reference value :  5.05321e-06
 Reference value :  5.05698e-06
 Reference value :  5.05891e-06
 Reference value :  5.06163e-06
 Reference value :  5.06406e-06
 Reference value :  5.06560e-06
 Reference value :  5.06763e-06
 Reference value :  5.07098e-06
 Reference value :  5.07451e-06
 Reference value :  5.07774e-06
 Reference value :  5.08134e-06
 Reference value :  5.08417e-06
 Reference value :  5.08739e-06
 Reference value :  5.09090e-06
 Reference value :  5.09527e-06
 Reference value :  5.09782e-06
 Reference value :  5.10016e-06
 Reference value :  5.10304e-06
 Reference value :  5.10459e-06
 Reference value :  5.10648e-06
 Reference value :  5.10971e-06
 Reference value :  5.11154e-06
 Reference value :  5.11588e-06
 Reference value :  5.11946e-06
 Reference value :  5.12209e-06
 Reference value :  5.12487e-06
 Reference value :  5.12896e-06
 Reference value :  5.13240e-06
 Reference value :  5.13686e-06
 Reference value :  5.13839e-06
 Reference value :  5.14140e-06
 Reference value :  5.14392e-06
 Reference value :  5.14542e-06
 Reference value :  5.14734e-06
 Reference value :  5.15073e-06
 Reference value :  5.15356e-06
 Reference value :  5.15741e-06
 Reference value :  5.16090e-06
 Reference value :  5.16389e-06
 Reference value :  5.16692e-06
 Reference value :  5.17072e-06
 Reference value :  5.17503e-06
 Reference value :  5.17806e-06
 Reference value :  5.17996e-06
 Reference value :  5.18265e-06
 Reference value :  5.18442e-06
 Reference value :  5.18611e-06
 Reference value :  5.18849e-06
 Reference value :  5.19103e-06
 Reference value :  5.19437e-06
 Reference value :  5.19802e-06
 Reference value :  5.20149e-06
 Reference value :  5.20429e-06
 Reference value :  5.20839e-06
 Reference value :  5.21162e-06
 Reference value :  5.21607e-06
 Reference value :  5.21823e-06
 Reference value :  5.22127e-06
 Reference value :  5.22378e-06
 Reference value :  5.22527e-06
 Reference value :  5.22709e-06
 Reference value :  5.23059e-06
 Reference value :  5.23350e-06
 Reference value :  5.23717e-06
 Reference value :  5.24045e-06
 Reference value :  5.24373e-06
 Reference value :  5.24681e-06
 Reference value :  5.25062e-06
 Reference value :  5.25471e-06
 Reference value :  5.25781e-06
 Reference value :  5.26009e-06
 Reference value :  5.26282e-06
 Reference value :  5.26454e-06
 Reference value :  5.26637e-06
 Reference value :  5.26940e-06
 Reference value :  5.27131e-06
 Reference value :  5.27566e-06
 Reference value :  5.27922e-06
 Reference value :  5.28200e-06
 Reference value :  5.28450e-06
 Reference value :  5.28918e-06
 Reference value :  5.29280e-06
 Reference value :  5.29697e-06
 Reference value :  5.29927e-06
 Reference value :  5.30191e-06
 Reference value :  5.30419e-06
 Reference value :  5.30598e-06
 Reference value :  5.30829e-06
 Reference value :  5.31104e-06
 Reference value :  5.31414e-06
 Reference value :  5.31771e-06
 Reference value :  5.32140e-06
 Reference value :  5.32416e-06
 Reference value :  5.32765e-06
 Reference value :  5.33131e-06
 Reference value :  5.33590e-06
 Reference value :  5.33829e-06
 Reference value :  5.34020e-06
 Reference value :  5.34304e-06
 Reference value :  5.34467e-06
 Reference value :  5.34658e-06
 Reference value :  5.35008e-06
 Reference value :  5.35221e-06
 Reference value :  5.35667e-06
 Reference value :  5.35999e-06
 Reference value :  5.36280e-06
 Reference value :  5.36514e-06
 Reference value :  5.36983e-06
 Reference value :  5.37337e-06
 Reference value :  5.37717e-06
 Reference value :  5.37938e-06
 Reference value :  5.38201e-06
 Reference value :  5.38419e-06
 Reference value :  5.38597e-06
 Reference value :  5.38820e-06
 Reference value :  5.39100e-06
 Reference value :  5.39395e-06
 Reference value :  5.39760e-06
 Reference value :  5.40140e-06
 Reference value :  5.40409e-06
 Reference value :  5.40764e-06
 Reference value :  5.41161e-06
 Reference value :  5.41611e-06
 Reference value :  5.41831e-06
 Reference value :  5.42120e-06
 Reference value :  5.42374e-06
 Reference value :  5.42526e-06
 Reference value :  5.42708e-06
 Reference value :  5.43059e-06
 Reference value :  5.43353e-06
 Reference value :  5.43712e-06
 Reference value :  5.44020e-06
 Reference value :  5.44350e-06
 Reference value :  5.44654e-06
 Reference value :  5.45041e-06
 Reference value :  5.45379e-06
 Reference value :  5.45750e-06
 Reference value :  5.46007e-06
 Reference value :  5.46282e-06
 Reference value :  5.46457e-06
 Reference value :  5.46651e-06
 Reference value :  5.47012e-06
 Reference value :  5.47244e-06
 Reference value :  5.47690e-06
 Reference value :  5.48006e-06
 Reference value :  5.48330e-06
 Reference value :  5.48574e-06
 Reference value :  5.49015e-06
 Reference value :  5.49351e-06
 Reference value :  5.49749e-06
 Reference value :  5.49918e-06
 Reference value :  5.50151e-06
 Reference value :  5.50409e-06
 Reference value :  5.50581e-06
 Reference value :  5.50750e-06
 Reference value :  5.51095e-06
 Reference value :  5.51434e-06
 Reference value :  5.51755e-06
 Reference value :  5.52127e-06
 Reference value :  5.52414e-06
 Reference value :  5.52749e-06
 Reference value :  5.53088e-06
 Reference value :  5.53517e-06
 Reference value :  5.53789e-06
 Reference value :  5.54047e-06
 Reference value :  5.54348e-06
 Reference value :  5.54505e-06
 Reference value :  5.54682e-06
 Reference value :  5.55015e-06
 Reference value :  5.55266e-06
 Reference value :  5.55678e-06
 Reference value :  5.55997e-06
 Reference value :  5.56310e-06
 Reference value :  5.56584e-06
 Reference value :  5.57007e-06
 Reference value :  5.57335e-06
 Reference value :  5.57717e-06
 Reference value :  5.57885e-06
 Reference value :  5.58163e-06
 Reference value :  5.58406e-06
 Reference value :  5.58558e-06
 Reference value :  5.58760e-06
 Reference value :  5.59097e-06
 Reference value :  5.59419e-06
 Reference value :  5.59761e-06
 Reference value :  5.60095e-06
 Reference value :  5.60399e-06
 Reference value :  5.60709e-06
 Reference value :  5.61092e-06
 Reference value :  5.61526e-06
 Reference value :  5.61788e-06
 Reference value :  5.62032e-06
 Reference value :  5.62348e-06
 Reference value :  5.62491e-06
 Reference value :  5.62672e-06
 Reference value :  5.63010e-06
 Reference value :  5.63245e-06
 Reference value :  5.63651e-06
 Reference value :  5.64005e-06
 Reference value :  5.64330e-06
 Reference value :  5.64583e-06
 Reference value :  5.65016e-06
 Reference value :  5.65355e-06
 Reference value :  5.65727e-06
 Reference value :  5.65903e-06
 Reference value :  5.66149e-06
 Reference value :  5.66384e-06
 Reference value :  5.66536e-06
 Reference value :  5.66714e-06
 Reference value :  5.67067e-06
 Reference value :  5.67358e-06
 Reference value :  5.67729e-06
 Reference value :  5.68073e-06
 Reference value :  5.68377e-06
 Reference value :  5.68681e-06
 Reference value :  5.69053e-06
 Reference value :  5.69436e-06
 Reference value :  5.69767e-06
 Reference value :  5.70023e-06
 Reference value :  5.70341e-06
 Reference value :  5.70495e-06
 Reference value :  5.70675e-06
 Reference value :  5.71018e-06
 Reference value :  5.71264e-06
 Reference value :  5.71666e-06
 Reference value :  5.72003e-06
 Reference value :  5.72340e-06
 Reference value :  5.72593e-06
 Reference value :  5.73014e-06
 Reference value :  5.73360e-06
 Reference value :  5.73749e-06
 Reference value :  5.73987e-06
 Reference value :  5.74236e-06
 Reference value :  5.74429e-06
 Reference value :  5.74602e-06
 Reference value :  5.74816e-06
 Reference value :  5.75090e-06
 Reference value :  5.75376e-06
 Reference value :  5.75756e-06
 Reference value :  5.76140e-06
 Reference value :  5.76412e-06
 Reference value :  5.76761e-06
 Reference value :  5.77095e-06
 Reference value :  5.77532e-06
 Reference value :  5.77798e-06
 Reference value :  5.78100e-06
 Reference value :  5.78355e-06
 Reference value :  5.78519e-06
 Reference value :  5.78694e-06
 Reference value :  5.79039e-06
 Reference value :  5.79324e-06
 Reference value :  5.79691e-06
 Reference value :  5.80013e-06
 Reference value :  5.80340e-06
 Reference value :  5.80613e-06
 Reference value :  5.81010e-06
 Reference value :  5.81346e-06
 Reference value :  5.81726e-06
 Reference value :  5.81905e-06
 Reference value :  5.82115e-06
 Reference value :  5.82370e-06
 Reference value :  5.82529e-06
 Reference value :  5.82701e-06
 Reference value :  5.83047e-06
 Reference value :  5.83332e-06
 Reference value :  5.83701e-06
 Reference value :  5.84017e-06
 Reference value :  5.84345e-06
 Reference value :  5.84632e-06
 Reference value :  5.85010e-06
 Reference value :  5.85339e-06
 Reference value :  5.85722e-06
 Reference value :  5.85971e-06
 Reference value :  5.86236e-06
 Reference value :  5.86434e-06
 Reference value :  5.86615e-06
 Reference value :  5.86866e-06
 Reference value :  5.87108e-06
 Reference value :  5.87479e-06
 Reference value :  5.87815e-06
 Reference value :  5.88153e-06
 Reference value :  5.88427e-06
 Reference value :  5.88823e-06
 Reference value :  5.89143e-06
 Reference value :  5.89580e-06
 Reference value :  5.89800e-06
 Reference value :  5.90018e-06
 Reference value :  5.90311e-06
 Reference value :  5.90461e-06
 Reference value :  5.90659e-06
 Reference value :  5.91008e-06
 Reference value :  5.91237e-06
 Reference value :  5.91668e-06
 Reference value :  5.91992e-06
 Reference value :  5.92300e-06
 Reference value :  5.92570e-06
 Reference value :  5.93008e-06
 Reference value :  5.93340e-06
 Reference value :  5.93714e-06
 Reference value :  5.93979e-06
 Reference value :  5.94210e-06
 Reference value :  5.94428e-06
 Reference value :  5.94613e-06
 Reference value :  5.94928e-06
 Reference value :  5.95140e-06
 Reference value :  5.95557e-06
 Reference value :  5.95906e-06
 Reference value :  5.96162e-06
 Reference value :  5.96439e-06
 Reference value :  5.96870e-06
 Reference value :  5.97243e-06
 Reference value :  5.97676e-06
 Reference value :  5.97830e-06
 Reference value :  5.98021e-06
 Reference value :  5.98331e-06
 Reference value :  5.98468e-06
 Reference value :  5.98667e-06
 Reference value :  5.99006e-06
 Reference value :  5.99240e-06
 Reference value :  5.99646e-06
 Reference value :  6.00011e-06
 Reference value :  6.00337e-06
 Reference value :  6.00629e-06
 Reference value :  6.01017e-06
 Reference value :  6.01356e-06
 Reference value :  6.01728e-06
 Reference value :  6.01991e-06
 Reference value :  6.02265e-06
 Reference value :  6.02441e-06
 Reference value :  6.02628e-06
 Reference value :  6.02889e-06
 Reference value :  6.03112e-06
 Reference value :  6.03505e-06
 Reference value :  6.03852e-06
 Reference value :  6.04167e-06
 Reference value :  6.04438e-06
 Reference value :  6.04853e-06
 Reference value :  6.05233e-06
 Reference value :  6.05659e-06
 Reference value :  6.05819e-06
 Reference value :  6.06086e-06
 Reference value :  6.06345e-06
 Reference value :  6.06508e-06
 Reference value :  6.06680e-06
 Reference value :  6.07047e-06
 Reference value :  6.07337e-06
 Reference value :  6.07716e-06
 Reference value :  6.08024e-06
 Reference value :  6.08349e-06
 Reference value :  6.08660e-06
 Reference value :  6.09023e-06
 Reference value :  6.09362e-06
 Reference value :  6.09733e-06
 Reference value :  6.09985e-06
 Reference value :  6.10236e-06
 Reference value :  6.10433e-06
 Reference value :  6.10617e-06
 Reference value :  6.10928e-06
 Reference value :  6.11178e-06
 Reference value :  6.11593e-06
 Reference value :  6.11949e-06
 Reference value :  6.12230e-06
 Reference value :  6.12501e-06
 Reference value :  6.12916e-06
 Reference value :  6.13251e-06
 Reference value :  6.13670e-06
 Reference value :  6.13844e-06
 Reference value :  6.14012e-06
 Reference value :  6.14304e-06
 Reference value :  6.14461e-06
 Reference value :  6.14653e-06
 Reference value :  6.14999e-06
 Reference value :  6.15192e-06
 Reference value :  6.15601e-06
 Reference value :  6.15969e-06
 Reference value :  6.16210e-06
 Reference value :  6.16445e-06
 Reference value :  6.16908e-06
 Reference value :  6.17281e-06
 Reference value :  6.17698e-06
 Reference value :  6.17901e-06
 Reference value :  6.18163e-06
 Reference value :  6.18405e-06
 Reference value :  6.18581e-06
 Reference value :  6.18780e-06
 Reference value :  6.19085e-06
 Reference value :  6.19424e-06
 Reference value :  6.19745e-06
 Reference value :  6.20121e-06
 Reference value :  6.20395e-06
 Reference value :  6.20715e-06
 Reference value :  6.21079e-06
 Reference value :  6.21528e-06
 Reference value :  6.21792e-06
 Reference value :  6.22029e-06
 Reference value :  6.22331e-06
 Reference value :  6.22472e-06
 Reference value :  6.22656e-06
 Reference value :  6.23002e-06
 Reference value :  6.23206e-06
 Reference value :  6.23613e-06
 Reference value :  6.23942e-06
 Reference value :  6.24210e-06
 Reference value :  6.24444e-06
 Reference value :  6.24913e-06
 Reference value :  6.25292e-06
 Reference value :  6.25693e-06
 Reference value :  6.25916e-06
 Reference value :  6.26176e-06
 Reference value :  6.26415e-06
 Reference value :  6.26588e-06
 Reference value :  6.26776e-06
 Reference value :  6.27085e-06
 Reference value :  6.27398e-06
 Reference value :  6.27766e-06
 Reference value :  6.28140e-06
 Reference value :  6.28405e-06
 Reference value :  6.28781e-06
 Reference value :  6.29121e-06
 Reference value :  6.29534e-06
 Reference value :  6.29784e-06
 Reference value :  6.29981e-06
 Reference value :  6.30218e-06
 Reference value :  6.30429e-06
 Reference value :  6.30607e-06
 Reference value :  6.30848e-06
 Reference value :  6.31096e-06
 Reference value :  6.31433e-06
 Reference value :  6.31769e-06
 Reference value :  6.32141e-06
 Reference value :  6.32411e-06
 Reference value :  6.32778e-06
 Reference value :  6.33150e-06
 Reference value :  6.33599e-06
 Reference value :  6.33821e-06
 Reference value :  6.34115e-06
 Reference value :  6.34363e-06
 Reference value :  6.34516e-06
 Reference value :  6.34690e-06
 Reference value :  6.35040e-06
 Reference value :  6.35323e-06
 Reference value :  6.35684e-06
 Reference value :  6.36025e-06
 Reference value :  6.36347e-06
 Reference value :  6.36654e-06
 Reference value :  6.37030e-06
 Reference value :  6.37367e-06
 Reference value :  6.37736e-06
 Reference value :  6.37986e-06
 Reference value :  6.38256e-06
 Reference value :  6.38438e-06
 Reference value :  6.38625e-06
 Reference value :  6.38919e-06
 Reference value :  6.39148e-06
 Reference value :  6.39562e-06
 Reference value :  6.39912e-06
 Reference value :  6.40167e-06
 Reference value :  6.40439e-06
 Reference value :  6.40879e-06
 Reference value :  6.41209e-06
 Reference value :  6.41647e-06
 Reference value :  6.41815e-06
 Reference value :  6.42127e-06
 Reference value :  6.42378e-06
 Reference value :  6.42526e-06
 Reference value :  6.42708e-06
 Reference value :  6.43053e-06
 Reference value :  6.43343e-06
 Reference value :  6.43729e-06
 Reference value :  6.44095e-06
 Reference value :  6.44382e-06
 Reference value :  6.44692e-06
 Reference value :  6.45054e-06
 Reference value :  6.45447e-06
 Reference value :  6.45760e-06
 Reference value :  6.45934e-06
 Reference value :  6.46191e-06
 Reference value :  6.46414e-06
 Reference value :  6.46579e-06
 Reference value :  6.46845e-06
 Reference value :  6.47108e-06
 Reference value :  6.47520e-06
 Reference value :  6.47857e-06
 Reference value :  6.48162e-06
 Reference value :  6.48439e-06
 Reference value :  6.48891e-06
 Reference value :  6.49280e-06
 Reference value :  6.49678e-06
 Reference value :  6.49836e-06
 Reference value :  6.50163e-06
 Reference value :  6.50413e-06
 Reference value :  6.50586e-06
 Reference value :  6.50781e-06
 Reference value :  6.51091e-06
 Reference value :  6.51423e-06
 Reference value :  6.51748e-06
 Reference value :  6.52121e-06
 Reference value :  6.52386e-06
 Reference value :  6.52722e-06
 Reference value :  6.53077e-06
 Reference value :  6.53506e-06
 Reference value :  6.53790e-06
 Reference value :  6.54020e-06
 Reference value :  6.54321e-06
 Reference value :  6.54482e-06
 Reference value :  6.54661e-06
 Reference value :  6.55007e-06
 Reference value :  6.55214e-06
 Reference value :  6.55621e-06
 Reference value :  6.55982e-06
 Reference value :  6.56260e-06
 Reference value :  6.56513e-06
 Reference value :  6.56970e-06
 Reference value :  6.57327e-06
 Reference value :  6.57715e-06
 Reference value :  6.57963e-06
 Reference value :  6.58186e-06
 Reference value :  6.58423e-06
 Reference value :  6.58601e-06
 Reference value :  6.58814e-06
 Reference value :  6.59089e-06
 Reference value :  6.59426e-06
 Reference value :  6.59752e-06
 Reference value :  6.60134e-06
 Reference value :  6.60401e-06
 Reference value :  6.60761e-06
 Reference value :  6.61109e-06
 Reference value :  6.61545e-06
 Reference value :  6.61790e-06
 Reference value :  6.61984e-06
 Reference value :  6.62265e-06
 Reference value :  6.62431e-06
 Reference value :  6.62611e-06
 Reference value :  6.62854e-06
 Reference value :  6.63101e-06
 Reference value :  6.63483e-06
 Reference value :  6.63822e-06
 Reference value :  6.64141e-06
 Reference value :  6.64407e-06
 Reference value :  6.64782e-06
 Reference value :  6.65117e-06
 Reference value :  6.65556e-06
 Reference value :  6.65788e-06
 Reference value :  6.66088e-06
 Reference value :  6.66343e-06
 Reference value :  6.66499e-06
 Reference value :  6.66689e-06
 Reference value :  6.67040e-06
 Reference value :  6.67317e-06
 Reference value :  6.67696e-06
 Reference value :  6.68020e-06
 Reference value :  6.68345e-06
 Reference value :  6.68650e-06
 Reference value :  6.69030e-06
 Reference value :  6.69407e-06
 Reference value :  6.69758e-06
 Reference value :  6.69995e-06
 Reference value :  6.70274e-06
 Reference value :  6.70437e-06
 Reference value :  6.70624e-06
 Reference value :  6.70950e-06
 Reference value :  6.71185e-06
 Reference value :  6.71571e-06
 Reference value :  6.71937e-06
 Reference value :  6.72173e-06
 Reference value :  6.72438e-06
 Reference value :  6.72891e-06
 Reference value :  6.73215e-06
 Reference value :  6.73652e-06
 Reference value :  6.73811e-06
 Reference value :  6.74107e-06
 Reference value :  6.74347e-06
 Reference value :  6.74498e-06
 Reference value :  6.74674e-06
 Reference value :  6.75023e-06
 Reference value :  6.75314e-06
 Reference value :  6.75672e-06
 Reference value :  6.76002e-06
 Reference value :  6.76337e-06
 Reference value :  6.76613e-06
 Reference value :  6.77006e-06
 Reference value :  6.77335e-06
 Reference value :  6.77710e-06
 Reference value :  6.77885e-06
 Reference value :  6.78094e-06
 Reference value :  6.78343e-06
 Reference value :  6.78498e-06
 Reference value :  6.78683e-06
 Reference value :  6.79036e-06
 Reference value :  6.79321e-06
 Reference value :  6.79688e-06
 Reference value :  6.80007e-06
 Reference value :  6.80337e-06
 Reference value :  6.80623e-06
 Reference value :  6.81005e-06
 Reference value :  6.81342e-06
 Reference value :  6.81718e-06
 Reference value :  6.81966e-06
 Reference value :  6.82226e-06
 Reference value :  6.82421e-06
 Reference value :  6.82592e-06
 Reference value :  6.82840e-06
 Reference value :  6.83094e-06
 Reference value :  6.83419e-06
 Reference value :  6.83803e-06
 Reference value :  6.84134e-06
 Reference value :  6.84390e-06
 Reference value :  6.84720e-06
 Reference value :  6.85067e-06
 Reference value :  6.85513e-06
 Reference value :  6.85765e-06
 Reference value :  6.86004e-06
 Reference value :  6.86290e-06
 Reference value :  6.86456e-06
 Reference value :  6.86644e-06
 Reference value :  6.86984e-06
 Reference value :  6.87218e-06
 Reference value :  6.87656e-06
 Reference value :  6.87981e-06
 Reference value :  6.88280e-06
 Reference value :  6.88512e-06
 Reference value :  6.88951e-06
 Reference value :  6.89274e-06
 Reference value :  6.89680e-06
 Reference value :  6.89851e-06
 Reference value :  6.90151e-06
 Reference value :  6.90396e-06
 Reference value :  6.90558e-06
 Reference value :  6.90726e-06
 Reference value :  6.91067e-06
 Reference value :  6.91352e-06
 Reference value :  6.91727e-06
 Reference value :  6.92085e-06
 Reference value :  6.92376e-06
 Reference value :  6.92687e-06
 Reference value :  6.93063e-06
 Reference value :  6.93503e-06
 Reference value :  6.93786e-06
 Reference value :  6.93984e-06
 Reference value :  6.94236e-06
 Reference value :  6.94424e-06
 Reference value :  6.94608e-06
 Reference value :  6.94885e-06
 Reference value :  6.95106e-06
 Reference value :  6.95522e-06
 Reference value :  6.95851e-06
 Reference value :  6.96157e-06
 Reference value :  6.96430e-06
 Reference value :  6.96873e-06
 Reference value :  6.97203e-06
 Reference value :  6.97661e-06
 Reference value :  6.97817e-06
 Reference value :  6.98127e-06
 Reference value :  6.98375e-06
 Reference value :  6.98526e-06
 Reference value :  6.98715e-06
 Reference value :  6.99052e-06
 Reference value :  6.99333e-06
 Reference value :  6.99709e-06
 Reference value :  7.00025e-06
 Reference value :  7.00355e-06
 Reference value :  7.00658e-06
 Reference value :  7.01037e-06
 Reference value :  7.01431e-06
 Reference value :  7.01744e-06
 Reference value :  7.01989e-06
 Reference value :  7.02282e-06
 Reference value :  7.02449e-06
 Reference value :  7.02637e-06
 Reference value :  7.02951e-06
 Reference value :  7.03141e-06
 Reference value :  7.03537e-06
 Reference value :  7.03917e-06
 Reference value :  7.04167e-06
 Reference value :  7.04434e-06
 Reference value :  7.04889e-06
 Reference value :  7.05231e-06
 Reference value :  7.05654e-06
 Reference value :  7.05812e-06
 Reference value :  7.06130e-06
 Reference value :  7.06380e-06
 Reference value :  7.06531e-06
 Reference value :  7.06713e-06
 Reference value :  7.07061e-06
 Reference value :  7.07340e-06
 Reference value :  7.07711e-06
 Reference value :  7.08022e-06
 Reference value :  7.08346e-06
 Reference value :  7.08651e-06
 Reference value :  7.09027e-06
 Reference value :  7.09371e-06
 Reference value :  7.09728e-06
 Reference value :  7.09901e-06
 Reference value :  7.10145e-06
 Reference value :  7.10393e-06
 Reference value :  7.10548e-06
 Reference value :  7.10733e-06
 Reference value :  7.11070e-06
 Reference value :  7.11348e-06
 Reference value :  7.11730e-06
 Reference value :  7.12085e-06
 Reference value :  7.12377e-06
 Reference value :  7.12677e-06
 Reference value :  7.13045e-06
 Reference value :  7.13447e-06
 Reference value :  7.13749e-06
 Reference value :  7.14002e-06
 Reference value :  7.14304e-06
 Reference value :  7.14463e-06
 Reference value :  7.14648e-06
 Reference value :  7.14997e-06
 Reference value :  7.15228e-06
 Reference value :  7.15610e-06
 Reference value :  7.15943e-06
 Reference value :  7.16190e-06
 Reference value :  7.16448e-06
 Reference value :  7.16909e-06
 Reference value :  7.17261e-06
 Reference value :  7.17677e-06
 Reference value :  7.17841e-06
 Reference value :  7.18123e-06
 Reference value :  7.18371e-06
 Reference value :  7.18523e-06
 Reference value :  7.18696e-06
 Reference value :  7.19041e-06
 Reference value :  7.19331e-06
 Reference value :  7.19704e-06
 Reference value :  7.20065e-06
 Reference value :  7.20369e-06
 Reference value :  7.20676e-06
 Reference value :  7.21044e-06
 Reference value :  7.21449e-06
 Reference value :  7.21762e-06
 Reference value :  7.22026e-06
 Reference value :  7.22329e-06
 Reference value :  7.22479e-06
 Reference value :  7.22654e-06
 Reference value :  7.23008e-06
 Reference value :  7.23305e-06
 Reference value :  7.23666e-06
 Reference value :  7.24003e-06
 Reference value :  7.24327e-06
 Reference value :  7.24585e-06
 Reference value :  7.25009e-06
 Reference value :  7.25346e-06
 Reference value :  7.25719e-06
 Reference value :  7.25890e-06
 Reference value :  7.26157e-06
 Reference value :  7.26393e-06
 Reference value :  7.26547e-06
 Reference value :  7.26731e-06
 Reference value :  7.27081e-06
 Reference value :  7.27474e-06
 Reference value :  7.27812e-06
 Reference value :  7.28142e-06
 Reference value :  7.28402e-06
 Reference value :  7.28768e-06
 Reference value :  7.29131e-06
 Reference value :  7.29588e-06
 Reference value :  7.29794e-06
 Reference value :  7.30101e-06
 Reference value :  7.30350e-06
 Reference value :  7.30501e-06
 Reference value :  7.30671e-06
 Reference value :  7.31035e-06
 Reference value :  7.31314e-06
 Reference value :  7.31698e-06
 Reference value :  7.32017e-06
 Reference value :  7.32334e-06
 Reference value :  7.32635e-06
 Reference value :  7.33017e-06
 Reference value :  7.33368e-06
 Reference value :  7.33733e-06
 Reference value :  7.33977e-06
 Reference value :  7.34246e-06
 Reference value :  7.34419e-06
 Reference value :  7.34598e-06
 Reference value :  7.34849e-06
 Reference value :  7.35097e-06
 Reference value :  7.35507e-06
 Reference value :  7.35832e-06
 Reference value :  7.36141e-06
 Reference value :  7.36406e-06
 Reference value :  7.36811e-06
 Reference value :  7.37160e-06
 Reference value :  7.37575e-06
 Reference value :  7.37791e-06
 Reference value :  7.38100e-06
 Reference value :  7.38345e-06
 Reference value :  7.38506e-06
 Reference value :  7.38682e-06
 Reference value :  7.39040e-06
 Reference value :  7.39341e-06
 Reference value :  7.39736e-06
 Reference value :  7.40134e-06
 Reference value :  7.40396e-06
 Reference value :  7.40761e-06
 Reference value :  7.41110e-06
 Reference value :  7.41515e-06
 Reference value :  7.41784e-06
 Reference value :  7.41974e-06
 Reference value :  7.42218e-06
 Reference value :  7.42422e-06
 Reference value :  7.42603e-06
 Reference value :  7.42826e-06
 Reference value :  7.43083e-06
 Reference value :  7.43422e-06
 Reference value :  7.43764e-06
 Reference value :  7.44095e-06
 Reference value :  7.44373e-06
 Reference value :  7.44682e-06
 Reference value :  7.45062e-06
 Reference value :  7.45477e-06
 Reference value :  7.45769e-06
 Reference value :  7.46020e-06
 Reference value :  7.46319e-06
 Reference value :  7.46451e-06
 Reference value :  7.46637e-06
 Reference value :  7.46986e-06
 Reference value :  7.47213e-06
 Reference value :  7.47625e-06
 Reference value :  7.47961e-06
 Reference value :  7.48200e-06
 Reference value :  7.48444e-06
 Reference value :  7.48903e-06
 Reference value :  7.49238e-06
 Reference value :  7.49662e-06
 Reference value :  7.49840e-06
 Reference value :  7.50130e-06
 Reference value :  7.50360e-06
 Reference value :  7.50514e-06
 Reference value :  7.50687e-06
 Reference value :  7.51040e-06
 Reference value :  7.51351e-06
 Reference value :  7.51735e-06
 Reference value :  7.52095e-06
 Reference value :  7.52371e-06
 Reference value :  7.52682e-06
 Reference value :  7.53073e-06
 Reference value :  7.53549e-06
 Reference value :  7.53776e-06
 Reference value :  7.54085e-06
 Reference value :  7.54329e-06
 Reference value :  7.54483e-06
 Reference value :  7.54659e-06
 Reference value :  7.54994e-06
 Reference value :  7.55257e-06
 Reference value :  7.55665e-06
 Reference value :  7.55997e-06
 Reference value :  7.56327e-06
 Reference value :  7.56612e-06
 Reference value :  7.56995e-06
 Reference value :  7.57322e-06
 Reference value :  7.57726e-06
 Reference value :  7.57883e-06
 Reference value :  7.58163e-06
 Reference value :  7.58382e-06
 Reference value :  7.58543e-06
 Reference value :  7.58712e-06
 Reference value :  7.59056e-06
 Reference value :  7.59337e-06
 Reference value :  7.59716e-06
 Reference value :  7.60047e-06
 Reference value :  7.60357e-06
 Reference value :  7.60661e-06
 Reference value :  7.61032e-06
 Reference value :  7.61396e-06
 Reference value :  7.61739e-06
 Reference value :  7.62000e-06
 Reference value :  7.62290e-06
 Reference value :  7.62435e-06
 Reference value :  7.62625e-06
 Reference value :  7.62903e-06
 Reference value :  7.63121e-06
 Reference value :  7.63539e-06
 Reference value :  7.63892e-06
 Reference value :  7.64149e-06
 Reference value :  7.64413e-06
 Reference value :  7.64822e-06
 Reference value :  7.65175e-06
 Reference value :  7.65638e-06
 Reference value :  7.65820e-06
 Reference value :  7.66085e-06
 Reference value :  7.66328e-06
 Reference value :  7.66482e-06
 Reference value :  7.66654e-06
 Reference value :  7.66987e-06
 Reference value :  7.67248e-06
 Reference value :  7.67646e-06
 Reference value :  7.67979e-06
 Reference value :  7.68300e-06
 Reference value :  7.68543e-06
 Reference value :  7.68980e-06
 Reference value :  7.69310e-06
 Reference value :  7.69697e-06
 Reference value :  7.69929e-06
 Reference value :  7.70191e-06
 Reference value :  7.70392e-06
 Reference value :  7.70556e-06
 Reference value :  7.70723e-06
 Reference value :  7.71064e-06
 Reference value :  7.71343e-06
 Reference value :  7.71748e-06
 Reference value :  7.72115e-06
 Reference value :  7.72377e-06
 Reference value :  7.72701e-06
 Reference value :  7.73057e-06
 Reference value :  7.73504e-06
 Reference value :  7.73772e-06
 Reference value :  7.73961e-06
 Reference value :  7.74210e-06
 Reference value :  7.74415e-06
 Reference value :  7.74588e-06
 Reference value :  7.74804e-06
 Reference value :  7.75086e-06
 Reference value :  7.75500e-06
 Reference value :  7.75826e-06
 Reference value :  7.76149e-06
 Reference value :  7.76412e-06
 Reference value :  7.76810e-06
 Reference value :  7.77134e-06
 Reference value :  7.77604e-06
 Reference value :  7.77797e-06
 Reference value :  7.78120e-06
 Reference value :  7.78353e-06
 Reference value :  7.78502e-06
 Reference value :  7.78683e-06
 Reference value :  7.79034e-06
 Reference value :  7.79320e-06
 Reference value :  7.79692e-06
 Reference value :  7.80014e-06
 Reference value :  7.80339e-06
 Reference value :  7.80650e-06
 Reference value :  7.81017e-06
 Reference value :  7.81361e-06
 Reference value :  7.81725e-06
 Reference value :  7.81964e-06
 Reference value :  7.82265e-06
 Reference value :  7.82423e-06
 Reference value :  7.82605e-06
 Reference value :  7.82877e-06
 Reference value :  7.83101e-06
 Reference value :  7.83506e-06
 Reference value :  7.83867e-06
 Reference value :  7.84149e-06
 Reference value :  7.84415e-06
 Reference value :  7.84852e-06
 Reference value :  7.85223e-06
 Reference value :  7.85650e-06
 Reference value :  7.85799e-06
 Reference value :  7.86127e-06
 Reference value :  7.86362e-06
 Reference value :  7.86510e-06
 Reference value :  7.86717e-06
 Reference value :  7.87052e-06
 Reference value :  7.87329e-06
 Reference value :  7.87701e-06
 Reference value :  7.88043e-06
 Reference value :  7.88360e-06
 Reference value :  7.88662e-06
 Reference value :  7.89042e-06
 Reference value :  7.89446e-06
 Reference value :  7.89752e-06
 Reference value :  7.89929e-06
 Reference value :  7.90183e-06
 Reference value :  7.90402e-06
 Reference value :  7.90569e-06
 Reference value :  7.90795e-06
 Reference value :  7.91069e-06
 Reference value :  7.91429e-06
 Reference value :  7.91794e-06
 Reference value :  7.92141e-06
 Reference value :  7.92408e-06
 Reference value :  7.92779e-06
 Reference value :  7.93111e-06
 Reference value :  7.93557e-06
 Reference value :  7.93779e-06
 Reference value :  7.94045e-06
 Reference value :  7.94323e-06
 Reference value :  7.94471e-06
 Reference value :  7.94640e-06
 Reference value :  7.94995e-06
 Reference value :  7.95288e-06
 Reference value :  7.95669e-06
 Reference value :  7.96001e-06
 Reference value :  7.96325e-06
 Reference value :  7.96636e-06
 Reference value :  7.97003e-06
 Reference value :  7.97325e-06
 Reference value :  7.97702e-06
 Reference value :  7.97910e-06
 Reference value :  7.98176e-06
 Reference value :  7.98385e-06
 Reference value :  7.98561e-06
 Reference value :  7.98763e-06
 Reference value :  7.99075e-06
 Reference value :  7.99478e-06
 Reference value :  7.99844e-06
 Reference value :  8.00142e-06
 Reference value :  8.00396e-06
 Reference value :  8.00788e-06
 Reference value :  8.01129e-06
 Reference value :  8.01579e-06
 Reference value :  8.01787e-06
 Reference value :  8.02100e-06
 Reference value :  8.02340e-06
 Reference value :  8.02496e-06
 Reference value :  8.02685e-06
 Reference value :  8.03048e-06
 Reference value :  8.03331e-06
 Reference value :  8.03711e-06
 Reference value :  8.04041e-06
 Reference value :  8.04347e-06
 Reference value :  8.04662e-06
 Reference value :  8.05026e-06
 Reference value :  8.05383e-06
 Reference value :  8.05723e-06
 Reference value :  8.05901e-06
 Reference value :  8.06123e-06
 Reference value :  8.06343e-06
 Reference value :  8.06496e-06
 Reference value :  8.06679e-06
 Reference value :  8.07029e-06
 Reference value :  8.07320e-06
 Reference value :  8.07696e-06
 Reference value :  8.08035e-06
 Reference value :  8.08342e-06
 Reference value :  8.08647e-06
 Reference value :  8.09014e-06
 Reference value :  8.09358e-06
 Reference value :  8.09730e-06
 Reference value :  8.09993e-06
 Reference value :  8.10290e-06
 Reference value :  8.10430e-06
 Reference value :  8.10622e-06
 Reference value :  8.10960e-06
 Reference value :  8.11186e-06
 Reference value :  8.11563e-06
 Reference value :  8.11932e-06
 Reference value :  8.12190e-06
 Reference value :  8.12453e-06
 Reference value :  8.12898e-06
 Reference value :  8.13229e-06
 Reference value :  8.13652e-06
 Reference value :  8.13825e-06
 Reference value :  8.14107e-06
 Reference value :  8.14346e-06
 Reference value :  8.14500e-06
 Reference value :  8.14678e-06
 Reference value :  8.15028e-06
 Reference value :  8.15319e-06
 Reference value :  8.15689e-06
 Reference value :  8.16021e-06
 Reference value :  8.16338e-06
 Reference value :  8.16642e-06
 Reference value :  8.17041e-06
 Reference value :  8.17430e-06
 Reference value :  8.17737e-06
 Reference value :  8.18001e-06
 Reference value :  8.18304e-06
 Reference value :  8.18447e-06
 Reference value :  8.18629e-06
 Reference value :  8.18977e-06
 Reference value :  8.19166e-06
 Reference value :  8.19578e-06
 Reference value :  8.19935e-06
 Reference value :  8.20220e-06
 Reference value :  8.20472e-06
 Reference value :  8.20911e-06
 Reference value :  8.21247e-06
 Reference value :  8.21654e-06
 Reference value :  8.21837e-06
 Reference value :  8.22100e-06
 Reference value :  8.22341e-06
 Reference value :  8.22493e-06
 Reference value :  8.22656e-06
 Reference value :  8.23008e-06
 Reference value :  8.23295e-06
 Reference value :  8.23659e-06
 Reference value :  8.23993e-06
 Reference value :  8.24317e-06
 Reference value :  8.24593e-06
 Reference value :  8.24988e-06
 Reference value :  8.25330e-06
 Reference value :  8.25707e-06
 Reference value :  8.25983e-06
 Reference value :  8.26282e-06
 Reference value :  8.26428e-06
 Reference value :  8.26622e-06
 Reference value :  8.26955e-06
 Reference value :  8.27174e-06
 Reference value :  8.27558e-06
 Reference value :  8.27897e-06
 Reference value :  8.28167e-06
 Reference value :  8.28418e-06
 Reference value :  8.28861e-06
 Reference value :  8.29185e-06
 Reference value :  8.29622e-06
 Reference value :  8.29810e-06
 Reference value :  8.30085e-06
 Reference value :  8.30330e-06
 Reference value :  8.30476e-06
 Reference value :  8.30664e-06
 Reference value :  8.31020e-06
 Reference value :  8.31308e-06
 Reference value :  8.31673e-06
 Reference value :  8.31994e-06
 Reference value :  8.32323e-06
 Reference value :  8.32623e-06
 Reference value :  8.32990e-06
 Reference value :  8.33326e-06
 Reference value :  8.33696e-06
 Reference value :  8.33960e-06
 Reference value :  8.34201e-06
 Reference value :  8.34400e-06
 Reference value :  8.34582e-06
 Reference value :  8.34830e-06
 Reference value :  8.35084e-06
 Reference value :  8.35477e-06
 Reference value :  8.35834e-06
 Reference value :  8.36157e-06
 Reference value :  8.36407e-06
 Reference value :  8.36820e-06
 Reference value :  8.37155e-06
 Reference value :  8.37603e-06
 Reference value :  8.37798e-06
 Reference value :  8.37986e-06
 Reference value :  8.38282e-06
 Reference value :  8.38425e-06
 Reference value :  8.38612e-06
 Reference value :  8.38968e-06
 Reference value :  8.39195e-06
 Reference value :  8.39639e-06
 Reference value :  8.39966e-06
 Reference value :  8.40270e-06
 Reference value :  8.40521e-06
 Reference value :  8.40973e-06
 Reference value :  8.41311e-06
 Reference value :  8.41692e-06
 Reference value :  8.41935e-06
 Reference value :  8.42176e-06
 Reference value :  8.42384e-06
 Reference value :  8.42561e-06
 Reference value :  8.42779e-06
 Reference value :  8.43075e-06
 Reference value :  8.43435e-06
 Reference value :  8.43774e-06
 Reference value :  8.44141e-06
 Reference value :  8.44402e-06
 Reference value :  8.44802e-06
 Reference value :  8.45123e-06
 Reference value :  8.45572e-06
 Reference value :  8.45787e-06
 Reference value :  8.46027e-06
 Reference value :  8.46313e-06
 Reference value :  8.46468e-06
 Reference value :  8.46645e-06
 Reference value :  8.46994e-06
 Reference value :  8.47283e-06
 Reference value :  8.47649e-06
 Reference value :  8.47971e-06
 Reference value :  8.48290e-06
 Reference value :  8.48559e-06
 Reference value :  8.48980e-06
 Reference value :  8.49311e-06
 Reference value :  8.49687e-06
 Reference value :  8.49956e-06
 Reference value :  8.50191e-06
 Reference value :  8.50393e-06
 Reference value :  8.50575e-06
 Reference value :  8.50791e-06
 Reference value :  8.51075e-06
 Reference value :  8.51397e-06
 Reference value :  8.51772e-06
 Reference value :  8.52121e-06
 Reference value :  8.52378e-06
 Reference value :  8.52729e-06
 Reference value :  8.53090e-06
 Reference value :  8.53511e-06
 Reference value :  8.53769e-06
 Reference value :  8.53972e-06
 Reference value :  8.54282e-06
 Reference value :  8.54421e-06
 Reference value :  8.54621e-06
 Reference value :  8.54978e-06
 Reference value :  8.55222e-06
 Reference value :  8.55638e-06
 Reference value :  8.55965e-06
 Reference value :  8.56270e-06
 Reference value :  8.56537e-06
 Reference value :  8.56949e-06
 Reference value :  8.57291e-06
 Reference value :  8.57662e-06
 Reference value :  8.57890e-06
 Reference value :  8.58157e-06
 Reference value :  8.58377e-06
 Reference value :  8.58552e-06
 Reference value :  8.58731e-06
 Reference value :  8.59046e-06
 Reference value :  8.59330e-06
 Reference value :  8.59700e-06
 Reference value :  8.60041e-06
 Reference value :  8.60344e-06
 Reference value :  8.60651e-06
 Reference value :  8.61031e-06
 Reference value :  8.61439e-06
 Reference value :  8.61742e-06
 Reference value :  8.61979e-06
 Reference value :  8.62282e-06
 Reference value :  8.62423e-06
 Reference value :  8.62623e-06
 Reference value :  8.62978e-06
 Reference value :  8.63280e-06
 Reference value :  8.63643e-06
 Reference value :  8.63982e-06
 Reference value :  8.64311e-06
 Reference value :  8.64595e-06
 Reference value :  8.65000e-06
 Reference value :  8.65340e-06
 Reference value :  8.65723e-06
 Reference value :  8.65981e-06
 Reference value :  8.66282e-06
 Reference value :  8.66425e-06
 Reference value :  8.66618e-06
 Reference value :  8.66979e-06
 Reference value :  8.67257e-06
 Reference value :  8.67644e-06
 Reference value :  8.67962e-06
 Reference value :  8.68270e-06
 Reference value :  8.68515e-06
 Reference value :  8.68968e-06
 Reference value :  8.69294e-06
 Reference value :  8.69667e-06
 Reference value :  8.69834e-06
 Reference value :  8.70021e-06
 Reference value :  8.70311e-06
 Reference value :  8.70464e-06
 Reference value :  8.70656e-06
 Reference value :  8.70995e-06
 Reference value :  8.71288e-06
 Reference value :  8.71655e-06
 Reference value :  8.72012e-06
 Reference value :  8.72322e-06
 Reference value :  8.72627e-06
 Reference value :  8.73006e-06
 Reference value :  8.73337e-06
 Reference value :  8.73710e-06
 Reference value :  8.73968e-06
 Reference value :  8.74265e-06
 Reference value :  8.74416e-06
 Reference value :  8.74605e-06
 Reference value :  8.74953e-06
 Reference value :  8.75194e-06
 Reference value :  8.75609e-06
 Reference value :  8.75957e-06
 Reference value :  8.76280e-06
 Reference value :  8.76534e-06
 Reference value :  8.76969e-06
 Reference value :  8.77298e-06
 Reference value :  8.77675e-06
 Reference value :  8.77872e-06
 Reference value :  8.78163e-06
 Reference value :  8.78382e-06
 Reference value :  8.78554e-06
 Reference value :  8.78846e-06
 Reference value :  8.79086e-06
 Reference value :  8.79523e-06
 Reference value :  8.79903e-06
 Reference value :  8.80180e-06
 Reference value :  8.80432e-06
 Reference value :  8.80871e-06
 Reference value :  8.81207e-06
 Reference value :  8.81644e-06
 Reference value :  8.81832e-06
 Reference value :  8.82151e-06
 Reference value :  8.82373e-06
 Reference value :  8.82548e-06
 Reference value :  8.82787e-06
 Reference value :  8.83066e-06
 Reference value :  8.83472e-06
 Reference value :  8.83837e-06
 Reference value :  8.84153e-06
 Reference value :  8.84398e-06
 Reference value :  8.84832e-06
 Reference value :  8.85198e-06
 Reference value :  8.85623e-06
 Reference value :  8.85779e-06
 Reference value :  8.85979e-06
 Reference value :  8.86290e-06
 Reference value :  8.86438e-06
 Reference value :  8.86623e-06
 Reference value :  8.86970e-06
 Reference value :  8.87209e-06
 Reference value :  8.87638e-06
 Reference value :  8.87958e-06
 Reference value :  8.88270e-06
 Reference value :  8.88523e-06
 Reference value :  8.88959e-06
 Reference value :  8.89291e-06
 Reference value :  8.89674e-06
 Reference value :  8.89885e-06
 Reference value :  8.90170e-06
 Reference value :  8.90395e-06
 Reference value :  8.90576e-06
 Reference value :  8.90855e-06
 Reference value :  8.91084e-06
 Reference value :  8.91459e-06
 Reference value :  8.91754e-06
 Reference value :  8.92134e-06
 Reference value :  8.92381e-06
 Reference value :  8.92750e-06
 Reference value :  8.93085e-06
 Reference value :  8.93533e-06
 Reference value :  8.93762e-06
 Reference value :  8.94014e-06
 Reference value :  8.94301e-06
 Reference value :  8.94448e-06
 Reference value :  8.94620e-06
 Reference value :  8.94978e-06
 Reference value :  8.95222e-06
 Reference value :  8.95608e-06
 Reference value :  8.95950e-06
 Reference value :  8.96200e-06
 Reference value :  8.96441e-06
 Reference value :  8.96903e-06
 Reference value :  8.97244e-06
 Reference value :  8.97652e-06
 Reference value :  8.97861e-06
 Reference value :  8.98151e-06
 Reference value :  8.98374e-06
 Reference value :  8.98552e-06
 Reference value :  8.98854e-06
 Reference value :  8.99085e-06
 Reference value :  8.99478e-06
 Reference value :  8.99833e-06
 Reference value :  9.00141e-06
 Reference value :  9.00391e-06
 Reference value :  9.00812e-06
 Reference value :  9.01184e-06
 Reference value :  9.01611e-06
 Reference value :  9.01792e-06
 Reference value :  9.01969e-06
 Reference value :  9.02274e-06
 Reference value :  9.02427e-06
 Reference value :  9.02598e-06
 Reference value :  9.02895e-06
 Reference value :  9.03113e-06
 Reference value :  9.03509e-06
 Reference value :  9.03877e-06
 Reference value :  9.04153e-06
 Reference value :  9.04403e-06
 Reference value :  9.04849e-06
 Reference value :  9.05220e-06
 Reference value :  9.05631e-06
 Reference value :  9.05783e-06
 Reference value :  9.06120e-06
 Reference value :  9.06346e-06
 Reference value :  9.06500e-06
 Reference value :  9.06687e-06
 Reference value :  9.07032e-06
 Reference value :  9.07312e-06
 Reference value :  9.07678e-06
 Reference value :  9.08027e-06
 Reference value :  9.08339e-06
 Reference value :  9.08642e-06
 Reference value :  9.09026e-06
 Reference value :  9.09411e-06
 Reference value :  9.09734e-06
 Reference value :  9.10007e-06
 Reference value :  9.10299e-06
 Reference value :  9.10439e-06
 Reference value :  9.10637e-06
 Reference value :  9.10989e-06
 Reference value :  9.11281e-06
 Reference value :  9.11661e-06
 Reference value :  9.12016e-06
 Reference value :  9.12327e-06
 Reference value :  9.12625e-06
 Reference value :  9.12995e-06
 Reference value :  9.13350e-06
 Reference value :  9.13704e-06
 Reference value :  9.13976e-06
 Reference value :  9.14282e-06
 Reference value :  9.14420e-06
 Reference value :  9.14600e-06
 Reference value :  9.14920e-06
 Reference value :  9.15179e-06
 Reference value :  9.15555e-06
 Reference value :  9.15940e-06
 Reference value :  9.16190e-06
 Reference value :  9.16459e-06
 Reference value :  9.16901e-06
 Reference value :  9.17222e-06
 Reference value :  9.17644e-06
 Reference value :  9.17813e-06
 Reference value :  9.18021e-06
 Reference value :  9.18306e-06
 Reference value :  9.18454e-06
 Reference value :  9.18636e-06
 Reference value :  9.18995e-06
 Reference value :  9.19291e-06
 Reference value :  9.19655e-06
No. of Data Rows : 127885

  Measurements for Transient Analysis

sphi_pre            =  2.843898e-09 targ=  2.622944e-06 trig=  2.620100e-06
sphi_fast           =  1.880183e-09 targ=  3.142980e-06 trig=  3.141100e-06
sphi_mid            =  2.469672e-09 targ=  6.023570e-06 trig=  6.021100e-06
sphi_post           =  2.084587e-09 targ=  9.023185e-06 trig=  9.021100e-06
tclk160             =  1.066568e-06 targ=  7.083199e-06 trig=  6.016632e-06
fout                =  1.50014e+08
tfb20               =  7.999424e-07 targ=  6.823512e-06 trig=  6.023570e-06
ffb                 =  2.50018e+07
nmeas               =  6.00012e+00
lock_lvl            =  5.462355e-09 from=  6.010000e-06 to=  9.010032e-06
up_lvl              =  3.347282e-01 from=  6.010000e-06 to=  9.010032e-06
dn_lvl              =  1.456270e-01 from=  6.010000e-06 to=  9.010032e-06

ngspice-42 done
