
Note: No compatibility mode selected!


Circuit: * period-jitter @ sf_27c_3.30v_vs1p825 -- generated by sim/harness, do not edit

Doing analysis at TEMP = 27.000000 and TNOM = 27.000000

Using SPARSE 1.3 as Direct Linear Solver

Initial Transient Solution
--------------------------

Node                                   Voltage
----                                   -------
vdd                                        3.3
vdd_vco                                    3.3
vdd_div                                    3.3
gnd_vco                                      0
vss                                          0
ref                                          0
b0                                           0
b1                                         3.3
b2                                         3.3
cpb0                                         0
cpb1                                         0
p0                                           0
p1                                         3.3
p2                                           0
p3                                           0
p4                                           0
p5                                           0
sel0                                         0
sel1                                       3.3
sel2                                         0
sel3                                         0
sel4                                         0
sel5                                         0
ibn                                   0.799915
icn                                   0.908402
ibp                                    2.54007
icp                                    2.42449
xdut.xpfd.xpfd.xed_ref.d1                  3.3
xdut.xpfd.xpfd.xed_ref.d2          1.18703e-08
xdut.xpfd.xpfd.xed_ref.d3                  3.3
xdut.xpfd.xpfd.xed_ref.d4          1.18703e-08
xdut.xpfd.xpfd.xed_ref.d5                  3.3
xdut.xpfd.xpfd.xed_ref.nn                  3.3
xdut.xpfd.xpfd.xed_ref.xnd.ni      5.12058e-11
xdut.xpfd.xpfd.pr                  1.18703e-08
xdut.xpfd.xpfd.xed_fb.d1                   3.3
fb                                 6.25983e-09
xdut.xpfd.xpfd.xed_fb.d2           1.18703e-08
xdut.xpfd.xpfd.xed_fb.d3                   3.3
xdut.xpfd.xpfd.xed_fb.d4           1.18703e-08
xdut.xpfd.xpfd.xed_fb.d5                   3.3
xdut.xpfd.xpfd.xed_fb.nn                   3.3
xdut.xpfd.xpfd.xed_fb.xnd.ni       5.12058e-11
xdut.xpfd.xpfd.pf                  1.18703e-08
xdut.xpfd.xpfd.sbr                         3.3
xdut.xpfd.xpfd.sbf                         3.3
xdut.up                            2.45975e-08
xdut.xpfd.xpfd.upb                         3.3
xdut.xpfd.xpfd.xlat_ref.xn1.ni     1.22987e-08
xdut.xpfd.xpfd.rb                          3.3
xdut.xpfd.xpfd.xlat_ref.xn2.ni         2.61443
xdut.dn                            2.45975e-08
xdut.xpfd.xpfd.dnb                         3.3
xdut.xpfd.xpfd.xlat_fb.xn1.ni      1.22987e-08
xdut.xpfd.xpfd.xlat_fb.xn2.ni          2.61443
xdut.xpfd.xpfd.nrst                        3.3
xdut.xpfd.xpfd.xnand_rst.ni         0.00479014
xdut.xpfd.xpfd.rst_raw             1.18703e-08
xdut.xpfd.xpfd.rd1                         3.3
xdut.xpfd.xpfd.rd2                 1.18703e-08
xdut.xpfd.xpfd.rd3                         3.3
xdut.xpfd.xpfd.rd4                 1.18703e-08
xdut.xpfd.xpfd.rd5                         3.3
xdut.xpfd.xpfd.rd6                 1.18703e-08
xdut.xpfd.xpfd.rd7                         3.3
xdut.xpfd.xpfd.rd8                 1.18703e-08
xdut.xpfd.xpfd.rd9                         3.3
xdut.xpfd.xpfd.rd10                1.18703e-08
xdut.xpfd.xpfd.rd11                        3.3
xdut.xpfd.xpfd.rd12                1.18703e-08
xdut.xpfd.xpfd.rd13                        3.3
xdut.xpfd.xpfd.rd14                1.18703e-08
xdut.xpfd.xpfd.rd15                        3.3
xdut.xpfd.xpfd.rd16                1.18703e-08
xdut.xpfd.xpfd.rd17                        3.3
xdut.xpfd.xpfd.rd18                1.18703e-08
xdut.xpfd.xpfd.rd19                        3.3
xdut.xpfd.xpfd.rd20                1.18703e-08
xdut.xpfd.xpfd.rd21                        3.3
xdut.xpfd.xpfd.rd22                1.18703e-08
xdut.xpfd.xpfd.rd23                        3.3
xdut.xpfd.xpfd.rst_dly             1.18703e-08
xdut.xpfd.xcp.b0b                          3.3
xdut.xpfd.xcp.b1b                          3.3
xdut.xpfd.xcp.upb                          3.3
xdut.xpfd.xcp.dnb                          3.3
xdut.xpfd.xcp.xn_base.bg              0.799915
xdut.xpfd.xcp.xn_base.mid            0.0859592
xdut.xpfd.xcp.dnt                      1.82256
xdut.xpfd.xcp.xn_t0.bg             1.05071e-11
xdut.xpfd.xcp.xn_t0.mid               0.470302
xdut.xpfd.xcp.xn_t1a.bg            1.05071e-11
xdut.xpfd.xcp.xn_t1a.mid              0.470302
xdut.xpfd.xcp.xn_t1b.bg            1.05071e-11
xdut.xpfd.xcp.xn_t1b.mid              0.470302
xdut.xpfd.xcp.xp_base.bg               2.54007
xdut.xpfd.xcp.xp_base.mid              3.21361
xdut.xpfd.xcp.upt                      1.82731
xdut.xpfd.xcp.xp_t0.bg                     3.3
xdut.xpfd.xcp.xp_t0.mid                1.32461
xdut.xpfd.xcp.xp_t1a.bg                    3.3
xdut.xpfd.xcp.xp_t1a.mid               1.32461
xdut.xpfd.xcp.xp_t1b.bg                    3.3
xdut.xpfd.xcp.xp_t1b.mid               1.32461
vctrl                                    1.825
xdut.xpfd.xcp.vdump                    1.82421
xdut.xpfd.xcp.xbuf.nsrc               0.800374
xdut.xpfd.xcp.xbuf.nda                 2.53854
xdut.xpfd.xcp.xbuf.psrc                2.54173
xdut.xpfd.xcp.xbuf.pda                0.760585
xdut.xlf.nr1                             1.825
xdut.xlf.xrf1.11                         1.825
xdut.xlf.xrf1.21                         1.825
xdut.xlf.nr2                             1.825
xdut.xlf.xrf2.11                         1.825
xdut.xlf.xrf2.21                         1.825
xdut.xlf.nr3                             1.825
xdut.xlf.xrf3.11                         1.825
xdut.xlf.xrf3.21                         1.825
xdut.xlf.nz                              1.825
xdut.xlf.xrf4.11                         1.825
xdut.xlf.xrf4.21                         1.825
xdut.xlf.xcf1.c_moscap_int1             -1.825
xdut.xlf.xcf2.c_moscap_int1             -1.825
xdut.xlf.xcf3.c_moscap_int1             -1.825
xdut.xlf.xcf4.c_moscap_int1             -1.825
xdut.xvco.xbias.na                     1.03154
xdut.xvco.xbias.vbpc                    2.4217
xdut.xvco.xbias.nc                    0.124404
xdut.xvco.xbias.xrcg.11               0.124168
xdut.xvco.xbias.xrcg.21            0.000235751
xdut.xvco.xbias.nsu                  0.0148146
xdut.xvco.xbias.vfix                   1.95393
xdut.xvco.xbias.nmd                   0.839378
xdut.xvco.xbias.vbp0                   2.51001
xdut.xvco.xbias.noff                  0.845635
xdut.xvco.xbias.xroff.11              0.845354
xdut.xvco.xbias.xroff.21           0.000280292
xdut.xvco.xbias.nvi                    0.75193
xdut.xvco.xbias.xrdeg.11              0.751681
xdut.xvco.xbias.xrdeg.21           0.000249233
xdut.xvco.xbias.b0b                        3.3
xdut.xvco.xbias.b1b                6.13674e-09
xdut.xvco.xbias.b2b                6.13674e-09
xdut.xvco.xbias.vbn1                  0.821658
xdut.xvco.xbias.ga                         3.3
xdut.xvco.xbias.vbp2                   2.45261
xdut.xvco.xbias.gb                    0.821658
xdut.xvco.vbn                          1.06103
xdut.xvco.xbias.gc                     2.45261
xdut.xvco.vbp                          2.25963
xdut.xvco.xs1.nh                       1.35834
xdut.xvco.y1                                 0
xdut.xvco.y5                                 0
xdut.xvco.xs1.nt                             0
xdut.xvco.xs2.nh                           3.3
xdut.xvco.y2                               3.3
xdut.xvco.xs2.nt                   4.92693e-10
xdut.xvco.xs3.nh                           3.3
xdut.xvco.y3                                 0
xdut.xvco.xs3.nt                             0
xdut.xvco.xs4.nh                           3.3
xdut.xvco.y4                               3.3
xdut.xvco.xs4.nt                   4.92693e-10
xdut.xvco.xs5.nh                           3.3
xdut.xvco.xs5.nt                             0
xdut.xvco.nb1                              3.3
xdut.xvco.nb2                      4.38502e-09
clk                                        3.3
xdut.xvco.xcdec1.c_moscap_int1            -3.3
xdut.xvco.xcdec2.c_moscap_int1            -3.3
xdut.xdiv.xd0.sb                           3.3
xdut.xdiv.mi0                      6.25983e-09
xdut.xdiv.mo0                          1.73466
xdut.xdiv.xd0.xn3.nm1                 0.021223
xdut.xdiv.xd0.xn3.nm2              7.72093e-12
xdut.xdiv.xd0.dqn                     0.497382
xdut.xdiv.xd0.qb                       1.73464
xdut.xdiv.xd0.xn2q.nmid               0.136592
xdut.xdiv.xd0.dq                        3.2999
xdut.xdiv.xd0.xfq.ckb              6.25983e-09
xdut.xdiv.xd0.xfq.ckbb                     3.3
xdut.xdiv.xd0.xfq.nm                   1.73466
xdut.xdiv.xd0.xfq.nma                  1.73466
xdut.xdiv.xd0.xfq.nmb                  1.73466
xdut.xdiv.xd0.xfq.ns                   1.73466
xdut.xdiv.xd0.q                        1.73466
xdut.xdiv.ck1                          1.73058
xdut.xdiv.xd0.nmo                          3.3
xdut.xdiv.xd0.xn2m.nmid             2.1014e-10
xdut.xdiv.xd0.dmo                  1.21653e-08
xdut.xdiv.xd0.xfmo.ckb             6.25983e-09
xdut.xdiv.xd0.xfmo.ckbb                    3.3
xdut.xdiv.xd0.xfmo.nm                  1.73466
xdut.xdiv.xd0.xfmo.nma                 1.73466
xdut.xdiv.xd0.xfmo.nmb                 1.73466
xdut.xdiv.xd0.xfmo.ns                  1.73466
xdut.xdiv.xd0.mob                      1.73464
xdut.xdiv.xd1.sb                           3.3
xdut.xdiv.mi1                              3.3
xdut.xdiv.mo1                      3.67703e-07
xdut.xdiv.xd1.xn3.nm1                   2.6845
xdut.xdiv.xd1.xn3.nm2                  2.65938
xdut.xdiv.xd1.dqn                          3.3
xdut.xdiv.xd1.qb                      0.158881
xdut.xdiv.xd1.xn2q.nmid            1.03237e-08
xdut.xdiv.xd1.dq                   2.28172e-08
xdut.xdiv.xd1.xfq.ckb                  1.80914
xdut.xdiv.xd1.xfq.ckbb                0.675374
xdut.xdiv.xd1.xfq.nm               4.06914e-08
xdut.xdiv.xd1.xfq.nma                  3.14791
xdut.xdiv.xd1.xfq.nmb              3.61933e-08
xdut.xdiv.xd1.xfq.ns                  0.591358
xdut.xdiv.xd1.q                        3.29914
xdut.xdiv.ck2                              3.3
xdut.xdiv.xd1.nmo                  1.24814e-08
xdut.xdiv.xd1.xn2m.nmid            6.24112e-09
xdut.xdiv.xd1.dmo                          3.3
xdut.xdiv.xd1.xfmo.ckb                 1.80914
xdut.xdiv.xd1.xfmo.ckbb               0.675374
xdut.xdiv.xd1.xfmo.nm                      3.3
xdut.xdiv.xd1.xfmo.nma                0.114732
xdut.xdiv.xd1.xfmo.nmb                     3.3
xdut.xdiv.xd1.xfmo.ns                  3.04888
xdut.xdiv.xd1.mob                      3.18911
xdut.xdiv.xd2.sb                           3.3
xdut.xdiv.mi2                      6.25983e-09
xdut.xdiv.mo2                      6.25983e-09
xdut.xdiv.xd2.xn3.nm1                0.0213087
xdut.xdiv.xd2.xn3.nm2               0.00139335
xdut.xdiv.xd2.dqn                  1.24725e-08
xdut.xdiv.xd2.qb                           3.3
xdut.xdiv.xd2.xn2q.nmid            6.23624e-09
xdut.xdiv.xd2.dq                           3.3
xdut.xdiv.xd2.xfq.ckb              6.25983e-09
xdut.xdiv.xd2.xfq.ckbb                     3.3
xdut.xdiv.xd2.xfq.nm               3.56158e-08
xdut.xdiv.xd2.xfq.nma                      3.3
xdut.xdiv.xd2.xfq.nmb              2.37064e-08
xdut.xdiv.xd2.xfq.ns                       3.3
xdut.xdiv.xd2.q                    6.25983e-09
xdut.xdiv.ck3                      3.42982e-09
xdut.xdiv.xd2.nmo                          3.3
xdut.xdiv.xd2.xn2m.nmid              0.0160221
xdut.xdiv.xd2.dmo                   1.2131e-08
xdut.xdiv.xd2.xfmo.ckb             6.25983e-09
xdut.xdiv.xd2.xfmo.ckbb                    3.3
xdut.xdiv.xd2.xfmo.nm              3.46137e-08
xdut.xdiv.xd2.xfmo.nma                     3.3
xdut.xdiv.xd2.xfmo.nmb             2.32053e-08
xdut.xdiv.xd2.xfmo.ns                      3.3
xdut.xdiv.xd2.mob                          3.3
xdut.xdiv.xd3.sb                           3.3
xdut.xdiv.mi3                              3.3
xdut.xdiv.mo3                      6.25983e-09
xdut.xdiv.xd3.xn3.nm1                  2.70352
xdut.xdiv.xd3.xn3.nm2                0.0162355
xdut.xdiv.xd3.dqn                  1.24725e-08
xdut.xdiv.xd3.qb                           3.3
xdut.xdiv.xd3.xn2q.nmid            6.23624e-09
xdut.xdiv.xd3.dq                           3.3
xdut.xdiv.xd3.xfq.ckb                      3.3
xdut.xdiv.xd3.xfq.ckbb             6.25983e-09
xdut.xdiv.xd3.xfq.nm                       3.3
xdut.xdiv.xd3.xfq.nma              1.26321e-08
xdut.xdiv.xd3.xfq.nmb                      3.3
xdut.xdiv.xd3.xfq.ns                       3.3
xdut.xdiv.xd3.q                    6.25983e-09
xdut.xdiv.ck4                      3.42982e-09
xdut.xdiv.xd3.nmo                          3.3
xdut.xdiv.xd3.xn2m.nmid                2.69033
xdut.xdiv.xd3.dmo                  2.32053e-08
xdut.xdiv.xd3.xfmo.ckb                     3.3
xdut.xdiv.xd3.xfmo.ckbb            6.25983e-09
xdut.xdiv.xd3.xfmo.nm              3.46137e-08
xdut.xdiv.xd3.xfmo.nma                     3.3
xdut.xdiv.xd3.xfmo.nmb              1.2131e-08
xdut.xdiv.xd3.xfmo.ns                      3.3
xdut.xdiv.xd3.mob                          3.3
xdut.xdiv.xd4.sb                           3.3
xdut.xdiv.mi4                      6.25983e-09
xdut.xdiv.mo4                              3.3
xdut.xdiv.xd4.xn3.nm1                 0.021223
xdut.xdiv.xd4.xn3.nm2              4.68633e-12
xdut.xdiv.xd4.dqn                  1.24725e-08
xdut.xdiv.xd4.qb                           3.3
xdut.xdiv.xd4.xn2q.nmid            6.23624e-09
xdut.xdiv.xd4.dq                           3.3
xdut.xdiv.xd4.xfq.ckb                      3.3
xdut.xdiv.xd4.xfq.ckbb             6.25983e-09
xdut.xdiv.xd4.xfq.nm                       3.3
xdut.xdiv.xd4.xfq.nma              1.26321e-08
xdut.xdiv.xd4.xfq.nmb                      3.3
xdut.xdiv.xd4.xfq.ns                       3.3
xdut.xdiv.xd4.q                    6.25983e-09
xdut.xdiv.ck5                      3.42982e-09
xdut.xdiv.xd4.nmo                          3.3
xdut.xdiv.xd4.xn2m.nmid              0.0160221
xdut.xdiv.xd4.dmo                  2.32053e-08
xdut.xdiv.xd4.xfmo.ckb                     3.3
xdut.xdiv.xd4.xfmo.ckbb            6.25983e-09
xdut.xdiv.xd4.xfmo.nm              3.46137e-08
xdut.xdiv.xd4.xfmo.nma                     3.3
xdut.xdiv.xd4.xfmo.nmb              1.2131e-08
xdut.xdiv.xd4.xfmo.ns              3.56158e-08
xdut.xdiv.xd4.mob                  2.37064e-08
xdut.xdiv.xd5.sb                           3.3
xdut.xdiv.mo5                      6.25983e-09
xdut.xdiv.xd5.xn3.nm1                0.0213091
xdut.xdiv.xd5.xn3.nm2               0.00139337
xdut.xdiv.xd5.dqn                  1.24725e-08
xdut.xdiv.xd5.qb                           3.3
xdut.xdiv.xd5.xn2q.nmid            6.23624e-09
xdut.xdiv.xd5.dq                           3.3
xdut.xdiv.xd5.xfq.ckb                      3.3
xdut.xdiv.xd5.xfq.ckbb             6.25983e-09
xdut.xdiv.xd5.xfq.nm                       3.3
xdut.xdiv.xd5.xfq.nma              1.26321e-08
xdut.xdiv.xd5.xfq.nmb                      3.3
xdut.xdiv.xd5.xfq.ns                       3.3
xdut.xdiv.xd5.q                    6.25983e-09
xdut.xdiv.ck6                      3.42982e-09
xdut.xdiv.xd5.nmo                          3.3
xdut.xdiv.xd5.xn2m.nmid              0.0160215
xdut.xdiv.xd5.dmo                  2.32053e-08
xdut.xdiv.xd5.xfmo.ckb                     3.3
xdut.xdiv.xd5.xfmo.ckbb            6.25983e-09
xdut.xdiv.xd5.xfmo.nm              3.46137e-08
xdut.xdiv.xd5.xfmo.nma                     3.3
xdut.xdiv.xd5.xfmo.nmb              1.2131e-08
xdut.xdiv.xd5.xfmo.ns                      3.3
xdut.xdiv.xd5.mob                          3.3
xdut.xdiv.xnr0.pmid                        3.3
xdut.xdiv.nmi0                             3.3
xdut.xdiv.xnr1.pmid                        3.3
xdut.xdiv.nmi1                     6.88559e-09
xdut.xdiv.xnr2.pmid                        3.3
xdut.xdiv.nmi2                             3.3
xdut.xdiv.xnr3.pmid                   0.658757
xdut.xdiv.nmi3                     1.16389e-08
xdut.xdiv.xnr4.pmid                        3.3
xdut.xdiv.nmi4                             3.3
xdut.xdiv.t0                               3.3
xdut.xdiv.xm0.nmid                     1.32478
xdut.xdiv.t1                       1.24725e-08
xdut.xdiv.xm1.nmid                 6.23624e-09
xdut.xdiv.t2                               3.3
xdut.xdiv.xm2.nmid                   0.0160219
xdut.xdiv.t3                               3.3
xdut.xdiv.xm3.nmid                   0.0160219
xdut.xdiv.t4                               3.3
xdut.xdiv.xm4.nmid                   0.0160215
xdut.xdiv.t5                               3.3
xdut.xdiv.xm5.nmid                   0.0160215
xdut.xdiv.ma                               3.3
xdut.xdiv.xma.nm1                      2.70337
xdut.xdiv.xma.nm2                  8.85881e-11
xdut.xdiv.mb                       1.86221e-08
xdut.xdiv.xmb.nm1                  1.24147e-08
xdut.xdiv.xmb.nm2                  6.20735e-09
xdut.xdiv.xmno.pmid                   0.658757
xdut.xdiv.divoutb                   1.1639e-08
divout                                     3.3
xdut.xdiv.xfrt.ckb                 6.25983e-09
xdut.xdiv.xfrt.ckbb                        3.3
xdut.xdiv.xfrt.nm                  3.56158e-08
xdut.xdiv.xfrt.nma                         3.3
xdut.xdiv.xfrt.nmb                 2.37064e-08
xdut.xdiv.xfrt.ns                          3.3
xdut.xdiv.fbb                              3.3
xdut.xld.xerr.n1                           3.3
xdut.xld.xerr.xg1.nmid               0.0160219
xdut.xld.xerr.n2                           3.3
xdut.xld.xerr.xg2.nmid              1.2631e-10
xdut.xld.xerr.n3                           3.3
xdut.xld.xerr.xg3.nmid              1.2631e-10
xdut.xld.err                       1.24725e-08
xdut.xld.xerr.xg4.nmid             6.23624e-09
xdut.xld.xdly.d1                           3.3
xdut.xld.xdly.d2                   6.25983e-09
xdut.xld.xdly.d3                           3.3
xdut.xld.errd                      6.25983e-09
xdut.xld.wideb                             3.3
xdut.xld.xnw.nmid                    0.0160221
xdut.xld.wide                      6.25983e-09
xdut.vwin                              3.29999
xdut.xld.xsch.p1                      0.688587
xdut.xld.lockb                     1.18282e-08
xdut.xld.xsch.n1                   5.95696e-09
lock                                       3.3
e.xdut.xvco.xcdec2.ec_moscap#branch         3.3e-12
e.xdut.xvco.xcdec1.ec_moscap#branch         3.3e-12
e.xdut.xlf.xcf4.ec_moscap#branch       1.825e-12
e.xdut.xlf.xcf3.ec_moscap#branch       1.825e-12
e.xdut.xlf.xcf2.ec_moscap#branch       1.825e-12
e.xdut.xlf.xcf1.ec_moscap#branch       1.825e-12
vs5#branch                                   0
vs4#branch                                   0
vs3#branch                                   0
vs2#branch                                   0
vs1#branch                            -3.3e-12
vs0#branch                                   0
vp5#branch                                   0
vp4#branch                                   0
vp3#branch                                   0
vp2#branch                                   0
vp1#branch                            -3.3e-12
vp0#branch                                   0
vcpb1#branch                                 0
vcpb0#branch                                 0
vb2#branch                            -3.3e-12
vb1#branch                            -3.3e-12
vb0#branch                                   0
vref#branch                                  0
vvss#branch                         0.00228952
vgndvco#branch                     0.000145861
vvdddiv#branch                     -0.00225551
vvddvco#branch                    -0.000197072
vvdd#branch                       -5.00076e-05

 Reference value :  3.50000e-06
 Reference value :  3.50038e-06
 Reference value :  3.50091e-06
 Reference value :  3.50135e-06
 Reference value :  3.50188e-06
 Reference value :  3.50275e-06
 Reference value :  3.50331e-06
 Reference value :  3.50389e-06
 Reference value :  3.50563e-06
 Reference value :  3.50686e-06
 Reference value :  3.50749e-06
 Reference value :  3.50802e-06
 Reference value :  3.50992e-06
 Reference value :  3.51038e-06
 Reference value :  3.51133e-06
 Reference value :  3.51331e-06
 Reference value :  3.51386e-06
 Reference value :  3.51544e-06
 Reference value :  3.51675e-06
 Reference value :  3.51792e-06
 Reference value :  3.51992e-06
 Reference value :  3.52038e-06
 Reference value :  3.52083e-06
 Reference value :  3.52185e-06
 Reference value :  3.52338e-06
 Reference value :  3.52467e-06
 Reference value :  3.52647e-06
 Reference value :  3.52708e-06
 Reference value :  3.52838e-06
 Reference value :  3.53012e-06
 Reference value :  3.53077e-06
 Reference value :  3.53297e-06
 Reference value :  3.53380e-06
 Reference value :  3.53445e-06
 Reference value :  3.53510e-06
 Reference value :  3.53545e-06
 Reference value :  3.53595e-06
 Reference value :  3.53677e-06
 Reference value :  3.53819e-06
 Reference value :  3.54000e-06
 Reference value :  3.54041e-06
 Reference value :  3.54075e-06
 Reference value :  3.54141e-06
 Reference value :  3.54195e-06
 Reference value :  3.54261e-06
 Reference value :  3.54301e-06
 Reference value :  3.54332e-06
 Reference value :  3.54379e-06
 Reference value :  3.54403e-06
 Reference value :  3.54505e-06
 Reference value :  3.54535e-06
 Reference value :  3.54555e-06
 Reference value :  3.54575e-06
 Reference value :  3.54677e-06
 Reference value :  3.54719e-06
 Reference value :  3.54753e-06
 Reference value :  3.54780e-06
 Reference value :  3.54838e-06
 Reference value :  3.54918e-06
 Reference value :  3.55016e-06
 Reference value :  3.55084e-06
 Reference value :  3.55194e-06
 Reference value :  3.55339e-06
 Reference value :  3.55373e-06
 Reference value :  3.55448e-06
 Reference value :  3.55498e-06
 Reference value :  3.55578e-06
 Reference value :  3.55638e-06
 Reference value :  3.55658e-06
 Reference value :  3.55666e-06
 Reference value :  3.55671e-06
 Reference value :  3.55683e-06
 Reference value :  3.55688e-06
 Reference value :  3.55698e-06
 Reference value :  3.55723e-06
 Reference value :  3.55753e-06
 Reference value :  3.55773e-06
 Reference value :  3.55803e-06
 Reference value :  3.55823e-06
 Reference value :  3.55843e-06
 Reference value :  3.55863e-06
 Reference value :  3.55883e-06
 Reference value :  3.55913e-06
 Reference value :  3.55943e-06
 Reference value :  3.55973e-06
 Reference value :  3.55993e-06
 Reference value :  3.56009e-06
 Reference value :  3.56020e-06
 Reference value :  3.56021e-06
 Reference value :  3.56025e-06
 Reference value :  3.56029e-06
 Reference value :  3.56058e-06
 Reference value :  3.56097e-06
 Reference value :  3.56256e-06
 Reference value :  3.56364e-06
 Reference value :  3.56546e-06
 Reference value :  3.56683e-06
 Reference value :  3.56747e-06
 Reference value :  3.56948e-06
 Reference value :  3.57043e-06
 Reference value :  3.57239e-06
 Reference value :  3.57371e-06
 Reference value :  3.57428e-06
 Reference value :  3.57492e-06
 Reference value :  3.57654e-06
 Reference value :  3.57706e-06
 Reference value :  3.57885e-06
 Reference value :  3.58010e-06
 Reference value :  3.58053e-06
 Reference value :  3.58102e-06
 Reference value :  3.58157e-06
 Reference value :  3.58200e-06
 Reference value :  3.58262e-06
 Reference value :  3.58328e-06
 Reference value :  3.58370e-06
 Reference value :  3.58390e-06
 Reference value :  3.58484e-06
 Reference value :  3.58670e-06
 Reference value :  3.58721e-06
 Reference value :  3.58776e-06
 Reference value :  3.58920e-06
 Reference value :  3.59029e-06
 Reference value :  3.59201e-06
 Reference value :  3.59347e-06
 Reference value :  3.59407e-06
 Reference value :  3.59556e-06
 Reference value :  3.59686e-06
 Reference value :  3.59818e-06
 Reference value :  3.60007e-06
 Reference value :  3.60063e-06
 Reference value :  3.60112e-06
 Reference value :  3.60317e-06
 Reference value :  3.60396e-06
 Reference value :  3.60606e-06
 Reference value :  3.60704e-06
 Reference value :  3.60795e-06
 Reference value :  3.60975e-06
 Reference value :  3.61072e-06
 Reference value :  3.61282e-06
 Reference value :  3.61385e-06
 Reference value :  3.61417e-06
 Reference value :  3.61460e-06
 Reference value :  3.61517e-06
 Reference value :  3.61540e-06
 Reference value :  3.61577e-06
 Reference value :  3.61667e-06
 Reference value :  3.61712e-06
 Reference value :  3.61748e-06
 Reference value :  3.61778e-06
 Reference value :  3.61988e-06
 Reference value :  3.62030e-06
 Reference value :  3.62075e-06
 Reference value :  3.62122e-06
 Reference value :  3.62178e-06
 Reference value :  3.62261e-06
 Reference value :  3.62320e-06
 Reference value :  3.62377e-06
 Reference value :  3.62516e-06
 Reference value :  3.62670e-06
 Reference value :  3.62729e-06
 Reference value :  3.62773e-06
 Reference value :  3.62910e-06
 Reference value :  3.62999e-06
 Reference value :  3.63027e-06
 Reference value :  3.63135e-06
 Reference value :  3.63285e-06
 Reference value :  3.63349e-06
 Reference value :  3.63408e-06
 Reference value :  3.63518e-06
 Reference value :  3.63648e-06
 Reference value :  3.63697e-06
 Reference value :  3.63752e-06
 Reference value :  3.63962e-06
 Reference value :  3.64035e-06
 Reference value :  3.64077e-06
 Reference value :  3.64156e-06
 Reference value :  3.64334e-06
 Reference value :  3.64428e-06
 Reference value :  3.64648e-06
 Reference value :  3.64720e-06
 Reference value :  3.64869e-06
 Reference value :  3.65017e-06
 Reference value :  3.65163e-06
 Reference value :  3.65333e-06
 Reference value :  3.65396e-06
 Reference value :  3.65461e-06
 Reference value :  3.65500e-06
 Reference value :  3.65674e-06
 Reference value :  3.65772e-06
 Reference value :  3.65972e-06
 Reference value :  3.66026e-06
 Reference value :  3.66080e-06
 Reference value :  3.66145e-06
 Reference value :  3.66195e-06
 Reference value :  3.66275e-06
 Reference value :  3.66332e-06
 Reference value :  3.66387e-06
 Reference value :  3.66568e-06
 Reference value :  3.66685e-06
 Reference value :  3.66740e-06
 Reference value :  3.66775e-06
 Reference value :  3.66800e-06
 Reference value :  3.66919e-06
 Reference value :  3.67014e-06
 Reference value :  3.67067e-06
 Reference value :  3.67207e-06
 Reference value :  3.67335e-06
 Reference value :  3.67345e-06
 Reference value :  3.67388e-06
 Reference value :  3.67475e-06
 Reference value :  3.67605e-06
 Reference value :  3.67689e-06
 Reference value :  3.67853e-06
 Reference value :  3.68013e-06
 Reference value :  3.68053e-06
 Reference value :  3.68087e-06
 Reference value :  3.68107e-06
 Reference value :  3.68276e-06
 Reference value :  3.68365e-06
 Reference value :  3.68528e-06
 Reference value :  3.68684e-06
 Reference value :  3.68769e-06
 Reference value :  3.68919e-06
 Reference value :  3.68949e-06
 Reference value :  3.69030e-06
 Reference value :  3.69137e-06
 Reference value :  3.69277e-06
 Reference value :  3.69363e-06
 Reference value :  3.69395e-06
 Reference value :  3.69456e-06
 Reference value :  3.69475e-06
 Reference value :  3.69530e-06
 Reference value :  3.69584e-06
 Reference value :  3.69688e-06
 Reference value :  3.69844e-06
 Reference value :  3.69992e-06
 Reference value :  3.70008e-06
 Reference value :  3.70048e-06
 Reference value :  3.70099e-06
 Reference value :  3.70157e-06
 Reference value :  3.70211e-06
 Reference value :  3.70280e-06
 Reference value :  3.70336e-06
 Reference value :  3.70398e-06
 Reference value :  3.70568e-06
 Reference value :  3.70681e-06
 Reference value :  3.70739e-06
 Reference value :  3.70788e-06
 Reference value :  3.70956e-06
 Reference value :  3.71033e-06
 Reference value :  3.71222e-06
 Reference value :  3.71341e-06
 Reference value :  3.71407e-06
 Reference value :  3.71585e-06
 Reference value :  3.71688e-06
 Reference value :  3.71830e-06
 Reference value :  3.71999e-06
 Reference value :  3.72046e-06
 Reference value :  3.72097e-06
 Reference value :  3.72256e-06
 Reference value :  3.72361e-06
 Reference value :  3.72538e-06
 Reference value :  3.72680e-06
 Reference value :  3.72742e-06
 Reference value :  3.72896e-06
 Reference value :  3.73022e-06
 Reference value :  3.73183e-06
 Reference value :  3.73338e-06
 Reference value :  3.73401e-06
 Reference value :  3.73449e-06
 Reference value :  3.73533e-06
 Reference value :  3.73671e-06
 Reference value :  3.73761e-06
 Reference value :  3.73971e-06
 Reference value :  3.74014e-06
 Reference value :  3.74026e-06
 Reference value :  3.74055e-06
 Reference value :  3.74092e-06
 Reference value :  3.74141e-06
 Reference value :  3.74179e-06
 Reference value :  3.74223e-06
 Reference value :  3.74276e-06
 Reference value :  3.74302e-06
 Reference value :  3.74357e-06
 Reference value :  3.74422e-06
 Reference value :  3.74612e-06
 Reference value :  3.74713e-06
 Reference value :  3.74761e-06
 Reference value :  3.74888e-06
 Reference value :  3.75011e-06
 Reference value :  3.75149e-06
 Reference value :  3.75329e-06
 Reference value :  3.75382e-06
 Reference value :  3.75534e-06
 Reference value :  3.75624e-06
 Reference value :  3.75706e-06
 Reference value :  3.75731e-06
 Reference value :  3.75751e-06
 Reference value :  3.75861e-06
 Reference value :  3.75991e-06
 Reference value :  3.76017e-06
 Reference value :  3.76030e-06
 Reference value :  3.76037e-06
 Reference value :  3.76058e-06
 Reference value :  3.76093e-06
 Reference value :  3.76126e-06
 Reference value :  3.76176e-06
 Reference value :  3.76339e-06
 Reference value :  3.76468e-06
 Reference value :  3.76648e-06
 Reference value :  3.76718e-06
 Reference value :  3.76791e-06
 Reference value :  3.76991e-06
 Reference value :  3.77046e-06
 Reference value :  3.77236e-06
 Reference value :  3.77349e-06
 Reference value :  3.77411e-06
 Reference value :  3.77453e-06
 Reference value :  3.77496e-06
 Reference value :  3.77561e-06
 Reference value :  3.77687e-06
 Reference value :  3.77831e-06
 Reference value :  3.78002e-06
 Reference value :  3.78038e-06
 Reference value :  3.78106e-06
 Reference value :  3.78162e-06
 Reference value :  3.78230e-06
 Reference value :  3.78300e-06
 Reference value :  3.78352e-06
 Reference value :  3.78397e-06
 Reference value :  3.78578e-06
 Reference value :  3.78686e-06
 Reference value :  3.78711e-06
 Reference value :  3.78751e-06
 Reference value :  3.78825e-06
 Reference value :  3.79005e-06
 Reference value :  3.79107e-06
 Reference value :  3.79317e-06
 Reference value :  3.79371e-06
 Reference value :  3.79493e-06
 Reference value :  3.79671e-06
 Reference value :  3.79779e-06
 Reference value :  3.79989e-06
 Reference value :  3.80040e-06
 Reference value :  3.80092e-06
 Reference value :  3.80206e-06
 Reference value :  3.80345e-06
 Reference value :  3.80478e-06
 Reference value :  3.80658e-06
 Reference value :  3.80684e-06
 Reference value :  3.80729e-06
 Reference value :  3.80829e-06
 Reference value :  3.80949e-06
 Reference value :  3.81017e-06
 Reference value :  3.81111e-06
 Reference value :  3.81271e-06
 Reference value :  3.81365e-06
 Reference value :  3.81405e-06
 Reference value :  3.81435e-06
 Reference value :  3.81485e-06
 Reference value :  3.81660e-06
 Reference value :  3.81705e-06
 Reference value :  3.81761e-06
 Reference value :  3.81951e-06
 Reference value :  3.81981e-06
 Reference value :  3.82007e-06
 Reference value :  3.82048e-06
 Reference value :  3.82075e-06
 Reference value :  3.82089e-06
 Reference value :  3.82094e-06
 Reference value :  3.82128e-06
 Reference value :  3.82178e-06
 Reference value :  3.82246e-06
 Reference value :  3.82305e-06
 Reference value :  3.82357e-06
 Reference value :  3.82395e-06
 Reference value :  3.82451e-06
 Reference value :  3.82561e-06
 Reference value :  3.82679e-06
 Reference value :  3.82713e-06
 Reference value :  3.82722e-06
 Reference value :  3.82730e-06
 Reference value :  3.82750e-06
 Reference value :  3.82783e-06
 Reference value :  3.82968e-06
 Reference value :  3.83030e-06
 Reference value :  3.83115e-06
 Reference value :  3.83235e-06
 Reference value :  3.83340e-06
 Reference value :  3.83383e-06
 Reference value :  3.83424e-06
 Reference value :  3.83464e-06
 Reference value :  3.83504e-06
 Reference value :  3.83654e-06
 Reference value :  3.83670e-06
 Reference value :  3.83674e-06
 Reference value :  3.83686e-06
 Reference value :  3.83739e-06
 Reference value :  3.83759e-06
 Reference value :  3.83779e-06
 Reference value :  3.83809e-06
 Reference value :  3.83829e-06
 Reference value :  3.83849e-06
 Reference value :  3.83869e-06
 Reference value :  3.83889e-06
 Reference value :  3.83919e-06
 Reference value :  3.83949e-06
 Reference value :  3.83979e-06
 Reference value :  3.83999e-06
 Reference value :  3.84006e-06
 Reference value :  3.84019e-06
 Reference value :  3.84046e-06
 Reference value :  3.84097e-06
 Reference value :  3.84237e-06
 Reference value :  3.84355e-06
 Reference value :  3.84538e-06
 Reference value :  3.84681e-06
 Reference value :  3.84747e-06
 Reference value :  3.84929e-06
 Reference value :  3.85039e-06
 Reference value :  3.85211e-06
 Reference value :  3.85377e-06
 Reference value :  3.85433e-06
 Reference value :  3.85500e-06
 Reference value :  3.85565e-06
 Reference value :  3.85618e-06
 Reference value :  3.85712e-06
 Reference value :  3.85892e-06
 Reference value :  3.86009e-06
 Reference value :  3.86049e-06
 Reference value :  3.86108e-06
 Reference value :  3.86168e-06
 Reference value :  3.86230e-06
 Reference value :  3.86276e-06
 Reference value :  3.86313e-06
 Reference value :  3.86343e-06
 Reference value :  3.86372e-06
 Reference value :  3.86402e-06
 Reference value :  3.86454e-06
 Reference value :  3.86594e-06
 Reference value :  3.86678e-06
 Reference value :  3.86702e-06
 Reference value :  3.86714e-06
 Reference value :  3.86743e-06
 Reference value :  3.86790e-06
 Reference value :  3.86967e-06
 Reference value :  3.87032e-06
 Reference value :  3.87190e-06
 Reference value :  3.87343e-06
 Reference value :  3.87386e-06
 Reference value :  3.87517e-06
 Reference value :  3.87664e-06
 Reference value :  3.87670e-06
 Reference value :  3.87696e-06
 Reference value :  3.87870e-06
 Reference value :  3.88010e-06
 Reference value :  3.88053e-06
 Reference value :  3.88087e-06
 Reference value :  3.88112e-06
 Reference value :  3.88257e-06
 Reference value :  3.88345e-06
 Reference value :  3.88418e-06
 Reference value :  3.88558e-06
 Reference value :  3.88648e-06
 Reference value :  3.88668e-06
 Reference value :  3.88688e-06
 Reference value :  3.88780e-06
 Reference value :  3.88990e-06
 Reference value :  3.89098e-06
 Reference value :  3.89308e-06
 Reference value :  3.89387e-06
 Reference value :  3.89446e-06
 Reference value :  3.89514e-06
 Reference value :  3.89677e-06
 Reference value :  3.89789e-06
 Reference value :  3.89929e-06
 Reference value :  3.89959e-06
 Reference value :  3.90000e-06
 Reference value :  3.90023e-06
 Reference value :  3.90081e-06
 Reference value :  3.90146e-06
 Reference value :  3.90201e-06
 Reference value :  3.90283e-06
 Reference value :  3.90333e-06
 Reference value :  3.90388e-06
 Reference value :  3.90420e-06
 Reference value :  3.90609e-06
 Reference value :  3.90684e-06
 Reference value :  3.90740e-06
 Reference value :  3.90790e-06
 Reference value :  3.90958e-06
 Reference value :  3.91009e-06
 Reference value :  3.91043e-06
 Reference value :  3.91173e-06
 Reference value :  3.91323e-06
 Reference value :  3.91356e-06
 Reference value :  3.91399e-06
 Reference value :  3.91498e-06
 Reference value :  3.91638e-06
 Reference value :  3.91677e-06
 Reference value :  3.91810e-06
 Reference value :  3.91990e-06
 Reference value :  3.92036e-06
 Reference value :  3.92087e-06
 Reference value :  3.92217e-06
 Reference value :  3.92340e-06
 Reference value :  3.92468e-06
 Reference value :  3.92668e-06
 Reference value :  3.92725e-06
 Reference value :  3.92890e-06
 Reference value :  3.93024e-06
 Reference value :  3.93198e-06
 Reference value :  3.93357e-06
 Reference value :  3.93410e-06
 Reference value :  3.93485e-06
 Reference value :  3.93547e-06
 Reference value :  3.93696e-06
 Reference value :  3.93850e-06
 Reference value :  3.94000e-06
 Reference value :  3.94038e-06
 Reference value :  3.94102e-06
 Reference value :  3.94168e-06
 Reference value :  3.94224e-06
 Reference value :  3.94303e-06
 Reference value :  3.94344e-06
 Reference value :  3.94401e-06
 Reference value :  3.94562e-06
 Reference value :  3.94692e-06
 Reference value :  3.94751e-06
 Reference value :  3.94829e-06
 Reference value :  3.94909e-06
 Reference value :  3.95020e-06
 Reference value :  3.95193e-06
 Reference value :  3.95332e-06
 Reference value :  3.95395e-06
 Reference value :  3.95542e-06
 Reference value :  3.95673e-06
 Reference value :  3.95750e-06
 Reference value :  3.95900e-06
 Reference value :  3.96020e-06
 Reference value :  3.96062e-06
 Reference value :  3.96127e-06
 Reference value :  3.96317e-06
 Reference value :  3.96429e-06
 Reference value :  3.96629e-06
 Reference value :  3.96710e-06
 Reference value :  3.96810e-06
 Reference value :  3.97000e-06
 Reference value :  3.97045e-06
 Reference value :  3.97082e-06
 Reference value :  3.97202e-06
 Reference value :  3.97322e-06
 Reference value :  3.97349e-06
 Reference value :  3.97364e-06
 Reference value :  3.97391e-06
 Reference value :  3.97418e-06
 Reference value :  3.97456e-06
 Reference value :  3.97478e-06
 Reference value :  3.97610e-06
 Reference value :  3.97706e-06
 Reference value :  3.97912e-06
 Reference value :  3.98020e-06
 Reference value :  3.98062e-06
 Reference value :  3.98085e-06
 Reference value :  3.98095e-06
 Reference value :  3.98134e-06
 Reference value :  3.98179e-06
 Reference value :  3.98212e-06
 Reference value :  3.98275e-06
 Reference value :  3.98287e-06
 Reference value :  3.98341e-06
 Reference value :  3.98397e-06
 Reference value :  3.98557e-06
 Reference value :  3.98617e-06
 Reference value :  3.98667e-06
 Reference value :  3.98732e-06
 Reference value :  3.98778e-06
 Reference value :  3.98782e-06
 Reference value :  3.98943e-06
 Reference value :  3.99036e-06
 Reference value :  3.99235e-06
 Reference value :  3.99335e-06
 Reference value :  3.99353e-06
 Reference value :  3.99418e-06
 Reference value :  3.99614e-06
 Reference value :  3.99689e-06
 Reference value :  3.99703e-06
 Reference value :  3.99883e-06
 Reference value :  4.00014e-06
 Reference value :  4.00053e-06
 Reference value :  4.00107e-06
 Reference value :  4.00287e-06
 Reference value :  4.00374e-06
 Reference value :  4.00570e-06
 Reference value :  4.00685e-06
 Reference value :  4.00745e-06
 Reference value :  4.00933e-06
 Reference value :  4.01022e-06
 Reference value :  4.01180e-06
 Reference value :  4.01330e-06
 Reference value :  4.01384e-06
 Reference value :  4.01443e-06
 Reference value :  4.01512e-06
 Reference value :  4.01567e-06
 Reference value :  4.01677e-06
 Reference value :  4.01750e-06
 Reference value :  4.01860e-06
 Reference value :  4.01970e-06
 Reference value :  4.02003e-06
 Reference value :  4.02045e-06
 Reference value :  4.02114e-06
 Reference value :  4.02175e-06
 Reference value :  4.02202e-06
 Reference value :  4.02277e-06
 Reference value :  4.02333e-06
 Reference value :  4.02387e-06
 Reference value :  4.02526e-06
 Reference value :  4.02678e-06
 Reference value :  4.02746e-06
 Reference value :  4.02796e-06
 Reference value :  4.02991e-06
 Reference value :  4.03076e-06
 Reference value :  4.03286e-06
 Reference value :  4.03369e-06
 Reference value :  4.03411e-06
 Reference value :  4.03604e-06
 Reference value :  4.03692e-06
 Reference value :  4.03861e-06
 Reference value :  4.04018e-06
 Reference value :  4.04060e-06
 Reference value :  4.04099e-06
 Reference value :  4.04258e-06
 Reference value :  4.04373e-06
 Reference value :  4.04570e-06
 Reference value :  4.04686e-06
 Reference value :  4.04754e-06
 Reference value :  4.04951e-06
 Reference value :  4.05042e-06
 Reference value :  4.05187e-06
 Reference value :  4.05352e-06
 Reference value :  4.05408e-06
 Reference value :  4.05437e-06
 Reference value :  4.05468e-06
 Reference value :  4.05544e-06
 Reference value :  4.05664e-06
 Reference value :  4.05678e-06
 Reference value :  4.05736e-06
 Reference value :  4.05886e-06
 Reference value :  4.06000e-06
 Reference value :  4.06029e-06
 Reference value :  4.06081e-06
 Reference value :  4.06148e-06
 Reference value :  4.06202e-06
 Reference value :  4.06277e-06
 Reference value :  4.06338e-06
 Reference value :  4.06386e-06
 Reference value :  4.06533e-06
 Reference value :  4.06680e-06
 Reference value :  4.06724e-06
 Reference value :  4.06773e-06
 Reference value :  4.06912e-06
 Reference value :  4.07027e-06
 Reference value :  4.07176e-06
 Reference value :  4.07351e-06
 Reference value :  4.07389e-06
 Reference value :  4.07455e-06
 Reference value :  4.07575e-06
 Reference value :  4.07625e-06
 Reference value :  4.07689e-06
 Reference value :  4.07744e-06
 Reference value :  4.07824e-06
 Reference value :  4.07874e-06
 Reference value :  4.07994e-06
 Reference value :  4.08059e-06
 Reference value :  4.08128e-06
 Reference value :  4.08298e-06
 Reference value :  4.08390e-06
 Reference value :  4.08560e-06
 Reference value :  4.08694e-06
 Reference value :  4.08762e-06
 Reference value :  4.08792e-06
 Reference value :  4.08982e-06
 Reference value :  4.09048e-06
 Reference value :  4.09125e-06
 Reference value :  4.09315e-06
 Reference value :  4.09399e-06
 Reference value :  4.09463e-06
 Reference value :  4.09528e-06
 Reference value :  4.09673e-06
 Reference value :  4.09783e-06
 Reference value :  4.09893e-06
 Reference value :  4.10015e-06
 Reference value :  4.10057e-06
 Reference value :  4.10102e-06
 Reference value :  4.10174e-06
 Reference value :  4.10248e-06
 Reference value :  4.10320e-06
 Reference value :  4.10374e-06
 Reference value :  4.10454e-06
 Reference value :  4.10664e-06
 Reference value :  4.10724e-06
 Reference value :  4.10758e-06
 Reference value :  4.10819e-06
 Reference value :  4.11004e-06
 Reference value :  4.11044e-06
 Reference value :  4.11233e-06
 Reference value :  4.11366e-06
 Reference value :  4.11415e-06
 Reference value :  4.11617e-06
 Reference value :  4.11692e-06
 Reference value :  4.11868e-06
 Reference value :  4.12021e-06
 Reference value :  4.12080e-06
 Reference value :  4.12182e-06
 Reference value :  4.12338e-06
 Reference value :  4.12457e-06
 Reference value :  4.12657e-06
 Reference value :  4.12724e-06
 Reference value :  4.12847e-06
 Reference value :  4.13003e-06
 Reference value :  4.13043e-06
 Reference value :  4.13179e-06
 Reference value :  4.13329e-06
 Reference value :  4.13379e-06
 Reference value :  4.13398e-06
 Reference value :  4.13423e-06
 Reference value :  4.13433e-06
 Reference value :  4.13451e-06
 Reference value :  4.13468e-06
 Reference value :  4.13533e-06
 Reference value :  4.13685e-06
 Reference value :  4.13812e-06
 Reference value :  4.14001e-06
 Reference value :  4.14033e-06
 Reference value :  4.14084e-06
 Reference value :  4.14148e-06
 Reference value :  4.14208e-06
 Reference value :  4.14291e-06
 Reference value :  4.14335e-06
 Reference value :  4.14393e-06
 Reference value :  4.14548e-06
 Reference value :  4.14686e-06
 Reference value :  4.14742e-06
 Reference value :  4.14792e-06
 Reference value :  4.14989e-06
 Reference value :  4.15035e-06
 Reference value :  4.15204e-06
 Reference value :  4.15345e-06
 Reference value :  4.15404e-06
 Reference value :  4.15526e-06
 Reference value :  4.15679e-06
 Reference value :  4.15799e-06
 Reference value :  4.15989e-06
 Reference value :  4.16040e-06
 Reference value :  4.16089e-06
 Reference value :  4.16237e-06
 Reference value :  4.16353e-06
 Reference value :  4.16510e-06
 Reference value :  4.16677e-06
 Reference value :  4.16682e-06
 Reference value :  4.16709e-06
 Reference value :  4.16746e-06
 Reference value :  4.16872e-06
 Reference value :  4.17000e-06
 Reference value :  4.17025e-06
 Reference value :  4.17109e-06
 Reference value :  4.17229e-06
 Reference value :  4.17269e-06
 Reference value :  4.17339e-06
 Reference value :  4.17395e-06
 Reference value :  4.17453e-06
 Reference value :  4.17522e-06
 Reference value :  4.17568e-06
 Reference value :  4.17597e-06
 Reference value :  4.17695e-06
 Reference value :  4.17838e-06
 Reference value :  4.18002e-06
 Reference value :  4.18033e-06
 Reference value :  4.18045e-06
 Reference value :  4.18053e-06
 Reference value :  4.18062e-06
 Reference value :  4.18083e-06
 Reference value :  4.18127e-06
 Reference value :  4.18159e-06
 Reference value :  4.18170e-06
 Reference value :  4.18214e-06
 Reference value :  4.18257e-06
 Reference value :  4.18316e-06
 Reference value :  4.18335e-06
 Reference value :  4.18371e-06
 Reference value :  4.18415e-06
 Reference value :  4.18522e-06
 Reference value :  4.18552e-06
 Reference value :  4.18582e-06
 Reference value :  4.18678e-06
 Reference value :  4.18686e-06
 Reference value :  4.18743e-06
 Reference value :  4.18758e-06
 Reference value :  4.18777e-06
 Reference value :  4.18781e-06
 Reference value :  4.18789e-06
 Reference value :  4.18854e-06
 Reference value :  4.18904e-06
 Reference value :  4.18994e-06
 Reference value :  4.19001e-06
 Reference value :  4.19007e-06
 Reference value :  4.19017e-06
 Reference value :  4.19026e-06
 Reference value :  4.19035e-06
 Reference value :  4.19052e-06
 Reference value :  4.19072e-06
 Reference value :  4.19092e-06
 Reference value :  4.19122e-06
 Reference value :  4.19152e-06
 Reference value :  4.19182e-06
 Reference value :  4.19202e-06
 Reference value :  4.19232e-06
 Reference value :  4.19262e-06
 Reference value :  4.19292e-06
 Reference value :  4.19322e-06
 Reference value :  4.19342e-06
 Reference value :  4.19348e-06
 Reference value :  4.19359e-06
 Reference value :  4.19369e-06
 Reference value :  4.19373e-06
 Reference value :  4.19378e-06
 Reference value :  4.19387e-06
 Reference value :  4.19392e-06
 Reference value :  4.19401e-06
 Reference value :  4.19405e-06
 Reference value :  4.19415e-06
 Reference value :  4.19428e-06
 Reference value :  4.19448e-06
 Reference value :  4.19478e-06
 Reference value :  4.19508e-06
 Reference value :  4.19528e-06
 Reference value :  4.19558e-06
 Reference value :  4.19588e-06
 Reference value :  4.19618e-06
 Reference value :  4.19648e-06
 Reference value :  4.19668e-06
 Reference value :  4.19673e-06
 Reference value :  4.19679e-06
 Reference value :  4.19687e-06
 Reference value :  4.19691e-06
 Reference value :  4.19699e-06
 Reference value :  4.19708e-06
 Reference value :  4.19733e-06
 Reference value :  4.19753e-06
 Reference value :  4.19783e-06
 Reference value :  4.19813e-06
 Reference value :  4.19843e-06
 Reference value :  4.19863e-06
 Reference value :  4.19883e-06
 Reference value :  4.19913e-06
 Reference value :  4.19943e-06
 Reference value :  4.19973e-06
 Reference value :  4.20002e-06
 Reference value :  4.20007e-06
 Reference value :  4.20011e-06
 Reference value :  4.20018e-06
 Reference value :  4.20021e-06
 Reference value :  4.20032e-06
 Reference value :  4.20040e-06
 Reference value :  4.20044e-06
 Reference value :  4.20048e-06
 Reference value :  4.20060e-06
 Reference value :  4.20069e-06
 Reference value :  4.20074e-06
 Reference value :  4.20085e-06
 Reference value :  4.20090e-06
 Reference value :  4.20099e-06
 Reference value :  4.20104e-06
 Reference value :  4.20113e-06
 Reference value :  4.20138e-06
 Reference value :  4.20168e-06
 Reference value :  4.20198e-06
 Reference value :  4.20228e-06
 Reference value :  4.20248e-06
 Reference value :  4.20268e-06
 Reference value :  4.20298e-06
 Reference value :  4.20318e-06
 Reference value :  4.20336e-06
 Reference value :  4.20342e-06
 Reference value :  4.20358e-06
 Reference value :  4.20375e-06
 Reference value :  4.20391e-06
 Reference value :  4.20411e-06
 Reference value :  4.20441e-06
 Reference value :  4.20471e-06
 Reference value :  4.20491e-06
 Reference value :  4.20511e-06
 Reference value :  4.20531e-06
 Reference value :  4.20561e-06
 Reference value :  4.20581e-06
 Reference value :  4.20611e-06
 Reference value :  4.20641e-06
 Reference value :  4.20661e-06
 Reference value :  4.20678e-06
 Reference value :  4.20683e-06
 Reference value :  4.20686e-06
 Reference value :  4.20694e-06
 Reference value :  4.20706e-06
 Reference value :  4.20710e-06
 Reference value :  4.20720e-06
 Reference value :  4.20730e-06
 Reference value :  4.20741e-06
 Reference value :  4.20747e-06
 Reference value :  4.20759e-06
 Reference value :  4.20784e-06
 Reference value :  4.20804e-06
 Reference value :  4.20824e-06
 Reference value :  4.20844e-06
 Reference value :  4.20874e-06
 Reference value :  4.20904e-06
 Reference value :  4.20934e-06
 Reference value :  4.20964e-06
 Reference value :  4.20994e-06
 Reference value :  4.21000e-06
 Reference value :  4.21005e-06
 Reference value :  4.21014e-06
 Reference value :  4.21029e-06
 Reference value :  4.21034e-06
 Reference value :  4.21045e-06
 Reference value :  4.21070e-06
 Reference value :  4.21090e-06
 Reference value :  4.21120e-06
 Reference value :  4.21140e-06
 Reference value :  4.21170e-06
 Reference value :  4.21190e-06
 Reference value :  4.21210e-06
 Reference value :  4.21240e-06
 Reference value :  4.21270e-06
 Reference value :  4.21310e-06
 Reference value :  4.21330e-06
 Reference value :  4.21339e-06
 Reference value :  4.21345e-06
 Reference value :  4.21348e-06
 Reference value :  4.21351e-06
 Reference value :  4.21363e-06
 Reference value :  4.21374e-06
 Reference value :  4.21386e-06
 Reference value :  4.21391e-06
 Reference value :  4.21399e-06
 Reference value :  4.21409e-06
 Reference value :  4.21420e-06
 Reference value :  4.21425e-06
 Reference value :  4.21434e-06
 Reference value :  4.21442e-06
 Reference value :  4.21452e-06
 Reference value :  4.21464e-06
 Reference value :  4.21469e-06
 Reference value :  4.21479e-06
 Reference value :  4.21492e-06
 Reference value :  4.21509e-06
 Reference value :  4.21525e-06
 Reference value :  4.21555e-06
 Reference value :  4.21585e-06
 Reference value :  4.21615e-06
 Reference value :  4.21645e-06
 Reference value :  4.21665e-06
 Reference value :  4.21672e-06
 Reference value :  4.21678e-06
 Reference value :  4.21689e-06
 Reference value :  4.21694e-06
 Reference value :  4.21699e-06
 Reference value :  4.21710e-06
 Reference value :  4.21726e-06
 Reference value :  4.21746e-06
 Reference value :  4.21776e-06
 Reference value :  4.21806e-06
 Reference value :  4.21836e-06
 Reference value :  4.21856e-06
 Reference value :  4.21876e-06
 Reference value :  4.21906e-06
 Reference value :  4.21936e-06
 Reference value :  4.21966e-06
 Reference value :  4.21993e-06
 Reference value :  4.22001e-06
 Reference value :  4.22007e-06
 Reference value :  4.22013e-06
 Reference value :  4.22019e-06
 Reference value :  4.22021e-06
 Reference value :  4.22029e-06
 Reference value :  4.22032e-06
 Reference value :  4.22036e-06
 Reference value :  4.22044e-06
 Reference value :  4.22052e-06
 Reference value :  4.22061e-06
 Reference value :  4.22070e-06
 Reference value :  4.22078e-06
 Reference value :  4.22092e-06
 Reference value :  4.22104e-06
 Reference value :  4.22116e-06
 Reference value :  4.22127e-06
 Reference value :  4.22138e-06
 Reference value :  4.22148e-06
 Reference value :  4.22165e-06
 Reference value :  4.22176e-06
 Reference value :  4.22181e-06
 Reference value :  4.22187e-06
 Reference value :  4.22192e-06
 Reference value :  4.22203e-06
 Reference value :  4.22214e-06
 Reference value :  4.22226e-06
 Reference value :  4.22239e-06
 Reference value :  4.22248e-06
 Reference value :  4.22264e-06
 Reference value :  4.22279e-06
 Reference value :  4.22285e-06
 Reference value :  4.22298e-06
 Reference value :  4.22304e-06
 Reference value :  4.22315e-06
 Reference value :  4.22325e-06
 Reference value :  4.22335e-06
 Reference value :  4.22342e-06
 Reference value :  4.22349e-06
 Reference value :  4.22360e-06
 Reference value :  4.22370e-06
 Reference value :  4.22379e-06
 Reference value :  4.22388e-06
 Reference value :  4.22399e-06
 Reference value :  4.22410e-06
 Reference value :  4.22418e-06
 Reference value :  4.22446e-06
 Reference value :  4.22476e-06
 Reference value :  4.22516e-06
 Reference value :  4.22536e-06
 Reference value :  4.22556e-06
 Reference value :  4.22586e-06
 Reference value :  4.22616e-06
 Reference value :  4.22646e-06
 Reference value :  4.22680e-06
 Reference value :  4.22690e-06
 Reference value :  4.22700e-06
 Reference value :  4.22710e-06
 Reference value :  4.22717e-06
 Reference value :  4.22721e-06
 Reference value :  4.22726e-06
 Reference value :  4.22739e-06
 Reference value :  4.22745e-06
 Reference value :  4.22756e-06
 Reference value :  4.22766e-06
 Reference value :  4.22771e-06
 Reference value :  4.22782e-06
 Reference value :  4.22785e-06
 Reference value :  4.22793e-06
 Reference value :  4.22809e-06
 Reference value :  4.22839e-06
 Reference value :  4.22869e-06
 Reference value :  4.22899e-06
 Reference value :  4.22919e-06
 Reference value :  4.22939e-06
 Reference value :  4.22959e-06
 Reference value :  4.22989e-06
 Reference value :  4.22998e-06
 Reference value :  4.23005e-06
 Reference value :  4.23009e-06
 Reference value :  4.23014e-06
 Reference value :  4.23022e-06
 Reference value :  4.23030e-06
 Reference value :  4.23034e-06
 Reference value :  4.23052e-06
 Reference value :  4.23072e-06
 Reference value :  4.23092e-06
 Reference value :  4.23122e-06
 Reference value :  4.23162e-06
 Reference value :  4.23192e-06
 Reference value :  4.23222e-06
 Reference value :  4.23252e-06
 Reference value :  4.23282e-06
 Reference value :  4.23312e-06
 Reference value :  4.23332e-06
 Reference value :  4.23340e-06
 Reference value :  4.23345e-06
 Reference value :  4.23350e-06
 Reference value :  4.23355e-06
 Reference value :  4.23364e-06
 Reference value :  4.23374e-06
 Reference value :  4.23383e-06
 Reference value :  4.23392e-06
 Reference value :  4.23402e-06
 Reference value :  4.23406e-06
 Reference value :  4.23415e-06
 Reference value :  4.23427e-06
 Reference value :  4.23457e-06
 Reference value :  4.23487e-06
 Reference value :  4.23517e-06
 Reference value :  4.23547e-06
 Reference value :  4.23577e-06
 Reference value :  4.23607e-06
 Reference value :  4.23627e-06
 Reference value :  4.23647e-06
 Reference value :  4.23667e-06
 Reference value :  4.23674e-06
 Reference value :  4.23680e-06
 Reference value :  4.23685e-06
 Reference value :  4.23694e-06
 Reference value :  4.23710e-06
 Reference value :  4.23724e-06
 Reference value :  4.23754e-06
 Reference value :  4.23774e-06
 Reference value :  4.23804e-06
 Reference value :  4.23834e-06
 Reference value :  4.23854e-06
 Reference value :  4.23884e-06
 Reference value :  4.23914e-06
 Reference value :  4.23934e-06
 Reference value :  4.23964e-06
 Reference value :  4.23994e-06
 Reference value :  4.24012e-06
 Reference value :  4.24023e-06
 Reference value :  4.24032e-06
 Reference value :  4.24041e-06
 Reference value :  4.24047e-06
 Reference value :  4.24055e-06
 Reference value :  4.24063e-06
 Reference value :  4.24072e-06
 Reference value :  4.24084e-06
 Reference value :  4.24089e-06
 Reference value :  4.24100e-06
 Reference value :  4.24110e-06
 Reference value :  4.24115e-06
 Reference value :  4.24140e-06
 Reference value :  4.24170e-06
 Reference value :  4.24200e-06
 Reference value :  4.24230e-06
 Reference value :  4.24260e-06
 Reference value :  4.24280e-06
 Reference value :  4.24310e-06
 Reference value :  4.24330e-06
 Reference value :  4.24337e-06
 Reference value :  4.24342e-06
 Reference value :  4.24353e-06
 Reference value :  4.24358e-06
 Reference value :  4.24368e-06
 Reference value :  4.24391e-06
 Reference value :  4.24421e-06
 Reference value :  4.24451e-06
 Reference value :  4.24491e-06
 Reference value :  4.24511e-06
 Reference value :  4.24541e-06
 Reference value :  4.24571e-06
 Reference value :  4.24591e-06
 Reference value :  4.24621e-06
 Reference value :  4.24641e-06
 Reference value :  4.24661e-06
 Reference value :  4.24679e-06
 Reference value :  4.24684e-06
 Reference value :  4.24687e-06
 Reference value :  4.24695e-06
 Reference value :  4.24707e-06
 Reference value :  4.24712e-06
 Reference value :  4.24722e-06
 Reference value :  4.24732e-06
 Reference value :  4.24745e-06
 Reference value :  4.24750e-06
 Reference value :  4.24772e-06
 Reference value :  4.24792e-06
 Reference value :  4.24822e-06
 Reference value :  4.24852e-06
 Reference value :  4.24882e-06
 Reference value :  4.24912e-06
 Reference value :  4.24942e-06
 Reference value :  4.24972e-06
 Reference value :  4.25002e-06
 Reference value :  4.25009e-06
 Reference value :  4.25020e-06
 Reference value :  4.25038e-06
 Reference value :  4.25050e-06
 Reference value :  4.25078e-06
 Reference value :  4.25108e-06
 Reference value :  4.25138e-06
 Reference value :  4.25168e-06
 Reference value :  4.25198e-06
 Reference value :  4.25228e-06
 Reference value :  4.25258e-06
 Reference value :  4.25288e-06
 Reference value :  4.25318e-06
 Reference value :  4.25338e-06
 Reference value :  4.25346e-06
 Reference value :  4.25360e-06
 Reference value :  4.25372e-06
 Reference value :  4.25384e-06
 Reference value :  4.25389e-06
 Reference value :  4.25430e-06
 Reference value :  4.25468e-06
 Reference value :  4.25477e-06
 Reference value :  4.25502e-06
 Reference value :  4.25514e-06
 Reference value :  4.25524e-06
 Reference value :  4.25534e-06
 Reference value :  4.25543e-06
 Reference value :  4.25693e-06
 Reference value :  4.25710e-06
 Reference value :  4.25896e-06
 Reference value :  4.26002e-06
 Reference value :  4.26011e-06
 Reference value :  4.26055e-06
 Reference value :  4.26084e-06
 Reference value :  4.26094e-06
 Reference value :  4.26154e-06
 Reference value :  4.26176e-06
 Reference value :  4.26233e-06
 Reference value :  4.26299e-06
 Reference value :  4.26316e-06
 Reference value :  4.26339e-06
 Reference value :  4.26346e-06
 Reference value :  4.26355e-06
 Reference value :  4.26366e-06
 Reference value :  4.26371e-06
 Reference value :  4.26381e-06
 Reference value :  4.26389e-06
 Reference value :  4.26400e-06
 Reference value :  4.26419e-06
 Reference value :  4.26518e-06
 Reference value :  4.26538e-06
 Reference value :  4.26568e-06
 Reference value :  4.26588e-06
 Reference value :  4.26618e-06
 Reference value :  4.26648e-06
 Reference value :  4.26668e-06
 Reference value :  4.26675e-06
 Reference value :  4.26680e-06
 Reference value :  4.26689e-06
 Reference value :  4.26706e-06
 Reference value :  4.26718e-06
 Reference value :  4.26723e-06
 Reference value :  4.26733e-06
 Reference value :  4.26748e-06
 Reference value :  4.26753e-06
 Reference value :  4.26781e-06
 Reference value :  4.26809e-06
 Reference value :  4.26939e-06
 Reference value :  4.26989e-06
 Reference value :  4.27005e-06
 Reference value :  4.27065e-06
 Reference value :  4.27265e-06
 Reference value :  4.27359e-06
 Reference value :  4.27450e-06
 Reference value :  4.27630e-06
 Reference value :  4.27689e-06
 Reference value :  4.27703e-06
 Reference value :  4.27810e-06
 Reference value :  4.27840e-06
 Reference value :  4.27910e-06
 Reference value :  4.27940e-06
 Reference value :  4.27970e-06
 Reference value :  4.27990e-06
 Reference value :  4.28025e-06
 Reference value :  4.28034e-06
 Reference value :  4.28053e-06
 Reference value :  4.28061e-06
 Reference value :  4.28069e-06
 Reference value :  4.28138e-06
 Reference value :  4.28337e-06
 Reference value :  4.28411e-06
 Reference value :  4.28511e-06
 Reference value :  4.28531e-06
 Reference value :  4.28551e-06
 Reference value :  4.28682e-06
 Reference value :  4.28706e-06
 Reference value :  4.28710e-06
 Reference value :  4.28720e-06
 Reference value :  4.28747e-06
 Reference value :  4.28843e-06
 Reference value :  4.28883e-06
 Reference value :  4.28913e-06
 Reference value :  4.28933e-06
 Reference value :  4.28953e-06
 Reference value :  4.29017e-06
 Reference value :  4.29050e-06
 Reference value :  4.29090e-06
 Reference value :  4.29150e-06
 Reference value :  4.29210e-06
 Reference value :  4.29290e-06
 Reference value :  4.29347e-06
 Reference value :  4.29396e-06
 Reference value :  4.29400e-06
 Reference value :  4.29410e-06
 Reference value :  4.29426e-06
 Reference value :  4.29464e-06
 Reference value :  4.29474e-06
 Reference value :  4.29511e-06
 Reference value :  4.29592e-06
 Reference value :  4.29668e-06
 Reference value :  4.29691e-06
 Reference value :  4.29825e-06
 Reference value :  4.30000e-06
 Reference value :  4.30006e-06
 Reference value :  4.30041e-06
 Reference value :  4.30077e-06
 Reference value :  4.30082e-06
 Reference value :  4.30095e-06
 Reference value :  4.30155e-06
 Reference value :  4.30199e-06
 Reference value :  4.30257e-06
 Reference value :  4.30322e-06
 Reference value :  4.30350e-06
 Reference value :  4.30413e-06
 Reference value :  4.30531e-06
 Reference value :  4.30551e-06
 Reference value :  4.30641e-06
 Reference value :  4.30669e-06
 Reference value :  4.30679e-06
 Reference value :  4.30697e-06
 Reference value :  4.30715e-06
 Reference value :  4.30720e-06
 Reference value :  4.30729e-06
 Reference value :  4.30733e-06
 Reference value :  4.30743e-06
 Reference value :  4.30759e-06
 Reference value :  4.30777e-06
 Reference value :  4.30785e-06
 Reference value :  4.30827e-06
 Reference value :  4.30867e-06
 Reference value :  4.30887e-06
 Reference value :  4.30917e-06
 Reference value :  4.30937e-06
 Reference value :  4.30957e-06
 Reference value :  4.30997e-06
 Reference value :  4.31010e-06
 Reference value :  4.31021e-06
 Reference value :  4.31044e-06
 Reference value :  4.31229e-06
 Reference value :  4.31349e-06
 Reference value :  4.31400e-06
 Reference value :  4.31575e-06
 Reference value :  4.31678e-06
 Reference value :  4.31683e-06
 Reference value :  4.31709e-06
 Reference value :  4.31724e-06
 Reference value :  4.31744e-06
 Reference value :  4.31774e-06
 Reference value :  4.31794e-06
 Reference value :  4.31814e-06
 Reference value :  4.31834e-06
 Reference value :  4.31854e-06
 Reference value :  4.31874e-06
 Reference value :  4.31894e-06
 Reference value :  4.31924e-06
 Reference value :  4.31944e-06
 Reference value :  4.31974e-06
 Reference value :  4.31994e-06
 Reference value :  4.32010e-06
 Reference value :  4.32014e-06
 Reference value :  4.32020e-06
 Reference value :  4.32030e-06
 Reference value :  4.32088e-06
 Reference value :  4.32108e-06
 Reference value :  4.32214e-06
 Reference value :  4.32254e-06
 Reference value :  4.32274e-06
 Reference value :  4.32294e-06
 Reference value :  4.32314e-06
 Reference value :  4.32334e-06
 Reference value :  4.32340e-06
 Reference value :  4.32350e-06
 Reference value :  4.32358e-06
 Reference value :  4.32368e-06
 Reference value :  4.32391e-06
 Reference value :  4.32601e-06
 Reference value :  4.32712e-06
 Reference value :  4.32759e-06
 Reference value :  4.32785e-06
 Reference value :  4.32805e-06
 Reference value :  4.32825e-06
 Reference value :  4.32855e-06
 Reference value :  4.32885e-06
 Reference value :  4.32915e-06
 Reference value :  4.32935e-06
 Reference value :  4.32965e-06
 Reference value :  4.32995e-06
 Reference value :  4.33001e-06
 Reference value :  4.33006e-06
 Reference value :  4.33011e-06
 Reference value :  4.33020e-06
 Reference value :  4.33033e-06
 Reference value :  4.33038e-06
 Reference value :  4.33060e-06
 Reference value :  4.33080e-06
 Reference value :  4.33110e-06
 Reference value :  4.33140e-06
 Reference value :  4.33170e-06
 Reference value :  4.33190e-06
 Reference value :  4.33220e-06
 Reference value :  4.33250e-06
 Reference value :  4.33280e-06
 Reference value :  4.33310e-06
 Reference value :  4.33330e-06
 Reference value :  4.33347e-06
 Reference value :  4.33353e-06
 Reference value :  4.33357e-06
 Reference value :  4.33368e-06
 Reference value :  4.33381e-06
 Reference value :  4.33387e-06
 Reference value :  4.33392e-06
 Reference value :  4.33402e-06
 Reference value :  4.33413e-06
 Reference value :  4.33425e-06
 Reference value :  4.33435e-06
 Reference value :  4.33439e-06
 Reference value :  4.33453e-06
 Reference value :  4.33464e-06
 Reference value :  4.33469e-06
 Reference value :  4.33477e-06
 Reference value :  4.33487e-06
 Reference value :  4.33496e-06
 Reference value :  4.33501e-06
 Reference value :  4.33514e-06
 Reference value :  4.33520e-06
 Reference value :  4.33525e-06
 Reference value :  4.33533e-06
 Reference value :  4.33543e-06
 Reference value :  4.33553e-06
 Reference value :  4.33565e-06
 Reference value :  4.33569e-06
 Reference value :  4.33579e-06
 Reference value :  4.33593e-06
 Reference value :  4.33605e-06
 Reference value :  4.33630e-06
 Reference value :  4.33660e-06
 Reference value :  4.33679e-06
 Reference value :  4.33686e-06
 Reference value :  4.33760e-06
 Reference value :  4.33960e-06
 Reference value :  4.34028e-06
 Reference value :  4.34085e-06
 Reference value :  4.34117e-06
 Reference value :  4.34139e-06
 Reference value :  4.34150e-06
 Reference value :  4.34161e-06
 Reference value :  4.34210e-06
 Reference value :  4.34280e-06
 Reference value :  4.34305e-06
 Reference value :  4.34326e-06
 Reference value :  4.34336e-06
 Reference value :  4.34377e-06
 Reference value :  4.34462e-06
 Reference value :  4.34492e-06
 Reference value :  4.34602e-06
 Reference value :  4.34632e-06
 Reference value :  4.34652e-06
 Reference value :  4.34671e-06
 Reference value :  4.34677e-06
 Reference value :  4.34680e-06
 Reference value :  4.34684e-06
 Reference value :  4.34691e-06
 Reference value :  4.34701e-06
 Reference value :  4.34714e-06
 Reference value :  4.34719e-06
 Reference value :  4.34724e-06
 Reference value :  4.34732e-06
 Reference value :  4.34747e-06
 Reference value :  4.34752e-06
 Reference value :  4.34757e-06
 Reference value :  4.34767e-06
 Reference value :  4.34776e-06
 Reference value :  4.34785e-06
 Reference value :  4.34793e-06
 Reference value :  4.34813e-06
 Reference value :  4.34843e-06
 Reference value :  4.34873e-06
 Reference value :  4.34903e-06
 Reference value :  4.34923e-06
 Reference value :  4.34943e-06
 Reference value :  4.34963e-06
 Reference value :  4.34993e-06
 Reference value :  4.35053e-06
 Reference value :  4.35263e-06
 Reference value :  4.35354e-06
 Reference value :  4.35357e-06
 Reference value :  4.35365e-06
 Reference value :  4.35375e-06
 Reference value :  4.35384e-06
 Reference value :  4.35393e-06
 Reference value :  4.35403e-06
 Reference value :  4.35407e-06
 Reference value :  4.35417e-06
 Reference value :  4.35429e-06
 Reference value :  4.35449e-06
 Reference value :  4.35469e-06
 Reference value :  4.35489e-06
 Reference value :  4.35519e-06
 Reference value :  4.35549e-06
 Reference value :  4.35579e-06
 Reference value :  4.35599e-06
 Reference value :  4.35619e-06
 Reference value :  4.35649e-06
 Reference value :  4.35669e-06
 Reference value :  4.35674e-06
 Reference value :  4.35679e-06
 Reference value :  4.35683e-06
 Reference value :  4.35691e-06
 Reference value :  4.35700e-06
 Reference value :  4.35709e-06
 Reference value :  4.35724e-06
 Reference value :  4.35744e-06
 Reference value :  4.35764e-06
 Reference value :  4.35794e-06
 Reference value :  4.35814e-06
 Reference value :  4.35854e-06
 Reference value :  4.35874e-06
 Reference value :  4.35894e-06
 Reference value :  4.35924e-06
 Reference value :  4.35944e-06
 Reference value :  4.35964e-06
 Reference value :  4.35984e-06
 Reference value :  4.36004e-06
 Reference value :  4.36016e-06
 Reference value :  4.36021e-06
 Reference value :  4.36024e-06
 Reference value :  4.36033e-06
 Reference value :  4.36040e-06
 Reference value :  4.36045e-06
 Reference value :  4.36048e-06
 Reference value :  4.36056e-06
 Reference value :  4.36060e-06
 Reference value :  4.36064e-06
 Reference value :  4.36073e-06
 Reference value :  4.36085e-06
 Reference value :  4.36090e-06
 Reference value :  4.36100e-06
 Reference value :  4.36105e-06
 Reference value :  4.36120e-06
 Reference value :  4.36149e-06
 Reference value :  4.36179e-06
 Reference value :  4.36209e-06
 Reference value :  4.36239e-06
 Reference value :  4.36259e-06
 Reference value :  4.36279e-06
 Reference value :  4.36309e-06
 Reference value :  4.36329e-06
 Reference value :  4.36337e-06
 Reference value :  4.36343e-06
 Reference value :  4.36355e-06
 Reference value :  4.36359e-06
 Reference value :  4.36369e-06
 Reference value :  4.36382e-06
 Reference value :  4.36402e-06
 Reference value :  4.36422e-06
 Reference value :  4.36452e-06
 Reference value :  4.36482e-06
 Reference value :  4.36502e-06
 Reference value :  4.36522e-06
 Reference value :  4.36542e-06
 Reference value :  4.36562e-06
 Reference value :  4.36592e-06
 Reference value :  4.36612e-06
 Reference value :  4.36632e-06
 Reference value :  4.36652e-06
 Reference value :  4.36672e-06
 Reference value :  4.36679e-06
 Reference value :  4.36683e-06
 Reference value :  4.36687e-06
 Reference value :  4.36695e-06
 Reference value :  4.36706e-06
 Reference value :  4.36711e-06
 Reference value :  4.36720e-06
 Reference value :  4.36730e-06
 Reference value :  4.36741e-06
 Reference value :  4.36747e-06
 Reference value :  4.36753e-06
 Reference value :  4.36774e-06
 Reference value :  4.36794e-06
 Reference value :  4.36814e-06
 Reference value :  4.36844e-06
 Reference value :  4.36874e-06
 Reference value :  4.36904e-06
 Reference value :  4.36924e-06
 Reference value :  4.36944e-06
 Reference value :  4.36974e-06
 Reference value :  4.36994e-06
 Reference value :  4.37001e-06
 Reference value :  4.37008e-06
 Reference value :  4.37013e-06
 Reference value :  4.37017e-06
 Reference value :  4.37028e-06
 Reference value :  4.37033e-06
 Reference value :  4.37038e-06
 Reference value :  4.37049e-06
 Reference value :  4.37069e-06
 Reference value :  4.37089e-06
 Reference value :  4.37119e-06
 Reference value :  4.37139e-06
 Reference value :  4.37169e-06
 Reference value :  4.37189e-06
 Reference value :  4.37209e-06
 Reference value :  4.37239e-06
 Reference value :  4.37259e-06
 Reference value :  4.37279e-06
 Reference value :  4.37299e-06
 Reference value :  4.37319e-06
 Reference value :  4.37339e-06
 Reference value :  4.37347e-06
 Reference value :  4.37354e-06
 Reference value :  4.37359e-06
 Reference value :  4.37371e-06
 Reference value :  4.37384e-06
 Reference value :  4.37389e-06
 Reference value :  4.37400e-06
 Reference value :  4.37411e-06
 Reference value :  4.37416e-06
 Reference value :  4.37426e-06
 Reference value :  4.37435e-06
 Reference value :  4.37444e-06
 Reference value :  4.37454e-06
 Reference value :  4.37465e-06
 Reference value :  4.37469e-06
 Reference value :  4.37478e-06
 Reference value :  4.37488e-06
 Reference value :  4.37497e-06
 Reference value :  4.37508e-06
 Reference value :  4.37524e-06
 Reference value :  4.37554e-06
 Reference value :  4.37584e-06
 Reference value :  4.37604e-06
 Reference value :  4.37634e-06
 Reference value :  4.37654e-06
 Reference value :  4.37674e-06
 Reference value :  4.37681e-06
 Reference value :  4.37696e-06
 Reference value :  4.37708e-06
 Reference value :  4.37713e-06
 Reference value :  4.37729e-06
 Reference value :  4.37749e-06
 Reference value :  4.37779e-06
 Reference value :  4.37809e-06
 Reference value :  4.37839e-06
 Reference value :  4.37859e-06
 Reference value :  4.37879e-06
 Reference value :  4.37909e-06
 Reference value :  4.37929e-06
 Reference value :  4.37959e-06
 Reference value :  4.37989e-06
 Reference value :  4.38000e-06
 Reference value :  4.38006e-06
 Reference value :  4.38009e-06
 Reference value :  4.38015e-06
 Reference value :  4.38020e-06
 Reference value :  4.38027e-06
 Reference value :  4.38035e-06
 Reference value :  4.38044e-06
 Reference value :  4.38054e-06
 Reference value :  4.38063e-06
 Reference value :  4.38072e-06
 Reference value :  4.38081e-06
 Reference value :  4.38091e-06
 Reference value :  4.38100e-06
 Reference value :  4.38105e-06
 Reference value :  4.38117e-06
 Reference value :  4.38129e-06
 Reference value :  4.38140e-06
 Reference value :  4.38150e-06
 Reference value :  4.38161e-06
 Reference value :  4.38172e-06
 Reference value :  4.38183e-06
 Reference value :  4.38194e-06
 Reference value :  4.38205e-06
 Reference value :  4.38216e-06
 Reference value :  4.38228e-06
 Reference value :  4.38240e-06
 Reference value :  4.38249e-06
 Reference value :  4.38265e-06
 Reference value :  4.38281e-06
 Reference value :  4.38287e-06
 Reference value :  4.38301e-06
 Reference value :  4.38307e-06
 Reference value :  4.38318e-06
 Reference value :  4.38328e-06
 Reference value :  4.38337e-06
 Reference value :  4.38341e-06
 Reference value :  4.38348e-06
 Reference value :  4.38356e-06
 Reference value :  4.38367e-06
 Reference value :  4.38371e-06
 Reference value :  4.38381e-06
 Reference value :  4.38390e-06
 Reference value :  4.38401e-06
 Reference value :  4.38412e-06
 Reference value :  4.38420e-06
 Reference value :  4.38449e-06
 Reference value :  4.38479e-06
 Reference value :  4.38499e-06
 Reference value :  4.38519e-06
 Reference value :  4.38539e-06
 Reference value :  4.38569e-06
 Reference value :  4.38599e-06
 Reference value :  4.38629e-06
 Reference value :  4.38659e-06
 Reference value :  4.38675e-06
 Reference value :  4.38681e-06
 Reference value :  4.38691e-06
 Reference value :  4.38702e-06
 Reference value :  4.38714e-06
 Reference value :  4.38720e-06
 Reference value :  4.38724e-06
 Reference value :  4.38733e-06
 Reference value :  4.38743e-06
 Reference value :  4.38753e-06
 Reference value :  4.38758e-06
 Reference value :  4.38768e-06
 Reference value :  4.38778e-06
 Reference value :  4.38786e-06
 Reference value :  4.38794e-06
 Reference value :  4.38811e-06
 Reference value :  4.38841e-06
 Reference value :  4.38871e-06
 Reference value :  4.38901e-06
 Reference value :  4.38921e-06
 Reference value :  4.38941e-06
 Reference value :  4.38971e-06
 Reference value :  4.38991e-06
 Reference value :  4.39007e-06
 Reference value :  4.39012e-06
 Reference value :  4.39015e-06
 Reference value :  4.39023e-06
 Reference value :  4.39032e-06
 Reference value :  4.39036e-06
 Reference value :  4.39046e-06
 Reference value :  4.39066e-06
 Reference value :  4.39086e-06
 Reference value :  4.39116e-06
 Reference value :  4.39136e-06
 Reference value :  4.39166e-06
 Reference value :  4.39186e-06
 Reference value :  4.39206e-06
 Reference value :  4.39226e-06
 Reference value :  4.39256e-06
 Reference value :  4.39286e-06
 Reference value :  4.39306e-06
 Reference value :  4.39326e-06
 Reference value :  4.39342e-06
 Reference value :  4.39347e-06
 Reference value :  4.39356e-06
 Reference value :  4.39366e-06
 Reference value :  4.39377e-06
 Reference value :  4.39387e-06
 Reference value :  4.39392e-06
 Reference value :  4.39401e-06
 Reference value :  4.39406e-06
 Reference value :  4.39428e-06
 Reference value :  4.39448e-06
 Reference value :  4.39468e-06
 Reference value :  4.39488e-06
 Reference value :  4.39518e-06
 Reference value :  4.39548e-06
 Reference value :  4.39568e-06
 Reference value :  4.39588e-06
 Reference value :  4.39618e-06
 Reference value :  4.39648e-06
 Reference value :  4.39668e-06
 Reference value :  4.39673e-06
 Reference value :  4.39678e-06
 Reference value :  4.39681e-06
 Reference value :  4.39689e-06
 Reference value :  4.39693e-06
 Reference value :  4.39703e-06
 Reference value :  4.39722e-06
 Reference value :  4.39742e-06
 Reference value :  4.39772e-06
 Reference value :  4.39792e-06
 Reference value :  4.39812e-06
 Reference value :  4.39832e-06
 Reference value :  4.39852e-06
 Reference value :  4.39872e-06
 Reference value :  4.39892e-06
 Reference value :  4.39922e-06
 Reference value :  4.39952e-06
 Reference value :  4.39982e-06
 Reference value :  4.40002e-06
 Reference value :  4.40009e-06
 Reference value :  4.40017e-06
 Reference value :  4.40021e-06
 Reference value :  4.40028e-06
 Reference value :  4.40036e-06
 Reference value :  4.40041e-06
 Reference value :  4.40047e-06
 Reference value :  4.40050e-06
 Reference value :  4.40057e-06
 Reference value :  4.40065e-06
 Reference value :  4.40075e-06
 Reference value :  4.40086e-06
 Reference value :  4.40091e-06
 Reference value :  4.40102e-06
 Reference value :  4.40106e-06
 Reference value :  4.40116e-06
 Reference value :  4.40131e-06
 Reference value :  4.40151e-06
 Reference value :  4.40181e-06
 Reference value :  4.40211e-06
 Reference value :  4.40231e-06
 Reference value :  4.40251e-06
 Reference value :  4.40271e-06
 Reference value :  4.40291e-06
 Reference value :  4.40321e-06
 Reference value :  4.40331e-06
 Reference value :  4.40338e-06
 Reference value :  4.40343e-06
 Reference value :  4.40355e-06
 Reference value :  4.40359e-06
 Reference value :  4.40369e-06
 Reference value :  4.40382e-06
 Reference value :  4.40402e-06
 Reference value :  4.40422e-06
 Reference value :  4.40442e-06
 Reference value :  4.40472e-06
 Reference value :  4.40502e-06
 Reference value :  4.40522e-06
 Reference value :  4.40542e-06
 Reference value :  4.40562e-06
 Reference value :  4.40582e-06
 Reference value :  4.40602e-06
 Reference value :  4.40622e-06
 Reference value :  4.40642e-06
 Reference value :  4.40662e-06
 Reference value :  4.40680e-06
 Reference value :  4.40689e-06
 Reference value :  4.40697e-06
 Reference value :  4.40708e-06
 Reference value :  4.40713e-06
 Reference value :  4.40723e-06
 Reference value :  4.40733e-06
 Reference value :  4.40746e-06
 Reference value :  4.40751e-06
 Reference value :  4.40773e-06
 Reference value :  4.40793e-06
 Reference value :  4.40813e-06
 Reference value :  4.40843e-06
 Reference value :  4.40873e-06
 Reference value :  4.40903e-06
 Reference value :  4.40923e-06
 Reference value :  4.40953e-06
 Reference value :  4.40983e-06
 Reference value :  4.41003e-06
 Reference value :  4.41010e-06
 Reference value :  4.41022e-06
 Reference value :  4.41040e-06
 Reference value :  4.41053e-06
 Reference value :  4.41072e-06
 Reference value :  4.41092e-06
 Reference value :  4.41112e-06
 Reference value :  4.41142e-06
 Reference value :  4.41172e-06
 Reference value :  4.41192e-06
 Reference value :  4.41212e-06
 Reference value :  4.41232e-06
 Reference value :  4.41252e-06
 Reference value :  4.41272e-06
 Reference value :  4.41302e-06
 Reference value :  4.41322e-06
 Reference value :  4.41342e-06
 Reference value :  4.41349e-06
 Reference value :  4.41362e-06
 Reference value :  4.41373e-06
 Reference value :  4.41385e-06
 Reference value :  4.41390e-06
 Reference value :  4.41395e-06
 Reference value :  4.41404e-06
 Reference value :  4.41414e-06
 Reference value :  4.41426e-06
 Reference value :  4.41437e-06
 Reference value :  4.41441e-06
 Reference value :  4.41451e-06
 Reference value :  4.41462e-06
 Reference value :  4.41471e-06
 Reference value :  4.41479e-06
 Reference value :  4.41488e-06
 Reference value :  4.41497e-06
 Reference value :  4.41503e-06
 Reference value :  4.41514e-06
 Reference value :  4.41523e-06
 Reference value :  4.41533e-06
 Reference value :  4.41544e-06
 Reference value :  4.41550e-06
 Reference value :  4.41556e-06
 Reference value :  4.41576e-06
 Reference value :  4.41596e-06
 Reference value :  4.41616e-06
 Reference value :  4.41646e-06
 Reference value :  4.41666e-06
 Reference value :  4.41672e-06
 Reference value :  4.41676e-06
 Reference value :  4.41680e-06
 Reference value :  4.41689e-06
 Reference value :  4.41694e-06
 Reference value :  4.41703e-06
 Reference value :  4.41708e-06
 Reference value :  4.41723e-06
 Reference value :  4.41743e-06
 Reference value :  4.41763e-06
 Reference value :  4.41783e-06
 Reference value :  4.41813e-06
 Reference value :  4.41843e-06
 Reference value :  4.41863e-06
 Reference value :  4.41893e-06
 Reference value :  4.41913e-06
 Reference value :  4.41933e-06
 Reference value :  4.41953e-06
 Reference value :  4.42000e-06
 Reference value :  4.42007e-06
 Reference value :  4.42014e-06
 Reference value :  4.42020e-06
 Reference value :  4.42022e-06
 Reference value :  4.42028e-06
 Reference value :  4.42031e-06
 Reference value :  4.42040e-06
 Reference value :  4.42045e-06
 Reference value :  4.42054e-06
 Reference value :  4.42063e-06
 Reference value :  4.42072e-06
 Reference value :  4.42081e-06
 Reference value :  4.42091e-06
 Reference value :  4.42100e-06
 Reference value :  4.42112e-06
 Reference value :  4.42118e-06
 Reference value :  4.42129e-06
 Reference value :  4.42140e-06
 Reference value :  4.42151e-06
 Reference value :  4.42161e-06
 Reference value :  4.42172e-06
 Reference value :  4.42183e-06
 Reference value :  4.42194e-06
 Reference value :  4.42205e-06
 Reference value :  4.42216e-06
 Reference value :  4.42228e-06
 Reference value :  4.42241e-06
 Reference value :  4.42250e-06
 Reference value :  4.42266e-06
 Reference value :  4.42281e-06
 Reference value :  4.42287e-06
 Reference value :  4.42301e-06
 Reference value :  4.42307e-06
 Reference value :  4.42318e-06
 Reference value :  4.42328e-06
 Reference value :  4.42337e-06
 Reference value :  4.42341e-06
 Reference value :  4.42348e-06
 Reference value :  4.42357e-06
 Reference value :  4.42367e-06
 Reference value :  4.42378e-06
 Reference value :  4.42388e-06
 Reference value :  4.42393e-06
 Reference value :  4.42403e-06
 Reference value :  4.42417e-06
 Reference value :  4.42444e-06
 Reference value :  4.42474e-06
 Reference value :  4.42504e-06
 Reference value :  4.42524e-06
 Reference value :  4.42544e-06
 Reference value :  4.42564e-06
 Reference value :  4.42584e-06
 Reference value :  4.42614e-06
 Reference value :  4.42644e-06
 Reference value :  4.42664e-06
 Reference value :  4.42674e-06
 Reference value :  4.42680e-06
 Reference value :  4.42684e-06
 Reference value :  4.42687e-06
 Reference value :  4.42695e-06
 Reference value :  4.42705e-06
 Reference value :  4.42717e-06
 Reference value :  4.42721e-06
 Reference value :  4.42726e-06
 Reference value :  4.42739e-06
 Reference value :  4.42745e-06
 Reference value :  4.42756e-06
 Reference value :  4.42766e-06
 Reference value :  4.42771e-06
 Reference value :  4.42781e-06
 Reference value :  4.42785e-06
 Reference value :  4.42793e-06
 Reference value :  4.42797e-06
 Reference value :  4.42810e-06
 Reference value :  4.42830e-06
 Reference value :  4.42860e-06
 Reference value :  4.42890e-06
 Reference value :  4.42910e-06
 Reference value :  4.42930e-06
 Reference value :  4.42950e-06
 Reference value :  4.42970e-06
 Reference value :  4.42990e-06
 Reference value :  4.43005e-06
 Reference value :  4.43013e-06
 Reference value :  4.43021e-06
 Reference value :  4.43025e-06
 Reference value :  4.43033e-06
 Reference value :  4.43042e-06
 Reference value :  4.43057e-06
 Reference value :  4.43077e-06
 Reference value :  4.43097e-06
 Reference value :  4.43127e-06
 Reference value :  4.43147e-06
 Reference value :  4.43167e-06
 Reference value :  4.43187e-06
 Reference value :  4.43207e-06
 Reference value :  4.43227e-06
 Reference value :  4.43247e-06
 Reference value :  4.43267e-06
 Reference value :  4.43297e-06
 Reference value :  4.43317e-06
 Reference value :  4.43337e-06
 Reference value :  4.43344e-06
 Reference value :  4.43348e-06
 Reference value :  4.43357e-06
 Reference value :  4.43367e-06
 Reference value :  4.43378e-06
 Reference value :  4.43387e-06
 Reference value :  4.43397e-06
 Reference value :  4.43405e-06
 Reference value :  4.43415e-06
 Reference value :  4.43427e-06
 Reference value :  4.43447e-06
 Reference value :  4.43467e-06
 Reference value :  4.43487e-06
 Reference value :  4.43517e-06
 Reference value :  4.43547e-06
 Reference value :  4.43567e-06
 Reference value :  4.43587e-06
 Reference value :  4.43607e-06
 Reference value :  4.43627e-06
 Reference value :  4.43647e-06
 Reference value :  4.43667e-06
 Reference value :  4.43674e-06
 Reference value :  4.43687e-06
 Reference value :  4.43698e-06
 Reference value :  4.43709e-06
 Reference value :  4.43725e-06
 Reference value :  4.43745e-06
 Reference value :  4.43765e-06
 Reference value :  4.43785e-06
 Reference value :  4.43815e-06
 Reference value :  4.43835e-06
 Reference value :  4.43855e-06
 Reference value :  4.43875e-06
 Reference value :  4.43895e-06
 Reference value :  4.43915e-06
 Reference value :  4.43935e-06
 Reference value :  4.43955e-06
 Reference value :  4.43975e-06
 Reference value :  4.43995e-06
 Reference value :  4.44012e-06
 Reference value :  4.44020e-06
 Reference value :  4.44027e-06
 Reference value :  4.44036e-06
 Reference value :  4.44041e-06
 Reference value :  4.44044e-06
 Reference value :  4.44050e-06
 Reference value :  4.44058e-06
 Reference value :  4.44067e-06
 Reference value :  4.44076e-06
 Reference value :  4.44087e-06
 Reference value :  4.44092e-06
 Reference value :  4.44101e-06
 Reference value :  4.44106e-06
 Reference value :  4.44115e-06
 Reference value :  4.44140e-06
 Reference value :  4.44160e-06
 Reference value :  4.44190e-06
 Reference value :  4.44210e-06
 Reference value :  4.44230e-06
 Reference value :  4.44250e-06
 Reference value :  4.44270e-06
 Reference value :  4.44290e-06
 Reference value :  4.44310e-06
 Reference value :  4.44330e-06
 Reference value :  4.44338e-06
 Reference value :  4.44343e-06
 Reference value :  4.44355e-06
 Reference value :  4.44360e-06
 Reference value :  4.44370e-06
 Reference value :  4.44376e-06
 Reference value :  4.44392e-06
 Reference value :  4.44412e-06
 Reference value :  4.44432e-06
 Reference value :  4.44472e-06
 Reference value :  4.44502e-06
 Reference value :  4.44522e-06
 Reference value :  4.44542e-06
 Reference value :  4.44572e-06
 Reference value :  4.44602e-06
 Reference value :  4.44632e-06
 Reference value :  4.44662e-06
 Reference value :  4.44680e-06
 Reference value :  4.44688e-06
 Reference value :  4.44702e-06
 Reference value :  4.44713e-06
 Reference value :  4.44723e-06
 Reference value :  4.44739e-06
 Reference value :  4.44751e-06
 Reference value :  4.44774e-06
 Reference value :  4.44794e-06
 Reference value :  4.44814e-06
 Reference value :  4.44834e-06
 Reference value :  4.44854e-06
 Reference value :  4.44884e-06
 Reference value :  4.44914e-06
 Reference value :  4.44944e-06
 Reference value :  4.44974e-06
 Reference value :  4.44994e-06
 Reference value :  4.45004e-06
 Reference value :  4.45010e-06
 Reference value :  4.45022e-06
 Reference value :  4.45034e-06
 Reference value :  4.45039e-06
 Reference value :  4.45059e-06
 Reference value :  4.45089e-06
 Reference value :  4.45119e-06
 Reference value :  4.45149e-06
 Reference value :  4.45179e-06
 Reference value :  4.45199e-06
 Reference value :  4.45229e-06
 Reference value :  4.45269e-06
 Reference value :  4.45299e-06
 Reference value :  4.45319e-06
 Reference value :  4.45339e-06
 Reference value :  4.45347e-06
 Reference value :  4.45360e-06
 Reference value :  4.45371e-06
 Reference value :  4.45389e-06
 Reference value :  4.45394e-06
 Reference value :  4.45409e-06
 Reference value :  4.45414e-06
 Reference value :  4.45425e-06
 Reference value :  4.45435e-06
 Reference value :  4.45439e-06
 Reference value :  4.45449e-06
 Reference value :  4.45466e-06
 Reference value :  4.45471e-06
 Reference value :  4.45480e-06
 Reference value :  4.45495e-06
 Reference value :  4.45507e-06
 Reference value :  4.45518e-06
 Reference value :  4.45554e-06
 Reference value :  4.45584e-06
 Reference value :  4.45614e-06
 Reference value :  4.45644e-06
 Reference value :  4.45664e-06
 Reference value :  4.45681e-06
 Reference value :  4.45694e-06
 Reference value :  4.45704e-06
 Reference value :  4.45723e-06
 Reference value :  4.45743e-06
 Reference value :  4.45763e-06
 Reference value :  4.45793e-06
 Reference value :  4.45823e-06
 Reference value :  4.45853e-06
 Reference value :  4.45873e-06
 Reference value :  4.45903e-06
 Reference value :  4.45933e-06
 Reference value :  4.45963e-06
 Reference value :  4.45991e-06
 Reference value :  4.46001e-06
 Reference value :  4.46007e-06
 Reference value :  4.46014e-06
 Reference value :  4.46018e-06
 Reference value :  4.46021e-06
 Reference value :  4.46029e-06
 Reference value :  4.46033e-06
 Reference value :  4.46036e-06
 Reference value :  4.46045e-06
 Reference value :  4.46053e-06
 Reference value :  4.46058e-06
 Reference value :  4.46067e-06
 Reference value :  4.46071e-06
 Reference value :  4.46081e-06
 Reference value :  4.46091e-06
 Reference value :  4.46107e-06
 Reference value :  4.46118e-06
 Reference value :  4.46129e-06
 Reference value :  4.46140e-06
 Reference value :  4.46151e-06
 Reference value :  4.46162e-06
 Reference value :  4.46173e-06
 Reference value :  4.46184e-06
 Reference value :  4.46195e-06
 Reference value :  4.46205e-06
 Reference value :  4.46216e-06
 Reference value :  4.46228e-06
 Reference value :  4.46250e-06
 Reference value :  4.46266e-06
 Reference value :  4.46281e-06
 Reference value :  4.46287e-06
 Reference value :  4.46301e-06
 Reference value :  4.46307e-06
 Reference value :  4.46318e-06
 Reference value :  4.46328e-06
 Reference value :  4.46337e-06
 Reference value :  4.46341e-06
 Reference value :  4.46348e-06
 Reference value :  4.46357e-06
 Reference value :  4.46372e-06
 Reference value :  4.46382e-06
 Reference value :  4.46390e-06
 Reference value :  4.46401e-06
 Reference value :  4.46413e-06
 Reference value :  4.46429e-06
 Reference value :  4.46459e-06
 Reference value :  4.46489e-06
 Reference value :  4.46519e-06
 Reference value :  4.46539e-06
 Reference value :  4.46569e-06
 Reference value :  4.46599e-06
 Reference value :  4.46629e-06
 Reference value :  4.46659e-06
 Reference value :  4.46668e-06
 Reference value :  4.46675e-06
 Reference value :  4.46685e-06
 Reference value :  4.46688e-06
 Reference value :  4.46696e-06
 Reference value :  4.46706e-06
 Reference value :  4.46719e-06
 Reference value :  4.46723e-06
 Reference value :  4.46734e-06
 Reference value :  4.46744e-06
 Reference value :  4.46754e-06
 Reference value :  4.46759e-06
 Reference value :  4.46770e-06
 Reference value :  4.46778e-06
 Reference value :  4.46783e-06
 Reference value :  4.46786e-06
 Reference value :  4.46794e-06
 Reference value :  4.46802e-06
 Reference value :  4.46828e-06
 Reference value :  4.46858e-06
 Reference value :  4.46888e-06
 Reference value :  4.46918e-06
 Reference value :  4.46938e-06
 Reference value :  4.46958e-06
 Reference value :  4.46988e-06
 Reference value :  4.47005e-06
 Reference value :  4.47009e-06
 Reference value :  4.47024e-06
 Reference value :  4.47034e-06
 Reference value :  4.47038e-06
 Reference value :  4.47058e-06
 Reference value :  4.47088e-06
 Reference value :  4.47118e-06
 Reference value :  4.47148e-06
 Reference value :  4.47178e-06
 Reference value :  4.47198e-06
 Reference value :  4.47218e-06
 Reference value :  4.47248e-06
 Reference value :  4.47288e-06
 Reference value :  4.47318e-06
 Reference value :  4.47338e-06
 Reference value :  4.47344e-06
 Reference value :  4.47349e-06
 Reference value :  4.47357e-06
 Reference value :  4.47368e-06
 Reference value :  4.47373e-06
 Reference value :  4.47377e-06
 Reference value :  4.47387e-06
 Reference value :  4.47396e-06
 Reference value :  4.47405e-06
 Reference value :  4.47415e-06
 Reference value :  4.47437e-06
 Reference value :  4.47467e-06
 Reference value :  4.47487e-06
 Reference value :  4.47517e-06
 Reference value :  4.47547e-06
 Reference value :  4.47577e-06
 Reference value :  4.47607e-06
 Reference value :  4.47627e-06
 Reference value :  4.47647e-06
 Reference value :  4.47666e-06
 Reference value :  4.47673e-06
 Reference value :  4.47678e-06
 Reference value :  4.47687e-06
 Reference value :  4.47691e-06
 Reference value :  4.47701e-06
 Reference value :  4.47711e-06
 Reference value :  4.47726e-06
 Reference value :  4.47746e-06
 Reference value :  4.47766e-06
 Reference value :  4.47796e-06
 Reference value :  4.47826e-06
 Reference value :  4.47846e-06
 Reference value :  4.47866e-06
 Reference value :  4.47886e-06
 Reference value :  4.47906e-06
 Reference value :  4.47936e-06
 Reference value :  4.48004e-06
 Reference value :  4.48010e-06
 Reference value :  4.48049e-06
 Reference value :  4.48112e-06
 Reference value :  4.48291e-06
 Reference value :  4.48365e-06
 Reference value :  4.48513e-06
 Reference value :  4.48663e-06
 Reference value :  4.48724e-06
 Reference value :  4.48853e-06
 Reference value :  4.49010e-06
 Reference value :  4.49143e-06
 Reference value :  4.49303e-06
 Reference value :  4.49359e-06
 Reference value :  4.49394e-06
 Reference value :  4.49437e-06
 Reference value :  4.49460e-06
 Reference value :  4.49497e-06
 Reference value :  4.49531e-06
 Reference value :  4.49540e-06
 Reference value :  4.49591e-06
 Reference value :  4.49621e-06
 Reference value :  4.49680e-06
 Reference value :  4.49694e-06
 Reference value :  4.49705e-06
 Reference value :  4.49853e-06
 Reference value :  4.49983e-06
 Reference value :  4.50001e-06
 Reference value :  4.50010e-06
 Reference value :  4.50020e-06
 Reference value :  4.50023e-06
 Reference value :  4.50030e-06
 Reference value :  4.50042e-06
 Reference value :  4.50055e-06
 Reference value :  4.50063e-06
 Reference value :  4.50072e-06
 Reference value :  4.50082e-06
 Reference value :  4.50101e-06
 Reference value :  4.50129e-06
 Reference value :  4.50184e-06
 Reference value :  4.50259e-06
 Reference value :  4.50318e-06
 Reference value :  4.50373e-06
 Reference value :  4.50409e-06
 Reference value :  4.50514e-06
 Reference value :  4.50644e-06
 Reference value :  4.50694e-06
 Reference value :  4.50746e-06
 Reference value :  4.50782e-06
 Reference value :  4.50872e-06
 Reference value :  4.50962e-06
 Reference value :  4.51006e-06
 Reference value :  4.51021e-06
 Reference value :  4.51042e-06
 Reference value :  4.51056e-06
 Reference value :  4.51076e-06
 Reference value :  4.51096e-06
 Reference value :  4.51126e-06
 Reference value :  4.51146e-06
 Reference value :  4.51176e-06
 Reference value :  4.51196e-06
 Reference value :  4.51216e-06
 Reference value :  4.51256e-06
 Reference value :  4.51286e-06
 Reference value :  4.51326e-06
 Reference value :  4.51352e-06
 Reference value :  4.51375e-06
 Reference value :  4.51443e-06
 Reference value :  4.51633e-06
 Reference value :  4.51711e-06
 Reference value :  4.51907e-06
 Reference value :  4.52020e-06
 Reference value :  4.52065e-06
 Reference value :  4.52130e-06
 Reference value :  4.52320e-06
 Reference value :  4.52344e-06
 Reference value :  4.52453e-06
 Reference value :  4.52663e-06
 Reference value :  4.52721e-06
 Reference value :  4.52855e-06
 Reference value :  4.53009e-06
 Reference value :  4.53121e-06
 Reference value :  4.53331e-06
 Reference value :  4.53393e-06
 Reference value :  4.53454e-06
 Reference value :  4.53518e-06
 Reference value :  4.53678e-06
 Reference value :  4.53743e-06
 Reference value :  4.53953e-06
 Reference value :  4.54027e-06
 Reference value :  4.54076e-06
 Reference value :  4.54132e-06
 Reference value :  4.54194e-06
 Reference value :  4.54280e-06
 Reference value :  4.54330e-06
 Reference value :  4.54380e-06
 Reference value :  4.54466e-06
 Reference value :  4.54666e-06
 Reference value :  4.54726e-06
 Reference value :  4.54779e-06
 Reference value :  4.54921e-06
 Reference value :  4.55009e-06
 Reference value :  4.55028e-06
 Reference value :  4.55107e-06
 Reference value :  4.55177e-06
 Reference value :  4.55343e-06
 Reference value :  4.55392e-06
 Reference value :  4.55538e-06
 Reference value :  4.55683e-06
 Reference value :  4.55794e-06
 Reference value :  4.55904e-06
 Reference value :  4.56015e-06
 Reference value :  4.56046e-06
 Reference value :  4.56091e-06
 Reference value :  4.56150e-06
 Reference value :  4.56280e-06
 Reference value :  4.56344e-06
 Reference value :  4.56444e-06
 Reference value :  4.56654e-06
 Reference value :  4.56712e-06
 Reference value :  4.56749e-06
 Reference value :  4.56825e-06
 Reference value :  4.56975e-06
 Reference value :  4.57022e-06
 Reference value :  4.57070e-06
 Reference value :  4.57090e-06
 Reference value :  4.57210e-06
 Reference value :  4.57250e-06
 Reference value :  4.57360e-06
 Reference value :  4.57412e-06
 Reference value :  4.57475e-06
 Reference value :  4.57518e-06
 Reference value :  4.57552e-06
 Reference value :  4.57637e-06
 Reference value :  4.57684e-06
 Reference value :  4.57708e-06
 Reference value :  4.57768e-06
 Reference value :  4.57858e-06
 Reference value :  4.57938e-06
 Reference value :  4.58001e-06
 Reference value :  4.58016e-06
 Reference value :  4.58033e-06
 Reference value :  4.58053e-06
 Reference value :  4.58058e-06
 Reference value :  4.58071e-06
 Reference value :  4.58081e-06
 Reference value :  4.58091e-06
 Reference value :  4.58101e-06
 Reference value :  4.58113e-06
 Reference value :  4.58118e-06
 Reference value :  4.58129e-06
 Reference value :  4.58140e-06
 Reference value :  4.58151e-06
 Reference value :  4.58162e-06
 Reference value :  4.58173e-06
 Reference value :  4.58184e-06
 Reference value :  4.58195e-06
 Reference value :  4.58205e-06
 Reference value :  4.58216e-06
 Reference value :  4.58250e-06
 Reference value :  4.58266e-06
 Reference value :  4.58301e-06
 Reference value :  4.58318e-06
 Reference value :  4.58344e-06
 Reference value :  4.58373e-06
 Reference value :  4.58408e-06
 Reference value :  4.58510e-06
 Reference value :  4.58650e-06
 Reference value :  4.58717e-06
 Reference value :  4.58767e-06
 Reference value :  4.58870e-06
 Reference value :  4.59012e-06
 Reference value :  4.59025e-06
 Reference value :  4.59043e-06
 Reference value :  4.59137e-06
 Reference value :  4.59217e-06
 Reference value :  4.59287e-06
 Reference value :  4.59342e-06
 Reference value :  4.59360e-06
 Reference value :  4.59402e-06
 Reference value :  4.59415e-06
 Reference value :  4.59438e-06
 Reference value :  4.59458e-06
 Reference value :  4.59478e-06
 Reference value :  4.59508e-06
 Reference value :  4.59538e-06
 Reference value :  4.59568e-06
 Reference value :  4.59588e-06
 Reference value :  4.59618e-06
 Reference value :  4.59648e-06
 Reference value :  4.59666e-06
 Reference value :  4.59681e-06
 Reference value :  4.59692e-06
 Reference value :  4.59696e-06
 Reference value :  4.59705e-06
 Reference value :  4.59725e-06
 Reference value :  4.59755e-06
 Reference value :  4.59795e-06
 Reference value :  4.59825e-06
 Reference value :  4.59855e-06
 Reference value :  4.59875e-06
 Reference value :  4.59905e-06
 Reference value :  4.59935e-06
 Reference value :  4.59965e-06
 Reference value :  4.59985e-06
 Reference value :  4.60005e-06
 Reference value :  4.60019e-06
 Reference value :  4.60022e-06
 Reference value :  4.60028e-06
 Reference value :  4.60040e-06
 Reference value :  4.60044e-06
 Reference value :  4.60050e-06
 Reference value :  4.60061e-06
 Reference value :  4.60070e-06
 Reference value :  4.60080e-06
 Reference value :  4.60091e-06
 Reference value :  4.60102e-06
 Reference value :  4.60106e-06
 Reference value :  4.60121e-06
 Reference value :  4.60141e-06
 Reference value :  4.60171e-06
 Reference value :  4.60201e-06
 Reference value :  4.60231e-06
 Reference value :  4.60251e-06
 Reference value :  4.60271e-06
 Reference value :  4.60291e-06
 Reference value :  4.60321e-06
 Reference value :  4.60339e-06
 Reference value :  4.60345e-06
 Reference value :  4.60361e-06
 Reference value :  4.60377e-06
 Reference value :  4.60404e-06
 Reference value :  4.60424e-06
 Reference value :  4.60454e-06
 Reference value :  4.60484e-06
 Reference value :  4.60514e-06
 Reference value :  4.60534e-06
 Reference value :  4.60554e-06
 Reference value :  4.60584e-06
 Reference value :  4.60604e-06
 Reference value :  4.60634e-06
 Reference value :  4.60654e-06
 Reference value :  4.60674e-06
 Reference value :  4.60681e-06
 Reference value :  4.60685e-06
 Reference value :  4.60689e-06
 Reference value :  4.60697e-06
 Reference value :  4.60708e-06
 Reference value :  4.60713e-06
 Reference value :  4.60722e-06
 Reference value :  4.60737e-06
 Reference value :  4.60749e-06
 Reference value :  4.60767e-06
 Reference value :  4.60797e-06
 Reference value :  4.60827e-06
 Reference value :  4.60867e-06
 Reference value :  4.60897e-06
 Reference value :  4.60917e-06
 Reference value :  4.60937e-06
 Reference value :  4.60967e-06
 Reference value :  4.60987e-06
 Reference value :  4.61003e-06
 Reference value :  4.61008e-06
 Reference value :  4.61012e-06
 Reference value :  4.61016e-06
 Reference value :  4.61026e-06
 Reference value :  4.61037e-06
 Reference value :  4.61047e-06
 Reference value :  4.61073e-06
 Reference value :  4.61103e-06
 Reference value :  4.61133e-06
 Reference value :  4.61163e-06
 Reference value :  4.61193e-06
 Reference value :  4.61213e-06
 Reference value :  4.61243e-06
 Reference value :  4.61273e-06
 Reference value :  4.61293e-06
 Reference value :  4.61323e-06
 Reference value :  4.61342e-06
 Reference value :  4.61347e-06
 Reference value :  4.61351e-06
 Reference value :  4.61354e-06
 Reference value :  4.61361e-06
 Reference value :  4.61376e-06
 Reference value :  4.61389e-06
 Reference value :  4.61393e-06
 Reference value :  4.61402e-06
 Reference value :  4.61412e-06
 Reference value :  4.61422e-06
 Reference value :  4.61427e-06
 Reference value :  4.61436e-06
 Reference value :  4.61445e-06
 Reference value :  4.61460e-06
 Reference value :  4.61472e-06
 Reference value :  4.61481e-06
 Reference value :  4.61491e-06
 Reference value :  4.61508e-06
 Reference value :  4.61520e-06
 Reference value :  4.61547e-06
 Reference value :  4.61577e-06
 Reference value :  4.61597e-06
 Reference value :  4.61617e-06
 Reference value :  4.61647e-06
 Reference value :  4.61667e-06
 Reference value :  4.61674e-06
 Reference value :  4.61680e-06
 Reference value :  4.61697e-06
 Reference value :  4.61701e-06
 Reference value :  4.61711e-06
 Reference value :  4.61727e-06
 Reference value :  4.61757e-06
 Reference value :  4.61787e-06
 Reference value :  4.61817e-06
 Reference value :  4.61847e-06
 Reference value :  4.61867e-06
 Reference value :  4.61887e-06
 Reference value :  4.61917e-06
 Reference value :  4.61947e-06
 Reference value :  4.61977e-06
 Reference value :  4.62000e-06
 Reference value :  4.62007e-06
 Reference value :  4.62010e-06
 Reference value :  4.62015e-06
 Reference value :  4.62020e-06
 Reference value :  4.62023e-06
 Reference value :  4.62026e-06
 Reference value :  4.62034e-06
 Reference value :  4.62042e-06
 Reference value :  4.62046e-06
 Reference value :  4.62055e-06
 Reference value :  4.62064e-06
 Reference value :  4.62072e-06
 Reference value :  4.62086e-06
 Reference value :  4.62096e-06
 Reference value :  4.62107e-06
 Reference value :  4.62118e-06
 Reference value :  4.62129e-06
 Reference value :  4.62140e-06
 Reference value :  4.62151e-06
 Reference value :  4.62162e-06
 Reference value :  4.62173e-06
 Reference value :  4.62184e-06
 Reference value :  4.62205e-06
 Reference value :  4.62235e-06
 Reference value :  4.62250e-06
 Reference value :  4.62274e-06
 Reference value :  4.62288e-06
 Reference value :  4.62302e-06
 Reference value :  4.62338e-06
 Reference value :  4.62378e-06
 Reference value :  4.62397e-06
 Reference value :  4.62563e-06
 Reference value :  4.62603e-06
 Reference value :  4.62678e-06
 Reference value :  4.62688e-06
 Reference value :  4.62715e-06
 Reference value :  4.62759e-06
 Reference value :  4.62768e-06
 Reference value :  4.62778e-06
 Reference value :  4.62786e-06
 Reference value :  4.62794e-06
 Reference value :  4.62802e-06
 Reference value :  4.62939e-06
 Reference value :  4.62979e-06
 Reference value :  4.63018e-06
 Reference value :  4.63028e-06
 Reference value :  4.63037e-06
 Reference value :  4.63101e-06
 Reference value :  4.63131e-06
 Reference value :  4.63161e-06
 Reference value :  4.63211e-06
 Reference value :  4.63241e-06
 Reference value :  4.63340e-06
 Reference value :  4.63345e-06
 Reference value :  4.63349e-06
 Reference value :  4.63387e-06
 Reference value :  4.63458e-06
 Reference value :  4.63488e-06
 Reference value :  4.63518e-06
 Reference value :  4.63648e-06
 Reference value :  4.63681e-06
 Reference value :  4.63694e-06
 Reference value :  4.63702e-06
 Reference value :  4.63749e-06
 Reference value :  4.63779e-06
 Reference value :  4.63829e-06
 Reference value :  4.63909e-06
 Reference value :  4.63959e-06
 Reference value :  4.64009e-06
 Reference value :  4.64018e-06
 Reference value :  4.64035e-06
 Reference value :  4.64062e-06
 Reference value :  4.64092e-06
 Reference value :  4.64117e-06
 Reference value :  4.64142e-06
 Reference value :  4.64222e-06
 Reference value :  4.64252e-06
 Reference value :  4.64312e-06
 Reference value :  4.64332e-06
 Reference value :  4.64339e-06
 Reference value :  4.64345e-06
 Reference value :  4.64356e-06
 Reference value :  4.64393e-06
 Reference value :  4.64493e-06
 Reference value :  4.64593e-06
 Reference value :  4.64703e-06
 Reference value :  4.64725e-06
 Reference value :  4.64765e-06
 Reference value :  4.64815e-06
 Reference value :  4.64935e-06
 Reference value :  4.65023e-06
 Reference value :  4.65051e-06
 Reference value :  4.65088e-06
 Reference value :  4.65158e-06
 Reference value :  4.65208e-06
 Reference value :  4.65228e-06
 Reference value :  4.65258e-06
 Reference value :  4.65338e-06
 Reference value :  4.65393e-06
 Reference value :  4.65408e-06
 Reference value :  4.65430e-06
 Reference value :  4.65447e-06
 Reference value :  4.65468e-06
 Reference value :  4.65503e-06
 Reference value :  4.65536e-06
 Reference value :  4.65546e-06
 Reference value :  4.65556e-06
 Reference value :  4.65587e-06
 Reference value :  4.65641e-06
 Reference value :  4.65678e-06
 Reference value :  4.65695e-06
 Reference value :  4.65709e-06
 Reference value :  4.65784e-06
 Reference value :  4.65904e-06
 Reference value :  4.65934e-06
 Reference value :  4.65964e-06
 Reference value :  4.65992e-06
 Reference value :  4.66022e-06
 Reference value :  4.66027e-06
 Reference value :  4.66045e-06
 Reference value :  4.66092e-06
 Reference value :  4.66119e-06
 Reference value :  4.66130e-06
 Reference value :  4.66152e-06
 Reference value :  4.66173e-06
 Reference value :  4.66212e-06
 Reference value :  4.66251e-06
 Reference value :  4.66288e-06
 Reference value :  4.66319e-06
 Reference value :  4.66334e-06
 Reference value :  4.66363e-06
 Reference value :  4.66384e-06
 Reference value :  4.66444e-06
 Reference value :  4.66594e-06
 Reference value :  4.66680e-06
 Reference value :  4.66700e-06
 Reference value :  4.66727e-06
 Reference value :  4.66736e-06
 Reference value :  4.66746e-06
 Reference value :  4.66757e-06
 Reference value :  4.66767e-06
 Reference value :  4.66772e-06
 Reference value :  4.66786e-06
 Reference value :  4.66798e-06
 Reference value :  4.66821e-06
 Reference value :  4.66841e-06
 Reference value :  4.66871e-06
 Reference value :  4.66901e-06
 Reference value :  4.66931e-06
 Reference value :  4.66951e-06
 Reference value :  4.66981e-06
 Reference value :  4.67001e-06
 Reference value :  4.67031e-06
 Reference value :  4.67035e-06
 Reference value :  4.67080e-06
 Reference value :  4.67180e-06
 Reference value :  4.67210e-06
 Reference value :  4.67260e-06
 Reference value :  4.67310e-06
 Reference value :  4.67369e-06
 Reference value :  4.67373e-06
 Reference value :  4.67411e-06
 Reference value :  4.67608e-06
 Reference value :  4.67695e-06
 Reference value :  4.67853e-06
 Reference value :  4.68017e-06
 Reference value :  4.68032e-06
 Reference value :  4.68098e-06
 Reference value :  4.68233e-06
 Reference value :  4.68355e-06
 Reference value :  4.68421e-06
 Reference value :  4.68561e-06
 Reference value :  4.68591e-06
 Reference value :  4.68685e-06
 Reference value :  4.68753e-06
 Reference value :  4.68912e-06
 Reference value :  4.69028e-06
 Reference value :  4.69168e-06
 Reference value :  4.69337e-06
 Reference value :  4.69412e-06
 Reference value :  4.69462e-06
 Reference value :  4.69497e-06
 Reference value :  4.69519e-06
 Reference value :  4.69579e-06
 Reference value :  4.69668e-06
 Reference value :  4.69682e-06
 Reference value :  4.69687e-06
 Reference value :  4.69697e-06
 Reference value :  4.69702e-06
 Reference value :  4.69818e-06
 Reference value :  4.70001e-06
 Reference value :  4.70012e-06
 Reference value :  4.70020e-06
 Reference value :  4.70030e-06
 Reference value :  4.70040e-06
 Reference value :  4.70049e-06
 Reference value :  4.70057e-06
 Reference value :  4.70066e-06
 Reference value :  4.70071e-06
 Reference value :  4.70081e-06
 Reference value :  4.70085e-06
 Reference value :  4.70095e-06
 Reference value :  4.70150e-06
 Reference value :  4.70168e-06
 Reference value :  4.70229e-06
 Reference value :  4.70267e-06
 Reference value :  4.70273e-06
 Reference value :  4.70286e-06
 Reference value :  4.70297e-06
 Reference value :  4.70343e-06
 Reference value :  4.70372e-06
 Reference value :  4.70381e-06
 Reference value :  4.70391e-06
 Reference value :  4.70502e-06
 Reference value :  4.70572e-06
 Reference value :  4.70602e-06
 Reference value :  4.70622e-06
 Reference value :  4.70642e-06
 Reference value :  4.70662e-06
 Reference value :  4.70670e-06
 Reference value :  4.70676e-06
 Reference value :  4.70681e-06
 Reference value :  4.70689e-06
 Reference value :  4.70704e-06
 Reference value :  4.70717e-06
 Reference value :  4.70722e-06
 Reference value :  4.70726e-06
 Reference value :  4.70735e-06
 Reference value :  4.70745e-06
 Reference value :  4.70755e-06
 Reference value :  4.70766e-06
 Reference value :  4.70770e-06
 Reference value :  4.70779e-06
 Reference value :  4.70783e-06
 Reference value :  4.70786e-06
 Reference value :  4.70794e-06
 Reference value :  4.70803e-06
 Reference value :  4.70818e-06
 Reference value :  4.70848e-06
 Reference value :  4.70878e-06
 Reference value :  4.70898e-06
 Reference value :  4.71017e-06
 Reference value :  4.71151e-06
 Reference value :  4.71201e-06
 Reference value :  4.71231e-06
 Reference value :  4.71251e-06
 Reference value :  4.71281e-06
 Reference value :  4.71340e-06
 Reference value :  4.71377e-06
 Reference value :  4.71407e-06
 Reference value :  4.71422e-06
 Reference value :  4.71589e-06
 Reference value :  4.71691e-06
 Reference value :  4.71755e-06
 Reference value :  4.71885e-06
 Reference value :  4.71975e-06
 Reference value :  4.72015e-06
 Reference value :  4.72020e-06
 Reference value :  4.72021e-06
 Reference value :  4.72027e-06
 Reference value :  4.72036e-06
 Reference value :  4.72041e-06
 Reference value :  4.72044e-06
 Reference value :  4.72049e-06
 Reference value :  4.72057e-06
 Reference value :  4.72091e-06
 Reference value :  4.72102e-06
 Reference value :  4.72117e-06
 Reference value :  4.72141e-06
 Reference value :  4.72171e-06
 Reference value :  4.72191e-06
 Reference value :  4.72221e-06
 Reference value :  4.72241e-06
 Reference value :  4.72261e-06
 Reference value :  4.72281e-06
 Reference value :  4.72311e-06
 Reference value :  4.72331e-06
 Reference value :  4.72339e-06
 Reference value :  4.72345e-06
 Reference value :  4.72357e-06
 Reference value :  4.72362e-06
 Reference value :  4.72372e-06
 Reference value :  4.72378e-06
 Reference value :  4.72395e-06
 Reference value :  4.72415e-06
 Reference value :  4.72435e-06
 Reference value :  4.72465e-06
 Reference value :  4.72495e-06
 Reference value :  4.72515e-06
 Reference value :  4.72535e-06
 Reference value :  4.72555e-06
 Reference value :  4.72575e-06
 Reference value :  4.72595e-06
 Reference value :  4.72625e-06
 Reference value :  4.72645e-06
 Reference value :  4.72665e-06
 Reference value :  4.72681e-06
 Reference value :  4.72686e-06
 Reference value :  4.72689e-06
 Reference value :  4.72697e-06
 Reference value :  4.72709e-06
 Reference value :  4.72713e-06
 Reference value :  4.72722e-06
 Reference value :  4.72732e-06
 Reference value :  4.72744e-06
 Reference value :  4.72749e-06
 Reference value :  4.72755e-06
 Reference value :  4.72766e-06
 Reference value :  4.72796e-06
 Reference value :  4.72816e-06
 Reference value :  4.72836e-06
 Reference value :  4.72856e-06
 Reference value :  4.72886e-06
 Reference value :  4.72906e-06
 Reference value :  4.72926e-06
 Reference value :  4.72946e-06
 Reference value :  4.72966e-06
 Reference value :  4.72986e-06
 Reference value :  4.73003e-06
 Reference value :  4.73009e-06
 Reference value :  4.73014e-06
 Reference value :  4.73018e-06
 Reference value :  4.73028e-06
 Reference value :  4.73040e-06
 Reference value :  4.73053e-06
 Reference value :  4.73081e-06
 Reference value :  4.73111e-06
 Reference value :  4.73141e-06
 Reference value :  4.73171e-06
 Reference value :  4.73191e-06
 Reference value :  4.73211e-06
 Reference value :  4.73241e-06
 Reference value :  4.73271e-06
 Reference value :  4.73291e-06
 Reference value :  4.73311e-06
 Reference value :  4.73331e-06
 Reference value :  4.73341e-06
 Reference value :  4.73348e-06
 Reference value :  4.73355e-06
 Reference value :  4.73361e-06
 Reference value :  4.73372e-06
 Reference value :  4.73385e-06
 Reference value :  4.73390e-06
 Reference value :  4.73394e-06
 Reference value :  4.73408e-06
 Reference value :  4.73413e-06
 Reference value :  4.73424e-06
 Reference value :  4.73429e-06
 Reference value :  4.73434e-06
 Reference value :  4.73438e-06
 Reference value :  4.73447e-06
 Reference value :  4.73457e-06
 Reference value :  4.73468e-06
 Reference value :  4.73473e-06
 Reference value :  4.73482e-06
 Reference value :  4.73490e-06
 Reference value :  4.73499e-06
 Reference value :  4.73510e-06
 Reference value :  4.73515e-06
 Reference value :  4.73525e-06
 Reference value :  4.73535e-06
 Reference value :  4.73548e-06
 Reference value :  4.73575e-06
 Reference value :  4.73595e-06
 Reference value :  4.73615e-06
 Reference value :  4.73645e-06
 Reference value :  4.73665e-06
 Reference value :  4.73671e-06
 Reference value :  4.73675e-06
 Reference value :  4.73680e-06
 Reference value :  4.73689e-06
 Reference value :  4.73693e-06
 Reference value :  4.73702e-06
 Reference value :  4.73712e-06
 Reference value :  4.73728e-06
 Reference value :  4.73748e-06
 Reference value :  4.73768e-06
 Reference value :  4.73788e-06
 Reference value :  4.73818e-06
 Reference value :  4.73838e-06
 Reference value :  4.73858e-06
 Reference value :  4.73878e-06
 Reference value :  4.73908e-06
 Reference value :  4.73928e-06
 Reference value :  4.73958e-06
 Reference value :  4.73978e-06
 Reference value :  4.73994e-06
 Reference value :  4.74001e-06
 Reference value :  4.74007e-06
 Reference value :  4.74010e-06
 Reference value :  4.74012e-06
 Reference value :  4.74018e-06
 Reference value :  4.74022e-06
 Reference value :  4.74027e-06
 Reference value :  4.74036e-06
 Reference value :  4.74040e-06
 Reference value :  4.74050e-06
 Reference value :  4.74059e-06
 Reference value :  4.74068e-06
 Reference value :  4.74072e-06
 Reference value :  4.74077e-06
 Reference value :  4.74087e-06
 Reference value :  4.74096e-06
 Reference value :  4.74107e-06
 Reference value :  4.74119e-06
 Reference value :  4.74130e-06
 Reference value :  4.74141e-06
 Reference value :  4.74151e-06
 Reference value :  4.74162e-06
 Reference value :  4.74173e-06
 Reference value :  4.74184e-06
 Reference value :  4.74195e-06
 Reference value :  4.74206e-06
 Reference value :  4.74217e-06
 Reference value :  4.74229e-06
 Reference value :  4.74242e-06
 Reference value :  4.74251e-06
 Reference value :  4.74267e-06
 Reference value :  4.74282e-06
 Reference value :  4.74288e-06
 Reference value :  4.74302e-06
 Reference value :  4.74308e-06
 Reference value :  4.74319e-06
 Reference value :  4.74329e-06
 Reference value :  4.74338e-06
 Reference value :  4.74341e-06
 Reference value :  4.74349e-06
 Reference value :  4.74358e-06
 Reference value :  4.74368e-06
 Reference value :  4.74378e-06
 Reference value :  4.74388e-06
 Reference value :  4.74392e-06
 Reference value :  4.74402e-06
 Reference value :  4.74414e-06
 Reference value :  4.74422e-06
 Reference value :  4.74451e-06
 Reference value :  4.74481e-06
 Reference value :  4.74511e-06
 Reference value :  4.74531e-06
 Reference value :  4.74551e-06
 Reference value :  4.74571e-06
 Reference value :  4.74591e-06
 Reference value :  4.74621e-06
 Reference value :  4.74651e-06
 Reference value :  4.74670e-06
 Reference value :  4.74676e-06
 Reference value :  4.74682e-06
 Reference value :  4.74691e-06
 Reference value :  4.74700e-06
 Reference value :  4.74711e-06
 Reference value :  4.74718e-06
 Reference value :  4.74723e-06
 Reference value :  4.74727e-06
 Reference value :  4.74736e-06
 Reference value :  4.74746e-06
 Reference value :  4.74756e-06
 Reference value :  4.74767e-06
 Reference value :  4.74771e-06
 Reference value :  4.74780e-06
 Reference value :  4.74788e-06
 Reference value :  4.74796e-06
 Reference value :  4.74807e-06
 Reference value :  4.74827e-06
 Reference value :  4.74857e-06
 Reference value :  4.74877e-06
 Reference value :  4.74917e-06
 Reference value :  4.74937e-06
 Reference value :  4.74957e-06
 Reference value :  4.74977e-06
 Reference value :  4.74997e-06
 Reference value :  4.75005e-06
 Reference value :  4.75012e-06
 Reference value :  4.75024e-06
 Reference value :  4.75029e-06
 Reference value :  4.75038e-06
 Reference value :  4.75048e-06
 Reference value :  4.75064e-06
 Reference value :  4.75084e-06
 Reference value :  4.75114e-06
 Reference value :  4.75144e-06
 Reference value :  4.75174e-06
 Reference value :  4.75204e-06
 Reference value :  4.75234e-06
 Reference value :  4.75264e-06
 Reference value :  4.75294e-06
 Reference value :  4.75314e-06
 Reference value :  4.75334e-06
 Reference value :  4.75350e-06
 Reference value :  4.75355e-06
 Reference value :  4.75358e-06
 Reference value :  4.75371e-06
 Reference value :  4.75376e-06
 Reference value :  4.75380e-06
 Reference value :  4.75389e-06
 Reference value :  4.75394e-06
 Reference value :  4.75403e-06
 Reference value :  4.75408e-06
 Reference value :  4.75418e-06
 Reference value :  4.75440e-06
 Reference value :  4.75460e-06
 Reference value :  4.75480e-06
 Reference value :  4.75510e-06
 Reference value :  4.75540e-06
 Reference value :  4.75570e-06
 Reference value :  4.75590e-06
 Reference value :  4.75610e-06
 Reference value :  4.75630e-06
 Reference value :  4.75650e-06
 Reference value :  4.75669e-06
 Reference value :  4.75675e-06
 Reference value :  4.75679e-06
 Reference value :  4.75683e-06
 Reference value :  4.75691e-06
 Reference value :  4.75696e-06
 Reference value :  4.75704e-06
 Reference value :  4.75714e-06
 Reference value :  4.75733e-06
 Reference value :  4.75753e-06
 Reference value :  4.75773e-06
 Reference value :  4.75793e-06
 Reference value :  4.75813e-06
 Reference value :  4.75833e-06
 Reference value :  4.75853e-06
 Reference value :  4.75873e-06
 Reference value :  4.75893e-06
 Reference value :  4.75913e-06
 Reference value :  4.75943e-06
 Reference value :  4.75963e-06
 Reference value :  4.75993e-06
 Reference value :  4.76010e-06
 Reference value :  4.76020e-06
 Reference value :  4.76022e-06
 Reference value :  4.76028e-06
 Reference value :  4.76036e-06
 Reference value :  4.76041e-06
 Reference value :  4.76048e-06
 Reference value :  4.76055e-06
 Reference value :  4.76067e-06
 Reference value :  4.76088e-06
 Reference value :  4.76123e-06
 Reference value :  4.76333e-06
 Reference value :  4.76432e-06
 Reference value :  4.76652e-06
 Reference value :  4.76693e-06
 Reference value :  4.76725e-06
 Reference value :  4.76765e-06
 Reference value :  4.76975e-06
 Reference value :  4.77053e-06
 Reference value :  4.77241e-06
 Reference value :  4.77374e-06
 Reference value :  4.77417e-06
 Reference value :  4.77460e-06
 Reference value :  4.77509e-06
 Reference value :  4.77684e-06
 Reference value :  4.77796e-06
 Reference value :  4.77976e-06
 Reference value :  4.78023e-06
 Reference value :  4.78053e-06
 Reference value :  4.78100e-06
 Reference value :  4.78163e-06
 Reference value :  4.78217e-06
 Reference value :  4.78292e-06
 Reference value :  4.78337e-06
 Reference value :  4.78376e-06
 Reference value :  4.78476e-06
 Reference value :  4.78666e-06
 Reference value :  4.78720e-06
 Reference value :  4.78779e-06
 Reference value :  4.78849e-06
 Reference value :  4.78979e-06
 Reference value :  4.79035e-06
 Reference value :  4.79209e-06
 Reference value :  4.79352e-06
 Reference value :  4.79413e-06
 Reference value :  4.79582e-06
 Reference value :  4.79691e-06
 Reference value :  4.79850e-06
 Reference value :  4.80008e-06
 Reference value :  4.80040e-06
 Reference value :  4.80088e-06
 Reference value :  4.80104e-06
 Reference value :  4.80273e-06
 Reference value :  4.80372e-06
 Reference value :  4.80544e-06
 Reference value :  4.80690e-06
 Reference value :  4.80762e-06
 Reference value :  4.80917e-06
 Reference value :  4.81007e-06
 Reference value :  4.81163e-06
 Reference value :  4.81351e-06
 Reference value :  4.81398e-06
 Reference value :  4.81451e-06
 Reference value :  4.81504e-06
 Reference value :  4.81532e-06
 Reference value :  4.81569e-06
 Reference value :  4.81607e-06
 Reference value :  4.81678e-06
 Reference value :  4.81719e-06
 Reference value :  4.81809e-06
 Reference value :  4.81849e-06
 Reference value :  4.81959e-06
 Reference value :  4.82000e-06
 Reference value :  4.82012e-06
 Reference value :  4.82035e-06
 Reference value :  4.82044e-06
 Reference value :  4.82057e-06
 Reference value :  4.82081e-06
 Reference value :  4.82099e-06
 Reference value :  4.82158e-06
 Reference value :  4.82195e-06
 Reference value :  4.82267e-06
 Reference value :  4.82334e-06
 Reference value :  4.82355e-06
 Reference value :  4.82403e-06
 Reference value :  4.82544e-06
 Reference value :  4.82584e-06
 Reference value :  4.82672e-06
 Reference value :  4.82721e-06
 Reference value :  4.82774e-06
 Reference value :  4.82861e-06
 Reference value :  4.83013e-06
 Reference value :  4.83059e-06
 Reference value :  4.83099e-06
 Reference value :  4.83209e-06
 Reference value :  4.83347e-06
 Reference value :  4.83408e-06
 Reference value :  4.83579e-06
 Reference value :  4.83649e-06
 Reference value :  4.83681e-06
 Reference value :  4.83786e-06
 Reference value :  4.83976e-06
 Reference value :  4.84040e-06
 Reference value :  4.84092e-06
 Reference value :  4.84231e-06
 Reference value :  4.84339e-06
 Reference value :  4.84444e-06
 Reference value :  4.84634e-06
 Reference value :  4.84713e-06
 Reference value :  4.84817e-06
 Reference value :  4.85004e-06
 Reference value :  4.85040e-06
 Reference value :  4.85181e-06
 Reference value :  4.85356e-06
 Reference value :  4.85415e-06
 Reference value :  4.85479e-06
 Reference value :  4.85487e-06
 Reference value :  4.85537e-06
 Reference value :  4.85677e-06
 Reference value :  4.85793e-06
 Reference value :  4.86000e-06
 Reference value :  4.86021e-06
 Reference value :  4.86054e-06
 Reference value :  4.86090e-06
 Reference value :  4.86152e-06
 Reference value :  4.86212e-06
 Reference value :  4.86287e-06
 Reference value :  4.86342e-06
 Reference value :  4.86393e-06
 Reference value :  4.86473e-06
 Reference value :  4.86653e-06
 Reference value :  4.86722e-06
 Reference value :  4.86771e-06
 Reference value :  4.86880e-06
 Reference value :  4.87013e-06
 Reference value :  4.87140e-06
 Reference value :  4.87330e-06
 Reference value :  4.87374e-06
 Reference value :  4.87470e-06
 Reference value :  4.87660e-06
 Reference value :  4.87726e-06
 Reference value :  4.87906e-06
 Reference value :  4.88031e-06
 Reference value :  4.88087e-06
 Reference value :  4.88191e-06
 Reference value :  4.88346e-06
 Reference value :  4.88424e-06
 Reference value :  4.88634e-06
 Reference value :  4.88713e-06
 Reference value :  4.88806e-06
 Reference value :  4.88996e-06
 Reference value :  4.89061e-06
 Reference value :  4.89261e-06
 Reference value :  4.89373e-06
 Reference value :  4.89396e-06
 Reference value :  4.89463e-06
 Reference value :  4.89527e-06
 Reference value :  4.89653e-06
 Reference value :  4.89749e-06
 Reference value :  4.89949e-06
 Reference value :  4.90020e-06
 Reference value :  4.90077e-06
 Reference value :  4.90142e-06
 Reference value :  4.90201e-06
 Reference value :  4.90275e-06
 Reference value :  4.90339e-06
 Reference value :  4.90382e-06
 Reference value :  4.90488e-06
 Reference value :  4.90685e-06
 Reference value :  4.90737e-06
 Reference value :  4.90789e-06
 Reference value :  4.90936e-06
 Reference value :  4.91012e-06
 Reference value :  4.91071e-06
 Reference value :  4.91191e-06
 Reference value :  4.91241e-06
 Reference value :  4.91281e-06
 Reference value :  4.91341e-06
 Reference value :  4.91347e-06
 Reference value :  4.91350e-06
 Reference value :  4.91366e-06
 Reference value :  4.91381e-06
 Reference value :  4.91386e-06
 Reference value :  4.91409e-06
 Reference value :  4.91420e-06
 Reference value :  4.91436e-06
 Reference value :  4.91456e-06
 Reference value :  4.91476e-06
 Reference value :  4.91496e-06
 Reference value :  4.91526e-06
 Reference value :  4.91556e-06
 Reference value :  4.91576e-06
 Reference value :  4.91596e-06
 Reference value :  4.91616e-06
 Reference value :  4.91656e-06
 Reference value :  4.91674e-06
 Reference value :  4.91679e-06
 Reference value :  4.91691e-06
 Reference value :  4.91695e-06
 Reference value :  4.91730e-06
 Reference value :  4.91890e-06
 Reference value :  4.92000e-06
 Reference value :  4.92035e-06
 Reference value :  4.92081e-06
 Reference value :  4.92125e-06
 Reference value :  4.92335e-06
 Reference value :  4.92411e-06
 Reference value :  4.92621e-06
 Reference value :  4.92719e-06
 Reference value :  4.92792e-06
 Reference value :  4.93002e-06
 Reference value :  4.93069e-06
 Reference value :  4.93279e-06
 Reference value :  4.93376e-06
 Reference value :  4.93441e-06
 Reference value :  4.93500e-06
 Reference value :  4.93661e-06
 Reference value :  4.93726e-06
 Reference value :  4.93926e-06
 Reference value :  4.94020e-06
 Reference value :  4.94069e-06
 Reference value :  4.94130e-06
 Reference value :  4.94185e-06
 Reference value :  4.94251e-06
 Reference value :  4.94325e-06
 Reference value :  4.94369e-06
 Reference value :  4.94464e-06
 Reference value :  4.94664e-06
 Reference value :  4.94716e-06
 Reference value :  4.94766e-06
 Reference value :  4.94852e-06
 Reference value :  4.95008e-06
 Reference value :  4.95069e-06
 Reference value :  4.95219e-06
 Reference value :  4.95347e-06
 Reference value :  4.95408e-06
 Reference value :  4.95591e-06
 Reference value :  4.95694e-06
 Reference value :  4.95826e-06
 Reference value :  4.96005e-06
 Reference value :  4.96050e-06
 Reference value :  4.96117e-06
 Reference value :  4.96301e-06
 Reference value :  4.96378e-06
 Reference value :  4.96574e-06
 Reference value :  4.96697e-06
 Reference value :  4.96761e-06
 Reference value :  4.96946e-06
 Reference value :  4.97042e-06
 Reference value :  4.97223e-06
 Reference value :  4.97362e-06
 Reference value :  4.97413e-06
 Reference value :  4.97481e-06
 Reference value :  4.97528e-06
 Reference value :  4.97578e-06
 Reference value :  4.97682e-06
 Reference value :  4.97773e-06
 Reference value :  4.97903e-06
 Reference value :  4.98010e-06
 Reference value :  4.98050e-06
 Reference value :  4.98089e-06
 Reference value :  4.98153e-06
 Reference value :  4.98212e-06
 Reference value :  4.98289e-06
 Reference value :  4.98341e-06
 Reference value :  4.98396e-06
 Reference value :  4.98538e-06
 Reference value :  4.98691e-06
 Reference value :  4.98746e-06
 Reference value :  4.98802e-06
 Reference value :  4.98987e-06
 Reference value :  4.99068e-06
 Reference value :  4.99268e-06
 Reference value :  4.99369e-06
 Reference value :  4.99413e-06
 Reference value :  4.99610e-06
 Reference value :  4.99705e-06
 Reference value :  4.99874e-06
 Reference value :  5.00022e-06
 Reference value :  5.00067e-06
 Reference value :  5.00153e-06
 Reference value :  5.00333e-06
 Reference value :  5.00424e-06
 Reference value :  5.00624e-06
 Reference value :  5.00711e-06
 Reference value :  5.00816e-06
 Reference value :  5.00996e-06
 Reference value :  5.01079e-06
 Reference value :  5.01279e-06
 Reference value :  5.01382e-06
 Reference value :  5.01459e-06
 Reference value :  5.01498e-06
 Reference value :  5.01559e-06
 Reference value :  5.01669e-06
 Reference value :  5.01702e-06
 Reference value :  5.01828e-06
 Reference value :  5.01928e-06
 Reference value :  5.02001e-06
 Reference value :  5.02021e-06
 Reference value :  5.02050e-06
 Reference value :  5.02109e-06
 Reference value :  5.02169e-06
 Reference value :  5.02223e-06
 Reference value :  5.02268e-06
 Reference value :  5.02321e-06
 Reference value :  5.02373e-06
 Reference value :  5.02427e-06
 Reference value :  5.02577e-06
 Reference value :  5.02693e-06
 Reference value :  5.02756e-06
 Reference value :  5.02834e-06
 Reference value :  5.03009e-06
 Reference value :  5.03059e-06
 Reference value :  5.03259e-06
 Reference value :  5.03364e-06
 Reference value :  5.03444e-06
 Reference value :  5.03624e-06
 Reference value :  5.03706e-06
 Reference value :  5.03892e-06
 Reference value :  5.04020e-06
 Reference value :  5.04062e-06
 Reference value :  5.04109e-06
 Reference value :  5.04284e-06
 Reference value :  5.04393e-06
 Reference value :  5.04583e-06
 Reference value :  5.04705e-06
 Reference value :  5.04766e-06
 Reference value :  5.04973e-06
 Reference value :  5.05044e-06
 Reference value :  5.05240e-06
 Reference value :  5.05366e-06
 Reference value :  5.05431e-06
 Reference value :  5.05475e-06
 Reference value :  5.05542e-06
 Reference value :  5.05683e-06
 Reference value :  5.05792e-06
 Reference value :  5.06000e-06
 Reference value :  5.06026e-06
 Reference value :  5.06049e-06
 Reference value :  5.06075e-06
 Reference value :  5.06118e-06
 Reference value :  5.06163e-06
 Reference value :  5.06202e-06
 Reference value :  5.06236e-06
 Reference value :  5.06289e-06
 Reference value :  5.06308e-06
 Reference value :  5.06350e-06
 Reference value :  5.06415e-06
 Reference value :  5.06591e-06
 Reference value :  5.06689e-06
 Reference value :  5.06746e-06
 Reference value :  5.06795e-06
 Reference value :  5.06982e-06
 Reference value :  5.07044e-06
 Reference value :  5.07228e-06
 Reference value :  5.07358e-06
 Reference value :  5.07442e-06
 Reference value :  5.07632e-06
 Reference value :  5.07707e-06
 Reference value :  5.07876e-06
 Reference value :  5.08010e-06
 Reference value :  5.08063e-06
 Reference value :  5.08118e-06
 Reference value :  5.08193e-06
 Reference value :  5.08293e-06
 Reference value :  5.08362e-06
 Reference value :  5.08445e-06
 Reference value :  5.08595e-06
 Reference value :  5.08687e-06
 Reference value :  5.08726e-06
 Reference value :  5.08735e-06
 Reference value :  5.08856e-06
 Reference value :  5.08986e-06
 Reference value :  5.09012e-06
 Reference value :  5.09042e-06
 Reference value :  5.09224e-06
 Reference value :  5.09364e-06
 Reference value :  5.09392e-06
 Reference value :  5.09407e-06
 Reference value :  5.09438e-06
 Reference value :  5.09474e-06
 Reference value :  5.09587e-06
 Reference value :  5.09700e-06
 Reference value :  5.09851e-06
 Reference value :  5.09991e-06
 Reference value :  5.10021e-06
 Reference value :  5.10066e-06
 Reference value :  5.10125e-06
 Reference value :  5.10185e-06
 Reference value :  5.10251e-06
 Reference value :  5.10309e-06
 Reference value :  5.10354e-06
 Reference value :  5.10407e-06
 Reference value :  5.10588e-06
 Reference value :  5.10698e-06
 Reference value :  5.10737e-06
 Reference value :  5.10789e-06
 Reference value :  5.10972e-06
 Reference value :  5.11036e-06
 Reference value :  5.11191e-06
 Reference value :  5.11339e-06
 Reference value :  5.11399e-06
 Reference value :  5.11541e-06
 Reference value :  5.11685e-06
 Reference value :  5.11805e-06
 Reference value :  5.11995e-06
 Reference value :  5.12055e-06
 Reference value :  5.12104e-06
 Reference value :  5.12272e-06
 Reference value :  5.12379e-06
 Reference value :  5.12585e-06
 Reference value :  5.12704e-06
 Reference value :  5.12777e-06
 Reference value :  5.12987e-06
 Reference value :  5.13044e-06
 Reference value :  5.13204e-06
 Reference value :  5.13348e-06
 Reference value :  5.13403e-06
 Reference value :  5.13467e-06
 Reference value :  5.13528e-06
 Reference value :  5.13590e-06
 Reference value :  5.13676e-06
 Reference value :  5.13734e-06
 Reference value :  5.13914e-06
 Reference value :  5.14020e-06
 Reference value :  5.14057e-06
 Reference value :  5.14119e-06
 Reference value :  5.14174e-06
 Reference value :  5.14218e-06
 Reference value :  5.14283e-06
 Reference value :  5.14330e-06
 Reference value :  5.14369e-06
 Reference value :  5.14378e-06
 Reference value :  5.14382e-06
 Reference value :  5.14401e-06
 Reference value :  5.14568e-06
 Reference value :  5.14698e-06
 Reference value :  5.14757e-06
 Reference value :  5.14815e-06
 Reference value :  5.15010e-06
 Reference value :  5.15079e-06
 Reference value :  5.15259e-06
 Reference value :  5.15362e-06
 Reference value :  5.15427e-06
 Reference value :  5.15604e-06
 Reference value :  5.15694e-06
 Reference value :  5.15837e-06
 Reference value :  5.16014e-06
 Reference value :  5.16058e-06
 Reference value :  5.16113e-06
 Reference value :  5.16293e-06
 Reference value :  5.16395e-06
 Reference value :  5.16585e-06
 Reference value :  5.16699e-06
 Reference value :  5.16787e-06
 Reference value :  5.16987e-06
 Reference value :  5.17062e-06
 Reference value :  5.17272e-06
 Reference value :  5.17387e-06
 Reference value :  5.17438e-06
 Reference value :  5.17502e-06
 Reference value :  5.17599e-06
 Reference value :  5.17705e-06
 Reference value :  5.17876e-06
 Reference value :  5.18013e-06
 Reference value :  5.18025e-06
 Reference value :  5.18053e-06
 Reference value :  5.18084e-06
 Reference value :  5.18102e-06
 Reference value :  5.18125e-06
 Reference value :  5.18153e-06
 Reference value :  5.18196e-06
 Reference value :  5.18268e-06
 Reference value :  5.18339e-06
 Reference value :  5.18399e-06
 Reference value :  5.18585e-06
 Reference value :  5.18680e-06
 Reference value :  5.18683e-06
 Reference value :  5.18710e-06
 Reference value :  5.18745e-06
 Reference value :  5.18779e-06
 Reference value :  5.18794e-06
 Reference value :  5.18868e-06
 Reference value :  5.18998e-06
 Reference value :  5.19092e-06
 Reference value :  5.19302e-06
 Reference value :  5.19373e-06
 Reference value :  5.19398e-06
 Reference value :  5.19550e-06
 Reference value :  5.19684e-06
 Reference value :  5.19807e-06
 Reference value :  5.19977e-06
 Reference value :  5.20051e-06
 Reference value :  5.20109e-06
 Reference value :  5.20293e-06
 Reference value :  5.20333e-06
 Reference value :  5.20426e-06
 Reference value :  5.20616e-06
 Reference value :  5.20711e-06
 Reference value :  5.20798e-06
 Reference value :  5.20988e-06
 Reference value :  5.21044e-06
 Reference value :  5.21224e-06
 Reference value :  5.21355e-06
 Reference value :  5.21419e-06
 Reference value :  5.21477e-06
 Reference value :  5.21534e-06
 Reference value :  5.21666e-06
 Reference value :  5.21756e-06
 Reference value :  5.21926e-06
 Reference value :  5.22020e-06
 Reference value :  5.22075e-06
 Reference value :  5.22143e-06
 Reference value :  5.22197e-06
 Reference value :  5.22252e-06
 Reference value :  5.22316e-06
 Reference value :  5.22359e-06
 Reference value :  5.22421e-06
 Reference value :  5.22599e-06
 Reference value :  5.22697e-06
 Reference value :  5.22759e-06
 Reference value :  5.22787e-06
 Reference value :  5.22795e-06
 Reference value :  5.22990e-06
 Reference value :  5.23051e-06
 Reference value :  5.23256e-06
 Reference value :  5.23375e-06
 Reference value :  5.23418e-06
 Reference value :  5.23469e-06
 Reference value :  5.23579e-06
 Reference value :  5.23704e-06
 Reference value :  5.23860e-06
 Reference value :  5.24019e-06
 Reference value :  5.24067e-06
 Reference value :  5.24110e-06
 Reference value :  5.24120e-06
 Reference value :  5.24255e-06
 Reference value :  5.24362e-06
 Reference value :  5.24544e-06
 Reference value :  5.24614e-06
 Reference value :  5.24687e-06
 Reference value :  5.24712e-06
 Reference value :  5.24797e-06
 Reference value :  5.25007e-06
 Reference value :  5.25095e-06
 Reference value :  5.25315e-06
 Reference value :  5.25392e-06
 Reference value :  5.25427e-06
 Reference value :  5.25460e-06
 Reference value :  5.25523e-06
 Reference value :  5.25685e-06
 Reference value :  5.25759e-06
 Reference value :  5.25959e-06
 Reference value :  5.26014e-06
 Reference value :  5.26047e-06
 Reference value :  5.26088e-06
 Reference value :  5.26148e-06
 Reference value :  5.26203e-06
 Reference value :  5.26269e-06
 Reference value :  5.26297e-06
 Reference value :  5.26347e-06
 Reference value :  5.26409e-06
 Reference value :  5.26570e-06
 Reference value :  5.26704e-06
 Reference value :  5.26748e-06
 Reference value :  5.26778e-06
 Reference value :  5.26896e-06
 Reference value :  5.27011e-06
 Reference value :  5.27042e-06
 Reference value :  5.27154e-06
 Reference value :  5.27204e-06
 Reference value :  5.27351e-06
 Reference value :  5.27398e-06
 Reference value :  5.27539e-06
 Reference value :  5.27685e-06
 Reference value :  5.27767e-06
 Reference value :  5.27877e-06
 Reference value :  5.28007e-06
 Reference value :  5.28054e-06
 Reference value :  5.28101e-06
 Reference value :  5.28234e-06
 Reference value :  5.28342e-06
 Reference value :  5.28380e-06
 Reference value :  5.28576e-06
 Reference value :  5.28692e-06
 Reference value :  5.28767e-06
 Reference value :  5.28845e-06
 Reference value :  5.28925e-06
 Reference value :  5.29017e-06
 Reference value :  5.29081e-06
 Reference value :  5.29231e-06
 Reference value :  5.29347e-06
 Reference value :  5.29394e-06
 Reference value :  5.29435e-06
 Reference value :  5.29477e-06
 Reference value :  5.29517e-06
 Reference value :  5.29538e-06
 Reference value :  5.29585e-06
 Reference value :  5.29673e-06
 Reference value :  5.29705e-06
 Reference value :  5.29843e-06
 Reference value :  5.29923e-06
 Reference value :  5.30022e-06
 Reference value :  5.30070e-06
 Reference value :  5.30138e-06
 Reference value :  5.30154e-06
 Reference value :  5.30181e-06
 Reference value :  5.30231e-06
 Reference value :  5.30316e-06
 Reference value :  5.30331e-06
 Reference value :  5.30384e-06
 Reference value :  5.30422e-06
 Reference value :  5.30620e-06
 Reference value :  5.30710e-06
 Reference value :  5.30759e-06
 Reference value :  5.30849e-06
 Reference value :  5.30989e-06
 Reference value :  5.31028e-06
 Reference value :  5.31148e-06
 Reference value :  5.31348e-06
 Reference value :  5.31410e-06
 Reference value :  5.31551e-06
 Reference value :  5.31601e-06
 Reference value :  5.31697e-06
 Reference value :  5.31845e-06
 Reference value :  5.32018e-06
 Reference value :  5.32062e-06
 Reference value :  5.32096e-06
 Reference value :  5.32207e-06
 Reference value :  5.32348e-06
 Reference value :  5.32484e-06
 Reference value :  5.32654e-06
 Reference value :  5.32694e-06
 Reference value :  5.32729e-06
 Reference value :  5.32814e-06
 Reference value :  5.33004e-06
 Reference value :  5.33082e-06
 Reference value :  5.33302e-06
 Reference value :  5.33379e-06
 Reference value :  5.33406e-06
 Reference value :  5.33437e-06
 Reference value :  5.33492e-06
 Reference value :  5.33528e-06
 Reference value :  5.33694e-06
 Reference value :  5.33837e-06
 Reference value :  5.33907e-06
 Reference value :  5.34021e-06
 Reference value :  5.34064e-06
 Reference value :  5.34114e-06
 Reference value :  5.34175e-06
 Reference value :  5.34254e-06
 Reference value :  5.34326e-06
 Reference value :  5.34376e-06
 Reference value :  5.34400e-06
 Reference value :  5.34516e-06
 Reference value :  5.34656e-06
 Reference value :  5.34694e-06
 Reference value :  5.34729e-06
 Reference value :  5.34775e-06
 Reference value :  5.34812e-06
 Reference value :  5.34842e-06
 Reference value :  5.34902e-06
 Reference value :  5.34922e-06
 Reference value :  5.34942e-06
 Reference value :  5.34962e-06
 Reference value :  5.34992e-06
 Reference value :  5.35008e-06
 Reference value :  5.35013e-06
 Reference value :  5.35023e-06
 Reference value :  5.35028e-06
 Reference value :  5.35038e-06
 Reference value :  5.35042e-06
 Reference value :  5.35051e-06
 Reference value :  5.35071e-06
 Reference value :  5.35091e-06
 Reference value :  5.35121e-06
 Reference value :  5.35241e-06
 Reference value :  5.35354e-06
 Reference value :  5.35414e-06
 Reference value :  5.35562e-06
 Reference value :  5.35686e-06
 Reference value :  5.35729e-06
 Reference value :  5.35929e-06
 Reference value :  5.36026e-06
 Reference value :  5.36073e-06
 Reference value :  5.36106e-06
 Reference value :  5.36265e-06
 Reference value :  5.36369e-06
 Reference value :  5.36527e-06
 Reference value :  5.36689e-06
 Reference value :  5.36749e-06
 Reference value :  5.36831e-06
 Reference value :  5.36951e-06
 Reference value :  5.37040e-06
 Reference value :  5.37206e-06
 Reference value :  5.37354e-06
 Reference value :  5.37415e-06
 Reference value :  5.37473e-06
 Reference value :  5.37535e-06
 Reference value :  5.37641e-06
 Reference value :  5.37677e-06
 Reference value :  5.37795e-06
 Reference value :  5.37993e-06
 Reference value :  5.38038e-06
 Reference value :  5.38082e-06
 Reference value :  5.38126e-06
 Reference value :  5.38160e-06
 Reference value :  5.38214e-06
 Reference value :  5.38298e-06
 Reference value :  5.38352e-06
 Reference value :  5.38376e-06
 Reference value :  5.38399e-06
 Reference value :  5.38522e-06
 Reference value :  5.38681e-06
 Reference value :  5.38729e-06
 Reference value :  5.38734e-06
 Reference value :  5.38765e-06
 Reference value :  5.38792e-06
 Reference value :  5.38887e-06
 Reference value :  5.38967e-06
 Reference value :  5.39012e-06
 Reference value :  5.39042e-06
 Reference value :  5.39111e-06
 Reference value :  5.39141e-06
 Reference value :  5.39221e-06
 Reference value :  5.39251e-06
 Reference value :  5.39281e-06
 Reference value :  5.39350e-06
 Reference value :  5.39383e-06
 Reference value :  5.39397e-06
 Reference value :  5.39452e-06
 Reference value :  5.39512e-06
 Reference value :  5.39662e-06
 Reference value :  5.39710e-06
 Reference value :  5.39770e-06
 Reference value :  5.39820e-06
 Reference value :  5.40008e-06
 Reference value :  5.40041e-06
 Reference value :  5.40050e-06
 Reference value :  5.40060e-06
 Reference value :  5.40090e-06
 Reference value :  5.40215e-06
 Reference value :  5.40348e-06
 Reference value :  5.40507e-06
 Reference value :  5.40627e-06
 Reference value :  5.40689e-06
 Reference value :  5.40752e-06
 Reference value :  5.40829e-06
 Reference value :  5.41009e-06
 Reference value :  5.41056e-06
 Reference value :  5.41186e-06
 Reference value :  5.41316e-06
 Reference value :  5.41394e-06
 Reference value :  5.41430e-06
 Reference value :  5.41483e-06
 Reference value :  5.41536e-06
 Reference value :  5.41697e-06
 Reference value :  5.41812e-06
 Reference value :  5.42003e-06
 Reference value :  5.42032e-06
 Reference value :  5.42074e-06
 Reference value :  5.42125e-06
 Reference value :  5.42176e-06
 Reference value :  5.42225e-06
 Reference value :  5.42270e-06
 Reference value :  5.42337e-06
 Reference value :  5.42381e-06
 Reference value :  5.42503e-06
 Reference value :  5.42672e-06
 Reference value :  5.42699e-06
 Reference value :  5.42737e-06
 Reference value :  5.42788e-06
 Reference value :  5.42912e-06
 Reference value :  5.43032e-06
 Reference value :  5.43196e-06
 Reference value :  5.43350e-06
 Reference value :  5.43383e-06
 Reference value :  5.43492e-06
 Reference value :  5.43672e-06
 Reference value :  5.43748e-06
 Reference value :  5.43948e-06
 Reference value :  5.44042e-06
 Reference value :  5.44095e-06
 Reference value :  5.44246e-06
 Reference value :  5.44365e-06
 Reference value :  5.44517e-06
 Reference value :  5.44617e-06
 Reference value :  5.44693e-06
 Reference value :  5.44719e-06
 Reference value :  5.44789e-06
 Reference value :  5.44919e-06
 Reference value :  5.44999e-06
 Reference value :  5.45049e-06
 Reference value :  5.45113e-06
 Reference value :  5.45143e-06
 Reference value :  5.45343e-06
 Reference value :  5.45405e-06
 Reference value :  5.45469e-06
 Reference value :  5.45530e-06
 Reference value :  5.45580e-06
 Reference value :  5.45606e-06
 Reference value :  5.45658e-06
 Reference value :  5.45697e-06
 Reference value :  5.45780e-06
 Reference value :  5.45920e-06
 Reference value :  5.46011e-06
 Reference value :  5.46040e-06
 Reference value :  5.46056e-06
 Reference value :  5.46088e-06
 Reference value :  5.46131e-06
 Reference value :  5.46176e-06
 Reference value :  5.46220e-06
 Reference value :  5.46284e-06
 Reference value :  5.46301e-06
 Reference value :  5.46342e-06
 Reference value :  5.46358e-06
 Reference value :  5.46362e-06
 Reference value :  5.46386e-06
 Reference value :  5.46446e-06
 Reference value :  5.46476e-06
 Reference value :  5.46506e-06
 Reference value :  5.46526e-06
 Reference value :  5.46546e-06
 Reference value :  5.46566e-06
 Reference value :  5.46586e-06
 Reference value :  5.46616e-06
 Reference value :  5.46646e-06
 Reference value :  5.46680e-06
 Reference value :  5.46684e-06
 Reference value :  5.46693e-06
 Reference value :  5.46708e-06
 Reference value :  5.46720e-06
 Reference value :  5.46726e-06
 Reference value :  5.46761e-06
 Reference value :  5.46791e-06
 Reference value :  5.46857e-06
 Reference value :  5.46967e-06
 Reference value :  5.47013e-06
 Reference value :  5.47093e-06
 Reference value :  5.47303e-06
 Reference value :  5.47378e-06
 Reference value :  5.47391e-06
 Reference value :  5.47462e-06
 Reference value :  5.47662e-06
 Reference value :  5.47705e-06
 Reference value :  5.47768e-06
 Reference value :  5.47868e-06
 Reference value :  5.47968e-06
 Reference value :  5.48047e-06
 Reference value :  5.48100e-06
 Reference value :  5.48245e-06
 Reference value :  5.48365e-06
 Reference value :  5.48537e-06
 Reference value :  5.48690e-06
 Reference value :  5.48757e-06
 Reference value :  5.48937e-06
 Reference value :  5.49039e-06
 Reference value :  5.49225e-06
 Reference value :  5.49352e-06
 Reference value :  5.49410e-06
 Reference value :  5.49474e-06
 Reference value :  5.49573e-06
 Reference value :  5.49695e-06
 Reference value :  5.49850e-06
 Reference value :  5.50011e-06
 Reference value :  5.50060e-06
 Reference value :  5.50115e-06
 Reference value :  5.50171e-06
 Reference value :  5.50226e-06
 Reference value :  5.50301e-06
 Reference value :  5.50362e-06
 Reference value :  5.50468e-06
 Reference value :  5.50658e-06
 Reference value :  5.50721e-06
 Reference value :  5.50770e-06
 Reference value :  5.50827e-06
 Reference value :  5.51006e-06
 Reference value :  5.51092e-06
 Reference value :  5.51252e-06
 Reference value :  5.51364e-06
 Reference value :  5.51442e-06
 Reference value :  5.51622e-06
 Reference value :  5.51702e-06
 Reference value :  5.51851e-06
 Reference value :  5.52018e-06
 Reference value :  5.52063e-06
 Reference value :  5.52110e-06
 Reference value :  5.52274e-06
 Reference value :  5.52370e-06
 Reference value :  5.52527e-06
 Reference value :  5.52684e-06
 Reference value :  5.52746e-06
 Reference value :  5.52889e-06
 Reference value :  5.53023e-06
 Reference value :  5.53166e-06
 Reference value :  5.53353e-06
 Reference value :  5.53406e-06
 Reference value :  5.53464e-06
 Reference value :  5.53521e-06
 Reference value :  5.53637e-06
 Reference value :  5.53702e-06
 Reference value :  5.53863e-06
 Reference value :  5.54014e-06
 Reference value :  5.54070e-06
 Reference value :  5.54119e-06
 Reference value :  5.54182e-06
 Reference value :  5.54245e-06
 Reference value :  5.54311e-06
 Reference value :  5.54361e-06
 Reference value :  5.54422e-06
 Reference value :  5.54640e-06
 Reference value :  5.54722e-06
 Reference value :  5.54779e-06
 Reference value :  5.54889e-06
 Reference value :  5.55032e-06
 Reference value :  5.55186e-06
 Reference value :  5.55350e-06
 Reference value :  5.55396e-06
 Reference value :  5.55531e-06
 Reference value :  5.55683e-06
 Reference value :  5.55730e-06
 Reference value :  5.55810e-06
 Reference value :  5.55910e-06
 Reference value :  5.56018e-06
 Reference value :  5.56042e-06
 Reference value :  5.56069e-06
 Reference value :  5.56106e-06
 Reference value :  5.56111e-06
 Reference value :  5.56135e-06
 Reference value :  5.56325e-06
 Reference value :  5.56398e-06
 Reference value :  5.56438e-06
 Reference value :  5.56558e-06
 Reference value :  5.56618e-06
 Reference value :  5.56713e-06
 Reference value :  5.56771e-06
 Reference value :  5.56971e-06
 Reference value :  5.57046e-06
 Reference value :  5.57206e-06
 Reference value :  5.57226e-06
 Reference value :  5.57336e-06
 Reference value :  5.57369e-06
 Reference value :  5.57415e-06
 Reference value :  5.57448e-06
 Reference value :  5.57490e-06
 Reference value :  5.57563e-06
 Reference value :  5.57583e-06
 Reference value :  5.57680e-06
 Reference value :  5.57733e-06
 Reference value :  5.57823e-06
 Reference value :  5.57913e-06
 Reference value :  5.58020e-06
 Reference value :  5.58084e-06
 Reference value :  5.58144e-06
 Reference value :  5.58204e-06
 Reference value :  5.58277e-06
 Reference value :  5.58307e-06
 Reference value :  5.58345e-06
 Reference value :  5.58406e-06
 Reference value :  5.58476e-06
 Reference value :  5.58646e-06
 Reference value :  5.58726e-06
 Reference value :  5.58781e-06
 Reference value :  5.58852e-06
 Reference value :  5.59015e-06
 Reference value :  5.59145e-06
 Reference value :  5.59335e-06
 Reference value :  5.59391e-06
 Reference value :  5.59471e-06
 Reference value :  5.59679e-06
 Reference value :  5.59750e-06
 Reference value :  5.59960e-06
 Reference value :  5.60040e-06
 Reference value :  5.60090e-06
 Reference value :  5.60215e-06
 Reference value :  5.60354e-06
 Reference value :  5.60508e-06
 Reference value :  5.60685e-06
 Reference value :  5.60742e-06
 Reference value :  5.60880e-06
 Reference value :  5.61017e-06
 Reference value :  5.61087e-06
 Reference value :  5.61237e-06
 Reference value :  5.61351e-06
 Reference value :  5.61397e-06
 Reference value :  5.61431e-06
 Reference value :  5.61474e-06
 Reference value :  5.61513e-06
 Reference value :  5.61549e-06
 Reference value :  5.61633e-06
 Reference value :  5.61699e-06
 Reference value :  5.61867e-06
 Reference value :  5.62014e-06
 Reference value :  5.62060e-06
 Reference value :  5.62115e-06
 Reference value :  5.62176e-06
 Reference value :  5.62245e-06
 Reference value :  5.62317e-06
 Reference value :  5.62372e-06
 Reference value :  5.62496e-06
 Reference value :  5.62566e-06
 Reference value :  5.62694e-06
 Reference value :  5.62758e-06
 Reference value :  5.62806e-06
 Reference value :  5.62995e-06
 Reference value :  5.63048e-06
 Reference value :  5.63244e-06
 Reference value :  5.63356e-06
 Reference value :  5.63419e-06
 Reference value :  5.63601e-06
 Reference value :  5.63699e-06
 Reference value :  5.63858e-06
 Reference value :  5.64019e-06
 Reference value :  5.64058e-06
 Reference value :  5.64095e-06
 Reference value :  5.64237e-06
 Reference value :  5.64364e-06
 Reference value :  5.64546e-06
 Reference value :  5.64689e-06
 Reference value :  5.64757e-06
 Reference value :  5.64929e-06
 Reference value :  5.65044e-06
 Reference value :  5.65225e-06
 Reference value :  5.65367e-06
 Reference value :  5.65431e-06
 Reference value :  5.65490e-06
 Reference value :  5.65631e-06
 Reference value :  5.65721e-06
 Reference value :  5.65921e-06
 Reference value :  5.66021e-06
 Reference value :  5.66079e-06
 Reference value :  5.66138e-06
 Reference value :  5.66166e-06
 Reference value :  5.66220e-06
 Reference value :  5.66291e-06
 Reference value :  5.66310e-06
 Reference value :  5.66321e-06
 Reference value :  5.66356e-06
 Reference value :  5.66402e-06
 Reference value :  5.66413e-06
 Reference value :  5.66428e-06
 Reference value :  5.66528e-06
 Reference value :  5.66588e-06
 Reference value :  5.66658e-06
 Reference value :  5.66692e-06
 Reference value :  5.66721e-06
 Reference value :  5.66744e-06
 Reference value :  5.66794e-06
 Reference value :  5.66953e-06
 Reference value :  5.67010e-06
 Reference value :  5.67024e-06
 Reference value :  5.67038e-06
 Reference value :  5.67062e-06
 Reference value :  5.67182e-06
 Reference value :  5.67312e-06
 Reference value :  5.67359e-06
 Reference value :  5.67391e-06
 Reference value :  5.67421e-06
 Reference value :  5.67563e-06
 Reference value :  5.67691e-06
 Reference value :  5.67809e-06
 Reference value :  5.68007e-06
 Reference value :  5.68024e-06
 Reference value :  5.68074e-06
 Reference value :  5.68155e-06
 Reference value :  5.68343e-06
 Reference value :  5.68458e-06
 Reference value :  5.68648e-06
 Reference value :  5.68723e-06
 Reference value :  5.68810e-06
 Reference value :  5.69007e-06
 Reference value :  5.69077e-06
 Reference value :  5.69287e-06
 Reference value :  5.69364e-06
 Reference value :  5.69393e-06
 Reference value :  5.69431e-06
 Reference value :  5.69483e-06
 Reference value :  5.69548e-06
 Reference value :  5.69679e-06
 Reference value :  5.69830e-06
No. of Data Rows : 29563

  Measurements for Transient Analysis

phi_a               =  1.37999e-10 targ=  3.50024e-06 trig=  3.50010e-06
phi_b               =  1.44779e-10 targ=  3.62024e-06 trig=  3.62010e-06
ferr                =  -6.77988e-06
tclk20              =  1.33339e-07 targ=  3.63999e-06 trig=  3.50665e-06
fout                =  1.49994e+08
tfb5                =  2.00009e-07 targ=  3.70025e-06 trig=  3.50024e-06
ffb                 =  2.49989e+07
nmeas               =  6.00004e+00
lock_lvl            =  3.30000e+00 from=  2.60000e-06 to=  3.60007e-06
up_lvl              =  1.94383e-01 from=  2.60000e-06 to=  3.60007e-06
dn_lvl              =  1.82713e-01 from=  2.60000e-06 to=  3.60007e-06

ngspice-46 done

