corner,temp_c,vdd,band,rdiv,fcal,corner_id,tp1,tp2,tp3,tp4,tp5,tp6,tp7,f1,f2,f3,f4,f5,f6,f7,i1,i2,i3,i4,i5,i6,i7,jsettle,jstepon,jfrip,push_slope_hz_per_v,push_norm_pct_per_v,push_f_nom_hz,push_i_nom_a,push_nl_pct,quiet_f_hz,quiet_tj_pp_s,quiet_tj_rms_s,quiet_c2c_rms_s,quiet_tie_pp_s,quiet_tie_rms_s,step_f_pre_hz,step_f_post_hz,step_df_hz,step_kvdd_hz_per_v,step_tie_per_us_s,rip_f_hz,rip_tj_pp_s,rip_tj_rms_s,rip_c2c_rms_s,rip_tie_pp_s,rip_tie_rms_s,rip_tie_pp_pred_s,rip_tj_pp_pred_s,rip_tj_rms_pct,floor_margin_x,quiet_cycles,rip_cycles,verdict
typical,-40.0,3.3,band0,r16,f100,typical_-40c_3.30v_band0_r16_f100,5.82329e-07,6.05296e-07,6.27293e-07,6.48138e-07,6.66551e-07,6.82897e-07,6.99527e-07,6868970.0,6608330.0,6376610.0,6171520.0,6001040.0,5857400.0,5718150.0,5.05049e-05,5.20113e-05,5.27598e-05,5.60741e-05,5.92276e-05,5.87294e-05,6.20036e-05,1.06029e-06,6.71516e-06,353677.0,-1730483.7662337665,-28.039830807220365,6171520.0,5.60741e-05,1.1188549521488593,6185208.283012768,6.947884298056858e-11,1.1130222456081778e-11,1.534502029662158e-11,9.104566058387134e-11,2.3174025479676327e-11,6185173.1892386265,6023564.037364067,-161609.15187455993,-1616091.5187455993,-2.6128476427424575e-08,6187530.354455029,4.598936751627689e-09,1.6256372160082123e-09,5.871413885468644e-10,1.460226493606669e-08,4.499249420902514e-09,1.1757769333117027e-08,4.224324708813088e-09,1.0058679619382578,194.15053396089365,70.0,70.0,PASS
typical,-40.0,3.3,band4,r16,f100,typical_-40c_3.30v_band4_r16_f100,7.47067e-08,7.91636e-08,8.33699e-08,8.72878e-08,9.11191e-08,9.46441e-08,9.7656e-08,53542700.0,50528300.0,47978900.0,45825400.0,43898600.0,42263600.0,40960100.0,0.000109449,0.000113351,0.000114402,0.000118255,0.000118689,0.000122893,0.000127149,1.4305e-07,9.05985e-07,2621460.0,-18947240.259740263,-41.34659001283188,45825400.0,0.000118255,1.8807956785039177,45838458.12010469,6.3297372854120165e-12,1.2649150400142742e-12,1.9594248993735716e-12,5.927158112100008e-12,1.3718677011600782e-12,45838518.219660126,44128682.01392027,-1709836.2057398558,-17098362.057398558,-3.730129751459783e-08,45866698.13970657,1.0230269315609693e-09,3.590571873216564e-10,1.310178750496616e-10,3.276261709898263e-09,9.92565501303822e-10,2.2646516318677602e-09,8.137565692808816e-10,1.646876762577449,723.5140097434244,70.0,70.0,PASS
typical,-40.0,3.3,band7,r16,f100,typical_-40c_3.30v_band7_r16_f100,1.43298e-08,1.51866e-08,1.61076e-08,1.70131e-08,1.79663e-08,1.88954e-08,1.98163e-08,279138000.0,263390000.0,248329000.0,235113000.0,222639000.0,211692000.0,201854000.0,0.000344124,0.000349526,0.00035588,0.000360785,0.000366327,0.000368166,0.000376096,3.18447e-08,2.01683e-07,11775900.0,-117187662.33766235,-49.843123237618656,235113000.0,0.000360785,1.3079728835556559,234979224.61420938,1.228080013492694e-12,2.6631629463898106e-13,4.114493086509319e-13,1.6549820264983519e-12,3.5575164882062237e-13,234980182.078642,224197937.71450493,-10782244.364137083,-107822443.64137083,-4.588576052991795e-08,235077483.49678454,2.7836447251536537e-10,9.789329868212484e-11,3.1084282113992404e-11,1.0049513378625786e-09,3.0795476420859385e-10,6.201628209318717e-10,1.9527661466627555e-10,2.3012510305393,865.64536026612,80.0,80.0,PASS
typical,27.0,3.3,band0,r16,f100,typical_27c_3.30v_band0_r16_f100,5.48583e-07,5.70687e-07,5.92263e-07,6.12268e-07,6.31838e-07,6.49453e-07,6.65287e-07,7291510.0,7009100.0,6753760.0,6533080.0,6330740.0,6159030.0,6012450.0,5.95911e-05,6.11308e-05,6.25627e-05,6.4219e-05,6.52049e-05,6.92525e-05,6.97538e-05,7.95217e-07,5.03637e-06,471570.0,-1935175.324675325,-29.62117905605511,6533080.0,6.4219e-05,1.0510137856657193,6530445.8617240535,2.687399742827269e-11,5.638545841569024e-12,7.81473833993647e-12,3.6376410679505883e-11,7.68770987543372e-12,6530458.519762825,6352289.982607133,-178168.53715569247,-1781685.3715569247,-2.728269946382926e-08,6533957.882621707,4.575459815267462e-09,1.6124659590528494e-09,7.370767252484557e-10,1.1448786739800009e-08,3.565141193052517e-09,9.207932856309649e-09,4.177777892028736e-09,1.0535784663612537,463.74554331778563,55.0,55.0,PASS
typical,27.0,3.3,band4,r16,f100,typical_27c_3.30v_band4_r16_f100,6.85823e-08,7.2452e-08,7.6228e-08,7.98435e-08,8.3395e-08,8.6601e-08,8.97048e-08,58324100.0,55208900.0,52474200.0,50098000.0,47964500.0,46188800.0,44590700.0,0.000126002,0.000129224,0.000131674,0.000133828,0.000137529,0.000138783,0.0001401,1.07288e-07,6.79488e-07,3495280.0,-20698084.415584423,-41.31519105669772,50098000.0,0.000133828,1.5988448355508726,50088074.33237422,2.58430341662809e-12,6.341443361808541e-13,9.835185914936373e-13,2.544479960330873e-12,5.641695124316616e-13,50088005.65301165,48191321.48002362,-1896684.1729880273,-18966841.729880273,-3.786703320007282e-08,50130443.76861404,9.770198302068351e-10,3.4166504867167314e-10,1.532135941706043e-10,2.5909112357104174e-09,7.823204437479487e-10,1.7242444812259745e-09,7.560079276871679e-10,1.712782051013609,1386.6762143456165,57.0,57.0,PASS
typical,27.0,3.3,band7,r16,f100,typical_27c_3.30v_band7_r16_f100,1.30621e-08,1.37555e-08,1.44935e-08,1.52765e-08,1.60714e-08,1.68779e-08,1.76839e-08,306229000.0,290794000.0,275985000.0,261841000.0,248889000.0,236996000.0,226194000.0,0.000392529,0.000395779,0.000405042,0.000405687,0.000413958,0.000418665,0.000422997,2.38835e-08,1.51262e-07,15701200.0,-121687337.66233768,-46.47375226276163,261841000.0,0.000405687,0.9562919045200211,261940684.02781552,9.078116514360196e-13,2.2060196318426442e-13,3.3592739782353314e-13,1.895525261613223e-12,4.252141599187282e-13,261943080.56537658,251039590.9402356,-10903489.625140965,-109034896.25140965,-4.162541572622163e-08,262079482.9942281,2.383132646226242e-10,8.407083962726419e-11,3.1514766742918394e-11,7.034456514227609e-10,2.2238653358844908e-10,4.2193916918938856e-10,1.5891306353709738e-10,2.203324218440406,522.9988898557709,66.0,66.0,PASS
typical,125.0,3.3,band0,r16,f100,typical_125c_3.30v_band0_r16_f100,5.14415e-07,5.34582e-07,5.54736e-07,5.72787e-07,5.90332e-07,6.06562e-07,6.2211e-07,7775820.0,7482490.0,7210630.0,6983400.0,6775850.0,6594550.0,6429730.0,7.67854e-05,7.77456e-05,7.87769e-05,8.14056e-05,8.29641e-05,8.71306e-05,8.67436e-05,5.89049e-07,3.73065e-06,636619.0,-2028873.3766233772,-29.052802025136426,6983400.0,8.14056e-05,1.0055938777263747,6986073.664644848,1.046620439715761e-11,2.3848587034656865e-12,3.2494279037546805e-12,1.921454666101244e-11,4.717502641309778e-12,6986041.032912982,6795227.60246559,-190813.43044739123,-1908134.3044739123,-2.7313528441705617e-08,6991750.220571376,4.318767045162211e-09,1.513857423068623e-09,8.827390199064559e-10,8.72547076424382e-09,2.6999134319707245e-09,6.828358499650993e-09,3.909692650293001e-09,1.058451297165366,572.3183720828007,44.0,43.0,PASS
typical,125.0,3.3,band4,r16,f100,typical_125c_3.30v_band4_r16_f100,6.14739e-08,6.48544e-08,6.81811e-08,7.13513e-08,7.43558e-08,7.73279e-08,8.01092e-08,65068300.0,61676600.0,58667300.0,56060700.0,53795400.0,51727800.0,49931800.0,0.000155779,0.000157208,0.000159807,0.000163371,0.000164195,0.00016775,0.000171296,7.94723e-08,5.03325e-07,4718620.0,-22785389.610389616,-40.64414038781109,56060700.0,0.000163371,1.5075368560965194,56082630.649612576,1.8433464297407197e-12,4.4388664578636213e-13,6.108383231197663e-13,3.6761353106749555e-12,9.329820027716476e-13,56082985.27834469,53978006.810986675,-2104978.4673580155,-21049784.673580155,-3.753328138491248e-08,56138744.8574191,8.89309816100083e-10,3.1029344245391467e-10,1.671068876626951e-10,1.9206501863045613e-09,5.94393233121244e-10,1.265972897993769e-09,6.692538899355191e-10,1.7419484396850575,637.08970950721,47.0,47.0,PASS
typical,125.0,3.3,band7,r16,f100,typical_125c_3.30v_band7_r16_f100,1.17278e-08,1.22481e-08,1.28099e-08,1.33983e-08,1.40143e-08,1.46456e-08,1.52869e-08,341070000.0,326581000.0,312258000.0,298545000.0,285422000.0,273119000.0,261663000.0,0.000461164,0.000467294,0.000472662,0.000482397,0.000487098,0.00049058,0.000505692,1.76915e-08,1.12046e-07,21196600.0,-120773051.94805199,-40.45388532651761,298545000.0,0.000482397,0.5727181592628927,298612857.62381417,7.315931537850144e-13,1.7482290318291957e-13,2.7835001943032877e-13,1.4697956703335333e-12,3.928348364369916e-13,298616456.89332795,288109076.30980843,-10507380.583519518,-105073805.83519518,-3.518687714948334e-08,298635761.9669235,1.7788332055684528e-10,6.28271307992071e-11,2.7267875860857182e-11,4.2480811297183863e-10,1.3999993535839557e-10,2.6420430308472613e-10,1.1783585458231853e-10,1.8762428078416777,356.3837072806315,56.0,56.0,PASS
ff,-40.0,3.3,band0,r16,f100,ff_-40c_3.30v_band0_r16_f100,5.96414e-07,6.15289e-07,6.33607e-07,6.52724e-07,6.6866e-07,6.83782e-07,6.97531e-07,6706760.0,6501010.0,6313060.0,6128160.0,5982110.0,5849820.0,5734510.0,5.61852e-05,5.794e-05,5.75093e-05,6.20754e-05,6.47188e-05,6.40626e-05,7.13224e-05,1.06029e-06,6.71516e-06,353677.0,-1477298.7012987016,-24.10672536778905,6128160.0,6.20754e-05,0.789563495171693,6134617.312375383,4.704878822386243e-11,9.497846837383052e-12,1.3980507082070891e-11,6.703531424262363e-11,1.5003544196563097e-11,6134588.38307076,5997459.005020292,-137129.37805046886,-1371293.7805046886,-2.2353476629156768e-08,6137237.123246527,4.033595796572106e-09,1.4133998546098542e-09,5.182041119465239e-10,1.2652428716153774e-08,3.896185363637901e-09,1.0059035571338934e-08,3.6438085829278475e-09,0.8674370057702842,259.6843327545508,69.0,69.0,PASS
ff,-40.0,3.3,band4,r16,f100,ff_-40c_3.30v_band4_r16_f100,7.98252e-08,8.35715e-08,8.71841e-08,9.05336e-08,9.36789e-08,9.65731e-08,9.94747e-08,50109500.0,47863200.0,45879900.0,44182500.0,42699000.0,41419400.0,40211200.0,0.000117899,0.000119142,0.00012434,0.000126703,0.000131951,0.000134007,0.000138289,1.4305e-07,9.05985e-07,2621460.0,-14858246.753246756,-33.629257631973644,44182500.0,0.000126703,1.3189611271430997,44187472.68692809,6.06435174755803e-12,1.2500785394400671e-12,2.0125929851807715e-12,6.063009569881225e-12,1.469362658977075e-12,44187309.2839763,42816351.346891925,-1370957.9370843768,-13709579.370843768,-3.1026056107506163e-08,44216716.095388964,9.090946252138866e-10,3.18444134308693e-10,1.213660525939841e-10,2.8305431092893696e-09,8.548728270052266e-10,1.8836571734360943e-09,7.021433788395768e-10,1.408055387896939,581.7983884253345,67.0,67.0,PASS
ff,-40.0,3.3,band7,r16,f100,ff_-40c_3.30v_band7_r16_f100,1.54909e-08,1.64468e-08,1.73941e-08,1.82978e-08,1.92119e-08,2.007e-08,2.09081e-08,258216000.0,243209000.0,229963000.0,218605000.0,208204000.0,199303000.0,191314000.0,0.000360234,0.000367229,0.000369864,0.000375068,0.000382937,0.000389585,0.000395995,3.18447e-08,2.01683e-07,11775900.0,-100739285.71428575,-46.082791205272414,218605000.0,0.000375068,1.6984482775521175,218470419.70730132,1.2122749590733163e-12,2.5772407176345276e-13,4.142974789147741e-13,1.345170881970566e-12,2.9937616209890463e-13,218470209.8428599,209349871.72712332,-9120338.115736574,-91203381.15736574,-4.174636954986496e-08,218528538.52098092,2.813785363969239e-10,9.944737157112405e-11,3.3736774169390036e-11,9.405980652471655e-10,2.898398966143753e-10,5.642145982546275e-10,1.91084584832569e-10,2.1732088769190687,968.146209712653,75.0,75.0,PASS
ff,27.0,3.3,band0,r16,f100,ff_27c_3.30v_band0_r16_f100,5.67497e-07,5.87043e-07,6.05765e-07,6.23176e-07,6.4017e-07,6.54062e-07,6.68079e-07,7048490.0,6813810.0,6603220.0,6418730.0,6248340.0,6115630.0,5987310.0,6.50476e-05,6.75946e-05,6.86612e-05,7.17401e-05,7.37666e-05,7.41353e-05,7.67558e-05,7.95217e-07,5.03637e-06,471570.0,-1602201.298701299,-24.961344357860494,6418730.0,7.17401e-05,0.8965169122240692,6418945.221295706,1.691675937917781e-11,4.032860479048956e-12,3.703432925506752e-12,3.7773076365116134e-11,9.693649603767398e-12,6418907.281047009,6269626.433325869,-149280.8477211399,-1492808.477211399,-2.3256426862858534e-08,6422070.829937865,4.0404656009931904e-09,1.4178650865915473e-09,6.597142626572307e-10,9.878675180312077e-09,3.0835947591842872e-09,7.849001031197266e-09,3.6230702397497127e-09,0.9105630013386901,318.10462366886674,54.0,54.0,PASS
ff,27.0,3.3,band4,r16,f100,ff_27c_3.30v_band4_r16_f100,7.35002e-08,7.69199e-08,8.0164e-08,8.34119e-08,8.64718e-08,8.93271e-08,9.20397e-08,54421600.0,52002100.0,49897700.0,47954800.0,46257800.0,44779200.0,43459500.0,0.000134639,0.000136699,0.000140588,0.000143506,0.000146491,0.000147634,0.000152706,1.07288e-07,6.79488e-07,3495280.0,-16549350.649350652,-34.51031106239762,47954800.0,0.000143506,1.1765543505848761,47943416.4308306,3.086371780043045e-12,6.511295780141906e-13,9.391858279814485e-13,3.409739789448797e-12,7.391296696020111e-13,47943431.28788945,46413228.90663492,-1530202.3812545314,-15302023.812545314,-3.1916830734663365e-08,47989188.043892786,8.959813981240082e-10,3.1160446700108466e-10,1.4688099472956553e-10,2.2635056050137477e-09,6.903398820726787e-10,1.4533093066622599e-09,6.657189454016744e-10,1.4953645362232035,933.9902191240631,54.0,54.0,PASS
ff,27.0,3.3,band7,r16,f100,ff_27c_3.30v_band7_r16_f100,1.39509e-08,1.47596e-08,1.55856e-08,1.63989e-08,1.72167e-08,1.80153e-08,1.87781e-08,286721000.0,271010000.0,256647000.0,243919000.0,232333000.0,222033000.0,213015000.0,0.000406956,0.000412422,0.000417763,0.000427131,0.000431041,0.000437393,0.000446106,2.38835e-08,1.51262e-07,15701200.0,-111488961.03896107,-45.707370495517395,243919000.0,0.000427131,1.3956330936557908,243886827.1250434,8.449047744596948e-13,1.693865249431447e-13,2.8111758996046245e-13,1.347453488849522e-12,3.1549496625021757e-13,243888841.1720335,234295037.39142632,-9593803.780607164,-95938037.80607164,-3.9336788573446535e-08,243991812.75516492,2.5457337936400196e-10,9.001457969621463e-11,3.603700272415344e-11,6.981706941368881e-10,2.2173699549902253e-10,3.9873997197570454e-10,1.6129248916444214e-10,2.196282047447367,702.8226096107155,62.0,62.0,PASS
ff,125.0,3.3,band0,r16,f100,ff_125c_3.30v_band0_r16_f100,5.35771e-07,5.53585e-07,5.70957e-07,5.88062e-07,6.02453e-07,6.16051e-07,6.28146e-07,7465880.0,7225630.0,7005780.0,6802010.0,6639520.0,6492970.0,6367950.0,8.06184e-05,8.28885e-05,8.44864e-05,8.56825e-05,8.99598e-05,9.08567e-05,9.26681e-05,5.89049e-07,3.73065e-06,636619.0,-1664081.1688311691,-24.464550461277902,6802010.0,8.56825e-05,0.8819609413771943,6809788.555736452,7.738622123582603e-12,1.4859855826827044e-12,2.1148381564786608e-12,9.368982716291503e-12,2.3329250354999982e-12,6809775.702416304,6653751.235489362,-156024.46692694165,-1560244.6692694165,-2.2911836416518047e-08,6812672.871643547,3.818345350268263e-09,1.3405138985175765e-09,7.981732405230475e-10,7.495688667088801e-09,2.2881615954582836e-09,5.72795524207722e-09,3.364538117949393e-09,0.9132482670491824,980.8123109999028,42.0,43.0,PASS
ff,125.0,3.3,band4,r16,f100,ff_125c_3.30v_band4_r16_f100,6.62213e-08,6.92509e-08,7.22833e-08,7.5117e-08,7.78574e-08,8.05037e-08,8.28556e-08,60403500.0,57761000.0,55337800.0,53250300.0,51376000.0,49687100.0,48276800.0,0.000161073,0.000166968,0.00016911,0.000170704,0.000174127,0.000180169,0.000181355,7.94723e-08,5.03325e-07,4718620.0,-18340811.688311692,-34.442644808220216,53250300.0,0.000170704,1.1709457840747082,53241568.964208245,1.8594994493447057e-12,3.7140240628984865e-13,5.054463191947152e-13,1.9977485156218055e-12,4.053266980212899e-13,53241629.938145526,51547114.4048677,-1694515.5332778245,-16945155.332778245,-3.182689063513758e-08,53281988.98768301,8.397859555183469e-10,2.9288746992674396e-10,1.6637097826770137e-10,1.7459620474846561e-09,5.304970260357669e-10,1.0734945320649645e-09,5.977834181727477e-10,1.560562694726711,1308.813430315667,45.0,45.0,PASS
ff,125.0,3.3,band7,r16,f100,ff_125c_3.30v_band7_r16_f100,1.23117e-08,1.295e-08,1.35992e-08,1.42679e-08,1.49323e-08,1.55991e-08,1.62512e-08,324895000.0,308880000.0,294134000.0,280350000.0,267875000.0,256426000.0,246136000.0,0.000480173,0.0004854,0.000496071,0.000500537,0.000504082,0.000514335,0.000520062,1.76915e-08,1.12046e-07,21196600.0,-119300000.00000004,-42.55395041911897,280350000.0,0.000500537,1.018420851486665,280450974.33570534,5.845861041873375e-13,1.4622313656860044e-13,2.250746962387542e-13,1.5536548889151307e-12,3.2007734616805357e-13,280454082.4933036,270178241.1760476,-10275841.317255974,-102758413.17255974,-3.664001331662316e-08,280457219.8025735,1.9773252554209517e-10,7.050580839651285e-11,3.2422888675291055e-11,4.422458765475194e-10,1.483823592784081e-10,2.751150591349363e-10,1.3064821569672213e-10,1.9773863002818937,463.5828216361846,53.0,53.0,PASS
ss,-40.0,3.3,band0,r16,f100,ss_-40c_3.30v_band0_r16_f100,5.53632e-07,5.82252e-07,6.10332e-07,6.33658e-07,6.56507e-07,6.78648e-07,6.9717e-07,7225010.0,6869880.0,6553810.0,6312550.0,6092850.0,5894070.0,5737480.0,4.73069e-05,4.78217e-05,4.93983e-05,5.04601e-05,5.22357e-05,5.38024e-05,5.52486e-05,1.06029e-06,6.71516e-06,353677.0,-2232198.0519480524,-35.361273208894225,6312550.0,5.04601e-05,1.6589232107921237,6308558.8448193325,7.28990061302497e-11,1.4716765145714872e-11,1.996650951508596e-11,9.998451110153567e-11,2.0433625874684454e-11,6308543.681325214,6107686.748836381,-200856.93248883262,-2008569.3248883262,-3.183887480773364e-08,6312294.04775037,5.491828527826667e-09,1.9388858360755654e-09,6.912495204254563e-10,1.784386665260813e-08,5.49108550770942e-09,1.4327485610157598e-08,5.04692102614511e-09,1.2238817522327292,268.727906705604,72.0,71.0,PASS
ss,-40.0,3.3,band4,r16,f100,ss_-40c_3.30v_band4_r16_f100,6.8089e-08,7.28786e-08,7.76673e-08,8.21426e-08,8.66075e-08,9.07546e-08,9.45118e-08,58746600.0,54885800.0,51501700.0,48695800.0,46185400.0,44074900.0,42322700.0,0.0001044,0.000105994,0.00010906,0.00011016,0.000111358,0.000114975,0.00011732,1.4305e-07,9.05985e-07,2621460.0,-24743441.558441564,-50.81227037740742,48695800.0,0.00011016,2.2459989215849196,48642563.16243672,6.8867443506285194e-12,1.2639760703565594e-12,1.9752574684211207e-12,1.256187155998784e-11,2.58967543006447e-12,48642624.56223296,46407596.88828146,-2235027.673951499,-22350276.73951499,-4.5947925180147796e-08,48666331.28185182,1.1499692125114348e-09,4.0579607445962935e-10,1.381443126087709e-10,3.886749234391781e-09,1.179092726949575e-09,2.7896090911083965e-09,9.4460448198749e-10,1.974860619252733,455.30521441454204,75.0,75.0,PASS
ss,-40.0,3.3,band7,r16,f100,ss_-40c_3.30v_band7_r16_f100,1.38733e-08,1.44611e-08,1.51447e-08,1.59182e-08,1.6735e-08,1.76202e-08,1.852e-08,288323000.0,276604000.0,264120000.0,251285000.0,239020000.0,227012000.0,215982000.0,0.000330368,0.000335951,0.000341525,0.000349471,0.000353013,0.000357728,0.000362724,3.18447e-08,2.01683e-07,11775900.0,-110813961.03896107,-44.09891598740914,251285000.0,0.000349471,0.3131475643762286,251512205.6921432,1.1607908195254982e-12,2.5331926107661604e-13,4.030318078539487e-13,1.8235675676368214e-12,3.854689735476398e-13,251513510.92917436,240940878.40578985,-10572632.523384511,-105726325.23384511,-4.203604205724654e-08,251488064.0540906,2.5071799103908245e-10,8.824365667744425e-11,2.597478356705602e-11,9.543170007853798e-10,2.9695128925129877e-10,5.681331024239603e-10,1.6713407641597132e-10,2.219222638286428,770.3636599291663,86.0,86.0,PASS
ss,27.0,3.3,band0,r16,f100,ss_27c_3.30v_band0_r16_f100,5.23156e-07,5.48963e-07,5.72655e-07,5.95353e-07,6.18092e-07,6.38851e-07,6.57037e-07,7645900.0,7286460.0,6985010.0,6718710.0,6471530.0,6261250.0,6087930.0,5.67896e-05,5.96756e-05,5.98684e-05,5.9704e-05,6.13988e-05,6.41069e-05,6.55019e-05,7.95217e-07,5.03637e-06,471570.0,-2349938.3116883123,-34.976034263843985,6718710.0,5.9704e-05,1.3526246641309125,6708038.105675798,2.8581048190902484e-11,5.56312275995595e-12,7.32816809150801e-12,4.365778612648412e-11,9.732911811418271e-12,6708020.8202666165,6493282.9602092765,-214737.86005734,-2147378.6005734,-3.20121039887895e-08,6711335.03565178,5.216681204891573e-09,1.8405889045630112e-09,8.132090953739238e-10,1.3255652818990656e-08,4.158142271179593e-09,1.0804061878374958e-08,4.772188379827797e-09,1.2352808801425668,427.22489957233796,57.0,57.0,PASS
ss,27.0,3.3,band4,r16,f100,ss_27c_3.30v_band4_r16_f100,6.23208e-08,6.65956e-08,7.07969e-08,7.48279e-08,7.88384e-08,8.25067e-08,8.60825e-08,64184000.0,60064000.0,56499600.0,53456000.0,50736700.0,48480900.0,46467000.0,0.0001211,0.000123475,0.000125166,0.000127794,0.000129428,0.000131056,0.000133703,1.07288e-07,6.79488e-07,3495280.0,-26649383.116883125,-49.85293160147247,53456000.0,0.000127794,2.095107591824522,53419471.50052543,2.6972507636171107e-12,5.86718547677076e-13,9.507988854970988e-13,3.0402908802887835e-12,6.885549340106114e-13,53419583.31399173,51000043.047475345,-2419540.2665163875,-24195402.665163875,-4.529313252585139e-08,53466581.59479335,1.0592199905572374e-09,3.7081396922431297e-10,1.5530989885713e-10,2.965545171067216e-09,9.011122893227608e-10,2.0623930037474645e-09,8.478786116304806e-10,1.9826155342020917,1308.7006494515565,61.0,61.0,PASS
ss,27.0,3.3,band7,r16,f100,ss_27c_3.30v_band7_r16_f100,1.276e-08,1.32495e-08,1.38062e-08,1.44251e-08,1.50987e-08,1.58181e-08,1.65633e-08,313479000.0,301898000.0,289726000.0,277295000.0,264924000.0,252875000.0,241497000.0,0.000372663,0.000381391,0.000387239,0.000396104,0.000401308,0.000405465,0.000409829,2.38835e-08,1.51262e-07,15701200.0,-109998051.94805199,-39.66824210607908,277295000.0,0.000396104,0.1483979155772518,277391070.7693888,8.327036848240198e-13,1.672374057650773e-13,2.8629454745124084e-13,6.27307667318865e-13,1.5477410696251992e-13,277391193.3373086,267508210.77712068,-9882982.560187906,-98829825.60187906,-3.5628321293423925e-08,277356624.965842,2.1009242633934603e-10,7.434148720354062e-11,2.6236718627251986e-11,6.494102791896692e-10,2.0803320504210912e-10,3.6114602409025644e-10,1.2844082160727227e-10,2.061910398571536,1344.1085794310957,71.0,71.0,PASS
ss,125.0,3.3,band0,r16,f100,ss_125c_3.30v_band0_r16_f100,4.87173e-07,5.10157e-07,5.31762e-07,5.51616e-07,5.71567e-07,5.90367e-07,6.06871e-07,8210630.0,7840730.0,7522170.0,7251420.0,6998300.0,6775450.0,6591190.0,7.47583e-05,7.60397e-05,7.77956e-05,7.84851e-05,8.06226e-05,8.01009e-05,8.34344e-05,5.89049e-07,3.73065e-06,636619.0,-2439204.545454546,-33.63761229462017,7251420.0,7.84851e-05,1.2804536411981757,7250409.033339375,8.948848068293078e-12,2.2363229164296067e-12,3.250434500068095e-12,1.2166930775157718e-11,3.0662613645109325e-12,7250428.376832287,7022178.389262469,-228249.98756981827,-2282499.8756981827,-3.14808968114434e-08,7256102.544728108,4.771057490403574e-09,1.6709858498144716e-09,9.345698785191315e-10,9.88374750029103e-09,3.0688063682000604e-09,7.870254748415646e-09,4.3419592818997814e-09,1.2124844677043447,1000.830002203525,45.0,45.0,PASS
ss,125.0,3.3,band4,r16,f100,ss_125c_3.30v_band4_r16_f100,5.57324e-08,5.9363e-08,6.28897e-08,6.63782e-08,6.97786e-08,7.2959e-08,7.61281e-08,71771500.0,67382000.0,63603500.0,60260700.0,57324200.0,54825300.0,52543000.0,0.00015166,0.000153545,0.000155577,0.000156601,0.000160129,0.000163201,0.000164886,7.94723e-08,5.03325e-07,4718620.0,-28921493.506493516,-47.993955441097626,60260700.0,0.000156601,1.868464853544657,60280085.4548218,2.448547495984161e-12,5.416437483063728e-13,7.878971700028361e-13,6.513331120784605e-12,1.9894485278302846e-12,60280996.80172755,57630688.124217466,-2650308.6775100827,-26503086.775100827,-4.396590663932301e-08,60331275.06151538,9.287307525827331e-10,3.253023767416605e-10,1.6216108552609171e-10,2.15678630133282e-09,6.632894547083798e-10,1.4829541602224742e-09,7.293714169103053e-10,1.9625907169365824,333.4036771646316,51.0,51.0,PASS
ss,125.0,3.3,band7,r16,f100,ss_125c_3.30v_band7_r16_f100,1.16428e-08,1.20037e-08,1.24078e-08,1.28639e-08,1.33571e-08,1.38874e-08,1.44432e-08,343561000.0,333230000.0,322377000.0,310948000.0,299467000.0,288031000.0,276947000.0,0.000443587,0.000452961,0.000458518,0.000464054,0.000473777,0.000480596,0.000487329,1.76915e-08,1.12046e-07,21196600.0,-101672077.92207795,-32.69745356846738,310948000.0,0.000464054,0.20658024584725881,311091538.8585679,4.189079453968771e-13,1.1462203792462576e-13,1.7804744541072315e-13,8.661627952505753e-13,2.1082620579961394e-13,311093648.63267505,302440719.2855088,-8652929.34716624,-86529293.4716624,-2.7814548401093258e-08,311006700.7535405,1.552177535229849e-10,5.470374724383676e-11,2.2801204251868394e-11,3.787774875560866e-10,1.2778855559651205e-10,2.0884730994227013e-10,8.941013676251381e-11,1.7013231949161256,606.1322173485989,59.0,59.0,PASS
fs,-40.0,3.3,band0,r16,f100,fs_-40c_3.30v_band0_r16_f100,5.6673e-07,5.91105e-07,6.13949e-07,6.3574e-07,6.53611e-07,6.7155e-07,6.89144e-07,7058040.0,6766990.0,6515200.0,6291880.0,6119850.0,5956370.0,5804300.0,5.0006e-05,5.20887e-05,5.32391e-05,5.53434e-05,5.60661e-05,5.83025e-05,5.85307e-05,1.06029e-06,6.71516e-06,353677.0,-1875912.3376623383,-29.81481429496968,6291880.0,5.53434e-05,1.272144187655952,6309902.220878965,5.503544539009768e-11,1.0344690302087195e-11,1.5973490843197426e-11,4.9749303607888803e-11,1.1354716928938948e-11,6309924.762014261,6138642.129184804,-171282.63282945752,-1712826.3282945752,-2.7144956443946645e-08,6311701.12003745,4.7046142761837125e-09,1.661036235297724e-09,5.848356590833675e-10,1.497675065337793e-08,4.679375323057859e-09,1.2215296531857082e-08,4.3019768714041416e-09,1.0483964266751433,412.10849661358554,72.0,72.0,PASS
fs,-40.0,3.3,band4,r16,f100,fs_-40c_3.30v_band4_r16_f100,7.30005e-08,7.72416e-08,8.13129e-08,8.52694e-08,8.91334e-08,9.26787e-08,9.59628e-08,54794100.0,51785600.0,49192700.0,46910100.0,44876600.0,43159900.0,41682800.0,0.000108604,0.000110707,0.000112291,0.000113943,0.000117821,0.000119238,0.000122776,1.4305e-07,9.05985e-07,2621460.0,-19773181.818181824,-42.151225041476835,46910100.0,0.000113943,1.6691044602944243,46871197.53560519,6.521456521791535e-12,1.220504493562723e-12,1.9041487334615994e-12,9.374663932498953e-12,2.1469075873497876e-12,46871604.1974192,45059677.987893626,-1811926.2095255703,-18119262.095255703,-3.8657226279132494e-08,46892939.511368826,1.032223209239446e-09,3.637737245780793e-10,1.290365884223907e-10,3.3738216131112465e-09,1.0221536247616867e-09,2.346990619157318e-09,8.247615531027571e-10,1.7058419262465216,476.1050875149528,72.0,72.0,PASS
fs,-40.0,3.3,band7,r16,f100,fs_-40c_3.30v_band7_r16_f100,1.43305e-08,1.51077e-08,1.59454e-08,1.68221e-08,1.77389e-08,1.86295e-08,1.95294e-08,279125000.0,264766000.0,250856000.0,237783000.0,225493000.0,214713000.0,204820000.0,0.000339958,0.000347267,0.000355054,0.000357181,0.000364198,0.000368272,0.000376511,3.18447e-08,2.01683e-07,11775900.0,-113111688.31168835,-47.56929145972939,237783000.0,0.000357181,1.0496965720846068,237783445.77101338,1.048242960114759e-12,2.5428126580333954e-13,4.199902201070151e-13,1.2917657859419438e-12,3.0782154804042744e-13,237783831.88671553,227537730.81773034,-10246101.068985194,-102461010.68985194,-4.308998213918354e-08,237847537.73400113,2.6856562899573223e-10,9.467976417183928e-11,2.963514988866476e-11,9.796994659708563e-10,3.013781245184565e-10,5.82375427039231e-10,1.8121552562042425e-10,2.251934878150787,979.0676657856172,81.0,81.0,PASS
fs,27.0,3.3,band0,r16,f100,fs_27c_3.30v_band0_r16_f100,5.36667e-07,5.59165e-07,5.81673e-07,6.0275e-07,6.20356e-07,6.38458e-07,6.54811e-07,7453410.0,7153520.0,6876720.0,6636250.0,6447910.0,6265100.0,6108630.0,5.7666e-05,6.03967e-05,6.1067e-05,6.20447e-05,6.37879e-05,6.57348e-05,6.87582e-05,7.95217e-07,5.03637e-06,471570.0,-2025970.7792207797,-30.528849564449494,6636250.0,6.20447e-05,1.1890051933374752,6651864.311206874,3.186860667462395e-11,5.760532264997743e-12,8.959859058239745e-12,3.573406252990681e-11,8.49750309263569e-12,6651900.667549712,6463733.219994676,-188167.44755503535,-1881674.4755503535,-2.8287771715080125e-08,6655524.028458559,4.666337799212751e-09,1.6375230720735383e-09,7.368371095504775e-10,1.1975638280501721e-08,3.6876075243723447e-09,9.547179219078102e-09,4.252631292658455e-09,1.089857415334071,433.96365781475123,56.0,56.0,PASS
fs,27.0,3.3,band4,r16,f100,fs_27c_3.30v_band4_r16_f100,6.68894e-08,7.0828e-08,7.45968e-08,7.82129e-08,8.18028e-08,8.51729e-08,8.82578e-08,59800200.0,56474800.0,53621600.0,51142400.0,48898100.0,46963300.0,45321800.0,0.000125756,0.000127054,0.000129008,0.00013154,0.000135449,0.000139616,0.00013998,1.07288e-07,6.79488e-07,3495280.0,-21812240.259740267,-42.650013021954905,51142400.0,0.00013154,1.6740163599227535,51129251.24578939,3.767238219764207e-12,7.805538296037751e-13,1.2072936202118223e-12,3.187945669212807e-12,7.947796043528996e-13,51129239.941207476,49142015.3653064,-1987224.5759010762,-19872245.759010762,-3.8866695029813606e-08,51176856.51282807,9.842155792735405e-10,3.438113433076548e-10,1.5117224454533796e-10,2.6398290823280994e-09,8.053304482128101e-10,1.7697653029128788e-09,7.601653747992395e-10,1.7595183783938522,1013.2751819524872,58.0,58.0,PASS
fs,27.0,3.3,band7,r16,f100,fs_27c_3.30v_band7_r16_f100,1.3061e-08,1.37124e-08,1.44067e-08,1.51462e-08,1.59132e-08,1.66977e-08,1.74818e-08,306256000.0,291706000.0,277649000.0,264093000.0,251364000.0,239554000.0,228809000.0,0.000387911,0.000391228,0.000400202,0.000405947,0.000408993,0.000414624,0.000418442,2.38835e-08,1.51262e-07,15701200.0,-117834415.58441563,-44.61853043602656,264093000.0,0.000405947,0.7805421358601455,264150800.135921,8.368936755726786e-13,1.8116892699294425e-13,2.73934830237545e-13,1.2568867834854975e-12,2.8204296581607546e-13,264151861.91297424,253756495.41300875,-10395366.499965489,-103953664.99965489,-3.935375062164157e-08,264222266.86421323,2.3046519607052033e-10,8.118095570253302e-11,3.01766718219815e-11,6.882215625951347e-10,2.163715402832824e-10,3.9891021811672033e-10,1.4898273557076413e-10,2.1449816141926554,767.1580805329554,67.0,67.0,PASS
fs,125.0,3.3,band0,r16,f100,fs_125c_3.30v_band0_r16_f100,5.04208e-07,5.2522e-07,5.4562e-07,5.63479e-07,5.82154e-07,5.99713e-07,6.14946e-07,7933240.0,7615850.0,7331110.0,7098760.0,6871040.0,6669860.0,6504630.0,7.38144e-05,7.73349e-05,7.72353e-05,8.0019e-05,8.15736e-05,8.45286e-05,8.45094e-05,5.89049e-07,3.73065e-06,636619.0,-2155155.8441558448,-30.35960990589687,7098760.0,8.0019e-05,1.0661419338427474,7091679.9693019185,9.473587592637276e-12,2.41047333487776e-12,2.8073641226942932e-12,1.5626611785360032e-11,3.624541442080721e-12,7091672.8502840875,6890603.370424859,-201069.47985922825,-2010694.7985922825,-2.8352898406921513e-08,7096686.550892149,4.431715765987003e-09,1.5499608027536031e-09,8.848271330849566e-10,9.003476099124187e-09,2.7856684429850827e-09,7.088226085845078e-09,3.9980470167093426e-09,1.0999585983311495,768.5574816840635,44.0,44.0,PASS
fs,125.0,3.3,band4,r16,f100,fs_125c_3.30v_band4_r16_f100,6.0221e-08,6.35884e-08,6.69691e-08,7.0079e-08,7.31708e-08,7.62618e-08,7.90719e-08,66422000.0,62904600.0,59729100.0,57078500.0,54666600.0,52450900.0,50586900.0,0.000153111,0.000155252,0.000157026,0.000160806,0.000164325,0.000165967,0.000166963,7.94723e-08,5.03325e-07,4718620.0,-23855584.41558442,-41.79434360675985,57078500.0,0.000160806,1.5039438167235775,57051590.53575866,1.941823818791729e-12,4.080319564252733e-13,6.808781376312749e-13,1.558769858968439e-12,3.217714552125076e-13,57051650.811612844,54867007.18013332,-2184643.631479524,-21846436.31479524,-3.829238243593191e-08,57103830.32938525,8.869726921291808e-10,3.129138139426106e-10,1.6535681857585207e-10,1.9935581292971136e-09,6.075912047823872e-10,1.2915700747869701e-09,6.711894012560931e-10,1.7868577339099663,1888.2694376389468,48.0,48.0,PASS
fs,125.0,3.3,band7,r16,f100,fs_125c_3.30v_band7_r16_f100,1.176e-08,1.22525e-08,1.27864e-08,1.33544e-08,1.39489e-08,1.45659e-08,1.51987e-08,340136000.0,326464000.0,312832000.0,299526000.0,286761000.0,274613000.0,263180000.0,0.000454313,0.000460744,0.000466621,0.0004763,0.000481946,0.000489376,0.000498934,1.76915e-08,1.12046e-07,21196600.0,-117091233.7662338,-39.09217689490522,299526000.0,0.0004763,0.44015973810048736,299590455.5093649,4.899466798093626e-13,1.2272133726525279e-13,1.8173641786235265e-13,1.3309081300496115e-12,3.559738667477271e-13,299593766.01110864,289530244.1575198,-10063521.85358882,-100635218.5358882,-3.359055826687553e-08,299583378.3174812,1.7068132144337491e-10,6.055147679606831e-11,2.600065303809345e-11,4.0202448651048623e-10,1.3492198771476465e-10,2.522179247765011e-10,1.1212282910843678e-10,1.8140215980678718,379.0221707774455,56.0,56.0,PASS
sf,-40.0,3.3,band0,r16,f100,sf_-40c_3.30v_band0_r16_f100,5.93427e-07,6.16874e-07,6.38259e-07,6.57903e-07,6.7656e-07,6.93254e-07,7.09429e-07,6740510.0,6484300.0,6267050.0,6079920.0,5912260.0,5769890.0,5638330.0,5.17825e-05,5.32396e-05,5.49547e-05,5.57113e-05,5.82498e-05,6.14375e-05,6.27241e-05,1.06029e-06,6.71516e-06,353677.0,-1652646.1038961045,-27.182036998778017,6079920.0,5.57113e-05,1.1130256883079201,6083225.845725205,4.554481694129392e-11,8.144644923826396e-12,1.069651354775557e-11,6.751531018284185e-11,1.680978311618004e-11,6083218.113807071,5931177.873939357,-152040.23986771423,-1520402.3986771423,-2.499338952233666e-08,6085519.265101788,4.52296268687531e-09,1.5915246091599482e-09,5.831769822213191e-10,1.3988333740178175e-08,4.3311495158797425e-09,1.124703170180606e-08,4.108569760357417e-09,0.9685253669926458,257.6564781321212,69.0,69.0,PASS
sf,-40.0,3.3,band4,r16,f100,sf_-40c_3.30v_band4_r16_f100,7.67309e-08,8.09435e-08,8.50648e-08,8.90195e-08,9.25002e-08,9.60273e-08,9.91874e-08,52130200.0,49417200.0,47023000.0,44934000.0,43243100.0,41654800.0,40327700.0,0.000110421,0.000116727,0.000113526,0.000117453,0.000121404,0.000124093,0.000127238,1.4305e-07,9.05985e-07,2621460.0,-17763701.2987013,-39.53287332243134,44934000.0,0.000117453,1.6364477424031532,44973365.03808767,6.834534144708589e-12,1.3629699212496083e-12,2.091475367795271e-12,5.840828471075988e-12,1.1099791499002435e-12,44973401.102876425,43362758.90817137,-1610642.1947050542,-16106421.947050542,-3.581321748427961e-08,44995195.39376025,1.0054328479815515e-09,3.540892603528654e-10,1.3103867814875294e-10,3.1647944053195153e-09,9.564707373384189e-10,2.1743056012452695e-09,7.963212486564919e-10,1.5932315456409223,861.7015350462927,69.0,69.0,PASS
sf,-40.0,3.3,band7,r16,f100,sf_-40c_3.30v_band7_r16_f100,1.45023e-08,1.53862e-08,1.63079e-08,1.72608e-08,1.82139e-08,1.9164e-08,2.00698e-08,275818000.0,259973000.0,245280000.0,231738000.0,219613000.0,208725000.0,199305000.0,0.000347871,0.000354187,0.000360028,0.000361918,0.000368486,0.000375265,0.000380491,3.18447e-08,2.01683e-07,11775900.0,-116137012.98701303,-50.115653447864844,231738000.0,0.000361918,1.4153606967473946,231695771.46303397,1.3203660538351564e-12,2.5916788543327873e-13,4.1248054451233517e-13,1.7108171709288987e-12,3.94541318572835e-13,231697208.83086827,221156941.12546524,-10540267.70540303,-105402677.0540303,-4.5491560984220124e-08,231881236.71926042,2.835266237455718e-10,9.942488055998831e-11,3.2132769017860004e-11,1.0059498620224024e-09,3.108089222067715e-10,6.148363790092684e-10,1.9634300148132912e-10,2.3054764264914844,787.7728074997399,79.0,78.0,PASS
sf,27.0,3.3,band0,r16,f100,sf_27c_3.30v_band0_r16_f100,5.59467e-07,5.82137e-07,6.01478e-07,6.22238e-07,6.3946e-07,6.56872e-07,6.71887e-07,7149660.0,6871240.0,6650280.0,6428400.0,6255270.0,6089460.0,5953380.0,6.16041e-05,6.22405e-05,6.38154e-05,6.68146e-05,6.77674e-05,6.84654e-05,7.02823e-05,7.95217e-07,5.03637e-06,471570.0,-1801107.1428571434,-28.017969368072045,6428400.0,6.68146e-05,1.087523445069663,6435285.5450035455,2.4619138366692753e-11,4.64937255634621e-12,6.8387956563824265e-12,2.657273289635617e-11,6.220640674738294e-12,6435283.132192205,6266972.559564886,-168310.57262731902,-1683105.7262731902,-2.6154338382619594e-08,6439088.250320438,4.4779101499640465e-09,1.5720911046196133e-09,7.306784332258126e-10,1.09782292502365e-08,3.431986316985522e-09,8.827089671081826e-09,4.064206381138641e-09,1.0122833360189432,551.709461522612,54.0,54.0,PASS
sf,27.0,3.3,band4,r16,f100,sf_27c_3.30v_band4_r16_f100,7.01496e-08,7.39277e-08,7.77245e-08,8.11753e-08,8.46402e-08,8.78337e-08,9.08136e-08,57021000.0,54106900.0,51463800.0,49276100.0,47258800.0,45540600.0,44046300.0,0.000126534,0.000130151,0.000132011,0.000134886,0.000139051,0.000141196,0.000142388,1.07288e-07,6.79488e-07,3495280.0,-19565487.012987018,-39.70583510664809,49276100.0,0.000134886,1.5183324167294083,49243467.78780406,3.734328057970588e-12,6.824041573665945e-13,1.12692730658512e-12,2.0383474294969725e-12,5.344750020980394e-13,49243555.908993945,47447534.14270194,-1796021.7662920058,-17960217.662920058,-3.647221922013915e-08,49284941.4651791,9.646556973628888e-10,3.367394194484107e-10,1.5370543662249992e-10,2.513557169910812e-09,7.590178546418363e-10,1.6607380129741622e-09,7.406522352231978e-10,1.6596182576533314,1420.1185306373013,56.0,56.0,PASS
sf,27.0,3.3,band7,r16,f100,sf_27c_3.30v_band7_r16_f100,1.31622e-08,1.38832e-08,1.46409e-08,1.54299e-08,1.62411e-08,1.70522e-08,1.7855e-08,303901000.0,288118000.0,273208000.0,259236000.0,246289000.0,234573000.0,224027000.0,0.000396131,0.00040107,0.000407206,0.000410968,0.000419991,0.00042401,0.00043116,2.38835e-08,1.51262e-07,15701200.0,-121308766.23376627,-46.794722273822416,259236000.0,0.000410968,1.0503529051299996,259246740.268199,1.0070314737856129e-12,2.3130827858053324e-13,3.3921466408685027e-13,2.6434661137990375e-12,6.813018981311497e-13,259250583.06080356,248173888.35037264,-11076694.71043092,-110766947.1043092,-4.272582371717574e-08,259352936.91791993,2.4355684079726554e-10,8.572950977946247e-11,3.275146860748325e-11,7.193152358183657e-10,2.2421692996172958e-10,4.330959951134293e-10,1.6481000684622558e-10,2.2234200141837133,329.10069761550574,66.0,66.0,PASS
sf,125.0,3.3,band0,r16,f100,sf_125c_3.30v_band0_r16_f100,5.21188e-07,5.41723e-07,5.60611e-07,5.78515e-07,5.99466e-07,6.11505e-07,6.25694e-07,7674770.0,7383850.0,7135080.0,6914260.0,6672600.0,6541240.0,6392900.0,7.86439e-05,8.04208e-05,8.19338e-05,8.38671e-05,8.45573e-05,8.70697e-05,8.7766e-05,5.89049e-07,3.73065e-06,636619.0,-1945879.8701298705,-28.14299534772876,6914260.0,8.38671e-05,1.0962489116695198,6913979.732118273,1.0703572229592089e-11,2.051082258547789e-12,2.810013202847264e-12,1.7420620165635472e-11,3.882478237767545e-12,6913954.608058034,6732748.119771791,-181206.48828624375,-1812064.8828624375,-2.620880502672845e-08,6918289.419762934,4.2117478409616735e-09,1.4826030103847174e-09,8.624669744671574e-10,8.216775532095673e-09,2.5912692009238e-09,6.552185396576668e-09,3.790683630047149e-09,1.0257076720453266,667.4265874092316,43.0,43.0,PASS
sf,125.0,3.3,band4,r16,f100,sf_125c_3.30v_band4_r16_f100,6.24913e-08,6.58593e-08,6.90676e-08,7.22375e-08,7.52617e-08,7.81229e-08,8.07837e-08,64008900.0,60735600.0,57914300.0,55372900.0,53147900.0,51201400.0,49515000.0,0.000158869,0.000160216,0.000164275,0.000166058,0.000167657,0.000168789,0.000175288,7.94723e-08,5.03325e-07,4718620.0,-21856006.4935065,-39.47058307133363,55372900.0,0.000166058,1.4651119952178908,55384000.1293636,3.0307956293562993e-12,7.257814312201066e-13,1.1684232090290633e-12,7.559552636585453e-12,2.3312043693767815e-12,55384872.72551808,53390036.82857681,-1994835.896941267,-19948358.96941267,-3.601770300759695e-08,55423651.85593072,8.754325575681113e-10,3.067755681468884e-10,1.670163649971915e-10,1.8833427767616258e-09,5.748062537089962e-10,1.2148648945164404e-09,6.503371081212249e-10,1.7002622286878493,246.57051147457463,47.0,47.0,PASS
sf,125.0,3.3,band7,r16,f100,sf_125c_3.30v_band7_r16_f100,1.17687e-08,1.23007e-08,1.28656e-08,1.34592e-08,1.40778e-08,1.4707e-08,1.53449e-08,339884000.0,325185000.0,310907000.0,297194000.0,284135000.0,271980000.0,260673000.0,0.000468651,0.000474624,0.000479929,0.0004903,0.000494257,0.000497629,0.000512559,1.76915e-08,1.12046e-07,21196600.0,-120394480.51948054,-40.51040078853561,297194000.0,0.0004903,0.6183671271963567,297278255.35527873,7.646730928971992e-13,1.7169620272706844e-13,2.63983688668144e-13,1.875273163925538e-12,4.805366345813863e-13,297283088.9599404,286644236.3277412,-10638852.632199168,-106388526.32199168,-3.578694189911616e-08,297310878.94971323,1.828875701545952e-10,6.42909784998425e-11,2.8243345316744045e-11,4.4266309175377977e-10,1.4301205692732817e-10,2.6871108150750435e-10,1.2038392695488526e-10,1.9114407326325287,297.60906169393604,56.0,56.0,PASS
all-slow,-40.0,3.3,band0,r16,f080,all-slow_-40c_3.30v_band0_r16_f080,6.96032e-07,7.28538e-07,7.6094e-07,7.88457e-07,8.18612e-07,8.40746e-07,8.64551e-07,5746860.0,5490450.0,5256650.0,5073200.0,4886320.0,4757680.0,4626680.0,3.7997e-05,3.90199e-05,4.00493e-05,4.10992e-05,4.35363e-05,4.45386e-05,4.49809e-05,1.32536e-06,8.39395e-06,282942.0,-1687146.1038961043,-33.256053455335966,5073200.0,4.10992e-05,1.387888455863307,5064371.907409014,8.148669163138777e-11,1.7150744212744776e-11,2.1619739087489294e-11,1.3523430873326153e-10,2.558383707201423e-11,5064376.34157971,4911272.875859826,-153103.46571988426,-1531034.6571988426,-3.023145504864422e-08,5066245.665071744,6.501041539811268e-09,2.3093060780356157e-09,8.12566856120782e-10,2.09268804349461e-08,6.5270323797679355e-09,1.7005215629369913e-08,5.969443411911435e-09,1.1699511907171767,255.12327808355835,72.0,72.0,PASS
all-slow,-40.0,3.3,band4,r16,f080,all-slow_-40c_3.30v_band4_r16_f080,8.66228e-08,9.28729e-08,9.86045e-08,1.04094e-07,1.09177e-07,1.14225e-07,1.1872e-07,46177200.0,43069600.0,40566100.0,38426900.0,36637800.0,35018600.0,33692800.0,8.35288e-05,8.52559e-05,8.60166e-05,9.00241e-05,9.11668e-05,9.35785e-05,9.62593e-05,1.78813e-07,1.13248e-06,2097170.0,-18663474.02597403,-48.56877350495104,38426900.0,9.00241e-05,2.4308771050636833,38432727.408524446,8.68871112838038e-12,1.6877808691936265e-12,2.822880213891966e-12,1.0169622061779668e-11,1.979228646734777e-12,38432603.36765129,36754304.46054691,-1678298.9071043804,-16782989.071043804,-4.3668624033858817e-08,38452095.05750379,1.4071816650631672e-09,4.964081896128079e-10,1.712841876486511e-10,4.719218144532912e-09,1.4259886268500857e-09,3.3140160033625807e-09,1.1362316972733596e-09,1.9087934894315053,720.4769540914859,74.0,74.0,PASS
all-slow,-40.0,3.3,band7,r16,f080,all-slow_-40c_3.30v_band7_r16_f080,1.73205e-08,1.81925e-08,1.91753e-08,2.02459e-08,2.13882e-08,2.25805e-08,2.37835e-08,230940000.0,219871000.0,208602000.0,197571000.0,187019000.0,177144000.0,168184000.0,0.000268123,0.000272328,0.000276402,0.000282879,0.000283952,0.00028986,0.000291838,3.98058e-08,2.52104e-07,9420730.0,-95878246.75324678,-48.52850203382419,197571000.0,0.000282879,0.6822682912544193,197539823.3332437,1.5734983714107292e-12,3.3850265758623807e-13,4.963808494832488e-13,2.24680084052953e-12,5.605899429582566e-13,197540647.37225395,188468782.74856055,-9071864.623693407,-90718646.23693407,-4.592404016272155e-08,197583395.18234062,3.4646570551280125e-10,1.2192856088652305e-10,3.6704257321925125e-11,1.3038022036995581e-09,4.033574146394491e-10,7.758494817663232e-10,2.3248087884417577e-10,2.4091059029655963,719.5231018789156,84.0,84.0,PASS
all-slow,27.0,3.3,band0,r16,f080,all-slow_27c_3.30v_band0_r16_f080,6.61387e-07,6.91628e-07,7.21688e-07,7.48453e-07,7.74928e-07,7.98172e-07,8.21247e-07,6047890.0,5783460.0,5542560.0,5344350.0,5161770.0,5011450.0,4870640.0,4.38852e-05,4.53496e-05,4.55604e-05,4.74034e-05,4.9024e-05,5.04757e-05,5.26894e-05,9.94021e-07,6.29547e-06,377256.0,-1771610.3896103902,-33.1492209456789,5344350.0,4.74034e-05,1.284908361166448,5340608.953264804,5.113387953517405e-11,7.370456357248903e-12,1.0399345037749968e-11,6.044279710933206e-11,1.2890191367692003e-11,5340586.416467387,5177591.542290528,-162994.87417685892,-1629948.7417685892,-3.052003309491889e-08,5344291.985492702,6.270320032244174e-09,2.1992593638821288e-09,9.898109740766921e-10,1.6194637142869762e-08,4.985127051925229e-09,1.2875590136717584e-08,5.714686203526062e-09,1.1753484192415038,386.73801728188147,56.0,56.0,PASS
all-slow,27.0,3.3,band4,r16,f080,all-slow_27c_3.30v_band4_r16_f080,8.03195e-08,8.567e-08,9.07516e-08,9.58716e-08,1.00436e-07,1.05214e-07,1.09256e-07,49801100.0,46690800.0,44076400.0,41722500.0,39826300.0,38017700.0,36611100.0,9.52625e-05,9.84301e-05,0.000100113,0.000101211,0.000103089,0.000107834,0.000108336,1.3411e-07,8.49361e-07,2796220.0,-19859188.311688315,-47.59827026589566,41722500.0,0.000101211,2.049964476173366,41757473.8227261,4.937429341958087e-12,9.04366081928747e-13,1.433053294689074e-12,4.748315817999373e-12,1.0217264284114503e-12,41757490.47935927,39959059.8953974,-1798430.5839618668,-17984305.839618668,-4.3068454624945215e-08,41785866.133597225,1.3151848499401906e-09,4.639110953052535e-10,1.9787848131705785e-10,3.627359546215061e-09,1.0949851066768746e-09,2.451366551667086e-09,1.0313955290340325e-09,1.9384926926315786,1071.700874351782,60.0,60.0,PASS
all-slow,27.0,3.3,band7,r16,f080,all-slow_27c_3.30v_band7_r16_f080,1.59493e-08,1.6696e-08,1.75229e-08,1.84276e-08,1.93902e-08,2.04029e-08,2.14223e-08,250795000.0,239579000.0,228273000.0,217066000.0,206289000.0,196051000.0,186721000.0,0.000300345,0.000306939,0.000311933,0.00031635,0.000319959,0.000326638,0.000330167,2.98544e-08,1.89078e-07,12561000.0,-97812337.66233769,-45.06110476184095,217066000.0,0.00031635,0.5409480460847522,217067700.131544,9.804194040572523e-13,2.3022342406725754e-13,3.507372774221686e-13,1.5487488451300036e-12,3.3482037551181386e-13,217068811.64632514,207790789.7378946,-9278021.908430547,-92780219.08430547,-4.2742307557049817e-08,217106639.51009056,3.042949300218953e-10,1.0741272020761715e-10,3.887821619902214e-11,9.24207182520339e-10,2.9396181397376696e-10,5.415718780702495e-10,1.9690873583217285e-10,2.3320014724913354,877.9687124011208,69.0,69.0,PASS
all-slow,125.0,3.3,band0,r16,f080,all-slow_125c_3.30v_band0_r16_f080,6.25938e-07,6.53153e-07,6.79278e-07,7.05383e-07,7.28898e-07,7.51899e-07,7.72898e-07,6390410.0,6124140.0,5888600.0,5670680.0,5487740.0,5319870.0,5175330.0,5.47464e-05,5.68212e-05,5.7803e-05,5.92456e-05,6.01029e-05,6.17459e-05,6.22764e-05,7.36312e-07,4.66331e-06,509295.0,-1835922.0779220783,-32.375695294428155,5670680.0,5.92456e-05,1.0961648338470542,5675987.715630774,2.0028727543086545e-11,3.4499464747224004e-12,4.750252981542673e-12,1.927534151832422e-11,4.307870681004213e-12,5675995.478343138,5505043.0262966715,-170952.45204646606,-1709524.5204646606,-3.011849686962194e-08,5680357.038101985,5.8837796646866e-09,2.056354806654063e-09,1.1734840592613685e-09,1.1946197783176e-08,3.6982230841706833e-09,9.412058259151843e-09,5.30630783043545e-09,1.1680829498812255,858.4805250719797,44.0,44.0,PASS
all-slow,125.0,3.3,band4,r16,f080,all-slow_125c_3.30v_band4_r16_f080,7.33348e-08,7.79584e-08,8.23703e-08,8.67301e-08,9.09264e-08,9.48767e-08,9.87313e-08,54544400.0,51309400.0,48561200.0,46120100.0,43991600.0,42160000.0,40514000.0,0.000116589,0.000118849,0.000120449,0.000123812,0.000125042,0.000126496,0.000127666,9.93404e-08,6.29156e-07,3774900.0,-21090779.220779225,-45.730124654498205,46120100.0,0.000123812,1.8245531000273394,46125195.23491802,2.249962951370391e-12,5.36531575559225e-13,7.454689570298548e-13,4.645785429738237e-12,1.4841435425127597e-12,46125523.12291956,44195356.83170029,-1930166.2912192717,-19301662.912192717,-4.1845949065457445e-08,46160213.52224002,1.1997823219590637e-09,4.20328567722242e-10,2.1931342494843095e-10,2.687984340954239e-09,8.177857607338253e-10,1.7642949444207059e-09,9.072318571370443e-10,1.9402456435556015,551.0152740005568,49.0,49.0,PASS
all-slow,125.0,3.3,band7,r16,f080,all-slow_125c_3.30v_band7_r16_f080,1.45898e-08,1.51772e-08,1.58307e-08,1.65413e-08,1.7298e-08,1.80892e-08,1.89057e-08,274165000.0,263554000.0,252673000.0,241819000.0,231241000.0,221127000.0,211577000.0,0.000352841,0.000359047,0.000364363,0.000372342,0.000376469,0.000379578,0.000386294,2.21143e-08,1.40058e-07,16957300.0,-95470779.22077924,-39.48026384228669,241819000.0,0.000372342,0.3202217951679537,241893603.08500558,9.468833168712545e-13,2.229847932405065e-13,3.4208038348248395e-13,1.9856975982407506e-12,4.677960612490383e-13,241896455.693231,233687008.0314977,-8209447.6617332995,-82094476.617333,-3.393785840394611e-08,241879698.02866426,2.400129520057252e-10,8.489821204872526e-11,3.6505947420539093e-11,5.805857743768305e-10,1.9205907794412682e-10,3.18531937303092e-10,1.4030242302499353e-10,2.053515389351917,410.5615541766635,57.0,57.0,PASS
all-fast,-40.0,3.3,band0,r16,f125,all-fast_-40c_3.30v_band0_r16_f125,4.49774e-07,4.65092e-07,4.81643e-07,4.95336e-07,5.08603e-07,5.21293e-07,5.31303e-07,8893350.0,8600450.0,8304910.0,8075330.0,7864680.0,7673220.0,7528660.0,7.32165e-05,7.45121e-05,7.5688e-05,7.95722e-05,8.2966e-05,8.55528e-05,8.86811e-05,8.48231e-07,5.37213e-06,442096.0,-2074272.727272728,-25.686538225344698,8075330.0,7.95722e-05,0.9757938242594646,8088847.054424263,4.683021995226721e-11,9.389316446586628e-12,1.459524022645441e-11,7.760592781636433e-11,1.8427073715160633e-11,8088869.489234429,7894282.045672357,-194587.44356207177,-1945874.4356207177,-2.4056197694999338e-08,8090588.979165256,3.2614385296765084e-09,1.1448631677448093e-09,3.9288227203988227e-10,1.0649318270642611e-08,3.3000182973980883e-09,8.66027603537956e-09,2.974004113834028e-09,0.9262617327608378,179.0853148149639,74.0,74.0,PASS
all-fast,-40.0,3.3,band4,r16,f125,all-fast_-40c_3.30v_band4_r16_f125,5.90519e-08,6.20386e-08,6.47089e-08,6.75113e-08,7.01302e-08,7.25084e-08,7.47024e-08,67737000.0,64476000.0,61815300.0,59249400.0,57036700.0,55166000.0,53545800.0,0.000154176,0.000155826,0.000160543,0.000162867,0.000168991,0.000172403,0.00017611,1.1444e-07,7.24788e-07,3276820.0,-21419545.45454546,-36.15149765996864,59249400.0,0.000162867,1.3631602779340823,59212289.45320181,5.823657916801105e-12,1.0680862389257484e-12,1.6066902273995213e-12,4.2987419428667755e-12,9.171707800972932e-13,59212445.96885706,57244788.759449914,-1967657.2094071433,-19676572.094071433,-3.3230466622541446e-08,59231599.01860056,6.964314985521811e-10,2.463513682334375e-10,8.616641107807625e-11,2.3073867596162547e-09,6.973154746053043e-10,1.6140059582392045e-09,5.612104305946687e-10,1.4591785460886582,760.2896753114325,73.0,73.0,PASS
all-fast,-40.0,3.3,band7,r16,f125,all-fast_-40c_3.30v_band7_r16_f125,1.11815e-08,1.18452e-08,1.25173e-08,1.32129e-08,1.38864e-08,1.45435e-08,1.51945e-08,357734000.0,337690000.0,319557000.0,302734000.0,288051000.0,275037000.0,263254000.0,0.000473301,0.000481898,0.000485624,0.000494006,0.000499712,0.000511136,0.000512733,2.54757e-08,1.61346e-07,14719900.0,-142938961.03896108,-47.216024972074855,302734000.0,0.000494006,1.4105735445261094,302942819.64986557,9.492595352639725e-13,2.0330908645023386e-13,3.0854230346871185e-13,1.1219182678060053e-12,2.6840007653827926e-13,302943837.5599506,290258496.1211999,-12685341.438750684,-126853414.38750684,-4.187357478839733e-08,303114660.72863436,1.922467677962824e-10,6.76737447445041e-11,2.0828652878274213e-11,7.148253263833978e-10,2.204517543490558e-10,4.5274823914079326e-10,1.382231654642793e-10,2.0512904178466567,821.3550353351518,82.0,82.0,PASS
all-fast,27.0,3.3,band0,r16,f125,all-fast_27c_3.30v_band0_r16_f125,4.22703e-07,4.37704e-07,4.52183e-07,4.66904e-07,4.80385e-07,4.91427e-07,5.02725e-07,9462910.0,9138600.0,8845970.0,8567070.0,8326650.0,8139560.0,7956640.0,8.69674e-05,8.94376e-05,9.3467e-05,9.36958e-05,9.68347e-05,0.000101082,0.000103036,6.36173e-07,4.0291e-06,589462.0,-2284483.7662337665,-26.665870201057846,8567070.0,9.36958e-05,0.8941838591590288,8572890.98557777,1.757478201936725e-11,3.726838927840165e-12,5.1626047938964525e-12,2.639017194876192e-11,5.9178547092499825e-12,8572858.65076301,8358952.894489745,-213905.75627326593,-2139057.5627326593,-2.4951508590921143e-08,8576737.142426759,3.195544445744482e-09,1.122364651236714e-09,4.892055761600006e-10,8.426521238630949e-09,2.5988171874104325e-09,6.7368905063117e-09,2.910501780788555e-09,0.9626226591608781,439.14852849434044,58.0,58.0,PASS
all-fast,27.0,3.3,band4,r16,f125,all-fast_27c_3.30v_band4_r16_f125,5.34492e-08,5.61501e-08,5.87536e-08,6.12736e-08,6.36806e-08,6.59012e-08,6.80004e-08,74837400.0,71237600.0,68080900.0,65280900.0,62813400.0,60696900.0,58823200.0,0.000178413,0.000182319,0.000187064,0.000190942,0.000191366,0.000196943,0.000203676,8.58301e-08,5.43591e-07,4369100.0,-24153084.41558442,-36.998700103069076,65280900.0,0.000190942,1.3781924400114471,65304370.02915777,2.5346917396013564e-12,5.577586809930933e-13,8.136789283398474e-13,2.8682039136804292e-12,5.629122598691448e-13,65304285.255506925,63068930.50032415,-2235354.755182773,-22353547.55182773,-3.422983264324559e-08,65338052.68333901,6.612646770262745e-10,2.337258675803186e-10,9.966621461828058e-11,1.8279493198880626e-09,5.52365871352313e-10,1.2469021066946783e-09,5.241576971517072e-10,1.5271193049421972,981.2645961569865,60.0,60.0,PASS
all-fast,27.0,3.3,band7,r16,f125,all-fast_27c_3.30v_band7_r16_f125,9.98877e-09,1.05222e-08,1.10719e-08,1.16384e-08,1.22122e-08,1.27851e-08,1.33527e-08,400450000.0,380147000.0,361276000.0,343691000.0,327541000.0,312864000.0,299564000.0,0.000541869,0.000553354,0.000556646,0.000569371,0.00057002,0.000580118,0.000587637,1.91068e-08,1.2101e-07,19626500.0,-152908766.23376626,-44.490186310891545,343691000.0,0.000569371,1.0239367837471849,343774920.84298086,6.641486121554948e-13,1.4059270610730537e-13,2.1436573189454917e-13,7.793800102411166e-13,1.955338061790774e-13,343774983.041401,330206136.93987304,-13568846.101527989,-135688461.0152799,-3.9470138232524864e-08,343884689.26533043,1.592674705647738e-10,5.61119592802165e-11,2.009090760144018e-11,4.931004668906042e-10,1.5558133144742227e-10,3.2007075845366503e-10,1.1481391742301013e-10,1.9296043681146124,795.6748476779247,70.0,70.0,PASS
all-fast,125.0,3.3,band0,r16,f125,all-fast_125c_3.30v_band0_r16_f125,3.88594e-07,4.02932e-07,4.16241e-07,4.28902e-07,4.40928e-07,4.5167e-07,4.61728e-07,10293500.0,9927230.0,9609830.0,9326140.0,9071780.0,8856030.0,8663100.0,0.000115763,0.000118261,0.000120669,0.000123243,0.000126624,0.000126961,0.000131276,4.7124e-07,2.98452e-06,795774.0,-2458327.9220779226,-26.359543413222646,9326140.0,0.000123243,0.9621994890552014,9326148.500896258,9.06741060765359e-12,1.848509410742382e-12,2.655180796095541e-12,1.658171361160779e-11,3.499700212562354e-12,9326116.66973079,9095449.323486222,-230667.346244568,-2306673.46244568,-2.4733482800320416e-08,9330029.3029026,2.948866533969172e-09,1.0369297429527613e-09,5.573287806120366e-10,6.215674838438676e-09,1.9384149617416853e-09,4.94668412387698e-09,2.652048525697389e-09,0.9674584886800524,553.8802880268559,47.0,47.0,PASS
all-fast,125.0,3.3,band4,r16,f125,all-fast_125c_3.30v_band4_r16_f125,4.66651e-08,4.90175e-08,5.1306e-08,5.34516e-08,5.55691e-08,5.75889e-08,5.94611e-08,85717200.0,81603500.0,77963600.0,74834000.0,71982500.0,69457900.0,67270900.0,0.000225745,0.000230784,0.000233046,0.000235109,0.00024436,0.000245454,0.000247595,6.35779e-08,4.0266e-07,5898280.0,-27795844.15584416,-37.14333612508239,74834000.0,0.000235109,1.332931173378012,74843742.30023688,1.4635413188379136e-12,3.364486030446129e-13,5.008687658733426e-13,1.7214363054892742e-12,3.711320683878107e-13,74843912.52886888,72255521.84630749,-2588390.6825613976,-25883906.825613976,-3.458385051106195e-08,74883711.86761408,5.91406311344614e-10,2.0781505165528013e-10,1.041067775055898e-10,1.3634045425400546e-09,4.185613565350791e-10,9.331878579881112e-10,4.6208177340594765e-10,1.5561962449907334,1127.7962541833158,51.0,51.0,PASS
all-fast,125.0,3.3,band7,r16,f125,all-fast_125c_3.30v_band7_r16_f125,8.7258e-09,9.10036e-09,9.49922e-09,9.91311e-09,1.03416e-08,1.07769e-08,1.12172e-08,458410000.0,439543000.0,421087000.0,403506000.0,386786000.0,371166000.0,356595000.0,0.000653237,0.000661283,0.000675351,0.000682673,0.000688741,0.000702994,0.000708702,1.41532e-08,8.96368e-08,26495800.0,-154707792.20779225,-38.340890149785196,403506000.0,0.000682673,0.5822890932406116,403612731.7987946,5.076736677521228e-13,1.205904225738275e-13,1.9903967012863007e-13,1.0095976006377872e-12,2.6176183856541967e-13,403616853.7385469,389996436.77581245,-13620416.96273446,-136204169.6273446,-3.374590737867807e-08,403602337.1252974,1.0856760718914481e-10,3.849600967745362e-11,1.550078178463296e-11,2.775337306835066e-10,9.300987152569036e-11,2.0270695048323542e-10,8.361047448156275e-11,1.5537079475818347,355.322502452722,61.0,61.0,PASS
typical,-40.0,2.97,band5,r16,f100,typical_-40c_2.97v_band5_r16_f100,4.41115e-08,4.69067e-08,4.96498e-08,5.22625e-08,5.47906e-08,5.72116e-08,5.9408e-08,90679400.0,85275700.0,80564300.0,76536700.0,73005200.0,69915900.0,67331000.0,0.000156511,0.000156827,0.000163122,0.000164385,0.00016769,0.00017308,0.000176937,7.74911e-08,4.90777e-07,4839260.0,-35170097.40259741,-45.95193861585019,76536700.0,0.000164385,1.9047211524480432,90699262.49659936,2.8315751173708958e-12,6.617970548790192e-13,1.0483622050989982e-12,4.357224713780327e-12,8.689099996238685e-13,90698788.53989148,85728055.6287516,-4970732.911139876,-49707329.11139876,-5.4804843495275894e-08,90782042.70787323,7.270702002531931e-10,2.5505530077223555e-10,8.681656993370361e-11,2.497514866540815e-09,7.553122958791991e-10,1.8024276785470045e-09,6.042447931697488e-10,2.315444120757454,869.2641311599093,75.0,75.0,PASS
typical,-40.0,3.3,band5,r16,f100,typical_-40c_3.30v_band5_r16_f100,4.41115e-08,4.69067e-08,4.96498e-08,5.22625e-08,5.47906e-08,5.72116e-08,5.9408e-08,90679400.0,85275700.0,80564300.0,76536700.0,73005200.0,69915900.0,67331000.0,0.000156511,0.000156827,0.000163122,0.000164385,0.00016769,0.00017308,0.000176937,8.66971e-08,5.49082e-07,4325400.0,-35170097.40259741,-45.95193861585019,76536700.0,0.000164385,1.9047211524480432,76499404.27515975,3.2235448736815466e-12,6.299643077045287e-13,9.42976665030672e-13,3.894156954401631e-12,8.006974845582827e-13,76499643.55283411,73300018.88937242,-3199624.663461685,-31996246.63461685,-4.1825353882229266e-08,76544631.43429548,6.815982974674923e-10,2.3977316961544275e-10,8.62838363360183e-11,2.2146158304307607e-09,6.684058976471448e-10,1.5389865996288732e-09,5.467426197814697e-10,1.8353348896046882,834.7795647389619,71.0,71.0,PASS
typical,-40.0,3.63,band5,r16,f100,typical_-40c_3.63v_band5_r16_f100,4.41115e-08,4.69067e-08,4.96498e-08,5.22625e-08,5.47906e-08,5.72116e-08,5.9408e-08,90679400.0,85275700.0,80564300.0,76536700.0,73005200.0,69915900.0,67331000.0,0.000156511,0.000156827,0.000163122,0.000164385,0.00016769,0.00017308,0.000176937,9.83853e-08,6.23107e-07,3811550.0,-35170097.40259741,-45.95193861585019,76536700.0,0.000164385,1.9047211524480432,67280277.59565924,4.250628368068165e-12,9.403635130467606e-13,1.467916870837107e-12,4.466670486559154e-12,9.26264087396596e-13,67280142.15313846,65172245.43083594,-2107896.722302519,-21078967.223025188,-3.13301466799025e-08,67308758.31395076,6.120470659378795e-10,2.159083735345446e-10,7.769042467971514e-11,1.98796038240768e-09,5.99375691806295e-10,1.3082178310241285e-09,4.656651953369611e-10,1.4532524532194866,647.0894207837963,71.0,71.0,PASS
typical,27.0,2.97,band5,r16,f100,typical_27c_2.97v_band5_r16_f100,3.99867e-08,4.25116e-08,4.49662e-08,4.73289e-08,4.96871e-08,5.18613e-08,5.39521e-08,100033000.0,94092100.0,88955800.0,84515000.0,80503800.0,77128700.0,74139900.0,0.000180905,0.000181868,0.000185671,0.000186345,0.000191003,0.000193339,0.00019901,5.81184e-08,3.68083e-07,6452350.0,-38979902.59740261,-46.12187493037048,84515000.0,0.000186345,1.8287751117722282,100018000.30279638,1.7784121372123131e-12,4.422866994603448e-13,6.989834998014188e-13,3.966856781383585e-12,1.0475409313356882e-12,100019140.45666417,94708776.22832331,-5310364.228340864,-53103642.28340864,-5.309347994888752e-08,100104306.07896958,6.499767032720155e-10,2.282143523689527e-10,9.392747620491873e-11,1.83613895410285e-09,5.611475128351379e-10,1.309629221369306e-09,5.308452981120391e-10,2.2845239381155458,535.680751032454,62.0,62.0,PASS
typical,27.0,3.3,band5,r16,f100,typical_27c_3.30v_band5_r16_f100,3.99867e-08,4.25116e-08,4.49662e-08,4.73289e-08,4.96871e-08,5.18613e-08,5.39521e-08,100033000.0,94092100.0,88955800.0,84515000.0,80503800.0,77128700.0,74139900.0,0.000180905,0.000181868,0.000185671,0.000186345,0.000191003,0.000193339,0.00019901,6.50228e-08,4.11811e-07,5767210.0,-38979902.59740261,-46.12187493037048,84515000.0,0.000186345,1.8287751117722282,84482139.00834607,1.888232271964933e-12,4.230599527726857e-13,6.836637984029911e-13,2.5392547212289292e-12,5.181940018347688e-13,84482363.71737069,80960093.98379798,-3522269.7335727066,-35222697.335727066,-4.1692367241951125e-08,84529508.01979195,6.357149442441936e-10,2.2383591475321265e-10,9.712139248178775e-11,1.7017964719241406e-09,5.171617615867968e-10,1.1505674295291457e-09,4.935064219063398e-10,1.8920739751249156,998.0080042526213,59.0,59.0,PASS
typical,27.0,3.63,band5,r16,f100,typical_27c_3.63v_band5_r16_f100,3.99867e-08,4.25116e-08,4.49662e-08,4.73289e-08,4.96871e-08,5.18613e-08,5.39521e-08,100033000.0,94092100.0,88955800.0,84515000.0,80503800.0,77128700.0,74139900.0,0.000180905,0.000181868,0.000185671,0.000186345,0.000191003,0.000193339,0.00019901,7.37889e-08,4.6733e-07,5082060.0,-38979902.59740261,-46.12187493037048,84515000.0,0.000186345,1.8287751117722282,74130927.1049727,2.2198985205887026e-12,4.719630422547384e-13,7.224300573959689e-13,2.220547808453404e-12,4.1947026956292854e-13,74130871.09123152,71738918.97364037,-2391952.1175911576,-23919521.175911576,-3.2266612848072775e-08,74184710.77864292,5.909004067803364e-10,2.0675660798055678e-10,9.084552602894223e-11,1.5830905601027637e-09,4.815161563809724e-10,1.0104931959231625e-09,4.352648715906326e-10,1.5338179164610861,1147.9148614815854,58.0,58.0,PASS
typical,125.0,2.97,band5,r16,f100,typical_125c_2.97v_band5_r16_f100,3.53839e-08,3.74945e-08,3.95938e-08,4.16664e-08,4.37293e-08,4.56632e-08,4.75173e-08,113046000.0,106682000.0,101026000.0,96000500.0,91471800.0,87597800.0,84179900.0,0.000217237,0.000222041,0.000224065,0.000228654,0.000230972,0.000232668,0.00023366,4.30506e-08,2.72654e-07,8710670.0,-43610681.81818183,-45.42755695874691,96000500.0,0.000228654,1.5739984985197293,113087676.37181342,2.2533585604486292e-12,4.896544882854991e-13,5.476321287285304e-13,7.217934160160117e-12,1.88092796451186e-12,113090533.32516272,107415098.86554496,-5675434.459617764,-56754344.59617764,-5.018487660058612e-08,113165535.65612085,5.3769918448385e-10,1.9017428977937142e-10,9.262301551950484e-11,1.2716615259980379e-09,3.927613535572702e-10,9.169642473787244e-10,4.4378084367673067e-10,2.1521175370904917,208.8125441099494,52.0,52.0,PASS
typical,125.0,3.3,band5,r16,f100,typical_125c_3.30v_band5_r16_f100,3.53839e-08,3.74945e-08,3.95938e-08,4.16664e-08,4.37293e-08,4.56632e-08,4.75173e-08,113046000.0,106682000.0,101026000.0,96000500.0,91471800.0,87597800.0,84179900.0,0.000217237,0.000222041,0.000224065,0.000228654,0.000230972,0.000232668,0.00023366,4.81651e-08,3.05045e-07,7785730.0,-43610681.81818183,-45.42755695874691,96000500.0,0.000228654,1.5739984985197293,95970587.28846666,1.6332969439377389e-12,4.037564926530814e-13,5.348472672273163e-13,5.9784484611040234e-12,1.776356943633245e-12,95972722.69248255,91978026.45333566,-3994696.2391468883,-39946962.39146888,-4.162324592943729e-08,96050677.46000385,5.55608286440605e-10,1.9514604910678538e-10,1.0048309928076848e-10,1.2405724229192494e-09,3.850602253289093e-10,8.508762489025228e-10,4.337180093198319e-10,1.8743910220349915,216.76962319371023,49.0,49.0,PASS
typical,125.0,3.63,band5,r16,f100,typical_125c_3.63v_band5_r16_f100,3.53839e-08,3.74945e-08,3.95938e-08,4.16664e-08,4.37293e-08,4.56632e-08,4.75173e-08,113046000.0,106682000.0,101026000.0,96000500.0,91471800.0,87597800.0,84179900.0,0.000217237,0.000222041,0.000224065,0.000228654,0.000230972,0.000232668,0.00023366,5.46585e-08,3.4617e-07,6860780.0,-43610681.81818183,-45.42755695874691,96000500.0,0.000228654,1.5739984985197293,84177234.35745306,1.3190090621609088e-12,2.586846930520222e-13,3.796167128477211e-13,2.01798135973113e-12,5.093313648547721e-13,84177752.85625923,81418985.45488226,-2758767.4013769627,-27587674.013769627,-3.2773117691651807e-08,84232896.73371704,5.365072157304889e-10,1.8794361152017795e-10,9.728244230984188e-11,1.1981734610219816e-09,3.682310243329513e-10,7.602686297621134e-10,3.8933709109586044e-10,1.5831034820940981,722.9694649532269,49.0,49.0,PASS
ff,-40.0,2.97,band5,r16,f100,ff_-40c_2.97v_band5_r16_f100,4.77746e-08,5.02907e-08,5.26891e-08,5.49643e-08,5.71245e-08,5.92086e-08,6.11658e-08,83726500.0,79537600.0,75917100.0,72774500.0,70022500.0,67557700.0,65396100.0,0.000164846,0.000166152,0.000173541,0.000177314,0.000180035,0.000185701,0.000188199,7.74911e-08,4.90777e-07,4839260.0,-27547272.72727273,-37.85291926055518,72774500.0,0.000177314,1.4760468492201477,83743779.60896806,2.4319095728083523e-12,4.795935689333559e-13,7.95646445161092e-13,2.716542945371848e-12,6.175084105707055e-13,83743719.26178545,79934021.84981509,-3809697.411970362,-38096974.11970362,-4.5492335969234065e-08,83815516.96411563,6.687969552449453e-10,2.3476747988632605e-10,8.692889808181067e-11,2.125956191253476e-09,6.450631528564527e-10,1.4961636541117009e-09,5.432320274903898e-10,1.9677157693035037,1044.6224566565513,69.0,69.0,PASS
ff,-40.0,3.3,band5,r16,f100,ff_-40c_3.30v_band5_r16_f100,4.77746e-08,5.02907e-08,5.26891e-08,5.49643e-08,5.71245e-08,5.92086e-08,6.11658e-08,83726500.0,79537600.0,75917100.0,72774500.0,70022500.0,67557700.0,65396100.0,0.000164846,0.000166152,0.000173541,0.000177314,0.000180035,0.000185701,0.000188199,8.66971e-08,5.49082e-07,4325400.0,-27547272.72727273,-37.85291926055518,72774500.0,0.000177314,1.4760468492201477,72766270.57302038,3.9417540143323575e-12,7.44432343456756e-13,1.1601539238121427e-12,3.316445226839527e-12,6.872373481725297e-13,72766100.25533685,70245647.64308748,-2520452.6122493744,-25204526.122493744,-3.463773107814058e-08,72816205.80818321,6.158130257293077e-10,2.1646659109654297e-10,8.253208539280589e-11,1.920066875321235e-09,5.78928524089137e-10,1.2745071473901702e-09,4.760124399924564e-10,1.5762275847881713,842.3996827713123,67.0,67.0,PASS
ff,-40.0,3.63,band5,r16,f100,ff_-40c_3.63v_band5_r16_f100,4.77746e-08,5.02907e-08,5.26891e-08,5.49643e-08,5.71245e-08,5.92086e-08,6.11658e-08,83726500.0,79537600.0,75917100.0,72774500.0,70022500.0,67557700.0,65396100.0,0.000164846,0.000166152,0.000173541,0.000177314,0.000180035,0.000185701,0.000188199,9.83853e-08,6.23107e-07,3811550.0,-27547272.72727273,-37.85291926055518,72774500.0,0.000177314,1.4760468492201477,65413175.5575056,4.385216719227599e-12,8.548445714672426e-13,1.2491995904745345e-12,4.222798556632154e-12,1.0091954200733613e-12,65413294.0001336,63731660.597521305,-1681633.4026122913,-16816334.026122913,-2.5707823284497136e-08,65437150.54882773,5.398512204173676e-10,1.9098983480398546e-10,7.073515618081255e-11,1.6948326337537195e-09,5.159537342460128e-10,1.073456877208943e-09,3.9300751896162093e-10,1.2497830573364135,511.2525522643639,69.0,69.0,PASS
ff,27.0,2.97,band5,r16,f100,ff_27c_2.97v_band5_r16_f100,4.3465e-08,4.57427e-08,4.80172e-08,5.01228e-08,5.22224e-08,5.41022e-08,5.58919e-08,92028100.0,87445600.0,83303500.0,79804000.0,76595500.0,73934100.0,71566800.0,0.000185144,0.000191266,0.000194036,0.000198278,0.000202107,0.000204905,0.000209746,5.81184e-08,3.68083e-07,6452350.0,-30881461.03896105,-38.69663304967301,79804000.0,0.000198278,1.464825429444976,92017568.12424986,1.601157756164923e-12,2.8119837536279173e-13,4.1900507813981154e-13,2.3591430077299076e-12,5.417417943823373e-13,92017526.01673868,87878983.7536475,-4138542.2630911767,-41385422.63091177,-4.497558717605975e-08,92094449.19688848,6.222192886010303e-10,2.1801039859475689e-10,9.785822571879167e-11,1.6352011249771064e-09,4.94501533351614e-10,1.1093762337704231e-09,4.887715195251446e-10,2.0077547577778248,912.7993049076381,57.0,57.0,PASS
ff,27.0,3.3,band5,r16,f100,ff_27c_3.30v_band5_r16_f100,4.3465e-08,4.57427e-08,4.80172e-08,5.01228e-08,5.22224e-08,5.41022e-08,5.58919e-08,92028100.0,87445600.0,83303500.0,79804000.0,76595500.0,73934100.0,71566800.0,0.000185144,0.000191266,0.000194036,0.000198278,0.000202107,0.000204905,0.000209746,6.50228e-08,4.11811e-07,5767210.0,-30881461.03896105,-38.69663304967301,79804000.0,0.000198278,1.464825429444976,79816863.33259945,2.367281509504265e-12,3.9187273016198803e-13,6.046999378984437e-13,1.773740808953479e-12,3.463921358123381e-13,79816724.4359926,76997005.7160155,-2819718.7199770957,-28197187.199770957,-3.5327417153510375e-08,79881992.87990117,5.933312585468218e-10,2.074330665330358e-10,9.63545378628127e-11,1.5061008557893679e-09,4.595490416957755e-10,9.749121815171926e-10,4.4260516139099667e-10,1.6570166743848032,1326.6728490185512,55.0,55.0,PASS
ff,27.0,3.63,band5,r16,f100,ff_27c_3.63v_band5_r16_f100,4.3465e-08,4.57427e-08,4.80172e-08,5.01228e-08,5.22224e-08,5.41022e-08,5.58919e-08,92028100.0,87445600.0,83303500.0,79804000.0,76595500.0,73934100.0,71566800.0,0.000185144,0.000191266,0.000194036,0.000198278,0.000202107,0.000204905,0.000209746,7.37889e-08,4.6733e-07,5082060.0,-30881461.03896105,-38.69663304967301,79804000.0,0.000198278,1.464825429444976,71514139.02088262,2.1709976411064156e-12,4.415306385832737e-13,6.171377367159015e-13,2.2646245869616055e-12,5.387980325768579e-13,71514303.77440618,69599525.29931098,-1914778.4750951976,-19147784.750951976,-2.6774762166956395e-08,71559413.46392329,5.340977284504567e-10,1.878382434520929e-10,8.56048396553168e-11,1.3832088605324224e-09,4.222207954962525e-10,8.385075276957751e-10,3.7439902398257603e-10,1.3441594527525396,783.6346273889261,56.0,56.0,PASS
ff,125.0,2.97,band5,r16,f100,ff_125c_2.97v_band5_r16_f100,3.86058e-08,4.06496e-08,4.25872e-08,4.45261e-08,4.63418e-08,4.80761e-08,4.97332e-08,103611000.0,98401900.0,93924900.0,89835000.0,86315100.0,83201500.0,80429200.0,0.000225706,0.0002279,0.000233469,0.0002356,0.000241438,0.000242624,0.000252339,4.30506e-08,2.72654e-07,8710670.0,-34920779.220779225,-38.8721313750534,89835000.0,0.0002356,1.4139255301385873,103581036.13513198,1.3774549416926433e-12,3.1953903638860547e-13,4.1478946951084737e-13,4.479796556607901e-12,1.2453402600730714e-12,103582909.09355868,98947680.58380112,-4635228.5097575635,-46352285.097575635,-4.47489701758705e-08,103689505.05414629,5.404886107106493e-10,1.899695201469883e-10,1.0158863717370994e-10,1.1796429976042897e-09,3.632837696759817e-10,8.176349904823881e-10,4.3202675894279953e-10,1.969784551941489,291.7144665785283,47.0,47.0,PASS
ff,125.0,3.3,band5,r16,f100,ff_125c_3.30v_band5_r16_f100,3.86058e-08,4.06496e-08,4.25872e-08,4.45261e-08,4.63418e-08,4.80761e-08,4.97332e-08,103611000.0,98401900.0,93924900.0,89835000.0,86315100.0,83201500.0,80429200.0,0.000225706,0.0002279,0.000233469,0.0002356,0.000241438,0.000242624,0.000252339,4.81651e-08,3.05045e-07,7785730.0,-34920779.220779225,-38.8721313750534,89835000.0,0.0002356,1.4139255301385873,89890764.91017629,1.575051588378664e-12,3.830839088008591e-13,5.508848754454618e-13,3.948741306183476e-12,1.0517629277644514e-12,89892091.91396646,86684925.62175925,-3207166.2922072113,-32071662.922072113,-3.56779581375936e-08,89960829.04572332,5.372511988587033e-10,1.8786266546997227e-10,1.0386897726176495e-10,1.1190889425674904e-09,3.4785139106023403e-10,7.293352354535712e-10,3.9690934731369185e-10,1.6900281132418085,330.7317475047356,46.0,46.0,PASS
ff,125.0,3.63,band5,r16,f100,ff_125c_3.63v_band5_r16_f100,3.86058e-08,4.06496e-08,4.25872e-08,4.45261e-08,4.63418e-08,4.80761e-08,4.97332e-08,103611000.0,98401900.0,93924900.0,89835000.0,86315100.0,83201500.0,80429200.0,0.000225706,0.0002279,0.000233469,0.0002356,0.000241438,0.000242624,0.000252339,5.46585e-08,3.4617e-07,6860780.0,-34920779.220779225,-38.8721313750534,89835000.0,0.0002356,1.4139255301385873,80428871.24157228,1.528852520540239e-12,3.8545976900976856e-13,5.573506645405873e-13,3.1961486417749787e-12,6.950184184726949e-13,80429446.73253894,78269810.99259587,-2159635.739943072,-21596357.399430722,-2.6851306675336843e-08,80473953.91903593,5.00965417236086e-10,1.7545831993133413e-10,9.520924684041641e-11,1.0796396840060721e-09,3.280545209424596e-10,6.228954672892462e-10,3.338539804103698e-10,1.4119824752865644,472.00838455959257,47.0,47.0,PASS
ss,-40.0,2.97,band5,r16,f100,ss_-40c_2.97v_band5_r16_f100,3.99523e-08,4.27305e-08,4.55996e-08,4.85792e-08,5.1387e-08,5.41074e-08,5.67945e-08,100119000.0,93609900.0,87720100.0,82339800.0,77840700.0,73927100.0,70429300.0,0.000149157,0.000150997,0.000155344,0.00015842,0.000159066,0.000162925,0.00016531,7.74911e-08,4.90777e-07,4839260.0,-44907175.32467534,-54.538844306975896,82339800.0,0.00015842,1.9278170632983098,100183978.27639781,4.011687840031399e-12,8.161465259681338e-13,1.205455400408649e-12,5.281320055785777e-12,1.1348768431631445e-12,100184577.69566095,94208311.60233217,-5976266.093328774,-59762660.93328774,-5.965255562072014e-08,100223803.98701623,6.889065800676873e-10,2.424077162621424e-10,7.454576393612305e-11,2.618632583754137e-09,7.895076927296139e-10,1.9618817545355256e-09,5.954336567511015e-10,2.429502343959721,695.676978066701,83.0,83.0,PASS
ss,-40.0,3.3,band5,r16,f100,ss_-40c_3.30v_band5_r16_f100,3.99523e-08,4.27305e-08,4.55996e-08,4.85792e-08,5.1387e-08,5.41074e-08,5.67945e-08,100119000.0,93609900.0,87720100.0,82339800.0,77840700.0,73927100.0,70429300.0,0.000149157,0.000150997,0.000155344,0.00015842,0.000159066,0.000162925,0.00016531,8.66971e-08,5.49082e-07,4325400.0,-44907175.32467534,-54.538844306975896,82339800.0,0.00015842,1.9278170632983098,82372120.51786692,4.089421595095011e-12,8.365870658939678e-13,1.2023468351453585e-12,4.776726932424035e-12,1.0276477477252247e-12,82371727.11138383,78228928.33198716,-4142798.779396668,-41427987.79396668,-5.029394095130161e-08,82442728.42784344,7.359244662558798e-10,2.589014847934344e-10,8.688653068611745e-11,2.5812958784412993e-09,7.81003225252829e-10,1.8505782310556733e-09,6.105670272045333e-10,2.134454480039055,759.9911808123339,76.0,76.0,PASS
ss,-40.0,3.63,band5,r16,f100,ss_-40c_3.63v_band5_r16_f100,3.99523e-08,4.27305e-08,4.55996e-08,4.85792e-08,5.1387e-08,5.41074e-08,5.67945e-08,100119000.0,93609900.0,87720100.0,82339800.0,77840700.0,73927100.0,70429300.0,0.000149157,0.000150997,0.000155344,0.00015842,0.000159066,0.000162925,0.00016531,9.83853e-08,6.23107e-07,3811550.0,-44907175.32467534,-54.538844306975896,82339800.0,0.00015842,1.9278170632983098,70486520.34539595,4.483605484835993e-12,8.937549397369817e-13,1.3514671380936999e-12,5.5714940333287705e-12,9.176023929981383e-13,70486472.06731974,67808842.3140102,-2677629.753309533,-26776297.53309533,-3.798785319759231e-08,70529910.3044236,6.819993663005913e-10,2.3968325584376e-10,8.26688827452326e-11,2.3153212453936547e-09,7.003678297281804e-10,1.5862183292393796e-09,5.38937473329131e-10,1.6904838536132607,763.2585039799492,74.0,74.0,PASS
ss,27.0,2.97,band5,r16,f100,ss_27c_2.97v_band5_r16_f100,3.61894e-08,3.86782e-08,4.11986e-08,4.37587e-08,4.62992e-08,4.86965e-08,5.11211e-08,110530000.0,103417000.0,97090700.0,91410300.0,86394700.0,82141500.0,78245500.0,0.00017387,0.000174776,0.000179663,0.000180648,0.000184286,0.000186174,0.000189988,5.81184e-08,3.68083e-07,6452350.0,-48733928.57142858,-53.313388722527534,91410300.0,0.000180648,1.8605163438130794,110563207.45813064,1.8269186908821595e-12,4.1923171398905627e-13,6.535364522874501e-13,2.368228333480913e-12,4.832778777181178e-13,110563631.89808851,104254394.94335859,-6309236.95472993,-63092369.547299296,-5.706430628604383e-08,110654673.25426988,6.087283187544279e-10,2.1367862525799175e-10,8.008234253830237e-11,1.9103027821169035e-09,5.837622365715722e-10,1.4075648848225826e-09,5.161258131122065e-10,2.3644538459344657,1207.9225296384539,68.0,68.0,PASS
ss,27.0,3.3,band5,r16,f100,ss_27c_3.30v_band5_r16_f100,3.61894e-08,3.86782e-08,4.11986e-08,4.37587e-08,4.62992e-08,4.86965e-08,5.11211e-08,110530000.0,103417000.0,97090700.0,91410300.0,86394700.0,82141500.0,78245500.0,0.00017387,0.000174776,0.000179663,0.000180648,0.000184286,0.000186174,0.000189988,6.50228e-08,4.11811e-07,5767210.0,-48733928.57142858,-53.313388722527534,91410300.0,0.000180648,1.8605163438130794,91408665.8400894,2.3916671753389126e-12,4.823406409071964e-13,7.467393570947762e-13,3.830728023703101e-12,1.0089417779357819e-12,91409462.79082213,86925225.9972096,-4484236.79361254,-44842367.9361254,-4.905659279361583e-08,91452268.19413146,6.621278557281577e-10,2.3411277280413257e-10,9.351758091964146e-11,1.923105577372088e-09,5.829638067105728e-10,1.3538031917113603e-09,5.36678005799115e-10,2.14101440861553,577.7972718141104,64.0,64.0,PASS
ss,27.0,3.63,band5,r16,f100,ss_27c_3.63v_band5_r16_f100,3.61894e-08,3.86782e-08,4.11986e-08,4.37587e-08,4.62992e-08,4.86965e-08,5.11211e-08,110530000.0,103417000.0,97090700.0,91410300.0,86394700.0,82141500.0,78245500.0,0.00017387,0.000174776,0.000179663,0.000180648,0.000184286,0.000186174,0.000189988,7.37889e-08,4.6733e-07,5082060.0,-48733928.57142858,-53.313388722527534,91410300.0,0.000180648,1.8605163438130794,78267092.7971173,2.2038205146725116e-12,4.55610968889236e-13,6.769279066447959e-13,2.2595229968293292e-12,5.388779933297867e-13,78267071.98793994,75248197.86985426,-3018874.1180856824,-30188741.180856824,-3.857144571028358e-08,78307483.4127295,6.375600623341613e-10,2.2465652312221402e-10,9.264048096426961e-11,1.7937068232866581e-09,5.454452289858454e-10,1.2079421759750906e-09,4.928180423811968e-10,1.7592286957954257,1012.1868692679006,62.0,62.0,PASS
ss,125.0,2.97,band5,r16,f100,ss_125c_2.97v_band5_r16_f100,3.20751e-08,3.40712e-08,3.6156e-08,3.82838e-08,4.03949e-08,4.24684e-08,4.45131e-08,124708000.0,117401000.0,110632000.0,104483000.0,99022400.0,94187700.0,89861300.0,0.000213272,0.00021664,0.000220758,0.000220977,0.000222638,0.000227042,0.000228219,4.30506e-08,2.72654e-07,8710670.0,-52784512.987013005,-50.51971419945159,104483000.0,0.000220977,1.4668654230831526,124779439.41954805,1.7572381207286881e-12,3.690384808074369e-13,4.824403952375692e-13,4.398893877540977e-12,1.093582255091614e-12,124781248.22836311,118176722.47735892,-6604525.751004189,-66045257.51004189,-5.292883221457439e-08,124861777.54431039,4.913951355393314e-10,1.7200583512230448e-10,7.662929119533538e-11,1.2852791193987776e-09,3.929177449653831e-10,9.670906362060856e-10,4.241852641726585e-10,2.147695432136451,359.2941849010404,57.0,57.0,PASS
ss,125.0,3.3,band5,r16,f100,ss_125c_3.30v_band5_r16_f100,3.20751e-08,3.40712e-08,3.6156e-08,3.82838e-08,4.03949e-08,4.24684e-08,4.45131e-08,124708000.0,117401000.0,110632000.0,104483000.0,99022400.0,94187700.0,89861300.0,0.000213272,0.00021664,0.000220758,0.000220977,0.000222638,0.000227042,0.000228219,4.81651e-08,3.05045e-07,7785730.0,-52784512.987013005,-50.51971419945159,104483000.0,0.000220977,1.4668654230831526,104505501.56069146,1.7816408070021967e-12,4.5113261086919304e-13,4.66770558427833e-13,7.750930226460861e-12,2.148510488802051e-12,104508429.32898377,99676050.87886317,-4832378.450120598,-48323784.50120598,-4.6239126175254977e-08,104557685.05403805,5.517968802818145e-10,1.9445431910607534e-10,9.136347951339667e-11,1.3397526690192435e-09,4.137969736151047e-10,9.452410584376164e-10,4.424687781453152e-10,2.033169345449044,192.59713916771534,54.0,54.0,PASS
ss,125.0,3.63,band5,r16,f100,ss_125c_3.63v_band5_r16_f100,3.20751e-08,3.40712e-08,3.6156e-08,3.82838e-08,4.03949e-08,4.24684e-08,4.45131e-08,124708000.0,117401000.0,110632000.0,104483000.0,99022400.0,94187700.0,89861300.0,0.000213272,0.00021664,0.000220758,0.000220977,0.000222638,0.000227042,0.000228219,5.46585e-08,3.4617e-07,6860780.0,-52784512.987013005,-50.51971419945159,104483000.0,0.000220977,1.4668654230831526,89828617.21071905,1.4583284435053238e-12,3.655208102772246e-13,4.99831047862171e-13,5.805302060334185e-12,1.7584818651817186e-12,89830419.17439348,86360718.94903006,-3469700.2253634185,-34697002.253634185,-3.862500316988914e-08,89861502.85169886,5.574012504272249e-10,1.9685038628213686e-10,9.482095953516013e-11,1.33202990548783e-09,4.065702220491922e-10,8.960327393654395e-10,4.299941286810463e-10,1.7689271548250263,231.2052402128002,53.0,53.0,PASS
fs,-40.0,2.97,band5,r16,f100,fs_-40c_2.97v_band5_r16_f100,4.30383e-08,4.58427e-08,4.8526e-08,5.11154e-08,5.37404e-08,5.6044e-08,5.83755e-08,92940400.0,87254800.0,82430100.0,78254300.0,74431900.0,71372500.0,68521800.0,0.000154222,0.000156304,0.000160005,0.000161692,0.000166547,0.000168872,0.000170764,7.74911e-08,4.90777e-07,4839260.0,-36694350.64935066,-46.89116208227619,78254300.0,0.000161692,1.937465417235858,92779102.2174112,2.710064744892602e-12,6.031734363412993e-13,9.122479391403358e-13,4.777638265336381e-12,1.1271936975786379e-12,92778405.38500936,87754335.75517724,-5024069.629832119,-50240696.29832119,-5.4151282391450556e-08,92880056.94889748,7.027158603865026e-10,2.4553599994799736e-10,8.244044464426354e-11,2.4682569436588874e-09,7.508304628770928e-10,1.7809292199943028e-09,5.836538011827586e-10,2.280539765817448,666.105980267612,76.0,76.0,PASS
fs,-40.0,3.3,band5,r16,f100,fs_-40c_3.30v_band5_r16_f100,4.30383e-08,4.58427e-08,4.8526e-08,5.11154e-08,5.37404e-08,5.6044e-08,5.83755e-08,92940400.0,87254800.0,82430100.0,78254300.0,74431900.0,71372500.0,68521800.0,0.000154222,0.000156304,0.000160005,0.000161692,0.000166547,0.000168872,0.000170764,8.66971e-08,5.49082e-07,4325400.0,-36694350.64935066,-46.89116208227619,78254300.0,0.000161692,1.937465417235858,78192490.84166403,3.1626511044149867e-12,6.354537026287552e-13,1.0092384394695277e-12,3.2570125139151694e-12,7.037878349089787e-13,78192117.50810137,74881375.73673536,-3310741.771366015,-33107417.71366015,-4.234111924418716e-08,78224380.13319726,6.772697682293393e-10,2.4057231608993086e-10,8.41815777379223e-11,2.240482324289529e-09,6.812727245361902e-10,1.5579521544966353e-09,5.414959496602837e-10,1.8818620303342442,968.0086678740328,73.0,73.0,PASS
fs,-40.0,3.63,band5,r16,f100,fs_-40c_3.63v_band5_r16_f100,4.30383e-08,4.58427e-08,4.8526e-08,5.11154e-08,5.37404e-08,5.6044e-08,5.83755e-08,92940400.0,87254800.0,82430100.0,78254300.0,74431900.0,71372500.0,68521800.0,0.000154222,0.000156304,0.000160005,0.000161692,0.000166547,0.000168872,0.000170764,9.83853e-08,6.23107e-07,3811550.0,-36694350.64935066,-46.89116208227619,78254300.0,0.000161692,1.937465417235858,68511907.8885421,5.223940059817032e-12,9.580648220417764e-13,1.4858370562500561e-12,3.8242675591805634e-12,8.52773781203954e-13,68512047.33437791,66279022.40677175,-2233024.9276061654,-22330249.276061654,-3.259317177762516e-08,68546921.79377972,6.201962382097369e-10,2.1830405005080069e-10,7.741736279920744e-11,2.049423003815056e-09,6.194611706564932e-10,1.3609620646623627e-09,4.757309951026376e-10,1.4964070646097607,726.407382954401,72.0,72.0,PASS
fs,27.0,2.97,band5,r16,f100,fs_27c_2.97v_band5_r16_f100,3.91457e-08,4.16131e-08,4.40363e-08,4.64298e-08,4.87553e-08,5.09348e-08,5.30411e-08,102182000.0,96123600.0,90834100.0,86151600.0,82042300.0,78531800.0,75413200.0,0.000178456,0.000179242,0.00018337,0.000186431,0.00018862,0.000194585,0.00019608,5.81184e-08,3.68083e-07,6452350.0,-40351233.76623378,-46.83747459853767,86151600.0,0.000186431,1.7882181775249295,102101227.67300235,1.2308002284096426e-12,3.141557245215908e-13,4.986077259854378e-13,1.21806365936779e-12,2.9014678722227547e-13,102101101.12681477,96703257.7967443,-5397843.330070466,-53978433.30070466,-5.286763091189456e-08,102141876.92803441,6.315268132184024e-10,2.2320532405281754e-10,8.915989320479171e-11,1.8253036727062003e-09,5.541147241054038e-10,1.3040418391029833e-09,5.177955896482801e-10,2.279861073908493,1909.77377144248,64.0,64.0,PASS
fs,27.0,3.3,band5,r16,f100,fs_27c_3.30v_band5_r16_f100,3.91457e-08,4.16131e-08,4.40363e-08,4.64298e-08,4.87553e-08,5.09348e-08,5.30411e-08,102182000.0,96123600.0,90834100.0,86151600.0,82042300.0,78531800.0,75413200.0,0.000178456,0.000179242,0.00018337,0.000186431,0.00018862,0.000194585,0.00019608,6.50228e-08,4.11811e-07,5767210.0,-40351233.76623378,-46.83747459853767,86151600.0,0.000186431,1.7882181775249295,86181958.52813599,1.6156521936595127e-12,3.2080528106767233e-13,5.293427412162321e-13,1.7220264659676296e-12,4.0112610536839086e-13,86181737.84257773,82501987.15928781,-3679750.6832899153,-36797506.83289915,-4.269756882846182e-08,86234690.40075587,6.31870456685126e-10,2.228977722787489e-10,9.49951710457921e-11,1.7292410180531069e-09,5.266886690700404e-10,1.1783014205812915e-09,4.954338497557655e-10,1.9221520383476094,1313.0251609686034,60.0,60.0,PASS
fs,27.0,3.63,band5,r16,f100,fs_27c_3.63v_band5_r16_f100,3.91457e-08,4.16131e-08,4.40363e-08,4.64298e-08,4.87553e-08,5.09348e-08,5.30411e-08,102182000.0,96123600.0,90834100.0,86151600.0,82042300.0,78531800.0,75413200.0,0.000178456,0.000179242,0.00018337,0.000186431,0.00018862,0.000194585,0.00019608,7.37889e-08,4.6733e-07,5082060.0,-40351233.76623378,-46.83747459853767,86151600.0,0.000186431,1.7882181775249295,75375704.2798123,2.080301286153097e-12,4.727765376059322e-13,6.725066225467195e-13,2.383519922893647e-12,4.955757647083107e-13,75375562.89073479,72850099.83552404,-2525463.0552107543,-25254630.552107543,-3.350506395383994e-08,75429774.88242653,5.97040771794559e-10,2.09230228705281e-10,9.029227651461822e-11,1.6335827202322134e-09,4.950318815729814e-10,1.049276581585811e-09,4.4450664077326216e-10,1.5782189049837965,998.9025227340377,59.0,59.0,PASS
fs,125.0,2.97,band5,r16,f100,fs_125c_2.97v_band5_r16_f100,3.47778e-08,3.68838e-08,3.89657e-08,4.10173e-08,4.30444e-08,4.50106e-08,4.69039e-08,115016000.0,108449000.0,102654000.0,97519900.0,92927300.0,88868000.0,85280700.0,0.000216158,0.000219352,0.000221389,0.000223189,0.000227746,0.000229928,0.000234637,4.30506e-08,2.72654e-07,8710670.0,-44835909.0909091,-45.97616393260155,97519900.0,0.000223189,1.58592539280993,115006484.66108277,1.6565556537177676e-12,3.9695020521499703e-13,3.9077886480014844e-13,5.271510972317132e-12,1.4919173399691962e-12,115008788.14373697,109190030.04805773,-5818758.095679238,-58187580.956792384,-5.0594030157130295e-08,115068548.21834572,5.284654550046215e-10,1.8587957850667704e-10,8.872947468222151e-11,1.240900407748385e-09,3.8975314605800823e-10,9.244353500945756e-10,4.3993209306309644e-10,2.1388893242201346,261.24312360767624,53.0,53.0,PASS
fs,125.0,3.3,band5,r16,f100,fs_125c_3.30v_band5_r16_f100,3.47778e-08,3.68838e-08,3.89657e-08,4.10173e-08,4.30444e-08,4.50106e-08,4.69039e-08,115016000.0,108449000.0,102654000.0,97519900.0,92927300.0,88868000.0,85280700.0,0.000216158,0.000219352,0.000221389,0.000223189,0.000227746,0.000229928,0.000234637,4.81651e-08,3.05045e-07,7785730.0,-44835909.0909091,-45.97616393260155,97519900.0,0.000223189,1.58592539280993,97520336.72126375,1.3639945683728086e-12,2.8768223862870503e-13,4.313106783913243e-13,2.94978430994944e-12,8.157828405494466e-13,97521234.36675358,93462079.14026135,-4059155.226492226,-40591552.26492226,-4.1623296227227126e-08,97590617.474417,5.541454706443175e-10,1.9461397184278032e-10,9.841237046569383e-11,1.265668482735584e-09,3.8899159907656877e-10,8.508661768865267e-10,4.268205048980918e-10,1.8992497681285736,476.83228886571686,50.0,50.0,PASS
fs,125.0,3.63,band5,r16,f100,fs_125c_3.63v_band5_r16_f100,3.47778e-08,3.68838e-08,3.89657e-08,4.10173e-08,4.30444e-08,4.50106e-08,4.69039e-08,115016000.0,108449000.0,102654000.0,97519900.0,92927300.0,88868000.0,85280700.0,0.000216158,0.000219352,0.000221389,0.000223189,0.000227746,0.000229928,0.000234637,5.46585e-08,3.4617e-07,6860780.0,-44835909.0909091,-45.97616393260155,97519900.0,0.000223189,1.58592539280993,85306688.43863632,8.852400930051653e-13,2.164912247944405e-13,3.4818449509461466e-13,7.746767687917674e-13,1.8687218427930003e-13,85306743.72607203,82451953.16882716,-2854790.557244867,-28547905.57244867,-3.346500443636517e-08,85349998.18347576,5.411138663739563e-10,1.902198506879935e-10,9.691582901415187e-11,1.2187190489965867e-09,3.756351368786361e-10,7.763146943218316e-10,3.9229076567863737e-10,1.6235263910681275,2010.1179762377587,50.0,50.0,PASS
sf,-40.0,2.97,band5,r16,f100,sf_-40c_2.97v_band5_r16_f100,4.514e-08,4.79978e-08,5.0668e-08,5.32226e-08,5.5793e-08,5.80655e-08,6.03299e-08,88613300.0,83337100.0,78945200.0,75156100.0,71693500.0,68887700.0,66302100.0,0.00015712,0.000161028,0.000163778,0.000167385,0.000168026,0.000172434,0.000175903,7.74911e-08,4.90777e-07,4839260.0,-33468863.636363644,-44.532464612138796,75156100.0,0.000167385,1.9093640721492562,88590692.32513747,3.4294253505625353e-12,7.210242569095395e-13,1.0929678700610925e-12,4.627046277488828e-12,9.36491649519075e-13,88590167.67862317,83820960.03487273,-4769207.643750444,-47692076.43750444,-5.3834502955808884e-08,88684500.61985454,7.329687930301768e-10,2.5663394417400563e-10,8.975705685882655e-11,2.463534902269493e-09,7.45316640324418e-10,1.7705137796382609e-09,6.076731395522795e-10,2.275945318117532,795.8604230023483,74.0,73.0,PASS
sf,-40.0,3.3,band5,r16,f100,sf_-40c_3.30v_band5_r16_f100,4.514e-08,4.79978e-08,5.0668e-08,5.32226e-08,5.5793e-08,5.80655e-08,6.03299e-08,88613300.0,83337100.0,78945200.0,75156100.0,71693500.0,68887700.0,66302100.0,0.00015712,0.000161028,0.000163778,0.000167385,0.000168026,0.000172434,0.000175903,8.66971e-08,5.49082e-07,4325400.0,-33468863.636363644,-44.532464612138796,75156100.0,0.000167385,1.9093640721492562,75036822.97288176,3.714029347811662e-12,7.101298556332662e-13,1.001077207842278e-12,5.085960267987312e-12,9.732784752342212e-13,75036783.84724511,71999991.73269005,-3036792.114555061,-30367921.14555061,-4.047071261392492e-08,75100342.09637558,6.747973319883194e-10,2.3630186445064354e-10,8.744236844815042e-11,2.152495392662505e-09,6.524277909813403e-10,1.4891364045955262e-09,5.39344416625239e-10,1.7746350858254702,670.3403060715304,69.0,69.0,PASS
sf,-40.0,3.63,band5,r16,f100,sf_-40c_3.63v_band5_r16_f100,4.514e-08,4.79978e-08,5.0668e-08,5.32226e-08,5.5793e-08,5.80655e-08,6.03299e-08,88613300.0,83337100.0,78945200.0,75156100.0,71693500.0,68887700.0,66302100.0,0.00015712,0.000161028,0.000163778,0.000167385,0.000168026,0.000172434,0.000175903,9.83853e-08,6.23107e-07,3811550.0,-33468863.636363644,-44.532464612138796,75156100.0,0.000167385,1.9093640721492562,66295867.84557861,2.975134284201598e-12,7.115399187657324e-13,1.016086785855572e-12,3.771503871969107e-12,8.210318773321478e-13,66296259.94958083,64293505.07790486,-2002754.8716759756,-20027548.716759756,-3.0209168257743295e-08,66321891.9059713,5.981835384933796e-10,2.113099967063539e-10,7.712436702532281e-11,1.908895346314513e-09,5.780566083263782e-10,1.2614203909841696e-09,4.556746583197268e-10,1.4014478760209956,704.061101993639,70.0,70.0,PASS
sf,27.0,2.97,band5,r16,f100,sf_27c_2.97v_band5_r16_f100,4.08364e-08,4.3342e-08,4.57926e-08,4.81578e-08,5.04118e-08,5.26153e-08,5.46689e-08,97951800.0,92289300.0,87350500.0,83060200.0,79346400.0,76023600.0,73167700.0,0.000181216,0.000182212,0.000186874,0.000188807,0.00019377,0.000196189,0.000197718,5.81184e-08,3.68083e-07,6452350.0,-37301233.76623377,-44.908673186717316,83060200.0,0.000188807,1.7727675658309077,97997317.68906422,2.1543484803444955e-12,4.3767010311583765e-13,6.026278961057618e-13,5.554399304490414e-12,1.4841605735886279e-12,97998789.10114025,92801853.45717606,-5196935.643964186,-51969356.43964186,-5.303061080275856e-08,98072497.04328726,6.563675323650883e-10,2.3063264681774832e-10,9.671921105204611e-11,1.8296956639628057e-09,5.536959757087027e-10,1.3080831899665048e-09,5.411516182115564e-10,2.261871957311914,373.0701283688549,61.0,61.0,PASS
sf,27.0,3.3,band5,r16,f100,sf_27c_3.30v_band5_r16_f100,4.08364e-08,4.3342e-08,4.57926e-08,4.81578e-08,5.04118e-08,5.26153e-08,5.46689e-08,97951800.0,92289300.0,87350500.0,83060200.0,79346400.0,76023600.0,73167700.0,0.000181216,0.000182212,0.000186874,0.000188807,0.00019377,0.000196189,0.000197718,6.50228e-08,4.11811e-07,5767210.0,-37301233.76623377,-44.908673186717316,83060200.0,0.000188807,1.7727675658309077,83059896.72372678,1.6521567441190833e-12,3.719246207331609e-13,5.414298916354369e-13,2.7269826200410705e-12,5.163966710295035e-13,83059967.12521963,79657373.45743376,-3402593.667785868,-34025936.67785868,-4.096550703729731e-08,83145045.45026891,6.31499324885533e-10,2.2053803506659872e-10,9.849526776733844e-11,1.655268106940176e-09,5.096739791466997e-10,1.1305065131114672e-09,4.932048241750537e-10,1.833664494912535,986.9815352035457,57.0,57.0,PASS
sf,27.0,3.63,band5,r16,f100,sf_27c_3.63v_band5_r16_f100,4.08364e-08,4.3342e-08,4.57926e-08,4.81578e-08,5.04118e-08,5.26153e-08,5.46689e-08,97951800.0,92289300.0,87350500.0,83060200.0,79346400.0,76023600.0,73167700.0,0.000181216,0.000182212,0.000186874,0.000188807,0.00019377,0.000196189,0.000197718,7.37889e-08,4.6733e-07,5082060.0,-37301233.76623377,-44.908673186717316,83060200.0,0.000188807,1.7727675658309077,73184749.68990201,2.7126609194709568e-12,5.554761313952564e-13,8.997508833096657e-13,1.9788453924315962e-12,3.9695376360826247e-13,73184833.6625507,70903652.42301264,-2281181.2395380586,-22811812.395380586,-3.117013628884366e-08,73244147.67936951,5.782658152372118e-10,2.0243393600435577e-10,9.032276580639286e-11,1.5131974550397527e-09,4.673868432055903e-10,9.76156707981478e-10,4.259107558026907e-10,1.4827101104019071,1177.4339634850655,57.0,57.0,PASS
sf,125.0,2.97,band5,r16,f100,sf_125c_2.97v_band5_r16_f100,3.58938e-08,3.80382e-08,4.01461e-08,4.21719e-08,4.41806e-08,4.60944e-08,4.79341e-08,111440000.0,105158000.0,99636000.0,94849800.0,90537500.0,86778500.0,83447800.0,0.000221489,0.000225029,0.000225295,0.00023028,0.000234559,0.0002367,0.000237451,4.30506e-08,2.72654e-07,8710670.0,-42153928.57142858,-44.44282283297232,94849800.0,0.00023028,1.6351905855362898,111408000.28096838,1.7356991376798353e-12,4.1317224857219577e-13,4.1710468335632706e-13,7.576158775061675e-12,2.117459954204605e-12,111411384.79387406,105810449.83740638,-5600934.956467673,-56009349.56467673,-5.0272554881443674e-08,111502225.25126423,5.457200064141442e-10,1.9141784445384305e-10,9.482587682724438e-11,1.2751627620897786e-09,3.9068312518211e-10,9.185709803004169e-10,4.5126096875295417e-10,2.1343515609403867,184.50555553900185,51.0,51.0,PASS
sf,125.0,3.3,band5,r16,f100,sf_125c_3.30v_band5_r16_f100,3.58938e-08,3.80382e-08,4.01461e-08,4.21719e-08,4.41806e-08,4.60944e-08,4.79341e-08,111440000.0,105158000.0,99636000.0,94849800.0,90537500.0,86778500.0,83447800.0,0.000221489,0.000225029,0.000225295,0.00023028,0.000234559,0.0002367,0.000237451,4.81651e-08,3.05045e-07,7785730.0,-42153928.57142858,-44.44282283297232,94849800.0,0.00023028,1.6351905855362898,94822496.93590315,2.682821888179939e-12,6.112087641197354e-13,7.173790834741831e-13,9.496380284159724e-12,2.7816272976857823e-12,94825988.1404082,91026232.7635718,-3799755.376836404,-37997553.76836404,-4.007082289730671e-08,94875995.42199792,5.541010320413922e-10,1.944340683950398e-10,1.0136537981298258e-10,1.2321287911103582e-09,3.759320156361149e-10,8.191530332473429e-10,4.2260328015355093e-10,1.8447125782928226,135.14823353541195,49.0,49.0,PASS
sf,125.0,3.63,band5,r16,f100,sf_125c_3.63v_band5_r16_f100,3.58938e-08,3.80382e-08,4.01461e-08,4.21719e-08,4.41806e-08,4.60944e-08,4.79341e-08,111440000.0,105158000.0,99636000.0,94849800.0,90537500.0,86778500.0,83447800.0,0.000221489,0.000225029,0.000225295,0.00023028,0.000234559,0.0002367,0.000237451,5.46585e-08,3.4617e-07,6860780.0,-42153928.57142858,-44.44282283297232,94849800.0,0.00023028,1.6351905855362898,83466739.53386404,1.29827147178006e-12,3.1050704251699654e-13,4.750142936192451e-13,2.773308850024191e-12,7.81821544932592e-13,83467334.80478574,80867987.94230083,-2599346.862484917,-25993468.62484917,-3.114208532672447e-08,83507345.68898521,5.266199172696435e-10,1.848198987516806e-10,9.63630447939924e-11,1.167089917536216e-09,3.566659920326469e-10,7.224327505442848e-10,3.7311038625474275e-10,1.5433819175259837,456.1987250727381,49.0,49.0,PASS
all-slow,-40.0,2.97,band5,r16,f080,all-slow_-40c_2.97v_band5_r16_f080,5.08785e-08,5.46319e-08,5.82837e-08,6.18897e-08,6.7294e-08,6.87072e-08,7.17686e-08,78618600.0,73217300.0,68629800.0,64631100.0,59440700.0,58218100.0,55734700.0,0.000121308,0.000123953,0.000125629,0.00012842,0.000129563,0.000132937,0.000135294,9.68639e-08,6.13472e-07,3871410.0,-35012727.27272728,-54.17318794315319,64631100.0,0.00012842,3.4140132006329744,78460619.89838997,4.677105637739146e-12,9.717359968134284e-13,1.4679252227172938e-12,7.378456062499717e-12,1.7317074328015754e-12,78461477.08983998,73693463.61013092,-4768013.479709059,-47680134.79709059,-6.07688467838757e-08,78516695.6378298,9.096700248163649e-10,3.1952274970727474e-10,1.0070164843119414e-10,3.373907885924195e-09,1.0224308968011538e-09,2.498254645126799e-09,7.745224390188895e-10,2.508787048812856,590.417802357673,81.0,81.0,PASS
all-slow,-40.0,3.3,band5,r16,f080,all-slow_-40c_3.30v_band5_r16_f080,5.08785e-08,5.46319e-08,5.82837e-08,6.18897e-08,6.7294e-08,6.87072e-08,7.17686e-08,78618600.0,73217300.0,68629800.0,64631100.0,59440700.0,58218100.0,55734700.0,0.000121308,0.000123953,0.000125629,0.00012842,0.000129563,0.000132937,0.000135294,1.08371e-07,6.86352e-07,3460320.0,-35012727.27272728,-54.17318794315319,64631100.0,0.00012842,3.4140132006329744,64621087.0488845,4.982897447362207e-12,1.0600308742432416e-12,1.659813585882609e-12,7.209825921602416e-12,1.4494570049955514e-12,64620878.037792884,61498038.23970359,-3122839.7980892956,-31228397.980892956,-4.832555503598904e-08,64664902.03235134,9.220483673747613e-10,3.243534422509521e-10,1.1043869237158866e-10,3.1412648653265225e-09,9.536881755496488e-10,2.2226921455177256e-09,7.478270784082035e-10,2.0974283567013745,657.9623764366683,75.0,75.0,PASS
all-slow,-40.0,3.63,band5,r16,f080,all-slow_-40c_3.63v_band5_r16_f080,5.08785e-08,5.46319e-08,5.82837e-08,6.18897e-08,6.7294e-08,6.87072e-08,7.17686e-08,78618600.0,73217300.0,68629800.0,64631100.0,59440700.0,58218100.0,55734700.0,0.000121308,0.000123953,0.000125629,0.00012842,0.000129563,0.000132937,0.000135294,1.22982e-07,7.78883e-07,3049240.0,-35012727.27272728,-54.17318794315319,64631100.0,0.00012842,3.4140132006329744,55704932.39822619,5.982947072932608e-12,1.1641932095398879e-12,1.748584020077977e-12,6.6067498859260435e-12,1.56732881095125e-12,55705224.550828084,53691860.33643347,-2013364.214394614,-20133642.14394614,-3.614318460483945e-08,55739590.89400197,8.32612756179651e-10,2.928658491308375e-10,1.0238522613379502e-10,2.792792555412901e-09,8.466519358182081e-10,1.8865017702981493e-09,6.488361552013508e-10,1.6324222617377384,540.1878214082943,73.0,73.0,PASS
all-slow,27.0,2.97,band5,r16,f080,all-slow_27c_2.97v_band5_r16_f080,4.66917e-08,4.99289e-08,5.32642e-08,5.64439e-08,5.95894e-08,6.25669e-08,6.54564e-08,85668300.0,80114000.0,75097400.0,70866900.0,67126000.0,63931500.0,61109400.0,0.00013756,0.000140997,0.000142593,0.000143417,0.000145786,0.000149383,0.000151265,7.26479e-08,4.60104e-07,5161880.0,-37017240.25974027,-52.23488011997176,70866900.0,0.000143417,2.067210301484686,85613793.7508855,2.7597327369180687e-12,5.452881923165881e-13,7.719315061944982e-13,3.0683793657401278e-12,7.11099210575659e-13,85613950.04255758,80573772.12072352,-5040177.9218340665,-50401779.218340665,-5.887098912418664e-08,85696685.02979887,8.288749522744946e-10,2.8967679924998897e-10,1.1218623155534472e-10,2.5277969212551447e-09,7.650278024040382e-10,1.8151576612491214e-09,6.876356486083979e-10,2.482434142576658,1075.838351423175,66.0,66.0,PASS
all-slow,27.0,3.3,band5,r16,f080,all-slow_27c_3.30v_band5_r16_f080,4.66917e-08,4.99289e-08,5.32642e-08,5.64439e-08,5.95894e-08,6.25669e-08,6.54564e-08,85668300.0,80114000.0,75097400.0,70866900.0,67126000.0,63931500.0,61109400.0,0.00013756,0.000140997,0.000142593,0.000143417,0.000145786,0.000149383,0.000151265,8.12785e-08,5.14764e-07,4613760.0,-37017240.25974027,-52.23488011997176,70866900.0,0.000143417,2.067210301484686,70850549.8957213,2.0682800358528655e-12,4.698725801542636e-13,7.313437214559651e-13,3.4079540414492314e-12,8.658329874942801e-13,70850899.92777541,67489550.84494488,-3361349.0828305334,-33613490.828305334,-4.74425742828539e-08,70888511.2411918,8.500353222268235e-10,2.9974905256425197e-10,1.2370098548639667e-10,2.3789821834064677e-09,7.236312213074061e-10,1.6365735352319206e-09,6.696180726799197e-10,2.124876408223757,835.76305333618,62.0,62.0,PASS
all-slow,27.0,3.63,band5,r16,f080,all-slow_27c_3.63v_band5_r16_f080,4.66917e-08,4.99289e-08,5.32642e-08,5.64439e-08,5.95894e-08,6.25669e-08,6.54564e-08,85668300.0,80114000.0,75097400.0,70866900.0,67126000.0,63931500.0,61109400.0,0.00013756,0.000140997,0.000142593,0.000143417,0.000145786,0.000149383,0.000151265,9.22362e-08,5.84162e-07,4065650.0,-37017240.25974027,-52.23488011997176,70866900.0,0.000143417,2.067210301484686,61106787.30734814,2.985309267639309e-12,6.60900291484192e-13,9.990733149783024e-13,3.595533479896735e-12,6.2246475032086e-13,61106802.210155785,58880089.75151358,-2226712.458642207,-22267124.58642207,-3.643968229566648e-08,61150556.988456905,7.916128486178718e-10,2.799760327644809e-10,1.1906103975138945e-10,2.206954189285162e-09,6.690824176506363e-10,1.4264771872780887e-09,5.963280478050039e-10,1.7120690346966467,1074.8920598407321,60.0,60.0,PASS
all-slow,125.0,2.97,band5,r16,f080,all-slow_125c_2.97v_band5_r16_f080,4.21965e-08,4.49476e-08,4.77532e-08,5.04875e-08,5.31917e-08,5.58538e-08,5.83846e-08,94794600.0,88992500.0,83764100.0,79227500.0,75199600.0,71615600.0,68511300.0,0.000165835,0.000168162,0.000169683,0.000170839,0.000174521,0.000175673,0.000179378,5.38133e-08,3.40818e-07,6968540.0,-39665000.00000001,-50.064687135148795,79227500.0,0.000170839,1.772625846905638,94749589.24552262,2.883320459062697e-12,5.24820753536673e-13,7.178862462692025e-13,6.89598472511201e-12,1.8412075678884316e-12,94751658.00927946,89555351.18437286,-5196306.8249066025,-51963068.249066025,-5.4841328733241846e-08,94841341.9004934,7.010744667345608e-10,2.4440150742539653e-10,1.1544197989574085e-10,1.7601130964673351e-09,5.322156073695418e-10,1.2525520592192195e-09,5.788154500322985e-10,2.317936692672801,289.05790778380697,54.0,54.0,PASS
all-slow,125.0,3.3,band5,r16,f080,all-slow_125c_3.30v_band5_r16_f080,4.21965e-08,4.49476e-08,4.77532e-08,5.04875e-08,5.31917e-08,5.58538e-08,5.83846e-08,94794600.0,88992500.0,83764100.0,79227500.0,75199600.0,71615600.0,68511300.0,0.000165835,0.000168162,0.000169683,0.000170839,0.000174521,0.000175673,0.000179378,6.02063e-08,3.81307e-07,6228580.0,-39665000.00000001,-50.064687135148795,79227500.0,0.000170839,1.772625846905638,79214782.79803266,2.344574733751266e-12,5.731865602405664e-13,7.184297201117975e-13,8.013149105118819e-12,2.4529425106689126e-12,79216761.01643993,75574739.82886207,-3642021.1875778586,-36420211.875778586,-4.597538627995692e-08,79269276.18866184,7.463413267566625e-10,2.6223067746716145e-10,1.3065176956608769e-10,1.728682718779493e-09,5.304639391205026e-10,1.1748091408567303e-09,5.804034650113904e-10,2.0786835997284325,216.25616450988332,51.0,51.0,PASS
all-slow,125.0,3.63,band5,r16,f080,all-slow_125c_3.63v_band5_r16_f080,4.21965e-08,4.49476e-08,4.77532e-08,5.04875e-08,5.31917e-08,5.58538e-08,5.83846e-08,94794600.0,88992500.0,83764100.0,79227500.0,75199600.0,71615600.0,68511300.0,0.000165835,0.000168162,0.000169683,0.000170839,0.000174521,0.000175673,0.000179378,6.83231e-08,4.32713e-07,5488630.0,-39665000.00000001,-50.064687135148795,79227500.0,0.000170839,1.772625846905638,68516084.72486278,2.0637320460467145e-12,5.246793108229035e-13,8.268688967150773e-13,6.288924853456739e-12,1.8049691126229395e-12,68517217.81230195,66042132.4484413,-2475085.363860652,-24750853.63860652,-3.612355321608318e-08,68560288.29241067,7.283430774323425e-10,2.5617582351284636e-10,1.3021979647899173e-10,1.6552244394800958e-09,5.093131861844629e-10,1.0474994916215583e-09,5.272360607852004e-10,1.7563488313586462,282.17279876016306,50.0,50.0,PASS
all-fast,-40.0,2.97,band5,r16,f125,all-fast_-40c_2.97v_band5_r16_f125,3.49181e-08,3.68993e-08,3.88208e-08,4.06408e-08,4.23576e-08,4.40206e-08,4.56149e-08,114554000.0,108403000.0,103037000.0,98423200.0,94434100.0,90866600.0,87690700.0,0.000219722,0.000220133,0.000224067,0.000227012,0.000236115,0.00024154,0.00024282,6.19929e-08,3.92622e-07,6049080.0,-40345974.025974035,-40.992341263009166,98423200.0,0.000227012,1.635822216132545,114428022.74248889,2.7891824606962812e-12,5.047290093809812e-13,7.888889666853688e-13,3.966706258652539e-12,8.814345980590064e-13,114428287.23950747,108948962.50997637,-5479324.729531094,-54793247.295310944,-4.788435501147049e-08,114500465.62645216,5.000970284969071e-10,1.7635619552012474e-10,5.924528855205753e-11,1.7369267337600854e-09,5.249000065051096e-10,1.259869172276476e-09,4.184679988966767e-10,2.019286650316392,595.5064705435705,75.0,76.0,PASS
all-fast,-40.0,3.3,band5,r16,f125,all-fast_-40c_3.30v_band5_r16_f125,3.49181e-08,3.68993e-08,3.88208e-08,4.06408e-08,4.23576e-08,4.40206e-08,4.56149e-08,114554000.0,108403000.0,103037000.0,98423200.0,94434100.0,90866600.0,87690700.0,0.000219722,0.000220133,0.000224067,0.000227012,0.000236115,0.00024154,0.00024282,6.93577e-08,4.39265e-07,5406760.0,-40345974.025974035,-40.992341263009166,98423200.0,0.000227012,1.635822216132545,98457996.77473968,2.483983668156955e-12,5.26436751901325e-13,8.055817736855447e-13,2.447370151474757e-12,5.309154275907668e-13,98457847.31435822,94772597.27827482,-3685250.0360834002,-36852500.360834,-3.7429723852452905e-08,98510519.55589108,4.660419235617806e-10,1.641853166895202e-10,5.743947301019687e-11,1.5598653821452226e-09,4.715535721768294e-10,1.1017904487524447e-09,3.801587302180492e-10,1.6173980850533147,888.1896205515919,73.0,73.0,PASS
all-fast,-40.0,3.63,band5,r16,f125,all-fast_-40c_3.63v_band5_r16_f125,3.49181e-08,3.68993e-08,3.88208e-08,4.06408e-08,4.23576e-08,4.40206e-08,4.56149e-08,114554000.0,108403000.0,103037000.0,98423200.0,94434100.0,90866600.0,87690700.0,0.000219722,0.000220133,0.000224067,0.000227012,0.000236115,0.00024154,0.00024282,7.87082e-08,4.98485e-07,4764430.0,-40345974.025974035,-40.992341263009166,98423200.0,0.000227012,1.635822216132545,87757274.80958398,3.575211424450991e-12,6.948579038576086e-13,1.064776257753033e-12,3.6095503085863576e-12,7.00273751937509e-13,87757124.99716866,85296573.35437089,-2460551.642797768,-24605516.42797768,-2.8038197956885596e-08,87790123.99387299,4.1320040832689915e-10,1.4596571158491458e-10,5.0352648703079335e-11,1.3989616746139271e-09,4.231614914593605e-10,9.366094542964735e-10,3.1949659048876856e-10,1.2814347918893554,604.2800980167576,74.0,74.0,PASS
all-fast,27.0,2.97,band5,r16,f125,all-fast_27c_2.97v_band5_r16_f125,3.13074e-08,3.30148e-08,3.47255e-08,3.6364e-08,3.79403e-08,3.95084e-08,4.09594e-08,127765000.0,121158000.0,115189000.0,109999000.0,105429000.0,101244000.0,97657700.0,0.000250452,0.000255629,0.000257513,0.000263458,0.000266248,0.000271472,0.000279293,4.64947e-08,2.94466e-07,8065440.0,-45425292.20779222,-41.296095607953006,109999000.0,0.000263458,1.4261006268887655,128048255.63709064,1.504091492107955e-12,2.9287670288079827e-13,4.421100898511637e-13,1.951993933709052e-12,4.025415979925265e-13,128048723.9717737,121912716.64436848,-6136007.327405214,-61360073.27405214,-4.79193164686108e-08,128116654.62313053,4.4655364723955085e-10,1.5793111448435527e-10,6.307708121765782e-11,1.303067072535693e-09,3.9456581113053376e-10,9.455930463473214e-10,3.742299455343169e-10,2.0233606048638233,980.1864281809186,64.0,64.0,PASS
all-fast,27.0,3.3,band5,r16,f125,all-fast_27c_3.30v_band5_r16_f125,3.13074e-08,3.30148e-08,3.47255e-08,3.6364e-08,3.79403e-08,3.95084e-08,4.09594e-08,127765000.0,121158000.0,115189000.0,109999000.0,105429000.0,101244000.0,97657700.0,0.000250452,0.000255629,0.000257513,0.000263458,0.000266248,0.000271472,0.000279293,5.20183e-08,3.29449e-07,7209010.0,-45425292.20779222,-41.296095607953006,109999000.0,0.000263458,1.4261006268887655,109970822.56663658,1.3129961544952282e-12,2.910715908007512e-13,4.3962089792386013e-13,1.634859890270213e-12,3.2333964867089843e-13,109970690.98862816,105764825.15916616,-4205865.829462007,-42058658.29462007,-3.824533420361e-08,110041504.19237137,4.3271960011850314e-10,1.5183213242420008e-10,6.353248049349967e-11,1.2010938552922648e-09,3.675610594367652e-10,8.443498768630816e-10,3.477766879539036e-10,1.6707836236694298,1136.764578509443,61.0,61.0,PASS
all-fast,27.0,3.63,band5,r16,f125,all-fast_27c_3.63v_band5_r16_f125,3.13074e-08,3.30148e-08,3.47255e-08,3.6364e-08,3.79403e-08,3.95084e-08,4.09594e-08,127765000.0,121158000.0,115189000.0,109999000.0,105429000.0,101244000.0,97657700.0,0.000250452,0.000255629,0.000257513,0.000263458,0.000266248,0.000271472,0.000279293,5.90312e-08,3.73864e-07,6352580.0,-45425292.20779222,-41.296095607953006,109999000.0,0.000263458,1.4261006268887655,97662711.96184914,2.086132226551282e-12,3.6430720862372547e-13,5.522485272513319e-13,1.837326594748429e-12,3.9366554920096234e-13,97662546.93838999,94811984.28474914,-2850562.6536408514,-28505626.536408514,-2.918787951986463e-08,97697887.03466398,3.9598717389983937e-10,1.3958835927358016e-10,5.7566055637963763e-11,1.1115836001252119e-09,3.3769911918854217e-10,7.312599690992833e-10,2.9886360529981226e-10,1.3637487755664324,857.832543066018,62.0,62.0,PASS
all-fast,125.0,2.97,band5,r16,f125,all-fast_125c_2.97v_band5_r16_f125,2.68082e-08,2.82878e-08,2.97421e-08,3.11916e-08,3.25782e-08,3.3906e-08,3.52115e-08,149208000.0,141404000.0,134490000.0,128240000.0,122781000.0,117973000.0,113599000.0,0.000314519,0.000317581,0.000324062,0.000326963,0.000329843,0.000336314,0.000343108,3.44405e-08,2.18123e-07,10888300.0,-53700649.350649364,-41.87511646182889,128240000.0,0.000326963,1.416150521343912,149265410.58141193,1.6642468508128581e-12,3.3459953054608247e-13,4.1330335826365724e-13,4.453421176922351e-12,1.1990765339942733e-12,149268810.34608805,142284203.2261303,-6984607.119957745,-69846071.19957745,-4.679214032565506e-08,149428612.84637594,3.6405823083519336e-10,1.2672134190015864e-10,5.9514354581193e-11,9.202459142874291e-10,2.8001958573989025e-10,6.839791384227617e-10,3.134899499567371e-10,1.8935794338172045,233.52936847751505,54.0,54.0,PASS
all-fast,125.0,3.3,band5,r16,f125,all-fast_125c_3.30v_band5_r16_f125,2.68082e-08,2.82878e-08,2.97421e-08,3.11916e-08,3.25782e-08,3.3906e-08,3.52115e-08,149208000.0,141404000.0,134490000.0,128240000.0,122781000.0,117973000.0,113599000.0,0.000314519,0.000317581,0.000324062,0.000326963,0.000329843,0.000336314,0.000343108,3.8532e-08,2.44036e-07,9732160.0,-53700649.350649364,-41.87511646182889,128240000.0,0.000326963,1.416150521343912,128264415.08025807,9.74409240275395e-13,2.1232177710203157e-13,3.105150254888072e-13,2.0251151109705145e-12,5.373712538328278e-13,128265473.75216515,123326581.18088245,-4938892.5712827,-49388925.712827,-3.850523782281146e-08,128328191.87761131,3.697417985311288e-10,1.2978788030157774e-10,6.226987281766867e-11,8.808254229677487e-10,2.712376440059024e-10,6.297008594526041e-10,3.0020450811843293e-10,1.6655444006729316,504.7490763067174,53.0,53.0,PASS
all-fast,125.0,3.63,band5,r16,f125,all-fast_125c_3.63v_band5_r16_f125,2.68082e-08,2.82878e-08,2.97421e-08,3.11916e-08,3.25782e-08,3.3906e-08,3.52115e-08,149208000.0,141404000.0,134490000.0,128240000.0,122781000.0,117973000.0,113599000.0,0.000314519,0.000317581,0.000324062,0.000326963,0.000329843,0.000336314,0.000343108,4.37268e-08,2.76936e-07,8575980.0,-53700649.350649364,-41.87511646182889,128240000.0,0.000326963,1.416150521343912,113608269.37005962,8.716492918183418e-13,2.246862172095052e-13,3.605139702011365e-13,8.59110031187088e-13,2.2210200328086344e-13,113608462.39076437,110201705.90935932,-3406756.4814050496,-34067564.814050496,-2.998681972903804e-08,113667117.60202533,3.4924712411337004e-10,1.229202985488938e-10,5.862588380508789e-11,8.290013954725534e-10,2.5910844264175393e-10,5.565030114408078e-10,2.639497181233785e-10,1.3971996030833174,1166.6191156056043,53.0,53.0,PASS
typical,27.0,3.3,band1,r16,f100,typical_27c_3.30v_band1_r16_f100,3.36598e-07,3.50869e-07,3.66669e-07,3.7852e-07,3.91466e-07,4.03664e-07,4.15313e-07,11883600.0,11400300.0,10909000.0,10567500.0,10218000.0,9909230.0,9631300.0,7.25591e-05,7.40849e-05,7.65021e-05,7.91042e-05,7.92907e-05,8.08116e-05,8.44084e-05,4.8195e-07,3.05235e-06,778090.0,-3386376.623376624,-32.04520107288028,10567500.0,7.91042e-05,1.1406130656662747,10564378.806182748,1.5109874958421274e-11,3.21562769078188e-12,4.4301592104186485e-12,1.567527812189568e-11,3.3719357456049287e-12,10564401.124439241,10247440.248219296,-316960.876219945,-3169608.7621994503,-3.000273015823879e-08,10570367.39227907,3.114449561313512e-09,1.096496787791609e-09,5.087228703378289e-10,7.639581610154939e-09,2.3746732356641273e-09,6.13694161183572e-09,2.839995999036409e-09,1.1590373891411168,704.2462890223635,54.0,54.0,PASS
typical,27.0,3.3,band2,r16,f100,typical_27c_3.30v_band2_r16_f100,1.98801e-07,2.082e-07,2.16875e-07,2.25837e-07,2.33912e-07,2.4195e-07,2.49251e-07,20120700.0,19212300.0,18443800.0,17711900.0,17100500.0,16532400.0,16048100.0,8.43509e-05,8.61914e-05,8.71693e-05,8.90106e-05,9.24237e-05,9.58304e-05,9.58743e-05,2.92091e-07,1.84991e-06,1283850.0,-6143149.350649352,-34.68374003155704,17711900.0,8.90106e-05,1.1973588378434628,17706026.90609234,8.672713294185586e-12,1.827910630669668e-12,2.8045404703148514e-12,1.1032958682050302e-11,2.1990845923957704e-12,17706073.183317322,17137072.91981148,-569000.2635058425,-5690002.635058425,-3.2135881153024664e-08,17716340.287841547,2.0260356826385055e-09,7.125502260009499e-10,3.2626468827995544e-10,5.032123007487253e-09,1.5652231264178668e-09,3.983796941864473e-09,1.8149732469723628e-09,1.2623782276011228,711.7612172948064,55.0,55.0,PASS
typical,27.0,3.3,band3,r16,f100,typical_27c_3.30v_band3_r16_f100,1.19383e-07,1.25681e-07,1.31651e-07,1.37649e-07,1.4314e-07,1.48469e-07,1.53508e-07,33505600.0,31826500.0,30383400.0,29059400.0,27944700.0,26941700.0,26057300.0,0.000111622,0.000114675,0.000115902,0.000119677,0.000119951,0.000122675,0.000128123,1.77025e-07,1.12116e-06,2118350.0,-11218571.428571431,-38.605654034740674,29059400.0,0.000119677,1.4284534436361513,29075387.45544259,4.7852081410818735e-12,1.1523250378585856e-12,1.6635998040612936e-12,6.146732265760335e-12,1.3237270463649382e-12,29075440.58999636,28039101.217407987,-1036339.3725883737,-10363393.725883737,-3.564311843807225e-08,29102444.550619803,1.3694752128634227e-09,4.785056741004293e-10,2.2355495305532014e-10,3.430193531242531e-09,1.0579312779651138e-09,2.6779280352594743e-09,1.2258885158319868e-09,1.3925684847664694,799.206513812858,55.0,54.0,PASS
typical,27.0,3.3,band6,r16,f100,typical_27c_3.30v_band6_r16_f100,2.23423e-08,2.37683e-08,2.51949e-08,2.66224e-08,2.79972e-08,2.93743e-08,3.06765e-08,179032000.0,168291000.0,158762000.0,150249000.0,142871000.0,136174000.0,130393000.0,0.000260258,0.00026334,0.000264678,0.000270653,0.000274052,0.000276782,0.000283663,3.94078e-08,2.49583e-07,9515890.0,-73390259.74025975,-48.84575587209216,150249000.0,0.000270653,1.7038858352277906,150337375.67291594,1.5559495054606556e-12,2.676598430777838e-13,3.8254299545615116e-13,2.3868826039895772e-12,5.572182242913875e-13,150338555.82923898,143703601.19554392,-6634954.633695066,-66349546.33695066,-4.4133420047158987e-08,150375639.77933577,4.3022403404622774e-10,1.5209839090557928e-10,6.053057431025236e-11,1.2272661094632329e-09,3.780254563424146e-10,7.381450495155347e-10,2.9356483242632177e-10,2.2871892841833987,678.4154571095521,64.0,64.0,PASS
all-slow,27.0,3.3,band1,r16,f080,all-slow_27c_3.30v_band1_r16_f080,4.01789e-07,4.22046e-07,4.41586e-07,4.60651e-07,4.78548e-07,4.94823e-07,5.10066e-07,9955470.0,9477640.0,9058260.0,8683370.0,8358610.0,8083690.0,7842130.0,5.42455e-05,5.55018e-05,5.68143e-05,5.92237e-05,6.18315e-05,6.05595e-05,6.36233e-05,6.02437e-07,3.81543e-06,622472.0,-3190769.4805194815,-36.74575056135442,8683370.0,5.92237e-05,1.412293186368238,8686362.02329539,1.9854295573228195e-11,4.111170123348788e-12,5.2090381471523834e-12,3.305969378325979e-11,7.15319251343116e-12,8686383.024005253,8393635.31256287,-292747.711442383,-2927477.11442383,-3.370191144384954e-08,8690670.125642976,4.192459216335563e-09,1.5020272894719882e-09,6.743157053996357e-10,1.0482078970673016e-08,3.330576220354781e-09,8.616996051012188e-09,3.8798743171634115e-09,1.3053623692514704,465.60695998341157,56.0,56.0,PASS
all-slow,27.0,3.3,band2,r16,f080,all-slow_27c_3.30v_band2_r16_f080,2.35943e-07,2.49335e-07,2.61818e-07,2.73307e-07,2.85306e-07,2.95627e-07,3.05592e-07,16953200.0,16042700.0,15277800.0,14635600.0,14020000.0,13530600.0,13089300.0,6.24658e-05,6.45027e-05,6.62808e-05,6.71399e-05,6.95544e-05,7.1152e-05,7.06696e-05,3.65113e-07,2.31238e-06,1027080.0,-5803149.350649351,-39.65091523852354,14635600.0,6.71399e-05,1.6768554561675517,14621699.670669954,1.3611385155550264e-11,2.697300313426799e-12,3.8023701676651865e-12,1.6885547808975738e-11,3.418729055279186e-12,14621681.832997741,14091140.736611264,-530541.0963864774,-5305410.9638647735,-3.62845466373895e-08,14630406.966994422,2.762570024028907e-09,9.739444458209752e-10,4.3156543420732277e-10,7.106710643747256e-09,2.202862241454595e-09,5.622597957481611e-09,2.4815516109262805e-09,1.4249203605604717,644.3512211220556,57.0,57.0,PASS
all-slow,27.0,3.3,band3,r16,f080,all-slow_27c_3.30v_band3_r16_f080,1.40343e-07,1.48953e-07,1.57382e-07,1.65513e-07,1.73141e-07,1.80544e-07,1.87357e-07,28501600.0,26854200.0,25415900.0,24167200.0,23102600.0,22155300.0,21349600.0,8.54012e-05,8.66079e-05,8.89486e-05,8.96548e-05,9.25541e-05,9.44802e-05,9.50298e-05,2.21281e-07,1.40144e-06,1694680.0,-10768538.961038964,-44.5584882031802,24167200.0,8.96548e-05,1.8262503369383902,24158692.10106151,7.574064276829511e-12,1.6792163545760963e-12,2.254632219215248e-12,1.1921673661123612e-11,2.5597946019994645e-12,24158572.747739412,23185028.066702094,-973544.681037318,-9735446.81037318,-4.029810416380725e-08,24175846.282084014,1.8677188359783567e-09,6.565629926863483e-10,2.91222360962451e-10,4.829280130471085e-09,1.4879505019167375e-09,3.7845556618459885e-09,1.6680499468657258e-09,1.5872965985690208,581.2773027783144,57.0,57.0,PASS
all-slow,27.0,3.3,band6,r16,f080,all-slow_27c_3.30v_band6_r16_f080,2.65342e-08,2.8186e-08,2.9927e-08,3.17339e-08,3.35611e-08,3.53716e-08,3.71446e-08,150749000.0,141914000.0,133659000.0,126048000.0,119186000.0,113085000.0,107687000.0,0.000198724,0.000202889,0.000207327,0.00020798,0.000212838,0.000215619,0.000218574,4.92597e-08,3.11978e-07,7612710.0,-65362662.33766235,-51.85537441106749,126048000.0,0.00020798,1.4131521325209209,126045941.04470678,1.5695795458987468e-12,3.620314218503809e-13,5.626297188593603e-13,1.7767402066709964e-12,3.695690889842195e-13,126046078.56388631,119956847.88537927,-6089230.678507045,-60892306.78507045,-4.830956066134755e-08,126142419.45864148,5.57614336707614e-10,1.952421411317471e-10,7.515383719692923e-11,1.6829218285638775e-09,5.134283163974815e-10,1.0099837989908101e-09,3.832698853120185e-10,2.4628316062644124,1389.2620668267111,66.0,66.0,PASS
all-fast,27.0,3.3,band1,r16,f125,all-fast_27c_3.30v_band1_r16_f125,2.59716e-07,2.69969e-07,2.80194e-07,2.89922e-07,2.98119e-07,3.06482e-07,3.14114e-07,15401500.0,14816500.0,14275800.0,13796800.0,13417400.0,13051300.0,12734200.0,0.000106124,0.000109165,0.000112325,0.000114215,0.000115029,0.000116832,0.00012151,3.8556e-07,2.44188e-06,972612.0,-4022954.5454545463,-29.158605948151354,13796800.0,0.000114215,1.0602613856629473,13829101.963241106,1.0888507727327813e-11,2.2921040350834874e-12,3.3594679921321012e-12,1.364092810875097e-11,2.9270832986026144e-12,13829131.153614167,13447391.38733136,-381739.76628280804,-3817397.6628280804,-2.760403108788526e-08,13834643.127414078,2.178486028870533e-09,7.68355097886544e-10,3.3975250845272625e-10,5.542979021318908e-09,1.7352171282738182e-09,4.517039960729068e-09,1.9960869062689447e-09,1.0629918574389647,592.8143996114522,57.0,57.0,PASS
all-fast,27.0,3.3,band2,r16,f125,all-fast_27c_3.30v_band2_r16_f125,1.54047e-07,1.60751e-07,1.66702e-07,1.72738e-07,1.78591e-07,1.83785e-07,1.8904e-07,25966000.0,24883200.0,23994900.0,23156500.0,22397500.0,21764600.0,21159500.0,0.000121368,0.000123552,0.000127308,0.000126562,0.000132776,0.000138129,0.00013743,2.33673e-07,1.47993e-06,1604810.0,-7225357.142857144,-31.202285072688635,23156500.0,0.000126562,1.079132363329016,23141798.6618556,8.237971269091328e-12,1.5251455000524998e-12,2.264295721432248e-12,8.80681091775994e-12,1.7407939286100843e-12,23141873.076701634,22461544.68619623,-680328.3905054033,-6803283.905054033,-2.939815581264821e-08,23150591.492197495,1.4040186364212387e-09,4.966566528468807e-10,2.1672992166422359e-10,3.650653365212439e-09,1.1351909836444683e-09,2.9155332162265774e-09,1.270352869931165e-09,1.149789528194028,652.1110655244804,58.0,58.0,PASS
all-fast,27.0,3.3,band3,r16,f125,all-fast_27c_3.30v_band3_r16_f125,9.28298e-08,9.72744e-08,1.01488e-07,1.05675e-07,1.09469e-07,1.13169e-07,1.1661e-07,43089600.0,41120800.0,39413700.0,37852000.0,36539900.0,35345400.0,34302300.0,0.000160444,0.000164179,0.000167375,0.000169692,0.000172276,0.000175273,0.000178179,1.4162e-07,8.96925e-07,2647940.0,-13242370.129870133,-34.98459825074008,37852000.0,0.000169692,1.2732390060536638,37899126.95838846,3.919774213447246e-12,8.500736096252489e-13,1.1896403753476073e-12,4.661462400335193e-12,1.042424446784372e-12,37899213.433826454,36665693.76982043,-1233519.6640060246,-12335196.640060246,-3.254736846082042e-08,37921928.01834007,9.525390251013092e-10,3.346289457288661e-10,1.4860354265110374e-10,2.493846882966725e-09,7.631839931417689e-10,1.9562703062326425e-09,8.587913584591398e-10,1.2689774792783088,732.1240359394942,57.0,57.0,PASS
all-fast,27.0,3.3,band6,r16,f125,all-fast_27c_3.30v_band6_r16_f125,1.73578e-08,1.83853e-08,1.93886e-08,2.03973e-08,2.13615e-08,2.23408e-08,2.32401e-08,230444000.0,217565000.0,206307000.0,196104000.0,187253000.0,179045000.0,172116000.0,0.00036333,0.000365496,0.000371656,0.000375038,0.000383113,0.000388204,0.000391712,3.15262e-08,1.99666e-07,11894900.0,-88012337.66233769,-44.8804397984425,196104000.0,0.000375038,1.5272872703113822,196103611.79196295,1.151412937263364e-12,2.311791147499378e-13,3.1849254247930265e-13,1.2827644824711743e-12,3.1703823910207126e-13,196103952.95091593,188075050.63256645,-8028902.318349481,-80289023.1834948,-4.0942072801352884e-08,196216588.6764863,2.9003963908356e-10,1.0201550115961841e-10,3.939565168932652e-11,8.717428756407306e-10,2.662076994374848e-10,5.47809952399559e-10,2.0877812322594282e-10,2.001713362966246,839.6706346573499,66.0,66.0,PASS
typical,27.0,3.3,band5,r4,f100,typical_27c_3.30v_band5_r4_f100,3.99867e-08,4.25116e-08,4.49662e-08,4.73289e-08,4.96871e-08,5.18613e-08,5.39521e-08,100033000.0,94092100.0,88955800.0,84515000.0,80503800.0,77128700.0,74139900.0,0.000180905,0.000181868,0.000185671,0.000186345,0.000191003,0.000193339,0.00019901,6.50228e-08,4.11811e-07,23068800.0,-38979902.59740261,-46.12187493037048,84515000.0,0.000186345,1.8287751117722282,84484253.08430058,1.8596750490155504e-12,3.6588509845838173e-13,5.462802573644376e-13,3.519546208302781e-12,8.712179652625064e-13,84484878.52308719,80960346.33311611,-3524532.1899710745,-35245321.899710745,-4.171790563689957e-08,84498931.62807155,9.636633359387623e-10,3.386334417561195e-10,5.178203682958701e-10,6.584123751650179e-10,2.2401308414641958e-10,2.878199148087262e-10,4.937987015621296e-10,2.861416404192889,257.12633701133825,59.0,59.0,PASS
typical,27.0,3.3,band5,r32,f100,typical_27c_3.30v_band5_r32_f100,3.99867e-08,4.25116e-08,4.49662e-08,4.73289e-08,4.96871e-08,5.18613e-08,5.39521e-08,100033000.0,94092100.0,88955800.0,84515000.0,80503800.0,77128700.0,74139900.0,0.000180905,0.000181868,0.000185671,0.000186345,0.000191003,0.000193339,0.00019901,6.50228e-08,7.586e-07,2883600.0,-38979902.59740261,-46.12187493037048,84515000.0,0.000186345,1.8287751117722282,84482421.33994596,2.1475456336962027e-12,4.1824834393941185e-13,6.215098070384199e-13,3.0368484131890845e-12,6.773386021399599e-13,84482330.9864704,80914236.93848802,-3568094.04798238,-35680940.4798238,-4.223479639255929e-08,84523675.37660013,5.618667866036901e-10,1.9894242981064774e-10,4.241531218102777e-11,2.8642796388856363e-09,9.214020816586957e-10,2.3310686042954077e-09,4.999235409308944e-10,1.6815345355947247,1360.3271373396558,117.0,117.0,PASS
all-slow,27.0,3.3,band5,r4,f080,all-slow_27c_3.30v_band5_r4_f080,4.66917e-08,4.99289e-08,5.32642e-08,5.64439e-08,5.95894e-08,6.25669e-08,6.54564e-08,85668300.0,80114000.0,75097400.0,70866900.0,67126000.0,63931500.0,61109400.0,0.00013756,0.000140997,0.000142593,0.000143417,0.000145786,0.000149383,0.000151265,8.12785e-08,5.14764e-07,18455100.0,-37017240.25974027,-52.23488011997176,70866900.0,0.000143417,2.067210301484686,70851942.7417523,1.756216756489488e-12,4.179843666811952e-13,6.829978610790505e-13,2.2656952741410824e-12,4.68683971067471e-13,70852176.40608937,67490095.19939044,-3362081.2066989243,-33620812.06698924,-4.745205267131316e-08,70848249.53634746,1.293264252956558e-09,4.566171329454293e-10,6.719254129974713e-10,9.191058635124962e-10,3.120689262975991e-10,4.0922312256094265e-10,6.697375869783068e-10,3.2350524577489317,665.8408342551876,62.0,62.0,PASS
all-slow,27.0,3.3,band5,r32,f080,all-slow_27c_3.30v_band5_r32_f080,4.66917e-08,4.99289e-08,5.32642e-08,5.64439e-08,5.95894e-08,6.25669e-08,6.54564e-08,85668300.0,80114000.0,75097400.0,70866900.0,67126000.0,63931500.0,61109400.0,0.00013756,0.000140997,0.000142593,0.000143417,0.000145786,0.000149383,0.000151265,8.12785e-08,9.48249e-07,2306880.0,-37017240.25974027,-52.23488011997176,70866900.0,0.000143417,2.067210301484686,70850895.64931366,3.712585116296649e-12,6.460452668692702e-13,9.613601043870044e-13,8.717013142737974e-12,1.7594743352595761e-12,70851160.85604027,67468949.3569038,-3382211.499136463,-33822114.99136463,-4.7736853684142836e-08,70886701.82305962,7.580813899515642e-10,2.6779104451852967e-10,5.451408369525026e-11,4.051546092169979e-09,1.300984811713288e-09,3.293445983495807e-09,6.737675216899724e-10,1.8982823923670695,739.4167596774596,123.0,123.0,PASS
all-fast,27.0,3.3,band5,r4,f125,all-fast_27c_3.30v_band5_r4_f125,3.13074e-08,3.30148e-08,3.47255e-08,3.6364e-08,3.79403e-08,3.95084e-08,4.09594e-08,127765000.0,121158000.0,115189000.0,109999000.0,105429000.0,101244000.0,97657700.0,0.000250452,0.000255629,0.000257513,0.000263458,0.000266248,0.000271472,0.000279293,5.20183e-08,3.29449e-07,28836000.0,-45425292.20779222,-41.296095607953006,109999000.0,0.000263458,1.4261006268887655,109972627.19958726,1.2557385065329525e-12,2.877595537371289e-13,4.69438662220131e-13,1.239217460668975e-12,2.9832467547599504e-13,109972447.40454407,105764669.75684515,-4207777.647698924,-42077776.47698924,-3.826210789162684e-08,109992101.19083223,6.360849493429271e-10,2.2523214808698909e-10,3.3030233728273425e-10,4.4061743451843646e-10,1.5311949927754767e-10,2.1118024858270485e-10,3.4792335430151176e-10,2.4773757223812614,513.2646135732361,61.0,61.0,PASS
all-fast,27.0,3.3,band5,r32,f125,all-fast_27c_3.30v_band5_r32_f125,3.13074e-08,3.30148e-08,3.47255e-08,3.6364e-08,3.79403e-08,3.95084e-08,4.09594e-08,127765000.0,121158000.0,115189000.0,109999000.0,105429000.0,101244000.0,97657700.0,0.000250452,0.000255629,0.000257513,0.000263458,0.000266248,0.000271472,0.000279293,5.20183e-08,6.0688e-07,3604500.0,-45425292.20779222,-41.296095607953006,109999000.0,0.000263458,1.4261006268887655,109971001.62613639,1.7749217050190913e-12,2.961777843105032e-13,4.329881431156031e-13,3.0127729972191634e-12,6.852482280612785e-13,109970635.10900943,105766330.33131546,-4204304.777693972,-42043047.77693972,-3.823115846813484e-08,110015120.56262045,3.891514183243829e-10,1.374604170835829e-10,2.8145350351103372e-11,2.062255227666926e-09,6.63175812837766e-10,1.6880725679010925e-09,3.476464748342966e-10,1.5122724358038462,967.7891684799238,122.0,122.0,PASS
