Using SPARSE 1.3 as Direct Linear Solver
Note: Starting dynamic gmin stepping
Warning: Dynamic gmin stepping failed
Note: Starting true gmin stepping
Note: True gmin stepping completed

Note: No compatibility mode selected!


Circuit: * reference-phase-transfer @ sf_-40c_2.97v_vs1p677 -- generated by sim/harness, do not edit

Doing analysis at TEMP = -40.000000 and TNOM = 27.000000


Initial Transient Solution
--------------------------

Node                                   Voltage
----                                   -------
vdd                                       2.97
vdd_vco                                   2.97
vdd_div                                   2.97
gnd_vco                                      0
vss                                          0
refa                                         0
refb                                         0
gate                                         0
ref                                          0
b0                                           0
b1                                        2.97
b2                                        2.97
cpb0                                         0
cpb1                                         0
ldt0                                         0
ldt1                                         0
ldt2                                         0
ldt3                                      2.97
p0                                           0
p1                                        2.97
p2                                           0
p3                                           0
p4                                           0
p5                                           0
sel0                                         0
sel1                                      2.97
sel2                                         0
sel3                                         0
sel4                                         0
sel5                                         0
ibn                                   0.860509
icn                                   0.954995
ibp                                    2.14351
icp                                     2.0455
xdut.xpfd.xpfd.xed_ref.d1                 2.97
xdut.xpfd.xpfd.xed_ref.d2          8.88664e-09
xdut.xpfd.xpfd.xed_ref.d3                 2.97
xdut.xpfd.xpfd.xed_ref.d4          8.88664e-09
xdut.xpfd.xpfd.xed_ref.d5                 2.97
xdut.xpfd.xpfd.xed_ref.nn                 2.97
xdut.xpfd.xpfd.xed_ref.xnd.ni      2.07091e-14
xdut.xpfd.xpfd.pr                  8.88664e-09
xdut.xpfd.xpfd.xed_fb.d1               2.05671
fb                                     1.53824
xdut.xpfd.xpfd.xed_fb.d2             0.0341602
xdut.xpfd.xpfd.xed_fb.d3                  2.97
xdut.xpfd.xpfd.xed_fb.d4           8.88664e-09
xdut.xpfd.xpfd.xed_fb.d5                  2.97
xdut.xpfd.xpfd.xed_fb.nn              0.484788
xdut.xpfd.xpfd.xed_fb.xnd.ni          0.104008
xdut.xpfd.xpfd.pf                         2.97
xdut.xpfd.xpfd.sbr                        2.97
xdut.xpfd.xpfd.sbf                 8.88664e-09
xdut.up                            1.81577e-08
xdut.xpfd.xpfd.upb                        2.97
xdut.xpfd.xpfd.xlat_ref.xn1.ni     9.07884e-09
xdut.xpfd.xpfd.rb                         2.97
xdut.xpfd.xpfd.xlat_ref.xn2.ni         2.19502
xdut.dn                                   2.97
xdut.xpfd.xpfd.dnb                 1.81577e-08
xdut.xpfd.xpfd.xlat_fb.xn1.ni      2.71948e-06
xdut.xpfd.xpfd.xlat_fb.xn2.ni      9.07884e-09
xdut.xpfd.xpfd.nrst                       2.97
xdut.xpfd.xpfd.xnand_rst.ni        2.04901e-14
xdut.xpfd.xpfd.rst_raw             8.88664e-09
xdut.xpfd.xpfd.rd1                        2.97
xdut.xpfd.xpfd.rd2                 8.88664e-09
xdut.xpfd.xpfd.rd3                        2.97
xdut.xpfd.xpfd.rd4                 8.88664e-09
xdut.xpfd.xpfd.rd5                        2.97
xdut.xpfd.xpfd.rd6                 8.88664e-09
xdut.xpfd.xpfd.rd7                        2.97
xdut.xpfd.xpfd.rd8                 8.88664e-09
xdut.xpfd.xpfd.rd9                        2.97
xdut.xpfd.xpfd.rd10                8.88664e-09
xdut.xpfd.xpfd.rd11                       2.97
xdut.xpfd.xpfd.rd12                8.88664e-09
xdut.xpfd.xpfd.rd13                       2.97
xdut.xpfd.xpfd.rd14                8.88664e-09
xdut.xpfd.xpfd.rd15                       2.97
xdut.xpfd.xpfd.rd16                8.88664e-09
xdut.xpfd.xpfd.rd17                       2.97
xdut.xpfd.xpfd.rd18                8.88664e-09
xdut.xpfd.xpfd.rd19                       2.97
xdut.xpfd.xpfd.rd20                8.88664e-09
xdut.xpfd.xpfd.rd21                       2.97
xdut.xpfd.xpfd.rd22                8.88664e-09
xdut.xpfd.xpfd.rd23                       2.97
xdut.xpfd.xpfd.rst_dly             8.88664e-09
xdut.xpfd.xcp.b0b                         2.97
xdut.xpfd.xcp.b1b                         2.97
xdut.xpfd.xcp.upb                         2.97
xdut.xpfd.xcp.dnb                  8.88664e-09
xdut.xpfd.xcp.xn_base.bg              0.860509
xdut.xpfd.xcp.xn_base.mid            0.0746053
xdut.xpfd.xcp.dnt                      1.67487
xdut.xpfd.xcp.xn_t0.bg             3.83756e-15
xdut.xpfd.xcp.xn_t0.mid               0.385923
xdut.xpfd.xcp.xn_t1a.bg            3.83756e-15
xdut.xpfd.xcp.xn_t1a.mid              0.385923
xdut.xpfd.xcp.xn_t1b.bg            3.83756e-15
xdut.xpfd.xcp.xn_t1b.mid              0.385923
xdut.xpfd.xcp.xp_base.bg               2.14351
xdut.xpfd.xcp.xp_base.mid              2.89634
xdut.xpfd.xcp.upt                      1.68887
xdut.xpfd.xcp.xp_t0.bg                    2.97
xdut.xpfd.xcp.xp_t0.mid                1.18967
xdut.xpfd.xcp.xp_t1a.bg                   2.97
xdut.xpfd.xcp.xp_t1a.mid               1.18967
xdut.xpfd.xcp.xp_t1b.bg                   2.97
xdut.xpfd.xcp.xp_t1b.mid               1.18967
vctrl                                    1.677
xdut.xpfd.xcp.vdump                    1.68592
xdut.xpfd.xcp.xbuf.nsrc               0.639795
xdut.xpfd.xcp.xbuf.nda                 2.14896
xdut.xpfd.xcp.xbuf.psrc                2.47201
xdut.xpfd.xcp.xbuf.pda                0.830684
xdut.xlf.nr1                             1.677
xdut.xlf.xrf1.11                         1.677
xdut.xlf.xrf1.21                         1.677
xdut.xlf.nr2                             1.677
xdut.xlf.xrf2.11                         1.677
xdut.xlf.xrf2.21                         1.677
xdut.xlf.nr3                             1.677
xdut.xlf.xrf3.11                         1.677
xdut.xlf.xrf3.21                         1.677
xdut.xlf.nz                              1.677
xdut.xlf.xrf4.11                         1.677
xdut.xlf.xrf4.21                         1.677
xdut.xlf.xcf1.c_moscap_int1             -1.677
xdut.xlf.xcf2.c_moscap_int1             -1.677
xdut.xlf.xcf3.c_moscap_int1             -1.677
xdut.xlf.xcf4.c_moscap_int1             -1.677
xdut.xvco.xbias.na                     1.01941
xdut.xvco.xbias.vbpc                   2.07668
xdut.xvco.xbias.nc                   0.0950962
xdut.xvco.xbias.xrcg.11              0.0948893
xdut.xvco.xbias.xrcg.21            0.000206879
xdut.xvco.xbias.nsu                  0.0143071
xdut.xvco.xbias.vfix                   2.04021
xdut.xvco.xbias.nmd                   0.878047
xdut.xvco.xbias.vbp0                   2.13027
xdut.xvco.xbias.noff                  0.874161
xdut.xvco.xbias.xroff.11              0.873828
xdut.xvco.xbias.xroff.21           0.000332779
xdut.xvco.xbias.nvi                   0.608493
xdut.xvco.xbias.xrdeg.11              0.608262
xdut.xvco.xbias.xrdeg.21           0.000231643
xdut.xvco.xbias.b0b                       2.97
xdut.xvco.xbias.b1b                4.35994e-09
xdut.xvco.xbias.b2b                4.35994e-09
xdut.xvco.xbias.vbn1                  0.867912
xdut.xvco.xbias.ga                        2.97
xdut.xvco.xbias.vbp2                   2.08658
xdut.xvco.xbias.gb                    0.867912
xdut.xvco.vbn                          1.05746
xdut.xvco.xbias.gc                     2.08658
xdut.xvco.vbp                          1.93402
xdut.xvco.xs1.nh                       1.31274
xdut.xvco.y1                                 0
xdut.xvco.y5                                 0
xdut.xvco.xs1.nt                             0
xdut.xvco.xs2.nh                          2.97
xdut.xvco.y2                              2.97
xdut.xvco.xs2.nt                   2.59765e-13
xdut.xvco.xs3.nh                          2.97
xdut.xvco.y3                                 0
xdut.xvco.xs3.nt                             0
xdut.xvco.xs4.nh                          2.97
xdut.xvco.y4                              2.97
xdut.xvco.xs4.nt                   2.59765e-13
xdut.xvco.xs5.nh                          2.97
xdut.xvco.xs5.nt                             0
xdut.xvco.nb1                             2.97
xdut.xvco.nb2                      2.93138e-09
clk                                       2.97
xdut.xvco.xcdec1.c_moscap_int1           -2.97
xdut.xvco.xcdec2.c_moscap_int1           -2.97
xdut.xdiv.xd0.sb                          2.97
xdut.xdiv.mi0                             2.97
xdut.xdiv.mo0                          1.53824
xdut.xdiv.xd0.xn3.nm1                   2.2724
xdut.xdiv.xd0.xn3.nm2              6.27309e-14
xdut.xdiv.xd0.dqn                     0.364478
xdut.xdiv.xd0.qb                       1.53822
xdut.xdiv.xd0.xn2q.nmid              0.0939123
xdut.xdiv.xd0.dq                          2.97
xdut.xdiv.xd0.xfq.ckb              4.37622e-09
xdut.xdiv.xd0.xfq.ckbb                    2.97
xdut.xdiv.xd0.xfq.nm                   1.53824
xdut.xdiv.xd0.xfq.nma                  1.53824
xdut.xdiv.xd0.xfq.nmb                  1.53824
xdut.xdiv.xd0.xfq.ns                   1.53824
xdut.xdiv.xd0.q                        1.53824
xdut.xdiv.ck1                          1.49673
xdut.xdiv.xd0.nmo                     0.311428
xdut.xdiv.xd0.xn2m.nmid               0.210703
xdut.xdiv.xd0.dmo                         2.97
xdut.xdiv.xd0.xfmo.ckb             4.37622e-09
xdut.xdiv.xd0.xfmo.ckbb                   2.97
xdut.xdiv.xd0.xfmo.nm                  1.53824
xdut.xdiv.xd0.xfmo.nma                 1.53824
xdut.xdiv.xd0.xfmo.nmb                 1.53824
xdut.xdiv.xd0.xfmo.ns                  1.53824
xdut.xdiv.xd0.mob                      1.53822
xdut.xdiv.xd1.sb                   1.28683e-08
xdut.xdiv.mi1                             2.97
xdut.xdiv.mo1                             2.97
xdut.xdiv.xd1.xn3.nm1              8.57887e-09
xdut.xdiv.xd1.xn3.nm2              4.28943e-09
xdut.xdiv.xd1.dqn                         2.97
xdut.xdiv.xd1.qb                          2.97
xdut.xdiv.xd1.xn2q.nmid                2.26194
xdut.xdiv.xd1.dq                    1.7276e-08
xdut.xdiv.xd1.xfq.ckb                  2.25573
xdut.xdiv.xd1.xfq.ckbb              0.00259434
xdut.xdiv.xd1.xfq.nm               2.76234e-08
xdut.xdiv.xd1.xfq.nma                     2.97
xdut.xdiv.xd1.xfq.nmb              8.67707e-09
xdut.xdiv.xd1.xfq.ns                      2.97
xdut.xdiv.xd1.q                    4.37622e-09
xdut.xdiv.ck2                      2.20155e-09
xdut.xdiv.xd1.nmo                         2.97
xdut.xdiv.xd1.xn2m.nmid                2.26194
xdut.xdiv.xd1.dmo                   1.7276e-08
xdut.xdiv.xd1.xfmo.ckb                 2.25573
xdut.xdiv.xd1.xfmo.ckbb             0.00259434
xdut.xdiv.xd1.xfmo.nm              2.76234e-08
xdut.xdiv.xd1.xfmo.nma                  2.9679
xdut.xdiv.xd1.xfmo.nmb             8.67975e-09
xdut.xdiv.xd1.xfmo.ns               0.00448959
xdut.xdiv.xd1.mob                   0.00203587
xdut.xdiv.xd2.sb                          2.97
xdut.xdiv.mi2                             2.97
xdut.xdiv.mo2                      4.37622e-09
xdut.xdiv.xd2.xn3.nm1                  2.27239
xdut.xdiv.xd2.xn3.nm2              1.49673e-05
xdut.xdiv.xd2.dqn                  8.64539e-09
xdut.xdiv.xd2.qb                          2.97
xdut.xdiv.xd2.xn2q.nmid             4.3227e-09
xdut.xdiv.xd2.dq                          2.97
xdut.xdiv.xd2.xfq.ckb                     2.97
xdut.xdiv.xd2.xfq.ckbb             4.37622e-09
xdut.xdiv.xd2.xfq.nm                      2.97
xdut.xdiv.xd2.xfq.nma              8.75249e-09
xdut.xdiv.xd2.xfq.nmb                     2.97
xdut.xdiv.xd2.xfq.ns                      2.97
xdut.xdiv.xd2.q                    4.37622e-09
xdut.xdiv.ck3                      2.20155e-09
xdut.xdiv.xd2.nmo                         2.97
xdut.xdiv.xd2.xn2m.nmid                2.26194
xdut.xdiv.xd2.dmo                  1.73512e-08
xdut.xdiv.xd2.xfmo.ckb                    2.97
xdut.xdiv.xd2.xfmo.ckbb            4.37622e-09
xdut.xdiv.xd2.xfmo.nm              2.60267e-08
xdut.xdiv.xd2.xfmo.nma                    2.97
xdut.xdiv.xd2.xfmo.nmb             8.75228e-09
xdut.xdiv.xd2.xfmo.ns                     2.97
xdut.xdiv.xd2.mob                         2.97
xdut.xdiv.xd3.sb                          2.97
xdut.xdiv.mi3                      4.37622e-09
xdut.xdiv.mo3                             2.97
xdut.xdiv.xd3.xn3.nm1              2.85916e-05
xdut.xdiv.xd3.xn3.nm2              3.31611e-18
xdut.xdiv.xd3.dqn                         2.97
xdut.xdiv.xd3.qb                   1.73514e-08
xdut.xdiv.xd3.xn2q.nmid            6.08665e-14
xdut.xdiv.xd3.dq                   1.73512e-08
xdut.xdiv.xd3.xfq.ckb                     2.97
xdut.xdiv.xd3.xfq.ckbb             4.37622e-09
xdut.xdiv.xd3.xfq.nm               2.60267e-08
xdut.xdiv.xd3.xfq.nma                     2.97
xdut.xdiv.xd3.xfq.nmb              8.75228e-09
xdut.xdiv.xd3.xfq.ns               2.60271e-08
xdut.xdiv.xd3.q                           2.97
xdut.xdiv.ck4                             2.97
xdut.xdiv.xd3.nmo                         2.97
xdut.xdiv.xd3.xn2m.nmid            6.08665e-14
xdut.xdiv.xd3.dmo                  1.73512e-08
xdut.xdiv.xd3.xfmo.ckb                    2.97
xdut.xdiv.xd3.xfmo.ckbb            4.37622e-09
xdut.xdiv.xd3.xfmo.nm              2.60267e-08
xdut.xdiv.xd3.xfmo.nma                    2.97
xdut.xdiv.xd3.xfmo.nmb             8.75228e-09
xdut.xdiv.xd3.xfmo.ns              2.60271e-08
xdut.xdiv.xd3.mob                  1.73514e-08
xdut.xdiv.xd4.sb                          2.97
xdut.xdiv.mi4                             2.97
xdut.xdiv.mo4                      4.37622e-09
xdut.xdiv.xd4.xn3.nm1                  2.27239
xdut.xdiv.xd4.xn3.nm2              1.49673e-05
xdut.xdiv.xd4.dqn                  8.64539e-09
xdut.xdiv.xd4.qb                          2.97
xdut.xdiv.xd4.xn2q.nmid             4.3227e-09
xdut.xdiv.xd4.dq                          2.97
xdut.xdiv.xd4.xfq.ckb              4.37622e-09
xdut.xdiv.xd4.xfq.ckbb                    2.97
xdut.xdiv.xd4.xfq.nm               2.60271e-08
xdut.xdiv.xd4.xfq.nma                     2.97
xdut.xdiv.xd4.xfq.nmb              1.73514e-08
xdut.xdiv.xd4.xfq.ns                      2.97
xdut.xdiv.xd4.q                    4.37622e-09
xdut.xdiv.ck5                      2.20155e-09
xdut.xdiv.xd4.nmo                         2.97
xdut.xdiv.xd4.xn2m.nmid                2.26194
xdut.xdiv.xd4.dmo                  8.75228e-09
xdut.xdiv.xd4.xfmo.ckb             4.37622e-09
xdut.xdiv.xd4.xfmo.ckbb                   2.97
xdut.xdiv.xd4.xfmo.nm              2.60267e-08
xdut.xdiv.xd4.xfmo.nma                    2.97
xdut.xdiv.xd4.xfmo.nmb             1.73512e-08
xdut.xdiv.xd4.xfmo.ns                     2.97
xdut.xdiv.xd4.mob                         2.97
xdut.xdiv.xd5.sb                          2.97
xdut.xdiv.mo5                             2.97
xdut.xdiv.xd5.xn3.nm1              2.85916e-05
xdut.xdiv.xd5.xn3.nm2              3.31611e-18
xdut.xdiv.xd5.dqn                         2.97
xdut.xdiv.xd5.qb                   1.73514e-08
xdut.xdiv.xd5.xn2q.nmid            6.09792e-14
xdut.xdiv.xd5.dq                   1.73512e-08
xdut.xdiv.xd5.xfq.ckb                     2.97
xdut.xdiv.xd5.xfq.ckbb             4.37622e-09
xdut.xdiv.xd5.xfq.nm               2.60267e-08
xdut.xdiv.xd5.xfq.nma                     2.97
xdut.xdiv.xd5.xfq.nmb              8.75228e-09
xdut.xdiv.xd5.xfq.ns               2.60271e-08
xdut.xdiv.xd5.q                           2.97
xdut.xdiv.ck6                             2.97
xdut.xdiv.xd5.nmo                         2.97
xdut.xdiv.xd5.xn2m.nmid            6.07538e-14
xdut.xdiv.xd5.dmo                  1.73512e-08
xdut.xdiv.xd5.xfmo.ckb                    2.97
xdut.xdiv.xd5.xfmo.ckbb            4.37622e-09
xdut.xdiv.xd5.xfmo.nm              2.60267e-08
xdut.xdiv.xd5.xfmo.nma                    2.97
xdut.xdiv.xd5.xfmo.nmb             8.75228e-09
xdut.xdiv.xd5.xfmo.ns              2.60271e-08
xdut.xdiv.xd5.mob                  1.73514e-08
xdut.xdiv.xnr0.pmid                   0.762831
xdut.xdiv.nmi0                     7.38702e-09
xdut.xdiv.xnr1.pmid                       2.97
xdut.xdiv.nmi1                     4.45762e-09
xdut.xdiv.xnr2.pmid                    0.76283
xdut.xdiv.nmi2                     7.38686e-09
xdut.xdiv.xnr3.pmid                       2.97
xdut.xdiv.nmi3                            2.97
xdut.xdiv.xnr4.pmid                   0.762831
xdut.xdiv.nmi4                     7.38696e-09
xdut.xdiv.t0                              2.97
xdut.xdiv.xm0.nmid                    0.984964
xdut.xdiv.t1                              2.97
xdut.xdiv.xm1.nmid                 6.09792e-14
xdut.xdiv.t2                              2.97
xdut.xdiv.xm2.nmid                  1.7036e-05
xdut.xdiv.t3                              2.97
xdut.xdiv.xm3.nmid                     2.26194
xdut.xdiv.t4                              2.97
xdut.xdiv.xm4.nmid                  1.7036e-05
xdut.xdiv.t5                              2.97
xdut.xdiv.xm5.nmid                     2.26194
xdut.xdiv.ma                       1.28683e-08
xdut.xdiv.xma.nm1                  8.57887e-09
xdut.xdiv.xma.nm2                  4.28943e-09
xdut.xdiv.mb                       1.28683e-08
xdut.xdiv.xmb.nm1                  8.57887e-09
xdut.xdiv.xmb.nm2                  4.28943e-09
xdut.xdiv.xmno.pmid                       2.97
xdut.xdiv.divoutb                         2.97
divout                             4.36283e-09
xdut.xdiv.xfrt.ckb                 4.37622e-09
xdut.xdiv.xfrt.ckbb                       2.97
xdut.xdiv.xfrt.nm                      1.53824
xdut.xdiv.xfrt.nma                     1.53824
xdut.xdiv.xfrt.nmb                     1.53824
xdut.xdiv.xfrt.ns                      1.53824
xdut.xdiv.fbb                          1.53822
xdut.xld.xerr.n1                          2.97
xdut.xld.xerr.xg1.nmid             6.09792e-14
xdut.xld.xerr.n2                          2.97
xdut.xld.xerr.xg2.nmid             6.09792e-14
xdut.xld.xerr.n3                   8.64539e-09
xdut.xld.xerr.xg3.nmid              4.3227e-09
xdut.xld.err                              2.97
xdut.xld.xerr.xg4.nmid                 2.26194
xdut.xld.xdly.t0b                         2.97
xdut.xld.xdly.t1b                         2.97
xdut.xld.xdly.t2b                         2.97
xdut.xld.xdly.t3b                         2.97
xdut.net1                                    0
xdut.xld.xdly.d1                   2.16626e-08
xdut.xld.xdly.s10                  2.36465e-08
xdut.xld.xdly.s11                   1.4226e-08
xdut.xld.xdly.s12                  7.33976e-09
xdut.xld.xdly.s13                  3.61866e-09
xdut.xld.xdly.d2                          2.97
xdut.xld.xdly.s20                  2.36475e-08
xdut.xld.xdly.s21                  1.42264e-08
xdut.xld.xdly.s22                     7.34e-09
xdut.xld.xdly.s23                  3.61885e-09
xdut.xld.xdly.d3                   2.16626e-08
xdut.xld.xdly.s30                  2.36465e-08
xdut.xld.xdly.s31                   1.4226e-08
xdut.xld.xdly.s32                  7.33976e-09
xdut.xld.xdly.s33                  3.61866e-09
xdut.xld.errd                             2.97
xdut.xld.xdly.s40                  2.36475e-08
xdut.xld.xdly.s41                  1.42264e-08
xdut.xld.xdly.s42                     7.34e-09
xdut.xld.xdly.s43                  3.61885e-09
xdut.xld.wideb                     8.64539e-09
xdut.xld.xnw.nmid                   4.3227e-09
xdut.xld.wide                             2.97
xdut.vwin                           0.00108269
xdut.xld.xsch.p1                          2.97
xdut.xld.lockb                            2.97
xdut.xld.xsch.n1                       2.23598
lock                               4.37622e-09
e.xdut.xvco.xcdec2.ec_moscap#branch        2.97e-12
e.xdut.xvco.xcdec1.ec_moscap#branch        2.97e-12
e.xdut.xlf.xcf4.ec_moscap#branch       1.677e-12
e.xdut.xlf.xcf3.ec_moscap#branch       1.677e-12
e.xdut.xlf.xcf2.ec_moscap#branch       1.677e-12
e.xdut.xlf.xcf1.ec_moscap#branch       1.677e-12
bref#branch                                  0
vs5#branch                                   0
vs4#branch                                   0
vs3#branch                                   0
vs2#branch                                   0
vs1#branch                           -2.97e-12
vs0#branch                                   0
vp5#branch                                   0
vp4#branch                                   0
vp3#branch                                   0
vp2#branch                                   0
vp1#branch                           -2.97e-12
vp0#branch                                   0
vldt3#branch                         -2.97e-12
vldt2#branch                                 0
vldt1#branch                                 0
vldt0#branch                                 0
vcpb1#branch                                 0
vcpb0#branch                                 0
vb2#branch                           -2.97e-12
vb1#branch                           -2.97e-12
vb0#branch                                   0
vgate#branch                                 0
vrefb#branch                                 0
vrefa#branch                                 0
vvss#branch                         0.00222216
vgndvco#branch                     0.000115558
vvdddiv#branch                     -0.00205698
vvddvco#branch                    -0.000156189
vvdd#branch                        -0.00017953

 Reference value :  0.00000e+00
 Reference value :  3.74771e-09
 Reference value :  7.39767e-09
 Reference value :  1.07532e-08
 Reference value :  1.43942e-08
 Reference value :  1.62768e-08
 Reference value :  2.00540e-08
 Reference value :  2.13760e-08
 Reference value :  2.31590e-08
 Reference value :  2.64690e-08
 Reference value :  2.84443e-08
 Reference value :  3.28659e-08
 Reference value :  3.64152e-08
 Reference value :  4.03342e-08
 Reference value :  4.17628e-08
 Reference value :  4.64778e-08
 Reference value :  4.99110e-08
 Reference value :  5.41087e-08
 Reference value :  5.56651e-08
 Reference value :  6.00100e-08
 Reference value :  6.14534e-08
 Reference value :  6.32961e-08
 Reference value :  6.61194e-08
 Reference value :  6.86693e-08
 Reference value :  7.27257e-08
 Reference value :  7.67169e-08
 Reference value :  8.04812e-08
 Reference value :  8.19705e-08
 Reference value :  8.65130e-08
 Reference value :  8.97742e-08
 Reference value :  9.42420e-08
 Reference value :  9.61377e-08
 Reference value :  9.83835e-08
 Reference value :  1.01262e-07
 Reference value :  1.02812e-07
 Reference value :  1.04542e-07
 Reference value :  1.08320e-07
 Reference value :  1.11237e-07
 Reference value :  1.14824e-07
 Reference value :  1.18336e-07
 Reference value :  1.21438e-07
 Reference value :  1.24567e-07
 Reference value :  1.28394e-07
 Reference value :  1.32363e-07
 Reference value :  1.35599e-07
 Reference value :  1.38518e-07
 Reference value :  1.41394e-07
 Reference value :  1.42924e-07
 Reference value :  1.44700e-07
 Reference value :  1.48327e-07
 Reference value :  1.51253e-07
 Reference value :  1.54845e-07
 Reference value :  1.58129e-07
 Reference value :  1.61366e-07
 Reference value :  1.63887e-07
 Reference value :  1.68246e-07
 Reference value :  1.71682e-07
 Reference value :  1.75447e-07
 Reference value :  1.77690e-07
 Reference value :  1.80613e-07
 Reference value :  1.82415e-07
 Reference value :  1.84257e-07
 Reference value :  1.87122e-07
 Reference value :  1.89342e-07
 Reference value :  1.93260e-07
 Reference value :  1.96896e-07
 Reference value :  2.00481e-07
 Reference value :  2.02437e-07
 Reference value :  2.06747e-07
 Reference value :  2.10526e-07
 Reference value :  2.14857e-07
 Reference value :  2.16944e-07
 Reference value :  2.20341e-07
 Reference value :  2.22350e-07
 Reference value :  2.24051e-07
 Reference value :  2.27411e-07
 Reference value :  2.29848e-07
 Reference value :  2.34588e-07
 Reference value :  2.38118e-07
 Reference value :  2.41210e-07
 Reference value :  2.43443e-07
 Reference value :  2.48142e-07
 Reference value :  2.51305e-07
 Reference value :  2.55183e-07
 Reference value :  2.56887e-07
 Reference value :  2.60150e-07
 Reference value :  2.62152e-07
 Reference value :  2.63742e-07
 Reference value :  2.65817e-07
 Reference value :  2.69272e-07
 Reference value :  2.73286e-07
 Reference value :  2.77136e-07
 Reference value :  2.80451e-07
 Reference value :  2.82588e-07
 Reference value :  2.86621e-07
 Reference value :  2.90695e-07
 Reference value :  2.95025e-07
 Reference value :  2.96534e-07
 Reference value :  3.00230e-07
 Reference value :  3.02322e-07
 Reference value :  3.03811e-07
 Reference value :  3.05824e-07
 Reference value :  3.09285e-07
 Reference value :  3.12594e-07
 Reference value :  3.16241e-07
 Reference value :  3.20407e-07
 Reference value :  3.22567e-07
 Reference value :  3.26598e-07
 Reference value :  3.29906e-07
 Reference value :  3.34666e-07
 Reference value :  3.36732e-07
 Reference value :  3.40000e-07
 Reference value :  3.42117e-07
 Reference value :  3.43584e-07
 Reference value :  3.45339e-07
 Reference value :  3.48931e-07
 Reference value :  3.52092e-07
 Reference value :  3.55808e-07
 Reference value :  3.60210e-07
 Reference value :  3.62355e-07
 Reference value :  3.65772e-07
 Reference value :  3.69313e-07
 Reference value :  3.73793e-07
 Reference value :  3.76320e-07
 Reference value :  3.79425e-07
 Reference value :  3.81935e-07
 Reference value :  3.83419e-07
 Reference value :  3.85287e-07
 Reference value :  3.88930e-07
 Reference value :  3.91866e-07
 Reference value :  3.95477e-07
 Reference value :  3.99140e-07
 Reference value :  4.02084e-07
 Reference value :  4.05132e-07
 Reference value :  4.08961e-07
 Reference value :  4.13064e-07
 Reference value :  4.16144e-07
 Reference value :  4.17773e-07
 Reference value :  4.20613e-07
 Reference value :  4.22653e-07
 Reference value :  4.24338e-07
 Reference value :  4.26980e-07
 Reference value :  4.29539e-07
 Reference value :  4.33356e-07
 Reference value :  4.36914e-07
 Reference value :  4.40400e-07
 Reference value :  4.42626e-07
 Reference value :  4.46227e-07
 Reference value :  4.50039e-07
 Reference value :  4.54647e-07
 Reference value :  4.56526e-07
 Reference value :  4.60150e-07
 Reference value :  4.62199e-07
 Reference value :  4.63672e-07
 Reference value :  4.65526e-07
 Reference value :  4.69037e-07
 Reference value :  4.71931e-07
 Reference value :  4.75623e-07
 Reference value :  4.79867e-07
 Reference value :  4.82279e-07
 Reference value :  4.85373e-07
 Reference value :  4.89230e-07
 Reference value :  4.93687e-07
 Reference value :  4.96273e-07
 Reference value :  4.98671e-07
 Reference value :  5.01728e-07
 Reference value :  5.03242e-07
 Reference value :  5.05078e-07
 Reference value :  5.08775e-07
 Reference value :  5.11704e-07
 Reference value :  5.15221e-07
 Reference value :  5.18599e-07
 Reference value :  5.21724e-07
 Reference value :  5.24487e-07
 Reference value :  5.28547e-07
 Reference value :  5.32022e-07
 Reference value :  5.35726e-07
 Reference value :  5.38507e-07
 Reference value :  5.41270e-07
 Reference value :  5.42952e-07
 Reference value :  5.45021e-07
 Reference value :  5.48571e-07
 Reference value :  5.51730e-07
 Reference value :  5.55409e-07
 Reference value :  5.58784e-07
 Reference value :  5.61880e-07
 Reference value :  5.65181e-07
 Reference value :  5.68840e-07
 Reference value :  5.72433e-07
 Reference value :  5.75917e-07
 Reference value :  5.77709e-07
 Reference value :  5.80613e-07
 Reference value :  5.82625e-07
 Reference value :  5.84335e-07
 Reference value :  5.86993e-07
 Reference value :  5.89590e-07
 Reference value :  5.93843e-07
 Reference value :  5.97301e-07
 Reference value :  6.00561e-07
 Reference value :  6.02743e-07
 Reference value :  6.07214e-07
 Reference value :  6.10892e-07
 Reference value :  6.15171e-07
 Reference value :  6.17285e-07
 Reference value :  6.20613e-07
 Reference value :  6.22654e-07
 Reference value :  6.24401e-07
 Reference value :  6.27379e-07
 Reference value :  6.29512e-07
 Reference value :  6.33463e-07
 Reference value :  6.37116e-07
 Reference value :  6.40407e-07
 Reference value :  6.42520e-07
 Reference value :  6.46585e-07
 Reference value :  6.49939e-07
 Reference value :  6.54639e-07
 Reference value :  6.56583e-07
 Reference value :  6.59347e-07
 Reference value :  6.61945e-07
 Reference value :  6.63398e-07
 Reference value :  6.65203e-07
 Reference value :  6.68912e-07
 Reference value :  6.71878e-07
 Reference value :  6.75674e-07
 Reference value :  6.80171e-07
 Reference value :  6.82236e-07
 Reference value :  6.85464e-07
 Reference value :  6.89131e-07
 Reference value :  6.93680e-07
 Reference value :  6.96218e-07
 Reference value :  6.99748e-07
 Reference value :  7.02003e-07
 Reference value :  7.03513e-07
 Reference value :  7.05411e-07
 Reference value :  7.09001e-07
 Reference value :  7.11957e-07
 Reference value :  7.15770e-07
 Reference value :  7.20210e-07
 Reference value :  7.22307e-07
 Reference value :  7.25839e-07
 Reference value :  7.29393e-07
 Reference value :  7.34020e-07
 Reference value :  7.36488e-07
 Reference value :  7.38538e-07
 Reference value :  7.41642e-07
 Reference value :  7.43150e-07
 Reference value :  7.44918e-07
 Reference value :  7.48555e-07
 Reference value :  7.51693e-07
 Reference value :  7.55263e-07
 Reference value :  7.58504e-07
 Reference value :  7.61654e-07
 Reference value :  7.64611e-07
 Reference value :  7.68435e-07
 Reference value :  7.71845e-07
 Reference value :  7.75466e-07
 Reference value :  7.78186e-07
 Reference value :  7.81030e-07
 Reference value :  7.83023e-07
 Reference value :  7.84860e-07
 Reference value :  7.88416e-07
 Reference value :  7.91302e-07
 Reference value :  7.95142e-07
 Reference value :  7.98601e-07
 Reference value :  8.01658e-07
 Reference value :  8.04781e-07
 Reference value :  8.08586e-07
 Reference value :  8.12263e-07
 Reference value :  8.15736e-07
 Reference value :  8.18264e-07
 Reference value :  8.21200e-07
 Reference value :  8.22786e-07
 Reference value :  8.24702e-07
 Reference value :  8.28486e-07
 Reference value :  8.31510e-07
 Reference value :  8.35149e-07
 Reference value :  8.38393e-07
 Reference value :  8.41556e-07
 Reference value :  8.44453e-07
 Reference value :  8.48359e-07
 Reference value :  8.51582e-07
 Reference value :  8.55327e-07
 Reference value :  8.58076e-07
 Reference value :  8.61070e-07
 Reference value :  8.62943e-07
 Reference value :  8.64781e-07
 Reference value :  8.68287e-07
 Reference value :  8.71054e-07
 Reference value :  8.74915e-07
 Reference value :  8.78245e-07
 Reference value :  8.81430e-07
 Reference value :  8.84327e-07
 Reference value :  8.88397e-07
 Reference value :  8.91774e-07
 Reference value :  8.95378e-07
 Reference value :  8.97088e-07
 Reference value :  9.00210e-07
 Reference value :  9.02110e-07
 Reference value :  9.03711e-07
 Reference value :  9.05791e-07
 Reference value :  9.09126e-07
 Reference value :  9.12977e-07
 Reference value :  9.16587e-07
 Reference value :  9.20407e-07
 Reference value :  9.22382e-07
 Reference value :  9.26682e-07
 Reference value :  9.29840e-07
 Reference value :  9.34290e-07
 Reference value :  9.36211e-07
 Reference value :  9.39931e-07
 Reference value :  9.41778e-07
 Reference value :  9.43287e-07
 Reference value :  9.44990e-07
 Reference value :  9.48615e-07
 Reference value :  9.51504e-07
 Reference value :  9.55108e-07
 Reference value :  9.58611e-07
 Reference value :  9.61582e-07
 Reference value :  9.64737e-07
 Reference value :  9.68471e-07
 Reference value :  9.72083e-07
 Reference value :  9.75550e-07
 Reference value :  9.78022e-07
 Reference value :  9.80662e-07
 Reference value :  9.82488e-07
 Reference value :  9.84339e-07
 Reference value :  9.87736e-07
 Reference value :  9.89373e-07
 Reference value :  9.94020e-07
 Reference value :  9.97510e-07
 Reference value :  1.00052e-06
 Reference value :  1.00233e-06
 Reference value :  1.00648e-06
 Reference value :  1.00985e-06
 Reference value :  1.01422e-06
 Reference value :  1.01637e-06
 Reference value :  1.02027e-06
 Reference value :  1.02202e-06
 Reference value :  1.02370e-06
 Reference value :  1.02648e-06
 Reference value :  1.02916e-06
 Reference value :  1.03314e-06
 Reference value :  1.03658e-06
 Reference value :  1.04041e-06
 Reference value :  1.04235e-06
 Reference value :  1.04683e-06
 Reference value :  1.05052e-06
 Reference value :  1.05474e-06
 Reference value :  1.05632e-06
 Reference value :  1.05831e-06
 Reference value :  1.06136e-06
 Reference value :  1.06272e-06
 Reference value :  1.06468e-06
 Reference value :  1.06824e-06
 Reference value :  1.07132e-06
 Reference value :  1.07506e-06
 Reference value :  1.07867e-06
 Reference value :  1.08153e-06
 Reference value :  1.08471e-06
 Reference value :  1.08853e-06
 Reference value :  1.09208e-06
 Reference value :  1.09557e-06
 Reference value :  1.09862e-06
 Reference value :  1.10140e-06
 Reference value :  1.10303e-06
 Reference value :  1.10473e-06
 Reference value :  1.10816e-06
 Reference value :  1.11126e-06
 Reference value :  1.11500e-06
 Reference value :  1.11837e-06
 Reference value :  1.12143e-06
 Reference value :  1.12463e-06
 Reference value :  1.12841e-06
 Reference value :  1.13218e-06
 Reference value :  1.13554e-06
 Reference value :  1.13803e-06
 Reference value :  1.14101e-06
 Reference value :  1.14261e-06
 Reference value :  1.14452e-06
 Reference value :  1.14808e-06
 Reference value :  1.15057e-06
 Reference value :  1.15489e-06
 Reference value :  1.15841e-06
 Reference value :  1.16142e-06
 Reference value :  1.16432e-06
 Reference value :  1.16823e-06
 Reference value :  1.17185e-06
 Reference value :  1.17555e-06
 Reference value :  1.17829e-06
 Reference value :  1.18134e-06
 Reference value :  1.18286e-06
 Reference value :  1.18484e-06
 Reference value :  1.18848e-06
 Reference value :  1.19150e-06
 Reference value :  1.19518e-06
 Reference value :  1.19931e-06
 Reference value :  1.20174e-06
 Reference value :  1.20494e-06
 Reference value :  1.20900e-06
 Reference value :  1.21343e-06
 Reference value :  1.21585e-06
 Reference value :  1.21797e-06
 Reference value :  1.22101e-06
 Reference value :  1.22243e-06
 Reference value :  1.22434e-06
 Reference value :  1.22802e-06
 Reference value :  1.23083e-06
 Reference value :  1.23465e-06
 Reference value :  1.23800e-06
 Reference value :  1.24127e-06
 Reference value :  1.24398e-06
 Reference value :  1.24811e-06
 Reference value :  1.25152e-06
 Reference value :  1.25521e-06
 Reference value :  1.25792e-06
 Reference value :  1.26095e-06
 Reference value :  1.26228e-06
 Reference value :  1.26413e-06
 Reference value :  1.26774e-06
 Reference value :  1.27024e-06
 Reference value :  1.27453e-06
 Reference value :  1.27805e-06
 Reference value :  1.28125e-06
 Reference value :  1.28356e-06
 Reference value :  1.28797e-06
 Reference value :  1.29131e-06
 Reference value :  1.29508e-06
 Reference value :  1.29693e-06
 Reference value :  1.30035e-06
 Reference value :  1.30216e-06
 Reference value :  1.30390e-06
 Reference value :  1.30644e-06
 Reference value :  1.30899e-06
 Reference value :  1.31331e-06
 Reference value :  1.31716e-06
 Reference value :  1.32061e-06
 Reference value :  1.32253e-06
 Reference value :  1.32714e-06
 Reference value :  1.33059e-06
 Reference value :  1.33466e-06
 Reference value :  1.33680e-06
 Reference value :  1.34035e-06
 Reference value :  1.34210e-06
 Reference value :  1.34380e-06
 Reference value :  1.34669e-06
 Reference value :  1.34895e-06
 Reference value :  1.35287e-06
 Reference value :  1.35622e-06
 Reference value :  1.36033e-06
 Reference value :  1.36215e-06
 Reference value :  1.36644e-06
 Reference value :  1.37023e-06
 Reference value :  1.37455e-06
 Reference value :  1.37624e-06
 Reference value :  1.37860e-06
 Reference value :  1.38133e-06
 Reference value :  1.38296e-06
 Reference value :  1.38477e-06
 Reference value :  1.38836e-06
 Reference value :  1.39140e-06
 Reference value :  1.39507e-06
 Reference value :  1.39951e-06
 Reference value :  1.40169e-06
 Reference value :  1.40484e-06
 Reference value :  1.40860e-06
 Reference value :  1.41291e-06
 Reference value :  1.41554e-06
 Reference value :  1.41844e-06
 Reference value :  1.42129e-06
 Reference value :  1.42284e-06
 Reference value :  1.42470e-06
 Reference value :  1.42840e-06
 Reference value :  1.43130e-06
 Reference value :  1.43499e-06
 Reference value :  1.43870e-06
 Reference value :  1.44150e-06
 Reference value :  1.44451e-06
 Reference value :  1.44840e-06
 Reference value :  1.45295e-06
 Reference value :  1.45576e-06
 Reference value :  1.45836e-06
 Reference value :  1.46126e-06
 Reference value :  1.46289e-06
 Reference value :  1.46474e-06
 Reference value :  1.46835e-06
 Reference value :  1.47125e-06
 Reference value :  1.47495e-06
 Reference value :  1.47839e-06
 Reference value :  1.48143e-06
 Reference value :  1.48442e-06
 Reference value :  1.48811e-06
 Reference value :  1.49139e-06
 Reference value :  1.49517e-06
 Reference value :  1.49801e-06
 Reference value :  1.50112e-06
 Reference value :  1.50236e-06
 Reference value :  1.50425e-06
 Reference value :  1.50789e-06
 Reference value :  1.51031e-06
 Reference value :  1.51458e-06
 Reference value :  1.51788e-06
 Reference value :  1.52116e-06
 Reference value :  1.52356e-06
 Reference value :  1.52790e-06
 Reference value :  1.53148e-06
 Reference value :  1.53526e-06
 Reference value :  1.53687e-06
 Reference value :  1.54035e-06
 Reference value :  1.54190e-06
 Reference value :  1.54378e-06
 Reference value :  1.54669e-06
 Reference value :  1.54894e-06
 Reference value :  1.55324e-06
 Reference value :  1.55681e-06
 Reference value :  1.56048e-06
 Reference value :  1.56214e-06
 Reference value :  1.56674e-06
 Reference value :  1.57035e-06
 Reference value :  1.57450e-06
 Reference value :  1.57640e-06
 Reference value :  1.58031e-06
 Reference value :  1.58194e-06
 Reference value :  1.58363e-06
 Reference value :  1.58638e-06
 Reference value :  1.58885e-06
 Reference value :  1.59341e-06
 Reference value :  1.59646e-06
 Reference value :  1.60040e-06
 Reference value :  1.60209e-06
 Reference value :  1.60655e-06
 Reference value :  1.60992e-06
 Reference value :  1.61430e-06
 Reference value :  1.61608e-06
 Reference value :  1.61965e-06
 Reference value :  1.62154e-06
 Reference value :  1.62300e-06
 Reference value :  1.62491e-06
 Reference value :  1.62848e-06
 Reference value :  1.63130e-06
 Reference value :  1.63491e-06
 Reference value :  1.63875e-06
 Reference value :  1.64155e-06
 Reference value :  1.64466e-06
 Reference value :  1.64849e-06
 Reference value :  1.65268e-06
 Reference value :  1.65553e-06
 Reference value :  1.65863e-06
 Reference value :  1.66124e-06
 Reference value :  1.66273e-06
 Reference value :  1.66442e-06
 Reference value :  1.66809e-06
 Reference value :  1.67113e-06
 Reference value :  1.67485e-06
 Reference value :  1.67849e-06
 Reference value :  1.68147e-06
 Reference value :  1.68460e-06
 Reference value :  1.68846e-06
 Reference value :  1.69325e-06
 Reference value :  1.69574e-06
 Reference value :  1.69779e-06
 Reference value :  1.70085e-06
 Reference value :  1.70229e-06
 Reference value :  1.70420e-06
 Reference value :  1.70779e-06
 Reference value :  1.71087e-06
 Reference value :  1.71448e-06
 Reference value :  1.71791e-06
 Reference value :  1.72133e-06
 Reference value :  1.72435e-06
 Reference value :  1.72823e-06
 Reference value :  1.73218e-06
 Reference value :  1.73528e-06
 Reference value :  1.73804e-06
 Reference value :  1.74110e-06
 Reference value :  1.74248e-06
 Reference value :  1.74434e-06
 Reference value :  1.74803e-06
 Reference value :  1.75100e-06
 Reference value :  1.75457e-06
 Reference value :  1.75795e-06
 Reference value :  1.76123e-06
 Reference value :  1.76417e-06
 Reference value :  1.76802e-06
 Reference value :  1.77173e-06
 Reference value :  1.77529e-06
 Reference value :  1.77775e-06
 Reference value :  1.78100e-06
 Reference value :  1.78218e-06
 Reference value :  1.78418e-06
 Reference value :  1.78789e-06
 Reference value :  1.79072e-06
 Reference value :  1.79464e-06
 Reference value :  1.79784e-06
 Reference value :  1.80120e-06
 Reference value :  1.80364e-06
 Reference value :  1.80789e-06
 Reference value :  1.81123e-06
 Reference value :  1.81493e-06
 Reference value :  1.81771e-06
 Reference value :  1.82095e-06
 Reference value :  1.82228e-06
 Reference value :  1.82423e-06
 Reference value :  1.82786e-06
 Reference value :  1.83080e-06
 Reference value :  1.83473e-06
 Reference value :  1.83837e-06
 Reference value :  1.84139e-06
 Reference value :  1.84437e-06
 Reference value :  1.84825e-06
 Reference value :  1.85214e-06
 Reference value :  1.85525e-06
 Reference value :  1.85728e-06
 Reference value :  1.86056e-06
 Reference value :  1.86205e-06
 Reference value :  1.86386e-06
 Reference value :  1.86750e-06
 Reference value :  1.86963e-06
 Reference value :  1.87409e-06
 Reference value :  1.87753e-06
 Reference value :  1.88077e-06
 Reference value :  1.88324e-06
 Reference value :  1.88772e-06
 Reference value :  1.89121e-06
 Reference value :  1.89493e-06
 Reference value :  1.89761e-06
 Reference value :  1.90061e-06
 Reference value :  1.90207e-06
 Reference value :  1.90395e-06
 Reference value :  1.90750e-06
 Reference value :  1.91010e-06
 Reference value :  1.91445e-06
 Reference value :  1.91784e-06
 Reference value :  1.92108e-06
 Reference value :  1.92372e-06
 Reference value :  1.92793e-06
 Reference value :  1.93126e-06
 Reference value :  1.93495e-06
 Reference value :  1.93726e-06
 Reference value :  1.94056e-06
 Reference value :  1.94201e-06
 Reference value :  1.94366e-06
 Reference value :  1.94660e-06
 Reference value :  1.94905e-06
 Reference value :  1.95339e-06
 Reference value :  1.95740e-06
 Reference value :  1.96056e-06
 Reference value :  1.96211e-06
 Reference value :  1.96662e-06
 Reference value :  1.97017e-06
 Reference value :  1.97442e-06
 Reference value :  1.97607e-06
 Reference value :  1.98020e-06
 Reference value :  1.98191e-06
 Reference value :  1.98372e-06
 Reference value :  1.98711e-06
 Reference value :  1.98912e-06
 Reference value :  1.99329e-06
 Reference value :  1.99670e-06
 Reference value :  2.00048e-06
 Reference value :  2.00205e-06
 Reference value :  2.00652e-06
 Reference value :  2.01007e-06
 Reference value :  2.01442e-06
 Reference value :  2.01610e-06
 Reference value :  2.01858e-06
 Reference value :  2.02120e-06
 Reference value :  2.02287e-06
 Reference value :  2.02480e-06
 Reference value :  2.02827e-06
 Reference value :  2.03113e-06
 Reference value :  2.03491e-06
 Reference value :  2.03917e-06
 Reference value :  2.04150e-06
 Reference value :  2.04450e-06
 Reference value :  2.04820e-06
 Reference value :  2.05226e-06
 Reference value :  2.05535e-06
 Reference value :  2.05798e-06
 Reference value :  2.06108e-06
 Reference value :  2.06261e-06
 Reference value :  2.06437e-06
 Reference value :  2.06807e-06
 Reference value :  2.07096e-06
 Reference value :  2.07451e-06
 Reference value :  2.07795e-06
 Reference value :  2.08120e-06
 Reference value :  2.08427e-06
 Reference value :  2.08802e-06
 Reference value :  2.09169e-06
 Reference value :  2.09519e-06
 Reference value :  2.09765e-06
 Reference value :  2.10085e-06
 Reference value :  2.10233e-06
 Reference value :  2.10428e-06
 Reference value :  2.10794e-06
 Reference value :  2.11093e-06
 Reference value :  2.11466e-06
 Reference value :  2.11814e-06
 Reference value :  2.12124e-06
 Reference value :  2.12427e-06
 Reference value :  2.12789e-06
 Reference value :  2.13123e-06
 Reference value :  2.13502e-06
 Reference value :  2.13787e-06
 Reference value :  2.14103e-06
 Reference value :  2.14256e-06
 Reference value :  2.14442e-06
 Reference value :  2.14806e-06
 Reference value :  2.15097e-06
 Reference value :  2.15464e-06
 Reference value :  2.15799e-06
 Reference value :  2.16122e-06
 Reference value :  2.16432e-06
 Reference value :  2.16813e-06
 Reference value :  2.17183e-06
 Reference value :  2.17522e-06
 Reference value :  2.17690e-06
 Reference value :  2.18051e-06
 Reference value :  2.18235e-06
 Reference value :  2.18424e-06
 Reference value :  2.18796e-06
 Reference value :  2.19097e-06
 Reference value :  2.19482e-06
 Reference value :  2.19894e-06
 Reference value :  2.20140e-06
 Reference value :  2.20448e-06
 Reference value :  2.20812e-06
 Reference value :  2.21188e-06
 Reference value :  2.21526e-06
 Reference value :  2.21847e-06
 Reference value :  2.22128e-06
 Reference value :  2.22308e-06
 Reference value :  2.22517e-06
 Reference value :  2.22858e-06
 Reference value :  2.23195e-06
 Reference value :  2.23569e-06
 Reference value :  2.24033e-06
 Reference value :  2.24188e-06
 Reference value :  2.24603e-06
 Reference value :  2.24930e-06
 Reference value :  2.25368e-06
 Reference value :  2.25571e-06
 Reference value :  2.25830e-06
 Reference value :  2.26115e-06
 Reference value :  2.26270e-06
 Reference value :  2.26455e-06
 Reference value :  2.26825e-06
 Reference value :  2.27109e-06
 Reference value :  2.27481e-06
 Reference value :  2.27899e-06
 Reference value :  2.28137e-06
 Reference value :  2.28443e-06
 Reference value :  2.28818e-06
 Reference value :  2.29230e-06
 Reference value :  2.29534e-06
 Reference value :  2.29819e-06
 Reference value :  2.30120e-06
 Reference value :  2.30274e-06
 Reference value :  2.30452e-06
 Reference value :  2.30813e-06
 Reference value :  2.31106e-06
 Reference value :  2.31471e-06
 Reference value :  2.31842e-06
 Reference value :  2.32133e-06
 Reference value :  2.32442e-06
 Reference value :  2.32821e-06
 Reference value :  2.33222e-06
 Reference value :  2.33525e-06
 Reference value :  2.33696e-06
 Reference value :  2.34056e-06
 Reference value :  2.34202e-06
 Reference value :  2.34393e-06
 Reference value :  2.34763e-06
 Reference value :  2.35001e-06
 Reference value :  2.35434e-06
 Reference value :  2.35766e-06
 Reference value :  2.36104e-06
 Reference value :  2.36337e-06
 Reference value :  2.36767e-06
 Reference value :  2.37099e-06
 Reference value :  2.37478e-06
 Reference value :  2.37750e-06
 Reference value :  2.38066e-06
 Reference value :  2.38207e-06
 Reference value :  2.38402e-06
 Reference value :  2.38767e-06
 Reference value :  2.39010e-06
 Reference value :  2.39426e-06
 Reference value :  2.39771e-06
 Reference value :  2.40104e-06
 Reference value :  2.40337e-06
 Reference value :  2.40774e-06
 Reference value :  2.41106e-06
 Reference value :  2.41483e-06
 Reference value :  2.41732e-06
 Reference value :  2.42051e-06
 Reference value :  2.42197e-06
 Reference value :  2.42385e-06
 Reference value :  2.42744e-06
 Reference value :  2.42950e-06
 Reference value :  2.43415e-06
 Reference value :  2.43771e-06
 Reference value :  2.44104e-06
 Reference value :  2.44341e-06
 Reference value :  2.44777e-06
 Reference value :  2.45103e-06
 Reference value :  2.45496e-06
 Reference value :  2.45762e-06
 Reference value :  2.46066e-06
 Reference value :  2.46205e-06
 Reference value :  2.46385e-06
 Reference value :  2.46745e-06
 Reference value :  2.46949e-06
 Reference value :  2.47368e-06
 Reference value :  2.47682e-06
 Reference value :  2.48048e-06
 Reference value :  2.48198e-06
 Reference value :  2.48638e-06
 Reference value :  2.49021e-06
 Reference value :  2.49464e-06
 Reference value :  2.49627e-06
 Reference value :  2.49971e-06
 Reference value :  2.50145e-06
 Reference value :  2.50304e-06
 Reference value :  2.50495e-06
 Reference value :  2.50843e-06
 Reference value :  2.51184e-06
 Reference value :  2.51536e-06
 Reference value :  2.51956e-06
 Reference value :  2.52155e-06
 Reference value :  2.52518e-06
 Reference value :  2.52927e-06
 Reference value :  2.53382e-06
 Reference value :  2.53575e-06
 Reference value :  2.53960e-06
 Reference value :  2.54144e-06
 Reference value :  2.54293e-06
 Reference value :  2.54461e-06
 Reference value :  2.54830e-06
 Reference value :  2.55146e-06
 Reference value :  2.55506e-06
 Reference value :  2.55976e-06
 Reference value :  2.56160e-06
 Reference value :  2.56498e-06
 Reference value :  2.56907e-06
 Reference value :  2.57374e-06
 Reference value :  2.57571e-06
 Reference value :  2.57897e-06
 Reference value :  2.58122e-06
 Reference value :  2.58272e-06
 Reference value :  2.58439e-06
 Reference value :  2.58807e-06
 Reference value :  2.59112e-06
 Reference value :  2.59483e-06
 Reference value :  2.59890e-06
 Reference value :  2.60141e-06
 Reference value :  2.60445e-06
 Reference value :  2.60845e-06
 Reference value :  2.61284e-06
 Reference value :  2.61551e-06
 Reference value :  2.61888e-06
 Reference value :  2.62127e-06
 Reference value :  2.62293e-06
 Reference value :  2.62471e-06
 Reference value :  2.62829e-06
 Reference value :  2.63121e-06
 Reference value :  2.63487e-06
 Reference value :  2.63879e-06
 Reference value :  2.64137e-06
 Reference value :  2.64441e-06
 Reference value :  2.64834e-06
 Reference value :  2.65254e-06
 Reference value :  2.65535e-06
 Reference value :  2.65709e-06
 Reference value :  2.66051e-06
 Reference value :  2.66197e-06
 Reference value :  2.66396e-06
 Reference value :  2.66762e-06
 Reference value :  2.67020e-06
 Reference value :  2.67443e-06
 Reference value :  2.67782e-06
 Reference value :  2.68116e-06
 Reference value :  2.68397e-06
 Reference value :  2.68786e-06
 Reference value :  2.69117e-06
 Reference value :  2.69484e-06
 Reference value :  2.69765e-06
 Reference value :  2.70092e-06
 Reference value :  2.70247e-06
 Reference value :  2.70429e-06
 Reference value :  2.70790e-06
 Reference value :  2.71108e-06
 Reference value :  2.71475e-06
 Reference value :  2.71875e-06
 Reference value :  2.72137e-06
 Reference value :  2.72445e-06
 Reference value :  2.72826e-06
 Reference value :  2.73292e-06
 Reference value :  2.73543e-06
 Reference value :  2.73786e-06
 Reference value :  2.74102e-06
 Reference value :  2.74262e-06
 Reference value :  2.74443e-06
 Reference value :  2.74813e-06
 Reference value :  2.75103e-06
 Reference value :  2.75465e-06
 Reference value :  2.75826e-06
 Reference value :  2.76126e-06
 Reference value :  2.76430e-06
 Reference value :  2.76822e-06
 Reference value :  2.77224e-06
 Reference value :  2.77526e-06
 Reference value :  2.77793e-06
 Reference value :  2.78107e-06
 Reference value :  2.78263e-06
 Reference value :  2.78448e-06
 Reference value :  2.78820e-06
 Reference value :  2.79118e-06
 Reference value :  2.79491e-06
 Reference value :  2.79878e-06
 Reference value :  2.80137e-06
 Reference value :  2.80445e-06
 Reference value :  2.80832e-06
 Reference value :  2.81228e-06
 Reference value :  2.81520e-06
 Reference value :  2.81756e-06
 Reference value :  2.82061e-06
 Reference value :  2.82201e-06
 Reference value :  2.82397e-06
 Reference value :  2.82765e-06
 Reference value :  2.82980e-06
 Reference value :  2.83435e-06
 Reference value :  2.83779e-06
 Reference value :  2.84112e-06
 Reference value :  2.84385e-06
 Reference value :  2.84775e-06
 Reference value :  2.85117e-06
 Reference value :  2.85490e-06
 Reference value :  2.85762e-06
 Reference value :  2.86085e-06
 Reference value :  2.86218e-06
 Reference value :  2.86402e-06
 Reference value :  2.86770e-06
 Reference value :  2.87045e-06
 Reference value :  2.87446e-06
 Reference value :  2.87783e-06
 Reference value :  2.88116e-06
 Reference value :  2.88427e-06
 Reference value :  2.88801e-06
 Reference value :  2.89175e-06
 Reference value :  2.89518e-06
 Reference value :  2.89773e-06
 Reference value :  2.90098e-06
 Reference value :  2.90247e-06
 Reference value :  2.90429e-06
 Reference value :  2.90803e-06
 Reference value :  2.91101e-06
 Reference value :  2.91463e-06
 Reference value :  2.91846e-06
 Reference value :  2.92136e-06
 Reference value :  2.92444e-06
 Reference value :  2.92848e-06
 Reference value :  2.93306e-06
 Reference value :  2.93550e-06
 Reference value :  2.93927e-06
 Reference value :  2.94140e-06
 Reference value :  2.94292e-06
 Reference value :  2.94465e-06
 Reference value :  2.94836e-06
 Reference value :  2.95155e-06
 Reference value :  2.95534e-06
 Reference value :  2.95995e-06
 Reference value :  2.96171e-06
 Reference value :  2.96540e-06
 Reference value :  2.96891e-06
 Reference value :  2.97336e-06
 Reference value :  2.97577e-06
 Reference value :  2.97779e-06
 Reference value :  2.98100e-06
 Reference value :  2.98263e-06
 Reference value :  2.98448e-06
 Reference value :  2.98820e-06
 Reference value :  2.99109e-06
 Reference value :  2.99486e-06
 Reference value :  2.99917e-06
 Reference value :  3.00151e-06
 Reference value :  3.00487e-06
 Reference value :  3.00852e-06
 Reference value :  3.01265e-06
 Reference value :  3.01536e-06
 Reference value :  3.01854e-06
 Reference value :  3.02155e-06
 Reference value :  3.02344e-06
 Reference value :  3.02578e-06
 Reference value :  3.02866e-06
 Reference value :  3.03269e-06
 Reference value :  3.03635e-06
 Reference value :  3.04043e-06
 Reference value :  3.04221e-06
 Reference value :  3.04693e-06
 Reference value :  3.05023e-06
 Reference value :  3.05438e-06
 Reference value :  3.05605e-06
 Reference value :  3.06015e-06
 Reference value :  3.06203e-06
 Reference value :  3.06386e-06
 Reference value :  3.06725e-06
 Reference value :  3.06906e-06
 Reference value :  3.07356e-06
 Reference value :  3.07714e-06
 Reference value :  3.08101e-06
 Reference value :  3.08331e-06
 Reference value :  3.08771e-06
 Reference value :  3.09094e-06
 Reference value :  3.09483e-06
 Reference value :  3.09744e-06
 Reference value :  3.10100e-06
 Reference value :  3.10254e-06
 Reference value :  3.10443e-06
 Reference value :  3.10797e-06
 Reference value :  3.11094e-06
 Reference value :  3.11445e-06
 Reference value :  3.11774e-06
 Reference value :  3.12124e-06
 Reference value :  3.12429e-06
 Reference value :  3.12805e-06
 Reference value :  3.13199e-06
 Reference value :  3.13525e-06
 Reference value :  3.13754e-06
 Reference value :  3.14101e-06
 Reference value :  3.14250e-06
 Reference value :  3.14433e-06
 Reference value :  3.14796e-06
 Reference value :  3.15096e-06
 Reference value :  3.15458e-06
 Reference value :  3.15787e-06
 Reference value :  3.16140e-06
 Reference value :  3.16439e-06
 Reference value :  3.16811e-06
 Reference value :  3.17200e-06
 Reference value :  3.17556e-06
 Reference value :  3.17862e-06
 Reference value :  3.18161e-06
 Reference value :  3.18332e-06
 Reference value :  3.18541e-06
 Reference value :  3.18878e-06
 Reference value :  3.19308e-06
 Reference value :  3.19692e-06
 Reference value :  3.20085e-06
 Reference value :  3.20340e-06
 Reference value :  3.20783e-06
 Reference value :  3.21114e-06
 Reference value :  3.21487e-06
 Reference value :  3.21681e-06
 Reference value :  3.22075e-06
 Reference value :  3.22229e-06
 Reference value :  3.22414e-06
 Reference value :  3.22779e-06
 Reference value :  3.23054e-06
 Reference value :  3.23445e-06
 Reference value :  3.23785e-06
 Reference value :  3.24138e-06
 Reference value :  3.24438e-06
 Reference value :  3.24823e-06
 Reference value :  3.25196e-06
 Reference value :  3.25519e-06
 Reference value :  3.25795e-06
 Reference value :  3.26144e-06
 Reference value :  3.26316e-06
 Reference value :  3.26507e-06
 Reference value :  3.26847e-06
 Reference value :  3.27149e-06
 Reference value :  3.27526e-06
 Reference value :  3.27982e-06
 Reference value :  3.28191e-06
 Reference value :  3.28596e-06
 Reference value :  3.28915e-06
 Reference value :  3.29379e-06
 Reference value :  3.29573e-06
 Reference value :  3.29785e-06
 Reference value :  3.30123e-06
 Reference value :  3.30285e-06
 Reference value :  3.30460e-06
 Reference value :  3.30823e-06
 Reference value :  3.31126e-06
 Reference value :  3.31506e-06
 Reference value :  3.31937e-06
 Reference value :  3.32190e-06
 Reference value :  3.32571e-06
 Reference value :  3.32958e-06
 Reference value :  3.33392e-06
 Reference value :  3.33578e-06
 Reference value :  3.33964e-06
 Reference value :  3.34204e-06
 Reference value :  3.34393e-06
 Reference value :  3.34713e-06
 Reference value :  3.34922e-06
 Reference value :  3.35379e-06
 Reference value :  3.35769e-06
 Reference value :  3.36126e-06
 Reference value :  3.36404e-06
 Reference value :  3.36804e-06
 Reference value :  3.37138e-06
 Reference value :  3.37511e-06
 Reference value :  3.37707e-06
 Reference value :  3.38065e-06
 Reference value :  3.38239e-06
 Reference value :  3.38430e-06
 Reference value :  3.38798e-06
 Reference value :  3.39107e-06
 Reference value :  3.39483e-06
 Reference value :  3.39814e-06
 Reference value :  3.40158e-06
 Reference value :  3.40471e-06
 Reference value :  3.40851e-06
 Reference value :  3.41275e-06
 Reference value :  3.41550e-06
 Reference value :  3.41839e-06
 Reference value :  3.42172e-06
 Reference value :  3.42349e-06
 Reference value :  3.42522e-06
 Reference value :  3.42861e-06
 Reference value :  3.43170e-06
 Reference value :  3.43546e-06
 Reference value :  3.44003e-06
 Reference value :  3.44224e-06
 Reference value :  3.44681e-06
 Reference value :  3.45057e-06
 Reference value :  3.45470e-06
 Reference value :  3.45640e-06
 Reference value :  3.45957e-06
 Reference value :  3.46191e-06
 Reference value :  3.46375e-06
 Reference value :  3.46641e-06
 Reference value :  3.46896e-06
 Reference value :  3.47319e-06
 Reference value :  3.47701e-06
 Reference value :  3.48065e-06
 Reference value :  3.48273e-06
 Reference value :  3.48734e-06
 Reference value :  3.49100e-06
 Reference value :  3.49481e-06
 Reference value :  3.49675e-06
 Reference value :  3.50023e-06
 Reference value :  3.50238e-06
 Reference value :  3.50430e-06
 Reference value :  3.50794e-06
 Reference value :  3.51054e-06
 Reference value :  3.51464e-06
 Reference value :  3.51809e-06
 Reference value :  3.52150e-06
 Reference value :  3.52453e-06
 Reference value :  3.52835e-06
 Reference value :  3.53179e-06
 Reference value :  3.53539e-06
 Reference value :  3.53774e-06
 Reference value :  3.54114e-06
 Reference value :  3.54262e-06
 Reference value :  3.54449e-06
 Reference value :  3.54806e-06
 Reference value :  3.55110e-06
 Reference value :  3.55480e-06
 Reference value :  3.55811e-06
 Reference value :  3.56144e-06
 Reference value :  3.56448e-06
 Reference value :  3.56828e-06
 Reference value :  3.57174e-06
 Reference value :  3.57543e-06
 Reference value :  3.57821e-06
 Reference value :  3.58158e-06
 Reference value :  3.58327e-06
 Reference value :  3.58566e-06
 Reference value :  3.58887e-06
 Reference value :  3.59226e-06
 Reference value :  3.59599e-06
 Reference value :  3.60040e-06
 Reference value :  3.60235e-06
 Reference value :  3.60684e-06
 Reference value :  3.61054e-06
 Reference value :  3.61473e-06
 Reference value :  3.61648e-06
 Reference value :  3.61846e-06
 Reference value :  3.62181e-06
 Reference value :  3.62342e-06
 Reference value :  3.62609e-06
 Reference value :  3.62903e-06
 Reference value :  3.63308e-06
 Reference value :  3.63620e-06
 Reference value :  3.64035e-06
 Reference value :  3.64237e-06
 Reference value :  3.64686e-06
 Reference value :  3.65038e-06
 Reference value :  3.65471e-06
 Reference value :  3.65654e-06
 Reference value :  3.66065e-06
 Reference value :  3.66255e-06
 Reference value :  3.66446e-06
 Reference value :  3.66802e-06
 Reference value :  3.67036e-06
 Reference value :  3.67439e-06
 Reference value :  3.67794e-06
 Reference value :  3.68136e-06
 Reference value :  3.68366e-06
 Reference value :  3.68806e-06
 Reference value :  3.69150e-06
 Reference value :  3.69519e-06
 Reference value :  3.69721e-06
 Reference value :  3.70101e-06
 Reference value :  3.70262e-06
 Reference value :  3.70453e-06
 Reference value :  3.70813e-06
 Reference value :  3.71088e-06
 Reference value :  3.71478e-06
 Reference value :  3.71816e-06
 Reference value :  3.72153e-06
 Reference value :  3.72437e-06
 Reference value :  3.72820e-06
 Reference value :  3.73151e-06
 Reference value :  3.73538e-06
 Reference value :  3.73820e-06
 Reference value :  3.74148e-06
 Reference value :  3.74311e-06
 Reference value :  3.74503e-06
 Reference value :  3.74863e-06
 Reference value :  3.75164e-06
 Reference value :  3.75535e-06
 Reference value :  3.75964e-06
 Reference value :  3.76205e-06
 Reference value :  3.76542e-06
 Reference value :  3.76928e-06
 Reference value :  3.77394e-06
 Reference value :  3.77604e-06
 Reference value :  3.77833e-06
 Reference value :  3.78146e-06
 Reference value :  3.78309e-06
 Reference value :  3.78500e-06
 Reference value :  3.78856e-06
 Reference value :  3.79155e-06
 Reference value :  3.79526e-06
 Reference value :  3.79911e-06
 Reference value :  3.80189e-06
 Reference value :  3.80507e-06
 Reference value :  3.80875e-06
 Reference value :  3.81325e-06
 Reference value :  3.81591e-06
 Reference value :  3.81906e-06
 Reference value :  3.82179e-06
 Reference value :  3.82347e-06
 Reference value :  3.82573e-06
 Reference value :  3.82905e-06
 Reference value :  3.83259e-06
 Reference value :  3.83612e-06
 Reference value :  3.84023e-06
 Reference value :  3.84224e-06
 Reference value :  3.84563e-06
 Reference value :  3.84914e-06
 Reference value :  3.85380e-06
 Reference value :  3.85609e-06
 Reference value :  3.85903e-06
 Reference value :  3.86184e-06
 Reference value :  3.86344e-06
 Reference value :  3.86531e-06
 Reference value :  3.86893e-06
 Reference value :  3.87201e-06
 Reference value :  3.87546e-06
 Reference value :  3.88005e-06
 Reference value :  3.88223e-06
 Reference value :  3.88579e-06
 Reference value :  3.88922e-06
 Reference value :  3.89376e-06
 Reference value :  3.89621e-06
 Reference value :  3.90001e-06
 Reference value :  3.90214e-06
 Reference value :  3.90394e-06
 Reference value :  3.90654e-06
 Reference value :  3.90920e-06
 Reference value :  3.91300e-06
 Reference value :  3.91703e-06
 Reference value :  3.92115e-06
 Reference value :  3.92288e-06
 Reference value :  3.92739e-06
 Reference value :  3.93106e-06
 Reference value :  3.93504e-06
 Reference value :  3.93655e-06
 Reference value :  3.93861e-06
 Reference value :  3.94178e-06
 Reference value :  3.94337e-06
 Reference value :  3.94518e-06
 Reference value :  3.94881e-06
 Reference value :  3.95174e-06
 Reference value :  3.95537e-06
 Reference value :  3.95912e-06
 Reference value :  3.96201e-06
 Reference value :  3.96528e-06
 Reference value :  3.96906e-06
 Reference value :  3.97339e-06
 Reference value :  3.97612e-06
 Reference value :  3.97988e-06
 Reference value :  3.98212e-06
 Reference value :  3.98391e-06
 Reference value :  3.98638e-06
 Reference value :  3.98916e-06
 Reference value :  3.99309e-06
 Reference value :  3.99702e-06
 Reference value :  4.00115e-06
 Reference value :  4.00303e-06
 Reference value :  4.00787e-06
 Reference value :  4.01124e-06
 Reference value :  4.01503e-06
 Reference value :  4.01666e-06
 Reference value :  4.02021e-06
 Reference value :  4.02227e-06
 Reference value :  4.02427e-06
 Reference value :  4.02719e-06
 Reference value :  4.02955e-06
 Reference value :  4.03393e-06
 Reference value :  4.03790e-06
 Reference value :  4.04133e-06
 Reference value :  4.04363e-06
 Reference value :  4.04822e-06
 Reference value :  4.05161e-06
 Reference value :  4.05535e-06
 Reference value :  4.05808e-06
 Reference value :  4.06135e-06
 Reference value :  4.06300e-06
 Reference value :  4.06478e-06
 Reference value :  4.06841e-06
 Reference value :  4.07152e-06
 Reference value :  4.07523e-06
 Reference value :  4.07879e-06
 Reference value :  4.08184e-06
 Reference value :  4.08480e-06
 Reference value :  4.08858e-06
 Reference value :  4.09232e-06
 Reference value :  4.09585e-06
 Reference value :  4.09779e-06
 Reference value :  4.10123e-06
 Reference value :  4.10280e-06
 Reference value :  4.10457e-06
 Reference value :  4.10810e-06
 Reference value :  4.11077e-06
 Reference value :  4.11505e-06
 Reference value :  4.11830e-06
 Reference value :  4.12158e-06
 Reference value :  4.12455e-06
 Reference value :  4.12841e-06
 Reference value :  4.13200e-06
 Reference value :  4.13561e-06
 Reference value :  4.13836e-06
 Reference value :  4.14159e-06
 Reference value :  4.14329e-06
 Reference value :  4.14506e-06
 Reference value :  4.14854e-06
 Reference value :  4.15157e-06
 Reference value :  4.15514e-06
 Reference value :  4.15854e-06
 Reference value :  4.16172e-06
 Reference value :  4.16484e-06
 Reference value :  4.16862e-06
 Reference value :  4.17247e-06
 Reference value :  4.17578e-06
 Reference value :  4.17827e-06
 Reference value :  4.18156e-06
 Reference value :  4.18309e-06
 Reference value :  4.18497e-06
 Reference value :  4.18869e-06
 Reference value :  4.19172e-06
 Reference value :  4.19547e-06
 Reference value :  4.19932e-06
 Reference value :  4.20204e-06
 Reference value :  4.20519e-06
 Reference value :  4.20889e-06
 Reference value :  4.21349e-06
 Reference value :  4.21614e-06
 Reference value :  4.21950e-06
 Reference value :  4.22206e-06
 Reference value :  4.22375e-06
 Reference value :  4.22567e-06
 Reference value :  4.22913e-06
 Reference value :  4.23225e-06
 Reference value :  4.23608e-06
 Reference value :  4.24035e-06
 Reference value :  4.24236e-06
 Reference value :  4.24591e-06
 Reference value :  4.24943e-06
 Reference value :  4.25384e-06
 Reference value :  4.25623e-06
 Reference value :  4.25839e-06
 Reference value :  4.26161e-06
 Reference value :  4.26326e-06
 Reference value :  4.26516e-06
 Reference value :  4.26876e-06
 Reference value :  4.27185e-06
 Reference value :  4.27555e-06
 Reference value :  4.27931e-06
 Reference value :  4.28211e-06
 Reference value :  4.28525e-06
 Reference value :  4.28891e-06
 Reference value :  4.29376e-06
 Reference value :  4.29625e-06
 Reference value :  4.30001e-06
 Reference value :  4.30221e-06
 Reference value :  4.30407e-06
 Reference value :  4.30665e-06
 Reference value :  4.30927e-06
 Reference value :  4.31265e-06
 Reference value :  4.31639e-06
 Reference value :  4.32041e-06
 Reference value :  4.32255e-06
 Reference value :  4.32684e-06
 Reference value :  4.33065e-06
 Reference value :  4.33508e-06
 Reference value :  4.33666e-06
 Reference value :  4.34023e-06
 Reference value :  4.34240e-06
 Reference value :  4.34436e-06
 Reference value :  4.34761e-06
 Reference value :  4.34952e-06
 Reference value :  4.35386e-06
 Reference value :  4.35721e-06
 Reference value :  4.36121e-06
 Reference value :  4.36301e-06
 Reference value :  4.36791e-06
 Reference value :  4.37116e-06
 Reference value :  4.37506e-06
 Reference value :  4.37730e-06
 Reference value :  4.38107e-06
 Reference value :  4.38272e-06
 Reference value :  4.38469e-06
 Reference value :  4.38819e-06
 Reference value :  4.39051e-06
 Reference value :  4.39498e-06
 Reference value :  4.39850e-06
 Reference value :  4.40170e-06
 Reference value :  4.40491e-06
 Reference value :  4.40874e-06
 Reference value :  4.41226e-06
 Reference value :  4.41586e-06
 Reference value :  4.41758e-06
 Reference value :  4.42121e-06
 Reference value :  4.42278e-06
 Reference value :  4.42466e-06
 Reference value :  4.42818e-06
 Reference value :  4.43064e-06
 Reference value :  4.43491e-06
 Reference value :  4.43853e-06
 Reference value :  4.44172e-06
 Reference value :  4.44492e-06
 Reference value :  4.44870e-06
 Reference value :  4.45211e-06
 Reference value :  4.45590e-06
 Reference value :  4.45850e-06
 Reference value :  4.46168e-06
 Reference value :  4.46320e-06
 Reference value :  4.46507e-06
 Reference value :  4.46871e-06
 Reference value :  4.47164e-06
 Reference value :  4.47528e-06
 Reference value :  4.47857e-06
 Reference value :  4.48176e-06
 Reference value :  4.48492e-06
 Reference value :  4.48865e-06
 Reference value :  4.49268e-06
 Reference value :  4.49596e-06
 Reference value :  4.49845e-06
 Reference value :  4.50165e-06
 Reference value :  4.50335e-06
 Reference value :  4.50517e-06
 Reference value :  4.50874e-06
 Reference value :  4.51166e-06
 Reference value :  4.51522e-06
 Reference value :  4.51879e-06
 Reference value :  4.52201e-06
 Reference value :  4.52516e-06
 Reference value :  4.52891e-06
 Reference value :  4.53337e-06
 Reference value :  4.53600e-06
 Reference value :  4.53900e-06
 Reference value :  4.54181e-06
 Reference value :  4.54357e-06
 Reference value :  4.54545e-06
 Reference value :  4.54896e-06
 Reference value :  4.55197e-06
 Reference value :  4.55574e-06
 Reference value :  4.56001e-06
 Reference value :  4.56230e-06
 Reference value :  4.56577e-06
 Reference value :  4.56950e-06
 Reference value :  4.57437e-06
 Reference value :  4.57649e-06
 Reference value :  4.57854e-06
 Reference value :  4.58175e-06
 Reference value :  4.58348e-06
 Reference value :  4.58531e-06
 Reference value :  4.58893e-06
 Reference value :  4.59194e-06
 Reference value :  4.59569e-06
 Reference value :  4.59995e-06
 Reference value :  4.60223e-06
 Reference value :  4.60555e-06
 Reference value :  4.60930e-06
 Reference value :  4.61398e-06
 Reference value :  4.61621e-06
 Reference value :  4.61990e-06
 Reference value :  4.62213e-06
 Reference value :  4.62388e-06
 Reference value :  4.62584e-06
 Reference value :  4.62910e-06
 Reference value :  4.63233e-06
 Reference value :  4.63613e-06
 Reference value :  4.64020e-06
 Reference value :  4.64241e-06
 Reference value :  4.64626e-06
 Reference value :  4.64989e-06
 Reference value :  4.65477e-06
 Reference value :  4.65643e-06
 Reference value :  4.65984e-06
 Reference value :  4.66213e-06
 Reference value :  4.66388e-06
 Reference value :  4.66605e-06
 Reference value :  4.66916e-06
 Reference value :  4.67229e-06
 Reference value :  4.67602e-06
 Reference value :  4.68021e-06
 Reference value :  4.68246e-06
 Reference value :  4.68657e-06
 Reference value :  4.69031e-06
 Reference value :  4.69496e-06
 Reference value :  4.69664e-06
 Reference value :  4.70045e-06
 Reference value :  4.70245e-06
 Reference value :  4.70440e-06
 Reference value :  4.70738e-06
 Reference value :  4.70976e-06
 Reference value :  4.71402e-06
 Reference value :  4.71674e-06
 Reference value :  4.72041e-06
 Reference value :  4.72256e-06
 Reference value :  4.72687e-06
 Reference value :  4.73028e-06
 Reference value :  4.73483e-06
 Reference value :  4.73655e-06
 Reference value :  4.73880e-06
 Reference value :  4.74177e-06
 Reference value :  4.74350e-06
 Reference value :  4.74532e-06
 Reference value :  4.74896e-06
 Reference value :  4.75193e-06
 Reference value :  4.75561e-06
 Reference value :  4.76001e-06
 Reference value :  4.76223e-06
 Reference value :  4.76560e-06
 Reference value :  4.76917e-06
 Reference value :  4.77383e-06
 Reference value :  4.77621e-06
 Reference value :  4.77994e-06
 Reference value :  4.78224e-06
 Reference value :  4.78407e-06
 Reference value :  4.78645e-06
 Reference value :  4.78929e-06
 Reference value :  4.79316e-06
 Reference value :  4.79736e-06
 Reference value :  4.80133e-06
 Reference value :  4.80308e-06
 Reference value :  4.80795e-06
 Reference value :  4.81153e-06
 Reference value :  4.81511e-06
 Reference value :  4.81671e-06
 Reference value :  4.82019e-06
 Reference value :  4.82220e-06
 Reference value :  4.82398e-06
 Reference value :  4.82637e-06
 Reference value :  4.82928e-06
 Reference value :  4.83271e-06
 Reference value :  4.83626e-06
 Reference value :  4.84020e-06
 Reference value :  4.84227e-06
 Reference value :  4.84571e-06
 Reference value :  4.84941e-06
 Reference value :  4.85438e-06
 Reference value :  4.85657e-06
 Reference value :  4.86023e-06
 Reference value :  4.86229e-06
 Reference value :  4.86414e-06
 Reference value :  4.86677e-06
 Reference value :  4.86938e-06
 Reference value :  4.87331e-06
 Reference value :  4.87715e-06
 Reference value :  4.88105e-06
 Reference value :  4.88266e-06
 Reference value :  4.88722e-06
 Reference value :  4.89081e-06
 Reference value :  4.89510e-06
 Reference value :  4.89687e-06
 Reference value :  4.89936e-06
 Reference value :  4.90197e-06
 Reference value :  4.90355e-06
 Reference value :  4.90545e-06
 Reference value :  4.90906e-06
 Reference value :  4.91219e-06
 Reference value :  4.91585e-06
 Reference value :  4.92010e-06
 Reference value :  4.92222e-06
 Reference value :  4.92553e-06
 Reference value :  4.92942e-06
 Reference value :  4.93376e-06
 Reference value :  4.93639e-06
 Reference value :  4.94020e-06
 Reference value :  4.94224e-06
 Reference value :  4.94398e-06
 Reference value :  4.94617e-06
 Reference value :  4.94918e-06
 Reference value :  4.95262e-06
 Reference value :  4.95647e-06
 Reference value :  4.96040e-06
 Reference value :  4.96247e-06
 Reference value :  4.96644e-06
 Reference value :  4.96992e-06
 Reference value :  4.97436e-06
 Reference value :  4.97658e-06
 Reference value :  4.97968e-06
 Reference value :  4.98201e-06
 Reference value :  4.98366e-06
 Reference value :  4.98543e-06
 Reference value :  4.98900e-06
 Reference value :  4.99187e-06
 Reference value :  4.99554e-06
 Reference value :  4.99965e-06
 Reference value :  5.00213e-06
 Reference value :  5.00536e-06
 Reference value :  5.00919e-06
 Reference value :  5.01339e-06
 Reference value :  5.01613e-06
 Reference value :  5.01893e-06
 Reference value :  5.02181e-06
 Reference value :  5.02361e-06
 Reference value :  5.02534e-06
 Reference value :  5.02910e-06
 Reference value :  5.03209e-06
 Reference value :  5.03567e-06
 Reference value :  5.04014e-06
 Reference value :  5.04239e-06
 Reference value :  5.04615e-06
 Reference value :  5.04993e-06
 Reference value :  5.05417e-06
 Reference value :  5.05636e-06
 Reference value :  5.05846e-06
 Reference value :  5.06161e-06
 Reference value :  5.06304e-06
 Reference value :  5.06501e-06
 Reference value :  5.06857e-06
 Reference value :  5.07165e-06
 Reference value :  5.07532e-06
 Reference value :  5.07867e-06
 Reference value :  5.08185e-06
 Reference value :  5.08503e-06
 Reference value :  5.08880e-06
 Reference value :  5.09271e-06
 Reference value :  5.09595e-06
 Reference value :  5.09880e-06
 Reference value :  5.10178e-06
 Reference value :  5.10335e-06
 Reference value :  5.10521e-06
 Reference value :  5.10884e-06
 Reference value :  5.11172e-06
 Reference value :  5.11550e-06
 Reference value :  5.11973e-06
 Reference value :  5.12224e-06
 Reference value :  5.12576e-06
 Reference value :  5.12974e-06
 Reference value :  5.13397e-06
 Reference value :  5.13631e-06
 Reference value :  5.13923e-06
 Reference value :  5.14189e-06
 Reference value :  5.14351e-06
 Reference value :  5.14534e-06
 Reference value :  5.14902e-06
 Reference value :  5.15194e-06
 Reference value :  5.15556e-06
 Reference value :  5.15952e-06
 Reference value :  5.16220e-06
 Reference value :  5.16539e-06
 Reference value :  5.16899e-06
 Reference value :  5.17340e-06
 Reference value :  5.17620e-06
 Reference value :  5.17930e-06
 Reference value :  5.18189e-06
 Reference value :  5.18351e-06
 Reference value :  5.18534e-06
 Reference value :  5.18902e-06
 Reference value :  5.19206e-06
 Reference value :  5.19609e-06
 Reference value :  5.20041e-06
 Reference value :  5.20255e-06
 Reference value :  5.20669e-06
 Reference value :  5.20980e-06
 Reference value :  5.21458e-06
 Reference value :  5.21646e-06
 Reference value :  5.21845e-06
 Reference value :  5.22166e-06
 Reference value :  5.22325e-06
 Reference value :  5.22514e-06
 Reference value :  5.22880e-06
 Reference value :  5.23180e-06
 Reference value :  5.23564e-06
 Reference value :  5.23990e-06
 Reference value :  5.24220e-06
 Reference value :  5.24549e-06
 Reference value :  5.24913e-06
 Reference value :  5.25404e-06
 Reference value :  5.25634e-06
 Reference value :  5.26015e-06
 Reference value :  5.26222e-06
 Reference value :  5.26399e-06
 Reference value :  5.26626e-06
 Reference value :  5.26929e-06
 Reference value :  5.27309e-06
 Reference value :  5.27667e-06
 Reference value :  5.28055e-06
 Reference value :  5.28259e-06
 Reference value :  5.28689e-06
 Reference value :  5.29019e-06
 Reference value :  5.29467e-06
 Reference value :  5.29637e-06
 Reference value :  5.29901e-06
 Reference value :  5.30185e-06
 Reference value :  5.30351e-06
 Reference value :  5.30534e-06
 Reference value :  5.30903e-06
 Reference value :  5.31203e-06
 Reference value :  5.31606e-06
 Reference value :  5.32027e-06
 Reference value :  5.32249e-06
 Reference value :  5.32659e-06
 Reference value :  5.32990e-06
 Reference value :  5.33428e-06
 Reference value :  5.33664e-06
 Reference value :  5.34045e-06
 Reference value :  5.34231e-06
 Reference value :  5.34416e-06
 Reference value :  5.34687e-06
 Reference value :  5.34951e-06
 Reference value :  5.35346e-06
 Reference value :  5.35727e-06
 Reference value :  5.36105e-06
 Reference value :  5.36264e-06
 Reference value :  5.36720e-06
 Reference value :  5.37083e-06
 Reference value :  5.37511e-06
 Reference value :  5.37678e-06
 Reference value :  5.37975e-06
 Reference value :  5.38212e-06
 Reference value :  5.38374e-06
 Reference value :  5.38588e-06
 Reference value :  5.38917e-06
 Reference value :  5.39255e-06
 Reference value :  5.39628e-06
 Reference value :  5.40035e-06
 Reference value :  5.40251e-06
 Reference value :  5.40660e-06
 Reference value :  5.41023e-06
 Reference value :  5.41499e-06
 Reference value :  5.41653e-06
 Reference value :  5.42055e-06
 Reference value :  5.42250e-06
 Reference value :  5.42438e-06
 Reference value :  5.42706e-06
 Reference value :  5.42950e-06
 Reference value :  5.43375e-06
 Reference value :  5.43748e-06
 Reference value :  5.44120e-06
 Reference value :  5.44269e-06
 Reference value :  5.44730e-06
 Reference value :  5.45093e-06
 Reference value :  5.45512e-06
 Reference value :  5.45682e-06
 Reference value :  5.46035e-06
 Reference value :  5.46244e-06
 Reference value :  5.46430e-06
 Reference value :  5.46706e-06
 Reference value :  5.46946e-06
 Reference value :  5.47366e-06
 Reference value :  5.47707e-06
 Reference value :  5.48105e-06
 Reference value :  5.48264e-06
 Reference value :  5.48720e-06
 Reference value :  5.49083e-06
 Reference value :  5.49512e-06
 Reference value :  5.49734e-06
 Reference value :  5.50103e-06
 Reference value :  5.50268e-06
 Reference value :  5.50458e-06
 Reference value :  5.50786e-06
 Reference value :  5.51008e-06
 Reference value :  5.51445e-06
 Reference value :  5.51818e-06
 Reference value :  5.52141e-06
 Reference value :  5.52319e-06
 Reference value :  5.52810e-06
 Reference value :  5.53163e-06
 Reference value :  5.53546e-06
 Reference value :  5.53713e-06
 Reference value :  5.54007e-06
 Reference value :  5.54225e-06
 Reference value :  5.54400e-06
 Reference value :  5.54606e-06
 Reference value :  5.54918e-06
 Reference value :  5.55203e-06
 Reference value :  5.55577e-06
 Reference value :  5.56020e-06
 Reference value :  5.56230e-06
 Reference value :  5.56580e-06
 Reference value :  5.56943e-06
 Reference value :  5.57441e-06
 Reference value :  5.57640e-06
 Reference value :  5.58023e-06
 Reference value :  5.58239e-06
 Reference value :  5.58423e-06
 Reference value :  5.58676e-06
 Reference value :  5.58932e-06
 Reference value :  5.59308e-06
 Reference value :  5.59671e-06
 Reference value :  5.60115e-06
 Reference value :  5.60269e-06
 Reference value :  5.60730e-06
 Reference value :  5.61093e-06
 Reference value :  5.61512e-06
 Reference value :  5.61677e-06
 Reference value :  5.62023e-06
 Reference value :  5.62227e-06
 Reference value :  5.62409e-06
 Reference value :  5.62639e-06
 Reference value :  5.62929e-06
 Reference value :  5.63237e-06
 Reference value :  5.63639e-06
 Reference value :  5.64065e-06
 Reference value :  5.64260e-06
 Reference value :  5.64690e-06
 Reference value :  5.65053e-06
 Reference value :  5.65506e-06
 Reference value :  5.65684e-06
 Reference value :  5.66075e-06
 Reference value :  5.66254e-06
 Reference value :  5.66445e-06
 Reference value :  5.66757e-06
 Reference value :  5.66969e-06
 Reference value :  5.67394e-06
 Reference value :  5.67778e-06
 Reference value :  5.68127e-06
 Reference value :  5.68279e-06
 Reference value :  5.68770e-06
 Reference value :  5.69123e-06
 Reference value :  5.69527e-06
 Reference value :  5.69695e-06
 Reference value :  5.70000e-06
 Reference value :  5.70221e-06
 Reference value :  5.70401e-06
 Reference value :  5.70648e-06
 Reference value :  5.70941e-06
 Reference value :  5.71348e-06
 Reference value :  5.71719e-06
 Reference value :  5.72127e-06
 Reference value :  5.72310e-06
 Reference value :  5.72789e-06
 Reference value :  5.73126e-06
 Reference value :  5.73503e-06
 Reference value :  5.73657e-06
 Reference value :  5.74023e-06
 Reference value :  5.74227e-06
 Reference value :  5.74400e-06
 Reference value :  5.74625e-06
 Reference value :  5.74929e-06
 Reference value :  5.75289e-06
 Reference value :  5.75637e-06
 Reference value :  5.76041e-06
 Reference value :  5.76250e-06
 Reference value :  5.76650e-06
 Reference value :  5.77013e-06
 Reference value :  5.77491e-06
 Reference value :  5.77662e-06
 Reference value :  5.78003e-06
 Reference value :  5.78214e-06
 Reference value :  5.78379e-06
 Reference value :  5.78585e-06
 Reference value :  5.78925e-06
 Reference value :  5.79334e-06
 Reference value :  5.79742e-06
 Reference value :  5.80140e-06
 Reference value :  5.80329e-06
 Reference value :  5.80819e-06
 Reference value :  5.81124e-06
 Reference value :  5.81503e-06
 Reference value :  5.81673e-06
 Reference value :  5.82085e-06
 Reference value :  5.82244e-06
 Reference value :  5.82437e-06
 Reference value :  5.82724e-06
 Reference value :  5.82968e-06
 Reference value :  5.83423e-06
 Reference value :  5.83826e-06
 Reference value :  5.84148e-06
 Reference value :  5.84389e-06
 Reference value :  5.84836e-06
 Reference value :  5.85187e-06
 Reference value :  5.85586e-06
 Reference value :  5.85752e-06
 Reference value :  5.86101e-06
 Reference value :  5.86253e-06
 Reference value :  5.86443e-06
 Reference value :  5.86754e-06
 Reference value :  5.86999e-06
 Reference value :  5.87433e-06
 Reference value :  5.87827e-06
 Reference value :  5.88148e-06
 Reference value :  5.88388e-06
 Reference value :  5.88836e-06
 Reference value :  5.89165e-06
 Reference value :  5.89537e-06
 Reference value :  5.89783e-06
 Reference value :  5.90115e-06
 Reference value :  5.90262e-06
 Reference value :  5.90456e-06
 Reference value :  5.90794e-06
 Reference value :  5.91037e-06
 Reference value :  5.91481e-06
 Reference value :  5.91795e-06
 Reference value :  5.92140e-06
 Reference value :  5.92328e-06
 Reference value :  5.92809e-06
 Reference value :  5.93145e-06
 Reference value :  5.93521e-06
 Reference value :  5.93693e-06
 Reference value :  5.94065e-06
 Reference value :  5.94239e-06
 Reference value :  5.94429e-06
 Reference value :  5.94695e-06
 Reference value :  5.94949e-06
 Reference value :  5.95353e-06
 Reference value :  5.95746e-06
 Reference value :  5.96123e-06
 Reference value :  5.96288e-06
 Reference value :  5.96766e-06
 Reference value :  5.97092e-06
 Reference value :  5.97508e-06
 Reference value :  5.97684e-06
 Reference value :  5.98065e-06
 Reference value :  5.98248e-06
 Reference value :  5.98432e-06
 Reference value :  5.98714e-06
 Reference value :  5.98987e-06
 Reference value :  5.99431e-06
 Reference value :  5.99777e-06
 Reference value :  6.00133e-06
 Reference value :  6.00318e-06
 Reference value :  6.00805e-06
 Reference value :  6.01152e-06
 Reference value :  6.01543e-06
 Reference value :  6.01703e-06
 Reference value :  6.02023e-06
 Reference value :  6.02233e-06
 Reference value :  6.02414e-06
 Reference value :  6.02677e-06
 Reference value :  6.02941e-06
 Reference value :  6.03356e-06
 Reference value :  6.03705e-06
 Reference value :  6.04085e-06
 Reference value :  6.04263e-06
 Reference value :  6.04715e-06
 Reference value :  6.05071e-06
 Reference value :  6.05507e-06
 Reference value :  6.05700e-06
 Reference value :  6.06103e-06
 Reference value :  6.06256e-06
 Reference value :  6.06443e-06
 Reference value :  6.06755e-06
 Reference value :  6.06967e-06
 Reference value :  6.07422e-06
 Reference value :  6.07806e-06
 Reference value :  6.08140e-06
 Reference value :  6.08328e-06
 Reference value :  6.08814e-06
 Reference value :  6.09159e-06
 Reference value :  6.09522e-06
 Reference value :  6.09689e-06
 Reference value :  6.10065e-06
 Reference value :  6.10252e-06
 Reference value :  6.10442e-06
 Reference value :  6.10754e-06
 Reference value :  6.10958e-06
 Reference value :  6.11404e-06
 Reference value :  6.11791e-06
 Reference value :  6.12140e-06
 Reference value :  6.12317e-06
 Reference value :  6.12801e-06
 Reference value :  6.13162e-06
 Reference value :  6.13545e-06
 Reference value :  6.13824e-06
 Reference value :  6.14135e-06
 Reference value :  6.14282e-06
 Reference value :  6.14473e-06
 Reference value :  6.14834e-06
 Reference value :  6.15067e-06
 Reference value :  6.15498e-06
 Reference value :  6.15830e-06
 Reference value :  6.16156e-06
 Reference value :  6.16387e-06
 Reference value :  6.16830e-06
 Reference value :  6.17180e-06
 Reference value :  6.17556e-06
 Reference value :  6.17728e-06
 Reference value :  6.18027e-06
 Reference value :  6.18241e-06
 Reference value :  6.18428e-06
 Reference value :  6.18705e-06
 Reference value :  6.18942e-06
 Reference value :  6.19322e-06
 Reference value :  6.19655e-06
 Reference value :  6.20055e-06
 Reference value :  6.20257e-06
 Reference value :  6.20680e-06
 Reference value :  6.21022e-06
 Reference value :  6.21496e-06
 Reference value :  6.21646e-06
 Reference value :  6.22055e-06
 Reference value :  6.22250e-06
 Reference value :  6.22441e-06
 Reference value :  6.22744e-06
 Reference value :  6.23007e-06
 Reference value :  6.23402e-06
 Reference value :  6.23765e-06
 Reference value :  6.24127e-06
 Reference value :  6.24316e-06
 Reference value :  6.24805e-06
 Reference value :  6.25131e-06
 Reference value :  6.25518e-06
 Reference value :  6.25693e-06
 Reference value :  6.26085e-06
 Reference value :  6.26255e-06
 Reference value :  6.26441e-06
 Reference value :  6.26764e-06
 Reference value :  6.26988e-06
 Reference value :  6.27472e-06
 Reference value :  6.27814e-06
 Reference value :  6.28148e-06
 Reference value :  6.28416e-06
 Reference value :  6.28843e-06
 Reference value :  6.29173e-06
 Reference value :  6.29570e-06
 Reference value :  6.29844e-06
 Reference value :  6.30161e-06
 Reference value :  6.30323e-06
 Reference value :  6.30504e-06
 Reference value :  6.30874e-06
 Reference value :  6.31174e-06
 Reference value :  6.31557e-06
 Reference value :  6.31929e-06
 Reference value :  6.32213e-06
 Reference value :  6.32537e-06
 Reference value :  6.32902e-06
 Reference value :  6.33323e-06
 Reference value :  6.33609e-06
 Reference value :  6.33821e-06
 Reference value :  6.34135e-06
 Reference value :  6.34302e-06
 Reference value :  6.34492e-06
 Reference value :  6.34847e-06
 Reference value :  6.35136e-06
 Reference value :  6.35512e-06
 Reference value :  6.35848e-06
 Reference value :  6.36179e-06
 Reference value :  6.36500e-06
 Reference value :  6.36882e-06
 Reference value :  6.37340e-06
 Reference value :  6.37602e-06
 Reference value :  6.37923e-06
 Reference value :  6.38199e-06
 Reference value :  6.38364e-06
 Reference value :  6.38569e-06
 Reference value :  6.38907e-06
 Reference value :  6.39232e-06
 Reference value :  6.39595e-06
 Reference value :  6.40010e-06
 Reference value :  6.40231e-06
 Reference value :  6.40597e-06
 Reference value :  6.40960e-06
 Reference value :  6.41439e-06
 Reference value :  6.41629e-06
 Reference value :  6.41897e-06
 Reference value :  6.42196e-06
 Reference value :  6.42353e-06
 Reference value :  6.42539e-06
 Reference value :  6.42899e-06
 Reference value :  6.43201e-06
 Reference value :  6.43564e-06
 Reference value :  6.43958e-06
 Reference value :  6.44220e-06
 Reference value :  6.44566e-06
 Reference value :  6.44929e-06
 Reference value :  6.45417e-06
 Reference value :  6.45637e-06
 Reference value :  6.46007e-06
 Reference value :  6.46227e-06
 Reference value :  6.46412e-06
 Reference value :  6.46659e-06
 Reference value :  6.46929e-06
 Reference value :  6.47322e-06
 Reference value :  6.47713e-06
 Reference value :  6.48075e-06
 Reference value :  6.48260e-06
 Reference value :  6.48706e-06
 Reference value :  6.49069e-06
 Reference value :  6.49508e-06
 Reference value :  6.49688e-06
 Reference value :  6.49937e-06
 Reference value :  6.50199e-06
 Reference value :  6.50363e-06
 Reference value :  6.50560e-06
 Reference value :  6.50907e-06
 Reference value :  6.51197e-06
 Reference value :  6.51571e-06
 Reference value :  6.52010e-06
 Reference value :  6.52241e-06
 Reference value :  6.52626e-06
 Reference value :  6.52979e-06
 Reference value :  6.53477e-06
 Reference value :  6.53644e-06
 Reference value :  6.54035e-06
 Reference value :  6.54240e-06
 Reference value :  6.54434e-06
 Reference value :  6.54699e-06
 Reference value :  6.54936e-06
 Reference value :  6.55373e-06
 Reference value :  6.55783e-06
 Reference value :  6.56133e-06
 Reference value :  6.56335e-06
 Reference value :  6.56826e-06
 Reference value :  6.57165e-06
 Reference value :  6.57547e-06
 Reference value :  6.57737e-06
 Reference value :  6.58127e-06
 Reference value :  6.58285e-06
 Reference value :  6.58476e-06
 Reference value :  6.58829e-06
 Reference value :  6.59034e-06
 Reference value :  6.59486e-06
 Reference value :  6.59830e-06
 Reference value :  6.60161e-06
 Reference value :  6.60435e-06
 Reference value :  6.60847e-06
 Reference value :  6.61201e-06
 Reference value :  6.61570e-06
 Reference value :  6.61847e-06
 Reference value :  6.62169e-06
 Reference value :  6.62337e-06
 Reference value :  6.62522e-06
 Reference value :  6.62883e-06
 Reference value :  6.63178e-06
 Reference value :  6.63565e-06
 Reference value :  6.63966e-06
 Reference value :  6.64220e-06
 Reference value :  6.64567e-06
 Reference value :  6.64949e-06
 Reference value :  6.65428e-06
 Reference value :  6.65641e-06
 Reference value :  6.65845e-06
 Reference value :  6.66166e-06
 Reference value :  6.66338e-06
 Reference value :  6.66513e-06
 Reference value :  6.66865e-06
 Reference value :  6.67163e-06
 Reference value :  6.67531e-06
 Reference value :  6.67890e-06
 Reference value :  6.68205e-06
 Reference value :  6.68522e-06
 Reference value :  6.68904e-06
 Reference value :  6.69356e-06
 Reference value :  6.69619e-06
 Reference value :  6.69984e-06
 Reference value :  6.70216e-06
 Reference value :  6.70396e-06
 Reference value :  6.70604e-06
 Reference value :  6.70914e-06
 Reference value :  6.71204e-06
 Reference value :  6.71591e-06
 Reference value :  6.72006e-06
 Reference value :  6.72229e-06
 Reference value :  6.72585e-06
 Reference value :  6.72939e-06
 Reference value :  6.73417e-06
 Reference value :  6.73638e-06
 Reference value :  6.73939e-06
 Reference value :  6.74201e-06
 Reference value :  6.74381e-06
 Reference value :  6.74579e-06
 Reference value :  6.74912e-06
 Reference value :  6.75196e-06
 Reference value :  6.75576e-06
 Reference value :  6.76021e-06
 Reference value :  6.76245e-06
 Reference value :  6.76645e-06
 Reference value :  6.76981e-06
 Reference value :  6.77501e-06
 Reference value :  6.77673e-06
 Reference value :  6.78065e-06
 Reference value :  6.78254e-06
 Reference value :  6.78452e-06
 Reference value :  6.78779e-06
 Reference value :  6.78963e-06
 Reference value :  6.79389e-06
 Reference value :  6.79714e-06
 Reference value :  6.80121e-06
 Reference value :  6.80294e-06
 Reference value :  6.80785e-06
 Reference value :  6.81131e-06
 Reference value :  6.81524e-06
 Reference value :  6.81680e-06
 Reference value :  6.81938e-06
 Reference value :  6.82201e-06
 Reference value :  6.82386e-06
 Reference value :  6.82588e-06
 Reference value :  6.82916e-06
 Reference value :  6.83229e-06
 Reference value :  6.83565e-06
 Reference value :  6.84019e-06
 Reference value :  6.84224e-06
 Reference value :  6.84574e-06
 Reference value :  6.84908e-06
 Reference value :  6.85398e-06
 Reference value :  6.85628e-06
 Reference value :  6.86021e-06
 Reference value :  6.86221e-06
 Reference value :  6.86394e-06
 Reference value :  6.86671e-06
 Reference value :  6.86931e-06
 Reference value :  6.87330e-06
 Reference value :  6.87661e-06
 Reference value :  6.88075e-06
 Reference value :  6.88259e-06
 Reference value :  6.88711e-06
 Reference value :  6.89067e-06
 Reference value :  6.89512e-06
 Reference value :  6.89680e-06
 Reference value :  6.90065e-06
 Reference value :  6.90253e-06
 Reference value :  6.90444e-06
 Reference value :  6.90738e-06
 Reference value :  6.90949e-06
 Reference value :  6.91388e-06
 Reference value :  6.91772e-06
 Reference value :  6.92141e-06
 Reference value :  6.92354e-06
 Reference value :  6.92831e-06
 Reference value :  6.93160e-06
 Reference value :  6.93549e-06
 Reference value :  6.93830e-06
 Reference value :  6.94145e-06
 Reference value :  6.94289e-06
 Reference value :  6.94480e-06
 Reference value :  6.94842e-06
 Reference value :  6.95134e-06
 Reference value :  6.95516e-06
 Reference value :  6.95851e-06
 Reference value :  6.96172e-06
 Reference value :  6.96484e-06
 Reference value :  6.96865e-06
 Reference value :  6.97202e-06
 Reference value :  6.97589e-06
 Reference value :  6.97761e-06
 Reference value :  6.98127e-06
 Reference value :  6.98267e-06
 Reference value :  6.98464e-06
 Reference value :  6.98830e-06
 Reference value :  6.99077e-06
 Reference value :  6.99498e-06
 Reference value :  6.99831e-06
 Reference value :  7.00164e-06
 Reference value :  7.00454e-06
 Reference value :  7.00862e-06
 Reference value :  7.01186e-06
 Reference value :  7.01557e-06
 Reference value :  7.01830e-06
 Reference value :  7.02161e-06
 Reference value :  7.02319e-06
 Reference value :  7.02504e-06
 Reference value :  7.02849e-06
 Reference value :  7.03142e-06
 Reference value :  7.03514e-06
 Reference value :  7.03843e-06
 Reference value :  7.04167e-06
 Reference value :  7.04483e-06
 Reference value :  7.04863e-06
 Reference value :  7.05206e-06
 Reference value :  7.05581e-06
 Reference value :  7.05831e-06
 Reference value :  7.06151e-06
 Reference value :  7.06303e-06
 Reference value :  7.06492e-06
 Reference value :  7.06860e-06
 Reference value :  7.07165e-06
 Reference value :  7.07526e-06
 Reference value :  7.07852e-06
 Reference value :  7.08174e-06
 Reference value :  7.08489e-06
 Reference value :  7.08878e-06
 Reference value :  7.09272e-06
 Reference value :  7.09587e-06
 Reference value :  7.09890e-06
 Reference value :  7.10183e-06
 Reference value :  7.10360e-06
 Reference value :  7.10554e-06
 Reference value :  7.10907e-06
 Reference value :  7.11216e-06
 Reference value :  7.11628e-06
 Reference value :  7.12055e-06
 Reference value :  7.12253e-06
 Reference value :  7.12677e-06
 Reference value :  7.13057e-06
 Reference value :  7.13501e-06
 Reference value :  7.13671e-06
 Reference value :  7.13884e-06
 Reference value :  7.14183e-06
 Reference value :  7.14350e-06
 Reference value :  7.14551e-06
 Reference value :  7.14908e-06
 Reference value :  7.15234e-06
 Reference value :  7.15606e-06
 Reference value :  7.16043e-06
 Reference value :  7.16257e-06
 Reference value :  7.16684e-06
 Reference value :  7.17068e-06
 Reference value :  7.17503e-06
 Reference value :  7.17702e-06
 Reference value :  7.18095e-06
 Reference value :  7.18260e-06
 Reference value :  7.18447e-06
 Reference value :  7.18828e-06
 Reference value :  7.19061e-06
 Reference value :  7.19459e-06
 Reference value :  7.19789e-06
 Reference value :  7.20120e-06
 Reference value :  7.20291e-06
 Reference value :  7.20761e-06
 Reference value :  7.21086e-06
 Reference value :  7.21506e-06
 Reference value :  7.21679e-06
 Reference value :  7.22055e-06
 Reference value :  7.22255e-06
 Reference value :  7.22441e-06
 Reference value :  7.22779e-06
 Reference value :  7.23015e-06
 Reference value :  7.23460e-06
 Reference value :  7.23829e-06
 Reference value :  7.24164e-06
 Reference value :  7.24461e-06
 Reference value :  7.24842e-06
 Reference value :  7.25186e-06
 Reference value :  7.25559e-06
 Reference value :  7.25830e-06
 Reference value :  7.26156e-06
 Reference value :  7.26317e-06
 Reference value :  7.26509e-06
 Reference value :  7.26868e-06
 Reference value :  7.27159e-06
 Reference value :  7.27538e-06
 Reference value :  7.27925e-06
 Reference value :  7.28213e-06
 Reference value :  7.28527e-06
 Reference value :  7.28904e-06
 Reference value :  7.29362e-06
 Reference value :  7.29620e-06
 Reference value :  7.29842e-06
 Reference value :  7.30164e-06
 Reference value :  7.30333e-06
 Reference value :  7.30517e-06
 Reference value :  7.30876e-06
 Reference value :  7.31176e-06
 Reference value :  7.31549e-06
 Reference value :  7.31955e-06
 Reference value :  7.32217e-06
 Reference value :  7.32544e-06
 Reference value :  7.32907e-06
 Reference value :  7.33348e-06
 Reference value :  7.33603e-06
 Reference value :  7.33900e-06
 Reference value :  7.34195e-06
 Reference value :  7.34364e-06
 Reference value :  7.34570e-06
 Reference value :  7.34906e-06
 Reference value :  7.35211e-06
 Reference value :  7.35565e-06
 Reference value :  7.35956e-06
 Reference value :  7.36217e-06
 Reference value :  7.36544e-06
 Reference value :  7.36914e-06
 Reference value :  7.37373e-06
 Reference value :  7.37605e-06
 Reference value :  7.37844e-06
 Reference value :  7.38168e-06
 Reference value :  7.38333e-06
 Reference value :  7.38520e-06
 Reference value :  7.38882e-06
 Reference value :  7.39183e-06
 Reference value :  7.39563e-06
 Reference value :  7.40015e-06
 Reference value :  7.40243e-06
 Reference value :  7.40614e-06
 Reference value :  7.40974e-06
 Reference value :  7.41461e-06
 Reference value :  7.41668e-06
 Reference value :  7.42075e-06
 Reference value :  7.42259e-06
 Reference value :  7.42448e-06
 Reference value :  7.42808e-06
 Reference value :  7.43031e-06
 Reference value :  7.43455e-06
 Reference value :  7.43783e-06
 Reference value :  7.44123e-06
 Reference value :  7.44311e-06
 Reference value :  7.44783e-06
 Reference value :  7.45162e-06
 Reference value :  7.45559e-06
 Reference value :  7.45735e-06
 Reference value :  7.46027e-06
 Reference value :  7.46240e-06
 Reference value :  7.46427e-06
 Reference value :  7.46708e-06
 Reference value :  7.46944e-06
 Reference value :  7.47359e-06
 Reference value :  7.47718e-06
 Reference value :  7.48105e-06
 Reference value :  7.48264e-06
 Reference value :  7.48740e-06
 Reference value :  7.49105e-06
 Reference value :  7.49512e-06
 Reference value :  7.49713e-06
 Reference value :  7.50103e-06
 Reference value :  7.50270e-06
 Reference value :  7.50459e-06
 Reference value :  7.50799e-06
 Reference value :  7.50980e-06
 Reference value :  7.51395e-06
 Reference value :  7.51768e-06
 Reference value :  7.52140e-06
 Reference value :  7.52349e-06
 Reference value :  7.52813e-06
 Reference value :  7.53145e-06
 Reference value :  7.53544e-06
 Reference value :  7.53749e-06
 Reference value :  7.54103e-06
 Reference value :  7.54270e-06
 Reference value :  7.54452e-06
 Reference value :  7.54789e-06
 Reference value :  7.54962e-06
 Reference value :  7.55400e-06
 Reference value :  7.55756e-06
 Reference value :  7.56133e-06
 Reference value :  7.56329e-06
 Reference value :  7.56804e-06
 Reference value :  7.57115e-06
 Reference value :  7.57512e-06
 Reference value :  7.57736e-06
 Reference value :  7.58135e-06
 Reference value :  7.58296e-06
 Reference value :  7.58485e-06
 Reference value :  7.58838e-06
 Reference value :  7.59089e-06
 Reference value :  7.59497e-06
 Reference value :  7.59825e-06
 Reference value :  7.60160e-06
 Reference value :  7.60460e-06
 Reference value :  7.60846e-06
 Reference value :  7.61207e-06
 Reference value :  7.61585e-06
 Reference value :  7.61743e-06
 Reference value :  7.62115e-06
 Reference value :  7.62275e-06
 Reference value :  7.62464e-06
 Reference value :  7.62819e-06
 Reference value :  7.63013e-06
 Reference value :  7.63473e-06
 Reference value :  7.63809e-06
 Reference value :  7.64141e-06
 Reference value :  7.64359e-06
 Reference value :  7.64812e-06
 Reference value :  7.65145e-06
 Reference value :  7.65544e-06
 Reference value :  7.65819e-06
 Reference value :  7.66145e-06
 Reference value :  7.66311e-06
 Reference value :  7.66488e-06
 Reference value :  7.66842e-06
 Reference value :  7.67109e-06
 Reference value :  7.67503e-06
 Reference value :  7.67837e-06
 Reference value :  7.68165e-06
 Reference value :  7.68488e-06
 Reference value :  7.68865e-06
 Reference value :  7.69228e-06
 Reference value :  7.69586e-06
 Reference value :  7.69835e-06
 Reference value :  7.70161e-06
 Reference value :  7.70326e-06
 Reference value :  7.70516e-06
 Reference value :  7.70875e-06
 Reference value :  7.71179e-06
 Reference value :  7.71544e-06
 Reference value :  7.71943e-06
 Reference value :  7.72214e-06
 Reference value :  7.72542e-06
 Reference value :  7.72937e-06
 Reference value :  7.73389e-06
 Reference value :  7.73614e-06
 Reference value :  7.73963e-06
 Reference value :  7.74211e-06
 Reference value :  7.74391e-06
 Reference value :  7.74626e-06
 Reference value :  7.74919e-06
 Reference value :  7.75264e-06
 Reference value :  7.75636e-06
 Reference value :  7.76027e-06
 Reference value :  7.76237e-06
 Reference value :  7.76636e-06
 Reference value :  7.76973e-06
 Reference value :  7.77421e-06
 Reference value :  7.77624e-06
 Reference value :  7.77824e-06
 Reference value :  7.78156e-06
 Reference value :  7.78315e-06
 Reference value :  7.78503e-06
 Reference value :  7.78857e-06
 Reference value :  7.79156e-06
 Reference value :  7.79528e-06
 Reference value :  7.79848e-06
 Reference value :  7.80170e-06
 Reference value :  7.80467e-06
 Reference value :  7.80840e-06
 Reference value :  7.81184e-06
 Reference value :  7.81575e-06
 Reference value :  7.81842e-06
 Reference value :  7.82163e-06
 Reference value :  7.82331e-06
 Reference value :  7.82520e-06
 Reference value :  7.82878e-06
 Reference value :  7.83176e-06
 Reference value :  7.83545e-06
 Reference value :  7.83929e-06
 Reference value :  7.84198e-06
 Reference value :  7.84520e-06
 Reference value :  7.84904e-06
 Reference value :  7.85336e-06
 Reference value :  7.85625e-06
 Reference value :  7.85957e-06
 Reference value :  7.86206e-06
 Reference value :  7.86375e-06
 Reference value :  7.86567e-06
 Reference value :  7.86909e-06
 Reference value :  7.87226e-06
 Reference value :  7.87623e-06
 Reference value :  7.88040e-06
 Reference value :  7.88231e-06
 Reference value :  7.88588e-06
 Reference value :  7.88960e-06
 Reference value :  7.89438e-06
 Reference value :  7.89645e-06
 Reference value :  7.90021e-06
 Reference value :  7.90232e-06
 Reference value :  7.90419e-06
 Reference value :  7.90689e-06
 Reference value :  7.90941e-06
 Reference value :  7.91352e-06
 Reference value :  7.91665e-06
 Reference value :  7.92105e-06
 Reference value :  7.92269e-06
 Reference value :  7.92745e-06
 Reference value :  7.93102e-06
 Reference value :  7.93507e-06
 Reference value :  7.93678e-06
 Reference value :  7.93990e-06
 Reference value :  7.94215e-06
 Reference value :  7.94390e-06
 Reference value :  7.94597e-06
 Reference value :  7.94925e-06
 Reference value :  7.95316e-06
 Reference value :  7.95657e-06
 Reference value :  7.96047e-06
 Reference value :  7.96253e-06
 Reference value :  7.96697e-06
 Reference value :  7.97034e-06
 Reference value :  7.97500e-06
 Reference value :  7.97716e-06
 Reference value :  7.98085e-06
 Reference value :  7.98251e-06
 Reference value :  7.98444e-06
 Reference value :  7.98767e-06
 Reference value :  7.98980e-06
 Reference value :  7.99464e-06
 Reference value :  7.99818e-06
 Reference value :  8.00148e-06
 Reference value :  8.00387e-06
 Reference value :  8.00829e-06
 Reference value :  8.01172e-06
 Reference value :  8.01545e-06
 Reference value :  8.01775e-06
 Reference value :  8.02123e-06
 Reference value :  8.02283e-06
 Reference value :  8.02473e-06
 Reference value :  8.02828e-06
 Reference value :  8.03082e-06
 Reference value :  8.03494e-06
 Reference value :  8.03830e-06
 Reference value :  8.04160e-06
 Reference value :  8.04437e-06
 Reference value :  8.04839e-06
 Reference value :  8.05183e-06
 Reference value :  8.05559e-06
 Reference value :  8.05837e-06
 Reference value :  8.06156e-06
 Reference value :  8.06309e-06
 Reference value :  8.06495e-06
 Reference value :  8.06859e-06
 Reference value :  8.07152e-06
 Reference value :  8.07533e-06
 Reference value :  8.07933e-06
 Reference value :  8.08204e-06
 Reference value :  8.08525e-06
 Reference value :  8.08906e-06
 Reference value :  8.09357e-06
 Reference value :  8.09621e-06
 Reference value :  8.09840e-06
 Reference value :  8.10166e-06
 Reference value :  8.10335e-06
 Reference value :  8.10515e-06
 Reference value :  8.10872e-06
 Reference value :  8.11178e-06
 Reference value :  8.11552e-06
 Reference value :  8.11987e-06
 Reference value :  8.12213e-06
 Reference value :  8.12554e-06
 Reference value :  8.12906e-06
 Reference value :  8.13369e-06
 Reference value :  8.13621e-06
 Reference value :  8.13997e-06
 Reference value :  8.14215e-06
 Reference value :  8.14389e-06
 Reference value :  8.14637e-06
 Reference value :  8.14915e-06
 Reference value :  8.15235e-06
 Reference value :  8.15606e-06
 Reference value :  8.16035e-06
 Reference value :  8.16238e-06
 Reference value :  8.16620e-06
 Reference value :  8.16999e-06
 Reference value :  8.17437e-06
 Reference value :  8.17647e-06
 Reference value :  8.17997e-06
 Reference value :  8.18215e-06
 Reference value :  8.18389e-06
 Reference value :  8.18596e-06
 Reference value :  8.18918e-06
 Reference value :  8.19280e-06
 Reference value :  8.19616e-06
 Reference value :  8.20035e-06
 Reference value :  8.20239e-06
 Reference value :  8.20634e-06
 Reference value :  8.21001e-06
 Reference value :  8.21477e-06
 Reference value :  8.21640e-06
 Reference value :  8.22021e-06
 Reference value :  8.22227e-06
 Reference value :  8.22412e-06
 Reference value :  8.22666e-06
 Reference value :  8.22936e-06
 Reference value :  8.23363e-06
 Reference value :  8.23696e-06
 Reference value :  8.24115e-06
 Reference value :  8.24262e-06
 Reference value :  8.24734e-06
 Reference value :  8.25081e-06
 Reference value :  8.25501e-06
 Reference value :  8.25677e-06
 Reference value :  8.25940e-06
 Reference value :  8.26196e-06
 Reference value :  8.26356e-06
 Reference value :  8.26539e-06
 Reference value :  8.26909e-06
 Reference value :  8.27242e-06
 Reference value :  8.27626e-06
 Reference value :  8.28021e-06
 Reference value :  8.28243e-06
 Reference value :  8.28655e-06
 Reference value :  8.28983e-06
 Reference value :  8.29417e-06
 Reference value :  8.29619e-06
 Reference value :  8.30003e-06
 Reference value :  8.30219e-06
 Reference value :  8.30388e-06
 Reference value :  8.30626e-06
 Reference value :  8.30918e-06
 Reference value :  8.31281e-06
 Reference value :  8.31665e-06
 Reference value :  8.32047e-06
 Reference value :  8.32247e-06
 Reference value :  8.32659e-06
 Reference value :  8.32973e-06
 Reference value :  8.33434e-06
 Reference value :  8.33625e-06
 Reference value :  8.33867e-06
 Reference value :  8.34186e-06
 Reference value :  8.34345e-06
 Reference value :  8.34524e-06
 Reference value :  8.34880e-06
 Reference value :  8.35186e-06
 Reference value :  8.35559e-06
 Reference value :  8.35985e-06
 Reference value :  8.36227e-06
 Reference value :  8.36593e-06
 Reference value :  8.36969e-06
 Reference value :  8.37427e-06
 Reference value :  8.37627e-06
 Reference value :  8.38003e-06
 Reference value :  8.38226e-06
 Reference value :  8.38410e-06
 Reference value :  8.38687e-06
 Reference value :  8.38935e-06
 Reference value :  8.39345e-06
 Reference value :  8.39756e-06
 Reference value :  8.40142e-06
 Reference value :  8.40336e-06
 Reference value :  8.40799e-06
 Reference value :  8.41151e-06
 Reference value :  8.41530e-06
 Reference value :  8.41703e-06
 Reference value :  8.42003e-06
 Reference value :  8.42227e-06
 Reference value :  8.42403e-06
 Reference value :  8.42664e-06
 Reference value :  8.42929e-06
 Reference value :  8.43292e-06
 Reference value :  8.43627e-06
 Reference value :  8.44047e-06
 Reference value :  8.44251e-06
 Reference value :  8.44693e-06
 Reference value :  8.45046e-06
 Reference value :  8.45483e-06
 Reference value :  8.45637e-06
 Reference value :  8.46023e-06
 Reference value :  8.46240e-06
 Reference value :  8.46424e-06
 Reference value :  8.46715e-06
 Reference value :  8.46957e-06
 Reference value :  8.47396e-06
 Reference value :  8.47795e-06
 Reference value :  8.48142e-06
 Reference value :  8.48336e-06
 Reference value :  8.48799e-06
 Reference value :  8.49142e-06
 Reference value :  8.49525e-06
 Reference value :  8.49680e-06
 Reference value :  8.50045e-06
 Reference value :  8.50250e-06
 Reference value :  8.50443e-06
 Reference value :  8.50752e-06
 Reference value :  8.50968e-06
 Reference value :  8.51432e-06
 Reference value :  8.51814e-06
 Reference value :  8.52141e-06
 Reference value :  8.52386e-06
 Reference value :  8.52830e-06
 Reference value :  8.53154e-06
 Reference value :  8.53524e-06
 Reference value :  8.53772e-06
 Reference value :  8.54115e-06
 Reference value :  8.54277e-06
 Reference value :  8.54466e-06
 Reference value :  8.54824e-06
 Reference value :  8.55076e-06
 Reference value :  8.55494e-06
 Reference value :  8.55852e-06
 Reference value :  8.56176e-06
 Reference value :  8.56496e-06
 Reference value :  8.56881e-06
 Reference value :  8.57319e-06
 Reference value :  8.57603e-06
 Reference value :  8.57828e-06
 Reference value :  8.58156e-06
 Reference value :  8.58318e-06
 Reference value :  8.58499e-06
 Reference value :  8.58865e-06
 Reference value :  8.59169e-06
 Reference value :  8.59537e-06
 Reference value :  8.59917e-06
 Reference value :  8.60202e-06
 Reference value :  8.60524e-06
 Reference value :  8.60896e-06
 Reference value :  8.61326e-06
 Reference value :  8.61594e-06
 Reference value :  8.61876e-06
 Reference value :  8.62184e-06
 Reference value :  8.62350e-06
 Reference value :  8.62534e-06
 Reference value :  8.62899e-06
 Reference value :  8.63221e-06
 Reference value :  8.63601e-06
 Reference value :  8.64035e-06
 Reference value :  8.64246e-06
 Reference value :  8.64675e-06
 Reference value :  8.65042e-06
 Reference value :  8.65490e-06
 Reference value :  8.65652e-06
 Reference value :  8.65976e-06
 Reference value :  8.66207e-06
 Reference value :  8.66402e-06
 Reference value :  8.66640e-06
 Reference value :  8.66926e-06
 Reference value :  8.67335e-06
 Reference value :  8.67687e-06
 Reference value :  8.68105e-06
 Reference value :  8.68265e-06
 Reference value :  8.68745e-06
 Reference value :  8.69091e-06
 Reference value :  8.69507e-06
 Reference value :  8.69722e-06
 Reference value :  8.70095e-06
 Reference value :  8.70259e-06
 Reference value :  8.70451e-06
 Reference value :  8.70810e-06
 Reference value :  8.71034e-06
 Reference value :  8.71471e-06
 Reference value :  8.71812e-06
 Reference value :  8.72145e-06
 Reference value :  8.72395e-06
 Reference value :  8.72824e-06
 Reference value :  8.73159e-06
 Reference value :  8.73551e-06
 Reference value :  8.73717e-06
 Reference value :  8.74027e-06
 Reference value :  8.74240e-06
 Reference value :  8.74435e-06
 Reference value :  8.74740e-06
 Reference value :  8.74959e-06
 Reference value :  8.75413e-06
 Reference value :  8.75745e-06
 Reference value :  8.76133e-06
 Reference value :  8.76325e-06
 Reference value :  8.76805e-06
 Reference value :  8.77140e-06
 Reference value :  8.77528e-06
 Reference value :  8.77767e-06
 Reference value :  8.78127e-06
 Reference value :  8.78291e-06
 Reference value :  8.78476e-06
 Reference value :  8.78826e-06
 Reference value :  8.79052e-06
 Reference value :  8.79499e-06
 Reference value :  8.79834e-06
 Reference value :  8.80157e-06
 Reference value :  8.80476e-06
 Reference value :  8.80862e-06
 Reference value :  8.81189e-06
 Reference value :  8.81558e-06
 Reference value :  8.81760e-06
 Reference value :  8.82115e-06
 Reference value :  8.82269e-06
 Reference value :  8.82445e-06
 Reference value :  8.82769e-06
 Reference value :  8.82968e-06
 Reference value :  8.83432e-06
 Reference value :  8.83775e-06
 Reference value :  8.84133e-06
 Reference value :  8.84355e-06
 Reference value :  8.84822e-06
 Reference value :  8.85158e-06
 Reference value :  8.85543e-06
 Reference value :  8.85818e-06
 Reference value :  8.86145e-06
 Reference value :  8.86306e-06
 Reference value :  8.86480e-06
 Reference value :  8.86835e-06
 Reference value :  8.87092e-06
 Reference value :  8.87514e-06
 Reference value :  8.87848e-06
 Reference value :  8.88166e-06
 Reference value :  8.88489e-06
 Reference value :  8.88866e-06
 Reference value :  8.89264e-06
 Reference value :  8.89598e-06
 Reference value :  8.89812e-06
 Reference value :  8.90135e-06
 Reference value :  8.90296e-06
 Reference value :  8.90480e-06
 Reference value :  8.90834e-06
 Reference value :  8.91105e-06
 Reference value :  8.91501e-06
 Reference value :  8.91838e-06
 Reference value :  8.92163e-06
 Reference value :  8.92484e-06
 Reference value :  8.92872e-06
 Reference value :  8.93226e-06
 Reference value :  8.93577e-06
 Reference value :  8.93852e-06
 Reference value :  8.94170e-06
 Reference value :  8.94342e-06
 Reference value :  8.94520e-06
 Reference value :  8.94881e-06
 Reference value :  8.95177e-06
 Reference value :  8.95553e-06
 Reference value :  8.95991e-06
 Reference value :  8.96225e-06
 Reference value :  8.96580e-06
 Reference value :  8.96938e-06
 Reference value :  8.97413e-06
 Reference value :  8.97641e-06
 Reference value :  8.97999e-06
 Reference value :  8.98212e-06
 Reference value :  8.98393e-06
 Reference value :  8.98600e-06
 Reference value :  8.98911e-06
 Reference value :  8.99250e-06
 Reference value :  8.99634e-06
 Reference value :  9.00040e-06
 Reference value :  9.00246e-06
 Reference value :  9.00659e-06
 Reference value :  9.01030e-06
 Reference value :  9.01494e-06
 Reference value :  9.01644e-06
 Reference value :  9.02035e-06
 Reference value :  9.02240e-06
 Reference value :  9.02435e-06
 Reference value :  9.02730e-06
 Reference value :  9.02939e-06
 Reference value :  9.03372e-06
 Reference value :  9.03745e-06
 Reference value :  9.04105e-06
 Reference value :  9.04259e-06
 Reference value :  9.04735e-06
 Reference value :  9.05070e-06
 Reference value :  9.05498e-06
 Reference value :  9.05677e-06
 Reference value :  9.05980e-06
 Reference value :  9.06207e-06
 Reference value :  9.06402e-06
 Reference value :  9.06640e-06
 Reference value :  9.06921e-06
 Reference value :  9.07280e-06
 Reference value :  9.07683e-06
 Reference value :  9.08065e-06
 Reference value :  9.08250e-06
 Reference value :  9.08695e-06
 Reference value :  9.09040e-06
 Reference value :  9.09486e-06
 Reference value :  9.09686e-06
 Reference value :  9.10075e-06
 Reference value :  9.10249e-06
 Reference value :  9.10434e-06
 Reference value :  9.10719e-06
 Reference value :  9.10934e-06
 Reference value :  9.11383e-06
 Reference value :  9.11757e-06
 Reference value :  9.12133e-06
 Reference value :  9.12345e-06
 Reference value :  9.12809e-06
 Reference value :  9.13141e-06
 Reference value :  9.13542e-06
 Reference value :  9.13732e-06
 Reference value :  9.14103e-06
 Reference value :  9.14270e-06
 Reference value :  9.14457e-06
 Reference value :  9.14819e-06
 Reference value :  9.15066e-06
 Reference value :  9.15496e-06
 Reference value :  9.15830e-06
 Reference value :  9.16158e-06
 Reference value :  9.16455e-06
 Reference value :  9.16842e-06
 Reference value :  9.17188e-06
 Reference value :  9.17556e-06
 Reference value :  9.17835e-06
 Reference value :  9.18159e-06
 Reference value :  9.18332e-06
 Reference value :  9.18512e-06
 Reference value :  9.18867e-06
 Reference value :  9.19167e-06
 Reference value :  9.19544e-06
 Reference value :  9.19951e-06
No. of Data Rows : 127058

  Measurements for Transient Analysis

phi_pre             =  1.079732e-09 targ=  2.621180e-06 trig=  2.620100e-06
phi_mid             =  7.893174e-10 targ=  6.021889e-06 trig=  6.021100e-06
phi_post            =  6.682454e-10 targ=  9.021768e-06 trig=  9.021100e-06
tclk160             =  1.066616e-06 targ=  7.081582e-06 trig=  6.014966e-06
fout                =  1.50007e+08
tfb20               =  7.999629e-07 targ=  6.821852e-06 trig=  6.021889e-06
ffb                 =  2.50012e+07
nmeas               =  6.00001e+00
lock_lvl            =  2.970000e+00 from=  6.010000e-06 to=  9.010003e-06
up_lvl              =  1.812296e-01 from=  6.010000e-06 to=  9.010003e-06
dn_lvl              =  1.287771e-01 from=  6.010000e-06 to=  9.010003e-06

ngspice-42 done
