# measured filter impedance, decimated from 40 to 5 points per
# decade for the committed artifact (the analysis above used the
# full-resolution sweep from the raw corner logs).
bundle,res_sec,moscap_sec,mimcap_sec,temp_c,vctrl_v,freq_hz,zmag_ohm,zph_deg
rff-mff-xff,ff,ff,ff,-40,0.3,100,1.5771e+07,-89.7700
rff-mff-xff,ff,ff,ff,-40,0.3,158.489,9.95094e+06,-89.6467
rff-mff-xff,ff,ff,ff,-40,0.3,251.189,6.2788e+06,-89.4472
rff-mff-xff,ff,ff,ff,-40,0.3,398.107,3.96194e+06,-89.1284
rff-mff-xff,ff,ff,ff,-40,0.3,630.957,2.50026e+06,-88.6216
rff-mff-xff,ff,ff,ff,-40,0.3,1000,1.57827e+06,-87.8178
rff-mff-xff,ff,ff,ff,-40,0.3,1584.89,996953,-86.5452
rff-mff-xff,ff,ff,ff,-40,0.3,2511.89,630821,-84.5358
rff-mff-xff,ff,ff,ff,-40,0.3,3981.07,400839,-81.3818
rff-mff-xff,ff,ff,ff,-40,0.3,6309.57,257324,-76.5017
rff-mff-xff,ff,ff,ff,-40,0.3,10000,169150,-69.2018
rff-mff-xff,ff,ff,ff,-40,0.3,15848.9,116796,-59.0557
rff-mff-xff,ff,ff,ff,-40,0.3,25118.9,87639.7,-46.7532
rff-mff-xff,ff,ff,ff,-40,0.3,39810.7,72844.7,-34.5215
rff-mff-xff,ff,ff,ff,-40,0.3,63095.7,66010.9,-24.7490
rff-mff-xff,ff,ff,ff,-40,0.3,100000,63012,-18.4507
rff-mff-xff,ff,ff,ff,-40,0.3,158489,61593.2,-15.5524
rff-mff-xff,ff,ff,ff,-40,0.3,251189,60562.5,-15.8043
rff-mff-xff,ff,ff,ff,-40,0.3,398107,59055.6,-19.2335
rff-mff-xff,ff,ff,ff,-40,0.3,630957,56024,-26.1067
rff-mff-xff,ff,ff,ff,-40,0.3,1e+06,50173.1,-36.3886
rff-mff-xff,ff,ff,ff,-40,0.3,1.58489e+06,41023.2,-48.8157
rff-mff-xff,ff,ff,ff,-40,0.3,2.51189e+06,30306.5,-60.8843
rff-mff-xff,ff,ff,ff,-40,0.3,3.98107e+06,20712.9,-70.5719
rff-mff-xff,ff,ff,ff,-40,0.3,6.30957e+06,13544.6,-77.4317
rff-mff-xff,ff,ff,ff,-40,0.3,1e+07,8675.03,-81.9802
rff-mff-xff,ff,ff,ff,-40,0.3,1.58489e+07,5507.06,-84.9057
rff-mff-xff,ff,ff,ff,-40,0.3,2.51189e+07,3483.32,-86.7596
rff-mff-xff,ff,ff,ff,-40,0.3,3.98107e+07,2200.12,-87.9216
rff-mff-xff,ff,ff,ff,-40,0.3,6.30957e+07,1388.95,-88.6382
rff-mff-xff,ff,ff,ff,-40,0.3,1e+08,876.836,-89.0667
rff-mff-xff,ff,ff,ff,-40,0.9,100,1.4619e+07,-89.7531
rff-mff-xff,ff,ff,ff,-40,0.9,158.489,9.22409e+06,-89.6190
rff-mff-xff,ff,ff,ff,-40,0.9,251.189,5.8202e+06,-89.4028
rff-mff-xff,ff,ff,ff,-40,0.9,398.107,3.6726e+06,-89.0576
rff-mff-xff,ff,ff,ff,-40,0.9,630.957,2.31774e+06,-88.5093
rff-mff-xff,ff,ff,ff,-40,0.9,1000,1.46317e+06,-87.6399
rff-mff-xff,ff,ff,ff,-40,0.9,1584.89,924419,-86.2638
rff-mff-xff,ff,ff,ff,-40,0.9,2511.89,585201,-84.0925
rff-mff-xff,ff,ff,ff,-40,0.9,3981.07,372281,-80.6898
rff-mff-xff,ff,ff,ff,-40,0.9,6309.57,239650,-75.4452
rff-mff-xff,ff,ff,ff,-40,0.9,10000,158497,-67.6684
rff-mff-xff,ff,ff,ff,-40,0.9,15848.9,110715,-57.0499
rff-mff-xff,ff,ff,ff,-40,0.9,25118.9,84475.9,-44.5435
rff-mff-xff,ff,ff,ff,-40,0.9,39810.7,71384.6,-32.5384
rff-mff-xff,ff,ff,ff,-40,0.9,63095.7,65420,-23.2459
rff-mff-xff,ff,ff,ff,-40,0.9,100000,62815,-17.4222
rff-mff-xff,ff,ff,ff,-40,0.9,158489,61561.8,-14.8849
rff-mff-xff,ff,ff,ff,-40,0.9,251189,60596.9,-15.3848
rff-mff-xff,ff,ff,ff,-40,0.9,398107,59112.3,-18.9789
rff-mff-xff,ff,ff,ff,-40,0.9,630957,56080.9,-25.9617
rff-mff-xff,ff,ff,ff,-40,0.9,1e+06,50216.5,-36.3153
rff-mff-xff,ff,ff,ff,-40,0.9,1.58489e+06,41047.4,-48.7850
rff-mff-xff,ff,ff,ff,-40,0.9,2.51189e+06,30316.4,-60.8740
rff-mff-xff,ff,ff,ff,-40,0.9,3.98107e+06,20716,-70.5691
rff-mff-xff,ff,ff,ff,-40,0.9,6.30957e+06,13545.5,-77.4310
rff-mff-xff,ff,ff,ff,-40,0.9,1e+07,8675.26,-81.9801
rff-mff-xff,ff,ff,ff,-40,0.9,1.58489e+07,5507.12,-84.9057
rff-mff-xff,ff,ff,ff,-40,0.9,2.51189e+07,3483.33,-86.7596
rff-mff-xff,ff,ff,ff,-40,0.9,3.98107e+07,2200.12,-87.9216
rff-mff-xff,ff,ff,ff,-40,0.9,6.30957e+07,1388.95,-88.6382
rff-mff-xff,ff,ff,ff,-40,0.9,1e+08,876.836,-89.0667
rff-mff-xff,ff,ff,ff,-40,1.35,100,1.44477e+07,-89.7503
rff-mff-xff,ff,ff,ff,-40,1.35,158.489,9.11604e+06,-89.6145
rff-mff-xff,ff,ff,ff,-40,1.35,251.189,5.75203e+06,-89.3956
rff-mff-xff,ff,ff,ff,-40,1.35,398.107,3.62959e+06,-89.0462
rff-mff-xff,ff,ff,ff,-40,1.35,630.957,2.29061e+06,-88.4911
rff-mff-xff,ff,ff,ff,-40,1.35,1000,1.44606e+06,-87.6110
rff-mff-xff,ff,ff,ff,-40,1.35,1584.89,913638,-86.2182
rff-mff-xff,ff,ff,ff,-40,1.35,2511.89,578422,-84.0207
rff-mff-xff,ff,ff,ff,-40,1.35,3981.07,368040,-80.5778
rff-mff-xff,ff,ff,ff,-40,1.35,6309.57,237030,-75.2747
rff-mff-xff,ff,ff,ff,-40,1.35,10000,156923,-67.4227
rff-mff-xff,ff,ff,ff,-40,1.35,15848.9,109823,-56.7328
rff-mff-xff,ff,ff,ff,-40,1.35,25118.9,84016.8,-44.2009
rff-mff-xff,ff,ff,ff,-40,1.35,39810.7,71175,-32.2367
rff-mff-xff,ff,ff,ff,-40,1.35,63095.7,65336.1,-23.0202
rff-mff-xff,ff,ff,ff,-40,1.35,100000,62787.4,-17.2687
rff-mff-xff,ff,ff,ff,-40,1.35,158489,61557.9,-14.7856
rff-mff-xff,ff,ff,ff,-40,1.35,251189,60602.3,-15.3224
rff-mff-xff,ff,ff,ff,-40,1.35,398107,59120.8,-18.9411
rff-mff-xff,ff,ff,ff,-40,1.35,630957,56089.4,-25.9401
rff-mff-xff,ff,ff,ff,-40,1.35,1e+06,50222.9,-36.3045
rff-mff-xff,ff,ff,ff,-40,1.35,1.58489e+06,41051,-48.7805
rff-mff-xff,ff,ff,ff,-40,1.35,2.51189e+06,30317.8,-60.8725
rff-mff-xff,ff,ff,ff,-40,1.35,3.98107e+06,20716.5,-70.5687
rff-mff-xff,ff,ff,ff,-40,1.35,6.30957e+06,13545.6,-77.4309
rff-mff-xff,ff,ff,ff,-40,1.35,1e+07,8675.3,-81.9801
rff-mff-xff,ff,ff,ff,-40,1.35,1.58489e+07,5507.13,-84.9057
rff-mff-xff,ff,ff,ff,-40,1.35,2.51189e+07,3483.34,-86.7597
rff-mff-xff,ff,ff,ff,-40,1.35,3.98107e+07,2200.12,-87.9216
rff-mff-xff,ff,ff,ff,-40,1.35,6.30957e+07,1388.95,-88.6382
rff-mff-xff,ff,ff,ff,-40,1.35,1e+08,876.836,-89.0667
rff-mff-xff,ff,ff,ff,-40,1.8,100,1.44037e+07,-89.7496
rff-mff-xff,ff,ff,ff,-40,1.8,158.489,9.08827e+06,-89.6133
rff-mff-xff,ff,ff,ff,-40,1.8,251.189,5.73451e+06,-89.3937
rff-mff-xff,ff,ff,ff,-40,1.8,398.107,3.61854e+06,-89.0432
rff-mff-xff,ff,ff,ff,-40,1.8,630.957,2.28364e+06,-88.4863
rff-mff-xff,ff,ff,ff,-40,1.8,1000,1.44166e+06,-87.6035
rff-mff-xff,ff,ff,ff,-40,1.8,1584.89,910868,-86.2063
rff-mff-xff,ff,ff,ff,-40,1.8,2511.89,576680,-84.0019
rff-mff-xff,ff,ff,ff,-40,1.8,3981.07,366951,-80.5486
rff-mff-xff,ff,ff,ff,-40,1.8,6309.57,236357,-75.2302
rff-mff-xff,ff,ff,ff,-40,1.8,10000,156520,-67.3588
rff-mff-xff,ff,ff,ff,-40,1.8,15848.9,109595,-56.6505
rff-mff-xff,ff,ff,ff,-40,1.8,25118.9,83899.3,-44.1123
rff-mff-xff,ff,ff,ff,-40,1.8,39810.7,71121.5,-32.1589
rff-mff-xff,ff,ff,ff,-40,1.8,63095.7,65314.7,-22.9621
rff-mff-xff,ff,ff,ff,-40,1.8,100000,62780.4,-17.2293
rff-mff-xff,ff,ff,ff,-40,1.8,158489,61556.9,-14.7601
rff-mff-xff,ff,ff,ff,-40,1.8,251189,60603.7,-15.3064
rff-mff-xff,ff,ff,ff,-40,1.8,398107,59123,-18.9314
rff-mff-xff,ff,ff,ff,-40,1.8,630957,56091.6,-25.9346
rff-mff-xff,ff,ff,ff,-40,1.8,1e+06,50224.6,-36.3017
rff-mff-xff,ff,ff,ff,-40,1.8,1.58489e+06,41051.9,-48.7793
rff-mff-xff,ff,ff,ff,-40,1.8,2.51189e+06,30318.2,-60.8721
rff-mff-xff,ff,ff,ff,-40,1.8,3.98107e+06,20716.6,-70.5686
rff-mff-xff,ff,ff,ff,-40,1.8,6.30957e+06,13545.6,-77.4309
rff-mff-xff,ff,ff,ff,-40,1.8,1e+07,8675.31,-81.9801
rff-mff-xff,ff,ff,ff,-40,1.8,1.58489e+07,5507.13,-84.9057
rff-mff-xff,ff,ff,ff,-40,1.8,2.51189e+07,3483.34,-86.7597
rff-mff-xff,ff,ff,ff,-40,1.8,3.98107e+07,2200.12,-87.9216
rff-mff-xff,ff,ff,ff,-40,1.8,6.30957e+07,1388.95,-88.6382
rff-mff-xff,ff,ff,ff,-40,1.8,1e+08,876.836,-89.0667
rff-mff-xff,ff,ff,ff,-40,2.25,100,1.43925e+07,-89.7494
rff-mff-xff,ff,ff,ff,-40,2.25,158.489,9.08116e+06,-89.6130
rff-mff-xff,ff,ff,ff,-40,2.25,251.189,5.73002e+06,-89.3932
rff-mff-xff,ff,ff,ff,-40,2.25,398.107,3.61571e+06,-89.0424
rff-mff-xff,ff,ff,ff,-40,2.25,630.957,2.28185e+06,-88.4851
rff-mff-xff,ff,ff,ff,-40,2.25,1000,1.44054e+06,-87.6015
rff-mff-xff,ff,ff,ff,-40,2.25,1584.89,910159,-86.2032
rff-mff-xff,ff,ff,ff,-40,2.25,2511.89,576234,-83.9971
rff-mff-xff,ff,ff,ff,-40,2.25,3981.07,366672,-80.5411
rff-mff-xff,ff,ff,ff,-40,2.25,6309.57,236185,-75.2188
rff-mff-xff,ff,ff,ff,-40,2.25,10000,156416,-67.3424
rff-mff-xff,ff,ff,ff,-40,2.25,15848.9,109536,-56.6294
rff-mff-xff,ff,ff,ff,-40,2.25,25118.9,83869.2,-44.0895
rff-mff-xff,ff,ff,ff,-40,2.25,39810.7,71107.8,-32.1390
rff-mff-xff,ff,ff,ff,-40,2.25,63095.7,65309.2,-22.9472
rff-mff-xff,ff,ff,ff,-40,2.25,100000,62778.6,-17.2192
rff-mff-xff,ff,ff,ff,-40,2.25,158489,61556.7,-14.7535
rff-mff-xff,ff,ff,ff,-40,2.25,251189,60604.1,-15.3023
rff-mff-xff,ff,ff,ff,-40,2.25,398107,59123.6,-18.9289
rff-mff-xff,ff,ff,ff,-40,2.25,630957,56092.2,-25.9332
rff-mff-xff,ff,ff,ff,-40,2.25,1e+06,50225,-36.3010
rff-mff-xff,ff,ff,ff,-40,2.25,1.58489e+06,41052.1,-48.7790
rff-mff-xff,ff,ff,ff,-40,2.25,2.51189e+06,30318.3,-60.8720
rff-mff-xff,ff,ff,ff,-40,2.25,3.98107e+06,20716.7,-70.5685
rff-mff-xff,ff,ff,ff,-40,2.25,6.30957e+06,13545.6,-77.4309
rff-mff-xff,ff,ff,ff,-40,2.25,1e+07,8675.31,-81.9801
rff-mff-xff,ff,ff,ff,-40,2.25,1.58489e+07,5507.13,-84.9057
rff-mff-xff,ff,ff,ff,-40,2.25,2.51189e+07,3483.34,-86.7597
rff-mff-xff,ff,ff,ff,-40,2.25,3.98107e+07,2200.12,-87.9216
rff-mff-xff,ff,ff,ff,-40,2.25,6.30957e+07,1388.95,-88.6382
rff-mff-xff,ff,ff,ff,-40,2.25,1e+08,876.836,-89.0667
rff-mff-xff,ff,ff,ff,-40,2.7,100,1.43896e+07,-89.7493
rff-mff-xff,ff,ff,ff,-40,2.7,158.489,9.07934e+06,-89.6130
rff-mff-xff,ff,ff,ff,-40,2.7,251.189,5.72887e+06,-89.3931
rff-mff-xff,ff,ff,ff,-40,2.7,398.107,3.61499e+06,-89.0422
rff-mff-xff,ff,ff,ff,-40,2.7,630.957,2.2814e+06,-88.4848
rff-mff-xff,ff,ff,ff,-40,2.7,1000,1.44025e+06,-87.6010
rff-mff-xff,ff,ff,ff,-40,2.7,1584.89,909977,-86.2024
rff-mff-xff,ff,ff,ff,-40,2.7,2511.89,576120,-83.9959
rff-mff-xff,ff,ff,ff,-40,2.7,3981.07,366601,-80.5391
rff-mff-xff,ff,ff,ff,-40,2.7,6309.57,236141,-75.2159
rff-mff-xff,ff,ff,ff,-40,2.7,10000,156390,-67.3382
rff-mff-xff,ff,ff,ff,-40,2.7,15848.9,109521,-56.6240
rff-mff-xff,ff,ff,ff,-40,2.7,25118.9,83861.5,-44.0837
rff-mff-xff,ff,ff,ff,-40,2.7,39810.7,71104.3,-32.1339
rff-mff-xff,ff,ff,ff,-40,2.7,63095.7,65307.8,-22.9434
rff-mff-xff,ff,ff,ff,-40,2.7,100000,62778.2,-17.2166
rff-mff-xff,ff,ff,ff,-40,2.7,158489,61556.6,-14.7519
rff-mff-xff,ff,ff,ff,-40,2.7,251189,60604.2,-15.3013
rff-mff-xff,ff,ff,ff,-40,2.7,398107,59123.7,-18.9283
rff-mff-xff,ff,ff,ff,-40,2.7,630957,56092.3,-25.9328
rff-mff-xff,ff,ff,ff,-40,2.7,1e+06,50225.1,-36.3008
rff-mff-xff,ff,ff,ff,-40,2.7,1.58489e+06,41052.2,-48.7790
rff-mff-xff,ff,ff,ff,-40,2.7,2.51189e+06,30318.3,-60.8720
rff-mff-xff,ff,ff,ff,-40,2.7,3.98107e+06,20716.7,-70.5685
rff-mff-xff,ff,ff,ff,-40,2.7,6.30957e+06,13545.6,-77.4309
rff-mff-xff,ff,ff,ff,-40,2.7,1e+07,8675.31,-81.9801
rff-mff-xff,ff,ff,ff,-40,2.7,1.58489e+07,5507.13,-84.9057
rff-mff-xff,ff,ff,ff,-40,2.7,2.51189e+07,3483.34,-86.7597
rff-mff-xff,ff,ff,ff,-40,2.7,3.98107e+07,2200.12,-87.9216
rff-mff-xff,ff,ff,ff,-40,2.7,6.30957e+07,1388.95,-88.6382
rff-mff-xff,ff,ff,ff,-40,2.7,1e+08,876.836,-89.0667
rff-mff-xff,ff,ff,ff,27,0.3,100,1.57707e+07,-89.7721
rff-mff-xff,ff,ff,ff,27,0.3,158.489,9.95072e+06,-89.6500
rff-mff-xff,ff,ff,ff,27,0.3,251.189,6.27866e+06,-89.4523
rff-mff-xff,ff,ff,ff,27,0.3,398.107,3.96184e+06,-89.1365
rff-mff-xff,ff,ff,ff,27,0.3,630.957,2.5002e+06,-88.6344
rff-mff-xff,ff,ff,ff,27,0.3,1000,1.57822e+06,-87.8380
rff-mff-xff,ff,ff,ff,27,0.3,1584.89,996897,-86.5772
rff-mff-xff,ff,ff,ff,27,0.3,2511.89,630753,-84.5863
rff-mff-xff,ff,ff,ff,27,0.3,3981.07,400744,-81.4606
rff-mff-xff,ff,ff,ff,27,0.3,6309.57,257184,-76.6223
rff-mff-xff,ff,ff,ff,27,0.3,10000,168942,-69.3778
rff-mff-xff,ff,ff,ff,27,0.3,15848.9,116497,-59.2881
rff-mff-xff,ff,ff,ff,27,0.3,25118.9,87243.4,-47.0118
rff-mff-xff,ff,ff,ff,27,0.3,39810.7,72368.5,-34.7525
rff-mff-xff,ff,ff,ff,27,0.3,63095.7,65486.5,-24.9160
rff-mff-xff,ff,ff,ff,27,0.3,100000,62465.5,-18.5480
rff-mff-xff,ff,ff,ff,27,0.3,158489,61041.7,-15.5866
rff-mff-xff,ff,ff,ff,27,0.3,251189,60020.1,-15.7797
rff-mff-xff,ff,ff,ff,27,0.3,398107,58543,-19.1482
rff-mff-xff,ff,ff,ff,27,0.3,630957,55577.2,-25.9570
rff-mff-xff,ff,ff,ff,27,0.3,1e+06,49839.2,-36.1839
rff-mff-xff,ff,ff,ff,27,0.3,1.58489e+06,40823.8,-48.5923
rff-mff-xff,ff,ff,ff,27,0.3,2.51189e+06,30209.5,-60.6887
rff-mff-xff,ff,ff,ff,27,0.3,3.98107e+06,20668.7,-70.4264
rff-mff-xff,ff,ff,ff,27,0.3,6.30957e+06,13523,-77.3329
rff-mff-xff,ff,ff,ff,27,0.3,1e+07,8663.23,-81.9160
rff-mff-xff,ff,ff,ff,27,0.3,1.58489e+07,5500.11,-84.8648
rff-mff-xff,ff,ff,ff,27,0.3,2.51189e+07,3479.06,-86.7339
rff-mff-xff,ff,ff,ff,27,0.3,3.98107e+07,2197.46,-87.9056
rff-mff-xff,ff,ff,ff,27,0.3,6.30957e+07,1387.28,-88.6286
rff-mff-xff,ff,ff,ff,27,0.3,1e+08,875.776,-89.0613
rff-mff-xff,ff,ff,ff,27,0.9,100,1.46187e+07,-89.7553
rff-mff-xff,ff,ff,ff,27,0.9,158.489,9.2239e+06,-89.6225
rff-mff-xff,ff,ff,ff,27,0.9,251.189,5.82008e+06,-89.4083
rff-mff-xff,ff,ff,ff,27,0.9,398.107,3.67252e+06,-89.0664
rff-mff-xff,ff,ff,ff,27,0.9,630.957,2.31768e+06,-88.5231
rff-mff-xff,ff,ff,ff,27,0.9,1000,1.46312e+06,-87.6618
rff-mff-xff,ff,ff,ff,27,0.9,1584.89,924363,-86.2984
rff-mff-xff,ff,ff,ff,27,0.9,2511.89,585130,-84.1470
rff-mff-xff,ff,ff,ff,27,0.9,3981.07,372180,-80.7747
rff-mff-xff,ff,ff,ff,27,0.9,6309.57,239501,-75.5744
rff-mff-xff,ff,ff,ff,27,0.9,10000,158275,-67.8547
rff-mff-xff,ff,ff,ff,27,0.9,15848.9,110400,-57.2902
rff-mff-xff,ff,ff,ff,27,0.9,25118.9,84063.8,-44.8019
rff-mff-xff,ff,ff,ff,27,0.9,39810.7,70897.4,-32.7613
rff-mff-xff,ff,ff,ff,27,0.9,63095.7,64889.5,-23.4027
rff-mff-xff,ff,ff,ff,27,0.9,100000,62265.4,-17.5109
rff-mff-xff,ff,ff,ff,27,0.9,158489,61008.6,-14.9130
rff-mff-xff,ff,ff,ff,27,0.9,251189,60053.5,-15.3561
rff-mff-xff,ff,ff,ff,27,0.9,398107,58599,-18.8909
rff-mff-xff,ff,ff,ff,27,0.9,630957,55633.8,-25.8103
rff-mff-xff,ff,ff,ff,27,0.9,1e+06,49882.5,-36.1095
rff-mff-xff,ff,ff,ff,27,0.9,1.58489e+06,40848.2,-48.5611
rff-mff-xff,ff,ff,ff,27,0.9,2.51189e+06,30219.5,-60.6782
rff-mff-xff,ff,ff,ff,27,0.9,3.98107e+06,20671.9,-70.4235
rff-mff-xff,ff,ff,ff,27,0.9,6.30957e+06,13523.9,-77.3322
rff-mff-xff,ff,ff,ff,27,0.9,1e+07,8663.46,-81.9159
rff-mff-xff,ff,ff,ff,27,0.9,1.58489e+07,5500.17,-84.8648
rff-mff-xff,ff,ff,ff,27,0.9,2.51189e+07,3479.08,-86.7339
rff-mff-xff,ff,ff,ff,27,0.9,3.98107e+07,2197.47,-87.9057
rff-mff-xff,ff,ff,ff,27,0.9,6.30957e+07,1387.28,-88.6286
rff-mff-xff,ff,ff,ff,27,0.9,1e+08,875.776,-89.0613
rff-mff-xff,ff,ff,ff,27,1.35,100,1.44475e+07,-89.7525
rff-mff-xff,ff,ff,ff,27,1.35,158.489,9.11585e+06,-89.6180
rff-mff-xff,ff,ff,ff,27,1.35,251.189,5.75191e+06,-89.4011
rff-mff-xff,ff,ff,ff,27,1.35,398.107,3.62951e+06,-89.0550
rff-mff-xff,ff,ff,ff,27,1.35,630.957,2.29055e+06,-88.5051
rff-mff-xff,ff,ff,ff,27,1.35,1000,1.44601e+06,-87.6332
rff-mff-xff,ff,ff,ff,27,1.35,1584.89,913583,-86.2532
rff-mff-xff,ff,ff,ff,27,1.35,2511.89,578351,-84.0758
rff-mff-xff,ff,ff,ff,27,1.35,3981.07,367939,-80.6637
rff-mff-xff,ff,ff,ff,27,1.35,6309.57,236879,-75.4053
rff-mff-xff,ff,ff,ff,27,1.35,10000,156700,-67.6107
rff-mff-xff,ff,ff,ff,27,1.35,15848.9,109505,-56.9743
rff-mff-xff,ff,ff,ff,27,1.35,25118.9,83602.3,-44.4591
rff-mff-xff,ff,ff,ff,27,1.35,39810.7,70686.3,-32.4583
rff-mff-xff,ff,ff,ff,27,1.35,63095.7,64804.7,-23.1754
rff-mff-xff,ff,ff,ff,27,1.35,100000,62237.4,-17.3561
rff-mff-xff,ff,ff,ff,27,1.35,158489,61004.4,-14.8128
rff-mff-xff,ff,ff,ff,27,1.35,251189,60058.7,-15.2932
rff-mff-xff,ff,ff,ff,27,1.35,398107,58607.5,-18.8527
rff-mff-xff,ff,ff,ff,27,1.35,630957,55642.3,-25.7885
rff-mff-xff,ff,ff,ff,27,1.35,1e+06,49889,-36.0985
rff-mff-xff,ff,ff,ff,27,1.35,1.58489e+06,40851.8,-48.5565
rff-mff-xff,ff,ff,ff,27,1.35,2.51189e+06,30221,-60.6766
rff-mff-xff,ff,ff,ff,27,1.35,3.98107e+06,20672.4,-70.4231
rff-mff-xff,ff,ff,ff,27,1.35,6.30957e+06,13524,-77.3321
rff-mff-xff,ff,ff,ff,27,1.35,1e+07,8663.5,-81.9159
rff-mff-xff,ff,ff,ff,27,1.35,1.58489e+07,5500.18,-84.8648
rff-mff-xff,ff,ff,ff,27,1.35,2.51189e+07,3479.08,-86.7339
rff-mff-xff,ff,ff,ff,27,1.35,3.98107e+07,2197.47,-87.9057
rff-mff-xff,ff,ff,ff,27,1.35,6.30957e+07,1387.28,-88.6286
rff-mff-xff,ff,ff,ff,27,1.35,1e+08,875.776,-89.0613
rff-mff-xff,ff,ff,ff,27,1.8,100,1.44035e+07,-89.7518
rff-mff-xff,ff,ff,ff,27,1.8,158.489,9.08809e+06,-89.6169
rff-mff-xff,ff,ff,ff,27,1.8,251.189,5.73439e+06,-89.3993
rff-mff-xff,ff,ff,ff,27,1.8,398.107,3.61846e+06,-89.0520
rff-mff-xff,ff,ff,ff,27,1.8,630.957,2.28358e+06,-88.5004
rff-mff-xff,ff,ff,ff,27,1.8,1000,1.44161e+06,-87.6257
rff-mff-xff,ff,ff,ff,27,1.8,1584.89,910812,-86.2414
rff-mff-xff,ff,ff,ff,27,1.8,2511.89,576609,-84.0572
rff-mff-xff,ff,ff,ff,27,1.8,3981.07,366849,-80.6347
rff-mff-xff,ff,ff,ff,27,1.8,6309.57,236206,-75.3612
rff-mff-xff,ff,ff,ff,27,1.8,10000,156295,-67.5471
rff-mff-xff,ff,ff,ff,27,1.8,15848.9,109276,-56.8923
rff-mff-xff,ff,ff,ff,27,1.8,25118.9,83484.2,-44.3704
rff-mff-xff,ff,ff,ff,27,1.8,39810.7,70632.3,-32.3802
rff-mff-xff,ff,ff,ff,27,1.8,63095.7,64783,-23.1169
rff-mff-xff,ff,ff,ff,27,1.8,100000,62230.2,-17.3163
rff-mff-xff,ff,ff,ff,27,1.8,158489,61003.4,-14.7870
rff-mff-xff,ff,ff,ff,27,1.8,251189,60060.1,-15.2770
rff-mff-xff,ff,ff,ff,27,1.8,398107,58609.7,-18.8429
rff-mff-xff,ff,ff,ff,27,1.8,630957,55644.4,-25.7829
rff-mff-xff,ff,ff,ff,27,1.8,1e+06,49890.6,-36.0957
rff-mff-xff,ff,ff,ff,27,1.8,1.58489e+06,40852.7,-48.5553
rff-mff-xff,ff,ff,ff,27,1.8,2.51189e+06,30221.3,-60.6762
rff-mff-xff,ff,ff,ff,27,1.8,3.98107e+06,20672.5,-70.4229
rff-mff-xff,ff,ff,ff,27,1.8,6.30957e+06,13524,-77.3321
rff-mff-xff,ff,ff,ff,27,1.8,1e+07,8663.51,-81.9159
rff-mff-xff,ff,ff,ff,27,1.8,1.58489e+07,5500.18,-84.8648
rff-mff-xff,ff,ff,ff,27,1.8,2.51189e+07,3479.08,-86.7339
rff-mff-xff,ff,ff,ff,27,1.8,3.98107e+07,2197.47,-87.9057
rff-mff-xff,ff,ff,ff,27,1.8,6.30957e+07,1387.28,-88.6286
rff-mff-xff,ff,ff,ff,27,1.8,1e+08,875.776,-89.0613
rff-mff-xff,ff,ff,ff,27,2.25,100,1.43922e+07,-89.7516
rff-mff-xff,ff,ff,ff,27,2.25,158.489,9.08098e+06,-89.6166
rff-mff-xff,ff,ff,ff,27,2.25,251.189,5.7299e+06,-89.3988
rff-mff-xff,ff,ff,ff,27,2.25,398.107,3.61563e+06,-89.0513
rff-mff-xff,ff,ff,ff,27,2.25,630.957,2.28179e+06,-88.4991
rff-mff-xff,ff,ff,ff,27,2.25,1000,1.44048e+06,-87.6238
rff-mff-xff,ff,ff,ff,27,2.25,1584.89,910103,-86.2384
rff-mff-xff,ff,ff,ff,27,2.25,2511.89,576163,-84.0524
rff-mff-xff,ff,ff,ff,27,2.25,3981.07,366570,-80.6273
rff-mff-xff,ff,ff,ff,27,2.25,6309.57,236034,-75.3499
rff-mff-xff,ff,ff,ff,27,2.25,10000,156192,-67.5308
rff-mff-xff,ff,ff,ff,27,2.25,15848.9,109218,-56.8712
rff-mff-xff,ff,ff,ff,27,2.25,25118.9,83454,-44.3477
rff-mff-xff,ff,ff,ff,27,2.25,39810.7,70618.5,-32.3602
rff-mff-xff,ff,ff,ff,27,2.25,63095.7,64777.5,-23.1019
rff-mff-xff,ff,ff,ff,27,2.25,100000,62228.4,-17.3062
rff-mff-xff,ff,ff,ff,27,2.25,158489,61003.1,-14.7804
rff-mff-xff,ff,ff,ff,27,2.25,251189,60060.4,-15.2729
rff-mff-xff,ff,ff,ff,27,2.25,398107,58610.2,-18.8404
rff-mff-xff,ff,ff,ff,27,2.25,630957,55645,-25.7814
rff-mff-xff,ff,ff,ff,27,2.25,1e+06,49891,-36.0949
rff-mff-xff,ff,ff,ff,27,2.25,1.58489e+06,40853,-48.5550
rff-mff-xff,ff,ff,ff,27,2.25,2.51189e+06,30221.4,-60.6761
rff-mff-xff,ff,ff,ff,27,2.25,3.98107e+06,20672.5,-70.4229
rff-mff-xff,ff,ff,ff,27,2.25,6.30957e+06,13524,-77.3321
rff-mff-xff,ff,ff,ff,27,2.25,1e+07,8663.51,-81.9159
rff-mff-xff,ff,ff,ff,27,2.25,1.58489e+07,5500.18,-84.8648
rff-mff-xff,ff,ff,ff,27,2.25,2.51189e+07,3479.08,-86.7339
rff-mff-xff,ff,ff,ff,27,2.25,3.98107e+07,2197.47,-87.9057
rff-mff-xff,ff,ff,ff,27,2.25,6.30957e+07,1387.28,-88.6286
rff-mff-xff,ff,ff,ff,27,2.25,1e+08,875.776,-89.0613
rff-mff-xff,ff,ff,ff,27,2.7,100,1.43893e+07,-89.7516
rff-mff-xff,ff,ff,ff,27,2.7,158.489,9.07916e+06,-89.6165
rff-mff-xff,ff,ff,ff,27,2.7,251.189,5.72876e+06,-89.3987
rff-mff-xff,ff,ff,ff,27,2.7,398.107,3.61491e+06,-89.0511
rff-mff-xff,ff,ff,ff,27,2.7,630.957,2.28134e+06,-88.4988
rff-mff-xff,ff,ff,ff,27,2.7,1000,1.4402e+06,-87.6233
rff-mff-xff,ff,ff,ff,27,2.7,1584.89,909922,-86.2376
rff-mff-xff,ff,ff,ff,27,2.7,2511.89,576049,-84.0512
rff-mff-xff,ff,ff,ff,27,2.7,3981.07,366499,-80.6254
rff-mff-xff,ff,ff,ff,27,2.7,6309.57,235989,-75.3470
rff-mff-xff,ff,ff,ff,27,2.7,10000,156165,-67.5266
rff-mff-xff,ff,ff,ff,27,2.7,15848.9,109203,-56.8659
rff-mff-xff,ff,ff,ff,27,2.7,25118.9,83446.2,-44.3419
rff-mff-xff,ff,ff,ff,27,2.7,39810.7,70615,-32.3550
rff-mff-xff,ff,ff,ff,27,2.7,63095.7,64776.1,-23.0981
rff-mff-xff,ff,ff,ff,27,2.7,100000,62228,-17.3036
rff-mff-xff,ff,ff,ff,27,2.7,158489,61003.1,-14.7788
rff-mff-xff,ff,ff,ff,27,2.7,251189,60060.5,-15.2718
rff-mff-xff,ff,ff,ff,27,2.7,398107,58610.4,-18.8398
rff-mff-xff,ff,ff,ff,27,2.7,630957,55645.1,-25.7811
rff-mff-xff,ff,ff,ff,27,2.7,1e+06,49891.1,-36.0948
rff-mff-xff,ff,ff,ff,27,2.7,1.58489e+06,40853,-48.5549
rff-mff-xff,ff,ff,ff,27,2.7,2.51189e+06,30221.5,-60.6761
rff-mff-xff,ff,ff,ff,27,2.7,3.98107e+06,20672.5,-70.4229
rff-mff-xff,ff,ff,ff,27,2.7,6.30957e+06,13524,-77.3321
rff-mff-xff,ff,ff,ff,27,2.7,1e+07,8663.51,-81.9159
rff-mff-xff,ff,ff,ff,27,2.7,1.58489e+07,5500.18,-84.8648
rff-mff-xff,ff,ff,ff,27,2.7,2.51189e+07,3479.08,-86.7339
rff-mff-xff,ff,ff,ff,27,2.7,3.98107e+07,2197.47,-87.9057
rff-mff-xff,ff,ff,ff,27,2.7,6.30957e+07,1387.28,-88.6286
rff-mff-xff,ff,ff,ff,27,2.7,1e+08,875.776,-89.0613
rff-mff-xff,ff,ff,ff,125,0.3,100,1.57704e+07,-89.7726
rff-mff-xff,ff,ff,ff,125,0.3,158.489,9.95057e+06,-89.6508
rff-mff-xff,ff,ff,ff,125,0.3,251.189,6.27856e+06,-89.4536
rff-mff-xff,ff,ff,ff,125,0.3,398.107,3.96178e+06,-89.1385
rff-mff-xff,ff,ff,ff,125,0.3,630.957,2.50015e+06,-88.6376
rff-mff-xff,ff,ff,ff,125,0.3,1000,1.57819e+06,-87.8432
rff-mff-xff,ff,ff,ff,125,0.3,1584.89,996872,-86.5854
rff-mff-xff,ff,ff,ff,125,0.3,2511.89,630730,-84.5990
rff-mff-xff,ff,ff,ff,125,0.3,3981.07,400717,-81.4806
rff-mff-xff,ff,ff,ff,125,0.3,6309.57,257147,-76.6529
rff-mff-xff,ff,ff,ff,125,0.3,10000,168889,-69.4225
rff-mff-xff,ff,ff,ff,125,0.3,15848.9,116421,-59.3472
rff-mff-xff,ff,ff,ff,125,0.3,25118.9,87142.9,-47.0779
rff-mff-xff,ff,ff,ff,125,0.3,39810.7,72248,-34.8121
rff-mff-xff,ff,ff,ff,125,0.3,63095.7,65353.7,-24.9600
rff-mff-xff,ff,ff,ff,125,0.3,100000,62327,-18.5750
rff-mff-xff,ff,ff,ff,125,0.3,158489,60901.6,-15.5988
rff-mff-xff,ff,ff,ff,125,0.3,251189,59881.8,-15.7790
rff-mff-xff,ff,ff,ff,125,0.3,398107,58410.9,-19.1348
rff-mff-xff,ff,ff,ff,125,0.3,630957,55459,-25.9308
rff-mff-xff,ff,ff,ff,125,0.3,1e+06,49745.4,-36.1468
rff-mff-xff,ff,ff,ff,125,0.3,1.58489e+06,40760.6,-48.5514
rff-mff-xff,ff,ff,ff,125,0.3,2.51189e+06,30172.1,-60.6527
rff-mff-xff,ff,ff,ff,125,0.3,3.98107e+06,20647.2,-70.3995
rff-mff-xff,ff,ff,ff,125,0.3,6.30957e+06,13510.3,-77.3146
rff-mff-xff,ff,ff,ff,125,0.3,1e+07,8655.49,-81.9041
rff-mff-xff,ff,ff,ff,125,0.3,1.58489e+07,5495.3,-84.8573
rff-mff-xff,ff,ff,ff,125,0.3,2.51189e+07,3476.04,-86.7292
rff-mff-xff,ff,ff,ff,125,0.3,3.98107e+07,2195.56,-87.9027
rff-mff-xff,ff,ff,ff,125,0.3,6.30957e+07,1386.08,-88.6269
rff-mff-xff,ff,ff,ff,125,0.3,1e+08,875.017,-89.0604
rff-mff-xff,ff,ff,ff,125,0.9,100,1.46185e+07,-89.7558
rff-mff-xff,ff,ff,ff,125,0.9,158.489,9.22376e+06,-89.6234
rff-mff-xff,ff,ff,ff,125,0.9,251.189,5.81999e+06,-89.4097
rff-mff-xff,ff,ff,ff,125,0.9,398.107,3.67247e+06,-89.0686
rff-mff-xff,ff,ff,ff,125,0.9,630.957,2.31765e+06,-88.5266
rff-mff-xff,ff,ff,ff,125,0.9,1000,1.46309e+06,-87.6673
rff-mff-xff,ff,ff,ff,125,0.9,1584.89,924340,-86.3072
rff-mff-xff,ff,ff,ff,125,0.9,2511.89,585107,-84.1608
rff-mff-xff,ff,ff,ff,125,0.9,3981.07,372152,-80.7962
rff-mff-xff,ff,ff,ff,125,0.9,6309.57,239461,-75.6072
rff-mff-xff,ff,ff,ff,125,0.9,10000,158218,-67.9020
rff-mff-xff,ff,ff,ff,125,0.9,15848.9,110320,-57.3513
rff-mff-xff,ff,ff,ff,125,0.9,25118.9,83959.4,-44.8679
rff-mff-xff,ff,ff,ff,125,0.9,39810.7,70774.2,-32.8189
rff-mff-xff,ff,ff,ff,125,0.9,63095.7,64755.2,-23.4441
rff-mff-xff,ff,ff,ff,125,0.9,100000,62126.1,-17.5357
rff-mff-xff,ff,ff,ff,125,0.9,158489,60868.2,-14.9237
rff-mff-xff,ff,ff,ff,125,0.9,251189,59915,-15.3544
rff-mff-xff,ff,ff,ff,125,0.9,398107,58466.8,-18.8769
rff-mff-xff,ff,ff,ff,125,0.9,630957,55515.5,-25.7836
rff-mff-xff,ff,ff,ff,125,0.9,1e+06,49788.6,-36.0723
rff-mff-xff,ff,ff,ff,125,0.9,1.58489e+06,40785,-48.5201
rff-mff-xff,ff,ff,ff,125,0.9,2.51189e+06,30182.1,-60.6421
rff-mff-xff,ff,ff,ff,125,0.9,3.98107e+06,20650.4,-70.3966
rff-mff-xff,ff,ff,ff,125,0.9,6.30957e+06,13511.2,-77.3139
rff-mff-xff,ff,ff,ff,125,0.9,1e+07,8655.72,-81.9040
rff-mff-xff,ff,ff,ff,125,0.9,1.58489e+07,5495.36,-84.8573
rff-mff-xff,ff,ff,ff,125,0.9,2.51189e+07,3476.05,-86.7292
rff-mff-xff,ff,ff,ff,125,0.9,3.98107e+07,2195.56,-87.9028
rff-mff-xff,ff,ff,ff,125,0.9,6.30957e+07,1386.08,-88.6269
rff-mff-xff,ff,ff,ff,125,0.9,1e+08,875.017,-89.0604
rff-mff-xff,ff,ff,ff,125,1.35,100,1.44473e+07,-89.7531
rff-mff-xff,ff,ff,ff,125,1.35,158.489,9.11572e+06,-89.6189
rff-mff-xff,ff,ff,ff,125,1.35,251.189,5.75182e+06,-89.4025
rff-mff-xff,ff,ff,ff,125,1.35,398.107,3.62946e+06,-89.0572
rff-mff-xff,ff,ff,ff,125,1.35,630.957,2.29052e+06,-88.5086
rff-mff-xff,ff,ff,ff,125,1.35,1000,1.44598e+06,-87.6388
rff-mff-xff,ff,ff,ff,125,1.35,1584.89,913560,-86.2621
rff-mff-xff,ff,ff,ff,125,1.35,2511.89,578328,-84.0897
rff-mff-xff,ff,ff,ff,125,1.35,3981.07,367910,-80.6854
rff-mff-xff,ff,ff,ff,125,1.35,6309.57,236839,-75.4384
rff-mff-xff,ff,ff,ff,125,1.35,10000,156642,-67.6583
rff-mff-xff,ff,ff,ff,125,1.35,15848.9,109425,-57.0357
rff-mff-xff,ff,ff,ff,125,1.35,25118.9,83497.3,-44.5251
rff-mff-xff,ff,ff,ff,125,1.35,39810.7,70562.6,-32.5156
rff-mff-xff,ff,ff,ff,125,1.35,63095.7,64670.2,-23.2163
rff-mff-xff,ff,ff,ff,125,1.35,100000,62098.1,-17.3807
rff-mff-xff,ff,ff,ff,125,1.35,158489,60864,-14.8233
rff-mff-xff,ff,ff,ff,125,1.35,251189,59920.2,-15.2913
rff-mff-xff,ff,ff,ff,125,1.35,398107,58475.2,-18.8386
rff-mff-xff,ff,ff,ff,125,1.35,630957,55523.9,-25.7618
rff-mff-xff,ff,ff,ff,125,1.35,1e+06,49795.1,-36.0612
rff-mff-xff,ff,ff,ff,125,1.35,1.58489e+06,40788.6,-48.5154
rff-mff-xff,ff,ff,ff,125,1.35,2.51189e+06,30183.6,-60.6405
rff-mff-xff,ff,ff,ff,125,1.35,3.98107e+06,20650.9,-70.3961
rff-mff-xff,ff,ff,ff,125,1.35,6.30957e+06,13511.3,-77.3138
rff-mff-xff,ff,ff,ff,125,1.35,1e+07,8655.76,-81.9040
rff-mff-xff,ff,ff,ff,125,1.35,1.58489e+07,5495.36,-84.8573
rff-mff-xff,ff,ff,ff,125,1.35,2.51189e+07,3476.06,-86.7292
rff-mff-xff,ff,ff,ff,125,1.35,3.98107e+07,2195.56,-87.9028
rff-mff-xff,ff,ff,ff,125,1.35,6.30957e+07,1386.08,-88.6269
rff-mff-xff,ff,ff,ff,125,1.35,1e+08,875.017,-89.0604
rff-mff-xff,ff,ff,ff,125,1.8,100,1.44032e+07,-89.7524
rff-mff-xff,ff,ff,ff,125,1.8,158.489,9.08796e+06,-89.6178
rff-mff-xff,ff,ff,ff,125,1.8,251.189,5.7343e+06,-89.4007
rff-mff-xff,ff,ff,ff,125,1.8,398.107,3.61841e+06,-89.0543
rff-mff-xff,ff,ff,ff,125,1.8,630.957,2.28354e+06,-88.5039
rff-mff-xff,ff,ff,ff,125,1.8,1000,1.44158e+06,-87.6313
rff-mff-xff,ff,ff,ff,125,1.8,1584.89,910790,-86.2503
rff-mff-xff,ff,ff,ff,125,1.8,2511.89,576586,-84.0712
rff-mff-xff,ff,ff,ff,125,1.8,3981.07,366821,-80.6565
rff-mff-xff,ff,ff,ff,125,1.8,6309.57,236166,-75.3944
rff-mff-xff,ff,ff,ff,125,1.8,10000,156237,-67.5949
rff-mff-xff,ff,ff,ff,125,1.8,15848.9,109195,-56.9538
rff-mff-xff,ff,ff,ff,125,1.8,25118.9,83379.1,-44.4364
rff-mff-xff,ff,ff,ff,125,1.8,39810.7,70508.5,-32.4373
rff-mff-xff,ff,ff,ff,125,1.8,63095.7,64648.5,-23.1577
rff-mff-xff,ff,ff,ff,125,1.8,100000,62090.9,-17.3408
rff-mff-xff,ff,ff,ff,125,1.8,158489,60862.9,-14.7975
rff-mff-xff,ff,ff,ff,125,1.8,251189,59921.5,-15.2751
rff-mff-xff,ff,ff,ff,125,1.8,398107,58477.4,-18.8288
rff-mff-xff,ff,ff,ff,125,1.8,630957,55526.1,-25.7562
rff-mff-xff,ff,ff,ff,125,1.8,1e+06,49796.7,-36.0583
rff-mff-xff,ff,ff,ff,125,1.8,1.58489e+06,40789.5,-48.5142
rff-mff-xff,ff,ff,ff,125,1.8,2.51189e+06,30183.9,-60.6401
rff-mff-xff,ff,ff,ff,125,1.8,3.98107e+06,20651,-70.3960
rff-mff-xff,ff,ff,ff,125,1.8,6.30957e+06,13511.3,-77.3138
rff-mff-xff,ff,ff,ff,125,1.8,1e+07,8655.76,-81.9040
rff-mff-xff,ff,ff,ff,125,1.8,1.58489e+07,5495.37,-84.8573
rff-mff-xff,ff,ff,ff,125,1.8,2.51189e+07,3476.06,-86.7292
rff-mff-xff,ff,ff,ff,125,1.8,3.98107e+07,2195.56,-87.9028
rff-mff-xff,ff,ff,ff,125,1.8,6.30957e+07,1386.08,-88.6269
rff-mff-xff,ff,ff,ff,125,1.8,1e+08,875.017,-89.0604
rff-mff-xff,ff,ff,ff,125,2.25,100,1.4392e+07,-89.7522
rff-mff-xff,ff,ff,ff,125,2.25,158.489,9.08085e+06,-89.6175
rff-mff-xff,ff,ff,ff,125,2.25,251.189,5.72982e+06,-89.4002
rff-mff-xff,ff,ff,ff,125,2.25,398.107,3.61558e+06,-89.0535
rff-mff-xff,ff,ff,ff,125,2.25,630.957,2.28176e+06,-88.5027
rff-mff-xff,ff,ff,ff,125,2.25,1000,1.44046e+06,-87.6294
rff-mff-xff,ff,ff,ff,125,2.25,1584.89,910081,-86.2473
rff-mff-xff,ff,ff,ff,125,2.25,2511.89,576140,-84.0664
rff-mff-xff,ff,ff,ff,125,2.25,3981.07,366542,-80.6491
rff-mff-xff,ff,ff,ff,125,2.25,6309.57,235993,-75.3831
rff-mff-xff,ff,ff,ff,125,2.25,10000,156134,-67.5786
rff-mff-xff,ff,ff,ff,125,2.25,15848.9,109137,-56.9328
rff-mff-xff,ff,ff,ff,125,2.25,25118.9,83348.8,-44.4137
rff-mff-xff,ff,ff,ff,125,2.25,39810.7,70494.7,-32.4173
rff-mff-xff,ff,ff,ff,125,2.25,63095.7,64642.9,-23.1427
rff-mff-xff,ff,ff,ff,125,2.25,100000,62089.1,-17.3306
rff-mff-xff,ff,ff,ff,125,2.25,158489,60862.7,-14.7909
rff-mff-xff,ff,ff,ff,125,2.25,251189,59921.9,-15.2709
rff-mff-xff,ff,ff,ff,125,2.25,398107,58477.9,-18.8263
rff-mff-xff,ff,ff,ff,125,2.25,630957,55526.7,-25.7547
rff-mff-xff,ff,ff,ff,125,2.25,1e+06,49797.2,-36.0576
rff-mff-xff,ff,ff,ff,125,2.25,1.58489e+06,40789.8,-48.5139
rff-mff-xff,ff,ff,ff,125,2.25,2.51189e+06,30184,-60.6400
rff-mff-xff,ff,ff,ff,125,2.25,3.98107e+06,20651,-70.3960
rff-mff-xff,ff,ff,ff,125,2.25,6.30957e+06,13511.3,-77.3138
rff-mff-xff,ff,ff,ff,125,2.25,1e+07,8655.77,-81.9040
rff-mff-xff,ff,ff,ff,125,2.25,1.58489e+07,5495.37,-84.8573
rff-mff-xff,ff,ff,ff,125,2.25,2.51189e+07,3476.06,-86.7292
rff-mff-xff,ff,ff,ff,125,2.25,3.98107e+07,2195.56,-87.9028
rff-mff-xff,ff,ff,ff,125,2.25,6.30957e+07,1386.08,-88.6269
rff-mff-xff,ff,ff,ff,125,2.25,1e+08,875.017,-89.0604
rff-mff-xff,ff,ff,ff,125,2.7,100,1.43891e+07,-89.7521
rff-mff-xff,ff,ff,ff,125,2.7,158.489,9.07903e+06,-89.6174
rff-mff-xff,ff,ff,ff,125,2.7,251.189,5.72867e+06,-89.4001
rff-mff-xff,ff,ff,ff,125,2.7,398.107,3.61485e+06,-89.0533
rff-mff-xff,ff,ff,ff,125,2.7,630.957,2.2813e+06,-88.5024
rff-mff-xff,ff,ff,ff,125,2.7,1000,1.44017e+06,-87.6289
rff-mff-xff,ff,ff,ff,125,2.7,1584.89,909899,-86.2465
rff-mff-xff,ff,ff,ff,125,2.7,2511.89,576026,-84.0652
rff-mff-xff,ff,ff,ff,125,2.7,3981.07,366470,-80.6472
rff-mff-xff,ff,ff,ff,125,2.7,6309.57,235949,-75.3802
rff-mff-xff,ff,ff,ff,125,2.7,10000,156107,-67.5744
rff-mff-xff,ff,ff,ff,125,2.7,15848.9,109122,-56.9274
rff-mff-xff,ff,ff,ff,125,2.7,25118.9,83341.1,-44.4079
rff-mff-xff,ff,ff,ff,125,2.7,39810.7,70491.2,-32.4121
rff-mff-xff,ff,ff,ff,125,2.7,63095.7,64641.5,-23.1389
rff-mff-xff,ff,ff,ff,125,2.7,100000,62088.6,-17.3280
rff-mff-xff,ff,ff,ff,125,2.7,158489,60862.6,-14.7892
rff-mff-xff,ff,ff,ff,125,2.7,251189,59922,-15.2699
rff-mff-xff,ff,ff,ff,125,2.7,398107,58478.1,-18.8256
rff-mff-xff,ff,ff,ff,125,2.7,630957,55526.8,-25.7544
rff-mff-xff,ff,ff,ff,125,2.7,1e+06,49797.3,-36.0574
rff-mff-xff,ff,ff,ff,125,2.7,1.58489e+06,40789.8,-48.5138
rff-mff-xff,ff,ff,ff,125,2.7,2.51189e+06,30184.1,-60.6400
rff-mff-xff,ff,ff,ff,125,2.7,3.98107e+06,20651.1,-70.3960
rff-mff-xff,ff,ff,ff,125,2.7,6.30957e+06,13511.3,-77.3138
rff-mff-xff,ff,ff,ff,125,2.7,1e+07,8655.77,-81.9040
rff-mff-xff,ff,ff,ff,125,2.7,1.58489e+07,5495.37,-84.8573
rff-mff-xff,ff,ff,ff,125,2.7,2.51189e+07,3476.06,-86.7292
rff-mff-xff,ff,ff,ff,125,2.7,3.98107e+07,2195.56,-87.9028
rff-mff-xff,ff,ff,ff,125,2.7,6.30957e+07,1386.08,-88.6269
rff-mff-xff,ff,ff,ff,125,2.7,1e+08,875.017,-89.0604
rff-mff-xss,ff,ff,ss,-40,0.3,100,1.57091e+07,-89.7709
rff-mff-xss,ff,ff,ss,-40,0.3,158.489,9.91186e+06,-89.6481
rff-mff-xss,ff,ff,ss,-40,0.3,251.189,6.25414e+06,-89.4494
rff-mff-xss,ff,ff,ss,-40,0.3,398.107,3.94638e+06,-89.1318
rff-mff-xss,ff,ff,ss,-40,0.3,630.957,2.49044e+06,-88.6270
rff-mff-xss,ff,ff,ss,-40,0.3,1000,1.57207e+06,-87.8264
rff-mff-xss,ff,ff,ss,-40,0.3,1584.89,993037,-86.5588
rff-mff-xss,ff,ff,ss,-40,0.3,2511.89,628343,-84.5573
rff-mff-xss,ff,ff,ss,-40,0.3,3981.07,399264,-81.4159
rff-mff-xss,ff,ff,ss,-40,0.3,6309.57,256312,-76.5558
rff-mff-xss,ff,ff,ss,-40,0.3,10000,168484,-69.2875
rff-mff-xss,ff,ff,ss,-40,0.3,15848.9,116333,-59.1915
rff-mff-xss,ff,ff,ss,-40,0.3,25118.9,87289.2,-46.9684
rff-mff-xss,ff,ff,ss,-40,0.3,39810.7,72545.3,-34.8624
rff-mff-xss,ff,ff,ss,-40,0.3,63095.7,65721.4,-25.2884
rff-mff-xss,ff,ff,ss,-40,0.3,100000,62692.4,-19.3026
rff-mff-xss,ff,ff,ss,-40,0.3,158489,61176.1,-16.8906
rff-mff-xss,ff,ff,ss,-40,0.3,251189,59902.3,-17.8788
rff-mff-xss,ff,ff,ss,-40,0.3,398107,57848.1,-22.3500
rff-mff-xss,ff,ff,ss,-40,0.3,630957,53770.1,-30.4752
rff-mff-xss,ff,ff,ss,-40,0.3,1e+06,46492.9,-41.7581
rff-mff-xss,ff,ff,ss,-40,0.3,1.58489e+06,36386.3,-54.2637
rff-mff-xss,ff,ff,ss,-40,0.3,2.51189e+06,25904,-65.4245
rff-mff-xss,ff,ff,ss,-40,0.3,3.98107e+06,17312.7,-73.8579
rff-mff-xss,ff,ff,ss,-40,0.3,6.30957e+06,11199,-79.6349
rff-mff-xss,ff,ff,ss,-40,0.3,1e+07,7139.05,-83.4072
rff-mff-xss,ff,ff,ss,-40,0.3,1.58489e+07,4523.19,-85.8176
rff-mff-xss,ff,ff,ss,-40,0.3,2.51189e+07,2858.75,-87.3411
rff-mff-xss,ff,ff,ss,-40,0.3,3.98107e+07,1805.04,-88.2949
rff-mff-xss,ff,ff,ss,-40,0.3,6.30957e+07,1139.36,-88.8829
rff-mff-xss,ff,ff,ss,-40,0.3,1e+08,719.186,-89.2345
rff-mff-xss,ff,ff,ss,-40,0.9,100,1.45658e+07,-89.7540
rff-mff-xss,ff,ff,ss,-40,0.9,158.489,9.19049e+06,-89.6204
rff-mff-xss,ff,ff,ss,-40,0.9,251.189,5.799e+06,-89.4049
rff-mff-xss,ff,ff,ss,-40,0.9,398.107,3.65923e+06,-89.0611
rff-mff-xss,ff,ff,ss,-40,0.9,630.957,2.3093e+06,-88.5147
rff-mff-xss,ff,ff,ss,-40,0.9,1000,1.45784e+06,-87.6485
rff-mff-xss,ff,ff,ss,-40,0.9,1584.89,921052,-86.2775
rff-mff-xss,ff,ff,ss,-40,0.9,2511.89,583069,-84.1141
rff-mff-xss,ff,ff,ss,-40,0.9,3981.07,370924,-80.7240
rff-mff-xss,ff,ff,ss,-40,0.9,6309.57,238776,-75.4994
rff-mff-xss,ff,ff,ss,-40,0.9,10000,157918,-67.7544
rff-mff-xss,ff,ff,ss,-40,0.9,15848.9,110308,-57.1861
rff-mff-xss,ff,ff,ss,-40,0.9,25118.9,84162.1,-44.7593
rff-mff-xss,ff,ff,ss,-40,0.9,39810.7,71111.6,-32.8803
rff-mff-xss,ff,ff,ss,-40,0.9,63095.7,65151.7,-23.7870
rff-mff-xss,ff,ff,ss,-40,0.9,100000,62514,-18.2766
rff-mff-xss,ff,ff,ss,-40,0.9,158489,61161.7,-16.2270
rff-mff-xss,ff,ff,ss,-40,0.9,251189,59951.7,-17.4652
rff-mff-xss,ff,ff,ss,-40,0.9,398107,57916.1,-22.1039
rff-mff-xss,ff,ff,ss,-40,0.9,630957,53832.3,-30.3406
rff-mff-xss,ff,ff,ss,-40,0.9,1e+06,46535.1,-41.6948
rff-mff-xss,ff,ff,ss,-40,0.9,1.58489e+06,36406.9,-54.2395
rff-mff-xss,ff,ff,ss,-40,0.9,2.51189e+06,25911.5,-65.4170
rff-mff-xss,ff,ff,ss,-40,0.9,3.98107e+06,17315,-73.8559
rff-mff-xss,ff,ff,ss,-40,0.9,6.30957e+06,11199.6,-79.6345
rff-mff-xss,ff,ff,ss,-40,0.9,1e+07,7139.2,-83.4071
rff-mff-xss,ff,ff,ss,-40,0.9,1.58489e+07,4523.23,-85.8177
rff-mff-xss,ff,ff,ss,-40,0.9,2.51189e+07,2858.76,-87.3411
rff-mff-xss,ff,ff,ss,-40,0.9,3.98107e+07,1805.05,-88.2949
rff-mff-xss,ff,ff,ss,-40,0.9,6.30957e+07,1139.36,-88.8829
rff-mff-xss,ff,ff,ss,-40,0.9,1e+08,719.186,-89.2345
rff-mff-xss,ff,ff,ss,-40,1.35,100,1.43957e+07,-89.7512
rff-mff-xss,ff,ff,ss,-40,1.35,158.489,9.08322e+06,-89.6159
rff-mff-xss,ff,ff,ss,-40,1.35,251.189,5.73132e+06,-89.3977
rff-mff-xss,ff,ff,ss,-40,1.35,398.107,3.61653e+06,-89.0496
rff-mff-xss,ff,ff,ss,-40,1.35,630.957,2.28237e+06,-88.4965
rff-mff-xss,ff,ff,ss,-40,1.35,1000,1.44085e+06,-87.6196
rff-mff-xss,ff,ff,ss,-40,1.35,1584.89,910350,-86.2318
rff-mff-xss,ff,ff,ss,-40,1.35,2511.89,576340,-84.0423
rff-mff-xss,ff,ff,ss,-40,1.35,3981.07,366715,-80.6120
rff-mff-xss,ff,ff,ss,-40,1.35,6309.57,236176,-75.3289
rff-mff-xss,ff,ff,ss,-40,1.35,10000,156357,-67.5087
rff-mff-xss,ff,ff,ss,-40,1.35,15848.9,109425,-56.8691
rff-mff-xss,ff,ff,ss,-40,1.35,25118.9,83708.2,-44.4168
rff-mff-xss,ff,ff,ss,-40,1.35,39810.7,70905.8,-32.5788
rff-mff-xss,ff,ff,ss,-40,1.35,63095.7,65070.9,-23.5615
rff-mff-xss,ff,ff,ss,-40,1.35,100000,62489.2,-18.1236
rff-mff-xss,ff,ff,ss,-40,1.35,158489,61160.3,-16.1283
rff-mff-xss,ff,ff,ss,-40,1.35,251189,59959.3,-17.4037
rff-mff-xss,ff,ff,ss,-40,1.35,398107,57926.3,-22.0673
rff-mff-xss,ff,ff,ss,-40,1.35,630957,53841.6,-30.3207
rff-mff-xss,ff,ff,ss,-40,1.35,1e+06,46541.4,-41.6854
rff-mff-xss,ff,ff,ss,-40,1.35,1.58489e+06,36410,-54.2360
rff-mff-xss,ff,ff,ss,-40,1.35,2.51189e+06,25912.6,-65.4159
rff-mff-xss,ff,ff,ss,-40,1.35,3.98107e+06,17315.3,-73.8556
rff-mff-xss,ff,ff,ss,-40,1.35,6.30957e+06,11199.7,-79.6344
rff-mff-xss,ff,ff,ss,-40,1.35,1e+07,7139.23,-83.4071
rff-mff-xss,ff,ff,ss,-40,1.35,1.58489e+07,4523.24,-85.8177
rff-mff-xss,ff,ff,ss,-40,1.35,2.51189e+07,2858.76,-87.3411
rff-mff-xss,ff,ff,ss,-40,1.35,3.98107e+07,1805.05,-88.2949
rff-mff-xss,ff,ff,ss,-40,1.35,6.30957e+07,1139.36,-88.8829
rff-mff-xss,ff,ff,ss,-40,1.35,1e+08,719.186,-89.2345
rff-mff-xss,ff,ff,ss,-40,1.8,100,1.43521e+07,-89.7505
rff-mff-xss,ff,ff,ss,-40,1.8,158.489,9.05566e+06,-89.6147
rff-mff-xss,ff,ff,ss,-40,1.8,251.189,5.71393e+06,-89.3958
rff-mff-xss,ff,ff,ss,-40,1.8,398.107,3.60556e+06,-89.0466
rff-mff-xss,ff,ff,ss,-40,1.8,630.957,2.27545e+06,-88.4917
rff-mff-xss,ff,ff,ss,-40,1.8,1000,1.43649e+06,-87.6121
rff-mff-xss,ff,ff,ss,-40,1.8,1584.89,907599,-86.2199
rff-mff-xss,ff,ff,ss,-40,1.8,2511.89,574611,-84.0235
rff-mff-xss,ff,ff,ss,-40,1.8,3981.07,365634,-80.5828
rff-mff-xss,ff,ff,ss,-40,1.8,6309.57,235508,-75.2845
rff-mff-xss,ff,ff,ss,-40,1.8,10000,155956,-67.4448
rff-mff-xss,ff,ff,ss,-40,1.8,15848.9,109198,-56.7868
rff-mff-xss,ff,ff,ss,-40,1.8,25118.9,83592.1,-44.3282
rff-mff-xss,ff,ff,ss,-40,1.8,39810.7,70853.3,-32.5010
rff-mff-xss,ff,ff,ss,-40,1.8,63095.7,65050.3,-23.5035
rff-mff-xss,ff,ff,ss,-40,1.8,100000,62482.9,-18.0842
rff-mff-xss,ff,ff,ss,-40,1.8,158489,61159.9,-16.1029
rff-mff-xss,ff,ff,ss,-40,1.8,251189,59961.3,-17.3880
rff-mff-xss,ff,ff,ss,-40,1.8,398107,57929,-22.0579
rff-mff-xss,ff,ff,ss,-40,1.8,630957,53844,-30.3155
rff-mff-xss,ff,ff,ss,-40,1.8,1e+06,46543,-41.6830
rff-mff-xss,ff,ff,ss,-40,1.8,1.58489e+06,36410.7,-54.2350
rff-mff-xss,ff,ff,ss,-40,1.8,2.51189e+06,25912.9,-65.4156
rff-mff-xss,ff,ff,ss,-40,1.8,3.98107e+06,17315.4,-73.8556
rff-mff-xss,ff,ff,ss,-40,1.8,6.30957e+06,11199.7,-79.6344
rff-mff-xss,ff,ff,ss,-40,1.8,1e+07,7139.23,-83.4071
rff-mff-xss,ff,ff,ss,-40,1.8,1.58489e+07,4523.24,-85.8177
rff-mff-xss,ff,ff,ss,-40,1.8,2.51189e+07,2858.76,-87.3411
rff-mff-xss,ff,ff,ss,-40,1.8,3.98107e+07,1805.05,-88.2949
rff-mff-xss,ff,ff,ss,-40,1.8,6.30957e+07,1139.36,-88.8829
rff-mff-xss,ff,ff,ss,-40,1.8,1e+08,719.186,-89.2345
rff-mff-xss,ff,ff,ss,-40,2.25,100,1.43409e+07,-89.7503
rff-mff-xss,ff,ff,ss,-40,2.25,158.489,9.0486e+06,-89.6144
rff-mff-xss,ff,ff,ss,-40,2.25,251.189,5.70948e+06,-89.3954
rff-mff-xss,ff,ff,ss,-40,2.25,398.107,3.60275e+06,-89.0458
rff-mff-xss,ff,ff,ss,-40,2.25,630.957,2.27367e+06,-88.4905
rff-mff-xss,ff,ff,ss,-40,2.25,1000,1.43537e+06,-87.6101
rff-mff-xss,ff,ff,ss,-40,2.25,1584.89,906895,-86.2169
rff-mff-xss,ff,ff,ss,-40,2.25,2511.89,574168,-84.0187
rff-mff-xss,ff,ff,ss,-40,2.25,3981.07,365357,-80.5753
rff-mff-xss,ff,ff,ss,-40,2.25,6309.57,235337,-75.2731
rff-mff-xss,ff,ff,ss,-40,2.25,10000,155854,-67.4284
rff-mff-xss,ff,ff,ss,-40,2.25,15848.9,109140,-56.7657
rff-mff-xss,ff,ff,ss,-40,2.25,25118.9,83562.4,-44.3055
rff-mff-xss,ff,ff,ss,-40,2.25,39810.7,70839.8,-32.4811
rff-mff-xss,ff,ff,ss,-40,2.25,63095.7,65045,-23.4886
rff-mff-xss,ff,ff,ss,-40,2.25,100000,62481.3,-18.0741
rff-mff-xss,ff,ff,ss,-40,2.25,158489,61159.9,-16.0965
rff-mff-xss,ff,ff,ss,-40,2.25,251189,59961.8,-17.3839
rff-mff-xss,ff,ff,ss,-40,2.25,398107,57929.6,-22.0555
rff-mff-xss,ff,ff,ss,-40,2.25,630957,53844.6,-30.3142
rff-mff-xss,ff,ff,ss,-40,2.25,1e+06,46543.4,-41.6824
rff-mff-xss,ff,ff,ss,-40,2.25,1.58489e+06,36410.9,-54.2348
rff-mff-xss,ff,ff,ss,-40,2.25,2.51189e+06,25913,-65.4155
rff-mff-xss,ff,ff,ss,-40,2.25,3.98107e+06,17315.4,-73.8555
rff-mff-xss,ff,ff,ss,-40,2.25,6.30957e+06,11199.7,-79.6344
rff-mff-xss,ff,ff,ss,-40,2.25,1e+07,7139.23,-83.4071
rff-mff-xss,ff,ff,ss,-40,2.25,1.58489e+07,4523.24,-85.8177
rff-mff-xss,ff,ff,ss,-40,2.25,2.51189e+07,2858.76,-87.3411
rff-mff-xss,ff,ff,ss,-40,2.25,3.98107e+07,1805.05,-88.2949
rff-mff-xss,ff,ff,ss,-40,2.25,6.30957e+07,1139.36,-88.8829
rff-mff-xss,ff,ff,ss,-40,2.25,1e+08,719.186,-89.2345
rff-mff-xss,ff,ff,ss,-40,2.7,100,1.4338e+07,-89.7502
rff-mff-xss,ff,ff,ss,-40,2.7,158.489,9.04679e+06,-89.6144
rff-mff-xss,ff,ff,ss,-40,2.7,251.189,5.70834e+06,-89.3952
rff-mff-xss,ff,ff,ss,-40,2.7,398.107,3.60203e+06,-89.0456
rff-mff-xss,ff,ff,ss,-40,2.7,630.957,2.27322e+06,-88.4902
rff-mff-xss,ff,ff,ss,-40,2.7,1000,1.43509e+06,-87.6096
rff-mff-xss,ff,ff,ss,-40,2.7,1584.89,906715,-86.2161
rff-mff-xss,ff,ff,ss,-40,2.7,2511.89,574055,-84.0175
rff-mff-xss,ff,ff,ss,-40,2.7,3981.07,365286,-80.5734
rff-mff-xss,ff,ff,ss,-40,2.7,6309.57,235293,-75.2702
rff-mff-xss,ff,ff,ss,-40,2.7,10000,155827,-67.4242
rff-mff-xss,ff,ff,ss,-40,2.7,15848.9,109125,-56.7603
rff-mff-xss,ff,ff,ss,-40,2.7,25118.9,83554.8,-44.2997
rff-mff-xss,ff,ff,ss,-40,2.7,39810.7,70836.4,-32.4760
rff-mff-xss,ff,ff,ss,-40,2.7,63095.7,65043.6,-23.4848
rff-mff-xss,ff,ff,ss,-40,2.7,100000,62480.9,-18.0716
rff-mff-xss,ff,ff,ss,-40,2.7,158489,61159.8,-16.0948
rff-mff-xss,ff,ff,ss,-40,2.7,251189,59961.9,-17.3829
rff-mff-xss,ff,ff,ss,-40,2.7,398107,57929.8,-22.0549
rff-mff-xss,ff,ff,ss,-40,2.7,630957,53844.8,-30.3139
rff-mff-xss,ff,ff,ss,-40,2.7,1e+06,46543.5,-41.6822
rff-mff-xss,ff,ff,ss,-40,2.7,1.58489e+06,36411,-54.2347
rff-mff-xss,ff,ff,ss,-40,2.7,2.51189e+06,25913,-65.4155
rff-mff-xss,ff,ff,ss,-40,2.7,3.98107e+06,17315.4,-73.8555
rff-mff-xss,ff,ff,ss,-40,2.7,6.30957e+06,11199.7,-79.6344
rff-mff-xss,ff,ff,ss,-40,2.7,1e+07,7139.23,-83.4071
rff-mff-xss,ff,ff,ss,-40,2.7,1.58489e+07,4523.24,-85.8177
rff-mff-xss,ff,ff,ss,-40,2.7,2.51189e+07,2858.76,-87.3411
rff-mff-xss,ff,ff,ss,-40,2.7,3.98107e+07,1805.05,-88.2949
rff-mff-xss,ff,ff,ss,-40,2.7,6.30957e+07,1139.36,-88.8829
rff-mff-xss,ff,ff,ss,-40,2.7,1e+08,719.186,-89.2345
rff-mff-xss,ff,ff,ss,27,0.3,100,1.57086e+07,-89.7730
rff-mff-xss,ff,ff,ss,27,0.3,158.489,9.91159e+06,-89.6513
rff-mff-xss,ff,ff,ss,27,0.3,251.189,6.25397e+06,-89.4545
rff-mff-xss,ff,ff,ss,27,0.3,398.107,3.94626e+06,-89.1399
rff-mff-xss,ff,ff,ss,27,0.3,630.957,2.49036e+06,-88.6397
rff-mff-xss,ff,ff,ss,27,0.3,1000,1.57201e+06,-87.8466
rff-mff-xss,ff,ff,ss,27,0.3,1584.89,992976,-86.5907
rff-mff-xss,ff,ff,ss,27,0.3,2511.89,628272,-84.6076
rff-mff-xss,ff,ff,ss,27,0.3,3981.07,399168,-81.4945
rff-mff-xss,ff,ff,ss,27,0.3,6309.57,256172,-76.6760
rff-mff-xss,ff,ff,ss,27,0.3,10000,168276,-69.4628
rff-mff-xss,ff,ff,ss,27,0.3,15848.9,116036,-59.4228
rff-mff-xss,ff,ff,ss,27,0.3,25118.9,86894.1,-47.2252
rff-mff-xss,ff,ff,ss,27,0.3,39810.7,72071,-35.0907
rff-mff-xss,ff,ff,ss,27,0.3,63095.7,65199.5,-25.4512
rff-mff-xss,ff,ff,ss,27,0.3,100000,62149.5,-19.3931
rff-mff-xss,ff,ff,ss,27,0.3,158489,60630.7,-16.9142
rff-mff-xss,ff,ff,ss,27,0.3,251189,59372,-17.8386
rff-mff-xss,ff,ff,ss,27,0.3,398107,57359.9,-22.2437
rff-mff-xss,ff,ff,ss,27,0.3,630957,53366.9,-30.3036
rff-mff-xss,ff,ff,ss,27,0.3,1e+06,46217.2,-41.5420
rff-mff-xss,ff,ff,ss,27,0.3,1.58489e+06,36236.9,-54.0488
rff-mff-xss,ff,ff,ss,27,0.3,2.51189e+06,25834.7,-65.2501
rff-mff-xss,ff,ff,ss,27,0.3,3.98107e+06,17280.5,-73.7339
rff-mff-xss,ff,ff,ss,27,0.3,6.30957e+06,11182.5,-79.5526
rff-mff-xss,ff,ff,ss,27,0.3,1e+07,7129.69,-83.3542
rff-mff-xss,ff,ff,ss,27,0.3,1.58489e+07,4517.57,-85.7840
rff-mff-xss,ff,ff,ss,27,0.3,2.51189e+07,2855.27,-87.3200
rff-mff-xss,ff,ff,ss,27,0.3,3.98107e+07,1802.86,-88.2818
rff-mff-xss,ff,ff,ss,27,0.3,6.30957e+07,1137.98,-88.8751
rff-mff-xss,ff,ff,ss,27,0.3,1e+08,718.316,-89.2301
rff-mff-xss,ff,ff,ss,27,0.9,100,1.45654e+07,-89.7562
rff-mff-xss,ff,ff,ss,27,0.9,158.489,9.19027e+06,-89.6239
rff-mff-xss,ff,ff,ss,27,0.9,251.189,5.79886e+06,-89.4104
rff-mff-xss,ff,ff,ss,27,0.9,398.107,3.65913e+06,-89.0698
rff-mff-xss,ff,ff,ss,27,0.9,630.957,2.30923e+06,-88.5285
rff-mff-xss,ff,ff,ss,27,0.9,1000,1.45778e+06,-87.6703
rff-mff-xss,ff,ff,ss,27,0.9,1584.89,920992,-86.3120
rff-mff-xss,ff,ff,ss,27,0.9,2511.89,582996,-84.1684
rff-mff-xss,ff,ff,ss,27,0.9,3981.07,370823,-80.8087
rff-mff-xss,ff,ff,ss,27,0.9,6309.57,238626,-75.6282
rff-mff-xss,ff,ff,ss,27,0.9,10000,157696,-67.9400
rff-mff-xss,ff,ff,ss,27,0.9,15848.9,109994,-57.4253
rff-mff-xss,ff,ff,ss,27,0.9,25118.9,83751.3,-45.0160
rff-mff-xss,ff,ff,ss,27,0.9,39810.7,70626.2,-33.1005
rff-mff-xss,ff,ff,ss,27,0.9,63095.7,64623.6,-23.9394
rff-mff-xss,ff,ff,ss,27,0.9,100000,61967.9,-18.3585
rff-mff-xss,ff,ff,ss,27,0.9,158489,60614.5,-16.2446
rff-mff-xss,ff,ff,ss,27,0.9,251189,59420.3,-17.4209
rff-mff-xss,ff,ff,ss,27,0.9,398107,57427.3,-21.9949
rff-mff-xss,ff,ff,ss,27,0.9,630957,53428.9,-30.1672
rff-mff-xss,ff,ff,ss,27,0.9,1e+06,46259.5,-41.4777
rff-mff-xss,ff,ff,ss,27,0.9,1.58489e+06,36257.6,-54.0241
rff-mff-xss,ff,ff,ss,27,0.9,2.51189e+06,25842.3,-65.2424
rff-mff-xss,ff,ff,ss,27,0.9,3.98107e+06,17282.8,-73.7319
rff-mff-xss,ff,ff,ss,27,0.9,6.30957e+06,11183.1,-79.5521
rff-mff-xss,ff,ff,ss,27,0.9,1e+07,7129.84,-83.3541
rff-mff-xss,ff,ff,ss,27,0.9,1.58489e+07,4517.61,-85.7840
rff-mff-xss,ff,ff,ss,27,0.9,2.51189e+07,2855.28,-87.3200
rff-mff-xss,ff,ff,ss,27,0.9,3.98107e+07,1802.87,-88.2819
rff-mff-xss,ff,ff,ss,27,0.9,6.30957e+07,1137.98,-88.8751
rff-mff-xss,ff,ff,ss,27,0.9,1e+08,718.316,-89.2301
rff-mff-xss,ff,ff,ss,27,1.35,100,1.43954e+07,-89.7534
rff-mff-xss,ff,ff,ss,27,1.35,158.489,9.083e+06,-89.6194
rff-mff-xss,ff,ff,ss,27,1.35,251.189,5.73118e+06,-89.4033
rff-mff-xss,ff,ff,ss,27,1.35,398.107,3.61643e+06,-89.0584
rff-mff-xss,ff,ff,ss,27,1.35,630.957,2.2823e+06,-88.5105
rff-mff-xss,ff,ff,ss,27,1.35,1000,1.4408e+06,-87.6417
rff-mff-xss,ff,ff,ss,27,1.35,1584.89,910290,-86.2667
rff-mff-xss,ff,ff,ss,27,1.35,2511.89,576266,-84.0972
rff-mff-xss,ff,ff,ss,27,1.35,3981.07,366613,-80.6976
rff-mff-xss,ff,ff,ss,27,1.35,6309.57,236025,-75.4591
rff-mff-xss,ff,ff,ss,27,1.35,10000,156133,-67.6959
rff-mff-xss,ff,ff,ss,27,1.35,15848.9,109108,-57.1095
rff-mff-xss,ff,ff,ss,27,1.35,25118.9,83295,-44.6733
rff-mff-xss,ff,ff,ss,27,1.35,39810.7,70418.8,-32.7976
rff-mff-xss,ff,ff,ss,27,1.35,63095.7,64541.8,-23.7124
rff-mff-xss,ff,ff,ss,27,1.35,100000,61942.7,-18.2041
rff-mff-xss,ff,ff,ss,27,1.35,158489,60612.9,-16.1450
rff-mff-xss,ff,ff,ss,27,1.35,251189,59427.8,-17.3589
rff-mff-xss,ff,ff,ss,27,1.35,398107,57437.4,-21.9580
rff-mff-xss,ff,ff,ss,27,1.35,630957,53438.2,-30.1470
rff-mff-xss,ff,ff,ss,27,1.35,1e+06,46265.8,-41.4681
rff-mff-xss,ff,ff,ss,27,1.35,1.58489e+06,36260.7,-54.0205
rff-mff-xss,ff,ff,ss,27,1.35,2.51189e+06,25843.4,-65.2413
rff-mff-xss,ff,ff,ss,27,1.35,3.98107e+06,17283.1,-73.7316
rff-mff-xss,ff,ff,ss,27,1.35,6.30957e+06,11183.2,-79.5521
rff-mff-xss,ff,ff,ss,27,1.35,1e+07,7129.87,-83.3541
rff-mff-xss,ff,ff,ss,27,1.35,1.58489e+07,4517.61,-85.7840
rff-mff-xss,ff,ff,ss,27,1.35,2.51189e+07,2855.28,-87.3200
rff-mff-xss,ff,ff,ss,27,1.35,3.98107e+07,1802.87,-88.2819
rff-mff-xss,ff,ff,ss,27,1.35,6.30957e+07,1137.98,-88.8751
rff-mff-xss,ff,ff,ss,27,1.35,1e+08,718.316,-89.2301
rff-mff-xss,ff,ff,ss,27,1.8,100,1.43517e+07,-89.7527
rff-mff-xss,ff,ff,ss,27,1.8,158.489,9.05544e+06,-89.6183
rff-mff-xss,ff,ff,ss,27,1.8,251.189,5.71379e+06,-89.4014
rff-mff-xss,ff,ff,ss,27,1.8,398.107,3.60546e+06,-89.0554
rff-mff-xss,ff,ff,ss,27,1.8,630.957,2.27538e+06,-88.5057
rff-mff-xss,ff,ff,ss,27,1.8,1000,1.43643e+06,-87.6342
rff-mff-xss,ff,ff,ss,27,1.8,1584.89,907540,-86.2549
rff-mff-xss,ff,ff,ss,27,1.8,2511.89,574537,-84.0786
rff-mff-xss,ff,ff,ss,27,1.8,3981.07,365531,-80.6687
rff-mff-xss,ff,ff,ss,27,1.8,6309.57,235356,-75.4151
rff-mff-xss,ff,ff,ss,27,1.8,10000,155732,-67.6324
rff-mff-xss,ff,ff,ss,27,1.8,15848.9,108880,-57.0275
rff-mff-xss,ff,ff,ss,27,1.8,25118.9,83178.2,-44.5846
rff-mff-xss,ff,ff,ss,27,1.8,39810.7,70365.8,-32.7195
rff-mff-xss,ff,ff,ss,27,1.8,63095.7,64521,-23.6539
rff-mff-xss,ff,ff,ss,27,1.8,100000,61936.2,-18.1645
rff-mff-xss,ff,ff,ss,27,1.8,158489,60612.5,-16.1194
rff-mff-xss,ff,ff,ss,27,1.8,251189,59429.7,-17.3429
rff-mff-xss,ff,ff,ss,27,1.8,398107,57440,-21.9485
rff-mff-xss,ff,ff,ss,27,1.8,630957,53440.6,-30.1418
rff-mff-xss,ff,ff,ss,27,1.8,1e+06,46267.4,-41.4657
rff-mff-xss,ff,ff,ss,27,1.8,1.58489e+06,36261.5,-54.0195
rff-mff-xss,ff,ff,ss,27,1.8,2.51189e+06,25843.7,-65.2410
rff-mff-xss,ff,ff,ss,27,1.8,3.98107e+06,17283.2,-73.7315
rff-mff-xss,ff,ff,ss,27,1.8,6.30957e+06,11183.2,-79.5521
rff-mff-xss,ff,ff,ss,27,1.8,1e+07,7129.87,-83.3541
rff-mff-xss,ff,ff,ss,27,1.8,1.58489e+07,4517.61,-85.7840
rff-mff-xss,ff,ff,ss,27,1.8,2.51189e+07,2855.28,-87.3200
rff-mff-xss,ff,ff,ss,27,1.8,3.98107e+07,1802.87,-88.2819
rff-mff-xss,ff,ff,ss,27,1.8,6.30957e+07,1137.98,-88.8751
rff-mff-xss,ff,ff,ss,27,1.8,1e+08,718.316,-89.2301
rff-mff-xss,ff,ff,ss,27,2.25,100,1.43405e+07,-89.7525
rff-mff-xss,ff,ff,ss,27,2.25,158.489,9.04838e+06,-89.6180
rff-mff-xss,ff,ff,ss,27,2.25,251.189,5.70933e+06,-89.4009
rff-mff-xss,ff,ff,ss,27,2.25,398.107,3.60265e+06,-89.0547
rff-mff-xss,ff,ff,ss,27,2.25,630.957,2.2736e+06,-88.5045
rff-mff-xss,ff,ff,ss,27,2.25,1000,1.43531e+06,-87.6323
rff-mff-xss,ff,ff,ss,27,2.25,1584.89,906836,-86.2519
rff-mff-xss,ff,ff,ss,27,2.25,2511.89,574094,-84.0739
rff-mff-xss,ff,ff,ss,27,2.25,3981.07,365254,-80.6613
rff-mff-xss,ff,ff,ss,27,2.25,6309.57,235185,-75.4037
rff-mff-xss,ff,ff,ss,27,2.25,10000,155629,-67.6161
rff-mff-xss,ff,ff,ss,27,2.25,15848.9,108822,-57.0064
rff-mff-xss,ff,ff,ss,27,2.25,25118.9,83148.4,-44.5619
rff-mff-xss,ff,ff,ss,27,2.25,39810.7,70352.3,-32.6995
rff-mff-xss,ff,ff,ss,27,2.25,63095.7,64515.7,-23.6389
rff-mff-xss,ff,ff,ss,27,2.25,100000,61934.6,-18.1543
rff-mff-xss,ff,ff,ss,27,2.25,158489,60612.4,-16.1128
rff-mff-xss,ff,ff,ss,27,2.25,251189,59430.2,-17.3388
rff-mff-xss,ff,ff,ss,27,2.25,398107,57440.7,-21.9460
rff-mff-xss,ff,ff,ss,27,2.25,630957,53441.2,-30.1405
rff-mff-xss,ff,ff,ss,27,2.25,1e+06,46267.8,-41.4650
rff-mff-xss,ff,ff,ss,27,2.25,1.58489e+06,36261.7,-54.0193
rff-mff-xss,ff,ff,ss,27,2.25,2.51189e+06,25843.7,-65.2409
rff-mff-xss,ff,ff,ss,27,2.25,3.98107e+06,17283.2,-73.7315
rff-mff-xss,ff,ff,ss,27,2.25,6.30957e+06,11183.2,-79.5520
rff-mff-xss,ff,ff,ss,27,2.25,1e+07,7129.88,-83.3541
rff-mff-xss,ff,ff,ss,27,2.25,1.58489e+07,4517.61,-85.7840
rff-mff-xss,ff,ff,ss,27,2.25,2.51189e+07,2855.28,-87.3200
rff-mff-xss,ff,ff,ss,27,2.25,3.98107e+07,1802.87,-88.2819
rff-mff-xss,ff,ff,ss,27,2.25,6.30957e+07,1137.98,-88.8751
rff-mff-xss,ff,ff,ss,27,2.25,1e+08,718.316,-89.2301
rff-mff-xss,ff,ff,ss,27,2.7,100,1.43377e+07,-89.7525
rff-mff-xss,ff,ff,ss,27,2.7,158.489,9.04657e+06,-89.6179
rff-mff-xss,ff,ff,ss,27,2.7,251.189,5.70819e+06,-89.4008
rff-mff-xss,ff,ff,ss,27,2.7,398.107,3.60193e+06,-89.0545
rff-mff-xss,ff,ff,ss,27,2.7,630.957,2.27315e+06,-88.5042
rff-mff-xss,ff,ff,ss,27,2.7,1000,1.43503e+06,-87.6318
rff-mff-xss,ff,ff,ss,27,2.7,1584.89,906655,-86.2511
rff-mff-xss,ff,ff,ss,27,2.7,2511.89,573981,-84.0726
rff-mff-xss,ff,ff,ss,27,2.7,3981.07,365183,-80.6594
rff-mff-xss,ff,ff,ss,27,2.7,6309.57,235141,-75.4008
rff-mff-xss,ff,ff,ss,27,2.7,10000,155603,-67.6119
rff-mff-xss,ff,ff,ss,27,2.7,15848.9,108807,-57.0010
rff-mff-xss,ff,ff,ss,27,2.7,25118.9,83140.7,-44.5561
rff-mff-xss,ff,ff,ss,27,2.7,39810.7,70348.8,-32.6944
rff-mff-xss,ff,ff,ss,27,2.7,63095.7,64514.3,-23.6351
rff-mff-xss,ff,ff,ss,27,2.7,100000,61934.2,-18.1517
rff-mff-xss,ff,ff,ss,27,2.7,158489,60612.4,-16.1111
rff-mff-xss,ff,ff,ss,27,2.7,251189,59430.3,-17.3378
rff-mff-xss,ff,ff,ss,27,2.7,398107,57440.8,-21.9454
rff-mff-xss,ff,ff,ss,27,2.7,630957,53441.3,-30.1401
rff-mff-xss,ff,ff,ss,27,2.7,1e+06,46267.9,-41.4649
rff-mff-xss,ff,ff,ss,27,2.7,1.58489e+06,36261.8,-54.0192
rff-mff-xss,ff,ff,ss,27,2.7,2.51189e+06,25843.8,-65.2409
rff-mff-xss,ff,ff,ss,27,2.7,3.98107e+06,17283.3,-73.7315
rff-mff-xss,ff,ff,ss,27,2.7,6.30957e+06,11183.2,-79.5520
rff-mff-xss,ff,ff,ss,27,2.7,1e+07,7129.88,-83.3541
rff-mff-xss,ff,ff,ss,27,2.7,1.58489e+07,4517.61,-85.7840
rff-mff-xss,ff,ff,ss,27,2.7,2.51189e+07,2855.28,-87.3200
rff-mff-xss,ff,ff,ss,27,2.7,3.98107e+07,1802.87,-88.2819
rff-mff-xss,ff,ff,ss,27,2.7,6.30957e+07,1137.98,-88.8751
rff-mff-xss,ff,ff,ss,27,2.7,1e+08,718.316,-89.2301
rff-mff-xss,ff,ff,ss,125,0.3,100,1.57083e+07,-89.7735
rff-mff-xss,ff,ff,ss,125,0.3,158.489,9.91141e+06,-89.6521
rff-mff-xss,ff,ff,ss,125,0.3,251.189,6.25385e+06,-89.4557
rff-mff-xss,ff,ff,ss,125,0.3,398.107,3.94619e+06,-89.1419
rff-mff-xss,ff,ff,ss,125,0.3,630.957,2.49031e+06,-88.6430
rff-mff-xss,ff,ff,ss,125,0.3,1000,1.57198e+06,-87.8517
rff-mff-xss,ff,ff,ss,125,0.3,1584.89,992949,-86.5988
rff-mff-xss,ff,ff,ss,125,0.3,2511.89,628247,-84.6204
rff-mff-xss,ff,ff,ss,125,0.3,3981.07,399139,-81.5144
rff-mff-xss,ff,ff,ss,125,0.3,6309.57,256134,-76.7065
rff-mff-xss,ff,ff,ss,125,0.3,10000,168222,-69.5074
rff-mff-xss,ff,ff,ss,125,0.3,15848.9,115960,-59.4817
rff-mff-xss,ff,ff,ss,125,0.3,25118.9,86793.8,-47.2910
rff-mff-xss,ff,ff,ss,125,0.3,39810.7,71950.7,-35.1497
rff-mff-xss,ff,ff,ss,125,0.3,63095.7,65067.2,-25.4943
rff-mff-xss,ff,ff,ss,125,0.3,100000,62011.8,-19.4189
rff-mff-xss,ff,ff,ss,125,0.3,158489,60492,-16.9245
rff-mff-xss,ff,ff,ss,125,0.3,251189,59236.2,-17.8349
rff-mff-xss,ff,ff,ss,125,0.3,398107,57232.9,-22.2265
rff-mff-xss,ff,ff,ss,125,0.3,630957,53258,-30.2732
rff-mff-xss,ff,ff,ss,125,0.3,1e+06,46136.4,-41.5028
rff-mff-xss,ff,ff,ss,125,0.3,1.58489e+06,36185.8,-54.0094
rff-mff-xss,ff,ff,ss,125,0.3,2.51189e+06,25805.2,-65.2179
rff-mff-xss,ff,ff,ss,125,0.3,3.98107e+06,17263.4,-73.7110
rff-mff-xss,ff,ff,ss,125,0.3,6.30957e+06,11172.2,-79.5373
rff-mff-xss,ff,ff,ss,125,0.3,1e+07,7123.37,-83.3444
rff-mff-xss,ff,ff,ss,125,0.3,1.58489e+07,4513.62,-85.7778
rff-mff-xss,ff,ff,ss,125,0.3,2.51189e+07,2852.79,-87.3161
rff-mff-xss,ff,ff,ss,125,0.3,3.98107e+07,1801.3,-88.2795
rff-mff-xss,ff,ff,ss,125,0.3,6.30957e+07,1137,-88.8737
rff-mff-xss,ff,ff,ss,125,0.3,1e+08,717.692,-89.2294
rff-mff-xss,ff,ff,ss,125,0.9,100,1.45651e+07,-89.7567
rff-mff-xss,ff,ff,ss,125,0.9,158.489,9.1901e+06,-89.6248
rff-mff-xss,ff,ff,ss,125,0.9,251.189,5.79875e+06,-89.4118
rff-mff-xss,ff,ff,ss,125,0.9,398.107,3.65906e+06,-89.0720
rff-mff-xss,ff,ff,ss,125,0.9,630.957,2.30919e+06,-88.5320
rff-mff-xss,ff,ff,ss,125,0.9,1000,1.45775e+06,-87.6758
rff-mff-xss,ff,ff,ss,125,0.9,1584.89,920967,-86.3207
rff-mff-xss,ff,ff,ss,125,0.9,2511.89,582971,-84.1822
rff-mff-xss,ff,ff,ss,125,0.9,3981.07,370793,-80.8301
rff-mff-xss,ff,ff,ss,125,0.9,6309.57,238586,-75.6609
rff-mff-xss,ff,ff,ss,125,0.9,10000,157639,-67.9871
rff-mff-xss,ff,ff,ss,125,0.9,15848.9,109914,-57.4863
rff-mff-xss,ff,ff,ss,125,0.9,25118.9,83647,-45.0817
rff-mff-xss,ff,ff,ss,125,0.9,39810.7,70503.2,-33.1575
rff-mff-xss,ff,ff,ss,125,0.9,63095.7,64489.7,-23.9800
rff-mff-xss,ff,ff,ss,125,0.9,100000,61829.4,-18.3821
rff-mff-xss,ff,ff,ss,125,0.9,158489,60475.4,-16.2533
rff-mff-xss,ff,ff,ss,125,0.9,251189,59284.2,-17.4162
rff-mff-xss,ff,ff,ss,125,0.9,398107,57300.1,-21.9770
rff-mff-xss,ff,ff,ss,125,0.9,630957,53319.9,-30.1365
rff-mff-xss,ff,ff,ss,125,0.9,1e+06,46178.6,-41.4382
rff-mff-xss,ff,ff,ss,125,0.9,1.58489e+06,36206.6,-53.9846
rff-mff-xss,ff,ff,ss,125,0.9,2.51189e+06,25812.8,-65.2102
rff-mff-xss,ff,ff,ss,125,0.9,3.98107e+06,17265.7,-73.7090
rff-mff-xss,ff,ff,ss,125,0.9,6.30957e+06,11172.8,-79.5369
rff-mff-xss,ff,ff,ss,125,0.9,1e+07,7123.53,-83.3443
rff-mff-xss,ff,ff,ss,125,0.9,1.58489e+07,4513.66,-85.7778
rff-mff-xss,ff,ff,ss,125,0.9,2.51189e+07,2852.8,-87.3161
rff-mff-xss,ff,ff,ss,125,0.9,3.98107e+07,1801.3,-88.2795
rff-mff-xss,ff,ff,ss,125,0.9,6.30957e+07,1137,-88.8737
rff-mff-xss,ff,ff,ss,125,0.9,1e+08,717.693,-89.2294
rff-mff-xss,ff,ff,ss,125,1.35,100,1.43951e+07,-89.7540
rff-mff-xss,ff,ff,ss,125,1.35,158.489,9.08284e+06,-89.6203
rff-mff-xss,ff,ff,ss,125,1.35,251.189,5.73108e+06,-89.4047
rff-mff-xss,ff,ff,ss,125,1.35,398.107,3.61637e+06,-89.0606
rff-mff-xss,ff,ff,ss,125,1.35,630.957,2.28225e+06,-88.5140
rff-mff-xss,ff,ff,ss,125,1.35,1000,1.44076e+06,-87.6473
rff-mff-xss,ff,ff,ss,125,1.35,1584.89,910265,-86.2756
rff-mff-xss,ff,ff,ss,125,1.35,2511.89,576241,-84.1111
rff-mff-xss,ff,ff,ss,125,1.35,3981.07,366583,-80.7193
rff-mff-xss,ff,ff,ss,125,1.35,6309.57,235984,-75.4921
rff-mff-xss,ff,ff,ss,125,1.35,10000,156075,-67.7435
rff-mff-xss,ff,ff,ss,125,1.35,15848.9,109027,-57.1707
rff-mff-xss,ff,ff,ss,125,1.35,25118.9,83190.2,-44.7390
rff-mff-xss,ff,ff,ss,125,1.35,39810.7,70295.4,-32.8543
rff-mff-xss,ff,ff,ss,125,1.35,63095.7,64407.8,-23.7525
rff-mff-xss,ff,ff,ss,125,1.35,100000,61804,-18.2274
rff-mff-xss,ff,ff,ss,125,1.35,158489,60473.7,-16.1535
rff-mff-xss,ff,ff,ss,125,1.35,251189,59291.7,-17.3540
rff-mff-xss,ff,ff,ss,125,1.35,398107,57310.2,-21.9399
rff-mff-xss,ff,ff,ss,125,1.35,630957,53329.2,-30.1162
rff-mff-xss,ff,ff,ss,125,1.35,1e+06,46184.9,-41.4286
rff-mff-xss,ff,ff,ss,125,1.35,1.58489e+06,36209.6,-53.9809
rff-mff-xss,ff,ff,ss,125,1.35,2.51189e+06,25813.9,-65.2091
rff-mff-xss,ff,ff,ss,125,1.35,3.98107e+06,17266.1,-73.7087
rff-mff-xss,ff,ff,ss,125,1.35,6.30957e+06,11172.9,-79.5368
rff-mff-xss,ff,ff,ss,125,1.35,1e+07,7123.55,-83.3443
rff-mff-xss,ff,ff,ss,125,1.35,1.58489e+07,4513.67,-85.7778
rff-mff-xss,ff,ff,ss,125,1.35,2.51189e+07,2852.8,-87.3161
rff-mff-xss,ff,ff,ss,125,1.35,3.98107e+07,1801.3,-88.2795
rff-mff-xss,ff,ff,ss,125,1.35,6.30957e+07,1137,-88.8737
rff-mff-xss,ff,ff,ss,125,1.35,1e+08,717.693,-89.2294
rff-mff-xss,ff,ff,ss,125,1.8,100,1.43515e+07,-89.7533
rff-mff-xss,ff,ff,ss,125,1.8,158.489,9.05528e+06,-89.6191
rff-mff-xss,ff,ff,ss,125,1.8,251.189,5.71369e+06,-89.4028
rff-mff-xss,ff,ff,ss,125,1.8,398.107,3.6054e+06,-89.0577
rff-mff-xss,ff,ff,ss,125,1.8,630.957,2.27533e+06,-88.5093
rff-mff-xss,ff,ff,ss,125,1.8,1000,1.4364e+06,-87.6398
rff-mff-xss,ff,ff,ss,125,1.8,1584.89,907515,-86.2638
rff-mff-xss,ff,ff,ss,125,1.8,2511.89,574512,-84.0926
rff-mff-xss,ff,ff,ss,125,1.8,3981.07,365501,-80.6905
rff-mff-xss,ff,ff,ss,125,1.8,6309.57,235316,-75.4482
rff-mff-xss,ff,ff,ss,125,1.8,10000,155674,-67.6801
rff-mff-xss,ff,ff,ss,125,1.8,15848.9,108800,-57.0888
rff-mff-xss,ff,ff,ss,125,1.8,25118.9,83073.3,-44.6503
rff-mff-xss,ff,ff,ss,125,1.8,39810.7,70242.3,-32.7761
rff-mff-xss,ff,ff,ss,125,1.8,63095.7,64386.9,-23.6939
rff-mff-xss,ff,ff,ss,125,1.8,100000,61797.6,-18.1876
rff-mff-xss,ff,ff,ss,125,1.8,158489,60473.2,-16.1278
rff-mff-xss,ff,ff,ss,125,1.8,251189,59293.6,-17.3381
rff-mff-xss,ff,ff,ss,125,1.8,398107,57312.8,-21.9304
rff-mff-xss,ff,ff,ss,125,1.8,630957,53331.5,-30.1110
rff-mff-xss,ff,ff,ss,125,1.8,1e+06,46186.5,-41.4262
rff-mff-xss,ff,ff,ss,125,1.8,1.58489e+06,36210.4,-53.9800
rff-mff-xss,ff,ff,ss,125,1.8,2.51189e+06,25814.2,-65.2088
rff-mff-xss,ff,ff,ss,125,1.8,3.98107e+06,17266.1,-73.7086
rff-mff-xss,ff,ff,ss,125,1.8,6.30957e+06,11173,-79.5368
rff-mff-xss,ff,ff,ss,125,1.8,1e+07,7123.56,-83.3443
rff-mff-xss,ff,ff,ss,125,1.8,1.58489e+07,4513.67,-85.7778
rff-mff-xss,ff,ff,ss,125,1.8,2.51189e+07,2852.8,-87.3161
rff-mff-xss,ff,ff,ss,125,1.8,3.98107e+07,1801.3,-88.2795
rff-mff-xss,ff,ff,ss,125,1.8,6.30957e+07,1137,-88.8737
rff-mff-xss,ff,ff,ss,125,1.8,1e+08,717.693,-89.2294
rff-mff-xss,ff,ff,ss,125,2.25,100,1.43403e+07,-89.7531
rff-mff-xss,ff,ff,ss,125,2.25,158.489,9.04822e+06,-89.6188
rff-mff-xss,ff,ff,ss,125,2.25,251.189,5.70923e+06,-89.4024
rff-mff-xss,ff,ff,ss,125,2.25,398.107,3.60259e+06,-89.0569
rff-mff-xss,ff,ff,ss,125,2.25,630.957,2.27356e+06,-88.5081
rff-mff-xss,ff,ff,ss,125,2.25,1000,1.43528e+06,-87.6379
rff-mff-xss,ff,ff,ss,125,2.25,1584.89,906810,-86.2608
rff-mff-xss,ff,ff,ss,125,2.25,2511.89,574069,-84.0878
rff-mff-xss,ff,ff,ss,125,2.25,3981.07,365224,-80.6830
rff-mff-xss,ff,ff,ss,125,2.25,6309.57,235144,-75.4369
rff-mff-xss,ff,ff,ss,125,2.25,10000,155571,-67.6638
rff-mff-xss,ff,ff,ss,125,2.25,15848.9,108741,-57.0677
rff-mff-xss,ff,ff,ss,125,2.25,25118.9,83043.4,-44.6276
rff-mff-xss,ff,ff,ss,125,2.25,39810.7,70228.8,-32.7561
rff-mff-xss,ff,ff,ss,125,2.25,63095.7,64381.5,-23.6789
rff-mff-xss,ff,ff,ss,125,2.25,100000,61795.9,-18.1774
rff-mff-xss,ff,ff,ss,125,2.25,158489,60473.1,-16.1213
rff-mff-xss,ff,ff,ss,125,2.25,251189,59294.1,-17.3340
rff-mff-xss,ff,ff,ss,125,2.25,398107,57313.5,-21.9280
rff-mff-xss,ff,ff,ss,125,2.25,630957,53332.2,-30.1097
rff-mff-xss,ff,ff,ss,125,2.25,1e+06,46187,-41.4256
rff-mff-xss,ff,ff,ss,125,2.25,1.58489e+06,36210.6,-53.9797
rff-mff-xss,ff,ff,ss,125,2.25,2.51189e+06,25814.2,-65.2087
rff-mff-xss,ff,ff,ss,125,2.25,3.98107e+06,17266.2,-73.7086
rff-mff-xss,ff,ff,ss,125,2.25,6.30957e+06,11173,-79.5368
rff-mff-xss,ff,ff,ss,125,2.25,1e+07,7123.56,-83.3443
rff-mff-xss,ff,ff,ss,125,2.25,1.58489e+07,4513.67,-85.7778
rff-mff-xss,ff,ff,ss,125,2.25,2.51189e+07,2852.8,-87.3161
rff-mff-xss,ff,ff,ss,125,2.25,3.98107e+07,1801.3,-88.2795
rff-mff-xss,ff,ff,ss,125,2.25,6.30957e+07,1137,-88.8737
rff-mff-xss,ff,ff,ss,125,2.25,1e+08,717.693,-89.2294
rff-mff-xss,ff,ff,ss,125,2.7,100,1.43374e+07,-89.7530
rff-mff-xss,ff,ff,ss,125,2.7,158.489,9.04641e+06,-89.6188
rff-mff-xss,ff,ff,ss,125,2.7,251.189,5.70809e+06,-89.4022
rff-mff-xss,ff,ff,ss,125,2.7,398.107,3.60187e+06,-89.0567
rff-mff-xss,ff,ff,ss,125,2.7,630.957,2.27311e+06,-88.5078
rff-mff-xss,ff,ff,ss,125,2.7,1000,1.435e+06,-87.6374
rff-mff-xss,ff,ff,ss,125,2.7,1584.89,906630,-86.2600
rff-mff-xss,ff,ff,ss,125,2.7,2511.89,573956,-84.0866
rff-mff-xss,ff,ff,ss,125,2.7,3981.07,365153,-80.6811
rff-mff-xss,ff,ff,ss,125,2.7,6309.57,235101,-75.4340
rff-mff-xss,ff,ff,ss,125,2.7,10000,155545,-67.6596
rff-mff-xss,ff,ff,ss,125,2.7,15848.9,108726,-57.0624
rff-mff-xss,ff,ff,ss,125,2.7,25118.9,83035.7,-44.6218
rff-mff-xss,ff,ff,ss,125,2.7,39810.7,70225.3,-32.7510
rff-mff-xss,ff,ff,ss,125,2.7,63095.7,64380.2,-23.6751
rff-mff-xss,ff,ff,ss,125,2.7,100000,61795.5,-18.1748
rff-mff-xss,ff,ff,ss,125,2.7,158489,60473.1,-16.1196
rff-mff-xss,ff,ff,ss,125,2.7,251189,59294.2,-17.3329
rff-mff-xss,ff,ff,ss,125,2.7,398107,57313.6,-21.9274
rff-mff-xss,ff,ff,ss,125,2.7,630957,53332.3,-30.1093
rff-mff-xss,ff,ff,ss,125,2.7,1e+06,46187.1,-41.4254
rff-mff-xss,ff,ff,ss,125,2.7,1.58489e+06,36210.7,-53.9797
rff-mff-xss,ff,ff,ss,125,2.7,2.51189e+06,25814.3,-65.2087
rff-mff-xss,ff,ff,ss,125,2.7,3.98107e+06,17266.2,-73.7086
rff-mff-xss,ff,ff,ss,125,2.7,6.30957e+06,11173,-79.5368
rff-mff-xss,ff,ff,ss,125,2.7,1e+07,7123.56,-83.3443
rff-mff-xss,ff,ff,ss,125,2.7,1.58489e+07,4513.67,-85.7778
rff-mff-xss,ff,ff,ss,125,2.7,2.51189e+07,2852.8,-87.3161
rff-mff-xss,ff,ff,ss,125,2.7,3.98107e+07,1801.3,-88.2795
rff-mff-xss,ff,ff,ss,125,2.7,6.30957e+07,1137,-88.8737
rff-mff-xss,ff,ff,ss,125,2.7,1e+08,717.693,-89.2294
rff-mff-xtyp,ff,ff,typical,-40,0.3,100,1.574e+07,-89.7705
rff-mff-xtyp,ff,ff,typical,-40,0.3,158.489,9.93136e+06,-89.6474
rff-mff-xtyp,ff,ff,typical,-40,0.3,251.189,6.26644e+06,-89.4483
rff-mff-xtyp,ff,ff,typical,-40,0.3,398.107,3.95414e+06,-89.1301
rff-mff-xtyp,ff,ff,typical,-40,0.3,630.957,2.49534e+06,-88.6243
rff-mff-xtyp,ff,ff,typical,-40,0.3,1000,1.57517e+06,-87.8221
rff-mff-xtyp,ff,ff,typical,-40,0.3,1584.89,994991,-86.5520
rff-mff-xtyp,ff,ff,typical,-40,0.3,2511.89,629580,-84.5466
rff-mff-xtyp,ff,ff,typical,-40,0.3,3981.07,400050,-81.3989
rff-mff-xtyp,ff,ff,typical,-40,0.3,6309.57,256817,-76.5288
rff-mff-xtyp,ff,ff,typical,-40,0.3,10000,168816,-69.2447
rff-mff-xtyp,ff,ff,typical,-40,0.3,15848.9,116564,-59.1237
rff-mff-xtyp,ff,ff,typical,-40,0.3,25118.9,87464.3,-46.8610
rff-mff-xtyp,ff,ff,typical,-40,0.3,39810.7,72695,-34.6923
rff-mff-xtyp,ff,ff,typical,-40,0.3,63095.7,65866.6,-25.0193
rff-mff-xtyp,ff,ff,typical,-40,0.3,100000,62853.5,-18.8777
rff-mff-xtyp,ff,ff,typical,-40,0.3,158489,61388.1,-16.2237
rff-mff-xtyp,ff,ff,typical,-40,0.3,251189,60240.4,-16.8472
rff-mff-xtyp,ff,ff,typical,-40,0.3,398107,58467.2,-20.8079
rff-mff-xtyp,ff,ff,typical,-40,0.3,630957,54913.8,-28.3358
rff-mff-xtyp,ff,ff,typical,-40,0.3,1e+06,48315.9,-39.1756
rff-mff-xtyp,ff,ff,typical,-40,0.3,1.58489e+06,38609.3,-51.7030
rff-mff-xtyp,ff,ff,typical,-40,0.3,2.51189e+06,27954.7,-63.3323
rff-mff-xtyp,ff,ff,typical,-40,0.3,3.98107e+06,18868.5,-72.3619
rff-mff-xtyp,ff,ff,typical,-40,0.3,6.30957e+06,12262.9,-78.6377
rff-mff-xtyp,ff,ff,typical,-40,0.3,1e+07,7833.05,-82.7630
rff-mff-xtyp,ff,ff,typical,-40,0.3,1.58489e+07,4967.03,-85.4064
rff-mff-xtyp,ff,ff,typical,-40,0.3,2.51189e+07,3140.32,-87.0790
rff-mff-xtyp,ff,ff,typical,-40,0.3,3.98107e+07,1983.11,-88.1266
rff-mff-xtyp,ff,ff,typical,-40,0.3,6.30957e+07,1251.84,-88.7726
rff-mff-xtyp,ff,ff,typical,-40,0.3,1e+08,790.226,-89.1589
rff-mff-xtyp,ff,ff,typical,-40,0.9,100,1.45923e+07,-89.7535
rff-mff-xtyp,ff,ff,typical,-40,0.9,158.489,9.20726e+06,-89.6197
rff-mff-xtyp,ff,ff,typical,-40,0.9,251.189,5.80958e+06,-89.4039
rff-mff-xtyp,ff,ff,typical,-40,0.9,398.107,3.6659e+06,-89.0594
rff-mff-xtyp,ff,ff,typical,-40,0.9,630.957,2.31352e+06,-88.5120
rff-mff-xtyp,ff,ff,typical,-40,0.9,1000,1.4605e+06,-87.6442
rff-mff-xtyp,ff,ff,typical,-40,0.9,1584.89,922732,-86.2707
rff-mff-xtyp,ff,ff,typical,-40,0.9,2511.89,584133,-84.1033
rff-mff-xtyp,ff,ff,typical,-40,0.9,3981.07,371601,-80.7070
rff-mff-xtyp,ff,ff,typical,-40,0.9,6309.57,239212,-75.4723
rff-mff-xtyp,ff,ff,typical,-40,0.9,10000,158207,-67.7115
rff-mff-xtyp,ff,ff,typical,-40,0.9,15848.9,110511,-57.1181
rff-mff-xtyp,ff,ff,typical,-40,0.9,25118.9,84318.9,-44.6516
rff-mff-xtyp,ff,ff,typical,-40,0.9,39810.7,71248.1,-32.7097
rff-mff-xtyp,ff,ff,typical,-40,0.9,63095.7,65286.3,-23.5170
rff-mff-xtyp,ff,ff,typical,-40,0.9,100000,62665.9,-17.8504
rff-mff-xtyp,ff,ff,typical,-40,0.9,158489,61365.3,-15.5581
rff-mff-xtyp,ff,ff,typical,-40,0.9,251189,60282.5,-16.4305
rff-mff-xtyp,ff,ff,typical,-40,0.9,398107,58529.8,-20.5573
rff-mff-xtyp,ff,ff,typical,-40,0.9,630957,54973.7,-28.1960
rff-mff-xtyp,ff,ff,typical,-40,0.9,1e+06,48358.9,-39.1075
rff-mff-xtyp,ff,ff,typical,-40,0.9,1.58489e+06,38631.7,-51.6758
rff-mff-xtyp,ff,ff,typical,-40,0.9,2.51189e+06,27963.2,-63.3235
rff-mff-xtyp,ff,ff,typical,-40,0.9,3.98107e+06,18871.1,-72.3595
rff-mff-xtyp,ff,ff,typical,-40,0.9,6.30957e+06,12263.6,-78.6372
rff-mff-xtyp,ff,ff,typical,-40,0.9,1e+07,7833.23,-82.7629
rff-mff-xtyp,ff,ff,typical,-40,0.9,1.58489e+07,4967.08,-85.4064
rff-mff-xtyp,ff,ff,typical,-40,0.9,2.51189e+07,3140.33,-87.0790
rff-mff-xtyp,ff,ff,typical,-40,0.9,3.98107e+07,1983.11,-88.1267
rff-mff-xtyp,ff,ff,typical,-40,0.9,6.30957e+07,1251.84,-88.7726
rff-mff-xtyp,ff,ff,typical,-40,0.9,1e+08,790.226,-89.1589
rff-mff-xtyp,ff,ff,typical,-40,1.35,100,1.44217e+07,-89.7508
rff-mff-xtyp,ff,ff,typical,-40,1.35,158.489,9.0996e+06,-89.6152
rff-mff-xtyp,ff,ff,typical,-40,1.35,251.189,5.74166e+06,-89.3966
rff-mff-xtyp,ff,ff,typical,-40,1.35,398.107,3.62305e+06,-89.0479
rff-mff-xtyp,ff,ff,typical,-40,1.35,630.957,2.28648e+06,-88.4938
rff-mff-xtyp,ff,ff,typical,-40,1.35,1000,1.44345e+06,-87.6153
rff-mff-xtyp,ff,ff,typical,-40,1.35,1584.89,911991,-86.2250
rff-mff-xtyp,ff,ff,typical,-40,1.35,2511.89,577379,-84.0315
rff-mff-xtyp,ff,ff,typical,-40,1.35,3981.07,367377,-80.5949
rff-mff-xtyp,ff,ff,typical,-40,1.35,6309.57,236602,-75.3018
rff-mff-xtyp,ff,ff,typical,-40,1.35,10000,156640,-67.4658
rff-mff-xtyp,ff,ff,typical,-40,1.35,15848.9,109624,-56.8011
rff-mff-xtyp,ff,ff,typical,-40,1.35,25118.9,83862.4,-44.3091
rff-mff-xtyp,ff,ff,typical,-40,1.35,39810.7,71040.5,-32.4081
rff-mff-xtyp,ff,ff,typical,-40,1.35,63095.7,65203.9,-23.2914
rff-mff-xtyp,ff,ff,typical,-40,1.35,100000,62639.7,-17.6972
rff-mff-xtyp,ff,ff,typical,-40,1.35,158489,61362.7,-15.4591
rff-mff-xtyp,ff,ff,typical,-40,1.35,251189,60289,-16.3686
rff-mff-xtyp,ff,ff,typical,-40,1.35,398107,58539.2,-20.5202
rff-mff-xtyp,ff,ff,typical,-40,1.35,630957,54982.7,-28.1752
rff-mff-xtyp,ff,ff,typical,-40,1.35,1e+06,48365.4,-39.0974
rff-mff-xtyp,ff,ff,typical,-40,1.35,1.58489e+06,38635,-51.6718
rff-mff-xtyp,ff,ff,typical,-40,1.35,2.51189e+06,27964.5,-63.3223
rff-mff-xtyp,ff,ff,typical,-40,1.35,3.98107e+06,18871.5,-72.3592
rff-mff-xtyp,ff,ff,typical,-40,1.35,6.30957e+06,12263.7,-78.6371
rff-mff-xtyp,ff,ff,typical,-40,1.35,1e+07,7833.26,-82.7629
rff-mff-xtyp,ff,ff,typical,-40,1.35,1.58489e+07,4967.08,-85.4064
rff-mff-xtyp,ff,ff,typical,-40,1.35,2.51189e+07,3140.33,-87.0790
rff-mff-xtyp,ff,ff,typical,-40,1.35,3.98107e+07,1983.11,-88.1267
rff-mff-xtyp,ff,ff,typical,-40,1.35,6.30957e+07,1251.84,-88.7726
rff-mff-xtyp,ff,ff,typical,-40,1.35,1e+08,790.226,-89.1589
rff-mff-xtyp,ff,ff,typical,-40,1.8,100,1.43778e+07,-89.7500
rff-mff-xtyp,ff,ff,typical,-40,1.8,158.489,9.07193e+06,-89.6140
rff-mff-xtyp,ff,ff,typical,-40,1.8,251.189,5.7242e+06,-89.3948
rff-mff-xtyp,ff,ff,typical,-40,1.8,398.107,3.61204e+06,-89.0449
rff-mff-xtyp,ff,ff,typical,-40,1.8,630.957,2.27954e+06,-88.4890
rff-mff-xtyp,ff,ff,typical,-40,1.8,1000,1.43907e+06,-87.6078
rff-mff-xtyp,ff,ff,typical,-40,1.8,1584.89,909231,-86.2131
rff-mff-xtyp,ff,ff,typical,-40,1.8,2511.89,575644,-84.0127
rff-mff-xtyp,ff,ff,typical,-40,1.8,3981.07,366291,-80.5657
rff-mff-xtyp,ff,ff,typical,-40,1.8,6309.57,235932,-75.2574
rff-mff-xtyp,ff,ff,typical,-40,1.8,10000,156237,-67.4019
rff-mff-xtyp,ff,ff,typical,-40,1.8,15848.9,109396,-56.7188
rff-mff-xtyp,ff,ff,typical,-40,1.8,25118.9,83745.6,-44.2204
rff-mff-xtyp,ff,ff,typical,-40,1.8,39810.7,70987.5,-32.3303
rff-mff-xtyp,ff,ff,typical,-40,1.8,63095.7,65182.9,-23.2334
rff-mff-xtyp,ff,ff,typical,-40,1.8,100000,62633.1,-17.6578
rff-mff-xtyp,ff,ff,typical,-40,1.8,158489,61362,-15.4337
rff-mff-xtyp,ff,ff,typical,-40,1.8,251189,60290.7,-16.3527
rff-mff-xtyp,ff,ff,typical,-40,1.8,398107,58541.7,-20.5106
rff-mff-xtyp,ff,ff,typical,-40,1.8,630957,54985,-28.1699
rff-mff-xtyp,ff,ff,typical,-40,1.8,1e+06,48367,-39.0948
rff-mff-xtyp,ff,ff,typical,-40,1.8,1.58489e+06,38635.9,-51.6707
rff-mff-xtyp,ff,ff,typical,-40,1.8,2.51189e+06,27964.8,-63.3219
rff-mff-xtyp,ff,ff,typical,-40,1.8,3.98107e+06,18871.6,-72.3591
rff-mff-xtyp,ff,ff,typical,-40,1.8,6.30957e+06,12263.7,-78.6371
rff-mff-xtyp,ff,ff,typical,-40,1.8,1e+07,7833.27,-82.7629
rff-mff-xtyp,ff,ff,typical,-40,1.8,1.58489e+07,4967.09,-85.4064
rff-mff-xtyp,ff,ff,typical,-40,1.8,2.51189e+07,3140.33,-87.0790
rff-mff-xtyp,ff,ff,typical,-40,1.8,3.98107e+07,1983.11,-88.1267
rff-mff-xtyp,ff,ff,typical,-40,1.8,6.30957e+07,1251.84,-88.7726
rff-mff-xtyp,ff,ff,typical,-40,1.8,1e+08,790.226,-89.1589
rff-mff-xtyp,ff,ff,typical,-40,2.25,100,1.43666e+07,-89.7498
rff-mff-xtyp,ff,ff,typical,-40,2.25,158.489,9.06485e+06,-89.6137
rff-mff-xtyp,ff,ff,typical,-40,2.25,251.189,5.71973e+06,-89.3943
rff-mff-xtyp,ff,ff,typical,-40,2.25,398.107,3.60922e+06,-89.0441
rff-mff-xtyp,ff,ff,typical,-40,2.25,630.957,2.27776e+06,-88.4878
rff-mff-xtyp,ff,ff,typical,-40,2.25,1000,1.43795e+06,-87.6058
rff-mff-xtyp,ff,ff,typical,-40,2.25,1584.89,908524,-86.2101
rff-mff-xtyp,ff,ff,typical,-40,2.25,2511.89,575199,-84.0079
rff-mff-xtyp,ff,ff,typical,-40,2.25,3981.07,366013,-80.5582
rff-mff-xtyp,ff,ff,typical,-40,2.25,6309.57,235760,-75.2460
rff-mff-xtyp,ff,ff,typical,-40,2.25,10000,156134,-67.3855
rff-mff-xtyp,ff,ff,typical,-40,2.25,15848.9,109338,-56.6977
rff-mff-xtyp,ff,ff,typical,-40,2.25,25118.9,83715.7,-44.1977
rff-mff-xtyp,ff,ff,typical,-40,2.25,39810.7,70973.9,-32.3103
rff-mff-xtyp,ff,ff,typical,-40,2.25,63095.7,65177.6,-23.2185
rff-mff-xtyp,ff,ff,typical,-40,2.25,100000,62631.4,-17.6477
rff-mff-xtyp,ff,ff,typical,-40,2.25,158489,61361.8,-15.4272
rff-mff-xtyp,ff,ff,typical,-40,2.25,251189,60291.2,-16.3487
rff-mff-xtyp,ff,ff,typical,-40,2.25,398107,58542.3,-20.5082
rff-mff-xtyp,ff,ff,typical,-40,2.25,630957,54985.6,-28.1685
rff-mff-xtyp,ff,ff,typical,-40,2.25,1e+06,48367.4,-39.0941
rff-mff-xtyp,ff,ff,typical,-40,2.25,1.58489e+06,38636.1,-51.6705
rff-mff-xtyp,ff,ff,typical,-40,2.25,2.51189e+06,27964.9,-63.3218
rff-mff-xtyp,ff,ff,typical,-40,2.25,3.98107e+06,18871.6,-72.3591
rff-mff-xtyp,ff,ff,typical,-40,2.25,6.30957e+06,12263.7,-78.6371
rff-mff-xtyp,ff,ff,typical,-40,2.25,1e+07,7833.27,-82.7629
rff-mff-xtyp,ff,ff,typical,-40,2.25,1.58489e+07,4967.09,-85.4064
rff-mff-xtyp,ff,ff,typical,-40,2.25,2.51189e+07,3140.33,-87.0790
rff-mff-xtyp,ff,ff,typical,-40,2.25,3.98107e+07,1983.11,-88.1267
rff-mff-xtyp,ff,ff,typical,-40,2.25,6.30957e+07,1251.84,-88.7726
rff-mff-xtyp,ff,ff,typical,-40,2.25,1e+08,790.226,-89.1589
rff-mff-xtyp,ff,ff,typical,-40,2.7,100,1.43638e+07,-89.7498
rff-mff-xtyp,ff,ff,typical,-40,2.7,158.489,9.06304e+06,-89.6137
rff-mff-xtyp,ff,ff,typical,-40,2.7,251.189,5.71859e+06,-89.3942
rff-mff-xtyp,ff,ff,typical,-40,2.7,398.107,3.6085e+06,-89.0439
rff-mff-xtyp,ff,ff,typical,-40,2.7,630.957,2.2773e+06,-88.4875
rff-mff-xtyp,ff,ff,typical,-40,2.7,1000,1.43766e+06,-87.6054
rff-mff-xtyp,ff,ff,typical,-40,2.7,1584.89,908343,-86.2093
rff-mff-xtyp,ff,ff,typical,-40,2.7,2511.89,575086,-84.0067
rff-mff-xtyp,ff,ff,typical,-40,2.7,3981.07,365942,-80.5563
rff-mff-xtyp,ff,ff,typical,-40,2.7,6309.57,235716,-75.2431
rff-mff-xtyp,ff,ff,typical,-40,2.7,10000,156108,-67.3812
rff-mff-xtyp,ff,ff,typical,-40,2.7,15848.9,109323,-56.6923
rff-mff-xtyp,ff,ff,typical,-40,2.7,25118.9,83708,-44.1919
rff-mff-xtyp,ff,ff,typical,-40,2.7,39810.7,70970.4,-32.3052
rff-mff-xtyp,ff,ff,typical,-40,2.7,63095.7,65176.2,-23.2147
rff-mff-xtyp,ff,ff,typical,-40,2.7,100000,62630.9,-17.6451
rff-mff-xtyp,ff,ff,typical,-40,2.7,158489,61361.8,-15.4255
rff-mff-xtyp,ff,ff,typical,-40,2.7,251189,60291.3,-16.3476
rff-mff-xtyp,ff,ff,typical,-40,2.7,398107,58542.5,-20.5075
rff-mff-xtyp,ff,ff,typical,-40,2.7,630957,54985.7,-28.1682
rff-mff-xtyp,ff,ff,typical,-40,2.7,1e+06,48367.5,-39.0939
rff-mff-xtyp,ff,ff,typical,-40,2.7,1.58489e+06,38636.2,-51.6704
rff-mff-xtyp,ff,ff,typical,-40,2.7,2.51189e+06,27964.9,-63.3218
rff-mff-xtyp,ff,ff,typical,-40,2.7,3.98107e+06,18871.6,-72.3591
rff-mff-xtyp,ff,ff,typical,-40,2.7,6.30957e+06,12263.7,-78.6371
rff-mff-xtyp,ff,ff,typical,-40,2.7,1e+07,7833.27,-82.7629
rff-mff-xtyp,ff,ff,typical,-40,2.7,1.58489e+07,4967.09,-85.4064
rff-mff-xtyp,ff,ff,typical,-40,2.7,2.51189e+07,3140.33,-87.0790
rff-mff-xtyp,ff,ff,typical,-40,2.7,3.98107e+07,1983.11,-88.1267
rff-mff-xtyp,ff,ff,typical,-40,2.7,6.30957e+07,1251.84,-88.7726
rff-mff-xtyp,ff,ff,typical,-40,2.7,1e+08,790.226,-89.1589
rff-mff-xtyp,ff,ff,typical,27,0.3,100,1.57396e+07,-89.7725
rff-mff-xtyp,ff,ff,typical,27,0.3,158.489,9.93112e+06,-89.6506
rff-mff-xtyp,ff,ff,typical,27,0.3,251.189,6.26629e+06,-89.4534
rff-mff-xtyp,ff,ff,typical,27,0.3,398.107,3.95404e+06,-89.1382
rff-mff-xtyp,ff,ff,typical,27,0.3,630.957,2.49527e+06,-88.6371
rff-mff-xtyp,ff,ff,typical,27,0.3,1000,1.57511e+06,-87.8423
rff-mff-xtyp,ff,ff,typical,27,0.3,1584.89,994933,-86.5840
rff-mff-xtyp,ff,ff,typical,27,0.3,2511.89,629510,-84.5970
rff-mff-xtyp,ff,ff,typical,27,0.3,3981.07,399955,-81.4776
rff-mff-xtyp,ff,ff,typical,27,0.3,6309.57,256677,-76.6492
rff-mff-xtyp,ff,ff,typical,27,0.3,10000,168609,-69.4204
rff-mff-xtyp,ff,ff,typical,27,0.3,15848.9,116266,-59.3556
rff-mff-xtyp,ff,ff,typical,27,0.3,25118.9,87068.6,-47.1187
rff-mff-xtyp,ff,ff,typical,27,0.3,39810.7,72219.7,-34.9219
rff-mff-xtyp,ff,ff,typical,27,0.3,63095.7,65343.4,-25.1842
rff-mff-xtyp,ff,ff,typical,27,0.3,100000,62308.8,-18.9716
rff-mff-xtyp,ff,ff,typical,27,0.3,158489,60839.6,-16.2526
rff-mff-xtyp,ff,ff,typical,27,0.3,251189,59703.9,-16.8148
rff-mff-xtyp,ff,ff,typical,27,0.3,398107,57966.6,-20.7118
rff-mff-xtyp,ff,ff,typical,27,0.3,630957,54488.8,-28.1744
rff-mff-xtyp,ff,ff,typical,27,0.3,1e+06,48012.3,-38.9640
rff-mff-xtyp,ff,ff,typical,27,0.3,1.58489e+06,38437.3,-51.4831
rff-mff-xtyp,ff,ff,typical,27,0.3,2.51189e+06,27873.3,-63.1475
rff-mff-xtyp,ff,ff,typical,27,0.3,3.98107e+06,18831.1,-72.2278
rff-mff-xtyp,ff,ff,typical,27,0.3,6.30957e+06,12244.1,-78.5479
rff-mff-xtyp,ff,ff,typical,27,0.3,1e+07,7822.61,-82.7049
rff-mff-xtyp,ff,ff,typical,27,0.3,1.58489e+07,4960.81,-85.3695
rff-mff-xtyp,ff,ff,typical,27,0.3,2.51189e+07,3136.49,-87.0558
rff-mff-xtyp,ff,ff,typical,27,0.3,3.98107e+07,1980.71,-88.1123
rff-mff-xtyp,ff,ff,typical,27,0.3,6.30957e+07,1250.33,-88.7640
rff-mff-xtyp,ff,ff,typical,27,0.3,1e+08,789.27,-89.1540
rff-mff-xtyp,ff,ff,typical,27,0.9,100,1.4592e+07,-89.7557
rff-mff-xtyp,ff,ff,typical,27,0.9,158.489,9.20705e+06,-89.6232
rff-mff-xtyp,ff,ff,typical,27,0.9,251.189,5.80945e+06,-89.4094
rff-mff-xtyp,ff,ff,typical,27,0.9,398.107,3.66581e+06,-89.0681
rff-mff-xtyp,ff,ff,typical,27,0.9,630.957,2.31345e+06,-88.5258
rff-mff-xtyp,ff,ff,typical,27,0.9,1000,1.46044e+06,-87.6660
rff-mff-xtyp,ff,ff,typical,27,0.9,1584.89,922675,-86.3052
rff-mff-xtyp,ff,ff,typical,27,0.9,2511.89,584061,-84.1577
rff-mff-xtyp,ff,ff,typical,27,0.9,3981.07,371500,-80.7917
rff-mff-xtyp,ff,ff,typical,27,0.9,6309.57,239063,-75.6014
rff-mff-xtyp,ff,ff,typical,27,0.9,10000,157985,-67.8974
rff-mff-xtyp,ff,ff,typical,27,0.9,15848.9,110197,-57.3579
rff-mff-xtyp,ff,ff,typical,27,0.9,25118.9,83907.4,-44.9091
rff-mff-xtyp,ff,ff,typical,27,0.9,39810.7,70761.9,-32.9312
rff-mff-xtyp,ff,ff,typical,27,0.9,63095.7,64757,-23.6716
rff-mff-xtyp,ff,ff,typical,27,0.9,100000,62118,-17.9357
rff-mff-xtyp,ff,ff,typical,27,0.9,158489,60815,-15.5809
rff-mff-xtyp,ff,ff,typical,27,0.9,251189,59744.9,-16.3940
rff-mff-xtyp,ff,ff,typical,27,0.9,398107,58028.5,-20.4586
rff-mff-xtyp,ff,ff,typical,27,0.9,630957,54548.5,-28.0328
rff-mff-xtyp,ff,ff,typical,27,0.9,1e+06,48055.4,-38.8948
rff-mff-xtyp,ff,ff,typical,27,0.9,1.58489e+06,38459.8,-51.4554
rff-mff-xtyp,ff,ff,typical,27,0.9,2.51189e+06,27882,-63.1386
rff-mff-xtyp,ff,ff,typical,27,0.9,3.98107e+06,18833.8,-72.2254
rff-mff-xtyp,ff,ff,typical,27,0.9,6.30957e+06,12244.9,-78.5473
rff-mff-xtyp,ff,ff,typical,27,0.9,1e+07,7822.8,-82.7048
rff-mff-xtyp,ff,ff,typical,27,0.9,1.58489e+07,4960.86,-85.3695
rff-mff-xtyp,ff,ff,typical,27,0.9,2.51189e+07,3136.5,-87.0558
rff-mff-xtyp,ff,ff,typical,27,0.9,3.98107e+07,1980.71,-88.1123
rff-mff-xtyp,ff,ff,typical,27,0.9,6.30957e+07,1250.33,-88.7640
rff-mff-xtyp,ff,ff,typical,27,0.9,1e+08,789.27,-89.1540
rff-mff-xtyp,ff,ff,typical,27,1.35,100,1.44214e+07,-89.7530
rff-mff-xtyp,ff,ff,typical,27,1.35,158.489,9.0994e+06,-89.6187
rff-mff-xtyp,ff,ff,typical,27,1.35,251.189,5.74152e+06,-89.4022
rff-mff-xtyp,ff,ff,typical,27,1.35,398.107,3.62296e+06,-89.0567
rff-mff-xtyp,ff,ff,typical,27,1.35,630.957,2.28642e+06,-88.5078
rff-mff-xtyp,ff,ff,typical,27,1.35,1000,1.4434e+06,-87.6374
rff-mff-xtyp,ff,ff,typical,27,1.35,1584.89,911933,-86.2600
rff-mff-xtyp,ff,ff,typical,27,1.35,2511.89,577307,-84.0865
rff-mff-xtyp,ff,ff,typical,27,1.35,3981.07,367275,-80.6807
rff-mff-xtyp,ff,ff,typical,27,1.35,6309.57,236451,-75.4323
rff-mff-xtyp,ff,ff,typical,27,1.35,10000,156416,-67.6534
rff-mff-xtyp,ff,ff,typical,27,1.35,15848.9,109306,-57.0420
rff-mff-xtyp,ff,ff,typical,27,1.35,25118.9,83448.5,-44.5664
rff-mff-xtyp,ff,ff,typical,27,1.35,39810.7,70552.6,-32.6283
rff-mff-xtyp,ff,ff,typical,27,1.35,63095.7,64673.7,-23.4444
rff-mff-xtyp,ff,ff,typical,27,1.35,100000,62091.4,-17.7811
rff-mff-xtyp,ff,ff,typical,27,1.35,158489,60812.1,-15.4810
rff-mff-xtyp,ff,ff,typical,27,1.35,251189,59751.3,-16.3315
rff-mff-xtyp,ff,ff,typical,27,1.35,398107,58037.9,-20.4210
rff-mff-xtyp,ff,ff,typical,27,1.35,630957,54557.4,-28.0118
rff-mff-xtyp,ff,ff,typical,27,1.35,1e+06,48061.8,-38.8845
rff-mff-xtyp,ff,ff,typical,27,1.35,1.58489e+06,38463.1,-51.4513
rff-mff-xtyp,ff,ff,typical,27,1.35,2.51189e+06,27883.2,-63.1373
rff-mff-xtyp,ff,ff,typical,27,1.35,3.98107e+06,18834.2,-72.2251
rff-mff-xtyp,ff,ff,typical,27,1.35,6.30957e+06,12245,-78.5473
rff-mff-xtyp,ff,ff,typical,27,1.35,1e+07,7822.83,-82.7048
rff-mff-xtyp,ff,ff,typical,27,1.35,1.58489e+07,4960.87,-85.3695
rff-mff-xtyp,ff,ff,typical,27,1.35,2.51189e+07,3136.5,-87.0558
rff-mff-xtyp,ff,ff,typical,27,1.35,3.98107e+07,1980.72,-88.1123
rff-mff-xtyp,ff,ff,typical,27,1.35,6.30957e+07,1250.33,-88.7640
rff-mff-xtyp,ff,ff,typical,27,1.35,1e+08,789.27,-89.1540
rff-mff-xtyp,ff,ff,typical,27,1.8,100,1.43775e+07,-89.7523
rff-mff-xtyp,ff,ff,typical,27,1.8,158.489,9.07173e+06,-89.6176
rff-mff-xtyp,ff,ff,typical,27,1.8,251.189,5.72407e+06,-89.4003
rff-mff-xtyp,ff,ff,typical,27,1.8,398.107,3.61195e+06,-89.0537
rff-mff-xtyp,ff,ff,typical,27,1.8,630.957,2.27947e+06,-88.5031
rff-mff-xtyp,ff,ff,typical,27,1.8,1000,1.43902e+06,-87.6300
rff-mff-xtyp,ff,ff,typical,27,1.8,1584.89,909173,-86.2482
rff-mff-xtyp,ff,ff,typical,27,1.8,2511.89,575571,-84.0679
rff-mff-xtyp,ff,ff,typical,27,1.8,3981.07,366189,-80.6517
rff-mff-xtyp,ff,ff,typical,27,1.8,6309.57,235780,-75.3882
rff-mff-xtyp,ff,ff,typical,27,1.8,10000,156013,-67.5899
rff-mff-xtyp,ff,ff,typical,27,1.8,15848.9,109078,-56.9600
rff-mff-xtyp,ff,ff,typical,27,1.8,25118.9,83331.1,-44.4777
rff-mff-xtyp,ff,ff,typical,27,1.8,39810.7,70499.1,-32.5502
rff-mff-xtyp,ff,ff,typical,27,1.8,63095.7,64652.4,-23.3859
rff-mff-xtyp,ff,ff,typical,27,1.8,100000,62084.6,-17.7414
rff-mff-xtyp,ff,ff,typical,27,1.8,158489,60811.4,-15.4553
rff-mff-xtyp,ff,ff,typical,27,1.8,251189,59752.9,-16.3154
rff-mff-xtyp,ff,ff,typical,27,1.8,398107,58040.3,-20.4114
rff-mff-xtyp,ff,ff,typical,27,1.8,630957,54559.7,-28.0064
rff-mff-xtyp,ff,ff,typical,27,1.8,1e+06,48063.4,-38.8819
rff-mff-xtyp,ff,ff,typical,27,1.8,1.58489e+06,38464,-51.4502
rff-mff-xtyp,ff,ff,typical,27,1.8,2.51189e+06,27883.6,-63.1369
rff-mff-xtyp,ff,ff,typical,27,1.8,3.98107e+06,18834.3,-72.2250
rff-mff-xtyp,ff,ff,typical,27,1.8,6.30957e+06,12245,-78.5472
rff-mff-xtyp,ff,ff,typical,27,1.8,1e+07,7822.84,-82.7048
rff-mff-xtyp,ff,ff,typical,27,1.8,1.58489e+07,4960.87,-85.3695
rff-mff-xtyp,ff,ff,typical,27,1.8,2.51189e+07,3136.5,-87.0558
rff-mff-xtyp,ff,ff,typical,27,1.8,3.98107e+07,1980.72,-88.1123
rff-mff-xtyp,ff,ff,typical,27,1.8,6.30957e+07,1250.33,-88.7640
rff-mff-xtyp,ff,ff,typical,27,1.8,1e+08,789.27,-89.1540
rff-mff-xtyp,ff,ff,typical,27,2.25,100,1.43663e+07,-89.7521
rff-mff-xtyp,ff,ff,typical,27,2.25,158.489,9.06465e+06,-89.6173
rff-mff-xtyp,ff,ff,typical,27,2.25,251.189,5.7196e+06,-89.3999
rff-mff-xtyp,ff,ff,typical,27,2.25,398.107,3.60913e+06,-89.0530
rff-mff-xtyp,ff,ff,typical,27,2.25,630.957,2.27769e+06,-88.5018
rff-mff-xtyp,ff,ff,typical,27,2.25,1000,1.43789e+06,-87.6281
rff-mff-xtyp,ff,ff,typical,27,2.25,1584.89,908466,-86.2452
rff-mff-xtyp,ff,ff,typical,27,2.25,2511.89,575127,-84.0632
rff-mff-xtyp,ff,ff,typical,27,2.25,3981.07,365911,-80.6443
rff-mff-xtyp,ff,ff,typical,27,2.25,6309.57,235609,-75.3769
rff-mff-xtyp,ff,ff,typical,27,2.25,10000,155910,-67.5735
rff-mff-xtyp,ff,ff,typical,27,2.25,15848.9,109020,-56.9390
rff-mff-xtyp,ff,ff,typical,27,2.25,25118.9,83301,-44.4550
rff-mff-xtyp,ff,ff,typical,27,2.25,39810.7,70485.5,-32.5301
rff-mff-xtyp,ff,ff,typical,27,2.25,63095.7,64647,-23.3710
rff-mff-xtyp,ff,ff,typical,27,2.25,100000,62082.9,-17.7312
rff-mff-xtyp,ff,ff,typical,27,2.25,158489,60811.2,-15.4488
rff-mff-xtyp,ff,ff,typical,27,2.25,251189,59753.4,-16.3113
rff-mff-xtyp,ff,ff,typical,27,2.25,398107,58040.9,-20.4089
rff-mff-xtyp,ff,ff,typical,27,2.25,630957,54560.3,-28.0050
rff-mff-xtyp,ff,ff,typical,27,2.25,1e+06,48063.9,-38.8812
rff-mff-xtyp,ff,ff,typical,27,2.25,1.58489e+06,38464.2,-51.4499
rff-mff-xtyp,ff,ff,typical,27,2.25,2.51189e+06,27883.7,-63.1368
rff-mff-xtyp,ff,ff,typical,27,2.25,3.98107e+06,18834.3,-72.2250
rff-mff-xtyp,ff,ff,typical,27,2.25,6.30957e+06,12245,-78.5472
rff-mff-xtyp,ff,ff,typical,27,2.25,1e+07,7822.84,-82.7048
rff-mff-xtyp,ff,ff,typical,27,2.25,1.58489e+07,4960.87,-85.3695
rff-mff-xtyp,ff,ff,typical,27,2.25,2.51189e+07,3136.5,-87.0558
rff-mff-xtyp,ff,ff,typical,27,2.25,3.98107e+07,1980.72,-88.1123
rff-mff-xtyp,ff,ff,typical,27,2.25,6.30957e+07,1250.33,-88.7640
rff-mff-xtyp,ff,ff,typical,27,2.25,1e+08,789.27,-89.1540
rff-mff-xtyp,ff,ff,typical,27,2.7,100,1.43634e+07,-89.7520
rff-mff-xtyp,ff,ff,typical,27,2.7,158.489,9.06284e+06,-89.6172
rff-mff-xtyp,ff,ff,typical,27,2.7,251.189,5.71846e+06,-89.3997
rff-mff-xtyp,ff,ff,typical,27,2.7,398.107,3.60841e+06,-89.0528
rff-mff-xtyp,ff,ff,typical,27,2.7,630.957,2.27724e+06,-88.5015
rff-mff-xtyp,ff,ff,typical,27,2.7,1000,1.43761e+06,-87.6276
rff-mff-xtyp,ff,ff,typical,27,2.7,1584.89,908286,-86.2444
rff-mff-xtyp,ff,ff,typical,27,2.7,2511.89,575013,-84.0619
rff-mff-xtyp,ff,ff,typical,27,2.7,3981.07,365840,-80.6424
rff-mff-xtyp,ff,ff,typical,27,2.7,6309.57,235565,-75.3740
rff-mff-xtyp,ff,ff,typical,27,2.7,10000,155884,-67.5694
rff-mff-xtyp,ff,ff,typical,27,2.7,15848.9,109005,-56.9336
rff-mff-xtyp,ff,ff,typical,27,2.7,25118.9,83293.4,-44.4492
rff-mff-xtyp,ff,ff,typical,27,2.7,39810.7,70482,-32.5250
rff-mff-xtyp,ff,ff,typical,27,2.7,63095.7,64645.6,-23.3671
rff-mff-xtyp,ff,ff,typical,27,2.7,100000,62082.4,-17.7286
rff-mff-xtyp,ff,ff,typical,27,2.7,158489,60811.2,-15.4471
rff-mff-xtyp,ff,ff,typical,27,2.7,251189,59753.5,-16.3103
rff-mff-xtyp,ff,ff,typical,27,2.7,398107,58041,-20.4082
rff-mff-xtyp,ff,ff,typical,27,2.7,630957,54560.4,-28.0047
rff-mff-xtyp,ff,ff,typical,27,2.7,1e+06,48064,-38.8811
rff-mff-xtyp,ff,ff,typical,27,2.7,1.58489e+06,38464.3,-51.4499
rff-mff-xtyp,ff,ff,typical,27,2.7,2.51189e+06,27883.7,-63.1368
rff-mff-xtyp,ff,ff,typical,27,2.7,3.98107e+06,18834.4,-72.2250
rff-mff-xtyp,ff,ff,typical,27,2.7,6.30957e+06,12245,-78.5472
rff-mff-xtyp,ff,ff,typical,27,2.7,1e+07,7822.84,-82.7048
rff-mff-xtyp,ff,ff,typical,27,2.7,1.58489e+07,4960.87,-85.3695
rff-mff-xtyp,ff,ff,typical,27,2.7,2.51189e+07,3136.5,-87.0558
rff-mff-xtyp,ff,ff,typical,27,2.7,3.98107e+07,1980.72,-88.1123
rff-mff-xtyp,ff,ff,typical,27,2.7,6.30957e+07,1250.33,-88.7640
rff-mff-xtyp,ff,ff,typical,27,2.7,1e+08,789.27,-89.1540
rff-mff-xtyp,ff,ff,typical,125,0.3,100,1.57393e+07,-89.7730
rff-mff-xtyp,ff,ff,typical,125,0.3,158.489,9.93095e+06,-89.6515
rff-mff-xtyp,ff,ff,typical,125,0.3,251.189,6.26618e+06,-89.4547
rff-mff-xtyp,ff,ff,typical,125,0.3,398.107,3.95397e+06,-89.1402
rff-mff-xtyp,ff,ff,typical,125,0.3,630.957,2.49522e+06,-88.6403
rff-mff-xtyp,ff,ff,typical,125,0.3,1000,1.57508e+06,-87.8474
rff-mff-xtyp,ff,ff,typical,125,0.3,1584.89,994907,-86.5921
rff-mff-xtyp,ff,ff,typical,125,0.3,2511.89,629486,-84.6097
rff-mff-xtyp,ff,ff,typical,125,0.3,3981.07,399926,-81.4975
rff-mff-xtyp,ff,ff,typical,125,0.3,6309.57,256639,-76.6797
rff-mff-xtyp,ff,ff,typical,125,0.3,10000,168555,-69.4650
rff-mff-xtyp,ff,ff,typical,125,0.3,15848.9,116190,-59.4146
rff-mff-xtyp,ff,ff,typical,125,0.3,25118.9,86968.2,-47.1846
rff-mff-xtyp,ff,ff,typical,125,0.3,39810.7,72099.3,-34.9813
rff-mff-xtyp,ff,ff,typical,125,0.3,63095.7,65210.8,-25.2277
rff-mff-xtyp,ff,ff,typical,125,0.3,100000,62170.7,-18.9980
rff-mff-xtyp,ff,ff,typical,125,0.3,158489,60700.2,-16.2639
rff-mff-xtyp,ff,ff,typical,125,0.3,251189,59566.8,-16.8125
rff-mff-xtyp,ff,ff,typical,125,0.3,398107,57836.9,-20.6964
rff-mff-xtyp,ff,ff,typical,125,0.3,630957,54375.2,-28.1460
rff-mff-xtyp,ff,ff,typical,125,0.3,1e+06,47925.2,-38.9257
rff-mff-xtyp,ff,ff,typical,125,0.3,1.58489e+06,38380.6,-51.4428
rff-mff-xtyp,ff,ff,typical,125,0.3,2.51189e+06,27840.3,-63.1135
rff-mff-xtyp,ff,ff,typical,125,0.3,3.98107e+06,18812.1,-72.2031
rff-mff-xtyp,ff,ff,typical,125,0.3,6.30957e+06,12232.8,-78.5312
rff-mff-xtyp,ff,ff,typical,125,0.3,1e+07,7815.65,-82.6942
rff-mff-xtyp,ff,ff,typical,125,0.3,1.58489e+07,4956.47,-85.3627
rff-mff-xtyp,ff,ff,typical,125,0.3,2.51189e+07,3133.77,-87.0515
rff-mff-xtyp,ff,ff,typical,125,0.3,3.98107e+07,1979,-88.1097
rff-mff-xtyp,ff,ff,typical,125,0.3,6.30957e+07,1249.24,-88.7625
rff-mff-xtyp,ff,ff,typical,125,0.3,1e+08,788.586,-89.1532
rff-mff-xtyp,ff,ff,typical,125,0.9,100,1.45918e+07,-89.7563
rff-mff-xtyp,ff,ff,typical,125,0.9,158.489,9.2069e+06,-89.6241
rff-mff-xtyp,ff,ff,typical,125,0.9,251.189,5.80935e+06,-89.4108
rff-mff-xtyp,ff,ff,typical,125,0.9,398.107,3.66575e+06,-89.0703
rff-mff-xtyp,ff,ff,typical,125,0.9,630.957,2.31341e+06,-88.5293
rff-mff-xtyp,ff,ff,typical,125,0.9,1000,1.46041e+06,-87.6716
rff-mff-xtyp,ff,ff,typical,125,0.9,1584.89,922651,-86.3140
rff-mff-xtyp,ff,ff,typical,125,0.9,2511.89,584037,-84.1715
rff-mff-xtyp,ff,ff,typical,125,0.9,3981.07,371471,-80.8132
rff-mff-xtyp,ff,ff,typical,125,0.9,6309.57,239023,-75.6341
rff-mff-xtyp,ff,ff,typical,125,0.9,10000,157928,-67.9446
rff-mff-xtyp,ff,ff,typical,125,0.9,15848.9,110116,-57.4189
rff-mff-xtyp,ff,ff,typical,125,0.9,25118.9,83803.1,-44.9750
rff-mff-xtyp,ff,ff,typical,125,0.9,39810.7,70638.7,-32.9885
rff-mff-xtyp,ff,ff,typical,125,0.9,63095.7,64622.9,-23.7126
rff-mff-xtyp,ff,ff,typical,125,0.9,100000,61979.1,-17.9599
rff-mff-xtyp,ff,ff,typical,125,0.9,158489,60675.2,-15.5907
rff-mff-xtyp,ff,ff,typical,125,0.9,251189,59607.6,-16.3908
rff-mff-xtyp,ff,ff,typical,125,0.9,398107,57898.7,-20.4426
rff-mff-xtyp,ff,ff,typical,125,0.9,630957,54434.8,-28.0040
rff-mff-xtyp,ff,ff,typical,125,0.9,1e+06,47968.2,-38.8562
rff-mff-xtyp,ff,ff,typical,125,0.9,1.58489e+06,38403.1,-51.4149
rff-mff-xtyp,ff,ff,typical,125,0.9,2.51189e+06,27848.9,-63.1045
rff-mff-xtyp,ff,ff,typical,125,0.9,3.98107e+06,18814.8,-72.2007
rff-mff-xtyp,ff,ff,typical,125,0.9,6.30957e+06,12233.5,-78.5307
rff-mff-xtyp,ff,ff,typical,125,0.9,1e+07,7815.85,-82.6941
rff-mff-xtyp,ff,ff,typical,125,0.9,1.58489e+07,4956.52,-85.3627
rff-mff-xtyp,ff,ff,typical,125,0.9,2.51189e+07,3133.78,-87.0516
rff-mff-xtyp,ff,ff,typical,125,0.9,3.98107e+07,1979,-88.1097
rff-mff-xtyp,ff,ff,typical,125,0.9,6.30957e+07,1249.25,-88.7625
rff-mff-xtyp,ff,ff,typical,125,0.9,1e+08,788.586,-89.1533
rff-mff-xtyp,ff,ff,typical,125,1.35,100,1.44212e+07,-89.7535
rff-mff-xtyp,ff,ff,typical,125,1.35,158.489,9.09925e+06,-89.6196
rff-mff-xtyp,ff,ff,typical,125,1.35,251.189,5.74143e+06,-89.4036
rff-mff-xtyp,ff,ff,typical,125,1.35,398.107,3.6229e+06,-89.0589
rff-mff-xtyp,ff,ff,typical,125,1.35,630.957,2.28638e+06,-88.5113
rff-mff-xtyp,ff,ff,typical,125,1.35,1000,1.44337e+06,-87.6430
rff-mff-xtyp,ff,ff,typical,125,1.35,1584.89,911909,-86.2688
rff-mff-xtyp,ff,ff,typical,125,1.35,2511.89,577283,-84.1004
rff-mff-xtyp,ff,ff,typical,125,1.35,3981.07,367245,-80.7024
rff-mff-xtyp,ff,ff,typical,125,1.35,6309.57,236411,-75.4653
rff-mff-xtyp,ff,ff,typical,125,1.35,10000,156358,-67.7010
rff-mff-xtyp,ff,ff,typical,125,1.35,15848.9,109226,-57.1033
rff-mff-xtyp,ff,ff,typical,125,1.35,25118.9,83343.6,-44.6323
rff-mff-xtyp,ff,ff,typical,125,1.35,39810.7,70429.1,-32.6853
rff-mff-xtyp,ff,ff,typical,125,1.35,63095.7,64539.4,-23.4850
rff-mff-xtyp,ff,ff,typical,125,1.35,100000,61952.4,-17.8050
rff-mff-xtyp,ff,ff,typical,125,1.35,158489,60672.3,-15.4905
rff-mff-xtyp,ff,ff,typical,125,1.35,251189,59613.9,-16.3281
rff-mff-xtyp,ff,ff,typical,125,1.35,398107,57908,-20.4049
rff-mff-xtyp,ff,ff,typical,125,1.35,630957,54443.7,-27.9829
rff-mff-xtyp,ff,ff,typical,125,1.35,1e+06,47974.6,-38.8459
rff-mff-xtyp,ff,ff,typical,125,1.35,1.58489e+06,38406.5,-51.4108
rff-mff-xtyp,ff,ff,typical,125,1.35,2.51189e+06,27850.2,-63.1031
rff-mff-xtyp,ff,ff,typical,125,1.35,3.98107e+06,18815.2,-72.2003
rff-mff-xtyp,ff,ff,typical,125,1.35,6.30957e+06,12233.6,-78.5306
rff-mff-xtyp,ff,ff,typical,125,1.35,1e+07,7815.87,-82.6941
rff-mff-xtyp,ff,ff,typical,125,1.35,1.58489e+07,4956.53,-85.3627
rff-mff-xtyp,ff,ff,typical,125,1.35,2.51189e+07,3133.78,-87.0516
rff-mff-xtyp,ff,ff,typical,125,1.35,3.98107e+07,1979,-88.1097
rff-mff-xtyp,ff,ff,typical,125,1.35,6.30957e+07,1249.25,-88.7625
rff-mff-xtyp,ff,ff,typical,125,1.35,1e+08,788.586,-89.1533
rff-mff-xtyp,ff,ff,typical,125,1.8,100,1.43773e+07,-89.7528
rff-mff-xtyp,ff,ff,typical,125,1.8,158.489,9.07159e+06,-89.6185
rff-mff-xtyp,ff,ff,typical,125,1.8,251.189,5.72398e+06,-89.4018
rff-mff-xtyp,ff,ff,typical,125,1.8,398.107,3.61189e+06,-89.0560
rff-mff-xtyp,ff,ff,typical,125,1.8,630.957,2.27943e+06,-88.5066
rff-mff-xtyp,ff,ff,typical,125,1.8,1000,1.43899e+06,-87.6356
rff-mff-xtyp,ff,ff,typical,125,1.8,1584.89,909149,-86.2571
rff-mff-xtyp,ff,ff,typical,125,1.8,2511.89,575547,-84.0819
rff-mff-xtyp,ff,ff,typical,125,1.8,3981.07,366160,-80.6735
rff-mff-xtyp,ff,ff,typical,125,1.8,6309.57,235740,-75.4213
rff-mff-xtyp,ff,ff,typical,125,1.8,10000,155955,-67.6376
rff-mff-xtyp,ff,ff,typical,125,1.8,15848.9,108997,-57.0214
rff-mff-xtyp,ff,ff,typical,125,1.8,25118.9,83226,-44.5436
rff-mff-xtyp,ff,ff,typical,125,1.8,39810.7,70375.5,-32.6070
rff-mff-xtyp,ff,ff,typical,125,1.8,63095.7,64518.1,-23.4264
rff-mff-xtyp,ff,ff,typical,125,1.8,100000,61945.6,-17.7652
rff-mff-xtyp,ff,ff,typical,125,1.8,158489,60671.5,-15.4648
rff-mff-xtyp,ff,ff,typical,125,1.8,251189,59615.6,-16.3120
rff-mff-xtyp,ff,ff,typical,125,1.8,398107,57910.4,-20.3952
rff-mff-xtyp,ff,ff,typical,125,1.8,630957,54446,-27.9775
rff-mff-xtyp,ff,ff,typical,125,1.8,1e+06,47976.3,-38.8433
rff-mff-xtyp,ff,ff,typical,125,1.8,1.58489e+06,38407.4,-51.4097
rff-mff-xtyp,ff,ff,typical,125,1.8,2.51189e+06,27850.6,-63.1028
rff-mff-xtyp,ff,ff,typical,125,1.8,3.98107e+06,18815.3,-72.2002
rff-mff-xtyp,ff,ff,typical,125,1.8,6.30957e+06,12233.7,-78.5306
rff-mff-xtyp,ff,ff,typical,125,1.8,1e+07,7815.88,-82.6941
rff-mff-xtyp,ff,ff,typical,125,1.8,1.58489e+07,4956.53,-85.3627
rff-mff-xtyp,ff,ff,typical,125,1.8,2.51189e+07,3133.78,-87.0516
rff-mff-xtyp,ff,ff,typical,125,1.8,3.98107e+07,1979,-88.1097
rff-mff-xtyp,ff,ff,typical,125,1.8,6.30957e+07,1249.25,-88.7625
rff-mff-xtyp,ff,ff,typical,125,1.8,1e+08,788.586,-89.1533
rff-mff-xtyp,ff,ff,typical,125,2.25,100,1.43661e+07,-89.7526
rff-mff-xtyp,ff,ff,typical,125,2.25,158.489,9.0645e+06,-89.6182
rff-mff-xtyp,ff,ff,typical,125,2.25,251.189,5.71951e+06,-89.4013
rff-mff-xtyp,ff,ff,typical,125,2.25,398.107,3.60907e+06,-89.0552
rff-mff-xtyp,ff,ff,typical,125,2.25,630.957,2.27765e+06,-88.5054
rff-mff-xtyp,ff,ff,typical,125,2.25,1000,1.43787e+06,-87.6337
rff-mff-xtyp,ff,ff,typical,125,2.25,1584.89,908443,-86.2541
rff-mff-xtyp,ff,ff,typical,125,2.25,2511.89,575103,-84.0772
rff-mff-xtyp,ff,ff,typical,125,2.25,3981.07,365882,-80.6661
rff-mff-xtyp,ff,ff,typical,125,2.25,6309.57,235568,-75.4100
rff-mff-xtyp,ff,ff,typical,125,2.25,10000,155852,-67.6213
rff-mff-xtyp,ff,ff,typical,125,2.25,15848.9,108939,-57.0004
rff-mff-xtyp,ff,ff,typical,125,2.25,25118.9,83196,-44.5208
rff-mff-xtyp,ff,ff,typical,125,2.25,39810.7,70361.8,-32.5870
rff-mff-xtyp,ff,ff,typical,125,2.25,63095.7,64512.7,-23.4114
rff-mff-xtyp,ff,ff,typical,125,2.25,100000,61943.9,-17.7550
rff-mff-xtyp,ff,ff,typical,125,2.25,158489,60671.4,-15.4582
rff-mff-xtyp,ff,ff,typical,125,2.25,251189,59616,-16.3079
rff-mff-xtyp,ff,ff,typical,125,2.25,398107,57911.1,-20.3927
rff-mff-xtyp,ff,ff,typical,125,2.25,630957,54446.6,-27.9761
rff-mff-xtyp,ff,ff,typical,125,2.25,1e+06,47976.7,-38.8426
rff-mff-xtyp,ff,ff,typical,125,2.25,1.58489e+06,38407.6,-51.4095
rff-mff-xtyp,ff,ff,typical,125,2.25,2.51189e+06,27850.6,-63.1027
rff-mff-xtyp,ff,ff,typical,125,2.25,3.98107e+06,18815.3,-72.2002
rff-mff-xtyp,ff,ff,typical,125,2.25,6.30957e+06,12233.7,-78.5306
rff-mff-xtyp,ff,ff,typical,125,2.25,1e+07,7815.88,-82.6941
rff-mff-xtyp,ff,ff,typical,125,2.25,1.58489e+07,4956.53,-85.3627
rff-mff-xtyp,ff,ff,typical,125,2.25,2.51189e+07,3133.78,-87.0516
rff-mff-xtyp,ff,ff,typical,125,2.25,3.98107e+07,1979,-88.1097
rff-mff-xtyp,ff,ff,typical,125,2.25,6.30957e+07,1249.25,-88.7625
rff-mff-xtyp,ff,ff,typical,125,2.25,1e+08,788.586,-89.1533
rff-mff-xtyp,ff,ff,typical,125,2.7,100,1.43632e+07,-89.7526
rff-mff-xtyp,ff,ff,typical,125,2.7,158.489,9.06269e+06,-89.6181
rff-mff-xtyp,ff,ff,typical,125,2.7,251.189,5.71836e+06,-89.4012
rff-mff-xtyp,ff,ff,typical,125,2.7,398.107,3.60835e+06,-89.0550
rff-mff-xtyp,ff,ff,typical,125,2.7,630.957,2.2772e+06,-88.5051
rff-mff-xtyp,ff,ff,typical,125,2.7,1000,1.43758e+06,-87.6332
rff-mff-xtyp,ff,ff,typical,125,2.7,1584.89,908262,-86.2533
rff-mff-xtyp,ff,ff,typical,125,2.7,2511.89,574989,-84.0759
rff-mff-xtyp,ff,ff,typical,125,2.7,3981.07,365810,-80.6642
rff-mff-xtyp,ff,ff,typical,125,2.7,6309.57,235524,-75.4071
rff-mff-xtyp,ff,ff,typical,125,2.7,10000,155826,-67.6171
rff-mff-xtyp,ff,ff,typical,125,2.7,15848.9,108924,-56.9950
rff-mff-xtyp,ff,ff,typical,125,2.7,25118.9,83188.3,-44.5150
rff-mff-xtyp,ff,ff,typical,125,2.7,39810.7,70358.3,-32.5819
rff-mff-xtyp,ff,ff,typical,125,2.7,63095.7,64511.3,-23.4075
rff-mff-xtyp,ff,ff,typical,125,2.7,100000,61943.4,-17.7524
rff-mff-xtyp,ff,ff,typical,125,2.7,158489,60671.3,-15.4565
rff-mff-xtyp,ff,ff,typical,125,2.7,251189,59616.1,-16.3068
rff-mff-xtyp,ff,ff,typical,125,2.7,398107,57911.2,-20.3921
rff-mff-xtyp,ff,ff,typical,125,2.7,630957,54446.7,-27.9758
rff-mff-xtyp,ff,ff,typical,125,2.7,1e+06,47976.8,-38.8424
rff-mff-xtyp,ff,ff,typical,125,2.7,1.58489e+06,38407.6,-51.4094
rff-mff-xtyp,ff,ff,typical,125,2.7,2.51189e+06,27850.7,-63.1027
rff-mff-xtyp,ff,ff,typical,125,2.7,3.98107e+06,18815.3,-72.2002
rff-mff-xtyp,ff,ff,typical,125,2.7,6.30957e+06,12233.7,-78.5306
rff-mff-xtyp,ff,ff,typical,125,2.7,1e+07,7815.88,-82.6941
rff-mff-xtyp,ff,ff,typical,125,2.7,1.58489e+07,4956.53,-85.3627
rff-mff-xtyp,ff,ff,typical,125,2.7,2.51189e+07,3133.78,-87.0516
rff-mff-xtyp,ff,ff,typical,125,2.7,3.98107e+07,1979,-88.1097
rff-mff-xtyp,ff,ff,typical,125,2.7,6.30957e+07,1249.25,-88.7625
rff-mff-xtyp,ff,ff,typical,125,2.7,1e+08,788.586,-89.1533
rff-mss-xff,ff,ss,ff,-40,0.3,100,1.29471e+07,-89.7228
rff-mss-xff,ff,ss,ff,-40,0.3,158.489,8.1692e+06,-89.5699
rff-mss-xff,ff,ss,ff,-40,0.3,251.189,5.15463e+06,-89.3241
rff-mss-xff,ff,ss,ff,-40,0.3,398.107,3.2527e+06,-88.9325
rff-mss-xff,ff,ss,ff,-40,0.3,630.957,2.05287e+06,-88.3107
rff-mss-xff,ff,ss,ff,-40,0.3,1000,1.29615e+06,-87.3254
rff-mss-xff,ff,ss,ff,-40,0.3,1584.89,819198,-85.7668
rff-mss-xff,ff,ss,ff,-40,0.3,2511.89,519067,-83.3106
rff-mss-xff,ff,ss,ff,-40,0.3,3981.07,330951,-79.4733
rff-mss-xff,ff,ss,ff,-40,0.3,6309.57,214173,-73.6026
rff-mss-xff,ff,ss,ff,-40,0.3,10000,143274,-65.0403
rff-mss-xff,ff,ss,ff,-40,0.3,15848.9,102166,-53.7207
rff-mss-xff,ff,ss,ff,-40,0.3,25118.9,80129.3,-41.0344
rff-mss-xff,ff,ss,ff,-40,0.3,39810.7,69425.7,-29.5176
rff-mss-xff,ff,ss,ff,-40,0.3,63095.7,64644.7,-21.0181
rff-mss-xff,ff,ss,ff,-40,0.3,100000,62565.7,-15.9186
rff-mss-xff,ff,ss,ff,-40,0.3,158489,61531.6,-13.9151
rff-mss-xff,ff,ss,ff,-40,0.3,251189,60653,-14.7768
rff-mss-xff,ff,ss,ff,-40,0.3,398107,59196.9,-18.6104
rff-mss-xff,ff,ss,ff,-40,0.3,630957,56164.4,-25.7519
rff-mss-xff,ff,ss,ff,-40,0.3,1e+06,50279.6,-36.2095
rff-mss-xff,ff,ss,ff,-40,0.3,1.58489e+06,41082.5,-48.7408
rff-mss-xff,ff,ss,ff,-40,0.3,2.51189e+06,30330.6,-60.8592
rff-mss-xff,ff,ss,ff,-40,0.3,3.98107e+06,20720.6,-70.5650
rff-mss-xff,ff,ss,ff,-40,0.3,6.30957e+06,13546.7,-77.4301
rff-mss-xff,ff,ss,ff,-40,0.3,1e+07,8675.6,-81.9800
rff-mss-xff,ff,ss,ff,-40,0.3,1.58489e+07,5507.21,-84.9058
rff-mss-xff,ff,ss,ff,-40,0.3,2.51189e+07,3483.36,-86.7597
rff-mss-xff,ff,ss,ff,-40,0.3,3.98107e+07,2200.13,-87.9216
rff-mss-xff,ff,ss,ff,-40,0.3,6.30957e+07,1388.95,-88.6382
rff-mss-xff,ff,ss,ff,-40,0.3,1e+08,876.837,-89.0667
rff-mss-xff,ff,ss,ff,-40,0.9,100,1.19984e+07,-89.7017
rff-mss-xff,ff,ss,ff,-40,0.9,158.489,7.57064e+06,-89.5358
rff-mss-xff,ff,ss,ff,-40,0.9,251.189,4.77699e+06,-89.2696
rff-mss-xff,ff,ss,ff,-40,0.9,398.107,3.01445e+06,-88.8459
rff-mss-xff,ff,ss,ff,-40,0.9,630.957,1.90259e+06,-88.1735
rff-mss-xff,ff,ss,ff,-40,0.9,1000,1.2014e+06,-87.1080
rff-mss-xff,ff,ss,ff,-40,0.9,1584.89,759527,-85.4235
rff-mss-xff,ff,ss,ff,-40,0.9,2511.89,481593,-82.7714
rff-mss-xff,ff,ss,ff,-40,0.9,3981.07,307579,-78.6379
rff-mss-xff,ff,ss,ff,-40,0.9,6309.57,199836,-72.3488
rff-mss-xff,ff,ss,ff,-40,0.9,10000,134794,-63.2871
rff-mss-xff,ff,ss,ff,-40,0.9,15848.9,97490.1,-51.5759
rff-mss-xff,ff,ss,ff,-40,0.9,25118.9,77808.3,-38.8733
rff-mss-xff,ff,ss,ff,-40,0.9,39810.7,68403.9,-27.7293
rff-mss-xff,ff,ss,ff,-40,0.9,63095.7,64249.2,-19.7311
rff-mss-xff,ff,ss,ff,-40,0.9,100000,62443.7,-15.0605
rff-mss-xff,ff,ss,ff,-40,0.9,158489,61522.4,-13.3646
rff-mss-xff,ff,ss,ff,-40,0.9,251189,60688,-14.4325
rff-mss-xff,ff,ss,ff,-40,0.9,398107,59246.1,-18.4019
rff-mss-xff,ff,ss,ff,-40,0.9,630957,56212.2,-25.6332
rff-mss-xff,ff,ss,ff,-40,0.9,1e+06,50315.5,-36.1497
rff-mss-xff,ff,ss,ff,-40,0.9,1.58489e+06,41102.5,-48.7159
rff-mss-xff,ff,ss,ff,-40,0.9,2.51189e+06,30338.7,-60.8508
rff-mss-xff,ff,ss,ff,-40,0.9,3.98107e+06,20723.2,-70.5627
rff-mss-xff,ff,ss,ff,-40,0.9,6.30957e+06,13547.5,-77.4296
rff-mss-xff,ff,ss,ff,-40,0.9,1e+07,8675.78,-81.9799
rff-mss-xff,ff,ss,ff,-40,0.9,1.58489e+07,5507.25,-84.9058
rff-mss-xff,ff,ss,ff,-40,0.9,2.51189e+07,3483.37,-86.7597
rff-mss-xff,ff,ss,ff,-40,0.9,3.98107e+07,2200.13,-87.9217
rff-mss-xff,ff,ss,ff,-40,0.9,6.30957e+07,1388.95,-88.6382
rff-mss-xff,ff,ss,ff,-40,0.9,1e+08,876.837,-89.0668
rff-mss-xff,ff,ss,ff,-40,1.35,100,1.18574e+07,-89.6983
rff-mss-xff,ff,ss,ff,-40,1.35,158.489,7.48168e+06,-89.5302
rff-mss-xff,ff,ss,ff,-40,1.35,251.189,4.72086e+06,-89.2608
rff-mss-xff,ff,ss,ff,-40,1.35,398.107,2.97904e+06,-88.8319
rff-mss-xff,ff,ss,ff,-40,1.35,630.957,1.88025e+06,-88.1512
rff-mss-xff,ff,ss,ff,-40,1.35,1000,1.18732e+06,-87.0728
rff-mss-xff,ff,ss,ff,-40,1.35,1584.89,750662,-85.3678
rff-mss-xff,ff,ss,ff,-40,1.35,2511.89,476028,-82.6840
rff-mss-xff,ff,ss,ff,-40,1.35,3981.07,304112,-78.5028
rff-mss-xff,ff,ss,ff,-40,1.35,6309.57,197714,-72.1470
rff-mss-xff,ff,ss,ff,-40,1.35,10000,133545,-63.0076
rff-mss-xff,ff,ss,ff,-40,1.35,15848.9,96807.5,-51.2396
rff-mss-xff,ff,ss,ff,-40,1.35,25118.9,77473.1,-38.5412
rff-mss-xff,ff,ss,ff,-40,1.35,39810.7,68257.9,-27.4591
rff-mss-xff,ff,ss,ff,-40,1.35,63095.7,64193.2,-19.5385
rff-mss-xff,ff,ss,ff,-40,1.35,100000,62426.8,-14.9327
rff-mss-xff,ff,ss,ff,-40,1.35,158489,61521.6,-13.2827
rff-mss-xff,ff,ss,ff,-40,1.35,251189,60693.4,-14.3813
rff-mss-xff,ff,ss,ff,-40,1.35,398107,59253.5,-18.3709
rff-mss-xff,ff,ss,ff,-40,1.35,630957,56219.3,-25.6156
rff-mss-xff,ff,ss,ff,-40,1.35,1e+06,50320.8,-36.1408
rff-mss-xff,ff,ss,ff,-40,1.35,1.58489e+06,41105.4,-48.7122
rff-mss-xff,ff,ss,ff,-40,1.35,2.51189e+06,30339.9,-60.8495
rff-mss-xff,ff,ss,ff,-40,1.35,3.98107e+06,20723.6,-70.5623
rff-mss-xff,ff,ss,ff,-40,1.35,6.30957e+06,13547.6,-77.4295
rff-mss-xff,ff,ss,ff,-40,1.35,1e+07,8675.81,-81.9799
rff-mss-xff,ff,ss,ff,-40,1.35,1.58489e+07,5507.26,-84.9058
rff-mss-xff,ff,ss,ff,-40,1.35,2.51189e+07,3483.37,-86.7597
rff-mss-xff,ff,ss,ff,-40,1.35,3.98107e+07,2200.13,-87.9217
rff-mss-xff,ff,ss,ff,-40,1.35,6.30957e+07,1388.95,-88.6382
rff-mss-xff,ff,ss,ff,-40,1.35,1e+08,876.837,-89.0668
rff-mss-xff,ff,ss,ff,-40,1.8,100,1.18212e+07,-89.6974
rff-mss-xff,ff,ss,ff,-40,1.8,158.489,7.45882e+06,-89.5288
rff-mss-xff,ff,ss,ff,-40,1.8,251.189,4.70644e+06,-89.2585
rff-mss-xff,ff,ss,ff,-40,1.8,398.107,2.96995e+06,-88.8282
rff-mss-xff,ff,ss,ff,-40,1.8,630.957,1.87452e+06,-88.1454
rff-mss-xff,ff,ss,ff,-40,1.8,1000,1.1837e+06,-87.0636
rff-mss-xff,ff,ss,ff,-40,1.8,1584.89,748384,-85.3533
rff-mss-xff,ff,ss,ff,-40,1.8,2511.89,474598,-82.6613
rff-mss-xff,ff,ss,ff,-40,1.8,3981.07,303222,-78.4675
rff-mss-xff,ff,ss,ff,-40,1.8,6309.57,197169,-72.0944
rff-mss-xff,ff,ss,ff,-40,1.8,10000,133225,-62.9349
rff-mss-xff,ff,ss,ff,-40,1.8,15848.9,96632.6,-51.1525
rff-mss-xff,ff,ss,ff,-40,1.8,25118.9,77387.4,-38.4554
rff-mss-xff,ff,ss,ff,-40,1.8,39810.7,68220.6,-27.3894
rff-mss-xff,ff,ss,ff,-40,1.8,63095.7,64178.9,-19.4890
rff-mss-xff,ff,ss,ff,-40,1.8,100000,62422.5,-14.8999
rff-mss-xff,ff,ss,ff,-40,1.8,158489,61521.4,-13.2617
rff-mss-xff,ff,ss,ff,-40,1.8,251189,60694.8,-14.3682
rff-mss-xff,ff,ss,ff,-40,1.8,398107,59255.4,-18.3630
rff-mss-xff,ff,ss,ff,-40,1.8,630957,56221.1,-25.6111
rff-mss-xff,ff,ss,ff,-40,1.8,1e+06,50322.2,-36.1385
rff-mss-xff,ff,ss,ff,-40,1.8,1.58489e+06,41106.2,-48.7112
rff-mss-xff,ff,ss,ff,-40,1.8,2.51189e+06,30340.2,-60.8492
rff-mss-xff,ff,ss,ff,-40,1.8,3.98107e+06,20723.7,-70.5622
rff-mss-xff,ff,ss,ff,-40,1.8,6.30957e+06,13547.6,-77.4295
rff-mss-xff,ff,ss,ff,-40,1.8,1e+07,8675.82,-81.9799
rff-mss-xff,ff,ss,ff,-40,1.8,1.58489e+07,5507.26,-84.9058
rff-mss-xff,ff,ss,ff,-40,1.8,2.51189e+07,3483.37,-86.7597
rff-mss-xff,ff,ss,ff,-40,1.8,3.98107e+07,2200.13,-87.9217
rff-mss-xff,ff,ss,ff,-40,1.8,6.30957e+07,1388.95,-88.6382
rff-mss-xff,ff,ss,ff,-40,1.8,1e+08,876.837,-89.0668
rff-mss-xff,ff,ss,ff,-40,2.25,100,1.18119e+07,-89.6971
rff-mss-xff,ff,ss,ff,-40,2.25,158.489,7.45297e+06,-89.5284
rff-mss-xff,ff,ss,ff,-40,2.25,251.189,4.70275e+06,-89.2579
rff-mss-xff,ff,ss,ff,-40,2.25,398.107,2.96762e+06,-88.8273
rff-mss-xff,ff,ss,ff,-40,2.25,630.957,1.87305e+06,-88.1439
rff-mss-xff,ff,ss,ff,-40,2.25,1000,1.18277e+06,-87.0612
rff-mss-xff,ff,ss,ff,-40,2.25,1584.89,747800,-85.3496
rff-mss-xff,ff,ss,ff,-40,2.25,2511.89,474232,-82.6554
rff-mss-xff,ff,ss,ff,-40,2.25,3981.07,302994,-78.4585
rff-mss-xff,ff,ss,ff,-40,2.25,6309.57,197029,-72.0809
rff-mss-xff,ff,ss,ff,-40,2.25,10000,133143,-62.9163
rff-mss-xff,ff,ss,ff,-40,2.25,15848.9,96587.9,-51.1301
rff-mss-xff,ff,ss,ff,-40,2.25,25118.9,77365.5,-38.4334
rff-mss-xff,ff,ss,ff,-40,2.25,39810.7,68211,-27.3716
rff-mss-xff,ff,ss,ff,-40,2.25,63095.7,64175.3,-19.4763
rff-mss-xff,ff,ss,ff,-40,2.25,100000,62421.4,-14.8914
rff-mss-xff,ff,ss,ff,-40,2.25,158489,61521.3,-13.2563
rff-mss-xff,ff,ss,ff,-40,2.25,251189,60695.2,-14.3648
rff-mss-xff,ff,ss,ff,-40,2.25,398107,59255.9,-18.3609
rff-mss-xff,ff,ss,ff,-40,2.25,630957,56221.6,-25.6100
rff-mss-xff,ff,ss,ff,-40,2.25,1e+06,50322.6,-36.1379
rff-mss-xff,ff,ss,ff,-40,2.25,1.58489e+06,41106.4,-48.7110
rff-mss-xff,ff,ss,ff,-40,2.25,2.51189e+06,30340.3,-60.8491
rff-mss-xff,ff,ss,ff,-40,2.25,3.98107e+06,20723.7,-70.5622
rff-mss-xff,ff,ss,ff,-40,2.25,6.30957e+06,13547.6,-77.4295
rff-mss-xff,ff,ss,ff,-40,2.25,1e+07,8675.82,-81.9799
rff-mss-xff,ff,ss,ff,-40,2.25,1.58489e+07,5507.26,-84.9058
rff-mss-xff,ff,ss,ff,-40,2.25,2.51189e+07,3483.37,-86.7597
rff-mss-xff,ff,ss,ff,-40,2.25,3.98107e+07,2200.13,-87.9217
rff-mss-xff,ff,ss,ff,-40,2.25,6.30957e+07,1388.95,-88.6382
rff-mss-xff,ff,ss,ff,-40,2.25,1e+08,876.837,-89.0668
rff-mss-xff,ff,ss,ff,-40,2.7,100,1.18095e+07,-89.6971
rff-mss-xff,ff,ss,ff,-40,2.7,158.489,7.45147e+06,-89.5283
rff-mss-xff,ff,ss,ff,-40,2.7,251.189,4.7018e+06,-89.2577
rff-mss-xff,ff,ss,ff,-40,2.7,398.107,2.96702e+06,-88.8270
rff-mss-xff,ff,ss,ff,-40,2.7,630.957,1.87267e+06,-88.1435
rff-mss-xff,ff,ss,ff,-40,2.7,1000,1.18254e+06,-87.0606
rff-mss-xff,ff,ss,ff,-40,2.7,1584.89,747651,-85.3486
rff-mss-xff,ff,ss,ff,-40,2.7,2511.89,474138,-82.6539
rff-mss-xff,ff,ss,ff,-40,2.7,3981.07,302935,-78.4562
rff-mss-xff,ff,ss,ff,-40,2.7,6309.57,196994,-72.0774
rff-mss-xff,ff,ss,ff,-40,2.7,10000,133122,-62.9115
rff-mss-xff,ff,ss,ff,-40,2.7,15848.9,96576.5,-51.1244
rff-mss-xff,ff,ss,ff,-40,2.7,25118.9,77359.9,-38.4278
rff-mss-xff,ff,ss,ff,-40,2.7,39810.7,68208.6,-27.3670
rff-mss-xff,ff,ss,ff,-40,2.7,63095.7,64174.3,-19.4730
rff-mss-xff,ff,ss,ff,-40,2.7,100000,62421.2,-14.8893
rff-mss-xff,ff,ss,ff,-40,2.7,158489,61521.3,-13.2549
rff-mss-xff,ff,ss,ff,-40,2.7,251189,60695.3,-14.3640
rff-mss-xff,ff,ss,ff,-40,2.7,398107,59256,-18.3604
rff-mss-xff,ff,ss,ff,-40,2.7,630957,56221.7,-25.6097
rff-mss-xff,ff,ss,ff,-40,2.7,1e+06,50322.6,-36.1378
rff-mss-xff,ff,ss,ff,-40,2.7,1.58489e+06,41106.4,-48.7109
rff-mss-xff,ff,ss,ff,-40,2.7,2.51189e+06,30340.3,-60.8491
rff-mss-xff,ff,ss,ff,-40,2.7,3.98107e+06,20723.7,-70.5622
rff-mss-xff,ff,ss,ff,-40,2.7,6.30957e+06,13547.6,-77.4295
rff-mss-xff,ff,ss,ff,-40,2.7,1e+07,8675.82,-81.9799
rff-mss-xff,ff,ss,ff,-40,2.7,1.58489e+07,5507.26,-84.9058
rff-mss-xff,ff,ss,ff,-40,2.7,2.51189e+07,3483.37,-86.7597
rff-mss-xff,ff,ss,ff,-40,2.7,3.98107e+07,2200.13,-87.9217
rff-mss-xff,ff,ss,ff,-40,2.7,6.30957e+07,1388.95,-88.6382
rff-mss-xff,ff,ss,ff,-40,2.7,1e+08,876.837,-89.0668
rff-mss-xff,ff,ss,ff,27,0.3,100,1.29469e+07,-89.7253
rff-mss-xff,ff,ss,ff,27,0.3,158.489,8.16905e+06,-89.5738
rff-mss-xff,ff,ss,ff,27,0.3,251.189,5.15454e+06,-89.3303
rff-mss-xff,ff,ss,ff,27,0.3,398.107,3.25263e+06,-88.9424
rff-mss-xff,ff,ss,ff,27,0.3,630.957,2.05282e+06,-88.3264
rff-mss-xff,ff,ss,ff,27,0.3,1000,1.2961e+06,-87.3502
rff-mss-xff,ff,ss,ff,27,0.3,1584.89,819141,-85.8060
rff-mss-xff,ff,ss,ff,27,0.3,2511.89,518990,-83.3721
rff-mss-xff,ff,ss,ff,27,0.3,3981.07,330840,-79.5689
rff-mss-xff,ff,ss,ff,27,0.3,6309.57,214007,-73.7464
rff-mss-xff,ff,ss,ff,27,0.3,10000,143028,-65.2430
rff-mss-xff,ff,ss,ff,27,0.3,15848.9,101824,-53.9714
rff-mss-xff,ff,ss,ff,27,0.3,25118.9,79693.3,-41.2892
rff-mss-xff,ff,ss,ff,27,0.3,39810.7,68922.9,-29.7260
rff-mss-xff,ff,ss,ff,27,0.3,63095.7,64105.8,-21.1587
rff-mss-xff,ff,ss,ff,27,0.3,100000,62011.8,-15.9945
rff-mss-xff,ff,ss,ff,27,0.3,158489,60976,-13.9343
rff-mss-xff,ff,ss,ff,27,0.3,251189,60108.1,-14.7423
rff-mss-xff,ff,ss,ff,27,0.3,398107,58682.7,-18.5186
rff-mss-xff,ff,ss,ff,27,0.3,630957,55716.8,-25.5980
rff-mss-xff,ff,ss,ff,27,0.3,1e+06,49945.6,-36.0021
rff-mss-xff,ff,ss,ff,27,0.3,1.58489e+06,40883.5,-48.5161
rff-mss-xff,ff,ss,ff,27,0.3,2.51189e+06,30233.9,-60.6630
rff-mss-xff,ff,ss,ff,27,0.3,3.98107e+06,20676.5,-70.4193
rff-mss-xff,ff,ss,ff,27,0.3,6.30957e+06,13525.1,-77.3313
rff-mss-xff,ff,ss,ff,27,0.3,1e+07,8663.8,-81.9158
rff-mss-xff,ff,ss,ff,27,0.3,1.58489e+07,5500.26,-84.8649
rff-mss-xff,ff,ss,ff,27,0.3,2.51189e+07,3479.1,-86.7340
rff-mss-xff,ff,ss,ff,27,0.3,3.98107e+07,2197.47,-87.9057
rff-mss-xff,ff,ss,ff,27,0.3,6.30957e+07,1387.28,-88.6286
rff-mss-xff,ff,ss,ff,27,0.3,1e+08,875.777,-89.0613
rff-mss-xff,ff,ss,ff,27,0.9,100,1.19982e+07,-89.7044
rff-mss-xff,ff,ss,ff,27,0.9,158.489,7.57051e+06,-89.5400
rff-mss-xff,ff,ss,ff,27,0.9,251.189,4.7769e+06,-89.2764
rff-mss-xff,ff,ss,ff,27,0.9,398.107,3.01439e+06,-88.8566
rff-mss-xff,ff,ss,ff,27,0.9,630.957,1.90254e+06,-88.1904
rff-mss-xff,ff,ss,ff,27,0.9,1000,1.20135e+06,-87.1348
rff-mss-xff,ff,ss,ff,27,0.9,1584.89,759469,-85.4658
rff-mss-xff,ff,ss,ff,27,0.9,2511.89,481513,-82.8378
rff-mss-xff,ff,ss,ff,27,0.9,3981.07,307461,-78.7406
rff-mss-xff,ff,ss,ff,27,0.9,6309.57,199658,-72.5023
rff-mss-xff,ff,ss,ff,27,0.9,10000,134533,-63.4998
rff-mss-xff,ff,ss,ff,27,0.9,15848.9,97130.8,-51.8316
rff-mss-xff,ff,ss,ff,27,0.9,25118.9,77358.4,-39.1241
rff-mss-xff,ff,ss,ff,27,0.9,39810.7,67892.6,-27.9280
rff-mss-xff,ff,ss,ff,27,0.9,63095.7,63705.8,-19.8619
rff-mss-xff,ff,ss,ff,27,0.9,100000,61887.6,-15.1290
rff-mss-xff,ff,ss,ff,27,0.9,158489,60965.7,-13.3787
rff-mss-xff,ff,ss,ff,27,0.9,251189,60142.4,-14.3946
rff-mss-xff,ff,ss,ff,27,0.9,398107,58731.5,-18.3079
rff-mss-xff,ff,ss,ff,27,0.9,630957,55764.3,-25.4779
rff-mss-xff,ff,ss,ff,27,0.9,1e+06,49981.5,-35.9414
rff-mss-xff,ff,ss,ff,27,0.9,1.58489e+06,40903.5,-48.4907
rff-mss-xff,ff,ss,ff,27,0.9,2.51189e+06,30242,-60.6544
rff-mss-xff,ff,ss,ff,27,0.9,3.98107e+06,20679.1,-70.4169
rff-mss-xff,ff,ss,ff,27,0.9,6.30957e+06,13525.9,-77.3307
rff-mss-xff,ff,ss,ff,27,0.9,1e+07,8664,-81.9157
rff-mss-xff,ff,ss,ff,27,0.9,1.58489e+07,5500.31,-84.8649
rff-mss-xff,ff,ss,ff,27,0.9,2.51189e+07,3479.11,-86.7340
rff-mss-xff,ff,ss,ff,27,0.9,3.98107e+07,2197.47,-87.9057
rff-mss-xff,ff,ss,ff,27,0.9,6.30957e+07,1387.28,-88.6286
rff-mss-xff,ff,ss,ff,27,0.9,1e+08,875.777,-89.0613
rff-mss-xff,ff,ss,ff,27,1.35,100,1.18572e+07,-89.7010
rff-mss-xff,ff,ss,ff,27,1.35,158.489,7.48156e+06,-89.5345
rff-mss-xff,ff,ss,ff,27,1.35,251.189,4.72078e+06,-89.2676
rff-mss-xff,ff,ss,ff,27,1.35,398.107,2.97898e+06,-88.8427
rff-mss-xff,ff,ss,ff,27,1.35,630.957,1.88021e+06,-88.1683
rff-mss-xff,ff,ss,ff,27,1.35,1000,1.18727e+06,-87.0999
rff-mss-xff,ff,ss,ff,27,1.35,1584.89,750603,-85.4107
rff-mss-xff,ff,ss,ff,27,1.35,2511.89,475947,-82.7512
rff-mss-xff,ff,ss,ff,27,1.35,3981.07,303993,-78.6066
rff-mss-xff,ff,ss,ff,27,1.35,6309.57,197534,-72.3019
rff-mss-xff,ff,ss,ff,27,1.35,10000,133282,-63.2218
rff-mss-xff,ff,ss,ff,27,1.35,15848.9,96445.5,-51.4960
rff-mss-xff,ff,ss,ff,27,1.35,25118.9,77021.2,-38.7912
rff-mss-xff,ff,ss,ff,27,1.35,39810.7,67745.2,-27.6562
rff-mss-xff,ff,ss,ff,27,1.35,63095.7,63649.2,-19.6678
rff-mss-xff,ff,ss,ff,27,1.35,100000,61870.4,-15.0000
rff-mss-xff,ff,ss,ff,27,1.35,158489,60964.6,-13.2961
rff-mss-xff,ff,ss,ff,27,1.35,251189,60147.7,-14.3430
rff-mss-xff,ff,ss,ff,27,1.35,398107,58738.8,-18.2766
rff-mss-xff,ff,ss,ff,27,1.35,630957,55771.4,-25.4601
rff-mss-xff,ff,ss,ff,27,1.35,1e+06,49986.8,-35.9324
rff-mss-xff,ff,ss,ff,27,1.35,1.58489e+06,40906.5,-48.4869
rff-mss-xff,ff,ss,ff,27,1.35,2.51189e+06,30243.3,-60.6532
rff-mss-xff,ff,ss,ff,27,1.35,3.98107e+06,20679.5,-70.4166
rff-mss-xff,ff,ss,ff,27,1.35,6.30957e+06,13526,-77.3306
rff-mss-xff,ff,ss,ff,27,1.35,1e+07,8664.02,-81.9157
rff-mss-xff,ff,ss,ff,27,1.35,1.58489e+07,5500.31,-84.8649
rff-mss-xff,ff,ss,ff,27,1.35,2.51189e+07,3479.11,-86.7340
rff-mss-xff,ff,ss,ff,27,1.35,3.98107e+07,2197.47,-87.9057
rff-mss-xff,ff,ss,ff,27,1.35,6.30957e+07,1387.28,-88.6286
rff-mss-xff,ff,ss,ff,27,1.35,1e+08,875.777,-89.0613
rff-mss-xff,ff,ss,ff,27,1.8,100,1.1821e+07,-89.7001
rff-mss-xff,ff,ss,ff,27,1.8,158.489,7.4587e+06,-89.5331
rff-mss-xff,ff,ss,ff,27,1.8,251.189,4.70636e+06,-89.2653
rff-mss-xff,ff,ss,ff,27,1.8,398.107,2.96989e+06,-88.8391
rff-mss-xff,ff,ss,ff,27,1.8,630.957,1.87447e+06,-88.1626
rff-mss-xff,ff,ss,ff,27,1.8,1000,1.18365e+06,-87.0908
rff-mss-xff,ff,ss,ff,27,1.8,1584.89,748325,-85.3963
rff-mss-xff,ff,ss,ff,27,1.8,2511.89,474517,-82.7286
rff-mss-xff,ff,ss,ff,27,1.8,3981.07,303102,-78.5717
rff-mss-xff,ff,ss,ff,27,1.8,6309.57,196989,-72.2498
rff-mss-xff,ff,ss,ff,27,1.8,10000,132961,-63.1495
rff-mss-xff,ff,ss,ff,27,1.8,15848.9,96270,-51.4090
rff-mss-xff,ff,ss,ff,27,1.8,25118.9,76935,-38.7052
rff-mss-xff,ff,ss,ff,27,1.8,39810.7,67707.6,-27.5861
rff-mss-xff,ff,ss,ff,27,1.8,63095.7,63634.7,-19.6179
rff-mss-xff,ff,ss,ff,27,1.8,100000,61866,-14.9669
rff-mss-xff,ff,ss,ff,27,1.8,158489,60964.4,-13.2749
rff-mss-xff,ff,ss,ff,27,1.8,251189,60149.1,-14.3297
rff-mss-xff,ff,ss,ff,27,1.8,398107,58740.7,-18.2685
rff-mss-xff,ff,ss,ff,27,1.8,630957,55773.2,-25.4555
rff-mss-xff,ff,ss,ff,27,1.8,1e+06,49988.2,-35.9301
rff-mss-xff,ff,ss,ff,27,1.8,1.58489e+06,40907.3,-48.4859
rff-mss-xff,ff,ss,ff,27,1.8,2.51189e+06,30243.6,-60.6529
rff-mss-xff,ff,ss,ff,27,1.8,3.98107e+06,20679.6,-70.4165
rff-mss-xff,ff,ss,ff,27,1.8,6.30957e+06,13526,-77.3306
rff-mss-xff,ff,ss,ff,27,1.8,1e+07,8664.03,-81.9157
rff-mss-xff,ff,ss,ff,27,1.8,1.58489e+07,5500.31,-84.8649
rff-mss-xff,ff,ss,ff,27,1.8,2.51189e+07,3479.11,-86.7340
rff-mss-xff,ff,ss,ff,27,1.8,3.98107e+07,2197.47,-87.9057
rff-mss-xff,ff,ss,ff,27,1.8,6.30957e+07,1387.28,-88.6286
rff-mss-xff,ff,ss,ff,27,1.8,1e+08,875.777,-89.0613
rff-mss-xff,ff,ss,ff,27,2.25,100,1.18117e+07,-89.6999
rff-mss-xff,ff,ss,ff,27,2.25,158.489,7.45285e+06,-89.5327
rff-mss-xff,ff,ss,ff,27,2.25,251.189,4.70266e+06,-89.2648
rff-mss-xff,ff,ss,ff,27,2.25,398.107,2.96756e+06,-88.8382
rff-mss-xff,ff,ss,ff,27,2.25,630.957,1.873e+06,-88.1611
rff-mss-xff,ff,ss,ff,27,2.25,1000,1.18272e+06,-87.0884
rff-mss-xff,ff,ss,ff,27,2.25,1584.89,747742,-85.3926
rff-mss-xff,ff,ss,ff,27,2.25,2511.89,474151,-82.7228
rff-mss-xff,ff,ss,ff,27,2.25,3981.07,302874,-78.5627
rff-mss-xff,ff,ss,ff,27,2.25,6309.57,196849,-72.2364
rff-mss-xff,ff,ss,ff,27,2.25,10000,132879,-63.1309
rff-mss-xff,ff,ss,ff,27,2.25,15848.9,96225.1,-51.3866
rff-mss-xff,ff,ss,ff,27,2.25,25118.9,76912.9,-38.6831
rff-mss-xff,ff,ss,ff,27,2.25,39810.7,67698,-27.5682
rff-mss-xff,ff,ss,ff,27,2.25,63095.7,63631.1,-19.6051
rff-mss-xff,ff,ss,ff,27,2.25,100000,61864.9,-14.9584
rff-mss-xff,ff,ss,ff,27,2.25,158489,60964.3,-13.2694
rff-mss-xff,ff,ss,ff,27,2.25,251189,60149.4,-14.3263
rff-mss-xff,ff,ss,ff,27,2.25,398107,58741.2,-18.2665
rff-mss-xff,ff,ss,ff,27,2.25,630957,55773.7,-25.4543
rff-mss-xff,ff,ss,ff,27,2.25,1e+06,49988.5,-35.9295
rff-mss-xff,ff,ss,ff,27,2.25,1.58489e+06,40907.5,-48.4857
rff-mss-xff,ff,ss,ff,27,2.25,2.51189e+06,30243.7,-60.6528
rff-mss-xff,ff,ss,ff,27,2.25,3.98107e+06,20679.6,-70.4164
rff-mss-xff,ff,ss,ff,27,2.25,6.30957e+06,13526,-77.3306
rff-mss-xff,ff,ss,ff,27,2.25,1e+07,8664.03,-81.9157
rff-mss-xff,ff,ss,ff,27,2.25,1.58489e+07,5500.32,-84.8649
rff-mss-xff,ff,ss,ff,27,2.25,2.51189e+07,3479.11,-86.7340
rff-mss-xff,ff,ss,ff,27,2.25,3.98107e+07,2197.47,-87.9057
rff-mss-xff,ff,ss,ff,27,2.25,6.30957e+07,1387.28,-88.6286
rff-mss-xff,ff,ss,ff,27,2.25,1e+08,875.777,-89.0613
rff-mss-xff,ff,ss,ff,27,2.7,100,1.18094e+07,-89.6998
rff-mss-xff,ff,ss,ff,27,2.7,158.489,7.45135e+06,-89.5326
rff-mss-xff,ff,ss,ff,27,2.7,251.189,4.70172e+06,-89.2646
rff-mss-xff,ff,ss,ff,27,2.7,398.107,2.96696e+06,-88.8379
rff-mss-xff,ff,ss,ff,27,2.7,630.957,1.87262e+06,-88.1607
rff-mss-xff,ff,ss,ff,27,2.7,1000,1.18249e+06,-87.0878
rff-mss-xff,ff,ss,ff,27,2.7,1584.89,747592,-85.3916
rff-mss-xff,ff,ss,ff,27,2.7,2511.89,474057,-82.7214
rff-mss-xff,ff,ss,ff,27,2.7,3981.07,302815,-78.5604
rff-mss-xff,ff,ss,ff,27,2.7,6309.57,196814,-72.2329
rff-mss-xff,ff,ss,ff,27,2.7,10000,132858,-63.1262
rff-mss-xff,ff,ss,ff,27,2.7,15848.9,96213.6,-51.3809
rff-mss-xff,ff,ss,ff,27,2.7,25118.9,76907.3,-38.6775
rff-mss-xff,ff,ss,ff,27,2.7,39810.7,67695.6,-27.5636
rff-mss-xff,ff,ss,ff,27,2.7,63095.7,63630.1,-19.6018
rff-mss-xff,ff,ss,ff,27,2.7,100000,61864.6,-14.9562
rff-mss-xff,ff,ss,ff,27,2.7,158489,60964.3,-13.2681
rff-mss-xff,ff,ss,ff,27,2.7,251189,60149.5,-14.3254
rff-mss-xff,ff,ss,ff,27,2.7,398107,58741.3,-18.2660
rff-mss-xff,ff,ss,ff,27,2.7,630957,55773.8,-25.4540
rff-mss-xff,ff,ss,ff,27,2.7,1e+06,49988.6,-35.9293
rff-mss-xff,ff,ss,ff,27,2.7,1.58489e+06,40907.5,-48.4856
rff-mss-xff,ff,ss,ff,27,2.7,2.51189e+06,30243.7,-60.6527
rff-mss-xff,ff,ss,ff,27,2.7,3.98107e+06,20679.6,-70.4164
rff-mss-xff,ff,ss,ff,27,2.7,6.30957e+06,13526,-77.3306
rff-mss-xff,ff,ss,ff,27,2.7,1e+07,8664.03,-81.9157
rff-mss-xff,ff,ss,ff,27,2.7,1.58489e+07,5500.32,-84.8649
rff-mss-xff,ff,ss,ff,27,2.7,2.51189e+07,3479.11,-86.7340
rff-mss-xff,ff,ss,ff,27,2.7,3.98107e+07,2197.47,-87.9057
rff-mss-xff,ff,ss,ff,27,2.7,6.30957e+07,1387.28,-88.6286
rff-mss-xff,ff,ss,ff,27,2.7,1e+08,875.777,-89.0613
rff-mss-xff,ff,ss,ff,125,0.3,100,1.29467e+07,-89.7259
rff-mss-xff,ff,ss,ff,125,0.3,158.489,8.16894e+06,-89.5748
rff-mss-xff,ff,ss,ff,125,0.3,251.189,5.15447e+06,-89.3319
rff-mss-xff,ff,ss,ff,125,0.3,398.107,3.25259e+06,-88.9449
rff-mss-xff,ff,ss,ff,125,0.3,630.957,2.05279e+06,-88.3304
rff-mss-xff,ff,ss,ff,125,0.3,1000,1.29607e+06,-87.3565
rff-mss-xff,ff,ss,ff,125,0.3,1584.89,819120,-85.8159
rff-mss-xff,ff,ss,ff,125,0.3,2511.89,518967,-83.3877
rff-mss-xff,ff,ss,ff,125,0.3,3981.07,330809,-79.5930
rff-mss-xff,ff,ss,ff,125,0.3,6309.57,213964,-73.7829
rff-mss-xff,ff,ss,ff,125,0.3,10000,142966,-65.2944
rff-mss-xff,ff,ss,ff,125,0.3,15848.9,101737,-54.0353
rff-mss-xff,ff,ss,ff,125,0.3,25118.9,79583.1,-41.3544
rff-mss-xff,ff,ss,ff,125,0.3,39810.7,68795.8,-29.7799
rff-mss-xff,ff,ss,ff,125,0.3,63095.7,63969.4,-21.1959
rff-mss-xff,ff,ss,ff,125,0.3,100000,61871.6,-16.0162
rff-mss-xff,ff,ss,ff,125,0.3,158489,60835.1,-13.9428
rff-mss-xff,ff,ss,ff,125,0.3,251189,59969.3,-14.7391
rff-mss-xff,ff,ss,ff,125,0.3,398107,58550.3,-18.5036
rff-mss-xff,ff,ss,ff,125,0.3,630957,55598.4,-25.5707
rff-mss-xff,ff,ss,ff,125,0.3,1e+06,49851.7,-35.9645
rff-mss-xff,ff,ss,ff,125,0.3,1.58489e+06,40820.3,-48.4748
rff-mss-xff,ff,ss,ff,125,0.3,2.51189e+06,30196.5,-60.6268
rff-mss-xff,ff,ss,ff,125,0.3,3.98107e+06,20655.1,-70.3923
rff-mss-xff,ff,ss,ff,125,0.3,6.30957e+06,13512.5,-77.3130
rff-mss-xff,ff,ss,ff,125,0.3,1e+07,8656.06,-81.9039
rff-mss-xff,ff,ss,ff,125,0.3,1.58489e+07,5495.44,-84.8573
rff-mss-xff,ff,ss,ff,125,0.3,2.51189e+07,3476.08,-86.7293
rff-mss-xff,ff,ss,ff,125,0.3,3.98107e+07,2195.57,-87.9028
rff-mss-xff,ff,ss,ff,125,0.3,6.30957e+07,1386.08,-88.6270
rff-mss-xff,ff,ss,ff,125,0.3,1e+08,875.018,-89.0605
rff-mss-xff,ff,ss,ff,125,0.9,100,1.19981e+07,-89.7051
rff-mss-xff,ff,ss,ff,125,0.9,158.489,7.57042e+06,-89.5411
rff-mss-xff,ff,ss,ff,125,0.9,251.189,4.77684e+06,-89.2781
rff-mss-xff,ff,ss,ff,125,0.9,398.107,3.01435e+06,-88.8593
rff-mss-xff,ff,ss,ff,125,0.9,630.957,1.90251e+06,-88.1947
rff-mss-xff,ff,ss,ff,125,0.9,1000,1.20133e+06,-87.1416
rff-mss-xff,ff,ss,ff,125,0.9,1584.89,759448,-85.4765
rff-mss-xff,ff,ss,ff,125,0.9,2511.89,481489,-82.8546
rff-mss-xff,ff,ss,ff,125,0.9,3981.07,307429,-78.7666
rff-mss-xff,ff,ss,ff,125,0.9,6309.57,199612,-72.5411
rff-mss-xff,ff,ss,ff,125,0.9,10000,134466,-63.5537
rff-mss-xff,ff,ss,ff,125,0.9,15848.9,97039.8,-51.8967
rff-mss-xff,ff,ss,ff,125,0.9,25118.9,77244.7,-39.1883
rff-mss-xff,ff,ss,ff,125,0.9,39810.7,67763.3,-27.9794
rff-mss-xff,ff,ss,ff,125,0.9,63095.7,63568.4,-19.8967
rff-mss-xff,ff,ss,ff,125,0.9,100000,61746.9,-15.1487
rff-mss-xff,ff,ss,ff,125,0.9,158489,60824.5,-13.3859
rff-mss-xff,ff,ss,ff,125,0.9,251189,60003.4,-14.3905
rff-mss-xff,ff,ss,ff,125,0.9,398107,58598.9,-18.2923
rff-mss-xff,ff,ss,ff,125,0.9,630957,55645.8,-25.4503
rff-mss-xff,ff,ss,ff,125,0.9,1e+06,49887.6,-35.9035
rff-mss-xff,ff,ss,ff,125,0.9,1.58489e+06,40840.4,-48.4493
rff-mss-xff,ff,ss,ff,125,0.9,2.51189e+06,30204.7,-60.6182
rff-mss-xff,ff,ss,ff,125,0.9,3.98107e+06,20657.7,-70.3899
rff-mss-xff,ff,ss,ff,125,0.9,6.30957e+06,13513.2,-77.3124
rff-mss-xff,ff,ss,ff,125,0.9,1e+07,8656.25,-81.9038
rff-mss-xff,ff,ss,ff,125,0.9,1.58489e+07,5495.49,-84.8574
rff-mss-xff,ff,ss,ff,125,0.9,2.51189e+07,3476.09,-86.7293
rff-mss-xff,ff,ss,ff,125,0.9,3.98107e+07,2195.57,-87.9028
rff-mss-xff,ff,ss,ff,125,0.9,6.30957e+07,1386.08,-88.6270
rff-mss-xff,ff,ss,ff,125,0.9,1e+08,875.018,-89.0605
rff-mss-xff,ff,ss,ff,125,1.35,100,1.18571e+07,-89.7017
rff-mss-xff,ff,ss,ff,125,1.35,158.489,7.48147e+06,-89.5356
rff-mss-xff,ff,ss,ff,125,1.35,251.189,4.72072e+06,-89.2694
rff-mss-xff,ff,ss,ff,125,1.35,398.107,2.97895e+06,-88.8455
rff-mss-xff,ff,ss,ff,125,1.35,630.957,1.88018e+06,-88.1727
rff-mss-xff,ff,ss,ff,125,1.35,1000,1.18725e+06,-87.1068
rff-mss-xff,ff,ss,ff,125,1.35,1584.89,750583,-85.4215
rff-mss-xff,ff,ss,ff,125,1.35,2511.89,475923,-82.7682
rff-mss-xff,ff,ss,ff,125,1.35,3981.07,303960,-78.6329
rff-mss-xff,ff,ss,ff,125,1.35,6309.57,197488,-72.3412
rff-mss-xff,ff,ss,ff,125,1.35,10000,133215,-63.2761
rff-mss-xff,ff,ss,ff,125,1.35,15848.9,96353.9,-51.5612
rff-mss-xff,ff,ss,ff,125,1.35,25118.9,76907,-38.8552
rff-mss-xff,ff,ss,ff,125,1.35,39810.7,67615.7,-27.7072
rff-mss-xff,ff,ss,ff,125,1.35,63095.7,63511.6,-19.7022
rff-mss-xff,ff,ss,ff,125,1.35,100000,61729.6,-15.0195
rff-mss-xff,ff,ss,ff,125,1.35,158489,60823.4,-13.3031
rff-mss-xff,ff,ss,ff,125,1.35,251189,60008.7,-14.3388
rff-mss-xff,ff,ss,ff,125,1.35,398107,58606.2,-18.2610
rff-mss-xff,ff,ss,ff,125,1.35,630957,55652.9,-25.4325
rff-mss-xff,ff,ss,ff,125,1.35,1e+06,49892.9,-35.8945
rff-mss-xff,ff,ss,ff,125,1.35,1.58489e+06,40843.4,-48.4455
rff-mss-xff,ff,ss,ff,125,1.35,2.51189e+06,30205.9,-60.6169
rff-mss-xff,ff,ss,ff,125,1.35,3.98107e+06,20658.1,-70.3896
rff-mss-xff,ff,ss,ff,125,1.35,6.30957e+06,13513.3,-77.3123
rff-mss-xff,ff,ss,ff,125,1.35,1e+07,8656.28,-81.9038
rff-mss-xff,ff,ss,ff,125,1.35,1.58489e+07,5495.5,-84.8574
rff-mss-xff,ff,ss,ff,125,1.35,2.51189e+07,3476.09,-86.7293
rff-mss-xff,ff,ss,ff,125,1.35,3.98107e+07,2195.57,-87.9028
rff-mss-xff,ff,ss,ff,125,1.35,6.30957e+07,1386.08,-88.6270
rff-mss-xff,ff,ss,ff,125,1.35,1e+08,875.018,-89.0605
rff-mss-xff,ff,ss,ff,125,1.8,100,1.18209e+07,-89.7008
rff-mss-xff,ff,ss,ff,125,1.8,158.489,7.45861e+06,-89.5342
rff-mss-xff,ff,ss,ff,125,1.8,251.189,4.7063e+06,-89.2671
rff-mss-xff,ff,ss,ff,125,1.8,398.107,2.96985e+06,-88.8418
rff-mss-xff,ff,ss,ff,125,1.8,630.957,1.87444e+06,-88.1669
rff-mss-xff,ff,ss,ff,125,1.8,1000,1.18363e+06,-87.0977
rff-mss-xff,ff,ss,ff,125,1.8,1584.89,748305,-85.4071
rff-mss-xff,ff,ss,ff,125,1.8,2511.89,474493,-82.7457
rff-mss-xff,ff,ss,ff,125,1.8,3981.07,303069,-78.5980
rff-mss-xff,ff,ss,ff,125,1.8,6309.57,196942,-72.2891
rff-mss-xff,ff,ss,ff,125,1.8,10000,132894,-63.2039
rff-mss-xff,ff,ss,ff,125,1.8,15848.9,96178.2,-51.4742
rff-mss-xff,ff,ss,ff,125,1.8,25118.9,76820.6,-38.7691
rff-mss-xff,ff,ss,ff,125,1.8,39810.7,67578,-27.6371
rff-mss-xff,ff,ss,ff,125,1.8,63095.7,63497.1,-19.6522
rff-mss-xff,ff,ss,ff,125,1.8,100000,61725.2,-14.9862
rff-mss-xff,ff,ss,ff,125,1.8,158489,60823.1,-13.2818
rff-mss-xff,ff,ss,ff,125,1.8,251189,60010,-14.3255
rff-mss-xff,ff,ss,ff,125,1.8,398107,58608.1,-18.2529
rff-mss-xff,ff,ss,ff,125,1.8,630957,55654.7,-25.4279
rff-mss-xff,ff,ss,ff,125,1.8,1e+06,49894.3,-35.8922
rff-mss-xff,ff,ss,ff,125,1.8,1.58489e+06,40844.1,-48.4445
rff-mss-xff,ff,ss,ff,125,1.8,2.51189e+06,30206.2,-60.6166
rff-mss-xff,ff,ss,ff,125,1.8,3.98107e+06,20658.2,-70.3895
rff-mss-xff,ff,ss,ff,125,1.8,6.30957e+06,13513.3,-77.3123
rff-mss-xff,ff,ss,ff,125,1.8,1e+07,8656.29,-81.9038
rff-mss-xff,ff,ss,ff,125,1.8,1.58489e+07,5495.5,-84.8574
rff-mss-xff,ff,ss,ff,125,1.8,2.51189e+07,3476.09,-86.7293
rff-mss-xff,ff,ss,ff,125,1.8,3.98107e+07,2195.57,-87.9028
rff-mss-xff,ff,ss,ff,125,1.8,6.30957e+07,1386.08,-88.6270
rff-mss-xff,ff,ss,ff,125,1.8,1e+08,875.018,-89.0605
rff-mss-xff,ff,ss,ff,125,2.25,100,1.18116e+07,-89.7006
rff-mss-xff,ff,ss,ff,125,2.25,158.489,7.45276e+06,-89.5338
rff-mss-xff,ff,ss,ff,125,2.25,251.189,4.70261e+06,-89.2665
rff-mss-xff,ff,ss,ff,125,2.25,398.107,2.96752e+06,-88.8409
rff-mss-xff,ff,ss,ff,125,2.25,630.957,1.87297e+06,-88.1655
rff-mss-xff,ff,ss,ff,125,2.25,1000,1.1827e+06,-87.0953
rff-mss-xff,ff,ss,ff,125,2.25,1584.89,747721,-85.4034
rff-mss-xff,ff,ss,ff,125,2.25,2511.89,474127,-82.7399
rff-mss-xff,ff,ss,ff,125,2.25,3981.07,302841,-78.5891
rff-mss-xff,ff,ss,ff,125,2.25,6309.57,196803,-72.2757
rff-mss-xff,ff,ss,ff,125,2.25,10000,132811,-63.1854
rff-mss-xff,ff,ss,ff,125,2.25,15848.9,96133.2,-51.4519
rff-mss-xff,ff,ss,ff,125,2.25,25118.9,76798.5,-38.7471
rff-mss-xff,ff,ss,ff,125,2.25,39810.7,67568.4,-27.6191
rff-mss-xff,ff,ss,ff,125,2.25,63095.7,63493.4,-19.6394
rff-mss-xff,ff,ss,ff,125,2.25,100000,61724.1,-14.9777
rff-mss-xff,ff,ss,ff,125,2.25,158489,60823.1,-13.2764
rff-mss-xff,ff,ss,ff,125,2.25,251189,60010.4,-14.3221
rff-mss-xff,ff,ss,ff,125,2.25,398107,58608.6,-18.2508
rff-mss-xff,ff,ss,ff,125,2.25,630957,55655.2,-25.4267
rff-mss-xff,ff,ss,ff,125,2.25,1e+06,49894.6,-35.8916
rff-mss-xff,ff,ss,ff,125,2.25,1.58489e+06,40844.3,-48.4443
rff-mss-xff,ff,ss,ff,125,2.25,2.51189e+06,30206.3,-60.6165
rff-mss-xff,ff,ss,ff,125,2.25,3.98107e+06,20658.2,-70.3895
rff-mss-xff,ff,ss,ff,125,2.25,6.30957e+06,13513.3,-77.3123
rff-mss-xff,ff,ss,ff,125,2.25,1e+07,8656.29,-81.9038
rff-mss-xff,ff,ss,ff,125,2.25,1.58489e+07,5495.5,-84.8574
rff-mss-xff,ff,ss,ff,125,2.25,2.51189e+07,3476.09,-86.7293
rff-mss-xff,ff,ss,ff,125,2.25,3.98107e+07,2195.57,-87.9028
rff-mss-xff,ff,ss,ff,125,2.25,6.30957e+07,1386.08,-88.6270
rff-mss-xff,ff,ss,ff,125,2.25,1e+08,875.018,-89.0605
rff-mss-xff,ff,ss,ff,125,2.7,100,1.18092e+07,-89.7005
rff-mss-xff,ff,ss,ff,125,2.7,158.489,7.45126e+06,-89.5337
rff-mss-xff,ff,ss,ff,125,2.7,251.189,4.70166e+06,-89.2663
rff-mss-xff,ff,ss,ff,125,2.7,398.107,2.96692e+06,-88.8407
rff-mss-xff,ff,ss,ff,125,2.7,630.957,1.87259e+06,-88.1651
rff-mss-xff,ff,ss,ff,125,2.7,1000,1.18247e+06,-87.0947
rff-mss-xff,ff,ss,ff,125,2.7,1584.89,747572,-85.4025
rff-mss-xff,ff,ss,ff,125,2.7,2511.89,474033,-82.7384
rff-mss-xff,ff,ss,ff,125,2.7,3981.07,302783,-78.5868
rff-mss-xff,ff,ss,ff,125,2.7,6309.57,196767,-72.2723
rff-mss-xff,ff,ss,ff,125,2.7,10000,132790,-63.1806
rff-mss-xff,ff,ss,ff,125,2.7,15848.9,96121.7,-51.4462
rff-mss-xff,ff,ss,ff,125,2.7,25118.9,76792.9,-38.7414
rff-mss-xff,ff,ss,ff,125,2.7,39810.7,67565.9,-27.6145
rff-mss-xff,ff,ss,ff,125,2.7,63095.7,63492.5,-19.6361
rff-mss-xff,ff,ss,ff,125,2.7,100000,61723.8,-14.9756
rff-mss-xff,ff,ss,ff,125,2.7,158489,60823.1,-13.2750
rff-mss-xff,ff,ss,ff,125,2.7,251189,60010.5,-14.3212
rff-mss-xff,ff,ss,ff,125,2.7,398107,58608.7,-18.2503
rff-mss-xff,ff,ss,ff,125,2.7,630957,55655.3,-25.4264
rff-mss-xff,ff,ss,ff,125,2.7,1e+06,49894.7,-35.8914
rff-mss-xff,ff,ss,ff,125,2.7,1.58489e+06,40844.4,-48.4442
rff-mss-xff,ff,ss,ff,125,2.7,2.51189e+06,30206.3,-60.6165
rff-mss-xff,ff,ss,ff,125,2.7,3.98107e+06,20658.2,-70.3895
rff-mss-xff,ff,ss,ff,125,2.7,6.30957e+06,13513.3,-77.3123
rff-mss-xff,ff,ss,ff,125,2.7,1e+07,8656.29,-81.9038
rff-mss-xff,ff,ss,ff,125,2.7,1.58489e+07,5495.5,-84.8574
rff-mss-xff,ff,ss,ff,125,2.7,2.51189e+07,3476.09,-86.7293
rff-mss-xff,ff,ss,ff,125,2.7,3.98107e+07,2195.57,-87.9028
rff-mss-xff,ff,ss,ff,125,2.7,6.30957e+07,1386.08,-88.6270
rff-mss-xff,ff,ss,ff,125,2.7,1e+08,875.018,-89.0605
rff-mss-xss,ff,ss,ss,-40,0.3,100,1.29053e+07,-89.7237
rff-mss-xss,ff,ss,ss,-40,0.3,158.489,8.14284e+06,-89.5712
rff-mss-xss,ff,ss,ss,-40,0.3,251.189,5.138e+06,-89.3263
rff-mss-xss,ff,ss,ss,-40,0.3,398.107,3.24221e+06,-88.9359
rff-mss-xss,ff,ss,ss,-40,0.3,630.957,2.04624e+06,-88.3162
rff-mss-xss,ff,ss,ss,-40,0.3,1000,1.29196e+06,-87.3340
rff-mss-xss,ff,ss,ss,-40,0.3,1584.89,816554,-85.7805
rff-mss-xss,ff,ss,ss,-40,0.3,2511.89,517391,-83.3323
rff-mss-xss,ff,ss,ss,-40,0.3,3981.07,329882,-79.5077
rff-mss-xss,ff,ss,ss,-40,0.3,6309.57,213481,-73.6570
rff-mss-xss,ff,ss,ss,-40,0.3,10000,142810,-65.1266
rff-mss-xss,ff,ss,ss,-40,0.3,15848.9,101834,-53.8575
rff-mss-xss,ff,ss,ss,-40,0.3,25118.9,79864.8,-41.2511
rff-mss-xss,ff,ss,ss,-40,0.3,39810.7,69188.9,-29.8610
rff-mss-xss,ff,ss,ss,-40,0.3,63095.7,64406.2,-21.5615
rff-mss-xss,ff,ss,ss,-40,0.3,100000,62291.4,-16.7768
rff-mss-xss,ff,ss,ss,-40,0.3,158489,61156,-15.2630
rff-mss-xss,ff,ss,ss,-40,0.3,251189,60029.4,-16.8659
rff-mss-xss,ff,ss,ss,-40,0.3,398107,58017.2,-21.7477
rff-mss-xss,ff,ss,ss,-40,0.3,630957,53923.5,-30.1461
rff-mss-xss,ff,ss,ss,-40,0.3,1e+06,46596.5,-41.6034
rff-mss-xss,ff,ss,ss,-40,0.3,1.58489e+06,36436.8,-54.2046
rff-mss-xss,ff,ss,ss,-40,0.3,2.51189e+06,25922.3,-65.4062
rff-mss-xss,ff,ss,ss,-40,0.3,3.98107e+06,17318.2,-73.8531
rff-mss-xss,ff,ss,ss,-40,0.3,6.30957e+06,11200.5,-79.6339
rff-mss-xss,ff,ss,ss,-40,0.3,1e+07,7139.43,-83.4071
rff-mss-xss,ff,ss,ss,-40,0.3,1.58489e+07,4523.29,-85.8177
rff-mss-xss,ff,ss,ss,-40,0.3,2.51189e+07,2858.77,-87.3412
rff-mss-xss,ff,ss,ss,-40,0.3,3.98107e+07,1805.05,-88.2950
rff-mss-xss,ff,ss,ss,-40,0.3,6.30957e+07,1139.36,-88.8829
rff-mss-xss,ff,ss,ss,-40,0.3,1e+08,719.186,-89.2346
rff-mss-xss,ff,ss,ss,-40,0.9,100,1.19625e+07,-89.7026
rff-mss-xss,ff,ss,ss,-40,0.9,158.489,7.54799e+06,-89.5371
rff-mss-xss,ff,ss,ss,-40,0.9,251.189,4.7627e+06,-89.2718
rff-mss-xss,ff,ss,ss,-40,0.9,398.107,3.00544e+06,-88.8494
rff-mss-xss,ff,ss,ss,-40,0.9,630.957,1.8969e+06,-88.1789
rff-mss-xss,ff,ss,ss,-40,0.9,1000,1.1978e+06,-87.1167
rff-mss-xss,ff,ss,ss,-40,0.9,1584.89,757255,-85.4372
rff-mss-xss,ff,ss,ss,-40,0.9,2511.89,480152,-82.7931
rff-mss-xss,ff,ss,ss,-40,0.9,3981.07,306659,-78.6723
rff-mss-xss,ff,ss,ss,-40,0.9,6309.57,199237,-72.4034
rff-mss-xss,ff,ss,ss,-40,0.9,10000,134389,-63.3736
rff-mss-xss,ff,ss,ss,-40,0.9,15848.9,97195.7,-51.7131
rff-mss-xss,ff,ss,ss,-40,0.9,25118.9,77569.8,-39.0906
rff-mss-xss,ff,ss,ss,-40,0.9,39810.7,68186.7,-28.0735
rff-mss-xss,ff,ss,ss,-40,0.9,63095.7,64027.2,-20.2759
rff-mss-xss,ff,ss,ss,-40,0.9,100000,62184.4,-15.9208
rff-mss-xss,ff,ss,ss,-40,0.9,158489,61160.7,-14.7157
rff-mss-xss,ff,ss,ss,-40,0.9,251189,60076.8,-16.5265
rff-mss-xss,ff,ss,ss,-40,0.9,398107,58075.8,-21.5462
rff-mss-xss,ff,ss,ss,-40,0.9,630957,53975.6,-30.0361
rff-mss-xss,ff,ss,ss,-40,0.9,1e+06,46631.5,-41.5517
rff-mss-xss,ff,ss,ss,-40,0.9,1.58489e+06,36453.7,-54.1850
rff-mss-xss,ff,ss,ss,-40,0.9,2.51189e+06,25928.5,-65.4001
rff-mss-xss,ff,ss,ss,-40,0.9,3.98107e+06,17320,-73.8515
rff-mss-xss,ff,ss,ss,-40,0.9,6.30957e+06,11201,-79.6336
rff-mss-xss,ff,ss,ss,-40,0.9,1e+07,7139.56,-83.4070
rff-mss-xss,ff,ss,ss,-40,0.9,1.58489e+07,4523.32,-85.8177
rff-mss-xss,ff,ss,ss,-40,0.9,2.51189e+07,2858.78,-87.3412
rff-mss-xss,ff,ss,ss,-40,0.9,3.98107e+07,1805.05,-88.2950
rff-mss-xss,ff,ss,ss,-40,0.9,6.30957e+07,1139.36,-88.8830
rff-mss-xss,ff,ss,ss,-40,0.9,1e+08,719.186,-89.2346
rff-mss-xss,ff,ss,ss,-40,1.35,100,1.18224e+07,-89.6992
rff-mss-xss,ff,ss,ss,-40,1.35,158.489,7.45957e+06,-89.5316
rff-mss-xss,ff,ss,ss,-40,1.35,251.189,4.70691e+06,-89.2630
rff-mss-xss,ff,ss,ss,-40,1.35,398.107,2.97024e+06,-88.8353
rff-mss-xss,ff,ss,ss,-40,1.35,630.957,1.8747e+06,-88.1567
rff-mss-xss,ff,ss,ss,-40,1.35,1000,1.18381e+06,-87.0814
rff-mss-xss,ff,ss,ss,-40,1.35,1584.89,748442,-85.3816
rff-mss-xss,ff,ss,ss,-40,1.35,2511.89,474621,-82.7058
rff-mss-xss,ff,ss,ss,-40,1.35,3981.07,303213,-78.5372
rff-mss-xss,ff,ss,ss,-40,1.35,6309.57,197128,-72.2016
rff-mss-xss,ff,ss,ss,-40,1.35,10000,133149,-63.0942
rff-mss-xss,ff,ss,ss,-40,1.35,15848.9,96518.5,-51.3768
rff-mss-xss,ff,ss,ss,-40,1.35,25118.9,77238.4,-38.7586
rff-mss-xss,ff,ss,ss,-40,1.35,39810.7,68043.5,-27.8034
rff-mss-xss,ff,ss,ss,-40,1.35,63095.7,63973.6,-20.0835
rff-mss-xss,ff,ss,ss,-40,1.35,100000,62169.7,-15.7933
rff-mss-xss,ff,ss,ss,-40,1.35,158489,61161.9,-14.6343
rff-mss-xss,ff,ss,ss,-40,1.35,251189,60084,-16.4761
rff-mss-xss,ff,ss,ss,-40,1.35,398107,58084.5,-21.5162
rff-mss-xss,ff,ss,ss,-40,1.35,630957,53983.4,-30.0198
rff-mss-xss,ff,ss,ss,-40,1.35,1e+06,46636.7,-41.5441
rff-mss-xss,ff,ss,ss,-40,1.35,1.58489e+06,36456.3,-54.1820
rff-mss-xss,ff,ss,ss,-40,1.35,2.51189e+06,25929.4,-65.3992
rff-mss-xss,ff,ss,ss,-40,1.35,3.98107e+06,17320.3,-73.8513
rff-mss-xss,ff,ss,ss,-40,1.35,6.30957e+06,11201,-79.6335
rff-mss-xss,ff,ss,ss,-40,1.35,1e+07,7139.58,-83.4070
rff-mss-xss,ff,ss,ss,-40,1.35,1.58489e+07,4523.33,-85.8177
rff-mss-xss,ff,ss,ss,-40,1.35,2.51189e+07,2858.78,-87.3412
rff-mss-xss,ff,ss,ss,-40,1.35,3.98107e+07,1805.05,-88.2950
rff-mss-xss,ff,ss,ss,-40,1.35,6.30957e+07,1139.36,-88.8830
rff-mss-xss,ff,ss,ss,-40,1.35,1e+08,719.186,-89.2346
rff-mss-xss,ff,ss,ss,-40,1.8,100,1.17864e+07,-89.6983
rff-mss-xss,ff,ss,ss,-40,1.8,158.489,7.43684e+06,-89.5302
rff-mss-xss,ff,ss,ss,-40,1.8,251.189,4.69257e+06,-89.2607
rff-mss-xss,ff,ss,ss,-40,1.8,398.107,2.96119e+06,-88.8317
rff-mss-xss,ff,ss,ss,-40,1.8,630.957,1.86899e+06,-88.1509
rff-mss-xss,ff,ss,ss,-40,1.8,1000,1.18021e+06,-87.0722
rff-mss-xss,ff,ss,ss,-40,1.8,1584.89,746178,-85.3670
rff-mss-xss,ff,ss,ss,-40,1.8,2511.89,473199,-82.6830
rff-mss-xss,ff,ss,ss,-40,1.8,3981.07,302327,-78.5020
rff-mss-xss,ff,ss,ss,-40,1.8,6309.57,196587,-72.1490
rff-mss-xss,ff,ss,ss,-40,1.8,10000,132831,-63.0215
rff-mss-xss,ff,ss,ss,-40,1.8,15848.9,96345,-51.2897
rff-mss-xss,ff,ss,ss,-40,1.8,25118.9,77153.7,-38.6728
rff-mss-xss,ff,ss,ss,-40,1.8,39810.7,68006.9,-27.7338
rff-mss-xss,ff,ss,ss,-40,1.8,63095.7,63960,-20.0340
rff-mss-xss,ff,ss,ss,-40,1.8,100000,62166,-15.7605
rff-mss-xss,ff,ss,ss,-40,1.8,158489,61162.2,-14.6134
rff-mss-xss,ff,ss,ss,-40,1.8,251189,60085.9,-16.4631
rff-mss-xss,ff,ss,ss,-40,1.8,398107,58086.8,-21.5086
rff-mss-xss,ff,ss,ss,-40,1.8,630957,53985.4,-30.0156
rff-mss-xss,ff,ss,ss,-40,1.8,1e+06,46638,-41.5421
rff-mss-xss,ff,ss,ss,-40,1.8,1.58489e+06,36456.9,-54.1813
rff-mss-xss,ff,ss,ss,-40,1.8,2.51189e+06,25929.6,-65.3989
rff-mss-xss,ff,ss,ss,-40,1.8,3.98107e+06,17320.4,-73.8512
rff-mss-xss,ff,ss,ss,-40,1.8,6.30957e+06,11201.1,-79.6335
rff-mss-xss,ff,ss,ss,-40,1.8,1e+07,7139.58,-83.4070
rff-mss-xss,ff,ss,ss,-40,1.8,1.58489e+07,4523.33,-85.8177
rff-mss-xss,ff,ss,ss,-40,1.8,2.51189e+07,2858.78,-87.3412
rff-mss-xss,ff,ss,ss,-40,1.8,3.98107e+07,1805.05,-88.2950
rff-mss-xss,ff,ss,ss,-40,1.8,6.30957e+07,1139.36,-88.8830
rff-mss-xss,ff,ss,ss,-40,1.8,1e+08,719.186,-89.2346
rff-mss-xss,ff,ss,ss,-40,2.25,100,1.17771e+07,-89.6980
rff-mss-xss,ff,ss,ss,-40,2.25,158.489,7.43102e+06,-89.5298
rff-mss-xss,ff,ss,ss,-40,2.25,251.189,4.6889e+06,-89.2601
rff-mss-xss,ff,ss,ss,-40,2.25,398.107,2.95888e+06,-88.8307
rff-mss-xss,ff,ss,ss,-40,2.25,630.957,1.86753e+06,-88.1494
rff-mss-xss,ff,ss,ss,-40,2.25,1000,1.17929e+06,-87.0699
rff-mss-xss,ff,ss,ss,-40,2.25,1584.89,745598,-85.3633
rff-mss-xss,ff,ss,ss,-40,2.25,2511.89,472835,-82.6771
rff-mss-xss,ff,ss,ss,-40,2.25,3981.07,302101,-78.4930
rff-mss-xss,ff,ss,ss,-40,2.25,6309.57,196448,-72.1355
rff-mss-xss,ff,ss,ss,-40,2.25,10000,132749,-63.0029
rff-mss-xss,ff,ss,ss,-40,2.25,15848.9,96300.7,-51.2673
rff-mss-xss,ff,ss,ss,-40,2.25,25118.9,77132,-38.6509
rff-mss-xss,ff,ss,ss,-40,2.25,39810.7,67997.6,-27.7160
rff-mss-xss,ff,ss,ss,-40,2.25,63095.7,63956.5,-20.0213
rff-mss-xss,ff,ss,ss,-40,2.25,100000,62165.1,-15.7521
rff-mss-xss,ff,ss,ss,-40,2.25,158489,61162.3,-14.6081
rff-mss-xss,ff,ss,ss,-40,2.25,251189,60086.4,-16.4598
rff-mss-xss,ff,ss,ss,-40,2.25,398107,58087.4,-21.5066
rff-mss-xss,ff,ss,ss,-40,2.25,630957,53985.9,-30.0145
rff-mss-xss,ff,ss,ss,-40,2.25,1e+06,46638.4,-41.5416
rff-mss-xss,ff,ss,ss,-40,2.25,1.58489e+06,36457.1,-54.1811
rff-mss-xss,ff,ss,ss,-40,2.25,2.51189e+06,25929.7,-65.3989
rff-mss-xss,ff,ss,ss,-40,2.25,3.98107e+06,17320.4,-73.8512
rff-mss-xss,ff,ss,ss,-40,2.25,6.30957e+06,11201.1,-79.6335
rff-mss-xss,ff,ss,ss,-40,2.25,1e+07,7139.58,-83.4070
rff-mss-xss,ff,ss,ss,-40,2.25,1.58489e+07,4523.33,-85.8177
rff-mss-xss,ff,ss,ss,-40,2.25,2.51189e+07,2858.78,-87.3412
rff-mss-xss,ff,ss,ss,-40,2.25,3.98107e+07,1805.05,-88.2950
rff-mss-xss,ff,ss,ss,-40,2.25,6.30957e+07,1139.36,-88.8830
rff-mss-xss,ff,ss,ss,-40,2.25,1e+08,719.186,-89.2346
rff-mss-xss,ff,ss,ss,-40,2.7,100,1.17748e+07,-89.6980
rff-mss-xss,ff,ss,ss,-40,2.7,158.489,7.42954e+06,-89.5297
rff-mss-xss,ff,ss,ss,-40,2.7,251.189,4.68796e+06,-89.2599
rff-mss-xss,ff,ss,ss,-40,2.7,398.107,2.95829e+06,-88.8305
rff-mss-xss,ff,ss,ss,-40,2.7,630.957,1.86716e+06,-88.1490
rff-mss-xss,ff,ss,ss,-40,2.7,1000,1.17905e+06,-87.0693
rff-mss-xss,ff,ss,ss,-40,2.7,1584.89,745450,-85.3623
rff-mss-xss,ff,ss,ss,-40,2.7,2511.89,472742,-82.6757
rff-mss-xss,ff,ss,ss,-40,2.7,3981.07,302043,-78.4907
rff-mss-xss,ff,ss,ss,-40,2.7,6309.57,196413,-72.1321
rff-mss-xss,ff,ss,ss,-40,2.7,10000,132728,-62.9981
rff-mss-xss,ff,ss,ss,-40,2.7,15848.9,96289.3,-51.2616
rff-mss-xss,ff,ss,ss,-40,2.7,25118.9,77126.5,-38.6452
rff-mss-xss,ff,ss,ss,-40,2.7,39810.7,67995.2,-27.7114
rff-mss-xss,ff,ss,ss,-40,2.7,63095.7,63955.6,-20.0180
rff-mss-xss,ff,ss,ss,-40,2.7,100000,62164.8,-15.7500
rff-mss-xss,ff,ss,ss,-40,2.7,158489,61162.3,-14.6067
rff-mss-xss,ff,ss,ss,-40,2.7,251189,60086.5,-16.4590
rff-mss-xss,ff,ss,ss,-40,2.7,398107,58087.5,-21.5061
rff-mss-xss,ff,ss,ss,-40,2.7,630957,53986,-30.0143
rff-mss-xss,ff,ss,ss,-40,2.7,1e+06,46638.5,-41.5415
rff-mss-xss,ff,ss,ss,-40,2.7,1.58489e+06,36457.1,-54.1810
rff-mss-xss,ff,ss,ss,-40,2.7,2.51189e+06,25929.7,-65.3989
rff-mss-xss,ff,ss,ss,-40,2.7,3.98107e+06,17320.4,-73.8512
rff-mss-xss,ff,ss,ss,-40,2.7,6.30957e+06,11201.1,-79.6335
rff-mss-xss,ff,ss,ss,-40,2.7,1e+07,7139.58,-83.4070
rff-mss-xss,ff,ss,ss,-40,2.7,1.58489e+07,4523.33,-85.8177
rff-mss-xss,ff,ss,ss,-40,2.7,2.51189e+07,2858.78,-87.3412
rff-mss-xss,ff,ss,ss,-40,2.7,3.98107e+07,1805.05,-88.2950
rff-mss-xss,ff,ss,ss,-40,2.7,6.30957e+07,1139.36,-88.8830
rff-mss-xss,ff,ss,ss,-40,2.7,1e+08,719.186,-89.2346
rff-mss-xss,ff,ss,ss,27,0.3,100,1.2905e+07,-89.7262
rff-mss-xss,ff,ss,ss,27,0.3,158.489,8.14266e+06,-89.5752
rff-mss-xss,ff,ss,ss,27,0.3,251.189,5.13788e+06,-89.3325
rff-mss-xss,ff,ss,ss,27,0.3,398.107,3.24213e+06,-88.9458
rff-mss-xss,ff,ss,ss,27,0.3,630.957,2.04618e+06,-88.3318
rff-mss-xss,ff,ss,ss,27,0.3,1000,1.29191e+06,-87.3587
rff-mss-xss,ff,ss,ss,27,0.3,1584.89,816495,-85.8195
rff-mss-xss,ff,ss,ss,27,0.3,2511.89,517314,-83.3936
rff-mss-xss,ff,ss,ss,27,0.3,3981.07,329770,-79.6030
rff-mss-xss,ff,ss,ss,27,0.3,6309.57,213315,-73.8005
rff-mss-xss,ff,ss,ss,27,0.3,10000,142565,-65.3286
rff-mss-xss,ff,ss,ss,27,0.3,15848.9,101492,-54.1071
rff-mss-xss,ff,ss,ss,27,0.3,25118.9,79430.1,-41.5042
rff-mss-xss,ff,ss,ss,27,0.3,39810.7,68687.7,-30.0666
rff-mss-xss,ff,ss,ss,27,0.3,63095.7,63869.5,-21.6977
rff-mss-xss,ff,ss,ss,27,0.3,100000,61740.9,-16.8458
rff-mss-xss,ff,ss,ss,27,0.3,158489,60606.3,-15.2716
rff-mss-xss,ff,ss,ss,27,0.3,251189,59496.5,-16.8157
rff-mss-xss,ff,ss,ss,27,0.3,398107,57527.4,-21.6348
rff-mss-xss,ff,ss,ss,27,0.3,630957,53519.7,-29.9702
rff-mss-xss,ff,ss,ss,27,0.3,1e+06,46321,-41.3847
rff-mss-xss,ff,ss,ss,27,0.3,1.58489e+06,36287.7,-53.9885
rff-mss-xss,ff,ss,ss,27,0.3,2.51189e+06,25853.2,-65.2313
rff-mss-xss,ff,ss,ss,27,0.3,3.98107e+06,17286.1,-73.7290
rff-mss-xss,ff,ss,ss,27,0.3,6.30957e+06,11184,-79.5515
rff-mss-xss,ff,ss,ss,27,0.3,1e+07,7130.07,-83.3541
rff-mss-xss,ff,ss,ss,27,0.3,1.58489e+07,4517.67,-85.7841
rff-mss-xss,ff,ss,ss,27,0.3,2.51189e+07,2855.29,-87.3201
rff-mss-xss,ff,ss,ss,27,0.3,3.98107e+07,1802.87,-88.2819
rff-mss-xss,ff,ss,ss,27,0.3,6.30957e+07,1137.99,-88.8751
rff-mss-xss,ff,ss,ss,27,0.3,1e+08,718.316,-89.2301
rff-mss-xss,ff,ss,ss,27,0.9,100,1.19623e+07,-89.7053
rff-mss-xss,ff,ss,ss,27,0.9,158.489,7.54784e+06,-89.5414
rff-mss-xss,ff,ss,ss,27,0.9,251.189,4.7626e+06,-89.2786
rff-mss-xss,ff,ss,ss,27,0.9,398.107,3.00536e+06,-88.8601
rff-mss-xss,ff,ss,ss,27,0.9,630.957,1.89684e+06,-88.1958
rff-mss-xss,ff,ss,ss,27,0.9,1000,1.19775e+06,-87.1434
rff-mss-xss,ff,ss,ss,27,0.9,1584.89,757194,-85.4794
rff-mss-xss,ff,ss,ss,27,0.9,2511.89,480071,-82.8594
rff-mss-xss,ff,ss,ss,27,0.9,3981.07,306540,-78.7748
rff-mss-xss,ff,ss,ss,27,0.9,6309.57,199059,-72.5564
rff-mss-xss,ff,ss,ss,27,0.9,10000,134129,-63.5856
rff-mss-xss,ff,ss,ss,27,0.9,15848.9,96837.1,-51.9677
rff-mss-xss,ff,ss,ss,27,0.9,25118.9,77121.2,-39.3396
rff-mss-xss,ff,ss,ss,27,0.9,39810.7,67676.9,-28.2694
rff-mss-xss,ff,ss,ss,27,0.9,63095.7,63485.9,-20.4023
rff-mss-xss,ff,ss,ss,27,0.9,100000,61631.6,-15.9823
rff-mss-xss,ff,ss,ss,27,0.9,158489,60609.8,-14.7192
rff-mss-xss,ff,ss,ss,27,0.9,251189,59543,-16.4729
rff-mss-xss,ff,ss,ss,27,0.9,398107,57585.5,-21.4311
rff-mss-xss,ff,ss,ss,27,0.9,630957,53571.7,-29.8587
rff-mss-xss,ff,ss,ss,27,0.9,1e+06,46356.1,-41.3323
rff-mss-xss,ff,ss,ss,27,0.9,1.58489e+06,36304.8,-53.9684
rff-mss-xss,ff,ss,ss,27,0.9,2.51189e+06,25859.4,-65.2251
rff-mss-xss,ff,ss,ss,27,0.9,3.98107e+06,17287.9,-73.7274
rff-mss-xss,ff,ss,ss,27,0.9,6.30957e+06,11184.5,-79.5512
rff-mss-xss,ff,ss,ss,27,0.9,1e+07,7130.2,-83.3540
rff-mss-xss,ff,ss,ss,27,0.9,1.58489e+07,4517.7,-85.7841
rff-mss-xss,ff,ss,ss,27,0.9,2.51189e+07,2855.3,-87.3201
rff-mss-xss,ff,ss,ss,27,0.9,3.98107e+07,1802.87,-88.2819
rff-mss-xss,ff,ss,ss,27,0.9,6.30957e+07,1137.99,-88.8751
rff-mss-xss,ff,ss,ss,27,0.9,1e+08,718.316,-89.2301
rff-mss-xss,ff,ss,ss,27,1.35,100,1.18221e+07,-89.7019
rff-mss-xss,ff,ss,ss,27,1.35,158.489,7.45941e+06,-89.5359
rff-mss-xss,ff,ss,ss,27,1.35,251.189,4.70681e+06,-89.2698
rff-mss-xss,ff,ss,ss,27,1.35,398.107,2.97017e+06,-88.8461
rff-mss-xss,ff,ss,ss,27,1.35,630.957,1.87464e+06,-88.1738
rff-mss-xss,ff,ss,ss,27,1.35,1000,1.18376e+06,-87.1085
rff-mss-xss,ff,ss,ss,27,1.35,1584.89,748381,-85.4243
rff-mss-xss,ff,ss,ss,27,1.35,2511.89,474538,-82.7728
rff-mss-xss,ff,ss,ss,27,1.35,3981.07,303093,-78.6408
rff-mss-xss,ff,ss,ss,27,1.35,6309.57,196949,-72.3561
rff-mss-xss,ff,ss,ss,27,1.35,10000,132886,-63.3076
rff-mss-xss,ff,ss,ss,27,1.35,15848.9,96157.3,-51.6321
rff-mss-xss,ff,ss,ss,27,1.35,25118.9,76787.7,-39.0068
rff-mss-xss,ff,ss,ss,27,1.35,39810.7,67532.4,-27.9977
rff-mss-xss,ff,ss,ss,27,1.35,63095.7,63431.7,-20.2084
rff-mss-xss,ff,ss,ss,27,1.35,100000,61616.5,-15.8537
rff-mss-xss,ff,ss,ss,27,1.35,158489,60610.8,-14.6371
rff-mss-xss,ff,ss,ss,27,1.35,251189,59550.2,-16.4220
rff-mss-xss,ff,ss,ss,27,1.35,398107,57594.2,-21.4008
rff-mss-xss,ff,ss,ss,27,1.35,630957,53579.4,-29.8422
rff-mss-xss,ff,ss,ss,27,1.35,1e+06,46361.3,-41.3245
rff-mss-xss,ff,ss,ss,27,1.35,1.58489e+06,36307.4,-53.9654
rff-mss-xss,ff,ss,ss,27,1.35,2.51189e+06,25860.4,-65.2241
rff-mss-xss,ff,ss,ss,27,1.35,3.98107e+06,17288.2,-73.7271
rff-mss-xss,ff,ss,ss,27,1.35,6.30957e+06,11184.6,-79.5511
rff-mss-xss,ff,ss,ss,27,1.35,1e+07,7130.22,-83.3540
rff-mss-xss,ff,ss,ss,27,1.35,1.58489e+07,4517.7,-85.7841
rff-mss-xss,ff,ss,ss,27,1.35,2.51189e+07,2855.3,-87.3201
rff-mss-xss,ff,ss,ss,27,1.35,3.98107e+07,1802.87,-88.2819
rff-mss-xss,ff,ss,ss,27,1.35,6.30957e+07,1137.99,-88.8751
rff-mss-xss,ff,ss,ss,27,1.35,1e+08,718.316,-89.2301
rff-mss-xss,ff,ss,ss,27,1.8,100,1.17861e+07,-89.7010
rff-mss-xss,ff,ss,ss,27,1.8,158.489,7.43669e+06,-89.5345
rff-mss-xss,ff,ss,ss,27,1.8,251.189,4.69247e+06,-89.2675
rff-mss-xss,ff,ss,ss,27,1.8,398.107,2.96112e+06,-88.8425
rff-mss-xss,ff,ss,ss,27,1.8,630.957,1.86894e+06,-88.1680
rff-mss-xss,ff,ss,ss,27,1.8,1000,1.18016e+06,-87.0994
rff-mss-xss,ff,ss,ss,27,1.8,1584.89,746117,-85.4099
rff-mss-xss,ff,ss,ss,27,1.8,2511.89,473117,-82.7502
rff-mss-xss,ff,ss,ss,27,1.8,3981.07,302207,-78.6059
rff-mss-xss,ff,ss,ss,27,1.8,6309.57,196407,-72.3040
rff-mss-xss,ff,ss,ss,27,1.8,10000,132567,-63.2354
rff-mss-xss,ff,ss,ss,27,1.8,15848.9,95983.2,-51.5450
rff-mss-xss,ff,ss,ss,27,1.8,25118.9,76702.4,-38.9208
rff-mss-xss,ff,ss,ss,27,1.8,39810.7,67495.5,-27.9277
rff-mss-xss,ff,ss,ss,27,1.8,63095.7,63417.9,-20.1585
rff-mss-xss,ff,ss,ss,27,1.8,100000,61612.7,-15.8206
rff-mss-xss,ff,ss,ss,27,1.8,158489,60611,-14.6160
rff-mss-xss,ff,ss,ss,27,1.8,251189,59552,-16.4089
rff-mss-xss,ff,ss,ss,27,1.8,398107,57596.4,-21.3931
rff-mss-xss,ff,ss,ss,27,1.8,630957,53581.4,-29.8380
rff-mss-xss,ff,ss,ss,27,1.8,1e+06,46362.6,-41.3225
rff-mss-xss,ff,ss,ss,27,1.8,1.58489e+06,36308,-53.9647
rff-mss-xss,ff,ss,ss,27,1.8,2.51189e+06,25860.6,-65.2239
rff-mss-xss,ff,ss,ss,27,1.8,3.98107e+06,17288.3,-73.7271
rff-mss-xss,ff,ss,ss,27,1.8,6.30957e+06,11184.6,-79.5511
rff-mss-xss,ff,ss,ss,27,1.8,1e+07,7130.23,-83.3540
rff-mss-xss,ff,ss,ss,27,1.8,1.58489e+07,4517.7,-85.7841
rff-mss-xss,ff,ss,ss,27,1.8,2.51189e+07,2855.3,-87.3201
rff-mss-xss,ff,ss,ss,27,1.8,3.98107e+07,1802.87,-88.2819
rff-mss-xss,ff,ss,ss,27,1.8,6.30957e+07,1137.99,-88.8751
rff-mss-xss,ff,ss,ss,27,1.8,1e+08,718.316,-89.2301
rff-mss-xss,ff,ss,ss,27,2.25,100,1.17769e+07,-89.7008
rff-mss-xss,ff,ss,ss,27,2.25,158.489,7.43087e+06,-89.5341
rff-mss-xss,ff,ss,ss,27,2.25,251.189,4.6888e+06,-89.2669
rff-mss-xss,ff,ss,ss,27,2.25,398.107,2.95881e+06,-88.8416
rff-mss-xss,ff,ss,ss,27,2.25,630.957,1.86748e+06,-88.1665
rff-mss-xss,ff,ss,ss,27,2.25,1000,1.17924e+06,-87.0970
rff-mss-xss,ff,ss,ss,27,2.25,1584.89,745537,-85.4062
rff-mss-xss,ff,ss,ss,27,2.25,2511.89,472753,-82.7444
rff-mss-xss,ff,ss,ss,27,2.25,3981.07,301980,-78.5969
rff-mss-xss,ff,ss,ss,27,2.25,6309.57,196268,-72.2906
rff-mss-xss,ff,ss,ss,27,2.25,10000,132485,-63.2168
rff-mss-xss,ff,ss,ss,27,2.25,15848.9,95938.6,-51.5227
rff-mss-xss,ff,ss,ss,27,2.25,25118.9,76680.6,-38.8988
rff-mss-xss,ff,ss,ss,27,2.25,39810.7,67486.1,-27.9098
rff-mss-xss,ff,ss,ss,27,2.25,63095.7,63414.4,-20.1457
rff-mss-xss,ff,ss,ss,27,2.25,100000,61611.8,-15.8122
rff-mss-xss,ff,ss,ss,27,2.25,158489,60611.1,-14.6106
rff-mss-xss,ff,ss,ss,27,2.25,251189,59552.5,-16.4056
rff-mss-xss,ff,ss,ss,27,2.25,398107,57597,-21.3911
rff-mss-xss,ff,ss,ss,27,2.25,630957,53581.9,-29.8369
rff-mss-xss,ff,ss,ss,27,2.25,1e+06,46362.9,-41.3220
rff-mss-xss,ff,ss,ss,27,2.25,1.58489e+06,36308.2,-53.9645
rff-mss-xss,ff,ss,ss,27,2.25,2.51189e+06,25860.7,-65.2238
rff-mss-xss,ff,ss,ss,27,2.25,3.98107e+06,17288.3,-73.7270
rff-mss-xss,ff,ss,ss,27,2.25,6.30957e+06,11184.6,-79.5511
rff-mss-xss,ff,ss,ss,27,2.25,1e+07,7130.23,-83.3540
rff-mss-xss,ff,ss,ss,27,2.25,1.58489e+07,4517.7,-85.7841
rff-mss-xss,ff,ss,ss,27,2.25,2.51189e+07,2855.3,-87.3201
rff-mss-xss,ff,ss,ss,27,2.25,3.98107e+07,1802.87,-88.2819
rff-mss-xss,ff,ss,ss,27,2.25,6.30957e+07,1137.99,-88.8751
rff-mss-xss,ff,ss,ss,27,2.25,1e+08,718.316,-89.2301
rff-mss-xss,ff,ss,ss,27,2.7,100,1.17745e+07,-89.7007
rff-mss-xss,ff,ss,ss,27,2.7,158.489,7.42939e+06,-89.5340
rff-mss-xss,ff,ss,ss,27,2.7,251.189,4.68786e+06,-89.2668
rff-mss-xss,ff,ss,ss,27,2.7,398.107,2.95822e+06,-88.8413
rff-mss-xss,ff,ss,ss,27,2.7,630.957,1.8671e+06,-88.1661
rff-mss-xss,ff,ss,ss,27,2.7,1000,1.179e+06,-87.0964
rff-mss-xss,ff,ss,ss,27,2.7,1584.89,745389,-85.4052
rff-mss-xss,ff,ss,ss,27,2.7,2511.89,472660,-82.7429
rff-mss-xss,ff,ss,ss,27,2.7,3981.07,301922,-78.5946
rff-mss-xss,ff,ss,ss,27,2.7,6309.57,196233,-72.2871
rff-mss-xss,ff,ss,ss,27,2.7,10000,132464,-63.2121
rff-mss-xss,ff,ss,ss,27,2.7,15848.9,95927.2,-51.5170
rff-mss-xss,ff,ss,ss,27,2.7,25118.9,76675,-38.8931
rff-mss-xss,ff,ss,ss,27,2.7,39810.7,67483.7,-27.9052
rff-mss-xss,ff,ss,ss,27,2.7,63095.7,63413.5,-20.1425
rff-mss-xss,ff,ss,ss,27,2.7,100000,61611.5,-15.8100
rff-mss-xss,ff,ss,ss,27,2.7,158489,60611.1,-14.6092
rff-mss-xss,ff,ss,ss,27,2.7,251189,59552.6,-16.4047
rff-mss-xss,ff,ss,ss,27,2.7,398107,57597.2,-21.3906
rff-mss-xss,ff,ss,ss,27,2.7,630957,53582,-29.8366
rff-mss-xss,ff,ss,ss,27,2.7,1e+06,46363,-41.3218
rff-mss-xss,ff,ss,ss,27,2.7,1.58489e+06,36308.2,-53.9644
rff-mss-xss,ff,ss,ss,27,2.7,2.51189e+06,25860.7,-65.2238
rff-mss-xss,ff,ss,ss,27,2.7,3.98107e+06,17288.3,-73.7270
rff-mss-xss,ff,ss,ss,27,2.7,6.30957e+06,11184.6,-79.5511
rff-mss-xss,ff,ss,ss,27,2.7,1e+07,7130.23,-83.3540
rff-mss-xss,ff,ss,ss,27,2.7,1.58489e+07,4517.7,-85.7841
rff-mss-xss,ff,ss,ss,27,2.7,2.51189e+07,2855.3,-87.3201
rff-mss-xss,ff,ss,ss,27,2.7,3.98107e+07,1802.87,-88.2819
rff-mss-xss,ff,ss,ss,27,2.7,6.30957e+07,1137.99,-88.8751
rff-mss-xss,ff,ss,ss,27,2.7,1e+08,718.316,-89.2301
rff-mss-xss,ff,ss,ss,125,0.3,100,1.29048e+07,-89.7268
rff-mss-xss,ff,ss,ss,125,0.3,158.489,8.14253e+06,-89.5762
rff-mss-xss,ff,ss,ss,125,0.3,251.189,5.1378e+06,-89.3341
rff-mss-xss,ff,ss,ss,125,0.3,398.107,3.24207e+06,-88.9483
rff-mss-xss,ff,ss,ss,125,0.3,630.957,2.04615e+06,-88.3358
rff-mss-xss,ff,ss,ss,125,0.3,1000,1.29188e+06,-87.3650
rff-mss-xss,ff,ss,ss,125,0.3,1584.89,816471,-85.8294
rff-mss-xss,ff,ss,ss,125,0.3,2511.89,517289,-83.4092
rff-mss-xss,ff,ss,ss,125,0.3,3981.07,329739,-79.6271
rff-mss-xss,ff,ss,ss,125,0.3,6309.57,213271,-73.8368
rff-mss-xss,ff,ss,ss,125,0.3,10000,142502,-65.3799
rff-mss-xss,ff,ss,ss,125,0.3,15848.9,101405,-54.1707
rff-mss-xss,ff,ss,ss,125,0.3,25118.9,79320,-41.5691
rff-mss-xss,ff,ss,ss,125,0.3,39810.7,68560.9,-30.1200
rff-mss-xss,ff,ss,ss,125,0.3,63095.7,63733.6,-21.7342
rff-mss-xss,ff,ss,ss,125,0.3,100000,61601.4,-16.8662
rff-mss-xss,ff,ss,ss,125,0.3,158489,60466.6,-15.2781
rff-mss-xss,ff,ss,ss,125,0.3,251189,59360.2,-16.8096
rff-mss-xss,ff,ss,ss,125,0.3,398107,57400,-21.6159
rff-mss-xss,ff,ss,ss,125,0.3,630957,53410.6,-29.9388
rff-mss-xss,ff,ss,ss,125,0.3,1e+06,46240.2,-41.3450
rff-mss-xss,ff,ss,ss,125,0.3,1.58489e+06,36236.7,-53.9488
rff-mss-xss,ff,ss,ss,125,0.3,2.51189e+06,25823.7,-65.1991
rff-mss-xss,ff,ss,ss,125,0.3,3.98107e+06,17269,-73.7061
rff-mss-xss,ff,ss,ss,125,0.3,6.30957e+06,11173.7,-79.5363
rff-mss-xss,ff,ss,ss,125,0.3,1e+07,7123.76,-83.3443
rff-mss-xss,ff,ss,ss,125,0.3,1.58489e+07,4513.72,-85.7779
rff-mss-xss,ff,ss,ss,125,0.3,2.51189e+07,2852.81,-87.3162
rff-mss-xss,ff,ss,ss,125,0.3,3.98107e+07,1801.31,-88.2795
rff-mss-xss,ff,ss,ss,125,0.3,6.30957e+07,1137,-88.8737
rff-mss-xss,ff,ss,ss,125,0.3,1e+08,717.693,-89.2294
rff-mss-xss,ff,ss,ss,125,0.9,100,1.19621e+07,-89.7060
rff-mss-xss,ff,ss,ss,125,0.9,158.489,7.54773e+06,-89.5425
rff-mss-xss,ff,ss,ss,125,0.9,251.189,4.76253e+06,-89.2803
rff-mss-xss,ff,ss,ss,125,0.9,398.107,3.00532e+06,-88.8628
rff-mss-xss,ff,ss,ss,125,0.9,630.957,1.89681e+06,-88.2001
rff-mss-xss,ff,ss,ss,125,0.9,1000,1.19773e+06,-87.1502
rff-mss-xss,ff,ss,ss,125,0.9,1584.89,757172,-85.4901
rff-mss-xss,ff,ss,ss,125,0.9,2511.89,480046,-82.8761
rff-mss-xss,ff,ss,ss,125,0.9,3981.07,306507,-78.8007
rff-mss-xss,ff,ss,ss,125,0.9,6309.57,199013,-72.5952
rff-mss-xss,ff,ss,ss,125,0.9,10000,134062,-63.6394
rff-mss-xss,ff,ss,ss,125,0.9,15848.9,96746.2,-52.0326
rff-mss-xss,ff,ss,ss,125,0.9,25118.9,77007.6,-39.4035
rff-mss-xss,ff,ss,ss,125,0.9,39810.7,67547.9,-28.3203
rff-mss-xss,ff,ss,ss,125,0.9,63095.7,63348.9,-20.4362
rff-mss-xss,ff,ss,ss,125,0.9,100000,61491.5,-16.0008
rff-mss-xss,ff,ss,ss,125,0.9,158489,60469.8,-14.7244
rff-mss-xss,ff,ss,ss,125,0.9,251189,59406.5,-16.4659
rff-mss-xss,ff,ss,ss,125,0.9,398107,57458,-21.4116
rff-mss-xss,ff,ss,ss,125,0.9,630957,53462.5,-29.8271
rff-mss-xss,ff,ss,ss,125,0.9,1e+06,46275.2,-41.2923
rff-mss-xss,ff,ss,ss,125,0.9,1.58489e+06,36253.8,-53.9286
rff-mss-xss,ff,ss,ss,125,0.9,2.51189e+06,25830,-65.1928
rff-mss-xss,ff,ss,ss,125,0.9,3.98107e+06,17270.9,-73.7044
rff-mss-xss,ff,ss,ss,125,0.9,6.30957e+06,11174.2,-79.5359
rff-mss-xss,ff,ss,ss,125,0.9,1e+07,7123.89,-83.3442
rff-mss-xss,ff,ss,ss,125,0.9,1.58489e+07,4513.75,-85.7779
rff-mss-xss,ff,ss,ss,125,0.9,2.51189e+07,2852.82,-87.3162
rff-mss-xss,ff,ss,ss,125,0.9,3.98107e+07,1801.31,-88.2796
rff-mss-xss,ff,ss,ss,125,0.9,6.30957e+07,1137,-88.8737
rff-mss-xss,ff,ss,ss,125,0.9,1e+08,717.693,-89.2294
rff-mss-xss,ff,ss,ss,125,1.35,100,1.1822e+07,-89.7026
rff-mss-xss,ff,ss,ss,125,1.35,158.489,7.45931e+06,-89.5370
rff-mss-xss,ff,ss,ss,125,1.35,251.189,4.70674e+06,-89.2715
rff-mss-xss,ff,ss,ss,125,1.35,398.107,2.97012e+06,-88.8489
rff-mss-xss,ff,ss,ss,125,1.35,630.957,1.87461e+06,-88.1781
rff-mss-xss,ff,ss,ss,125,1.35,1000,1.18373e+06,-87.1153
rff-mss-xss,ff,ss,ss,125,1.35,1584.89,748359,-85.4351
rff-mss-xss,ff,ss,ss,125,1.35,2511.89,474513,-82.7897
rff-mss-xss,ff,ss,ss,125,1.35,3981.07,303060,-78.6670
rff-mss-xss,ff,ss,ss,125,1.35,6309.57,196902,-72.3953
rff-mss-xss,ff,ss,ss,125,1.35,10000,132819,-63.3618
rff-mss-xss,ff,ss,ss,125,1.35,15848.9,96065.7,-51.6971
rff-mss-xss,ff,ss,ss,125,1.35,25118.9,76673.6,-39.0705
rff-mss-xss,ff,ss,ss,125,1.35,39810.7,67403.1,-28.0483
rff-mss-xss,ff,ss,ss,125,1.35,63095.7,63294.5,-20.2420
rff-mss-xss,ff,ss,ss,125,1.35,100000,61476.3,-15.8719
rff-mss-xss,ff,ss,ss,125,1.35,158489,60470.7,-14.6421
rff-mss-xss,ff,ss,ss,125,1.35,251189,59413.6,-16.4149
rff-mss-xss,ff,ss,ss,125,1.35,398107,57466.7,-21.3813
rff-mss-xss,ff,ss,ss,125,1.35,630957,53470.3,-29.8105
rff-mss-xss,ff,ss,ss,125,1.35,1e+06,46280.4,-41.2845
rff-mss-xss,ff,ss,ss,125,1.35,1.58489e+06,36256.3,-53.9256
rff-mss-xss,ff,ss,ss,125,1.35,2.51189e+06,25830.9,-65.1918
rff-mss-xss,ff,ss,ss,125,1.35,3.98107e+06,17271.2,-73.7042
rff-mss-xss,ff,ss,ss,125,1.35,6.30957e+06,11174.3,-79.5359
rff-mss-xss,ff,ss,ss,125,1.35,1e+07,7123.91,-83.3442
rff-mss-xss,ff,ss,ss,125,1.35,1.58489e+07,4513.76,-85.7779
rff-mss-xss,ff,ss,ss,125,1.35,2.51189e+07,2852.82,-87.3162
rff-mss-xss,ff,ss,ss,125,1.35,3.98107e+07,1801.31,-88.2796
rff-mss-xss,ff,ss,ss,125,1.35,6.30957e+07,1137,-88.8737
rff-mss-xss,ff,ss,ss,125,1.35,1e+08,717.693,-89.2294
rff-mss-xss,ff,ss,ss,125,1.8,100,1.1786e+07,-89.7017
rff-mss-xss,ff,ss,ss,125,1.8,158.489,7.43659e+06,-89.5356
rff-mss-xss,ff,ss,ss,125,1.8,251.189,4.6924e+06,-89.2692
rff-mss-xss,ff,ss,ss,125,1.8,398.107,2.96108e+06,-88.8453
rff-mss-xss,ff,ss,ss,125,1.8,630.957,1.8689e+06,-88.1723
rff-mss-xss,ff,ss,ss,125,1.8,1000,1.18013e+06,-87.1062
rff-mss-xss,ff,ss,ss,125,1.8,1584.89,746095,-85.4207
rff-mss-xss,ff,ss,ss,125,1.8,2511.89,473092,-82.7672
rff-mss-xss,ff,ss,ss,125,1.8,3981.07,302174,-78.6322
rff-mss-xss,ff,ss,ss,125,1.8,6309.57,196360,-72.3432
rff-mss-xss,ff,ss,ss,125,1.8,10000,132500,-63.2897
rff-mss-xss,ff,ss,ss,125,1.8,15848.9,95891.4,-51.6101
rff-mss-xss,ff,ss,ss,125,1.8,25118.9,76588.2,-38.9845
rff-mss-xss,ff,ss,ss,125,1.8,39810.7,67366.2,-27.9781
rff-mss-xss,ff,ss,ss,125,1.8,63095.7,63280.7,-20.1920
rff-mss-xss,ff,ss,ss,125,1.8,100000,61472.5,-15.8387
rff-mss-xss,ff,ss,ss,125,1.8,158489,60471,-14.6209
rff-mss-xss,ff,ss,ss,125,1.8,251189,59415.4,-16.4018
rff-mss-xss,ff,ss,ss,125,1.8,398107,57468.9,-21.3735
rff-mss-xss,ff,ss,ss,125,1.8,630957,53472.3,-29.8062
rff-mss-xss,ff,ss,ss,125,1.8,1e+06,46281.7,-41.2825
rff-mss-xss,ff,ss,ss,125,1.8,1.58489e+06,36257,-53.9249
rff-mss-xss,ff,ss,ss,125,1.8,2.51189e+06,25831.1,-65.1916
rff-mss-xss,ff,ss,ss,125,1.8,3.98107e+06,17271.2,-73.7041
rff-mss-xss,ff,ss,ss,125,1.8,6.30957e+06,11174.3,-79.5359
rff-mss-xss,ff,ss,ss,125,1.8,1e+07,7123.91,-83.3442
rff-mss-xss,ff,ss,ss,125,1.8,1.58489e+07,4513.76,-85.7779
rff-mss-xss,ff,ss,ss,125,1.8,2.51189e+07,2852.82,-87.3162
rff-mss-xss,ff,ss,ss,125,1.8,3.98107e+07,1801.31,-88.2796
rff-mss-xss,ff,ss,ss,125,1.8,6.30957e+07,1137,-88.8737
rff-mss-xss,ff,ss,ss,125,1.8,1e+08,717.693,-89.2294
rff-mss-xss,ff,ss,ss,125,2.25,100,1.17767e+07,-89.7014
rff-mss-xss,ff,ss,ss,125,2.25,158.489,7.43077e+06,-89.5352
rff-mss-xss,ff,ss,ss,125,2.25,251.189,4.68873e+06,-89.2687
rff-mss-xss,ff,ss,ss,125,2.25,398.107,2.95876e+06,-88.8443
rff-mss-xss,ff,ss,ss,125,2.25,630.957,1.86744e+06,-88.1709
rff-mss-xss,ff,ss,ss,125,2.25,1000,1.17921e+06,-87.1039
rff-mss-xss,ff,ss,ss,125,2.25,1584.89,745515,-85.4170
rff-mss-xss,ff,ss,ss,125,2.25,2511.89,472728,-82.7614
rff-mss-xss,ff,ss,ss,125,2.25,3981.07,301947,-78.6232
rff-mss-xss,ff,ss,ss,125,2.25,6309.57,196221,-72.3298
rff-mss-xss,ff,ss,ss,125,2.25,10000,132418,-63.2711
rff-mss-xss,ff,ss,ss,125,2.25,15848.9,95846.8,-51.5878
rff-mss-xss,ff,ss,ss,125,2.25,25118.9,76566.4,-38.9624
rff-mss-xss,ff,ss,ss,125,2.25,39810.7,67356.7,-27.9602
rff-mss-xss,ff,ss,ss,125,2.25,63095.7,63277.2,-20.1792
rff-mss-xss,ff,ss,ss,125,2.25,100000,61471.5,-15.8302
rff-mss-xss,ff,ss,ss,125,2.25,158489,60471.1,-14.6155
rff-mss-xss,ff,ss,ss,125,2.25,251189,59415.9,-16.3984
rff-mss-xss,ff,ss,ss,125,2.25,398107,57469.5,-21.3715
rff-mss-xss,ff,ss,ss,125,2.25,630957,53472.8,-29.8051
rff-mss-xss,ff,ss,ss,125,2.25,1e+06,46282.1,-41.2820
rff-mss-xss,ff,ss,ss,125,2.25,1.58489e+06,36257.2,-53.9247
rff-mss-xss,ff,ss,ss,125,2.25,2.51189e+06,25831.2,-65.1915
rff-mss-xss,ff,ss,ss,125,2.25,3.98107e+06,17271.2,-73.7041
rff-mss-xss,ff,ss,ss,125,2.25,6.30957e+06,11174.3,-79.5359
rff-mss-xss,ff,ss,ss,125,2.25,1e+07,7123.91,-83.3442
rff-mss-xss,ff,ss,ss,125,2.25,1.58489e+07,4513.76,-85.7779
rff-mss-xss,ff,ss,ss,125,2.25,2.51189e+07,2852.82,-87.3162
rff-mss-xss,ff,ss,ss,125,2.25,3.98107e+07,1801.31,-88.2796
rff-mss-xss,ff,ss,ss,125,2.25,6.30957e+07,1137,-88.8737
rff-mss-xss,ff,ss,ss,125,2.25,1e+08,717.693,-89.2294
rff-mss-xss,ff,ss,ss,125,2.7,100,1.17744e+07,-89.7014
rff-mss-xss,ff,ss,ss,125,2.7,158.489,7.42928e+06,-89.5351
rff-mss-xss,ff,ss,ss,125,2.7,251.189,4.68779e+06,-89.2685
rff-mss-xss,ff,ss,ss,125,2.7,398.107,2.95817e+06,-88.8441
rff-mss-xss,ff,ss,ss,125,2.7,630.957,1.86707e+06,-88.1705
rff-mss-xss,ff,ss,ss,125,2.7,1000,1.17898e+06,-87.1033
rff-mss-xss,ff,ss,ss,125,2.7,1584.89,745366,-85.4161
rff-mss-xss,ff,ss,ss,125,2.7,2511.89,472635,-82.7600
rff-mss-xss,ff,ss,ss,125,2.7,3981.07,301889,-78.6209
rff-mss-xss,ff,ss,ss,125,2.7,6309.57,196186,-72.3264
rff-mss-xss,ff,ss,ss,125,2.7,10000,132397,-63.2664
rff-mss-xss,ff,ss,ss,125,2.7,15848.9,95835.4,-51.5821
rff-mss-xss,ff,ss,ss,125,2.7,25118.9,76560.8,-38.9568
rff-mss-xss,ff,ss,ss,125,2.7,39810.7,67354.3,-27.9556
rff-mss-xss,ff,ss,ss,125,2.7,63095.7,63276.2,-20.1759
rff-mss-xss,ff,ss,ss,125,2.7,100000,61471.3,-15.8281
rff-mss-xss,ff,ss,ss,125,2.7,158489,60471.1,-14.6141
rff-mss-xss,ff,ss,ss,125,2.7,251189,59416,-16.3975
rff-mss-xss,ff,ss,ss,125,2.7,398107,57469.7,-21.3710
rff-mss-xss,ff,ss,ss,125,2.7,630957,53472.9,-29.8049
rff-mss-xss,ff,ss,ss,125,2.7,1e+06,46282.2,-41.2818
rff-mss-xss,ff,ss,ss,125,2.7,1.58489e+06,36257.2,-53.9246
rff-mss-xss,ff,ss,ss,125,2.7,2.51189e+06,25831.2,-65.1915
rff-mss-xss,ff,ss,ss,125,2.7,3.98107e+06,17271.2,-73.7041
rff-mss-xss,ff,ss,ss,125,2.7,6.30957e+06,11174.3,-79.5359
rff-mss-xss,ff,ss,ss,125,2.7,1e+07,7123.91,-83.3442
rff-mss-xss,ff,ss,ss,125,2.7,1.58489e+07,4513.76,-85.7779
rff-mss-xss,ff,ss,ss,125,2.7,2.51189e+07,2852.82,-87.3162
rff-mss-xss,ff,ss,ss,125,2.7,3.98107e+07,1801.31,-88.2796
rff-mss-xss,ff,ss,ss,125,2.7,6.30957e+07,1137,-88.8737
rff-mss-xss,ff,ss,ss,125,2.7,1e+08,717.693,-89.2294
rff-mss-xtyp,ff,ss,typical,-40,0.3,100,1.29262e+07,-89.7232
rff-mss-xtyp,ff,ss,typical,-40,0.3,158.489,8.156e+06,-89.5706
rff-mss-xtyp,ff,ss,typical,-40,0.3,251.189,5.1463e+06,-89.3252
rff-mss-xtyp,ff,ss,typical,-40,0.3,398.107,3.24745e+06,-88.9342
rff-mss-xtyp,ff,ss,typical,-40,0.3,630.957,2.04955e+06,-88.3135
rff-mss-xtyp,ff,ss,typical,-40,0.3,1000,1.29405e+06,-87.3297
rff-mss-xtyp,ff,ss,typical,-40,0.3,1584.89,817874,-85.7736
rff-mss-xtyp,ff,ss,typical,-40,0.3,2511.89,518228,-83.3214
rff-mss-xtyp,ff,ss,typical,-40,0.3,3981.07,330416,-79.4906
rff-mss-xtyp,ff,ss,typical,-40,0.3,6309.57,213827,-73.6298
rff-mss-xtyp,ff,ss,typical,-40,0.3,10000,143041,-65.0835
rff-mss-xtyp,ff,ss,typical,-40,0.3,15848.9,102000,-53.7892
rff-mss-xtyp,ff,ss,typical,-40,0.3,25118.9,79997,-41.1429
rff-mss-xtyp,ff,ss,typical,-40,0.3,39810.7,69307.4,-29.6896
rff-mss-xtyp,ff,ss,typical,-40,0.3,63095.7,64525.9,-21.2903
rff-mss-xtyp,ff,ss,typical,-40,0.3,100000,62430,-16.3487
rff-mss-xtyp,ff,ss,typical,-40,0.3,158489,61347.4,-14.5911
rff-mss-xtyp,ff,ss,typical,-40,0.3,251189,60349.6,-15.8268
rff-mss-xtyp,ff,ss,typical,-40,0.3,398107,58623,-20.1948
rff-mss-xtyp,ff,ss,typical,-40,0.3,630957,55061.6,-27.9937
rff-mss-xtyp,ff,ss,typical,-40,0.3,1e+06,48421.6,-39.0090
rff-mss-xtyp,ff,ss,typical,-40,0.3,1.58489e+06,38664.2,-51.6366
rff-mss-xtyp,ff,ss,typical,-40,0.3,2.51189e+06,27975.6,-63.3109
rff-mss-xtyp,ff,ss,typical,-40,0.3,3.98107e+06,18874.9,-72.3561
rff-mss-xtyp,ff,ss,typical,-40,0.3,6.30957e+06,12264.6,-78.6365
rff-mss-xtyp,ff,ss,typical,-40,0.3,1e+07,7833.51,-82.7628
rff-mss-xtyp,ff,ss,typical,-40,0.3,1.58489e+07,4967.15,-85.4065
rff-mss-xtyp,ff,ss,typical,-40,0.3,2.51189e+07,3140.35,-87.0791
rff-mss-xtyp,ff,ss,typical,-40,0.3,3.98107e+07,1983.11,-88.1267
rff-mss-xtyp,ff,ss,typical,-40,0.3,6.30957e+07,1251.84,-88.7727
rff-mss-xtyp,ff,ss,typical,-40,0.3,1e+08,790.226,-89.1589
rff-mss-xtyp,ff,ss,typical,-40,0.9,100,1.19804e+07,-89.7021
rff-mss-xtyp,ff,ss,typical,-40,0.9,158.489,7.5593e+06,-89.5365
rff-mss-xtyp,ff,ss,typical,-40,0.9,251.189,4.76983e+06,-89.2707
rff-mss-xtyp,ff,ss,typical,-40,0.9,398.107,3.00994e+06,-88.8477
rff-mss-xtyp,ff,ss,typical,-40,0.9,630.957,1.89974e+06,-88.1762
rff-mss-xtyp,ff,ss,typical,-40,0.9,1000,1.1996e+06,-87.1124
rff-mss-xtyp,ff,ss,typical,-40,0.9,1584.89,758389,-85.4304
rff-mss-xtyp,ff,ss,typical,-40,0.9,2511.89,480872,-82.7823
rff-mss-xtyp,ff,ss,typical,-40,0.9,3981.07,307118,-78.6551
rff-mss-xtyp,ff,ss,typical,-40,0.9,6309.57,199536,-72.3761
rff-mss-xtyp,ff,ss,typical,-40,0.9,10000,134591,-63.3304
rff-mss-xtyp,ff,ss,typical,-40,0.9,15848.9,97342.8,-51.6446
rff-mss-xtyp,ff,ss,typical,-40,0.9,25118.9,77689,-38.9822
rff-mss-xtyp,ff,ss,typical,-40,0.9,39810.7,68295.4,-27.9017
rff-mss-xtyp,ff,ss,typical,-40,0.9,63095.7,64138.7,-20.0039
rff-mss-xtyp,ff,ss,typical,-40,0.9,100000,62315.6,-15.4915
rff-mss-xtyp,ff,ss,typical,-40,0.9,158489,61345.3,-14.0421
rff-mss-xtyp,ff,ss,typical,-40,0.9,251189,60390.9,-15.4848
rff-mss-xtyp,ff,ss,typical,-40,0.9,398107,58677.2,-19.9897
rff-mss-xtyp,ff,ss,typical,-40,0.9,630957,55111.9,-27.8794
rff-mss-xtyp,ff,ss,typical,-40,0.9,1e+06,48457.3,-38.9534
rff-mss-xtyp,ff,ss,typical,-40,0.9,1.58489e+06,38682.7,-51.6144
rff-mss-xtyp,ff,ss,typical,-40,0.9,2.51189e+06,27982.7,-63.3038
rff-mss-xtyp,ff,ss,typical,-40,0.9,3.98107e+06,18877.1,-72.3542
rff-mss-xtyp,ff,ss,typical,-40,0.9,6.30957e+06,12265.2,-78.6361
rff-mss-xtyp,ff,ss,typical,-40,0.9,1e+07,7833.66,-82.7628
rff-mss-xtyp,ff,ss,typical,-40,0.9,1.58489e+07,4967.19,-85.4065
rff-mss-xtyp,ff,ss,typical,-40,0.9,2.51189e+07,3140.36,-87.0791
rff-mss-xtyp,ff,ss,typical,-40,0.9,3.98107e+07,1983.12,-88.1267
rff-mss-xtyp,ff,ss,typical,-40,0.9,6.30957e+07,1251.84,-88.7727
rff-mss-xtyp,ff,ss,typical,-40,0.9,1e+08,790.226,-89.1589
rff-mss-xtyp,ff,ss,typical,-40,1.35,100,1.18399e+07,-89.6987
rff-mss-xtyp,ff,ss,typical,-40,1.35,158.489,7.47061e+06,-89.5309
rff-mss-xtyp,ff,ss,typical,-40,1.35,251.189,4.71387e+06,-89.2619
rff-mss-xtyp,ff,ss,typical,-40,1.35,398.107,2.97463e+06,-88.8336
rff-mss-xtyp,ff,ss,typical,-40,1.35,630.957,1.87747e+06,-88.1539
rff-mss-xtyp,ff,ss,typical,-40,1.35,1000,1.18556e+06,-87.0771
rff-mss-xtyp,ff,ss,typical,-40,1.35,1584.89,749550,-85.3747
rff-mss-xtyp,ff,ss,typical,-40,1.35,2511.89,475323,-82.6949
rff-mss-xtyp,ff,ss,typical,-40,1.35,3981.07,303662,-78.5200
rff-mss-xtyp,ff,ss,typical,-40,1.35,6309.57,197421,-72.1743
rff-mss-xtyp,ff,ss,typical,-40,1.35,10000,133347,-63.0510
rff-mss-xtyp,ff,ss,typical,-40,1.35,15848.9,96662.9,-51.3083
rff-mss-xtyp,ff,ss,typical,-40,1.35,25118.9,77355.7,-38.6501
rff-mss-xtyp,ff,ss,typical,-40,1.35,39810.7,68150.8,-27.6315
rff-mss-xtyp,ff,ss,typical,-40,1.35,63095.7,64083.9,-19.8114
rff-mss-xtyp,ff,ss,typical,-40,1.35,100000,62299.8,-15.3639
rff-mss-xtyp,ff,ss,typical,-40,1.35,158489,61345.5,-13.9605
rff-mss-xtyp,ff,ss,typical,-40,1.35,251189,60397.3,-15.4340
rff-mss-xtyp,ff,ss,typical,-40,1.35,398107,58685.3,-19.9592
rff-mss-xtyp,ff,ss,typical,-40,1.35,630957,55119.4,-27.8624
rff-mss-xtyp,ff,ss,typical,-40,1.35,1e+06,48462.6,-38.9452
rff-mss-xtyp,ff,ss,typical,-40,1.35,1.58489e+06,38685.4,-51.6112
rff-mss-xtyp,ff,ss,typical,-40,1.35,2.51189e+06,27983.7,-63.3028
rff-mss-xtyp,ff,ss,typical,-40,1.35,3.98107e+06,18877.4,-72.3540
rff-mss-xtyp,ff,ss,typical,-40,1.35,6.30957e+06,12265.3,-78.6360
rff-mss-xtyp,ff,ss,typical,-40,1.35,1e+07,7833.68,-82.7628
rff-mss-xtyp,ff,ss,typical,-40,1.35,1.58489e+07,4967.19,-85.4065
rff-mss-xtyp,ff,ss,typical,-40,1.35,2.51189e+07,3140.36,-87.0791
rff-mss-xtyp,ff,ss,typical,-40,1.35,3.98107e+07,1983.12,-88.1267
rff-mss-xtyp,ff,ss,typical,-40,1.35,6.30957e+07,1251.84,-88.7727
rff-mss-xtyp,ff,ss,typical,-40,1.35,1e+08,790.226,-89.1589
rff-mss-xtyp,ff,ss,typical,-40,1.8,100,1.18038e+07,-89.6978
rff-mss-xtyp,ff,ss,typical,-40,1.8,158.489,7.44782e+06,-89.5295
rff-mss-xtyp,ff,ss,typical,-40,1.8,251.189,4.6995e+06,-89.2596
rff-mss-xtyp,ff,ss,typical,-40,1.8,398.107,2.96556e+06,-88.8300
rff-mss-xtyp,ff,ss,typical,-40,1.8,630.957,1.87175e+06,-88.1481
rff-mss-xtyp,ff,ss,typical,-40,1.8,1000,1.18195e+06,-87.0679
rff-mss-xtyp,ff,ss,typical,-40,1.8,1584.89,747279,-85.3602
rff-mss-xtyp,ff,ss,typical,-40,1.8,2511.89,473898,-82.6721
rff-mss-xtyp,ff,ss,typical,-40,1.8,3981.07,302774,-78.4848
rff-mss-xtyp,ff,ss,typical,-40,1.8,6309.57,196877,-72.1217
rff-mss-xtyp,ff,ss,typical,-40,1.8,10000,133027,-62.9783
rff-mss-xtyp,ff,ss,typical,-40,1.8,15848.9,96488.7,-51.2212
rff-mss-xtyp,ff,ss,typical,-40,1.8,25118.9,77270.5,-38.5643
rff-mss-xtyp,ff,ss,typical,-40,1.8,39810.7,68113.9,-27.5619
rff-mss-xtyp,ff,ss,typical,-40,1.8,63095.7,64070,-19.7619
rff-mss-xtyp,ff,ss,typical,-40,1.8,100000,62295.8,-15.3311
rff-mss-xtyp,ff,ss,typical,-40,1.8,158489,61345.5,-13.9396
rff-mss-xtyp,ff,ss,typical,-40,1.8,251189,60398.9,-15.4209
rff-mss-xtyp,ff,ss,typical,-40,1.8,398107,58687.4,-19.9514
rff-mss-xtyp,ff,ss,typical,-40,1.8,630957,55121.3,-27.8581
rff-mss-xtyp,ff,ss,typical,-40,1.8,1e+06,48463.9,-38.9430
rff-mss-xtyp,ff,ss,typical,-40,1.8,1.58489e+06,38686.1,-51.6103
rff-mss-xtyp,ff,ss,typical,-40,1.8,2.51189e+06,27984,-63.3025
rff-mss-xtyp,ff,ss,typical,-40,1.8,3.98107e+06,18877.5,-72.3539
rff-mss-xtyp,ff,ss,typical,-40,1.8,6.30957e+06,12265.3,-78.6360
rff-mss-xtyp,ff,ss,typical,-40,1.8,1e+07,7833.69,-82.7628
rff-mss-xtyp,ff,ss,typical,-40,1.8,1.58489e+07,4967.19,-85.4065
rff-mss-xtyp,ff,ss,typical,-40,1.8,2.51189e+07,3140.36,-87.0791
rff-mss-xtyp,ff,ss,typical,-40,1.8,3.98107e+07,1983.12,-88.1267
rff-mss-xtyp,ff,ss,typical,-40,1.8,6.30957e+07,1251.84,-88.7727
rff-mss-xtyp,ff,ss,typical,-40,1.8,1e+08,790.226,-89.1589
rff-mss-xtyp,ff,ss,typical,-40,2.25,100,1.17945e+07,-89.6976
rff-mss-xtyp,ff,ss,typical,-40,2.25,158.489,7.44198e+06,-89.5291
rff-mss-xtyp,ff,ss,typical,-40,2.25,251.189,4.69581e+06,-89.2590
rff-mss-xtyp,ff,ss,typical,-40,2.25,398.107,2.96324e+06,-88.8290
rff-mss-xtyp,ff,ss,typical,-40,2.25,630.957,1.87028e+06,-88.1466
rff-mss-xtyp,ff,ss,typical,-40,2.25,1000,1.18103e+06,-87.0655
rff-mss-xtyp,ff,ss,typical,-40,2.25,1584.89,746698,-85.3565
rff-mss-xtyp,ff,ss,typical,-40,2.25,2511.89,473533,-82.6663
rff-mss-xtyp,ff,ss,typical,-40,2.25,3981.07,302546,-78.4758
rff-mss-xtyp,ff,ss,typical,-40,2.25,6309.57,196738,-72.1082
rff-mss-xtyp,ff,ss,typical,-40,2.25,10000,132946,-62.9596
rff-mss-xtyp,ff,ss,typical,-40,2.25,15848.9,96444.1,-51.1988
rff-mss-xtyp,ff,ss,typical,-40,2.25,25118.9,77248.7,-38.5423
rff-mss-xtyp,ff,ss,typical,-40,2.25,39810.7,68104.4,-27.5440
rff-mss-xtyp,ff,ss,typical,-40,2.25,63095.7,64066.4,-19.7492
rff-mss-xtyp,ff,ss,typical,-40,2.25,100000,62294.7,-15.3227
rff-mss-xtyp,ff,ss,typical,-40,2.25,158489,61345.6,-13.9342
rff-mss-xtyp,ff,ss,typical,-40,2.25,251189,60399.3,-15.4176
rff-mss-xtyp,ff,ss,typical,-40,2.25,398107,58687.9,-19.9494
rff-mss-xtyp,ff,ss,typical,-40,2.25,630957,55121.8,-27.8569
rff-mss-xtyp,ff,ss,typical,-40,2.25,1e+06,48464.3,-38.9425
rff-mss-xtyp,ff,ss,typical,-40,2.25,1.58489e+06,38686.3,-51.6101
rff-mss-xtyp,ff,ss,typical,-40,2.25,2.51189e+06,27984,-63.3024
rff-mss-xtyp,ff,ss,typical,-40,2.25,3.98107e+06,18877.5,-72.3539
rff-mss-xtyp,ff,ss,typical,-40,2.25,6.30957e+06,12265.3,-78.6360
rff-mss-xtyp,ff,ss,typical,-40,2.25,1e+07,7833.69,-82.7628
rff-mss-xtyp,ff,ss,typical,-40,2.25,1.58489e+07,4967.19,-85.4065
rff-mss-xtyp,ff,ss,typical,-40,2.25,2.51189e+07,3140.36,-87.0791
rff-mss-xtyp,ff,ss,typical,-40,2.25,3.98107e+07,1983.12,-88.1267
rff-mss-xtyp,ff,ss,typical,-40,2.25,6.30957e+07,1251.84,-88.7727
rff-mss-xtyp,ff,ss,typical,-40,2.25,1e+08,790.226,-89.1589
rff-mss-xtyp,ff,ss,typical,-40,2.7,100,1.17921e+07,-89.6975
rff-mss-xtyp,ff,ss,typical,-40,2.7,158.489,7.44049e+06,-89.5290
rff-mss-xtyp,ff,ss,typical,-40,2.7,251.189,4.69487e+06,-89.2588
rff-mss-xtyp,ff,ss,typical,-40,2.7,398.107,2.96265e+06,-88.8288
rff-mss-xtyp,ff,ss,typical,-40,2.7,630.957,1.86991e+06,-88.1462
rff-mss-xtyp,ff,ss,typical,-40,2.7,1000,1.18079e+06,-87.0649
rff-mss-xtyp,ff,ss,typical,-40,2.7,1584.89,746549,-85.3555
rff-mss-xtyp,ff,ss,typical,-40,2.7,2511.89,473439,-82.6648
rff-mss-xtyp,ff,ss,typical,-40,2.7,3981.07,302488,-78.4734
rff-mss-xtyp,ff,ss,typical,-40,2.7,6309.57,196703,-72.1048
rff-mss-xtyp,ff,ss,typical,-40,2.7,10000,132925,-62.9549
rff-mss-xtyp,ff,ss,typical,-40,2.7,15848.9,96432.7,-51.1931
rff-mss-xtyp,ff,ss,typical,-40,2.7,25118.9,77243.2,-38.5367
rff-mss-xtyp,ff,ss,typical,-40,2.7,39810.7,68102,-27.5395
rff-mss-xtyp,ff,ss,typical,-40,2.7,63095.7,64065.5,-19.7460
rff-mss-xtyp,ff,ss,typical,-40,2.7,100000,62294.5,-15.3205
rff-mss-xtyp,ff,ss,typical,-40,2.7,158489,61345.6,-13.9328
rff-mss-xtyp,ff,ss,typical,-40,2.7,251189,60399.4,-15.4168
rff-mss-xtyp,ff,ss,typical,-40,2.7,398107,58688.1,-19.9489
rff-mss-xtyp,ff,ss,typical,-40,2.7,630957,55121.9,-27.8567
rff-mss-xtyp,ff,ss,typical,-40,2.7,1e+06,48464.4,-38.9424
rff-mss-xtyp,ff,ss,typical,-40,2.7,1.58489e+06,38686.3,-51.6100
rff-mss-xtyp,ff,ss,typical,-40,2.7,2.51189e+06,27984.1,-63.3024
rff-mss-xtyp,ff,ss,typical,-40,2.7,3.98107e+06,18877.5,-72.3539
rff-mss-xtyp,ff,ss,typical,-40,2.7,6.30957e+06,12265.3,-78.6360
rff-mss-xtyp,ff,ss,typical,-40,2.7,1e+07,7833.69,-82.7628
rff-mss-xtyp,ff,ss,typical,-40,2.7,1.58489e+07,4967.19,-85.4065
rff-mss-xtyp,ff,ss,typical,-40,2.7,2.51189e+07,3140.36,-87.0791
rff-mss-xtyp,ff,ss,typical,-40,2.7,3.98107e+07,1983.12,-88.1267
rff-mss-xtyp,ff,ss,typical,-40,2.7,6.30957e+07,1251.84,-88.7727
rff-mss-xtyp,ff,ss,typical,-40,2.7,1e+08,790.226,-89.1589
rff-mss-xtyp,ff,ss,typical,27,0.3,100,1.29259e+07,-89.7257
rff-mss-xtyp,ff,ss,typical,27,0.3,158.489,8.15583e+06,-89.5745
rff-mss-xtyp,ff,ss,typical,27,0.3,251.189,5.1462e+06,-89.3314
rff-mss-xtyp,ff,ss,typical,27,0.3,398.107,3.24737e+06,-88.9441
rff-mss-xtyp,ff,ss,typical,27,0.3,630.957,2.04949e+06,-88.3291
rff-mss-xtyp,ff,ss,typical,27,0.3,1000,1.294e+06,-87.3545
rff-mss-xtyp,ff,ss,typical,27,0.3,1584.89,817816,-85.8128
rff-mss-xtyp,ff,ss,typical,27,0.3,2511.89,518151,-83.3829
rff-mss-xtyp,ff,ss,typical,27,0.3,3981.07,330304,-79.5859
rff-mss-xtyp,ff,ss,typical,27,0.3,6309.57,213661,-73.7735
rff-mss-xtyp,ff,ss,typical,27,0.3,10000,142796,-65.2859
rff-mss-xtyp,ff,ss,typical,27,0.3,15848.9,101658,-54.0394
rff-mss-xtyp,ff,ss,typical,27,0.3,25118.9,79561.6,-41.3969
rff-mss-xtyp,ff,ss,typical,27,0.3,39810.7,68805.4,-29.8966
rff-mss-xtyp,ff,ss,typical,27,0.3,63095.7,63988.1,-21.4287
rff-mss-xtyp,ff,ss,typical,27,0.3,100000,61877.8,-16.4211
rff-mss-xtyp,ff,ss,typical,27,0.3,158489,60794.8,-14.6050
rff-mss-xtyp,ff,ss,typical,27,0.3,251189,59810.6,-15.7843
rff-mss-xtyp,ff,ss,typical,27,0.3,398107,58120.8,-20.0922
rff-mss-xtyp,ff,ss,typical,27,0.3,630957,54635.9,-27.8281
rff-mss-xtyp,ff,ss,typical,27,0.3,1e+06,48118.1,-38.7948
rff-mss-xtyp,ff,ss,typical,27,0.3,1.58489e+06,38492.5,-51.4154
rff-mss-xtyp,ff,ss,typical,27,0.3,2.51189e+06,27894.5,-63.1257
rff-mss-xtyp,ff,ss,typical,27,0.3,3.98107e+06,18837.7,-72.2220
rff-mss-xtyp,ff,ss,typical,27,0.3,6.30957e+06,12245.9,-78.5466
rff-mss-xtyp,ff,ss,typical,27,0.3,1e+07,7823.08,-82.7048
rff-mss-xtyp,ff,ss,typical,27,0.3,1.58489e+07,4960.93,-85.3696
rff-mss-xtyp,ff,ss,typical,27,0.3,2.51189e+07,3136.52,-87.0559
rff-mss-xtyp,ff,ss,typical,27,0.3,3.98107e+07,1980.72,-88.1124
rff-mss-xtyp,ff,ss,typical,27,0.3,6.30957e+07,1250.33,-88.7640
rff-mss-xtyp,ff,ss,typical,27,0.3,1e+08,789.27,-89.1540
rff-mss-xtyp,ff,ss,typical,27,0.9,100,1.19802e+07,-89.7048
rff-mss-xtyp,ff,ss,typical,27,0.9,158.489,7.55915e+06,-89.5407
rff-mss-xtyp,ff,ss,typical,27,0.9,251.189,4.76974e+06,-89.2775
rff-mss-xtyp,ff,ss,typical,27,0.9,398.107,3.00987e+06,-88.8584
rff-mss-xtyp,ff,ss,typical,27,0.9,630.957,1.89968e+06,-88.1931
rff-mss-xtyp,ff,ss,typical,27,0.9,1000,1.19955e+06,-87.1391
rff-mss-xtyp,ff,ss,typical,27,0.9,1584.89,758330,-85.4726
rff-mss-xtyp,ff,ss,typical,27,0.9,2511.89,480791,-82.8486
rff-mss-xtyp,ff,ss,typical,27,0.9,3981.07,307000,-78.7577
rff-mss-xtyp,ff,ss,typical,27,0.9,6309.57,199358,-72.5294
rff-mss-xtyp,ff,ss,typical,27,0.9,10000,134330,-63.5427
rff-mss-xtyp,ff,ss,typical,27,0.9,15848.9,96983.8,-51.8998
rff-mss-xtyp,ff,ss,typical,27,0.9,25118.9,77239.8,-39.2320
rff-mss-xtyp,ff,ss,typical,27,0.9,39810.7,67784.8,-28.0990
rff-mss-xtyp,ff,ss,typical,27,0.9,63095.7,63596.4,-20.1326
rff-mss-xtyp,ff,ss,typical,27,0.9,100000,61761.1,-15.5565
rff-mss-xtyp,ff,ss,typical,27,0.9,158489,60791.3,-14.0509
rff-mss-xtyp,ff,ss,typical,27,0.9,251189,59851.1,-15.4390
rff-mss-xtyp,ff,ss,typical,27,0.9,398107,58174.4,-19.8849
rff-mss-xtyp,ff,ss,typical,27,0.9,630957,54685.9,-27.7123
rff-mss-xtyp,ff,ss,typical,27,0.9,1e+06,48153.7,-38.7383
rff-mss-xtyp,ff,ss,typical,27,0.9,1.58489e+06,38511.1,-51.3928
rff-mss-xtyp,ff,ss,typical,27,0.9,2.51189e+06,27901.6,-63.1184
rff-mss-xtyp,ff,ss,typical,27,0.9,3.98107e+06,18839.9,-72.2200
rff-mss-xtyp,ff,ss,typical,27,0.9,6.30957e+06,12246.5,-78.5462
rff-mss-xtyp,ff,ss,typical,27,0.9,1e+07,7823.24,-82.7047
rff-mss-xtyp,ff,ss,typical,27,0.9,1.58489e+07,4960.97,-85.3696
rff-mss-xtyp,ff,ss,typical,27,0.9,2.51189e+07,3136.53,-87.0559
rff-mss-xtyp,ff,ss,typical,27,0.9,3.98107e+07,1980.72,-88.1124
rff-mss-xtyp,ff,ss,typical,27,0.9,6.30957e+07,1250.33,-88.7640
rff-mss-xtyp,ff,ss,typical,27,0.9,1e+08,789.271,-89.1541
rff-mss-xtyp,ff,ss,typical,27,1.35,100,1.18397e+07,-89.7014
rff-mss-xtyp,ff,ss,typical,27,1.35,158.489,7.47047e+06,-89.5352
rff-mss-xtyp,ff,ss,typical,27,1.35,251.189,4.71378e+06,-89.2687
rff-mss-xtyp,ff,ss,typical,27,1.35,398.107,2.97457e+06,-88.8444
rff-mss-xtyp,ff,ss,typical,27,1.35,630.957,1.87742e+06,-88.1711
rff-mss-xtyp,ff,ss,typical,27,1.35,1000,1.18551e+06,-87.1042
rff-mss-xtyp,ff,ss,typical,27,1.35,1584.89,749491,-85.4175
rff-mss-xtyp,ff,ss,typical,27,1.35,2511.89,475242,-82.7620
rff-mss-xtyp,ff,ss,typical,27,1.35,3981.07,303542,-78.6237
rff-mss-xtyp,ff,ss,typical,27,1.35,6309.57,197241,-72.3291
rff-mss-xtyp,ff,ss,typical,27,1.35,10000,133084,-63.2648
rff-mss-xtyp,ff,ss,typical,27,1.35,15848.9,96301.3,-51.5641
rff-mss-xtyp,ff,ss,typical,27,1.35,25118.9,76904.4,-38.8992
rff-mss-xtyp,ff,ss,typical,27,1.35,39810.7,67639,-27.8272
rff-mss-xtyp,ff,ss,typical,27,1.35,63095.7,63541,-19.9386
rff-mss-xtyp,ff,ss,typical,27,1.35,100000,61744.9,-15.4277
rff-mss-xtyp,ff,ss,typical,27,1.35,158489,60791.3,-13.9685
rff-mss-xtyp,ff,ss,typical,27,1.35,251189,59857.3,-15.3877
rff-mss-xtyp,ff,ss,typical,27,1.35,398107,58182.5,-19.8541
rff-mss-xtyp,ff,ss,typical,27,1.35,630957,54693.4,-27.6951
rff-mss-xtyp,ff,ss,typical,27,1.35,1e+06,48159,-38.7300
rff-mss-xtyp,ff,ss,typical,27,1.35,1.58489e+06,38513.8,-51.3894
rff-mss-xtyp,ff,ss,typical,27,1.35,2.51189e+06,27902.7,-63.1173
rff-mss-xtyp,ff,ss,typical,27,1.35,3.98107e+06,18840.2,-72.2197
rff-mss-xtyp,ff,ss,typical,27,1.35,6.30957e+06,12246.6,-78.5461
rff-mss-xtyp,ff,ss,typical,27,1.35,1e+07,7823.26,-82.7047
rff-mss-xtyp,ff,ss,typical,27,1.35,1.58489e+07,4960.98,-85.3696
rff-mss-xtyp,ff,ss,typical,27,1.35,2.51189e+07,3136.53,-87.0559
rff-mss-xtyp,ff,ss,typical,27,1.35,3.98107e+07,1980.72,-88.1124
rff-mss-xtyp,ff,ss,typical,27,1.35,6.30957e+07,1250.33,-88.7640
rff-mss-xtyp,ff,ss,typical,27,1.35,1e+08,789.271,-89.1541
rff-mss-xtyp,ff,ss,typical,27,1.8,100,1.18035e+07,-89.7005
rff-mss-xtyp,ff,ss,typical,27,1.8,158.489,7.44768e+06,-89.5338
rff-mss-xtyp,ff,ss,typical,27,1.8,251.189,4.6994e+06,-89.2664
rff-mss-xtyp,ff,ss,typical,27,1.8,398.107,2.9655e+06,-88.8408
rff-mss-xtyp,ff,ss,typical,27,1.8,630.957,1.8717e+06,-88.1653
rff-mss-xtyp,ff,ss,typical,27,1.8,1000,1.1819e+06,-87.0951
rff-mss-xtyp,ff,ss,typical,27,1.8,1584.89,747219,-85.4031
rff-mss-xtyp,ff,ss,typical,27,1.8,2511.89,473816,-82.7394
rff-mss-xtyp,ff,ss,typical,27,1.8,3981.07,302654,-78.5888
rff-mss-xtyp,ff,ss,typical,27,1.8,6309.57,196697,-72.2769
rff-mss-xtyp,ff,ss,typical,27,1.8,10000,132764,-63.1925
rff-mss-xtyp,ff,ss,typical,27,1.8,15848.9,96126.4,-51.4771
rff-mss-xtyp,ff,ss,typical,27,1.8,25118.9,76818.6,-38.8132
rff-mss-xtyp,ff,ss,typical,27,1.8,39810.7,67601.7,-27.7572
rff-mss-xtyp,ff,ss,typical,27,1.8,63095.7,63526.8,-19.8887
rff-mss-xtyp,ff,ss,typical,27,1.8,100000,61740.8,-15.3946
rff-mss-xtyp,ff,ss,typical,27,1.8,158489,60791.4,-13.9474
rff-mss-xtyp,ff,ss,typical,27,1.8,251189,59858.9,-15.3745
rff-mss-xtyp,ff,ss,typical,27,1.8,398107,58184.6,-19.8462
rff-mss-xtyp,ff,ss,typical,27,1.8,630957,54695.3,-27.6907
rff-mss-xtyp,ff,ss,typical,27,1.8,1e+06,48160.4,-38.7278
rff-mss-xtyp,ff,ss,typical,27,1.8,1.58489e+06,38514.5,-51.3886
rff-mss-xtyp,ff,ss,typical,27,1.8,2.51189e+06,27902.9,-63.1170
rff-mss-xtyp,ff,ss,typical,27,1.8,3.98107e+06,18840.3,-72.2197
rff-mss-xtyp,ff,ss,typical,27,1.8,6.30957e+06,12246.6,-78.5461
rff-mss-xtyp,ff,ss,typical,27,1.8,1e+07,7823.27,-82.7047
rff-mss-xtyp,ff,ss,typical,27,1.8,1.58489e+07,4960.98,-85.3696
rff-mss-xtyp,ff,ss,typical,27,1.8,2.51189e+07,3136.53,-87.0559
rff-mss-xtyp,ff,ss,typical,27,1.8,3.98107e+07,1980.72,-88.1124
rff-mss-xtyp,ff,ss,typical,27,1.8,6.30957e+07,1250.33,-88.7640
rff-mss-xtyp,ff,ss,typical,27,1.8,1e+08,789.271,-89.1541
rff-mss-xtyp,ff,ss,typical,27,2.25,100,1.17943e+07,-89.7003
rff-mss-xtyp,ff,ss,typical,27,2.25,158.489,7.44184e+06,-89.5334
rff-mss-xtyp,ff,ss,typical,27,2.25,251.189,4.69572e+06,-89.2658
rff-mss-xtyp,ff,ss,typical,27,2.25,398.107,2.96318e+06,-88.8399
rff-mss-xtyp,ff,ss,typical,27,2.25,630.957,1.87023e+06,-88.1638
rff-mss-xtyp,ff,ss,typical,27,2.25,1000,1.18098e+06,-87.0927
rff-mss-xtyp,ff,ss,typical,27,2.25,1584.89,746638,-85.3994
rff-mss-xtyp,ff,ss,typical,27,2.25,2511.89,473451,-82.7336
rff-mss-xtyp,ff,ss,typical,27,2.25,3981.07,302426,-78.5798
rff-mss-xtyp,ff,ss,typical,27,2.25,6309.57,196558,-72.2635
rff-mss-xtyp,ff,ss,typical,27,2.25,10000,132682,-63.1739
rff-mss-xtyp,ff,ss,typical,27,2.25,15848.9,96081.7,-51.4548
rff-mss-xtyp,ff,ss,typical,27,2.25,25118.9,76796.7,-38.7911
rff-mss-xtyp,ff,ss,typical,27,2.25,39810.7,67592.2,-27.7392
rff-mss-xtyp,ff,ss,typical,27,2.25,63095.7,63523.2,-19.8759
rff-mss-xtyp,ff,ss,typical,27,2.25,100000,61739.8,-15.3862
rff-mss-xtyp,ff,ss,typical,27,2.25,158489,60791.4,-13.9420
rff-mss-xtyp,ff,ss,typical,27,2.25,251189,59859.3,-15.3711
rff-mss-xtyp,ff,ss,typical,27,2.25,398107,58185.1,-19.8441
rff-mss-xtyp,ff,ss,typical,27,2.25,630957,54695.8,-27.6895
rff-mss-xtyp,ff,ss,typical,27,2.25,1e+06,48160.8,-38.7273
rff-mss-xtyp,ff,ss,typical,27,2.25,1.58489e+06,38514.7,-51.3884
rff-mss-xtyp,ff,ss,typical,27,2.25,2.51189e+06,27903,-63.1170
rff-mss-xtyp,ff,ss,typical,27,2.25,3.98107e+06,18840.3,-72.2196
rff-mss-xtyp,ff,ss,typical,27,2.25,6.30957e+06,12246.7,-78.5461
rff-mss-xtyp,ff,ss,typical,27,2.25,1e+07,7823.27,-82.7047
rff-mss-xtyp,ff,ss,typical,27,2.25,1.58489e+07,4960.98,-85.3696
rff-mss-xtyp,ff,ss,typical,27,2.25,2.51189e+07,3136.53,-87.0559
rff-mss-xtyp,ff,ss,typical,27,2.25,3.98107e+07,1980.72,-88.1124
rff-mss-xtyp,ff,ss,typical,27,2.25,6.30957e+07,1250.33,-88.7640
rff-mss-xtyp,ff,ss,typical,27,2.25,1e+08,789.271,-89.1541
rff-mss-xtyp,ff,ss,typical,27,2.7,100,1.17919e+07,-89.7003
rff-mss-xtyp,ff,ss,typical,27,2.7,158.489,7.44035e+06,-89.5333
rff-mss-xtyp,ff,ss,typical,27,2.7,251.189,4.69478e+06,-89.2657
rff-mss-xtyp,ff,ss,typical,27,2.7,398.107,2.96258e+06,-88.8396
rff-mss-xtyp,ff,ss,typical,27,2.7,630.957,1.86986e+06,-88.1634
rff-mss-xtyp,ff,ss,typical,27,2.7,1000,1.18074e+06,-87.0921
rff-mss-xtyp,ff,ss,typical,27,2.7,1584.89,746489,-85.3984
rff-mss-xtyp,ff,ss,typical,27,2.7,2511.89,473357,-82.7322
rff-mss-xtyp,ff,ss,typical,27,2.7,3981.07,302368,-78.5776
rff-mss-xtyp,ff,ss,typical,27,2.7,6309.57,196523,-72.2601
rff-mss-xtyp,ff,ss,typical,27,2.7,10000,132661,-63.1692
rff-mss-xtyp,ff,ss,typical,27,2.7,15848.9,96070.2,-51.4491
rff-mss-xtyp,ff,ss,typical,27,2.7,25118.9,76791.1,-38.7855
rff-mss-xtyp,ff,ss,typical,27,2.7,39810.7,67589.8,-27.7347
rff-mss-xtyp,ff,ss,typical,27,2.7,63095.7,63522.3,-19.8726
rff-mss-xtyp,ff,ss,typical,27,2.7,100000,61739.5,-15.3840
rff-mss-xtyp,ff,ss,typical,27,2.7,158489,60791.4,-13.9406
rff-mss-xtyp,ff,ss,typical,27,2.7,251189,59859.4,-15.3703
rff-mss-xtyp,ff,ss,typical,27,2.7,398107,58185.2,-19.8436
rff-mss-xtyp,ff,ss,typical,27,2.7,630957,54695.9,-27.6893
rff-mss-xtyp,ff,ss,typical,27,2.7,1e+06,48160.8,-38.7271
rff-mss-xtyp,ff,ss,typical,27,2.7,1.58489e+06,38514.8,-51.3883
rff-mss-xtyp,ff,ss,typical,27,2.7,2.51189e+06,27903,-63.1169
rff-mss-xtyp,ff,ss,typical,27,2.7,3.98107e+06,18840.3,-72.2196
rff-mss-xtyp,ff,ss,typical,27,2.7,6.30957e+06,12246.7,-78.5461
rff-mss-xtyp,ff,ss,typical,27,2.7,1e+07,7823.27,-82.7047
rff-mss-xtyp,ff,ss,typical,27,2.7,1.58489e+07,4960.98,-85.3696
rff-mss-xtyp,ff,ss,typical,27,2.7,2.51189e+07,3136.53,-87.0559
rff-mss-xtyp,ff,ss,typical,27,2.7,3.98107e+07,1980.72,-88.1124
rff-mss-xtyp,ff,ss,typical,27,2.7,6.30957e+07,1250.33,-88.7640
rff-mss-xtyp,ff,ss,typical,27,2.7,1e+08,789.271,-89.1541
rff-mss-xtyp,ff,ss,typical,125,0.3,100,1.29257e+07,-89.7263
rff-mss-xtyp,ff,ss,typical,125,0.3,158.489,8.15572e+06,-89.5755
rff-mss-xtyp,ff,ss,typical,125,0.3,251.189,5.14612e+06,-89.3330
rff-mss-xtyp,ff,ss,typical,125,0.3,398.107,3.24732e+06,-88.9466
rff-mss-xtyp,ff,ss,typical,125,0.3,630.957,2.04946e+06,-88.3331
rff-mss-xtyp,ff,ss,typical,125,0.3,1000,1.29398e+06,-87.3607
rff-mss-xtyp,ff,ss,typical,125,0.3,1584.89,817794,-85.8227
rff-mss-xtyp,ff,ss,typical,125,0.3,2511.89,518127,-83.3984
rff-mss-xtyp,ff,ss,typical,125,0.3,3981.07,330273,-79.6101
rff-mss-xtyp,ff,ss,typical,125,0.3,6309.57,213617,-73.8099
rff-mss-xtyp,ff,ss,typical,125,0.3,10000,142734,-65.3372
rff-mss-xtyp,ff,ss,typical,125,0.3,15848.9,101571,-54.1031
rff-mss-xtyp,ff,ss,typical,125,0.3,25118.9,79451.5,-41.4620
rff-mss-xtyp,ff,ss,typical,125,0.3,39810.7,68678.4,-29.9503
rff-mss-xtyp,ff,ss,typical,125,0.3,63095.7,63852,-21.4656
rff-mss-xtyp,ff,ss,typical,125,0.3,100000,61737.9,-16.4421
rff-mss-xtyp,ff,ss,typical,125,0.3,158489,60654.4,-14.6125
rff-mss-xtyp,ff,ss,typical,125,0.3,251189,59672.9,-15.7796
rff-mss-xtyp,ff,ss,typical,125,0.3,398107,57990.8,-20.0752
rff-mss-xtyp,ff,ss,typical,125,0.3,630957,54522.1,-27.7986
rff-mss-xtyp,ff,ss,typical,125,0.3,1e+06,48030.9,-38.7559
rff-mss-xtyp,ff,ss,typical,125,0.3,1.58489e+06,38435.9,-51.3748
rff-mss-xtyp,ff,ss,typical,125,0.3,2.51189e+06,27861.5,-63.0915
rff-mss-xtyp,ff,ss,typical,125,0.3,3.98107e+06,18818.7,-72.1972
rff-mss-xtyp,ff,ss,typical,125,0.3,6.30957e+06,12234.6,-78.5300
rff-mss-xtyp,ff,ss,typical,125,0.3,1e+07,7816.12,-82.6940
rff-mss-xtyp,ff,ss,typical,125,0.3,1.58489e+07,4956.59,-85.3628
rff-mss-xtyp,ff,ss,typical,125,0.3,2.51189e+07,3133.8,-87.0516
rff-mss-xtyp,ff,ss,typical,125,0.3,3.98107e+07,1979,-88.1098
rff-mss-xtyp,ff,ss,typical,125,0.3,6.30957e+07,1249.25,-88.7625
rff-mss-xtyp,ff,ss,typical,125,0.3,1e+08,788.586,-89.1533
rff-mss-xtyp,ff,ss,typical,125,0.9,100,1.19801e+07,-89.7055
rff-mss-xtyp,ff,ss,typical,125,0.9,158.489,7.55905e+06,-89.5418
rff-mss-xtyp,ff,ss,typical,125,0.9,251.189,4.76967e+06,-89.2792
rff-mss-xtyp,ff,ss,typical,125,0.9,398.107,3.00983e+06,-88.8611
rff-mss-xtyp,ff,ss,typical,125,0.9,630.957,1.89966e+06,-88.1974
rff-mss-xtyp,ff,ss,typical,125,0.9,1000,1.19952e+06,-87.1459
rff-mss-xtyp,ff,ss,typical,125,0.9,1584.89,758308,-85.4833
rff-mss-xtyp,ff,ss,typical,125,0.9,2511.89,480766,-82.8654
rff-mss-xtyp,ff,ss,typical,125,0.9,3981.07,306967,-78.7836
rff-mss-xtyp,ff,ss,typical,125,0.9,6309.57,199312,-72.5682
rff-mss-xtyp,ff,ss,typical,125,0.9,10000,134264,-63.5966
rff-mss-xtyp,ff,ss,typical,125,0.9,15848.9,96892.8,-51.9647
rff-mss-xtyp,ff,ss,typical,125,0.9,25118.9,77126.1,-39.2960
rff-mss-xtyp,ff,ss,typical,125,0.9,39810.7,67655.7,-28.1502
rff-mss-xtyp,ff,ss,typical,125,0.9,63095.7,63459.2,-20.1669
rff-mss-xtyp,ff,ss,typical,125,0.9,100000,61620.6,-15.5756
rff-mss-xtyp,ff,ss,typical,125,0.9,158489,60650.7,-14.0571
rff-mss-xtyp,ff,ss,typical,125,0.9,251189,59713.3,-15.4334
rff-mss-xtyp,ff,ss,typical,125,0.9,398107,58044.4,-19.8673
rff-mss-xtyp,ff,ss,typical,125,0.9,630957,54572.1,-27.6825
rff-mss-xtyp,ff,ss,typical,125,0.9,1e+06,48066.6,-38.6992
rff-mss-xtyp,ff,ss,typical,125,0.9,1.58489e+06,38454.5,-51.3521
rff-mss-xtyp,ff,ss,typical,125,0.9,2.51189e+06,27868.6,-63.0842
rff-mss-xtyp,ff,ss,typical,125,0.9,3.98107e+06,18820.9,-72.1952
rff-mss-xtyp,ff,ss,typical,125,0.9,6.30957e+06,12235.2,-78.5295
rff-mss-xtyp,ff,ss,typical,125,0.9,1e+07,7816.28,-82.6940
rff-mss-xtyp,ff,ss,typical,125,0.9,1.58489e+07,4956.63,-85.3628
rff-mss-xtyp,ff,ss,typical,125,0.9,2.51189e+07,3133.81,-87.0517
rff-mss-xtyp,ff,ss,typical,125,0.9,3.98107e+07,1979.01,-88.1098
rff-mss-xtyp,ff,ss,typical,125,0.9,6.30957e+07,1249.25,-88.7625
rff-mss-xtyp,ff,ss,typical,125,0.9,1e+08,788.586,-89.1533
rff-mss-xtyp,ff,ss,typical,125,1.35,100,1.18395e+07,-89.7021
rff-mss-xtyp,ff,ss,typical,125,1.35,158.489,7.47037e+06,-89.5363
rff-mss-xtyp,ff,ss,typical,125,1.35,251.189,4.71372e+06,-89.2704
rff-mss-xtyp,ff,ss,typical,125,1.35,398.107,2.97453e+06,-88.8472
rff-mss-xtyp,ff,ss,typical,125,1.35,630.957,1.87739e+06,-88.1754
rff-mss-xtyp,ff,ss,typical,125,1.35,1000,1.18549e+06,-87.1111
rff-mss-xtyp,ff,ss,typical,125,1.35,1584.89,749469,-85.4283
rff-mss-xtyp,ff,ss,typical,125,1.35,2511.89,475217,-82.7790
rff-mss-xtyp,ff,ss,typical,125,1.35,3981.07,303509,-78.6500
rff-mss-xtyp,ff,ss,typical,125,1.35,6309.57,197194,-72.3683
rff-mss-xtyp,ff,ss,typical,125,1.35,10000,133016,-63.3190
rff-mss-xtyp,ff,ss,typical,125,1.35,15848.9,96209.6,-51.6293
rff-mss-xtyp,ff,ss,typical,125,1.35,25118.9,76790.2,-38.9630
rff-mss-xtyp,ff,ss,typical,125,1.35,39810.7,67509.5,-27.8780
rff-mss-xtyp,ff,ss,typical,125,1.35,63095.7,63403.6,-19.9725
rff-mss-xtyp,ff,ss,typical,125,1.35,100000,61604.4,-15.4465
rff-mss-xtyp,ff,ss,typical,125,1.35,158489,60650.7,-13.9745
rff-mss-xtyp,ff,ss,typical,125,1.35,251189,59719.5,-15.3820
rff-mss-xtyp,ff,ss,typical,125,1.35,398107,58052.4,-19.8365
rff-mss-xtyp,ff,ss,typical,125,1.35,630957,54579.6,-27.6653
rff-mss-xtyp,ff,ss,typical,125,1.35,1e+06,48071.9,-38.6908
rff-mss-xtyp,ff,ss,typical,125,1.35,1.58489e+06,38457.2,-51.3487
rff-mss-xtyp,ff,ss,typical,125,1.35,2.51189e+06,27869.7,-63.0831
rff-mss-xtyp,ff,ss,typical,125,1.35,3.98107e+06,18821.2,-72.1949
rff-mss-xtyp,ff,ss,typical,125,1.35,6.30957e+06,12235.3,-78.5295
rff-mss-xtyp,ff,ss,typical,125,1.35,1e+07,7816.3,-82.6940
rff-mss-xtyp,ff,ss,typical,125,1.35,1.58489e+07,4956.64,-85.3628
rff-mss-xtyp,ff,ss,typical,125,1.35,2.51189e+07,3133.81,-87.0517
rff-mss-xtyp,ff,ss,typical,125,1.35,3.98107e+07,1979.01,-88.1098
rff-mss-xtyp,ff,ss,typical,125,1.35,6.30957e+07,1249.25,-88.7625
rff-mss-xtyp,ff,ss,typical,125,1.35,1e+08,788.586,-89.1533
rff-mss-xtyp,ff,ss,typical,125,1.8,100,1.18034e+07,-89.7012
rff-mss-xtyp,ff,ss,typical,125,1.8,158.489,7.44758e+06,-89.5349
rff-mss-xtyp,ff,ss,typical,125,1.8,251.189,4.69934e+06,-89.2682
rff-mss-xtyp,ff,ss,typical,125,1.8,398.107,2.96546e+06,-88.8435
rff-mss-xtyp,ff,ss,typical,125,1.8,630.957,1.87167e+06,-88.1696
rff-mss-xtyp,ff,ss,typical,125,1.8,1000,1.18188e+06,-87.1020
rff-mss-xtyp,ff,ss,typical,125,1.8,1584.89,747198,-85.4139
rff-mss-xtyp,ff,ss,typical,125,1.8,2511.89,473791,-82.7565
rff-mss-xtyp,ff,ss,typical,125,1.8,3981.07,302621,-78.6151
rff-mss-xtyp,ff,ss,typical,125,1.8,6309.57,196651,-72.3162
rff-mss-xtyp,ff,ss,typical,125,1.8,10000,132696,-63.2469
rff-mss-xtyp,ff,ss,typical,125,1.8,15848.9,96034.6,-51.5423
rff-mss-xtyp,ff,ss,typical,125,1.8,25118.9,76704.4,-38.8770
rff-mss-xtyp,ff,ss,typical,125,1.8,39810.7,67472.2,-27.8079
rff-mss-xtyp,ff,ss,typical,125,1.8,63095.7,63389.4,-19.9225
rff-mss-xtyp,ff,ss,typical,125,1.8,100000,61600.3,-15.4134
rff-mss-xtyp,ff,ss,typical,125,1.8,158489,60650.7,-13.9533
rff-mss-xtyp,ff,ss,typical,125,1.8,251189,59721.1,-15.3688
rff-mss-xtyp,ff,ss,typical,125,1.8,398107,58054.5,-19.8285
rff-mss-xtyp,ff,ss,typical,125,1.8,630957,54581.5,-27.6609
rff-mss-xtyp,ff,ss,typical,125,1.8,1e+06,48073.3,-38.6886
rff-mss-xtyp,ff,ss,typical,125,1.8,1.58489e+06,38457.9,-51.3479
rff-mss-xtyp,ff,ss,typical,125,1.8,2.51189e+06,27870,-63.0828
rff-mss-xtyp,ff,ss,typical,125,1.8,3.98107e+06,18821.3,-72.1948
rff-mss-xtyp,ff,ss,typical,125,1.8,6.30957e+06,12235.3,-78.5295
rff-mss-xtyp,ff,ss,typical,125,1.8,1e+07,7816.31,-82.6940
rff-mss-xtyp,ff,ss,typical,125,1.8,1.58489e+07,4956.64,-85.3628
rff-mss-xtyp,ff,ss,typical,125,1.8,2.51189e+07,3133.81,-87.0517
rff-mss-xtyp,ff,ss,typical,125,1.8,3.98107e+07,1979.01,-88.1098
rff-mss-xtyp,ff,ss,typical,125,1.8,6.30957e+07,1249.25,-88.7625
rff-mss-xtyp,ff,ss,typical,125,1.8,1e+08,788.586,-89.1533
rff-mss-xtyp,ff,ss,typical,125,2.25,100,1.17941e+07,-89.7010
rff-mss-xtyp,ff,ss,typical,125,2.25,158.489,7.44175e+06,-89.5345
rff-mss-xtyp,ff,ss,typical,125,2.25,251.189,4.69566e+06,-89.2676
rff-mss-xtyp,ff,ss,typical,125,2.25,398.107,2.96313e+06,-88.8426
rff-mss-xtyp,ff,ss,typical,125,2.25,630.957,1.8702e+06,-88.1682
rff-mss-xtyp,ff,ss,typical,125,2.25,1000,1.18096e+06,-87.0996
rff-mss-xtyp,ff,ss,typical,125,2.25,1584.89,746616,-85.4102
rff-mss-xtyp,ff,ss,typical,125,2.25,2511.89,473426,-82.7507
rff-mss-xtyp,ff,ss,typical,125,2.25,3981.07,302394,-78.6062
rff-mss-xtyp,ff,ss,typical,125,2.25,6309.57,196511,-72.3028
rff-mss-xtyp,ff,ss,typical,125,2.25,10000,132614,-63.2283
rff-mss-xtyp,ff,ss,typical,125,2.25,15848.9,95989.9,-51.5200
rff-mss-xtyp,ff,ss,typical,125,2.25,25118.9,76682.4,-38.8549
rff-mss-xtyp,ff,ss,typical,125,2.25,39810.7,67462.7,-27.7899
rff-mss-xtyp,ff,ss,typical,125,2.25,63095.7,63385.8,-19.9097
rff-mss-xtyp,ff,ss,typical,125,2.25,100000,61599.2,-15.4049
rff-mss-xtyp,ff,ss,typical,125,2.25,158489,60650.7,-13.9479
rff-mss-xtyp,ff,ss,typical,125,2.25,251189,59721.5,-15.3654
rff-mss-xtyp,ff,ss,typical,125,2.25,398107,58055,-19.8265
rff-mss-xtyp,ff,ss,typical,125,2.25,630957,54582,-27.6597
rff-mss-xtyp,ff,ss,typical,125,2.25,1e+06,48073.6,-38.6881
rff-mss-xtyp,ff,ss,typical,125,2.25,1.58489e+06,38458.1,-51.3476
rff-mss-xtyp,ff,ss,typical,125,2.25,2.51189e+06,27870,-63.0827
rff-mss-xtyp,ff,ss,typical,125,2.25,3.98107e+06,18821.3,-72.1948
rff-mss-xtyp,ff,ss,typical,125,2.25,6.30957e+06,12235.3,-78.5294
rff-mss-xtyp,ff,ss,typical,125,2.25,1e+07,7816.31,-82.6940
rff-mss-xtyp,ff,ss,typical,125,2.25,1.58489e+07,4956.64,-85.3628
rff-mss-xtyp,ff,ss,typical,125,2.25,2.51189e+07,3133.81,-87.0517
rff-mss-xtyp,ff,ss,typical,125,2.25,3.98107e+07,1979.01,-88.1098
rff-mss-xtyp,ff,ss,typical,125,2.25,6.30957e+07,1249.25,-88.7625
rff-mss-xtyp,ff,ss,typical,125,2.25,1e+08,788.586,-89.1533
rff-mss-xtyp,ff,ss,typical,125,2.7,100,1.17918e+07,-89.7009
rff-mss-xtyp,ff,ss,typical,125,2.7,158.489,7.44025e+06,-89.5344
rff-mss-xtyp,ff,ss,typical,125,2.7,251.189,4.69472e+06,-89.2674
rff-mss-xtyp,ff,ss,typical,125,2.7,398.107,2.96254e+06,-88.8424
rff-mss-xtyp,ff,ss,typical,125,2.7,630.957,1.86983e+06,-88.1678
rff-mss-xtyp,ff,ss,typical,125,2.7,1000,1.18072e+06,-87.0990
rff-mss-xtyp,ff,ss,typical,125,2.7,1584.89,746468,-85.4093
rff-mss-xtyp,ff,ss,typical,125,2.7,2511.89,473333,-82.7492
rff-mss-xtyp,ff,ss,typical,125,2.7,3981.07,302335,-78.6039
rff-mss-xtyp,ff,ss,typical,125,2.7,6309.57,196476,-72.2994
rff-mss-xtyp,ff,ss,typical,125,2.7,10000,132593,-63.2236
rff-mss-xtyp,ff,ss,typical,125,2.7,15848.9,95978.4,-51.5143
rff-mss-xtyp,ff,ss,typical,125,2.7,25118.9,76676.8,-38.8493
rff-mss-xtyp,ff,ss,typical,125,2.7,39810.7,67460.2,-27.7853
rff-mss-xtyp,ff,ss,typical,125,2.7,63095.7,63384.9,-19.9065
rff-mss-xtyp,ff,ss,typical,125,2.7,100000,61599,-15.4027
rff-mss-xtyp,ff,ss,typical,125,2.7,158489,60650.7,-13.9465
rff-mss-xtyp,ff,ss,typical,125,2.7,251189,59721.6,-15.3645
rff-mss-xtyp,ff,ss,typical,125,2.7,398107,58055.1,-19.8260
rff-mss-xtyp,ff,ss,typical,125,2.7,630957,54582.1,-27.6594
rff-mss-xtyp,ff,ss,typical,125,2.7,1e+06,48073.7,-38.6879
rff-mss-xtyp,ff,ss,typical,125,2.7,1.58489e+06,38458.2,-51.3476
rff-mss-xtyp,ff,ss,typical,125,2.7,2.51189e+06,27870,-63.0827
rff-mss-xtyp,ff,ss,typical,125,2.7,3.98107e+06,18821.3,-72.1948
rff-mss-xtyp,ff,ss,typical,125,2.7,6.30957e+06,12235.3,-78.5294
rff-mss-xtyp,ff,ss,typical,125,2.7,1e+07,7816.31,-82.6940
rff-mss-xtyp,ff,ss,typical,125,2.7,1.58489e+07,4956.64,-85.3628
rff-mss-xtyp,ff,ss,typical,125,2.7,2.51189e+07,3133.81,-87.0517
rff-mss-xtyp,ff,ss,typical,125,2.7,3.98107e+07,1979.01,-88.1098
rff-mss-xtyp,ff,ss,typical,125,2.7,6.30957e+07,1249.25,-88.7625
rff-mss-xtyp,ff,ss,typical,125,2.7,1e+08,788.586,-89.1533
rff-mtyp-xff,ff,typical,ff,-40,0.3,100,1.42202e+07,-89.7465
rff-mtyp-xff,ff,typical,ff,-40,0.3,158.489,8.97246e+06,-89.6084
rff-mtyp-xff,ff,typical,ff,-40,0.3,251.189,5.66144e+06,-89.3857
rff-mtyp-xff,ff,typical,ff,-40,0.3,398.107,3.57244e+06,-89.0305
rff-mtyp-xff,ff,typical,ff,-40,0.3,630.957,2.25456e+06,-88.4662
rff-mtyp-xff,ff,typical,ff,-40,0.3,1000,1.42333e+06,-87.5716
rff-mtyp-xff,ff,typical,ff,-40,0.3,1584.89,899315,-86.1559
rff-mtyp-xff,ff,typical,ff,-40,0.3,2511.89,569417,-83.9225
rff-mtyp-xff,ff,typical,ff,-40,0.3,3981.07,362408,-80.4249
rff-mtyp-xff,ff,typical,ff,-40,0.3,6309.57,233552,-75.0422
rff-mtyp-xff,ff,typical,ff,-40,0.3,10000,154838,-67.0886
rff-mtyp-xff,ff,typical,ff,-40,0.3,15848.9,108644,-56.3035
rff-mtyp-xff,ff,typical,ff,-40,0.3,25118.9,83411.4,-43.7399
rff-mtyp-xff,ff,typical,ff,-40,0.3,39810.7,70899.7,-31.8331
rff-mtyp-xff,ff,typical,ff,-40,0.3,63095.7,65226.1,-22.7194
rff-mtyp-xff,ff,typical,ff,-40,0.3,100000,62751.5,-17.0646
rff-mtyp-xff,ff,typical,ff,-40,0.3,158489,61553,-14.6536
rff-mtyp-xff,ff,typical,ff,-40,0.3,251189,60609.6,-15.2396
rff-mtyp-xff,ff,typical,ff,-40,0.3,398107,59132.2,-18.8909
rff-mtyp-xff,ff,typical,ff,-40,0.3,630957,56100.7,-25.9115
rff-mtyp-xff,ff,typical,ff,-40,0.3,1e+06,50231.5,-36.2901
rff-mtyp-xff,ff,typical,ff,-40,0.3,1.58489e+06,41055.7,-48.7745
rff-mtyp-xff,ff,typical,ff,-40,0.3,2.51189e+06,30319.8,-60.8705
rff-mtyp-xff,ff,typical,ff,-40,0.3,3.98107e+06,20717.1,-70.5681
rff-mtyp-xff,ff,typical,ff,-40,0.3,6.30957e+06,13545.8,-77.4308
rff-mtyp-xff,ff,typical,ff,-40,0.3,1e+07,8675.34,-81.9801
rff-mtyp-xff,ff,typical,ff,-40,0.3,1.58489e+07,5507.14,-84.9057
rff-mtyp-xff,ff,typical,ff,-40,0.3,2.51189e+07,3483.34,-86.7597
rff-mtyp-xff,ff,typical,ff,-40,0.3,3.98107e+07,2200.13,-87.9216
rff-mtyp-xff,ff,typical,ff,-40,0.3,6.30957e+07,1388.95,-88.6382
rff-mtyp-xff,ff,typical,ff,-40,0.3,1e+08,876.836,-89.0667
rff-mtyp-xff,ff,typical,ff,-40,0.9,100,1.31797e+07,-89.7275
rff-mtyp-xff,ff,typical,ff,-40,0.9,158.489,8.31596e+06,-89.5775
rff-mtyp-xff,ff,typical,ff,-40,0.9,251.189,5.24723e+06,-89.3362
rff-mtyp-xff,ff,typical,ff,-40,0.9,398.107,3.31112e+06,-88.9518
rff-mtyp-xff,ff,typical,ff,-40,0.9,630.957,2.08972e+06,-88.3414
rff-mtyp-xff,ff,typical,ff,-40,0.9,1000,1.31938e+06,-87.3739
rff-mtyp-xff,ff,typical,ff,-40,0.9,1584.89,833833,-85.8435
rff-mtyp-xff,ff,typical,ff,-40,0.9,2511.89,528261,-83.4311
rff-mtyp-xff,ff,typical,ff,-40,0.9,3981.07,336691,-79.6605
rff-mtyp-xff,ff,typical,ff,-40,0.9,6309.57,217703,-73.8847
rff-mtyp-xff,ff,typical,ff,-40,0.9,10000,145372,-65.4388
rff-mtyp-xff,ff,typical,ff,-40,0.9,15848.9,103334,-54.2167
rff-mtyp-xff,ff,typical,ff,-40,0.9,25118.9,80715.2,-41.5450
rff-mtyp-xff,ff,typical,ff,-40,0.9,39810.7,69686.4,-29.9479
rff-mtyp-xff,ff,typical,ff,-40,0.9,63095.7,64746.6,-21.3312
rff-mtyp-xff,ff,typical,ff,-40,0.9,100000,62597.8,-16.1285
rff-mtyp-xff,ff,typical,ff,-40,0.9,158489,61534.7,-14.0501
rff-mtyp-xff,ff,typical,ff,-40,0.9,251189,60644.7,-14.8613
rff-mtyp-xff,ff,typical,ff,-40,0.9,398107,59184.9,-18.6616
rff-mtyp-xff,ff,typical,ff,-40,0.9,630957,56152.7,-25.7810
rff-mtyp-xff,ff,typical,ff,-40,0.9,1e+06,50270.8,-36.2242
rff-mtyp-xff,ff,typical,ff,-40,0.9,1.58489e+06,41077.6,-48.7470
rff-mtyp-xff,ff,typical,ff,-40,0.9,2.51189e+06,30328.7,-60.8612
rff-mtyp-xff,ff,typical,ff,-40,0.9,3.98107e+06,20720,-70.5656
rff-mtyp-xff,ff,typical,ff,-40,0.9,6.30957e+06,13546.6,-77.4302
rff-mtyp-xff,ff,typical,ff,-40,0.9,1e+07,8675.55,-81.9800
rff-mtyp-xff,ff,typical,ff,-40,0.9,1.58489e+07,5507.19,-84.9058
rff-mtyp-xff,ff,typical,ff,-40,0.9,2.51189e+07,3483.35,-86.7597
rff-mtyp-xff,ff,typical,ff,-40,0.9,3.98107e+07,2200.13,-87.9216
rff-mtyp-xff,ff,typical,ff,-40,0.9,6.30957e+07,1388.95,-88.6382
rff-mtyp-xff,ff,typical,ff,-40,0.9,1e+08,876.837,-89.0667
rff-mtyp-xff,ff,typical,ff,-40,1.35,100,1.3025e+07,-89.7244
rff-mtyp-xff,ff,typical,ff,-40,1.35,158.489,8.21838e+06,-89.5724
rff-mtyp-xff,ff,typical,ff,-40,1.35,251.189,5.18567e+06,-89.3282
rff-mtyp-xff,ff,typical,ff,-40,1.35,398.107,3.27228e+06,-88.9390
rff-mtyp-xff,ff,typical,ff,-40,1.35,630.957,2.06522e+06,-88.3211
rff-mtyp-xff,ff,typical,ff,-40,1.35,1000,1.30393e+06,-87.3418
rff-mtyp-xff,ff,typical,ff,-40,1.35,1584.89,824103,-85.7928
rff-mtyp-xff,ff,typical,ff,-40,1.35,2511.89,522148,-83.3514
rff-mtyp-xff,ff,typical,ff,-40,1.35,3981.07,332874,-79.5368
rff-mtyp-xff,ff,typical,ff,-40,1.35,6309.57,215356,-73.6982
rff-mtyp-xff,ff,typical,ff,-40,1.35,10000,143976,-65.1752
rff-mtyp-xff,ff,typical,ff,-40,1.35,15848.9,102557,-53.8882
rff-mtyp-xff,ff,typical,ff,-40,1.35,25118.9,80324.9,-41.2063
rff-mtyp-xff,ff,typical,ff,-40,1.35,39810.7,69512.6,-29.6622
rff-mtyp-xff,ff,typical,ff,-40,1.35,63095.7,64678.6,-21.1231
rff-mtyp-xff,ff,typical,ff,-40,1.35,100000,62576.3,-15.9890
rff-mtyp-xff,ff,typical,ff,-40,1.35,158489,61532.6,-13.9604
rff-mtyp-xff,ff,typical,ff,-40,1.35,251189,60650.2,-14.8052
rff-mtyp-xff,ff,typical,ff,-40,1.35,398107,59192.8,-18.6276
rff-mtyp-xff,ff,typical,ff,-40,1.35,630957,56160.5,-25.7616
rff-mtyp-xff,ff,typical,ff,-40,1.35,1e+06,50276.6,-36.2144
rff-mtyp-xff,ff,typical,ff,-40,1.35,1.58489e+06,41080.9,-48.7429
rff-mtyp-xff,ff,typical,ff,-40,1.35,2.51189e+06,30330,-60.8598
rff-mtyp-xff,ff,typical,ff,-40,1.35,3.98107e+06,20720.4,-70.5652
rff-mtyp-xff,ff,typical,ff,-40,1.35,6.30957e+06,13546.7,-77.4301
rff-mtyp-xff,ff,typical,ff,-40,1.35,1e+07,8675.58,-81.9800
rff-mtyp-xff,ff,typical,ff,-40,1.35,1.58489e+07,5507.2,-84.9058
rff-mtyp-xff,ff,typical,ff,-40,1.35,2.51189e+07,3483.35,-86.7597
rff-mtyp-xff,ff,typical,ff,-40,1.35,3.98107e+07,2200.13,-87.9216
rff-mtyp-xff,ff,typical,ff,-40,1.35,6.30957e+07,1388.95,-88.6382
rff-mtyp-xff,ff,typical,ff,-40,1.35,1e+08,876.837,-89.0667
rff-mtyp-xff,ff,typical,ff,-40,1.8,100,1.29853e+07,-89.7236
rff-mtyp-xff,ff,typical,ff,-40,1.8,158.489,8.19331e+06,-89.5711
rff-mtyp-xff,ff,typical,ff,-40,1.8,251.189,5.16985e+06,-89.3261
rff-mtyp-xff,ff,typical,ff,-40,1.8,398.107,3.2623e+06,-88.9357
rff-mtyp-xff,ff,typical,ff,-40,1.8,630.957,2.05892e+06,-88.3159
rff-mtyp-xff,ff,typical,ff,-40,1.8,1000,1.29996e+06,-87.3335
rff-mtyp-xff,ff,typical,ff,-40,1.8,1584.89,821602,-85.7796
rff-mtyp-xff,ff,typical,ff,-40,1.8,2511.89,520577,-83.3307
rff-mtyp-xff,ff,typical,ff,-40,1.8,3981.07,331894,-79.5045
rff-mtyp-xff,ff,typical,ff,-40,1.8,6309.57,214753,-73.6496
rff-mtyp-xff,ff,typical,ff,-40,1.8,10000,143618,-65.1066
rff-mtyp-xff,ff,typical,ff,-40,1.8,15848.9,102358,-53.8029
rff-mtyp-xff,ff,typical,ff,-40,1.8,25118.9,80225.1,-41.1188
rff-mtyp-xff,ff,typical,ff,-40,1.8,39810.7,69468.2,-29.5885
rff-mtyp-xff,ff,typical,ff,-40,1.8,63095.7,64661.3,-21.0696
rff-mtyp-xff,ff,typical,ff,-40,1.8,100000,62570.9,-15.9532
rff-mtyp-xff,ff,typical,ff,-40,1.8,158489,61532.1,-13.9373
rff-mtyp-xff,ff,typical,ff,-40,1.8,251189,60651.6,-14.7907
rff-mtyp-xff,ff,typical,ff,-40,1.8,398107,59194.9,-18.6188
rff-mtyp-xff,ff,typical,ff,-40,1.8,630957,56162.5,-25.7567
rff-mtyp-xff,ff,typical,ff,-40,1.8,1e+06,50278.1,-36.2119
rff-mtyp-xff,ff,typical,ff,-40,1.8,1.58489e+06,41081.7,-48.7418
rff-mtyp-xff,ff,typical,ff,-40,1.8,2.51189e+06,30330.3,-60.8595
rff-mtyp-xff,ff,typical,ff,-40,1.8,3.98107e+06,20720.5,-70.5651
rff-mtyp-xff,ff,typical,ff,-40,1.8,6.30957e+06,13546.7,-77.4301
rff-mtyp-xff,ff,typical,ff,-40,1.8,1e+07,8675.59,-81.9800
rff-mtyp-xff,ff,typical,ff,-40,1.8,1.58489e+07,5507.2,-84.9058
rff-mtyp-xff,ff,typical,ff,-40,1.8,2.51189e+07,3483.36,-86.7597
rff-mtyp-xff,ff,typical,ff,-40,1.8,3.98107e+07,2200.13,-87.9216
rff-mtyp-xff,ff,typical,ff,-40,1.8,6.30957e+07,1388.95,-88.6382
rff-mtyp-xff,ff,typical,ff,-40,1.8,1e+08,876.837,-89.0667
rff-mtyp-xff,ff,typical,ff,-40,2.25,100,1.29751e+07,-89.7234
rff-mtyp-xff,ff,typical,ff,-40,2.25,158.489,8.18689e+06,-89.5708
rff-mtyp-xff,ff,typical,ff,-40,2.25,251.189,5.1658e+06,-89.3256
rff-mtyp-xff,ff,typical,ff,-40,2.25,398.107,3.25975e+06,-88.9349
rff-mtyp-xff,ff,typical,ff,-40,2.25,630.957,2.05731e+06,-88.3145
rff-mtyp-xff,ff,typical,ff,-40,2.25,1000,1.29895e+06,-87.3313
rff-mtyp-xff,ff,typical,ff,-40,2.25,1584.89,820962,-85.7762
rff-mtyp-xff,ff,typical,ff,-40,2.25,2511.89,520175,-83.3253
rff-mtyp-xff,ff,typical,ff,-40,2.25,3981.07,331642,-79.4962
rff-mtyp-xff,ff,typical,ff,-40,2.25,6309.57,214599,-73.6371
rff-mtyp-xff,ff,typical,ff,-40,2.25,10000,143526,-65.0890
rff-mtyp-xff,ff,typical,ff,-40,2.25,15848.9,102307,-53.7811
rff-mtyp-xff,ff,typical,ff,-40,2.25,25118.9,80199.6,-41.0963
rff-mtyp-xff,ff,typical,ff,-40,2.25,39810.7,69456.9,-29.5697
rff-mtyp-xff,ff,typical,ff,-40,2.25,63095.7,64656.8,-21.0559
rff-mtyp-xff,ff,typical,ff,-40,2.25,100000,62569.5,-15.9440
rff-mtyp-xff,ff,typical,ff,-40,2.25,158489,61531.9,-13.9314
rff-mtyp-xff,ff,typical,ff,-40,2.25,251189,60652,-14.7870
rff-mtyp-xff,ff,typical,ff,-40,2.25,398107,59195.4,-18.6166
rff-mtyp-xff,ff,typical,ff,-40,2.25,630957,56163,-25.7554
rff-mtyp-xff,ff,typical,ff,-40,2.25,1e+06,50278.5,-36.2113
rff-mtyp-xff,ff,typical,ff,-40,2.25,1.58489e+06,41081.9,-48.7416
rff-mtyp-xff,ff,typical,ff,-40,2.25,2.51189e+06,30330.4,-60.8594
rff-mtyp-xff,ff,typical,ff,-40,2.25,3.98107e+06,20720.5,-70.5651
rff-mtyp-xff,ff,typical,ff,-40,2.25,6.30957e+06,13546.7,-77.4301
rff-mtyp-xff,ff,typical,ff,-40,2.25,1e+07,8675.59,-81.9800
rff-mtyp-xff,ff,typical,ff,-40,2.25,1.58489e+07,5507.2,-84.9058
rff-mtyp-xff,ff,typical,ff,-40,2.25,2.51189e+07,3483.36,-86.7597
rff-mtyp-xff,ff,typical,ff,-40,2.25,3.98107e+07,2200.13,-87.9216
rff-mtyp-xff,ff,typical,ff,-40,2.25,6.30957e+07,1388.95,-88.6382
rff-mtyp-xff,ff,typical,ff,-40,2.25,1e+08,876.837,-89.0667
rff-mtyp-xff,ff,typical,ff,-40,2.7,100,1.29725e+07,-89.7233
rff-mtyp-xff,ff,typical,ff,-40,2.7,158.489,8.18525e+06,-89.5707
rff-mtyp-xff,ff,typical,ff,-40,2.7,251.189,5.16476e+06,-89.3254
rff-mtyp-xff,ff,typical,ff,-40,2.7,398.107,3.25909e+06,-88.9346
rff-mtyp-xff,ff,typical,ff,-40,2.7,630.957,2.0569e+06,-88.3141
rff-mtyp-xff,ff,typical,ff,-40,2.7,1000,1.29869e+06,-87.3308
rff-mtyp-xff,ff,typical,ff,-40,2.7,1584.89,820799,-85.7753
rff-mtyp-xff,ff,typical,ff,-40,2.7,2511.89,520072,-83.3240
rff-mtyp-xff,ff,typical,ff,-40,2.7,3981.07,331578,-79.4941
rff-mtyp-xff,ff,typical,ff,-40,2.7,6309.57,214559,-73.6339
rff-mtyp-xff,ff,typical,ff,-40,2.7,10000,143503,-65.0845
rff-mtyp-xff,ff,typical,ff,-40,2.7,15848.9,102294,-53.7755
rff-mtyp-xff,ff,typical,ff,-40,2.7,25118.9,80193,-41.0906
rff-mtyp-xff,ff,typical,ff,-40,2.7,39810.7,69454,-29.5648
rff-mtyp-xff,ff,typical,ff,-40,2.7,63095.7,64655.7,-21.0524
rff-mtyp-xff,ff,typical,ff,-40,2.7,100000,62569.2,-15.9416
rff-mtyp-xff,ff,typical,ff,-40,2.7,158489,61531.9,-13.9299
rff-mtyp-xff,ff,typical,ff,-40,2.7,251189,60652.1,-14.7861
rff-mtyp-xff,ff,typical,ff,-40,2.7,398107,59195.5,-18.6160
rff-mtyp-xff,ff,typical,ff,-40,2.7,630957,56163.1,-25.7551
rff-mtyp-xff,ff,typical,ff,-40,2.7,1e+06,50278.6,-36.2111
rff-mtyp-xff,ff,typical,ff,-40,2.7,1.58489e+06,41082,-48.7415
rff-mtyp-xff,ff,typical,ff,-40,2.7,2.51189e+06,30330.4,-60.8594
rff-mtyp-xff,ff,typical,ff,-40,2.7,3.98107e+06,20720.5,-70.5650
rff-mtyp-xff,ff,typical,ff,-40,2.7,6.30957e+06,13546.7,-77.4301
rff-mtyp-xff,ff,typical,ff,-40,2.7,1e+07,8675.59,-81.9800
rff-mtyp-xff,ff,typical,ff,-40,2.7,1.58489e+07,5507.2,-84.9058
rff-mtyp-xff,ff,typical,ff,-40,2.7,2.51189e+07,3483.36,-86.7597
rff-mtyp-xff,ff,typical,ff,-40,2.7,3.98107e+07,2200.13,-87.9216
rff-mtyp-xff,ff,typical,ff,-40,2.7,6.30957e+07,1388.95,-88.6382
rff-mtyp-xff,ff,typical,ff,-40,2.7,1e+08,876.837,-89.0667
rff-mtyp-xff,ff,typical,ff,27,0.3,100,1.42199e+07,-89.7488
rff-mtyp-xff,ff,typical,ff,27,0.3,158.489,8.97229e+06,-89.6119
rff-mtyp-xff,ff,typical,ff,27,0.3,251.189,5.66133e+06,-89.3914
rff-mtyp-xff,ff,typical,ff,27,0.3,398.107,3.57237e+06,-89.0395
rff-mtyp-xff,ff,typical,ff,27,0.3,630.957,2.2545e+06,-88.4804
rff-mtyp-xff,ff,typical,ff,27,0.3,1000,1.42327e+06,-87.5941
rff-mtyp-xff,ff,typical,ff,27,0.3,1584.89,899259,-86.1914
rff-mtyp-xff,ff,typical,ff,27,0.3,2511.89,569345,-83.9785
rff-mtyp-xff,ff,typical,ff,27,0.3,3981.07,362306,-80.5121
rff-mtyp-xff,ff,typical,ff,27,0.3,6309.57,233399,-75.1747
rff-mtyp-xff,ff,typical,ff,27,0.3,10000,154611,-67.2786
rff-mtyp-xff,ff,typical,ff,27,0.3,15848.9,108322,-56.5465
rff-mtyp-xff,ff,typical,ff,27,0.3,25118.9,82993.7,-43.9978
rff-mtyp-xff,ff,typical,ff,27,0.3,39810.7,70408.7,-32.0529
rff-mtyp-xff,ff,typical,ff,27,0.3,63095.7,64693.5,-22.8725
rff-mtyp-xff,ff,typical,ff,27,0.3,100000,62200.9,-17.1503
rff-mtyp-xff,ff,typical,ff,27,0.3,158489,60999.2,-14.6796
rff-mtyp-xff,ff,typical,ff,27,0.3,251189,60065.8,-15.2096
rff-mtyp-xff,ff,typical,ff,27,0.3,398107,58618.8,-18.8020
rff-mtyp-xff,ff,typical,ff,27,0.3,630957,55653.5,-25.7595
rff-mtyp-xff,ff,typical,ff,27,0.3,1e+06,49897.5,-36.0839
rff-mtyp-xff,ff,typical,ff,27,0.3,1.58489e+06,40856.6,-48.5504
rff-mtyp-xff,ff,typical,ff,27,0.3,2.51189e+06,30222.9,-60.6746
rff-mtyp-xff,ff,typical,ff,27,0.3,3.98107e+06,20673,-70.4225
rff-mtyp-xff,ff,typical,ff,27,0.3,6.30957e+06,13524.2,-77.3320
rff-mtyp-xff,ff,typical,ff,27,0.3,1e+07,8663.55,-81.9159
rff-mtyp-xff,ff,typical,ff,27,0.3,1.58489e+07,5500.19,-84.8649
rff-mtyp-xff,ff,typical,ff,27,0.3,2.51189e+07,3479.08,-86.7339
rff-mtyp-xff,ff,typical,ff,27,0.3,3.98107e+07,2197.47,-87.9057
rff-mtyp-xff,ff,typical,ff,27,0.3,6.30957e+07,1387.28,-88.6286
rff-mtyp-xff,ff,typical,ff,27,0.3,1e+08,875.776,-89.0613
rff-mtyp-xff,ff,typical,ff,27,0.9,100,1.31795e+07,-89.7299
rff-mtyp-xff,ff,typical,ff,27,0.9,158.489,8.31581e+06,-89.5813
rff-mtyp-xff,ff,typical,ff,27,0.9,251.189,5.24713e+06,-89.3424
rff-mtyp-xff,ff,typical,ff,27,0.9,398.107,3.31105e+06,-88.9615
rff-mtyp-xff,ff,typical,ff,27,0.9,630.957,2.08966e+06,-88.3568
rff-mtyp-xff,ff,typical,ff,27,0.9,1000,1.31933e+06,-87.3983
rff-mtyp-xff,ff,typical,ff,27,0.9,1584.89,833777,-85.8819
rff-mtyp-xff,ff,typical,ff,27,0.9,2511.89,528186,-83.4916
rff-mtyp-xff,ff,typical,ff,27,0.9,3981.07,336582,-79.7544
rff-mtyp-xff,ff,typical,ff,27,0.9,6309.57,217540,-74.0264
rff-mtyp-xff,ff,typical,ff,27,0.9,10000,145130,-65.6392
rff-mtyp-xff,ff,typical,ff,27,0.9,15848.9,102995,-54.4661
rff-mtyp-xff,ff,typical,ff,27,0.9,25118.9,80282.6,-41.8006
rff-mtyp-xff,ff,typical,ff,27,0.9,39810.7,69185.7,-30.1586
rff-mtyp-xff,ff,typical,ff,27,0.9,63095.7,64208.8,-21.4741
rff-mtyp-xff,ff,typical,ff,27,0.9,100000,62044.5,-16.2062
rff-mtyp-xff,ff,typical,ff,27,0.9,158489,60979.5,-14.0706
rff-mtyp-xff,ff,typical,ff,27,0.9,251189,60100.1,-14.8277
rff-mtyp-xff,ff,typical,ff,27,0.9,398107,58670.9,-18.5703
rff-mtyp-xff,ff,typical,ff,27,0.9,630957,55705.2,-25.6274
rff-mtyp-xff,ff,typical,ff,27,0.9,1e+06,49936.8,-36.0170
rff-mtyp-xff,ff,typical,ff,27,0.9,1.58489e+06,40878.6,-48.5223
rff-mtyp-xff,ff,typical,ff,27,0.9,2.51189e+06,30231.9,-60.6651
rff-mtyp-xff,ff,typical,ff,27,0.9,3.98107e+06,20675.9,-70.4199
rff-mtyp-xff,ff,typical,ff,27,0.9,6.30957e+06,13525,-77.3314
rff-mtyp-xff,ff,typical,ff,27,0.9,1e+07,8663.76,-81.9158
rff-mtyp-xff,ff,typical,ff,27,0.9,1.58489e+07,5500.24,-84.8649
rff-mtyp-xff,ff,typical,ff,27,0.9,2.51189e+07,3479.09,-86.7340
rff-mtyp-xff,ff,typical,ff,27,0.9,3.98107e+07,2197.47,-87.9057
rff-mtyp-xff,ff,typical,ff,27,0.9,6.30957e+07,1387.28,-88.6286
rff-mtyp-xff,ff,typical,ff,27,0.9,1e+08,875.776,-89.0613
rff-mtyp-xff,ff,typical,ff,27,1.35,100,1.30248e+07,-89.7269
rff-mtyp-xff,ff,typical,ff,27,1.35,158.489,8.21823e+06,-89.5763
rff-mtyp-xff,ff,typical,ff,27,1.35,251.189,5.18557e+06,-89.3344
rff-mtyp-xff,ff,typical,ff,27,1.35,398.107,3.27221e+06,-88.9489
rff-mtyp-xff,ff,typical,ff,27,1.35,630.957,2.06517e+06,-88.3367
rff-mtyp-xff,ff,typical,ff,27,1.35,1000,1.30388e+06,-87.3665
rff-mtyp-xff,ff,typical,ff,27,1.35,1584.89,824046,-85.8317
rff-mtyp-xff,ff,typical,ff,27,1.35,2511.89,522072,-83.4126
rff-mtyp-xff,ff,typical,ff,27,1.35,3981.07,332764,-79.6317
rff-mtyp-xff,ff,typical,ff,27,1.35,6309.57,215191,-73.8413
rff-mtyp-xff,ff,typical,ff,27,1.35,10000,143732,-65.3771
rff-mtyp-xff,ff,typical,ff,27,1.35,15848.9,102216,-54.1385
rff-mtyp-xff,ff,typical,ff,27,1.35,25118.9,79890.1,-41.4615
rff-mtyp-xff,ff,typical,ff,27,1.35,39810.7,69010.5,-29.8714
rff-mtyp-xff,ff,typical,ff,27,1.35,63095.7,64140.1,-21.2645
rff-mtyp-xff,ff,typical,ff,27,1.35,100000,62022.7,-16.0655
rff-mtyp-xff,ff,typical,ff,27,1.35,158489,60977.1,-13.9800
rff-mtyp-xff,ff,typical,ff,27,1.35,251189,60105.4,-14.7709
rff-mtyp-xff,ff,typical,ff,27,1.35,398107,58678.8,-18.5359
rff-mtyp-xff,ff,typical,ff,27,1.35,630957,55712.9,-25.6078
rff-mtyp-xff,ff,typical,ff,27,1.35,1e+06,49942.6,-36.0071
rff-mtyp-xff,ff,typical,ff,27,1.35,1.58489e+06,40881.8,-48.5182
rff-mtyp-xff,ff,typical,ff,27,1.35,2.51189e+06,30233.2,-60.6637
rff-mtyp-xff,ff,typical,ff,27,1.35,3.98107e+06,20676.3,-70.4195
rff-mtyp-xff,ff,typical,ff,27,1.35,6.30957e+06,13525.1,-77.3313
rff-mtyp-xff,ff,typical,ff,27,1.35,1e+07,8663.79,-81.9158
rff-mtyp-xff,ff,typical,ff,27,1.35,1.58489e+07,5500.25,-84.8649
rff-mtyp-xff,ff,typical,ff,27,1.35,2.51189e+07,3479.1,-86.7340
rff-mtyp-xff,ff,typical,ff,27,1.35,3.98107e+07,2197.47,-87.9057
rff-mtyp-xff,ff,typical,ff,27,1.35,6.30957e+07,1387.28,-88.6286
rff-mtyp-xff,ff,typical,ff,27,1.35,1e+08,875.777,-89.0613
rff-mtyp-xff,ff,typical,ff,27,1.8,100,1.29851e+07,-89.7261
rff-mtyp-xff,ff,typical,ff,27,1.8,158.489,8.19316e+06,-89.5751
rff-mtyp-xff,ff,typical,ff,27,1.8,251.189,5.16975e+06,-89.3323
rff-mtyp-xff,ff,typical,ff,27,1.8,398.107,3.26223e+06,-88.9456
rff-mtyp-xff,ff,typical,ff,27,1.8,630.957,2.05887e+06,-88.3315
rff-mtyp-xff,ff,typical,ff,27,1.8,1000,1.29991e+06,-87.3582
rff-mtyp-xff,ff,typical,ff,27,1.8,1584.89,821546,-85.8186
rff-mtyp-xff,ff,typical,ff,27,1.8,2511.89,520501,-83.3920
rff-mtyp-xff,ff,typical,ff,27,1.8,3981.07,331783,-79.5998
rff-mtyp-xff,ff,typical,ff,27,1.8,6309.57,214587,-73.7931
rff-mtyp-xff,ff,typical,ff,27,1.8,10000,143373,-65.3089
rff-mtyp-xff,ff,typical,ff,27,1.8,15848.9,102016,-54.0535
rff-mtyp-xff,ff,typical,ff,27,1.8,25118.9,79789.7,-41.3738
rff-mtyp-xff,ff,typical,ff,27,1.8,39810.7,68965.8,-29.7973
rff-mtyp-xff,ff,typical,ff,27,1.8,63095.7,64122.6,-21.2106
rff-mtyp-xff,ff,typical,ff,27,1.8,100000,62017.2,-16.0293
rff-mtyp-xff,ff,typical,ff,27,1.8,158489,60976.6,-13.9567
rff-mtyp-xff,ff,typical,ff,27,1.8,251189,60106.8,-14.7563
rff-mtyp-xff,ff,typical,ff,27,1.8,398107,58680.8,-18.5271
rff-mtyp-xff,ff,typical,ff,27,1.8,630957,55714.9,-25.6028
rff-mtyp-xff,ff,typical,ff,27,1.8,1e+06,49944.1,-36.0046
rff-mtyp-xff,ff,typical,ff,27,1.8,1.58489e+06,40882.7,-48.5171
rff-mtyp-xff,ff,typical,ff,27,1.8,2.51189e+06,30233.6,-60.6634
rff-mtyp-xff,ff,typical,ff,27,1.8,3.98107e+06,20676.4,-70.4194
rff-mtyp-xff,ff,typical,ff,27,1.8,6.30957e+06,13525.1,-77.3313
rff-mtyp-xff,ff,typical,ff,27,1.8,1e+07,8663.8,-81.9158
rff-mtyp-xff,ff,typical,ff,27,1.8,1.58489e+07,5500.26,-84.8649
rff-mtyp-xff,ff,typical,ff,27,1.8,2.51189e+07,3479.1,-86.7340
rff-mtyp-xff,ff,typical,ff,27,1.8,3.98107e+07,2197.47,-87.9057
rff-mtyp-xff,ff,typical,ff,27,1.8,6.30957e+07,1387.28,-88.6286
rff-mtyp-xff,ff,typical,ff,27,1.8,1e+08,875.777,-89.0613
rff-mtyp-xff,ff,typical,ff,27,2.25,100,1.29749e+07,-89.7258
rff-mtyp-xff,ff,typical,ff,27,2.25,158.489,8.18674e+06,-89.5747
rff-mtyp-xff,ff,typical,ff,27,2.25,251.189,5.1657e+06,-89.3318
rff-mtyp-xff,ff,typical,ff,27,2.25,398.107,3.25968e+06,-88.9447
rff-mtyp-xff,ff,typical,ff,27,2.25,630.957,2.05726e+06,-88.3301
rff-mtyp-xff,ff,typical,ff,27,2.25,1000,1.2989e+06,-87.3561
rff-mtyp-xff,ff,typical,ff,27,2.25,1584.89,820905,-85.8153
rff-mtyp-xff,ff,typical,ff,27,2.25,2511.89,520099,-83.3867
rff-mtyp-xff,ff,typical,ff,27,2.25,3981.07,331532,-79.5916
rff-mtyp-xff,ff,typical,ff,27,2.25,6309.57,214433,-73.7807
rff-mtyp-xff,ff,typical,ff,27,2.25,10000,143282,-65.2914
rff-mtyp-xff,ff,typical,ff,27,2.25,15848.9,101965,-54.0317
rff-mtyp-xff,ff,typical,ff,27,2.25,25118.9,79764,-41.3513
rff-mtyp-xff,ff,typical,ff,27,2.25,39810.7,68954.4,-29.7784
rff-mtyp-xff,ff,typical,ff,27,2.25,63095.7,64118.1,-21.1968
rff-mtyp-xff,ff,typical,ff,27,2.25,100000,62015.7,-16.0201
rff-mtyp-xff,ff,typical,ff,27,2.25,158489,60976.4,-13.9508
rff-mtyp-xff,ff,typical,ff,27,2.25,251189,60107.2,-14.7526
rff-mtyp-xff,ff,typical,ff,27,2.25,398107,58681.3,-18.5248
rff-mtyp-xff,ff,typical,ff,27,2.25,630957,55715.4,-25.6015
rff-mtyp-xff,ff,typical,ff,27,2.25,1e+06,49944.5,-36.0039
rff-mtyp-xff,ff,typical,ff,27,2.25,1.58489e+06,40882.9,-48.5168
rff-mtyp-xff,ff,typical,ff,27,2.25,2.51189e+06,30233.6,-60.6633
rff-mtyp-xff,ff,typical,ff,27,2.25,3.98107e+06,20676.4,-70.4194
rff-mtyp-xff,ff,typical,ff,27,2.25,6.30957e+06,13525.1,-77.3313
rff-mtyp-xff,ff,typical,ff,27,2.25,1e+07,8663.8,-81.9158
rff-mtyp-xff,ff,typical,ff,27,2.25,1.58489e+07,5500.26,-84.8649
rff-mtyp-xff,ff,typical,ff,27,2.25,2.51189e+07,3479.1,-86.7340
rff-mtyp-xff,ff,typical,ff,27,2.25,3.98107e+07,2197.47,-87.9057
rff-mtyp-xff,ff,typical,ff,27,2.25,6.30957e+07,1387.28,-88.6286
rff-mtyp-xff,ff,typical,ff,27,2.25,1e+08,875.777,-89.0613
rff-mtyp-xff,ff,typical,ff,27,2.7,100,1.29723e+07,-89.7258
rff-mtyp-xff,ff,typical,ff,27,2.7,158.489,8.1851e+06,-89.5746
rff-mtyp-xff,ff,typical,ff,27,2.7,251.189,5.16466e+06,-89.3317
rff-mtyp-xff,ff,typical,ff,27,2.7,398.107,3.25902e+06,-88.9445
rff-mtyp-xff,ff,typical,ff,27,2.7,630.957,2.05685e+06,-88.3298
rff-mtyp-xff,ff,typical,ff,27,2.7,1000,1.29864e+06,-87.3555
rff-mtyp-xff,ff,typical,ff,27,2.7,1584.89,820742,-85.8144
rff-mtyp-xff,ff,typical,ff,27,2.7,2511.89,519996,-83.3854
rff-mtyp-xff,ff,typical,ff,27,2.7,3981.07,331468,-79.5895
rff-mtyp-xff,ff,typical,ff,27,2.7,6309.57,214393,-73.7775
rff-mtyp-xff,ff,typical,ff,27,2.7,10000,143258,-65.2869
rff-mtyp-xff,ff,typical,ff,27,2.7,15848.9,101952,-54.0261
rff-mtyp-xff,ff,typical,ff,27,2.7,25118.9,79757.5,-41.3455
rff-mtyp-xff,ff,typical,ff,27,2.7,39810.7,68951.5,-29.7735
rff-mtyp-xff,ff,typical,ff,27,2.7,63095.7,64116.9,-21.1933
rff-mtyp-xff,ff,typical,ff,27,2.7,100000,62015.4,-16.0177
rff-mtyp-xff,ff,typical,ff,27,2.7,158489,60976.4,-13.9492
rff-mtyp-xff,ff,typical,ff,27,2.7,251189,60107.2,-14.7517
rff-mtyp-xff,ff,typical,ff,27,2.7,398107,58681.4,-18.5242
rff-mtyp-xff,ff,typical,ff,27,2.7,630957,55715.5,-25.6012
rff-mtyp-xff,ff,typical,ff,27,2.7,1e+06,49944.6,-36.0037
rff-mtyp-xff,ff,typical,ff,27,2.7,1.58489e+06,40883,-48.5168
rff-mtyp-xff,ff,typical,ff,27,2.7,2.51189e+06,30233.7,-60.6632
rff-mtyp-xff,ff,typical,ff,27,2.7,3.98107e+06,20676.4,-70.4193
rff-mtyp-xff,ff,typical,ff,27,2.7,6.30957e+06,13525.1,-77.3313
rff-mtyp-xff,ff,typical,ff,27,2.7,1e+07,8663.8,-81.9158
rff-mtyp-xff,ff,typical,ff,27,2.7,1.58489e+07,5500.26,-84.8649
rff-mtyp-xff,ff,typical,ff,27,2.7,2.51189e+07,3479.1,-86.7340
rff-mtyp-xff,ff,typical,ff,27,2.7,3.98107e+07,2197.47,-87.9057
rff-mtyp-xff,ff,typical,ff,27,2.7,6.30957e+07,1387.28,-88.6286
rff-mtyp-xff,ff,typical,ff,27,2.7,1e+08,875.777,-89.0613
rff-mtyp-xff,ff,typical,ff,125,0.3,100,1.42197e+07,-89.7493
rff-mtyp-xff,ff,typical,ff,125,0.3,158.489,8.97216e+06,-89.6128
rff-mtyp-xff,ff,typical,ff,125,0.3,251.189,5.66124e+06,-89.3928
rff-mtyp-xff,ff,typical,ff,125,0.3,398.107,3.57231e+06,-89.0417
rff-mtyp-xff,ff,typical,ff,125,0.3,630.957,2.25447e+06,-88.4840
rff-mtyp-xff,ff,typical,ff,125,0.3,1000,1.42325e+06,-87.5998
rff-mtyp-xff,ff,typical,ff,125,0.3,1584.89,899237,-86.2005
rff-mtyp-xff,ff,typical,ff,125,0.3,2511.89,569322,-83.9927
rff-mtyp-xff,ff,typical,ff,125,0.3,3981.07,362277,-80.5342
rff-mtyp-xff,ff,typical,ff,125,0.3,6309.57,233359,-75.2083
rff-mtyp-xff,ff,typical,ff,125,0.3,10000,154552,-67.3268
rff-mtyp-xff,ff,typical,ff,125,0.3,15848.9,108241,-56.6083
rff-mtyp-xff,ff,typical,ff,125,0.3,25118.9,82888,-44.0638
rff-mtyp-xff,ff,typical,ff,125,0.3,39810.7,70284.5,-32.1097
rff-mtyp-xff,ff,typical,ff,125,0.3,63095.7,64558.8,-22.9128
rff-mtyp-xff,ff,typical,ff,125,0.3,100000,62061.4,-17.1744
rff-mtyp-xff,ff,typical,ff,125,0.3,158489,60858.7,-14.6898
rff-mtyp-xff,ff,typical,ff,125,0.3,251189,59927.3,-15.2075
rff-mtyp-xff,ff,typical,ff,125,0.3,398107,58486.4,-18.7877
rff-mtyp-xff,ff,typical,ff,125,0.3,630957,55535.2,-25.7328
rff-mtyp-xff,ff,typical,ff,125,0.3,1e+06,49803.6,-36.0465
rff-mtyp-xff,ff,typical,ff,125,0.3,1.58489e+06,40793.4,-48.5093
rff-mtyp-xff,ff,typical,ff,125,0.3,2.51189e+06,30185.5,-60.6384
rff-mtyp-xff,ff,typical,ff,125,0.3,3.98107e+06,20651.5,-70.3956
rff-mtyp-xff,ff,typical,ff,125,0.3,6.30957e+06,13511.5,-77.3137
rff-mtyp-xff,ff,typical,ff,125,0.3,1e+07,8655.8,-81.9040
rff-mtyp-xff,ff,typical,ff,125,0.3,1.58489e+07,5495.38,-84.8573
rff-mtyp-xff,ff,typical,ff,125,0.3,2.51189e+07,3476.06,-86.7292
rff-mtyp-xff,ff,typical,ff,125,0.3,3.98107e+07,2195.57,-87.9028
rff-mtyp-xff,ff,typical,ff,125,0.3,6.30957e+07,1386.08,-88.6269
rff-mtyp-xff,ff,typical,ff,125,0.3,1e+08,875.017,-89.0604
rff-mtyp-xff,ff,typical,ff,125,0.9,100,1.31793e+07,-89.7305
rff-mtyp-xff,ff,typical,ff,125,0.9,158.489,8.3157e+06,-89.5823
rff-mtyp-xff,ff,typical,ff,125,0.9,251.189,5.24706e+06,-89.3439
rff-mtyp-xff,ff,typical,ff,125,0.9,398.107,3.31101e+06,-88.9640
rff-mtyp-xff,ff,typical,ff,125,0.9,630.957,2.08963e+06,-88.3607
rff-mtyp-xff,ff,typical,ff,125,0.9,1000,1.31931e+06,-87.4044
rff-mtyp-xff,ff,typical,ff,125,0.9,1584.89,833755,-85.8917
rff-mtyp-xff,ff,typical,ff,125,0.9,2511.89,528163,-83.5068
rff-mtyp-xff,ff,typical,ff,125,0.9,3981.07,336552,-79.7781
rff-mtyp-xff,ff,typical,ff,125,0.9,6309.57,217497,-74.0623
rff-mtyp-xff,ff,typical,ff,125,0.9,10000,145068,-65.6899
rff-mtyp-xff,ff,typical,ff,125,0.9,15848.9,102909,-54.5296
rff-mtyp-xff,ff,typical,ff,125,0.9,25118.9,80173.2,-41.8661
rff-mtyp-xff,ff,typical,ff,125,0.9,39810.7,69059.1,-30.2131
rff-mtyp-xff,ff,typical,ff,125,0.9,63095.7,64072.8,-21.5120
rff-mtyp-xff,ff,typical,ff,125,0.9,100000,61904.4,-16.2283
rff-mtyp-xff,ff,typical,ff,125,0.9,158489,60838.6,-14.0793
rff-mtyp-xff,ff,typical,ff,125,0.9,251189,59961.3,-14.8246
rff-mtyp-xff,ff,typical,ff,125,0.9,398107,58538.5,-18.5555
rff-mtyp-xff,ff,typical,ff,125,0.9,630957,55586.8,-25.6003
rff-mtyp-xff,ff,typical,ff,125,0.9,1e+06,49842.9,-35.9794
rff-mtyp-xff,ff,typical,ff,125,0.9,1.58489e+06,40815.4,-48.4811
rff-mtyp-xff,ff,typical,ff,125,0.9,2.51189e+06,30194.5,-60.6289
rff-mtyp-xff,ff,typical,ff,125,0.9,3.98107e+06,20654.4,-70.3929
rff-mtyp-xff,ff,typical,ff,125,0.9,6.30957e+06,13512.3,-77.3131
rff-mtyp-xff,ff,typical,ff,125,0.9,1e+07,8656.01,-81.9039
rff-mtyp-xff,ff,typical,ff,125,0.9,1.58489e+07,5495.43,-84.8573
rff-mtyp-xff,ff,typical,ff,125,0.9,2.51189e+07,3476.07,-86.7293
rff-mtyp-xff,ff,typical,ff,125,0.9,3.98107e+07,2195.57,-87.9028
rff-mtyp-xff,ff,typical,ff,125,0.9,6.30957e+07,1386.08,-88.6269
rff-mtyp-xff,ff,typical,ff,125,0.9,1e+08,875.018,-89.0605
rff-mtyp-xff,ff,typical,ff,125,1.35,100,1.30246e+07,-89.7275
rff-mtyp-xff,ff,typical,ff,125,1.35,158.489,8.21813e+06,-89.5773
rff-mtyp-xff,ff,typical,ff,125,1.35,251.189,5.1855e+06,-89.3360
rff-mtyp-xff,ff,typical,ff,125,1.35,398.107,3.27217e+06,-88.9514
rff-mtyp-xff,ff,typical,ff,125,1.35,630.957,2.06513e+06,-88.3406
rff-mtyp-xff,ff,typical,ff,125,1.35,1000,1.30386e+06,-87.3727
rff-mtyp-xff,ff,typical,ff,125,1.35,1584.89,824025,-85.8416
rff-mtyp-xff,ff,typical,ff,125,1.35,2511.89,522049,-83.4281
rff-mtyp-xff,ff,typical,ff,125,1.35,3981.07,332733,-79.6558
rff-mtyp-xff,ff,typical,ff,125,1.35,6309.57,215147,-73.8775
rff-mtyp-xff,ff,typical,ff,125,1.35,10000,143670,-65.4283
rff-mtyp-xff,ff,typical,ff,125,1.35,15848.9,102129,-54.2022
rff-mtyp-xff,ff,typical,ff,125,1.35,25118.9,79780.1,-41.5268
rff-mtyp-xff,ff,typical,ff,125,1.35,39810.7,68883.6,-29.9255
rff-mtyp-xff,ff,typical,ff,125,1.35,63095.7,64003.8,-21.3020
rff-mtyp-xff,ff,typical,ff,125,1.35,100000,61882.5,-16.0873
rff-mtyp-xff,ff,typical,ff,125,1.35,158489,60836.3,-13.9886
rff-mtyp-xff,ff,typical,ff,125,1.35,251189,59966.6,-14.7677
rff-mtyp-xff,ff,typical,ff,125,1.35,398107,58546.3,-18.5210
rff-mtyp-xff,ff,typical,ff,125,1.35,630957,55594.5,-25.5806
rff-mtyp-xff,ff,typical,ff,125,1.35,1e+06,49848.7,-35.9695
rff-mtyp-xff,ff,typical,ff,125,1.35,1.58489e+06,40818.7,-48.4769
rff-mtyp-xff,ff,typical,ff,125,1.35,2.51189e+06,30195.8,-60.6275
rff-mtyp-xff,ff,typical,ff,125,1.35,3.98107e+06,20654.8,-70.3925
rff-mtyp-xff,ff,typical,ff,125,1.35,6.30957e+06,13512.4,-77.3130
rff-mtyp-xff,ff,typical,ff,125,1.35,1e+07,8656.05,-81.9039
rff-mtyp-xff,ff,typical,ff,125,1.35,1.58489e+07,5495.44,-84.8573
rff-mtyp-xff,ff,typical,ff,125,1.35,2.51189e+07,3476.08,-86.7293
rff-mtyp-xff,ff,typical,ff,125,1.35,3.98107e+07,2195.57,-87.9028
rff-mtyp-xff,ff,typical,ff,125,1.35,6.30957e+07,1386.08,-88.6270
rff-mtyp-xff,ff,typical,ff,125,1.35,1e+08,875.018,-89.0605
rff-mtyp-xff,ff,typical,ff,125,1.8,100,1.29849e+07,-89.7267
rff-mtyp-xff,ff,typical,ff,125,1.8,158.489,8.19306e+06,-89.5760
rff-mtyp-xff,ff,typical,ff,125,1.8,251.189,5.16968e+06,-89.3339
rff-mtyp-xff,ff,typical,ff,125,1.8,398.107,3.26219e+06,-88.9481
rff-mtyp-xff,ff,typical,ff,125,1.8,630.957,2.05884e+06,-88.3354
rff-mtyp-xff,ff,typical,ff,125,1.8,1000,1.29989e+06,-87.3645
rff-mtyp-xff,ff,typical,ff,125,1.8,1584.89,821524,-85.8285
rff-mtyp-xff,ff,typical,ff,125,1.8,2511.89,520478,-83.4076
rff-mtyp-xff,ff,typical,ff,125,1.8,3981.07,331752,-79.6239
rff-mtyp-xff,ff,typical,ff,125,1.8,6309.57,214544,-73.8294
rff-mtyp-xff,ff,typical,ff,125,1.8,10000,143311,-65.3602
rff-mtyp-xff,ff,typical,ff,125,1.8,15848.9,101929,-54.1173
rff-mtyp-xff,ff,typical,ff,125,1.8,25118.9,79679.6,-41.4390
rff-mtyp-xff,ff,typical,ff,125,1.8,39810.7,68838.8,-29.8513
rff-mtyp-xff,ff,typical,ff,125,1.8,63095.7,63986.3,-21.2479
rff-mtyp-xff,ff,typical,ff,125,1.8,100000,61877,-16.0510
rff-mtyp-xff,ff,typical,ff,125,1.8,158489,60835.7,-13.9652
rff-mtyp-xff,ff,typical,ff,125,1.8,251189,59968,-14.7531
rff-mtyp-xff,ff,typical,ff,125,1.8,398107,58548.3,-18.5121
rff-mtyp-xff,ff,typical,ff,125,1.8,630957,55596.4,-25.5756
rff-mtyp-xff,ff,typical,ff,125,1.8,1e+06,49850.2,-35.9669
rff-mtyp-xff,ff,typical,ff,125,1.8,1.58489e+06,40819.5,-48.4759
rff-mtyp-xff,ff,typical,ff,125,1.8,2.51189e+06,30196.2,-60.6272
rff-mtyp-xff,ff,typical,ff,125,1.8,3.98107e+06,20654.9,-70.3924
rff-mtyp-xff,ff,typical,ff,125,1.8,6.30957e+06,13512.4,-77.3130
rff-mtyp-xff,ff,typical,ff,125,1.8,1e+07,8656.05,-81.9039
rff-mtyp-xff,ff,typical,ff,125,1.8,1.58489e+07,5495.44,-84.8573
rff-mtyp-xff,ff,typical,ff,125,1.8,2.51189e+07,3476.08,-86.7293
rff-mtyp-xff,ff,typical,ff,125,1.8,3.98107e+07,2195.57,-87.9028
rff-mtyp-xff,ff,typical,ff,125,1.8,6.30957e+07,1386.08,-88.6270
rff-mtyp-xff,ff,typical,ff,125,1.8,1e+08,875.018,-89.0605
rff-mtyp-xff,ff,typical,ff,125,2.25,100,1.29747e+07,-89.7265
rff-mtyp-xff,ff,typical,ff,125,2.25,158.489,8.18664e+06,-89.5757
rff-mtyp-xff,ff,typical,ff,125,2.25,251.189,5.16563e+06,-89.3334
rff-mtyp-xff,ff,typical,ff,125,2.25,398.107,3.25963e+06,-88.9472
rff-mtyp-xff,ff,typical,ff,125,2.25,630.957,2.05723e+06,-88.3341
rff-mtyp-xff,ff,typical,ff,125,2.25,1000,1.29888e+06,-87.3623
rff-mtyp-xff,ff,typical,ff,125,2.25,1584.89,820884,-85.8251
rff-mtyp-xff,ff,typical,ff,125,2.25,2511.89,520076,-83.4023
rff-mtyp-xff,ff,typical,ff,125,2.25,3981.07,331501,-79.6157
rff-mtyp-xff,ff,typical,ff,125,2.25,6309.57,214389,-73.8170
rff-mtyp-xff,ff,typical,ff,125,2.25,10000,143219,-65.3427
rff-mtyp-xff,ff,typical,ff,125,2.25,15848.9,101878,-54.0955
rff-mtyp-xff,ff,typical,ff,125,2.25,25118.9,79653.9,-41.4165
rff-mtyp-xff,ff,typical,ff,125,2.25,39810.7,68827.3,-29.8323
rff-mtyp-xff,ff,typical,ff,125,2.25,63095.7,63981.8,-21.2341
rff-mtyp-xff,ff,typical,ff,125,2.25,100000,61875.5,-16.0417
rff-mtyp-xff,ff,typical,ff,125,2.25,158489,60835.5,-13.9593
rff-mtyp-xff,ff,typical,ff,125,2.25,251189,59968.3,-14.7494
rff-mtyp-xff,ff,typical,ff,125,2.25,398107,58548.8,-18.5098
rff-mtyp-xff,ff,typical,ff,125,2.25,630957,55597,-25.5743
rff-mtyp-xff,ff,typical,ff,125,2.25,1e+06,49850.6,-35.9663
rff-mtyp-xff,ff,typical,ff,125,2.25,1.58489e+06,40819.7,-48.4756
rff-mtyp-xff,ff,typical,ff,125,2.25,2.51189e+06,30196.3,-60.6271
rff-mtyp-xff,ff,typical,ff,125,2.25,3.98107e+06,20655,-70.3924
rff-mtyp-xff,ff,typical,ff,125,2.25,6.30957e+06,13512.4,-77.3130
rff-mtyp-xff,ff,typical,ff,125,2.25,1e+07,8656.06,-81.9039
rff-mtyp-xff,ff,typical,ff,125,2.25,1.58489e+07,5495.44,-84.8573
rff-mtyp-xff,ff,typical,ff,125,2.25,2.51189e+07,3476.08,-86.7293
rff-mtyp-xff,ff,typical,ff,125,2.25,3.98107e+07,2195.57,-87.9028
rff-mtyp-xff,ff,typical,ff,125,2.25,6.30957e+07,1386.08,-88.6270
rff-mtyp-xff,ff,typical,ff,125,2.25,1e+08,875.018,-89.0605
rff-mtyp-xff,ff,typical,ff,125,2.7,100,1.29721e+07,-89.7264
rff-mtyp-xff,ff,typical,ff,125,2.7,158.489,8.18499e+06,-89.5756
rff-mtyp-xff,ff,typical,ff,125,2.7,251.189,5.1646e+06,-89.3332
rff-mtyp-xff,ff,typical,ff,125,2.7,398.107,3.25898e+06,-88.9470
rff-mtyp-xff,ff,typical,ff,125,2.7,630.957,2.05682e+06,-88.3337
rff-mtyp-xff,ff,typical,ff,125,2.7,1000,1.29862e+06,-87.3618
rff-mtyp-xff,ff,typical,ff,125,2.7,1584.89,820721,-85.8243
rff-mtyp-xff,ff,typical,ff,125,2.7,2511.89,519973,-83.4009
rff-mtyp-xff,ff,typical,ff,125,2.7,3981.07,331437,-79.6136
rff-mtyp-xff,ff,typical,ff,125,2.7,6309.57,214350,-73.8139
rff-mtyp-xff,ff,typical,ff,125,2.7,10000,143195,-65.3382
rff-mtyp-xff,ff,typical,ff,125,2.7,15848.9,101865,-54.0899
rff-mtyp-xff,ff,typical,ff,125,2.7,25118.9,79647.3,-41.4108
rff-mtyp-xff,ff,typical,ff,125,2.7,39810.7,68824.4,-29.8275
rff-mtyp-xff,ff,typical,ff,125,2.7,63095.7,63980.6,-21.2306
rff-mtyp-xff,ff,typical,ff,125,2.7,100000,61875.2,-16.0394
rff-mtyp-xff,ff,typical,ff,125,2.7,158489,60835.5,-13.9577
rff-mtyp-xff,ff,typical,ff,125,2.7,251189,59968.4,-14.7484
rff-mtyp-xff,ff,typical,ff,125,2.7,398107,58549,-18.5093
rff-mtyp-xff,ff,typical,ff,125,2.7,630957,55597.1,-25.5740
rff-mtyp-xff,ff,typical,ff,125,2.7,1e+06,49850.7,-35.9661
rff-mtyp-xff,ff,typical,ff,125,2.7,1.58489e+06,40819.8,-48.4755
rff-mtyp-xff,ff,typical,ff,125,2.7,2.51189e+06,30196.3,-60.6271
rff-mtyp-xff,ff,typical,ff,125,2.7,3.98107e+06,20655,-70.3924
rff-mtyp-xff,ff,typical,ff,125,2.7,6.30957e+06,13512.4,-77.3130
rff-mtyp-xff,ff,typical,ff,125,2.7,1e+07,8656.06,-81.9039
rff-mtyp-xff,ff,typical,ff,125,2.7,1.58489e+07,5495.44,-84.8573
rff-mtyp-xff,ff,typical,ff,125,2.7,2.51189e+07,3476.08,-86.7293
rff-mtyp-xff,ff,typical,ff,125,2.7,3.98107e+07,2195.57,-87.9028
rff-mtyp-xff,ff,typical,ff,125,2.7,6.30957e+07,1386.08,-88.6270
rff-mtyp-xff,ff,typical,ff,125,2.7,1e+08,875.018,-89.0605
rff-mtyp-xss,ff,typical,ss,-40,0.3,100,1.41698e+07,-89.7474
rff-mtyp-xss,ff,typical,ss,-40,0.3,158.489,8.94068e+06,-89.6098
rff-mtyp-xss,ff,typical,ss,-40,0.3,251.189,5.64138e+06,-89.3879
rff-mtyp-xss,ff,typical,ss,-40,0.3,398.107,3.55979e+06,-89.0339
rff-mtyp-xss,ff,typical,ss,-40,0.3,630.957,2.24657e+06,-88.4716
rff-mtyp-xss,ff,typical,ss,-40,0.3,1000,1.41828e+06,-87.5802
rff-mtyp-xss,ff,typical,ss,-40,0.3,1584.89,896129,-86.1695
rff-mtyp-xss,ff,typical,ss,-40,0.3,2511.89,567399,-83.9441
rff-mtyp-xss,ff,typical,ss,-40,0.3,3981.07,361124,-80.4591
rff-mtyp-xss,ff,typical,ss,-40,0.3,6309.57,232724,-75.0965
rff-mtyp-xss,ff,typical,ss,-40,0.3,10000,154287,-67.1746
rff-mtyp-xss,ff,typical,ss,-40,0.3,15848.9,108256,-56.4399
rff-mtyp-xss,ff,typical,ss,-40,0.3,25118.9,83109.8,-43.9560
rff-mtyp-xss,ff,typical,ss,-40,0.3,39810.7,70635.5,-32.1754
rff-mtyp-xss,ff,typical,ss,-40,0.3,63095.7,64965,-23.2610
rff-mtyp-xss,ff,typical,ss,-40,0.3,100000,62457,-17.9200
rff-mtyp-xss,ff,typical,ss,-40,0.3,158489,61158.7,-15.9972
rff-mtyp-xss,ff,typical,ss,-40,0.3,251189,59969.5,-17.3221
rff-mtyp-xss,ff,typical,ss,-40,0.3,398107,57940,-22.0188
rff-mtyp-xss,ff,typical,ss,-40,0.3,630957,53854,-30.2942
rff-mtyp-xss,ff,typical,ss,-40,0.3,1e+06,46549.7,-41.6729
rff-mtyp-xss,ff,typical,ss,-40,0.3,1.58489e+06,36414,-54.2312
rff-mtyp-xss,ff,typical,ss,-40,0.3,2.51189e+06,25914.1,-65.4144
rff-mtyp-xss,ff,typical,ss,-40,0.3,3.98107e+06,17315.7,-73.8553
rff-mtyp-xss,ff,typical,ss,-40,0.3,6.30957e+06,11199.8,-79.6343
rff-mtyp-xss,ff,typical,ss,-40,0.3,1e+07,7139.26,-83.4071
rff-mtyp-xss,ff,typical,ss,-40,0.3,1.58489e+07,4523.25,-85.8177
rff-mtyp-xss,ff,typical,ss,-40,0.3,2.51189e+07,2858.76,-87.3411
rff-mtyp-xss,ff,typical,ss,-40,0.3,3.98107e+07,1805.05,-88.2949
rff-mtyp-xss,ff,typical,ss,-40,0.3,6.30957e+07,1139.36,-88.8829
rff-mtyp-xss,ff,typical,ss,-40,0.3,1e+08,719.186,-89.2345
rff-mtyp-xss,ff,typical,ss,-40,0.9,100,1.31364e+07,-89.7284
rff-mtyp-xss,ff,typical,ss,-40,0.9,158.489,8.28865e+06,-89.5788
rff-mtyp-xss,ff,typical,ss,-40,0.9,251.189,5.23e+06,-89.3384
rff-mtyp-xss,ff,typical,ss,-40,0.9,398.107,3.30025e+06,-88.9553
rff-mtyp-xss,ff,typical,ss,-40,0.9,630.957,2.08286e+06,-88.3468
rff-mtyp-xss,ff,typical,ss,-40,0.9,1000,1.31505e+06,-87.3825
rff-mtyp-xss,ff,typical,ss,-40,0.9,1584.89,831094,-85.8571
rff-mtyp-xss,ff,typical,ss,-40,0.9,2511.89,526526,-83.4528
rff-mtyp-xss,ff,typical,ss,-40,0.9,3981.07,335584,-79.6948
rff-mtyp-xss,ff,typical,ss,-40,0.9,6309.57,216987,-73.9392
rff-mtyp-xss,ff,typical,ss,-40,0.9,10000,144893,-65.5251
rff-mtyp-xss,ff,typical,ss,-40,0.9,15848.9,102991,-54.3534
rff-mtyp-xss,ff,typical,ss,-40,0.9,25118.9,80444.1,-41.7617
rff-mtyp-xss,ff,typical,ss,-40,0.9,39810.7,69444.6,-30.2911
rff-mtyp-xss,ff,typical,ss,-40,0.9,63095.7,64504,-21.8743
rff-mtyp-xss,ff,typical,ss,-40,0.9,100000,62319.8,-16.9862
rff-mtyp-xss,ff,typical,ss,-40,0.9,158489,61155.7,-15.3972
rff-mtyp-xss,ff,typical,ss,-40,0.9,251189,60018.2,-16.9492
rff-mtyp-xss,ff,typical,ss,-40,0.9,398107,58002.9,-21.7972
rff-mtyp-xss,ff,typical,ss,-40,0.9,630957,53910.7,-30.1731
rff-mtyp-xss,ff,typical,ss,-40,0.9,1e+06,46588,-41.6160
rff-mtyp-xss,ff,typical,ss,-40,0.9,1.58489e+06,36432.6,-54.2095
rff-mtyp-xss,ff,typical,ss,-40,0.9,2.51189e+06,25920.8,-65.4077
rff-mtyp-xss,ff,typical,ss,-40,0.9,3.98107e+06,17317.8,-73.8535
rff-mtyp-xss,ff,typical,ss,-40,0.9,6.30957e+06,11200.4,-79.6340
rff-mtyp-xss,ff,typical,ss,-40,0.9,1e+07,7139.4,-83.4071
rff-mtyp-xss,ff,typical,ss,-40,0.9,1.58489e+07,4523.28,-85.8177
rff-mtyp-xss,ff,typical,ss,-40,0.9,2.51189e+07,2858.77,-87.3412
rff-mtyp-xss,ff,typical,ss,-40,0.9,3.98107e+07,1805.05,-88.2950
rff-mtyp-xss,ff,typical,ss,-40,0.9,6.30957e+07,1139.36,-88.8829
rff-mtyp-xss,ff,typical,ss,-40,0.9,1e+08,719.186,-89.2346
rff-mtyp-xss,ff,typical,ss,-40,1.35,100,1.29828e+07,-89.7253
rff-mtyp-xss,ff,typical,ss,-40,1.35,158.489,8.19171e+06,-89.5738
rff-mtyp-xss,ff,typical,ss,-40,1.35,251.189,5.16884e+06,-89.3304
rff-mtyp-xss,ff,typical,ss,-40,1.35,398.107,3.26166e+06,-88.9425
rff-mtyp-xss,ff,typical,ss,-40,1.35,630.957,2.05852e+06,-88.3266
rff-mtyp-xss,ff,typical,ss,-40,1.35,1000,1.2997e+06,-87.3505
rff-mtyp-xss,ff,typical,ss,-40,1.35,1584.89,821428,-85.8065
rff-mtyp-xss,ff,typical,ss,-40,1.35,2511.89,520453,-83.3731
rff-mtyp-xss,ff,typical,ss,-40,1.35,3981.07,331793,-79.5711
rff-mtyp-xss,ff,typical,ss,-40,1.35,6309.57,214656,-73.7526
rff-mtyp-xss,ff,typical,ss,-40,1.35,10000,143507,-65.2615
rff-mtyp-xss,ff,typical,ss,-40,1.35,15848.9,102221,-54.0249
rff-mtyp-xss,ff,typical,ss,-40,1.35,25118.9,80058.3,-41.4231
rff-mtyp-xss,ff,typical,ss,-40,1.35,39810.7,69274.1,-30.0055
rff-mtyp-xss,ff,typical,ss,-40,1.35,63095.7,64438.7,-21.6664
rff-mtyp-xss,ff,typical,ss,-40,1.35,100000,62300.8,-16.8470
rff-mtyp-xss,ff,typical,ss,-40,1.35,158489,61155.8,-15.3080
rff-mtyp-xss,ff,typical,ss,-40,1.35,251189,60025.6,-16.8939
rff-mtyp-xss,ff,typical,ss,-40,1.35,398107,58012.4,-21.7643
rff-mtyp-xss,ff,typical,ss,-40,1.35,630957,53919.2,-30.1552
rff-mtyp-xss,ff,typical,ss,-40,1.35,1e+06,46593.7,-41.6076
rff-mtyp-xss,ff,typical,ss,-40,1.35,1.58489e+06,36435.4,-54.2063
rff-mtyp-xss,ff,typical,ss,-40,1.35,2.51189e+06,25921.8,-65.4067
rff-mtyp-xss,ff,typical,ss,-40,1.35,3.98107e+06,17318,-73.8532
rff-mtyp-xss,ff,typical,ss,-40,1.35,6.30957e+06,11200.4,-79.6339
rff-mtyp-xss,ff,typical,ss,-40,1.35,1e+07,7139.42,-83.4071
rff-mtyp-xss,ff,typical,ss,-40,1.35,1.58489e+07,4523.29,-85.8177
rff-mtyp-xss,ff,typical,ss,-40,1.35,2.51189e+07,2858.77,-87.3412
rff-mtyp-xss,ff,typical,ss,-40,1.35,3.98107e+07,1805.05,-88.2950
rff-mtyp-xss,ff,typical,ss,-40,1.35,6.30957e+07,1139.36,-88.8829
rff-mtyp-xss,ff,typical,ss,-40,1.35,1e+08,719.186,-89.2346
rff-mtyp-xss,ff,typical,ss,-40,1.8,100,1.29433e+07,-89.7245
rff-mtyp-xss,ff,typical,ss,-40,1.8,158.489,8.1668e+06,-89.5725
rff-mtyp-xss,ff,typical,ss,-40,1.8,251.189,5.15312e+06,-89.3283
rff-mtyp-xss,ff,typical,ss,-40,1.8,398.107,3.25174e+06,-88.9392
rff-mtyp-xss,ff,typical,ss,-40,1.8,630.957,2.05226e+06,-88.3213
rff-mtyp-xss,ff,typical,ss,-40,1.8,1000,1.29576e+06,-87.3421
rff-mtyp-xss,ff,typical,ss,-40,1.8,1584.89,818943,-85.7933
rff-mtyp-xss,ff,typical,ss,-40,1.8,2511.89,518892,-83.3524
rff-mtyp-xss,ff,typical,ss,-40,1.8,3981.07,330819,-79.5389
rff-mtyp-xss,ff,typical,ss,-40,1.8,6309.57,214057,-73.7040
rff-mtyp-xss,ff,typical,ss,-40,1.8,10000,143152,-65.1929
rff-mtyp-xss,ff,typical,ss,-40,1.8,15848.9,102023,-53.9397
rff-mtyp-xss,ff,typical,ss,-40,1.8,25118.9,79959.6,-41.3355
rff-mtyp-xss,ff,typical,ss,-40,1.8,39810.7,69230.6,-29.9319
rff-mtyp-xss,ff,typical,ss,-40,1.8,63095.7,64422.1,-21.6130
rff-mtyp-xss,ff,typical,ss,-40,1.8,100000,62296,-16.8112
rff-mtyp-xss,ff,typical,ss,-40,1.8,158489,61155.9,-15.2850
rff-mtyp-xss,ff,typical,ss,-40,1.8,251189,60027.6,-16.8796
rff-mtyp-xss,ff,typical,ss,-40,1.8,398107,58014.8,-21.7558
rff-mtyp-xss,ff,typical,ss,-40,1.8,630957,53921.4,-30.1505
rff-mtyp-xss,ff,typical,ss,-40,1.8,1e+06,46595.1,-41.6054
rff-mtyp-xss,ff,typical,ss,-40,1.8,1.58489e+06,36436.1,-54.2054
rff-mtyp-xss,ff,typical,ss,-40,1.8,2.51189e+06,25922.1,-65.4064
rff-mtyp-xss,ff,typical,ss,-40,1.8,3.98107e+06,17318.1,-73.8532
rff-mtyp-xss,ff,typical,ss,-40,1.8,6.30957e+06,11200.5,-79.6339
rff-mtyp-xss,ff,typical,ss,-40,1.8,1e+07,7139.42,-83.4071
rff-mtyp-xss,ff,typical,ss,-40,1.8,1.58489e+07,4523.29,-85.8177
rff-mtyp-xss,ff,typical,ss,-40,1.8,2.51189e+07,2858.77,-87.3412
rff-mtyp-xss,ff,typical,ss,-40,1.8,3.98107e+07,1805.05,-88.2950
rff-mtyp-xss,ff,typical,ss,-40,1.8,6.30957e+07,1139.36,-88.8829
rff-mtyp-xss,ff,typical,ss,-40,1.8,1e+08,719.186,-89.2346
rff-mtyp-xss,ff,typical,ss,-40,2.25,100,1.29332e+07,-89.7243
rff-mtyp-xss,ff,typical,ss,-40,2.25,158.489,8.16042e+06,-89.5722
rff-mtyp-xss,ff,typical,ss,-40,2.25,251.189,5.14909e+06,-89.3278
rff-mtyp-xss,ff,typical,ss,-40,2.25,398.107,3.24921e+06,-88.9383
rff-mtyp-xss,ff,typical,ss,-40,2.25,630.957,2.05066e+06,-88.3199
rff-mtyp-xss,ff,typical,ss,-40,2.25,1000,1.29475e+06,-87.3400
rff-mtyp-xss,ff,typical,ss,-40,2.25,1584.89,818307,-85.7899
rff-mtyp-xss,ff,typical,ss,-40,2.25,2511.89,518493,-83.3470
rff-mtyp-xss,ff,typical,ss,-40,2.25,3981.07,330569,-79.5306
rff-mtyp-xss,ff,typical,ss,-40,2.25,6309.57,213904,-73.6915
rff-mtyp-xss,ff,typical,ss,-40,2.25,10000,143061,-65.1753
rff-mtyp-xss,ff,typical,ss,-40,2.25,15848.9,101973,-53.9179
rff-mtyp-xss,ff,typical,ss,-40,2.25,25118.9,79934.4,-41.3131
rff-mtyp-xss,ff,typical,ss,-40,2.25,39810.7,69219.5,-29.9130
rff-mtyp-xss,ff,typical,ss,-40,2.25,63095.7,64417.9,-21.5993
rff-mtyp-xss,ff,typical,ss,-40,2.25,100000,62294.8,-16.8021
rff-mtyp-xss,ff,typical,ss,-40,2.25,158489,61155.9,-15.2792
rff-mtyp-xss,ff,typical,ss,-40,2.25,251189,60028.1,-16.8760
rff-mtyp-xss,ff,typical,ss,-40,2.25,398107,58015.5,-21.7537
rff-mtyp-xss,ff,typical,ss,-40,2.25,630957,53921.9,-30.1494
rff-mtyp-xss,ff,typical,ss,-40,2.25,1e+06,46595.5,-41.6049
rff-mtyp-xss,ff,typical,ss,-40,2.25,1.58489e+06,36436.3,-54.2052
rff-mtyp-xss,ff,typical,ss,-40,2.25,2.51189e+06,25922.1,-65.4064
rff-mtyp-xss,ff,typical,ss,-40,2.25,3.98107e+06,17318.1,-73.8532
rff-mtyp-xss,ff,typical,ss,-40,2.25,6.30957e+06,11200.5,-79.6339
rff-mtyp-xss,ff,typical,ss,-40,2.25,1e+07,7139.42,-83.4071
rff-mtyp-xss,ff,typical,ss,-40,2.25,1.58489e+07,4523.29,-85.8177
rff-mtyp-xss,ff,typical,ss,-40,2.25,2.51189e+07,2858.77,-87.3412
rff-mtyp-xss,ff,typical,ss,-40,2.25,3.98107e+07,1805.05,-88.2950
rff-mtyp-xss,ff,typical,ss,-40,2.25,6.30957e+07,1139.36,-88.8829
rff-mtyp-xss,ff,typical,ss,-40,2.25,1e+08,719.186,-89.2346
rff-mtyp-xss,ff,typical,ss,-40,2.7,100,1.29306e+07,-89.7242
rff-mtyp-xss,ff,typical,ss,-40,2.7,158.489,8.15879e+06,-89.5721
rff-mtyp-xss,ff,typical,ss,-40,2.7,251.189,5.14806e+06,-89.3276
rff-mtyp-xss,ff,typical,ss,-40,2.7,398.107,3.24856e+06,-88.9381
rff-mtyp-xss,ff,typical,ss,-40,2.7,630.957,2.05025e+06,-88.3196
rff-mtyp-xss,ff,typical,ss,-40,2.7,1000,1.29449e+06,-87.3394
rff-mtyp-xss,ff,typical,ss,-40,2.7,1584.89,818145,-85.7890
rff-mtyp-xss,ff,typical,ss,-40,2.7,2511.89,518390,-83.3456
rff-mtyp-xss,ff,typical,ss,-40,2.7,3981.07,330506,-79.5285
rff-mtyp-xss,ff,typical,ss,-40,2.7,6309.57,213864,-73.6883
rff-mtyp-xss,ff,typical,ss,-40,2.7,10000,143037,-65.1708
rff-mtyp-xss,ff,typical,ss,-40,2.7,15848.9,101960,-53.9123
rff-mtyp-xss,ff,typical,ss,-40,2.7,25118.9,79927.9,-41.3073
rff-mtyp-xss,ff,typical,ss,-40,2.7,39810.7,69216.6,-29.9082
rff-mtyp-xss,ff,typical,ss,-40,2.7,63095.7,64416.8,-21.5958
rff-mtyp-xss,ff,typical,ss,-40,2.7,100000,62294.5,-16.7997
rff-mtyp-xss,ff,typical,ss,-40,2.7,158489,61155.9,-15.2777
rff-mtyp-xss,ff,typical,ss,-40,2.7,251189,60028.2,-16.8751
rff-mtyp-xss,ff,typical,ss,-40,2.7,398107,58015.6,-21.7531
rff-mtyp-xss,ff,typical,ss,-40,2.7,630957,53922.1,-30.1491
rff-mtyp-xss,ff,typical,ss,-40,2.7,1e+06,46595.6,-41.6047
rff-mtyp-xss,ff,typical,ss,-40,2.7,1.58489e+06,36436.3,-54.2052
rff-mtyp-xss,ff,typical,ss,-40,2.7,2.51189e+06,25922.2,-65.4063
rff-mtyp-xss,ff,typical,ss,-40,2.7,3.98107e+06,17318.2,-73.8532
rff-mtyp-xss,ff,typical,ss,-40,2.7,6.30957e+06,11200.5,-79.6339
rff-mtyp-xss,ff,typical,ss,-40,2.7,1e+07,7139.43,-83.4071
rff-mtyp-xss,ff,typical,ss,-40,2.7,1.58489e+07,4523.29,-85.8177
rff-mtyp-xss,ff,typical,ss,-40,2.7,2.51189e+07,2858.77,-87.3412
rff-mtyp-xss,ff,typical,ss,-40,2.7,3.98107e+07,1805.05,-88.2950
rff-mtyp-xss,ff,typical,ss,-40,2.7,6.30957e+07,1139.36,-88.8829
rff-mtyp-xss,ff,typical,ss,-40,2.7,1e+08,719.186,-89.2346
rff-mtyp-xss,ff,typical,ss,27,0.3,100,1.41695e+07,-89.7497
rff-mtyp-xss,ff,typical,ss,27,0.3,158.489,8.94046e+06,-89.6133
rff-mtyp-xss,ff,typical,ss,27,0.3,251.189,5.64124e+06,-89.3935
rff-mtyp-xss,ff,typical,ss,27,0.3,398.107,3.55969e+06,-89.0429
rff-mtyp-xss,ff,typical,ss,27,0.3,630.957,2.24651e+06,-88.4858
rff-mtyp-xss,ff,typical,ss,27,0.3,1000,1.41823e+06,-87.6026
rff-mtyp-xss,ff,typical,ss,27,0.3,1584.89,896069,-86.2050
rff-mtyp-xss,ff,typical,ss,27,0.3,2511.89,567325,-84.0000
rff-mtyp-xss,ff,typical,ss,27,0.3,3981.07,361020,-80.5461
rff-mtyp-xss,ff,typical,ss,27,0.3,6309.57,232570,-75.2286
rff-mtyp-xss,ff,typical,ss,27,0.3,10000,154060,-67.3640
rff-mtyp-xss,ff,typical,ss,27,0.3,15848.9,107935,-56.6818
rff-mtyp-xss,ff,typical,ss,27,0.3,25118.9,82693.4,-44.2121
rff-mtyp-xss,ff,typical,ss,27,0.3,39810.7,70146.3,-32.3924
rff-mtyp-xss,ff,typical,ss,27,0.3,63095.7,64434.8,-23.4097
rff-mtyp-xss,ff,typical,ss,27,0.3,100000,61909.8,-17.9988
rff-mtyp-xss,ff,typical,ss,27,0.3,158489,60610.9,-16.0126
rff-mtyp-xss,ff,typical,ss,27,0.3,251189,59437.8,-17.2764
rff-mtyp-xss,ff,typical,ss,27,0.3,398107,57450.9,-21.9089
rff-mtyp-xss,ff,typical,ss,27,0.3,630957,53450.5,-30.1202
rff-mtyp-xss,ff,typical,ss,27,0.3,1e+06,46274.2,-41.4554
rff-mtyp-xss,ff,typical,ss,27,0.3,1.58489e+06,36264.8,-54.0156
rff-mtyp-xss,ff,typical,ss,27,0.3,2.51189e+06,25844.9,-65.2397
rff-mtyp-xss,ff,typical,ss,27,0.3,3.98107e+06,17283.6,-73.7312
rff-mtyp-xss,ff,typical,ss,27,0.3,6.30957e+06,11183.3,-79.5520
rff-mtyp-xss,ff,typical,ss,27,0.3,1e+07,7129.9,-83.3541
rff-mtyp-xss,ff,typical,ss,27,0.3,1.58489e+07,4517.62,-85.7841
rff-mtyp-xss,ff,typical,ss,27,0.3,2.51189e+07,2855.28,-87.3200
rff-mtyp-xss,ff,typical,ss,27,0.3,3.98107e+07,1802.87,-88.2819
rff-mtyp-xss,ff,typical,ss,27,0.3,6.30957e+07,1137.99,-88.8751
rff-mtyp-xss,ff,typical,ss,27,0.3,1e+08,718.316,-89.2301
rff-mtyp-xss,ff,typical,ss,27,0.9,100,1.31361e+07,-89.7308
rff-mtyp-xss,ff,typical,ss,27,0.9,158.489,8.28846e+06,-89.5827
rff-mtyp-xss,ff,typical,ss,27,0.9,251.189,5.22988e+06,-89.3445
rff-mtyp-xss,ff,typical,ss,27,0.9,398.107,3.30016e+06,-88.9649
rff-mtyp-xss,ff,typical,ss,27,0.9,630.957,2.08279e+06,-88.3622
rff-mtyp-xss,ff,typical,ss,27,0.9,1000,1.31499e+06,-87.4068
rff-mtyp-xss,ff,typical,ss,27,0.9,1584.89,831035,-85.8955
rff-mtyp-xss,ff,typical,ss,27,0.9,2511.89,526449,-83.5131
rff-mtyp-xss,ff,typical,ss,27,0.9,3981.07,335474,-79.7884
rff-mtyp-xss,ff,typical,ss,27,0.9,6309.57,216823,-74.0804
rff-mtyp-xss,ff,typical,ss,27,0.9,10000,144651,-65.7247
rff-mtyp-xss,ff,typical,ss,27,0.9,15848.9,102654,-54.6017
rff-mtyp-xss,ff,typical,ss,27,0.9,25118.9,80012.8,-42.0155
rff-mtyp-xss,ff,typical,ss,27,0.9,39810.7,68945.7,-30.4990
rff-mtyp-xss,ff,typical,ss,27,0.9,63095.7,63968.5,-22.0129
rff-mtyp-xss,ff,typical,ss,27,0.9,100000,61769.9,-17.0570
rff-mtyp-xss,ff,typical,ss,27,0.9,158489,60606.4,-15.4070
rff-mtyp-xss,ff,typical,ss,27,0.9,251189,59485.5,-16.8998
rff-mtyp-xss,ff,typical,ss,27,0.9,398107,57513.3,-21.6848
rff-mtyp-xss,ff,typical,ss,27,0.9,630957,53507,-29.9975
rff-mtyp-xss,ff,typical,ss,27,0.9,1e+06,46312.5,-41.3976
rff-mtyp-xss,ff,typical,ss,27,0.9,1.58489e+06,36283.5,-53.9934
rff-mtyp-xss,ff,typical,ss,27,0.9,2.51189e+06,25851.7,-65.2329
rff-mtyp-xss,ff,typical,ss,27,0.9,3.98107e+06,17285.6,-73.7294
rff-mtyp-xss,ff,typical,ss,27,0.9,6.30957e+06,11183.9,-79.5516
rff-mtyp-xss,ff,typical,ss,27,0.9,1e+07,7130.04,-83.3541
rff-mtyp-xss,ff,typical,ss,27,0.9,1.58489e+07,4517.66,-85.7841
rff-mtyp-xss,ff,typical,ss,27,0.9,2.51189e+07,2855.29,-87.3201
rff-mtyp-xss,ff,typical,ss,27,0.9,3.98107e+07,1802.87,-88.2819
rff-mtyp-xss,ff,typical,ss,27,0.9,6.30957e+07,1137.99,-88.8751
rff-mtyp-xss,ff,typical,ss,27,0.9,1e+08,718.316,-89.2301
rff-mtyp-xss,ff,typical,ss,27,1.35,100,1.29825e+07,-89.7277
rff-mtyp-xss,ff,typical,ss,27,1.35,158.489,8.19153e+06,-89.5777
rff-mtyp-xss,ff,typical,ss,27,1.35,251.189,5.16872e+06,-89.3366
rff-mtyp-xss,ff,typical,ss,27,1.35,398.107,3.26158e+06,-88.9523
rff-mtyp-xss,ff,typical,ss,27,1.35,630.957,2.05845e+06,-88.3421
rff-mtyp-xss,ff,typical,ss,27,1.35,1000,1.29965e+06,-87.3751
rff-mtyp-xss,ff,typical,ss,27,1.35,1584.89,821368,-85.8453
rff-mtyp-xss,ff,typical,ss,27,1.35,2511.89,520375,-83.4341
rff-mtyp-xss,ff,typical,ss,27,1.35,3981.07,331682,-79.6658
rff-mtyp-xss,ff,typical,ss,27,1.35,6309.57,214490,-73.8953
rff-mtyp-xss,ff,typical,ss,27,1.35,10000,143263,-65.4627
rff-mtyp-xss,ff,typical,ss,27,1.35,15848.9,101880,-54.2742
rff-mtyp-xss,ff,typical,ss,27,1.35,25118.9,79624.7,-41.6764
rff-mtyp-xss,ff,typical,ss,27,1.35,39810.7,68773.8,-30.2119
rff-mtyp-xss,ff,typical,ss,27,1.35,63095.7,63902.5,-21.8035
rff-mtyp-xss,ff,typical,ss,27,1.35,100000,61750.5,-16.9166
rff-mtyp-xss,ff,typical,ss,27,1.35,158489,60606.3,-15.3170
rff-mtyp-xss,ff,typical,ss,27,1.35,251189,59492.8,-16.8439
rff-mtyp-xss,ff,typical,ss,27,1.35,398107,57522.7,-21.6516
rff-mtyp-xss,ff,typical,ss,27,1.35,630957,53515.5,-29.9793
rff-mtyp-xss,ff,typical,ss,27,1.35,1e+06,46318.2,-41.3891
rff-mtyp-xss,ff,typical,ss,27,1.35,1.58489e+06,36286.3,-53.9902
rff-mtyp-xss,ff,typical,ss,27,1.35,2.51189e+06,25852.7,-65.2318
rff-mtyp-xss,ff,typical,ss,27,1.35,3.98107e+06,17285.9,-73.7291
rff-mtyp-xss,ff,typical,ss,27,1.35,6.30957e+06,11183.9,-79.5516
rff-mtyp-xss,ff,typical,ss,27,1.35,1e+07,7130.06,-83.3541
rff-mtyp-xss,ff,typical,ss,27,1.35,1.58489e+07,4517.66,-85.7841
rff-mtyp-xss,ff,typical,ss,27,1.35,2.51189e+07,2855.29,-87.3201
rff-mtyp-xss,ff,typical,ss,27,1.35,3.98107e+07,1802.87,-88.2819
rff-mtyp-xss,ff,typical,ss,27,1.35,6.30957e+07,1137.99,-88.8751
rff-mtyp-xss,ff,typical,ss,27,1.35,1e+08,718.316,-89.2301
rff-mtyp-xss,ff,typical,ss,27,1.8,100,1.2943e+07,-89.7269
rff-mtyp-xss,ff,typical,ss,27,1.8,158.489,8.16662e+06,-89.5764
rff-mtyp-xss,ff,typical,ss,27,1.8,251.189,5.153e+06,-89.3345
rff-mtyp-xss,ff,typical,ss,27,1.8,398.107,3.25166e+06,-88.9490
rff-mtyp-xss,ff,typical,ss,27,1.8,630.957,2.0522e+06,-88.3369
rff-mtyp-xss,ff,typical,ss,27,1.8,1000,1.2957e+06,-87.3668
rff-mtyp-xss,ff,typical,ss,27,1.8,1584.89,818884,-85.8322
rff-mtyp-xss,ff,typical,ss,27,1.8,2511.89,518814,-83.4135
rff-mtyp-xss,ff,typical,ss,27,1.8,3981.07,330707,-79.6339
rff-mtyp-xss,ff,typical,ss,27,1.8,6309.57,213891,-73.8471
rff-mtyp-xss,ff,typical,ss,27,1.8,10000,142907,-65.3945
rff-mtyp-xss,ff,typical,ss,27,1.8,15848.9,101682,-54.1892
rff-mtyp-xss,ff,typical,ss,27,1.8,25118.9,79525.4,-41.5888
rff-mtyp-xss,ff,typical,ss,27,1.8,39810.7,68729.9,-30.1379
rff-mtyp-xss,ff,typical,ss,27,1.8,63095.7,63885.6,-21.7496
rff-mtyp-xss,ff,typical,ss,27,1.8,100000,61745.6,-16.8805
rff-mtyp-xss,ff,typical,ss,27,1.8,158489,60606.3,-15.2939
rff-mtyp-xss,ff,typical,ss,27,1.8,251189,59494.7,-16.8295
rff-mtyp-xss,ff,typical,ss,27,1.8,398107,57525.1,-21.6430
rff-mtyp-xss,ff,typical,ss,27,1.8,630957,53517.6,-29.9747
rff-mtyp-xss,ff,typical,ss,27,1.8,1e+06,46319.6,-41.3869
rff-mtyp-xss,ff,typical,ss,27,1.8,1.58489e+06,36287,-53.9893
rff-mtyp-xss,ff,typical,ss,27,1.8,2.51189e+06,25853,-65.2316
rff-mtyp-xss,ff,typical,ss,27,1.8,3.98107e+06,17286,-73.7291
rff-mtyp-xss,ff,typical,ss,27,1.8,6.30957e+06,11184,-79.5515
rff-mtyp-xss,ff,typical,ss,27,1.8,1e+07,7130.07,-83.3541
rff-mtyp-xss,ff,typical,ss,27,1.8,1.58489e+07,4517.66,-85.7841
rff-mtyp-xss,ff,typical,ss,27,1.8,2.51189e+07,2855.29,-87.3201
rff-mtyp-xss,ff,typical,ss,27,1.8,3.98107e+07,1802.87,-88.2819
rff-mtyp-xss,ff,typical,ss,27,1.8,6.30957e+07,1137.99,-88.8751
rff-mtyp-xss,ff,typical,ss,27,1.8,1e+08,718.316,-89.2301
rff-mtyp-xss,ff,typical,ss,27,2.25,100,1.29329e+07,-89.7267
rff-mtyp-xss,ff,typical,ss,27,2.25,158.489,8.16024e+06,-89.5761
rff-mtyp-xss,ff,typical,ss,27,2.25,251.189,5.14898e+06,-89.3340
rff-mtyp-xss,ff,typical,ss,27,2.25,398.107,3.24912e+06,-88.9481
rff-mtyp-xss,ff,typical,ss,27,2.25,630.957,2.0506e+06,-88.3355
rff-mtyp-xss,ff,typical,ss,27,2.25,1000,1.29469e+06,-87.3646
rff-mtyp-xss,ff,typical,ss,27,2.25,1584.89,818248,-85.8288
rff-mtyp-xss,ff,typical,ss,27,2.25,2511.89,518415,-83.4083
rff-mtyp-xss,ff,typical,ss,27,2.25,3981.07,330458,-79.6257
rff-mtyp-xss,ff,typical,ss,27,2.25,6309.57,213738,-73.8347
rff-mtyp-xss,ff,typical,ss,27,2.25,10000,142816,-65.3770
rff-mtyp-xss,ff,typical,ss,27,2.25,15848.9,101632,-54.1674
rff-mtyp-xss,ff,typical,ss,27,2.25,25118.9,79500,-41.5663
rff-mtyp-xss,ff,typical,ss,27,2.25,39810.7,68718.6,-30.1189
rff-mtyp-xss,ff,typical,ss,27,2.25,63095.7,63881.3,-21.7358
rff-mtyp-xss,ff,typical,ss,27,2.25,100000,61744.4,-16.8713
rff-mtyp-xss,ff,typical,ss,27,2.25,158489,60606.3,-15.2879
rff-mtyp-xss,ff,typical,ss,27,2.25,251189,59495.2,-16.8259
rff-mtyp-xss,ff,typical,ss,27,2.25,398107,57525.7,-21.6408
rff-mtyp-xss,ff,typical,ss,27,2.25,630957,53518.2,-29.9735
rff-mtyp-xss,ff,typical,ss,27,2.25,1e+06,46320,-41.3863
rff-mtyp-xss,ff,typical,ss,27,2.25,1.58489e+06,36287.2,-53.9891
rff-mtyp-xss,ff,typical,ss,27,2.25,2.51189e+06,25853,-65.2315
rff-mtyp-xss,ff,typical,ss,27,2.25,3.98107e+06,17286,-73.7290
rff-mtyp-xss,ff,typical,ss,27,2.25,6.30957e+06,11184,-79.5515
rff-mtyp-xss,ff,typical,ss,27,2.25,1e+07,7130.07,-83.3541
rff-mtyp-xss,ff,typical,ss,27,2.25,1.58489e+07,4517.66,-85.7841
rff-mtyp-xss,ff,typical,ss,27,2.25,2.51189e+07,2855.29,-87.3201
rff-mtyp-xss,ff,typical,ss,27,2.25,3.98107e+07,1802.87,-88.2819
rff-mtyp-xss,ff,typical,ss,27,2.25,6.30957e+07,1137.99,-88.8751
rff-mtyp-xss,ff,typical,ss,27,2.25,1e+08,718.316,-89.2301
rff-mtyp-xss,ff,typical,ss,27,2.7,100,1.29303e+07,-89.7267
rff-mtyp-xss,ff,typical,ss,27,2.7,158.489,8.15861e+06,-89.5760
rff-mtyp-xss,ff,typical,ss,27,2.7,251.189,5.14795e+06,-89.3338
rff-mtyp-xss,ff,typical,ss,27,2.7,398.107,3.24847e+06,-88.9479
rff-mtyp-xss,ff,typical,ss,27,2.7,630.957,2.05019e+06,-88.3352
rff-mtyp-xss,ff,typical,ss,27,2.7,1000,1.29444e+06,-87.3641
rff-mtyp-xss,ff,typical,ss,27,2.7,1584.89,818085,-85.8280
rff-mtyp-xss,ff,typical,ss,27,2.7,2511.89,518313,-83.4069
rff-mtyp-xss,ff,typical,ss,27,2.7,3981.07,330394,-79.6236
rff-mtyp-xss,ff,typical,ss,27,2.7,6309.57,213698,-73.8315
rff-mtyp-xss,ff,typical,ss,27,2.7,10000,142793,-65.3725
rff-mtyp-xss,ff,typical,ss,27,2.7,15848.9,101619,-54.1618
rff-mtyp-xss,ff,typical,ss,27,2.7,25118.9,79493.5,-41.5605
rff-mtyp-xss,ff,typical,ss,27,2.7,39810.7,68715.8,-30.1141
rff-mtyp-xss,ff,typical,ss,27,2.7,63095.7,63880.2,-21.7323
rff-mtyp-xss,ff,typical,ss,27,2.7,100000,61744,-16.8689
rff-mtyp-xss,ff,typical,ss,27,2.7,158489,60606.3,-15.2864
rff-mtyp-xss,ff,typical,ss,27,2.7,251189,59495.3,-16.8249
rff-mtyp-xss,ff,typical,ss,27,2.7,398107,57525.9,-21.6403
rff-mtyp-xss,ff,typical,ss,27,2.7,630957,53518.3,-29.9732
rff-mtyp-xss,ff,typical,ss,27,2.7,1e+06,46320.1,-41.3862
rff-mtyp-xss,ff,typical,ss,27,2.7,1.58489e+06,36287.3,-53.9890
rff-mtyp-xss,ff,typical,ss,27,2.7,2.51189e+06,25853.1,-65.2315
rff-mtyp-xss,ff,typical,ss,27,2.7,3.98107e+06,17286,-73.7290
rff-mtyp-xss,ff,typical,ss,27,2.7,6.30957e+06,11184,-79.5515
rff-mtyp-xss,ff,typical,ss,27,2.7,1e+07,7130.07,-83.3541
rff-mtyp-xss,ff,typical,ss,27,2.7,1.58489e+07,4517.66,-85.7841
rff-mtyp-xss,ff,typical,ss,27,2.7,2.51189e+07,2855.29,-87.3201
rff-mtyp-xss,ff,typical,ss,27,2.7,3.98107e+07,1802.87,-88.2819
rff-mtyp-xss,ff,typical,ss,27,2.7,6.30957e+07,1137.99,-88.8751
rff-mtyp-xss,ff,typical,ss,27,2.7,1e+08,718.316,-89.2301
rff-mtyp-xss,ff,typical,ss,125,0.3,100,1.41692e+07,-89.7502
rff-mtyp-xss,ff,typical,ss,125,0.3,158.489,8.94031e+06,-89.6142
rff-mtyp-xss,ff,typical,ss,125,0.3,251.189,5.64115e+06,-89.3950
rff-mtyp-xss,ff,typical,ss,125,0.3,398.107,3.55963e+06,-89.0451
rff-mtyp-xss,ff,typical,ss,125,0.3,630.957,2.24646e+06,-88.4894
rff-mtyp-xss,ff,typical,ss,125,0.3,1000,1.4182e+06,-87.6083
rff-mtyp-xss,ff,typical,ss,125,0.3,1584.89,896044,-86.2140
rff-mtyp-xss,ff,typical,ss,125,0.3,2511.89,567300,-84.0141
rff-mtyp-xss,ff,typical,ss,125,0.3,3981.07,360990,-80.5681
rff-mtyp-xss,ff,typical,ss,125,0.3,6309.57,232529,-75.2620
rff-mtyp-xss,ff,typical,ss,125,0.3,10000,154002,-67.4121
rff-mtyp-xss,ff,typical,ss,125,0.3,15848.9,107854,-56.7434
rff-mtyp-xss,ff,typical,ss,125,0.3,25118.9,82587.8,-44.2778
rff-mtyp-xss,ff,typical,ss,125,0.3,39810.7,70022.4,-32.4487
rff-mtyp-xss,ff,typical,ss,125,0.3,63095.7,64300.4,-23.4493
rff-mtyp-xss,ff,typical,ss,125,0.3,100000,61771,-18.0216
rff-mtyp-xss,ff,typical,ss,125,0.3,158489,60471.7,-16.0208
rff-mtyp-xss,ff,typical,ss,125,0.3,251189,59301.7,-17.2714
rff-mtyp-xss,ff,typical,ss,125,0.3,398107,57323.7,-21.8907
rff-mtyp-xss,ff,typical,ss,125,0.3,630957,53341.5,-30.0893
rff-mtyp-xss,ff,typical,ss,125,0.3,1e+06,46193.3,-41.4159
rff-mtyp-xss,ff,typical,ss,125,0.3,1.58489e+06,36213.7,-53.9760
rff-mtyp-xss,ff,typical,ss,125,0.3,2.51189e+06,25815.4,-65.2075
rff-mtyp-xss,ff,typical,ss,125,0.3,3.98107e+06,17266.5,-73.7083
rff-mtyp-xss,ff,typical,ss,125,0.3,6.30957e+06,11173.1,-79.5368
rff-mtyp-xss,ff,typical,ss,125,0.3,1e+07,7123.58,-83.3443
rff-mtyp-xss,ff,typical,ss,125,0.3,1.58489e+07,4513.67,-85.7779
rff-mtyp-xss,ff,typical,ss,125,0.3,2.51189e+07,2852.8,-87.3162
rff-mtyp-xss,ff,typical,ss,125,0.3,3.98107e+07,1801.3,-88.2795
rff-mtyp-xss,ff,typical,ss,125,0.3,6.30957e+07,1137,-88.8737
rff-mtyp-xss,ff,typical,ss,125,0.3,1e+08,717.693,-89.2294
rff-mtyp-xss,ff,typical,ss,125,0.9,100,1.31359e+07,-89.7314
rff-mtyp-xss,ff,typical,ss,125,0.9,158.489,8.28833e+06,-89.5837
rff-mtyp-xss,ff,typical,ss,125,0.9,251.189,5.22979e+06,-89.3461
rff-mtyp-xss,ff,typical,ss,125,0.9,398.107,3.30011e+06,-88.9674
rff-mtyp-xss,ff,typical,ss,125,0.9,630.957,2.08276e+06,-88.3661
rff-mtyp-xss,ff,typical,ss,125,0.9,1000,1.31497e+06,-87.4130
rff-mtyp-xss,ff,typical,ss,125,0.9,1584.89,831011,-85.9052
rff-mtyp-xss,ff,typical,ss,125,0.9,2511.89,526424,-83.5283
rff-mtyp-xss,ff,typical,ss,125,0.9,3981.07,335443,-79.8122
rff-mtyp-xss,ff,typical,ss,125,0.9,6309.57,216780,-74.1162
rff-mtyp-xss,ff,typical,ss,125,0.9,10000,144589,-65.7754
rff-mtyp-xss,ff,typical,ss,125,0.9,15848.9,102568,-54.6650
rff-mtyp-xss,ff,typical,ss,125,0.9,25118.9,79903.5,-42.0806
rff-mtyp-xss,ff,typical,ss,125,0.9,39810.7,68819.4,-30.5529
rff-mtyp-xss,ff,typical,ss,125,0.9,63095.7,63832.9,-22.0499
rff-mtyp-xss,ff,typical,ss,125,0.9,100000,61630.5,-17.0778
rff-mtyp-xss,ff,typical,ss,125,0.9,158489,60466.8,-15.4139
rff-mtyp-xss,ff,typical,ss,125,0.9,251189,59349.2,-16.8939
rff-mtyp-xss,ff,typical,ss,125,0.9,398107,57386,-21.6661
rff-mtyp-xss,ff,typical,ss,125,0.9,630957,53398,-29.9663
rff-mtyp-xss,ff,typical,ss,125,0.9,1e+06,46231.6,-41.3579
rff-mtyp-xss,ff,typical,ss,125,0.9,1.58489e+06,36232.5,-53.9538
rff-mtyp-xss,ff,typical,ss,125,0.9,2.51189e+06,25822.2,-65.2006
rff-mtyp-xss,ff,typical,ss,125,0.9,3.98107e+06,17268.5,-73.7065
rff-mtyp-xss,ff,typical,ss,125,0.9,6.30957e+06,11173.6,-79.5364
rff-mtyp-xss,ff,typical,ss,125,0.9,1e+07,7123.72,-83.3443
rff-mtyp-xss,ff,typical,ss,125,0.9,1.58489e+07,4513.71,-85.7779
rff-mtyp-xss,ff,typical,ss,125,0.9,2.51189e+07,2852.81,-87.3162
rff-mtyp-xss,ff,typical,ss,125,0.9,3.98107e+07,1801.31,-88.2795
rff-mtyp-xss,ff,typical,ss,125,0.9,6.30957e+07,1137,-88.8737
rff-mtyp-xss,ff,typical,ss,125,0.9,1e+08,717.693,-89.2294
rff-mtyp-xss,ff,typical,ss,125,1.35,100,1.29823e+07,-89.7284
rff-mtyp-xss,ff,typical,ss,125,1.35,158.489,8.1914e+06,-89.5787
rff-mtyp-xss,ff,typical,ss,125,1.35,251.189,5.16864e+06,-89.3381
rff-mtyp-xss,ff,typical,ss,125,1.35,398.107,3.26153e+06,-88.9548
rff-mtyp-xss,ff,typical,ss,125,1.35,630.957,2.05842e+06,-88.3460
rff-mtyp-xss,ff,typical,ss,125,1.35,1000,1.29962e+06,-87.3813
rff-mtyp-xss,ff,typical,ss,125,1.35,1584.89,821344,-85.8551
rff-mtyp-xss,ff,typical,ss,125,1.35,2511.89,520350,-83.4496
rff-mtyp-xss,ff,typical,ss,125,1.35,3981.07,331650,-79.6898
rff-mtyp-xss,ff,typical,ss,125,1.35,6309.57,214447,-73.9315
rff-mtyp-xss,ff,typical,ss,125,1.35,10000,143201,-65.5137
rff-mtyp-xss,ff,typical,ss,125,1.35,15848.9,101794,-54.3377
rff-mtyp-xss,ff,typical,ss,125,1.35,25118.9,79514.9,-41.7414
rff-mtyp-xss,ff,typical,ss,125,1.35,39810.7,68647.1,-30.2655
rff-mtyp-xss,ff,typical,ss,125,1.35,63095.7,63766.6,-21.8401
rff-mtyp-xss,ff,typical,ss,125,1.35,100000,61611,-16.9371
rff-mtyp-xss,ff,typical,ss,125,1.35,158489,60466.6,-15.3236
rff-mtyp-xss,ff,typical,ss,125,1.35,251189,59356.5,-16.8378
rff-mtyp-xss,ff,typical,ss,125,1.35,398107,57395.3,-21.6327
rff-mtyp-xss,ff,typical,ss,125,1.35,630957,53406.4,-29.9480
rff-mtyp-xss,ff,typical,ss,125,1.35,1e+06,46237.3,-41.3493
rff-mtyp-xss,ff,typical,ss,125,1.35,1.58489e+06,36235.3,-53.9505
rff-mtyp-xss,ff,typical,ss,125,1.35,2.51189e+06,25823.2,-65.1996
rff-mtyp-xss,ff,typical,ss,125,1.35,3.98107e+06,17268.9,-73.7062
rff-mtyp-xss,ff,typical,ss,125,1.35,6.30957e+06,11173.7,-79.5363
rff-mtyp-xss,ff,typical,ss,125,1.35,1e+07,7123.75,-83.3443
rff-mtyp-xss,ff,typical,ss,125,1.35,1.58489e+07,4513.72,-85.7779
rff-mtyp-xss,ff,typical,ss,125,1.35,2.51189e+07,2852.81,-87.3162
rff-mtyp-xss,ff,typical,ss,125,1.35,3.98107e+07,1801.31,-88.2795
rff-mtyp-xss,ff,typical,ss,125,1.35,6.30957e+07,1137,-88.8737
rff-mtyp-xss,ff,typical,ss,125,1.35,1e+08,717.693,-89.2294
rff-mtyp-xss,ff,typical,ss,125,1.8,100,1.29428e+07,-89.7276
rff-mtyp-xss,ff,typical,ss,125,1.8,158.489,8.16649e+06,-89.5774
rff-mtyp-xss,ff,typical,ss,125,1.8,251.189,5.15292e+06,-89.3361
rff-mtyp-xss,ff,typical,ss,125,1.8,398.107,3.25161e+06,-88.9515
rff-mtyp-xss,ff,typical,ss,125,1.8,630.957,2.05216e+06,-88.3408
rff-mtyp-xss,ff,typical,ss,125,1.8,1000,1.29568e+06,-87.3730
rff-mtyp-xss,ff,typical,ss,125,1.8,1584.89,818860,-85.8421
rff-mtyp-xss,ff,typical,ss,125,1.8,2511.89,518790,-83.4290
rff-mtyp-xss,ff,typical,ss,125,1.8,3981.07,330676,-79.6579
rff-mtyp-xss,ff,typical,ss,125,1.8,6309.57,213847,-73.8833
rff-mtyp-xss,ff,typical,ss,125,1.8,10000,142844,-65.4457
rff-mtyp-xss,ff,typical,ss,125,1.8,15848.9,101596,-54.2527
rff-mtyp-xss,ff,typical,ss,125,1.8,25118.9,79415.5,-41.6537
rff-mtyp-xss,ff,typical,ss,125,1.8,39810.7,68603.1,-30.1914
rff-mtyp-xss,ff,typical,ss,125,1.8,63095.7,63749.8,-21.7861
rff-mtyp-xss,ff,typical,ss,125,1.8,100000,61606.1,-16.9010
rff-mtyp-xss,ff,typical,ss,125,1.8,158489,60466.6,-15.3004
rff-mtyp-xss,ff,typical,ss,125,1.8,251189,59358.4,-16.8234
rff-mtyp-xss,ff,typical,ss,125,1.8,398107,57397.7,-21.6242
rff-mtyp-xss,ff,typical,ss,125,1.8,630957,53408.6,-29.9433
rff-mtyp-xss,ff,typical,ss,125,1.8,1e+06,46238.8,-41.3471
rff-mtyp-xss,ff,typical,ss,125,1.8,1.58489e+06,36236,-53.9496
rff-mtyp-xss,ff,typical,ss,125,1.8,2.51189e+06,25823.5,-65.1993
rff-mtyp-xss,ff,typical,ss,125,1.8,3.98107e+06,17268.9,-73.7061
rff-mtyp-xss,ff,typical,ss,125,1.8,6.30957e+06,11173.7,-79.5363
rff-mtyp-xss,ff,typical,ss,125,1.8,1e+07,7123.75,-83.3443
rff-mtyp-xss,ff,typical,ss,125,1.8,1.58489e+07,4513.72,-85.7779
rff-mtyp-xss,ff,typical,ss,125,1.8,2.51189e+07,2852.81,-87.3162
rff-mtyp-xss,ff,typical,ss,125,1.8,3.98107e+07,1801.31,-88.2795
rff-mtyp-xss,ff,typical,ss,125,1.8,6.30957e+07,1137,-88.8737
rff-mtyp-xss,ff,typical,ss,125,1.8,1e+08,717.693,-89.2294
rff-mtyp-xss,ff,typical,ss,125,2.25,100,1.29327e+07,-89.7274
rff-mtyp-xss,ff,typical,ss,125,2.25,158.489,8.16011e+06,-89.5771
rff-mtyp-xss,ff,typical,ss,125,2.25,251.189,5.14889e+06,-89.3355
rff-mtyp-xss,ff,typical,ss,125,2.25,398.107,3.24907e+06,-88.9506
rff-mtyp-xss,ff,typical,ss,125,2.25,630.957,2.05056e+06,-88.3395
rff-mtyp-xss,ff,typical,ss,125,2.25,1000,1.29467e+06,-87.3709
rff-mtyp-xss,ff,typical,ss,125,2.25,1584.89,818224,-85.8387
rff-mtyp-xss,ff,typical,ss,125,2.25,2511.89,518390,-83.4238
rff-mtyp-xss,ff,typical,ss,125,2.25,3981.07,330427,-79.6497
rff-mtyp-xss,ff,typical,ss,125,2.25,6309.57,213694,-73.8710
rff-mtyp-xss,ff,typical,ss,125,2.25,10000,142753,-65.4282
rff-mtyp-xss,ff,typical,ss,125,2.25,15848.9,101545,-54.2309
rff-mtyp-xss,ff,typical,ss,125,2.25,25118.9,79390,-41.6312
rff-mtyp-xss,ff,typical,ss,125,2.25,39810.7,68591.8,-30.1724
rff-mtyp-xss,ff,typical,ss,125,2.25,63095.7,63745.4,-21.7723
rff-mtyp-xss,ff,typical,ss,125,2.25,100000,61604.8,-16.8917
rff-mtyp-xss,ff,typical,ss,125,2.25,158489,60466.6,-15.2945
rff-mtyp-xss,ff,typical,ss,125,2.25,251189,59358.8,-16.8197
rff-mtyp-xss,ff,typical,ss,125,2.25,398107,57398.3,-21.6220
rff-mtyp-xss,ff,typical,ss,125,2.25,630957,53409.1,-29.9421
rff-mtyp-xss,ff,typical,ss,125,2.25,1e+06,46239.1,-41.3465
rff-mtyp-xss,ff,typical,ss,125,2.25,1.58489e+06,36236.2,-53.9494
rff-mtyp-xss,ff,typical,ss,125,2.25,2.51189e+06,25823.6,-65.1992
rff-mtyp-xss,ff,typical,ss,125,2.25,3.98107e+06,17269,-73.7061
rff-mtyp-xss,ff,typical,ss,125,2.25,6.30957e+06,11173.7,-79.5363
rff-mtyp-xss,ff,typical,ss,125,2.25,1e+07,7123.75,-83.3443
rff-mtyp-xss,ff,typical,ss,125,2.25,1.58489e+07,4513.72,-85.7779
rff-mtyp-xss,ff,typical,ss,125,2.25,2.51189e+07,2852.81,-87.3162
rff-mtyp-xss,ff,typical,ss,125,2.25,3.98107e+07,1801.31,-88.2795
rff-mtyp-xss,ff,typical,ss,125,2.25,6.30957e+07,1137,-88.8737
rff-mtyp-xss,ff,typical,ss,125,2.25,1e+08,717.693,-89.2294
rff-mtyp-xss,ff,typical,ss,125,2.7,100,1.29301e+07,-89.7273
rff-mtyp-xss,ff,typical,ss,125,2.7,158.489,8.15848e+06,-89.5770
rff-mtyp-xss,ff,typical,ss,125,2.7,251.189,5.14786e+06,-89.3354
rff-mtyp-xss,ff,typical,ss,125,2.7,398.107,3.24842e+06,-88.9504
rff-mtyp-xss,ff,typical,ss,125,2.7,630.957,2.05015e+06,-88.3391
rff-mtyp-xss,ff,typical,ss,125,2.7,1000,1.29441e+06,-87.3703
rff-mtyp-xss,ff,typical,ss,125,2.7,1584.89,818062,-85.8378
rff-mtyp-xss,ff,typical,ss,125,2.7,2511.89,518288,-83.4224
rff-mtyp-xss,ff,typical,ss,125,2.7,3981.07,330363,-79.6476
rff-mtyp-xss,ff,typical,ss,125,2.7,6309.57,213655,-73.8678
rff-mtyp-xss,ff,typical,ss,125,2.7,10000,142730,-65.4237
rff-mtyp-xss,ff,typical,ss,125,2.7,15848.9,101532,-54.2254
rff-mtyp-xss,ff,typical,ss,125,2.7,25118.9,79383.5,-41.6254
rff-mtyp-xss,ff,typical,ss,125,2.7,39810.7,68589,-30.1675
rff-mtyp-xss,ff,typical,ss,125,2.7,63095.7,63744.3,-21.7687
rff-mtyp-xss,ff,typical,ss,125,2.7,100000,61604.5,-16.8893
rff-mtyp-xss,ff,typical,ss,125,2.7,158489,60466.6,-15.2930
rff-mtyp-xss,ff,typical,ss,125,2.7,251189,59359,-16.8188
rff-mtyp-xss,ff,typical,ss,125,2.7,398107,57398.5,-21.6214
rff-mtyp-xss,ff,typical,ss,125,2.7,630957,53409.2,-29.9418
rff-mtyp-xss,ff,typical,ss,125,2.7,1e+06,46239.2,-41.3464
rff-mtyp-xss,ff,typical,ss,125,2.7,1.58489e+06,36236.2,-53.9494
rff-mtyp-xss,ff,typical,ss,125,2.7,2.51189e+06,25823.6,-65.1992
rff-mtyp-xss,ff,typical,ss,125,2.7,3.98107e+06,17269,-73.7061
rff-mtyp-xss,ff,typical,ss,125,2.7,6.30957e+06,11173.7,-79.5363
rff-mtyp-xss,ff,typical,ss,125,2.7,1e+07,7123.75,-83.3443
rff-mtyp-xss,ff,typical,ss,125,2.7,1.58489e+07,4513.72,-85.7779
rff-mtyp-xss,ff,typical,ss,125,2.7,2.51189e+07,2852.81,-87.3162
rff-mtyp-xss,ff,typical,ss,125,2.7,3.98107e+07,1801.31,-88.2795
rff-mtyp-xss,ff,typical,ss,125,2.7,6.30957e+07,1137,-88.8737
rff-mtyp-xss,ff,typical,ss,125,2.7,1e+08,717.693,-89.2294
rff-mtyp-xtyp,ff,typical,typical,-40,0.3,100,1.4195e+07,-89.7470
rff-mtyp-xtyp,ff,typical,typical,-40,0.3,158.489,8.95654e+06,-89.6091
rff-mtyp-xtyp,ff,typical,typical,-40,0.3,251.189,5.65139e+06,-89.3868
rff-mtyp-xtyp,ff,typical,typical,-40,0.3,398.107,3.5661e+06,-89.0322
rff-mtyp-xtyp,ff,typical,typical,-40,0.3,630.957,2.25056e+06,-88.4689
rff-mtyp-xtyp,ff,typical,typical,-40,0.3,1000,1.4208e+06,-87.5759
rff-mtyp-xtyp,ff,typical,typical,-40,0.3,1584.89,897719,-86.1627
rff-mtyp-xtyp,ff,typical,typical,-40,0.3,2511.89,568406,-83.9333
rff-mtyp-xtyp,ff,typical,typical,-40,0.3,3981.07,361765,-80.4420
rff-mtyp-xtyp,ff,typical,typical,-40,0.3,6309.57,233137,-75.0694
rff-mtyp-xtyp,ff,typical,typical,-40,0.3,10000,154562,-67.1317
rff-mtyp-xtyp,ff,typical,typical,-40,0.3,15848.9,108450,-56.3718
rff-mtyp-xtyp,ff,typical,typical,-40,0.3,25118.9,83260.5,-43.8481
rff-mtyp-xtyp,ff,typical,typical,-40,0.3,39810.7,70767.6,-32.0046
rff-mtyp-xtyp,ff,typical,typical,-40,0.3,63095.7,65096,-22.9908
rff-mtyp-xtyp,ff,typical,typical,-40,0.3,100000,62605.7,-17.4933
rff-mtyp-xtyp,ff,typical,typical,-40,0.3,158489,61359.4,-15.3276
rff-mtyp-xtyp,ff,typical,typical,-40,0.3,251189,60297.8,-16.2864
rff-mtyp-xtyp,ff,typical,typical,-40,0.3,398107,58551.8,-20.4708
rff-mtyp-xtyp,ff,typical,typical,-40,0.3,630957,54994.6,-28.1476
rff-mtyp-xtyp,ff,typical,typical,-40,0.3,1e+06,48373.9,-39.0839
rff-mtyp-xtyp,ff,typical,typical,-40,0.3,1.58489e+06,38639.5,-51.6664
rff-mtyp-xtyp,ff,typical,typical,-40,0.3,2.51189e+06,27966.2,-63.3205
rff-mtyp-xtyp,ff,typical,typical,-40,0.3,3.98107e+06,18872,-72.3587
rff-mtyp-xtyp,ff,typical,typical,-40,0.3,6.30957e+06,12263.8,-78.6370
rff-mtyp-xtyp,ff,typical,typical,-40,0.3,1e+07,7833.3,-82.7629
rff-mtyp-xtyp,ff,typical,typical,-40,0.3,1.58489e+07,4967.09,-85.4064
rff-mtyp-xtyp,ff,typical,typical,-40,0.3,2.51189e+07,3140.34,-87.0790
rff-mtyp-xtyp,ff,typical,typical,-40,0.3,3.98107e+07,1983.11,-88.1267
rff-mtyp-xtyp,ff,typical,typical,-40,0.3,6.30957e+07,1251.84,-88.7726
rff-mtyp-xtyp,ff,typical,typical,-40,0.3,1e+08,790.226,-89.1589
rff-mtyp-xtyp,ff,typical,typical,-40,0.9,100,1.3158e+07,-89.7279
rff-mtyp-xtyp,ff,typical,typical,-40,0.9,158.489,8.30228e+06,-89.5782
rff-mtyp-xtyp,ff,typical,typical,-40,0.9,251.189,5.2386e+06,-89.3373
rff-mtyp-xtyp,ff,typical,typical,-40,0.9,398.107,3.30568e+06,-88.9535
rff-mtyp-xtyp,ff,typical,typical,-40,0.9,630.957,2.08628e+06,-88.3441
rff-mtyp-xtyp,ff,typical,typical,-40,0.9,1000,1.31721e+06,-87.3782
rff-mtyp-xtyp,ff,typical,typical,-40,0.9,1584.89,832462,-85.8503
rff-mtyp-xtyp,ff,typical,typical,-40,0.9,2511.89,527392,-83.4419
rff-mtyp-xtyp,ff,typical,typical,-40,0.9,3981.07,336137,-79.6777
rff-mtyp-xtyp,ff,typical,typical,-40,0.9,6309.57,217345,-73.9120
rff-mtyp-xtyp,ff,typical,typical,-40,0.9,10000,145132,-65.4821
rff-mtyp-xtyp,ff,typical,typical,-40,0.9,15848.9,103162,-54.2852
rff-mtyp-xtyp,ff,typical,typical,-40,0.9,25118.9,80579.6,-41.6535
rff-mtyp-xtyp,ff,typical,typical,-40,0.9,39810.7,69565.6,-30.1198
rff-mtyp-xtyp,ff,typical,typical,-40,0.9,63095.7,64625.8,-21.6033
rff-mtyp-xtyp,ff,typical,typical,-40,0.9,100000,62460.2,-16.5583
rff-mtyp-xtyp,ff,typical,typical,-40,0.9,158489,61348.8,-14.7257
rff-mtyp-xtyp,ff,typical,typical,-40,0.9,251189,60339.8,-15.9107
rff-mtyp-xtyp,ff,typical,typical,-40,0.9,398107,58609.9,-20.2452
rff-mtyp-xtyp,ff,typical,typical,-40,0.9,630957,55049.3,-28.0218
rff-mtyp-xtyp,ff,typical,typical,-40,0.9,1e+06,48412.9,-39.0227
rff-mtyp-xtyp,ff,typical,typical,-40,0.9,1.58489e+06,38659.7,-51.6420
rff-mtyp-xtyp,ff,typical,typical,-40,0.9,2.51189e+06,27973.9,-63.3127
rff-mtyp-xtyp,ff,typical,typical,-40,0.9,3.98107e+06,18874.4,-72.3566
rff-mtyp-xtyp,ff,typical,typical,-40,0.9,6.30957e+06,12264.5,-78.6366
rff-mtyp-xtyp,ff,typical,typical,-40,0.9,1e+07,7833.47,-82.7628
rff-mtyp-xtyp,ff,typical,typical,-40,0.9,1.58489e+07,4967.14,-85.4065
rff-mtyp-xtyp,ff,typical,typical,-40,0.9,2.51189e+07,3140.35,-87.0791
rff-mtyp-xtyp,ff,typical,typical,-40,0.9,3.98107e+07,1983.11,-88.1267
rff-mtyp-xtyp,ff,typical,typical,-40,0.9,6.30957e+07,1251.84,-88.7727
rff-mtyp-xtyp,ff,typical,typical,-40,0.9,1e+08,790.226,-89.1589
rff-mtyp-xtyp,ff,typical,typical,-40,1.35,100,1.30039e+07,-89.7248
rff-mtyp-xtyp,ff,typical,typical,-40,1.35,158.489,8.20502e+06,-89.5731
rff-mtyp-xtyp,ff,typical,typical,-40,1.35,251.189,5.17724e+06,-89.3293
rff-mtyp-xtyp,ff,typical,typical,-40,1.35,398.107,3.26696e+06,-88.9408
rff-mtyp-xtyp,ff,typical,typical,-40,1.35,630.957,2.06186e+06,-88.3239
rff-mtyp-xtyp,ff,typical,typical,-40,1.35,1000,1.30181e+06,-87.3462
rff-mtyp-xtyp,ff,typical,typical,-40,1.35,1584.89,822763,-85.7996
rff-mtyp-xtyp,ff,typical,typical,-40,1.35,2511.89,521299,-83.3623
rff-mtyp-xtyp,ff,typical,typical,-40,1.35,3981.07,332333,-79.5540
rff-mtyp-xtyp,ff,typical,typical,-40,1.35,6309.57,215005,-73.7254
rff-mtyp-xtyp,ff,typical,typical,-40,1.35,10000,143741,-65.2184
rff-mtyp-xtyp,ff,typical,typical,-40,1.35,15848.9,102388,-53.9567
rff-mtyp-xtyp,ff,typical,typical,-40,1.35,25118.9,80191.5,-41.3149
rff-mtyp-xtyp,ff,typical,typical,-40,1.35,39810.7,69393.5,-29.8341
rff-mtyp-xtyp,ff,typical,typical,-40,1.35,63095.7,64559.2,-21.3953
rff-mtyp-xtyp,ff,typical,typical,-40,1.35,100000,62440,-16.4190
rff-mtyp-xtyp,ff,typical,typical,-40,1.35,158489,61347.9,-14.6362
rff-mtyp-xtyp,ff,typical,typical,-40,1.35,251189,60346.3,-15.8549
rff-mtyp-xtyp,ff,typical,typical,-40,1.35,398107,58618.6,-20.2117
rff-mtyp-xtyp,ff,typical,typical,-40,1.35,630957,55057.5,-28.0031
rff-mtyp-xtyp,ff,typical,typical,-40,1.35,1e+06,48418.7,-39.0136
rff-mtyp-xtyp,ff,typical,typical,-40,1.35,1.58489e+06,38662.7,-51.6384
rff-mtyp-xtyp,ff,typical,typical,-40,1.35,2.51189e+06,27975.1,-63.3115
rff-mtyp-xtyp,ff,typical,typical,-40,1.35,3.98107e+06,18874.8,-72.3563
rff-mtyp-xtyp,ff,typical,typical,-40,1.35,6.30957e+06,12264.6,-78.6365
rff-mtyp-xtyp,ff,typical,typical,-40,1.35,1e+07,7833.49,-82.7628
rff-mtyp-xtyp,ff,typical,typical,-40,1.35,1.58489e+07,4967.14,-85.4065
rff-mtyp-xtyp,ff,typical,typical,-40,1.35,2.51189e+07,3140.35,-87.0791
rff-mtyp-xtyp,ff,typical,typical,-40,1.35,3.98107e+07,1983.11,-88.1267
rff-mtyp-xtyp,ff,typical,typical,-40,1.35,6.30957e+07,1251.84,-88.7727
rff-mtyp-xtyp,ff,typical,typical,-40,1.35,1e+08,790.226,-89.1589
rff-mtyp-xtyp,ff,typical,typical,-40,1.8,100,1.29643e+07,-89.7240
rff-mtyp-xtyp,ff,typical,typical,-40,1.8,158.489,8.18003e+06,-89.5718
rff-mtyp-xtyp,ff,typical,typical,-40,1.8,251.189,5.16147e+06,-89.3272
rff-mtyp-xtyp,ff,typical,typical,-40,1.8,398.107,3.25701e+06,-88.9374
rff-mtyp-xtyp,ff,typical,typical,-40,1.8,630.957,2.05559e+06,-88.3186
rff-mtyp-xtyp,ff,typical,typical,-40,1.8,1000,1.29786e+06,-87.3378
rff-mtyp-xtyp,ff,typical,typical,-40,1.8,1584.89,820271,-85.7864
rff-mtyp-xtyp,ff,typical,typical,-40,1.8,2511.89,519733,-83.3415
rff-mtyp-xtyp,ff,typical,typical,-40,1.8,3981.07,331355,-79.5217
rff-mtyp-xtyp,ff,typical,typical,-40,1.8,6309.57,214404,-73.6768
rff-mtyp-xtyp,ff,typical,typical,-40,1.8,10000,143384,-65.1498
rff-mtyp-xtyp,ff,typical,typical,-40,1.8,15848.9,102190,-53.8714
rff-mtyp-xtyp,ff,typical,typical,-40,1.8,25118.9,80092.3,-41.2273
rff-mtyp-xtyp,ff,typical,typical,-40,1.8,39810.7,69349.5,-29.7605
rff-mtyp-xtyp,ff,typical,typical,-40,1.8,63095.7,64542.2,-21.3418
rff-mtyp-xtyp,ff,typical,typical,-40,1.8,100000,62434.9,-16.3831
rff-mtyp-xtyp,ff,typical,typical,-40,1.8,158489,61347.6,-14.6132
rff-mtyp-xtyp,ff,typical,typical,-40,1.8,251189,60348,-15.8406
rff-mtyp-xtyp,ff,typical,typical,-40,1.8,398107,58620.9,-20.2031
rff-mtyp-xtyp,ff,typical,typical,-40,1.8,630957,55059.6,-27.9983
rff-mtyp-xtyp,ff,typical,typical,-40,1.8,1e+06,48420.2,-39.0113
rff-mtyp-xtyp,ff,typical,typical,-40,1.8,1.58489e+06,38663.5,-51.6375
rff-mtyp-xtyp,ff,typical,typical,-40,1.8,2.51189e+06,27975.3,-63.3112
rff-mtyp-xtyp,ff,typical,typical,-40,1.8,3.98107e+06,18874.9,-72.3562
rff-mtyp-xtyp,ff,typical,typical,-40,1.8,6.30957e+06,12264.6,-78.6365
rff-mtyp-xtyp,ff,typical,typical,-40,1.8,1e+07,7833.5,-82.7628
rff-mtyp-xtyp,ff,typical,typical,-40,1.8,1.58489e+07,4967.14,-85.4065
rff-mtyp-xtyp,ff,typical,typical,-40,1.8,2.51189e+07,3140.35,-87.0791
rff-mtyp-xtyp,ff,typical,typical,-40,1.8,3.98107e+07,1983.11,-88.1267
rff-mtyp-xtyp,ff,typical,typical,-40,1.8,6.30957e+07,1251.84,-88.7727
rff-mtyp-xtyp,ff,typical,typical,-40,1.8,1e+08,790.226,-89.1589
rff-mtyp-xtyp,ff,typical,typical,-40,2.25,100,1.29541e+07,-89.7238
rff-mtyp-xtyp,ff,typical,typical,-40,2.25,158.489,8.17363e+06,-89.5715
rff-mtyp-xtyp,ff,typical,typical,-40,2.25,251.189,5.15743e+06,-89.3267
rff-mtyp-xtyp,ff,typical,typical,-40,2.25,398.107,3.25447e+06,-88.9366
rff-mtyp-xtyp,ff,typical,typical,-40,2.25,630.957,2.05398e+06,-88.3172
rff-mtyp-xtyp,ff,typical,typical,-40,2.25,1000,1.29684e+06,-87.3357
rff-mtyp-xtyp,ff,typical,typical,-40,2.25,1584.89,819633,-85.7830
rff-mtyp-xtyp,ff,typical,typical,-40,2.25,2511.89,519332,-83.3362
rff-mtyp-xtyp,ff,typical,typical,-40,2.25,3981.07,331105,-79.5135
rff-mtyp-xtyp,ff,typical,typical,-40,2.25,6309.57,214251,-73.6643
rff-mtyp-xtyp,ff,typical,typical,-40,2.25,10000,143293,-65.1322
rff-mtyp-xtyp,ff,typical,typical,-40,2.25,15848.9,102140,-53.8496
rff-mtyp-xtyp,ff,typical,typical,-40,2.25,25118.9,80066.9,-41.2049
rff-mtyp-xtyp,ff,typical,typical,-40,2.25,39810.7,69338.3,-29.7416
rff-mtyp-xtyp,ff,typical,typical,-40,2.25,63095.7,64537.9,-21.3281
rff-mtyp-xtyp,ff,typical,typical,-40,2.25,100000,62433.6,-16.3740
rff-mtyp-xtyp,ff,typical,typical,-40,2.25,158489,61347.6,-14.6074
rff-mtyp-xtyp,ff,typical,typical,-40,2.25,251189,60348.4,-15.8369
rff-mtyp-xtyp,ff,typical,typical,-40,2.25,398107,58621.5,-20.2009
rff-mtyp-xtyp,ff,typical,typical,-40,2.25,630957,55060.1,-27.9971
rff-mtyp-xtyp,ff,typical,typical,-40,2.25,1e+06,48420.5,-39.0107
rff-mtyp-xtyp,ff,typical,typical,-40,2.25,1.58489e+06,38663.7,-51.6372
rff-mtyp-xtyp,ff,typical,typical,-40,2.25,2.51189e+06,27975.4,-63.3111
rff-mtyp-xtyp,ff,typical,typical,-40,2.25,3.98107e+06,18874.9,-72.3562
rff-mtyp-xtyp,ff,typical,typical,-40,2.25,6.30957e+06,12264.6,-78.6365
rff-mtyp-xtyp,ff,typical,typical,-40,2.25,1e+07,7833.5,-82.7628
rff-mtyp-xtyp,ff,typical,typical,-40,2.25,1.58489e+07,4967.15,-85.4065
rff-mtyp-xtyp,ff,typical,typical,-40,2.25,2.51189e+07,3140.35,-87.0791
rff-mtyp-xtyp,ff,typical,typical,-40,2.25,3.98107e+07,1983.11,-88.1267
rff-mtyp-xtyp,ff,typical,typical,-40,2.25,6.30957e+07,1251.84,-88.7727
rff-mtyp-xtyp,ff,typical,typical,-40,2.25,1e+08,790.226,-89.1589
rff-mtyp-xtyp,ff,typical,typical,-40,2.7,100,1.29515e+07,-89.7238
rff-mtyp-xtyp,ff,typical,typical,-40,2.7,158.489,8.172e+06,-89.5714
rff-mtyp-xtyp,ff,typical,typical,-40,2.7,251.189,5.1564e+06,-89.3265
rff-mtyp-xtyp,ff,typical,typical,-40,2.7,398.107,3.25382e+06,-88.9364
rff-mtyp-xtyp,ff,typical,typical,-40,2.7,630.957,2.05357e+06,-88.3169
rff-mtyp-xtyp,ff,typical,typical,-40,2.7,1000,1.29659e+06,-87.3351
rff-mtyp-xtyp,ff,typical,typical,-40,2.7,1584.89,819469,-85.7822
rff-mtyp-xtyp,ff,typical,typical,-40,2.7,2511.89,519230,-83.3348
rff-mtyp-xtyp,ff,typical,typical,-40,2.7,3981.07,331041,-79.5113
rff-mtyp-xtyp,ff,typical,typical,-40,2.7,6309.57,214211,-73.6611
rff-mtyp-xtyp,ff,typical,typical,-40,2.7,10000,143270,-65.1277
rff-mtyp-xtyp,ff,typical,typical,-40,2.7,15848.9,102127,-53.8440
rff-mtyp-xtyp,ff,typical,typical,-40,2.7,25118.9,80060.4,-41.1991
rff-mtyp-xtyp,ff,typical,typical,-40,2.7,39810.7,69335.4,-29.7368
rff-mtyp-xtyp,ff,typical,typical,-40,2.7,63095.7,64536.7,-21.3246
rff-mtyp-xtyp,ff,typical,typical,-40,2.7,100000,62433.3,-16.3716
rff-mtyp-xtyp,ff,typical,typical,-40,2.7,158489,61347.6,-14.6058
rff-mtyp-xtyp,ff,typical,typical,-40,2.7,251189,60348.5,-15.8360
rff-mtyp-xtyp,ff,typical,typical,-40,2.7,398107,58621.6,-20.2003
rff-mtyp-xtyp,ff,typical,typical,-40,2.7,630957,55060.2,-27.9968
rff-mtyp-xtyp,ff,typical,typical,-40,2.7,1e+06,48420.6,-39.0105
rff-mtyp-xtyp,ff,typical,typical,-40,2.7,1.58489e+06,38663.7,-51.6372
rff-mtyp-xtyp,ff,typical,typical,-40,2.7,2.51189e+06,27975.4,-63.3111
rff-mtyp-xtyp,ff,typical,typical,-40,2.7,3.98107e+06,18874.9,-72.3562
rff-mtyp-xtyp,ff,typical,typical,-40,2.7,6.30957e+06,12264.6,-78.6365
rff-mtyp-xtyp,ff,typical,typical,-40,2.7,1e+07,7833.5,-82.7628
rff-mtyp-xtyp,ff,typical,typical,-40,2.7,1.58489e+07,4967.15,-85.4065
rff-mtyp-xtyp,ff,typical,typical,-40,2.7,2.51189e+07,3140.35,-87.0791
rff-mtyp-xtyp,ff,typical,typical,-40,2.7,3.98107e+07,1983.11,-88.1267
rff-mtyp-xtyp,ff,typical,typical,-40,2.7,6.30957e+07,1251.84,-88.7727
rff-mtyp-xtyp,ff,typical,typical,-40,2.7,1e+08,790.226,-89.1589
rff-mtyp-xtyp,ff,typical,typical,27,0.3,100,1.41947e+07,-89.7492
rff-mtyp-xtyp,ff,typical,typical,27,0.3,158.489,8.95634e+06,-89.6126
rff-mtyp-xtyp,ff,typical,typical,27,0.3,251.189,5.65127e+06,-89.3924
rff-mtyp-xtyp,ff,typical,typical,27,0.3,398.107,3.56602e+06,-89.0412
rff-mtyp-xtyp,ff,typical,typical,27,0.3,630.957,2.2505e+06,-88.4831
rff-mtyp-xtyp,ff,typical,typical,27,0.3,1000,1.42075e+06,-87.5984
rff-mtyp-xtyp,ff,typical,typical,27,0.3,1584.89,897661,-86.1982
rff-mtyp-xtyp,ff,typical,typical,27,0.3,2511.89,568333,-83.9893
rff-mtyp-xtyp,ff,typical,typical,27,0.3,3981.07,361662,-80.5291
rff-mtyp-xtyp,ff,typical,typical,27,0.3,6309.57,232984,-75.2017
rff-mtyp-xtyp,ff,typical,typical,27,0.3,10000,154335,-67.3214
rff-mtyp-xtyp,ff,typical,typical,27,0.3,15848.9,108129,-56.6142
rff-mtyp-xtyp,ff,typical,typical,27,0.3,25118.9,82843.4,-44.1052
rff-mtyp-xtyp,ff,typical,typical,27,0.3,39810.7,70277.6,-32.2230
rff-mtyp-xtyp,ff,typical,typical,27,0.3,63095.7,64564.6,-23.1416
rff-mtyp-xtyp,ff,typical,typical,27,0.3,100000,62056.7,-17.5756
rff-mtyp-xtyp,ff,typical,typical,27,0.3,158489,60808.6,-15.3482
rff-mtyp-xtyp,ff,typical,typical,27,0.3,251189,59759.9,-16.2485
rff-mtyp-xtyp,ff,typical,typical,27,0.3,398107,58050.3,-20.3711
rff-mtyp-xtyp,ff,typical,typical,27,0.3,630957,54569.3,-27.9839
rff-mtyp-xtyp,ff,typical,typical,27,0.3,1e+06,48070.3,-38.8709
rff-mtyp-xtyp,ff,typical,typical,27,0.3,1.58489e+06,38467.6,-51.4458
rff-mtyp-xtyp,ff,typical,typical,27,0.3,2.51189e+06,27885,-63.1355
rff-mtyp-xtyp,ff,typical,typical,27,0.3,3.98107e+06,18834.7,-72.2246
rff-mtyp-xtyp,ff,typical,typical,27,0.3,6.30957e+06,12245.1,-78.5472
rff-mtyp-xtyp,ff,typical,typical,27,0.3,1e+07,7822.87,-82.7048
rff-mtyp-xtyp,ff,typical,typical,27,0.3,1.58489e+07,4960.88,-85.3695
rff-mtyp-xtyp,ff,typical,typical,27,0.3,2.51189e+07,3136.51,-87.0558
rff-mtyp-xtyp,ff,typical,typical,27,0.3,3.98107e+07,1980.72,-88.1123
rff-mtyp-xtyp,ff,typical,typical,27,0.3,6.30957e+07,1250.33,-88.7640
rff-mtyp-xtyp,ff,typical,typical,27,0.3,1e+08,789.27,-89.1540
rff-mtyp-xtyp,ff,typical,typical,27,0.9,100,1.31578e+07,-89.7304
rff-mtyp-xtyp,ff,typical,typical,27,0.9,158.489,8.30211e+06,-89.5820
rff-mtyp-xtyp,ff,typical,typical,27,0.9,251.189,5.23849e+06,-89.3435
rff-mtyp-xtyp,ff,typical,typical,27,0.9,398.107,3.3056e+06,-88.9632
rff-mtyp-xtyp,ff,typical,typical,27,0.9,630.957,2.08622e+06,-88.3595
rff-mtyp-xtyp,ff,typical,typical,27,0.9,1000,1.31716e+06,-87.4025
rff-mtyp-xtyp,ff,typical,typical,27,0.9,1584.89,832403,-85.8887
rff-mtyp-xtyp,ff,typical,typical,27,0.9,2511.89,527316,-83.5023
rff-mtyp-xtyp,ff,typical,typical,27,0.9,3981.07,336027,-79.7714
rff-mtyp-xtyp,ff,typical,typical,27,0.9,6309.57,217181,-74.0534
rff-mtyp-xtyp,ff,typical,typical,27,0.9,10000,144891,-65.6820
rff-mtyp-xtyp,ff,typical,typical,27,0.9,15848.9,102824,-54.5340
rff-mtyp-xtyp,ff,typical,typical,27,0.9,25118.9,80147.6,-41.9083
rff-mtyp-xtyp,ff,typical,typical,27,0.9,39810.7,69065.8,-30.3291
rff-mtyp-xtyp,ff,typical,typical,27,0.9,63095.7,64089.1,-21.7440
rff-mtyp-xtyp,ff,typical,typical,27,0.9,100000,61908.6,-16.6326
rff-mtyp-xtyp,ff,typical,typical,27,0.9,158489,60796.5,-14.7408
rff-mtyp-xtyp,ff,typical,typical,27,0.9,251189,59801,-15.8691
rff-mtyp-xtyp,ff,typical,typical,27,0.9,398107,58107.8,-20.1431
rff-mtyp-xtyp,ff,typical,typical,27,0.9,630957,54623.7,-27.8565
rff-mtyp-xtyp,ff,typical,typical,27,0.9,1e+06,48109.3,-38.8087
rff-mtyp-xtyp,ff,typical,typical,27,0.9,1.58489e+06,38487.9,-51.4209
rff-mtyp-xtyp,ff,typical,typical,27,0.9,2.51189e+06,27892.8,-63.1275
rff-mtyp-xtyp,ff,typical,typical,27,0.9,3.98107e+06,18837.2,-72.2225
rff-mtyp-xtyp,ff,typical,typical,27,0.9,6.30957e+06,12245.8,-78.5467
rff-mtyp-xtyp,ff,typical,typical,27,0.9,1e+07,7823.04,-82.7048
rff-mtyp-xtyp,ff,typical,typical,27,0.9,1.58489e+07,4960.92,-85.3696
rff-mtyp-xtyp,ff,typical,typical,27,0.9,2.51189e+07,3136.52,-87.0559
rff-mtyp-xtyp,ff,typical,typical,27,0.9,3.98107e+07,1980.72,-88.1124
rff-mtyp-xtyp,ff,typical,typical,27,0.9,6.30957e+07,1250.33,-88.7640
rff-mtyp-xtyp,ff,typical,typical,27,0.9,1e+08,789.27,-89.1540
rff-mtyp-xtyp,ff,typical,typical,27,1.35,100,1.30036e+07,-89.7273
rff-mtyp-xtyp,ff,typical,typical,27,1.35,158.489,8.20486e+06,-89.5770
rff-mtyp-xtyp,ff,typical,typical,27,1.35,251.189,5.17713e+06,-89.3355
rff-mtyp-xtyp,ff,typical,typical,27,1.35,398.107,3.26689e+06,-88.9506
rff-mtyp-xtyp,ff,typical,typical,27,1.35,630.957,2.0618e+06,-88.3394
rff-mtyp-xtyp,ff,typical,typical,27,1.35,1000,1.30176e+06,-87.3708
rff-mtyp-xtyp,ff,typical,typical,27,1.35,1584.89,822705,-85.8385
rff-mtyp-xtyp,ff,typical,typical,27,1.35,2511.89,521222,-83.4234
rff-mtyp-xtyp,ff,typical,typical,27,1.35,3981.07,332222,-79.6488
rff-mtyp-xtyp,ff,typical,typical,27,1.35,6309.57,214840,-73.8683
rff-mtyp-xtyp,ff,typical,typical,27,1.35,10000,143497,-65.4199
rff-mtyp-xtyp,ff,typical,typical,27,1.35,15848.9,102048,-54.2064
rff-mtyp-xtyp,ff,typical,typical,27,1.35,25118.9,79757.3,-41.5691
rff-mtyp-xtyp,ff,typical,typical,27,1.35,39810.7,68892.3,-30.0419
rff-mtyp-xtyp,ff,typical,typical,27,1.35,63095.7,64021.8,-21.5345
rff-mtyp-xtyp,ff,typical,typical,27,1.35,100000,61888,-16.4920
rff-mtyp-xtyp,ff,typical,typical,27,1.35,158489,60795.3,-14.6505
rff-mtyp-xtyp,ff,typical,typical,27,1.35,251189,59807.3,-15.8127
rff-mtyp-xtyp,ff,typical,typical,27,1.35,398107,58116.4,-20.1092
rff-mtyp-xtyp,ff,typical,typical,27,1.35,630957,54631.8,-27.8376
rff-mtyp-xtyp,ff,typical,typical,27,1.35,1e+06,48115.1,-38.7995
rff-mtyp-xtyp,ff,typical,typical,27,1.35,1.58489e+06,38491,-51.4172
rff-mtyp-xtyp,ff,typical,typical,27,1.35,2.51189e+06,27893.9,-63.1263
rff-mtyp-xtyp,ff,typical,typical,27,1.35,3.98107e+06,18837.5,-72.2221
rff-mtyp-xtyp,ff,typical,typical,27,1.35,6.30957e+06,12245.9,-78.5466
rff-mtyp-xtyp,ff,typical,typical,27,1.35,1e+07,7823.07,-82.7048
rff-mtyp-xtyp,ff,typical,typical,27,1.35,1.58489e+07,4960.93,-85.3696
rff-mtyp-xtyp,ff,typical,typical,27,1.35,2.51189e+07,3136.52,-87.0559
rff-mtyp-xtyp,ff,typical,typical,27,1.35,3.98107e+07,1980.72,-88.1124
rff-mtyp-xtyp,ff,typical,typical,27,1.35,6.30957e+07,1250.33,-88.7640
rff-mtyp-xtyp,ff,typical,typical,27,1.35,1e+08,789.27,-89.1540
rff-mtyp-xtyp,ff,typical,typical,27,1.8,100,1.2964e+07,-89.7265
rff-mtyp-xtyp,ff,typical,typical,27,1.8,158.489,8.17987e+06,-89.5757
rff-mtyp-xtyp,ff,typical,typical,27,1.8,251.189,5.16136e+06,-89.3334
rff-mtyp-xtyp,ff,typical,typical,27,1.8,398.107,3.25694e+06,-88.9473
rff-mtyp-xtyp,ff,typical,typical,27,1.8,630.957,2.05553e+06,-88.3342
rff-mtyp-xtyp,ff,typical,typical,27,1.8,1000,1.29781e+06,-87.3625
rff-mtyp-xtyp,ff,typical,typical,27,1.8,1584.89,820212,-85.8254
rff-mtyp-xtyp,ff,typical,typical,27,1.8,2511.89,519656,-83.4028
rff-mtyp-xtyp,ff,typical,typical,27,1.8,3981.07,331244,-79.6169
rff-mtyp-xtyp,ff,typical,typical,27,1.8,6309.57,214239,-73.8201
rff-mtyp-xtyp,ff,typical,typical,27,1.8,10000,143140,-65.3518
rff-mtyp-xtyp,ff,typical,typical,27,1.8,15848.9,101849,-54.1215
rff-mtyp-xtyp,ff,typical,typical,27,1.8,25118.9,79657.5,-41.4814
rff-mtyp-xtyp,ff,typical,typical,27,1.8,39810.7,68847.9,-29.9679
rff-mtyp-xtyp,ff,typical,typical,27,1.8,63095.7,64004.6,-21.4806
rff-mtyp-xtyp,ff,typical,typical,27,1.8,100000,61882.8,-16.4559
rff-mtyp-xtyp,ff,typical,typical,27,1.8,158489,60795,-14.6273
rff-mtyp-xtyp,ff,typical,typical,27,1.8,251189,59809,-15.7982
rff-mtyp-xtyp,ff,typical,typical,27,1.8,398107,58118.7,-20.1006
rff-mtyp-xtyp,ff,typical,typical,27,1.8,630957,54633.9,-27.8327
rff-mtyp-xtyp,ff,typical,typical,27,1.8,1e+06,48116.6,-38.7971
rff-mtyp-xtyp,ff,typical,typical,27,1.8,1.58489e+06,38491.7,-51.4163
rff-mtyp-xtyp,ff,typical,typical,27,1.8,2.51189e+06,27894.2,-63.1260
rff-mtyp-xtyp,ff,typical,typical,27,1.8,3.98107e+06,18837.6,-72.2220
rff-mtyp-xtyp,ff,typical,typical,27,1.8,6.30957e+06,12245.9,-78.5466
rff-mtyp-xtyp,ff,typical,typical,27,1.8,1e+07,7823.07,-82.7048
rff-mtyp-xtyp,ff,typical,typical,27,1.8,1.58489e+07,4960.93,-85.3696
rff-mtyp-xtyp,ff,typical,typical,27,1.8,2.51189e+07,3136.52,-87.0559
rff-mtyp-xtyp,ff,typical,typical,27,1.8,3.98107e+07,1980.72,-88.1124
rff-mtyp-xtyp,ff,typical,typical,27,1.8,6.30957e+07,1250.33,-88.7640
rff-mtyp-xtyp,ff,typical,typical,27,1.8,1e+08,789.27,-89.1540
rff-mtyp-xtyp,ff,typical,typical,27,2.25,100,1.29539e+07,-89.7263
rff-mtyp-xtyp,ff,typical,typical,27,2.25,158.489,8.17347e+06,-89.5754
rff-mtyp-xtyp,ff,typical,typical,27,2.25,251.189,5.15732e+06,-89.3329
rff-mtyp-xtyp,ff,typical,typical,27,2.25,398.107,3.25439e+06,-88.9464
rff-mtyp-xtyp,ff,typical,typical,27,2.25,630.957,2.05392e+06,-88.3328
rff-mtyp-xtyp,ff,typical,typical,27,2.25,1000,1.29679e+06,-87.3604
rff-mtyp-xtyp,ff,typical,typical,27,2.25,1584.89,819574,-85.8221
rff-mtyp-xtyp,ff,typical,typical,27,2.25,2511.89,519256,-83.3975
rff-mtyp-xtyp,ff,typical,typical,27,2.25,3981.07,330994,-79.6086
rff-mtyp-xtyp,ff,typical,typical,27,2.25,6309.57,214085,-73.8077
rff-mtyp-xtyp,ff,typical,typical,27,2.25,10000,143048,-65.3342
rff-mtyp-xtyp,ff,typical,typical,27,2.25,15848.9,101798,-54.0996
rff-mtyp-xtyp,ff,typical,typical,27,2.25,25118.9,79632,-41.4590
rff-mtyp-xtyp,ff,typical,typical,27,2.25,39810.7,68836.6,-29.9489
rff-mtyp-xtyp,ff,typical,typical,27,2.25,63095.7,64000.2,-21.4668
rff-mtyp-xtyp,ff,typical,typical,27,2.25,100000,61881.5,-16.4466
rff-mtyp-xtyp,ff,typical,typical,27,2.25,158489,60795,-14.6214
rff-mtyp-xtyp,ff,typical,typical,27,2.25,251189,59809.4,-15.7945
rff-mtyp-xtyp,ff,typical,typical,27,2.25,398107,58119.2,-20.0983
rff-mtyp-xtyp,ff,typical,typical,27,2.25,630957,54634.4,-27.8315
rff-mtyp-xtyp,ff,typical,typical,27,2.25,1e+06,48117,-38.7965
rff-mtyp-xtyp,ff,typical,typical,27,2.25,1.58489e+06,38491.9,-51.4160
rff-mtyp-xtyp,ff,typical,typical,27,2.25,2.51189e+06,27894.3,-63.1259
rff-mtyp-xtyp,ff,typical,typical,27,2.25,3.98107e+06,18837.6,-72.2220
rff-mtyp-xtyp,ff,typical,typical,27,2.25,6.30957e+06,12245.9,-78.5466
rff-mtyp-xtyp,ff,typical,typical,27,2.25,1e+07,7823.08,-82.7048
rff-mtyp-xtyp,ff,typical,typical,27,2.25,1.58489e+07,4960.93,-85.3696
rff-mtyp-xtyp,ff,typical,typical,27,2.25,2.51189e+07,3136.52,-87.0559
rff-mtyp-xtyp,ff,typical,typical,27,2.25,3.98107e+07,1980.72,-88.1124
rff-mtyp-xtyp,ff,typical,typical,27,2.25,6.30957e+07,1250.33,-88.7640
rff-mtyp-xtyp,ff,typical,typical,27,2.25,1e+08,789.27,-89.1540
rff-mtyp-xtyp,ff,typical,typical,27,2.7,100,1.29513e+07,-89.7262
rff-mtyp-xtyp,ff,typical,typical,27,2.7,158.489,8.17183e+06,-89.5753
rff-mtyp-xtyp,ff,typical,typical,27,2.7,251.189,5.15629e+06,-89.3328
rff-mtyp-xtyp,ff,typical,typical,27,2.7,398.107,3.25374e+06,-88.9462
rff-mtyp-xtyp,ff,typical,typical,27,2.7,630.957,2.05351e+06,-88.3325
rff-mtyp-xtyp,ff,typical,typical,27,2.7,1000,1.29653e+06,-87.3598
rff-mtyp-xtyp,ff,typical,typical,27,2.7,1584.89,819411,-85.8212
rff-mtyp-xtyp,ff,typical,typical,27,2.7,2511.89,519153,-83.3962
rff-mtyp-xtyp,ff,typical,typical,27,2.7,3981.07,330930,-79.6065
rff-mtyp-xtyp,ff,typical,typical,27,2.7,6309.57,214045,-73.8046
rff-mtyp-xtyp,ff,typical,typical,27,2.7,10000,143025,-65.3298
rff-mtyp-xtyp,ff,typical,typical,27,2.7,15848.9,101785,-54.0941
rff-mtyp-xtyp,ff,typical,typical,27,2.7,25118.9,79625.4,-41.4532
rff-mtyp-xtyp,ff,typical,typical,27,2.7,39810.7,68833.7,-29.9441
rff-mtyp-xtyp,ff,typical,typical,27,2.7,63095.7,63999.1,-21.4633
rff-mtyp-xtyp,ff,typical,typical,27,2.7,100000,61881.1,-16.4443
rff-mtyp-xtyp,ff,typical,typical,27,2.7,158489,60794.9,-14.6199
rff-mtyp-xtyp,ff,typical,typical,27,2.7,251189,59809.5,-15.7936
rff-mtyp-xtyp,ff,typical,typical,27,2.7,398107,58119.4,-20.0978
rff-mtyp-xtyp,ff,typical,typical,27,2.7,630957,54634.6,-27.8312
rff-mtyp-xtyp,ff,typical,typical,27,2.7,1e+06,48117.1,-38.7963
rff-mtyp-xtyp,ff,typical,typical,27,2.7,1.58489e+06,38492,-51.4160
rff-mtyp-xtyp,ff,typical,typical,27,2.7,2.51189e+06,27894.3,-63.1259
rff-mtyp-xtyp,ff,typical,typical,27,2.7,3.98107e+06,18837.6,-72.2220
rff-mtyp-xtyp,ff,typical,typical,27,2.7,6.30957e+06,12245.9,-78.5466
rff-mtyp-xtyp,ff,typical,typical,27,2.7,1e+07,7823.08,-82.7048
rff-mtyp-xtyp,ff,typical,typical,27,2.7,1.58489e+07,4960.93,-85.3696
rff-mtyp-xtyp,ff,typical,typical,27,2.7,2.51189e+07,3136.52,-87.0559
rff-mtyp-xtyp,ff,typical,typical,27,2.7,3.98107e+07,1980.72,-88.1124
rff-mtyp-xtyp,ff,typical,typical,27,2.7,6.30957e+07,1250.33,-88.7640
rff-mtyp-xtyp,ff,typical,typical,27,2.7,1e+08,789.27,-89.1540
rff-mtyp-xtyp,ff,typical,typical,125,0.3,100,1.41944e+07,-89.7498
rff-mtyp-xtyp,ff,typical,typical,125,0.3,158.489,8.9562e+06,-89.6135
rff-mtyp-xtyp,ff,typical,typical,125,0.3,251.189,5.65118e+06,-89.3939
rff-mtyp-xtyp,ff,typical,typical,125,0.3,398.107,3.56596e+06,-89.0434
rff-mtyp-xtyp,ff,typical,typical,125,0.3,630.957,2.25046e+06,-88.4867
rff-mtyp-xtyp,ff,typical,typical,125,0.3,1000,1.42072e+06,-87.6041
rff-mtyp-xtyp,ff,typical,typical,125,0.3,1584.89,897638,-86.2072
rff-mtyp-xtyp,ff,typical,typical,125,0.3,2511.89,568309,-84.0034
rff-mtyp-xtyp,ff,typical,typical,125,0.3,3981.07,361632,-80.5512
rff-mtyp-xtyp,ff,typical,typical,125,0.3,6309.57,232943,-75.2352
rff-mtyp-xtyp,ff,typical,typical,125,0.3,10000,154277,-67.3695
rff-mtyp-xtyp,ff,typical,typical,125,0.3,15848.9,108047,-56.6759
rff-mtyp-xtyp,ff,typical,typical,125,0.3,25118.9,82737.8,-44.1710
rff-mtyp-xtyp,ff,typical,typical,125,0.3,39810.7,70153.5,-32.2795
rff-mtyp-xtyp,ff,typical,typical,125,0.3,63095.7,64430.1,-23.1816
rff-mtyp-xtyp,ff,typical,typical,125,0.3,100000,61917.6,-17.5990
rff-mtyp-xtyp,ff,typical,typical,125,0.3,158489,60668.6,-15.3574
rff-mtyp-xtyp,ff,typical,typical,125,0.3,251189,59622.5,-16.2449
rff-mtyp-xtyp,ff,typical,typical,125,0.3,398107,57920.5,-20.3548
rff-mtyp-xtyp,ff,typical,typical,125,0.3,630957,54455.5,-27.9549
rff-mtyp-xtyp,ff,typical,typical,125,0.3,1e+06,47983.2,-38.8323
rff-mtyp-xtyp,ff,typical,typical,125,0.3,1.58489e+06,38410.9,-51.4053
rff-mtyp-xtyp,ff,typical,typical,125,0.3,2.51189e+06,27851.9,-63.1014
rff-mtyp-xtyp,ff,typical,typical,125,0.3,3.98107e+06,18815.7,-72.1998
rff-mtyp-xtyp,ff,typical,typical,125,0.3,6.30957e+06,12233.8,-78.5305
rff-mtyp-xtyp,ff,typical,typical,125,0.3,1e+07,7815.91,-82.6941
rff-mtyp-xtyp,ff,typical,typical,125,0.3,1.58489e+07,4956.54,-85.3627
rff-mtyp-xtyp,ff,typical,typical,125,0.3,2.51189e+07,3133.78,-87.0516
rff-mtyp-xtyp,ff,typical,typical,125,0.3,3.98107e+07,1979,-88.1097
rff-mtyp-xtyp,ff,typical,typical,125,0.3,6.30957e+07,1249.25,-88.7625
rff-mtyp-xtyp,ff,typical,typical,125,0.3,1e+08,788.586,-89.1533
rff-mtyp-xtyp,ff,typical,typical,125,0.9,100,1.31576e+07,-89.7310
rff-mtyp-xtyp,ff,typical,typical,125,0.9,158.489,8.30199e+06,-89.5830
rff-mtyp-xtyp,ff,typical,typical,125,0.9,251.189,5.23841e+06,-89.3450
rff-mtyp-xtyp,ff,typical,typical,125,0.9,398.107,3.30555e+06,-88.9657
rff-mtyp-xtyp,ff,typical,typical,125,0.9,630.957,2.08619e+06,-88.3634
rff-mtyp-xtyp,ff,typical,typical,125,0.9,1000,1.31713e+06,-87.4087
rff-mtyp-xtyp,ff,typical,typical,125,0.9,1584.89,832381,-85.8984
rff-mtyp-xtyp,ff,typical,typical,125,0.9,2511.89,527292,-83.5176
rff-mtyp-xtyp,ff,typical,typical,125,0.9,3981.07,335996,-79.7952
rff-mtyp-xtyp,ff,typical,typical,125,0.9,6309.57,217138,-74.0893
rff-mtyp-xtyp,ff,typical,typical,125,0.9,10000,144829,-65.7327
rff-mtyp-xtyp,ff,typical,typical,125,0.9,15848.9,102738,-54.5974
rff-mtyp-xtyp,ff,typical,typical,125,0.9,25118.9,80038.3,-41.9735
rff-mtyp-xtyp,ff,typical,typical,125,0.9,39810.7,68939.3,-30.3833
rff-mtyp-xtyp,ff,typical,typical,125,0.9,63095.7,63953.3,-21.7814
rff-mtyp-xtyp,ff,typical,typical,125,0.9,100000,61768.8,-16.6540
rff-mtyp-xtyp,ff,typical,typical,125,0.9,158489,60656.2,-14.7486
rff-mtyp-xtyp,ff,typical,typical,125,0.9,251189,59663.4,-15.8646
rff-mtyp-xtyp,ff,typical,typical,125,0.9,398107,57977.9,-20.1262
rff-mtyp-xtyp,ff,typical,typical,125,0.9,630957,54509.9,-27.8272
rff-mtyp-xtyp,ff,typical,typical,125,0.9,1e+06,48022.2,-38.7698
rff-mtyp-xtyp,ff,typical,typical,125,0.9,1.58489e+06,38431.3,-51.3803
rff-mtyp-xtyp,ff,typical,typical,125,0.9,2.51189e+06,27859.8,-63.0933
rff-mtyp-xtyp,ff,typical,typical,125,0.9,3.98107e+06,18818.1,-72.1976
rff-mtyp-xtyp,ff,typical,typical,125,0.9,6.30957e+06,12234.4,-78.5301
rff-mtyp-xtyp,ff,typical,typical,125,0.9,1e+07,7816.08,-82.6940
rff-mtyp-xtyp,ff,typical,typical,125,0.9,1.58489e+07,4956.58,-85.3628
rff-mtyp-xtyp,ff,typical,typical,125,0.9,2.51189e+07,3133.79,-87.0516
rff-mtyp-xtyp,ff,typical,typical,125,0.9,3.98107e+07,1979,-88.1098
rff-mtyp-xtyp,ff,typical,typical,125,0.9,6.30957e+07,1249.25,-88.7625
rff-mtyp-xtyp,ff,typical,typical,125,0.9,1e+08,788.586,-89.1533
rff-mtyp-xtyp,ff,typical,typical,125,1.35,100,1.30034e+07,-89.7279
rff-mtyp-xtyp,ff,typical,typical,125,1.35,158.489,8.20474e+06,-89.5780
rff-mtyp-xtyp,ff,typical,typical,125,1.35,251.189,5.17705e+06,-89.3371
rff-mtyp-xtyp,ff,typical,typical,125,1.35,398.107,3.26684e+06,-88.9531
rff-mtyp-xtyp,ff,typical,typical,125,1.35,630.957,2.06177e+06,-88.3433
rff-mtyp-xtyp,ff,typical,typical,125,1.35,1000,1.30174e+06,-87.3770
rff-mtyp-xtyp,ff,typical,typical,125,1.35,1584.89,822682,-85.8484
rff-mtyp-xtyp,ff,typical,typical,125,1.35,2511.89,521198,-83.4389
rff-mtyp-xtyp,ff,typical,typical,125,1.35,3981.07,332191,-79.6728
rff-mtyp-xtyp,ff,typical,typical,125,1.35,6309.57,214796,-73.9045
rff-mtyp-xtyp,ff,typical,typical,125,1.35,10000,143435,-65.4711
rff-mtyp-xtyp,ff,typical,typical,125,1.35,15848.9,101961,-54.2700
rff-mtyp-xtyp,ff,typical,typical,125,1.35,25118.9,79647.4,-41.6343
rff-mtyp-xtyp,ff,typical,typical,125,1.35,39810.7,68765.4,-30.0958
rff-mtyp-xtyp,ff,typical,typical,125,1.35,63095.7,63885.7,-21.5715
rff-mtyp-xtyp,ff,typical,typical,125,1.35,100000,61748.2,-16.5131
rff-mtyp-xtyp,ff,typical,typical,125,1.35,158489,60655,-14.6581
rff-mtyp-xtyp,ff,typical,typical,125,1.35,251189,59669.7,-15.8081
rff-mtyp-xtyp,ff,typical,typical,125,1.35,398107,57986.5,-20.0923
rff-mtyp-xtyp,ff,typical,typical,125,1.35,630957,54518,-27.8082
rff-mtyp-xtyp,ff,typical,typical,125,1.35,1e+06,48028,-38.7606
rff-mtyp-xtyp,ff,typical,typical,125,1.35,1.58489e+06,38434.4,-51.3766
rff-mtyp-xtyp,ff,typical,typical,125,1.35,2.51189e+06,27860.9,-63.0921
rff-mtyp-xtyp,ff,typical,typical,125,1.35,3.98107e+06,18818.5,-72.1973
rff-mtyp-xtyp,ff,typical,typical,125,1.35,6.30957e+06,12234.5,-78.5300
rff-mtyp-xtyp,ff,typical,typical,125,1.35,1e+07,7816.11,-82.6940
rff-mtyp-xtyp,ff,typical,typical,125,1.35,1.58489e+07,4956.59,-85.3628
rff-mtyp-xtyp,ff,typical,typical,125,1.35,2.51189e+07,3133.8,-87.0516
rff-mtyp-xtyp,ff,typical,typical,125,1.35,3.98107e+07,1979,-88.1098
rff-mtyp-xtyp,ff,typical,typical,125,1.35,6.30957e+07,1249.25,-88.7625
rff-mtyp-xtyp,ff,typical,typical,125,1.35,1e+08,788.586,-89.1533
rff-mtyp-xtyp,ff,typical,typical,125,1.8,100,1.29638e+07,-89.7271
rff-mtyp-xtyp,ff,typical,typical,125,1.8,158.489,8.17975e+06,-89.5767
rff-mtyp-xtyp,ff,typical,typical,125,1.8,251.189,5.16129e+06,-89.3350
rff-mtyp-xtyp,ff,typical,typical,125,1.8,398.107,3.25689e+06,-88.9498
rff-mtyp-xtyp,ff,typical,typical,125,1.8,630.957,2.0555e+06,-88.3381
rff-mtyp-xtyp,ff,typical,typical,125,1.8,1000,1.29778e+06,-87.3687
rff-mtyp-xtyp,ff,typical,typical,125,1.8,1584.89,820190,-85.8353
rff-mtyp-xtyp,ff,typical,typical,125,1.8,2511.89,519632,-83.4183
rff-mtyp-xtyp,ff,typical,typical,125,1.8,3981.07,331213,-79.6409
rff-mtyp-xtyp,ff,typical,typical,125,1.8,6309.57,214195,-73.8564
rff-mtyp-xtyp,ff,typical,typical,125,1.8,10000,143077,-65.4030
rff-mtyp-xtyp,ff,typical,typical,125,1.8,15848.9,101762,-54.1851
rff-mtyp-xtyp,ff,typical,typical,125,1.8,25118.9,79547.4,-41.5465
rff-mtyp-xtyp,ff,typical,typical,125,1.8,39810.7,68721,-30.0216
rff-mtyp-xtyp,ff,typical,typical,125,1.8,63095.7,63868.5,-21.5175
rff-mtyp-xtyp,ff,typical,typical,125,1.8,100000,61742.9,-16.4769
rff-mtyp-xtyp,ff,typical,typical,125,1.8,158489,60654.7,-14.6349
rff-mtyp-xtyp,ff,typical,typical,125,1.8,251189,59671.4,-15.7936
rff-mtyp-xtyp,ff,typical,typical,125,1.8,398107,57988.7,-20.0836
rff-mtyp-xtyp,ff,typical,typical,125,1.8,630957,54520.1,-27.8033
rff-mtyp-xtyp,ff,typical,typical,125,1.8,1e+06,48029.5,-38.7582
rff-mtyp-xtyp,ff,typical,typical,125,1.8,1.58489e+06,38435.1,-51.3757
rff-mtyp-xtyp,ff,typical,typical,125,1.8,2.51189e+06,27861.2,-63.0918
rff-mtyp-xtyp,ff,typical,typical,125,1.8,3.98107e+06,18818.6,-72.1972
rff-mtyp-xtyp,ff,typical,typical,125,1.8,6.30957e+06,12234.6,-78.5300
rff-mtyp-xtyp,ff,typical,typical,125,1.8,1e+07,7816.12,-82.6940
rff-mtyp-xtyp,ff,typical,typical,125,1.8,1.58489e+07,4956.59,-85.3628
rff-mtyp-xtyp,ff,typical,typical,125,1.8,2.51189e+07,3133.8,-87.0516
rff-mtyp-xtyp,ff,typical,typical,125,1.8,3.98107e+07,1979,-88.1098
rff-mtyp-xtyp,ff,typical,typical,125,1.8,6.30957e+07,1249.25,-88.7625
rff-mtyp-xtyp,ff,typical,typical,125,1.8,1e+08,788.586,-89.1533
rff-mtyp-xtyp,ff,typical,typical,125,2.25,100,1.29537e+07,-89.7269
rff-mtyp-xtyp,ff,typical,typical,125,2.25,158.489,8.17335e+06,-89.5764
rff-mtyp-xtyp,ff,typical,typical,125,2.25,251.189,5.15725e+06,-89.3345
rff-mtyp-xtyp,ff,typical,typical,125,2.25,398.107,3.25434e+06,-88.9489
rff-mtyp-xtyp,ff,typical,typical,125,2.25,630.957,2.05389e+06,-88.3368
rff-mtyp-xtyp,ff,typical,typical,125,2.25,1000,1.29677e+06,-87.3666
rff-mtyp-xtyp,ff,typical,typical,125,2.25,1584.89,819552,-85.8319
rff-mtyp-xtyp,ff,typical,typical,125,2.25,2511.89,519231,-83.4130
rff-mtyp-xtyp,ff,typical,typical,125,2.25,3981.07,330963,-79.6327
rff-mtyp-xtyp,ff,typical,typical,125,2.25,6309.57,214041,-73.8440
rff-mtyp-xtyp,ff,typical,typical,125,2.25,10000,142986,-65.3855
rff-mtyp-xtyp,ff,typical,typical,125,2.25,15848.9,101711,-54.1633
rff-mtyp-xtyp,ff,typical,typical,125,2.25,25118.9,79521.9,-41.5240
rff-mtyp-xtyp,ff,typical,typical,125,2.25,39810.7,68709.7,-30.0027
rff-mtyp-xtyp,ff,typical,typical,125,2.25,63095.7,63864.1,-21.5037
rff-mtyp-xtyp,ff,typical,typical,125,2.25,100000,61741.6,-16.4676
rff-mtyp-xtyp,ff,typical,typical,125,2.25,158489,60654.6,-14.6289
rff-mtyp-xtyp,ff,typical,typical,125,2.25,251189,59671.8,-15.7899
rff-mtyp-xtyp,ff,typical,typical,125,2.25,398107,57989.3,-20.0814
rff-mtyp-xtyp,ff,typical,typical,125,2.25,630957,54520.7,-27.8021
rff-mtyp-xtyp,ff,typical,typical,125,2.25,1e+06,48029.9,-38.7576
rff-mtyp-xtyp,ff,typical,typical,125,2.25,1.58489e+06,38435.3,-51.3754
rff-mtyp-xtyp,ff,typical,typical,125,2.25,2.51189e+06,27861.3,-63.0917
rff-mtyp-xtyp,ff,typical,typical,125,2.25,3.98107e+06,18818.6,-72.1972
rff-mtyp-xtyp,ff,typical,typical,125,2.25,6.30957e+06,12234.6,-78.5300
rff-mtyp-xtyp,ff,typical,typical,125,2.25,1e+07,7816.12,-82.6940
rff-mtyp-xtyp,ff,typical,typical,125,2.25,1.58489e+07,4956.59,-85.3628
rff-mtyp-xtyp,ff,typical,typical,125,2.25,2.51189e+07,3133.8,-87.0516
rff-mtyp-xtyp,ff,typical,typical,125,2.25,3.98107e+07,1979,-88.1098
rff-mtyp-xtyp,ff,typical,typical,125,2.25,6.30957e+07,1249.25,-88.7625
rff-mtyp-xtyp,ff,typical,typical,125,2.25,1e+08,788.586,-89.1533
rff-mtyp-xtyp,ff,typical,typical,125,2.7,100,1.29511e+07,-89.7269
rff-mtyp-xtyp,ff,typical,typical,125,2.7,158.489,8.17171e+06,-89.5763
rff-mtyp-xtyp,ff,typical,typical,125,2.7,251.189,5.15622e+06,-89.3343
rff-mtyp-xtyp,ff,typical,typical,125,2.7,398.107,3.25369e+06,-88.9487
rff-mtyp-xtyp,ff,typical,typical,125,2.7,630.957,2.05348e+06,-88.3364
rff-mtyp-xtyp,ff,typical,typical,125,2.7,1000,1.29651e+06,-87.3661
rff-mtyp-xtyp,ff,typical,typical,125,2.7,1584.89,819389,-85.8311
rff-mtyp-xtyp,ff,typical,typical,125,2.7,2511.89,519129,-83.4117
rff-mtyp-xtyp,ff,typical,typical,125,2.7,3981.07,330899,-79.6306
rff-mtyp-xtyp,ff,typical,typical,125,2.7,6309.57,214002,-73.8409
rff-mtyp-xtyp,ff,typical,typical,125,2.7,10000,142962,-65.3810
rff-mtyp-xtyp,ff,typical,typical,125,2.7,15848.9,101698,-54.1577
rff-mtyp-xtyp,ff,typical,typical,125,2.7,25118.9,79515.3,-41.5183
rff-mtyp-xtyp,ff,typical,typical,125,2.7,39810.7,68706.8,-29.9978
rff-mtyp-xtyp,ff,typical,typical,125,2.7,63095.7,63863,-21.5001
rff-mtyp-xtyp,ff,typical,typical,125,2.7,100000,61741.2,-16.4653
rff-mtyp-xtyp,ff,typical,typical,125,2.7,158489,60654.6,-14.6274
rff-mtyp-xtyp,ff,typical,typical,125,2.7,251189,59671.9,-15.7889
rff-mtyp-xtyp,ff,typical,typical,125,2.7,398107,57989.4,-20.0808
rff-mtyp-xtyp,ff,typical,typical,125,2.7,630957,54520.8,-27.8018
rff-mtyp-xtyp,ff,typical,typical,125,2.7,1e+06,48030,-38.7574
rff-mtyp-xtyp,ff,typical,typical,125,2.7,1.58489e+06,38435.4,-51.3754
rff-mtyp-xtyp,ff,typical,typical,125,2.7,2.51189e+06,27861.3,-63.0917
rff-mtyp-xtyp,ff,typical,typical,125,2.7,3.98107e+06,18818.6,-72.1972
rff-mtyp-xtyp,ff,typical,typical,125,2.7,6.30957e+06,12234.6,-78.5300
rff-mtyp-xtyp,ff,typical,typical,125,2.7,1e+07,7816.12,-82.6940
rff-mtyp-xtyp,ff,typical,typical,125,2.7,1.58489e+07,4956.59,-85.3628
rff-mtyp-xtyp,ff,typical,typical,125,2.7,2.51189e+07,3133.8,-87.0516
rff-mtyp-xtyp,ff,typical,typical,125,2.7,3.98107e+07,1979,-88.1098
rff-mtyp-xtyp,ff,typical,typical,125,2.7,6.30957e+07,1249.25,-88.7625
rff-mtyp-xtyp,ff,typical,typical,125,2.7,1e+08,788.586,-89.1533
rss-mff-xff,ss,ff,ff,-40,0.3,100,1.57711e+07,-89.6614
rss-mff-xff,ss,ff,ff,-40,0.3,158.489,9.95117e+06,-89.4746
rss-mff-xff,ss,ff,ff,-40,0.3,251.189,6.27917e+06,-89.1744
rss-mff-xff,ss,ff,ff,-40,0.3,398.107,3.96252e+06,-88.6961
rss-mff-xff,ss,ff,ff,-40,0.3,630.957,2.50119e+06,-87.9368
rss-mff-xff,ss,ff,ff,-40,0.3,1000,1.57975e+06,-86.7341
rss-mff-xff,ss,ff,ff,-40,0.3,1584.89,999282,-84.8339
rss-mff-xff,ss,ff,ff,-40,0.3,2511.89,634497,-81.8481
rss-mff-xff,ss,ff,ff,-40,0.3,3981.07,406599,-77.2166
rss-mff-xff,ss,ff,ff,-40,0.3,6309.57,266206,-70.2484
rss-mff-xff,ss,ff,ff,-40,0.3,10000,182378,-60.4462
rss-mff-xff,ss,ff,ff,-40,0.3,15848.9,135240,-48.3141
rss-mff-xff,ss,ff,ff,-40,0.3,25118.9,111025,-35.9277
rss-mff-xff,ss,ff,ff,-40,0.3,39810.7,99726,-25.7671
rss-mff-xff,ss,ff,ff,-40,0.3,63095.7,94756.9,-19.0343
rss-mff-xff,ss,ff,ff,-40,0.3,100000,92457.9,-15.7352
rss-mff-xff,ss,ff,ff,-40,0.3,158489,90913.7,-15.6062
rss-mff-xff,ss,ff,ff,-40,0.3,251189,88818,-18.6333
rss-mff-xff,ss,ff,ff,-40,0.3,398107,84660.6,-25.0714
rss-mff-xff,ss,ff,ff,-40,0.3,630957,76504.5,-34.9706
rss-mff-xff,ss,ff,ff,-40,0.3,1e+06,63336.9,-47.2558
rss-mff-xff,ss,ff,ff,-40,0.3,1.58489e+06,47342.8,-59.5058
rss-mff-xff,ss,ff,ff,-40,0.3,2.51189e+06,32604.9,-69.5398
rss-mff-xff,ss,ff,ff,-40,0.3,3.98107e+06,21404.1,-76.7286
rss-mff-xff,ss,ff,ff,-40,0.3,6.30957e+06,13732.5,-81.5225
rss-mff-xff,ss,ff,ff,-40,0.3,1e+07,8723.86,-84.6138
rss-mff-xff,ss,ff,ff,-40,0.3,1.58489e+07,5519.59,-86.5756
rss-mff-xff,ss,ff,ff,-40,0.3,2.51189e+07,3486.65,-87.8069
rss-mff-xff,ss,ff,ff,-40,0.3,3.98107e+07,2201.21,-88.5683
rss-mff-xff,ss,ff,ff,-40,0.3,6.30957e+07,1389.59,-89.0258
rss-mff-xff,ss,ff,ff,-40,0.3,1e+08,877.477,-89.2888
rss-mff-xff,ss,ff,ff,-40,0.9,100,1.46192e+07,-89.6356
rss-mff-xff,ss,ff,ff,-40,0.9,158.489,9.22434e+06,-89.4328
rss-mff-xff,ss,ff,ff,-40,0.9,251.189,5.8206e+06,-89.1077
rss-mff-xff,ss,ff,ff,-40,0.9,398.107,3.67324e+06,-88.5900
rss-mff-xff,ss,ff,ff,-40,0.9,630.957,2.31875e+06,-87.7687
rss-mff-xff,ss,ff,ff,-40,0.9,1000,1.46476e+06,-86.4681
rss-mff-xff,ss,ff,ff,-40,0.9,1584.89,926938,-84.4146
rss-mff-xff,ss,ff,ff,-40,0.9,2511.89,589172,-81.1924
rss-mff-xff,ss,ff,ff,-40,0.9,3981.07,378492,-76.2116
rss-mff-xff,ss,ff,ff,-40,0.9,6309.57,249189,-68.7773
rss-mff-xff,ss,ff,ff,-40,0.9,10000,172580,-58.4899
rss-mff-xff,ss,ff,ff,-40,0.9,15848.9,130074,-46.1062
rss-mff-xff,ss,ff,ff,-40,0.9,25118.9,108604,-33.8971
rss-mff-xff,ss,ff,ff,-40,0.9,39810.7,98729.2,-24.2015
rss-mff-xff,ss,ff,ff,-40,0.9,63095.7,94413.4,-17.9529
rss-mff-xff,ss,ff,ff,-40,0.9,100000,92391.1,-15.0300
rss-mff-xff,ss,ff,ff,-40,0.9,158489,90957.7,-15.1613
rss-mff-xff,ss,ff,ff,-40,0.9,251189,88900.9,-18.3618
rss-mff-xff,ss,ff,ff,-40,0.9,398107,84747.1,-24.9152
rss-mff-xff,ss,ff,ff,-40,0.9,630957,76572.6,-34.8902
rss-mff-xff,ss,ff,ff,-40,0.9,1e+06,63376.5,-47.2213
rss-mff-xff,ss,ff,ff,-40,0.9,1.58489e+06,47359.5,-59.4939
rss-mff-xff,ss,ff,ff,-40,0.9,2.51189e+06,32610.4,-69.5364
rss-mff-xff,ss,ff,ff,-40,0.9,3.98107e+06,21405.6,-76.7279
rss-mff-xff,ss,ff,ff,-40,0.9,6.30957e+06,13732.9,-81.5224
rss-mff-xff,ss,ff,ff,-40,0.9,1e+07,8723.96,-84.6138
rss-mff-xff,ss,ff,ff,-40,0.9,1.58489e+07,5519.62,-86.5756
rss-mff-xff,ss,ff,ff,-40,0.9,2.51189e+07,3486.65,-87.8070
rss-mff-xff,ss,ff,ff,-40,0.9,3.98107e+07,2201.21,-88.5683
rss-mff-xff,ss,ff,ff,-40,0.9,6.30957e+07,1389.59,-89.0258
rss-mff-xff,ss,ff,ff,-40,0.9,1e+08,877.477,-89.2888
rss-mff-xff,ss,ff,ff,-40,1.35,100,1.44479e+07,-89.6314
rss-mff-xff,ss,ff,ff,-40,1.35,158.489,9.11629e+06,-89.4260
rss-mff-xff,ss,ff,ff,-40,1.35,251.189,5.75243e+06,-89.0968
rss-mff-xff,ss,ff,ff,-40,1.35,398.107,3.63024e+06,-88.5728
rss-mff-xff,ss,ff,ff,-40,1.35,630.957,2.29163e+06,-87.7414
rss-mff-xff,ss,ff,ff,-40,1.35,1000,1.44767e+06,-86.4249
rss-mff-xff,ss,ff,ff,-40,1.35,1584.89,916188,-84.3466
rss-mff-xff,ss,ff,ff,-40,1.35,2511.89,582441,-81.0862
rss-mff-xff,ss,ff,ff,-40,1.35,3981.07,374325,-76.0494
rss-mff-xff,ss,ff,ff,-40,1.35,6309.57,246674,-68.5413
rss-mff-xff,ss,ff,ff,-40,1.35,10000,171142,-58.1801
rss-mff-xff,ss,ff,ff,-40,1.35,15848.9,129324,-45.7631
rss-mff-xff,ss,ff,ff,-40,1.35,25118.9,108256,-33.5876
rss-mff-xff,ss,ff,ff,-40,1.35,39810.7,98587.4,-23.9661
rss-mff-xff,ss,ff,ff,-40,1.35,63095.7,94365.2,-17.7915
rss-mff-xff,ss,ff,ff,-40,1.35,100000,92382.4,-14.9251
rss-mff-xff,ss,ff,ff,-40,1.35,158489,90964.7,-15.0952
rss-mff-xff,ss,ff,ff,-40,1.35,251189,88913.4,-18.3216
rss-mff-xff,ss,ff,ff,-40,1.35,398107,84760,-24.8920
rss-mff-xff,ss,ff,ff,-40,1.35,630957,76582.8,-34.8783
rss-mff-xff,ss,ff,ff,-40,1.35,1e+06,63382.4,-47.2162
rss-mff-xff,ss,ff,ff,-40,1.35,1.58489e+06,47361.9,-59.4921
rss-mff-xff,ss,ff,ff,-40,1.35,2.51189e+06,32611.2,-69.5359
rss-mff-xff,ss,ff,ff,-40,1.35,3.98107e+06,21405.8,-76.7277
rss-mff-xff,ss,ff,ff,-40,1.35,6.30957e+06,13732.9,-81.5224
rss-mff-xff,ss,ff,ff,-40,1.35,1e+07,8723.98,-84.6138
rss-mff-xff,ss,ff,ff,-40,1.35,1.58489e+07,5519.62,-86.5756
rss-mff-xff,ss,ff,ff,-40,1.35,2.51189e+07,3486.65,-87.8070
rss-mff-xff,ss,ff,ff,-40,1.35,3.98107e+07,2201.21,-88.5683
rss-mff-xff,ss,ff,ff,-40,1.35,6.30957e+07,1389.59,-89.0258
rss-mff-xff,ss,ff,ff,-40,1.35,1e+08,877.477,-89.2888
rss-mff-xff,ss,ff,ff,-40,1.8,100,1.44039e+07,-89.6303
rss-mff-xff,ss,ff,ff,-40,1.8,158.489,9.08853e+06,-89.4242
rss-mff-xff,ss,ff,ff,-40,1.8,251.189,5.73491e+06,-89.0940
rss-mff-xff,ss,ff,ff,-40,1.8,398.107,3.61919e+06,-88.5683
rss-mff-xff,ss,ff,ff,-40,1.8,630.957,2.28466e+06,-87.7343
rss-mff-xff,ss,ff,ff,-40,1.8,1000,1.44328e+06,-86.4137
rss-mff-xff,ss,ff,ff,-40,1.8,1584.89,913426,-84.3288
rss-mff-xff,ss,ff,ff,-40,1.8,2511.89,580712,-81.0585
rss-mff-xff,ss,ff,ff,-40,1.8,3981.07,373254,-76.0071
rss-mff-xff,ss,ff,ff,-40,1.8,6309.57,246029,-68.4799
rss-mff-xff,ss,ff,ff,-40,1.8,10000,170773,-58.0996
rss-mff-xff,ss,ff,ff,-40,1.8,15848.9,129131,-45.6743
rss-mff-xff,ss,ff,ff,-40,1.8,25118.9,108167,-33.5078
rss-mff-xff,ss,ff,ff,-40,1.8,39810.7,98551.2,-23.9055
rss-mff-xff,ss,ff,ff,-40,1.8,63095.7,94352.9,-17.7500
rss-mff-xff,ss,ff,ff,-40,1.8,100000,92380.2,-14.8981
rss-mff-xff,ss,ff,ff,-40,1.8,158489,90966.5,-15.0783
rss-mff-xff,ss,ff,ff,-40,1.8,251189,88916.6,-18.3112
rss-mff-xff,ss,ff,ff,-40,1.8,398107,84763.3,-24.8860
rss-mff-xff,ss,ff,ff,-40,1.8,630957,76585.4,-34.8752
rss-mff-xff,ss,ff,ff,-40,1.8,1e+06,63383.9,-47.2149
rss-mff-xff,ss,ff,ff,-40,1.8,1.58489e+06,47362.6,-59.4917
rss-mff-xff,ss,ff,ff,-40,1.8,2.51189e+06,32611.4,-69.5358
rss-mff-xff,ss,ff,ff,-40,1.8,3.98107e+06,21405.9,-76.7277
rss-mff-xff,ss,ff,ff,-40,1.8,6.30957e+06,13733,-81.5224
rss-mff-xff,ss,ff,ff,-40,1.8,1e+07,8723.98,-84.6138
rss-mff-xff,ss,ff,ff,-40,1.8,1.58489e+07,5519.62,-86.5756
rss-mff-xff,ss,ff,ff,-40,1.8,2.51189e+07,3486.65,-87.8070
rss-mff-xff,ss,ff,ff,-40,1.8,3.98107e+07,2201.21,-88.5683
rss-mff-xff,ss,ff,ff,-40,1.8,6.30957e+07,1389.59,-89.0258
rss-mff-xff,ss,ff,ff,-40,1.8,1e+08,877.477,-89.2888
rss-mff-xff,ss,ff,ff,-40,2.25,100,1.43926e+07,-89.6300
rss-mff-xff,ss,ff,ff,-40,2.25,158.489,9.08142e+06,-89.4238
rss-mff-xff,ss,ff,ff,-40,2.25,251.189,5.73043e+06,-89.0933
rss-mff-xff,ss,ff,ff,-40,2.25,398.107,3.61636e+06,-88.5672
rss-mff-xff,ss,ff,ff,-40,2.25,630.957,2.28288e+06,-87.7325
rss-mff-xff,ss,ff,ff,-40,2.25,1000,1.44216e+06,-86.4108
rss-mff-xff,ss,ff,ff,-40,2.25,1584.89,912719,-84.3243
rss-mff-xff,ss,ff,ff,-40,2.25,2511.89,580269,-81.0514
rss-mff-xff,ss,ff,ff,-40,2.25,3981.07,372980,-75.9962
rss-mff-xff,ss,ff,ff,-40,2.25,6309.57,245864,-68.4641
rss-mff-xff,ss,ff,ff,-40,2.25,10000,170679,-58.0790
rss-mff-xff,ss,ff,ff,-40,2.25,15848.9,129082,-45.6515
rss-mff-xff,ss,ff,ff,-40,2.25,25118.9,108145,-33.4873
rss-mff-xff,ss,ff,ff,-40,2.25,39810.7,98542,-23.8899
rss-mff-xff,ss,ff,ff,-40,2.25,63095.7,94349.8,-17.7393
rss-mff-xff,ss,ff,ff,-40,2.25,100000,92379.7,-14.8912
rss-mff-xff,ss,ff,ff,-40,2.25,158489,90967,-15.0739
rss-mff-xff,ss,ff,ff,-40,2.25,251189,88917.4,-18.3086
rss-mff-xff,ss,ff,ff,-40,2.25,398107,84764.2,-24.8845
rss-mff-xff,ss,ff,ff,-40,2.25,630957,76586.1,-34.8744
rss-mff-xff,ss,ff,ff,-40,2.25,1e+06,63384.3,-47.2145
rss-mff-xff,ss,ff,ff,-40,2.25,1.58489e+06,47362.8,-59.4915
rss-mff-xff,ss,ff,ff,-40,2.25,2.51189e+06,32611.5,-69.5357
rss-mff-xff,ss,ff,ff,-40,2.25,3.98107e+06,21405.9,-76.7277
rss-mff-xff,ss,ff,ff,-40,2.25,6.30957e+06,13733,-81.5224
rss-mff-xff,ss,ff,ff,-40,2.25,1e+07,8723.99,-84.6138
rss-mff-xff,ss,ff,ff,-40,2.25,1.58489e+07,5519.62,-86.5756
rss-mff-xff,ss,ff,ff,-40,2.25,2.51189e+07,3486.65,-87.8070
rss-mff-xff,ss,ff,ff,-40,2.25,3.98107e+07,2201.21,-88.5683
rss-mff-xff,ss,ff,ff,-40,2.25,6.30957e+07,1389.59,-89.0258
rss-mff-xff,ss,ff,ff,-40,2.25,1e+08,877.477,-89.2888
rss-mff-xff,ss,ff,ff,-40,2.7,100,1.43898e+07,-89.6299
rss-mff-xff,ss,ff,ff,-40,2.7,158.489,9.0796e+06,-89.4237
rss-mff-xff,ss,ff,ff,-40,2.7,251.189,5.72928e+06,-89.0931
rss-mff-xff,ss,ff,ff,-40,2.7,398.107,3.61563e+06,-88.5669
rss-mff-xff,ss,ff,ff,-40,2.7,630.957,2.28242e+06,-87.7320
rss-mff-xff,ss,ff,ff,-40,2.7,1000,1.44187e+06,-86.4100
rss-mff-xff,ss,ff,ff,-40,2.7,1584.89,912538,-84.3231
rss-mff-xff,ss,ff,ff,-40,2.7,2511.89,580156,-81.0496
rss-mff-xff,ss,ff,ff,-40,2.7,3981.07,372910,-75.9934
rss-mff-xff,ss,ff,ff,-40,2.7,6309.57,245821,-68.4600
rss-mff-xff,ss,ff,ff,-40,2.7,10000,170654,-58.0737
rss-mff-xff,ss,ff,ff,-40,2.7,15848.9,129070,-45.6456
rss-mff-xff,ss,ff,ff,-40,2.7,25118.9,108139,-33.4820
rss-mff-xff,ss,ff,ff,-40,2.7,39810.7,98539.6,-23.8860
rss-mff-xff,ss,ff,ff,-40,2.7,63095.7,94349,-17.7366
rss-mff-xff,ss,ff,ff,-40,2.7,100000,92379.5,-14.8895
rss-mff-xff,ss,ff,ff,-40,2.7,158489,90967.1,-15.0728
rss-mff-xff,ss,ff,ff,-40,2.7,251189,88917.6,-18.3079
rss-mff-xff,ss,ff,ff,-40,2.7,398107,84764.4,-24.8841
rss-mff-xff,ss,ff,ff,-40,2.7,630957,76586.2,-34.8742
rss-mff-xff,ss,ff,ff,-40,2.7,1e+06,63384.4,-47.2144
rss-mff-xff,ss,ff,ff,-40,2.7,1.58489e+06,47362.8,-59.4915
rss-mff-xff,ss,ff,ff,-40,2.7,2.51189e+06,32611.5,-69.5357
rss-mff-xff,ss,ff,ff,-40,2.7,3.98107e+06,21405.9,-76.7277
rss-mff-xff,ss,ff,ff,-40,2.7,6.30957e+06,13733,-81.5224
rss-mff-xff,ss,ff,ff,-40,2.7,1e+07,8723.99,-84.6138
rss-mff-xff,ss,ff,ff,-40,2.7,1.58489e+07,5519.62,-86.5756
rss-mff-xff,ss,ff,ff,-40,2.7,2.51189e+07,3486.65,-87.8070
rss-mff-xff,ss,ff,ff,-40,2.7,3.98107e+07,2201.21,-88.5683
rss-mff-xff,ss,ff,ff,-40,2.7,6.30957e+07,1389.59,-89.0258
rss-mff-xff,ss,ff,ff,-40,2.7,1e+08,877.477,-89.2888
rss-mff-xff,ss,ff,ff,27,0.3,100,1.57708e+07,-89.6644
rss-mff-xff,ss,ff,ff,27,0.3,158.489,9.95095e+06,-89.4793
rss-mff-xff,ss,ff,ff,27,0.3,251.189,6.27902e+06,-89.1819
rss-mff-xff,ss,ff,ff,27,0.3,398.107,3.96242e+06,-88.7080
rss-mff-xff,ss,ff,ff,27,0.3,630.957,2.50111e+06,-87.9557
rss-mff-xff,ss,ff,ff,27,0.3,1000,1.57966e+06,-86.7640
rss-mff-xff,ss,ff,ff,27,0.3,1584.89,999184,-84.8810
rss-mff-xff,ss,ff,ff,27,0.3,2511.89,634363,-81.9218
rss-mff-xff,ss,ff,ff,27,0.3,3981.07,406402,-77.3299
rss-mff-xff,ss,ff,ff,27,0.3,6309.57,265914,-70.4150
rss-mff-xff,ss,ff,ff,27,0.3,10000,181954,-60.6696
rss-mff-xff,ss,ff,ff,27,0.3,15848.9,134671,-48.5688
rss-mff-xff,ss,ff,ff,27,0.3,25118.9,110333,-36.1617
rss-mff-xff,ss,ff,ff,27,0.3,39810.7,98957,-25.9405
rss-mff-xff,ss,ff,ff,27,0.3,63095.7,93951.4,-19.1385
rss-mff-xff,ss,ff,ff,27,0.3,100000,91642.4,-15.7764
rss-mff-xff,ss,ff,ff,27,0.3,158489,90108.8,-15.5892
rss-mff-xff,ss,ff,ff,27,0.3,251189,88052.4,-18.5569
rss-mff-xff,ss,ff,ff,27,0.3,398107,83984.3,-24.9317
rss-mff-xff,ss,ff,ff,27,0.3,630957,75986.8,-34.7742
rss-mff-xff,ss,ff,ff,27,0.3,1e+06,63018.4,-47.0354
rss-mff-xff,ss,ff,ff,27,0.3,1.58489e+06,47184.5,-59.3080
rss-mff-xff,ss,ff,ff,27,0.3,2.51189e+06,32532.7,-69.3902
rss-mff-xff,ss,ff,ff,27,0.3,3.98107e+06,21369,-76.6263
rss-mff-xff,ss,ff,ff,27,0.3,6.30957e+06,13713.6,-81.4558
rss-mff-xff,ss,ff,ff,27,0.3,1e+07,8712.79,-84.5712
rss-mff-xff,ss,ff,ff,27,0.3,1.58489e+07,5512.83,-86.5488
rss-mff-xff,ss,ff,ff,27,0.3,2.51189e+07,3482.43,-87.7903
rss-mff-xff,ss,ff,ff,27,0.3,3.98107e+07,2198.55,-88.5582
rss-mff-xff,ss,ff,ff,27,0.3,6.30957e+07,1387.91,-89.0200
rss-mff-xff,ss,ff,ff,27,0.3,1e+08,876.408,-89.2857
rss-mff-xff,ss,ff,ff,27,0.9,100,1.46189e+07,-89.6388
rss-mff-xff,ss,ff,ff,27,0.9,158.489,9.22415e+06,-89.4379
rss-mff-xff,ss,ff,ff,27,0.9,251.189,5.82047e+06,-89.1158
rss-mff-xff,ss,ff,ff,27,0.9,398.107,3.67315e+06,-88.6029
rss-mff-xff,ss,ff,ff,27,0.9,630.957,2.31867e+06,-87.7891
rss-mff-xff,ss,ff,ff,27,0.9,1000,1.46468e+06,-86.5004
rss-mff-xff,ss,ff,ff,27,0.9,1584.89,926837,-84.4654
rss-mff-xff,ss,ff,ff,27,0.9,2511.89,589030,-81.2719
rss-mff-xff,ss,ff,ff,27,0.9,3981.07,378282,-76.3331
rss-mff-xff,ss,ff,ff,27,0.9,6309.57,248876,-68.9539
rss-mff-xff,ss,ff,ff,27,0.9,10000,172132,-58.7218
rss-mff-xff,ss,ff,ff,27,0.9,15848.9,129481,-46.3619
rss-mff-xff,ss,ff,ff,27,0.9,25118.9,107895,-34.1238
rss-mff-xff,ss,ff,ff,27,0.9,39810.7,97950.5,-24.3647
rss-mff-xff,ss,ff,ff,27,0.9,63095.7,93602.9,-18.0483
rss-mff-xff,ss,ff,ff,27,0.9,100000,91572.9,-15.0649
rss-mff-xff,ss,ff,ff,27,0.9,158489,90151.2,-15.1401
rss-mff-xff,ss,ff,ff,27,0.9,251189,88134.3,-18.2827
rss-mff-xff,ss,ff,ff,27,0.9,398107,84070.2,-24.7737
rss-mff-xff,ss,ff,ff,27,0.9,630957,76054.9,-34.6927
rss-mff-xff,ss,ff,ff,27,0.9,1e+06,63058.2,-47.0003
rss-mff-xff,ss,ff,ff,27,0.9,1.58489e+06,47201.4,-59.2958
rss-mff-xff,ss,ff,ff,27,0.9,2.51189e+06,32538.2,-69.3868
rss-mff-xff,ss,ff,ff,27,0.9,3.98107e+06,21370.6,-76.6255
rss-mff-xff,ss,ff,ff,27,0.9,6.30957e+06,13714,-81.4556
rss-mff-xff,ss,ff,ff,27,0.9,1e+07,8712.9,-84.5712
rss-mff-xff,ss,ff,ff,27,0.9,1.58489e+07,5512.86,-86.5488
rss-mff-xff,ss,ff,ff,27,0.9,2.51189e+07,3482.44,-87.7903
rss-mff-xff,ss,ff,ff,27,0.9,3.98107e+07,2198.56,-88.5582
rss-mff-xff,ss,ff,ff,27,0.9,6.30957e+07,1387.91,-89.0201
rss-mff-xff,ss,ff,ff,27,0.9,1e+08,876.408,-89.2858
rss-mff-xff,ss,ff,ff,27,1.35,100,1.44476e+07,-89.6346
rss-mff-xff,ss,ff,ff,27,1.35,158.489,9.1161e+06,-89.4312
rss-mff-xff,ss,ff,ff,27,1.35,251.189,5.7523e+06,-89.1051
rss-mff-xff,ss,ff,ff,27,1.35,398.107,3.63014e+06,-88.5859
rss-mff-xff,ss,ff,ff,27,1.35,630.957,2.29155e+06,-87.7621
rss-mff-xff,ss,ff,ff,27,1.35,1000,1.44759e+06,-86.4576
rss-mff-xff,ss,ff,ff,27,1.35,1584.89,916086,-84.3980
rss-mff-xff,ss,ff,ff,27,1.35,2511.89,582298,-81.1666
rss-mff-xff,ss,ff,ff,27,1.35,3981.07,374112,-76.1721
rss-mff-xff,ss,ff,ff,27,1.35,6309.57,246358,-68.7195
rss-mff-xff,ss,ff,ff,27,1.35,10000,170690,-58.4132
rss-mff-xff,ss,ff,ff,27,1.35,15848.9,128727,-46.0188
rss-mff-xff,ss,ff,ff,27,1.35,25118.9,107545,-33.8131
rss-mff-xff,ss,ff,ff,27,1.35,39810.7,97807.3,-24.1277
rss-mff-xff,ss,ff,ff,27,1.35,63095.7,93554,-17.8856
rss-mff-xff,ss,ff,ff,27,1.35,100000,91563.8,-14.9590
rss-mff-xff,ss,ff,ff,27,1.35,158489,90158,-15.0734
rss-mff-xff,ss,ff,ff,27,1.35,251189,88146.7,-18.2420
rss-mff-xff,ss,ff,ff,27,1.35,398107,84083.1,-24.7503
rss-mff-xff,ss,ff,ff,27,1.35,630957,76065,-34.6806
rss-mff-xff,ss,ff,ff,27,1.35,1e+06,63064.2,-46.9951
rss-mff-xff,ss,ff,ff,27,1.35,1.58489e+06,47203.9,-59.2940
rss-mff-xff,ss,ff,ff,27,1.35,2.51189e+06,32539,-69.3863
rss-mff-xff,ss,ff,ff,27,1.35,3.98107e+06,21370.8,-76.6254
rss-mff-xff,ss,ff,ff,27,1.35,6.30957e+06,13714,-81.4556
rss-mff-xff,ss,ff,ff,27,1.35,1e+07,8712.91,-84.5713
rss-mff-xff,ss,ff,ff,27,1.35,1.58489e+07,5512.86,-86.5488
rss-mff-xff,ss,ff,ff,27,1.35,2.51189e+07,3482.44,-87.7903
rss-mff-xff,ss,ff,ff,27,1.35,3.98107e+07,2198.56,-88.5582
rss-mff-xff,ss,ff,ff,27,1.35,6.30957e+07,1387.91,-89.0201
rss-mff-xff,ss,ff,ff,27,1.35,1e+08,876.408,-89.2858
rss-mff-xff,ss,ff,ff,27,1.8,100,1.44036e+07,-89.6335
rss-mff-xff,ss,ff,ff,27,1.8,158.489,9.08834e+06,-89.4295
rss-mff-xff,ss,ff,ff,27,1.8,251.189,5.73479e+06,-89.1023
rss-mff-xff,ss,ff,ff,27,1.8,398.107,3.61909e+06,-88.5814
rss-mff-xff,ss,ff,ff,27,1.8,630.957,2.28458e+06,-87.7550
rss-mff-xff,ss,ff,ff,27,1.8,1000,1.4432e+06,-86.4465
rss-mff-xff,ss,ff,ff,27,1.8,1584.89,913324,-84.3805
rss-mff-xff,ss,ff,ff,27,1.8,2511.89,580568,-81.1392
rss-mff-xff,ss,ff,ff,27,1.8,3981.07,373041,-76.1301
rss-mff-xff,ss,ff,ff,27,1.8,6309.57,245712,-68.6585
rss-mff-xff,ss,ff,ff,27,1.8,10000,170320,-58.3330
rss-mff-xff,ss,ff,ff,27,1.8,15848.9,128534,-45.9300
rss-mff-xff,ss,ff,ff,27,1.8,25118.9,107455,-33.7329
rss-mff-xff,ss,ff,ff,27,1.8,39810.7,97770.7,-24.0667
rss-mff-xff,ss,ff,ff,27,1.8,63095.7,93541.6,-17.8438
rss-mff-xff,ss,ff,ff,27,1.8,100000,91561.5,-14.9318
rss-mff-xff,ss,ff,ff,27,1.8,158489,90159.8,-15.0563
rss-mff-xff,ss,ff,ff,27,1.8,251189,88149.9,-18.2316
rss-mff-xff,ss,ff,ff,27,1.8,398107,84086.4,-24.7442
rss-mff-xff,ss,ff,ff,27,1.8,630957,76067.6,-34.6775
rss-mff-xff,ss,ff,ff,27,1.8,1e+06,63065.7,-46.9938
rss-mff-xff,ss,ff,ff,27,1.8,1.58489e+06,47204.5,-59.2935
rss-mff-xff,ss,ff,ff,27,1.8,2.51189e+06,32539.2,-69.3861
rss-mff-xff,ss,ff,ff,27,1.8,3.98107e+06,21370.9,-76.6253
rss-mff-xff,ss,ff,ff,27,1.8,6.30957e+06,13714.1,-81.4556
rss-mff-xff,ss,ff,ff,27,1.8,1e+07,8712.92,-84.5713
rss-mff-xff,ss,ff,ff,27,1.8,1.58489e+07,5512.86,-86.5488
rss-mff-xff,ss,ff,ff,27,1.8,2.51189e+07,3482.44,-87.7903
rss-mff-xff,ss,ff,ff,27,1.8,3.98107e+07,2198.56,-88.5582
rss-mff-xff,ss,ff,ff,27,1.8,6.30957e+07,1387.91,-89.0201
rss-mff-xff,ss,ff,ff,27,1.8,1e+08,876.408,-89.2858
rss-mff-xff,ss,ff,ff,27,2.25,100,1.43923e+07,-89.6333
rss-mff-xff,ss,ff,ff,27,2.25,158.489,9.08123e+06,-89.4290
rss-mff-xff,ss,ff,ff,27,2.25,251.189,5.7303e+06,-89.1015
rss-mff-xff,ss,ff,ff,27,2.25,398.107,3.61626e+06,-88.5803
rss-mff-xff,ss,ff,ff,27,2.25,630.957,2.2828e+06,-87.7532
rss-mff-xff,ss,ff,ff,27,2.25,1000,1.44207e+06,-86.4436
rss-mff-xff,ss,ff,ff,27,2.25,1584.89,912617,-84.3759
rss-mff-xff,ss,ff,ff,27,2.25,2511.89,580125,-81.1321
rss-mff-xff,ss,ff,ff,27,2.25,3981.07,372767,-76.1194
rss-mff-xff,ss,ff,ff,27,2.25,6309.57,245547,-68.6428
rss-mff-xff,ss,ff,ff,27,2.25,10000,170226,-58.3124
rss-mff-xff,ss,ff,ff,27,2.25,15848.9,128485,-45.9072
rss-mff-xff,ss,ff,ff,27,2.25,25118.9,107432,-33.7123
rss-mff-xff,ss,ff,ff,27,2.25,39810.7,97761.4,-24.0511
rss-mff-xff,ss,ff,ff,27,2.25,63095.7,93538.4,-17.8330
rss-mff-xff,ss,ff,ff,27,2.25,100000,91560.9,-14.9248
rss-mff-xff,ss,ff,ff,27,2.25,158489,90160.3,-15.0519
rss-mff-xff,ss,ff,ff,27,2.25,251189,88150.7,-18.2289
rss-mff-xff,ss,ff,ff,27,2.25,398107,84087.2,-24.7427
rss-mff-xff,ss,ff,ff,27,2.25,630957,76068.3,-34.6767
rss-mff-xff,ss,ff,ff,27,2.25,1e+06,63066.1,-46.9934
rss-mff-xff,ss,ff,ff,27,2.25,1.58489e+06,47204.7,-59.2934
rss-mff-xff,ss,ff,ff,27,2.25,2.51189e+06,32539.3,-69.3861
rss-mff-xff,ss,ff,ff,27,2.25,3.98107e+06,21370.9,-76.6253
rss-mff-xff,ss,ff,ff,27,2.25,6.30957e+06,13714.1,-81.4556
rss-mff-xff,ss,ff,ff,27,2.25,1e+07,8712.92,-84.5713
rss-mff-xff,ss,ff,ff,27,2.25,1.58489e+07,5512.86,-86.5488
rss-mff-xff,ss,ff,ff,27,2.25,2.51189e+07,3482.44,-87.7903
rss-mff-xff,ss,ff,ff,27,2.25,3.98107e+07,2198.56,-88.5582
rss-mff-xff,ss,ff,ff,27,2.25,6.30957e+07,1387.91,-89.0201
rss-mff-xff,ss,ff,ff,27,2.25,1e+08,876.408,-89.2858
rss-mff-xff,ss,ff,ff,27,2.7,100,1.43895e+07,-89.6332
rss-mff-xff,ss,ff,ff,27,2.7,158.489,9.07941e+06,-89.4289
rss-mff-xff,ss,ff,ff,27,2.7,251.189,5.72915e+06,-89.1014
rss-mff-xff,ss,ff,ff,27,2.7,398.107,3.61554e+06,-88.5800
rss-mff-xff,ss,ff,ff,27,2.7,630.957,2.28234e+06,-87.7528
rss-mff-xff,ss,ff,ff,27,2.7,1000,1.44179e+06,-86.4429
rss-mff-xff,ss,ff,ff,27,2.7,1584.89,912436,-84.3748
rss-mff-xff,ss,ff,ff,27,2.7,2511.89,580012,-81.1303
rss-mff-xff,ss,ff,ff,27,2.7,3981.07,372697,-76.1166
rss-mff-xff,ss,ff,ff,27,2.7,6309.57,245504,-68.6388
rss-mff-xff,ss,ff,ff,27,2.7,10000,170201,-58.3072
rss-mff-xff,ss,ff,ff,27,2.7,15848.9,128472,-45.9014
rss-mff-xff,ss,ff,ff,27,2.7,25118.9,107426,-33.7071
rss-mff-xff,ss,ff,ff,27,2.7,39810.7,97759,-24.0471
rss-mff-xff,ss,ff,ff,27,2.7,63095.7,93537.6,-17.8303
rss-mff-xff,ss,ff,ff,27,2.7,100000,91560.8,-14.9231
rss-mff-xff,ss,ff,ff,27,2.7,158489,90160.4,-15.0507
rss-mff-xff,ss,ff,ff,27,2.7,251189,88150.9,-18.2282
rss-mff-xff,ss,ff,ff,27,2.7,398107,84087.4,-24.7423
rss-mff-xff,ss,ff,ff,27,2.7,630957,76068.5,-34.6765
rss-mff-xff,ss,ff,ff,27,2.7,1e+06,63066.2,-46.9933
rss-mff-xff,ss,ff,ff,27,2.7,1.58489e+06,47204.7,-59.2934
rss-mff-xff,ss,ff,ff,27,2.7,2.51189e+06,32539.3,-69.3861
rss-mff-xff,ss,ff,ff,27,2.7,3.98107e+06,21370.9,-76.6253
rss-mff-xff,ss,ff,ff,27,2.7,6.30957e+06,13714.1,-81.4556
rss-mff-xff,ss,ff,ff,27,2.7,1e+07,8712.92,-84.5713
rss-mff-xff,ss,ff,ff,27,2.7,1.58489e+07,5512.86,-86.5488
rss-mff-xff,ss,ff,ff,27,2.7,2.51189e+07,3482.44,-87.7903
rss-mff-xff,ss,ff,ff,27,2.7,3.98107e+07,2198.56,-88.5582
rss-mff-xff,ss,ff,ff,27,2.7,6.30957e+07,1387.91,-89.0201
rss-mff-xff,ss,ff,ff,27,2.7,1e+08,876.408,-89.2858
rss-mff-xff,ss,ff,ff,125,0.3,100,1.57706e+07,-89.6651
rss-mff-xff,ss,ff,ff,125,0.3,158.489,9.9508e+06,-89.4805
rss-mff-xff,ss,ff,ff,125,0.3,251.189,6.27892e+06,-89.1837
rss-mff-xff,ss,ff,ff,125,0.3,398.107,3.96235e+06,-88.7108
rss-mff-xff,ss,ff,ff,125,0.3,630.957,2.50106e+06,-87.9602
rss-mff-xff,ss,ff,ff,125,0.3,1000,1.57963e+06,-86.7711
rss-mff-xff,ss,ff,ff,125,0.3,1584.89,999151,-84.8922
rss-mff-xff,ss,ff,ff,125,0.3,2511.89,634324,-81.9393
rss-mff-xff,ss,ff,ff,125,0.3,3981.07,406351,-77.3568
rss-mff-xff,ss,ff,ff,125,0.3,6309.57,265842,-70.4546
rss-mff-xff,ss,ff,ff,125,0.3,10000,181853,-60.7229
rss-mff-xff,ss,ff,ff,125,0.3,15848.9,134536,-48.6298
rss-mff-xff,ss,ff,ff,125,0.3,25118.9,110169,-36.2182
rss-mff-xff,ss,ff,ff,125,0.3,39810.7,98774.5,-25.9832
rss-mff-xff,ss,ff,ff,125,0.3,63095.7,93760.1,-19.1655
rss-mff-xff,ss,ff,ff,125,0.3,100000,91448.3,-15.7896
rss-mff-xff,ss,ff,ff,125,0.3,158489,89916.4,-15.5905
rss-mff-xff,ss,ff,ff,125,0.3,251189,87867.4,-18.5469
rss-mff-xff,ss,ff,ff,125,0.3,398107,83816.5,-24.9102
rss-mff-xff,ss,ff,ff,125,0.3,630957,75850.4,-34.7426
rss-mff-xff,ss,ff,ff,125,0.3,1e+06,62923.6,-46.9994
rss-mff-xff,ss,ff,ff,125,0.3,1.58489e+06,47126.8,-59.2754
rss-mff-xff,ss,ff,ff,125,0.3,2.51189e+06,32499,-69.3655
rss-mff-xff,ss,ff,ff,125,0.3,3.98107e+06,21349,-76.6094
rss-mff-xff,ss,ff,ff,125,0.3,6.30957e+06,13701.3,-81.4447
rss-mff-xff,ss,ff,ff,125,0.3,1e+07,8705.16,-84.5642
rss-mff-xff,ss,ff,ff,125,0.3,1.58489e+07,5508.04,-86.5444
rss-mff-xff,ss,ff,ff,125,0.3,2.51189e+07,3479.42,-87.7876
rss-mff-xff,ss,ff,ff,125,0.3,3.98107e+07,2196.65,-88.5566
rss-mff-xff,ss,ff,ff,125,0.3,6.30957e+07,1386.7,-89.0192
rss-mff-xff,ss,ff,ff,125,0.3,1e+08,875.646,-89.2854
rss-mff-xff,ss,ff,ff,125,0.9,100,1.46186e+07,-89.6396
rss-mff-xff,ss,ff,ff,125,0.9,158.489,9.22401e+06,-89.4392
rss-mff-xff,ss,ff,ff,125,0.9,251.189,5.82038e+06,-89.1177
rss-mff-xff,ss,ff,ff,125,0.9,398.107,3.67309e+06,-88.6060
rss-mff-xff,ss,ff,ff,125,0.9,630.957,2.31863e+06,-87.7940
rss-mff-xff,ss,ff,ff,125,0.9,1000,1.46465e+06,-86.5080
rss-mff-xff,ss,ff,ff,125,0.9,1584.89,926804,-84.4775
rss-mff-xff,ss,ff,ff,125,0.9,2511.89,588991,-81.2907
rss-mff-xff,ss,ff,ff,125,0.9,3981.07,378229,-76.3619
rss-mff-xff,ss,ff,ff,125,0.9,6309.57,248800,-68.9959
rss-mff-xff,ss,ff,ff,125,0.9,10000,172025,-58.7770
rss-mff-xff,ss,ff,ff,125,0.9,15848.9,129341,-46.4232
rss-mff-xff,ss,ff,ff,125,0.9,25118.9,107727,-34.1786
rss-mff-xff,ss,ff,ff,125,0.9,39810.7,97765.7,-24.4050
rss-mff-xff,ss,ff,ff,125,0.9,63095.7,93410.5,-18.0733
rss-mff-xff,ss,ff,ff,125,0.9,100000,91378.3,-15.0766
rss-mff-xff,ss,ff,ff,125,0.9,158489,89958.6,-15.1405
rss-mff-xff,ss,ff,ff,125,0.9,251189,87949.1,-18.2721
rss-mff-xff,ss,ff,ff,125,0.9,398107,83902.3,-24.7518
rss-mff-xff,ss,ff,ff,125,0.9,630957,75918.5,-34.6609
rss-mff-xff,ss,ff,ff,125,0.9,1e+06,62963.4,-46.9642
rss-mff-xff,ss,ff,ff,125,0.9,1.58489e+06,47143.7,-59.2632
rss-mff-xff,ss,ff,ff,125,0.9,2.51189e+06,32504.6,-69.3620
rss-mff-xff,ss,ff,ff,125,0.9,3.98107e+06,21350.6,-76.6085
rss-mff-xff,ss,ff,ff,125,0.9,6.30957e+06,13701.7,-81.4446
rss-mff-xff,ss,ff,ff,125,0.9,1e+07,8705.27,-84.5642
rss-mff-xff,ss,ff,ff,125,0.9,1.58489e+07,5508.07,-86.5444
rss-mff-xff,ss,ff,ff,125,0.9,2.51189e+07,3479.42,-87.7876
rss-mff-xff,ss,ff,ff,125,0.9,3.98107e+07,2196.65,-88.5567
rss-mff-xff,ss,ff,ff,125,0.9,6.30957e+07,1386.7,-89.0193
rss-mff-xff,ss,ff,ff,125,0.9,1e+08,875.646,-89.2854
rss-mff-xff,ss,ff,ff,125,1.35,100,1.44474e+07,-89.6354
rss-mff-xff,ss,ff,ff,125,1.35,158.489,9.11597e+06,-89.4324
rss-mff-xff,ss,ff,ff,125,1.35,251.189,5.75222e+06,-89.1070
rss-mff-xff,ss,ff,ff,125,1.35,398.107,3.63009e+06,-88.5890
rss-mff-xff,ss,ff,ff,125,1.35,630.957,2.29151e+06,-87.7670
rss-mff-xff,ss,ff,ff,125,1.35,1000,1.44756e+06,-86.4654
rss-mff-xff,ss,ff,ff,125,1.35,1584.89,916054,-84.4102
rss-mff-xff,ss,ff,ff,125,1.35,2511.89,582259,-81.1857
rss-mff-xff,ss,ff,ff,125,1.35,3981.07,374059,-76.2012
rss-mff-xff,ss,ff,ff,125,1.35,6309.57,246282,-68.7618
rss-mff-xff,ss,ff,ff,125,1.35,10000,170582,-58.4687
rss-mff-xff,ss,ff,ff,125,1.35,15848.9,128585,-46.0801
rss-mff-xff,ss,ff,ff,125,1.35,25118.9,107376,-33.8676
rss-mff-xff,ss,ff,ff,125,1.35,39810.7,97622.2,-24.1677
rss-mff-xff,ss,ff,ff,125,1.35,63095.7,93361.4,-17.9103
rss-mff-xff,ss,ff,ff,125,1.35,100000,91369.1,-14.9706
rss-mff-xff,ss,ff,ff,125,1.35,158489,89965.3,-15.0736
rss-mff-xff,ss,ff,ff,125,1.35,251189,87961.5,-18.2313
rss-mff-xff,ss,ff,ff,125,1.35,398107,83915.2,-24.7283
rss-mff-xff,ss,ff,ff,125,1.35,630957,75928.6,-34.6487
rss-mff-xff,ss,ff,ff,125,1.35,1e+06,62969.3,-46.9589
rss-mff-xff,ss,ff,ff,125,1.35,1.58489e+06,47146.2,-59.2614
rss-mff-xff,ss,ff,ff,125,1.35,2.51189e+06,32505.4,-69.3615
rss-mff-xff,ss,ff,ff,125,1.35,3.98107e+06,21350.8,-76.6084
rss-mff-xff,ss,ff,ff,125,1.35,6.30957e+06,13701.8,-81.4446
rss-mff-xff,ss,ff,ff,125,1.35,1e+07,8705.29,-84.5642
rss-mff-xff,ss,ff,ff,125,1.35,1.58489e+07,5508.07,-86.5444
rss-mff-xff,ss,ff,ff,125,1.35,2.51189e+07,3479.42,-87.7876
rss-mff-xff,ss,ff,ff,125,1.35,3.98107e+07,2196.65,-88.5567
rss-mff-xff,ss,ff,ff,125,1.35,6.30957e+07,1386.7,-89.0193
rss-mff-xff,ss,ff,ff,125,1.35,1e+08,875.646,-89.2854
rss-mff-xff,ss,ff,ff,125,1.8,100,1.44034e+07,-89.6343
rss-mff-xff,ss,ff,ff,125,1.8,158.489,9.08821e+06,-89.4307
rss-mff-xff,ss,ff,ff,125,1.8,251.189,5.7347e+06,-89.1042
rss-mff-xff,ss,ff,ff,125,1.8,398.107,3.61904e+06,-88.5845
rss-mff-xff,ss,ff,ff,125,1.8,630.957,2.28454e+06,-87.7599
rss-mff-xff,ss,ff,ff,125,1.8,1000,1.44317e+06,-86.4542
rss-mff-xff,ss,ff,ff,125,1.8,1584.89,913291,-84.3927
rss-mff-xff,ss,ff,ff,125,1.8,2511.89,580529,-81.1583
rss-mff-xff,ss,ff,ff,125,1.8,3981.07,372988,-76.1594
rss-mff-xff,ss,ff,ff,125,1.8,6309.57,245635,-68.7009
rss-mff-xff,ss,ff,ff,125,1.8,10000,170212,-58.3886
rss-mff-xff,ss,ff,ff,125,1.8,15848.9,128392,-45.9912
rss-mff-xff,ss,ff,ff,125,1.8,25118.9,107286,-33.7873
rss-mff-xff,ss,ff,ff,125,1.8,39810.7,97585.6,-24.1066
rss-mff-xff,ss,ff,ff,125,1.8,63095.7,93349,-17.8683
rss-mff-xff,ss,ff,ff,125,1.8,100000,91366.8,-14.9433
rss-mff-xff,ss,ff,ff,125,1.8,158489,89967.1,-15.0564
rss-mff-xff,ss,ff,ff,125,1.8,251189,87964.7,-18.2208
rss-mff-xff,ss,ff,ff,125,1.8,398107,83918.5,-24.7222
rss-mff-xff,ss,ff,ff,125,1.8,630957,75931.2,-34.6456
rss-mff-xff,ss,ff,ff,125,1.8,1e+06,62970.9,-46.9576
rss-mff-xff,ss,ff,ff,125,1.8,1.58489e+06,47146.8,-59.2609
rss-mff-xff,ss,ff,ff,125,1.8,2.51189e+06,32505.6,-69.3614
rss-mff-xff,ss,ff,ff,125,1.8,3.98107e+06,21350.9,-76.6084
rss-mff-xff,ss,ff,ff,125,1.8,6.30957e+06,13701.8,-81.4446
rss-mff-xff,ss,ff,ff,125,1.8,1e+07,8705.29,-84.5642
rss-mff-xff,ss,ff,ff,125,1.8,1.58489e+07,5508.08,-86.5444
rss-mff-xff,ss,ff,ff,125,1.8,2.51189e+07,3479.42,-87.7876
rss-mff-xff,ss,ff,ff,125,1.8,3.98107e+07,2196.65,-88.5567
rss-mff-xff,ss,ff,ff,125,1.8,6.30957e+07,1386.7,-89.0193
rss-mff-xff,ss,ff,ff,125,1.8,1e+08,875.646,-89.2854
rss-mff-xff,ss,ff,ff,125,2.25,100,1.43921e+07,-89.6341
rss-mff-xff,ss,ff,ff,125,2.25,158.489,9.0811e+06,-89.4302
rss-mff-xff,ss,ff,ff,125,2.25,251.189,5.73022e+06,-89.1035
rss-mff-xff,ss,ff,ff,125,2.25,398.107,3.61621e+06,-88.5834
rss-mff-xff,ss,ff,ff,125,2.25,630.957,2.28276e+06,-87.7581
rss-mff-xff,ss,ff,ff,125,2.25,1000,1.44204e+06,-86.4514
rss-mff-xff,ss,ff,ff,125,2.25,1584.89,912584,-84.3882
rss-mff-xff,ss,ff,ff,125,2.25,2511.89,580086,-81.1512
rss-mff-xff,ss,ff,ff,125,2.25,3981.07,372714,-76.1486
rss-mff-xff,ss,ff,ff,125,2.25,6309.57,245470,-68.6853
rss-mff-xff,ss,ff,ff,125,2.25,10000,170117,-58.3681
rss-mff-xff,ss,ff,ff,125,2.25,15848.9,128343,-45.9685
rss-mff-xff,ss,ff,ff,125,2.25,25118.9,107263,-33.7668
rss-mff-xff,ss,ff,ff,125,2.25,39810.7,97576.2,-24.0909
rss-mff-xff,ss,ff,ff,125,2.25,63095.7,93345.8,-17.8576
rss-mff-xff,ss,ff,ff,125,2.25,100000,91366.2,-14.9363
rss-mff-xff,ss,ff,ff,125,2.25,158489,89967.5,-15.0520
rss-mff-xff,ss,ff,ff,125,2.25,251189,87965.5,-18.2181
rss-mff-xff,ss,ff,ff,125,2.25,398107,83919.3,-24.7207
rss-mff-xff,ss,ff,ff,125,2.25,630957,75931.9,-34.6448
rss-mff-xff,ss,ff,ff,125,2.25,1e+06,62971.3,-46.9573
rss-mff-xff,ss,ff,ff,125,2.25,1.58489e+06,47147,-59.2608
rss-mff-xff,ss,ff,ff,125,2.25,2.51189e+06,32505.7,-69.3614
rss-mff-xff,ss,ff,ff,125,2.25,3.98107e+06,21350.9,-76.6084
rss-mff-xff,ss,ff,ff,125,2.25,6.30957e+06,13701.8,-81.4446
rss-mff-xff,ss,ff,ff,125,2.25,1e+07,8705.29,-84.5642
rss-mff-xff,ss,ff,ff,125,2.25,1.58489e+07,5508.08,-86.5444
rss-mff-xff,ss,ff,ff,125,2.25,2.51189e+07,3479.42,-87.7876
rss-mff-xff,ss,ff,ff,125,2.25,3.98107e+07,2196.65,-88.5567
rss-mff-xff,ss,ff,ff,125,2.25,6.30957e+07,1386.7,-89.0193
rss-mff-xff,ss,ff,ff,125,2.25,1e+08,875.646,-89.2854
rss-mff-xff,ss,ff,ff,125,2.7,100,1.43893e+07,-89.6340
rss-mff-xff,ss,ff,ff,125,2.7,158.489,9.07928e+06,-89.4301
rss-mff-xff,ss,ff,ff,125,2.7,251.189,5.72907e+06,-89.1033
rss-mff-xff,ss,ff,ff,125,2.7,398.107,3.61548e+06,-88.5831
rss-mff-xff,ss,ff,ff,125,2.7,630.957,2.2823e+06,-87.7577
rss-mff-xff,ss,ff,ff,125,2.7,1000,1.44175e+06,-86.4506
rss-mff-xff,ss,ff,ff,125,2.7,1584.89,912403,-84.3870
rss-mff-xff,ss,ff,ff,125,2.7,2511.89,579973,-81.1494
rss-mff-xff,ss,ff,ff,125,2.7,3981.07,372643,-76.1458
rss-mff-xff,ss,ff,ff,125,2.7,6309.57,245428,-68.6813
rss-mff-xff,ss,ff,ff,125,2.7,10000,170093,-58.3628
rss-mff-xff,ss,ff,ff,125,2.7,15848.9,128330,-45.9626
rss-mff-xff,ss,ff,ff,125,2.7,25118.9,107257,-33.7615
rss-mff-xff,ss,ff,ff,125,2.7,39810.7,97573.8,-24.0869
rss-mff-xff,ss,ff,ff,125,2.7,63095.7,93345,-17.8549
rss-mff-xff,ss,ff,ff,125,2.7,100000,91366,-14.9345
rss-mff-xff,ss,ff,ff,125,2.7,158489,89967.6,-15.0509
rss-mff-xff,ss,ff,ff,125,2.7,251189,87965.7,-18.2174
rss-mff-xff,ss,ff,ff,125,2.7,398107,83919.5,-24.7203
rss-mff-xff,ss,ff,ff,125,2.7,630957,75932,-34.6446
rss-mff-xff,ss,ff,ff,125,2.7,1e+06,62971.4,-46.9572
rss-mff-xff,ss,ff,ff,125,2.7,1.58489e+06,47147,-59.2607
rss-mff-xff,ss,ff,ff,125,2.7,2.51189e+06,32505.7,-69.3614
rss-mff-xff,ss,ff,ff,125,2.7,3.98107e+06,21350.9,-76.6084
rss-mff-xff,ss,ff,ff,125,2.7,6.30957e+06,13701.8,-81.4446
rss-mff-xff,ss,ff,ff,125,2.7,1e+07,8705.29,-84.5642
rss-mff-xff,ss,ff,ff,125,2.7,1.58489e+07,5508.08,-86.5444
rss-mff-xff,ss,ff,ff,125,2.7,2.51189e+07,3479.42,-87.7876
rss-mff-xff,ss,ff,ff,125,2.7,3.98107e+07,2196.65,-88.5567
rss-mff-xff,ss,ff,ff,125,2.7,6.30957e+07,1386.7,-89.0193
rss-mff-xff,ss,ff,ff,125,2.7,1e+08,875.646,-89.2854
rss-mff-xss,ss,ff,ss,-40,0.3,100,1.57092e+07,-89.6627
rss-mff-xss,ss,ff,ss,-40,0.3,158.489,9.91209e+06,-89.4767
rss-mff-xss,ss,ff,ss,-40,0.3,251.189,6.25451e+06,-89.1776
rss-mff-xss,ss,ff,ss,-40,0.3,398.107,3.94696e+06,-88.7012
rss-mff-xss,ss,ff,ss,-40,0.3,630.957,2.49137e+06,-87.9449
rss-mff-xss,ss,ff,ss,-40,0.3,1000,1.57354e+06,-86.7469
rss-mff-xss,ss,ff,ss,-40,0.3,1584.89,995357,-84.8543
rss-mff-xss,ss,ff,ss,-40,0.3,2511.89,632004,-81.8804
rss-mff-xss,ss,ff,ss,-40,0.3,3981.07,405000,-77.2678
rss-mff-xss,ss,ff,ss,-40,0.3,6309.57,265158,-70.3294
rss-mff-xss,ss,ff,ss,-40,0.3,10000,181657,-60.5745
rss-mff-xss,ss,ff,ss,-40,0.3,15848.9,134700,-48.5175
rss-mff-xss,ss,ff,ss,-40,0.3,25118.9,110571,-36.2499
rss-mff-xss,ss,ff,ss,-40,0.3,39810.7,99293.6,-26.2770
rss-mff-xss,ss,ff,ss,-40,0.3,63095.7,94287.8,-19.8399
rss-mff-xss,ss,ff,ss,-40,0.3,100000,91859.5,-17.0020
rss-mff-xss,ss,ff,ss,-40,0.3,158489,89987.9,-17.5744
rss-mff-xss,ss,ff,ss,-40,0.3,251189,87145.3,-21.6060
rss-mff-xss,ss,ff,ss,-40,0.3,398107,81520.6,-29.2863
rss-mff-xss,ss,ff,ss,-40,0.3,630957,71250.6,-40.2554
rss-mff-xss,ss,ff,ss,-40,0.3,1e+06,56477.2,-52.7555
rss-mff-xss,ss,ff,ss,-40,0.3,1.58489e+06,40618.5,-64.1908
rss-mff-xss,ss,ff,ss,-40,0.3,2.51189e+06,27307.3,-72.9766
rss-mff-xss,ss,ff,ss,-40,0.3,3.98107e+06,17713.5,-79.0483
rss-mff-xss,ss,ff,ss,-40,0.3,6.30957e+06,11305.3,-83.0291
rss-mff-xss,ss,ff,ss,-40,0.3,1e+07,7166.41,-85.5775
rss-mff-xss,ss,ff,ss,-40,0.3,1.58489e+07,4530.2,-87.1900
rss-mff-xss,ss,ff,ss,-40,0.3,2.51189e+07,2860.62,-88.2008
rss-mff-xss,ss,ff,ss,-40,0.3,3.98107e+07,1805.68,-88.8256
rss-mff-xss,ss,ff,ss,-40,0.3,6.30957e+07,1139.76,-89.2010
rss-mff-xss,ss,ff,ss,-40,0.3,1e+08,719.611,-89.4167
rss-mff-xss,ss,ff,ss,-40,0.9,100,1.45659e+07,-89.6369
rss-mff-xss,ss,ff,ss,-40,0.9,158.489,9.19075e+06,-89.4349
rss-mff-xss,ss,ff,ss,-40,0.9,251.189,5.7994e+06,-89.1109
rss-mff-xss,ss,ff,ss,-40,0.9,398.107,3.65986e+06,-88.5952
rss-mff-xss,ss,ff,ss,-40,0.9,630.957,2.31031e+06,-87.7768
rss-mff-xss,ss,ff,ss,-40,0.9,1000,1.45943e+06,-86.4810
rss-mff-xss,ss,ff,ss,-40,0.9,1584.89,923562,-84.4350
rss-mff-xss,ss,ff,ss,-40,0.9,2511.89,587025,-81.2248
rss-mff-xss,ss,ff,ss,-40,0.9,3981.07,377112,-76.2629
rss-mff-xss,ss,ff,ss,-40,0.9,6309.57,248279,-68.8585
rss-mff-xss,ss,ff,ss,-40,0.9,10000,171947,-58.6187
rss-mff-xss,ss,ff,ss,-40,0.9,15848.9,129592,-46.3102
rss-mff-xss,ss,ff,ss,-40,0.9,25118.9,108191,-34.2203
rss-mff-xss,ss,ff,ss,-40,0.9,39810.7,98329.1,-24.7129
rss-mff-xss,ss,ff,ss,-40,0.9,63095.7,93972.5,-18.7609
rss-mff-xss,ss,ff,ss,-40,0.9,100000,91818.4,-16.3005
rss-mff-xss,ss,ff,ss,-40,0.9,158489,90054.8,-17.1352
rss-mff-xss,ss,ff,ss,-40,0.9,251189,87246.1,-21.3428
rss-mff-xss,ss,ff,ss,-40,0.9,398107,81616.4,-29.1404
rss-mff-xss,ss,ff,ss,-40,0.9,630957,71318,-40.1852
rss-mff-xss,ss,ff,ss,-40,0.9,1e+06,56511.5,-52.7280
rss-mff-xss,ss,ff,ss,-40,0.9,1.58489e+06,40631.3,-64.1820
rss-mff-xss,ss,ff,ss,-40,0.9,2.51189e+06,27311.2,-72.9743
rss-mff-xss,ss,ff,ss,-40,0.9,3.98107e+06,17714.5,-79.0478
rss-mff-xss,ss,ff,ss,-40,0.9,6.30957e+06,11305.6,-83.0290
rss-mff-xss,ss,ff,ss,-40,0.9,1e+07,7166.48,-85.5776
rss-mff-xss,ss,ff,ss,-40,0.9,1.58489e+07,4530.21,-87.1900
rss-mff-xss,ss,ff,ss,-40,0.9,2.51189e+07,2860.63,-88.2009
rss-mff-xss,ss,ff,ss,-40,0.9,3.98107e+07,1805.68,-88.8256
rss-mff-xss,ss,ff,ss,-40,0.9,6.30957e+07,1139.76,-89.2010
rss-mff-xss,ss,ff,ss,-40,0.9,1e+08,719.611,-89.4168
rss-mff-xss,ss,ff,ss,-40,1.35,100,1.43959e+07,-89.6327
rss-mff-xss,ss,ff,ss,-40,1.35,158.489,9.08348e+06,-89.4281
rss-mff-xss,ss,ff,ss,-40,1.35,251.189,5.73173e+06,-89.1001
rss-mff-xss,ss,ff,ss,-40,1.35,398.107,3.61717e+06,-88.5780
rss-mff-xss,ss,ff,ss,-40,1.35,630.957,2.28338e+06,-87.7495
rss-mff-xss,ss,ff,ss,-40,1.35,1000,1.44246e+06,-86.4378
rss-mff-xss,ss,ff,ss,-40,1.35,1584.89,912890,-84.3670
rss-mff-xss,ss,ff,ss,-40,1.35,2511.89,580344,-81.1186
rss-mff-xss,ss,ff,ss,-40,1.35,3981.07,372976,-76.1006
rss-mff-xss,ss,ff,ss,-40,1.35,6309.57,245784,-68.6226
rss-mff-xss,ss,ff,ss,-40,1.35,10000,170521,-58.3089
rss-mff-xss,ss,ff,ss,-40,1.35,15848.9,128850,-45.9672
rss-mff-xss,ss,ff,ss,-40,1.35,25118.9,107849,-33.9109
rss-mff-xss,ss,ff,ss,-40,1.35,39810.7,98192.1,-24.4778
rss-mff-xss,ss,ff,ss,-40,1.35,63095.7,93928.6,-18.5999
rss-mff-xss,ss,ff,ss,-40,1.35,100000,91813.5,-16.1961
rss-mff-xss,ss,ff,ss,-40,1.35,158489,90065.2,-17.0699
rss-mff-xss,ss,ff,ss,-40,1.35,251189,87261.2,-21.3037
rss-mff-xss,ss,ff,ss,-40,1.35,398107,81630.7,-29.1188
rss-mff-xss,ss,ff,ss,-40,1.35,630957,71328.1,-40.1748
rss-mff-xss,ss,ff,ss,-40,1.35,1e+06,56516.6,-52.7239
rss-mff-xss,ss,ff,ss,-40,1.35,1.58489e+06,40633.3,-64.1807
rss-mff-xss,ss,ff,ss,-40,1.35,2.51189e+06,27311.8,-72.9740
rss-mff-xss,ss,ff,ss,-40,1.35,3.98107e+06,17714.7,-79.0477
rss-mff-xss,ss,ff,ss,-40,1.35,6.30957e+06,11305.7,-83.0290
rss-mff-xss,ss,ff,ss,-40,1.35,1e+07,7166.49,-85.5776
rss-mff-xss,ss,ff,ss,-40,1.35,1.58489e+07,4530.22,-87.1900
rss-mff-xss,ss,ff,ss,-40,1.35,2.51189e+07,2860.63,-88.2009
rss-mff-xss,ss,ff,ss,-40,1.35,3.98107e+07,1805.68,-88.8256
rss-mff-xss,ss,ff,ss,-40,1.35,6.30957e+07,1139.76,-89.2010
rss-mff-xss,ss,ff,ss,-40,1.35,1e+08,719.611,-89.4168
rss-mff-xss,ss,ff,ss,-40,1.8,100,1.43522e+07,-89.6316
rss-mff-xss,ss,ff,ss,-40,1.8,158.489,9.05591e+06,-89.4263
rss-mff-xss,ss,ff,ss,-40,1.8,251.189,5.71433e+06,-89.0972
rss-mff-xss,ss,ff,ss,-40,1.8,398.107,3.6062e+06,-88.5735
rss-mff-xss,ss,ff,ss,-40,1.8,630.957,2.27646e+06,-87.7424
rss-mff-xss,ss,ff,ss,-40,1.8,1000,1.4381e+06,-86.4266
rss-mff-xss,ss,ff,ss,-40,1.8,1584.89,910148,-84.3492
rss-mff-xss,ss,ff,ss,-40,1.8,2511.89,578627,-81.0909
rss-mff-xss,ss,ff,ss,-40,1.8,3981.07,371913,-76.0584
rss-mff-xss,ss,ff,ss,-40,1.8,6309.57,245143,-68.5611
rss-mff-xss,ss,ff,ss,-40,1.8,10000,170156,-58.2284
rss-mff-xss,ss,ff,ss,-40,1.8,15848.9,128660,-45.8784
rss-mff-xss,ss,ff,ss,-40,1.8,25118.9,107762,-33.8311
rss-mff-xss,ss,ff,ss,-40,1.8,39810.7,98157.1,-24.4172
rss-mff-xss,ss,ff,ss,-40,1.8,63095.7,93917.4,-18.5585
rss-mff-xss,ss,ff,ss,-40,1.8,100000,91812.3,-16.1693
rss-mff-xss,ss,ff,ss,-40,1.8,158489,90067.9,-17.0532
rss-mff-xss,ss,ff,ss,-40,1.8,251189,87265.1,-21.2937
rss-mff-xss,ss,ff,ss,-40,1.8,398107,81634.4,-29.1132
rss-mff-xss,ss,ff,ss,-40,1.8,630957,71330.7,-40.1721
rss-mff-xss,ss,ff,ss,-40,1.8,1e+06,56517.9,-52.7228
rss-mff-xss,ss,ff,ss,-40,1.8,1.58489e+06,40633.7,-64.1804
rss-mff-xss,ss,ff,ss,-40,1.8,2.51189e+06,27311.9,-72.9739
rss-mff-xss,ss,ff,ss,-40,1.8,3.98107e+06,17714.7,-79.0477
rss-mff-xss,ss,ff,ss,-40,1.8,6.30957e+06,11305.7,-83.0290
rss-mff-xss,ss,ff,ss,-40,1.8,1e+07,7166.49,-85.5776
rss-mff-xss,ss,ff,ss,-40,1.8,1.58489e+07,4530.22,-87.1900
rss-mff-xss,ss,ff,ss,-40,1.8,2.51189e+07,2860.63,-88.2009
rss-mff-xss,ss,ff,ss,-40,1.8,3.98107e+07,1805.68,-88.8256
rss-mff-xss,ss,ff,ss,-40,1.8,6.30957e+07,1139.76,-89.2010
rss-mff-xss,ss,ff,ss,-40,1.8,1e+08,719.611,-89.4168
rss-mff-xss,ss,ff,ss,-40,2.25,100,1.4341e+07,-89.6313
rss-mff-xss,ss,ff,ss,-40,2.25,158.489,9.04885e+06,-89.4259
rss-mff-xss,ss,ff,ss,-40,2.25,251.189,5.70988e+06,-89.0965
rss-mff-xss,ss,ff,ss,-40,2.25,398.107,3.60339e+06,-88.5723
rss-mff-xss,ss,ff,ss,-40,2.25,630.957,2.27469e+06,-87.7406
rss-mff-xss,ss,ff,ss,-40,2.25,1000,1.43698e+06,-86.4237
rss-mff-xss,ss,ff,ss,-40,2.25,1584.89,909445,-84.3447
rss-mff-xss,ss,ff,ss,-40,2.25,2511.89,578187,-81.0838
rss-mff-xss,ss,ff,ss,-40,2.25,3981.07,371641,-76.0475
rss-mff-xss,ss,ff,ss,-40,2.25,6309.57,244979,-68.5454
rss-mff-xss,ss,ff,ss,-40,2.25,10000,170062,-58.2078
rss-mff-xss,ss,ff,ss,-40,2.25,15848.9,128611,-45.8556
rss-mff-xss,ss,ff,ss,-40,2.25,25118.9,107739,-33.8106
rss-mff-xss,ss,ff,ss,-40,2.25,39810.7,98148.2,-24.4017
rss-mff-xss,ss,ff,ss,-40,2.25,63095.7,93914.5,-18.5479
rss-mff-xss,ss,ff,ss,-40,2.25,100000,91812,-16.1624
rss-mff-xss,ss,ff,ss,-40,2.25,158489,90068.6,-17.0489
rss-mff-xss,ss,ff,ss,-40,2.25,251189,87266.1,-21.2911
rss-mff-xss,ss,ff,ss,-40,2.25,398107,81635.3,-29.1118
rss-mff-xss,ss,ff,ss,-40,2.25,630957,71331.3,-40.1715
rss-mff-xss,ss,ff,ss,-40,2.25,1e+06,56518.2,-52.7226
rss-mff-xss,ss,ff,ss,-40,2.25,1.58489e+06,40633.9,-64.1803
rss-mff-xss,ss,ff,ss,-40,2.25,2.51189e+06,27312,-72.9739
rss-mff-xss,ss,ff,ss,-40,2.25,3.98107e+06,17714.7,-79.0477
rss-mff-xss,ss,ff,ss,-40,2.25,6.30957e+06,11305.7,-83.0290
rss-mff-xss,ss,ff,ss,-40,2.25,1e+07,7166.49,-85.5776
rss-mff-xss,ss,ff,ss,-40,2.25,1.58489e+07,4530.22,-87.1900
rss-mff-xss,ss,ff,ss,-40,2.25,2.51189e+07,2860.63,-88.2009
rss-mff-xss,ss,ff,ss,-40,2.25,3.98107e+07,1805.68,-88.8256
rss-mff-xss,ss,ff,ss,-40,2.25,6.30957e+07,1139.76,-89.2010
rss-mff-xss,ss,ff,ss,-40,2.25,1e+08,719.611,-89.4168
rss-mff-xss,ss,ff,ss,-40,2.7,100,1.43382e+07,-89.6312
rss-mff-xss,ss,ff,ss,-40,2.7,158.489,9.04705e+06,-89.4257
rss-mff-xss,ss,ff,ss,-40,2.7,251.189,5.70874e+06,-89.0963
rss-mff-xss,ss,ff,ss,-40,2.7,398.107,3.60267e+06,-88.5720
rss-mff-xss,ss,ff,ss,-40,2.7,630.957,2.27424e+06,-87.7401
rss-mff-xss,ss,ff,ss,-40,2.7,1000,1.4367e+06,-86.4229
rss-mff-xss,ss,ff,ss,-40,2.7,1584.89,909266,-84.3435
rss-mff-xss,ss,ff,ss,-40,2.7,2511.89,578075,-81.0820
rss-mff-xss,ss,ff,ss,-40,2.7,3981.07,371572,-76.0447
rss-mff-xss,ss,ff,ss,-40,2.7,6309.57,244937,-68.5413
rss-mff-xss,ss,ff,ss,-40,2.7,10000,170038,-58.2025
rss-mff-xss,ss,ff,ss,-40,2.7,15848.9,128599,-45.8498
rss-mff-xss,ss,ff,ss,-40,2.7,25118.9,107734,-33.8054
rss-mff-xss,ss,ff,ss,-40,2.7,39810.7,98145.9,-24.3978
rss-mff-xss,ss,ff,ss,-40,2.7,63095.7,93913.8,-18.5451
rss-mff-xss,ss,ff,ss,-40,2.7,100000,91811.9,-16.1607
rss-mff-xss,ss,ff,ss,-40,2.7,158489,90068.8,-17.0478
rss-mff-xss,ss,ff,ss,-40,2.7,251189,87266.4,-21.2904
rss-mff-xss,ss,ff,ss,-40,2.7,398107,81635.5,-29.1114
rss-mff-xss,ss,ff,ss,-40,2.7,630957,71331.5,-40.1713
rss-mff-xss,ss,ff,ss,-40,2.7,1e+06,56518.3,-52.7225
rss-mff-xss,ss,ff,ss,-40,2.7,1.58489e+06,40633.9,-64.1803
rss-mff-xss,ss,ff,ss,-40,2.7,2.51189e+06,27312,-72.9738
rss-mff-xss,ss,ff,ss,-40,2.7,3.98107e+06,17714.7,-79.0477
rss-mff-xss,ss,ff,ss,-40,2.7,6.30957e+06,11305.7,-83.0290
rss-mff-xss,ss,ff,ss,-40,2.7,1e+07,7166.49,-85.5776
rss-mff-xss,ss,ff,ss,-40,2.7,1.58489e+07,4530.22,-87.1900
rss-mff-xss,ss,ff,ss,-40,2.7,2.51189e+07,2860.63,-88.2009
rss-mff-xss,ss,ff,ss,-40,2.7,3.98107e+07,1805.68,-88.8256
rss-mff-xss,ss,ff,ss,-40,2.7,6.30957e+07,1139.76,-89.2010
rss-mff-xss,ss,ff,ss,-40,2.7,1e+08,719.611,-89.4168
rss-mff-xss,ss,ff,ss,27,0.3,100,1.57088e+07,-89.6657
rss-mff-xss,ss,ff,ss,27,0.3,158.489,9.91182e+06,-89.4814
rss-mff-xss,ss,ff,ss,27,0.3,251.189,6.25433e+06,-89.1851
rss-mff-xss,ss,ff,ss,27,0.3,398.107,3.94684e+06,-88.7131
rss-mff-xss,ss,ff,ss,27,0.3,630.957,2.49127e+06,-87.9637
rss-mff-xss,ss,ff,ss,27,0.3,1000,1.57345e+06,-86.7767
rss-mff-xss,ss,ff,ss,27,0.3,1584.89,995255,-84.9012
rss-mff-xss,ss,ff,ss,27,0.3,2511.89,631867,-81.9538
rss-mff-xss,ss,ff,ss,27,0.3,3981.07,404802,-77.3806
rss-mff-xss,ss,ff,ss,27,0.3,6309.57,264865,-70.4953
rss-mff-xss,ss,ff,ss,27,0.3,10000,181234,-60.7969
rss-mff-xss,ss,ff,ss,27,0.3,15848.9,134133,-48.7706
rss-mff-xss,ss,ff,ss,27,0.3,25118.9,109882,-36.4813
rss-mff-xss,ss,ff,ss,27,0.3,39810.7,98528.1,-26.4464
rss-mff-xss,ss,ff,ss,27,0.3,63095.7,93487.5,-19.9378
rss-mff-xss,ss,ff,ss,27,0.3,100000,91052.4,-17.0332
rss-mff-xss,ss,ff,ss,27,0.3,158489,89199.5,-17.5426
rss-mff-xss,ss,ff,ss,27,0.3,251189,86412.9,-21.5096
rss-mff-xss,ss,ff,ss,27,0.3,398107,80905.1,-29.1246
rss-mff-xss,ss,ff,ss,27,0.3,630957,70817.8,-40.0458
rss-mff-xss,ss,ff,ss,27,0.3,1e+06,56235.9,-52.5411
rss-mff-xss,ss,ff,ss,27,0.3,1.58489e+06,40505,-64.0130
rss-mff-xss,ss,ff,ss,27,0.3,2.51189e+06,27254.9,-72.8487
rss-mff-xss,ss,ff,ss,27,0.3,3.98107e+06,17686.9,-78.9629
rss-mff-xss,ss,ff,ss,27,0.3,6.30957e+06,11290.4,-82.9740
rss-mff-xss,ss,ff,ss,27,0.3,1e+07,7157.46,-85.5425
rss-mff-xss,ss,ff,ss,27,0.3,1.58489e+07,4524.68,-87.1679
rss-mff-xss,ss,ff,ss,27,0.3,2.51189e+07,2857.17,-88.1872
rss-mff-xss,ss,ff,ss,27,0.3,3.98107e+07,1803.5,-88.8173
rss-mff-xss,ss,ff,ss,27,0.3,6.30957e+07,1138.39,-89.1962
rss-mff-xss,ss,ff,ss,27,0.3,1e+08,718.735,-89.4143
rss-mff-xss,ss,ff,ss,27,0.9,100,1.45656e+07,-89.6401
rss-mff-xss,ss,ff,ss,27,0.9,158.489,9.19051e+06,-89.4400
rss-mff-xss,ss,ff,ss,27,0.9,251.189,5.79925e+06,-89.1190
rss-mff-xss,ss,ff,ss,27,0.9,398.107,3.65975e+06,-88.6080
rss-mff-xss,ss,ff,ss,27,0.9,630.957,2.31022e+06,-87.7972
rss-mff-xss,ss,ff,ss,27,0.9,1000,1.45934e+06,-86.5132
rss-mff-xss,ss,ff,ss,27,0.9,1584.89,923457,-84.4857
rss-mff-xss,ss,ff,ss,27,0.9,2511.89,586881,-81.3039
rss-mff-xss,ss,ff,ss,27,0.9,3981.07,376901,-76.3839
rss-mff-xss,ss,ff,ss,27,0.9,6309.57,247966,-69.0345
rss-mff-xss,ss,ff,ss,27,0.9,10000,171500,-58.8495
rss-mff-xss,ss,ff,ss,27,0.9,15848.9,129001,-46.5643
rss-mff-xss,ss,ff,ss,27,0.9,25118.9,107484,-34.4444
rss-mff-xss,ss,ff,ss,27,0.9,39810.7,97553.8,-24.8721
rss-mff-xss,ss,ff,ss,27,0.9,63095.7,93167,-18.8500
rss-mff-xss,ss,ff,ss,27,0.9,100000,91008.5,-16.3254
rss-mff-xss,ss,ff,ss,27,0.9,158489,89264.7,-17.0992
rss-mff-xss,ss,ff,ss,27,0.9,251189,86512.6,-21.2435
rss-mff-xss,ss,ff,ss,27,0.9,398107,81000.4,-28.9769
rss-mff-xss,ss,ff,ss,27,0.9,630957,70885.3,-39.9746
rss-mff-xss,ss,ff,ss,27,0.9,1e+06,56270.4,-52.5130
rss-mff-xss,ss,ff,ss,27,0.9,1.58489e+06,40518,-64.0040
rss-mff-xss,ss,ff,ss,27,0.9,2.51189e+06,27258.8,-72.8463
rss-mff-xss,ss,ff,ss,27,0.9,3.98107e+06,17687.9,-78.9624
rss-mff-xss,ss,ff,ss,27,0.9,6.30957e+06,11290.7,-82.9739
rss-mff-xss,ss,ff,ss,27,0.9,1e+07,7157.53,-85.5425
rss-mff-xss,ss,ff,ss,27,0.9,1.58489e+07,4524.69,-87.1680
rss-mff-xss,ss,ff,ss,27,0.9,2.51189e+07,2857.17,-88.1872
rss-mff-xss,ss,ff,ss,27,0.9,3.98107e+07,1803.51,-88.8173
rss-mff-xss,ss,ff,ss,27,0.9,6.30957e+07,1138.39,-89.1962
rss-mff-xss,ss,ff,ss,27,0.9,1e+08,718.735,-89.4143
rss-mff-xss,ss,ff,ss,27,1.35,100,1.43956e+07,-89.6360
rss-mff-xss,ss,ff,ss,27,1.35,158.489,9.08325e+06,-89.4333
rss-mff-xss,ss,ff,ss,27,1.35,251.189,5.73158e+06,-89.1083
rss-mff-xss,ss,ff,ss,27,1.35,398.107,3.61706e+06,-88.5910
rss-mff-xss,ss,ff,ss,27,1.35,630.957,2.28329e+06,-87.7701
rss-mff-xss,ss,ff,ss,27,1.35,1000,1.44237e+06,-86.4704
rss-mff-xss,ss,ff,ss,27,1.35,1584.89,912785,-84.4183
rss-mff-xss,ss,ff,ss,27,1.35,2511.89,580199,-81.1987
rss-mff-xss,ss,ff,ss,27,1.35,3981.07,372763,-76.2230
rss-mff-xss,ss,ff,ss,27,1.35,6309.57,245468,-68.8001
rss-mff-xss,ss,ff,ss,27,1.35,10000,170070,-58.5409
rss-mff-xss,ss,ff,ss,27,1.35,15848.9,128255,-46.2213
rss-mff-xss,ss,ff,ss,27,1.35,25118.9,107140,-34.1338
rss-mff-xss,ss,ff,ss,27,1.35,39810.7,97415.3,-24.6354
rss-mff-xss,ss,ff,ss,27,1.35,63095.7,93122.3,-18.6876
rss-mff-xss,ss,ff,ss,27,1.35,100000,91003.2,-16.2201
rss-mff-xss,ss,ff,ss,27,1.35,158489,89274.8,-17.0333
rss-mff-xss,ss,ff,ss,27,1.35,251189,86527.6,-21.2040
rss-mff-xss,ss,ff,ss,27,1.35,398107,81014.6,-28.9550
rss-mff-xss,ss,ff,ss,27,1.35,630957,70895.4,-39.9640
rss-mff-xss,ss,ff,ss,27,1.35,1e+06,56275.5,-52.5088
rss-mff-xss,ss,ff,ss,27,1.35,1.58489e+06,40520,-64.0027
rss-mff-xss,ss,ff,ss,27,1.35,2.51189e+06,27259.4,-72.8460
rss-mff-xss,ss,ff,ss,27,1.35,3.98107e+06,17688.1,-78.9623
rss-mff-xss,ss,ff,ss,27,1.35,6.30957e+06,11290.7,-82.9739
rss-mff-xss,ss,ff,ss,27,1.35,1e+07,7157.54,-85.5425
rss-mff-xss,ss,ff,ss,27,1.35,1.58489e+07,4524.7,-87.1680
rss-mff-xss,ss,ff,ss,27,1.35,2.51189e+07,2857.17,-88.1872
rss-mff-xss,ss,ff,ss,27,1.35,3.98107e+07,1803.51,-88.8173
rss-mff-xss,ss,ff,ss,27,1.35,6.30957e+07,1138.39,-89.1962
rss-mff-xss,ss,ff,ss,27,1.35,1e+08,718.735,-89.4143
rss-mff-xss,ss,ff,ss,27,1.8,100,1.43519e+07,-89.6349
rss-mff-xss,ss,ff,ss,27,1.8,158.489,9.05569e+06,-89.4315
rss-mff-xss,ss,ff,ss,27,1.8,251.189,5.71418e+06,-89.1055
rss-mff-xss,ss,ff,ss,27,1.8,398.107,3.60609e+06,-88.5865
rss-mff-xss,ss,ff,ss,27,1.8,630.957,2.27637e+06,-87.7631
rss-mff-xss,ss,ff,ss,27,1.8,1000,1.43801e+06,-86.4592
rss-mff-xss,ss,ff,ss,27,1.8,1584.89,910042,-84.4007
rss-mff-xss,ss,ff,ss,27,1.8,2511.89,578482,-81.1713
rss-mff-xss,ss,ff,ss,27,1.8,3981.07,371700,-76.1810
rss-mff-xss,ss,ff,ss,27,1.8,6309.57,244827,-68.7391
rss-mff-xss,ss,ff,ss,27,1.8,10000,169704,-58.4608
rss-mff-xss,ss,ff,ss,27,1.8,15848.9,128064,-46.1325
rss-mff-xss,ss,ff,ss,27,1.8,25118.9,107052,-34.0536
rss-mff-xss,ss,ff,ss,27,1.8,39810.7,97380,-24.5744
rss-mff-xss,ss,ff,ss,27,1.8,63095.7,93110.9,-18.6459
rss-mff-xss,ss,ff,ss,27,1.8,100000,91001.9,-16.1930
rss-mff-xss,ss,ff,ss,27,1.8,158489,89277.5,-17.0164
rss-mff-xss,ss,ff,ss,27,1.8,251189,86531.5,-21.1939
rss-mff-xss,ss,ff,ss,27,1.8,398107,81018.3,-28.9494
rss-mff-xss,ss,ff,ss,27,1.8,630957,70898,-39.9613
rss-mff-xss,ss,ff,ss,27,1.8,1e+06,56276.8,-52.5078
rss-mff-xss,ss,ff,ss,27,1.8,1.58489e+06,40520.5,-64.0023
rss-mff-xss,ss,ff,ss,27,1.8,2.51189e+06,27259.6,-72.8459
rss-mff-xss,ss,ff,ss,27,1.8,3.98107e+06,17688.1,-78.9623
rss-mff-xss,ss,ff,ss,27,1.8,6.30957e+06,11290.7,-82.9739
rss-mff-xss,ss,ff,ss,27,1.8,1e+07,7157.54,-85.5425
rss-mff-xss,ss,ff,ss,27,1.8,1.58489e+07,4524.7,-87.1680
rss-mff-xss,ss,ff,ss,27,1.8,2.51189e+07,2857.17,-88.1872
rss-mff-xss,ss,ff,ss,27,1.8,3.98107e+07,1803.51,-88.8173
rss-mff-xss,ss,ff,ss,27,1.8,6.30957e+07,1138.39,-89.1963
rss-mff-xss,ss,ff,ss,27,1.8,1e+08,718.735,-89.4143
rss-mff-xss,ss,ff,ss,27,2.25,100,1.43407e+07,-89.6346
rss-mff-xss,ss,ff,ss,27,2.25,158.489,9.04863e+06,-89.4311
rss-mff-xss,ss,ff,ss,27,2.25,251.189,5.70973e+06,-89.1048
rss-mff-xss,ss,ff,ss,27,2.25,398.107,3.60328e+06,-88.5854
rss-mff-xss,ss,ff,ss,27,2.25,630.957,2.2746e+06,-87.7613
rss-mff-xss,ss,ff,ss,27,2.25,1000,1.4369e+06,-86.4564
rss-mff-xss,ss,ff,ss,27,2.25,1584.89,909340,-84.3962
rss-mff-xss,ss,ff,ss,27,2.25,2511.89,578042,-81.1642
rss-mff-xss,ss,ff,ss,27,2.25,3981.07,371428,-76.1702
rss-mff-xss,ss,ff,ss,27,2.25,6309.57,244663,-68.7234
rss-mff-xss,ss,ff,ss,27,2.25,10000,169610,-58.4402
rss-mff-xss,ss,ff,ss,27,2.25,15848.9,128015,-46.1097
rss-mff-xss,ss,ff,ss,27,2.25,25118.9,107029,-34.0331
rss-mff-xss,ss,ff,ss,27,2.25,39810.7,97370.9,-24.5588
rss-mff-xss,ss,ff,ss,27,2.25,63095.7,93108,-18.6352
rss-mff-xss,ss,ff,ss,27,2.25,100000,91001.5,-16.1861
rss-mff-xss,ss,ff,ss,27,2.25,158489,89278.2,-17.0121
rss-mff-xss,ss,ff,ss,27,2.25,251189,86532.5,-21.1913
rss-mff-xss,ss,ff,ss,27,2.25,398107,81019.2,-28.9479
rss-mff-xss,ss,ff,ss,27,2.25,630957,70898.6,-39.9606
rss-mff-xss,ss,ff,ss,27,2.25,1e+06,56277.2,-52.5075
rss-mff-xss,ss,ff,ss,27,2.25,1.58489e+06,40520.6,-64.0023
rss-mff-xss,ss,ff,ss,27,2.25,2.51189e+06,27259.6,-72.8458
rss-mff-xss,ss,ff,ss,27,2.25,3.98107e+06,17688.2,-78.9623
rss-mff-xss,ss,ff,ss,27,2.25,6.30957e+06,11290.7,-82.9739
rss-mff-xss,ss,ff,ss,27,2.25,1e+07,7157.54,-85.5425
rss-mff-xss,ss,ff,ss,27,2.25,1.58489e+07,4524.7,-87.1680
rss-mff-xss,ss,ff,ss,27,2.25,2.51189e+07,2857.17,-88.1872
rss-mff-xss,ss,ff,ss,27,2.25,3.98107e+07,1803.51,-88.8173
rss-mff-xss,ss,ff,ss,27,2.25,6.30957e+07,1138.39,-89.1963
rss-mff-xss,ss,ff,ss,27,2.25,1e+08,718.735,-89.4143
rss-mff-xss,ss,ff,ss,27,2.7,100,1.43378e+07,-89.6345
rss-mff-xss,ss,ff,ss,27,2.7,158.489,9.04682e+06,-89.4309
rss-mff-xss,ss,ff,ss,27,2.7,251.189,5.70859e+06,-89.1046
rss-mff-xss,ss,ff,ss,27,2.7,398.107,3.60256e+06,-88.5851
rss-mff-xss,ss,ff,ss,27,2.7,630.957,2.27415e+06,-87.7608
rss-mff-xss,ss,ff,ss,27,2.7,1000,1.43661e+06,-86.4556
rss-mff-xss,ss,ff,ss,27,2.7,1584.89,909160,-84.3950
rss-mff-xss,ss,ff,ss,27,2.7,2511.89,577929,-81.1624
rss-mff-xss,ss,ff,ss,27,2.7,3981.07,371358,-76.1675
rss-mff-xss,ss,ff,ss,27,2.7,6309.57,244621,-68.7194
rss-mff-xss,ss,ff,ss,27,2.7,10000,169586,-58.4350
rss-mff-xss,ss,ff,ss,27,2.7,15848.9,128003,-46.1038
rss-mff-xss,ss,ff,ss,27,2.7,25118.9,107023,-34.0278
rss-mff-xss,ss,ff,ss,27,2.7,39810.7,97368.6,-24.5548
rss-mff-xss,ss,ff,ss,27,2.7,63095.7,93107.2,-18.6324
rss-mff-xss,ss,ff,ss,27,2.7,100000,91001.5,-16.1843
rss-mff-xss,ss,ff,ss,27,2.7,158489,89278.3,-17.0110
rss-mff-xss,ss,ff,ss,27,2.7,251189,86532.8,-21.1906
rss-mff-xss,ss,ff,ss,27,2.7,398107,81019.4,-28.9476
rss-mff-xss,ss,ff,ss,27,2.7,630957,70898.8,-39.9604
rss-mff-xss,ss,ff,ss,27,2.7,1e+06,56277.2,-52.5074
rss-mff-xss,ss,ff,ss,27,2.7,1.58489e+06,40520.6,-64.0022
rss-mff-xss,ss,ff,ss,27,2.7,2.51189e+06,27259.6,-72.8458
rss-mff-xss,ss,ff,ss,27,2.7,3.98107e+06,17688.2,-78.9623
rss-mff-xss,ss,ff,ss,27,2.7,6.30957e+06,11290.7,-82.9739
rss-mff-xss,ss,ff,ss,27,2.7,1e+07,7157.54,-85.5425
rss-mff-xss,ss,ff,ss,27,2.7,1.58489e+07,4524.7,-87.1680
rss-mff-xss,ss,ff,ss,27,2.7,2.51189e+07,2857.17,-88.1872
rss-mff-xss,ss,ff,ss,27,2.7,3.98107e+07,1803.51,-88.8173
rss-mff-xss,ss,ff,ss,27,2.7,6.30957e+07,1138.39,-89.1963
rss-mff-xss,ss,ff,ss,27,2.7,1e+08,718.735,-89.4143
rss-mff-xss,ss,ff,ss,125,0.3,100,1.57085e+07,-89.6664
rss-mff-xss,ss,ff,ss,125,0.3,158.489,9.91163e+06,-89.4825
rss-mff-xss,ss,ff,ss,125,0.3,251.189,6.25421e+06,-89.1869
rss-mff-xss,ss,ff,ss,125,0.3,398.107,3.94676e+06,-88.7159
rss-mff-xss,ss,ff,ss,125,0.3,630.957,2.49122e+06,-87.9682
rss-mff-xss,ss,ff,ss,125,0.3,1000,1.57341e+06,-86.7838
rss-mff-xss,ss,ff,ss,125,0.3,1584.89,995218,-84.9124
rss-mff-xss,ss,ff,ss,125,0.3,2511.89,631827,-81.9713
rss-mff-xss,ss,ff,ss,125,0.3,3981.07,404751,-77.4074
rss-mff-xss,ss,ff,ss,125,0.3,6309.57,264793,-70.5348
rss-mff-xss,ss,ff,ss,125,0.3,10000,181133,-60.8500
rss-mff-xss,ss,ff,ss,125,0.3,15848.9,133998,-48.8313
rss-mff-xss,ss,ff,ss,125,0.3,25118.9,109718,-36.5374
rss-mff-xss,ss,ff,ss,125,0.3,39810.7,98346.2,-26.4885
rss-mff-xss,ss,ff,ss,125,0.3,63095.7,93297,-19.9638
rss-mff-xss,ss,ff,ss,125,0.3,100000,90859.9,-17.0448
rss-mff-xss,ss,ff,ss,125,0.3,158489,89010.2,-17.5415
rss-mff-xss,ss,ff,ss,125,0.3,251189,86234.2,-21.4962
rss-mff-xss,ss,ff,ss,125,0.3,398107,80749.1,-29.0994
rss-mff-xss,ss,ff,ss,125,0.3,630957,70698.7,-40.0120
rss-mff-xss,ss,ff,ss,125,0.3,1e+06,56158.2,-52.5060
rss-mff-xss,ss,ff,ss,125,0.3,1.58489e+06,40459.2,-63.9837
rss-mff-xss,ss,ff,ss,125,0.3,2.51189e+06,27228,-72.8276
rss-mff-xss,ss,ff,ss,125,0.3,3.98107e+06,17670.6,-78.9488
rss-mff-xss,ss,ff,ss,125,0.3,6.30957e+06,11280.4,-82.9649
rss-mff-xss,ss,ff,ss,125,0.3,1e+07,7151.21,-85.5367
rss-mff-xss,ss,ff,ss,125,0.3,1.58489e+07,4520.74,-87.1643
rss-mff-xss,ss,ff,ss,125,0.3,2.51189e+07,2854.69,-88.1850
rss-mff-xss,ss,ff,ss,125,0.3,3.98107e+07,1801.94,-88.8160
rss-mff-xss,ss,ff,ss,125,0.3,6.30957e+07,1137.4,-89.1956
rss-mff-xss,ss,ff,ss,125,0.3,1e+08,718.11,-89.4140
rss-mff-xss,ss,ff,ss,125,0.9,100,1.45653e+07,-89.6409
rss-mff-xss,ss,ff,ss,125,0.9,158.489,9.19035e+06,-89.4412
rss-mff-xss,ss,ff,ss,125,0.9,251.189,5.79914e+06,-89.1209
rss-mff-xss,ss,ff,ss,125,0.9,398.107,3.65968e+06,-88.6111
rss-mff-xss,ss,ff,ss,125,0.9,630.957,2.31017e+06,-87.8020
rss-mff-xss,ss,ff,ss,125,0.9,1000,1.4593e+06,-86.5208
rss-mff-xss,ss,ff,ss,125,0.9,1584.89,923421,-84.4977
rss-mff-xss,ss,ff,ss,125,0.9,2511.89,586840,-81.3227
rss-mff-xss,ss,ff,ss,125,0.9,3981.07,376847,-76.4127
rss-mff-xss,ss,ff,ss,125,0.9,6309.57,247890,-69.0764
rss-mff-xss,ss,ff,ss,125,0.9,10000,171393,-58.9046
rss-mff-xss,ss,ff,ss,125,0.9,15848.9,128860,-46.6253
rss-mff-xss,ss,ff,ss,125,0.9,25118.9,107316,-34.4988
rss-mff-xss,ss,ff,ss,125,0.9,39810.7,97369.6,-24.9118
rss-mff-xss,ss,ff,ss,125,0.9,63095.7,92975.4,-18.8739
rss-mff-xss,ss,ff,ss,125,0.9,100000,90815.4,-16.3356
rss-mff-xss,ss,ff,ss,125,0.9,158489,89075,-17.0971
rss-mff-xss,ss,ff,ss,125,0.9,251189,86333.8,-21.2295
rss-mff-xss,ss,ff,ss,125,0.9,398107,80844.3,-28.9513
rss-mff-xss,ss,ff,ss,125,0.9,630957,70766.2,-39.9405
rss-mff-xss,ss,ff,ss,125,0.9,1e+06,56192.7,-52.4778
rss-mff-xss,ss,ff,ss,125,0.9,1.58489e+06,40472.2,-63.9747
rss-mff-xss,ss,ff,ss,125,0.9,2.51189e+06,27232,-72.8252
rss-mff-xss,ss,ff,ss,125,0.9,3.98107e+06,17671.7,-78.9482
rss-mff-xss,ss,ff,ss,125,0.9,6.30957e+06,11280.7,-82.9648
rss-mff-xss,ss,ff,ss,125,0.9,1e+07,7151.28,-85.5368
rss-mff-xss,ss,ff,ss,125,0.9,1.58489e+07,4520.76,-87.1644
rss-mff-xss,ss,ff,ss,125,0.9,2.51189e+07,2854.69,-88.1850
rss-mff-xss,ss,ff,ss,125,0.9,3.98107e+07,1801.94,-88.8161
rss-mff-xss,ss,ff,ss,125,0.9,6.30957e+07,1137.4,-89.1956
rss-mff-xss,ss,ff,ss,125,0.9,1e+08,718.11,-89.4140
rss-mff-xss,ss,ff,ss,125,1.35,100,1.43953e+07,-89.6367
rss-mff-xss,ss,ff,ss,125,1.35,158.489,9.08309e+06,-89.4345
rss-mff-xss,ss,ff,ss,125,1.35,251.189,5.73147e+06,-89.1102
rss-mff-xss,ss,ff,ss,125,1.35,398.107,3.61699e+06,-88.5941
rss-mff-xss,ss,ff,ss,125,1.35,630.957,2.28325e+06,-87.7750
rss-mff-xss,ss,ff,ss,125,1.35,1000,1.44234e+06,-86.4781
rss-mff-xss,ss,ff,ss,125,1.35,1584.89,912749,-84.4305
rss-mff-xss,ss,ff,ss,125,1.35,2511.89,580158,-81.2177
rss-mff-xss,ss,ff,ss,125,1.35,3981.07,372708,-76.2520
rss-mff-xss,ss,ff,ss,125,1.35,6309.57,245391,-68.8424
rss-mff-xss,ss,ff,ss,125,1.35,10000,169962,-58.5963
rss-mff-xss,ss,ff,ss,125,1.35,15848.9,128113,-46.2823
rss-mff-xss,ss,ff,ss,125,1.35,25118.9,106971,-34.1879
rss-mff-xss,ss,ff,ss,125,1.35,39810.7,97230.8,-24.6747
rss-mff-xss,ss,ff,ss,125,1.35,63095.7,92930.5,-18.7112
rss-mff-xss,ss,ff,ss,125,1.35,100000,90810,-16.2300
rss-mff-xss,ss,ff,ss,125,1.35,158489,89085.2,-17.0311
rss-mff-xss,ss,ff,ss,125,1.35,251189,86348.8,-21.1899
rss-mff-xss,ss,ff,ss,125,1.35,398107,80858.6,-28.9293
rss-mff-xss,ss,ff,ss,125,1.35,630957,70776.3,-39.9299
rss-mff-xss,ss,ff,ss,125,1.35,1e+06,56197.9,-52.4736
rss-mff-xss,ss,ff,ss,125,1.35,1.58489e+06,40474.1,-63.9734
rss-mff-xss,ss,ff,ss,125,1.35,2.51189e+06,27232.5,-72.8248
rss-mff-xss,ss,ff,ss,125,1.35,3.98107e+06,17671.9,-78.9481
rss-mff-xss,ss,ff,ss,125,1.35,6.30957e+06,11280.7,-82.9648
rss-mff-xss,ss,ff,ss,125,1.35,1e+07,7151.29,-85.5368
rss-mff-xss,ss,ff,ss,125,1.35,1.58489e+07,4520.76,-87.1644
rss-mff-xss,ss,ff,ss,125,1.35,2.51189e+07,2854.7,-88.1850
rss-mff-xss,ss,ff,ss,125,1.35,3.98107e+07,1801.94,-88.8161
rss-mff-xss,ss,ff,ss,125,1.35,6.30957e+07,1137.4,-89.1956
rss-mff-xss,ss,ff,ss,125,1.35,1e+08,718.11,-89.4140
rss-mff-xss,ss,ff,ss,125,1.8,100,1.43516e+07,-89.6356
rss-mff-xss,ss,ff,ss,125,1.8,158.489,9.05553e+06,-89.4327
rss-mff-xss,ss,ff,ss,125,1.8,251.189,5.71408e+06,-89.1074
rss-mff-xss,ss,ff,ss,125,1.8,398.107,3.60602e+06,-88.5896
rss-mff-xss,ss,ff,ss,125,1.8,630.957,2.27633e+06,-87.7680
rss-mff-xss,ss,ff,ss,125,1.8,1000,1.43798e+06,-86.4670
rss-mff-xss,ss,ff,ss,125,1.8,1584.89,910007,-84.4129
rss-mff-xss,ss,ff,ss,125,1.8,2511.89,578441,-81.1903
rss-mff-xss,ss,ff,ss,125,1.8,3981.07,371645,-76.2102
rss-mff-xss,ss,ff,ss,125,1.8,6309.57,244750,-68.7815
rss-mff-xss,ss,ff,ss,125,1.8,10000,169596,-58.5163
rss-mff-xss,ss,ff,ss,125,1.8,15848.9,127922,-46.1935
rss-mff-xss,ss,ff,ss,125,1.8,25118.9,106883,-34.1077
rss-mff-xss,ss,ff,ss,125,1.8,39810.7,97195.4,-24.6136
rss-mff-xss,ss,ff,ss,125,1.8,63095.7,92919.1,-18.6694
rss-mff-xss,ss,ff,ss,125,1.8,100000,90808.7,-16.2029
rss-mff-xss,ss,ff,ss,125,1.8,158489,89087.8,-17.0141
rss-mff-xss,ss,ff,ss,125,1.8,251189,86352.6,-21.1797
rss-mff-xss,ss,ff,ss,125,1.8,398107,80862.2,-28.9237
rss-mff-xss,ss,ff,ss,125,1.8,630957,70778.9,-39.9272
rss-mff-xss,ss,ff,ss,125,1.8,1e+06,56199.2,-52.4725
rss-mff-xss,ss,ff,ss,125,1.8,1.58489e+06,40474.6,-63.9730
rss-mff-xss,ss,ff,ss,125,1.8,2.51189e+06,27232.7,-72.8247
rss-mff-xss,ss,ff,ss,125,1.8,3.98107e+06,17671.9,-78.9481
rss-mff-xss,ss,ff,ss,125,1.8,6.30957e+06,11280.7,-82.9648
rss-mff-xss,ss,ff,ss,125,1.8,1e+07,7151.29,-85.5368
rss-mff-xss,ss,ff,ss,125,1.8,1.58489e+07,4520.77,-87.1644
rss-mff-xss,ss,ff,ss,125,1.8,2.51189e+07,2854.7,-88.1850
rss-mff-xss,ss,ff,ss,125,1.8,3.98107e+07,1801.94,-88.8161
rss-mff-xss,ss,ff,ss,125,1.8,6.30957e+07,1137.4,-89.1956
rss-mff-xss,ss,ff,ss,125,1.8,1e+08,718.11,-89.4140
rss-mff-xss,ss,ff,ss,125,2.25,100,1.43404e+07,-89.6354
rss-mff-xss,ss,ff,ss,125,2.25,158.489,9.04847e+06,-89.4323
rss-mff-xss,ss,ff,ss,125,2.25,251.189,5.70963e+06,-89.1067
rss-mff-xss,ss,ff,ss,125,2.25,398.107,3.60322e+06,-88.5885
rss-mff-xss,ss,ff,ss,125,2.25,630.957,2.27456e+06,-87.7662
rss-mff-xss,ss,ff,ss,125,2.25,1000,1.43686e+06,-86.4641
rss-mff-xss,ss,ff,ss,125,2.25,1584.89,909305,-84.4084
rss-mff-xss,ss,ff,ss,125,2.25,2511.89,578001,-81.1833
rss-mff-xss,ss,ff,ss,125,2.25,3981.07,371373,-76.1994
rss-mff-xss,ss,ff,ss,125,2.25,6309.57,244585,-68.7658
rss-mff-xss,ss,ff,ss,125,2.25,10000,169502,-58.4957
rss-mff-xss,ss,ff,ss,125,2.25,15848.9,127873,-46.1707
rss-mff-xss,ss,ff,ss,125,2.25,25118.9,106861,-34.0871
rss-mff-xss,ss,ff,ss,125,2.25,39810.7,97186.3,-24.5980
rss-mff-xss,ss,ff,ss,125,2.25,63095.7,92916.2,-18.6587
rss-mff-xss,ss,ff,ss,125,2.25,100000,90808.3,-16.1960
rss-mff-xss,ss,ff,ss,125,2.25,158489,89088.5,-17.0098
rss-mff-xss,ss,ff,ss,125,2.25,251189,86353.6,-21.1771
rss-mff-xss,ss,ff,ss,125,2.25,398107,80863.2,-28.9222
rss-mff-xss,ss,ff,ss,125,2.25,630957,70779.5,-39.9265
rss-mff-xss,ss,ff,ss,125,2.25,1e+06,56199.5,-52.4723
rss-mff-xss,ss,ff,ss,125,2.25,1.58489e+06,40474.7,-63.9729
rss-mff-xss,ss,ff,ss,125,2.25,2.51189e+06,27232.7,-72.8247
rss-mff-xss,ss,ff,ss,125,2.25,3.98107e+06,17671.9,-78.9481
rss-mff-xss,ss,ff,ss,125,2.25,6.30957e+06,11280.7,-82.9648
rss-mff-xss,ss,ff,ss,125,2.25,1e+07,7151.29,-85.5368
rss-mff-xss,ss,ff,ss,125,2.25,1.58489e+07,4520.77,-87.1644
rss-mff-xss,ss,ff,ss,125,2.25,2.51189e+07,2854.7,-88.1850
rss-mff-xss,ss,ff,ss,125,2.25,3.98107e+07,1801.94,-88.8161
rss-mff-xss,ss,ff,ss,125,2.25,6.30957e+07,1137.4,-89.1956
rss-mff-xss,ss,ff,ss,125,2.25,1e+08,718.11,-89.4140
rss-mff-xss,ss,ff,ss,125,2.7,100,1.43376e+07,-89.6353
rss-mff-xss,ss,ff,ss,125,2.7,158.489,9.04667e+06,-89.4322
rss-mff-xss,ss,ff,ss,125,2.7,251.189,5.70849e+06,-89.1065
rss-mff-xss,ss,ff,ss,125,2.7,398.107,3.6025e+06,-88.5882
rss-mff-xss,ss,ff,ss,125,2.7,630.957,2.2741e+06,-87.7657
rss-mff-xss,ss,ff,ss,125,2.7,1000,1.43657e+06,-86.4634
rss-mff-xss,ss,ff,ss,125,2.7,1584.89,909125,-84.4073
rss-mff-xss,ss,ff,ss,125,2.7,2511.89,577889,-81.1815
rss-mff-xss,ss,ff,ss,125,2.7,3981.07,371303,-76.1967
rss-mff-xss,ss,ff,ss,125,2.7,6309.57,244543,-68.7618
rss-mff-xss,ss,ff,ss,125,2.7,10000,169478,-58.4904
rss-mff-xss,ss,ff,ss,125,2.7,15848.9,127861,-46.1648
rss-mff-xss,ss,ff,ss,125,2.7,25118.9,106855,-34.0818
rss-mff-xss,ss,ff,ss,125,2.7,39810.7,97184,-24.5940
rss-mff-xss,ss,ff,ss,125,2.7,63095.7,92915.4,-18.6559
rss-mff-xss,ss,ff,ss,125,2.7,100000,90808.2,-16.1942
rss-mff-xss,ss,ff,ss,125,2.7,158489,89088.6,-17.0086
rss-mff-xss,ss,ff,ss,125,2.7,251189,86353.9,-21.1765
rss-mff-xss,ss,ff,ss,125,2.7,398107,80863.4,-28.9219
rss-mff-xss,ss,ff,ss,125,2.7,630957,70779.7,-39.9263
rss-mff-xss,ss,ff,ss,125,2.7,1e+06,56199.6,-52.4722
rss-mff-xss,ss,ff,ss,125,2.7,1.58489e+06,40474.8,-63.9729
rss-mff-xss,ss,ff,ss,125,2.7,2.51189e+06,27232.8,-72.8247
rss-mff-xss,ss,ff,ss,125,2.7,3.98107e+06,17672,-78.9481
rss-mff-xss,ss,ff,ss,125,2.7,6.30957e+06,11280.7,-82.9648
rss-mff-xss,ss,ff,ss,125,2.7,1e+07,7151.29,-85.5368
rss-mff-xss,ss,ff,ss,125,2.7,1.58489e+07,4520.77,-87.1644
rss-mff-xss,ss,ff,ss,125,2.7,2.51189e+07,2854.7,-88.1850
rss-mff-xss,ss,ff,ss,125,2.7,3.98107e+07,1801.94,-88.8161
rss-mff-xss,ss,ff,ss,125,2.7,6.30957e+07,1137.4,-89.1956
rss-mff-xss,ss,ff,ss,125,2.7,1e+08,718.11,-89.4140
rss-mff-xtyp,ss,ff,typical,-40,0.3,100,1.57401e+07,-89.6621
rss-mff-xtyp,ss,ff,typical,-40,0.3,158.489,9.93159e+06,-89.4756
rss-mff-xtyp,ss,ff,typical,-40,0.3,251.189,6.26681e+06,-89.1760
rss-mff-xtyp,ss,ff,typical,-40,0.3,398.107,3.95473e+06,-88.6987
rss-mff-xtyp,ss,ff,typical,-40,0.3,630.957,2.49627e+06,-87.9409
rss-mff-xtyp,ss,ff,typical,-40,0.3,1000,1.57664e+06,-86.7405
rss-mff-xtyp,ss,ff,typical,-40,0.3,1584.89,997316,-84.8441
rss-mff-xtyp,ss,ff,typical,-40,0.3,2511.89,633248,-81.8643
rss-mff-xtyp,ss,ff,typical,-40,0.3,3981.07,405798,-77.2423
rss-mff-xtyp,ss,ff,typical,-40,0.3,6309.57,265681,-70.2890
rss-mff-xtyp,ss,ff,typical,-40,0.3,10000,182017,-60.5105
rss-mff-xtyp,ss,ff,typical,-40,0.3,15848.9,134970,-48.4160
rss-mff-xtyp,ss,ff,typical,-40,0.3,25118.9,110798,-36.0891
rss-mff-xtyp,ss,ff,typical,-40,0.3,39810.7,99510.3,-26.0226
rss-mff-xtyp,ss,ff,typical,-40,0.3,63095.7,94524.1,-19.4381
rss-mff-xtyp,ss,ff,typical,-40,0.3,100000,92163.4,-16.3707
rss-mff-xtyp,ss,ff,typical,-40,0.3,158489,90461.8,-16.5953
rss-mff-xtyp,ss,ff,typical,-40,0.3,251189,88003.3,-20.1338
rss-mff-xtyp,ss,ff,typical,-40,0.3,398107,83117.1,-27.2187
rss-mff-xtyp,ss,ff,typical,-40,0.3,630957,73862.6,-37.7070
rss-mff-xtyp,ss,ff,typical,-40,0.3,1e+06,59779.3,-50.1632
rss-mff-xtyp,ss,ff,typical,-40,0.3,1.58489e+06,43760,-62.0274
rss-mff-xtyp,ss,ff,typical,-40,0.3,2.51189e+06,29735.2,-71.4102
rss-mff-xtyp,ss,ff,typical,-40,0.3,3.98107e+06,19388.6,-77.9979
rss-mff-xtyp,ss,ff,typical,-40,0.3,6.30957e+06,12402.3,-82.3488
rss-mff-xtyp,ss,ff,typical,-40,0.3,1e+07,7869.08,-85.1429
rss-mff-xtyp,ss,ff,typical,-40,0.3,1.58489e+07,4976.26,-86.9130
rss-mff-xtyp,ss,ff,typical,-40,0.3,2.51189e+07,3142.78,-88.0233
rss-mff-xtyp,ss,ff,typical,-40,0.3,3.98107e+07,1983.93,-88.7096
rss-mff-xtyp,ss,ff,typical,-40,0.3,6.30957e+07,1252.34,-89.1220
rss-mff-xtyp,ss,ff,typical,-40,0.3,1e+08,790.742,-89.3591
rss-mff-xtyp,ss,ff,typical,-40,0.9,100,1.45925e+07,-89.6362
rss-mff-xtyp,ss,ff,typical,-40,0.9,158.489,9.20751e+06,-89.4338
rss-mff-xtyp,ss,ff,typical,-40,0.9,251.189,5.80998e+06,-89.1093
rss-mff-xtyp,ss,ff,typical,-40,0.9,398.107,3.66654e+06,-88.5926
rss-mff-xtyp,ss,ff,typical,-40,0.9,630.957,2.31452e+06,-87.7728
rss-mff-xtyp,ss,ff,typical,-40,0.9,1000,1.46209e+06,-86.4745
rss-mff-xtyp,ss,ff,typical,-40,0.9,1584.89,925247,-84.4248
rss-mff-xtyp,ss,ff,typical,-40,0.9,2511.89,588096,-81.2086
rss-mff-xtyp,ss,ff,typical,-40,0.9,3981.07,377801,-76.2373
rss-mff-xtyp,ss,ff,typical,-40,0.9,6309.57,248733,-68.8180
rss-mff-xtyp,ss,ff,typical,-40,0.9,10000,172263,-58.5544
rss-mff-xtyp,ss,ff,typical,-40,0.9,15848.9,129833,-46.2084
rss-mff-xtyp,ss,ff,typical,-40,0.9,25118.9,108398,-34.0590
rss-mff-xtyp,ss,ff,typical,-40,0.9,39810.7,98529.7,-24.4577
rss-mff-xtyp,ss,ff,typical,-40,0.9,63095.7,94194.8,-18.3579
rss-mff-xtyp,ss,ff,typical,-40,0.9,100000,92109.5,-15.6672
rss-mff-xtyp,ss,ff,typical,-40,0.9,158489,90517.4,-16.1532
rss-mff-xtyp,ss,ff,typical,-40,0.9,251189,88095.5,-19.8663
rss-mff-xtyp,ss,ff,typical,-40,0.9,398107,83208.8,-27.0676
rss-mff-xtyp,ss,ff,typical,-40,0.9,630957,73930.8,-37.6318
rss-mff-xtyp,ss,ff,typical,-40,0.9,1e+06,59816.3,-50.1324
rss-mff-xtyp,ss,ff,typical,-40,0.9,1.58489e+06,43774.6,-62.0173
rss-mff-xtyp,ss,ff,typical,-40,0.9,2.51189e+06,29739.8,-71.4074
rss-mff-xtyp,ss,ff,typical,-40,0.9,3.98107e+06,19389.9,-77.9973
rss-mff-xtyp,ss,ff,typical,-40,0.9,6.30957e+06,12402.7,-82.3488
rss-mff-xtyp,ss,ff,typical,-40,0.9,1e+07,7869.17,-85.1429
rss-mff-xtyp,ss,ff,typical,-40,0.9,1.58489e+07,4976.28,-86.9131
rss-mff-xtyp,ss,ff,typical,-40,0.9,2.51189e+07,3142.79,-88.0233
rss-mff-xtyp,ss,ff,typical,-40,0.9,3.98107e+07,1983.93,-88.7096
rss-mff-xtyp,ss,ff,typical,-40,0.9,6.30957e+07,1252.34,-89.1220
rss-mff-xtyp,ss,ff,typical,-40,0.9,1e+08,790.742,-89.3591
rss-mff-xtyp,ss,ff,typical,-40,1.35,100,1.44219e+07,-89.6320
rss-mff-xtyp,ss,ff,typical,-40,1.35,158.489,9.09986e+06,-89.4271
rss-mff-xtyp,ss,ff,typical,-40,1.35,251.189,5.74206e+06,-89.0984
rss-mff-xtyp,ss,ff,typical,-40,1.35,398.107,3.62369e+06,-88.5754
rss-mff-xtyp,ss,ff,typical,-40,1.35,630.957,2.2875e+06,-87.7455
rss-mff-xtyp,ss,ff,typical,-40,1.35,1000,1.44506e+06,-86.4314
rss-mff-xtyp,ss,ff,typical,-40,1.35,1584.89,914536,-84.3568
rss-mff-xtyp,ss,ff,typical,-40,1.35,2511.89,581390,-81.1024
rss-mff-xtyp,ss,ff,typical,-40,1.35,3981.07,373649,-76.0750
rss-mff-xtyp,ss,ff,typical,-40,1.35,6309.57,246228,-68.5820
rss-mff-xtyp,ss,ff,typical,-40,1.35,10000,170831,-58.2446
rss-mff-xtyp,ss,ff,typical,-40,1.35,15848.9,129086,-45.8653
rss-mff-xtyp,ss,ff,typical,-40,1.35,25118.9,108053,-33.7496
rss-mff-xtyp,ss,ff,typical,-40,1.35,39810.7,98390.3,-24.2224
rss-mff-xtyp,ss,ff,typical,-40,1.35,63095.7,94148.7,-18.1966
rss-mff-xtyp,ss,ff,typical,-40,1.35,100000,92102.7,-15.5626
rss-mff-xtyp,ss,ff,typical,-40,1.35,158489,90526.2,-16.0875
rss-mff-xtyp,ss,ff,typical,-40,1.35,251189,88109.4,-19.8266
rss-mff-xtyp,ss,ff,typical,-40,1.35,398107,83222.5,-27.0451
rss-mff-xtyp,ss,ff,typical,-40,1.35,630957,73941,-37.6207
rss-mff-xtyp,ss,ff,typical,-40,1.35,1e+06,59821.8,-50.1278
rss-mff-xtyp,ss,ff,typical,-40,1.35,1.58489e+06,43776.8,-62.0158
rss-mff-xtyp,ss,ff,typical,-40,1.35,2.51189e+06,29740.4,-71.4070
rss-mff-xtyp,ss,ff,typical,-40,1.35,3.98107e+06,19390.1,-77.9972
rss-mff-xtyp,ss,ff,typical,-40,1.35,6.30957e+06,12402.7,-82.3487
rss-mff-xtyp,ss,ff,typical,-40,1.35,1e+07,7869.18,-85.1429
rss-mff-xtyp,ss,ff,typical,-40,1.35,1.58489e+07,4976.29,-86.9131
rss-mff-xtyp,ss,ff,typical,-40,1.35,2.51189e+07,3142.79,-88.0233
rss-mff-xtyp,ss,ff,typical,-40,1.35,3.98107e+07,1983.93,-88.7096
rss-mff-xtyp,ss,ff,typical,-40,1.35,6.30957e+07,1252.34,-89.1220
rss-mff-xtyp,ss,ff,typical,-40,1.35,1e+08,790.742,-89.3591
rss-mff-xtyp,ss,ff,typical,-40,1.8,100,1.4378e+07,-89.6309
rss-mff-xtyp,ss,ff,typical,-40,1.8,158.489,9.07219e+06,-89.4253
rss-mff-xtyp,ss,ff,typical,-40,1.8,251.189,5.72461e+06,-89.0956
rss-mff-xtyp,ss,ff,typical,-40,1.8,398.107,3.61268e+06,-88.5709
rss-mff-xtyp,ss,ff,typical,-40,1.8,630.957,2.28055e+06,-87.7384
rss-mff-xtyp,ss,ff,typical,-40,1.8,1000,1.44069e+06,-86.4201
rss-mff-xtyp,ss,ff,typical,-40,1.8,1584.89,911784,-84.3390
rss-mff-xtyp,ss,ff,typical,-40,1.8,2511.89,579667,-81.0748
rss-mff-xtyp,ss,ff,typical,-40,1.8,3981.07,372583,-76.0328
rss-mff-xtyp,ss,ff,typical,-40,1.8,6309.57,245585,-68.5206
rss-mff-xtyp,ss,ff,typical,-40,1.8,10000,170464,-58.1641
rss-mff-xtyp,ss,ff,typical,-40,1.8,15848.9,128895,-45.7765
rss-mff-xtyp,ss,ff,typical,-40,1.8,25118.9,107965,-33.6697
rss-mff-xtyp,ss,ff,typical,-40,1.8,39810.7,98354.7,-24.1619
rss-mff-xtyp,ss,ff,typical,-40,1.8,63095.7,94137,-18.1552
rss-mff-xtyp,ss,ff,typical,-40,1.8,100000,92101,-15.5357
rss-mff-xtyp,ss,ff,typical,-40,1.8,158489,90528.4,-16.0706
rss-mff-xtyp,ss,ff,typical,-40,1.8,251189,88113,-19.8164
rss-mff-xtyp,ss,ff,typical,-40,1.8,398107,83226,-27.0394
rss-mff-xtyp,ss,ff,typical,-40,1.8,630957,73943.6,-37.6178
rss-mff-xtyp,ss,ff,typical,-40,1.8,1e+06,59823.2,-50.1267
rss-mff-xtyp,ss,ff,typical,-40,1.8,1.58489e+06,43777.3,-62.0154
rss-mff-xtyp,ss,ff,typical,-40,1.8,2.51189e+06,29740.6,-71.4069
rss-mff-xtyp,ss,ff,typical,-40,1.8,3.98107e+06,19390.1,-77.9972
rss-mff-xtyp,ss,ff,typical,-40,1.8,6.30957e+06,12402.7,-82.3487
rss-mff-xtyp,ss,ff,typical,-40,1.8,1e+07,7869.18,-85.1429
rss-mff-xtyp,ss,ff,typical,-40,1.8,1.58489e+07,4976.29,-86.9131
rss-mff-xtyp,ss,ff,typical,-40,1.8,2.51189e+07,3142.79,-88.0233
rss-mff-xtyp,ss,ff,typical,-40,1.8,3.98107e+07,1983.93,-88.7096
rss-mff-xtyp,ss,ff,typical,-40,1.8,6.30957e+07,1252.34,-89.1220
rss-mff-xtyp,ss,ff,typical,-40,1.8,1e+08,790.742,-89.3591
rss-mff-xtyp,ss,ff,typical,-40,2.25,100,1.43668e+07,-89.6306
rss-mff-xtyp,ss,ff,typical,-40,2.25,158.489,9.06511e+06,-89.4248
rss-mff-xtyp,ss,ff,typical,-40,2.25,251.189,5.72014e+06,-89.0949
rss-mff-xtyp,ss,ff,typical,-40,2.25,398.107,3.60986e+06,-88.5698
rss-mff-xtyp,ss,ff,typical,-40,2.25,630.957,2.27878e+06,-87.7365
rss-mff-xtyp,ss,ff,typical,-40,2.25,1000,1.43957e+06,-86.4172
rss-mff-xtyp,ss,ff,typical,-40,2.25,1584.89,911079,-84.3345
rss-mff-xtyp,ss,ff,typical,-40,2.25,2511.89,579226,-81.0676
rss-mff-xtyp,ss,ff,typical,-40,2.25,3981.07,372310,-76.0219
rss-mff-xtyp,ss,ff,typical,-40,2.25,6309.57,245421,-68.5048
rss-mff-xtyp,ss,ff,typical,-40,2.25,10000,170370,-58.1435
rss-mff-xtyp,ss,ff,typical,-40,2.25,15848.9,128846,-45.7537
rss-mff-xtyp,ss,ff,typical,-40,2.25,25118.9,107942,-33.6493
rss-mff-xtyp,ss,ff,typical,-40,2.25,39810.7,98345.7,-24.1463
rss-mff-xtyp,ss,ff,typical,-40,2.25,63095.7,94134,-18.1445
rss-mff-xtyp,ss,ff,typical,-40,2.25,100000,92100.6,-15.5288
rss-mff-xtyp,ss,ff,typical,-40,2.25,158489,90529,-16.0663
rss-mff-xtyp,ss,ff,typical,-40,2.25,251189,88113.9,-19.8138
rss-mff-xtyp,ss,ff,typical,-40,2.25,398107,83226.9,-27.0379
rss-mff-xtyp,ss,ff,typical,-40,2.25,630957,73944.2,-37.6171
rss-mff-xtyp,ss,ff,typical,-40,2.25,1e+06,59823.5,-50.1264
rss-mff-xtyp,ss,ff,typical,-40,2.25,1.58489e+06,43777.5,-62.0153
rss-mff-xtyp,ss,ff,typical,-40,2.25,2.51189e+06,29740.7,-71.4069
rss-mff-xtyp,ss,ff,typical,-40,2.25,3.98107e+06,19390.1,-77.9972
rss-mff-xtyp,ss,ff,typical,-40,2.25,6.30957e+06,12402.7,-82.3487
rss-mff-xtyp,ss,ff,typical,-40,2.25,1e+07,7869.18,-85.1429
rss-mff-xtyp,ss,ff,typical,-40,2.25,1.58489e+07,4976.29,-86.9131
rss-mff-xtyp,ss,ff,typical,-40,2.25,2.51189e+07,3142.79,-88.0233
rss-mff-xtyp,ss,ff,typical,-40,2.25,3.98107e+07,1983.93,-88.7096
rss-mff-xtyp,ss,ff,typical,-40,2.25,6.30957e+07,1252.34,-89.1220
rss-mff-xtyp,ss,ff,typical,-40,2.25,1e+08,790.742,-89.3591
rss-mff-xtyp,ss,ff,typical,-40,2.7,100,1.43639e+07,-89.6306
rss-mff-xtyp,ss,ff,typical,-40,2.7,158.489,9.06329e+06,-89.4247
rss-mff-xtyp,ss,ff,typical,-40,2.7,251.189,5.71899e+06,-89.0947
rss-mff-xtyp,ss,ff,typical,-40,2.7,398.107,3.60914e+06,-88.5695
rss-mff-xtyp,ss,ff,typical,-40,2.7,630.957,2.27832e+06,-87.7361
rss-mff-xtyp,ss,ff,typical,-40,2.7,1000,1.43928e+06,-86.4165
rss-mff-xtyp,ss,ff,typical,-40,2.7,1584.89,910899,-84.3333
rss-mff-xtyp,ss,ff,typical,-40,2.7,2511.89,579113,-81.0658
rss-mff-xtyp,ss,ff,typical,-40,2.7,3981.07,372240,-76.0191
rss-mff-xtyp,ss,ff,typical,-40,2.7,6309.57,245379,-68.5008
rss-mff-xtyp,ss,ff,typical,-40,2.7,10000,170346,-58.1382
rss-mff-xtyp,ss,ff,typical,-40,2.7,15848.9,128834,-45.7479
rss-mff-xtyp,ss,ff,typical,-40,2.7,25118.9,107936,-33.6440
rss-mff-xtyp,ss,ff,typical,-40,2.7,39810.7,98343.3,-24.1424
rss-mff-xtyp,ss,ff,typical,-40,2.7,63095.7,94133.2,-18.1418
rss-mff-xtyp,ss,ff,typical,-40,2.7,100000,92100.5,-15.5270
rss-mff-xtyp,ss,ff,typical,-40,2.7,158489,90529.2,-16.0652
rss-mff-xtyp,ss,ff,typical,-40,2.7,251189,88114.1,-19.8131
rss-mff-xtyp,ss,ff,typical,-40,2.7,398107,83227.2,-27.0375
rss-mff-xtyp,ss,ff,typical,-40,2.7,630957,73944.4,-37.6169
rss-mff-xtyp,ss,ff,typical,-40,2.7,1e+06,59823.6,-50.1263
rss-mff-xtyp,ss,ff,typical,-40,2.7,1.58489e+06,43777.5,-62.0153
rss-mff-xtyp,ss,ff,typical,-40,2.7,2.51189e+06,29740.7,-71.4069
rss-mff-xtyp,ss,ff,typical,-40,2.7,3.98107e+06,19390.1,-77.9972
rss-mff-xtyp,ss,ff,typical,-40,2.7,6.30957e+06,12402.7,-82.3487
rss-mff-xtyp,ss,ff,typical,-40,2.7,1e+07,7869.18,-85.1429
rss-mff-xtyp,ss,ff,typical,-40,2.7,1.58489e+07,4976.29,-86.9131
rss-mff-xtyp,ss,ff,typical,-40,2.7,2.51189e+07,3142.79,-88.0233
rss-mff-xtyp,ss,ff,typical,-40,2.7,3.98107e+07,1983.93,-88.7096
rss-mff-xtyp,ss,ff,typical,-40,2.7,6.30957e+07,1252.34,-89.1220
rss-mff-xtyp,ss,ff,typical,-40,2.7,1e+08,790.742,-89.3591
rss-mff-xtyp,ss,ff,typical,27,0.3,100,1.57397e+07,-89.6651
rss-mff-xtyp,ss,ff,typical,27,0.3,158.489,9.93135e+06,-89.4804
rss-mff-xtyp,ss,ff,typical,27,0.3,251.189,6.26665e+06,-89.1835
rss-mff-xtyp,ss,ff,typical,27,0.3,398.107,3.95461e+06,-88.7106
rss-mff-xtyp,ss,ff,typical,27,0.3,630.957,2.49618e+06,-87.9597
rss-mff-xtyp,ss,ff,typical,27,0.3,1000,1.57655e+06,-86.7704
rss-mff-xtyp,ss,ff,typical,27,0.3,1584.89,997216,-84.8911
rss-mff-xtyp,ss,ff,typical,27,0.3,2511.89,633112,-81.9379
rss-mff-xtyp,ss,ff,typical,27,0.3,3981.07,405600,-77.3553
rss-mff-xtyp,ss,ff,typical,27,0.3,6309.57,265388,-70.4552
rss-mff-xtyp,ss,ff,typical,27,0.3,10000,181594,-60.7334
rss-mff-xtyp,ss,ff,typical,27,0.3,15848.9,134402,-48.6699
rss-mff-xtyp,ss,ff,typical,27,0.3,25118.9,110108,-36.3218
rss-mff-xtyp,ss,ff,typical,27,0.3,39810.7,98743.1,-26.1940
rss-mff-xtyp,ss,ff,typical,27,0.3,63095.7,93721.2,-19.5391
rss-mff-xtyp,ss,ff,typical,27,0.3,100000,91351.9,-16.4068
rss-mff-xtyp,ss,ff,typical,27,0.3,158489,89664.9,-16.5709
rss-mff-xtyp,ss,ff,typical,27,0.3,251189,87253.9,-20.0471
rss-mff-xtyp,ss,ff,typical,27,0.3,398107,82471.1,-27.0673
rss-mff-xtyp,ss,ff,typical,27,0.3,630957,73388.9,-37.5029
rss-mff-xtyp,ss,ff,typical,27,0.3,1e+06,59502.7,-49.9449
rss-mff-xtyp,ss,ff,typical,27,0.3,1.58489e+06,43626.9,-61.8398
rss-mff-xtyp,ss,ff,typical,27,0.3,2.51189e+06,29674.2,-71.2722
rss-mff-xtyp,ss,ff,typical,27,0.3,3.98107e+06,19358.4,-77.9047
rss-mff-xtyp,ss,ff,typical,27,0.3,6.30957e+06,12385.6,-82.2884
rss-mff-xtyp,ss,ff,typical,27,0.3,1e+07,7859.19,-85.1045
rss-mff-xtyp,ss,ff,typical,27,0.3,1.58489e+07,4970.18,-86.8888
rss-mff-xtyp,ss,ff,typical,27,0.3,2.51189e+07,3138.98,-88.0083
rss-mff-xtyp,ss,ff,typical,27,0.3,3.98107e+07,1981.54,-88.7006
rss-mff-xtyp,ss,ff,typical,27,0.3,6.30957e+07,1250.82,-89.1168
rss-mff-xtyp,ss,ff,typical,27,0.3,1e+08,789.779,-89.3564
rss-mff-xtyp,ss,ff,typical,27,0.9,100,1.45922e+07,-89.6395
rss-mff-xtyp,ss,ff,typical,27,0.9,158.489,9.2073e+06,-89.4390
rss-mff-xtyp,ss,ff,typical,27,0.9,251.189,5.80984e+06,-89.1174
rss-mff-xtyp,ss,ff,typical,27,0.9,398.107,3.66644e+06,-88.6055
rss-mff-xtyp,ss,ff,typical,27,0.9,630.957,2.31444e+06,-87.7931
rss-mff-xtyp,ss,ff,typical,27,0.9,1000,1.462e+06,-86.5068
rss-mff-xtyp,ss,ff,typical,27,0.9,1584.89,925144,-84.4756
rss-mff-xtyp,ss,ff,typical,27,0.9,2511.89,587954,-81.2879
rss-mff-xtyp,ss,ff,typical,27,0.9,3981.07,377590,-76.3585
rss-mff-xtyp,ss,ff,typical,27,0.9,6309.57,248420,-68.9943
rss-mff-xtyp,ss,ff,typical,27,0.9,10000,171815,-58.7858
rss-mff-xtyp,ss,ff,typical,27,0.9,15848.9,129241,-46.4633
rss-mff-xtyp,ss,ff,typical,27,0.9,25118.9,107690,-34.2844
rss-mff-xtyp,ss,ff,typical,27,0.9,39810.7,97752.7,-24.6190
rss-mff-xtyp,ss,ff,typical,27,0.9,63095.7,93386.7,-18.4501
rss-mff-xtyp,ss,ff,typical,27,0.9,100000,91295.3,-15.6971
rss-mff-xtyp,ss,ff,typical,27,0.9,158489,89718.9,-16.1245
rss-mff-xtyp,ss,ff,typical,27,0.9,251189,87345.1,-19.7769
rss-mff-xtyp,ss,ff,typical,27,0.9,398107,82562.3,-26.9144
rss-mff-xtyp,ss,ff,typical,27,0.9,630957,73457.1,-37.4266
rss-mff-xtyp,ss,ff,typical,27,0.9,1e+06,59539.9,-49.9136
rss-mff-xtyp,ss,ff,typical,27,0.9,1.58489e+06,43641.7,-61.8294
rss-mff-xtyp,ss,ff,typical,27,0.9,2.51189e+06,29678.9,-71.2693
rss-mff-xtyp,ss,ff,typical,27,0.9,3.98107e+06,19359.7,-77.9041
rss-mff-xtyp,ss,ff,typical,27,0.9,6.30957e+06,12386,-82.2883
rss-mff-xtyp,ss,ff,typical,27,0.9,1e+07,7859.28,-85.1045
rss-mff-xtyp,ss,ff,typical,27,0.9,1.58489e+07,4970.21,-86.8889
rss-mff-xtyp,ss,ff,typical,27,0.9,2.51189e+07,3138.99,-88.0083
rss-mff-xtyp,ss,ff,typical,27,0.9,3.98107e+07,1981.54,-88.7006
rss-mff-xtyp,ss,ff,typical,27,0.9,6.30957e+07,1250.83,-89.1169
rss-mff-xtyp,ss,ff,typical,27,0.9,1e+08,789.779,-89.3564
rss-mff-xtyp,ss,ff,typical,27,1.35,100,1.44215e+07,-89.6353
rss-mff-xtyp,ss,ff,typical,27,1.35,158.489,9.09965e+06,-89.4322
rss-mff-xtyp,ss,ff,typical,27,1.35,251.189,5.74192e+06,-89.1067
rss-mff-xtyp,ss,ff,typical,27,1.35,398.107,3.62359e+06,-88.5884
rss-mff-xtyp,ss,ff,typical,27,1.35,630.957,2.28742e+06,-87.7661
rss-mff-xtyp,ss,ff,typical,27,1.35,1000,1.44498e+06,-86.4640
rss-mff-xtyp,ss,ff,typical,27,1.35,1584.89,914432,-84.4082
rss-mff-xtyp,ss,ff,typical,27,1.35,2511.89,581246,-81.1827
rss-mff-xtyp,ss,ff,typical,27,1.35,3981.07,373436,-76.1976
rss-mff-xtyp,ss,ff,typical,27,1.35,6309.57,245913,-68.7599
rss-mff-xtyp,ss,ff,typical,27,1.35,10000,170380,-58.4772
rss-mff-xtyp,ss,ff,typical,27,1.35,15848.9,128491,-46.1202
rss-mff-xtyp,ss,ff,typical,27,1.35,25118.9,107342,-33.9737
rss-mff-xtyp,ss,ff,typical,27,1.35,39810.7,97611.8,-24.3821
rss-mff-xtyp,ss,ff,typical,27,1.35,63095.7,93339.9,-18.2875
rss-mff-xtyp,ss,ff,typical,27,1.35,100000,91288.2,-15.5915
rss-mff-xtyp,ss,ff,typical,27,1.35,158489,89727.4,-16.0582
rss-mff-xtyp,ss,ff,typical,27,1.35,251189,87358.8,-19.7368
rss-mff-xtyp,ss,ff,typical,27,1.35,398107,82575.9,-26.8917
rss-mff-xtyp,ss,ff,typical,27,1.35,630957,73467.2,-37.4153
rss-mff-xtyp,ss,ff,typical,27,1.35,1e+06,59545.4,-49.9089
rss-mff-xtyp,ss,ff,typical,27,1.35,1.58489e+06,43643.9,-61.8278
rss-mff-xtyp,ss,ff,typical,27,1.35,2.51189e+06,29679.6,-71.2689
rss-mff-xtyp,ss,ff,typical,27,1.35,3.98107e+06,19359.8,-77.9040
rss-mff-xtyp,ss,ff,typical,27,1.35,6.30957e+06,12386,-82.2883
rss-mff-xtyp,ss,ff,typical,27,1.35,1e+07,7859.29,-85.1045
rss-mff-xtyp,ss,ff,typical,27,1.35,1.58489e+07,4970.21,-86.8889
rss-mff-xtyp,ss,ff,typical,27,1.35,2.51189e+07,3138.99,-88.0083
rss-mff-xtyp,ss,ff,typical,27,1.35,3.98107e+07,1981.54,-88.7006
rss-mff-xtyp,ss,ff,typical,27,1.35,6.30957e+07,1250.83,-89.1169
rss-mff-xtyp,ss,ff,typical,27,1.35,1e+08,789.779,-89.3564
rss-mff-xtyp,ss,ff,typical,27,1.8,100,1.43777e+07,-89.6342
rss-mff-xtyp,ss,ff,typical,27,1.8,158.489,9.07198e+06,-89.4305
rss-mff-xtyp,ss,ff,typical,27,1.8,251.189,5.72447e+06,-89.1039
rss-mff-xtyp,ss,ff,typical,27,1.8,398.107,3.61258e+06,-88.5840
rss-mff-xtyp,ss,ff,typical,27,1.8,630.957,2.28047e+06,-87.7591
rss-mff-xtyp,ss,ff,typical,27,1.8,1000,1.4406e+06,-86.4529
rss-mff-xtyp,ss,ff,typical,27,1.8,1584.89,911680,-84.3906
rss-mff-xtyp,ss,ff,typical,27,1.8,2511.89,579523,-81.1552
rss-mff-xtyp,ss,ff,typical,27,1.8,3981.07,372369,-76.1556
rss-mff-xtyp,ss,ff,typical,27,1.8,6309.57,245269,-68.6989
rss-mff-xtyp,ss,ff,typical,27,1.8,10000,170012,-58.3970
rss-mff-xtyp,ss,ff,typical,27,1.8,15848.9,128299,-46.0314
rss-mff-xtyp,ss,ff,typical,27,1.8,25118.9,107253,-33.8936
rss-mff-xtyp,ss,ff,typical,27,1.8,39810.7,97575.9,-24.3211
rss-mff-xtyp,ss,ff,typical,27,1.8,63095.7,93328,-18.2457
rss-mff-xtyp,ss,ff,typical,27,1.8,100000,91286.4,-15.5644
rss-mff-xtyp,ss,ff,typical,27,1.8,158489,89729.6,-16.0412
rss-mff-xtyp,ss,ff,typical,27,1.8,251189,87362.4,-19.7264
rss-mff-xtyp,ss,ff,typical,27,1.8,398107,82579.4,-26.8859
rss-mff-xtyp,ss,ff,typical,27,1.8,630957,73469.9,-37.4124
rss-mff-xtyp,ss,ff,typical,27,1.8,1e+06,59546.9,-49.9077
rss-mff-xtyp,ss,ff,typical,27,1.8,1.58489e+06,43644.5,-61.8274
rss-mff-xtyp,ss,ff,typical,27,1.8,2.51189e+06,29679.8,-71.2688
rss-mff-xtyp,ss,ff,typical,27,1.8,3.98107e+06,19359.9,-77.9040
rss-mff-xtyp,ss,ff,typical,27,1.8,6.30957e+06,12386,-82.2883
rss-mff-xtyp,ss,ff,typical,27,1.8,1e+07,7859.29,-85.1045
rss-mff-xtyp,ss,ff,typical,27,1.8,1.58489e+07,4970.21,-86.8889
rss-mff-xtyp,ss,ff,typical,27,1.8,2.51189e+07,3138.99,-88.0083
rss-mff-xtyp,ss,ff,typical,27,1.8,3.98107e+07,1981.54,-88.7006
rss-mff-xtyp,ss,ff,typical,27,1.8,6.30957e+07,1250.83,-89.1169
rss-mff-xtyp,ss,ff,typical,27,1.8,1e+08,789.779,-89.3564
rss-mff-xtyp,ss,ff,typical,27,2.25,100,1.43665e+07,-89.6339
rss-mff-xtyp,ss,ff,typical,27,2.25,158.489,9.0649e+06,-89.4300
rss-mff-xtyp,ss,ff,typical,27,2.25,251.189,5.72e+06,-89.1032
rss-mff-xtyp,ss,ff,typical,27,2.25,398.107,3.60976e+06,-88.5828
rss-mff-xtyp,ss,ff,typical,27,2.25,630.957,2.27869e+06,-87.7573
rss-mff-xtyp,ss,ff,typical,27,2.25,1000,1.43948e+06,-86.4500
rss-mff-xtyp,ss,ff,typical,27,2.25,1584.89,910975,-84.3861
rss-mff-xtyp,ss,ff,typical,27,2.25,2511.89,579082,-81.1482
rss-mff-xtyp,ss,ff,typical,27,2.25,3981.07,372096,-76.1449
rss-mff-xtyp,ss,ff,typical,27,2.25,6309.57,245104,-68.6832
rss-mff-xtyp,ss,ff,typical,27,2.25,10000,169917,-58.3764
rss-mff-xtyp,ss,ff,typical,27,2.25,15848.9,128250,-46.0086
rss-mff-xtyp,ss,ff,typical,27,2.25,25118.9,107231,-33.8730
rss-mff-xtyp,ss,ff,typical,27,2.25,39810.7,97566.7,-24.3055
rss-mff-xtyp,ss,ff,typical,27,2.25,63095.7,93325,-18.2350
rss-mff-xtyp,ss,ff,typical,27,2.25,100000,91285.9,-15.5574
rss-mff-xtyp,ss,ff,typical,27,2.25,158489,89730.2,-16.0368
rss-mff-xtyp,ss,ff,typical,27,2.25,251189,87363.3,-19.7238
rss-mff-xtyp,ss,ff,typical,27,2.25,398107,82580.3,-26.8844
rss-mff-xtyp,ss,ff,typical,27,2.25,630957,73470.5,-37.4116
rss-mff-xtyp,ss,ff,typical,27,2.25,1e+06,59547.2,-49.9074
rss-mff-xtyp,ss,ff,typical,27,2.25,1.58489e+06,43644.6,-61.8273
rss-mff-xtyp,ss,ff,typical,27,2.25,2.51189e+06,29679.8,-71.2687
rss-mff-xtyp,ss,ff,typical,27,2.25,3.98107e+06,19359.9,-77.9040
rss-mff-xtyp,ss,ff,typical,27,2.25,6.30957e+06,12386,-82.2883
rss-mff-xtyp,ss,ff,typical,27,2.25,1e+07,7859.29,-85.1045
rss-mff-xtyp,ss,ff,typical,27,2.25,1.58489e+07,4970.21,-86.8889
rss-mff-xtyp,ss,ff,typical,27,2.25,2.51189e+07,3138.99,-88.0083
rss-mff-xtyp,ss,ff,typical,27,2.25,3.98107e+07,1981.54,-88.7006
rss-mff-xtyp,ss,ff,typical,27,2.25,6.30957e+07,1250.83,-89.1169
rss-mff-xtyp,ss,ff,typical,27,2.25,1e+08,789.779,-89.3564
rss-mff-xtyp,ss,ff,typical,27,2.7,100,1.43636e+07,-89.6339
rss-mff-xtyp,ss,ff,typical,27,2.7,158.489,9.06309e+06,-89.4299
rss-mff-xtyp,ss,ff,typical,27,2.7,251.189,5.71886e+06,-89.1030
rss-mff-xtyp,ss,ff,typical,27,2.7,398.107,3.60904e+06,-88.5826
rss-mff-xtyp,ss,ff,typical,27,2.7,630.957,2.27824e+06,-87.7568
rss-mff-xtyp,ss,ff,typical,27,2.7,1000,1.43919e+06,-86.4493
rss-mff-xtyp,ss,ff,typical,27,2.7,1584.89,910795,-84.3849
rss-mff-xtyp,ss,ff,typical,27,2.7,2511.89,578969,-81.1464
rss-mff-xtyp,ss,ff,typical,27,2.7,3981.07,372026,-76.1421
rss-mff-xtyp,ss,ff,typical,27,2.7,6309.57,245062,-68.6792
rss-mff-xtyp,ss,ff,typical,27,2.7,10000,169893,-58.3712
rss-mff-xtyp,ss,ff,typical,27,2.7,15848.9,128237,-46.0028
rss-mff-xtyp,ss,ff,typical,27,2.7,25118.9,107225,-33.8678
rss-mff-xtyp,ss,ff,typical,27,2.7,39810.7,97564.4,-24.3015
rss-mff-xtyp,ss,ff,typical,27,2.7,63095.7,93324.2,-18.2323
rss-mff-xtyp,ss,ff,typical,27,2.7,100000,91285.8,-15.5556
rss-mff-xtyp,ss,ff,typical,27,2.7,158489,89730.3,-16.0357
rss-mff-xtyp,ss,ff,typical,27,2.7,251189,87363.5,-19.7231
rss-mff-xtyp,ss,ff,typical,27,2.7,398107,82580.5,-26.8840
rss-mff-xtyp,ss,ff,typical,27,2.7,630957,73470.7,-37.4115
rss-mff-xtyp,ss,ff,typical,27,2.7,1e+06,59547.3,-49.9073
rss-mff-xtyp,ss,ff,typical,27,2.7,1.58489e+06,43644.7,-61.8273
rss-mff-xtyp,ss,ff,typical,27,2.7,2.51189e+06,29679.8,-71.2687
rss-mff-xtyp,ss,ff,typical,27,2.7,3.98107e+06,19359.9,-77.9040
rss-mff-xtyp,ss,ff,typical,27,2.7,6.30957e+06,12386,-82.2883
rss-mff-xtyp,ss,ff,typical,27,2.7,1e+07,7859.29,-85.1045
rss-mff-xtyp,ss,ff,typical,27,2.7,1.58489e+07,4970.21,-86.8889
rss-mff-xtyp,ss,ff,typical,27,2.7,2.51189e+07,3138.99,-88.0083
rss-mff-xtyp,ss,ff,typical,27,2.7,3.98107e+07,1981.54,-88.7006
rss-mff-xtyp,ss,ff,typical,27,2.7,6.30957e+07,1250.83,-89.1169
rss-mff-xtyp,ss,ff,typical,27,2.7,1e+08,789.779,-89.3564
rss-mff-xtyp,ss,ff,typical,125,0.3,100,1.57395e+07,-89.6658
rss-mff-xtyp,ss,ff,typical,125,0.3,158.489,9.93118e+06,-89.4815
rss-mff-xtyp,ss,ff,typical,125,0.3,251.189,6.26654e+06,-89.1853
rss-mff-xtyp,ss,ff,typical,125,0.3,398.107,3.95454e+06,-88.7134
rss-mff-xtyp,ss,ff,typical,125,0.3,630.957,2.49613e+06,-87.9642
rss-mff-xtyp,ss,ff,typical,125,0.3,1000,1.57651e+06,-86.7774
rss-mff-xtyp,ss,ff,typical,125,0.3,1584.89,997181,-84.9023
rss-mff-xtyp,ss,ff,typical,125,0.3,2511.89,633073,-81.9553
rss-mff-xtyp,ss,ff,typical,125,0.3,3981.07,405549,-77.3821
rss-mff-xtyp,ss,ff,typical,125,0.3,6309.57,265317,-70.4948
rss-mff-xtyp,ss,ff,typical,125,0.3,10000,181492,-60.7866
rss-mff-xtyp,ss,ff,typical,125,0.3,15848.9,134267,-48.7308
rss-mff-xtyp,ss,ff,typical,125,0.3,25118.9,109944,-36.3781
rss-mff-xtyp,ss,ff,typical,125,0.3,39810.7,98560.9,-26.2364
rss-mff-xtyp,ss,ff,typical,125,0.3,63095.7,93530.3,-19.5656
rss-mff-xtyp,ss,ff,typical,125,0.3,100000,91158.6,-16.4193
rss-mff-xtyp,ss,ff,typical,125,0.3,158489,89474,-16.5710
rss-mff-xtyp,ss,ff,typical,125,0.3,251189,87072,-20.0354
rss-mff-xtyp,ss,ff,typical,125,0.3,398107,82309.2,-27.0439
rss-mff-xtyp,ss,ff,typical,125,0.3,630957,73261.4,-37.4700
rss-mff-xtyp,ss,ff,typical,125,0.3,1e+06,59417.1,-49.9092
rss-mff-xtyp,ss,ff,typical,125,0.3,1.58489e+06,43575.7,-61.8088
rss-mff-xtyp,ss,ff,typical,125,0.3,2.51189e+06,29644.3,-71.2493
rss-mff-xtyp,ss,ff,typical,125,0.3,3.98107e+06,19340.4,-77.8893
rss-mff-xtyp,ss,ff,typical,125,0.3,6.30957e+06,12374.6,-82.2784
rss-mff-xtyp,ss,ff,typical,125,0.3,1e+07,7852.32,-85.0981
rss-mff-xtyp,ss,ff,typical,125,0.3,1.58489e+07,4965.87,-86.8849
rss-mff-xtyp,ss,ff,typical,125,0.3,2.51189e+07,3136.26,-88.0059
rss-mff-xtyp,ss,ff,typical,125,0.3,3.98107e+07,1979.82,-88.6991
rss-mff-xtyp,ss,ff,typical,125,0.3,6.30957e+07,1249.74,-89.1161
rss-mff-xtyp,ss,ff,typical,125,0.3,1e+08,789.093,-89.3561
rss-mff-xtyp,ss,ff,typical,125,0.9,100,1.45919e+07,-89.6402
rss-mff-xtyp,ss,ff,typical,125,0.9,158.489,9.20715e+06,-89.4402
rss-mff-xtyp,ss,ff,typical,125,0.9,251.189,5.80974e+06,-89.1193
rss-mff-xtyp,ss,ff,typical,125,0.9,398.107,3.66637e+06,-88.6085
rss-mff-xtyp,ss,ff,typical,125,0.9,630.957,2.31439e+06,-87.7980
rss-mff-xtyp,ss,ff,typical,125,0.9,1000,1.46197e+06,-86.5144
rss-mff-xtyp,ss,ff,typical,125,0.9,1584.89,925109,-84.4876
rss-mff-xtyp,ss,ff,typical,125,0.9,2511.89,587914,-81.3068
rss-mff-xtyp,ss,ff,typical,125,0.9,3981.07,377537,-76.3873
rss-mff-xtyp,ss,ff,typical,125,0.9,6309.57,248344,-69.0362
rss-mff-xtyp,ss,ff,typical,125,0.9,10000,171708,-58.8409
rss-mff-xtyp,ss,ff,typical,125,0.9,15848.9,129100,-46.5244
rss-mff-xtyp,ss,ff,typical,125,0.9,25118.9,107522,-34.3390
rss-mff-xtyp,ss,ff,typical,125,0.9,39810.7,97568.2,-24.6589
rss-mff-xtyp,ss,ff,typical,125,0.9,63095.7,93194.7,-18.4746
rss-mff-xtyp,ss,ff,typical,125,0.9,100000,91101.4,-15.7080
rss-mff-xtyp,ss,ff,typical,125,0.9,158489,89527.7,-16.1236
rss-mff-xtyp,ss,ff,typical,125,0.9,251189,87163,-19.7645
rss-mff-xtyp,ss,ff,typical,125,0.9,398107,82400.3,-26.8905
rss-mff-xtyp,ss,ff,typical,125,0.9,630957,73329.6,-37.3935
rss-mff-xtyp,ss,ff,typical,125,0.9,1e+06,59454.3,-49.8777
rss-mff-xtyp,ss,ff,typical,125,0.9,1.58489e+06,43590.6,-61.7984
rss-mff-xtyp,ss,ff,typical,125,0.9,2.51189e+06,29649,-71.2465
rss-mff-xtyp,ss,ff,typical,125,0.9,3.98107e+06,19341.7,-77.8887
rss-mff-xtyp,ss,ff,typical,125,0.9,6.30957e+06,12375,-82.2784
rss-mff-xtyp,ss,ff,typical,125,0.9,1e+07,7852.41,-85.0981
rss-mff-xtyp,ss,ff,typical,125,0.9,1.58489e+07,4965.89,-86.8849
rss-mff-xtyp,ss,ff,typical,125,0.9,2.51189e+07,3136.27,-88.0059
rss-mff-xtyp,ss,ff,typical,125,0.9,3.98107e+07,1979.82,-88.6992
rss-mff-xtyp,ss,ff,typical,125,0.9,6.30957e+07,1249.74,-89.1161
rss-mff-xtyp,ss,ff,typical,125,0.9,1e+08,789.093,-89.3561
rss-mff-xtyp,ss,ff,typical,125,1.35,100,1.44213e+07,-89.6361
rss-mff-xtyp,ss,ff,typical,125,1.35,158.489,9.0995e+06,-89.4335
rss-mff-xtyp,ss,ff,typical,125,1.35,251.189,5.74183e+06,-89.1086
rss-mff-xtyp,ss,ff,typical,125,1.35,398.107,3.62353e+06,-88.5915
rss-mff-xtyp,ss,ff,typical,125,1.35,630.957,2.28737e+06,-87.7710
rss-mff-xtyp,ss,ff,typical,125,1.35,1000,1.44494e+06,-86.4718
rss-mff-xtyp,ss,ff,typical,125,1.35,1584.89,914398,-84.4204
rss-mff-xtyp,ss,ff,typical,125,1.35,2511.89,581206,-81.2017
rss-mff-xtyp,ss,ff,typical,125,1.35,3981.07,373382,-76.2267
rss-mff-xtyp,ss,ff,typical,125,1.35,6309.57,245836,-68.8022
rss-mff-xtyp,ss,ff,typical,125,1.35,10000,170272,-58.5326
rss-mff-xtyp,ss,ff,typical,125,1.35,15848.9,128349,-46.1814
rss-mff-xtyp,ss,ff,typical,125,1.35,25118.9,107174,-34.0280
rss-mff-xtyp,ss,ff,typical,125,1.35,39810.7,97427,-24.4217
rss-mff-xtyp,ss,ff,typical,125,1.35,63095.7,93147.8,-18.3117
rss-mff-xtyp,ss,ff,typical,125,1.35,100000,91094.2,-15.6022
rss-mff-xtyp,ss,ff,typical,125,1.35,158489,89536.1,-16.0571
rss-mff-xtyp,ss,ff,typical,125,1.35,251189,87176.7,-19.7243
rss-mff-xtyp,ss,ff,typical,125,1.35,398107,82413.9,-26.8678
rss-mff-xtyp,ss,ff,typical,125,1.35,630957,73339.7,-37.3821
rss-mff-xtyp,ss,ff,typical,125,1.35,1e+06,59459.8,-49.8731
rss-mff-xtyp,ss,ff,typical,125,1.35,1.58489e+06,43592.8,-61.7969
rss-mff-xtyp,ss,ff,typical,125,1.35,2.51189e+06,29649.7,-71.2461
rss-mff-xtyp,ss,ff,typical,125,1.35,3.98107e+06,19341.9,-77.8886
rss-mff-xtyp,ss,ff,typical,125,1.35,6.30957e+06,12375,-82.2783
rss-mff-xtyp,ss,ff,typical,125,1.35,1e+07,7852.42,-85.0981
rss-mff-xtyp,ss,ff,typical,125,1.35,1.58489e+07,4965.89,-86.8849
rss-mff-xtyp,ss,ff,typical,125,1.35,2.51189e+07,3136.27,-88.0059
rss-mff-xtyp,ss,ff,typical,125,1.35,3.98107e+07,1979.82,-88.6992
rss-mff-xtyp,ss,ff,typical,125,1.35,6.30957e+07,1249.74,-89.1161
rss-mff-xtyp,ss,ff,typical,125,1.35,1e+08,789.093,-89.3561
rss-mff-xtyp,ss,ff,typical,125,1.8,100,1.43775e+07,-89.6350
rss-mff-xtyp,ss,ff,typical,125,1.8,158.489,9.07184e+06,-89.4317
rss-mff-xtyp,ss,ff,typical,125,1.8,251.189,5.72437e+06,-89.1058
rss-mff-xtyp,ss,ff,typical,125,1.8,398.107,3.61252e+06,-88.5871
rss-mff-xtyp,ss,ff,typical,125,1.8,630.957,2.28043e+06,-87.7640
rss-mff-xtyp,ss,ff,typical,125,1.8,1000,1.44057e+06,-86.4606
rss-mff-xtyp,ss,ff,typical,125,1.8,1584.89,911646,-84.4028
rss-mff-xtyp,ss,ff,typical,125,1.8,2511.89,579483,-81.1743
rss-mff-xtyp,ss,ff,typical,125,1.8,3981.07,372315,-76.1848
rss-mff-xtyp,ss,ff,typical,125,1.8,6309.57,245192,-68.7413
rss-mff-xtyp,ss,ff,typical,125,1.8,10000,169903,-58.4526
rss-mff-xtyp,ss,ff,typical,125,1.8,15848.9,128157,-46.0925
rss-mff-xtyp,ss,ff,typical,125,1.8,25118.9,107085,-33.9478
rss-mff-xtyp,ss,ff,typical,125,1.8,39810.7,97391,-24.3606
rss-mff-xtyp,ss,ff,typical,125,1.8,63095.7,93135.8,-18.2698
rss-mff-xtyp,ss,ff,typical,125,1.8,100000,91092.4,-15.5750
rss-mff-xtyp,ss,ff,typical,125,1.8,158489,89538.3,-16.0401
rss-mff-xtyp,ss,ff,typical,125,1.8,251189,87180.2,-19.7139
rss-mff-xtyp,ss,ff,typical,125,1.8,398107,82417.4,-26.8619
rss-mff-xtyp,ss,ff,typical,125,1.8,630957,73342.3,-37.3792
rss-mff-xtyp,ss,ff,typical,125,1.8,1e+06,59461.3,-49.8719
rss-mff-xtyp,ss,ff,typical,125,1.8,1.58489e+06,43593.3,-61.7965
rss-mff-xtyp,ss,ff,typical,125,1.8,2.51189e+06,29649.9,-71.2459
rss-mff-xtyp,ss,ff,typical,125,1.8,3.98107e+06,19342,-77.8886
rss-mff-xtyp,ss,ff,typical,125,1.8,6.30957e+06,12375,-82.2783
rss-mff-xtyp,ss,ff,typical,125,1.8,1e+07,7852.42,-85.0981
rss-mff-xtyp,ss,ff,typical,125,1.8,1.58489e+07,4965.89,-86.8849
rss-mff-xtyp,ss,ff,typical,125,1.8,2.51189e+07,3136.27,-88.0059
rss-mff-xtyp,ss,ff,typical,125,1.8,3.98107e+07,1979.82,-88.6992
rss-mff-xtyp,ss,ff,typical,125,1.8,6.30957e+07,1249.74,-89.1161
rss-mff-xtyp,ss,ff,typical,125,1.8,1e+08,789.093,-89.3561
rss-mff-xtyp,ss,ff,typical,125,2.25,100,1.43662e+07,-89.6347
rss-mff-xtyp,ss,ff,typical,125,2.25,158.489,9.06476e+06,-89.4313
rss-mff-xtyp,ss,ff,typical,125,2.25,251.189,5.71991e+06,-89.1051
rss-mff-xtyp,ss,ff,typical,125,2.25,398.107,3.6097e+06,-88.5860
rss-mff-xtyp,ss,ff,typical,125,2.25,630.957,2.27865e+06,-87.7622
rss-mff-xtyp,ss,ff,typical,125,2.25,1000,1.43945e+06,-86.4578
rss-mff-xtyp,ss,ff,typical,125,2.25,1584.89,910941,-84.3983
rss-mff-xtyp,ss,ff,typical,125,2.25,2511.89,579042,-81.1673
rss-mff-xtyp,ss,ff,typical,125,2.25,3981.07,372042,-76.1741
rss-mff-xtyp,ss,ff,typical,125,2.25,6309.57,245027,-68.7256
rss-mff-xtyp,ss,ff,typical,125,2.25,10000,169809,-58.4320
rss-mff-xtyp,ss,ff,typical,125,2.25,15848.9,128108,-46.0698
rss-mff-xtyp,ss,ff,typical,125,2.25,25118.9,107062,-33.9272
rss-mff-xtyp,ss,ff,typical,125,2.25,39810.7,97381.8,-24.3450
rss-mff-xtyp,ss,ff,typical,125,2.25,63095.7,93132.8,-18.2591
rss-mff-xtyp,ss,ff,typical,125,2.25,100000,91091.9,-15.5681
rss-mff-xtyp,ss,ff,typical,125,2.25,158489,89538.9,-16.0357
rss-mff-xtyp,ss,ff,typical,125,2.25,251189,87181.2,-19.7113
rss-mff-xtyp,ss,ff,typical,125,2.25,398107,82418.3,-26.8604
rss-mff-xtyp,ss,ff,typical,125,2.25,630957,73343,-37.3785
rss-mff-xtyp,ss,ff,typical,125,2.25,1e+06,59461.6,-49.8716
rss-mff-xtyp,ss,ff,typical,125,2.25,1.58489e+06,43593.5,-61.7964
rss-mff-xtyp,ss,ff,typical,125,2.25,2.51189e+06,29649.9,-71.2459
rss-mff-xtyp,ss,ff,typical,125,2.25,3.98107e+06,19342,-77.8886
rss-mff-xtyp,ss,ff,typical,125,2.25,6.30957e+06,12375,-82.2783
rss-mff-xtyp,ss,ff,typical,125,2.25,1e+07,7852.42,-85.0981
rss-mff-xtyp,ss,ff,typical,125,2.25,1.58489e+07,4965.89,-86.8849
rss-mff-xtyp,ss,ff,typical,125,2.25,2.51189e+07,3136.27,-88.0059
rss-mff-xtyp,ss,ff,typical,125,2.25,3.98107e+07,1979.82,-88.6992
rss-mff-xtyp,ss,ff,typical,125,2.25,6.30957e+07,1249.74,-89.1161
rss-mff-xtyp,ss,ff,typical,125,2.25,1e+08,789.093,-89.3561
rss-mff-xtyp,ss,ff,typical,125,2.7,100,1.43634e+07,-89.6346
rss-mff-xtyp,ss,ff,typical,125,2.7,158.489,9.06294e+06,-89.4312
rss-mff-xtyp,ss,ff,typical,125,2.7,251.189,5.71876e+06,-89.1049
rss-mff-xtyp,ss,ff,typical,125,2.7,398.107,3.60898e+06,-88.5857
rss-mff-xtyp,ss,ff,typical,125,2.7,630.957,2.27819e+06,-87.7617
rss-mff-xtyp,ss,ff,typical,125,2.7,1000,1.43916e+06,-86.4570
rss-mff-xtyp,ss,ff,typical,125,2.7,1584.89,910761,-84.3972
rss-mff-xtyp,ss,ff,typical,125,2.7,2511.89,578929,-81.1655
rss-mff-xtyp,ss,ff,typical,125,2.7,3981.07,371972,-76.1713
rss-mff-xtyp,ss,ff,typical,125,2.7,6309.57,244985,-68.7216
rss-mff-xtyp,ss,ff,typical,125,2.7,10000,169785,-58.4267
rss-mff-xtyp,ss,ff,typical,125,2.7,15848.9,128095,-46.0639
rss-mff-xtyp,ss,ff,typical,125,2.7,25118.9,107056,-33.9220
rss-mff-xtyp,ss,ff,typical,125,2.7,39810.7,97379.5,-24.3409
rss-mff-xtyp,ss,ff,typical,125,2.7,63095.7,93132,-18.2563
rss-mff-xtyp,ss,ff,typical,125,2.7,100000,91091.8,-15.5663
rss-mff-xtyp,ss,ff,typical,125,2.7,158489,89539,-16.0346
rss-mff-xtyp,ss,ff,typical,125,2.7,251189,87181.4,-19.7106
rss-mff-xtyp,ss,ff,typical,125,2.7,398107,82418.5,-26.8601
rss-mff-xtyp,ss,ff,typical,125,2.7,630957,73343.2,-37.3783
rss-mff-xtyp,ss,ff,typical,125,2.7,1e+06,59461.7,-49.8715
rss-mff-xtyp,ss,ff,typical,125,2.7,1.58489e+06,43593.5,-61.7963
rss-mff-xtyp,ss,ff,typical,125,2.7,2.51189e+06,29649.9,-71.2459
rss-mff-xtyp,ss,ff,typical,125,2.7,3.98107e+06,19342,-77.8886
rss-mff-xtyp,ss,ff,typical,125,2.7,6.30957e+06,12375,-82.2783
rss-mff-xtyp,ss,ff,typical,125,2.7,1e+07,7852.42,-85.0981
rss-mff-xtyp,ss,ff,typical,125,2.7,1.58489e+07,4965.89,-86.8849
rss-mff-xtyp,ss,ff,typical,125,2.7,2.51189e+07,3136.27,-88.0059
rss-mff-xtyp,ss,ff,typical,125,2.7,3.98107e+07,1979.82,-88.6992
rss-mff-xtyp,ss,ff,typical,125,2.7,6.30957e+07,1249.74,-89.1161
rss-mff-xtyp,ss,ff,typical,125,2.7,1e+08,789.093,-89.3561
rss-mss-xff,ss,ss,ff,-40,0.3,100,1.29473e+07,-89.5896
rss-mss-xff,ss,ss,ff,-40,0.3,158.489,8.16948e+06,-89.3588
rss-mss-xff,ss,ss,ff,-40,0.3,251.189,5.15509e+06,-88.9896
rss-mss-xff,ss,ss,ff,-40,0.3,398.107,3.25342e+06,-88.4025
rss-mss-xff,ss,ss,ff,-40,0.3,630.957,2.05401e+06,-87.4715
rss-mss-xff,ss,ss,ff,-40,0.3,1000,1.29795e+06,-85.9981
rss-mss-xff,ss,ss,ff,-40,0.3,1584.89,822051,-83.6746
rss-mss-xff,ss,ss,ff,-40,0.3,2511.89,523557,-80.0390
rss-mss-xff,ss,ss,ff,-40,0.3,3981.07,337950,-74.4565
rss-mss-xff,ss,ss,ff,-40,0.3,6309.57,224837,-66.2486
rss-mss-xff,ss,ss,ff,-40,0.3,10000,158772,-55.2274
rss-mss-xff,ss,ss,ff,-40,0.3,15848.9,122956,-42.5803
rss-mss-xff,ss,ss,ff,-40,0.3,25118.9,105347,-30.7903
rss-mss-xff,ss,ss,ff,-40,0.3,39810.7,97417.4,-21.8750
rss-mss-xff,ss,ss,ff,-40,0.3,63095.7,93975.7,-16.3703
rss-mss-xff,ss,ss,ff,-40,0.3,100000,92319.7,-14.0050
rss-mss-xff,ss,ss,ff,-40,0.3,158489,91031.8,-14.5166
rss-mss-xff,ss,ss,ff,-40,0.3,251189,89025.2,-17.9690
rss-mss-xff,ss,ss,ff,-40,0.3,398107,84874.1,-24.6892
rss-mss-xff,ss,ss,ff,-40,0.3,630957,76672,-34.7740
rss-mss-xff,ss,ss,ff,-40,0.3,1e+06,63434.1,-47.1715
rss-mss-xff,ss,ss,ff,-40,0.3,1.58489e+06,47383.7,-59.4767
rss-mss-xff,ss,ss,ff,-40,0.3,2.51189e+06,32618.3,-69.5316
rss-mss-xff,ss,ss,ff,-40,0.3,3.98107e+06,21407.8,-76.7267
rss-mss-xff,ss,ss,ff,-40,0.3,6.30957e+06,13733.5,-81.5222
rss-mss-xff,ss,ss,ff,-40,0.3,1e+07,8724.12,-84.6139
rss-mss-xff,ss,ss,ff,-40,0.3,1.58489e+07,5519.66,-86.5757
rss-mss-xff,ss,ss,ff,-40,0.3,2.51189e+07,3486.66,-87.8070
rss-mss-xff,ss,ss,ff,-40,0.3,3.98107e+07,2201.21,-88.5683
rss-mss-xff,ss,ss,ff,-40,0.3,6.30957e+07,1389.59,-89.0258
rss-mss-xff,ss,ss,ff,-40,0.3,1e+08,877.477,-89.2888
rss-mss-xff,ss,ss,ff,-40,0.9,100,1.19986e+07,-89.5577
rss-mss-xff,ss,ss,ff,-40,0.9,158.489,7.57095e+06,-89.3075
rss-mss-xff,ss,ss,ff,-40,0.9,251.189,4.77748e+06,-88.9079
rss-mss-xff,ss,ss,ff,-40,0.9,398.107,3.01523e+06,-88.2728
rss-mss-xff,ss,ss,ff,-40,0.9,630.957,1.90382e+06,-87.2661
rss-mss-xff,ss,ss,ff,-40,0.9,1000,1.20335e+06,-85.6735
rss-mss-xff,ss,ss,ff,-40,0.9,1584.89,762610,-83.1643
rss-mss-xff,ss,ss,ff,-40,0.9,2511.89,486441,-79.2463
rss-mss-xff,ss,ss,ff,-40,0.9,3981.07,315115,-73.2603
rss-mss-xff,ss,ss,ff,-40,0.9,6309.57,211250,-64.5564
rss-mss-xff,ss,ss,ff,-40,0.9,10000,151199,-53.1150
rss-mss-xff,ss,ss,ff,-40,0.9,15848.9,119143,-40.3968
rss-mss-xff,ss,ss,ff,-40,0.9,25118.9,103644,-28.9435
rss-mss-xff,ss,ss,ff,-40,0.9,39810.7,96746.2,-20.5280
rss-mss-xff,ss,ss,ff,-40,0.9,63095.7,93759.8,-15.4661
rss-mss-xff,ss,ss,ff,-40,0.9,100000,92292.6,-13.4228
rss-mss-xff,ss,ss,ff,-40,0.9,158489,91079.3,-14.1513
rss-mss-xff,ss,ss,ff,-40,0.9,251189,89097.8,-17.7467
rss-mss-xff,ss,ss,ff,-40,0.9,398107,84946.9,-24.5615
rss-mss-xff,ss,ss,ff,-40,0.9,630957,76728.5,-34.7084
rss-mss-xff,ss,ss,ff,-40,0.9,1e+06,63466.7,-47.1434
rss-mss-xff,ss,ss,ff,-40,0.9,1.58489e+06,47397.4,-59.4670
rss-mss-xff,ss,ss,ff,-40,0.9,2.51189e+06,32622.8,-69.5288
rss-mss-xff,ss,ss,ff,-40,0.9,3.98107e+06,21409.1,-76.7261
rss-mss-xff,ss,ss,ff,-40,0.9,6.30957e+06,13733.8,-81.5221
rss-mss-xff,ss,ss,ff,-40,0.9,1e+07,8724.2,-84.6139
rss-mss-xff,ss,ss,ff,-40,0.9,1.58489e+07,5519.68,-86.5757
rss-mss-xff,ss,ss,ff,-40,0.9,2.51189e+07,3486.67,-87.8070
rss-mss-xff,ss,ss,ff,-40,0.9,3.98107e+07,2201.21,-88.5683
rss-mss-xff,ss,ss,ff,-40,0.9,6.30957e+07,1389.59,-89.0258
rss-mss-xff,ss,ss,ff,-40,0.9,1e+08,877.477,-89.2888
rss-mss-xff,ss,ss,ff,-40,1.35,100,1.18576e+07,-89.5525
rss-mss-xff,ss,ss,ff,-40,1.35,158.489,7.48199e+06,-89.2991
rss-mss-xff,ss,ss,ff,-40,1.35,251.189,4.72136e+06,-88.8946
rss-mss-xff,ss,ss,ff,-40,1.35,398.107,2.97983e+06,-88.2518
rss-mss-xff,ss,ss,ff,-40,1.35,630.957,1.8815e+06,-87.2327
rss-mss-xff,ss,ss,ff,-40,1.35,1000,1.18929e+06,-85.6209
rss-mss-xff,ss,ss,ff,-40,1.35,1584.89,753782,-83.0815
rss-mss-xff,ss,ss,ff,-40,1.35,2511.89,480933,-79.1181
rss-mss-xff,ss,ss,ff,-40,1.35,3981.07,311734,-73.0676
rss-mss-xff,ss,ss,ff,-40,1.35,6309.57,209248,-64.2862
rss-mss-xff,ss,ss,ff,-40,1.35,10000,150092,-52.7829
rss-mss-xff,ss,ss,ff,-40,1.35,15848.9,118592,-40.0604
rss-mss-xff,ss,ss,ff,-40,1.35,25118.9,103400,-28.6639
rss-mss-xff,ss,ss,ff,-40,1.35,39810.7,96651.1,-20.3263
rss-mss-xff,ss,ss,ff,-40,1.35,63095.7,93729.7,-15.3313
rss-mss-xff,ss,ss,ff,-40,1.35,100000,92289.4,-13.3362
rss-mss-xff,ss,ss,ff,-40,1.35,158489,91086.7,-14.0971
rss-mss-xff,ss,ss,ff,-40,1.35,251189,89108.8,-17.7137
rss-mss-xff,ss,ss,ff,-40,1.35,398107,84957.7,-24.5425
rss-mss-xff,ss,ss,ff,-40,1.35,630957,76736.9,-34.6986
rss-mss-xff,ss,ss,ff,-40,1.35,1e+06,63471.6,-47.1392
rss-mss-xff,ss,ss,ff,-40,1.35,1.58489e+06,47399.4,-59.4656
rss-mss-xff,ss,ss,ff,-40,1.35,2.51189e+06,32623.5,-69.5284
rss-mss-xff,ss,ss,ff,-40,1.35,3.98107e+06,21409.3,-76.7260
rss-mss-xff,ss,ss,ff,-40,1.35,6.30957e+06,13733.9,-81.5221
rss-mss-xff,ss,ss,ff,-40,1.35,1e+07,8724.21,-84.6139
rss-mss-xff,ss,ss,ff,-40,1.35,1.58489e+07,5519.68,-86.5757
rss-mss-xff,ss,ss,ff,-40,1.35,2.51189e+07,3486.67,-87.8070
rss-mss-xff,ss,ss,ff,-40,1.35,3.98107e+07,2201.21,-88.5683
rss-mss-xff,ss,ss,ff,-40,1.35,6.30957e+07,1389.59,-89.0258
rss-mss-xff,ss,ss,ff,-40,1.35,1e+08,877.477,-89.2888
rss-mss-xff,ss,ss,ff,-40,1.8,100,1.18214e+07,-89.5511
rss-mss-xff,ss,ss,ff,-40,1.8,158.489,7.45914e+06,-89.2970
rss-mss-xff,ss,ss,ff,-40,1.8,251.189,4.70694e+06,-88.8912
rss-mss-xff,ss,ss,ff,-40,1.8,398.107,2.97074e+06,-88.2463
rss-mss-xff,ss,ss,ff,-40,1.8,630.957,1.87577e+06,-87.2241
rss-mss-xff,ss,ss,ff,-40,1.8,1000,1.18568e+06,-85.6071
rss-mss-xff,ss,ss,ff,-40,1.8,1584.89,751513,-83.0600
rss-mss-xff,ss,ss,ff,-40,1.8,2511.89,479518,-79.0846
rss-mss-xff,ss,ss,ff,-40,1.8,3981.07,310866,-73.0174
rss-mss-xff,ss,ss,ff,-40,1.8,6309.57,208734,-64.2159
rss-mss-xff,ss,ss,ff,-40,1.8,10000,149809,-52.6968
rss-mss-xff,ss,ss,ff,-40,1.8,15848.9,118451,-39.9735
rss-mss-xff,ss,ss,ff,-40,1.8,25118.9,103338,-28.5919
rss-mss-xff,ss,ss,ff,-40,1.8,39810.7,96626.9,-20.2744
rss-mss-xff,ss,ss,ff,-40,1.8,63095.7,93722.1,-15.2967
rss-mss-xff,ss,ss,ff,-40,1.8,100000,92288.6,-13.3140
rss-mss-xff,ss,ss,ff,-40,1.8,158489,91088.6,-14.0831
rss-mss-xff,ss,ss,ff,-40,1.8,251189,89111.6,-17.7052
rss-mss-xff,ss,ss,ff,-40,1.8,398107,84960.5,-24.5376
rss-mss-xff,ss,ss,ff,-40,1.8,630957,76739.1,-34.6961
rss-mss-xff,ss,ss,ff,-40,1.8,1e+06,63472.9,-47.1381
rss-mss-xff,ss,ss,ff,-40,1.8,1.58489e+06,47400,-59.4652
rss-mss-xff,ss,ss,ff,-40,1.8,2.51189e+06,32623.6,-69.5283
rss-mss-xff,ss,ss,ff,-40,1.8,3.98107e+06,21409.3,-76.7260
rss-mss-xff,ss,ss,ff,-40,1.8,6.30957e+06,13733.9,-81.5221
rss-mss-xff,ss,ss,ff,-40,1.8,1e+07,8724.22,-84.6139
rss-mss-xff,ss,ss,ff,-40,1.8,1.58489e+07,5519.68,-86.5757
rss-mss-xff,ss,ss,ff,-40,1.8,2.51189e+07,3486.67,-87.8070
rss-mss-xff,ss,ss,ff,-40,1.8,3.98107e+07,2201.21,-88.5683
rss-mss-xff,ss,ss,ff,-40,1.8,6.30957e+07,1389.59,-89.0258
rss-mss-xff,ss,ss,ff,-40,1.8,1e+08,877.477,-89.2888
rss-mss-xff,ss,ss,ff,-40,2.25,100,1.18121e+07,-89.5508
rss-mss-xff,ss,ss,ff,-40,2.25,158.489,7.45329e+06,-89.2964
rss-mss-xff,ss,ss,ff,-40,2.25,251.189,4.70325e+06,-88.8903
rss-mss-xff,ss,ss,ff,-40,2.25,398.107,2.96841e+06,-88.2449
rss-mss-xff,ss,ss,ff,-40,2.25,630.957,1.8743e+06,-87.2218
rss-mss-xff,ss,ss,ff,-40,2.25,1000,1.18476e+06,-85.6036
rss-mss-xff,ss,ss,ff,-40,2.25,1584.89,750933,-83.0544
rss-mss-xff,ss,ss,ff,-40,2.25,2511.89,479156,-79.0761
rss-mss-xff,ss,ss,ff,-40,2.25,3981.07,310644,-73.0045
rss-mss-xff,ss,ss,ff,-40,2.25,6309.57,208602,-64.1979
rss-mss-xff,ss,ss,ff,-40,2.25,10000,149736,-52.6747
rss-mss-xff,ss,ss,ff,-40,2.25,15848.9,118414,-39.9512
rss-mss-xff,ss,ss,ff,-40,2.25,25118.9,103322,-28.5734
rss-mss-xff,ss,ss,ff,-40,2.25,39810.7,96620.7,-20.2611
rss-mss-xff,ss,ss,ff,-40,2.25,63095.7,93720.1,-15.2878
rss-mss-xff,ss,ss,ff,-40,2.25,100000,92288.4,-13.3083
rss-mss-xff,ss,ss,ff,-40,2.25,158489,91089.1,-14.0796
rss-mss-xff,ss,ss,ff,-40,2.25,251189,89112.3,-17.7030
rss-mss-xff,ss,ss,ff,-40,2.25,398107,84961.2,-24.5364
rss-mss-xff,ss,ss,ff,-40,2.25,630957,76739.7,-34.6955
rss-mss-xff,ss,ss,ff,-40,2.25,1e+06,63473.2,-47.1379
rss-mss-xff,ss,ss,ff,-40,2.25,1.58489e+06,47400.1,-59.4651
rss-mss-xff,ss,ss,ff,-40,2.25,2.51189e+06,32623.7,-69.5283
rss-mss-xff,ss,ss,ff,-40,2.25,3.98107e+06,21409.4,-76.7260
rss-mss-xff,ss,ss,ff,-40,2.25,6.30957e+06,13733.9,-81.5221
rss-mss-xff,ss,ss,ff,-40,2.25,1e+07,8724.22,-84.6139
rss-mss-xff,ss,ss,ff,-40,2.25,1.58489e+07,5519.68,-86.5757
rss-mss-xff,ss,ss,ff,-40,2.25,2.51189e+07,3486.67,-87.8070
rss-mss-xff,ss,ss,ff,-40,2.25,3.98107e+07,2201.21,-88.5683
rss-mss-xff,ss,ss,ff,-40,2.25,6.30957e+07,1389.59,-89.0258
rss-mss-xff,ss,ss,ff,-40,2.25,1e+08,877.477,-89.2888
rss-mss-xff,ss,ss,ff,-40,2.7,100,1.18097e+07,-89.5507
rss-mss-xff,ss,ss,ff,-40,2.7,158.489,7.45179e+06,-89.2963
rss-mss-xff,ss,ss,ff,-40,2.7,251.189,4.7023e+06,-88.8901
rss-mss-xff,ss,ss,ff,-40,2.7,398.107,2.96781e+06,-88.2445
rss-mss-xff,ss,ss,ff,-40,2.7,630.957,1.87392e+06,-87.2212
rss-mss-xff,ss,ss,ff,-40,2.7,1000,1.18452e+06,-85.6027
rss-mss-xff,ss,ss,ff,-40,2.7,1584.89,750784,-83.0530
rss-mss-xff,ss,ss,ff,-40,2.7,2511.89,479063,-79.0739
rss-mss-xff,ss,ss,ff,-40,2.7,3981.07,310587,-73.0012
rss-mss-xff,ss,ss,ff,-40,2.7,6309.57,208569,-64.1933
rss-mss-xff,ss,ss,ff,-40,2.7,10000,149717,-52.6691
rss-mss-xff,ss,ss,ff,-40,2.7,15848.9,118405,-39.9455
rss-mss-xff,ss,ss,ff,-40,2.7,25118.9,103318,-28.5687
rss-mss-xff,ss,ss,ff,-40,2.7,39810.7,96619.1,-20.2577
rss-mss-xff,ss,ss,ff,-40,2.7,63095.7,93719.6,-15.2856
rss-mss-xff,ss,ss,ff,-40,2.7,100000,92288.3,-13.3069
rss-mss-xff,ss,ss,ff,-40,2.7,158489,91089.2,-14.0786
rss-mss-xff,ss,ss,ff,-40,2.7,251189,89112.5,-17.7025
rss-mss-xff,ss,ss,ff,-40,2.7,398107,84961.4,-24.5361
rss-mss-xff,ss,ss,ff,-40,2.7,630957,76739.8,-34.6953
rss-mss-xff,ss,ss,ff,-40,2.7,1e+06,63473.3,-47.1378
rss-mss-xff,ss,ss,ff,-40,2.7,1.58489e+06,47400.1,-59.4651
rss-mss-xff,ss,ss,ff,-40,2.7,2.51189e+06,32623.7,-69.5283
rss-mss-xff,ss,ss,ff,-40,2.7,3.98107e+06,21409.4,-76.7260
rss-mss-xff,ss,ss,ff,-40,2.7,6.30957e+06,13733.9,-81.5221
rss-mss-xff,ss,ss,ff,-40,2.7,1e+07,8724.22,-84.6139
rss-mss-xff,ss,ss,ff,-40,2.7,1.58489e+07,5519.68,-86.5757
rss-mss-xff,ss,ss,ff,-40,2.7,2.51189e+07,3486.67,-87.8070
rss-mss-xff,ss,ss,ff,-40,2.7,3.98107e+07,2201.21,-88.5683
rss-mss-xff,ss,ss,ff,-40,2.7,6.30957e+07,1389.59,-89.0258
rss-mss-xff,ss,ss,ff,-40,2.7,1e+08,877.477,-89.2888
rss-mss-xff,ss,ss,ff,27,0.3,100,1.2947e+07,-89.5933
rss-mss-xff,ss,ss,ff,27,0.3,158.489,8.16933e+06,-89.3646
rss-mss-xff,ss,ss,ff,27,0.3,251.189,5.15498e+06,-88.9988
rss-mss-xff,ss,ss,ff,27,0.3,398.107,3.25334e+06,-88.4171
rss-mss-xff,ss,ss,ff,27,0.3,630.957,2.05394e+06,-87.4946
rss-mss-xff,ss,ss,ff,27,0.3,1000,1.29787e+06,-86.0347
rss-mss-xff,ss,ss,ff,27,0.3,1584.89,821943,-83.7321
rss-mss-xff,ss,ss,ff,27,0.3,2511.89,523401,-80.1284
rss-mss-xff,ss,ss,ff,27,0.3,3981.07,337716,-74.5919
rss-mss-xff,ss,ss,ff,27,0.3,6309.57,224491,-66.4415
rss-mss-xff,ss,ss,ff,27,0.3,10000,158284,-55.4708
rss-mss-xff,ss,ss,ff,27,0.3,15848.9,122326,-42.8343
rss-mss-xff,ss,ss,ff,27,0.3,25118.9,104613,-31.0034
rss-mss-xff,ss,ss,ff,27,0.3,39810.7,96625.2,-22.0221
rss-mss-xff,ss,ss,ff,27,0.3,63095.7,93158.4,-16.4526
rss-mss-xff,ss,ss,ff,27,0.3,100000,91497.8,-14.0306
rss-mss-xff,ss,ss,ff,27,0.3,158489,90223.2,-14.4893
rss-mss-xff,ss,ss,ff,27,0.3,251189,88257.2,-17.8859
rss-mss-xff,ss,ss,ff,27,0.3,398107,84196.4,-24.5452
rss-mss-xff,ss,ss,ff,27,0.3,630957,76154.1,-34.5749
rss-mss-xff,ss,ss,ff,27,0.3,1e+06,63116.1,-46.9496
rss-mss-xff,ss,ss,ff,27,0.3,1.58489e+06,47225.8,-59.2783
rss-mss-xff,ss,ss,ff,27,0.3,2.51189e+06,32546.2,-69.3818
rss-mss-xff,ss,ss,ff,27,0.3,3.98107e+06,21372.9,-76.6243
rss-mss-xff,ss,ss,ff,27,0.3,6.30957e+06,13714.6,-81.4555
rss-mss-xff,ss,ss,ff,27,0.3,1e+07,8713.05,-84.5713
rss-mss-xff,ss,ss,ff,27,0.3,1.58489e+07,5512.89,-86.5489
rss-mss-xff,ss,ss,ff,27,0.3,2.51189e+07,3482.45,-87.7903
rss-mss-xff,ss,ss,ff,27,0.3,3.98107e+07,2198.56,-88.5583
rss-mss-xff,ss,ss,ff,27,0.3,6.30957e+07,1387.91,-89.0201
rss-mss-xff,ss,ss,ff,27,0.3,1e+08,876.408,-89.2858
rss-mss-xff,ss,ss,ff,27,0.9,100,1.19984e+07,-89.5616
rss-mss-xff,ss,ss,ff,27,0.9,158.489,7.57081e+06,-89.3138
rss-mss-xff,ss,ss,ff,27,0.9,251.189,4.77738e+06,-88.9179
rss-mss-xff,ss,ss,ff,27,0.9,398.107,3.01515e+06,-88.2886
rss-mss-xff,ss,ss,ff,27,0.9,630.957,1.90375e+06,-87.2911
rss-mss-xff,ss,ss,ff,27,0.9,1000,1.20326e+06,-85.7130
rss-mss-xff,ss,ss,ff,27,0.9,1584.89,762496,-83.2263
rss-mss-xff,ss,ss,ff,27,0.9,2511.89,486274,-79.3425
rss-mss-xff,ss,ss,ff,27,0.9,3981.07,314865,-73.4049
rss-mss-xff,ss,ss,ff,27,0.9,6309.57,210881,-64.7593
rss-mss-xff,ss,ss,ff,27,0.9,10000,150686,-53.3642
rss-mss-xff,ss,ss,ff,27,0.9,15848.9,118492,-40.6478
rss-mss-xff,ss,ss,ff,27,0.9,25118.9,102896,-29.1474
rss-mss-xff,ss,ss,ff,27,0.9,39810.7,95946.9,-20.6653
rss-mss-xff,ss,ss,ff,27,0.9,63095.7,92938.9,-15.5407
rss-mss-xff,ss,ss,ff,27,0.9,100000,91468.7,-13.4431
rss-mss-xff,ss,ss,ff,27,0.9,158489,90269.4,-14.1205
rss-mss-xff,ss,ss,ff,27,0.9,251189,88329.1,-17.6613
rss-mss-xff,ss,ss,ff,27,0.9,398107,84268.8,-24.4159
rss-mss-xff,ss,ss,ff,27,0.9,630957,76210.6,-34.5083
rss-mss-xff,ss,ss,ff,27,0.9,1e+06,63148.9,-46.9210
rss-mss-xff,ss,ss,ff,27,0.9,1.58489e+06,47239.7,-59.2684
rss-mss-xff,ss,ss,ff,27,0.9,2.51189e+06,32550.8,-69.3790
rss-mss-xff,ss,ss,ff,27,0.9,3.98107e+06,21374.2,-76.6237
rss-mss-xff,ss,ss,ff,27,0.9,6.30957e+06,13714.9,-81.4554
rss-mss-xff,ss,ss,ff,27,0.9,1e+07,8713.14,-84.5713
rss-mss-xff,ss,ss,ff,27,0.9,1.58489e+07,5512.92,-86.5489
rss-mss-xff,ss,ss,ff,27,0.9,2.51189e+07,3482.45,-87.7904
rss-mss-xff,ss,ss,ff,27,0.9,3.98107e+07,2198.56,-88.5583
rss-mss-xff,ss,ss,ff,27,0.9,6.30957e+07,1387.91,-89.0201
rss-mss-xff,ss,ss,ff,27,0.9,1e+08,876.408,-89.2858
rss-mss-xff,ss,ss,ff,27,1.35,100,1.18574e+07,-89.5565
rss-mss-xff,ss,ss,ff,27,1.35,158.489,7.48186e+06,-89.3055
rss-mss-xff,ss,ss,ff,27,1.35,251.189,4.72127e+06,-88.9047
rss-mss-xff,ss,ss,ff,27,1.35,398.107,2.97976e+06,-88.2678
rss-mss-xff,ss,ss,ff,27,1.35,630.957,1.88143e+06,-87.2581
rss-mss-xff,ss,ss,ff,27,1.35,1000,1.18921e+06,-85.6608
rss-mss-xff,ss,ss,ff,27,1.35,1584.89,753667,-83.1443
rss-mss-xff,ss,ss,ff,27,1.35,2511.89,480765,-79.2154
rss-mss-xff,ss,ss,ff,27,1.35,3981.07,311482,-73.2137
rss-mss-xff,ss,ss,ff,27,1.35,6309.57,208875,-64.4906
rss-mss-xff,ss,ss,ff,27,1.35,10000,149575,-53.0329
rss-mss-xff,ss,ss,ff,27,1.35,15848.9,117938,-40.3108
rss-mss-xff,ss,ss,ff,27,1.35,25118.9,102650,-28.8663
rss-mss-xff,ss,ss,ff,27,1.35,39810.7,95850.8,-20.4620
rss-mss-xff,ss,ss,ff,27,1.35,63095.7,92908.3,-15.4048
rss-mss-xff,ss,ss,ff,27,1.35,100000,91465.3,-13.3558
rss-mss-xff,ss,ss,ff,27,1.35,158489,90276.7,-14.0657
rss-mss-xff,ss,ss,ff,27,1.35,251189,88339.9,-17.6279
rss-mss-xff,ss,ss,ff,27,1.35,398107,84279.6,-24.3967
rss-mss-xff,ss,ss,ff,27,1.35,630957,76219,-34.4984
rss-mss-xff,ss,ss,ff,27,1.35,1e+06,63153.8,-46.9168
rss-mss-xff,ss,ss,ff,27,1.35,1.58489e+06,47241.7,-59.2669
rss-mss-xff,ss,ss,ff,27,1.35,2.51189e+06,32551.5,-69.3786
rss-mss-xff,ss,ss,ff,27,1.35,3.98107e+06,21374.4,-76.6236
rss-mss-xff,ss,ss,ff,27,1.35,6.30957e+06,13715,-81.4553
rss-mss-xff,ss,ss,ff,27,1.35,1e+07,8713.15,-84.5713
rss-mss-xff,ss,ss,ff,27,1.35,1.58489e+07,5512.92,-86.5489
rss-mss-xff,ss,ss,ff,27,1.35,2.51189e+07,3482.45,-87.7904
rss-mss-xff,ss,ss,ff,27,1.35,3.98107e+07,2198.56,-88.5583
rss-mss-xff,ss,ss,ff,27,1.35,6.30957e+07,1387.91,-89.0201
rss-mss-xff,ss,ss,ff,27,1.35,1e+08,876.408,-89.2858
rss-mss-xff,ss,ss,ff,27,1.8,100,1.18212e+07,-89.5551
rss-mss-xff,ss,ss,ff,27,1.8,158.489,7.45901e+06,-89.3034
rss-mss-xff,ss,ss,ff,27,1.8,251.189,4.70685e+06,-88.9013
rss-mss-xff,ss,ss,ff,27,1.8,398.107,2.97066e+06,-88.2623
rss-mss-xff,ss,ss,ff,27,1.8,630.957,1.8757e+06,-87.2494
rss-mss-xff,ss,ss,ff,27,1.8,1000,1.1856e+06,-85.6472
rss-mss-xff,ss,ss,ff,27,1.8,1584.89,751399,-83.1229
rss-mss-xff,ss,ss,ff,27,1.8,2511.89,479350,-79.1822
rss-mss-xff,ss,ss,ff,27,1.8,3981.07,310613,-73.1638
rss-mss-xff,ss,ss,ff,27,1.8,6309.57,208361,-64.4207
rss-mss-xff,ss,ss,ff,27,1.8,10000,149290,-52.9470
rss-mss-xff,ss,ss,ff,27,1.8,15848.9,117796,-40.2237
rss-mss-xff,ss,ss,ff,27,1.8,25118.9,102588,-28.7939
rss-mss-xff,ss,ss,ff,27,1.8,39810.7,95826.2,-20.4097
rss-mss-xff,ss,ss,ff,27,1.8,63095.7,92900.5,-15.3699
rss-mss-xff,ss,ss,ff,27,1.8,100000,91464.4,-13.3333
rss-mss-xff,ss,ss,ff,27,1.8,158489,90278.5,-14.0517
rss-mss-xff,ss,ss,ff,27,1.8,251189,88342.7,-17.6194
rss-mss-xff,ss,ss,ff,27,1.8,398107,84282.4,-24.3918
rss-mss-xff,ss,ss,ff,27,1.8,630957,76221.1,-34.4959
rss-mss-xff,ss,ss,ff,27,1.8,1e+06,63155,-46.9157
rss-mss-xff,ss,ss,ff,27,1.8,1.58489e+06,47242.3,-59.2665
rss-mss-xff,ss,ss,ff,27,1.8,2.51189e+06,32551.6,-69.3785
rss-mss-xff,ss,ss,ff,27,1.8,3.98107e+06,21374.4,-76.6236
rss-mss-xff,ss,ss,ff,27,1.8,6.30957e+06,13715,-81.4553
rss-mss-xff,ss,ss,ff,27,1.8,1e+07,8713.15,-84.5713
rss-mss-xff,ss,ss,ff,27,1.8,1.58489e+07,5512.92,-86.5489
rss-mss-xff,ss,ss,ff,27,1.8,2.51189e+07,3482.45,-87.7904
rss-mss-xff,ss,ss,ff,27,1.8,3.98107e+07,2198.56,-88.5583
rss-mss-xff,ss,ss,ff,27,1.8,6.30957e+07,1387.91,-89.0201
rss-mss-xff,ss,ss,ff,27,1.8,1e+08,876.408,-89.2858
rss-mss-xff,ss,ss,ff,27,2.25,100,1.18119e+07,-89.5548
rss-mss-xff,ss,ss,ff,27,2.25,158.489,7.45315e+06,-89.3028
rss-mss-xff,ss,ss,ff,27,2.25,251.189,4.70315e+06,-88.9004
rss-mss-xff,ss,ss,ff,27,2.25,398.107,2.96833e+06,-88.2610
rss-mss-xff,ss,ss,ff,27,2.25,630.957,1.87423e+06,-87.2472
rss-mss-xff,ss,ss,ff,27,2.25,1000,1.18467e+06,-85.6437
rss-mss-xff,ss,ss,ff,27,2.25,1584.89,750818,-83.1174
rss-mss-xff,ss,ss,ff,27,2.25,2511.89,478987,-79.1737
rss-mss-xff,ss,ss,ff,27,2.25,3981.07,310390,-73.1510
rss-mss-xff,ss,ss,ff,27,2.25,6309.57,208229,-64.4028
rss-mss-xff,ss,ss,ff,27,2.25,10000,149218,-52.9250
rss-mss-xff,ss,ss,ff,27,2.25,15848.9,117760,-40.2014
rss-mss-xff,ss,ss,ff,27,2.25,25118.9,102572,-28.7753
rss-mss-xff,ss,ss,ff,27,2.25,39810.7,95820,-20.3964
rss-mss-xff,ss,ss,ff,27,2.25,63095.7,92898.6,-15.3610
rss-mss-xff,ss,ss,ff,27,2.25,100000,91464.2,-13.3276
rss-mss-xff,ss,ss,ff,27,2.25,158489,90279,-14.0480
rss-mss-xff,ss,ss,ff,27,2.25,251189,88343.4,-17.6172
rss-mss-xff,ss,ss,ff,27,2.25,398107,84283.1,-24.3905
rss-mss-xff,ss,ss,ff,27,2.25,630957,76221.7,-34.4952
rss-mss-xff,ss,ss,ff,27,2.25,1e+06,63155.3,-46.9154
rss-mss-xff,ss,ss,ff,27,2.25,1.58489e+06,47242.4,-59.2664
rss-mss-xff,ss,ss,ff,27,2.25,2.51189e+06,32551.7,-69.3784
rss-mss-xff,ss,ss,ff,27,2.25,3.98107e+06,21374.4,-76.6235
rss-mss-xff,ss,ss,ff,27,2.25,6.30957e+06,13715,-81.4553
rss-mss-xff,ss,ss,ff,27,2.25,1e+07,8713.15,-84.5713
rss-mss-xff,ss,ss,ff,27,2.25,1.58489e+07,5512.92,-86.5489
rss-mss-xff,ss,ss,ff,27,2.25,2.51189e+07,3482.45,-87.7904
rss-mss-xff,ss,ss,ff,27,2.25,3.98107e+07,2198.56,-88.5583
rss-mss-xff,ss,ss,ff,27,2.25,6.30957e+07,1387.91,-89.0201
rss-mss-xff,ss,ss,ff,27,2.25,1e+08,876.408,-89.2858
rss-mss-xff,ss,ss,ff,27,2.7,100,1.18095e+07,-89.5547
rss-mss-xff,ss,ss,ff,27,2.7,158.489,7.45166e+06,-89.3027
rss-mss-xff,ss,ss,ff,27,2.7,251.189,4.70221e+06,-88.9002
rss-mss-xff,ss,ss,ff,27,2.7,398.107,2.96774e+06,-88.2606
rss-mss-xff,ss,ss,ff,27,2.7,630.957,1.87385e+06,-87.2467
rss-mss-xff,ss,ss,ff,27,2.7,1000,1.18444e+06,-85.6428
rss-mss-xff,ss,ss,ff,27,2.7,1584.89,750669,-83.1160
rss-mss-xff,ss,ss,ff,27,2.7,2511.89,478895,-79.1715
rss-mss-xff,ss,ss,ff,27,2.7,3981.07,310334,-73.1478
rss-mss-xff,ss,ss,ff,27,2.7,6309.57,208195,-64.3982
rss-mss-xff,ss,ss,ff,27,2.7,10000,149199,-52.9193
rss-mss-xff,ss,ss,ff,27,2.7,15848.9,117750,-40.1957
rss-mss-xff,ss,ss,ff,27,2.7,25118.9,102567,-28.7706
rss-mss-xff,ss,ss,ff,27,2.7,39810.7,95818.4,-20.3929
rss-mss-xff,ss,ss,ff,27,2.7,63095.7,92898.1,-15.3587
rss-mss-xff,ss,ss,ff,27,2.7,100000,91464.1,-13.3261
rss-mss-xff,ss,ss,ff,27,2.7,158489,90279.1,-14.0471
rss-mss-xff,ss,ss,ff,27,2.7,251189,88343.5,-17.6166
rss-mss-xff,ss,ss,ff,27,2.7,398107,84283.3,-24.3902
rss-mss-xff,ss,ss,ff,27,2.7,630957,76221.8,-34.4950
rss-mss-xff,ss,ss,ff,27,2.7,1e+06,63155.4,-46.9153
rss-mss-xff,ss,ss,ff,27,2.7,1.58489e+06,47242.4,-59.2664
rss-mss-xff,ss,ss,ff,27,2.7,2.51189e+06,32551.7,-69.3784
rss-mss-xff,ss,ss,ff,27,2.7,3.98107e+06,21374.4,-76.6235
rss-mss-xff,ss,ss,ff,27,2.7,6.30957e+06,13715,-81.4553
rss-mss-xff,ss,ss,ff,27,2.7,1e+07,8713.15,-84.5713
rss-mss-xff,ss,ss,ff,27,2.7,1.58489e+07,5512.92,-86.5489
rss-mss-xff,ss,ss,ff,27,2.7,2.51189e+07,3482.45,-87.7904
rss-mss-xff,ss,ss,ff,27,2.7,3.98107e+07,2198.56,-88.5583
rss-mss-xff,ss,ss,ff,27,2.7,6.30957e+07,1387.91,-89.0201
rss-mss-xff,ss,ss,ff,27,2.7,1e+08,876.408,-89.2858
rss-mss-xff,ss,ss,ff,125,0.3,100,1.29469e+07,-89.5941
rss-mss-xff,ss,ss,ff,125,0.3,158.489,8.16922e+06,-89.3660
rss-mss-xff,ss,ss,ff,125,0.3,251.189,5.15491e+06,-89.0010
rss-mss-xff,ss,ss,ff,125,0.3,398.107,3.25329e+06,-88.4206
rss-mss-xff,ss,ss,ff,125,0.3,630.957,2.0539e+06,-87.5001
rss-mss-xff,ss,ss,ff,125,0.3,1000,1.29784e+06,-86.0434
rss-mss-xff,ss,ss,ff,125,0.3,1584.89,821910,-83.7457
rss-mss-xff,ss,ss,ff,125,0.3,2511.89,523360,-80.1496
rss-mss-xff,ss,ss,ff,125,0.3,3981.07,337658,-74.6240
rss-mss-xff,ss,ss,ff,125,0.3,6309.57,224408,-66.4873
rss-mss-xff,ss,ss,ff,125,0.3,10000,158168,-55.5288
rss-mss-xff,ss,ss,ff,125,0.3,15848.9,122177,-42.8952
rss-mss-xff,ss,ss,ff,125,0.3,25118.9,104439,-31.0551
rss-mss-xff,ss,ss,ff,125,0.3,39810.7,96437.4,-22.0586
rss-mss-xff,ss,ss,ff,125,0.3,63095.7,92964.5,-16.4744
rss-mss-xff,ss,ss,ff,125,0.3,100000,91302.4,-14.0402
rss-mss-xff,ss,ss,ff,125,0.3,158489,90030.1,-14.4882
rss-mss-xff,ss,ss,ff,125,0.3,251189,88071.8,-17.8743
rss-mss-xff,ss,ss,ff,125,0.3,398107,84028.4,-24.5226
rss-mss-xff,ss,ss,ff,125,0.3,630957,76017.6,-34.5427
rss-mss-xff,ss,ss,ff,125,0.3,1e+06,63021.3,-46.9133
rss-mss-xff,ss,ss,ff,125,0.3,1.58489e+06,47168.2,-59.2456
rss-mss-xff,ss,ss,ff,125,0.3,2.51189e+06,32512.6,-69.3570
rss-mss-xff,ss,ss,ff,125,0.3,3.98107e+06,21352.9,-76.6074
rss-mss-xff,ss,ss,ff,125,0.3,6.30957e+06,13702.3,-81.4444
rss-mss-xff,ss,ss,ff,125,0.3,1e+07,8705.42,-84.5643
rss-mss-xff,ss,ss,ff,125,0.3,1.58489e+07,5508.11,-86.5445
rss-mss-xff,ss,ss,ff,125,0.3,2.51189e+07,3479.43,-87.7877
rss-mss-xff,ss,ss,ff,125,0.3,3.98107e+07,2196.66,-88.5567
rss-mss-xff,ss,ss,ff,125,0.3,6.30957e+07,1386.71,-89.0193
rss-mss-xff,ss,ss,ff,125,0.3,1e+08,875.647,-89.2854
rss-mss-xff,ss,ss,ff,125,0.9,100,1.19983e+07,-89.5626
rss-mss-xff,ss,ss,ff,125,0.9,158.489,7.57072e+06,-89.3153
rss-mss-xff,ss,ss,ff,125,0.9,251.189,4.77732e+06,-88.9202
rss-mss-xff,ss,ss,ff,125,0.9,398.107,3.01511e+06,-88.2924
rss-mss-xff,ss,ss,ff,125,0.9,630.957,1.90372e+06,-87.2970
rss-mss-xff,ss,ss,ff,125,0.9,1000,1.20324e+06,-85.7224
rss-mss-xff,ss,ss,ff,125,0.9,1584.89,762463,-83.2410
rss-mss-xff,ss,ss,ff,125,0.9,2511.89,486231,-79.3653
rss-mss-xff,ss,ss,ff,125,0.9,3981.07,314804,-73.4392
rss-mss-xff,ss,ss,ff,125,0.9,6309.57,210793,-64.8075
rss-mss-xff,ss,ss,ff,125,0.9,10000,150564,-53.4236
rss-mss-xff,ss,ss,ff,125,0.9,15848.9,118338,-40.7080
rss-mss-xff,ss,ss,ff,125,0.9,25118.9,102719,-29.1968
rss-mss-xff,ss,ss,ff,125,0.9,39810.7,95757.5,-20.6994
rss-mss-xff,ss,ss,ff,125,0.9,63095.7,92744.2,-15.5607
rss-mss-xff,ss,ss,ff,125,0.9,100000,91272.9,-13.4515
rss-mss-xff,ss,ss,ff,125,0.9,158489,90076.1,-14.1186
rss-mss-xff,ss,ss,ff,125,0.9,251189,88143.5,-17.6492
rss-mss-xff,ss,ss,ff,125,0.9,398107,84100.7,-24.3930
rss-mss-xff,ss,ss,ff,125,0.9,630957,76074.1,-34.4759
rss-mss-xff,ss,ss,ff,125,0.9,1e+06,63054.1,-46.8846
rss-mss-xff,ss,ss,ff,125,0.9,1.58489e+06,47182,-59.2356
rss-mss-xff,ss,ss,ff,125,0.9,2.51189e+06,32517.2,-69.3542
rss-mss-xff,ss,ss,ff,125,0.9,3.98107e+06,21354.2,-76.6067
rss-mss-xff,ss,ss,ff,125,0.9,6.30957e+06,13702.7,-81.4443
rss-mss-xff,ss,ss,ff,125,0.9,1e+07,8705.51,-84.5643
rss-mss-xff,ss,ss,ff,125,0.9,1.58489e+07,5508.13,-86.5445
rss-mss-xff,ss,ss,ff,125,0.9,2.51189e+07,3479.44,-87.7877
rss-mss-xff,ss,ss,ff,125,0.9,3.98107e+07,2196.66,-88.5567
rss-mss-xff,ss,ss,ff,125,0.9,6.30957e+07,1386.71,-89.0193
rss-mss-xff,ss,ss,ff,125,0.9,1e+08,875.647,-89.2854
rss-mss-xff,ss,ss,ff,125,1.35,100,1.18573e+07,-89.5574
rss-mss-xff,ss,ss,ff,125,1.35,158.489,7.48177e+06,-89.3070
rss-mss-xff,ss,ss,ff,125,1.35,251.189,4.72121e+06,-88.9071
rss-mss-xff,ss,ss,ff,125,1.35,398.107,2.97972e+06,-88.2716
rss-mss-xff,ss,ss,ff,125,1.35,630.957,1.8814e+06,-87.2641
rss-mss-xff,ss,ss,ff,125,1.35,1000,1.18918e+06,-85.6703
rss-mss-xff,ss,ss,ff,125,1.35,1584.89,753634,-83.1592
rss-mss-xff,ss,ss,ff,125,1.35,2511.89,480722,-79.2384
rss-mss-xff,ss,ss,ff,125,1.35,3981.07,311420,-73.2483
rss-mss-xff,ss,ss,ff,125,1.35,6309.57,208786,-64.5392
rss-mss-xff,ss,ss,ff,125,1.35,10000,149452,-53.0925
rss-mss-xff,ss,ss,ff,125,1.35,15848.9,117783,-40.3709
rss-mss-xff,ss,ss,ff,125,1.35,25118.9,102473,-28.9154
rss-mss-xff,ss,ss,ff,125,1.35,39810.7,95661.1,-20.4958
rss-mss-xff,ss,ss,ff,125,1.35,63095.7,92713.5,-15.4246
rss-mss-xff,ss,ss,ff,125,1.35,100000,91269.4,-13.3639
rss-mss-xff,ss,ss,ff,125,1.35,158489,90083.3,-14.0637
rss-mss-xff,ss,ss,ff,125,1.35,251189,88154.3,-17.6157
rss-mss-xff,ss,ss,ff,125,1.35,398107,84111.5,-24.3738
rss-mss-xff,ss,ss,ff,125,1.35,630957,76082.5,-34.4660
rss-mss-xff,ss,ss,ff,125,1.35,1e+06,63059,-46.8803
rss-mss-xff,ss,ss,ff,125,1.35,1.58489e+06,47184.1,-59.2341
rss-mss-xff,ss,ss,ff,125,1.35,2.51189e+06,32517.8,-69.3538
rss-mss-xff,ss,ss,ff,125,1.35,3.98107e+06,21354.4,-76.6066
rss-mss-xff,ss,ss,ff,125,1.35,6.30957e+06,13702.7,-81.4443
rss-mss-xff,ss,ss,ff,125,1.35,1e+07,8705.52,-84.5643
rss-mss-xff,ss,ss,ff,125,1.35,1.58489e+07,5508.13,-86.5445
rss-mss-xff,ss,ss,ff,125,1.35,2.51189e+07,3479.44,-87.7877
rss-mss-xff,ss,ss,ff,125,1.35,3.98107e+07,2196.66,-88.5567
rss-mss-xff,ss,ss,ff,125,1.35,6.30957e+07,1386.71,-89.0193
rss-mss-xff,ss,ss,ff,125,1.35,1e+08,875.647,-89.2854
rss-mss-xff,ss,ss,ff,125,1.8,100,1.18211e+07,-89.5561
rss-mss-xff,ss,ss,ff,125,1.8,158.489,7.45892e+06,-89.3049
rss-mss-xff,ss,ss,ff,125,1.8,251.189,4.70679e+06,-88.9037
rss-mss-xff,ss,ss,ff,125,1.8,398.107,2.97062e+06,-88.2661
rss-mss-xff,ss,ss,ff,125,1.8,630.957,1.87566e+06,-87.2555
rss-mss-xff,ss,ss,ff,125,1.8,1000,1.18557e+06,-85.6567
rss-mss-xff,ss,ss,ff,125,1.8,1584.89,751366,-83.1379
rss-mss-xff,ss,ss,ff,125,1.8,2511.89,479306,-79.2054
rss-mss-xff,ss,ss,ff,125,1.8,3981.07,310551,-73.1986
rss-mss-xff,ss,ss,ff,125,1.8,6309.57,208271,-64.4694
rss-mss-xff,ss,ss,ff,125,1.8,10000,149167,-53.0067
rss-mss-xff,ss,ss,ff,125,1.8,15848.9,117641,-40.2838
rss-mss-xff,ss,ss,ff,125,1.8,25118.9,102410,-28.8429
rss-mss-xff,ss,ss,ff,125,1.8,39810.7,95636.5,-20.4434
rss-mss-xff,ss,ss,ff,125,1.8,63095.7,92705.7,-15.3896
rss-mss-xff,ss,ss,ff,125,1.8,100000,91268.5,-13.3414
rss-mss-xff,ss,ss,ff,125,1.8,158489,90085.1,-14.0496
rss-mss-xff,ss,ss,ff,125,1.8,251189,88157,-17.6072
rss-mss-xff,ss,ss,ff,125,1.8,398107,84114.3,-24.3689
rss-mss-xff,ss,ss,ff,125,1.8,630957,76084.7,-34.4634
rss-mss-xff,ss,ss,ff,125,1.8,1e+06,63060.2,-46.8792
rss-mss-xff,ss,ss,ff,125,1.8,1.58489e+06,47184.6,-59.2338
rss-mss-xff,ss,ss,ff,125,1.8,2.51189e+06,32518,-69.3537
rss-mss-xff,ss,ss,ff,125,1.8,3.98107e+06,21354.4,-76.6066
rss-mss-xff,ss,ss,ff,125,1.8,6.30957e+06,13702.7,-81.4443
rss-mss-xff,ss,ss,ff,125,1.8,1e+07,8705.53,-84.5643
rss-mss-xff,ss,ss,ff,125,1.8,1.58489e+07,5508.13,-86.5445
rss-mss-xff,ss,ss,ff,125,1.8,2.51189e+07,3479.44,-87.7877
rss-mss-xff,ss,ss,ff,125,1.8,3.98107e+07,2196.66,-88.5567
rss-mss-xff,ss,ss,ff,125,1.8,6.30957e+07,1386.71,-89.0193
rss-mss-xff,ss,ss,ff,125,1.8,1e+08,875.647,-89.2854
rss-mss-xff,ss,ss,ff,125,2.25,100,1.18118e+07,-89.5558
rss-mss-xff,ss,ss,ff,125,2.25,158.489,7.45307e+06,-89.3043
rss-mss-xff,ss,ss,ff,125,2.25,251.189,4.7031e+06,-88.9028
rss-mss-xff,ss,ss,ff,125,2.25,398.107,2.96829e+06,-88.2648
rss-mss-xff,ss,ss,ff,125,2.25,630.957,1.8742e+06,-87.2532
rss-mss-xff,ss,ss,ff,125,2.25,1000,1.18464e+06,-85.6533
rss-mss-xff,ss,ss,ff,125,2.25,1584.89,750785,-83.1324
rss-mss-xff,ss,ss,ff,125,2.25,2511.89,478944,-79.1969
rss-mss-xff,ss,ss,ff,125,2.25,3981.07,310328,-73.1858
rss-mss-xff,ss,ss,ff,125,2.25,6309.57,208139,-64.4515
rss-mss-xff,ss,ss,ff,125,2.25,10000,149094,-52.9846
rss-mss-xff,ss,ss,ff,125,2.25,15848.9,117604,-40.2614
rss-mss-xff,ss,ss,ff,125,2.25,25118.9,102394,-28.8243
rss-mss-xff,ss,ss,ff,125,2.25,39810.7,95630.2,-20.4300
rss-mss-xff,ss,ss,ff,125,2.25,63095.7,92703.7,-15.3806
rss-mss-xff,ss,ss,ff,125,2.25,100000,91268.3,-13.3357
rss-mss-xff,ss,ss,ff,125,2.25,158489,90085.6,-14.0460
rss-mss-xff,ss,ss,ff,125,2.25,251189,88157.8,-17.6050
rss-mss-xff,ss,ss,ff,125,2.25,398107,84115,-24.3676
rss-mss-xff,ss,ss,ff,125,2.25,630957,76085.2,-34.4628
rss-mss-xff,ss,ss,ff,125,2.25,1e+06,63060.6,-46.8789
rss-mss-xff,ss,ss,ff,125,2.25,1.58489e+06,47184.8,-59.2337
rss-mss-xff,ss,ss,ff,125,2.25,2.51189e+06,32518.1,-69.3537
rss-mss-xff,ss,ss,ff,125,2.25,3.98107e+06,21354.4,-76.6066
rss-mss-xff,ss,ss,ff,125,2.25,6.30957e+06,13702.7,-81.4443
rss-mss-xff,ss,ss,ff,125,2.25,1e+07,8705.53,-84.5643
rss-mss-xff,ss,ss,ff,125,2.25,1.58489e+07,5508.13,-86.5445
rss-mss-xff,ss,ss,ff,125,2.25,2.51189e+07,3479.44,-87.7877
rss-mss-xff,ss,ss,ff,125,2.25,3.98107e+07,2196.66,-88.5567
rss-mss-xff,ss,ss,ff,125,2.25,6.30957e+07,1386.71,-89.0193
rss-mss-xff,ss,ss,ff,125,2.25,1e+08,875.647,-89.2854
rss-mss-xff,ss,ss,ff,125,2.7,100,1.18094e+07,-89.5557
rss-mss-xff,ss,ss,ff,125,2.7,158.489,7.45157e+06,-89.3042
rss-mss-xff,ss,ss,ff,125,2.7,251.189,4.70215e+06,-88.9026
rss-mss-xff,ss,ss,ff,125,2.7,398.107,2.9677e+06,-88.2644
rss-mss-xff,ss,ss,ff,125,2.7,630.957,1.87382e+06,-87.2527
rss-mss-xff,ss,ss,ff,125,2.7,1000,1.18441e+06,-85.6524
rss-mss-xff,ss,ss,ff,125,2.7,1584.89,750636,-83.1310
rss-mss-xff,ss,ss,ff,125,2.7,2511.89,478851,-79.1947
rss-mss-xff,ss,ss,ff,125,2.7,3981.07,310272,-73.1825
rss-mss-xff,ss,ss,ff,125,2.7,6309.57,208106,-64.4469
rss-mss-xff,ss,ss,ff,125,2.7,10000,149076,-52.9790
rss-mss-xff,ss,ss,ff,125,2.7,15848.9,117595,-40.2557
rss-mss-xff,ss,ss,ff,125,2.7,25118.9,102390,-28.8195
rss-mss-xff,ss,ss,ff,125,2.7,39810.7,95628.6,-20.4266
rss-mss-xff,ss,ss,ff,125,2.7,63095.7,92703.2,-15.3783
rss-mss-xff,ss,ss,ff,125,2.7,100000,91268.3,-13.3342
rss-mss-xff,ss,ss,ff,125,2.7,158489,90085.7,-14.0450
rss-mss-xff,ss,ss,ff,125,2.7,251189,88157.9,-17.6044
rss-mss-xff,ss,ss,ff,125,2.7,398107,84115.1,-24.3673
rss-mss-xff,ss,ss,ff,125,2.7,630957,76085.4,-34.4626
rss-mss-xff,ss,ss,ff,125,2.7,1e+06,63060.7,-46.8788
rss-mss-xff,ss,ss,ff,125,2.7,1.58489e+06,47184.8,-59.2336
rss-mss-xff,ss,ss,ff,125,2.7,2.51189e+06,32518.1,-69.3537
rss-mss-xff,ss,ss,ff,125,2.7,3.98107e+06,21354.4,-76.6066
rss-mss-xff,ss,ss,ff,125,2.7,6.30957e+06,13702.7,-81.4443
rss-mss-xff,ss,ss,ff,125,2.7,1e+07,8705.53,-84.5643
rss-mss-xff,ss,ss,ff,125,2.7,1.58489e+07,5508.13,-86.5445
rss-mss-xff,ss,ss,ff,125,2.7,2.51189e+07,3479.44,-87.7877
rss-mss-xff,ss,ss,ff,125,2.7,3.98107e+07,2196.66,-88.5567
rss-mss-xff,ss,ss,ff,125,2.7,6.30957e+07,1386.71,-89.0193
rss-mss-xff,ss,ss,ff,125,2.7,1e+08,875.647,-89.2854
rss-mss-xss,ss,ss,ss,-40,0.3,100,1.29055e+07,-89.5909
rss-mss-xss,ss,ss,ss,-40,0.3,158.489,8.14312e+06,-89.3608
rss-mss-xss,ss,ss,ss,-40,0.3,251.189,5.13846e+06,-88.9928
rss-mss-xss,ss,ss,ss,-40,0.3,398.107,3.24292e+06,-88.4077
rss-mss-xss,ss,ss,ss,-40,0.3,630.957,2.04738e+06,-87.4797
rss-mss-xss,ss,ss,ss,-40,0.3,1000,1.29376e+06,-86.0111
rss-mss-xss,ss,ss,ss,-40,0.3,1584.89,819398,-83.6951
rss-mss-xss,ss,ss,ss,-40,0.3,2511.89,521867,-80.0715
rss-mss-xss,ss,ss,ss,-40,0.3,3981.07,336858,-74.5079
rss-mss-xss,ss,ss,ss,-40,0.3,6309.57,224110,-66.3302
rss-mss-xss,ss,ss,ss,-40,0.3,10000,158256,-55.3567
rss-mss-xss,ss,ss,ss,-40,0.3,15848.9,122551,-42.7852
rss-mss-xss,ss,ss,ss,-40,0.3,25118.9,104990,-31.1148
rss-mss-xss,ss,ss,ss,-40,0.3,39810.7,97062.8,-22.3887
rss-mss-xss,ss,ss,ss,-40,0.3,63095.7,93575.3,-17.1818
rss-mss-xss,ss,ss,ss,-40,0.3,100000,91784.1,-15.2809
rss-mss-xss,ss,ss,ss,-40,0.3,158489,90162.1,-16.4987
rss-mss-xss,ss,ss,ss,-40,0.3,251189,87396.3,-20.9618
rss-mss-xss,ss,ss,ss,-40,0.3,398107,81756.8,-28.9295
rss-mss-xss,ss,ss,ss,-40,0.3,630957,71416.3,-40.0839
rss-mss-xss,ss,ss,ss,-40,0.3,1e+06,56561.2,-52.6882
rss-mss-xss,ss,ss,ss,-40,0.3,1.58489e+06,40650,-64.1694
rss-mss-xss,ss,ss,ss,-40,0.3,2.51189e+06,27316.9,-72.9710
rss-mss-xss,ss,ss,ss,-40,0.3,3.98107e+06,17716.1,-79.0471
rss-mss-xss,ss,ss,ss,-40,0.3,6.30957e+06,11306,-83.0290
rss-mss-xss,ss,ss,ss,-40,0.3,1e+07,7166.58,-85.5776
rss-mss-xss,ss,ss,ss,-40,0.3,1.58489e+07,4530.24,-87.1901
rss-mss-xss,ss,ss,ss,-40,0.3,2.51189e+07,2860.63,-88.2009
rss-mss-xss,ss,ss,ss,-40,0.3,3.98107e+07,1805.68,-88.8256
rss-mss-xss,ss,ss,ss,-40,0.3,6.30957e+07,1139.76,-89.2010
rss-mss-xss,ss,ss,ss,-40,0.3,1e+08,719.611,-89.4168
rss-mss-xss,ss,ss,ss,-40,0.9,100,1.19627e+07,-89.5590
rss-mss-xss,ss,ss,ss,-40,0.9,158.489,7.5483e+06,-89.3095
rss-mss-xss,ss,ss,ss,-40,0.9,251.189,4.76319e+06,-88.9112
rss-mss-xss,ss,ss,ss,-40,0.9,398.107,3.00621e+06,-88.2780
rss-mss-xss,ss,ss,ss,-40,0.9,630.957,1.89813e+06,-87.2743
rss-mss-xss,ss,ss,ss,-40,0.9,1000,1.19975e+06,-85.6865
rss-mss-xss,ss,ss,ss,-40,0.9,1584.89,760328,-83.1848
rss-mss-xss,ss,ss,ss,-40,0.9,2511.89,484985,-79.2789
rss-mss-xss,ss,ss,ss,-40,0.9,3981.07,314171,-73.3119
rss-mss-xss,ss,ss,ss,-40,0.9,6309.57,210616,-64.6382
rss-mss-xss,ss,ss,ss,-40,0.9,10000,150743,-53.2446
rss-mss-xss,ss,ss,ss,-40,0.9,15848.9,118779,-40.6022
rss-mss-xss,ss,ss,ss,-40,0.9,25118.9,103316,-29.2689
rss-mss-xss,ss,ss,ss,-40,0.9,39810.7,96416.7,-21.0430
rss-mss-xss,ss,ss,ss,-40,0.9,63095.7,93382,-16.2796
rss-mss-xss,ss,ss,ss,-40,0.9,100000,91777.9,-14.7017
rss-mss-xss,ss,ss,ss,-40,0.9,158489,90228.4,-16.1381
rss-mss-xss,ss,ss,ss,-40,0.9,251189,87483.6,-20.7462
rss-mss-xss,ss,ss,ss,-40,0.9,398107,81837.2,-28.8102
rss-mss-xss,ss,ss,ss,-40,0.9,630957,71472.2,-40.0266
rss-mss-xss,ss,ss,ss,-40,0.9,1e+06,56589.5,-52.6658
rss-mss-xss,ss,ss,ss,-40,0.9,1.58489e+06,40660.5,-64.1623
rss-mss-xss,ss,ss,ss,-40,0.9,2.51189e+06,27320.1,-72.9691
rss-mss-xss,ss,ss,ss,-40,0.9,3.98107e+06,17717,-79.0467
rss-mss-xss,ss,ss,ss,-40,0.9,6.30957e+06,11306.2,-83.0289
rss-mss-xss,ss,ss,ss,-40,0.9,1e+07,7166.63,-85.5776
rss-mss-xss,ss,ss,ss,-40,0.9,1.58489e+07,4530.25,-87.1901
rss-mss-xss,ss,ss,ss,-40,0.9,2.51189e+07,2860.64,-88.2009
rss-mss-xss,ss,ss,ss,-40,0.9,3.98107e+07,1805.68,-88.8256
rss-mss-xss,ss,ss,ss,-40,0.9,6.30957e+07,1139.76,-89.2010
rss-mss-xss,ss,ss,ss,-40,0.9,1e+08,719.611,-89.4168
rss-mss-xss,ss,ss,ss,-40,1.35,100,1.18226e+07,-89.5538
rss-mss-xss,ss,ss,ss,-40,1.35,158.489,7.45988e+06,-89.3012
rss-mss-xss,ss,ss,ss,-40,1.35,251.189,4.7074e+06,-88.8979
rss-mss-xss,ss,ss,ss,-40,1.35,398.107,2.97102e+06,-88.2570
rss-mss-xss,ss,ss,ss,-40,1.35,630.957,1.87594e+06,-87.2409
rss-mss-xss,ss,ss,ss,-40,1.35,1000,1.18578e+06,-85.6339
rss-mss-xss,ss,ss,ss,-40,1.35,1584.89,751553,-83.1021
rss-mss-xss,ss,ss,ss,-40,1.35,2511.89,479511,-79.1506
rss-mss-xss,ss,ss,ss,-40,1.35,3981.07,310812,-73.1192
rss-mss-xss,ss,ss,ss,-40,1.35,6309.57,208627,-64.3680
rss-mss-xss,ss,ss,ss,-40,1.35,10000,149645,-52.9126
rss-mss-xss,ss,ss,ss,-40,1.35,15848.9,118233,-40.2659
rss-mss-xss,ss,ss,ss,-40,1.35,25118.9,103077,-28.9894
rss-mss-xss,ss,ss,ss,-40,1.35,39810.7,96325.3,-20.8414
rss-mss-xss,ss,ss,ss,-40,1.35,63095.7,93355.3,-16.1451
rss-mss-xss,ss,ss,ss,-40,1.35,100000,91777.9,-14.6156
rss-mss-xss,ss,ss,ss,-40,1.35,158489,90238.6,-16.0846
rss-mss-xss,ss,ss,ss,-40,1.35,251189,87496.7,-20.7142
rss-mss-xss,ss,ss,ss,-40,1.35,398107,81849.1,-28.7925
rss-mss-xss,ss,ss,ss,-40,1.35,630957,71480.6,-40.0181
rss-mss-xss,ss,ss,ss,-40,1.35,1e+06,56593.7,-52.6625
rss-mss-xss,ss,ss,ss,-40,1.35,1.58489e+06,40662.1,-64.1612
rss-mss-xss,ss,ss,ss,-40,1.35,2.51189e+06,27320.6,-72.9688
rss-mss-xss,ss,ss,ss,-40,1.35,3.98107e+06,17717.1,-79.0466
rss-mss-xss,ss,ss,ss,-40,1.35,6.30957e+06,11306.3,-83.0289
rss-mss-xss,ss,ss,ss,-40,1.35,1e+07,7166.64,-85.5776
rss-mss-xss,ss,ss,ss,-40,1.35,1.58489e+07,4530.26,-87.1901
rss-mss-xss,ss,ss,ss,-40,1.35,2.51189e+07,2860.64,-88.2009
rss-mss-xss,ss,ss,ss,-40,1.35,3.98107e+07,1805.68,-88.8256
rss-mss-xss,ss,ss,ss,-40,1.35,6.30957e+07,1139.76,-89.2010
rss-mss-xss,ss,ss,ss,-40,1.35,1e+08,719.611,-89.4168
rss-mss-xss,ss,ss,ss,-40,1.8,100,1.17866e+07,-89.5524
rss-mss-xss,ss,ss,ss,-40,1.8,158.489,7.43716e+06,-89.2990
rss-mss-xss,ss,ss,ss,-40,1.8,251.189,4.69307e+06,-88.8944
rss-mss-xss,ss,ss,ss,-40,1.8,398.107,2.96198e+06,-88.2515
rss-mss-xss,ss,ss,ss,-40,1.8,630.957,1.87024e+06,-87.2322
rss-mss-xss,ss,ss,ss,-40,1.8,1000,1.18219e+06,-85.6201
rss-mss-xss,ss,ss,ss,-40,1.8,1584.89,749298,-83.0805
rss-mss-xss,ss,ss,ss,-40,1.8,2511.89,478105,-79.1172
rss-mss-xss,ss,ss,ss,-40,1.8,3981.07,309949,-73.0690
rss-mss-xss,ss,ss,ss,-40,1.8,6309.57,208117,-64.2978
rss-mss-xss,ss,ss,ss,-40,1.8,10000,149363,-52.8265
rss-mss-xss,ss,ss,ss,-40,1.8,15848.9,118094,-40.1790
rss-mss-xss,ss,ss,ss,-40,1.8,25118.9,103016,-28.9174
rss-mss-xss,ss,ss,ss,-40,1.8,39810.7,96302,-20.7896
rss-mss-xss,ss,ss,ss,-40,1.8,63095.7,93348.5,-16.1106
rss-mss-xss,ss,ss,ss,-40,1.8,100000,91777.9,-14.5935
rss-mss-xss,ss,ss,ss,-40,1.8,158489,90241.2,-16.0708
rss-mss-xss,ss,ss,ss,-40,1.8,251189,87500.1,-20.7060
rss-mss-xss,ss,ss,ss,-40,1.8,398107,81852.2,-28.7880
rss-mss-xss,ss,ss,ss,-40,1.8,630957,71482.7,-40.0160
rss-mss-xss,ss,ss,ss,-40,1.8,1e+06,56594.8,-52.6616
rss-mss-xss,ss,ss,ss,-40,1.8,1.58489e+06,40662.5,-64.1609
rss-mss-xss,ss,ss,ss,-40,1.8,2.51189e+06,27320.7,-72.9687
rss-mss-xss,ss,ss,ss,-40,1.8,3.98107e+06,17717.1,-79.0466
rss-mss-xss,ss,ss,ss,-40,1.8,6.30957e+06,11306.3,-83.0289
rss-mss-xss,ss,ss,ss,-40,1.8,1e+07,7166.65,-85.5776
rss-mss-xss,ss,ss,ss,-40,1.8,1.58489e+07,4530.26,-87.1901
rss-mss-xss,ss,ss,ss,-40,1.8,2.51189e+07,2860.64,-88.2009
rss-mss-xss,ss,ss,ss,-40,1.8,3.98107e+07,1805.68,-88.8256
rss-mss-xss,ss,ss,ss,-40,1.8,6.30957e+07,1139.76,-89.2010
rss-mss-xss,ss,ss,ss,-40,1.8,1e+08,719.611,-89.4168
rss-mss-xss,ss,ss,ss,-40,2.25,100,1.17773e+07,-89.5521
rss-mss-xss,ss,ss,ss,-40,2.25,158.489,7.43134e+06,-89.2985
rss-mss-xss,ss,ss,ss,-40,2.25,251.189,4.6894e+06,-88.8935
rss-mss-xss,ss,ss,ss,-40,2.25,398.107,2.95967e+06,-88.2501
rss-mss-xss,ss,ss,ss,-40,2.25,630.957,1.86878e+06,-87.2300
rss-mss-xss,ss,ss,ss,-40,2.25,1000,1.18127e+06,-85.6166
rss-mss-xss,ss,ss,ss,-40,2.25,1584.89,748721,-83.0750
rss-mss-xss,ss,ss,ss,-40,2.25,2511.89,477744,-79.1086
rss-mss-xss,ss,ss,ss,-40,2.25,3981.07,309728,-73.0561
rss-mss-xss,ss,ss,ss,-40,2.25,6309.57,207986,-64.2797
rss-mss-xss,ss,ss,ss,-40,2.25,10000,149291,-52.8044
rss-mss-xss,ss,ss,ss,-40,2.25,15848.9,118058,-40.1567
rss-mss-xss,ss,ss,ss,-40,2.25,25118.9,103000,-28.8989
rss-mss-xss,ss,ss,ss,-40,2.25,39810.7,96296.1,-20.7763
rss-mss-xss,ss,ss,ss,-40,2.25,63095.7,93346.8,-16.1017
rss-mss-xss,ss,ss,ss,-40,2.25,100000,91777.9,-14.5879
rss-mss-xss,ss,ss,ss,-40,2.25,158489,90241.9,-16.0673
rss-mss-xss,ss,ss,ss,-40,2.25,251189,87501,-20.7039
rss-mss-xss,ss,ss,ss,-40,2.25,398107,81853,-28.7868
rss-mss-xss,ss,ss,ss,-40,2.25,630957,71483.2,-40.0154
rss-mss-xss,ss,ss,ss,-40,2.25,1e+06,56595,-52.6614
rss-mss-xss,ss,ss,ss,-40,2.25,1.58489e+06,40662.6,-64.1609
rss-mss-xss,ss,ss,ss,-40,2.25,2.51189e+06,27320.7,-72.9687
rss-mss-xss,ss,ss,ss,-40,2.25,3.98107e+06,17717.1,-79.0466
rss-mss-xss,ss,ss,ss,-40,2.25,6.30957e+06,11306.3,-83.0289
rss-mss-xss,ss,ss,ss,-40,2.25,1e+07,7166.65,-85.5776
rss-mss-xss,ss,ss,ss,-40,2.25,1.58489e+07,4530.26,-87.1901
rss-mss-xss,ss,ss,ss,-40,2.25,2.51189e+07,2860.64,-88.2009
rss-mss-xss,ss,ss,ss,-40,2.25,3.98107e+07,1805.68,-88.8256
rss-mss-xss,ss,ss,ss,-40,2.25,6.30957e+07,1139.76,-89.2010
rss-mss-xss,ss,ss,ss,-40,2.25,1e+08,719.611,-89.4168
rss-mss-xss,ss,ss,ss,-40,2.7,100,1.1775e+07,-89.5520
rss-mss-xss,ss,ss,ss,-40,2.7,158.489,7.42985e+06,-89.2983
rss-mss-xss,ss,ss,ss,-40,2.7,251.189,4.68846e+06,-88.8933
rss-mss-xss,ss,ss,ss,-40,2.7,398.107,2.95907e+06,-88.2497
rss-mss-xss,ss,ss,ss,-40,2.7,630.957,1.86841e+06,-87.2294
rss-mss-xss,ss,ss,ss,-40,2.7,1000,1.18103e+06,-85.6157
rss-mss-xss,ss,ss,ss,-40,2.7,1584.89,748573,-83.0736
rss-mss-xss,ss,ss,ss,-40,2.7,2511.89,477652,-79.1064
rss-mss-xss,ss,ss,ss,-40,2.7,3981.07,309671,-73.0528
rss-mss-xss,ss,ss,ss,-40,2.7,6309.57,207952,-64.2751
rss-mss-xss,ss,ss,ss,-40,2.7,10000,149273,-52.7987
rss-mss-xss,ss,ss,ss,-40,2.7,15848.9,118049,-40.1510
rss-mss-xss,ss,ss,ss,-40,2.7,25118.9,102996,-28.8942
rss-mss-xss,ss,ss,ss,-40,2.7,39810.7,96294.5,-20.7729
rss-mss-xss,ss,ss,ss,-40,2.7,63095.7,93346.3,-16.0995
rss-mss-xss,ss,ss,ss,-40,2.7,100000,91777.9,-14.5864
rss-mss-xss,ss,ss,ss,-40,2.7,158489,90242,-16.0664
rss-mss-xss,ss,ss,ss,-40,2.7,251189,87501.2,-20.7034
rss-mss-xss,ss,ss,ss,-40,2.7,398107,81853.2,-28.7865
rss-mss-xss,ss,ss,ss,-40,2.7,630957,71483.4,-40.0153
rss-mss-xss,ss,ss,ss,-40,2.7,1e+06,56595.1,-52.6613
rss-mss-xss,ss,ss,ss,-40,2.7,1.58489e+06,40662.6,-64.1608
rss-mss-xss,ss,ss,ss,-40,2.7,2.51189e+06,27320.7,-72.9687
rss-mss-xss,ss,ss,ss,-40,2.7,3.98107e+06,17717.1,-79.0466
rss-mss-xss,ss,ss,ss,-40,2.7,6.30957e+06,11306.3,-83.0289
rss-mss-xss,ss,ss,ss,-40,2.7,1e+07,7166.65,-85.5776
rss-mss-xss,ss,ss,ss,-40,2.7,1.58489e+07,4530.26,-87.1901
rss-mss-xss,ss,ss,ss,-40,2.7,2.51189e+07,2860.64,-88.2009
rss-mss-xss,ss,ss,ss,-40,2.7,3.98107e+07,1805.68,-88.8256
rss-mss-xss,ss,ss,ss,-40,2.7,6.30957e+07,1139.76,-89.2010
rss-mss-xss,ss,ss,ss,-40,2.7,1e+08,719.611,-89.4168
rss-mss-xss,ss,ss,ss,27,0.3,100,1.29052e+07,-89.5946
rss-mss-xss,ss,ss,ss,27,0.3,158.489,8.14294e+06,-89.3666
rss-mss-xss,ss,ss,ss,27,0.3,251.189,5.13833e+06,-89.0020
rss-mss-xss,ss,ss,ss,27,0.3,398.107,3.24283e+06,-88.4222
rss-mss-xss,ss,ss,ss,27,0.3,630.957,2.0473e+06,-87.5027
rss-mss-xss,ss,ss,ss,27,0.3,1000,1.29368e+06,-86.0475
rss-mss-xss,ss,ss,ss,27,0.3,1584.89,819287,-83.7524
rss-mss-xss,ss,ss,ss,27,0.3,2511.89,521709,-80.1607
rss-mss-xss,ss,ss,ss,27,0.3,3981.07,336624,-74.6429
rss-mss-xss,ss,ss,ss,27,0.3,6309.57,223764,-66.5224
rss-mss-xss,ss,ss,ss,27,0.3,10000,157769,-55.5991
rss-mss-xss,ss,ss,ss,27,0.3,15848.9,121923,-43.0376
rss-mss-xss,ss,ss,ss,27,0.3,25118.9,104258,-31.3254
rss-mss-xss,ss,ss,ss,27,0.3,39810.7,96273.8,-22.5317
rss-mss-xss,ss,ss,ss,27,0.3,63095.7,92762.7,-17.2577
rss-mss-xss,ss,ss,ss,27,0.3,100000,90970.3,-15.2966
rss-mss-xss,ss,ss,ss,27,0.3,158489,89369.6,-16.4566
rss-mss-xss,ss,ss,ss,27,0.3,251189,86661.4,-20.8585
rss-mss-xss,ss,ss,ss,27,0.3,398107,81140.1,-28.7634
rss-mss-xss,ss,ss,ss,27,0.3,630957,70983.7,-39.8717
rss-mss-xss,ss,ss,ss,27,0.3,1e+06,56320.5,-52.4725
rss-mss-xss,ss,ss,ss,27,0.3,1.58489e+06,40536.9,-63.9911
rss-mss-xss,ss,ss,ss,27,0.3,2.51189e+06,27264.6,-72.8429
rss-mss-xss,ss,ss,ss,27,0.3,3.98107e+06,17689.5,-78.9616
rss-mss-xss,ss,ss,ss,27,0.3,6.30957e+06,11291.1,-82.9738
rss-mss-xss,ss,ss,ss,27,0.3,1e+07,7157.63,-85.5426
rss-mss-xss,ss,ss,ss,27,0.3,1.58489e+07,4524.72,-87.1680
rss-mss-xss,ss,ss,ss,27,0.3,2.51189e+07,2857.18,-88.1872
rss-mss-xss,ss,ss,ss,27,0.3,3.98107e+07,1803.51,-88.8174
rss-mss-xss,ss,ss,ss,27,0.3,6.30957e+07,1138.39,-89.1963
rss-mss-xss,ss,ss,ss,27,0.3,1e+08,718.735,-89.4143
rss-mss-xss,ss,ss,ss,27,0.9,100,1.19625e+07,-89.5629
rss-mss-xss,ss,ss,ss,27,0.9,158.489,7.54814e+06,-89.3158
rss-mss-xss,ss,ss,ss,27,0.9,251.189,4.76308e+06,-88.9211
rss-mss-xss,ss,ss,ss,27,0.9,398.107,3.00613e+06,-88.2938
rss-mss-xss,ss,ss,ss,27,0.9,630.957,1.89805e+06,-87.2992
rss-mss-xss,ss,ss,ss,27,0.9,1000,1.19966e+06,-85.7259
rss-mss-xss,ss,ss,ss,27,0.9,1584.89,760212,-83.2467
rss-mss-xss,ss,ss,ss,27,0.9,2511.89,484817,-79.3748
rss-mss-xss,ss,ss,ss,27,0.9,3981.07,313921,-73.4561
rss-mss-xss,ss,ss,ss,27,0.9,6309.57,210248,-64.8404
rss-mss-xss,ss,ss,ss,27,0.9,10000,150231,-53.4927
rss-mss-xss,ss,ss,ss,27,0.9,15848.9,118130,-40.8515
rss-mss-xss,ss,ss,ss,27,0.9,25118.9,102571,-29.4701
rss-mss-xss,ss,ss,ss,27,0.9,39810.7,95620.4,-21.1762
rss-mss-xss,ss,ss,ss,27,0.9,63095.7,92565.6,-16.3478
rss-mss-xss,ss,ss,ss,27,0.9,100000,90962.1,-14.7121
rss-mss-xss,ss,ss,ss,27,0.9,158489,89434.6,-16.0925
rss-mss-xss,ss,ss,ss,27,0.9,251189,86747.9,-20.6406
rss-mss-xss,ss,ss,ss,27,0.9,398107,81220.1,-28.6426
rss-mss-xss,ss,ss,ss,27,0.9,630957,71039.6,-39.8135
rss-mss-xss,ss,ss,ss,27,0.9,1e+06,56348.9,-52.4496
rss-mss-xss,ss,ss,ss,27,0.9,1.58489e+06,40547.5,-63.9838
rss-mss-xss,ss,ss,ss,27,0.9,2.51189e+06,27267.8,-72.8409
rss-mss-xss,ss,ss,ss,27,0.9,3.98107e+06,17690.4,-78.9612
rss-mss-xss,ss,ss,ss,27,0.9,6.30957e+06,11291.3,-82.9738
rss-mss-xss,ss,ss,ss,27,0.9,1e+07,7157.69,-85.5426
rss-mss-xss,ss,ss,ss,27,0.9,1.58489e+07,4524.73,-87.1681
rss-mss-xss,ss,ss,ss,27,0.9,2.51189e+07,2857.18,-88.1873
rss-mss-xss,ss,ss,ss,27,0.9,3.98107e+07,1803.51,-88.8174
rss-mss-xss,ss,ss,ss,27,0.9,6.30957e+07,1138.39,-89.1963
rss-mss-xss,ss,ss,ss,27,0.9,1e+08,718.735,-89.4143
rss-mss-xss,ss,ss,ss,27,1.35,100,1.18223e+07,-89.5578
rss-mss-xss,ss,ss,ss,27,1.35,158.489,7.45972e+06,-89.3076
rss-mss-xss,ss,ss,ss,27,1.35,251.189,4.70729e+06,-88.9080
rss-mss-xss,ss,ss,ss,27,1.35,398.107,2.97094e+06,-88.2729
rss-mss-xss,ss,ss,ss,27,1.35,630.957,1.87586e+06,-87.2662
rss-mss-xss,ss,ss,ss,27,1.35,1000,1.18569e+06,-85.6737
rss-mss-xss,ss,ss,ss,27,1.35,1584.89,751436,-83.1647
rss-mss-xss,ss,ss,ss,27,1.35,2511.89,479341,-79.2477
rss-mss-xss,ss,ss,ss,27,1.35,3981.07,310559,-73.2649
rss-mss-xss,ss,ss,ss,27,1.35,6309.57,208255,-64.5718
rss-mss-xss,ss,ss,ss,27,1.35,10000,149129,-53.1616
rss-mss-xss,ss,ss,ss,27,1.35,15848.9,117581,-40.5146
rss-mss-xss,ss,ss,ss,27,1.35,25118.9,102330,-29.1892
rss-mss-xss,ss,ss,ss,27,1.35,39810.7,95528,-20.9731
rss-mss-xss,ss,ss,ss,27,1.35,63095.7,92538.4,-16.2122
rss-mss-xss,ss,ss,ss,27,1.35,100000,90961.7,-14.6252
rss-mss-xss,ss,ss,ss,27,1.35,158489,89444.6,-16.0384
rss-mss-xss,ss,ss,ss,27,1.35,251189,86760.9,-20.6083
rss-mss-xss,ss,ss,ss,27,1.35,398107,81232.1,-28.6247
rss-mss-xss,ss,ss,ss,27,1.35,630957,71048,-39.8049
rss-mss-xss,ss,ss,ss,27,1.35,1e+06,56353.1,-52.4462
rss-mss-xss,ss,ss,ss,27,1.35,1.58489e+06,40549.1,-63.9827
rss-mss-xss,ss,ss,ss,27,1.35,2.51189e+06,27268.3,-72.8406
rss-mss-xss,ss,ss,ss,27,1.35,3.98107e+06,17690.5,-78.9611
rss-mss-xss,ss,ss,ss,27,1.35,6.30957e+06,11291.3,-82.9738
rss-mss-xss,ss,ss,ss,27,1.35,1e+07,7157.7,-85.5426
rss-mss-xss,ss,ss,ss,27,1.35,1.58489e+07,4524.73,-87.1681
rss-mss-xss,ss,ss,ss,27,1.35,2.51189e+07,2857.18,-88.1873
rss-mss-xss,ss,ss,ss,27,1.35,3.98107e+07,1803.51,-88.8174
rss-mss-xss,ss,ss,ss,27,1.35,6.30957e+07,1138.39,-89.1963
rss-mss-xss,ss,ss,ss,27,1.35,1e+08,718.735,-89.4143
rss-mss-xss,ss,ss,ss,27,1.8,100,1.17863e+07,-89.5565
rss-mss-xss,ss,ss,ss,27,1.8,158.489,7.437e+06,-89.3054
rss-mss-xss,ss,ss,ss,27,1.8,251.189,4.69296e+06,-88.9045
rss-mss-xss,ss,ss,ss,27,1.8,398.107,2.9619e+06,-88.2675
rss-mss-xss,ss,ss,ss,27,1.8,630.957,1.87016e+06,-87.2576
rss-mss-xss,ss,ss,ss,27,1.8,1000,1.1821e+06,-85.6601
rss-mss-xss,ss,ss,ss,27,1.8,1584.89,749181,-83.1433
rss-mss-xss,ss,ss,ss,27,1.8,2511.89,477935,-79.2145
rss-mss-xss,ss,ss,ss,27,1.8,3981.07,309695,-73.2151
rss-mss-xss,ss,ss,ss,27,1.8,6309.57,207744,-64.5019
rss-mss-xss,ss,ss,ss,27,1.8,10000,148846,-53.0757
rss-mss-xss,ss,ss,ss,27,1.8,15848.9,117441,-40.4276
rss-mss-xss,ss,ss,ss,27,1.8,25118.9,102268,-29.1168
rss-mss-xss,ss,ss,ss,27,1.8,39810.7,95504.4,-20.9208
rss-mss-xss,ss,ss,ss,27,1.8,63095.7,92531.5,-16.1774
rss-mss-xss,ss,ss,ss,27,1.8,100000,90961.7,-14.6029
rss-mss-xss,ss,ss,ss,27,1.8,158489,89447.2,-16.0245
rss-mss-xss,ss,ss,ss,27,1.8,251189,86764.3,-20.6000
rss-mss-xss,ss,ss,ss,27,1.8,398107,81235.2,-28.6201
rss-mss-xss,ss,ss,ss,27,1.8,630957,71050.1,-39.8027
rss-mss-xss,ss,ss,ss,27,1.8,1e+06,56354.2,-52.4454
rss-mss-xss,ss,ss,ss,27,1.8,1.58489e+06,40549.5,-63.9825
rss-mss-xss,ss,ss,ss,27,1.8,2.51189e+06,27268.4,-72.8406
rss-mss-xss,ss,ss,ss,27,1.8,3.98107e+06,17690.6,-78.9611
rss-mss-xss,ss,ss,ss,27,1.8,6.30957e+06,11291.4,-82.9738
rss-mss-xss,ss,ss,ss,27,1.8,1e+07,7157.7,-85.5426
rss-mss-xss,ss,ss,ss,27,1.8,1.58489e+07,4524.74,-87.1681
rss-mss-xss,ss,ss,ss,27,1.8,2.51189e+07,2857.18,-88.1873
rss-mss-xss,ss,ss,ss,27,1.8,3.98107e+07,1803.51,-88.8174
rss-mss-xss,ss,ss,ss,27,1.8,6.30957e+07,1138.39,-89.1963
rss-mss-xss,ss,ss,ss,27,1.8,1e+08,718.735,-89.4143
rss-mss-xss,ss,ss,ss,27,2.25,100,1.17771e+07,-89.5561
rss-mss-xss,ss,ss,ss,27,2.25,158.489,7.43118e+06,-89.3049
rss-mss-xss,ss,ss,ss,27,2.25,251.189,4.68929e+06,-88.9037
rss-mss-xss,ss,ss,ss,27,2.25,398.107,2.95958e+06,-88.2661
rss-mss-xss,ss,ss,ss,27,2.25,630.957,1.8687e+06,-87.2554
rss-mss-xss,ss,ss,ss,27,2.25,1000,1.18118e+06,-85.6566
rss-mss-xss,ss,ss,ss,27,2.25,1584.89,748604,-83.1378
rss-mss-xss,ss,ss,ss,27,2.25,2511.89,477575,-79.2060
rss-mss-xss,ss,ss,ss,27,2.25,3981.07,309474,-73.2023
rss-mss-xss,ss,ss,ss,27,2.25,6309.57,207613,-64.4840
rss-mss-xss,ss,ss,ss,27,2.25,10000,148774,-53.0536
rss-mss-xss,ss,ss,ss,27,2.25,15848.9,117405,-40.4052
rss-mss-xss,ss,ss,ss,27,2.25,25118.9,102252,-29.0982
rss-mss-xss,ss,ss,ss,27,2.25,39810.7,95498.4,-20.9075
rss-mss-xss,ss,ss,ss,27,2.25,63095.7,92529.7,-16.1684
rss-mss-xss,ss,ss,ss,27,2.25,100000,90961.6,-14.5972
rss-mss-xss,ss,ss,ss,27,2.25,158489,89447.8,-16.0209
rss-mss-xss,ss,ss,ss,27,2.25,251189,86765.1,-20.5978
rss-mss-xss,ss,ss,ss,27,2.25,398107,81235.9,-28.6189
rss-mss-xss,ss,ss,ss,27,2.25,630957,71050.7,-39.8021
rss-mss-xss,ss,ss,ss,27,2.25,1e+06,56354.5,-52.4451
rss-mss-xss,ss,ss,ss,27,2.25,1.58489e+06,40549.6,-63.9824
rss-mss-xss,ss,ss,ss,27,2.25,2.51189e+06,27268.5,-72.8405
rss-mss-xss,ss,ss,ss,27,2.25,3.98107e+06,17690.6,-78.9611
rss-mss-xss,ss,ss,ss,27,2.25,6.30957e+06,11291.4,-82.9738
rss-mss-xss,ss,ss,ss,27,2.25,1e+07,7157.7,-85.5426
rss-mss-xss,ss,ss,ss,27,2.25,1.58489e+07,4524.74,-87.1681
rss-mss-xss,ss,ss,ss,27,2.25,2.51189e+07,2857.18,-88.1873
rss-mss-xss,ss,ss,ss,27,2.25,3.98107e+07,1803.51,-88.8174
rss-mss-xss,ss,ss,ss,27,2.25,6.30957e+07,1138.39,-89.1963
rss-mss-xss,ss,ss,ss,27,2.25,1e+08,718.735,-89.4143
rss-mss-xss,ss,ss,ss,27,2.7,100,1.17747e+07,-89.5560
rss-mss-xss,ss,ss,ss,27,2.7,158.489,7.42969e+06,-89.3047
rss-mss-xss,ss,ss,ss,27,2.7,251.189,4.68835e+06,-88.9034
rss-mss-xss,ss,ss,ss,27,2.7,398.107,2.95899e+06,-88.2657
rss-mss-xss,ss,ss,ss,27,2.7,630.957,1.86833e+06,-87.2548
rss-mss-xss,ss,ss,ss,27,2.7,1000,1.18094e+06,-85.6557
rss-mss-xss,ss,ss,ss,27,2.7,1584.89,748456,-83.1364
rss-mss-xss,ss,ss,ss,27,2.7,2511.89,477482,-79.2038
rss-mss-xss,ss,ss,ss,27,2.7,3981.07,309418,-73.1990
rss-mss-xss,ss,ss,ss,27,2.7,6309.57,207579,-64.4794
rss-mss-xss,ss,ss,ss,27,2.7,10000,148755,-53.0480
rss-mss-xss,ss,ss,ss,27,2.7,15848.9,117396,-40.3995
rss-mss-xss,ss,ss,ss,27,2.7,25118.9,102248,-29.0935
rss-mss-xss,ss,ss,ss,27,2.7,39810.7,95496.8,-20.9040
rss-mss-xss,ss,ss,ss,27,2.7,63095.7,92529.2,-16.1662
rss-mss-xss,ss,ss,ss,27,2.7,100000,90961.6,-14.5957
rss-mss-xss,ss,ss,ss,27,2.7,158489,89448,-16.0200
rss-mss-xss,ss,ss,ss,27,2.7,251189,86765.3,-20.5973
rss-mss-xss,ss,ss,ss,27,2.7,398107,81236.1,-28.6186
rss-mss-xss,ss,ss,ss,27,2.7,630957,71050.8,-39.8020
rss-mss-xss,ss,ss,ss,27,2.7,1e+06,56354.6,-52.4451
rss-mss-xss,ss,ss,ss,27,2.7,1.58489e+06,40549.7,-63.9824
rss-mss-xss,ss,ss,ss,27,2.7,2.51189e+06,27268.5,-72.8405
rss-mss-xss,ss,ss,ss,27,2.7,3.98107e+06,17690.6,-78.9611
rss-mss-xss,ss,ss,ss,27,2.7,6.30957e+06,11291.4,-82.9738
rss-mss-xss,ss,ss,ss,27,2.7,1e+07,7157.7,-85.5426
rss-mss-xss,ss,ss,ss,27,2.7,1.58489e+07,4524.74,-87.1681
rss-mss-xss,ss,ss,ss,27,2.7,2.51189e+07,2857.18,-88.1873
rss-mss-xss,ss,ss,ss,27,2.7,3.98107e+07,1803.51,-88.8174
rss-mss-xss,ss,ss,ss,27,2.7,6.30957e+07,1138.39,-89.1963
rss-mss-xss,ss,ss,ss,27,2.7,1e+08,718.735,-89.4143
rss-mss-xss,ss,ss,ss,125,0.3,100,1.2905e+07,-89.5954
rss-mss-xss,ss,ss,ss,125,0.3,158.489,8.14281e+06,-89.3680
rss-mss-xss,ss,ss,ss,125,0.3,251.189,5.13825e+06,-89.0042
rss-mss-xss,ss,ss,ss,125,0.3,398.107,3.24278e+06,-88.4257
rss-mss-xss,ss,ss,ss,125,0.3,630.957,2.04726e+06,-87.5082
rss-mss-xss,ss,ss,ss,125,0.3,1000,1.29364e+06,-86.0562
rss-mss-xss,ss,ss,ss,125,0.3,1584.89,819252,-83.7660
rss-mss-xss,ss,ss,ss,125,0.3,2511.89,521667,-80.1818
rss-mss-xss,ss,ss,ss,125,0.3,3981.07,336565,-74.6750
rss-mss-xss,ss,ss,ss,125,0.3,6309.57,223680,-66.5682
rss-mss-xss,ss,ss,ss,125,0.3,10000,157653,-55.6569
rss-mss-xss,ss,ss,ss,125,0.3,15848.9,121774,-43.0982
rss-mss-xss,ss,ss,ss,125,0.3,25118.9,104085,-31.3766
rss-mss-xss,ss,ss,ss,125,0.3,39810.7,96086.5,-22.5675
rss-mss-xss,ss,ss,ss,125,0.3,63095.7,92569.6,-17.2785
rss-mss-xss,ss,ss,ss,125,0.3,100000,90776.4,-15.3045
rss-mss-xss,ss,ss,ss,125,0.3,158489,89179.5,-16.4530
rss-mss-xss,ss,ss,ss,125,0.3,251189,86482.3,-20.8436
rss-mss-xss,ss,ss,ss,125,0.3,398107,80984,-28.7372
rss-mss-xss,ss,ss,ss,125,0.3,630957,70864.6,-39.8373
rss-mss-xss,ss,ss,ss,125,0.3,1e+06,56242.9,-52.4371
rss-mss-xss,ss,ss,ss,125,0.3,1.58489e+06,40491,-63.9617
rss-mss-xss,ss,ss,ss,125,0.3,2.51189e+06,27237.7,-72.8217
rss-mss-xss,ss,ss,ss,125,0.3,3.98107e+06,17673.3,-78.9475
rss-mss-xss,ss,ss,ss,125,0.3,6.30957e+06,11281.1,-82.9647
rss-mss-xss,ss,ss,ss,125,0.3,1e+07,7151.38,-85.5368
rss-mss-xss,ss,ss,ss,125,0.3,1.58489e+07,4520.79,-87.1644
rss-mss-xss,ss,ss,ss,125,0.3,2.51189e+07,2854.7,-88.1850
rss-mss-xss,ss,ss,ss,125,0.3,3.98107e+07,1801.94,-88.8161
rss-mss-xss,ss,ss,ss,125,0.3,6.30957e+07,1137.4,-89.1956
rss-mss-xss,ss,ss,ss,125,0.3,1e+08,718.11,-89.4140
rss-mss-xss,ss,ss,ss,125,0.9,100,1.19623e+07,-89.5639
rss-mss-xss,ss,ss,ss,125,0.9,158.489,7.54803e+06,-89.3173
rss-mss-xss,ss,ss,ss,125,0.9,251.189,4.763e+06,-88.9235
rss-mss-xss,ss,ss,ss,125,0.9,398.107,3.00608e+06,-88.2975
rss-mss-xss,ss,ss,ss,125,0.9,630.957,1.89801e+06,-87.3051
rss-mss-xss,ss,ss,ss,125,0.9,1000,1.19963e+06,-85.7352
rss-mss-xss,ss,ss,ss,125,0.9,1584.89,760178,-83.2614
rss-mss-xss,ss,ss,ss,125,0.9,2511.89,484773,-79.3976
rss-mss-xss,ss,ss,ss,125,0.9,3981.07,313859,-73.4903
rss-mss-xss,ss,ss,ss,125,0.9,6309.57,210159,-64.8885
rss-mss-xss,ss,ss,ss,125,0.9,10000,150109,-53.5520
rss-mss-xss,ss,ss,ss,125,0.9,15848.9,117976,-40.9115
rss-mss-xss,ss,ss,ss,125,0.9,25118.9,102395,-29.5191
rss-mss-xss,ss,ss,ss,125,0.9,39810.7,95431.5,-21.2096
rss-mss-xss,ss,ss,ss,125,0.9,63095.7,92371.7,-16.3668
rss-mss-xss,ss,ss,ss,125,0.9,100000,90767.8,-14.7188
rss-mss-xss,ss,ss,ss,125,0.9,158489,89244.2,-16.0881
rss-mss-xss,ss,ss,ss,125,0.9,251189,86568.6,-20.6251
rss-mss-xss,ss,ss,ss,125,0.9,398107,81063.9,-28.6161
rss-mss-xss,ss,ss,ss,125,0.9,630957,70920.5,-39.7789
rss-mss-xss,ss,ss,ss,125,0.9,1e+06,56271.3,-52.4142
rss-mss-xss,ss,ss,ss,125,0.9,1.58489e+06,40501.7,-63.9544
rss-mss-xss,ss,ss,ss,125,0.9,2.51189e+06,27241,-72.8198
rss-mss-xss,ss,ss,ss,125,0.9,3.98107e+06,17674.2,-78.9470
rss-mss-xss,ss,ss,ss,125,0.9,6.30957e+06,11281.3,-82.9646
rss-mss-xss,ss,ss,ss,125,0.9,1e+07,7151.44,-85.5368
rss-mss-xss,ss,ss,ss,125,0.9,1.58489e+07,4520.8,-87.1645
rss-mss-xss,ss,ss,ss,125,0.9,2.51189e+07,2854.7,-88.1851
rss-mss-xss,ss,ss,ss,125,0.9,3.98107e+07,1801.94,-88.8161
rss-mss-xss,ss,ss,ss,125,0.9,6.30957e+07,1137.4,-89.1956
rss-mss-xss,ss,ss,ss,125,0.9,1e+08,718.11,-89.4140
rss-mss-xss,ss,ss,ss,125,1.35,100,1.18222e+07,-89.5587
rss-mss-xss,ss,ss,ss,125,1.35,158.489,7.45961e+06,-89.3091
rss-mss-xss,ss,ss,ss,125,1.35,251.189,4.70722e+06,-88.9104
rss-mss-xss,ss,ss,ss,125,1.35,398.107,2.97089e+06,-88.2767
rss-mss-xss,ss,ss,ss,125,1.35,630.957,1.87583e+06,-87.2722
rss-mss-xss,ss,ss,ss,125,1.35,1000,1.18566e+06,-85.6832
rss-mss-xss,ss,ss,ss,125,1.35,1584.89,751402,-83.1796
rss-mss-xss,ss,ss,ss,125,1.35,2511.89,479297,-79.2707
rss-mss-xss,ss,ss,ss,125,1.35,3981.07,310496,-73.2995
rss-mss-xss,ss,ss,ss,125,1.35,6309.57,208166,-64.6203
rss-mss-xss,ss,ss,ss,125,1.35,10000,149006,-53.2210
rss-mss-xss,ss,ss,ss,125,1.35,15848.9,117426,-40.5744
rss-mss-xss,ss,ss,ss,125,1.35,25118.9,102153,-29.2378
rss-mss-xss,ss,ss,ss,125,1.35,39810.7,95338.7,-21.0062
rss-mss-xss,ss,ss,ss,125,1.35,63095.7,92344.3,-16.2309
rss-mss-xss,ss,ss,ss,125,1.35,100000,90767.3,-14.6318
rss-mss-xss,ss,ss,ss,125,1.35,158489,89254.2,-16.0339
rss-mss-xss,ss,ss,ss,125,1.35,251189,86581.6,-20.5927
rss-mss-xss,ss,ss,ss,125,1.35,398107,81075.9,-28.5981
rss-mss-xss,ss,ss,ss,125,1.35,630957,70928.9,-39.7703
rss-mss-xss,ss,ss,ss,125,1.35,1e+06,56275.6,-52.4108
rss-mss-xss,ss,ss,ss,125,1.35,1.58489e+06,40503.3,-63.9533
rss-mss-xss,ss,ss,ss,125,1.35,2.51189e+06,27241.5,-72.8195
rss-mss-xss,ss,ss,ss,125,1.35,3.98107e+06,17674.3,-78.9470
rss-mss-xss,ss,ss,ss,125,1.35,6.30957e+06,11281.3,-82.9646
rss-mss-xss,ss,ss,ss,125,1.35,1e+07,7151.45,-85.5368
rss-mss-xss,ss,ss,ss,125,1.35,1.58489e+07,4520.8,-87.1645
rss-mss-xss,ss,ss,ss,125,1.35,2.51189e+07,2854.7,-88.1851
rss-mss-xss,ss,ss,ss,125,1.35,3.98107e+07,1801.94,-88.8161
rss-mss-xss,ss,ss,ss,125,1.35,6.30957e+07,1137.4,-89.1956
rss-mss-xss,ss,ss,ss,125,1.35,1e+08,718.11,-89.4140
rss-mss-xss,ss,ss,ss,125,1.8,100,1.17862e+07,-89.5574
rss-mss-xss,ss,ss,ss,125,1.8,158.489,7.43689e+06,-89.3069
rss-mss-xss,ss,ss,ss,125,1.8,251.189,4.69289e+06,-88.9069
rss-mss-xss,ss,ss,ss,125,1.8,398.107,2.96185e+06,-88.2713
rss-mss-xss,ss,ss,ss,125,1.8,630.957,1.87013e+06,-87.2636
rss-mss-xss,ss,ss,ss,125,1.8,1000,1.18207e+06,-85.6696
rss-mss-xss,ss,ss,ss,125,1.8,1584.89,749147,-83.1582
rss-mss-xss,ss,ss,ss,125,1.8,2511.89,477890,-79.2376
rss-mss-xss,ss,ss,ss,125,1.8,3981.07,309633,-73.2497
rss-mss-xss,ss,ss,ss,125,1.8,6309.57,207654,-64.5505
rss-mss-xss,ss,ss,ss,125,1.8,10000,148723,-53.1352
rss-mss-xss,ss,ss,ss,125,1.8,15848.9,117286,-40.4873
rss-mss-xss,ss,ss,ss,125,1.8,25118.9,102091,-29.1653
rss-mss-xss,ss,ss,ss,125,1.8,39810.7,95315.1,-20.9539
rss-mss-xss,ss,ss,ss,125,1.8,63095.7,92337.4,-16.1960
rss-mss-xss,ss,ss,ss,125,1.8,100000,90767.2,-14.6094
rss-mss-xss,ss,ss,ss,125,1.8,158489,89256.8,-16.0200
rss-mss-xss,ss,ss,ss,125,1.8,251189,86584.9,-20.5844
rss-mss-xss,ss,ss,ss,125,1.8,398107,81078.9,-28.5935
rss-mss-xss,ss,ss,ss,125,1.8,630957,70931,-39.7681
rss-mss-xss,ss,ss,ss,125,1.8,1e+06,56276.7,-52.4099
rss-mss-xss,ss,ss,ss,125,1.8,1.58489e+06,40503.7,-63.9530
rss-mss-xss,ss,ss,ss,125,1.8,2.51189e+06,27241.6,-72.8194
rss-mss-xss,ss,ss,ss,125,1.8,3.98107e+06,17674.4,-78.9470
rss-mss-xss,ss,ss,ss,125,1.8,6.30957e+06,11281.4,-82.9646
rss-mss-xss,ss,ss,ss,125,1.8,1e+07,7151.45,-85.5368
rss-mss-xss,ss,ss,ss,125,1.8,1.58489e+07,4520.81,-87.1645
rss-mss-xss,ss,ss,ss,125,1.8,2.51189e+07,2854.7,-88.1851
rss-mss-xss,ss,ss,ss,125,1.8,3.98107e+07,1801.94,-88.8161
rss-mss-xss,ss,ss,ss,125,1.8,6.30957e+07,1137.4,-89.1956
rss-mss-xss,ss,ss,ss,125,1.8,1e+08,718.11,-89.4140
rss-mss-xss,ss,ss,ss,125,2.25,100,1.17769e+07,-89.5571
rss-mss-xss,ss,ss,ss,125,2.25,158.489,7.43107e+06,-89.3064
rss-mss-xss,ss,ss,ss,125,2.25,251.189,4.68922e+06,-88.9061
rss-mss-xss,ss,ss,ss,125,2.25,398.107,2.95953e+06,-88.2699
rss-mss-xss,ss,ss,ss,125,2.25,630.957,1.86867e+06,-87.2614
rss-mss-xss,ss,ss,ss,125,2.25,1000,1.18115e+06,-85.6661
rss-mss-xss,ss,ss,ss,125,2.25,1584.89,748569,-83.1527
rss-mss-xss,ss,ss,ss,125,2.25,2511.89,477530,-79.2291
rss-mss-xss,ss,ss,ss,125,2.25,3981.07,309412,-73.2370
rss-mss-xss,ss,ss,ss,125,2.25,6309.57,207523,-64.5326
rss-mss-xss,ss,ss,ss,125,2.25,10000,148651,-53.1131
rss-mss-xss,ss,ss,ss,125,2.25,15848.9,117250,-40.4650
rss-mss-xss,ss,ss,ss,125,2.25,25118.9,102075,-29.1468
rss-mss-xss,ss,ss,ss,125,2.25,39810.7,95309.1,-20.9405
rss-mss-xss,ss,ss,ss,125,2.25,63095.7,92335.6,-16.1870
rss-mss-xss,ss,ss,ss,125,2.25,100000,90767.2,-14.6037
rss-mss-xss,ss,ss,ss,125,2.25,158489,89257.4,-16.0164
rss-mss-xss,ss,ss,ss,125,2.25,251189,86585.8,-20.5823
rss-mss-xss,ss,ss,ss,125,2.25,398107,81079.7,-28.5923
rss-mss-xss,ss,ss,ss,125,2.25,630957,70931.6,-39.7675
rss-mss-xss,ss,ss,ss,125,2.25,1e+06,56276.9,-52.4097
rss-mss-xss,ss,ss,ss,125,2.25,1.58489e+06,40503.8,-63.9530
rss-mss-xss,ss,ss,ss,125,2.25,2.51189e+06,27241.6,-72.8194
rss-mss-xss,ss,ss,ss,125,2.25,3.98107e+06,17674.4,-78.9470
rss-mss-xss,ss,ss,ss,125,2.25,6.30957e+06,11281.4,-82.9646
rss-mss-xss,ss,ss,ss,125,2.25,1e+07,7151.45,-85.5368
rss-mss-xss,ss,ss,ss,125,2.25,1.58489e+07,4520.81,-87.1645
rss-mss-xss,ss,ss,ss,125,2.25,2.51189e+07,2854.7,-88.1851
rss-mss-xss,ss,ss,ss,125,2.25,3.98107e+07,1801.94,-88.8161
rss-mss-xss,ss,ss,ss,125,2.25,6.30957e+07,1137.4,-89.1956
rss-mss-xss,ss,ss,ss,125,2.25,1e+08,718.11,-89.4140
rss-mss-xss,ss,ss,ss,125,2.7,100,1.17746e+07,-89.5570
rss-mss-xss,ss,ss,ss,125,2.7,158.489,7.42959e+06,-89.3062
rss-mss-xss,ss,ss,ss,125,2.7,251.189,4.68828e+06,-88.9058
rss-mss-xss,ss,ss,ss,125,2.7,398.107,2.95894e+06,-88.2695
rss-mss-xss,ss,ss,ss,125,2.7,630.957,1.86829e+06,-87.2608
rss-mss-xss,ss,ss,ss,125,2.7,1000,1.18091e+06,-85.6652
rss-mss-xss,ss,ss,ss,125,2.7,1584.89,748422,-83.1513
rss-mss-xss,ss,ss,ss,125,2.7,2511.89,477438,-79.2270
rss-mss-xss,ss,ss,ss,125,2.7,3981.07,309355,-73.2337
rss-mss-xss,ss,ss,ss,125,2.7,6309.57,207490,-64.5280
rss-mss-xss,ss,ss,ss,125,2.7,10000,148632,-53.1075
rss-mss-xss,ss,ss,ss,125,2.7,15848.9,117241,-40.4593
rss-mss-xss,ss,ss,ss,125,2.7,25118.9,102071,-29.1420
rss-mss-xss,ss,ss,ss,125,2.7,39810.7,95307.5,-20.9370
rss-mss-xss,ss,ss,ss,125,2.7,63095.7,92335.1,-16.1848
rss-mss-xss,ss,ss,ss,125,2.7,100000,90767.2,-14.6022
rss-mss-xss,ss,ss,ss,125,2.7,158489,89257.6,-16.0155
rss-mss-xss,ss,ss,ss,125,2.7,251189,86586,-20.5817
rss-mss-xss,ss,ss,ss,125,2.7,398107,81079.9,-28.5920
rss-mss-xss,ss,ss,ss,125,2.7,630957,70931.7,-39.7673
rss-mss-xss,ss,ss,ss,125,2.7,1e+06,56277,-52.4096
rss-mss-xss,ss,ss,ss,125,2.7,1.58489e+06,40503.8,-63.9529
rss-mss-xss,ss,ss,ss,125,2.7,2.51189e+06,27241.6,-72.8194
rss-mss-xss,ss,ss,ss,125,2.7,3.98107e+06,17674.4,-78.9470
rss-mss-xss,ss,ss,ss,125,2.7,6.30957e+06,11281.4,-82.9646
rss-mss-xss,ss,ss,ss,125,2.7,1e+07,7151.45,-85.5368
rss-mss-xss,ss,ss,ss,125,2.7,1.58489e+07,4520.81,-87.1645
rss-mss-xss,ss,ss,ss,125,2.7,2.51189e+07,2854.7,-88.1851
rss-mss-xss,ss,ss,ss,125,2.7,3.98107e+07,1801.94,-88.8161
rss-mss-xss,ss,ss,ss,125,2.7,6.30957e+07,1137.4,-89.1956
rss-mss-xss,ss,ss,ss,125,2.7,1e+08,718.11,-89.4140
rss-mss-xtyp,ss,ss,typical,-40,0.3,100,1.29263e+07,-89.5903
rss-mss-xtyp,ss,ss,typical,-40,0.3,158.489,8.15628e+06,-89.3598
rss-mss-xtyp,ss,ss,typical,-40,0.3,251.189,5.14676e+06,-88.9912
rss-mss-xtyp,ss,ss,typical,-40,0.3,398.107,3.24817e+06,-88.4051
rss-mss-xtyp,ss,ss,typical,-40,0.3,630.957,2.05069e+06,-87.4756
rss-mss-xtyp,ss,ss,typical,-40,0.3,1000,1.29585e+06,-86.0046
rss-mss-xtyp,ss,ss,typical,-40,0.3,1584.89,820722,-83.6849
rss-mss-xtyp,ss,ss,typical,-40,0.3,2511.89,522711,-80.0553
rss-mss-xtyp,ss,ss,typical,-40,0.3,3981.07,337403,-74.4822
rss-mss-xtyp,ss,ss,typical,-40,0.3,6309.57,224473,-66.2895
rss-mss-xtyp,ss,ss,typical,-40,0.3,10000,158514,-55.2921
rss-mss-xtyp,ss,ss,typical,-40,0.3,15848.9,122753,-42.6829
rss-mss-xtyp,ss,ss,typical,-40,0.3,25118.9,105169,-30.9528
rss-mss-xtyp,ss,ss,typical,-40,0.3,39810.7,97240.7,-22.1323
rss-mss-xtyp,ss,ss,typical,-40,0.3,63095.7,93777.4,-16.7769
rss-mss-xtyp,ss,ss,typical,-40,0.3,100000,92056.8,-14.6448
rss-mss-xtyp,ss,ss,typical,-40,0.3,158489,90608.4,-15.5124
rss-mss-xtyp,ss,ss,typical,-40,0.3,251189,88233.3,-19.4792
rss-mss-xtyp,ss,ss,typical,-40,0.3,398107,83343.3,-26.8490
rss-mss-xtyp,ss,ss,typical,-40,0.3,630957,74030.2,-37.5232
rss-mss-xtyp,ss,ss,typical,-40,0.3,1e+06,59870,-50.0880
rss-mss-xtyp,ss,ss,typical,-40,0.3,1.58489e+06,43795.8,-62.0026
rss-mss-xtyp,ss,ss,typical,-40,0.3,2.51189e+06,29746.4,-71.4034
rss-mss-xtyp,ss,ss,typical,-40,0.3,3.98107e+06,19391.7,-77.9964
rss-mss-xtyp,ss,ss,typical,-40,0.3,6.30957e+06,12403.1,-82.3486
rss-mss-xtyp,ss,ss,typical,-40,0.3,1e+07,7869.29,-85.1430
rss-mss-xtyp,ss,ss,typical,-40,0.3,1.58489e+07,4976.32,-86.9131
rss-mss-xtyp,ss,ss,typical,-40,0.3,2.51189e+07,3142.79,-88.0234
rss-mss-xtyp,ss,ss,typical,-40,0.3,3.98107e+07,1983.93,-88.7097
rss-mss-xtyp,ss,ss,typical,-40,0.3,6.30957e+07,1252.34,-89.1221
rss-mss-xtyp,ss,ss,typical,-40,0.3,1e+08,790.742,-89.3591
rss-mss-xtyp,ss,ss,typical,-40,0.9,100,1.19806e+07,-89.5583
rss-mss-xtyp,ss,ss,typical,-40,0.9,158.489,7.55961e+06,-89.3085
rss-mss-xtyp,ss,ss,typical,-40,0.9,251.189,4.77032e+06,-88.9095
rss-mss-xtyp,ss,ss,typical,-40,0.9,398.107,3.01071e+06,-88.2754
rss-mss-xtyp,ss,ss,typical,-40,0.9,630.957,1.90097e+06,-87.2702
rss-mss-xtyp,ss,ss,typical,-40,0.9,1000,1.20155e+06,-85.6800
rss-mss-xtyp,ss,ss,typical,-40,0.9,1584.89,761467,-83.1745
rss-mss-xtyp,ss,ss,typical,-40,0.9,2511.89,485712,-79.2626
rss-mss-xtyp,ss,ss,typical,-40,0.9,3981.07,314643,-73.2861
rss-mss-xtyp,ss,ss,typical,-40,0.9,6309.57,210933,-64.5974
rss-mss-xtyp,ss,ss,typical,-40,0.9,10000,150971,-53.1799
rss-mss-xtyp,ss,ss,typical,-40,0.9,15848.9,118961,-40.4996
rss-mss-xtyp,ss,ss,typical,-40,0.9,25118.9,103480,-29.1065
rss-mss-xtyp,ss,ss,typical,-40,0.9,39810.7,96582.2,-20.7859
rss-mss-xtyp,ss,ss,typical,-40,0.9,63095.7,93572.9,-15.8736
rss-mss-xtyp,ss,ss,typical,-40,0.9,100000,92040.3,-14.0641
rss-mss-xtyp,ss,ss,typical,-40,0.9,158489,90665.5,-15.1494
rss-mss-xtyp,ss,ss,typical,-40,0.9,251189,88313.6,-19.2602
rss-mss-xtyp,ss,ss,typical,-40,0.9,398107,83420.3,-26.7255
rss-mss-xtyp,ss,ss,typical,-40,0.9,630957,74086.8,-37.4619
rss-mss-xtyp,ss,ss,typical,-40,0.9,1e+06,59900.5,-50.0629
rss-mss-xtyp,ss,ss,typical,-40,0.9,1.58489e+06,43807.8,-61.9943
rss-mss-xtyp,ss,ss,typical,-40,0.9,2.51189e+06,29750.2,-71.4012
rss-mss-xtyp,ss,ss,typical,-40,0.9,3.98107e+06,19392.8,-77.9959
rss-mss-xtyp,ss,ss,typical,-40,0.9,6.30957e+06,12403.4,-82.3486
rss-mss-xtyp,ss,ss,typical,-40,0.9,1e+07,7869.36,-85.1430
rss-mss-xtyp,ss,ss,typical,-40,0.9,1.58489e+07,4976.33,-86.9131
rss-mss-xtyp,ss,ss,typical,-40,0.9,2.51189e+07,3142.8,-88.0234
rss-mss-xtyp,ss,ss,typical,-40,0.9,3.98107e+07,1983.93,-88.7097
rss-mss-xtyp,ss,ss,typical,-40,0.9,6.30957e+07,1252.34,-89.1221
rss-mss-xtyp,ss,ss,typical,-40,0.9,1e+08,790.742,-89.3591
rss-mss-xtyp,ss,ss,typical,-40,1.35,100,1.18401e+07,-89.5531
rss-mss-xtyp,ss,ss,typical,-40,1.35,158.489,7.47092e+06,-89.3002
rss-mss-xtyp,ss,ss,typical,-40,1.35,251.189,4.71437e+06,-88.8963
rss-mss-xtyp,ss,ss,typical,-40,1.35,398.107,2.97542e+06,-88.2544
rss-mss-xtyp,ss,ss,typical,-40,1.35,630.957,1.87872e+06,-87.2368
rss-mss-xtyp,ss,ss,typical,-40,1.35,1000,1.18753e+06,-85.6274
rss-mss-xtyp,ss,ss,typical,-40,1.35,1584.89,752666,-83.0918
rss-mss-xtyp,ss,ss,typical,-40,1.35,2511.89,480221,-79.1344
rss-mss-xtyp,ss,ss,typical,-40,1.35,3981.07,311272,-73.0934
rss-mss-xtyp,ss,ss,typical,-40,1.35,6309.57,208937,-64.3272
rss-mss-xtyp,ss,ss,typical,-40,1.35,10000,149868,-52.8479
rss-mss-xtyp,ss,ss,typical,-40,1.35,15848.9,118412,-40.1633
rss-mss-xtyp,ss,ss,typical,-40,1.35,25118.9,103239,-28.8269
rss-mss-xtyp,ss,ss,typical,-40,1.35,39810.7,96488.9,-20.5843
rss-mss-xtyp,ss,ss,typical,-40,1.35,63095.7,93544.5,-15.7391
rss-mss-xtyp,ss,ss,typical,-40,1.35,100000,92038.6,-13.9777
rss-mss-xtyp,ss,ss,typical,-40,1.35,158489,90674.3,-15.0955
rss-mss-xtyp,ss,ss,typical,-40,1.35,251189,88325.7,-19.2277
rss-mss-xtyp,ss,ss,typical,-40,1.35,398107,83431.8,-26.7071
rss-mss-xtyp,ss,ss,typical,-40,1.35,630957,74095.3,-37.4528
rss-mss-xtyp,ss,ss,typical,-40,1.35,1e+06,59905,-50.0592
rss-mss-xtyp,ss,ss,typical,-40,1.35,1.58489e+06,43809.6,-61.9931
rss-mss-xtyp,ss,ss,typical,-40,1.35,2.51189e+06,29750.8,-71.4008
rss-mss-xtyp,ss,ss,typical,-40,1.35,3.98107e+06,19392.9,-77.9958
rss-mss-xtyp,ss,ss,typical,-40,1.35,6.30957e+06,12403.5,-82.3486
rss-mss-xtyp,ss,ss,typical,-40,1.35,1e+07,7869.37,-85.1430
rss-mss-xtyp,ss,ss,typical,-40,1.35,1.58489e+07,4976.33,-86.9132
rss-mss-xtyp,ss,ss,typical,-40,1.35,2.51189e+07,3142.8,-88.0234
rss-mss-xtyp,ss,ss,typical,-40,1.35,3.98107e+07,1983.93,-88.7097
rss-mss-xtyp,ss,ss,typical,-40,1.35,6.30957e+07,1252.34,-89.1221
rss-mss-xtyp,ss,ss,typical,-40,1.35,1e+08,790.742,-89.3591
rss-mss-xtyp,ss,ss,typical,-40,1.8,100,1.1804e+07,-89.5518
rss-mss-xtyp,ss,ss,typical,-40,1.8,158.489,7.44813e+06,-89.2980
rss-mss-xtyp,ss,ss,typical,-40,1.8,251.189,4.69999e+06,-88.8928
rss-mss-xtyp,ss,ss,typical,-40,1.8,398.107,2.96635e+06,-88.2489
rss-mss-xtyp,ss,ss,typical,-40,1.8,630.957,1.873e+06,-87.2282
rss-mss-xtyp,ss,ss,typical,-40,1.8,1000,1.18393e+06,-85.6136
rss-mss-xtyp,ss,ss,typical,-40,1.8,1584.89,750404,-83.0703
rss-mss-xtyp,ss,ss,typical,-40,1.8,2511.89,478810,-79.1010
rss-mss-xtyp,ss,ss,typical,-40,1.8,3981.07,310407,-73.0432
rss-mss-xtyp,ss,ss,typical,-40,1.8,6309.57,208425,-64.2569
rss-mss-xtyp,ss,ss,typical,-40,1.8,10000,149586,-52.7618
rss-mss-xtyp,ss,ss,typical,-40,1.8,15848.9,118272,-40.0764
rss-mss-xtyp,ss,ss,typical,-40,1.8,25118.9,103177,-28.7549
rss-mss-xtyp,ss,ss,typical,-40,1.8,39810.7,96465.1,-20.5324
rss-mss-xtyp,ss,ss,typical,-40,1.8,63095.7,93537.3,-15.7045
rss-mss-xtyp,ss,ss,typical,-40,1.8,100000,92038.3,-13.9555
rss-mss-xtyp,ss,ss,typical,-40,1.8,158489,90676.6,-15.0816
rss-mss-xtyp,ss,ss,typical,-40,1.8,251189,88328.8,-19.2193
rss-mss-xtyp,ss,ss,typical,-40,1.8,398107,83434.8,-26.7024
rss-mss-xtyp,ss,ss,typical,-40,1.8,630957,74097.4,-37.4504
rss-mss-xtyp,ss,ss,typical,-40,1.8,1e+06,59906.2,-50.0582
rss-mss-xtyp,ss,ss,typical,-40,1.8,1.58489e+06,43810.1,-61.9928
rss-mss-xtyp,ss,ss,typical,-40,1.8,2.51189e+06,29750.9,-71.4007
rss-mss-xtyp,ss,ss,typical,-40,1.8,3.98107e+06,19393,-77.9958
rss-mss-xtyp,ss,ss,typical,-40,1.8,6.30957e+06,12403.5,-82.3486
rss-mss-xtyp,ss,ss,typical,-40,1.8,1e+07,7869.37,-85.1430
rss-mss-xtyp,ss,ss,typical,-40,1.8,1.58489e+07,4976.34,-86.9132
rss-mss-xtyp,ss,ss,typical,-40,1.8,2.51189e+07,3142.8,-88.0234
rss-mss-xtyp,ss,ss,typical,-40,1.8,3.98107e+07,1983.93,-88.7097
rss-mss-xtyp,ss,ss,typical,-40,1.8,6.30957e+07,1252.34,-89.1221
rss-mss-xtyp,ss,ss,typical,-40,1.8,1e+08,790.742,-89.3591
rss-mss-xtyp,ss,ss,typical,-40,2.25,100,1.17947e+07,-89.5514
rss-mss-xtyp,ss,ss,typical,-40,2.25,158.489,7.4423e+06,-89.2975
rss-mss-xtyp,ss,ss,typical,-40,2.25,251.189,4.69631e+06,-88.8919
rss-mss-xtyp,ss,ss,typical,-40,2.25,398.107,2.96403e+06,-88.2475
rss-mss-xtyp,ss,ss,typical,-40,2.25,630.957,1.87154e+06,-87.2259
rss-mss-xtyp,ss,ss,typical,-40,2.25,1000,1.18301e+06,-85.6101
rss-mss-xtyp,ss,ss,typical,-40,2.25,1584.89,749825,-83.0647
rss-mss-xtyp,ss,ss,typical,-40,2.25,2511.89,478449,-79.0924
rss-mss-xtyp,ss,ss,typical,-40,2.25,3981.07,310185,-73.0303
rss-mss-xtyp,ss,ss,typical,-40,2.25,6309.57,208294,-64.2389
rss-mss-xtyp,ss,ss,typical,-40,2.25,10000,149513,-52.7397
rss-mss-xtyp,ss,ss,typical,-40,2.25,15848.9,118236,-40.0541
rss-mss-xtyp,ss,ss,typical,-40,2.25,25118.9,103161,-28.7364
rss-mss-xtyp,ss,ss,typical,-40,2.25,39810.7,96459.1,-20.5191
rss-mss-xtyp,ss,ss,typical,-40,2.25,63095.7,93535.4,-15.6956
rss-mss-xtyp,ss,ss,typical,-40,2.25,100000,92038.2,-13.9499
rss-mss-xtyp,ss,ss,typical,-40,2.25,158489,90677.1,-15.0781
rss-mss-xtyp,ss,ss,typical,-40,2.25,251189,88329.6,-19.2172
rss-mss-xtyp,ss,ss,typical,-40,2.25,398107,83435.5,-26.7012
rss-mss-xtyp,ss,ss,typical,-40,2.25,630957,74098,-37.4498
rss-mss-xtyp,ss,ss,typical,-40,2.25,1e+06,59906.4,-50.0580
rss-mss-xtyp,ss,ss,typical,-40,2.25,1.58489e+06,43810.2,-61.9927
rss-mss-xtyp,ss,ss,typical,-40,2.25,2.51189e+06,29750.9,-71.4007
rss-mss-xtyp,ss,ss,typical,-40,2.25,3.98107e+06,19393,-77.9958
rss-mss-xtyp,ss,ss,typical,-40,2.25,6.30957e+06,12403.5,-82.3486
rss-mss-xtyp,ss,ss,typical,-40,2.25,1e+07,7869.37,-85.1430
rss-mss-xtyp,ss,ss,typical,-40,2.25,1.58489e+07,4976.34,-86.9132
rss-mss-xtyp,ss,ss,typical,-40,2.25,2.51189e+07,3142.8,-88.0234
rss-mss-xtyp,ss,ss,typical,-40,2.25,3.98107e+07,1983.93,-88.7097
rss-mss-xtyp,ss,ss,typical,-40,2.25,6.30957e+07,1252.34,-89.1221
rss-mss-xtyp,ss,ss,typical,-40,2.25,1e+08,790.742,-89.3591
rss-mss-xtyp,ss,ss,typical,-40,2.7,100,1.17923e+07,-89.5513
rss-mss-xtyp,ss,ss,typical,-40,2.7,158.489,7.4408e+06,-89.2973
rss-mss-xtyp,ss,ss,typical,-40,2.7,251.189,4.69537e+06,-88.8917
rss-mss-xtyp,ss,ss,typical,-40,2.7,398.107,2.96344e+06,-88.2471
rss-mss-xtyp,ss,ss,typical,-40,2.7,630.957,1.87116e+06,-87.2253
rss-mss-xtyp,ss,ss,typical,-40,2.7,1000,1.18277e+06,-85.6092
rss-mss-xtyp,ss,ss,typical,-40,2.7,1584.89,749677,-83.0633
rss-mss-xtyp,ss,ss,typical,-40,2.7,2511.89,478357,-79.0902
rss-mss-xtyp,ss,ss,typical,-40,2.7,3981.07,310129,-73.0270
rss-mss-xtyp,ss,ss,typical,-40,2.7,6309.57,208260,-64.2342
rss-mss-xtyp,ss,ss,typical,-40,2.7,10000,149495,-52.7340
rss-mss-xtyp,ss,ss,typical,-40,2.7,15848.9,118227,-40.0484
rss-mss-xtyp,ss,ss,typical,-40,2.7,25118.9,103157,-28.7317
rss-mss-xtyp,ss,ss,typical,-40,2.7,39810.7,96457.5,-20.5157
rss-mss-xtyp,ss,ss,typical,-40,2.7,63095.7,93534.9,-15.6933
rss-mss-xtyp,ss,ss,typical,-40,2.7,100000,92038.1,-13.9484
rss-mss-xtyp,ss,ss,typical,-40,2.7,158489,90677.3,-15.0771
rss-mss-xtyp,ss,ss,typical,-40,2.7,251189,88329.8,-19.2166
rss-mss-xtyp,ss,ss,typical,-40,2.7,398107,83435.7,-26.7009
rss-mss-xtyp,ss,ss,typical,-40,2.7,630957,74098.1,-37.4497
rss-mss-xtyp,ss,ss,typical,-40,2.7,1e+06,59906.5,-50.0579
rss-mss-xtyp,ss,ss,typical,-40,2.7,1.58489e+06,43810.2,-61.9927
rss-mss-xtyp,ss,ss,typical,-40,2.7,2.51189e+06,29750.9,-71.4007
rss-mss-xtyp,ss,ss,typical,-40,2.7,3.98107e+06,19393,-77.9958
rss-mss-xtyp,ss,ss,typical,-40,2.7,6.30957e+06,12403.5,-82.3486
rss-mss-xtyp,ss,ss,typical,-40,2.7,1e+07,7869.37,-85.1430
rss-mss-xtyp,ss,ss,typical,-40,2.7,1.58489e+07,4976.34,-86.9132
rss-mss-xtyp,ss,ss,typical,-40,2.7,2.51189e+07,3142.8,-88.0234
rss-mss-xtyp,ss,ss,typical,-40,2.7,3.98107e+07,1983.93,-88.7097
rss-mss-xtyp,ss,ss,typical,-40,2.7,6.30957e+07,1252.34,-89.1221
rss-mss-xtyp,ss,ss,typical,-40,2.7,1e+08,790.742,-89.3591
rss-mss-xtyp,ss,ss,typical,27,0.3,100,1.29261e+07,-89.5939
rss-mss-xtyp,ss,ss,typical,27,0.3,158.489,8.15611e+06,-89.3656
rss-mss-xtyp,ss,ss,typical,27,0.3,251.189,5.14664e+06,-89.0004
rss-mss-xtyp,ss,ss,typical,27,0.3,398.107,3.24808e+06,-88.4197
rss-mss-xtyp,ss,ss,typical,27,0.3,630.957,2.05061e+06,-87.4987
rss-mss-xtyp,ss,ss,typical,27,0.3,1000,1.29577e+06,-86.0411
rss-mss-xtyp,ss,ss,typical,27,0.3,1584.89,820613,-83.7423
rss-mss-xtyp,ss,ss,typical,27,0.3,2511.89,522554,-80.1446
rss-mss-xtyp,ss,ss,typical,27,0.3,3981.07,337169,-74.6174
rss-mss-xtyp,ss,ss,typical,27,0.3,6309.57,224127,-66.4820
rss-mss-xtyp,ss,ss,typical,27,0.3,10000,158026,-55.5350
rss-mss-xtyp,ss,ss,typical,27,0.3,15848.9,122125,-42.9361
rss-mss-xtyp,ss,ss,typical,27,0.3,25118.9,104436,-31.1647
rss-mss-xtyp,ss,ss,typical,27,0.3,39810.7,96450.2,-22.2774
rss-mss-xtyp,ss,ss,typical,27,0.3,63095.7,92962.4,-16.8560
rss-mss-xtyp,ss,ss,typical,27,0.3,100000,91238.8,-14.6654
rss-mss-xtyp,ss,ss,typical,27,0.3,158489,89807.6,-15.4776
rss-mss-xtyp,ss,ss,typical,27,0.3,251189,87481.4,-19.3858
rss-mss-xtyp,ss,ss,typical,27,0.3,398107,82696,-26.6933
rss-mss-xtyp,ss,ss,typical,27,0.3,630957,73556.5,-37.3164
rss-mss-xtyp,ss,ss,typical,27,0.3,1e+06,59593.9,-49.8683
rss-mss-xtyp,ss,ss,typical,27,0.3,1.58489e+06,43663.1,-61.8144
rss-mss-xtyp,ss,ss,typical,27,0.3,2.51189e+06,29685.6,-71.2652
rss-mss-xtyp,ss,ss,typical,27,0.3,3.98107e+06,19361.5,-77.9032
rss-mss-xtyp,ss,ss,typical,27,0.3,6.30957e+06,12386.5,-82.2882
rss-mss-xtyp,ss,ss,typical,27,0.3,1e+07,7859.4,-85.1045
rss-mss-xtyp,ss,ss,typical,27,0.3,1.58489e+07,4970.24,-86.8889
rss-mss-xtyp,ss,ss,typical,27,0.3,2.51189e+07,3139,-88.0084
rss-mss-xtyp,ss,ss,typical,27,0.3,3.98107e+07,1981.54,-88.7006
rss-mss-xtyp,ss,ss,typical,27,0.3,6.30957e+07,1250.83,-89.1169
rss-mss-xtyp,ss,ss,typical,27,0.3,1e+08,789.779,-89.3564
rss-mss-xtyp,ss,ss,typical,27,0.9,100,1.19804e+07,-89.5623
rss-mss-xtyp,ss,ss,typical,27,0.9,158.489,7.55946e+06,-89.3148
rss-mss-xtyp,ss,ss,typical,27,0.9,251.189,4.77022e+06,-88.9195
rss-mss-xtyp,ss,ss,typical,27,0.9,398.107,3.01063e+06,-88.2912
rss-mss-xtyp,ss,ss,typical,27,0.9,630.957,1.90089e+06,-87.2951
rss-mss-xtyp,ss,ss,typical,27,0.9,1000,1.20146e+06,-85.7195
rss-mss-xtyp,ss,ss,typical,27,0.9,1584.89,761353,-83.2365
rss-mss-xtyp,ss,ss,typical,27,0.9,2511.89,485545,-79.3587
rss-mss-xtyp,ss,ss,typical,27,0.9,3981.07,314392,-73.4305
rss-mss-xtyp,ss,ss,typical,27,0.9,6309.57,210564,-64.7999
rss-mss-xtyp,ss,ss,typical,27,0.9,10000,150458,-53.4286
rss-mss-xtyp,ss,ss,typical,27,0.9,15848.9,118311,-40.7498
rss-mss-xtyp,ss,ss,typical,27,0.9,25118.9,102734,-29.3090
rss-mss-xtyp,ss,ss,typical,27,0.9,39810.7,95784.4,-20.9212
rss-mss-xtyp,ss,ss,typical,27,0.9,63095.7,92754.2,-15.9451
rss-mss-xtyp,ss,ss,typical,27,0.9,100000,91220.3,-14.0794
rss-mss-xtyp,ss,ss,typical,27,0.9,158489,89863.4,-15.1111
rss-mss-xtyp,ss,ss,typical,27,0.9,251189,87560.9,-19.1644
rss-mss-xtyp,ss,ss,typical,27,0.9,398107,82772.7,-26.5682
rss-mss-xtyp,ss,ss,typical,27,0.9,630957,73613.1,-37.2541
rss-mss-xtyp,ss,ss,typical,27,0.9,1e+06,59624.6,-49.8427
rss-mss-xtyp,ss,ss,typical,27,0.9,1.58489e+06,43675.3,-61.8059
rss-mss-xtyp,ss,ss,typical,27,0.9,2.51189e+06,29689.5,-71.2629
rss-mss-xtyp,ss,ss,typical,27,0.9,3.98107e+06,19362.6,-77.9027
rss-mss-xtyp,ss,ss,typical,27,0.9,6.30957e+06,12386.7,-82.2881
rss-mss-xtyp,ss,ss,typical,27,0.9,1e+07,7859.47,-85.1045
rss-mss-xtyp,ss,ss,typical,27,0.9,1.58489e+07,4970.25,-86.8890
rss-mss-xtyp,ss,ss,typical,27,0.9,2.51189e+07,3139,-88.0084
rss-mss-xtyp,ss,ss,typical,27,0.9,3.98107e+07,1981.54,-88.7006
rss-mss-xtyp,ss,ss,typical,27,0.9,6.30957e+07,1250.83,-89.1169
rss-mss-xtyp,ss,ss,typical,27,0.9,1e+08,789.779,-89.3564
rss-mss-xtyp,ss,ss,typical,27,1.35,100,1.18399e+07,-89.5571
rss-mss-xtyp,ss,ss,typical,27,1.35,158.489,7.47078e+06,-89.3065
rss-mss-xtyp,ss,ss,typical,27,1.35,251.189,4.71427e+06,-88.9063
rss-mss-xtyp,ss,ss,typical,27,1.35,398.107,2.97534e+06,-88.2704
rss-mss-xtyp,ss,ss,typical,27,1.35,630.957,1.87864e+06,-87.2621
rss-mss-xtyp,ss,ss,typical,27,1.35,1000,1.18745e+06,-85.6673
rss-mss-xtyp,ss,ss,typical,27,1.35,1584.89,752550,-83.1545
rss-mss-xtyp,ss,ss,typical,27,1.35,2511.89,480052,-79.2315
rss-mss-xtyp,ss,ss,typical,27,1.35,3981.07,311020,-73.2393
rss-mss-xtyp,ss,ss,typical,27,1.35,6309.57,208565,-64.5313
rss-mss-xtyp,ss,ss,typical,27,1.35,10000,149352,-53.0973
rss-mss-xtyp,ss,ss,typical,27,1.35,15848.9,117759,-40.4129
rss-mss-xtyp,ss,ss,typical,27,1.35,25118.9,102490,-29.0280
rss-mss-xtyp,ss,ss,typical,27,1.35,39810.7,95690,-20.7180
rss-mss-xtyp,ss,ss,typical,27,1.35,63095.7,92725.3,-15.8093
rss-mss-xtyp,ss,ss,typical,27,1.35,100000,91218.4,-13.9923
rss-mss-xtyp,ss,ss,typical,27,1.35,158489,89872,-15.0566
rss-mss-xtyp,ss,ss,typical,27,1.35,251189,87572.9,-19.1315
rss-mss-xtyp,ss,ss,typical,27,1.35,398107,82784.1,-26.5496
rss-mss-xtyp,ss,ss,typical,27,1.35,630957,73621.5,-37.2449
rss-mss-xtyp,ss,ss,typical,27,1.35,1e+06,59629.1,-49.8389
rss-mss-xtyp,ss,ss,typical,27,1.35,1.58489e+06,43677.1,-61.8047
rss-mss-xtyp,ss,ss,typical,27,1.35,2.51189e+06,29690,-71.2625
rss-mss-xtyp,ss,ss,typical,27,1.35,3.98107e+06,19362.7,-77.9026
rss-mss-xtyp,ss,ss,typical,27,1.35,6.30957e+06,12386.8,-82.2881
rss-mss-xtyp,ss,ss,typical,27,1.35,1e+07,7859.48,-85.1046
rss-mss-xtyp,ss,ss,typical,27,1.35,1.58489e+07,4970.26,-86.8890
rss-mss-xtyp,ss,ss,typical,27,1.35,2.51189e+07,3139,-88.0084
rss-mss-xtyp,ss,ss,typical,27,1.35,3.98107e+07,1981.54,-88.7006
rss-mss-xtyp,ss,ss,typical,27,1.35,6.30957e+07,1250.83,-89.1169
rss-mss-xtyp,ss,ss,typical,27,1.35,1e+08,789.779,-89.3564
rss-mss-xtyp,ss,ss,typical,27,1.8,100,1.18037e+07,-89.5558
rss-mss-xtyp,ss,ss,typical,27,1.8,158.489,7.44799e+06,-89.3044
rss-mss-xtyp,ss,ss,typical,27,1.8,251.189,4.69989e+06,-88.9029
rss-mss-xtyp,ss,ss,typical,27,1.8,398.107,2.96627e+06,-88.2649
rss-mss-xtyp,ss,ss,typical,27,1.8,630.957,1.87292e+06,-87.2535
rss-mss-xtyp,ss,ss,typical,27,1.8,1000,1.18384e+06,-85.6537
rss-mss-xtyp,ss,ss,typical,27,1.8,1584.89,750288,-83.1331
rss-mss-xtyp,ss,ss,typical,27,1.8,2511.89,478641,-79.1984
rss-mss-xtyp,ss,ss,typical,27,1.8,3981.07,310153,-73.1895
rss-mss-xtyp,ss,ss,typical,27,1.8,6309.57,208052,-64.4614
rss-mss-xtyp,ss,ss,typical,27,1.8,10000,149068,-53.0114
rss-mss-xtyp,ss,ss,typical,27,1.8,15848.9,117618,-40.3258
rss-mss-xtyp,ss,ss,typical,27,1.8,25118.9,102428,-28.9556
rss-mss-xtyp,ss,ss,typical,27,1.8,39810.7,95666,-20.6657
rss-mss-xtyp,ss,ss,typical,27,1.8,63095.7,92717.9,-15.7744
rss-mss-xtyp,ss,ss,typical,27,1.8,100000,91217.9,-13.9699
rss-mss-xtyp,ss,ss,typical,27,1.8,158489,89874.2,-15.0426
rss-mss-xtyp,ss,ss,typical,27,1.8,251189,87576,-19.1231
rss-mss-xtyp,ss,ss,typical,27,1.8,398107,82787,-26.5449
rss-mss-xtyp,ss,ss,typical,27,1.8,630957,73623.7,-37.2425
rss-mss-xtyp,ss,ss,typical,27,1.8,1e+06,59630.3,-49.8380
rss-mss-xtyp,ss,ss,typical,27,1.8,1.58489e+06,43677.6,-61.8043
rss-mss-xtyp,ss,ss,typical,27,1.8,2.51189e+06,29690.2,-71.2624
rss-mss-xtyp,ss,ss,typical,27,1.8,3.98107e+06,19362.8,-77.9026
rss-mss-xtyp,ss,ss,typical,27,1.8,6.30957e+06,12386.8,-82.2881
rss-mss-xtyp,ss,ss,typical,27,1.8,1e+07,7859.48,-85.1046
rss-mss-xtyp,ss,ss,typical,27,1.8,1.58489e+07,4970.26,-86.8890
rss-mss-xtyp,ss,ss,typical,27,1.8,2.51189e+07,3139,-88.0084
rss-mss-xtyp,ss,ss,typical,27,1.8,3.98107e+07,1981.54,-88.7006
rss-mss-xtyp,ss,ss,typical,27,1.8,6.30957e+07,1250.83,-89.1169
rss-mss-xtyp,ss,ss,typical,27,1.8,1e+08,789.779,-89.3564
rss-mss-xtyp,ss,ss,typical,27,2.25,100,1.17945e+07,-89.5555
rss-mss-xtyp,ss,ss,typical,27,2.25,158.489,7.44215e+06,-89.3038
rss-mss-xtyp,ss,ss,typical,27,2.25,251.189,4.69621e+06,-88.9020
rss-mss-xtyp,ss,ss,typical,27,2.25,398.107,2.96395e+06,-88.2635
rss-mss-xtyp,ss,ss,typical,27,2.25,630.957,1.87146e+06,-87.2513
rss-mss-xtyp,ss,ss,typical,27,2.25,1000,1.18292e+06,-85.6502
rss-mss-xtyp,ss,ss,typical,27,2.25,1584.89,749709,-83.1277
rss-mss-xtyp,ss,ss,typical,27,2.25,2511.89,478280,-79.1899
rss-mss-xtyp,ss,ss,typical,27,2.25,3981.07,309932,-73.1767
rss-mss-xtyp,ss,ss,typical,27,2.25,6309.57,207920,-64.4434
rss-mss-xtyp,ss,ss,typical,27,2.25,10000,148996,-52.9894
rss-mss-xtyp,ss,ss,typical,27,2.25,15848.9,117582,-40.3035
rss-mss-xtyp,ss,ss,typical,27,2.25,25118.9,102412,-28.9370
rss-mss-xtyp,ss,ss,typical,27,2.25,39810.7,95659.9,-20.6523
rss-mss-xtyp,ss,ss,typical,27,2.25,63095.7,92716.1,-15.7655
rss-mss-xtyp,ss,ss,typical,27,2.25,100000,91217.8,-13.9642
rss-mss-xtyp,ss,ss,typical,27,2.25,158489,89874.8,-15.0391
rss-mss-xtyp,ss,ss,typical,27,2.25,251189,87576.7,-19.1209
rss-mss-xtyp,ss,ss,typical,27,2.25,398107,82787.8,-26.5436
rss-mss-xtyp,ss,ss,typical,27,2.25,630957,73624.2,-37.2419
rss-mss-xtyp,ss,ss,typical,27,2.25,1e+06,59630.6,-49.8377
rss-mss-xtyp,ss,ss,typical,27,2.25,1.58489e+06,43677.7,-61.8043
rss-mss-xtyp,ss,ss,typical,27,2.25,2.51189e+06,29690.2,-71.2624
rss-mss-xtyp,ss,ss,typical,27,2.25,3.98107e+06,19362.8,-77.9026
rss-mss-xtyp,ss,ss,typical,27,2.25,6.30957e+06,12386.8,-82.2881
rss-mss-xtyp,ss,ss,typical,27,2.25,1e+07,7859.49,-85.1046
rss-mss-xtyp,ss,ss,typical,27,2.25,1.58489e+07,4970.26,-86.8890
rss-mss-xtyp,ss,ss,typical,27,2.25,2.51189e+07,3139,-88.0084
rss-mss-xtyp,ss,ss,typical,27,2.25,3.98107e+07,1981.54,-88.7006
rss-mss-xtyp,ss,ss,typical,27,2.25,6.30957e+07,1250.83,-89.1169
rss-mss-xtyp,ss,ss,typical,27,2.25,1e+08,789.779,-89.3564
rss-mss-xtyp,ss,ss,typical,27,2.7,100,1.17921e+07,-89.5554
rss-mss-xtyp,ss,ss,typical,27,2.7,158.489,7.44066e+06,-89.3037
rss-mss-xtyp,ss,ss,typical,27,2.7,251.189,4.69527e+06,-88.9018
rss-mss-xtyp,ss,ss,typical,27,2.7,398.107,2.96336e+06,-88.2632
rss-mss-xtyp,ss,ss,typical,27,2.7,630.957,1.87109e+06,-87.2507
rss-mss-xtyp,ss,ss,typical,27,2.7,1000,1.18269e+06,-85.6493
rss-mss-xtyp,ss,ss,typical,27,2.7,1584.89,749561,-83.1262
rss-mss-xtyp,ss,ss,typical,27,2.7,2511.89,478188,-79.1877
rss-mss-xtyp,ss,ss,typical,27,2.7,3981.07,309875,-73.1734
rss-mss-xtyp,ss,ss,typical,27,2.7,6309.57,207887,-64.4389
rss-mss-xtyp,ss,ss,typical,27,2.7,10000,148977,-52.9837
rss-mss-xtyp,ss,ss,typical,27,2.7,15848.9,117573,-40.2977
rss-mss-xtyp,ss,ss,typical,27,2.7,25118.9,102408,-28.9323
rss-mss-xtyp,ss,ss,typical,27,2.7,39810.7,95658.3,-20.6489
rss-mss-xtyp,ss,ss,typical,27,2.7,63095.7,92715.6,-15.7632
rss-mss-xtyp,ss,ss,typical,27,2.7,100000,91217.8,-13.9627
rss-mss-xtyp,ss,ss,typical,27,2.7,158489,89875,-15.0381
rss-mss-xtyp,ss,ss,typical,27,2.7,251189,87576.9,-19.1204
rss-mss-xtyp,ss,ss,typical,27,2.7,398107,82788,-26.5433
rss-mss-xtyp,ss,ss,typical,27,2.7,630957,73624.4,-37.2417
rss-mss-xtyp,ss,ss,typical,27,2.7,1e+06,59630.7,-49.8377
rss-mss-xtyp,ss,ss,typical,27,2.7,1.58489e+06,43677.7,-61.8042
rss-mss-xtyp,ss,ss,typical,27,2.7,2.51189e+06,29690.2,-71.2624
rss-mss-xtyp,ss,ss,typical,27,2.7,3.98107e+06,19362.8,-77.9026
rss-mss-xtyp,ss,ss,typical,27,2.7,6.30957e+06,12386.8,-82.2881
rss-mss-xtyp,ss,ss,typical,27,2.7,1e+07,7859.49,-85.1046
rss-mss-xtyp,ss,ss,typical,27,2.7,1.58489e+07,4970.26,-86.8890
rss-mss-xtyp,ss,ss,typical,27,2.7,2.51189e+07,3139,-88.0084
rss-mss-xtyp,ss,ss,typical,27,2.7,3.98107e+07,1981.54,-88.7006
rss-mss-xtyp,ss,ss,typical,27,2.7,6.30957e+07,1250.83,-89.1169
rss-mss-xtyp,ss,ss,typical,27,2.7,1e+08,789.779,-89.3564
rss-mss-xtyp,ss,ss,typical,125,0.3,100,1.29259e+07,-89.5948
rss-mss-xtyp,ss,ss,typical,125,0.3,158.489,8.156e+06,-89.3670
rss-mss-xtyp,ss,ss,typical,125,0.3,251.189,5.14657e+06,-89.0026
rss-mss-xtyp,ss,ss,typical,125,0.3,398.107,3.24803e+06,-88.4231
rss-mss-xtyp,ss,ss,typical,125,0.3,630.957,2.05057e+06,-87.5042
rss-mss-xtyp,ss,ss,typical,125,0.3,1000,1.29574e+06,-86.0498
rss-mss-xtyp,ss,ss,typical,125,0.3,1584.89,820579,-83.7559
rss-mss-xtyp,ss,ss,typical,125,0.3,2511.89,522512,-80.1658
rss-mss-xtyp,ss,ss,typical,125,0.3,3981.07,337111,-74.6495
rss-mss-xtyp,ss,ss,typical,125,0.3,6309.57,224043,-66.5278
rss-mss-xtyp,ss,ss,typical,125,0.3,10000,157910,-55.5930
rss-mss-xtyp,ss,ss,typical,125,0.3,15848.9,121976,-42.9969
rss-mss-xtyp,ss,ss,typical,125,0.3,25118.9,104262,-31.2161
rss-mss-xtyp,ss,ss,typical,125,0.3,39810.7,96262.6,-22.3135
rss-mss-xtyp,ss,ss,typical,125,0.3,63095.7,92768.9,-16.8773
rss-mss-xtyp,ss,ss,typical,125,0.3,100000,91044.2,-14.6742
rss-mss-xtyp,ss,ss,typical,125,0.3,158489,89615.9,-15.4752
rss-mss-xtyp,ss,ss,typical,125,0.3,251189,87299.1,-19.3724
rss-mss-xtyp,ss,ss,typical,125,0.3,398107,82533.9,-26.6688
rss-mss-xtyp,ss,ss,typical,125,0.3,630957,73429,-37.2829
rss-mss-xtyp,ss,ss,typical,125,0.3,1e+06,59508.4,-49.8323
rss-mss-xtyp,ss,ss,typical,125,0.3,1.58489e+06,43612,-61.7834
rss-mss-xtyp,ss,ss,typical,125,0.3,2.51189e+06,29655.8,-71.2424
rss-mss-xtyp,ss,ss,typical,125,0.3,3.98107e+06,19343.6,-77.8878
rss-mss-xtyp,ss,ss,typical,125,0.3,6.30957e+06,12375.5,-82.2782
rss-mss-xtyp,ss,ss,typical,125,0.3,1e+07,7852.53,-85.0982
rss-mss-xtyp,ss,ss,typical,125,0.3,1.58489e+07,4965.92,-86.8850
rss-mss-xtyp,ss,ss,typical,125,0.3,2.51189e+07,3136.28,-88.0059
rss-mss-xtyp,ss,ss,typical,125,0.3,3.98107e+07,1979.82,-88.6992
rss-mss-xtyp,ss,ss,typical,125,0.3,6.30957e+07,1249.74,-89.1161
rss-mss-xtyp,ss,ss,typical,125,0.3,1e+08,789.093,-89.3561
rss-mss-xtyp,ss,ss,typical,125,0.9,100,1.19803e+07,-89.5632
rss-mss-xtyp,ss,ss,typical,125,0.9,158.489,7.55936e+06,-89.3163
rss-mss-xtyp,ss,ss,typical,125,0.9,251.189,4.77015e+06,-88.9218
rss-mss-xtyp,ss,ss,typical,125,0.9,398.107,3.01059e+06,-88.2949
rss-mss-xtyp,ss,ss,typical,125,0.9,630.957,1.90086e+06,-87.3011
rss-mss-xtyp,ss,ss,typical,125,0.9,1000,1.20143e+06,-85.7288
rss-mss-xtyp,ss,ss,typical,125,0.9,1584.89,761319,-83.2512
rss-mss-xtyp,ss,ss,typical,125,0.9,2511.89,485501,-79.3815
rss-mss-xtyp,ss,ss,typical,125,0.9,3981.07,314331,-73.4648
rss-mss-xtyp,ss,ss,typical,125,0.9,6309.57,210475,-64.8481
rss-mss-xtyp,ss,ss,typical,125,0.9,10000,150336,-53.4879
rss-mss-xtyp,ss,ss,typical,125,0.9,15848.9,118157,-40.8099
rss-mss-xtyp,ss,ss,typical,125,0.9,25118.9,102557,-29.3582
rss-mss-xtyp,ss,ss,typical,125,0.9,39810.7,95595.1,-20.9550
rss-mss-xtyp,ss,ss,typical,125,0.9,63095.7,92559.9,-15.9646
rss-mss-xtyp,ss,ss,typical,125,0.9,100000,91025.2,-14.0869
rss-mss-xtyp,ss,ss,typical,125,0.9,158489,89671.5,-15.1079
rss-mss-xtyp,ss,ss,typical,125,0.9,251189,87378.4,-19.1506
rss-mss-xtyp,ss,ss,typical,125,0.9,398107,82610.5,-26.5434
rss-mss-xtyp,ss,ss,typical,125,0.9,630957,73485.6,-37.2204
rss-mss-xtyp,ss,ss,typical,125,0.9,1e+06,59539,-49.8066
rss-mss-xtyp,ss,ss,typical,125,0.9,1.58489e+06,43624.2,-61.7749
rss-mss-xtyp,ss,ss,typical,125,0.9,2.51189e+06,29659.6,-71.2400
rss-mss-xtyp,ss,ss,typical,125,0.9,3.98107e+06,19344.7,-77.8872
rss-mss-xtyp,ss,ss,typical,125,0.9,6.30957e+06,12375.7,-82.2782
rss-mss-xtyp,ss,ss,typical,125,0.9,1e+07,7852.6,-85.0982
rss-mss-xtyp,ss,ss,typical,125,0.9,1.58489e+07,4965.94,-86.8850
rss-mss-xtyp,ss,ss,typical,125,0.9,2.51189e+07,3136.28,-88.0060
rss-mss-xtyp,ss,ss,typical,125,0.9,3.98107e+07,1979.82,-88.6992
rss-mss-xtyp,ss,ss,typical,125,0.9,6.30957e+07,1249.74,-89.1162
rss-mss-xtyp,ss,ss,typical,125,0.9,1e+08,789.093,-89.3561
rss-mss-xtyp,ss,ss,typical,125,1.35,100,1.18397e+07,-89.5581
rss-mss-xtyp,ss,ss,typical,125,1.35,158.489,7.47068e+06,-89.3081
rss-mss-xtyp,ss,ss,typical,125,1.35,251.189,4.71421e+06,-88.9087
rss-mss-xtyp,ss,ss,typical,125,1.35,398.107,2.9753e+06,-88.2741
rss-mss-xtyp,ss,ss,typical,125,1.35,630.957,1.87861e+06,-87.2681
rss-mss-xtyp,ss,ss,typical,125,1.35,1000,1.18742e+06,-85.6768
rss-mss-xtyp,ss,ss,typical,125,1.35,1584.89,752516,-83.1694
rss-mss-xtyp,ss,ss,typical,125,1.35,2511.89,480008,-79.2546
rss-mss-xtyp,ss,ss,typical,125,1.35,3981.07,310957,-73.2739
rss-mss-xtyp,ss,ss,typical,125,1.35,6309.57,208475,-64.5798
rss-mss-xtyp,ss,ss,typical,125,1.35,10000,149229,-53.1569
rss-mss-xtyp,ss,ss,typical,125,1.35,15848.9,117604,-40.4728
rss-mss-xtyp,ss,ss,typical,125,1.35,25118.9,102313,-29.0769
rss-mss-xtyp,ss,ss,typical,125,1.35,39810.7,95500.6,-20.7514
rss-mss-xtyp,ss,ss,typical,125,1.35,63095.7,92530.8,-15.8286
rss-mss-xtyp,ss,ss,typical,125,1.35,100000,91023.2,-13.9996
rss-mss-xtyp,ss,ss,typical,125,1.35,158489,89680.1,-15.0533
rss-mss-xtyp,ss,ss,typical,125,1.35,251189,87390.3,-19.1176
rss-mss-xtyp,ss,ss,typical,125,1.35,398107,82621.9,-26.5248
rss-mss-xtyp,ss,ss,typical,125,1.35,630957,73494,-37.2112
rss-mss-xtyp,ss,ss,typical,125,1.35,1e+06,59543.6,-49.8028
rss-mss-xtyp,ss,ss,typical,125,1.35,1.58489e+06,43626,-61.7736
rss-mss-xtyp,ss,ss,typical,125,1.35,2.51189e+06,29660.2,-71.2397
rss-mss-xtyp,ss,ss,typical,125,1.35,3.98107e+06,19344.8,-77.8872
rss-mss-xtyp,ss,ss,typical,125,1.35,6.30957e+06,12375.8,-82.2781
rss-mss-xtyp,ss,ss,typical,125,1.35,1e+07,7852.61,-85.0982
rss-mss-xtyp,ss,ss,typical,125,1.35,1.58489e+07,4965.94,-86.8850
rss-mss-xtyp,ss,ss,typical,125,1.35,2.51189e+07,3136.28,-88.0060
rss-mss-xtyp,ss,ss,typical,125,1.35,3.98107e+07,1979.82,-88.6992
rss-mss-xtyp,ss,ss,typical,125,1.35,6.30957e+07,1249.74,-89.1162
rss-mss-xtyp,ss,ss,typical,125,1.35,1e+08,789.093,-89.3561
rss-mss-xtyp,ss,ss,typical,125,1.8,100,1.18036e+07,-89.5568
rss-mss-xtyp,ss,ss,typical,125,1.8,158.489,7.44789e+06,-89.3059
rss-mss-xtyp,ss,ss,typical,125,1.8,251.189,4.69983e+06,-88.9053
rss-mss-xtyp,ss,ss,typical,125,1.8,398.107,2.96623e+06,-88.2687
rss-mss-xtyp,ss,ss,typical,125,1.8,630.957,1.87289e+06,-87.2595
rss-mss-xtyp,ss,ss,typical,125,1.8,1000,1.18381e+06,-85.6632
rss-mss-xtyp,ss,ss,typical,125,1.8,1584.89,750255,-83.1481
rss-mss-xtyp,ss,ss,typical,125,1.8,2511.89,478597,-79.2215
rss-mss-xtyp,ss,ss,typical,125,1.8,3981.07,310091,-73.2242
rss-mss-xtyp,ss,ss,typical,125,1.8,6309.57,207962,-64.5100
rss-mss-xtyp,ss,ss,typical,125,1.8,10000,148945,-53.0710
rss-mss-xtyp,ss,ss,typical,125,1.8,15848.9,117463,-40.3857
rss-mss-xtyp,ss,ss,typical,125,1.8,25118.9,102251,-29.0044
rss-mss-xtyp,ss,ss,typical,125,1.8,39810.7,95476.5,-20.6991
rss-mss-xtyp,ss,ss,typical,125,1.8,63095.7,92523.4,-15.7936
rss-mss-xtyp,ss,ss,typical,125,1.8,100000,91022.8,-13.9772
rss-mss-xtyp,ss,ss,typical,125,1.8,158489,89682.3,-15.0393
rss-mss-xtyp,ss,ss,typical,125,1.8,251189,87393.4,-19.1092
rss-mss-xtyp,ss,ss,typical,125,1.8,398107,82624.8,-26.5200
rss-mss-xtyp,ss,ss,typical,125,1.8,630957,73496.1,-37.2088
rss-mss-xtyp,ss,ss,typical,125,1.8,1e+06,59544.8,-49.8019
rss-mss-xtyp,ss,ss,typical,125,1.8,1.58489e+06,43626.4,-61.7733
rss-mss-xtyp,ss,ss,typical,125,1.8,2.51189e+06,29660.3,-71.2396
rss-mss-xtyp,ss,ss,typical,125,1.8,3.98107e+06,19344.9,-77.8871
rss-mss-xtyp,ss,ss,typical,125,1.8,6.30957e+06,12375.8,-82.2781
rss-mss-xtyp,ss,ss,typical,125,1.8,1e+07,7852.61,-85.0982
rss-mss-xtyp,ss,ss,typical,125,1.8,1.58489e+07,4965.94,-86.8850
rss-mss-xtyp,ss,ss,typical,125,1.8,2.51189e+07,3136.28,-88.0060
rss-mss-xtyp,ss,ss,typical,125,1.8,3.98107e+07,1979.82,-88.6992
rss-mss-xtyp,ss,ss,typical,125,1.8,6.30957e+07,1249.74,-89.1162
rss-mss-xtyp,ss,ss,typical,125,1.8,1e+08,789.093,-89.3561
rss-mss-xtyp,ss,ss,typical,125,2.25,100,1.17943e+07,-89.5564
rss-mss-xtyp,ss,ss,typical,125,2.25,158.489,7.44205e+06,-89.3054
rss-mss-xtyp,ss,ss,typical,125,2.25,251.189,4.69615e+06,-88.9044
rss-mss-xtyp,ss,ss,typical,125,2.25,398.107,2.96391e+06,-88.2673
rss-mss-xtyp,ss,ss,typical,125,2.25,630.957,1.87143e+06,-87.2573
rss-mss-xtyp,ss,ss,typical,125,2.25,1000,1.18289e+06,-85.6597
rss-mss-xtyp,ss,ss,typical,125,2.25,1584.89,749675,-83.1426
rss-mss-xtyp,ss,ss,typical,125,2.25,2511.89,478236,-79.2130
rss-mss-xtyp,ss,ss,typical,125,2.25,3981.07,309869,-73.2114
rss-mss-xtyp,ss,ss,typical,125,2.25,6309.57,207831,-64.4921
rss-mss-xtyp,ss,ss,typical,125,2.25,10000,148872,-53.0490
rss-mss-xtyp,ss,ss,typical,125,2.25,15848.9,117427,-40.3633
rss-mss-xtyp,ss,ss,typical,125,2.25,25118.9,102235,-28.9858
rss-mss-xtyp,ss,ss,typical,125,2.25,39810.7,95470.3,-20.6857
rss-mss-xtyp,ss,ss,typical,125,2.25,63095.7,92521.6,-15.7846
rss-mss-xtyp,ss,ss,typical,125,2.25,100000,91022.6,-13.9714
rss-mss-xtyp,ss,ss,typical,125,2.25,158489,89682.9,-15.0357
rss-mss-xtyp,ss,ss,typical,125,2.25,251189,87394.2,-19.1070
rss-mss-xtyp,ss,ss,typical,125,2.25,398107,82625.6,-26.5188
rss-mss-xtyp,ss,ss,typical,125,2.25,630957,73496.7,-37.2082
rss-mss-xtyp,ss,ss,typical,125,2.25,1e+06,59545.1,-49.8016
rss-mss-xtyp,ss,ss,typical,125,2.25,1.58489e+06,43626.6,-61.7732
rss-mss-xtyp,ss,ss,typical,125,2.25,2.51189e+06,29660.4,-71.2396
rss-mss-xtyp,ss,ss,typical,125,2.25,3.98107e+06,19344.9,-77.8871
rss-mss-xtyp,ss,ss,typical,125,2.25,6.30957e+06,12375.8,-82.2781
rss-mss-xtyp,ss,ss,typical,125,2.25,1e+07,7852.61,-85.0982
rss-mss-xtyp,ss,ss,typical,125,2.25,1.58489e+07,4965.94,-86.8850
rss-mss-xtyp,ss,ss,typical,125,2.25,2.51189e+07,3136.28,-88.0060
rss-mss-xtyp,ss,ss,typical,125,2.25,3.98107e+07,1979.82,-88.6992
rss-mss-xtyp,ss,ss,typical,125,2.25,6.30957e+07,1249.74,-89.1162
rss-mss-xtyp,ss,ss,typical,125,2.25,1e+08,789.093,-89.3561
rss-mss-xtyp,ss,ss,typical,125,2.7,100,1.1792e+07,-89.5563
rss-mss-xtyp,ss,ss,typical,125,2.7,158.489,7.44056e+06,-89.3052
rss-mss-xtyp,ss,ss,typical,125,2.7,251.189,4.69521e+06,-88.9042
rss-mss-xtyp,ss,ss,typical,125,2.7,398.107,2.96331e+06,-88.2670
rss-mss-xtyp,ss,ss,typical,125,2.7,630.957,1.87105e+06,-87.2567
rss-mss-xtyp,ss,ss,typical,125,2.7,1000,1.18266e+06,-85.6588
rss-mss-xtyp,ss,ss,typical,125,2.7,1584.89,749527,-83.1412
rss-mss-xtyp,ss,ss,typical,125,2.7,2511.89,478144,-79.2108
rss-mss-xtyp,ss,ss,typical,125,2.7,3981.07,309813,-73.2082
rss-mss-xtyp,ss,ss,typical,125,2.7,6309.57,207797,-64.4875
rss-mss-xtyp,ss,ss,typical,125,2.7,10000,148854,-53.0433
rss-mss-xtyp,ss,ss,typical,125,2.7,15848.9,117418,-40.3576
rss-mss-xtyp,ss,ss,typical,125,2.7,25118.9,102231,-28.9810
rss-mss-xtyp,ss,ss,typical,125,2.7,39810.7,95468.7,-20.6822
rss-mss-xtyp,ss,ss,typical,125,2.7,63095.7,92521.1,-15.7823
rss-mss-xtyp,ss,ss,typical,125,2.7,100000,91022.6,-13.9699
rss-mss-xtyp,ss,ss,typical,125,2.7,158489,89683,-15.0348
rss-mss-xtyp,ss,ss,typical,125,2.7,251189,87394.4,-19.1064
rss-mss-xtyp,ss,ss,typical,125,2.7,398107,82625.8,-26.5185
rss-mss-xtyp,ss,ss,typical,125,2.7,630957,73496.8,-37.2080
rss-mss-xtyp,ss,ss,typical,125,2.7,1e+06,59545.1,-49.8015
rss-mss-xtyp,ss,ss,typical,125,2.7,1.58489e+06,43626.6,-61.7732
rss-mss-xtyp,ss,ss,typical,125,2.7,2.51189e+06,29660.4,-71.2396
rss-mss-xtyp,ss,ss,typical,125,2.7,3.98107e+06,19344.9,-77.8871
rss-mss-xtyp,ss,ss,typical,125,2.7,6.30957e+06,12375.8,-82.2781
rss-mss-xtyp,ss,ss,typical,125,2.7,1e+07,7852.61,-85.0982
rss-mss-xtyp,ss,ss,typical,125,2.7,1.58489e+07,4965.94,-86.8850
rss-mss-xtyp,ss,ss,typical,125,2.7,2.51189e+07,3136.28,-88.0060
rss-mss-xtyp,ss,ss,typical,125,2.7,3.98107e+07,1979.82,-88.6992
rss-mss-xtyp,ss,ss,typical,125,2.7,6.30957e+07,1249.74,-89.1162
rss-mss-xtyp,ss,ss,typical,125,2.7,1e+08,789.093,-89.3561
rss-mtyp-xff,ss,typical,ff,-40,0.3,100,1.42204e+07,-89.6256
rss-mtyp-xff,ss,typical,ff,-40,0.3,158.489,8.97272e+06,-89.4167
rss-mtyp-xff,ss,typical,ff,-40,0.3,251.189,5.66185e+06,-89.0820
rss-mtyp-xff,ss,typical,ff,-40,0.3,398.107,3.5731e+06,-88.5493
rss-mtyp-xff,ss,typical,ff,-40,0.3,630.957,2.2556e+06,-87.7041
rss-mtyp-xff,ss,typical,ff,-40,0.3,1000,1.42496e+06,-86.3660
rss-mtyp-xff,ss,typical,ff,-40,0.3,1584.89,901906,-84.2537
rss-mtyp-xff,ss,typical,ff,-40,0.3,2511.89,573501,-80.9413
rss-mtyp-xff,ss,typical,ff,-40,0.3,3981.07,368792,-75.8281
rss-mtyp-xff,ss,typical,ff,-40,0.3,6309.57,243340,-68.2202
rss-mtyp-xff,ss,typical,ff,-40,0.3,10000,169239,-57.7602
rss-mtyp-xff,ss,typical,ff,-40,0.3,15848.9,128333,-45.3009
rss-mtyp-xff,ss,typical,ff,-40,0.3,25118.9,107799,-33.1733
rss-mtyp-xff,ss,typical,ff,-40,0.3,39810.7,98401.6,-23.6522
rss-mtyp-xff,ss,typical,ff,-40,0.3,63095.7,94302.4,-17.5767
rss-mtyp-xff,ss,typical,ff,-40,0.3,100000,92371.3,-14.7857
rss-mtyp-xff,ss,typical,ff,-40,0.3,158489,90974.3,-15.0074
rss-mtyp-xff,ss,typical,ff,-40,0.3,251189,88930.1,-18.2680
rss-mtyp-xff,ss,typical,ff,-40,0.3,398107,84777.2,-24.8612
rss-mtyp-xff,ss,typical,ff,-40,0.3,630957,76596.3,-34.8624
rss-mtyp-xff,ss,typical,ff,-40,0.3,1e+06,63390.2,-47.2094
rss-mtyp-xff,ss,typical,ff,-40,0.3,1.58489e+06,47365.2,-59.4898
rss-mtyp-xff,ss,typical,ff,-40,0.3,2.51189e+06,32612.3,-69.5352
rss-mtyp-xff,ss,typical,ff,-40,0.3,3.98107e+06,21406.1,-76.7276
rss-mtyp-xff,ss,typical,ff,-40,0.3,6.30957e+06,13733,-81.5224
rss-mtyp-xff,ss,typical,ff,-40,0.3,1e+07,8724,-84.6138
rss-mtyp-xff,ss,typical,ff,-40,0.3,1.58489e+07,5519.63,-86.5756
rss-mtyp-xff,ss,typical,ff,-40,0.3,2.51189e+07,3486.65,-87.8070
rss-mtyp-xff,ss,typical,ff,-40,0.3,3.98107e+07,2201.21,-88.5683
rss-mtyp-xff,ss,typical,ff,-40,0.3,6.30957e+07,1389.59,-89.0258
rss-mtyp-xff,ss,typical,ff,-40,0.3,1e+08,877.477,-89.2888
rss-mtyp-xff,ss,typical,ff,-40,0.9,100,1.31799e+07,-89.5967
rss-mtyp-xff,ss,typical,ff,-40,0.9,158.489,8.31624e+06,-89.3702
rss-mtyp-xff,ss,typical,ff,-40,0.9,251.189,5.24768e+06,-89.0078
rss-mtyp-xff,ss,typical,ff,-40,0.9,398.107,3.31183e+06,-88.4315
rss-mtyp-xff,ss,typical,ff,-40,0.9,630.957,2.09084e+06,-87.5174
rss-mtyp-xff,ss,typical,ff,-40,0.9,1000,1.32115e+06,-86.0706
rss-mtyp-xff,ss,typical,ff,-40,0.9,1584.89,836634,-83.7887
rss-mtyp-xff,ss,typical,ff,-40,0.9,2511.89,532672,-80.2165
rss-mtyp-xff,ss,typical,ff,-40,0.9,3981.07,343570,-74.7254
rss-mtyp-xff,ss,typical,ff,-40,0.9,6309.57,228197,-66.6327
rss-mtyp-xff,ss,typical,ff,-40,0.9,10000,160660,-55.7147
rss-mtyp-xff,ss,typical,ff,-40,0.9,15848.9,123917,-43.0949
rss-mtyp-xff,ss,typical,ff,-40,0.9,25118.9,105781,-31.2339
rss-mtyp-xff,ss,typical,ff,-40,0.9,39810.7,97590.1,-22.2023
rss-mtyp-xff,ss,typical,ff,-40,0.9,63095.7,94032.2,-16.5913
rss-mtyp-xff,ss,typical,ff,-40,0.9,100000,92327.8,-14.1477
rss-mtyp-xff,ss,typical,ff,-40,0.9,158489,91020.8,-14.6062
rss-mtyp-xff,ss,typical,ff,-40,0.9,251189,89007.6,-18.0236
rss-mtyp-xff,ss,typical,ff,-40,0.9,398107,84856.3,-24.7206
rss-mtyp-xff,ss,typical,ff,-40,0.9,630957,76658.1,-34.7901
rss-mtyp-xff,ss,typical,ff,-40,0.9,1e+06,63426.1,-47.1784
rss-mtyp-xff,ss,typical,ff,-40,0.9,1.58489e+06,47380.3,-59.4791
rss-mtyp-xff,ss,typical,ff,-40,0.9,2.51189e+06,32617.2,-69.5322
rss-mtyp-xff,ss,typical,ff,-40,0.9,3.98107e+06,21407.5,-76.7269
rss-mtyp-xff,ss,typical,ff,-40,0.9,6.30957e+06,13733.4,-81.5222
rss-mtyp-xff,ss,typical,ff,-40,0.9,1e+07,8724.09,-84.6139
rss-mtyp-xff,ss,typical,ff,-40,0.9,1.58489e+07,5519.65,-86.5757
rss-mtyp-xff,ss,typical,ff,-40,0.9,2.51189e+07,3486.66,-87.8070
rss-mtyp-xff,ss,typical,ff,-40,0.9,3.98107e+07,2201.21,-88.5683
rss-mtyp-xff,ss,typical,ff,-40,0.9,6.30957e+07,1389.59,-89.0258
rss-mtyp-xff,ss,typical,ff,-40,0.9,1e+08,877.477,-89.2888
rss-mtyp-xff,ss,typical,ff,-40,1.35,100,1.30252e+07,-89.5920
rss-mtyp-xff,ss,typical,ff,-40,1.35,158.489,8.21867e+06,-89.3626
rss-mtyp-xff,ss,typical,ff,-40,1.35,251.189,5.18612e+06,-88.9958
rss-mtyp-xff,ss,typical,ff,-40,1.35,398.107,3.273e+06,-88.4123
rss-mtyp-xff,ss,typical,ff,-40,1.35,630.957,2.06635e+06,-87.4870
rss-mtyp-xff,ss,typical,ff,-40,1.35,1000,1.30573e+06,-86.0227
rss-mtyp-xff,ss,typical,ff,-40,1.35,1584.89,826938,-83.7133
rss-mtyp-xff,ss,typical,ff,-40,1.35,2511.89,526611,-80.0992
rss-mtyp-xff,ss,typical,ff,-40,1.35,3981.07,339833,-74.5476
rss-mtyp-xff,ss,typical,ff,-40,1.35,6309.57,225962,-66.3786
rss-mtyp-xff,ss,typical,ff,-40,1.35,10000,159404,-55.3920
rss-mtyp-xff,ss,typical,ff,-40,1.35,15848.9,123277,-42.7537
rss-mtyp-xff,ss,typical,ff,-40,1.35,25118.9,105492,-30.9394
rss-mtyp-xff,ss,typical,ff,-40,1.35,39810.7,97474.9,-21.9848
rss-mtyp-xff,ss,typical,ff,-40,1.35,63095.7,93994.5,-16.4444
rss-mtyp-xff,ss,typical,ff,-40,1.35,100000,92322.3,-14.0528
rss-mtyp-xff,ss,typical,ff,-40,1.35,158489,91028.1,-14.5466
rss-mtyp-xff,ss,typical,ff,-40,1.35,251189,89019.3,-17.9873
rss-mtyp-xff,ss,typical,ff,-40,1.35,398107,84868.1,-24.6998
rss-mtyp-xff,ss,typical,ff,-40,1.35,630957,76667.3,-34.7794
rss-mtyp-xff,ss,typical,ff,-40,1.35,1e+06,63431.4,-47.1738
rss-mtyp-xff,ss,typical,ff,-40,1.35,1.58489e+06,47382.6,-59.4775
rss-mtyp-xff,ss,typical,ff,-40,1.35,2.51189e+06,32617.9,-69.5318
rss-mtyp-xff,ss,typical,ff,-40,1.35,3.98107e+06,21407.7,-76.7268
rss-mtyp-xff,ss,typical,ff,-40,1.35,6.30957e+06,13733.5,-81.5222
rss-mtyp-xff,ss,typical,ff,-40,1.35,1e+07,8724.11,-84.6139
rss-mtyp-xff,ss,typical,ff,-40,1.35,1.58489e+07,5519.66,-86.5757
rss-mtyp-xff,ss,typical,ff,-40,1.35,2.51189e+07,3486.66,-87.8070
rss-mtyp-xff,ss,typical,ff,-40,1.35,3.98107e+07,2201.21,-88.5683
rss-mtyp-xff,ss,typical,ff,-40,1.35,6.30957e+07,1389.59,-89.0258
rss-mtyp-xff,ss,typical,ff,-40,1.35,1e+08,877.477,-89.2888
rss-mtyp-xff,ss,typical,ff,-40,1.8,100,1.29855e+07,-89.5908
rss-mtyp-xff,ss,typical,ff,-40,1.8,158.489,8.1936e+06,-89.3607
rss-mtyp-xff,ss,typical,ff,-40,1.8,251.189,5.1703e+06,-88.9926
rss-mtyp-xff,ss,typical,ff,-40,1.8,398.107,3.26302e+06,-88.4073
rss-mtyp-xff,ss,typical,ff,-40,1.8,630.957,2.06006e+06,-87.4791
rss-mtyp-xff,ss,typical,ff,-40,1.8,1000,1.30176e+06,-86.0102
rss-mtyp-xff,ss,typical,ff,-40,1.8,1584.89,824447,-83.6936
rss-mtyp-xff,ss,typical,ff,-40,1.8,2511.89,525054,-80.0686
rss-mtyp-xff,ss,typical,ff,-40,1.8,3981.07,338873,-74.5013
rss-mtyp-xff,ss,typical,ff,-40,1.8,6309.57,225389,-66.3125
rss-mtyp-xff,ss,typical,ff,-40,1.8,10000,159082,-55.3083
rss-mtyp-xff,ss,typical,ff,-40,1.8,15848.9,123113,-42.6654
rss-mtyp-xff,ss,typical,ff,-40,1.8,25118.9,105418,-30.8634
rss-mtyp-xff,ss,typical,ff,-40,1.8,39810.7,97445.5,-21.9288
rss-mtyp-xff,ss,typical,ff,-40,1.8,63095.7,93984.9,-16.4066
rss-mtyp-xff,ss,typical,ff,-40,1.8,100000,92321,-14.0284
rss-mtyp-xff,ss,typical,ff,-40,1.8,158489,91030,-14.5313
rss-mtyp-xff,ss,typical,ff,-40,1.8,251189,89022.3,-17.9780
rss-mtyp-xff,ss,typical,ff,-40,1.8,398107,84871.1,-24.6944
rss-mtyp-xff,ss,typical,ff,-40,1.8,630957,76669.7,-34.7767
rss-mtyp-xff,ss,typical,ff,-40,1.8,1e+06,63432.7,-47.1726
rss-mtyp-xff,ss,typical,ff,-40,1.8,1.58489e+06,47383.1,-59.4771
rss-mtyp-xff,ss,typical,ff,-40,1.8,2.51189e+06,32618.1,-69.5317
rss-mtyp-xff,ss,typical,ff,-40,1.8,3.98107e+06,21407.8,-76.7268
rss-mtyp-xff,ss,typical,ff,-40,1.8,6.30957e+06,13733.5,-81.5222
rss-mtyp-xff,ss,typical,ff,-40,1.8,1e+07,8724.11,-84.6139
rss-mtyp-xff,ss,typical,ff,-40,1.8,1.58489e+07,5519.66,-86.5757
rss-mtyp-xff,ss,typical,ff,-40,1.8,2.51189e+07,3486.66,-87.8070
rss-mtyp-xff,ss,typical,ff,-40,1.8,3.98107e+07,2201.21,-88.5683
rss-mtyp-xff,ss,typical,ff,-40,1.8,6.30957e+07,1389.59,-89.0258
rss-mtyp-xff,ss,typical,ff,-40,1.8,1e+08,877.477,-89.2888
rss-mtyp-xff,ss,typical,ff,-40,2.25,100,1.29753e+07,-89.5905
rss-mtyp-xff,ss,typical,ff,-40,2.25,158.489,8.18718e+06,-89.3602
rss-mtyp-xff,ss,typical,ff,-40,2.25,251.189,5.16625e+06,-88.9918
rss-mtyp-xff,ss,typical,ff,-40,2.25,398.107,3.26046e+06,-88.4061
rss-mtyp-xff,ss,typical,ff,-40,2.25,630.957,2.05845e+06,-87.4771
rss-mtyp-xff,ss,typical,ff,-40,2.25,1000,1.30075e+06,-86.0070
rss-mtyp-xff,ss,typical,ff,-40,2.25,1584.89,823809,-83.6886
rss-mtyp-xff,ss,typical,ff,-40,2.25,2511.89,524656,-80.0607
rss-mtyp-xff,ss,typical,ff,-40,2.25,3981.07,338627,-74.4894
rss-mtyp-xff,ss,typical,ff,-40,2.25,6309.57,225242,-66.2956
rss-mtyp-xff,ss,typical,ff,-40,2.25,10000,158999,-55.2868
rss-mtyp-xff,ss,typical,ff,-40,2.25,15848.9,123071,-42.6427
rss-mtyp-xff,ss,typical,ff,-40,2.25,25118.9,105399,-30.8440
rss-mtyp-xff,ss,typical,ff,-40,2.25,39810.7,97438,-21.9145
rss-mtyp-xff,ss,typical,ff,-40,2.25,63095.7,93982.4,-16.3969
rss-mtyp-xff,ss,typical,ff,-40,2.25,100000,92320.6,-14.0222
rss-mtyp-xff,ss,typical,ff,-40,2.25,158489,91030.5,-14.5274
rss-mtyp-xff,ss,typical,ff,-40,2.25,251189,89023.1,-17.9756
rss-mtyp-xff,ss,typical,ff,-40,2.25,398107,84871.9,-24.6930
rss-mtyp-xff,ss,typical,ff,-40,2.25,630957,76670.3,-34.7760
rss-mtyp-xff,ss,typical,ff,-40,2.25,1e+06,63433.1,-47.1723
rss-mtyp-xff,ss,typical,ff,-40,2.25,1.58489e+06,47383.3,-59.4770
rss-mtyp-xff,ss,typical,ff,-40,2.25,2.51189e+06,32618.2,-69.5316
rss-mtyp-xff,ss,typical,ff,-40,2.25,3.98107e+06,21407.8,-76.7268
rss-mtyp-xff,ss,typical,ff,-40,2.25,6.30957e+06,13733.5,-81.5222
rss-mtyp-xff,ss,typical,ff,-40,2.25,1e+07,8724.11,-84.6139
rss-mtyp-xff,ss,typical,ff,-40,2.25,1.58489e+07,5519.66,-86.5757
rss-mtyp-xff,ss,typical,ff,-40,2.25,2.51189e+07,3486.66,-87.8070
rss-mtyp-xff,ss,typical,ff,-40,2.25,3.98107e+07,2201.21,-88.5683
rss-mtyp-xff,ss,typical,ff,-40,2.25,6.30957e+07,1389.59,-89.0258
rss-mtyp-xff,ss,typical,ff,-40,2.25,1e+08,877.477,-89.2888
rss-mtyp-xff,ss,typical,ff,-40,2.7,100,1.29727e+07,-89.5904
rss-mtyp-xff,ss,typical,ff,-40,2.7,158.489,8.18553e+06,-89.3600
rss-mtyp-xff,ss,typical,ff,-40,2.7,251.189,5.16522e+06,-88.9916
rss-mtyp-xff,ss,typical,ff,-40,2.7,398.107,3.25981e+06,-88.4057
rss-mtyp-xff,ss,typical,ff,-40,2.7,630.957,2.05804e+06,-87.4766
rss-mtyp-xff,ss,typical,ff,-40,2.7,1000,1.30049e+06,-86.0062
rss-mtyp-xff,ss,typical,ff,-40,2.7,1584.89,823645,-83.6873
rss-mtyp-xff,ss,typical,ff,-40,2.7,2511.89,524554,-80.0587
rss-mtyp-xff,ss,typical,ff,-40,2.7,3981.07,338564,-74.4863
rss-mtyp-xff,ss,typical,ff,-40,2.7,6309.57,225204,-66.2912
rss-mtyp-xff,ss,typical,ff,-40,2.7,10000,158978,-55.2813
rss-mtyp-xff,ss,typical,ff,-40,2.7,15848.9,123060,-42.6370
rss-mtyp-xff,ss,typical,ff,-40,2.7,25118.9,105394,-30.8390
rss-mtyp-xff,ss,typical,ff,-40,2.7,39810.7,97436.1,-21.9108
rss-mtyp-xff,ss,typical,ff,-40,2.7,63095.7,93981.8,-16.3945
rss-mtyp-xff,ss,typical,ff,-40,2.7,100000,92320.5,-14.0206
rss-mtyp-xff,ss,typical,ff,-40,2.7,158489,91030.6,-14.5264
rss-mtyp-xff,ss,typical,ff,-40,2.7,251189,89023.3,-17.9750
rss-mtyp-xff,ss,typical,ff,-40,2.7,398107,84872.1,-24.6927
rss-mtyp-xff,ss,typical,ff,-40,2.7,630957,76670.4,-34.7758
rss-mtyp-xff,ss,typical,ff,-40,2.7,1e+06,63433.2,-47.1723
rss-mtyp-xff,ss,typical,ff,-40,2.7,1.58489e+06,47383.3,-59.4770
rss-mtyp-xff,ss,typical,ff,-40,2.7,2.51189e+06,32618.2,-69.5316
rss-mtyp-xff,ss,typical,ff,-40,2.7,3.98107e+06,21407.8,-76.7267
rss-mtyp-xff,ss,typical,ff,-40,2.7,6.30957e+06,13733.5,-81.5222
rss-mtyp-xff,ss,typical,ff,-40,2.7,1e+07,8724.11,-84.6139
rss-mtyp-xff,ss,typical,ff,-40,2.7,1.58489e+07,5519.66,-86.5757
rss-mtyp-xff,ss,typical,ff,-40,2.7,2.51189e+07,3486.66,-87.8070
rss-mtyp-xff,ss,typical,ff,-40,2.7,3.98107e+07,2201.21,-88.5683
rss-mtyp-xff,ss,typical,ff,-40,2.7,6.30957e+07,1389.59,-89.0258
rss-mtyp-xff,ss,typical,ff,-40,2.7,1e+08,877.477,-89.2888
rss-mtyp-xff,ss,typical,ff,27,0.3,100,1.42201e+07,-89.6289
rss-mtyp-xff,ss,typical,ff,27,0.3,158.489,8.97254e+06,-89.4220
rss-mtyp-xff,ss,typical,ff,27,0.3,251.189,5.66173e+06,-89.0904
rss-mtyp-xff,ss,typical,ff,27,0.3,398.107,3.57301e+06,-88.5626
rss-mtyp-xff,ss,typical,ff,27,0.3,630.957,2.25552e+06,-87.7252
rss-mtyp-xff,ss,typical,ff,27,0.3,1000,1.42488e+06,-86.3992
rss-mtyp-xff,ss,typical,ff,27,0.3,1584.89,901804,-84.3060
rss-mtyp-xff,ss,typical,ff,27,0.3,2511.89,573356,-81.0229
rss-mtyp-xff,ss,typical,ff,27,0.3,3981.07,368577,-75.9526
rss-mtyp-xff,ss,typical,ff,27,0.3,6309.57,243020,-68.4005
rss-mtyp-xff,ss,typical,ff,27,0.3,10000,168782,-57.9949
rss-mtyp-xff,ss,typical,ff,27,0.3,15848.9,127732,-45.5566
rss-mtyp-xff,ss,typical,ff,27,0.3,25118.9,107084,-33.3970
rss-mtyp-xff,ss,typical,ff,27,0.3,39810.7,97619.6,-23.8118
rss-mtyp-xff,ss,typical,ff,27,0.3,63095.7,93490.3,-17.6691
rss-mtyp-xff,ss,typical,ff,27,0.3,100000,91552.2,-14.8183
rss-mtyp-xff,ss,typical,ff,27,0.3,158489,90167.3,-14.9848
rss-mtyp-xff,ss,typical,ff,27,0.3,251189,88163.2,-18.1880
rss-mtyp-xff,ss,typical,ff,27,0.3,398107,84100.2,-24.7191
rss-mtyp-xff,ss,typical,ff,27,0.3,630957,76078.5,-34.6645
rss-mtyp-xff,ss,typical,ff,27,0.3,1e+06,63072,-46.9882
rss-mtyp-xff,ss,typical,ff,27,0.3,1.58489e+06,47207.2,-59.2916
rss-mtyp-xff,ss,typical,ff,27,0.3,2.51189e+06,32540.1,-69.3856
rss-mtyp-xff,ss,typical,ff,27,0.3,3.98107e+06,21371.2,-76.6252
rss-mtyp-xff,ss,typical,ff,27,0.3,6.30957e+06,13714.1,-81.4556
rss-mtyp-xff,ss,typical,ff,27,0.3,1e+07,8712.93,-84.5713
rss-mtyp-xff,ss,typical,ff,27,0.3,1.58489e+07,5512.87,-86.5488
rss-mtyp-xff,ss,typical,ff,27,0.3,2.51189e+07,3482.44,-87.7903
rss-mtyp-xff,ss,typical,ff,27,0.3,3.98107e+07,2198.56,-88.5582
rss-mtyp-xff,ss,typical,ff,27,0.3,6.30957e+07,1387.91,-89.0201
rss-mtyp-xff,ss,typical,ff,27,0.3,1e+08,876.408,-89.2858
rss-mtyp-xff,ss,typical,ff,27,0.9,100,1.31796e+07,-89.6003
rss-mtyp-xff,ss,typical,ff,27,0.9,158.489,8.31608e+06,-89.3759
rss-mtyp-xff,ss,typical,ff,27,0.9,251.189,5.24757e+06,-89.0169
rss-mtyp-xff,ss,typical,ff,27,0.9,398.107,3.31175e+06,-88.4458
rss-mtyp-xff,ss,typical,ff,27,0.9,630.957,2.09076e+06,-87.5401
rss-mtyp-xff,ss,typical,ff,27,0.9,1000,1.32107e+06,-86.1065
rss-mtyp-xff,ss,typical,ff,27,0.9,1584.89,836527,-83.8451
rss-mtyp-xff,ss,typical,ff,27,0.9,2511.89,532518,-80.3044
rss-mtyp-xff,ss,typical,ff,27,0.9,3981.07,343340,-74.8587
rss-mtyp-xff,ss,typical,ff,27,0.9,6309.57,227856,-66.8232
rss-mtyp-xff,ss,typical,ff,27,0.9,10000,160178,-55.9566
rss-mtyp-xff,ss,typical,ff,27,0.9,15848.9,123293,-43.3494
rss-mtyp-xff,ss,typical,ff,27,0.9,25118.9,105051,-31.4491
rss-mtyp-xff,ss,typical,ff,27,0.9,39810.7,96799.8,-22.3518
rss-mtyp-xff,ss,typical,ff,27,0.9,63095.7,93215.9,-16.6755
rss-mtyp-xff,ss,typical,ff,27,0.9,100000,91506.4,-14.1746
rss-mtyp-xff,ss,typical,ff,27,0.9,158489,90212.4,-14.5798
rss-mtyp-xff,ss,typical,ff,27,0.9,251189,88239.8,-17.9410
rss-mtyp-xff,ss,typical,ff,27,0.9,398107,84178.8,-24.5769
rss-mtyp-xff,ss,typical,ff,27,0.9,630957,76140.2,-34.5912
rss-mtyp-xff,ss,typical,ff,27,0.9,1e+06,63108,-46.9567
rss-mtyp-xff,ss,typical,ff,27,0.9,1.58489e+06,47222.4,-59.2807
rss-mtyp-xff,ss,typical,ff,27,0.9,2.51189e+06,32545.1,-69.3825
rss-mtyp-xff,ss,typical,ff,27,0.9,3.98107e+06,21372.6,-76.6245
rss-mtyp-xff,ss,typical,ff,27,0.9,6.30957e+06,13714.5,-81.4555
rss-mtyp-xff,ss,typical,ff,27,0.9,1e+07,8713.03,-84.5713
rss-mtyp-xff,ss,typical,ff,27,0.9,1.58489e+07,5512.89,-86.5489
rss-mtyp-xff,ss,typical,ff,27,0.9,2.51189e+07,3482.44,-87.7903
rss-mtyp-xff,ss,typical,ff,27,0.9,3.98107e+07,2198.56,-88.5583
rss-mtyp-xff,ss,typical,ff,27,0.9,6.30957e+07,1387.91,-89.0201
rss-mtyp-xff,ss,typical,ff,27,0.9,1e+08,876.408,-89.2858
rss-mtyp-xff,ss,typical,ff,27,1.35,100,1.3025e+07,-89.5957
rss-mtyp-xff,ss,typical,ff,27,1.35,158.489,8.21851e+06,-89.3684
rss-mtyp-xff,ss,typical,ff,27,1.35,251.189,5.18601e+06,-89.0049
rss-mtyp-xff,ss,typical,ff,27,1.35,398.107,3.27292e+06,-88.4269
rss-mtyp-xff,ss,typical,ff,27,1.35,630.957,2.06628e+06,-87.5100
rss-mtyp-xff,ss,typical,ff,27,1.35,1000,1.30565e+06,-86.0591
rss-mtyp-xff,ss,typical,ff,27,1.35,1584.89,826830,-83.7704
rss-mtyp-xff,ss,typical,ff,27,1.35,2511.89,526456,-80.1881
rss-mtyp-xff,ss,typical,ff,27,1.35,3981.07,339600,-74.6823
rss-mtyp-xff,ss,typical,ff,27,1.35,6309.57,225618,-66.5707
rss-mtyp-xff,ss,typical,ff,27,1.35,10000,158918,-55.6349
rss-mtyp-xff,ss,typical,ff,27,1.35,15848.9,122649,-43.0079
rss-mtyp-xff,ss,typical,ff,27,1.35,25118.9,104759,-31.1532
rss-mtyp-xff,ss,typical,ff,27,1.35,39810.7,96683.4,-22.1327
rss-mtyp-xff,ss,typical,ff,27,1.35,63095.7,93177.5,-16.5273
rss-mtyp-xff,ss,typical,ff,27,1.35,100000,91500.6,-14.0789
rss-mtyp-xff,ss,typical,ff,27,1.35,158489,90219.5,-14.5196
rss-mtyp-xff,ss,typical,ff,27,1.35,251189,88251.4,-17.9044
rss-mtyp-xff,ss,typical,ff,27,1.35,398107,84190.5,-24.5558
rss-mtyp-xff,ss,typical,ff,27,1.35,630957,76149.4,-34.5804
rss-mtyp-xff,ss,typical,ff,27,1.35,1e+06,63113.4,-46.9520
rss-mtyp-xff,ss,typical,ff,27,1.35,1.58489e+06,47224.7,-59.2791
rss-mtyp-xff,ss,typical,ff,27,1.35,2.51189e+06,32545.9,-69.3820
rss-mtyp-xff,ss,typical,ff,27,1.35,3.98107e+06,21372.8,-76.6244
rss-mtyp-xff,ss,typical,ff,27,1.35,6.30957e+06,13714.6,-81.4555
rss-mtyp-xff,ss,typical,ff,27,1.35,1e+07,8713.04,-84.5713
rss-mtyp-xff,ss,typical,ff,27,1.35,1.58489e+07,5512.89,-86.5489
rss-mtyp-xff,ss,typical,ff,27,1.35,2.51189e+07,3482.45,-87.7903
rss-mtyp-xff,ss,typical,ff,27,1.35,3.98107e+07,2198.56,-88.5583
rss-mtyp-xff,ss,typical,ff,27,1.35,6.30957e+07,1387.91,-89.0201
rss-mtyp-xff,ss,typical,ff,27,1.35,1e+08,876.408,-89.2858
rss-mtyp-xff,ss,typical,ff,27,1.8,100,1.29852e+07,-89.5944
rss-mtyp-xff,ss,typical,ff,27,1.8,158.489,8.19344e+06,-89.3665
rss-mtyp-xff,ss,typical,ff,27,1.8,251.189,5.17019e+06,-89.0018
rss-mtyp-xff,ss,typical,ff,27,1.8,398.107,3.26294e+06,-88.4219
rss-mtyp-xff,ss,typical,ff,27,1.8,630.957,2.05999e+06,-87.5022
rss-mtyp-xff,ss,typical,ff,27,1.8,1000,1.30168e+06,-86.0467
rss-mtyp-xff,ss,typical,ff,27,1.8,1584.89,824339,-83.7510
rss-mtyp-xff,ss,typical,ff,27,1.8,2511.89,524899,-80.1578
rss-mtyp-xff,ss,typical,ff,27,1.8,3981.07,338640,-74.6363
rss-mtyp-xff,ss,typical,ff,27,1.8,6309.57,225043,-66.5050
rss-mtyp-xff,ss,typical,ff,27,1.8,10000,158595,-55.5514
rss-mtyp-xff,ss,typical,ff,27,1.8,15848.9,122485,-42.9195
rss-mtyp-xff,ss,typical,ff,27,1.8,25118.9,104685,-31.0769
rss-mtyp-xff,ss,typical,ff,27,1.8,39810.7,96653.7,-22.0764
rss-mtyp-xff,ss,typical,ff,27,1.8,63095.7,93167.8,-16.4892
rss-mtyp-xff,ss,typical,ff,27,1.8,100000,91499.2,-14.0543
rss-mtyp-xff,ss,typical,ff,27,1.8,158489,90221.4,-14.5041
rss-mtyp-xff,ss,typical,ff,27,1.8,251189,88254.3,-17.8949
rss-mtyp-xff,ss,typical,ff,27,1.8,398107,84193.5,-24.5504
rss-mtyp-xff,ss,typical,ff,27,1.8,630957,76151.8,-34.5776
rss-mtyp-xff,ss,typical,ff,27,1.8,1e+06,63114.7,-46.9508
rss-mtyp-xff,ss,typical,ff,27,1.8,1.58489e+06,47225.3,-59.2787
rss-mtyp-xff,ss,typical,ff,27,1.8,2.51189e+06,32546,-69.3819
rss-mtyp-xff,ss,typical,ff,27,1.8,3.98107e+06,21372.8,-76.6244
rss-mtyp-xff,ss,typical,ff,27,1.8,6.30957e+06,13714.6,-81.4555
rss-mtyp-xff,ss,typical,ff,27,1.8,1e+07,8713.05,-84.5713
rss-mtyp-xff,ss,typical,ff,27,1.8,1.58489e+07,5512.89,-86.5489
rss-mtyp-xff,ss,typical,ff,27,1.8,2.51189e+07,3482.45,-87.7903
rss-mtyp-xff,ss,typical,ff,27,1.8,3.98107e+07,2198.56,-88.5583
rss-mtyp-xff,ss,typical,ff,27,1.8,6.30957e+07,1387.91,-89.0201
rss-mtyp-xff,ss,typical,ff,27,1.8,1e+08,876.408,-89.2858
rss-mtyp-xff,ss,typical,ff,27,2.25,100,1.29751e+07,-89.5941
rss-mtyp-xff,ss,typical,ff,27,2.25,158.489,8.18702e+06,-89.3660
rss-mtyp-xff,ss,typical,ff,27,2.25,251.189,5.16614e+06,-89.0010
rss-mtyp-xff,ss,typical,ff,27,2.25,398.107,3.26038e+06,-88.4206
rss-mtyp-xff,ss,typical,ff,27,2.25,630.957,2.05838e+06,-87.5002
rss-mtyp-xff,ss,typical,ff,27,2.25,1000,1.30067e+06,-86.0435
rss-mtyp-xff,ss,typical,ff,27,2.25,1584.89,823701,-83.7459
rss-mtyp-xff,ss,typical,ff,27,2.25,2511.89,524500,-80.1500
rss-mtyp-xff,ss,typical,ff,27,2.25,3981.07,338394,-74.6245
rss-mtyp-xff,ss,typical,ff,27,2.25,6309.57,224896,-66.4881
rss-mtyp-xff,ss,typical,ff,27,2.25,10000,158512,-55.5300
rss-mtyp-xff,ss,typical,ff,27,2.25,15848.9,122442,-42.8969
rss-mtyp-xff,ss,typical,ff,27,2.25,25118.9,104666,-31.0574
rss-mtyp-xff,ss,typical,ff,27,2.25,39810.7,96646.1,-22.0619
rss-mtyp-xff,ss,typical,ff,27,2.25,63095.7,93165.3,-16.4795
rss-mtyp-xff,ss,typical,ff,27,2.25,100000,91498.8,-14.0480
rss-mtyp-xff,ss,typical,ff,27,2.25,158489,90221.9,-14.5002
rss-mtyp-xff,ss,typical,ff,27,2.25,251189,88255.1,-17.8925
rss-mtyp-xff,ss,typical,ff,27,2.25,398107,84194.3,-24.5490
rss-mtyp-xff,ss,typical,ff,27,2.25,630957,76152.4,-34.5768
rss-mtyp-xff,ss,typical,ff,27,2.25,1e+06,63115.1,-46.9505
rss-mtyp-xff,ss,typical,ff,27,2.25,1.58489e+06,47225.4,-59.2786
rss-mtyp-xff,ss,typical,ff,27,2.25,2.51189e+06,32546.1,-69.3819
rss-mtyp-xff,ss,typical,ff,27,2.25,3.98107e+06,21372.9,-76.6243
rss-mtyp-xff,ss,typical,ff,27,2.25,6.30957e+06,13714.6,-81.4555
rss-mtyp-xff,ss,typical,ff,27,2.25,1e+07,8713.05,-84.5713
rss-mtyp-xff,ss,typical,ff,27,2.25,1.58489e+07,5512.89,-86.5489
rss-mtyp-xff,ss,typical,ff,27,2.25,2.51189e+07,3482.45,-87.7903
rss-mtyp-xff,ss,typical,ff,27,2.25,3.98107e+07,2198.56,-88.5583
rss-mtyp-xff,ss,typical,ff,27,2.25,6.30957e+07,1387.91,-89.0201
rss-mtyp-xff,ss,typical,ff,27,2.25,1e+08,876.408,-89.2858
rss-mtyp-xff,ss,typical,ff,27,2.7,100,1.29725e+07,-89.5940
rss-mtyp-xff,ss,typical,ff,27,2.7,158.489,8.18538e+06,-89.3658
rss-mtyp-xff,ss,typical,ff,27,2.7,251.189,5.16511e+06,-89.0008
rss-mtyp-xff,ss,typical,ff,27,2.7,398.107,3.25973e+06,-88.4203
rss-mtyp-xff,ss,typical,ff,27,2.7,630.957,2.05796e+06,-87.4997
rss-mtyp-xff,ss,typical,ff,27,2.7,1000,1.30041e+06,-86.0427
rss-mtyp-xff,ss,typical,ff,27,2.7,1584.89,823537,-83.7447
rss-mtyp-xff,ss,typical,ff,27,2.7,2511.89,524398,-80.1480
rss-mtyp-xff,ss,typical,ff,27,2.7,3981.07,338331,-74.6215
rss-mtyp-xff,ss,typical,ff,27,2.7,6309.57,224859,-66.4838
rss-mtyp-xff,ss,typical,ff,27,2.7,10000,158491,-55.5245
rss-mtyp-xff,ss,typical,ff,27,2.7,15848.9,122432,-42.8910
rss-mtyp-xff,ss,typical,ff,27,2.7,25118.9,104661,-31.0524
rss-mtyp-xff,ss,typical,ff,27,2.7,39810.7,96644.2,-22.0582
rss-mtyp-xff,ss,typical,ff,27,2.7,63095.7,93164.7,-16.4770
rss-mtyp-xff,ss,typical,ff,27,2.7,100000,91498.7,-14.0464
rss-mtyp-xff,ss,typical,ff,27,2.7,158489,90222,-14.4992
rss-mtyp-xff,ss,typical,ff,27,2.7,251189,88255.3,-17.8919
rss-mtyp-xff,ss,typical,ff,27,2.7,398107,84194.5,-24.5486
rss-mtyp-xff,ss,typical,ff,27,2.7,630957,76152.5,-34.5767
rss-mtyp-xff,ss,typical,ff,27,2.7,1e+06,63115.2,-46.9504
rss-mtyp-xff,ss,typical,ff,27,2.7,1.58489e+06,47225.4,-59.2785
rss-mtyp-xff,ss,typical,ff,27,2.7,2.51189e+06,32546.1,-69.3819
rss-mtyp-xff,ss,typical,ff,27,2.7,3.98107e+06,21372.9,-76.6243
rss-mtyp-xff,ss,typical,ff,27,2.7,6.30957e+06,13714.6,-81.4555
rss-mtyp-xff,ss,typical,ff,27,2.7,1e+07,8713.05,-84.5713
rss-mtyp-xff,ss,typical,ff,27,2.7,1.58489e+07,5512.89,-86.5489
rss-mtyp-xff,ss,typical,ff,27,2.7,2.51189e+07,3482.45,-87.7903
rss-mtyp-xff,ss,typical,ff,27,2.7,3.98107e+07,2198.56,-88.5583
rss-mtyp-xff,ss,typical,ff,27,2.7,6.30957e+07,1387.91,-89.0201
rss-mtyp-xff,ss,typical,ff,27,2.7,1e+08,876.408,-89.2858
rss-mtyp-xff,ss,typical,ff,125,0.3,100,1.42199e+07,-89.6297
rss-mtyp-xff,ss,typical,ff,125,0.3,158.489,8.97241e+06,-89.4233
rss-mtyp-xff,ss,typical,ff,125,0.3,251.189,5.66165e+06,-89.0924
rss-mtyp-xff,ss,typical,ff,125,0.3,398.107,3.57295e+06,-88.5657
rss-mtyp-xff,ss,typical,ff,125,0.3,630.957,2.25548e+06,-87.7301
rss-mtyp-xff,ss,typical,ff,125,0.3,1000,1.42485e+06,-86.4071
rss-mtyp-xff,ss,typical,ff,125,0.3,1584.89,901771,-84.3184
rss-mtyp-xff,ss,typical,ff,125,0.3,2511.89,573316,-81.0423
rss-mtyp-xff,ss,typical,ff,125,0.3,3981.07,368523,-75.9821
rss-mtyp-xff,ss,typical,ff,125,0.3,6309.57,242942,-68.4434
rss-mtyp-xff,ss,typical,ff,125,0.3,10000,168673,-58.0509
rss-mtyp-xff,ss,typical,ff,125,0.3,15848.9,127589,-45.6179
rss-mtyp-xff,ss,typical,ff,125,0.3,25118.9,106914,-33.4512
rss-mtyp-xff,ss,typical,ff,125,0.3,39810.7,97434.1,-23.8512
rss-mtyp-xff,ss,typical,ff,125,0.3,63095.7,93297.5,-17.6934
rss-mtyp-xff,ss,typical,ff,125,0.3,100000,91357.4,-14.8296
rss-mtyp-xff,ss,typical,ff,125,0.3,158489,89974.5,-14.9848
rss-mtyp-xff,ss,typical,ff,125,0.3,251189,87978,-18.1771
rss-mtyp-xff,ss,typical,ff,125,0.3,398107,83932.3,-24.6971
rss-mtyp-xff,ss,typical,ff,125,0.3,630957,75942.1,-34.6326
rss-mtyp-xff,ss,typical,ff,125,0.3,1e+06,62977.2,-46.9520
rss-mtyp-xff,ss,typical,ff,125,0.3,1.58489e+06,47149.5,-59.2590
rss-mtyp-xff,ss,typical,ff,125,0.3,2.51189e+06,32506.5,-69.3608
rss-mtyp-xff,ss,typical,ff,125,0.3,3.98107e+06,21351.1,-76.6083
rss-mtyp-xff,ss,typical,ff,125,0.3,6.30957e+06,13701.9,-81.4445
rss-mtyp-xff,ss,typical,ff,125,0.3,1e+07,8705.31,-84.5642
rss-mtyp-xff,ss,typical,ff,125,0.3,1.58489e+07,5508.08,-86.5444
rss-mtyp-xff,ss,typical,ff,125,0.3,2.51189e+07,3479.43,-87.7876
rss-mtyp-xff,ss,typical,ff,125,0.3,3.98107e+07,2196.65,-88.5567
rss-mtyp-xff,ss,typical,ff,125,0.3,6.30957e+07,1386.7,-89.0193
rss-mtyp-xff,ss,typical,ff,125,0.3,1e+08,875.646,-89.2854
rss-mtyp-xff,ss,typical,ff,125,0.9,100,1.31795e+07,-89.6012
rss-mtyp-xff,ss,typical,ff,125,0.9,158.489,8.31597e+06,-89.3773
rss-mtyp-xff,ss,typical,ff,125,0.9,251.189,5.2475e+06,-89.0190
rss-mtyp-xff,ss,typical,ff,125,0.9,398.107,3.3117e+06,-88.4492
rss-mtyp-xff,ss,typical,ff,125,0.9,630.957,2.09073e+06,-87.5455
rss-mtyp-xff,ss,typical,ff,125,0.9,1000,1.32104e+06,-86.1150
rss-mtyp-xff,ss,typical,ff,125,0.9,1584.89,836495,-83.8585
rss-mtyp-xff,ss,typical,ff,125,0.9,2511.89,532477,-80.3252
rss-mtyp-xff,ss,typical,ff,125,0.9,3981.07,343283,-74.8904
rss-mtyp-xff,ss,typical,ff,125,0.9,6309.57,227773,-66.8685
rss-mtyp-xff,ss,typical,ff,125,0.9,10000,160063,-56.0143
rss-mtyp-xff,ss,typical,ff,125,0.9,15848.9,123145,-43.4105
rss-mtyp-xff,ss,typical,ff,125,0.9,25118.9,104878,-31.5013
rss-mtyp-xff,ss,typical,ff,125,0.9,39810.7,96612.4,-22.3889
rss-mtyp-xff,ss,typical,ff,125,0.9,63095.7,93022.2,-16.6978
rss-mtyp-xff,ss,typical,ff,125,0.9,100000,91311.1,-14.1845
rss-mtyp-xff,ss,typical,ff,125,0.9,158489,90019.4,-14.5788
rss-mtyp-xff,ss,typical,ff,125,0.9,251189,88054.4,-17.9296
rss-mtyp-xff,ss,typical,ff,125,0.9,398107,84010.8,-24.5545
rss-mtyp-xff,ss,typical,ff,125,0.9,630957,76003.8,-34.5591
rss-mtyp-xff,ss,typical,ff,125,0.9,1e+06,63013.2,-46.9203
rss-mtyp-xff,ss,typical,ff,125,0.9,1.58489e+06,47164.8,-59.2480
rss-mtyp-xff,ss,typical,ff,125,0.9,2.51189e+06,32511.5,-69.3577
rss-mtyp-xff,ss,typical,ff,125,0.9,3.98107e+06,21352.6,-76.6075
rss-mtyp-xff,ss,typical,ff,125,0.9,6.30957e+06,13702.3,-81.4444
rss-mtyp-xff,ss,typical,ff,125,0.9,1e+07,8705.4,-84.5642
rss-mtyp-xff,ss,typical,ff,125,0.9,1.58489e+07,5508.1,-86.5445
rss-mtyp-xff,ss,typical,ff,125,0.9,2.51189e+07,3479.43,-87.7876
rss-mtyp-xff,ss,typical,ff,125,0.9,3.98107e+07,2196.66,-88.5567
rss-mtyp-xff,ss,typical,ff,125,0.9,6.30957e+07,1386.71,-89.0193
rss-mtyp-xff,ss,typical,ff,125,0.9,1e+08,875.647,-89.2854
rss-mtyp-xff,ss,typical,ff,125,1.35,100,1.30248e+07,-89.5965
rss-mtyp-xff,ss,typical,ff,125,1.35,158.489,8.21841e+06,-89.3698
rss-mtyp-xff,ss,typical,ff,125,1.35,251.189,5.18594e+06,-89.0071
rss-mtyp-xff,ss,typical,ff,125,1.35,398.107,3.27287e+06,-88.4303
rss-mtyp-xff,ss,typical,ff,125,1.35,630.957,2.06624e+06,-87.5155
rss-mtyp-xff,ss,typical,ff,125,1.35,1000,1.30562e+06,-86.0677
rss-mtyp-xff,ss,typical,ff,125,1.35,1584.89,826798,-83.7840
rss-mtyp-xff,ss,typical,ff,125,1.35,2511.89,526415,-80.2092
rss-mtyp-xff,ss,typical,ff,125,1.35,3981.07,339543,-74.7142
rss-mtyp-xff,ss,typical,ff,125,1.35,6309.57,225535,-66.6163
rss-mtyp-xff,ss,typical,ff,125,1.35,10000,158802,-55.6928
rss-mtyp-xff,ss,typical,ff,125,1.35,15848.9,122500,-43.0688
rss-mtyp-xff,ss,typical,ff,125,1.35,25118.9,104586,-31.2050
rss-mtyp-xff,ss,typical,ff,125,1.35,39810.7,96495.7,-22.1694
rss-mtyp-xff,ss,typical,ff,125,1.35,63095.7,92983.7,-16.5493
rss-mtyp-xff,ss,typical,ff,125,1.35,100000,91305.2,-14.0886
rss-mtyp-xff,ss,typical,ff,125,1.35,158489,90026.5,-14.5186
rss-mtyp-xff,ss,typical,ff,125,1.35,251189,88065.9,-17.8928
rss-mtyp-xff,ss,typical,ff,125,1.35,398107,84022.5,-24.5333
rss-mtyp-xff,ss,typical,ff,125,1.35,630957,76013,-34.5482
rss-mtyp-xff,ss,typical,ff,125,1.35,1e+06,63018.6,-46.9157
rss-mtyp-xff,ss,typical,ff,125,1.35,1.58489e+06,47167,-59.2464
rss-mtyp-xff,ss,typical,ff,125,1.35,2.51189e+06,32512.2,-69.3573
rss-mtyp-xff,ss,typical,ff,125,1.35,3.98107e+06,21352.8,-76.6074
rss-mtyp-xff,ss,typical,ff,125,1.35,6.30957e+06,13702.3,-81.4444
rss-mtyp-xff,ss,typical,ff,125,1.35,1e+07,8705.42,-84.5643
rss-mtyp-xff,ss,typical,ff,125,1.35,1.58489e+07,5508.11,-86.5445
rss-mtyp-xff,ss,typical,ff,125,1.35,2.51189e+07,3479.43,-87.7877
rss-mtyp-xff,ss,typical,ff,125,1.35,3.98107e+07,2196.66,-88.5567
rss-mtyp-xff,ss,typical,ff,125,1.35,6.30957e+07,1386.71,-89.0193
rss-mtyp-xff,ss,typical,ff,125,1.35,1e+08,875.647,-89.2854
rss-mtyp-xff,ss,typical,ff,125,1.8,100,1.29851e+07,-89.5953
rss-mtyp-xff,ss,typical,ff,125,1.8,158.489,8.19333e+06,-89.3679
rss-mtyp-xff,ss,typical,ff,125,1.8,251.189,5.17013e+06,-89.0040
rss-mtyp-xff,ss,typical,ff,125,1.8,398.107,3.26289e+06,-88.4254
rss-mtyp-xff,ss,typical,ff,125,1.8,630.957,2.05995e+06,-87.5077
rss-mtyp-xff,ss,typical,ff,125,1.8,1000,1.30165e+06,-86.0553
rss-mtyp-xff,ss,typical,ff,125,1.8,1584.89,824306,-83.7645
rss-mtyp-xff,ss,typical,ff,125,1.8,2511.89,524857,-80.1789
rss-mtyp-xff,ss,typical,ff,125,1.8,3981.07,338582,-74.6684
rss-mtyp-xff,ss,typical,ff,125,1.8,6309.57,224960,-66.5507
rss-mtyp-xff,ss,typical,ff,125,1.8,10000,158479,-55.6094
rss-mtyp-xff,ss,typical,ff,125,1.8,15848.9,122335,-42.9804
rss-mtyp-xff,ss,typical,ff,125,1.8,25118.9,104511,-31.1287
rss-mtyp-xff,ss,typical,ff,125,1.8,39810.7,96465.9,-22.1129
rss-mtyp-xff,ss,typical,ff,125,1.8,63095.7,92973.9,-16.5112
rss-mtyp-xff,ss,typical,ff,125,1.8,100000,91303.8,-14.0639
rss-mtyp-xff,ss,typical,ff,125,1.8,158489,90028.3,-14.5031
rss-mtyp-xff,ss,typical,ff,125,1.8,251189,88068.9,-17.8834
rss-mtyp-xff,ss,typical,ff,125,1.8,398107,84025.5,-24.5279
rss-mtyp-xff,ss,typical,ff,125,1.8,630957,76015.3,-34.5454
rss-mtyp-xff,ss,typical,ff,125,1.8,1e+06,63019.9,-46.9144
rss-mtyp-xff,ss,typical,ff,125,1.8,1.58489e+06,47167.6,-59.2460
rss-mtyp-xff,ss,typical,ff,125,1.8,2.51189e+06,32512.4,-69.3572
rss-mtyp-xff,ss,typical,ff,125,1.8,3.98107e+06,21352.8,-76.6074
rss-mtyp-xff,ss,typical,ff,125,1.8,6.30957e+06,13702.3,-81.4444
rss-mtyp-xff,ss,typical,ff,125,1.8,1e+07,8705.42,-84.5643
rss-mtyp-xff,ss,typical,ff,125,1.8,1.58489e+07,5508.11,-86.5445
rss-mtyp-xff,ss,typical,ff,125,1.8,2.51189e+07,3479.43,-87.7877
rss-mtyp-xff,ss,typical,ff,125,1.8,3.98107e+07,2196.66,-88.5567
rss-mtyp-xff,ss,typical,ff,125,1.8,6.30957e+07,1386.71,-89.0193
rss-mtyp-xff,ss,typical,ff,125,1.8,1e+08,875.647,-89.2854
rss-mtyp-xff,ss,typical,ff,125,2.25,100,1.29749e+07,-89.5950
rss-mtyp-xff,ss,typical,ff,125,2.25,158.489,8.18691e+06,-89.3674
rss-mtyp-xff,ss,typical,ff,125,2.25,251.189,5.16608e+06,-89.0032
rss-mtyp-xff,ss,typical,ff,125,2.25,398.107,3.26034e+06,-88.4241
rss-mtyp-xff,ss,typical,ff,125,2.25,630.957,2.05834e+06,-87.5057
rss-mtyp-xff,ss,typical,ff,125,2.25,1000,1.30064e+06,-86.0521
rss-mtyp-xff,ss,typical,ff,125,2.25,1584.89,823668,-83.7595
rss-mtyp-xff,ss,typical,ff,125,2.25,2511.89,524459,-80.1711
rss-mtyp-xff,ss,typical,ff,125,2.25,3981.07,338336,-74.6566
rss-mtyp-xff,ss,typical,ff,125,2.25,6309.57,224813,-66.5339
rss-mtyp-xff,ss,typical,ff,125,2.25,10000,158396,-55.5880
rss-mtyp-xff,ss,typical,ff,125,2.25,15848.9,122293,-42.9578
rss-mtyp-xff,ss,typical,ff,125,2.25,25118.9,104492,-31.1091
rss-mtyp-xff,ss,typical,ff,125,2.25,39810.7,96458.3,-22.0985
rss-mtyp-xff,ss,typical,ff,125,2.25,63095.7,92971.4,-16.5014
rss-mtyp-xff,ss,typical,ff,125,2.25,100000,91303.4,-14.0576
rss-mtyp-xff,ss,typical,ff,125,2.25,158489,90028.8,-14.4991
rss-mtyp-xff,ss,typical,ff,125,2.25,251189,88069.7,-17.8809
rss-mtyp-xff,ss,typical,ff,125,2.25,398107,84026.3,-24.5265
rss-mtyp-xff,ss,typical,ff,125,2.25,630957,76015.9,-34.5447
rss-mtyp-xff,ss,typical,ff,125,2.25,1e+06,63020.3,-46.9141
rss-mtyp-xff,ss,typical,ff,125,2.25,1.58489e+06,47167.8,-59.2458
rss-mtyp-xff,ss,typical,ff,125,2.25,2.51189e+06,32512.5,-69.3571
rss-mtyp-xff,ss,typical,ff,125,2.25,3.98107e+06,21352.8,-76.6074
rss-mtyp-xff,ss,typical,ff,125,2.25,6.30957e+06,13702.3,-81.4444
rss-mtyp-xff,ss,typical,ff,125,2.25,1e+07,8705.42,-84.5643
rss-mtyp-xff,ss,typical,ff,125,2.25,1.58489e+07,5508.11,-86.5445
rss-mtyp-xff,ss,typical,ff,125,2.25,2.51189e+07,3479.43,-87.7877
rss-mtyp-xff,ss,typical,ff,125,2.25,3.98107e+07,2196.66,-88.5567
rss-mtyp-xff,ss,typical,ff,125,2.25,6.30957e+07,1386.71,-89.0193
rss-mtyp-xff,ss,typical,ff,125,2.25,1e+08,875.647,-89.2854
rss-mtyp-xff,ss,typical,ff,125,2.7,100,1.29723e+07,-89.5949
rss-mtyp-xff,ss,typical,ff,125,2.7,158.489,8.18527e+06,-89.3672
rss-mtyp-xff,ss,typical,ff,125,2.7,251.189,5.16504e+06,-89.0030
rss-mtyp-xff,ss,typical,ff,125,2.7,398.107,3.25968e+06,-88.4238
rss-mtyp-xff,ss,typical,ff,125,2.7,630.957,2.05793e+06,-87.5052
rss-mtyp-xff,ss,typical,ff,125,2.7,1000,1.30038e+06,-86.0513
rss-mtyp-xff,ss,typical,ff,125,2.7,1584.89,823505,-83.7583
rss-mtyp-xff,ss,typical,ff,125,2.7,2511.89,524357,-80.1691
rss-mtyp-xff,ss,typical,ff,125,2.7,3981.07,338273,-74.6535
rss-mtyp-xff,ss,typical,ff,125,2.7,6309.57,224775,-66.5296
rss-mtyp-xff,ss,typical,ff,125,2.7,10000,158375,-55.5825
rss-mtyp-xff,ss,typical,ff,125,2.7,15848.9,122283,-42.9520
rss-mtyp-xff,ss,typical,ff,125,2.7,25118.9,104487,-31.1041
rss-mtyp-xff,ss,typical,ff,125,2.7,39810.7,96456.4,-22.0948
rss-mtyp-xff,ss,typical,ff,125,2.7,63095.7,92970.7,-16.4989
rss-mtyp-xff,ss,typical,ff,125,2.7,100000,91303.3,-14.0560
rss-mtyp-xff,ss,typical,ff,125,2.7,158489,90028.9,-14.4981
rss-mtyp-xff,ss,typical,ff,125,2.7,251189,88069.9,-17.8803
rss-mtyp-xff,ss,typical,ff,125,2.7,398107,84026.5,-24.5261
rss-mtyp-xff,ss,typical,ff,125,2.7,630957,76016.1,-34.5445
rss-mtyp-xff,ss,typical,ff,125,2.7,1e+06,63020.4,-46.9141
rss-mtyp-xff,ss,typical,ff,125,2.7,1.58489e+06,47167.8,-59.2458
rss-mtyp-xff,ss,typical,ff,125,2.7,2.51189e+06,32512.5,-69.3571
rss-mtyp-xff,ss,typical,ff,125,2.7,3.98107e+06,21352.8,-76.6074
rss-mtyp-xff,ss,typical,ff,125,2.7,6.30957e+06,13702.3,-81.4444
rss-mtyp-xff,ss,typical,ff,125,2.7,1e+07,8705.42,-84.5643
rss-mtyp-xff,ss,typical,ff,125,2.7,1.58489e+07,5508.11,-86.5445
rss-mtyp-xff,ss,typical,ff,125,2.7,2.51189e+07,3479.43,-87.7877
rss-mtyp-xff,ss,typical,ff,125,2.7,3.98107e+07,2196.66,-88.5567
rss-mtyp-xff,ss,typical,ff,125,2.7,6.30957e+07,1386.71,-89.0193
rss-mtyp-xff,ss,typical,ff,125,2.7,1e+08,875.647,-89.2854
rss-mtyp-xss,ss,typical,ss,-40,0.3,100,1.417e+07,-89.6269
rss-mtyp-xss,ss,typical,ss,-40,0.3,158.489,8.94094e+06,-89.4188
rss-mtyp-xss,ss,typical,ss,-40,0.3,251.189,5.64179e+06,-89.0853
rss-mtyp-xss,ss,typical,ss,-40,0.3,398.107,3.56044e+06,-88.5545
rss-mtyp-xss,ss,typical,ss,-40,0.3,630.957,2.2476e+06,-87.7123
rss-mtyp-xss,ss,typical,ss,-40,0.3,1000,1.41992e+06,-86.3789
rss-mtyp-xss,ss,typical,ss,-40,0.3,1584.89,898711,-84.2741
rss-mtyp-xss,ss,typical,ss,-40,0.3,2511.89,571468,-80.9737
rss-mtyp-xss,ss,typical,ss,-40,0.3,3981.07,367484,-75.8794
rss-mtyp-xss,ss,typical,ss,-40,0.3,6309.57,242475,-68.3015
rss-mtyp-xss,ss,typical,ss,-40,0.3,10000,168635,-57.8891
rss-mtyp-xss,ss,typical,ss,-40,0.3,15848.9,127870,-45.5051
rss-mtyp-xss,ss,typical,ss,-40,0.3,25118.9,107399,-33.4967
rss-mtyp-xss,ss,typical,ss,-40,0.3,39810.7,98012.5,-24.1642
rss-mtyp-xss,ss,typical,ss,-40,0.3,63095.7,93871.3,-18.3856
rss-mtyp-xss,ss,typical,ss,-40,0.3,100000,91807.5,-16.0574
rss-mtyp-xss,ss,typical,ss,-40,0.3,158489,90079.3,-16.9833
rss-mtyp-xss,ss,typical,ss,-40,0.3,251189,87281.5,-21.2518
rss-mtyp-xss,ss,typical,ss,-40,0.3,398107,81649.7,-29.0900
rss-mtyp-xss,ss,typical,ss,-40,0.3,630957,71341.4,-40.1610
rss-mtyp-xss,ss,typical,ss,-40,0.3,1e+06,56523.3,-52.7185
rss-mtyp-xss,ss,typical,ss,-40,0.3,1.58489e+06,40635.8,-64.1790
rss-mtyp-xss,ss,typical,ss,-40,0.3,2.51189e+06,27312.6,-72.9735
rss-mtyp-xss,ss,typical,ss,-40,0.3,3.98107e+06,17714.9,-79.0476
rss-mtyp-xss,ss,typical,ss,-40,0.3,6.30957e+06,11305.7,-83.0290
rss-mtyp-xss,ss,typical,ss,-40,0.3,1e+07,7166.5,-85.5776
rss-mtyp-xss,ss,typical,ss,-40,0.3,1.58489e+07,4530.22,-87.1900
rss-mtyp-xss,ss,typical,ss,-40,0.3,2.51189e+07,2860.63,-88.2009
rss-mtyp-xss,ss,typical,ss,-40,0.3,3.98107e+07,1805.68,-88.8256
rss-mtyp-xss,ss,typical,ss,-40,0.3,6.30957e+07,1139.76,-89.2010
rss-mtyp-xss,ss,typical,ss,-40,0.3,1e+08,719.611,-89.4168
rss-mtyp-xss,ss,typical,ss,-40,0.9,100,1.31366e+07,-89.5980
rss-mtyp-xss,ss,typical,ss,-40,0.9,158.489,8.28893e+06,-89.3723
rss-mtyp-xss,ss,typical,ss,-40,0.9,251.189,5.23044e+06,-89.0111
rss-mtyp-xss,ss,typical,ss,-40,0.9,398.107,3.30095e+06,-88.4366
rss-mtyp-xss,ss,typical,ss,-40,0.9,630.957,2.08397e+06,-87.5255
rss-mtyp-xss,ss,typical,ss,-40,0.9,1000,1.31681e+06,-86.0836
rss-mtyp-xss,ss,typical,ss,-40,0.9,1584.89,833886,-83.8092
rss-mtyp-xss,ss,typical,ss,-40,0.9,2511.89,530922,-80.2490
rss-mtyp-xss,ss,typical,ss,-40,0.9,3981.07,342440,-74.7769
rss-mtyp-xss,ss,typical,ss,-40,0.9,6309.57,227445,-66.7142
rss-mtyp-xss,ss,typical,ss,-40,0.9,10000,160128,-55.8440
rss-mtyp-xss,ss,typical,ss,-40,0.9,15848.9,123502,-43.2997
rss-mtyp-xss,ss,typical,ss,-40,0.9,25118.9,105416,-31.5582
rss-mtyp-xss,ss,typical,ss,-40,0.9,39810.7,97229.3,-22.7157
rss-mtyp-xss,ss,typical,ss,-40,0.9,63095.7,93626.2,-17.4024
rss-mtyp-xss,ss,typical,ss,-40,0.9,100000,91787,-15.4228
rss-mtyp-xss,ss,typical,ss,-40,0.9,158489,90146.5,-16.5872
rss-mtyp-xss,ss,typical,ss,-40,0.9,251189,87375.1,-21.0148
rss-mtyp-xss,ss,typical,ss,-40,0.9,398107,81737.1,-28.9588
rss-mtyp-xss,ss,typical,ss,-40,0.9,630957,71402.6,-40.0980
rss-mtyp-xss,ss,typical,ss,-40,0.9,1e+06,56554.3,-52.6937
rss-mtyp-xss,ss,typical,ss,-40,0.9,1.58489e+06,40647.4,-64.1711
rss-mtyp-xss,ss,typical,ss,-40,0.9,2.51189e+06,27316.1,-72.9714
rss-mtyp-xss,ss,typical,ss,-40,0.9,3.98107e+06,17715.9,-79.0472
rss-mtyp-xss,ss,typical,ss,-40,0.9,6.30957e+06,11306,-83.0290
rss-mtyp-xss,ss,typical,ss,-40,0.9,1e+07,7166.56,-85.5776
rss-mtyp-xss,ss,typical,ss,-40,0.9,1.58489e+07,4530.24,-87.1900
rss-mtyp-xss,ss,typical,ss,-40,0.9,2.51189e+07,2860.63,-88.2009
rss-mtyp-xss,ss,typical,ss,-40,0.9,3.98107e+07,1805.68,-88.8256
rss-mtyp-xss,ss,typical,ss,-40,0.9,6.30957e+07,1139.76,-89.2010
rss-mtyp-xss,ss,typical,ss,-40,0.9,1e+08,719.611,-89.4168
rss-mtyp-xss,ss,typical,ss,-40,1.35,100,1.29829e+07,-89.5933
rss-mtyp-xss,ss,typical,ss,-40,1.35,158.489,8.19199e+06,-89.3647
rss-mtyp-xss,ss,typical,ss,-40,1.35,251.189,5.16929e+06,-88.9990
rss-mtyp-xss,ss,typical,ss,-40,1.35,398.107,3.26237e+06,-88.4175
rss-mtyp-xss,ss,typical,ss,-40,1.35,630.957,2.05964e+06,-87.4952
rss-mtyp-xss,ss,typical,ss,-40,1.35,1000,1.30149e+06,-86.0357
rss-mtyp-xss,ss,typical,ss,-40,1.35,1584.89,824253,-83.7338
rss-mtyp-xss,ss,typical,ss,-40,1.35,2511.89,524901,-80.1317
rss-mtyp-xss,ss,typical,ss,-40,1.35,3981.07,338728,-74.5991
rss-mtyp-xss,ss,typical,ss,-40,1.35,6309.57,225226,-66.4602
rss-mtyp-xss,ss,typical,ss,-40,1.35,10000,158882,-55.5213
rss-mtyp-xss,ss,typical,ss,-40,1.35,15848.9,122868,-42.9585
rss-mtyp-xss,ss,typical,ss,-40,1.35,25118.9,105132,-31.2638
rss-mtyp-xss,ss,typical,ss,-40,1.35,39810.7,97118.2,-22.4984
rss-mtyp-xss,ss,typical,ss,-40,1.35,63095.7,93592.2,-17.2558
rss-mtyp-xss,ss,typical,ss,-40,1.35,100000,91785,-15.3284
rss-mtyp-xss,ss,typical,ss,-40,1.35,158489,90156.8,-16.5284
rss-mtyp-xss,ss,typical,ss,-40,1.35,251189,87389.2,-20.9796
rss-mtyp-xss,ss,typical,ss,-40,1.35,398107,81750.2,-28.9393
rss-mtyp-xss,ss,typical,ss,-40,1.35,630957,71411.7,-40.0886
rss-mtyp-xss,ss,typical,ss,-40,1.35,1e+06,56558.9,-52.6901
rss-mtyp-xss,ss,typical,ss,-40,1.35,1.58489e+06,40649.1,-64.1700
rss-mtyp-xss,ss,typical,ss,-40,1.35,2.51189e+06,27316.6,-72.9711
rss-mtyp-xss,ss,typical,ss,-40,1.35,3.98107e+06,17716,-79.0471
rss-mtyp-xss,ss,typical,ss,-40,1.35,6.30957e+06,11306,-83.0290
rss-mtyp-xss,ss,typical,ss,-40,1.35,1e+07,7166.57,-85.5776
rss-mtyp-xss,ss,typical,ss,-40,1.35,1.58489e+07,4530.24,-87.1901
rss-mtyp-xss,ss,typical,ss,-40,1.35,2.51189e+07,2860.63,-88.2009
rss-mtyp-xss,ss,typical,ss,-40,1.35,3.98107e+07,1805.68,-88.8256
rss-mtyp-xss,ss,typical,ss,-40,1.35,6.30957e+07,1139.76,-89.2010
rss-mtyp-xss,ss,typical,ss,-40,1.35,1e+08,719.611,-89.4168
rss-mtyp-xss,ss,typical,ss,-40,1.8,100,1.29435e+07,-89.5921
rss-mtyp-xss,ss,typical,ss,-40,1.8,158.489,8.16708e+06,-89.3627
rss-mtyp-xss,ss,typical,ss,-40,1.8,251.189,5.15357e+06,-88.9959
rss-mtyp-xss,ss,typical,ss,-40,1.8,398.107,3.25246e+06,-88.4125
rss-mtyp-xss,ss,typical,ss,-40,1.8,630.957,2.05339e+06,-87.4873
rss-mtyp-xss,ss,typical,ss,-40,1.8,1000,1.29755e+06,-86.0232
rss-mtyp-xss,ss,typical,ss,-40,1.8,1584.89,821778,-83.7141
rss-mtyp-xss,ss,typical,ss,-40,1.8,2511.89,523354,-80.1011
rss-mtyp-xss,ss,typical,ss,-40,1.8,3981.07,337775,-74.5527
rss-mtyp-xss,ss,typical,ss,-40,1.8,6309.57,224657,-66.3941
rss-mtyp-xss,ss,typical,ss,-40,1.8,10000,158563,-55.4375
rss-mtyp-xss,ss,typical,ss,-40,1.8,15848.9,122706,-42.8702
rss-mtyp-xss,ss,typical,ss,-40,1.8,25118.9,105059,-31.1879
rss-mtyp-xss,ss,typical,ss,-40,1.8,39810.7,97089.9,-22.4425
rss-mtyp-xss,ss,typical,ss,-40,1.8,63095.7,93583.6,-17.2181
rss-mtyp-xss,ss,typical,ss,-40,1.8,100000,91784.5,-15.3042
rss-mtyp-xss,ss,typical,ss,-40,1.8,158489,90159.5,-16.5132
rss-mtyp-xss,ss,typical,ss,-40,1.8,251189,87392.8,-20.9705
rss-mtyp-xss,ss,typical,ss,-40,1.8,398107,81753.5,-28.9343
rss-mtyp-xss,ss,typical,ss,-40,1.8,630957,71414,-40.0862
rss-mtyp-xss,ss,typical,ss,-40,1.8,1e+06,56560.1,-52.6891
rss-mtyp-xss,ss,typical,ss,-40,1.8,1.58489e+06,40649.5,-64.1697
rss-mtyp-xss,ss,typical,ss,-40,1.8,2.51189e+06,27316.8,-72.9710
rss-mtyp-xss,ss,typical,ss,-40,1.8,3.98107e+06,17716,-79.0471
rss-mtyp-xss,ss,typical,ss,-40,1.8,6.30957e+06,11306,-83.0290
rss-mtyp-xss,ss,typical,ss,-40,1.8,1e+07,7166.58,-85.5776
rss-mtyp-xss,ss,typical,ss,-40,1.8,1.58489e+07,4530.24,-87.1901
rss-mtyp-xss,ss,typical,ss,-40,1.8,2.51189e+07,2860.63,-88.2009
rss-mtyp-xss,ss,typical,ss,-40,1.8,3.98107e+07,1805.68,-88.8256
rss-mtyp-xss,ss,typical,ss,-40,1.8,6.30957e+07,1139.76,-89.2010
rss-mtyp-xss,ss,typical,ss,-40,1.8,1e+08,719.611,-89.4168
rss-mtyp-xss,ss,typical,ss,-40,2.25,100,1.29334e+07,-89.5918
rss-mtyp-xss,ss,typical,ss,-40,2.25,158.489,8.1607e+06,-89.3622
rss-mtyp-xss,ss,typical,ss,-40,2.25,251.189,5.14955e+06,-88.9951
rss-mtyp-xss,ss,typical,ss,-40,2.25,398.107,3.24992e+06,-88.4112
rss-mtyp-xss,ss,typical,ss,-40,2.25,630.957,2.05179e+06,-87.4853
rss-mtyp-xss,ss,typical,ss,-40,2.25,1000,1.29654e+06,-86.0200
rss-mtyp-xss,ss,typical,ss,-40,2.25,1584.89,821144,-83.7091
rss-mtyp-xss,ss,typical,ss,-40,2.25,2511.89,522958,-80.0932
rss-mtyp-xss,ss,typical,ss,-40,2.25,3981.07,337531,-74.5408
rss-mtyp-xss,ss,typical,ss,-40,2.25,6309.57,224511,-66.3771
rss-mtyp-xss,ss,typical,ss,-40,2.25,10000,158481,-55.4160
rss-mtyp-xss,ss,typical,ss,-40,2.25,15848.9,122665,-42.8476
rss-mtyp-xss,ss,typical,ss,-40,2.25,25118.9,105041,-31.1685
rss-mtyp-xss,ss,typical,ss,-40,2.25,39810.7,97082.7,-22.4282
rss-mtyp-xss,ss,typical,ss,-40,2.25,63095.7,93581.3,-17.2084
rss-mtyp-xss,ss,typical,ss,-40,2.25,100000,91784.4,-15.2980
rss-mtyp-xss,ss,typical,ss,-40,2.25,158489,90160.2,-16.5094
rss-mtyp-xss,ss,typical,ss,-40,2.25,251189,87393.7,-20.9682
rss-mtyp-xss,ss,typical,ss,-40,2.25,398107,81754.4,-28.9330
rss-mtyp-xss,ss,typical,ss,-40,2.25,630957,71414.6,-40.0856
rss-mtyp-xss,ss,typical,ss,-40,2.25,1e+06,56560.4,-52.6889
rss-mtyp-xss,ss,typical,ss,-40,2.25,1.58489e+06,40649.7,-64.1696
rss-mtyp-xss,ss,typical,ss,-40,2.25,2.51189e+06,27316.8,-72.9710
rss-mtyp-xss,ss,typical,ss,-40,2.25,3.98107e+06,17716.1,-79.0471
rss-mtyp-xss,ss,typical,ss,-40,2.25,6.30957e+06,11306,-83.0290
rss-mtyp-xss,ss,typical,ss,-40,2.25,1e+07,7166.58,-85.5776
rss-mtyp-xss,ss,typical,ss,-40,2.25,1.58489e+07,4530.24,-87.1901
rss-mtyp-xss,ss,typical,ss,-40,2.25,2.51189e+07,2860.63,-88.2009
rss-mtyp-xss,ss,typical,ss,-40,2.25,3.98107e+07,1805.68,-88.8256
rss-mtyp-xss,ss,typical,ss,-40,2.25,6.30957e+07,1139.76,-89.2010
rss-mtyp-xss,ss,typical,ss,-40,2.25,1e+08,719.611,-89.4168
rss-mtyp-xss,ss,typical,ss,-40,2.7,100,1.29308e+07,-89.5917
rss-mtyp-xss,ss,typical,ss,-40,2.7,158.489,8.15907e+06,-89.3621
rss-mtyp-xss,ss,typical,ss,-40,2.7,251.189,5.14852e+06,-88.9949
rss-mtyp-xss,ss,typical,ss,-40,2.7,398.107,3.24927e+06,-88.4109
rss-mtyp-xss,ss,typical,ss,-40,2.7,630.957,2.05138e+06,-87.4848
rss-mtyp-xss,ss,typical,ss,-40,2.7,1000,1.29628e+06,-86.0191
rss-mtyp-xss,ss,typical,ss,-40,2.7,1584.89,820982,-83.7078
rss-mtyp-xss,ss,typical,ss,-40,2.7,2511.89,522857,-80.0912
rss-mtyp-xss,ss,typical,ss,-40,2.7,3981.07,337468,-74.5378
rss-mtyp-xss,ss,typical,ss,-40,2.7,6309.57,224474,-66.3728
rss-mtyp-xss,ss,typical,ss,-40,2.7,10000,158460,-55.4105
rss-mtyp-xss,ss,typical,ss,-40,2.7,15848.9,122654,-42.8418
rss-mtyp-xss,ss,typical,ss,-40,2.7,25118.9,105036,-31.1635
rss-mtyp-xss,ss,typical,ss,-40,2.7,39810.7,97080.8,-22.4245
rss-mtyp-xss,ss,typical,ss,-40,2.7,63095.7,93580.8,-17.2059
rss-mtyp-xss,ss,typical,ss,-40,2.7,100000,91784.4,-15.2964
rss-mtyp-xss,ss,typical,ss,-40,2.7,158489,90160.4,-16.5084
rss-mtyp-xss,ss,typical,ss,-40,2.7,251189,87394,-20.9676
rss-mtyp-xss,ss,typical,ss,-40,2.7,398107,81754.6,-28.9327
rss-mtyp-xss,ss,typical,ss,-40,2.7,630957,71414.8,-40.0854
rss-mtyp-xss,ss,typical,ss,-40,2.7,1e+06,56560.5,-52.6888
rss-mtyp-xss,ss,typical,ss,-40,2.7,1.58489e+06,40649.7,-64.1696
rss-mtyp-xss,ss,typical,ss,-40,2.7,2.51189e+06,27316.8,-72.9710
rss-mtyp-xss,ss,typical,ss,-40,2.7,3.98107e+06,17716.1,-79.0471
rss-mtyp-xss,ss,typical,ss,-40,2.7,6.30957e+06,11306,-83.0290
rss-mtyp-xss,ss,typical,ss,-40,2.7,1e+07,7166.58,-85.5776
rss-mtyp-xss,ss,typical,ss,-40,2.7,1.58489e+07,4530.24,-87.1901
rss-mtyp-xss,ss,typical,ss,-40,2.7,2.51189e+07,2860.63,-88.2009
rss-mtyp-xss,ss,typical,ss,-40,2.7,3.98107e+07,1805.68,-88.8256
rss-mtyp-xss,ss,typical,ss,-40,2.7,6.30957e+07,1139.76,-89.2010
rss-mtyp-xss,ss,typical,ss,-40,2.7,1e+08,719.611,-89.4168
rss-mtyp-xss,ss,typical,ss,27,0.3,100,1.41696e+07,-89.6303
rss-mtyp-xss,ss,typical,ss,27,0.3,158.489,8.94072e+06,-89.4241
rss-mtyp-xss,ss,typical,ss,27,0.3,251.189,5.64165e+06,-89.0936
rss-mtyp-xss,ss,typical,ss,27,0.3,398.107,3.56033e+06,-88.5677
rss-mtyp-xss,ss,typical,ss,27,0.3,630.957,2.24752e+06,-87.7332
rss-mtyp-xss,ss,typical,ss,27,0.3,1000,1.41983e+06,-86.4120
rss-mtyp-xss,ss,typical,ss,27,0.3,1584.89,898605,-84.3263
rss-mtyp-xss,ss,typical,ss,27,0.3,2511.89,571321,-81.0550
rss-mtyp-xss,ss,typical,ss,27,0.3,3981.07,367268,-76.0035
rss-mtyp-xss,ss,typical,ss,27,0.3,6309.57,242155,-68.4812
rss-mtyp-xss,ss,typical,ss,27,0.3,10000,168179,-58.1228
rss-mtyp-xss,ss,typical,ss,27,0.3,15848.9,127271,-45.7592
rss-mtyp-xss,ss,typical,ss,27,0.3,25118.9,106687,-33.7179
rss-mtyp-xss,ss,typical,ss,27,0.3,39810.7,97233.9,-24.3197
rss-mtyp-xss,ss,typical,ss,27,0.3,63095.7,93064,-18.4716
rss-mtyp-xss,ss,typical,ss,27,0.3,100000,90996.6,-16.0802
rss-mtyp-xss,ss,typical,ss,27,0.3,158489,89288.6,-16.9458
rss-mtyp-xss,ss,typical,ss,27,0.3,251189,86547.7,-21.1516
rss-mtyp-xss,ss,typical,ss,27,0.3,398107,81033.6,-28.9259
rss-mtyp-xss,ss,typical,ss,27,0.3,630957,70908.7,-39.9500
rss-mtyp-xss,ss,typical,ss,27,0.3,1e+06,56282.3,-52.5033
rss-mtyp-xss,ss,typical,ss,27,0.3,1.58489e+06,40522.5,-64.0009
rss-mtyp-xss,ss,typical,ss,27,0.3,2.51189e+06,27260.2,-72.8455
rss-mtyp-xss,ss,typical,ss,27,0.3,3.98107e+06,17688.3,-78.9622
rss-mtyp-xss,ss,typical,ss,27,0.3,6.30957e+06,11290.8,-82.9739
rss-mtyp-xss,ss,typical,ss,27,0.3,1e+07,7157.55,-85.5425
rss-mtyp-xss,ss,typical,ss,27,0.3,1.58489e+07,4524.7,-87.1680
rss-mtyp-xss,ss,typical,ss,27,0.3,2.51189e+07,2857.17,-88.1872
rss-mtyp-xss,ss,typical,ss,27,0.3,3.98107e+07,1803.51,-88.8173
rss-mtyp-xss,ss,typical,ss,27,0.3,6.30957e+07,1138.39,-89.1963
rss-mtyp-xss,ss,typical,ss,27,0.3,1e+08,718.735,-89.4143
rss-mtyp-xss,ss,typical,ss,27,0.9,100,1.31363e+07,-89.6016
rss-mtyp-xss,ss,typical,ss,27,0.9,158.489,8.28874e+06,-89.3780
rss-mtyp-xss,ss,typical,ss,27,0.9,251.189,5.23031e+06,-89.0201
rss-mtyp-xss,ss,typical,ss,27,0.9,398.107,3.30086e+06,-88.4509
rss-mtyp-xss,ss,typical,ss,27,0.9,630.957,2.08389e+06,-87.5482
rss-mtyp-xss,ss,typical,ss,27,0.9,1000,1.31673e+06,-86.1194
rss-mtyp-xss,ss,typical,ss,27,0.9,1584.89,833776,-83.8655
rss-mtyp-xss,ss,typical,ss,27,0.9,2511.89,530766,-80.3366
rss-mtyp-xss,ss,typical,ss,27,0.9,3981.07,342209,-74.9098
rss-mtyp-xss,ss,typical,ss,27,0.9,6309.57,227104,-66.9041
rss-mtyp-xss,ss,typical,ss,27,0.9,10000,159647,-56.0848
rss-mtyp-xss,ss,typical,ss,27,0.9,15848.9,122879,-43.5526
rss-mtyp-xss,ss,typical,ss,27,0.9,25118.9,104688,-31.7709
rss-mtyp-xss,ss,typical,ss,27,0.9,39810.7,96442.2,-22.8611
rss-mtyp-xss,ss,typical,ss,27,0.9,63095.7,92814.6,-17.4801
rss-mtyp-xss,ss,typical,ss,27,0.9,100000,90973.8,-15.4398
rss-mtyp-xss,ss,typical,ss,27,0.9,158489,89354.3,-16.5459
rss-mtyp-xss,ss,typical,ss,27,0.9,251189,86640.4,-20.9120
rss-mtyp-xss,ss,typical,ss,27,0.9,398107,81120.6,-28.7930
rss-mtyp-xss,ss,typical,ss,27,0.9,630957,70969.9,-39.8859
rss-mtyp-xss,ss,typical,ss,27,0.9,1e+06,56313.5,-52.4781
rss-mtyp-xss,ss,typical,ss,27,0.9,1.58489e+06,40534.2,-63.9929
rss-mtyp-xss,ss,typical,ss,27,0.9,2.51189e+06,27263.8,-72.8433
rss-mtyp-xss,ss,typical,ss,27,0.9,3.98107e+06,17689.3,-78.9617
rss-mtyp-xss,ss,typical,ss,27,0.9,6.30957e+06,11291,-82.9738
rss-mtyp-xss,ss,typical,ss,27,0.9,1e+07,7157.62,-85.5426
rss-mtyp-xss,ss,typical,ss,27,0.9,1.58489e+07,4524.71,-87.1680
rss-mtyp-xss,ss,typical,ss,27,0.9,2.51189e+07,2857.18,-88.1872
rss-mtyp-xss,ss,typical,ss,27,0.9,3.98107e+07,1803.51,-88.8174
rss-mtyp-xss,ss,typical,ss,27,0.9,6.30957e+07,1138.39,-89.1963
rss-mtyp-xss,ss,typical,ss,27,0.9,1e+08,718.735,-89.4143
rss-mtyp-xss,ss,typical,ss,27,1.35,100,1.29827e+07,-89.5970
rss-mtyp-xss,ss,typical,ss,27,1.35,158.489,8.19181e+06,-89.3705
rss-mtyp-xss,ss,typical,ss,27,1.35,251.189,5.16916e+06,-89.0082
rss-mtyp-xss,ss,typical,ss,27,1.35,398.107,3.26228e+06,-88.4320
rss-mtyp-xss,ss,typical,ss,27,1.35,630.957,2.05956e+06,-87.5181
rss-mtyp-xss,ss,typical,ss,27,1.35,1000,1.3014e+06,-86.0719
rss-mtyp-xss,ss,typical,ss,27,1.35,1584.89,824143,-83.7908
rss-mtyp-xss,ss,typical,ss,27,1.35,2511.89,524744,-80.2203
rss-mtyp-xss,ss,typical,ss,27,1.35,3981.07,338495,-74.7333
rss-mtyp-xss,ss,typical,ss,27,1.35,6309.57,224882,-66.6516
rss-mtyp-xss,ss,typical,ss,27,1.35,10000,158397,-55.7632
rss-mtyp-xss,ss,typical,ss,27,1.35,15848.9,122243,-43.2111
rss-mtyp-xss,ss,typical,ss,27,1.35,25118.9,104402,-31.4751
rss-mtyp-xss,ss,typical,ss,27,1.35,39810.7,96329.9,-22.6423
rss-mtyp-xss,ss,typical,ss,27,1.35,63095.7,92779.9,-17.3323
rss-mtyp-xss,ss,typical,ss,27,1.35,100000,90971.4,-15.3446
rss-mtyp-xss,ss,typical,ss,27,1.35,158489,89364.4,-16.4865
rss-mtyp-xss,ss,typical,ss,27,1.35,251189,86654.3,-20.8764
rss-mtyp-xss,ss,typical,ss,27,1.35,398107,81133.6,-28.7733
rss-mtyp-xss,ss,typical,ss,27,1.35,630957,70979.1,-39.8764
rss-mtyp-xss,ss,typical,ss,27,1.35,1e+06,56318.1,-52.4744
rss-mtyp-xss,ss,typical,ss,27,1.35,1.58489e+06,40536,-63.9917
rss-mtyp-xss,ss,typical,ss,27,1.35,2.51189e+06,27264.3,-72.8430
rss-mtyp-xss,ss,typical,ss,27,1.35,3.98107e+06,17689.4,-78.9616
rss-mtyp-xss,ss,typical,ss,27,1.35,6.30957e+06,11291.1,-82.9738
rss-mtyp-xss,ss,typical,ss,27,1.35,1e+07,7157.63,-85.5426
rss-mtyp-xss,ss,typical,ss,27,1.35,1.58489e+07,4524.72,-87.1680
rss-mtyp-xss,ss,typical,ss,27,1.35,2.51189e+07,2857.18,-88.1872
rss-mtyp-xss,ss,typical,ss,27,1.35,3.98107e+07,1803.51,-88.8174
rss-mtyp-xss,ss,typical,ss,27,1.35,6.30957e+07,1138.39,-89.1963
rss-mtyp-xss,ss,typical,ss,27,1.35,1e+08,718.735,-89.4143
rss-mtyp-xss,ss,typical,ss,27,1.8,100,1.29432e+07,-89.5958
rss-mtyp-xss,ss,typical,ss,27,1.8,158.489,8.1669e+06,-89.3685
rss-mtyp-xss,ss,typical,ss,27,1.8,251.189,5.15344e+06,-89.0050
rss-mtyp-xss,ss,typical,ss,27,1.8,398.107,3.25237e+06,-88.4270
rss-mtyp-xss,ss,typical,ss,27,1.8,630.957,2.05331e+06,-87.5103
rss-mtyp-xss,ss,typical,ss,27,1.8,1000,1.29746e+06,-86.0595
rss-mtyp-xss,ss,typical,ss,27,1.8,1584.89,821667,-83.7713
rss-mtyp-xss,ss,typical,ss,27,1.8,2511.89,523197,-80.1900
rss-mtyp-xss,ss,typical,ss,27,1.8,3981.07,337541,-74.6874
rss-mtyp-xss,ss,typical,ss,27,1.8,6309.57,224312,-66.5859
rss-mtyp-xss,ss,typical,ss,27,1.8,10000,158077,-55.6797
rss-mtyp-xss,ss,typical,ss,27,1.8,15848.9,122080,-43.1227
rss-mtyp-xss,ss,typical,ss,27,1.8,25118.9,104329,-31.3989
rss-mtyp-xss,ss,typical,ss,27,1.8,39810.7,96301.3,-22.5859
rss-mtyp-xss,ss,typical,ss,27,1.8,63095.7,92771.1,-17.2943
rss-mtyp-xss,ss,typical,ss,27,1.8,100000,90970.8,-15.3201
rss-mtyp-xss,ss,typical,ss,27,1.8,158489,89367.1,-16.4712
rss-mtyp-xss,ss,typical,ss,27,1.8,251189,86657.9,-20.8673
rss-mtyp-xss,ss,typical,ss,27,1.8,398107,81136.9,-28.7682
rss-mtyp-xss,ss,typical,ss,27,1.8,630957,70981.4,-39.8740
rss-mtyp-xss,ss,typical,ss,27,1.8,1e+06,56319.3,-52.4734
rss-mtyp-xss,ss,typical,ss,27,1.8,1.58489e+06,40536.4,-63.9914
rss-mtyp-xss,ss,typical,ss,27,1.8,2.51189e+06,27264.5,-72.8429
rss-mtyp-xss,ss,typical,ss,27,1.8,3.98107e+06,17689.5,-78.9616
rss-mtyp-xss,ss,typical,ss,27,1.8,6.30957e+06,11291.1,-82.9738
rss-mtyp-xss,ss,typical,ss,27,1.8,1e+07,7157.63,-85.5426
rss-mtyp-xss,ss,typical,ss,27,1.8,1.58489e+07,4524.72,-87.1680
rss-mtyp-xss,ss,typical,ss,27,1.8,2.51189e+07,2857.18,-88.1872
rss-mtyp-xss,ss,typical,ss,27,1.8,3.98107e+07,1803.51,-88.8174
rss-mtyp-xss,ss,typical,ss,27,1.8,6.30957e+07,1138.39,-89.1963
rss-mtyp-xss,ss,typical,ss,27,1.8,1e+08,718.735,-89.4143
rss-mtyp-xss,ss,typical,ss,27,2.25,100,1.29331e+07,-89.5954
rss-mtyp-xss,ss,typical,ss,27,2.25,158.489,8.16052e+06,-89.3680
rss-mtyp-xss,ss,typical,ss,27,2.25,251.189,5.14942e+06,-89.0042
rss-mtyp-xss,ss,typical,ss,27,2.25,398.107,3.24983e+06,-88.4258
rss-mtyp-xss,ss,typical,ss,27,2.25,630.957,2.05171e+06,-87.5083
rss-mtyp-xss,ss,typical,ss,27,2.25,1000,1.29646e+06,-86.0563
rss-mtyp-xss,ss,typical,ss,27,2.25,1584.89,821033,-83.7663
rss-mtyp-xss,ss,typical,ss,27,2.25,2511.89,522801,-80.1822
rss-mtyp-xss,ss,typical,ss,27,2.25,3981.07,337297,-74.6756
rss-mtyp-xss,ss,typical,ss,27,2.25,6309.57,224166,-66.5691
rss-mtyp-xss,ss,typical,ss,27,2.25,10000,157995,-55.6583
rss-mtyp-xss,ss,typical,ss,27,2.25,15848.9,122038,-43.1001
rss-mtyp-xss,ss,typical,ss,27,2.25,25118.9,104310,-31.3793
rss-mtyp-xss,ss,typical,ss,27,2.25,39810.7,96293.9,-22.5715
rss-mtyp-xss,ss,typical,ss,27,2.25,63095.7,92768.9,-17.2845
rss-mtyp-xss,ss,typical,ss,27,2.25,100000,90970.7,-15.3138
rss-mtyp-xss,ss,typical,ss,27,2.25,158489,89367.7,-16.4673
rss-mtyp-xss,ss,typical,ss,27,2.25,251189,86658.9,-20.8650
rss-mtyp-xss,ss,typical,ss,27,2.25,398107,81137.8,-28.7669
rss-mtyp-xss,ss,typical,ss,27,2.25,630957,70982,-39.8734
rss-mtyp-xss,ss,typical,ss,27,2.25,1e+06,56319.6,-52.4732
rss-mtyp-xss,ss,typical,ss,27,2.25,1.58489e+06,40536.6,-63.9913
rss-mtyp-xss,ss,typical,ss,27,2.25,2.51189e+06,27264.5,-72.8429
rss-mtyp-xss,ss,typical,ss,27,2.25,3.98107e+06,17689.5,-78.9616
rss-mtyp-xss,ss,typical,ss,27,2.25,6.30957e+06,11291.1,-82.9738
rss-mtyp-xss,ss,typical,ss,27,2.25,1e+07,7157.63,-85.5426
rss-mtyp-xss,ss,typical,ss,27,2.25,1.58489e+07,4524.72,-87.1680
rss-mtyp-xss,ss,typical,ss,27,2.25,2.51189e+07,2857.18,-88.1872
rss-mtyp-xss,ss,typical,ss,27,2.25,3.98107e+07,1803.51,-88.8174
rss-mtyp-xss,ss,typical,ss,27,2.25,6.30957e+07,1138.39,-89.1963
rss-mtyp-xss,ss,typical,ss,27,2.25,1e+08,718.735,-89.4143
rss-mtyp-xss,ss,typical,ss,27,2.7,100,1.29305e+07,-89.5954
rss-mtyp-xss,ss,typical,ss,27,2.7,158.489,8.15889e+06,-89.3679
rss-mtyp-xss,ss,typical,ss,27,2.7,251.189,5.14839e+06,-89.0040
rss-mtyp-xss,ss,typical,ss,27,2.7,398.107,3.24918e+06,-88.4254
rss-mtyp-xss,ss,typical,ss,27,2.7,630.957,2.0513e+06,-87.5078
rss-mtyp-xss,ss,typical,ss,27,2.7,1000,1.2962e+06,-86.0555
rss-mtyp-xss,ss,typical,ss,27,2.7,1584.89,820871,-83.7650
rss-mtyp-xss,ss,typical,ss,27,2.7,2511.89,522700,-80.1802
rss-mtyp-xss,ss,typical,ss,27,2.7,3981.07,337234,-74.6725
rss-mtyp-xss,ss,typical,ss,27,2.7,6309.57,224128,-66.5647
rss-mtyp-xss,ss,typical,ss,27,2.7,10000,157974,-55.6528
rss-mtyp-xss,ss,typical,ss,27,2.7,15848.9,122027,-43.0943
rss-mtyp-xss,ss,typical,ss,27,2.7,25118.9,104305,-31.3743
rss-mtyp-xss,ss,typical,ss,27,2.7,39810.7,96292.1,-22.5678
rss-mtyp-xss,ss,typical,ss,27,2.7,63095.7,92768.3,-17.2821
rss-mtyp-xss,ss,typical,ss,27,2.7,100000,90970.6,-15.3122
rss-mtyp-xss,ss,typical,ss,27,2.7,158489,89367.9,-16.4663
rss-mtyp-xss,ss,typical,ss,27,2.7,251189,86659.1,-20.8644
rss-mtyp-xss,ss,typical,ss,27,2.7,398107,81138,-28.7666
rss-mtyp-xss,ss,typical,ss,27,2.7,630957,70982.2,-39.8732
rss-mtyp-xss,ss,typical,ss,27,2.7,1e+06,56319.7,-52.4731
rss-mtyp-xss,ss,typical,ss,27,2.7,1.58489e+06,40536.6,-63.9913
rss-mtyp-xss,ss,typical,ss,27,2.7,2.51189e+06,27264.5,-72.8429
rss-mtyp-xss,ss,typical,ss,27,2.7,3.98107e+06,17689.5,-78.9616
rss-mtyp-xss,ss,typical,ss,27,2.7,6.30957e+06,11291.1,-82.9738
rss-mtyp-xss,ss,typical,ss,27,2.7,1e+07,7157.63,-85.5426
rss-mtyp-xss,ss,typical,ss,27,2.7,1.58489e+07,4524.72,-87.1680
rss-mtyp-xss,ss,typical,ss,27,2.7,2.51189e+07,2857.18,-88.1872
rss-mtyp-xss,ss,typical,ss,27,2.7,3.98107e+07,1803.51,-88.8174
rss-mtyp-xss,ss,typical,ss,27,2.7,6.30957e+07,1138.39,-89.1963
rss-mtyp-xss,ss,typical,ss,27,2.7,1e+08,718.735,-89.4143
rss-mtyp-xss,ss,typical,ss,125,0.3,100,1.41694e+07,-89.6310
rss-mtyp-xss,ss,typical,ss,125,0.3,158.489,8.94056e+06,-89.4253
rss-mtyp-xss,ss,typical,ss,125,0.3,251.189,5.64155e+06,-89.0956
rss-mtyp-xss,ss,typical,ss,125,0.3,398.107,3.56027e+06,-88.5708
rss-mtyp-xss,ss,typical,ss,125,0.3,630.957,2.24747e+06,-87.7382
rss-mtyp-xss,ss,typical,ss,125,0.3,1000,1.41979e+06,-86.4199
rss-mtyp-xss,ss,typical,ss,125,0.3,1584.89,898569,-84.3387
rss-mtyp-xss,ss,typical,ss,125,0.3,2511.89,571280,-81.0743
rss-mtyp-xss,ss,typical,ss,125,0.3,3981.07,367213,-76.0330
rss-mtyp-xss,ss,typical,ss,125,0.3,6309.57,242077,-68.5239
rss-mtyp-xss,ss,typical,ss,125,0.3,10000,168069,-58.1786
rss-mtyp-xss,ss,typical,ss,125,0.3,15848.9,127128,-45.8202
rss-mtyp-xss,ss,typical,ss,125,0.3,25118.9,106518,-33.7716
rss-mtyp-xss,ss,typical,ss,125,0.3,39810.7,97048.9,-24.3585
rss-mtyp-xss,ss,typical,ss,125,0.3,63095.7,92872,-18.4948
rss-mtyp-xss,ss,typical,ss,125,0.3,100000,90803.3,-16.0898
rss-mtyp-xss,ss,typical,ss,125,0.3,158489,89098.8,-16.9434
rss-mtyp-xss,ss,typical,ss,125,0.3,251189,86368.8,-21.1373
rss-mtyp-xss,ss,typical,ss,125,0.3,398107,80877.5,-28.9001
rss-mtyp-xss,ss,typical,ss,125,0.3,630957,70789.6,-39.9158
rss-mtyp-xss,ss,typical,ss,125,0.3,1e+06,56204.7,-52.4681
rss-mtyp-xss,ss,typical,ss,125,0.3,1.58489e+06,40476.7,-63.9716
rss-mtyp-xss,ss,typical,ss,125,0.3,2.51189e+06,27233.3,-72.8243
rss-mtyp-xss,ss,typical,ss,125,0.3,3.98107e+06,17672.1,-78.9480
rss-mtyp-xss,ss,typical,ss,125,0.3,6.30957e+06,11280.8,-82.9648
rss-mtyp-xss,ss,typical,ss,125,0.3,1e+07,7151.3,-85.5368
rss-mtyp-xss,ss,typical,ss,125,0.3,1.58489e+07,4520.77,-87.1644
rss-mtyp-xss,ss,typical,ss,125,0.3,2.51189e+07,2854.7,-88.1850
rss-mtyp-xss,ss,typical,ss,125,0.3,3.98107e+07,1801.94,-88.8161
rss-mtyp-xss,ss,typical,ss,125,0.3,6.30957e+07,1137.4,-89.1956
rss-mtyp-xss,ss,typical,ss,125,0.3,1e+08,718.11,-89.4140
rss-mtyp-xss,ss,typical,ss,125,0.9,100,1.31361e+07,-89.6025
rss-mtyp-xss,ss,typical,ss,125,0.9,158.489,8.28861e+06,-89.3793
rss-mtyp-xss,ss,typical,ss,125,0.9,251.189,5.23023e+06,-89.0222
rss-mtyp-xss,ss,typical,ss,125,0.9,398.107,3.3008e+06,-88.4543
rss-mtyp-xss,ss,typical,ss,125,0.9,630.957,2.08385e+06,-87.5535
rss-mtyp-xss,ss,typical,ss,125,0.9,1000,1.31669e+06,-86.1278
rss-mtyp-xss,ss,typical,ss,125,0.9,1584.89,833741,-83.8788
rss-mtyp-xss,ss,typical,ss,125,0.9,2511.89,530724,-80.3574
rss-mtyp-xss,ss,typical,ss,125,0.9,3981.07,342151,-74.9413
rss-mtyp-xss,ss,typical,ss,125,0.9,6309.57,227021,-66.9492
rss-mtyp-xss,ss,typical,ss,125,0.9,10000,159532,-56.1423
rss-mtyp-xss,ss,typical,ss,125,0.9,15848.9,122731,-43.6133
rss-mtyp-xss,ss,typical,ss,125,0.9,25118.9,104516,-31.8226
rss-mtyp-xss,ss,typical,ss,125,0.9,39810.7,96255.3,-22.8975
rss-mtyp-xss,ss,typical,ss,125,0.9,63095.7,92621.7,-17.5014
rss-mtyp-xss,ss,typical,ss,125,0.9,100000,90780,-15.4481
rss-mtyp-xss,ss,typical,ss,125,0.9,158489,89164.2,-16.5425
rss-mtyp-xss,ss,typical,ss,125,0.9,251189,86461.3,-20.8972
rss-mtyp-xss,ss,typical,ss,125,0.9,398107,80964.4,-28.7669
rss-mtyp-xss,ss,typical,ss,125,0.9,630957,70850.9,-39.8516
rss-mtyp-xss,ss,typical,ss,125,0.9,1e+06,56235.9,-52.4428
rss-mtyp-xss,ss,typical,ss,125,0.9,1.58489e+06,40488.4,-63.9635
rss-mtyp-xss,ss,typical,ss,125,0.9,2.51189e+06,27236.9,-72.8222
rss-mtyp-xss,ss,typical,ss,125,0.9,3.98107e+06,17673.1,-78.9476
rss-mtyp-xss,ss,typical,ss,125,0.9,6.30957e+06,11281,-82.9647
rss-mtyp-xss,ss,typical,ss,125,0.9,1e+07,7151.37,-85.5368
rss-mtyp-xss,ss,typical,ss,125,0.9,1.58489e+07,4520.78,-87.1644
rss-mtyp-xss,ss,typical,ss,125,0.9,2.51189e+07,2854.7,-88.1850
rss-mtyp-xss,ss,typical,ss,125,0.9,3.98107e+07,1801.94,-88.8161
rss-mtyp-xss,ss,typical,ss,125,0.9,6.30957e+07,1137.4,-89.1956
rss-mtyp-xss,ss,typical,ss,125,0.9,1e+08,718.11,-89.4140
rss-mtyp-xss,ss,typical,ss,125,1.35,100,1.29825e+07,-89.5978
rss-mtyp-xss,ss,typical,ss,125,1.35,158.489,8.19167e+06,-89.3718
rss-mtyp-xss,ss,typical,ss,125,1.35,251.189,5.16907e+06,-89.0103
rss-mtyp-xss,ss,typical,ss,125,1.35,398.107,3.26222e+06,-88.4354
rss-mtyp-xss,ss,typical,ss,125,1.35,630.957,2.05952e+06,-87.5236
rss-mtyp-xss,ss,typical,ss,125,1.35,1000,1.30137e+06,-86.0805
rss-mtyp-xss,ss,typical,ss,125,1.35,1584.89,824108,-83.8043
rss-mtyp-xss,ss,typical,ss,125,1.35,2511.89,524702,-80.2413
rss-mtyp-xss,ss,typical,ss,125,1.35,3981.07,338437,-74.7652
rss-mtyp-xss,ss,typical,ss,125,1.35,6309.57,224799,-66.6971
rss-mtyp-xss,ss,typical,ss,125,1.35,10000,158281,-55.8209
rss-mtyp-xss,ss,typical,ss,125,1.35,15848.9,122094,-43.2717
rss-mtyp-xss,ss,typical,ss,125,1.35,25118.9,104228,-31.5265
rss-mtyp-xss,ss,typical,ss,125,1.35,39810.7,96142.7,-22.6782
rss-mtyp-xss,ss,typical,ss,125,1.35,63095.7,92586.9,-17.3532
rss-mtyp-xss,ss,typical,ss,125,1.35,100000,90777.5,-15.3526
rss-mtyp-xss,ss,typical,ss,125,1.35,158489,89174.4,-16.4830
rss-mtyp-xss,ss,typical,ss,125,1.35,251189,86475.2,-20.8615
rss-mtyp-xss,ss,typical,ss,125,1.35,398107,80977.4,-28.7471
rss-mtyp-xss,ss,typical,ss,125,1.35,630957,70860,-39.8421
rss-mtyp-xss,ss,typical,ss,125,1.35,1e+06,56240.6,-52.4390
rss-mtyp-xss,ss,typical,ss,125,1.35,1.58489e+06,40490.2,-63.9623
rss-mtyp-xss,ss,typical,ss,125,1.35,2.51189e+06,27237.4,-72.8219
rss-mtyp-xss,ss,typical,ss,125,1.35,3.98107e+06,17673.2,-78.9475
rss-mtyp-xss,ss,typical,ss,125,1.35,6.30957e+06,11281.1,-82.9647
rss-mtyp-xss,ss,typical,ss,125,1.35,1e+07,7151.38,-85.5368
rss-mtyp-xss,ss,typical,ss,125,1.35,1.58489e+07,4520.79,-87.1644
rss-mtyp-xss,ss,typical,ss,125,1.35,2.51189e+07,2854.7,-88.1850
rss-mtyp-xss,ss,typical,ss,125,1.35,3.98107e+07,1801.94,-88.8161
rss-mtyp-xss,ss,typical,ss,125,1.35,6.30957e+07,1137.4,-89.1956
rss-mtyp-xss,ss,typical,ss,125,1.35,1e+08,718.11,-89.4140
rss-mtyp-xss,ss,typical,ss,125,1.8,100,1.2943e+07,-89.5966
rss-mtyp-xss,ss,typical,ss,125,1.8,158.489,8.16677e+06,-89.3699
rss-mtyp-xss,ss,typical,ss,125,1.8,251.189,5.15336e+06,-89.0072
rss-mtyp-xss,ss,typical,ss,125,1.8,398.107,3.25231e+06,-88.4305
rss-mtyp-xss,ss,typical,ss,125,1.8,630.957,2.05327e+06,-87.5158
rss-mtyp-xss,ss,typical,ss,125,1.8,1000,1.29743e+06,-86.0681
rss-mtyp-xss,ss,typical,ss,125,1.8,1584.89,821633,-83.7848
rss-mtyp-xss,ss,typical,ss,125,1.8,2511.89,523155,-80.2111
rss-mtyp-xss,ss,typical,ss,125,1.8,3981.07,337483,-74.7194
rss-mtyp-xss,ss,typical,ss,125,1.8,6309.57,224228,-66.6316
rss-mtyp-xss,ss,typical,ss,125,1.8,10000,157961,-55.7375
rss-mtyp-xss,ss,typical,ss,125,1.8,15848.9,121931,-43.1834
rss-mtyp-xss,ss,typical,ss,125,1.8,25118.9,104155,-31.4501
rss-mtyp-xss,ss,typical,ss,125,1.8,39810.7,96114,-22.6218
rss-mtyp-xss,ss,typical,ss,125,1.8,63095.7,92578,-17.3151
rss-mtyp-xss,ss,typical,ss,125,1.8,100000,90776.9,-15.3281
rss-mtyp-xss,ss,typical,ss,125,1.8,158489,89177,-16.4677
rss-mtyp-xss,ss,typical,ss,125,1.8,251189,86478.8,-20.8524
rss-mtyp-xss,ss,typical,ss,125,1.8,398107,80980.8,-28.7421
rss-mtyp-xss,ss,typical,ss,125,1.8,630957,70862.3,-39.8396
rss-mtyp-xss,ss,typical,ss,125,1.8,1e+06,56241.7,-52.4380
rss-mtyp-xss,ss,typical,ss,125,1.8,1.58489e+06,40490.6,-63.9620
rss-mtyp-xss,ss,typical,ss,125,1.8,2.51189e+06,27237.6,-72.8218
rss-mtyp-xss,ss,typical,ss,125,1.8,3.98107e+06,17673.3,-78.9475
rss-mtyp-xss,ss,typical,ss,125,1.8,6.30957e+06,11281.1,-82.9647
rss-mtyp-xss,ss,typical,ss,125,1.8,1e+07,7151.38,-85.5368
rss-mtyp-xss,ss,typical,ss,125,1.8,1.58489e+07,4520.79,-87.1644
rss-mtyp-xss,ss,typical,ss,125,1.8,2.51189e+07,2854.7,-88.1850
rss-mtyp-xss,ss,typical,ss,125,1.8,3.98107e+07,1801.94,-88.8161
rss-mtyp-xss,ss,typical,ss,125,1.8,6.30957e+07,1137.4,-89.1956
rss-mtyp-xss,ss,typical,ss,125,1.8,1e+08,718.11,-89.4140
rss-mtyp-xss,ss,typical,ss,125,2.25,100,1.29329e+07,-89.5963
rss-mtyp-xss,ss,typical,ss,125,2.25,158.489,8.16039e+06,-89.3694
rss-mtyp-xss,ss,typical,ss,125,2.25,251.189,5.14934e+06,-89.0064
rss-mtyp-xss,ss,typical,ss,125,2.25,398.107,3.24977e+06,-88.4292
rss-mtyp-xss,ss,typical,ss,125,2.25,630.957,2.05167e+06,-87.5138
rss-mtyp-xss,ss,typical,ss,125,2.25,1000,1.29642e+06,-86.0650
rss-mtyp-xss,ss,typical,ss,125,2.25,1584.89,820999,-83.7798
rss-mtyp-xss,ss,typical,ss,125,2.25,2511.89,522758,-80.2033
rss-mtyp-xss,ss,typical,ss,125,2.25,3981.07,337238,-74.7076
rss-mtyp-xss,ss,typical,ss,125,2.25,6309.57,224082,-66.6147
rss-mtyp-xss,ss,typical,ss,125,2.25,10000,157879,-55.7161
rss-mtyp-xss,ss,typical,ss,125,2.25,15848.9,121889,-43.1607
rss-mtyp-xss,ss,typical,ss,125,2.25,25118.9,104136,-31.4306
rss-mtyp-xss,ss,typical,ss,125,2.25,39810.7,96106.7,-22.6074
rss-mtyp-xss,ss,typical,ss,125,2.25,63095.7,92575.8,-17.3054
rss-mtyp-xss,ss,typical,ss,125,2.25,100000,90776.8,-15.3218
rss-mtyp-xss,ss,typical,ss,125,2.25,158489,89177.7,-16.4638
rss-mtyp-xss,ss,typical,ss,125,2.25,251189,86479.7,-20.8500
rss-mtyp-xss,ss,typical,ss,125,2.25,398107,80981.6,-28.7408
rss-mtyp-xss,ss,typical,ss,125,2.25,630957,70862.9,-39.8390
rss-mtyp-xss,ss,typical,ss,125,2.25,1e+06,56242,-52.4378
rss-mtyp-xss,ss,typical,ss,125,2.25,1.58489e+06,40490.7,-63.9619
rss-mtyp-xss,ss,typical,ss,125,2.25,2.51189e+06,27237.6,-72.8218
rss-mtyp-xss,ss,typical,ss,125,2.25,3.98107e+06,17673.3,-78.9475
rss-mtyp-xss,ss,typical,ss,125,2.25,6.30957e+06,11281.1,-82.9647
rss-mtyp-xss,ss,typical,ss,125,2.25,1e+07,7151.38,-85.5368
rss-mtyp-xss,ss,typical,ss,125,2.25,1.58489e+07,4520.79,-87.1644
rss-mtyp-xss,ss,typical,ss,125,2.25,2.51189e+07,2854.7,-88.1850
rss-mtyp-xss,ss,typical,ss,125,2.25,3.98107e+07,1801.94,-88.8161
rss-mtyp-xss,ss,typical,ss,125,2.25,6.30957e+07,1137.4,-89.1956
rss-mtyp-xss,ss,typical,ss,125,2.25,1e+08,718.11,-89.4140
rss-mtyp-xss,ss,typical,ss,125,2.7,100,1.29303e+07,-89.5962
rss-mtyp-xss,ss,typical,ss,125,2.7,158.489,8.15876e+06,-89.3693
rss-mtyp-xss,ss,typical,ss,125,2.7,251.189,5.14831e+06,-89.0062
rss-mtyp-xss,ss,typical,ss,125,2.7,398.107,3.24912e+06,-88.4289
rss-mtyp-xss,ss,typical,ss,125,2.7,630.957,2.05126e+06,-87.5132
rss-mtyp-xss,ss,typical,ss,125,2.7,1000,1.29616e+06,-86.0641
rss-mtyp-xss,ss,typical,ss,125,2.7,1584.89,820837,-83.7786
rss-mtyp-xss,ss,typical,ss,125,2.7,2511.89,522657,-80.2013
rss-mtyp-xss,ss,typical,ss,125,2.7,3981.07,337176,-74.7045
rss-mtyp-xss,ss,typical,ss,125,2.7,6309.57,224045,-66.6104
rss-mtyp-xss,ss,typical,ss,125,2.7,10000,157858,-55.7106
rss-mtyp-xss,ss,typical,ss,125,2.7,15848.9,121879,-43.1549
rss-mtyp-xss,ss,typical,ss,125,2.7,25118.9,104132,-31.4256
rss-mtyp-xss,ss,typical,ss,125,2.7,39810.7,96104.8,-22.6037
rss-mtyp-xss,ss,typical,ss,125,2.7,63095.7,92575.2,-17.3029
rss-mtyp-xss,ss,typical,ss,125,2.7,100000,90776.7,-15.3202
rss-mtyp-xss,ss,typical,ss,125,2.7,158489,89177.8,-16.4628
rss-mtyp-xss,ss,typical,ss,125,2.7,251189,86480,-20.8494
rss-mtyp-xss,ss,typical,ss,125,2.7,398107,80981.8,-28.7404
rss-mtyp-xss,ss,typical,ss,125,2.7,630957,70863.1,-39.8388
rss-mtyp-xss,ss,typical,ss,125,2.7,1e+06,56242.1,-52.4377
rss-mtyp-xss,ss,typical,ss,125,2.7,1.58489e+06,40490.7,-63.9619
rss-mtyp-xss,ss,typical,ss,125,2.7,2.51189e+06,27237.6,-72.8218
rss-mtyp-xss,ss,typical,ss,125,2.7,3.98107e+06,17673.3,-78.9475
rss-mtyp-xss,ss,typical,ss,125,2.7,6.30957e+06,11281.1,-82.9647
rss-mtyp-xss,ss,typical,ss,125,2.7,1e+07,7151.38,-85.5368
rss-mtyp-xss,ss,typical,ss,125,2.7,1.58489e+07,4520.79,-87.1644
rss-mtyp-xss,ss,typical,ss,125,2.7,2.51189e+07,2854.7,-88.1850
rss-mtyp-xss,ss,typical,ss,125,2.7,3.98107e+07,1801.94,-88.8161
rss-mtyp-xss,ss,typical,ss,125,2.7,6.30957e+07,1137.4,-89.1956
rss-mtyp-xss,ss,typical,ss,125,2.7,1e+08,718.11,-89.4140
rss-mtyp-xtyp,ss,typical,typical,-40,0.3,100,1.41951e+07,-89.6263
rss-mtyp-xtyp,ss,typical,typical,-40,0.3,158.489,8.9568e+06,-89.4178
rss-mtyp-xtyp,ss,typical,typical,-40,0.3,251.189,5.65181e+06,-89.0837
rss-mtyp-xtyp,ss,typical,typical,-40,0.3,398.107,3.56676e+06,-88.5519
rss-mtyp-xtyp,ss,typical,typical,-40,0.3,630.957,2.25159e+06,-87.7082
rss-mtyp-xtyp,ss,typical,typical,-40,0.3,1000,1.42244e+06,-86.3724
rss-mtyp-xtyp,ss,typical,typical,-40,0.3,1584.89,900306,-84.2639
rss-mtyp-xtyp,ss,typical,typical,-40,0.3,2511.89,572483,-80.9575
rss-mtyp-xtyp,ss,typical,typical,-40,0.3,3981.07,368137,-75.8538
rss-mtyp-xtyp,ss,typical,typical,-40,0.3,6309.57,242907,-68.2609
rss-mtyp-xtyp,ss,typical,typical,-40,0.3,10000,168936,-57.8248
rss-mtyp-xtyp,ss,typical,typical,-40,0.3,15848.9,128102,-45.4032
rss-mtyp-xtyp,ss,typical,typical,-40,0.3,25118.9,107599,-33.3353
rss-mtyp-xtyp,ss,typical,typical,-40,0.3,39810.7,98207.6,-23.9087
rss-mtyp-xtyp,ss,typical,typical,-40,0.3,63095.7,94088.7,-17.9821
rss-mtyp-xtyp,ss,typical,typical,-40,0.3,100000,92094.2,-15.4235
rss-mtyp-xtyp,ss,typical,typical,-40,0.3,158489,90538,-16.0002
rss-mtyp-xtyp,ss,typical,typical,-40,0.3,251189,88127.9,-19.7739
rss-mtyp-xtyp,ss,typical,typical,-40,0.3,398107,83240.7,-27.0154
rss-mtyp-xtyp,ss,typical,typical,-40,0.3,630957,73954.5,-37.6059
rss-mtyp-xtyp,ss,typical,typical,-40,0.3,1e+06,59829.1,-50.1218
rss-mtyp-xtyp,ss,typical,typical,-40,0.3,1.58489e+06,43779.7,-62.0138
rss-mtyp-xtyp,ss,typical,typical,-40,0.3,2.51189e+06,29741.4,-71.4065
rss-mtyp-xtyp,ss,typical,typical,-40,0.3,3.98107e+06,19390.3,-77.9971
rss-mtyp-xtyp,ss,typical,typical,-40,0.3,6.30957e+06,12402.8,-82.3487
rss-mtyp-xtyp,ss,typical,typical,-40,0.3,1e+07,7869.2,-85.1429
rss-mtyp-xtyp,ss,typical,typical,-40,0.3,1.58489e+07,4976.29,-86.9131
rss-mtyp-xtyp,ss,typical,typical,-40,0.3,2.51189e+07,3142.79,-88.0233
rss-mtyp-xtyp,ss,typical,typical,-40,0.3,3.98107e+07,1983.93,-88.7096
rss-mtyp-xtyp,ss,typical,typical,-40,0.3,6.30957e+07,1252.34,-89.1220
rss-mtyp-xtyp,ss,typical,typical,-40,0.3,1e+08,790.742,-89.3591
rss-mtyp-xtyp,ss,typical,typical,-40,0.9,100,1.31582e+07,-89.5974
rss-mtyp-xtyp,ss,typical,typical,-40,0.9,158.489,8.30256e+06,-89.3712
rss-mtyp-xtyp,ss,typical,typical,-40,0.9,251.189,5.23905e+06,-89.0094
rss-mtyp-xtyp,ss,typical,typical,-40,0.9,398.107,3.30638e+06,-88.4340
rss-mtyp-xtyp,ss,typical,typical,-40,0.9,630.957,2.0874e+06,-87.5214
rss-mtyp-xtyp,ss,typical,typical,-40,0.9,1000,1.31898e+06,-86.0771
rss-mtyp-xtyp,ss,typical,typical,-40,0.9,1584.89,835258,-83.7989
rss-mtyp-xtyp,ss,typical,typical,-40,0.9,2511.89,531795,-80.2328
rss-mtyp-xtyp,ss,typical,typical,-40,0.9,3981.07,343004,-74.7512
rss-mtyp-xtyp,ss,typical,typical,-40,0.9,6309.57,227820,-66.6735
rss-mtyp-xtyp,ss,typical,typical,-40,0.9,10000,160394,-55.7795
rss-mtyp-xtyp,ss,typical,typical,-40,0.9,15848.9,123709,-43.1975
rss-mtyp-xtyp,ss,typical,typical,-40,0.9,25118.9,105599,-31.3963
rss-mtyp-xtyp,ss,typical,typical,-40,0.9,39810.7,97410.3,-22.4595
rss-mtyp-xtyp,ss,typical,typical,-40,0.9,63095.7,93831.1,-16.9977
rss-mtyp-xtyp,ss,typical,typical,-40,0.9,100000,92062.3,-14.7871
rss-mtyp-xtyp,ss,typical,typical,-40,0.9,158489,90595,-15.6015
rss-mtyp-xtyp,ss,typical,typical,-40,0.9,251189,88213.8,-19.5330
rss-mtyp-xtyp,ss,typical,typical,-40,0.9,398107,83324.5,-26.8794
rss-mtyp-xtyp,ss,typical,typical,-40,0.9,630957,74016.4,-37.5383
rss-mtyp-xtyp,ss,typical,typical,-40,0.9,1e+06,59862.5,-50.0941
rss-mtyp-xtyp,ss,typical,typical,-40,0.9,1.58489e+06,43792.8,-62.0046
rss-mtyp-xtyp,ss,typical,typical,-40,0.9,2.51189e+06,29745.5,-71.4040
rss-mtyp-xtyp,ss,typical,typical,-40,0.9,3.98107e+06,19391.5,-77.9965
rss-mtyp-xtyp,ss,typical,typical,-40,0.9,6.30957e+06,12403.1,-82.3487
rss-mtyp-xtyp,ss,typical,typical,-40,0.9,1e+07,7869.27,-85.1430
rss-mtyp-xtyp,ss,typical,typical,-40,0.9,1.58489e+07,4976.31,-86.9131
rss-mtyp-xtyp,ss,typical,typical,-40,0.9,2.51189e+07,3142.79,-88.0234
rss-mtyp-xtyp,ss,typical,typical,-40,0.9,3.98107e+07,1983.93,-88.7097
rss-mtyp-xtyp,ss,typical,typical,-40,0.9,6.30957e+07,1252.34,-89.1221
rss-mtyp-xtyp,ss,typical,typical,-40,0.9,1e+08,790.742,-89.3591
rss-mtyp-xtyp,ss,typical,typical,-40,1.35,100,1.3004e+07,-89.5927
rss-mtyp-xtyp,ss,typical,typical,-40,1.35,158.489,8.20531e+06,-89.3637
rss-mtyp-xtyp,ss,typical,typical,-40,1.35,251.189,5.17769e+06,-88.9974
rss-mtyp-xtyp,ss,typical,typical,-40,1.35,398.107,3.26768e+06,-88.4149
rss-mtyp-xtyp,ss,typical,typical,-40,1.35,630.957,2.06299e+06,-87.4911
rss-mtyp-xtyp,ss,typical,typical,-40,1.35,1000,1.30361e+06,-86.0292
rss-mtyp-xtyp,ss,typical,typical,-40,1.35,1584.89,825593,-83.7235
rss-mtyp-xtyp,ss,typical,typical,-40,1.35,2511.89,525755,-80.1154
rss-mtyp-xtyp,ss,typical,typical,-40,1.35,3981.07,339279,-74.5734
rss-mtyp-xtyp,ss,typical,typical,-40,1.35,6309.57,225594,-66.4195
rss-mtyp-xtyp,ss,typical,typical,-40,1.35,10000,159143,-55.4568
rss-mtyp-xtyp,ss,typical,typical,-40,1.35,15848.9,123072,-42.8562
rss-mtyp-xtyp,ss,typical,typical,-40,1.35,25118.9,105312,-31.1019
rss-mtyp-xtyp,ss,typical,typical,-40,1.35,39810.7,97297.2,-22.2421
rss-mtyp-xtyp,ss,typical,typical,-40,1.35,63095.7,93795.3,-16.8509
rss-mtyp-xtyp,ss,typical,typical,-40,1.35,100000,92058.6,-14.6925
rss-mtyp-xtyp,ss,typical,typical,-40,1.35,158489,90603.9,-15.5423
rss-mtyp-xtyp,ss,typical,typical,-40,1.35,251189,88226.8,-19.4973
rss-mtyp-xtyp,ss,typical,typical,-40,1.35,398107,83337,-26.8592
rss-mtyp-xtyp,ss,typical,typical,-40,1.35,630957,74025.6,-37.5283
rss-mtyp-xtyp,ss,typical,typical,-40,1.35,1e+06,59867.5,-50.0900
rss-mtyp-xtyp,ss,typical,typical,-40,1.35,1.58489e+06,43794.8,-62.0033
rss-mtyp-xtyp,ss,typical,typical,-40,1.35,2.51189e+06,29746.1,-71.4036
rss-mtyp-xtyp,ss,typical,typical,-40,1.35,3.98107e+06,19391.6,-77.9964
rss-mtyp-xtyp,ss,typical,typical,-40,1.35,6.30957e+06,12403.1,-82.3486
rss-mtyp-xtyp,ss,typical,typical,-40,1.35,1e+07,7869.28,-85.1430
rss-mtyp-xtyp,ss,typical,typical,-40,1.35,1.58489e+07,4976.31,-86.9131
rss-mtyp-xtyp,ss,typical,typical,-40,1.35,2.51189e+07,3142.79,-88.0234
rss-mtyp-xtyp,ss,typical,typical,-40,1.35,3.98107e+07,1983.93,-88.7097
rss-mtyp-xtyp,ss,typical,typical,-40,1.35,6.30957e+07,1252.34,-89.1221
rss-mtyp-xtyp,ss,typical,typical,-40,1.35,1e+08,790.742,-89.3591
rss-mtyp-xtyp,ss,typical,typical,-40,1.8,100,1.29644e+07,-89.5914
rss-mtyp-xtyp,ss,typical,typical,-40,1.8,158.489,8.18032e+06,-89.3617
rss-mtyp-xtyp,ss,typical,typical,-40,1.8,251.189,5.16192e+06,-88.9943
rss-mtyp-xtyp,ss,typical,typical,-40,1.8,398.107,3.25773e+06,-88.4099
rss-mtyp-xtyp,ss,typical,typical,-40,1.8,630.957,2.05672e+06,-87.4832
rss-mtyp-xtyp,ss,typical,typical,-40,1.8,1000,1.29965e+06,-86.0167
rss-mtyp-xtyp,ss,typical,typical,-40,1.8,1584.89,823110,-83.7039
rss-mtyp-xtyp,ss,typical,typical,-40,1.8,2511.89,524203,-80.0849
rss-mtyp-xtyp,ss,typical,typical,-40,1.8,3981.07,338323,-74.5270
rss-mtyp-xtyp,ss,typical,typical,-40,1.8,6309.57,225022,-66.3534
rss-mtyp-xtyp,ss,typical,typical,-40,1.8,10000,158822,-55.3730
rss-mtyp-xtyp,ss,typical,typical,-40,1.8,15848.9,122909,-42.7680
rss-mtyp-xtyp,ss,typical,typical,-40,1.8,25118.9,105239,-31.0259
rss-mtyp-xtyp,ss,typical,typical,-40,1.8,39810.7,97268.4,-22.1861
rss-mtyp-xtyp,ss,typical,typical,-40,1.8,63095.7,93786.1,-16.8132
rss-mtyp-xtyp,ss,typical,typical,-40,1.8,100000,92057.7,-14.6682
rss-mtyp-xtyp,ss,typical,typical,-40,1.8,158489,90606.2,-15.5270
rss-mtyp-xtyp,ss,typical,typical,-40,1.8,251189,88230.1,-19.4881
rss-mtyp-xtyp,ss,typical,typical,-40,1.8,398107,83340.2,-26.8540
rss-mtyp-xtyp,ss,typical,typical,-40,1.8,630957,74027.9,-37.5257
rss-mtyp-xtyp,ss,typical,typical,-40,1.8,1e+06,59868.7,-50.0890
rss-mtyp-xtyp,ss,typical,typical,-40,1.8,1.58489e+06,43795.3,-62.0029
rss-mtyp-xtyp,ss,typical,typical,-40,1.8,2.51189e+06,29746.3,-71.4035
rss-mtyp-xtyp,ss,typical,typical,-40,1.8,3.98107e+06,19391.7,-77.9964
rss-mtyp-xtyp,ss,typical,typical,-40,1.8,6.30957e+06,12403.1,-82.3486
rss-mtyp-xtyp,ss,typical,typical,-40,1.8,1e+07,7869.29,-85.1430
rss-mtyp-xtyp,ss,typical,typical,-40,1.8,1.58489e+07,4976.31,-86.9131
rss-mtyp-xtyp,ss,typical,typical,-40,1.8,2.51189e+07,3142.79,-88.0234
rss-mtyp-xtyp,ss,typical,typical,-40,1.8,3.98107e+07,1983.93,-88.7097
rss-mtyp-xtyp,ss,typical,typical,-40,1.8,6.30957e+07,1252.34,-89.1221
rss-mtyp-xtyp,ss,typical,typical,-40,1.8,1e+08,790.742,-89.3591
rss-mtyp-xtyp,ss,typical,typical,-40,2.25,100,1.29543e+07,-89.5911
rss-mtyp-xtyp,ss,typical,typical,-40,2.25,158.489,8.17392e+06,-89.3612
rss-mtyp-xtyp,ss,typical,typical,-40,2.25,251.189,5.15788e+06,-88.9934
rss-mtyp-xtyp,ss,typical,typical,-40,2.25,398.107,3.25518e+06,-88.4086
rss-mtyp-xtyp,ss,typical,typical,-40,2.25,630.957,2.05512e+06,-87.4812
rss-mtyp-xtyp,ss,typical,typical,-40,2.25,1000,1.29864e+06,-86.0135
rss-mtyp-xtyp,ss,typical,typical,-40,2.25,1584.89,822474,-83.6988
rss-mtyp-xtyp,ss,typical,typical,-40,2.25,2511.89,523806,-80.0770
rss-mtyp-xtyp,ss,typical,typical,-40,2.25,3981.07,338078,-74.5151
rss-mtyp-xtyp,ss,typical,typical,-40,2.25,6309.57,224876,-66.3364
rss-mtyp-xtyp,ss,typical,typical,-40,2.25,10000,158740,-55.3515
rss-mtyp-xtyp,ss,typical,typical,-40,2.25,15848.9,122868,-42.7454
rss-mtyp-xtyp,ss,typical,typical,-40,2.25,25118.9,105220,-31.0065
rss-mtyp-xtyp,ss,typical,typical,-40,2.25,39810.7,97261,-22.1718
rss-mtyp-xtyp,ss,typical,typical,-40,2.25,63095.7,93783.8,-16.8035
rss-mtyp-xtyp,ss,typical,typical,-40,2.25,100000,92057.4,-14.6619
rss-mtyp-xtyp,ss,typical,typical,-40,2.25,158489,90606.8,-15.5231
rss-mtyp-xtyp,ss,typical,typical,-40,2.25,251189,88231,-19.4857
rss-mtyp-xtyp,ss,typical,typical,-40,2.25,398107,83341,-26.8527
rss-mtyp-xtyp,ss,typical,typical,-40,2.25,630957,74028.6,-37.5251
rss-mtyp-xtyp,ss,typical,typical,-40,2.25,1e+06,59869.1,-50.0887
rss-mtyp-xtyp,ss,typical,typical,-40,2.25,1.58489e+06,43795.4,-62.0029
rss-mtyp-xtyp,ss,typical,typical,-40,2.25,2.51189e+06,29746.3,-71.4035
rss-mtyp-xtyp,ss,typical,typical,-40,2.25,3.98107e+06,19391.7,-77.9964
rss-mtyp-xtyp,ss,typical,typical,-40,2.25,6.30957e+06,12403.1,-82.3486
rss-mtyp-xtyp,ss,typical,typical,-40,2.25,1e+07,7869.29,-85.1430
rss-mtyp-xtyp,ss,typical,typical,-40,2.25,1.58489e+07,4976.31,-86.9131
rss-mtyp-xtyp,ss,typical,typical,-40,2.25,2.51189e+07,3142.79,-88.0234
rss-mtyp-xtyp,ss,typical,typical,-40,2.25,3.98107e+07,1983.93,-88.7097
rss-mtyp-xtyp,ss,typical,typical,-40,2.25,6.30957e+07,1252.34,-89.1221
rss-mtyp-xtyp,ss,typical,typical,-40,2.25,1e+08,790.742,-89.3591
rss-mtyp-xtyp,ss,typical,typical,-40,2.7,100,1.29517e+07,-89.5910
rss-mtyp-xtyp,ss,typical,typical,-40,2.7,158.489,8.17228e+06,-89.3611
rss-mtyp-xtyp,ss,typical,typical,-40,2.7,251.189,5.15685e+06,-88.9932
rss-mtyp-xtyp,ss,typical,typical,-40,2.7,398.107,3.25453e+06,-88.4083
rss-mtyp-xtyp,ss,typical,typical,-40,2.7,630.957,2.0547e+06,-87.4807
rss-mtyp-xtyp,ss,typical,typical,-40,2.7,1000,1.29838e+06,-86.0127
rss-mtyp-xtyp,ss,typical,typical,-40,2.7,1584.89,822312,-83.6975
rss-mtyp-xtyp,ss,typical,typical,-40,2.7,2511.89,523704,-80.0750
rss-mtyp-xtyp,ss,typical,typical,-40,2.7,3981.07,338015,-74.5121
rss-mtyp-xtyp,ss,typical,typical,-40,2.7,6309.57,224839,-66.3321
rss-mtyp-xtyp,ss,typical,typical,-40,2.7,10000,158719,-55.3460
rss-mtyp-xtyp,ss,typical,typical,-40,2.7,15848.9,122857,-42.7396
rss-mtyp-xtyp,ss,typical,typical,-40,2.7,25118.9,105215,-31.0015
rss-mtyp-xtyp,ss,typical,typical,-40,2.7,39810.7,97259.1,-22.1681
rss-mtyp-xtyp,ss,typical,typical,-40,2.7,63095.7,93783.2,-16.8011
rss-mtyp-xtyp,ss,typical,typical,-40,2.7,100000,92057.4,-14.6604
rss-mtyp-xtyp,ss,typical,typical,-40,2.7,158489,90607,-15.5222
rss-mtyp-xtyp,ss,typical,typical,-40,2.7,251189,88231.2,-19.4851
rss-mtyp-xtyp,ss,typical,typical,-40,2.7,398107,83341.2,-26.8524
rss-mtyp-xtyp,ss,typical,typical,-40,2.7,630957,74028.7,-37.5249
rss-mtyp-xtyp,ss,typical,typical,-40,2.7,1e+06,59869.2,-50.0886
rss-mtyp-xtyp,ss,typical,typical,-40,2.7,1.58489e+06,43795.5,-62.0028
rss-mtyp-xtyp,ss,typical,typical,-40,2.7,2.51189e+06,29746.3,-71.4035
rss-mtyp-xtyp,ss,typical,typical,-40,2.7,3.98107e+06,19391.7,-77.9964
rss-mtyp-xtyp,ss,typical,typical,-40,2.7,6.30957e+06,12403.1,-82.3486
rss-mtyp-xtyp,ss,typical,typical,-40,2.7,1e+07,7869.29,-85.1430
rss-mtyp-xtyp,ss,typical,typical,-40,2.7,1.58489e+07,4976.31,-86.9131
rss-mtyp-xtyp,ss,typical,typical,-40,2.7,2.51189e+07,3142.79,-88.0234
rss-mtyp-xtyp,ss,typical,typical,-40,2.7,3.98107e+07,1983.93,-88.7097
rss-mtyp-xtyp,ss,typical,typical,-40,2.7,6.30957e+07,1252.34,-89.1221
rss-mtyp-xtyp,ss,typical,typical,-40,2.7,1e+08,790.742,-89.3591
rss-mtyp-xtyp,ss,typical,typical,27,0.3,100,1.41948e+07,-89.6296
rss-mtyp-xtyp,ss,typical,typical,27,0.3,158.489,8.9566e+06,-89.4231
rss-mtyp-xtyp,ss,typical,typical,27,0.3,251.189,5.65167e+06,-89.0920
rss-mtyp-xtyp,ss,typical,typical,27,0.3,398.107,3.56666e+06,-88.5651
rss-mtyp-xtyp,ss,typical,typical,27,0.3,630.957,2.25151e+06,-87.7292
rss-mtyp-xtyp,ss,typical,typical,27,0.3,1000,1.42235e+06,-86.4056
rss-mtyp-xtyp,ss,typical,typical,27,0.3,1584.89,900201,-84.3162
rss-mtyp-xtyp,ss,typical,typical,27,0.3,2511.89,572337,-81.0390
rss-mtyp-xtyp,ss,typical,typical,27,0.3,3981.07,367921,-75.9781
rss-mtyp-xtyp,ss,typical,typical,27,0.3,6309.57,242587,-68.4409
rss-mtyp-xtyp,ss,typical,typical,27,0.3,10000,168480,-58.0590
rss-mtyp-xtyp,ss,typical,typical,27,0.3,15848.9,127501,-45.6581
rss-mtyp-xtyp,ss,typical,typical,27,0.3,25118.9,106885,-33.5578
rss-mtyp-xtyp,ss,typical,typical,27,0.3,39810.7,97427.3,-24.0663
rss-mtyp-xtyp,ss,typical,typical,27,0.3,63095.7,93278.9,-18.0713
rss-mtyp-xtyp,ss,typical,typical,27,0.3,100000,91279.1,-15.4512
rss-mtyp-xtyp,ss,typical,typical,27,0.3,158489,89738.9,-15.9701
rss-mtyp-xtyp,ss,typical,typical,27,0.3,251189,87377.2,-19.6835
rss-mtyp-xtyp,ss,typical,typical,27,0.3,398107,82594,-26.8616
rss-mtyp-xtyp,ss,typical,typical,27,0.3,630957,73480.8,-37.4003
rss-mtyp-xtyp,ss,typical,typical,27,0.3,1e+06,59552.8,-49.9028
rss-mtyp-xtyp,ss,typical,typical,27,0.3,1.58489e+06,43646.8,-61.8258
rss-mtyp-xtyp,ss,typical,typical,27,0.3,2.51189e+06,29680.5,-71.2683
rss-mtyp-xtyp,ss,typical,typical,27,0.3,3.98107e+06,19360.1,-77.9039
rss-mtyp-xtyp,ss,typical,typical,27,0.3,6.30957e+06,12386.1,-82.2883
rss-mtyp-xtyp,ss,typical,typical,27,0.3,1e+07,7859.31,-85.1045
rss-mtyp-xtyp,ss,typical,typical,27,0.3,1.58489e+07,4970.21,-86.8889
rss-mtyp-xtyp,ss,typical,typical,27,0.3,2.51189e+07,3138.99,-88.0083
rss-mtyp-xtyp,ss,typical,typical,27,0.3,3.98107e+07,1981.54,-88.7006
rss-mtyp-xtyp,ss,typical,typical,27,0.3,6.30957e+07,1250.83,-89.1169
rss-mtyp-xtyp,ss,typical,typical,27,0.3,1e+08,789.779,-89.3564
rss-mtyp-xtyp,ss,typical,typical,27,0.9,100,1.31579e+07,-89.6010
rss-mtyp-xtyp,ss,typical,typical,27,0.9,158.489,8.30239e+06,-89.3769
rss-mtyp-xtyp,ss,typical,typical,27,0.9,251.189,5.23893e+06,-89.0185
rss-mtyp-xtyp,ss,typical,typical,27,0.9,398.107,3.30629e+06,-88.4484
rss-mtyp-xtyp,ss,typical,typical,27,0.9,630.957,2.08732e+06,-87.5441
rss-mtyp-xtyp,ss,typical,typical,27,0.9,1000,1.3189e+06,-86.1130
rss-mtyp-xtyp,ss,typical,typical,27,0.9,1584.89,835150,-83.8553
rss-mtyp-xtyp,ss,typical,typical,27,0.9,2511.89,531641,-80.3205
rss-mtyp-xtyp,ss,typical,typical,27,0.9,3981.07,342773,-74.8843
rss-mtyp-xtyp,ss,typical,typical,27,0.9,6309.57,227479,-66.8637
rss-mtyp-xtyp,ss,typical,typical,27,0.9,10000,159912,-56.0208
rss-mtyp-xtyp,ss,typical,typical,27,0.9,15848.9,123086,-43.4512
rss-mtyp-xtyp,ss,typical,typical,27,0.9,25118.9,104870,-31.6103
rss-mtyp-xtyp,ss,typical,typical,27,0.9,39810.7,96621.6,-22.6069
rss-mtyp-xtyp,ss,typical,typical,27,0.9,63095.7,93017.1,-17.0787
rss-mtyp-xtyp,ss,typical,typical,27,0.9,100000,91244.9,-14.8090
rss-mtyp-xtyp,ss,typical,typical,27,0.9,158489,89794.5,-15.5675
rss-mtyp-xtyp,ss,typical,typical,27,0.9,251189,87462.2,-19.4401
rss-mtyp-xtyp,ss,typical,typical,27,0.9,398107,82677.3,-26.7240
rss-mtyp-xtyp,ss,typical,typical,27,0.9,630957,73542.6,-37.3317
rss-mtyp-xtyp,ss,typical,typical,27,0.9,1e+06,59586.4,-49.8746
rss-mtyp-xtyp,ss,typical,typical,27,0.9,1.58489e+06,43660.2,-61.8165
rss-mtyp-xtyp,ss,typical,typical,27,0.9,2.51189e+06,29684.7,-71.2658
rss-mtyp-xtyp,ss,typical,typical,27,0.9,3.98107e+06,19361.3,-77.9033
rss-mtyp-xtyp,ss,typical,typical,27,0.9,6.30957e+06,12386.4,-82.2882
rss-mtyp-xtyp,ss,typical,typical,27,0.9,1e+07,7859.38,-85.1045
rss-mtyp-xtyp,ss,typical,typical,27,0.9,1.58489e+07,4970.23,-86.8889
rss-mtyp-xtyp,ss,typical,typical,27,0.9,2.51189e+07,3138.99,-88.0084
rss-mtyp-xtyp,ss,typical,typical,27,0.9,3.98107e+07,1981.54,-88.7006
rss-mtyp-xtyp,ss,typical,typical,27,0.9,6.30957e+07,1250.83,-89.1169
rss-mtyp-xtyp,ss,typical,typical,27,0.9,1e+08,789.779,-89.3564
rss-mtyp-xtyp,ss,typical,typical,27,1.35,100,1.30038e+07,-89.5963
rss-mtyp-xtyp,ss,typical,typical,27,1.35,158.489,8.20514e+06,-89.3695
rss-mtyp-xtyp,ss,typical,typical,27,1.35,251.189,5.17757e+06,-89.0065
rss-mtyp-xtyp,ss,typical,typical,27,1.35,398.107,3.26759e+06,-88.4294
rss-mtyp-xtyp,ss,typical,typical,27,1.35,630.957,2.06292e+06,-87.5141
rss-mtyp-xtyp,ss,typical,typical,27,1.35,1000,1.30352e+06,-86.0655
rss-mtyp-xtyp,ss,typical,typical,27,1.35,1584.89,825484,-83.7806
rss-mtyp-xtyp,ss,typical,typical,27,1.35,2511.89,525599,-80.2042
rss-mtyp-xtyp,ss,typical,typical,27,1.35,3981.07,339047,-74.7079
rss-mtyp-xtyp,ss,typical,typical,27,1.35,6309.57,225249,-66.6112
rss-mtyp-xtyp,ss,typical,typical,27,1.35,10000,158657,-55.6991
rss-mtyp-xtyp,ss,typical,typical,27,1.35,15848.9,122446,-43.1096
rss-mtyp-xtyp,ss,typical,typical,27,1.35,25118.9,104581,-31.3145
rss-mtyp-xtyp,ss,typical,typical,27,1.35,39810.7,96507.3,-22.3880
rss-mtyp-xtyp,ss,typical,typical,27,1.35,63095.7,92980.6,-16.9307
rss-mtyp-xtyp,ss,typical,typical,27,1.35,100000,91240.8,-14.7136
rss-mtyp-xtyp,ss,typical,typical,27,1.35,158489,89803.2,-15.5077
rss-mtyp-xtyp,ss,typical,typical,27,1.35,251189,87475,-19.4040
rss-mtyp-xtyp,ss,typical,typical,27,1.35,398107,82689.7,-26.7035
rss-mtyp-xtyp,ss,typical,typical,27,1.35,630957,73551.8,-37.3215
rss-mtyp-xtyp,ss,typical,typical,27,1.35,1e+06,59591.4,-49.8704
rss-mtyp-xtyp,ss,typical,typical,27,1.35,1.58489e+06,43662.1,-61.8151
rss-mtyp-xtyp,ss,typical,typical,27,1.35,2.51189e+06,29685.3,-71.2654
rss-mtyp-xtyp,ss,typical,typical,27,1.35,3.98107e+06,19361.4,-77.9032
rss-mtyp-xtyp,ss,typical,typical,27,1.35,6.30957e+06,12386.4,-82.2882
rss-mtyp-xtyp,ss,typical,typical,27,1.35,1e+07,7859.4,-85.1045
rss-mtyp-xtyp,ss,typical,typical,27,1.35,1.58489e+07,4970.23,-86.8889
rss-mtyp-xtyp,ss,typical,typical,27,1.35,2.51189e+07,3139,-88.0084
rss-mtyp-xtyp,ss,typical,typical,27,1.35,3.98107e+07,1981.54,-88.7006
rss-mtyp-xtyp,ss,typical,typical,27,1.35,6.30957e+07,1250.83,-89.1169
rss-mtyp-xtyp,ss,typical,typical,27,1.35,1e+08,789.779,-89.3564
rss-mtyp-xtyp,ss,typical,typical,27,1.8,100,1.29642e+07,-89.5951
rss-mtyp-xtyp,ss,typical,typical,27,1.8,158.489,8.18015e+06,-89.3675
rss-mtyp-xtyp,ss,typical,typical,27,1.8,251.189,5.16181e+06,-89.0034
rss-mtyp-xtyp,ss,typical,typical,27,1.8,398.107,3.25764e+06,-88.4245
rss-mtyp-xtyp,ss,typical,typical,27,1.8,630.957,2.05664e+06,-87.5063
rss-mtyp-xtyp,ss,typical,typical,27,1.8,1000,1.29957e+06,-86.0531
rss-mtyp-xtyp,ss,typical,typical,27,1.8,1584.89,823001,-83.7611
rss-mtyp-xtyp,ss,typical,typical,27,1.8,2511.89,524046,-80.1739
rss-mtyp-xtyp,ss,typical,typical,27,1.8,3981.07,338090,-74.6619
rss-mtyp-xtyp,ss,typical,typical,27,1.8,6309.57,224677,-66.5455
rss-mtyp-xtyp,ss,typical,typical,27,1.8,10000,158335,-55.6157
rss-mtyp-xtyp,ss,typical,typical,27,1.8,15848.9,122282,-43.0213
rss-mtyp-xtyp,ss,typical,typical,27,1.8,25118.9,104507,-31.2382
rss-mtyp-xtyp,ss,typical,typical,27,1.8,39810.7,96478.1,-22.3316
rss-mtyp-xtyp,ss,typical,typical,27,1.8,63095.7,92971.3,-16.8926
rss-mtyp-xtyp,ss,typical,typical,27,1.8,100000,91239.8,-14.6890
rss-mtyp-xtyp,ss,typical,typical,27,1.8,158489,89805.4,-15.4924
rss-mtyp-xtyp,ss,typical,typical,27,1.8,251189,87478.3,-19.3947
rss-mtyp-xtyp,ss,typical,typical,27,1.8,398107,82692.9,-26.6983
rss-mtyp-xtyp,ss,typical,typical,27,1.8,630957,73554.2,-37.3189
rss-mtyp-xtyp,ss,typical,typical,27,1.8,1e+06,59592.7,-49.8693
rss-mtyp-xtyp,ss,typical,typical,27,1.8,1.58489e+06,43662.7,-61.8147
rss-mtyp-xtyp,ss,typical,typical,27,1.8,2.51189e+06,29685.5,-71.2653
rss-mtyp-xtyp,ss,typical,typical,27,1.8,3.98107e+06,19361.5,-77.9032
rss-mtyp-xtyp,ss,typical,typical,27,1.8,6.30957e+06,12386.5,-82.2882
rss-mtyp-xtyp,ss,typical,typical,27,1.8,1e+07,7859.4,-85.1045
rss-mtyp-xtyp,ss,typical,typical,27,1.8,1.58489e+07,4970.24,-86.8889
rss-mtyp-xtyp,ss,typical,typical,27,1.8,2.51189e+07,3139,-88.0084
rss-mtyp-xtyp,ss,typical,typical,27,1.8,3.98107e+07,1981.54,-88.7006
rss-mtyp-xtyp,ss,typical,typical,27,1.8,6.30957e+07,1250.83,-89.1169
rss-mtyp-xtyp,ss,typical,typical,27,1.8,1e+08,789.779,-89.3564
rss-mtyp-xtyp,ss,typical,typical,27,2.25,100,1.2954e+07,-89.5948
rss-mtyp-xtyp,ss,typical,typical,27,2.25,158.489,8.17375e+06,-89.3670
rss-mtyp-xtyp,ss,typical,typical,27,2.25,251.189,5.15777e+06,-89.0026
rss-mtyp-xtyp,ss,typical,typical,27,2.25,398.107,3.2551e+06,-88.4232
rss-mtyp-xtyp,ss,typical,typical,27,2.25,630.957,2.05504e+06,-87.5042
rss-mtyp-xtyp,ss,typical,typical,27,2.25,1000,1.29856e+06,-86.0499
rss-mtyp-xtyp,ss,typical,typical,27,2.25,1584.89,822365,-83.7561
rss-mtyp-xtyp,ss,typical,typical,27,2.25,2511.89,523649,-80.1661
rss-mtyp-xtyp,ss,typical,typical,27,2.25,3981.07,337844,-74.6501
rss-mtyp-xtyp,ss,typical,typical,27,2.25,6309.57,224530,-66.5287
rss-mtyp-xtyp,ss,typical,typical,27,2.25,10000,158253,-55.5942
rss-mtyp-xtyp,ss,typical,typical,27,2.25,15848.9,122240,-42.9986
rss-mtyp-xtyp,ss,typical,typical,27,2.25,25118.9,104488,-31.2186
rss-mtyp-xtyp,ss,typical,typical,27,2.25,39810.7,96470.7,-22.3172
rss-mtyp-xtyp,ss,typical,typical,27,2.25,63095.7,92968.9,-16.8829
rss-mtyp-xtyp,ss,typical,typical,27,2.25,100000,91239.5,-14.6827
rss-mtyp-xtyp,ss,typical,typical,27,2.25,158489,89806,-15.4884
rss-mtyp-xtyp,ss,typical,typical,27,2.25,251189,87479.1,-19.3923
rss-mtyp-xtyp,ss,typical,typical,27,2.25,398107,82693.8,-26.6970
rss-mtyp-xtyp,ss,typical,typical,27,2.25,630957,73554.8,-37.3182
rss-mtyp-xtyp,ss,typical,typical,27,2.25,1e+06,59593,-49.8691
rss-mtyp-xtyp,ss,typical,typical,27,2.25,1.58489e+06,43662.8,-61.8146
rss-mtyp-xtyp,ss,typical,typical,27,2.25,2.51189e+06,29685.5,-71.2653
rss-mtyp-xtyp,ss,typical,typical,27,2.25,3.98107e+06,19361.5,-77.9032
rss-mtyp-xtyp,ss,typical,typical,27,2.25,6.30957e+06,12386.5,-82.2882
rss-mtyp-xtyp,ss,typical,typical,27,2.25,1e+07,7859.4,-85.1045
rss-mtyp-xtyp,ss,typical,typical,27,2.25,1.58489e+07,4970.24,-86.8889
rss-mtyp-xtyp,ss,typical,typical,27,2.25,2.51189e+07,3139,-88.0084
rss-mtyp-xtyp,ss,typical,typical,27,2.25,3.98107e+07,1981.54,-88.7006
rss-mtyp-xtyp,ss,typical,typical,27,2.25,6.30957e+07,1250.83,-89.1169
rss-mtyp-xtyp,ss,typical,typical,27,2.25,1e+08,789.779,-89.3564
rss-mtyp-xtyp,ss,typical,typical,27,2.7,100,1.29514e+07,-89.5947
rss-mtyp-xtyp,ss,typical,typical,27,2.7,158.489,8.17211e+06,-89.3669
rss-mtyp-xtyp,ss,typical,typical,27,2.7,251.189,5.15674e+06,-89.0024
rss-mtyp-xtyp,ss,typical,typical,27,2.7,398.107,3.25444e+06,-88.4229
rss-mtyp-xtyp,ss,typical,typical,27,2.7,630.957,2.05463e+06,-87.5037
rss-mtyp-xtyp,ss,typical,typical,27,2.7,1000,1.2983e+06,-86.0491
rss-mtyp-xtyp,ss,typical,typical,27,2.7,1584.89,822202,-83.7548
rss-mtyp-xtyp,ss,typical,typical,27,2.7,2511.89,523547,-80.1641
rss-mtyp-xtyp,ss,typical,typical,27,2.7,3981.07,337782,-74.6470
rss-mtyp-xtyp,ss,typical,typical,27,2.7,6309.57,224493,-66.5243
rss-mtyp-xtyp,ss,typical,typical,27,2.7,10000,158232,-55.5887
rss-mtyp-xtyp,ss,typical,typical,27,2.7,15848.9,122229,-42.9928
rss-mtyp-xtyp,ss,typical,typical,27,2.7,25118.9,104483,-31.2136
rss-mtyp-xtyp,ss,typical,typical,27,2.7,39810.7,96468.8,-22.3135
rss-mtyp-xtyp,ss,typical,typical,27,2.7,63095.7,92968.3,-16.8804
rss-mtyp-xtyp,ss,typical,typical,27,2.7,100000,91239.5,-14.6811
rss-mtyp-xtyp,ss,typical,typical,27,2.7,158489,89806.1,-15.4874
rss-mtyp-xtyp,ss,typical,typical,27,2.7,251189,87479.3,-19.3917
rss-mtyp-xtyp,ss,typical,typical,27,2.7,398107,82694,-26.6966
rss-mtyp-xtyp,ss,typical,typical,27,2.7,630957,73555,-37.3181
rss-mtyp-xtyp,ss,typical,typical,27,2.7,1e+06,59593.1,-49.8690
rss-mtyp-xtyp,ss,typical,typical,27,2.7,1.58489e+06,43662.8,-61.8146
rss-mtyp-xtyp,ss,typical,typical,27,2.7,2.51189e+06,29685.5,-71.2653
rss-mtyp-xtyp,ss,typical,typical,27,2.7,3.98107e+06,19361.5,-77.9032
rss-mtyp-xtyp,ss,typical,typical,27,2.7,6.30957e+06,12386.5,-82.2882
rss-mtyp-xtyp,ss,typical,typical,27,2.7,1e+07,7859.4,-85.1045
rss-mtyp-xtyp,ss,typical,typical,27,2.7,1.58489e+07,4970.24,-86.8889
rss-mtyp-xtyp,ss,typical,typical,27,2.7,2.51189e+07,3139,-88.0084
rss-mtyp-xtyp,ss,typical,typical,27,2.7,3.98107e+07,1981.54,-88.7006
rss-mtyp-xtyp,ss,typical,typical,27,2.7,6.30957e+07,1250.83,-89.1169
rss-mtyp-xtyp,ss,typical,typical,27,2.7,1e+08,789.779,-89.3564
rss-mtyp-xtyp,ss,typical,typical,125,0.3,100,1.41946e+07,-89.6304
rss-mtyp-xtyp,ss,typical,typical,125,0.3,158.489,8.95646e+06,-89.4243
rss-mtyp-xtyp,ss,typical,typical,125,0.3,251.189,5.65158e+06,-89.0940
rss-mtyp-xtyp,ss,typical,typical,125,0.3,398.107,3.5666e+06,-88.5683
rss-mtyp-xtyp,ss,typical,typical,125,0.3,630.957,2.25147e+06,-87.7342
rss-mtyp-xtyp,ss,typical,typical,125,0.3,1000,1.42232e+06,-86.4135
rss-mtyp-xtyp,ss,typical,typical,125,0.3,1584.89,900167,-84.3286
rss-mtyp-xtyp,ss,typical,typical,125,0.3,2511.89,572297,-81.0583
rss-mtyp-xtyp,ss,typical,typical,125,0.3,3981.07,367867,-76.0076
rss-mtyp-xtyp,ss,typical,typical,125,0.3,6309.57,242509,-68.4837
rss-mtyp-xtyp,ss,typical,typical,125,0.3,10000,168371,-58.1148
rss-mtyp-xtyp,ss,typical,typical,125,0.3,15848.9,127358,-45.7192
rss-mtyp-xtyp,ss,typical,typical,125,0.3,25118.9,106716,-33.6117
rss-mtyp-xtyp,ss,typical,typical,125,0.3,39810.7,97242.1,-24.1054
rss-mtyp-xtyp,ss,typical,typical,125,0.3,63095.7,93086.5,-18.0950
rss-mtyp-xtyp,ss,typical,typical,125,0.3,100000,91085,-15.4616
rss-mtyp-xtyp,ss,typical,typical,125,0.3,158489,89547.6,-15.9688
rss-mtyp-xtyp,ss,typical,typical,125,0.3,251189,87195,-19.6709
rss-mtyp-xtyp,ss,typical,typical,125,0.3,398107,82432,-26.8376
rss-mtyp-xtyp,ss,typical,typical,125,0.3,630957,73353.2,-37.3671
rss-mtyp-xtyp,ss,typical,typical,125,0.3,1e+06,59467.2,-49.8669
rss-mtyp-xtyp,ss,typical,typical,125,0.3,1.58489e+06,43595.7,-61.7948
rss-mtyp-xtyp,ss,typical,typical,125,0.3,2.51189e+06,29650.6,-71.2455
rss-mtyp-xtyp,ss,typical,typical,125,0.3,3.98107e+06,19342.2,-77.8885
rss-mtyp-xtyp,ss,typical,typical,125,0.3,6.30957e+06,12375.1,-82.2783
rss-mtyp-xtyp,ss,typical,typical,125,0.3,1e+07,7852.44,-85.0982
rss-mtyp-xtyp,ss,typical,typical,125,0.3,1.58489e+07,4965.9,-86.8849
rss-mtyp-xtyp,ss,typical,typical,125,0.3,2.51189e+07,3136.27,-88.0059
rss-mtyp-xtyp,ss,typical,typical,125,0.3,3.98107e+07,1979.82,-88.6992
rss-mtyp-xtyp,ss,typical,typical,125,0.3,6.30957e+07,1249.74,-89.1161
rss-mtyp-xtyp,ss,typical,typical,125,0.3,1e+08,789.093,-89.3561
rss-mtyp-xtyp,ss,typical,typical,125,0.9,100,1.31577e+07,-89.6018
rss-mtyp-xtyp,ss,typical,typical,125,0.9,158.489,8.30227e+06,-89.3783
rss-mtyp-xtyp,ss,typical,typical,125,0.9,251.189,5.23885e+06,-89.0206
rss-mtyp-xtyp,ss,typical,typical,125,0.9,398.107,3.30624e+06,-88.4518
rss-mtyp-xtyp,ss,typical,typical,125,0.9,630.957,2.08728e+06,-87.5495
rss-mtyp-xtyp,ss,typical,typical,125,0.9,1000,1.31886e+06,-86.1215
rss-mtyp-xtyp,ss,typical,typical,125,0.9,1584.89,835116,-83.8687
rss-mtyp-xtyp,ss,typical,typical,125,0.9,2511.89,531599,-80.3414
rss-mtyp-xtyp,ss,typical,typical,125,0.9,3981.07,342716,-74.9159
rss-mtyp-xtyp,ss,typical,typical,125,0.9,6309.57,227397,-66.9089
rss-mtyp-xtyp,ss,typical,typical,125,0.9,10000,159797,-56.0784
rss-mtyp-xtyp,ss,typical,typical,125,0.9,15848.9,122938,-43.5121
rss-mtyp-xtyp,ss,typical,typical,125,0.9,25118.9,104697,-31.6622
rss-mtyp-xtyp,ss,typical,typical,125,0.9,39810.7,96434.5,-22.6436
rss-mtyp-xtyp,ss,typical,typical,125,0.9,63095.7,92823.8,-17.1004
rss-mtyp-xtyp,ss,typical,typical,125,0.9,100000,91050.3,-14.8181
rss-mtyp-xtyp,ss,typical,typical,125,0.9,158489,89602.9,-15.5654
rss-mtyp-xtyp,ss,typical,typical,125,0.9,251189,87279.9,-19.4269
rss-mtyp-xtyp,ss,typical,typical,125,0.9,398107,82515.2,-26.6996
rss-mtyp-xtyp,ss,typical,typical,125,0.9,630957,73415.1,-37.2983
rss-mtyp-xtyp,ss,typical,typical,125,0.9,1e+06,59500.8,-49.8386
rss-mtyp-xtyp,ss,typical,typical,125,0.9,1.58489e+06,43609,-61.7854
rss-mtyp-xtyp,ss,typical,typical,125,0.9,2.51189e+06,29654.8,-71.2429
rss-mtyp-xtyp,ss,typical,typical,125,0.9,3.98107e+06,19343.4,-77.8879
rss-mtyp-xtyp,ss,typical,typical,125,0.9,6.30957e+06,12375.4,-82.2782
rss-mtyp-xtyp,ss,typical,typical,125,0.9,1e+07,7852.51,-85.0982
rss-mtyp-xtyp,ss,typical,typical,125,0.9,1.58489e+07,4965.92,-86.8850
rss-mtyp-xtyp,ss,typical,typical,125,0.9,2.51189e+07,3136.28,-88.0059
rss-mtyp-xtyp,ss,typical,typical,125,0.9,3.98107e+07,1979.82,-88.6992
rss-mtyp-xtyp,ss,typical,typical,125,0.9,6.30957e+07,1249.74,-89.1161
rss-mtyp-xtyp,ss,typical,typical,125,0.9,1e+08,789.093,-89.3561
rss-mtyp-xtyp,ss,typical,typical,125,1.35,100,1.30036e+07,-89.5972
rss-mtyp-xtyp,ss,typical,typical,125,1.35,158.489,8.20502e+06,-89.3708
rss-mtyp-xtyp,ss,typical,typical,125,1.35,251.189,5.1775e+06,-89.0087
rss-mtyp-xtyp,ss,typical,typical,125,1.35,398.107,3.26754e+06,-88.4329
rss-mtyp-xtyp,ss,typical,typical,125,1.35,630.957,2.06288e+06,-87.5195
rss-mtyp-xtyp,ss,typical,typical,125,1.35,1000,1.30349e+06,-86.0741
rss-mtyp-xtyp,ss,typical,typical,125,1.35,1584.89,825451,-83.7942
rss-mtyp-xtyp,ss,typical,typical,125,1.35,2511.89,525557,-80.2253
rss-mtyp-xtyp,ss,typical,typical,125,1.35,3981.07,338989,-74.7398
rss-mtyp-xtyp,ss,typical,typical,125,1.35,6309.57,225166,-66.6568
rss-mtyp-xtyp,ss,typical,typical,125,1.35,10000,158541,-55.7570
rss-mtyp-xtyp,ss,typical,typical,125,1.35,15848.9,122297,-43.1704
rss-mtyp-xtyp,ss,typical,typical,125,1.35,25118.9,104407,-31.3660
rss-mtyp-xtyp,ss,typical,typical,125,1.35,39810.7,96319.8,-22.4243
rss-mtyp-xtyp,ss,typical,typical,125,1.35,63095.7,92787.1,-16.9521
rss-mtyp-xtyp,ss,typical,typical,125,1.35,100000,91046.2,-14.7224
rss-mtyp-xtyp,ss,typical,typical,125,1.35,158489,89611.6,-15.5055
rss-mtyp-xtyp,ss,typical,typical,125,1.35,251189,87292.6,-19.3907
rss-mtyp-xtyp,ss,typical,typical,125,1.35,398107,82527.6,-26.6791
rss-mtyp-xtyp,ss,typical,typical,125,1.35,630957,73424.3,-37.2881
rss-mtyp-xtyp,ss,typical,typical,125,1.35,1e+06,59505.8,-49.8344
rss-mtyp-xtyp,ss,typical,typical,125,1.35,1.58489e+06,43611,-61.7841
rss-mtyp-xtyp,ss,typical,typical,125,1.35,2.51189e+06,29655.5,-71.2425
rss-mtyp-xtyp,ss,typical,typical,125,1.35,3.98107e+06,19343.5,-77.8878
rss-mtyp-xtyp,ss,typical,typical,125,1.35,6.30957e+06,12375.4,-82.2782
rss-mtyp-xtyp,ss,typical,typical,125,1.35,1e+07,7852.52,-85.0982
rss-mtyp-xtyp,ss,typical,typical,125,1.35,1.58489e+07,4965.92,-86.8850
rss-mtyp-xtyp,ss,typical,typical,125,1.35,2.51189e+07,3136.28,-88.0059
rss-mtyp-xtyp,ss,typical,typical,125,1.35,3.98107e+07,1979.82,-88.6992
rss-mtyp-xtyp,ss,typical,typical,125,1.35,6.30957e+07,1249.74,-89.1161
rss-mtyp-xtyp,ss,typical,typical,125,1.35,1e+08,789.093,-89.3561
rss-mtyp-xtyp,ss,typical,typical,125,1.8,100,1.2964e+07,-89.5960
rss-mtyp-xtyp,ss,typical,typical,125,1.8,158.489,8.18003e+06,-89.3689
rss-mtyp-xtyp,ss,typical,typical,125,1.8,251.189,5.16173e+06,-89.0056
rss-mtyp-xtyp,ss,typical,typical,125,1.8,398.107,3.25759e+06,-88.4279
rss-mtyp-xtyp,ss,typical,typical,125,1.8,630.957,2.05661e+06,-87.5117
rss-mtyp-xtyp,ss,typical,typical,125,1.8,1000,1.29954e+06,-86.0617
rss-mtyp-xtyp,ss,typical,typical,125,1.8,1584.89,822967,-83.7747
rss-mtyp-xtyp,ss,typical,typical,125,1.8,2511.89,524005,-80.1950
rss-mtyp-xtyp,ss,typical,typical,125,1.8,3981.07,338031,-74.6939
rss-mtyp-xtyp,ss,typical,typical,125,1.8,6309.57,224594,-66.5912
rss-mtyp-xtyp,ss,typical,typical,125,1.8,10000,158219,-55.6735
rss-mtyp-xtyp,ss,typical,typical,125,1.8,15848.9,122133,-43.0821
rss-mtyp-xtyp,ss,typical,typical,125,1.8,25118.9,104333,-31.2897
rss-mtyp-xtyp,ss,typical,typical,125,1.8,39810.7,96290.6,-22.3678
rss-mtyp-xtyp,ss,typical,typical,125,1.8,63095.7,92777.8,-16.9140
rss-mtyp-xtyp,ss,typical,typical,125,1.8,100000,91045.1,-14.6978
rss-mtyp-xtyp,ss,typical,typical,125,1.8,158489,89613.8,-15.4901
rss-mtyp-xtyp,ss,typical,typical,125,1.8,251189,87295.9,-19.3814
rss-mtyp-xtyp,ss,typical,typical,125,1.8,398107,82530.8,-26.6739
rss-mtyp-xtyp,ss,typical,typical,125,1.8,630957,73426.7,-37.2854
rss-mtyp-xtyp,ss,typical,typical,125,1.8,1e+06,59507.1,-49.8333
rss-mtyp-xtyp,ss,typical,typical,125,1.8,1.58489e+06,43611.5,-61.7837
rss-mtyp-xtyp,ss,typical,typical,125,1.8,2.51189e+06,29655.6,-71.2424
rss-mtyp-xtyp,ss,typical,typical,125,1.8,3.98107e+06,19343.6,-77.8878
rss-mtyp-xtyp,ss,typical,typical,125,1.8,6.30957e+06,12375.4,-82.2782
rss-mtyp-xtyp,ss,typical,typical,125,1.8,1e+07,7852.53,-85.0982
rss-mtyp-xtyp,ss,typical,typical,125,1.8,1.58489e+07,4965.92,-86.8850
rss-mtyp-xtyp,ss,typical,typical,125,1.8,2.51189e+07,3136.28,-88.0059
rss-mtyp-xtyp,ss,typical,typical,125,1.8,3.98107e+07,1979.82,-88.6992
rss-mtyp-xtyp,ss,typical,typical,125,1.8,6.30957e+07,1249.74,-89.1161
rss-mtyp-xtyp,ss,typical,typical,125,1.8,1e+08,789.093,-89.3561
rss-mtyp-xtyp,ss,typical,typical,125,2.25,100,1.29538e+07,-89.5957
rss-mtyp-xtyp,ss,typical,typical,125,2.25,158.489,8.17363e+06,-89.3684
rss-mtyp-xtyp,ss,typical,typical,125,2.25,251.189,5.15769e+06,-89.0048
rss-mtyp-xtyp,ss,typical,typical,125,2.25,398.107,3.25504e+06,-88.4267
rss-mtyp-xtyp,ss,typical,typical,125,2.25,630.957,2.055e+06,-87.5097
rss-mtyp-xtyp,ss,typical,typical,125,2.25,1000,1.29853e+06,-86.0586
rss-mtyp-xtyp,ss,typical,typical,125,2.25,1584.89,822331,-83.7697
rss-mtyp-xtyp,ss,typical,typical,125,2.25,2511.89,523607,-80.1873
rss-mtyp-xtyp,ss,typical,typical,125,2.25,3981.07,337786,-74.6821
rss-mtyp-xtyp,ss,typical,typical,125,2.25,6309.57,224447,-66.5744
rss-mtyp-xtyp,ss,typical,typical,125,2.25,10000,158137,-55.6521
rss-mtyp-xtyp,ss,typical,typical,125,2.25,15848.9,122091,-43.0594
rss-mtyp-xtyp,ss,typical,typical,125,2.25,25118.9,104314,-31.2701
rss-mtyp-xtyp,ss,typical,typical,125,2.25,39810.7,96283.1,-22.3534
rss-mtyp-xtyp,ss,typical,typical,125,2.25,63095.7,92775.4,-16.9042
rss-mtyp-xtyp,ss,typical,typical,125,2.25,100000,91044.9,-14.6915
rss-mtyp-xtyp,ss,typical,typical,125,2.25,158489,89614.4,-15.4861
rss-mtyp-xtyp,ss,typical,typical,125,2.25,251189,87296.8,-19.3790
rss-mtyp-xtyp,ss,typical,typical,125,2.25,398107,82531.6,-26.6725
rss-mtyp-xtyp,ss,typical,typical,125,2.25,630957,73427.3,-37.2848
rss-mtyp-xtyp,ss,typical,typical,125,2.25,1e+06,59507.4,-49.8331
rss-mtyp-xtyp,ss,typical,typical,125,2.25,1.58489e+06,43611.7,-61.7836
rss-mtyp-xtyp,ss,typical,typical,125,2.25,2.51189e+06,29655.7,-71.2424
rss-mtyp-xtyp,ss,typical,typical,125,2.25,3.98107e+06,19343.6,-77.8878
rss-mtyp-xtyp,ss,typical,typical,125,2.25,6.30957e+06,12375.5,-82.2782
rss-mtyp-xtyp,ss,typical,typical,125,2.25,1e+07,7852.53,-85.0982
rss-mtyp-xtyp,ss,typical,typical,125,2.25,1.58489e+07,4965.92,-86.8850
rss-mtyp-xtyp,ss,typical,typical,125,2.25,2.51189e+07,3136.28,-88.0059
rss-mtyp-xtyp,ss,typical,typical,125,2.25,3.98107e+07,1979.82,-88.6992
rss-mtyp-xtyp,ss,typical,typical,125,2.25,6.30957e+07,1249.74,-89.1161
rss-mtyp-xtyp,ss,typical,typical,125,2.25,1e+08,789.093,-89.3561
rss-mtyp-xtyp,ss,typical,typical,125,2.7,100,1.29513e+07,-89.5956
rss-mtyp-xtyp,ss,typical,typical,125,2.7,158.489,8.17199e+06,-89.3682
rss-mtyp-xtyp,ss,typical,typical,125,2.7,251.189,5.15666e+06,-89.0046
rss-mtyp-xtyp,ss,typical,typical,125,2.7,398.107,3.25439e+06,-88.4263
rss-mtyp-xtyp,ss,typical,typical,125,2.7,630.957,2.05459e+06,-87.5092
rss-mtyp-xtyp,ss,typical,typical,125,2.7,1000,1.29827e+06,-86.0577
rss-mtyp-xtyp,ss,typical,typical,125,2.7,1584.89,822169,-83.7684
rss-mtyp-xtyp,ss,typical,typical,125,2.7,2511.89,523506,-80.1853
rss-mtyp-xtyp,ss,typical,typical,125,2.7,3981.07,337724,-74.6791
rss-mtyp-xtyp,ss,typical,typical,125,2.7,6309.57,224410,-66.5701
rss-mtyp-xtyp,ss,typical,typical,125,2.7,10000,158116,-55.6467
rss-mtyp-xtyp,ss,typical,typical,125,2.7,15848.9,122080,-43.0536
rss-mtyp-xtyp,ss,typical,typical,125,2.7,25118.9,104309,-31.2651
rss-mtyp-xtyp,ss,typical,typical,125,2.7,39810.7,96281.2,-22.3497
rss-mtyp-xtyp,ss,typical,typical,125,2.7,63095.7,92774.8,-16.9017
rss-mtyp-xtyp,ss,typical,typical,125,2.7,100000,91044.8,-14.6899
rss-mtyp-xtyp,ss,typical,typical,125,2.7,158489,89614.5,-15.4851
rss-mtyp-xtyp,ss,typical,typical,125,2.7,251189,87297,-19.3784
rss-mtyp-xtyp,ss,typical,typical,125,2.7,398107,82531.8,-26.6722
rss-mtyp-xtyp,ss,typical,typical,125,2.7,630957,73427.4,-37.2846
rss-mtyp-xtyp,ss,typical,typical,125,2.7,1e+06,59507.5,-49.8330
rss-mtyp-xtyp,ss,typical,typical,125,2.7,1.58489e+06,43611.7,-61.7836
rss-mtyp-xtyp,ss,typical,typical,125,2.7,2.51189e+06,29655.7,-71.2424
rss-mtyp-xtyp,ss,typical,typical,125,2.7,3.98107e+06,19343.6,-77.8878
rss-mtyp-xtyp,ss,typical,typical,125,2.7,6.30957e+06,12375.5,-82.2782
rss-mtyp-xtyp,ss,typical,typical,125,2.7,1e+07,7852.53,-85.0982
rss-mtyp-xtyp,ss,typical,typical,125,2.7,1.58489e+07,4965.92,-86.8850
rss-mtyp-xtyp,ss,typical,typical,125,2.7,2.51189e+07,3136.28,-88.0059
rss-mtyp-xtyp,ss,typical,typical,125,2.7,3.98107e+07,1979.82,-88.6992
rss-mtyp-xtyp,ss,typical,typical,125,2.7,6.30957e+07,1249.74,-89.1161
rss-mtyp-xtyp,ss,typical,typical,125,2.7,1e+08,789.093,-89.3561
rtyp-mff-xff,typical,ff,ff,-40,0.3,100,1.57711e+07,-89.7157
rtyp-mff-xff,typical,ff,ff,-40,0.3,158.489,9.95105e+06,-89.5607
rtyp-mff-xff,typical,ff,ff,-40,0.3,251.189,6.27897e+06,-89.3108
rtyp-mff-xff,typical,ff,ff,-40,0.3,398.107,3.9622e+06,-88.9122
rtyp-mff-xff,typical,ff,ff,-40,0.3,630.957,2.50068e+06,-88.2791
rtyp-mff-xff,typical,ff,ff,-40,0.3,1000,1.57894e+06,-87.2757
rtyp-mff-xff,typical,ff,ff,-40,0.3,1584.89,998002,-85.6886
rtyp-mff-xff,typical,ff,ff,-40,0.3,2511.89,632479,-83.1880
rtyp-mff-xff,typical,ff,ff,-40,0.3,3981.07,403442,-79.2841
rtyp-mff-xff,typical,ff,ff,-40,0.3,6309.57,261360,-73.3209
rtyp-mff-xff,typical,ff,ff,-40,0.3,10000,175229,-64.6551
rtyp-mff-xff,typical,ff,ff,-40,0.3,15848.9,125436,-53.2788
rtyp-mff-xff,typical,ff,ff,-40,0.3,25118.9,98856.6,-40.6712
rtyp-mff-xff,typical,ff,ff,-40,0.3,39810.7,85998.7,-29.3981
rtyp-mff-xff,typical,ff,ff,-40,0.3,63095.7,80253.6,-21.2664
rtyp-mff-xff,typical,ff,ff,-40,0.3,100000,77705.9,-16.6466
rtyp-mff-xff,typical,ff,ff,-40,0.3,158489,76310.1,-15.2872
rtyp-mff-xff,typical,ff,ff,-40,0.3,251189,74873.3,-17.0485
rtyp-mff-xff,typical,ff,ff,-40,0.3,398107,72264.7,-22.1057
rtyp-mff-xff,typical,ff,ff,-40,0.3,630957,66969.8,-30.6833
rtyp-mff-xff,typical,ff,ff,-40,0.3,1e+06,57596,-42.2588
rtyp-mff-xff,typical,ff,ff,-40,0.3,1.58489e+06,44795.1,-54.8449
rtyp-mff-xff,typical,ff,ff,-40,0.3,2.51189e+06,31736.2,-65.9197
rtyp-mff-xff,typical,ff,ff,-40,0.3,3.98107e+06,21152.6,-74.2150
rtyp-mff-xff,typical,ff,ff,-40,0.3,6.30957e+06,13665.3,-79.8715
rtyp-mff-xff,typical,ff,ff,-40,0.3,1e+07,8706.54,-83.5566
rtyp-mff-xff,typical,ff,ff,-40,0.3,1.58489e+07,5515.14,-85.9072
rtyp-mff-xff,typical,ff,ff,-40,0.3,2.51189e+07,3485.43,-87.3890
rtyp-mff-xff,typical,ff,ff,-40,0.3,3.98107e+07,2200.77,-88.3117
rtyp-mff-xff,typical,ff,ff,-40,0.3,6.30957e+07,1389.28,-88.8737
rtyp-mff-xff,typical,ff,ff,-40,0.3,1e+08,877.149,-89.2026
rtyp-mff-xff,typical,ff,ff,-40,0.9,100,1.46191e+07,-89.6943
rtyp-mff-xff,typical,ff,ff,-40,0.9,158.489,9.2242e+06,-89.5259
rtyp-mff-xff,typical,ff,ff,-40,0.9,251.189,5.82038e+06,-89.2552
rtyp-mff-xff,typical,ff,ff,-40,0.9,398.107,3.67289e+06,-88.8238
rtyp-mff-xff,typical,ff,ff,-40,0.9,630.957,2.3182e+06,-88.1389
rtyp-mff-xff,typical,ff,ff,-40,0.9,1000,1.46389e+06,-87.0537
rtyp-mff-xff,typical,ff,ff,-40,0.9,1584.89,925554,-85.3379
rtyp-mff-xff,typical,ff,ff,-40,0.9,2511.89,586992,-82.6375
rtyp-mff-xff,typical,ff,ff,-40,0.9,3981.07,375090,-78.4319
rtyp-mff-xff,typical,ff,ff,-40,0.9,6309.57,243990,-72.0448
rtyp-mff-xff,typical,ff,ff,-40,0.9,10000,164986,-62.8792
rtyp-mff-xff,typical,ff,ff,-40,0.9,15848.9,119818,-51.1238
rtyp-mff-xff,typical,ff,ff,-40,0.9,25118.9,96092.9,-38.5211
rtyp-mff-xff,typical,ff,ff,-40,0.9,39810.7,84799.4,-27.6337
rtyp-mff-xff,typical,ff,ff,-40,0.9,63095.7,79804.1,-20.0035
rtyp-mff-xff,typical,ff,ff,-40,0.9,100000,77582.5,-15.8078
rtyp-mff-xff,typical,ff,ff,-40,0.9,158489,76320.4,-14.7517
rtyp-mff-xff,typical,ff,ff,-40,0.9,251189,74934.2,-16.7170
rtyp-mff-xff,typical,ff,ff,-40,0.9,398107,72338.2,-21.9096
rtyp-mff-xff,typical,ff,ff,-40,0.9,630957,67034.4,-30.5770
rtyp-mff-xff,typical,ff,ff,-40,0.9,1e+06,57638.6,-42.2095
rtyp-mff-xff,typical,ff,ff,-40,0.9,1.58489e+06,44815.4,-54.8263
rtyp-mff-xff,typical,ff,ff,-40,0.9,2.51189e+06,31743.4,-65.9140
rtyp-mff-xff,typical,ff,ff,-40,0.9,3.98107e+06,21154.7,-74.2135
rtyp-mff-xff,typical,ff,ff,-40,0.9,6.30957e+06,13665.9,-79.8713
rtyp-mff-xff,typical,ff,ff,-40,0.9,1e+07,8706.69,-83.5566
rtyp-mff-xff,typical,ff,ff,-40,0.9,1.58489e+07,5515.18,-85.9072
rtyp-mff-xff,typical,ff,ff,-40,0.9,2.51189e+07,3485.44,-87.3891
rtyp-mff-xff,typical,ff,ff,-40,0.9,3.98107e+07,2200.77,-88.3117
rtyp-mff-xff,typical,ff,ff,-40,0.9,6.30957e+07,1389.28,-88.8737
rtyp-mff-xff,typical,ff,ff,-40,0.9,1e+08,877.149,-89.2026
rtyp-mff-xff,typical,ff,ff,-40,1.35,100,1.44478e+07,-89.6908
rtyp-mff-xff,typical,ff,ff,-40,1.35,158.489,9.11615e+06,-89.5203
rtyp-mff-xff,typical,ff,ff,-40,1.35,251.189,5.75221e+06,-89.2462
rtyp-mff-xff,typical,ff,ff,-40,1.35,398.107,3.62988e+06,-88.8095
rtyp-mff-xff,typical,ff,ff,-40,1.35,630.957,2.29107e+06,-88.1162
rtyp-mff-xff,typical,ff,ff,-40,1.35,1000,1.44679e+06,-87.0176
rtyp-mff-xff,typical,ff,ff,-40,1.35,1584.89,914787,-85.2810
rtyp-mff-xff,typical,ff,ff,-40,1.35,2511.89,580235,-82.5483
rtyp-mff-xff,typical,ff,ff,-40,1.35,3981.07,370883,-78.2940
rtyp-mff-xff,typical,ff,ff,-40,1.35,6309.57,241419,-71.8395
rtyp-mff-xff,typical,ff,ff,-40,1.35,10000,163477,-62.5963
rtyp-mff-xff,typical,ff,ff,-40,1.35,15848.9,118999,-50.7861
rtyp-mff-xff,typical,ff,ff,-40,1.35,25118.9,95694,-38.1910
rtyp-mff-xff,typical,ff,ff,-40,1.35,39810.7,84628.1,-27.3672
rtyp-mff-xff,typical,ff,ff,-40,1.35,63095.7,79740.6,-19.8145
rtyp-mff-xff,typical,ff,ff,-40,1.35,100000,77565.6,-15.6829
rtyp-mff-xff,typical,ff,ff,-40,1.35,158489,76322.5,-14.6722
rtyp-mff-xff,typical,ff,ff,-40,1.35,251189,74943.5,-16.6678
rtyp-mff-xff,typical,ff,ff,-40,1.35,398107,72349.2,-21.8805
rtyp-mff-xff,typical,ff,ff,-40,1.35,630957,67044,-30.5612
rtyp-mff-xff,typical,ff,ff,-40,1.35,1e+06,57644.9,-42.2021
rtyp-mff-xff,typical,ff,ff,-40,1.35,1.58489e+06,44818.4,-54.8235
rtyp-mff-xff,typical,ff,ff,-40,1.35,2.51189e+06,31744.5,-65.9132
rtyp-mff-xff,typical,ff,ff,-40,1.35,3.98107e+06,21155,-74.2133
rtyp-mff-xff,typical,ff,ff,-40,1.35,6.30957e+06,13666,-79.8712
rtyp-mff-xff,typical,ff,ff,-40,1.35,1e+07,8706.71,-83.5566
rtyp-mff-xff,typical,ff,ff,-40,1.35,1.58489e+07,5515.19,-85.9072
rtyp-mff-xff,typical,ff,ff,-40,1.35,2.51189e+07,3485.45,-87.3891
rtyp-mff-xff,typical,ff,ff,-40,1.35,3.98107e+07,2200.77,-88.3117
rtyp-mff-xff,typical,ff,ff,-40,1.35,6.30957e+07,1389.28,-88.8737
rtyp-mff-xff,typical,ff,ff,-40,1.35,1e+08,877.149,-89.2026
rtyp-mff-xff,typical,ff,ff,-40,1.8,100,1.44038e+07,-89.6899
rtyp-mff-xff,typical,ff,ff,-40,1.8,158.489,9.08838e+06,-89.5188
rtyp-mff-xff,typical,ff,ff,-40,1.8,251.189,5.73469e+06,-89.2438
rtyp-mff-xff,typical,ff,ff,-40,1.8,398.107,3.61883e+06,-88.8057
rtyp-mff-xff,typical,ff,ff,-40,1.8,630.957,2.2841e+06,-88.1102
rtyp-mff-xff,typical,ff,ff,-40,1.8,1000,1.44239e+06,-87.0082
rtyp-mff-xff,typical,ff,ff,-40,1.8,1584.89,912020,-85.2662
rtyp-mff-xff,typical,ff,ff,-40,1.8,2511.89,578499,-82.5250
rtyp-mff-xff,typical,ff,ff,-40,1.8,3981.07,369802,-78.2581
rtyp-mff-xff,typical,ff,ff,-40,1.8,6309.57,240759,-71.7860
rtyp-mff-xff,typical,ff,ff,-40,1.8,10000,163091,-62.5227
rtyp-mff-xff,typical,ff,ff,-40,1.8,15848.9,118789,-50.6986
rtyp-mff-xff,typical,ff,ff,-40,1.8,25118.9,95592.1,-38.1058
rtyp-mff-xff,typical,ff,ff,-40,1.8,39810.7,84584.4,-27.2985
rtyp-mff-xff,typical,ff,ff,-40,1.8,63095.7,79724.5,-19.7659
rtyp-mff-xff,typical,ff,ff,-40,1.8,100000,77561.3,-15.6508
rtyp-mff-xff,typical,ff,ff,-40,1.8,158489,76323.1,-14.6517
rtyp-mff-xff,typical,ff,ff,-40,1.8,251189,74945.9,-16.6551
rtyp-mff-xff,typical,ff,ff,-40,1.8,398107,72352.1,-21.8730
rtyp-mff-xff,typical,ff,ff,-40,1.8,630957,67046.5,-30.5571
rtyp-mff-xff,typical,ff,ff,-40,1.8,1e+06,57646.6,-42.2002
rtyp-mff-xff,typical,ff,ff,-40,1.8,1.58489e+06,44819.2,-54.8228
rtyp-mff-xff,typical,ff,ff,-40,1.8,2.51189e+06,31744.8,-65.9130
rtyp-mff-xff,typical,ff,ff,-40,1.8,3.98107e+06,21155.1,-74.2133
rtyp-mff-xff,typical,ff,ff,-40,1.8,6.30957e+06,13666,-79.8712
rtyp-mff-xff,typical,ff,ff,-40,1.8,1e+07,8706.72,-83.5566
rtyp-mff-xff,typical,ff,ff,-40,1.8,1.58489e+07,5515.19,-85.9073
rtyp-mff-xff,typical,ff,ff,-40,1.8,2.51189e+07,3485.45,-87.3891
rtyp-mff-xff,typical,ff,ff,-40,1.8,3.98107e+07,2200.77,-88.3117
rtyp-mff-xff,typical,ff,ff,-40,1.8,6.30957e+07,1389.28,-88.8737
rtyp-mff-xff,typical,ff,ff,-40,1.8,1e+08,877.149,-89.2026
rtyp-mff-xff,typical,ff,ff,-40,2.25,100,1.43925e+07,-89.6897
rtyp-mff-xff,typical,ff,ff,-40,2.25,158.489,9.08127e+06,-89.5184
rtyp-mff-xff,typical,ff,ff,-40,2.25,251.189,5.7302e+06,-89.2432
rtyp-mff-xff,typical,ff,ff,-40,2.25,398.107,3.616e+06,-88.8048
rtyp-mff-xff,typical,ff,ff,-40,2.25,630.957,2.28231e+06,-88.1087
rtyp-mff-xff,typical,ff,ff,-40,2.25,1000,1.44127e+06,-87.0058
rtyp-mff-xff,typical,ff,ff,-40,2.25,1584.89,911312,-85.2624
rtyp-mff-xff,typical,ff,ff,-40,2.25,2511.89,578054,-82.5190
rtyp-mff-xff,typical,ff,ff,-40,2.25,3981.07,369525,-78.2489
rtyp-mff-xff,typical,ff,ff,-40,2.25,6309.57,240590,-71.7723
rtyp-mff-xff,typical,ff,ff,-40,2.25,10000,162992,-62.5038
rtyp-mff-xff,typical,ff,ff,-40,2.25,15848.9,118735,-50.6762
rtyp-mff-xff,typical,ff,ff,-40,2.25,25118.9,95566,-38.0839
rtyp-mff-xff,typical,ff,ff,-40,2.25,39810.7,84573.2,-27.2809
rtyp-mff-xff,typical,ff,ff,-40,2.25,63095.7,79720.3,-19.7535
rtyp-mff-xff,typical,ff,ff,-40,2.25,100000,77560.3,-15.6426
rtyp-mff-xff,typical,ff,ff,-40,2.25,158489,76323.2,-14.6465
rtyp-mff-xff,typical,ff,ff,-40,2.25,251189,74946.5,-16.6519
rtyp-mff-xff,typical,ff,ff,-40,2.25,398107,72352.8,-21.8711
rtyp-mff-xff,typical,ff,ff,-40,2.25,630957,67047.1,-30.5561
rtyp-mff-xff,typical,ff,ff,-40,2.25,1e+06,57647,-42.1998
rtyp-mff-xff,typical,ff,ff,-40,2.25,1.58489e+06,44819.4,-54.8227
rtyp-mff-xff,typical,ff,ff,-40,2.25,2.51189e+06,31744.9,-65.9129
rtyp-mff-xff,typical,ff,ff,-40,2.25,3.98107e+06,21155.2,-74.2133
rtyp-mff-xff,typical,ff,ff,-40,2.25,6.30957e+06,13666,-79.8712
rtyp-mff-xff,typical,ff,ff,-40,2.25,1e+07,8706.72,-83.5566
rtyp-mff-xff,typical,ff,ff,-40,2.25,1.58489e+07,5515.19,-85.9073
rtyp-mff-xff,typical,ff,ff,-40,2.25,2.51189e+07,3485.45,-87.3891
rtyp-mff-xff,typical,ff,ff,-40,2.25,3.98107e+07,2200.77,-88.3117
rtyp-mff-xff,typical,ff,ff,-40,2.25,6.30957e+07,1389.28,-88.8737
rtyp-mff-xff,typical,ff,ff,-40,2.25,1e+08,877.149,-89.2026
rtyp-mff-xff,typical,ff,ff,-40,2.7,100,1.43897e+07,-89.6896
rtyp-mff-xff,typical,ff,ff,-40,2.7,158.489,9.07946e+06,-89.5183
rtyp-mff-xff,typical,ff,ff,-40,2.7,251.189,5.72906e+06,-89.2431
rtyp-mff-xff,typical,ff,ff,-40,2.7,398.107,3.61528e+06,-88.8045
rtyp-mff-xff,typical,ff,ff,-40,2.7,630.957,2.28186e+06,-88.1083
rtyp-mff-xff,typical,ff,ff,-40,2.7,1000,1.44098e+06,-87.0052
rtyp-mff-xff,typical,ff,ff,-40,2.7,1584.89,911131,-85.2614
rtyp-mff-xff,typical,ff,ff,-40,2.7,2511.89,577940,-82.5175
rtyp-mff-xff,typical,ff,ff,-40,2.7,3981.07,369454,-78.2465
rtyp-mff-xff,typical,ff,ff,-40,2.7,6309.57,240547,-71.7688
rtyp-mff-xff,typical,ff,ff,-40,2.7,10000,162966,-62.4990
rtyp-mff-xff,typical,ff,ff,-40,2.7,15848.9,118721,-50.6704
rtyp-mff-xff,typical,ff,ff,-40,2.7,25118.9,95559.3,-38.0783
rtyp-mff-xff,typical,ff,ff,-40,2.7,39810.7,84570.4,-27.2764
rtyp-mff-xff,typical,ff,ff,-40,2.7,63095.7,79719.3,-19.7503
rtyp-mff-xff,typical,ff,ff,-40,2.7,100000,77560,-15.6405
rtyp-mff-xff,typical,ff,ff,-40,2.7,158489,76323.3,-14.6451
rtyp-mff-xff,typical,ff,ff,-40,2.7,251189,74946.7,-16.6510
rtyp-mff-xff,typical,ff,ff,-40,2.7,398107,72353,-21.8706
rtyp-mff-xff,typical,ff,ff,-40,2.7,630957,67047.3,-30.5558
rtyp-mff-xff,typical,ff,ff,-40,2.7,1e+06,57647.1,-42.1996
rtyp-mff-xff,typical,ff,ff,-40,2.7,1.58489e+06,44819.5,-54.8226
rtyp-mff-xff,typical,ff,ff,-40,2.7,2.51189e+06,31744.9,-65.9129
rtyp-mff-xff,typical,ff,ff,-40,2.7,3.98107e+06,21155.2,-74.2133
rtyp-mff-xff,typical,ff,ff,-40,2.7,6.30957e+06,13666,-79.8712
rtyp-mff-xff,typical,ff,ff,-40,2.7,1e+07,8706.72,-83.5566
rtyp-mff-xff,typical,ff,ff,-40,2.7,1.58489e+07,5515.19,-85.9073
rtyp-mff-xff,typical,ff,ff,-40,2.7,2.51189e+07,3485.45,-87.3891
rtyp-mff-xff,typical,ff,ff,-40,2.7,3.98107e+07,2200.77,-88.3117
rtyp-mff-xff,typical,ff,ff,-40,2.7,6.30957e+07,1389.28,-88.8737
rtyp-mff-xff,typical,ff,ff,-40,2.7,1e+08,877.149,-89.2026
rtyp-mff-xff,typical,ff,ff,27,0.3,100,1.57707e+07,-89.7182
rtyp-mff-xff,typical,ff,ff,27,0.3,158.489,9.95083e+06,-89.5646
rtyp-mff-xff,typical,ff,ff,27,0.3,251.189,6.27882e+06,-89.3171
rtyp-mff-xff,typical,ff,ff,27,0.3,398.107,3.9621e+06,-88.9222
rtyp-mff-xff,typical,ff,ff,27,0.3,630.957,2.50061e+06,-88.2950
rtyp-mff-xff,typical,ff,ff,27,0.3,1000,1.57887e+06,-87.3008
rtyp-mff-xff,typical,ff,ff,27,0.3,1584.89,997927,-85.7281
rtyp-mff-xff,typical,ff,ff,27,0.3,2511.89,632380,-83.2502
rtyp-mff-xff,typical,ff,ff,27,0.3,3981.07,403301,-79.3805
rtyp-mff-xff,typical,ff,ff,27,0.3,6309.57,261150,-73.4658
rtyp-mff-xff,typical,ff,ff,27,0.3,10000,174920,-64.8582
rtyp-mff-xff,typical,ff,ff,27,0.3,15848.9,125007,-53.5279
rtyp-mff-xff,typical,ff,ff,27,0.3,25118.9,98313.2,-40.9211
rtyp-mff-xff,typical,ff,ff,27,0.3,39810.7,85374.9,-29.5991
rtyp-mff-xff,typical,ff,ff,27,0.3,63095.7,79587.3,-21.3982
rtyp-mff-xff,typical,ff,ff,27,0.3,100000,77023.5,-16.7120
rtyp-mff-xff,typical,ff,ff,27,0.3,158489,75629.7,-15.2929
rtyp-mff-xff,typical,ff,ff,27,0.3,251189,74214.9,-16.9957
rtyp-mff-xff,typical,ff,ff,27,0.3,398107,71661.9,-21.9906
rtyp-mff-xff,typical,ff,ff,27,0.3,630957,66476.7,-30.5060
rtyp-mff-xff,typical,ff,ff,27,0.3,1e+06,57263.4,-42.0411
rtyp-mff-xff,typical,ff,ff,27,0.3,1.58489e+06,44617.1,-54.6320
rtyp-mff-xff,typical,ff,ff,27,0.3,2.51189e+06,31653.9,-65.7490
rtyp-mff-xff,typical,ff,ff,27,0.3,3.98107e+06,21114.1,-74.0944
rtyp-mff-xff,typical,ff,ff,27,0.3,6.30957e+06,13645.5,-79.7917
rtyp-mff-xff,typical,ff,ff,27,0.3,1e+07,8695.21,-83.5053
rtyp-mff-xff,typical,ff,ff,27,0.3,1.58489e+07,5508.31,-85.8748
rtyp-mff-xff,typical,ff,ff,27,0.3,2.51189e+07,3481.2,-87.3688
rtyp-mff-xff,typical,ff,ff,27,0.3,3.98107e+07,2198.11,-88.2993
rtyp-mff-xff,typical,ff,ff,27,0.3,6.30957e+07,1387.6,-88.8664
rtyp-mff-xff,typical,ff,ff,27,0.3,1e+08,876.085,-89.1987
rtyp-mff-xff,typical,ff,ff,27,0.9,100,1.46188e+07,-89.6970
rtyp-mff-xff,typical,ff,ff,27,0.9,158.489,9.22401e+06,-89.5302
rtyp-mff-xff,typical,ff,ff,27,0.9,251.189,5.82025e+06,-89.2620
rtyp-mff-xff,typical,ff,ff,27,0.9,398.107,3.6728e+06,-88.8346
rtyp-mff-xff,typical,ff,ff,27,0.9,630.957,2.31813e+06,-88.1560
rtyp-mff-xff,typical,ff,ff,27,0.9,1000,1.46382e+06,-87.0808
rtyp-mff-xff,typical,ff,ff,27,0.9,1584.89,925477,-85.3807
rtyp-mff-xff,typical,ff,ff,27,0.9,2511.89,586889,-82.7046
rtyp-mff-xff,typical,ff,ff,27,0.9,3981.07,374939,-78.5355
rtyp-mff-xff,typical,ff,ff,27,0.9,6309.57,243766,-72.1993
rtyp-mff-xff,typical,ff,ff,27,0.9,10000,164657,-63.0921
rtyp-mff-xff,typical,ff,ff,27,0.9,15848.9,119368,-51.3773
rtyp-mff-xff,typical,ff,ff,27,0.9,25118.9,95532.5,-38.7665
rtyp-mff-xff,typical,ff,ff,27,0.9,39810.7,84165.2,-27.8249
rtyp-mff-xff,typical,ff,ff,27,0.9,63095.7,79132.3,-20.1256
rtyp-mff-xff,typical,ff,ff,27,0.9,100000,76897.3,-15.8660
rtyp-mff-xff,typical,ff,ff,27,0.9,158489,75638.4,-14.7525
rtyp-mff-xff,typical,ff,ff,27,0.9,251189,74274.7,-16.6609
rtyp-mff-xff,typical,ff,ff,27,0.9,398107,71734.8,-21.7923
rtyp-mff-xff,typical,ff,ff,27,0.9,630957,66541,-30.3983
rtyp-mff-xff,typical,ff,ff,27,0.9,1e+06,57306.1,-41.9909
rtyp-mff-xff,typical,ff,ff,27,0.9,1.58489e+06,44637.5,-54.6131
rtyp-mff-xff,typical,ff,ff,27,0.9,2.51189e+06,31661.2,-65.7432
rtyp-mff-xff,typical,ff,ff,27,0.9,3.98107e+06,21116.3,-74.0929
rtyp-mff-xff,typical,ff,ff,27,0.9,6.30957e+06,13646.1,-79.7915
rtyp-mff-xff,typical,ff,ff,27,0.9,1e+07,8695.36,-83.5053
rtyp-mff-xff,typical,ff,ff,27,0.9,1.58489e+07,5508.35,-85.8748
rtyp-mff-xff,typical,ff,ff,27,0.9,2.51189e+07,3481.21,-87.3688
rtyp-mff-xff,typical,ff,ff,27,0.9,3.98107e+07,2198.12,-88.2993
rtyp-mff-xff,typical,ff,ff,27,0.9,6.30957e+07,1387.6,-88.8664
rtyp-mff-xff,typical,ff,ff,27,0.9,1e+08,876.085,-89.1987
rtyp-mff-xff,typical,ff,ff,27,1.35,100,1.44475e+07,-89.6936
rtyp-mff-xff,typical,ff,ff,27,1.35,158.489,9.11596e+06,-89.5246
rtyp-mff-xff,typical,ff,ff,27,1.35,251.189,5.75209e+06,-89.2531
rtyp-mff-xff,typical,ff,ff,27,1.35,398.107,3.6298e+06,-88.8204
rtyp-mff-xff,typical,ff,ff,27,1.35,630.957,2.291e+06,-88.1335
rtyp-mff-xff,typical,ff,ff,27,1.35,1000,1.44672e+06,-87.0451
rtyp-mff-xff,typical,ff,ff,27,1.35,1584.89,914710,-85.3243
rtyp-mff-xff,typical,ff,ff,27,1.35,2511.89,580131,-82.6162
rtyp-mff-xff,typical,ff,ff,27,1.35,3981.07,370731,-78.3989
rtyp-mff-xff,typical,ff,ff,27,1.35,6309.57,241193,-71.9955
rtyp-mff-xff,typical,ff,ff,27,1.35,10000,163146,-62.8106
rtyp-mff-xff,typical,ff,ff,27,1.35,15848.9,118545,-51.0403
rtyp-mff-xff,typical,ff,ff,27,1.35,25118.9,95131.1,-38.4356
rtyp-mff-xff,typical,ff,ff,27,1.35,39810.7,83992.4,-27.5568
rtyp-mff-xff,typical,ff,ff,27,1.35,63095.7,79068.1,-19.9352
rtyp-mff-xff,typical,ff,ff,27,1.35,100000,76880,-15.7400
rtyp-mff-xff,typical,ff,ff,27,1.35,158489,75640.2,-14.6721
rtyp-mff-xff,typical,ff,ff,27,1.35,251189,74283.9,-16.6112
rtyp-mff-xff,typical,ff,ff,27,1.35,398107,71745.7,-21.7628
rtyp-mff-xff,typical,ff,ff,27,1.35,630957,66550.6,-30.3823
rtyp-mff-xff,typical,ff,ff,27,1.35,1e+06,57312.4,-41.9834
rtyp-mff-xff,typical,ff,ff,27,1.35,1.58489e+06,44640.6,-54.6103
rtyp-mff-xff,typical,ff,ff,27,1.35,2.51189e+06,31662.3,-65.7423
rtyp-mff-xff,typical,ff,ff,27,1.35,3.98107e+06,21116.6,-74.0927
rtyp-mff-xff,typical,ff,ff,27,1.35,6.30957e+06,13646.1,-79.7914
rtyp-mff-xff,typical,ff,ff,27,1.35,1e+07,8695.39,-83.5053
rtyp-mff-xff,typical,ff,ff,27,1.35,1.58489e+07,5508.36,-85.8748
rtyp-mff-xff,typical,ff,ff,27,1.35,2.51189e+07,3481.22,-87.3688
rtyp-mff-xff,typical,ff,ff,27,1.35,3.98107e+07,2198.12,-88.2993
rtyp-mff-xff,typical,ff,ff,27,1.35,6.30957e+07,1387.6,-88.8664
rtyp-mff-xff,typical,ff,ff,27,1.35,1e+08,876.085,-89.1987
rtyp-mff-xff,typical,ff,ff,27,1.8,100,1.44035e+07,-89.6927
rtyp-mff-xff,typical,ff,ff,27,1.8,158.489,9.0882e+06,-89.5232
rtyp-mff-xff,typical,ff,ff,27,1.8,251.189,5.73457e+06,-89.2508
rtyp-mff-xff,typical,ff,ff,27,1.8,398.107,3.61875e+06,-88.8167
rtyp-mff-xff,typical,ff,ff,27,1.8,630.957,2.28403e+06,-88.1276
rtyp-mff-xff,typical,ff,ff,27,1.8,1000,1.44233e+06,-87.0358
rtyp-mff-xff,typical,ff,ff,27,1.8,1584.89,911944,-85.3096
rtyp-mff-xff,typical,ff,ff,27,1.8,2511.89,578395,-82.5931
rtyp-mff-xff,typical,ff,ff,27,1.8,3981.07,369650,-78.3632
rtyp-mff-xff,typical,ff,ff,27,1.8,6309.57,240532,-71.9424
rtyp-mff-xff,typical,ff,ff,27,1.8,10000,162758,-62.7375
rtyp-mff-xff,typical,ff,ff,27,1.8,15848.9,118335,-50.9529
rtyp-mff-xff,typical,ff,ff,27,1.8,25118.9,95028.5,-38.3501
rtyp-mff-xff,typical,ff,ff,27,1.8,39810.7,83948.3,-27.4877
rtyp-mff-xff,typical,ff,ff,27,1.8,63095.7,79051.7,-19.8863
rtyp-mff-xff,typical,ff,ff,27,1.8,100000,76875.6,-15.7076
rtyp-mff-xff,typical,ff,ff,27,1.8,158489,75640.7,-14.6515
rtyp-mff-xff,typical,ff,ff,27,1.8,251189,74286.2,-16.5984
rtyp-mff-xff,typical,ff,ff,27,1.8,398107,71748.5,-21.7553
rtyp-mff-xff,typical,ff,ff,27,1.8,630957,66553.1,-30.3782
rtyp-mff-xff,typical,ff,ff,27,1.8,1e+06,57314.1,-41.9815
rtyp-mff-xff,typical,ff,ff,27,1.8,1.58489e+06,44641.3,-54.6096
rtyp-mff-xff,typical,ff,ff,27,1.8,2.51189e+06,31662.6,-65.7421
rtyp-mff-xff,typical,ff,ff,27,1.8,3.98107e+06,21116.7,-74.0927
rtyp-mff-xff,typical,ff,ff,27,1.8,6.30957e+06,13646.2,-79.7914
rtyp-mff-xff,typical,ff,ff,27,1.8,1e+07,8695.39,-83.5053
rtyp-mff-xff,typical,ff,ff,27,1.8,1.58489e+07,5508.36,-85.8748
rtyp-mff-xff,typical,ff,ff,27,1.8,2.51189e+07,3481.22,-87.3688
rtyp-mff-xff,typical,ff,ff,27,1.8,3.98107e+07,2198.12,-88.2993
rtyp-mff-xff,typical,ff,ff,27,1.8,6.30957e+07,1387.6,-88.8664
rtyp-mff-xff,typical,ff,ff,27,1.8,1e+08,876.085,-89.1987
rtyp-mff-xff,typical,ff,ff,27,2.25,100,1.43923e+07,-89.6924
rtyp-mff-xff,typical,ff,ff,27,2.25,158.489,9.08109e+06,-89.5228
rtyp-mff-xff,typical,ff,ff,27,2.25,251.189,5.73008e+06,-89.2502
rtyp-mff-xff,typical,ff,ff,27,2.25,398.107,3.61592e+06,-88.8158
rtyp-mff-xff,typical,ff,ff,27,2.25,630.957,2.28225e+06,-88.1261
rtyp-mff-xff,typical,ff,ff,27,2.25,1000,1.4412e+06,-87.0334
rtyp-mff-xff,typical,ff,ff,27,2.25,1584.89,911235,-85.3059
rtyp-mff-xff,typical,ff,ff,27,2.25,2511.89,577950,-82.5872
rtyp-mff-xff,typical,ff,ff,27,2.25,3981.07,369373,-78.3541
rtyp-mff-xff,typical,ff,ff,27,2.25,6309.57,240363,-71.9288
rtyp-mff-xff,typical,ff,ff,27,2.25,10000,162659,-62.7187
rtyp-mff-xff,typical,ff,ff,27,2.25,15848.9,118281,-50.9305
rtyp-mff-xff,typical,ff,ff,27,2.25,25118.9,95002.2,-38.3282
rtyp-mff-xff,typical,ff,ff,27,2.25,39810.7,83937,-27.4700
rtyp-mff-xff,typical,ff,ff,27,2.25,63095.7,79047.5,-19.8737
rtyp-mff-xff,typical,ff,ff,27,2.25,100000,76874.5,-15.6993
rtyp-mff-xff,typical,ff,ff,27,2.25,158489,75640.9,-14.6462
rtyp-mff-xff,typical,ff,ff,27,2.25,251189,74286.8,-16.5952
rtyp-mff-xff,typical,ff,ff,27,2.25,398107,71749.3,-21.7533
rtyp-mff-xff,typical,ff,ff,27,2.25,630957,66553.7,-30.3771
rtyp-mff-xff,typical,ff,ff,27,2.25,1e+06,57314.5,-41.9810
rtyp-mff-xff,typical,ff,ff,27,2.25,1.58489e+06,44641.5,-54.6094
rtyp-mff-xff,typical,ff,ff,27,2.25,2.51189e+06,31662.7,-65.7421
rtyp-mff-xff,typical,ff,ff,27,2.25,3.98107e+06,21116.7,-74.0927
rtyp-mff-xff,typical,ff,ff,27,2.25,6.30957e+06,13646.2,-79.7914
rtyp-mff-xff,typical,ff,ff,27,2.25,1e+07,8695.39,-83.5053
rtyp-mff-xff,typical,ff,ff,27,2.25,1.58489e+07,5508.36,-85.8748
rtyp-mff-xff,typical,ff,ff,27,2.25,2.51189e+07,3481.22,-87.3688
rtyp-mff-xff,typical,ff,ff,27,2.25,3.98107e+07,2198.12,-88.2993
rtyp-mff-xff,typical,ff,ff,27,2.25,6.30957e+07,1387.6,-88.8664
rtyp-mff-xff,typical,ff,ff,27,2.25,1e+08,876.085,-89.1987
rtyp-mff-xff,typical,ff,ff,27,2.7,100,1.43894e+07,-89.6924
rtyp-mff-xff,typical,ff,ff,27,2.7,158.489,9.07927e+06,-89.5227
rtyp-mff-xff,typical,ff,ff,27,2.7,251.189,5.72894e+06,-89.2500
rtyp-mff-xff,typical,ff,ff,27,2.7,398.107,3.61519e+06,-88.8155
rtyp-mff-xff,typical,ff,ff,27,2.7,630.957,2.28179e+06,-88.1257
rtyp-mff-xff,typical,ff,ff,27,2.7,1000,1.44091e+06,-87.0327
rtyp-mff-xff,typical,ff,ff,27,2.7,1584.89,911054,-85.3049
rtyp-mff-xff,typical,ff,ff,27,2.7,2511.89,577836,-82.5857
rtyp-mff-xff,typical,ff,ff,27,2.7,3981.07,369302,-78.3518
rtyp-mff-xff,typical,ff,ff,27,2.7,6309.57,240319,-71.9253
rtyp-mff-xff,typical,ff,ff,27,2.7,10000,162634,-62.7139
rtyp-mff-xff,typical,ff,ff,27,2.7,15848.9,118267,-50.9247
rtyp-mff-xff,typical,ff,ff,27,2.7,25118.9,94995.5,-38.3225
rtyp-mff-xff,typical,ff,ff,27,2.7,39810.7,83934.1,-27.4655
rtyp-mff-xff,typical,ff,ff,27,2.7,63095.7,79046.5,-19.8705
rtyp-mff-xff,typical,ff,ff,27,2.7,100000,76874.2,-15.6972
rtyp-mff-xff,typical,ff,ff,27,2.7,158489,75640.9,-14.6449
rtyp-mff-xff,typical,ff,ff,27,2.7,251189,74287,-16.5943
rtyp-mff-xff,typical,ff,ff,27,2.7,398107,71749.4,-21.7528
rtyp-mff-xff,typical,ff,ff,27,2.7,630957,66553.9,-30.3768
rtyp-mff-xff,typical,ff,ff,27,2.7,1e+06,57314.6,-41.9809
rtyp-mff-xff,typical,ff,ff,27,2.7,1.58489e+06,44641.6,-54.6093
rtyp-mff-xff,typical,ff,ff,27,2.7,2.51189e+06,31662.7,-65.7420
rtyp-mff-xff,typical,ff,ff,27,2.7,3.98107e+06,21116.8,-74.0927
rtyp-mff-xff,typical,ff,ff,27,2.7,6.30957e+06,13646.2,-79.7914
rtyp-mff-xff,typical,ff,ff,27,2.7,1e+07,8695.39,-83.5053
rtyp-mff-xff,typical,ff,ff,27,2.7,1.58489e+07,5508.36,-85.8748
rtyp-mff-xff,typical,ff,ff,27,2.7,2.51189e+07,3481.22,-87.3688
rtyp-mff-xff,typical,ff,ff,27,2.7,3.98107e+07,2198.12,-88.2993
rtyp-mff-xff,typical,ff,ff,27,2.7,6.30957e+07,1387.6,-88.8664
rtyp-mff-xff,typical,ff,ff,27,2.7,1e+08,876.085,-89.1987
rtyp-mff-xff,typical,ff,ff,125,0.3,100,1.57705e+07,-89.7188
rtyp-mff-xff,typical,ff,ff,125,0.3,158.489,9.95067e+06,-89.5656
rtyp-mff-xff,typical,ff,ff,125,0.3,251.189,6.27872e+06,-89.3186
rtyp-mff-xff,typical,ff,ff,125,0.3,398.107,3.96204e+06,-88.9247
rtyp-mff-xff,typical,ff,ff,125,0.3,630.957,2.50056e+06,-88.2988
rtyp-mff-xff,typical,ff,ff,125,0.3,1000,1.57884e+06,-87.3069
rtyp-mff-xff,typical,ff,ff,125,0.3,1584.89,997899,-85.7378
rtyp-mff-xff,typical,ff,ff,125,0.3,2511.89,632350,-83.2653
rtyp-mff-xff,typical,ff,ff,125,0.3,3981.07,403263,-79.4040
rtyp-mff-xff,typical,ff,ff,125,0.3,6309.57,261097,-73.5011
rtyp-mff-xff,typical,ff,ff,125,0.3,10000,174844,-64.9078
rtyp-mff-xff,typical,ff,ff,125,0.3,15848.9,124902,-53.5890
rtyp-mff-xff,typical,ff,ff,125,0.3,25118.9,98180.7,-40.9828
rtyp-mff-xff,typical,ff,ff,125,0.3,39810.7,85222.9,-29.6494
rtyp-mff-xff,typical,ff,ff,125,0.3,63095.7,79424.8,-21.4323
rtyp-mff-xff,typical,ff,ff,125,0.3,100000,76856.9,-16.7309
rtyp-mff-xff,typical,ff,ff,125,0.3,158489,75463.1,-15.2988
rtyp-mff-xff,typical,ff,ff,125,0.3,251189,74052.5,-16.9896
rtyp-mff-xff,typical,ff,ff,125,0.3,398107,71510.5,-21.9725
rtyp-mff-xff,typical,ff,ff,125,0.3,630957,66347.5,-30.4764
rtyp-mff-xff,typical,ff,ff,125,0.3,1e+06,57168,-42.0039
rtyp-mff-xff,typical,ff,ff,125,0.3,1.58489e+06,44556.8,-54.5954
rtyp-mff-xff,typical,ff,ff,125,0.3,2.51189e+06,31618.8,-65.7194
rtyp-mff-xff,typical,ff,ff,125,0.3,3.98107e+06,21093.6,-74.0735
rtyp-mff-xff,typical,ff,ff,125,0.3,6.30957e+06,13633.1,-79.7779
rtyp-mff-xff,typical,ff,ff,125,0.3,1e+07,8687.55,-83.4964
rtyp-mff-xff,typical,ff,ff,125,0.3,1.58489e+07,5503.52,-85.8692
rtyp-mff-xff,typical,ff,ff,125,0.3,2.51189e+07,3478.19,-87.3653
rtyp-mff-xff,typical,ff,ff,125,0.3,3.98107e+07,2196.21,-88.2972
rtyp-mff-xff,typical,ff,ff,125,0.3,6.30957e+07,1386.4,-88.8652
rtyp-mff-xff,typical,ff,ff,125,0.3,1e+08,875.325,-89.1982
rtyp-mff-xff,typical,ff,ff,125,0.9,100,1.46186e+07,-89.6977
rtyp-mff-xff,typical,ff,ff,125,0.9,158.489,9.22388e+06,-89.5313
rtyp-mff-xff,typical,ff,ff,125,0.9,251.189,5.82017e+06,-89.2637
rtyp-mff-xff,typical,ff,ff,125,0.9,398.107,3.67275e+06,-88.8373
rtyp-mff-xff,typical,ff,ff,125,0.9,630.957,2.31809e+06,-88.1602
rtyp-mff-xff,typical,ff,ff,125,0.9,1000,1.46379e+06,-87.0874
rtyp-mff-xff,typical,ff,ff,125,0.9,1584.89,925450,-85.3911
rtyp-mff-xff,typical,ff,ff,125,0.9,2511.89,586858,-82.7209
rtyp-mff-xff,typical,ff,ff,125,0.9,3981.07,374899,-78.5608
rtyp-mff-xff,typical,ff,ff,125,0.9,6309.57,243709,-72.2370
rtyp-mff-xff,typical,ff,ff,125,0.9,10000,164577,-63.1441
rtyp-mff-xff,typical,ff,ff,125,0.9,15848.9,119258,-51.4396
rtyp-mff-xff,typical,ff,ff,125,0.9,25118.9,95396,-38.8272
rtyp-mff-xff,typical,ff,ff,125,0.9,39810.7,84010.7,-27.8728
rtyp-mff-xff,typical,ff,ff,125,0.9,63095.7,78968.6,-20.1574
rtyp-mff-xff,typical,ff,ff,125,0.9,100000,76730.1,-15.8831
rtyp-mff-xff,typical,ff,ff,125,0.9,158489,75471.4,-14.7571
rtyp-mff-xff,typical,ff,ff,125,0.9,251189,74112.1,-16.6541
rtyp-mff-xff,typical,ff,ff,125,0.9,398107,71583.3,-21.7737
rtyp-mff-xff,typical,ff,ff,125,0.9,630957,66411.8,-30.3684
rtyp-mff-xff,typical,ff,ff,125,0.9,1e+06,57210.7,-41.9535
rtyp-mff-xff,typical,ff,ff,125,0.9,1.58489e+06,44577.3,-54.5764
rtyp-mff-xff,typical,ff,ff,125,0.9,2.51189e+06,31626.1,-65.7136
rtyp-mff-xff,typical,ff,ff,125,0.9,3.98107e+06,21095.8,-74.0720
rtyp-mff-xff,typical,ff,ff,125,0.9,6.30957e+06,13633.7,-79.7776
rtyp-mff-xff,typical,ff,ff,125,0.9,1e+07,8687.7,-83.4964
rtyp-mff-xff,typical,ff,ff,125,0.9,1.58489e+07,5503.56,-85.8692
rtyp-mff-xff,typical,ff,ff,125,0.9,2.51189e+07,3478.2,-87.3653
rtyp-mff-xff,typical,ff,ff,125,0.9,3.98107e+07,2196.21,-88.2972
rtyp-mff-xff,typical,ff,ff,125,0.9,6.30957e+07,1386.4,-88.8653
rtyp-mff-xff,typical,ff,ff,125,0.9,1e+08,875.325,-89.1982
rtyp-mff-xff,typical,ff,ff,125,1.35,100,1.44473e+07,-89.6942
rtyp-mff-xff,typical,ff,ff,125,1.35,158.489,9.11583e+06,-89.5257
rtyp-mff-xff,typical,ff,ff,125,1.35,251.189,5.752e+06,-89.2548
rtyp-mff-xff,typical,ff,ff,125,1.35,398.107,3.62974e+06,-88.8231
rtyp-mff-xff,typical,ff,ff,125,1.35,630.957,2.29096e+06,-88.1377
rtyp-mff-xff,typical,ff,ff,125,1.35,1000,1.44669e+06,-87.0517
rtyp-mff-xff,typical,ff,ff,125,1.35,1584.89,914683,-85.3349
rtyp-mff-xff,typical,ff,ff,125,1.35,2511.89,580100,-82.6327
rtyp-mff-xff,typical,ff,ff,125,1.35,3981.07,370691,-78.4244
rtyp-mff-xff,typical,ff,ff,125,1.35,6309.57,241136,-72.0336
rtyp-mff-xff,typical,ff,ff,125,1.35,10000,163065,-62.8630
rtyp-mff-xff,typical,ff,ff,125,1.35,15848.9,118435,-51.1026
rtyp-mff-xff,typical,ff,ff,125,1.35,25118.9,94993.9,-38.4960
rtyp-mff-xff,typical,ff,ff,125,1.35,39810.7,83837.5,-27.6044
rtyp-mff-xff,typical,ff,ff,125,1.35,63095.7,78904.2,-19.9666
rtyp-mff-xff,typical,ff,ff,125,1.35,100000,76712.7,-15.7568
rtyp-mff-xff,typical,ff,ff,125,1.35,158489,75473.3,-14.6766
rtyp-mff-xff,typical,ff,ff,125,1.35,251189,74121.2,-16.6042
rtyp-mff-xff,typical,ff,ff,125,1.35,398107,71594.2,-21.7442
rtyp-mff-xff,typical,ff,ff,125,1.35,630957,66421.4,-30.3523
rtyp-mff-xff,typical,ff,ff,125,1.35,1e+06,57217,-41.9460
rtyp-mff-xff,typical,ff,ff,125,1.35,1.58489e+06,44580.3,-54.5735
rtyp-mff-xff,typical,ff,ff,125,1.35,2.51189e+06,31627.2,-65.7128
rtyp-mff-xff,typical,ff,ff,125,1.35,3.98107e+06,21096.1,-74.0718
rtyp-mff-xff,typical,ff,ff,125,1.35,6.30957e+06,13633.7,-79.7776
rtyp-mff-xff,typical,ff,ff,125,1.35,1e+07,8687.72,-83.4964
rtyp-mff-xff,typical,ff,ff,125,1.35,1.58489e+07,5503.56,-85.8692
rtyp-mff-xff,typical,ff,ff,125,1.35,2.51189e+07,3478.2,-87.3653
rtyp-mff-xff,typical,ff,ff,125,1.35,3.98107e+07,2196.21,-88.2972
rtyp-mff-xff,typical,ff,ff,125,1.35,6.30957e+07,1386.4,-88.8653
rtyp-mff-xff,typical,ff,ff,125,1.35,1e+08,875.325,-89.1982
rtyp-mff-xff,typical,ff,ff,125,1.8,100,1.44033e+07,-89.6933
rtyp-mff-xff,typical,ff,ff,125,1.8,158.489,9.08807e+06,-89.5242
rtyp-mff-xff,typical,ff,ff,125,1.8,251.189,5.73448e+06,-89.2524
rtyp-mff-xff,typical,ff,ff,125,1.8,398.107,3.61869e+06,-88.8194
rtyp-mff-xff,typical,ff,ff,125,1.8,630.957,2.28399e+06,-88.1318
rtyp-mff-xff,typical,ff,ff,125,1.8,1000,1.4423e+06,-87.0425
rtyp-mff-xff,typical,ff,ff,125,1.8,1584.89,911917,-85.3202
rtyp-mff-xff,typical,ff,ff,125,1.8,2511.89,578364,-82.6097
rtyp-mff-xff,typical,ff,ff,125,1.8,3981.07,369609,-78.3889
rtyp-mff-xff,typical,ff,ff,125,1.8,6309.57,240475,-71.9806
rtyp-mff-xff,typical,ff,ff,125,1.8,10000,162677,-62.7900
rtyp-mff-xff,typical,ff,ff,125,1.8,15848.9,118224,-51.0153
rtyp-mff-xff,typical,ff,ff,125,1.8,25118.9,94891.2,-38.4105
rtyp-mff-xff,typical,ff,ff,125,1.8,39810.7,83793.3,-27.5352
rtyp-mff-xff,typical,ff,ff,125,1.8,63095.7,78887.8,-19.9176
rtyp-mff-xff,typical,ff,ff,125,1.8,100000,76708.3,-15.7244
rtyp-mff-xff,typical,ff,ff,125,1.8,158489,75473.7,-14.6560
rtyp-mff-xff,typical,ff,ff,125,1.8,251189,74123.6,-16.5914
rtyp-mff-xff,typical,ff,ff,125,1.8,398107,71597,-21.7366
rtyp-mff-xff,typical,ff,ff,125,1.8,630957,66423.9,-30.3482
rtyp-mff-xff,typical,ff,ff,125,1.8,1e+06,57218.7,-41.9441
rtyp-mff-xff,typical,ff,ff,125,1.8,1.58489e+06,44581.1,-54.5728
rtyp-mff-xff,typical,ff,ff,125,1.8,2.51189e+06,31627.5,-65.7125
rtyp-mff-xff,typical,ff,ff,125,1.8,3.98107e+06,21096.2,-74.0718
rtyp-mff-xff,typical,ff,ff,125,1.8,6.30957e+06,13633.8,-79.7776
rtyp-mff-xff,typical,ff,ff,125,1.8,1e+07,8687.73,-83.4964
rtyp-mff-xff,typical,ff,ff,125,1.8,1.58489e+07,5503.56,-85.8692
rtyp-mff-xff,typical,ff,ff,125,1.8,2.51189e+07,3478.2,-87.3653
rtyp-mff-xff,typical,ff,ff,125,1.8,3.98107e+07,2196.21,-88.2972
rtyp-mff-xff,typical,ff,ff,125,1.8,6.30957e+07,1386.4,-88.8653
rtyp-mff-xff,typical,ff,ff,125,1.8,1e+08,875.325,-89.1982
rtyp-mff-xff,typical,ff,ff,125,2.25,100,1.43921e+07,-89.6931
rtyp-mff-xff,typical,ff,ff,125,2.25,158.489,9.08096e+06,-89.5239
rtyp-mff-xff,typical,ff,ff,125,2.25,251.189,5.73e+06,-89.2518
rtyp-mff-xff,typical,ff,ff,125,2.25,398.107,3.61586e+06,-88.8184
rtyp-mff-xff,typical,ff,ff,125,2.25,630.957,2.28221e+06,-88.1303
rtyp-mff-xff,typical,ff,ff,125,2.25,1000,1.44117e+06,-87.0401
rtyp-mff-xff,typical,ff,ff,125,2.25,1584.89,911208,-85.3164
rtyp-mff-xff,typical,ff,ff,125,2.25,2511.89,577920,-82.6038
rtyp-mff-xff,typical,ff,ff,125,2.25,3981.07,369333,-78.3797
rtyp-mff-xff,typical,ff,ff,125,2.25,6309.57,240305,-71.9670
rtyp-mff-xff,typical,ff,ff,125,2.25,10000,162577,-62.7712
rtyp-mff-xff,typical,ff,ff,125,2.25,15848.9,118170,-50.9929
rtyp-mff-xff,typical,ff,ff,125,2.25,25118.9,94864.9,-38.3885
rtyp-mff-xff,typical,ff,ff,125,2.25,39810.7,83782,-27.5175
rtyp-mff-xff,typical,ff,ff,125,2.25,63095.7,78883.6,-19.9050
rtyp-mff-xff,typical,ff,ff,125,2.25,100000,76707.2,-15.7161
rtyp-mff-xff,typical,ff,ff,125,2.25,158489,75473.9,-14.6507
rtyp-mff-xff,typical,ff,ff,125,2.25,251189,74124.2,-16.5882
rtyp-mff-xff,typical,ff,ff,125,2.25,398107,71597.8,-21.7347
rtyp-mff-xff,typical,ff,ff,125,2.25,630957,66424.5,-30.3471
rtyp-mff-xff,typical,ff,ff,125,2.25,1e+06,57219.1,-41.9436
rtyp-mff-xff,typical,ff,ff,125,2.25,1.58489e+06,44581.3,-54.5726
rtyp-mff-xff,typical,ff,ff,125,2.25,2.51189e+06,31627.6,-65.7125
rtyp-mff-xff,typical,ff,ff,125,2.25,3.98107e+06,21096.2,-74.0717
rtyp-mff-xff,typical,ff,ff,125,2.25,6.30957e+06,13633.8,-79.7776
rtyp-mff-xff,typical,ff,ff,125,2.25,1e+07,8687.73,-83.4964
rtyp-mff-xff,typical,ff,ff,125,2.25,1.58489e+07,5503.56,-85.8692
rtyp-mff-xff,typical,ff,ff,125,2.25,2.51189e+07,3478.2,-87.3653
rtyp-mff-xff,typical,ff,ff,125,2.25,3.98107e+07,2196.21,-88.2972
rtyp-mff-xff,typical,ff,ff,125,2.25,6.30957e+07,1386.4,-88.8653
rtyp-mff-xff,typical,ff,ff,125,2.25,1e+08,875.325,-89.1982
rtyp-mff-xff,typical,ff,ff,125,2.7,100,1.43892e+07,-89.6931
rtyp-mff-xff,typical,ff,ff,125,2.7,158.489,9.07914e+06,-89.5238
rtyp-mff-xff,typical,ff,ff,125,2.7,251.189,5.72885e+06,-89.2517
rtyp-mff-xff,typical,ff,ff,125,2.7,398.107,3.61514e+06,-88.8182
rtyp-mff-xff,typical,ff,ff,125,2.7,630.957,2.28175e+06,-88.1299
rtyp-mff-xff,typical,ff,ff,125,2.7,1000,1.44088e+06,-87.0395
rtyp-mff-xff,typical,ff,ff,125,2.7,1584.89,911027,-85.3155
rtyp-mff-xff,typical,ff,ff,125,2.7,2511.89,577806,-82.6023
rtyp-mff-xff,typical,ff,ff,125,2.7,3981.07,369262,-78.3774
rtyp-mff-xff,typical,ff,ff,125,2.7,6309.57,240262,-71.9635
rtyp-mff-xff,typical,ff,ff,125,2.7,10000,162552,-62.7664
rtyp-mff-xff,typical,ff,ff,125,2.7,15848.9,118156,-50.9872
rtyp-mff-xff,typical,ff,ff,125,2.7,25118.9,94858.1,-38.3829
rtyp-mff-xff,typical,ff,ff,125,2.7,39810.7,83779.1,-27.5130
rtyp-mff-xff,typical,ff,ff,125,2.7,63095.7,78882.5,-19.9018
rtyp-mff-xff,typical,ff,ff,125,2.7,100000,76706.9,-15.7140
rtyp-mff-xff,typical,ff,ff,125,2.7,158489,75473.9,-14.6493
rtyp-mff-xff,typical,ff,ff,125,2.7,251189,74124.3,-16.5873
rtyp-mff-xff,typical,ff,ff,125,2.7,398107,71597.9,-21.7342
rtyp-mff-xff,typical,ff,ff,125,2.7,630957,66424.7,-30.3469
rtyp-mff-xff,typical,ff,ff,125,2.7,1e+06,57219.2,-41.9435
rtyp-mff-xff,typical,ff,ff,125,2.7,1.58489e+06,44581.3,-54.5726
rtyp-mff-xff,typical,ff,ff,125,2.7,2.51189e+06,31627.6,-65.7125
rtyp-mff-xff,typical,ff,ff,125,2.7,3.98107e+06,21096.2,-74.0717
rtyp-mff-xff,typical,ff,ff,125,2.7,6.30957e+06,13633.8,-79.7776
rtyp-mff-xff,typical,ff,ff,125,2.7,1e+07,8687.73,-83.4964
rtyp-mff-xff,typical,ff,ff,125,2.7,1.58489e+07,5503.56,-85.8692
rtyp-mff-xff,typical,ff,ff,125,2.7,2.51189e+07,3478.2,-87.3653
rtyp-mff-xff,typical,ff,ff,125,2.7,3.98107e+07,2196.21,-88.2972
rtyp-mff-xff,typical,ff,ff,125,2.7,6.30957e+07,1386.4,-88.8653
rtyp-mff-xff,typical,ff,ff,125,2.7,1e+08,875.325,-89.1982
rtyp-mff-xss,typical,ff,ss,-40,0.3,100,1.57091e+07,-89.7168
rtyp-mff-xss,typical,ff,ss,-40,0.3,158.489,9.91196e+06,-89.5624
rtyp-mff-xss,typical,ff,ss,-40,0.3,251.189,6.2543e+06,-89.3135
rtyp-mff-xss,typical,ff,ss,-40,0.3,398.107,3.94664e+06,-88.9165
rtyp-mff-xss,typical,ff,ss,-40,0.3,630.957,2.49086e+06,-88.2859
rtyp-mff-xss,typical,ff,ss,-40,0.3,1000,1.57273e+06,-87.2864
rtyp-mff-xss,typical,ff,ss,-40,0.3,1584.89,994082,-85.7055
rtyp-mff-xss,typical,ff,ss,-40,0.3,2511.89,629994,-83.2149
rtyp-mff-xss,typical,ff,ss,-40,0.3,3981.07,401856,-79.3267
rtyp-mff-xss,typical,ff,ss,-40,0.3,6309.57,260332,-73.3884
rtyp-mff-xss,typical,ff,ss,-40,0.3,10000,174537,-64.7621
rtyp-mff-xss,typical,ff,ss,-40,0.3,15848.9,124937,-53.4484
rtyp-mff-xss,typical,ff,ss,-40,0.3,25118.9,98457.1,-40.9399
rtyp-mff-xss,typical,ff,ss,-40,0.3,39810.7,85636.5,-29.8236
rtyp-mff-xss,typical,ff,ss,-40,0.3,63095.7,79881.2,-21.9392
rtyp-mff-xss,typical,ff,ss,-40,0.3,100000,77262.5,-17.7071
rtyp-mff-xss,typical,ff,ss,-40,0.3,158489,75674.9,-16.9447
rtyp-mff-xss,typical,ff,ss,-40,0.3,251189,73782.7,-19.5876
rtyp-mff-xss,typical,ff,ss,-40,0.3,398107,70212.5,-25.8182
rtyp-mff-xss,typical,ff,ss,-40,0.3,630957,63309.2,-35.6106
rtyp-mff-xss,typical,ff,ss,-40,0.3,1e+06,52264.7,-47.8088
rtyp-mff-xss,typical,ff,ss,-40,0.3,1.58489e+06,38963.1,-59.9452
rtyp-mff-xss,typical,ff,ss,-40,0.3,2.51189e+06,26787,-69.8556
rtyp-mff-xss,typical,ff,ss,-40,0.3,3.98107e+06,17569,-76.9416
rtyp-mff-xss,typical,ff,ss,-40,0.3,6.30957e+06,11267.5,-81.6628
rtyp-mff-xss,typical,ff,ss,-40,0.3,1e+07,7156.72,-84.7072
rtyp-mff-xss,typical,ff,ss,-40,0.3,1.58489e+07,4527.71,-86.6409
rtyp-mff-xss,typical,ff,ss,-40,0.3,2.51189e+07,2859.94,-87.8578
rtyp-mff-xss,typical,ff,ss,-40,0.3,3.98107e+07,1805.42,-88.6150
rtyp-mff-xss,typical,ff,ss,-40,0.3,6.30957e+07,1139.57,-89.0761
rtyp-mff-xss,typical,ff,ss,-40,0.3,1e+08,719.392,-89.3461
rtyp-mff-xss,typical,ff,ss,-40,0.9,100,1.45658e+07,-89.6954
rtyp-mff-xss,typical,ff,ss,-40,0.9,158.489,9.19061e+06,-89.5276
rtyp-mff-xss,typical,ff,ss,-40,0.9,251.189,5.79918e+06,-89.2579
rtyp-mff-xss,typical,ff,ss,-40,0.9,398.107,3.65951e+06,-88.8281
rtyp-mff-xss,typical,ff,ss,-40,0.9,630.957,2.30975e+06,-88.1457
rtyp-mff-xss,typical,ff,ss,-40,0.9,1000,1.45855e+06,-87.0644
rtyp-mff-xss,typical,ff,ss,-40,0.9,1584.89,922183,-85.3549
rtyp-mff-xss,typical,ff,ss,-40,0.9,2511.89,584853,-82.6644
rtyp-mff-xss,typical,ff,ss,-40,0.9,3981.07,373723,-78.4746
rtyp-mff-xss,typical,ff,ss,-40,0.9,6309.57,243100,-72.1126
rtyp-mff-xss,typical,ff,ss,-40,0.9,10000,164382,-62.9866
rtyp-mff-xss,typical,ff,ss,-40,0.9,15848.9,119377,-51.2939
rtyp-mff-xss,typical,ff,ss,-40,0.9,25118.9,95732,-38.7907
rtyp-mff-xss,typical,ff,ss,-40,0.9,39810.7,84466.4,-28.0604
rtyp-mff-xss,typical,ff,ss,-40,0.9,63095.7,79456.4,-20.6783
rtyp-mff-xss,typical,ff,ss,-40,0.9,100000,77161.4,-16.8714
rtyp-mff-xss,typical,ff,ss,-40,0.9,158489,75705.3,-16.4141
rtyp-mff-xss,typical,ff,ss,-40,0.9,251189,73860.4,-19.2633
rtyp-mff-xss,typical,ff,ss,-40,0.9,398107,70296.9,-25.6317
rtyp-mff-xss,typical,ff,ss,-40,0.9,630957,63376.3,-35.5149
rtyp-mff-xss,typical,ff,ss,-40,0.9,1e+06,52303.6,-47.7679
rtyp-mff-xss,typical,ff,ss,-40,0.9,1.58489e+06,38979.4,-59.9311
rtyp-mff-xss,typical,ff,ss,-40,0.9,2.51189e+06,26792.3,-69.8516
rtyp-mff-xss,typical,ff,ss,-40,0.9,3.98107e+06,17570.5,-76.9407
rtyp-mff-xss,typical,ff,ss,-40,0.9,6.30957e+06,11267.9,-81.6626
rtyp-mff-xss,typical,ff,ss,-40,0.9,1e+07,7156.82,-84.7072
rtyp-mff-xss,typical,ff,ss,-40,0.9,1.58489e+07,4527.73,-86.6410
rtyp-mff-xss,typical,ff,ss,-40,0.9,2.51189e+07,2859.94,-87.8579
rtyp-mff-xss,typical,ff,ss,-40,0.9,3.98107e+07,1805.42,-88.6151
rtyp-mff-xss,typical,ff,ss,-40,0.9,6.30957e+07,1139.57,-89.0761
rtyp-mff-xss,typical,ff,ss,-40,0.9,1e+08,719.392,-89.3461
rtyp-mff-xss,typical,ff,ss,-40,1.35,100,1.43958e+07,-89.6919
rtyp-mff-xss,typical,ff,ss,-40,1.35,158.489,9.08334e+06,-89.5220
rtyp-mff-xss,typical,ff,ss,-40,1.35,251.189,5.7315e+06,-89.2489
rtyp-mff-xss,typical,ff,ss,-40,1.35,398.107,3.61682e+06,-88.8138
rtyp-mff-xss,typical,ff,ss,-40,1.35,630.957,2.28282e+06,-88.1229
rtyp-mff-xss,typical,ff,ss,-40,1.35,1000,1.44158e+06,-87.0284
rtyp-mff-xss,typical,ff,ss,-40,1.35,1584.89,911494,-85.2981
rtyp-mff-xss,typical,ff,ss,-40,1.35,2511.89,578146,-82.5753
rtyp-mff-xss,typical,ff,ss,-40,1.35,3981.07,369547,-78.3368
rtyp-mff-xss,typical,ff,ss,-40,1.35,6309.57,240549,-71.9073
rtyp-mff-xss,typical,ff,ss,-40,1.35,10000,162886,-62.7037
rtyp-mff-xss,typical,ff,ss,-40,1.35,15848.9,118565,-50.9563
rtyp-mff-xss,typical,ff,ss,-40,1.35,25118.9,95338.7,-38.4607
rtyp-mff-xss,typical,ff,ss,-40,1.35,39810.7,84299.3,-27.7941
rtyp-mff-xss,typical,ff,ss,-40,1.35,63095.7,79396.5,-20.4897
rtyp-mff-xss,typical,ff,ss,-40,1.35,100000,77147.8,-16.7470
rtyp-mff-xss,typical,ff,ss,-40,1.35,158489,75710.4,-16.3353
rtyp-mff-xss,typical,ff,ss,-40,1.35,251189,73872.2,-19.2151
rtyp-mff-xss,typical,ff,ss,-40,1.35,398107,70309.6,-25.6040
rtyp-mff-xss,typical,ff,ss,-40,1.35,630957,63386.3,-35.5007
rtyp-mff-xss,typical,ff,ss,-40,1.35,1e+06,52309.3,-47.7619
rtyp-mff-xss,typical,ff,ss,-40,1.35,1.58489e+06,38981.8,-59.9290
rtyp-mff-xss,typical,ff,ss,-40,1.35,2.51189e+06,26793.1,-69.8510
rtyp-mff-xss,typical,ff,ss,-40,1.35,3.98107e+06,17570.8,-76.9405
rtyp-mff-xss,typical,ff,ss,-40,1.35,6.30957e+06,11268,-81.6626
rtyp-mff-xss,typical,ff,ss,-40,1.35,1e+07,7156.83,-84.7072
rtyp-mff-xss,typical,ff,ss,-40,1.35,1.58489e+07,4527.74,-86.6410
rtyp-mff-xss,typical,ff,ss,-40,1.35,2.51189e+07,2859.94,-87.8579
rtyp-mff-xss,typical,ff,ss,-40,1.35,3.98107e+07,1805.42,-88.6151
rtyp-mff-xss,typical,ff,ss,-40,1.35,6.30957e+07,1139.57,-89.0762
rtyp-mff-xss,typical,ff,ss,-40,1.35,1e+08,719.392,-89.3461
rtyp-mff-xss,typical,ff,ss,-40,1.8,100,1.43521e+07,-89.6910
rtyp-mff-xss,typical,ff,ss,-40,1.8,158.489,9.05577e+06,-89.5205
rtyp-mff-xss,typical,ff,ss,-40,1.8,251.189,5.71411e+06,-89.2465
rtyp-mff-xss,typical,ff,ss,-40,1.8,398.107,3.60585e+06,-88.8100
rtyp-mff-xss,typical,ff,ss,-40,1.8,630.957,2.2759e+06,-88.1170
rtyp-mff-xss,typical,ff,ss,-40,1.8,1000,1.43722e+06,-87.0190
rtyp-mff-xss,typical,ff,ss,-40,1.8,1584.89,908747,-85.2832
rtyp-mff-xss,typical,ff,ss,-40,1.8,2511.89,576422,-82.5520
rtyp-mff-xss,typical,ff,ss,-40,1.8,3981.07,368474,-78.3009
rtyp-mff-xss,typical,ff,ss,-40,1.8,6309.57,239894,-71.8538
rtyp-mff-xss,typical,ff,ss,-40,1.8,10000,162502,-62.6301
rtyp-mff-xss,typical,ff,ss,-40,1.8,15848.9,118357,-50.8688
rtyp-mff-xss,typical,ff,ss,-40,1.8,25118.9,95238.2,-38.3754
rtyp-mff-xss,typical,ff,ss,-40,1.8,39810.7,84256.7,-27.7255
rtyp-mff-xss,typical,ff,ss,-40,1.8,63095.7,79381.3,-20.4412
rtyp-mff-xss,typical,ff,ss,-40,1.8,100000,77144.4,-16.7150
rtyp-mff-xss,typical,ff,ss,-40,1.8,158489,75711.7,-16.3150
rtyp-mff-xss,typical,ff,ss,-40,1.8,251189,73875.2,-19.2027
rtyp-mff-xss,typical,ff,ss,-40,1.8,398107,70312.8,-25.5969
rtyp-mff-xss,typical,ff,ss,-40,1.8,630957,63388.8,-35.4971
rtyp-mff-xss,typical,ff,ss,-40,1.8,1e+06,52310.8,-47.7603
rtyp-mff-xss,typical,ff,ss,-40,1.8,1.58489e+06,38982.4,-59.9285
rtyp-mff-xss,typical,ff,ss,-40,1.8,2.51189e+06,26793.3,-69.8509
rtyp-mff-xss,typical,ff,ss,-40,1.8,3.98107e+06,17570.8,-76.9405
rtyp-mff-xss,typical,ff,ss,-40,1.8,6.30957e+06,11268,-81.6626
rtyp-mff-xss,typical,ff,ss,-40,1.8,1e+07,7156.84,-84.7072
rtyp-mff-xss,typical,ff,ss,-40,1.8,1.58489e+07,4527.74,-86.6410
rtyp-mff-xss,typical,ff,ss,-40,1.8,2.51189e+07,2859.94,-87.8579
rtyp-mff-xss,typical,ff,ss,-40,1.8,3.98107e+07,1805.42,-88.6151
rtyp-mff-xss,typical,ff,ss,-40,1.8,6.30957e+07,1139.57,-89.0762
rtyp-mff-xss,typical,ff,ss,-40,1.8,1e+08,719.392,-89.3461
rtyp-mff-xss,typical,ff,ss,-40,2.25,100,1.43409e+07,-89.6908
rtyp-mff-xss,typical,ff,ss,-40,2.25,158.489,9.04871e+06,-89.5201
rtyp-mff-xss,typical,ff,ss,-40,2.25,251.189,5.70966e+06,-89.2459
rtyp-mff-xss,typical,ff,ss,-40,2.25,398.107,3.60304e+06,-88.8091
rtyp-mff-xss,typical,ff,ss,-40,2.25,630.957,2.27413e+06,-88.1155
rtyp-mff-xss,typical,ff,ss,-40,2.25,1000,1.4361e+06,-87.0166
rtyp-mff-xss,typical,ff,ss,-40,2.25,1584.89,908044,-85.2794
rtyp-mff-xss,typical,ff,ss,-40,2.25,2511.89,575981,-82.5460
rtyp-mff-xss,typical,ff,ss,-40,2.25,3981.07,368199,-78.2917
rtyp-mff-xss,typical,ff,ss,-40,2.25,6309.57,239726,-71.8400
rtyp-mff-xss,typical,ff,ss,-40,2.25,10000,162404,-62.6112
rtyp-mff-xss,typical,ff,ss,-40,2.25,15848.9,118304,-50.8464
rtyp-mff-xss,typical,ff,ss,-40,2.25,25118.9,95212.4,-38.3536
rtyp-mff-xss,typical,ff,ss,-40,2.25,39810.7,84245.8,-27.7079
rtyp-mff-xss,typical,ff,ss,-40,2.25,63095.7,79377.4,-20.4287
rtyp-mff-xss,typical,ff,ss,-40,2.25,100000,77143.5,-16.7068
rtyp-mff-xss,typical,ff,ss,-40,2.25,158489,75712.1,-16.3098
rtyp-mff-xss,typical,ff,ss,-40,2.25,251189,73876,-19.1996
rtyp-mff-xss,typical,ff,ss,-40,2.25,398107,70313.6,-25.5951
rtyp-mff-xss,typical,ff,ss,-40,2.25,630957,63389.5,-35.4961
rtyp-mff-xss,typical,ff,ss,-40,2.25,1e+06,52311.2,-47.7599
rtyp-mff-xss,typical,ff,ss,-40,2.25,1.58489e+06,38982.6,-59.9284
rtyp-mff-xss,typical,ff,ss,-40,2.25,2.51189e+06,26793.3,-69.8508
rtyp-mff-xss,typical,ff,ss,-40,2.25,3.98107e+06,17570.8,-76.9405
rtyp-mff-xss,typical,ff,ss,-40,2.25,6.30957e+06,11268,-81.6626
rtyp-mff-xss,typical,ff,ss,-40,2.25,1e+07,7156.84,-84.7072
rtyp-mff-xss,typical,ff,ss,-40,2.25,1.58489e+07,4527.74,-86.6410
rtyp-mff-xss,typical,ff,ss,-40,2.25,2.51189e+07,2859.94,-87.8579
rtyp-mff-xss,typical,ff,ss,-40,2.25,3.98107e+07,1805.42,-88.6151
rtyp-mff-xss,typical,ff,ss,-40,2.25,6.30957e+07,1139.57,-89.0762
rtyp-mff-xss,typical,ff,ss,-40,2.25,1e+08,719.392,-89.3461
rtyp-mff-xss,typical,ff,ss,-40,2.7,100,1.43381e+07,-89.6907
rtyp-mff-xss,typical,ff,ss,-40,2.7,158.489,9.04691e+06,-89.5200
rtyp-mff-xss,typical,ff,ss,-40,2.7,251.189,5.70852e+06,-89.2458
rtyp-mff-xss,typical,ff,ss,-40,2.7,398.107,3.60232e+06,-88.8088
rtyp-mff-xss,typical,ff,ss,-40,2.7,630.957,2.27368e+06,-88.1151
rtyp-mff-xss,typical,ff,ss,-40,2.7,1000,1.43581e+06,-87.0159
rtyp-mff-xss,typical,ff,ss,-40,2.7,1584.89,907864,-85.2785
rtyp-mff-xss,typical,ff,ss,-40,2.7,2511.89,575868,-82.5445
rtyp-mff-xss,typical,ff,ss,-40,2.7,3981.07,368129,-78.2893
rtyp-mff-xss,typical,ff,ss,-40,2.7,6309.57,239683,-71.8365
rtyp-mff-xss,typical,ff,ss,-40,2.7,10000,162379,-62.6064
rtyp-mff-xss,typical,ff,ss,-40,2.7,15848.9,118290,-50.8406
rtyp-mff-xss,typical,ff,ss,-40,2.7,25118.9,95205.9,-38.3480
rtyp-mff-xss,typical,ff,ss,-40,2.7,39810.7,84243,-27.7034
rtyp-mff-xss,typical,ff,ss,-40,2.7,63095.7,79376.4,-20.4256
rtyp-mff-xss,typical,ff,ss,-40,2.7,100000,77143.3,-16.7047
rtyp-mff-xss,typical,ff,ss,-40,2.7,158489,75712.1,-16.3085
rtyp-mff-xss,typical,ff,ss,-40,2.7,251189,73876.2,-19.1987
rtyp-mff-xss,typical,ff,ss,-40,2.7,398107,70313.9,-25.5946
rtyp-mff-xss,typical,ff,ss,-40,2.7,630957,63389.7,-35.4959
rtyp-mff-xss,typical,ff,ss,-40,2.7,1e+06,52311.3,-47.7598
rtyp-mff-xss,typical,ff,ss,-40,2.7,1.58489e+06,38982.6,-59.9283
rtyp-mff-xss,typical,ff,ss,-40,2.7,2.51189e+06,26793.3,-69.8508
rtyp-mff-xss,typical,ff,ss,-40,2.7,3.98107e+06,17570.8,-76.9405
rtyp-mff-xss,typical,ff,ss,-40,2.7,6.30957e+06,11268,-81.6626
rtyp-mff-xss,typical,ff,ss,-40,2.7,1e+07,7156.84,-84.7072
rtyp-mff-xss,typical,ff,ss,-40,2.7,1.58489e+07,4527.74,-86.6410
rtyp-mff-xss,typical,ff,ss,-40,2.7,2.51189e+07,2859.94,-87.8579
rtyp-mff-xss,typical,ff,ss,-40,2.7,3.98107e+07,1805.42,-88.6151
rtyp-mff-xss,typical,ff,ss,-40,2.7,6.30957e+07,1139.57,-89.0762
rtyp-mff-xss,typical,ff,ss,-40,2.7,1e+08,719.392,-89.3461
rtyp-mff-xss,typical,ff,ss,27,0.3,100,1.57087e+07,-89.7193
rtyp-mff-xss,typical,ff,ss,27,0.3,158.489,9.9117e+06,-89.5664
rtyp-mff-xss,typical,ff,ss,27,0.3,251.189,6.25413e+06,-89.3198
rtyp-mff-xss,typical,ff,ss,27,0.3,398.107,3.94652e+06,-88.9265
rtyp-mff-xss,typical,ff,ss,27,0.3,630.957,2.49077e+06,-88.3017
rtyp-mff-xss,typical,ff,ss,27,0.3,1000,1.57266e+06,-87.3114
rtyp-mff-xss,typical,ff,ss,27,0.3,1584.89,994003,-85.7450
rtyp-mff-xss,typical,ff,ss,27,0.3,2511.89,629893,-83.2768
rtyp-mff-xss,typical,ff,ss,27,0.3,3981.07,401714,-79.4227
rtyp-mff-xss,typical,ff,ss,27,0.3,6309.57,260121,-73.5327
rtyp-mff-xss,typical,ff,ss,27,0.3,10000,174229,-64.9644
rtyp-mff-xss,typical,ff,ss,27,0.3,15848.9,124509,-53.6961
rtyp-mff-xss,typical,ff,ss,27,0.3,25118.9,97915.7,-41.1876
rtyp-mff-xss,typical,ff,ss,27,0.3,39810.7,85015.3,-30.0212
rtyp-mff-xss,typical,ff,ss,27,0.3,63095.7,79218.6,-22.0657
rtyp-mff-xss,typical,ff,ss,27,0.3,100000,76585.8,-17.7642
rtyp-mff-xss,typical,ff,ss,27,0.3,158489,75004.9,-16.9377
rtyp-mff-xss,typical,ff,ss,27,0.3,251189,73145.3,-19.5166
rtyp-mff-xss,typical,ff,ss,27,0.3,398107,69650.7,-25.6808
rtyp-mff-xss,typical,ff,ss,27,0.3,630957,62881.3,-35.4149
rtyp-mff-xss,typical,ff,ss,27,0.3,1e+06,52003.2,-47.5890
rtyp-mff-xss,typical,ff,ss,27,0.3,1.58489e+06,38833.7,-59.7485
rtyp-mff-xss,typical,ff,ss,27,0.3,2.51189e+06,26727.9,-69.7073
rtyp-mff-xss,typical,ff,ss,27,0.3,3.98107e+06,17540.4,-76.8402
rtyp-mff-xss,typical,ff,ss,27,0.3,6.30957e+06,11252,-81.5967
rtyp-mff-xss,typical,ff,ss,27,0.3,1e+07,7147.62,-84.6650
rtyp-mff-xss,typical,ff,ss,27,0.3,1.58489e+07,4522.15,-86.6143
rtyp-mff-xss,typical,ff,ss,27,0.3,2.51189e+07,2856.47,-87.8412
rtyp-mff-xss,typical,ff,ss,27,0.3,3.98107e+07,1803.24,-88.6049
rtyp-mff-xss,typical,ff,ss,27,0.3,6.30957e+07,1138.19,-89.0702
rtyp-mff-xss,typical,ff,ss,27,0.3,1e+08,718.52,-89.3428
rtyp-mff-xss,typical,ff,ss,27,0.9,100,1.45655e+07,-89.6981
rtyp-mff-xss,typical,ff,ss,27,0.9,158.489,9.19038e+06,-89.5319
rtyp-mff-xss,typical,ff,ss,27,0.9,251.189,5.79903e+06,-89.2647
rtyp-mff-xss,typical,ff,ss,27,0.9,398.107,3.65941e+06,-88.8389
rtyp-mff-xss,typical,ff,ss,27,0.9,630.957,2.30968e+06,-88.1628
rtyp-mff-xss,typical,ff,ss,27,0.9,1000,1.45848e+06,-87.0914
rtyp-mff-xss,typical,ff,ss,27,0.9,1584.89,922103,-85.3976
rtyp-mff-xss,typical,ff,ss,27,0.9,2511.89,584748,-82.7313
rtyp-mff-xss,typical,ff,ss,27,0.9,3981.07,373571,-78.5779
rtyp-mff-xss,typical,ff,ss,27,0.9,6309.57,242875,-72.2665
rtyp-mff-xss,typical,ff,ss,27,0.9,10000,164054,-63.1986
rtyp-mff-xss,typical,ff,ss,27,0.9,15848.9,118928,-51.5461
rtyp-mff-xss,typical,ff,ss,27,0.9,25118.9,95173.5,-39.0339
rtyp-mff-xss,typical,ff,ss,27,0.9,39810.7,83834.7,-28.2482
rtyp-mff-xss,typical,ff,ss,27,0.9,63095.7,78788.1,-20.7951
rtyp-mff-xss,typical,ff,ss,27,0.9,100000,76481.8,-16.9212
rtyp-mff-xss,typical,ff,ss,27,0.9,158489,75033.6,-16.4021
rtyp-mff-xss,typical,ff,ss,27,0.9,251189,73222,-19.1890
rtyp-mff-xss,typical,ff,ss,27,0.9,398107,69734.6,-25.4921
rtyp-mff-xss,typical,ff,ss,27,0.9,630957,62948.2,-35.3178
rtyp-mff-xss,typical,ff,ss,27,0.9,1e+06,52042.2,-47.5474
rtyp-mff-xss,typical,ff,ss,27,0.9,1.58489e+06,38850.2,-59.7341
rtyp-mff-xss,typical,ff,ss,27,0.9,2.51189e+06,26733.3,-69.7031
rtyp-mff-xss,typical,ff,ss,27,0.9,3.98107e+06,17541.9,-76.8392
rtyp-mff-xss,typical,ff,ss,27,0.9,6.30957e+06,11252.4,-81.5965
rtyp-mff-xss,typical,ff,ss,27,0.9,1e+07,7147.73,-84.6650
rtyp-mff-xss,typical,ff,ss,27,0.9,1.58489e+07,4522.18,-86.6143
rtyp-mff-xss,typical,ff,ss,27,0.9,2.51189e+07,2856.48,-87.8412
rtyp-mff-xss,typical,ff,ss,27,0.9,3.98107e+07,1803.24,-88.6049
rtyp-mff-xss,typical,ff,ss,27,0.9,6.30957e+07,1138.19,-89.0702
rtyp-mff-xss,typical,ff,ss,27,0.9,1e+08,718.52,-89.3428
rtyp-mff-xss,typical,ff,ss,27,1.35,100,1.43955e+07,-89.6947
rtyp-mff-xss,typical,ff,ss,27,1.35,158.489,9.08311e+06,-89.5263
rtyp-mff-xss,typical,ff,ss,27,1.35,251.189,5.73136e+06,-89.2558
rtyp-mff-xss,typical,ff,ss,27,1.35,398.107,3.61672e+06,-88.8247
rtyp-mff-xss,typical,ff,ss,27,1.35,630.957,2.28275e+06,-88.1402
rtyp-mff-xss,typical,ff,ss,27,1.35,1000,1.44151e+06,-87.0557
rtyp-mff-xss,typical,ff,ss,27,1.35,1584.89,911414,-85.3412
rtyp-mff-xss,typical,ff,ss,27,1.35,2511.89,578040,-82.6429
rtyp-mff-xss,typical,ff,ss,27,1.35,3981.07,369394,-78.4413
rtyp-mff-xss,typical,ff,ss,27,1.35,6309.57,240322,-72.0627
rtyp-mff-xss,typical,ff,ss,27,1.35,10000,162555,-62.9172
rtyp-mff-xss,typical,ff,ss,27,1.35,15848.9,118113,-51.2091
rtyp-mff-xss,typical,ff,ss,27,1.35,25118.9,94777.6,-38.7030
rtyp-mff-xss,typical,ff,ss,27,1.35,39810.7,83666.1,-27.9803
rtyp-mff-xss,typical,ff,ss,27,1.35,63095.7,78727.5,-20.6050
rtyp-mff-xss,typical,ff,ss,27,1.35,100000,76467.7,-16.7957
rtyp-mff-xss,typical,ff,ss,27,1.35,158489,75038.5,-16.3225
rtyp-mff-xss,typical,ff,ss,27,1.35,251189,73233.6,-19.1403
rtyp-mff-xss,typical,ff,ss,27,1.35,398107,69747.1,-25.4641
rtyp-mff-xss,typical,ff,ss,27,1.35,630957,62958.2,-35.3034
rtyp-mff-xss,typical,ff,ss,27,1.35,1e+06,52048,-47.5412
rtyp-mff-xss,typical,ff,ss,27,1.35,1.58489e+06,38852.6,-59.7319
rtyp-mff-xss,typical,ff,ss,27,1.35,2.51189e+06,26734.1,-69.7025
rtyp-mff-xss,typical,ff,ss,27,1.35,3.98107e+06,17542.1,-76.8391
rtyp-mff-xss,typical,ff,ss,27,1.35,6.30957e+06,11252.5,-81.5965
rtyp-mff-xss,typical,ff,ss,27,1.35,1e+07,7147.74,-84.6650
rtyp-mff-xss,typical,ff,ss,27,1.35,1.58489e+07,4522.18,-86.6143
rtyp-mff-xss,typical,ff,ss,27,1.35,2.51189e+07,2856.48,-87.8412
rtyp-mff-xss,typical,ff,ss,27,1.35,3.98107e+07,1803.24,-88.6049
rtyp-mff-xss,typical,ff,ss,27,1.35,6.30957e+07,1138.19,-89.0702
rtyp-mff-xss,typical,ff,ss,27,1.35,1e+08,718.52,-89.3428
rtyp-mff-xss,typical,ff,ss,27,1.8,100,1.43518e+07,-89.6938
rtyp-mff-xss,typical,ff,ss,27,1.8,158.489,9.05555e+06,-89.5249
rtyp-mff-xss,typical,ff,ss,27,1.8,251.189,5.71397e+06,-89.2535
rtyp-mff-xss,typical,ff,ss,27,1.8,398.107,3.60574e+06,-88.8210
rtyp-mff-xss,typical,ff,ss,27,1.8,630.957,2.27583e+06,-88.1343
rtyp-mff-xss,typical,ff,ss,27,1.8,1000,1.43714e+06,-87.0464
rtyp-mff-xss,typical,ff,ss,27,1.8,1584.89,908667,-85.3265
rtyp-mff-xss,typical,ff,ss,27,1.8,2511.89,576316,-82.6199
rtyp-mff-xss,typical,ff,ss,27,1.8,3981.07,368321,-78.4057
rtyp-mff-xss,typical,ff,ss,27,1.8,6309.57,239666,-72.0096
rtyp-mff-xss,typical,ff,ss,27,1.8,10000,162171,-62.8440
rtyp-mff-xss,typical,ff,ss,27,1.8,15848.9,117904,-51.1217
rtyp-mff-xss,typical,ff,ss,27,1.8,25118.9,94676.4,-38.6176
rtyp-mff-xss,typical,ff,ss,27,1.8,39810.7,83623.1,-27.9113
rtyp-mff-xss,typical,ff,ss,27,1.8,63095.7,78712,-20.5561
rtyp-mff-xss,typical,ff,ss,27,1.8,100000,76464.2,-16.7634
rtyp-mff-xss,typical,ff,ss,27,1.8,158489,75039.8,-16.3021
rtyp-mff-xss,typical,ff,ss,27,1.8,251189,73236.6,-19.1278
rtyp-mff-xss,typical,ff,ss,27,1.8,398107,69750.3,-25.4569
rtyp-mff-xss,typical,ff,ss,27,1.8,630957,62960.8,-35.2997
rtyp-mff-xss,typical,ff,ss,27,1.8,1e+06,52049.5,-47.5396
rtyp-mff-xss,typical,ff,ss,27,1.8,1.58489e+06,38853.2,-59.7314
rtyp-mff-xss,typical,ff,ss,27,1.8,2.51189e+06,26734.3,-69.7024
rtyp-mff-xss,typical,ff,ss,27,1.8,3.98107e+06,17542.2,-76.8391
rtyp-mff-xss,typical,ff,ss,27,1.8,6.30957e+06,11252.5,-81.5965
rtyp-mff-xss,typical,ff,ss,27,1.8,1e+07,7147.74,-84.6650
rtyp-mff-xss,typical,ff,ss,27,1.8,1.58489e+07,4522.18,-86.6143
rtyp-mff-xss,typical,ff,ss,27,1.8,2.51189e+07,2856.48,-87.8413
rtyp-mff-xss,typical,ff,ss,27,1.8,3.98107e+07,1803.24,-88.6049
rtyp-mff-xss,typical,ff,ss,27,1.8,6.30957e+07,1138.19,-89.0702
rtyp-mff-xss,typical,ff,ss,27,1.8,1e+08,718.52,-89.3428
rtyp-mff-xss,typical,ff,ss,27,2.25,100,1.43406e+07,-89.6936
rtyp-mff-xss,typical,ff,ss,27,2.25,158.489,9.04849e+06,-89.5245
rtyp-mff-xss,typical,ff,ss,27,2.25,251.189,5.70951e+06,-89.2528
rtyp-mff-xss,typical,ff,ss,27,2.25,398.107,3.60294e+06,-88.8200
rtyp-mff-xss,typical,ff,ss,27,2.25,630.957,2.27405e+06,-88.1328
rtyp-mff-xss,typical,ff,ss,27,2.25,1000,1.43603e+06,-87.0440
rtyp-mff-xss,typical,ff,ss,27,2.25,1584.89,907964,-85.3228
rtyp-mff-xss,typical,ff,ss,27,2.25,2511.89,575875,-82.6139
rtyp-mff-xss,typical,ff,ss,27,2.25,3981.07,368046,-78.3965
rtyp-mff-xss,typical,ff,ss,27,2.25,6309.57,239498,-71.9960
rtyp-mff-xss,typical,ff,ss,27,2.25,10000,162072,-62.8252
rtyp-mff-xss,typical,ff,ss,27,2.25,15848.9,117851,-51.0993
rtyp-mff-xss,typical,ff,ss,27,2.25,25118.9,94650.5,-38.5957
rtyp-mff-xss,typical,ff,ss,27,2.25,39810.7,83612.1,-27.8936
rtyp-mff-xss,typical,ff,ss,27,2.25,63095.7,78708.1,-20.5436
rtyp-mff-xss,typical,ff,ss,27,2.25,100000,76463.3,-16.7551
rtyp-mff-xss,typical,ff,ss,27,2.25,158489,75040.1,-16.2968
rtyp-mff-xss,typical,ff,ss,27,2.25,251189,73237.4,-19.1246
rtyp-mff-xss,typical,ff,ss,27,2.25,398107,69751.2,-25.4550
rtyp-mff-xss,typical,ff,ss,27,2.25,630957,62961.4,-35.2987
rtyp-mff-xss,typical,ff,ss,27,2.25,1e+06,52049.9,-47.5392
rtyp-mff-xss,typical,ff,ss,27,2.25,1.58489e+06,38853.4,-59.7313
rtyp-mff-xss,typical,ff,ss,27,2.25,2.51189e+06,26734.4,-69.7023
rtyp-mff-xss,typical,ff,ss,27,2.25,3.98107e+06,17542.2,-76.8391
rtyp-mff-xss,typical,ff,ss,27,2.25,6.30957e+06,11252.5,-81.5965
rtyp-mff-xss,typical,ff,ss,27,2.25,1e+07,7147.75,-84.6650
rtyp-mff-xss,typical,ff,ss,27,2.25,1.58489e+07,4522.18,-86.6143
rtyp-mff-xss,typical,ff,ss,27,2.25,2.51189e+07,2856.48,-87.8413
rtyp-mff-xss,typical,ff,ss,27,2.25,3.98107e+07,1803.24,-88.6049
rtyp-mff-xss,typical,ff,ss,27,2.25,6.30957e+07,1138.19,-89.0702
rtyp-mff-xss,typical,ff,ss,27,2.25,1e+08,718.52,-89.3428
rtyp-mff-xss,typical,ff,ss,27,2.7,100,1.43377e+07,-89.6935
rtyp-mff-xss,typical,ff,ss,27,2.7,158.489,9.04669e+06,-89.5244
rtyp-mff-xss,typical,ff,ss,27,2.7,251.189,5.70837e+06,-89.2527
rtyp-mff-xss,typical,ff,ss,27,2.7,398.107,3.60222e+06,-88.8198
rtyp-mff-xss,typical,ff,ss,27,2.7,630.957,2.2736e+06,-88.1324
rtyp-mff-xss,typical,ff,ss,27,2.7,1000,1.43574e+06,-87.0434
rtyp-mff-xss,typical,ff,ss,27,2.7,1584.89,907784,-85.3218
rtyp-mff-xss,typical,ff,ss,27,2.7,2511.89,575762,-82.6124
rtyp-mff-xss,typical,ff,ss,27,2.7,3981.07,367976,-78.3942
rtyp-mff-xss,typical,ff,ss,27,2.7,6309.57,239455,-71.9925
rtyp-mff-xss,typical,ff,ss,27,2.7,10000,162047,-62.8204
rtyp-mff-xss,typical,ff,ss,27,2.7,15848.9,117837,-51.0936
rtyp-mff-xss,typical,ff,ss,27,2.7,25118.9,94643.9,-38.5901
rtyp-mff-xss,typical,ff,ss,27,2.7,39810.7,83609.3,-27.8891
rtyp-mff-xss,typical,ff,ss,27,2.7,63095.7,78707.1,-20.5404
rtyp-mff-xss,typical,ff,ss,27,2.7,100000,76463,-16.7530
rtyp-mff-xss,typical,ff,ss,27,2.7,158489,75040.2,-16.2955
rtyp-mff-xss,typical,ff,ss,27,2.7,251189,73237.6,-19.1238
rtyp-mff-xss,typical,ff,ss,27,2.7,398107,69751.4,-25.4546
rtyp-mff-xss,typical,ff,ss,27,2.7,630957,62961.6,-35.2985
rtyp-mff-xss,typical,ff,ss,27,2.7,1e+06,52050,-47.5391
rtyp-mff-xss,typical,ff,ss,27,2.7,1.58489e+06,38853.4,-59.7312
rtyp-mff-xss,typical,ff,ss,27,2.7,2.51189e+06,26734.4,-69.7023
rtyp-mff-xss,typical,ff,ss,27,2.7,3.98107e+06,17542.2,-76.8391
rtyp-mff-xss,typical,ff,ss,27,2.7,6.30957e+06,11252.5,-81.5965
rtyp-mff-xss,typical,ff,ss,27,2.7,1e+07,7147.75,-84.6650
rtyp-mff-xss,typical,ff,ss,27,2.7,1.58489e+07,4522.18,-86.6143
rtyp-mff-xss,typical,ff,ss,27,2.7,2.51189e+07,2856.48,-87.8413
rtyp-mff-xss,typical,ff,ss,27,2.7,3.98107e+07,1803.24,-88.6049
rtyp-mff-xss,typical,ff,ss,27,2.7,6.30957e+07,1138.19,-89.0702
rtyp-mff-xss,typical,ff,ss,27,2.7,1e+08,718.52,-89.3428
rtyp-mff-xss,typical,ff,ss,125,0.3,100,1.57084e+07,-89.7200
rtyp-mff-xss,typical,ff,ss,125,0.3,158.489,9.91151e+06,-89.5673
rtyp-mff-xss,typical,ff,ss,125,0.3,251.189,6.25401e+06,-89.3213
rtyp-mff-xss,typical,ff,ss,125,0.3,398.107,3.94645e+06,-88.9289
rtyp-mff-xss,typical,ff,ss,125,0.3,630.957,2.49072e+06,-88.3055
rtyp-mff-xss,typical,ff,ss,125,0.3,1000,1.57262e+06,-87.3175
rtyp-mff-xss,typical,ff,ss,125,0.3,1584.89,993971,-85.7546
rtyp-mff-xss,typical,ff,ss,125,0.3,2511.89,629861,-83.2920
rtyp-mff-xss,typical,ff,ss,125,0.3,3981.07,401675,-79.4462
rtyp-mff-xss,typical,ff,ss,125,0.3,6309.57,260067,-73.5680
rtyp-mff-xss,typical,ff,ss,125,0.3,10000,174152,-65.0139
rtyp-mff-xss,typical,ff,ss,125,0.3,15848.9,124404,-53.7570
rtyp-mff-xss,typical,ff,ss,125,0.3,25118.9,97783.4,-41.2490
rtyp-mff-xss,typical,ff,ss,125,0.3,39810.7,84863.7,-30.0709
rtyp-mff-xss,typical,ff,ss,125,0.3,63095.7,79056.8,-22.0989
rtyp-mff-xss,typical,ff,ss,125,0.3,100000,76420.3,-17.7816
rtyp-mff-xss,typical,ff,ss,125,0.3,158489,74840.4,-16.9414
rtyp-mff-xss,typical,ff,ss,125,0.3,251189,72987.1,-19.5074
rtyp-mff-xss,typical,ff,ss,125,0.3,398107,69507.5,-25.6589
rtyp-mff-xss,typical,ff,ss,125,0.3,630957,62765.6,-35.3820
rtyp-mff-xss,typical,ff,ss,125,0.3,1e+06,51923.5,-47.5515
rtyp-mff-xss,typical,ff,ss,125,0.3,1.58489e+06,38785.7,-59.7146
rtyp-mff-xss,typical,ff,ss,125,0.3,2.51189e+06,26700.1,-69.6816
rtyp-mff-xss,typical,ff,ss,125,0.3,3.98107e+06,17523.9,-76.8227
rtyp-mff-xss,typical,ff,ss,125,0.3,6.30957e+06,11241.9,-81.5852
rtyp-mff-xss,typical,ff,ss,125,0.3,1e+07,7141.35,-84.6577
rtyp-mff-xss,typical,ff,ss,125,0.3,1.58489e+07,4518.21,-86.6097
rtyp-mff-xss,typical,ff,ss,125,0.3,2.51189e+07,2853.99,-87.8384
rtyp-mff-xss,typical,ff,ss,125,0.3,3.98107e+07,1801.68,-88.6032
rtyp-mff-xss,typical,ff,ss,125,0.3,6.30957e+07,1137.2,-89.0692
rtyp-mff-xss,typical,ff,ss,125,0.3,1e+08,717.895,-89.3424
rtyp-mff-xss,typical,ff,ss,125,0.9,100,1.45652e+07,-89.6988
rtyp-mff-xss,typical,ff,ss,125,0.9,158.489,9.19022e+06,-89.5330
rtyp-mff-xss,typical,ff,ss,125,0.9,251.189,5.79893e+06,-89.2664
rtyp-mff-xss,typical,ff,ss,125,0.9,398.107,3.65934e+06,-88.8415
rtyp-mff-xss,typical,ff,ss,125,0.9,630.957,2.30963e+06,-88.1669
rtyp-mff-xss,typical,ff,ss,125,0.9,1000,1.45845e+06,-87.0980
rtyp-mff-xss,typical,ff,ss,125,0.9,1584.89,922073,-85.4080
rtyp-mff-xss,typical,ff,ss,125,0.9,2511.89,584716,-82.7476
rtyp-mff-xss,typical,ff,ss,125,0.9,3981.07,373530,-78.6031
rtyp-mff-xss,typical,ff,ss,125,0.9,6309.57,242818,-72.3041
rtyp-mff-xss,typical,ff,ss,125,0.9,10000,163973,-63.2505
rtyp-mff-xss,typical,ff,ss,125,0.9,15848.9,118818,-51.6081
rtyp-mff-xss,typical,ff,ss,125,0.9,25118.9,95037.2,-39.0941
rtyp-mff-xss,typical,ff,ss,125,0.9,39810.7,83680.6,-28.2956
rtyp-mff-xss,typical,ff,ss,125,0.9,63095.7,78625,-20.8259
rtyp-mff-xss,typical,ff,ss,125,0.9,100000,76315.6,-16.9369
rtyp-mff-xss,typical,ff,ss,125,0.9,158489,74868.7,-16.4046
rtyp-mff-xss,typical,ff,ss,125,0.9,251189,73063.5,-19.1790
rtyp-mff-xss,typical,ff,ss,125,0.9,398107,69591.3,-25.4696
rtyp-mff-xss,typical,ff,ss,125,0.9,630957,62832.5,-35.2846
rtyp-mff-xss,typical,ff,ss,125,0.9,1e+06,51962.5,-47.5097
rtyp-mff-xss,typical,ff,ss,125,0.9,1.58489e+06,38802.1,-59.7001
rtyp-mff-xss,typical,ff,ss,125,0.9,2.51189e+06,26705.5,-69.6775
rtyp-mff-xss,typical,ff,ss,125,0.9,3.98107e+06,17525.4,-76.8217
rtyp-mff-xss,typical,ff,ss,125,0.9,6.30957e+06,11242.3,-81.5851
rtyp-mff-xss,typical,ff,ss,125,0.9,1e+07,7141.45,-84.6577
rtyp-mff-xss,typical,ff,ss,125,0.9,1.58489e+07,4518.24,-86.6097
rtyp-mff-xss,typical,ff,ss,125,0.9,2.51189e+07,2854,-87.8384
rtyp-mff-xss,typical,ff,ss,125,0.9,3.98107e+07,1801.68,-88.6032
rtyp-mff-xss,typical,ff,ss,125,0.9,6.30957e+07,1137.2,-89.0692
rtyp-mff-xss,typical,ff,ss,125,0.9,1e+08,717.895,-89.3424
rtyp-mff-xss,typical,ff,ss,125,1.35,100,1.43952e+07,-89.6954
rtyp-mff-xss,typical,ff,ss,125,1.35,158.489,9.08296e+06,-89.5274
rtyp-mff-xss,typical,ff,ss,125,1.35,251.189,5.73126e+06,-89.2575
rtyp-mff-xss,typical,ff,ss,125,1.35,398.107,3.61665e+06,-88.8273
rtyp-mff-xss,typical,ff,ss,125,1.35,630.957,2.2827e+06,-88.1444
rtyp-mff-xss,typical,ff,ss,125,1.35,1000,1.44147e+06,-87.0624
rtyp-mff-xss,typical,ff,ss,125,1.35,1584.89,911384,-85.3517
rtyp-mff-xss,typical,ff,ss,125,1.35,2511.89,578008,-82.6594
rtyp-mff-xss,typical,ff,ss,125,1.35,3981.07,369353,-78.4668
rtyp-mff-xss,typical,ff,ss,125,1.35,6309.57,240264,-72.1007
rtyp-mff-xss,typical,ff,ss,125,1.35,10000,162474,-62.9694
rtyp-mff-xss,typical,ff,ss,125,1.35,15848.9,118002,-51.2712
rtyp-mff-xss,typical,ff,ss,125,1.35,25118.9,94640.7,-38.7631
rtyp-mff-xss,typical,ff,ss,125,1.35,39810.7,83511.6,-28.0273
rtyp-mff-xss,typical,ff,ss,125,1.35,63095.7,78564.2,-20.6355
rtyp-mff-xss,typical,ff,ss,125,1.35,100000,76301.5,-16.8111
rtyp-mff-xss,typical,ff,ss,125,1.35,158489,74873.5,-16.3248
rtyp-mff-xss,typical,ff,ss,125,1.35,251189,73075.1,-19.1302
rtyp-mff-xss,typical,ff,ss,125,1.35,398107,69603.8,-25.4416
rtyp-mff-xss,typical,ff,ss,125,1.35,630957,62842.5,-35.2702
rtyp-mff-xss,typical,ff,ss,125,1.35,1e+06,51968.3,-47.5035
rtyp-mff-xss,typical,ff,ss,125,1.35,1.58489e+06,38804.6,-59.6980
rtyp-mff-xss,typical,ff,ss,125,1.35,2.51189e+06,26706.3,-69.6769
rtyp-mff-xss,typical,ff,ss,125,1.35,3.98107e+06,17525.6,-76.8215
rtyp-mff-xss,typical,ff,ss,125,1.35,6.30957e+06,11242.4,-81.5850
rtyp-mff-xss,typical,ff,ss,125,1.35,1e+07,7141.47,-84.6577
rtyp-mff-xss,typical,ff,ss,125,1.35,1.58489e+07,4518.24,-86.6097
rtyp-mff-xss,typical,ff,ss,125,1.35,2.51189e+07,2854,-87.8384
rtyp-mff-xss,typical,ff,ss,125,1.35,3.98107e+07,1801.68,-88.6032
rtyp-mff-xss,typical,ff,ss,125,1.35,6.30957e+07,1137.2,-89.0692
rtyp-mff-xss,typical,ff,ss,125,1.35,1e+08,717.895,-89.3424
rtyp-mff-xss,typical,ff,ss,125,1.8,100,1.43515e+07,-89.6945
rtyp-mff-xss,typical,ff,ss,125,1.8,158.489,9.05539e+06,-89.5259
rtyp-mff-xss,typical,ff,ss,125,1.8,251.189,5.71386e+06,-89.2551
rtyp-mff-xss,typical,ff,ss,125,1.8,398.107,3.60568e+06,-88.8236
rtyp-mff-xss,typical,ff,ss,125,1.8,630.957,2.27578e+06,-88.1386
rtyp-mff-xss,typical,ff,ss,125,1.8,1000,1.43711e+06,-87.0531
rtyp-mff-xss,typical,ff,ss,125,1.8,1584.89,908637,-85.3371
rtyp-mff-xss,typical,ff,ss,125,1.8,2511.89,576284,-82.6364
rtyp-mff-xss,typical,ff,ss,125,1.8,3981.07,368279,-78.4312
rtyp-mff-xss,typical,ff,ss,125,1.8,6309.57,239608,-72.0477
rtyp-mff-xss,typical,ff,ss,125,1.8,10000,162089,-62.8964
rtyp-mff-xss,typical,ff,ss,125,1.8,15848.9,117793,-51.1839
rtyp-mff-xss,typical,ff,ss,125,1.8,25118.9,94539.4,-38.6776
rtyp-mff-xss,typical,ff,ss,125,1.8,39810.7,83468.5,-27.9582
rtyp-mff-xss,typical,ff,ss,125,1.8,63095.7,78548.7,-20.5865
rtyp-mff-xss,typical,ff,ss,125,1.8,100000,76297.9,-16.7787
rtyp-mff-xss,typical,ff,ss,125,1.8,158489,74874.8,-16.3043
rtyp-mff-xss,typical,ff,ss,125,1.8,251189,73078.1,-19.1177
rtyp-mff-xss,typical,ff,ss,125,1.8,398107,69607,-25.4343
rtyp-mff-xss,typical,ff,ss,125,1.8,630957,62845.1,-35.2665
rtyp-mff-xss,typical,ff,ss,125,1.8,1e+06,51969.8,-47.5019
rtyp-mff-xss,typical,ff,ss,125,1.8,1.58489e+06,38805.2,-59.6974
rtyp-mff-xss,typical,ff,ss,125,1.8,2.51189e+06,26706.5,-69.6767
rtyp-mff-xss,typical,ff,ss,125,1.8,3.98107e+06,17525.7,-76.8215
rtyp-mff-xss,typical,ff,ss,125,1.8,6.30957e+06,11242.4,-81.5850
rtyp-mff-xss,typical,ff,ss,125,1.8,1e+07,7141.47,-84.6577
rtyp-mff-xss,typical,ff,ss,125,1.8,1.58489e+07,4518.24,-86.6097
rtyp-mff-xss,typical,ff,ss,125,1.8,2.51189e+07,2854,-87.8384
rtyp-mff-xss,typical,ff,ss,125,1.8,3.98107e+07,1801.68,-88.6032
rtyp-mff-xss,typical,ff,ss,125,1.8,6.30957e+07,1137.2,-89.0692
rtyp-mff-xss,typical,ff,ss,125,1.8,1e+08,717.895,-89.3424
rtyp-mff-xss,typical,ff,ss,125,2.25,100,1.43403e+07,-89.6942
rtyp-mff-xss,typical,ff,ss,125,2.25,158.489,9.04833e+06,-89.5256
rtyp-mff-xss,typical,ff,ss,125,2.25,251.189,5.70941e+06,-89.2545
rtyp-mff-xss,typical,ff,ss,125,2.25,398.107,3.60287e+06,-88.8227
rtyp-mff-xss,typical,ff,ss,125,2.25,630.957,2.27401e+06,-88.1371
rtyp-mff-xss,typical,ff,ss,125,2.25,1000,1.43599e+06,-87.0507
rtyp-mff-xss,typical,ff,ss,125,2.25,1584.89,907934,-85.3333
rtyp-mff-xss,typical,ff,ss,125,2.25,2511.89,575842,-82.6305
rtyp-mff-xss,typical,ff,ss,125,2.25,3981.07,368005,-78.4221
rtyp-mff-xss,typical,ff,ss,125,2.25,6309.57,239440,-72.0341
rtyp-mff-xss,typical,ff,ss,125,2.25,10000,161990,-62.8776
rtyp-mff-xss,typical,ff,ss,125,2.25,15848.9,117740,-51.1615
rtyp-mff-xss,typical,ff,ss,125,2.25,25118.9,94513.4,-38.6557
rtyp-mff-xss,typical,ff,ss,125,2.25,39810.7,83457.5,-27.9405
rtyp-mff-xss,typical,ff,ss,125,2.25,63095.7,78544.7,-20.5739
rtyp-mff-xss,typical,ff,ss,125,2.25,100000,76297,-16.7705
rtyp-mff-xss,typical,ff,ss,125,2.25,158489,74875.1,-16.2990
rtyp-mff-xss,typical,ff,ss,125,2.25,251189,73078.9,-19.1145
rtyp-mff-xss,typical,ff,ss,125,2.25,398107,69607.9,-25.4325
rtyp-mff-xss,typical,ff,ss,125,2.25,630957,62845.7,-35.2655
rtyp-mff-xss,typical,ff,ss,125,2.25,1e+06,51970.2,-47.5015
rtyp-mff-xss,typical,ff,ss,125,2.25,1.58489e+06,38805.4,-59.6973
rtyp-mff-xss,typical,ff,ss,125,2.25,2.51189e+06,26706.5,-69.6767
rtyp-mff-xss,typical,ff,ss,125,2.25,3.98107e+06,17525.7,-76.8215
rtyp-mff-xss,typical,ff,ss,125,2.25,6.30957e+06,11242.4,-81.5850
rtyp-mff-xss,typical,ff,ss,125,2.25,1e+07,7141.47,-84.6577
rtyp-mff-xss,typical,ff,ss,125,2.25,1.58489e+07,4518.24,-86.6097
rtyp-mff-xss,typical,ff,ss,125,2.25,2.51189e+07,2854,-87.8384
rtyp-mff-xss,typical,ff,ss,125,2.25,3.98107e+07,1801.68,-88.6032
rtyp-mff-xss,typical,ff,ss,125,2.25,6.30957e+07,1137.2,-89.0692
rtyp-mff-xss,typical,ff,ss,125,2.25,1e+08,717.895,-89.3424
rtyp-mff-xss,typical,ff,ss,125,2.7,100,1.43375e+07,-89.6942
rtyp-mff-xss,typical,ff,ss,125,2.7,158.489,9.04653e+06,-89.5255
rtyp-mff-xss,typical,ff,ss,125,2.7,251.189,5.70827e+06,-89.2544
rtyp-mff-xss,typical,ff,ss,125,2.7,398.107,3.60215e+06,-88.8224
rtyp-mff-xss,typical,ff,ss,125,2.7,630.957,2.27356e+06,-88.1367
rtyp-mff-xss,typical,ff,ss,125,2.7,1000,1.43571e+06,-87.0501
rtyp-mff-xss,typical,ff,ss,125,2.7,1584.89,907754,-85.3323
rtyp-mff-xss,typical,ff,ss,125,2.7,2511.89,575730,-82.6290
rtyp-mff-xss,typical,ff,ss,125,2.7,3981.07,367934,-78.4198
rtyp-mff-xss,typical,ff,ss,125,2.7,6309.57,239397,-72.0306
rtyp-mff-xss,typical,ff,ss,125,2.7,10000,161965,-62.8728
rtyp-mff-xss,typical,ff,ss,125,2.7,15848.9,117726,-51.1558
rtyp-mff-xss,typical,ff,ss,125,2.7,25118.9,94506.8,-38.6501
rtyp-mff-xss,typical,ff,ss,125,2.7,39810.7,83454.7,-27.9360
rtyp-mff-xss,typical,ff,ss,125,2.7,63095.7,78543.7,-20.5707
rtyp-mff-xss,typical,ff,ss,125,2.7,100000,76296.7,-16.7683
rtyp-mff-xss,typical,ff,ss,125,2.7,158489,74875.2,-16.2977
rtyp-mff-xss,typical,ff,ss,125,2.7,251189,73079.1,-19.1136
rtyp-mff-xss,typical,ff,ss,125,2.7,398107,69608.1,-25.4320
rtyp-mff-xss,typical,ff,ss,125,2.7,630957,62845.9,-35.2653
rtyp-mff-xss,typical,ff,ss,125,2.7,1e+06,51970.3,-47.5014
rtyp-mff-xss,typical,ff,ss,125,2.7,1.58489e+06,38805.4,-59.6972
rtyp-mff-xss,typical,ff,ss,125,2.7,2.51189e+06,26706.6,-69.6766
rtyp-mff-xss,typical,ff,ss,125,2.7,3.98107e+06,17525.7,-76.8215
rtyp-mff-xss,typical,ff,ss,125,2.7,6.30957e+06,11242.4,-81.5850
rtyp-mff-xss,typical,ff,ss,125,2.7,1e+07,7141.47,-84.6577
rtyp-mff-xss,typical,ff,ss,125,2.7,1.58489e+07,4518.24,-86.6097
rtyp-mff-xss,typical,ff,ss,125,2.7,2.51189e+07,2854,-87.8384
rtyp-mff-xss,typical,ff,ss,125,2.7,3.98107e+07,1801.68,-88.6032
rtyp-mff-xss,typical,ff,ss,125,2.7,6.30957e+07,1137.2,-89.0692
rtyp-mff-xss,typical,ff,ss,125,2.7,1e+08,717.895,-89.3424
rtyp-mff-xtyp,typical,ff,typical,-40,0.3,100,1.574e+07,-89.7163
rtyp-mff-xtyp,typical,ff,typical,-40,0.3,158.489,9.93147e+06,-89.5615
rtyp-mff-xtyp,typical,ff,typical,-40,0.3,251.189,6.26661e+06,-89.3122
rtyp-mff-xtyp,typical,ff,typical,-40,0.3,398.107,3.95441e+06,-88.9144
rtyp-mff-xtyp,typical,ff,typical,-40,0.3,630.957,2.49576e+06,-88.2825
rtyp-mff-xtyp,typical,ff,typical,-40,0.3,1000,1.57583e+06,-87.2811
rtyp-mff-xtyp,typical,ff,typical,-40,0.3,1584.89,996038,-85.6971
rtyp-mff-xtyp,typical,ff,typical,-40,0.3,2511.89,631234,-83.2015
rtyp-mff-xtyp,typical,ff,typical,-40,0.3,3981.07,402648,-79.3054
rtyp-mff-xtyp,typical,ff,typical,-40,0.3,6309.57,260845,-73.3547
rtyp-mff-xtyp,typical,ff,typical,-40,0.3,10000,174882,-64.7087
rtyp-mff-xtyp,typical,ff,typical,-40,0.3,15848.9,125186,-53.3638
rtyp-mff-xtyp,typical,ff,typical,-40,0.3,25118.9,98656.7,-40.8058
rtyp-mff-xtyp,typical,ff,typical,-40,0.3,39810.7,85817.8,-29.6113
rtyp-mff-xtyp,typical,ff,typical,-40,0.3,63095.7,80068.3,-21.6036
rtyp-mff-xtyp,typical,ff,typical,-40,0.3,100000,77486.9,-17.1783
rtyp-mff-xtyp,typical,ff,typical,-40,0.3,158489,75999.1,-16.1194
rtyp-mff-xtyp,typical,ff,typical,-40,0.3,251189,74342.2,-18.3273
rtyp-mff-xtyp,typical,ff,typical,-40,0.3,398107,71261.2,-23.9887
rtyp-mff-xtyp,typical,ff,typical,-40,0.3,630957,65148.3,-33.2162
rtyp-mff-xtyp,typical,ff,typical,-40,0.3,1e+06,54865.2,-45.1686
rtyp-mff-xtyp,typical,ff,typical,-40,0.3,1.58489e+06,41717.2,-57.5727
rtyp-mff-xtyp,typical,ff,typical,-40,0.3,2.51189e+06,29069.3,-68.0541
rtyp-mff-xtyp,typical,ff,typical,-40,0.3,3.98107e+06,19200.4,-75.7045
rtyp-mff-xtyp,typical,ff,typical,-40,0.3,6.30957e+06,12352.6,-80.8533
rtyp-mff-xtyp,typical,ff,typical,-40,0.3,1e+07,7856.31,-84.1881
rtyp-mff-xtyp,typical,ff,typical,-40,0.3,1.58489e+07,4972.98,-86.3101
rtyp-mff-xtyp,typical,ff,typical,-40,0.3,2.51189e+07,3141.88,-87.6465
rtyp-mff-xtyp,typical,ff,typical,-40,0.3,3.98107e+07,1983.59,-88.4783
rtyp-mff-xtyp,typical,ff,typical,-40,0.3,6.30957e+07,1252.09,-88.9849
rtyp-mff-xtyp,typical,ff,typical,-40,0.3,1e+08,790.477,-89.2814
rtyp-mff-xtyp,typical,ff,typical,-40,0.9,100,1.45924e+07,-89.6949
rtyp-mff-xtyp,typical,ff,typical,-40,0.9,158.489,9.20737e+06,-89.5268
rtyp-mff-xtyp,typical,ff,typical,-40,0.9,251.189,5.80976e+06,-89.2566
rtyp-mff-xtyp,typical,ff,typical,-40,0.9,398.107,3.66619e+06,-88.8260
rtyp-mff-xtyp,typical,ff,typical,-40,0.9,630.957,2.31397e+06,-88.1423
rtyp-mff-xtyp,typical,ff,typical,-40,0.9,1000,1.46122e+06,-87.0590
rtyp-mff-xtyp,typical,ff,typical,-40,0.9,1584.89,923865,-85.3464
rtyp-mff-xtyp,typical,ff,typical,-40,0.9,2511.89,585921,-82.6510
rtyp-mff-xtyp,typical,ff,typical,-40,0.9,3981.07,374405,-78.4533
rtyp-mff-xtyp,typical,ff,typical,-40,0.9,6309.57,243544,-72.0788
rtyp-mff-xtyp,typical,ff,typical,-40,0.9,10000,164683,-62.9330
rtyp-mff-xtyp,typical,ff,typical,-40,0.9,15848.9,119597,-51.2090
rtyp-mff-xtyp,typical,ff,typical,-40,0.9,25118.9,95912.4,-38.6562
rtyp-mff-xtyp,typical,ff,typical,-40,0.9,39810.7,84633.1,-27.8475
rtyp-mff-xtyp,typical,ff,typical,-40,0.9,63095.7,79631.2,-20.3416
rtyp-mff-xtyp,typical,ff,typical,-40,0.9,100000,77374.7,-16.3411
rtyp-mff-xtyp,typical,ff,typical,-40,0.9,158489,76019.6,-15.5863
rtyp-mff-xtyp,typical,ff,typical,-40,0.9,251189,74411.8,-17.9993
rtyp-mff-xtyp,typical,ff,typical,-40,0.9,398107,71340.6,-23.7973
rtyp-mff-xtyp,typical,ff,typical,-40,0.9,630957,65214.5,-33.1153
rtyp-mff-xtyp,typical,ff,typical,-40,0.9,1e+06,54906.1,-45.1237
rtyp-mff-xtyp,typical,ff,typical,-40,0.9,1.58489e+06,41735.4,-57.5566
rtyp-mff-xtyp,typical,ff,typical,-40,0.9,2.51189e+06,29075.5,-68.0494
rtyp-mff-xtyp,typical,ff,typical,-40,0.9,3.98107e+06,19202.2,-75.7033
rtyp-mff-xtyp,typical,ff,typical,-40,0.9,6.30957e+06,12353.1,-80.8531
rtyp-mff-xtyp,typical,ff,typical,-40,0.9,1e+07,7856.43,-84.1881
rtyp-mff-xtyp,typical,ff,typical,-40,0.9,1.58489e+07,4973.01,-86.3102
rtyp-mff-xtyp,typical,ff,typical,-40,0.9,2.51189e+07,3141.89,-87.6466
rtyp-mff-xtyp,typical,ff,typical,-40,0.9,3.98107e+07,1983.59,-88.4784
rtyp-mff-xtyp,typical,ff,typical,-40,0.9,6.30957e+07,1252.1,-88.9849
rtyp-mff-xtyp,typical,ff,typical,-40,0.9,1e+08,790.477,-89.2814
rtyp-mff-xtyp,typical,ff,typical,-40,1.35,100,1.44218e+07,-89.6914
rtyp-mff-xtyp,typical,ff,typical,-40,1.35,158.489,9.09972e+06,-89.5211
rtyp-mff-xtyp,typical,ff,typical,-40,1.35,251.189,5.74184e+06,-89.2475
rtyp-mff-xtyp,typical,ff,typical,-40,1.35,398.107,3.62334e+06,-88.8116
rtyp-mff-xtyp,typical,ff,typical,-40,1.35,630.957,2.28694e+06,-88.1195
rtyp-mff-xtyp,typical,ff,typical,-40,1.35,1000,1.44418e+06,-87.0230
rtyp-mff-xtyp,typical,ff,typical,-40,1.35,1584.89,913138,-85.2896
rtyp-mff-xtyp,typical,ff,typical,-40,1.35,2511.89,579188,-82.5618
rtyp-mff-xtyp,typical,ff,typical,-40,1.35,3981.07,370213,-78.3155
rtyp-mff-xtyp,typical,ff,typical,-40,1.35,6309.57,240983,-71.8734
rtyp-mff-xtyp,typical,ff,typical,-40,1.35,10000,163181,-62.6501
rtyp-mff-xtyp,typical,ff,typical,-40,1.35,15848.9,118782,-50.8714
rtyp-mff-xtyp,typical,ff,typical,-40,1.35,25118.9,95516.3,-38.3261
rtyp-mff-xtyp,typical,ff,typical,-40,1.35,39810.7,84464,-27.5811
rtyp-mff-xtyp,typical,ff,typical,-40,1.35,63095.7,79569.6,-20.1528
rtyp-mff-xtyp,typical,ff,typical,-40,1.35,100000,77359.5,-16.2164
rtyp-mff-xtyp,typical,ff,typical,-40,1.35,158489,76023.2,-15.5071
rtyp-mff-xtyp,typical,ff,typical,-40,1.35,251189,74422.4,-17.9506
rtyp-mff-xtyp,typical,ff,typical,-40,1.35,398107,71352.5,-23.7689
rtyp-mff-xtyp,typical,ff,typical,-40,1.35,630957,65224.4,-33.1003
rtyp-mff-xtyp,typical,ff,typical,-40,1.35,1e+06,54912.1,-45.1170
rtyp-mff-xtyp,typical,ff,typical,-40,1.35,1.58489e+06,41738.1,-57.5542
rtyp-mff-xtyp,typical,ff,typical,-40,1.35,2.51189e+06,29076.4,-68.0487
rtyp-mff-xtyp,typical,ff,typical,-40,1.35,3.98107e+06,19202.4,-75.7032
rtyp-mff-xtyp,typical,ff,typical,-40,1.35,6.30957e+06,12353.2,-80.8531
rtyp-mff-xtyp,typical,ff,typical,-40,1.35,1e+07,7856.45,-84.1881
rtyp-mff-xtyp,typical,ff,typical,-40,1.35,1.58489e+07,4973.02,-86.3102
rtyp-mff-xtyp,typical,ff,typical,-40,1.35,2.51189e+07,3141.89,-87.6466
rtyp-mff-xtyp,typical,ff,typical,-40,1.35,3.98107e+07,1983.59,-88.4784
rtyp-mff-xtyp,typical,ff,typical,-40,1.35,6.30957e+07,1252.1,-88.9849
rtyp-mff-xtyp,typical,ff,typical,-40,1.35,1e+08,790.477,-89.2814
rtyp-mff-xtyp,typical,ff,typical,-40,1.8,100,1.43779e+07,-89.6905
rtyp-mff-xtyp,typical,ff,typical,-40,1.8,158.489,9.07205e+06,-89.5197
rtyp-mff-xtyp,typical,ff,typical,-40,1.8,251.189,5.72438e+06,-89.2452
rtyp-mff-xtyp,typical,ff,typical,-40,1.8,398.107,3.61233e+06,-88.8079
rtyp-mff-xtyp,typical,ff,typical,-40,1.8,630.957,2.27999e+06,-88.1136
rtyp-mff-xtyp,typical,ff,typical,-40,1.8,1000,1.4398e+06,-87.0136
rtyp-mff-xtyp,typical,ff,typical,-40,1.8,1584.89,910381,-85.2747
rtyp-mff-xtyp,typical,ff,typical,-40,1.8,2511.89,577459,-82.5385
rtyp-mff-xtyp,typical,ff,typical,-40,1.8,3981.07,369137,-78.2795
rtyp-mff-xtyp,typical,ff,typical,-40,1.8,6309.57,240326,-71.8200
rtyp-mff-xtyp,typical,ff,typical,-40,1.8,10000,162796,-62.5765
rtyp-mff-xtyp,typical,ff,typical,-40,1.8,15848.9,118573,-50.7839
rtyp-mff-xtyp,typical,ff,typical,-40,1.8,25118.9,95415,-38.2408
rtyp-mff-xtyp,typical,ff,typical,-40,1.8,39810.7,84420.8,-27.5124
rtyp-mff-xtyp,typical,ff,typical,-40,1.8,63095.7,79553.9,-20.1043
rtyp-mff-xtyp,typical,ff,typical,-40,1.8,100000,77355.6,-16.1843
rtyp-mff-xtyp,typical,ff,typical,-40,1.8,158489,76024.2,-15.4867
rtyp-mff-xtyp,typical,ff,typical,-40,1.8,251189,74425.1,-17.9381
rtyp-mff-xtyp,typical,ff,typical,-40,1.8,398107,71355.5,-23.7616
rtyp-mff-xtyp,typical,ff,typical,-40,1.8,630957,65226.9,-33.0964
rtyp-mff-xtyp,typical,ff,typical,-40,1.8,1e+06,54913.7,-45.1153
rtyp-mff-xtyp,typical,ff,typical,-40,1.8,1.58489e+06,41738.8,-57.5536
rtyp-mff-xtyp,typical,ff,typical,-40,1.8,2.51189e+06,29076.7,-68.0485
rtyp-mff-xtyp,typical,ff,typical,-40,1.8,3.98107e+06,19202.5,-75.7031
rtyp-mff-xtyp,typical,ff,typical,-40,1.8,6.30957e+06,12353.2,-80.8531
rtyp-mff-xtyp,typical,ff,typical,-40,1.8,1e+07,7856.46,-84.1881
rtyp-mff-xtyp,typical,ff,typical,-40,1.8,1.58489e+07,4973.02,-86.3102
rtyp-mff-xtyp,typical,ff,typical,-40,1.8,2.51189e+07,3141.89,-87.6466
rtyp-mff-xtyp,typical,ff,typical,-40,1.8,3.98107e+07,1983.59,-88.4784
rtyp-mff-xtyp,typical,ff,typical,-40,1.8,6.30957e+07,1252.1,-88.9849
rtyp-mff-xtyp,typical,ff,typical,-40,1.8,1e+08,790.477,-89.2814
rtyp-mff-xtyp,typical,ff,typical,-40,2.25,100,1.43667e+07,-89.6902
rtyp-mff-xtyp,typical,ff,typical,-40,2.25,158.489,9.06496e+06,-89.5193
rtyp-mff-xtyp,typical,ff,typical,-40,2.25,251.189,5.71991e+06,-89.2446
rtyp-mff-xtyp,typical,ff,typical,-40,2.25,398.107,3.60951e+06,-88.8069
rtyp-mff-xtyp,typical,ff,typical,-40,2.25,630.957,2.27822e+06,-88.1121
rtyp-mff-xtyp,typical,ff,typical,-40,2.25,1000,1.43868e+06,-87.0112
rtyp-mff-xtyp,typical,ff,typical,-40,2.25,1584.89,909675,-85.2709
rtyp-mff-xtyp,typical,ff,typical,-40,2.25,2511.89,577016,-82.5325
rtyp-mff-xtyp,typical,ff,typical,-40,2.25,3981.07,368861,-78.2703
rtyp-mff-xtyp,typical,ff,typical,-40,2.25,6309.57,240157,-71.8062
rtyp-mff-xtyp,typical,ff,typical,-40,2.25,10000,162697,-62.5576
rtyp-mff-xtyp,typical,ff,typical,-40,2.25,15848.9,118519,-50.7614
rtyp-mff-xtyp,typical,ff,typical,-40,2.25,25118.9,95389.1,-38.2190
rtyp-mff-xtyp,typical,ff,typical,-40,2.25,39810.7,84409.8,-27.4948
rtyp-mff-xtyp,typical,ff,typical,-40,2.25,63095.7,79549.9,-20.0918
rtyp-mff-xtyp,typical,ff,typical,-40,2.25,100000,77354.7,-16.1761
rtyp-mff-xtyp,typical,ff,typical,-40,2.25,158489,76024.4,-15.4815
rtyp-mff-xtyp,typical,ff,typical,-40,2.25,251189,74425.8,-17.9349
rtyp-mff-xtyp,typical,ff,typical,-40,2.25,398107,71356.3,-23.7597
rtyp-mff-xtyp,typical,ff,typical,-40,2.25,630957,65227.6,-33.0954
rtyp-mff-xtyp,typical,ff,typical,-40,2.25,1e+06,54914.1,-45.1149
rtyp-mff-xtyp,typical,ff,typical,-40,2.25,1.58489e+06,41738.9,-57.5534
rtyp-mff-xtyp,typical,ff,typical,-40,2.25,2.51189e+06,29076.7,-68.0485
rtyp-mff-xtyp,typical,ff,typical,-40,2.25,3.98107e+06,19202.5,-75.7031
rtyp-mff-xtyp,typical,ff,typical,-40,2.25,6.30957e+06,12353.2,-80.8531
rtyp-mff-xtyp,typical,ff,typical,-40,2.25,1e+07,7856.46,-84.1881
rtyp-mff-xtyp,typical,ff,typical,-40,2.25,1.58489e+07,4973.02,-86.3102
rtyp-mff-xtyp,typical,ff,typical,-40,2.25,2.51189e+07,3141.89,-87.6466
rtyp-mff-xtyp,typical,ff,typical,-40,2.25,3.98107e+07,1983.59,-88.4784
rtyp-mff-xtyp,typical,ff,typical,-40,2.25,6.30957e+07,1252.1,-88.9849
rtyp-mff-xtyp,typical,ff,typical,-40,2.25,1e+08,790.477,-89.2814
rtyp-mff-xtyp,typical,ff,typical,-40,2.7,100,1.43638e+07,-89.6902
rtyp-mff-xtyp,typical,ff,typical,-40,2.7,158.489,9.06315e+06,-89.5192
rtyp-mff-xtyp,typical,ff,typical,-40,2.7,251.189,5.71877e+06,-89.2444
rtyp-mff-xtyp,typical,ff,typical,-40,2.7,398.107,3.60879e+06,-88.8067
rtyp-mff-xtyp,typical,ff,typical,-40,2.7,630.957,2.27776e+06,-88.1117
rtyp-mff-xtyp,typical,ff,typical,-40,2.7,1000,1.43839e+06,-87.0106
rtyp-mff-xtyp,typical,ff,typical,-40,2.7,1584.89,909495,-85.2700
rtyp-mff-xtyp,typical,ff,typical,-40,2.7,2511.89,576902,-82.5310
rtyp-mff-xtyp,typical,ff,typical,-40,2.7,3981.07,368790,-78.2680
rtyp-mff-xtyp,typical,ff,typical,-40,2.7,6309.57,240114,-71.8027
rtyp-mff-xtyp,typical,ff,typical,-40,2.7,10000,162672,-62.5528
rtyp-mff-xtyp,typical,ff,typical,-40,2.7,15848.9,118505,-50.7557
rtyp-mff-xtyp,typical,ff,typical,-40,2.7,25118.9,95382.5,-38.2134
rtyp-mff-xtyp,typical,ff,typical,-40,2.7,39810.7,84407,-27.4903
rtyp-mff-xtyp,typical,ff,typical,-40,2.7,63095.7,79548.9,-20.0886
rtyp-mff-xtyp,typical,ff,typical,-40,2.7,100000,77354.4,-16.1740
rtyp-mff-xtyp,typical,ff,typical,-40,2.7,158489,76024.5,-15.4802
rtyp-mff-xtyp,typical,ff,typical,-40,2.7,251189,74426,-17.9341
rtyp-mff-xtyp,typical,ff,typical,-40,2.7,398107,71356.5,-23.7592
rtyp-mff-xtyp,typical,ff,typical,-40,2.7,630957,65227.7,-33.0952
rtyp-mff-xtyp,typical,ff,typical,-40,2.7,1e+06,54914.2,-45.1147
rtyp-mff-xtyp,typical,ff,typical,-40,2.7,1.58489e+06,41739,-57.5534
rtyp-mff-xtyp,typical,ff,typical,-40,2.7,2.51189e+06,29076.7,-68.0485
rtyp-mff-xtyp,typical,ff,typical,-40,2.7,3.98107e+06,19202.5,-75.7031
rtyp-mff-xtyp,typical,ff,typical,-40,2.7,6.30957e+06,12353.2,-80.8531
rtyp-mff-xtyp,typical,ff,typical,-40,2.7,1e+07,7856.46,-84.1881
rtyp-mff-xtyp,typical,ff,typical,-40,2.7,1.58489e+07,4973.02,-86.3102
rtyp-mff-xtyp,typical,ff,typical,-40,2.7,2.51189e+07,3141.89,-87.6466
rtyp-mff-xtyp,typical,ff,typical,-40,2.7,3.98107e+07,1983.59,-88.4784
rtyp-mff-xtyp,typical,ff,typical,-40,2.7,6.30957e+07,1252.1,-88.9849
rtyp-mff-xtyp,typical,ff,typical,-40,2.7,1e+08,790.477,-89.2814
rtyp-mff-xtyp,typical,ff,typical,27,0.3,100,1.57397e+07,-89.7188
rtyp-mff-xtyp,typical,ff,typical,27,0.3,158.489,9.93122e+06,-89.5655
rtyp-mff-xtyp,typical,ff,typical,27,0.3,251.189,6.26645e+06,-89.3184
rtyp-mff-xtyp,typical,ff,typical,27,0.3,398.107,3.9543e+06,-88.9243
rtyp-mff-xtyp,typical,ff,typical,27,0.3,630.957,2.49568e+06,-88.2983
rtyp-mff-xtyp,typical,ff,typical,27,0.3,1000,1.57576e+06,-87.3061
rtyp-mff-xtyp,typical,ff,typical,27,0.3,1584.89,995961,-85.7366
rtyp-mff-xtyp,typical,ff,typical,27,0.3,2511.89,631134,-83.2635
rtyp-mff-xtyp,typical,ff,typical,27,0.3,3981.07,402506,-79.4017
rtyp-mff-xtyp,typical,ff,typical,27,0.3,6309.57,260635,-73.4993
rtyp-mff-xtyp,typical,ff,typical,27,0.3,10000,174574,-64.9114
rtyp-mff-xtyp,typical,ff,typical,27,0.3,15848.9,124758,-53.6122
rtyp-mff-xtyp,typical,ff,typical,27,0.3,25118.9,98114.3,-41.0546
rtyp-mff-xtyp,typical,ff,typical,27,0.3,39810.7,85195.3,-29.8106
rtyp-mff-xtyp,typical,ff,typical,27,0.3,63095.7,79403.8,-21.7327
rtyp-mff-xtyp,typical,ff,typical,27,0.3,100000,76807.3,-17.2396
rtyp-mff-xtyp,typical,ff,typical,27,0.3,158489,75323.8,-16.1187
rtyp-mff-xtyp,typical,ff,typical,27,0.3,251189,73694,-18.2653
rtyp-mff-xtyp,typical,ff,typical,27,0.3,398107,70678.6,-23.8620
rtyp-mff-xtyp,typical,ff,typical,27,0.3,630957,64688.3,-33.0287
rtyp-mff-xtyp,typical,ff,typical,27,0.3,1e+06,54570.5,-44.9487
rtyp-mff-xtyp,typical,ff,typical,27,0.3,1.58489e+06,41566.2,-57.3677
rtyp-mff-xtyp,typical,ff,typical,27,0.3,2.51189e+06,29000.3,-67.8952
rtyp-mff-xtyp,typical,ff,typical,27,0.3,3.98107e+06,19167.5,-75.5943
rtyp-mff-xtyp,typical,ff,typical,27,0.3,6.30957e+06,12335.2,-80.7810
rtyp-mff-xtyp,typical,ff,typical,27,0.3,1e+07,7846.23,-84.1418
rtyp-mff-xtyp,typical,ff,typical,27,0.3,1.58489e+07,4966.86,-86.2809
rtyp-mff-xtyp,typical,ff,typical,27,0.3,2.51189e+07,3138.07,-87.6283
rtyp-mff-xtyp,typical,ff,typical,27,0.3,3.98107e+07,1981.2,-88.4672
rtyp-mff-xtyp,typical,ff,typical,27,0.3,6.30957e+07,1250.58,-88.9783
rtyp-mff-xtyp,typical,ff,typical,27,0.3,1e+08,789.518,-89.2779
rtyp-mff-xtyp,typical,ff,typical,27,0.9,100,1.45921e+07,-89.6976
rtyp-mff-xtyp,typical,ff,typical,27,0.9,158.489,9.20716e+06,-89.5311
rtyp-mff-xtyp,typical,ff,typical,27,0.9,251.189,5.80962e+06,-89.2634
rtyp-mff-xtyp,typical,ff,typical,27,0.9,398.107,3.66609e+06,-88.8368
rtyp-mff-xtyp,typical,ff,typical,27,0.9,630.957,2.31389e+06,-88.1594
rtyp-mff-xtyp,typical,ff,typical,27,0.9,1000,1.46115e+06,-87.0861
rtyp-mff-xtyp,typical,ff,typical,27,0.9,1584.89,923787,-85.3891
rtyp-mff-xtyp,typical,ff,typical,27,0.9,2511.89,585816,-82.7180
rtyp-mff-xtyp,typical,ff,typical,27,0.9,3981.07,374254,-78.5567
rtyp-mff-xtyp,typical,ff,typical,27,0.9,6309.57,243320,-72.2330
rtyp-mff-xtyp,typical,ff,typical,27,0.9,10000,164355,-63.1454
rtyp-mff-xtyp,typical,ff,typical,27,0.9,15848.9,119148,-51.4619
rtyp-mff-xtyp,typical,ff,typical,27,0.9,25118.9,95352.9,-38.9004
rtyp-mff-xtyp,typical,ff,typical,27,0.9,39810.7,84000.2,-28.0370
rtyp-mff-xtyp,typical,ff,typical,27,0.9,63095.7,78961.2,-20.4611
rtyp-mff-xtyp,typical,ff,typical,27,0.9,100000,76692.2,-16.3950
rtyp-mff-xtyp,typical,ff,typical,27,0.9,158489,75342.6,-15.5806
rtyp-mff-xtyp,typical,ff,typical,27,0.9,251189,73762.6,-17.9340
rtyp-mff-xtyp,typical,ff,typical,27,0.9,398107,70757.4,-23.6683
rtyp-mff-xtyp,typical,ff,typical,27,0.9,630957,64754.4,-32.9263
rtyp-mff-xtyp,typical,ff,typical,27,0.9,1e+06,54611.5,-44.9030
rtyp-mff-xtyp,typical,ff,typical,27,0.9,1.58489e+06,41584.6,-57.3512
rtyp-mff-xtyp,typical,ff,typical,27,0.9,2.51189e+06,29006.5,-67.8903
rtyp-mff-xtyp,typical,ff,typical,27,0.9,3.98107e+06,19169.3,-75.5931
rtyp-mff-xtyp,typical,ff,typical,27,0.9,6.30957e+06,12335.7,-80.7808
rtyp-mff-xtyp,typical,ff,typical,27,0.9,1e+07,7846.35,-84.1418
rtyp-mff-xtyp,typical,ff,typical,27,0.9,1.58489e+07,4966.89,-86.2809
rtyp-mff-xtyp,typical,ff,typical,27,0.9,2.51189e+07,3138.08,-87.6283
rtyp-mff-xtyp,typical,ff,typical,27,0.9,3.98107e+07,1981.2,-88.4672
rtyp-mff-xtyp,typical,ff,typical,27,0.9,6.30957e+07,1250.58,-88.9783
rtyp-mff-xtyp,typical,ff,typical,27,0.9,1e+08,789.518,-89.2779
rtyp-mff-xtyp,typical,ff,typical,27,1.35,100,1.44215e+07,-89.6941
rtyp-mff-xtyp,typical,ff,typical,27,1.35,158.489,9.09951e+06,-89.5255
rtyp-mff-xtyp,typical,ff,typical,27,1.35,251.189,5.7417e+06,-89.2544
rtyp-mff-xtyp,typical,ff,typical,27,1.35,398.107,3.62324e+06,-88.8225
rtyp-mff-xtyp,typical,ff,typical,27,1.35,630.957,2.28687e+06,-88.1369
rtyp-mff-xtyp,typical,ff,typical,27,1.35,1000,1.44411e+06,-87.0504
rtyp-mff-xtyp,typical,ff,typical,27,1.35,1584.89,913059,-85.3328
rtyp-mff-xtyp,typical,ff,typical,27,1.35,2511.89,579084,-82.6296
rtyp-mff-xtyp,typical,ff,typical,27,1.35,3981.07,370061,-78.4201
rtyp-mff-xtyp,typical,ff,typical,27,1.35,6309.57,240756,-72.0292
rtyp-mff-xtyp,typical,ff,typical,27,1.35,10000,162850,-62.8640
rtyp-mff-xtyp,typical,ff,typical,27,1.35,15848.9,118329,-51.1248
rtyp-mff-xtyp,typical,ff,typical,27,1.35,25118.9,94954.3,-38.5696
rtyp-mff-xtyp,typical,ff,typical,27,1.35,39810.7,83829.5,-27.7690
rtyp-mff-xtyp,typical,ff,typical,27,1.35,63095.7,78898.8,-20.2708
rtyp-mff-xtyp,typical,ff,typical,27,1.35,100000,76676.6,-16.2692
rtyp-mff-xtyp,typical,ff,typical,27,1.35,158489,75346,-15.5006
rtyp-mff-xtyp,typical,ff,typical,27,1.35,251189,73773,-17.8848
rtyp-mff-xtyp,typical,ff,typical,27,1.35,398107,70769.2,-23.6396
rtyp-mff-xtyp,typical,ff,typical,27,1.35,630957,64764.3,-32.9111
rtyp-mff-xtyp,typical,ff,typical,27,1.35,1e+06,54617.6,-44.8962
rtyp-mff-xtyp,typical,ff,typical,27,1.35,1.58489e+06,41587.3,-57.3488
rtyp-mff-xtyp,typical,ff,typical,27,1.35,2.51189e+06,29007.5,-67.8896
rtyp-mff-xtyp,typical,ff,typical,27,1.35,3.98107e+06,19169.6,-75.5929
rtyp-mff-xtyp,typical,ff,typical,27,1.35,6.30957e+06,12335.8,-80.7807
rtyp-mff-xtyp,typical,ff,typical,27,1.35,1e+07,7846.37,-84.1418
rtyp-mff-xtyp,typical,ff,typical,27,1.35,1.58489e+07,4966.89,-86.2809
rtyp-mff-xtyp,typical,ff,typical,27,1.35,2.51189e+07,3138.08,-87.6283
rtyp-mff-xtyp,typical,ff,typical,27,1.35,3.98107e+07,1981.2,-88.4672
rtyp-mff-xtyp,typical,ff,typical,27,1.35,6.30957e+07,1250.58,-88.9784
rtyp-mff-xtyp,typical,ff,typical,27,1.35,1e+08,789.518,-89.2779
rtyp-mff-xtyp,typical,ff,typical,27,1.8,100,1.43776e+07,-89.6932
rtyp-mff-xtyp,typical,ff,typical,27,1.8,158.489,9.07185e+06,-89.5240
rtyp-mff-xtyp,typical,ff,typical,27,1.8,251.189,5.72425e+06,-89.2521
rtyp-mff-xtyp,typical,ff,typical,27,1.8,398.107,3.61223e+06,-88.8188
rtyp-mff-xtyp,typical,ff,typical,27,1.8,630.957,2.27992e+06,-88.1310
rtyp-mff-xtyp,typical,ff,typical,27,1.8,1000,1.43973e+06,-87.0411
rtyp-mff-xtyp,typical,ff,typical,27,1.8,1584.89,910302,-85.3181
rtyp-mff-xtyp,typical,ff,typical,27,1.8,2511.89,577354,-82.6065
rtyp-mff-xtyp,typical,ff,typical,27,1.8,3981.07,368984,-78.3845
rtyp-mff-xtyp,typical,ff,typical,27,1.8,6309.57,240098,-71.9761
rtyp-mff-xtyp,typical,ff,typical,27,1.8,10000,162464,-62.7908
rtyp-mff-xtyp,typical,ff,typical,27,1.8,15848.9,118119,-51.0375
rtyp-mff-xtyp,typical,ff,typical,27,1.8,25118.9,94852.4,-38.4841
rtyp-mff-xtyp,typical,ff,typical,27,1.8,39810.7,83785.9,-27.6999
rtyp-mff-xtyp,typical,ff,typical,27,1.8,63095.7,78882.9,-20.2219
rtyp-mff-xtyp,typical,ff,typical,27,1.8,100000,76672.6,-16.2369
rtyp-mff-xtyp,typical,ff,typical,27,1.8,158489,75346.9,-15.4801
rtyp-mff-xtyp,typical,ff,typical,27,1.8,251189,73775.7,-17.8721
rtyp-mff-xtyp,typical,ff,typical,27,1.8,398107,70772.2,-23.6322
rtyp-mff-xtyp,typical,ff,typical,27,1.8,630957,64766.8,-32.9072
rtyp-mff-xtyp,typical,ff,typical,27,1.8,1e+06,54619.2,-44.8944
rtyp-mff-xtyp,typical,ff,typical,27,1.8,1.58489e+06,41588,-57.3481
rtyp-mff-xtyp,typical,ff,typical,27,1.8,2.51189e+06,29007.7,-67.8894
rtyp-mff-xtyp,typical,ff,typical,27,1.8,3.98107e+06,19169.7,-75.5929
rtyp-mff-xtyp,typical,ff,typical,27,1.8,6.30957e+06,12335.8,-80.7807
rtyp-mff-xtyp,typical,ff,typical,27,1.8,1e+07,7846.37,-84.1418
rtyp-mff-xtyp,typical,ff,typical,27,1.8,1.58489e+07,4966.89,-86.2809
rtyp-mff-xtyp,typical,ff,typical,27,1.8,2.51189e+07,3138.08,-87.6283
rtyp-mff-xtyp,typical,ff,typical,27,1.8,3.98107e+07,1981.2,-88.4672
rtyp-mff-xtyp,typical,ff,typical,27,1.8,6.30957e+07,1250.59,-88.9784
rtyp-mff-xtyp,typical,ff,typical,27,1.8,1e+08,789.518,-89.2779
rtyp-mff-xtyp,typical,ff,typical,27,2.25,100,1.43664e+07,-89.6930
rtyp-mff-xtyp,typical,ff,typical,27,2.25,158.489,9.06476e+06,-89.5237
rtyp-mff-xtyp,typical,ff,typical,27,2.25,251.189,5.71978e+06,-89.2515
rtyp-mff-xtyp,typical,ff,typical,27,2.25,398.107,3.60941e+06,-88.8179
rtyp-mff-xtyp,typical,ff,typical,27,2.25,630.957,2.27814e+06,-88.1295
rtyp-mff-xtyp,typical,ff,typical,27,2.25,1000,1.43861e+06,-87.0387
rtyp-mff-xtyp,typical,ff,typical,27,2.25,1584.89,909597,-85.3143
rtyp-mff-xtyp,typical,ff,typical,27,2.25,2511.89,576911,-82.6006
rtyp-mff-xtyp,typical,ff,typical,27,2.25,3981.07,368708,-78.3753
rtyp-mff-xtyp,typical,ff,typical,27,2.25,6309.57,239930,-71.9625
rtyp-mff-xtyp,typical,ff,typical,27,2.25,10000,162365,-62.7721
rtyp-mff-xtyp,typical,ff,typical,27,2.25,15848.9,118065,-51.0151
rtyp-mff-xtyp,typical,ff,typical,27,2.25,25118.9,94826.3,-38.4622
rtyp-mff-xtyp,typical,ff,typical,27,2.25,39810.7,83774.8,-27.6823
rtyp-mff-xtyp,typical,ff,typical,27,2.25,63095.7,78878.8,-20.2094
rtyp-mff-xtyp,typical,ff,typical,27,2.25,100000,76671.6,-16.2286
rtyp-mff-xtyp,typical,ff,typical,27,2.25,158489,75347.1,-15.4748
rtyp-mff-xtyp,typical,ff,typical,27,2.25,251189,73776.3,-17.8689
rtyp-mff-xtyp,typical,ff,typical,27,2.25,398107,70773,-23.6303
rtyp-mff-xtyp,typical,ff,typical,27,2.25,630957,64767.4,-32.9062
rtyp-mff-xtyp,typical,ff,typical,27,2.25,1e+06,54619.6,-44.8940
rtyp-mff-xtyp,typical,ff,typical,27,2.25,1.58489e+06,41588.2,-57.3480
rtyp-mff-xtyp,typical,ff,typical,27,2.25,2.51189e+06,29007.8,-67.8894
rtyp-mff-xtyp,typical,ff,typical,27,2.25,3.98107e+06,19169.7,-75.5928
rtyp-mff-xtyp,typical,ff,typical,27,2.25,6.30957e+06,12335.8,-80.7807
rtyp-mff-xtyp,typical,ff,typical,27,2.25,1e+07,7846.38,-84.1418
rtyp-mff-xtyp,typical,ff,typical,27,2.25,1.58489e+07,4966.89,-86.2809
rtyp-mff-xtyp,typical,ff,typical,27,2.25,2.51189e+07,3138.08,-87.6283
rtyp-mff-xtyp,typical,ff,typical,27,2.25,3.98107e+07,1981.2,-88.4672
rtyp-mff-xtyp,typical,ff,typical,27,2.25,6.30957e+07,1250.59,-88.9784
rtyp-mff-xtyp,typical,ff,typical,27,2.25,1e+08,789.518,-89.2779
rtyp-mff-xtyp,typical,ff,typical,27,2.7,100,1.43635e+07,-89.6929
rtyp-mff-xtyp,typical,ff,typical,27,2.7,158.489,9.06295e+06,-89.5236
rtyp-mff-xtyp,typical,ff,typical,27,2.7,251.189,5.71864e+06,-89.2514
rtyp-mff-xtyp,typical,ff,typical,27,2.7,398.107,3.60869e+06,-88.8176
rtyp-mff-xtyp,typical,ff,typical,27,2.7,630.957,2.27769e+06,-88.1291
rtyp-mff-xtyp,typical,ff,typical,27,2.7,1000,1.43832e+06,-87.0381
rtyp-mff-xtyp,typical,ff,typical,27,2.7,1584.89,909416,-85.3134
rtyp-mff-xtyp,typical,ff,typical,27,2.7,2511.89,576797,-82.5991
rtyp-mff-xtyp,typical,ff,typical,27,2.7,3981.07,368638,-78.3730
rtyp-mff-xtyp,typical,ff,typical,27,2.7,6309.57,239886,-71.9590
rtyp-mff-xtyp,typical,ff,typical,27,2.7,10000,162340,-62.7672
rtyp-mff-xtyp,typical,ff,typical,27,2.7,15848.9,118052,-51.0093
rtyp-mff-xtyp,typical,ff,typical,27,2.7,25118.9,94819.6,-38.4565
rtyp-mff-xtyp,typical,ff,typical,27,2.7,39810.7,83771.9,-27.6777
rtyp-mff-xtyp,typical,ff,typical,27,2.7,63095.7,78877.8,-20.2062
rtyp-mff-xtyp,typical,ff,typical,27,2.7,100000,76671.3,-16.2265
rtyp-mff-xtyp,typical,ff,typical,27,2.7,158489,75347.2,-15.4735
rtyp-mff-xtyp,typical,ff,typical,27,2.7,251189,73776.5,-17.8681
rtyp-mff-xtyp,typical,ff,typical,27,2.7,398107,70773.2,-23.6298
rtyp-mff-xtyp,typical,ff,typical,27,2.7,630957,64767.6,-32.9060
rtyp-mff-xtyp,typical,ff,typical,27,2.7,1e+06,54619.7,-44.8939
rtyp-mff-xtyp,typical,ff,typical,27,2.7,1.58489e+06,41588.2,-57.3479
rtyp-mff-xtyp,typical,ff,typical,27,2.7,2.51189e+06,29007.8,-67.8894
rtyp-mff-xtyp,typical,ff,typical,27,2.7,3.98107e+06,19169.7,-75.5928
rtyp-mff-xtyp,typical,ff,typical,27,2.7,6.30957e+06,12335.8,-80.7807
rtyp-mff-xtyp,typical,ff,typical,27,2.7,1e+07,7846.38,-84.1418
rtyp-mff-xtyp,typical,ff,typical,27,2.7,1.58489e+07,4966.89,-86.2809
rtyp-mff-xtyp,typical,ff,typical,27,2.7,2.51189e+07,3138.08,-87.6283
rtyp-mff-xtyp,typical,ff,typical,27,2.7,3.98107e+07,1981.2,-88.4672
rtyp-mff-xtyp,typical,ff,typical,27,2.7,6.30957e+07,1250.59,-88.9784
rtyp-mff-xtyp,typical,ff,typical,27,2.7,1e+08,789.518,-89.2779
rtyp-mff-xtyp,typical,ff,typical,125,0.3,100,1.57394e+07,-89.7194
rtyp-mff-xtyp,typical,ff,typical,125,0.3,158.489,9.93105e+06,-89.5665
rtyp-mff-xtyp,typical,ff,typical,125,0.3,251.189,6.26634e+06,-89.3200
rtyp-mff-xtyp,typical,ff,typical,125,0.3,398.107,3.95423e+06,-88.9268
rtyp-mff-xtyp,typical,ff,typical,125,0.3,630.957,2.49563e+06,-88.3022
rtyp-mff-xtyp,typical,ff,typical,125,0.3,1000,1.57572e+06,-87.3122
rtyp-mff-xtyp,typical,ff,typical,125,0.3,1584.89,995931,-85.7462
rtyp-mff-xtyp,typical,ff,typical,125,0.3,2511.89,631103,-83.2787
rtyp-mff-xtyp,typical,ff,typical,125,0.3,3981.07,402467,-79.4251
rtyp-mff-xtyp,typical,ff,typical,125,0.3,6309.57,260581,-73.5346
rtyp-mff-xtyp,typical,ff,typical,125,0.3,10000,174497,-64.9610
rtyp-mff-xtyp,typical,ff,typical,125,0.3,15848.9,124653,-53.6732
rtyp-mff-xtyp,typical,ff,typical,125,0.3,25118.9,97981.9,-41.1162
rtyp-mff-xtyp,typical,ff,typical,125,0.3,39810.7,85043.5,-29.8606
rtyp-mff-xtyp,typical,ff,typical,125,0.3,63095.7,79241.7,-21.7663
rtyp-mff-xtyp,typical,ff,typical,125,0.3,100000,76641.2,-17.2578
rtyp-mff-xtyp,typical,ff,typical,125,0.3,158489,75158.2,-16.1235
rtyp-mff-xtyp,typical,ff,typical,125,0.3,251189,73533.7,-18.2577
rtyp-mff-xtyp,typical,ff,typical,125,0.3,398107,70531.3,-23.8419
rtyp-mff-xtyp,typical,ff,typical,125,0.3,630957,64566,-32.9973
rtyp-mff-xtyp,typical,ff,typical,125,0.3,1e+06,54483.4,-44.9111
rtyp-mff-xtyp,typical,ff,typical,125,0.3,1.58489e+06,41512.6,-57.3323
rtyp-mff-xtyp,typical,ff,typical,125,0.3,2.51189e+06,28969.2,-67.8677
rtyp-mff-xtyp,typical,ff,typical,125,0.3,3.98107e+06,19149.2,-75.5752
rtyp-mff-xtyp,typical,ff,typical,125,0.3,6.30957e+06,12324.1,-80.7684
rtyp-mff-xtyp,typical,ff,typical,125,0.3,1e+07,7839.33,-84.1338
rtyp-mff-xtyp,typical,ff,typical,125,0.3,1.58489e+07,4962.53,-86.2758
rtyp-mff-xtyp,typical,ff,typical,125,0.3,2.51189e+07,3135.35,-87.6252
rtyp-mff-xtyp,typical,ff,typical,125,0.3,3.98107e+07,1979.48,-88.4653
rtyp-mff-xtyp,typical,ff,typical,125,0.3,6.30957e+07,1249.5,-88.9773
rtyp-mff-xtyp,typical,ff,typical,125,0.3,1e+08,788.833,-89.2774
rtyp-mff-xtyp,typical,ff,typical,125,0.9,100,1.45918e+07,-89.6982
rtyp-mff-xtyp,typical,ff,typical,125,0.9,158.489,9.20702e+06,-89.5321
rtyp-mff-xtyp,typical,ff,typical,125,0.9,251.189,5.80953e+06,-89.2650
rtyp-mff-xtyp,typical,ff,typical,125,0.9,398.107,3.66603e+06,-88.8394
rtyp-mff-xtyp,typical,ff,typical,125,0.9,630.957,2.31385e+06,-88.1636
rtyp-mff-xtyp,typical,ff,typical,125,0.9,1000,1.46111e+06,-87.0927
rtyp-mff-xtyp,typical,ff,typical,125,0.9,1584.89,923758,-85.3996
rtyp-mff-xtyp,typical,ff,typical,125,0.9,2511.89,585785,-82.7343
rtyp-mff-xtyp,typical,ff,typical,125,0.9,3981.07,374214,-78.5820
rtyp-mff-xtyp,typical,ff,typical,125,0.9,6309.57,243263,-72.2706
rtyp-mff-xtyp,typical,ff,typical,125,0.9,10000,164274,-63.1974
rtyp-mff-xtyp,typical,ff,typical,125,0.9,15848.9,119038,-51.5240
rtyp-mff-xtyp,typical,ff,typical,125,0.9,25118.9,95216.5,-38.9609
rtyp-mff-xtyp,typical,ff,typical,125,0.9,39810.7,83845.9,-28.0846
rtyp-mff-xtyp,typical,ff,typical,125,0.9,63095.7,78797.8,-20.4924
rtyp-mff-xtyp,typical,ff,typical,125,0.9,100000,76525.5,-16.4114
rtyp-mff-xtyp,typical,ff,typical,125,0.9,158489,75176.6,-15.5842
rtyp-mff-xtyp,typical,ff,typical,125,0.9,251189,73601.9,-17.9255
rtyp-mff-xtyp,typical,ff,typical,125,0.9,398107,70610,-23.6478
rtyp-mff-xtyp,typical,ff,typical,125,0.9,630957,64632,-32.8946
rtyp-mff-xtyp,typical,ff,typical,125,0.9,1e+06,54524.4,-44.8652
rtyp-mff-xtyp,typical,ff,typical,125,0.9,1.58489e+06,41531,-57.3158
rtyp-mff-xtyp,typical,ff,typical,125,0.9,2.51189e+06,28975.5,-67.8628
rtyp-mff-xtyp,typical,ff,typical,125,0.9,3.98107e+06,19151,-75.5740
rtyp-mff-xtyp,typical,ff,typical,125,0.9,6.30957e+06,12324.6,-80.7682
rtyp-mff-xtyp,typical,ff,typical,125,0.9,1e+07,7839.45,-84.1338
rtyp-mff-xtyp,typical,ff,typical,125,0.9,1.58489e+07,4962.56,-86.2759
rtyp-mff-xtyp,typical,ff,typical,125,0.9,2.51189e+07,3135.36,-87.6252
rtyp-mff-xtyp,typical,ff,typical,125,0.9,3.98107e+07,1979.49,-88.4653
rtyp-mff-xtyp,typical,ff,typical,125,0.9,6.30957e+07,1249.5,-88.9773
rtyp-mff-xtyp,typical,ff,typical,125,0.9,1e+08,788.833,-89.2774
rtyp-mff-xtyp,typical,ff,typical,125,1.35,100,1.44212e+07,-89.6948
rtyp-mff-xtyp,typical,ff,typical,125,1.35,158.489,9.09936e+06,-89.5265
rtyp-mff-xtyp,typical,ff,typical,125,1.35,251.189,5.74161e+06,-89.2561
rtyp-mff-xtyp,typical,ff,typical,125,1.35,398.107,3.62318e+06,-88.8252
rtyp-mff-xtyp,typical,ff,typical,125,1.35,630.957,2.28682e+06,-88.1411
rtyp-mff-xtyp,typical,ff,typical,125,1.35,1000,1.44408e+06,-87.0571
rtyp-mff-xtyp,typical,ff,typical,125,1.35,1584.89,913031,-85.3433
rtyp-mff-xtyp,typical,ff,typical,125,1.35,2511.89,579052,-82.6461
rtyp-mff-xtyp,typical,ff,typical,125,1.35,3981.07,370020,-78.4456
rtyp-mff-xtyp,typical,ff,typical,125,1.35,6309.57,240699,-72.0672
rtyp-mff-xtyp,typical,ff,typical,125,1.35,10000,162769,-62.9163
rtyp-mff-xtyp,typical,ff,typical,125,1.35,15848.9,118218,-51.1871
rtyp-mff-xtyp,typical,ff,typical,125,1.35,25118.9,94817.3,-38.6298
rtyp-mff-xtyp,typical,ff,typical,125,1.35,39810.7,83674.8,-27.8163
rtyp-mff-xtyp,typical,ff,typical,125,1.35,63095.7,78735.2,-20.3018
rtyp-mff-xtyp,typical,ff,typical,125,1.35,100000,76509.8,-16.2854
rtyp-mff-xtyp,typical,ff,typical,125,1.35,158489,75180,-15.5040
rtyp-mff-xtyp,typical,ff,typical,125,1.35,251189,73612.3,-17.8762
rtyp-mff-xtyp,typical,ff,typical,125,1.35,398107,70621.7,-23.6190
rtyp-mff-xtyp,typical,ff,typical,125,1.35,630957,64641.9,-32.8794
rtyp-mff-xtyp,typical,ff,typical,125,1.35,1e+06,54530.5,-44.8584
rtyp-mff-xtyp,typical,ff,typical,125,1.35,1.58489e+06,41533.7,-57.3133
rtyp-mff-xtyp,typical,ff,typical,125,1.35,2.51189e+06,28976.4,-67.8621
rtyp-mff-xtyp,typical,ff,typical,125,1.35,3.98107e+06,19151.3,-75.5738
rtyp-mff-xtyp,typical,ff,typical,125,1.35,6.30957e+06,12324.6,-80.7682
rtyp-mff-xtyp,typical,ff,typical,125,1.35,1e+07,7839.47,-84.1338
rtyp-mff-xtyp,typical,ff,typical,125,1.35,1.58489e+07,4962.57,-86.2759
rtyp-mff-xtyp,typical,ff,typical,125,1.35,2.51189e+07,3135.36,-87.6252
rtyp-mff-xtyp,typical,ff,typical,125,1.35,3.98107e+07,1979.49,-88.4653
rtyp-mff-xtyp,typical,ff,typical,125,1.35,6.30957e+07,1249.5,-88.9773
rtyp-mff-xtyp,typical,ff,typical,125,1.35,1e+08,788.833,-89.2774
rtyp-mff-xtyp,typical,ff,typical,125,1.8,100,1.43774e+07,-89.6939
rtyp-mff-xtyp,typical,ff,typical,125,1.8,158.489,9.0717e+06,-89.5251
rtyp-mff-xtyp,typical,ff,typical,125,1.8,251.189,5.72416e+06,-89.2538
rtyp-mff-xtyp,typical,ff,typical,125,1.8,398.107,3.61217e+06,-88.8215
rtyp-mff-xtyp,typical,ff,typical,125,1.8,630.957,2.27988e+06,-88.1352
rtyp-mff-xtyp,typical,ff,typical,125,1.8,1000,1.4397e+06,-87.0478
rtyp-mff-xtyp,typical,ff,typical,125,1.8,1584.89,910274,-85.3287
rtyp-mff-xtyp,typical,ff,typical,125,1.8,2511.89,577322,-82.6231
rtyp-mff-xtyp,typical,ff,typical,125,1.8,3981.07,368943,-78.4101
rtyp-mff-xtyp,typical,ff,typical,125,1.8,6309.57,240041,-72.0142
rtyp-mff-xtyp,typical,ff,typical,125,1.8,10000,162382,-62.8433
rtyp-mff-xtyp,typical,ff,typical,125,1.8,15848.9,118008,-51.0998
rtyp-mff-xtyp,typical,ff,typical,125,1.8,25118.9,94715.2,-38.5443
rtyp-mff-xtyp,typical,ff,typical,125,1.8,39810.7,83631.2,-27.7471
rtyp-mff-xtyp,typical,ff,typical,125,1.8,63095.7,78719.2,-20.2527
rtyp-mff-xtyp,typical,ff,typical,125,1.8,100000,76505.8,-16.2530
rtyp-mff-xtyp,typical,ff,typical,125,1.8,158489,75180.8,-15.4834
rtyp-mff-xtyp,typical,ff,typical,125,1.8,251189,73615,-17.8635
rtyp-mff-xtyp,typical,ff,typical,125,1.8,398107,70624.8,-23.6116
rtyp-mff-xtyp,typical,ff,typical,125,1.8,630957,64644.4,-32.8755
rtyp-mff-xtyp,typical,ff,typical,125,1.8,1e+06,54532.1,-44.8567
rtyp-mff-xtyp,typical,ff,typical,125,1.8,1.58489e+06,41534.4,-57.3127
rtyp-mff-xtyp,typical,ff,typical,125,1.8,2.51189e+06,28976.6,-67.8619
rtyp-mff-xtyp,typical,ff,typical,125,1.8,3.98107e+06,19151.4,-75.5738
rtyp-mff-xtyp,typical,ff,typical,125,1.8,6.30957e+06,12324.6,-80.7682
rtyp-mff-xtyp,typical,ff,typical,125,1.8,1e+07,7839.47,-84.1338
rtyp-mff-xtyp,typical,ff,typical,125,1.8,1.58489e+07,4962.57,-86.2759
rtyp-mff-xtyp,typical,ff,typical,125,1.8,2.51189e+07,3135.36,-87.6252
rtyp-mff-xtyp,typical,ff,typical,125,1.8,3.98107e+07,1979.49,-88.4653
rtyp-mff-xtyp,typical,ff,typical,125,1.8,6.30957e+07,1249.5,-88.9773
rtyp-mff-xtyp,typical,ff,typical,125,1.8,1e+08,788.833,-89.2774
rtyp-mff-xtyp,typical,ff,typical,125,2.25,100,1.43662e+07,-89.6937
rtyp-mff-xtyp,typical,ff,typical,125,2.25,158.489,9.06462e+06,-89.5247
rtyp-mff-xtyp,typical,ff,typical,125,2.25,251.189,5.71969e+06,-89.2532
rtyp-mff-xtyp,typical,ff,typical,125,2.25,398.107,3.60935e+06,-88.8206
rtyp-mff-xtyp,typical,ff,typical,125,2.25,630.957,2.2781e+06,-88.1337
rtyp-mff-xtyp,typical,ff,typical,125,2.25,1000,1.43858e+06,-87.0454
rtyp-mff-xtyp,typical,ff,typical,125,2.25,1584.89,909568,-85.3249
rtyp-mff-xtyp,typical,ff,typical,125,2.25,2511.89,576879,-82.6172
rtyp-mff-xtyp,typical,ff,typical,125,2.25,3981.07,368667,-78.4009
rtyp-mff-xtyp,typical,ff,typical,125,2.25,6309.57,239872,-72.0006
rtyp-mff-xtyp,typical,ff,typical,125,2.25,10000,162284,-62.8245
rtyp-mff-xtyp,typical,ff,typical,125,2.25,15848.9,117954,-51.0774
rtyp-mff-xtyp,typical,ff,typical,125,2.25,25118.9,94689.1,-38.5224
rtyp-mff-xtyp,typical,ff,typical,125,2.25,39810.7,83620,-27.7294
rtyp-mff-xtyp,typical,ff,typical,125,2.25,63095.7,78715.1,-20.2402
rtyp-mff-xtyp,typical,ff,typical,125,2.25,100000,76504.8,-16.2447
rtyp-mff-xtyp,typical,ff,typical,125,2.25,158489,75181.1,-15.4781
rtyp-mff-xtyp,typical,ff,typical,125,2.25,251189,73615.7,-17.8603
rtyp-mff-xtyp,typical,ff,typical,125,2.25,398107,70625.6,-23.6097
rtyp-mff-xtyp,typical,ff,typical,125,2.25,630957,64645.1,-32.8745
rtyp-mff-xtyp,typical,ff,typical,125,2.25,1e+06,54532.5,-44.8562
rtyp-mff-xtyp,typical,ff,typical,125,2.25,1.58489e+06,41534.6,-57.3126
rtyp-mff-xtyp,typical,ff,typical,125,2.25,2.51189e+06,28976.7,-67.8618
rtyp-mff-xtyp,typical,ff,typical,125,2.25,3.98107e+06,19151.4,-75.5737
rtyp-mff-xtyp,typical,ff,typical,125,2.25,6.30957e+06,12324.7,-80.7682
rtyp-mff-xtyp,typical,ff,typical,125,2.25,1e+07,7839.48,-84.1338
rtyp-mff-xtyp,typical,ff,typical,125,2.25,1.58489e+07,4962.57,-86.2759
rtyp-mff-xtyp,typical,ff,typical,125,2.25,2.51189e+07,3135.36,-87.6252
rtyp-mff-xtyp,typical,ff,typical,125,2.25,3.98107e+07,1979.49,-88.4653
rtyp-mff-xtyp,typical,ff,typical,125,2.25,6.30957e+07,1249.5,-88.9773
rtyp-mff-xtyp,typical,ff,typical,125,2.25,1e+08,788.833,-89.2774
rtyp-mff-xtyp,typical,ff,typical,125,2.7,100,1.43633e+07,-89.6936
rtyp-mff-xtyp,typical,ff,typical,125,2.7,158.489,9.06281e+06,-89.5246
rtyp-mff-xtyp,typical,ff,typical,125,2.7,251.189,5.71854e+06,-89.2530
rtyp-mff-xtyp,typical,ff,typical,125,2.7,398.107,3.60863e+06,-88.8203
rtyp-mff-xtyp,typical,ff,typical,125,2.7,630.957,2.27765e+06,-88.1333
rtyp-mff-xtyp,typical,ff,typical,125,2.7,1000,1.43829e+06,-87.0448
rtyp-mff-xtyp,typical,ff,typical,125,2.7,1584.89,909388,-85.3239
rtyp-mff-xtyp,typical,ff,typical,125,2.7,2511.89,576766,-82.6157
rtyp-mff-xtyp,typical,ff,typical,125,2.7,3981.07,368597,-78.3986
rtyp-mff-xtyp,typical,ff,typical,125,2.7,6309.57,239829,-71.9971
rtyp-mff-xtyp,typical,ff,typical,125,2.7,10000,162258,-62.8197
rtyp-mff-xtyp,typical,ff,typical,125,2.7,15848.9,117941,-51.0716
rtyp-mff-xtyp,typical,ff,typical,125,2.7,25118.9,94682.4,-38.5167
rtyp-mff-xtyp,typical,ff,typical,125,2.7,39810.7,83617.2,-27.7249
rtyp-mff-xtyp,typical,ff,typical,125,2.7,63095.7,78714.1,-20.2370
rtyp-mff-xtyp,typical,ff,typical,125,2.7,100000,76504.5,-16.2426
rtyp-mff-xtyp,typical,ff,typical,125,2.7,158489,75181.1,-15.4768
rtyp-mff-xtyp,typical,ff,typical,125,2.7,251189,73615.9,-17.8594
rtyp-mff-xtyp,typical,ff,typical,125,2.7,398107,70625.8,-23.6092
rtyp-mff-xtyp,typical,ff,typical,125,2.7,630957,64645.2,-32.8742
rtyp-mff-xtyp,typical,ff,typical,125,2.7,1e+06,54532.6,-44.8561
rtyp-mff-xtyp,typical,ff,typical,125,2.7,1.58489e+06,41534.7,-57.3125
rtyp-mff-xtyp,typical,ff,typical,125,2.7,2.51189e+06,28976.7,-67.8618
rtyp-mff-xtyp,typical,ff,typical,125,2.7,3.98107e+06,19151.4,-75.5737
rtyp-mff-xtyp,typical,ff,typical,125,2.7,6.30957e+06,12324.7,-80.7682
rtyp-mff-xtyp,typical,ff,typical,125,2.7,1e+07,7839.48,-84.1338
rtyp-mff-xtyp,typical,ff,typical,125,2.7,1.58489e+07,4962.57,-86.2759
rtyp-mff-xtyp,typical,ff,typical,125,2.7,2.51189e+07,3135.36,-87.6252
rtyp-mff-xtyp,typical,ff,typical,125,2.7,3.98107e+07,1979.49,-88.4653
rtyp-mff-xtyp,typical,ff,typical,125,2.7,6.30957e+07,1249.5,-88.9773
rtyp-mff-xtyp,typical,ff,typical,125,2.7,1e+08,788.833,-89.2774
rtyp-mss-xff,typical,ss,ff,-40,0.3,100,1.29472e+07,-89.6562
rtyp-mss-xff,typical,ss,ff,-40,0.3,158.489,8.16933e+06,-89.4643
rtyp-mss-xff,typical,ss,ff,-40,0.3,251.189,5.15484e+06,-89.1568
rtyp-mss-xff,typical,ss,ff,-40,0.3,398.107,3.25303e+06,-88.6675
rtyp-mss-xff,typical,ss,ff,-40,0.3,630.957,2.05338e+06,-87.8910
rtyp-mss-xff,typical,ss,ff,-40,0.3,1000,1.29696e+06,-86.6613
rtyp-mss-xff,typical,ss,ff,-40,0.3,1584.89,820483,-84.7189
rtyp-mss-xff,typical,ss,ff,-40,0.3,2511.89,521093,-81.6676
rtyp-mss-xff,typical,ss,ff,-40,0.3,3981.07,334120,-76.9382
rtyp-mss-xff,typical,ss,ff,-40,0.3,6309.57,219038,-69.8346
rtyp-mss-xff,typical,ss,ff,-40,0.3,10000,150449,-59.8762
rtyp-mss-xff,typical,ss,ff,-40,0.3,15848.9,112004,-47.6195
rtyp-mss-xff,typical,ss,ff,-40,0.3,25118.9,92340.4,-35.1792
rtyp-mss-xff,typical,ss,ff,-40,0.3,39810.7,83207.3,-24.9864
rtyp-mss-xff,typical,ss,ff,-40,0.3,63095.7,79222.2,-18.1465
rtyp-mss-xff,typical,ss,ff,-40,0.3,100000,77433.7,-14.5862
rtyp-mss-xff,typical,ss,ff,-40,0.3,158489,76347.6,-13.9751
rtyp-mss-xff,typical,ss,ff,-40,0.3,251189,75027.4,-16.2370
rtyp-mss-xff,typical,ss,ff,-40,0.3,398107,72446.8,-21.6258
rtyp-mss-xff,typical,ss,ff,-40,0.3,630957,67128.6,-30.4232
rtyp-mss-xff,typical,ss,ff,-40,0.3,1e+06,57700.5,-42.1381
rtyp-mss-xff,typical,ss,ff,-40,0.3,1.58489e+06,44844.9,-54.7995
rtyp-mss-xff,typical,ss,ff,-40,0.3,2.51189e+06,31754,-65.9058
rtyp-mss-xff,typical,ss,ff,-40,0.3,3.98107e+06,21157.8,-74.2115
rtyp-mss-xff,typical,ss,ff,-40,0.3,6.30957e+06,13666.8,-79.8709
rtyp-mss-xff,typical,ss,ff,-40,0.3,1e+07,8706.9,-83.5565
rtyp-mss-xff,typical,ss,ff,-40,0.3,1.58489e+07,5515.23,-85.9073
rtyp-mss-xff,typical,ss,ff,-40,0.3,2.51189e+07,3485.46,-87.3891
rtyp-mss-xff,typical,ss,ff,-40,0.3,3.98107e+07,2200.77,-88.3118
rtyp-mss-xff,typical,ss,ff,-40,0.3,6.30957e+07,1389.28,-88.8737
rtyp-mss-xff,typical,ss,ff,-40,0.3,1e+08,877.149,-89.2027
rtyp-mss-xff,typical,ss,ff,-40,0.9,100,1.19985e+07,-89.6297
rtyp-mss-xff,typical,ss,ff,-40,0.9,158.489,7.57077e+06,-89.4216
rtyp-mss-xff,typical,ss,ff,-40,0.9,251.189,4.77721e+06,-89.0888
rtyp-mss-xff,typical,ss,ff,-40,0.9,398.107,3.0148e+06,-88.5594
rtyp-mss-xff,typical,ss,ff,-40,0.9,630.957,1.90314e+06,-87.7196
rtyp-mss-xff,typical,ss,ff,-40,0.9,1000,1.20228e+06,-86.3902
rtyp-mss-xff,typical,ss,ff,-40,0.9,1584.89,760916,-84.2916
rtyp-mss-xff,typical,ss,ff,-40,0.9,2511.89,483781,-80.9999
rtyp-mss-xff,typical,ss,ff,-40,0.9,3981.07,310994,-75.9160
rtyp-mss-xff,typical,ss,ff,-40,0.9,6309.57,205053,-68.3425
rtyp-mss-xff,typical,ss,ff,-40,0.9,10000,142413,-57.9027
rtyp-mss-xff,typical,ss,ff,-40,0.9,15848.9,107778,-45.4097
rtyp-mss-xff,typical,ss,ff,-40,0.9,25118.9,90360,-33.1633
rtyp-mss-xff,typical,ss,ff,-40,0.9,39810.7,82385.5,-23.4406
rtyp-mss-xff,typical,ss,ff,-40,0.9,63095.7,78929.6,-17.0812
rtyp-mss-xff,typical,ss,ff,-40,0.9,100000,77365.2,-13.8911
rtyp-mss-xff,typical,ss,ff,-40,0.9,158489,76369.5,-13.5347
rtyp-mss-xff,typical,ss,ff,-40,0.9,251189,75082.9,-15.9652
rtyp-mss-xff,typical,ss,ff,-40,0.9,398107,72509.4,-21.4652
rtyp-mss-xff,typical,ss,ff,-40,0.9,630957,67182.4,-30.3363
rtyp-mss-xff,typical,ss,ff,-40,0.9,1e+06,57735.7,-42.0978
rtyp-mss-xff,typical,ss,ff,-40,0.9,1.58489e+06,44861.6,-54.7844
rtyp-mss-xff,typical,ss,ff,-40,0.9,2.51189e+06,31759.9,-65.9012
rtyp-mss-xff,typical,ss,ff,-40,0.9,3.98107e+06,21159.6,-74.2103
rtyp-mss-xff,typical,ss,ff,-40,0.9,6.30957e+06,13667.2,-79.8706
rtyp-mss-xff,typical,ss,ff,-40,0.9,1e+07,8707.03,-83.5565
rtyp-mss-xff,typical,ss,ff,-40,0.9,1.58489e+07,5515.27,-85.9073
rtyp-mss-xff,typical,ss,ff,-40,0.9,2.51189e+07,3485.47,-87.3892
rtyp-mss-xff,typical,ss,ff,-40,0.9,3.98107e+07,2200.77,-88.3118
rtyp-mss-xff,typical,ss,ff,-40,0.9,6.30957e+07,1389.28,-88.8737
rtyp-mss-xff,typical,ss,ff,-40,0.9,1e+08,877.149,-89.2027
rtyp-mss-xff,typical,ss,ff,-40,1.35,100,1.18575e+07,-89.6254
rtyp-mss-xff,typical,ss,ff,-40,1.35,158.489,7.48182e+06,-89.4147
rtyp-mss-xff,typical,ss,ff,-40,1.35,251.189,4.72109e+06,-89.0777
rtyp-mss-xff,typical,ss,ff,-40,1.35,398.107,2.9794e+06,-88.5418
rtyp-mss-xff,typical,ss,ff,-40,1.35,630.957,1.88082e+06,-87.6918
rtyp-mss-xff,typical,ss,ff,-40,1.35,1000,1.18821e+06,-86.3462
rtyp-mss-xff,typical,ss,ff,-40,1.35,1584.89,752068,-84.2223
rtyp-mss-xff,typical,ss,ff,-40,1.35,2511.89,478242,-80.8918
rtyp-mss-xff,typical,ss,ff,-40,1.35,3981.07,307567,-75.7510
rtyp-mss-xff,typical,ss,ff,-40,1.35,6309.57,202987,-68.1032
rtyp-mss-xff,typical,ss,ff,-40,1.35,10000,141235,-57.5903
rtyp-mss-xff,typical,ss,ff,-40,1.35,15848.9,107164,-45.0666
rtyp-mss-xff,typical,ss,ff,-40,1.35,25118.9,90075.5,-32.8562
rtyp-mss-xff,typical,ss,ff,-40,1.35,39810.7,82268.5,-23.2083
rtyp-mss-xff,typical,ss,ff,-40,1.35,63095.7,78888.5,-16.9222
rtyp-mss-xff,typical,ss,ff,-40,1.35,100000,77356,-13.7877
rtyp-mss-xff,typical,ss,ff,-40,1.35,158489,76373.2,-13.4693
rtyp-mss-xff,typical,ss,ff,-40,1.35,251189,75091.3,-15.9249
rtyp-mss-xff,typical,ss,ff,-40,1.35,398107,72518.7,-21.4414
rtyp-mss-xff,typical,ss,ff,-40,1.35,630957,67190.5,-30.3234
rtyp-mss-xff,typical,ss,ff,-40,1.35,1e+06,57740.9,-42.0918
rtyp-mss-xff,typical,ss,ff,-40,1.35,1.58489e+06,44864,-54.7821
rtyp-mss-xff,typical,ss,ff,-40,1.35,2.51189e+06,31760.8,-65.9006
rtyp-mss-xff,typical,ss,ff,-40,1.35,3.98107e+06,21159.9,-74.2101
rtyp-mss-xff,typical,ss,ff,-40,1.35,6.30957e+06,13667.3,-79.8706
rtyp-mss-xff,typical,ss,ff,-40,1.35,1e+07,8707.04,-83.5565
rtyp-mss-xff,typical,ss,ff,-40,1.35,1.58489e+07,5515.27,-85.9073
rtyp-mss-xff,typical,ss,ff,-40,1.35,2.51189e+07,3485.47,-87.3892
rtyp-mss-xff,typical,ss,ff,-40,1.35,3.98107e+07,2200.77,-88.3118
rtyp-mss-xff,typical,ss,ff,-40,1.35,6.30957e+07,1389.28,-88.8737
rtyp-mss-xff,typical,ss,ff,-40,1.35,1e+08,877.149,-89.2027
rtyp-mss-xff,typical,ss,ff,-40,1.8,100,1.18213e+07,-89.6242
rtyp-mss-xff,typical,ss,ff,-40,1.8,158.489,7.45896e+06,-89.4129
rtyp-mss-xff,typical,ss,ff,-40,1.8,251.189,4.70667e+06,-89.0748
rtyp-mss-xff,typical,ss,ff,-40,1.8,398.107,2.9703e+06,-88.5372
rtyp-mss-xff,typical,ss,ff,-40,1.8,630.957,1.87508e+06,-87.6846
rtyp-mss-xff,typical,ss,ff,-40,1.8,1000,1.18459e+06,-86.3347
rtyp-mss-xff,typical,ss,ff,-40,1.8,1584.89,749794,-84.2042
rtyp-mss-xff,typical,ss,ff,-40,1.8,2511.89,476819,-80.8636
rtyp-mss-xff,typical,ss,ff,-40,1.8,3981.07,306687,-75.7080
rtyp-mss-xff,typical,ss,ff,-40,1.8,6309.57,202457,-68.0409
rtyp-mss-xff,typical,ss,ff,-40,1.8,10000,140932,-57.5092
rtyp-mss-xff,typical,ss,ff,-40,1.8,15848.9,107007,-44.9777
rtyp-mss-xff,typical,ss,ff,-40,1.8,25118.9,90002.8,-32.7770
rtyp-mss-xff,typical,ss,ff,-40,1.8,39810.7,82238.7,-23.1485
rtyp-mss-xff,typical,ss,ff,-40,1.8,63095.7,78878.1,-16.8814
rtyp-mss-xff,typical,ss,ff,-40,1.8,100000,77353.7,-13.7611
rtyp-mss-xff,typical,ss,ff,-40,1.8,158489,76374.1,-13.4525
rtyp-mss-xff,typical,ss,ff,-40,1.8,251189,75093.4,-15.9145
rtyp-mss-xff,typical,ss,ff,-40,1.8,398107,72521.1,-21.4353
rtyp-mss-xff,typical,ss,ff,-40,1.8,630957,67192.5,-30.3201
rtyp-mss-xff,typical,ss,ff,-40,1.8,1e+06,57742.3,-42.0903
rtyp-mss-xff,typical,ss,ff,-40,1.8,1.58489e+06,44864.7,-54.7815
rtyp-mss-xff,typical,ss,ff,-40,1.8,2.51189e+06,31761,-65.9004
rtyp-mss-xff,typical,ss,ff,-40,1.8,3.98107e+06,21159.9,-74.2101
rtyp-mss-xff,typical,ss,ff,-40,1.8,6.30957e+06,13667.3,-79.8706
rtyp-mss-xff,typical,ss,ff,-40,1.8,1e+07,8707.05,-83.5565
rtyp-mss-xff,typical,ss,ff,-40,1.8,1.58489e+07,5515.27,-85.9073
rtyp-mss-xff,typical,ss,ff,-40,1.8,2.51189e+07,3485.47,-87.3892
rtyp-mss-xff,typical,ss,ff,-40,1.8,3.98107e+07,2200.77,-88.3118
rtyp-mss-xff,typical,ss,ff,-40,1.8,6.30957e+07,1389.28,-88.8737
rtyp-mss-xff,typical,ss,ff,-40,1.8,1e+08,877.149,-89.2027
rtyp-mss-xff,typical,ss,ff,-40,2.25,100,1.1812e+07,-89.6240
rtyp-mss-xff,typical,ss,ff,-40,2.25,158.489,7.45311e+06,-89.4124
rtyp-mss-xff,typical,ss,ff,-40,2.25,251.189,4.70297e+06,-89.0741
rtyp-mss-xff,typical,ss,ff,-40,2.25,398.107,2.96797e+06,-88.5361
rtyp-mss-xff,typical,ss,ff,-40,2.25,630.957,1.87361e+06,-87.6827
rtyp-mss-xff,typical,ss,ff,-40,2.25,1000,1.18367e+06,-86.3318
rtyp-mss-xff,typical,ss,ff,-40,2.25,1584.89,749212,-84.1996
rtyp-mss-xff,typical,ss,ff,-40,2.25,2511.89,476455,-80.8563
rtyp-mss-xff,typical,ss,ff,-40,2.25,3981.07,306461,-75.6970
rtyp-mss-xff,typical,ss,ff,-40,2.25,6309.57,202321,-68.0249
rtyp-mss-xff,typical,ss,ff,-40,2.25,10000,140855,-57.4883
rtyp-mss-xff,typical,ss,ff,-40,2.25,15848.9,106967,-44.9550
rtyp-mss-xff,typical,ss,ff,-40,2.25,25118.9,89984.2,-32.7567
rtyp-mss-xff,typical,ss,ff,-40,2.25,39810.7,82231.1,-23.1331
rtyp-mss-xff,typical,ss,ff,-40,2.25,63095.7,78875.4,-16.8709
rtyp-mss-xff,typical,ss,ff,-40,2.25,100000,77353.1,-13.7543
rtyp-mss-xff,typical,ss,ff,-40,2.25,158489,76374.4,-13.4482
rtyp-mss-xff,typical,ss,ff,-40,2.25,251189,75094,-15.9119
rtyp-mss-xff,typical,ss,ff,-40,2.25,398107,72521.7,-21.4337
rtyp-mss-xff,typical,ss,ff,-40,2.25,630957,67193.1,-30.3192
rtyp-mss-xff,typical,ss,ff,-40,2.25,1e+06,57742.6,-42.0899
rtyp-mss-xff,typical,ss,ff,-40,2.25,1.58489e+06,44864.8,-54.7814
rtyp-mss-xff,typical,ss,ff,-40,2.25,2.51189e+06,31761.1,-65.9003
rtyp-mss-xff,typical,ss,ff,-40,2.25,3.98107e+06,21160,-74.2101
rtyp-mss-xff,typical,ss,ff,-40,2.25,6.30957e+06,13667.3,-79.8706
rtyp-mss-xff,typical,ss,ff,-40,2.25,1e+07,8707.05,-83.5565
rtyp-mss-xff,typical,ss,ff,-40,2.25,1.58489e+07,5515.27,-85.9073
rtyp-mss-xff,typical,ss,ff,-40,2.25,2.51189e+07,3485.47,-87.3892
rtyp-mss-xff,typical,ss,ff,-40,2.25,3.98107e+07,2200.77,-88.3118
rtyp-mss-xff,typical,ss,ff,-40,2.25,6.30957e+07,1389.28,-88.8737
rtyp-mss-xff,typical,ss,ff,-40,2.25,1e+08,877.149,-89.2027
rtyp-mss-xff,typical,ss,ff,-40,2.7,100,1.18096e+07,-89.6239
rtyp-mss-xff,typical,ss,ff,-40,2.7,158.489,7.45162e+06,-89.4123
rtyp-mss-xff,typical,ss,ff,-40,2.7,251.189,4.70203e+06,-89.0739
rtyp-mss-xff,typical,ss,ff,-40,2.7,398.107,2.96738e+06,-88.5358
rtyp-mss-xff,typical,ss,ff,-40,2.7,630.957,1.87323e+06,-87.6822
rtyp-mss-xff,typical,ss,ff,-40,2.7,1000,1.18343e+06,-86.3310
rtyp-mss-xff,typical,ss,ff,-40,2.7,1584.89,749063,-84.1984
rtyp-mss-xff,typical,ss,ff,-40,2.7,2511.89,476362,-80.8545
rtyp-mss-xff,typical,ss,ff,-40,2.7,3981.07,306404,-75.6941
rtyp-mss-xff,typical,ss,ff,-40,2.7,6309.57,202287,-68.0208
rtyp-mss-xff,typical,ss,ff,-40,2.7,10000,140835,-57.4830
rtyp-mss-xff,typical,ss,ff,-40,2.7,15848.9,106957,-44.9491
rtyp-mss-xff,typical,ss,ff,-40,2.7,25118.9,89979.5,-32.7515
rtyp-mss-xff,typical,ss,ff,-40,2.7,39810.7,82229.1,-23.1292
rtyp-mss-xff,typical,ss,ff,-40,2.7,63095.7,78874.7,-16.8682
rtyp-mss-xff,typical,ss,ff,-40,2.7,100000,77352.9,-13.7526
rtyp-mss-xff,typical,ss,ff,-40,2.7,158489,76374.4,-13.4471
rtyp-mss-xff,typical,ss,ff,-40,2.7,251189,75094.1,-15.9112
rtyp-mss-xff,typical,ss,ff,-40,2.7,398107,72521.9,-21.4333
rtyp-mss-xff,typical,ss,ff,-40,2.7,630957,67193.2,-30.3190
rtyp-mss-xff,typical,ss,ff,-40,2.7,1e+06,57742.7,-42.0898
rtyp-mss-xff,typical,ss,ff,-40,2.7,1.58489e+06,44864.9,-54.7813
rtyp-mss-xff,typical,ss,ff,-40,2.7,2.51189e+06,31761.1,-65.9003
rtyp-mss-xff,typical,ss,ff,-40,2.7,3.98107e+06,21160,-74.2101
rtyp-mss-xff,typical,ss,ff,-40,2.7,6.30957e+06,13667.3,-79.8706
rtyp-mss-xff,typical,ss,ff,-40,2.7,1e+07,8707.05,-83.5565
rtyp-mss-xff,typical,ss,ff,-40,2.7,1.58489e+07,5515.27,-85.9073
rtyp-mss-xff,typical,ss,ff,-40,2.7,2.51189e+07,3485.47,-87.3892
rtyp-mss-xff,typical,ss,ff,-40,2.7,3.98107e+07,2200.77,-88.3118
rtyp-mss-xff,typical,ss,ff,-40,2.7,6.30957e+07,1389.28,-88.8737
rtyp-mss-xff,typical,ss,ff,-40,2.7,1e+08,877.149,-89.2027
rtyp-mss-xff,typical,ss,ff,27,0.3,100,1.29469e+07,-89.6593
rtyp-mss-xff,typical,ss,ff,27,0.3,158.489,8.16917e+06,-89.4692
rtyp-mss-xff,typical,ss,ff,27,0.3,251.189,5.15474e+06,-89.1646
rtyp-mss-xff,typical,ss,ff,27,0.3,398.107,3.25295e+06,-88.6797
rtyp-mss-xff,typical,ss,ff,27,0.3,630.957,2.05332e+06,-87.9104
rtyp-mss-xff,typical,ss,ff,27,0.3,1000,1.2969e+06,-86.6920
rtyp-mss-xff,typical,ss,ff,27,0.3,1584.89,820403,-84.7672
rtyp-mss-xff,typical,ss,ff,27,0.3,2511.89,520980,-81.7433
rtyp-mss-xff,typical,ss,ff,27,0.3,3981.07,333953,-77.0543
rtyp-mss-xff,typical,ss,ff,27,0.3,6309.57,218789,-70.0050
rtyp-mss-xff,typical,ss,ff,27,0.3,10000,150088,-60.1038
rtyp-mss-xff,typical,ss,ff,27,0.3,15848.9,111522,-47.8772
rtyp-mss-xff,typical,ss,ff,27,0.3,25118.9,91755.1,-35.4147
rtyp-mss-xff,typical,ss,ff,27,0.3,39810.7,82558.5,-25.1614
rtyp-mss-xff,typical,ss,ff,27,0.3,63095.7,78543,-18.2540
rtyp-mss-xff,typical,ss,ff,27,0.3,100000,76744.6,-14.6336
rtyp-mss-xff,typical,ss,ff,27,0.3,158489,75663.3,-13.9686
rtyp-mss-xff,typical,ss,ff,27,0.3,251189,74366.5,-16.1761
rtyp-mss-xff,typical,ss,ff,27,0.3,398107,71842.5,-21.5053
rtyp-mss-xff,typical,ss,ff,27,0.3,630957,66635,-30.2425
rtyp-mss-xff,typical,ss,ff,27,0.3,1e+06,57368.1,-41.9183
rtyp-mss-xff,typical,ss,ff,27,0.3,1.58489e+06,44667.2,-54.5857
rtyp-mss-xff,typical,ss,ff,27,0.3,2.51189e+06,31671.9,-65.7348
rtyp-mss-xff,typical,ss,ff,27,0.3,3.98107e+06,21119.5,-74.0908
rtyp-mss-xff,typical,ss,ff,27,0.3,6.30957e+06,13646.9,-79.7910
rtyp-mss-xff,typical,ss,ff,27,0.3,1e+07,8695.58,-83.5053
rtyp-mss-xff,typical,ss,ff,27,0.3,1.58489e+07,5508.41,-85.8749
rtyp-mss-xff,typical,ss,ff,27,0.3,2.51189e+07,3481.23,-87.3689
rtyp-mss-xff,typical,ss,ff,27,0.3,3.98107e+07,2198.12,-88.2993
rtyp-mss-xff,typical,ss,ff,27,0.3,6.30957e+07,1387.6,-88.8664
rtyp-mss-xff,typical,ss,ff,27,0.3,1e+08,876.085,-89.1987
rtyp-mss-xff,typical,ss,ff,27,0.9,100,1.19983e+07,-89.6330
rtyp-mss-xff,typical,ss,ff,27,0.9,158.489,7.57064e+06,-89.4269
rtyp-mss-xff,typical,ss,ff,27,0.9,251.189,4.77712e+06,-89.0971
rtyp-mss-xff,typical,ss,ff,27,0.9,398.107,3.01473e+06,-88.5726
rtyp-mss-xff,typical,ss,ff,27,0.9,630.957,1.90308e+06,-87.7406
rtyp-mss-xff,typical,ss,ff,27,0.9,1000,1.20221e+06,-86.4234
rtyp-mss-xff,typical,ss,ff,27,0.9,1584.89,760833,-84.3438
rtyp-mss-xff,typical,ss,ff,27,0.9,2511.89,483662,-81.0814
rtyp-mss-xff,typical,ss,ff,27,0.9,3981.07,310816,-76.0405
rtyp-mss-xff,typical,ss,ff,27,0.9,6309.57,204786,-68.5230
rtyp-mss-xff,typical,ss,ff,27,0.9,10000,142032,-58.1385
rtyp-mss-xff,typical,ss,ff,27,0.9,15848.9,107275,-45.6680
rtyp-mss-xff,typical,ss,ff,27,0.9,25118.9,89760.6,-33.3912
rtyp-mss-xff,typical,ss,ff,27,0.9,39810.7,81728.8,-23.6054
rtyp-mss-xff,typical,ss,ff,27,0.9,63095.7,78246.5,-17.1800
rtyp-mss-xff,typical,ss,ff,27,0.9,100000,76674,-13.9323
rtyp-mss-xff,typical,ss,ff,27,0.9,158489,75684.1,-13.5241
rtyp-mss-xff,typical,ss,ff,27,0.9,251189,74421.2,-15.9017
rtyp-mss-xff,typical,ss,ff,27,0.9,398107,71904.6,-21.3430
rtyp-mss-xff,typical,ss,ff,27,0.9,630957,66688.6,-30.1544
rtyp-mss-xff,typical,ss,ff,27,0.9,1e+06,57403.3,-41.8773
rtyp-mss-xff,typical,ss,ff,27,0.9,1.58489e+06,44684,-54.5703
rtyp-mss-xff,typical,ss,ff,27,0.9,2.51189e+06,31677.9,-65.7301
rtyp-mss-xff,typical,ss,ff,27,0.9,3.98107e+06,21121.3,-74.0896
rtyp-mss-xff,typical,ss,ff,27,0.9,6.30957e+06,13647.4,-79.7908
rtyp-mss-xff,typical,ss,ff,27,0.9,1e+07,8695.71,-83.5053
rtyp-mss-xff,typical,ss,ff,27,0.9,1.58489e+07,5508.44,-85.8749
rtyp-mss-xff,typical,ss,ff,27,0.9,2.51189e+07,3481.24,-87.3689
rtyp-mss-xff,typical,ss,ff,27,0.9,3.98107e+07,2198.12,-88.2994
rtyp-mss-xff,typical,ss,ff,27,0.9,6.30957e+07,1387.61,-88.8664
rtyp-mss-xff,typical,ss,ff,27,0.9,1e+08,876.085,-89.1987
rtyp-mss-xff,typical,ss,ff,27,1.35,100,1.18573e+07,-89.6287
rtyp-mss-xff,typical,ss,ff,27,1.35,158.489,7.48169e+06,-89.4200
rtyp-mss-xff,typical,ss,ff,27,1.35,251.189,4.721e+06,-89.0862
rtyp-mss-xff,typical,ss,ff,27,1.35,398.107,2.97933e+06,-88.5552
rtyp-mss-xff,typical,ss,ff,27,1.35,630.957,1.88076e+06,-87.7130
rtyp-mss-xff,typical,ss,ff,27,1.35,1000,1.18814e+06,-86.3798
rtyp-mss-xff,typical,ss,ff,27,1.35,1584.89,751984,-84.2751
rtyp-mss-xff,typical,ss,ff,27,1.35,2511.89,478122,-80.9743
rtyp-mss-xff,typical,ss,ff,27,1.35,3981.07,307387,-75.8768
rtyp-mss-xff,typical,ss,ff,27,1.35,6309.57,202718,-68.2853
rtyp-mss-xff,typical,ss,ff,27,1.35,10000,140850,-57.8273
rtyp-mss-xff,typical,ss,ff,27,1.35,15848.9,106659,-45.3248
rtyp-mss-xff,typical,ss,ff,27,1.35,25118.9,89474.1,-33.0829
rtyp-mss-xff,typical,ss,ff,27,1.35,39810.7,81610.7,-23.3714
rtyp-mss-xff,typical,ss,ff,27,1.35,63095.7,78204.8,-17.0197
rtyp-mss-xff,typical,ss,ff,27,1.35,100000,76664.6,-13.8279
rtyp-mss-xff,typical,ss,ff,27,1.35,158489,75687.5,-13.4580
rtyp-mss-xff,typical,ss,ff,27,1.35,251189,74429.5,-15.8609
rtyp-mss-xff,typical,ss,ff,27,1.35,398107,71913.9,-21.3189
rtyp-mss-xff,typical,ss,ff,27,1.35,630957,66696.6,-30.1413
rtyp-mss-xff,typical,ss,ff,27,1.35,1e+06,57408.6,-41.8713
rtyp-mss-xff,typical,ss,ff,27,1.35,1.58489e+06,44686.5,-54.5680
rtyp-mss-xff,typical,ss,ff,27,1.35,2.51189e+06,31678.8,-65.7294
rtyp-mss-xff,typical,ss,ff,27,1.35,3.98107e+06,21121.5,-74.0895
rtyp-mss-xff,typical,ss,ff,27,1.35,6.30957e+06,13647.5,-79.7908
rtyp-mss-xff,typical,ss,ff,27,1.35,1e+07,8695.72,-83.5053
rtyp-mss-xff,typical,ss,ff,27,1.35,1.58489e+07,5508.44,-85.8749
rtyp-mss-xff,typical,ss,ff,27,1.35,2.51189e+07,3481.24,-87.3689
rtyp-mss-xff,typical,ss,ff,27,1.35,3.98107e+07,2198.12,-88.2994
rtyp-mss-xff,typical,ss,ff,27,1.35,6.30957e+07,1387.61,-88.8664
rtyp-mss-xff,typical,ss,ff,27,1.35,1e+08,876.085,-89.1987
rtyp-mss-xff,typical,ss,ff,27,1.8,100,1.18211e+07,-89.6276
rtyp-mss-xff,typical,ss,ff,27,1.8,158.489,7.45884e+06,-89.4182
rtyp-mss-xff,typical,ss,ff,27,1.8,251.189,4.70658e+06,-89.0833
rtyp-mss-xff,typical,ss,ff,27,1.8,398.107,2.97024e+06,-88.5507
rtyp-mss-xff,typical,ss,ff,27,1.8,630.957,1.87502e+06,-87.7059
rtyp-mss-xff,typical,ss,ff,27,1.8,1000,1.18453e+06,-86.3684
rtyp-mss-xff,typical,ss,ff,27,1.8,1584.89,749710,-84.2572
rtyp-mss-xff,typical,ss,ff,27,1.8,2511.89,476699,-80.9463
rtyp-mss-xff,typical,ss,ff,27,1.8,3981.07,306506,-75.8342
rtyp-mss-xff,typical,ss,ff,27,1.8,6309.57,202187,-68.2235
rtyp-mss-xff,typical,ss,ff,27,1.8,10000,140547,-57.7465
rtyp-mss-xff,typical,ss,ff,27,1.8,15848.9,106501,-45.2360
rtyp-mss-xff,typical,ss,ff,27,1.8,25118.9,89400.8,-33.0033
rtyp-mss-xff,typical,ss,ff,27,1.8,39810.7,81580.6,-23.3112
rtyp-mss-xff,typical,ss,ff,27,1.8,63095.7,78194.2,-16.9785
rtyp-mss-xff,typical,ss,ff,27,1.8,100000,76662.2,-13.8011
rtyp-mss-xff,typical,ss,ff,27,1.8,158489,75688.5,-13.4410
rtyp-mss-xff,typical,ss,ff,27,1.8,251189,74431.6,-15.8505
rtyp-mss-xff,typical,ss,ff,27,1.8,398107,71916.3,-21.3127
rtyp-mss-xff,typical,ss,ff,27,1.8,630957,66698.6,-30.1380
rtyp-mss-xff,typical,ss,ff,27,1.8,1e+06,57409.9,-41.8697
rtyp-mss-xff,typical,ss,ff,27,1.8,1.58489e+06,44687.2,-54.5674
rtyp-mss-xff,typical,ss,ff,27,1.8,2.51189e+06,31679,-65.7292
rtyp-mss-xff,typical,ss,ff,27,1.8,3.98107e+06,21121.6,-74.0894
rtyp-mss-xff,typical,ss,ff,27,1.8,6.30957e+06,13647.5,-79.7908
rtyp-mss-xff,typical,ss,ff,27,1.8,1e+07,8695.73,-83.5053
rtyp-mss-xff,typical,ss,ff,27,1.8,1.58489e+07,5508.44,-85.8749
rtyp-mss-xff,typical,ss,ff,27,1.8,2.51189e+07,3481.24,-87.3689
rtyp-mss-xff,typical,ss,ff,27,1.8,3.98107e+07,2198.12,-88.2994
rtyp-mss-xff,typical,ss,ff,27,1.8,6.30957e+07,1387.61,-88.8664
rtyp-mss-xff,typical,ss,ff,27,1.8,1e+08,876.085,-89.1987
rtyp-mss-xff,typical,ss,ff,27,2.25,100,1.18118e+07,-89.6273
rtyp-mss-xff,typical,ss,ff,27,2.25,158.489,7.45298e+06,-89.4178
rtyp-mss-xff,typical,ss,ff,27,2.25,251.189,4.70289e+06,-89.0826
rtyp-mss-xff,typical,ss,ff,27,2.25,398.107,2.96791e+06,-88.5495
rtyp-mss-xff,typical,ss,ff,27,2.25,630.957,1.87355e+06,-87.7040
rtyp-mss-xff,typical,ss,ff,27,2.25,1000,1.1836e+06,-86.3655
rtyp-mss-xff,typical,ss,ff,27,2.25,1584.89,749128,-84.2526
rtyp-mss-xff,typical,ss,ff,27,2.25,2511.89,476334,-80.9391
rtyp-mss-xff,typical,ss,ff,27,2.25,3981.07,306280,-75.8232
rtyp-mss-xff,typical,ss,ff,27,2.25,6309.57,202051,-68.2076
rtyp-mss-xff,typical,ss,ff,27,2.25,10000,140469,-57.7257
rtyp-mss-xff,typical,ss,ff,27,2.25,15848.9,106460,-45.2132
rtyp-mss-xff,typical,ss,ff,27,2.25,25118.9,89382.1,-32.9829
rtyp-mss-xff,typical,ss,ff,27,2.25,39810.7,81572.9,-23.2958
rtyp-mss-xff,typical,ss,ff,27,2.25,63095.7,78191.5,-16.9680
rtyp-mss-xff,typical,ss,ff,27,2.25,100000,76661.5,-13.7943
rtyp-mss-xff,typical,ss,ff,27,2.25,158489,75688.7,-13.4367
rtyp-mss-xff,typical,ss,ff,27,2.25,251189,74432.2,-15.8478
rtyp-mss-xff,typical,ss,ff,27,2.25,398107,71916.9,-21.3112
rtyp-mss-xff,typical,ss,ff,27,2.25,630957,66699.2,-30.1371
rtyp-mss-xff,typical,ss,ff,27,2.25,1e+06,57410.3,-41.8693
rtyp-mss-xff,typical,ss,ff,27,2.25,1.58489e+06,44687.3,-54.5673
rtyp-mss-xff,typical,ss,ff,27,2.25,2.51189e+06,31679.1,-65.7292
rtyp-mss-xff,typical,ss,ff,27,2.25,3.98107e+06,21121.6,-74.0894
rtyp-mss-xff,typical,ss,ff,27,2.25,6.30957e+06,13647.5,-79.7908
rtyp-mss-xff,typical,ss,ff,27,2.25,1e+07,8695.73,-83.5053
rtyp-mss-xff,typical,ss,ff,27,2.25,1.58489e+07,5508.44,-85.8749
rtyp-mss-xff,typical,ss,ff,27,2.25,2.51189e+07,3481.24,-87.3689
rtyp-mss-xff,typical,ss,ff,27,2.25,3.98107e+07,2198.12,-88.2994
rtyp-mss-xff,typical,ss,ff,27,2.25,6.30957e+07,1387.61,-88.8664
rtyp-mss-xff,typical,ss,ff,27,2.25,1e+08,876.085,-89.1987
rtyp-mss-xff,typical,ss,ff,27,2.7,100,1.18094e+07,-89.6273
rtyp-mss-xff,typical,ss,ff,27,2.7,158.489,7.45149e+06,-89.4177
rtyp-mss-xff,typical,ss,ff,27,2.7,251.189,4.70194e+06,-89.0824
rtyp-mss-xff,typical,ss,ff,27,2.7,398.107,2.96731e+06,-88.5492
rtyp-mss-xff,typical,ss,ff,27,2.7,630.957,1.87318e+06,-87.7035
rtyp-mss-xff,typical,ss,ff,27,2.7,1000,1.18336e+06,-86.3647
rtyp-mss-xff,typical,ss,ff,27,2.7,1584.89,748979,-84.2515
rtyp-mss-xff,typical,ss,ff,27,2.7,2511.89,476241,-80.9373
rtyp-mss-xff,typical,ss,ff,27,2.7,3981.07,306223,-75.8204
rtyp-mss-xff,typical,ss,ff,27,2.7,6309.57,202017,-68.2035
rtyp-mss-xff,typical,ss,ff,27,2.7,10000,140450,-57.7204
rtyp-mss-xff,typical,ss,ff,27,2.7,15848.9,106450,-45.2074
rtyp-mss-xff,typical,ss,ff,27,2.7,25118.9,89377.3,-32.9777
rtyp-mss-xff,typical,ss,ff,27,2.7,39810.7,81570.9,-23.2919
rtyp-mss-xff,typical,ss,ff,27,2.7,63095.7,78190.8,-16.9653
rtyp-mss-xff,typical,ss,ff,27,2.7,100000,76661.4,-13.7925
rtyp-mss-xff,typical,ss,ff,27,2.7,158489,75688.7,-13.4356
rtyp-mss-xff,typical,ss,ff,27,2.7,251189,74432.3,-15.8471
rtyp-mss-xff,typical,ss,ff,27,2.7,398107,71917,-21.3107
rtyp-mss-xff,typical,ss,ff,27,2.7,630957,66699.3,-30.1369
rtyp-mss-xff,typical,ss,ff,27,2.7,1e+06,57410.4,-41.8692
rtyp-mss-xff,typical,ss,ff,27,2.7,1.58489e+06,44687.4,-54.5672
rtyp-mss-xff,typical,ss,ff,27,2.7,2.51189e+06,31679.1,-65.7292
rtyp-mss-xff,typical,ss,ff,27,2.7,3.98107e+06,21121.6,-74.0894
rtyp-mss-xff,typical,ss,ff,27,2.7,6.30957e+06,13647.5,-79.7908
rtyp-mss-xff,typical,ss,ff,27,2.7,1e+07,8695.73,-83.5053
rtyp-mss-xff,typical,ss,ff,27,2.7,1.58489e+07,5508.44,-85.8749
rtyp-mss-xff,typical,ss,ff,27,2.7,2.51189e+07,3481.24,-87.3689
rtyp-mss-xff,typical,ss,ff,27,2.7,3.98107e+07,2198.12,-88.2994
rtyp-mss-xff,typical,ss,ff,27,2.7,6.30957e+07,1387.61,-88.8664
rtyp-mss-xff,typical,ss,ff,27,2.7,1e+08,876.085,-89.1987
rtyp-mss-xff,typical,ss,ff,125,0.3,100,1.29468e+07,-89.6600
rtyp-mss-xff,typical,ss,ff,125,0.3,158.489,8.16907e+06,-89.4704
rtyp-mss-xff,typical,ss,ff,125,0.3,251.189,5.15467e+06,-89.1664
rtyp-mss-xff,typical,ss,ff,125,0.3,398.107,3.25291e+06,-88.6827
rtyp-mss-xff,typical,ss,ff,125,0.3,630.957,2.05329e+06,-87.9151
rtyp-mss-xff,typical,ss,ff,125,0.3,1000,1.29687e+06,-86.6995
rtyp-mss-xff,typical,ss,ff,125,0.3,1584.89,820377,-84.7790
rtyp-mss-xff,typical,ss,ff,125,0.3,2511.89,520949,-81.7617
rtyp-mss-xff,typical,ss,ff,125,0.3,3981.07,333910,-77.0826
rtyp-mss-xff,typical,ss,ff,125,0.3,6309.57,218727,-70.0466
rtyp-mss-xff,typical,ss,ff,125,0.3,10000,150000,-60.1594
rtyp-mss-xff,typical,ss,ff,125,0.3,15848.9,111404,-47.9405
rtyp-mss-xff,typical,ss,ff,125,0.3,25118.9,91612.6,-35.4730
rtyp-mss-xff,typical,ss,ff,125,0.3,39810.7,82400.6,-25.2054
rtyp-mss-xff,typical,ss,ff,125,0.3,63095.7,78377.5,-18.2821
rtyp-mss-xff,typical,ss,ff,125,0.3,100000,76576.5,-14.6481
rtyp-mss-xff,typical,ss,ff,125,0.3,158489,75495.9,-13.9715
rtyp-mss-xff,typical,ss,ff,125,0.3,251189,74203.6,-16.1682
rtyp-mss-xff,typical,ss,ff,125,0.3,398107,71690.8,-21.4861
rtyp-mss-xff,typical,ss,ff,125,0.3,630957,66505.7,-30.2121
rtyp-mss-xff,typical,ss,ff,125,0.3,1e+06,57272.7,-41.8807
rtyp-mss-xff,typical,ss,ff,125,0.3,1.58489e+06,44607,-54.5489
rtyp-mss-xff,typical,ss,ff,125,0.3,2.51189e+06,31636.8,-65.7052
rtyp-mss-xff,typical,ss,ff,125,0.3,3.98107e+06,21099,-74.0699
rtyp-mss-xff,typical,ss,ff,125,0.3,6.30957e+06,13634.5,-79.7772
rtyp-mss-xff,typical,ss,ff,125,0.3,1e+07,8687.92,-83.4964
rtyp-mss-xff,typical,ss,ff,125,0.3,1.58489e+07,5503.61,-85.8693
rtyp-mss-xff,typical,ss,ff,125,0.3,2.51189e+07,3478.21,-87.3654
rtyp-mss-xff,typical,ss,ff,125,0.3,3.98107e+07,2196.22,-88.2973
rtyp-mss-xff,typical,ss,ff,125,0.3,6.30957e+07,1386.4,-88.8653
rtyp-mss-xff,typical,ss,ff,125,0.3,1e+08,875.325,-89.1982
rtyp-mss-xff,typical,ss,ff,125,0.9,100,1.19982e+07,-89.6338
rtyp-mss-xff,typical,ss,ff,125,0.9,158.489,7.57055e+06,-89.4282
rtyp-mss-xff,typical,ss,ff,125,0.9,251.189,4.77706e+06,-89.0991
rtyp-mss-xff,typical,ss,ff,125,0.9,398.107,3.01469e+06,-88.5758
rtyp-mss-xff,typical,ss,ff,125,0.9,630.957,1.90305e+06,-87.7457
rtyp-mss-xff,typical,ss,ff,125,0.9,1000,1.20219e+06,-86.4314
rtyp-mss-xff,typical,ss,ff,125,0.9,1584.89,760807,-84.3565
rtyp-mss-xff,typical,ss,ff,125,0.9,2511.89,483629,-81.1013
rtyp-mss-xff,typical,ss,ff,125,0.9,3981.07,310770,-76.0708
rtyp-mss-xff,typical,ss,ff,125,0.9,6309.57,204721,-68.5671
rtyp-mss-xff,typical,ss,ff,125,0.9,10000,141939,-58.1961
rtyp-mss-xff,typical,ss,ff,125,0.9,15848.9,107153,-45.7315
rtyp-mss-xff,typical,ss,ff,125,0.9,25118.9,89614.8,-33.4477
rtyp-mss-xff,typical,ss,ff,125,0.9,39810.7,81569,-23.6469
rtyp-mss-xff,typical,ss,ff,125,0.9,63095.7,78080.1,-17.2061
rtyp-mss-xff,typical,ss,ff,125,0.9,100000,76505.5,-13.9453
rtyp-mss-xff,typical,ss,ff,125,0.9,158489,75516.4,-13.5260
rtyp-mss-xff,typical,ss,ff,125,0.9,251189,74258.2,-15.8931
rtyp-mss-xff,typical,ss,ff,125,0.9,398107,71752.8,-21.3233
rtyp-mss-xff,typical,ss,ff,125,0.9,630957,66559.3,-30.1238
rtyp-mss-xff,typical,ss,ff,125,0.9,1e+06,57308,-41.8396
rtyp-mss-xff,typical,ss,ff,125,0.9,1.58489e+06,44623.8,-54.5334
rtyp-mss-xff,typical,ss,ff,125,0.9,2.51189e+06,31642.8,-65.7005
rtyp-mss-xff,typical,ss,ff,125,0.9,3.98107e+06,21100.8,-74.0687
rtyp-mss-xff,typical,ss,ff,125,0.9,6.30957e+06,13635,-79.7770
rtyp-mss-xff,typical,ss,ff,125,0.9,1e+07,8688.04,-83.4964
rtyp-mss-xff,typical,ss,ff,125,0.9,1.58489e+07,5503.64,-85.8693
rtyp-mss-xff,typical,ss,ff,125,0.9,2.51189e+07,3478.22,-87.3654
rtyp-mss-xff,typical,ss,ff,125,0.9,3.98107e+07,2196.22,-88.2973
rtyp-mss-xff,typical,ss,ff,125,0.9,6.30957e+07,1386.4,-88.8653
rtyp-mss-xff,typical,ss,ff,125,0.9,1e+08,875.325,-89.1982
rtyp-mss-xff,typical,ss,ff,125,1.35,100,1.18572e+07,-89.6296
rtyp-mss-xff,typical,ss,ff,125,1.35,158.489,7.4816e+06,-89.4213
rtyp-mss-xff,typical,ss,ff,125,1.35,251.189,4.72094e+06,-89.0882
rtyp-mss-xff,typical,ss,ff,125,1.35,398.107,2.97929e+06,-88.5585
rtyp-mss-xff,typical,ss,ff,125,1.35,630.957,1.88073e+06,-87.7182
rtyp-mss-xff,typical,ss,ff,125,1.35,1000,1.18812e+06,-86.3879
rtyp-mss-xff,typical,ss,ff,125,1.35,1584.89,751958,-84.2880
rtyp-mss-xff,typical,ss,ff,125,1.35,2511.89,478089,-80.9943
rtyp-mss-xff,typical,ss,ff,125,1.35,3981.07,307341,-75.9075
rtyp-mss-xff,typical,ss,ff,125,1.35,6309.57,202652,-68.3298
rtyp-mss-xff,typical,ss,ff,125,1.35,10000,140756,-57.8852
rtyp-mss-xff,typical,ss,ff,125,1.35,15848.9,106535,-45.3883
rtyp-mss-xff,typical,ss,ff,125,1.35,25118.9,89327.7,-33.1390
rtyp-mss-xff,typical,ss,ff,125,1.35,39810.7,81450.7,-23.4126
rtyp-mss-xff,typical,ss,ff,125,1.35,63095.7,78038.3,-17.0455
rtyp-mss-xff,typical,ss,ff,125,1.35,100000,76496,-13.8407
rtyp-mss-xff,typical,ss,ff,125,1.35,158489,75519.9,-13.4598
rtyp-mss-xff,typical,ss,ff,125,1.35,251189,74266.4,-15.8522
rtyp-mss-xff,typical,ss,ff,125,1.35,398107,71762.1,-21.2992
rtyp-mss-xff,typical,ss,ff,125,1.35,630957,66567.3,-30.1107
rtyp-mss-xff,typical,ss,ff,125,1.35,1e+06,57313.2,-41.8335
rtyp-mss-xff,typical,ss,ff,125,1.35,1.58489e+06,44626.3,-54.5311
rtyp-mss-xff,typical,ss,ff,125,1.35,2.51189e+06,31643.7,-65.6998
rtyp-mss-xff,typical,ss,ff,125,1.35,3.98107e+06,21101,-74.0685
rtyp-mss-xff,typical,ss,ff,125,1.35,6.30957e+06,13635.1,-79.7769
rtyp-mss-xff,typical,ss,ff,125,1.35,1e+07,8688.06,-83.4964
rtyp-mss-xff,typical,ss,ff,125,1.35,1.58489e+07,5503.65,-85.8693
rtyp-mss-xff,typical,ss,ff,125,1.35,2.51189e+07,3478.22,-87.3654
rtyp-mss-xff,typical,ss,ff,125,1.35,3.98107e+07,2196.22,-88.2973
rtyp-mss-xff,typical,ss,ff,125,1.35,6.30957e+07,1386.4,-88.8653
rtyp-mss-xff,typical,ss,ff,125,1.35,1e+08,875.325,-89.1982
rtyp-mss-xff,typical,ss,ff,125,1.8,100,1.1821e+07,-89.6284
rtyp-mss-xff,typical,ss,ff,125,1.8,158.489,7.45875e+06,-89.4195
rtyp-mss-xff,typical,ss,ff,125,1.8,251.189,4.70652e+06,-89.0854
rtyp-mss-xff,typical,ss,ff,125,1.8,398.107,2.9702e+06,-88.5540
rtyp-mss-xff,typical,ss,ff,125,1.8,630.957,1.87499e+06,-87.7110
rtyp-mss-xff,typical,ss,ff,125,1.8,1000,1.1845e+06,-86.3766
rtyp-mss-xff,typical,ss,ff,125,1.8,1584.89,749684,-84.2701
rtyp-mss-xff,typical,ss,ff,125,1.8,2511.89,476666,-80.9665
rtyp-mss-xff,typical,ss,ff,125,1.8,3981.07,306460,-75.8649
rtyp-mss-xff,typical,ss,ff,125,1.8,6309.57,202121,-68.2680
rtyp-mss-xff,typical,ss,ff,125,1.8,10000,140453,-57.8045
rtyp-mss-xff,typical,ss,ff,125,1.8,15848.9,106377,-45.2995
rtyp-mss-xff,typical,ss,ff,125,1.8,25118.9,89254.4,-33.0594
rtyp-mss-xff,typical,ss,ff,125,1.8,39810.7,81420.5,-23.3523
rtyp-mss-xff,typical,ss,ff,125,1.8,63095.7,78027.6,-17.0042
rtyp-mss-xff,typical,ss,ff,125,1.8,100000,76493.6,-13.8138
rtyp-mss-xff,typical,ss,ff,125,1.8,158489,75520.8,-13.4428
rtyp-mss-xff,typical,ss,ff,125,1.8,251189,74268.5,-15.8417
rtyp-mss-xff,typical,ss,ff,125,1.8,398107,71764.5,-21.2930
rtyp-mss-xff,typical,ss,ff,125,1.8,630957,66569.3,-30.1073
rtyp-mss-xff,typical,ss,ff,125,1.8,1e+06,57314.6,-41.8319
rtyp-mss-xff,typical,ss,ff,125,1.8,1.58489e+06,44627,-54.5305
rtyp-mss-xff,typical,ss,ff,125,1.8,2.51189e+06,31644,-65.6996
rtyp-mss-xff,typical,ss,ff,125,1.8,3.98107e+06,21101.1,-74.0685
rtyp-mss-xff,typical,ss,ff,125,1.8,6.30957e+06,13635.1,-79.7769
rtyp-mss-xff,typical,ss,ff,125,1.8,1e+07,8688.07,-83.4964
rtyp-mss-xff,typical,ss,ff,125,1.8,1.58489e+07,5503.65,-85.8693
rtyp-mss-xff,typical,ss,ff,125,1.8,2.51189e+07,3478.22,-87.3654
rtyp-mss-xff,typical,ss,ff,125,1.8,3.98107e+07,2196.22,-88.2973
rtyp-mss-xff,typical,ss,ff,125,1.8,6.30957e+07,1386.4,-88.8653
rtyp-mss-xff,typical,ss,ff,125,1.8,1e+08,875.325,-89.1982
rtyp-mss-xff,typical,ss,ff,125,2.25,100,1.18117e+07,-89.6282
rtyp-mss-xff,typical,ss,ff,125,2.25,158.489,7.4529e+06,-89.4191
rtyp-mss-xff,typical,ss,ff,125,2.25,251.189,4.70283e+06,-89.0846
rtyp-mss-xff,typical,ss,ff,125,2.25,398.107,2.96787e+06,-88.5528
rtyp-mss-xff,typical,ss,ff,125,2.25,630.957,1.87352e+06,-87.7092
rtyp-mss-xff,typical,ss,ff,125,2.25,1000,1.18358e+06,-86.3737
rtyp-mss-xff,typical,ss,ff,125,2.25,1584.89,749102,-84.2656
rtyp-mss-xff,typical,ss,ff,125,2.25,2511.89,476301,-80.9593
rtyp-mss-xff,typical,ss,ff,125,2.25,3981.07,306234,-75.8539
rtyp-mss-xff,typical,ss,ff,125,2.25,6309.57,201985,-68.2521
rtyp-mss-xff,typical,ss,ff,125,2.25,10000,140375,-57.7838
rtyp-mss-xff,typical,ss,ff,125,2.25,15848.9,106337,-45.2767
rtyp-mss-xff,typical,ss,ff,125,2.25,25118.9,89235.6,-33.0390
rtyp-mss-xff,typical,ss,ff,125,2.25,39810.7,81412.7,-23.3368
rtyp-mss-xff,typical,ss,ff,125,2.25,63095.7,78024.9,-16.9936
rtyp-mss-xff,typical,ss,ff,125,2.25,100000,76492.9,-13.8070
rtyp-mss-xff,typical,ss,ff,125,2.25,158489,75521,-13.4384
rtyp-mss-xff,typical,ss,ff,125,2.25,251189,74269.1,-15.8390
rtyp-mss-xff,typical,ss,ff,125,2.25,398107,71765.1,-21.2914
rtyp-mss-xff,typical,ss,ff,125,2.25,630957,66569.9,-30.1064
rtyp-mss-xff,typical,ss,ff,125,2.25,1e+06,57314.9,-41.8315
rtyp-mss-xff,typical,ss,ff,125,2.25,1.58489e+06,44627.1,-54.5303
rtyp-mss-xff,typical,ss,ff,125,2.25,2.51189e+06,31644,-65.6996
rtyp-mss-xff,typical,ss,ff,125,2.25,3.98107e+06,21101.1,-74.0685
rtyp-mss-xff,typical,ss,ff,125,2.25,6.30957e+06,13635.1,-79.7769
rtyp-mss-xff,typical,ss,ff,125,2.25,1e+07,8688.07,-83.4964
rtyp-mss-xff,typical,ss,ff,125,2.25,1.58489e+07,5503.65,-85.8693
rtyp-mss-xff,typical,ss,ff,125,2.25,2.51189e+07,3478.22,-87.3654
rtyp-mss-xff,typical,ss,ff,125,2.25,3.98107e+07,2196.22,-88.2973
rtyp-mss-xff,typical,ss,ff,125,2.25,6.30957e+07,1386.4,-88.8653
rtyp-mss-xff,typical,ss,ff,125,2.25,1e+08,875.325,-89.1982
rtyp-mss-xff,typical,ss,ff,125,2.7,100,1.18093e+07,-89.6281
rtyp-mss-xff,typical,ss,ff,125,2.7,158.489,7.4514e+06,-89.4190
rtyp-mss-xff,typical,ss,ff,125,2.7,251.189,4.70188e+06,-89.0845
rtyp-mss-xff,typical,ss,ff,125,2.7,398.107,2.96727e+06,-88.5525
rtyp-mss-xff,typical,ss,ff,125,2.7,630.957,1.87315e+06,-87.7087
rtyp-mss-xff,typical,ss,ff,125,2.7,1000,1.18334e+06,-86.3729
rtyp-mss-xff,typical,ss,ff,125,2.7,1584.89,748953,-84.2644
rtyp-mss-xff,typical,ss,ff,125,2.7,2511.89,476208,-80.9575
rtyp-mss-xff,typical,ss,ff,125,2.7,3981.07,306177,-75.8512
rtyp-mss-xff,typical,ss,ff,125,2.7,6309.57,201950,-68.2481
rtyp-mss-xff,typical,ss,ff,125,2.7,10000,140355,-57.7785
rtyp-mss-xff,typical,ss,ff,125,2.7,15848.9,106327,-45.2708
rtyp-mss-xff,typical,ss,ff,125,2.7,25118.9,89230.8,-33.0338
rtyp-mss-xff,typical,ss,ff,125,2.7,39810.7,81410.8,-23.3328
rtyp-mss-xff,typical,ss,ff,125,2.7,63095.7,78024.2,-16.9909
rtyp-mss-xff,typical,ss,ff,125,2.7,100000,76492.8,-13.8052
rtyp-mss-xff,typical,ss,ff,125,2.7,158489,75521.1,-13.4373
rtyp-mss-xff,typical,ss,ff,125,2.7,251189,74269.2,-15.8384
rtyp-mss-xff,typical,ss,ff,125,2.7,398107,71765.3,-21.2910
rtyp-mss-xff,typical,ss,ff,125,2.7,630957,66570,-30.1062
rtyp-mss-xff,typical,ss,ff,125,2.7,1e+06,57315,-41.8314
rtyp-mss-xff,typical,ss,ff,125,2.7,1.58489e+06,44627.2,-54.5303
rtyp-mss-xff,typical,ss,ff,125,2.7,2.51189e+06,31644,-65.6995
rtyp-mss-xff,typical,ss,ff,125,2.7,3.98107e+06,21101.1,-74.0685
rtyp-mss-xff,typical,ss,ff,125,2.7,6.30957e+06,13635.1,-79.7769
rtyp-mss-xff,typical,ss,ff,125,2.7,1e+07,8688.07,-83.4964
rtyp-mss-xff,typical,ss,ff,125,2.7,1.58489e+07,5503.65,-85.8693
rtyp-mss-xff,typical,ss,ff,125,2.7,2.51189e+07,3478.22,-87.3654
rtyp-mss-xff,typical,ss,ff,125,2.7,3.98107e+07,2196.22,-88.2973
rtyp-mss-xff,typical,ss,ff,125,2.7,6.30957e+07,1386.4,-88.8653
rtyp-mss-xff,typical,ss,ff,125,2.7,1e+08,875.325,-89.1982
rtyp-mss-xss,typical,ss,ss,-40,0.3,100,1.29054e+07,-89.6573
rtyp-mss-xss,typical,ss,ss,-40,0.3,158.489,8.14297e+06,-89.4660
rtyp-mss-xss,typical,ss,ss,-40,0.3,251.189,5.13821e+06,-89.1595
rtyp-mss-xss,typical,ss,ss,-40,0.3,398.107,3.24253e+06,-88.6718
rtyp-mss-xss,typical,ss,ss,-40,0.3,630.957,2.04676e+06,-87.8978
rtyp-mss-xss,typical,ss,ss,-40,0.3,1000,1.29278e+06,-86.6721
rtyp-mss-xss,typical,ss,ss,-40,0.3,1584.89,817836,-84.7359
rtyp-mss-xss,typical,ss,ss,-40,0.3,2511.89,519411,-81.6947
rtyp-mss-xss,typical,ss,ss,-40,0.3,3981.07,333041,-76.9811
rtyp-mss-xss,typical,ss,ss,-40,0.3,6309.57,218330,-69.9026
rtyp-mss-xss,typical,ss,ss,-40,0.3,10000,149961,-59.9841
rtyp-mss-xss,typical,ss,ss,-40,0.3,15848.9,111638,-47.7903
rtyp-mss-xss,typical,ss,ss,-40,0.3,25118.9,92031.9,-35.4499
rtyp-mss-xss,typical,ss,ss,-40,0.3,39810.7,82914.9,-25.4150
rtyp-mss-xss,typical,ss,ss,-40,0.3,63095.7,78909.5,-18.8243
rtyp-mss-xss,typical,ss,ss,-40,0.3,100000,77044.6,-15.6543
rtyp-mss-xss,typical,ss,ss,-40,0.3,158489,75761.6,-15.6445
rtyp-mss-xss,typical,ss,ss,-40,0.3,251189,73978.1,-18.7937
rtyp-mss-xss,typical,ss,ss,-40,0.3,398107,70421.3,-25.3619
rtyp-mss-xss,typical,ss,ss,-40,0.3,630957,63474.1,-35.3766
rtyp-mss-xss,typical,ss,ss,-40,0.3,1e+06,52360,-47.7089
rtyp-mss-xss,typical,ss,ss,-40,0.3,1.58489e+06,39003,-59.9108
rtyp-mss-xss,typical,ss,ss,-40,0.3,2.51189e+06,26800,-69.8458
rtyp-mss-xss,typical,ss,ss,-40,0.3,3.98107e+06,17572.7,-76.9393
rtyp-mss-xss,typical,ss,ss,-40,0.3,6.30957e+06,11268.5,-81.6624
rtyp-mss-xss,typical,ss,ss,-40,0.3,1e+07,7156.96,-84.7072
rtyp-mss-xss,typical,ss,ss,-40,0.3,1.58489e+07,4527.77,-86.6410
rtyp-mss-xss,typical,ss,ss,-40,0.3,2.51189e+07,2859.95,-87.8579
rtyp-mss-xss,typical,ss,ss,-40,0.3,3.98107e+07,1805.42,-88.6151
rtyp-mss-xss,typical,ss,ss,-40,0.3,6.30957e+07,1139.57,-89.0762
rtyp-mss-xss,typical,ss,ss,-40,0.3,1e+08,719.392,-89.3461
rtyp-mss-xss,typical,ss,ss,-40,0.9,100,1.19626e+07,-89.6308
rtyp-mss-xss,typical,ss,ss,-40,0.9,158.489,7.54813e+06,-89.4233
rtyp-mss-xss,typical,ss,ss,-40,0.9,251.189,4.76292e+06,-89.0915
rtyp-mss-xss,typical,ss,ss,-40,0.9,398.107,3.00578e+06,-88.5637
rtyp-mss-xss,typical,ss,ss,-40,0.9,630.957,1.89745e+06,-87.7264
rtyp-mss-xss,typical,ss,ss,-40,0.9,1000,1.19868e+06,-86.4010
rtyp-mss-xss,typical,ss,ss,-40,0.9,1584.89,758640,-84.3087
rtyp-mss-xss,typical,ss,ss,-40,0.9,2511.89,482334,-81.0271
rtyp-mss-xss,typical,ss,ss,-40,0.9,3981.07,310063,-75.9591
rtyp-mss-xss,typical,ss,ss,-40,0.9,6309.57,204438,-68.4107
rtyp-mss-xss,typical,ss,ss,-40,0.9,10000,141985,-58.0107
rtyp-mss-xss,typical,ss,ss,-40,0.9,15848.9,107451,-45.5810
rtyp-mss-xss,typical,ss,ss,-40,0.9,25118.9,90079.3,-33.4346
rtyp-mss-xss,typical,ss,ss,-40,0.9,39810.7,82115.3,-23.8703
rtyp-mss-xss,typical,ss,ss,-40,0.9,63095.7,78636.5,-17.7607
rtyp-mss-xss,typical,ss,ss,-40,0.9,100000,76994.1,-14.9618
rtyp-mss-xss,typical,ss,ss,-40,0.9,158489,75800.1,-15.2081
rtyp-mss-xss,typical,ss,ss,-40,0.9,251189,74047.4,-18.5278
rtyp-mss-xss,typical,ss,ss,-40,0.9,398107,70492.8,-25.2093
rtyp-mss-xss,typical,ss,ss,-40,0.9,630957,63529.9,-35.2985
rtyp-mss-xss,typical,ss,ss,-40,0.9,1e+06,52392.1,-47.6756
rtyp-mss-xss,typical,ss,ss,-40,0.9,1.58489e+06,39016.3,-59.8994
rtyp-mss-xss,typical,ss,ss,-40,0.9,2.51189e+06,26804.3,-69.8426
rtyp-mss-xss,typical,ss,ss,-40,0.9,3.98107e+06,17573.9,-76.9385
rtyp-mss-xss,typical,ss,ss,-40,0.9,6.30957e+06,11268.8,-81.6623
rtyp-mss-xss,typical,ss,ss,-40,0.9,1e+07,7157.04,-84.7072
rtyp-mss-xss,typical,ss,ss,-40,0.9,1.58489e+07,4527.79,-86.6410
rtyp-mss-xss,typical,ss,ss,-40,0.9,2.51189e+07,2859.96,-87.8579
rtyp-mss-xss,typical,ss,ss,-40,0.9,3.98107e+07,1805.42,-88.6151
rtyp-mss-xss,typical,ss,ss,-40,0.9,6.30957e+07,1139.57,-89.0762
rtyp-mss-xss,typical,ss,ss,-40,0.9,1e+08,719.392,-89.3461
rtyp-mss-xss,typical,ss,ss,-40,1.35,100,1.18225e+07,-89.6265
rtyp-mss-xss,typical,ss,ss,-40,1.35,158.489,7.45971e+06,-89.4164
rtyp-mss-xss,typical,ss,ss,-40,1.35,251.189,4.70713e+06,-89.0804
rtyp-mss-xss,typical,ss,ss,-40,1.35,398.107,2.97059e+06,-88.5461
rtyp-mss-xss,typical,ss,ss,-40,1.35,630.957,1.87526e+06,-87.6986
rtyp-mss-xss,typical,ss,ss,-40,1.35,1000,1.18469e+06,-86.3570
rtyp-mss-xss,typical,ss,ss,-40,1.35,1584.89,749844,-84.2394
rtyp-mss-xss,typical,ss,ss,-40,1.35,2511.89,476828,-80.9189
rtyp-mss-xss,typical,ss,ss,-40,1.35,3981.07,306657,-75.7941
rtyp-mss-xss,typical,ss,ss,-40,1.35,6309.57,202386,-68.1714
rtyp-mss-xss,typical,ss,ss,-40,1.35,10000,140814,-57.6984
rtyp-mss-xss,typical,ss,ss,-40,1.35,15848.9,106843,-45.2379
rtyp-mss-xss,typical,ss,ss,-40,1.35,25118.9,89798.9,-33.1277
rtyp-mss-xss,typical,ss,ss,-40,1.35,39810.7,82001.6,-23.6381
rtyp-mss-xss,typical,ss,ss,-40,1.35,63095.7,78598.3,-17.6019
rtyp-mss-xss,typical,ss,ss,-40,1.35,100000,76987.6,-14.8588
rtyp-mss-xss,typical,ss,ss,-40,1.35,158489,75806.2,-15.1433
rtyp-mss-xss,typical,ss,ss,-40,1.35,251189,74057.9,-18.4884
rtyp-mss-xss,typical,ss,ss,-40,1.35,398107,70503.5,-25.1866
rtyp-mss-xss,typical,ss,ss,-40,1.35,630957,63538.2,-35.2869
rtyp-mss-xss,typical,ss,ss,-40,1.35,1e+06,52396.9,-47.6706
rtyp-mss-xss,typical,ss,ss,-40,1.35,1.58489e+06,39018.3,-59.8977
rtyp-mss-xss,typical,ss,ss,-40,1.35,2.51189e+06,26805,-69.8421
rtyp-mss-xss,typical,ss,ss,-40,1.35,3.98107e+06,17574.1,-76.9384
rtyp-mss-xss,typical,ss,ss,-40,1.35,6.30957e+06,11268.8,-81.6623
rtyp-mss-xss,typical,ss,ss,-40,1.35,1e+07,7157.06,-84.7072
rtyp-mss-xss,typical,ss,ss,-40,1.35,1.58489e+07,4527.79,-86.6410
rtyp-mss-xss,typical,ss,ss,-40,1.35,2.51189e+07,2859.96,-87.8579
rtyp-mss-xss,typical,ss,ss,-40,1.35,3.98107e+07,1805.42,-88.6151
rtyp-mss-xss,typical,ss,ss,-40,1.35,6.30957e+07,1139.57,-89.0762
rtyp-mss-xss,typical,ss,ss,-40,1.35,1e+08,719.392,-89.3461
rtyp-mss-xss,typical,ss,ss,-40,1.8,100,1.17864e+07,-89.6253
rtyp-mss-xss,typical,ss,ss,-40,1.8,158.489,7.43698e+06,-89.4146
rtyp-mss-xss,typical,ss,ss,-40,1.8,251.189,4.6928e+06,-89.0775
rtyp-mss-xss,typical,ss,ss,-40,1.8,398.107,2.96155e+06,-88.5415
rtyp-mss-xss,typical,ss,ss,-40,1.8,630.957,1.86955e+06,-87.6914
rtyp-mss-xss,typical,ss,ss,-40,1.8,1000,1.1811e+06,-86.3456
rtyp-mss-xss,typical,ss,ss,-40,1.8,1584.89,747584,-84.2214
rtyp-mss-xss,typical,ss,ss,-40,1.8,2511.89,475414,-80.8908
rtyp-mss-xss,typical,ss,ss,-40,1.8,3981.07,305782,-75.7511
rtyp-mss-xss,typical,ss,ss,-40,1.8,6309.57,201859,-68.1091
rtyp-mss-xss,typical,ss,ss,-40,1.8,10000,140514,-57.6173
rtyp-mss-xss,typical,ss,ss,-40,1.8,15848.9,106687,-45.1491
rtyp-mss-xss,typical,ss,ss,-40,1.8,25118.9,89727.2,-33.0485
rtyp-mss-xss,typical,ss,ss,-40,1.8,39810.7,81972.6,-23.5783
rtyp-mss-xss,typical,ss,ss,-40,1.8,63095.7,78588.5,-17.5611
rtyp-mss-xss,typical,ss,ss,-40,1.8,100000,76986,-14.8324
rtyp-mss-xss,typical,ss,ss,-40,1.8,158489,75807.8,-15.1267
rtyp-mss-xss,typical,ss,ss,-40,1.8,251189,74060.6,-18.4782
rtyp-mss-xss,typical,ss,ss,-40,1.8,398107,70506.3,-25.1808
rtyp-mss-xss,typical,ss,ss,-40,1.8,630957,63540.4,-35.2839
rtyp-mss-xss,typical,ss,ss,-40,1.8,1e+06,52398.1,-47.6694
rtyp-mss-xss,typical,ss,ss,-40,1.8,1.58489e+06,39018.8,-59.8972
rtyp-mss-xss,typical,ss,ss,-40,1.8,2.51189e+06,26805.1,-69.8420
rtyp-mss-xss,typical,ss,ss,-40,1.8,3.98107e+06,17574.2,-76.9384
rtyp-mss-xss,typical,ss,ss,-40,1.8,6.30957e+06,11268.9,-81.6622
rtyp-mss-xss,typical,ss,ss,-40,1.8,1e+07,7157.06,-84.7072
rtyp-mss-xss,typical,ss,ss,-40,1.8,1.58489e+07,4527.79,-86.6410
rtyp-mss-xss,typical,ss,ss,-40,1.8,2.51189e+07,2859.96,-87.8580
rtyp-mss-xss,typical,ss,ss,-40,1.8,3.98107e+07,1805.42,-88.6151
rtyp-mss-xss,typical,ss,ss,-40,1.8,6.30957e+07,1139.57,-89.0762
rtyp-mss-xss,typical,ss,ss,-40,1.8,1e+08,719.392,-89.3461
rtyp-mss-xss,typical,ss,ss,-40,2.25,100,1.17772e+07,-89.6251
rtyp-mss-xss,typical,ss,ss,-40,2.25,158.489,7.43117e+06,-89.4141
rtyp-mss-xss,typical,ss,ss,-40,2.25,251.189,4.68912e+06,-89.0768
rtyp-mss-xss,typical,ss,ss,-40,2.25,398.107,2.95923e+06,-88.5404
rtyp-mss-xss,typical,ss,ss,-40,2.25,630.957,1.86809e+06,-87.6895
rtyp-mss-xss,typical,ss,ss,-40,2.25,1000,1.18018e+06,-86.3426
rtyp-mss-xss,typical,ss,ss,-40,2.25,1584.89,747006,-84.2167
rtyp-mss-xss,typical,ss,ss,-40,2.25,2511.89,475052,-80.8835
rtyp-mss-xss,typical,ss,ss,-40,2.25,3981.07,305558,-75.7400
rtyp-mss-xss,typical,ss,ss,-40,2.25,6309.57,201724,-68.0932
rtyp-mss-xss,typical,ss,ss,-40,2.25,10000,140438,-57.5965
rtyp-mss-xss,typical,ss,ss,-40,2.25,15848.9,106647,-45.1263
rtyp-mss-xss,typical,ss,ss,-40,2.25,25118.9,89708.9,-33.0282
rtyp-mss-xss,typical,ss,ss,-40,2.25,39810.7,81965.2,-23.5630
rtyp-mss-xss,typical,ss,ss,-40,2.25,63095.7,78586.1,-17.5507
rtyp-mss-xss,typical,ss,ss,-40,2.25,100000,76985.6,-14.8256
rtyp-mss-xss,typical,ss,ss,-40,2.25,158489,75808.2,-15.1224
rtyp-mss-xss,typical,ss,ss,-40,2.25,251189,74061.2,-18.4756
rtyp-mss-xss,typical,ss,ss,-40,2.25,398107,70507,-25.1793
rtyp-mss-xss,typical,ss,ss,-40,2.25,630957,63540.9,-35.2832
rtyp-mss-xss,typical,ss,ss,-40,2.25,1e+06,52398.4,-47.6690
rtyp-mss-xss,typical,ss,ss,-40,2.25,1.58489e+06,39019,-59.8971
rtyp-mss-xss,typical,ss,ss,-40,2.25,2.51189e+06,26805.2,-69.8419
rtyp-mss-xss,typical,ss,ss,-40,2.25,3.98107e+06,17574.2,-76.9384
rtyp-mss-xss,typical,ss,ss,-40,2.25,6.30957e+06,11268.9,-81.6622
rtyp-mss-xss,typical,ss,ss,-40,2.25,1e+07,7157.06,-84.7072
rtyp-mss-xss,typical,ss,ss,-40,2.25,1.58489e+07,4527.8,-86.6410
rtyp-mss-xss,typical,ss,ss,-40,2.25,2.51189e+07,2859.96,-87.8580
rtyp-mss-xss,typical,ss,ss,-40,2.25,3.98107e+07,1805.42,-88.6151
rtyp-mss-xss,typical,ss,ss,-40,2.25,6.30957e+07,1139.57,-89.0762
rtyp-mss-xss,typical,ss,ss,-40,2.25,1e+08,719.392,-89.3461
rtyp-mss-xss,typical,ss,ss,-40,2.7,100,1.17749e+07,-89.6250
rtyp-mss-xss,typical,ss,ss,-40,2.7,158.489,7.42968e+06,-89.4140
rtyp-mss-xss,typical,ss,ss,-40,2.7,251.189,4.68819e+06,-89.0766
rtyp-mss-xss,typical,ss,ss,-40,2.7,398.107,2.95864e+06,-88.5401
rtyp-mss-xss,typical,ss,ss,-40,2.7,630.957,1.86772e+06,-87.6890
rtyp-mss-xss,typical,ss,ss,-40,2.7,1000,1.17995e+06,-86.3419
rtyp-mss-xss,typical,ss,ss,-40,2.7,1584.89,746858,-84.2155
rtyp-mss-xss,typical,ss,ss,-40,2.7,2511.89,474959,-80.8817
rtyp-mss-xss,typical,ss,ss,-40,2.7,3981.07,305501,-75.7372
rtyp-mss-xss,typical,ss,ss,-40,2.7,6309.57,201690,-68.0891
rtyp-mss-xss,typical,ss,ss,-40,2.7,10000,140418,-57.5911
rtyp-mss-xss,typical,ss,ss,-40,2.7,15848.9,106637,-45.1205
rtyp-mss-xss,typical,ss,ss,-40,2.7,25118.9,89704.2,-33.0230
rtyp-mss-xss,typical,ss,ss,-40,2.7,39810.7,81963.3,-23.5591
rtyp-mss-xss,typical,ss,ss,-40,2.7,63095.7,78585.4,-17.5480
rtyp-mss-xss,typical,ss,ss,-40,2.7,100000,76985.4,-14.8238
rtyp-mss-xss,typical,ss,ss,-40,2.7,158489,75808.3,-15.1213
rtyp-mss-xss,typical,ss,ss,-40,2.7,251189,74061.4,-18.4749
rtyp-mss-xss,typical,ss,ss,-40,2.7,398107,70507.1,-25.1790
rtyp-mss-xss,typical,ss,ss,-40,2.7,630957,63541,-35.2830
rtyp-mss-xss,typical,ss,ss,-40,2.7,1e+06,52398.5,-47.6690
rtyp-mss-xss,typical,ss,ss,-40,2.7,1.58489e+06,39019,-59.8971
rtyp-mss-xss,typical,ss,ss,-40,2.7,2.51189e+06,26805.2,-69.8419
rtyp-mss-xss,typical,ss,ss,-40,2.7,3.98107e+06,17574.2,-76.9384
rtyp-mss-xss,typical,ss,ss,-40,2.7,6.30957e+06,11268.9,-81.6622
rtyp-mss-xss,typical,ss,ss,-40,2.7,1e+07,7157.06,-84.7072
rtyp-mss-xss,typical,ss,ss,-40,2.7,1.58489e+07,4527.8,-86.6410
rtyp-mss-xss,typical,ss,ss,-40,2.7,2.51189e+07,2859.96,-87.8580
rtyp-mss-xss,typical,ss,ss,-40,2.7,3.98107e+07,1805.42,-88.6151
rtyp-mss-xss,typical,ss,ss,-40,2.7,6.30957e+07,1139.57,-89.0762
rtyp-mss-xss,typical,ss,ss,-40,2.7,1e+08,719.392,-89.3461
rtyp-mss-xss,typical,ss,ss,27,0.3,100,1.29051e+07,-89.6604
rtyp-mss-xss,typical,ss,ss,27,0.3,158.489,8.14278e+06,-89.4709
rtyp-mss-xss,typical,ss,ss,27,0.3,251.189,5.13809e+06,-89.1673
rtyp-mss-xss,typical,ss,ss,27,0.3,398.107,3.24244e+06,-88.6840
rtyp-mss-xss,typical,ss,ss,27,0.3,630.957,2.04669e+06,-87.9172
rtyp-mss-xss,typical,ss,ss,27,0.3,1000,1.29271e+06,-86.7027
rtyp-mss-xss,typical,ss,ss,27,0.3,1584.89,817753,-84.7842
rtyp-mss-xss,typical,ss,ss,27,0.3,2511.89,519297,-81.7702
rtyp-mss-xss,typical,ss,ss,27,0.3,3981.07,332873,-77.0969
rtyp-mss-xss,typical,ss,ss,27,0.3,6309.57,218081,-70.0725
rtyp-mss-xss,typical,ss,ss,27,0.3,10000,149601,-60.2107
rtyp-mss-xss,typical,ss,ss,27,0.3,15848.9,111156,-48.0467
rtyp-mss-xss,typical,ss,ss,27,0.3,25118.9,91448.4,-35.6832
rtyp-mss-xss,typical,ss,ss,27,0.3,39810.7,82268.5,-25.5866
rtyp-mss-xss,typical,ss,ss,27,0.3,63095.7,78233.5,-18.9263
rtyp-mss-xss,typical,ss,ss,27,0.3,100000,76360.9,-15.6933
rtyp-mss-xss,typical,ss,ss,27,0.3,158489,75087.6,-15.6252
rtyp-mss-xss,typical,ss,ss,27,0.3,251189,73338.2,-18.7146
rtyp-mss-xss,typical,ss,ss,27,0.3,398107,69858.1,-25.2191
rtyp-mss-xss,typical,ss,ss,27,0.3,630957,63045.9,-35.1775
rtyp-mss-xss,typical,ss,ss,27,0.3,1e+06,52098.9,-47.4873
rtyp-mss-xss,typical,ss,ss,27,0.3,1.58489e+06,38874,-59.7133
rtyp-mss-xss,typical,ss,ss,27,0.3,2.51189e+06,26741.1,-69.6972
rtyp-mss-xss,typical,ss,ss,27,0.3,3.98107e+06,17544.1,-76.8378
rtyp-mss-xss,typical,ss,ss,27,0.3,6.30957e+06,11253,-81.5963
rtyp-mss-xss,typical,ss,ss,27,0.3,1e+07,7147.87,-84.6650
rtyp-mss-xss,typical,ss,ss,27,0.3,1.58489e+07,4522.21,-86.6144
rtyp-mss-xss,typical,ss,ss,27,0.3,2.51189e+07,2856.49,-87.8413
rtyp-mss-xss,typical,ss,ss,27,0.3,3.98107e+07,1803.24,-88.6049
rtyp-mss-xss,typical,ss,ss,27,0.3,6.30957e+07,1138.19,-89.0702
rtyp-mss-xss,typical,ss,ss,27,0.3,1e+08,718.52,-89.3428
rtyp-mss-xss,typical,ss,ss,27,0.9,100,1.19624e+07,-89.6341
rtyp-mss-xss,typical,ss,ss,27,0.9,158.489,7.54797e+06,-89.4286
rtyp-mss-xss,typical,ss,ss,27,0.9,251.189,4.76281e+06,-89.0998
rtyp-mss-xss,typical,ss,ss,27,0.9,398.107,3.00571e+06,-88.5769
rtyp-mss-xss,typical,ss,ss,27,0.9,630.957,1.89738e+06,-87.7474
rtyp-mss-xss,typical,ss,ss,27,0.9,1000,1.19861e+06,-86.4341
rtyp-mss-xss,typical,ss,ss,27,0.9,1584.89,758554,-84.3608
rtyp-mss-xss,typical,ss,ss,27,0.9,2511.89,482213,-81.1084
rtyp-mss-xss,typical,ss,ss,27,0.9,3981.07,309884,-76.0832
rtyp-mss-xss,typical,ss,ss,27,0.9,6309.57,204172,-68.5907
rtyp-mss-xss,typical,ss,ss,27,0.9,10000,141604,-58.2457
rtyp-mss-xss,typical,ss,ss,27,0.9,15848.9,106949,-45.8379
rtyp-mss-xss,typical,ss,ss,27,0.9,25118.9,89481.7,-33.6604
rtyp-mss-xss,typical,ss,ss,27,0.9,39810.7,81460.9,-24.0316
rtyp-mss-xss,typical,ss,ss,27,0.9,63095.7,77956.5,-17.8540
rtyp-mss-xss,typical,ss,ss,27,0.9,100000,76308.2,-14.9946
rtyp-mss-xss,typical,ss,ss,27,0.9,158489,75124.8,-15.1846
rtyp-mss-xss,typical,ss,ss,27,0.9,251189,73406.6,-18.4460
rtyp-mss-xss,typical,ss,ss,27,0.9,398107,69929.2,-25.0647
rtyp-mss-xss,typical,ss,ss,27,0.9,630957,63101.7,-35.0982
rtyp-mss-xss,typical,ss,ss,27,0.9,1e+06,52131.1,-47.4534
rtyp-mss-xss,typical,ss,ss,27,0.9,1.58489e+06,38887.5,-59.7016
rtyp-mss-xss,typical,ss,ss,27,0.9,2.51189e+06,26745.5,-69.6939
rtyp-mss-xss,typical,ss,ss,27,0.9,3.98107e+06,17545.4,-76.8370
rtyp-mss-xss,typical,ss,ss,27,0.9,6.30957e+06,11253.3,-81.5961
rtyp-mss-xss,typical,ss,ss,27,0.9,1e+07,7147.96,-84.6650
rtyp-mss-xss,typical,ss,ss,27,0.9,1.58489e+07,4522.23,-86.6144
rtyp-mss-xss,typical,ss,ss,27,0.9,2.51189e+07,2856.49,-87.8413
rtyp-mss-xss,typical,ss,ss,27,0.9,3.98107e+07,1803.25,-88.6049
rtyp-mss-xss,typical,ss,ss,27,0.9,6.30957e+07,1138.19,-89.0702
rtyp-mss-xss,typical,ss,ss,27,0.9,1e+08,718.52,-89.3428
rtyp-mss-xss,typical,ss,ss,27,1.35,100,1.18222e+07,-89.6298
rtyp-mss-xss,typical,ss,ss,27,1.35,158.489,7.45955e+06,-89.4217
rtyp-mss-xss,typical,ss,ss,27,1.35,251.189,4.70703e+06,-89.0889
rtyp-mss-xss,typical,ss,ss,27,1.35,398.107,2.97052e+06,-88.5595
rtyp-mss-xss,typical,ss,ss,27,1.35,630.957,1.87519e+06,-87.7198
rtyp-mss-xss,typical,ss,ss,27,1.35,1000,1.18463e+06,-86.3905
rtyp-mss-xss,typical,ss,ss,27,1.35,1584.89,749758,-84.2921
rtyp-mss-xss,typical,ss,ss,27,1.35,2511.89,476706,-81.0012
rtyp-mss-xss,typical,ss,ss,27,1.35,3981.07,306476,-75.9195
rtyp-mss-xss,typical,ss,ss,27,1.35,6309.57,202117,-68.3530
rtyp-mss-xss,typical,ss,ss,27,1.35,10000,140431,-57.9345
rtyp-mss-xss,typical,ss,ss,27,1.35,15848.9,106338,-45.4948
rtyp-mss-xss,typical,ss,ss,27,1.35,25118.9,89199.1,-33.3521
rtyp-mss-xss,typical,ss,ss,27,1.35,39810.7,81346,-23.7978
rtyp-mss-xss,typical,ss,ss,27,1.35,63095.7,77917.7,-17.6940
rtyp-mss-xss,typical,ss,ss,27,1.35,100000,76301.4,-14.8907
rtyp-mss-xss,typical,ss,ss,27,1.35,158489,75130.7,-15.1192
rtyp-mss-xss,typical,ss,ss,27,1.35,251189,73417,-18.4061
rtyp-mss-xss,typical,ss,ss,27,1.35,398107,69939.8,-25.0418
rtyp-mss-xss,typical,ss,ss,27,1.35,630957,63110,-35.0865
rtyp-mss-xss,typical,ss,ss,27,1.35,1e+06,52135.9,-47.4483
rtyp-mss-xss,typical,ss,ss,27,1.35,1.58489e+06,38889.5,-59.6999
rtyp-mss-xss,typical,ss,ss,27,1.35,2.51189e+06,26746.2,-69.6934
rtyp-mss-xss,typical,ss,ss,27,1.35,3.98107e+06,17545.5,-76.8369
rtyp-mss-xss,typical,ss,ss,27,1.35,6.30957e+06,11253.4,-81.5961
rtyp-mss-xss,typical,ss,ss,27,1.35,1e+07,7147.97,-84.6650
rtyp-mss-xss,typical,ss,ss,27,1.35,1.58489e+07,4522.24,-86.6144
rtyp-mss-xss,typical,ss,ss,27,1.35,2.51189e+07,2856.49,-87.8413
rtyp-mss-xss,typical,ss,ss,27,1.35,3.98107e+07,1803.25,-88.6049
rtyp-mss-xss,typical,ss,ss,27,1.35,6.30957e+07,1138.19,-89.0702
rtyp-mss-xss,typical,ss,ss,27,1.35,1e+08,718.52,-89.3428
rtyp-mss-xss,typical,ss,ss,27,1.8,100,1.17862e+07,-89.6287
rtyp-mss-xss,typical,ss,ss,27,1.8,158.489,7.43683e+06,-89.4199
rtyp-mss-xss,typical,ss,ss,27,1.8,251.189,4.69269e+06,-89.0860
rtyp-mss-xss,typical,ss,ss,27,1.8,398.107,2.96147e+06,-88.5550
rtyp-mss-xss,typical,ss,ss,27,1.8,630.957,1.86949e+06,-87.7126
rtyp-mss-xss,typical,ss,ss,27,1.8,1000,1.18103e+06,-86.3791
rtyp-mss-xss,typical,ss,ss,27,1.8,1584.89,747498,-84.2742
rtyp-mss-xss,typical,ss,ss,27,1.8,2511.89,475292,-80.9733
rtyp-mss-xss,typical,ss,ss,27,1.8,3981.07,305601,-75.8769
rtyp-mss-xss,typical,ss,ss,27,1.8,6309.57,201589,-68.2912
rtyp-mss-xss,typical,ss,ss,27,1.8,10000,140130,-57.8537
rtyp-mss-xss,typical,ss,ss,27,1.8,15848.9,106182,-45.4060
rtyp-mss-xss,typical,ss,ss,27,1.8,25118.9,89126.9,-33.2726
rtyp-mss-xss,typical,ss,ss,27,1.8,39810.7,81316.7,-23.7376
rtyp-mss-xss,typical,ss,ss,27,1.8,63095.7,77907.8,-17.6528
rtyp-mss-xss,typical,ss,ss,27,1.8,100000,76299.7,-14.8639
rtyp-mss-xss,typical,ss,ss,27,1.8,158489,75132.2,-15.1024
rtyp-mss-xss,typical,ss,ss,27,1.8,251189,73419.7,-18.3959
rtyp-mss-xss,typical,ss,ss,27,1.8,398107,69942.5,-25.0359
rtyp-mss-xss,typical,ss,ss,27,1.8,630957,63112.1,-35.0835
rtyp-mss-xss,typical,ss,ss,27,1.8,1e+06,52137.2,-47.4470
rtyp-mss-xss,typical,ss,ss,27,1.8,1.58489e+06,38890,-59.6994
rtyp-mss-xss,typical,ss,ss,27,1.8,2.51189e+06,26746.3,-69.6933
rtyp-mss-xss,typical,ss,ss,27,1.8,3.98107e+06,17545.6,-76.8369
rtyp-mss-xss,typical,ss,ss,27,1.8,6.30957e+06,11253.4,-81.5961
rtyp-mss-xss,typical,ss,ss,27,1.8,1e+07,7147.97,-84.6650
rtyp-mss-xss,typical,ss,ss,27,1.8,1.58489e+07,4522.24,-86.6144
rtyp-mss-xss,typical,ss,ss,27,1.8,2.51189e+07,2856.49,-87.8413
rtyp-mss-xss,typical,ss,ss,27,1.8,3.98107e+07,1803.25,-88.6049
rtyp-mss-xss,typical,ss,ss,27,1.8,6.30957e+07,1138.19,-89.0702
rtyp-mss-xss,typical,ss,ss,27,1.8,1e+08,718.52,-89.3428
rtyp-mss-xss,typical,ss,ss,27,2.25,100,1.1777e+07,-89.6284
rtyp-mss-xss,typical,ss,ss,27,2.25,158.489,7.43101e+06,-89.4195
rtyp-mss-xss,typical,ss,ss,27,2.25,251.189,4.68902e+06,-89.0853
rtyp-mss-xss,typical,ss,ss,27,2.25,398.107,2.95916e+06,-88.5538
rtyp-mss-xss,typical,ss,ss,27,2.25,630.957,1.86803e+06,-87.7108
rtyp-mss-xss,typical,ss,ss,27,2.25,1000,1.18011e+06,-86.3762
rtyp-mss-xss,typical,ss,ss,27,2.25,1584.89,746919,-84.2696
rtyp-mss-xss,typical,ss,ss,27,2.25,2511.89,474929,-80.9661
rtyp-mss-xss,typical,ss,ss,27,2.25,3981.07,305376,-75.8659
rtyp-mss-xss,typical,ss,ss,27,2.25,6309.57,201454,-68.2753
rtyp-mss-xss,typical,ss,ss,27,2.25,10000,140053,-57.8330
rtyp-mss-xss,typical,ss,ss,27,2.25,15848.9,106142,-45.3832
rtyp-mss-xss,typical,ss,ss,27,2.25,25118.9,89108.5,-33.2522
rtyp-mss-xss,typical,ss,ss,27,2.25,39810.7,81309.2,-23.7222
rtyp-mss-xss,typical,ss,ss,27,2.25,63095.7,77905.3,-17.6423
rtyp-mss-xss,typical,ss,ss,27,2.25,100000,76299.2,-14.8571
rtyp-mss-xss,typical,ss,ss,27,2.25,158489,75132.6,-15.0981
rtyp-mss-xss,typical,ss,ss,27,2.25,251189,73420.3,-18.3932
rtyp-mss-xss,typical,ss,ss,27,2.25,398107,69943.2,-25.0344
rtyp-mss-xss,typical,ss,ss,27,2.25,630957,63112.7,-35.0827
rtyp-mss-xss,typical,ss,ss,27,2.25,1e+06,52137.5,-47.4467
rtyp-mss-xss,typical,ss,ss,27,2.25,1.58489e+06,38890.2,-59.6993
rtyp-mss-xss,typical,ss,ss,27,2.25,2.51189e+06,26746.4,-69.6932
rtyp-mss-xss,typical,ss,ss,27,2.25,3.98107e+06,17545.6,-76.8369
rtyp-mss-xss,typical,ss,ss,27,2.25,6.30957e+06,11253.4,-81.5961
rtyp-mss-xss,typical,ss,ss,27,2.25,1e+07,7147.97,-84.6650
rtyp-mss-xss,typical,ss,ss,27,2.25,1.58489e+07,4522.24,-86.6144
rtyp-mss-xss,typical,ss,ss,27,2.25,2.51189e+07,2856.49,-87.8413
rtyp-mss-xss,typical,ss,ss,27,2.25,3.98107e+07,1803.25,-88.6049
rtyp-mss-xss,typical,ss,ss,27,2.25,6.30957e+07,1138.19,-89.0702
rtyp-mss-xss,typical,ss,ss,27,2.25,1e+08,718.52,-89.3428
rtyp-mss-xss,typical,ss,ss,27,2.7,100,1.17746e+07,-89.6284
rtyp-mss-xss,typical,ss,ss,27,2.7,158.489,7.42952e+06,-89.4194
rtyp-mss-xss,typical,ss,ss,27,2.7,251.189,4.68808e+06,-89.0851
rtyp-mss-xss,typical,ss,ss,27,2.7,398.107,2.95856e+06,-88.5535
rtyp-mss-xss,typical,ss,ss,27,2.7,630.957,1.86765e+06,-87.7103
rtyp-mss-xss,typical,ss,ss,27,2.7,1000,1.17988e+06,-86.3755
rtyp-mss-xss,typical,ss,ss,27,2.7,1584.89,746771,-84.2685
rtyp-mss-xss,typical,ss,ss,27,2.7,2511.89,474837,-80.9642
rtyp-mss-xss,typical,ss,ss,27,2.7,3981.07,305319,-75.8631
rtyp-mss-xss,typical,ss,ss,27,2.7,6309.57,201420,-68.2712
rtyp-mss-xss,typical,ss,ss,27,2.7,10000,140033,-57.8277
rtyp-mss-xss,typical,ss,ss,27,2.7,15848.9,106131,-45.3774
rtyp-mss-xss,typical,ss,ss,27,2.7,25118.9,89103.8,-33.2470
rtyp-mss-xss,typical,ss,ss,27,2.7,39810.7,81307.3,-23.7183
rtyp-mss-xss,typical,ss,ss,27,2.7,63095.7,77904.6,-17.6396
rtyp-mss-xss,typical,ss,ss,27,2.7,100000,76299.1,-14.8554
rtyp-mss-xss,typical,ss,ss,27,2.7,158489,75132.7,-15.0970
rtyp-mss-xss,typical,ss,ss,27,2.7,251189,73420.5,-18.3926
rtyp-mss-xss,typical,ss,ss,27,2.7,398107,69943.4,-25.0340
rtyp-mss-xss,typical,ss,ss,27,2.7,630957,63112.8,-35.0825
rtyp-mss-xss,typical,ss,ss,27,2.7,1e+06,52137.6,-47.4466
rtyp-mss-xss,typical,ss,ss,27,2.7,1.58489e+06,38890.2,-59.6993
rtyp-mss-xss,typical,ss,ss,27,2.7,2.51189e+06,26746.4,-69.6932
rtyp-mss-xss,typical,ss,ss,27,2.7,3.98107e+06,17545.6,-76.8369
rtyp-mss-xss,typical,ss,ss,27,2.7,6.30957e+06,11253.4,-81.5961
rtyp-mss-xss,typical,ss,ss,27,2.7,1e+07,7147.97,-84.6650
rtyp-mss-xss,typical,ss,ss,27,2.7,1.58489e+07,4522.24,-86.6144
rtyp-mss-xss,typical,ss,ss,27,2.7,2.51189e+07,2856.49,-87.8413
rtyp-mss-xss,typical,ss,ss,27,2.7,3.98107e+07,1803.25,-88.6049
rtyp-mss-xss,typical,ss,ss,27,2.7,6.30957e+07,1138.19,-89.0702
rtyp-mss-xss,typical,ss,ss,27,2.7,1e+08,718.52,-89.3428
rtyp-mss-xss,typical,ss,ss,125,0.3,100,1.29049e+07,-89.6611
rtyp-mss-xss,typical,ss,ss,125,0.3,158.489,8.14266e+06,-89.4721
rtyp-mss-xss,typical,ss,ss,125,0.3,251.189,5.138e+06,-89.1691
rtyp-mss-xss,typical,ss,ss,125,0.3,398.107,3.24239e+06,-88.6870
rtyp-mss-xss,typical,ss,ss,125,0.3,630.957,2.04665e+06,-87.9219
rtyp-mss-xss,typical,ss,ss,125,0.3,1000,1.29268e+06,-86.7101
rtyp-mss-xss,typical,ss,ss,125,0.3,1584.89,817724,-84.7959
rtyp-mss-xss,typical,ss,ss,125,0.3,2511.89,519264,-81.7886
rtyp-mss-xss,typical,ss,ss,125,0.3,3981.07,332829,-77.1251
rtyp-mss-xss,typical,ss,ss,125,0.3,6309.57,218018,-70.1139
rtyp-mss-xss,typical,ss,ss,125,0.3,10000,149512,-60.2662
rtyp-mss-xss,typical,ss,ss,125,0.3,15848.9,111039,-48.1098
rtyp-mss-xss,typical,ss,ss,125,0.3,25118.9,91306.1,-35.7411
rtyp-mss-xss,typical,ss,ss,125,0.3,39810.7,82110.9,-25.6300
rtyp-mss-xss,typical,ss,ss,125,0.3,63095.7,78068.7,-18.9536
rtyp-mss-xss,typical,ss,ss,125,0.3,100000,76193.8,-15.7064
rtyp-mss-xss,typical,ss,ss,125,0.3,158489,74922.2,-15.6259
rtyp-mss-xss,typical,ss,ss,125,0.3,251189,73179.4,-18.7034
rtyp-mss-xss,typical,ss,ss,125,0.3,398107,69714.7,-25.1960
rtyp-mss-xss,typical,ss,ss,125,0.3,630957,62930.2,-35.1439
rtyp-mss-xss,typical,ss,ss,125,0.3,1e+06,52019.3,-47.4493
rtyp-mss-xss,typical,ss,ss,125,0.3,1.58489e+06,38826,-59.6793
rtyp-mss-xss,typical,ss,ss,125,0.3,2.51189e+06,26713.3,-69.6715
rtyp-mss-xss,typical,ss,ss,125,0.3,3.98107e+06,17527.6,-76.8203
rtyp-mss-xss,typical,ss,ss,125,0.3,6.30957e+06,11242.9,-81.5848
rtyp-mss-xss,typical,ss,ss,125,0.3,1e+07,7141.6,-84.6577
rtyp-mss-xss,typical,ss,ss,125,0.3,1.58489e+07,4518.28,-86.6098
rtyp-mss-xss,typical,ss,ss,125,0.3,2.51189e+07,2854.01,-87.8384
rtyp-mss-xss,typical,ss,ss,125,0.3,3.98107e+07,1801.68,-88.6032
rtyp-mss-xss,typical,ss,ss,125,0.3,6.30957e+07,1137.2,-89.0693
rtyp-mss-xss,typical,ss,ss,125,0.3,1e+08,717.895,-89.3424
rtyp-mss-xss,typical,ss,ss,125,0.9,100,1.19622e+07,-89.6349
rtyp-mss-xss,typical,ss,ss,125,0.9,158.489,7.54786e+06,-89.4299
rtyp-mss-xss,typical,ss,ss,125,0.9,251.189,4.76274e+06,-89.1018
rtyp-mss-xss,typical,ss,ss,125,0.9,398.107,3.00566e+06,-88.5801
rtyp-mss-xss,typical,ss,ss,125,0.9,630.957,1.89735e+06,-87.7525
rtyp-mss-xss,typical,ss,ss,125,0.9,1000,1.19858e+06,-86.4421
rtyp-mss-xss,typical,ss,ss,125,0.9,1584.89,758526,-84.3735
rtyp-mss-xss,typical,ss,ss,125,0.9,2511.89,482179,-81.1282
rtyp-mss-xss,typical,ss,ss,125,0.9,3981.07,309838,-76.1134
rtyp-mss-xss,typical,ss,ss,125,0.9,6309.57,204106,-68.6346
rtyp-mss-xss,typical,ss,ss,125,0.9,10000,141511,-58.3032
rtyp-mss-xss,typical,ss,ss,125,0.9,15848.9,106827,-45.9012
rtyp-mss-xss,typical,ss,ss,125,0.9,25118.9,89336.1,-33.7165
rtyp-mss-xss,typical,ss,ss,125,0.9,39810.7,81301.4,-24.0725
rtyp-mss-xss,typical,ss,ss,125,0.9,63095.7,77790.7,-17.8791
rtyp-mss-xss,typical,ss,ss,125,0.9,100000,76140.7,-15.0061
rtyp-mss-xss,typical,ss,ss,125,0.9,158489,74959.1,-15.1843
rtyp-mss-xss,typical,ss,ss,125,0.9,251189,73247.7,-18.4342
rtyp-mss-xss,typical,ss,ss,125,0.9,398107,69785.7,-25.0411
rtyp-mss-xss,typical,ss,ss,125,0.9,630957,62985.9,-35.0644
rtyp-mss-xss,typical,ss,ss,125,0.9,1e+06,52051.5,-47.4153
rtyp-mss-xss,typical,ss,ss,125,0.9,1.58489e+06,38839.5,-59.6675
rtyp-mss-xss,typical,ss,ss,125,0.9,2.51189e+06,26717.7,-69.6682
rtyp-mss-xss,typical,ss,ss,125,0.9,3.98107e+06,17528.9,-76.8195
rtyp-mss-xss,typical,ss,ss,125,0.9,6.30957e+06,11243.2,-81.5847
rtyp-mss-xss,typical,ss,ss,125,0.9,1e+07,7141.68,-84.6577
rtyp-mss-xss,typical,ss,ss,125,0.9,1.58489e+07,4518.3,-86.6098
rtyp-mss-xss,typical,ss,ss,125,0.9,2.51189e+07,2854.02,-87.8385
rtyp-mss-xss,typical,ss,ss,125,0.9,3.98107e+07,1801.68,-88.6032
rtyp-mss-xss,typical,ss,ss,125,0.9,6.30957e+07,1137.2,-89.0693
rtyp-mss-xss,typical,ss,ss,125,0.9,1e+08,717.895,-89.3424
rtyp-mss-xss,typical,ss,ss,125,1.35,100,1.18221e+07,-89.6307
rtyp-mss-xss,typical,ss,ss,125,1.35,158.489,7.45944e+06,-89.4230
rtyp-mss-xss,typical,ss,ss,125,1.35,251.189,4.70696e+06,-89.0909
rtyp-mss-xss,typical,ss,ss,125,1.35,398.107,2.97047e+06,-88.5627
rtyp-mss-xss,typical,ss,ss,125,1.35,630.957,1.87516e+06,-87.7250
rtyp-mss-xss,typical,ss,ss,125,1.35,1000,1.1846e+06,-86.3987
rtyp-mss-xss,typical,ss,ss,125,1.35,1584.89,749730,-84.3050
rtyp-mss-xss,typical,ss,ss,125,1.35,2511.89,476673,-81.0212
rtyp-mss-xss,typical,ss,ss,125,1.35,3981.07,306429,-75.9501
rtyp-mss-xss,typical,ss,ss,125,1.35,6309.57,202050,-68.3973
rtyp-mss-xss,typical,ss,ss,125,1.35,10000,140337,-57.9923
rtyp-mss-xss,typical,ss,ss,125,1.35,15848.9,106215,-45.5580
rtyp-mss-xss,typical,ss,ss,125,1.35,25118.9,89053,-33.4079
rtyp-mss-xss,typical,ss,ss,125,1.35,39810.7,81186.3,-23.8383
rtyp-mss-xss,typical,ss,ss,125,1.35,63095.7,77751.7,-17.7188
rtyp-mss-xss,typical,ss,ss,125,1.35,100000,76133.8,-14.9020
rtyp-mss-xss,typical,ss,ss,125,1.35,158489,74964.9,-15.1187
rtyp-mss-xss,typical,ss,ss,125,1.35,251189,73258,-18.3942
rtyp-mss-xss,typical,ss,ss,125,1.35,398107,69796.3,-25.0182
rtyp-mss-xss,typical,ss,ss,125,1.35,630957,62994.2,-35.0526
rtyp-mss-xss,typical,ss,ss,125,1.35,1e+06,52056.3,-47.4102
rtyp-mss-xss,typical,ss,ss,125,1.35,1.58489e+06,38841.5,-59.6658
rtyp-mss-xss,typical,ss,ss,125,1.35,2.51189e+06,26718.4,-69.6677
rtyp-mss-xss,typical,ss,ss,125,1.35,3.98107e+06,17529,-76.8193
rtyp-mss-xss,typical,ss,ss,125,1.35,6.30957e+06,11243.3,-81.5847
rtyp-mss-xss,typical,ss,ss,125,1.35,1e+07,7141.7,-84.6577
rtyp-mss-xss,typical,ss,ss,125,1.35,1.58489e+07,4518.3,-86.6098
rtyp-mss-xss,typical,ss,ss,125,1.35,2.51189e+07,2854.02,-87.8385
rtyp-mss-xss,typical,ss,ss,125,1.35,3.98107e+07,1801.68,-88.6032
rtyp-mss-xss,typical,ss,ss,125,1.35,6.30957e+07,1137.2,-89.0693
rtyp-mss-xss,typical,ss,ss,125,1.35,1e+08,717.895,-89.3424
rtyp-mss-xss,typical,ss,ss,125,1.8,100,1.1786e+07,-89.6295
rtyp-mss-xss,typical,ss,ss,125,1.8,158.489,7.43672e+06,-89.4213
rtyp-mss-xss,typical,ss,ss,125,1.8,251.189,4.69262e+06,-89.0881
rtyp-mss-xss,typical,ss,ss,125,1.8,398.107,2.96143e+06,-88.5582
rtyp-mss-xss,typical,ss,ss,125,1.8,630.957,1.86945e+06,-87.7178
rtyp-mss-xss,typical,ss,ss,125,1.8,1000,1.181e+06,-86.3873
rtyp-mss-xss,typical,ss,ss,125,1.8,1584.89,747470,-84.2871
rtyp-mss-xss,typical,ss,ss,125,1.8,2511.89,475258,-80.9934
rtyp-mss-xss,typical,ss,ss,125,1.8,3981.07,305554,-75.9075
rtyp-mss-xss,typical,ss,ss,125,1.8,6309.57,201522,-68.3356
rtyp-mss-xss,typical,ss,ss,125,1.8,10000,140036,-57.9116
rtyp-mss-xss,typical,ss,ss,125,1.8,15848.9,106058,-45.4692
rtyp-mss-xss,typical,ss,ss,125,1.8,25118.9,88980.7,-33.3283
rtyp-mss-xss,typical,ss,ss,125,1.8,39810.7,81157,-23.7781
rtyp-mss-xss,typical,ss,ss,125,1.8,63095.7,77741.8,-17.6775
rtyp-mss-xss,typical,ss,ss,125,1.8,100000,76132,-14.8752
rtyp-mss-xss,typical,ss,ss,125,1.8,158489,74966.5,-15.1019
rtyp-mss-xss,typical,ss,ss,125,1.8,251189,73260.7,-18.3839
rtyp-mss-xss,typical,ss,ss,125,1.8,398107,69799,-25.0123
rtyp-mss-xss,typical,ss,ss,125,1.8,630957,62996.3,-35.0496
rtyp-mss-xss,typical,ss,ss,125,1.8,1e+06,52057.5,-47.4089
rtyp-mss-xss,typical,ss,ss,125,1.8,1.58489e+06,38842,-59.6653
rtyp-mss-xss,typical,ss,ss,125,1.8,2.51189e+06,26718.5,-69.6675
rtyp-mss-xss,typical,ss,ss,125,1.8,3.98107e+06,17529.1,-76.8193
rtyp-mss-xss,typical,ss,ss,125,1.8,6.30957e+06,11243.3,-81.5846
rtyp-mss-xss,typical,ss,ss,125,1.8,1e+07,7141.7,-84.6577
rtyp-mss-xss,typical,ss,ss,125,1.8,1.58489e+07,4518.3,-86.6098
rtyp-mss-xss,typical,ss,ss,125,1.8,2.51189e+07,2854.02,-87.8385
rtyp-mss-xss,typical,ss,ss,125,1.8,3.98107e+07,1801.68,-88.6032
rtyp-mss-xss,typical,ss,ss,125,1.8,6.30957e+07,1137.2,-89.0693
rtyp-mss-xss,typical,ss,ss,125,1.8,1e+08,717.895,-89.3424
rtyp-mss-xss,typical,ss,ss,125,2.25,100,1.17768e+07,-89.6293
rtyp-mss-xss,typical,ss,ss,125,2.25,158.489,7.43091e+06,-89.4208
rtyp-mss-xss,typical,ss,ss,125,2.25,251.189,4.68895e+06,-89.0873
rtyp-mss-xss,typical,ss,ss,125,2.25,398.107,2.95911e+06,-88.5571
rtyp-mss-xss,typical,ss,ss,125,2.25,630.957,1.86799e+06,-87.7160
rtyp-mss-xss,typical,ss,ss,125,2.25,1000,1.18008e+06,-86.3844
rtyp-mss-xss,typical,ss,ss,125,2.25,1584.89,746891,-84.2825
rtyp-mss-xss,typical,ss,ss,125,2.25,2511.89,474895,-80.9862
rtyp-mss-xss,typical,ss,ss,125,2.25,3981.07,305330,-75.8966
rtyp-mss-xss,typical,ss,ss,125,2.25,6309.57,201387,-68.3197
rtyp-mss-xss,typical,ss,ss,125,2.25,10000,139959,-57.8909
rtyp-mss-xss,typical,ss,ss,125,2.25,15848.9,106018,-45.4464
rtyp-mss-xss,typical,ss,ss,125,2.25,25118.9,88962.2,-33.3079
rtyp-mss-xss,typical,ss,ss,125,2.25,39810.7,81149.5,-23.7626
rtyp-mss-xss,typical,ss,ss,125,2.25,63095.7,77739.3,-17.6670
rtyp-mss-xss,typical,ss,ss,125,2.25,100000,76131.6,-14.8683
rtyp-mss-xss,typical,ss,ss,125,2.25,158489,74966.9,-15.0976
rtyp-mss-xss,typical,ss,ss,125,2.25,251189,73261.4,-18.3813
rtyp-mss-xss,typical,ss,ss,125,2.25,398107,69799.7,-25.0108
rtyp-mss-xss,typical,ss,ss,125,2.25,630957,62996.9,-35.0488
rtyp-mss-xss,typical,ss,ss,125,2.25,1e+06,52057.8,-47.4086
rtyp-mss-xss,typical,ss,ss,125,2.25,1.58489e+06,38842.2,-59.6652
rtyp-mss-xss,typical,ss,ss,125,2.25,2.51189e+06,26718.6,-69.6675
rtyp-mss-xss,typical,ss,ss,125,2.25,3.98107e+06,17529.1,-76.8193
rtyp-mss-xss,typical,ss,ss,125,2.25,6.30957e+06,11243.3,-81.5846
rtyp-mss-xss,typical,ss,ss,125,2.25,1e+07,7141.7,-84.6577
rtyp-mss-xss,typical,ss,ss,125,2.25,1.58489e+07,4518.3,-86.6098
rtyp-mss-xss,typical,ss,ss,125,2.25,2.51189e+07,2854.02,-87.8385
rtyp-mss-xss,typical,ss,ss,125,2.25,3.98107e+07,1801.68,-88.6032
rtyp-mss-xss,typical,ss,ss,125,2.25,6.30957e+07,1137.2,-89.0693
rtyp-mss-xss,typical,ss,ss,125,2.25,1e+08,717.895,-89.3424
rtyp-mss-xss,typical,ss,ss,125,2.7,100,1.17745e+07,-89.6292
rtyp-mss-xss,typical,ss,ss,125,2.7,158.489,7.42942e+06,-89.4207
rtyp-mss-xss,typical,ss,ss,125,2.7,251.189,4.68801e+06,-89.0872
rtyp-mss-xss,typical,ss,ss,125,2.7,398.107,2.95852e+06,-88.5568
rtyp-mss-xss,typical,ss,ss,125,2.7,630.957,1.86762e+06,-87.7155
rtyp-mss-xss,typical,ss,ss,125,2.7,1000,1.17985e+06,-86.3837
rtyp-mss-xss,typical,ss,ss,125,2.7,1584.89,746743,-84.2814
rtyp-mss-xss,typical,ss,ss,125,2.7,2511.89,474803,-80.9844
rtyp-mss-xss,typical,ss,ss,125,2.7,3981.07,305272,-75.8938
rtyp-mss-xss,typical,ss,ss,125,2.7,6309.57,201353,-68.3157
rtyp-mss-xss,typical,ss,ss,125,2.7,10000,139939,-57.8856
rtyp-mss-xss,typical,ss,ss,125,2.7,15848.9,106008,-45.4406
rtyp-mss-xss,typical,ss,ss,125,2.7,25118.9,88957.5,-33.3027
rtyp-mss-xss,typical,ss,ss,125,2.7,39810.7,81147.5,-23.7587
rtyp-mss-xss,typical,ss,ss,125,2.7,63095.7,77738.6,-17.6643
rtyp-mss-xss,typical,ss,ss,125,2.7,100000,76131.5,-14.8666
rtyp-mss-xss,typical,ss,ss,125,2.7,158489,74967,-15.0965
rtyp-mss-xss,typical,ss,ss,125,2.7,251189,73261.5,-18.3806
rtyp-mss-xss,typical,ss,ss,125,2.7,398107,69799.9,-25.0104
rtyp-mss-xss,typical,ss,ss,125,2.7,630957,62997,-35.0486
rtyp-mss-xss,typical,ss,ss,125,2.7,1e+06,52057.9,-47.4085
rtyp-mss-xss,typical,ss,ss,125,2.7,1.58489e+06,38842.2,-59.6652
rtyp-mss-xss,typical,ss,ss,125,2.7,2.51189e+06,26718.6,-69.6675
rtyp-mss-xss,typical,ss,ss,125,2.7,3.98107e+06,17529.1,-76.8193
rtyp-mss-xss,typical,ss,ss,125,2.7,6.30957e+06,11243.3,-81.5846
rtyp-mss-xss,typical,ss,ss,125,2.7,1e+07,7141.7,-84.6577
rtyp-mss-xss,typical,ss,ss,125,2.7,1.58489e+07,4518.3,-86.6098
rtyp-mss-xss,typical,ss,ss,125,2.7,2.51189e+07,2854.02,-87.8385
rtyp-mss-xss,typical,ss,ss,125,2.7,3.98107e+07,1801.68,-88.6032
rtyp-mss-xss,typical,ss,ss,125,2.7,6.30957e+07,1137.2,-89.0693
rtyp-mss-xss,typical,ss,ss,125,2.7,1e+08,717.895,-89.3424
rtyp-mss-xtyp,typical,ss,typical,-40,0.3,100,1.29262e+07,-89.6567
rtyp-mss-xtyp,typical,ss,typical,-40,0.3,158.489,8.15612e+06,-89.4652
rtyp-mss-xtyp,typical,ss,typical,-40,0.3,251.189,5.14651e+06,-89.1582
rtyp-mss-xtyp,typical,ss,typical,-40,0.3,398.107,3.24777e+06,-88.6696
rtyp-mss-xtyp,typical,ss,typical,-40,0.3,630.957,2.05006e+06,-87.8944
rtyp-mss-xtyp,typical,ss,typical,-40,0.3,1000,1.29486e+06,-86.6667
rtyp-mss-xtyp,typical,ss,typical,-40,0.3,1584.89,819157,-84.7274
rtyp-mss-xtyp,typical,ss,typical,-40,0.3,2511.89,520251,-81.6812
rtyp-mss-xtyp,typical,ss,typical,-40,0.3,3981.07,333579,-76.9597
rtyp-mss-xtyp,typical,ss,typical,-40,0.3,6309.57,218684,-69.8687
rtyp-mss-xtyp,typical,ss,typical,-40,0.3,10000,150204,-59.9302
rtyp-mss-xtyp,typical,ss,typical,-40,0.3,15848.9,111821,-47.7051
rtyp-mss-xtyp,typical,ss,typical,-40,0.3,25118.9,92186.1,-35.3148
rtyp-mss-xtyp,typical,ss,typical,-40,0.3,39810.7,83061.4,-25.2011
rtyp-mss-xtyp,typical,ss,typical,-40,0.3,63095.7,79066.9,-18.4860
rtyp-mss-xtyp,typical,ss,typical,-40,0.3,100000,77242,-15.1216
rtyp-mss-xtyp,typical,ss,typical,-40,0.3,158489,76061.6,-14.8130
rtyp-mss-xtyp,typical,ss,typical,-40,0.3,251189,74517.6,-17.5243
rtyp-mss-xtyp,typical,ss,typical,-40,0.3,398107,71457.7,-23.5203
rtyp-mss-xtyp,typical,ss,typical,-40,0.3,630957,65311.2,-32.9693
rtyp-mss-xtyp,typical,ss,typical,-40,0.3,1e+06,54965.5,-45.0588
rtyp-mss-xtyp,typical,ss,typical,-40,0.3,1.58489e+06,41761.7,-57.5333
rtyp-mss-xtyp,typical,ss,typical,-40,0.3,2.51189e+06,29084.5,-68.0426
rtyp-mss-xtyp,typical,ss,typical,-40,0.3,3.98107e+06,19204.7,-75.7017
rtyp-mss-xtyp,typical,ss,typical,-40,0.3,6.30957e+06,12353.8,-80.8528
rtyp-mss-xtyp,typical,ss,typical,-40,0.3,1e+07,7856.61,-84.1881
rtyp-mss-xtyp,typical,ss,typical,-40,0.3,1.58489e+07,4973.06,-86.3102
rtyp-mss-xtyp,typical,ss,typical,-40,0.3,2.51189e+07,3141.9,-87.6466
rtyp-mss-xtyp,typical,ss,typical,-40,0.3,3.98107e+07,1983.6,-88.4784
rtyp-mss-xtyp,typical,ss,typical,-40,0.3,6.30957e+07,1252.1,-88.9849
rtyp-mss-xtyp,typical,ss,typical,-40,0.3,1e+08,790.477,-89.2814
rtyp-mss-xtyp,typical,ss,typical,-40,0.9,100,1.19805e+07,-89.6302
rtyp-mss-xtyp,typical,ss,typical,-40,0.9,158.489,7.55944e+06,-89.4225
rtyp-mss-xtyp,typical,ss,typical,-40,0.9,251.189,4.77005e+06,-89.0901
rtyp-mss-xtyp,typical,ss,typical,-40,0.9,398.107,3.01029e+06,-88.5615
rtyp-mss-xtyp,typical,ss,typical,-40,0.9,630.957,1.90029e+06,-87.7230
rtyp-mss-xtyp,typical,ss,typical,-40,0.9,1000,1.20048e+06,-86.3956
rtyp-mss-xtyp,typical,ss,typical,-40,0.9,1584.89,759777,-84.3001
rtyp-mss-xtyp,typical,ss,typical,-40,0.9,2511.89,483056,-81.0135
rtyp-mss-xtyp,typical,ss,typical,-40,0.9,3981.07,310528,-75.9376
rtyp-mss-xtyp,typical,ss,typical,-40,0.9,6309.57,204745,-68.3766
rtyp-mss-xtyp,typical,ss,typical,-40,0.9,10000,142199,-57.9568
rtyp-mss-xtyp,typical,ss,typical,-40,0.9,15848.9,107614,-45.4955
rtyp-mss-xtyp,typical,ss,typical,-40,0.9,25118.9,90219.7,-33.2992
rtyp-mss-xtyp,typical,ss,typical,-40,0.9,39810.7,82250.7,-23.6558
rtyp-mss-xtyp,typical,ss,typical,-40,0.9,63095.7,78784.2,-17.4216
rtyp-mss-xtyp,typical,ss,typical,-40,0.9,100000,77182.6,-14.4277
rtyp-mss-xtyp,typical,ss,typical,-40,0.9,158489,76091.8,-14.3746
rtyp-mss-xtyp,typical,ss,typical,-40,0.9,251189,74580.2,-17.2554
rtyp-mss-xtyp,typical,ss,typical,-40,0.9,398107,71525,-23.3637
rtyp-mss-xtyp,typical,ss,typical,-40,0.9,630957,65366.4,-32.8868
rtyp-mss-xtyp,typical,ss,typical,-40,0.9,1e+06,54999.2,-45.0221
rtyp-mss-xtyp,typical,ss,typical,-40,0.9,1.58489e+06,41776.7,-57.5202
rtyp-mss-xtyp,typical,ss,typical,-40,0.9,2.51189e+06,29089.5,-68.0387
rtyp-mss-xtyp,typical,ss,typical,-40,0.9,3.98107e+06,19206.2,-75.7007
rtyp-mss-xtyp,typical,ss,typical,-40,0.9,6.30957e+06,12354.2,-80.8526
rtyp-mss-xtyp,typical,ss,typical,-40,0.9,1e+07,7856.71,-84.1881
rtyp-mss-xtyp,typical,ss,typical,-40,0.9,1.58489e+07,4973.08,-86.3103
rtyp-mss-xtyp,typical,ss,typical,-40,0.9,2.51189e+07,3141.91,-87.6467
rtyp-mss-xtyp,typical,ss,typical,-40,0.9,3.98107e+07,1983.6,-88.4784
rtyp-mss-xtyp,typical,ss,typical,-40,0.9,6.30957e+07,1252.1,-88.9849
rtyp-mss-xtyp,typical,ss,typical,-40,0.9,1e+08,790.477,-89.2815
rtyp-mss-xtyp,typical,ss,typical,-40,1.35,100,1.184e+07,-89.6259
rtyp-mss-xtyp,typical,ss,typical,-40,1.35,158.489,7.47075e+06,-89.4155
rtyp-mss-xtyp,typical,ss,typical,-40,1.35,251.189,4.7141e+06,-89.0791
rtyp-mss-xtyp,typical,ss,typical,-40,1.35,398.107,2.97499e+06,-88.5440
rtyp-mss-xtyp,typical,ss,typical,-40,1.35,630.957,1.87803e+06,-87.6952
rtyp-mss-xtyp,typical,ss,typical,-40,1.35,1000,1.18645e+06,-86.3516
rtyp-mss-xtyp,typical,ss,typical,-40,1.35,1584.89,750954,-84.2309
rtyp-mss-xtyp,typical,ss,typical,-40,1.35,2511.89,477534,-80.9054
rtyp-mss-xtyp,typical,ss,typical,-40,1.35,3981.07,307111,-75.7726
rtyp-mss-xtyp,typical,ss,typical,-40,1.35,6309.57,202686,-68.1374
rtyp-mss-xtyp,typical,ss,typical,-40,1.35,10000,141024,-57.6444
rtyp-mss-xtyp,typical,ss,typical,-40,1.35,15848.9,107003,-45.1523
rtyp-mss-xtyp,typical,ss,typical,-40,1.35,25118.9,89937.2,-32.9922
rtyp-mss-xtyp,typical,ss,typical,-40,1.35,39810.7,82135.4,-23.4235
rtyp-mss-xtyp,typical,ss,typical,-40,1.35,63095.7,78744.5,-17.2627
rtyp-mss-xtyp,typical,ss,typical,-40,1.35,100000,77174.7,-14.3245
rtyp-mss-xtyp,typical,ss,typical,-40,1.35,158489,76096.7,-14.3094
rtyp-mss-xtyp,typical,ss,typical,-40,1.35,251189,74589.7,-17.2155
rtyp-mss-xtyp,typical,ss,typical,-40,1.35,398107,71535.1,-23.3404
rtyp-mss-xtyp,typical,ss,typical,-40,1.35,630957,65374.6,-32.8745
rtyp-mss-xtyp,typical,ss,typical,-40,1.35,1e+06,55004.3,-45.0167
rtyp-mss-xtyp,typical,ss,typical,-40,1.35,1.58489e+06,41778.9,-57.5182
rtyp-mss-xtyp,typical,ss,typical,-40,1.35,2.51189e+06,29090.3,-68.0382
rtyp-mss-xtyp,typical,ss,typical,-40,1.35,3.98107e+06,19206.4,-75.7006
rtyp-mss-xtyp,typical,ss,typical,-40,1.35,6.30957e+06,12354.2,-80.8526
rtyp-mss-xtyp,typical,ss,typical,-40,1.35,1e+07,7856.72,-84.1881
rtyp-mss-xtyp,typical,ss,typical,-40,1.35,1.58489e+07,4973.09,-86.3103
rtyp-mss-xtyp,typical,ss,typical,-40,1.35,2.51189e+07,3141.91,-87.6467
rtyp-mss-xtyp,typical,ss,typical,-40,1.35,3.98107e+07,1983.6,-88.4784
rtyp-mss-xtyp,typical,ss,typical,-40,1.35,6.30957e+07,1252.1,-88.9849
rtyp-mss-xtyp,typical,ss,typical,-40,1.35,1e+08,790.477,-89.2815
rtyp-mss-xtyp,typical,ss,typical,-40,1.8,100,1.18038e+07,-89.6248
rtyp-mss-xtyp,typical,ss,typical,-40,1.8,158.489,7.44796e+06,-89.4137
rtyp-mss-xtyp,typical,ss,typical,-40,1.8,251.189,4.69972e+06,-89.0762
rtyp-mss-xtyp,typical,ss,typical,-40,1.8,398.107,2.96592e+06,-88.5394
rtyp-mss-xtyp,typical,ss,typical,-40,1.8,630.957,1.87231e+06,-87.6880
rtyp-mss-xtyp,typical,ss,typical,-40,1.8,1000,1.18284e+06,-86.3402
rtyp-mss-xtyp,typical,ss,typical,-40,1.8,1584.89,748688,-84.2128
rtyp-mss-xtyp,typical,ss,typical,-40,1.8,2511.89,476116,-80.8772
rtyp-mss-xtyp,typical,ss,typical,-40,1.8,3981.07,306234,-75.7296
rtyp-mss-xtyp,typical,ss,typical,-40,1.8,6309.57,202158,-68.0751
rtyp-mss-xtyp,typical,ss,typical,-40,1.8,10000,140723,-57.5633
rtyp-mss-xtyp,typical,ss,typical,-40,1.8,15848.9,106847,-45.0635
rtyp-mss-xtyp,typical,ss,typical,-40,1.8,25118.9,89865,-32.9130
rtyp-mss-xtyp,typical,ss,typical,-40,1.8,39810.7,82106,-23.3637
rtyp-mss-xtyp,typical,ss,typical,-40,1.8,63095.7,78734.4,-17.2219
rtyp-mss-xtyp,typical,ss,typical,-40,1.8,100000,77172.8,-14.2980
rtyp-mss-xtyp,typical,ss,typical,-40,1.8,158489,76098,-14.2927
rtyp-mss-xtyp,typical,ss,typical,-40,1.8,251189,74592.1,-17.2052
rtyp-mss-xtyp,typical,ss,typical,-40,1.8,398107,71537.7,-23.3345
rtyp-mss-xtyp,typical,ss,typical,-40,1.8,630957,65376.7,-32.8714
rtyp-mss-xtyp,typical,ss,typical,-40,1.8,1e+06,55005.5,-45.0153
rtyp-mss-xtyp,typical,ss,typical,-40,1.8,1.58489e+06,41779.5,-57.5177
rtyp-mss-xtyp,typical,ss,typical,-40,1.8,2.51189e+06,29090.5,-68.0380
rtyp-mss-xtyp,typical,ss,typical,-40,1.8,3.98107e+06,19206.5,-75.7005
rtyp-mss-xtyp,typical,ss,typical,-40,1.8,6.30957e+06,12354.2,-80.8526
rtyp-mss-xtyp,typical,ss,typical,-40,1.8,1e+07,7856.73,-84.1881
rtyp-mss-xtyp,typical,ss,typical,-40,1.8,1.58489e+07,4973.09,-86.3103
rtyp-mss-xtyp,typical,ss,typical,-40,1.8,2.51189e+07,3141.91,-87.6467
rtyp-mss-xtyp,typical,ss,typical,-40,1.8,3.98107e+07,1983.6,-88.4784
rtyp-mss-xtyp,typical,ss,typical,-40,1.8,6.30957e+07,1252.1,-88.9849
rtyp-mss-xtyp,typical,ss,typical,-40,1.8,1e+08,790.477,-89.2815
rtyp-mss-xtyp,typical,ss,typical,-40,2.25,100,1.17946e+07,-89.6245
rtyp-mss-xtyp,typical,ss,typical,-40,2.25,158.489,7.44212e+06,-89.4133
rtyp-mss-xtyp,typical,ss,typical,-40,2.25,251.189,4.69604e+06,-89.0754
rtyp-mss-xtyp,typical,ss,typical,-40,2.25,398.107,2.9636e+06,-88.5382
rtyp-mss-xtyp,typical,ss,typical,-40,2.25,630.957,1.87085e+06,-87.6861
rtyp-mss-xtyp,typical,ss,typical,-40,2.25,1000,1.18192e+06,-86.3372
rtyp-mss-xtyp,typical,ss,typical,-40,2.25,1584.89,748107,-84.2082
rtyp-mss-xtyp,typical,ss,typical,-40,2.25,2511.89,475752,-80.8699
rtyp-mss-xtyp,typical,ss,typical,-40,2.25,3981.07,306009,-75.7185
rtyp-mss-xtyp,typical,ss,typical,-40,2.25,6309.57,202022,-68.0591
rtyp-mss-xtyp,typical,ss,typical,-40,2.25,10000,140646,-57.5425
rtyp-mss-xtyp,typical,ss,typical,-40,2.25,15848.9,106807,-45.0408
rtyp-mss-xtyp,typical,ss,typical,-40,2.25,25118.9,89846.6,-32.8926
rtyp-mss-xtyp,typical,ss,typical,-40,2.25,39810.7,82098.5,-23.3484
rtyp-mss-xtyp,typical,ss,typical,-40,2.25,63095.7,78731.8,-17.2114
rtyp-mss-xtyp,typical,ss,typical,-40,2.25,100000,77172.2,-14.2912
rtyp-mss-xtyp,typical,ss,typical,-40,2.25,158489,76098.3,-14.2884
rtyp-mss-xtyp,typical,ss,typical,-40,2.25,251189,74592.7,-17.2026
rtyp-mss-xtyp,typical,ss,typical,-40,2.25,398107,71538.4,-23.3329
rtyp-mss-xtyp,typical,ss,typical,-40,2.25,630957,65377.2,-32.8706
rtyp-mss-xtyp,typical,ss,typical,-40,2.25,1e+06,55005.9,-45.0149
rtyp-mss-xtyp,typical,ss,typical,-40,2.25,1.58489e+06,41779.6,-57.5176
rtyp-mss-xtyp,typical,ss,typical,-40,2.25,2.51189e+06,29090.5,-68.0380
rtyp-mss-xtyp,typical,ss,typical,-40,2.25,3.98107e+06,19206.5,-75.7005
rtyp-mss-xtyp,typical,ss,typical,-40,2.25,6.30957e+06,12354.2,-80.8526
rtyp-mss-xtyp,typical,ss,typical,-40,2.25,1e+07,7856.73,-84.1881
rtyp-mss-xtyp,typical,ss,typical,-40,2.25,1.58489e+07,4973.09,-86.3103
rtyp-mss-xtyp,typical,ss,typical,-40,2.25,2.51189e+07,3141.91,-87.6467
rtyp-mss-xtyp,typical,ss,typical,-40,2.25,3.98107e+07,1983.6,-88.4784
rtyp-mss-xtyp,typical,ss,typical,-40,2.25,6.30957e+07,1252.1,-88.9849
rtyp-mss-xtyp,typical,ss,typical,-40,2.25,1e+08,790.477,-89.2815
rtyp-mss-xtyp,typical,ss,typical,-40,2.7,100,1.17922e+07,-89.6244
rtyp-mss-xtyp,typical,ss,typical,-40,2.7,158.489,7.44063e+06,-89.4132
rtyp-mss-xtyp,typical,ss,typical,-40,2.7,251.189,4.6951e+06,-89.0753
rtyp-mss-xtyp,typical,ss,typical,-40,2.7,398.107,2.963e+06,-88.5379
rtyp-mss-xtyp,typical,ss,typical,-40,2.7,630.957,1.87047e+06,-87.6856
rtyp-mss-xtyp,typical,ss,typical,-40,2.7,1000,1.18168e+06,-86.3365
rtyp-mss-xtyp,typical,ss,typical,-40,2.7,1584.89,747959,-84.2070
rtyp-mss-xtyp,typical,ss,typical,-40,2.7,2511.89,475659,-80.8681
rtyp-mss-xtyp,typical,ss,typical,-40,2.7,3981.07,305951,-75.7157
rtyp-mss-xtyp,typical,ss,typical,-40,2.7,6309.57,201988,-68.0550
rtyp-mss-xtyp,typical,ss,typical,-40,2.7,10000,140626,-57.5371
rtyp-mss-xtyp,typical,ss,typical,-40,2.7,15848.9,106797,-45.0349
rtyp-mss-xtyp,typical,ss,typical,-40,2.7,25118.9,89841.9,-32.8875
rtyp-mss-xtyp,typical,ss,typical,-40,2.7,39810.7,82096.6,-23.3445
rtyp-mss-xtyp,typical,ss,typical,-40,2.7,63095.7,78731.2,-17.2087
rtyp-mss-xtyp,typical,ss,typical,-40,2.7,100000,77172.1,-14.2895
rtyp-mss-xtyp,typical,ss,typical,-40,2.7,158489,76098.4,-14.2873
rtyp-mss-xtyp,typical,ss,typical,-40,2.7,251189,74592.9,-17.2019
rtyp-mss-xtyp,typical,ss,typical,-40,2.7,398107,71538.5,-23.3325
rtyp-mss-xtyp,typical,ss,typical,-40,2.7,630957,65377.4,-32.8704
rtyp-mss-xtyp,typical,ss,typical,-40,2.7,1e+06,55006,-45.0148
rtyp-mss-xtyp,typical,ss,typical,-40,2.7,1.58489e+06,41779.7,-57.5176
rtyp-mss-xtyp,typical,ss,typical,-40,2.7,2.51189e+06,29090.5,-68.0380
rtyp-mss-xtyp,typical,ss,typical,-40,2.7,3.98107e+06,19206.5,-75.7005
rtyp-mss-xtyp,typical,ss,typical,-40,2.7,6.30957e+06,12354.2,-80.8526
rtyp-mss-xtyp,typical,ss,typical,-40,2.7,1e+07,7856.73,-84.1881
rtyp-mss-xtyp,typical,ss,typical,-40,2.7,1.58489e+07,4973.09,-86.3103
rtyp-mss-xtyp,typical,ss,typical,-40,2.7,2.51189e+07,3141.91,-87.6467
rtyp-mss-xtyp,typical,ss,typical,-40,2.7,3.98107e+07,1983.6,-88.4784
rtyp-mss-xtyp,typical,ss,typical,-40,2.7,6.30957e+07,1252.1,-88.9849
rtyp-mss-xtyp,typical,ss,typical,-40,2.7,1e+08,790.477,-89.2815
rtyp-mss-xtyp,typical,ss,typical,27,0.3,100,1.2926e+07,-89.6598
rtyp-mss-xtyp,typical,ss,typical,27,0.3,158.489,8.15596e+06,-89.4700
rtyp-mss-xtyp,typical,ss,typical,27,0.3,251.189,5.1464e+06,-89.1659
rtyp-mss-xtyp,typical,ss,typical,27,0.3,398.107,3.24769e+06,-88.6819
rtyp-mss-xtyp,typical,ss,typical,27,0.3,630.957,2.05e+06,-87.9138
rtyp-mss-xtyp,typical,ss,typical,27,0.3,1000,1.2948e+06,-86.6973
rtyp-mss-xtyp,typical,ss,typical,27,0.3,1584.89,819076,-84.7757
rtyp-mss-xtyp,typical,ss,typical,27,0.3,2511.89,520137,-81.7568
rtyp-mss-xtyp,typical,ss,typical,27,0.3,3981.07,333412,-77.0757
rtyp-mss-xtyp,typical,ss,typical,27,0.3,6309.57,218434,-70.0388
rtyp-mss-xtyp,typical,ss,typical,27,0.3,10000,149844,-60.1573
rtyp-mss-xtyp,typical,ss,typical,27,0.3,15848.9,111339,-47.9621
rtyp-mss-xtyp,typical,ss,typical,27,0.3,25118.9,91601.7,-35.5492
rtyp-mss-xtyp,typical,ss,typical,27,0.3,39810.7,82413.8,-25.3744
rtyp-mss-xtyp,typical,ss,typical,27,0.3,63095.7,78389.3,-18.5908
rtyp-mss-xtyp,typical,ss,typical,27,0.3,100000,76555.5,-15.1648
rtyp-mss-xtyp,typical,ss,typical,27,0.3,158489,75382.3,-14.8000
rtyp-mss-xtyp,typical,ss,typical,27,0.3,251189,73866.9,-17.4542
rtyp-mss-xtyp,typical,ss,typical,27,0.3,398107,70873.6,-23.3882
rtyp-mss-xtyp,typical,ss,typical,27,0.3,630957,64850.9,-32.7783
rtyp-mss-xtyp,typical,ss,typical,27,0.3,1e+06,54671.1,-44.8369
rtyp-mss-xtyp,typical,ss,typical,27,0.3,1.58489e+06,41611.2,-57.3274
rtyp-mss-xtyp,typical,ss,typical,27,0.3,2.51189e+06,29015.6,-67.8833
rtyp-mss-xtyp,typical,ss,typical,27,0.3,3.98107e+06,19171.9,-75.5914
rtyp-mss-xtyp,typical,ss,typical,27,0.3,6.30957e+06,12336.4,-80.7804
rtyp-mss-xtyp,typical,ss,typical,27,0.3,1e+07,7846.53,-84.1418
rtyp-mss-xtyp,typical,ss,typical,27,0.3,1.58489e+07,4966.93,-86.2810
rtyp-mss-xtyp,typical,ss,typical,27,0.3,2.51189e+07,3138.09,-87.6284
rtyp-mss-xtyp,typical,ss,typical,27,0.3,3.98107e+07,1981.2,-88.4672
rtyp-mss-xtyp,typical,ss,typical,27,0.3,6.30957e+07,1250.59,-88.9784
rtyp-mss-xtyp,typical,ss,typical,27,0.3,1e+08,789.518,-89.2779
rtyp-mss-xtyp,typical,ss,typical,27,0.9,100,1.19803e+07,-89.6336
rtyp-mss-xtyp,typical,ss,typical,27,0.9,158.489,7.55929e+06,-89.4278
rtyp-mss-xtyp,typical,ss,typical,27,0.9,251.189,4.76995e+06,-89.0985
rtyp-mss-xtyp,typical,ss,typical,27,0.9,398.107,3.01021e+06,-88.5747
rtyp-mss-xtyp,typical,ss,typical,27,0.9,630.957,1.90023e+06,-87.7440
rtyp-mss-xtyp,typical,ss,typical,27,0.9,1000,1.20041e+06,-86.4287
rtyp-mss-xtyp,typical,ss,typical,27,0.9,1584.89,759692,-84.3523
rtyp-mss-xtyp,typical,ss,typical,27,0.9,2511.89,482936,-81.0949
rtyp-mss-xtyp,typical,ss,typical,27,0.9,3981.07,310350,-76.0619
rtyp-mss-xtyp,typical,ss,typical,27,0.9,6309.57,204479,-68.5569
rtyp-mss-xtyp,typical,ss,typical,27,0.9,10000,141818,-58.1922
rtyp-mss-xtyp,typical,ss,typical,27,0.9,15848.9,107112,-45.7531
rtyp-mss-xtyp,typical,ss,typical,27,0.9,25118.9,89621.2,-33.5260
rtyp-mss-xtyp,typical,ss,typical,27,0.9,39810.7,81595.2,-23.8188
rtyp-mss-xtyp,typical,ss,typical,27,0.9,63095.7,78102.6,-17.5177
rtyp-mss-xtyp,typical,ss,typical,27,0.9,100000,76494,-14.4647
rtyp-mss-xtyp,typical,ss,typical,27,0.9,158489,75411.3,-14.3574
rtyp-mss-xtyp,typical,ss,typical,27,0.9,251189,73928.7,-17.1826
rtyp-mss-xtyp,typical,ss,typical,27,0.9,398107,70940.5,-23.2298
rtyp-mss-xtyp,typical,ss,typical,27,0.9,630957,64905.9,-32.6947
rtyp-mss-xtyp,typical,ss,typical,27,0.9,1e+06,54705,-44.7997
rtyp-mss-xtyp,typical,ss,typical,27,0.9,1.58489e+06,41626.3,-57.3140
rtyp-mss-xtyp,typical,ss,typical,27,0.9,2.51189e+06,29020.7,-67.8794
rtyp-mss-xtyp,typical,ss,typical,27,0.9,3.98107e+06,19173.4,-75.5904
rtyp-mss-xtyp,typical,ss,typical,27,0.9,6.30957e+06,12336.8,-80.7803
rtyp-mss-xtyp,typical,ss,typical,27,0.9,1e+07,7846.63,-84.1418
rtyp-mss-xtyp,typical,ss,typical,27,0.9,1.58489e+07,4966.96,-86.2810
rtyp-mss-xtyp,typical,ss,typical,27,0.9,2.51189e+07,3138.1,-87.6284
rtyp-mss-xtyp,typical,ss,typical,27,0.9,3.98107e+07,1981.21,-88.4672
rtyp-mss-xtyp,typical,ss,typical,27,0.9,6.30957e+07,1250.59,-88.9784
rtyp-mss-xtyp,typical,ss,typical,27,0.9,1e+08,789.518,-89.2779
rtyp-mss-xtyp,typical,ss,typical,27,1.35,100,1.18397e+07,-89.6293
rtyp-mss-xtyp,typical,ss,typical,27,1.35,158.489,7.47061e+06,-89.4209
rtyp-mss-xtyp,typical,ss,typical,27,1.35,251.189,4.714e+06,-89.0875
rtyp-mss-xtyp,typical,ss,typical,27,1.35,398.107,2.97492e+06,-88.5574
rtyp-mss-xtyp,typical,ss,typical,27,1.35,630.957,1.87797e+06,-87.7164
rtyp-mss-xtyp,typical,ss,typical,27,1.35,1000,1.18638e+06,-86.3851
rtyp-mss-xtyp,typical,ss,typical,27,1.35,1584.89,750869,-84.2837
rtyp-mss-xtyp,typical,ss,typical,27,1.35,2511.89,477413,-80.9878
rtyp-mss-xtyp,typical,ss,typical,27,1.35,3981.07,306931,-75.8982
rtyp-mss-xtyp,typical,ss,typical,27,1.35,6309.57,202417,-68.3192
rtyp-mss-xtyp,typical,ss,typical,27,1.35,10000,140640,-57.8810
rtyp-mss-xtyp,typical,ss,typical,27,1.35,15848.9,106498,-45.4099
rtyp-mss-xtyp,typical,ss,typical,27,1.35,25118.9,89336.6,-33.2177
rtyp-mss-xtyp,typical,ss,typical,27,1.35,39810.7,81478.7,-23.5850
rtyp-mss-xtyp,typical,ss,typical,27,1.35,63095.7,78062.3,-17.3575
rtyp-mss-xtyp,typical,ss,typical,27,1.35,100000,76485.8,-14.3606
rtyp-mss-xtyp,typical,ss,typical,27,1.35,158489,75416,-14.2917
rtyp-mss-xtyp,typical,ss,typical,27,1.35,251189,73938,-17.1422
rtyp-mss-xtyp,typical,ss,typical,27,1.35,398107,70950.5,-23.2063
rtyp-mss-xtyp,typical,ss,typical,27,1.35,630957,64914.1,-32.6823
rtyp-mss-xtyp,typical,ss,typical,27,1.35,1e+06,54710,-44.7941
rtyp-mss-xtyp,typical,ss,typical,27,1.35,1.58489e+06,41628.5,-57.3120
rtyp-mss-xtyp,typical,ss,typical,27,1.35,2.51189e+06,29021.5,-67.8788
rtyp-mss-xtyp,typical,ss,typical,27,1.35,3.98107e+06,19173.6,-75.5903
rtyp-mss-xtyp,typical,ss,typical,27,1.35,6.30957e+06,12336.8,-80.7802
rtyp-mss-xtyp,typical,ss,typical,27,1.35,1e+07,7846.65,-84.1418
rtyp-mss-xtyp,typical,ss,typical,27,1.35,1.58489e+07,4966.96,-86.2810
rtyp-mss-xtyp,typical,ss,typical,27,1.35,2.51189e+07,3138.1,-87.6284
rtyp-mss-xtyp,typical,ss,typical,27,1.35,3.98107e+07,1981.21,-88.4672
rtyp-mss-xtyp,typical,ss,typical,27,1.35,6.30957e+07,1250.59,-88.9784
rtyp-mss-xtyp,typical,ss,typical,27,1.35,1e+08,789.518,-89.2779
rtyp-mss-xtyp,typical,ss,typical,27,1.8,100,1.18036e+07,-89.6282
rtyp-mss-xtyp,typical,ss,typical,27,1.8,158.489,7.44782e+06,-89.4191
rtyp-mss-xtyp,typical,ss,typical,27,1.8,251.189,4.69962e+06,-89.0847
rtyp-mss-xtyp,typical,ss,typical,27,1.8,398.107,2.96585e+06,-88.5528
rtyp-mss-xtyp,typical,ss,typical,27,1.8,630.957,1.87225e+06,-87.7093
rtyp-mss-xtyp,typical,ss,typical,27,1.8,1000,1.18278e+06,-86.3738
rtyp-mss-xtyp,typical,ss,typical,27,1.8,1584.89,748602,-84.2658
rtyp-mss-xtyp,typical,ss,typical,27,1.8,2511.89,475994,-80.9598
rtyp-mss-xtyp,typical,ss,typical,27,1.8,3981.07,306052,-75.8555
rtyp-mss-xtyp,typical,ss,typical,27,1.8,6309.57,201888,-68.2574
rtyp-mss-xtyp,typical,ss,typical,27,1.8,10000,140338,-57.8002
rtyp-mss-xtyp,typical,ss,typical,27,1.8,15848.9,106341,-45.3211
rtyp-mss-xtyp,typical,ss,typical,27,1.8,25118.9,89263.9,-33.1382
rtyp-mss-xtyp,typical,ss,typical,27,1.8,39810.7,81449,-23.5248
rtyp-mss-xtyp,typical,ss,typical,27,1.8,63095.7,78052.1,-17.3163
rtyp-mss-xtyp,typical,ss,typical,27,1.8,100000,76483.8,-14.3338
rtyp-mss-xtyp,typical,ss,typical,27,1.8,158489,75417.2,-14.2748
rtyp-mss-xtyp,typical,ss,typical,27,1.8,251189,73940.4,-17.1319
rtyp-mss-xtyp,typical,ss,typical,27,1.8,398107,70953.1,-23.2002
rtyp-mss-xtyp,typical,ss,typical,27,1.8,630957,64916.2,-32.6791
rtyp-mss-xtyp,typical,ss,typical,27,1.8,1e+06,54711.3,-44.7927
rtyp-mss-xtyp,typical,ss,typical,27,1.8,1.58489e+06,41629.1,-57.3115
rtyp-mss-xtyp,typical,ss,typical,27,1.8,2.51189e+06,29021.7,-67.8787
rtyp-mss-xtyp,typical,ss,typical,27,1.8,3.98107e+06,19173.7,-75.5902
rtyp-mss-xtyp,typical,ss,typical,27,1.8,6.30957e+06,12336.8,-80.7802
rtyp-mss-xtyp,typical,ss,typical,27,1.8,1e+07,7846.65,-84.1418
rtyp-mss-xtyp,typical,ss,typical,27,1.8,1.58489e+07,4966.96,-86.2810
rtyp-mss-xtyp,typical,ss,typical,27,1.8,2.51189e+07,3138.1,-87.6284
rtyp-mss-xtyp,typical,ss,typical,27,1.8,3.98107e+07,1981.21,-88.4672
rtyp-mss-xtyp,typical,ss,typical,27,1.8,6.30957e+07,1250.59,-88.9784
rtyp-mss-xtyp,typical,ss,typical,27,1.8,1e+08,789.518,-89.2779
rtyp-mss-xtyp,typical,ss,typical,27,2.25,100,1.17944e+07,-89.6279
rtyp-mss-xtyp,typical,ss,typical,27,2.25,158.489,7.44198e+06,-89.4186
rtyp-mss-xtyp,typical,ss,typical,27,2.25,251.189,4.69594e+06,-89.0839
rtyp-mss-xtyp,typical,ss,typical,27,2.25,398.107,2.96352e+06,-88.5517
rtyp-mss-xtyp,typical,ss,typical,27,2.25,630.957,1.87079e+06,-87.7074
rtyp-mss-xtyp,typical,ss,typical,27,2.25,1000,1.18185e+06,-86.3709
rtyp-mss-xtyp,typical,ss,typical,27,2.25,1584.89,748022,-84.2612
rtyp-mss-xtyp,typical,ss,typical,27,2.25,2511.89,475631,-80.9526
rtyp-mss-xtyp,typical,ss,typical,27,2.25,3981.07,305828,-75.8446
rtyp-mss-xtyp,typical,ss,typical,27,2.25,6309.57,201752,-68.2415
rtyp-mss-xtyp,typical,ss,typical,27,2.25,10000,140261,-57.7794
rtyp-mss-xtyp,typical,ss,typical,27,2.25,15848.9,106301,-45.2983
rtyp-mss-xtyp,typical,ss,typical,27,2.25,25118.9,89245.3,-33.1178
rtyp-mss-xtyp,typical,ss,typical,27,2.25,39810.7,81441.4,-23.5094
rtyp-mss-xtyp,typical,ss,typical,27,2.25,63095.7,78049.4,-17.3057
rtyp-mss-xtyp,typical,ss,typical,27,2.25,100000,76483.3,-14.3269
rtyp-mss-xtyp,typical,ss,typical,27,2.25,158489,75417.5,-14.2705
rtyp-mss-xtyp,typical,ss,typical,27,2.25,251189,73941,-17.1292
rtyp-mss-xtyp,typical,ss,typical,27,2.25,398107,70953.8,-23.1987
rtyp-mss-xtyp,typical,ss,typical,27,2.25,630957,64916.8,-32.6783
rtyp-mss-xtyp,typical,ss,typical,27,2.25,1e+06,54711.6,-44.7923
rtyp-mss-xtyp,typical,ss,typical,27,2.25,1.58489e+06,41629.2,-57.3114
rtyp-mss-xtyp,typical,ss,typical,27,2.25,2.51189e+06,29021.7,-67.8786
rtyp-mss-xtyp,typical,ss,typical,27,2.25,3.98107e+06,19173.7,-75.5902
rtyp-mss-xtyp,typical,ss,typical,27,2.25,6.30957e+06,12336.8,-80.7802
rtyp-mss-xtyp,typical,ss,typical,27,2.25,1e+07,7846.65,-84.1418
rtyp-mss-xtyp,typical,ss,typical,27,2.25,1.58489e+07,4966.96,-86.2810
rtyp-mss-xtyp,typical,ss,typical,27,2.25,2.51189e+07,3138.1,-87.6284
rtyp-mss-xtyp,typical,ss,typical,27,2.25,3.98107e+07,1981.21,-88.4672
rtyp-mss-xtyp,typical,ss,typical,27,2.25,6.30957e+07,1250.59,-88.9784
rtyp-mss-xtyp,typical,ss,typical,27,2.25,1e+08,789.518,-89.2779
rtyp-mss-xtyp,typical,ss,typical,27,2.7,100,1.1792e+07,-89.6278
rtyp-mss-xtyp,typical,ss,typical,27,2.7,158.489,7.44049e+06,-89.4185
rtyp-mss-xtyp,typical,ss,typical,27,2.7,251.189,4.695e+06,-89.0837
rtyp-mss-xtyp,typical,ss,typical,27,2.7,398.107,2.96293e+06,-88.5514
rtyp-mss-xtyp,typical,ss,typical,27,2.7,630.957,1.87041e+06,-87.7069
rtyp-mss-xtyp,typical,ss,typical,27,2.7,1000,1.18162e+06,-86.3701
rtyp-mss-xtyp,typical,ss,typical,27,2.7,1584.89,747873,-84.2600
rtyp-mss-xtyp,typical,ss,typical,27,2.7,2511.89,475538,-80.9508
rtyp-mss-xtyp,typical,ss,typical,27,2.7,3981.07,305770,-75.8418
rtyp-mss-xtyp,typical,ss,typical,27,2.7,6309.57,201718,-68.2374
rtyp-mss-xtyp,typical,ss,typical,27,2.7,10000,140241,-57.7741
rtyp-mss-xtyp,typical,ss,typical,27,2.7,15848.9,106291,-45.2925
rtyp-mss-xtyp,typical,ss,typical,27,2.7,25118.9,89240.6,-33.1126
rtyp-mss-xtyp,typical,ss,typical,27,2.7,39810.7,81439.5,-23.5054
rtyp-mss-xtyp,typical,ss,typical,27,2.7,63095.7,78048.8,-17.3031
rtyp-mss-xtyp,typical,ss,typical,27,2.7,100000,76483.1,-14.3252
rtyp-mss-xtyp,typical,ss,typical,27,2.7,158489,75417.6,-14.2693
rtyp-mss-xtyp,typical,ss,typical,27,2.7,251189,73941.2,-17.1285
rtyp-mss-xtyp,typical,ss,typical,27,2.7,398107,70953.9,-23.1983
rtyp-mss-xtyp,typical,ss,typical,27,2.7,630957,64916.9,-32.6781
rtyp-mss-xtyp,typical,ss,typical,27,2.7,1e+06,54711.7,-44.7922
rtyp-mss-xtyp,typical,ss,typical,27,2.7,1.58489e+06,41629.3,-57.3114
rtyp-mss-xtyp,typical,ss,typical,27,2.7,2.51189e+06,29021.8,-67.8786
rtyp-mss-xtyp,typical,ss,typical,27,2.7,3.98107e+06,19173.7,-75.5902
rtyp-mss-xtyp,typical,ss,typical,27,2.7,6.30957e+06,12336.9,-80.7802
rtyp-mss-xtyp,typical,ss,typical,27,2.7,1e+07,7846.65,-84.1418
rtyp-mss-xtyp,typical,ss,typical,27,2.7,1.58489e+07,4966.96,-86.2810
rtyp-mss-xtyp,typical,ss,typical,27,2.7,2.51189e+07,3138.1,-87.6284
rtyp-mss-xtyp,typical,ss,typical,27,2.7,3.98107e+07,1981.21,-88.4672
rtyp-mss-xtyp,typical,ss,typical,27,2.7,6.30957e+07,1250.59,-88.9784
rtyp-mss-xtyp,typical,ss,typical,27,2.7,1e+08,789.518,-89.2779
rtyp-mss-xtyp,typical,ss,typical,125,0.3,100,1.29258e+07,-89.6606
rtyp-mss-xtyp,typical,ss,typical,125,0.3,158.489,8.15584e+06,-89.4712
rtyp-mss-xtyp,typical,ss,typical,125,0.3,251.189,5.14632e+06,-89.1678
rtyp-mss-xtyp,typical,ss,typical,125,0.3,398.107,3.24764e+06,-88.6848
rtyp-mss-xtyp,typical,ss,typical,125,0.3,630.957,2.04996e+06,-87.9185
rtyp-mss-xtyp,typical,ss,typical,125,0.3,1000,1.29477e+06,-86.7048
rtyp-mss-xtyp,typical,ss,typical,125,0.3,1584.89,819049,-84.7875
rtyp-mss-xtyp,typical,ss,typical,125,0.3,2511.89,520105,-81.7752
rtyp-mss-xtyp,typical,ss,typical,125,0.3,3981.07,333369,-77.1039
rtyp-mss-xtyp,typical,ss,typical,125,0.3,6309.57,218372,-70.0803
rtyp-mss-xtyp,typical,ss,typical,125,0.3,10000,149756,-60.2129
rtyp-mss-xtyp,typical,ss,typical,125,0.3,15848.9,111221,-48.0253
rtyp-mss-xtyp,typical,ss,typical,125,0.3,25118.9,91459.4,-35.6073
rtyp-mss-xtyp,typical,ss,typical,125,0.3,39810.7,82256,-25.4181
rtyp-mss-xtyp,typical,ss,typical,125,0.3,63095.7,78224.1,-18.6185
rtyp-mss-xtyp,typical,ss,typical,125,0.3,100000,76387.9,-15.1785
rtyp-mss-xtyp,typical,ss,typical,125,0.3,158489,75215.8,-14.8018
rtyp-mss-xtyp,typical,ss,typical,125,0.3,251189,73706,-17.4446
rtyp-mss-xtyp,typical,ss,typical,125,0.3,398107,70726,-23.3669
rtyp-mss-xtyp,typical,ss,typical,125,0.3,630957,64728.5,-32.7462
rtyp-mss-xtyp,typical,ss,typical,125,0.3,1e+06,54584,-44.7990
rtyp-mss-xtyp,typical,ss,typical,125,0.3,1.58489e+06,41557.6,-57.2919
rtyp-mss-xtyp,typical,ss,typical,125,0.3,2.51189e+06,28984.6,-67.8558
rtyp-mss-xtyp,typical,ss,typical,125,0.3,3.98107e+06,19153.7,-75.5723
rtyp-mss-xtyp,typical,ss,typical,125,0.3,6.30957e+06,12325.3,-80.7679
rtyp-mss-xtyp,typical,ss,typical,125,0.3,1e+07,7839.63,-84.1338
rtyp-mss-xtyp,typical,ss,typical,125,0.3,1.58489e+07,4962.61,-86.2759
rtyp-mss-xtyp,typical,ss,typical,125,0.3,2.51189e+07,3135.37,-87.6252
rtyp-mss-xtyp,typical,ss,typical,125,0.3,3.98107e+07,1979.49,-88.4653
rtyp-mss-xtyp,typical,ss,typical,125,0.3,6.30957e+07,1249.5,-88.9773
rtyp-mss-xtyp,typical,ss,typical,125,0.3,1e+08,788.833,-89.2774
rtyp-mss-xtyp,typical,ss,typical,125,0.9,100,1.19801e+07,-89.6344
rtyp-mss-xtyp,typical,ss,typical,125,0.9,158.489,7.55919e+06,-89.4290
rtyp-mss-xtyp,typical,ss,typical,125,0.9,251.189,4.76989e+06,-89.1005
rtyp-mss-xtyp,typical,ss,typical,125,0.9,398.107,3.01017e+06,-88.5780
rtyp-mss-xtyp,typical,ss,typical,125,0.9,630.957,1.9002e+06,-87.7491
rtyp-mss-xtyp,typical,ss,typical,125,0.9,1000,1.20038e+06,-86.4368
rtyp-mss-xtyp,typical,ss,typical,125,0.9,1584.89,759665,-84.3650
rtyp-mss-xtyp,typical,ss,typical,125,0.9,2511.89,482903,-81.1148
rtyp-mss-xtyp,typical,ss,typical,125,0.9,3981.07,310304,-76.0922
rtyp-mss-xtyp,typical,ss,typical,125,0.9,6309.57,204413,-68.6009
rtyp-mss-xtyp,typical,ss,typical,125,0.9,10000,141725,-58.2497
rtyp-mss-xtyp,typical,ss,typical,125,0.9,15848.9,106990,-45.8165
rtyp-mss-xtyp,typical,ss,typical,125,0.9,25118.9,89475.5,-33.5823
rtyp-mss-xtyp,typical,ss,typical,125,0.9,39810.7,81435.6,-23.8600
rtyp-mss-xtyp,typical,ss,typical,125,0.9,63095.7,77936.5,-17.5432
rtyp-mss-xtyp,typical,ss,typical,125,0.9,100000,76325.9,-14.4770
rtyp-mss-xtyp,typical,ss,typical,125,0.9,158489,75244.6,-14.3582
rtyp-mss-xtyp,typical,ss,typical,125,0.9,251189,73767.6,-17.1723
rtyp-mss-xtyp,typical,ss,typical,125,0.9,398107,70792.8,-23.2081
rtyp-mss-xtyp,typical,ss,typical,125,0.9,630957,64783.5,-32.6623
rtyp-mss-xtyp,typical,ss,typical,125,0.9,1e+06,54617.9,-44.7616
rtyp-mss-xtyp,typical,ss,typical,125,0.9,1.58489e+06,41572.8,-57.2785
rtyp-mss-xtyp,typical,ss,typical,125,0.9,2.51189e+06,28989.7,-67.8518
rtyp-mss-xtyp,typical,ss,typical,125,0.9,3.98107e+06,19155.1,-75.5713
rtyp-mss-xtyp,typical,ss,typical,125,0.9,6.30957e+06,12325.7,-80.7677
rtyp-mss-xtyp,typical,ss,typical,125,0.9,1e+07,7839.73,-84.1338
rtyp-mss-xtyp,typical,ss,typical,125,0.9,1.58489e+07,4962.63,-86.2760
rtyp-mss-xtyp,typical,ss,typical,125,0.9,2.51189e+07,3135.38,-87.6253
rtyp-mss-xtyp,typical,ss,typical,125,0.9,3.98107e+07,1979.49,-88.4654
rtyp-mss-xtyp,typical,ss,typical,125,0.9,6.30957e+07,1249.5,-88.9774
rtyp-mss-xtyp,typical,ss,typical,125,0.9,1e+08,788.833,-89.2774
rtyp-mss-xtyp,typical,ss,typical,125,1.35,100,1.18396e+07,-89.6301
rtyp-mss-xtyp,typical,ss,typical,125,1.35,158.489,7.47051e+06,-89.4222
rtyp-mss-xtyp,typical,ss,typical,125,1.35,251.189,4.71394e+06,-89.0896
rtyp-mss-xtyp,typical,ss,typical,125,1.35,398.107,2.97487e+06,-88.5606
rtyp-mss-xtyp,typical,ss,typical,125,1.35,630.957,1.87794e+06,-87.7216
rtyp-mss-xtyp,typical,ss,typical,125,1.35,1000,1.18636e+06,-86.3933
rtyp-mss-xtyp,typical,ss,typical,125,1.35,1584.89,750842,-84.2965
rtyp-mss-xtyp,typical,ss,typical,125,1.35,2511.89,477380,-81.0078
rtyp-mss-xtyp,typical,ss,typical,125,1.35,3981.07,306884,-75.9288
rtyp-mss-xtyp,typical,ss,typical,125,1.35,6309.57,202350,-68.3636
rtyp-mss-xtyp,typical,ss,typical,125,1.35,10000,140546,-57.9389
rtyp-mss-xtyp,typical,ss,typical,125,1.35,15848.9,106375,-45.4733
rtyp-mss-xtyp,typical,ss,typical,125,1.35,25118.9,89190.4,-33.2737
rtyp-mss-xtyp,typical,ss,typical,125,1.35,39810.7,81318.8,-23.6258
rtyp-mss-xtyp,typical,ss,typical,125,1.35,63095.7,77896.1,-17.3827
rtyp-mss-xtyp,typical,ss,typical,125,1.35,100000,76317.7,-14.3726
rtyp-mss-xtyp,typical,ss,typical,125,1.35,158489,75249.3,-14.2923
rtyp-mss-xtyp,typical,ss,typical,125,1.35,251189,73776.9,-17.1319
rtyp-mss-xtyp,typical,ss,typical,125,1.35,398107,70802.8,-23.1845
rtyp-mss-xtyp,typical,ss,typical,125,1.35,630957,64791.7,-32.6498
rtyp-mss-xtyp,typical,ss,typical,125,1.35,1e+06,54622.9,-44.7560
rtyp-mss-xtyp,typical,ss,typical,125,1.35,1.58489e+06,41575,-57.2765
rtyp-mss-xtyp,typical,ss,typical,125,1.35,2.51189e+06,28990.5,-67.8512
rtyp-mss-xtyp,typical,ss,typical,125,1.35,3.98107e+06,19155.4,-75.5711
rtyp-mss-xtyp,typical,ss,typical,125,1.35,6.30957e+06,12325.7,-80.7677
rtyp-mss-xtyp,typical,ss,typical,125,1.35,1e+07,7839.75,-84.1338
rtyp-mss-xtyp,typical,ss,typical,125,1.35,1.58489e+07,4962.64,-86.2760
rtyp-mss-xtyp,typical,ss,typical,125,1.35,2.51189e+07,3135.38,-87.6253
rtyp-mss-xtyp,typical,ss,typical,125,1.35,3.98107e+07,1979.49,-88.4654
rtyp-mss-xtyp,typical,ss,typical,125,1.35,6.30957e+07,1249.5,-88.9774
rtyp-mss-xtyp,typical,ss,typical,125,1.35,1e+08,788.833,-89.2774
rtyp-mss-xtyp,typical,ss,typical,125,1.8,100,1.18035e+07,-89.6290
rtyp-mss-xtyp,typical,ss,typical,125,1.8,158.489,7.44772e+06,-89.4204
rtyp-mss-xtyp,typical,ss,typical,125,1.8,251.189,4.69956e+06,-89.0867
rtyp-mss-xtyp,typical,ss,typical,125,1.8,398.107,2.9658e+06,-88.5561
rtyp-mss-xtyp,typical,ss,typical,125,1.8,630.957,1.87222e+06,-87.7144
rtyp-mss-xtyp,typical,ss,typical,125,1.8,1000,1.18275e+06,-86.3820
rtyp-mss-xtyp,typical,ss,typical,125,1.8,1584.89,748575,-84.2786
rtyp-mss-xtyp,typical,ss,typical,125,1.8,2511.89,475961,-80.9799
rtyp-mss-xtyp,typical,ss,typical,125,1.8,3981.07,306006,-75.8862
rtyp-mss-xtyp,typical,ss,typical,125,1.8,6309.57,201821,-68.3018
rtyp-mss-xtyp,typical,ss,typical,125,1.8,10000,140244,-57.8581
rtyp-mss-xtyp,typical,ss,typical,125,1.8,15848.9,106218,-45.3845
rtyp-mss-xtyp,typical,ss,typical,125,1.8,25118.9,89117.6,-33.1941
rtyp-mss-xtyp,typical,ss,typical,125,1.8,39810.7,81289.1,-23.5655
rtyp-mss-xtyp,typical,ss,typical,125,1.8,63095.7,77885.8,-17.3415
rtyp-mss-xtyp,typical,ss,typical,125,1.8,100000,76315.6,-14.3458
rtyp-mss-xtyp,typical,ss,typical,125,1.8,158489,75250.5,-14.2754
rtyp-mss-xtyp,typical,ss,typical,125,1.8,251189,73779.3,-17.1215
rtyp-mss-xtyp,typical,ss,typical,125,1.8,398107,70805.4,-23.1785
rtyp-mss-xtyp,typical,ss,typical,125,1.8,630957,64793.8,-32.6466
rtyp-mss-xtyp,typical,ss,typical,125,1.8,1e+06,54624.2,-44.7546
rtyp-mss-xtyp,typical,ss,typical,125,1.8,1.58489e+06,41575.6,-57.2759
rtyp-mss-xtyp,typical,ss,typical,125,1.8,2.51189e+06,28990.7,-67.8511
rtyp-mss-xtyp,typical,ss,typical,125,1.8,3.98107e+06,19155.4,-75.5711
rtyp-mss-xtyp,typical,ss,typical,125,1.8,6.30957e+06,12325.7,-80.7677
rtyp-mss-xtyp,typical,ss,typical,125,1.8,1e+07,7839.75,-84.1338
rtyp-mss-xtyp,typical,ss,typical,125,1.8,1.58489e+07,4962.64,-86.2760
rtyp-mss-xtyp,typical,ss,typical,125,1.8,2.51189e+07,3135.38,-87.6253
rtyp-mss-xtyp,typical,ss,typical,125,1.8,3.98107e+07,1979.49,-88.4654
rtyp-mss-xtyp,typical,ss,typical,125,1.8,6.30957e+07,1249.5,-88.9774
rtyp-mss-xtyp,typical,ss,typical,125,1.8,1e+08,788.833,-89.2774
rtyp-mss-xtyp,typical,ss,typical,125,2.25,100,1.17942e+07,-89.6287
rtyp-mss-xtyp,typical,ss,typical,125,2.25,158.489,7.44188e+06,-89.4199
rtyp-mss-xtyp,typical,ss,typical,125,2.25,251.189,4.69588e+06,-89.0860
rtyp-mss-xtyp,typical,ss,typical,125,2.25,398.107,2.96348e+06,-88.5549
rtyp-mss-xtyp,typical,ss,typical,125,2.25,630.957,1.87075e+06,-87.7126
rtyp-mss-xtyp,typical,ss,typical,125,2.25,1000,1.18183e+06,-86.3791
rtyp-mss-xtyp,typical,ss,typical,125,2.25,1584.89,747995,-84.2741
rtyp-mss-xtyp,typical,ss,typical,125,2.25,2511.89,475597,-80.9728
rtyp-mss-xtyp,typical,ss,typical,125,2.25,3981.07,305781,-75.8753
rtyp-mss-xtyp,typical,ss,typical,125,2.25,6309.57,201685,-68.2860
rtyp-mss-xtyp,typical,ss,typical,125,2.25,10000,140167,-57.8374
rtyp-mss-xtyp,typical,ss,typical,125,2.25,15848.9,106178,-45.3617
rtyp-mss-xtyp,typical,ss,typical,125,2.25,25118.9,89099,-33.1737
rtyp-mss-xtyp,typical,ss,typical,125,2.25,39810.7,81281.4,-23.5501
rtyp-mss-xtyp,typical,ss,typical,125,2.25,63095.7,77883.2,-17.3309
rtyp-mss-xtyp,typical,ss,typical,125,2.25,100000,76315.1,-14.3389
rtyp-mss-xtyp,typical,ss,typical,125,2.25,158489,75250.8,-14.2710
rtyp-mss-xtyp,typical,ss,typical,125,2.25,251189,73779.9,-17.1189
rtyp-mss-xtyp,typical,ss,typical,125,2.25,398107,70806,-23.1769
rtyp-mss-xtyp,typical,ss,typical,125,2.25,630957,64794.3,-32.6458
rtyp-mss-xtyp,typical,ss,typical,125,2.25,1e+06,54624.6,-44.7542
rtyp-mss-xtyp,typical,ss,typical,125,2.25,1.58489e+06,41575.7,-57.2758
rtyp-mss-xtyp,typical,ss,typical,125,2.25,2.51189e+06,28990.7,-67.8510
rtyp-mss-xtyp,typical,ss,typical,125,2.25,3.98107e+06,19155.4,-75.5711
rtyp-mss-xtyp,typical,ss,typical,125,2.25,6.30957e+06,12325.7,-80.7677
rtyp-mss-xtyp,typical,ss,typical,125,2.25,1e+07,7839.75,-84.1338
rtyp-mss-xtyp,typical,ss,typical,125,2.25,1.58489e+07,4962.64,-86.2760
rtyp-mss-xtyp,typical,ss,typical,125,2.25,2.51189e+07,3135.38,-87.6253
rtyp-mss-xtyp,typical,ss,typical,125,2.25,3.98107e+07,1979.49,-88.4654
rtyp-mss-xtyp,typical,ss,typical,125,2.25,6.30957e+07,1249.5,-88.9774
rtyp-mss-xtyp,typical,ss,typical,125,2.25,1e+08,788.833,-89.2774
rtyp-mss-xtyp,typical,ss,typical,125,2.7,100,1.17919e+07,-89.6286
rtyp-mss-xtyp,typical,ss,typical,125,2.7,158.489,7.44039e+06,-89.4198
rtyp-mss-xtyp,typical,ss,typical,125,2.7,251.189,4.69494e+06,-89.0858
rtyp-mss-xtyp,typical,ss,typical,125,2.7,398.107,2.96289e+06,-88.5546
rtyp-mss-xtyp,typical,ss,typical,125,2.7,630.957,1.87038e+06,-87.7121
rtyp-mss-xtyp,typical,ss,typical,125,2.7,1000,1.18159e+06,-86.3783
rtyp-mss-xtyp,typical,ss,typical,125,2.7,1584.89,747846,-84.2729
rtyp-mss-xtyp,typical,ss,typical,125,2.7,2511.89,475504,-80.9709
rtyp-mss-xtyp,typical,ss,typical,125,2.7,3981.07,305724,-75.8725
rtyp-mss-xtyp,typical,ss,typical,125,2.7,6309.57,201651,-68.2819
rtyp-mss-xtyp,typical,ss,typical,125,2.7,10000,140147,-57.8321
rtyp-mss-xtyp,typical,ss,typical,125,2.7,15848.9,106167,-45.3558
rtyp-mss-xtyp,typical,ss,typical,125,2.7,25118.9,89094.2,-33.1684
rtyp-mss-xtyp,typical,ss,typical,125,2.7,39810.7,81279.5,-23.5461
rtyp-mss-xtyp,typical,ss,typical,125,2.7,63095.7,77882.5,-17.3282
rtyp-mss-xtyp,typical,ss,typical,125,2.7,100000,76315,-14.3371
rtyp-mss-xtyp,typical,ss,typical,125,2.7,158489,75250.9,-14.2699
rtyp-mss-xtyp,typical,ss,typical,125,2.7,251189,73780.1,-17.1182
rtyp-mss-xtyp,typical,ss,typical,125,2.7,398107,70806.2,-23.1765
rtyp-mss-xtyp,typical,ss,typical,125,2.7,630957,64794.5,-32.6456
rtyp-mss-xtyp,typical,ss,typical,125,2.7,1e+06,54624.7,-44.7541
rtyp-mss-xtyp,typical,ss,typical,125,2.7,1.58489e+06,41575.8,-57.2758
rtyp-mss-xtyp,typical,ss,typical,125,2.7,2.51189e+06,28990.7,-67.8510
rtyp-mss-xtyp,typical,ss,typical,125,2.7,3.98107e+06,19155.4,-75.5711
rtyp-mss-xtyp,typical,ss,typical,125,2.7,6.30957e+06,12325.7,-80.7677
rtyp-mss-xtyp,typical,ss,typical,125,2.7,1e+07,7839.75,-84.1338
rtyp-mss-xtyp,typical,ss,typical,125,2.7,1.58489e+07,4962.64,-86.2760
rtyp-mss-xtyp,typical,ss,typical,125,2.7,2.51189e+07,3135.38,-87.6253
rtyp-mss-xtyp,typical,ss,typical,125,2.7,3.98107e+07,1979.49,-88.4654
rtyp-mss-xtyp,typical,ss,typical,125,2.7,6.30957e+07,1249.5,-88.9774
rtyp-mss-xtyp,typical,ss,typical,125,2.7,1e+08,788.833,-89.2774
rtyp-mtyp-xff,typical,typical,ff,-40,0.3,100,1.42203e+07,-89.6861
rtyp-mtyp-xff,typical,typical,ff,-40,0.3,158.489,8.97258e+06,-89.5126
rtyp-mtyp-xff,typical,typical,ff,-40,0.3,251.189,5.66163e+06,-89.2339
rtyp-mtyp-xff,typical,typical,ff,-40,0.3,398.107,3.57274e+06,-88.7899
rtyp-mtyp-xff,typical,typical,ff,-40,0.3,630.957,2.25503e+06,-88.0851
rtyp-mtyp-xff,typical,typical,ff,-40,0.3,1000,1.42406e+06,-86.9684
rtyp-mtyp-xff,typical,typical,ff,-40,0.3,1584.89,900482,-85.2034
rtyp-mtyp-xff,typical,typical,ff,-40,0.3,2511.89,571259,-82.4265
rtyp-mtyp-xff,typical,typical,ff,-40,0.3,3981.07,365296,-78.1060
rtyp-mtyp-xff,typical,typical,ff,-40,0.3,6309.57,238008,-71.5598
rtyp-mtyp-xff,typical,typical,ff,-40,0.3,10000,161480,-62.2121
rtyp-mtyp-xff,typical,typical,ff,-40,0.3,15848.9,117916,-50.3303
rtyp-mtyp-xff,typical,typical,ff,-40,0.3,25118.9,95169,-37.7481
rtyp-mtyp-xff,typical,typical,ff,-40,0.3,39810.7,84403.4,-27.0114
rtyp-mtyp-xff,typical,typical,ff,-40,0.3,63095.7,79657.7,-19.5630
rtyp-mtyp-xff,typical,typical,ff,-40,0.3,100000,77543.8,-15.5168
rtyp-mtyp-xff,typical,typical,ff,-40,0.3,158489,76325.5,-14.5664
rtyp-mtyp-xff,typical,typical,ff,-40,0.3,251189,74955.9,-16.6024
rtyp-mtyp-xff,typical,typical,ff,-40,0.3,398107,72363.9,-21.8418
rtyp-mtyp-xff,typical,typical,ff,-40,0.3,630957,67056.8,-30.5402
rtyp-mtyp-xff,typical,typical,ff,-40,0.3,1e+06,57653.4,-42.1924
rtyp-mtyp-xff,typical,typical,ff,-40,0.3,1.58489e+06,44822.4,-54.8199
rtyp-mtyp-xff,typical,typical,ff,-40,0.3,2.51189e+06,31746,-65.9121
rtyp-mtyp-xff,typical,typical,ff,-40,0.3,3.98107e+06,21155.5,-74.2130
rtyp-mtyp-xff,typical,typical,ff,-40,0.3,6.30957e+06,13666.1,-79.8712
rtyp-mtyp-xff,typical,typical,ff,-40,0.3,1e+07,8706.74,-83.5565
rtyp-mtyp-xff,typical,typical,ff,-40,0.3,1.58489e+07,5515.19,-85.9073
rtyp-mtyp-xff,typical,typical,ff,-40,0.3,2.51189e+07,3485.45,-87.3891
rtyp-mtyp-xff,typical,typical,ff,-40,0.3,3.98107e+07,2200.77,-88.3117
rtyp-mtyp-xff,typical,typical,ff,-40,0.3,6.30957e+07,1389.28,-88.8737
rtyp-mtyp-xff,typical,typical,ff,-40,0.3,1e+08,877.149,-89.2026
rtyp-mtyp-xff,typical,typical,ff,-40,0.9,100,1.31798e+07,-89.6621
rtyp-mtyp-xff,typical,typical,ff,-40,0.9,158.489,8.31609e+06,-89.4738
rtyp-mtyp-xff,typical,typical,ff,-40,0.9,251.189,5.24743e+06,-89.1720
rtyp-mtyp-xff,typical,typical,ff,-40,0.9,398.107,3.31144e+06,-88.6916
rtyp-mtyp-xff,typical,typical,ff,-40,0.9,630.957,2.09022e+06,-87.9293
rtyp-mtyp-xff,typical,typical,ff,-40,0.9,1000,1.32018e+06,-86.7218
rtyp-mtyp-xff,typical,typical,ff,-40,0.9,1584.89,835095,-84.8143
rtyp-mtyp-xff,typical,typical,ff,-40,0.9,2511.89,530251,-81.8170
rtyp-mtyp-xff,typical,typical,ff,-40,0.9,3981.07,339805,-77.1676
rtyp-mtyp-xff,typical,typical,ff,-40,0.9,6309.57,222488,-70.1718
rtyp-mtyp-xff,typical,typical,ff,-40,0.9,10000,152444,-60.3282
rtyp-mtyp-xff,typical,typical,ff,-40,0.9,15848.9,113065,-48.1359
rtyp-mtyp-xff,typical,typical,ff,-40,0.9,25118.9,92843,-35.6602
rtyp-mtyp-xff,typical,typical,ff,-40,0.9,39810.7,83417.9,-25.3607
rtyp-mtyp-xff,typical,typical,ff,-40,0.9,63095.7,79298.1,-18.4064
rtyp-mtyp-xff,typical,typical,ff,-40,0.9,100000,77452.2,-14.7564
rtyp-mtyp-xff,typical,typical,ff,-40,0.9,158489,76342.9,-14.0831
rtyp-mtyp-xff,typical,typical,ff,-40,0.9,251189,75014.1,-16.3037
rtyp-mtyp-xff,typical,typical,ff,-40,0.9,398107,72431.5,-21.6652
rtyp-mtyp-xff,typical,typical,ff,-40,0.9,630957,67115.5,-30.4446
rtyp-mtyp-xff,typical,typical,ff,-40,0.9,1e+06,57691.9,-42.1480
rtyp-mtyp-xff,typical,typical,ff,-40,0.9,1.58489e+06,44840.8,-54.8032
rtyp-mtyp-xff,typical,typical,ff,-40,0.9,2.51189e+06,31752.5,-65.9070
rtyp-mtyp-xff,typical,typical,ff,-40,0.9,3.98107e+06,21157.4,-74.2118
rtyp-mtyp-xff,typical,typical,ff,-40,0.9,6.30957e+06,13666.6,-79.8709
rtyp-mtyp-xff,typical,typical,ff,-40,0.9,1e+07,8706.87,-83.5565
rtyp-mtyp-xff,typical,typical,ff,-40,0.9,1.58489e+07,5515.23,-85.9073
rtyp-mtyp-xff,typical,typical,ff,-40,0.9,2.51189e+07,3485.46,-87.3891
rtyp-mtyp-xff,typical,typical,ff,-40,0.9,3.98107e+07,2200.77,-88.3117
rtyp-mtyp-xff,typical,typical,ff,-40,0.9,6.30957e+07,1389.28,-88.8737
rtyp-mtyp-xff,typical,typical,ff,-40,0.9,1e+08,877.149,-89.2027
rtyp-mtyp-xff,typical,typical,ff,-40,1.35,100,1.30251e+07,-89.6582
rtyp-mtyp-xff,typical,typical,ff,-40,1.35,158.489,8.21851e+06,-89.4675
rtyp-mtyp-xff,typical,typical,ff,-40,1.35,251.189,5.18587e+06,-89.1620
rtyp-mtyp-xff,typical,typical,ff,-40,1.35,398.107,3.2726e+06,-88.6757
rtyp-mtyp-xff,typical,typical,ff,-40,1.35,630.957,2.06573e+06,-87.9040
rtyp-mtyp-xff,typical,typical,ff,-40,1.35,1000,1.30474e+06,-86.6818
rtyp-mtyp-xff,typical,typical,ff,-40,1.35,1584.89,825380,-84.7512
rtyp-mtyp-xff,typical,typical,ff,-40,1.35,2511.89,524162,-81.7183
rtyp-mtyp-xff,typical,typical,ff,-40,1.35,3981.07,336024,-77.0160
rtyp-mtyp-xff,typical,typical,ff,-40,1.35,6309.57,220194,-69.9488
rtyp-mtyp-xff,typical,typical,ff,-40,1.35,10000,151116,-60.0291
rtyp-mtyp-xff,typical,typical,ff,-40,1.35,15848.9,112359,-47.7936
rtyp-mtyp-xff,typical,typical,ff,-40,1.35,25118.9,92508.1,-35.3410
rtyp-mtyp-xff,typical,typical,ff,-40,1.35,39810.7,83277.5,-25.1121
rtyp-mtyp-xff,typical,typical,ff,-40,1.35,63095.7,79247.4,-18.2337
rtyp-mtyp-xff,typical,typical,ff,-40,1.35,100000,77439.8,-14.6432
rtyp-mtyp-xff,typical,typical,ff,-40,1.35,158489,76346,-14.0113
rtyp-mtyp-xff,typical,typical,ff,-40,1.35,251189,75023,-16.2593
rtyp-mtyp-xff,typical,typical,ff,-40,1.35,398107,72441.7,-21.6390
rtyp-mtyp-xff,typical,typical,ff,-40,1.35,630957,67124.2,-30.4304
rtyp-mtyp-xff,typical,typical,ff,-40,1.35,1e+06,57697.6,-42.1414
rtyp-mtyp-xff,typical,typical,ff,-40,1.35,1.58489e+06,44843.5,-54.8007
rtyp-mtyp-xff,typical,typical,ff,-40,1.35,2.51189e+06,31753.5,-65.9062
rtyp-mtyp-xff,typical,typical,ff,-40,1.35,3.98107e+06,21157.7,-74.2116
rtyp-mtyp-xff,typical,typical,ff,-40,1.35,6.30957e+06,13666.7,-79.8709
rtyp-mtyp-xff,typical,typical,ff,-40,1.35,1e+07,8706.89,-83.5565
rtyp-mtyp-xff,typical,typical,ff,-40,1.35,1.58489e+07,5515.23,-85.9073
rtyp-mtyp-xff,typical,typical,ff,-40,1.35,2.51189e+07,3485.46,-87.3891
rtyp-mtyp-xff,typical,typical,ff,-40,1.35,3.98107e+07,2200.77,-88.3118
rtyp-mtyp-xff,typical,typical,ff,-40,1.35,6.30957e+07,1389.28,-88.8737
rtyp-mtyp-xff,typical,typical,ff,-40,1.35,1e+08,877.149,-89.2027
rtyp-mtyp-xff,typical,typical,ff,-40,1.8,100,1.29854e+07,-89.6572
rtyp-mtyp-xff,typical,typical,ff,-40,1.8,158.489,8.19344e+06,-89.4659
rtyp-mtyp-xff,typical,typical,ff,-40,1.8,251.189,5.17005e+06,-89.1594
rtyp-mtyp-xff,typical,typical,ff,-40,1.8,398.107,3.26262e+06,-88.6715
rtyp-mtyp-xff,typical,typical,ff,-40,1.8,630.957,2.05944e+06,-87.8974
rtyp-mtyp-xff,typical,typical,ff,-40,1.8,1000,1.30078e+06,-86.6714
rtyp-mtyp-xff,typical,typical,ff,-40,1.8,1584.89,822884,-84.7348
rtyp-mtyp-xff,typical,typical,ff,-40,1.8,2511.89,522597,-81.6925
rtyp-mtyp-xff,typical,typical,ff,-40,1.8,3981.07,335053,-76.9764
rtyp-mtyp-xff,typical,typical,ff,-40,1.8,6309.57,219605,-69.8907
rtyp-mtyp-xff,typical,typical,ff,-40,1.8,10000,150776,-59.9513
rtyp-mtyp-xff,typical,typical,ff,-40,1.8,15848.9,112178,-47.7050
rtyp-mtyp-xff,typical,typical,ff,-40,1.8,25118.9,92422.5,-35.2586
rtyp-mtyp-xff,typical,typical,ff,-40,1.8,39810.7,83241.6,-25.0480
rtyp-mtyp-xff,typical,typical,ff,-40,1.8,63095.7,79234.5,-18.1892
rtyp-mtyp-xff,typical,typical,ff,-40,1.8,100000,77436.7,-14.6141
rtyp-mtyp-xff,typical,typical,ff,-40,1.8,158489,76346.8,-13.9928
rtyp-mtyp-xff,typical,typical,ff,-40,1.8,251189,75025.2,-16.2479
rtyp-mtyp-xff,typical,typical,ff,-40,1.8,398107,72444.3,-21.6323
rtyp-mtyp-xff,typical,typical,ff,-40,1.8,630957,67126.5,-30.4267
rtyp-mtyp-xff,typical,typical,ff,-40,1.8,1e+06,57699.1,-42.1397
rtyp-mtyp-xff,typical,typical,ff,-40,1.8,1.58489e+06,44844.2,-54.8001
rtyp-mtyp-xff,typical,typical,ff,-40,1.8,2.51189e+06,31753.7,-65.9060
rtyp-mtyp-xff,typical,typical,ff,-40,1.8,3.98107e+06,21157.8,-74.2115
rtyp-mtyp-xff,typical,typical,ff,-40,1.8,6.30957e+06,13666.7,-79.8709
rtyp-mtyp-xff,typical,typical,ff,-40,1.8,1e+07,8706.9,-83.5565
rtyp-mtyp-xff,typical,typical,ff,-40,1.8,1.58489e+07,5515.23,-85.9073
rtyp-mtyp-xff,typical,typical,ff,-40,1.8,2.51189e+07,3485.46,-87.3891
rtyp-mtyp-xff,typical,typical,ff,-40,1.8,3.98107e+07,2200.77,-88.3118
rtyp-mtyp-xff,typical,typical,ff,-40,1.8,6.30957e+07,1389.28,-88.8737
rtyp-mtyp-xff,typical,typical,ff,-40,1.8,1e+08,877.149,-89.2027
rtyp-mtyp-xff,typical,typical,ff,-40,2.25,100,1.29752e+07,-89.6569
rtyp-mtyp-xff,typical,typical,ff,-40,2.25,158.489,8.18702e+06,-89.4655
rtyp-mtyp-xff,typical,typical,ff,-40,2.25,251.189,5.166e+06,-89.1587
rtyp-mtyp-xff,typical,typical,ff,-40,2.25,398.107,3.26007e+06,-88.6704
rtyp-mtyp-xff,typical,typical,ff,-40,2.25,630.957,2.05782e+06,-87.8957
rtyp-mtyp-xff,typical,typical,ff,-40,2.25,1000,1.29976e+06,-86.6687
rtyp-mtyp-xff,typical,typical,ff,-40,2.25,1584.89,822245,-84.7305
rtyp-mtyp-xff,typical,typical,ff,-40,2.25,2511.89,522197,-81.6859
rtyp-mtyp-xff,typical,typical,ff,-40,2.25,3981.07,334805,-76.9663
rtyp-mtyp-xff,typical,typical,ff,-40,2.25,6309.57,219454,-69.8758
rtyp-mtyp-xff,typical,typical,ff,-40,2.25,10000,150689,-59.9314
rtyp-mtyp-xff,typical,typical,ff,-40,2.25,15848.9,112132,-47.6823
rtyp-mtyp-xff,typical,typical,ff,-40,2.25,25118.9,92400.6,-35.2375
rtyp-mtyp-xff,typical,typical,ff,-40,2.25,39810.7,83232.5,-25.0316
rtyp-mtyp-xff,typical,typical,ff,-40,2.25,63095.7,79231.2,-18.1778
rtyp-mtyp-xff,typical,typical,ff,-40,2.25,100000,77435.9,-14.6067
rtyp-mtyp-xff,typical,typical,ff,-40,2.25,158489,76347,-13.9881
rtyp-mtyp-xff,typical,typical,ff,-40,2.25,251189,75025.8,-16.2450
rtyp-mtyp-xff,typical,typical,ff,-40,2.25,398107,72444.9,-21.6305
rtyp-mtyp-xff,typical,typical,ff,-40,2.25,630957,67127.1,-30.4258
rtyp-mtyp-xff,typical,typical,ff,-40,2.25,1e+06,57699.5,-42.1393
rtyp-mtyp-xff,typical,typical,ff,-40,2.25,1.58489e+06,44844.4,-54.7999
rtyp-mtyp-xff,typical,typical,ff,-40,2.25,2.51189e+06,31753.8,-65.9060
rtyp-mtyp-xff,typical,typical,ff,-40,2.25,3.98107e+06,21157.8,-74.2115
rtyp-mtyp-xff,typical,typical,ff,-40,2.25,6.30957e+06,13666.8,-79.8709
rtyp-mtyp-xff,typical,typical,ff,-40,2.25,1e+07,8706.9,-83.5565
rtyp-mtyp-xff,typical,typical,ff,-40,2.25,1.58489e+07,5515.23,-85.9073
rtyp-mtyp-xff,typical,typical,ff,-40,2.25,2.51189e+07,3485.46,-87.3891
rtyp-mtyp-xff,typical,typical,ff,-40,2.25,3.98107e+07,2200.77,-88.3118
rtyp-mtyp-xff,typical,typical,ff,-40,2.25,6.30957e+07,1389.28,-88.8737
rtyp-mtyp-xff,typical,typical,ff,-40,2.25,1e+08,877.149,-89.2027
rtyp-mtyp-xff,typical,typical,ff,-40,2.7,100,1.29726e+07,-89.6568
rtyp-mtyp-xff,typical,typical,ff,-40,2.7,158.489,8.18538e+06,-89.4654
rtyp-mtyp-xff,typical,typical,ff,-40,2.7,251.189,5.16497e+06,-89.1585
rtyp-mtyp-xff,typical,typical,ff,-40,2.7,398.107,3.25942e+06,-88.6702
rtyp-mtyp-xff,typical,typical,ff,-40,2.7,630.957,2.05741e+06,-87.8953
rtyp-mtyp-xff,typical,typical,ff,-40,2.7,1000,1.2995e+06,-86.6680
rtyp-mtyp-xff,typical,typical,ff,-40,2.7,1584.89,822081,-84.7295
rtyp-mtyp-xff,typical,typical,ff,-40,2.7,2511.89,522094,-81.6842
rtyp-mtyp-xff,typical,typical,ff,-40,2.7,3981.07,334741,-76.9637
rtyp-mtyp-xff,typical,typical,ff,-40,2.7,6309.57,219415,-69.8720
rtyp-mtyp-xff,typical,typical,ff,-40,2.7,10000,150666,-59.9263
rtyp-mtyp-xff,typical,typical,ff,-40,2.7,15848.9,112120,-47.6765
rtyp-mtyp-xff,typical,typical,ff,-40,2.7,25118.9,92395,-35.2321
rtyp-mtyp-xff,typical,typical,ff,-40,2.7,39810.7,83230.1,-25.0274
rtyp-mtyp-xff,typical,typical,ff,-40,2.7,63095.7,79230.4,-18.1749
rtyp-mtyp-xff,typical,typical,ff,-40,2.7,100000,77435.7,-14.6048
rtyp-mtyp-xff,typical,typical,ff,-40,2.7,158489,76347.1,-13.9869
rtyp-mtyp-xff,typical,typical,ff,-40,2.7,251189,75026,-16.2443
rtyp-mtyp-xff,typical,typical,ff,-40,2.7,398107,72445.1,-21.6301
rtyp-mtyp-xff,typical,typical,ff,-40,2.7,630957,67127.2,-30.4255
rtyp-mtyp-xff,typical,typical,ff,-40,2.7,1e+06,57699.6,-42.1392
rtyp-mtyp-xff,typical,typical,ff,-40,2.7,1.58489e+06,44844.4,-54.7999
rtyp-mtyp-xff,typical,typical,ff,-40,2.7,2.51189e+06,31753.8,-65.9060
rtyp-mtyp-xff,typical,typical,ff,-40,2.7,3.98107e+06,21157.8,-74.2115
rtyp-mtyp-xff,typical,typical,ff,-40,2.7,6.30957e+06,13666.8,-79.8709
rtyp-mtyp-xff,typical,typical,ff,-40,2.7,1e+07,8706.9,-83.5565
rtyp-mtyp-xff,typical,typical,ff,-40,2.7,1.58489e+07,5515.23,-85.9073
rtyp-mtyp-xff,typical,typical,ff,-40,2.7,2.51189e+07,3485.46,-87.3891
rtyp-mtyp-xff,typical,typical,ff,-40,2.7,3.98107e+07,2200.77,-88.3118
rtyp-mtyp-xff,typical,typical,ff,-40,2.7,6.30957e+07,1389.28,-88.8737
rtyp-mtyp-xff,typical,typical,ff,-40,2.7,1e+08,877.149,-89.2027
rtyp-mtyp-xff,typical,typical,ff,27,0.3,100,1.422e+07,-89.6889
rtyp-mtyp-xff,typical,typical,ff,27,0.3,158.489,8.9724e+06,-89.5170
rtyp-mtyp-xff,typical,typical,ff,27,0.3,251.189,5.66151e+06,-89.2409
rtyp-mtyp-xff,typical,typical,ff,27,0.3,398.107,3.57265e+06,-88.8010
rtyp-mtyp-xff,typical,typical,ff,27,0.3,630.957,2.25496e+06,-88.1027
rtyp-mtyp-xff,typical,typical,ff,27,0.3,1000,1.424e+06,-86.9963
rtyp-mtyp-xff,typical,typical,ff,27,0.3,1584.89,900405,-85.2474
rtyp-mtyp-xff,typical,typical,ff,27,0.3,2511.89,571154,-82.4954
rtyp-mtyp-xff,typical,typical,ff,27,0.3,3981.07,365142,-78.2124
rtyp-mtyp-xff,typical,typical,ff,27,0.3,6309.57,237778,-71.7178
rtyp-mtyp-xff,typical,typical,ff,27,0.3,10000,161144,-62.4285
rtyp-mtyp-xff,typical,typical,ff,27,0.3,15848.9,117458,-50.5851
rtyp-mtyp-xff,typical,typical,ff,27,0.3,25118.9,94602.7,-37.9915
rtyp-mtyp-xff,typical,typical,ff,27,0.3,39810.7,83765.6,-27.1989
rtyp-mtyp-xff,typical,typical,ff,27,0.3,63095.7,78984.1,-19.6818
rtyp-mtyp-xff,typical,typical,ff,27,0.3,100000,76857.6,-15.5725
rtyp-mtyp-xff,typical,typical,ff,27,0.3,158489,75643,-14.5654
rtyp-mtyp-xff,typical,typical,ff,27,0.3,251189,74296.1,-16.5452
rtyp-mtyp-xff,typical,typical,ff,27,0.3,398107,71760.3,-21.7237
rtyp-mtyp-xff,typical,typical,ff,27,0.3,630957,66563.4,-30.3610
rtyp-mtyp-xff,typical,typical,ff,27,0.3,1e+06,57320.9,-41.9735
rtyp-mtyp-xff,typical,typical,ff,27,0.3,1.58489e+06,44644.6,-54.6065
rtyp-mtyp-xff,typical,typical,ff,27,0.3,2.51189e+06,31663.8,-65.7412
rtyp-mtyp-xff,typical,typical,ff,27,0.3,3.98107e+06,21117.1,-74.0924
rtyp-mtyp-xff,typical,typical,ff,27,0.3,6.30957e+06,13646.3,-79.7914
rtyp-mtyp-xff,typical,typical,ff,27,0.3,1e+07,8695.42,-83.5053
rtyp-mtyp-xff,typical,typical,ff,27,0.3,1.58489e+07,5508.36,-85.8748
rtyp-mtyp-xff,typical,typical,ff,27,0.3,2.51189e+07,3481.22,-87.3688
rtyp-mtyp-xff,typical,typical,ff,27,0.3,3.98107e+07,2198.12,-88.2993
rtyp-mtyp-xff,typical,typical,ff,27,0.3,6.30957e+07,1387.6,-88.8664
rtyp-mtyp-xff,typical,typical,ff,27,0.3,1e+08,876.085,-89.1987
rtyp-mtyp-xff,typical,typical,ff,27,0.9,100,1.31795e+07,-89.6651
rtyp-mtyp-xff,typical,typical,ff,27,0.9,158.489,8.31593e+06,-89.4786
rtyp-mtyp-xff,typical,typical,ff,27,0.9,251.189,5.24733e+06,-89.1796
rtyp-mtyp-xff,typical,typical,ff,27,0.9,398.107,3.31136e+06,-88.7036
rtyp-mtyp-xff,typical,typical,ff,27,0.9,630.957,2.09016e+06,-87.9483
rtyp-mtyp-xff,typical,typical,ff,27,0.9,1000,1.32012e+06,-86.7520
rtyp-mtyp-xff,typical,typical,ff,27,0.9,1584.89,835016,-84.8618
rtyp-mtyp-xff,typical,typical,ff,27,0.9,2511.89,530141,-81.8914
rtyp-mtyp-xff,typical,typical,ff,27,0.9,3981.07,339640,-77.2818
rtyp-mtyp-xff,typical,typical,ff,27,0.9,6309.57,222243,-70.3398
rtyp-mtyp-xff,typical,typical,ff,27,0.9,10000,152089,-60.5537
rtyp-mtyp-xff,typical,typical,ff,27,0.9,15848.9,112587,-48.3932
rtyp-mtyp-xff,typical,typical,ff,27,0.9,25118.9,92261.2,-35.8973
rtyp-mtyp-xff,typical,typical,ff,27,0.9,39810.7,82771.2,-25.5381
rtyp-mtyp-xff,typical,typical,ff,27,0.9,63095.7,78619.9,-18.5160
rtyp-mtyp-xff,typical,typical,ff,27,0.9,100000,76763.7,-14.8053
rtyp-mtyp-xff,typical,typical,ff,27,0.9,158489,75659,-14.0776
rtyp-mtyp-xff,typical,typical,ff,27,0.9,251189,74353.4,-16.2435
rtyp-mtyp-xff,typical,typical,ff,27,0.9,398107,71827.4,-21.5452
rtyp-mtyp-xff,typical,typical,ff,27,0.9,630957,66621.9,-30.2641
rtyp-mtyp-xff,typical,typical,ff,27,0.9,1e+06,57359.5,-41.9284
rtyp-mtyp-xff,typical,typical,ff,27,0.9,1.58489e+06,44663.1,-54.5895
rtyp-mtyp-xff,typical,typical,ff,27,0.9,2.51189e+06,31670.4,-65.7360
rtyp-mtyp-xff,typical,typical,ff,27,0.9,3.98107e+06,21119,-74.0911
rtyp-mtyp-xff,typical,typical,ff,27,0.9,6.30957e+06,13646.8,-79.7911
rtyp-mtyp-xff,typical,typical,ff,27,0.9,1e+07,8695.55,-83.5053
rtyp-mtyp-xff,typical,typical,ff,27,0.9,1.58489e+07,5508.4,-85.8749
rtyp-mtyp-xff,typical,typical,ff,27,0.9,2.51189e+07,3481.23,-87.3688
rtyp-mtyp-xff,typical,typical,ff,27,0.9,3.98107e+07,2198.12,-88.2993
rtyp-mtyp-xff,typical,typical,ff,27,0.9,6.30957e+07,1387.6,-88.8664
rtyp-mtyp-xff,typical,typical,ff,27,0.9,1e+08,876.085,-89.1987
rtyp-mtyp-xff,typical,typical,ff,27,1.35,100,1.30249e+07,-89.6613
rtyp-mtyp-xff,typical,typical,ff,27,1.35,158.489,8.21836e+06,-89.4724
rtyp-mtyp-xff,typical,typical,ff,27,1.35,251.189,5.18577e+06,-89.1697
rtyp-mtyp-xff,typical,typical,ff,27,1.35,398.107,3.27253e+06,-88.6878
rtyp-mtyp-xff,typical,typical,ff,27,1.35,630.957,2.06567e+06,-87.9233
rtyp-mtyp-xff,typical,typical,ff,27,1.35,1000,1.30468e+06,-86.7123
rtyp-mtyp-xff,typical,typical,ff,27,1.35,1584.89,825301,-84.7993
rtyp-mtyp-xff,typical,typical,ff,27,1.35,2511.89,524050,-81.7935
rtyp-mtyp-xff,typical,typical,ff,27,1.35,3981.07,335858,-77.1314
rtyp-mtyp-xff,typical,typical,ff,27,1.35,6309.57,219946,-70.1184
rtyp-mtyp-xff,typical,typical,ff,27,1.35,10000,150758,-60.2559
rtyp-mtyp-xff,typical,typical,ff,27,1.35,15848.9,111878,-48.0513
rtyp-mtyp-xff,typical,typical,ff,27,1.35,25118.9,91924,-35.5771
rtyp-mtyp-xff,typical,typical,ff,27,1.35,39810.7,82629.4,-25.2879
rtyp-mtyp-xff,typical,typical,ff,27,1.35,63095.7,78568.5,-18.3419
rtyp-mtyp-xff,typical,typical,ff,27,1.35,100000,76750.9,-14.6911
rtyp-mtyp-xff,typical,typical,ff,27,1.35,158489,75661.8,-14.0051
rtyp-mtyp-xff,typical,typical,ff,27,1.35,251189,74362.1,-16.1987
rtyp-mtyp-xff,typical,typical,ff,27,1.35,398107,71837.4,-21.5187
rtyp-mtyp-xff,typical,typical,ff,27,1.35,630957,66630.6,-30.2497
rtyp-mtyp-xff,typical,typical,ff,27,1.35,1e+06,57365.2,-41.9217
rtyp-mtyp-xff,typical,typical,ff,27,1.35,1.58489e+06,44665.8,-54.5870
rtyp-mtyp-xff,typical,typical,ff,27,1.35,2.51189e+06,31671.4,-65.7352
rtyp-mtyp-xff,typical,typical,ff,27,1.35,3.98107e+06,21119.3,-74.0909
rtyp-mtyp-xff,typical,typical,ff,27,1.35,6.30957e+06,13646.9,-79.7911
rtyp-mtyp-xff,typical,typical,ff,27,1.35,1e+07,8695.57,-83.5053
rtyp-mtyp-xff,typical,typical,ff,27,1.35,1.58489e+07,5508.4,-85.8749
rtyp-mtyp-xff,typical,typical,ff,27,1.35,2.51189e+07,3481.23,-87.3689
rtyp-mtyp-xff,typical,typical,ff,27,1.35,3.98107e+07,2198.12,-88.2993
rtyp-mtyp-xff,typical,typical,ff,27,1.35,6.30957e+07,1387.6,-88.8664
rtyp-mtyp-xff,typical,typical,ff,27,1.35,1e+08,876.085,-89.1987
rtyp-mtyp-xff,typical,typical,ff,27,1.8,100,1.29852e+07,-89.6602
rtyp-mtyp-xff,typical,typical,ff,27,1.8,158.489,8.19329e+06,-89.4708
rtyp-mtyp-xff,typical,typical,ff,27,1.8,251.189,5.16995e+06,-89.1671
rtyp-mtyp-xff,typical,typical,ff,27,1.8,398.107,3.26255e+06,-88.6837
rtyp-mtyp-xff,typical,typical,ff,27,1.8,630.957,2.05937e+06,-87.9167
rtyp-mtyp-xff,typical,typical,ff,27,1.8,1000,1.30071e+06,-86.7020
rtyp-mtyp-xff,typical,typical,ff,27,1.8,1584.89,822804,-84.7830
rtyp-mtyp-xff,typical,typical,ff,27,1.8,2511.89,522485,-81.7680
rtyp-mtyp-xff,typical,typical,ff,27,1.8,3981.07,334887,-77.0922
rtyp-mtyp-xff,typical,typical,ff,27,1.8,6309.57,219356,-70.0607
rtyp-mtyp-xff,typical,typical,ff,27,1.8,10000,150416,-60.1785
rtyp-mtyp-xff,typical,typical,ff,27,1.8,15848.9,111696,-47.9627
rtyp-mtyp-xff,typical,typical,ff,27,1.8,25118.9,91837.8,-35.4944
rtyp-mtyp-xff,typical,typical,ff,27,1.8,39810.7,82593.2,-25.2234
rtyp-mtyp-xff,typical,typical,ff,27,1.8,63095.7,78555.5,-18.2971
rtyp-mtyp-xff,typical,typical,ff,27,1.8,100000,76747.7,-14.6618
rtyp-mtyp-xff,typical,typical,ff,27,1.8,158489,75662.6,-13.9865
rtyp-mtyp-xff,typical,typical,ff,27,1.8,251189,74364.4,-16.1872
rtyp-mtyp-xff,typical,typical,ff,27,1.8,398107,71840,-21.5119
rtyp-mtyp-xff,typical,typical,ff,27,1.8,630957,66632.8,-30.2460
rtyp-mtyp-xff,typical,typical,ff,27,1.8,1e+06,57366.7,-41.9200
rtyp-mtyp-xff,typical,typical,ff,27,1.8,1.58489e+06,44666.5,-54.5864
rtyp-mtyp-xff,typical,typical,ff,27,1.8,2.51189e+06,31671.6,-65.7350
rtyp-mtyp-xff,typical,typical,ff,27,1.8,3.98107e+06,21119.4,-74.0909
rtyp-mtyp-xff,typical,typical,ff,27,1.8,6.30957e+06,13646.9,-79.7911
rtyp-mtyp-xff,typical,typical,ff,27,1.8,1e+07,8695.58,-83.5053
rtyp-mtyp-xff,typical,typical,ff,27,1.8,1.58489e+07,5508.41,-85.8749
rtyp-mtyp-xff,typical,typical,ff,27,1.8,2.51189e+07,3481.23,-87.3689
rtyp-mtyp-xff,typical,typical,ff,27,1.8,3.98107e+07,2198.12,-88.2993
rtyp-mtyp-xff,typical,typical,ff,27,1.8,6.30957e+07,1387.6,-88.8664
rtyp-mtyp-xff,typical,typical,ff,27,1.8,1e+08,876.085,-89.1987
rtyp-mtyp-xff,typical,typical,ff,27,2.25,100,1.2975e+07,-89.6600
rtyp-mtyp-xff,typical,typical,ff,27,2.25,158.489,8.18687e+06,-89.4703
rtyp-mtyp-xff,typical,typical,ff,27,2.25,251.189,5.1659e+06,-89.1664
rtyp-mtyp-xff,typical,typical,ff,27,2.25,398.107,3.25999e+06,-88.6827
rtyp-mtyp-xff,typical,typical,ff,27,2.25,630.957,2.05776e+06,-87.9150
rtyp-mtyp-xff,typical,typical,ff,27,2.25,1000,1.29969e+06,-86.6993
rtyp-mtyp-xff,typical,typical,ff,27,2.25,1584.89,822165,-84.7788
rtyp-mtyp-xff,typical,typical,ff,27,2.25,2511.89,522085,-81.7614
rtyp-mtyp-xff,typical,typical,ff,27,2.25,3981.07,334638,-77.0822
rtyp-mtyp-xff,typical,typical,ff,27,2.25,6309.57,219205,-70.0459
rtyp-mtyp-xff,typical,typical,ff,27,2.25,10000,150329,-60.1587
rtyp-mtyp-xff,typical,typical,ff,27,2.25,15848.9,111650,-47.9400
rtyp-mtyp-xff,typical,typical,ff,27,2.25,25118.9,91815.8,-35.4732
rtyp-mtyp-xff,typical,typical,ff,27,2.25,39810.7,82584,-25.2069
rtyp-mtyp-xff,typical,typical,ff,27,2.25,63095.7,78552.1,-18.2856
rtyp-mtyp-xff,typical,typical,ff,27,2.25,100000,76746.9,-14.6543
rtyp-mtyp-xff,typical,typical,ff,27,2.25,158489,75662.8,-13.9817
rtyp-mtyp-xff,typical,typical,ff,27,2.25,251189,74364.9,-16.1843
rtyp-mtyp-xff,typical,typical,ff,27,2.25,398107,71840.7,-21.5101
rtyp-mtyp-xff,typical,typical,ff,27,2.25,630957,66633.4,-30.2451
rtyp-mtyp-xff,typical,typical,ff,27,2.25,1e+06,57367.1,-41.9195
rtyp-mtyp-xff,typical,typical,ff,27,2.25,1.58489e+06,44666.7,-54.5862
rtyp-mtyp-xff,typical,typical,ff,27,2.25,2.51189e+06,31671.7,-65.7350
rtyp-mtyp-xff,typical,typical,ff,27,2.25,3.98107e+06,21119.4,-74.0909
rtyp-mtyp-xff,typical,typical,ff,27,2.25,6.30957e+06,13646.9,-79.7911
rtyp-mtyp-xff,typical,typical,ff,27,2.25,1e+07,8695.58,-83.5053
rtyp-mtyp-xff,typical,typical,ff,27,2.25,1.58489e+07,5508.41,-85.8749
rtyp-mtyp-xff,typical,typical,ff,27,2.25,2.51189e+07,3481.23,-87.3689
rtyp-mtyp-xff,typical,typical,ff,27,2.25,3.98107e+07,2198.12,-88.2993
rtyp-mtyp-xff,typical,typical,ff,27,2.25,6.30957e+07,1387.6,-88.8664
rtyp-mtyp-xff,typical,typical,ff,27,2.25,1e+08,876.085,-89.1987
rtyp-mtyp-xff,typical,typical,ff,27,2.7,100,1.29724e+07,-89.6599
rtyp-mtyp-xff,typical,typical,ff,27,2.7,158.489,8.18523e+06,-89.4702
rtyp-mtyp-xff,typical,typical,ff,27,2.7,251.189,5.16486e+06,-89.1662
rtyp-mtyp-xff,typical,typical,ff,27,2.7,398.107,3.25934e+06,-88.6824
rtyp-mtyp-xff,typical,typical,ff,27,2.7,630.957,2.05735e+06,-87.9146
rtyp-mtyp-xff,typical,typical,ff,27,2.7,1000,1.29944e+06,-86.6986
rtyp-mtyp-xff,typical,typical,ff,27,2.7,1584.89,822001,-84.7777
rtyp-mtyp-xff,typical,typical,ff,27,2.7,2511.89,521982,-81.7598
rtyp-mtyp-xff,typical,typical,ff,27,2.7,3981.07,334575,-77.0796
rtyp-mtyp-xff,typical,typical,ff,27,2.7,6309.57,219166,-70.0421
rtyp-mtyp-xff,typical,typical,ff,27,2.7,10000,150307,-60.1536
rtyp-mtyp-xff,typical,typical,ff,27,2.7,15848.9,111638,-47.9341
rtyp-mtyp-xff,typical,typical,ff,27,2.7,25118.9,91810.1,-35.4678
rtyp-mtyp-xff,typical,typical,ff,27,2.7,39810.7,82581.6,-25.2027
rtyp-mtyp-xff,typical,typical,ff,27,2.7,63095.7,78551.3,-18.2827
rtyp-mtyp-xff,typical,typical,ff,27,2.7,100000,76746.6,-14.6524
rtyp-mtyp-xff,typical,typical,ff,27,2.7,158489,75662.9,-13.9805
rtyp-mtyp-xff,typical,typical,ff,27,2.7,251189,74365.1,-16.1835
rtyp-mtyp-xff,typical,typical,ff,27,2.7,398107,71840.8,-21.5097
rtyp-mtyp-xff,typical,typical,ff,27,2.7,630957,66633.5,-30.2448
rtyp-mtyp-xff,typical,typical,ff,27,2.7,1e+06,57367.2,-41.9194
rtyp-mtyp-xff,typical,typical,ff,27,2.7,1.58489e+06,44666.7,-54.5861
rtyp-mtyp-xff,typical,typical,ff,27,2.7,2.51189e+06,31671.7,-65.7350
rtyp-mtyp-xff,typical,typical,ff,27,2.7,3.98107e+06,21119.4,-74.0909
rtyp-mtyp-xff,typical,typical,ff,27,2.7,6.30957e+06,13646.9,-79.7911
rtyp-mtyp-xff,typical,typical,ff,27,2.7,1e+07,8695.58,-83.5053
rtyp-mtyp-xff,typical,typical,ff,27,2.7,1.58489e+07,5508.41,-85.8749
rtyp-mtyp-xff,typical,typical,ff,27,2.7,2.51189e+07,3481.23,-87.3689
rtyp-mtyp-xff,typical,typical,ff,27,2.7,3.98107e+07,2198.12,-88.2993
rtyp-mtyp-xff,typical,typical,ff,27,2.7,6.30957e+07,1387.6,-88.8664
rtyp-mtyp-xff,typical,typical,ff,27,2.7,1e+08,876.085,-89.1987
rtyp-mtyp-xff,typical,typical,ff,125,0.3,100,1.42198e+07,-89.6895
rtyp-mtyp-xff,typical,typical,ff,125,0.3,158.489,8.97227e+06,-89.5181
rtyp-mtyp-xff,typical,typical,ff,125,0.3,251.189,5.66143e+06,-89.2426
rtyp-mtyp-xff,typical,typical,ff,125,0.3,398.107,3.5726e+06,-88.8037
rtyp-mtyp-xff,typical,typical,ff,125,0.3,630.957,2.25492e+06,-88.1070
rtyp-mtyp-xff,typical,typical,ff,125,0.3,1000,1.42397e+06,-87.0031
rtyp-mtyp-xff,typical,typical,ff,125,0.3,1584.89,900378,-85.2581
rtyp-mtyp-xff,typical,typical,ff,125,0.3,2511.89,571123,-82.5122
rtyp-mtyp-xff,typical,typical,ff,125,0.3,3981.07,365102,-78.2384
rtyp-mtyp-xff,typical,typical,ff,125,0.3,6309.57,237720,-71.7564
rtyp-mtyp-xff,typical,typical,ff,125,0.3,10000,161062,-62.4814
rtyp-mtyp-xff,typical,typical,ff,125,0.3,15848.9,117347,-50.6477
rtyp-mtyp-xff,typical,typical,ff,125,0.3,25118.9,94464.7,-38.0517
rtyp-mtyp-xff,typical,typical,ff,125,0.3,39810.7,83610.3,-27.2460
rtyp-mtyp-xff,typical,typical,ff,125,0.3,63095.7,78819.9,-19.7127
rtyp-mtyp-xff,typical,typical,ff,125,0.3,100000,76690.2,-15.5890
rtyp-mtyp-xff,typical,typical,ff,125,0.3,158489,75475.9,-14.5697
rtyp-mtyp-xff,typical,typical,ff,125,0.3,251189,74133.4,-16.5380
rtyp-mtyp-xff,typical,typical,ff,125,0.3,398107,71608.8,-21.7050
rtyp-mtyp-xff,typical,typical,ff,125,0.3,630957,66434.2,-30.3310
rtyp-mtyp-xff,typical,typical,ff,125,0.3,1e+06,57225.5,-41.9361
rtyp-mtyp-xff,typical,typical,ff,125,0.3,1.58489e+06,44584.4,-54.5698
rtyp-mtyp-xff,typical,typical,ff,125,0.3,2.51189e+06,31628.7,-65.7116
rtyp-mtyp-xff,typical,typical,ff,125,0.3,3.98107e+06,21096.5,-74.0715
rtyp-mtyp-xff,typical,typical,ff,125,0.3,6.30957e+06,13633.9,-79.7775
rtyp-mtyp-xff,typical,typical,ff,125,0.3,1e+07,8687.75,-83.4964
rtyp-mtyp-xff,typical,typical,ff,125,0.3,1.58489e+07,5503.57,-85.8692
rtyp-mtyp-xff,typical,typical,ff,125,0.3,2.51189e+07,3478.2,-87.3654
rtyp-mtyp-xff,typical,typical,ff,125,0.3,3.98107e+07,2196.21,-88.2972
rtyp-mtyp-xff,typical,typical,ff,125,0.3,6.30957e+07,1386.4,-88.8653
rtyp-mtyp-xff,typical,typical,ff,125,0.3,1e+08,875.325,-89.1982
rtyp-mtyp-xff,typical,typical,ff,125,0.9,100,1.31794e+07,-89.6659
rtyp-mtyp-xff,typical,typical,ff,125,0.9,158.489,8.31582e+06,-89.4798
rtyp-mtyp-xff,typical,typical,ff,125,0.9,251.189,5.24726e+06,-89.1815
rtyp-mtyp-xff,typical,typical,ff,125,0.9,398.107,3.31132e+06,-88.7066
rtyp-mtyp-xff,typical,typical,ff,125,0.9,630.957,2.09013e+06,-87.9529
rtyp-mtyp-xff,typical,typical,ff,125,0.9,1000,1.32009e+06,-86.7593
rtyp-mtyp-xff,typical,typical,ff,125,0.9,1584.89,834990,-84.8734
rtyp-mtyp-xff,typical,typical,ff,125,0.9,2511.89,530109,-81.9095
rtyp-mtyp-xff,typical,typical,ff,125,0.9,3981.07,339598,-77.3096
rtyp-mtyp-xff,typical,typical,ff,125,0.9,6309.57,222182,-70.3808
rtyp-mtyp-xff,typical,typical,ff,125,0.9,10000,152002,-60.6088
rtyp-mtyp-xff,typical,typical,ff,125,0.9,15848.9,112470,-48.4564
rtyp-mtyp-xff,typical,typical,ff,125,0.9,25118.9,92119.5,-35.9560
rtyp-mtyp-xff,typical,typical,ff,125,0.9,39810.7,82613.7,-25.5827
rtyp-mtyp-xff,typical,typical,ff,125,0.9,63095.7,78454.6,-18.5447
rtyp-mtyp-xff,typical,typical,ff,125,0.9,100000,76595.7,-14.8202
rtyp-mtyp-xff,typical,typical,ff,125,0.9,158489,75491.6,-14.0807
rtyp-mtyp-xff,typical,typical,ff,125,0.9,251189,74190.6,-16.2357
rtyp-mtyp-xff,typical,typical,ff,125,0.9,398107,71675.8,-21.5260
rtyp-mtyp-xff,typical,typical,ff,125,0.9,630957,66492.6,-30.2338
rtyp-mtyp-xff,typical,typical,ff,125,0.9,1e+06,57264.1,-41.8908
rtyp-mtyp-xff,typical,typical,ff,125,0.9,1.58489e+06,44602.8,-54.5527
rtyp-mtyp-xff,typical,typical,ff,125,0.9,2.51189e+06,31635.3,-65.7064
rtyp-mtyp-xff,typical,typical,ff,125,0.9,3.98107e+06,21098.5,-74.0702
rtyp-mtyp-xff,typical,typical,ff,125,0.9,6.30957e+06,13634.4,-79.7773
rtyp-mtyp-xff,typical,typical,ff,125,0.9,1e+07,8687.89,-83.4964
rtyp-mtyp-xff,typical,typical,ff,125,0.9,1.58489e+07,5503.6,-85.8693
rtyp-mtyp-xff,typical,typical,ff,125,0.9,2.51189e+07,3478.21,-87.3654
rtyp-mtyp-xff,typical,typical,ff,125,0.9,3.98107e+07,2196.22,-88.2973
rtyp-mtyp-xff,typical,typical,ff,125,0.9,6.30957e+07,1386.4,-88.8653
rtyp-mtyp-xff,typical,typical,ff,125,0.9,1e+08,875.325,-89.1982
rtyp-mtyp-xff,typical,typical,ff,125,1.35,100,1.30247e+07,-89.6620
rtyp-mtyp-xff,typical,typical,ff,125,1.35,158.489,8.21825e+06,-89.4736
rtyp-mtyp-xff,typical,typical,ff,125,1.35,251.189,5.1857e+06,-89.1715
rtyp-mtyp-xff,typical,typical,ff,125,1.35,398.107,3.27248e+06,-88.6908
rtyp-mtyp-xff,typical,typical,ff,125,1.35,630.957,2.06563e+06,-87.9280
rtyp-mtyp-xff,typical,typical,ff,125,1.35,1000,1.30465e+06,-86.7197
rtyp-mtyp-xff,typical,typical,ff,125,1.35,1584.89,825274,-84.8110
rtyp-mtyp-xff,typical,typical,ff,125,1.35,2511.89,524019,-81.8118
rtyp-mtyp-xff,typical,typical,ff,125,1.35,3981.07,335816,-77.1596
rtyp-mtyp-xff,typical,typical,ff,125,1.35,6309.57,219884,-70.1597
rtyp-mtyp-xff,typical,typical,ff,125,1.35,10000,150670,-60.3114
rtyp-mtyp-xff,typical,typical,ff,125,1.35,15848.9,111760,-48.1145
rtyp-mtyp-xff,typical,typical,ff,125,1.35,25118.9,91781.8,-35.6355
rtyp-mtyp-xff,typical,typical,ff,125,1.35,39810.7,82471.6,-25.3321
rtyp-mtyp-xff,typical,typical,ff,125,1.35,63095.7,78403.2,-18.3702
rtyp-mtyp-xff,typical,typical,ff,125,1.35,100000,76582.9,-14.7058
rtyp-mtyp-xff,typical,typical,ff,125,1.35,158489,75494.5,-14.0081
rtyp-mtyp-xff,typical,typical,ff,125,1.35,251189,74199.2,-16.1908
rtyp-mtyp-xff,typical,typical,ff,125,1.35,398107,71685.8,-21.4995
rtyp-mtyp-xff,typical,typical,ff,125,1.35,630957,66501.3,-30.2194
rtyp-mtyp-xff,typical,typical,ff,125,1.35,1e+06,57269.8,-41.8841
rtyp-mtyp-xff,typical,typical,ff,125,1.35,1.58489e+06,44605.6,-54.5502
rtyp-mtyp-xff,typical,typical,ff,125,1.35,2.51189e+06,31636.3,-65.7056
rtyp-mtyp-xff,typical,typical,ff,125,1.35,3.98107e+06,21098.8,-74.0700
rtyp-mtyp-xff,typical,typical,ff,125,1.35,6.30957e+06,13634.5,-79.7772
rtyp-mtyp-xff,typical,typical,ff,125,1.35,1e+07,8687.91,-83.4964
rtyp-mtyp-xff,typical,typical,ff,125,1.35,1.58489e+07,5503.61,-85.8693
rtyp-mtyp-xff,typical,typical,ff,125,1.35,2.51189e+07,3478.21,-87.3654
rtyp-mtyp-xff,typical,typical,ff,125,1.35,3.98107e+07,2196.22,-88.2973
rtyp-mtyp-xff,typical,typical,ff,125,1.35,6.30957e+07,1386.4,-88.8653
rtyp-mtyp-xff,typical,typical,ff,125,1.35,1e+08,875.325,-89.1982
rtyp-mtyp-xff,typical,typical,ff,125,1.8,100,1.2985e+07,-89.6610
rtyp-mtyp-xff,typical,typical,ff,125,1.8,158.489,8.19318e+06,-89.4719
rtyp-mtyp-xff,typical,typical,ff,125,1.8,251.189,5.16988e+06,-89.1689
rtyp-mtyp-xff,typical,typical,ff,125,1.8,398.107,3.2625e+06,-88.6867
rtyp-mtyp-xff,typical,typical,ff,125,1.8,630.957,2.05934e+06,-87.9214
rtyp-mtyp-xff,typical,typical,ff,125,1.8,1000,1.30068e+06,-86.7094
rtyp-mtyp-xff,typical,typical,ff,125,1.8,1584.89,822778,-84.7948
rtyp-mtyp-xff,typical,typical,ff,125,1.8,2511.89,522454,-81.7864
rtyp-mtyp-xff,typical,typical,ff,125,1.8,3981.07,334844,-77.1205
rtyp-mtyp-xff,typical,typical,ff,125,1.8,6309.57,219294,-70.1022
rtyp-mtyp-xff,typical,typical,ff,125,1.8,10000,150328,-60.2341
rtyp-mtyp-xff,typical,typical,ff,125,1.8,15848.9,111578,-48.0260
rtyp-mtyp-xff,typical,typical,ff,125,1.8,25118.9,91695.5,-35.5527
rtyp-mtyp-xff,typical,typical,ff,125,1.8,39810.7,82435.3,-25.2675
rtyp-mtyp-xff,typical,typical,ff,125,1.8,63095.7,78390.1,-18.3253
rtyp-mtyp-xff,typical,typical,ff,125,1.8,100000,76579.6,-14.6764
rtyp-mtyp-xff,typical,typical,ff,125,1.8,158489,75495.2,-13.9894
rtyp-mtyp-xff,typical,typical,ff,125,1.8,251189,74201.5,-16.1793
rtyp-mtyp-xff,typical,typical,ff,125,1.8,398107,71688.4,-21.4926
rtyp-mtyp-xff,typical,typical,ff,125,1.8,630957,66503.6,-30.2157
rtyp-mtyp-xff,typical,typical,ff,125,1.8,1e+06,57271.3,-41.8824
rtyp-mtyp-xff,typical,typical,ff,125,1.8,1.58489e+06,44606.3,-54.5495
rtyp-mtyp-xff,typical,typical,ff,125,1.8,2.51189e+06,31636.6,-65.7054
rtyp-mtyp-xff,typical,typical,ff,125,1.8,3.98107e+06,21098.9,-74.0700
rtyp-mtyp-xff,typical,typical,ff,125,1.8,6.30957e+06,13634.5,-79.7772
rtyp-mtyp-xff,typical,typical,ff,125,1.8,1e+07,8687.91,-83.4964
rtyp-mtyp-xff,typical,typical,ff,125,1.8,1.58489e+07,5503.61,-85.8693
rtyp-mtyp-xff,typical,typical,ff,125,1.8,2.51189e+07,3478.21,-87.3654
rtyp-mtyp-xff,typical,typical,ff,125,1.8,3.98107e+07,2196.22,-88.2973
rtyp-mtyp-xff,typical,typical,ff,125,1.8,6.30957e+07,1386.4,-88.8653
rtyp-mtyp-xff,typical,typical,ff,125,1.8,1e+08,875.325,-89.1982
rtyp-mtyp-xff,typical,typical,ff,125,2.25,100,1.29748e+07,-89.6607
rtyp-mtyp-xff,typical,typical,ff,125,2.25,158.489,8.18676e+06,-89.4715
rtyp-mtyp-xff,typical,typical,ff,125,2.25,251.189,5.16583e+06,-89.1683
rtyp-mtyp-xff,typical,typical,ff,125,2.25,398.107,3.25995e+06,-88.6856
rtyp-mtyp-xff,typical,typical,ff,125,2.25,630.957,2.05773e+06,-87.9198
rtyp-mtyp-xff,typical,typical,ff,125,2.25,1000,1.29967e+06,-86.7068
rtyp-mtyp-xff,typical,typical,ff,125,2.25,1584.89,822139,-84.7906
rtyp-mtyp-xff,typical,typical,ff,125,2.25,2511.89,522053,-81.7798
rtyp-mtyp-xff,typical,typical,ff,125,2.25,3981.07,334595,-77.1104
rtyp-mtyp-xff,typical,typical,ff,125,2.25,6309.57,219143,-70.0874
rtyp-mtyp-xff,typical,typical,ff,125,2.25,10000,150241,-60.2142
rtyp-mtyp-xff,typical,typical,ff,125,2.25,15848.9,111532,-48.0032
rtyp-mtyp-xff,typical,typical,ff,125,2.25,25118.9,91673.4,-35.5315
rtyp-mtyp-xff,typical,typical,ff,125,2.25,39810.7,82426.1,-25.2510
rtyp-mtyp-xff,typical,typical,ff,125,2.25,63095.7,78386.7,-18.3138
rtyp-mtyp-xff,typical,typical,ff,125,2.25,100000,76578.8,-14.6688
rtyp-mtyp-xff,typical,typical,ff,125,2.25,158489,75495.4,-13.9846
rtyp-mtyp-xff,typical,typical,ff,125,2.25,251189,74202.1,-16.1763
rtyp-mtyp-xff,typical,typical,ff,125,2.25,398107,71689,-21.4909
rtyp-mtyp-xff,typical,typical,ff,125,2.25,630957,66504.1,-30.2147
rtyp-mtyp-xff,typical,typical,ff,125,2.25,1e+06,57271.7,-41.8820
rtyp-mtyp-xff,typical,typical,ff,125,2.25,1.58489e+06,44606.5,-54.5493
rtyp-mtyp-xff,typical,typical,ff,125,2.25,2.51189e+06,31636.6,-65.7054
rtyp-mtyp-xff,typical,typical,ff,125,2.25,3.98107e+06,21098.9,-74.0699
rtyp-mtyp-xff,typical,typical,ff,125,2.25,6.30957e+06,13634.5,-79.7772
rtyp-mtyp-xff,typical,typical,ff,125,2.25,1e+07,8687.91,-83.4964
rtyp-mtyp-xff,typical,typical,ff,125,2.25,1.58489e+07,5503.61,-85.8693
rtyp-mtyp-xff,typical,typical,ff,125,2.25,2.51189e+07,3478.21,-87.3654
rtyp-mtyp-xff,typical,typical,ff,125,2.25,3.98107e+07,2196.22,-88.2973
rtyp-mtyp-xff,typical,typical,ff,125,2.25,6.30957e+07,1386.4,-88.8653
rtyp-mtyp-xff,typical,typical,ff,125,2.25,1e+08,875.325,-89.1982
rtyp-mtyp-xff,typical,typical,ff,125,2.7,100,1.29722e+07,-89.6607
rtyp-mtyp-xff,typical,typical,ff,125,2.7,158.489,8.18512e+06,-89.4714
rtyp-mtyp-xff,typical,typical,ff,125,2.7,251.189,5.1648e+06,-89.1681
rtyp-mtyp-xff,typical,typical,ff,125,2.7,398.107,3.2593e+06,-88.6854
rtyp-mtyp-xff,typical,typical,ff,125,2.7,630.957,2.05732e+06,-87.9193
rtyp-mtyp-xff,typical,typical,ff,125,2.7,1000,1.29941e+06,-86.7061
rtyp-mtyp-xff,typical,typical,ff,125,2.7,1584.89,821975,-84.7895
rtyp-mtyp-xff,typical,typical,ff,125,2.7,2511.89,521951,-81.7781
rtyp-mtyp-xff,typical,typical,ff,125,2.7,3981.07,334532,-77.1078
rtyp-mtyp-xff,typical,typical,ff,125,2.7,6309.57,219104,-70.0836
rtyp-mtyp-xff,typical,typical,ff,125,2.7,10000,150218,-60.2092
rtyp-mtyp-xff,typical,typical,ff,125,2.7,15848.9,111520,-47.9974
rtyp-mtyp-xff,typical,typical,ff,125,2.7,25118.9,91667.8,-35.5261
rtyp-mtyp-xff,typical,typical,ff,125,2.7,39810.7,82423.7,-25.2468
rtyp-mtyp-xff,typical,typical,ff,125,2.7,63095.7,78385.9,-18.3109
rtyp-mtyp-xff,typical,typical,ff,125,2.7,100000,76578.6,-14.6669
rtyp-mtyp-xff,typical,typical,ff,125,2.7,158489,75495.5,-13.9834
rtyp-mtyp-xff,typical,typical,ff,125,2.7,251189,74202.2,-16.1756
rtyp-mtyp-xff,typical,typical,ff,125,2.7,398107,71689.2,-21.4904
rtyp-mtyp-xff,typical,typical,ff,125,2.7,630957,66504.3,-30.2145
rtyp-mtyp-xff,typical,typical,ff,125,2.7,1e+06,57271.8,-41.8818
rtyp-mtyp-xff,typical,typical,ff,125,2.7,1.58489e+06,44606.5,-54.5493
rtyp-mtyp-xff,typical,typical,ff,125,2.7,2.51189e+06,31636.6,-65.7054
rtyp-mtyp-xff,typical,typical,ff,125,2.7,3.98107e+06,21098.9,-74.0699
rtyp-mtyp-xff,typical,typical,ff,125,2.7,6.30957e+06,13634.5,-79.7772
rtyp-mtyp-xff,typical,typical,ff,125,2.7,1e+07,8687.91,-83.4964
rtyp-mtyp-xff,typical,typical,ff,125,2.7,1.58489e+07,5503.61,-85.8693
rtyp-mtyp-xff,typical,typical,ff,125,2.7,2.51189e+07,3478.21,-87.3654
rtyp-mtyp-xff,typical,typical,ff,125,2.7,3.98107e+07,2196.22,-88.2973
rtyp-mtyp-xff,typical,typical,ff,125,2.7,6.30957e+07,1386.4,-88.8653
rtyp-mtyp-xff,typical,typical,ff,125,2.7,1e+08,875.325,-89.1982
rtyp-mtyp-xss,typical,typical,ss,-40,0.3,100,1.41699e+07,-89.6872
rtyp-mtyp-xss,typical,typical,ss,-40,0.3,158.489,8.94079e+06,-89.5143
rtyp-mtyp-xss,typical,typical,ss,-40,0.3,251.189,5.64157e+06,-89.2366
rtyp-mtyp-xss,typical,typical,ss,-40,0.3,398.107,3.56008e+06,-88.7942
rtyp-mtyp-xss,typical,typical,ss,-40,0.3,630.957,2.24704e+06,-88.0919
rtyp-mtyp-xss,typical,typical,ss,-40,0.3,1000,1.41902e+06,-86.9792
rtyp-mtyp-xss,typical,typical,ss,-40,0.3,1584.89,897292,-85.2204
rtyp-mtyp-xss,typical,typical,ss,-40,0.3,2511.89,569234,-82.4535
rtyp-mtyp-xss,typical,typical,ss,-40,0.3,3981.07,364001,-78.1488
rtyp-mtyp-xss,typical,typical,ss,-40,0.3,6309.57,237163,-71.6276
rtyp-mtyp-xss,typical,typical,ss,-40,0.3,10000,160905,-62.3196
rtyp-mtyp-xss,typical,typical,ss,-40,0.3,15848.9,117493,-50.5006
rtyp-mtyp-xss,typical,typical,ss,-40,0.3,25118.9,94821,-38.0179
rtyp-mtyp-xss,typical,typical,ss,-40,0.3,39810.7,84080.2,-27.4386
rtyp-mtyp-xss,typical,typical,ss,-40,0.3,63095.7,79318.4,-20.2386
rtyp-mtyp-xss,typical,typical,ss,-40,0.3,100000,77130.3,-16.5816
rtyp-mtyp-xss,typical,typical,ss,-40,0.3,158489,75717.4,-16.2305
rtyp-mtyp-xss,typical,typical,ss,-40,0.3,251189,73887.9,-19.1511
rtyp-mtyp-xss,typical,typical,ss,-40,0.3,398107,70326.4,-25.5672
rtyp-mtyp-xss,typical,typical,ss,-40,0.3,630957,63399.6,-35.4819
rtyp-mtyp-xss,typical,typical,ss,-40,0.3,1e+06,52317,-47.7538
rtyp-mtyp-xss,typical,typical,ss,-40,0.3,1.58489e+06,38985,-59.9263
rtyp-mtyp-xss,typical,typical,ss,-40,0.3,2.51189e+06,26794.1,-69.8502
rtyp-mtyp-xss,typical,typical,ss,-40,0.3,3.98107e+06,17571.1,-76.9403
rtyp-mtyp-xss,typical,typical,ss,-40,0.3,6.30957e+06,11268,-81.6626
rtyp-mtyp-xss,typical,typical,ss,-40,0.3,1e+07,7156.85,-84.7072
rtyp-mtyp-xss,typical,typical,ss,-40,0.3,1.58489e+07,4527.74,-86.6410
rtyp-mtyp-xss,typical,typical,ss,-40,0.3,2.51189e+07,2859.94,-87.8579
rtyp-mtyp-xss,typical,typical,ss,-40,0.3,3.98107e+07,1805.42,-88.6151
rtyp-mtyp-xss,typical,typical,ss,-40,0.3,6.30957e+07,1139.57,-89.0762
rtyp-mtyp-xss,typical,typical,ss,-40,0.3,1e+08,719.392,-89.3461
rtyp-mtyp-xss,typical,typical,ss,-40,0.9,100,1.31365e+07,-89.6632
rtyp-mtyp-xss,typical,typical,ss,-40,0.9,158.489,8.28878e+06,-89.4756
rtyp-mtyp-xss,typical,typical,ss,-40,0.9,251.189,5.2302e+06,-89.1747
rtyp-mtyp-xss,typical,typical,ss,-40,0.9,398.107,3.30056e+06,-88.6959
rtyp-mtyp-xss,typical,typical,ss,-40,0.9,630.957,2.08336e+06,-87.9361
rtyp-mtyp-xss,typical,typical,ss,-40,0.9,1000,1.31584e+06,-86.7326
rtyp-mtyp-xss,typical,typical,ss,-40,0.9,1584.89,832352,-84.8314
rtyp-mtyp-xss,typical,typical,ss,-40,0.9,2511.89,528509,-81.8441
rtyp-mtyp-xss,typical,typical,ss,-40,0.9,3981.07,338688,-77.2105
rtyp-mtyp-xss,typical,typical,ss,-40,0.9,6309.57,221756,-70.2397
rtyp-mtyp-xss,typical,typical,ss,-40,0.9,10000,151941,-60.4360
rtyp-mtyp-xss,typical,typical,ss,-40,0.9,15848.9,112689,-48.3066
rtyp-mtyp-xss,typical,typical,ss,-40,0.9,25118.9,92527.4,-35.9307
rtyp-mtyp-xss,typical,typical,ss,-40,0.9,39810.7,83120,-25.7891
rtyp-mtyp-xss,typical,typical,ss,-40,0.9,63095.7,78980.6,-19.0838
rtyp-mtyp-xss,typical,typical,ss,-40,0.9,100000,77058.7,-15.8240
rtyp-mtyp-xss,typical,typical,ss,-40,0.9,158489,75752.9,-15.7515
rtyp-mtyp-xss,typical,typical,ss,-40,0.9,251189,73961.4,-18.8589
rtyp-mtyp-xss,typical,typical,ss,-40,0.9,398107,70403.9,-25.3994
rtyp-mtyp-xss,typical,typical,ss,-40,0.9,630957,63460.5,-35.3958
rtyp-mtyp-xss,typical,typical,ss,-40,0.9,1e+06,52352.2,-47.7171
rtyp-mtyp-xss,typical,typical,ss,-40,0.9,1.58489e+06,38999.7,-59.9136
rtyp-mtyp-xss,typical,typical,ss,-40,0.9,2.51189e+06,26798.9,-69.8466
rtyp-mtyp-xss,typical,typical,ss,-40,0.9,3.98107e+06,17572.4,-76.9395
rtyp-mtyp-xss,typical,typical,ss,-40,0.9,6.30957e+06,11268.4,-81.6624
rtyp-mtyp-xss,typical,typical,ss,-40,0.9,1e+07,7156.94,-84.7072
rtyp-mtyp-xss,typical,typical,ss,-40,0.9,1.58489e+07,4527.77,-86.6410
rtyp-mtyp-xss,typical,typical,ss,-40,0.9,2.51189e+07,2859.95,-87.8579
rtyp-mtyp-xss,typical,typical,ss,-40,0.9,3.98107e+07,1805.42,-88.6151
rtyp-mtyp-xss,typical,typical,ss,-40,0.9,6.30957e+07,1139.57,-89.0762
rtyp-mtyp-xss,typical,typical,ss,-40,0.9,1e+08,719.392,-89.3461
rtyp-mtyp-xss,typical,typical,ss,-40,1.35,100,1.29828e+07,-89.6593
rtyp-mtyp-xss,typical,typical,ss,-40,1.35,158.489,8.19184e+06,-89.4693
rtyp-mtyp-xss,typical,typical,ss,-40,1.35,251.189,5.16904e+06,-89.1647
rtyp-mtyp-xss,typical,typical,ss,-40,1.35,398.107,3.26198e+06,-88.6800
rtyp-mtyp-xss,typical,typical,ss,-40,1.35,630.957,2.05902e+06,-87.9108
rtyp-mtyp-xss,typical,typical,ss,-40,1.35,1000,1.30051e+06,-86.6926
rtyp-mtyp-xss,typical,typical,ss,-40,1.35,1584.89,822701,-84.7683
rtyp-mtyp-xss,typical,typical,ss,-40,1.35,2511.89,522460,-81.7454
rtyp-mtyp-xss,typical,typical,ss,-40,1.35,3981.07,334933,-77.0589
rtyp-mtyp-xss,typical,typical,ss,-40,1.35,6309.57,219477,-70.0168
rtyp-mtyp-xss,typical,typical,ss,-40,1.35,10000,150623,-60.1368
rtyp-mtyp-xss,typical,typical,ss,-40,1.35,15848.9,111989,-47.9645
rtyp-mtyp-xss,typical,typical,ss,-40,1.35,25118.9,92197.2,-35.6116
rtyp-mtyp-xss,typical,typical,ss,-40,1.35,39810.7,82983.2,-25.5406
rtyp-mtyp-xss,typical,typical,ss,-40,1.35,63095.7,78933.1,-18.9113
rtyp-mtyp-xss,typical,typical,ss,-40,1.35,100000,77049.2,-15.7112
rtyp-mtyp-xss,typical,typical,ss,-40,1.35,158489,75758.7,-15.6804
rtyp-mtyp-xss,typical,typical,ss,-40,1.35,251189,73972.5,-18.8155
rtyp-mtyp-xss,typical,typical,ss,-40,1.35,398107,70415.4,-25.3744
rtyp-mtyp-xss,typical,typical,ss,-40,1.35,630957,63469.5,-35.3831
rtyp-mtyp-xss,typical,typical,ss,-40,1.35,1e+06,52357.4,-47.7117
rtyp-mtyp-xss,typical,typical,ss,-40,1.35,1.58489e+06,39001.9,-59.9118
rtyp-mtyp-xss,typical,typical,ss,-40,1.35,2.51189e+06,26799.6,-69.8461
rtyp-mtyp-xss,typical,typical,ss,-40,1.35,3.98107e+06,17572.6,-76.9394
rtyp-mtyp-xss,typical,typical,ss,-40,1.35,6.30957e+06,11268.4,-81.6624
rtyp-mtyp-xss,typical,typical,ss,-40,1.35,1e+07,7156.96,-84.7072
rtyp-mtyp-xss,typical,typical,ss,-40,1.35,1.58489e+07,4527.77,-86.6410
rtyp-mtyp-xss,typical,typical,ss,-40,1.35,2.51189e+07,2859.95,-87.8579
rtyp-mtyp-xss,typical,typical,ss,-40,1.35,3.98107e+07,1805.42,-88.6151
rtyp-mtyp-xss,typical,typical,ss,-40,1.35,6.30957e+07,1139.57,-89.0762
rtyp-mtyp-xss,typical,typical,ss,-40,1.35,1e+08,719.392,-89.3461
rtyp-mtyp-xss,typical,typical,ss,-40,1.8,100,1.29434e+07,-89.6583
rtyp-mtyp-xss,typical,typical,ss,-40,1.8,158.489,8.16692e+06,-89.4676
rtyp-mtyp-xss,typical,typical,ss,-40,1.8,251.189,5.15332e+06,-89.1621
rtyp-mtyp-xss,typical,typical,ss,-40,1.8,398.107,3.25207e+06,-88.6758
rtyp-mtyp-xss,typical,typical,ss,-40,1.8,630.957,2.05277e+06,-87.9042
rtyp-mtyp-xss,typical,typical,ss,-40,1.8,1000,1.29657e+06,-86.6822
rtyp-mtyp-xss,typical,typical,ss,-40,1.8,1584.89,820221,-84.7519
rtyp-mtyp-xss,typical,typical,ss,-40,1.8,2511.89,520906,-81.7196
rtyp-mtyp-xss,typical,typical,ss,-40,1.8,3981.07,333968,-77.0194
rtyp-mtyp-xss,typical,typical,ss,-40,1.8,6309.57,218892,-69.9587
rtyp-mtyp-xss,typical,typical,ss,-40,1.8,10000,150285,-60.0591
rtyp-mtyp-xss,typical,typical,ss,-40,1.8,15848.9,111810,-47.8758
rtyp-mtyp-xss,typical,typical,ss,-40,1.8,25118.9,92112.8,-35.5293
rtyp-mtyp-xss,typical,typical,ss,-40,1.8,39810.7,82948.3,-25.4766
rtyp-mtyp-xss,typical,typical,ss,-40,1.8,63095.7,78921.1,-18.8669
rtyp-mtyp-xss,typical,typical,ss,-40,1.8,100000,77046.9,-15.6822
rtyp-mtyp-xss,typical,typical,ss,-40,1.8,158489,75760.2,-15.6621
rtyp-mtyp-xss,typical,typical,ss,-40,1.8,251189,73975.3,-18.8044
rtyp-mtyp-xss,typical,typical,ss,-40,1.8,398107,70418.4,-25.3680
rtyp-mtyp-xss,typical,typical,ss,-40,1.8,630957,63471.9,-35.3798
rtyp-mtyp-xss,typical,typical,ss,-40,1.8,1e+06,52358.7,-47.7103
rtyp-mtyp-xss,typical,typical,ss,-40,1.8,1.58489e+06,39002.4,-59.9113
rtyp-mtyp-xss,typical,typical,ss,-40,1.8,2.51189e+06,26799.8,-69.8460
rtyp-mtyp-xss,typical,typical,ss,-40,1.8,3.98107e+06,17572.7,-76.9393
rtyp-mtyp-xss,typical,typical,ss,-40,1.8,6.30957e+06,11268.5,-81.6624
rtyp-mtyp-xss,typical,typical,ss,-40,1.8,1e+07,7156.96,-84.7072
rtyp-mtyp-xss,typical,typical,ss,-40,1.8,1.58489e+07,4527.77,-86.6410
rtyp-mtyp-xss,typical,typical,ss,-40,1.8,2.51189e+07,2859.95,-87.8579
rtyp-mtyp-xss,typical,typical,ss,-40,1.8,3.98107e+07,1805.42,-88.6151
rtyp-mtyp-xss,typical,typical,ss,-40,1.8,6.30957e+07,1139.57,-89.0762
rtyp-mtyp-xss,typical,typical,ss,-40,1.8,1e+08,719.392,-89.3461
rtyp-mtyp-xss,typical,typical,ss,-40,2.25,100,1.29333e+07,-89.6580
rtyp-mtyp-xss,typical,typical,ss,-40,2.25,158.489,8.16055e+06,-89.4672
rtyp-mtyp-xss,typical,typical,ss,-40,2.25,251.189,5.1493e+06,-89.1614
rtyp-mtyp-xss,typical,typical,ss,-40,2.25,398.107,3.24953e+06,-88.6747
rtyp-mtyp-xss,typical,typical,ss,-40,2.25,630.957,2.05117e+06,-87.9025
rtyp-mtyp-xss,typical,typical,ss,-40,2.25,1000,1.29556e+06,-86.6795
rtyp-mtyp-xss,typical,typical,ss,-40,2.25,1584.89,819586,-84.7476
rtyp-mtyp-xss,typical,typical,ss,-40,2.25,2511.89,520508,-81.7130
rtyp-mtyp-xss,typical,typical,ss,-40,2.25,3981.07,333721,-77.0092
rtyp-mtyp-xss,typical,typical,ss,-40,2.25,6309.57,218743,-69.9438
rtyp-mtyp-xss,typical,typical,ss,-40,2.25,10000,150199,-60.0392
rtyp-mtyp-xss,typical,typical,ss,-40,2.25,15848.9,111764,-47.8531
rtyp-mtyp-xss,typical,typical,ss,-40,2.25,25118.9,92091.3,-35.5082
rtyp-mtyp-xss,typical,typical,ss,-40,2.25,39810.7,82939.4,-25.4602
rtyp-mtyp-xss,typical,typical,ss,-40,2.25,63095.7,78918,-18.8556
rtyp-mtyp-xss,typical,typical,ss,-40,2.25,100000,77046.2,-15.6748
rtyp-mtyp-xss,typical,typical,ss,-40,2.25,158489,75760.6,-15.6574
rtyp-mtyp-xss,typical,typical,ss,-40,2.25,251189,73976.1,-18.8015
rtyp-mtyp-xss,typical,typical,ss,-40,2.25,398107,70419.2,-25.3664
rtyp-mtyp-xss,typical,typical,ss,-40,2.25,630957,63472.5,-35.3790
rtyp-mtyp-xss,typical,typical,ss,-40,2.25,1e+06,52359.1,-47.7099
rtyp-mtyp-xss,typical,typical,ss,-40,2.25,1.58489e+06,39002.6,-59.9111
rtyp-mtyp-xss,typical,typical,ss,-40,2.25,2.51189e+06,26799.8,-69.8459
rtyp-mtyp-xss,typical,typical,ss,-40,2.25,3.98107e+06,17572.7,-76.9393
rtyp-mtyp-xss,typical,typical,ss,-40,2.25,6.30957e+06,11268.5,-81.6624
rtyp-mtyp-xss,typical,typical,ss,-40,2.25,1e+07,7156.96,-84.7072
rtyp-mtyp-xss,typical,typical,ss,-40,2.25,1.58489e+07,4527.77,-86.6410
rtyp-mtyp-xss,typical,typical,ss,-40,2.25,2.51189e+07,2859.95,-87.8579
rtyp-mtyp-xss,typical,typical,ss,-40,2.25,3.98107e+07,1805.42,-88.6151
rtyp-mtyp-xss,typical,typical,ss,-40,2.25,6.30957e+07,1139.57,-89.0762
rtyp-mtyp-xss,typical,typical,ss,-40,2.25,1e+08,719.392,-89.3461
rtyp-mtyp-xss,typical,typical,ss,-40,2.7,100,1.29307e+07,-89.6580
rtyp-mtyp-xss,typical,typical,ss,-40,2.7,158.489,8.15891e+06,-89.4671
rtyp-mtyp-xss,typical,typical,ss,-40,2.7,251.189,5.14827e+06,-89.1612
rtyp-mtyp-xss,typical,typical,ss,-40,2.7,398.107,3.24888e+06,-88.6745
rtyp-mtyp-xss,typical,typical,ss,-40,2.7,630.957,2.05076e+06,-87.9021
rtyp-mtyp-xss,typical,typical,ss,-40,2.7,1000,1.2953e+06,-86.6788
rtyp-mtyp-xss,typical,typical,ss,-40,2.7,1584.89,819423,-84.7465
rtyp-mtyp-xss,typical,typical,ss,-40,2.7,2511.89,520406,-81.7113
rtyp-mtyp-xss,typical,typical,ss,-40,2.7,3981.07,333658,-77.0066
rtyp-mtyp-xss,typical,typical,ss,-40,2.7,6309.57,218704,-69.9400
rtyp-mtyp-xss,typical,typical,ss,-40,2.7,10000,150177,-60.0341
rtyp-mtyp-xss,typical,typical,ss,-40,2.7,15848.9,111752,-47.8473
rtyp-mtyp-xss,typical,typical,ss,-40,2.7,25118.9,92085.7,-35.5028
rtyp-mtyp-xss,typical,typical,ss,-40,2.7,39810.7,82937.1,-25.4560
rtyp-mtyp-xss,typical,typical,ss,-40,2.7,63095.7,78917.2,-18.8527
rtyp-mtyp-xss,typical,typical,ss,-40,2.7,100000,77046.1,-15.6729
rtyp-mtyp-xss,typical,typical,ss,-40,2.7,158489,75760.7,-15.6562
rtyp-mtyp-xss,typical,typical,ss,-40,2.7,251189,73976.2,-18.8008
rtyp-mtyp-xss,typical,typical,ss,-40,2.7,398107,70419.4,-25.3660
rtyp-mtyp-xss,typical,typical,ss,-40,2.7,630957,63472.6,-35.3787
rtyp-mtyp-xss,typical,typical,ss,-40,2.7,1e+06,52359.2,-47.7098
rtyp-mtyp-xss,typical,typical,ss,-40,2.7,1.58489e+06,39002.6,-59.9111
rtyp-mtyp-xss,typical,typical,ss,-40,2.7,2.51189e+06,26799.8,-69.8459
rtyp-mtyp-xss,typical,typical,ss,-40,2.7,3.98107e+06,17572.7,-76.9393
rtyp-mtyp-xss,typical,typical,ss,-40,2.7,6.30957e+06,11268.5,-81.6624
rtyp-mtyp-xss,typical,typical,ss,-40,2.7,1e+07,7156.96,-84.7072
rtyp-mtyp-xss,typical,typical,ss,-40,2.7,1.58489e+07,4527.77,-86.6410
rtyp-mtyp-xss,typical,typical,ss,-40,2.7,2.51189e+07,2859.95,-87.8579
rtyp-mtyp-xss,typical,typical,ss,-40,2.7,3.98107e+07,1805.42,-88.6151
rtyp-mtyp-xss,typical,typical,ss,-40,2.7,6.30957e+07,1139.57,-89.0762
rtyp-mtyp-xss,typical,typical,ss,-40,2.7,1e+08,719.392,-89.3461
rtyp-mtyp-xss,typical,typical,ss,27,0.3,100,1.41696e+07,-89.6900
rtyp-mtyp-xss,typical,typical,ss,27,0.3,158.489,8.94058e+06,-89.5187
rtyp-mtyp-xss,typical,typical,ss,27,0.3,251.189,5.64143e+06,-89.2436
rtyp-mtyp-xss,typical,typical,ss,27,0.3,398.107,3.55998e+06,-88.8053
rtyp-mtyp-xss,typical,typical,ss,27,0.3,630.957,2.24696e+06,-88.1094
rtyp-mtyp-xss,typical,typical,ss,27,0.3,1000,1.41895e+06,-87.0070
rtyp-mtyp-xss,typical,typical,ss,27,0.3,1584.89,897211,-85.2643
rtyp-mtyp-xss,typical,typical,ss,27,0.3,2511.89,569127,-82.5222
rtyp-mtyp-xss,typical,typical,ss,27,0.3,3981.07,363846,-78.2549
rtyp-mtyp-xss,typical,typical,ss,27,0.3,6309.57,236933,-71.7851
rtyp-mtyp-xss,typical,typical,ss,27,0.3,10000,160570,-62.5351
rtyp-mtyp-xss,typical,typical,ss,27,0.3,15848.9,117036,-50.7541
rtyp-mtyp-xss,typical,typical,ss,27,0.3,25118.9,94256.5,-38.2591
rtyp-mtyp-xss,typical,typical,ss,27,0.3,39810.7,83444.9,-27.6227
rtyp-mtyp-xss,typical,typical,ss,27,0.3,63095.7,78648.2,-20.3519
rtyp-mtyp-xss,typical,typical,ss,27,0.3,100000,76449.7,-16.6288
rtyp-mtyp-xss,typical,typical,ss,27,0.3,158489,75045.2,-16.2167
rtyp-mtyp-xss,typical,typical,ss,27,0.3,251189,73249.2,-19.0757
rtyp-mtyp-xss,typical,typical,ss,27,0.3,398107,69763.8,-25.4269
rtyp-mtyp-xss,typical,typical,ss,27,0.3,630957,62971.5,-35.2843
rtyp-mtyp-xss,typical,typical,ss,27,0.3,1e+06,52055.7,-47.5330
rtyp-mtyp-xss,typical,typical,ss,27,0.3,1.58489e+06,38855.9,-59.7291
rtyp-mtyp-xss,typical,typical,ss,27,0.3,2.51189e+06,26735.2,-69.7017
rtyp-mtyp-xss,typical,typical,ss,27,0.3,3.98107e+06,17542.4,-76.8389
rtyp-mtyp-xss,typical,typical,ss,27,0.3,6.30957e+06,11252.5,-81.5965
rtyp-mtyp-xss,typical,typical,ss,27,0.3,1e+07,7147.76,-84.6650
rtyp-mtyp-xss,typical,typical,ss,27,0.3,1.58489e+07,4522.18,-86.6143
rtyp-mtyp-xss,typical,typical,ss,27,0.3,2.51189e+07,2856.48,-87.8413
rtyp-mtyp-xss,typical,typical,ss,27,0.3,3.98107e+07,1803.24,-88.6049
rtyp-mtyp-xss,typical,typical,ss,27,0.3,6.30957e+07,1138.19,-89.0702
rtyp-mtyp-xss,typical,typical,ss,27,0.3,1e+08,718.52,-89.3428
rtyp-mtyp-xss,typical,typical,ss,27,0.9,100,1.31362e+07,-89.6662
rtyp-mtyp-xss,typical,typical,ss,27,0.9,158.489,8.28859e+06,-89.4803
rtyp-mtyp-xss,typical,typical,ss,27,0.9,251.189,5.23007e+06,-89.1823
rtyp-mtyp-xss,typical,typical,ss,27,0.9,398.107,3.30048e+06,-88.7079
rtyp-mtyp-xss,typical,typical,ss,27,0.9,630.957,2.08329e+06,-87.9551
rtyp-mtyp-xss,typical,typical,ss,27,0.9,1000,1.31577e+06,-86.7627
rtyp-mtyp-xss,typical,typical,ss,27,0.9,1584.89,832270,-84.8788
rtyp-mtyp-xss,typical,typical,ss,27,0.9,2511.89,528397,-81.9182
rtyp-mtyp-xss,typical,typical,ss,27,0.9,3981.07,338523,-77.3244
rtyp-mtyp-xss,typical,typical,ss,27,0.9,6309.57,221510,-70.4072
rtyp-mtyp-xss,typical,typical,ss,27,0.9,10000,151586,-60.6606
rtyp-mtyp-xss,typical,typical,ss,27,0.9,15848.9,112212,-48.5626
rtyp-mtyp-xss,typical,typical,ss,27,0.9,25118.9,91947.4,-36.1657
rtyp-mtyp-xss,typical,typical,ss,27,0.9,39810.7,82475.6,-25.9630
rtyp-mtyp-xss,typical,typical,ss,27,0.9,63095.7,78305.7,-19.1880
rtyp-mtyp-xss,typical,typical,ss,27,0.9,100000,76375.5,-15.8644
rtyp-mtyp-xss,typical,typical,ss,27,0.9,158489,75079.2,-15.7332
rtyp-mtyp-xss,typical,typical,ss,27,0.9,251189,73321.6,-18.7805
rtyp-mtyp-xss,typical,typical,ss,27,0.9,398107,69840.8,-25.2570
rtyp-mtyp-xss,typical,typical,ss,27,0.9,630957,63032.3,-35.1970
rtyp-mtyp-xss,typical,typical,ss,27,0.9,1e+06,52091,-47.4956
rtyp-mtyp-xss,typical,typical,ss,27,0.9,1.58489e+06,38870.7,-59.7162
rtyp-mtyp-xss,typical,typical,ss,27,0.9,2.51189e+06,26740,-69.6980
rtyp-mtyp-xss,typical,typical,ss,27,0.9,3.98107e+06,17543.8,-76.8380
rtyp-mtyp-xss,typical,typical,ss,27,0.9,6.30957e+06,11252.9,-81.5963
rtyp-mtyp-xss,typical,typical,ss,27,0.9,1e+07,7147.85,-84.6650
rtyp-mtyp-xss,typical,typical,ss,27,0.9,1.58489e+07,4522.21,-86.6144
rtyp-mtyp-xss,typical,typical,ss,27,0.9,2.51189e+07,2856.49,-87.8413
rtyp-mtyp-xss,typical,typical,ss,27,0.9,3.98107e+07,1803.24,-88.6049
rtyp-mtyp-xss,typical,typical,ss,27,0.9,6.30957e+07,1138.19,-89.0702
rtyp-mtyp-xss,typical,typical,ss,27,0.9,1e+08,718.52,-89.3428
rtyp-mtyp-xss,typical,typical,ss,27,1.35,100,1.29826e+07,-89.6624
rtyp-mtyp-xss,typical,typical,ss,27,1.35,158.489,8.19165e+06,-89.4741
rtyp-mtyp-xss,typical,typical,ss,27,1.35,251.189,5.16892e+06,-89.1724
rtyp-mtyp-xss,typical,typical,ss,27,1.35,398.107,3.26189e+06,-88.6921
rtyp-mtyp-xss,typical,typical,ss,27,1.35,630.957,2.05895e+06,-87.9300
rtyp-mtyp-xss,typical,typical,ss,27,1.35,1000,1.30044e+06,-86.7230
rtyp-mtyp-xss,typical,typical,ss,27,1.35,1584.89,822618,-84.8163
rtyp-mtyp-xss,typical,typical,ss,27,1.35,2511.89,522346,-81.8204
rtyp-mtyp-xss,typical,typical,ss,27,1.35,3981.07,334766,-77.1740
rtyp-mtyp-xss,typical,typical,ss,27,1.35,6309.57,219229,-70.1858
rtyp-mtyp-xss,typical,typical,ss,27,1.35,10000,150265,-60.3628
rtyp-mtyp-xss,typical,typical,ss,27,1.35,15848.9,111509,-48.2207
rtyp-mtyp-xss,typical,typical,ss,27,1.35,25118.9,91614.9,-35.8455
rtyp-mtyp-xss,typical,typical,ss,27,1.35,39810.7,82337.5,-25.7130
rtyp-mtyp-xss,typical,typical,ss,27,1.35,63095.7,78257.5,-19.0141
rtyp-mtyp-xss,typical,typical,ss,27,1.35,100000,76365.7,-15.7507
rtyp-mtyp-xss,typical,typical,ss,27,1.35,158489,75084.8,-15.6614
rtyp-mtyp-xss,typical,typical,ss,27,1.35,251189,73332.6,-18.7366
rtyp-mtyp-xss,typical,typical,ss,27,1.35,398107,69852.3,-25.2318
rtyp-mtyp-xss,typical,typical,ss,27,1.35,630957,63041.4,-35.1840
rtyp-mtyp-xss,typical,typical,ss,27,1.35,1e+06,52096.3,-47.4901
rtyp-mtyp-xss,typical,typical,ss,27,1.35,1.58489e+06,38872.9,-59.7143
rtyp-mtyp-xss,typical,typical,ss,27,1.35,2.51189e+06,26740.8,-69.6975
rtyp-mtyp-xss,typical,typical,ss,27,1.35,3.98107e+06,17544,-76.8379
rtyp-mtyp-xss,typical,typical,ss,27,1.35,6.30957e+06,11252.9,-81.5963
rtyp-mtyp-xss,typical,typical,ss,27,1.35,1e+07,7147.87,-84.6650
rtyp-mtyp-xss,typical,typical,ss,27,1.35,1.58489e+07,4522.21,-86.6144
rtyp-mtyp-xss,typical,typical,ss,27,1.35,2.51189e+07,2856.49,-87.8413
rtyp-mtyp-xss,typical,typical,ss,27,1.35,3.98107e+07,1803.24,-88.6049
rtyp-mtyp-xss,typical,typical,ss,27,1.35,6.30957e+07,1138.19,-89.0702
rtyp-mtyp-xss,typical,typical,ss,27,1.35,1e+08,718.52,-89.3428
rtyp-mtyp-xss,typical,typical,ss,27,1.8,100,1.29431e+07,-89.6613
rtyp-mtyp-xss,typical,typical,ss,27,1.8,158.489,8.16674e+06,-89.4725
rtyp-mtyp-xss,typical,typical,ss,27,1.8,251.189,5.1532e+06,-89.1698
rtyp-mtyp-xss,typical,typical,ss,27,1.8,398.107,3.25198e+06,-88.6880
rtyp-mtyp-xss,typical,typical,ss,27,1.8,630.957,2.0527e+06,-87.9235
rtyp-mtyp-xss,typical,typical,ss,27,1.8,1000,1.2965e+06,-86.7127
rtyp-mtyp-xss,typical,typical,ss,27,1.8,1584.89,820138,-84.8000
rtyp-mtyp-xss,typical,typical,ss,27,1.8,2511.89,520792,-81.7949
rtyp-mtyp-xss,typical,typical,ss,27,1.8,3981.07,333801,-77.1348
rtyp-mtyp-xss,typical,typical,ss,27,1.8,6309.57,218644,-70.1282
rtyp-mtyp-xss,typical,typical,ss,27,1.8,10000,149926,-60.2855
rtyp-mtyp-xss,typical,typical,ss,27,1.8,15848.9,111329,-48.1321
rtyp-mtyp-xss,typical,typical,ss,27,1.8,25118.9,91529.9,-35.7629
rtyp-mtyp-xss,typical,typical,ss,27,1.8,39810.7,82302.2,-25.6486
rtyp-mtyp-xss,typical,typical,ss,27,1.8,63095.7,78245.3,-18.9694
rtyp-mtyp-xss,typical,typical,ss,27,1.8,100000,76363.2,-15.7215
rtyp-mtyp-xss,typical,typical,ss,27,1.8,158489,75086.2,-15.6429
rtyp-mtyp-xss,typical,typical,ss,27,1.8,251189,73335.4,-18.7254
rtyp-mtyp-xss,typical,typical,ss,27,1.8,398107,69855.3,-25.2253
rtyp-mtyp-xss,typical,typical,ss,27,1.8,630957,63043.7,-35.1807
rtyp-mtyp-xss,typical,typical,ss,27,1.8,1e+06,52097.6,-47.4887
rtyp-mtyp-xss,typical,typical,ss,27,1.8,1.58489e+06,38873.5,-59.7138
rtyp-mtyp-xss,typical,typical,ss,27,1.8,2.51189e+06,26740.9,-69.6974
rtyp-mtyp-xss,typical,typical,ss,27,1.8,3.98107e+06,17544.1,-76.8379
rtyp-mtyp-xss,typical,typical,ss,27,1.8,6.30957e+06,11253,-81.5963
rtyp-mtyp-xss,typical,typical,ss,27,1.8,1e+07,7147.87,-84.6650
rtyp-mtyp-xss,typical,typical,ss,27,1.8,1.58489e+07,4522.21,-86.6144
rtyp-mtyp-xss,typical,typical,ss,27,1.8,2.51189e+07,2856.49,-87.8413
rtyp-mtyp-xss,typical,typical,ss,27,1.8,3.98107e+07,1803.24,-88.6049
rtyp-mtyp-xss,typical,typical,ss,27,1.8,6.30957e+07,1138.19,-89.0702
rtyp-mtyp-xss,typical,typical,ss,27,1.8,1e+08,718.52,-89.3428
rtyp-mtyp-xss,typical,typical,ss,27,2.25,100,1.2933e+07,-89.6611
rtyp-mtyp-xss,typical,typical,ss,27,2.25,158.489,8.16036e+06,-89.4721
rtyp-mtyp-xss,typical,typical,ss,27,2.25,251.189,5.14918e+06,-89.1691
rtyp-mtyp-xss,typical,typical,ss,27,2.25,398.107,3.24944e+06,-88.6869
rtyp-mtyp-xss,typical,typical,ss,27,2.25,630.957,2.0511e+06,-87.9218
rtyp-mtyp-xss,typical,typical,ss,27,2.25,1000,1.29549e+06,-86.7100
rtyp-mtyp-xss,typical,typical,ss,27,2.25,1584.89,819503,-84.7958
rtyp-mtyp-xss,typical,typical,ss,27,2.25,2511.89,520394,-81.7883
rtyp-mtyp-xss,typical,typical,ss,27,2.25,3981.07,333554,-77.1247
rtyp-mtyp-xss,typical,typical,ss,27,2.25,6309.57,218494,-70.1134
rtyp-mtyp-xss,typical,typical,ss,27,2.25,10000,149840,-60.2656
rtyp-mtyp-xss,typical,typical,ss,27,2.25,15848.9,111283,-48.1094
rtyp-mtyp-xss,typical,typical,ss,27,2.25,25118.9,91508.2,-35.7417
rtyp-mtyp-xss,typical,typical,ss,27,2.25,39810.7,82293.2,-25.6321
rtyp-mtyp-xss,typical,typical,ss,27,2.25,63095.7,78242.2,-18.9579
rtyp-mtyp-xss,typical,typical,ss,27,2.25,100000,76362.6,-15.7140
rtyp-mtyp-xss,typical,typical,ss,27,2.25,158489,75086.6,-15.6382
rtyp-mtyp-xss,typical,typical,ss,27,2.25,251189,73336.2,-18.7225
rtyp-mtyp-xss,typical,typical,ss,27,2.25,398107,69856,-25.2237
rtyp-mtyp-xss,typical,typical,ss,27,2.25,630957,63044.3,-35.1799
rtyp-mtyp-xss,typical,typical,ss,27,2.25,1e+06,52098,-47.4883
rtyp-mtyp-xss,typical,typical,ss,27,2.25,1.58489e+06,38873.6,-59.7137
rtyp-mtyp-xss,typical,typical,ss,27,2.25,2.51189e+06,26741,-69.6973
rtyp-mtyp-xss,typical,typical,ss,27,2.25,3.98107e+06,17544.1,-76.8379
rtyp-mtyp-xss,typical,typical,ss,27,2.25,6.30957e+06,11253,-81.5963
rtyp-mtyp-xss,typical,typical,ss,27,2.25,1e+07,7147.87,-84.6650
rtyp-mtyp-xss,typical,typical,ss,27,2.25,1.58489e+07,4522.21,-86.6144
rtyp-mtyp-xss,typical,typical,ss,27,2.25,2.51189e+07,2856.49,-87.8413
rtyp-mtyp-xss,typical,typical,ss,27,2.25,3.98107e+07,1803.24,-88.6049
rtyp-mtyp-xss,typical,typical,ss,27,2.25,6.30957e+07,1138.19,-89.0702
rtyp-mtyp-xss,typical,typical,ss,27,2.25,1e+08,718.52,-89.3428
rtyp-mtyp-xss,typical,typical,ss,27,2.7,100,1.29304e+07,-89.6610
rtyp-mtyp-xss,typical,typical,ss,27,2.7,158.489,8.15873e+06,-89.4720
rtyp-mtyp-xss,typical,typical,ss,27,2.7,251.189,5.14815e+06,-89.1689
rtyp-mtyp-xss,typical,typical,ss,27,2.7,398.107,3.24879e+06,-88.6867
rtyp-mtyp-xss,typical,typical,ss,27,2.7,630.957,2.05069e+06,-87.9214
rtyp-mtyp-xss,typical,typical,ss,27,2.7,1000,1.29523e+06,-86.7093
rtyp-mtyp-xss,typical,typical,ss,27,2.7,1584.89,819340,-84.7947
rtyp-mtyp-xss,typical,typical,ss,27,2.7,2511.89,520292,-81.7866
rtyp-mtyp-xss,typical,typical,ss,27,2.7,3981.07,333491,-77.1222
rtyp-mtyp-xss,typical,typical,ss,27,2.7,6309.57,218455,-70.1096
rtyp-mtyp-xss,typical,typical,ss,27,2.7,10000,149817,-60.2605
rtyp-mtyp-xss,typical,typical,ss,27,2.7,15848.9,111271,-48.1036
rtyp-mtyp-xss,typical,typical,ss,27,2.7,25118.9,91502.6,-35.7363
rtyp-mtyp-xss,typical,typical,ss,27,2.7,39810.7,82290.9,-25.6278
rtyp-mtyp-xss,typical,typical,ss,27,2.7,63095.7,78241.4,-18.9550
rtyp-mtyp-xss,typical,typical,ss,27,2.7,100000,76362.4,-15.7120
rtyp-mtyp-xss,typical,typical,ss,27,2.7,158489,75086.7,-15.6370
rtyp-mtyp-xss,typical,typical,ss,27,2.7,251189,73336.3,-18.7218
rtyp-mtyp-xss,typical,typical,ss,27,2.7,398107,69856.2,-25.2233
rtyp-mtyp-xss,typical,typical,ss,27,2.7,630957,63044.5,-35.1796
rtyp-mtyp-xss,typical,typical,ss,27,2.7,1e+06,52098.1,-47.4882
rtyp-mtyp-xss,typical,typical,ss,27,2.7,1.58489e+06,38873.6,-59.7136
rtyp-mtyp-xss,typical,typical,ss,27,2.7,2.51189e+06,26741,-69.6973
rtyp-mtyp-xss,typical,typical,ss,27,2.7,3.98107e+06,17544.1,-76.8379
rtyp-mtyp-xss,typical,typical,ss,27,2.7,6.30957e+06,11253,-81.5963
rtyp-mtyp-xss,typical,typical,ss,27,2.7,1e+07,7147.87,-84.6650
rtyp-mtyp-xss,typical,typical,ss,27,2.7,1.58489e+07,4522.21,-86.6144
rtyp-mtyp-xss,typical,typical,ss,27,2.7,2.51189e+07,2856.49,-87.8413
rtyp-mtyp-xss,typical,typical,ss,27,2.7,3.98107e+07,1803.24,-88.6049
rtyp-mtyp-xss,typical,typical,ss,27,2.7,6.30957e+07,1138.19,-89.0702
rtyp-mtyp-xss,typical,typical,ss,27,2.7,1e+08,718.52,-89.3428
rtyp-mtyp-xss,typical,typical,ss,125,0.3,100,1.41693e+07,-89.6906
rtyp-mtyp-xss,typical,typical,ss,125,0.3,158.489,8.94042e+06,-89.5198
rtyp-mtyp-xss,typical,typical,ss,125,0.3,251.189,5.64133e+06,-89.2453
rtyp-mtyp-xss,typical,typical,ss,125,0.3,398.107,3.55992e+06,-88.8080
rtyp-mtyp-xss,typical,typical,ss,125,0.3,630.957,2.24692e+06,-88.1137
rtyp-mtyp-xss,typical,typical,ss,125,0.3,1000,1.41891e+06,-87.0137
rtyp-mtyp-xss,typical,typical,ss,125,0.3,1584.89,897182,-85.2750
rtyp-mtyp-xss,typical,typical,ss,125,0.3,2511.89,569095,-82.5390
rtyp-mtyp-xss,typical,typical,ss,125,0.3,3981.07,363804,-78.2807
rtyp-mtyp-xss,typical,typical,ss,125,0.3,6309.57,236875,-71.8236
rtyp-mtyp-xss,typical,typical,ss,125,0.3,10000,160487,-62.5878
rtyp-mtyp-xss,typical,typical,ss,125,0.3,15848.9,116925,-50.8164
rtyp-mtyp-xss,typical,typical,ss,125,0.3,25118.9,94118.8,-38.3189
rtyp-mtyp-xss,typical,typical,ss,125,0.3,39810.7,83290,-27.6692
rtyp-mtyp-xss,typical,typical,ss,125,0.3,63095.7,78484.7,-20.3819
rtyp-mtyp-xss,typical,typical,ss,125,0.3,100000,76283.3,-16.6438
rtyp-mtyp-xss,typical,typical,ss,125,0.3,158489,74880.1,-16.2188
rtyp-mtyp-xss,typical,typical,ss,125,0.3,251189,73090.6,-19.0654
rtyp-mtyp-xss,typical,typical,ss,125,0.3,398107,69620.5,-25.4043
rtyp-mtyp-xss,typical,typical,ss,125,0.3,630957,62855.8,-35.2510
rtyp-mtyp-xss,typical,typical,ss,125,0.3,1e+06,51976,-47.4952
rtyp-mtyp-xss,typical,typical,ss,125,0.3,1.58489e+06,38807.8,-59.6951
rtyp-mtyp-xss,typical,typical,ss,125,0.3,2.51189e+06,26707.3,-69.6760
rtyp-mtyp-xss,typical,typical,ss,125,0.3,3.98107e+06,17525.9,-76.8213
rtyp-mtyp-xss,typical,typical,ss,125,0.3,6.30957e+06,11242.4,-81.5850
rtyp-mtyp-xss,typical,typical,ss,125,0.3,1e+07,7141.49,-84.6577
rtyp-mtyp-xss,typical,typical,ss,125,0.3,1.58489e+07,4518.25,-86.6097
rtyp-mtyp-xss,typical,typical,ss,125,0.3,2.51189e+07,2854,-87.8384
rtyp-mtyp-xss,typical,typical,ss,125,0.3,3.98107e+07,1801.68,-88.6032
rtyp-mtyp-xss,typical,typical,ss,125,0.3,6.30957e+07,1137.2,-89.0692
rtyp-mtyp-xss,typical,typical,ss,125,0.3,1e+08,717.895,-89.3424
rtyp-mtyp-xss,typical,typical,ss,125,0.9,100,1.3136e+07,-89.6670
rtyp-mtyp-xss,typical,typical,ss,125,0.9,158.489,8.28845e+06,-89.4815
rtyp-mtyp-xss,typical,typical,ss,125,0.9,251.189,5.22999e+06,-89.1842
rtyp-mtyp-xss,typical,typical,ss,125,0.9,398.107,3.30042e+06,-88.7108
rtyp-mtyp-xss,typical,typical,ss,125,0.9,630.957,2.08325e+06,-87.9597
rtyp-mtyp-xss,typical,typical,ss,125,0.9,1000,1.31574e+06,-86.7700
rtyp-mtyp-xss,typical,typical,ss,125,0.9,1584.89,832241,-84.8903
rtyp-mtyp-xss,typical,typical,ss,125,0.9,2511.89,528364,-81.9363
rtyp-mtyp-xss,typical,typical,ss,125,0.9,3981.07,338479,-77.3521
rtyp-mtyp-xss,typical,typical,ss,125,0.9,6309.57,221449,-70.4481
rtyp-mtyp-xss,typical,typical,ss,125,0.9,10000,151499,-60.7156
rtyp-mtyp-xss,typical,typical,ss,125,0.9,15848.9,112095,-48.6256
rtyp-mtyp-xss,typical,typical,ss,125,0.9,25118.9,91806,-36.2240
rtyp-mtyp-xss,typical,typical,ss,125,0.9,39810.7,82318.5,-26.0070
rtyp-mtyp-xss,typical,typical,ss,125,0.9,63095.7,78141,-19.2157
rtyp-mtyp-xss,typical,typical,ss,125,0.9,100000,76208.6,-15.8779
rtyp-mtyp-xss,typical,typical,ss,125,0.9,158489,74913.9,-15.7342
rtyp-mtyp-xss,typical,typical,ss,125,0.9,251189,73162.9,-18.7695
rtyp-mtyp-xss,typical,typical,ss,125,0.9,398107,69697.4,-25.2340
rtyp-mtyp-xss,typical,typical,ss,125,0.9,630957,62916.6,-35.1635
rtyp-mtyp-xss,typical,typical,ss,125,0.9,1e+06,52011.4,-47.4577
rtyp-mtyp-xss,typical,typical,ss,125,0.9,1.58489e+06,38822.7,-59.6822
rtyp-mtyp-xss,typical,typical,ss,125,0.9,2.51189e+06,26712.2,-69.6723
rtyp-mtyp-xss,typical,typical,ss,125,0.9,3.98107e+06,17527.3,-76.8205
rtyp-mtyp-xss,typical,typical,ss,125,0.9,6.30957e+06,11242.8,-81.5848
rtyp-mtyp-xss,typical,typical,ss,125,0.9,1e+07,7141.58,-84.6577
rtyp-mtyp-xss,typical,typical,ss,125,0.9,1.58489e+07,4518.27,-86.6098
rtyp-mtyp-xss,typical,typical,ss,125,0.9,2.51189e+07,2854.01,-87.8384
rtyp-mtyp-xss,typical,typical,ss,125,0.9,3.98107e+07,1801.68,-88.6032
rtyp-mtyp-xss,typical,typical,ss,125,0.9,6.30957e+07,1137.2,-89.0693
rtyp-mtyp-xss,typical,typical,ss,125,0.9,1e+08,717.895,-89.3424
rtyp-mtyp-xss,typical,typical,ss,125,1.35,100,1.29824e+07,-89.6631
rtyp-mtyp-xss,typical,typical,ss,125,1.35,158.489,8.19152e+06,-89.4753
rtyp-mtyp-xss,typical,typical,ss,125,1.35,251.189,5.16883e+06,-89.1742
rtyp-mtyp-xss,typical,typical,ss,125,1.35,398.107,3.26184e+06,-88.6951
rtyp-mtyp-xss,typical,typical,ss,125,1.35,630.957,2.05891e+06,-87.9347
rtyp-mtyp-xss,typical,typical,ss,125,1.35,1000,1.30041e+06,-86.7304
rtyp-mtyp-xss,typical,typical,ss,125,1.35,1584.89,822590,-84.8279
rtyp-mtyp-xss,typical,typical,ss,125,1.35,2511.89,522314,-81.8387
rtyp-mtyp-xss,typical,typical,ss,125,1.35,3981.07,334722,-77.2021
rtyp-mtyp-xss,typical,typical,ss,125,1.35,6309.57,219167,-70.2271
rtyp-mtyp-xss,typical,typical,ss,125,1.35,10000,150177,-60.4181
rtyp-mtyp-xss,typical,typical,ss,125,1.35,15848.9,111392,-48.2837
rtyp-mtyp-xss,typical,typical,ss,125,1.35,25118.9,91472.9,-35.9036
rtyp-mtyp-xss,typical,typical,ss,125,1.35,39810.7,82180.1,-25.7566
rtyp-mtyp-xss,typical,typical,ss,125,1.35,63095.7,78092.7,-19.0415
rtyp-mtyp-xss,typical,typical,ss,125,1.35,100000,76198.7,-15.7639
rtyp-mtyp-xss,typical,typical,ss,125,1.35,158489,74919.4,-15.6622
rtyp-mtyp-xss,typical,typical,ss,125,1.35,251189,73173.9,-18.7255
rtyp-mtyp-xss,typical,typical,ss,125,1.35,398107,69708.9,-25.2087
rtyp-mtyp-xss,typical,typical,ss,125,1.35,630957,62925.6,-35.1505
rtyp-mtyp-xss,typical,typical,ss,125,1.35,1e+06,52016.6,-47.4521
rtyp-mtyp-xss,typical,typical,ss,125,1.35,1.58489e+06,38824.9,-59.6802
rtyp-mtyp-xss,typical,typical,ss,125,1.35,2.51189e+06,26712.9,-69.6718
rtyp-mtyp-xss,typical,typical,ss,125,1.35,3.98107e+06,17527.5,-76.8203
rtyp-mtyp-xss,typical,typical,ss,125,1.35,6.30957e+06,11242.9,-81.5848
rtyp-mtyp-xss,typical,typical,ss,125,1.35,1e+07,7141.59,-84.6577
rtyp-mtyp-xss,typical,typical,ss,125,1.35,1.58489e+07,4518.28,-86.6098
rtyp-mtyp-xss,typical,typical,ss,125,1.35,2.51189e+07,2854.01,-87.8384
rtyp-mtyp-xss,typical,typical,ss,125,1.35,3.98107e+07,1801.68,-88.6032
rtyp-mtyp-xss,typical,typical,ss,125,1.35,6.30957e+07,1137.2,-89.0693
rtyp-mtyp-xss,typical,typical,ss,125,1.35,1e+08,717.895,-89.3424
rtyp-mtyp-xss,typical,typical,ss,125,1.8,100,1.29429e+07,-89.6621
rtyp-mtyp-xss,typical,typical,ss,125,1.8,158.489,8.16661e+06,-89.4737
rtyp-mtyp-xss,typical,typical,ss,125,1.8,251.189,5.15312e+06,-89.1716
rtyp-mtyp-xss,typical,typical,ss,125,1.8,398.107,3.25192e+06,-88.6909
rtyp-mtyp-xss,typical,typical,ss,125,1.8,630.957,2.05266e+06,-87.9282
rtyp-mtyp-xss,typical,typical,ss,125,1.8,1000,1.29647e+06,-86.7201
rtyp-mtyp-xss,typical,typical,ss,125,1.8,1584.89,820109,-84.8117
rtyp-mtyp-xss,typical,typical,ss,125,1.8,2511.89,520759,-81.8132
rtyp-mtyp-xss,typical,typical,ss,125,1.8,3981.07,333757,-77.1630
rtyp-mtyp-xss,typical,typical,ss,125,1.8,6309.57,218581,-70.1696
rtyp-mtyp-xss,typical,typical,ss,125,1.8,10000,149838,-60.3409
rtyp-mtyp-xss,typical,typical,ss,125,1.8,15848.9,111212,-48.1952
rtyp-mtyp-xss,typical,typical,ss,125,1.8,25118.9,91387.8,-35.8208
rtyp-mtyp-xss,typical,typical,ss,125,1.8,39810.7,82144.8,-25.6921
rtyp-mtyp-xss,typical,typical,ss,125,1.8,63095.7,78080.5,-18.9967
rtyp-mtyp-xss,typical,typical,ss,125,1.8,100000,76196.2,-15.7345
rtyp-mtyp-xss,typical,typical,ss,125,1.8,158489,74920.8,-15.6437
rtyp-mtyp-xss,typical,typical,ss,125,1.8,251189,73176.7,-18.7143
rtyp-mtyp-xss,typical,typical,ss,125,1.8,398107,69711.8,-25.2022
rtyp-mtyp-xss,typical,typical,ss,125,1.8,630957,62928,-35.1471
rtyp-mtyp-xss,typical,typical,ss,125,1.8,1e+06,52018,-47.4507
rtyp-mtyp-xss,typical,typical,ss,125,1.8,1.58489e+06,38825.4,-59.6797
rtyp-mtyp-xss,typical,typical,ss,125,1.8,2.51189e+06,26713.1,-69.6716
rtyp-mtyp-xss,typical,typical,ss,125,1.8,3.98107e+06,17527.6,-76.8203
rtyp-mtyp-xss,typical,typical,ss,125,1.8,6.30957e+06,11242.9,-81.5848
rtyp-mtyp-xss,typical,typical,ss,125,1.8,1e+07,7141.6,-84.6577
rtyp-mtyp-xss,typical,typical,ss,125,1.8,1.58489e+07,4518.28,-86.6098
rtyp-mtyp-xss,typical,typical,ss,125,1.8,2.51189e+07,2854.01,-87.8384
rtyp-mtyp-xss,typical,typical,ss,125,1.8,3.98107e+07,1801.68,-88.6032
rtyp-mtyp-xss,typical,typical,ss,125,1.8,6.30957e+07,1137.2,-89.0693
rtyp-mtyp-xss,typical,typical,ss,125,1.8,1e+08,717.895,-89.3424
rtyp-mtyp-xss,typical,typical,ss,125,2.25,100,1.29328e+07,-89.6618
rtyp-mtyp-xss,typical,typical,ss,125,2.25,158.489,8.16023e+06,-89.4732
rtyp-mtyp-xss,typical,typical,ss,125,2.25,251.189,5.14909e+06,-89.1710
rtyp-mtyp-xss,typical,typical,ss,125,2.25,398.107,3.24939e+06,-88.6899
rtyp-mtyp-xss,typical,typical,ss,125,2.25,630.957,2.05106e+06,-87.9265
rtyp-mtyp-xss,typical,typical,ss,125,2.25,1000,1.29546e+06,-86.7175
rtyp-mtyp-xss,typical,typical,ss,125,2.25,1584.89,819474,-84.8075
rtyp-mtyp-xss,typical,typical,ss,125,2.25,2511.89,520361,-81.8067
rtyp-mtyp-xss,typical,typical,ss,125,2.25,3981.07,333510,-77.1529
rtyp-mtyp-xss,typical,typical,ss,125,2.25,6309.57,218431,-70.1548
rtyp-mtyp-xss,typical,typical,ss,125,2.25,10000,149751,-60.3210
rtyp-mtyp-xss,typical,typical,ss,125,2.25,15848.9,111166,-48.1725
rtyp-mtyp-xss,typical,typical,ss,125,2.25,25118.9,91366.1,-35.7996
rtyp-mtyp-xss,typical,typical,ss,125,2.25,39810.7,82135.7,-25.6755
rtyp-mtyp-xss,typical,typical,ss,125,2.25,63095.7,78077.3,-18.9852
rtyp-mtyp-xss,typical,typical,ss,125,2.25,100000,76195.5,-15.7270
rtyp-mtyp-xss,typical,typical,ss,125,2.25,158489,74921.2,-15.6389
rtyp-mtyp-xss,typical,typical,ss,125,2.25,251189,73177.4,-18.7114
rtyp-mtyp-xss,typical,typical,ss,125,2.25,398107,69712.6,-25.2005
rtyp-mtyp-xss,typical,typical,ss,125,2.25,630957,62928.6,-35.1463
rtyp-mtyp-xss,typical,typical,ss,125,2.25,1e+06,52018.3,-47.4504
rtyp-mtyp-xss,typical,typical,ss,125,2.25,1.58489e+06,38825.6,-59.6796
rtyp-mtyp-xss,typical,typical,ss,125,2.25,2.51189e+06,26713.2,-69.6716
rtyp-mtyp-xss,typical,typical,ss,125,2.25,3.98107e+06,17527.6,-76.8203
rtyp-mtyp-xss,typical,typical,ss,125,2.25,6.30957e+06,11242.9,-81.5848
rtyp-mtyp-xss,typical,typical,ss,125,2.25,1e+07,7141.6,-84.6577
rtyp-mtyp-xss,typical,typical,ss,125,2.25,1.58489e+07,4518.28,-86.6098
rtyp-mtyp-xss,typical,typical,ss,125,2.25,2.51189e+07,2854.01,-87.8384
rtyp-mtyp-xss,typical,typical,ss,125,2.25,3.98107e+07,1801.68,-88.6032
rtyp-mtyp-xss,typical,typical,ss,125,2.25,6.30957e+07,1137.2,-89.0693
rtyp-mtyp-xss,typical,typical,ss,125,2.25,1e+08,717.895,-89.3424
rtyp-mtyp-xss,typical,typical,ss,125,2.7,100,1.29302e+07,-89.6618
rtyp-mtyp-xss,typical,typical,ss,125,2.7,158.489,8.1586e+06,-89.4731
rtyp-mtyp-xss,typical,typical,ss,125,2.7,251.189,5.14806e+06,-89.1708
rtyp-mtyp-xss,typical,typical,ss,125,2.7,398.107,3.24874e+06,-88.6896
rtyp-mtyp-xss,typical,typical,ss,125,2.7,630.957,2.05065e+06,-87.9261
rtyp-mtyp-xss,typical,typical,ss,125,2.7,1000,1.2952e+06,-86.7168
rtyp-mtyp-xss,typical,typical,ss,125,2.7,1584.89,819312,-84.8064
rtyp-mtyp-xss,typical,typical,ss,125,2.7,2511.89,520259,-81.8050
rtyp-mtyp-xss,typical,typical,ss,125,2.7,3981.07,333447,-77.1503
rtyp-mtyp-xss,typical,typical,ss,125,2.7,6309.57,218393,-70.1510
rtyp-mtyp-xss,typical,typical,ss,125,2.7,10000,149729,-60.3159
rtyp-mtyp-xss,typical,typical,ss,125,2.7,15848.9,111154,-48.1666
rtyp-mtyp-xss,typical,typical,ss,125,2.7,25118.9,91360.5,-35.7942
rtyp-mtyp-xss,typical,typical,ss,125,2.7,39810.7,82133.4,-25.6713
rtyp-mtyp-xss,typical,typical,ss,125,2.7,63095.7,78076.5,-18.9823
rtyp-mtyp-xss,typical,typical,ss,125,2.7,100000,76195.4,-15.7251
rtyp-mtyp-xss,typical,typical,ss,125,2.7,158489,74921.3,-15.6377
rtyp-mtyp-xss,typical,typical,ss,125,2.7,251189,73177.6,-18.7106
rtyp-mtyp-xss,typical,typical,ss,125,2.7,398107,69712.8,-25.2001
rtyp-mtyp-xss,typical,typical,ss,125,2.7,630957,62928.7,-35.1461
rtyp-mtyp-xss,typical,typical,ss,125,2.7,1e+06,52018.4,-47.4503
rtyp-mtyp-xss,typical,typical,ss,125,2.7,1.58489e+06,38825.6,-59.6796
rtyp-mtyp-xss,typical,typical,ss,125,2.7,2.51189e+06,26713.2,-69.6716
rtyp-mtyp-xss,typical,typical,ss,125,2.7,3.98107e+06,17527.6,-76.8203
rtyp-mtyp-xss,typical,typical,ss,125,2.7,6.30957e+06,11242.9,-81.5848
rtyp-mtyp-xss,typical,typical,ss,125,2.7,1e+07,7141.6,-84.6577
rtyp-mtyp-xss,typical,typical,ss,125,2.7,1.58489e+07,4518.28,-86.6098
rtyp-mtyp-xss,typical,typical,ss,125,2.7,2.51189e+07,2854.01,-87.8384
rtyp-mtyp-xss,typical,typical,ss,125,2.7,3.98107e+07,1801.68,-88.6032
rtyp-mtyp-xss,typical,typical,ss,125,2.7,6.30957e+07,1137.2,-89.0693
rtyp-mtyp-xss,typical,typical,ss,125,2.7,1e+08,717.895,-89.3424
rtyp-mtyp-xtyp,typical,typical,typical,-40,0.3,100,1.4195e+07,-89.6866
rtyp-mtyp-xtyp,typical,typical,typical,-40,0.3,158.489,8.95666e+06,-89.5134
rtyp-mtyp-xtyp,typical,typical,typical,-40,0.3,251.189,5.65158e+06,-89.2352
rtyp-mtyp-xtyp,typical,typical,typical,-40,0.3,398.107,3.5664e+06,-88.7920
rtyp-mtyp-xtyp,typical,typical,typical,-40,0.3,630.957,2.25103e+06,-88.0885
rtyp-mtyp-xtyp,typical,typical,typical,-40,0.3,1000,1.42154e+06,-86.9738
rtyp-mtyp-xtyp,typical,typical,typical,-40,0.3,1584.89,898884,-85.2119
rtyp-mtyp-xtyp,typical,typical,typical,-40,0.3,2511.89,570245,-82.4400
rtyp-mtyp-xtyp,typical,typical,typical,-40,0.3,3981.07,364647,-78.1275
rtyp-mtyp-xtyp,typical,typical,typical,-40,0.3,6309.57,237585,-71.5937
rtyp-mtyp-xtyp,typical,typical,typical,-40,0.3,10000,161192,-62.2660
rtyp-mtyp-xtyp,typical,typical,typical,-40,0.3,15848.9,117704,-50.4156
rtyp-mtyp-xtyp,typical,typical,typical,-40,0.3,25118.9,94994.9,-37.8833
rtyp-mtyp-xtyp,typical,typical,typical,-40,0.3,39810.7,84242.1,-27.2254
rtyp-mtyp-xtyp,typical,typical,typical,-40,0.3,63095.7,79489,-19.9015
rtyp-mtyp-xtyp,typical,typical,typical,-40,0.3,100000,77339.8,-16.0506
rtyp-mtyp-xtyp,typical,typical,typical,-40,0.3,158489,76028.3,-15.4018
rtyp-mtyp-xtyp,typical,typical,typical,-40,0.3,251189,74436.5,-17.8859
rtyp-mtyp-xtyp,typical,typical,typical,-40,0.3,398107,71368.3,-23.7311
rtyp-mtyp-xtyp,typical,typical,typical,-40,0.3,630957,65237.5,-33.0804
rtyp-mtyp-xtyp,typical,typical,typical,-40,0.3,1e+06,54920.2,-45.1082
rtyp-mtyp-xtyp,typical,typical,typical,-40,0.3,1.58489e+06,41741.7,-57.5510
rtyp-mtyp-xtyp,typical,typical,typical,-40,0.3,2.51189e+06,29077.6,-68.0478
rtyp-mtyp-xtyp,typical,typical,typical,-40,0.3,3.98107e+06,19202.8,-75.7029
rtyp-mtyp-xtyp,typical,typical,typical,-40,0.3,6.30957e+06,12353.3,-80.8530
rtyp-mtyp-xtyp,typical,typical,typical,-40,0.3,1e+07,7856.48,-84.1881
rtyp-mtyp-xtyp,typical,typical,typical,-40,0.3,1.58489e+07,4973.02,-86.3102
rtyp-mtyp-xtyp,typical,typical,typical,-40,0.3,2.51189e+07,3141.89,-87.6466
rtyp-mtyp-xtyp,typical,typical,typical,-40,0.3,3.98107e+07,1983.59,-88.4784
rtyp-mtyp-xtyp,typical,typical,typical,-40,0.3,6.30957e+07,1252.1,-88.9849
rtyp-mtyp-xtyp,typical,typical,typical,-40,0.3,1e+08,790.477,-89.2814
rtyp-mtyp-xtyp,typical,typical,typical,-40,0.9,100,1.31581e+07,-89.6626
rtyp-mtyp-xtyp,typical,typical,typical,-40,0.9,158.489,8.30241e+06,-89.4747
rtyp-mtyp-xtyp,typical,typical,typical,-40,0.9,251.189,5.2388e+06,-89.1734
rtyp-mtyp-xtyp,typical,typical,typical,-40,0.9,398.107,3.30599e+06,-88.6938
rtyp-mtyp-xtyp,typical,typical,typical,-40,0.9,630.957,2.08678e+06,-87.9327
rtyp-mtyp-xtyp,typical,typical,typical,-40,0.9,1000,1.31801e+06,-86.7272
rtyp-mtyp-xtyp,typical,typical,typical,-40,0.9,1584.89,833722,-84.8229
rtyp-mtyp-xtyp,typical,typical,typical,-40,0.9,2511.89,529379,-81.8306
rtyp-mtyp-xtyp,typical,typical,typical,-40,0.9,3981.07,339245,-77.1891
rtyp-mtyp-xtyp,typical,typical,typical,-40,0.9,6309.57,222122,-70.2058
rtyp-mtyp-xtyp,typical,typical,typical,-40,0.9,10000,152192,-60.3822
rtyp-mtyp-xtyp,typical,typical,typical,-40,0.9,15848.9,112877,-48.2214
rtyp-mtyp-xtyp,typical,typical,typical,-40,0.9,25118.9,92685.2,-35.7957
rtyp-mtyp-xtyp,typical,typical,typical,-40,0.9,39810.7,83269.3,-25.5753
rtyp-mtyp-xtyp,typical,typical,typical,-40,0.9,63095.7,79140.4,-18.7458
rtyp-mtyp-xtyp,typical,typical,typical,-40,0.9,100000,77258.3,-15.2915
rtyp-mtyp-xtyp,typical,typical,typical,-40,0.9,158489,76054.9,-14.9206
rtyp-mtyp-xtyp,typical,typical,typical,-40,0.9,251189,74502.5,-17.5903
rtyp-mtyp-xtyp,typical,typical,typical,-40,0.9,398107,71441.2,-23.5588
rtyp-mtyp-xtyp,typical,typical,typical,-40,0.9,630957,65297.7,-32.9895
rtyp-mtyp-xtyp,typical,typical,typical,-40,0.9,1e+06,54957.2,-45.0678
rtyp-mtyp-xtyp,typical,typical,typical,-40,0.9,1.58489e+06,41758.1,-57.5366
rtyp-mtyp-xtyp,typical,typical,typical,-40,0.9,2.51189e+06,29083.2,-68.0435
rtyp-mtyp-xtyp,typical,typical,typical,-40,0.9,3.98107e+06,19204.4,-75.7019
rtyp-mtyp-xtyp,typical,typical,typical,-40,0.9,6.30957e+06,12353.7,-80.8528
rtyp-mtyp-xtyp,typical,typical,typical,-40,0.9,1e+07,7856.58,-84.1881
rtyp-mtyp-xtyp,typical,typical,typical,-40,0.9,1.58489e+07,4973.05,-86.3102
rtyp-mtyp-xtyp,typical,typical,typical,-40,0.9,2.51189e+07,3141.9,-87.6466
rtyp-mtyp-xtyp,typical,typical,typical,-40,0.9,3.98107e+07,1983.6,-88.4784
rtyp-mtyp-xtyp,typical,typical,typical,-40,0.9,6.30957e+07,1252.1,-88.9849
rtyp-mtyp-xtyp,typical,typical,typical,-40,0.9,1e+08,790.477,-89.2814
rtyp-mtyp-xtyp,typical,typical,typical,-40,1.35,100,1.3004e+07,-89.6587
rtyp-mtyp-xtyp,typical,typical,typical,-40,1.35,158.489,8.20515e+06,-89.4684
rtyp-mtyp-xtyp,typical,typical,typical,-40,1.35,251.189,5.17744e+06,-89.1633
rtyp-mtyp-xtyp,typical,typical,typical,-40,1.35,398.107,3.26728e+06,-88.6778
rtyp-mtyp-xtyp,typical,typical,typical,-40,1.35,630.957,2.06237e+06,-87.9074
rtyp-mtyp-xtyp,typical,typical,typical,-40,1.35,1000,1.30262e+06,-86.6872
rtyp-mtyp-xtyp,typical,typical,typical,-40,1.35,1584.89,824038,-84.7598
rtyp-mtyp-xtyp,typical,typical,typical,-40,1.35,2511.89,523310,-81.7318
rtyp-mtyp-xtyp,typical,typical,typical,-40,1.35,3981.07,335478,-77.0374
rtyp-mtyp-xtyp,typical,typical,typical,-40,1.35,6309.57,219835,-69.9828
rtyp-mtyp-xtyp,typical,typical,typical,-40,1.35,10000,150870,-60.0830
rtyp-mtyp-xtyp,typical,typical,typical,-40,1.35,15848.9,112174,-47.8792
rtyp-mtyp-xtyp,typical,typical,typical,-40,1.35,25118.9,92352.7,-35.4766
rtyp-mtyp-xtyp,typical,typical,typical,-40,1.35,39810.7,83130.7,-25.3267
rtyp-mtyp-xtyp,typical,typical,typical,-40,1.35,63095.7,79091.4,-18.5732
rtyp-mtyp-xtyp,typical,typical,typical,-40,1.35,100000,77247.4,-15.1786
rtyp-mtyp-xtyp,typical,typical,typical,-40,1.35,158489,76059.3,-14.8491
rtyp-mtyp-xtyp,typical,typical,typical,-40,1.35,251189,74512.5,-17.5464
rtyp-mtyp-xtyp,typical,typical,typical,-40,1.35,398107,71452.1,-23.5332
rtyp-mtyp-xtyp,typical,typical,typical,-40,1.35,630957,65306.7,-32.9761
rtyp-mtyp-xtyp,typical,typical,typical,-40,1.35,1e+06,54962.7,-45.0618
rtyp-mtyp-xtyp,typical,typical,typical,-40,1.35,1.58489e+06,41760.5,-57.5344
rtyp-mtyp-xtyp,typical,typical,typical,-40,1.35,2.51189e+06,29084,-68.0429
rtyp-mtyp-xtyp,typical,typical,typical,-40,1.35,3.98107e+06,19204.6,-75.7017
rtyp-mtyp-xtyp,typical,typical,typical,-40,1.35,6.30957e+06,12353.7,-80.8528
rtyp-mtyp-xtyp,typical,typical,typical,-40,1.35,1e+07,7856.6,-84.1881
rtyp-mtyp-xtyp,typical,typical,typical,-40,1.35,1.58489e+07,4973.06,-86.3102
rtyp-mtyp-xtyp,typical,typical,typical,-40,1.35,2.51189e+07,3141.9,-87.6466
rtyp-mtyp-xtyp,typical,typical,typical,-40,1.35,3.98107e+07,1983.6,-88.4784
rtyp-mtyp-xtyp,typical,typical,typical,-40,1.35,6.30957e+07,1252.1,-88.9849
rtyp-mtyp-xtyp,typical,typical,typical,-40,1.35,1e+08,790.477,-89.2814
rtyp-mtyp-xtyp,typical,typical,typical,-40,1.8,100,1.29643e+07,-89.6577
rtyp-mtyp-xtyp,typical,typical,typical,-40,1.8,158.489,8.18016e+06,-89.4668
rtyp-mtyp-xtyp,typical,typical,typical,-40,1.8,251.189,5.16167e+06,-89.1607
rtyp-mtyp-xtyp,typical,typical,typical,-40,1.8,398.107,3.25734e+06,-88.6737
rtyp-mtyp-xtyp,typical,typical,typical,-40,1.8,630.957,2.0561e+06,-87.9008
rtyp-mtyp-xtyp,typical,typical,typical,-40,1.8,1000,1.29867e+06,-86.6768
rtyp-mtyp-xtyp,typical,typical,typical,-40,1.8,1584.89,821550,-84.7433
rtyp-mtyp-xtyp,typical,typical,typical,-40,1.8,2511.89,521750,-81.7061
rtyp-mtyp-xtyp,typical,typical,typical,-40,1.8,3981.07,334510,-76.9979
rtyp-mtyp-xtyp,typical,typical,typical,-40,1.8,6309.57,219248,-69.9248
rtyp-mtyp-xtyp,typical,typical,typical,-40,1.8,10000,150530,-60.0053
rtyp-mtyp-xtyp,typical,typical,typical,-40,1.8,15848.9,111994,-47.7906
rtyp-mtyp-xtyp,typical,typical,typical,-40,1.8,25118.9,92267.7,-35.3942
rtyp-mtyp-xtyp,typical,typical,typical,-40,1.8,39810.7,83095.3,-25.2627
rtyp-mtyp-xtyp,typical,typical,typical,-40,1.8,63095.7,79078.9,-18.5288
rtyp-mtyp-xtyp,typical,typical,typical,-40,1.8,100000,77244.6,-15.1495
rtyp-mtyp-xtyp,typical,typical,typical,-40,1.8,158489,76060.4,-14.8307
rtyp-mtyp-xtyp,typical,typical,typical,-40,1.8,251189,74515.1,-17.5352
rtyp-mtyp-xtyp,typical,typical,typical,-40,1.8,398107,71454.9,-23.5267
rtyp-mtyp-xtyp,typical,typical,typical,-40,1.8,630957,65309,-32.9726
rtyp-mtyp-xtyp,typical,typical,typical,-40,1.8,1e+06,54964.1,-45.0602
rtyp-mtyp-xtyp,typical,typical,typical,-40,1.8,1.58489e+06,41761.1,-57.5339
rtyp-mtyp-xtyp,typical,typical,typical,-40,1.8,2.51189e+06,29084.2,-68.0427
rtyp-mtyp-xtyp,typical,typical,typical,-40,1.8,3.98107e+06,19204.7,-75.7017
rtyp-mtyp-xtyp,typical,typical,typical,-40,1.8,6.30957e+06,12353.8,-80.8528
rtyp-mtyp-xtyp,typical,typical,typical,-40,1.8,1e+07,7856.6,-84.1881
rtyp-mtyp-xtyp,typical,typical,typical,-40,1.8,1.58489e+07,4973.06,-86.3102
rtyp-mtyp-xtyp,typical,typical,typical,-40,1.8,2.51189e+07,3141.9,-87.6466
rtyp-mtyp-xtyp,typical,typical,typical,-40,1.8,3.98107e+07,1983.6,-88.4784
rtyp-mtyp-xtyp,typical,typical,typical,-40,1.8,6.30957e+07,1252.1,-88.9849
rtyp-mtyp-xtyp,typical,typical,typical,-40,1.8,1e+08,790.477,-89.2814
rtyp-mtyp-xtyp,typical,typical,typical,-40,2.25,100,1.29542e+07,-89.6575
rtyp-mtyp-xtyp,typical,typical,typical,-40,2.25,158.489,8.17376e+06,-89.4663
rtyp-mtyp-xtyp,typical,typical,typical,-40,2.25,251.189,5.15764e+06,-89.1600
rtyp-mtyp-xtyp,typical,typical,typical,-40,2.25,398.107,3.25479e+06,-88.6726
rtyp-mtyp-xtyp,typical,typical,typical,-40,2.25,630.957,2.05449e+06,-87.8991
rtyp-mtyp-xtyp,typical,typical,typical,-40,2.25,1000,1.29765e+06,-86.6741
rtyp-mtyp-xtyp,typical,typical,typical,-40,2.25,1584.89,820913,-84.7391
rtyp-mtyp-xtyp,typical,typical,typical,-40,2.25,2511.89,521351,-81.6995
rtyp-mtyp-xtyp,typical,typical,typical,-40,2.25,3981.07,334262,-76.9878
rtyp-mtyp-xtyp,typical,typical,typical,-40,2.25,6309.57,219098,-69.9099
rtyp-mtyp-xtyp,typical,typical,typical,-40,2.25,10000,150443,-59.9854
rtyp-mtyp-xtyp,typical,typical,typical,-40,2.25,15848.9,111948,-47.7678
rtyp-mtyp-xtyp,typical,typical,typical,-40,2.25,25118.9,92245.9,-35.3731
rtyp-mtyp-xtyp,typical,typical,typical,-40,2.25,39810.7,83086.3,-25.2463
rtyp-mtyp-xtyp,typical,typical,typical,-40,2.25,63095.7,79075.7,-18.5174
rtyp-mtyp-xtyp,typical,typical,typical,-40,2.25,100000,77243.9,-15.1421
rtyp-mtyp-xtyp,typical,typical,typical,-40,2.25,158489,76060.7,-14.8260
rtyp-mtyp-xtyp,typical,typical,typical,-40,2.25,251189,74515.8,-17.5323
rtyp-mtyp-xtyp,typical,typical,typical,-40,2.25,398107,71455.7,-23.5250
rtyp-mtyp-xtyp,typical,typical,typical,-40,2.25,630957,65309.6,-32.9717
rtyp-mtyp-xtyp,typical,typical,typical,-40,2.25,1e+06,54964.5,-45.0599
rtyp-mtyp-xtyp,typical,typical,typical,-40,2.25,1.58489e+06,41761.3,-57.5337
rtyp-mtyp-xtyp,typical,typical,typical,-40,2.25,2.51189e+06,29084.3,-68.0427
rtyp-mtyp-xtyp,typical,typical,typical,-40,2.25,3.98107e+06,19204.7,-75.7017
rtyp-mtyp-xtyp,typical,typical,typical,-40,2.25,6.30957e+06,12353.8,-80.8528
rtyp-mtyp-xtyp,typical,typical,typical,-40,2.25,1e+07,7856.61,-84.1881
rtyp-mtyp-xtyp,typical,typical,typical,-40,2.25,1.58489e+07,4973.06,-86.3102
rtyp-mtyp-xtyp,typical,typical,typical,-40,2.25,2.51189e+07,3141.9,-87.6466
rtyp-mtyp-xtyp,typical,typical,typical,-40,2.25,3.98107e+07,1983.6,-88.4784
rtyp-mtyp-xtyp,typical,typical,typical,-40,2.25,6.30957e+07,1252.1,-88.9849
rtyp-mtyp-xtyp,typical,typical,typical,-40,2.25,1e+08,790.477,-89.2814
rtyp-mtyp-xtyp,typical,typical,typical,-40,2.7,100,1.29516e+07,-89.6574
rtyp-mtyp-xtyp,typical,typical,typical,-40,2.7,158.489,8.17212e+06,-89.4662
rtyp-mtyp-xtyp,typical,typical,typical,-40,2.7,251.189,5.1566e+06,-89.1599
rtyp-mtyp-xtyp,typical,typical,typical,-40,2.7,398.107,3.25414e+06,-88.6723
rtyp-mtyp-xtyp,typical,typical,typical,-40,2.7,630.957,2.05408e+06,-87.8987
rtyp-mtyp-xtyp,typical,typical,typical,-40,2.7,1000,1.2974e+06,-86.6734
rtyp-mtyp-xtyp,typical,typical,typical,-40,2.7,1584.89,820750,-84.7380
rtyp-mtyp-xtyp,typical,typical,typical,-40,2.7,2511.89,521249,-81.6978
rtyp-mtyp-xtyp,typical,typical,typical,-40,2.7,3981.07,334199,-76.9852
rtyp-mtyp-xtyp,typical,typical,typical,-40,2.7,6309.57,219059,-69.9061
rtyp-mtyp-xtyp,typical,typical,typical,-40,2.7,10000,150421,-59.9802
rtyp-mtyp-xtyp,typical,typical,typical,-40,2.7,15848.9,111936,-47.7620
rtyp-mtyp-xtyp,typical,typical,typical,-40,2.7,25118.9,92240.4,-35.3676
rtyp-mtyp-xtyp,typical,typical,typical,-40,2.7,39810.7,83084,-25.2421
rtyp-mtyp-xtyp,typical,typical,typical,-40,2.7,63095.7,79074.9,-18.5145
rtyp-mtyp-xtyp,typical,typical,typical,-40,2.7,100000,77243.7,-15.1402
rtyp-mtyp-xtyp,typical,typical,typical,-40,2.7,158489,76060.8,-14.8248
rtyp-mtyp-xtyp,typical,typical,typical,-40,2.7,251189,74516,-17.5315
rtyp-mtyp-xtyp,typical,typical,typical,-40,2.7,398107,71455.9,-23.5245
rtyp-mtyp-xtyp,typical,typical,typical,-40,2.7,630957,65309.7,-32.9715
rtyp-mtyp-xtyp,typical,typical,typical,-40,2.7,1e+06,54964.6,-45.0598
rtyp-mtyp-xtyp,typical,typical,typical,-40,2.7,1.58489e+06,41761.3,-57.5337
rtyp-mtyp-xtyp,typical,typical,typical,-40,2.7,2.51189e+06,29084.3,-68.0427
rtyp-mtyp-xtyp,typical,typical,typical,-40,2.7,3.98107e+06,19204.7,-75.7017
rtyp-mtyp-xtyp,typical,typical,typical,-40,2.7,6.30957e+06,12353.8,-80.8528
rtyp-mtyp-xtyp,typical,typical,typical,-40,2.7,1e+07,7856.61,-84.1881
rtyp-mtyp-xtyp,typical,typical,typical,-40,2.7,1.58489e+07,4973.06,-86.3102
rtyp-mtyp-xtyp,typical,typical,typical,-40,2.7,2.51189e+07,3141.9,-87.6466
rtyp-mtyp-xtyp,typical,typical,typical,-40,2.7,3.98107e+07,1983.6,-88.4784
rtyp-mtyp-xtyp,typical,typical,typical,-40,2.7,6.30957e+07,1252.1,-88.9849
rtyp-mtyp-xtyp,typical,typical,typical,-40,2.7,1e+08,790.477,-89.2814
rtyp-mtyp-xtyp,typical,typical,typical,27,0.3,100,1.41947e+07,-89.6894
rtyp-mtyp-xtyp,typical,typical,typical,27,0.3,158.489,8.95646e+06,-89.5178
rtyp-mtyp-xtyp,typical,typical,typical,27,0.3,251.189,5.65145e+06,-89.2422
rtyp-mtyp-xtyp,typical,typical,typical,27,0.3,398.107,3.56631e+06,-88.8031
rtyp-mtyp-xtyp,typical,typical,typical,27,0.3,630.957,2.25095e+06,-88.1061
rtyp-mtyp-xtyp,typical,typical,typical,27,0.3,1000,1.42147e+06,-87.0016
rtyp-mtyp-xtyp,typical,typical,typical,27,0.3,1584.89,898806,-85.2558
rtyp-mtyp-xtyp,typical,typical,typical,27,0.3,2511.89,570139,-82.5089
rtyp-mtyp-xtyp,typical,typical,typical,27,0.3,3981.07,364493,-78.2337
rtyp-mtyp-xtyp,typical,typical,typical,27,0.3,6309.57,237355,-71.7515
rtyp-mtyp-xtyp,typical,typical,typical,27,0.3,10000,160857,-62.4819
rtyp-mtyp-xtyp,typical,typical,typical,27,0.3,15848.9,117247,-50.6697
rtyp-mtyp-xtyp,typical,typical,typical,27,0.3,25118.9,94429.5,-38.1256
rtyp-mtyp-xtyp,typical,typical,typical,27,0.3,39810.7,83605.5,-27.4112
rtyp-mtyp-xtyp,typical,typical,typical,27,0.3,63095.7,78817.1,-20.0176
rtyp-mtyp-xtyp,typical,typical,typical,27,0.3,100000,76656.3,-16.1020
rtyp-mtyp-xtyp,typical,typical,typical,27,0.3,158489,75350.7,-15.3944
rtyp-mtyp-xtyp,typical,typical,typical,27,0.3,251189,73786.9,-17.8194
rtyp-mtyp-xtyp,typical,typical,typical,27,0.3,398107,70784.9,-23.6014
rtyp-mtyp-xtyp,typical,typical,typical,27,0.3,630957,64777.4,-32.8910
rtyp-mtyp-xtyp,typical,typical,typical,27,0.3,1e+06,54625.7,-44.8872
rtyp-mtyp-xtyp,typical,typical,typical,27,0.3,1.58489e+06,41590.9,-57.3455
rtyp-mtyp-xtyp,typical,typical,typical,27,0.3,2.51189e+06,29008.7,-67.8886
rtyp-mtyp-xtyp,typical,typical,typical,27,0.3,3.98107e+06,19169.9,-75.5927
rtyp-mtyp-xtyp,typical,typical,typical,27,0.3,6.30957e+06,12335.8,-80.7807
rtyp-mtyp-xtyp,typical,typical,typical,27,0.3,1e+07,7846.39,-84.1418
rtyp-mtyp-xtyp,typical,typical,typical,27,0.3,1.58489e+07,4966.9,-86.2809
rtyp-mtyp-xtyp,typical,typical,typical,27,0.3,2.51189e+07,3138.08,-87.6283
rtyp-mtyp-xtyp,typical,typical,typical,27,0.3,3.98107e+07,1981.2,-88.4672
rtyp-mtyp-xtyp,typical,typical,typical,27,0.3,6.30957e+07,1250.59,-88.9784
rtyp-mtyp-xtyp,typical,typical,typical,27,0.3,1e+08,789.518,-89.2779
rtyp-mtyp-xtyp,typical,typical,typical,27,0.9,100,1.31578e+07,-89.6657
rtyp-mtyp-xtyp,typical,typical,typical,27,0.9,158.489,8.30224e+06,-89.4795
rtyp-mtyp-xtyp,typical,typical,typical,27,0.9,251.189,5.23869e+06,-89.1810
rtyp-mtyp-xtyp,typical,typical,typical,27,0.9,398.107,3.30591e+06,-88.7058
rtyp-mtyp-xtyp,typical,typical,typical,27,0.9,630.957,2.08672e+06,-87.9517
rtyp-mtyp-xtyp,typical,typical,typical,27,0.9,1000,1.31794e+06,-86.7573
rtyp-mtyp-xtyp,typical,typical,typical,27,0.9,1584.89,833641,-84.8703
rtyp-mtyp-xtyp,typical,typical,typical,27,0.9,2511.89,529267,-81.9048
rtyp-mtyp-xtyp,typical,typical,typical,27,0.9,3981.07,339081,-77.3031
rtyp-mtyp-xtyp,typical,typical,typical,27,0.9,6309.57,221876,-70.3736
rtyp-mtyp-xtyp,typical,typical,typical,27,0.9,10000,151837,-60.6073
rtyp-mtyp-xtyp,typical,typical,typical,27,0.9,15848.9,112399,-48.4781
rtyp-mtyp-xtyp,typical,typical,typical,27,0.9,25118.9,92104.3,-36.0317
rtyp-mtyp-xtyp,typical,typical,typical,27,0.9,39810.7,82623.7,-25.7509
rtyp-mtyp-xtyp,typical,typical,typical,27,0.9,63095.7,78463.8,-18.8527
rtyp-mtyp-xtyp,typical,typical,typical,27,0.9,100000,76572.4,-15.3362
rtyp-mtyp-xtyp,typical,typical,typical,27,0.9,158489,75375.9,-14.9086
rtyp-mtyp-xtyp,typical,typical,typical,27,0.9,251189,73852,-17.5209
rtyp-mtyp-xtyp,typical,typical,typical,27,0.9,398107,70857.3,-23.4271
rtyp-mtyp-xtyp,typical,typical,typical,27,0.9,630957,64837.4,-32.7989
rtyp-mtyp-xtyp,typical,typical,typical,27,0.9,1e+06,54662.8,-44.8461
rtyp-mtyp-xtyp,typical,typical,typical,27,0.9,1.58489e+06,41607.5,-57.3307
rtyp-mtyp-xtyp,typical,typical,typical,27,0.9,2.51189e+06,29014.3,-67.8843
rtyp-mtyp-xtyp,typical,typical,typical,27,0.9,3.98107e+06,19171.6,-75.5916
rtyp-mtyp-xtyp,typical,typical,typical,27,0.9,6.30957e+06,12336.3,-80.7805
rtyp-mtyp-xtyp,typical,typical,typical,27,0.9,1e+07,7846.51,-84.1418
rtyp-mtyp-xtyp,typical,typical,typical,27,0.9,1.58489e+07,4966.93,-86.2810
rtyp-mtyp-xtyp,typical,typical,typical,27,0.9,2.51189e+07,3138.09,-87.6284
rtyp-mtyp-xtyp,typical,typical,typical,27,0.9,3.98107e+07,1981.2,-88.4672
rtyp-mtyp-xtyp,typical,typical,typical,27,0.9,6.30957e+07,1250.59,-88.9784
rtyp-mtyp-xtyp,typical,typical,typical,27,0.9,1e+08,789.518,-89.2779
rtyp-mtyp-xtyp,typical,typical,typical,27,1.35,100,1.30037e+07,-89.6618
rtyp-mtyp-xtyp,typical,typical,typical,27,1.35,158.489,8.20498e+06,-89.4732
rtyp-mtyp-xtyp,typical,typical,typical,27,1.35,251.189,5.17733e+06,-89.1710
rtyp-mtyp-xtyp,typical,typical,typical,27,1.35,398.107,3.2672e+06,-88.6900
rtyp-mtyp-xtyp,typical,typical,typical,27,1.35,630.957,2.0623e+06,-87.9266
rtyp-mtyp-xtyp,typical,typical,typical,27,1.35,1000,1.30255e+06,-86.7177
rtyp-mtyp-xtyp,typical,typical,typical,27,1.35,1584.89,823957,-84.8078
rtyp-mtyp-xtyp,typical,typical,typical,27,1.35,2511.89,523197,-81.8070
rtyp-mtyp-xtyp,typical,typical,typical,27,1.35,3981.07,335311,-77.1527
rtyp-mtyp-xtyp,typical,typical,typical,27,1.35,6309.57,219587,-70.1522
rtyp-mtyp-xtyp,typical,typical,typical,27,1.35,10000,150511,-60.3095
rtyp-mtyp-xtyp,typical,typical,typical,27,1.35,15848.9,111693,-48.1361
rtyp-mtyp-xtyp,typical,typical,typical,27,1.35,25118.9,91769.4,-35.7115
rtyp-mtyp-xtyp,typical,typical,typical,27,1.35,39810.7,82483.7,-25.5008
rtyp-mtyp-xtyp,typical,typical,typical,27,1.35,63095.7,78414.1,-18.6786
rtyp-mtyp-xtyp,typical,typical,typical,27,1.35,100000,76561.1,-15.2222
rtyp-mtyp-xtyp,typical,typical,typical,27,1.35,158489,75380.1,-14.8364
rtyp-mtyp-xtyp,typical,typical,typical,27,1.35,251189,73861.9,-17.4765
rtyp-mtyp-xtyp,typical,typical,typical,27,1.35,398107,70868.2,-23.4013
rtyp-mtyp-xtyp,typical,typical,typical,27,1.35,630957,64846.4,-32.7852
rtyp-mtyp-xtyp,typical,typical,typical,27,1.35,1e+06,54668.3,-44.8400
rtyp-mtyp-xtyp,typical,typical,typical,27,1.35,1.58489e+06,41609.9,-57.3285
rtyp-mtyp-xtyp,typical,typical,typical,27,1.35,2.51189e+06,29015.2,-67.8837
rtyp-mtyp-xtyp,typical,typical,typical,27,1.35,3.98107e+06,19171.8,-75.5914
rtyp-mtyp-xtyp,typical,typical,typical,27,1.35,6.30957e+06,12336.3,-80.7805
rtyp-mtyp-xtyp,typical,typical,typical,27,1.35,1e+07,7846.52,-84.1418
rtyp-mtyp-xtyp,typical,typical,typical,27,1.35,1.58489e+07,4966.93,-86.2810
rtyp-mtyp-xtyp,typical,typical,typical,27,1.35,2.51189e+07,3138.09,-87.6284
rtyp-mtyp-xtyp,typical,typical,typical,27,1.35,3.98107e+07,1981.2,-88.4672
rtyp-mtyp-xtyp,typical,typical,typical,27,1.35,6.30957e+07,1250.59,-88.9784
rtyp-mtyp-xtyp,typical,typical,typical,27,1.35,1e+08,789.518,-89.2779
rtyp-mtyp-xtyp,typical,typical,typical,27,1.8,100,1.29641e+07,-89.6608
rtyp-mtyp-xtyp,typical,typical,typical,27,1.8,158.489,8.17999e+06,-89.4716
rtyp-mtyp-xtyp,typical,typical,typical,27,1.8,251.189,5.16156e+06,-89.1684
rtyp-mtyp-xtyp,typical,typical,typical,27,1.8,398.107,3.25726e+06,-88.6859
rtyp-mtyp-xtyp,typical,typical,typical,27,1.8,630.957,2.05603e+06,-87.9201
rtyp-mtyp-xtyp,typical,typical,typical,27,1.8,1000,1.2986e+06,-86.7073
rtyp-mtyp-xtyp,typical,typical,typical,27,1.8,1584.89,821469,-84.7915
rtyp-mtyp-xtyp,typical,typical,typical,27,1.8,2511.89,521637,-81.7814
rtyp-mtyp-xtyp,typical,typical,typical,27,1.8,3981.07,334343,-77.1136
rtyp-mtyp-xtyp,typical,typical,typical,27,1.8,6309.57,218999,-70.0945
rtyp-mtyp-xtyp,typical,typical,typical,27,1.8,10000,150171,-60.2321
rtyp-mtyp-xtyp,typical,typical,typical,27,1.8,15848.9,111512,-48.0476
rtyp-mtyp-xtyp,typical,typical,typical,27,1.8,25118.9,91683.9,-35.6289
rtyp-mtyp-xtyp,typical,typical,typical,27,1.8,39810.7,82448,-25.4364
rtyp-mtyp-xtyp,typical,typical,typical,27,1.8,63095.7,78401.4,-18.6339
rtyp-mtyp-xtyp,typical,typical,typical,27,1.8,100000,76558.2,-15.1930
rtyp-mtyp-xtyp,typical,typical,typical,27,1.8,158489,75381.2,-14.8179
rtyp-mtyp-xtyp,typical,typical,typical,27,1.8,251189,73864.4,-17.4651
rtyp-mtyp-xtyp,typical,typical,typical,27,1.8,398107,70870.9,-23.3946
rtyp-mtyp-xtyp,typical,typical,typical,27,1.8,630957,64848.7,-32.7817
rtyp-mtyp-xtyp,typical,typical,typical,27,1.8,1e+06,54669.7,-44.8385
rtyp-mtyp-xtyp,typical,typical,typical,27,1.8,1.58489e+06,41610.6,-57.3280
rtyp-mtyp-xtyp,typical,typical,typical,27,1.8,2.51189e+06,29015.4,-67.8835
rtyp-mtyp-xtyp,typical,typical,typical,27,1.8,3.98107e+06,19171.9,-75.5914
rtyp-mtyp-xtyp,typical,typical,typical,27,1.8,6.30957e+06,12336.4,-80.7805
rtyp-mtyp-xtyp,typical,typical,typical,27,1.8,1e+07,7846.53,-84.1418
rtyp-mtyp-xtyp,typical,typical,typical,27,1.8,1.58489e+07,4966.93,-86.2810
rtyp-mtyp-xtyp,typical,typical,typical,27,1.8,2.51189e+07,3138.09,-87.6284
rtyp-mtyp-xtyp,typical,typical,typical,27,1.8,3.98107e+07,1981.2,-88.4672
rtyp-mtyp-xtyp,typical,typical,typical,27,1.8,6.30957e+07,1250.59,-88.9784
rtyp-mtyp-xtyp,typical,typical,typical,27,1.8,1e+08,789.518,-89.2779
rtyp-mtyp-xtyp,typical,typical,typical,27,2.25,100,1.29539e+07,-89.6605
rtyp-mtyp-xtyp,typical,typical,typical,27,2.25,158.489,8.17359e+06,-89.4712
rtyp-mtyp-xtyp,typical,typical,typical,27,2.25,251.189,5.15752e+06,-89.1678
rtyp-mtyp-xtyp,typical,typical,typical,27,2.25,398.107,3.25471e+06,-88.6848
rtyp-mtyp-xtyp,typical,typical,typical,27,2.25,630.957,2.05442e+06,-87.9184
rtyp-mtyp-xtyp,typical,typical,typical,27,2.25,1000,1.29759e+06,-86.7047
rtyp-mtyp-xtyp,typical,typical,typical,27,2.25,1584.89,820832,-84.7873
rtyp-mtyp-xtyp,typical,typical,typical,27,2.25,2511.89,521238,-81.7749
rtyp-mtyp-xtyp,typical,typical,typical,27,2.25,3981.07,334095,-77.1035
rtyp-mtyp-xtyp,typical,typical,typical,27,2.25,6309.57,218849,-70.0797
rtyp-mtyp-xtyp,typical,typical,typical,27,2.25,10000,150084,-60.2122
rtyp-mtyp-xtyp,typical,typical,typical,27,2.25,15848.9,111466,-48.0248
rtyp-mtyp-xtyp,typical,typical,typical,27,2.25,25118.9,91662,-35.6077
rtyp-mtyp-xtyp,typical,typical,typical,27,2.25,39810.7,82438.9,-25.4199
rtyp-mtyp-xtyp,typical,typical,typical,27,2.25,63095.7,78398.2,-18.6224
rtyp-mtyp-xtyp,typical,typical,typical,27,2.25,100000,76557.5,-15.1855
rtyp-mtyp-xtyp,typical,typical,typical,27,2.25,158489,75381.5,-14.8131
rtyp-mtyp-xtyp,typical,typical,typical,27,2.25,251189,73865.1,-17.4622
rtyp-mtyp-xtyp,typical,typical,typical,27,2.25,398107,70871.7,-23.3929
rtyp-mtyp-xtyp,typical,typical,typical,27,2.25,630957,64849.3,-32.7808
rtyp-mtyp-xtyp,typical,typical,typical,27,2.25,1e+06,54670.1,-44.8381
rtyp-mtyp-xtyp,typical,typical,typical,27,2.25,1.58489e+06,41610.7,-57.3278
rtyp-mtyp-xtyp,typical,typical,typical,27,2.25,2.51189e+06,29015.4,-67.8834
rtyp-mtyp-xtyp,typical,typical,typical,27,2.25,3.98107e+06,19171.9,-75.5914
rtyp-mtyp-xtyp,typical,typical,typical,27,2.25,6.30957e+06,12336.4,-80.7804
rtyp-mtyp-xtyp,typical,typical,typical,27,2.25,1e+07,7846.53,-84.1418
rtyp-mtyp-xtyp,typical,typical,typical,27,2.25,1.58489e+07,4966.93,-86.2810
rtyp-mtyp-xtyp,typical,typical,typical,27,2.25,2.51189e+07,3138.09,-87.6284
rtyp-mtyp-xtyp,typical,typical,typical,27,2.25,3.98107e+07,1981.2,-88.4672
rtyp-mtyp-xtyp,typical,typical,typical,27,2.25,6.30957e+07,1250.59,-88.9784
rtyp-mtyp-xtyp,typical,typical,typical,27,2.25,1e+08,789.518,-89.2779
rtyp-mtyp-xtyp,typical,typical,typical,27,2.7,100,1.29513e+07,-89.6605
rtyp-mtyp-xtyp,typical,typical,typical,27,2.7,158.489,8.17196e+06,-89.4711
rtyp-mtyp-xtyp,typical,typical,typical,27,2.7,251.189,5.15649e+06,-89.1676
rtyp-mtyp-xtyp,typical,typical,typical,27,2.7,398.107,3.25406e+06,-88.6845
rtyp-mtyp-xtyp,typical,typical,typical,27,2.7,630.957,2.05401e+06,-87.9180
rtyp-mtyp-xtyp,typical,typical,typical,27,2.7,1000,1.29733e+06,-86.7040
rtyp-mtyp-xtyp,typical,typical,typical,27,2.7,1584.89,820669,-84.7862
rtyp-mtyp-xtyp,typical,typical,typical,27,2.7,2511.89,521136,-81.7732
rtyp-mtyp-xtyp,typical,typical,typical,27,2.7,3981.07,334032,-77.1009
rtyp-mtyp-xtyp,typical,typical,typical,27,2.7,6309.57,218810,-70.0759
rtyp-mtyp-xtyp,typical,typical,typical,27,2.7,10000,150062,-60.2071
rtyp-mtyp-xtyp,typical,typical,typical,27,2.7,15848.9,111454,-48.0190
rtyp-mtyp-xtyp,typical,typical,typical,27,2.7,25118.9,91656.4,-35.6022
rtyp-mtyp-xtyp,typical,typical,typical,27,2.7,39810.7,82436.6,-25.4156
rtyp-mtyp-xtyp,typical,typical,typical,27,2.7,63095.7,78397.4,-18.6195
rtyp-mtyp-xtyp,typical,typical,typical,27,2.7,100000,76557.3,-15.1835
rtyp-mtyp-xtyp,typical,typical,typical,27,2.7,158489,75381.5,-14.8119
rtyp-mtyp-xtyp,typical,typical,typical,27,2.7,251189,73865.3,-17.4615
rtyp-mtyp-xtyp,typical,typical,typical,27,2.7,398107,70871.8,-23.3925
rtyp-mtyp-xtyp,typical,typical,typical,27,2.7,630957,64849.4,-32.7806
rtyp-mtyp-xtyp,typical,typical,typical,27,2.7,1e+06,54670.2,-44.8379
rtyp-mtyp-xtyp,typical,typical,typical,27,2.7,1.58489e+06,41610.8,-57.3278
rtyp-mtyp-xtyp,typical,typical,typical,27,2.7,2.51189e+06,29015.5,-67.8834
rtyp-mtyp-xtyp,typical,typical,typical,27,2.7,3.98107e+06,19171.9,-75.5914
rtyp-mtyp-xtyp,typical,typical,typical,27,2.7,6.30957e+06,12336.4,-80.7804
rtyp-mtyp-xtyp,typical,typical,typical,27,2.7,1e+07,7846.53,-84.1418
rtyp-mtyp-xtyp,typical,typical,typical,27,2.7,1.58489e+07,4966.93,-86.2810
rtyp-mtyp-xtyp,typical,typical,typical,27,2.7,2.51189e+07,3138.09,-87.6284
rtyp-mtyp-xtyp,typical,typical,typical,27,2.7,3.98107e+07,1981.2,-88.4672
rtyp-mtyp-xtyp,typical,typical,typical,27,2.7,6.30957e+07,1250.59,-88.9784
rtyp-mtyp-xtyp,typical,typical,typical,27,2.7,1e+08,789.518,-89.2779
rtyp-mtyp-xtyp,typical,typical,typical,125,0.3,100,1.41945e+07,-89.6901
rtyp-mtyp-xtyp,typical,typical,typical,125,0.3,158.489,8.95632e+06,-89.5189
rtyp-mtyp-xtyp,typical,typical,typical,125,0.3,251.189,5.65136e+06,-89.2439
rtyp-mtyp-xtyp,typical,typical,typical,125,0.3,398.107,3.56625e+06,-88.8058
rtyp-mtyp-xtyp,typical,typical,typical,125,0.3,630.957,2.25091e+06,-88.1103
rtyp-mtyp-xtyp,typical,typical,typical,125,0.3,1000,1.42144e+06,-87.0084
rtyp-mtyp-xtyp,typical,typical,typical,125,0.3,1584.89,898777,-85.2665
rtyp-mtyp-xtyp,typical,typical,typical,125,0.3,2511.89,570107,-82.5256
rtyp-mtyp-xtyp,typical,typical,typical,125,0.3,3981.07,364452,-78.2596
rtyp-mtyp-xtyp,typical,typical,typical,125,0.3,6309.57,237297,-71.7900
rtyp-mtyp-xtyp,typical,typical,typical,125,0.3,10000,160774,-62.5347
rtyp-mtyp-xtyp,typical,typical,typical,125,0.3,15848.9,117135,-50.7322
rtyp-mtyp-xtyp,typical,typical,typical,125,0.3,25118.9,94291.7,-38.1856
rtyp-mtyp-xtyp,typical,typical,typical,125,0.3,39810.7,83450.4,-27.4580
rtyp-mtyp-xtyp,typical,typical,typical,125,0.3,63095.7,78653.3,-20.0480
rtyp-mtyp-xtyp,typical,typical,typical,125,0.3,100000,76489.4,-16.1178
rtyp-mtyp-xtyp,typical,typical,typical,125,0.3,158489,75184.6,-15.3975
rtyp-mtyp-xtyp,typical,typical,typical,125,0.3,251189,73626.2,-17.8107
rtyp-mtyp-xtyp,typical,typical,typical,125,0.3,398107,70637.4,-23.5807
rtyp-mtyp-xtyp,typical,typical,typical,125,0.3,630957,64655,-32.8591
rtyp-mtyp-xtyp,typical,typical,typical,125,0.3,1e+06,54538.6,-44.8494
rtyp-mtyp-xtyp,typical,typical,typical,125,0.3,1.58489e+06,41537.4,-57.3101
rtyp-mtyp-xtyp,typical,typical,typical,125,0.3,2.51189e+06,28977.6,-67.8611
rtyp-mtyp-xtyp,typical,typical,typical,125,0.3,3.98107e+06,19151.7,-75.5736
rtyp-mtyp-xtyp,typical,typical,typical,125,0.3,6.30957e+06,12324.7,-80.7681
rtyp-mtyp-xtyp,typical,typical,typical,125,0.3,1e+07,7839.49,-84.1338
rtyp-mtyp-xtyp,typical,typical,typical,125,0.3,1.58489e+07,4962.57,-86.2759
rtyp-mtyp-xtyp,typical,typical,typical,125,0.3,2.51189e+07,3135.36,-87.6252
rtyp-mtyp-xtyp,typical,typical,typical,125,0.3,3.98107e+07,1979.49,-88.4653
rtyp-mtyp-xtyp,typical,typical,typical,125,0.3,6.30957e+07,1249.5,-88.9773
rtyp-mtyp-xtyp,typical,typical,typical,125,0.3,1e+08,788.833,-89.2774
rtyp-mtyp-xtyp,typical,typical,typical,125,0.9,100,1.31576e+07,-89.6664
rtyp-mtyp-xtyp,typical,typical,typical,125,0.9,158.489,8.30212e+06,-89.4806
rtyp-mtyp-xtyp,typical,typical,typical,125,0.9,251.189,5.23861e+06,-89.1828
rtyp-mtyp-xtyp,typical,typical,typical,125,0.9,398.107,3.30586e+06,-88.7087
rtyp-mtyp-xtyp,typical,typical,typical,125,0.9,630.957,2.08668e+06,-87.9563
rtyp-mtyp-xtyp,typical,typical,typical,125,0.9,1000,1.31791e+06,-86.7646
rtyp-mtyp-xtyp,typical,typical,typical,125,0.9,1584.89,833613,-84.8819
rtyp-mtyp-xtyp,typical,typical,typical,125,0.9,2511.89,529235,-81.9229
rtyp-mtyp-xtyp,typical,typical,typical,125,0.9,3981.07,339038,-77.3309
rtyp-mtyp-xtyp,typical,typical,typical,125,0.9,6309.57,221815,-70.4145
rtyp-mtyp-xtyp,typical,typical,typical,125,0.9,10000,151750,-60.6623
rtyp-mtyp-xtyp,typical,typical,typical,125,0.9,15848.9,112282,-48.5411
rtyp-mtyp-xtyp,typical,typical,typical,125,0.9,25118.9,91962.7,-36.0902
rtyp-mtyp-xtyp,typical,typical,typical,125,0.9,39810.7,82466.4,-25.7952
rtyp-mtyp-xtyp,typical,typical,typical,125,0.9,63095.7,78298.9,-18.8809
rtyp-mtyp-xtyp,typical,typical,typical,125,0.9,100000,76404.9,-15.3504
rtyp-mtyp-xtyp,typical,typical,typical,125,0.9,158489,75209.5,-14.9106
rtyp-mtyp-xtyp,typical,typical,typical,125,0.9,251189,73691.2,-17.5114
rtyp-mtyp-xtyp,typical,typical,typical,125,0.9,398107,70709.7,-23.4059
rtyp-mtyp-xtyp,typical,typical,typical,125,0.9,630957,64715,-32.7668
rtyp-mtyp-xtyp,typical,typical,typical,125,0.9,1e+06,54575.7,-44.8082
rtyp-mtyp-xtyp,typical,typical,typical,125,0.9,1.58489e+06,41553.9,-57.2952
rtyp-mtyp-xtyp,typical,typical,typical,125,0.9,2.51189e+06,28983.3,-67.8567
rtyp-mtyp-xtyp,typical,typical,typical,125,0.9,3.98107e+06,19153.3,-75.5725
rtyp-mtyp-xtyp,typical,typical,typical,125,0.9,6.30957e+06,12325.2,-80.7679
rtyp-mtyp-xtyp,typical,typical,typical,125,0.9,1e+07,7839.61,-84.1338
rtyp-mtyp-xtyp,typical,typical,typical,125,0.9,1.58489e+07,4962.6,-86.2759
rtyp-mtyp-xtyp,typical,typical,typical,125,0.9,2.51189e+07,3135.37,-87.6252
rtyp-mtyp-xtyp,typical,typical,typical,125,0.9,3.98107e+07,1979.49,-88.4653
rtyp-mtyp-xtyp,typical,typical,typical,125,0.9,6.30957e+07,1249.5,-88.9773
rtyp-mtyp-xtyp,typical,typical,typical,125,0.9,1e+08,788.833,-89.2774
rtyp-mtyp-xtyp,typical,typical,typical,125,1.35,100,1.30035e+07,-89.6625
rtyp-mtyp-xtyp,typical,typical,typical,125,1.35,158.489,8.20487e+06,-89.4744
rtyp-mtyp-xtyp,typical,typical,typical,125,1.35,251.189,5.17725e+06,-89.1729
rtyp-mtyp-xtyp,typical,typical,typical,125,1.35,398.107,3.26715e+06,-88.6929
rtyp-mtyp-xtyp,typical,typical,typical,125,1.35,630.957,2.06227e+06,-87.9313
rtyp-mtyp-xtyp,typical,typical,typical,125,1.35,1000,1.30253e+06,-86.7251
rtyp-mtyp-xtyp,typical,typical,typical,125,1.35,1584.89,823930,-84.8195
rtyp-mtyp-xtyp,typical,typical,typical,125,1.35,2511.89,523165,-81.8253
rtyp-mtyp-xtyp,typical,typical,typical,125,1.35,3981.07,335268,-77.1809
rtyp-mtyp-xtyp,typical,typical,typical,125,1.35,6309.57,219525,-70.1935
rtyp-mtyp-xtyp,typical,typical,typical,125,1.35,10000,150423,-60.3648
rtyp-mtyp-xtyp,typical,typical,typical,125,1.35,15848.9,111576,-48.1993
rtyp-mtyp-xtyp,typical,typical,typical,125,1.35,25118.9,91627.4,-35.7697
rtyp-mtyp-xtyp,typical,typical,typical,125,1.35,39810.7,82326.1,-25.5447
rtyp-mtyp-xtyp,typical,typical,typical,125,1.35,63095.7,78249,-18.7065
rtyp-mtyp-xtyp,typical,typical,typical,125,1.35,100000,76393.5,-15.2361
rtyp-mtyp-xtyp,typical,typical,typical,125,1.35,158489,75213.7,-14.8383
rtyp-mtyp-xtyp,typical,typical,typical,125,1.35,251189,73701,-17.4670
rtyp-mtyp-xtyp,typical,typical,typical,125,1.35,398107,70720.5,-23.3800
rtyp-mtyp-xtyp,typical,typical,typical,125,1.35,630957,64724,-32.7531
rtyp-mtyp-xtyp,typical,typical,typical,125,1.35,1e+06,54581.2,-44.8021
rtyp-mtyp-xtyp,typical,typical,typical,125,1.35,1.58489e+06,41556.4,-57.2930
rtyp-mtyp-xtyp,typical,typical,typical,125,1.35,2.51189e+06,28984.1,-67.8561
rtyp-mtyp-xtyp,typical,typical,typical,125,1.35,3.98107e+06,19153.5,-75.5723
rtyp-mtyp-xtyp,typical,typical,typical,125,1.35,6.30957e+06,12325.2,-80.7679
rtyp-mtyp-xtyp,typical,typical,typical,125,1.35,1e+07,7839.62,-84.1338
rtyp-mtyp-xtyp,typical,typical,typical,125,1.35,1.58489e+07,4962.61,-86.2759
rtyp-mtyp-xtyp,typical,typical,typical,125,1.35,2.51189e+07,3135.37,-87.6252
rtyp-mtyp-xtyp,typical,typical,typical,125,1.35,3.98107e+07,1979.49,-88.4653
rtyp-mtyp-xtyp,typical,typical,typical,125,1.35,6.30957e+07,1249.5,-88.9773
rtyp-mtyp-xtyp,typical,typical,typical,125,1.35,1e+08,788.833,-89.2774
rtyp-mtyp-xtyp,typical,typical,typical,125,1.8,100,1.29639e+07,-89.6615
rtyp-mtyp-xtyp,typical,typical,typical,125,1.8,158.489,8.17988e+06,-89.4728
rtyp-mtyp-xtyp,typical,typical,typical,125,1.8,251.189,5.16149e+06,-89.1703
rtyp-mtyp-xtyp,typical,typical,typical,125,1.8,398.107,3.25721e+06,-88.6888
rtyp-mtyp-xtyp,typical,typical,typical,125,1.8,630.957,2.056e+06,-87.9248
rtyp-mtyp-xtyp,typical,typical,typical,125,1.8,1000,1.29857e+06,-86.7148
rtyp-mtyp-xtyp,typical,typical,typical,125,1.8,1584.89,821441,-84.8032
rtyp-mtyp-xtyp,typical,typical,typical,125,1.8,2511.89,521605,-81.7998
rtyp-mtyp-xtyp,typical,typical,typical,125,1.8,3981.07,334300,-77.1417
rtyp-mtyp-xtyp,typical,typical,typical,125,1.8,6309.57,218937,-70.1359
rtyp-mtyp-xtyp,typical,typical,typical,125,1.8,10000,150083,-60.2876
rtyp-mtyp-xtyp,typical,typical,typical,125,1.8,15848.9,111395,-48.1107
rtyp-mtyp-xtyp,typical,typical,typical,125,1.8,25118.9,91541.6,-35.6870
rtyp-mtyp-xtyp,typical,typical,typical,125,1.8,39810.7,82290.4,-25.4802
rtyp-mtyp-xtyp,typical,typical,typical,125,1.8,63095.7,78236.3,-18.6617
rtyp-mtyp-xtyp,typical,typical,typical,125,1.8,100000,76390.7,-15.2068
rtyp-mtyp-xtyp,typical,typical,typical,125,1.8,158489,75214.8,-14.8197
rtyp-mtyp-xtyp,typical,typical,typical,125,1.8,251189,73703.5,-17.4556
rtyp-mtyp-xtyp,typical,typical,typical,125,1.8,398107,70723.3,-23.3734
rtyp-mtyp-xtyp,typical,typical,typical,125,1.8,630957,64726.3,-32.7496
rtyp-mtyp-xtyp,typical,typical,typical,125,1.8,1e+06,54582.7,-44.8005
rtyp-mtyp-xtyp,typical,typical,typical,125,1.8,1.58489e+06,41557,-57.2925
rtyp-mtyp-xtyp,typical,typical,typical,125,1.8,2.51189e+06,28984.4,-67.8559
rtyp-mtyp-xtyp,typical,typical,typical,125,1.8,3.98107e+06,19153.6,-75.5723
rtyp-mtyp-xtyp,typical,typical,typical,125,1.8,6.30957e+06,12325.2,-80.7679
rtyp-mtyp-xtyp,typical,typical,typical,125,1.8,1e+07,7839.63,-84.1338
rtyp-mtyp-xtyp,typical,typical,typical,125,1.8,1.58489e+07,4962.61,-86.2759
rtyp-mtyp-xtyp,typical,typical,typical,125,1.8,2.51189e+07,3135.37,-87.6252
rtyp-mtyp-xtyp,typical,typical,typical,125,1.8,3.98107e+07,1979.49,-88.4653
rtyp-mtyp-xtyp,typical,typical,typical,125,1.8,6.30957e+07,1249.5,-88.9773
rtyp-mtyp-xtyp,typical,typical,typical,125,1.8,1e+08,788.833,-89.2774
rtyp-mtyp-xtyp,typical,typical,typical,125,2.25,100,1.29538e+07,-89.6613
rtyp-mtyp-xtyp,typical,typical,typical,125,2.25,158.489,8.17348e+06,-89.4724
rtyp-mtyp-xtyp,typical,typical,typical,125,2.25,251.189,5.15745e+06,-89.1696
rtyp-mtyp-xtyp,typical,typical,typical,125,2.25,398.107,3.25466e+06,-88.6878
rtyp-mtyp-xtyp,typical,typical,typical,125,2.25,630.957,2.05439e+06,-87.9231
rtyp-mtyp-xtyp,typical,typical,typical,125,2.25,1000,1.29756e+06,-86.7121
rtyp-mtyp-xtyp,typical,typical,typical,125,2.25,1584.89,820804,-84.7990
rtyp-mtyp-xtyp,typical,typical,typical,125,2.25,2511.89,521206,-81.7933
rtyp-mtyp-xtyp,typical,typical,typical,125,2.25,3981.07,334052,-77.1317
rtyp-mtyp-xtyp,typical,typical,typical,125,2.25,6309.57,218787,-70.1212
rtyp-mtyp-xtyp,typical,typical,typical,125,2.25,10000,149996,-60.2677
rtyp-mtyp-xtyp,typical,typical,typical,125,2.25,15848.9,111349,-48.0880
rtyp-mtyp-xtyp,typical,typical,typical,125,2.25,25118.9,91519.7,-35.6658
rtyp-mtyp-xtyp,typical,typical,typical,125,2.25,39810.7,82281.2,-25.4636
rtyp-mtyp-xtyp,typical,typical,typical,125,2.25,63095.7,78233.1,-18.6502
rtyp-mtyp-xtyp,typical,typical,typical,125,2.25,100000,76389.9,-15.1993
rtyp-mtyp-xtyp,typical,typical,typical,125,2.25,158489,75215,-14.8149
rtyp-mtyp-xtyp,typical,typical,typical,125,2.25,251189,73704.2,-17.4526
rtyp-mtyp-xtyp,typical,typical,typical,125,2.25,398107,70724,-23.3716
rtyp-mtyp-xtyp,typical,typical,typical,125,2.25,630957,64726.8,-32.7487
rtyp-mtyp-xtyp,typical,typical,typical,125,2.25,1e+06,54583,-44.8001
rtyp-mtyp-xtyp,typical,typical,typical,125,2.25,1.58489e+06,41557.2,-57.2923
rtyp-mtyp-xtyp,typical,typical,typical,125,2.25,2.51189e+06,28984.4,-67.8559
rtyp-mtyp-xtyp,typical,typical,typical,125,2.25,3.98107e+06,19153.6,-75.5723
rtyp-mtyp-xtyp,typical,typical,typical,125,2.25,6.30957e+06,12325.2,-80.7679
rtyp-mtyp-xtyp,typical,typical,typical,125,2.25,1e+07,7839.63,-84.1338
rtyp-mtyp-xtyp,typical,typical,typical,125,2.25,1.58489e+07,4962.61,-86.2759
rtyp-mtyp-xtyp,typical,typical,typical,125,2.25,2.51189e+07,3135.37,-87.6252
rtyp-mtyp-xtyp,typical,typical,typical,125,2.25,3.98107e+07,1979.49,-88.4653
rtyp-mtyp-xtyp,typical,typical,typical,125,2.25,6.30957e+07,1249.5,-88.9773
rtyp-mtyp-xtyp,typical,typical,typical,125,2.25,1e+08,788.833,-89.2774
rtyp-mtyp-xtyp,typical,typical,typical,125,2.7,100,1.29512e+07,-89.6612
rtyp-mtyp-xtyp,typical,typical,typical,125,2.7,158.489,8.17184e+06,-89.4723
rtyp-mtyp-xtyp,typical,typical,typical,125,2.7,251.189,5.15642e+06,-89.1695
rtyp-mtyp-xtyp,typical,typical,typical,125,2.7,398.107,3.25401e+06,-88.6875
rtyp-mtyp-xtyp,typical,typical,typical,125,2.7,630.957,2.05398e+06,-87.9227
rtyp-mtyp-xtyp,typical,typical,typical,125,2.7,1000,1.2973e+06,-86.7115
rtyp-mtyp-xtyp,typical,typical,typical,125,2.7,1584.89,820641,-84.7980
rtyp-mtyp-xtyp,typical,typical,typical,125,2.7,2511.89,521104,-81.7916
rtyp-mtyp-xtyp,typical,typical,typical,125,2.7,3981.07,333988,-77.1291
rtyp-mtyp-xtyp,typical,typical,typical,125,2.7,6309.57,218748,-70.1174
rtyp-mtyp-xtyp,typical,typical,typical,125,2.7,10000,149973,-60.2626
rtyp-mtyp-xtyp,typical,typical,typical,125,2.7,15848.9,111337,-48.0822
rtyp-mtyp-xtyp,typical,typical,typical,125,2.7,25118.9,91514.1,-35.6604
rtyp-mtyp-xtyp,typical,typical,typical,125,2.7,39810.7,82278.9,-25.4594
rtyp-mtyp-xtyp,typical,typical,typical,125,2.7,63095.7,78232.2,-18.6472
rtyp-mtyp-xtyp,typical,typical,typical,125,2.7,100000,76389.8,-15.1973
rtyp-mtyp-xtyp,typical,typical,typical,125,2.7,158489,75215.1,-14.8137
rtyp-mtyp-xtyp,typical,typical,typical,125,2.7,251189,73704.4,-17.4519
rtyp-mtyp-xtyp,typical,typical,typical,125,2.7,398107,70724.2,-23.3712
rtyp-mtyp-xtyp,typical,typical,typical,125,2.7,630957,64727,-32.7484
rtyp-mtyp-xtyp,typical,typical,typical,125,2.7,1e+06,54583.1,-44.8000
rtyp-mtyp-xtyp,typical,typical,typical,125,2.7,1.58489e+06,41557.2,-57.2923
rtyp-mtyp-xtyp,typical,typical,typical,125,2.7,2.51189e+06,28984.4,-67.8559
rtyp-mtyp-xtyp,typical,typical,typical,125,2.7,3.98107e+06,19153.6,-75.5723
rtyp-mtyp-xtyp,typical,typical,typical,125,2.7,6.30957e+06,12325.2,-80.7679
rtyp-mtyp-xtyp,typical,typical,typical,125,2.7,1e+07,7839.63,-84.1338
rtyp-mtyp-xtyp,typical,typical,typical,125,2.7,1.58489e+07,4962.61,-86.2759
rtyp-mtyp-xtyp,typical,typical,typical,125,2.7,2.51189e+07,3135.37,-87.6252
rtyp-mtyp-xtyp,typical,typical,typical,125,2.7,3.98107e+07,1979.49,-88.4653
rtyp-mtyp-xtyp,typical,typical,typical,125,2.7,6.30957e+07,1249.5,-88.9773
rtyp-mtyp-xtyp,typical,typical,typical,125,2.7,1e+08,788.833,-89.2774
