
Note: Compatibility modes selected: hs a


Circuit: * reference-spur @ sf_-40c_2.97v_vs1p677 -- generated by sim/harness, do not edit

Doing analysis at TEMP = -40.000000 and TNOM = 27.000000

Using SPARSE 1.3 as Direct Linear Solver

Initial Transient Solution
--------------------------

Node                                   Voltage
----                                   -------
vdd                                       2.97
vdd_vco                                   2.97
vdd_div                                   2.97
gnd_vco                                      0
vss                                          0
ref                                          0
b0                                           0
b1                                        2.97
b2                                        2.97
cpb0                                         0
cpb1                                         0
p0                                           0
p1                                        2.97
p2                                           0
p3                                           0
p4                                           0
p5                                           0
sel0                                         0
sel1                                      2.97
sel2                                         0
sel3                                         0
sel4                                         0
sel5                                         0
ibn                                   0.860509
icn                                   0.954995
ibp                                    2.14351
icp                                     2.0455
xdut.xpfd.xpfd.xed_ref.d1                 2.97
xdut.xpfd.xpfd.xed_ref.d2          8.88664e-09
xdut.xpfd.xpfd.xed_ref.d3                 2.97
xdut.xpfd.xpfd.xed_ref.d4          8.88664e-09
xdut.xpfd.xpfd.xed_ref.d5                 2.97
xdut.xpfd.xpfd.xed_ref.nn                 2.97
xdut.xpfd.xpfd.xed_ref.xnd.ni      2.04901e-14
xdut.xpfd.xpfd.pr                  8.88664e-09
xdut.xpfd.xpfd.xed_fb.d1               2.05671
fb                                     1.53824
xdut.xpfd.xpfd.xed_fb.d2             0.0341602
xdut.xpfd.xpfd.xed_fb.d3                  2.97
xdut.xpfd.xpfd.xed_fb.d4           8.88664e-09
xdut.xpfd.xpfd.xed_fb.d5                  2.97
xdut.xpfd.xpfd.xed_fb.nn              0.484788
xdut.xpfd.xpfd.xed_fb.xnd.ni          0.104008
xdut.xpfd.xpfd.pf                         2.97
xdut.xpfd.xpfd.sbr                        2.97
xdut.xpfd.xpfd.sbf                 8.88664e-09
xdut.up                            1.81577e-08
xdut.xpfd.xpfd.upb                        2.97
xdut.xpfd.xpfd.xlat_ref.xn1.ni     9.07884e-09
xdut.xpfd.xpfd.rb                         2.97
xdut.xpfd.xpfd.xlat_ref.xn2.ni         2.19502
xdut.dn                                   2.97
xdut.xpfd.xpfd.dnb                 1.81577e-08
xdut.xpfd.xpfd.xlat_fb.xn1.ni      2.71949e-06
xdut.xpfd.xpfd.xlat_fb.xn2.ni      9.07884e-09
xdut.xpfd.xpfd.nrst                       2.97
xdut.xpfd.xpfd.xnand_rst.ni        2.07153e-14
xdut.xpfd.xpfd.rst_raw             8.88664e-09
xdut.xpfd.xpfd.rd1                        2.97
xdut.xpfd.xpfd.rd2                 8.88664e-09
xdut.xpfd.xpfd.rd3                        2.97
xdut.xpfd.xpfd.rd4                 8.88664e-09
xdut.xpfd.xpfd.rd5                        2.97
xdut.xpfd.xpfd.rd6                 8.88664e-09
xdut.xpfd.xpfd.rd7                        2.97
xdut.xpfd.xpfd.rd8                 8.88664e-09
xdut.xpfd.xpfd.rd9                        2.97
xdut.xpfd.xpfd.rd10                8.88664e-09
xdut.xpfd.xpfd.rd11                       2.97
xdut.xpfd.xpfd.rd12                8.88664e-09
xdut.xpfd.xpfd.rd13                       2.97
xdut.xpfd.xpfd.rd14                8.88664e-09
xdut.xpfd.xpfd.rd15                       2.97
xdut.xpfd.xpfd.rd16                8.88664e-09
xdut.xpfd.xpfd.rd17                       2.97
xdut.xpfd.xpfd.rd18                8.88664e-09
xdut.xpfd.xpfd.rd19                       2.97
xdut.xpfd.xpfd.rd20                8.88664e-09
xdut.xpfd.xpfd.rd21                       2.97
xdut.xpfd.xpfd.rd22                8.88664e-09
xdut.xpfd.xpfd.rd23                       2.97
xdut.xpfd.xpfd.rst_dly             8.88664e-09
xdut.xpfd.xcp.b0b                         2.97
xdut.xpfd.xcp.b1b                         2.97
xdut.xpfd.xcp.upb                         2.97
xdut.xpfd.xcp.dnb                  8.88664e-09
xdut.xpfd.xcp.xn_base.bg              0.860509
xdut.xpfd.xcp.xn_base.mid            0.0746053
xdut.xpfd.xcp.dnt                      1.67487
xdut.xpfd.xcp.xn_t0.bg             3.83756e-15
xdut.xpfd.xcp.xn_t0.mid               0.385923
xdut.xpfd.xcp.xn_t1a.bg            3.83756e-15
xdut.xpfd.xcp.xn_t1a.mid              0.385923
xdut.xpfd.xcp.xn_t1b.bg            3.83756e-15
xdut.xpfd.xcp.xn_t1b.mid              0.385923
xdut.xpfd.xcp.xp_base.bg               2.14351
xdut.xpfd.xcp.xp_base.mid              2.89634
xdut.xpfd.xcp.upt                      1.68887
xdut.xpfd.xcp.xp_t0.bg                    2.97
xdut.xpfd.xcp.xp_t0.mid                1.18962
xdut.xpfd.xcp.xp_t1a.bg                   2.97
xdut.xpfd.xcp.xp_t1a.mid               1.18962
xdut.xpfd.xcp.xp_t1b.bg                   2.97
xdut.xpfd.xcp.xp_t1b.mid               1.18962
vctrl                                    1.677
xdut.xpfd.xcp.vdump                    1.68592
xdut.xpfd.xcp.xbuf.nsrc               0.639795
xdut.xpfd.xcp.xbuf.nda                 2.14896
xdut.xpfd.xcp.xbuf.psrc                2.47201
xdut.xpfd.xcp.xbuf.pda                0.830684
xdut.xlf.nr1                             1.677
xdut.xlf.xrf1.11                         1.677
xdut.xlf.xrf1.21                         1.677
xdut.xlf.nr2                             1.677
xdut.xlf.xrf2.11                         1.677
xdut.xlf.xrf2.21                         1.677
xdut.xlf.nr3                             1.677
xdut.xlf.xrf3.11                         1.677
xdut.xlf.xrf3.21                         1.677
xdut.xlf.nz                              1.677
xdut.xlf.xrf4.11                         1.677
xdut.xlf.xrf4.21                         1.677
xdut.xlf.xcf1.c_moscap_int1             -1.677
xdut.xlf.xcf2.c_moscap_int1             -1.677
xdut.xlf.xcf3.c_moscap_int1             -1.677
xdut.xlf.xcf4.c_moscap_int1             -1.677
xdut.xvco.xbias.na                     1.01941
xdut.xvco.xbias.vbpc                   2.07668
xdut.xvco.xbias.nc                   0.0950962
xdut.xvco.xbias.xrcg.11              0.0948893
xdut.xvco.xbias.xrcg.21            0.000206879
xdut.xvco.xbias.nsu                  0.0143071
xdut.xvco.xbias.vfix                   2.04021
xdut.xvco.xbias.nmd                   0.878047
xdut.xvco.xbias.vbp0                   2.13027
xdut.xvco.xbias.noff                  0.874161
xdut.xvco.xbias.xroff.11              0.873828
xdut.xvco.xbias.xroff.21           0.000332779
xdut.xvco.xbias.nvi                   0.608493
xdut.xvco.xbias.xrdeg.11              0.608262
xdut.xvco.xbias.xrdeg.21           0.000231643
xdut.xvco.xbias.b0b                       2.97
xdut.xvco.xbias.b1b                4.35994e-09
xdut.xvco.xbias.b2b                4.35994e-09
xdut.xvco.xbias.vbn1                  0.867912
xdut.xvco.xbias.ga                        2.97
xdut.xvco.xbias.vbp2                   2.08658
xdut.xvco.xbias.gb                    0.867912
xdut.xvco.vbn                          1.05747
xdut.xvco.xbias.gc                     2.08658
xdut.xvco.vbp                          1.93401
xdut.xvco.xs1.nh                       1.31274
xdut.xvco.y1                                 0
xdut.xvco.y5                                 0
xdut.xvco.xs1.nt                             0
xdut.xvco.xs2.nh                          2.97
xdut.xvco.y2                              2.97
xdut.xvco.xs2.nt                   2.59764e-13
xdut.xvco.xs3.nh                          2.97
xdut.xvco.y3                                 0
xdut.xvco.xs3.nt                             0
xdut.xvco.xs4.nh                          2.97
xdut.xvco.y4                              2.97
xdut.xvco.xs4.nt                   2.59764e-13
xdut.xvco.xs5.nh                          2.97
xdut.xvco.xs5.nt                             0
xdut.xvco.nb1                             2.97
xdut.xvco.nb2                      2.93138e-09
clk                                       2.97
xdut.xvco.xcdec1.c_moscap_int1           -2.97
xdut.xvco.xcdec2.c_moscap_int1           -2.97
xdut.xdiv.xd0.sb                          2.97
xdut.xdiv.mi0                             2.97
xdut.xdiv.mo0                          1.53824
xdut.xdiv.xd0.xn3.nm1                   2.2724
xdut.xdiv.xd0.xn3.nm2              6.27383e-14
xdut.xdiv.xd0.dqn                     0.364478
xdut.xdiv.xd0.qb                       1.53822
xdut.xdiv.xd0.xn2q.nmid              0.0939123
xdut.xdiv.xd0.dq                          2.97
xdut.xdiv.xd0.xfq.ckb              4.37622e-09
xdut.xdiv.xd0.xfq.ckbb                    2.97
xdut.xdiv.xd0.xfq.nm                   1.53824
xdut.xdiv.xd0.xfq.nma                  1.53824
xdut.xdiv.xd0.xfq.nmb                  1.53824
xdut.xdiv.xd0.xfq.ns                   1.53824
xdut.xdiv.xd0.q                        1.53824
xdut.xdiv.ck1                          1.49673
xdut.xdiv.xd0.nmo                     0.311428
xdut.xdiv.xd0.xn2m.nmid               0.210703
xdut.xdiv.xd0.dmo                         2.97
xdut.xdiv.xd0.xfmo.ckb             4.37622e-09
xdut.xdiv.xd0.xfmo.ckbb                   2.97
xdut.xdiv.xd0.xfmo.nm                  1.53824
xdut.xdiv.xd0.xfmo.nma                 1.53824
xdut.xdiv.xd0.xfmo.nmb                 1.53824
xdut.xdiv.xd0.xfmo.ns                  1.53824
xdut.xdiv.xd0.mob                      1.53822
xdut.xdiv.xd1.sb                   1.28683e-08
xdut.xdiv.mi1                             2.97
xdut.xdiv.mo1                             2.97
xdut.xdiv.xd1.xn3.nm1              8.57887e-09
xdut.xdiv.xd1.xn3.nm2              4.28943e-09
xdut.xdiv.xd1.dqn                         2.97
xdut.xdiv.xd1.qb                          2.97
xdut.xdiv.xd1.xn2q.nmid                2.26194
xdut.xdiv.xd1.dq                    1.7276e-08
xdut.xdiv.xd1.xfq.ckb                  2.25572
xdut.xdiv.xd1.xfq.ckbb              0.00259436
xdut.xdiv.xd1.xfq.nm               2.76234e-08
xdut.xdiv.xd1.xfq.nma                     2.97
xdut.xdiv.xd1.xfq.nmb              8.67707e-09
xdut.xdiv.xd1.xfq.ns                      2.97
xdut.xdiv.xd1.q                    4.37622e-09
xdut.xdiv.ck2                      2.20155e-09
xdut.xdiv.xd1.nmo                         2.97
xdut.xdiv.xd1.xn2m.nmid                2.26194
xdut.xdiv.xd1.dmo                   1.7276e-08
xdut.xdiv.xd1.xfmo.ckb                 2.25572
xdut.xdiv.xd1.xfmo.ckbb             0.00259436
xdut.xdiv.xd1.xfmo.nm              2.76234e-08
xdut.xdiv.xd1.xfmo.nma                  2.9679
xdut.xdiv.xd1.xfmo.nmb             8.67975e-09
xdut.xdiv.xd1.xfmo.ns               0.00448963
xdut.xdiv.xd1.mob                   0.00203588
xdut.xdiv.xd2.sb                          2.97
xdut.xdiv.mi2                             2.97
xdut.xdiv.mo2                      4.37622e-09
xdut.xdiv.xd2.xn3.nm1                  2.27239
xdut.xdiv.xd2.xn3.nm2              1.49669e-05
xdut.xdiv.xd2.dqn                  8.64539e-09
xdut.xdiv.xd2.qb                          2.97
xdut.xdiv.xd2.xn2q.nmid             4.3227e-09
xdut.xdiv.xd2.dq                          2.97
xdut.xdiv.xd2.xfq.ckb                     2.97
xdut.xdiv.xd2.xfq.ckbb             4.37622e-09
xdut.xdiv.xd2.xfq.nm                      2.97
xdut.xdiv.xd2.xfq.nma              8.75249e-09
xdut.xdiv.xd2.xfq.nmb                     2.97
xdut.xdiv.xd2.xfq.ns                      2.97
xdut.xdiv.xd2.q                    4.37622e-09
xdut.xdiv.ck3                      2.20155e-09
xdut.xdiv.xd2.nmo                         2.97
xdut.xdiv.xd2.xn2m.nmid                2.26194
xdut.xdiv.xd2.dmo                  1.73512e-08
xdut.xdiv.xd2.xfmo.ckb                    2.97
xdut.xdiv.xd2.xfmo.ckbb            4.37622e-09
xdut.xdiv.xd2.xfmo.nm              2.60267e-08
xdut.xdiv.xd2.xfmo.nma                    2.97
xdut.xdiv.xd2.xfmo.nmb             8.75228e-09
xdut.xdiv.xd2.xfmo.ns                     2.97
xdut.xdiv.xd2.mob                         2.97
xdut.xdiv.xd3.sb                          2.97
xdut.xdiv.mi3                      4.37622e-09
xdut.xdiv.mo3                             2.97
xdut.xdiv.xd3.xn3.nm1              2.85913e-05
xdut.xdiv.xd3.xn3.nm2              3.31606e-18
xdut.xdiv.xd3.dqn                         2.97
xdut.xdiv.xd3.qb                   1.73514e-08
xdut.xdiv.xd3.xn2q.nmid            6.07539e-14
xdut.xdiv.xd3.dq                   1.73512e-08
xdut.xdiv.xd3.xfq.ckb                     2.97
xdut.xdiv.xd3.xfq.ckbb             4.37622e-09
xdut.xdiv.xd3.xfq.nm               2.60267e-08
xdut.xdiv.xd3.xfq.nma                     2.97
xdut.xdiv.xd3.xfq.nmb              8.75228e-09
xdut.xdiv.xd3.xfq.ns               2.60271e-08
xdut.xdiv.xd3.q                           2.97
xdut.xdiv.ck4                             2.97
xdut.xdiv.xd3.nmo                         2.97
xdut.xdiv.xd3.xn2m.nmid            6.08665e-14
xdut.xdiv.xd3.dmo                  1.73512e-08
xdut.xdiv.xd3.xfmo.ckb                    2.97
xdut.xdiv.xd3.xfmo.ckbb            4.37622e-09
xdut.xdiv.xd3.xfmo.nm              2.60267e-08
xdut.xdiv.xd3.xfmo.nma                    2.97
xdut.xdiv.xd3.xfmo.nmb             8.75228e-09
xdut.xdiv.xd3.xfmo.ns              2.60271e-08
xdut.xdiv.xd3.mob                  1.73514e-08
xdut.xdiv.xd4.sb                          2.97
xdut.xdiv.mi4                             2.97
xdut.xdiv.mo4                      4.37622e-09
xdut.xdiv.xd4.xn3.nm1                   2.2724
xdut.xdiv.xd4.xn3.nm2               1.4967e-05
xdut.xdiv.xd4.dqn                  8.64539e-09
xdut.xdiv.xd4.qb                          2.97
xdut.xdiv.xd4.xn2q.nmid             4.3227e-09
xdut.xdiv.xd4.dq                          2.97
xdut.xdiv.xd4.xfq.ckb              4.37622e-09
xdut.xdiv.xd4.xfq.ckbb                    2.97
xdut.xdiv.xd4.xfq.nm               2.60271e-08
xdut.xdiv.xd4.xfq.nma                     2.97
xdut.xdiv.xd4.xfq.nmb              1.73514e-08
xdut.xdiv.xd4.xfq.ns                      2.97
xdut.xdiv.xd4.q                    4.37622e-09
xdut.xdiv.ck5                      2.20155e-09
xdut.xdiv.xd4.nmo                         2.97
xdut.xdiv.xd4.xn2m.nmid                2.26194
xdut.xdiv.xd4.dmo                  8.75228e-09
xdut.xdiv.xd4.xfmo.ckb             4.37622e-09
xdut.xdiv.xd4.xfmo.ckbb                   2.97
xdut.xdiv.xd4.xfmo.nm              2.60267e-08
xdut.xdiv.xd4.xfmo.nma                    2.97
xdut.xdiv.xd4.xfmo.nmb             1.73512e-08
xdut.xdiv.xd4.xfmo.ns                     2.97
xdut.xdiv.xd4.mob                         2.97
xdut.xdiv.xd5.sb                          2.97
xdut.xdiv.mo5                             2.97
xdut.xdiv.xd5.xn3.nm1              2.85913e-05
xdut.xdiv.xd5.xn3.nm2              3.31606e-18
xdut.xdiv.xd5.dqn                         2.97
xdut.xdiv.xd5.qb                   1.73514e-08
xdut.xdiv.xd5.xn2q.nmid            6.07539e-14
xdut.xdiv.xd5.dq                   1.73512e-08
xdut.xdiv.xd5.xfq.ckb                     2.97
xdut.xdiv.xd5.xfq.ckbb             4.37622e-09
xdut.xdiv.xd5.xfq.nm               2.60267e-08
xdut.xdiv.xd5.xfq.nma                     2.97
xdut.xdiv.xd5.xfq.nmb              8.75228e-09
xdut.xdiv.xd5.xfq.ns               2.60271e-08
xdut.xdiv.xd5.q                           2.97
xdut.xdiv.ck6                             2.97
xdut.xdiv.xd5.nmo                         2.97
xdut.xdiv.xd5.xn2m.nmid            6.08665e-14
xdut.xdiv.xd5.dmo                  1.73512e-08
xdut.xdiv.xd5.xfmo.ckb                    2.97
xdut.xdiv.xd5.xfmo.ckbb            4.37622e-09
xdut.xdiv.xd5.xfmo.nm              2.60267e-08
xdut.xdiv.xd5.xfmo.nma                    2.97
xdut.xdiv.xd5.xfmo.nmb             8.75228e-09
xdut.xdiv.xd5.xfmo.ns              2.60271e-08
xdut.xdiv.xd5.mob                  1.73514e-08
xdut.xdiv.xnr0.pmid                   0.762825
xdut.xdiv.nmi0                     7.38619e-09
xdut.xdiv.xnr1.pmid                       2.97
xdut.xdiv.nmi1                     4.45762e-09
xdut.xdiv.xnr2.pmid                   0.762829
xdut.xdiv.nmi2                     7.38673e-09
xdut.xdiv.xnr3.pmid                       2.97
xdut.xdiv.nmi3                            2.97
xdut.xdiv.xnr4.pmid                   0.762836
xdut.xdiv.nmi4                     7.38773e-09
xdut.xdiv.t0                              2.97
xdut.xdiv.xm0.nmid                    0.984964
xdut.xdiv.t1                              2.97
xdut.xdiv.xm1.nmid                 6.08665e-14
xdut.xdiv.t2                              2.97
xdut.xdiv.xm2.nmid                 1.70356e-05
xdut.xdiv.t3                              2.97
xdut.xdiv.xm3.nmid                     2.26194
xdut.xdiv.t4                              2.97
xdut.xdiv.xm4.nmid                 1.70356e-05
xdut.xdiv.t5                              2.97
xdut.xdiv.xm5.nmid                     2.26194
xdut.xdiv.ma                       1.28683e-08
xdut.xdiv.xma.nm1                  8.57887e-09
xdut.xdiv.xma.nm2                  4.28943e-09
xdut.xdiv.mb                       1.28683e-08
xdut.xdiv.xmb.nm1                  8.57887e-09
xdut.xdiv.xmb.nm2                  4.28943e-09
xdut.xdiv.xmno.pmid                       2.97
xdut.xdiv.divoutb                         2.97
divout                             4.36283e-09
xdut.xdiv.xfrt.ckb                 4.37622e-09
xdut.xdiv.xfrt.ckbb                       2.97
xdut.xdiv.xfrt.nm                      1.53824
xdut.xdiv.xfrt.nma                     1.53824
xdut.xdiv.xfrt.nmb                     1.53824
xdut.xdiv.xfrt.ns                      1.53824
xdut.xdiv.fbb                          1.53822
xdut.xld.xerr.n1                          2.97
xdut.xld.xerr.xg1.nmid             6.07539e-14
xdut.xld.xerr.n2                          2.97
xdut.xld.xerr.xg2.nmid             6.08666e-14
xdut.xld.xerr.n3                   8.64539e-09
xdut.xld.xerr.xg3.nmid              4.3227e-09
xdut.xld.err                              2.97
xdut.xld.xerr.xg4.nmid                 2.26194
xdut.xld.xdly.d1                   4.37622e-09
xdut.xld.xdly.d2                          2.97
xdut.xld.xdly.d3                   4.37622e-09
xdut.xld.errd                             2.97
xdut.xld.wideb                     8.64539e-09
xdut.xld.xnw.nmid                   4.3227e-09
xdut.xld.wide                             2.97
xdut.vwin                           0.00108269
xdut.xld.xsch.p1                          2.97
xdut.xld.lockb                            2.97
xdut.xld.xsch.n1                       2.23598
lock                               4.37622e-09
e.xdut.xvco.xcdec2.ec_moscap#branch        2.97e-12
e.xdut.xvco.xcdec1.ec_moscap#branch        2.97e-12
e.xdut.xlf.xcf4.ec_moscap#branch       1.677e-12
e.xdut.xlf.xcf3.ec_moscap#branch       1.677e-12
e.xdut.xlf.xcf2.ec_moscap#branch       1.677e-12
e.xdut.xlf.xcf1.ec_moscap#branch       1.677e-12
vs5#branch                                   0
vs4#branch                                   0
vs3#branch                                   0
vs2#branch                                   0
vs1#branch                           -2.97e-12
vs0#branch                                   0
vp5#branch                                   0
vp4#branch                                   0
vp3#branch                                   0
vp2#branch                                   0
vp1#branch                           -2.97e-12
vp0#branch                                   0
vcpb1#branch                                 0
vcpb0#branch                                 0
vb2#branch                           -2.97e-12
vb1#branch                           -2.97e-12
vb0#branch                                   0
vref#branch                                  0
vvss#branch                         0.00222216
vgndvco#branch                     0.000115559
vvdddiv#branch                     -0.00205698
vvddvco#branch                     -0.00015619
vvdd#branch                        -0.00017953

 Reference value :  2.40001e-06
 Reference value :  2.40112e-06
 Reference value :  2.40201e-06
 Reference value :  2.40438e-06
 Reference value :  2.40718e-06
 Reference value :  2.40841e-06
 Reference value :  2.41099e-06
 Reference value :  2.41331e-06
 Reference value :  2.41480e-06
 Reference value :  2.41568e-06
 Reference value :  2.41730e-06
 Reference value :  2.41910e-06
 Reference value :  2.42078e-06
 Reference value :  2.42183e-06
 Reference value :  2.42273e-06
 Reference value :  2.42385e-06
 Reference value :  2.42495e-06
 Reference value :  2.42786e-06
 Reference value :  2.42884e-06
 Reference value :  2.43125e-06
 Reference value :  2.43441e-06
 Reference value :  2.43678e-06
 Reference value :  2.43941e-06
 Reference value :  2.44116e-06
 Reference value :  2.44287e-06
 Reference value :  2.44580e-06
 Reference value :  2.44802e-06
 Reference value :  2.45082e-06
 Reference value :  2.45321e-06
 Reference value :  2.45493e-06
 Reference value :  2.45592e-06
 Reference value :  2.45793e-06
 Reference value :  2.46045e-06
 Reference value :  2.46162e-06
 Reference value :  2.46273e-06
 Reference value :  2.46394e-06
 Reference value :  2.46557e-06
 Reference value :  2.46803e-06
 Reference value :  2.46923e-06
 Reference value :  2.47149e-06
 Reference value :  2.47451e-06
 Reference value :  2.47654e-06
 Reference value :  2.47841e-06
 Reference value :  2.48078e-06
 Reference value :  2.48192e-06
 Reference value :  2.48456e-06
 Reference value :  2.48764e-06
 Reference value :  2.48942e-06
 Reference value :  2.49201e-06
 Reference value :  2.49473e-06
 Reference value :  2.49566e-06
 Reference value :  2.49653e-06
 Reference value :  2.49831e-06
 Reference value :  2.50061e-06
 Reference value :  2.50172e-06
 Reference value :  2.50279e-06
 Reference value :  2.50387e-06
 Reference value :  2.50507e-06
 Reference value :  2.50782e-06
 Reference value :  2.50884e-06
 Reference value :  2.51134e-06
 Reference value :  2.51437e-06
 Reference value :  2.51685e-06
 Reference value :  2.51941e-06
 Reference value :  2.52112e-06
 Reference value :  2.52217e-06
 Reference value :  2.52480e-06
 Reference value :  2.52773e-06
 Reference value :  2.52971e-06
 Reference value :  2.53218e-06
 Reference value :  2.53474e-06
 Reference value :  2.53579e-06
 Reference value :  2.53799e-06
 Reference value :  2.54045e-06
 Reference value :  2.54157e-06
 Reference value :  2.54264e-06
 Reference value :  2.54375e-06
 Reference value :  2.54507e-06
 Reference value :  2.54816e-06
 Reference value :  2.55003e-06
 Reference value :  2.55245e-06
 Reference value :  2.55474e-06
 Reference value :  2.55762e-06
 Reference value :  2.56027e-06
 Reference value :  2.56158e-06
 Reference value :  2.56387e-06
 Reference value :  2.56670e-06
 Reference value :  2.56835e-06
 Reference value :  2.57113e-06
 Reference value :  2.57401e-06
 Reference value :  2.57513e-06
 Reference value :  2.57630e-06
 Reference value :  2.57845e-06
 Reference value :  2.58061e-06
 Reference value :  2.58171e-06
 Reference value :  2.58275e-06
 Reference value :  2.58392e-06
 Reference value :  2.58558e-06
 Reference value :  2.58823e-06
 Reference value :  2.58996e-06
 Reference value :  2.59223e-06
 Reference value :  2.59461e-06
 Reference value :  2.59716e-06
 Reference value :  2.59911e-06
 Reference value :  2.60109e-06
 Reference value :  2.60227e-06
 Reference value :  2.60510e-06
 Reference value :  2.60777e-06
 Reference value :  2.61001e-06
 Reference value :  2.61259e-06
 Reference value :  2.61475e-06
 Reference value :  2.61564e-06
 Reference value :  2.61776e-06
 Reference value :  2.62020e-06
 Reference value :  2.62129e-06
 Reference value :  2.62233e-06
 Reference value :  2.62341e-06
 Reference value :  2.62446e-06
 Reference value :  2.62688e-06
 Reference value :  2.62821e-06
 Reference value :  2.63009e-06
 Reference value :  2.63254e-06
 Reference value :  2.63470e-06
 Reference value :  2.63755e-06
 Reference value :  2.63989e-06
 Reference value :  2.64129e-06
 Reference value :  2.64287e-06
 Reference value :  2.64526e-06
 Reference value :  2.64784e-06
 Reference value :  2.64991e-06
 Reference value :  2.65258e-06
 Reference value :  2.65477e-06
 Reference value :  2.65576e-06
 Reference value :  2.65691e-06
 Reference value :  2.65929e-06
 Reference value :  2.66085e-06
 Reference value :  2.66190e-06
 Reference value :  2.66289e-06
 Reference value :  2.66411e-06
 Reference value :  2.66591e-06
 Reference value :  2.66814e-06
 Reference value :  2.66977e-06
 Reference value :  2.67164e-06
 Reference value :  2.67454e-06
 Reference value :  2.67734e-06
 Reference value :  2.67959e-06
 Reference value :  2.68112e-06
 Reference value :  2.68227e-06
 Reference value :  2.68486e-06
 Reference value :  2.68779e-06
 Reference value :  2.69001e-06
 Reference value :  2.69279e-06
 Reference value :  2.69478e-06
 Reference value :  2.69582e-06
 Reference value :  2.69797e-06
 Reference value :  2.70045e-06
 Reference value :  2.70156e-06
 Reference value :  2.70262e-06
 Reference value :  2.70387e-06
 Reference value :  2.70511e-06
 Reference value :  2.70797e-06
 Reference value :  2.70905e-06
 Reference value :  2.71124e-06
 Reference value :  2.71432e-06
 Reference value :  2.71622e-06
 Reference value :  2.71860e-06
 Reference value :  2.72104e-06
 Reference value :  2.72202e-06
 Reference value :  2.72476e-06
 Reference value :  2.72775e-06
 Reference value :  2.72971e-06
 Reference value :  2.73249e-06
 Reference value :  2.73474e-06
 Reference value :  2.73565e-06
 Reference value :  2.73739e-06
 Reference value :  2.73965e-06
 Reference value :  2.74102e-06
 Reference value :  2.74209e-06
 Reference value :  2.74316e-06
 Reference value :  2.74421e-06
 Reference value :  2.74595e-06
 Reference value :  2.74813e-06
 Reference value :  2.75000e-06
 Reference value :  2.75278e-06
 Reference value :  2.75483e-06
 Reference value :  2.75762e-06
 Reference value :  2.76002e-06
 Reference value :  2.76134e-06
 Reference value :  2.76297e-06
 Reference value :  2.76556e-06
 Reference value :  2.76789e-06
 Reference value :  2.77021e-06
 Reference value :  2.77289e-06
 Reference value :  2.77482e-06
 Reference value :  2.77579e-06
 Reference value :  2.77786e-06
 Reference value :  2.78035e-06
 Reference value :  2.78151e-06
 Reference value :  2.78257e-06
 Reference value :  2.78375e-06
 Reference value :  2.78476e-06
 Reference value :  2.78780e-06
 Reference value :  2.78877e-06
 Reference value :  2.79120e-06
 Reference value :  2.79441e-06
 Reference value :  2.79665e-06
 Reference value :  2.79842e-06
 Reference value :  2.80088e-06
 Reference value :  2.80192e-06
 Reference value :  2.80447e-06
 Reference value :  2.80763e-06
 Reference value :  2.80871e-06
 Reference value :  2.81134e-06
 Reference value :  2.81443e-06
 Reference value :  2.81554e-06
 Reference value :  2.81643e-06
 Reference value :  2.81826e-06
 Reference value :  2.82056e-06
 Reference value :  2.82171e-06
 Reference value :  2.82279e-06
 Reference value :  2.82400e-06
 Reference value :  2.82541e-06
 Reference value :  2.82808e-06
 Reference value :  2.82950e-06
 Reference value :  2.83214e-06
 Reference value :  2.83469e-06
 Reference value :  2.83737e-06
 Reference value :  2.83968e-06
 Reference value :  2.84120e-06
 Reference value :  2.84257e-06
 Reference value :  2.84506e-06
 Reference value :  2.84779e-06
 Reference value :  2.84961e-06
 Reference value :  2.85219e-06
 Reference value :  2.85474e-06
 Reference value :  2.85573e-06
 Reference value :  2.85779e-06
 Reference value :  2.86027e-06
 Reference value :  2.86146e-06
 Reference value :  2.86257e-06
 Reference value :  2.86364e-06
 Reference value :  2.86452e-06
 Reference value :  2.86743e-06
 Reference value :  2.86855e-06
 Reference value :  2.87099e-06
 Reference value :  2.87363e-06
 Reference value :  2.87544e-06
 Reference value :  2.87799e-06
 Reference value :  2.88061e-06
 Reference value :  2.88178e-06
 Reference value :  2.88431e-06
 Reference value :  2.88746e-06
 Reference value :  2.88840e-06
 Reference value :  2.89114e-06
 Reference value :  2.89408e-06
 Reference value :  2.89507e-06
 Reference value :  2.89593e-06
 Reference value :  2.89765e-06
 Reference value :  2.90001e-06
 Reference value :  2.90102e-06
 Reference value :  2.90199e-06
 Reference value :  2.90284e-06
 Reference value :  2.90387e-06
 Reference value :  2.90476e-06
 Reference value :  2.90761e-06
 Reference value :  2.90843e-06
 Reference value :  2.91070e-06
 Reference value :  2.91278e-06
 Reference value :  2.91465e-06
 Reference value :  2.91675e-06
 Reference value :  2.91842e-06
 Reference value :  2.92056e-06
 Reference value :  2.92153e-06
 Reference value :  2.92317e-06
 Reference value :  2.92509e-06
 Reference value :  2.92773e-06
 Reference value :  2.92930e-06
 Reference value :  2.93149e-06
 Reference value :  2.93433e-06
 Reference value :  2.93518e-06
 Reference value :  2.93641e-06
 Reference value :  2.93829e-06
 Reference value :  2.94040e-06
 Reference value :  2.94143e-06
 Reference value :  2.94238e-06
 Reference value :  2.94326e-06
 Reference value :  2.94422e-06
 Reference value :  2.94627e-06
 Reference value :  2.94825e-06
 Reference value :  2.94970e-06
 Reference value :  2.95119e-06
 Reference value :  2.95422e-06
 Reference value :  2.95536e-06
 Reference value :  2.95785e-06
 Reference value :  2.96040e-06
 Reference value :  2.96144e-06
 Reference value :  2.96287e-06
 Reference value :  2.96486e-06
 Reference value :  2.96763e-06
 Reference value :  2.96840e-06
 Reference value :  2.97115e-06
 Reference value :  2.97399e-06
 Reference value :  2.97497e-06
 Reference value :  2.97586e-06
 Reference value :  2.97682e-06
 Reference value :  2.97800e-06
 Reference value :  2.98031e-06
 Reference value :  2.98122e-06
 Reference value :  2.98209e-06
 Reference value :  2.98299e-06
 Reference value :  2.98399e-06
 Reference value :  2.98474e-06
 Reference value :  2.98755e-06
 Reference value :  2.98845e-06
 Reference value :  2.99070e-06
 Reference value :  2.99288e-06
 Reference value :  2.99478e-06
 Reference value :  2.99734e-06
 Reference value :  2.99871e-06
 Reference value :  3.00065e-06
 Reference value :  3.00162e-06
 Reference value :  3.00357e-06
 Reference value :  3.00586e-06
 Reference value :  3.00779e-06
 Reference value :  3.00911e-06
 Reference value :  3.01190e-06
 Reference value :  3.01453e-06
 Reference value :  3.01548e-06
 Reference value :  3.01743e-06
 Reference value :  3.01927e-06
 Reference value :  3.02061e-06
 Reference value :  3.02155e-06
 Reference value :  3.02242e-06
 Reference value :  3.02332e-06
 Reference value :  3.02428e-06
 Reference value :  3.02603e-06
 Reference value :  3.02804e-06
 Reference value :  3.02896e-06
 Reference value :  3.03121e-06
 Reference value :  3.03407e-06
 Reference value :  3.03506e-06
 Reference value :  3.03777e-06
 Reference value :  3.04020e-06
 Reference value :  3.04120e-06
 Reference value :  3.04202e-06
 Reference value :  3.04437e-06
 Reference value :  3.04686e-06
 Reference value :  3.04813e-06
 Reference value :  3.05061e-06
 Reference value :  3.05269e-06
 Reference value :  3.05478e-06
 Reference value :  3.05590e-06
 Reference value :  3.05761e-06
 Reference value :  3.05991e-06
 Reference value :  3.06098e-06
 Reference value :  3.06199e-06
 Reference value :  3.06284e-06
 Reference value :  3.06393e-06
 Reference value :  3.06484e-06
 Reference value :  3.06768e-06
 Reference value :  3.06853e-06
 Reference value :  3.07080e-06
 Reference value :  3.07281e-06
 Reference value :  3.07474e-06
 Reference value :  3.07735e-06
 Reference value :  3.07877e-06
 Reference value :  3.08065e-06
 Reference value :  3.08168e-06
 Reference value :  3.08367e-06
 Reference value :  3.08576e-06
 Reference value :  3.08784e-06
 Reference value :  3.08961e-06
 Reference value :  3.09174e-06
 Reference value :  3.09449e-06
 Reference value :  3.09547e-06
 Reference value :  3.09746e-06
 Reference value :  3.09975e-06
 Reference value :  3.10102e-06
 Reference value :  3.10205e-06
 Reference value :  3.10310e-06
 Reference value :  3.10430e-06
 Reference value :  3.10626e-06
 Reference value :  3.10824e-06
 Reference value :  3.11010e-06
 Reference value :  3.11143e-06
 Reference value :  3.11439e-06
 Reference value :  3.11586e-06
 Reference value :  3.11792e-06
 Reference value :  3.12042e-06
 Reference value :  3.12153e-06
 Reference value :  3.12337e-06
 Reference value :  3.12546e-06
 Reference value :  3.12779e-06
 Reference value :  3.12921e-06
 Reference value :  3.13132e-06
 Reference value :  3.13434e-06
 Reference value :  3.13519e-06
 Reference value :  3.13608e-06
 Reference value :  3.13730e-06
 Reference value :  3.13973e-06
 Reference value :  3.14085e-06
 Reference value :  3.14181e-06
 Reference value :  3.14269e-06
 Reference value :  3.14362e-06
 Reference value :  3.14474e-06
 Reference value :  3.14775e-06
 Reference value :  3.14875e-06
 Reference value :  3.15096e-06
 Reference value :  3.15292e-06
 Reference value :  3.15503e-06
 Reference value :  3.15773e-06
 Reference value :  3.16027e-06
 Reference value :  3.16129e-06
 Reference value :  3.16287e-06
 Reference value :  3.16519e-06
 Reference value :  3.16769e-06
 Reference value :  3.16890e-06
 Reference value :  3.17120e-06
 Reference value :  3.17376e-06
 Reference value :  3.17492e-06
 Reference value :  3.17576e-06
 Reference value :  3.17786e-06
 Reference value :  3.18035e-06
 Reference value :  3.18139e-06
 Reference value :  3.18233e-06
 Reference value :  3.18311e-06
 Reference value :  3.18422e-06
 Reference value :  3.18647e-06
 Reference value :  3.18838e-06
 Reference value :  3.19011e-06
 Reference value :  3.19151e-06
 Reference value :  3.19438e-06
 Reference value :  3.19586e-06
 Reference value :  3.19789e-06
 Reference value :  3.20041e-06
 Reference value :  3.20148e-06
 Reference value :  3.20327e-06
 Reference value :  3.20496e-06
 Reference value :  3.20769e-06
 Reference value :  3.20921e-06
 Reference value :  3.21133e-06
 Reference value :  3.21441e-06
 Reference value :  3.21532e-06
 Reference value :  3.21633e-06
 Reference value :  3.21787e-06
 Reference value :  3.22021e-06
 Reference value :  3.22109e-06
 Reference value :  3.22209e-06
 Reference value :  3.22304e-06
 Reference value :  3.22408e-06
 Reference value :  3.22523e-06
 Reference value :  3.22780e-06
 Reference value :  3.22865e-06
 Reference value :  3.23088e-06
 Reference value :  3.23322e-06
 Reference value :  3.23490e-06
 Reference value :  3.23759e-06
 Reference value :  3.24009e-06
 Reference value :  3.24125e-06
 Reference value :  3.24267e-06
 Reference value :  3.24523e-06
 Reference value :  3.24787e-06
 Reference value :  3.25010e-06
 Reference value :  3.25246e-06
 Reference value :  3.25494e-06
 Reference value :  3.25602e-06
 Reference value :  3.25856e-06
 Reference value :  3.26066e-06
 Reference value :  3.26175e-06
 Reference value :  3.26279e-06
 Reference value :  3.26401e-06
 Reference value :  3.26540e-06
 Reference value :  3.26790e-06
 Reference value :  3.26905e-06
 Reference value :  3.27154e-06
 Reference value :  3.27450e-06
 Reference value :  3.27705e-06
 Reference value :  3.28040e-06
 Reference value :  3.28162e-06
 Reference value :  3.28407e-06
 Reference value :  3.28656e-06
 Reference value :  3.28812e-06
 Reference value :  3.29091e-06
 Reference value :  3.29374e-06
 Reference value :  3.29524e-06
 Reference value :  3.29622e-06
 Reference value :  3.29768e-06
 Reference value :  3.30013e-06
 Reference value :  3.30133e-06
 Reference value :  3.30242e-06
 Reference value :  3.30355e-06
 Reference value :  3.30457e-06
 Reference value :  3.30768e-06
 Reference value :  3.30863e-06
 Reference value :  3.31114e-06
 Reference value :  3.31432e-06
 Reference value :  3.31575e-06
 Reference value :  3.31798e-06
 Reference value :  3.32061e-06
 Reference value :  3.32178e-06
 Reference value :  3.32425e-06
 Reference value :  3.32686e-06
 Reference value :  3.32822e-06
 Reference value :  3.33108e-06
 Reference value :  3.33434e-06
 Reference value :  3.33552e-06
 Reference value :  3.33769e-06
 Reference value :  3.34003e-06
 Reference value :  3.34113e-06
 Reference value :  3.34226e-06
 Reference value :  3.34333e-06
 Reference value :  3.34435e-06
 Reference value :  3.34686e-06
 Reference value :  3.34834e-06
 Reference value :  3.35057e-06
 Reference value :  3.35243e-06
 Reference value :  3.35467e-06
 Reference value :  3.35695e-06
 Reference value :  3.35931e-06
 Reference value :  3.36109e-06
 Reference value :  3.36227e-06
 Reference value :  3.36489e-06
 Reference value :  3.36773e-06
 Reference value :  3.36970e-06
 Reference value :  3.37219e-06
 Reference value :  3.37463e-06
 Reference value :  3.37559e-06
 Reference value :  3.37721e-06
 Reference value :  3.37951e-06
 Reference value :  3.38098e-06
 Reference value :  3.38212e-06
 Reference value :  3.38306e-06
 Reference value :  3.38427e-06
 Reference value :  3.38727e-06
 Reference value :  3.38856e-06
 Reference value :  3.39116e-06
 Reference value :  3.39431e-06
 Reference value :  3.39634e-06
 Reference value :  3.39875e-06
 Reference value :  3.40097e-06
 Reference value :  3.40197e-06
 Reference value :  3.40456e-06
 Reference value :  3.40764e-06
 Reference value :  3.40911e-06
 Reference value :  3.41168e-06
 Reference value :  3.41458e-06
 Reference value :  3.41567e-06
 Reference value :  3.41789e-06
 Reference value :  3.42045e-06
 Reference value :  3.42162e-06
 Reference value :  3.42275e-06
 Reference value :  3.42404e-06
 Reference value :  3.42587e-06
 Reference value :  3.42813e-06
 Reference value :  3.42978e-06
 Reference value :  3.43176e-06
 Reference value :  3.43464e-06
 Reference value :  3.43725e-06
 Reference value :  3.43984e-06
 Reference value :  3.44129e-06
 Reference value :  3.44317e-06
 Reference value :  3.44580e-06
 Reference value :  3.44797e-06
 Reference value :  3.45031e-06
 Reference value :  3.45289e-06
 Reference value :  3.45489e-06
 Reference value :  3.45602e-06
 Reference value :  3.45757e-06
 Reference value :  3.46001e-06
 Reference value :  3.46110e-06
 Reference value :  3.46222e-06
 Reference value :  3.46334e-06
 Reference value :  3.46445e-06
 Reference value :  3.46725e-06
 Reference value :  3.46850e-06
 Reference value :  3.47093e-06
 Reference value :  3.47335e-06
 Reference value :  3.47511e-06
 Reference value :  3.47791e-06
 Reference value :  3.48065e-06
 Reference value :  3.48188e-06
 Reference value :  3.48463e-06
 Reference value :  3.48769e-06
 Reference value :  3.48962e-06
 Reference value :  3.49191e-06
 Reference value :  3.49461e-06
 Reference value :  3.49558e-06
 Reference value :  3.49768e-06
 Reference value :  3.50013e-06
 Reference value :  3.50124e-06
 Reference value :  3.50238e-06
 Reference value :  3.50356e-06
 Reference value :  3.50465e-06
 Reference value :  3.50769e-06
 Reference value :  3.50864e-06
 Reference value :  3.51102e-06
 Reference value :  3.51355e-06
 Reference value :  3.51527e-06
 Reference value :  3.51786e-06
 Reference value :  3.52040e-06
 Reference value :  3.52144e-06
 Reference value :  3.52317e-06
 Reference value :  3.52560e-06
 Reference value :  3.52777e-06
 Reference value :  3.52982e-06
 Reference value :  3.53181e-06
 Reference value :  3.53450e-06
 Reference value :  3.53540e-06
 Reference value :  3.53657e-06
 Reference value :  3.53893e-06
 Reference value :  3.54056e-06
 Reference value :  3.54143e-06
 Reference value :  3.54243e-06
 Reference value :  3.54341e-06
 Reference value :  3.54436e-06
 Reference value :  3.54679e-06
 Reference value :  3.54825e-06
 Reference value :  3.54982e-06
 Reference value :  3.55185e-06
 Reference value :  3.55455e-06
 Reference value :  3.55634e-06
 Reference value :  3.55798e-06
 Reference value :  3.56045e-06
 Reference value :  3.56158e-06
 Reference value :  3.56377e-06
 Reference value :  3.56590e-06
 Reference value :  3.56797e-06
 Reference value :  3.57032e-06
 Reference value :  3.57252e-06
 Reference value :  3.57461e-06
 Reference value :  3.57547e-06
 Reference value :  3.57714e-06
 Reference value :  3.57848e-06
 Reference value :  3.58050e-06
 Reference value :  3.58147e-06
 Reference value :  3.58253e-06
 Reference value :  3.58348e-06
 Reference value :  3.58439e-06
 Reference value :  3.58657e-06
 Reference value :  3.58814e-06
 Reference value :  3.58908e-06
 Reference value :  3.59120e-06
 Reference value :  3.59424e-06
 Reference value :  3.59539e-06
 Reference value :  3.59797e-06
 Reference value :  3.60040e-06
 Reference value :  3.60149e-06
 Reference value :  3.60327e-06
 Reference value :  3.60520e-06
 Reference value :  3.60781e-06
 Reference value :  3.60992e-06
 Reference value :  3.61222e-06
 Reference value :  3.61461e-06
 Reference value :  3.61552e-06
 Reference value :  3.61644e-06
 Reference value :  3.61762e-06
 Reference value :  3.61960e-06
 Reference value :  3.62098e-06
 Reference value :  3.62201e-06
 Reference value :  3.62306e-06
 Reference value :  3.62417e-06
 Reference value :  3.62607e-06
 Reference value :  3.62810e-06
 Reference value :  3.62885e-06
 Reference value :  3.63111e-06
 Reference value :  3.63374e-06
 Reference value :  3.63556e-06
 Reference value :  3.63785e-06
 Reference value :  3.64041e-06
 Reference value :  3.64139e-06
 Reference value :  3.64287e-06
 Reference value :  3.64509e-06
 Reference value :  3.64774e-06
 Reference value :  3.64930e-06
 Reference value :  3.65133e-06
 Reference value :  3.65427e-06
 Reference value :  3.65508e-06
 Reference value :  3.65654e-06
 Reference value :  3.65833e-06
 Reference value :  3.66045e-06
 Reference value :  3.66154e-06
 Reference value :  3.66243e-06
 Reference value :  3.66334e-06
 Reference value :  3.66427e-06
 Reference value :  3.66647e-06
 Reference value :  3.66816e-06
 Reference value :  3.66949e-06
 Reference value :  3.67134e-06
 Reference value :  3.67441e-06
 Reference value :  3.67626e-06
 Reference value :  3.67835e-06
 Reference value :  3.68056e-06
 Reference value :  3.68163e-06
 Reference value :  3.68357e-06
 Reference value :  3.68580e-06
 Reference value :  3.68787e-06
 Reference value :  3.68972e-06
 Reference value :  3.69172e-06
 Reference value :  3.69445e-06
 Reference value :  3.69523e-06
 Reference value :  3.69611e-06
 Reference value :  3.69775e-06
 Reference value :  3.70003e-06
 Reference value :  3.70102e-06
 Reference value :  3.70202e-06
 Reference value :  3.70285e-06
 Reference value :  3.70387e-06
 Reference value :  3.70497e-06
 Reference value :  3.70773e-06
 Reference value :  3.70869e-06
 Reference value :  3.71089e-06
 Reference value :  3.71273e-06
 Reference value :  3.71466e-06
 Reference value :  3.71687e-06
 Reference value :  3.71828e-06
 Reference value :  3.72048e-06
 Reference value :  3.72149e-06
 Reference value :  3.72317e-06
 Reference value :  3.72559e-06
 Reference value :  3.72777e-06
 Reference value :  3.72959e-06
 Reference value :  3.73169e-06
 Reference value :  3.73433e-06
 Reference value :  3.73514e-06
 Reference value :  3.73595e-06
 Reference value :  3.73784e-06
 Reference value :  3.74020e-06
 Reference value :  3.74113e-06
 Reference value :  3.74205e-06
 Reference value :  3.74283e-06
 Reference value :  3.74380e-06
 Reference value :  3.74464e-06
 Reference value :  3.74746e-06
 Reference value :  3.74835e-06
 Reference value :  3.75009e-06
 Reference value :  3.75174e-06
 Reference value :  3.75437e-06
 Reference value :  3.75526e-06
 Reference value :  3.75772e-06
 Reference value :  3.76023e-06
 Reference value :  3.76129e-06
 Reference value :  3.76227e-06
 Reference value :  3.76448e-06
 Reference value :  3.76736e-06
 Reference value :  3.76828e-06
 Reference value :  3.77099e-06
 Reference value :  3.77358e-06
 Reference value :  3.77486e-06
 Reference value :  3.77583e-06
 Reference value :  3.77723e-06
 Reference value :  3.77908e-06
 Reference value :  3.78061e-06
 Reference value :  3.78166e-06
 Reference value :  3.78252e-06
 Reference value :  3.78355e-06
 Reference value :  3.78448e-06
 Reference value :  3.78691e-06
 Reference value :  3.78817e-06
 Reference value :  3.78960e-06
 Reference value :  3.79143e-06
 Reference value :  3.79439e-06
 Reference value :  3.79597e-06
 Reference value :  3.79791e-06
 Reference value :  3.80041e-06
 Reference value :  3.80144e-06
 Reference value :  3.80287e-06
 Reference value :  3.80476e-06
 Reference value :  3.80769e-06
 Reference value :  3.80891e-06
 Reference value :  3.81128e-06
 Reference value :  3.81420e-06
 Reference value :  3.81510e-06
 Reference value :  3.81766e-06
 Reference value :  3.82078e-06
 Reference value :  3.82212e-06
 Reference value :  3.82295e-06
 Reference value :  3.82392e-06
 Reference value :  3.82472e-06
 Reference value :  3.82763e-06
 Reference value :  3.82854e-06
 Reference value :  3.83057e-06
 Reference value :  3.83229e-06
 Reference value :  3.83449e-06
 Reference value :  3.83653e-06
 Reference value :  3.83828e-06
 Reference value :  3.84056e-06
 Reference value :  3.84162e-06
 Reference value :  3.84377e-06
 Reference value :  3.84584e-06
 Reference value :  3.84796e-06
 Reference value :  3.84972e-06
 Reference value :  3.85130e-06
 Reference value :  3.85415e-06
 Reference value :  3.85509e-06
 Reference value :  3.85591e-06
 Reference value :  3.85760e-06
 Reference value :  3.85956e-06
 Reference value :  3.86078e-06
 Reference value :  3.86166e-06
 Reference value :  3.86252e-06
 Reference value :  3.86354e-06
 Reference value :  3.86444e-06
 Reference value :  3.86683e-06
 Reference value :  3.86813e-06
 Reference value :  3.86968e-06
 Reference value :  3.87133e-06
 Reference value :  3.87430e-06
 Reference value :  3.87557e-06
 Reference value :  3.87769e-06
 Reference value :  3.87971e-06
 Reference value :  3.88107e-06
 Reference value :  3.88201e-06
 Reference value :  3.88441e-06
 Reference value :  3.88724e-06
 Reference value :  3.88841e-06
 Reference value :  3.89091e-06
 Reference value :  3.89275e-06
 Reference value :  3.89463e-06
 Reference value :  3.89550e-06
 Reference value :  3.89759e-06
 Reference value :  3.89980e-06
 Reference value :  3.90099e-06
 Reference value :  3.90194e-06
 Reference value :  3.90283e-06
 Reference value :  3.90392e-06
 Reference value :  3.90506e-06
 Reference value :  3.90779e-06
 Reference value :  3.90857e-06
 Reference value :  3.91078e-06
 Reference value :  3.91226e-06
 Reference value :  3.91441e-06
 Reference value :  3.91651e-06
 Reference value :  3.91819e-06
 Reference value :  3.92048e-06
 Reference value :  3.92143e-06
 Reference value :  3.92286e-06
 Reference value :  3.92483e-06
 Reference value :  3.92763e-06
 Reference value :  3.92871e-06
 Reference value :  3.93103e-06
 Reference value :  3.93364e-06
 Reference value :  3.93497e-06
 Reference value :  3.93586e-06
 Reference value :  3.93677e-06
 Reference value :  3.93877e-06
 Reference value :  3.94056e-06
 Reference value :  3.94152e-06
 Reference value :  3.94231e-06
 Reference value :  3.94316e-06
 Reference value :  3.94425e-06
 Reference value :  3.94586e-06
 Reference value :  3.94802e-06
 Reference value :  3.94883e-06
 Reference value :  3.95104e-06
 Reference value :  3.95343e-06
 Reference value :  3.95494e-06
 Reference value :  3.95736e-06
 Reference value :  3.95946e-06
 Reference value :  3.96096e-06
 Reference value :  3.96183e-06
 Reference value :  3.96424e-06
 Reference value :  3.96642e-06
 Reference value :  3.96810e-06
 Reference value :  3.97068e-06
 Reference value :  3.97226e-06
 Reference value :  3.97451e-06
 Reference value :  3.97543e-06
 Reference value :  3.97718e-06
 Reference value :  3.97894e-06
 Reference value :  3.98066e-06
 Reference value :  3.98165e-06
 Reference value :  3.98262e-06
 Reference value :  3.98366e-06
 Reference value :  3.98458e-06
 Reference value :  3.98694e-06
 Reference value :  3.98827e-06
 Reference value :  3.99006e-06
 Reference value :  3.99181e-06
 Reference value :  3.99442e-06
 Reference value :  3.99625e-06
 Reference value :  3.99793e-06
 Reference value :  4.00041e-06
 Reference value :  4.00138e-06
 Reference value :  4.00306e-06
 Reference value :  4.00492e-06
 Reference value :  4.00768e-06
 Reference value :  4.00879e-06
 Reference value :  4.01101e-06
 Reference value :  4.01373e-06
 Reference value :  4.01500e-06
 Reference value :  4.01583e-06
 Reference value :  4.01743e-06
 Reference value :  4.01935e-06
 Reference value :  4.02066e-06
 Reference value :  4.02160e-06
 Reference value :  4.02246e-06
 Reference value :  4.02339e-06
 Reference value :  4.02437e-06
 Reference value :  4.02663e-06
 Reference value :  4.02808e-06
 Reference value :  4.02938e-06
 Reference value :  4.03127e-06
 Reference value :  4.03412e-06
 Reference value :  4.03507e-06
 Reference value :  4.03763e-06
 Reference value :  4.03967e-06
 Reference value :  4.04102e-06
 Reference value :  4.04191e-06
 Reference value :  4.04429e-06
 Reference value :  4.04692e-06
 Reference value :  4.04833e-06
 Reference value :  4.05090e-06
 Reference value :  4.05294e-06
 Reference value :  4.05475e-06
 Reference value :  4.05560e-06
 Reference value :  4.05772e-06
 Reference value :  4.06000e-06
 Reference value :  4.06103e-06
 Reference value :  4.06188e-06
 Reference value :  4.06272e-06
 Reference value :  4.06378e-06
 Reference value :  4.06481e-06
 Reference value :  4.06762e-06
 Reference value :  4.06846e-06
 Reference value :  4.07063e-06
 Reference value :  4.07242e-06
 Reference value :  4.07465e-06
 Reference value :  4.07659e-06
 Reference value :  4.07798e-06
 Reference value :  4.08045e-06
 Reference value :  4.08128e-06
 Reference value :  4.08215e-06
 Reference value :  4.08440e-06
 Reference value :  4.08710e-06
 Reference value :  4.08831e-06
 Reference value :  4.09086e-06
 Reference value :  4.09282e-06
 Reference value :  4.09486e-06
 Reference value :  4.09565e-06
 Reference value :  4.09655e-06
 Reference value :  4.09798e-06
 Reference value :  4.10031e-06
 Reference value :  4.10109e-06
 Reference value :  4.10199e-06
 Reference value :  4.10283e-06
 Reference value :  4.10390e-06
 Reference value :  4.10463e-06
 Reference value :  4.10737e-06
 Reference value :  4.10841e-06
 Reference value :  4.11017e-06
 Reference value :  4.11160e-06
 Reference value :  4.11435e-06
 Reference value :  4.11552e-06
 Reference value :  4.11766e-06
 Reference value :  4.12006e-06
 Reference value :  4.12114e-06
 Reference value :  4.12200e-06
 Reference value :  4.12434e-06
 Reference value :  4.12720e-06
 Reference value :  4.12859e-06
 Reference value :  4.13100e-06
 Reference value :  4.13373e-06
 Reference value :  4.13511e-06
 Reference value :  4.13612e-06
 Reference value :  4.13803e-06
 Reference value :  4.14035e-06
 Reference value :  4.14143e-06
 Reference value :  4.14241e-06
 Reference value :  4.14339e-06
 Reference value :  4.14437e-06
 Reference value :  4.14683e-06
 Reference value :  4.14808e-06
 Reference value :  4.14945e-06
 Reference value :  4.15117e-06
 Reference value :  4.15443e-06
 Reference value :  4.15669e-06
 Reference value :  4.15875e-06
 Reference value :  4.16072e-06
 Reference value :  4.16176e-06
 Reference value :  4.16429e-06
 Reference value :  4.16722e-06
 Reference value :  4.16845e-06
 Reference value :  4.17098e-06
 Reference value :  4.17384e-06
 Reference value :  4.17505e-06
 Reference value :  4.17587e-06
 Reference value :  4.17764e-06
 Reference value :  4.18040e-06
 Reference value :  4.18155e-06
 Reference value :  4.18262e-06
 Reference value :  4.18373e-06
 Reference value :  4.18485e-06
 Reference value :  4.18782e-06
 Reference value :  4.18875e-06
 Reference value :  4.19107e-06
 Reference value :  4.19401e-06
 Reference value :  4.19495e-06
 Reference value :  4.19757e-06
 Reference value :  4.19977e-06
 Reference value :  4.20107e-06
 Reference value :  4.20195e-06
 Reference value :  4.20440e-06
 Reference value :  4.20689e-06
 Reference value :  4.20838e-06
 Reference value :  4.21100e-06
 Reference value :  4.21422e-06
 Reference value :  4.21538e-06
 Reference value :  4.21723e-06
 Reference value :  4.21893e-06
 Reference value :  4.22061e-06
 Reference value :  4.22160e-06
 Reference value :  4.22251e-06
 Reference value :  4.22359e-06
 Reference value :  4.22447e-06
 Reference value :  4.22738e-06
 Reference value :  4.22851e-06
 Reference value :  4.23090e-06
 Reference value :  4.23324e-06
 Reference value :  4.23486e-06
 Reference value :  4.23756e-06
 Reference value :  4.24020e-06
 Reference value :  4.24123e-06
 Reference value :  4.24255e-06
 Reference value :  4.24481e-06
 Reference value :  4.24774e-06
 Reference value :  4.24930e-06
 Reference value :  4.25128e-06
 Reference value :  4.25434e-06
 Reference value :  4.25530e-06
 Reference value :  4.25615e-06
 Reference value :  4.25753e-06
 Reference value :  4.25958e-06
 Reference value :  4.26099e-06
 Reference value :  4.26193e-06
 Reference value :  4.26288e-06
 Reference value :  4.26403e-06
 Reference value :  4.26596e-06
 Reference value :  4.26817e-06
 Reference value :  4.26998e-06
 Reference value :  4.27171e-06
 Reference value :  4.27464e-06
 Reference value :  4.27734e-06
 Reference value :  4.27959e-06
 Reference value :  4.28110e-06
 Reference value :  4.28215e-06
 Reference value :  4.28471e-06
 Reference value :  4.28768e-06
 Reference value :  4.28940e-06
 Reference value :  4.29123e-06
 Reference value :  4.29429e-06
 Reference value :  4.29531e-06
 Reference value :  4.29749e-06
 Reference value :  4.29989e-06
 Reference value :  4.30103e-06
 Reference value :  4.30210e-06
 Reference value :  4.30303e-06
 Reference value :  4.30424e-06
 Reference value :  4.30694e-06
 Reference value :  4.30830e-06
 Reference value :  4.31007e-06
 Reference value :  4.31189e-06
 Reference value :  4.31437e-06
 Reference value :  4.31633e-06
 Reference value :  4.31810e-06
 Reference value :  4.32052e-06
 Reference value :  4.32143e-06
 Reference value :  4.32294e-06
 Reference value :  4.32524e-06
 Reference value :  4.32782e-06
 Reference value :  4.32989e-06
 Reference value :  4.33214e-06
 Reference value :  4.33460e-06
 Reference value :  4.33568e-06
 Reference value :  4.33757e-06
 Reference value :  4.34021e-06
 Reference value :  4.34118e-06
 Reference value :  4.34214e-06
 Reference value :  4.34303e-06
 Reference value :  4.34428e-06
 Reference value :  4.34690e-06
 Reference value :  4.34828e-06
 Reference value :  4.35044e-06
 Reference value :  4.35280e-06
 Reference value :  4.35493e-06
 Reference value :  4.35763e-06
 Reference value :  4.36020e-06
 Reference value :  4.36103e-06
 Reference value :  4.36199e-06
 Reference value :  4.36450e-06
 Reference value :  4.36769e-06
 Reference value :  4.36920e-06
 Reference value :  4.37175e-06
 Reference value :  4.37445e-06
 Reference value :  4.37545e-06
 Reference value :  4.37756e-06
 Reference value :  4.38001e-06
 Reference value :  4.38107e-06
 Reference value :  4.38208e-06
 Reference value :  4.38303e-06
 Reference value :  4.38424e-06
 Reference value :  4.38614e-06
 Reference value :  4.38815e-06
 Reference value :  4.38985e-06
 Reference value :  4.39159e-06
 Reference value :  4.39447e-06
 Reference value :  4.39612e-06
 Reference value :  4.39828e-06
 Reference value :  4.40065e-06
 Reference value :  4.40159e-06
 Reference value :  4.40374e-06
 Reference value :  4.40593e-06
 Reference value :  4.40799e-06
 Reference value :  4.41010e-06
 Reference value :  4.41245e-06
 Reference value :  4.41470e-06
 Reference value :  4.41566e-06
 Reference value :  4.41656e-06
 Reference value :  4.41837e-06
 Reference value :  4.42050e-06
 Reference value :  4.42147e-06
 Reference value :  4.42240e-06
 Reference value :  4.42345e-06
 Reference value :  4.42435e-06
 Reference value :  4.42692e-06
 Reference value :  4.42829e-06
 Reference value :  4.43015e-06
 Reference value :  4.43207e-06
 Reference value :  4.43465e-06
 Reference value :  4.43751e-06
 Reference value :  4.43951e-06
 Reference value :  4.44103e-06
 Reference value :  4.44190e-06
 Reference value :  4.44435e-06
 Reference value :  4.44723e-06
 Reference value :  4.44840e-06
 Reference value :  4.45100e-06
 Reference value :  4.45365e-06
 Reference value :  4.45505e-06
 Reference value :  4.45628e-06
 Reference value :  4.45824e-06
 Reference value :  4.46045e-06
 Reference value :  4.46146e-06
 Reference value :  4.46240e-06
 Reference value :  4.46338e-06
 Reference value :  4.46453e-06
 Reference value :  4.46754e-06
 Reference value :  4.46862e-06
 Reference value :  4.47086e-06
 Reference value :  4.47281e-06
 Reference value :  4.47476e-06
 Reference value :  4.47742e-06
 Reference value :  4.47981e-06
 Reference value :  4.48106e-06
 Reference value :  4.48194e-06
 Reference value :  4.48430e-06
 Reference value :  4.48693e-06
 Reference value :  4.48834e-06
 Reference value :  4.49094e-06
 Reference value :  4.49355e-06
 Reference value :  4.49499e-06
 Reference value :  4.49591e-06
 Reference value :  4.49759e-06
 Reference value :  4.49985e-06
 Reference value :  4.50092e-06
 Reference value :  4.50178e-06
 Reference value :  4.50271e-06
 Reference value :  4.50378e-06
 Reference value :  4.50522e-06
 Reference value :  4.50801e-06
 Reference value :  4.50882e-06
 Reference value :  4.51122e-06
 Reference value :  4.51428e-06
 Reference value :  4.51600e-06
 Reference value :  4.51826e-06
 Reference value :  4.52078e-06
 Reference value :  4.52170e-06
 Reference value :  4.52374e-06
 Reference value :  4.52573e-06
 Reference value :  4.52798e-06
 Reference value :  4.53029e-06
 Reference value :  4.53273e-06
 Reference value :  4.53485e-06
 Reference value :  4.53582e-06
 Reference value :  4.53783e-06
 Reference value :  4.54035e-06
 Reference value :  4.54120e-06
 Reference value :  4.54229e-06
 Reference value :  4.54345e-06
 Reference value :  4.54450e-06
 Reference value :  4.54742e-06
 Reference value :  4.54838e-06
 Reference value :  4.55045e-06
 Reference value :  4.55260e-06
 Reference value :  4.55492e-06
 Reference value :  4.55800e-06
 Reference value :  4.56052e-06
 Reference value :  4.56137e-06
 Reference value :  4.56304e-06
 Reference value :  4.56532e-06
 Reference value :  4.56794e-06
 Reference value :  4.56989e-06
 Reference value :  4.57213e-06
 Reference value :  4.57470e-06
 Reference value :  4.57566e-06
 Reference value :  4.57664e-06
 Reference value :  4.57797e-06
 Reference value :  4.58045e-06
 Reference value :  4.58149e-06
 Reference value :  4.58255e-06
 Reference value :  4.58359e-06
 Reference value :  4.58457e-06
 Reference value :  4.58756e-06
 Reference value :  4.58851e-06
 Reference value :  4.59095e-06
 Reference value :  4.59356e-06
 Reference value :  4.59499e-06
 Reference value :  4.59767e-06
 Reference value :  4.60033e-06
 Reference value :  4.60137e-06
 Reference value :  4.60324e-06
 Reference value :  4.60553e-06
 Reference value :  4.60794e-06
 Reference value :  4.60999e-06
 Reference value :  4.61253e-06
 Reference value :  4.61485e-06
 Reference value :  4.61583e-06
 Reference value :  4.61837e-06
 Reference value :  4.62078e-06
 Reference value :  4.62187e-06
 Reference value :  4.62291e-06
 Reference value :  4.62413e-06
 Reference value :  4.62595e-06
 Reference value :  4.62817e-06
 Reference value :  4.63004e-06
 Reference value :  4.63201e-06
 Reference value :  4.63465e-06
 Reference value :  4.63750e-06
 Reference value :  4.63968e-06
 Reference value :  4.64102e-06
 Reference value :  4.64199e-06
 Reference value :  4.64450e-06
 Reference value :  4.64774e-06
 Reference value :  4.64949e-06
 Reference value :  4.65153e-06
 Reference value :  4.65442e-06
 Reference value :  4.65549e-06
 Reference value :  4.65702e-06
 Reference value :  4.65961e-06
 Reference value :  4.66097e-06
 Reference value :  4.66192e-06
 Reference value :  4.66291e-06
 Reference value :  4.66408e-06
 Reference value :  4.66600e-06
 Reference value :  4.66817e-06
 Reference value :  4.67018e-06
 Reference value :  4.67275e-06
 Reference value :  4.67474e-06
 Reference value :  4.67750e-06
 Reference value :  4.67938e-06
 Reference value :  4.68098e-06
 Reference value :  4.68189e-06
 Reference value :  4.68435e-06
 Reference value :  4.68753e-06
 Reference value :  4.68869e-06
 Reference value :  4.69122e-06
 Reference value :  4.69428e-06
 Reference value :  4.69553e-06
 Reference value :  4.69769e-06
 Reference value :  4.70020e-06
 Reference value :  4.70114e-06
 Reference value :  4.70218e-06
 Reference value :  4.70313e-06
 Reference value :  4.70421e-06
 Reference value :  4.70649e-06
 Reference value :  4.70825e-06
 Reference value :  4.71010e-06
 Reference value :  4.71274e-06
 Reference value :  4.71483e-06
 Reference value :  4.71774e-06
 Reference value :  4.72045e-06
 Reference value :  4.72148e-06
 Reference value :  4.72383e-06
 Reference value :  4.72632e-06
 Reference value :  4.72821e-06
 Reference value :  4.73087e-06
 Reference value :  4.73352e-06
 Reference value :  4.73515e-06
 Reference value :  4.73629e-06
 Reference value :  4.73792e-06
 Reference value :  4.74045e-06
 Reference value :  4.74147e-06
 Reference value :  4.74244e-06
 Reference value :  4.74358e-06
 Reference value :  4.74457e-06
 Reference value :  4.74762e-06
 Reference value :  4.74866e-06
 Reference value :  4.75115e-06
 Reference value :  4.75435e-06
 Reference value :  4.75594e-06
 Reference value :  4.75852e-06
 Reference value :  4.76086e-06
 Reference value :  4.76173e-06
 Reference value :  4.76420e-06
 Reference value :  4.76692e-06
 Reference value :  4.76844e-06
 Reference value :  4.77121e-06
 Reference value :  4.77435e-06
 Reference value :  4.77546e-06
 Reference value :  4.77755e-06
 Reference value :  4.77983e-06
 Reference value :  4.78100e-06
 Reference value :  4.78196e-06
 Reference value :  4.78285e-06
 Reference value :  4.78396e-06
 Reference value :  4.78486e-06
 Reference value :  4.78776e-06
 Reference value :  4.78869e-06
 Reference value :  4.79121e-06
 Reference value :  4.79427e-06
 Reference value :  4.79620e-06
 Reference value :  4.79833e-06
 Reference value :  4.80065e-06
 Reference value :  4.80173e-06
 Reference value :  4.80420e-06
 Reference value :  4.80688e-06
 Reference value :  4.80841e-06
 Reference value :  4.81121e-06
 Reference value :  4.81428e-06
 Reference value :  4.81537e-06
 Reference value :  4.81660e-06
 Reference value :  4.81852e-06
 Reference value :  4.82061e-06
 Reference value :  4.82154e-06
 Reference value :  4.82248e-06
 Reference value :  4.82364e-06
 Reference value :  4.82458e-06
 Reference value :  4.82760e-06
 Reference value :  4.82862e-06
 Reference value :  4.83100e-06
 Reference value :  4.83398e-06
 Reference value :  4.83553e-06
 Reference value :  4.83800e-06
 Reference value :  4.84052e-06
 Reference value :  4.84163e-06
 Reference value :  4.84412e-06
 Reference value :  4.84686e-06
 Reference value :  4.84856e-06
 Reference value :  4.85125e-06
 Reference value :  4.85417e-06
 Reference value :  4.85516e-06
 Reference value :  4.85678e-06
 Reference value :  4.85889e-06
 Reference value :  4.86078e-06
 Reference value :  4.86175e-06
 Reference value :  4.86275e-06
 Reference value :  4.86382e-06
 Reference value :  4.86490e-06
 Reference value :  4.86788e-06
 Reference value :  4.86925e-06
 Reference value :  4.87126e-06
 Reference value :  4.87428e-06
 Reference value :  4.87598e-06
 Reference value :  4.87836e-06
 Reference value :  4.88078e-06
 Reference value :  4.88173e-06
 Reference value :  4.88419e-06
 Reference value :  4.88695e-06
 Reference value :  4.88841e-06
 Reference value :  4.89108e-06
 Reference value :  4.89398e-06
 Reference value :  4.89510e-06
 Reference value :  4.89610e-06
 Reference value :  4.89755e-06
 Reference value :  4.90001e-06
 Reference value :  4.90111e-06
 Reference value :  4.90210e-06
 Reference value :  4.90328e-06
 Reference value :  4.90433e-06
 Reference value :  4.90701e-06
 Reference value :  4.90836e-06
 Reference value :  4.91077e-06
 Reference value :  4.91284e-06
 Reference value :  4.91473e-06
 Reference value :  4.91754e-06
 Reference value :  4.91974e-06
 Reference value :  4.92117e-06
 Reference value :  4.92290e-06
 Reference value :  4.92553e-06
 Reference value :  4.92793e-06
 Reference value :  4.93056e-06
 Reference value :  4.93308e-06
 Reference value :  4.93505e-06
 Reference value :  4.93665e-06
 Reference value :  4.93860e-06
 Reference value :  4.94066e-06
 Reference value :  4.94170e-06
 Reference value :  4.94277e-06
 Reference value :  4.94405e-06
 Reference value :  4.94618e-06
 Reference value :  4.94827e-06
 Reference value :  4.95040e-06
 Reference value :  4.95216e-06
 Reference value :  4.95458e-06
 Reference value :  4.95750e-06
 Reference value :  4.96021e-06
 Reference value :  4.96137e-06
 Reference value :  4.96360e-06
 Reference value :  4.96642e-06
 Reference value :  4.96835e-06
 Reference value :  4.97109e-06
 Reference value :  4.97421e-06
 Reference value :  4.97513e-06
 Reference value :  4.97643e-06
 Reference value :  4.97822e-06
 Reference value :  4.98061e-06
 Reference value :  4.98150e-06
 Reference value :  4.98256e-06
 Reference value :  4.98369e-06
 Reference value :  4.98474e-06
 Reference value :  4.98764e-06
 Reference value :  4.98849e-06
 Reference value :  4.99090e-06
 Reference value :  4.99388e-06
 Reference value :  4.99542e-06
 Reference value :  4.99768e-06
 Reference value :  5.00041e-06
 Reference value :  5.00149e-06
 Reference value :  5.00409e-06
 Reference value :  5.00678e-06
 Reference value :  5.00813e-06
 Reference value :  5.01082e-06
 Reference value :  5.01349e-06
 Reference value :  5.01503e-06
 Reference value :  5.01655e-06
 Reference value :  5.01840e-06
 Reference value :  5.02061e-06
 Reference value :  5.02160e-06
 Reference value :  5.02266e-06
 Reference value :  5.02379e-06
 Reference value :  5.02483e-06
 Reference value :  5.02769e-06
 Reference value :  5.02918e-06
 Reference value :  5.03167e-06
 Reference value :  5.03451e-06
 Reference value :  5.03707e-06
 Reference value :  5.03936e-06
 Reference value :  5.04097e-06
 Reference value :  5.04208e-06
 Reference value :  5.04437e-06
 Reference value :  5.04767e-06
 Reference value :  5.04977e-06
 Reference value :  5.05200e-06
 Reference value :  5.05468e-06
 Reference value :  5.05574e-06
 Reference value :  5.05673e-06
 Reference value :  5.05862e-06
 Reference value :  5.06061e-06
 Reference value :  5.06160e-06
 Reference value :  5.06266e-06
 Reference value :  5.06379e-06
 Reference value :  5.06492e-06
 Reference value :  5.06777e-06
 Reference value :  5.06864e-06
 Reference value :  5.07113e-06
 Reference value :  5.07428e-06
 Reference value :  5.07597e-06
 Reference value :  5.07846e-06
 Reference value :  5.08086e-06
 Reference value :  5.08183e-06
 Reference value :  5.08428e-06
 Reference value :  5.08739e-06
 Reference value :  5.08914e-06
 Reference value :  5.09137e-06
 Reference value :  5.09427e-06
 Reference value :  5.09530e-06
 Reference value :  5.09733e-06
 Reference value :  5.09962e-06
 Reference value :  5.10090e-06
 Reference value :  5.10181e-06
 Reference value :  5.10281e-06
 Reference value :  5.10396e-06
 Reference value :  5.10553e-06
 Reference value :  5.10789e-06
 Reference value :  5.10927e-06
 Reference value :  5.11142e-06
 Reference value :  5.11429e-06
 Reference value :  5.11644e-06
 Reference value :  5.11834e-06
 Reference value :  5.12086e-06
 Reference value :  5.12178e-06
 Reference value :  5.12418e-06
 Reference value :  5.12677e-06
 Reference value :  5.12833e-06
 Reference value :  5.13103e-06
 Reference value :  5.13391e-06
 Reference value :  5.13491e-06
 Reference value :  5.13578e-06
 Reference value :  5.13763e-06
 Reference value :  5.14023e-06
 Reference value :  5.14126e-06
 Reference value :  5.14238e-06
 Reference value :  5.14360e-06
 Reference value :  5.14452e-06
 Reference value :  5.14758e-06
 Reference value :  5.14845e-06
 Reference value :  5.15079e-06
 Reference value :  5.15284e-06
 Reference value :  5.15486e-06
 Reference value :  5.15756e-06
 Reference value :  5.16033e-06
 Reference value :  5.16138e-06
 Reference value :  5.16407e-06
 Reference value :  5.16648e-06
 Reference value :  5.16834e-06
 Reference value :  5.17101e-06
 Reference value :  5.17421e-06
 Reference value :  5.17519e-06
 Reference value :  5.17743e-06
 Reference value :  5.17948e-06
 Reference value :  5.18090e-06
 Reference value :  5.18190e-06
 Reference value :  5.18290e-06
 Reference value :  5.18407e-06
 Reference value :  5.18604e-06
 Reference value :  5.18801e-06
 Reference value :  5.18957e-06
 Reference value :  5.19207e-06
 Reference value :  5.19458e-06
 Reference value :  5.19715e-06
 Reference value :  5.19910e-06
 Reference value :  5.20094e-06
 Reference value :  5.20206e-06
 Reference value :  5.20445e-06
 Reference value :  5.20765e-06
 Reference value :  5.20958e-06
 Reference value :  5.21174e-06
 Reference value :  5.21436e-06
 Reference value :  5.21543e-06
 Reference value :  5.21648e-06
 Reference value :  5.21799e-06
 Reference value :  5.22045e-06
 Reference value :  5.22139e-06
 Reference value :  5.22238e-06
 Reference value :  5.22352e-06
 Reference value :  5.22453e-06
 Reference value :  5.22761e-06
 Reference value :  5.22854e-06
 Reference value :  5.23091e-06
 Reference value :  5.23364e-06
 Reference value :  5.23536e-06
 Reference value :  5.23778e-06
 Reference value :  5.24045e-06
 Reference value :  5.24142e-06
 Reference value :  5.24356e-06
 Reference value :  5.24604e-06
 Reference value :  5.24797e-06
 Reference value :  5.25080e-06
 Reference value :  5.25348e-06
 Reference value :  5.25503e-06
 Reference value :  5.25651e-06
 Reference value :  5.25869e-06
 Reference value :  5.26066e-06
 Reference value :  5.26157e-06
 Reference value :  5.26258e-06
 Reference value :  5.26365e-06
 Reference value :  5.26450e-06
 Reference value :  5.26755e-06
 Reference value :  5.26855e-06
 Reference value :  5.27102e-06
 Reference value :  5.27411e-06
 Reference value :  5.27576e-06
 Reference value :  5.27832e-06
 Reference value :  5.28084e-06
 Reference value :  5.28181e-06
 Reference value :  5.28422e-06
 Reference value :  5.28714e-06
 Reference value :  5.28842e-06
 Reference value :  5.29122e-06
 Reference value :  5.29439e-06
 Reference value :  5.29522e-06
 Reference value :  5.29618e-06
 Reference value :  5.29838e-06
 Reference value :  5.30061e-06
 Reference value :  5.30161e-06
 Reference value :  5.30262e-06
 Reference value :  5.30372e-06
 Reference value :  5.30460e-06
 Reference value :  5.30749e-06
 Reference value :  5.30834e-06
 Reference value :  5.31070e-06
 Reference value :  5.31288e-06
 Reference value :  5.31471e-06
 Reference value :  5.31732e-06
 Reference value :  5.31906e-06
 Reference value :  5.32084e-06
 Reference value :  5.32176e-06
 Reference value :  5.32417e-06
 Reference value :  5.32704e-06
 Reference value :  5.32831e-06
 Reference value :  5.33098e-06
 Reference value :  5.33408e-06
 Reference value :  5.33505e-06
 Reference value :  5.33612e-06
 Reference value :  5.33795e-06
 Reference value :  5.34035e-06
 Reference value :  5.34119e-06
 Reference value :  5.34216e-06
 Reference value :  5.34314e-06
 Reference value :  5.34413e-06
 Reference value :  5.34602e-06
 Reference value :  5.34794e-06
 Reference value :  5.34876e-06
 Reference value :  5.35109e-06
 Reference value :  5.35416e-06
 Reference value :  5.35531e-06
 Reference value :  5.35790e-06
 Reference value :  5.36052e-06
 Reference value :  5.36157e-06
 Reference value :  5.36356e-06
 Reference value :  5.36594e-06
 Reference value :  5.36801e-06
 Reference value :  5.37067e-06
 Reference value :  5.37313e-06
 Reference value :  5.37474e-06
 Reference value :  5.37573e-06
 Reference value :  5.37677e-06
 Reference value :  5.37820e-06
 Reference value :  5.38040e-06
 Reference value :  5.38119e-06
 Reference value :  5.38214e-06
 Reference value :  5.38313e-06
 Reference value :  5.38414e-06
 Reference value :  5.38599e-06
 Reference value :  5.38802e-06
 Reference value :  5.38922e-06
 Reference value :  5.39103e-06
 Reference value :  5.39411e-06
 Reference value :  5.39525e-06
 Reference value :  5.39770e-06
 Reference value :  5.40040e-06
 Reference value :  5.40122e-06
 Reference value :  5.40236e-06
 Reference value :  5.40437e-06
 Reference value :  5.40724e-06
 Reference value :  5.40831e-06
 Reference value :  5.41086e-06
 Reference value :  5.41367e-06
 Reference value :  5.41509e-06
 Reference value :  5.41617e-06
 Reference value :  5.41783e-06
 Reference value :  5.42027e-06
 Reference value :  5.42101e-06
 Reference value :  5.42188e-06
 Reference value :  5.42278e-06
 Reference value :  5.42389e-06
 Reference value :  5.42493e-06
 Reference value :  5.42774e-06
 Reference value :  5.42976e-06
 Reference value :  5.43139e-06
 Reference value :  5.43424e-06
 Reference value :  5.43543e-06
 Reference value :  5.43774e-06
 Reference value :  5.44023e-06
 Reference value :  5.44116e-06
 Reference value :  5.44286e-06
 Reference value :  5.44484e-06
 Reference value :  5.44771e-06
 Reference value :  5.44961e-06
 Reference value :  5.45145e-06
 Reference value :  5.45427e-06
 Reference value :  5.45522e-06
 Reference value :  5.45626e-06
 Reference value :  5.45795e-06
 Reference value :  5.46035e-06
 Reference value :  5.46119e-06
 Reference value :  5.46221e-06
 Reference value :  5.46328e-06
 Reference value :  5.46429e-06
 Reference value :  5.46639e-06
 Reference value :  5.46804e-06
 Reference value :  5.46949e-06
 Reference value :  5.47184e-06
 Reference value :  5.47454e-06
 Reference value :  5.47669e-06
 Reference value :  5.47857e-06
 Reference value :  5.48084e-06
 Reference value :  5.48171e-06
 Reference value :  5.48411e-06
 Reference value :  5.48687e-06
 Reference value :  5.48830e-06
 Reference value :  5.49102e-06
 Reference value :  5.49422e-06
 Reference value :  5.49533e-06
 Reference value :  5.49748e-06
 Reference value :  5.50003e-06
 Reference value :  5.50097e-06
 Reference value :  5.50199e-06
 Reference value :  5.50293e-06
 Reference value :  5.50413e-06
 Reference value :  5.50610e-06
 Reference value :  5.50803e-06
 Reference value :  5.50984e-06
 Reference value :  5.51236e-06
 Reference value :  5.51461e-06
 Reference value :  5.51723e-06
 Reference value :  5.51939e-06
 Reference value :  5.52092e-06
 Reference value :  5.52206e-06
 Reference value :  5.52454e-06
 Reference value :  5.52766e-06
 Reference value :  5.52972e-06
 Reference value :  5.53207e-06
 Reference value :  5.53467e-06
 Reference value :  5.53561e-06
 Reference value :  5.53676e-06
 Reference value :  5.53923e-06
 Reference value :  5.54084e-06
 Reference value :  5.54174e-06
 Reference value :  5.54278e-06
 Reference value :  5.54400e-06
 Reference value :  5.54583e-06
 Reference value :  5.54801e-06
 Reference value :  5.54951e-06
 Reference value :  5.55116e-06
 Reference value :  5.55433e-06
 Reference value :  5.55644e-06
 Reference value :  5.55862e-06
 Reference value :  5.56084e-06
 Reference value :  5.56184e-06
 Reference value :  5.56436e-06
 Reference value :  5.56760e-06
 Reference value :  5.56931e-06
 Reference value :  5.57145e-06
 Reference value :  5.57440e-06
 Reference value :  5.57541e-06
 Reference value :  5.57749e-06
 Reference value :  5.58000e-06
 Reference value :  5.58104e-06
 Reference value :  5.58210e-06
 Reference value :  5.58293e-06
 Reference value :  5.58414e-06
 Reference value :  5.58599e-06
 Reference value :  5.58800e-06
 Reference value :  5.58946e-06
 Reference value :  5.59131e-06
 Reference value :  5.59440e-06
 Reference value :  5.59653e-06
 Reference value :  5.59881e-06
 Reference value :  5.60088e-06
 Reference value :  5.60180e-06
 Reference value :  5.60432e-06
 Reference value :  5.60744e-06
 Reference value :  5.60871e-06
 Reference value :  5.61145e-06
 Reference value :  5.61446e-06
 Reference value :  5.61549e-06
 Reference value :  5.61739e-06
 Reference value :  5.62000e-06
 Reference value :  5.62091e-06
 Reference value :  5.62194e-06
 Reference value :  5.62288e-06
 Reference value :  5.62409e-06
 Reference value :  5.62580e-06
 Reference value :  5.62793e-06
 Reference value :  5.62897e-06
 Reference value :  5.63118e-06
 Reference value :  5.63440e-06
 Reference value :  5.63656e-06
 Reference value :  5.63924e-06
 Reference value :  5.64094e-06
 Reference value :  5.64246e-06
 Reference value :  5.64484e-06
 Reference value :  5.64771e-06
 Reference value :  5.64932e-06
 Reference value :  5.65177e-06
 Reference value :  5.65462e-06
 Reference value :  5.65549e-06
 Reference value :  5.65767e-06
 Reference value :  5.66023e-06
 Reference value :  5.66115e-06
 Reference value :  5.66221e-06
 Reference value :  5.66336e-06
 Reference value :  5.66428e-06
 Reference value :  5.66703e-06
 Reference value :  5.66830e-06
 Reference value :  5.67066e-06
 Reference value :  5.67302e-06
 Reference value :  5.67480e-06
 Reference value :  5.67747e-06
 Reference value :  5.68021e-06
 Reference value :  5.68122e-06
 Reference value :  5.68296e-06
 Reference value :  5.68494e-06
 Reference value :  5.68775e-06
 Reference value :  5.68998e-06
 Reference value :  5.69235e-06
 Reference value :  5.69461e-06
 Reference value :  5.69560e-06
 Reference value :  5.69669e-06
 Reference value :  5.69854e-06
 Reference value :  5.70061e-06
 Reference value :  5.70160e-06
 Reference value :  5.70263e-06
 Reference value :  5.70370e-06
 Reference value :  5.70446e-06
 Reference value :  5.70751e-06
 Reference value :  5.70849e-06
 Reference value :  5.71082e-06
 Reference value :  5.71331e-06
 Reference value :  5.71482e-06
 Reference value :  5.71759e-06
 Reference value :  5.72027e-06
 Reference value :  5.72141e-06
 Reference value :  5.72346e-06
 Reference value :  5.72584e-06
 Reference value :  5.72791e-06
 Reference value :  5.73003e-06
 Reference value :  5.73257e-06
 Reference value :  5.73489e-06
 Reference value :  5.73607e-06
 Reference value :  5.73798e-06
 Reference value :  5.74045e-06
 Reference value :  5.74138e-06
 Reference value :  5.74241e-06
 Reference value :  5.74358e-06
 Reference value :  5.74451e-06
 Reference value :  5.74760e-06
 Reference value :  5.74856e-06
 Reference value :  5.75101e-06
 Reference value :  5.75424e-06
 Reference value :  5.75634e-06
 Reference value :  5.75839e-06
 Reference value :  5.76065e-06
 Reference value :  5.76161e-06
 Reference value :  5.76395e-06
 Reference value :  5.76576e-06
 Reference value :  5.76790e-06
 Reference value :  5.76991e-06
 Reference value :  5.77205e-06
 Reference value :  5.77461e-06
 Reference value :  5.77545e-06
 Reference value :  5.77694e-06
 Reference value :  5.77887e-06
 Reference value :  5.78061e-06
 Reference value :  5.78147e-06
 Reference value :  5.78241e-06
 Reference value :  5.78349e-06
 Reference value :  5.78450e-06
 Reference value :  5.78755e-06
 Reference value :  5.78841e-06
 Reference value :  5.79076e-06
 Reference value :  5.79221e-06
 Reference value :  5.79450e-06
 Reference value :  5.79654e-06
 Reference value :  5.79855e-06
 Reference value :  5.80061e-06
 Reference value :  5.80151e-06
 Reference value :  5.80346e-06
 Reference value :  5.80564e-06
 Reference value :  5.80789e-06
 Reference value :  5.81021e-06
 Reference value :  5.81225e-06
 Reference value :  5.81466e-06
 Reference value :  5.81560e-06
 Reference value :  5.81763e-06
 Reference value :  5.82013e-06
 Reference value :  5.82100e-06
 Reference value :  5.82210e-06
 Reference value :  5.82298e-06
 Reference value :  5.82413e-06
 Reference value :  5.82590e-06
 Reference value :  5.82791e-06
 Reference value :  5.82905e-06
 Reference value :  5.83107e-06
 Reference value :  5.83411e-06
 Reference value :  5.83515e-06
 Reference value :  5.83770e-06
 Reference value :  5.84033e-06
 Reference value :  5.84127e-06
 Reference value :  5.84266e-06
 Reference value :  5.84464e-06
 Reference value :  5.84760e-06
 Reference value :  5.84911e-06
 Reference value :  5.85135e-06
 Reference value :  5.85420e-06
 Reference value :  5.85540e-06
 Reference value :  5.85642e-06
 Reference value :  5.85771e-06
 Reference value :  5.86020e-06
 Reference value :  5.86100e-06
 Reference value :  5.86198e-06
 Reference value :  5.86293e-06
 Reference value :  5.86409e-06
 Reference value :  5.86508e-06
 Reference value :  5.86759e-06
 Reference value :  5.86849e-06
 Reference value :  5.87097e-06
 Reference value :  5.87373e-06
 Reference value :  5.87489e-06
 Reference value :  5.87766e-06
 Reference value :  5.88012e-06
 Reference value :  5.88097e-06
 Reference value :  5.88189e-06
 Reference value :  5.88428e-06
 Reference value :  5.88716e-06
 Reference value :  5.88835e-06
 Reference value :  5.89097e-06
 Reference value :  5.89395e-06
 Reference value :  5.89499e-06
 Reference value :  5.89630e-06
 Reference value :  5.89803e-06
 Reference value :  5.90040e-06
 Reference value :  5.90124e-06
 Reference value :  5.90221e-06
 Reference value :  5.90313e-06
 Reference value :  5.90421e-06
 Reference value :  5.90659e-06
 Reference value :  5.90804e-06
 Reference value :  5.90883e-06
 Reference value :  5.91106e-06
 Reference value :  5.91421e-06
 Reference value :  5.91574e-06
 Reference value :  5.91778e-06
 Reference value :  5.92042e-06
 Reference value :  5.92137e-06
 Reference value :  5.92326e-06
 Reference value :  5.92544e-06
 Reference value :  5.92789e-06
 Reference value :  5.93031e-06
 Reference value :  5.93265e-06
 Reference value :  5.93487e-06
 Reference value :  5.93579e-06
 Reference value :  5.93748e-06
 Reference value :  5.94001e-06
 Reference value :  5.94096e-06
 Reference value :  5.94199e-06
 Reference value :  5.94293e-06
 Reference value :  5.94413e-06
 Reference value :  5.94670e-06
 Reference value :  5.94818e-06
 Reference value :  5.95008e-06
 Reference value :  5.95253e-06
 Reference value :  5.95459e-06
 Reference value :  5.95713e-06
 Reference value :  5.95937e-06
 Reference value :  5.96094e-06
 Reference value :  5.96234e-06
 Reference value :  5.96498e-06
 Reference value :  5.96777e-06
 Reference value :  5.97008e-06
 Reference value :  5.97249e-06
 Reference value :  5.97472e-06
 Reference value :  5.97574e-06
 Reference value :  5.97777e-06
 Reference value :  5.98040e-06
 Reference value :  5.98138e-06
 Reference value :  5.98240e-06
 Reference value :  5.98361e-06
 Reference value :  5.98464e-06
 Reference value :  5.98759e-06
 Reference value :  5.98855e-06
 Reference value :  5.99094e-06
 Reference value :  5.99400e-06
 Reference value :  5.99566e-06
 Reference value :  5.99789e-06
 Reference value :  6.00061e-06
 Reference value :  6.00171e-06
 Reference value :  6.00412e-06
 Reference value :  6.00695e-06
 Reference value :  6.00861e-06
 Reference value :  6.01128e-06
 Reference value :  6.01425e-06
 Reference value :  6.01529e-06
 Reference value :  6.01638e-06
 Reference value :  6.01777e-06
 Reference value :  6.02035e-06
 Reference value :  6.02129e-06
 Reference value :  6.02230e-06
 Reference value :  6.02348e-06
 Reference value :  6.02441e-06
 Reference value :  6.02749e-06
 Reference value :  6.02848e-06
 Reference value :  6.03086e-06
 Reference value :  6.03359e-06
 Reference value :  6.03523e-06
 Reference value :  6.03798e-06
 Reference value :  6.04061e-06
 Reference value :  6.04165e-06
 Reference value :  6.04429e-06
 Reference value :  6.04738e-06
 Reference value :  6.04857e-06
 Reference value :  6.05109e-06
 Reference value :  6.05422e-06
 Reference value :  6.05519e-06
 Reference value :  6.05716e-06
 Reference value :  6.05972e-06
 Reference value :  6.06094e-06
 Reference value :  6.06192e-06
 Reference value :  6.06288e-06
 Reference value :  6.06409e-06
 Reference value :  6.06601e-06
 Reference value :  6.06809e-06
 Reference value :  6.07013e-06
 Reference value :  6.07245e-06
 Reference value :  6.07470e-06
 Reference value :  6.07747e-06
 Reference value :  6.08014e-06
 Reference value :  6.08121e-06
 Reference value :  6.08304e-06
 Reference value :  6.08558e-06
 Reference value :  6.08780e-06
 Reference value :  6.09017e-06
 Reference value :  6.09285e-06
 Reference value :  6.09474e-06
 Reference value :  6.09578e-06
 Reference value :  6.09762e-06
 Reference value :  6.10020e-06
 Reference value :  6.10116e-06
 Reference value :  6.10210e-06
 Reference value :  6.10293e-06
 Reference value :  6.10408e-06
 Reference value :  6.10539e-06
 Reference value :  6.10780e-06
 Reference value :  6.10874e-06
 Reference value :  6.11094e-06
 Reference value :  6.11329e-06
 Reference value :  6.11481e-06
 Reference value :  6.11751e-06
 Reference value :  6.11999e-06
 Reference value :  6.12111e-06
 Reference value :  6.12224e-06
 Reference value :  6.12458e-06
 Reference value :  6.12753e-06
 Reference value :  6.12887e-06
 Reference value :  6.13109e-06
 Reference value :  6.13404e-06
 Reference value :  6.13491e-06
 Reference value :  6.13571e-06
 Reference value :  6.13786e-06
 Reference value :  6.14031e-06
 Reference value :  6.14115e-06
 Reference value :  6.14215e-06
 Reference value :  6.14293e-06
 Reference value :  6.14399e-06
 Reference value :  6.14550e-06
 Reference value :  6.14778e-06
 Reference value :  6.14857e-06
 Reference value :  6.15088e-06
 Reference value :  6.15341e-06
 Reference value :  6.15486e-06
 Reference value :  6.15759e-06
 Reference value :  6.16014e-06
 Reference value :  6.16101e-06
 Reference value :  6.16189e-06
 Reference value :  6.16433e-06
 Reference value :  6.16738e-06
 Reference value :  6.16830e-06
 Reference value :  6.17099e-06
 Reference value :  6.17325e-06
 Reference value :  6.17465e-06
 Reference value :  6.17547e-06
 Reference value :  6.17630e-06
 Reference value :  6.17762e-06
 Reference value :  6.18000e-06
 Reference value :  6.18091e-06
 Reference value :  6.18172e-06
 Reference value :  6.18262e-06
 Reference value :  6.18363e-06
 Reference value :  6.18452e-06
 Reference value :  6.18747e-06
 Reference value :  6.18829e-06
 Reference value :  6.19046e-06
 Reference value :  6.19211e-06
 Reference value :  6.19445e-06
 Reference value :  6.19665e-06
 Reference value :  6.19903e-06
 Reference value :  6.20084e-06
 Reference value :  6.20172e-06
 Reference value :  6.20395e-06
 Reference value :  6.20604e-06
 Reference value :  6.20800e-06
 Reference value :  6.21026e-06
 Reference value :  6.21214e-06
 Reference value :  6.21448e-06
 Reference value :  6.21536e-06
 Reference value :  6.21717e-06
 Reference value :  6.21955e-06
 Reference value :  6.22083e-06
 Reference value :  6.22159e-06
 Reference value :  6.22251e-06
 Reference value :  6.22350e-06
 Reference value :  6.22428e-06
 Reference value :  6.22638e-06
 Reference value :  6.22800e-06
 Reference value :  6.22910e-06
 Reference value :  6.23157e-06
 Reference value :  6.23424e-06
 Reference value :  6.23600e-06
 Reference value :  6.23783e-06
 Reference value :  6.24040e-06
 Reference value :  6.24132e-06
 Reference value :  6.24295e-06
 Reference value :  6.24505e-06
 Reference value :  6.24770e-06
 Reference value :  6.24971e-06
 Reference value :  6.25177e-06
 Reference value :  6.25425e-06
 Reference value :  6.25520e-06
 Reference value :  6.25605e-06
 Reference value :  6.25813e-06
 Reference value :  6.26045e-06
 Reference value :  6.26138e-06
 Reference value :  6.26267e-06
 Reference value :  6.26368e-06
 Reference value :  6.26457e-06
 Reference value :  6.26754e-06
 Reference value :  6.26835e-06
 Reference value :  6.27019e-06
 Reference value :  6.27252e-06
 Reference value :  6.27461e-06
 Reference value :  6.27733e-06
 Reference value :  6.27887e-06
 Reference value :  6.28072e-06
 Reference value :  6.28155e-06
 Reference value :  6.28364e-06
 Reference value :  6.28578e-06
 Reference value :  6.28770e-06
 Reference value :  6.28917e-06
 Reference value :  6.29115e-06
 Reference value :  6.29405e-06
 Reference value :  6.29495e-06
 Reference value :  6.29588e-06
 Reference value :  6.29786e-06
 Reference value :  6.30035e-06
 Reference value :  6.30115e-06
 Reference value :  6.30205e-06
 Reference value :  6.30288e-06
 Reference value :  6.30387e-06
 Reference value :  6.30460e-06
 Reference value :  6.30757e-06
 Reference value :  6.30841e-06
 Reference value :  6.31053e-06
 Reference value :  6.31251e-06
 Reference value :  6.31464e-06
 Reference value :  6.31683e-06
 Reference value :  6.31878e-06
 Reference value :  6.32065e-06
 Reference value :  6.32161e-06
 Reference value :  6.32394e-06
 Reference value :  6.32608e-06
 Reference value :  6.32790e-06
 Reference value :  6.33007e-06
 Reference value :  6.33185e-06
 Reference value :  6.33430e-06
 Reference value :  6.33519e-06
 Reference value :  6.33608e-06
 Reference value :  6.33771e-06
 Reference value :  6.34021e-06
 Reference value :  6.34096e-06
 Reference value :  6.34187e-06
 Reference value :  6.34278e-06
 Reference value :  6.34384e-06
 Reference value :  6.34492e-06
 Reference value :  6.34764e-06
 Reference value :  6.34855e-06
 Reference value :  6.35087e-06
 Reference value :  6.35280e-06
 Reference value :  6.35462e-06
 Reference value :  6.35712e-06
 Reference value :  6.35929e-06
 Reference value :  6.36088e-06
 Reference value :  6.36170e-06
 Reference value :  6.36404e-06
 Reference value :  6.36618e-06
 Reference value :  6.36794e-06
 Reference value :  6.37047e-06
 Reference value :  6.37254e-06
 Reference value :  6.37451e-06
 Reference value :  6.37544e-06
 Reference value :  6.37753e-06
 Reference value :  6.38001e-06
 Reference value :  6.38088e-06
 Reference value :  6.38168e-06
 Reference value :  6.38262e-06
 Reference value :  6.38361e-06
 Reference value :  6.38453e-06
 Reference value :  6.38748e-06
 Reference value :  6.38827e-06
 Reference value :  6.39025e-06
 Reference value :  6.39180e-06
 Reference value :  6.39440e-06
 Reference value :  6.39626e-06
 Reference value :  6.39782e-06
 Reference value :  6.40041e-06
 Reference value :  6.40126e-06
 Reference value :  6.40234e-06
 Reference value :  6.40438e-06
 Reference value :  6.40728e-06
 Reference value :  6.40814e-06
 Reference value :  6.41083e-06
 Reference value :  6.41315e-06
 Reference value :  6.41464e-06
 Reference value :  6.41560e-06
 Reference value :  6.41745e-06
 Reference value :  6.42001e-06
 Reference value :  6.42087e-06
 Reference value :  6.42178e-06
 Reference value :  6.42267e-06
 Reference value :  6.42375e-06
 Reference value :  6.42469e-06
 Reference value :  6.42745e-06
 Reference value :  6.42829e-06
 Reference value :  6.43000e-06
 Reference value :  6.43143e-06
 Reference value :  6.43424e-06
 Reference value :  6.43521e-06
 Reference value :  6.43756e-06
 Reference value :  6.43986e-06
 Reference value :  6.44102e-06
 Reference value :  6.44189e-06
 Reference value :  6.44428e-06
 Reference value :  6.44715e-06
 Reference value :  6.44822e-06
 Reference value :  6.45092e-06
 Reference value :  6.45358e-06
 Reference value :  6.45476e-06
 Reference value :  6.45555e-06
 Reference value :  6.45761e-06
 Reference value :  6.46003e-06
 Reference value :  6.46095e-06
 Reference value :  6.46188e-06
 Reference value :  6.46267e-06
 Reference value :  6.46367e-06
 Reference value :  6.46447e-06
 Reference value :  6.46736e-06
 Reference value :  6.46828e-06
 Reference value :  6.47006e-06
 Reference value :  6.47209e-06
 Reference value :  6.47446e-06
 Reference value :  6.47653e-06
 Reference value :  6.47787e-06
 Reference value :  6.48045e-06
 Reference value :  6.48141e-06
 Reference value :  6.48283e-06
 Reference value :  6.48503e-06
 Reference value :  6.48758e-06
 Reference value :  6.48840e-06
 Reference value :  6.49097e-06
 Reference value :  6.49364e-06
 Reference value :  6.49483e-06
 Reference value :  6.49586e-06
 Reference value :  6.49673e-06
 Reference value :  6.49896e-06
 Reference value :  6.50066e-06
 Reference value :  6.50153e-06
 Reference value :  6.50250e-06
 Reference value :  6.50355e-06
 Reference value :  6.50453e-06
 Reference value :  6.50752e-06
 Reference value :  6.50836e-06
 Reference value :  6.51046e-06
 Reference value :  6.51230e-06
 Reference value :  6.51450e-06
 Reference value :  6.51654e-06
 Reference value :  6.51849e-06
 Reference value :  6.52056e-06
 Reference value :  6.52153e-06
 Reference value :  6.52334e-06
 Reference value :  6.52525e-06
 Reference value :  6.52765e-06
 Reference value :  6.52908e-06
 Reference value :  6.53118e-06
 Reference value :  6.53413e-06
 Reference value :  6.53500e-06
 Reference value :  6.53579e-06
 Reference value :  6.53783e-06
 Reference value :  6.54027e-06
 Reference value :  6.54112e-06
 Reference value :  6.54209e-06
 Reference value :  6.54292e-06
 Reference value :  6.54398e-06
 Reference value :  6.54571e-06
 Reference value :  6.54788e-06
 Reference value :  6.54862e-06
 Reference value :  6.55093e-06
 Reference value :  6.55311e-06
 Reference value :  6.55480e-06
 Reference value :  6.55749e-06
 Reference value :  6.55969e-06
 Reference value :  6.56092e-06
 Reference value :  6.56174e-06
 Reference value :  6.56417e-06
 Reference value :  6.56662e-06
 Reference value :  6.56800e-06
 Reference value :  6.57039e-06
 Reference value :  6.57244e-06
 Reference value :  6.57449e-06
 Reference value :  6.57539e-06
 Reference value :  6.57658e-06
 Reference value :  6.57840e-06
 Reference value :  6.58045e-06
 Reference value :  6.58130e-06
 Reference value :  6.58225e-06
 Reference value :  6.58320e-06
 Reference value :  6.58421e-06
 Reference value :  6.58679e-06
 Reference value :  6.58798e-06
 Reference value :  6.58904e-06
 Reference value :  6.59106e-06
 Reference value :  6.59413e-06
 Reference value :  6.59493e-06
 Reference value :  6.59746e-06
 Reference value :  6.59929e-06
 Reference value :  6.60087e-06
 Reference value :  6.60184e-06
 Reference value :  6.60417e-06
 Reference value :  6.60645e-06
 Reference value :  6.60820e-06
 Reference value :  6.61080e-06
 Reference value :  6.61261e-06
 Reference value :  6.61445e-06
 Reference value :  6.61540e-06
 Reference value :  6.61731e-06
 Reference value :  6.61863e-06
 Reference value :  6.62050e-06
 Reference value :  6.62130e-06
 Reference value :  6.62215e-06
 Reference value :  6.62292e-06
 Reference value :  6.62398e-06
 Reference value :  6.62504e-06
 Reference value :  6.62765e-06
 Reference value :  6.62842e-06
 Reference value :  6.63055e-06
 Reference value :  6.63215e-06
 Reference value :  6.63433e-06
 Reference value :  6.63610e-06
 Reference value :  6.63804e-06
 Reference value :  6.64052e-06
 Reference value :  6.64146e-06
 Reference value :  6.64344e-06
 Reference value :  6.64558e-06
 Reference value :  6.64783e-06
 Reference value :  6.64998e-06
 Reference value :  6.65188e-06
 Reference value :  6.65431e-06
 Reference value :  6.65514e-06
 Reference value :  6.65594e-06
 Reference value :  6.65734e-06
 Reference value :  6.65886e-06
 Reference value :  6.66056e-06
 Reference value :  6.66135e-06
 Reference value :  6.66229e-06
 Reference value :  6.66320e-06
 Reference value :  6.66416e-06
 Reference value :  6.66624e-06
 Reference value :  6.66796e-06
 Reference value :  6.66868e-06
 Reference value :  6.67099e-06
 Reference value :  6.67375e-06
 Reference value :  6.67483e-06
 Reference value :  6.67742e-06
 Reference value :  6.67931e-06
 Reference value :  6.68091e-06
 Reference value :  6.68184e-06
 Reference value :  6.68422e-06
 Reference value :  6.68675e-06
 Reference value :  6.68825e-06
 Reference value :  6.69079e-06
 Reference value :  6.69285e-06
 Reference value :  6.69461e-06
 Reference value :  6.69546e-06
 Reference value :  6.69748e-06
 Reference value :  6.69946e-06
 Reference value :  6.70078e-06
 Reference value :  6.70153e-06
 Reference value :  6.70240e-06
 Reference value :  6.70335e-06
 Reference value :  6.70441e-06
 Reference value :  6.70704e-06
 Reference value :  6.70808e-06
 Reference value :  6.70934e-06
 Reference value :  6.71106e-06
 Reference value :  6.71402e-06
 Reference value :  6.71495e-06
 Reference value :  6.71756e-06
 Reference value :  6.71974e-06
 Reference value :  6.72095e-06
 Reference value :  6.72184e-06
 Reference value :  6.72417e-06
 Reference value :  6.72657e-06
 Reference value :  6.72799e-06
 Reference value :  6.73069e-06
 Reference value :  6.73300e-06
 Reference value :  6.73472e-06
 Reference value :  6.73560e-06
 Reference value :  6.73734e-06
 Reference value :  6.73855e-06
 Reference value :  6.74050e-06
 Reference value :  6.74139e-06
 Reference value :  6.74234e-06
 Reference value :  6.74327e-06
 Reference value :  6.74416e-06
 Reference value :  6.74592e-06
 Reference value :  6.74788e-06
 Reference value :  6.74885e-06
 Reference value :  6.75096e-06
 Reference value :  6.75338e-06
 Reference value :  6.75476e-06
 Reference value :  6.75733e-06
 Reference value :  6.75963e-06
 Reference value :  6.76091e-06
 Reference value :  6.76178e-06
 Reference value :  6.76415e-06
 Reference value :  6.76666e-06
 Reference value :  6.76803e-06
 Reference value :  6.77038e-06
 Reference value :  6.77235e-06
 Reference value :  6.77429e-06
 Reference value :  6.77523e-06
 Reference value :  6.77688e-06
 Reference value :  6.77833e-06
 Reference value :  6.78045e-06
 Reference value :  6.78130e-06
 Reference value :  6.78214e-06
 Reference value :  6.78291e-06
 Reference value :  6.78398e-06
 Reference value :  6.78559e-06
 Reference value :  6.78761e-06
 Reference value :  6.78843e-06
 Reference value :  6.79077e-06
 Reference value :  6.79267e-06
 Reference value :  6.79446e-06
 Reference value :  6.79652e-06
 Reference value :  6.79829e-06
 Reference value :  6.80061e-06
 Reference value :  6.80165e-06
 Reference value :  6.80373e-06
 Reference value :  6.80563e-06
 Reference value :  6.80771e-06
 Reference value :  6.80974e-06
 Reference value :  6.81162e-06
 Reference value :  6.81429e-06
 Reference value :  6.81511e-06
 Reference value :  6.81599e-06
 Reference value :  6.81709e-06
 Reference value :  6.81917e-06
 Reference value :  6.82066e-06
 Reference value :  6.82143e-06
 Reference value :  6.82229e-06
 Reference value :  6.82320e-06
 Reference value :  6.82412e-06
 Reference value :  6.82629e-06
 Reference value :  6.82794e-06
 Reference value :  6.82896e-06
 Reference value :  6.83103e-06
 Reference value :  6.83393e-06
 Reference value :  6.83495e-06
 Reference value :  6.83758e-06
 Reference value :  6.83987e-06
 Reference value :  6.84094e-06
 Reference value :  6.84187e-06
 Reference value :  6.84426e-06
 Reference value :  6.84713e-06
 Reference value :  6.84824e-06
 Reference value :  6.85085e-06
 Reference value :  6.85332e-06
 Reference value :  6.85473e-06
 Reference value :  6.85564e-06
 Reference value :  6.85765e-06
 Reference value :  6.86020e-06
 Reference value :  6.86113e-06
 Reference value :  6.86207e-06
 Reference value :  6.86291e-06
 Reference value :  6.86403e-06
 Reference value :  6.86516e-06
 Reference value :  6.86766e-06
 Reference value :  6.86846e-06
 Reference value :  6.87076e-06
 Reference value :  6.87290e-06
 Reference value :  6.87464e-06
 Reference value :  6.87710e-06
 Reference value :  6.87926e-06
 Reference value :  6.88087e-06
 Reference value :  6.88178e-06
 Reference value :  6.88416e-06
 Reference value :  6.88654e-06
 Reference value :  6.88805e-06
 Reference value :  6.89060e-06
 Reference value :  6.89276e-06
 Reference value :  6.89461e-06
 Reference value :  6.89542e-06
 Reference value :  6.89620e-06
 Reference value :  6.89771e-06
 Reference value :  6.90020e-06
 Reference value :  6.90108e-06
 Reference value :  6.90185e-06
 Reference value :  6.90265e-06
 Reference value :  6.90367e-06
 Reference value :  6.90438e-06
 Reference value :  6.90676e-06
 Reference value :  6.90804e-06
 Reference value :  6.90975e-06
 Reference value :  6.91148e-06
 Reference value :  6.91422e-06
 Reference value :  6.91533e-06
 Reference value :  6.91769e-06
 Reference value :  6.92023e-06
 Reference value :  6.92125e-06
 Reference value :  6.92262e-06
 Reference value :  6.92463e-06
 Reference value :  6.92751e-06
 Reference value :  6.92887e-06
 Reference value :  6.93106e-06
 Reference value :  6.93402e-06
 Reference value :  6.93493e-06
 Reference value :  6.93570e-06
 Reference value :  6.93772e-06
 Reference value :  6.94020e-06
 Reference value :  6.94103e-06
 Reference value :  6.94191e-06
 Reference value :  6.94280e-06
 Reference value :  6.94386e-06
 Reference value :  6.94481e-06
 Reference value :  6.94757e-06
 Reference value :  6.94843e-06
 Reference value :  6.95068e-06
 Reference value :  6.95256e-06
 Reference value :  6.95453e-06
 Reference value :  6.95700e-06
 Reference value :  6.95875e-06
 Reference value :  6.96083e-06
 Reference value :  6.96173e-06
 Reference value :  6.96409e-06
 Reference value :  6.96651e-06
 Reference value :  6.96797e-06
 Reference value :  6.97020e-06
 Reference value :  6.97183e-06
 Reference value :  6.97426e-06
 Reference value :  6.97528e-06
 Reference value :  6.97614e-06
 Reference value :  6.97752e-06
 Reference value :  6.98003e-06
 Reference value :  6.98090e-06
 Reference value :  6.98175e-06
 Reference value :  6.98270e-06
 Reference value :  6.98373e-06
 Reference value :  6.98458e-06
 Reference value :  6.98749e-06
 Reference value :  6.98833e-06
 Reference value :  6.99045e-06
 Reference value :  6.99230e-06
 Reference value :  6.99458e-06
 Reference value :  6.99659e-06
 Reference value :  6.99826e-06
 Reference value :  7.00061e-06
 Reference value :  7.00163e-06
 Reference value :  7.00409e-06
 Reference value :  7.00652e-06
 Reference value :  7.00796e-06
 Reference value :  7.01008e-06
 Reference value :  7.01182e-06
 Reference value :  7.01423e-06
 Reference value :  7.01514e-06
 Reference value :  7.01698e-06
 Reference value :  7.01853e-06
 Reference value :  7.02050e-06
 Reference value :  7.02133e-06
 Reference value :  7.02223e-06
 Reference value :  7.02311e-06
 Reference value :  7.02410e-06
 Reference value :  7.02587e-06
 Reference value :  7.02794e-06
 Reference value :  7.02890e-06
 Reference value :  7.03101e-06
 Reference value :  7.03372e-06
 Reference value :  7.03485e-06
 Reference value :  7.03755e-06
 Reference value :  7.04011e-06
 Reference value :  7.04113e-06
 Reference value :  7.04222e-06
 Reference value :  7.04434e-06
 Reference value :  7.04711e-06
 Reference value :  7.04809e-06
 Reference value :  7.05037e-06
 Reference value :  7.05222e-06
 Reference value :  7.05442e-06
 Reference value :  7.05538e-06
 Reference value :  7.05661e-06
 Reference value :  7.05854e-06
 Reference value :  7.06050e-06
 Reference value :  7.06129e-06
 Reference value :  7.06218e-06
 Reference value :  7.06319e-06
 Reference value :  7.06417e-06
 Reference value :  7.06597e-06
 Reference value :  7.06793e-06
 Reference value :  7.06891e-06
 Reference value :  7.07101e-06
 Reference value :  7.07402e-06
 Reference value :  7.07549e-06
 Reference value :  7.07774e-06
 Reference value :  7.08033e-06
 Reference value :  7.08130e-06
 Reference value :  7.08272e-06
 Reference value :  7.08482e-06
 Reference value :  7.08755e-06
 Reference value :  7.08867e-06
 Reference value :  7.09093e-06
 Reference value :  7.09352e-06
 Reference value :  7.09474e-06
 Reference value :  7.09567e-06
 Reference value :  7.09781e-06
 Reference value :  7.10027e-06
 Reference value :  7.10107e-06
 Reference value :  7.10197e-06
 Reference value :  7.10280e-06
 Reference value :  7.10387e-06
 Reference value :  7.10496e-06
 Reference value :  7.10757e-06
 Reference value :  7.10840e-06
 Reference value :  7.11064e-06
 Reference value :  7.11260e-06
 Reference value :  7.11448e-06
 Reference value :  7.11710e-06
 Reference value :  7.11879e-06
 Reference value :  7.12065e-06
 Reference value :  7.12160e-06
 Reference value :  7.12353e-06
 Reference value :  7.12542e-06
 Reference value :  7.12765e-06
 Reference value :  7.12945e-06
 Reference value :  7.13116e-06
 Reference value :  7.13411e-06
 Reference value :  7.13502e-06
 Reference value :  7.13600e-06
 Reference value :  7.13691e-06
 Reference value :  7.13901e-06
 Reference value :  7.14066e-06
 Reference value :  7.14152e-06
 Reference value :  7.14248e-06
 Reference value :  7.14353e-06
 Reference value :  7.14434e-06
 Reference value :  7.14697e-06
 Reference value :  7.14816e-06
 Reference value :  7.14992e-06
 Reference value :  7.15166e-06
 Reference value :  7.15429e-06
 Reference value :  7.15597e-06
 Reference value :  7.15794e-06
 Reference value :  7.16042e-06
 Reference value :  7.16138e-06
 Reference value :  7.16302e-06
 Reference value :  7.16491e-06
 Reference value :  7.16761e-06
 Reference value :  7.16887e-06
 Reference value :  7.17099e-06
 Reference value :  7.17392e-06
 Reference value :  7.17506e-06
 Reference value :  7.17604e-06
 Reference value :  7.17780e-06
 Reference value :  7.18035e-06
 Reference value :  7.18119e-06
 Reference value :  7.18206e-06
 Reference value :  7.18290e-06
 Reference value :  7.18402e-06
 Reference value :  7.18516e-06
 Reference value :  7.18763e-06
 Reference value :  7.18858e-06
 Reference value :  7.19126e-06
 Reference value :  7.19420e-06
 Reference value :  7.19519e-06
 Reference value :  7.19765e-06
 Reference value :  7.20034e-06
 Reference value :  7.20132e-06
 Reference value :  7.20312e-06
 Reference value :  7.20520e-06
 Reference value :  7.20763e-06
 Reference value :  7.20933e-06
 Reference value :  7.21107e-06
 Reference value :  7.21408e-06
 Reference value :  7.21505e-06
 Reference value :  7.21586e-06
 Reference value :  7.21760e-06
 Reference value :  7.22003e-06
 Reference value :  7.22089e-06
 Reference value :  7.22169e-06
 Reference value :  7.22259e-06
 Reference value :  7.22361e-06
 Reference value :  7.22441e-06
 Reference value :  7.22706e-06
 Reference value :  7.22819e-06
 Reference value :  7.22995e-06
 Reference value :  7.23147e-06
 Reference value :  7.23423e-06
 Reference value :  7.23582e-06
 Reference value :  7.23772e-06
 Reference value :  7.24040e-06
 Reference value :  7.24120e-06
 Reference value :  7.24239e-06
 Reference value :  7.24467e-06
 Reference value :  7.24755e-06
 Reference value :  7.24883e-06
 Reference value :  7.25103e-06
 Reference value :  7.25400e-06
 Reference value :  7.25486e-06
 Reference value :  7.25574e-06
 Reference value :  7.25774e-06
 Reference value :  7.26035e-06
 Reference value :  7.26114e-06
 Reference value :  7.26212e-06
 Reference value :  7.26290e-06
 Reference value :  7.26396e-06
 Reference value :  7.26537e-06
 Reference value :  7.26771e-06
 Reference value :  7.26857e-06
 Reference value :  7.27091e-06
 Reference value :  7.27357e-06
 Reference value :  7.27479e-06
 Reference value :  7.27744e-06
 Reference value :  7.27943e-06
 Reference value :  7.28086e-06
 Reference value :  7.28175e-06
 Reference value :  7.28426e-06
 Reference value :  7.28728e-06
 Reference value :  7.28843e-06
 Reference value :  7.29089e-06
 Reference value :  7.29330e-06
 Reference value :  7.29476e-06
 Reference value :  7.29583e-06
 Reference value :  7.29709e-06
 Reference value :  7.29873e-06
 Reference value :  7.30061e-06
 Reference value :  7.30141e-06
 Reference value :  7.30236e-06
 Reference value :  7.30346e-06
 Reference value :  7.30437e-06
 Reference value :  7.30717e-06
 Reference value :  7.30814e-06
 Reference value :  7.30953e-06
 Reference value :  7.31107e-06
 Reference value :  7.31416e-06
 Reference value :  7.31521e-06
 Reference value :  7.31758e-06
 Reference value :  7.32009e-06
 Reference value :  7.32110e-06
 Reference value :  7.32279e-06
 Reference value :  7.32488e-06
 Reference value :  7.32753e-06
 Reference value :  7.32914e-06
 Reference value :  7.33117e-06
 Reference value :  7.33420e-06
 Reference value :  7.33529e-06
 Reference value :  7.33729e-06
 Reference value :  7.33921e-06
 Reference value :  7.34077e-06
 Reference value :  7.34156e-06
 Reference value :  7.34257e-06
 Reference value :  7.34364e-06
 Reference value :  7.34443e-06
 Reference value :  7.34742e-06
 Reference value :  7.34835e-06
 Reference value :  7.35058e-06
 Reference value :  7.35253e-06
 Reference value :  7.35447e-06
 Reference value :  7.35728e-06
 Reference value :  7.35984e-06
 Reference value :  7.36090e-06
 Reference value :  7.36179e-06
 Reference value :  7.36419e-06
 Reference value :  7.36704e-06
 Reference value :  7.36823e-06
 Reference value :  7.37090e-06
 Reference value :  7.37409e-06
 Reference value :  7.37507e-06
 Reference value :  7.37609e-06
 Reference value :  7.37795e-06
 Reference value :  7.38035e-06
 Reference value :  7.38115e-06
 Reference value :  7.38199e-06
 Reference value :  7.38288e-06
 Reference value :  7.38403e-06
 Reference value :  7.38547e-06
 Reference value :  7.38782e-06
 Reference value :  7.38891e-06
 Reference value :  7.39105e-06
 Reference value :  7.39421e-06
 Reference value :  7.39556e-06
 Reference value :  7.39772e-06
 Reference value :  7.40034e-06
 Reference value :  7.40114e-06
 Reference value :  7.40232e-06
 Reference value :  7.40447e-06
 Reference value :  7.40753e-06
 Reference value :  7.40895e-06
 Reference value :  7.41103e-06
 Reference value :  7.41407e-06
 Reference value :  7.41500e-06
 Reference value :  7.41633e-06
 Reference value :  7.41804e-06
 Reference value :  7.42045e-06
 Reference value :  7.42128e-06
 Reference value :  7.42224e-06
 Reference value :  7.42343e-06
 Reference value :  7.42446e-06
 Reference value :  7.42738e-06
 Reference value :  7.42840e-06
 Reference value :  7.43073e-06
 Reference value :  7.43275e-06
 Reference value :  7.43480e-06
 Reference value :  7.43767e-06
 Reference value :  7.44033e-06
 Reference value :  7.44124e-06
 Reference value :  7.44258e-06
 Reference value :  7.44468e-06
 Reference value :  7.44760e-06
 Reference value :  7.44917e-06
 Reference value :  7.45113e-06
 Reference value :  7.45417e-06
 Reference value :  7.45514e-06
 Reference value :  7.45622e-06
 Reference value :  7.45771e-06
 Reference value :  7.46035e-06
 Reference value :  7.46124e-06
 Reference value :  7.46224e-06
 Reference value :  7.46322e-06
 Reference value :  7.46422e-06
 Reference value :  7.46662e-06
 Reference value :  7.46818e-06
 Reference value :  7.47061e-06
 Reference value :  7.47289e-06
 Reference value :  7.47477e-06
 Reference value :  7.47766e-06
 Reference value :  7.48040e-06
 Reference value :  7.48127e-06
 Reference value :  7.48339e-06
 Reference value :  7.48588e-06
 Reference value :  7.48797e-06
 Reference value :  7.49073e-06
 Reference value :  7.49338e-06
 Reference value :  7.49495e-06
 Reference value :  7.49658e-06
 Reference value :  7.49895e-06
 Reference value :  7.50072e-06
 Reference value :  7.50158e-06
 Reference value :  7.50261e-06
 Reference value :  7.50372e-06
 Reference value :  7.50482e-06
 Reference value :  7.50770e-06
 Reference value :  7.50897e-06
 Reference value :  7.51161e-06
 Reference value :  7.51426e-06
 Reference value :  7.51666e-06
 Reference value :  7.51893e-06
 Reference value :  7.52081e-06
 Reference value :  7.52177e-06
 Reference value :  7.52426e-06
 Reference value :  7.52747e-06
 Reference value :  7.52903e-06
 Reference value :  7.53168e-06
 Reference value :  7.53441e-06
 Reference value :  7.53541e-06
 Reference value :  7.53723e-06
 Reference value :  7.53945e-06
 Reference value :  7.54080e-06
 Reference value :  7.54171e-06
 Reference value :  7.54266e-06
 Reference value :  7.54381e-06
 Reference value :  7.54514e-06
 Reference value :  7.54772e-06
 Reference value :  7.54912e-06
 Reference value :  7.55166e-06
 Reference value :  7.55445e-06
 Reference value :  7.55706e-06
 Reference value :  7.55920e-06
 Reference value :  7.56085e-06
 Reference value :  7.56182e-06
 Reference value :  7.56462e-06
 Reference value :  7.56754e-06
 Reference value :  7.56991e-06
 Reference value :  7.57238e-06
 Reference value :  7.57460e-06
 Reference value :  7.57552e-06
 Reference value :  7.57775e-06
 Reference value :  7.58031e-06
 Reference value :  7.58116e-06
 Reference value :  7.58219e-06
 Reference value :  7.58328e-06
 Reference value :  7.58423e-06
 Reference value :  7.58725e-06
 Reference value :  7.58820e-06
 Reference value :  7.59057e-06
 Reference value :  7.59243e-06
 Reference value :  7.59460e-06
 Reference value :  7.59737e-06
 Reference value :  7.59963e-06
 Reference value :  7.60088e-06
 Reference value :  7.60188e-06
 Reference value :  7.60421e-06
 Reference value :  7.60729e-06
 Reference value :  7.60853e-06
 Reference value :  7.61101e-06
 Reference value :  7.61407e-06
 Reference value :  7.61500e-06
 Reference value :  7.61595e-06
 Reference value :  7.61743e-06
 Reference value :  7.62013e-06
 Reference value :  7.62089e-06
 Reference value :  7.62192e-06
 Reference value :  7.62286e-06
 Reference value :  7.62400e-06
 Reference value :  7.62582e-06
 Reference value :  7.62771e-06
 Reference value :  7.62868e-06
 Reference value :  7.63100e-06
 Reference value :  7.63406e-06
 Reference value :  7.63526e-06
 Reference value :  7.63755e-06
 Reference value :  7.63993e-06
 Reference value :  7.64088e-06
 Reference value :  7.64182e-06
 Reference value :  7.64438e-06
 Reference value :  7.64747e-06
 Reference value :  7.64861e-06
 Reference value :  7.65095e-06
 Reference value :  7.65406e-06
 Reference value :  7.65505e-06
 Reference value :  7.65690e-06
 Reference value :  7.65852e-06
 Reference value :  7.66056e-06
 Reference value :  7.66134e-06
 Reference value :  7.66229e-06
 Reference value :  7.66336e-06
 Reference value :  7.66447e-06
 Reference value :  7.66731e-06
 Reference value :  7.66818e-06
 Reference value :  7.67024e-06
 Reference value :  7.67248e-06
 Reference value :  7.67439e-06
 Reference value :  7.67644e-06
 Reference value :  7.67835e-06
 Reference value :  7.68061e-06
 Reference value :  7.68159e-06
 Reference value :  7.68405e-06
 Reference value :  7.68642e-06
 Reference value :  7.68791e-06
 Reference value :  7.69070e-06
 Reference value :  7.69268e-06
 Reference value :  7.69460e-06
 Reference value :  7.69552e-06
 Reference value :  7.69725e-06
 Reference value :  7.69899e-06
 Reference value :  7.70061e-06
 Reference value :  7.70130e-06
 Reference value :  7.70219e-06
 Reference value :  7.70306e-06
 Reference value :  7.70403e-06
 Reference value :  7.70587e-06
 Reference value :  7.70793e-06
 Reference value :  7.70915e-06
 Reference value :  7.71128e-06
 Reference value :  7.71423e-06
 Reference value :  7.71595e-06
 Reference value :  7.71781e-06
 Reference value :  7.72048e-06
 Reference value :  7.72134e-06
 Reference value :  7.72327e-06
 Reference value :  7.72573e-06
 Reference value :  7.72776e-06
 Reference value :  7.73041e-06
 Reference value :  7.73208e-06
 Reference value :  7.73439e-06
 Reference value :  7.73541e-06
 Reference value :  7.73765e-06
 Reference value :  7.74020e-06
 Reference value :  7.74092e-06
 Reference value :  7.74199e-06
 Reference value :  7.74287e-06
 Reference value :  7.74392e-06
 Reference value :  7.74514e-06
 Reference value :  7.74755e-06
 Reference value :  7.74851e-06
 Reference value :  7.75091e-06
 Reference value :  7.75374e-06
 Reference value :  7.75474e-06
 Reference value :  7.75745e-06
 Reference value :  7.75979e-06
 Reference value :  7.76091e-06
 Reference value :  7.76182e-06
 Reference value :  7.76432e-06
 Reference value :  7.76742e-06
 Reference value :  7.76860e-06
 Reference value :  7.77089e-06
 Reference value :  7.77337e-06
 Reference value :  7.77488e-06
 Reference value :  7.77584e-06
 Reference value :  7.77674e-06
 Reference value :  7.77896e-06
 Reference value :  7.78061e-06
 Reference value :  7.78135e-06
 Reference value :  7.78234e-06
 Reference value :  7.78340e-06
 Reference value :  7.78429e-06
 Reference value :  7.78702e-06
 Reference value :  7.78824e-06
 Reference value :  7.79061e-06
 Reference value :  7.79292e-06
 Reference value :  7.79473e-06
 Reference value :  7.79751e-06
 Reference value :  7.80012e-06
 Reference value :  7.80114e-06
 Reference value :  7.80288e-06
 Reference value :  7.80488e-06
 Reference value :  7.80765e-06
 Reference value :  7.80985e-06
 Reference value :  7.81187e-06
 Reference value :  7.81433e-06
 Reference value :  7.81526e-06
 Reference value :  7.81735e-06
 Reference value :  7.81949e-06
 Reference value :  7.82076e-06
 Reference value :  7.82152e-06
 Reference value :  7.82255e-06
 Reference value :  7.82364e-06
 Reference value :  7.82459e-06
 Reference value :  7.82754e-06
 Reference value :  7.82852e-06
 Reference value :  7.83087e-06
 Reference value :  7.83363e-06
 Reference value :  7.83498e-06
 Reference value :  7.83756e-06
 Reference value :  7.84005e-06
 Reference value :  7.84100e-06
 Reference value :  7.84207e-06
 Reference value :  7.84438e-06
 Reference value :  7.84748e-06
 Reference value :  7.84890e-06
 Reference value :  7.85102e-06
 Reference value :  7.85407e-06
 Reference value :  7.85523e-06
 Reference value :  7.85608e-06
 Reference value :  7.85827e-06
 Reference value :  7.86045e-06
 Reference value :  7.86130e-06
 Reference value :  7.86224e-06
 Reference value :  7.86320e-06
 Reference value :  7.86405e-06
 Reference value :  7.86586e-06
 Reference value :  7.86779e-06
 Reference value :  7.86893e-06
 Reference value :  7.87129e-06
 Reference value :  7.87425e-06
 Reference value :  7.87645e-06
 Reference value :  7.87818e-06
 Reference value :  7.88056e-06
 Reference value :  7.88148e-06
 Reference value :  7.88387e-06
 Reference value :  7.88623e-06
 Reference value :  7.88797e-06
 Reference value :  7.89075e-06
 Reference value :  7.89316e-06
 Reference value :  7.89484e-06
 Reference value :  7.89580e-06
 Reference value :  7.89769e-06
 Reference value :  7.90023e-06
 Reference value :  7.90112e-06
 Reference value :  7.90213e-06
 Reference value :  7.90314e-06
 Reference value :  7.90408e-06
 Reference value :  7.90614e-06
 Reference value :  7.90794e-06
 Reference value :  7.90997e-06
 Reference value :  7.91222e-06
 Reference value :  7.91453e-06
 Reference value :  7.91724e-06
 Reference value :  7.91939e-06
 Reference value :  7.92086e-06
 Reference value :  7.92171e-06
 Reference value :  7.92422e-06
 Reference value :  7.92730e-06
 Reference value :  7.92847e-06
 Reference value :  7.93093e-06
 Reference value :  7.93405e-06
 Reference value :  7.93508e-06
 Reference value :  7.93604e-06
 Reference value :  7.93750e-06
 Reference value :  7.94007e-06
 Reference value :  7.94097e-06
 Reference value :  7.94198e-06
 Reference value :  7.94286e-06
 Reference value :  7.94400e-06
 Reference value :  7.94593e-06
 Reference value :  7.94788e-06
 Reference value :  7.94882e-06
 Reference value :  7.95099e-06
 Reference value :  7.95420e-06
 Reference value :  7.95606e-06
 Reference value :  7.95863e-06
 Reference value :  7.96081e-06
 Reference value :  7.96167e-06
 Reference value :  7.96422e-06
 Reference value :  7.96747e-06
 Reference value :  7.96901e-06
 Reference value :  7.97118e-06
 Reference value :  7.97421e-06
 Reference value :  7.97528e-06
 Reference value :  7.97743e-06
 Reference value :  7.98003e-06
 Reference value :  7.98113e-06
 Reference value :  7.98213e-06
 Reference value :  7.98320e-06
 Reference value :  7.98419e-06
 Reference value :  7.98705e-06
 Reference value :  7.98823e-06
 Reference value :  7.99067e-06
 Reference value :  7.99292e-06
 Reference value :  7.99478e-06
 Reference value :  7.99749e-06
No. of Data Rows : 75656

  Measurements for Transient Analysis

phi_a               =  1.08112e-09 targ=  2.54118e-06 trig=  2.54010e-06
phi_b               =  8.88793e-10 targ=  7.62099e-06 trig=  7.62010e-06
dphi                =  -1.92330e-10
ferr                =  3.78602e-05
tclk160             =  1.06667e-06 targ=  3.58761e-06 trig=  2.52094e-06
fout                =  1.49999e+08
tfb20               =  7.99996e-07 targ=  3.34118e-06 trig=  2.54118e-06
ffb                 =  2.50001e+07
nmeas               =  5.99994e+00
lock_lvl            =  2.81545e+00 from=  2.52000e-06 to=  7.60003e-06
up_lvl              =  2.02244e-01 from=  2.52000e-06 to=  7.60003e-06
dn_lvl              =  1.28595e-01 from=  2.52000e-06 to=  7.60003e-06

ngspice-46 done

Warning: m=xx on .subckt line will override multiplier m hierarchy!

Note: Starting dynamic gmin stepping
Warning: Dynamic gmin stepping failed
Note: Starting true gmin stepping
Note: True gmin stepping completed
