======== pushing sweep, band 0, Vctrl 1.8 V (typical_27c_3.30v) ========
* GENERATED by simenv.sh -- do not edit; edit /Users/rwalters/GitHub/gf180-pll/.loom/worktrees/issue-8/sim/vco-tuning-range/testbench/tb_vco_pushing.sp instead
* tag=push_typical_T27_B0_V1p8 libs=typical,res_typical,moscap_typical temp=27C
.include "/Users/rwalters/.volare/gf180mcuD/libs.tech/ngspice/design.ngspice"
.lib "/Users/rwalters/.volare/gf180mcuD/libs.tech/ngspice/sm141064.ngspice" typical
.lib "/Users/rwalters/.volare/gf180mcuD/libs.tech/ngspice/sm141064.ngspice" res_typical
.lib "/Users/rwalters/.volare/gf180mcuD/libs.tech/ngspice/sm141064.ngspice" moscap_typical
.temp 27
.param sim_temp=27
.param vsup=3.30
.param vctrl=1.8
.param b0=0
.param b1=0
.param b2=0
.param tsettle=6.01617e-07
.param tstop=1.65445e-06
.param tstep=1.48078e-09
.param tmax=1.48078e-09
.include "/Users/rwalters/GitHub/gf180-pll/.loom/worktrees/issue-8/sim/vco-tuning-range/testbench/tb_vco_pushing.sp"
.end

======== ngspice output ========

Note: Compatibility modes selected: hs a

Warning: m=xx on .subckt line will override multiplier m hierarchy!


Circuit: * generated by simenv.sh -- do not edit; edit /users/rwalters/github/gf180-pll/.loom/worktrees/issue-8/sim/vco-tuning-range/testbench/tb_vco_pushing.sp instead

Doing analysis at TEMP = 27.000000 and TNOM = 27.000000

Using SPARSE 1.3 as Direct Linear Solver

Initial Transient Solution
--------------------------

Node                                   Voltage
----                                   -------
vctl                                       1.8
n1                                        2.97
m1                                        2.97
q1a                                          0
q1b                                          0
q1c                                          0
x1.xbias.na                           0.937711
x1.xbias.vbpc                          2.00314
x1.xbias.nc                           0.118758
x1.xbias.xrcg.11                      0.118533
x1.xbias.xrcg.21                    0.00022505
x1.xbias.nsu                        0.00993799
x1.xbias.vfix                          1.75256
x1.xbias.nmd                          0.754001
x1.xbias.vbp0                          2.09029
x1.xbias.noff                         0.762416
x1.xbias.xroff.11                     0.762163
x1.xbias.xroff.21                  0.000252708
x1.xbias.nvi                          0.797039
x1.xbias.xrdeg.11                     0.796774
x1.xbias.xrdeg.21                  0.000264184
x1.xbias.b0b                              2.97
x1.xbias.b1b                              2.97
x1.xbias.b2b                              2.97
x1.xbias.vbn1                         0.738372
x1.xbias.ga                               2.97
x1.xbias.vbp2                          2.11489
x1.xbias.gb                        1.51214e-11
x1.vbn                                0.698999
x1.xbias.gc                               2.97
x1.vbp                                 2.14353
x1.xs1.nh                              1.14869
x1.y1                                        0
x1.y5                                        0
x1.xs1.nt                          1.35589e-98
x1.xs2.nh                                 2.97
x1.y2                                     2.97
x1.xs2.nt                          2.44171e-08
x1.xs3.nh                                 2.97
x1.y3                                        0
x1.xs3.nt                        -3.53565e-182
x1.xs4.nh                                 2.97
x1.y4                                     2.97
x1.xs4.nt                          2.44171e-08
x1.xs5.nh                                 2.97
x1.xs5.nt                        -3.53565e-182
x1.nb1                                    2.97
x1.nb2                             3.40312e-09
clk1                                      2.97
x1.xcdec1.c_moscap_int1                  -2.97
x1.xcdec2.c_moscap_int1                  -2.97
n2                                        3.08
m2                                        3.08
q2a                                          0
q2b                                          0
q2c                                          0
x2.xbias.na                           0.938696
x2.xbias.vbpc                          2.11256
x2.xbias.nc                           0.119378
x2.xbias.xrcg.11                      0.119152
x2.xbias.xrcg.21                   0.000226226
x2.xbias.nsu                         0.0109178
x2.xbias.vfix                          1.75373
x2.xbias.nmd                          0.754515
x2.xbias.vbp0                          2.20024
x2.xbias.noff                         0.763454
x2.xbias.xroff.11                     0.763201
x2.xbias.xroff.21                  0.000253052
x2.xbias.nvi                          0.797225
x2.xbias.xrdeg.11                     0.796961
x2.xbias.xrdeg.21                  0.000264246
x2.xbias.b0b                              3.08
x2.xbias.b1b                              3.08
x2.xbias.b2b                              3.08
x2.xbias.vbn1                         0.738525
x2.xbias.ga                               3.08
x2.xbias.vbp2                          2.22444
x2.xbias.gb                         1.4796e-11
x2.vbn                                 0.69944
x2.xbias.gc                               3.08
x2.vbp                                  2.2524
x2.xs1.nh                              1.16328
x2.y1                                        0
x2.y5                                        0
x2.xs1.nt                          2.72972e-98
x2.xs2.nh                                 3.08
x2.y2                                     3.08
x2.xs2.nt                          2.65107e-08
x2.xs3.nh                                 3.08
x2.y3                                        0
x2.xs3.nt                        -3.36978e-182
x2.xs4.nh                                 3.08
x2.y4                                     3.08
x2.xs4.nt                          2.65107e-08
x2.xs5.nh                                 3.08
x2.xs5.nt                        -3.36978e-182
x2.nb1                                    3.08
x2.nb2                             3.50032e-09
clk2                                      3.08
x2.xcdec1.c_moscap_int1                  -3.08
x2.xcdec2.c_moscap_int1                  -3.08
n3                                        3.19
m3                                        3.19
q3a                                          0
q3b                                          0
q3c                                          0
x3.xbias.na                           0.939678
x3.xbias.vbpc                          2.22198
x3.xbias.nc                           0.119996
x3.xbias.xrcg.11                      0.119769
x3.xbias.xrcg.21                   0.000227397
x3.xbias.nsu                         0.0119429
x3.xbias.vfix                          1.75488
x3.xbias.nmd                          0.755021
x3.xbias.vbp0                          2.31018
x3.xbias.noff                         0.764478
x3.xbias.xroff.11                     0.764224
x3.xbias.xroff.21                  0.000253392
x3.xbias.nvi                           0.79741
x3.xbias.xrdeg.11                     0.797146
x3.xbias.xrdeg.21                  0.000264307
x3.xbias.b0b                              3.19
x3.xbias.b1b                              3.19
x3.xbias.b2b                              3.19
x3.xbias.vbn1                         0.738676
x3.xbias.ga                               3.19
x3.xbias.vbp2                          2.33399
x3.xbias.gb                        1.45052e-11
x3.vbn                                0.699883
x3.xbias.gc                               3.19
x3.vbp                                 2.36128
x3.xs1.nh                              1.17752
x3.y1                                        0
x3.y5                                        0
x3.xs1.nt                          -1.0127e-47
x3.xs2.nh                                 3.19
x3.y2                                     3.19
x3.xs2.nt                          2.87882e-08
x3.xs3.nh                                 3.19
x3.y3                                        0
x3.xs3.nt                         -5.41589e-88
x3.xs4.nh                                 3.19
x3.y4                                     3.19
x3.xs4.nt                          2.87882e-08
x3.xs5.nh                                 3.19
x3.xs5.nt                         -5.41589e-88
x3.nb1                                    3.19
x3.nb2                             3.61701e-09
clk3                                      3.19
x3.xcdec1.c_moscap_int1                  -3.19
x3.xcdec2.c_moscap_int1                  -3.19
n4                                         3.3
m4                                         3.3
q4a                                          0
q4b                                          0
q4c                                          0
x4.xbias.na                           0.940667
x4.xbias.vbpc                          2.33139
x4.xbias.nc                           0.120618
x4.xbias.xrcg.11                      0.120389
x4.xbias.xrcg.21                   0.000228576
x4.xbias.nsu                         0.0130128
x4.xbias.vfix                          1.75603
x4.xbias.nmd                          0.755526
x4.xbias.vbp0                          2.42012
x4.xbias.noff                         0.765497
x4.xbias.xroff.11                     0.765243
x4.xbias.xroff.21                   0.00025373
x4.xbias.nvi                          0.797592
x4.xbias.xrdeg.11                     0.797328
x4.xbias.xrdeg.21                  0.000264368
x4.xbias.b0b                               3.3
x4.xbias.b1b                               3.3
x4.xbias.b2b                               3.3
x4.xbias.vbn1                         0.738825
x4.xbias.ga                                3.3
x4.xbias.vbp2                          2.44353
x4.xbias.gb                        1.42444e-11
x4.vbn                                0.700332
x4.xbias.gc                                3.3
x4.vbp                                 2.47013
x4.xs1.nh                              1.19142
x4.y1                                        0
x4.y5                                        0
x4.xs1.nt                          2.43548e-91
x4.xs2.nh                                  3.3
x4.y2                                      3.3
x4.xs2.nt                            3.127e-08
x4.xs3.nh                                  3.3
x4.y3                                        0
x4.xs3.nt                         5.49327e-319
x4.xs4.nh                                  3.3
x4.y4                                      3.3
x4.xs4.nt                            3.127e-08
x4.xs5.nh                                  3.3
x4.xs5.nt                         5.49762e-319
x4.nb1                                     3.3
x4.nb2                             3.75871e-09
clk4                                       3.3
x4.xcdec1.c_moscap_int1                   -3.3
x4.xcdec2.c_moscap_int1                   -3.3
n5                                        3.41
m5                                        3.41
q5a                                          0
q5b                                          0
q5c                                          0
x5.xbias.na                            0.94168
x5.xbias.vbpc                          2.44078
x5.xbias.nc                           0.121252
x5.xbias.xrcg.11                      0.121022
x5.xbias.xrcg.21                   0.000229777
x5.xbias.nsu                         0.0141264
x5.xbias.vfix                          1.75719
x5.xbias.nmd                          0.756038
x5.xbias.vbp0                          2.53006
x5.xbias.noff                         0.766526
x5.xbias.xroff.11                     0.766272
x5.xbias.xroff.21                  0.000254071
x5.xbias.nvi                          0.797772
x5.xbias.xrdeg.11                     0.797508
x5.xbias.xrdeg.21                  0.000264427
x5.xbias.b0b                              3.41
x5.xbias.b1b                              3.41
x5.xbias.b2b                              3.41
x5.xbias.vbn1                         0.738975
x5.xbias.ga                               3.41
x5.xbias.vbp2                          2.55306
x5.xbias.gb                        1.40101e-11
x5.vbn                                0.700793
x5.xbias.gc                               3.41
x5.vbp                                 2.57897
x5.xs1.nh                              1.20501
x5.y1                                        0
x5.y5                                        0
x5.xs1.nt                        -4.06797e-113
x5.xs2.nh                                 3.41
x5.y2                                     3.41
x5.xs2.nt                          3.39801e-08
x5.xs3.nh                                 3.41
x5.y3                                        0
x5.xs3.nt                        -4.05469e-197
x5.xs4.nh                                 3.41
x5.y4                                     3.41
x5.xs4.nt                          3.39801e-08
x5.xs5.nh                                 3.41
x5.xs5.nt                        -4.05469e-197
x5.nb1                                    3.41
x5.nb2                             3.93212e-09
clk5                                      3.41
x5.xcdec1.c_moscap_int1                  -3.41
x5.xcdec2.c_moscap_int1                  -3.41
n6                                        3.52
m6                                        3.52
q6a                                          0
q6b                                          0
q6c                                          0
x6.xbias.na                           0.942738
x6.xbias.vbpc                          2.55014
x6.xbias.nc                           0.121907
x6.xbias.xrcg.11                      0.121676
x6.xbias.xrcg.21                   0.000231019
x6.xbias.nsu                         0.0152825
x6.xbias.vfix                          1.75839
x6.xbias.nmd                          0.756566
x6.xbias.vbp0                             2.64
x6.xbias.noff                         0.767581
x6.xbias.xroff.11                     0.767326
x6.xbias.xroff.21                   0.00025442
x6.xbias.nvi                           0.79795
x6.xbias.xrdeg.11                     0.797686
x6.xbias.xrdeg.21                  0.000264486
x6.xbias.b0b                              3.52
x6.xbias.b1b                              3.52
x6.xbias.b2b                              3.52
x6.xbias.vbn1                         0.739128
x6.xbias.ga                               3.52
x6.xbias.vbp2                          2.66256
x6.xbias.gb                        1.37988e-11
x6.vbn                                0.701273
x6.xbias.gc                               3.52
x6.vbp                                 2.68776
x6.xs1.nh                              1.21831
x6.y1                                        0
x6.y5                                        0
x6.xs1.nt                         -4.6391e-113
x6.xs2.nh                                 3.52
x6.y2                                     3.52
x6.xs2.nt                          3.69463e-08
x6.xs3.nh                                 3.52
x6.y3                                        0
x6.xs3.nt                         4.62641e-211
x6.xs4.nh                                 3.52
x6.y4                                     3.52
x6.xs4.nt                          3.69463e-08
x6.xs5.nh                                 3.52
x6.xs5.nt                         4.62641e-211
x6.nb1                                    3.52
x6.nb2                              4.1452e-09
clk6                                      3.52
x6.xcdec1.c_moscap_int1                  -3.52
x6.xcdec2.c_moscap_int1                  -3.52
n7                                        3.63
m7                                        3.63
q7a                                          0
q7b                                          0
q7c                                          0
x7.xbias.na                           0.943865
x7.xbias.vbpc                          2.65945
x7.xbias.nc                           0.122598
x7.xbias.xrcg.11                      0.122366
x7.xbias.xrcg.21                   0.000232328
x7.xbias.nsu                         0.0164788
x7.xbias.vfix                          1.75966
x7.xbias.nmd                          0.757122
x7.xbias.vbp0                          2.74993
x7.xbias.noff                          0.76868
x7.xbias.xroff.11                     0.768425
x7.xbias.xroff.21                  0.000254785
x7.xbias.nvi                          0.798127
x7.xbias.xrdeg.11                     0.797863
x7.xbias.xrdeg.21                  0.000264545
x7.xbias.b0b                              3.63
x7.xbias.b1b                              3.63
x7.xbias.b2b                              3.63
x7.xbias.vbn1                         0.739286
x7.xbias.ga                               3.63
x7.xbias.vbp2                          2.77203
x7.xbias.gb                        1.36084e-11
x7.vbn                                 0.70178
x7.xbias.gc                               3.63
x7.vbp                                  2.7965
x7.xs1.nh                              1.23135
x7.y1                                        0
x7.y5                                        0
x7.xs1.nt                         -1.48739e-17
x7.xs2.nh                                 3.63
x7.y2                                     3.63
x7.xs2.nt                          4.02007e-08
x7.xs3.nh                                 3.63
x7.y3                                        0
x7.xs3.nt                         -8.19547e-34
x7.xs4.nh                                 3.63
x7.y4                                     3.63
x7.xs4.nt                          4.02007e-08
x7.xs5.nh                                 3.63
x7.xs5.nt                         -8.19547e-34
x7.nb1                                    3.63
x7.nb2                             4.40717e-09
clk7                                      3.63
x7.xcdec1.c_moscap_int1                  -3.63
x7.xcdec2.c_moscap_int1                  -3.63
e.x7.xcdec2.ec_moscap#branch                 0
e.x7.xcdec1.ec_moscap#branch                 0
e.x6.xcdec2.ec_moscap#branch                 0
e.x6.xcdec1.ec_moscap#branch                 0
e.x5.xcdec2.ec_moscap#branch                 0
e.x5.xcdec1.ec_moscap#branch                 0
e.x4.xcdec2.ec_moscap#branch                 0
e.x4.xcdec1.ec_moscap#branch                 0
e.x3.xcdec2.ec_moscap#branch                 0
e.x3.xcdec1.ec_moscap#branch                 0
e.x2.xcdec2.ec_moscap#branch                 0
e.x2.xcdec1.ec_moscap#branch                 0
e.x1.xcdec2.ec_moscap#branch                 0
e.x1.xcdec1.ec_moscap#branch                 0
vq7c#branch                                  0
vq7b#branch                                  0
vq7a#branch                                  0
vam7#branch                        5.07267e-05
v7#branch                         -5.07267e-05
vq6c#branch                                  0
vq6b#branch                                  0
vq6a#branch                                  0
vam6#branch                         5.0315e-05
v6#branch                          -5.0315e-05
vq5c#branch                                  0
vq5b#branch                                  0
vq5a#branch                                  0
vam5#branch                        4.99263e-05
v5#branch                         -4.99263e-05
vq4c#branch                                  0
vq4b#branch                                  0
vq4a#branch                                  0
vam4#branch                        4.95545e-05
v4#branch                         -4.95545e-05
vq3c#branch                                  0
vq3b#branch                                  0
vq3a#branch                                  0
vam3#branch                        4.91949e-05
v3#branch                         -4.91949e-05
vq2c#branch                                  0
vq2b#branch                                  0
vq2a#branch                                  0
vam2#branch                        4.88438e-05
v2#branch                         -4.88438e-05
vq1c#branch                                  0
vq1b#branch                                  0
vq1a#branch                                  0
vam1#branch                        4.84984e-05
v1#branch                         -4.84984e-05
vc#branch                                    0


No. of Data Rows : 1598

  Measurements for Transient Analysis

tp1                 =  5.49898e-07 targ=  1.23756e-06 trig=  6.87663e-07
tp2                 =  5.71698e-07 targ=  1.28679e-06 trig=  7.15092e-07
tp3                 =  5.93112e-07 targ=  1.33409e-06 trig=  7.40975e-07
tp4                 =  6.12306e-07 targ=  1.22584e-06 trig=  6.13532e-07
tp5                 =  6.32190e-07 targ=  1.26359e-06 trig=  6.31396e-07
tp6                 =  6.49037e-07 targ=  1.29848e-06 trig=  6.49441e-07
tp7                 =  6.65032e-07 targ=  1.33082e-06 trig=  6.65783e-07
f1                  =  7.27408e+06
f2                  =  6.99670e+06
f3                  =  6.74409e+06
f4                  =  6.53268e+06
f5                  =  6.32721e+06
f6                  =  6.16298e+06
f7                  =  6.01474e+06
i1                  =  6.01045e-05 from=  6.01617e-07 to=  1.65445e-06
i2                  =  6.15842e-05 from=  6.01617e-07 to=  1.65445e-06
i3                  =  6.27039e-05 from=  6.01617e-07 to=  1.65445e-06
i4                  =  6.31083e-05 from=  6.01617e-07 to=  1.65445e-06
i5                  =  6.58933e-05 from=  6.01617e-07 to=  1.65445e-06
i6                  =  6.68689e-05 from=  6.01617e-07 to=  1.65445e-06
i7                  =  6.90181e-05 from=  6.01617e-07 to=  1.65445e-06


Total analysis time (seconds) = 224.492

Total elapsed time (seconds) = 231.969 

Total DRAM available = 98304.000 MB.
DRAM currently available = 14090.781 MB.
Maximum ngspice program size =   23.859 MB.
Current ngspice program size =   23.859 MB.


======== pushing sweep, band 4, Vctrl 1.8 V (typical_27c_3.30v) ========
* GENERATED by simenv.sh -- do not edit; edit /Users/rwalters/GitHub/gf180-pll/.loom/worktrees/issue-8/sim/vco-tuning-range/testbench/tb_vco_pushing.sp instead
* tag=push_typical_T27_B4_V1p8 libs=typical,res_typical,moscap_typical temp=27C
.include "/Users/rwalters/.volare/gf180mcuD/libs.tech/ngspice/design.ngspice"
.lib "/Users/rwalters/.volare/gf180mcuD/libs.tech/ngspice/sm141064.ngspice" typical
.lib "/Users/rwalters/.volare/gf180mcuD/libs.tech/ngspice/sm141064.ngspice" res_typical
.lib "/Users/rwalters/.volare/gf180mcuD/libs.tech/ngspice/sm141064.ngspice" moscap_typical
.temp 27
.param sim_temp=27
.param vsup=3.30
.param vctrl=1.8
.param b0=0
.param b1=0
.param b2=1
.param tsettle=8.11678e-08
.param tstop=2.23212e-07
.param tstep=1.99782e-10
.param tmax=1.99782e-10
.include "/Users/rwalters/GitHub/gf180-pll/.loom/worktrees/issue-8/sim/vco-tuning-range/testbench/tb_vco_pushing.sp"
.end

======== ngspice output ========

Note: Compatibility modes selected: hs a

Warning: m=xx on .subckt line will override multiplier m hierarchy!


Circuit: * generated by simenv.sh -- do not edit; edit /users/rwalters/github/gf180-pll/.loom/worktrees/issue-8/sim/vco-tuning-range/testbench/tb_vco_pushing.sp instead

Doing analysis at TEMP = 27.000000 and TNOM = 27.000000

Using SPARSE 1.3 as Direct Linear Solver

Initial Transient Solution
--------------------------

Node                                   Voltage
----                                   -------
vctl                                       1.8
n1                                        2.97
m1                                        2.97
q1a                                          0
q1b                                          0
q1c                                       2.97
x1.xbias.na                           0.937711
x1.xbias.vbpc                          2.00314
x1.xbias.nc                           0.118758
x1.xbias.xrcg.11                      0.118533
x1.xbias.xrcg.21                    0.00022505
x1.xbias.nsu                        0.00993799
x1.xbias.vfix                          1.75256
x1.xbias.nmd                          0.754001
x1.xbias.vbp0                          2.09029
x1.xbias.noff                         0.762416
x1.xbias.xroff.11                     0.762163
x1.xbias.xroff.21                  0.000252708
x1.xbias.nvi                          0.797039
x1.xbias.xrdeg.11                     0.796774
x1.xbias.xrdeg.21                  0.000264184
x1.xbias.b0b                              2.97
x1.xbias.b1b                              2.97
x1.xbias.b2b                       5.04134e-09
x1.xbias.vbn1                         0.738372
x1.xbias.ga                               2.97
x1.xbias.vbp2                          2.11489
x1.xbias.gb                        1.51214e-11
x1.vbn                                0.841426
x1.xbias.gc                            2.11489
x1.vbp                                 1.98563
x1.xs1.nh                              1.28471
x1.y1                                        0
x1.y5                                        0
x1.xs1.nt                          1.15644e-13
x1.xs2.nh                                 2.97
x1.y2                                     2.97
x1.xs2.nt                          6.25064e-09
x1.xs3.nh                                 2.97
x1.y3                                        0
x1.xs3.nt                         -4.27868e-17
x1.xs4.nh                                 2.97
x1.y4                                     2.97
x1.xs4.nt                          6.25064e-09
x1.xs5.nh                                 2.97
x1.xs5.nt                         -4.27868e-17
x1.nb1                                    2.97
x1.nb2                             3.40312e-09
clk1                                      2.97
x1.xcdec1.c_moscap_int1                  -2.97
x1.xcdec2.c_moscap_int1                  -2.97
n2                                        3.08
m2                                        3.08
q2a                                          0
q2b                                          0
q2c                                       3.08
x2.xbias.na                           0.938696
x2.xbias.vbpc                          2.11256
x2.xbias.nc                           0.119378
x2.xbias.xrcg.11                      0.119152
x2.xbias.xrcg.21                   0.000226226
x2.xbias.nsu                         0.0109178
x2.xbias.vfix                          1.75373
x2.xbias.nmd                          0.754515
x2.xbias.vbp0                          2.20024
x2.xbias.noff                         0.763454
x2.xbias.xroff.11                     0.763201
x2.xbias.xroff.21                  0.000253052
x2.xbias.nvi                          0.797225
x2.xbias.xrdeg.11                     0.796961
x2.xbias.xrdeg.21                  0.000264246
x2.xbias.b0b                              3.08
x2.xbias.b1b                              3.08
x2.xbias.b2b                       5.15433e-09
x2.xbias.vbn1                         0.738525
x2.xbias.ga                               3.08
x2.xbias.vbp2                          2.22444
x2.xbias.gb                         1.4796e-11
x2.vbn                                0.842228
x2.xbias.gc                            2.22444
x2.vbp                                 2.09399
x2.xs1.nh                              1.30034
x2.y1                                        0
x2.y5                                        0
x2.xs1.nt                          -2.7698e-18
x2.xs2.nh                                 3.08
x2.y2                                     3.08
x2.xs2.nt                           6.7992e-09
x2.xs3.nh                                 3.08
x2.y3                                        0
x2.xs3.nt                         -8.03093e-19
x2.xs4.nh                                 3.08
x2.y4                                     3.08
x2.xs4.nt                           6.7992e-09
x2.xs5.nh                                 3.08
x2.xs5.nt                         -8.03093e-19
x2.nb1                                    3.08
x2.nb2                             3.50032e-09
clk2                                      3.08
x2.xcdec1.c_moscap_int1                  -3.08
x2.xcdec2.c_moscap_int1                  -3.08
n3                                        3.19
m3                                        3.19
q3a                                          0
q3b                                          0
q3c                                       3.19
x3.xbias.na                           0.939678
x3.xbias.vbpc                          2.22198
x3.xbias.nc                           0.119996
x3.xbias.xrcg.11                      0.119769
x3.xbias.xrcg.21                   0.000227397
x3.xbias.nsu                         0.0119429
x3.xbias.vfix                          1.75488
x3.xbias.nmd                          0.755021
x3.xbias.vbp0                          2.31018
x3.xbias.noff                         0.764478
x3.xbias.xroff.11                     0.764224
x3.xbias.xroff.21                  0.000253392
x3.xbias.nvi                           0.79741
x3.xbias.xrdeg.11                     0.797146
x3.xbias.xrdeg.21                  0.000264307
x3.xbias.b0b                              3.19
x3.xbias.b1b                              3.19
x3.xbias.b2b                       5.28404e-09
x3.xbias.vbn1                         0.738676
x3.xbias.ga                               3.19
x3.xbias.vbp2                          2.33399
x3.xbias.gb                        1.45052e-11
x3.vbn                                0.843033
x3.xbias.gc                            2.33399
x3.vbp                                 2.20234
x3.xs1.nh                              1.31559
x3.y1                                        0
x3.y5                                        0
x3.xs1.nt                          1.43845e-34
x3.xs2.nh                                 3.19
x3.y2                                     3.19
x3.xs2.nt                          7.39148e-09
x3.xs3.nh                                 3.19
x3.y3                                        0
x3.xs3.nt                          1.76282e-73
x3.xs4.nh                                 3.19
x3.y4                                     3.19
x3.xs4.nt                          7.39148e-09
x3.xs5.nh                                 3.19
x3.xs5.nt                          1.76282e-73
x3.nb1                                    3.19
x3.nb2                             3.61701e-09
clk3                                      3.19
x3.xcdec1.c_moscap_int1                  -3.19
x3.xcdec2.c_moscap_int1                  -3.19
n4                                         3.3
m4                                         3.3
q4a                                          0
q4b                                          0
q4c                                        3.3
x4.xbias.na                           0.940667
x4.xbias.vbpc                          2.33139
x4.xbias.nc                           0.120618
x4.xbias.xrcg.11                      0.120389
x4.xbias.xrcg.21                   0.000228576
x4.xbias.nsu                         0.0130128
x4.xbias.vfix                          1.75603
x4.xbias.nmd                          0.755526
x4.xbias.vbp0                          2.42012
x4.xbias.noff                         0.765497
x4.xbias.xroff.11                     0.765243
x4.xbias.xroff.21                   0.00025373
x4.xbias.nvi                          0.797592
x4.xbias.xrdeg.11                     0.797328
x4.xbias.xrdeg.21                  0.000264368
x4.xbias.b0b                               3.3
x4.xbias.b1b                               3.3
x4.xbias.b2b                        5.4347e-09
x4.xbias.vbn1                         0.738825
x4.xbias.ga                                3.3
x4.xbias.vbp2                          2.44353
x4.xbias.gb                        1.42444e-11
x4.vbn                                0.843848
x4.xbias.gc                            2.44353
x4.vbp                                 2.31068
x4.xs1.nh                              1.33048
x4.y1                                        0
x4.y5                                        0
x4.xs1.nt                          5.11042e-34
x4.xs2.nh                                  3.3
x4.y2                                      3.3
x4.xs2.nt                           8.0377e-09
x4.xs3.nh                                  3.3
x4.y3                                        0
x4.xs3.nt                          7.76433e-60
x4.xs4.nh                                  3.3
x4.y4                                      3.3
x4.xs4.nt                           8.0377e-09
x4.xs5.nh                                  3.3
x4.xs5.nt                          7.76433e-60
x4.nb1                                     3.3
x4.nb2                             3.75871e-09
clk4                                       3.3
x4.xcdec1.c_moscap_int1                   -3.3
x4.xcdec2.c_moscap_int1                   -3.3
n5                                        3.41
m5                                        3.41
q5a                                          0
q5b                                          0
q5c                                       3.41
x5.xbias.na                            0.94168
x5.xbias.vbpc                          2.44078
x5.xbias.nc                           0.121252
x5.xbias.xrcg.11                      0.121022
x5.xbias.xrcg.21                   0.000229777
x5.xbias.nsu                         0.0141264
x5.xbias.vfix                          1.75719
x5.xbias.nmd                          0.756038
x5.xbias.vbp0                          2.53006
x5.xbias.noff                         0.766526
x5.xbias.xroff.11                     0.766272
x5.xbias.xroff.21                  0.000254071
x5.xbias.nvi                          0.797772
x5.xbias.xrdeg.11                     0.797508
x5.xbias.xrdeg.21                  0.000264427
x5.xbias.b0b                              3.41
x5.xbias.b1b                              3.41
x5.xbias.b2b                       5.61151e-09
x5.xbias.vbn1                         0.738975
x5.xbias.ga                               3.41
x5.xbias.vbp2                          2.55306
x5.xbias.gb                        1.40101e-11
x5.vbn                                0.844685
x5.xbias.gc                            2.55306
x5.vbp                                 2.41898
x5.xs1.nh                              1.34505
x5.y1                                        0
x5.y5                                        0
x5.xs1.nt                           2.8231e-36
x5.xs2.nh                                 3.41
x5.y2                                     3.41
x5.xs2.nt                          8.74444e-09
x5.xs3.nh                                 3.41
x5.y3                                        0
x5.xs3.nt                          1.32752e-59
x5.xs4.nh                                 3.41
x5.y4                                     3.41
x5.xs4.nt                          8.74444e-09
x5.xs5.nh                                 3.41
x5.xs5.nt                          1.32752e-59
x5.nb1                                    3.41
x5.nb2                             3.93212e-09
clk5                                      3.41
x5.xcdec1.c_moscap_int1                  -3.41
x5.xcdec2.c_moscap_int1                  -3.41
n6                                        3.52
m6                                        3.52
q6a                                          0
q6b                                          0
q6c                                       3.52
x6.xbias.na                           0.942738
x6.xbias.vbpc                          2.55014
x6.xbias.nc                           0.121907
x6.xbias.xrcg.11                      0.121676
x6.xbias.xrcg.21                   0.000231019
x6.xbias.nsu                         0.0152825
x6.xbias.vfix                          1.75839
x6.xbias.nmd                          0.756566
x6.xbias.vbp0                             2.64
x6.xbias.noff                         0.767581
x6.xbias.xroff.11                     0.767326
x6.xbias.xroff.21                   0.00025442
x6.xbias.nvi                           0.79795
x6.xbias.xrdeg.11                     0.797686
x6.xbias.xrdeg.21                  0.000264486
x6.xbias.b0b                              3.52
x6.xbias.b1b                              3.52
x6.xbias.b2b                       5.82061e-09
x6.xbias.vbn1                         0.739128
x6.xbias.ga                               3.52
x6.xbias.vbp2                          2.66256
x6.xbias.gb                         1.3799e-11
x6.vbn                                0.845555
x6.xbias.gc                            2.66256
x6.vbp                                 2.52722
x6.xs1.nh                              1.35932
x6.y1                                        0
x6.y5                                        0
x6.xs1.nt                         -1.11128e-49
x6.xs2.nh                                 3.52
x6.y2                                     3.52
x6.xs2.nt                          9.51936e-09
x6.xs3.nh                                 3.52
x6.y3                                        0
x6.xs3.nt                          4.01997e-87
x6.xs4.nh                                 3.52
x6.y4                                     3.52
x6.xs4.nt                          9.51936e-09
x6.xs5.nh                                 3.52
x6.xs5.nt                          4.01997e-87
x6.nb1                                    3.52
x6.nb2                              4.1452e-09
clk6                                      3.52
x6.xcdec1.c_moscap_int1                  -3.52
x6.xcdec2.c_moscap_int1                  -3.52
n7                                        3.63
m7                                        3.63
q7a                                          0
q7b                                          0
q7c                                       3.63
x7.xbias.na                           0.943865
x7.xbias.vbpc                          2.65945
x7.xbias.nc                           0.122598
x7.xbias.xrcg.11                      0.122366
x7.xbias.xrcg.21                   0.000232328
x7.xbias.nsu                         0.0164788
x7.xbias.vfix                          1.75966
x7.xbias.nmd                          0.757122
x7.xbias.vbp0                          2.74993
x7.xbias.noff                          0.76868
x7.xbias.xroff.11                     0.768425
x7.xbias.xroff.21                  0.000254785
x7.xbias.nvi                          0.798127
x7.xbias.xrdeg.11                     0.797863
x7.xbias.xrdeg.21                  0.000264545
x7.xbias.b0b                              3.63
x7.xbias.b1b                              3.63
x7.xbias.b2b                        6.0692e-09
x7.xbias.vbn1                         0.739286
x7.xbias.ga                               3.63
x7.xbias.vbp2                          2.77203
x7.xbias.gb                        1.36084e-11
x7.vbn                                0.846475
x7.xbias.gc                            2.77203
x7.vbp                                 2.63538
x7.xs1.nh                              1.37334
x7.y1                                        0
x7.y5                                        0
x7.xs1.nt                           1.0881e-42
x7.xs2.nh                                 3.63
x7.y2                                     3.63
x7.xs2.nt                          1.03714e-08
x7.xs3.nh                                 3.63
x7.y3                                        0
x7.xs3.nt                          5.70713e-88
x7.xs4.nh                                 3.63
x7.y4                                     3.63
x7.xs4.nt                          1.03714e-08
x7.xs5.nh                                 3.63
x7.xs5.nt                          5.70713e-88
x7.nb1                                    3.63
x7.nb2                             4.40717e-09
clk7                                      3.63
x7.xcdec1.c_moscap_int1                  -3.63
x7.xcdec2.c_moscap_int1                  -3.63
e.x7.xcdec2.ec_moscap#branch                 0
e.x7.xcdec1.ec_moscap#branch                 0
e.x6.xcdec2.ec_moscap#branch                 0
e.x6.xcdec1.ec_moscap#branch                 0
e.x5.xcdec2.ec_moscap#branch                 0
e.x5.xcdec1.ec_moscap#branch                 0
e.x4.xcdec2.ec_moscap#branch                 0
e.x4.xcdec1.ec_moscap#branch                 0
e.x3.xcdec2.ec_moscap#branch                 0
e.x3.xcdec1.ec_moscap#branch                 0
e.x2.xcdec2.ec_moscap#branch                 0
e.x2.xcdec1.ec_moscap#branch                 0
e.x1.xcdec2.ec_moscap#branch                 0
e.x1.xcdec1.ec_moscap#branch                 0
vq7c#branch                                  0
vq7b#branch                                  0
vq7a#branch                                  0
vam7#branch                        9.95222e-05
v7#branch                         -9.95222e-05
vq6c#branch                                  0
vq6b#branch                                  0
vq6a#branch                                  0
vam6#branch                        9.84539e-05
v6#branch                         -9.84539e-05
vq5c#branch                                  0
vq5b#branch                                  0
vq5a#branch                                  0
vam5#branch                        9.74411e-05
v5#branch                         -9.74411e-05
vq4c#branch                                  0
vq4b#branch                                  0
vq4a#branch                                  0
vam4#branch                        9.64678e-05
v4#branch                         -9.64678e-05
vq3c#branch                                  0
vq3b#branch                                  0
vq3a#branch                                  0
vam3#branch                        9.55216e-05
v3#branch                         -9.55216e-05
vq2c#branch                                  0
vq2b#branch                                  0
vq2a#branch                                  0
vam2#branch                        9.45926e-05
v2#branch                         -9.45926e-05
vq1c#branch                                  0
vq1b#branch                                  0
vq1a#branch                                  0
vam1#branch                        9.36734e-05
v1#branch                         -9.36734e-05
vc#branch                                    0


No. of Data Rows : 1548

  Measurements for Transient Analysis

tp1                 =  6.85277e-08 targ=  1.54746e-07 trig=  8.62185e-08
tp2                 =  7.24251e-08 targ=  1.63515e-07 trig=  9.10896e-08
tp3                 =  7.61700e-08 targ=  1.71953e-07 trig=  9.57829e-08
tp4                 =  7.98922e-08 targ=  1.80107e-07 trig=  1.00214e-07
tp5                 =  8.32906e-08 targ=  1.67002e-07 trig=  8.37117e-08
tp6                 =  8.65206e-08 targ=  1.73494e-07 trig=  8.69737e-08
tp7                 =  8.97126e-08 targ=  1.79747e-07 trig=  9.00342e-08
f1                  =  5.83705e+07
f2                  =  5.52295e+07
f3                  =  5.25141e+07
f4                  =  5.00675e+07
f5                  =  4.80246e+07
f6                  =  4.62318e+07
f7                  =  4.45868e+07
i1                  =  1.25791e-04 from=  8.11678e-08 to=  2.23212e-07
i2                  =  1.29077e-04 from=  8.11678e-08 to=  2.23212e-07
i3                  =  1.31709e-04 from=  8.11678e-08 to=  2.23212e-07
i4                  =  1.34451e-04 from=  8.11678e-08 to=  2.23212e-07
i5                  =  1.36208e-04 from=  8.11678e-08 to=  2.23212e-07
i6                  =  1.39968e-04 from=  8.11678e-08 to=  2.23212e-07
i7                  =  1.40004e-04 from=  8.11678e-08 to=  2.23212e-07


Total analysis time (seconds) = 192.569

Total elapsed time (seconds) = 199.775 

Total DRAM available = 98304.000 MB.
DRAM currently available = 14350.672 MB.
Maximum ngspice program size =   23.844 MB.
Current ngspice program size =   23.844 MB.


======== pushing sweep, band 7, Vctrl 1.8 V (typical_27c_3.30v) ========
* GENERATED by simenv.sh -- do not edit; edit /Users/rwalters/GitHub/gf180-pll/.loom/worktrees/issue-8/sim/vco-tuning-range/testbench/tb_vco_pushing.sp instead
* tag=push_typical_T27_B7_V1p8 libs=typical,res_typical,moscap_typical temp=27C
.include "/Users/rwalters/.volare/gf180mcuD/libs.tech/ngspice/design.ngspice"
.lib "/Users/rwalters/.volare/gf180mcuD/libs.tech/ngspice/sm141064.ngspice" typical
.lib "/Users/rwalters/.volare/gf180mcuD/libs.tech/ngspice/sm141064.ngspice" res_typical
.lib "/Users/rwalters/.volare/gf180mcuD/libs.tech/ngspice/sm141064.ngspice" moscap_typical
.temp 27
.param sim_temp=27
.param vsup=3.30
.param vctrl=1.8
.param b0=1
.param b1=1
.param b2=1
.param tsettle=1.80689e-08
.param tstop=4.96894e-08
.param tstep=4.44739e-11
.param tmax=4.44739e-11
.include "/Users/rwalters/GitHub/gf180-pll/.loom/worktrees/issue-8/sim/vco-tuning-range/testbench/tb_vco_pushing.sp"
.end

======== ngspice output ========

Note: Compatibility modes selected: hs a

Warning: m=xx on .subckt line will override multiplier m hierarchy!


Circuit: * generated by simenv.sh -- do not edit; edit /users/rwalters/github/gf180-pll/.loom/worktrees/issue-8/sim/vco-tuning-range/testbench/tb_vco_pushing.sp instead

Doing analysis at TEMP = 27.000000 and TNOM = 27.000000

Using SPARSE 1.3 as Direct Linear Solver
Note: Starting dynamic gmin stepping
Note: Dynamic gmin stepping completed

Initial Transient Solution
--------------------------

Node                                   Voltage
----                                   -------
vctl                                       1.8
n1                                        2.97
m1                                        2.97
q1a                                       2.97
q1b                                       2.97
q1c                                       2.97
x1.xbias.na                           0.937711
x1.xbias.vbpc                          2.00314
x1.xbias.nc                           0.118758
x1.xbias.xrcg.11                      0.118533
x1.xbias.xrcg.21                    0.00022505
x1.xbias.nsu                        0.00993799
x1.xbias.vfix                          1.75256
x1.xbias.nmd                          0.754001
x1.xbias.vbp0                          2.09029
x1.xbias.noff                         0.762416
x1.xbias.xroff.11                     0.762163
x1.xbias.xroff.21                  0.000252708
x1.xbias.nvi                          0.797039
x1.xbias.xrdeg.11                     0.796774
x1.xbias.xrdeg.21                  0.000264184
x1.xbias.b0b                       5.04134e-09
x1.xbias.b1b                       5.04134e-09
x1.xbias.b2b                       5.04134e-09
x1.xbias.vbn1                         0.773963
x1.xbias.ga                            2.09029
x1.xbias.vbp2                          1.98117
x1.xbias.gb                           0.773963
x1.vbn                                  1.0532
x1.xbias.gc                            1.98117
x1.vbp                                 1.73704
x1.xs1.nh                              1.50274
x1.y1                                        0
x1.y5                                        0
x1.xs1.nt                         -2.12942e-92
x1.xs2.nh                                 2.97
x1.y2                                     2.97
x1.xs2.nt                          2.62329e-09
x1.xs3.nh                                 2.97
x1.y3                                        0
x1.xs3.nt                         1.65098e-183
x1.xs4.nh                                 2.97
x1.y4                                     2.97
x1.xs4.nt                          2.62329e-09
x1.xs5.nh                                 2.97
x1.xs5.nt                         1.65098e-183
x1.nb1                                    2.97
x1.nb2                             3.40312e-09
clk1                                      2.97
x1.xcdec1.c_moscap_int1                  -2.97
x1.xcdec2.c_moscap_int1                  -2.97
n2                                        3.08
m2                                        3.08
q2a                                       3.08
q2b                                       3.08
q2c                                       3.08
x2.xbias.na                           0.938696
x2.xbias.vbpc                          2.11256
x2.xbias.nc                           0.119378
x2.xbias.xrcg.11                      0.119152
x2.xbias.xrcg.21                   0.000226226
x2.xbias.nsu                         0.0109178
x2.xbias.vfix                          1.75373
x2.xbias.nmd                          0.754515
x2.xbias.vbp0                          2.20024
x2.xbias.noff                         0.763454
x2.xbias.xroff.11                     0.763201
x2.xbias.xroff.21                  0.000253052
x2.xbias.nvi                          0.797225
x2.xbias.xrdeg.11                     0.796961
x2.xbias.xrdeg.21                  0.000264246
x2.xbias.b0b                       5.15433e-09
x2.xbias.b1b                       5.15433e-09
x2.xbias.b2b                       5.15433e-09
x2.xbias.vbn1                         0.774142
x2.xbias.ga                            2.20024
x2.xbias.vbp2                          2.09047
x2.xbias.gb                           0.774142
x2.vbn                                 1.05471
x2.xbias.gc                            2.09047
x2.vbp                                 1.84435
x2.xs1.nh                              1.52053
x2.y1                                        0
x2.y5                                        0
x2.xs1.nt                         -1.20015e-92
x2.xs2.nh                                 3.08
x2.y2                                     3.08
x2.xs2.nt                          2.85422e-09
x2.xs3.nh                                 3.08
x2.y3                                        0
x2.xs3.nt                          3.9645e-183
x2.xs4.nh                                 3.08
x2.y4                                     3.08
x2.xs4.nt                          2.85422e-09
x2.xs5.nh                                 3.08
x2.xs5.nt                          3.9645e-183
x2.nb1                                    3.08
x2.nb2                             3.50032e-09
clk2                                      3.08
x2.xcdec1.c_moscap_int1                  -3.08
x2.xcdec2.c_moscap_int1                  -3.08
n3                                        3.19
m3                                        3.19
q3a                                       3.19
q3b                                       3.19
q3c                                       3.19
x3.xbias.na                           0.939678
x3.xbias.vbpc                          2.22198
x3.xbias.nc                           0.119996
x3.xbias.xrcg.11                      0.119769
x3.xbias.xrcg.21                   0.000227397
x3.xbias.nsu                         0.0119429
x3.xbias.vfix                          1.75488
x3.xbias.nmd                          0.755021
x3.xbias.vbp0                          2.31018
x3.xbias.noff                         0.764478
x3.xbias.xroff.11                     0.764224
x3.xbias.xroff.21                  0.000253392
x3.xbias.nvi                           0.79741
x3.xbias.xrdeg.11                     0.797146
x3.xbias.xrdeg.21                  0.000264307
x3.xbias.b0b                       5.28404e-09
x3.xbias.b1b                       5.28404e-09
x3.xbias.b2b                       5.28404e-09
x3.xbias.vbn1                         0.774319
x3.xbias.ga                            2.31018
x3.xbias.vbp2                          2.19977
x3.xbias.gb                           0.774319
x3.vbn                                 1.05621
x3.xbias.gc                            2.19977
x3.vbp                                 1.95168
x3.xs1.nh                              1.53786
x3.y1                                        0
x3.y5                                        0
x3.xs1.nt                          8.1946e-101
x3.xs2.nh                                 3.19
x3.y2                                     3.19
x3.xs2.nt                          3.10606e-09
x3.xs3.nh                                 3.19
x3.y3                                        0
x3.xs3.nt                        -8.78867e-170
x3.xs4.nh                                 3.19
x3.y4                                     3.19
x3.xs4.nt                          3.10606e-09
x3.xs5.nh                                 3.19
x3.xs5.nt                        -8.78867e-170
x3.nb1                                    3.19
x3.nb2                             3.61701e-09
clk3                                      3.19
x3.xcdec1.c_moscap_int1                  -3.19
x3.xcdec2.c_moscap_int1                  -3.19
n4                                         3.3
m4                                         3.3
q4a                                        3.3
q4b                                        3.3
q4c                                        3.3
x4.xbias.na                           0.940667
x4.xbias.vbpc                          2.33139
x4.xbias.nc                           0.120618
x4.xbias.xrcg.11                      0.120389
x4.xbias.xrcg.21                   0.000228576
x4.xbias.nsu                         0.0130128
x4.xbias.vfix                          1.75603
x4.xbias.nmd                          0.755526
x4.xbias.vbp0                          2.42012
x4.xbias.noff                         0.765497
x4.xbias.xroff.11                     0.765243
x4.xbias.xroff.21                   0.00025373
x4.xbias.nvi                          0.797592
x4.xbias.xrdeg.11                     0.797328
x4.xbias.xrdeg.21                  0.000264368
x4.xbias.b0b                        5.4347e-09
x4.xbias.b1b                        5.4347e-09
x4.xbias.b2b                        5.4347e-09
x4.xbias.vbn1                         0.774493
x4.xbias.ga                            2.42012
x4.xbias.vbp2                          2.30906
x4.xbias.gb                           0.774493
x4.vbn                                 1.05771
x4.xbias.gc                            2.30906
x4.vbp                                 2.05902
x4.xs1.nh                              1.55475
x4.y1                                        0
x4.y5                                        0
x4.xs1.nt                         2.98852e-176
x4.xs2.nh                                  3.3
x4.y2                                      3.3
x4.xs2.nt                           3.3813e-09
x4.xs3.nh                                  3.3
x4.y3                                        0
x4.xs3.nt                         5.21487e-280
x4.xs4.nh                                  3.3
x4.y4                                      3.3
x4.xs4.nt                           3.3813e-09
x4.xs5.nh                                  3.3
x4.xs5.nt                         5.21487e-280
x4.nb1                                     3.3
x4.nb2                             3.75871e-09
clk4                                       3.3
x4.xcdec1.c_moscap_int1                   -3.3
x4.xcdec2.c_moscap_int1                   -3.3
n5                                        3.41
m5                                        3.41
q5a                                       3.41
q5b                                       3.41
q5c                                       3.41
x5.xbias.na                            0.94168
x5.xbias.vbpc                          2.44078
x5.xbias.nc                           0.121252
x5.xbias.xrcg.11                      0.121022
x5.xbias.xrcg.21                   0.000229777
x5.xbias.nsu                         0.0141264
x5.xbias.vfix                          1.75719
x5.xbias.nmd                          0.756038
x5.xbias.vbp0                          2.53006
x5.xbias.noff                         0.766526
x5.xbias.xroff.11                     0.766272
x5.xbias.xroff.21                  0.000254071
x5.xbias.nvi                          0.797772
x5.xbias.xrdeg.11                     0.797508
x5.xbias.xrdeg.21                  0.000264427
x5.xbias.b0b                       5.61151e-09
x5.xbias.b1b                       5.61151e-09
x5.xbias.b2b                       5.61151e-09
x5.xbias.vbn1                         0.774668
x5.xbias.ga                            2.53006
x5.xbias.vbp2                          2.41834
x5.xbias.gb                           0.774668
x5.vbn                                 1.05924
x5.xbias.gc                            2.41834
x5.vbp                                 2.16635
x5.xs1.nh                              1.57124
x5.y1                                        0
x5.y5                                        0
x5.xs1.nt                        -9.73589e-168
x5.xs2.nh                                 3.41
x5.y2                                     3.41
x5.xs2.nt                          3.68288e-09
x5.xs3.nh                                 3.41
x5.y3                                        0
x5.xs3.nt                        -2.94923e-266
x5.xs4.nh                                 3.41
x5.y4                                     3.41
x5.xs4.nt                          3.68288e-09
x5.xs5.nh                                 3.41
x5.xs5.nt                        -2.94923e-266
x5.nb1                                    3.41
x5.nb2                             3.93212e-09
clk5                                      3.41
x5.xcdec1.c_moscap_int1                  -3.41
x5.xcdec2.c_moscap_int1                  -3.41
n6                                        3.52
m6                                        3.52
q6a                                       3.52
q6b                                       3.52
q6c                                       3.52
x6.xbias.na                           0.942738
x6.xbias.vbpc                          2.55014
x6.xbias.nc                           0.121907
x6.xbias.xrcg.11                      0.121676
x6.xbias.xrcg.21                   0.000231019
x6.xbias.nsu                         0.0152825
x6.xbias.vfix                          1.75839
x6.xbias.nmd                          0.756566
x6.xbias.vbp0                             2.64
x6.xbias.noff                         0.767581
x6.xbias.xroff.11                     0.767326
x6.xbias.xroff.21                   0.00025442
x6.xbias.nvi                           0.79795
x6.xbias.xrdeg.11                     0.797686
x6.xbias.xrdeg.21                  0.000264486
x6.xbias.b0b                       5.82061e-09
x6.xbias.b1b                       5.82061e-09
x6.xbias.b2b                       5.82061e-09
x6.xbias.vbn1                         0.774846
x6.xbias.ga                               2.64
x6.xbias.vbp2                          2.52758
x6.xbias.gb                           0.774846
x6.vbn                                 1.06081
x6.xbias.gc                            2.52758
x6.vbp                                 2.27362
x6.xs1.nh                              1.58738
x6.y1                                        0
x6.y5                                        0
x6.xs1.nt                                    0
x6.xs2.nh                                 3.52
x6.y2                                     3.52
x6.xs2.nt                          4.01427e-09
x6.xs3.nh                                 3.52
x6.y3                                        0
x6.xs3.nt                                    0
x6.xs4.nh                                 3.52
x6.y4                                     3.52
x6.xs4.nt                          4.01427e-09
x6.xs5.nh                                 3.52
x6.xs5.nt                                    0
x6.nb1                                    3.52
x6.nb2                              4.1452e-09
clk6                                      3.52
x6.xcdec1.c_moscap_int1                  -3.52
x6.xcdec2.c_moscap_int1                  -3.52
n7                                        3.63
m7                                        3.63
q7a                                       3.63
q7b                                       3.63
q7c                                       3.63
x7.xbias.na                           0.943865
x7.xbias.vbpc                          2.65945
x7.xbias.nc                           0.122598
x7.xbias.xrcg.11                      0.122366
x7.xbias.xrcg.21                   0.000232328
x7.xbias.nsu                         0.0164788
x7.xbias.vfix                          1.75966
x7.xbias.nmd                          0.757122
x7.xbias.vbp0                          2.74993
x7.xbias.noff                          0.76868
x7.xbias.xroff.11                     0.768425
x7.xbias.xroff.21                  0.000254785
x7.xbias.nvi                          0.798127
x7.xbias.xrdeg.11                     0.797863
x7.xbias.xrdeg.21                  0.000264545
x7.xbias.b0b                        6.0692e-09
x7.xbias.b1b                        6.0692e-09
x7.xbias.b2b                        6.0692e-09
x7.xbias.vbn1                         0.775029
x7.xbias.ga                            2.74993
x7.xbias.vbp2                          2.63679
x7.xbias.gb                           0.775029
x7.vbn                                 1.06245
x7.xbias.gc                            2.63679
x7.vbp                                 2.38082
x7.xs1.nh                              1.60321
x7.y1                                        0
x7.y5                                        0
x7.xs1.nt                                    0
x7.xs2.nh                                 3.63
x7.y2                                     3.63
x7.xs2.nt                          4.37956e-09
x7.xs3.nh                                 3.63
x7.y3                                        0
x7.xs3.nt                                    0
x7.xs4.nh                                 3.63
x7.y4                                     3.63
x7.xs4.nt                          4.37956e-09
x7.xs5.nh                                 3.63
x7.xs5.nt                                    0
x7.nb1                                    3.63
x7.nb2                             4.40717e-09
clk7                                      3.63
x7.xcdec1.c_moscap_int1                  -3.63
x7.xcdec2.c_moscap_int1                  -3.63
e.x7.xcdec2.ec_moscap#branch                 0
e.x7.xcdec1.ec_moscap#branch                 0
e.x6.xcdec2.ec_moscap#branch                 0
e.x6.xcdec1.ec_moscap#branch                 0
e.x5.xcdec2.ec_moscap#branch                 0
e.x5.xcdec1.ec_moscap#branch                 0
e.x4.xcdec2.ec_moscap#branch                 0
e.x4.xcdec1.ec_moscap#branch                 0
e.x3.xcdec2.ec_moscap#branch                 0
e.x3.xcdec1.ec_moscap#branch                 0
e.x2.xcdec2.ec_moscap#branch                 0
e.x2.xcdec1.ec_moscap#branch                 0
e.x1.xcdec2.ec_moscap#branch                 0
e.x1.xcdec1.ec_moscap#branch                 0
vq7c#branch                                  0
vq7b#branch                                  0
vq7a#branch                                  0
vam7#branch                        0.000298537
v7#branch                         -0.000298537
vq6c#branch                                  0
vq6b#branch                                  0
vq6a#branch                                  0
vam6#branch                         0.00029564
v6#branch                          -0.00029564
vq5c#branch                                  0
vq5b#branch                                  0
vq5a#branch                                  0
vam5#branch                        0.000292846
v5#branch                         -0.000292846
vq4c#branch                                  0
vq4b#branch                                  0
vq4a#branch                                  0
vam4#branch                        0.000290115
v4#branch                         -0.000290115
vq3c#branch                                  0
vq3b#branch                                  0
vq3a#branch                                  0
vam3#branch                        0.000287417
v3#branch                         -0.000287417
vq2c#branch                                  0
vq2b#branch                                  0
vq2a#branch                                  0
vam2#branch                        0.000284726
v2#branch                         -0.000284726
vq1c#branch                                  0
vq1b#branch                                  0
vq1a#branch                                  0
vam1#branch                        0.000282023
v1#branch                         -0.000282023
vc#branch                                    0


No. of Data Rows : 1315

  Measurements for Transient Analysis

tp1                 =  1.30557e-08 targ=  3.30141e-08 trig=  1.99584e-08
tp2                 =  1.37533e-08 targ=  3.47420e-08 trig=  2.09888e-08
tp3                 =  1.44968e-08 targ=  3.29640e-08 trig=  1.84672e-08
tp4                 =  1.52785e-08 targ=  3.47027e-08 trig=  1.94242e-08
tp5                 =  1.60728e-08 targ=  3.64814e-08 trig=  2.04085e-08
tp6                 =  1.68766e-08 targ=  3.82834e-08 trig=  2.14068e-08
tp7                 =  1.76890e-08 targ=  4.00899e-08 trig=  2.24008e-08
f1                  =  3.06378e+08
f2                  =  2.90840e+08
f3                  =  2.75923e+08
f4                  =  2.61806e+08
f5                  =  2.48867e+08
f6                  =  2.37015e+08
f7                  =  2.26129e+08
i1                  =  3.92897e-04 from=  1.80689e-08 to=  4.96894e-08
i2                  =  3.95747e-04 from=  1.80689e-08 to=  4.96894e-08
i3                  =  4.05035e-04 from=  1.80689e-08 to=  4.96894e-08
i4                  =  4.05918e-04 from=  1.80689e-08 to=  4.96894e-08
i5                  =  4.14221e-04 from=  1.80689e-08 to=  4.96894e-08
i6                  =  4.18578e-04 from=  1.80689e-08 to=  4.96894e-08
i7                  =  4.22931e-04 from=  1.80689e-08 to=  4.96894e-08


Total analysis time (seconds) = 150.396

Total elapsed time (seconds) = 157.768 

Total DRAM available = 98304.000 MB.
DRAM currently available = 12012.625 MB.
Maximum ngspice program size =   23.938 MB.
Current ngspice program size =   23.938 MB.


======== supply transient, band 0, Vctrl 1.8 V, ripple f/16 (typical_27c_3.30v) ========
* GENERATED by simenv.sh -- do not edit; edit /Users/rwalters/GitHub/gf180-pll/.loom/worktrees/issue-8/sim/vco-tuning-range/testbench/tb_vco_supply_jitter.sp instead
* tag=jit_typical_T27_V3p30_B0_C1p8_R16 libs=typical,res_typical,moscap_typical temp=27C
.include "/Users/rwalters/.volare/gf180mcuD/libs.tech/ngspice/design.ngspice"
.lib "/Users/rwalters/.volare/gf180mcuD/libs.tech/ngspice/sm141064.ngspice" typical
.lib "/Users/rwalters/.volare/gf180mcuD/libs.tech/ngspice/sm141064.ngspice" res_typical
.lib "/Users/rwalters/.volare/gf180mcuD/libs.tech/ngspice/sm141064.ngspice" moscap_typical
.temp 27
.param sim_temp=27
.param vsup=3.30
.param vctrl=1.8
.param b0=0
.param b1=0
.param b2=0
.param astep=0.1
.param tstepon=5.03637e-06
.param tedge=1n
.param arip=0.05
.param frip=471569
.param tsettle=7.95217e-07
.param tstop=9.27753e-06
.param tstep=6.62681e-10
.param tmax=6.62681e-10
.include "/Users/rwalters/GitHub/gf180-pll/.loom/worktrees/issue-8/sim/vco-tuning-range/testbench/tb_vco_supply_jitter.sp"
.end

======== ngspice output ========

Note: Compatibility modes selected: hs a

Warning: m=xx on .subckt line will override multiplier m hierarchy!


Circuit: * generated by simenv.sh -- do not edit; edit /users/rwalters/github/gf180-pll/.loom/worktrees/issue-8/sim/vco-tuning-range/testbench/tb_vco_supply_jitter.sp instead

Doing analysis at TEMP = 27.000000 and TNOM = 27.000000

Using SPARSE 1.3 as Direct Linear Solver

Initial Transient Solution
--------------------------

Node                                   Voltage
----                                   -------
vctl                                       1.8
nq                                         3.3
qa                                           0
qb                                           0
qc                                           0
xq.xbias.na                           0.940667
xq.xbias.vbpc                          2.33139
xq.xbias.nc                           0.120618
xq.xbias.xrcg.11                      0.120389
xq.xbias.xrcg.21                   0.000228576
xq.xbias.nsu                         0.0130128
xq.xbias.vfix                          1.75603
xq.xbias.nmd                          0.755526
xq.xbias.vbp0                          2.42012
xq.xbias.noff                         0.765497
xq.xbias.xroff.11                     0.765243
xq.xbias.xroff.21                   0.00025373
xq.xbias.nvi                          0.797592
xq.xbias.xrdeg.11                     0.797328
xq.xbias.xrdeg.21                  0.000264368
xq.xbias.b0b                               3.3
xq.xbias.b1b                               3.3
xq.xbias.b2b                               3.3
xq.xbias.vbn1                         0.738825
xq.xbias.ga                                3.3
xq.xbias.vbp2                          2.44353
xq.xbias.gb                        1.42446e-11
xq.vbn                                0.700332
xq.xbias.gc                                3.3
xq.vbp                                 2.47013
xq.xs1.nh                              1.19142
xq.y1                                        0
xq.y5                                        0
xq.xs1.nt                          9.71416e-26
xq.xs2.nh                                  3.3
xq.y2                                      3.3
xq.xs2.nt                            3.127e-08
xq.xs3.nh                                  3.3
xq.y3                                        0
xq.xs3.nt                         2.42595e-196
xq.xs4.nh                                  3.3
xq.y4                                      3.3
xq.xs4.nt                            3.127e-08
xq.xs5.nh                                  3.3
xq.xs5.nt                         2.42595e-196
xq.nb1                                     3.3
xq.nb2                             3.75871e-09
clkq                                       3.3
xq.xcdec1.c_moscap_int1                   -3.3
xq.xcdec2.c_moscap_int1                   -3.3
nsd                                        3.3
nst                                        3.3
sa                                           0
sb                                           0
sc                                           0
xs.xbias.na                           0.940667
xs.xbias.vbpc                          2.33139
xs.xbias.nc                           0.120618
xs.xbias.xrcg.11                      0.120389
xs.xbias.xrcg.21                   0.000228576
xs.xbias.nsu                         0.0130128
xs.xbias.vfix                          1.75603
xs.xbias.nmd                          0.755526
xs.xbias.vbp0                          2.42012
xs.xbias.noff                         0.765497
xs.xbias.xroff.11                     0.765243
xs.xbias.xroff.21                   0.00025373
xs.xbias.nvi                          0.797592
xs.xbias.xrdeg.11                     0.797328
xs.xbias.xrdeg.21                  0.000264368
xs.xbias.b0b                               3.3
xs.xbias.b1b                               3.3
xs.xbias.b2b                               3.3
xs.xbias.vbn1                         0.738825
xs.xbias.ga                                3.3
xs.xbias.vbp2                          2.44353
xs.xbias.gb                        1.42446e-11
xs.vbn                                0.700332
xs.xbias.gc                                3.3
xs.vbp                                 2.47013
xs.xs1.nh                              1.19142
xs.y1                                        0
xs.y5                                        0
xs.xs1.nt                          1.89309e-25
xs.xs2.nh                                  3.3
xs.y2                                      3.3
xs.xs2.nt                            3.127e-08
xs.xs3.nh                                  3.3
xs.y3                                        0
xs.xs3.nt                         2.42595e-196
xs.xs4.nh                                  3.3
xs.y4                                      3.3
xs.xs4.nt                            3.127e-08
xs.xs5.nh                                  3.3
xs.xs5.nt                         2.42595e-196
xs.nb1                                     3.3
xs.nb2                             3.75871e-09
clks                                       3.3
xs.xcdec1.c_moscap_int1                   -3.3
xs.xcdec2.c_moscap_int1                   -3.3
nrd                                        3.3
nrp                                        3.3
ra                                           0
rb                                           0
rc                                           0
xr.xbias.na                           0.940667
xr.xbias.vbpc                          2.33139
xr.xbias.nc                           0.120618
xr.xbias.xrcg.11                      0.120389
xr.xbias.xrcg.21                   0.000228576
xr.xbias.nsu                         0.0130128
xr.xbias.vfix                          1.75603
xr.xbias.nmd                          0.755526
xr.xbias.vbp0                          2.42012
xr.xbias.noff                         0.765497
xr.xbias.xroff.11                     0.765243
xr.xbias.xroff.21                   0.00025373
xr.xbias.nvi                          0.797592
xr.xbias.xrdeg.11                     0.797328
xr.xbias.xrdeg.21                  0.000264368
xr.xbias.b0b                               3.3
xr.xbias.b1b                               3.3
xr.xbias.b2b                               3.3
xr.xbias.vbn1                         0.738825
xr.xbias.ga                                3.3
xr.xbias.vbp2                          2.44353
xr.xbias.gb                        1.42446e-11
xr.vbn                                0.700332
xr.xbias.gc                                3.3
xr.vbp                                 2.47013
xr.xs1.nh                              1.19142
xr.y1                                        0
xr.y5                                        0
xr.xs1.nt                          1.33683e-25
xr.xs2.nh                                  3.3
xr.y2                                      3.3
xr.xs2.nt                            3.127e-08
xr.xs3.nh                                  3.3
xr.y3                                        0
xr.xs3.nt                         2.42577e-196
xr.xs4.nh                                  3.3
xr.y4                                      3.3
xr.xs4.nt                            3.127e-08
xr.xs5.nh                                  3.3
xr.xs5.nt                         2.42577e-196
xr.nb1                                     3.3
xr.nb2                             3.75871e-09
clkr                                       3.3
xr.xcdec1.c_moscap_int1                   -3.3
xr.xcdec2.c_moscap_int1                   -3.3
e.xr.xcdec2.ec_moscap#branch                 0
e.xr.xcdec1.ec_moscap#branch                 0
e.xs.xcdec2.ec_moscap#branch                 0
e.xs.xcdec1.ec_moscap#branch                 0
e.xq.xcdec2.ec_moscap#branch                 0
e.xq.xcdec1.ec_moscap#branch                 0
erc#branch                                   0
erb#branch                                   0
era#branch                                   0
esc#branch                                   0
esb#branch                                   0
esa#branch                                   0
eqc#branch                                   0
eqb#branch                                   0
eqa#branch                                   0
vrp#branch                        -4.95545e-05
vrd#branch                        -4.95545e-05
vst#branch                        -4.95545e-05
vsd#branch                        -4.95545e-05
vq#branch                         -4.95545e-05
vc#branch                                    0


No. of Data Rows : 21952
Note: Simulation executed from .control section 

======== supply transient, band 1, Vctrl 1.8 V, ripple f/16 (typical_27c_3.30v) ========
* GENERATED by simenv.sh -- do not edit; edit /Users/rwalters/GitHub/gf180-pll/.loom/worktrees/issue-8/sim/vco-tuning-range/testbench/tb_vco_supply_jitter.sp instead
* tag=jit_typical_T27_V3p30_B1_C1p8_R16 libs=typical,res_typical,moscap_typical temp=27C
.include "/Users/rwalters/.volare/gf180mcuD/libs.tech/ngspice/design.ngspice"
.lib "/Users/rwalters/.volare/gf180mcuD/libs.tech/ngspice/sm141064.ngspice" typical
.lib "/Users/rwalters/.volare/gf180mcuD/libs.tech/ngspice/sm141064.ngspice" res_typical
.lib "/Users/rwalters/.volare/gf180mcuD/libs.tech/ngspice/sm141064.ngspice" moscap_typical
.temp 27
.param sim_temp=27
.param vsup=3.30
.param vctrl=1.8
.param b0=1
.param b1=0
.param b2=0
.param astep=0.1
.param tstepon=3.05236e-06
.param tedge=1n
.param arip=0.05
.param frip=778088
.param tsettle=4.81951e-07
.param tstop=5.62276e-06
.param tstep=4.01626e-10
.param tmax=4.01626e-10
.include "/Users/rwalters/GitHub/gf180-pll/.loom/worktrees/issue-8/sim/vco-tuning-range/testbench/tb_vco_supply_jitter.sp"
.end

======== ngspice output ========

Note: Compatibility modes selected: hs a

Warning: m=xx on .subckt line will override multiplier m hierarchy!


Circuit: * generated by simenv.sh -- do not edit; edit /users/rwalters/github/gf180-pll/.loom/worktrees/issue-8/sim/vco-tuning-range/testbench/tb_vco_supply_jitter.sp instead

Doing analysis at TEMP = 27.000000 and TNOM = 27.000000

Using SPARSE 1.3 as Direct Linear Solver

Initial Transient Solution
--------------------------

Node                                   Voltage
----                                   -------
vctl                                       1.8
nq                                         3.3
qa                                         3.3
qb                                           0
qc                                           0
xq.xbias.na                           0.940667
xq.xbias.vbpc                          2.33139
xq.xbias.nc                           0.120618
xq.xbias.xrcg.11                      0.120389
xq.xbias.xrcg.21                   0.000228576
xq.xbias.nsu                         0.0130128
xq.xbias.vfix                          1.75603
xq.xbias.nmd                          0.755526
xq.xbias.vbp0                          2.42012
xq.xbias.noff                         0.765497
xq.xbias.xroff.11                     0.765243
xq.xbias.xroff.21                   0.00025373
xq.xbias.nvi                          0.797592
xq.xbias.xrdeg.11                     0.797328
xq.xbias.xrdeg.21                  0.000264368
xq.xbias.b0b                        5.4347e-09
xq.xbias.b1b                               3.3
xq.xbias.b2b                               3.3
xq.xbias.vbn1                         0.774494
xq.xbias.ga                            2.42012
xq.xbias.vbp2                          2.40743
xq.xbias.gb                        1.43396e-11
xq.vbn                                0.728045
xq.xbias.gc                                3.3
xq.vbp                                 2.44045
xq.xs1.nh                              1.21702
xq.y1                                        0
xq.y5                                        0
xq.xs1.nt                          9.83183e-27
xq.xs2.nh                                  3.3
xq.y2                                      3.3
xq.xs2.nt                          2.19289e-08
xq.xs3.nh                                  3.3
xq.y3                                        0
xq.xs3.nt                          4.06027e-33
xq.xs4.nh                                  3.3
xq.y4                                      3.3
xq.xs4.nt                          2.19289e-08
xq.xs5.nh                                  3.3
xq.xs5.nt                          4.06027e-33
xq.nb1                                     3.3
xq.nb2                             3.75871e-09
clkq                                       3.3
xq.xcdec1.c_moscap_int1                   -3.3
xq.xcdec2.c_moscap_int1                   -3.3
nsd                                        3.3
nst                                        3.3
sa                                         3.3
sb                                           0
sc                                           0
xs.xbias.na                           0.940667
xs.xbias.vbpc                          2.33139
xs.xbias.nc                           0.120618
xs.xbias.xrcg.11                      0.120389
xs.xbias.xrcg.21                   0.000228576
xs.xbias.nsu                         0.0130128
xs.xbias.vfix                          1.75603
xs.xbias.nmd                          0.755526
xs.xbias.vbp0                          2.42012
xs.xbias.noff                         0.765497
xs.xbias.xroff.11                     0.765243
xs.xbias.xroff.21                   0.00025373
xs.xbias.nvi                          0.797592
xs.xbias.xrdeg.11                     0.797328
xs.xbias.xrdeg.21                  0.000264368
xs.xbias.b0b                        5.4347e-09
xs.xbias.b1b                               3.3
xs.xbias.b2b                               3.3
xs.xbias.vbn1                         0.774494
xs.xbias.ga                            2.42012
xs.xbias.vbp2                          2.40743
xs.xbias.gb                        1.43396e-11
xs.vbn                                0.728045
xs.xbias.gc                                3.3
xs.vbp                                 2.44045
xs.xs1.nh                              1.21702
xs.y1                                        0
xs.y5                                        0
xs.xs1.nt                          1.24861e-25
xs.xs2.nh                                  3.3
xs.y2                                      3.3
xs.xs2.nt                          2.19289e-08
xs.xs3.nh                                  3.3
xs.y3                                        0
xs.xs3.nt                          4.06027e-33
xs.xs4.nh                                  3.3
xs.y4                                      3.3
xs.xs4.nt                          2.19289e-08
xs.xs5.nh                                  3.3
xs.xs5.nt                          4.06027e-33
xs.nb1                                     3.3
xs.nb2                             3.75871e-09
clks                                       3.3
xs.xcdec1.c_moscap_int1                   -3.3
xs.xcdec2.c_moscap_int1                   -3.3
nrd                                        3.3
nrp                                        3.3
ra                                         3.3
rb                                           0
rc                                           0
xr.xbias.na                           0.940667
xr.xbias.vbpc                          2.33139
xr.xbias.nc                           0.120618
xr.xbias.xrcg.11                      0.120389
xr.xbias.xrcg.21                   0.000228576
xr.xbias.nsu                         0.0130128
xr.xbias.vfix                          1.75603
xr.xbias.nmd                          0.755526
xr.xbias.vbp0                          2.42012
xr.xbias.noff                         0.765497
xr.xbias.xroff.11                     0.765243
xr.xbias.xroff.21                   0.00025373
xr.xbias.nvi                          0.797592
xr.xbias.xrdeg.11                     0.797328
xr.xbias.xrdeg.21                  0.000264368
xr.xbias.b0b                        5.4347e-09
xr.xbias.b1b                               3.3
xr.xbias.b2b                               3.3
xr.xbias.vbn1                         0.774494
xr.xbias.ga                            2.42012
xr.xbias.vbp2                          2.40743
xr.xbias.gb                        1.43396e-11
xr.vbn                                0.728045
xr.xbias.gc                                3.3
xr.vbp                                 2.44045
xr.xs1.nh                              1.21702
xr.y1                                        0
xr.y5                                        0
xr.xs1.nt                          6.62449e-26
xr.xs2.nh                                  3.3
xr.y2                                      3.3
xr.xs2.nt                          2.19289e-08
xr.xs3.nh                                  3.3
xr.y3                                        0
xr.xs3.nt                          4.06027e-33
xr.xs4.nh                                  3.3
xr.y4                                      3.3
xr.xs4.nt                          2.19289e-08
xr.xs5.nh                                  3.3
xr.xs5.nt                          4.06027e-33
xr.nb1                                     3.3
xr.nb2                             3.75871e-09
clkr                                       3.3
xr.xcdec1.c_moscap_int1                   -3.3
xr.xcdec2.c_moscap_int1                   -3.3
e.xr.xcdec2.ec_moscap#branch                 0
e.xr.xcdec1.ec_moscap#branch                 0
e.xs.xcdec2.ec_moscap#branch                 0
e.xs.xcdec1.ec_moscap#branch                 0
e.xq.xcdec2.ec_moscap#branch                 0
e.xq.xcdec1.ec_moscap#branch                 0
erc#branch                                   0
erb#branch                                   0
era#branch                                   0
esc#branch                                   0
esb#branch                                   0
esa#branch                                   0
eqc#branch                                   0
eqb#branch                                   0
eqa#branch                                   0
vrp#branch                        -6.10049e-05
vrd#branch                        -6.10049e-05
vst#branch                        -6.10049e-05
vsd#branch                        -6.10049e-05
vq#branch                         -6.10049e-05
vc#branch                                    0


No. of Data Rows : 21134
Note: Simulation executed from .control section 

======== supply transient, band 2, Vctrl 1.8 V, ripple f/16 (typical_27c_3.30v) ========
* GENERATED by simenv.sh -- do not edit; edit /Users/rwalters/GitHub/gf180-pll/.loom/worktrees/issue-8/sim/vco-tuning-range/testbench/tb_vco_supply_jitter.sp instead
* tag=jit_typical_T27_V3p30_B2_C1p8_R16 libs=typical,res_typical,moscap_typical temp=27C
.include "/Users/rwalters/.volare/gf180mcuD/libs.tech/ngspice/design.ngspice"
.lib "/Users/rwalters/.volare/gf180mcuD/libs.tech/ngspice/sm141064.ngspice" typical
.lib "/Users/rwalters/.volare/gf180mcuD/libs.tech/ngspice/sm141064.ngspice" res_typical
.lib "/Users/rwalters/.volare/gf180mcuD/libs.tech/ngspice/sm141064.ngspice" moscap_typical
.temp 27
.param sim_temp=27
.param vsup=3.30
.param vctrl=1.8
.param b0=0
.param b1=1
.param b2=0
.param astep=0.1
.param tstepon=1.8499e-06
.param tedge=1n
.param arip=0.05
.param frip=1.28385e+06
.param tsettle=2.9209e-07
.param tstop=3.40772e-06
.param tstep=2.43408e-10
.param tmax=2.43408e-10
.include "/Users/rwalters/GitHub/gf180-pll/.loom/worktrees/issue-8/sim/vco-tuning-range/testbench/tb_vco_supply_jitter.sp"
.end

======== ngspice output ========

Note: Compatibility modes selected: hs a

Warning: m=xx on .subckt line will override multiplier m hierarchy!


Circuit: * generated by simenv.sh -- do not edit; edit /users/rwalters/github/gf180-pll/.loom/worktrees/issue-8/sim/vco-tuning-range/testbench/tb_vco_supply_jitter.sp instead

Doing analysis at TEMP = 27.000000 and TNOM = 27.000000

Using SPARSE 1.3 as Direct Linear Solver

Initial Transient Solution
--------------------------

Node                                   Voltage
----                                   -------
vctl                                       1.8
nq                                         3.3
qa                                           0
qb                                         3.3
qc                                           0
xq.xbias.na                           0.940667
xq.xbias.vbpc                          2.33139
xq.xbias.nc                           0.120618
xq.xbias.xrcg.11                      0.120389
xq.xbias.xrcg.21                   0.000228576
xq.xbias.nsu                         0.0130128
xq.xbias.vfix                          1.75603
xq.xbias.nmd                          0.755526
xq.xbias.vbp0                          2.42012
xq.xbias.noff                         0.765497
xq.xbias.xroff.11                     0.765243
xq.xbias.xroff.21                   0.00025373
xq.xbias.nvi                          0.797592
xq.xbias.xrdeg.11                     0.797328
xq.xbias.xrdeg.21                  0.000264368
xq.xbias.b0b                               3.3
xq.xbias.b1b                        5.4347e-09
xq.xbias.b2b                               3.3
xq.xbias.vbn1                         0.738825
xq.xbias.ga                                3.3
xq.xbias.vbp2                          2.36184
xq.xbias.gb                           0.738825
xq.vbn                                0.761192
xq.xbias.gc                                3.3
xq.vbp                                 2.40425
xq.xs1.nh                              1.24843
xq.y1                                        0
xq.y5                                        0
xq.xs1.nt                           9.2711e-17
xq.xs2.nh                                  3.3
xq.y2                                      3.3
xq.xs2.nt                            1.535e-08
xq.xs3.nh                                  3.3
xq.y3                                        0
xq.xs3.nt                          5.09323e-32
xq.xs4.nh                                  3.3
xq.y4                                      3.3
xq.xs4.nt                            1.535e-08
xq.xs5.nh                                  3.3
xq.xs5.nt                          5.09323e-32
xq.nb1                                     3.3
xq.nb2                             3.75871e-09
clkq                                       3.3
xq.xcdec1.c_moscap_int1                   -3.3
xq.xcdec2.c_moscap_int1                   -3.3
nsd                                        3.3
nst                                        3.3
sa                                           0
sb                                         3.3
sc                                           0
xs.xbias.na                           0.940667
xs.xbias.vbpc                          2.33139
xs.xbias.nc                           0.120618
xs.xbias.xrcg.11                      0.120389
xs.xbias.xrcg.21                   0.000228576
xs.xbias.nsu                         0.0130128
xs.xbias.vfix                          1.75603
xs.xbias.nmd                          0.755526
xs.xbias.vbp0                          2.42012
xs.xbias.noff                         0.765497
xs.xbias.xroff.11                     0.765243
xs.xbias.xroff.21                   0.00025373
xs.xbias.nvi                          0.797592
xs.xbias.xrdeg.11                     0.797328
xs.xbias.xrdeg.21                  0.000264368
xs.xbias.b0b                               3.3
xs.xbias.b1b                        5.4347e-09
xs.xbias.b2b                               3.3
xs.xbias.vbn1                         0.738825
xs.xbias.ga                                3.3
xs.xbias.vbp2                          2.36184
xs.xbias.gb                           0.738825
xs.vbn                                0.761192
xs.xbias.gc                                3.3
xs.vbp                                 2.40425
xs.xs1.nh                              1.24843
xs.y1                                        0
xs.y5                                        0
xs.xs1.nt                          7.75892e-17
xs.xs2.nh                                  3.3
xs.y2                                      3.3
xs.xs2.nt                            1.535e-08
xs.xs3.nh                                  3.3
xs.y3                                        0
xs.xs3.nt                          5.09553e-32
xs.xs4.nh                                  3.3
xs.y4                                      3.3
xs.xs4.nt                            1.535e-08
xs.xs5.nh                                  3.3
xs.xs5.nt                          5.09553e-32
xs.nb1                                     3.3
xs.nb2                             3.75871e-09
clks                                       3.3
xs.xcdec1.c_moscap_int1                   -3.3
xs.xcdec2.c_moscap_int1                   -3.3
nrd                                        3.3
nrp                                        3.3
ra                                           0
rb                                         3.3
rc                                           0
xr.xbias.na                           0.940667
xr.xbias.vbpc                          2.33139
xr.xbias.nc                           0.120618
xr.xbias.xrcg.11                      0.120389
xr.xbias.xrcg.21                   0.000228576
xr.xbias.nsu                         0.0130128
xr.xbias.vfix                          1.75603
xr.xbias.nmd                          0.755526
xr.xbias.vbp0                          2.42012
xr.xbias.noff                         0.765497
xr.xbias.xroff.11                     0.765243
xr.xbias.xroff.21                   0.00025373
xr.xbias.nvi                          0.797592
xr.xbias.xrdeg.11                     0.797328
xr.xbias.xrdeg.21                  0.000264368
xr.xbias.b0b                               3.3
xr.xbias.b1b                        5.4347e-09
xr.xbias.b2b                               3.3
xr.xbias.vbn1                         0.738825
xr.xbias.ga                                3.3
xr.xbias.vbp2                          2.36184
xr.xbias.gb                           0.738825
xr.vbn                                0.761192
xr.xbias.gc                                3.3
xr.vbp                                 2.40425
xr.xs1.nh                              1.24843
xr.y1                                        0
xr.y5                                        0
xr.xs1.nt                          7.75652e-17
xr.xs2.nh                                  3.3
xr.y2                                      3.3
xr.xs2.nt                            1.535e-08
xr.xs3.nh                                  3.3
xr.y3                                        0
xr.xs3.nt                          5.09323e-32
xr.xs4.nh                                  3.3
xr.y4                                      3.3
xr.xs4.nt                            1.535e-08
xr.xs5.nh                                  3.3
xr.xs5.nt                          5.09323e-32
xr.nb1                                     3.3
xr.nb2                             3.75871e-09
clkr                                       3.3
xr.xcdec1.c_moscap_int1                   -3.3
xr.xcdec2.c_moscap_int1                   -3.3
e.xr.xcdec2.ec_moscap#branch                 0
e.xr.xcdec1.ec_moscap#branch                 0
e.xs.xcdec2.ec_moscap#branch                 0
e.xs.xcdec1.ec_moscap#branch                 0
e.xq.xcdec2.ec_moscap#branch                 0
e.xq.xcdec1.ec_moscap#branch                 0
erc#branch                                   0
erb#branch                                   0
era#branch                                   0
esc#branch                                   0
esb#branch                                   0
esa#branch                                   0
eqc#branch                                   0
eqb#branch                                   0
eqa#branch                                   0
vrp#branch                        -6.86743e-05
vrd#branch                        -6.86743e-05
vst#branch                        -6.86743e-05
vsd#branch                        -6.86743e-05
vq#branch                         -6.86743e-05
vc#branch                                    0


No. of Data Rows : 20583
Note: Simulation executed from .control section 

======== supply transient, band 3, Vctrl 1.8 V, ripple f/16 (typical_27c_3.30v) ========
* GENERATED by simenv.sh -- do not edit; edit /Users/rwalters/GitHub/gf180-pll/.loom/worktrees/issue-8/sim/vco-tuning-range/testbench/tb_vco_supply_jitter.sp instead
* tag=jit_typical_T27_V3p30_B3_C1p8_R16 libs=typical,res_typical,moscap_typical temp=27C
.include "/Users/rwalters/.volare/gf180mcuD/libs.tech/ngspice/design.ngspice"
.lib "/Users/rwalters/.volare/gf180mcuD/libs.tech/ngspice/sm141064.ngspice" typical
.lib "/Users/rwalters/.volare/gf180mcuD/libs.tech/ngspice/sm141064.ngspice" res_typical
.lib "/Users/rwalters/.volare/gf180mcuD/libs.tech/ngspice/sm141064.ngspice" moscap_typical
.temp 27
.param sim_temp=27
.param vsup=3.30
.param vctrl=1.8
.param b0=1
.param b1=1
.param b2=0
.param astep=0.1
.param tstepon=1.12116e-06
.param tedge=1n
.param arip=0.05
.param frip=2.11835e+06
.param tsettle=1.77025e-07
.param tstop=2.06529e-06
.param tstep=1.4752e-10
.param tmax=1.4752e-10
.include "/Users/rwalters/GitHub/gf180-pll/.loom/worktrees/issue-8/sim/vco-tuning-range/testbench/tb_vco_supply_jitter.sp"
.end

======== ngspice output ========

Note: Compatibility modes selected: hs a

Warning: m=xx on .subckt line will override multiplier m hierarchy!


Circuit: * generated by simenv.sh -- do not edit; edit /users/rwalters/github/gf180-pll/.loom/worktrees/issue-8/sim/vco-tuning-range/testbench/tb_vco_supply_jitter.sp instead

Doing analysis at TEMP = 27.000000 and TNOM = 27.000000

Using SPARSE 1.3 as Direct Linear Solver

Initial Transient Solution
--------------------------

Node                                   Voltage
----                                   -------
vctl                                       1.8
nq                                         3.3
qa                                         3.3
qb                                         3.3
qc                                           0
xq.xbias.na                           0.940667
xq.xbias.vbpc                          2.33139
xq.xbias.nc                           0.120618
xq.xbias.xrcg.11                      0.120389
xq.xbias.xrcg.21                   0.000228576
xq.xbias.nsu                         0.0130128
xq.xbias.vfix                          1.75603
xq.xbias.nmd                          0.755526
xq.xbias.vbp0                          2.42012
xq.xbias.noff                         0.765497
xq.xbias.xroff.11                     0.765243
xq.xbias.xroff.21                   0.00025373
xq.xbias.nvi                          0.797592
xq.xbias.xrdeg.11                     0.797328
xq.xbias.xrdeg.21                  0.000264368
xq.xbias.b0b                        5.4347e-09
xq.xbias.b1b                        5.4347e-09
xq.xbias.b2b                               3.3
xq.xbias.vbn1                         0.774493
xq.xbias.ga                            2.42012
xq.xbias.vbp2                          2.30906
xq.xbias.gb                           0.774493
xq.vbn                                0.797446
xq.xbias.gc                                3.3
xq.vbp                                 2.36376
xq.xs1.nh                               1.2838
xq.y1                                        0
xq.y5                                        0
xq.xs1.nt                         -4.17819e-27
xq.xs2.nh                                  3.3
xq.y2                                      3.3
xq.xs2.nt                           1.1147e-08
xq.xs3.nh                                  3.3
xq.y3                                        0
xq.xs3.nt                          3.08633e-46
xq.xs4.nh                                  3.3
xq.y4                                      3.3
xq.xs4.nt                           1.1147e-08
xq.xs5.nh                                  3.3
xq.xs5.nt                          3.08633e-46
xq.nb1                                     3.3
xq.nb2                             3.75871e-09
clkq                                       3.3
xq.xcdec1.c_moscap_int1                   -3.3
xq.xcdec2.c_moscap_int1                   -3.3
nsd                                        3.3
nst                                        3.3
sa                                         3.3
sb                                         3.3
sc                                           0
xs.xbias.na                           0.940667
xs.xbias.vbpc                          2.33139
xs.xbias.nc                           0.120618
xs.xbias.xrcg.11                      0.120389
xs.xbias.xrcg.21                   0.000228576
xs.xbias.nsu                         0.0130128
xs.xbias.vfix                          1.75603
xs.xbias.nmd                          0.755526
xs.xbias.vbp0                          2.42012
xs.xbias.noff                         0.765497
xs.xbias.xroff.11                     0.765243
xs.xbias.xroff.21                   0.00025373
xs.xbias.nvi                          0.797592
xs.xbias.xrdeg.11                     0.797328
xs.xbias.xrdeg.21                  0.000264368
xs.xbias.b0b                        5.4347e-09
xs.xbias.b1b                        5.4347e-09
xs.xbias.b2b                               3.3
xs.xbias.vbn1                         0.774493
xs.xbias.ga                            2.42012
xs.xbias.vbp2                          2.30906
xs.xbias.gb                           0.774493
xs.vbn                                0.797446
xs.xbias.gc                                3.3
xs.vbp                                 2.36376
xs.xs1.nh                               1.2838
xs.y1                                        0
xs.y5                                        0
xs.xs1.nt                          5.94452e-26
xs.xs2.nh                                  3.3
xs.y2                                      3.3
xs.xs2.nt                           1.1147e-08
xs.xs3.nh                                  3.3
xs.y3                                        0
xs.xs3.nt                          3.08422e-46
xs.xs4.nh                                  3.3
xs.y4                                      3.3
xs.xs4.nt                           1.1147e-08
xs.xs5.nh                                  3.3
xs.xs5.nt                          3.08422e-46
xs.nb1                                     3.3
xs.nb2                             3.75871e-09
clks                                       3.3
xs.xcdec1.c_moscap_int1                   -3.3
xs.xcdec2.c_moscap_int1                   -3.3
nrd                                        3.3
nrp                                        3.3
ra                                         3.3
rb                                         3.3
rc                                           0
xr.xbias.na                           0.940667
xr.xbias.vbpc                          2.33139
xr.xbias.nc                           0.120618
xr.xbias.xrcg.11                      0.120389
xr.xbias.xrcg.21                   0.000228576
xr.xbias.nsu                         0.0130128
xr.xbias.vfix                          1.75603
xr.xbias.nmd                          0.755526
xr.xbias.vbp0                          2.42012
xr.xbias.noff                         0.765497
xr.xbias.xroff.11                     0.765243
xr.xbias.xroff.21                   0.00025373
xr.xbias.nvi                          0.797592
xr.xbias.xrdeg.11                     0.797328
xr.xbias.xrdeg.21                  0.000264368
xr.xbias.b0b                        5.4347e-09
xr.xbias.b1b                        5.4347e-09
xr.xbias.b2b                               3.3
xr.xbias.vbn1                         0.774493
xr.xbias.ga                            2.42012
xr.xbias.vbp2                          2.30906
xr.xbias.gb                           0.774493
xr.vbn                                0.797446
xr.xbias.gc                                3.3
xr.vbp                                 2.36376
xr.xs1.nh                               1.2838
xr.y1                                        0
xr.y5                                        0
xr.xs1.nt                          1.36113e-26
xr.xs2.nh                                  3.3
xr.y2                                      3.3
xr.xs2.nt                           1.1147e-08
xr.xs3.nh                                  3.3
xr.y3                                        0
xr.xs3.nt                          3.08565e-46
xr.xs4.nh                                  3.3
xr.y4                                      3.3
xr.xs4.nt                           1.1147e-08
xr.xs5.nh                                  3.3
xr.xs5.nt                          3.08565e-46
xr.nb1                                     3.3
xr.nb2                             3.75871e-09
clkr                                       3.3
xr.xcdec1.c_moscap_int1                   -3.3
xr.xcdec2.c_moscap_int1                   -3.3
e.xr.xcdec2.ec_moscap#branch                 0
e.xr.xcdec1.ec_moscap#branch                 0
e.xs.xcdec2.ec_moscap#branch                 0
e.xs.xcdec1.ec_moscap#branch                 0
e.xq.xcdec2.ec_moscap#branch                 0
e.xq.xcdec1.ec_moscap#branch                 0
erc#branch                                   0
erb#branch                                   0
era#branch                                   0
esc#branch                                   0
esb#branch                                   0
esa#branch                                   0
eqc#branch                                   0
eqb#branch                                   0
eqa#branch                                   0
vrp#branch                        -9.17321e-05
vrd#branch                        -9.17321e-05
vst#branch                        -9.17321e-05
vsd#branch                        -9.17321e-05
vq#branch                         -9.17321e-05
vc#branch                                    0


No. of Data Rows : 19716
Note: Simulation executed from .control section 

======== supply transient, band 4, Vctrl 1.8 V, ripple f/16 (typical_27c_3.30v) ========
* GENERATED by simenv.sh -- do not edit; edit /Users/rwalters/GitHub/gf180-pll/.loom/worktrees/issue-8/sim/vco-tuning-range/testbench/tb_vco_supply_jitter.sp instead
* tag=jit_typical_T27_V3p30_B4_C1p8_R16 libs=typical,res_typical,moscap_typical temp=27C
.include "/Users/rwalters/.volare/gf180mcuD/libs.tech/ngspice/design.ngspice"
.lib "/Users/rwalters/.volare/gf180mcuD/libs.tech/ngspice/sm141064.ngspice" typical
.lib "/Users/rwalters/.volare/gf180mcuD/libs.tech/ngspice/sm141064.ngspice" res_typical
.lib "/Users/rwalters/.volare/gf180mcuD/libs.tech/ngspice/sm141064.ngspice" moscap_typical
.temp 27
.param sim_temp=27
.param vsup=3.30
.param vctrl=1.8
.param b0=0
.param b1=0
.param b2=1
.param astep=0.1
.param tstepon=6.79489e-07
.param tedge=1n
.param arip=0.05
.param frip=3.49528e+06
.param tsettle=1.07288e-07
.param tstop=1.25169e-06
.param tstep=8.94064e-11
.param tmax=8.94064e-11
.include "/Users/rwalters/GitHub/gf180-pll/.loom/worktrees/issue-8/sim/vco-tuning-range/testbench/tb_vco_supply_jitter.sp"
.end

======== ngspice output ========

Note: Compatibility modes selected: hs a

Warning: m=xx on .subckt line will override multiplier m hierarchy!


Circuit: * generated by simenv.sh -- do not edit; edit /users/rwalters/github/gf180-pll/.loom/worktrees/issue-8/sim/vco-tuning-range/testbench/tb_vco_supply_jitter.sp instead

Doing analysis at TEMP = 27.000000 and TNOM = 27.000000

Using SPARSE 1.3 as Direct Linear Solver

Initial Transient Solution
--------------------------

Node                                   Voltage
----                                   -------
vctl                                       1.8
nq                                         3.3
qa                                           0
qb                                           0
qc                                         3.3
xq.xbias.na                           0.940667
xq.xbias.vbpc                          2.33139
xq.xbias.nc                           0.120618
xq.xbias.xrcg.11                      0.120389
xq.xbias.xrcg.21                   0.000228576
xq.xbias.nsu                         0.0130128
xq.xbias.vfix                          1.75603
xq.xbias.nmd                          0.755526
xq.xbias.vbp0                          2.42012
xq.xbias.noff                         0.765497
xq.xbias.xroff.11                     0.765243
xq.xbias.xroff.21                   0.00025373
xq.xbias.nvi                          0.797592
xq.xbias.xrdeg.11                     0.797328
xq.xbias.xrdeg.21                  0.000264368
xq.xbias.b0b                               3.3
xq.xbias.b1b                               3.3
xq.xbias.b2b                        5.4347e-09
xq.xbias.vbn1                         0.738825
xq.xbias.ga                                3.3
xq.xbias.vbp2                          2.44353
xq.xbias.gb                        1.42444e-11
xq.vbn                                0.843848
xq.xbias.gc                            2.44353
xq.vbp                                 2.31068
xq.xs1.nh                              1.33048
xq.y1                                        0
xq.y5                                        0
xq.xs1.nt                         -1.35719e-17
xq.xs2.nh                                  3.3
xq.y2                                      3.3
xq.xs2.nt                           8.0377e-09
xq.xs3.nh                                  3.3
xq.y3                                        0
xq.xs3.nt                          1.67896e-32
xq.xs4.nh                                  3.3
xq.y4                                      3.3
xq.xs4.nt                           8.0377e-09
xq.xs5.nh                                  3.3
xq.xs5.nt                          1.67896e-32
xq.nb1                                     3.3
xq.nb2                             3.75871e-09
clkq                                       3.3
xq.xcdec1.c_moscap_int1                   -3.3
xq.xcdec2.c_moscap_int1                   -3.3
nsd                                        3.3
nst                                        3.3
sa                                           0
sb                                           0
sc                                         3.3
xs.xbias.na                           0.940667
xs.xbias.vbpc                          2.33139
xs.xbias.nc                           0.120618
xs.xbias.xrcg.11                      0.120389
xs.xbias.xrcg.21                   0.000228576
xs.xbias.nsu                         0.0130128
xs.xbias.vfix                          1.75603
xs.xbias.nmd                          0.755526
xs.xbias.vbp0                          2.42012
xs.xbias.noff                         0.765497
xs.xbias.xroff.11                     0.765243
xs.xbias.xroff.21                   0.00025373
xs.xbias.nvi                          0.797592
xs.xbias.xrdeg.11                     0.797328
xs.xbias.xrdeg.21                  0.000264368
xs.xbias.b0b                               3.3
xs.xbias.b1b                               3.3
xs.xbias.b2b                        5.4347e-09
xs.xbias.vbn1                         0.738825
xs.xbias.ga                                3.3
xs.xbias.vbp2                          2.44353
xs.xbias.gb                        1.42444e-11
xs.vbn                                0.843848
xs.xbias.gc                            2.44353
xs.vbp                                 2.31068
xs.xs1.nh                              1.33048
xs.y1                                        0
xs.y5                                        0
xs.xs1.nt                         -1.05013e-17
xs.xs2.nh                                  3.3
xs.y2                                      3.3
xs.xs2.nt                           8.0377e-09
xs.xs3.nh                                  3.3
xs.y3                                        0
xs.xs3.nt                          1.67896e-32
xs.xs4.nh                                  3.3
xs.y4                                      3.3
xs.xs4.nt                           8.0377e-09
xs.xs5.nh                                  3.3
xs.xs5.nt                          1.67896e-32
xs.nb1                                     3.3
xs.nb2                             3.75871e-09
clks                                       3.3
xs.xcdec1.c_moscap_int1                   -3.3
xs.xcdec2.c_moscap_int1                   -3.3
nrd                                        3.3
nrp                                        3.3
ra                                           0
rb                                           0
rc                                         3.3
xr.xbias.na                           0.940667
xr.xbias.vbpc                          2.33139
xr.xbias.nc                           0.120618
xr.xbias.xrcg.11                      0.120389
xr.xbias.xrcg.21                   0.000228576
xr.xbias.nsu                         0.0130128
xr.xbias.vfix                          1.75603
xr.xbias.nmd                          0.755526
xr.xbias.vbp0                          2.42012
xr.xbias.noff                         0.765497
xr.xbias.xroff.11                     0.765243
xr.xbias.xroff.21                   0.00025373
xr.xbias.nvi                          0.797592
xr.xbias.xrdeg.11                     0.797328
xr.xbias.xrdeg.21                  0.000264368
xr.xbias.b0b                               3.3
xr.xbias.b1b                               3.3
xr.xbias.b2b                        5.4347e-09
xr.xbias.vbn1                         0.738825
xr.xbias.ga                                3.3
xr.xbias.vbp2                          2.44353
xr.xbias.gb                        1.42444e-11
xr.vbn                                0.843848
xr.xbias.gc                            2.44353
xr.vbp                                 2.31068
xr.xs1.nh                              1.33048
xr.y1                                        0
xr.y5                                        0
xr.xs1.nt                         -4.05454e-17
xr.xs2.nh                                  3.3
xr.y2                                      3.3
xr.xs2.nt                           8.0377e-09
xr.xs3.nh                                  3.3
xr.y3                                        0
xr.xs3.nt                          1.67896e-32
xr.xs4.nh                                  3.3
xr.y4                                      3.3
xr.xs4.nt                           8.0377e-09
xr.xs5.nh                                  3.3
xr.xs5.nt                          1.67896e-32
xr.nb1                                     3.3
xr.nb2                             3.75871e-09
clkr                                       3.3
xr.xcdec1.c_moscap_int1                   -3.3
xr.xcdec2.c_moscap_int1                   -3.3
e.xr.xcdec2.ec_moscap#branch                 0
e.xr.xcdec1.ec_moscap#branch                 0
e.xs.xcdec2.ec_moscap#branch                 0
e.xs.xcdec1.ec_moscap#branch                 0
e.xq.xcdec2.ec_moscap#branch                 0
e.xq.xcdec1.ec_moscap#branch                 0
erc#branch                                   0
erb#branch                                   0
era#branch                                   0
esc#branch                                   0
esb#branch                                   0
esa#branch                                   0
eqc#branch                                   0
eqb#branch                                   0
eqa#branch                                   0
vrp#branch                        -9.64678e-05
vrd#branch                        -9.64678e-05
vst#branch                        -9.64678e-05
vsd#branch                        -9.64678e-05
vq#branch                         -9.64678e-05
vc#branch                                    0


No. of Data Rows : 19096
Note: Simulation executed from .control section 

======== supply transient, band 5, Vctrl 1.8 V, ripple f/16 (typical_27c_3.30v) ========
* GENERATED by simenv.sh -- do not edit; edit /Users/rwalters/GitHub/gf180-pll/.loom/worktrees/issue-8/sim/vco-tuning-range/testbench/tb_vco_supply_jitter.sp instead
* tag=jit_typical_T27_V3p30_B5_C1p8_R16 libs=typical,res_typical,moscap_typical temp=27C
.include "/Users/rwalters/.volare/gf180mcuD/libs.tech/ngspice/design.ngspice"
.lib "/Users/rwalters/.volare/gf180mcuD/libs.tech/ngspice/sm141064.ngspice" typical
.lib "/Users/rwalters/.volare/gf180mcuD/libs.tech/ngspice/sm141064.ngspice" res_typical
.lib "/Users/rwalters/.volare/gf180mcuD/libs.tech/ngspice/sm141064.ngspice" moscap_typical
.temp 27
.param sim_temp=27
.param vsup=3.30
.param vctrl=1.8
.param b0=1
.param b1=0
.param b2=1
.param astep=0.1
.param tstepon=4.11811e-07
.param tedge=1n
.param arip=0.05
.param frip=5.76721e+06
.param tsettle=6.50228e-08
.param tstop=7.586e-07
.param tstep=5.41857e-11
.param tmax=5.41857e-11
.include "/Users/rwalters/GitHub/gf180-pll/.loom/worktrees/issue-8/sim/vco-tuning-range/testbench/tb_vco_supply_jitter.sp"
.end

======== ngspice output ========

Note: Compatibility modes selected: hs a

Warning: m=xx on .subckt line will override multiplier m hierarchy!


Circuit: * generated by simenv.sh -- do not edit; edit /users/rwalters/github/gf180-pll/.loom/worktrees/issue-8/sim/vco-tuning-range/testbench/tb_vco_supply_jitter.sp instead

Doing analysis at TEMP = 27.000000 and TNOM = 27.000000

Using SPARSE 1.3 as Direct Linear Solver

Initial Transient Solution
--------------------------

Node                                   Voltage
----                                   -------
vctl                                       1.8
nq                                         3.3
qa                                         3.3
qb                                           0
qc                                         3.3
xq.xbias.na                           0.940667
xq.xbias.vbpc                          2.33139
xq.xbias.nc                           0.120618
xq.xbias.xrcg.11                      0.120389
xq.xbias.xrcg.21                   0.000228576
xq.xbias.nsu                         0.0130128
xq.xbias.vfix                          1.75603
xq.xbias.nmd                          0.755526
xq.xbias.vbp0                          2.42012
xq.xbias.noff                         0.765497
xq.xbias.xroff.11                     0.765243
xq.xbias.xroff.21                   0.00025373
xq.xbias.nvi                          0.797592
xq.xbias.xrdeg.11                     0.797328
xq.xbias.xrdeg.21                  0.000264368
xq.xbias.b0b                        5.4347e-09
xq.xbias.b1b                               3.3
xq.xbias.b2b                        5.4347e-09
xq.xbias.vbn1                         0.774494
xq.xbias.ga                            2.42012
xq.xbias.vbp2                          2.40743
xq.xbias.gb                        1.43396e-11
xq.vbn                                 0.89712
xq.xbias.gc                            2.40743
xq.vbp                                 2.24845
xq.xs1.nh                              1.38556
xq.y1                                        0
xq.y5                                        0
xq.xs1.nt                         -1.57271e-17
xq.xs2.nh                                  3.3
xq.y2                                      3.3
xq.xs2.nt                          5.99944e-09
xq.xs3.nh                                  3.3
xq.y3                                        0
xq.xs3.nt                          8.20488e-19
xq.xs4.nh                                  3.3
xq.y4                                      3.3
xq.xs4.nt                          5.99944e-09
xq.xs5.nh                                  3.3
xq.xs5.nt                          8.20488e-19
xq.nb1                                     3.3
xq.nb2                             3.75871e-09
clkq                                       3.3
xq.xcdec1.c_moscap_int1                   -3.3
xq.xcdec2.c_moscap_int1                   -3.3
nsd                                        3.3
nst                                        3.3
sa                                         3.3
sb                                           0
sc                                         3.3
xs.xbias.na                           0.940667
xs.xbias.vbpc                          2.33139
xs.xbias.nc                           0.120618
xs.xbias.xrcg.11                      0.120389
xs.xbias.xrcg.21                   0.000228576
xs.xbias.nsu                         0.0130128
xs.xbias.vfix                          1.75603
xs.xbias.nmd                          0.755526
xs.xbias.vbp0                          2.42012
xs.xbias.noff                         0.765497
xs.xbias.xroff.11                     0.765243
xs.xbias.xroff.21                   0.00025373
xs.xbias.nvi                          0.797592
xs.xbias.xrdeg.11                     0.797328
xs.xbias.xrdeg.21                  0.000264368
xs.xbias.b0b                        5.4347e-09
xs.xbias.b1b                               3.3
xs.xbias.b2b                        5.4347e-09
xs.xbias.vbn1                         0.774494
xs.xbias.ga                            2.42012
xs.xbias.vbp2                          2.40743
xs.xbias.gb                        1.43396e-11
xs.vbn                                 0.89712
xs.xbias.gc                            2.40743
xs.vbp                                 2.24845
xs.xs1.nh                              1.38556
xs.y1                                        0
xs.y5                                        0
xs.xs1.nt                          2.40183e-17
xs.xs2.nh                                  3.3
xs.y2                                      3.3
xs.xs2.nt                          5.99944e-09
xs.xs3.nh                                  3.3
xs.y3                                        0
xs.xs3.nt                          8.20488e-19
xs.xs4.nh                                  3.3
xs.y4                                      3.3
xs.xs4.nt                          5.99944e-09
xs.xs5.nh                                  3.3
xs.xs5.nt                          8.20488e-19
xs.nb1                                     3.3
xs.nb2                             3.75871e-09
clks                                       3.3
xs.xcdec1.c_moscap_int1                   -3.3
xs.xcdec2.c_moscap_int1                   -3.3
nrd                                        3.3
nrp                                        3.3
ra                                         3.3
rb                                           0
rc                                         3.3
xr.xbias.na                           0.940667
xr.xbias.vbpc                          2.33139
xr.xbias.nc                           0.120618
xr.xbias.xrcg.11                      0.120389
xr.xbias.xrcg.21                   0.000228576
xr.xbias.nsu                         0.0130128
xr.xbias.vfix                          1.75603
xr.xbias.nmd                          0.755526
xr.xbias.vbp0                          2.42012
xr.xbias.noff                         0.765497
xr.xbias.xroff.11                     0.765243
xr.xbias.xroff.21                   0.00025373
xr.xbias.nvi                          0.797592
xr.xbias.xrdeg.11                     0.797328
xr.xbias.xrdeg.21                  0.000264368
xr.xbias.b0b                        5.4347e-09
xr.xbias.b1b                               3.3
xr.xbias.b2b                        5.4347e-09
xr.xbias.vbn1                         0.774494
xr.xbias.ga                            2.42012
xr.xbias.vbp2                          2.40743
xr.xbias.gb                        1.43396e-11
xr.vbn                                 0.89712
xr.xbias.gc                            2.40743
xr.vbp                                 2.24845
xr.xs1.nh                              1.38556
xr.y1                                        0
xr.y5                                        0
xr.xs1.nt                          2.13978e-17
xr.xs2.nh                                  3.3
xr.y2                                      3.3
xr.xs2.nt                          5.99944e-09
xr.xs3.nh                                  3.3
xr.y3                                        0
xr.xs3.nt                          2.91016e-32
xr.xs4.nh                                  3.3
xr.y4                                      3.3
xr.xs4.nt                          5.99944e-09
xr.xs5.nh                                  3.3
xr.xs5.nt                          2.91016e-32
xr.nb1                                     3.3
xr.nb2                             3.75871e-09
clkr                                       3.3
xr.xcdec1.c_moscap_int1                   -3.3
xr.xcdec2.c_moscap_int1                   -3.3
e.xr.xcdec2.ec_moscap#branch                 0
e.xr.xcdec1.ec_moscap#branch                 0
e.xs.xcdec2.ec_moscap#branch                 0
e.xs.xcdec1.ec_moscap#branch                 0
e.xq.xcdec2.ec_moscap#branch                 0
e.xq.xcdec1.ec_moscap#branch                 0
erc#branch                                   0
erb#branch                                   0
era#branch                                   0
esc#branch                                   0
esb#branch                                   0
esa#branch                                   0
eqc#branch                                   0
eqb#branch                                   0
eqa#branch                                   0
vrp#branch                        -0.000136007
vrd#branch                        -0.000136007
vst#branch                        -0.000136007
vsd#branch                        -0.000136007
vq#branch                         -0.000136007
vc#branch                                    0


No. of Data Rows : 18294
Note: Simulation executed from .control section 

======== supply transient, band 5, Vctrl 1.8 V, ripple f/32 (typical_27c_3.30v) ========
* GENERATED by simenv.sh -- do not edit; edit /Users/rwalters/GitHub/gf180-pll/.loom/worktrees/issue-8/sim/vco-tuning-range/testbench/tb_vco_supply_jitter.sp instead
* tag=jit_typical_T27_V3p30_B5_C1p8_R32 libs=typical,res_typical,moscap_typical temp=27C
.include "/Users/rwalters/.volare/gf180mcuD/libs.tech/ngspice/design.ngspice"
.lib "/Users/rwalters/.volare/gf180mcuD/libs.tech/ngspice/sm141064.ngspice" typical
.lib "/Users/rwalters/.volare/gf180mcuD/libs.tech/ngspice/sm141064.ngspice" res_typical
.lib "/Users/rwalters/.volare/gf180mcuD/libs.tech/ngspice/sm141064.ngspice" moscap_typical
.temp 27
.param sim_temp=27
.param vsup=3.30
.param vctrl=1.8
.param b0=1
.param b1=0
.param b2=1
.param astep=0.1
.param tstepon=7.586e-07
.param tedge=1n
.param arip=0.05
.param frip=2.8836e+06
.param tsettle=6.50228e-08
.param tstop=1.45218e-06
.param tstep=5.41857e-11
.param tmax=5.41857e-11
.include "/Users/rwalters/GitHub/gf180-pll/.loom/worktrees/issue-8/sim/vco-tuning-range/testbench/tb_vco_supply_jitter.sp"
.end

======== ngspice output ========

Note: Compatibility modes selected: hs a

Warning: m=xx on .subckt line will override multiplier m hierarchy!


Circuit: * generated by simenv.sh -- do not edit; edit /users/rwalters/github/gf180-pll/.loom/worktrees/issue-8/sim/vco-tuning-range/testbench/tb_vco_supply_jitter.sp instead

Doing analysis at TEMP = 27.000000 and TNOM = 27.000000

Using SPARSE 1.3 as Direct Linear Solver

Initial Transient Solution
--------------------------

Node                                   Voltage
----                                   -------
vctl                                       1.8
nq                                         3.3
qa                                         3.3
qb                                           0
qc                                         3.3
xq.xbias.na                           0.940667
xq.xbias.vbpc                          2.33139
xq.xbias.nc                           0.120618
xq.xbias.xrcg.11                      0.120389
xq.xbias.xrcg.21                   0.000228576
xq.xbias.nsu                         0.0130128
xq.xbias.vfix                          1.75603
xq.xbias.nmd                          0.755526
xq.xbias.vbp0                          2.42012
xq.xbias.noff                         0.765497
xq.xbias.xroff.11                     0.765243
xq.xbias.xroff.21                   0.00025373
xq.xbias.nvi                          0.797592
xq.xbias.xrdeg.11                     0.797328
xq.xbias.xrdeg.21                  0.000264368
xq.xbias.b0b                        5.4347e-09
xq.xbias.b1b                               3.3
xq.xbias.b2b                        5.4347e-09
xq.xbias.vbn1                         0.774494
xq.xbias.ga                            2.42012
xq.xbias.vbp2                          2.40743
xq.xbias.gb                        1.43396e-11
xq.vbn                                 0.89712
xq.xbias.gc                            2.40743
xq.vbp                                 2.24845
xq.xs1.nh                              1.38556
xq.y1                                        0
xq.y5                                        0
xq.xs1.nt                         -1.57271e-17
xq.xs2.nh                                  3.3
xq.y2                                      3.3
xq.xs2.nt                          5.99944e-09
xq.xs3.nh                                  3.3
xq.y3                                        0
xq.xs3.nt                          8.20488e-19
xq.xs4.nh                                  3.3
xq.y4                                      3.3
xq.xs4.nt                          5.99944e-09
xq.xs5.nh                                  3.3
xq.xs5.nt                          8.20488e-19
xq.nb1                                     3.3
xq.nb2                             3.75871e-09
clkq                                       3.3
xq.xcdec1.c_moscap_int1                   -3.3
xq.xcdec2.c_moscap_int1                   -3.3
nsd                                        3.3
nst                                        3.3
sa                                         3.3
sb                                           0
sc                                         3.3
xs.xbias.na                           0.940667
xs.xbias.vbpc                          2.33139
xs.xbias.nc                           0.120618
xs.xbias.xrcg.11                      0.120389
xs.xbias.xrcg.21                   0.000228576
xs.xbias.nsu                         0.0130128
xs.xbias.vfix                          1.75603
xs.xbias.nmd                          0.755526
xs.xbias.vbp0                          2.42012
xs.xbias.noff                         0.765497
xs.xbias.xroff.11                     0.765243
xs.xbias.xroff.21                   0.00025373
xs.xbias.nvi                          0.797592
xs.xbias.xrdeg.11                     0.797328
xs.xbias.xrdeg.21                  0.000264368
xs.xbias.b0b                        5.4347e-09
xs.xbias.b1b                               3.3
xs.xbias.b2b                        5.4347e-09
xs.xbias.vbn1                         0.774494
xs.xbias.ga                            2.42012
xs.xbias.vbp2                          2.40743
xs.xbias.gb                        1.43396e-11
xs.vbn                                 0.89712
xs.xbias.gc                            2.40743
xs.vbp                                 2.24845
xs.xs1.nh                              1.38556
xs.y1                                        0
xs.y5                                        0
xs.xs1.nt                          2.40183e-17
xs.xs2.nh                                  3.3
xs.y2                                      3.3
xs.xs2.nt                          5.99944e-09
xs.xs3.nh                                  3.3
xs.y3                                        0
xs.xs3.nt                          8.20488e-19
xs.xs4.nh                                  3.3
xs.y4                                      3.3
xs.xs4.nt                          5.99944e-09
xs.xs5.nh                                  3.3
xs.xs5.nt                          8.20488e-19
xs.nb1                                     3.3
xs.nb2                             3.75871e-09
clks                                       3.3
xs.xcdec1.c_moscap_int1                   -3.3
xs.xcdec2.c_moscap_int1                   -3.3
nrd                                        3.3
nrp                                        3.3
ra                                         3.3
rb                                           0
rc                                         3.3
xr.xbias.na                           0.940667
xr.xbias.vbpc                          2.33139
xr.xbias.nc                           0.120618
xr.xbias.xrcg.11                      0.120389
xr.xbias.xrcg.21                   0.000228576
xr.xbias.nsu                         0.0130128
xr.xbias.vfix                          1.75603
xr.xbias.nmd                          0.755526
xr.xbias.vbp0                          2.42012
xr.xbias.noff                         0.765497
xr.xbias.xroff.11                     0.765243
xr.xbias.xroff.21                   0.00025373
xr.xbias.nvi                          0.797592
xr.xbias.xrdeg.11                     0.797328
xr.xbias.xrdeg.21                  0.000264368
xr.xbias.b0b                        5.4347e-09
xr.xbias.b1b                               3.3
xr.xbias.b2b                        5.4347e-09
xr.xbias.vbn1                         0.774494
xr.xbias.ga                            2.42012
xr.xbias.vbp2                          2.40743
xr.xbias.gb                        1.43396e-11
xr.vbn                                 0.89712
xr.xbias.gc                            2.40743
xr.vbp                                 2.24845
xr.xs1.nh                              1.38556
xr.y1                                        0
xr.y5                                        0
xr.xs1.nt                          2.13978e-17
xr.xs2.nh                                  3.3
xr.y2                                      3.3
xr.xs2.nt                          5.99944e-09
xr.xs3.nh                                  3.3
xr.y3                                        0
xr.xs3.nt                          2.91016e-32
xr.xs4.nh                                  3.3
xr.y4                                      3.3
xr.xs4.nt                          5.99944e-09
xr.xs5.nh                                  3.3
xr.xs5.nt                          2.91016e-32
xr.nb1                                     3.3
xr.nb2                             3.75871e-09
clkr                                       3.3
xr.xcdec1.c_moscap_int1                   -3.3
xr.xcdec2.c_moscap_int1                   -3.3
e.xr.xcdec2.ec_moscap#branch                 0
e.xr.xcdec1.ec_moscap#branch                 0
e.xs.xcdec2.ec_moscap#branch                 0
e.xs.xcdec1.ec_moscap#branch                 0
e.xq.xcdec2.ec_moscap#branch                 0
e.xq.xcdec1.ec_moscap#branch                 0
erc#branch                                   0
erb#branch                                   0
era#branch                                   0
esc#branch                                   0
esb#branch                                   0
esa#branch                                   0
eqc#branch                                   0
eqb#branch                                   0
eqa#branch                                   0
vrp#branch                        -0.000136007
vrd#branch                        -0.000136007
vst#branch                        -0.000136007
vsd#branch                        -0.000136007
vq#branch                         -0.000136007
vc#branch                                    0


No. of Data Rows : 35260
Note: Simulation executed from .control section 

======== supply transient, band 5, Vctrl 1.8 V, ripple f/4 (typical_27c_3.30v) ========
* GENERATED by simenv.sh -- do not edit; edit /Users/rwalters/GitHub/gf180-pll/.loom/worktrees/issue-8/sim/vco-tuning-range/testbench/tb_vco_supply_jitter.sp instead
* tag=jit_typical_T27_V3p30_B5_C1p8_R4 libs=typical,res_typical,moscap_typical temp=27C
.include "/Users/rwalters/.volare/gf180mcuD/libs.tech/ngspice/design.ngspice"
.lib "/Users/rwalters/.volare/gf180mcuD/libs.tech/ngspice/sm141064.ngspice" typical
.lib "/Users/rwalters/.volare/gf180mcuD/libs.tech/ngspice/sm141064.ngspice" res_typical
.lib "/Users/rwalters/.volare/gf180mcuD/libs.tech/ngspice/sm141064.ngspice" moscap_typical
.temp 27
.param sim_temp=27
.param vsup=3.30
.param vctrl=1.8
.param b0=1
.param b1=0
.param b2=1
.param astep=0.1
.param tstepon=4.11811e-07
.param tedge=1n
.param arip=0.05
.param frip=2.30688e+07
.param tsettle=6.50228e-08
.param tstop=7.586e-07
.param tstep=5.41857e-11
.param tmax=5.41857e-11
.include "/Users/rwalters/GitHub/gf180-pll/.loom/worktrees/issue-8/sim/vco-tuning-range/testbench/tb_vco_supply_jitter.sp"
.end

======== ngspice output ========

Note: Compatibility modes selected: hs a

Warning: m=xx on .subckt line will override multiplier m hierarchy!


Circuit: * generated by simenv.sh -- do not edit; edit /users/rwalters/github/gf180-pll/.loom/worktrees/issue-8/sim/vco-tuning-range/testbench/tb_vco_supply_jitter.sp instead

Doing analysis at TEMP = 27.000000 and TNOM = 27.000000

Using SPARSE 1.3 as Direct Linear Solver

Initial Transient Solution
--------------------------

Node                                   Voltage
----                                   -------
vctl                                       1.8
nq                                         3.3
qa                                         3.3
qb                                           0
qc                                         3.3
xq.xbias.na                           0.940667
xq.xbias.vbpc                          2.33139
xq.xbias.nc                           0.120618
xq.xbias.xrcg.11                      0.120389
xq.xbias.xrcg.21                   0.000228576
xq.xbias.nsu                         0.0130128
xq.xbias.vfix                          1.75603
xq.xbias.nmd                          0.755526
xq.xbias.vbp0                          2.42012
xq.xbias.noff                         0.765497
xq.xbias.xroff.11                     0.765243
xq.xbias.xroff.21                   0.00025373
xq.xbias.nvi                          0.797592
xq.xbias.xrdeg.11                     0.797328
xq.xbias.xrdeg.21                  0.000264368
xq.xbias.b0b                        5.4347e-09
xq.xbias.b1b                               3.3
xq.xbias.b2b                        5.4347e-09
xq.xbias.vbn1                         0.774494
xq.xbias.ga                            2.42012
xq.xbias.vbp2                          2.40743
xq.xbias.gb                        1.43396e-11
xq.vbn                                 0.89712
xq.xbias.gc                            2.40743
xq.vbp                                 2.24845
xq.xs1.nh                              1.38556
xq.y1                                        0
xq.y5                                        0
xq.xs1.nt                         -1.57271e-17
xq.xs2.nh                                  3.3
xq.y2                                      3.3
xq.xs2.nt                          5.99944e-09
xq.xs3.nh                                  3.3
xq.y3                                        0
xq.xs3.nt                          8.20488e-19
xq.xs4.nh                                  3.3
xq.y4                                      3.3
xq.xs4.nt                          5.99944e-09
xq.xs5.nh                                  3.3
xq.xs5.nt                          8.20488e-19
xq.nb1                                     3.3
xq.nb2                             3.75871e-09
clkq                                       3.3
xq.xcdec1.c_moscap_int1                   -3.3
xq.xcdec2.c_moscap_int1                   -3.3
nsd                                        3.3
nst                                        3.3
sa                                         3.3
sb                                           0
sc                                         3.3
xs.xbias.na                           0.940667
xs.xbias.vbpc                          2.33139
xs.xbias.nc                           0.120618
xs.xbias.xrcg.11                      0.120389
xs.xbias.xrcg.21                   0.000228576
xs.xbias.nsu                         0.0130128
xs.xbias.vfix                          1.75603
xs.xbias.nmd                          0.755526
xs.xbias.vbp0                          2.42012
xs.xbias.noff                         0.765497
xs.xbias.xroff.11                     0.765243
xs.xbias.xroff.21                   0.00025373
xs.xbias.nvi                          0.797592
xs.xbias.xrdeg.11                     0.797328
xs.xbias.xrdeg.21                  0.000264368
xs.xbias.b0b                        5.4347e-09
xs.xbias.b1b                               3.3
xs.xbias.b2b                        5.4347e-09
xs.xbias.vbn1                         0.774494
xs.xbias.ga                            2.42012
xs.xbias.vbp2                          2.40743
xs.xbias.gb                        1.43396e-11
xs.vbn                                 0.89712
xs.xbias.gc                            2.40743
xs.vbp                                 2.24845
xs.xs1.nh                              1.38556
xs.y1                                        0
xs.y5                                        0
xs.xs1.nt                          2.40183e-17
xs.xs2.nh                                  3.3
xs.y2                                      3.3
xs.xs2.nt                          5.99944e-09
xs.xs3.nh                                  3.3
xs.y3                                        0
xs.xs3.nt                          8.20488e-19
xs.xs4.nh                                  3.3
xs.y4                                      3.3
xs.xs4.nt                          5.99944e-09
xs.xs5.nh                                  3.3
xs.xs5.nt                          8.20488e-19
xs.nb1                                     3.3
xs.nb2                             3.75871e-09
clks                                       3.3
xs.xcdec1.c_moscap_int1                   -3.3
xs.xcdec2.c_moscap_int1                   -3.3
nrd                                        3.3
nrp                                        3.3
ra                                         3.3
rb                                           0
rc                                         3.3
xr.xbias.na                           0.940667
xr.xbias.vbpc                          2.33139
xr.xbias.nc                           0.120618
xr.xbias.xrcg.11                      0.120389
xr.xbias.xrcg.21                   0.000228576
xr.xbias.nsu                         0.0130128
xr.xbias.vfix                          1.75603
xr.xbias.nmd                          0.755526
xr.xbias.vbp0                          2.42012
xr.xbias.noff                         0.765497
xr.xbias.xroff.11                     0.765243
xr.xbias.xroff.21                   0.00025373
xr.xbias.nvi                          0.797592
xr.xbias.xrdeg.11                     0.797328
xr.xbias.xrdeg.21                  0.000264368
xr.xbias.b0b                        5.4347e-09
xr.xbias.b1b                               3.3
xr.xbias.b2b                        5.4347e-09
xr.xbias.vbn1                         0.774494
xr.xbias.ga                            2.42012
xr.xbias.vbp2                          2.40743
xr.xbias.gb                        1.43396e-11
xr.vbn                                 0.89712
xr.xbias.gc                            2.40743
xr.vbp                                 2.24845
xr.xs1.nh                              1.38556
xr.y1                                        0
xr.y5                                        0
xr.xs1.nt                          2.13978e-17
xr.xs2.nh                                  3.3
xr.y2                                      3.3
xr.xs2.nt                          5.99944e-09
xr.xs3.nh                                  3.3
xr.y3                                        0
xr.xs3.nt                          2.91016e-32
xr.xs4.nh                                  3.3
xr.y4                                      3.3
xr.xs4.nt                          5.99944e-09
xr.xs5.nh                                  3.3
xr.xs5.nt                          2.91016e-32
xr.nb1                                     3.3
xr.nb2                             3.75871e-09
clkr                                       3.3
xr.xcdec1.c_moscap_int1                   -3.3
xr.xcdec2.c_moscap_int1                   -3.3
e.xr.xcdec2.ec_moscap#branch                 0
e.xr.xcdec1.ec_moscap#branch                 0
e.xs.xcdec2.ec_moscap#branch                 0
e.xs.xcdec1.ec_moscap#branch                 0
e.xq.xcdec2.ec_moscap#branch                 0
e.xq.xcdec1.ec_moscap#branch                 0
erc#branch                                   0
erb#branch                                   0
era#branch                                   0
esc#branch                                   0
esb#branch                                   0
esa#branch                                   0
eqc#branch                                   0
eqb#branch                                   0
eqa#branch                                   0
vrp#branch                        -0.000136007
vrd#branch                        -0.000136007
vst#branch                        -0.000136007
vsd#branch                        -0.000136007
vq#branch                         -0.000136007
vc#branch                                    0


No. of Data Rows : 18157
Note: Simulation executed from .control section 

======== supply transient, band 6, Vctrl 1.8 V, ripple f/16 (typical_27c_3.30v) ========
* GENERATED by simenv.sh -- do not edit; edit /Users/rwalters/GitHub/gf180-pll/.loom/worktrees/issue-8/sim/vco-tuning-range/testbench/tb_vco_supply_jitter.sp instead
* tag=jit_typical_T27_V3p30_B6_C1p8_R16 libs=typical,res_typical,moscap_typical temp=27C
.include "/Users/rwalters/.volare/gf180mcuD/libs.tech/ngspice/design.ngspice"
.lib "/Users/rwalters/.volare/gf180mcuD/libs.tech/ngspice/sm141064.ngspice" typical
.lib "/Users/rwalters/.volare/gf180mcuD/libs.tech/ngspice/sm141064.ngspice" res_typical
.lib "/Users/rwalters/.volare/gf180mcuD/libs.tech/ngspice/sm141064.ngspice" moscap_typical
.temp 27
.param sim_temp=27
.param vsup=3.30
.param vctrl=1.8
.param b0=0
.param b1=1
.param b2=1
.param astep=0.1
.param tstepon=2.49583e-07
.param tedge=1n
.param arip=0.05
.param frip=9.51588e+06
.param tsettle=3.94078e-08
.param tstop=4.59758e-07
.param tstep=3.28399e-11
.param tmax=3.28399e-11
.include "/Users/rwalters/GitHub/gf180-pll/.loom/worktrees/issue-8/sim/vco-tuning-range/testbench/tb_vco_supply_jitter.sp"
.end

======== ngspice output ========

Note: Compatibility modes selected: hs a

Warning: m=xx on .subckt line will override multiplier m hierarchy!


Circuit: * generated by simenv.sh -- do not edit; edit /users/rwalters/github/gf180-pll/.loom/worktrees/issue-8/sim/vco-tuning-range/testbench/tb_vco_supply_jitter.sp instead

Doing analysis at TEMP = 27.000000 and TNOM = 27.000000

Using SPARSE 1.3 as Direct Linear Solver

Initial Transient Solution
--------------------------

Node                                   Voltage
----                                   -------
vctl                                       1.8
nq                                         3.3
qa                                           0
qb                                         3.3
qc                                         3.3
xq.xbias.na                           0.940667
xq.xbias.vbpc                          2.33139
xq.xbias.nc                           0.120618
xq.xbias.xrcg.11                      0.120389
xq.xbias.xrcg.21                   0.000228576
xq.xbias.nsu                         0.0130128
xq.xbias.vfix                          1.75603
xq.xbias.nmd                          0.755526
xq.xbias.vbp0                          2.42012
xq.xbias.noff                         0.765497
xq.xbias.xroff.11                     0.765243
xq.xbias.xroff.21                   0.00025373
xq.xbias.nvi                          0.797592
xq.xbias.xrdeg.11                     0.797328
xq.xbias.xrdeg.21                  0.000264368
xq.xbias.b0b                               3.3
xq.xbias.b1b                        5.4347e-09
xq.xbias.b2b                        5.4347e-09
xq.xbias.vbn1                         0.738825
xq.xbias.ga                                3.3
xq.xbias.vbp2                          2.36184
xq.xbias.gb                           0.738825
xq.vbn                                0.968971
xq.xbias.gc                            2.36184
xq.vbp                                 2.16352
xq.xs1.nh                              1.46118
xq.y1                                        0
xq.y5                                        0
xq.xs1.nt                          -4.2696e-18
xq.xs2.nh                                  3.3
xq.y2                                      3.3
xq.xs2.nt                           4.4465e-09
xq.xs3.nh                                  3.3
xq.y3                                        0
xq.xs3.nt                           2.4258e-32
xq.xs4.nh                                  3.3
xq.y4                                      3.3
xq.xs4.nt                           4.4465e-09
xq.xs5.nh                                  3.3
xq.xs5.nt                           2.4258e-32
xq.nb1                                     3.3
xq.nb2                             3.75871e-09
clkq                                       3.3
xq.xcdec1.c_moscap_int1                   -3.3
xq.xcdec2.c_moscap_int1                   -3.3
nsd                                        3.3
nst                                        3.3
sa                                           0
sb                                         3.3
sc                                         3.3
xs.xbias.na                           0.940667
xs.xbias.vbpc                          2.33139
xs.xbias.nc                           0.120618
xs.xbias.xrcg.11                      0.120389
xs.xbias.xrcg.21                   0.000228576
xs.xbias.nsu                         0.0130128
xs.xbias.vfix                          1.75603
xs.xbias.nmd                          0.755526
xs.xbias.vbp0                          2.42012
xs.xbias.noff                         0.765497
xs.xbias.xroff.11                     0.765243
xs.xbias.xroff.21                   0.00025373
xs.xbias.nvi                          0.797592
xs.xbias.xrdeg.11                     0.797328
xs.xbias.xrdeg.21                  0.000264368
xs.xbias.b0b                               3.3
xs.xbias.b1b                        5.4347e-09
xs.xbias.b2b                        5.4347e-09
xs.xbias.vbn1                         0.738825
xs.xbias.ga                                3.3
xs.xbias.vbp2                          2.36184
xs.xbias.gb                           0.738825
xs.vbn                                0.968971
xs.xbias.gc                            2.36184
xs.vbp                                 2.16352
xs.xs1.nh                              1.46118
xs.y1                                        0
xs.y5                                        0
xs.xs1.nt                          -4.2696e-18
xs.xs2.nh                                  3.3
xs.y2                                      3.3
xs.xs2.nt                           4.4465e-09
xs.xs3.nh                                  3.3
xs.y3                                        0
xs.xs3.nt                          1.85462e-32
xs.xs4.nh                                  3.3
xs.y4                                      3.3
xs.xs4.nt                           4.4465e-09
xs.xs5.nh                                  3.3
xs.xs5.nt                          1.85462e-32
xs.nb1                                     3.3
xs.nb2                             3.75871e-09
clks                                       3.3
xs.xcdec1.c_moscap_int1                   -3.3
xs.xcdec2.c_moscap_int1                   -3.3
nrd                                        3.3
nrp                                        3.3
ra                                           0
rb                                         3.3
rc                                         3.3
xr.xbias.na                           0.940667
xr.xbias.vbpc                          2.33139
xr.xbias.nc                           0.120618
xr.xbias.xrcg.11                      0.120389
xr.xbias.xrcg.21                   0.000228576
xr.xbias.nsu                         0.0130128
xr.xbias.vfix                          1.75603
xr.xbias.nmd                          0.755526
xr.xbias.vbp0                          2.42012
xr.xbias.noff                         0.765497
xr.xbias.xroff.11                     0.765243
xr.xbias.xroff.21                   0.00025373
xr.xbias.nvi                          0.797592
xr.xbias.xrdeg.11                     0.797328
xr.xbias.xrdeg.21                  0.000264368
xr.xbias.b0b                               3.3
xr.xbias.b1b                        5.4347e-09
xr.xbias.b2b                        5.4347e-09
xr.xbias.vbn1                         0.738825
xr.xbias.ga                                3.3
xr.xbias.vbp2                          2.36184
xr.xbias.gb                           0.738825
xr.vbn                                0.968971
xr.xbias.gc                            2.36184
xr.vbp                                 2.16352
xr.xs1.nh                              1.46118
xr.y1                                        0
xr.y5                                        0
xr.xs1.nt                          -4.2696e-18
xr.xs2.nh                                  3.3
xr.y2                                      3.3
xr.xs2.nt                           4.4465e-09
xr.xs3.nh                                  3.3
xr.y3                                        0
xr.xs3.nt                          2.42582e-32
xr.xs4.nh                                  3.3
xr.y4                                      3.3
xr.xs4.nt                           4.4465e-09
xr.xs5.nh                                  3.3
xr.xs5.nt                          2.42582e-32
xr.nb1                                     3.3
xr.nb2                             3.75871e-09
clkr                                       3.3
xr.xcdec1.c_moscap_int1                   -3.3
xr.xcdec2.c_moscap_int1                   -3.3
e.xr.xcdec2.ec_moscap#branch                 0
e.xr.xcdec1.ec_moscap#branch                 0
e.xs.xcdec2.ec_moscap#branch                 0
e.xs.xcdec1.ec_moscap#branch                 0
e.xq.xcdec2.ec_moscap#branch                 0
e.xq.xcdec1.ec_moscap#branch                 0
erc#branch                                   0
erb#branch                                   0
era#branch                                   0
esc#branch                                   0
esb#branch                                   0
esa#branch                                   0
eqc#branch                                   0
eqb#branch                                   0
eqa#branch                                   0
vrp#branch                        -0.000192309
vrd#branch                        -0.000192309
vst#branch                        -0.000192309
vsd#branch                        -0.000192309
vq#branch                         -0.000192309
vc#branch                                    0


No. of Data Rows : 17557
Note: Simulation executed from .control section 

======== supply transient, band 7, Vctrl 1.8 V, ripple f/16 (typical_27c_3.30v) ========
* GENERATED by simenv.sh -- do not edit; edit /Users/rwalters/GitHub/gf180-pll/.loom/worktrees/issue-8/sim/vco-tuning-range/testbench/tb_vco_supply_jitter.sp instead
* tag=jit_typical_T27_V3p30_B7_C1p8_R16 libs=typical,res_typical,moscap_typical temp=27C
.include "/Users/rwalters/.volare/gf180mcuD/libs.tech/ngspice/design.ngspice"
.lib "/Users/rwalters/.volare/gf180mcuD/libs.tech/ngspice/sm141064.ngspice" typical
.lib "/Users/rwalters/.volare/gf180mcuD/libs.tech/ngspice/sm141064.ngspice" res_typical
.lib "/Users/rwalters/.volare/gf180mcuD/libs.tech/ngspice/sm141064.ngspice" moscap_typical
.temp 27
.param sim_temp=27
.param vsup=3.30
.param vctrl=1.8
.param b0=1
.param b1=1
.param b2=1
.param astep=0.1
.param tstepon=1.51262e-07
.param tedge=1n
.param arip=0.05
.param frip=1.57012e+07
.param tsettle=2.38835e-08
.param tstop=2.78641e-07
.param tstep=1.9903e-11
.param tmax=1.9903e-11
.include "/Users/rwalters/GitHub/gf180-pll/.loom/worktrees/issue-8/sim/vco-tuning-range/testbench/tb_vco_supply_jitter.sp"
.end

======== ngspice output ========

Note: Compatibility modes selected: hs a

Warning: m=xx on .subckt line will override multiplier m hierarchy!


Circuit: * generated by simenv.sh -- do not edit; edit /users/rwalters/github/gf180-pll/.loom/worktrees/issue-8/sim/vco-tuning-range/testbench/tb_vco_supply_jitter.sp instead

Doing analysis at TEMP = 27.000000 and TNOM = 27.000000

Using SPARSE 1.3 as Direct Linear Solver

Initial Transient Solution
--------------------------

Node                                   Voltage
----                                   -------
vctl                                       1.8
nq                                         3.3
qa                                         3.3
qb                                         3.3
qc                                         3.3
xq.xbias.na                           0.940667
xq.xbias.vbpc                          2.33139
xq.xbias.nc                           0.120618
xq.xbias.xrcg.11                      0.120389
xq.xbias.xrcg.21                   0.000228576
xq.xbias.nsu                         0.0130128
xq.xbias.vfix                          1.75603
xq.xbias.nmd                          0.755526
xq.xbias.vbp0                          2.42012
xq.xbias.noff                         0.765497
xq.xbias.xroff.11                     0.765243
xq.xbias.xroff.21                   0.00025373
xq.xbias.nvi                          0.797592
xq.xbias.xrdeg.11                     0.797328
xq.xbias.xrdeg.21                  0.000264368
xq.xbias.b0b                        5.4347e-09
xq.xbias.b1b                        5.4347e-09
xq.xbias.b2b                        5.4347e-09
xq.xbias.vbn1                         0.774493
xq.xbias.ga                            2.42012
xq.xbias.vbp2                          2.30906
xq.xbias.gb                           0.774493
xq.vbn                                 1.05771
xq.xbias.gc                            2.30906
xq.vbp                                 2.05902
xq.xs1.nh                              1.55475
xq.y1                                        0
xq.y5                                        0
xq.xs1.nt                          1.90292e-26
xq.xs2.nh                                  3.3
xq.y2                                      3.3
xq.xs2.nt                           3.3813e-09
xq.xs3.nh                                  3.3
xq.y3                                        0
xq.xs3.nt                          -3.0808e-32
xq.xs4.nh                                  3.3
xq.y4                                      3.3
xq.xs4.nt                           3.3813e-09
xq.xs5.nh                                  3.3
xq.xs5.nt                          -3.0808e-32
xq.nb1                                     3.3
xq.nb2                             3.75871e-09
clkq                                       3.3
xq.xcdec1.c_moscap_int1                   -3.3
xq.xcdec2.c_moscap_int1                   -3.3
nsd                                        3.3
nst                                        3.3
sa                                         3.3
sb                                         3.3
sc                                         3.3
xs.xbias.na                           0.940667
xs.xbias.vbpc                          2.33139
xs.xbias.nc                           0.120618
xs.xbias.xrcg.11                      0.120389
xs.xbias.xrcg.21                   0.000228576
xs.xbias.nsu                         0.0130128
xs.xbias.vfix                          1.75603
xs.xbias.nmd                          0.755526
xs.xbias.vbp0                          2.42012
xs.xbias.noff                         0.765497
xs.xbias.xroff.11                     0.765243
xs.xbias.xroff.21                   0.00025373
xs.xbias.nvi                          0.797592
xs.xbias.xrdeg.11                     0.797328
xs.xbias.xrdeg.21                  0.000264368
xs.xbias.b0b                        5.4347e-09
xs.xbias.b1b                        5.4347e-09
xs.xbias.b2b                        5.4347e-09
xs.xbias.vbn1                         0.774493
xs.xbias.ga                            2.42012
xs.xbias.vbp2                          2.30906
xs.xbias.gb                           0.774493
xs.vbn                                 1.05771
xs.xbias.gc                            2.30906
xs.vbp                                 2.05902
xs.xs1.nh                              1.55475
xs.y1                                        0
xs.y5                                        0
xs.xs1.nt                          1.52862e-26
xs.xs2.nh                                  3.3
xs.y2                                      3.3
xs.xs2.nt                           3.3813e-09
xs.xs3.nh                                  3.3
xs.y3                                        0
xs.xs3.nt                          -3.0808e-32
xs.xs4.nh                                  3.3
xs.y4                                      3.3
xs.xs4.nt                           3.3813e-09
xs.xs5.nh                                  3.3
xs.xs5.nt                          -3.0808e-32
xs.nb1                                     3.3
xs.nb2                             3.75871e-09
clks                                       3.3
xs.xcdec1.c_moscap_int1                   -3.3
xs.xcdec2.c_moscap_int1                   -3.3
nrd                                        3.3
nrp                                        3.3
ra                                         3.3
rb                                         3.3
rc                                         3.3
xr.xbias.na                           0.940667
xr.xbias.vbpc                          2.33139
xr.xbias.nc                           0.120618
xr.xbias.xrcg.11                      0.120389
xr.xbias.xrcg.21                   0.000228576
xr.xbias.nsu                         0.0130128
xr.xbias.vfix                          1.75603
xr.xbias.nmd                          0.755526
xr.xbias.vbp0                          2.42012
xr.xbias.noff                         0.765497
xr.xbias.xroff.11                     0.765243
xr.xbias.xroff.21                   0.00025373
xr.xbias.nvi                          0.797592
xr.xbias.xrdeg.11                     0.797328
xr.xbias.xrdeg.21                  0.000264368
xr.xbias.b0b                        5.4347e-09
xr.xbias.b1b                        5.4347e-09
xr.xbias.b2b                        5.4347e-09
xr.xbias.vbn1                         0.774493
xr.xbias.ga                            2.42012
xr.xbias.vbp2                          2.30906
xr.xbias.gb                           0.774493
xr.vbn                                 1.05771
xr.xbias.gc                            2.30906
xr.vbp                                 2.05902
xr.xs1.nh                              1.55475
xr.y1                                        0
xr.y5                                        0
xr.xs1.nt                          3.28239e-26
xr.xs2.nh                                  3.3
xr.y2                                      3.3
xr.xs2.nt                           3.3813e-09
xr.xs3.nh                                  3.3
xr.y3                                        0
xr.xs3.nt                          -3.0808e-32
xr.xs4.nh                                  3.3
xr.y4                                      3.3
xr.xs4.nt                           3.3813e-09
xr.xs5.nh                                  3.3
xr.xs5.nt                          -3.0808e-32
xr.nb1                                     3.3
xr.nb2                             3.75871e-09
clkr                                       3.3
xr.xcdec1.c_moscap_int1                   -3.3
xr.xcdec2.c_moscap_int1                   -3.3
e.xr.xcdec2.ec_moscap#branch                 0
e.xr.xcdec1.ec_moscap#branch                 0
e.xs.xcdec2.ec_moscap#branch                 0
e.xs.xcdec1.ec_moscap#branch                 0
e.xq.xcdec2.ec_moscap#branch                 0
e.xq.xcdec1.ec_moscap#branch                 0
erc#branch                                   0
erb#branch                                   0
era#branch                                   0
esc#branch                                   0
esb#branch                                   0
esa#branch                                   0
eqc#branch                                   0
eqb#branch                                   0
eqa#branch                                   0
vrp#branch                        -0.000290115
vrd#branch                        -0.000290115
vst#branch                        -0.000290115
vsd#branch                        -0.000290115
vq#branch                         -0.000290115
vc#branch                                    0


No. of Data Rows : 16359
Note: Simulation executed from .control section 

